8k7z,8K7Z_A,100.000,172,0,0,1,172,2,173,1.03e-99,296,100.00
3v45,3V45_A,100.000,166,0,0,1,166,2,167,3.54e-113,329,100.00
3v45,4ETJ_A,99.398,166,1,0,1,166,2,167,3.14e-112,327,99.40
3v45,4ESS_A,98.795,166,2,0,1,166,2,167,1.44e-111,325,99.40
3v45,4GVV_A,96.386,166,6,0,1,166,2,167,5.77e-109,318,96.99
3v45,4ETK_A,97.590,166,4,0,1,166,2,167,1.23e-108,317,97.59
3v45,4JGK_A,96.386,166,6,0,1,166,2,167,4.35e-108,316,96.99
3v45,4J4Z_A,95.783,166,7,0,1,166,2,167,3.03e-107,314,96.39
3v45,4KYB_A,95.783,166,7,0,1,166,2,167,4.31e-107,313,96.39
3v45,4JCA_A,95.783,166,7,0,1,166,2,167,7.70e-107,313,96.39
3v45,4K0C_A,95.181,166,8,0,1,166,2,167,2.23e-106,311,96.39
3v45,4JVV_A,94.904,157,8,0,1,157,2,158,2.13e-97,289,95.54
3v45,WP_008630908.1,90.506,158,15,0,1,158,2,159,8.92e-91,272,91.14
3v45,WP_201351098.1,89.873,158,16,0,1,158,2,159,2.29e-90,271,91.14
3v45,WP_353300267.1,89.873,158,16,0,1,158,2,159,2.45e-90,271,91.14
3v45,WP_143584507.1,89.873,158,16,0,1,158,2,159,2.45e-90,271,91.14
3v45,GAB2306473.1,89.873,158,16,0,1,158,2,159,3.01e-90,271,90.51
3v45,WP_060384773.1,89.873,158,16,0,1,158,2,159,5.21e-90,270,90.51
3v45,WP_223903238.1,89.873,158,16,0,1,158,2,159,1.38e-89,269,90.51
3v45,2DX6_A,89.873,158,16,0,1,158,2,159,2.47e-89,268,90.51
3v45,WP_188848180.1,88.608,158,18,0,1,158,2,159,5.57e-89,268,90.51
3v45,WP_093008162.1,88.608,158,18,0,1,158,2,159,1.60e-87,264,89.87
3v45,WP_347241884.1,86.709,158,21,0,1,158,2,159,6.94e-87,262,89.87
3v45,WP_071676590.1,86.709,158,21,0,1,158,2,159,2.19e-86,261,88.61
3v45,WP_022797317.1,86.076,158,22,0,1,158,2,159,3.55e-86,260,89.87
3v45,WP_234507536.1,86.709,158,21,0,1,158,2,159,4.24e-86,260,88.61
3v45,WP_353512997.1,85.443,158,23,0,1,158,2,159,7.91e-86,259,88.61
3v45,WP_314132561.1,86.076,158,22,0,1,158,2,159,9.43e-86,259,89.87
3v45,WP_053767050.1,86.076,158,22,0,1,158,2,159,2.22e-85,258,89.24
3v45,WP_060474030.1,85.443,158,23,0,1,158,2,159,6.22e-85,257,89.24
3v45,WP_126212215.1,84.810,158,24,0,1,158,2,159,1.03e-83,254,88.61
3v45,WP_117238124.1,84.177,158,25,0,1,158,2,159,1.88e-83,253,87.97
3v45,WP_126218599.1,84.810,158,24,0,1,158,2,159,3.88e-83,253,87.97
3v45,WP_126204048.1,84.177,158,25,0,1,158,2,159,4.38e-83,253,87.97
3v45,WP_019551222.1,84.177,158,25,0,1,158,2,159,4.57e-83,253,88.61
3v45,WP_234558447.1,84.177,158,25,0,1,158,2,159,4.67e-83,253,89.24
3v45,WP_279165459.1,84.177,158,25,0,1,158,2,159,4.83e-83,253,87.97
3v45,MFN4071606.1,83.544,158,26,0,1,158,2,159,6.56e-83,252,89.87
3v45,WP_039459675.1,83.544,158,26,0,1,158,2,159,1.02e-82,251,88.61
3v45,WP_126209327.1,84.177,158,25,0,1,158,2,159,1.31e-82,251,87.97
3v45,WP_243095472.1,83.544,158,26,0,1,158,2,159,1.90e-82,251,87.97
3v45,WP_234555219.1,83.544,158,26,0,1,158,2,159,2.61e-82,251,88.61
3v45,WP_219759979.1,82.911,158,27,0,1,158,2,159,2.64e-82,251,89.24
3v45,WP_126170672.1,84.177,158,25,0,1,158,2,159,4.93e-82,250,87.34
3v45,WP_243030114.1,82.911,158,27,0,1,158,2,159,6.01e-82,249,89.24
3v45,WP_135343234.1,82.911,158,27,0,1,158,2,159,6.63e-82,249,88.61
3v45,WP_028494310.1,82.911,158,27,0,1,158,2,159,6.93e-82,249,88.61
3v45,WP_015716558.1,82.278,158,28,0,1,158,2,159,8.92e-82,249,89.24
3v45,MDM7324843.1,82.911,158,27,0,1,158,2,159,1.31e-81,249,87.34
3v45,WP_114313858.1,82.278,158,28,0,1,158,2,159,1.35e-81,249,89.24
3v45,WP_038068438.1,81.646,158,29,0,1,158,2,159,3.01e-81,248,88.61
3v45,WP_135257813.1,82.911,158,27,0,1,158,2,159,5.32e-81,247,87.34
3v45,WP_038043093.1,82.278,158,28,0,1,158,2,159,6.07e-81,247,87.97
3v45,WP_243091188.1,82.278,158,28,0,1,158,2,159,7.64e-81,247,88.61
3v45,WP_243028612.1,82.278,158,28,0,1,158,2,159,9.01e-81,247,87.97
3v45,WP_414425221.1,82.911,158,27,0,1,158,2,159,1.25e-80,246,87.97
3v45,WP_038056054.1,82.278,158,28,0,1,158,2,159,1.28e-80,246,87.97
3v45,WP_409604641.1,81.646,158,29,0,1,158,2,159,1.72e-80,246,88.61
3v45,WP_018110587.1,82.278,158,28,0,1,158,2,159,4.00e-80,245,88.61
3v45,WP_038045400.1,82.278,158,28,0,1,158,2,159,9.10e-80,244,86.71
3v45,WP_038062860.1,79.747,158,32,0,1,158,2,159,1.41e-79,244,86.71
3v45,WP_105317325.1,81.013,158,30,0,1,158,2,159,2.12e-79,243,87.97
3v45,WP_126165251.1,81.013,158,30,0,1,158,2,159,2.21e-79,243,87.34
3v45,WP_337844511.1,81.013,158,30,0,1,158,2,159,3.25e-79,243,87.97
3v45,MFN3180247.1,87.324,142,18,0,1,142,2,143,8.20e-79,241,92.96
3v45,WP_018461090.1,79.747,158,32,0,1,158,2,159,1.46e-78,241,87.97
3v45,WP_413217329.1,79.747,158,32,0,1,158,2,159,1.74e-78,241,87.97
3v45,WP_295425700.1,80.380,158,31,0,1,158,2,159,3.43e-78,240,86.08
3v45,WP_014516247.1,80.380,158,31,0,1,158,2,159,9.81e-78,239,85.44
3v45,WP_016328512.1,79.114,158,33,0,1,158,2,159,2.36e-77,238,87.34
3v45,MEN2982899.1,79.747,158,32,0,1,158,2,159,5.85e-77,237,85.44
3v45,WP_130842668.1,79.114,158,33,0,1,158,2,159,7.44e-76,234,85.44
3v45,MER3451879.1,79.114,158,33,0,1,158,2,159,1.69e-75,233,84.81
3v45,WP_013704823.1,75.316,158,39,0,1,158,2,159,2.64e-73,228,83.54
3v45,WP_110525491.1,75.316,158,39,0,1,158,2,159,5.26e-72,224,82.28
3v45,MBI5813881.1,73.418,158,42,0,1,158,2,159,2.16e-71,223,82.91
3v45,MCL6569308.1,74.684,158,40,0,1,158,3,160,2.31e-71,223,83.54
3v45,HFB38806.1,75.316,158,39,0,1,158,2,159,3.42e-71,223,80.38
3v45,WP_013156607.1,72.785,158,43,0,1,158,2,159,1.27e-70,221,82.91
3v45,WP_276954862.1,72.785,158,43,0,1,158,2,159,3.16e-70,220,81.65
3v45,HEU4743555.1,71.519,158,45,0,1,158,2,159,8.18e-69,216,81.01
3v45,MER3425767.1,81.119,143,27,0,16,158,1,143,6.13e-68,214,84.62
3v45,MER3481014.1,69.620,158,48,0,1,158,2,159,1.54e-67,213,81.65
3v45,MER3554883.1,71.519,158,45,0,1,158,2,159,1.39e-66,211,78.48
3v45,MCL6527125.1,71.069,159,44,2,1,158,2,159,7.49e-65,206,81.13
3v45,WP_119357463.1,71.069,159,44,2,1,158,2,159,1.05e-64,206,81.13
3v45,WP_293180009.1,69.620,158,48,0,1,158,2,159,1.43e-64,206,78.48
3v45,WP_293172900.1,68.987,158,49,0,1,158,2,159,2.26e-64,205,78.48
3v45,RDI94764.1,70.000,160,48,0,1,160,2,161,2.27e-64,206,79.38
3v45,WP_013458586.1,68.987,158,49,0,1,158,2,159,2.39e-64,205,78.48
3v45,WP_119277008.1,68.354,158,50,0,1,158,2,159,2.64e-64,205,79.11
3v45,WP_147148498.1,69.620,158,48,0,1,158,2,159,6.69e-64,204,78.48
3v45,XOB98250.1,68.987,158,49,0,1,158,2,159,1.49e-63,203,77.85
3v45,WP_287409867.1,67.722,158,51,0,1,158,2,159,2.38e-63,202,79.11
3v45,WP_287371630.1,67.722,158,51,0,1,158,2,159,4.90e-63,202,78.48
3v45,HHQ42520.1,67.722,158,51,0,1,158,2,159,1.43e-62,201,77.85
3v45,WP_295398712.1,65.031,163,56,1,1,163,2,163,3.11e-62,200,77.30
3v45,WP_119339664.1,67.089,158,52,0,1,158,2,159,3.40e-62,200,77.85
3v45,WP_297854435.1,64.417,163,57,1,1,163,2,163,2.18e-61,198,77.30
3v45,WP_208014762.1,65.839,161,54,1,1,161,2,161,4.21e-61,197,77.02
3v45,MBF6595164.1,70.253,158,47,0,1,158,2,159,5.08e-61,197,79.75
4kyb,4KYB_A,100.000,163,0,0,1,163,2,164,1.72e-111,325,100.00
4kyb,4ESS_A,96.933,163,5,0,1,163,2,164,5.73e-106,310,96.93
4kyb,4K0C_A,96.933,163,5,0,1,163,2,164,3.14e-104,306,96.93
4kyb,3V45_A,95.706,163,7,0,1,163,2,164,3.58e-104,306,96.32
4kyb,4ETJ_A,95.706,163,7,0,1,163,2,164,7.39e-104,305,95.71
4kyb,4JCA_A,95.706,163,7,0,1,163,2,164,2.24e-103,304,95.71
4kyb,4GVV_A,95.706,163,7,0,1,163,2,164,3.22e-103,303,95.71
4kyb,4JGK_A,95.706,163,7,0,1,163,2,164,2.01e-102,301,95.71
4kyb,4J4Z_A,95.092,163,8,0,1,163,2,164,3.97e-102,301,95.09
4kyb,4ETK_A,95.092,163,8,0,1,163,2,164,5.05e-102,301,95.09
4kyb,4JVV_A,94.904,157,8,0,1,157,2,158,2.07e-96,286,94.90
4kyb,WP_008630908.1,89.172,157,17,0,1,157,2,158,1.19e-87,264,90.45
4kyb,WP_201351098.1,88.535,157,18,0,1,157,2,158,2.62e-87,263,90.45
4kyb,WP_353300267.1,88.535,157,18,0,1,157,2,158,3.72e-87,263,90.45
4kyb,WP_143584507.1,88.535,157,18,0,1,157,2,158,3.72e-87,263,90.45
4kyb,GAB2306473.1,88.535,157,18,0,1,157,2,158,4.73e-87,263,89.81
4kyb,WP_060384773.1,88.535,157,18,0,1,157,2,158,5.00e-87,262,89.81
4kyb,WP_223903238.1,88.535,157,18,0,1,157,2,158,2.08e-86,261,89.81
4kyb,2DX6_A,88.535,157,18,0,1,157,2,158,2.12e-86,261,89.81
4kyb,WP_188848180.1,87.898,157,19,0,1,157,2,158,2.67e-86,261,89.81
4kyb,WP_093008162.1,87.261,157,20,0,1,157,2,158,1.51e-84,256,89.17
4kyb,WP_347241884.1,85.350,157,23,0,1,157,2,158,6.36e-84,254,89.17
4kyb,WP_071676590.1,85.350,157,23,0,1,157,2,158,1.74e-83,253,87.90
4kyb,WP_234507536.1,85.350,157,23,0,1,157,2,158,6.09e-83,252,87.90
4kyb,WP_022797317.1,84.713,157,24,0,1,157,2,158,6.50e-83,252,89.17
4kyb,WP_314132561.1,84.713,157,24,0,1,157,2,158,6.64e-83,252,89.17
4kyb,WP_353512997.1,84.076,157,25,0,1,157,2,158,1.09e-82,251,87.90
4kyb,WP_053767050.1,84.713,157,24,0,1,157,2,158,1.56e-82,251,88.54
4kyb,WP_060474030.1,84.076,157,25,0,1,157,2,158,4.10e-82,250,88.54
4kyb,WP_117238124.1,82.803,157,27,0,1,157,2,158,1.04e-80,246,87.26
4kyb,WP_126212215.1,83.439,157,26,0,1,157,2,158,1.14e-80,246,87.90
4kyb,WP_126204048.1,82.803,157,27,0,1,157,2,158,4.23e-80,245,87.26
4kyb,WP_279165459.1,83.333,156,26,0,1,156,2,157,4.37e-80,245,87.82
4kyb,WP_019551222.1,82.803,157,27,0,1,157,2,158,5.04e-80,244,87.90
4kyb,WP_234558447.1,82.803,157,27,0,1,157,2,158,5.45e-80,244,88.54
4kyb,WP_126218599.1,83.439,157,26,0,1,157,2,158,5.45e-80,244,87.26
4kyb,WP_039459675.1,82.166,157,28,0,1,157,2,158,1.01e-79,244,87.90
4kyb,MFN4071606.1,82.166,157,28,0,1,157,2,158,1.63e-79,243,88.54
4kyb,WP_126209327.1,82.803,157,27,0,1,157,2,158,1.67e-79,243,87.26
4kyb,WP_243095472.1,82.166,157,28,0,1,157,2,158,1.80e-79,243,87.26
4kyb,WP_234555219.1,82.166,157,28,0,1,157,2,158,2.29e-79,243,87.90
4kyb,WP_219759979.1,81.529,157,29,0,1,157,2,158,3.08e-79,243,88.54
4kyb,WP_243030114.1,81.529,157,29,0,1,157,2,158,3.55e-79,243,88.54
4kyb,WP_126170672.1,82.803,157,27,0,1,157,2,158,5.50e-79,242,86.62
4kyb,WP_135343234.1,81.529,157,29,0,1,157,2,158,7.56e-79,242,87.90
4kyb,WP_028494310.1,81.529,157,29,0,1,157,2,158,8.91e-79,241,87.90
4kyb,WP_015716558.1,80.892,157,30,0,1,157,2,158,1.01e-78,241,88.54
4kyb,MDM7324843.1,81.529,157,29,0,1,157,2,158,1.10e-78,241,86.62
4kyb,WP_114313858.1,80.892,157,30,0,1,157,2,158,1.94e-78,241,88.54
4kyb,WP_414425221.1,81.529,157,29,0,1,157,2,158,2.55e-78,240,87.26
4kyb,WP_038068438.1,80.255,157,31,0,1,157,2,158,4.13e-78,240,87.90
4kyb,WP_243028612.1,80.892,157,30,0,1,157,2,158,5.15e-78,239,87.26
4kyb,WP_243091188.1,80.892,157,30,0,1,157,2,158,5.20e-78,239,87.90
4kyb,WP_038043093.1,80.892,157,30,0,1,157,2,158,6.55e-78,239,87.26
4kyb,WP_135257813.1,81.529,157,29,0,1,157,2,158,7.64e-78,239,86.62
4kyb,WP_038056054.1,80.892,157,30,0,1,157,2,158,1.32e-77,239,87.26
4kyb,WP_409604641.1,80.255,157,31,0,1,157,2,158,1.40e-77,238,87.90
4kyb,WP_018110587.1,80.892,157,30,0,1,157,2,158,2.31e-77,238,87.90
4kyb,WP_038045400.1,80.892,157,30,0,1,157,2,158,9.09e-77,236,85.99
4kyb,WP_126165251.1,79.618,157,32,0,1,157,2,158,9.50e-77,236,86.62
4kyb,WP_038062860.1,78.344,157,34,0,1,157,2,158,1.12e-76,236,85.99
4kyb,WP_337844511.1,80.255,157,31,0,1,157,2,158,1.21e-76,236,87.26
4kyb,WP_105317325.1,79.618,157,32,0,1,157,2,158,1.39e-76,236,87.26
4kyb,MFN3180247.1,85.915,142,20,0,1,142,2,143,1.48e-76,236,92.25
4kyb,WP_018461090.1,78.981,157,33,0,1,157,2,158,5.49e-76,234,87.26
4kyb,WP_413217329.1,78.981,157,33,0,1,157,2,158,6.33e-76,234,87.26
4kyb,WP_295425700.1,78.981,157,33,0,1,157,2,158,2.84e-75,233,85.35
4kyb,WP_014516247.1,78.981,157,33,0,1,157,2,158,7.69e-75,231,84.71
4kyb,WP_016328512.1,78.344,157,34,0,1,157,2,158,1.19e-74,231,86.62
4kyb,MEN2982899.1,78.344,157,34,0,1,157,2,158,4.30e-74,229,84.71
4kyb,WP_130842668.1,77.707,157,35,0,1,157,2,158,4.89e-73,227,84.71
4kyb,MER3451879.1,83.099,142,24,0,1,142,2,143,6.30e-73,227,89.44
4kyb,WP_013704823.1,73.885,157,41,0,1,157,2,158,1.54e-70,221,82.80
4kyb,WP_110525491.1,73.885,157,41,0,1,157,2,158,3.27e-69,217,81.53
4kyb,MBI5813881.1,71.975,157,44,0,1,157,2,158,8.77e-69,216,82.17
4kyb,MCL6569308.1,73.248,157,42,0,1,157,3,159,1.64e-68,216,82.80
4kyb,HFB38806.1,73.885,157,41,0,1,157,2,158,3.89e-68,214,79.62
4kyb,WP_013156607.1,71.338,157,45,0,1,157,2,158,4.95e-68,214,82.17
4kyb,WP_276954862.1,71.338,157,45,0,1,157,2,158,1.31e-67,213,80.89
4kyb,HEU4743555.1,70.064,157,47,0,1,157,2,158,5.14e-66,209,80.25
4kyb,MER3425767.1,85.827,127,18,0,16,142,1,127,2.14e-65,207,89.76
4kyb,MER3481014.1,68.153,157,50,0,1,157,2,158,8.12e-65,206,80.89
4kyb,MER3554883.1,70.064,157,47,0,1,157,2,158,9.02e-64,204,77.07
4kyb,MCL6527125.1,68.790,157,49,0,1,157,2,158,1.11e-62,201,77.71
4kyb,WP_013458586.1,68.153,157,50,0,1,157,2,158,1.72e-62,200,78.34
4kyb,WP_119277008.1,67.742,155,50,0,1,155,2,156,4.25e-62,199,78.71
4kyb,WP_293180009.1,68.790,157,49,0,1,157,2,158,6.45e-62,199,77.71
4kyb,WP_119357463.1,67.925,159,50,1,1,159,2,159,7.68e-62,199,78.62
4kyb,WP_293172900.1,68.153,157,50,0,1,157,2,158,1.13e-61,198,77.71
4kyb,WP_147148498.1,68.790,157,49,0,1,157,2,158,3.05e-61,197,77.71
4kyb,XOB98250.1,68.153,157,50,0,1,157,2,158,4.10e-61,197,77.07
4kyb,RDI94764.1,69.677,155,47,0,1,155,2,156,4.37e-61,197,79.35
4kyb,WP_287409867.1,66.879,157,52,0,1,157,2,158,1.19e-60,196,78.34
4kyb,WP_287371630.1,66.879,157,52,0,1,157,2,158,2.34e-60,195,77.71
4kyb,WP_295398712.1,63.804,163,58,1,1,163,2,163,2.81e-60,195,75.46
4kyb,HHQ42520.1,66.879,157,52,0,1,157,2,158,6.61e-60,194,77.07
4kyb,WP_208014762.1,64.596,161,56,1,1,161,2,161,1.45e-59,193,75.16
4kyb,WP_119339664.1,65.605,157,54,0,1,157,2,158,2.17e-59,192,76.43
4kyb,WP_297854435.1,63.190,163,59,1,1,163,2,163,2.64e-59,192,76.07
4kyb,MBF6595164.1,68.790,157,49,0,1,157,2,158,9.03e-59,191,78.34
4k0c,4K0C_A,99.375,160,1,0,1,160,2,161,2.86e-107,314,99.38
4k0c,4ESS_A,96.875,160,5,0,1,160,2,161,1.01e-103,305,97.50
4k0c,4KYB_A,97.500,160,4,0,1,160,2,161,1.80e-102,301,97.50
4k0c,3V45_A,95.625,160,7,0,1,160,2,161,7.99e-102,300,96.88
4k0c,4ETJ_A,95.625,160,7,0,1,160,2,161,1.20e-101,300,96.25
4k0c,4JCA_A,95.625,160,7,0,1,160,2,161,3.92e-101,298,95.62
4k0c,4JGK_A,95.625,160,7,0,1,160,2,161,9.43e-101,297,96.25
4k0c,4GVV_A,95.625,160,7,0,1,160,2,161,1.19e-100,297,95.62
4k0c,4J4Z_A,95.000,160,8,0,1,160,2,161,8.75e-100,295,95.00
4k0c,4ETK_A,95.000,160,8,0,1,160,2,161,8.29e-99,292,95.00
4k0c,4JVV_A,94.904,157,8,0,1,157,2,158,2.35e-97,288,94.90
4k0c,WP_008630908.1,89.172,157,17,0,1,157,2,158,1.80e-88,266,91.08
4k0c,WP_201351098.1,88.535,157,18,0,1,157,2,158,4.28e-88,265,91.08
4k0c,WP_353300267.1,88.535,157,18,0,1,157,2,158,6.57e-88,265,91.08
4k0c,WP_143584507.1,88.535,157,18,0,1,157,2,158,6.57e-88,265,91.08
4k0c,GAB2306473.1,88.535,157,18,0,1,157,2,158,7.10e-88,265,90.45
4k0c,WP_060384773.1,88.535,157,18,0,1,157,2,158,9.44e-88,264,90.45
4k0c,WP_188848180.1,88.535,157,18,0,1,157,2,158,1.36e-87,264,90.45
4k0c,WP_223903238.1,88.535,157,18,0,1,157,2,158,2.83e-87,263,90.45
4k0c,2DX6_A,88.535,157,18,0,1,157,2,158,5.11e-87,262,90.45
4k0c,WP_093008162.1,87.261,157,20,0,1,157,2,158,1.36e-85,259,89.81
4k0c,WP_347241884.1,85.350,157,23,0,1,157,2,158,1.13e-84,256,89.81
4k0c,WP_071676590.1,85.350,157,23,0,1,157,2,158,4.06e-84,255,88.54
4k0c,WP_234507536.1,85.350,157,23,0,1,157,2,158,8.28e-84,254,88.54
4k0c,WP_022797317.1,84.713,157,24,0,1,157,2,158,1.26e-83,254,89.81
4k0c,WP_353512997.1,84.076,157,25,0,1,157,2,158,1.63e-83,253,88.54
4k0c,WP_314132561.1,84.713,157,24,0,1,157,2,158,1.84e-83,253,89.81
4k0c,WP_053767050.1,84.713,157,24,0,1,157,2,158,3.52e-83,253,89.17
4k0c,WP_060474030.1,84.076,157,25,0,1,157,2,158,8.84e-83,251,89.17
4k0c,WP_126212215.1,83.439,157,26,0,1,157,2,158,2.12e-81,248,88.54
4k0c,WP_117238124.1,82.803,157,27,0,1,157,2,158,2.45e-81,248,87.90
4k0c,WP_279165459.1,83.333,156,26,0,1,156,2,157,7.75e-81,246,88.46
4k0c,WP_126204048.1,82.803,157,27,0,1,157,2,158,8.01e-81,246,87.90
4k0c,WP_126218599.1,83.439,157,26,0,1,157,2,158,8.09e-81,246,87.90
4k0c,WP_234558447.1,82.803,157,27,0,1,157,2,158,8.64e-81,246,89.17
4k0c,WP_019551222.1,82.803,157,27,0,1,157,2,158,9.03e-81,246,88.54
4k0c,WP_039459675.1,82.166,157,28,0,1,157,2,158,9.97e-81,246,88.54
4k0c,WP_243095472.1,82.166,157,28,0,1,157,2,158,2.24e-80,245,87.90
4k0c,WP_234555219.1,82.166,157,28,0,1,157,2,158,2.53e-80,245,88.54
4k0c,WP_126209327.1,82.803,157,27,0,1,157,2,158,2.67e-80,245,87.90
4k0c,MFN4071606.1,82.166,157,28,0,1,157,2,158,2.73e-80,245,89.17
4k0c,WP_243030114.1,81.529,157,29,0,1,157,2,158,4.78e-80,244,89.17
4k0c,WP_219759979.1,81.529,157,29,0,1,157,2,158,5.28e-80,244,89.17
4k0c,WP_126170672.1,82.803,157,27,0,1,157,2,158,8.74e-80,244,87.26
4k0c,MDM7324843.1,81.529,157,29,0,1,157,2,158,1.23e-79,244,87.26
4k0c,WP_135343234.1,81.529,157,29,0,1,157,2,158,1.32e-79,243,88.54
4k0c,WP_028494310.1,81.529,157,29,0,1,157,2,158,1.82e-79,243,88.54
4k0c,WP_015716558.1,80.892,157,30,0,1,157,2,158,1.88e-79,243,89.17
4k0c,WP_414425221.1,81.529,157,29,0,1,157,2,158,2.98e-79,243,87.90
4k0c,WP_114313858.1,80.892,157,30,0,1,157,2,158,3.29e-79,243,89.17
4k0c,WP_135257813.1,81.529,157,29,0,1,157,2,158,6.42e-79,242,87.26
4k0c,WP_038068438.1,80.255,157,31,0,1,157,2,158,6.64e-79,242,88.54
4k0c,WP_243091188.1,80.892,157,30,0,1,157,2,158,6.86e-79,242,88.54
4k0c,WP_243028612.1,80.892,157,30,0,1,157,2,158,7.01e-79,242,87.90
4k0c,WP_038043093.1,80.892,157,30,0,1,157,2,158,1.15e-78,241,87.90
4k0c,WP_038056054.1,80.892,157,30,0,1,157,2,158,1.31e-78,241,87.90
4k0c,WP_018110587.1,80.892,157,30,0,1,157,2,158,1.49e-78,241,88.54
4k0c,WP_409604641.1,80.255,157,31,0,1,157,2,158,2.08e-78,240,88.54
4k0c,WP_337844511.1,80.892,157,30,0,1,157,2,158,5.75e-78,239,87.90
4k0c,WP_038045400.1,80.892,157,30,0,1,157,2,158,7.01e-78,239,86.62
4k0c,WP_038062860.1,78.344,157,34,0,1,157,2,158,1.61e-77,238,86.62
4k0c,WP_105317325.1,79.618,157,32,0,1,157,2,158,2.05e-77,238,87.90
4k0c,WP_126165251.1,79.618,157,32,0,1,157,2,158,2.17e-77,238,87.26
4k0c,WP_018461090.1,79.618,157,32,0,1,157,2,158,3.11e-77,238,87.90
4k0c,WP_413217329.1,79.618,157,32,0,1,157,2,158,3.32e-77,238,87.90
4k0c,MFN3180247.1,85.915,142,20,0,1,142,2,143,3.42e-77,237,92.96
4k0c,WP_295425700.1,78.981,157,33,0,1,157,2,158,6.69e-76,234,85.99
4k0c,WP_016328512.1,78.981,157,33,0,1,157,2,158,6.84e-76,234,87.26
4k0c,WP_014516247.1,78.981,157,33,0,1,157,2,158,1.83e-75,233,85.35
4k0c,MEN2982899.1,78.344,157,34,0,1,157,2,158,1.13e-74,231,85.35
4k0c,WP_130842668.1,77.707,157,35,0,1,157,2,158,5.42e-74,229,85.35
4k0c,MER3451879.1,77.707,157,35,0,1,157,2,158,6.46e-74,229,84.71
4k0c,WP_013704823.1,73.885,157,41,0,1,157,2,158,1.67e-71,223,83.44
4k0c,WP_110525491.1,73.885,157,41,0,1,157,2,158,6.63e-70,219,82.17
4k0c,MBI5813881.1,71.975,157,44,0,1,157,2,158,1.54e-69,218,82.80
4k0c,MCL6569308.1,73.248,157,42,0,1,157,3,159,3.95e-69,217,83.44
4k0c,HFB38806.1,73.885,157,41,0,1,157,2,158,4.98e-69,217,80.25
4k0c,WP_013156607.1,71.338,157,45,0,1,157,2,158,8.42e-69,216,82.80
4k0c,WP_276954862.1,71.338,157,45,0,1,157,2,158,2.66e-68,215,81.53
4k0c,HEU4743555.1,70.064,157,47,0,1,157,2,158,9.98e-67,211,80.89
4k0c,MER3425767.1,79.577,142,29,0,16,157,1,142,2.68e-66,209,84.51
4k0c,MER3481014.1,68.153,157,50,0,1,157,2,158,1.29e-65,208,81.53
4k0c,MER3554883.1,70.064,157,47,0,1,157,2,158,2.04e-64,205,77.71
4k0c,MCL6527125.1,68.790,157,49,0,1,157,2,158,1.00e-63,203,78.34
4k0c,WP_119277008.1,67.742,155,50,0,1,155,2,156,2.18e-63,202,79.35
4k0c,WP_293180009.1,68.790,157,49,0,1,157,2,158,2.99e-63,202,78.34
4k0c,WP_013458586.1,68.153,157,50,0,1,157,2,158,4.94e-63,201,78.34
4k0c,WP_293172900.1,68.153,157,50,0,1,157,2,158,6.50e-63,201,78.34
4k0c,WP_119357463.1,68.790,157,49,0,1,157,2,158,1.01e-62,201,77.71
4k0c,WP_147148498.1,68.790,157,49,0,1,157,2,158,1.37e-62,201,78.34
4k0c,XOB98250.1,68.153,157,50,0,1,157,2,158,1.53e-62,200,77.71
4k0c,WP_287409867.1,66.879,157,52,0,1,157,2,158,4.82e-62,199,78.98
4k0c,RDI94764.1,69.677,155,47,0,1,155,2,156,6.62e-62,199,80.00
4k0c,WP_287371630.1,66.879,157,52,0,1,157,2,158,1.12e-61,198,78.34
4k0c,HHQ42520.1,66.879,157,52,0,1,157,2,158,3.31e-61,197,77.71
4k0c,WP_295398712.1,65.385,156,54,0,1,156,2,157,5.77e-61,196,76.92
4k0c,WP_119339664.1,65.605,157,54,0,1,157,2,158,2.05e-60,195,77.07
4k0c,WP_208014762.1,64.744,156,55,0,1,156,2,157,5.50e-60,194,76.28
4k0c,WP_018467700.1,65.161,155,54,0,1,155,2,156,6.29e-60,194,78.06
4k0c,WP_297854435.1,64.744,156,55,0,1,156,2,157,7.22e-60,194,77.56
5dxv,5DXV_A,99.329,149,1,0,1,149,2,150,2.58e-104,305,99.33
5dxv,7MQP_A,69.101,178,7,3,2,149,2,161,1.36e-70,220,69.66
5dxv,7NAE_A,68.539,178,8,3,2,149,2,161,5.24e-70,219,69.66
5dxv,EFF2243736.1,68.182,176,8,3,2,147,2,159,1.84e-69,217,69.89
5dxv,HAX0008987.1,69.364,173,8,3,2,147,2,156,2.50e-69,217,70.52
5dxv,WP_064578924.1,68.182,176,8,3,2,147,2,159,2.65e-69,217,69.89
5dxv,2DRC_A,68.750,176,7,3,2,147,2,159,2.70e-69,217,69.32
5dxv,1DRE_A,68.750,176,7,3,2,147,2,159,3.05e-69,217,69.32
5dxv,WP_001644709.1,68.750,176,7,4,2,147,2,159,4.06e-69,216,69.89
5dxv,9KZ4_A,68.750,176,7,3,2,147,2,159,4.29e-69,216,69.32
5dxv,3QL0_A,68.000,175,11,2,2,147,2,160,4.38e-69,216,69.71
5dxv,WP_134687624.1,68.182,176,8,3,2,147,2,159,5.00e-69,216,69.32
5dxv,KAB2414511.1,68.750,176,7,4,2,147,2,159,5.05e-69,216,69.89
5dxv,WP_001552247.1,68.571,175,9,3,2,147,2,159,5.11e-69,216,69.71
5dxv,WP_367746267.1,68.182,176,8,4,2,147,2,159,5.57e-69,216,69.32
5dxv,ENH2178226.1,68.182,176,8,3,2,147,2,159,5.89e-69,216,69.32
5dxv,EHH5054721.1,68.182,176,8,3,2,147,2,159,5.89e-69,216,69.32
5dxv,WP_096845354.1,68.182,176,8,3,2,147,2,159,6.08e-69,216,69.32
5dxv,WP_201735978.1,68.182,176,8,3,2,147,2,159,6.08e-69,216,69.32
5dxv,WP_096695983.1,68.182,176,8,3,2,147,2,159,6.57e-69,216,69.32
5dxv,WP_225556289.1,68.182,176,8,3,2,147,2,159,7.02e-69,216,69.32
5dxv,HFX4783768.1,68.182,176,8,3,2,147,2,159,7.02e-69,216,69.32
5dxv,EIE7104530.1,68.182,176,8,3,2,147,2,159,7.02e-69,216,69.32
5dxv,WP_136762022.1,68.182,176,8,3,2,147,2,159,7.02e-69,216,69.32
5dxv,EGF8989572.1,68.182,176,8,3,2,147,2,159,7.02e-69,216,69.32
5dxv,HDX9437971.1,68.182,176,8,3,2,147,2,159,7.09e-69,216,69.32
5dxv,EHN9945472.1,68.182,176,8,3,2,147,2,159,7.25e-69,216,69.32
5dxv,ENJ9495475.1,68.182,176,8,3,2,147,2,159,7.49e-69,216,69.32
5dxv,HFG3962458.1,68.182,176,8,3,2,147,2,159,7.49e-69,216,69.32
5dxv,WP_241225868.1,68.182,176,8,3,2,147,2,159,7.58e-69,216,69.32
5dxv,EEQ6028677.1,68.182,176,8,3,2,147,2,159,7.58e-69,216,69.32
5dxv,WP_001397799.1,68.182,176,8,3,2,147,2,159,7.58e-69,216,69.32
5dxv,EGC93834.1,68.182,176,8,3,2,147,13,170,7.67e-69,216,69.32
5dxv,EHX2152283.1,68.182,176,8,3,2,147,2,159,7.74e-69,216,69.32
5dxv,EFN4571867.1,68.182,176,8,3,2,147,2,159,7.74e-69,216,69.32
5dxv,WP_097430020.1,68.182,176,8,3,2,147,2,159,7.91e-69,216,69.32
5dxv,WP_111986877.1,68.182,176,8,3,2,147,2,159,8.00e-69,216,69.32
5dxv,EFE4940026.1,68.182,176,8,3,2,147,2,159,8.00e-69,216,69.32
5dxv,EEC8048432.1,68.182,176,8,3,2,147,2,159,8.00e-69,216,69.32
5dxv,WP_258135996.1,68.182,176,8,3,2,147,2,159,8.27e-69,216,69.32
5dxv,HBE4685849.1,68.182,176,8,3,2,147,2,159,8.27e-69,216,69.32
5dxv,EFA7190413.1,68.182,176,8,3,2,147,2,159,8.27e-69,216,69.32
5dxv,WP_196612840.1,68.182,176,8,3,2,147,2,159,8.27e-69,216,69.32
5dxv,WP_097710766.1,68.182,176,8,3,2,147,2,159,8.27e-69,216,69.32
5dxv,HCL9302912.1,68.182,176,8,3,2,147,2,159,8.36e-69,216,69.32
5dxv,WP_096324296.1,68.182,176,8,3,2,147,2,159,8.36e-69,216,69.32
5dxv,EKP6445359.1,68.182,176,8,3,2,147,2,159,8.36e-69,216,69.32
5dxv,WP_086200770.1,68.182,176,8,3,2,147,2,159,8.64e-69,216,69.32
5dxv,WP_024257374.1,68.182,176,8,3,2,147,2,159,8.64e-69,216,69.32
5dxv,EFG3603597.1,68.182,176,8,3,2,147,2,159,8.73e-69,216,69.32
5dxv,EEW6959644.1,68.182,176,8,3,2,147,2,159,8.93e-69,216,69.32
5dxv,EOA0301743.1,68.182,176,8,3,2,147,2,159,8.93e-69,216,69.32
5dxv,EOT2474502.1,68.182,176,8,3,2,147,2,159,8.93e-69,216,69.32
5dxv,WP_125086139.1,68.182,176,8,3,2,147,2,159,8.93e-69,216,69.32
5dxv,WP_160192934.1,68.182,176,8,3,2,147,2,159,9.03e-69,216,69.32
5dxv,EJH6447143.1,68.182,176,8,3,2,147,2,159,9.03e-69,216,69.32
5dxv,WP_112909312.1,68.182,176,8,3,2,147,2,159,9.03e-69,216,69.32
5dxv,EIP8284369.1,67.614,176,9,3,2,147,2,159,9.13e-69,216,69.89
5dxv,WP_000624375.1,68.182,176,8,3,2,147,2,159,9.13e-69,216,69.32
5dxv,9C87_S,68.362,177,8,3,1,147,14,172,9.38e-69,218,68.93
5dxv,WP_230027953.1,68.182,176,8,3,2,147,2,159,9.43e-69,216,69.32
5dxv,HAO6728729.1,68.182,176,8,3,2,147,2,159,9.54e-69,216,69.32
5dxv,WP_130562263.1,68.182,176,8,3,2,147,2,159,9.54e-69,216,69.32
5dxv,WP_001445796.1,68.182,176,8,3,2,147,2,159,9.75e-69,216,69.32
5dxv,HBE2913320.1,68.182,176,8,3,2,147,2,159,9.96e-69,216,69.32
5dxv,WP_059342386.1,68.182,176,8,3,2,147,2,159,9.96e-69,216,69.32
5dxv,WP_203116610.1,68.182,176,8,3,2,147,2,159,9.96e-69,216,69.32
5dxv,EHH8762285.1,68.182,176,8,3,2,147,2,159,1.02e-68,216,69.32
5dxv,1TDR_A,68.182,176,8,3,2,147,2,159,1.05e-68,215,69.32
5dxv,ENA7156508.1,68.182,176,8,3,2,147,2,159,1.05e-68,215,69.32
5dxv,9DAQ_A,68.182,176,8,3,2,147,4,161,1.05e-68,216,69.32
5dxv,OAF38847.1,68.182,176,8,3,2,147,9,166,1.08e-68,216,69.32
5dxv,WP_152917042.1,68.182,176,8,3,2,147,2,159,1.09e-68,215,69.32
5dxv,WP_024217168.1,68.182,176,8,3,2,147,2,159,1.09e-68,216,69.32
5dxv,WP_249563693.1,68.182,176,8,3,2,147,2,159,1.11e-68,215,69.32
5dxv,6CQA_A,68.182,176,8,3,2,147,2,159,1.11e-68,216,69.32
5dxv,1DRA_A,68.182,176,8,3,2,147,2,159,1.14e-68,215,69.32
5dxv,WP_001442976.1,68.182,176,8,3,2,147,2,159,1.15e-68,215,69.32
5dxv,WP_053005997.1,68.571,175,9,3,2,147,2,159,1.16e-68,215,69.14
5dxv,WP_063615054.1,68.182,176,8,3,2,147,2,159,1.16e-68,215,69.32
5dxv,EEU9787541.1,68.182,176,8,3,2,147,2,159,1.17e-68,215,69.32
5dxv,EGD9698952.1,68.182,176,8,3,2,147,2,159,1.19e-68,215,69.32
5dxv,WP_072665028.1,68.182,176,8,3,2,147,2,159,1.19e-68,215,69.32
5dxv,1DHJ_A,68.182,176,8,3,2,147,2,159,1.21e-68,215,68.75
5dxv,WP_001713904.1,68.182,176,8,3,2,147,2,159,1.23e-68,215,69.32
5dxv,EKU6320017.1,68.182,176,8,3,2,147,2,159,1.24e-68,215,69.32
5dxv,WP_204673701.1,68.182,176,8,3,2,147,2,159,1.25e-68,215,69.32
5dxv,5UIO_A,68.182,176,8,3,2,147,3,160,1.26e-68,216,69.32
5dxv,5UIH_A,68.182,176,8,3,2,147,2,159,1.27e-68,216,69.32
5dxv,EGL8657018.1,67.429,175,11,2,2,147,2,159,1.30e-68,215,69.14
5dxv,EFV8047834.1,68.182,176,8,4,2,147,2,159,1.30e-68,215,69.89
5dxv,4X5F_A,68.182,176,8,3,2,147,5,162,1.31e-68,215,69.32
5dxv,EEU9535017.1,68.182,176,8,4,2,147,2,159,1.35e-68,215,69.32
5dxv,EGQ4574134.1,68.182,176,8,3,2,147,2,159,1.38e-68,215,69.32
5dxv,WP_261631351.1,68.182,176,8,3,2,147,2,159,1.38e-68,215,69.32
5dxv,WP_193802736.1,68.182,176,8,3,2,147,2,159,1.38e-68,215,69.32
5dxv,HGV1441110.1,67.429,175,11,2,2,147,2,159,1.40e-68,215,69.14
5dxv,SRI35138.1,68.182,176,8,3,2,147,39,196,1.41e-68,216,69.32
5dxv,HCU0245654.1,67.614,176,9,3,2,147,2,159,1.41e-68,215,69.32
5dxv,EFN9726317.1,68.182,176,8,3,2,147,2,159,1.41e-68,215,69.32
8c66,8ADX_A,100.000,169,0,0,1,169,24,192,4.53e-124,357,100.00
8c66,WP_377390449.1,86.905,168,22,0,2,169,5,172,4.90e-109,319,94.05
8c66,WP_319486319.1,84.524,168,26,0,2,169,5,172,1.14e-107,315,94.64
8c66,WP_305884113.1,85.714,168,24,0,2,169,5,172,4.17e-107,314,92.26
8c66,WP_319496507.1,83.929,168,27,0,2,169,5,172,1.23e-106,313,94.05
8c66,WP_209593612.1,84.524,168,26,0,2,169,5,172,1.85e-105,310,92.26
8c66,WP_116683141.1,85.714,168,24,0,2,169,5,172,2.05e-105,310,90.48
8c66,MDE1149455.1,84.615,169,26,0,1,169,4,172,4.98e-105,308,91.72
8c66,WP_160830812.1,82.738,168,29,0,2,169,5,172,8.71e-105,308,92.86
8c66,WP_252192693.1,82.143,168,30,0,2,169,5,172,2.05e-104,307,91.67
8c66,WP_392410511.1,81.548,168,31,0,2,169,5,172,2.64e-104,307,92.86
8c66,WP_163138848.1,85.714,168,24,0,2,169,5,172,4.77e-104,306,92.86
8c66,WP_103272806.1,80.952,168,32,0,2,169,5,172,5.87e-104,306,92.86
8c66,WP_150351245.1,83.333,168,28,0,2,169,5,172,1.13e-103,305,91.67
8c66,WP_301846425.1,82.738,168,29,0,2,169,5,172,1.84e-103,305,91.67
8c66,WP_076574304.1,81.548,168,31,0,2,169,5,172,2.82e-103,304,91.67
8c66,WP_326493818.1,80.952,168,32,0,2,169,5,172,3.88e-103,304,92.26
8c66,WP_136165075.1,81.065,169,32,0,1,169,4,172,1.20e-102,303,90.53
8c66,WP_201079985.1,80.952,168,32,0,2,169,5,172,2.29e-102,302,89.88
8c66,WP_330218345.1,80.357,168,33,0,2,169,23,190,2.36e-102,303,91.67
8c66,WP_012334964.1,80.357,168,33,0,2,169,5,172,2.59e-102,302,91.67
8c66,WP_340649435.1,81.548,168,31,0,2,169,5,172,7.83e-102,300,91.07
8c66,WP_085685770.1,80.357,168,33,0,2,169,5,172,8.83e-102,300,92.26
8c66,WP_379655532.1,81.548,168,31,0,2,169,5,172,1.20e-101,300,91.07
8c66,WP_374868854.1,79.167,168,35,0,2,169,5,172,2.42e-101,299,91.67
8c66,WP_056352255.1,80.952,168,32,0,2,169,5,172,2.53e-101,299,88.69
8c66,WP_033137363.1,79.167,168,35,0,2,169,5,172,2.59e-101,299,92.26
8c66,WP_037341997.1,78.571,168,36,0,2,169,5,172,2.76e-101,299,91.67
8c66,WP_130531184.1,80.952,168,32,0,2,169,5,172,2.86e-101,299,91.07
8c66,WP_128290628.1,80.723,166,32,0,2,167,5,170,3.11e-101,299,89.76
8c66,WP_337052332.1,80.952,168,32,0,2,169,5,172,3.60e-101,299,90.48
8c66,WP_234852482.1,80.952,168,32,0,2,169,14,181,3.77e-101,299,90.48
8c66,WP_234630211.1,80.723,166,32,0,2,167,5,170,4.19e-101,299,89.76
8c66,MCM5551828.1,85.000,160,24,0,10,169,1,160,4.54e-101,298,91.88
8c66,WP_306992307.1,80.952,168,32,0,2,169,5,172,6.29e-101,298,90.48
8c66,WP_268998573.1,79.762,168,34,0,2,169,5,172,7.02e-101,298,91.07
8c66,WP_131660034.1,80.357,168,33,0,2,169,5,172,7.10e-101,298,90.48
8c66,WP_321336217.1,78.107,169,37,0,1,169,4,172,9.97e-101,298,90.53
8c66,WP_319605886.1,79.882,169,34,0,1,169,4,172,1.36e-100,297,89.35
8c66,WP_321526654.1,78.107,169,37,0,1,169,4,172,1.67e-100,297,89.94
8c66,WP_295463126.1,78.698,169,36,0,1,169,4,172,1.74e-100,297,89.94
8c66,WP_295513810.1,78.698,169,36,0,1,169,4,172,2.22e-100,297,89.94
8c66,WP_137132055.1,79.762,168,34,0,2,169,5,172,2.35e-100,297,89.88
8c66,WP_307153797.1,80.120,166,33,0,2,167,5,170,2.59e-100,296,89.76
8c66,WP_283163670.1,79.882,169,34,0,1,169,4,172,3.09e-100,296,89.35
8c66,WP_283164123.1,79.882,169,34,0,1,169,4,172,3.68e-100,296,88.76
8c66,MDR3519096.1,81.548,168,31,0,2,169,5,172,3.72e-100,296,89.29
8c66,WP_275955691.1,81.548,168,31,0,2,169,5,172,5.89e-100,296,88.10
8c66,WP_092813755.1,79.518,166,34,0,2,167,5,170,1.53e-99,295,89.76
8c66,WP_200192790.1,77.976,168,37,0,2,169,5,172,1.83e-99,295,90.48
8c66,MDB5654841.1,80.952,168,32,0,2,169,5,172,2.30e-99,294,88.10
8c66,WP_042695336.1,77.381,168,38,0,2,169,5,172,2.75e-99,294,90.48
8c66,MDH4390376.1,77.381,168,38,0,2,169,23,190,5.04e-99,294,91.07
8c66,HYZ20992.1,80.357,168,33,0,2,169,5,172,8.11e-99,293,88.69
8c66,WP_309347463.1,78.571,168,36,0,2,169,7,174,8.41e-99,293,89.88
8c66,MBT9368644.1,81.250,160,30,0,10,169,1,160,3.66e-98,291,91.25
8c66,WP_321383164.1,78.571,168,36,0,2,169,5,172,4.06e-98,291,89.29
8c66,WP_114394735.1,78.571,168,36,0,2,169,5,172,6.37e-98,291,88.10
8c66,RYF23457.1,79.167,168,35,0,2,169,5,172,6.73e-98,291,88.10
8c66,WP_006912212.1,77.515,169,38,0,1,169,6,174,7.54e-98,291,88.17
8c66,RZI54952.1,78.571,168,36,0,2,169,5,172,1.83e-97,290,88.10
8c66,WP_046236265.1,79.167,168,35,0,2,169,5,172,2.46e-97,289,88.69
8c66,WP_378391224.1,79.042,167,35,0,3,169,6,172,3.53e-97,289,86.23
8c66,WP_164633709.1,80.838,167,32,0,3,169,6,172,4.64e-97,288,86.23
8c66,HXP96142.1,76.786,168,39,0,2,169,6,173,5.24e-97,288,87.50
8c66,MCY1664227.1,80.000,160,32,0,10,169,1,160,1.16e-96,287,91.88
8c66,MFT4191113.1,79.518,166,34,0,2,167,5,170,1.17e-96,288,88.55
8c66,WP_024642040.1,78.571,168,36,0,2,169,5,172,1.45e-96,287,88.10
8c66,WP_107344594.1,80.240,167,33,0,3,169,6,172,1.53e-96,287,86.23
8c66,WP_261230010.1,76.190,168,40,0,2,169,5,172,1.60e-96,287,88.69
8c66,WP_145146063.1,76.331,169,40,0,1,169,4,172,2.58e-96,287,87.57
8c66,WP_353157056.1,76.923,169,39,0,1,169,6,174,5.86e-96,286,86.98
8c66,WP_164573071.1,79.641,167,34,0,3,169,6,172,1.01e-95,285,86.23
8c66,MCC8392811.1,80.000,160,32,0,10,169,1,160,1.03e-95,285,91.25
8c66,WP_318036885.1,77.381,168,38,0,2,169,5,172,1.29e-95,285,87.50
8c66,WP_415192456.1,79.641,167,34,0,3,169,6,172,1.42e-95,285,85.63
8c66,WZB70209.1,79.630,162,33,0,2,163,5,166,2.26e-95,294,90.74
8c66,MDR3740069.1,73.964,169,44,0,1,169,3,171,7.03e-95,283,85.80
8c66,WP_277761962.1,75.000,168,42,0,2,169,5,172,8.13e-95,283,86.90
8c66,WP_348767941.1,75.148,169,42,0,1,169,6,174,1.00e-94,283,86.39
8c66,MES1946825.1,75.148,169,42,0,1,169,9,177,1.03e-94,283,86.39
8c66,HEX7730353.1,72.189,169,47,0,1,169,3,171,1.40e-94,282,86.98
8c66,WP_353180844.1,76.331,169,40,0,1,169,6,174,1.64e-94,282,84.62
8c66,KAJ2956145.1,73.810,168,44,0,2,169,7,174,2.91e-94,281,85.12
8c66,WP_343591245.1,76.786,168,39,0,2,169,8,175,2.94e-94,281,85.12
8c66,MCL2895273.1,79.375,160,33,0,10,169,1,160,4.32e-94,280,89.38
8c66,MCL2899556.1,79.375,160,33,0,10,169,1,160,5.94e-94,280,88.75
8c66,WP_153837604.1,73.494,166,44,0,4,169,7,172,8.49e-94,280,88.55
8c66,MEJ0015629.1,71.598,169,48,0,1,169,4,172,1.59e-93,280,86.98
8c66,WP_034118423.1,72.892,166,45,0,4,169,7,172,5.18e-93,278,87.95
8c66,WP_293623820.1,74.556,169,43,0,1,169,6,174,9.50e-93,278,85.21
8c66,WP_342766340.1,73.964,169,44,0,1,169,4,172,1.55e-92,277,85.80
8c66,WP_353218789.1,75.740,169,41,0,1,169,6,174,2.09e-92,277,84.02
8c66,WP_066139192.1,73.373,169,45,0,1,169,4,172,5.24e-92,276,84.62
8c66,KAG2179751.1,72.024,168,47,0,2,169,7,174,9.19e-92,275,82.74
8c66,RZZ90886.1,81.579,152,28,0,18,169,1,152,2.77e-91,273,91.45
8c66,WP_094109302.1,71.429,168,48,0,2,169,5,172,3.27e-91,274,85.71
8c66,WP_394044095.1,73.373,169,45,0,1,169,4,172,5.31e-91,273,83.43
8c66,WP_394091472.1,72.781,169,46,0,1,169,4,172,6.06e-91,273,84.02
8c66,UVK50337.1,77.500,160,36,0,10,169,1,160,6.29e-91,273,87.50
4etj,4ETJ_A,100.000,164,0,0,1,164,2,165,2.35e-111,324,100.00
4etj,3V45_A,99.390,164,1,0,1,164,2,165,3.00e-110,322,99.39
4etj,4ESS_A,98.780,164,2,0,1,164,2,165,4.56e-109,318,98.78
4etj,4JGK_A,96.951,164,5,0,1,164,2,165,2.59e-107,314,97.56
4etj,4GVV_A,96.341,164,6,0,1,164,2,165,1.40e-106,312,96.34
4etj,4ETK_A,97.561,164,4,0,1,164,2,165,1.53e-106,312,97.56
4etj,4J4Z_A,96.341,164,6,0,1,164,2,165,1.58e-106,312,96.95
4etj,4JCA_A,96.341,164,6,0,1,164,2,165,5.59e-106,311,96.95
4etj,4KYB_A,95.732,164,7,0,1,164,2,165,1.33e-104,307,95.73
4etj,4K0C_A,95.122,164,8,0,1,164,2,165,7.13e-104,305,95.73
4etj,4JVV_A,95.541,157,7,0,1,157,2,158,8.54e-99,292,96.18
4etj,WP_008630908.1,90.506,158,15,0,1,158,2,159,6.76e-91,272,91.14
4etj,WP_201351098.1,89.873,158,16,0,1,158,2,159,1.50e-90,271,91.14
4etj,WP_353300267.1,89.873,158,16,0,1,158,2,159,2.00e-90,271,91.14
4etj,WP_143584507.1,89.873,158,16,0,1,158,2,159,2.00e-90,271,91.14
4etj,GAB2306473.1,89.873,158,16,0,1,158,2,159,3.17e-90,270,90.51
4etj,WP_060384773.1,89.873,158,16,0,1,158,2,159,4.04e-90,270,90.51
4etj,2DX6_A,89.873,158,16,0,1,158,2,159,1.31e-89,269,90.51
4etj,WP_223903238.1,89.873,158,16,0,1,158,2,159,1.49e-89,269,90.51
4etj,WP_188848180.1,88.608,158,18,0,1,158,2,159,4.04e-89,268,90.51
4etj,WP_093008162.1,88.608,158,18,0,1,158,2,159,1.35e-87,264,89.87
4etj,WP_347241884.1,86.709,158,21,0,1,158,2,159,5.49e-87,262,89.87
4etj,WP_071676590.1,86.709,158,21,0,1,158,2,159,2.05e-86,261,88.61
4etj,WP_234507536.1,86.709,158,21,0,1,158,2,159,3.43e-86,260,88.61
4etj,WP_022797317.1,86.076,158,22,0,1,158,2,159,3.78e-86,260,89.87
4etj,WP_353512997.1,85.443,158,23,0,1,158,2,159,8.52e-86,259,88.61
4etj,WP_314132561.1,86.076,158,22,0,1,158,2,159,8.90e-86,259,89.87
4etj,WP_053767050.1,86.076,158,22,0,1,158,2,159,1.72e-85,258,89.24
4etj,WP_060474030.1,85.443,158,23,0,1,158,2,159,4.71e-85,258,89.24
4etj,WP_117238124.1,84.177,158,25,0,1,158,2,159,1.18e-83,254,87.97
4etj,WP_126212215.1,84.810,158,24,0,1,158,2,159,1.56e-83,254,88.61
4etj,WP_126218599.1,84.810,158,24,0,1,158,2,159,4.04e-83,253,87.97
4etj,WP_234558447.1,84.177,158,25,0,1,158,2,159,4.92e-83,252,89.24
4etj,WP_126204048.1,84.177,158,25,0,1,158,2,159,4.98e-83,252,87.97
4etj,WP_279165459.1,84.177,158,25,0,1,158,2,159,5.43e-83,252,87.97
4etj,WP_019551222.1,84.177,158,25,0,1,158,2,159,5.87e-83,252,88.61
4etj,MFN4071606.1,83.544,158,26,0,1,158,2,159,6.13e-83,252,89.87
4etj,WP_039459675.1,83.544,158,26,0,1,158,2,159,1.12e-82,251,88.61
4etj,WP_126209327.1,84.177,158,25,0,1,158,2,159,1.49e-82,251,87.97
4etj,WP_243095472.1,83.544,158,26,0,1,158,2,159,2.05e-82,251,87.97
4etj,WP_234555219.1,83.544,158,26,0,1,158,2,159,2.21e-82,251,88.61
4etj,WP_219759979.1,82.911,158,27,0,1,158,2,159,3.14e-82,250,89.24
4etj,WP_243030114.1,82.911,158,27,0,1,158,2,159,4.56e-82,250,89.24
4etj,WP_126170672.1,84.177,158,25,0,1,158,2,159,4.97e-82,250,87.34
4etj,WP_135343234.1,82.911,158,27,0,1,158,2,159,7.71e-82,249,88.61
4etj,WP_028494310.1,82.911,158,27,0,1,158,2,159,1.07e-81,249,88.61
4etj,WP_015716558.1,82.278,158,28,0,1,158,2,159,1.16e-81,249,89.24
4etj,MDM7324843.1,82.911,158,27,0,1,158,2,159,1.36e-81,249,87.34
4etj,WP_114313858.1,82.278,158,28,0,1,158,2,159,1.68e-81,248,89.24
4etj,WP_038068438.1,81.646,158,29,0,1,158,2,159,4.04e-81,248,88.61
4etj,WP_243091188.1,82.278,158,28,0,1,158,2,159,4.76e-81,247,88.61
4etj,WP_414425221.1,82.911,158,27,0,1,158,2,159,6.68e-81,247,87.97
4etj,WP_243028612.1,82.278,158,28,0,1,158,2,159,6.76e-81,247,87.97
4etj,WP_135257813.1,82.911,158,27,0,1,158,2,159,7.06e-81,247,87.34
4etj,WP_038043093.1,82.278,158,28,0,1,158,2,159,7.38e-81,247,87.97
4etj,WP_409604641.1,81.646,158,29,0,1,158,2,159,1.46e-80,246,88.61
4etj,WP_038056054.1,82.278,158,28,0,1,158,2,159,1.50e-80,246,87.97
4etj,WP_018110587.1,82.278,158,28,0,1,158,2,159,2.87e-80,245,88.61
4etj,WP_038062860.1,79.747,158,32,0,1,158,2,159,1.12e-79,244,86.71
4etj,WP_038045400.1,82.278,158,28,0,1,158,2,159,1.41e-79,244,86.71
4etj,WP_105317325.1,81.013,158,30,0,1,158,2,159,1.52e-79,243,87.97
4etj,WP_126165251.1,81.013,158,30,0,1,158,2,159,1.64e-79,243,87.34
4etj,WP_337844511.1,81.013,158,30,0,1,158,2,159,3.61e-79,243,87.97
4etj,MFN3180247.1,87.324,142,18,0,1,142,2,143,7.57e-79,241,92.96
4etj,WP_018461090.1,79.747,158,32,0,1,158,2,159,1.66e-78,241,87.97
4etj,WP_413217329.1,79.747,158,32,0,1,158,2,159,1.91e-78,241,87.97
4etj,WP_295425700.1,80.380,158,31,0,1,158,2,159,3.45e-78,240,86.08
4etj,WP_014516247.1,80.380,158,31,0,1,158,2,159,1.10e-77,239,85.44
4etj,WP_016328512.1,79.114,158,33,0,1,158,2,159,2.65e-77,238,87.34
4etj,MEN2982899.1,79.747,158,32,0,1,158,2,159,6.45e-77,237,85.44
4etj,WP_130842668.1,79.114,158,33,0,1,158,2,159,8.85e-76,234,85.44
4etj,MER3451879.1,79.114,158,33,0,1,158,2,159,1.28e-75,234,84.81
4etj,WP_013704823.1,75.316,158,39,0,1,158,2,159,3.32e-73,228,83.54
4etj,WP_110525491.1,75.316,158,39,0,1,158,2,159,5.43e-72,224,82.28
4etj,MBI5813881.1,73.418,158,42,0,1,158,2,159,1.61e-71,223,82.91
4etj,MCL6569308.1,74.684,158,40,0,1,158,3,160,2.21e-71,223,83.54
4etj,HFB38806.1,75.316,158,39,0,1,158,2,159,2.96e-71,223,80.38
4etj,WP_013156607.1,72.785,158,43,0,1,158,2,159,1.08e-70,221,82.91
4etj,WP_276954862.1,72.785,158,43,0,1,158,2,159,3.34e-70,220,81.65
4etj,HEU4743555.1,71.519,158,45,0,1,158,2,159,8.08e-69,216,81.01
4etj,MER3425767.1,81.119,143,27,0,16,158,1,143,5.14e-68,214,84.62
4etj,MER3481014.1,69.620,158,48,0,1,158,2,159,1.35e-67,213,81.65
4etj,MER3554883.1,71.519,158,45,0,1,158,2,159,1.17e-66,211,78.48
4etj,MCL6527125.1,71.069,159,44,2,1,158,2,159,5.94e-65,207,81.13
4etj,WP_293180009.1,69.620,158,48,0,1,158,2,159,7.24e-65,206,78.48
4etj,WP_119357463.1,71.069,159,44,2,1,158,2,159,1.18e-64,206,81.13
4etj,WP_293172900.1,68.987,158,49,0,1,158,2,159,1.52e-64,206,78.48
4etj,WP_013458586.1,68.987,158,49,0,1,158,2,159,2.16e-64,205,78.48
4etj,RDI94764.1,70.000,160,48,0,1,160,2,161,2.30e-64,206,79.38
4etj,WP_119277008.1,68.354,158,50,0,1,158,2,159,2.41e-64,205,79.11
4etj,WP_147148498.1,69.620,158,48,0,1,158,2,159,4.13e-64,204,78.48
4etj,XOB98250.1,68.987,158,49,0,1,158,2,159,9.69e-64,204,77.85
4etj,WP_287409867.1,67.722,158,51,0,1,158,2,159,1.83e-63,203,79.11
4etj,WP_287371630.1,67.722,158,51,0,1,158,2,159,2.51e-63,202,78.48
4etj,HHQ42520.1,67.722,158,51,0,1,158,2,159,1.31e-62,201,77.85
4etj,WP_295398712.1,65.031,163,56,1,1,163,2,163,2.14e-62,200,77.30
4etj,WP_119339664.1,67.089,158,52,0,1,158,2,159,2.82e-62,200,77.85
4etj,WP_208014762.1,65.839,161,54,1,1,161,2,161,2.57e-61,197,77.02
4etj,WP_297854435.1,64.417,163,57,1,1,163,2,163,2.74e-61,197,77.30
4etj,MBF6595164.1,70.253,158,47,0,1,158,2,159,4.50e-61,197,79.75
5if6,5IF6_A,100.000,134,0,0,1,134,1,134,3.75e-95,281,100.00
5if6,5IER_A,93.939,132,8,0,1,132,1,132,1.12e-85,257,96.97
5if6,MFV3960525.1,90.299,134,13,0,1,134,5,138,2.84e-84,253,94.78
5if6,WP_003403880.1,90.299,134,13,0,1,134,5,138,2.97e-84,253,94.78
5if6,WP_055355405.1,89.552,134,14,0,1,134,5,138,8.69e-84,252,94.78
5if6,MEQ0744515.1,89.552,134,14,0,1,134,5,138,8.69e-84,252,94.78
5if6,WP_031705148.1,89.552,134,14,0,1,134,5,138,1.01e-83,252,94.78
5if6,WP_057133108.1,89.552,134,14,0,1,134,5,138,1.06e-83,252,94.78
5if6,WP_057368406.1,89.552,134,14,0,1,134,5,138,1.14e-83,252,94.78
5if6,WP_016719310.1,89.552,134,14,0,1,134,5,138,1.16e-83,252,94.78
5if6,WP_128884314.1,89.552,134,14,0,1,134,5,138,1.16e-83,252,94.78
5if6,WP_220020271.1,89.552,134,14,0,1,134,5,138,1.51e-83,251,94.03
5if6,WP_014000395.1,89.552,134,14,0,1,134,5,138,1.70e-83,251,94.03
5if6,WP_031674830.1,89.552,134,14,0,1,134,5,138,1.74e-83,251,94.03
5if6,WP_038434906.1,89.552,134,14,0,1,134,5,138,1.74e-83,251,94.03
5if6,CKM37835.1,89.552,134,14,0,1,134,5,138,1.74e-83,251,94.03
5if6,WP_057358069.1,89.552,134,14,0,1,134,5,138,1.79e-83,251,94.03
5if6,WP_285180844.1,89.552,134,14,0,1,134,5,138,1.87e-83,251,94.03
5if6,WP_161539821.1,89.552,134,14,0,1,134,5,138,1.92e-83,251,94.03
5if6,WP_055376743.1,89.552,134,14,0,1,134,5,138,1.96e-83,251,94.03
5if6,WP_193024119.1,89.552,134,14,0,1,134,5,138,2.49e-83,251,94.78
5if6,CNW22318.1,89.552,134,14,0,1,134,5,138,3.62e-83,251,94.03
5if6,WP_070869417.1,89.552,134,14,0,1,134,5,138,4.36e-83,250,94.03
5if6,WP_349650920.1,88.060,134,16,0,1,134,5,138,4.51e-83,250,94.03
5if6,WP_057348334.1,89.552,134,14,0,1,134,5,138,5.32e-83,250,94.03
5if6,TXB92705.1,90.152,132,13,0,3,134,1,132,1.47e-82,249,94.70
5if6,WP_015289264.1,88.060,134,16,0,1,134,5,138,1.51e-82,249,93.28
5if6,WP_057373008.1,88.806,134,15,0,1,134,5,138,1.61e-82,249,94.03
5if6,WP_206280925.1,89.552,134,14,0,1,134,5,138,2.79e-82,248,94.03
5if6,WP_052618789.1,89.552,134,14,0,1,134,5,138,2.82e-82,248,94.03
5if6,WP_113616654.1,88.060,134,14,1,1,134,5,136,5.46e-80,243,93.28
5if6,WP_128882648.1,89.764,127,13,0,1,127,5,131,4.53e-78,238,94.49
5if6,WP_181908739.1,90.909,121,11,0,14,134,2,122,1.47e-76,233,95.87
5if6,WP_085326750.1,78.195,133,29,0,2,134,6,138,1.32e-73,226,90.98
5if6,WP_144953849.1,78.030,132,29,0,3,134,10,141,1.80e-73,226,90.15
5if6,MDT5175668.1,76.866,134,31,0,1,134,5,138,3.88e-73,225,90.30
5if6,MDT5222433.1,78.195,133,29,0,1,133,5,137,4.42e-73,225,90.23
5if6,HZC51479.1,78.626,131,28,0,2,132,6,136,4.01e-72,223,91.60
5if6,HWF27537.1,78.030,132,29,0,3,134,7,138,4.23e-72,223,89.39
5if6,WP_047316353.1,77.444,133,30,0,2,134,6,138,4.67e-72,223,89.47
5if6,WP_066863989.1,77.273,132,30,0,3,134,10,141,4.73e-72,223,90.91
5if6,WP_325503789.1,77.444,133,30,0,2,134,6,138,4.78e-72,223,89.47
5if6,HXA12615.1,78.030,132,29,0,3,134,7,138,1.30e-71,221,89.39
5if6,WP_067121692.1,77.273,132,30,0,3,134,10,141,1.55e-71,221,90.15
5if6,MDT5136952.1,76.119,134,32,0,1,134,5,138,1.61e-71,221,89.55
5if6,HEX5254718.1,75.940,133,32,0,2,134,6,138,2.59e-71,221,89.47
5if6,WP_211696623.1,76.866,134,31,0,1,134,5,138,2.79e-71,221,88.06
5if6,WP_096443018.1,75.373,134,33,0,1,134,5,138,2.89e-71,221,88.81
5if6,WP_112710781.1,76.515,132,31,0,3,134,10,141,3.02e-71,221,90.91
5if6,WP_085159135.1,75.940,133,32,0,2,134,6,138,3.40e-71,220,88.72
5if6,HEY2503202.1,77.273,132,30,0,3,134,7,138,3.71e-71,220,89.39
5if6,HEY1442400.1,78.030,132,29,0,3,134,7,138,5.64e-71,220,89.39
5if6,WP_085184108.1,76.515,132,31,0,3,134,8,139,6.29e-71,220,87.88
5if6,WP_068187362.1,76.515,132,31,0,3,134,8,139,7.25e-71,219,87.88
5if6,WP_313864500.1,74.627,134,34,0,1,134,5,138,8.00e-71,219,89.55
5if6,WP_297728344.1,76.336,131,31,0,4,134,17,147,8.10e-71,220,89.31
5if6,WP_083072302.1,76.515,132,31,0,3,134,13,144,1.02e-70,219,89.39
5if6,WP_067345741.1,75.758,132,32,0,3,134,10,141,1.27e-70,219,90.15
5if6,WP_076122683.1,77.863,131,29,0,2,132,6,136,1.42e-70,219,87.79
5if6,WP_068161718.1,76.692,133,31,0,2,134,6,138,1.48e-70,219,87.97
5if6,WP_083093960.1,76.515,132,31,0,3,134,13,144,1.50e-70,219,89.39
5if6,WP_067103548.1,75.758,132,32,0,3,134,13,144,1.63e-70,219,90.91
5if6,WP_085074963.1,76.692,133,31,0,2,134,6,138,1.78e-70,219,87.97
5if6,WP_067155685.1,75.758,132,32,0,3,134,8,139,1.80e-70,219,87.88
5if6,WP_068229614.1,75.758,132,32,0,3,134,8,139,2.01e-70,218,88.64
5if6,HEV7582031.1,74.627,134,34,0,1,134,5,138,2.12e-70,218,88.81
5if6,WP_085255693.1,75.758,132,32,0,3,134,10,141,2.24e-70,218,90.15
5if6,HYQ37225.1,75.000,132,33,0,3,134,10,141,2.29e-70,218,90.15
5if6,WP_083136495.1,75.758,132,32,0,3,134,10,141,2.95e-70,218,90.15
5if6,HSS25904.1,76.923,130,30,0,3,132,7,136,2.98e-70,218,91.54
5if6,WP_067011257.1,75.758,132,32,0,3,134,8,139,3.02e-70,218,87.88
5if6,HWS91807.1,75.758,132,32,0,3,134,9,140,3.37e-70,218,87.88
5if6,HYB81143.1,75.940,133,32,0,2,134,6,138,3.48e-70,218,88.72
5if6,WP_076116154.1,75.188,133,33,0,2,134,6,138,3.60e-70,218,87.22
5if6,OBA71568.1,75.758,132,32,0,3,134,8,139,3.60e-70,218,87.88
5if6,WP_067937966.1,75.758,132,32,0,3,134,10,141,3.60e-70,218,90.15
5if6,WP_076064273.1,75.940,133,32,0,2,134,6,138,3.72e-70,218,87.22
5if6,WP_068107838.1,75.758,132,32,0,3,134,8,139,3.72e-70,218,87.12
5if6,WP_036450580.1,73.134,134,36,0,1,134,5,138,4.19e-70,218,88.81
5if6,WP_068128399.1,75.758,132,32,0,3,134,8,139,4.29e-70,218,87.88
5if6,WP_065050221.1,73.881,134,35,0,1,134,5,138,4.43e-70,218,87.31
5if6,WP_406813993.1,75.000,132,33,0,3,134,13,144,5.06e-70,218,90.15
5if6,WP_324673591.1,77.273,132,30,0,3,134,8,139,5.11e-70,218,87.12
5if6,WP_055581596.1,73.684,133,35,0,2,134,6,138,5.34e-70,217,87.97
5if6,HEY0228063.1,74.436,133,34,0,2,134,6,138,5.40e-70,217,88.72
5if6,WP_071510570.1,76.515,132,31,0,3,134,13,144,5.40e-70,218,88.64
5if6,WP_067233177.1,74.436,133,34,0,2,134,6,138,5.52e-70,218,87.22
5if6,WP_293040139.1,75.000,132,33,0,3,134,10,141,6.02e-70,217,90.15
5if6,WP_085095695.1,75.000,132,33,0,3,134,10,141,6.09e-70,217,88.64
5if6,WP_343602076.1,74.436,133,34,0,2,134,8,140,6.16e-70,217,87.22
5if6,WP_020730714.1,73.134,134,36,0,1,134,5,138,6.36e-70,217,88.06
5if6,WP_306237628.1,73.684,133,35,0,2,134,6,138,7.66e-70,217,87.97
5if6,WP_036406506.1,75.188,133,33,0,2,134,6,138,7.83e-70,217,87.22
5if6,WP_330977594.1,73.881,134,35,0,1,134,5,138,8.10e-70,217,88.06
5if6,WP_418014417.1,73.881,134,35,0,1,134,5,138,8.19e-70,217,87.31
5if6,WP_083012750.1,75.758,132,32,0,3,134,13,144,8.28e-70,217,89.39
5if6,WP_306247559.1,73.684,133,35,0,2,134,6,138,9.03e-70,217,87.22
5if6,REX64135.1,91.892,111,9,0,24,134,1,111,9.59e-70,216,97.30
5if6,WP_085175467.1,75.000,132,33,0,3,134,10,141,9.76e-70,217,87.88
5if6,WP_066997728.1,75.000,132,33,0,3,134,13,144,1.28e-69,216,90.15
8adx,8ADX_A,100.000,168,0,0,1,168,24,191,6.82e-123,354,100.00
8adx,WP_377390449.1,86.826,167,22,0,2,168,5,171,4.66e-108,316,94.01
8adx,WP_305884113.1,86.228,167,23,0,2,168,5,171,6.85e-107,313,92.22
8adx,WP_319486319.1,84.431,167,26,0,2,168,5,171,8.53e-107,313,94.61
8adx,WP_319496507.1,83.832,167,27,0,2,168,5,171,8.82e-106,310,94.01
8adx,WP_116683141.1,85.629,167,24,0,2,168,5,171,1.48e-104,307,90.42
8adx,WP_209593612.1,84.431,167,26,0,2,168,5,171,1.74e-104,307,92.22
8adx,MDE1149455.1,84.524,168,26,0,1,168,4,171,5.22e-104,306,91.67
8adx,WP_160830812.1,82.635,167,29,0,2,168,5,171,7.02e-104,306,92.81
8adx,WP_252192693.1,82.036,167,30,0,2,168,5,171,1.73e-103,305,91.62
8adx,WP_392410511.1,81.437,167,31,0,2,168,5,171,1.89e-103,305,92.81
8adx,WP_163138848.1,85.629,167,24,0,2,168,5,171,4.48e-103,303,92.81
8adx,WP_103272806.1,80.838,167,32,0,2,168,5,171,4.69e-103,303,92.81
8adx,WP_150351245.1,83.735,166,27,0,2,167,5,170,5.12e-103,303,92.17
8adx,WP_301846425.1,82.635,167,29,0,2,168,5,171,1.55e-102,302,91.62
8adx,WP_076574304.1,81.437,167,31,0,2,168,5,171,2.35e-102,302,91.62
8adx,WP_326493818.1,80.838,167,32,0,2,168,5,171,2.59e-102,301,92.22
8adx,WP_201079985.1,81.437,167,31,0,2,168,5,171,3.57e-102,301,89.82
8adx,WP_136165075.1,80.952,168,32,0,1,168,4,171,1.13e-101,300,90.48
8adx,WP_330218345.1,80.240,167,33,0,2,168,23,189,2.06e-101,300,91.62
8adx,WP_012334964.1,80.240,167,33,0,2,168,5,171,2.33e-101,299,91.62
8adx,WP_128290628.1,80.723,166,32,0,2,167,5,170,3.37e-101,299,89.76
8adx,WP_056352255.1,81.437,167,31,0,2,168,5,171,3.73e-101,299,88.62
8adx,WP_234630211.1,80.723,166,32,0,2,167,5,170,4.64e-101,298,89.76
8adx,MCM5551828.1,85.535,159,23,0,10,168,1,159,6.91e-101,298,91.82
8adx,WP_268998573.1,80.240,167,33,0,2,168,5,171,7.61e-101,298,91.62
8adx,WP_340649435.1,81.437,167,31,0,2,168,5,171,7.86e-101,298,91.02
8adx,WP_085685770.1,80.240,167,33,0,2,168,5,171,8.30e-101,298,92.22
8adx,WP_379655532.1,81.437,167,31,0,2,168,5,171,1.06e-100,298,91.02
8adx,WP_374868854.1,79.518,166,34,0,2,167,5,170,1.77e-100,297,92.17
8adx,WP_033137363.1,79.518,166,34,0,2,167,5,170,1.87e-100,297,92.77
8adx,WP_037341997.1,78.443,167,36,0,2,168,5,171,2.02e-100,297,91.62
8adx,WP_130531184.1,80.838,167,32,0,2,168,5,171,2.66e-100,296,91.02
8adx,WP_337052332.1,80.838,167,32,0,2,168,5,171,2.90e-100,296,90.42
8adx,WP_307153797.1,80.120,166,33,0,2,167,5,170,2.93e-100,296,89.76
8adx,WP_234852482.1,80.838,167,32,0,2,168,14,180,3.21e-100,297,90.42
8adx,WP_321336217.1,78.443,167,36,0,1,167,4,170,4.12e-100,296,91.02
8adx,WP_306992307.1,80.838,167,32,0,2,168,5,171,5.91e-100,296,90.42
8adx,WP_131660034.1,80.240,167,33,0,2,168,5,171,5.98e-100,296,90.42
8adx,WP_321526654.1,78.443,167,36,0,1,167,4,170,8.88e-100,295,90.42
8adx,WP_319605886.1,79.762,168,34,0,1,168,4,171,1.15e-99,295,89.29
8adx,WP_092813755.1,79.518,166,34,0,2,167,5,170,1.44e-99,295,89.76
8adx,WP_295463126.1,78.571,168,36,0,1,168,4,171,1.57e-99,295,89.88
8adx,WP_137132055.1,79.641,167,34,0,2,168,5,171,1.91e-99,295,89.82
8adx,WP_295513810.1,78.571,168,36,0,1,168,4,171,1.98e-99,295,89.88
8adx,WP_283163670.1,79.762,168,34,0,1,168,4,171,2.75e-99,294,89.29
8adx,MDR3519096.1,81.437,167,31,0,2,168,5,171,2.97e-99,294,89.22
8adx,WP_283164123.1,79.762,168,34,0,1,168,4,171,3.38e-99,294,88.69
8adx,WP_275955691.1,81.437,167,31,0,2,168,5,171,4.75e-99,293,88.02
8adx,HYZ20992.1,80.838,167,32,0,2,168,5,171,8.78e-99,293,89.22
8adx,WP_200192790.1,77.844,167,37,0,2,168,5,171,1.61e-98,292,90.42
8adx,WP_042695336.1,77.246,167,38,0,2,168,5,171,1.97e-98,292,90.42
8adx,MDB5654841.1,80.838,167,32,0,2,168,5,171,2.57e-98,291,88.02
8adx,MDH4390376.1,77.246,167,38,0,2,168,23,189,4.15e-98,292,91.02
8adx,WP_309347463.1,78.443,167,36,0,2,168,7,173,7.56e-98,290,89.82
8adx,MBT9368644.1,81.132,159,30,0,10,168,1,159,2.79e-97,288,91.19
8adx,WP_321383164.1,78.443,167,36,0,2,168,5,171,3.66e-97,289,89.22
8adx,WP_114394735.1,78.443,167,36,0,2,168,5,171,6.06e-97,288,88.02
8adx,WP_006912212.1,77.381,168,38,0,1,168,6,173,6.28e-97,288,88.10
8adx,RYF23457.1,79.042,167,35,0,2,168,5,171,6.54e-97,288,88.02
8adx,MFT4191113.1,79.518,166,34,0,2,167,5,170,1.59e-96,287,88.55
8adx,RZI54952.1,78.443,167,36,0,2,168,5,171,1.74e-96,287,88.02
8adx,WP_261230010.1,76.647,167,39,0,2,168,5,171,1.92e-96,287,88.62
8adx,WP_046236265.1,79.042,167,35,0,2,168,5,171,2.00e-96,287,88.62
8adx,HXP96142.1,77.108,166,38,0,2,167,6,171,3.47e-96,286,87.95
8adx,WP_378391224.1,78.916,166,35,0,3,168,6,171,3.62e-96,286,86.14
8adx,WP_164633709.1,80.723,166,32,0,3,168,6,171,3.78e-96,286,86.14
8adx,MCY1664227.1,79.874,159,32,0,10,168,1,159,1.05e-95,285,91.82
8adx,WP_024642040.1,78.443,167,36,0,2,168,5,171,1.14e-95,285,88.02
8adx,MCC8392811.1,80.503,159,31,0,10,168,1,159,1.15e-95,285,91.82
8adx,WP_107344594.1,80.120,166,33,0,3,168,6,171,1.16e-95,285,86.14
8adx,WP_145146063.1,76.647,167,39,0,1,167,4,170,1.47e-95,285,88.02
8adx,WZB70209.1,79.630,162,33,0,2,163,5,166,1.64e-95,294,90.74
8adx,WP_318036885.1,77.844,167,37,0,2,168,5,171,1.64e-95,285,88.02
8adx,WP_353157056.1,76.786,168,39,0,1,168,6,173,5.82e-95,283,86.90
8adx,WP_164573071.1,79.518,166,34,0,3,168,6,171,8.90e-95,283,86.14
8adx,WP_415192456.1,79.518,166,34,0,3,168,6,171,1.49e-94,282,85.54
8adx,MDR3740069.1,73.810,168,44,0,1,168,3,170,6.26e-94,280,85.71
8adx,WP_277761962.1,74.850,167,42,0,2,168,5,171,6.56e-94,280,86.83
8adx,WP_348767941.1,75.000,168,42,0,1,168,6,173,8.73e-94,280,86.31
8adx,MES1946825.1,75.000,168,42,0,1,168,9,176,9.06e-94,280,86.31
8adx,HEX7730353.1,72.024,168,47,0,1,168,3,170,1.30e-93,280,86.90
8adx,WP_353180844.1,76.190,168,40,0,1,168,6,173,1.38e-93,280,84.52
8adx,WP_343591245.1,77.108,166,38,0,2,167,8,173,1.78e-93,280,85.54
8adx,KAJ2956145.1,73.653,167,44,0,2,168,7,173,2.45e-93,279,85.03
8adx,MCL2895273.1,79.245,159,33,0,10,168,1,159,4.16e-93,278,89.31
8adx,MCL2899556.1,79.245,159,33,0,10,168,1,159,4.79e-93,278,88.68
8adx,WP_153837604.1,73.333,165,44,0,4,168,7,171,7.63e-93,278,88.48
8adx,MEJ0015629.1,71.429,168,48,0,1,168,4,171,1.11e-92,277,86.90
8adx,WP_034118423.1,72.727,165,45,0,4,168,7,171,5.26e-92,276,87.88
8adx,WP_293623820.1,74.405,168,43,0,1,168,6,173,7.41e-92,275,85.12
8adx,WP_342766340.1,73.810,168,44,0,1,168,4,171,1.54e-91,275,85.71
8adx,WP_353218789.1,75.595,168,41,0,1,168,6,173,1.63e-91,275,83.93
8adx,WP_066139192.1,73.214,168,45,0,1,168,4,171,4.71e-91,273,84.52
8adx,UVK50337.1,77.987,159,35,0,10,168,1,159,6.38e-91,273,88.05
8adx,KAG2179751.1,71.856,167,47,0,2,168,7,173,8.35e-91,273,82.63
8adx,RZZ90886.1,81.457,151,28,0,18,168,1,151,2.18e-90,271,91.39
8adx,WP_094109302.1,71.257,167,48,0,2,168,5,171,2.88e-90,271,85.63
8adx,WP_394044095.1,73.214,168,45,0,1,168,4,171,4.83e-90,271,83.33
8adx,WP_394091472.1,72.619,168,46,0,1,168,4,171,5.04e-90,271,83.93
4j4z,4J4Z_A,99.379,161,1,0,1,161,2,162,2.84e-109,319,99.38
4j4z,4JCA_A,98.758,161,2,0,1,161,2,162,5.87e-108,315,98.76
4j4z,4ETJ_A,96.894,161,5,0,1,161,2,162,9.77e-105,307,97.52
4j4z,4JGK_A,96.273,161,6,0,1,161,2,162,3.30e-104,306,97.52
4j4z,4JVV_A,98.089,157,3,0,1,157,2,158,3.93e-104,305,98.09
4j4z,3V45_A,96.273,161,6,0,1,161,2,162,1.75e-103,304,96.89
4j4z,4ESS_A,95.652,161,7,0,1,161,2,162,2.33e-102,301,96.27
4j4z,4GVV_A,95.652,161,7,0,1,161,2,162,4.26e-102,301,96.27
4j4z,4ETK_A,95.652,161,7,0,1,161,2,162,1.05e-101,300,96.89
4j4z,4KYB_A,95.652,161,7,0,1,161,2,162,1.15e-100,297,95.65
4j4z,4K0C_A,95.031,161,8,0,1,161,2,162,3.75e-100,296,95.03
4j4z,WP_008630908.1,89.241,158,17,0,1,158,2,159,8.06e-90,269,89.87
4j4z,WP_201351098.1,88.608,158,18,0,1,158,2,159,1.85e-89,268,89.87
4j4z,WP_353300267.1,88.608,158,18,0,1,158,2,159,2.33e-89,268,89.87
4j4z,WP_143584507.1,88.608,158,18,0,1,158,2,159,2.33e-89,268,89.87
4j4z,GAB2306473.1,88.608,158,18,0,1,158,2,159,2.91e-89,268,89.24
4j4z,WP_060384773.1,88.608,158,18,0,1,158,2,159,3.28e-89,268,89.24
4j4z,2DX6_A,88.608,158,18,0,1,158,2,159,1.44e-88,266,89.24
4j4z,WP_223903238.1,88.608,158,18,0,1,158,2,159,1.63e-88,266,89.24
4j4z,WP_188848180.1,87.975,158,19,0,1,158,2,159,2.16e-88,266,89.24
4j4z,WP_093008162.1,87.342,158,20,0,1,158,2,159,8.25e-87,262,88.61
4j4z,WP_347241884.1,85.443,158,23,0,1,158,2,159,3.43e-86,260,88.61
4j4z,WP_071676590.1,85.443,158,23,0,1,158,2,159,1.38e-85,259,87.34
4j4z,WP_022797317.1,84.810,158,24,0,1,158,2,159,2.42e-85,258,88.61
4j4z,WP_234507536.1,85.443,158,23,0,1,158,2,159,3.79e-85,258,87.34
4j4z,WP_353512997.1,84.177,158,25,0,1,158,2,159,4.77e-85,257,87.34
4j4z,WP_314132561.1,84.810,158,24,0,1,158,2,159,5.62e-85,257,88.61
4j4z,WP_053767050.1,84.810,158,24,0,1,158,2,159,1.10e-84,256,87.97
4j4z,WP_060474030.1,84.177,158,25,0,1,158,2,159,3.58e-84,255,87.97
4j4z,WP_117238124.1,82.911,158,27,0,1,158,2,159,9.20e-83,251,86.71
4j4z,WP_126212215.1,83.544,158,26,0,1,158,2,159,1.15e-82,251,87.34
4j4z,WP_126218599.1,83.544,158,26,0,1,158,2,159,3.62e-82,250,86.71
4j4z,WP_234558447.1,82.911,158,27,0,1,158,2,159,3.83e-82,250,87.97
4j4z,WP_279165459.1,82.911,158,27,0,1,158,2,159,3.95e-82,250,86.71
4j4z,WP_126204048.1,82.911,158,27,0,1,158,2,159,4.04e-82,250,86.71
4j4z,WP_039459675.1,82.278,158,28,0,1,158,2,159,4.46e-82,250,87.34
4j4z,WP_019551222.1,82.911,158,27,0,1,158,2,159,5.93e-82,249,87.34
4j4z,WP_243095472.1,82.278,158,28,0,1,158,2,159,1.04e-81,249,86.71
4j4z,WP_234555219.1,82.278,158,28,0,1,158,2,159,1.07e-81,249,87.34
4j4z,WP_126209327.1,82.911,158,27,0,1,158,2,159,1.18e-81,249,86.71
4j4z,MFN4071606.1,82.278,158,28,0,1,158,2,159,1.68e-81,248,87.97
4j4z,WP_243030114.1,81.646,158,29,0,1,158,2,159,2.14e-81,248,87.97
4j4z,WP_219759979.1,81.646,158,29,0,1,158,2,159,3.01e-81,248,87.97
4j4z,WP_126170672.1,82.911,158,27,0,1,158,2,159,3.78e-81,248,86.08
4j4z,WP_135343234.1,81.646,158,29,0,1,158,2,159,7.39e-81,247,87.34
4j4z,WP_028494310.1,81.646,158,29,0,1,158,2,159,7.80e-81,246,87.34
4j4z,MDM7324843.1,81.646,158,29,0,1,158,2,159,8.61e-81,246,86.08
4j4z,WP_015716558.1,81.013,158,30,0,1,158,2,159,9.71e-81,246,87.97
4j4z,WP_114313858.1,81.013,158,30,0,1,158,2,159,1.25e-80,246,87.97
4j4z,WP_243091188.1,81.013,158,30,0,1,158,2,159,3.00e-80,245,87.34
4j4z,WP_414425221.1,81.646,158,29,0,1,158,2,159,3.04e-80,245,86.71
4j4z,WP_243028612.1,81.013,158,30,0,1,158,2,159,3.21e-80,245,86.71
4j4z,WP_135257813.1,81.646,158,29,0,1,158,2,159,3.24e-80,245,86.08
4j4z,WP_038068438.1,80.380,158,31,0,1,158,2,159,3.91e-80,245,87.34
4j4z,WP_038043093.1,81.013,158,30,0,1,158,2,159,5.86e-80,244,86.71
4j4z,WP_038056054.1,81.013,158,30,0,1,158,2,159,6.69e-80,244,86.71
4j4z,WP_409604641.1,80.380,158,31,0,1,158,2,159,8.80e-80,244,87.34
4j4z,WP_018110587.1,81.013,158,30,0,1,158,2,159,1.18e-79,244,87.34
4j4z,WP_038045400.1,81.013,158,30,0,1,158,2,159,4.17e-79,242,85.44
4j4z,WP_038062860.1,78.481,158,34,0,1,158,2,159,6.68e-79,242,85.44
4j4z,WP_105317325.1,79.747,158,32,0,1,158,2,159,8.79e-79,241,86.71
4j4z,WP_126165251.1,79.747,158,32,0,1,158,2,159,1.21e-78,241,86.08
4j4z,WP_337844511.1,80.380,158,31,0,1,158,2,159,2.84e-78,240,86.71
4j4z,MFN3180247.1,85.915,142,20,0,1,142,2,143,6.02e-78,239,91.55
4j4z,WP_018461090.1,79.114,158,33,0,1,158,2,159,1.08e-77,239,86.71
4j4z,WP_413217329.1,79.114,158,33,0,1,158,2,159,1.28e-77,238,86.71
4j4z,WP_295425700.1,79.114,158,33,0,1,158,2,159,3.90e-77,237,84.81
4j4z,WP_014516247.1,79.114,158,33,0,1,158,2,159,1.29e-76,236,84.18
4j4z,WP_016328512.1,78.481,158,34,0,1,158,2,159,1.69e-76,236,86.08
4j4z,MEN2982899.1,78.481,158,34,0,1,158,2,159,6.81e-76,234,84.18
4j4z,MER3451879.1,77.848,158,35,0,1,158,2,159,3.85e-75,232,83.54
4j4z,WP_130842668.1,77.848,158,35,0,1,158,2,159,4.29e-75,232,84.18
4j4z,WP_013704823.1,74.051,158,41,0,1,158,2,159,1.72e-72,226,82.28
4j4z,WP_110525491.1,74.051,158,41,0,1,158,2,159,2.49e-71,223,81.01
4j4z,MBI5813881.1,72.152,158,44,0,1,158,2,159,7.46e-71,221,81.65
4j4z,MCL6569308.1,73.418,158,42,0,1,158,3,160,9.50e-71,221,82.28
4j4z,HFB38806.1,74.051,158,41,0,1,158,2,159,5.24e-70,219,79.11
4j4z,WP_013156607.1,71.519,158,45,0,1,158,2,159,6.11e-70,219,81.65
4j4z,WP_276954862.1,71.519,158,45,0,1,158,2,159,1.27e-69,218,80.38
4j4z,HEU4743555.1,70.253,158,47,0,1,158,2,159,3.93e-68,214,79.75
4j4z,MER3425767.1,79.720,143,29,0,16,158,1,143,1.70e-67,212,83.22
4j4z,MER3481014.1,68.354,158,50,0,1,158,2,159,9.10e-67,211,80.38
4j4z,MER3554883.1,70.253,158,47,0,1,158,2,159,2.74e-65,207,76.58
4j4z,MCL6527125.1,68.987,158,49,0,1,158,2,159,2.56e-64,205,77.22
4j4z,WP_293180009.1,68.987,158,49,0,1,158,2,159,4.19e-64,204,77.22
4j4z,WP_013458586.1,68.354,158,50,0,1,158,2,159,6.15e-64,204,77.85
4j4z,WP_293172900.1,68.354,158,50,0,1,158,2,159,8.17e-64,204,77.22
4j4z,WP_119357463.1,68.987,158,49,0,1,158,2,159,1.54e-63,203,76.58
4j4z,WP_147148498.1,68.987,158,49,0,1,158,2,159,2.52e-63,202,77.22
4j4z,RDI94764.1,68.750,160,50,0,1,160,2,161,2.70e-63,203,77.50
4j4z,XOB98250.1,68.354,158,50,0,1,158,2,159,4.51e-63,202,76.58
4j4z,WP_119277008.1,67.089,158,52,0,1,158,2,159,5.03e-63,202,77.22
4j4z,WP_287409867.1,67.089,158,52,0,1,158,2,159,5.08e-63,201,77.85
4j4z,WP_287371630.1,67.089,158,52,0,1,158,2,159,1.00e-62,201,77.22
4j4z,HHQ42520.1,67.089,158,52,0,1,158,2,159,5.78e-62,199,76.58
4j4z,WP_295398712.1,65.190,158,55,0,1,158,2,159,1.70e-61,198,75.32
4j4z,WP_119339664.1,65.823,158,54,0,1,158,2,159,4.14e-61,197,75.95
4j4z,WP_208014762.1,64.596,161,56,1,1,161,2,161,1.41e-60,196,75.16
4j4z,WP_297854435.1,64.557,158,56,0,1,158,2,159,1.52e-60,196,75.95
4j4z,MBF6595164.1,68.987,158,49,0,1,158,2,159,2.52e-60,195,77.85
5xg5,5XG5_A,100.000,145,0,0,1,145,1,145,2.87e-99,292,100.00
5xg5,CAC5395919.1,63.043,138,47,2,6,143,4,137,7.95e-50,167,74.64
5xg5,WGV41562.1,63.043,138,47,2,6,143,4,137,1.15e-49,167,74.64
5xg5,WGV41562.1,61.364,44,16,1,8,51,99,141,1.69e-05,53.9,75.00
5xg5,6BFM_A,63.043,138,47,2,6,143,5,138,1.34e-49,167,74.64
5xg5,8VCK_A,63.043,138,47,2,6,143,6,139,1.63e-49,166,74.64
5xg5,8VCK_A,61.364,44,16,1,8,51,101,143,1.92e-05,53.9,75.00
5xg5,B3EWR1.2,63.768,138,46,2,6,143,41,174,2.16e-49,167,73.91
5xg5,A0A0P0E482.1,63.768,138,46,2,6,143,4,137,2.35e-49,166,73.91
5xg5,3WMU_A,63.768,138,46,2,6,143,7,140,2.85e-49,166,73.91
5xg5,XP_071144898.1,63.043,138,47,2,6,143,34,167,3.18e-48,164,73.19
5xg5,XP_071144898.1,61.364,44,16,1,8,51,129,171,1.96e-04,51.6,72.73
5xg5,H2FH31.1,60.870,138,50,2,6,143,4,137,1.58e-47,161,71.74
5xg5,5F8S_A,60.870,138,50,2,6,143,4,137,1.91e-47,161,71.74
5xg5,5DUY_A,60.870,138,50,2,6,143,35,168,2.45e-47,162,71.74
5xg5,CAG2201052.1,60.145,138,51,2,6,143,4,137,8.43e-47,159,72.46
5xg5,XP_063409468.1,57.971,138,54,2,6,143,4,137,4.27e-45,155,71.01
5xg5,A0A0G2UGT2.1,57.246,138,55,2,6,143,4,137,1.65e-42,149,68.84
5xg5,VDH92455.1,56.643,143,56,4,2,143,1,138,1.59e-40,148,69.23
5xg5,XP_063408482.1,55.797,138,57,2,6,143,4,137,1.73e-40,144,67.39
5xg5,AJQ21527.1,56.643,143,56,4,2,143,1,138,2.31e-40,147,69.23
5xg5,XP_069136200.1,52.899,138,61,2,6,143,4,137,2.74e-40,143,67.39
5xg5,XP_069136200.1,52.128,94,41,2,2,95,48,137,5.61e-21,94.0,67.02
5xg5,XP_069136190.1,52.899,138,61,2,6,143,33,166,3.56e-40,144,67.39
5xg5,XP_069136190.1,52.128,94,41,2,2,95,77,166,8.57e-21,94.4,67.02
5xg5,XP_071133207.1,57.343,143,55,4,2,143,1,138,7.91e-40,146,68.53
5xg5,XP_052071730.1,56.643,143,56,4,2,143,1,138,4.29e-39,144,67.13
5xg5,XP_052071730.1,63.636,44,15,1,8,51,100,142,3.96e-05,54.7,70.45
5xg5,XP_063445824.1,55.245,143,58,4,2,143,1,138,2.80e-38,142,69.23
5xg5,XP_052071734.1,54.545,143,59,4,2,143,1,138,1.38e-37,140,67.13
5xg5,XP_052071734.1,61.364,44,16,1,8,51,100,142,1.36e-04,53.1,70.45
5xg5,XP_021365167.1,50.000,138,65,2,6,143,4,137,3.49e-37,135,62.32
5xg5,XP_021365167.1,51.087,92,41,2,4,95,50,137,1.20e-20,93.2,64.13
5xg5,CAC5393759.1,54.545,143,59,4,2,143,1,138,7.53e-37,137,67.83
5xg5,CAC5393758.1,54.545,143,59,4,2,143,1,138,1.78e-36,137,67.83
5xg5,XP_033740282.1,48.551,138,67,3,6,143,44,177,2.45e-35,132,65.22
5xg5,XP_033740282.1,46.809,94,46,3,2,95,88,177,7.67e-18,87.0,64.89
5xg5,XP_045177343.2,51.449,138,63,2,6,143,5,138,3.07e-35,134,65.94
5xg5,XP_041365421.1,51.128,133,61,2,8,140,22,150,4.28e-35,130,65.41
5xg5,XP_041365421.1,50.575,87,43,0,56,142,22,108,3.98e-20,92.4,64.37
5xg5,XP_041365421.1,52.381,42,20,0,104,145,22,63,6.70e-05,52.8,66.67
5xg5,XP_041365421.1,60.000,40,15,1,5,44,112,150,1.70e-04,51.6,77.50
5xg5,XP_052819462.1,50.704,142,66,2,2,143,1,138,5.97e-35,134,66.20
5xg5,XP_052819462.1,50.000,98,45,2,2,99,49,142,1.38e-17,88.6,63.27
5xg5,XP_041365423.1,50.000,138,65,3,8,145,21,154,1.28e-34,129,65.94
5xg5,WAR18401.1,49.296,142,68,2,2,143,1,138,1.60e-34,139,62.68
5xg5,WAR18401.1,52.381,42,19,1,10,51,102,142,0.004,49.3,64.29
5xg5,XP_052273212.1,49.296,142,68,2,2,143,1,138,4.57e-33,129,61.27
5xg5,XP_052820806.1,47.183,142,71,2,2,143,1,138,6.92e-33,124,64.08
5xg5,XP_052102002.1,51.429,140,62,4,6,144,17,151,2.08e-32,127,63.57
5xg5,XP_052769485.1,49.296,142,68,2,2,143,1,138,2.31e-32,127,62.68
5xg5,WAR15026.1,50.735,136,63,2,9,144,9,140,3.89e-32,126,64.71
5xg5,WAR15026.1,50.000,98,45,2,2,99,50,143,1.43e-17,88.6,63.27
5xg5,XP_052760146.1,48.592,142,69,2,2,143,1,138,9.59e-32,125,61.97
5xg5,XP_052760146.1,46.939,98,48,2,2,99,49,142,7.07e-15,81.3,58.16
5xg5,XP_052093373.1,51.449,138,63,2,6,143,4,137,1.20e-31,125,61.59
5xg5,XP_052093373.1,51.613,93,41,2,3,95,49,137,1.03e-16,86.3,61.29
5xg5,AJQ21526.1,50.714,140,63,4,6,144,4,138,2.50e-31,124,62.86
5xg5,XP_053384951.1,48.921,139,67,3,6,144,8,142,3.33e-31,124,62.59
5xg5,XP_053384951.1,51.087,92,41,3,8,99,58,145,3.19e-16,85.1,63.04
5xg5,CAC5412592.1,50.000,136,64,2,8,143,6,137,4.20e-31,122,61.03
5xg5,CAC5412592.1,52.688,93,40,2,3,95,49,137,1.11e-18,90.5,62.37
5xg5,CAC5425857.1,50.714,140,63,4,6,144,4,138,4.90e-31,124,62.14
5xg5,XP_052759991.1,47.552,143,71,2,2,144,1,139,4.97e-30,121,60.14
5xg5,XP_052218030.1,48.175,137,67,2,6,142,31,163,8.21e-30,120,63.50
5xg5,XP_052218030.1,44.086,93,48,2,2,94,75,163,2.10e-10,69.3,58.06
5xg5,XP_052218030.1,59.524,42,17,0,102,143,31,72,2.40e-06,57.8,78.57
5xg5,CAC5412589.1,49.275,138,66,2,6,143,4,137,9.96e-30,120,60.14
5xg5,CAC5412589.1,49.462,93,43,2,3,95,49,137,1.79e-15,82.8,59.14
5xg5,XP_071155000.1,49.275,138,66,2,6,143,4,137,1.21e-29,120,59.42
5xg5,XP_071155000.1,49.462,93,43,2,3,95,49,137,4.53e-15,81.6,58.06
5xg5,CAG2209190.1,49.275,138,66,2,6,143,4,137,1.21e-29,120,59.42
5xg5,CAG2209190.1,49.462,93,43,2,3,95,49,137,4.63e-15,81.6,58.06
5xg5,CAG2222603.1,47.482,139,69,2,6,144,4,138,2.51e-29,118,59.71
5xg5,CAG2222603.1,47.872,94,45,2,3,96,49,138,3.58e-15,81.3,58.51
5xg5,XP_069108149.1,44.928,138,72,3,6,143,4,137,5.78e-29,114,61.59
5xg5,WAR11587.1,43.357,143,77,1,2,144,1,139,1.89e-27,114,56.64
5xg5,WAR11587.1,52.632,38,18,0,14,51,105,142,0.035,46.2,65.79
5xg5,XP_052817380.1,43.662,142,76,1,2,143,1,138,3.67e-27,113,57.04
5xg5,XP_052817380.1,52.632,38,18,0,14,51,105,142,0.041,45.8,65.79
5xg5,XP_052269615.1,45.390,141,73,2,2,142,1,137,4.57e-27,113,62.41
5xg5,XP_052269615.1,57.143,42,18,0,102,143,5,46,9.81e-05,53.5,76.19
5xg5,XP_052273213.1,42.657,143,78,2,2,144,1,139,5.10e-27,109,59.44
5xg5,XP_052273213.1,40.816,98,54,2,8,105,55,148,1.29e-11,70.1,58.16
5xg5,XP_052269614.1,45.390,141,73,2,2,142,1,137,5.75e-27,113,62.41
5xg5,XP_052269614.1,57.143,42,18,0,102,143,5,46,1.08e-04,53.1,76.19
5xg5,VDI44685.1,47.482,139,68,3,6,143,4,138,5.80e-27,113,59.71
5xg5,VDI44685.1,47.872,94,44,3,3,95,49,138,1.61e-13,77.8,58.51
5xg5,CAB4031754.1,48.571,140,64,5,10,145,10,145,5.93e-27,113,65.00
5xg5,CAB4031754.1,48.889,90,42,2,8,97,60,145,3.30e-13,77.0,62.22
5xg5,XP_045176791.2,44.203,138,73,1,6,143,5,138,7.32e-27,112,60.14
5xg5,XP_045176791.2,38.136,118,63,2,3,114,50,163,6.45e-11,70.5,50.85
5xg5,XP_052271399.1,45.455,132,68,2,2,133,1,128,9.71e-27,108,62.88
5xg5,XP_052271399.1,47.191,89,47,0,54,142,5,93,6.57e-19,88.6,67.42
5xg5,XP_052271399.1,47.727,44,23,0,102,145,5,48,6.16e-04,49.7,72.73
5xg5,VDH96449.1,47.482,139,68,3,6,143,4,138,1.58e-26,112,59.71
5xg5,VDH96449.1,46.809,94,45,3,3,95,49,138,1.24e-12,75.1,58.51
5xg5,KAH3846768.1,45.455,132,68,2,2,133,1,128,5.52e-26,107,62.88
5xg5,KAH3846768.1,47.191,89,47,0,54,142,5,93,2.78e-18,88.2,67.42
5xg5,KAH3846768.1,47.727,44,23,0,102,145,5,48,0.001,49.3,72.73
5xg5,XP_052093372.1,44.203,138,73,1,6,143,4,137,1.00e-25,109,56.52
5xg5,XP_052093372.1,47.312,93,45,1,3,95,49,137,9.39e-16,83.6,59.14
5xg5,CAB3997468.1,47.857,140,64,6,10,145,10,144,1.03e-25,107,65.00
5xg5,CAB3997468.1,47.778,90,42,3,8,97,60,144,5.72e-12,71.6,62.22
5xg5,XP_052280331.1,44.681,141,74,2,2,142,1,137,2.97e-25,108,60.99
5xg5,XP_052280331.1,57.500,40,17,0,104,143,7,46,0.002,50.1,75.00
5xg5,XP_052280330.1,44.681,141,74,2,2,142,1,137,3.35e-25,108,60.99
5xg5,XP_052280330.1,57.500,40,17,0,104,143,7,46,0.002,50.1,75.00
5xg5,XP_052819676.1,40.845,142,80,2,2,143,1,138,1.40e-24,107,57.04
5xg5,XP_052819676.1,43.299,97,51,2,3,99,50,142,4.13e-11,71.2,55.67
5xg5,XP_052785479.1,40.845,142,80,2,2,143,1,138,1.41e-24,107,57.04
5xg5,XP_052785479.1,43.299,97,51,2,3,99,50,142,4.18e-11,71.2,55.67
5xg5,KAH3846790.1,51.613,93,45,0,2,94,1,93,5.54e-24,100,66.67
5xg5,KAH3846790.1,52.809,89,42,0,54,142,5,93,3.20e-23,98.6,68.54
5xg5,KAH3846790.1,61.905,42,16,0,102,143,5,46,2.28e-07,57.8,76.19
5xg5,KAL5020926.1,41.429,140,76,4,6,144,38,172,5.65e-24,105,59.29
5xg5,KAL5020926.1,40.816,98,56,2,49,145,33,129,3.45e-14,79.7,59.18
5xg5,VDI46189.1,57.471,87,37,0,6,92,4,90,7.21e-24,100,68.97
5xg5,VDI46189.1,57.471,87,37,0,54,140,4,90,7.21e-24,100,68.97
5xg5,VDI46189.1,75.610,41,10,0,102,142,4,44,3.11e-11,68.2,82.93
5xg5,XP_041368082.1,40.602,133,75,2,8,140,22,150,9.79e-24,105,60.90
5xg5,XP_041368082.1,42.424,99,53,1,48,142,10,108,2.51e-14,80.1,56.57
5xg5,KAH3846266.1,40.690,145,77,3,6,145,7,147,1.28e-22,102,61.38
5xg5,KAH3846266.1,36.667,120,58,3,3,108,57,172,6.24e-10,67.8,55.00
5xg5,CAL4156955.1,41.007,139,76,4,6,143,22,155,1.31e-21,99.8,59.71
5xg5,XP_020622261.1,45.985,137,66,5,8,140,11,143,1.41e-21,99.0,62.04
5xg5,XP_020622261.1,48.352,91,43,3,56,142,11,101,1.35e-12,75.1,65.93
5xg5,XP_020622261.1,47.727,88,42,2,5,92,60,143,3.18e-11,71.2,59.09
5xg5,VDI44684.1,47.414,116,57,2,6,121,4,115,1.55e-21,94.7,59.48
5xg5,VDI44684.1,51.724,87,42,0,54,140,4,90,6.83e-18,85.5,64.37
5xg5,VDI44684.1,46.479,71,34,2,3,73,49,115,3.06e-07,57.8,57.75
5xg5,VDI44684.1,53.659,41,19,0,102,142,4,44,0.012,45.8,68.29
5xg5,KAL5012346.1,51.685,89,43,0,6,94,24,112,4.80e-21,94.0,64.04
5xg5,KAL5012346.1,51.685,89,43,0,54,142,24,112,4.80e-21,94.0,64.04
5xg5,PFX25108.1,46.479,142,59,7,8,145,8,136,4.98e-21,99.4,61.27
5xg5,XP_041365422.1,50.575,87,43,0,8,94,22,108,8.70e-21,92.8,64.37
5xg5,XP_041365422.1,50.575,87,43,0,56,142,22,108,8.70e-21,92.8,64.37
5xg5,XP_041365422.1,52.381,42,20,0,104,145,22,63,2.35e-05,53.1,66.67
5xg5,PCK09229.1,42.963,135,72,3,8,141,35,165,1.57e-20,98.2,57.04
5xg5,WAR15773.1,41.667,120,67,1,2,121,1,117,2.09e-20,92.4,59.17
5xg5,WAR15773.1,48.315,89,46,0,54,142,5,93,3.29e-20,92.0,67.42
5xg5,XP_004991260.1,40.714,140,74,4,6,140,20,155,8.20e-19,92.4,58.57
5xg5,7QE4_AAA,40.714,140,74,4,6,140,41,176,9.93e-19,92.4,58.57
5xg5,CAL4075530.1,39.568,139,77,4,6,143,4,136,1.85e-18,87.8,55.40
5xg5,MDR4487540.1,46.875,128,57,5,9,131,212,333,4.05e-18,90.9,63.28
5xg5,MDR4487540.1,51.250,80,33,2,8,83,256,333,2.17e-09,67.0,66.25
5xg5,MDR4487540.1,39.823,113,54,5,20,131,184,283,3.48e-08,63.5,55.75
5xg5,7QE3_AAA,39.855,138,78,2,6,140,41,176,6.35e-18,90.5,55.80
5xg5,KAL5020923.1,44.565,92,51,0,6,97,71,162,2.54e-17,85.5,59.78
5xg5,KAL5020923.1,44.565,92,51,0,54,145,71,162,2.54e-17,85.5,59.78
5xg5,CAL4061825.1,41.549,142,76,5,5,144,7,143,3.40e-17,84.7,55.63
5xg5,CAL4061825.1,46.078,102,51,3,3,104,54,151,2.84e-11,69.3,55.88
5xg5,KAI9137207.1,38.298,141,74,6,6,143,38,168,7.77e-16,81.6,56.03
5xg5,VDI21697.1,38.400,125,67,4,6,123,23,144,2.50e-15,80.1,55.20
5xg5,VDI21697.1,43.820,89,50,0,54,142,23,111,3.64e-15,79.7,60.67
5xg5,WAR29329.1,46.078,102,51,2,42,143,1,98,2.97e-15,81.6,58.82
5xg5,WAR29329.1,46.465,99,49,2,1,99,8,102,1.52e-14,79.7,57.58
5xg5,XP_041359615.1,37.594,133,76,4,8,140,15,140,3.00e-15,79.3,51.13
5xg5,KAJ3117874.1,38.889,126,68,4,6,131,189,305,3.72e-15,83.6,57.14
5xg5,WP_012486438.1,37.415,147,69,5,6,139,555,691,6.19e-15,83.2,52.38
5xg5,WP_148208795.1,37.415,147,69,5,6,139,565,701,6.77e-15,82.8,52.38
5xg5,XP_041377859.1,36.620,142,81,3,8,144,22,159,4.03e-14,79.7,53.52
5xg5,KAJ3124690.1,41.538,130,65,5,6,135,177,295,1.97e-13,79.0,54.62
5xg5,KAH3807994.1,43.564,101,53,2,42,142,1,97,3.60e-13,74.3,58.42
5xg5,KAH3807994.1,44.086,93,48,2,2,94,9,97,1.90e-11,69.7,58.06
5xg5,CAL4065461.1,38.028,142,82,4,6,145,182,319,2.46e-12,74.7,50.00
5xg5,CAL4065461.1,36.957,138,81,4,7,142,138,271,6.21e-12,73.6,51.45
5xg5,CAL4065461.1,37.143,140,82,4,8,145,45,180,6.05e-10,68.2,49.29
5xg5,MEM7376590.1,37.063,143,80,6,6,144,80,216,3.00e-12,75.1,55.24
8a85,8A85_A,100.000,166,0,0,1,166,25,190,9.54e-120,346,100.00
8a85,WP_069164862.1,69.512,164,50,0,3,166,10,173,4.38e-83,253,84.15
8a85,WP_396964156.1,68.293,164,52,0,3,166,10,173,2.45e-82,251,83.54
8a85,WP_142005843.1,69.277,166,51,0,1,166,7,172,3.40e-81,248,80.72
8a85,WP_392423940.1,68.675,166,52,0,1,166,7,172,8.25e-81,247,80.72
8a85,8ADX_A,70.370,162,48,0,5,166,31,192,4.57e-80,246,82.72
8a85,WP_397152556.1,63.158,171,58,1,1,166,11,181,2.17e-79,244,80.12
8a85,WP_319486319.1,64.815,162,57,0,5,166,11,172,4.12e-78,240,82.72
8a85,WP_037341997.1,66.049,162,55,0,5,166,11,172,6.24e-78,240,80.86
8a85,WP_069164865.1,62.573,171,59,1,1,166,11,181,8.53e-78,240,78.95
8a85,WP_013139800.1,66.463,164,55,0,3,166,7,170,4.43e-77,238,78.05
8a85,WP_319496507.1,64.198,162,58,0,5,166,11,172,4.44e-77,238,82.10
8a85,WP_377390449.1,67.284,162,53,0,5,166,11,172,1.53e-76,236,78.40
8a85,MDR3519096.1,68.519,162,51,0,5,166,11,172,2.65e-76,236,80.25
8a85,MDR3740069.1,65.432,162,56,0,5,166,10,171,2.67e-76,236,77.78
8a85,MDU2065240.1,64.417,163,58,0,4,166,2,164,3.21e-76,235,76.07
8a85,WP_345621638.1,65.089,169,56,1,1,166,15,183,3.42e-76,236,73.37
8a85,WP_200192790.1,66.667,162,54,0,5,166,11,172,7.84e-76,235,78.40
8a85,WP_165631589.1,68.902,164,51,0,3,166,9,172,1.28e-75,234,76.83
8a85,WP_342766340.1,64.815,162,57,0,5,166,11,172,1.41e-75,234,79.63
8a85,WP_405162117.1,60.819,171,62,1,1,166,11,181,1.83e-75,234,78.36
8a85,MFE2426010.1,66.867,166,55,0,1,166,8,173,2.08e-75,234,75.30
8a85,WP_066139192.1,64.198,162,58,0,5,166,11,172,2.45e-75,233,79.63
8a85,HEX7730353.1,64.815,162,57,0,5,166,10,171,3.32e-75,233,75.93
8a85,WP_164633709.1,68.323,161,51,0,6,166,12,172,3.32e-75,233,78.26
8a85,WP_092521642.1,68.902,164,51,0,3,166,9,172,5.15e-75,233,76.22
8a85,WP_406222021.1,65.663,166,57,0,1,166,7,172,5.68e-75,233,76.51
8a85,WP_107344594.1,67.702,161,52,0,6,166,12,172,9.51e-75,232,78.26
8a85,WP_042695336.1,65.432,162,56,0,5,166,11,172,9.74e-75,232,78.40
8a85,WP_330218345.1,62.963,162,60,0,5,166,29,190,9.79e-75,233,79.01
8a85,WP_012334964.1,62.963,162,60,0,5,166,11,172,1.02e-74,232,79.01
8a85,WP_362613585.1,64.458,166,59,0,1,166,7,172,1.43e-74,231,77.71
8a85,WP_329170804.1,65.663,166,57,0,1,166,7,172,1.59e-74,231,75.90
8a85,WP_305884113.1,65.031,163,56,1,2,164,9,170,2.03e-74,231,77.91
8a85,TMC19757.1,63.030,165,61,0,2,166,6,170,3.21e-74,231,76.36
8a85,WP_163138848.1,65.455,165,56,1,2,166,9,172,4.13e-74,230,80.00
8a85,WP_164573071.1,67.081,161,53,0,6,166,12,172,4.41e-74,230,78.26
8a85,WP_351587198.1,65.663,166,57,0,1,166,8,173,6.61e-74,230,74.10
8a85,WP_093423929.1,66.867,166,55,0,1,166,11,176,6.99e-74,230,76.51
8a85,WP_253234536.1,64.198,162,58,0,5,166,61,222,7.04e-74,231,79.01
8a85,WP_351515591.1,66.265,166,56,0,1,166,7,172,7.38e-74,229,76.51
8a85,WP_344547296.1,61.538,169,62,1,1,166,15,183,7.41e-74,230,75.74
8a85,WP_321526654.1,63.030,165,60,1,2,166,9,172,9.49e-74,229,79.39
8a85,WP_116683141.1,64.198,162,58,0,5,166,11,172,9.49e-74,229,79.01
8a85,MCM5551828.1,64.375,160,57,0,7,166,1,160,1.04e-73,229,77.50
8a85,WP_205493563.1,66.250,160,54,0,7,166,1,160,1.09e-73,229,78.75
8a85,WP_412809177.1,64.458,166,59,0,1,166,7,172,1.11e-73,229,78.92
8a85,WP_415192456.1,67.081,161,53,0,6,166,12,172,1.14e-73,229,77.64
8a85,WP_250055881.1,65.060,166,58,0,1,166,7,172,2.13e-73,228,75.30
8a85,WP_052423628.1,63.095,168,59,1,2,166,15,182,2.67e-73,229,75.60
8a85,WP_321336217.1,62.424,165,61,1,2,166,9,172,2.96e-73,228,79.39
8a85,WP_030261769.1,65.663,166,57,0,1,166,8,173,2.97e-73,228,74.10
8a85,WP_140470065.1,68.153,157,50,0,5,161,7,163,2.99e-73,228,78.98
8a85,MEB4676078.1,66.879,157,52,0,5,161,7,163,3.03e-73,228,78.98
8a85,WP_403329808.1,66.867,166,55,0,1,166,7,172,3.20e-73,228,77.11
8a85,ELY5938884.1,66.879,157,52,0,5,161,7,163,3.27e-73,228,78.98
8a85,WP_326493818.1,62.963,162,60,0,5,166,11,172,3.65e-73,228,77.78
8a85,WP_077972214.1,64.671,167,56,1,3,166,17,183,3.74e-73,228,71.86
8a85,WP_340649435.1,65.432,162,56,0,5,166,11,172,3.77e-73,228,76.54
8a85,WP_379655532.1,65.432,162,56,0,5,166,11,172,4.07e-73,228,76.54
8a85,WP_230353413.1,65.605,157,54,0,5,161,7,163,4.59e-73,228,78.34
8a85,WP_364240763.1,69.427,157,48,0,10,166,5,161,4.63e-73,227,77.71
8a85,WP_301846425.1,64.242,165,58,1,2,166,9,172,5.01e-73,228,76.36
8a85,WP_398658562.1,66.867,166,55,0,1,166,12,177,5.73e-73,228,75.90
8a85,MBP2656444.1,62.346,162,61,0,5,166,3,164,5.83e-73,227,76.54
8a85,WP_019854369.1,64.634,164,58,0,3,166,9,172,6.17e-73,227,76.83
8a85,WP_281361418.1,65.854,164,56,0,3,166,9,172,6.31e-73,227,76.83
8a85,EKS7425964.1,66.242,157,53,0,5,161,7,163,8.02e-73,227,78.34
8a85,WP_193032728.1,66.667,156,52,0,6,161,8,163,8.47e-73,227,79.49
8a85,WP_392410511.1,61.818,165,62,1,2,166,9,172,8.48e-73,227,79.39
8a85,WP_193037265.1,66.242,157,53,0,5,161,7,163,8.66e-73,227,78.34
8a85,WP_014818365.1,67.273,165,54,0,1,165,7,171,8.77e-73,227,78.18
8a85,WP_352445816.1,66.038,159,54,0,5,163,7,165,8.95e-73,227,77.36
8a85,WP_054260766.1,62.346,162,61,0,5,166,3,164,9.13e-73,227,77.16
8a85,WP_325714743.1,63.855,166,60,0,1,166,7,172,1.00e-72,227,75.90
8a85,WP_188470661.1,66.879,157,52,0,5,161,7,163,1.03e-72,227,78.98
8a85,WP_045046748.1,65.605,157,54,0,5,161,7,163,1.11e-72,226,78.34
8a85,WP_024551482.1,66.879,157,52,0,5,161,7,163,1.15e-72,226,78.34
8a85,GBU11799.1,66.879,157,52,0,5,161,7,163,1.16e-72,226,78.34
8a85,HKS34923.1,66.242,157,53,0,5,161,7,163,1.18e-72,226,78.34
8a85,8B30_A,67.925,159,51,0,5,163,26,184,1.25e-72,227,81.13
8a85,WP_345828157.1,67.516,157,51,0,5,161,8,164,1.39e-72,226,78.98
8a85,WP_393361938.1,62.651,166,62,0,1,166,7,172,1.47e-72,226,77.11
8a85,WP_356373409.1,66.265,166,56,0,1,166,15,180,1.68e-72,226,76.51
8a85,WP_122628196.1,61.111,162,63,0,5,166,3,164,1.71e-72,226,77.16
8a85,WP_388858253.1,65.060,166,58,0,1,166,7,172,1.99e-72,226,75.30
8a85,WP_166515377.1,66.242,157,53,0,5,161,7,163,2.06e-72,226,76.43
8a85,WP_067708330.1,66.879,157,52,0,5,161,8,164,2.17e-72,226,78.98
8a85,WP_405618282.1,66.867,166,55,0,1,166,17,182,2.28e-72,226,75.30
8a85,WP_103272806.1,61.212,165,63,1,2,166,9,172,2.37e-72,226,79.39
8a85,WP_240180676.1,66.867,166,55,0,1,166,7,172,2.37e-72,226,76.51
8a85,WP_416251110.1,66.242,157,53,0,5,161,7,163,2.40e-72,226,78.98
8a85,WP_109284550.1,66.265,166,56,0,1,166,14,179,2.68e-72,226,75.30
8a85,WP_380670507.1,65.663,166,57,0,1,166,10,175,2.71e-72,226,76.51
8a85,WP_159470992.1,65.663,166,57,0,1,166,7,172,2.77e-72,226,77.71
8a85,WP_043081218.1,65.605,157,54,0,5,161,7,163,2.80e-72,226,76.43
8a85,WP_342697393.1,65.409,159,55,0,6,164,8,166,2.86e-72,226,77.99
8a85,WP_202561343.1,65.605,157,54,0,5,161,7,163,2.92e-72,226,77.71
8a85,WP_029111916.1,66.867,166,55,0,1,166,7,172,2.92e-72,226,77.11
8a85,WP_193034785.1,66.242,157,53,0,5,161,7,163,3.02e-72,226,78.34
3vb8,3VB8_A,100.000,153,0,0,1,153,8,160,5.67e-109,317,100.00
3vb8,YP_003730.1,90.850,153,14,0,1,153,4,156,2.96e-96,285,92.81
3vb8,3II2_A,90.850,153,14,0,1,153,4,156,3.98e-96,285,92.81
3vb8,3ILE_A,90.196,153,15,0,1,153,4,156,2.18e-95,283,92.16
3vb8,3ILD_A,90.196,153,15,0,1,153,4,156,2.20e-95,283,92.16
3vb8,NP_963945.1,45.033,151,83,0,3,153,7,157,7.99e-40,142,66.89
3vb8,WP_152943267.1,36.424,151,92,3,1,151,1,147,9.24e-21,94.0,56.29
5vnv,5VNV_A,100.000,120,0,0,1,120,1,120,9.48e-83,248,100.00
5vnv,6O3C_B,85.246,122,14,1,1,118,1,122,1.92e-64,202,86.89
5vnv,8FXV_B,84.746,118,18,0,1,118,1,118,1.05e-63,200,87.29
5vnv,QGY73579.1,85.593,118,16,1,1,118,1,117,3.09e-63,199,87.29
5vnv,7UPM_B,82.927,123,15,2,1,118,1,122,5.01e-63,198,86.18
5vnv,7YAG_C,83.333,126,13,2,1,118,1,126,5.69e-63,199,84.92
5vnv,QGY73587.1,84.746,118,18,0,1,118,1,118,7.93e-63,198,87.29
5vnv,9MNW_C,84.167,120,19,0,1,120,23,142,1.02e-62,199,85.83
5vnv,QGY73582.1,83.898,118,19,0,1,118,1,118,1.39e-62,197,87.29
5vnv,QGY73581.1,83.898,118,19,0,1,118,1,118,1.47e-62,197,87.29
5vnv,QGY73588.1,84.746,118,18,0,1,118,1,118,1.62e-62,197,87.29
5vnv,QGY73589.1,85.593,118,17,0,1,118,1,118,1.82e-62,197,86.44
5vnv,QGY73577.1,80.952,126,16,1,1,118,1,126,3.47e-62,197,82.54
5vnv,QGY73584.1,84.746,118,18,0,1,118,1,118,4.44e-62,196,87.29
5vnv,QGY73578.1,82.787,122,17,2,1,118,1,122,1.92e-61,195,86.89
5vnv,QGY73583.1,81.967,122,18,1,1,118,1,122,2.89e-61,194,86.07
5vnv,8X7N_B,82.787,122,17,2,1,118,2,123,2.96e-61,194,86.07
5vnv,QGY73585.1,83.898,118,14,1,1,118,1,113,3.04e-61,194,88.14
5vnv,8FXS_D,82.203,118,21,0,1,118,1,118,3.27e-61,194,86.44
5vnv,9EAH_A,84.746,118,18,0,1,118,1,118,4.14e-61,207,87.29
5vnv,7SL8_B,83.898,118,19,0,1,118,3,120,7.43e-61,193,86.44
5vnv,7K65_B,83.898,118,19,0,1,118,1,118,7.52e-61,193,83.90
5vnv,9B9Y_N,81.301,123,17,2,1,118,1,122,1.18e-60,192,83.74
5vnv,WP_377804187.1,82.203,118,20,1,1,118,9,125,3.77e-60,192,85.59
5vnv,QGY73586.1,82.203,118,21,0,1,118,1,118,4.91e-60,191,83.90
5vnv,7SL9_B,81.967,122,18,1,1,118,3,124,6.02e-60,191,84.43
5vnv,QGY73580.1,82.114,123,16,2,1,118,1,122,7.59e-60,191,82.93
5vnv,6C5W_C,82.051,117,21,0,2,118,1,117,1.06e-59,190,83.76
5vnv,QYK30720.1,82.203,118,20,1,1,118,1,117,1.13e-59,190,84.75
5vnv,4DKA_A,76.378,127,21,2,1,118,1,127,3.72e-59,189,81.10
5vnv,4DK3_A,76.378,127,21,2,1,118,1,127,4.52e-59,189,81.10
5vnv,7UTG_A,80.992,121,21,2,1,120,1,120,5.57e-59,189,84.30
5vnv,QYK30719.1,79.032,124,20,1,1,118,1,124,6.27e-59,189,79.84
5vnv,6H16_B,79.832,119,23,1,1,118,1,119,6.27e-59,188,85.71
5vnv,9J7Y_H,78.862,123,21,2,1,118,1,123,6.39e-59,188,85.37
5vnv,QYI39984.1,77.966,118,26,0,1,118,1,118,8.12e-59,188,82.20
5vnv,QJG66105.1,77.600,125,21,2,1,118,1,125,1.09e-58,187,82.40
5vnv,6WAQ_A,77.600,125,21,2,1,118,1,125,1.22e-58,187,82.40
5vnv,6DO1_C,77.953,127,18,2,1,118,1,126,1.26e-58,187,81.89
5vnv,8SBB_B,80.328,122,20,1,1,118,3,124,2.12e-58,187,83.61
5vnv,7UNY_B,78.226,124,21,2,1,118,1,124,2.53e-58,187,82.26
5vnv,WP_266035051.1,78.049,123,22,2,1,118,3,125,2.95e-58,187,85.37
5vnv,8DYP_B,81.197,117,18,1,6,118,1,117,3.01e-58,186,84.62
5vnv,5LHR_B,80.165,121,21,2,1,118,1,121,3.24e-58,187,85.12
5vnv,7R9D_N,78.333,120,26,0,1,120,1,120,4.17e-58,186,83.33
5vnv,8JTW_B,81.148,122,19,2,1,118,1,122,5.89e-58,186,83.61
5vnv,XNK00013.1,77.869,122,23,2,1,118,1,122,6.15e-58,186,84.43
5vnv,7T83_A,78.333,120,26,0,1,120,3,122,6.37e-58,186,83.33
5vnv,BDZ37329.1,79.167,120,23,2,1,118,3,122,8.80e-58,185,83.33
5vnv,XNK00020.1,76.230,122,25,2,1,118,1,122,9.54e-58,186,84.43
5vnv,7KKJ_A,81.513,119,21,1,1,118,1,119,1.01e-57,185,82.35
5vnv,6NFJ_B,76.423,123,24,1,1,118,1,123,1.28e-57,185,82.11
5vnv,7BU6_B,77.869,122,25,1,1,120,1,122,1.45e-57,185,81.97
5vnv,7KKK_B,80.672,119,22,1,1,118,1,119,1.53e-57,184,81.51
5vnv,8GSI_F,76.423,123,26,2,1,120,2,124,1.86e-57,185,82.11
5vnv,4FHB_D,72.868,129,24,2,1,118,1,129,1.90e-57,185,79.07
5vnv,7YM8_D,83.193,119,16,3,1,118,23,138,1.90e-57,185,85.71
5vnv,6OS1_D,75.969,129,21,2,1,120,1,128,2.32e-57,184,79.84
5vnv,6B20_E,79.661,118,20,1,1,118,1,114,2.71e-57,184,82.20
5vnv,CAQ53179.1,77.600,125,21,2,1,118,1,125,2.95e-57,189,82.40
5vnv,8F8V_A,81.667,120,20,2,1,118,1,120,3.11e-57,184,85.00
5vnv,XNK00015.1,76.230,122,25,2,1,118,1,122,3.19e-57,184,84.43
5vnv,WP_266035035.1,77.419,124,22,2,1,118,3,126,3.52e-57,184,83.06
5vnv,8Q7O_A,79.832,119,23,1,1,118,4,122,3.99e-57,184,83.19
5vnv,AAL35858.1,77.049,122,23,2,2,118,2,123,3.99e-57,184,81.97
5vnv,5F7L_B,76.230,122,24,1,1,117,1,122,4.06e-57,184,80.33
5vnv,WIK58388.1,80.508,118,20,2,2,118,4,119,4.14e-57,183,83.90
5vnv,AXC07730.1,78.512,121,23,2,1,118,1,121,4.61e-57,183,84.30
5vnv,QYK30713.1,83.193,119,19,1,1,118,1,119,4.66e-57,192,84.03
5vnv,6GJU_C,81.667,120,20,2,1,118,1,120,4.99e-57,184,84.17
5vnv,8DTN_A,80.000,120,19,3,1,118,1,117,5.46e-57,183,85.00
5vnv,7UNZ_A,79.167,120,23,1,1,118,1,120,5.78e-57,183,81.67
5vnv,4XT1_C,78.814,118,25,0,1,118,5,122,5.87e-57,184,81.36
5vnv,8TH4_B,77.966,118,26,0,1,118,1,118,7.36e-57,184,83.90
5vnv,AXC07786.1,80.672,119,21,2,1,118,1,118,7.58e-57,183,81.51
5vnv,CAQ53178.1,75.397,126,23,2,1,118,1,126,7.66e-57,188,81.75
5vnv,5TP3_A,74.400,125,25,2,1,118,1,125,9.27e-57,183,82.40
5vnv,9BDE_N,73.600,125,28,2,1,120,1,125,1.09e-56,183,82.40
5vnv,5TOJ_D,74.400,125,25,2,1,118,1,125,1.12e-56,183,82.40
5vnv,5HVG_B,77.236,123,22,2,1,118,1,122,1.19e-56,182,81.30
5vnv,6QUP_B,78.689,122,21,2,1,120,2,120,1.19e-56,182,80.33
5vnv,4AQ1_B,75.806,124,24,2,1,118,1,124,1.23e-56,182,80.65
5vnv,6V80_E,78.151,119,25,1,1,118,1,119,1.27e-56,182,82.35
5vnv,7RXC_N,78.049,123,24,2,1,120,1,123,1.34e-56,182,83.74
5vnv,7EH3_A,75.194,129,21,2,1,118,2,130,1.38e-56,182,79.07
5vnv,AIO05489.1,75.200,125,24,1,1,118,1,125,1.44e-56,182,78.40
5vnv,AAQ19990.1,79.661,118,19,2,2,118,2,115,1.47e-56,182,82.20
5vnv,4KSD_B,79.832,119,22,2,1,118,1,118,1.47e-56,182,84.03
5vnv,WP_265960462.1,75.397,126,20,3,1,118,3,125,1.65e-56,182,82.54
5vnv,8AOM_V,77.966,118,26,0,1,118,2,119,1.76e-56,182,83.05
5vnv,6GKD_C,77.236,123,23,2,1,118,1,123,2.05e-56,183,82.93
5vnv,4HEM_E,75.610,123,25,2,1,118,1,123,2.18e-56,182,83.74
5vnv,8P8A_Z,76.423,123,24,2,1,118,1,123,2.26e-56,182,82.93
5vnv,5JQH_C,78.992,119,24,1,1,118,1,119,2.38e-56,182,82.35
5vnv,7R1Z_E,73.810,126,25,2,1,118,3,128,2.40e-56,182,81.75
5vnv,7AQY_C,76.190,126,22,3,1,118,1,126,2.47e-56,182,80.16
5vnv,5IMK_B,76.800,125,22,2,1,118,1,125,2.47e-56,182,80.80
5vnv,6TYL_D,77.419,124,22,2,1,118,1,124,2.75e-56,182,80.65
5vnv,8R4B_B,76.378,127,21,3,1,118,1,127,2.78e-56,182,79.53
5vnv,5TOK_D,74.603,126,23,3,1,118,1,125,2.88e-56,182,81.75
4ess,4ESS_A,98.137,161,0,2,1,158,2,162,5.53e-103,303,98.14
4ess,3V45_A,96.894,161,2,2,1,158,2,162,5.25e-101,298,97.52
4ess,4ETJ_A,96.894,161,2,2,1,158,2,162,9.70e-101,297,96.89
4ess,4KYB_A,95.652,161,4,2,1,158,2,162,1.80e-99,294,95.65
4ess,4GVV_A,95.031,161,5,2,1,158,2,162,4.66e-99,293,95.03
4ess,4K0C_A,95.031,161,5,2,1,158,2,162,1.25e-98,292,95.65
4ess,4JGK_A,95.031,161,5,2,1,158,2,162,1.96e-98,291,95.03
4ess,4JCA_A,94.410,161,6,2,1,158,2,162,1.74e-97,289,95.03
4ess,4ETK_A,95.031,161,5,2,1,158,2,162,3.67e-97,288,95.03
4ess,4J4Z_A,93.789,161,7,2,1,158,2,162,9.33e-97,287,94.41
4ess,4JVV_A,93.631,157,7,2,1,154,2,158,6.67e-93,277,94.27
4ess,WP_008630908.1,88.535,157,15,2,1,154,2,158,3.67e-84,255,89.17
4ess,WP_201351098.1,87.898,157,16,2,1,154,2,158,8.25e-84,254,89.17
4ess,WP_353300267.1,87.898,157,16,2,1,154,2,158,1.10e-83,254,89.17
4ess,WP_143584507.1,87.898,157,16,2,1,154,2,158,1.10e-83,254,89.17
4ess,GAB2306473.1,87.898,157,16,2,1,154,2,158,1.35e-83,253,88.54
4ess,WP_060384773.1,87.898,157,16,2,1,154,2,158,2.29e-83,253,88.54
4ess,WP_223903238.1,87.898,157,16,2,1,154,2,158,5.38e-83,252,88.54
4ess,2DX6_A,87.898,157,16,2,1,154,2,158,6.14e-83,252,88.54
4ess,WP_188848180.1,86.624,157,18,2,1,154,2,158,2.42e-82,250,88.54
4ess,WP_093008162.1,86.624,157,18,2,1,154,2,158,3.14e-81,248,87.90
4ess,WP_347241884.1,84.713,157,21,2,1,154,2,158,2.64e-80,245,87.90
4ess,WP_071676590.1,84.713,157,21,2,1,154,2,158,9.82e-80,244,86.62
4ess,WP_234507536.1,84.713,157,21,2,1,154,2,158,1.57e-79,243,86.62
4ess,WP_022797317.1,84.076,157,22,2,1,154,2,158,1.88e-79,243,87.90
4ess,WP_314132561.1,84.076,157,22,2,1,154,2,158,2.88e-79,243,87.90
4ess,WP_353512997.1,83.439,157,23,2,1,154,2,158,4.41e-79,242,86.62
4ess,WP_053767050.1,84.076,157,22,2,1,154,2,158,8.90e-79,241,87.26
4ess,WP_060474030.1,83.439,157,23,2,1,154,2,158,1.96e-78,240,87.26
4ess,WP_117238124.1,82.166,157,25,2,1,154,2,158,4.50e-77,237,85.99
4ess,WP_126212215.1,82.803,157,24,2,1,154,2,158,5.48e-77,237,86.62
4ess,MFN4071606.1,81.529,157,26,2,1,154,2,158,1.29e-76,236,87.90
4ess,WP_279165459.1,82.692,156,24,2,1,153,2,157,1.41e-76,236,86.54
4ess,WP_126218599.1,82.803,157,24,2,1,154,2,158,1.57e-76,236,85.99
4ess,WP_126204048.1,82.166,157,25,2,1,154,2,158,1.71e-76,236,85.99
4ess,WP_234558447.1,82.166,157,25,2,1,154,2,158,1.75e-76,236,87.26
4ess,WP_019551222.1,82.166,157,25,2,1,154,2,158,2.07e-76,235,86.62
4ess,WP_039459675.1,81.529,157,26,2,1,154,2,158,2.49e-76,235,86.62
4ess,WP_126209327.1,82.166,157,25,2,1,154,2,158,5.24e-76,234,85.99
4ess,WP_243095472.1,81.529,157,26,2,1,154,2,158,5.54e-76,234,85.99
4ess,WP_234555219.1,81.529,157,26,2,1,154,2,158,5.79e-76,234,86.62
4ess,WP_219759979.1,80.892,157,27,2,1,154,2,158,1.11e-75,233,87.26
4ess,WP_243030114.1,80.892,157,27,2,1,154,2,158,1.27e-75,233,87.26
4ess,WP_126170672.1,82.166,157,25,2,1,154,2,158,2.04e-75,233,85.35
4ess,WP_135343234.1,80.892,157,27,2,1,154,2,158,2.74e-75,233,86.62
4ess,MDM7324843.1,80.892,157,27,2,1,154,2,158,3.13e-75,232,85.35
4ess,WP_015716558.1,80.255,157,28,2,1,154,2,158,3.38e-75,232,87.26
4ess,WP_028494310.1,80.892,157,27,2,1,154,2,158,4.70e-75,232,86.62
4ess,WP_114313858.1,80.255,157,28,2,1,154,2,158,6.52e-75,231,87.26
4ess,WP_414425221.1,80.892,157,27,2,1,154,2,158,1.13e-74,231,85.99
4ess,WP_038068438.1,79.618,157,29,2,1,154,2,158,1.36e-74,231,86.62
4ess,WP_243091188.1,80.255,157,28,2,1,154,2,158,1.47e-74,231,86.62
4ess,WP_135257813.1,80.892,157,27,2,1,154,2,158,1.55e-74,231,85.35
4ess,WP_243028612.1,80.255,157,28,2,1,154,2,158,1.89e-74,230,85.99
4ess,WP_038043093.1,80.255,157,28,2,1,154,2,158,2.77e-74,230,85.99
4ess,WP_038056054.1,80.255,157,28,2,1,154,2,158,3.23e-74,230,85.99
4ess,WP_409604641.1,79.618,157,29,2,1,154,2,158,3.69e-74,229,86.62
4ess,WP_018110587.1,80.255,157,28,2,1,154,2,158,4.54e-74,229,86.62
4ess,WP_038045400.1,80.255,157,28,2,1,154,2,158,1.71e-73,228,84.71
4ess,WP_038062860.1,77.707,157,32,2,1,154,2,158,2.37e-73,228,84.71
4ess,WP_105317325.1,78.981,157,30,2,1,154,2,158,3.56e-73,227,85.99
4ess,MFN3180247.1,85.211,142,18,2,1,139,2,143,4.05e-73,227,90.85
4ess,WP_126165251.1,78.981,157,30,2,1,154,2,158,7.18e-73,226,85.35
4ess,WP_337844511.1,78.981,157,30,2,1,154,2,158,1.16e-72,226,85.99
4ess,WP_018461090.1,77.707,157,32,2,1,154,2,158,6.29e-72,224,85.99
4ess,WP_413217329.1,77.707,157,32,2,1,154,2,158,6.86e-72,224,85.99
4ess,WP_295425700.1,78.344,157,31,2,1,154,2,158,1.54e-71,223,84.08
4ess,WP_014516247.1,78.344,157,31,2,1,154,2,158,4.00e-71,222,83.44
4ess,WP_016328512.1,77.070,157,33,2,1,154,2,158,1.12e-70,221,85.35
4ess,MEN2982899.1,77.707,157,32,2,1,154,2,158,2.47e-70,220,83.44
4ess,WP_130842668.1,77.070,157,33,2,1,154,2,158,1.28e-69,218,83.44
4ess,MER3451879.1,77.070,157,33,2,1,154,2,158,1.79e-69,218,82.80
4ess,WP_013704823.1,73.248,157,39,2,1,154,2,158,6.57e-67,211,81.53
4ess,WP_110525491.1,73.248,157,39,2,1,154,2,158,1.29e-65,208,80.25
4ess,MBI5813881.1,71.338,157,42,2,1,154,2,158,5.19e-65,206,80.89
4ess,MCL6569308.1,72.611,157,40,2,1,154,3,159,6.98e-65,206,81.53
4ess,HFB38806.1,73.248,157,39,2,1,154,2,158,1.44e-64,205,78.34
4ess,WP_013156607.1,70.701,157,43,2,1,154,2,158,3.03e-64,204,80.89
4ess,WP_276954862.1,70.701,157,43,2,1,154,2,158,7.94e-64,203,79.62
4ess,HEU4743555.1,69.427,157,45,2,1,154,2,158,2.88e-62,199,78.98
4ess,MER3425767.1,78.873,142,27,2,16,154,1,142,7.75e-62,198,82.39
4ess,MER3481014.1,67.516,157,48,2,1,154,2,158,2.66e-61,197,79.62
4ess,MER3554883.1,69.427,157,45,2,1,154,2,158,2.01e-60,195,76.43
4ess,WP_119277008.1,66.667,159,49,3,1,156,2,159,9.11e-60,193,78.62
4ess,MCL6527125.1,68.590,156,45,3,1,153,2,156,3.70e-59,192,78.85
4ess,WP_119357463.1,68.590,156,45,3,1,153,2,156,1.17e-58,190,78.85
4ess,WP_293180009.1,67.516,157,48,2,1,154,2,158,2.62e-58,189,76.43
4ess,RDI94764.1,69.032,155,45,2,1,152,2,156,3.66e-58,190,78.71
4ess,WP_293172900.1,66.879,157,49,2,1,154,2,158,4.74e-58,189,76.43
4ess,WP_013458586.1,66.879,157,49,2,1,154,2,158,5.46e-58,189,76.43
4ess,WP_147148498.1,67.516,157,48,2,1,154,2,158,1.17e-57,188,76.43
4ess,XOB98250.1,66.879,157,49,2,1,154,2,158,2.50e-57,187,75.80
4ess,WP_287409867.1,65.605,157,51,2,1,154,2,158,5.20e-57,186,77.07
4ess,WP_287371630.1,65.605,157,51,2,1,154,2,158,8.23e-57,186,76.43
4ess,WP_295398712.1,63.975,161,54,3,1,158,2,161,1.14e-56,186,74.53
4ess,MBF6595164.1,68.153,157,47,2,1,154,2,158,1.21e-56,185,77.71
4ess,WP_119339664.1,64.968,157,52,2,1,154,2,158,1.62e-56,185,75.80
4ess,HHQ42520.1,65.605,157,51,2,1,154,2,158,3.03e-56,184,75.80
4ess,WP_208014762.1,63.975,161,54,3,1,158,2,161,4.51e-56,184,73.91
4ess,WP_018467700.1,64.516,155,52,2,1,152,2,156,8.65e-56,183,76.77
4gvw,4GVW_A,100.000,192,0,0,1,192,1,192,2.34e-135,387,100.00
4gvw,AAB89725.1,96.875,192,6,0,1,192,8,199,1.03e-128,370,96.88
4gvw,WP_048064404.1,96.875,192,6,0,1,192,1,192,1.20e-128,370,96.88
4gvw,7WR6_B,96.875,192,6,0,1,192,9,200,4.68e-128,369,96.88
4gvw,2BFQ_A,96.859,191,6,0,2,192,2,192,1.04e-127,368,96.86
4gvw,1VHU_A,94.764,191,10,0,2,192,11,201,4.33e-123,357,94.76
4gvw,6FX7_A,92.188,192,15,0,1,192,24,215,1.30e-120,351,94.27
4gvw,WP_290596278.1,84.127,189,30,0,1,189,1,189,1.26e-107,317,90.48
4gvw,WP_202319850.1,81.250,192,36,0,1,192,1,192,2.63e-105,311,86.46
4gvw,WP_290725417.1,81.579,190,35,0,1,190,1,190,3.65e-104,308,88.95
4gvw,MDK2876882.1,76.111,180,42,1,12,191,1,179,4.30e-89,270,86.11
4gvw,MBO8183006.1,70.811,185,52,1,6,188,8,192,8.91e-86,262,81.62
4gvw,WP_290902085.1,70.157,191,55,1,1,189,3,193,7.71e-85,259,82.20
4gvw,RLI82045.1,68.421,190,58,1,1,188,3,192,3.13e-84,258,81.05
4gvw,WP_012965283.1,68.586,191,58,1,1,189,3,193,2.80e-83,255,82.20
4gvw,WP_193808611.1,69.474,190,56,1,1,188,1,190,3.53e-83,255,76.84
4gvw,WP_048090977.1,68.649,185,56,1,10,192,10,194,1.17e-80,249,78.38
4gvw,WP_012939935.1,68.478,184,56,1,8,189,5,188,1.40e-80,249,80.98
4gvw,NOY11345.1,66.845,187,60,1,8,192,8,194,2.21e-78,243,78.07
4gvw,WP_048096199.1,65.241,187,63,1,8,192,8,194,6.71e-77,239,77.54
4gvw,MET1125184.1,67.895,190,59,1,1,188,1,190,8.21e-76,236,78.95
4gvw,OYT33048.1,66.667,162,54,0,1,162,1,162,1.17e-71,226,80.86
4gvw,WP_167888615.1,61.497,187,70,1,4,188,1,187,6.78e-71,224,74.33
4gvw,MCD6157656.1,58.333,192,77,2,1,189,1,192,1.09e-69,221,75.00
4gvw,MCS7121325.1,68.098,163,50,1,11,171,11,173,1.45e-69,221,79.14
4gvw,HHC19011.1,60.109,183,62,2,9,190,9,181,1.92e-69,220,74.32
4gvw,RLF83313.1,60.989,182,69,1,10,189,6,187,2.50e-69,220,76.92
4gvw,WP_055281062.1,63.102,187,67,1,4,188,1,187,3.15e-69,220,77.01
4gvw,RLF66361.1,66.667,156,51,1,9,163,9,164,3.70e-69,219,82.05
4gvw,RLF79583.1,68.182,154,49,0,10,163,6,159,8.04e-69,218,81.82
4gvw,WP_287197892.1,63.187,182,64,2,10,189,6,186,8.15e-69,219,75.82
4gvw,WP_048163962.1,64.706,187,64,1,4,188,3,189,2.00e-68,218,75.94
4gvw,WP_209475046.1,62.011,179,66,1,12,188,2,180,2.43e-68,217,75.42
4gvw,WP_251949665.1,59.893,187,73,1,4,188,1,187,3.76e-68,217,72.73
4gvw,WP_004069936.1,63.441,186,66,1,5,188,1,186,7.75e-68,216,75.81
4gvw,HIP75460.1,59.649,171,68,1,5,175,1,170,4.86e-67,214,78.36
4gvw,WP_087036192.1,63.978,186,64,2,5,188,1,185,9.47e-67,213,76.34
4gvw,WP_297508344.1,60.894,179,68,1,12,188,1,179,4.73e-66,211,75.42
4gvw,WP_042698314.1,63.441,186,65,2,5,188,1,185,4.83e-66,211,75.81
4gvw,KUJ98729.1,62.903,186,66,2,5,188,1,185,1.16e-65,211,75.81
4gvw,WP_062371032.1,66.883,154,51,0,14,167,3,156,1.87e-65,210,79.87
4gvw,WP_058947448.1,60.753,186,71,1,5,188,1,186,2.16e-65,210,74.19
4gvw,ACS91028.1,60.847,189,72,1,1,187,1,189,4.90e-65,209,75.66
4gvw,MBC7108932.1,62.366,186,67,2,5,188,1,185,6.16e-65,209,75.81
4gvw,MDK2984180.1,62.366,186,67,2,5,188,1,185,7.50e-65,209,75.81
4gvw,WP_175060074.1,61.290,186,70,1,5,188,1,186,9.13e-65,208,75.27
4gvw,WP_297463943.1,63.415,164,59,1,12,175,1,163,1.04e-64,208,76.83
4gvw,HHI01189.1,65.193,181,61,1,10,188,6,186,1.30e-64,208,76.80
4gvw,WP_297497414.1,63.462,156,57,0,12,167,1,156,1.50e-64,207,78.85
4gvw,WP_042682293.1,61.170,188,71,2,6,191,2,189,2.07e-64,207,75.00
4gvw,WP_050002263.1,59.551,178,71,1,12,189,2,178,3.32e-64,207,74.16
4gvw,HDH43813.1,63.536,181,64,1,10,188,6,186,3.39e-64,207,76.80
4gvw,WP_048146596.1,58.889,180,72,1,14,191,2,181,4.00e-64,206,72.78
4gvw,CAB49569.1,58.889,180,72,1,14,191,5,184,4.66e-64,206,72.78
4gvw,WP_048160684.1,61.413,184,69,1,6,187,3,186,1.55e-63,205,76.09
4gvw,MDK2913279.1,63.842,177,62,1,12,186,2,178,1.57e-63,205,78.53
4gvw,WP_167774405.1,62.179,156,59,0,12,167,2,157,2.48e-63,204,78.85
4gvw,WP_048053411.1,59.322,177,70,1,14,188,2,178,3.36e-63,204,75.14
4gvw,O59182.1,59.322,177,70,1,14,188,5,181,3.87e-63,204,75.14
4gvw,WP_167716391.1,63.158,152,56,0,12,163,2,153,8.91e-63,203,78.95
4gvw,WP_297072562.1,58.101,179,73,1,14,190,2,180,2.72e-62,202,74.30
4gvw,WP_152880967.1,64.324,185,64,1,6,188,2,186,4.29e-62,201,76.76
4gvw,WP_167886415.1,64.286,182,63,1,12,191,2,183,4.49e-62,201,75.27
4gvw,WP_297063188.1,57.542,179,74,1,14,190,2,180,6.31e-62,201,74.30
4gvw,WP_252744149.1,65.217,184,62,1,6,187,2,185,6.71e-62,201,77.17
4gvw,WP_253305060.1,64.324,185,64,1,6,188,2,186,2.21e-61,200,76.76
4gvw,WP_014835438.1,63.068,176,63,1,14,187,2,177,4.70e-61,199,77.27
4gvw,MDI9645464.1,58.824,187,75,1,4,188,3,189,1.03e-60,198,75.40
4gvw,WP_011250841.1,61.582,177,66,1,12,186,2,178,1.84e-60,197,76.27
4gvw,WP_088863310.1,63.871,155,56,0,13,167,3,157,2.91e-60,197,80.65
4gvw,WP_062389117.1,62.360,178,65,1,12,187,2,179,4.67e-60,196,75.84
4gvw,WP_283217840.1,59.259,189,75,1,6,192,20,208,5.48e-60,197,72.49
4gvw,WP_297550319.1,60.894,179,68,1,14,190,2,180,7.97e-60,196,74.86
4gvw,WP_013468153.1,61.828,186,69,1,6,189,2,187,3.49e-59,194,74.73
4gvw,WP_088883163.1,66.667,150,50,0,14,163,4,153,3.63e-59,194,79.33
4gvw,WP_058938954.1,64.024,164,58,1,12,175,2,164,4.28e-59,194,78.66
4gvw,WP_297469068.1,60.335,179,69,1,14,190,2,180,5.76e-59,193,74.86
4gvw,WP_324735036.1,62.366,186,68,1,6,189,2,187,7.48e-59,194,74.73
4gvw,WP_297536357.1,60.894,179,68,1,14,190,2,180,9.39e-59,193,77.09
4gvw,WP_088857317.1,71.831,142,40,0,14,155,3,144,9.93e-59,193,83.80
4gvw,HDZ35455.1,60.894,179,68,1,12,188,2,180,1.26e-58,192,74.30
4gvw,WP_056934532.1,61.497,187,70,1,5,189,1,187,1.49e-58,193,74.33
4gvw,WP_167910680.1,68.750,144,45,0,12,155,1,144,1.64e-58,192,81.94
4gvw,WP_297127824.1,60.963,187,71,1,5,189,1,187,1.91e-58,192,74.33
4gvw,WP_167907524.1,60.000,180,70,1,12,189,2,181,2.86e-58,192,76.11
4gvw,WP_014788881.1,63.462,156,57,0,12,167,2,157,5.96e-58,191,79.49
4gvw,WP_013905500.1,62.346,162,60,1,14,175,2,162,9.86e-58,190,77.16
4gvw,WP_297090442.1,62.805,164,60,1,12,175,2,164,1.49e-57,190,77.44
4gvw,WP_167891086.1,59.551,178,70,1,13,188,3,180,3.34e-57,189,74.72
4gvw,WP_315341327.1,64.286,154,55,0,14,167,4,157,4.30e-57,189,80.52
4gvw,WP_088865514.1,56.425,179,76,1,12,188,2,180,7.16e-57,188,75.42
4gvw,WP_014013002.1,65.161,155,54,0,13,167,3,157,7.58e-57,188,79.35
4gvw,WP_167894799.1,64.474,152,54,0,12,163,2,153,1.34e-56,187,79.61
4gvw,WP_167731590.1,58.889,180,72,1,12,189,2,181,2.20e-56,187,74.44
4gvw,WP_088867222.1,64.103,156,56,0,12,167,2,157,3.16e-56,186,79.49
4gvw,WP_088181317.1,65.789,152,52,0,12,163,2,153,3.82e-56,186,80.26
4gvw,WP_048152610.1,66.234,154,52,0,14,167,2,155,4.17e-56,186,80.52
4gvw,WP_012572617.1,64.103,156,56,0,12,167,2,157,4.62e-56,186,75.00
4gvw,WP_372913659.1,58.989,178,71,1,14,189,1,178,4.70e-56,186,73.03
4gvw,ACS32727.1,58.427,178,73,1,12,189,3,179,5.16e-56,186,73.03
7q3k,7Q3K_A,100.000,104,0,0,1,104,2,105,4.62e-68,210,100.00
7q3k,7Q3J_A,96.154,104,4,0,1,104,2,105,6.31e-66,205,98.08
7q3k,5J7D_A,91.346,104,9,0,1,104,2,105,4.14e-59,187,92.31
7q3k,2PUK_C,43.269,104,59,0,1,104,2,105,1.11e-18,85.5,60.58
7q3k,1GL8_A,43.269,104,59,0,1,104,1,104,1.22e-18,85.1,59.62
7q3k,1FB0_A,43.269,104,59,0,1,104,2,105,1.31e-18,85.1,59.62
7q3k,XP_021771670.1,45.192,104,57,0,1,104,78,181,2.52e-18,86.7,58.65
7q3k,NP_001413268.1,43.269,104,59,0,1,104,76,179,5.69e-18,85.9,59.62
7q3k,P07591.2,43.269,104,59,0,1,104,76,179,5.88e-18,85.9,59.62
7q3k,XP_010692624.1,45.192,104,57,0,1,104,80,183,6.30e-18,85.9,58.65
7q3k,XP_021760944.1,44.231,104,58,0,1,104,78,181,8.05e-18,85.5,58.65
7q3k,KAL2894143.1,42.308,104,60,0,1,104,79,182,1.25e-16,82.4,58.65
7q3k,AJK93574.1,42.308,104,60,0,1,104,81,184,1.58e-16,82.0,58.65
7q3k,XP_057533718.1,41.346,104,61,0,1,104,77,180,2.74e-16,81.3,58.65
7q3k,KAK9674450.1,39.423,104,63,0,1,104,22,125,6.45e-16,79.0,57.69
7q3k,MCR5669523.1,42.391,92,53,0,13,104,14,105,2.40e-15,77.0,67.39
7q3k,AGG19200.1,40.385,104,62,0,1,104,82,185,8.62e-15,77.8,53.85
7q3k,MCR5155082.1,41.304,92,54,0,13,104,14,105,1.56e-14,74.7,66.30
7q3k,MDD6061853.1,36.364,99,63,0,6,104,8,106,2.16e-14,74.7,60.61
7q3k,XP_010537331.2,39.423,104,63,0,1,104,127,230,2.38e-14,77.4,57.69
7q3k,MBQ9590847.1,40.217,92,55,0,13,104,14,105,2.55e-14,74.3,66.30
7q3k,KAH9605663.1,39.423,104,63,0,1,104,77,180,3.16e-14,76.3,59.62
7q3k,KAK1439593.1,40.385,104,62,0,1,104,67,170,3.62e-14,75.5,55.77
7q3k,WP_024866039.1,40.217,92,55,0,13,104,14,105,4.11e-14,73.9,66.30
7q3k,KAJ4841698.1,37.500,104,65,0,1,104,73,176,5.25e-14,75.5,54.81
7q3k,NBB73579.1,39.583,96,58,0,1,96,7,102,5.68e-14,73.6,62.50
7q3k,MBO4457931.1,41.304,92,54,0,13,104,14,105,5.82e-14,73.6,65.22
7q3k,XP_020224806.1,36.538,104,66,0,1,104,79,182,7.21e-14,75.1,55.77
7q3k,MBQ10101.1,39.394,99,60,0,2,100,5,103,8.42e-14,73.2,56.57
7q3k,MEC9279977.1,38.384,99,61,0,2,100,5,103,8.61e-14,73.2,57.58
7q3k,MBQ7680043.1,41.837,98,57,0,5,102,6,103,9.91e-14,72.8,62.24
7q3k,MCR5404994.1,39.130,92,56,0,13,104,14,105,1.14e-13,72.8,65.22
7q3k,WP_092329825.1,39.130,92,56,0,13,104,14,105,1.21e-13,72.8,65.22
7q3k,KAK9674040.1,38.614,101,62,0,4,104,82,182,1.26e-13,74.7,56.44
7q3k,MBE5826962.1,39.130,92,56,0,13,104,14,105,1.26e-13,72.4,66.30
7q3k,WP_026656325.1,41.304,92,54,0,13,104,14,105,1.29e-13,72.4,64.13
7q3k,WP_074463232.1,36.000,100,64,0,5,104,6,105,1.34e-13,72.4,65.00
7q3k,KAI3675394.1,37.500,104,65,0,1,104,82,185,1.36e-13,74.3,56.73
7q3k,MEE3005835.1,38.384,99,61,0,2,100,5,103,1.60e-13,72.4,56.57
7q3k,WP_074463335.1,41.304,92,54,0,13,104,14,105,1.72e-13,72.4,65.22
7q3k,NKB25657.1,33.663,101,67,0,4,104,4,104,1.99e-13,72.0,60.40
7q3k,KAI8013239.1,36.275,102,65,0,3,104,79,180,2.00e-13,73.9,55.88
7q3k,WWR15871.1,40.217,92,55,0,13,104,14,105,2.47e-13,72.0,63.04
7q3k,XP_013464712.1,34.615,104,68,0,1,104,70,173,2.49e-13,73.6,56.73
7q3k,XP_019434296.1,39.423,104,63,0,1,104,100,203,2.61e-13,74.3,54.81
7q3k,CAL0319457.1,39.423,104,63,0,1,104,101,204,2.66e-13,74.3,54.81
7q3k,WP_026651451.1,39.130,92,56,0,13,104,14,105,2.66e-13,71.6,66.30
7q3k,MBS1261458.1,36.634,101,64,0,4,104,4,104,2.75e-13,71.6,57.43
7q3k,WP_292203855.1,40.217,92,55,0,13,104,14,105,2.78e-13,71.6,65.22
7q3k,MDD3626152.1,39.785,93,53,1,13,102,15,107,2.79e-13,71.6,63.44
7q3k,WP_026661820.1,39.130,92,56,0,5,96,6,97,2.96e-13,71.6,64.13
7q3k,KAI8531447.1,38.614,101,62,0,4,104,72,172,3.02e-13,73.6,54.46
7q3k,MBQ2610260.1,35.000,100,65,0,5,104,6,105,3.30e-13,71.6,65.00
7q3k,KAH7832816.1,38.614,101,62,0,4,104,72,172,3.33e-13,73.2,54.46
7q3k,WP_042257114.1,39.130,92,56,0,5,96,6,97,3.33e-13,71.6,64.13
7q3k,WP_071177323.1,38.043,92,57,0,13,104,14,105,3.38e-13,71.6,66.30
7q3k,XP_025688125.1,35.577,104,67,0,1,104,75,178,3.57e-13,73.2,54.81
7q3k,MBR1671123.1,41.304,92,54,0,13,104,14,105,3.85e-13,71.2,65.22
7q3k,MAZ62624.1,38.384,99,61,0,2,100,5,103,3.90e-13,71.2,55.56
7q3k,MAM66931.1,38.384,99,61,0,2,100,5,103,3.94e-13,71.2,55.56
7q3k,HCF26226.1,36.538,104,66,0,1,104,4,107,4.08e-13,71.2,57.69
7q3k,KAE9608927.1,39.423,104,63,0,1,104,97,200,4.35e-13,73.6,54.81
7q3k,KAF7127325.1,38.614,101,62,0,4,104,72,172,4.84e-13,72.8,54.46
7q3k,XP_058188915.1,38.614,101,62,0,4,104,72,172,5.10e-13,72.8,54.46
7q3k,MCA9729049.1,37.624,101,63,0,4,104,4,104,5.64e-13,70.9,59.41
7q3k,MCZ7552727.1,40.217,92,55,0,13,104,16,107,5.68e-13,70.9,65.22
7q3k,XP_004487696.1,35.577,104,67,0,1,104,70,173,5.93e-13,72.4,54.81
7q3k,WP_126530903.1,36.735,98,62,0,1,98,5,102,6.06e-13,70.9,60.20
7q3k,ONI48189.1,37.000,100,63,0,5,104,4,103,6.08e-13,70.9,61.00
7q3k,XP_057749878.1,35.577,104,67,0,1,104,75,178,6.35e-13,72.8,54.81
7q3k,XP_049356578.1,38.614,101,62,0,4,104,87,187,6.45e-13,72.8,54.46
7q3k,WP_029231353.1,38.043,92,57,0,13,104,14,105,6.64e-13,70.9,66.30
7q3k,ADL35370.1,39.130,92,56,0,5,96,29,120,6.70e-13,71.2,64.13
7q3k,WP_026489300.1,38.043,92,57,0,13,104,14,105,6.71e-13,70.9,66.30
7q3k,MBQ7615095.1,39.130,92,56,0,13,104,14,105,6.78e-13,70.9,66.30
7q3k,XP_016188826.1,35.577,104,67,0,1,104,75,178,6.85e-13,72.4,54.81
7q3k,XP_006362954.1,38.614,101,62,0,4,104,87,187,6.87e-13,72.8,54.46
7q3k,GMP79654.1,37.624,101,63,0,4,104,14,114,6.93e-13,70.9,53.47
7q3k,WP_120658197.1,39.130,92,56,0,13,104,14,105,6.93e-13,70.9,65.22
7q3k,XP_049402152.1,38.614,101,62,0,4,104,87,187,7.02e-13,72.8,54.46
7q3k,WP_105229322.1,36.735,98,62,0,1,98,5,102,7.69e-13,70.5,60.20
7q3k,WP_034445038.1,39.130,92,56,0,13,104,14,105,7.81e-13,70.5,66.30
7q3k,WP_013282304.1,38.043,92,57,0,13,104,14,105,8.71e-13,70.5,66.30
7q3k,MFO7678474.1,35.922,103,66,0,2,104,5,107,8.79e-13,70.5,59.22
7q3k,WP_120741272.1,40.217,92,55,0,13,104,14,105,8.99e-13,70.5,65.22
7q3k,MCS5657454.1,39.130,92,56,0,2,93,5,96,9.46e-13,70.1,56.52
7q3k,XP_004248268.1,38.614,101,62,0,4,104,87,187,9.77e-13,72.4,54.46
7q3k,XP_015055933.1,38.614,101,62,0,4,104,87,187,9.98e-13,72.4,54.46
7q3k,XP_004502573.1,37.624,101,63,0,4,104,77,177,1.00e-12,72.0,55.45
7q3k,WP_292215004.1,39.130,92,56,0,13,104,14,105,1.04e-12,70.1,65.22
7q3k,KAK4723449.1,37.624,101,63,0,4,104,85,185,1.05e-12,72.4,54.46
7q3k,MBR4832164.1,38.043,92,57,0,13,104,14,105,1.05e-12,70.1,65.22
7q3k,KAL3325574.1,37.624,101,63,0,4,104,85,185,1.09e-12,72.0,54.46
7q3k,WP_092336885.1,36.000,100,64,0,5,104,6,105,1.11e-12,70.1,64.00
7q3k,WP_092245207.1,38.043,92,57,0,13,104,14,105,1.18e-12,70.1,65.22
7q3k,WP_044351751.1,36.275,102,65,0,1,102,5,106,1.27e-12,70.1,57.84
7q3k,WP_297703565.1,38.043,92,57,0,13,104,14,105,1.34e-12,70.1,65.22
7q3k,8QPD_A,35.644,101,65,0,4,104,8,108,1.40e-12,70.1,56.44
7q3k,XP_047966847.1,35.644,101,65,0,4,104,70,170,1.51e-12,71.6,57.43
7q3k,WP_089942527.1,35.000,100,65,0,1,100,4,103,1.62e-12,70.1,62.00
8ah9,8AH9_A,100.000,115,0,0,1,115,6,120,2.61e-78,237,100.00
8ah9,6CZJ_A,31.250,96,66,0,5,100,4,99,1.68e-12,70.1,55.21
8ah9,6D0T_A,32.632,95,64,0,4,98,4,98,9.43e-11,65.9,58.95
8ah9,6CZG_A,26.786,112,75,3,4,113,7,113,3.78e-07,56.6,53.57
8ah9,6CZH_A,27.679,112,74,3,4,113,4,110,1.44e-04,49.7,50.00
8ah9,6OHH_A,26.882,93,66,2,4,94,7,99,0.001,47.8,53.76
8ah9,6CZI_A,26.786,112,75,3,4,113,4,110,0.009,45.1,47.32
8fjf,8FJF_A,100.000,127,0,0,1,127,3,129,6.99e-81,244,100.00
4d8h,4D8H_A,100.000,124,0,0,1,124,6,129,3.71e-77,235,100.00
4d8h,4D8H_A,100.000,84,0,0,2,85,49,132,1.58e-47,160,100.00
4d8h,3Q7W_A,95.161,124,6,0,1,124,6,129,5.46e-76,232,95.16
4d8h,3Q7W_A,95.238,84,4,0,2,85,49,132,9.33e-47,158,95.24
4d8h,4QKS_A,95.161,124,6,0,1,124,6,129,2.38e-75,230,95.16
4d8h,4QKS_A,95.238,84,4,0,2,85,49,132,2.50e-46,157,95.24
4d8h,4QKR_A,95.161,124,6,0,1,124,6,129,5.12e-75,229,95.16
4d8h,4QKR_A,95.238,84,4,0,2,85,49,132,4.05e-46,156,95.24
4d8h,3O4D_A,90.164,122,12,0,3,124,18,139,1.23e-69,216,92.62
4d8h,3O4D_A,90.476,84,8,0,2,85,59,142,8.68e-44,150,92.86
4d8h,3Q7Y_A,88.525,122,14,0,3,124,8,129,3.06e-67,209,93.44
4d8h,3Q7Y_A,89.157,83,9,0,3,85,50,132,9.47e-42,145,93.98
4d8h,3O4B_A,87.705,122,15,0,3,124,18,139,3.02e-66,207,90.16
4d8h,3O4B_A,88.095,84,10,0,2,85,59,142,1.52e-41,145,90.48
4d8h,3O4C_A,87.705,122,15,0,3,124,18,139,9.46e-66,206,90.16
4d8h,3O4C_A,88.095,84,10,0,2,85,59,142,3.26e-41,144,90.48
4d8h,3O4A_A,86.066,122,17,0,3,124,18,139,1.17e-63,201,88.52
4d8h,3O4A_A,85.714,84,12,0,2,85,59,142,3.84e-39,139,88.10
4d8h,4F34_A,85.246,122,18,0,3,124,12,133,2.04e-63,200,87.70
4d8h,4F34_A,85.714,84,12,0,2,85,53,136,1.14e-39,140,88.10
4d8h,3O49_A,83.607,122,20,0,3,124,18,139,3.68e-63,200,88.52
4d8h,3O49_A,83.333,84,14,0,2,85,59,142,8.24e-39,138,88.10
4d8h,3SNV_A,87.719,114,14,0,11,124,19,132,2.54e-61,195,89.47
4d8h,3SNV_A,88.043,92,11,0,2,93,52,143,1.09e-46,158,91.30
4d8h,3P6J_A,89.189,111,12,0,2,112,32,142,1.86e-60,193,91.89
4d8h,3P6J_A,82.178,101,18,0,24,124,12,112,2.56e-48,162,85.15
4d8h,4OW4_A,74.797,123,31,0,1,123,1,123,2.80e-55,179,82.11
4d8h,4OW4_A,75.309,81,20,0,44,124,2,82,9.95e-32,119,82.72
4d8h,3P6I_A,87.619,105,13,0,20,124,18,122,7.38e-55,179,89.52
4d8h,3P6I_A,88.119,101,12,0,2,102,42,142,4.16e-53,174,91.09
4d8h,3OGF_A,90.361,83,8,0,3,85,8,90,1.13e-43,149,92.77
4d8h,3OGF_A,90.000,80,8,0,45,124,8,87,2.89e-41,142,92.50
4d8h,3O3Q_A,45.794,107,57,1,4,110,19,124,6.77e-19,87.8,60.75
4d8h,3O3Q_A,51.190,84,39,1,39,120,10,93,1.58e-15,79.3,65.48
4d8h,3O3Q_A,58.696,46,17,1,81,124,10,55,1.02e-04,51.2,65.22
4d8h,4QO3_A,42.453,106,59,1,3,106,18,123,9.82e-17,82.4,61.32
4d8h,4QO3_A,52.381,84,38,1,39,120,10,93,2.28e-16,81.6,69.05
4d8h,4QO3_A,65.217,46,14,1,81,124,10,55,1.77e-06,55.8,71.74
4d8h,4Q9G_A,42.453,106,59,1,3,106,18,123,1.13e-16,82.4,61.32
4d8h,4Q9G_A,52.381,84,38,1,39,120,10,93,2.74e-16,81.3,69.05
4d8h,4Q9G_A,65.217,46,14,1,81,124,10,55,2.01e-06,55.8,71.74
4d8h,1NZK_A,42.857,105,58,1,4,106,19,123,1.38e-16,82.0,59.05
4d8h,1NZK_A,50.000,84,40,1,39,120,10,93,5.23e-15,77.8,65.48
4d8h,1NZK_A,58.696,46,17,1,81,124,10,55,1.12e-04,51.2,65.22
4d8h,XP_004643899.1,52.381,84,38,1,39,120,19,102,1.86e-16,82.0,67.86
4d8h,XP_004643899.1,54.667,75,34,0,4,78,28,102,2.11e-16,81.6,70.67
4d8h,XP_004643899.1,60.870,46,16,1,81,124,19,64,6.29e-05,52.0,67.39
4d8h,3BAO_A,40.952,105,60,1,4,106,19,123,1.92e-16,81.6,60.00
4d8h,3BAO_A,51.190,84,39,1,39,120,10,93,2.99e-16,81.3,67.86
4d8h,3BAO_A,63.043,46,15,1,81,124,10,55,2.10e-06,55.8,69.57
4d8h,1PZZ_A,40.952,105,60,1,4,106,19,123,2.33e-16,81.6,60.00
4d8h,1PZZ_A,51.190,84,39,1,39,120,10,93,3.59e-16,80.9,67.86
4d8h,1PZZ_A,60.870,46,16,1,81,124,10,55,5.30e-05,52.0,67.39
4d8h,4Q91_A,41.509,106,60,1,3,106,18,123,2.36e-16,81.3,61.32
4d8h,4Q91_A,51.190,84,39,1,39,120,10,93,5.59e-16,80.5,69.05
4d8h,4Q91_A,63.043,46,15,1,81,124,10,55,3.99e-06,55.1,71.74
4d8h,NP_001164959.1,51.190,84,39,1,39,120,19,102,2.44e-16,81.6,67.86
4d8h,NP_001164959.1,53.333,75,35,0,4,78,28,102,1.81e-15,79.3,69.33
4d8h,NP_001164959.1,60.870,46,16,1,81,124,19,64,7.63e-06,54.3,69.57
4d8h,3HAL_A,51.190,84,39,1,39,120,10,93,3.15e-16,81.3,67.86
4d8h,3HAL_A,53.333,75,35,0,4,78,19,93,2.37e-15,79.0,69.33
4d8h,3HAL_A,60.870,46,16,1,81,124,10,55,8.25e-06,54.3,69.57
4d8h,4Q9P_A,41.509,106,60,1,3,106,18,123,3.33e-16,80.9,61.32
4d8h,4Q9P_A,51.190,84,39,1,39,120,10,93,7.98e-16,80.1,69.05
4d8h,4Q9P_A,63.043,46,15,1,81,124,10,55,5.59e-06,54.7,71.74
4d8h,1M16_A,41.905,105,59,1,4,106,19,123,3.75e-16,80.9,59.05
4d8h,1M16_A,50.000,84,40,1,39,120,10,93,5.50e-15,77.8,65.48
4d8h,1M16_A,58.696,46,17,1,81,124,10,55,1.16e-04,51.2,65.22
4d8h,XP_004854378.1,40.952,105,60,1,4,106,28,132,3.75e-16,81.3,59.05
4d8h,XP_004854378.1,51.190,84,39,1,39,120,19,102,5.71e-16,80.9,66.67
4d8h,XP_004854378.1,58.696,46,17,1,81,124,19,64,2.72e-04,50.4,65.22
4d8h,2HWM_A,41.509,106,60,1,3,106,18,123,3.83e-16,80.9,60.38
4d8h,2HWM_A,51.190,84,39,1,39,120,10,93,8.98e-16,80.1,67.86
4d8h,2HWM_A,63.043,46,15,1,81,124,10,55,6.48e-06,54.3,69.57
4d8h,1Q04_A,40.952,105,60,1,4,106,19,123,5.29e-16,80.5,60.00
4d8h,1Q04_A,51.190,84,39,1,39,120,10,93,8.70e-16,80.1,67.86
4d8h,1Q04_A,60.870,46,16,1,81,124,10,55,5.89e-05,52.0,67.39
4d8h,1JT5_A,41.905,105,59,1,4,106,19,123,5.47e-16,80.5,59.05
4d8h,1JT5_A,51.190,84,39,1,39,120,10,93,2.45e-15,79.0,66.67
4d8h,1JT5_A,60.870,46,16,1,81,124,10,55,5.42e-05,52.0,67.39
4d8h,1Q03_A,40.952,105,60,1,4,106,19,123,5.65e-16,80.5,60.00
4d8h,1Q03_A,51.190,84,39,1,39,120,10,93,9.08e-16,80.1,67.86
4d8h,1Q03_A,60.870,46,16,1,81,124,10,55,6.97e-05,51.6,67.39
4d8h,XP_004586565.1,51.190,84,39,1,39,120,19,102,6.09e-16,80.5,67.86
4d8h,XP_004586565.1,41.905,105,59,1,4,106,28,132,1.59e-15,79.7,58.10
4d8h,XP_004586565.1,60.870,46,16,1,81,124,19,64,3.14e-05,52.8,69.57
4d8h,XP_010612202.1,40.952,105,60,1,4,106,28,132,6.57e-16,80.5,59.05
4d8h,XP_010612202.1,51.190,84,39,1,39,120,19,102,8.79e-16,80.1,66.67
4d8h,XP_010612202.1,60.870,46,16,1,81,124,19,64,4.82e-05,52.4,67.39
4d8h,XP_005007031.1,52.381,84,38,1,39,120,19,102,6.99e-16,80.5,67.86
4d8h,XP_005007031.1,54.667,75,34,0,4,78,28,102,7.87e-16,80.5,70.67
4d8h,XP_005007031.1,60.870,46,16,1,81,124,19,64,6.63e-05,52.0,67.39
4d8h,XP_045856721.1,51.190,84,39,1,39,120,19,102,7.24e-16,80.5,66.67
4d8h,XP_045856721.1,53.333,75,35,0,4,78,28,102,1.71e-15,79.3,69.33
4d8h,XP_045856721.1,60.870,46,16,1,81,124,19,64,2.25e-05,53.1,67.39
4d8h,3BAH_A,40.952,105,60,1,4,106,19,123,7.40e-16,80.1,60.00
4d8h,3BAH_A,50.000,84,40,1,39,120,10,93,8.74e-15,77.4,66.67
4d8h,3BAH_A,60.870,46,16,1,81,124,10,55,5.71e-05,52.0,67.39
4d8h,2HZ9_A,41.509,106,60,1,3,106,18,123,7.81e-16,80.1,60.38
4d8h,2HZ9_A,51.190,84,39,1,39,120,10,93,8.89e-16,80.1,67.86
4d8h,2HZ9_A,63.043,46,15,1,81,124,10,55,6.69e-06,54.3,69.57
4d8h,XP_004452675.1,41.121,107,61,1,1,105,25,131,7.98e-16,80.5,56.07
4d8h,XP_004452675.1,50.667,75,37,0,46,120,28,102,4.91e-14,75.9,65.33
4d8h,XP_004452675.1,67.568,37,12,0,88,124,28,64,1.55e-04,50.8,70.27
4d8h,1K5V_A,40.952,105,60,1,4,106,19,123,8.33e-16,80.1,60.00
4d8h,1K5V_A,50.000,84,40,1,39,120,10,93,9.73e-15,77.4,66.67
4d8h,1K5V_A,60.870,46,16,1,81,124,10,55,6.14e-05,52.0,67.39
4d8h,XP_008689675.1,50.000,84,40,1,39,120,19,102,8.69e-16,80.1,66.67
4d8h,XP_008689675.1,52.000,75,36,0,4,78,28,102,2.04e-15,79.3,69.33
4d8h,XP_008689675.1,60.870,46,16,1,81,124,19,64,1.84e-05,53.5,67.39
4d8h,1JT7_A,40.952,105,60,1,4,106,19,123,9.90e-16,79.7,58.10
4d8h,1JT7_A,50.000,84,40,1,39,120,10,93,4.73e-15,78.2,65.48
4d8h,1JT7_A,58.696,46,17,1,81,124,10,55,1.05e-04,51.2,65.22
4d8h,XP_058533760.1,51.190,84,39,1,39,120,37,120,1.05e-15,80.5,67.86
4d8h,XP_058533760.1,53.333,75,35,0,4,78,46,120,2.81e-15,79.3,69.33
4d8h,XP_058533760.1,60.870,46,16,1,81,124,37,82,4.67e-05,52.8,69.57
4d8h,XP_044240125.2,50.000,84,40,1,39,120,47,130,1.06e-15,80.9,66.67
4d8h,XP_044240125.2,52.000,75,36,0,4,78,56,130,3.00e-15,79.7,69.33
4d8h,XP_044240125.2,60.870,46,16,1,81,124,47,92,2.06e-05,53.5,67.39
4d8h,2HW9_A,40.566,106,61,1,3,106,18,123,1.09e-15,79.7,59.43
4d8h,2HW9_A,50.000,84,40,1,39,120,10,93,2.61e-15,79.0,66.67
4d8h,2HW9_A,60.870,46,16,1,81,124,10,55,1.91e-05,53.1,67.39
4d8h,1P63_A,40.952,105,60,1,4,106,17,121,1.13e-15,79.7,59.05
4d8h,1P63_A,50.000,84,40,1,39,120,8,91,5.19e-15,77.8,66.67
4d8h,1P63_A,60.870,46,16,1,81,124,8,53,3.94e-05,52.4,67.39
4d8h,3B9U_A,40.952,105,60,1,4,106,19,123,1.15e-15,79.7,60.00
4d8h,3B9U_A,50.000,84,40,1,39,120,10,93,1.59e-15,79.3,67.86
4d8h,3B9U_A,60.870,46,16,1,81,124,10,55,9.46e-06,53.9,69.57
4d8h,XP_023559807.1,57.534,73,29,1,39,109,19,91,1.16e-15,79.7,69.86
4d8h,XP_023559807.1,60.938,64,25,0,4,67,28,91,1.30e-15,79.7,73.44
4d8h,XP_023559807.1,60.870,46,16,1,81,124,19,64,6.06e-05,52.0,67.39
4d8h,3FJI_A,41.509,106,60,1,3,106,18,123,1.19e-15,79.7,60.38
4d8h,3FJI_A,56.757,74,30,1,39,110,10,83,1.28e-15,79.7,70.27
4d8h,3FJI_A,63.043,46,15,1,81,124,10,55,7.20e-06,54.3,69.57
4d8h,2NTD_A,40.952,105,60,1,4,106,19,123,1.37e-15,79.3,60.00
4d8h,2NTD_A,50.000,84,40,1,39,120,10,93,6.97e-15,77.8,66.67
4d8h,2NTD_A,60.870,46,16,1,81,124,10,55,4.88e-05,52.0,67.39
4d8h,1DZC_A,39.623,106,62,1,3,106,3,108,1.40e-15,79.0,58.49
4d8h,1DZC_A,50.000,78,39,0,43,120,1,78,2.50e-15,78.6,66.67
4d8h,1DZC_A,62.500,40,15,0,85,124,1,40,2.26e-05,52.8,67.50
4d8h,3BA4_A,40.000,105,61,1,4,106,19,123,1.41e-15,79.3,60.00
4d8h,3BA4_A,50.000,84,40,1,39,120,10,93,2.30e-15,79.0,67.86
4d8h,3BA4_A,60.870,46,16,1,81,124,10,55,1.49e-05,53.5,69.57
4d8h,1JT3_A,40.952,105,60,1,4,106,19,123,1.70e-15,79.3,59.05
4d8h,1JT3_A,51.190,84,39,1,39,120,10,93,2.56e-15,79.0,66.67
4d8h,1JT3_A,60.870,46,16,1,81,124,10,55,5.59e-05,52.0,67.39
4d8h,XP_012875909.1,55.405,74,31,1,39,110,19,92,1.75e-15,79.3,68.92
4d8h,XP_012875909.1,40.952,105,60,1,4,106,28,132,2.75e-15,79.0,58.10
4d8h,XP_012875909.1,60.870,46,16,1,81,124,19,64,1.67e-05,53.5,67.39
4d8h,3BA7_A,40.000,105,61,1,4,106,19,123,1.79e-15,79.3,59.05
4d8h,3BA7_A,50.000,84,40,1,39,120,10,93,2.61e-15,79.0,66.67
4d8h,3BA7_A,60.870,46,16,1,81,124,10,55,1.82e-05,53.1,67.39
4d8h,3BAG_A,40.952,105,60,1,4,106,19,123,1.81e-15,79.3,59.05
4d8h,3BAG_A,50.000,84,40,1,39,120,10,93,8.46e-15,77.4,66.67
4d8h,3BAG_A,60.870,46,16,1,81,124,10,55,5.65e-05,52.0,67.39
4d8h,1JT4_A,40.952,105,60,1,4,106,19,123,1.91e-15,79.0,59.05
4d8h,1JT4_A,50.000,84,40,1,39,120,10,93,8.55e-15,77.4,66.67
4d8h,1JT4_A,60.870,46,16,1,81,124,10,55,5.77e-05,52.0,67.39
4d8h,3OL0_A,90.244,41,4,0,3,43,8,48,1.93e-15,76.3,92.68
4d8h,3OL0_A,90.244,41,4,0,45,85,8,48,1.93e-15,76.3,92.68
4d8h,3OL0_A,89.474,38,4,0,87,124,8,45,5.10e-13,70.1,92.11
4d8h,2HWA_A,40.952,105,60,1,4,106,19,123,2.02e-15,79.0,60.00
4d8h,2HWA_A,50.000,84,40,1,39,120,10,93,5.10e-15,78.2,66.67
4d8h,2HWA_A,60.870,46,16,1,81,124,10,55,3.49e-05,52.4,67.39
4d8h,1JY0_A,40.952,105,60,1,4,106,19,123,2.04e-15,79.0,60.00
4d8h,1JY0_A,50.000,84,40,1,39,120,10,93,9.53e-15,77.4,66.67
4d8h,1JY0_A,60.870,46,16,1,81,124,10,55,6.14e-05,52.0,67.39
4d8h,XP_069892390.1,56.164,73,30,1,39,109,19,91,2.08e-15,79.3,68.49
4d8h,XP_069892390.1,59.375,64,26,0,4,67,28,91,7.23e-15,77.8,71.88
4d8h,XP_069892390.1,60.870,46,16,1,81,124,19,64,1.60e-05,53.5,67.39
4d8h,QQM18103.1,40.000,105,61,1,4,106,8,112,2.09e-15,78.6,59.05
4d8h,QQM18103.1,52.000,75,36,0,46,120,8,82,4.54e-15,77.8,69.33
4d8h,QQM18103.1,67.568,37,12,0,88,124,8,44,3.70e-05,52.0,72.97
4d8h,KAG8506984.1,50.000,84,40,1,39,120,19,102,2.12e-15,79.3,66.67
4d8h,KAG8506984.1,52.000,75,36,0,4,78,28,102,7.40e-15,77.8,69.33
4d8h,KAG8506984.1,60.870,46,16,1,81,124,19,64,1.66e-05,53.5,67.39
4d8h,3BAQ_A,40.000,105,61,1,4,106,19,123,2.13e-15,79.0,59.05
4d8h,3BAQ_A,50.000,84,40,1,39,120,10,93,3.28e-15,78.6,66.67
4d8h,3BAQ_A,60.870,46,16,1,81,124,10,55,2.34e-05,52.8,67.39
4d8h,XP_039092064.1,51.190,84,39,1,39,120,19,102,2.15e-15,79.3,66.67
4d8h,XP_039092064.1,53.333,75,35,0,4,78,28,102,2.61e-15,79.0,69.33
4d8h,XP_039092064.1,60.870,46,16,1,81,124,19,64,5.88e-05,52.0,67.39
4d8h,3BAU_A,50.000,84,40,1,39,120,10,93,2.18e-15,79.0,67.86
4d8h,3BAU_A,39.623,106,62,1,3,106,18,123,2.85e-15,78.6,59.43
4d8h,3BAU_A,60.870,46,16,1,81,124,10,55,1.54e-05,53.5,69.57
4d8h,1EVT_A,40.000,105,61,1,4,106,7,111,2.29e-15,78.6,59.05
4d8h,1EVT_A,52.000,75,36,0,46,120,7,81,4.99e-15,77.8,69.33
4d8h,1EVT_A,67.568,37,12,0,88,124,7,43,4.04e-05,52.0,72.97
4d8h,XP_006891179.1,41.905,105,59,1,4,106,28,132,2.34e-15,79.0,59.05
4d8h,XP_006891179.1,50.000,84,40,1,39,120,19,102,4.92e-15,78.2,66.67
4d8h,XP_006891179.1,60.870,46,16,1,81,124,19,64,5.64e-05,52.0,67.39
4d8h,3CU1_B,40.000,105,61,1,4,106,7,111,2.37e-15,78.6,59.05
4d8h,3CU1_B,52.000,75,36,0,46,120,7,81,4.73e-15,77.8,69.33
4d8h,3CU1_B,67.568,37,12,0,88,124,7,43,3.79e-05,52.0,72.97
4d8h,3FJ9_A,40.000,105,61,1,4,106,19,123,2.37e-15,79.0,59.05
4d8h,3FJ9_A,50.000,84,40,1,39,120,10,93,3.69e-15,78.6,66.67
4d8h,3FJ9_A,60.870,46,16,1,81,124,10,55,5.36e-05,52.0,67.39
4d8h,4YOL_A,40.952,105,60,1,4,106,20,124,2.46e-15,79.0,60.00
4d8h,4YOL_A,51.190,84,39,1,39,120,11,94,3.08e-15,78.6,67.86
4d8h,4YOL_A,63.043,46,15,1,81,124,11,56,1.56e-05,53.5,69.57
4d8h,3OJV_A,40.000,105,61,1,4,106,9,113,2.52e-15,78.6,59.05
4d8h,3OJV_A,52.000,75,36,0,46,120,9,83,5.30e-15,77.8,69.33
4d8h,3OJV_A,67.568,37,12,0,88,124,9,45,4.10e-05,52.0,72.97
4d8h,2K43_A,40.000,105,61,1,4,106,6,110,2.52e-15,78.6,59.05
4d8h,2K43_A,52.000,75,36,0,46,120,6,80,5.25e-15,77.8,69.33
4d8h,2K43_A,67.568,37,12,0,88,124,6,42,4.10e-05,52.0,72.97
4d8h,3JUT_A,40.000,105,61,1,4,106,5,109,2.52e-15,78.2,59.05
4d8h,3JUT_A,52.000,75,36,0,46,120,5,79,4.98e-15,77.8,69.33
4d8h,3JUT_A,67.568,37,12,0,88,124,5,41,4.04e-05,52.0,72.97
4d8h,XP_058918236.1,51.190,84,39,1,39,120,19,102,2.52e-15,79.0,66.67
4d8h,XP_058918236.1,53.333,75,35,0,4,78,28,102,3.00e-15,79.0,69.33
4d8h,XP_058918236.1,63.043,46,15,1,81,124,19,64,1.92e-05,53.1,67.39
4d8h,4J23_B,40.000,105,61,1,4,106,11,115,2.70e-15,78.6,59.05
4d8h,4J23_B,52.000,75,36,0,46,120,11,85,5.81e-15,77.8,69.33
4d8h,4J23_B,67.568,37,12,0,88,124,11,47,4.08e-05,52.0,72.97
4d8h,XP_004744780.1,50.000,84,40,1,39,120,19,102,2.75e-15,79.0,66.67
4d8h,XP_004744780.1,52.000,75,36,0,4,78,28,102,6.37e-15,78.2,69.33
4d8h,XP_004744780.1,60.870,46,16,1,81,124,19,64,2.27e-05,53.1,67.39
4d8h,2AXM_A,40.000,105,61,1,4,106,8,112,2.79e-15,78.6,59.05
4d8h,2AXM_A,52.000,75,36,0,46,120,8,82,5.89e-15,77.4,69.33
4d8h,2AXM_A,67.568,37,12,0,88,124,8,44,4.29e-05,52.0,72.97
4d8h,2RQ9_A,40.000,105,61,1,4,106,8,112,2.95e-15,78.6,59.05
4d8h,2RQ9_A,52.000,75,36,0,46,120,8,82,5.95e-15,77.8,69.33
4d8h,2RQ9_A,67.568,37,12,0,88,124,8,44,4.59e-05,52.0,72.97
4d8h,XP_019650803.1,50.000,84,40,1,39,120,19,102,3.03e-15,79.0,66.67
4d8h,XP_019650803.1,52.000,75,36,0,4,78,28,102,7.02e-15,77.8,69.33
4d8h,XP_019650803.1,60.870,46,16,1,81,124,19,64,2.44e-05,53.1,67.39
4d8h,3FJH_A,40.000,105,61,1,4,106,19,123,3.14e-15,78.6,59.05
4d8h,3FJH_A,50.000,84,40,1,39,120,10,93,4.58e-15,78.2,66.67
4d8h,3FJH_A,60.870,46,16,1,81,124,10,55,5.53e-05,52.0,67.39
4d8h,XP_008139140.1,52.000,75,36,0,4,78,28,102,3.30e-15,78.6,69.33
4d8h,XP_008139140.1,52.000,75,36,0,46,120,28,102,3.30e-15,78.6,69.33
4d8h,XP_008139140.1,67.568,37,12,0,88,124,28,64,5.24e-05,52.0,72.97
4d8h,3FJ8_A,40.000,105,61,1,4,106,19,123,3.31e-15,78.6,60.00
4d8h,3FJ8_A,50.000,84,40,1,39,120,10,93,9.32e-15,77.4,66.67
4d8h,3FJ8_A,60.870,46,16,1,81,124,10,55,6.14e-05,52.0,67.39
4d8h,XP_006144848.1,39.048,105,62,1,4,106,28,132,3.49e-15,78.6,59.05
4d8h,XP_006144848.1,48.810,84,41,1,39,120,19,102,1.10e-14,77.4,66.67
4d8h,XP_006144848.1,58.696,46,17,1,81,124,19,64,1.38e-04,51.2,67.39
4d8h,XP_004854379.1,56.164,73,30,1,39,109,19,91,3.64e-15,77.0,68.49
4d8h,XP_004854379.1,59.375,64,26,0,4,67,28,91,3.76e-15,76.6,71.88
4d8h,XP_004854379.1,58.696,46,17,1,81,124,19,64,1.42e-04,49.7,65.22
4d8h,XP_008048311.1,41.905,105,59,1,4,106,28,132,3.68e-15,78.6,59.05
4d8h,XP_008048311.1,50.000,84,40,1,39,120,19,102,7.56e-15,77.8,66.67
4d8h,XP_008048311.1,60.870,46,16,1,81,124,19,64,5.70e-05,52.0,67.39
4d8h,XP_040478225.1,56.164,73,30,1,39,109,19,91,3.75e-15,78.6,68.49
4d8h,XP_040478225.1,59.375,64,26,0,4,67,28,91,8.69e-15,77.8,71.88
4d8h,XP_040478225.1,60.870,46,16,1,81,124,19,64,1.83e-05,53.5,67.39
4d8h,2Q9X_A,40.952,105,60,1,4,106,13,117,4.00e-15,78.2,59.05
4d8h,2Q9X_A,50.000,84,40,1,39,120,4,87,4.46e-15,78.2,66.67
4d8h,2Q9X_A,60.870,46,16,1,81,124,4,49,2.80e-05,52.8,67.39
4d8h,XP_003477242.2,57.534,73,29,1,39,109,19,91,4.04e-15,78.6,69.86
4d8h,XP_003477242.2,60.938,64,25,0,4,67,28,91,4.45e-15,78.2,73.44
4d8h,XP_003477242.2,60.870,46,16,1,81,124,19,64,6.19e-05,52.0,67.39
4d8h,XP_055287355.1,50.667,75,37,0,4,78,28,102,4.05e-15,78.6,70.67
4d8h,XP_055287355.1,50.667,75,37,0,46,120,28,102,4.05e-15,78.6,70.67
4d8h,XP_055287355.1,64.865,37,13,0,88,124,28,64,9.21e-05,51.6,75.68
4d8h,XP_047586327.1,50.000,84,40,1,39,120,19,102,4.05e-15,78.6,66.67
4d8h,XP_047586327.1,52.000,75,36,0,4,78,28,102,9.38e-15,77.4,69.33
4d8h,XP_047586327.1,60.870,46,16,1,81,124,19,64,3.24e-05,52.8,67.39
4d8h,XP_040856933.1,56.164,73,30,1,39,109,19,91,4.13e-15,78.6,69.86
4d8h,XP_040856933.1,59.375,64,26,0,4,67,28,91,1.09e-14,77.4,71.88
4d8h,XP_040856933.1,60.870,46,16,1,81,124,19,64,3.12e-05,52.8,69.57
4d8h,XP_036279826.1,52.000,75,36,0,4,78,28,102,4.19e-15,78.6,69.33
4d8h,XP_036279826.1,52.000,75,36,0,46,120,28,102,4.19e-15,78.6,69.33
4d8h,XP_036279826.1,67.568,37,12,0,88,124,28,64,5.24e-05,52.0,72.97
4d8h,XP_045856723.1,56.164,73,30,1,39,109,19,91,4.46e-15,78.6,68.49
4d8h,XP_045856723.1,59.375,64,26,0,4,67,28,91,1.05e-14,77.4,71.88
4d8h,XP_045856723.1,60.870,46,16,1,81,124,19,64,2.21e-05,53.1,67.39
4d8h,XP_044081351.1,56.164,73,30,1,39,109,19,91,4.70e-15,78.2,68.49
4d8h,XP_044081351.1,59.375,64,26,0,4,67,28,91,1.09e-14,77.4,71.88
4d8h,XP_044081351.1,60.870,46,16,1,81,124,19,64,2.21e-05,53.1,67.39
4d8h,1E0O_A,40.000,105,61,1,4,106,13,117,4.71e-15,77.8,59.05
4d8h,1E0O_A,50.000,84,40,1,39,120,4,87,6.80e-15,77.4,66.67
4d8h,1E0O_A,60.870,46,16,1,81,124,4,49,4.89e-05,52.0,67.39
4d8h,XP_053421984.1,40.952,105,60,1,4,106,28,132,4.76e-15,78.2,59.05
4d8h,XP_053421984.1,48.810,84,41,1,39,120,19,102,9.79e-15,77.4,66.67
4d8h,XP_053421984.1,60.870,46,16,1,81,124,19,64,5.29e-05,52.0,67.39
4d8h,XP_006873322.1,40.000,105,61,1,4,106,28,132,4.97e-15,78.2,59.05
4d8h,XP_006873322.1,50.000,84,40,1,39,120,19,102,6.72e-15,77.8,66.67
4d8h,XP_006873322.1,60.870,46,16,1,81,124,19,64,5.70e-05,52.0,67.39
4d8h,3FJA_A,40.000,105,61,1,4,106,19,123,4.99e-15,78.2,59.05
4d8h,3FJA_A,50.000,84,40,1,39,120,10,93,7.76e-15,77.4,66.67
4d8h,3FJA_A,60.870,46,16,1,81,124,10,55,5.36e-05,52.0,67.39
5hs0,5HS0_A,100.000,160,0,0,1,160,1,160,5.47e-105,308,100.00
5hs0,4GPM_A,85.443,158,23,0,1,158,1,158,6.42e-84,255,87.97
5hs0,4GPM_A,73.504,117,31,0,11,127,44,160,2.03e-47,162,81.20
5hs0,5KBA_A,81.529,157,29,0,2,158,13,169,2.69e-78,241,85.99
5hs0,4HB5_A,77.215,158,36,0,1,158,1,158,3.13e-77,238,85.44
5hs0,4HB5_A,65.000,120,42,0,8,127,41,160,7.13e-43,151,77.50
5hs0,4HQD_A,77.215,158,36,0,1,158,1,158,3.69e-77,238,86.08
5hs0,4HQD_A,64.167,120,43,0,8,127,41,160,2.44e-42,149,78.33
5hs0,5KWD_A,76.129,155,37,0,2,156,1,155,1.87e-74,231,87.10
5hs0,5EIL_A,74.684,158,40,0,1,158,1,158,9.07e-74,229,84.81
5hs0,5EIL_A,65.517,116,40,0,11,126,44,159,1.69e-41,147,78.45
5hs0,4GMR_A,77.215,158,36,0,1,158,1,158,7.15e-73,227,84.18
5hs0,4GMR_A,66.667,120,40,0,8,127,41,160,4.02e-41,146,76.67
5hs0,5HRY_A,75.000,156,39,0,1,156,1,156,5.98e-68,214,83.33
5hs0,5HRY_A,63.265,49,18,0,110,158,11,59,2.82e-06,57.0,79.59
5hs0,6NDZ_B,68.667,150,47,0,11,160,45,194,3.53e-55,183,73.33
5hs0,6NDZ_B,60.000,115,46,0,8,122,75,189,7.70e-29,116,66.96
5hs0,6NE2_B,68.000,150,48,0,11,160,45,194,8.93e-55,182,75.33
5hs0,6NE4_B,66.667,150,50,0,11,160,45,194,6.44e-53,177,74.67
5hs0,6NE1_B,66.667,153,51,0,8,160,40,192,1.02e-52,177,71.90
5hs0,2XEE_A,56.863,153,66,0,5,157,3,155,1.31e-48,165,71.90
5hs0,2XEH_A,56.209,153,67,0,5,157,3,155,2.79e-47,162,70.59
5hs0,MCC6003775.1,55.625,160,70,1,1,160,1,159,8.19e-47,164,71.25
5hs0,6MOJ_A,57.823,147,62,0,10,156,83,229,1.46e-46,162,74.83
5hs0,6MOJ_A,57.237,152,65,0,4,155,44,195,4.05e-41,148,68.42
5hs0,6MOJ_A,53.247,154,72,0,2,155,9,162,4.56e-37,138,66.88
5hs0,6MOJ_A,52.830,106,50,0,53,158,27,132,2.59e-21,97.8,66.04
5hs0,6MOI_A,57.047,149,64,0,10,158,83,231,3.52e-46,161,73.15
5hs0,6MOI_A,54.605,152,69,0,4,155,44,195,2.69e-39,144,68.42
5hs0,6MOI_A,53.247,154,72,0,2,155,9,162,4.60e-38,140,67.53
5hs0,6MOI_A,48.352,91,47,0,68,158,9,99,2.77e-11,71.2,61.54
5hs0,WP_192818948.1,59.060,149,61,0,8,156,9,157,8.68e-46,159,75.17
5hs0,RDW85168.1,56.081,148,65,0,8,155,900,1047,9.04e-46,172,75.68
5hs0,RDW85168.1,55.405,148,66,0,8,155,933,1080,1.31e-42,162,74.32
5hs0,RDW85168.1,54.054,148,68,0,8,155,966,1113,3.11e-42,162,74.32
5hs0,RDW85168.1,54.730,148,67,0,8,155,867,1014,1.52e-41,159,73.65
5hs0,RDW85168.1,54.362,149,67,1,8,155,833,981,2.12e-40,156,73.15
5hs0,RDW85168.1,53.691,149,68,1,8,155,734,882,5.22e-40,155,71.81
5hs0,RDW85168.1,52.206,136,65,0,20,155,713,848,1.59e-36,145,73.53
5hs0,RDW85168.1,51.748,143,67,1,8,148,999,1141,2.59e-34,139,72.03
5hs0,RDW85168.1,49.573,117,59,0,39,155,699,815,3.69e-25,113,66.67
5hs0,RDW85168.1,47.500,120,63,0,8,127,1032,1151,1.01e-22,105,66.67
5hs0,RDW85168.1,46.591,88,47,0,7,94,1064,1151,5.82e-13,78.2,68.18
5hs0,7Z71_B,54.487,156,71,0,2,157,2,157,9.16e-46,158,71.79
5hs0,4K5A_B,54.487,156,71,0,2,157,12,167,1.12e-45,158,73.72
5hs0,7P3I_B,54.487,156,71,0,2,157,2,157,1.31e-45,157,71.79
5hs0,2QYJ_A,54.194,155,71,0,2,156,12,166,1.44e-45,157,70.97
5hs0,2QYJ_A,55.556,117,52,0,41,157,18,134,1.93e-29,117,67.52
5hs0,2QYJ_A,52.222,90,43,0,68,157,12,101,4.36e-16,82.4,64.44
5hs0,CAK9254348.1,58.278,151,63,0,8,158,227,377,1.57e-45,166,72.19
5hs0,CAK9254348.1,56.757,148,64,0,8,155,194,341,4.01e-43,159,72.30
5hs0,CAK9254348.1,59.574,141,57,0,18,158,303,443,4.90e-43,159,70.92
5hs0,CAK9254348.1,54.967,151,68,0,8,158,260,410,9.55e-42,156,70.20
5hs0,CAK9254348.1,54.362,149,68,0,10,158,163,311,7.12e-39,148,69.13
5hs0,CAK9254348.1,55.172,145,65,0,11,155,131,275,5.23e-37,143,68.97
5hs0,CAK9254348.1,54.610,141,64,0,8,148,326,466,1.13e-35,140,67.38
5hs0,CAK9254348.1,51.572,159,69,1,8,158,87,245,9.08e-33,132,63.52
5hs0,CAK9254348.1,52.564,156,66,1,8,155,54,209,3.34e-32,130,61.54
5hs0,CAK9254348.1,50.746,134,58,1,30,155,43,176,5.47e-23,105,60.45
5hs0,CAK9254348.1,45.517,145,62,4,31,158,2,146,3.10e-15,84.3,57.24
5hs0,XP_007799964.1,60.403,149,59,0,7,155,1529,1677,1.96e-45,171,76.51
5hs0,XP_007799964.1,54.967,151,68,0,8,158,1497,1647,1.01e-41,160,74.83
5hs0,XP_007799964.1,55.414,157,66,2,8,160,1563,1719,2.38e-39,153,72.61
5hs0,XP_007799964.1,59.124,137,55,1,20,155,1306,1442,5.98e-39,152,76.64
5hs0,XP_007799964.1,54.967,151,65,1,8,155,1328,1478,6.05e-37,146,69.54
5hs0,XP_007799964.1,55.333,150,65,2,8,155,1260,1409,7.49e-37,146,71.33
5hs0,XP_007799964.1,56.250,128,55,1,8,134,1596,1723,1.14e-32,134,73.44
5hs0,XP_007799964.1,44.865,185,65,2,8,155,1394,1578,1.51e-32,134,58.92
5hs0,XP_007799964.1,51.656,151,58,3,23,158,1229,1379,3.19e-31,130,64.24
5hs0,XP_007799964.1,46.667,180,67,3,8,158,1099,1278,7.26e-31,129,58.89
5hs0,XP_007799964.1,46.053,152,79,1,7,155,996,1147,2.15e-28,122,62.50
5hs0,XP_007799964.1,48.684,152,74,2,8,155,1030,1181,3.07e-28,122,64.47
5hs0,XP_007799964.1,52.475,101,47,1,2,101,1623,1723,3.60e-17,90.1,67.33
5hs0,1N0R_A,70.833,120,35,0,36,155,1,120,8.99e-45,154,77.50
5hs0,1N0R_A,69.167,120,37,0,8,127,6,125,8.51e-42,147,75.83
5hs0,MCB9228640.1,55.484,155,69,0,1,155,1,155,1.01e-44,155,67.74
5hs0,MCB9228640.1,51.200,125,60,1,4,127,36,160,8.60e-27,110,63.20
5hs0,7B4W_A,53.846,156,72,0,2,157,1,156,1.70e-44,155,71.15
5hs0,4J7W_A,53.205,156,73,0,2,157,12,167,2.10e-44,155,72.44
5hs0,4JB8_P,53.205,156,73,0,2,157,12,167,2.55e-44,154,69.87
5hs0,MEM2678600.1,57.554,139,59,0,18,156,14,152,2.90e-44,155,71.94
5hs0,MEM2678600.1,56.522,115,50,0,41,155,4,118,2.25e-31,122,67.83
5hs0,KAI9893045.1,56.688,157,68,0,3,159,163,319,3.15e-44,159,70.06
5hs0,KAI9893045.1,39.752,161,58,2,34,155,89,249,2.29e-18,92.0,49.07
5hs0,4HLL_A,54.248,153,70,0,5,157,18,170,3.30e-44,154,72.55
5hs0,4HLL_A,57.391,115,49,0,44,158,24,138,3.44e-28,114,68.70
5hs0,WP_226080489.1,55.215,163,58,1,10,157,83,245,3.48e-44,164,66.26
5hs0,WP_226080489.1,57.432,148,61,2,10,155,48,195,5.42e-42,158,70.27
5hs0,WP_226080489.1,55.696,158,68,2,2,157,7,164,7.02e-42,157,67.09
5hs0,WP_226080489.1,44.615,195,59,1,10,155,116,310,7.14e-37,144,54.87
5hs0,WP_226080489.1,52.941,136,48,2,10,129,182,317,6.09e-29,122,63.97
5hs0,WP_226080489.1,57.143,105,43,2,56,158,28,132,1.75e-23,107,68.57
5hs0,4ZFH_A,54.248,153,70,0,5,157,4,156,3.63e-44,154,72.55
5hs0,WP_121008575.1,54.430,158,72,0,3,160,45,202,3.70e-44,155,68.99
5hs0,WP_121008575.1,48.667,150,76,1,8,157,18,166,4.68e-33,127,66.67
5hs0,6FPA_A,53.846,156,72,0,2,157,4,159,4.00e-44,154,71.15
5hs0,RSN72523.1,56.291,151,66,0,5,155,38,188,4.49e-44,156,69.54
5hs0,RSN72523.1,56.000,150,66,0,11,160,77,226,2.75e-43,154,69.33
5hs0,RSN72523.1,54.839,155,70,0,1,155,1,155,1.16e-42,153,68.39
5hs0,WP_133308323.1,56.291,151,66,0,5,155,47,197,4.64e-44,157,69.54
5hs0,WP_133308323.1,56.000,150,66,0,11,160,86,235,2.99e-43,155,69.33
5hs0,WP_133308323.1,54.839,155,70,0,1,155,10,164,1.26e-42,153,68.39
5hs0,8V9O_D,56.000,150,66,0,8,157,171,320,4.72e-44,159,72.00
5hs0,5GIK_A,54.605,152,69,0,5,156,3,154,4.86e-44,153,73.03
5hs0,5GIK_A,56.522,115,50,0,44,158,9,123,1.27e-27,112,67.83
5hs0,5MA6_B,53.846,156,72,0,2,157,4,159,6.10e-44,153,72.44
5hs0,UVF58862.1,54.248,153,70,0,5,157,3,155,6.56e-44,153,72.55
5hs0,KAH8658831.1,54.730,148,67,0,8,155,3,150,6.86e-44,153,70.95
5hs0,KAH8658831.1,53.957,139,63,1,2,139,29,167,1.12e-39,142,69.78
5hs0,KAH8658831.1,58.120,117,49,0,39,155,1,117,3.09e-35,131,72.65
5hs0,RYP51033.1,60.000,150,60,0,6,155,809,958,7.59e-44,166,69.33
5hs0,RYP51033.1,60.465,129,51,0,8,136,844,972,2.45e-37,147,69.77
5hs0,RYP51033.1,40.314,191,77,2,2,155,702,892,4.75e-30,127,56.02
5hs0,RYP51033.1,53.077,130,61,0,26,155,796,925,3.26e-29,124,66.15
5hs0,RYP51033.1,33.125,160,85,4,1,157,656,796,3.47e-12,75.9,50.00
5hs0,RYP51033.1,40.244,82,31,2,95,158,683,764,0.003,50.1,52.44
5hs0,WP_318537171.1,57.143,147,63,0,11,157,7,153,7.72e-44,153,70.75
5hs0,WP_318537171.1,52.137,117,56,0,39,155,2,118,1.81e-26,109,64.96
5hs0,3ZU7_B,52.564,156,74,0,2,157,12,167,7.87e-44,153,73.08
5hs0,MEM2475625.1,55.769,156,64,2,1,155,1,152,8.39e-44,153,71.15
5hs0,MEM2475625.1,56.693,127,55,0,8,134,38,164,3.40e-37,136,72.44
5hs0,MEM2410532.1,52.980,151,71,0,10,160,39,189,1.06e-43,157,70.86
5hs0,MEM2410532.1,55.072,138,62,0,18,155,14,151,2.37e-38,144,71.74
5hs0,MEM2410532.1,53.043,115,54,0,41,155,4,118,1.03e-23,105,66.09
5hs0,7Z7E_B,53.846,156,72,0,2,157,2,157,1.26e-43,152,71.15
5hs0,9DB5_A,53.595,153,71,0,5,157,81,233,1.28e-43,155,72.55
5hs0,9DAM_A,53.595,153,71,0,5,157,89,241,1.32e-43,155,72.55
5hs0,MBT5063009.1,55.782,147,65,0,11,157,25,171,1.39e-43,153,65.31
5hs0,MBT5063009.1,50.735,136,67,0,20,155,1,136,4.50e-37,137,66.18
5hs0,MBT5063009.1,52.941,119,56,0,8,126,55,173,1.07e-27,112,63.03
5hs0,NIS71741.1,55.782,147,65,0,11,157,222,368,1.51e-43,159,68.71
5hs0,NIS71741.1,58.730,126,52,0,30,155,208,333,1.18e-37,143,69.05
5hs0,NIS71741.1,52.137,117,56,0,10,126,254,370,1.52e-26,114,65.81
5hs0,AAO25689.1,52.903,155,73,0,2,156,12,166,1.61e-43,152,72.26
5hs0,AAO25689.1,53.913,115,53,0,44,158,21,135,1.83e-27,111,69.57
5hs0,AAO25689.1,51.648,91,44,0,68,158,12,102,5.48e-15,79.7,64.84
5hs0,9DP8_A,53.595,153,71,0,5,157,93,245,1.64e-43,155,72.55
5hs0,9DP8_A,50.000,92,46,0,66,157,88,179,2.65e-13,77.0,63.04
5hs0,MEM2410437.1,56.000,150,66,0,11,160,7,156,1.65e-43,155,67.33
5hs0,MEM2410437.1,57.391,115,49,0,41,155,4,118,5.85e-29,118,65.22
5hs0,2P2C_P,52.564,156,74,0,2,157,12,167,2.01e-43,152,73.08
5hs0,KAL5084943.1,56.757,148,64,0,8,155,203,350,2.49e-43,159,71.62
5hs0,KAL5084943.1,51.034,145,71,0,11,155,239,383,3.14e-34,135,66.90
5hs0,KAL5084943.1,46.617,133,69,2,1,131,261,393,1.00e-21,102,62.41
5hs0,4J8Y_A,52.564,156,74,0,2,157,12,167,2.58e-43,152,71.79
5hs0,MCJ7644949.1,55.696,158,69,1,2,158,170,327,2.76e-43,157,67.72
5hs0,MCJ7644949.1,53.548,155,71,1,2,155,137,291,1.58e-38,144,66.45
5hs0,MCJ7644949.1,55.862,145,64,0,11,155,81,225,3.03e-38,144,66.21
5hs0,MCJ7644949.1,51.613,155,74,1,2,155,104,258,7.37e-38,143,65.81
5hs0,MCJ7644949.1,52.027,148,71,0,8,155,45,192,7.84e-33,130,59.46
5hs0,MCJ7644949.1,52.941,136,64,0,20,155,24,159,9.94e-32,127,63.97
5hs0,MCJ7644949.1,57.265,117,50,0,11,127,213,329,2.65e-29,120,71.79
5hs0,MCJ7644949.1,54.839,93,41,1,3,94,237,329,1.23e-16,87.4,67.74
5hs0,MEM1632358.1,56.164,146,64,0,10,155,39,184,2.80e-43,155,66.44
5hs0,MEM1632358.1,52.980,151,71,0,10,160,72,222,1.61e-42,153,67.55
5hs0,MEM1632358.1,56.552,145,63,0,11,155,7,151,7.72e-41,149,68.28
5hs0,MEM1632358.1,54.783,115,52,0,41,155,4,118,4.00e-25,108,64.35
5hs0,XP_056930363.1,59.310,145,59,0,11,155,989,1133,3.30e-43,164,68.28
5hs0,XP_056930363.1,58.108,148,62,0,8,155,1019,1166,3.64e-43,164,68.92
5hs0,XP_056930363.1,59.259,135,55,0,21,155,1065,1199,9.43e-41,157,71.11
5hs0,XP_056930363.1,50.327,153,76,0,3,155,948,1100,7.32e-35,140,64.05
5hs0,XP_056930363.1,61.682,107,41,0,21,127,1098,1204,9.26e-33,134,71.96
5hs0,XP_056930363.1,33.728,169,98,2,1,155,866,1034,6.91e-17,89.4,50.89
5hs0,XP_056930363.1,62.222,45,16,1,18,61,1160,1204,4.16e-04,52.4,73.33
5hs0,5MBM_C,54.487,156,70,1,2,157,12,166,3.42e-43,152,69.23
5hs0,MFP3287078.1,57.432,148,63,0,8,155,73,220,3.60e-43,154,69.59
5hs0,MFP3287078.1,54.054,148,68,0,8,155,40,187,4.40e-38,141,63.51
5hs0,MFP3287078.1,59.829,117,47,0,11,127,109,225,9.91e-32,125,70.09
5hs0,MFP3287078.1,45.570,158,85,1,1,158,1,157,1.70e-27,114,57.59
5hs0,5FIN_A,52.564,156,74,0,2,157,12,167,4.24e-43,151,70.51
5hs0,UVF58854.1,53.846,156,72,0,2,157,14,169,4.46e-43,152,70.51
5hs0,UVF58854.1,50.000,126,62,1,10,135,55,179,1.14e-24,105,66.67
5hs0,6NHT_A,54.194,155,71,0,3,157,163,317,5.05e-43,156,72.26
5hs0,UVF58859.1,53.205,156,73,0,2,157,14,169,5.08e-43,152,70.51
5hs0,UVF58859.1,50.000,126,62,1,10,135,55,179,1.53e-24,104,65.87
5hs0,7Z7C_A,53.205,156,73,0,2,157,2,157,5.16e-43,151,72.44
5hs0,MEM2187572.1,58.503,147,61,0,10,156,93,239,5.16e-43,157,71.43
5hs0,MEM2187572.1,55.102,147,65,1,10,155,26,172,4.15e-39,147,69.39
5hs0,MEM2187572.1,56.757,148,63,1,11,157,60,207,9.93e-39,146,68.24
5hs0,MEM2187572.1,56.522,138,57,3,20,155,3,139,3.79e-37,142,71.74
5hs0,MEM2187572.1,52.893,121,57,0,11,131,127,247,3.11e-25,110,66.12
5hs0,MEM2299225.1,54.605,152,69,0,8,159,70,221,5.21e-43,153,66.45
5hs0,MEM2299225.1,56.081,148,65,0,8,155,37,184,3.23e-41,148,64.86
5hs0,MEM2299225.1,51.724,145,70,0,11,155,7,151,9.93e-36,134,64.83
5hs0,MEM2299225.1,46.154,117,63,0,39,155,2,118,1.18e-20,95.9,60.68
5hs0,MEM2299225.1,54.023,87,39,1,4,89,131,217,1.10e-13,77.8,62.07
5hs0,MEM1697842.1,54.795,146,66,0,10,155,39,184,5.36e-43,154,71.92
5hs0,MEM1697842.1,54.795,146,66,0,10,155,72,217,4.19e-41,149,70.55
5hs0,MEM1697842.1,52.980,151,71,0,10,160,105,255,6.74e-40,146,67.55
5hs0,MEM1697842.1,51.034,145,71,0,11,155,7,151,2.07e-36,137,68.97
5hs0,MEM1697842.1,49.593,123,61,1,39,160,2,124,5.27e-23,102,63.41
5hs0,4HRM_B,53.205,156,73,0,2,157,12,167,5.81e-43,151,71.79
5hs0,6GCU_C,53.503,157,72,1,2,157,12,168,6.40e-43,151,71.34
5hs0,5MLB_B,53.595,153,71,0,5,157,25,177,6.46e-43,151,71.24
5hs0,5MLB_B,52.439,82,39,0,77,158,31,112,1.88e-13,75.9,67.07
5hs0,MEM4455452.1,55.034,149,67,0,10,158,39,187,7.34e-43,155,67.11
5hs0,MEM4455452.1,52.083,144,69,0,12,155,8,151,4.65e-37,140,66.67
5hs0,MEM4455452.1,47.863,117,61,0,39,155,2,118,1.60e-23,105,64.96
5hs0,AFI09261.1,51.923,156,75,0,2,157,12,167,7.36e-43,151,71.15
5hs0,MFP3321149.1,54.545,154,70,0,2,155,67,220,7.71e-43,153,68.18
5hs0,MFP3321149.1,55.405,148,66,0,8,155,40,187,8.55e-40,145,65.54
5hs0,MFP3321149.1,54.264,129,59,0,11,139,109,237,1.21e-31,124,65.12
5hs0,MFP3321149.1,46.203,158,84,1,1,158,1,157,2.24e-28,116,58.23
5hs0,6FP7_B,53.205,156,73,0,2,157,4,159,8.31e-43,150,70.51
5hs0,7B4T_A,53.205,156,73,0,2,157,4,159,8.87e-43,150,70.51
5hs0,CAK7219974.1,58.108,148,62,0,8,155,345,492,9.24e-43,159,71.62
5hs0,CAK7219974.1,55.814,129,57,0,27,155,331,459,7.84e-32,130,68.99
5hs0,CAK7219974.1,61.607,112,42,1,18,128,387,498,2.13e-30,126,74.11
5hs0,CAK7219974.1,52.885,104,49,0,52,155,290,393,1.58e-15,85.1,64.42
5hs0,ESQ24257.1,56.757,148,64,0,8,155,73,220,9.47e-43,153,69.59
5hs0,ESQ24257.1,53.378,148,69,0,8,155,40,187,1.10e-36,137,63.51
5hs0,ESQ24257.1,58.974,117,48,0,11,127,109,225,3.91e-32,125,70.94
5hs0,ESQ24257.1,44.937,158,86,1,1,158,1,157,8.49e-26,109,56.96
5hs0,5OYJ_A,53.205,156,73,0,2,157,12,167,1.04e-42,150,70.51
5hs0,KKO97610.1,54.545,154,69,1,8,160,116,269,1.11e-42,154,71.43
5hs0,KKO97610.1,54.887,133,60,0,8,140,149,281,3.53e-35,134,69.92
5hs0,KKO97610.1,54.701,117,53,0,39,155,114,230,9.03e-29,118,69.23
5hs0,KKO97610.1,54.023,87,40,0,72,158,114,200,1.69e-17,89.0,70.11
5hs0,MBV2145350.1,51.656,151,73,0,7,157,58,208,1.20e-42,152,71.52
5hs0,MBV2145350.1,52.066,121,58,0,10,130,94,214,1.02e-33,129,73.55
5hs0,MBV2145350.1,49.462,93,47,0,5,97,122,214,9.38e-20,93.2,70.97
5hs0,MEM4411707.1,54.795,146,66,0,10,155,39,184,1.25e-42,155,70.55
5hs0,MEM4411707.1,53.642,151,70,0,10,160,72,222,3.17e-41,152,68.21
5hs0,MEM4411707.1,51.034,145,71,0,11,155,7,151,8.46e-36,138,68.97
5hs0,MEM4411707.1,50.413,121,59,1,41,160,4,124,1.01e-22,103,63.64
5hs0,KAJ5518167.1,59.310,145,59,0,11,155,984,1128,1.36e-42,162,68.97
5hs0,KAJ5518167.1,60.294,136,54,0,20,155,1059,1194,5.04e-41,158,72.79
5hs0,KAJ5518167.1,55.484,155,68,1,2,155,1073,1227,6.00e-41,158,69.03
5hs0,KAJ5518167.1,60.432,139,54,1,18,155,1023,1161,2.30e-40,156,71.94
5hs0,KAJ5518167.1,54.839,155,69,1,2,155,1172,1326,2.66e-40,156,67.74
5hs0,KAJ5518167.1,60.432,139,54,1,18,155,1155,1293,3.05e-40,156,71.94
5hs0,KAJ5518167.1,55.405,148,66,0,8,155,948,1095,8.79e-38,149,66.22
5hs0,KAJ5518167.1,54.248,153,69,1,4,155,1207,1359,2.43e-37,147,64.05
5hs0,KAJ5518167.1,56.835,139,59,1,18,155,1254,1392,1.02e-36,146,68.35
5hs0,KAJ5518167.1,56.618,136,59,0,20,155,1125,1260,3.19e-36,144,66.91
5hs0,KAJ5518167.1,56.667,120,52,0,36,155,943,1062,8.21e-30,126,66.67
5hs0,KAJ5518167.1,51.969,127,60,1,2,127,1271,1397,3.41e-26,115,65.35
5hs0,5MBL_B,51.923,156,74,1,2,157,12,166,1.39e-42,150,70.51
5hs0,MEM2186610.1,54.667,150,68,0,10,159,72,221,1.46e-42,153,66.67
5hs0,MEM2186610.1,56.081,148,65,0,8,155,37,184,8.35e-41,148,64.86
5hs0,MEM2186610.1,51.724,145,70,0,11,155,7,151,1.35e-35,135,65.52
5hs0,MEM2186610.1,47.009,117,62,0,39,155,2,118,3.38e-21,98.2,61.54
5hs0,MEM2186610.1,54.023,87,39,1,4,89,131,217,1.96e-13,77.4,62.07
5hs0,6FP8_B,53.205,156,73,0,2,157,14,169,1.67e-42,150,70.51
5hs0,6FP8_B,50.000,126,62,1,10,135,55,179,7.34e-25,105,66.67
5hs0,KAI9854395.1,60.811,148,58,0,8,155,977,1124,1.68e-42,162,72.30
5hs0,KAI9854395.1,57.792,154,64,1,3,155,1004,1157,1.20e-38,151,68.83
5hs0,KAI9854395.1,58.940,151,61,1,8,157,1043,1193,7.58e-38,149,68.21
5hs0,KAI9854395.1,54.795,146,65,1,11,155,946,1091,2.76e-33,136,67.12
5hs0,KAI9854395.1,58.015,131,55,0,8,138,1076,1206,1.05e-31,131,66.41
5hs0,MFP3015170.1,53.642,151,70,0,7,157,58,208,1.73e-42,155,71.52
5hs0,MFP3015170.1,51.370,146,71,0,10,155,94,239,8.74e-38,142,69.18
5hs0,MFP3015170.1,50.000,126,63,0,3,128,120,245,5.50e-27,114,67.46
5hs0,MFP3015170.1,50.000,82,41,0,77,158,62,143,2.79e-13,78.2,69.51
5hs0,8G4E_A,54.000,150,69,0,8,157,171,320,1.75e-42,154,72.67
5hs0,HIM68016.1,55.333,150,67,0,8,157,9,158,1.91e-42,150,63.33
5hs0,HIM68016.1,55.285,123,55,0,33,155,1,123,1.67e-31,122,65.85
5hs0,HIM68016.1,55.963,109,48,0,18,126,52,160,3.55e-27,111,64.22
5hs0,CAQ52950.1,51.923,156,75,0,2,157,12,167,2.12e-42,150,72.44
5hs0,6S9S_F,53.846,156,72,0,2,157,38,193,2.20e-42,150,69.87
5hs0,ESQ22737.1,56.081,148,65,0,8,155,73,220,2.21e-42,152,68.92
5hs0,ESQ22737.1,55.405,148,66,0,8,155,40,187,1.52e-39,145,64.86
5hs0,ESQ22737.1,54.264,129,59,0,11,139,109,237,4.31e-31,123,64.34
5hs0,ESQ22737.1,46.835,158,83,1,1,158,1,157,2.87e-28,115,57.59
5hs0,6H46_B,52.941,153,72,0,5,157,4,156,2.31e-42,149,71.90
3o4c,3O4C_A,100.000,124,0,0,1,124,17,140,5.67e-82,247,100.00
3o4c,3O4C_A,100.000,83,0,0,2,84,60,142,4.65e-50,167,100.00
3o4c,3O4B_A,97.581,124,3,0,1,124,17,140,3.79e-80,243,97.58
3o4c,3O4B_A,97.590,83,2,0,2,84,60,142,7.68e-49,164,97.59
3o4c,4F34_A,97.581,124,3,0,1,124,11,134,1.38e-79,241,97.58
3o4c,4F34_A,97.590,83,2,0,2,84,54,136,1.67e-48,162,97.59
3o4c,3O4D_A,97.581,124,3,0,1,124,17,140,5.16e-79,240,97.58
3o4c,3O4D_A,97.590,83,2,0,2,84,60,142,4.01e-48,162,97.59
3o4c,3O4A_A,95.968,124,5,0,1,124,17,140,6.11e-77,234,95.97
3o4c,3O4A_A,95.181,83,4,0,2,84,60,142,4.44e-46,156,95.18
3o4c,3O49_A,93.548,124,8,0,1,124,17,140,2.20e-76,233,95.97
3o4c,3O49_A,92.771,83,6,0,2,84,60,142,1.02e-45,155,95.18
3o4c,3SNV_A,97.391,115,3,0,10,124,19,133,9.83e-74,226,97.39
3o4c,3SNV_A,97.802,91,2,0,2,92,53,143,1.73e-54,178,97.80
3o4c,4QKR_A,90.244,123,12,0,2,124,8,130,7.82e-71,219,95.12
3o4c,4QKR_A,90.361,83,8,0,2,84,50,132,2.17e-43,149,95.18
3o4c,4QKR_A,90.244,82,8,0,43,124,7,88,1.74e-42,147,95.12
3o4c,3Q7W_A,90.244,123,12,0,2,124,8,130,8.00e-71,219,95.12
3o4c,3Q7W_A,90.361,83,8,0,2,84,50,132,2.19e-43,149,95.18
3o4c,3Q7W_A,90.244,82,8,0,43,124,7,88,1.76e-42,147,95.12
3o4c,4QKS_A,87.805,123,15,0,2,124,8,130,1.56e-70,218,95.12
3o4c,4QKS_A,87.952,83,10,0,2,84,50,132,3.36e-43,149,95.18
3o4c,4QKS_A,87.805,82,10,0,43,124,7,88,2.75e-42,147,95.12
3o4c,3P6J_A,98.182,110,2,0,2,111,33,142,2.62e-69,215,98.18
3o4c,3P6J_A,92.157,102,8,0,23,124,12,113,2.95e-59,190,93.14
3o4c,4D8H_A,87.805,123,15,0,2,124,8,130,6.17e-67,209,90.24
3o4c,4D8H_A,87.952,83,10,0,2,84,50,132,8.36e-41,143,90.36
3o4c,4D8H_A,87.805,82,10,0,43,124,7,88,6.75e-40,140,90.24
3o4c,3Q7Y_A,81.452,124,23,0,1,124,7,130,2.43e-66,207,93.55
3o4c,3Q7Y_A,82.143,84,15,0,1,84,49,132,5.39e-41,143,94.05
3o4c,3P6I_A,97.170,106,3,0,19,124,18,123,5.01e-66,207,97.17
3o4c,3P6I_A,98.000,100,2,0,2,101,43,142,6.81e-62,196,98.00
3o4c,4OW4_A,79.339,121,25,0,2,122,3,123,2.10e-59,189,84.30
3o4c,4OW4_A,80.247,81,16,0,43,123,2,82,8.41e-36,130,85.19
3o4c,3OGF_A,97.619,84,2,0,1,84,7,90,5.53e-50,164,97.62
3o4c,3OGF_A,97.531,81,2,0,44,124,8,88,2.74e-47,158,97.53
3o4c,3O3Q_A,49.541,109,54,1,1,109,17,124,1.68e-22,97.1,64.22
3o4c,3O3Q_A,62.162,74,26,1,38,109,10,83,1.78e-18,86.7,72.97
3o4c,3O3Q_A,63.043,46,15,1,80,123,10,55,9.94e-07,56.2,71.74
3o4c,1NZK_A,47.664,107,54,1,1,105,17,123,5.37e-20,90.5,62.62
3o4c,1NZK_A,60.811,74,27,1,38,109,10,83,5.31e-18,85.5,72.97
3o4c,1NZK_A,63.043,46,15,1,80,123,10,55,1.06e-06,56.2,71.74
3o4c,1M16_A,46.729,107,55,1,1,105,17,123,1.11e-19,90.1,62.62
3o4c,1M16_A,60.811,74,27,1,38,109,10,83,5.25e-18,85.5,72.97
3o4c,1M16_A,63.043,46,15,1,80,123,10,55,1.08e-06,56.6,71.74
3o4c,1JT7_A,45.794,107,56,1,1,105,17,123,2.89e-19,89.0,61.68
3o4c,1JT7_A,60.811,74,27,1,38,109,10,83,4.71e-18,85.9,72.97
3o4c,1JT7_A,63.043,46,15,1,80,123,10,55,1.00e-06,56.6,71.74
3o4c,4QO3_A,45.794,107,56,1,1,105,17,123,3.05e-19,89.0,63.55
3o4c,4QO3_A,60.811,74,27,1,38,109,10,83,3.63e-18,86.3,74.32
3o4c,4QO3_A,65.217,46,14,1,80,123,10,55,3.29e-07,57.8,73.91
3o4c,4Q9G_A,45.794,107,56,1,1,105,17,123,3.29e-19,88.6,63.55
3o4c,4Q9G_A,60.811,74,27,1,38,109,10,83,4.14e-18,85.9,74.32
3o4c,4Q9G_A,65.217,46,14,1,80,123,10,55,3.51e-07,57.8,73.91
3o4c,3OL0_A,97.619,42,1,0,1,42,7,48,5.76e-19,85.1,97.62
3o4c,3OL0_A,97.561,41,1,0,44,84,8,48,5.95e-18,82.8,97.56
3o4c,3OL0_A,97.436,39,1,0,86,124,8,46,2.71e-16,78.6,97.44
3o4c,4Q91_A,44.860,107,57,1,1,105,17,123,7.09e-19,87.8,63.55
3o4c,4Q91_A,59.459,74,28,1,38,109,10,83,8.73e-18,85.1,74.32
3o4c,4Q91_A,63.043,46,15,1,80,123,10,55,7.36e-07,57.0,73.91
3o4c,4Q9P_A,44.860,107,57,1,1,105,17,123,9.70e-19,87.4,63.55
3o4c,4Q9P_A,59.459,74,28,1,38,109,10,83,1.22e-17,84.7,74.32
3o4c,4Q9P_A,63.043,46,15,1,80,123,10,55,9.79e-07,56.6,73.91
3o4c,3BAO_A,62.687,67,25,0,1,67,17,83,1.00e-18,87.4,76.12
3o4c,3BAO_A,59.459,74,28,1,38,109,10,83,5.85e-18,85.5,72.97
3o4c,3BAO_A,63.043,46,15,1,80,123,10,55,4.29e-07,57.4,71.74
3o4c,1PZZ_A,62.687,67,25,0,1,67,17,83,1.00e-18,87.4,76.12
3o4c,1PZZ_A,59.459,74,28,1,38,109,10,83,5.85e-18,85.5,72.97
3o4c,1PZZ_A,60.870,46,16,1,80,123,10,55,8.98e-06,53.9,69.57
3o4c,2HWM_A,44.860,107,57,1,1,105,17,123,1.07e-18,87.4,62.62
3o4c,2HWM_A,59.459,74,28,1,38,109,10,83,1.39e-17,84.7,72.97
3o4c,2HWM_A,63.043,46,15,1,80,123,10,55,1.10e-06,56.2,71.74
3o4c,XP_004586565.1,44.860,107,57,1,1,105,26,132,1.19e-18,87.4,60.75
3o4c,XP_004586565.1,56.410,78,32,1,38,113,19,96,3.15e-18,86.7,73.08
3o4c,XP_004586565.1,60.870,46,16,1,80,123,19,64,8.38e-07,57.0,73.91
3o4c,3FGM_A,44.860,107,57,1,1,105,17,123,1.37e-18,87.0,62.62
3o4c,3FGM_A,59.459,74,28,1,38,109,10,83,1.40e-17,84.7,72.97
3o4c,3FGM_A,63.043,46,15,1,80,123,10,55,1.07e-06,56.6,71.74
3o4c,1Q03_A,62.687,67,25,0,1,67,17,83,1.51e-18,87.0,76.12
3o4c,1Q03_A,59.459,74,28,1,38,109,10,83,9.72e-18,85.1,72.97
3o4c,1Q03_A,61.702,47,16,1,80,124,10,56,1.68e-06,55.8,70.21
3o4c,XP_058533760.1,59.155,71,29,0,1,71,44,114,1.55e-18,87.8,74.65
3o4c,XP_058533760.1,56.410,78,32,1,38,113,37,114,3.79e-18,86.7,73.08
3o4c,XP_058533760.1,60.870,46,16,1,80,123,37,82,1.04e-06,57.0,73.91
3o4c,3FJD_A,62.687,67,25,0,1,67,17,83,2.09e-18,86.7,76.12
3o4c,3FJD_A,59.459,74,28,1,38,109,10,83,1.17e-17,84.7,72.97
3o4c,3FJD_A,63.043,46,15,1,80,123,10,55,9.39e-07,56.6,71.74
3o4c,1JTC_A,62.687,67,25,0,1,67,17,83,2.21e-18,86.7,76.12
3o4c,1JTC_A,59.459,74,28,1,38,109,10,83,1.23e-17,84.7,72.97
3o4c,1JTC_A,63.043,46,15,1,80,123,10,55,1.00e-06,56.6,71.74
3o4c,1Q04_A,62.687,67,25,0,1,67,17,83,2.21e-18,86.7,76.12
3o4c,1Q04_A,59.459,74,28,1,38,109,10,83,1.36e-17,84.7,72.97
3o4c,1Q04_A,60.870,46,16,1,80,123,10,55,9.77e-06,53.9,69.57
3o4c,XP_004854378.1,43.925,107,58,1,1,105,26,132,2.28e-18,87.0,60.75
3o4c,XP_004854378.1,56.410,78,32,1,38,113,19,96,2.27e-17,84.3,70.51
3o4c,XP_004854378.1,59.574,47,17,1,80,124,19,65,7.55e-06,54.3,68.09
3o4c,3FJI_A,44.860,107,57,1,1,105,17,123,2.33e-18,86.7,62.62
3o4c,3FJI_A,59.459,74,28,1,38,109,10,83,1.53e-17,84.3,72.97
3o4c,3FJI_A,63.043,46,15,1,80,123,10,55,1.20e-06,56.2,71.74
3o4c,2HZ9_A,62.687,67,25,0,1,67,17,83,2.63e-18,86.3,76.12
3o4c,2HZ9_A,59.459,74,28,1,38,109,10,83,1.37e-17,84.7,72.97
3o4c,2HZ9_A,63.043,46,15,1,80,123,10,55,1.11e-06,56.2,71.74
3o4c,2HW9_A,43.925,107,58,1,1,105,17,123,2.71e-18,86.3,61.68
3o4c,2HW9_A,58.108,74,29,1,38,109,10,83,3.64e-17,83.6,71.62
3o4c,2HW9_A,60.870,46,16,1,80,123,10,55,2.85e-06,55.5,69.57
3o4c,XP_040856933.1,62.121,66,25,0,1,66,26,91,2.73e-18,86.7,75.76
3o4c,XP_040856933.1,58.904,73,28,1,38,108,19,91,6.83e-18,85.5,73.97
3o4c,XP_040856933.1,60.870,46,16,1,80,123,19,64,8.06e-07,57.0,73.91
3o4c,1JT5_A,44.860,107,57,1,1,105,17,123,2.80e-18,86.3,60.75
3o4c,1JT5_A,59.459,74,28,1,38,109,10,83,4.51e-17,83.2,71.62
3o4c,1JT5_A,60.870,46,16,1,80,123,10,55,8.61e-06,53.9,69.57
3o4c,3BAH_A,43.925,107,58,1,1,105,17,123,3.44e-18,86.3,61.68
3o4c,3BAH_A,58.108,74,29,1,38,109,10,83,1.30e-16,82.0,71.62
3o4c,3BAH_A,60.870,46,16,1,80,123,10,55,9.17e-06,53.9,69.57
3o4c,1K5V_A,43.925,107,58,1,1,105,17,123,3.44e-18,86.3,61.68
3o4c,1K5V_A,58.108,74,29,1,38,109,10,83,1.33e-16,82.0,71.62
3o4c,1K5V_A,60.870,46,16,1,80,123,10,55,9.27e-06,53.9,69.57
3o4c,XP_047586327.1,61.194,67,26,0,1,67,26,92,3.62e-18,86.3,76.12
3o4c,XP_047586327.1,58.108,74,29,1,38,109,19,92,1.40e-17,84.7,72.97
3o4c,XP_047586327.1,60.870,46,16,1,80,123,19,64,1.14e-06,56.6,71.74
3o4c,XP_010612202.1,43.925,107,58,1,1,105,26,132,3.95e-18,86.3,60.75
3o4c,XP_010612202.1,56.410,78,32,1,38,113,19,96,3.35e-17,84.0,70.51
3o4c,XP_010612202.1,61.702,47,16,1,80,124,19,65,1.36e-06,56.2,70.21
3o4c,3B9U_A,61.194,67,26,0,1,67,17,83,4.14e-18,85.9,76.12
3o4c,3B9U_A,58.108,74,29,1,38,109,10,83,2.66e-17,84.0,72.97
3o4c,3B9U_A,60.870,46,16,1,80,123,10,55,1.64e-06,55.8,71.74
3o4c,XP_022373837.1,61.194,67,26,0,1,67,26,92,4.22e-18,86.3,76.12
3o4c,XP_022373837.1,61.538,65,25,0,45,109,28,92,2.76e-17,84.0,76.92
3o4c,XP_022373837.1,67.568,37,12,0,87,123,28,64,2.14e-06,55.8,78.38
3o4c,XP_069892390.1,44.340,106,58,1,1,105,26,131,4.30e-18,86.3,59.43
3o4c,XP_069892390.1,58.904,73,28,1,38,108,19,91,4.38e-17,83.6,71.23
3o4c,XP_069892390.1,60.870,46,16,1,80,123,19,64,4.63e-06,55.1,69.57
3o4c,XP_047586329.1,62.121,66,25,0,1,66,26,91,4.34e-18,86.3,75.76
3o4c,XP_047586329.1,58.904,73,28,1,38,108,19,91,1.67e-17,84.7,72.60
3o4c,XP_047586329.1,60.870,46,16,1,80,123,19,64,1.08e-06,56.6,71.74
3o4c,XP_004854379.1,62.121,66,25,0,1,66,26,91,4.56e-18,84.3,74.24
3o4c,XP_004854379.1,62.500,64,24,0,45,108,28,91,2.97e-17,82.0,75.00
3o4c,XP_004854379.1,65.789,38,13,0,87,124,28,65,2.70e-06,53.9,73.68
3o4c,XP_022373838.1,62.121,66,25,0,1,66,26,91,4.68e-18,85.9,75.76
3o4c,XP_022373838.1,62.500,64,24,0,45,108,28,91,3.03e-17,84.0,76.56
3o4c,XP_022373838.1,67.568,37,12,0,87,123,28,64,1.95e-06,55.8,78.38
3o4c,XP_048187242.1,44.762,105,56,1,3,105,28,132,5.01e-18,85.9,60.00
3o4c,XP_048187242.1,62.500,64,24,0,45,108,28,91,1.48e-17,84.7,76.56
3o4c,XP_048187242.1,67.568,37,12,0,87,123,28,64,1.97e-06,55.8,78.38
3o4c,XP_003920596.1,61.194,67,26,0,1,67,26,92,5.07e-18,85.9,76.12
3o4c,XP_003920596.1,58.108,74,29,1,38,109,19,92,2.94e-17,84.0,72.97
3o4c,XP_003920596.1,60.870,46,16,1,80,123,19,64,2.35e-06,55.8,71.74
3o4c,XP_012875909.1,42.991,107,59,1,1,105,26,132,5.35e-18,85.9,59.81
3o4c,XP_012875909.1,58.108,74,29,1,38,109,19,92,3.46e-17,84.0,71.62
3o4c,XP_012875909.1,60.870,46,16,1,80,123,19,64,4.61e-06,55.1,69.57
3o4c,XP_004643899.1,59.155,71,29,0,1,71,26,96,5.45e-18,85.9,74.65
3o4c,XP_004643899.1,56.410,78,32,1,38,113,19,96,3.41e-17,84.0,71.79
3o4c,XP_004643899.1,61.702,47,16,1,80,124,19,65,1.62e-06,56.2,70.21
3o4c,2HWA_A,43.925,107,58,1,1,105,17,123,5.54e-18,85.5,61.68
3o4c,2HWA_A,58.108,74,29,1,38,109,10,83,7.42e-17,82.8,71.62
3o4c,2HWA_A,60.870,46,16,1,80,123,10,55,5.30e-06,54.7,69.57
3o4c,XP_010336710.1,62.121,66,25,0,1,66,26,91,6.00e-18,85.9,75.76
3o4c,XP_010336710.1,58.904,73,28,1,38,108,19,91,3.49e-17,84.0,72.60
3o4c,XP_010336710.1,60.870,46,16,1,80,123,19,64,2.15e-06,55.8,71.74
3o4c,XP_005007031.1,59.155,71,29,0,1,71,26,96,6.00e-18,85.9,74.65
3o4c,XP_005007031.1,56.410,78,32,1,38,113,19,96,3.76e-17,83.6,71.79
3o4c,XP_005007031.1,61.702,47,16,1,80,124,19,65,1.65e-06,56.2,70.21
3o4c,3BAU_A,61.194,67,26,0,1,67,17,83,6.24e-18,85.5,76.12
3o4c,3BAU_A,58.108,74,29,1,38,109,10,83,3.48e-17,83.6,72.97
3o4c,3BAU_A,60.870,46,16,1,80,123,10,55,2.76e-06,55.5,71.74
3o4c,3BA4_A,61.194,67,26,0,1,67,17,83,6.38e-18,85.5,76.12
3o4c,3BA4_A,58.108,74,29,1,38,109,10,83,3.68e-17,83.6,72.97
3o4c,3BA4_A,60.870,46,16,1,80,123,10,55,2.76e-06,55.5,71.74
3o4c,1JT4_A,43.925,107,58,1,1,105,17,123,7.11e-18,85.5,60.75
3o4c,1JT4_A,58.108,74,29,1,38,109,10,83,1.16e-16,82.4,71.62
3o4c,1JT4_A,60.870,46,16,1,80,123,10,55,8.43e-06,53.9,69.57
3o4c,2NTD_A,43.925,107,58,1,1,105,17,123,7.26e-18,85.5,61.68
3o4c,2NTD_A,58.108,74,29,1,38,109,10,83,1.04e-16,82.4,71.62
3o4c,2NTD_A,60.870,46,16,1,80,123,10,55,8.08e-06,54.3,69.57
3o4c,XP_005380756.1,61.194,67,26,0,1,67,26,92,7.61e-18,85.5,74.63
3o4c,XP_005380756.1,58.108,74,29,1,38,109,19,92,5.04e-17,83.6,71.62
3o4c,XP_005380756.1,61.702,47,16,1,80,124,19,65,1.41e-06,56.2,70.21
3o4c,3BAG_A,43.925,107,58,1,1,105,17,123,7.75e-18,85.1,60.75
3o4c,3BAG_A,58.108,74,29,1,38,109,10,83,1.17e-16,82.4,71.62
3o4c,3BAG_A,60.870,46,16,1,80,123,10,55,8.79e-06,53.9,69.57
3o4c,1JT3_A,62.687,67,25,0,1,67,17,83,7.92e-18,85.1,74.63
3o4c,1JT3_A,59.459,74,28,1,38,109,10,83,4.42e-17,83.2,71.62
3o4c,1JT3_A,60.870,46,16,1,80,123,10,55,8.70e-06,53.9,69.57
3o4c,XP_058918236.1,62.687,67,25,0,1,67,26,92,7.97e-18,85.5,74.63
3o4c,XP_058918236.1,59.459,74,28,1,38,109,19,92,4.84e-17,83.6,71.62
3o4c,XP_058918236.1,63.043,46,15,1,80,123,19,64,3.36e-06,55.5,69.57
3o4c,4YOL_A,62.687,67,25,0,1,67,18,84,8.03e-18,85.1,76.12
3o4c,4YOL_A,59.459,74,28,1,38,109,11,84,4.73e-17,83.2,72.97
3o4c,4YOL_A,63.043,46,15,1,80,123,11,56,2.78e-06,55.5,71.74
3o4c,3BA7_A,61.194,67,26,0,1,67,17,83,8.18e-18,85.1,74.63
3o4c,3BA7_A,58.108,74,29,1,38,109,10,83,4.82e-17,83.2,71.62
3o4c,3BA7_A,60.870,46,16,1,80,123,10,55,3.55e-06,55.1,69.57
3o4c,XP_045856721.1,59.155,71,29,0,1,71,26,96,8.33e-18,85.5,73.24
3o4c,XP_045856721.1,56.410,78,32,1,38,113,19,96,3.17e-17,84.0,70.51
3o4c,XP_045856721.1,60.870,46,16,1,80,123,19,64,4.96e-06,54.7,69.57
3o4c,3FJC_A,61.194,67,26,0,1,67,17,83,8.92e-18,85.1,76.12
3o4c,3FJC_A,58.108,74,29,1,38,109,10,83,4.97e-17,83.2,72.97
3o4c,3FJC_A,60.870,46,16,1,80,123,10,55,3.86e-06,55.1,71.74
3o4c,3HAL_A,59.155,71,29,0,1,71,17,87,9.21e-18,85.1,73.24
3o4c,3HAL_A,56.410,78,32,1,38,113,10,87,9.41e-18,85.1,71.79
3o4c,3HAL_A,60.870,46,16,1,80,123,10,55,1.37e-06,56.2,71.74
3o4c,3BAQ_A,61.194,67,26,0,1,67,17,83,9.31e-18,85.1,74.63
3o4c,3BAQ_A,58.108,74,29,1,38,109,10,83,5.25e-17,83.2,71.62
3o4c,3BAQ_A,60.870,46,16,1,80,123,10,55,4.07e-06,55.1,69.57
3o4c,3JUT_A,61.194,67,26,0,1,67,3,69,9.34e-18,84.7,74.63
3o4c,3JUT_A,61.538,65,25,0,45,109,5,69,6.29e-17,82.4,75.38
3o4c,3JUT_A,67.568,37,12,0,87,123,5,41,6.15e-06,54.3,75.68
3o4c,XP_005380764.1,62.121,66,25,0,1,66,26,91,9.52e-18,85.1,74.24
3o4c,XP_005380764.1,58.904,73,28,1,38,108,19,91,6.30e-17,83.2,71.23
3o4c,XP_005380764.1,61.702,47,16,1,80,124,19,65,1.37e-06,56.2,70.21
3o4c,XP_004452675.1,44.340,106,57,1,1,104,26,131,9.58e-18,85.1,58.49
3o4c,XP_004452675.1,57.971,69,29,0,45,113,28,96,6.93e-16,80.5,69.57
3o4c,XP_004452675.1,67.568,37,12,0,87,123,28,64,2.20e-05,53.1,72.97
3o4c,XP_036170253.1,60.606,66,26,0,1,66,26,91,9.66e-18,83.6,74.24
3o4c,XP_036170253.1,60.938,64,25,0,45,108,28,91,6.63e-17,81.3,75.00
3o4c,XP_036170253.1,67.568,37,12,0,87,123,28,64,2.66e-06,54.3,75.68
3o4c,1P63_A,43.925,107,58,1,1,105,15,121,9.87e-18,85.1,60.75
3o4c,1P63_A,55.556,81,33,2,31,109,2,81,3.31e-17,83.6,69.14
3o4c,1P63_A,56.604,53,20,2,73,123,2,53,3.02e-06,55.1,66.04
3o4c,NP_001164959.1,59.155,71,29,0,1,71,26,96,9.90e-18,85.1,73.24
3o4c,NP_001164959.1,56.410,78,32,1,38,113,19,96,1.06e-17,85.1,71.79
3o4c,NP_001164959.1,60.870,46,16,1,80,123,19,64,1.56e-06,56.2,71.74
3o4c,XP_036751107.1,61.194,67,26,0,1,67,26,92,9.90e-18,85.1,74.63
3o4c,XP_036751107.1,58.108,74,29,1,38,109,19,92,6.07e-17,83.2,71.62
3o4c,XP_036751107.1,60.870,46,16,1,80,123,19,64,9.21e-06,54.3,69.57
3o4c,3FJ9_A,42.991,107,59,1,1,105,17,123,1.02e-17,85.1,60.75
3o4c,3FJ9_A,58.108,74,29,1,38,109,10,83,1.18e-16,82.0,71.62
3o4c,3FJ9_A,60.870,46,16,1,80,123,10,55,8.61e-06,53.9,69.57
3o4c,QQM18103.1,61.194,67,26,0,1,67,6,72,1.02e-17,84.7,74.63
3o4c,QQM18103.1,61.538,65,25,0,45,109,8,72,6.99e-17,82.4,75.38
3o4c,QQM18103.1,67.568,37,12,0,87,123,8,44,6.69e-06,54.3,75.68
3o4c,2K43_A,61.194,67,26,0,1,67,4,70,1.02e-17,84.7,74.63
3o4c,2K43_A,61.538,65,25,0,45,109,6,70,7.02e-17,82.4,75.38
3o4c,2K43_A,67.568,37,12,0,87,123,6,42,6.79e-06,53.9,75.68
3o4c,3CU1_B,61.194,67,26,0,1,67,5,71,1.03e-17,84.3,74.63
3o4c,3CU1_B,61.538,65,25,0,45,109,7,71,6.96e-17,82.4,75.38
3o4c,3CU1_B,67.568,37,12,0,87,123,7,43,6.27e-06,54.3,75.68
3o4c,1EVT_A,61.194,67,26,0,1,67,5,71,1.04e-17,84.7,74.63
3o4c,1EVT_A,61.538,65,25,0,45,109,7,71,7.20e-17,82.4,75.38
3o4c,1EVT_A,67.568,37,12,0,87,123,7,43,6.71e-06,53.9,75.68
3o4c,1JY0_A,43.925,107,58,1,1,105,17,123,1.04e-17,85.1,61.68
3o4c,1JY0_A,58.108,74,29,1,38,109,10,83,1.34e-16,82.0,71.62
3o4c,1JY0_A,60.870,46,16,1,80,123,10,55,9.66e-06,53.9,69.57
3o4c,XP_039092064.1,59.155,71,29,0,1,71,26,96,1.07e-17,85.1,73.24
3o4c,XP_039092064.1,56.410,78,32,1,38,113,19,96,6.33e-17,83.2,70.51
3o4c,XP_039092064.1,60.870,46,16,1,80,123,19,64,9.31e-06,54.3,69.57
3o4c,3OJV_A,61.194,67,26,0,1,67,7,73,1.09e-17,84.7,74.63
3o4c,3OJV_A,61.538,65,25,0,45,109,9,73,7.49e-17,82.4,75.38
3o4c,3OJV_A,67.568,37,12,0,87,123,9,45,6.75e-06,54.3,75.68
3o4c,XP_006891179.1,43.925,107,58,1,1,105,26,132,1.09e-17,85.1,60.75
3o4c,XP_006891179.1,58.108,74,29,1,38,109,19,92,1.17e-16,82.4,71.62
3o4c,XP_006891179.1,60.870,46,16,1,80,123,19,64,9.02e-06,54.3,69.57
3o4c,XP_006204568.1,61.194,67,26,0,1,67,26,92,1.15e-17,85.1,74.63
3o4c,XP_006204568.1,58.108,74,29,1,38,109,19,92,7.29e-17,83.2,71.62
3o4c,XP_006204568.1,60.870,46,16,1,80,123,19,64,9.51e-06,54.3,69.57
3o4c,2AXM_A,61.194,67,26,0,1,67,6,72,1.21e-17,84.3,74.63
3o4c,2AXM_A,61.538,65,25,0,45,109,8,72,8.41e-17,82.4,75.38
3o4c,2AXM_A,67.568,37,12,0,87,123,8,44,6.98e-06,53.9,75.68
3o4c,XP_030176381.1,61.194,67,26,0,1,67,26,92,1.26e-17,84.7,74.63
3o4c,XP_030176381.1,61.538,65,25,0,45,109,28,92,9.51e-17,82.4,75.38
3o4c,XP_030176381.1,67.568,37,12,0,87,123,28,64,6.62e-06,54.3,75.68
3o4c,2RQ9_A,61.194,67,26,0,1,67,6,72,1.26e-17,84.7,74.63
3o4c,2RQ9_A,61.538,65,25,0,45,109,8,72,8.64e-17,82.4,75.38
3o4c,2RQ9_A,67.568,37,12,0,87,123,8,44,7.83e-06,54.3,75.68
3o4c,XP_023559807.1,62.121,66,25,0,1,66,26,91,1.27e-17,84.7,75.76
3o4c,XP_023559807.1,58.904,73,28,1,38,108,19,91,8.07e-17,82.8,72.60
3o4c,XP_023559807.1,61.702,47,16,1,80,124,19,65,1.57e-06,56.2,70.21
3o4c,4J23_B,61.194,67,26,0,1,67,9,75,1.29e-17,84.3,74.63
3o4c,4J23_B,61.538,65,25,0,45,109,11,75,8.97e-17,82.4,75.38
3o4c,4J23_B,67.568,37,12,0,87,123,11,47,7.23e-06,53.9,75.68
3o4c,XP_008689675.1,61.194,67,26,0,1,67,26,92,1.30e-17,85.1,74.63
3o4c,XP_008689675.1,58.108,74,29,1,38,109,19,92,5.16e-17,83.6,71.62
3o4c,XP_008689675.1,60.870,46,16,1,80,123,19,64,4.28e-06,55.1,69.57
3o4c,KAF6348503.1,59.701,67,27,0,1,67,26,92,1.47e-17,84.0,74.63
3o4c,KAF6348503.1,60.000,65,26,0,45,109,28,92,1.03e-16,81.6,75.38
3o4c,KAF6348503.1,67.568,37,12,0,87,123,28,64,4.71e-06,54.3,75.68
3o4c,3CQA_A,61.194,67,26,0,1,67,15,81,1.49e-17,84.3,74.63
3o4c,3CQA_A,55.556,81,33,2,31,109,2,81,2.82e-17,83.6,69.14
3o4c,3CQA_A,56.604,53,20,2,73,123,2,53,2.52e-06,55.5,66.04
3o4c,XP_070088683.1,59.420,69,28,0,1,69,26,94,1.50e-17,85.5,73.91
3o4c,XP_070088683.1,56.579,76,31,1,38,111,19,94,7.85e-17,83.6,71.05
3o4c,XP_070088683.1,60.870,46,16,1,80,123,19,64,1.10e-05,54.3,69.57
3o4c,XP_040478225.1,62.121,66,25,0,1,66,26,91,1.52e-17,84.7,74.24
3o4c,XP_040478225.1,58.904,73,28,1,38,108,19,91,6.05e-17,83.2,71.23
3o4c,XP_040478225.1,60.870,46,16,1,80,123,19,64,4.08e-06,55.1,69.57
3o4c,XP_006204569.1,62.121,66,25,0,1,66,26,91,1.54e-17,84.7,74.24
3o4c,XP_006204569.1,58.904,73,28,1,38,108,19,91,9.73e-17,82.8,71.23
3o4c,XP_006204569.1,60.870,46,16,1,80,123,19,64,9.65e-06,53.9,69.57
3q7w,3Q7W_A,100.000,124,0,0,1,124,6,129,1.30e-79,241,100.00
3q7w,3Q7W_A,100.000,84,0,0,2,85,49,132,3.74e-49,164,100.00
3q7w,4QKR_A,95.161,124,6,0,1,124,6,129,5.31e-79,239,100.00
3q7w,4QKR_A,95.238,84,4,0,2,85,49,132,8.98e-49,163,100.00
3q7w,4QKS_A,95.161,124,6,0,1,124,6,129,2.26e-78,238,100.00
3q7w,4QKS_A,95.238,84,4,0,2,85,49,132,2.46e-48,162,100.00
3q7w,4D8H_A,95.161,124,6,0,1,124,6,129,5.84e-76,232,95.16
3q7w,4D8H_A,95.238,84,4,0,2,85,49,132,9.75e-47,158,95.24
3q7w,3O4D_A,92.623,122,9,0,3,124,18,139,2.98e-73,225,97.54
3q7w,3O4D_A,92.857,84,6,0,2,85,59,142,3.57e-46,157,97.62
3q7w,3Q7Y_A,88.525,122,14,0,3,124,8,129,1.97e-70,218,98.36
3q7w,3Q7Y_A,89.157,83,9,0,3,85,50,132,7.18e-44,150,98.80
3q7w,3O4B_A,90.164,122,12,0,3,124,18,139,8.65e-70,216,95.08
3q7w,3O4B_A,90.476,84,8,0,2,85,59,142,7.13e-44,151,95.24
3q7w,3O4C_A,90.164,122,12,0,3,124,18,139,1.86e-69,216,95.08
3q7w,3O4C_A,90.476,84,8,0,2,85,59,142,1.18e-43,150,95.24
3q7w,3O4A_A,88.525,122,14,0,3,124,18,139,2.68e-67,210,93.44
3q7w,3O4A_A,88.095,84,10,0,2,85,59,142,1.48e-41,145,92.86
3q7w,4F34_A,87.705,122,15,0,3,124,12,133,5.35e-67,209,92.62
3q7w,4F34_A,88.095,84,10,0,2,85,53,136,5.03e-42,146,92.86
3q7w,3O49_A,86.066,122,17,0,3,124,18,139,6.96e-67,209,93.44
3q7w,3O49_A,85.714,84,12,0,2,85,59,142,2.80e-41,144,92.86
3q7w,3SNV_A,90.351,114,11,0,11,124,19,132,7.76e-65,204,94.74
3q7w,3SNV_A,90.217,92,9,0,2,93,52,143,4.25e-49,164,95.65
3q7w,3P6J_A,90.991,111,10,0,2,112,32,142,2.27e-63,200,96.40
3q7w,3P6J_A,85.149,101,15,0,24,124,12,112,2.85e-51,170,90.10
3q7w,3P6I_A,90.476,105,10,0,20,124,18,122,8.00e-58,186,94.29
3q7w,3P6I_A,90.099,101,10,0,2,102,42,142,4.27e-56,182,96.04
3q7w,4OW4_A,72.358,123,34,0,1,123,1,123,3.12e-56,181,82.11
3q7w,4OW4_A,72.840,81,22,0,44,124,2,82,2.35e-32,121,82.72
3q7w,3OGF_A,92.771,83,6,0,3,85,8,90,3.85e-46,155,97.59
3q7w,3OGF_A,92.500,80,6,0,45,124,8,87,9.47e-44,149,97.50
3q7w,3O3Q_A,46.729,107,56,1,4,110,19,124,7.60e-21,92.8,63.55
3q7w,3O3Q_A,70.270,37,11,0,88,124,19,55,4.15e-06,54.7,75.68
3q7w,1NZK_A,45.714,105,55,1,4,106,19,123,1.15e-18,87.4,61.90
3q7w,1NZK_A,58.108,74,29,1,39,110,10,83,8.55e-17,82.4,71.62
3q7w,1NZK_A,63.043,46,15,1,81,124,10,55,5.19e-06,54.7,69.57
3q7w,1M16_A,44.762,105,56,1,4,106,19,123,2.41e-18,86.7,61.90
3q7w,1M16_A,58.108,74,29,1,39,110,10,83,8.00e-17,82.8,71.62
3q7w,1M16_A,63.043,46,15,1,81,124,10,55,5.03e-06,54.7,69.57
3q7w,1JT7_A,43.810,105,57,1,4,106,19,123,7.34e-18,85.5,60.95
3q7w,1JT7_A,58.108,74,29,1,39,110,10,83,7.66e-17,82.8,71.62
3q7w,1JT7_A,63.043,46,15,1,81,124,10,55,4.87e-06,54.7,69.57
3q7w,4QO3_A,43.396,106,58,1,3,106,18,123,1.00e-17,85.1,62.26
3q7w,4QO3_A,58.108,74,29,1,39,110,10,83,4.61e-17,83.2,72.97
3q7w,4QO3_A,65.217,46,14,1,81,124,10,55,1.16e-06,56.2,71.74
3q7w,4Q9G_A,43.396,106,58,1,3,106,18,123,1.34e-17,84.7,62.26
3q7w,4Q9G_A,58.108,74,29,1,39,110,10,83,6.31e-17,82.8,72.97
3q7w,4Q9G_A,65.217,46,14,1,81,124,10,55,1.40e-06,56.2,71.74
3q7w,4Q91_A,42.453,106,59,1,3,106,18,123,2.46e-17,84.0,62.26
3q7w,4Q91_A,56.757,74,30,1,39,110,10,83,1.14e-16,82.4,72.97
3q7w,4Q91_A,63.043,46,15,1,81,124,10,55,2.59e-06,55.5,71.74
3q7w,3BAO_A,41.905,105,59,1,4,106,19,123,2.52e-17,84.0,60.95
3q7w,3BAO_A,56.757,74,30,1,39,110,10,83,7.83e-17,82.8,71.62
3q7w,3BAO_A,63.043,46,15,1,81,124,10,55,1.71e-06,55.8,69.57
3q7w,1PZZ_A,41.905,105,59,1,4,106,19,123,2.81e-17,84.0,60.95
3q7w,1PZZ_A,56.757,74,30,1,39,110,10,83,8.54e-17,82.4,71.62
3q7w,1PZZ_A,60.870,46,16,1,81,124,10,55,3.56e-05,52.4,67.39
3q7w,4Q9P_A,42.453,106,59,1,3,106,18,123,3.64e-17,83.6,62.26
3q7w,4Q9P_A,56.757,74,30,1,39,110,10,83,1.72e-16,81.6,72.97
3q7w,4Q9P_A,63.043,46,15,1,81,124,10,55,3.63e-06,55.1,71.74
3q7w,3FGM_A,42.857,105,58,1,4,106,19,123,3.84e-17,83.6,61.90
3q7w,3FGM_A,56.757,74,30,1,39,110,10,83,2.43e-16,81.3,71.62
3q7w,3FGM_A,63.043,46,15,1,81,124,10,55,5.19e-06,54.7,69.57
3q7w,XP_004854378.1,41.905,105,59,1,4,106,28,132,3.86e-17,83.6,60.00
3q7w,XP_004854378.1,54.167,72,33,0,46,117,28,99,2.63e-16,81.6,70.83
3q7w,XP_004854378.1,64.865,37,13,0,88,124,28,64,1.58e-04,50.8,70.27
3q7w,2HWM_A,42.453,106,59,1,3,106,18,123,4.23e-17,83.2,61.32
3q7w,2HWM_A,56.757,74,30,1,39,110,10,83,2.00e-16,81.6,71.62
3q7w,2HWM_A,63.043,46,15,1,81,124,10,55,4.25e-06,54.7,69.57
3q7w,XP_004643899.1,43.810,105,57,1,4,106,28,132,4.28e-17,83.6,60.00
3q7w,XP_004643899.1,56.944,72,31,0,46,117,28,99,8.27e-17,82.8,72.22
3q7w,XP_004643899.1,67.568,37,12,0,88,124,28,64,4.60e-05,52.4,72.97
3q7w,XP_004452675.1,42.056,107,60,1,1,105,25,131,5.39e-17,83.2,57.01
3q7w,XP_004452675.1,52.778,72,34,0,46,117,28,99,1.14e-14,77.4,66.67
3q7w,XP_004452675.1,67.568,37,12,0,88,124,28,64,8.83e-05,51.6,70.27
3q7w,1Q04_A,41.905,105,59,1,4,106,19,123,5.91e-17,82.8,60.95
3q7w,1Q04_A,56.757,74,30,1,39,110,10,83,1.96e-16,81.6,71.62
3q7w,1Q04_A,60.870,46,16,1,81,124,10,55,3.87e-05,52.4,67.39
3q7w,1Q03_A,41.905,105,59,1,4,106,19,123,6.04e-17,82.8,60.95
3q7w,1Q03_A,60.000,65,26,0,46,110,19,83,1.86e-16,81.6,75.38
3q7w,1Q03_A,67.568,37,12,0,88,124,19,55,4.30e-05,52.4,72.97
3q7w,1JT5_A,42.857,105,58,1,4,106,19,123,6.17e-17,82.8,60.00
3q7w,1JT5_A,56.757,74,30,1,39,110,10,83,6.22e-16,80.5,70.27
3q7w,1JT5_A,60.870,46,16,1,81,124,10,55,3.67e-05,52.4,67.39
3q7w,3FJD_A,41.905,105,59,1,4,106,19,123,6.24e-17,82.8,60.95
3q7w,3FJD_A,56.757,74,30,1,39,110,10,83,1.96e-16,81.6,71.62
3q7w,3FJD_A,63.043,46,15,1,81,124,10,55,4.48e-06,54.7,69.57
3q7w,XP_010612202.1,41.905,105,59,1,4,106,28,132,6.76e-17,83.2,60.00
3q7w,XP_010612202.1,54.167,72,33,0,46,117,28,99,4.05e-16,81.3,70.83
3q7w,XP_010612202.1,67.568,37,12,0,88,124,28,64,3.01e-05,52.8,72.97
3q7w,1JTC_A,41.905,105,59,1,4,106,19,123,6.95e-17,82.8,60.95
3q7w,1JTC_A,56.757,74,30,1,39,110,10,83,2.16e-16,81.6,71.62
3q7w,1JTC_A,63.043,46,15,1,81,124,10,55,4.87e-06,54.7,69.57
3q7w,2HZ9_A,41.509,106,60,1,3,106,18,123,7.92e-17,82.8,61.32
3q7w,2HZ9_A,56.757,74,30,1,39,110,10,83,1.88e-16,81.6,71.62
3q7w,2HZ9_A,63.043,46,15,1,81,124,10,55,4.16e-06,55.1,69.57
3q7w,3BAH_A,41.905,105,59,1,4,106,19,123,8.72e-17,82.4,60.95
3q7w,3BAH_A,55.405,74,31,1,39,110,10,83,1.97e-15,79.0,70.27
3q7w,3BAH_A,60.870,46,16,1,81,124,10,55,3.91e-05,52.4,67.39
3q7w,1K5V_A,41.905,105,59,1,4,106,19,123,9.11e-17,82.4,60.95
3q7w,1K5V_A,55.405,74,31,1,39,110,10,83,2.00e-15,79.0,70.27
3q7w,1K5V_A,60.870,46,16,1,81,124,10,55,4.00e-05,52.4,67.39
3q7w,3OL0_A,92.683,41,3,0,3,43,8,48,1.13e-16,79.3,97.56
3q7w,3OL0_A,92.683,41,3,0,45,85,8,48,1.13e-16,79.3,97.56
3q7w,3OL0_A,92.105,38,3,0,87,124,8,45,2.88e-14,73.2,97.37
3q7w,NP_001164959.1,51.852,81,37,1,39,117,19,99,1.17e-16,82.4,69.14
3q7w,NP_001164959.1,41.905,105,59,1,4,106,28,132,4.36e-16,80.9,59.05
3q7w,NP_001164959.1,60.870,46,16,1,81,124,19,64,4.76e-06,55.1,69.57
3q7w,3FJI_A,42.453,106,59,1,3,106,18,123,1.26e-16,82.0,61.32
3q7w,3FJI_A,56.757,74,30,1,39,110,10,83,2.14e-16,81.6,71.62
3q7w,3FJI_A,63.043,46,15,1,81,124,10,55,4.48e-06,54.7,69.57
3q7w,3HAL_A,51.852,81,37,1,39,117,10,90,1.26e-16,82.0,69.14
3q7w,3HAL_A,41.905,105,59,1,4,106,19,123,4.18e-16,80.9,59.05
3q7w,3HAL_A,60.870,46,16,1,81,124,10,55,4.67e-06,54.7,69.57
3q7w,2HW9_A,41.509,106,60,1,3,106,18,123,1.27e-16,82.0,60.38
3q7w,2HW9_A,55.405,74,31,1,39,110,10,83,6.09e-16,80.5,70.27
3q7w,2HW9_A,60.870,46,16,1,81,124,10,55,1.30e-05,53.5,67.39
3q7w,3B9U_A,40.952,105,60,1,4,106,19,123,1.32e-16,82.0,60.95
3q7w,3B9U_A,58.462,65,27,0,46,110,19,83,4.00e-16,80.9,75.38
3q7w,3B9U_A,67.568,37,12,0,88,124,19,55,7.27e-06,54.3,75.68
3q7w,1DZC_A,40.566,106,61,1,3,106,3,108,1.33e-16,81.6,59.43
3q7w,1DZC_A,55.882,68,30,0,43,110,1,68,3.77e-16,80.5,70.59
3q7w,1DZC_A,62.500,40,15,0,85,124,1,40,1.15e-05,53.5,67.50
3q7w,1P63_A,41.905,105,59,1,4,106,17,121,1.44e-16,82.0,60.00
3q7w,1P63_A,55.405,74,31,1,39,110,8,81,1.07e-15,79.7,70.27
3q7w,1P63_A,60.870,46,16,1,81,124,8,53,2.65e-05,52.8,67.39
3q7w,2NTD_A,41.905,105,59,1,4,106,19,123,1.47e-16,82.0,60.95
3q7w,2NTD_A,55.405,74,31,1,39,110,10,83,1.49e-15,79.3,70.27
3q7w,2NTD_A,60.870,46,16,1,81,124,10,55,3.20e-05,52.4,67.39
3q7w,3BA4_A,40.952,105,60,1,4,106,19,123,1.67e-16,81.6,60.95
3q7w,3BA4_A,55.405,74,31,1,39,110,10,83,5.24e-16,80.5,71.62
3q7w,3BA4_A,60.870,46,16,1,81,124,10,55,1.14e-05,53.9,69.57
3q7w,XP_023559807.1,62.500,64,24,0,4,67,28,91,1.76e-16,82.0,75.00
3q7w,XP_023559807.1,62.500,64,24,0,46,109,28,91,1.76e-16,82.0,75.00
3q7w,XP_023559807.1,67.568,37,12,0,88,124,28,64,4.57e-05,52.4,72.97
3q7w,1JT4_A,41.905,105,59,1,4,106,19,123,1.76e-16,81.6,60.00
3q7w,1JT4_A,55.405,74,31,1,39,110,10,83,1.73e-15,79.3,70.27
3q7w,1JT4_A,60.870,46,16,1,81,124,10,55,3.60e-05,52.4,67.39
3q7w,3FJ9_A,40.952,105,60,1,4,106,19,123,1.76e-16,81.6,60.00
3q7w,3FJ9_A,55.405,74,31,1,39,110,10,83,1.61e-15,79.3,70.27
3q7w,3FJ9_A,60.870,46,16,1,81,124,10,55,3.41e-05,52.4,67.39
3q7w,XP_005007031.1,42.857,105,58,1,4,106,28,132,1.90e-16,82.0,60.00
3q7w,XP_005007031.1,55.556,72,32,0,46,117,28,99,3.32e-16,81.3,72.22
3q7w,XP_005007031.1,67.568,37,12,0,88,124,28,64,4.10e-05,52.4,72.97
3q7w,2K43_A,40.952,105,60,1,4,106,6,110,1.92e-16,81.3,60.00
3q7w,2K43_A,58.462,65,27,0,46,110,6,70,6.81e-16,79.7,73.85
3q7w,2K43_A,67.568,37,12,0,88,124,6,42,2.02e-05,52.8,72.97
3q7w,1JT3_A,41.905,105,59,1,4,106,19,123,1.96e-16,81.6,60.00
3q7w,1JT3_A,56.757,74,30,1,39,110,10,83,6.09e-16,80.5,70.27
3q7w,1JT3_A,60.870,46,16,1,81,124,10,55,3.71e-05,52.4,67.39
3q7w,3BAG_A,41.905,105,59,1,4,106,19,123,1.96e-16,81.6,60.00
3q7w,3BAG_A,55.405,74,31,1,39,110,10,83,1.79e-15,79.3,70.27
3q7w,3BAG_A,60.870,46,16,1,81,124,10,55,3.75e-05,52.4,67.39
3q7w,1EVT_A,40.952,105,60,1,4,106,7,111,2.03e-16,81.3,60.00
3q7w,1EVT_A,58.462,65,27,0,46,110,7,71,7.29e-16,79.7,73.85
3q7w,1EVT_A,67.568,37,12,0,88,124,7,43,2.08e-05,52.8,72.97
3q7w,QQM18103.1,40.952,105,60,1,4,106,8,112,2.09e-16,81.3,60.00
3q7w,QQM18103.1,58.462,65,27,0,46,110,8,72,7.16e-16,79.7,73.85
3q7w,QQM18103.1,67.568,37,12,0,88,124,8,44,2.01e-05,52.8,72.97
3q7w,XP_004586565.1,42.857,105,58,1,4,106,28,132,2.14e-16,81.6,59.05
3q7w,XP_004586565.1,51.852,81,37,1,39,117,19,99,3.55e-16,81.3,69.14
3q7w,XP_004586565.1,60.870,46,16,1,81,124,19,64,1.73e-05,53.5,69.57
3q7w,1JY0_A,41.905,105,59,1,4,106,19,123,2.18e-16,81.6,60.95
3q7w,1JY0_A,55.405,74,31,1,39,110,10,83,2.00e-15,79.0,70.27
3q7w,1JY0_A,60.870,46,16,1,81,124,10,55,4.04e-05,52.4,67.39
3q7w,2HWA_A,41.905,105,59,1,4,106,19,123,2.21e-16,81.6,60.95
3q7w,2HWA_A,55.405,74,31,1,39,110,10,83,1.13e-15,79.7,70.27
3q7w,2HWA_A,60.870,46,16,1,81,124,10,55,2.24e-05,53.1,67.39
3q7w,XP_006891179.1,41.905,105,59,1,4,106,28,132,2.26e-16,81.6,60.00
3q7w,XP_006891179.1,58.462,65,27,0,46,110,28,92,1.66e-15,79.3,73.85
3q7w,XP_006891179.1,67.568,37,12,0,88,124,28,64,3.60e-05,52.8,72.97
3q7w,3FJC_A,40.952,105,60,1,4,106,19,123,2.33e-16,81.6,60.95
3q7w,3FJC_A,55.405,74,31,1,39,110,10,83,7.32e-16,80.1,71.62
3q7w,3FJC_A,60.870,46,16,1,81,124,10,55,1.62e-05,53.5,69.57
3q7w,3CU1_B,40.952,105,60,1,4,106,7,111,2.37e-16,80.9,60.00
3q7w,3CU1_B,58.462,65,27,0,46,110,7,71,7.70e-16,79.7,73.85
3q7w,3CU1_B,67.568,37,12,0,88,124,7,43,2.01e-05,52.8,72.97
3q7w,3BA7_A,40.952,105,60,1,4,106,19,123,2.38e-16,81.3,60.00
3q7w,3BA7_A,55.405,74,31,1,39,110,10,83,7.16e-16,80.1,70.27
3q7w,3BA7_A,60.870,46,16,1,81,124,10,55,1.50e-05,53.5,67.39
3q7w,3JUT_A,40.952,105,60,1,4,106,5,109,2.38e-16,80.9,60.00
3q7w,3JUT_A,58.462,65,27,0,46,110,5,69,8.01e-16,79.7,73.85
3q7w,3JUT_A,67.568,37,12,0,88,124,5,41,2.12e-05,52.8,72.97
3q7w,4YOL_A,41.905,105,59,1,4,106,20,124,2.44e-16,81.3,60.95
3q7w,4YOL_A,56.757,74,30,1,39,110,11,84,5.66e-16,80.5,71.62
3q7w,4YOL_A,63.043,46,15,1,81,124,11,56,1.01e-05,53.9,69.57
3q7w,4J23_B,40.952,105,60,1,4,106,11,115,2.56e-16,81.3,60.00
3q7w,4J23_B,58.462,65,27,0,46,110,11,75,8.59e-16,79.7,73.85
3q7w,4J23_B,67.568,37,12,0,88,124,11,47,2.12e-05,52.8,72.97
3q7w,2AXM_A,40.952,105,60,1,4,106,8,112,2.56e-16,80.9,60.00
3q7w,2AXM_A,58.462,65,27,0,46,110,8,72,8.79e-16,79.7,73.85
3q7w,2AXM_A,67.568,37,12,0,88,124,8,44,2.26e-05,52.8,72.97
3q7w,3OJV_A,40.952,105,60,1,4,106,9,113,2.57e-16,81.3,60.00
3q7w,3OJV_A,58.462,65,27,0,46,110,9,73,8.54e-16,79.7,73.85
3q7w,3OJV_A,67.568,37,12,0,88,124,9,45,2.20e-05,52.8,72.97
3q7w,2RQ9_A,40.952,105,60,1,4,106,8,112,2.63e-16,81.3,60.00
3q7w,2RQ9_A,58.462,65,27,0,46,110,8,72,8.91e-16,79.7,73.85
3q7w,2RQ9_A,67.568,37,12,0,88,124,8,44,2.34e-05,52.8,72.97
3q7w,3BAQ_A,40.952,105,60,1,4,106,19,123,2.71e-16,81.3,60.00
3q7w,3BAQ_A,55.405,74,31,1,39,110,10,83,8.24e-16,80.1,70.27
3q7w,3BAQ_A,60.870,46,16,1,81,124,10,55,1.80e-05,53.1,67.39
3q7w,XP_012875909.1,40.952,105,60,1,4,106,28,132,2.83e-16,81.6,59.05
3q7w,XP_012875909.1,55.405,74,31,1,39,110,19,92,3.40e-16,81.3,70.27
3q7w,XP_012875909.1,60.870,46,16,1,81,124,19,64,1.21e-05,53.9,67.39
3q7w,2Q9X_A,40.952,105,60,1,4,106,13,117,3.13e-16,80.9,60.00
3q7w,2Q9X_A,55.405,74,31,1,39,110,4,77,8.64e-16,79.7,70.27
3q7w,2Q9X_A,60.870,46,16,1,81,124,4,49,1.65e-05,53.1,67.39
3q7w,3BAU_A,40.566,106,61,1,3,106,18,123,3.26e-16,81.3,60.38
3q7w,3BAU_A,55.405,74,31,1,39,110,10,83,5.07e-16,80.5,71.62
3q7w,3BAU_A,60.870,46,16,1,81,124,10,55,1.12e-05,53.9,69.57
3q7w,3FJ8_A,40.952,105,60,1,4,106,19,123,3.40e-16,80.9,60.95
3q7w,3FJ8_A,55.405,74,31,1,39,110,10,83,1.97e-15,79.0,70.27
3q7w,3FJ8_A,60.870,46,16,1,81,124,10,55,4.04e-05,52.4,67.39
3q7w,XP_058918236.1,41.905,105,59,1,4,106,28,132,3.40e-16,81.3,59.05
3q7w,XP_058918236.1,56.757,74,30,1,39,110,19,92,6.29e-16,80.5,70.27
3q7w,XP_058918236.1,63.043,46,15,1,81,124,19,64,1.26e-05,53.9,67.39
3q7w,XP_008048311.1,41.905,105,59,1,4,106,28,132,3.44e-16,81.3,60.00
3q7w,XP_008048311.1,55.405,74,31,1,39,110,19,92,1.75e-15,79.3,70.27
3q7w,XP_008048311.1,60.870,46,16,1,81,124,19,64,3.67e-05,52.8,67.39
3q7w,3FJH_A,40.952,105,60,1,4,106,19,123,3.48e-16,80.9,60.00
3q7w,3FJH_A,55.405,74,31,1,39,110,10,83,1.72e-15,79.3,70.27
3q7w,3FJH_A,60.870,46,16,1,81,124,10,55,3.63e-05,52.4,67.39
3q7w,XP_006144848.1,40.000,105,61,1,4,106,28,132,3.55e-16,81.3,60.00
3q7w,XP_006144848.1,54.054,74,32,1,39,110,19,92,2.44e-15,79.0,70.27
3q7w,XP_006144848.1,58.696,46,17,1,81,124,19,64,8.65e-05,51.6,67.39
3q7w,XP_058533760.1,42.857,105,58,1,4,106,46,150,3.70e-16,81.6,59.05
3q7w,XP_058533760.1,51.852,81,37,1,39,117,37,117,5.44e-16,81.3,69.14
3q7w,XP_058533760.1,60.870,46,16,1,81,124,37,82,2.36e-05,53.5,69.57
3q7w,XP_069892390.1,56.164,73,30,1,39,109,19,91,3.70e-16,81.3,69.86
3q7w,XP_069892390.1,42.308,104,59,1,4,106,28,131,8.40e-16,80.1,57.69
3q7w,XP_069892390.1,60.870,46,16,1,81,124,19,64,1.11e-05,53.9,67.39
3q7w,XP_045856721.1,51.852,81,37,1,39,117,19,99,3.83e-16,81.3,67.90
3q7w,XP_045856721.1,41.905,105,59,1,4,106,28,132,4.00e-16,81.3,59.05
3q7w,XP_045856721.1,60.870,46,16,1,81,124,19,64,1.56e-05,53.5,67.39
3q7w,XP_055287355.1,41.346,104,59,1,4,105,28,131,3.88e-16,81.3,61.54
3q7w,XP_055287355.1,52.778,72,34,0,46,117,28,99,1.37e-15,79.7,72.22
3q7w,XP_055287355.1,64.865,37,13,0,88,124,28,64,5.88e-05,52.0,75.68
3q7w,XP_008689675.1,40.952,105,60,1,4,106,28,132,4.22e-16,80.9,59.05
3q7w,XP_008689675.1,50.617,81,38,1,39,117,19,99,4.32e-16,80.9,67.90
3q7w,XP_008689675.1,60.870,46,16,1,81,124,19,64,1.25e-05,53.9,67.39
3q7w,XP_053421984.1,40.952,105,60,1,4,106,28,132,4.65e-16,80.9,60.00
3q7w,XP_053421984.1,54.054,74,32,1,39,110,19,92,2.24e-15,79.3,70.27
3q7w,XP_053421984.1,60.870,46,16,1,81,124,19,64,3.60e-05,52.8,67.39
3q7w,NP_001162557.1,40.952,105,60,1,4,106,28,132,4.81e-16,80.9,60.00
3q7w,NP_001162557.1,58.462,65,27,0,46,110,28,92,1.49e-15,79.7,73.85
3q7w,NP_001162557.1,67.568,37,12,0,88,124,28,64,3.56e-05,52.8,72.97
3q7w,1HKN_A,40.952,105,60,1,4,106,12,116,4.86e-16,80.5,60.00
3q7w,1HKN_A,55.405,74,31,1,39,110,3,76,1.46e-15,79.3,70.27
3q7w,1HKN_A,60.870,46,16,1,81,124,3,48,3.12e-05,52.4,67.39
3q7w,XP_004854379.1,59.375,64,26,0,4,67,28,91,5.02e-16,79.0,73.44
3q7w,XP_004854379.1,59.375,64,26,0,46,109,28,91,5.02e-16,79.0,73.44
3q7w,XP_004854379.1,64.865,37,13,0,88,124,28,64,7.38e-05,50.4,70.27
3q7w,XP_006873322.1,40.952,105,60,1,4,106,28,132,5.07e-16,80.9,60.00
3q7w,XP_006873322.1,55.405,74,31,1,39,110,19,92,1.75e-15,79.3,70.27
3q7w,XP_006873322.1,60.870,46,16,1,81,124,19,64,3.71e-05,52.4,67.39
3q7w,1E0O_A,40.952,105,60,1,4,106,13,117,5.09e-16,80.5,60.00
3q7w,1E0O_A,55.405,74,31,1,39,110,4,77,1.53e-15,79.3,70.27
3q7w,1E0O_A,60.870,46,16,1,81,124,4,49,3.31e-05,52.4,67.39
3q7w,3FJA_A,40.952,105,60,1,4,106,19,123,5.13e-16,80.5,60.00
3q7w,3FJA_A,55.405,74,31,1,39,110,10,83,1.61e-15,79.3,70.27
3q7w,3FJA_A,60.870,46,16,1,81,124,10,55,3.41e-05,52.4,67.39
3q7w,KAG8506984.1,55.405,74,31,1,39,110,19,92,5.13e-16,80.9,70.27
3q7w,KAG8506984.1,40.952,105,60,1,4,106,28,132,1.40e-15,79.7,59.05
3q7w,KAG8506984.1,60.870,46,16,1,81,124,19,64,1.14e-05,53.9,67.39
3q7w,XP_044240125.2,50.617,81,38,1,39,117,47,127,5.13e-16,81.6,67.90
3q7w,XP_044240125.2,40.566,106,61,1,4,107,56,161,5.47e-16,81.6,58.49
3q7w,XP_044240125.2,60.870,46,16,1,81,124,47,92,1.36e-05,54.3,67.39
3q7w,3UD7_A,40.952,105,60,1,4,106,14,118,5.39e-16,80.5,60.00
3q7w,3UD7_A,55.405,74,31,1,39,110,5,78,1.55e-15,79.3,70.27
3q7w,3UD7_A,60.870,46,16,1,81,124,5,50,3.34e-05,52.4,67.39
3q7w,3FJE_A,40.952,105,60,1,4,106,19,123,5.41e-16,80.5,60.00
3q7w,3FJE_A,55.405,74,31,1,39,110,10,83,1.75e-15,79.3,70.27
3q7w,3FJE_A,60.870,46,16,1,81,124,10,55,3.71e-05,52.4,67.39
3q7w,1605206A,40.952,105,60,1,4,106,29,133,5.48e-16,80.9,60.00
3q7w,1605206A,55.405,74,31,1,39,110,20,93,1.70e-15,79.3,70.27
3q7w,1605206A,60.870,46,16,1,81,124,20,65,3.73e-05,52.8,67.39
3q7w,AAB29057.2,40.952,105,60,1,4,106,28,132,5.64e-16,80.9,60.00
3q7w,AAB29057.2,55.405,74,31,1,39,110,19,92,1.71e-15,79.3,70.27
3q7w,AAB29057.2,60.870,46,16,1,81,124,19,64,3.58e-05,52.8,67.39
3q7w,NP_000791.1,40.952,105,60,1,4,106,28,132,5.84e-16,80.5,60.00
3q7w,NP_000791.1,55.405,74,31,1,39,110,19,92,1.89e-15,79.3,70.27
3q7w,NP_000791.1,60.870,46,16,1,81,124,19,64,3.91e-05,52.4,67.39
6w40,6W40_A,100.000,120,0,0,1,120,1,120,1.67e-75,230,100.00
8d9p,5VJS_A,100.000,195,0,0,1,195,2,196,7.84e-119,345,100.00
8d9p,5VJU_A,99.487,195,1,0,1,195,2,196,1.84e-117,342,99.49
8d9p,6Z0C_A,89.119,193,21,0,1,193,3,195,1.60e-72,229,90.67
8d9p,7JH6_A,45.652,138,65,3,9,146,47,174,1.73e-13,77.0,61.59
8d9p,5C39_A,79.167,48,10,0,27,74,4,51,5.22e-13,72.4,83.33
8d9p,1MFT_A,79.167,48,10,0,27,74,5,52,6.77e-13,72.0,83.33
8d9p,2HZ8_A,46.914,81,37,1,20,94,31,111,7.77e-10,65.9,67.90
8d9p,2LFD_A,51.429,70,33,1,20,89,31,99,1.21e-09,65.5,71.43
8d9p,2KIK_A,74.468,47,8,1,27,73,5,47,4.90e-09,62.0,76.60
8d9p,1LT1_A,70.213,47,10,1,27,73,5,47,1.88e-06,55.1,74.47
8d9p,1JM0_A,68.085,47,11,1,27,73,5,47,6.14e-06,53.9,72.34
5vjs,5VJS_A,100.000,196,0,0,1,196,1,196,1.78e-119,347,100.00
5vjs,5VJU_A,99.490,196,1,0,1,196,1,196,3.43e-118,344,99.49
5vjs,6Z0C_A,88.660,194,22,0,1,194,2,195,7.17e-73,229,90.21
5vjs,7JH6_A,45.652,138,65,3,10,147,47,174,1.70e-13,77.0,61.59
5vjs,5C39_A,79.167,48,10,0,28,75,4,51,4.90e-13,72.4,83.33
5vjs,1MFT_A,79.167,48,10,0,28,75,5,52,6.57e-13,72.4,83.33
5vjs,2HZ8_A,46.914,81,37,1,21,95,31,111,8.11e-10,65.9,67.90
5vjs,2LFD_A,51.429,70,33,1,21,90,31,99,1.03e-09,65.5,71.43
5vjs,2KIK_A,74.468,47,8,1,28,74,5,47,5.27e-09,62.0,76.60
5vjs,1LT1_A,70.213,47,10,1,28,74,5,47,1.60e-06,55.5,74.47
5vjs,1JM0_A,68.085,47,11,1,28,74,5,47,5.45e-06,53.9,72.34
5vjt,5VJS_A,100.000,196,0,0,1,196,1,196,1.78e-119,347,100.00
5vjt,5VJU_A,99.490,196,1,0,1,196,1,196,3.43e-118,344,99.49
5vjt,6Z0C_A,88.660,194,22,0,1,194,2,195,7.17e-73,229,90.21
5vjt,7JH6_A,45.652,138,65,3,10,147,47,174,1.70e-13,77.0,61.59
5vjt,5C39_A,79.167,48,10,0,28,75,4,51,4.90e-13,72.4,83.33
5vjt,1MFT_A,79.167,48,10,0,28,75,5,52,6.57e-13,72.4,83.33
5vjt,2HZ8_A,46.914,81,37,1,21,95,31,111,8.11e-10,65.9,67.90
5vjt,2LFD_A,51.429,70,33,1,21,90,31,99,1.03e-09,65.5,71.43
5vjt,2KIK_A,74.468,47,8,1,28,74,5,47,5.27e-09,62.0,76.60
5vjt,1LT1_A,70.213,47,10,1,28,74,5,47,1.60e-06,55.5,74.47
5vjt,1JM0_A,68.085,47,11,1,28,74,5,47,5.45e-06,53.9,72.34
8gaq,8GAQ_A,100.000,147,0,0,1,147,2,148,5.91e-87,261,100.00
8dt0,8DT0_A,100.000,140,0,0,1,140,1,140,3.55e-77,236,100.00
8dt0,HXJ18249.1,32.743,113,62,4,11,110,10,121,0.003,47.8,52.21
4ky3,4KY3_A,98.125,160,3,0,1,160,3,162,4.52e-107,313,98.12
4ky3,1QYS_A,86.364,88,8,1,1,88,3,86,7.28e-42,146,87.50
4ky3,7FAO_A,84.091,88,10,1,1,88,5,88,5.38e-41,144,85.23
4ky3,QDA34032.1,78.495,93,11,2,1,88,18,106,1.81e-37,135,80.65
4ky3,2KL8_A,83.333,78,13,0,80,157,2,79,9.91e-37,132,91.03
4ky3,2MTL_A,86.667,75,10,0,80,154,3,77,1.08e-36,132,93.33
4ky3,2N41_A,75.000,88,18,1,1,88,11,94,2.75e-33,124,78.41
4ky3,5CW9_A,80.263,76,15,0,81,156,37,112,2.84e-33,125,89.47
4ky3,4PWW_A,72.000,75,21,0,80,154,2,76,3.88e-27,108,82.67
4ky3,6ZV9_A,72.603,73,20,0,81,153,60,132,3.67e-25,106,80.82
4ky3,6WXP_A,72.603,73,20,0,81,153,60,132,3.71e-25,106,80.82
4ky3,4HHU_A,72.973,74,20,0,85,158,8,81,4.18e-25,105,77.03
4ky3,4HHU_A,80.303,66,13,0,85,150,89,154,5.13e-25,105,83.33
4ky3,6WXO_A,72.603,73,20,0,81,153,79,151,6.90e-25,105,80.82
4ky3,4NEZ_A,72.857,70,19,0,85,154,8,77,3.42e-23,100,77.14
4ky3,4NEZ_A,72.857,70,19,0,85,154,91,160,3.42e-23,100,77.14
4ky3,4NEY_A,72.857,70,19,0,85,154,8,77,3.50e-23,100,77.14
4ky3,4NEY_A,72.857,70,19,0,85,154,92,161,3.50e-23,100,77.14
4ky3,4RJV_A,65.333,75,26,0,80,154,2,76,8.63e-23,97.4,78.67
4ky3,ATA67140.1,63.750,80,27,1,83,160,236,315,1.88e-18,93.6,73.75
4ky3,2MBL_A,51.515,99,32,3,2,88,6,100,6.06e-11,68.2,61.62
4ky3,2GJH_A,71.111,45,9,1,44,88,2,42,1.56e-08,60.1,77.78
4ky3,2JVF_A,30.337,89,58,1,2,90,6,90,8.59e-06,53.9,59.55
7dko,7DKO_A,100.000,90,0,0,1,90,2,91,4.93e-52,168,100.00
5vju,5VJU_A,100.000,196,0,0,1,196,1,196,6.92e-120,348,100.00
5vju,5VJS_A,99.490,196,1,0,1,196,1,196,3.43e-118,344,99.49
5vju,6Z0C_A,88.144,194,23,0,1,194,2,195,4.91e-72,227,89.69
5vju,7JH6_A,44.928,138,66,3,10,147,47,174,4.63e-13,75.9,63.04
5vju,5C39_A,77.083,48,11,0,28,75,4,51,8.18e-12,69.3,81.25
5vju,1MFT_A,77.083,48,11,0,28,75,5,52,1.01e-11,69.3,81.25
5vju,2LFD_A,52.857,70,32,1,21,90,31,99,3.21e-11,69.7,72.86
5vju,2HZ8_A,45.679,81,38,1,21,95,31,111,1.37e-08,62.8,66.67
5vju,2KIK_A,72.340,47,9,1,28,74,5,47,6.97e-08,58.9,74.47
8d9o,5VJS_A,100.000,194,0,0,1,194,1,194,4.55e-118,343,100.00
8d9o,5VJS_A,45.600,125,12,2,1,99,102,196,1.26e-05,56.2,51.20
8d9o,5VJU_A,99.485,194,1,0,1,194,1,194,4.91e-117,341,99.48
8d9o,5VJU_A,45.600,125,12,2,1,99,102,196,1.25e-05,56.2,51.20
8d9o,6Z0C_A,88.660,194,22,0,1,194,2,195,7.66e-73,229,90.21
8d9o,7JH6_A,45.652,138,65,3,10,147,47,174,1.44e-13,77.4,61.59
8d9o,5C39_A,79.167,48,10,0,28,75,4,51,5.04e-13,72.4,83.33
8d9o,1MFT_A,79.167,48,10,0,28,75,5,52,6.54e-13,72.0,83.33
8d9o,2HZ8_A,46.914,81,37,1,21,95,31,111,7.85e-10,65.9,67.90
8d9o,2LFD_A,51.429,70,33,1,21,90,31,99,1.17e-09,65.5,71.43
8d9o,2KIK_A,74.468,47,8,1,28,74,5,47,4.81e-09,62.0,76.60
8d9o,1LT1_A,70.213,47,10,1,28,74,5,47,1.76e-06,55.1,74.47
8d9o,1JM0_A,68.085,47,11,1,28,74,5,47,5.73e-06,53.9,72.34
5oou,5OOU_A,100.000,165,0,0,1,165,4,168,2.49e-110,322,100.00
5oou,5OOS_A,95.570,158,7,0,8,165,11,168,6.94e-97,288,96.84
5oou,5OP1_A,92.405,158,12,0,8,165,11,168,1.79e-91,274,92.41
5oou,5OOV_A,91.772,158,13,0,8,165,11,168,5.90e-91,273,93.67
5oou,5OP3_A,91.139,158,14,0,8,165,11,168,1.07e-90,272,94.30
5oou,CAQ52949.1,88.608,158,18,0,8,165,11,168,8.30e-90,270,92.41
5oou,CAQ52951.1,87.975,158,19,0,8,165,11,168,3.23e-89,268,92.41
5oou,3NOG_D,88.608,158,18,0,8,165,11,168,3.06e-88,266,92.41
5oou,CAQ52948.1,86.709,158,21,0,8,165,11,168,6.97e-88,265,91.14
5oou,2Y1L_E,87.342,158,20,0,8,165,11,168,8.49e-88,265,91.77
5oou,4F6R_D,87.975,158,19,0,8,165,11,168,1.45e-87,264,91.77
5oou,AFI09259.1,87.342,158,20,0,8,165,11,168,1.79e-87,264,91.14
5oou,5OOY_A,89.241,158,17,0,8,165,11,168,2.54e-87,263,91.77
5oou,2J8S_D,87.975,158,19,0,8,165,11,168,4.11e-87,263,91.14
5oou,5MAD_A,88.608,158,17,1,8,165,3,159,4.30e-87,263,91.14
5oou,6MOE_A,86.538,156,21,0,8,163,2,157,5.53e-87,263,91.67
5oou,AAO25690.1,88.462,156,18,0,8,163,11,166,5.57e-87,263,90.38
5oou,3ZU7_B,88.608,158,18,0,8,165,11,168,1.39e-86,262,90.51
5oou,AFI09261.1,87.342,158,20,0,8,165,11,168,1.57e-86,261,90.51
5oou,AAQ93810.1,86.076,158,22,0,8,165,11,168,1.91e-86,261,90.51
5oou,4J8Y_A,87.975,158,19,0,8,165,11,168,2.08e-86,261,89.87
5oou,4J7W_A,87.975,158,19,0,8,165,11,168,2.30e-86,261,89.87
5oou,5MLB_B,88.462,156,18,0,10,165,23,178,5.23e-86,261,91.67
5oou,AFI09263.1,86.709,158,21,0,8,165,11,168,1.01e-85,259,89.87
5oou,3NOC_D,87.342,158,20,0,8,165,11,168,1.02e-85,259,90.51
5oou,AAO25689.1,88.462,156,18,0,8,163,11,166,1.16e-85,259,90.38
5oou,6GVM_D,87.975,158,19,0,8,165,11,168,1.20e-85,259,90.51
5oou,4DUI_A,87.975,158,19,0,8,165,11,168,1.22e-85,259,89.87
5oou,6BBN_P,87.975,158,19,0,8,165,10,167,1.24e-85,259,89.87
5oou,4DRX_E,87.975,158,19,0,8,165,11,168,1.42e-85,259,89.87
5oou,5OYJ_A,86.709,158,21,0,8,165,11,168,1.42e-85,259,90.51
5oou,6H46_B,87.097,155,20,0,10,164,2,156,1.60e-85,258,89.68
5oou,8P9C_C,84.713,157,24,0,8,164,1,157,2.18e-85,258,91.08
5oou,7ALR_F,87.975,158,19,0,8,165,22,179,2.46e-85,259,89.87
5oou,UVF58855.1,85.987,157,22,0,8,164,13,169,2.72e-85,259,89.81
5oou,AAQ93811.1,86.709,158,21,0,8,165,11,168,4.02e-85,258,89.87
5oou,7B4W_A,85.256,156,23,0,9,164,1,156,4.55e-85,258,89.10
5oou,2P2C_P,86.709,158,21,0,8,165,11,168,5.41e-85,258,89.87
5oou,UVF58852.1,84.713,157,24,0,8,164,13,169,7.28e-85,258,89.81
5oou,4K5B_A,84.076,157,25,0,8,164,11,167,8.76e-85,257,89.17
5oou,6S9S_F,85.350,157,23,0,8,164,37,193,1.40e-84,258,91.08
5oou,2QYJ_A,87.821,156,19,0,8,163,11,166,2.19e-84,256,88.46
5oou,6FPA_A,84.076,157,25,0,8,164,3,159,2.44e-84,256,89.17
5oou,2BKK_B,85.443,158,23,0,8,165,11,168,2.89e-84,256,87.34
5oou,9F22_B,88.462,156,18,0,8,163,1,156,3.52e-84,255,90.38
5oou,7MXI_C,87.582,153,19,0,11,163,21,173,3.90e-84,256,92.16
5oou,7Z7E_B,84.713,157,24,0,8,164,1,157,4.39e-84,255,89.17
5oou,9DB5_A,87.261,157,20,0,9,165,78,234,4.51e-84,258,89.81
5oou,6S8L_F,87.821,156,19,0,10,165,1,156,4.74e-84,255,89.74
5oou,6MOF_A,85.256,156,23,0,8,163,2,157,5.83e-84,255,89.10
5oou,5MLA_B,87.821,156,19,0,10,165,23,178,7.63e-84,255,89.10
5oou,9DP8_A,87.821,156,19,0,10,165,91,246,8.90e-84,258,89.74
5oou,CAQ52950.1,86.709,158,21,0,8,165,11,168,9.87e-84,254,89.87
5oou,7Z72_B,85.350,157,23,0,8,164,1,157,9.89e-84,254,87.26
5oou,5EIB_E,87.975,158,19,0,8,165,11,168,9.98e-84,254,89.87
5oou,4ATZ_D,86.364,154,21,0,10,163,1,154,1.06e-83,254,88.31
5oou,6S8K_F,87.742,155,19,0,10,164,1,155,1.28e-83,254,89.68
5oou,5EYL_A,86.076,158,22,0,8,165,11,168,1.36e-83,254,88.61
5oou,UVF58854.1,84.076,157,25,0,8,164,13,169,1.40e-83,254,87.90
5oou,AFI09266.1,86.709,158,21,0,8,165,11,168,2.71e-83,253,89.24
5oou,6C9K_A,87.821,156,19,0,10,165,163,318,2.90e-83,259,90.38
5oou,7TYZ_B,86.452,155,21,0,10,164,69,223,4.19e-83,255,88.39
5oou,9E4Q_A,87.342,158,20,0,8,165,248,405,4.95e-83,261,89.24
5oou,9DAM_A,87.742,155,19,0,11,165,88,242,5.53e-83,255,89.68
5oou,6FP7_B,84.076,157,25,0,8,164,3,159,7.47e-83,252,87.90
5oou,AFI09262.1,86.709,158,21,0,8,165,11,168,9.44e-83,252,88.61
5oou,2V5Q_C,83.974,156,25,0,8,163,11,166,1.05e-82,252,91.03
5oou,5FIN_A,81.529,157,29,0,8,164,11,167,1.09e-82,252,88.54
5oou,5KNG_A,84.906,159,24,0,7,165,10,168,1.13e-82,252,88.68
5oou,7B4T_A,83.439,157,26,0,8,164,3,159,1.24e-82,251,87.26
5oou,6FP8_B,84.076,157,25,0,8,164,13,169,1.26e-82,252,87.90
5oou,8DW2_A,86.275,153,21,0,12,164,1,153,1.28e-82,251,88.24
5oou,CAQ52952.1,84.810,158,24,0,8,165,11,168,1.45e-82,251,88.61
5oou,6MWQ_A,87.342,158,20,0,8,165,2,159,1.74e-82,262,89.24
5oou,8DW3_A,87.582,153,19,0,12,164,1,153,1.75e-82,251,90.20
5oou,7DNF_A,86.076,158,22,0,8,165,11,168,1.78e-82,251,87.97
5oou,5LW2_A,84.810,158,24,0,8,165,11,168,2.13e-82,251,86.71
5oou,UVF58850.1,83.544,158,25,1,8,164,13,170,2.59e-82,251,87.97
5oou,UVF58853.1,82.166,157,28,0,8,164,13,169,2.62e-82,251,88.54
5oou,7N2B_A,87.821,156,19,0,10,165,260,415,2.80e-82,259,89.74
5oou,6H47_B,83.333,156,26,0,10,165,23,178,2.85e-82,251,87.18
5oou,4HRM_B,84.713,157,24,0,8,164,11,167,2.99e-82,251,89.81
5oou,9GNB_B,83.544,158,25,1,8,164,1,158,4.25e-82,250,89.24
5oou,7ZYU_B,84.076,157,25,0,8,164,1,157,4.50e-82,250,87.90
5oou,UVF58859.1,83.439,157,26,0,8,164,13,169,5.05e-82,251,88.54
5oou,8VE7_A,87.662,154,19,0,10,163,141,294,5.32e-82,254,90.26
5oou,CAQ52956.1,84.810,158,24,0,8,165,11,168,6.43e-82,250,87.97
5oou,4LSZ_E,85.443,158,23,0,8,165,11,168,7.10e-82,250,88.61
5oou,AFI09265.1,84.810,158,24,0,8,165,11,168,1.20e-81,249,87.34
5oou,7Z7C_A,82.803,157,27,0,8,164,1,157,1.47e-81,249,86.62
5oou,CAQ52955.1,84.177,158,25,0,8,165,11,168,2.24e-81,248,88.61
5oou,CAQ52958.1,83.544,158,26,0,8,165,11,168,3.18e-81,248,87.97
5oou,2XEE_A,84.516,155,24,0,10,164,1,155,3.41e-81,248,87.74
5oou,8TYQ_B,82.803,157,27,0,8,164,13,169,4.23e-81,248,88.54
5oou,8AED_A,85.350,157,23,0,8,164,1,157,5.79e-81,247,87.90
5oou,6AR6_B,87.582,153,19,0,10,162,176,328,7.03e-81,253,90.20
5oou,6AR6_B,85.161,155,21,1,9,163,1,153,1.99e-75,239,88.39
5oou,5EYP_F,82.911,158,27,0,8,165,11,168,8.00e-81,247,87.97
5oou,7DNE_A,84.615,156,24,0,10,165,1,156,9.23e-81,246,86.54
5oou,6GCU_C,83.544,158,25,1,8,164,11,168,9.25e-81,247,87.34
5oou,5MA6_B,83.439,157,26,0,8,164,3,159,1.01e-80,246,87.90
6ohh,6OHH_A,100.000,126,0,0,1,126,3,128,3.17e-86,258,100.00
6ohh,6CZI_A,74.400,125,18,1,2,126,1,111,6.39e-57,183,80.00
6ohh,6CZH_A,72.800,125,20,1,2,126,1,111,4.04e-55,178,78.40
6ohh,6CZG_A,69.048,126,25,1,1,126,3,114,3.81e-54,176,76.19
6ohh,6CZJ_A,46.774,124,50,3,3,126,1,108,1.22e-25,103,62.90
6ohh,6D0T_A,33.708,89,57,1,2,90,1,87,6.73e-08,58.9,52.81
6ohh,8AH9_A,26.882,93,66,2,5,97,9,99,0.002,47.8,53.76
8ka6,8KA6_A,97.959,147,0,2,1,144,2,148,1.17e-84,255,97.96
1mj0,AAO25689.1,100.000,153,0,0,2,154,14,166,2.60e-101,298,100.00
1mj0,4J8Y_A,99.346,153,1,0,2,154,14,166,1.48e-100,296,99.35
1mj0,4J7W_A,99.346,153,1,0,2,154,14,166,1.92e-100,296,99.35
1mj0,9DB5_A,99.346,153,1,0,2,154,80,232,2.25e-100,298,99.35
1mj0,9DP8_A,99.346,153,1,0,2,154,92,244,7.29e-100,298,99.35
1mj0,9DAM_A,99.346,153,1,0,2,154,88,240,9.87e-100,297,99.35
1mj0,7N2B_A,99.346,153,1,0,2,154,261,413,4.48e-99,302,99.35
1mj0,9E4Q_A,99.346,153,1,0,2,154,251,403,7.72e-99,301,99.35
1mj0,AAQ93810.1,87.582,153,19,0,2,154,14,166,2.92e-86,260,93.46
1mj0,2QYJ_A,88.235,153,18,0,2,154,14,166,1.49e-85,258,89.54
1mj0,6GVM_D,87.582,153,19,0,2,154,14,166,7.41e-85,257,92.16
1mj0,6MOE_A,87.582,153,19,0,2,154,5,157,8.26e-85,257,92.16
1mj0,6S8K_F,88.235,153,18,0,2,154,2,154,1.35e-84,256,90.20
1mj0,6BBN_P,88.235,153,18,0,2,154,13,165,1.37e-84,256,90.20
1mj0,4DRX_E,88.235,153,18,0,2,154,14,166,1.37e-84,256,90.20
1mj0,3NOC_D,87.582,153,19,0,2,154,14,166,1.53e-84,256,90.85
1mj0,6S8L_F,88.235,153,18,0,2,154,2,154,1.61e-84,256,90.20
1mj0,AFI09263.1,87.582,153,19,0,2,154,14,166,1.61e-84,256,90.20
1mj0,5EIB_E,88.235,153,18,0,2,154,14,166,1.72e-84,256,90.20
1mj0,4DUI_A,88.235,153,18,0,2,154,14,166,2.70e-84,255,90.20
1mj0,2Y1L_E,86.928,153,20,0,2,154,14,166,2.76e-84,255,91.50
1mj0,7ALR_F,88.235,153,18,0,2,154,25,177,3.15e-84,256,90.20
1mj0,6H46_B,86.928,153,20,0,2,154,3,155,3.47e-84,254,91.50
1mj0,5OOU_A,88.235,153,18,0,2,154,14,166,3.83e-84,255,90.20
1mj0,3NOG_D,86.928,153,20,0,2,154,14,166,8.00e-84,254,92.16
1mj0,7MXI_C,86.928,153,20,0,2,154,21,173,1.14e-83,254,92.16
1mj0,7B4T_A,85.621,153,22,0,2,154,6,158,1.39e-83,253,88.89
1mj0,AFI09259.1,87.582,153,19,0,2,154,14,166,1.53e-83,253,88.89
1mj0,AFI09261.1,86.928,153,20,0,2,154,14,166,1.61e-83,253,90.85
1mj0,5MLB_B,87.582,153,19,0,2,154,24,176,1.70e-83,254,90.20
1mj0,5MLA_B,87.582,153,19,0,2,154,24,176,2.25e-83,254,90.85
1mj0,2XEE_A,84.967,153,23,0,2,154,2,154,2.85e-83,252,88.89
1mj0,5OOS_A,87.582,153,19,0,2,154,14,166,4.93e-83,252,89.54
1mj0,5FIN_A,83.007,153,26,0,2,154,14,166,5.46e-83,252,91.50
1mj0,CAQ52952.1,85.621,153,22,0,2,154,14,166,7.17e-83,252,90.20
1mj0,AFI09262.1,86.928,153,20,0,2,154,14,166,1.27e-82,251,90.85
1mj0,5MAD_A,86.928,153,19,1,2,154,6,157,1.27e-82,251,91.50
1mj0,UVF58862.1,84.967,153,23,0,2,154,2,154,1.38e-82,251,90.20
1mj0,CAQ52949.1,87.582,153,19,0,2,154,14,166,1.60e-82,251,88.24
1mj0,5MA6_B,84.967,153,23,0,2,154,6,158,1.87e-82,251,90.20
1mj0,5EYL_A,86.275,153,21,0,2,154,14,166,2.24e-82,251,88.89
1mj0,CAQ52956.1,85.621,153,22,0,2,154,14,166,2.37e-82,251,89.54
1mj0,5OP1_A,87.582,153,19,0,2,154,14,166,2.58e-82,250,88.89
1mj0,2P2C_P,87.582,153,19,0,2,154,14,166,3.36e-82,250,89.54
1mj0,AAO25690.1,86.928,153,20,0,2,154,14,166,3.39e-82,250,88.89
1mj0,CAQ52950.1,87.582,153,19,0,2,154,14,166,3.63e-82,250,90.20
1mj0,2BKK_B,84.967,153,23,0,2,154,14,166,4.57e-82,250,89.54
1mj0,CAQ52951.1,86.928,153,20,0,2,154,14,166,5.27e-82,249,88.89
1mj0,6S9S_F,84.967,153,23,0,2,154,40,192,6.08e-82,251,90.20
1mj0,5H76_A,86.184,152,20,1,2,153,6,156,7.10e-82,251,92.76
1mj0,CAQ52955.1,84.967,153,23,0,2,154,14,166,7.16e-82,249,89.54
1mj0,8DW2_A,86.184,152,21,0,3,154,1,152,7.82e-82,249,89.47
1mj0,7Z72_B,84.314,153,24,0,2,154,4,156,8.56e-82,249,88.24
1mj0,7B4W_A,84.967,153,23,0,2,154,3,155,9.16e-82,249,87.58
1mj0,7TYZ_B,86.275,153,21,0,2,154,70,222,1.03e-81,251,89.54
1mj0,5OOV_A,86.928,153,20,0,2,154,14,166,1.34e-81,249,88.89
1mj0,4LSZ_E,85.621,153,22,0,2,154,14,166,1.44e-81,248,90.20
1mj0,7ZYU_B,84.314,153,24,0,2,154,4,156,1.64e-81,248,88.89
1mj0,6NHT_A,84.868,152,23,0,3,154,165,316,1.67e-81,254,90.13
1mj0,2V5Q_C,85.333,150,22,0,2,151,14,163,1.78e-81,248,92.00
1mj0,UVF58855.1,86.275,153,21,0,2,154,16,168,2.10e-81,249,88.89
1mj0,3Q9N_C,85.621,153,22,0,2,154,6,158,2.20e-81,248,88.24
1mj0,5OYJ_A,85.621,153,22,0,2,154,14,166,2.24e-81,248,88.89
1mj0,6FP7_B,84.967,153,23,0,2,154,6,158,3.10e-81,248,88.24
1mj0,4HRM_B,84.314,153,24,0,2,154,14,166,3.19e-81,248,89.54
1mj0,7Z7E_B,84.314,153,24,0,2,154,4,156,3.23e-81,247,89.54
1mj0,7X4N_C,84.314,153,24,0,2,154,2,154,4.11e-81,247,88.89
1mj0,5EYP_F,84.314,153,24,0,2,154,14,166,4.93e-81,247,88.89
1mj0,4F6R_D,86.275,153,21,0,2,154,14,166,5.15e-81,247,89.54
1mj0,6FP8_B,84.967,153,23,0,2,154,16,168,6.00e-81,248,88.24
1mj0,9G8I_A,83.553,152,25,0,2,153,2,153,6.48e-81,246,90.13
1mj0,AAQ93811.1,84.967,153,23,0,2,154,14,166,8.17e-81,247,90.20
1mj0,4ATZ_D,84.314,153,24,0,2,154,2,154,8.62e-81,246,89.54
1mj0,2XEH_A,83.007,153,26,0,2,154,2,154,1.10e-80,246,87.58
1mj0,6MOF_A,85.621,153,22,0,2,154,5,157,1.12e-80,246,88.89
1mj0,2J8S_D,85.621,153,22,0,2,154,14,166,1.17e-80,246,90.20
1mj0,8P9C_C,84.967,153,23,0,2,154,4,156,1.23e-80,246,86.93
1mj0,6FPA_A,83.660,153,25,0,2,154,6,158,1.26e-80,246,88.24
1mj0,CAQ52948.1,85.621,153,22,0,2,154,14,166,1.28e-80,246,87.58
1mj0,CAQ52958.1,84.314,153,24,0,2,154,14,166,1.58e-80,246,88.89
1mj0,UVF58850.1,83.766,154,24,1,2,154,16,169,1.86e-80,246,87.66
1mj0,6H47_B,83.007,153,26,0,2,154,24,176,1.89e-80,246,88.89
1mj0,3ZU7_B,86.275,153,21,0,2,154,14,166,3.11e-80,245,88.24
1mj0,5MAK_A,84.967,153,23,0,2,154,6,158,3.57e-80,249,90.20
1mj0,5MAK_A,78.125,128,27,1,27,154,169,295,1.51e-57,192,87.50
1mj0,5MAK_A,65.289,121,42,0,2,122,176,296,5.00e-36,137,71.07
1mj0,9F22_B,86.275,153,21,0,2,154,4,156,3.92e-80,244,88.89
1mj0,5MA3_A,84.967,153,23,0,2,154,6,158,4.05e-80,249,90.20
1mj0,5MA3_A,78.125,128,27,1,27,154,173,299,1.69e-57,192,87.50
1mj0,5MA3_A,65.289,121,42,0,2,122,180,300,5.48e-36,137,71.07
1mj0,5MA9_A,84.967,153,23,0,2,154,9,161,4.50e-80,249,90.20
1mj0,5MA9_A,78.125,128,27,1,27,154,176,302,1.82e-57,192,87.50
1mj0,5MA9_A,65.289,121,42,0,2,122,183,303,6.33e-36,137,71.07
1mj0,8DW3_A,86.842,152,20,0,3,154,1,152,4.79e-80,244,88.16
1mj0,5MA4_A,84.967,153,23,0,2,154,6,158,4.90e-80,249,90.20
1mj0,5MA4_A,78.125,128,27,1,27,154,169,295,1.96e-56,189,86.72
1mj0,5MA4_A,65.289,121,42,0,2,122,176,296,1.90e-36,138,71.90
1mj0,5MA5_A,84.967,153,23,0,2,154,6,158,5.03e-80,249,90.20
1mj0,5MA5_A,78.906,128,26,1,27,154,173,299,1.13e-56,190,86.72
1mj0,5MA5_A,64.463,121,43,0,2,122,180,300,2.91e-36,137,71.90
1mj0,AFI09265.1,84.967,153,23,0,2,154,14,166,5.09e-80,244,88.24
1mj0,7DNF_A,86.275,153,21,0,2,154,14,166,5.56e-80,244,86.93
1mj0,5OOY_A,85.621,153,22,0,2,154,14,166,6.62e-80,244,88.89
1mj0,AFI09266.1,84.967,153,23,0,2,154,14,166,8.43e-80,244,88.89
1mj0,7Z7C_A,84.314,153,24,0,2,154,4,156,8.77e-80,244,87.58
1mj0,6OB5_C,81.699,153,28,0,2,154,11,163,1.28e-79,243,89.54
1mj0,UVF58859.1,83.007,153,26,0,2,154,16,168,1.32e-79,244,87.58
1mj0,8VE7_A,86.275,153,21,0,2,154,142,294,1.52e-79,248,88.24
1mj0,7UJJ_G,72.973,185,17,1,3,154,1,185,1.63e-79,244,75.68
1mj0,5AQ8_A,83.553,152,25,0,2,153,14,165,1.68e-79,252,91.45
6fpa,6FPA_A,100.000,162,0,0,1,162,3,164,1.52e-109,319,100.00
6fpa,6FP7_B,91.975,162,13,0,1,162,3,164,1.06e-97,290,93.83
6fpa,6FP8_B,91.975,162,13,0,1,162,13,174,1.31e-97,290,93.83
6fpa,4HRM_B,88.272,162,19,0,1,162,11,172,8.52e-92,275,90.74
6fpa,7B4W_A,88.820,161,18,0,2,162,1,161,2.41e-91,273,92.55
6fpa,6S9S_F,90.123,162,16,0,1,162,37,198,4.76e-91,274,91.36
6fpa,7ZYU_B,89.506,162,17,0,1,162,1,162,8.51e-91,272,90.12
6fpa,UVF58854.1,88.889,162,18,0,1,162,13,174,2.29e-90,271,89.51
6fpa,UVF58852.1,88.889,162,18,0,1,162,13,174,3.71e-90,271,92.59
6fpa,7Z7E_B,89.308,159,17,0,1,159,1,159,4.11e-90,270,89.94
6fpa,7B4T_A,87.654,162,20,0,1,162,3,164,7.40e-90,270,89.51
6fpa,7Z7C_A,88.272,162,19,0,1,162,1,162,1.16e-89,269,90.12
6fpa,7Z71_B,89.308,159,17,0,1,159,1,159,3.73e-89,268,90.57
6fpa,5FIN_A,85.802,162,23,0,1,162,11,172,1.16e-88,267,88.89
6fpa,6GCU_C,88.344,163,18,1,1,162,11,173,1.52e-88,267,89.57
6fpa,UVF58859.1,87.654,162,20,0,1,162,13,174,2.26e-88,266,88.89
6fpa,8TYQ_B,87.654,162,20,0,1,162,13,174,2.29e-88,266,90.12
6fpa,4HRL_A,87.037,162,20,1,1,162,11,171,3.78e-88,266,89.51
6fpa,2XEE_A,87.898,157,19,0,3,159,1,157,8.85e-88,264,90.45
6fpa,4K5B_A,88.050,159,19,0,1,159,11,169,5.30e-87,263,89.94
6fpa,5MA6_B,87.421,159,20,0,1,159,3,161,6.68e-87,262,90.57
6fpa,UVF58855.1,87.037,162,21,0,1,162,13,174,8.24e-87,263,88.89
6fpa,UVF58850.1,87.730,163,19,1,1,162,13,175,1.68e-86,262,88.34
6fpa,9G8I_A,88.889,153,17,0,3,155,1,153,3.29e-86,260,90.85
6fpa,AFI09266.1,84.076,157,25,0,1,157,11,167,5.41e-86,260,90.45
6fpa,UVF58853.1,86.420,162,22,0,1,162,13,174,6.33e-86,260,87.65
6fpa,8AED_A,85.185,162,24,0,1,162,1,162,1.13e-85,259,87.65
6fpa,2BKK_B,82.166,157,28,0,1,157,11,167,1.36e-85,259,87.26
6fpa,5OP1_A,85.350,157,23,0,1,157,11,167,1.64e-85,259,88.54
6fpa,UVF58862.1,87.261,157,20,0,3,159,1,157,2.06e-85,258,90.45
6fpa,7Z72_B,86.792,159,21,0,1,159,1,159,2.25e-85,258,88.68
6fpa,AFI09263.1,83.439,157,26,0,1,157,11,167,2.74e-85,258,89.81
6fpa,2P2C_P,84.076,157,25,0,1,157,11,167,3.53e-85,258,89.81
6fpa,8P9C_C,85.535,159,23,0,1,159,1,159,3.61e-85,258,89.31
6fpa,5MAK_A,87.421,159,20,0,1,159,3,161,7.33e-85,262,90.57
6fpa,5MAK_A,81.679,131,23,1,29,159,169,298,3.04e-58,194,84.73
6fpa,5MA4_A,87.421,159,20,0,1,159,3,161,8.26e-85,262,90.57
6fpa,5MA4_A,81.679,131,23,1,29,159,169,298,2.69e-57,192,83.97
6fpa,3NOC_D,84.076,157,25,0,1,157,11,167,8.30e-85,257,90.45
6fpa,5MA3_A,87.421,159,20,0,1,159,3,161,8.33e-85,262,90.57
6fpa,5MA3_A,81.679,131,23,1,29,159,173,302,3.40e-58,194,84.73
6fpa,2QYJ_A,84.615,156,24,0,1,156,11,166,9.03e-85,257,89.74
6fpa,5OOU_A,84.076,157,25,0,1,157,11,167,9.66e-85,257,89.17
6fpa,5MA9_A,87.421,159,20,0,1,159,6,164,1.01e-84,262,90.57
6fpa,5MA9_A,81.679,131,23,1,29,159,176,305,4.00e-58,194,84.73
6fpa,5MA5_A,87.421,159,20,0,1,159,3,161,1.02e-84,262,90.57
6fpa,5MA5_A,80.916,131,24,1,29,159,173,302,4.61e-57,191,83.97
6fpa,2XEH_A,85.987,157,22,0,3,159,1,157,1.06e-84,256,89.17
6fpa,UVF58851.1,86.503,163,21,1,1,162,13,175,1.18e-84,257,87.73
6fpa,5MLB_B,84.516,155,24,0,3,157,23,177,1.27e-84,257,90.32
6fpa,AFI09261.1,83.439,157,26,0,1,157,11,167,1.40e-84,256,89.81
6fpa,AFI09262.1,84.076,157,25,0,1,157,11,167,1.81e-84,256,89.17
6fpa,7DNF_A,84.076,157,25,0,1,157,11,167,2.04e-84,256,87.26
6fpa,7TXD_J,85.185,162,24,0,1,162,19,180,2.14e-84,257,87.65
6fpa,AAO25690.1,83.974,156,25,0,1,156,11,166,2.62e-84,256,89.10
6fpa,4K5A_B,85.535,159,23,0,1,159,11,169,2.65e-84,256,88.05
6fpa,9GNB_B,88.125,160,18,1,1,159,1,160,4.35e-84,255,88.12
6fpa,5KNG_A,84.076,157,25,0,1,157,11,167,6.73e-84,255,89.17
6fpa,3ZU7_B,84.713,157,24,0,1,157,11,167,7.60e-84,254,87.90
6fpa,5OP3_A,84.076,157,25,0,1,157,11,167,9.24e-84,254,89.81
6fpa,AAQ93810.1,83.439,157,26,0,1,157,11,167,1.13e-83,254,89.17
6fpa,CAQ52950.1,83.439,157,26,0,1,157,11,167,1.77e-83,254,88.54
6fpa,4F6R_D,84.713,157,24,0,1,157,11,167,2.18e-83,253,87.90
6fpa,CAQ52949.1,83.439,157,26,0,1,157,11,167,2.56e-83,253,89.81
6fpa,5OOS_A,83.439,157,26,0,1,157,11,167,3.05e-83,253,88.54
6fpa,8DW3_A,82.803,157,27,0,5,161,1,157,3.66e-83,253,88.54
6fpa,4J8Y_A,83.439,157,26,0,1,157,11,167,4.06e-83,253,87.90
6fpa,6NHT_A,87.097,155,20,0,5,159,165,319,4.43e-83,258,90.32
6fpa,AAO25689.1,83.974,156,25,0,1,156,11,166,4.78e-83,253,88.46
6fpa,4J7W_A,83.439,157,26,0,1,157,11,167,6.58e-83,252,87.90
6fpa,6MOE_A,82.390,159,28,0,1,159,2,160,7.75e-83,252,88.05
6fpa,3NOG_D,83.439,157,26,0,1,157,11,167,1.14e-82,252,88.54
6fpa,CAQ52951.1,82.803,157,27,0,1,157,11,167,1.20e-82,251,89.81
6fpa,5OOY_A,83.439,157,26,0,1,157,11,167,1.34e-82,251,88.54
6fpa,5MLA_B,83.871,155,25,0,3,157,23,177,2.36e-82,251,89.68
6fpa,AAQ93811.1,83.439,157,26,0,1,157,11,167,2.48e-82,251,87.90
6fpa,4K5C_A,79.769,173,21,1,1,159,11,183,5.46e-82,250,81.50
6fpa,6MWQ_A,84.076,157,25,0,1,157,2,158,6.63e-82,261,89.81
6fpa,5OOV_A,83.439,157,26,0,1,157,11,167,9.75e-82,249,87.26
6fpa,5OYJ_A,82.166,157,28,0,1,157,11,167,1.76e-81,249,87.90
6fpa,AFI09259.1,82.803,157,27,0,1,157,11,167,2.25e-81,248,88.54
6fpa,4DRX_E,84.076,157,25,0,1,157,11,167,2.53e-81,248,86.62
6fpa,6BBN_P,84.076,157,25,0,1,157,10,166,2.70e-81,248,86.62
6fpa,5AQ8_A,83.851,161,26,0,1,161,11,171,2.74e-81,257,87.58
6fpa,2J8S_D,82.803,157,27,0,1,157,11,167,2.86e-81,248,88.54
6fpa,CAQ52948.1,81.529,157,29,0,1,157,11,167,3.05e-81,248,88.54
6fpa,2V5Q_C,81.410,156,29,0,1,156,11,166,4.33e-81,248,87.82
6fpa,7ALR_F,84.076,157,25,0,1,157,22,178,5.04e-81,248,86.62
6fpa,4DUI_A,84.076,157,25,0,1,157,11,167,5.05e-81,248,86.62
6fpa,6MOF_A,81.761,159,29,0,1,159,2,160,5.22e-81,248,87.42
6fpa,4LSZ_E,82.166,157,28,0,1,157,11,167,6.29e-81,247,87.90
6fpa,9F22_B,83.333,156,26,0,1,156,1,156,8.94e-81,246,87.82
6fpa,4YDW_A,84.076,157,25,0,1,157,11,167,2.27e-80,246,87.26
6fpa,2Y1L_E,83.439,157,26,0,1,157,11,167,2.76e-80,246,87.90
6fpa,5LEL_A,83.019,159,27,0,1,159,11,169,3.51e-80,251,88.68
6fpa,5LEL_A,82.692,156,27,0,4,159,170,325,3.95e-76,241,86.54
6fpa,6C9K_A,83.871,155,25,0,3,157,163,317,3.87e-80,251,87.74
6fpa,6QEV_B,86.792,159,21,0,3,161,1191,1349,4.75e-80,270,91.19
6fpa,6S8K_F,83.871,155,25,0,3,157,1,155,8.45e-80,244,86.45
6fpa,8VE7_A,83.766,154,25,0,3,156,141,294,8.53e-80,249,87.66
6fpa,6S8L_F,83.871,155,25,0,3,157,1,155,8.56e-80,244,86.45
6fpa,5EIB_E,83.871,155,25,0,3,157,13,167,9.22e-80,244,86.45
6fpa,6OB5_C,83.544,158,26,0,2,159,9,166,1.21e-79,244,86.71
6fpa,7TYZ_B,81.529,157,29,0,3,159,69,225,1.41e-79,246,87.26
6fpa,6GVM_D,83.439,157,26,0,1,157,11,167,1.60e-79,244,86.62
6fpa,7MXI_C,82.353,153,27,0,4,156,21,173,1.77e-79,244,88.24
8oyw,8OYW_A,100.000,178,0,0,1,178,3,180,1.81e-119,346,100.00
6fpb,6FPA_A,100.000,160,0,0,1,160,4,163,4.60e-108,315,100.00
6fpb,6FP7_B,91.875,160,13,0,1,160,4,163,3.64e-96,285,93.75
6fpb,6FP8_B,91.875,160,13,0,1,160,14,173,4.65e-96,286,93.75
6fpb,7B4W_A,88.750,160,18,0,1,160,1,160,1.28e-90,271,92.50
6fpb,4HRM_B,88.125,160,19,0,1,160,12,171,2.93e-90,271,90.62
6fpb,6S9S_F,90.000,160,16,0,1,160,38,197,1.91e-89,270,91.25
6fpb,7Z7E_B,89.241,158,17,0,1,158,2,159,2.50e-89,268,89.87
6fpb,7ZYU_B,89.375,160,17,0,1,160,2,161,3.16e-89,268,90.00
6fpb,UVF58854.1,88.750,160,18,0,1,160,14,173,1.02e-88,267,89.38
6fpb,7Z71_B,89.241,158,17,0,1,158,2,159,1.43e-88,266,90.51
6fpb,UVF58852.1,88.750,160,18,0,1,160,14,173,1.85e-88,267,92.50
6fpb,7B4T_A,87.500,160,20,0,1,160,4,163,3.46e-88,265,89.38
6fpb,7Z7C_A,88.125,160,19,0,1,160,2,161,5.78e-88,265,90.00
6fpb,2XEE_A,87.898,157,19,0,2,158,1,157,7.00e-88,264,90.45
6fpb,6GCU_C,88.199,161,18,1,1,160,12,172,4.07e-87,263,89.44
6fpb,5FIN_A,85.625,160,23,0,1,160,12,171,4.30e-87,263,88.75
6fpb,UVF58859.1,87.500,160,20,0,1,160,14,173,1.14e-86,262,88.75
6fpb,8TYQ_B,87.500,160,20,0,1,160,14,173,1.24e-86,262,90.00
6fpb,4HRL_A,86.875,160,20,1,1,160,12,170,2.11e-86,261,89.38
6fpb,9G8I_A,88.889,153,17,0,2,154,1,153,2.28e-86,260,90.85
6fpb,4K5B_A,87.975,158,19,0,1,158,12,169,2.70e-86,261,89.87
6fpb,5MA6_B,87.342,158,20,0,1,158,4,161,3.41e-86,260,90.51
6fpb,UVF58862.1,87.261,157,20,0,2,158,1,157,1.16e-85,259,90.45
6fpb,AFI09266.1,83.974,156,25,0,1,156,12,167,2.10e-85,258,90.38
6fpb,UVF58855.1,86.875,160,21,0,1,160,14,173,4.24e-85,258,88.75
6fpb,2BKK_B,82.051,156,28,0,1,156,12,167,6.71e-85,257,87.18
6fpb,2XEH_A,85.987,157,22,0,2,158,1,157,7.91e-85,256,89.17
6fpb,5OP1_A,85.256,156,23,0,1,156,12,167,7.99e-85,257,88.46
6fpb,UVF58850.1,87.578,161,19,1,1,160,14,174,8.66e-85,258,88.20
6fpb,5MLB_B,84.516,155,24,0,2,156,23,177,9.31e-85,257,90.32
6fpb,7Z72_B,86.709,158,21,0,1,158,2,159,1.22e-84,256,88.61
6fpb,2P2C_P,83.974,156,25,0,1,156,12,167,1.37e-84,256,89.74
6fpb,AFI09263.1,83.333,156,26,0,1,156,12,167,1.80e-84,256,89.74
6fpb,8P9C_C,85.443,158,23,0,1,158,2,159,2.15e-84,256,89.24
6fpb,UVF58853.1,86.250,160,22,0,1,160,14,173,2.37e-84,256,87.50
6fpb,5OOU_A,83.974,156,25,0,1,156,12,167,4.01e-84,255,89.10
6fpb,5MA4_A,87.342,158,20,0,1,158,4,161,4.33e-84,260,90.51
6fpb,5MA4_A,81.679,131,23,1,28,158,169,298,2.05e-57,192,83.97
6fpb,3NOC_D,83.974,156,25,0,1,156,12,167,4.52e-84,255,90.38
6fpb,8AED_A,85.000,160,24,0,1,160,2,161,4.59e-84,255,87.50
6fpb,2QYJ_A,84.516,155,24,0,1,155,12,166,4.87e-84,255,89.68
6fpb,5MA5_A,87.342,158,20,0,1,158,4,161,5.25e-84,260,90.51
6fpb,5MA5_A,80.916,131,24,1,28,158,173,302,3.63e-57,191,83.97
6fpb,5MAK_A,87.342,158,20,0,1,158,4,161,5.69e-84,259,90.51
6fpb,5MAK_A,81.679,131,23,1,28,158,169,298,3.42e-58,194,84.73
6fpb,5MA9_A,87.342,158,20,0,1,158,7,164,6.23e-84,259,90.51
6fpb,5MA9_A,81.679,131,23,1,28,158,176,305,3.74e-58,194,84.73
6fpb,5MA3_A,87.342,158,20,0,1,158,4,161,6.46e-84,259,90.51
6fpb,5MA3_A,81.679,131,23,1,28,158,173,302,3.83e-58,194,84.73
6fpb,AFI09261.1,83.333,156,26,0,1,156,12,167,6.78e-84,254,89.74
6fpb,AFI09262.1,83.974,156,25,0,1,156,12,167,7.57e-84,254,89.10
6fpb,7DNF_A,83.974,156,25,0,1,156,12,167,1.04e-83,254,87.18
6fpb,4K5A_B,85.443,158,23,0,1,158,12,169,1.05e-83,254,87.97
6fpb,AAO25690.1,83.871,155,25,0,1,155,12,166,1.66e-83,254,89.03
6fpb,9GNB_B,88.050,159,18,1,1,158,2,160,2.13e-83,253,88.05
6fpb,8DW3_A,82.803,157,27,0,4,160,1,157,2.22e-83,253,88.54
6fpb,6NHT_A,87.097,155,20,0,4,158,165,319,2.40e-83,259,90.32
6fpb,5KNG_A,83.974,156,25,0,1,156,12,167,4.14e-83,253,89.10
6fpb,5OP3_A,83.974,156,25,0,1,156,12,167,4.52e-83,253,89.74
6fpb,UVF58851.1,86.335,161,21,1,1,160,14,174,4.78e-83,253,87.58
6fpb,3ZU7_B,84.615,156,24,0,1,156,12,167,5.45e-83,252,87.82
6fpb,AAQ93810.1,83.333,156,26,0,1,156,12,167,6.86e-83,252,89.10
6fpb,7TXD_J,85.000,160,24,0,1,160,20,179,7.49e-83,253,87.50
6fpb,CAQ52950.1,83.333,156,26,0,1,156,12,167,7.73e-83,252,88.46
6fpb,4F6R_D,84.615,156,24,0,1,156,12,167,1.15e-82,251,87.82
6fpb,5MLA_B,83.871,155,25,0,2,156,23,177,1.30e-82,252,89.68
6fpb,CAQ52949.1,83.333,156,26,0,1,156,12,167,1.61e-82,251,89.74
6fpb,AAO25689.1,83.871,155,25,0,1,155,12,166,1.94e-82,251,88.39
6fpb,5OOS_A,83.333,156,26,0,1,156,12,167,1.94e-82,251,88.46
6fpb,4J8Y_A,83.333,156,26,0,1,156,12,167,2.29e-82,251,87.82
6fpb,4J7W_A,83.333,156,26,0,1,156,12,167,2.82e-82,251,87.82
6fpb,3NOG_D,83.333,156,26,0,1,156,12,167,4.23e-82,250,88.46
6fpb,6MOE_A,82.278,158,28,0,1,158,3,160,6.00e-82,250,87.97
6fpb,5OOY_A,83.333,156,26,0,1,156,12,167,7.89e-82,249,88.46
6fpb,CAQ52951.1,82.692,156,27,0,1,156,12,167,8.08e-82,249,89.74
6fpb,AAQ93811.1,83.333,156,26,0,1,156,12,167,1.15e-81,249,87.82
6fpb,6MWQ_A,83.974,156,25,0,1,156,3,158,4.01e-81,259,89.74
6fpb,5OOV_A,83.333,156,26,0,1,156,12,167,4.27e-81,248,87.18
6fpb,4K5C_A,79.651,172,21,1,1,158,12,183,4.37e-81,248,81.40
6fpb,5OYJ_A,82.051,156,28,0,1,156,12,167,7.89e-81,247,87.82
6fpb,AFI09259.1,82.692,156,27,0,1,156,12,167,8.34e-81,247,88.46
6fpb,5AQ8_A,83.750,160,26,0,1,160,12,171,1.27e-80,255,87.50
6fpb,4DRX_E,83.974,156,25,0,1,156,12,167,1.38e-80,246,86.54
6fpb,6BBN_P,83.974,156,25,0,1,156,11,166,1.46e-80,246,86.54
6fpb,2J8S_D,82.692,156,27,0,1,156,12,167,1.47e-80,246,88.46
6fpb,CAQ52948.1,81.410,156,29,0,1,156,12,167,1.54e-80,246,88.46
6fpb,2V5Q_C,80.769,156,30,0,1,156,12,167,2.23e-80,246,87.18
6fpb,6C9K_A,83.871,155,25,0,2,156,163,317,2.55e-80,251,87.74
6fpb,7ALR_F,83.974,156,25,0,1,156,23,178,2.60e-80,246,86.54
6fpb,6MOF_A,81.646,158,29,0,1,158,3,160,2.97e-80,245,87.34
6fpb,4LSZ_E,82.051,156,28,0,1,156,12,167,3.39e-80,245,87.82
6fpb,9F22_B,83.226,155,26,0,1,155,2,156,3.43e-80,245,87.74
6fpb,4DUI_A,83.974,156,25,0,1,156,12,167,3.87e-80,245,86.54
6fpb,6QEV_B,86.792,159,21,0,2,160,1191,1349,5.28e-80,269,91.19
6fpb,8VE7_A,83.766,154,25,0,2,155,141,294,5.67e-80,249,87.66
6fpb,6S8K_F,83.871,155,25,0,2,156,1,155,5.93e-80,244,86.45
6fpb,6S8L_F,83.871,155,25,0,2,156,1,155,6.85e-80,244,86.45
6fpb,5EIB_E,83.871,155,25,0,2,156,13,167,8.33e-80,244,86.45
6fpb,6OB5_C,83.544,158,26,0,1,158,9,166,9.69e-80,244,86.71
6fpb,7TYZ_B,81.529,157,29,0,2,158,69,225,9.89e-80,246,87.26
6fpb,4YDW_A,83.974,156,25,0,1,156,12,167,1.29e-79,244,87.18
6fpb,7MXI_C,82.353,153,27,0,3,155,21,173,1.48e-79,244,88.24
6fpb,5LEL_A,82.911,158,27,0,1,158,12,169,1.52e-79,249,88.61
6fpb,5LEL_A,82.692,156,27,0,3,158,170,325,2.58e-76,241,86.54
6fpb,2Y1L_E,83.333,156,26,0,1,156,12,167,1.56e-79,244,87.82
6fpb,6H46_B,83.226,155,26,0,2,156,2,156,1.68e-79,243,87.74
5oos,5OOS_A,100.000,161,0,0,1,161,8,168,2.32e-107,314,100.00
5oos,5OOU_A,95.570,158,7,0,4,161,11,168,7.27e-97,288,96.84
5oos,5OOV_A,93.038,158,11,0,4,161,11,168,1.22e-94,282,94.94
5oos,5OP3_A,91.139,158,14,0,4,161,11,168,3.82e-91,273,93.67
5oos,5OP1_A,91.139,158,14,0,4,161,11,168,3.50e-90,271,93.04
5oos,6BBN_P,88.608,158,18,0,4,161,10,167,1.75e-88,266,91.14
5oos,4DRX_E,88.608,158,18,0,4,161,11,168,2.44e-88,266,91.14
5oos,4DUI_A,88.608,158,18,0,4,161,11,168,2.58e-88,266,91.14
5oos,5OOY_A,89.241,158,17,0,4,161,11,168,2.81e-88,266,92.41
5oos,7ALR_F,88.608,158,18,0,4,161,22,179,4.18e-88,266,91.14
5oos,4F6R_D,88.608,158,18,0,4,161,11,168,6.99e-88,265,91.77
5oos,5OYJ_A,86.709,158,21,0,4,161,11,168,1.63e-87,264,91.77
5oos,AFI09259.1,87.342,158,20,0,4,161,11,168,4.76e-87,263,89.87
5oos,6GVM_D,88.608,158,18,0,4,161,11,168,6.55e-87,262,89.87
5oos,5EIB_E,88.462,156,18,0,6,161,13,168,8.33e-87,262,91.03
5oos,6S8L_F,88.462,156,18,0,6,161,1,156,8.88e-87,261,91.03
5oos,6H46_B,87.097,155,20,0,6,160,2,156,1.05e-86,261,90.97
5oos,2Y1L_E,87.342,158,20,0,4,161,11,168,1.31e-86,261,89.87
5oos,3NOC_D,87.975,158,19,0,4,161,11,168,1.32e-86,261,91.14
5oos,5MAD_A,88.608,158,17,1,4,161,3,159,1.37e-86,261,90.51
5oos,5MLA_B,89.103,156,17,0,6,161,23,178,1.59e-86,262,91.67
5oos,AFI09261.1,86.709,158,21,0,4,161,11,168,1.84e-86,261,89.87
5oos,6S8K_F,88.387,155,18,0,6,160,1,155,2.11e-86,261,90.97
5oos,3ZU7_B,87.975,158,19,0,4,161,11,168,2.88e-86,261,91.77
5oos,2J8S_D,87.342,158,20,0,4,161,11,168,5.55e-86,260,90.51
5oos,5EYL_A,86.709,158,21,0,4,161,11,168,5.68e-86,260,89.87
5oos,5MLB_B,88.462,156,18,0,6,161,23,178,6.25e-86,260,91.67
5oos,UVF58855.1,85.350,157,23,0,4,160,13,169,9.12e-86,260,89.81
5oos,AFI09265.1,86.709,158,21,0,4,161,11,168,1.44e-85,259,87.97
5oos,AAO25690.1,87.821,156,19,0,4,159,11,166,2.18e-85,258,89.10
5oos,4J7W_A,87.342,158,20,0,4,161,11,168,2.21e-85,258,89.24
5oos,4J8Y_A,87.342,158,20,0,4,161,11,168,2.23e-85,258,89.24
5oos,CAQ52949.1,86.709,158,21,0,4,161,11,168,3.50e-85,258,89.24
5oos,3NOG_D,86.709,158,21,0,4,161,11,168,6.91e-85,257,90.51
5oos,CAQ52951.1,86.076,158,22,0,4,161,11,168,7.07e-85,257,89.87
5oos,7MXI_C,87.582,153,19,0,7,159,21,173,9.03e-85,257,92.16
5oos,AFI09263.1,85.443,158,23,0,4,161,11,168,9.40e-85,257,89.87
5oos,AAO25689.1,87.821,156,19,0,4,159,11,166,9.47e-85,257,89.74
5oos,AAQ93810.1,84.810,158,24,0,4,161,11,168,9.60e-85,257,91.14
5oos,6MOE_A,85.897,156,22,0,4,159,2,157,1.11e-84,257,89.74
5oos,2P2C_P,87.342,158,20,0,4,161,11,168,1.52e-84,256,88.61
5oos,UVF58854.1,84.076,157,25,0,4,160,13,169,1.59e-84,257,89.81
5oos,7Z72_B,84.713,157,24,0,4,160,1,157,2.50e-84,255,89.17
5oos,8DW3_A,88.889,153,17,0,8,160,1,153,4.23e-84,255,90.85
5oos,7Z7E_B,84.076,157,25,0,4,160,1,157,4.66e-84,255,89.17
5oos,7B4W_A,84.615,156,24,0,5,160,1,156,5.75e-84,254,89.74
5oos,7DNF_A,86.709,158,21,0,4,161,11,168,5.80e-84,255,87.34
5oos,9F22_B,87.821,156,19,0,4,159,1,156,7.37e-84,254,89.74
5oos,AFI09266.1,86.709,158,21,0,4,161,11,168,8.14e-84,254,88.61
5oos,4HRM_B,85.350,157,23,0,4,160,11,167,8.63e-84,254,89.17
5oos,AAQ93811.1,86.076,158,22,0,4,161,11,168,1.21e-83,254,88.61
5oos,CAQ52948.1,84.810,158,24,0,4,161,11,168,1.29e-83,254,88.61
5oos,UVF58859.1,83.439,157,26,0,4,160,13,169,1.56e-83,254,89.81
5oos,UVF58850.1,83.544,158,25,1,4,160,13,170,2.07e-83,254,89.24
5oos,5EYP_F,83.544,158,26,0,4,161,11,168,3.62e-83,253,89.24
5oos,5LW2_A,85.443,158,23,0,4,161,11,168,3.74e-83,253,86.71
5oos,8P9C_C,83.439,157,26,0,4,160,1,157,3.87e-83,253,89.17
5oos,9DB5_A,86.624,157,21,0,5,161,78,234,4.04e-83,255,89.17
5oos,CAQ52950.1,86.076,158,22,0,4,161,11,168,6.98e-83,252,88.61
5oos,CAQ52952.1,84.810,158,24,0,4,161,11,168,7.06e-83,252,87.97
5oos,9DP8_A,87.179,156,20,0,6,161,91,246,7.63e-83,255,89.10
5oos,6FPA_A,83.439,157,26,0,4,160,3,159,8.47e-83,252,88.54
5oos,6H47_B,83.333,156,26,0,6,161,23,178,8.86e-83,252,87.82
5oos,7Z7C_A,83.439,157,26,0,4,160,1,157,9.43e-83,251,87.90
5oos,UVF58852.1,84.076,157,25,0,4,160,13,169,1.04e-82,252,89.17
5oos,7B4T_A,83.439,157,26,0,4,160,3,159,1.05e-82,251,87.90
5oos,6C9K_A,87.179,156,20,0,6,161,163,318,1.31e-82,257,91.67
5oos,UVF58853.1,81.529,157,29,0,4,160,13,169,1.36e-82,252,89.81
5oos,6S9S_F,84.076,157,25,0,4,160,37,193,1.96e-82,252,89.81
5oos,2BKK_B,84.810,158,24,0,4,161,11,168,2.04e-82,251,86.71
5oos,6FP7_B,83.439,157,26,0,4,160,3,159,2.51e-82,251,87.90
5oos,9GNB_B,82.911,158,26,1,4,160,1,158,2.76e-82,250,89.24
5oos,8AED_A,85.350,157,23,0,4,160,1,157,3.79e-82,250,88.54
5oos,2QYJ_A,86.538,156,21,0,4,159,11,166,4.07e-82,250,88.46
5oos,4ATZ_D,85.065,154,23,0,6,159,1,154,4.16e-82,249,88.96
5oos,5MA6_B,84.076,157,25,0,4,160,3,159,4.72e-82,250,87.90
5oos,4LSZ_E,84.810,158,24,0,4,161,11,168,5.02e-82,250,89.24
5oos,9DAM_A,87.097,155,20,0,7,161,88,242,5.83e-82,253,89.03
5oos,6FP8_B,83.439,157,26,0,4,160,13,169,7.37e-82,250,87.90
5oos,9E4Q_A,86.709,158,21,0,4,161,248,405,9.74e-82,258,88.61
5oos,4K5A_B,82.166,157,28,0,4,160,11,167,9.91e-82,249,88.54
5oos,CAQ52956.1,84.177,158,25,0,4,161,11,168,1.02e-81,249,87.97
5oos,7TXD_J,85.350,157,23,0,4,160,19,175,1.03e-81,250,88.54
5oos,CAQ52955.1,84.177,158,25,0,4,161,11,168,1.23e-81,249,87.97
5oos,7DNE_A,85.256,156,23,0,6,161,1,156,1.41e-81,248,86.54
5oos,7X4N_C,83.333,156,26,0,6,161,1,156,1.61e-81,248,89.10
5oos,AFI09262.1,86.076,158,22,0,4,161,11,168,1.77e-81,249,87.34
5oos,8VE7_A,87.013,154,20,0,6,159,141,294,2.07e-81,253,91.56
5oos,2V5Q_C,84.967,153,23,0,4,156,11,163,2.20e-81,248,90.85
5oos,4K5B_A,82.166,157,28,0,4,160,11,167,2.41e-81,248,87.90
5oos,5FIN_A,80.255,157,31,0,4,160,11,167,3.70e-81,248,89.17
5oos,7N2B_A,87.179,156,20,0,6,161,260,415,6.54e-81,256,89.10
5oos,CAQ52958.1,83.544,158,26,0,4,161,11,168,7.95e-81,247,86.71
5oos,9G8I_A,83.007,153,26,0,6,158,1,153,1.18e-80,246,90.20
5oos,UVF58862.1,83.871,155,25,0,6,160,1,155,1.25e-80,246,87.74
5oos,7ZYU_B,83.439,157,26,0,4,160,1,157,1.59e-80,246,87.26
5oos,6MWQ_A,86.076,158,22,0,4,161,2,159,1.87e-80,257,88.61
5oos,6MOF_A,83.974,156,25,0,4,159,2,157,1.99e-80,246,87.18
5oos,AFI09260.1,81.646,158,29,0,4,161,11,168,2.00e-80,246,89.87
5oos,5KNG_A,82.911,158,27,0,4,161,11,168,2.40e-80,246,88.61
4j8y,4J8Y_A,100.000,157,0,0,1,157,13,169,2.21e-104,306,100.00
4j8y,4J7W_A,98.726,157,2,0,1,157,13,169,1.05e-102,302,98.73
4j8y,9DB5_A,98.726,157,2,0,1,157,79,235,1.70e-102,304,98.73
4j8y,9DP8_A,98.726,157,2,0,1,157,91,247,4.79e-102,303,98.73
4j8y,7N2B_A,98.726,157,2,0,1,157,260,416,2.49e-101,308,98.73
4j8y,AAO25689.1,99.351,154,1,0,1,154,13,166,2.63e-101,298,99.35
4j8y,9DAM_A,98.718,156,2,0,2,157,88,243,3.17e-101,301,98.72
4j8y,9E4Q_A,98.726,157,2,0,1,157,250,406,3.55e-101,307,98.73
4j8y,AAQ93810.1,87.261,157,20,0,1,157,13,169,1.76e-88,266,92.99
4j8y,6GVM_D,87.261,157,20,0,1,157,13,169,3.84e-87,263,91.72
4j8y,6S8L_F,87.898,157,19,0,1,157,1,157,8.08e-87,261,89.81
4j8y,6BBN_P,87.898,157,19,0,1,157,12,168,8.08e-87,262,89.81
4j8y,AFI09263.1,87.261,157,20,0,1,157,13,169,9.97e-87,262,89.81
4j8y,4DRX_E,87.898,157,19,0,1,157,13,169,1.02e-86,262,89.81
4j8y,5EIB_E,87.898,157,19,0,1,157,13,169,1.12e-86,261,89.81
4j8y,4DUI_A,87.898,157,19,0,1,157,13,169,1.16e-86,261,89.81
4j8y,2Y1L_E,86.624,157,21,0,1,157,13,169,1.48e-86,261,91.08
4j8y,3NOC_D,87.261,157,20,0,1,157,13,169,1.67e-86,261,90.45
4j8y,7ALR_F,87.898,157,19,0,1,157,24,180,1.84e-86,261,89.81
4j8y,3NOG_D,86.624,157,21,0,1,157,13,169,5.22e-86,260,91.72
4j8y,AFI09261.1,86.624,157,21,0,1,157,13,169,8.00e-86,259,90.45
4j8y,AFI09259.1,87.261,157,20,0,1,157,13,169,8.55e-86,259,88.54
4j8y,2QYJ_A,87.662,154,19,0,1,154,13,166,1.12e-85,259,88.96
4j8y,6S8K_F,87.742,155,19,0,1,155,1,155,1.59e-85,258,89.68
4j8y,5OOU_A,87.821,156,19,0,1,156,13,168,2.10e-85,258,89.74
4j8y,CAQ52952.1,85.350,157,23,0,1,157,13,169,2.64e-85,258,89.81
4j8y,6H46_B,86.452,155,21,0,1,155,2,156,4.47e-85,257,90.97
4j8y,6MOE_A,87.013,154,20,0,1,154,4,157,4.88e-85,257,91.56
4j8y,5MLA_B,87.179,156,20,0,1,156,23,178,6.40e-85,258,90.38
4j8y,5MLB_B,87.179,156,20,0,1,156,23,178,8.43e-85,257,89.74
4j8y,5MAD_A,86.624,157,20,1,1,157,5,160,8.95e-85,256,91.08
4j8y,AFI09262.1,86.624,157,21,0,1,157,13,169,9.54e-85,257,90.45
4j8y,CAQ52956.1,85.350,157,23,0,1,157,13,169,1.09e-84,256,89.17
4j8y,5EYL_A,85.987,157,22,0,1,157,13,169,1.48e-84,256,88.54
4j8y,CAQ52949.1,87.261,157,20,0,1,157,13,169,1.51e-84,256,87.90
4j8y,CAQ52950.1,87.261,157,20,0,1,157,13,169,1.65e-84,256,89.81
4j8y,2BKK_B,84.713,157,24,0,1,157,13,169,1.86e-84,256,89.17
4j8y,7B4T_A,85.161,155,23,0,1,155,5,159,2.14e-84,256,88.39
4j8y,5OOS_A,87.179,156,20,0,1,156,13,168,2.32e-84,256,89.10
4j8y,2XEE_A,84.516,155,24,0,1,155,1,155,2.53e-84,255,88.39
4j8y,2P2C_P,87.261,157,20,0,1,157,13,169,2.70e-84,256,89.17
4j8y,CAQ52955.1,84.713,157,24,0,1,157,13,169,4.99e-84,255,89.17
4j8y,CAQ52951.1,86.624,157,21,0,1,157,13,169,4.99e-84,255,88.54
4j8y,5FIN_A,82.581,155,27,0,1,155,13,167,7.27e-84,254,90.97
4j8y,4LSZ_E,85.350,157,23,0,1,157,13,169,8.45e-84,254,89.81
4j8y,5OYJ_A,85.350,157,23,0,1,157,13,169,1.43e-83,254,88.54
4j8y,5OP1_A,87.179,156,20,0,1,156,13,168,1.67e-83,253,88.46
4j8y,UVF58862.1,84.516,155,24,0,1,155,1,155,1.80e-83,253,89.68
4j8y,5MA6_B,84.516,155,24,0,1,155,5,159,2.27e-83,253,89.68
4j8y,4F6R_D,85.987,157,22,0,1,157,13,169,2.42e-83,253,89.17
4j8y,7X4N_C,84.076,157,25,0,1,157,1,157,2.51e-83,253,88.54
4j8y,5EYP_F,84.076,157,25,0,1,157,13,169,2.67e-83,253,88.54
4j8y,7MXI_C,86.275,153,21,0,2,154,21,173,3.41e-83,253,91.50
4j8y,5OOV_A,86.538,156,21,0,1,156,13,168,5.33e-83,252,88.46
4j8y,2J8S_D,85.350,157,23,0,1,157,13,169,5.51e-83,252,89.81
4j8y,AAQ93811.1,84.713,157,24,0,1,157,13,169,5.82e-83,252,89.81
4j8y,CAQ52958.1,84.076,157,25,0,1,157,13,169,6.35e-83,252,88.54
4j8y,6S9S_F,84.516,155,24,0,1,155,39,193,8.46e-83,253,89.68
4j8y,7Z72_B,83.871,155,25,0,1,155,3,157,9.34e-83,251,87.74
4j8y,3ZU7_B,85.987,157,22,0,1,157,13,169,1.14e-82,251,87.90
4j8y,CAQ52948.1,85.350,157,23,0,1,157,13,169,1.35e-82,251,87.26
4j8y,7B4W_A,84.516,155,24,0,1,155,2,156,1.53e-82,251,87.10
4j8y,7ZYU_B,83.871,155,25,0,1,155,3,157,2.09e-82,251,88.39
4j8y,AFI09265.1,84.713,157,24,0,1,157,13,169,2.37e-82,251,87.90
4j8y,UVF58855.1,85.806,155,22,0,1,155,15,169,2.39e-82,251,88.39
4j8y,7DNF_A,85.987,157,22,0,1,157,13,169,2.67e-82,251,86.62
4j8y,AAO25690.1,86.364,154,21,0,1,154,13,166,3.07e-82,250,88.31
4j8y,7Z7E_B,83.871,155,25,0,1,155,3,157,3.12e-82,250,89.03
4j8y,4HRM_B,83.871,155,25,0,1,155,13,167,3.19e-82,250,89.03
4j8y,6FP7_B,84.516,155,24,0,1,155,5,159,3.99e-82,250,87.74
4j8y,AFI09266.1,84.713,157,24,0,1,157,13,169,4.33e-82,250,88.54
4j8y,5H76_A,85.621,153,21,1,1,153,5,156,5.17e-82,251,92.16
4j8y,6H47_B,82.692,156,27,0,1,156,23,178,7.79e-82,249,88.46
4j8y,6FP8_B,84.516,155,24,0,1,155,15,169,8.53e-82,250,87.74
4j8y,7TYZ_B,85.714,154,22,0,1,154,69,222,9.45e-82,251,88.96
4j8y,2XEH_A,82.581,155,27,0,1,155,1,155,1.37e-81,248,87.10
4j8y,6MWQ_A,86.624,157,21,0,1,157,4,160,1.62e-81,259,87.90
4j8y,3Q9N_C,85.065,154,23,0,1,154,5,158,1.63e-81,248,87.66
4j8y,UVF58850.1,83.333,156,25,1,1,155,15,170,1.67e-81,249,87.18
4j8y,6FPA_A,83.226,155,26,0,1,155,5,159,1.68e-81,248,87.74
4j8y,2V5Q_C,84.768,151,23,0,1,151,13,163,1.76e-81,248,91.39
4j8y,6NHT_A,84.314,153,24,0,3,155,165,317,1.86e-81,254,89.54
4j8y,8P9C_C,84.516,155,24,0,1,155,3,157,2.77e-81,248,86.45
4j8y,5OOY_A,85.256,156,23,0,1,156,13,168,2.98e-81,248,88.46
4j8y,6C9K_A,85.350,157,23,0,1,157,163,319,4.22e-81,253,87.90
4j8y,5MA9_A,84.516,155,24,0,1,155,8,162,4.26e-81,252,89.68
4j8y,5MA9_A,77.519,129,28,1,27,155,176,303,1.34e-57,192,86.82
4j8y,8DW2_A,84.967,153,23,0,3,155,1,153,4.37e-81,247,88.24
4j8y,5MAK_A,84.516,155,24,0,1,155,5,159,4.39e-81,252,89.68
4j8y,5MAK_A,77.519,129,28,1,27,155,169,296,1.35e-57,192,86.82
4j8y,5MA4_A,84.516,155,24,0,1,155,5,159,4.44e-81,252,89.68
4j8y,5MA4_A,77.519,129,28,1,27,155,169,296,1.35e-56,190,86.05
4j8y,5MA3_A,84.516,155,24,0,1,155,5,159,4.98e-81,252,89.68
4j8y,5MA3_A,77.519,129,28,1,27,155,173,300,1.51e-57,192,86.82
4j8y,5MA5_A,84.516,155,24,0,1,155,5,159,5.38e-81,252,89.68
4j8y,5MA5_A,78.295,129,27,1,27,155,173,300,8.96e-57,190,86.05
4j8y,9G8I_A,83.007,153,26,0,1,153,1,153,6.00e-81,246,89.54
4j8y,4ATZ_D,83.766,154,25,0,1,154,1,154,9.30e-81,246,88.96
4j8y,5LW2_A,83.439,157,26,0,1,157,13,169,9.31e-81,246,87.26
4j8y,7DNE_A,83.439,157,26,0,1,157,1,157,9.64e-81,246,87.26
4j8y,6OB5_C,81.290,155,29,0,1,155,10,164,1.12e-80,246,89.03
4j8y,7Z7C_A,83.871,155,25,0,1,155,3,157,1.22e-80,246,87.10
4j8y,6MOF_A,85.065,154,23,0,1,154,4,157,1.26e-80,246,88.31
4j8y,UVF58859.1,82.581,155,27,0,1,155,15,169,1.63e-80,246,87.10
4j8y,4K5B_A,82.581,155,27,0,1,155,13,167,1.84e-80,246,87.10
5v2o,5V2O_A,100.000,60,0,0,1,60,1,60,1.09e-30,112,100.00
4oxw,4OXW_A,100.000,106,0,0,1,106,8,113,2.75e-70,216,100.00
4oxw,TRY69914.1,38.835,103,63,0,3,105,10,112,1.13e-17,89.4,63.11
4oxw,XP_046148772.1,38.835,103,63,0,3,105,82,184,1.15e-17,89.0,66.02
4oxw,XP_020364494.1,38.835,103,63,0,3,105,50,152,1.27e-17,89.0,66.02
4oxw,TRY69915.1,38.835,103,63,0,3,105,10,112,1.37e-17,89.0,63.11
4oxw,XP_038828485.1,38.835,103,63,0,3,105,26,128,1.43e-17,88.6,66.02
4oxw,XP_061110826.1,39.806,103,62,0,3,105,10,112,1.47e-17,88.6,65.05
4oxw,XP_055737865.1,38.835,103,63,0,3,105,26,128,1.51e-17,88.6,66.02
4oxw,XP_029482210.1,38.835,103,63,0,3,105,34,136,1.51e-17,88.6,66.02
4oxw,XP_024257830.1,38.835,103,63,0,3,105,18,120,1.51e-17,88.6,66.02
4oxw,XP_038828486.1,38.835,103,63,0,3,105,26,128,1.69e-17,88.6,66.02
4oxw,XP_014014995.1,38.462,104,64,0,2,105,9,112,1.70e-17,88.6,65.38
4oxw,XP_064805547.1,38.835,103,63,0,3,105,42,144,1.73e-17,88.6,66.02
4oxw,XP_038828487.1,38.462,104,64,0,2,105,25,128,1.78e-17,88.6,65.38
4oxw,XP_071270615.1,38.462,104,64,0,2,105,25,128,1.86e-17,88.2,65.38
4oxw,XP_045558643.1,38.462,104,64,0,2,105,9,112,1.96e-17,88.2,65.38
4oxw,KAG7455118.1,39.423,104,63,0,2,105,9,112,1.96e-17,88.2,64.42
4oxw,XP_023856344.1,38.462,104,64,0,2,105,25,128,1.97e-17,88.2,65.38
4oxw,XP_036374522.1,39.423,104,63,0,2,105,9,112,2.21e-17,88.2,64.42
4oxw,XP_035287399.1,38.835,103,63,0,3,105,10,112,2.64e-17,87.8,65.05
4oxw,XP_030623258.1,38.462,104,64,0,2,105,9,112,3.12e-17,87.8,65.38
4oxw,XP_060755748.1,38.462,104,64,0,2,105,9,112,3.47e-17,87.8,65.38
4oxw,XP_029550516.1,38.462,104,64,0,2,105,9,112,3.58e-17,87.4,64.42
4oxw,XP_071026211.1,38.835,103,63,0,3,105,26,128,4.17e-17,87.4,65.05
4oxw,XP_071026210.1,38.835,103,63,0,3,105,26,128,4.30e-17,87.4,65.05
4oxw,XP_029550508.1,38.835,103,63,0,3,105,10,112,4.30e-17,87.4,65.05
4oxw,CDQ81507.1,38.835,103,63,0,3,105,34,136,4.35e-17,87.4,65.05
4oxw,XP_035597805.2,37.864,103,64,0,3,105,42,144,4.57e-17,87.4,66.02
4oxw,KAJ8387651.1,38.462,104,64,0,2,105,9,112,4.62e-17,87.4,65.38
4oxw,XP_021475928.2,38.835,103,63,0,3,105,26,128,4.70e-17,87.4,65.05
4oxw,XP_021475929.2,38.835,103,63,0,3,105,26,128,4.74e-17,87.4,65.05
4oxw,MCJ8745853.1,38.462,104,64,0,2,105,9,112,6.33e-17,87.0,66.35
4oxw,XP_059901335.1,37.500,104,65,0,2,105,43,146,6.92e-17,86.7,64.42
4oxw,XP_056440549.1,37.500,104,65,0,2,105,43,146,7.27e-17,86.7,64.42
4oxw,XP_041717732.1,37.500,104,65,0,2,105,9,112,8.08e-17,86.7,65.38
4oxw,KAK6293128.1,37.500,104,65,0,2,105,51,154,8.73e-17,86.7,65.38
4oxw,XP_017308907.1,37.500,104,65,0,2,105,9,112,9.66e-17,86.3,65.38
4oxw,XP_026793884.1,38.462,104,64,0,2,105,9,112,9.75e-17,86.3,64.42
4oxw,XP_053467371.1,37.500,104,65,0,2,105,9,112,1.01e-16,86.3,65.38
4oxw,XP_036413955.1,38.462,104,64,0,2,105,9,112,1.04e-16,86.3,64.42
4oxw,MCI4391605.1,38.462,104,64,0,2,105,9,112,1.08e-16,86.3,64.42
4oxw,KAJ8336933.1,37.864,103,64,0,3,105,10,112,1.16e-16,86.3,65.05
4oxw,XP_017572198.1,38.462,104,64,0,2,105,9,112,1.22e-16,86.3,64.42
4oxw,XP_062376976.1,38.462,104,64,0,2,105,9,112,1.23e-16,85.9,64.42
4oxw,KAI4884786.1,38.462,104,64,0,2,105,9,112,1.23e-16,85.9,64.42
4oxw,XP_036376855.1,36.538,104,66,0,2,105,9,112,1.35e-16,85.9,64.42
4oxw,XP_030257913.1,40.860,93,54,1,13,104,148,240,1.54e-16,84.7,65.59
4oxw,XP_051538839.1,37.500,104,65,0,2,105,9,112,1.55e-16,85.9,64.42
4oxw,KAF9156982.1,47.423,97,47,3,9,104,236,329,2.03e-16,85.5,67.01
4oxw,XP_048121895.1,38.835,103,63,0,3,105,10,112,2.10e-16,85.5,65.05
4oxw,KAG0270113.1,47.423,97,47,3,9,104,236,329,2.14e-16,85.5,67.01
4oxw,KAF9974996.1,47.423,97,47,3,9,104,236,329,2.17e-16,85.5,67.01
4oxw,XP_041922923.1,38.835,103,63,0,3,105,10,112,2.25e-16,85.5,65.05
4oxw,KAF4075670.1,37.500,104,65,0,2,105,9,112,2.76e-16,85.1,64.42
4oxw,XP_029935178.1,37.864,103,64,0,3,105,16,118,2.79e-16,85.1,65.05
4oxw,CDQ79628.1,36.538,104,66,0,2,105,9,112,2.91e-16,82.8,64.42
4oxw,XP_067290398.1,38.462,104,64,0,2,105,9,112,2.93e-16,85.1,63.46
4oxw,XP_048832792.1,40.196,102,61,0,3,104,9,110,2.96e-16,85.1,64.71
4oxw,KAF7668850.1,37.864,103,64,0,3,105,16,118,3.02e-16,85.1,65.05
4oxw,RXN26684.1,38.835,103,63,0,3,105,10,112,3.42e-16,85.1,63.11
4oxw,XP_022537846.2,38.462,104,64,0,2,105,9,112,4.05e-16,84.7,63.46
4oxw,KAG9356170.1,37.500,104,65,0,2,105,9,112,4.23e-16,84.3,64.42
4oxw,XP_022537841.2,38.462,104,64,0,2,105,9,112,4.26e-16,84.7,63.46
4oxw,KAG9283385.1,38.462,104,64,0,2,105,9,112,4.38e-16,84.3,63.46
4oxw,XP_064189086.1,37.500,104,65,0,2,105,9,112,4.43e-16,84.3,63.46
4oxw,KAI1902304.1,37.500,104,65,0,2,105,9,112,4.56e-16,84.3,64.42
4oxw,XP_066518580.1,38.462,104,64,0,2,105,7,110,4.59e-16,84.3,63.46
4oxw,XP_035271263.1,37.500,104,65,0,2,105,9,112,4.60e-16,84.3,63.46
4oxw,CAB1349812.1,36.893,103,65,0,3,105,12,114,4.62e-16,84.3,66.02
4oxw,RXN25790.1,38.835,103,63,0,3,105,10,112,4.85e-16,84.3,63.11
4oxw,XP_052974388.1,50.476,105,45,5,1,104,389,487,5.07e-16,84.3,62.86
4oxw,XP_010884181.1,36.893,103,65,0,3,105,10,112,5.12e-16,84.3,66.02
4oxw,XP_028816747.1,37.500,104,65,0,2,105,9,112,5.15e-16,84.3,63.46
4oxw,XP_041735967.1,36.538,104,66,0,2,105,9,112,5.22e-16,84.3,65.38
4oxw,CAL8399374.1,36.538,104,66,0,2,105,43,146,5.45e-16,84.3,64.42
4oxw,XP_030205632.1,36.538,104,66,0,2,105,43,146,5.61e-16,84.3,64.42
4oxw,CAL8399798.1,36.538,104,66,0,2,105,9,112,5.66e-16,84.3,64.42
4oxw,CAL8496871.1,36.538,104,66,0,2,105,9,112,6.37e-16,84.0,63.46
4oxw,KAK7118406.1,37.500,104,65,0,2,105,9,112,6.82e-16,84.0,61.54
4oxw,KAK3515444.1,35.922,103,66,0,3,105,10,112,7.02e-16,84.0,66.02
4oxw,XP_066576733.1,36.538,104,66,0,2,105,9,112,7.30e-16,84.0,65.38
4oxw,XP_026860218.1,37.500,104,65,0,2,105,9,112,7.31e-16,84.0,64.42
4oxw,KAG5850225.1,37.864,103,64,0,3,105,88,190,7.64e-16,84.0,64.08
4oxw,XP_067233507.1,36.538,104,66,0,2,105,9,112,7.77e-16,84.0,64.42
4oxw,KAF5897499.1,37.500,104,65,0,2,105,9,112,8.11e-16,83.6,64.42
4oxw,XP_067233508.1,36.538,104,66,0,2,105,9,112,8.30e-16,83.6,64.42
4oxw,XP_017262232.1,37.864,103,64,0,2,104,9,111,8.96e-16,83.6,64.08
4oxw,XP_058232847.1,36.538,104,66,0,2,105,9,112,9.06e-16,83.6,65.38
4oxw,XP_053343879.1,37.864,103,64,0,3,105,10,112,9.42e-16,83.6,65.05
4oxw,KAJ8277679.1,36.893,103,65,0,3,105,10,112,9.52e-16,83.6,64.08
4oxw,KAG0225025.1,46.392,97,48,3,9,104,241,334,9.99e-16,83.6,65.98
4oxw,XP_037550010.1,37.864,103,64,0,2,104,9,111,1.01e-15,83.6,63.11
4oxw,XP_051970104.1,37.864,103,64,0,3,105,10,112,1.11e-15,83.2,63.11
4oxw,XP_043545189.1,38.462,104,64,0,2,105,9,112,1.20e-15,83.2,62.50
4oxw,GAA6096232.1,36.538,104,66,0,2,105,9,112,1.20e-15,83.2,64.42
4oxw,XP_043545198.1,38.462,104,64,0,2,105,9,112,1.26e-15,83.2,62.50
4oxw,XP_071384285.1,36.893,103,65,0,3,105,16,118,1.27e-15,83.2,65.05
4oxw,KAF9315976.1,46.392,97,47,3,9,104,240,332,1.28e-15,82.4,63.92
4oxw,XP_048385770.1,38.462,104,64,0,2,105,9,112,1.36e-15,83.2,62.50
4oxw,XP_060678665.1,38.462,104,64,0,2,105,9,112,1.42e-15,83.2,62.50
5op3,5OP3_A,100.000,157,0,0,1,157,12,168,2.41e-103,304,100.00
5op3,5OP1_A,92.357,157,12,0,1,157,12,168,1.35e-92,276,94.27
5op3,5OOS_A,91.083,157,14,0,1,157,12,168,6.07e-91,272,93.63
5op3,5OOY_A,91.083,157,14,0,1,157,12,168,6.41e-91,272,94.27
5op3,5OOU_A,91.083,157,14,0,1,157,12,168,1.74e-90,271,94.27
5op3,5OOV_A,91.083,157,14,0,1,157,12,168,1.96e-90,271,92.99
5op3,4F6R_D,89.172,157,17,0,1,157,12,168,2.48e-89,268,91.72
5op3,5MLA_B,89.744,156,16,0,2,157,23,178,3.79e-88,266,91.03
5op3,6H46_B,87.742,155,19,0,2,156,2,156,5.74e-88,265,90.97
5op3,AFI09261.1,89.172,157,17,0,1,157,12,168,1.15e-87,264,91.08
5op3,AFI09259.1,87.261,157,20,0,1,157,12,168,2.10e-86,261,91.08
5op3,3ZU7_B,87.898,157,19,0,1,157,12,168,4.19e-86,260,91.08
5op3,7DNF_A,87.261,157,20,0,1,157,12,168,7.09e-86,259,90.45
5op3,5MLB_B,87.821,156,19,0,2,157,23,178,7.56e-86,260,91.67
5op3,AAO25690.1,87.742,155,19,0,1,155,12,166,1.06e-85,259,90.97
5op3,2Y1L_E,87.261,157,20,0,1,157,12,168,1.23e-85,259,90.45
5op3,AAQ93810.1,85.987,157,22,0,1,157,12,168,1.43e-85,259,91.08
5op3,6GVM_D,87.898,157,19,0,1,157,12,168,1.76e-85,258,89.17
5op3,5LW2_A,85.987,157,22,0,1,157,12,168,6.50e-85,257,88.54
5op3,4HRM_B,86.538,156,21,0,1,156,12,167,7.51e-85,257,90.38
5op3,CAQ52951.1,86.624,157,21,0,1,157,12,168,8.74e-85,257,91.08
5op3,CAQ52949.1,86.624,157,21,0,1,157,12,168,9.13e-85,257,90.45
5op3,6BBN_P,87.261,157,20,0,1,157,11,167,9.53e-85,257,89.81
5op3,4DUI_A,87.261,157,20,0,1,157,12,168,1.01e-84,257,89.81
5op3,8P9C_C,85.897,156,22,0,1,156,2,157,1.04e-84,256,89.74
5op3,4DRX_E,87.261,157,20,0,1,157,12,168,1.15e-84,256,89.81
5op3,9F22_B,88.387,155,18,0,1,155,2,156,1.65e-84,256,91.61
5op3,3NOG_D,87.261,157,20,0,1,157,12,168,1.72e-84,256,91.72
5op3,7ALR_F,87.261,157,20,0,1,157,23,179,2.53e-84,256,89.81
5op3,CAQ52950.1,87.261,157,20,0,1,157,12,168,2.61e-84,256,91.08
5op3,AFI09263.1,86.624,157,21,0,1,157,12,168,3.55e-84,255,89.81
5op3,5MAD_A,87.898,157,18,1,1,157,4,159,3.56e-84,255,90.45
5op3,7DNE_A,85.897,156,22,0,2,157,1,156,3.88e-84,255,88.46
5op3,3NOC_D,87.898,157,19,0,1,157,12,168,3.88e-84,255,89.17
5op3,5OYJ_A,86.624,157,21,0,1,157,12,168,4.14e-84,255,90.45
5op3,7B4W_A,84.615,156,24,0,1,156,1,156,5.65e-84,254,89.10
5op3,6S8L_F,87.179,156,20,0,2,157,1,156,6.57e-84,254,89.74
5op3,CAQ52952.1,85.987,157,22,0,1,157,12,168,6.79e-84,254,87.90
5op3,6C9K_A,87.179,156,20,0,2,157,163,318,6.98e-84,260,91.03
5op3,5EIB_E,87.179,156,20,0,2,157,13,168,7.25e-84,254,89.74
5op3,AAQ93811.1,85.987,157,22,0,1,157,12,168,8.27e-84,254,89.81
5op3,7Z72_B,84.615,156,24,0,1,156,2,157,8.28e-84,254,89.74
5op3,6MOE_A,85.806,155,22,0,1,155,3,157,1.28e-83,254,90.97
5op3,6S8K_F,87.097,155,20,0,2,156,1,155,1.65e-83,253,89.68
5op3,UVF58855.1,85.897,156,22,0,1,156,14,169,1.69e-83,254,89.74
5op3,CAQ52948.1,85.350,157,23,0,1,157,12,168,1.78e-83,253,89.81
5op3,2BKK_B,84.713,157,24,0,1,157,12,168,1.86e-83,253,89.17
5op3,8DW3_A,88.235,153,18,0,4,156,1,153,2.51e-83,253,90.20
5op3,6H47_B,83.333,156,26,0,2,157,23,178,3.82e-83,253,88.46
5op3,6FPA_A,83.974,156,25,0,1,156,4,159,4.17e-83,252,89.74
5op3,CAQ52955.1,85.350,157,23,0,1,157,12,168,5.75e-83,252,87.90
5op3,CAQ52956.1,85.350,157,23,0,1,157,12,168,9.02e-83,252,87.90
5op3,8VE7_A,87.013,154,20,0,2,155,141,294,9.24e-83,256,90.91
5op3,6FP7_B,84.615,156,24,0,1,156,4,159,1.54e-82,251,89.10
5op3,5EYL_A,85.350,157,23,0,1,157,12,168,1.80e-82,251,88.54
5op3,CAQ52958.1,84.076,157,25,0,1,157,12,168,1.90e-82,251,88.54
5op3,6S9S_F,84.615,156,24,0,1,156,38,193,1.97e-82,252,91.03
5op3,AFI09265.1,84.713,157,24,0,1,157,12,168,2.24e-82,251,89.17
5op3,UVF58854.1,83.974,156,25,0,1,156,14,169,2.32e-82,251,89.10
5op3,6FP8_B,84.615,156,24,0,1,156,14,169,3.25e-82,251,89.10
5op3,2QYJ_A,86.452,155,21,0,1,155,12,166,4.08e-82,250,89.03
5op3,2J8S_D,85.987,157,22,0,1,157,12,168,5.15e-82,250,89.17
5op3,2P2C_P,86.624,157,21,0,1,157,12,168,5.88e-82,249,87.90
5op3,5FIN_A,81.410,156,29,0,1,156,12,167,6.36e-82,249,89.10
5op3,7MXI_C,86.928,153,20,0,3,155,21,173,6.73e-82,249,88.89
5op3,7MXI_C,55.556,81,36,0,76,156,28,108,1.49e-13,76.3,70.37
5op3,5MA6_B,83.974,156,25,0,1,156,4,159,8.48e-82,249,88.46
5op3,AFI09262.1,85.987,157,22,0,1,157,12,168,9.95e-82,249,88.54
5op3,AFI09266.1,85.350,157,23,0,1,157,12,168,1.35e-81,249,87.90
5op3,7Z7E_B,83.333,156,26,0,1,156,2,157,2.01e-81,248,89.10
5op3,5KNG_A,82.803,157,27,0,1,157,12,168,2.12e-81,248,89.17
5op3,5AAO_A,82.166,157,28,0,1,157,12,168,2.42e-81,248,85.99
5op3,6MWQ_A,87.261,157,20,0,1,157,3,159,2.54e-81,259,89.17
5op3,6MWQ_A,51.456,103,48,2,10,111,78,179,4.46e-14,80.9,66.02
5op3,4LSZ_E,85.350,157,23,0,1,157,12,168,2.88e-81,248,87.90
5op3,4J7W_A,85.987,157,22,0,1,157,12,168,3.40e-81,248,88.54
5op3,UVF58862.1,83.871,155,25,0,2,156,1,155,3.51e-81,247,88.39
5op3,4J8Y_A,85.987,157,22,0,1,157,12,168,4.05e-81,248,88.54
5op3,UVF58853.1,82.692,156,27,0,1,156,14,169,4.93e-81,248,87.82
5op3,9F07_D,88.276,145,17,0,1,145,12,156,6.96e-81,248,91.03
5op3,4K5B_A,82.692,156,27,0,1,156,12,167,1.07e-80,246,88.46
5op3,4ATZ_D,84.416,154,24,0,2,155,1,154,1.11e-80,246,88.31
5op3,5EYP_F,82.166,157,28,0,1,157,12,168,1.13e-80,246,88.54
5op3,7TYZ_B,86.452,155,21,0,2,156,69,223,1.18e-80,248,87.10
5op3,AAO25689.1,86.452,155,21,0,1,155,12,166,1.38e-80,246,89.03
5op3,2V5Q_C,83.871,155,25,0,1,155,12,166,2.19e-80,246,88.39
5op3,AAO25691.1,73.404,188,17,1,1,155,12,199,2.87e-80,246,76.60
5op3,8DW2_A,86.275,153,21,0,4,156,1,153,3.92e-80,244,86.93
5op3,7X4N_C,82.051,156,28,0,2,157,1,156,4.78e-80,244,88.46
5op3,9DB5_A,85.350,157,23,0,1,157,78,234,5.08e-80,247,88.54
5op3,6QEP_A,87.821,156,19,0,2,157,1191,1346,5.77e-80,269,90.38
5op3,UVF58850.1,82.803,157,26,1,1,156,14,170,5.93e-80,245,87.26
5op3,9DP8_A,85.897,156,22,0,2,157,91,246,6.67e-80,247,88.46
5op3,2XEE_A,83.226,155,26,0,2,156,1,155,6.71e-80,244,88.39
5op3,7B4T_A,82.692,156,27,0,1,156,4,159,6.82e-80,244,87.82
5op3,AFI09260.1,82.166,157,28,0,1,157,12,168,7.81e-80,244,89.17
5op3,6MOF_A,83.871,155,25,0,1,155,3,157,8.61e-80,244,89.03
5op3,UVF58852.1,82.692,156,27,0,1,156,14,169,1.16e-79,244,87.82
5op3,5MAK_A,83.974,156,25,0,1,156,4,159,1.61e-79,248,88.46
5op3,5MAK_A,79.070,129,26,1,28,156,169,296,1.21e-57,192,86.05
5op3,7Z7C_A,82.692,156,27,0,1,156,2,157,1.75e-79,243,87.18
5op3,UVF58859.1,82.692,156,27,0,1,156,14,169,1.75e-79,244,87.18
5op3,5MA3_A,83.974,156,25,0,1,156,4,159,1.83e-79,248,88.46
5op3,5MA3_A,79.070,129,26,1,28,156,173,300,1.35e-57,192,86.05
5kng,5KNG_A,100.000,158,0,0,1,158,12,169,5.90e-106,310,100.00
5kng,4YDW_A,86.709,158,21,0,1,158,12,169,7.55e-86,259,90.51
5kng,AFI09261.1,82.911,158,27,0,1,158,12,169,1.92e-84,256,90.51
5kng,5OOV_A,84.076,157,25,0,1,157,12,168,4.40e-84,255,89.17
5kng,AAO25690.1,84.516,155,24,0,1,155,12,166,6.11e-84,254,88.39
5kng,5OP1_A,84.076,157,25,0,1,157,12,168,8.50e-84,254,87.90
5kng,AFI09259.1,82.278,158,28,0,1,158,12,169,1.28e-83,254,89.24
5kng,6FP7_B,84.615,156,24,0,1,156,4,159,1.58e-83,253,88.46
5kng,7B4W_A,84.615,156,24,0,1,156,1,156,1.82e-83,253,87.82
5kng,6FP8_B,84.615,156,24,0,1,156,14,169,4.46e-83,253,88.46
5kng,6FPA_A,83.974,156,25,0,1,156,4,159,4.58e-83,252,89.10
5kng,UVF58854.1,85.256,156,23,0,1,156,14,169,6.76e-83,253,88.46
5kng,5OOY_A,83.439,157,26,0,1,157,12,168,7.37e-83,252,89.81
5kng,2BKK_B,81.646,158,29,0,1,158,12,169,8.41e-83,252,87.34
5kng,5OOU_A,84.713,157,24,0,1,157,12,168,1.19e-82,251,88.54
5kng,6BBN_P,82.278,158,28,0,1,158,11,168,2.81e-82,250,88.61
5kng,4K5B_A,83.974,156,25,0,1,156,12,167,2.81e-82,251,87.82
5kng,CAQ52949.1,84.177,158,25,0,1,158,12,169,3.31e-82,250,87.34
5kng,4DRX_E,82.278,158,28,0,1,158,12,169,3.39e-82,250,88.61
5kng,6H46_B,83.226,155,26,0,2,156,2,156,4.36e-82,249,87.74
5kng,5MA6_B,84.615,156,24,0,1,156,4,159,4.37e-82,250,87.18
5kng,AFI09266.1,82.278,158,28,0,1,158,12,169,4.45e-82,250,86.71
5kng,AAQ93811.1,82.911,158,27,0,1,158,12,169,5.14e-82,250,87.97
5kng,7ALR_F,82.278,158,28,0,1,158,23,180,5.41e-82,250,88.61
5kng,7Z71_B,83.974,156,25,0,1,156,2,157,7.00e-82,249,87.82
5kng,4F6R_D,82.911,158,27,0,1,158,12,169,7.79e-82,249,88.61
5kng,4K5A_B,83.333,156,26,0,1,156,12,167,1.01e-81,249,86.54
5kng,4DUI_A,82.278,158,28,0,1,158,12,169,1.08e-81,249,87.97
5kng,7Z7E_B,85.256,156,23,0,1,156,2,157,1.09e-81,249,86.54
5kng,6S8L_F,82.166,157,28,0,2,158,1,157,1.25e-81,248,88.54
5kng,UVF58862.1,84.516,155,24,0,2,156,1,155,1.32e-81,248,87.10
5kng,7DNF_A,81.646,158,29,0,1,158,12,169,1.42e-81,249,87.34
5kng,AFI09262.1,82.278,158,28,0,1,158,12,169,1.77e-81,248,87.34
5kng,5OP3_A,82.803,157,27,0,1,157,12,168,1.91e-81,248,89.17
5kng,5EIB_E,82.166,157,28,0,2,158,13,169,1.91e-81,248,88.54
5kng,3NOC_D,83.544,158,26,0,1,158,12,169,2.28e-81,248,87.97
5kng,9F22_B,83.226,155,26,0,1,155,2,156,3.74e-81,247,87.74
5kng,5MLA_B,83.333,156,26,0,2,157,23,178,4.04e-81,248,89.10
5kng,AAQ93810.1,81.013,158,30,0,1,158,12,169,4.08e-81,248,88.61
5kng,7B4T_A,83.974,156,25,0,1,156,4,159,9.24e-81,246,87.18
5kng,4HRM_B,83.974,156,25,0,1,156,12,167,1.00e-80,247,89.10
5kng,6GVM_D,82.278,158,28,0,1,158,12,169,1.15e-80,246,87.34
5kng,CAQ52950.1,81.646,158,29,0,1,158,12,169,1.19e-80,246,88.61
5kng,UVF58853.1,82.692,156,27,0,1,156,14,169,1.45e-80,247,86.54
5kng,5FIN_A,81.410,156,29,0,1,156,12,167,1.49e-80,246,87.82
5kng,AFI09263.1,81.013,158,30,0,1,158,12,169,1.54e-80,246,86.08
5kng,CAQ52951.1,82.911,158,27,0,1,158,12,169,1.71e-80,246,86.71
5kng,3NOG_D,82.911,158,27,0,1,158,12,169,1.98e-80,246,87.34
5kng,7Z7C_A,83.333,156,26,0,1,156,2,157,2.05e-80,246,87.18
5kng,UVF58852.1,83.333,156,26,0,1,156,14,169,2.28e-80,246,87.82
5kng,5EYL_A,81.013,158,30,0,1,158,12,169,2.28e-80,246,86.71
5kng,7ZYU_B,83.974,156,25,0,1,156,2,157,3.44e-80,245,86.54
5kng,2P2C_P,82.278,158,28,0,1,158,12,169,4.07e-80,245,86.71
5kng,CAQ52952.1,81.013,158,30,0,1,158,12,169,4.30e-80,245,86.71
5kng,5MLB_B,82.692,156,27,0,2,157,23,178,4.53e-80,245,88.46
5kng,5MAK_A,84.615,156,24,0,1,156,4,159,4.67e-80,249,87.18
5kng,5MAK_A,79.845,129,25,1,28,156,169,296,8.59e-57,190,83.72
5kng,5MAK_A,66.379,116,39,0,8,123,181,296,2.92e-33,130,70.69
5kng,4LSZ_E,80.380,158,31,0,1,158,12,169,4.70e-80,245,87.97
5kng,6S8K_F,81.935,155,28,0,2,156,1,155,4.86e-80,244,88.39
5kng,5MA4_A,84.615,156,24,0,1,156,4,159,5.10e-80,249,87.18
5kng,5MA4_A,79.845,129,25,1,28,156,169,296,7.95e-56,188,82.95
5kng,5MA4_A,66.379,116,39,0,8,123,181,296,7.91e-34,131,71.55
5kng,UVF58855.1,83.974,156,25,0,1,156,14,169,5.12e-80,245,86.54
5kng,5MA5_A,84.615,156,24,0,1,156,4,159,5.24e-80,249,87.18
5kng,5MA5_A,79.070,129,26,1,28,156,173,300,1.27e-55,187,82.95
5kng,5MA5_A,65.517,116,40,0,8,123,185,300,1.21e-33,131,71.55
5kng,5MA3_A,84.615,156,24,0,1,156,4,159,5.30e-80,249,87.18
5kng,5MA3_A,79.845,129,25,1,28,156,173,300,9.62e-57,190,83.72
5kng,5MA3_A,66.379,116,39,0,8,123,185,300,3.19e-33,130,70.69
5kng,5OOS_A,82.803,157,27,0,1,157,12,168,6.04e-80,244,88.54
5kng,5MA9_A,84.615,156,24,0,1,156,7,162,6.35e-80,249,87.18
5kng,5MA9_A,79.845,129,25,1,28,156,176,303,1.11e-56,190,83.72
5kng,5MA9_A,66.379,116,39,0,8,123,188,303,3.83e-33,130,70.69
5kng,4J8Y_A,81.646,158,29,0,1,158,12,169,7.20e-80,244,86.71
5kng,9GNB_B,84.076,157,24,1,1,156,2,158,7.23e-80,244,87.26
5kng,6GCU_C,83.439,157,25,1,1,156,12,168,1.01e-79,244,86.62
5kng,4J7W_A,81.646,158,29,0,1,158,12,169,1.07e-79,244,86.71
5kng,4HRL_A,84.615,156,23,1,1,156,12,166,1.11e-79,244,89.10
5kng,6MWQ_A,82.911,158,27,0,1,158,3,160,1.41e-79,254,87.97
5kng,UVF58850.1,82.803,157,26,1,1,156,14,170,2.11e-79,244,85.99
5kng,3ZU7_B,82.911,158,27,0,1,158,12,169,2.15e-79,243,86.08
5kng,5MAD_A,82.911,158,26,1,1,158,4,160,2.19e-79,243,86.71
5kng,8P9C_C,81.410,156,29,0,1,156,2,157,2.26e-79,243,85.90
5kng,AFI09265.1,79.747,158,32,0,1,158,12,169,2.68e-79,243,86.71
5kng,2XEE_A,84.516,155,24,0,2,156,1,155,2.97e-79,243,87.10
5kng,6S9S_F,83.974,156,25,0,1,156,38,193,3.12e-79,244,85.90
5kng,CAQ52948.1,81.646,158,29,0,1,158,12,169,4.49e-79,243,85.44
5kng,6H47_B,80.128,156,31,0,2,157,23,178,5.04e-79,243,86.54
5kng,7Z72_B,82.692,156,27,0,1,156,2,157,5.09e-79,242,85.26
5kng,6MOE_A,80.000,155,31,0,1,155,3,157,5.90e-79,242,88.39
5kng,UVF58859.1,82.692,156,27,0,1,156,14,169,8.94e-79,242,85.26
5kng,CAQ52956.1,80.380,158,31,0,1,158,12,169,1.02e-78,241,85.44
5kng,AFI09260.1,78.481,158,34,0,1,158,12,169,1.23e-78,241,87.34
5kng,5EYP_F,78.481,158,34,0,1,158,12,169,1.47e-78,241,86.71
5kng,5OYJ_A,81.646,158,29,0,1,158,12,169,1.57e-78,241,85.44
5kng,AAO25689.1,81.935,155,28,0,1,155,12,166,1.60e-78,241,87.10
5kng,2Y1L_E,80.380,158,31,0,1,158,12,169,1.99e-78,241,86.08
5kng,CAQ52955.1,79.747,158,32,0,1,158,12,169,2.13e-78,241,86.08
5kng,7TYZ_B,81.290,155,29,0,2,156,69,223,3.45e-78,242,86.45
5kng,9DB5_A,81.013,158,30,0,1,158,78,235,4.11e-78,242,86.71
5kng,2XEH_A,83.871,155,25,0,2,156,1,155,4.26e-78,239,85.81
5kng,8DW2_A,81.579,152,28,0,5,156,2,153,4.35e-78,239,86.84
5kng,6NHT_A,84.211,152,24,0,5,156,166,317,4.82e-78,245,86.84
5kng,7X4N_C,78.344,157,34,0,2,158,1,157,5.55e-78,239,86.62
5kng,9DP8_A,81.529,157,29,0,2,158,91,247,7.33e-78,242,86.62
5kng,2J8S_D,80.380,158,31,0,1,158,12,169,1.09e-77,239,86.08
5kng,CAQ52958.1,79.747,158,32,0,1,158,12,169,1.27e-77,239,85.44
5kng,5AAO_A,79.114,158,33,0,1,158,12,169,2.25e-77,238,84.18
5kng,2QYJ_A,82.581,155,27,0,1,155,12,166,3.15e-77,238,86.45
4j7w,9DB5_A,100.000,157,0,0,1,157,79,235,2.67e-104,308,100.00
4j7w,4J7W_A,100.000,157,0,0,1,157,13,169,3.35e-104,306,100.00
4j7w,9DP8_A,100.000,157,0,0,1,157,91,247,1.02e-103,308,100.00
4j7w,7N2B_A,100.000,157,0,0,1,157,260,416,5.74e-103,312,100.00
4j7w,9DAM_A,100.000,156,0,0,2,157,88,243,6.70e-103,305,100.00
4j7w,9E4Q_A,100.000,157,0,0,1,157,250,406,7.02e-103,311,100.00
4j7w,4J8Y_A,98.726,157,2,0,1,157,13,169,1.11e-102,302,98.73
4j7w,AAO25689.1,99.351,154,1,0,1,154,13,166,3.74e-101,298,99.35
4j7w,AAQ93810.1,87.261,157,20,0,1,157,13,169,2.32e-88,266,92.99
4j7w,6GVM_D,87.261,157,20,0,1,157,13,169,4.73e-87,263,91.72
4j7w,6S8L_F,87.898,157,19,0,1,157,1,157,7.56e-87,261,89.81
4j7w,6BBN_P,87.898,157,19,0,1,157,12,168,7.82e-87,262,89.81
4j7w,4DRX_E,87.898,157,19,0,1,157,13,169,9.43e-87,262,89.81
4j7w,5EIB_E,87.898,157,19,0,1,157,13,169,9.75e-87,262,89.81
4j7w,AFI09263.1,87.261,157,20,0,1,157,13,169,1.24e-86,261,89.81
4j7w,4DUI_A,87.898,157,19,0,1,157,13,169,1.30e-86,261,89.81
4j7w,7ALR_F,87.898,157,19,0,1,157,24,180,1.37e-86,262,89.81
4j7w,3NOC_D,87.261,157,20,0,1,157,13,169,1.60e-86,261,90.45
4j7w,2Y1L_E,86.624,157,21,0,1,157,13,169,1.90e-86,261,91.08
4j7w,3NOG_D,86.624,157,21,0,1,157,13,169,6.72e-86,259,91.72
4j7w,AFI09259.1,87.261,157,20,0,1,157,13,169,8.36e-86,259,88.54
4j7w,AFI09261.1,86.624,157,21,0,1,157,13,169,1.06e-85,259,90.45
4j7w,6S8K_F,87.742,155,19,0,1,155,1,155,1.49e-85,258,89.68
4j7w,2QYJ_A,87.662,154,19,0,1,154,13,166,1.84e-85,258,88.96
4j7w,5OOU_A,87.821,156,19,0,1,156,13,168,2.29e-85,258,89.74
4j7w,CAQ52952.1,85.350,157,23,0,1,157,13,169,4.57e-85,258,89.81
4j7w,6MOE_A,87.013,154,20,0,1,154,4,157,5.33e-85,257,91.56
4j7w,6H46_B,86.452,155,21,0,1,155,2,156,6.35e-85,257,90.97
4j7w,5MLA_B,87.179,156,20,0,1,156,23,178,8.69e-85,258,90.38
4j7w,AFI09262.1,86.624,157,21,0,1,157,13,169,1.10e-84,256,90.45
4j7w,5MAD_A,86.624,157,20,1,1,157,5,160,1.11e-84,256,91.08
4j7w,5MLB_B,87.179,156,20,0,1,156,23,178,1.13e-84,257,89.74
4j7w,CAQ52949.1,87.261,157,20,0,1,157,13,169,1.23e-84,256,87.90
4j7w,5EYL_A,85.987,157,22,0,1,157,13,169,1.56e-84,256,88.54
4j7w,CAQ52956.1,85.350,157,23,0,1,157,13,169,1.72e-84,256,89.17
4j7w,2BKK_B,84.713,157,24,0,1,157,13,169,2.42e-84,256,89.17
4j7w,2P2C_P,87.261,157,20,0,1,157,13,169,2.42e-84,256,89.17
4j7w,5OOS_A,87.179,156,20,0,1,156,13,168,2.70e-84,256,89.10
4j7w,CAQ52950.1,87.261,157,20,0,1,157,13,169,2.70e-84,256,89.81
4j7w,7B4T_A,85.161,155,23,0,1,155,5,159,2.75e-84,255,88.39
4j7w,2XEE_A,84.516,155,24,0,1,155,1,155,7.17e-84,254,88.39
4j7w,CAQ52951.1,86.624,157,21,0,1,157,13,169,7.17e-84,254,88.54
4j7w,CAQ52955.1,84.713,157,24,0,1,157,13,169,7.57e-84,254,89.17
4j7w,5FIN_A,82.581,155,27,0,1,155,13,167,1.04e-83,254,90.97
4j7w,4LSZ_E,85.350,157,23,0,1,157,13,169,1.31e-83,254,89.81
4j7w,5OP1_A,87.179,156,20,0,1,156,13,168,1.67e-83,253,88.46
4j7w,5OYJ_A,85.350,157,23,0,1,157,13,169,1.82e-83,253,88.54
4j7w,5EYP_F,84.076,157,25,0,1,157,13,169,2.39e-83,253,88.54
4j7w,UVF58862.1,84.516,155,24,0,1,155,1,155,2.73e-83,253,89.68
4j7w,7X4N_C,84.076,157,25,0,1,157,1,157,2.77e-83,253,88.54
4j7w,4F6R_D,85.987,157,22,0,1,157,13,169,3.22e-83,253,89.17
4j7w,5MA6_B,84.516,155,24,0,1,155,5,159,3.57e-83,253,89.68
4j7w,2J8S_D,85.350,157,23,0,1,157,13,169,5.33e-83,252,89.81
4j7w,7MXI_C,86.275,153,21,0,2,154,21,173,5.59e-83,252,91.50
4j7w,AAQ93811.1,84.713,157,24,0,1,157,13,169,6.42e-83,252,89.81
4j7w,5OOV_A,86.538,156,21,0,1,156,13,168,7.16e-83,252,88.46
4j7w,CAQ52958.1,84.076,157,25,0,1,157,13,169,7.74e-83,252,88.54
4j7w,6S9S_F,84.516,155,24,0,1,155,39,193,1.15e-82,253,89.68
4j7w,CAQ52948.1,85.350,157,23,0,1,157,13,169,1.40e-82,251,87.26
4j7w,7B4W_A,84.516,155,24,0,1,155,2,156,1.44e-82,251,87.10
4j7w,7Z72_B,83.871,155,25,0,1,155,3,157,1.56e-82,251,87.74
4j7w,3ZU7_B,85.987,157,22,0,1,157,13,169,1.99e-82,251,87.90
4j7w,AFI09265.1,84.713,157,24,0,1,157,13,169,2.29e-82,251,87.90
4j7w,7ZYU_B,83.871,155,25,0,1,155,3,157,2.87e-82,250,88.39
4j7w,7DNF_A,85.987,157,22,0,1,157,13,169,3.15e-82,250,86.62
4j7w,UVF58855.1,85.806,155,22,0,1,155,15,169,3.67e-82,251,88.39
4j7w,7Z7E_B,83.871,155,25,0,1,155,3,157,3.76e-82,250,89.03
4j7w,6FP7_B,84.516,155,24,0,1,155,5,159,4.12e-82,250,87.74
4j7w,AAO25690.1,86.364,154,21,0,1,154,13,166,4.13e-82,250,88.31
4j7w,AFI09266.1,84.713,157,24,0,1,157,13,169,4.99e-82,250,88.54
4j7w,4HRM_B,83.871,155,25,0,1,155,13,167,5.28e-82,250,89.03
4j7w,5H76_A,85.621,153,21,1,1,153,5,156,6.72e-82,251,92.16
4j7w,6H47_B,82.692,156,27,0,1,156,23,178,7.06e-82,250,88.46
4j7w,7TYZ_B,85.161,155,23,0,1,155,69,223,7.59e-82,251,88.39
4j7w,6FP8_B,84.516,155,24,0,1,155,15,169,9.52e-82,249,87.74
4j7w,6MWQ_A,86.624,157,21,0,1,157,4,160,1.55e-81,259,87.90
4j7w,6NHT_A,84.314,153,24,0,3,155,165,317,1.72e-81,254,89.54
4j7w,2V5Q_C,84.768,151,23,0,1,151,13,163,1.76e-81,248,91.39
4j7w,3Q9N_C,85.065,154,23,0,1,154,5,158,1.92e-81,248,87.66
4j7w,6FPA_A,83.226,155,26,0,1,155,5,159,2.07e-81,248,87.74
4j7w,UVF58850.1,83.333,156,25,1,1,155,15,170,2.37e-81,249,87.18
4j7w,2XEH_A,82.581,155,27,0,1,155,1,155,2.56e-81,248,87.10
4j7w,8P9C_C,84.516,155,24,0,1,155,3,157,2.74e-81,248,86.45
4j7w,5OOY_A,85.256,156,23,0,1,156,13,168,2.76e-81,248,88.46
4j7w,8DW2_A,84.967,153,23,0,3,155,1,153,3.79e-81,247,88.24
4j7w,6C9K_A,85.350,157,23,0,1,157,163,319,3.99e-81,253,87.90
4j7w,5MAK_A,84.516,155,24,0,1,155,5,159,5.06e-81,252,89.68
4j7w,5MAK_A,77.519,129,28,1,27,155,169,296,1.54e-57,192,86.82
4j7w,5MA3_A,84.516,155,24,0,1,155,5,159,5.74e-81,252,89.68
4j7w,5MA3_A,77.519,129,28,1,27,155,173,300,1.72e-57,192,86.82
4j7w,9G8I_A,83.007,153,26,0,1,153,1,153,6.20e-81,246,89.54
4j7w,5MA9_A,84.516,155,24,0,1,155,8,162,6.24e-81,252,89.68
4j7w,5MA9_A,77.519,129,28,1,27,155,176,303,1.77e-57,192,86.82
4j7w,4ATZ_D,83.766,154,25,0,1,154,1,154,6.77e-81,246,88.96
4j7w,5MA4_A,84.516,155,24,0,1,155,5,159,6.79e-81,251,89.68
4j7w,5MA4_A,77.519,129,28,1,27,155,169,296,2.06e-56,189,86.05
4j7w,5MA5_A,84.516,155,24,0,1,155,5,159,8.41e-81,251,89.68
4j7w,5MA5_A,78.295,129,27,1,27,155,173,300,1.38e-56,190,86.05
4j7w,5LW2_A,83.439,157,26,0,1,157,13,169,9.31e-81,246,87.26
4j7w,6MOF_A,85.065,154,23,0,1,154,4,157,1.12e-80,246,88.31
4j7w,7DNE_A,83.439,157,26,0,1,157,1,157,1.21e-80,246,87.26
4j7w,7Z7C_A,83.871,155,25,0,1,155,3,157,1.44e-80,246,87.10
4j7w,6OB5_C,81.290,155,29,0,1,155,10,164,1.77e-80,246,89.03
4j7w,5OP3_A,85.897,156,22,0,1,156,13,168,2.03e-80,246,88.46
4j7w,UVF58859.1,82.581,155,27,0,1,155,15,169,2.66e-80,246,87.10
8u5a,8U5A_A,100.000,149,0,0,1,149,4,152,4.93e-97,287,100.00
8u5a,XP_006170382.1,41.216,148,84,2,1,148,4,148,1.46e-22,98.6,62.16
8u5a,XP_006170381.1,41.216,148,84,2,1,148,4,148,1.55e-22,98.6,62.16
8u5a,Q0KIY6.3,42.568,148,82,2,1,148,4,148,2.60e-22,97.8,60.81
8u5a,AFN89857.1,41.447,152,78,4,1,148,4,148,3.19e-22,97.8,60.53
8u5a,XP_024599230.1,42.568,148,82,2,1,148,4,148,3.88e-22,97.4,60.14
8u5a,P02182.2,41.892,148,83,2,1,148,4,148,3.92e-22,97.4,61.49
8u5a,XP_069908949.1,41.216,148,84,2,1,148,4,148,4.00e-22,97.4,60.81
8u5a,P02181.2,41.892,148,83,2,1,148,4,148,4.14e-22,97.4,60.81
8u5a,XP_058936780.1,42.568,148,82,2,1,148,4,148,5.72e-22,97.1,60.81
8u5a,AMN15042.1,41.892,148,83,2,1,148,4,148,5.78e-22,97.1,60.14
8u5a,XP_022455612.1,41.892,148,83,2,1,148,4,148,6.04e-22,97.1,60.14
8u5a,XP_029061405.1,41.892,148,83,2,1,148,4,148,6.10e-22,97.1,60.14
8u5a,NWS68246.1,37.162,148,90,2,1,148,4,148,7.02e-22,96.7,62.84
8u5a,XP_048205413.1,41.216,148,84,2,1,148,4,148,7.18e-22,96.7,60.81
8u5a,XP_040846958.1,40.132,152,80,4,1,148,4,148,7.41e-22,96.7,61.18
8u5a,7CEZ_A,41.216,148,84,2,1,148,4,148,8.44e-22,96.7,60.81
8u5a,XP_026964057.1,41.892,148,83,2,1,148,4,148,8.72e-22,96.7,60.14
8u5a,XP_004456468.1,42.657,143,75,4,8,148,11,148,8.91e-22,96.7,62.94
8u5a,AFX00022.1,40.132,152,80,4,1,148,4,148,9.93e-22,96.3,61.18
8u5a,QVE54716.1,42.553,141,78,2,8,148,11,148,1.03e-21,96.3,61.70
8u5a,XP_004589610.2,40.132,152,80,4,1,148,4,148,1.05e-21,96.3,61.18
8u5a,Q6PL31.3,40.132,152,80,4,1,148,4,148,1.08e-21,96.3,61.18
8u5a,XP_007456317.1,41.216,148,84,2,1,148,4,148,1.11e-21,96.3,60.14
8u5a,1A6K_A,41.892,148,83,2,1,148,3,147,1.13e-21,96.3,60.14
8u5a,XP_062057964.1,40.541,148,85,2,1,148,4,148,1.17e-21,96.3,60.81
8u5a,XP_030711254.1,41.216,148,84,2,1,148,4,148,1.18e-21,96.3,60.14
8u5a,NP_001277651.1,41.892,148,83,2,1,148,4,148,1.21e-21,96.3,60.14
8u5a,104M_A,41.892,148,83,2,1,148,3,147,1.24e-21,96.3,60.14
8u5a,XP_061060968.1,41.216,148,84,2,1,148,4,148,1.27e-21,96.3,60.14
8u5a,Q0KIY9.3,41.216,148,84,2,1,148,4,148,1.39e-21,95.9,61.49
8u5a,109M_A,41.892,148,83,2,1,148,4,148,1.42e-21,95.9,59.46
8u5a,742482A,41.892,148,83,2,1,148,3,147,1.56e-21,95.9,59.46
8u5a,1A6G_A,41.892,148,83,2,1,148,3,147,1.59e-21,95.9,59.46
8u5a,XP_004286254.1,41.216,148,84,2,1,148,4,148,1.60e-21,95.9,60.14
8u5a,NWH66724.1,36.486,148,91,2,1,148,4,148,1.60e-21,95.9,62.16
8u5a,QVE54709.1,39.865,148,86,2,1,148,4,148,1.61e-21,95.9,61.49
8u5a,XP_061060967.1,41.216,148,84,2,1,148,24,168,1.66e-21,96.3,60.14
8u5a,AFN89860.1,40.132,152,80,4,1,148,4,148,1.72e-21,95.9,60.53
8u5a,P02184.2,41.892,148,83,2,1,148,4,148,1.80e-21,95.9,60.81
8u5a,AMN15044.1,41.892,148,83,2,1,148,4,148,1.90e-21,95.5,60.14
8u5a,1CIO_A,41.216,148,84,2,1,148,4,148,2.26e-21,95.5,59.46
8u5a,1MLM_A,41.216,148,84,2,1,148,4,148,2.36e-21,95.5,59.46
8u5a,3RGK_A,40.541,148,85,2,1,148,3,147,2.37e-21,95.5,59.46
8u5a,XP_045868724.1,40.541,148,85,2,1,148,4,148,2.41e-21,95.5,61.49
8u5a,KAI5765099.1,40.541,148,85,2,1,148,4,148,2.41e-21,95.5,61.49
8u5a,5YCI_A,40.541,148,85,2,1,148,7,151,2.52e-21,95.5,60.14
8u5a,NWH75225.1,36.486,148,91,2,1,148,4,148,2.57e-21,95.5,62.84
8u5a,XP_032692617.1,41.216,148,84,2,1,148,4,148,2.65e-21,95.1,61.49
8u5a,8KFH_A,41.892,148,83,2,1,148,20,164,2.71e-21,95.9,59.46
8u5a,XP_007165766.1,42.254,142,79,2,7,148,10,148,2.83e-21,95.1,61.27
8u5a,3A2G_A,41.892,148,83,2,1,148,4,148,3.02e-21,95.1,59.46
8u5a,AMN15049.1,42.254,142,79,2,7,148,10,148,3.12e-21,95.1,60.56
8u5a,XP_036722853.1,40.541,148,85,2,1,148,4,148,3.16e-21,95.1,60.81
8u5a,XP_061060966.1,41.216,148,84,2,1,148,34,178,3.16e-21,95.9,60.14
8u5a,1J3F_A,41.216,148,84,2,1,148,4,148,3.26e-21,95.1,59.46
8u5a,2SPO_A,41.216,148,84,2,1,148,4,148,3.26e-21,95.1,59.46
8u5a,1CO9_A,41.216,148,84,2,1,148,4,148,3.26e-21,95.1,59.46
8u5a,QVE54721.1,39.865,148,86,2,1,148,4,148,3.26e-21,95.1,60.81
8u5a,4QAU_A,41.216,148,84,2,1,148,4,148,3.29e-21,95.1,60.14
8u5a,5B85_A,41.216,148,84,2,1,148,3,147,3.54e-21,95.1,60.14
8u5a,XP_047598498.1,41.216,148,84,2,1,148,4,148,3.67e-21,95.1,61.49
8u5a,XP_042549218.1,39.865,148,86,2,1,148,4,148,3.79e-21,94.7,61.49
8u5a,XP_059969141.1,40.541,148,85,2,1,148,4,148,3.87e-21,94.7,60.81
8u5a,XP_008841310.1,39.189,148,87,2,1,148,4,148,3.92e-21,94.7,61.49
8u5a,XP_069855489.1,39.865,148,86,2,1,148,4,148,4.18e-21,94.7,61.49
8u5a,AGM75769.1,40.541,148,85,2,1,148,4,148,4.32e-21,94.7,60.81
8u5a,4OF9_A,41.216,148,84,2,1,148,3,147,4.54e-21,94.7,59.46
8u5a,1CP5_A,41.216,148,84,2,1,148,4,148,4.81e-21,94.7,58.78
8u5a,1CH2_A,41.216,148,84,2,1,148,4,148,4.81e-21,94.7,58.78
8u5a,1JDO_A,41.216,148,84,2,1,148,4,148,4.81e-21,94.7,58.78
8u5a,Q0KIY3.3,41.216,148,84,2,1,148,4,148,5.13e-21,94.7,60.14
8u5a,QVE54719.1,39.189,148,87,2,1,148,4,148,5.42e-21,94.4,60.81
8u5a,QVE54722.1,39.865,148,86,2,1,148,4,148,5.42e-21,94.4,60.81
8u5a,C0HKB7.1,39.865,148,86,2,1,148,4,148,5.42e-21,94.4,61.49
8u5a,5XKV_A,41.216,148,84,2,1,148,3,147,5.51e-21,94.4,60.14
8u5a,R9RZK8.1,40.541,148,85,2,1,148,4,148,5.53e-21,94.4,60.14
8u5a,XP_020029521.1,40.541,148,85,2,1,148,4,148,5.66e-21,94.4,61.49
8u5a,1MLQ_A,41.216,148,84,2,1,148,4,148,5.66e-21,94.4,59.46
8u5a,XP_062931281.1,39.189,148,87,2,1,148,4,148,5.78e-21,94.4,59.46
8u5a,XP_006074486.1,39.189,148,87,2,1,148,4,148,5.90e-21,94.4,60.14
8u5a,P02178.2,40.541,148,85,2,1,148,4,148,5.97e-21,94.4,60.81
8u5a,7DDR_A,39.865,148,86,2,1,148,4,148,6.03e-21,94.4,61.49
8u5a,XP_012880295.1,39.865,148,86,2,1,148,4,148,6.17e-21,94.4,60.81
8u5a,2OHA_A,41.216,148,84,2,1,148,4,148,6.23e-21,94.4,59.46
8u5a,VCW91177.1,42.466,146,73,4,7,148,71,209,6.27e-21,95.9,61.64
8u5a,QVE54708.1,39.865,148,86,2,1,148,4,148,6.58e-21,94.4,60.81
8u5a,2BLH_A,41.216,148,84,2,1,148,3,147,6.69e-21,94.4,58.78
8u5a,XP_022374655.1,41.216,148,84,2,1,148,4,148,6.87e-21,94.4,61.49
8u5a,1DO1_A,41.216,148,84,2,1,148,4,148,6.87e-21,94.4,58.78
8u5a,1CH3_A,41.216,148,84,2,1,148,4,148,7.33e-21,94.4,58.78
8u5a,1LTW_A,41.216,148,84,2,1,148,4,148,7.33e-21,94.4,58.78
8u5a,1CPW_A,41.216,148,84,2,1,148,4,148,7.33e-21,94.4,58.78
8u5a,AAX84516.1,39.189,148,87,2,1,148,4,148,7.41e-21,94.0,59.46
8u5a,1MLF_A,41.216,148,84,2,1,148,4,148,7.57e-21,94.0,58.78
8u5a,XP_022374654.1,41.216,148,84,2,1,148,13,157,7.85e-21,94.4,61.49
8u5a,2OH8_A,41.892,148,83,2,1,148,4,148,8.25e-21,94.0,58.78
8u5a,5B84_A,41.216,148,84,2,1,148,3,147,8.67e-21,94.0,59.46
8u5a,5XKW_A,40.541,148,85,2,1,148,3,147,9.25e-21,94.0,60.14
8u5a,106M_A,41.216,148,84,2,1,148,4,148,9.50e-21,94.0,58.78
6fp9,6FP8_B,100.000,171,0,0,1,171,12,182,2.02e-116,338,100.00
6fp9,6FP7_B,100.000,162,0,0,2,163,3,164,1.14e-109,320,100.00
6fp9,UVF58854.1,90.000,170,17,0,2,171,13,182,7.49e-98,291,91.18
6fp9,6FPA_A,91.975,162,13,0,2,163,3,164,1.70e-97,289,93.83
6fp9,8TYQ_B,90.000,170,17,0,2,171,13,182,9.97e-97,288,92.35
6fp9,UVF58852.1,88.824,170,19,0,2,171,13,182,3.80e-95,284,92.35
6fp9,UVF58855.1,87.647,170,21,0,2,171,13,182,4.05e-95,284,90.00
6fp9,UVF58853.1,87.647,170,21,0,2,171,13,182,3.75e-94,281,90.00
6fp9,UVF58850.1,88.304,171,19,1,2,171,13,183,1.78e-93,280,89.47
6fp9,UVF58859.1,88.235,170,20,0,2,171,13,182,2.34e-93,280,89.41
6fp9,7B4W_A,90.062,161,16,0,3,163,1,161,1.39e-92,277,90.68
6fp9,7Z7C_A,89.506,162,17,0,2,163,1,162,1.77e-92,276,90.74
6fp9,7ZYU_B,89.506,162,17,0,2,163,1,162,9.08e-91,272,91.36
6fp9,7B4T_A,88.889,162,18,0,2,163,3,164,1.37e-90,272,90.74
6fp9,UVF58851.1,87.135,171,21,1,2,171,13,183,7.40e-90,271,88.30
6fp9,6S9S_F,90.123,162,16,0,2,163,37,198,1.02e-89,271,91.36
6fp9,7Z7E_B,89.308,159,17,0,2,160,1,159,6.95e-89,267,91.19
6fp9,5FIN_A,85.802,162,23,0,2,163,11,172,1.70e-88,267,89.51
6fp9,4K5B_A,88.679,159,18,0,2,160,11,169,1.79e-88,267,91.82
6fp9,4HRM_B,88.272,162,19,0,2,163,11,172,2.52e-88,266,90.74
6fp9,7Z71_B,87.421,159,20,0,2,160,1,159,4.11e-88,265,90.57
6fp9,5MA6_B,87.421,159,20,0,2,160,3,161,1.64e-87,264,92.45
6fp9,9GNB_B,89.375,160,16,1,2,160,1,160,2.54e-87,263,90.62
6fp9,8P9C_C,86.792,159,21,0,2,160,1,159,7.03e-87,262,89.94
6fp9,6GCU_C,87.730,163,19,1,2,163,11,173,1.44e-86,262,88.96
6fp9,UVF58862.1,87.261,157,20,0,4,160,1,157,4.94e-86,260,92.36
6fp9,7Z72_B,86.164,159,22,0,2,160,1,159,7.93e-86,259,89.31
6fp9,5OP1_A,85.350,157,23,0,2,158,11,167,2.10e-85,259,87.90
6fp9,5MAK_A,87.421,159,20,0,2,160,3,161,3.45e-85,263,92.45
6fp9,5MAK_A,83.206,131,21,1,30,160,169,298,2.38e-61,202,86.26
6fp9,5MA5_A,87.421,159,20,0,2,160,3,161,3.59e-85,263,92.45
6fp9,5MA5_A,82.443,131,22,1,30,160,173,302,3.71e-60,199,85.50
6fp9,5MA4_A,87.421,159,20,0,2,160,3,161,3.60e-85,263,92.45
6fp9,5MA4_A,83.206,131,21,1,30,160,169,298,2.52e-60,200,85.50
6fp9,5MA9_A,87.421,159,20,0,2,160,6,164,3.66e-85,263,92.45
6fp9,5MA9_A,83.206,131,21,1,30,160,176,305,2.45e-61,202,86.26
6fp9,5MA3_A,87.421,159,20,0,2,160,3,161,3.92e-85,263,92.45
6fp9,5MA3_A,83.206,131,21,1,30,160,173,302,2.67e-61,202,86.26
6fp9,4HRL_A,86.420,162,21,1,2,163,11,171,5.65e-85,258,88.89
6fp9,AFI09266.1,84.076,157,25,0,2,158,11,167,6.72e-85,258,90.45
6fp9,8AED_A,85.185,162,24,0,2,163,1,162,8.13e-85,257,87.65
6fp9,2P2C_P,85.350,157,23,0,2,158,11,167,8.36e-85,258,90.45
6fp9,AFI09262.1,84.713,157,24,0,2,158,11,167,1.74e-84,257,89.81
6fp9,4K5A_B,86.792,159,21,0,2,160,11,169,2.64e-84,256,86.79
6fp9,2XEE_A,87.261,157,20,0,4,160,1,157,4.88e-84,255,88.54
6fp9,2XEE_A,58.696,92,38,0,78,169,9,100,1.84e-18,89.0,67.39
6fp9,3NOG_D,84.713,157,24,0,2,158,11,167,5.39e-84,255,89.17
6fp9,6NHT_A,87.097,155,20,0,6,160,165,319,5.64e-84,261,92.26
6fp9,5KNG_A,84.713,157,24,0,2,158,11,167,7.25e-84,255,88.54
6fp9,7TXD_J,85.185,162,24,0,2,163,19,180,1.51e-83,255,87.65
6fp9,AAQ93810.1,83.439,157,26,0,2,158,11,167,2.42e-83,254,89.81
6fp9,AAO25689.1,85.256,156,23,0,2,157,11,166,2.52e-83,254,88.46
6fp9,4J8Y_A,84.713,157,24,0,2,158,11,167,2.85e-83,254,87.90
6fp9,6BBN_P,84.713,157,24,0,2,158,10,166,3.63e-83,253,89.17
6fp9,5OOU_A,84.076,157,25,0,2,158,11,167,3.83e-83,253,87.90
6fp9,4J7W_A,84.713,157,24,0,2,158,11,167,3.88e-83,253,87.90
6fp9,AAO25690.1,83.974,156,25,0,2,157,11,166,4.36e-83,253,88.46
6fp9,4DRX_E,84.713,157,24,0,2,158,11,167,4.57e-83,253,89.17
6fp9,3NOC_D,84.076,157,25,0,2,158,11,167,4.88e-83,253,87.90
6fp9,AFI09261.1,84.076,157,25,0,2,158,11,167,5.04e-83,253,89.17
6fp9,5OP3_A,84.713,157,24,0,2,158,11,167,5.75e-83,253,89.17
6fp9,7ALR_F,84.713,157,24,0,2,158,22,178,7.07e-83,253,89.17
6fp9,2J8S_D,83.439,157,26,0,2,158,11,167,8.17e-83,253,90.45
6fp9,2J8S_D,58.696,92,38,0,78,169,21,112,9.56e-21,95.1,69.57
6fp9,4DUI_A,84.713,157,24,0,2,158,11,167,1.16e-82,252,89.17
6fp9,5MAD_A,84.713,157,23,1,2,158,3,158,1.28e-82,251,89.17
6fp9,7DNF_A,82.803,157,27,0,2,158,11,167,1.43e-82,252,87.90
6fp9,5AQ8_A,82.530,166,29,0,2,167,11,176,1.58e-82,261,86.75
6fp9,5AQB_A,82.353,170,29,1,2,171,11,179,2.34e-82,260,84.71
6fp9,5OOS_A,83.439,157,26,0,2,158,11,167,2.41e-82,251,87.90
6fp9,AFI09263.1,83.439,157,26,0,2,158,11,167,2.79e-82,251,88.54
6fp9,AFI09263.1,56.383,94,41,0,78,171,21,114,2.29e-19,91.7,68.09
6fp9,8DW3_A,82.166,157,28,0,6,162,1,157,2.99e-82,251,88.54
6fp9,5OOV_A,83.439,157,26,0,2,158,11,167,3.11e-82,251,87.90
6fp9,2BKK_B,82.166,157,28,0,2,158,11,167,3.11e-82,251,87.26
6fp9,6MOE_A,82.390,159,28,0,2,160,2,160,5.32e-82,250,88.05
6fp9,5MLB_B,83.871,155,25,0,4,158,23,177,6.11e-82,251,88.39
6fp9,5MLA_B,84.516,155,24,0,4,158,23,177,6.58e-82,251,89.03
6fp9,5OYJ_A,82.803,157,27,0,2,158,11,167,7.98e-82,250,87.90
6fp9,4YDW_A,84.713,157,24,0,2,158,11,167,9.72e-82,250,87.90
6fp9,6MWQ_A,84.076,157,25,0,2,158,2,158,1.17e-81,260,90.45
6fp9,6S8L_F,84.516,155,24,0,4,158,1,155,1.49e-81,249,89.03
6fp9,6S8K_F,84.516,155,24,0,4,158,1,155,1.54e-81,249,89.03
6fp9,6H46_B,83.871,155,25,0,4,158,2,156,1.72e-81,249,89.68
6fp9,5EIB_E,84.516,155,24,0,4,158,13,167,2.03e-81,249,89.03
6fp9,6GVM_D,83.439,157,26,0,2,158,11,167,2.12e-81,249,88.54
6fp9,3ZU7_B,84.713,157,24,0,2,158,11,167,2.19e-81,249,87.26
6fp9,AAQ93811.1,83.439,157,26,0,2,158,11,167,2.52e-81,249,88.54
6fp9,2QYJ_A,83.974,156,25,0,2,157,11,166,2.54e-81,248,87.82
6fp9,2QYJ_A,58.696,92,38,0,78,169,21,112,1.48e-18,89.4,67.39
6fp9,CAQ52950.1,83.439,157,26,0,2,158,11,167,3.14e-81,248,88.54
6fp9,2XEH_A,85.350,157,23,0,4,160,1,157,4.27e-81,248,87.26
6fp9,2XEH_A,58.696,92,38,0,78,169,9,100,1.69e-18,89.0,67.39
6fp9,5EYL_A,83.439,157,26,0,2,158,11,167,4.61e-81,248,87.90
6fp9,6QEV_B,88.050,159,19,0,4,162,1191,1349,5.16e-81,273,89.31
6fp9,4F6R_D,84.076,157,25,0,2,158,11,167,5.31e-81,248,87.26
6fp9,AFI09265.1,81.529,157,29,0,2,158,11,167,5.43e-81,248,87.90
6fp9,4K5C_A,80.925,173,19,2,2,160,11,183,7.30e-81,248,82.08
6fp9,AFI09259.1,83.439,157,26,0,2,158,11,167,7.38e-81,248,87.90
6fp9,CAQ52949.1,83.439,157,26,0,2,158,11,167,7.71e-81,248,88.54
6fp9,9G8I_A,86.275,153,21,0,4,156,1,153,8.59e-81,247,88.89
6fp9,9G8I_A,61.728,81,31,0,78,158,9,89,2.76e-18,88.2,71.60
6fp9,2Y1L_E,82.803,157,27,0,2,158,11,167,9.92e-81,247,87.90
6fp9,5LW2_A,80.255,157,31,0,2,158,11,167,1.42e-80,247,87.90
6fp9,9F22_B,83.333,156,26,0,2,157,1,156,1.83e-80,246,87.82
6fp9,2V5Q_C,81.410,156,29,0,2,157,11,166,5.36e-80,245,87.82
6fp9,5LEL_A,83.019,159,27,0,2,160,11,169,5.85e-80,251,89.31
6fp9,5LEL_A,82.692,156,27,0,5,160,170,325,8.86e-77,243,88.46
6fp9,CAQ52952.1,82.166,157,28,0,2,158,11,167,8.41e-80,245,88.54
6fp9,CAQ52952.1,59.783,92,36,1,78,168,21,112,7.04e-20,92.8,69.57
6fp9,6MOF_A,81.132,159,30,0,2,160,2,160,9.27e-80,244,86.16
6fp9,CAQ52951.1,82.803,157,27,0,2,158,11,167,1.13e-79,244,87.90
6fp9,9DB5_A,83.974,156,25,0,3,158,78,233,1.57e-79,246,87.82
4n6t,4N6T_A,100.000,79,0,0,1,79,1,79,8.52e-48,157,100.00
4n6t,XP_022029978.1,86.076,79,11,0,1,79,14,92,4.84e-41,140,91.14
4n6t,KAJ0803110.1,86.076,79,11,0,1,79,14,92,5.45e-41,140,91.14
4n6t,KAJ0609815.1,84.810,79,12,0,1,79,14,92,1.58e-40,139,91.14
4n6t,KAI3804438.1,83.544,79,13,0,1,79,14,92,1.58e-40,139,92.41
4n6t,KAI3756689.1,83.544,79,13,0,1,79,14,92,2.08e-40,139,92.41
4n6t,XP_011469485.1,83.544,79,13,0,1,79,15,93,2.50e-40,138,93.67
4n6t,XP_024176536.1,82.278,79,14,0,1,79,15,93,3.75e-40,138,93.67
4n6t,XP_058107368.1,85.714,77,11,0,1,77,13,89,9.18e-40,137,92.21
4n6t,XP_062000456.1,81.013,79,15,0,1,79,15,93,9.33e-40,137,93.67
4n6t,KAI7754371.1,83.333,78,13,0,2,79,15,92,1.54e-39,136,89.74
4n6t,KAK1293702.1,87.342,79,10,0,1,79,15,93,2.37e-39,139,91.14
4n6t,XP_024996885.1,83.117,77,13,0,1,77,14,90,2.57e-39,136,90.91
4n6t,KAK1317881.1,88.312,77,9,0,1,77,15,91,5.72e-39,139,92.21
4n6t,KAI3504041.1,82.278,79,14,0,1,79,13,91,5.94e-39,135,89.87
4n6t,KAK1277202.1,88.312,77,9,0,1,77,15,91,6.38e-39,139,92.21
4n6t,XP_048629452.1,85.897,78,11,0,1,78,43,120,6.85e-39,138,92.31
4n6t,KAI3692825.1,79.747,79,16,0,1,79,14,92,1.28e-38,134,91.14
4n6t,XP_023735425.1,82.278,79,14,0,1,79,14,92,1.38e-38,134,88.61
4n6t,XP_062001085.1,78.481,79,17,0,1,79,15,93,1.80e-38,134,92.41
4n6t,CAI9277629.1,82.278,79,14,0,1,79,14,92,1.85e-38,134,88.61
4n6t,KAD4178197.1,78.481,79,17,0,1,79,14,92,1.87e-38,134,88.61
4n6t,Q10992.1,84.416,77,12,0,3,79,1,77,2.16e-38,133,90.91
4n6t,AAC37479.1,85.897,78,11,0,1,78,14,91,2.16e-38,137,92.31
4n6t,KAK1278978.1,84.810,79,12,0,1,79,41,119,2.22e-38,138,89.87
4n6t,AFW97773.1,85.897,78,11,0,1,78,14,91,2.24e-38,137,92.31
4n6t,AWB97031.1,84.416,77,12,0,1,77,42,118,2.30e-38,135,94.81
4n6t,XP_048626701.1,85.897,78,11,0,1,78,14,91,2.37e-38,137,92.31
4n6t,XP_031495821.1,82.278,79,14,0,1,79,34,112,2.43e-38,137,92.41
4n6t,KAF3790087.1,82.278,79,14,0,1,79,34,112,2.63e-38,137,92.41
4n6t,KAG2246086.1,85.897,78,11,0,1,78,14,91,2.65e-38,137,92.31
4n6t,KAK6153188.1,81.013,79,15,0,1,79,14,92,2.69e-38,133,89.87
4n6t,KAI4386194.1,78.481,79,17,0,1,79,14,92,2.88e-38,133,91.14
4n6t,CAG7890419.1,85.897,78,11,0,1,78,44,121,2.93e-38,137,92.31
4n6t,KAL2926617.1,79.747,79,16,0,1,79,14,92,3.12e-38,133,89.87
4n6t,KAK6164001.1,81.013,79,15,0,1,79,14,92,3.20e-38,133,89.87
4n6t,CAL9078852.1,84.211,76,12,0,2,77,42,117,3.35e-38,134,93.42
4n6t,XP_057515532.1,82.278,79,14,0,1,79,14,92,3.46e-38,133,89.87
4n6t,PIA53212.1,84.416,77,12,0,1,77,55,131,3.68e-38,135,93.51
4n6t,MBA0813569.1,81.818,77,14,0,1,77,17,93,3.87e-38,134,93.51
4n6t,URD90501.1,84.211,76,12,0,2,77,32,107,4.09e-38,133,93.42
4n6t,XP_068661878.1,82.278,79,14,0,1,79,47,125,4.11e-38,137,93.67
4n6t,PPS02845.1,81.818,77,14,0,1,77,17,93,4.75e-38,133,93.51
4n6t,XP_013611477.1,85.897,78,11,0,1,78,43,120,4.91e-38,137,92.31
4n6t,XP_022569154.1,85.897,78,11,0,1,78,43,120,5.13e-38,137,92.31
4n6t,PIA53214.1,84.416,77,12,0,1,77,55,131,5.15e-38,134,93.51
4n6t,KAL0837869.1,85.897,78,11,0,1,78,43,120,5.30e-38,137,92.31
4n6t,CAF2079528.1,85.897,78,11,0,1,78,43,120,5.30e-38,137,92.31
4n6t,XP_048324575.1,79.747,79,16,0,1,79,14,92,5.40e-38,133,93.67
4n6t,KAF3604406.1,85.897,78,11,0,1,78,43,120,6.29e-38,137,92.31
4n6t,XP_052171878.1,82.051,78,14,0,2,79,15,92,7.82e-38,132,91.03
4n6t,KAL2941334.1,79.747,79,16,0,1,79,14,92,7.93e-38,132,89.87
4n6t,KAG8388890.1,79.221,77,16,0,1,77,14,90,7.96e-38,132,92.21
4n6t,KAK2967811.1,79.747,79,16,0,1,79,14,92,8.44e-38,132,89.87
4n6t,KAK9266657.1,84.416,77,12,0,1,77,52,128,9.68e-38,134,89.61
4n6t,XP_009759630.1,78.481,79,17,0,1,79,14,92,1.00e-37,132,91.14
4n6t,XP_064943420.1,84.211,76,12,0,2,77,15,90,1.01e-37,132,93.42
4n6t,KAK9273051.1,77.215,79,18,0,1,79,14,92,1.05e-37,132,91.14
4n6t,KAG0450698.1,79.747,79,16,0,1,79,14,92,1.05e-37,132,92.41
4n6t,AGX28142.1,81.818,77,14,0,1,77,14,90,1.08e-37,132,90.91
4n6t,CAI0542237.1,79.487,78,16,0,2,79,15,92,1.18e-37,132,91.03
4n6t,KAI4382159.1,74.684,79,20,0,1,79,14,92,1.25e-37,132,92.41
4n6t,XP_054798023.1,74.684,79,20,0,1,79,15,93,1.26e-37,132,91.14
4n6t,KAI3847689.1,84.416,77,12,0,1,77,50,126,1.28e-37,133,92.21
4n6t,XP_020268275.1,83.544,79,13,0,1,79,52,130,1.29e-37,136,89.87
4n6t,XP_050385290.1,82.278,79,14,0,1,79,15,93,1.32e-37,132,88.61
4n6t,XP_011620718.1,81.013,79,15,0,1,79,34,112,1.37e-37,132,88.61
4n6t,KAG1338358.1,79.747,79,16,0,1,79,14,92,1.48e-37,132,89.87
4n6t,KAI3518330.1,77.215,79,18,0,1,79,14,92,1.51e-37,131,89.87
4n6t,AGX28139.1,81.818,77,14,0,1,77,14,90,1.53e-37,132,92.21
4n6t,KAJ8493839.1,83.544,79,13,0,1,79,15,93,1.58e-37,135,92.41
4n6t,XP_056168860.1,77.215,79,18,0,1,79,17,95,1.62e-37,132,92.41
4n6t,XP_055818792.1,77.215,79,18,0,1,79,14,92,1.72e-37,131,91.14
4n6t,KAL1204779.1,84.615,78,12,0,1,78,49,126,1.78e-37,135,92.31
4n6t,KAI3723698.1,75.949,79,19,0,1,79,14,92,2.03e-37,131,89.87
4n6t,DAD42982.1,82.278,79,14,0,1,79,52,130,2.04e-37,135,92.41
4n6t,KAL0900298.1,84.615,78,12,0,1,78,14,91,2.05e-37,134,91.03
4n6t,GAB2211959.1,79.221,77,16,0,1,77,14,90,2.05e-37,131,90.91
4n6t,KAJ6852318.1,84.810,79,12,0,1,79,55,133,2.18e-37,135,91.14
4n6t,KAL1802683.1,80.769,78,15,0,1,78,12,89,2.19e-37,131,89.74
4n6t,KAK4278823.1,78.481,79,17,0,1,79,15,93,2.21e-37,131,91.14
4n6t,XP_021843379.1,80.769,78,15,0,2,79,15,92,2.25e-37,131,89.74
4n6t,KAK3034683.1,83.117,77,13,0,1,77,15,91,2.26e-37,134,93.51
4n6t,KAH6836976.1,79.487,78,16,0,2,79,14,91,2.32e-37,131,87.18
4n6t,AUS89393.1,82.278,79,14,0,1,79,14,92,2.36e-37,131,89.87
4n6t,KAK4275781.1,79.747,79,16,0,1,79,14,92,2.44e-37,131,89.87
4n6t,ABG81097.1,78.481,79,17,0,1,79,14,92,2.58e-37,131,87.34
4n6t,KAF8109476.1,83.544,79,13,0,1,79,48,126,2.67e-37,135,91.14
4n6t,AKB91191.1,81.818,77,14,0,1,77,15,91,2.74e-37,132,92.21
4n6t,XP_010244435.1,82.278,79,14,0,1,79,52,130,2.76e-37,135,92.41
4n6t,CAK9145933.1,85.714,77,11,0,1,77,55,131,2.80e-37,135,94.81
4n6t,CAL9113629.1,83.544,79,13,0,1,79,46,124,2.81e-37,135,92.41
4n6t,KAA8537359.1,81.818,77,14,0,1,77,14,90,2.88e-37,134,94.81
4n6t,XP_009609320.1,77.215,79,18,0,1,79,14,92,2.88e-37,131,91.14
4n6t,XP_031402330.1,77.215,79,18,0,1,79,14,92,2.89e-37,131,91.14
4n6t,KAI5595973.1,81.818,77,14,0,1,77,49,125,2.99e-37,132,90.91
4n6t,XP_016489748.1,73.418,79,21,0,1,79,14,92,3.01e-37,130,94.94
4n6t,KAG2317952.1,83.333,78,13,0,1,78,14,91,3.04e-37,134,92.31
4n6t,KAG2305786.1,84.615,78,12,0,1,78,45,122,3.18e-37,135,91.03
4n6t,QLJ84891.1,84.000,75,12,0,2,76,14,88,3.23e-37,131,92.00
8ao1,8AO1_A,100.000,112,0,0,1,112,1,112,1.78e-77,234,100.00
8ao1,7AV6_A,100.000,111,0,0,2,112,28,138,9.97e-77,233,100.00
8ao1,8AO0_A,99.107,112,1,0,1,112,1,112,1.37e-76,232,99.11
8ao1,UGX62509.1,98.980,98,1,0,2,99,28,125,6.42e-66,206,100.00
8ao1,UGX62511.1,98.980,98,1,0,2,99,28,125,6.02e-63,209,100.00
8ao1,8DZX_A,90.816,98,9,0,2,99,28,125,5.50e-58,186,92.86
8ao1,8E1K_A,90.816,98,9,0,2,99,28,125,6.48e-58,185,92.86
8ao1,2I9V_A,90.816,98,9,0,2,99,28,125,8.25e-58,185,91.84
8ao1,8E09_A,90.816,98,9,0,2,99,28,125,9.31e-58,185,91.84
8ao1,1ODV_A,90.816,98,9,0,2,99,3,100,1.00e-57,184,91.84
8ao1,1D7E_A,90.816,98,9,0,2,99,25,122,1.10e-57,184,91.84
8ao1,MBK5936277.1,90.816,98,9,0,2,99,30,127,1.13e-57,185,91.84
8ao1,1XFN_A,90.816,98,9,0,2,99,16,113,1.13e-57,184,91.84
8ao1,WP_201242104.1,90.816,98,9,0,2,99,28,125,1.25e-57,184,91.84
8ao1,8E1L_A,90.816,98,9,0,2,99,28,125,1.40e-57,184,91.84
8ao1,6UMZ_A,90.816,98,9,0,2,99,31,128,1.81e-57,184,91.84
8ao1,2PYP_A,90.816,98,9,0,2,99,28,125,1.82e-57,184,91.84
8ao1,2KX6_A,90.816,98,9,0,2,99,33,130,1.85e-57,184,91.84
8ao1,6UN2_A,90.816,98,9,0,2,99,31,128,1.92e-57,184,91.84
8ao1,8DZU_A,90.816,98,9,0,2,99,28,125,2.10e-57,184,91.84
8ao1,7SJJ_A,90.816,98,9,0,2,99,28,125,2.12e-57,184,91.84
8ao1,8E03_A,90.816,98,9,0,2,99,28,125,2.14e-57,184,91.84
8ao1,6UMY_A,90.816,98,9,0,2,99,31,128,2.19e-57,184,91.84
8ao1,MBK5944135.1,89.796,98,10,0,2,99,30,127,3.95e-57,183,91.84
8ao1,1OT6_A,89.796,98,10,0,2,99,28,125,3.96e-57,183,91.84
8ao1,WP_201171625.1,89.796,98,10,0,2,99,28,125,4.72e-57,183,91.84
8ao1,1F9I_A,89.796,98,10,0,2,99,28,125,5.10e-57,183,91.84
8ao1,1GSW_A,89.796,98,10,0,2,99,28,125,6.49e-57,183,90.82
8ao1,1GSV_A,89.796,98,10,0,2,99,28,125,6.49e-57,183,90.82
8ao1,2D02_A,89.796,98,10,0,2,99,28,125,6.78e-57,183,91.84
8ao1,1F98_A,89.796,98,10,0,2,99,28,125,7.16e-57,182,90.82
8ao1,8DZY_A,89.796,98,10,0,2,99,28,125,1.11e-56,182,90.82
8ao1,8E02_A,89.796,98,10,0,2,99,28,125,1.14e-56,182,90.82
8ao1,7SPX_A,90.722,97,9,0,3,99,29,125,1.20e-56,182,91.75
8ao1,7SPW_A,89.796,98,10,0,2,99,28,125,2.19e-56,181,90.82
8ao1,7SPV_A,89.796,98,10,0,2,99,28,125,2.19e-56,181,90.82
8ao1,6MKT_A,89.796,98,10,0,2,99,28,125,2.56e-56,181,90.82
8ao1,1GSX_A,88.776,98,11,0,2,99,28,125,2.95e-56,181,89.80
8ao1,1UWN_X,88.776,98,11,0,2,99,28,125,1.72e-55,179,89.80
8ao1,1OTD_A,86.735,98,13,0,2,99,28,125,1.53e-54,177,89.80
8ao1,MBK1728261.1,86.735,98,13,0,2,99,30,127,2.47e-54,176,89.80
8ao1,WP_011814604.1,86.735,98,13,0,2,99,28,125,2.61e-54,176,89.80
8ao1,MFP4146451.1,84.694,98,15,0,2,99,28,125,2.98e-54,176,89.80
8ao1,MFP4649237.1,83.673,98,16,0,2,99,28,125,1.38e-52,172,88.78
8ao1,WP_090021468.1,79.592,98,20,0,2,99,28,125,5.82e-51,168,87.76
8ao1,WP_200261175.1,79.592,98,20,0,2,99,28,125,1.88e-50,166,86.73
8ao1,MFP4182626.1,79.381,97,20,0,2,98,28,124,4.52e-49,163,85.57
8ao1,MFP4130760.1,79.381,97,20,0,2,98,28,124,4.62e-49,163,85.57
8ao1,WP_411063793.1,78.351,97,21,0,2,98,28,124,2.17e-48,161,84.54
8ao1,WP_126819944.1,76.531,98,23,0,2,99,28,125,4.77e-48,160,84.69
8ao1,WP_126803739.1,76.531,98,23,0,2,99,28,125,5.03e-48,160,84.69
8ao1,MFO8065330.1,76.531,98,23,0,2,99,28,125,1.03e-47,159,85.71
8ao1,WP_228611215.1,75.510,98,24,0,2,99,30,127,1.93e-47,159,84.69
8ao1,WP_303732812.1,74.490,98,25,0,2,99,28,125,2.36e-47,159,86.73
8ao1,WP_088767303.1,74.490,98,25,0,2,99,28,125,3.21e-47,158,86.73
8ao1,WP_207861641.1,72.449,98,27,0,2,99,30,127,3.38e-47,158,86.73
8ao1,WP_310697465.1,75.510,98,24,0,2,99,28,125,3.43e-47,158,83.67
8ao1,MCC5811015.1,76.531,98,23,0,2,99,28,125,3.74e-47,158,84.69
8ao1,WP_317504467.1,75.510,98,24,0,2,99,28,125,3.78e-47,158,85.71
8ao1,MCA1767875.1,74.490,98,25,0,2,99,28,125,4.17e-47,158,85.71
8ao1,WP_129497596.1,73.469,98,26,0,2,99,28,125,4.81e-47,158,87.76
8ao1,WP_093428297.1,76.289,97,23,0,2,98,28,124,5.14e-47,158,84.54
8ao1,WP_190975668.1,75.510,98,24,0,2,99,28,125,8.89e-47,157,83.67
8ao1,WP_290610344.1,72.449,98,27,0,2,99,28,125,1.39e-46,157,86.73
8ao1,WP_305943838.1,74.490,98,25,0,2,99,30,127,1.52e-46,157,82.65
8ao1,WP_250078808.1,74.490,98,25,0,2,99,28,125,1.73e-46,156,83.67
8ao1,WP_091957642.1,75.510,98,24,0,2,99,28,125,1.79e-46,156,83.67
8ao1,WP_248264293.1,73.469,98,26,0,2,99,28,125,1.89e-46,156,85.71
8ao1,NBF40252.1,75.510,98,24,0,2,99,28,125,2.28e-46,156,82.65
8ao1,WP_091338811.1,74.490,98,25,0,2,99,30,127,2.43e-46,156,82.65
8ao1,WP_133539343.1,75.510,98,24,0,2,99,28,125,2.52e-46,156,83.67
8ao1,WP_290570503.1,75.510,98,24,0,2,99,28,125,2.63e-46,156,83.67
8ao1,WP_241970345.1,75.510,98,24,0,2,99,29,126,2.66e-46,156,82.65
8ao1,RUO77846.1,75.510,98,24,0,2,99,28,125,3.50e-46,155,82.65
8ao1,WP_179929345.1,75.510,98,24,0,2,99,28,125,3.90e-46,155,83.67
8ao1,WP_054490088.1,73.469,98,26,0,2,99,28,125,4.60e-46,155,85.71
8ao1,WP_114982259.1,73.469,98,26,0,2,99,28,125,4.97e-46,155,83.67
8ao1,WP_417438977.1,73.469,98,26,0,2,99,28,125,5.02e-46,155,83.67
8ao1,WP_278373858.1,73.469,98,26,0,2,99,31,128,5.39e-46,155,85.71
8ao1,WP_075879266.1,75.510,98,24,0,2,99,28,125,5.54e-46,155,83.67
8ao1,WP_416885118.1,73.469,98,26,0,2,99,28,125,5.60e-46,155,82.65
8ao1,WP_090244576.1,73.469,98,26,0,2,99,28,125,5.73e-46,155,82.65
8ao1,WP_317507626.1,74.490,98,25,0,2,99,30,127,5.90e-46,155,83.67
8ao1,WP_415054280.1,73.469,98,26,0,2,99,28,125,6.90e-46,155,82.65
8ao1,WP_126841268.1,75.510,98,24,0,2,99,28,125,7.96e-46,155,80.61
8ao1,WP_404399495.1,74.490,98,25,0,2,99,28,125,7.96e-46,155,81.63
8ao1,WP_404471613.1,73.469,98,26,0,2,99,30,127,8.11e-46,155,83.67
8ao1,WP_100691326.1,72.449,98,27,0,2,99,28,125,8.31e-46,155,86.73
8ao1,MFP4330315.1,73.469,98,26,0,2,99,28,125,8.41e-46,155,85.71
8ao1,WP_341439466.1,72.449,98,27,0,2,99,28,125,1.01e-45,154,83.67
8ao1,WP_215001574.1,73.469,98,26,0,2,99,28,125,1.04e-45,154,82.65
8ao1,WP_113907645.1,74.490,98,25,0,2,99,28,125,1.04e-45,154,82.65
8ao1,MCA1773057.1,73.469,98,26,0,2,99,30,127,1.10e-45,154,83.67
8ao1,WP_317497634.1,72.449,98,27,0,2,99,28,125,1.50e-45,154,83.67
8ao1,WP_126790130.1,73.469,98,26,0,2,99,28,125,1.60e-45,154,84.69
8ao1,WP_042087567.1,72.449,98,27,0,2,99,28,125,1.89e-45,154,84.69
8ao1,WP_034822699.1,72.449,98,27,0,2,99,28,125,1.91e-45,154,83.67
8ao1,WP_011235611.1,72.449,98,27,0,2,99,28,125,1.95e-45,154,83.67
8ao1,WP_230447135.1,73.469,98,26,0,2,99,42,139,2.22e-45,154,82.65
8ao1,WP_253618272.1,72.449,98,27,0,2,99,28,125,2.23e-45,154,83.67
4n6u,4N6T_A,100.000,79,0,0,1,79,1,79,8.52e-48,157,100.00
4n6u,XP_022029978.1,86.076,79,11,0,1,79,14,92,4.84e-41,140,91.14
4n6u,KAJ0803110.1,86.076,79,11,0,1,79,14,92,5.45e-41,140,91.14
4n6u,KAJ0609815.1,84.810,79,12,0,1,79,14,92,1.58e-40,139,91.14
4n6u,KAI3804438.1,83.544,79,13,0,1,79,14,92,1.58e-40,139,92.41
4n6u,KAI3756689.1,83.544,79,13,0,1,79,14,92,2.08e-40,139,92.41
4n6u,XP_011469485.1,83.544,79,13,0,1,79,15,93,2.50e-40,138,93.67
4n6u,XP_024176536.1,82.278,79,14,0,1,79,15,93,3.75e-40,138,93.67
4n6u,XP_058107368.1,85.714,77,11,0,1,77,13,89,9.18e-40,137,92.21
4n6u,XP_062000456.1,81.013,79,15,0,1,79,15,93,9.33e-40,137,93.67
4n6u,KAI7754371.1,83.333,78,13,0,2,79,15,92,1.54e-39,136,89.74
4n6u,KAK1293702.1,87.342,79,10,0,1,79,15,93,2.37e-39,139,91.14
4n6u,XP_024996885.1,83.117,77,13,0,1,77,14,90,2.57e-39,136,90.91
4n6u,KAK1317881.1,88.312,77,9,0,1,77,15,91,5.72e-39,139,92.21
4n6u,KAI3504041.1,82.278,79,14,0,1,79,13,91,5.94e-39,135,89.87
4n6u,KAK1277202.1,88.312,77,9,0,1,77,15,91,6.38e-39,139,92.21
4n6u,XP_048629452.1,85.897,78,11,0,1,78,43,120,6.85e-39,138,92.31
4n6u,KAI3692825.1,79.747,79,16,0,1,79,14,92,1.28e-38,134,91.14
4n6u,XP_023735425.1,82.278,79,14,0,1,79,14,92,1.38e-38,134,88.61
4n6u,XP_062001085.1,78.481,79,17,0,1,79,15,93,1.80e-38,134,92.41
4n6u,CAI9277629.1,82.278,79,14,0,1,79,14,92,1.85e-38,134,88.61
4n6u,KAD4178197.1,78.481,79,17,0,1,79,14,92,1.87e-38,134,88.61
4n6u,Q10992.1,84.416,77,12,0,3,79,1,77,2.16e-38,133,90.91
4n6u,AAC37479.1,85.897,78,11,0,1,78,14,91,2.16e-38,137,92.31
4n6u,KAK1278978.1,84.810,79,12,0,1,79,41,119,2.22e-38,138,89.87
4n6u,AFW97773.1,85.897,78,11,0,1,78,14,91,2.24e-38,137,92.31
4n6u,AWB97031.1,84.416,77,12,0,1,77,42,118,2.30e-38,135,94.81
4n6u,XP_048626701.1,85.897,78,11,0,1,78,14,91,2.37e-38,137,92.31
4n6u,XP_031495821.1,82.278,79,14,0,1,79,34,112,2.43e-38,137,92.41
4n6u,KAF3790087.1,82.278,79,14,0,1,79,34,112,2.63e-38,137,92.41
4n6u,KAG2246086.1,85.897,78,11,0,1,78,14,91,2.65e-38,137,92.31
4n6u,KAK6153188.1,81.013,79,15,0,1,79,14,92,2.69e-38,133,89.87
4n6u,KAI4386194.1,78.481,79,17,0,1,79,14,92,2.88e-38,133,91.14
4n6u,CAG7890419.1,85.897,78,11,0,1,78,44,121,2.93e-38,137,92.31
4n6u,KAL2926617.1,79.747,79,16,0,1,79,14,92,3.12e-38,133,89.87
4n6u,KAK6164001.1,81.013,79,15,0,1,79,14,92,3.20e-38,133,89.87
4n6u,CAL9078852.1,84.211,76,12,0,2,77,42,117,3.35e-38,134,93.42
4n6u,XP_057515532.1,82.278,79,14,0,1,79,14,92,3.46e-38,133,89.87
4n6u,PIA53212.1,84.416,77,12,0,1,77,55,131,3.68e-38,135,93.51
4n6u,MBA0813569.1,81.818,77,14,0,1,77,17,93,3.87e-38,134,93.51
4n6u,URD90501.1,84.211,76,12,0,2,77,32,107,4.09e-38,133,93.42
4n6u,XP_068661878.1,82.278,79,14,0,1,79,47,125,4.11e-38,137,93.67
4n6u,PPS02845.1,81.818,77,14,0,1,77,17,93,4.75e-38,133,93.51
4n6u,XP_013611477.1,85.897,78,11,0,1,78,43,120,4.91e-38,137,92.31
4n6u,XP_022569154.1,85.897,78,11,0,1,78,43,120,5.13e-38,137,92.31
4n6u,PIA53214.1,84.416,77,12,0,1,77,55,131,5.15e-38,134,93.51
4n6u,KAL0837869.1,85.897,78,11,0,1,78,43,120,5.30e-38,137,92.31
4n6u,CAF2079528.1,85.897,78,11,0,1,78,43,120,5.30e-38,137,92.31
4n6u,XP_048324575.1,79.747,79,16,0,1,79,14,92,5.40e-38,133,93.67
4n6u,KAF3604406.1,85.897,78,11,0,1,78,43,120,6.29e-38,137,92.31
4n6u,XP_052171878.1,82.051,78,14,0,2,79,15,92,7.82e-38,132,91.03
4n6u,KAL2941334.1,79.747,79,16,0,1,79,14,92,7.93e-38,132,89.87
4n6u,KAG8388890.1,79.221,77,16,0,1,77,14,90,7.96e-38,132,92.21
4n6u,KAK2967811.1,79.747,79,16,0,1,79,14,92,8.44e-38,132,89.87
4n6u,KAK9266657.1,84.416,77,12,0,1,77,52,128,9.68e-38,134,89.61
4n6u,XP_009759630.1,78.481,79,17,0,1,79,14,92,1.00e-37,132,91.14
4n6u,XP_064943420.1,84.211,76,12,0,2,77,15,90,1.01e-37,132,93.42
4n6u,KAK9273051.1,77.215,79,18,0,1,79,14,92,1.05e-37,132,91.14
4n6u,KAG0450698.1,79.747,79,16,0,1,79,14,92,1.05e-37,132,92.41
4n6u,AGX28142.1,81.818,77,14,0,1,77,14,90,1.08e-37,132,90.91
4n6u,CAI0542237.1,79.487,78,16,0,2,79,15,92,1.18e-37,132,91.03
4n6u,KAI4382159.1,74.684,79,20,0,1,79,14,92,1.25e-37,132,92.41
4n6u,XP_054798023.1,74.684,79,20,0,1,79,15,93,1.26e-37,132,91.14
4n6u,KAI3847689.1,84.416,77,12,0,1,77,50,126,1.28e-37,133,92.21
4n6u,XP_020268275.1,83.544,79,13,0,1,79,52,130,1.29e-37,136,89.87
4n6u,XP_050385290.1,82.278,79,14,0,1,79,15,93,1.32e-37,132,88.61
4n6u,XP_011620718.1,81.013,79,15,0,1,79,34,112,1.37e-37,132,88.61
4n6u,KAG1338358.1,79.747,79,16,0,1,79,14,92,1.48e-37,132,89.87
4n6u,KAI3518330.1,77.215,79,18,0,1,79,14,92,1.51e-37,131,89.87
4n6u,AGX28139.1,81.818,77,14,0,1,77,14,90,1.53e-37,132,92.21
4n6u,KAJ8493839.1,83.544,79,13,0,1,79,15,93,1.58e-37,135,92.41
4n6u,XP_056168860.1,77.215,79,18,0,1,79,17,95,1.62e-37,132,92.41
4n6u,XP_055818792.1,77.215,79,18,0,1,79,14,92,1.72e-37,131,91.14
4n6u,KAL1204779.1,84.615,78,12,0,1,78,49,126,1.78e-37,135,92.31
4n6u,KAI3723698.1,75.949,79,19,0,1,79,14,92,2.03e-37,131,89.87
4n6u,DAD42982.1,82.278,79,14,0,1,79,52,130,2.04e-37,135,92.41
4n6u,KAL0900298.1,84.615,78,12,0,1,78,14,91,2.05e-37,134,91.03
4n6u,GAB2211959.1,79.221,77,16,0,1,77,14,90,2.05e-37,131,90.91
4n6u,KAJ6852318.1,84.810,79,12,0,1,79,55,133,2.18e-37,135,91.14
4n6u,KAL1802683.1,80.769,78,15,0,1,78,12,89,2.19e-37,131,89.74
4n6u,KAK4278823.1,78.481,79,17,0,1,79,15,93,2.21e-37,131,91.14
4n6u,XP_021843379.1,80.769,78,15,0,2,79,15,92,2.25e-37,131,89.74
4n6u,KAK3034683.1,83.117,77,13,0,1,77,15,91,2.26e-37,134,93.51
4n6u,KAH6836976.1,79.487,78,16,0,2,79,14,91,2.32e-37,131,87.18
4n6u,AUS89393.1,82.278,79,14,0,1,79,14,92,2.36e-37,131,89.87
4n6u,KAK4275781.1,79.747,79,16,0,1,79,14,92,2.44e-37,131,89.87
4n6u,ABG81097.1,78.481,79,17,0,1,79,14,92,2.58e-37,131,87.34
4n6u,KAF8109476.1,83.544,79,13,0,1,79,48,126,2.67e-37,135,91.14
4n6u,AKB91191.1,81.818,77,14,0,1,77,15,91,2.74e-37,132,92.21
4n6u,XP_010244435.1,82.278,79,14,0,1,79,52,130,2.76e-37,135,92.41
4n6u,CAK9145933.1,85.714,77,11,0,1,77,55,131,2.80e-37,135,94.81
4n6u,CAL9113629.1,83.544,79,13,0,1,79,46,124,2.81e-37,135,92.41
4n6u,KAA8537359.1,81.818,77,14,0,1,77,14,90,2.88e-37,134,94.81
4n6u,XP_009609320.1,77.215,79,18,0,1,79,14,92,2.88e-37,131,91.14
4n6u,XP_031402330.1,77.215,79,18,0,1,79,14,92,2.89e-37,131,91.14
4n6u,KAI5595973.1,81.818,77,14,0,1,77,49,125,2.99e-37,132,90.91
4n6u,XP_016489748.1,73.418,79,21,0,1,79,14,92,3.01e-37,130,94.94
4n6u,KAG2317952.1,83.333,78,13,0,1,78,14,91,3.04e-37,134,92.31
4n6u,KAG2305786.1,84.615,78,12,0,1,78,45,122,3.18e-37,135,91.03
4n6u,QLJ84891.1,84.000,75,12,0,2,76,14,88,3.23e-37,131,92.00
5j73,5J73_A,100.000,75,0,0,1,75,6,80,3.41e-40,137,100.00
5j73,6Y07_A,100.000,75,0,0,1,75,101,175,1.27e-39,139,100.00
5j73,6Y07_A,80.000,75,15,0,1,75,23,97,5.81e-27,107,86.67
7vu4,7VU4_A,100.000,117,0,0,1,117,1,117,7.08e-80,241,100.00
7vu4,7VQV_A,66.957,115,38,0,1,115,1,115,9.38e-52,170,86.09
7vu4,7VQL_A,66.957,115,38,0,1,115,1,115,3.17e-50,166,85.22
7vu4,7VQW_A,63.793,116,42,0,1,116,1,116,9.04e-46,154,81.03
7vu4,1R26_A,52.252,111,53,0,3,113,14,124,1.08e-35,129,75.68
7vu4,XP_011776365.1,53.846,104,48,0,10,113,3,106,3.99e-34,125,77.88
7vu4,RHW70159.1,53.846,104,48,0,10,113,3,106,5.30e-34,124,77.88
7vu4,XP_815436.1,46.154,104,56,0,10,113,3,106,6.60e-28,109,73.08
7vu4,XP_814370.1,46.154,104,56,0,10,113,3,106,6.82e-28,109,73.08
7vu4,CCC92702.1,44.554,101,56,0,10,110,3,103,8.03e-28,109,74.26
7vu4,XP_029241540.1,45.192,104,57,0,10,113,3,106,1.93e-27,108,71.15
7vu4,KAF8280279.1,45.192,104,57,0,10,113,3,106,2.82e-27,107,73.08
7vu4,ESL06010.1,45.192,104,57,0,10,113,3,106,2.95e-27,107,70.19
7vu4,XP_009311090.1,45.455,99,54,0,10,108,3,101,2.33e-26,105,73.74
7vu4,XP_028885292.1,42.424,99,57,0,10,108,3,101,3.10e-25,102,70.71
7vu4,XP_029227146.1,42.308,104,60,0,10,113,3,106,4.16e-25,102,69.23
7vu4,XP_067186046.1,42.424,99,57,0,10,108,3,101,6.80e-25,101,70.71
7vu4,KAG8344661.1,38.318,107,66,0,2,108,17,123,2.40e-23,98.6,69.16
7vu4,KAK7194859.1,45.833,96,52,0,13,108,6,101,1.92e-22,95.5,70.83
7vu4,EPY30971.1,42.424,99,57,0,12,110,5,103,4.67e-22,94.7,67.68
7vu4,EPY37863.1,41.905,105,61,0,11,115,4,108,6.00e-22,94.7,66.67
7vu4,EPY35260.1,42.424,99,57,0,12,110,5,103,2.10e-21,93.2,66.67
7vu4,KAJ3543145.1,38.947,95,58,0,10,104,3,97,5.60e-20,89.4,72.63
7vu4,KAG0667683.1,36.190,105,60,1,13,117,5,102,7.28e-19,86.7,61.90
7vu4,CAL1712896.1,39.000,100,61,0,10,109,2,101,1.55e-18,85.5,63.00
7vu4,GAA5976346.1,38.095,105,58,1,13,117,5,102,4.39e-18,84.3,60.00
7vu4,SPJ81508.1,36.364,99,63,0,10,108,3,101,7.95e-18,83.6,66.67
7vu4,KWU44271.1,35.238,105,61,1,13,117,5,102,1.50e-17,83.2,60.95
7vu4,XP_003679317.1,34.314,102,67,0,9,110,26,127,1.57e-17,83.6,66.67
7vu4,XP_037142550.1,34.259,108,71,0,3,110,20,127,1.61e-17,83.6,61.11
7vu4,KIY72613.1,36.634,101,62,1,10,108,3,103,1.86e-17,83.2,68.32
7vu4,XP_024343606.1,33.010,103,69,0,10,112,3,105,1.93e-17,82.8,66.02
7vu4,GAA6013535.1,35.238,105,61,1,13,117,5,102,2.95e-17,82.4,60.95
7vu4,EMD32666.1,37.113,97,61,0,13,109,5,101,3.44e-17,82.0,63.92
7vu4,XP_040674268.1,39.394,99,58,1,9,105,2,100,4.29e-17,82.0,59.60
7vu4,GJE89643.1,34.343,99,65,0,13,111,5,103,4.56e-17,81.6,63.64
7vu4,KAF8538940.1,39.604,101,59,1,10,108,3,103,4.86e-17,81.6,66.34
7vu4,KAI0728423.1,33.654,104,69,0,10,113,3,106,5.25e-17,81.6,61.54
7vu4,XP_047773803.1,34.615,104,68,0,10,113,3,106,5.85e-17,81.6,60.58
7vu4,KZT27660.1,38.000,100,62,0,10,109,5,104,6.96e-17,81.3,63.00
7vu4,OCH89728.1,39.000,100,61,0,13,112,47,146,8.00e-17,82.4,62.00
7vu4,XP_014567204.1,34.615,104,68,0,10,113,2,105,1.29e-16,80.9,61.54
7vu4,XP_007299185.1,38.144,97,60,0,13,109,6,102,1.32e-16,80.9,63.92
7vu4,KAL4244201.1,37.113,97,61,0,13,109,6,102,1.67e-16,80.5,63.92
7vu4,XP_016277134.1,34.375,96,63,0,13,108,5,100,1.75e-16,80.5,64.58
7vu4,ORX91002.1,37.624,101,63,0,12,112,5,105,2.02e-16,80.1,62.38
7vu4,OSD01218.1,36.190,105,63,1,10,114,3,103,2.29e-16,80.1,62.86
7vu4,KAH8264705.1,38.384,99,58,2,8,103,2,100,2.45e-16,80.1,65.66
7vu4,KAI0370039.1,37.000,100,63,0,13,112,5,104,2.70e-16,79.7,61.00
7vu4,CAG7555233.1,35.644,101,65,0,10,110,3,103,2.90e-16,79.7,63.37
7vu4,GJE88329.1,36.458,96,61,0,10,105,3,98,2.96e-16,79.7,64.58
7vu4,KDQ62983.1,35.294,102,66,0,10,111,3,104,3.04e-16,79.7,61.76
7vu4,WVR05756.1,39.806,103,62,0,10,112,2,104,3.54e-16,79.7,58.25
7vu4,OMJ19473.1,36.000,100,64,0,9,108,2,101,4.17e-16,79.3,63.00
7vu4,KAF9055755.1,35.849,106,65,1,10,112,3,108,4.95e-16,79.3,60.38
7vu4,KAI0095015.1,34.694,98,64,0,10,107,3,100,5.07e-16,79.0,60.20
7vu4,KAK4058445.1,36.275,102,63,1,10,109,3,104,5.64e-16,79.0,60.78
7vu4,XP_027608218.1,33.663,101,67,0,10,110,3,103,5.95e-16,79.0,65.35
7vu4,GAA5938518.1,31.000,100,69,0,10,109,3,102,6.64e-16,79.0,65.00
7vu4,KAI0253285.1,32.000,100,68,0,10,109,3,102,7.21e-16,79.0,62.00
7vu4,KAG9230779.1,38.462,104,63,1,9,112,4,106,7.61e-16,79.0,64.42
7vu4,OMJ29930.1,36.000,100,64,0,9,108,2,101,7.75e-16,78.6,63.00
7vu4,XP_007289910.2,38.144,97,60,0,12,108,5,101,8.07e-16,79.0,64.95
7vu4,OMJ15642.1,36.000,100,64,0,9,108,2,101,8.46e-16,78.6,63.00
7vu4,CDO95796.1,37.755,98,61,0,12,109,40,137,9.73e-16,79.3,63.27
7vu4,KAG8940840.1,34.286,105,67,1,10,112,3,107,9.82e-16,78.6,63.81
7vu4,XP_040758895.1,34.951,103,65,1,10,110,3,105,1.12e-15,78.6,65.05
7vu4,XP_045978281.1,36.842,95,60,0,13,107,6,100,1.36e-15,78.2,62.11
7vu4,XP_020631706.1,39.000,100,59,1,13,110,4,103,1.43e-15,78.2,61.00
7vu4,WVQ97124.1,37.864,103,64,0,10,112,2,104,1.47e-15,77.8,59.22
7vu4,EKD20069.1,38.144,97,60,0,12,108,62,158,1.50e-15,79.7,64.95
7vu4,XP_031027203.1,36.634,101,63,1,13,112,5,105,1.60e-15,77.8,59.41
7vu4,TCD64741.1,35.417,96,62,0,10,105,3,98,1.79e-15,77.8,62.50
7vu4,PPQ66053.1,37.234,94,59,0,10,103,3,96,1.80e-15,80.1,64.89
7vu4,PPQ66053.1,36.111,72,46,0,33,104,108,179,6.58e-07,57.8,62.50
7vu4,UKK02518.2,34.314,102,67,0,10,111,2,103,1.80e-15,77.8,59.80
7vu4,KAI0778936.1,37.255,102,60,1,10,111,3,100,1.89e-15,77.8,61.76
7vu4,KAI9066548.1,34.314,102,63,1,13,114,6,103,2.09e-15,77.4,63.73
7vu4,KAH9973314.1,33.000,100,67,0,10,109,3,102,2.15e-15,77.4,61.00
7vu4,CAI7567351.1,37.000,100,61,1,11,108,4,103,2.18e-15,77.8,67.00
7vu4,MEI7706548.1,35.922,103,65,1,7,108,3,105,2.38e-15,77.4,64.08
7vu4,KAK1923603.1,33.673,98,65,0,13,110,5,102,2.39e-15,77.4,61.22
7vu4,KAI0789461.1,36.735,98,62,0,10,107,3,100,2.63e-15,77.4,62.24
7vu4,KAI0814826.1,33.663,101,67,0,10,110,3,103,2.66e-15,77.4,61.39
7vu4,WVO13158.1,36.634,101,64,0,13,113,103,203,2.89e-15,79.7,62.38
7vu4,KAI0931174.1,34.653,101,66,0,10,110,3,103,2.89e-15,77.0,60.40
7vu4,KAK7051630.1,36.842,95,60,0,11,105,3,97,3.21e-15,77.0,61.05
7vu4,GJN87237.1,35.238,105,61,1,13,117,5,102,3.26e-15,77.0,59.05
7vu4,KAJ3478879.1,36.082,97,62,0,13,109,6,102,3.38e-15,77.0,61.86
7vu4,XP_018272567.1,35.185,108,63,1,10,117,2,102,3.64e-15,77.0,57.41
7vu4,KAH7263007.1,33.000,100,67,0,10,109,3,102,3.65e-15,77.0,63.00
7vu4,MCG3780049.1,41.758,91,52,1,8,98,29,118,3.88e-15,77.8,64.84
7vu4,XP_066769025.1,32.653,98,66,0,12,109,4,101,4.12e-15,76.6,64.29
7vu4,THU60849.1,36.538,104,62,1,10,109,18,121,4.31e-15,77.4,59.62
7vu4,KAK9315211.1,29.703,101,71,0,12,112,4,104,4.46e-15,76.6,64.36
7vu4,XP_007860675.1,34.951,103,67,0,10,112,5,107,4.64e-15,76.6,63.11
7vu4,KAG0003848.1,36.634,101,64,0,10,110,3,103,4.65e-15,76.6,62.38
7vu4,NCG43282.1,39.362,94,56,1,18,110,10,103,4.91e-15,77.4,61.70
7vu4,MCI1983647.1,34.694,98,60,1,17,110,9,106,4.92e-15,77.0,64.29
7vu4,QRW14023.1,33.333,96,64,0,10,105,2,97,4.95e-15,76.6,64.58
7vu4,GAA5905283.1,31.313,99,68,0,10,108,3,101,4.95e-15,76.6,62.63
7vqw,7VQW_A,100.000,116,0,0,1,116,1,116,5.17e-76,231,100.00
7vqw,7VQL_A,82.609,115,20,0,1,115,1,115,6.35e-62,195,93.91
7vqw,7VQV_A,81.739,115,21,0,1,115,1,115,6.29e-61,193,93.91
7vqw,7VU4_A,63.478,115,42,0,1,115,1,115,2.41e-44,151,80.87
7vqw,1R26_A,54.630,108,49,0,6,113,17,124,3.63e-32,120,74.07
7vqw,XP_011776365.1,55.340,103,46,0,11,113,4,106,1.19e-30,116,75.73
7vqw,RHW70159.1,55.340,103,46,0,11,113,4,106,2.09e-30,115,75.73
7vqw,CCC92702.1,45.192,104,57,0,10,113,3,106,9.09e-25,101,70.19
7vqw,XP_029241540.1,46.602,103,55,0,11,113,4,106,7.48e-24,99.0,67.96
7vqw,ESL06010.1,46.602,103,55,0,11,113,4,106,1.49e-23,98.2,66.99
7vqw,XP_028885292.1,45.918,98,53,0,11,108,4,101,8.44e-23,96.3,69.39
7vqw,XP_029227146.1,46.465,99,53,0,10,108,3,101,1.03e-22,96.3,68.69
7vqw,XP_814370.1,45.631,103,56,0,11,113,4,106,2.49e-22,95.1,68.93
7vqw,XP_815436.1,45.631,103,56,0,11,113,4,106,2.57e-22,95.1,68.93
7vqw,KAG8344661.1,42.056,107,62,0,2,108,17,123,2.96e-22,95.9,66.36
7vqw,XP_067186046.1,44.898,98,54,0,11,108,4,101,5.39e-22,94.4,68.37
7vqw,KAF8280279.1,46.000,100,54,0,11,110,4,103,6.78e-22,94.0,70.00
7vqw,XP_067181678.1,44.444,99,55,0,10,108,3,101,2.18e-21,92.8,64.65
7vqw,XP_067759996.1,44.444,99,55,0,10,108,3,101,7.89e-21,91.3,65.66
7vqw,KAK7194859.1,44.444,99,55,0,10,108,3,101,1.21e-20,90.9,66.67
7vqw,XP_001462640.1,45.455,99,54,0,10,108,3,101,1.66e-20,90.5,64.65
7vqw,XP_009311090.1,44.898,98,54,0,11,108,4,101,2.01e-20,90.5,69.39
7vqw,XP_067696193.1,44.444,99,55,0,10,108,3,101,2.25e-20,90.1,63.64
7vqw,GET85381.1,45.455,99,54,0,10,108,3,101,2.56e-20,90.1,63.64
7vqw,EPY35260.1,43.564,101,57,0,10,110,3,103,2.77e-20,90.1,65.35
7vqw,EPY30971.1,43.564,101,57,0,10,110,3,103,3.22e-20,90.1,65.35
7vqw,AFM22752.1,44.444,99,55,0,10,108,3,101,4.14e-20,89.7,64.65
7vqw,EPY37863.1,42.991,107,61,0,9,115,2,108,4.77e-20,89.7,62.62
7vqw,XP_003871552.1,44.444,99,55,0,10,108,3,101,4.87e-20,89.4,64.65
7vqw,XP_003721547.1,44.444,99,55,0,10,108,3,101,1.02e-19,88.6,63.64
7vqw,XP_067066294.1,43.434,99,56,0,10,108,3,101,1.07e-19,88.6,63.64
7vqw,XP_067704315.1,43.434,99,56,0,10,108,3,101,1.11e-19,88.6,63.64
7vqw,XP_001561471.1,42.424,99,57,0,10,108,3,101,3.28e-19,87.4,64.65
7vqw,KPI87835.1,42.000,100,58,0,10,109,3,102,3.50e-19,87.0,67.00
7vqw,QGN14441.1,40.816,98,58,0,15,112,44,141,5.53e-19,87.8,66.33
7vqw,KAG0668848.1,40.816,98,58,0,15,112,48,145,6.11e-19,87.8,66.33
7vqw,XP_022674576.1,40.816,98,58,0,15,112,44,141,7.27e-19,87.8,66.33
7vqw,XP_015652110.1,41.414,99,58,0,10,108,3,101,7.59e-19,86.3,66.67
7vqw,ORY97940.1,43.000,100,50,1,16,115,10,102,2.07e-18,85.1,69.00
7vqw,KAL0513559.1,42.268,97,56,0,12,108,1,97,2.23e-18,85.1,64.95
7vqw,SPJ81508.1,41.111,90,53,0,12,101,5,94,2.32e-18,85.1,67.78
7vqw,KAJ3478879.1,40.206,97,58,0,13,109,6,102,2.86e-18,84.7,65.98
7vqw,KAI0814826.1,42.000,100,55,1,13,109,6,105,3.06e-18,84.7,66.00
7vqw,XP_003679317.1,39.000,100,61,0,12,111,29,128,3.50e-18,85.5,65.00
7vqw,KAJ3490442.1,39.175,97,59,0,13,109,6,102,3.64e-18,84.7,61.86
7vqw,KAL4244201.1,40.206,97,58,0,13,109,6,102,5.82e-18,84.0,67.01
7vqw,CDO95796.1,38.614,101,62,0,12,112,40,140,6.60e-18,85.1,65.35
7vqw,XP_007860675.1,42.268,97,56,0,13,109,8,104,7.26e-18,84.0,67.01
7vqw,XP_052977562.1,38.235,102,63,0,9,110,2,103,7.97e-18,83.6,63.73
7vqw,GAN10953.1,42.574,101,58,0,10,110,3,103,9.91e-18,83.6,62.38
7vqw,CUG62257.1,39.394,99,60,0,12,110,5,103,1.00e-17,83.6,66.67
7vqw,XP_019037126.1,38.776,98,60,0,14,111,36,133,1.04e-17,84.3,68.37
7vqw,KAG2226564.1,41.584,101,59,0,10,110,6,106,1.20e-17,83.2,64.36
7vqw,OBZ68432.1,41.414,99,57,1,13,110,6,104,1.40e-17,83.2,66.67
7vqw,XP_064676475.1,44.118,102,57,0,9,110,4,105,1.62e-17,83.2,59.80
7vqw,XP_051437495.1,42.991,107,54,1,9,115,2,101,1.80e-17,82.8,61.68
7vqw,XP_037137791.1,36.000,100,64,0,12,111,44,143,1.87e-17,84.0,65.00
7vqw,EMD32666.1,41.000,100,59,0,13,112,5,104,3.21e-17,82.0,61.00
7vqw,AJQ34762.1,36.000,100,64,0,11,110,28,127,4.14e-17,82.4,67.00
7vqw,KAI0789461.1,38.462,104,64,0,13,116,6,109,4.71e-17,82.0,63.46
7vqw,QLQ81281.1,37.000,100,63,0,12,111,29,128,6.14e-17,82.0,65.00
7vqw,QID83960.1,36.364,99,63,0,12,110,29,127,6.39e-17,82.0,66.67
7vqw,KAI9303711.1,41.237,97,57,0,12,108,5,101,7.50e-17,81.3,61.86
7vqw,CAD6605583.1,36.364,99,63,0,12,110,29,127,8.11e-17,81.6,66.67
7vqw,QEU59248.1,37.624,101,63,0,12,112,40,140,8.60e-17,82.0,63.37
7vqw,KAF1806894.1,43.137,102,58,0,9,110,2,103,9.43e-17,80.9,56.86
7vqw,KAG0669528.1,43.023,86,49,0,15,100,48,133,9.45e-17,82.0,67.44
7vqw,XP_047773803.1,37.624,101,63,0,13,113,6,106,9.84e-17,80.9,61.39
7vqw,EGA63140.1,35.354,99,64,0,12,110,20,118,1.05e-16,81.3,66.67
7vqw,XP_455551.1,38.614,101,62,0,12,112,39,139,1.10e-16,81.6,64.36
7vqw,EGA59587.1,35.354,99,64,0,12,110,22,120,1.14e-16,81.3,66.67
7vqw,2OE0_A,35.354,99,64,0,12,110,16,114,1.16e-16,80.9,66.67
7vqw,AJQ33441.1,35.354,99,64,0,12,110,29,127,1.16e-16,81.3,66.67
7vqw,CAI4293415.1,35.354,99,64,0,12,110,29,127,1.17e-16,81.3,66.67
7vqw,XP_056080772.1,33.645,107,71,0,4,110,21,127,1.31e-16,81.3,62.62
7vqw,CAI4298182.1,35.354,99,64,0,12,110,29,127,1.34e-16,81.3,66.67
7vqw,AJQ33295.1,35.354,99,64,0,12,110,29,127,1.36e-16,81.3,66.67
7vqw,XP_007391054.1,40.659,91,54,0,13,103,6,96,1.37e-16,80.5,64.84
7vqw,XKU26504.1,35.354,99,64,0,12,110,29,127,1.38e-16,81.3,66.67
7vqw,AJQ34168.1,35.354,99,64,0,12,110,29,127,1.39e-16,81.3,66.67
7vqw,NP_010006.1,35.354,99,64,0,12,110,29,127,1.47e-16,81.3,66.67
7vqw,CAD6605265.1,35.354,99,64,0,12,110,29,127,1.50e-16,81.3,66.67
7vqw,CAI4295821.1,35.354,99,64,0,12,110,29,127,1.62e-16,80.9,66.67
7vqw,KAI9264950.1,39.216,102,62,0,9,110,2,103,1.76e-16,80.1,62.75
7vqw,XP_024343606.1,37.755,98,61,0,13,110,6,103,1.77e-16,80.1,66.33
7vqw,CAI6523530.1,35.354,99,64,0,12,110,29,127,1.83e-16,80.9,66.67
7vqw,KAG8982510.1,38.144,97,60,0,13,109,6,102,1.96e-16,80.1,64.95
7vqw,EJS44490.1,36.364,99,63,0,12,110,29,127,2.11e-16,80.9,67.68
7vqw,AJQ38553.1,34.343,99,65,0,12,110,29,127,2.11e-16,80.9,66.67
7vqw,TFY73676.1,36.264,91,58,0,13,103,6,96,2.16e-16,80.1,69.23
7vqw,CAI4869963.1,35.354,99,64,0,12,110,29,127,2.18e-16,80.9,66.67
7vqw,THH07096.1,40.659,91,54,0,13,103,6,96,2.33e-16,85.9,67.03
7vqw,EHN03416.1,35.354,99,64,0,12,110,22,120,2.49e-16,80.5,66.67
7vqw,GFP68863.1,36.082,97,62,0,14,110,31,127,2.50e-16,80.5,65.98
7vqw,XP_033765015.1,35.354,99,64,0,12,110,29,127,2.50e-16,80.5,66.67
7vqw,KOH52087.1,34.343,99,65,0,12,110,29,127,2.73e-16,80.5,66.67
7vqw,KAI9470985.1,40.000,100,60,0,9,108,2,101,2.77e-16,79.7,60.00
7vqw,CAI4056827.1,35.354,99,64,0,12,110,29,127,2.82e-16,80.5,66.67
7vqw,XP_027608218.1,36.735,98,62,0,13,110,6,103,2.84e-16,79.7,66.33
7vqw,KAE8318863.1,37.234,94,57,1,12,103,5,98,2.90e-16,79.7,65.96
8ao0,8AO1_A,99.107,112,0,1,1,111,1,112,6.91e-75,228,99.11
8ao0,8AO0_A,99.107,112,0,1,1,111,1,112,9.71e-75,227,99.11
8ao0,7AV6_A,99.099,111,0,1,2,111,28,138,4.61e-74,226,99.10
8ao0,UGX62509.1,97.959,98,1,1,2,98,28,125,2.52e-63,199,98.98
8ao0,UGX62511.1,97.959,98,1,1,2,98,28,125,2.47e-60,202,98.98
8ao0,8DZX_A,89.796,98,9,1,2,98,28,125,2.25e-55,179,91.84
8ao0,8E1K_A,89.796,98,9,1,2,98,28,125,3.09e-55,179,91.84
8ao0,2I9V_A,89.796,98,9,1,2,98,28,125,3.16e-55,179,90.82
8ao0,8E09_A,89.796,98,9,1,2,98,28,125,4.25e-55,178,90.82
8ao0,MBK5936277.1,89.796,98,9,1,2,98,30,127,4.33e-55,178,90.82
8ao0,1XFN_A,89.796,98,9,1,2,98,16,113,4.35e-55,178,90.82
8ao0,1D7E_A,89.796,98,9,1,2,98,25,122,4.65e-55,178,90.82
8ao0,1ODV_A,89.796,98,9,1,2,98,3,100,4.84e-55,177,90.82
8ao0,1OT6_A,89.796,98,9,1,2,98,28,125,4.90e-55,178,90.82
8ao0,WP_201242104.1,89.796,98,9,1,2,98,28,125,4.95e-55,178,90.82
8ao0,8E1L_A,89.796,98,9,1,2,98,28,125,5.71e-55,178,90.82
8ao0,2PYP_A,89.796,98,9,1,2,98,28,125,6.30e-55,178,90.82
8ao0,7SJJ_A,89.796,98,9,1,2,98,28,125,7.76e-55,177,90.82
8ao0,6UN2_A,89.796,98,9,1,2,98,31,128,7.83e-55,177,90.82
8ao0,2KX6_A,89.796,98,9,1,2,98,33,130,7.98e-55,177,90.82
8ao0,6UMZ_A,89.796,98,9,1,2,98,31,128,8.09e-55,177,90.82
8ao0,8E03_A,89.796,98,9,1,2,98,28,125,9.15e-55,177,90.82
8ao0,8DZU_A,89.796,98,9,1,2,98,28,125,9.88e-55,177,90.82
8ao0,6UMY_A,89.796,98,9,1,2,98,31,128,1.10e-54,177,90.82
8ao0,MBK5944135.1,88.776,98,10,1,2,98,30,127,1.56e-54,177,90.82
8ao0,WP_201171625.1,88.776,98,10,1,2,98,28,125,1.73e-54,177,90.82
8ao0,1F9I_A,88.776,98,10,1,2,98,28,125,2.18e-54,176,90.82
8ao0,2D02_A,88.776,98,10,1,2,98,28,125,2.48e-54,176,90.82
8ao0,1GSW_A,88.776,98,10,1,2,98,28,125,3.02e-54,176,89.80
8ao0,1GSV_A,88.776,98,10,1,2,98,28,125,3.02e-54,176,89.80
8ao0,1F98_A,88.776,98,10,1,2,98,28,125,3.06e-54,176,89.80
8ao0,8DZY_A,88.776,98,10,1,2,98,28,125,3.94e-54,176,89.80
8ao0,8E02_A,88.776,98,10,1,2,98,28,125,4.11e-54,176,89.80
8ao0,7SPX_A,89.691,97,9,1,3,98,29,125,4.44e-54,176,90.72
8ao0,7SPW_A,88.776,98,10,1,2,98,28,125,8.11e-54,175,89.80
8ao0,7SPV_A,88.776,98,10,1,2,98,28,125,8.11e-54,175,89.80
8ao0,6MKT_A,88.776,98,10,1,2,98,28,125,1.07e-53,174,89.80
8ao0,1GSX_A,87.755,98,11,1,2,98,28,125,1.42e-53,174,88.78
8ao0,1UWN_X,87.755,98,11,1,2,98,28,125,8.48e-53,172,88.78
8ao0,1OTD_A,85.714,98,13,1,2,98,28,125,6.59e-52,170,88.78
8ao0,MBK1728261.1,85.714,98,13,1,2,98,30,127,9.75e-52,170,88.78
8ao0,WP_011814604.1,85.714,98,13,1,2,98,28,125,1.12e-51,169,88.78
8ao0,MFP4146451.1,83.673,98,15,1,2,98,28,125,1.22e-51,169,88.78
8ao0,MFP4649237.1,82.653,98,16,1,2,98,28,125,5.52e-50,165,87.76
8ao0,WP_090021468.1,78.571,98,20,1,2,98,28,125,2.40e-48,161,86.73
8ao0,WP_200261175.1,78.571,98,20,1,2,98,28,125,6.50e-48,160,85.71
8ao0,MFP4182626.1,78.351,97,20,1,2,97,28,124,1.76e-46,156,84.54
8ao0,MFP4130760.1,78.351,97,20,1,2,97,28,124,1.94e-46,156,84.54
8ao0,WP_411063793.1,77.320,97,21,1,2,97,28,124,9.73e-46,154,83.51
8ao0,WP_126819944.1,75.510,98,23,1,2,98,28,125,1.88e-45,154,83.67
8ao0,WP_126803739.1,75.510,98,23,1,2,98,28,125,2.14e-45,154,83.67
8ao0,MFO8065330.1,75.510,98,23,1,2,98,28,125,3.47e-45,153,84.69
8ao0,WP_228611215.1,74.490,98,24,1,2,98,30,127,7.86e-45,152,83.67
8ao0,WP_303732812.1,73.469,98,25,1,2,98,28,125,1.00e-44,152,85.71
8ao0,WP_310697465.1,74.490,98,24,1,2,98,28,125,1.21e-44,152,82.65
8ao0,WP_088767303.1,73.469,98,25,1,2,98,28,125,1.24e-44,152,85.71
8ao0,WP_207861641.1,71.429,98,27,1,2,98,30,127,1.26e-44,152,85.71
8ao0,WP_317504467.1,74.490,98,24,1,2,98,28,125,1.38e-44,152,84.69
8ao0,MCC5811015.1,75.510,98,23,1,2,98,28,125,1.46e-44,152,83.67
8ao0,MCA1767875.1,73.469,98,25,1,2,98,28,125,1.70e-44,151,84.69
8ao0,WP_129497596.1,72.449,98,26,1,2,98,28,125,2.05e-44,151,86.73
8ao0,WP_093428297.1,75.258,97,23,1,2,97,28,124,2.39e-44,151,83.51
8ao0,WP_190975668.1,74.490,98,24,1,2,98,28,125,2.97e-44,150,82.65
8ao0,WP_290610344.1,71.429,98,27,1,2,98,28,125,6.05e-44,150,85.71
8ao0,WP_250078808.1,73.469,98,25,1,2,98,28,125,6.54e-44,150,82.65
8ao0,WP_305943838.1,73.469,98,25,1,2,98,30,127,6.73e-44,150,81.63
8ao0,WP_248264293.1,72.449,98,26,1,2,98,28,125,7.87e-44,150,84.69
8ao0,WP_091957642.1,74.490,98,24,1,2,98,28,125,8.41e-44,150,82.65
8ao0,NBF40252.1,74.490,98,24,1,2,98,28,125,8.50e-44,149,81.63
8ao0,WP_290570503.1,74.490,98,24,1,2,98,28,125,1.05e-43,149,82.65
8ao0,WP_133539343.1,74.490,98,24,1,2,98,28,125,1.08e-43,149,82.65
8ao0,WP_091338811.1,73.469,98,25,1,2,98,30,127,1.20e-43,149,81.63
8ao0,WP_241970345.1,74.490,98,24,1,2,98,29,126,1.27e-43,149,81.63
8ao0,RUO77846.1,74.490,98,24,1,2,98,28,125,1.36e-43,149,81.63
8ao0,WP_179929345.1,74.490,98,24,1,2,98,28,125,1.54e-43,149,82.65
8ao0,WP_054490088.1,72.449,98,26,1,2,98,28,125,1.81e-43,149,84.69
8ao0,WP_075879266.1,74.490,98,24,1,2,98,28,125,1.91e-43,149,82.65
8ao0,WP_114982259.1,72.449,98,26,1,2,98,28,125,2.16e-43,149,82.65
8ao0,WP_416885118.1,72.449,98,26,1,2,98,28,125,2.21e-43,149,81.63
8ao0,WP_278373858.1,72.449,98,26,1,2,98,31,128,2.34e-43,149,84.69
8ao0,WP_417438977.1,72.449,98,26,1,2,98,28,125,2.38e-43,149,82.65
8ao0,WP_090244576.1,72.449,98,26,1,2,98,28,125,2.51e-43,148,81.63
8ao0,WP_317507626.1,73.469,98,25,1,2,98,30,127,2.68e-43,148,82.65
8ao0,WP_100691326.1,71.429,98,27,1,2,98,28,125,2.84e-43,148,85.71
8ao0,MFP4330315.1,72.449,98,26,1,2,98,28,125,3.03e-43,148,84.69
8ao0,WP_126841268.1,74.490,98,24,1,2,98,28,125,3.06e-43,148,79.59
8ao0,WP_404471613.1,72.449,98,26,1,2,98,30,127,3.22e-43,148,82.65
8ao0,WP_415054280.1,72.449,98,26,1,2,98,28,125,3.31e-43,148,81.63
8ao0,WP_404399495.1,73.469,98,25,1,2,98,28,125,3.31e-43,148,80.61
8ao0,WP_113907645.1,73.469,98,25,1,2,98,28,125,4.21e-43,148,81.63
8ao0,WP_215001574.1,72.449,98,26,1,2,98,28,125,4.54e-43,148,81.63
8ao0,WP_341439466.1,71.429,98,27,1,2,98,28,125,4.54e-43,148,82.65
8ao0,MCA1773057.1,72.449,98,26,1,2,98,30,127,5.05e-43,148,82.65
8ao0,WP_317497634.1,71.429,98,27,1,2,98,28,125,5.47e-43,147,82.65
8ao0,WP_126790130.1,72.449,98,26,1,2,98,28,125,6.11e-43,147,83.67
8ao0,WP_230447135.1,72.449,98,26,1,2,98,42,139,7.72e-43,147,81.63
8ao0,WP_042087567.1,71.429,98,27,1,2,98,28,125,8.03e-43,147,83.67
8ao0,WP_011235611.1,71.429,98,27,1,2,98,28,125,8.12e-43,147,82.65
8ao0,MFO8154858.1,73.196,97,25,1,2,97,28,124,8.67e-43,147,79.38
8ao0,WP_034822699.1,71.429,98,27,1,2,98,28,125,8.96e-43,147,82.65
4kyz,4KY3_A,98.204,167,3,0,1,167,3,169,3.30e-113,329,98.20
4kyz,1QYS_A,86.364,88,8,1,1,88,3,86,5.68e-42,147,87.50
4kyz,7FAO_A,84.091,88,10,1,1,88,5,88,6.86e-41,144,85.23
4kyz,QDA34032.1,78.495,93,11,2,1,88,18,106,1.50e-37,136,80.65
4kyz,2MTL_A,81.176,85,11,1,80,164,3,82,4.41e-37,134,87.06
4kyz,2KL8_A,83.333,78,13,0,80,157,2,79,9.56e-37,133,91.03
4kyz,5CW9_A,80.263,76,15,0,81,156,37,112,2.40e-33,126,89.47
4kyz,2N41_A,75.000,88,18,1,1,88,11,94,2.62e-33,125,78.41
4kyz,4PWW_A,72.000,75,21,0,80,154,2,76,3.98e-27,108,82.67
4kyz,4HHU_A,71.250,80,19,1,85,164,89,164,2.58e-25,106,75.00
4kyz,4HHU_A,72.973,74,20,0,85,158,8,81,4.63e-25,105,77.03
4kyz,6WXP_A,72.603,73,20,0,81,153,60,132,3.24e-25,106,80.82
4kyz,6ZV9_A,72.603,73,20,0,81,153,60,132,3.34e-25,106,80.82
4kyz,6WXO_A,72.603,73,20,0,81,153,79,151,7.40e-25,106,80.82
4kyz,4NEZ_A,68.750,80,21,1,85,164,91,166,1.20e-23,102,72.50
4kyz,4NEZ_A,77.273,66,15,0,85,150,8,73,4.02e-23,101,80.30
4kyz,4NEY_A,68.750,80,21,1,85,164,92,167,1.23e-23,102,72.50
4kyz,4NEY_A,77.273,66,15,0,85,150,8,73,4.12e-23,101,80.30
4kyz,4RJV_A,62.353,85,27,1,80,164,2,81,3.49e-23,98.6,74.12
4kyz,ATA67140.1,64.634,82,24,1,83,164,236,312,9.50e-19,94.7,71.95
4kyz,2MBL_A,51.515,99,32,3,2,88,6,100,7.84e-11,67.8,61.62
4kyz,2GJH_A,71.111,45,9,1,44,88,2,42,1.63e-08,60.5,77.78
4kyz,2JVF_A,30.337,89,58,1,2,90,6,90,8.16e-06,54.3,59.55
8d09,8D09_A,100.000,65,0,0,1,65,4,68,1.87e-34,122,100.00
2lr2,2LR2_A,100.000,76,0,0,1,76,13,88,8.63e-47,154,100.00
2lr2,WCK11299.1,76.000,75,1,1,2,76,16,73,5.02e-27,104,76.00
2lr2,BAC76617.1,75.000,76,2,1,1,76,6,64,1.11e-26,103,75.00
2lr2,1H0T_A,76.000,75,1,1,2,76,1,58,1.73e-26,102,76.00
2lr2,BAL27697.1,75.000,76,2,1,1,76,27,85,3.23e-26,102,75.00
2lr2,BAL27690.1,75.000,76,2,1,1,76,26,84,3.39e-26,102,75.00
2lr2,BAC76619.1,75.000,76,2,1,1,76,6,64,6.25e-26,103,75.00
2lr2,BAC76619.1,76.000,75,1,1,2,76,65,122,1.08e-25,102,76.00
2lr2,7TIO_A,74.667,75,2,1,2,76,1,58,1.16e-25,100,74.67
2lr2,ALO52730.1,76.000,75,1,1,2,76,61,118,1.25e-25,102,76.00
2lr2,ALO52730.1,74.667,75,2,1,2,76,3,60,7.43e-25,100,74.67
2lr2,AEO27882.1,75.000,76,2,1,1,76,59,117,1.40e-25,103,75.00
2lr2,AEO27882.1,74.667,75,2,1,2,76,118,175,2.50e-24,100,74.67
2lr2,AUZ17109.1,75.000,76,2,1,1,76,56,114,1.52e-25,103,75.00
2lr2,AUZ17109.1,74.667,75,2,1,2,76,115,172,2.73e-24,100,74.67
2lr2,AAV33421.1,75.000,76,2,1,1,76,57,115,1.58e-25,103,75.00
2lr2,AAV33421.1,74.667,75,2,1,2,76,116,173,2.80e-24,100,74.67
2lr2,ABT17113.1,75.000,76,2,1,1,76,10,68,1.84e-25,103,75.00
2lr2,ABT17113.1,76.000,75,1,1,2,76,69,126,2.76e-25,102,76.00
2lr2,AAB00807.1,75.000,76,2,1,1,76,6,64,1.99e-25,104,75.00
2lr2,AAB00807.1,76.000,75,1,1,2,76,65,122,3.13e-25,103,76.00
2lr2,AAR10385.1,76.000,75,1,1,2,76,2,59,2.01e-25,103,76.00
2lr2,AAR10385.1,76.000,75,1,1,2,76,62,119,2.01e-25,103,76.00
2lr2,AAV33419.1,75.000,76,2,1,1,76,10,68,2.05e-25,103,75.00
2lr2,AAV33419.1,76.000,75,1,1,2,76,69,126,3.14e-25,103,76.00
2lr2,2JWD_A,73.333,75,3,1,2,76,2,59,2.12e-25,99.8,74.67
2lr2,AAR10384.1,76.000,75,1,1,2,76,3,60,2.43e-25,103,76.00
2lr2,AAR10384.1,76.000,75,1,1,2,76,63,120,2.43e-25,103,76.00
2lr2,AAV33423.1,75.000,76,2,1,1,76,10,68,2.63e-25,103,75.00
2lr2,AAV33423.1,76.000,75,1,1,2,76,69,126,4.01e-25,102,76.00
2lr2,AAR10383.1,76.000,75,1,1,2,76,77,134,2.97e-25,103,76.00
2lr2,AAR10383.1,76.000,75,1,1,2,76,137,194,2.97e-25,103,76.00
2lr2,WCK11300.1,76.000,75,1,1,2,76,25,82,2.98e-25,106,76.00
2lr2,BAL27707.1,75.000,76,2,1,1,76,212,270,3.01e-25,105,75.00
2lr2,ACM16582.1,75.000,76,2,1,1,76,23,81,3.55e-25,103,75.00
2lr2,ACM16582.1,76.000,75,1,1,2,76,82,139,4.97e-25,103,76.00
2lr2,AAA73085.1,75.000,76,2,1,1,76,42,100,3.86e-25,104,75.00
2lr2,AAA73085.1,76.000,75,1,1,2,76,101,158,5.00e-25,103,76.00
2lr2,ALL35039.1,75.000,76,2,1,1,76,136,194,3.87e-25,105,75.00
2lr2,ALL35039.1,74.667,75,2,1,2,76,195,252,6.51e-24,101,74.67
2lr2,UFQ90408.1,76.000,75,1,1,2,76,8,65,3.89e-25,103,76.00
2lr2,UFQ90408.1,76.000,75,1,1,2,76,66,123,3.89e-25,103,76.00
2lr2,1BDC_A,73.333,75,3,1,2,76,2,59,4.03e-25,99.4,73.33
2lr2,AAR10386.1,76.000,75,1,1,2,76,84,141,4.11e-25,103,76.00
2lr2,AAR10386.1,76.000,75,1,1,2,76,144,201,4.11e-25,103,76.00
2lr2,CAA49867.1,74.324,74,2,1,3,76,23,79,4.57e-25,99.8,74.32
2lr2,ABW89480.1,76.000,75,1,1,2,76,354,411,4.61e-25,107,76.00
2lr2,WP_190282922.1,73.333,75,3,1,2,76,24,81,5.11e-25,99.8,73.33
2lr2,6KRV_D,73.333,75,3,1,2,76,1,58,5.56e-25,98.6,73.33
2lr2,BAL27694.1,75.000,76,2,1,1,76,238,296,6.82e-25,105,75.00
2lr2,AUZ17088.1,73.684,76,3,1,1,76,55,113,7.98e-25,102,75.00
2lr2,AUZ17088.1,74.667,75,2,1,2,76,114,171,2.81e-24,100,74.67
2lr2,1SS1_A,72.000,75,4,1,2,76,4,61,8.29e-25,98.6,73.33
2lr2,BAL27705.1,75.000,76,2,1,1,76,229,287,8.97e-25,104,75.00
2lr2,HCU8480534.1,73.333,75,3,1,2,76,41,98,1.02e-24,99.8,73.33
2lr2,HCU8480534.1,59.649,57,6,1,20,76,1,40,6.19e-09,59.7,66.67
2lr2,WP_216809652.1,73.333,75,3,1,2,76,39,96,1.16e-24,99.4,73.33
2lr2,WP_216809652.1,60.000,55,5,1,22,76,1,38,2.90e-07,55.1,65.45
2lr2,WP_171840220.1,72.000,75,4,1,2,76,25,82,1.18e-24,98.6,73.33
2lr2,BAL27703.1,75.000,76,2,1,1,76,277,335,1.20e-24,105,75.00
2lr2,WP_199251865.1,73.333,75,3,1,2,76,36,93,1.31e-24,99.0,73.33
2lr2,WP_199251865.1,63.462,52,2,1,25,76,1,35,8.98e-07,53.9,63.46
2lr2,ABX88876.1,73.333,75,3,1,2,76,132,189,1.45e-24,101,73.33
2lr2,ABX88877.1,73.333,75,3,1,2,76,156,213,1.55e-24,102,73.33
2lr2,BAL27699.1,75.000,76,2,1,1,76,279,337,1.80e-24,104,75.00
2lr2,BAL27701.1,75.000,76,2,1,1,76,278,336,1.81e-24,104,75.00
2lr2,MBS3448759.1,73.333,75,3,1,2,76,38,95,1.92e-24,99.0,73.33
2lr2,MBS3448759.1,59.259,54,5,1,23,76,1,37,1.63e-06,53.5,64.81
2lr2,WP_000292520.1,73.333,75,3,1,2,76,37,94,2.02e-24,99.0,73.33
2lr2,WP_000292520.1,58.491,53,5,1,24,76,1,36,8.24e-06,51.6,64.15
2lr2,4GWP_C,75.000,76,2,1,1,76,281,339,2.05e-24,105,75.00
2lr2,4GWP_C,74.667,75,2,1,2,76,340,397,3.23e-23,102,74.67
2lr2,MBU6915187.1,73.333,75,3,1,2,76,55,112,2.16e-24,99.0,73.33
2lr2,MBU6915187.1,64.789,71,8,1,6,76,1,54,4.45e-18,82.8,73.24
2lr2,HDB4026405.1,73.333,75,3,1,2,76,7,64,2.27e-24,99.4,73.33
2lr2,HDB4026405.1,65.333,75,9,1,2,76,65,122,1.11e-20,90.1,68.00
2lr2,HDB6795401.1,73.333,75,3,1,2,76,15,72,2.36e-24,99.4,73.33
2lr2,HDB6795401.1,65.333,75,9,1,2,76,73,130,1.15e-20,90.1,68.00
2lr2,MDE3372780.1,73.333,75,3,1,2,76,43,100,2.40e-24,99.0,73.33
2lr2,MDE3372780.1,61.017,59,6,1,18,76,1,42,5.82e-10,62.4,67.80
2lr2,KMR48659.1,73.333,75,3,1,2,76,18,75,2.44e-24,101,73.33
2lr2,KMR48659.1,65.333,75,9,1,2,76,76,133,1.00e-20,92.4,68.00
2lr2,MBD1480866.1,73.333,75,3,1,2,76,60,117,2.56e-24,99.0,73.33
2lr2,MBD1480866.1,65.333,75,9,1,2,76,2,59,2.74e-20,88.6,72.00
2lr2,HDC3710070.1,73.333,75,3,1,2,76,5,62,2.57e-24,99.0,73.33
2lr2,HDC3710070.1,65.333,75,9,1,2,76,63,120,1.26e-20,89.7,68.00
2lr2,MBH4638815.1,73.333,75,3,1,2,76,4,61,2.62e-24,100,73.33
2lr2,MBH4638815.1,65.333,75,9,1,2,76,62,119,1.07e-20,91.3,68.00
2lr2,MBS3611630.1,73.333,75,3,1,2,76,7,64,2.69e-24,99.8,73.33
2lr2,MBS3611630.1,65.333,75,9,1,2,76,65,122,1.16e-20,90.5,68.00
2lr2,MRW03520.1,73.333,75,3,1,2,76,21,78,2.84e-24,99.4,73.33
2lr2,MRW03520.1,65.333,75,9,1,2,76,79,136,1.33e-20,90.1,68.00
2lr2,HDB5368237.1,73.333,75,3,1,2,76,23,80,2.84e-24,99.4,73.33
2lr2,HDB5368237.1,65.333,75,9,1,2,76,81,138,1.36e-20,90.1,68.00
2lr2,HCZ2682959.1,73.333,75,3,1,2,76,21,78,2.95e-24,99.4,73.33
2lr2,HCZ2682959.1,65.333,75,9,1,2,76,79,136,1.38e-20,90.1,68.00
2lr2,HDB5877111.1,73.333,75,3,1,2,76,13,70,3.00e-24,99.4,73.33
2lr2,HDB5877111.1,65.333,75,9,1,2,76,71,128,1.36e-20,90.1,68.00
2lr2,HDC3592934.1,73.333,75,3,1,2,76,22,79,3.02e-24,99.8,73.33
2lr2,HDC3592934.1,65.333,75,9,1,2,76,80,137,1.34e-20,90.1,68.00
2lr2,HCY5413009.1,73.333,75,3,1,2,76,1,58,3.03e-24,99.4,73.33
2lr2,HCY5413009.1,65.333,75,9,1,2,76,59,116,1.38e-20,90.1,68.00
2lr2,HDB5621493.1,73.333,75,3,1,2,76,13,70,3.09e-24,99.4,73.33
2lr2,HDB5621493.1,65.333,75,9,1,2,76,71,128,1.40e-20,90.1,68.00
2lr2,VED70545.1,73.333,75,3,1,2,76,8,65,3.13e-24,101,73.33
2lr2,VED70545.1,65.333,75,9,1,2,76,66,123,1.65e-20,92.0,68.00
2lr2,HDC3244365.1,73.333,75,3,1,2,76,16,73,3.17e-24,99.4,73.33
2lr2,HDC3244365.1,65.333,75,9,1,2,76,74,131,1.42e-20,90.1,68.00
2lr2,HDB4432420.1,73.333,75,3,1,2,76,16,73,3.21e-24,99.4,73.33
2lr2,HDB4432420.1,65.333,75,9,1,2,76,74,131,1.57e-20,89.7,68.00
2lr2,HDC3638389.1,73.333,75,3,1,2,76,6,63,3.23e-24,99.8,73.33
2lr2,HDC3638389.1,65.333,75,9,1,2,76,64,121,1.33e-20,90.5,68.00
2lr2,WP_171840217.1,72.000,75,4,1,2,76,25,82,3.27e-24,98.6,73.33
2lr2,WP_171840217.1,92.857,28,2,0,2,29,83,110,5.69e-08,57.0,92.86
2lr2,HDR2195663.1,73.333,75,3,1,2,76,2,59,3.27e-24,99.4,73.33
2lr2,HDR2195663.1,65.333,75,9,1,2,76,60,117,1.50e-20,90.1,68.00
2lr2,HDB4044633.1,73.333,75,3,1,2,76,6,63,3.29e-24,99.4,73.33
2lr2,HDB4044633.1,65.333,75,9,1,2,76,64,121,1.51e-20,89.7,68.00
2lr2,HEA6253006.1,73.333,75,3,1,2,76,12,69,3.31e-24,99.4,73.33
2lr2,HEA6253006.1,65.333,75,9,1,2,76,70,127,1.52e-20,90.1,68.00
2lr2,MDI1800364.1,73.333,75,3,1,2,76,20,77,3.37e-24,99.4,73.33
2lr2,MDI1800364.1,65.333,75,9,1,2,76,78,135,1.58e-20,90.1,68.00
2lr2,HDC3502725.1,73.333,75,3,1,2,76,17,74,3.48e-24,99.0,73.33
2lr2,HDC3502725.1,65.333,75,9,1,2,76,75,132,1.70e-20,89.7,68.00
2lr2,HCZ1285144.1,73.333,75,3,1,2,76,3,60,3.50e-24,99.4,73.33
2lr2,HCZ1285144.1,65.333,75,9,1,2,76,61,118,1.62e-20,90.1,68.00
2lr2,HDB5613682.1,73.333,75,3,1,2,76,13,70,3.62e-24,99.4,73.33
2lr2,HDB5613682.1,65.333,75,9,1,2,76,71,128,1.60e-20,90.1,68.00
2lr2,CAA65431.1,75.000,76,2,1,1,76,157,215,3.98e-24,103,75.00
2lr2,CAA65431.1,76.000,75,1,1,2,76,86,143,5.24e-24,103,76.00
2lr2,CAA65431.1,76.000,75,1,1,2,76,216,273,5.24e-24,103,76.00
2lr2,CAA65431.1,73.684,76,3,1,1,76,27,85,2.77e-23,101,75.00
2lr2,HCZ7026050.1,73.333,75,3,1,2,76,16,73,4.12e-24,99.4,73.33
2lr2,HCZ7026050.1,65.333,75,9,1,2,76,74,131,1.92e-20,89.7,68.00
2lr2,HDB5685545.1,73.333,75,3,1,2,76,17,74,4.33e-24,99.4,73.33
2lr2,HDB5685545.1,65.333,75,9,1,2,76,75,132,1.93e-20,90.1,68.00
2lr2,HDB7920208.1,73.333,75,3,1,2,76,26,83,4.36e-24,99.8,73.33
2lr2,HDB7920208.1,65.333,75,9,1,2,76,84,141,1.79e-20,90.5,68.00
2lr2,WVQ61226.1,73.333,75,3,1,2,76,21,78,4.48e-24,100,73.33
2lr2,WVQ61226.1,65.333,75,9,1,2,76,79,136,1.79e-20,91.3,68.00
2lr2,HDB7264641.1,73.333,75,3,1,2,76,28,85,4.56e-24,100,73.33
2lr2,HDB7264641.1,65.333,75,9,1,2,76,86,143,1.70e-20,90.9,68.00
2lr2,HDB4628233.1,73.333,75,3,1,2,76,18,75,4.61e-24,99.4,73.33
2lr2,HDB4628233.1,65.333,75,9,1,2,76,76,133,2.11e-20,89.7,68.00
2lr2,HDB5349654.1,73.333,75,3,1,2,76,37,94,5.35e-24,99.8,73.33
2lr2,HDB5349654.1,65.333,75,9,1,2,76,95,152,2.23e-20,90.5,68.00
2lr2,HDB5349654.1,58.491,53,5,1,24,76,1,36,1.65e-05,52.0,64.15
2lr2,MBS3222459.1,73.333,75,3,1,2,76,60,117,5.53e-24,98.6,73.33
2lr2,MBS3222459.1,66.667,75,8,1,2,76,2,59,2.00e-20,89.4,72.00
2lr2,WP_371090841.1,73.333,75,3,1,2,76,39,96,5.85e-24,101,73.33
2lr2,WP_371090841.1,65.333,75,9,1,2,76,97,154,2.19e-20,92.0,68.00
2lr2,WP_371090841.1,60.000,55,5,1,22,76,1,38,6.44e-07,56.6,65.45
2lr2,WP_048536699.1,73.333,75,3,1,2,76,30,87,5.86e-24,100,73.33
2lr2,WP_048536699.1,65.333,75,9,1,2,76,88,145,2.36e-20,90.9,68.00
2lr2,MEZ2020989.1,73.333,75,3,1,2,76,39,96,5.96e-24,99.4,73.33
2lr2,MEZ2020989.1,65.333,75,9,1,2,76,97,154,2.41e-20,90.1,68.00
2lr2,MEZ2020989.1,60.000,55,5,1,22,76,1,38,7.80e-07,55.5,65.45
2lr2,WP_202970138.1,73.333,75,3,1,2,76,39,96,6.75e-24,99.8,73.33
2lr2,WP_202970138.1,65.333,75,9,1,2,76,97,154,2.88e-20,90.5,68.00
2lr2,WP_202970138.1,60.000,55,5,1,22,76,1,38,8.04e-07,55.5,65.45
2lr2,NGF82740.1,73.333,75,3,1,2,76,44,101,7.15e-24,101,73.33
2lr2,NGF82740.1,65.333,75,9,1,2,76,102,159,2.69e-20,92.0,68.00
2lr2,NGF82740.1,60.000,60,7,1,17,76,1,43,4.52e-10,65.1,68.33
2lr2,NUY16691.1,73.333,75,3,1,2,76,44,101,7.37e-24,100,73.33
2lr2,NUY16691.1,65.333,75,9,1,2,76,102,159,2.85e-20,90.9,68.00
2lr2,NUY16691.1,60.000,60,7,1,17,76,1,43,5.78e-10,64.3,68.33
2lr2,HDB5354899.1,73.333,75,3,1,2,76,43,100,7.69e-24,99.4,73.33
2lr2,HDB5354899.1,64.000,75,10,1,2,76,101,158,2.47e-19,87.8,66.67
2lr2,HDB5354899.1,59.322,59,7,1,18,76,1,42,4.39e-09,61.2,67.80
2lr2,PVG33338.1,73.333,75,3,1,2,76,44,101,7.85e-24,101,73.33
2lr2,PVG33338.1,65.333,75,9,1,2,76,102,159,2.97e-20,92.0,68.00
2lr2,PVG33338.1,60.000,60,7,1,17,76,1,43,4.70e-10,65.1,68.33
2lr2,EIK20102.1,73.333,75,3,1,2,76,44,101,8.20e-24,100,73.33
2lr2,EIK20102.1,65.333,75,9,1,2,76,102,159,3.06e-20,91.3,68.00
2lr2,EIK20102.1,58.333,60,8,1,17,76,1,43,1.53e-09,63.5,68.33
2lr2,EIK36223.1,73.333,75,3,1,2,76,38,95,8.26e-24,100,73.33
2lr2,EIK36223.1,65.333,75,9,1,2,76,96,153,2.79e-20,91.3,68.00
2lr2,EIK36223.1,59.259,54,5,1,23,76,1,37,4.02e-06,54.3,64.81
2lr2,AEO27881.1,75.000,76,2,1,1,76,348,406,8.31e-24,104,75.00
2lr2,AEO27881.1,74.667,75,2,1,2,76,407,464,1.16e-22,101,74.67
2lr2,WP_192856432.1,73.973,73,2,1,4,76,1,56,8.55e-24,96.3,73.97
2lr2,NGW37895.1,73.333,75,3,1,2,76,44,101,8.85e-24,100,73.33
2lr2,NGW37895.1,65.333,75,9,1,2,76,102,159,3.42e-20,90.9,68.00
2lr2,NGW37895.1,60.000,60,7,1,17,76,1,43,5.96e-10,64.3,68.33
2lr2,EZI01870.1,73.333,75,3,1,2,76,41,98,9.12e-24,100,73.33
2lr2,EZI01870.1,65.333,75,9,1,2,76,99,156,3.57e-20,90.9,68.00
2lr2,EZI01870.1,59.649,57,6,1,20,76,1,40,2.50e-08,60.1,66.67
2lr2,4NPF_X,72.000,75,4,1,2,76,1,58,9.38e-24,97.4,73.33
2lr2,4NPF_X,72.000,75,4,1,2,76,59,116,9.38e-24,97.4,73.33
5j7d,5J7D_A,100.000,106,0,0,1,106,1,106,4.83e-70,215,100.00
5j7d,7Q3K_A,91.509,106,9,0,1,106,1,106,4.94e-61,192,92.45
5j7d,7Q3J_A,90.566,106,10,0,1,106,1,106,2.82e-60,191,91.51
5j7d,2PUK_C,46.667,105,56,0,2,106,2,106,5.73e-23,96.3,64.76
5j7d,1GL8_A,47.115,104,55,0,2,105,1,104,6.74e-23,96.3,64.42
5j7d,1FB0_A,47.115,104,55,0,2,105,2,105,7.73e-23,95.9,64.42
5j7d,XP_021771670.1,48.571,105,54,0,2,106,78,182,8.10e-23,98.2,62.86
5j7d,P07591.2,46.667,105,56,0,2,106,76,180,2.51e-22,97.1,63.81
5j7d,XP_010692624.1,48.571,105,54,0,2,106,80,184,2.51e-22,97.1,62.86
5j7d,XP_021760944.1,47.619,105,55,0,2,106,78,182,2.66e-22,97.1,62.86
5j7d,NP_001413268.1,46.667,105,56,0,2,106,76,180,2.68e-22,97.1,63.81
5j7d,KAL2894143.1,45.714,105,57,0,2,106,79,183,5.05e-21,93.6,62.86
5j7d,AJK93574.1,45.714,105,57,0,2,106,81,185,5.59e-21,93.6,62.86
5j7d,XP_057533718.1,42.857,105,60,0,2,106,77,181,1.31e-19,90.1,62.86
5j7d,KAH9621611.1,43.810,105,59,0,2,106,79,183,3.25e-19,89.0,61.90
5j7d,XP_021754862.1,40.952,105,62,0,1,105,1,105,3.65e-18,84.3,60.95
5j7d,AGG19200.1,41.905,105,61,0,2,106,82,186,3.84e-18,86.3,57.14
5j7d,GMP79654.1,41.584,101,59,0,5,105,14,114,5.06e-18,84.3,59.41
5j7d,KAA8546502.1,40.594,101,60,0,5,105,82,182,5.40e-18,85.9,60.40
5j7d,XP_068653066.1,42.308,104,60,0,2,105,76,179,5.61e-18,85.9,59.62
5j7d,CAL0319457.1,43.269,104,59,0,2,105,101,204,7.15e-18,86.3,59.62
5j7d,XP_019434296.1,43.269,104,59,0,2,105,100,203,7.71e-18,85.9,59.62
5j7d,GMP46576.1,39.604,101,61,0,5,105,6,106,9.18e-18,83.2,58.42
5j7d,KAL4191702.1,39.604,101,61,0,5,105,83,183,9.87e-18,85.1,62.38
5j7d,KAH7832816.1,42.574,101,58,0,5,105,72,172,1.05e-17,85.1,59.41
5j7d,KAK1439593.1,42.308,104,60,0,2,105,67,170,1.06e-17,84.7,60.58
5j7d,XP_059631677.1,42.574,101,58,0,5,105,76,176,1.09e-17,85.1,59.41
5j7d,KAI8013239.1,40.196,102,61,0,4,105,79,180,1.20e-17,85.1,59.80
5j7d,KAF9610432.1,41.346,104,61,0,2,105,74,177,1.20e-17,85.1,59.62
5j7d,XP_049356578.1,42.574,101,58,0,5,105,87,187,1.31e-17,85.1,59.41
5j7d,KAI8531447.1,42.574,101,58,0,5,105,72,172,1.38e-17,84.7,59.41
5j7d,KAE9608927.1,43.269,104,59,0,2,105,97,200,1.44e-17,85.1,59.62
5j7d,XP_006362954.1,42.574,101,58,0,5,105,87,187,1.47e-17,84.7,59.41
5j7d,XP_057505377.1,42.574,101,58,0,5,105,74,174,1.47e-17,84.7,58.42
5j7d,XP_049402152.1,42.574,101,58,0,5,105,87,187,1.52e-17,84.7,59.41
5j7d,KAK1418067.1,41.346,104,61,0,2,105,75,178,1.70e-17,84.3,59.62
5j7d,XP_057531182.1,40.196,102,61,0,4,105,82,183,1.78e-17,84.7,59.80
5j7d,CAL0305477.1,42.308,104,60,0,2,105,77,180,1.92e-17,84.3,58.65
5j7d,XP_058188915.1,42.574,101,58,0,5,105,72,172,1.99e-17,84.3,59.41
5j7d,XP_015055933.1,42.574,101,58,0,5,105,87,187,2.03e-17,84.7,59.41
5j7d,KAF7127325.1,42.574,101,58,0,5,105,72,172,2.10e-17,84.3,59.41
5j7d,XP_004248268.1,42.574,101,58,0,5,105,87,187,2.10e-17,84.3,59.41
5j7d,XP_022989806.1,40.385,104,62,0,2,105,81,184,2.12e-17,84.3,61.54
5j7d,KAL4555028.1,40.385,104,62,0,2,105,76,179,2.15e-17,84.3,59.62
5j7d,XP_022955939.1,40.385,104,62,0,2,105,81,184,2.21e-17,84.3,61.54
5j7d,XP_023524932.1,40.385,104,62,0,2,105,81,184,2.24e-17,84.3,61.54
5j7d,KAL3325574.1,41.584,101,59,0,5,105,85,185,2.31e-17,84.3,59.41
5j7d,KAG7032842.1,40.385,104,62,0,2,105,81,184,2.33e-17,84.3,61.54
5j7d,XP_028112097.1,41.584,101,59,0,5,105,91,191,2.39e-17,84.3,59.41
5j7d,KAK4723449.1,41.584,101,59,0,5,105,85,185,2.41e-17,84.3,59.41
5j7d,KAG6602152.1,40.385,104,62,0,2,105,81,184,2.41e-17,84.3,61.54
5j7d,KAJ4841698.1,39.423,104,63,0,2,105,73,176,2.42e-17,84.0,59.62
5j7d,GMP79652.1,41.584,101,59,0,5,105,91,191,2.44e-17,84.3,59.41
5j7d,KAF5942421.1,41.584,101,59,0,5,105,89,189,2.57e-17,84.3,59.41
5j7d,CAM5815384.1,42.308,104,60,0,2,105,69,172,2.60e-17,84.0,57.69
5j7d,PSS17491.1,42.574,101,58,0,5,105,74,174,2.66e-17,84.0,58.42
5j7d,CAJ1974327.1,39.604,101,61,0,5,105,76,176,2.67e-17,84.0,59.41
5j7d,XP_030494529.1,41.584,101,59,0,5,105,78,178,2.70e-17,84.0,60.40
5j7d,XP_019415071.1,42.308,104,60,0,2,105,77,180,2.71e-17,84.0,58.65
5j7d,CAL5348520.1,41.584,101,59,0,5,105,90,190,2.72e-17,84.3,59.41
5j7d,CAL5417534.1,41.584,101,59,0,5,105,89,189,2.75e-17,84.3,59.41
5j7d,XP_028112098.1,41.584,101,59,0,5,105,89,189,2.78e-17,84.3,59.41
5j7d,KAI3774985.1,39.423,104,63,0,2,105,62,165,3.05e-17,83.6,59.62
5j7d,XP_043620458.1,40.385,104,62,0,2,105,80,183,3.18e-17,84.0,59.62
5j7d,KAE9603966.1,42.308,104,60,0,2,105,77,180,3.32e-17,84.0,58.65
5j7d,KAI8002447.1,41.584,101,59,0,5,105,89,189,3.37e-17,84.0,59.41
5j7d,PSS19472.1,42.574,101,58,0,5,105,76,176,3.38e-17,83.6,58.42
5j7d,XP_015903102.3,43.564,101,57,0,5,105,85,185,3.55e-17,84.0,58.42
5j7d,KAL4332644.1,39.604,101,61,0,5,105,79,179,3.58e-17,83.6,63.37
5j7d,KAJ0500593.1,39.423,104,63,0,2,105,21,124,3.60e-17,82.0,60.58
5j7d,Q6H7E4.1,37.143,105,66,0,2,106,68,172,3.63e-17,83.6,63.81
5j7d,KAH7525196.1,43.564,101,57,0,5,105,85,185,4.04e-17,84.0,58.42
5j7d,KAI3675394.1,39.423,104,63,0,2,105,82,185,4.12e-17,83.6,61.54
5j7d,KAI4307188.1,40.385,104,62,0,2,105,77,180,4.16e-17,83.6,59.62
5j7d,KAI4307189.1,40.385,104,62,0,2,105,78,181,4.30e-17,83.6,59.62
5j7d,KMS97967.1,41.176,102,60,0,4,105,85,186,4.31e-17,83.6,59.80
5j7d,XP_021754863.1,40.196,102,61,0,4,105,3,104,4.35e-17,81.3,60.78
5j7d,XP_010695000.3,41.176,102,60,0,4,105,85,186,4.45e-17,83.6,59.80
5j7d,XP_004502573.1,41.584,101,59,0,5,105,77,177,4.68e-17,83.6,60.40
5j7d,TMW94135.1,41.584,101,59,0,5,105,87,187,4.69e-17,83.6,59.41
5j7d,KAK9674450.1,39.048,105,64,0,1,105,21,125,4.84e-17,82.0,60.95
5j7d,KAG5525198.1,41.584,101,59,0,5,105,73,173,5.02e-17,83.2,59.41
5j7d,KAK6934264.1,39.604,101,61,0,5,105,87,187,5.57e-17,83.6,60.40
5j7d,KAF4381366.1,41.584,101,59,0,5,105,78,178,5.62e-17,83.2,59.41
5j7d,GMI82968.1,38.462,104,64,0,2,105,68,171,5.70e-17,83.2,62.50
5j7d,MBA0691975.1,38.614,101,62,0,5,105,3,103,5.81e-17,81.3,62.38
5j7d,XP_013464712.1,37.500,104,65,0,2,105,70,173,5.95e-17,82.8,60.58
5j7d,XP_027368089.1,39.604,101,61,0,5,105,81,181,6.00e-17,83.2,59.41
5j7d,GMP46575.1,38.835,103,63,0,4,106,84,186,6.21e-17,83.2,58.25
5j7d,XP_040998533.1,41.584,101,59,0,5,105,81,181,6.27e-17,83.2,59.41
5j7d,XP_018807007.1,41.584,101,59,0,5,105,81,181,6.33e-17,83.2,59.41
5j7d,KAI9199968.1,41.584,101,59,0,5,105,86,186,6.48e-17,83.2,59.41
5j7d,CAK9313533.1,41.346,104,61,0,2,105,77,180,6.97e-17,83.2,60.58
5j7d,KAJ0514433.1,38.462,104,64,0,2,105,3,106,7.58e-17,80.9,60.58
5j7d,RDX63163.1,38.614,101,62,0,5,105,81,181,7.60e-17,82.8,58.42
5j7d,XP_006858391.1,39.423,104,63,0,2,105,86,189,7.86e-17,83.2,59.62
5j7d,KAL4183853.1,39.423,104,63,0,2,105,84,187,7.86e-17,83.2,59.62
5j7d,KAI7751465.1,40.385,104,62,0,2,105,78,181,8.46e-17,82.8,60.58
5j7d,KAF5955141.1,39.216,102,62,0,4,105,78,179,8.47e-17,82.8,58.82
5j7d,KAJ0684476.1,39.423,104,63,0,2,105,82,185,8.56e-17,82.8,60.58
6w3w,6W3W_A,100.000,107,0,0,1,107,1,107,1.45e-69,214,100.00
6tj1,6TJ1_A,95.082,61,0,1,1,58,17,77,4.89e-28,107,95.08
6tj1,6TMS_A,94.643,56,0,1,6,58,1,56,2.85e-23,94.7,94.64
6tj1,6TMS_G,92.857,56,1,1,6,58,1,56,1.05e-22,93.2,94.64
4ydw,4YDW_A,100.000,157,0,0,1,157,13,169,5.16e-102,300,100.00
4ydw,5KNG_A,86.624,157,21,0,1,157,13,169,4.05e-85,258,90.45
4ydw,4F6R_D,84.713,157,24,0,1,157,13,169,6.49e-83,252,89.17
4ydw,6GVM_D,84.076,157,25,0,1,157,13,169,1.98e-81,248,87.90
4ydw,6BBN_P,83.439,157,26,0,1,157,12,168,2.36e-81,248,87.90
4ydw,6S8L_F,83.439,157,26,0,1,157,1,157,2.73e-81,248,87.90
4ydw,4DRX_E,83.439,157,26,0,1,157,13,169,3.04e-81,248,87.90
4ydw,UVF58850.1,85.256,156,22,1,1,155,15,170,3.22e-81,248,89.74
4ydw,UVF58850.1,60.241,83,32,1,9,90,89,171,4.48e-16,82.8,69.88
4ydw,5EIB_E,83.439,157,26,0,1,157,13,169,3.87e-81,248,87.90
4ydw,7ALR_F,83.439,157,26,0,1,157,24,180,5.61e-81,248,87.90
4ydw,6S9S_F,84.516,155,24,0,1,155,39,193,7.47e-81,248,89.68
4ydw,4DUI_A,83.439,157,26,0,1,157,13,169,1.24e-80,246,87.26
4ydw,7B4W_A,83.871,155,25,0,1,155,2,156,1.30e-80,246,88.39
4ydw,6FP7_B,84.516,155,24,0,1,155,5,159,2.35e-80,245,87.74
4ydw,6FP8_B,84.516,155,24,0,1,155,15,169,3.07e-80,246,87.74
4ydw,AFI09261.1,81.529,157,29,0,1,157,13,169,3.39e-80,245,87.90
4ydw,UVF58862.1,84.516,155,24,0,1,155,1,155,4.99e-80,244,88.39
4ydw,5MAD_A,84.076,157,24,1,1,157,5,160,5.23e-80,244,89.81
4ydw,2XEE_A,85.161,155,23,0,1,155,1,155,6.35e-80,244,88.39
4ydw,5MA6_B,84.516,155,24,0,1,155,5,159,6.37e-80,244,88.39
4ydw,UVF58853.1,83.226,155,26,0,1,155,15,169,6.83e-80,245,88.39
4ydw,UVF58852.1,83.226,155,26,0,1,155,15,169,7.06e-80,245,88.39
4ydw,AAQ93810.1,80.255,157,31,0,1,157,13,169,7.39e-80,244,89.81
4ydw,UVF58859.1,84.516,155,24,0,1,155,15,169,7.71e-80,245,88.39
4ydw,6S8K_F,83.226,155,26,0,1,155,1,155,8.07e-80,244,87.74
4ydw,6H46_B,83.226,155,26,0,1,155,2,156,1.15e-79,243,87.10
4ydw,AFI09262.1,81.529,157,29,0,1,157,13,169,1.72e-79,243,87.90
4ydw,8TYQ_B,83.871,155,25,0,1,155,15,169,1.83e-79,244,89.03
4ydw,5EYL_A,82.166,157,28,0,1,157,13,169,1.96e-79,243,85.99
4ydw,4J8Y_A,82.166,157,28,0,1,157,13,169,2.03e-79,243,87.90
4ydw,4J7W_A,82.166,157,28,0,1,157,13,169,3.14e-79,243,87.90
4ydw,5FIN_A,80.645,155,30,0,1,155,13,167,3.44e-79,243,89.03
4ydw,CAQ52952.1,81.529,157,29,0,1,157,13,169,3.87e-79,243,86.62
4ydw,2XEH_A,84.516,155,24,0,1,155,1,155,4.57e-79,242,87.10
4ydw,4K5B_A,83.226,155,26,0,1,155,13,167,6.54e-79,242,87.74
4ydw,7ZYU_B,83.871,155,25,0,1,155,3,157,6.58e-79,242,89.03
4ydw,7Z71_B,82.581,155,27,0,1,155,3,157,6.64e-79,241,86.45
4ydw,6FPA_A,83.871,155,25,0,1,155,5,159,9.26e-79,241,87.10
4ydw,9DB5_A,82.166,157,28,0,1,157,79,235,1.40e-78,243,87.90
4ydw,3NOC_D,82.166,157,28,0,1,157,13,169,1.59e-78,241,87.26
4ydw,AFI09259.1,82.166,157,28,0,1,157,13,169,1.70e-78,241,85.99
4ydw,9DP8_A,82.166,157,28,0,1,157,91,247,1.74e-78,244,87.90
4ydw,CAQ52956.1,80.892,157,30,0,1,157,13,169,1.79e-78,241,86.62
4ydw,2Y1L_E,80.892,157,30,0,1,157,13,169,1.92e-78,241,87.90
4ydw,7Z7E_B,84.516,155,24,0,1,155,3,157,2.08e-78,240,87.74
4ydw,UVF58855.1,83.871,155,25,0,1,155,15,169,2.54e-78,241,87.10
4ydw,7Z72_B,82.581,155,27,0,1,155,3,157,2.76e-78,240,87.10
4ydw,7B4T_A,83.226,155,26,0,1,155,5,159,2.80e-78,240,88.39
4ydw,CAQ52950.1,82.166,157,28,0,1,157,13,169,2.87e-78,240,87.90
4ydw,4HRM_B,84.516,155,24,0,1,155,13,167,3.43e-78,240,87.74
4ydw,UVF58851.1,84.615,156,23,1,1,155,15,170,3.85e-78,241,88.46
4ydw,UVF58851.1,62.651,83,30,1,9,90,89,171,4.50e-19,90.5,74.70
4ydw,2P2C_P,81.529,157,29,0,1,157,13,169,4.71e-78,240,87.26
4ydw,CAQ52949.1,80.892,157,30,0,1,157,13,169,4.86e-78,240,86.62
4ydw,5OP3_A,83.333,156,26,0,1,156,13,168,4.97e-78,239,87.18
4ydw,7TYZ_B,81.935,155,28,0,1,155,69,223,6.54e-78,241,86.45
4ydw,AAO25689.1,82.468,154,27,0,1,154,13,166,7.36e-78,239,88.31
4ydw,5MLA_B,82.051,156,28,0,1,156,23,178,7.62e-78,240,87.18
4ydw,5OP1_A,82.051,156,28,0,1,156,13,168,7.70e-78,239,87.82
4ydw,9GNB_B,84.615,156,23,1,1,155,3,158,7.83e-78,239,87.18
4ydw,9GNB_B,62.651,83,30,1,9,90,77,159,2.97e-17,85.5,69.88
4ydw,5EYP_F,79.618,157,32,0,1,157,13,169,8.23e-78,239,85.99
4ydw,UVF58854.1,83.871,155,25,0,1,155,15,169,9.05e-78,239,87.10
4ydw,7X4N_C,79.618,157,32,0,1,157,1,157,9.23e-78,239,85.99
4ydw,5AAO_A,78.981,157,33,0,1,157,13,169,1.04e-77,239,85.35
4ydw,5MA4_A,84.516,155,24,0,1,155,5,159,1.12e-77,243,88.39
4ydw,5MA4_A,79.845,129,25,1,27,155,169,296,1.65e-55,187,85.27
4ydw,5MA4_A,63.415,123,45,0,1,123,175,297,2.61e-34,132,71.54
4ydw,5MA9_A,84.516,155,24,0,1,155,8,162,1.17e-77,244,88.39
4ydw,5MA9_A,79.845,129,25,1,27,155,176,303,1.93e-56,189,86.05
4ydw,5MA9_A,63.415,123,45,0,1,123,182,304,9.82e-34,131,70.73
4ydw,9DAM_A,82.051,156,28,0,2,157,88,243,1.18e-77,241,87.82
4ydw,CAQ52955.1,80.255,157,31,0,1,157,13,169,1.25e-77,239,85.99
4ydw,5MAK_A,84.516,155,24,0,1,155,5,159,1.27e-77,243,88.39
4ydw,5MAK_A,79.845,129,25,1,27,155,169,296,2.03e-56,189,86.05
4ydw,5MAK_A,63.415,123,45,0,1,123,175,297,1.01e-33,131,70.73
4ydw,5MA5_A,84.516,155,24,0,1,155,5,159,1.37e-77,243,88.39
4ydw,5MA5_A,79.070,129,26,1,27,155,173,300,2.86e-55,186,85.27
4ydw,5MA5_A,62.602,123,46,0,1,123,179,301,4.25e-34,132,71.54
4ydw,5MA3_A,84.516,155,24,0,1,155,5,159,1.43e-77,243,88.39
4ydw,5MA3_A,79.845,129,25,1,27,155,173,300,2.28e-56,189,86.05
4ydw,5MA3_A,63.415,123,45,0,1,123,179,301,1.10e-33,131,70.73
4ydw,2QYJ_A,83.117,154,26,0,1,154,13,166,1.45e-77,238,87.66
4ydw,5LW2_A,77.707,157,35,0,1,157,13,169,1.49e-77,238,86.62
4ydw,8P9C_C,81.935,155,28,0,1,155,3,157,1.82e-77,238,87.10
4ydw,7DNE_A,77.707,157,35,0,1,157,1,157,1.92e-77,238,86.62
4ydw,8DW2_A,81.699,153,28,0,3,155,1,153,2.05e-77,238,86.27
4ydw,6NHT_A,84.314,153,24,0,3,155,165,317,3.02e-77,243,87.58
4ydw,8DW3_A,83.007,153,26,0,3,155,1,153,3.12e-77,238,86.93
4ydw,2J8S_D,80.892,157,30,0,1,157,13,169,3.13e-77,238,87.26
4ydw,AFI09266.1,80.255,157,31,0,1,157,13,169,3.35e-77,238,85.99
4ydw,2BKK_B,78.981,157,33,0,1,157,13,169,3.46e-77,238,86.62
4ydw,CAQ52958.1,79.618,157,32,0,1,157,13,169,4.91e-77,237,87.26
4ydw,5OOV_A,82.051,156,28,0,1,156,13,168,5.42e-77,237,87.18
4ydw,6H47_B,80.128,156,31,0,1,156,23,178,7.08e-77,237,85.90
4ydw,AAQ93811.1,80.255,157,31,0,1,157,13,169,7.87e-77,237,85.99
4ydw,7N2B_A,82.166,157,28,0,1,157,260,416,9.46e-77,245,87.90
4ydw,CAQ52951.1,80.255,157,31,0,1,157,13,169,9.58e-77,236,85.99
4ydw,6MWQ_A,82.803,157,27,0,1,157,4,160,1.05e-76,247,87.26
4ydw,7DNF_A,80.255,157,31,0,1,157,13,169,1.10e-76,236,85.99
4ydw,9E4Q_A,82.166,157,28,0,1,157,250,406,1.19e-76,244,87.90
4ydw,5AQB_A,83.871,155,24,1,1,155,13,166,1.21e-76,245,88.39
4ydw,5AQB_A,51.852,108,48,1,9,116,86,189,9.01e-17,88.2,64.81
4ydw,AFI09263.1,80.255,157,31,0,1,157,13,169,1.62e-76,236,85.99
4ydw,AFI09265.1,79.618,157,32,0,1,157,13,169,2.02e-76,236,85.99
4ydw,5OOU_A,81.410,156,29,0,1,156,13,168,2.62e-76,235,87.18
4ydw,3ZU7_B,82.166,157,28,0,1,157,13,169,3.38e-76,235,85.99
4ydw,3NOG_D,81.529,157,29,0,1,157,13,169,3.45e-76,235,86.62
4ydw,5MLB_B,81.410,156,29,0,1,156,23,178,7.55e-76,234,85.90
4ydw,CAQ52948.1,78.981,157,33,0,1,157,13,169,1.01e-75,234,84.71
4ydw,7Z7C_A,82.581,155,27,0,1,155,3,157,1.34e-75,233,85.81
4ydw,5OOY_A,81.410,156,29,0,1,156,13,168,1.43e-75,233,86.54
4ydw,5OOS_A,81.410,156,29,0,1,156,13,168,1.48e-75,233,86.54
5j0l,5J0L_A,100.000,130,0,0,1,130,2,131,7.07e-77,234,100.00
5j0l,WP_224996759.1,33.962,106,68,1,9,112,874,979,0.008,47.8,50.94
7vqv,7VQV_A,100.000,115,0,0,1,115,1,115,3.46e-75,229,100.00
7vqv,7VQL_A,96.522,115,4,0,1,115,1,115,4.65e-71,218,97.39
7vqv,7VQW_A,81.739,115,21,0,1,115,1,115,6.24e-61,193,93.91
7vqv,7VU4_A,66.957,115,38,0,1,115,1,115,1.79e-51,169,86.09
7vqv,1R26_A,57.407,108,46,0,6,113,17,124,4.12e-36,130,73.15
7vqv,XP_011776365.1,58.252,103,43,0,11,113,4,106,7.89e-35,126,74.76
7vqv,RHW70159.1,58.252,103,43,0,11,113,4,106,1.41e-34,126,74.76
7vqv,XP_029241540.1,49.515,103,52,0,11,113,4,106,1.09e-27,108,67.96
7vqv,ESL06010.1,49.515,103,52,0,11,113,4,106,1.99e-27,108,67.96
7vqv,XP_815436.1,48.544,103,53,0,11,113,4,106,1.22e-26,106,68.93
7vqv,XP_814370.1,48.544,103,53,0,11,113,4,106,1.35e-26,105,68.93
7vqv,XP_029227146.1,51.020,98,48,0,10,107,3,100,2.87e-26,105,68.37
7vqv,KAF8280279.1,47.573,103,54,0,11,113,4,106,7.03e-26,104,68.93
7vqv,KAG8344661.1,46.226,106,57,0,2,107,17,122,1.34e-25,104,66.98
7vqv,XP_028885292.1,48.454,97,50,0,11,107,4,100,1.43e-25,103,69.07
7vqv,CCC92702.1,44.231,104,58,0,10,113,3,106,1.98e-25,103,67.31
7vqv,XP_067186046.1,47.423,97,51,0,11,107,4,100,7.77e-25,101,68.04
7vqv,XP_009311090.1,48.515,101,51,1,11,110,4,104,6.98e-24,99.0,69.31
7vqv,EPY37863.1,47.059,102,54,0,9,110,2,103,1.34e-23,98.6,66.67
7vqv,XP_067759996.1,47.959,98,51,0,10,107,3,100,1.97e-21,92.8,64.29
7vqv,KAK7194859.1,48.980,98,50,0,10,107,3,100,3.87e-21,92.0,64.29
7vqv,XP_067181678.1,45.918,98,53,0,10,107,3,100,1.45e-20,90.9,63.27
7vqv,KPI87835.1,45.631,103,56,0,10,112,3,105,1.53e-20,90.5,63.11
7vqv,EPY30971.1,45.545,101,55,0,10,110,3,103,1.65e-20,90.9,61.39
7vqv,EPY35260.1,45.545,101,55,0,10,110,3,103,1.88e-20,90.5,61.39
7vqv,XP_015652110.1,44.660,103,57,0,10,112,3,105,2.61e-20,90.1,63.11
7vqv,XP_001462640.1,46.939,98,52,0,10,107,3,100,4.65e-20,89.4,63.27
7vqv,GET85381.1,46.939,98,52,0,10,107,3,100,7.84e-20,89.0,63.27
7vqv,XP_001561471.1,45.918,98,53,0,10,107,3,100,9.44e-20,88.6,63.27
7vqv,XP_067696193.1,46.465,99,51,1,10,108,3,99,9.75e-20,88.6,63.64
7vqv,AFM22752.1,45.455,99,54,0,10,108,3,101,1.68e-19,88.2,62.63
7vqv,XP_003871552.1,45.455,99,54,0,10,108,3,101,1.80e-19,87.8,62.63
7vqv,SPJ81508.1,40.206,97,58,0,12,108,5,101,2.22e-19,87.4,65.98
7vqv,XP_067704315.1,45.455,99,52,1,10,108,3,99,3.89e-19,87.0,63.64
7vqv,XP_067066294.1,45.455,99,52,1,10,108,3,99,4.25e-19,87.0,63.64
7vqv,KAL4244201.1,39.175,97,59,0,13,109,6,102,6.15e-19,86.3,67.01
7vqv,KAJ3371768.1,41.837,98,57,0,11,108,4,101,6.35e-19,86.7,62.24
7vqv,KAL0513559.1,45.833,96,52,0,12,107,1,96,6.64e-19,86.3,63.54
7vqv,XP_003721547.1,44.444,99,55,0,10,108,3,101,8.62e-19,86.3,62.63
7vqv,XP_007391054.1,39.785,93,56,0,13,105,6,98,1.43e-18,85.5,67.74
7vqv,CUG62257.1,41.000,100,59,0,12,111,5,104,4.00e-18,84.3,64.00
7vqv,XP_064676475.1,42.000,100,58,0,9,108,4,103,4.09e-18,84.3,62.00
7vqv,XP_019037126.1,39.583,96,58,0,14,109,36,131,4.29e-18,85.1,66.67
7vqv,XP_051437495.1,41.000,100,59,0,9,108,2,101,4.66e-18,84.3,64.00
7vqv,KZV89347.1,40.625,96,57,0,12,107,5,100,7.19e-18,84.3,64.58
7vqv,KAI0789461.1,38.947,95,58,0,13,107,6,100,7.40e-18,84.0,66.32
7vqv,KAI0814826.1,37.755,98,61,0,13,110,6,103,7.53e-18,83.6,62.24
7vqv,KZT27660.1,41.237,97,57,0,13,109,8,104,8.48e-18,83.6,63.92
7vqv,XP_052977562.1,35.922,103,66,0,9,111,2,104,8.68e-18,83.6,62.14
7vqv,XP_007860675.1,39.175,97,59,0,13,109,8,104,8.91e-18,83.6,67.01
7vqv,XP_047773803.1,37.624,101,63,0,13,113,6,106,1.15e-17,83.2,61.39
7vqv,GJE89643.1,39.175,97,59,0,13,109,5,101,1.22e-17,83.2,63.92
7vqv,CUS24560.1,35.417,96,62,0,12,107,4,99,1.23e-17,83.2,65.62
7vqv,XP_003679317.1,36.364,99,63,0,12,110,29,127,1.53e-17,83.6,64.65
7vqv,KAJ3478879.1,36.082,97,62,0,13,109,6,102,2.21e-17,82.4,63.92
7vqv,TFK56893.1,42.857,91,52,0,13,103,8,98,2.35e-17,82.4,64.84
7vqv,CDO95796.1,37.624,101,63,0,12,112,40,140,2.39e-17,83.6,65.35
7vqv,XP_051622871.1,40.000,95,57,0,13,107,5,99,2.66e-17,82.4,63.16
7vqv,QGN14441.1,37.755,98,61,0,15,112,44,141,2.90e-17,83.6,66.33
7vqv,KAG0668848.1,37.755,98,61,0,15,112,48,145,3.09e-17,83.6,66.33
7vqv,KZV84476.1,40.625,96,57,0,12,107,76,171,3.30e-17,84.7,64.58
7vqv,MCY4475543.1,40.385,104,60,2,11,112,5,108,3.52e-17,82.0,65.38
7vqv,XP_022674576.1,37.755,98,61,0,15,112,44,141,3.68e-17,83.2,66.33
7vqv,QEU59248.1,37.624,101,63,0,12,112,40,140,3.81e-17,82.8,63.37
7vqv,ORX91002.1,37.000,100,63,0,12,111,5,104,3.81e-17,82.0,61.00
7vqv,KAK1923603.1,37.374,99,62,0,12,110,4,102,3.85e-17,82.0,60.61
7vqv,KAK6511183.1,40.594,101,60,0,12,112,4,104,4.03e-17,82.0,62.38
7vqv,KAG2226564.1,37.255,102,64,0,10,111,6,107,4.29e-17,82.0,64.71
7vqv,OBZ68432.1,39.394,99,59,1,13,110,6,104,4.87e-17,81.6,64.65
7vqv,GAN10953.1,38.614,101,62,0,10,110,3,103,5.06e-17,81.6,61.39
7vqv,XP_455551.1,38.614,101,62,0,12,112,39,139,5.48e-17,82.4,64.36
7vqv,KAF5000257.1,41.000,100,57,1,13,110,6,105,5.86e-17,81.6,63.00
7vqv,GAA5938518.1,34.653,101,66,0,13,113,6,106,6.45e-17,81.6,62.38
7vqv,KNE64072.1,39.796,98,59,0,11,108,7,104,6.49e-17,81.3,60.20
7vqv,KAG9013622.1,39.806,103,58,1,12,114,5,103,6.54e-17,81.3,62.14
7vqv,XP_007399284.1,40.000,95,57,0,13,107,6,100,6.88e-17,81.3,64.21
7vqv,GHJ86608.1,41.304,92,54,0,13,104,5,96,7.69e-17,81.3,61.96
7vqv,KAI5452330.1,40.206,97,58,0,13,109,5,101,7.77e-17,81.3,59.79
7vqv,EMD32666.1,37.000,100,63,0,13,112,5,104,7.99e-17,81.3,62.00
7vqv,KAI9470985.1,37.000,100,63,0,9,108,2,101,9.62e-17,80.9,60.00
7vqv,KAG9007828.1,38.835,103,59,1,12,114,5,103,9.99e-17,80.9,62.14
7vqv,KAG8982510.1,36.082,97,62,0,13,109,6,102,1.01e-16,80.9,62.89
7vqv,XP_069241303.1,42.857,84,48,0,15,98,9,92,1.12e-16,80.9,70.24
7vqv,KAI9476147.1,41.489,94,55,0,10,103,3,96,1.14e-16,80.9,60.64
7vqv,QLQ81281.1,36.538,104,62,1,12,115,29,128,1.14e-16,81.3,62.50
7vqv,XP_051613468.1,38.947,95,58,0,13,107,5,99,1.22e-16,80.5,62.11
7vqv,MXX92426.1,39.423,104,61,2,11,112,5,108,1.28e-16,80.9,65.38
7vqv,XP_027608218.1,34.694,98,64,0,13,110,6,103,1.29e-16,80.9,67.35
7vqv,OMJ15642.1,37.755,98,61,0,11,108,4,101,1.31e-16,80.5,64.29
7vqv,XP_016277134.1,38.542,96,59,0,13,108,5,100,1.40e-16,80.5,59.38
7vqv,MDH5569224.1,40.217,92,54,1,7,98,28,118,1.49e-16,81.3,65.22
7vqv,RKP27554.1,42.697,89,51,0,12,100,4,92,1.75e-16,80.1,66.29
7vqv,CAI5756231.1,38.144,97,60,0,13,109,5,101,1.77e-16,80.1,60.82
7vqv,CAL1712896.1,37.755,98,61,0,12,109,4,101,1.80e-16,80.1,65.31
7vqv,XP_014567204.1,37.755,98,61,0,13,110,5,102,1.86e-16,80.1,58.16
7vqv,ORY97940.1,43.373,83,47,0,16,98,10,92,1.95e-16,80.1,72.29
7vqv,KAJ3353185.1,39.796,98,59,0,11,108,7,104,2.09e-16,80.1,60.20
7vqv,OMJ19473.1,37.755,98,61,0,11,108,4,101,2.31e-16,80.1,63.27
7vqv,KAJ3490442.1,32.990,97,65,0,13,109,6,102,2.37e-16,80.1,58.76
7vqv,AIE96944.1,39.759,83,50,0,16,98,37,119,2.49e-16,80.9,68.67
7vql,7VQL_A,100.000,115,0,0,1,115,1,115,2.70e-74,226,100.00
7vql,7VQV_A,96.522,115,4,0,1,115,1,115,4.65e-71,218,97.39
7vql,7VQW_A,82.609,115,20,0,1,115,1,115,6.30e-62,195,93.91
7vql,7VU4_A,66.957,115,38,0,1,115,1,115,5.78e-50,165,85.22
7vql,1R26_A,57.407,108,46,0,6,113,17,124,8.72e-35,127,72.22
7vql,XP_011776365.1,57.143,105,45,0,9,113,2,106,4.33e-33,122,72.38
7vql,RHW70159.1,57.143,105,45,0,9,113,2,106,7.02e-33,122,72.38
7vql,XP_029241540.1,49.038,104,53,0,10,113,3,106,8.10e-26,103,66.35
7vql,ESL06010.1,49.038,104,53,0,10,113,3,106,1.49e-25,103,66.35
7vql,XP_815436.1,48.077,104,54,0,10,113,3,106,9.46e-25,101,67.31
7vql,XP_814370.1,48.077,104,54,0,10,113,3,106,9.46e-25,101,67.31
7vql,KAF8280279.1,47.115,104,55,0,10,113,3,106,4.92e-24,99.4,67.31
7vql,XP_029227146.1,49.495,99,50,0,10,108,3,101,6.32e-24,99.4,66.67
7vql,XP_028885292.1,47.475,99,52,0,10,108,3,101,7.87e-24,99.0,66.67
7vql,KAG8344661.1,44.860,107,59,0,2,108,17,123,2.80e-23,98.2,65.42
7vql,XP_067186046.1,46.465,99,53,0,10,108,3,101,5.31e-23,97.1,65.66
7vql,CCC92702.1,43.269,104,59,0,10,113,3,106,5.37e-23,97.1,66.35
7vql,XP_009311090.1,48.039,102,52,1,10,110,3,104,6.19e-22,94.4,67.65
7vql,EPY37863.1,47.000,100,53,0,11,110,4,103,4.05e-21,92.4,65.00
7vql,XP_067759996.1,47.423,97,51,0,12,108,5,101,4.12e-20,89.7,62.89
7vql,KPI87835.1,45.545,101,55,0,12,112,5,105,9.44e-20,88.6,63.37
7vql,KAK7194859.1,48.958,96,49,0,12,107,5,100,1.27e-19,88.2,63.54
7vql,XP_067181678.1,45.361,97,53,0,12,108,5,101,4.20e-19,87.0,61.86
7vql,EPY30971.1,45.455,99,54,0,12,110,5,103,4.99e-19,87.0,60.61
7vql,SPJ81508.1,39.394,99,60,0,10,108,3,101,6.18e-19,86.7,64.65
7vql,EPY35260.1,45.455,99,54,0,12,110,5,103,6.28e-19,86.7,60.61
7vql,XP_007391054.1,39.175,97,59,0,9,105,2,98,6.90e-19,86.3,64.95
7vql,XP_015652110.1,44.554,101,56,0,12,112,5,105,8.81e-19,86.3,62.38
7vql,KAJ3371768.1,41.414,99,58,0,10,108,3,101,1.22e-18,85.9,61.62
7vql,KAL4244201.1,39.000,100,61,0,10,109,3,102,1.45e-18,85.5,65.00
7vql,XP_001462640.1,46.392,97,52,0,12,108,5,101,1.87e-18,85.5,61.86
7vql,GET85381.1,46.875,96,51,0,12,107,5,100,2.27e-18,85.1,62.50
7vql,KAL0513559.1,45.833,96,52,0,12,107,1,96,2.35e-18,85.1,62.50
7vql,XP_001561471.1,45.833,96,52,0,12,107,5,100,2.89e-18,84.7,62.50
7vql,XP_067696193.1,46.392,97,50,1,12,108,5,99,3.63e-18,84.7,62.89
7vql,XP_003871552.1,45.361,97,53,0,12,108,5,101,6.12e-18,84.0,61.86
7vql,AFM22752.1,45.361,97,53,0,12,108,5,101,6.32e-18,84.0,61.86
7vql,KZV89347.1,40.816,98,58,0,10,107,3,100,8.37e-18,84.3,63.27
7vql,KAI0814826.1,37.624,101,63,0,10,110,3,103,8.68e-18,83.6,60.40
7vql,XP_007860675.1,39.000,100,61,0,10,109,5,104,9.61e-18,83.6,65.00
7vql,KZT27660.1,41.000,100,59,0,10,109,5,104,1.41e-17,83.2,62.00
7vql,XP_047773803.1,37.500,104,65,0,10,113,3,106,1.46e-17,83.2,59.62
7vql,XP_067704315.1,45.361,97,51,1,12,108,5,99,1.46e-17,83.2,62.89
7vql,XP_067066294.1,45.361,97,51,1,12,108,5,99,1.58e-17,82.8,62.89
7vql,CUG62257.1,41.000,100,59,0,12,111,5,104,1.58e-17,82.8,63.00
7vql,CDO95796.1,38.614,101,62,0,12,112,40,140,1.76e-17,84.0,64.36
7vql,KAI0789461.1,40.000,95,57,0,10,104,3,97,1.77e-17,82.8,65.26
7vql,GJE89643.1,39.175,97,59,0,13,109,5,101,2.05e-17,82.4,62.89
7vql,XP_003679317.1,35.294,102,66,0,9,110,26,127,2.57e-17,83.2,62.75
7vql,CUS24560.1,35.714,98,63,0,10,107,2,99,2.72e-17,82.4,64.29
7vql,KAG9013622.1,40.000,105,59,1,10,114,3,103,2.77e-17,82.4,60.95
7vql,XP_003721547.1,44.330,97,54,0,12,108,5,101,3.53e-17,82.0,61.86
7vql,KZV84476.1,40.625,96,57,0,12,107,76,171,4.26e-17,84.3,63.54
7vql,KAG9007828.1,39.048,105,60,1,10,114,3,103,4.42e-17,81.6,60.95
7vql,TFK56893.1,42.553,94,54,0,10,103,5,98,4.47e-17,81.6,62.77
7vql,GAA5938518.1,34.615,104,68,0,10,113,3,106,4.66e-17,81.6,60.58
7vql,KAJ3478879.1,36.000,100,64,0,10,109,3,102,4.95e-17,81.6,62.00
7vql,KAK6511183.1,40.777,103,61,0,10,112,2,104,5.70e-17,81.6,61.17
7vql,OBZ68432.1,39.216,102,61,1,10,110,3,104,6.33e-17,81.3,62.75
7vql,XP_064676475.1,41.414,99,58,0,12,110,7,105,6.71e-17,81.3,59.60
7vql,KAK1923603.1,37.624,101,63,0,10,110,2,102,7.25e-17,81.3,59.41
7vql,XP_051437495.1,41.237,97,57,0,12,108,5,101,7.41e-17,81.3,63.92
7vql,XP_052977562.1,37.113,97,61,0,15,111,8,104,8.26e-17,81.3,62.89
7vql,QGN14441.1,37.755,98,61,0,15,112,44,141,9.51e-17,82.0,65.31
7vql,KAG0668848.1,37.755,98,61,0,15,112,48,145,9.61e-17,82.4,65.31
7vql,GHJ86608.1,41.053,95,56,0,10,104,2,96,1.04e-16,80.9,60.00
7vql,EMD32666.1,37.000,100,63,0,13,112,5,104,1.12e-16,80.9,61.00
7vql,XP_022674576.1,37.755,98,61,0,15,112,44,141,1.18e-16,82.0,65.31
7vql,KAF5000257.1,42.857,98,54,1,10,105,3,100,1.30e-16,80.5,62.24
7vql,KNE64072.1,39.394,99,60,0,10,108,6,104,1.38e-16,80.5,59.60
7vql,XP_014567204.1,37.624,101,63,0,10,110,2,102,1.56e-16,80.5,56.44
7vql,XP_007399284.1,40.000,95,57,0,13,107,6,100,1.57e-16,80.1,63.16
7vql,KAI5452330.1,40.206,97,58,0,13,109,5,101,1.86e-16,80.1,58.76
7vql,XP_027608218.1,34.653,101,66,0,10,110,3,103,1.91e-16,80.1,65.35
7vql,OMJ15642.1,38.000,100,62,0,9,108,2,101,1.96e-16,80.1,63.00
7vql,ORX91002.1,37.000,100,63,0,12,111,5,104,2.25e-16,80.1,60.00
7vql,KAG8982510.1,36.082,97,62,0,13,109,6,102,2.54e-16,79.7,61.86
7vql,OMJ19473.1,38.000,100,62,0,9,108,2,101,3.13e-16,79.7,62.00
7vql,KAF6748354.1,39.216,102,62,0,8,109,2,103,3.48e-16,79.7,54.90
7vql,XP_069241303.1,42.857,84,48,0,15,98,9,92,3.63e-16,79.3,69.05
7vql,XP_016277134.1,38.542,96,59,0,13,108,5,100,3.72e-16,79.3,58.33
7vql,KAJ3543145.1,37.895,95,59,0,10,104,3,97,3.84e-16,79.3,67.37
7vql,KAF5332810.1,39.216,102,62,0,8,109,2,103,3.97e-16,79.3,54.90
7vql,KAJ3353185.1,39.000,100,61,0,9,108,5,104,4.10e-16,79.3,59.00
7vql,KAJ3490442.1,32.990,97,65,0,13,109,6,102,4.31e-16,79.3,57.73
7vql,KAF6740905.1,39.216,102,62,0,8,109,2,103,4.52e-16,79.3,54.90
7vql,KIY72613.1,38.614,101,60,1,10,108,3,103,4.63e-16,79.3,66.34
7vql,XP_047893615.1,36.538,104,66,0,10,113,3,106,4.96e-16,79.3,59.62
7vql,XP_067490442.1,37.864,103,64,0,10,112,2,104,5.02e-16,79.0,62.14
7vql,MCY4475543.1,39.423,104,61,2,11,112,5,108,5.39e-16,79.3,64.42
7vql,KAI0728423.1,34.615,104,68,0,10,113,3,106,5.41e-16,79.0,57.69
7vql,KAG0667683.1,34.021,97,64,0,13,109,5,101,5.53e-16,79.0,58.76
7vql,QLQ81281.1,36.538,104,62,1,12,115,29,128,5.60e-16,79.7,61.54
7vql,3ZIV_A,41.509,106,58,4,9,111,2,106,5.63e-16,79.0,65.09
7vql,OMJ29930.1,38.000,100,62,0,9,108,2,101,5.70e-16,79.0,62.00
7vql,KAG2226564.1,37.000,100,63,0,12,111,8,107,5.97e-16,79.0,64.00
7vql,KAG8940843.1,37.000,100,63,0,10,109,2,101,6.08e-16,79.0,58.00
7vql,KAG8817062.1,37.000,100,63,0,10,109,31,130,6.09e-16,79.7,58.00
7vql,TFY73676.1,36.264,91,58,0,13,103,6,96,6.24e-16,79.0,65.93
7vql,GAA5905283.1,34.615,104,68,0,10,113,3,106,6.91e-16,79.0,60.58
8d07,8D07_A,100.000,65,0,0,1,65,4,68,3.26e-32,116,100.00
4dui,4DRX_E,100.000,164,0,0,1,164,5,168,3.80e-109,319,100.00
4dui,5EIB_E,100.000,164,0,0,1,164,5,168,3.80e-109,319,100.00
4dui,6BBN_P,100.000,164,0,0,1,164,4,167,4.83e-109,318,100.00
4dui,4DUI_A,99.390,164,1,0,1,164,5,168,4.16e-108,316,99.39
4dui,5EYL_A,98.171,164,3,0,1,164,5,168,5.91e-107,313,98.78
4dui,7ALR_F,93.714,175,0,1,1,164,5,179,1.89e-105,310,93.71
4dui,6S8L_F,100.000,156,0,0,9,164,1,156,9.34e-103,302,100.00
4dui,6S8K_F,100.000,155,0,0,9,163,1,155,2.82e-102,301,100.00
4dui,5EYP_F,93.038,158,11,0,7,164,11,168,2.83e-98,291,97.47
4dui,7X4N_C,92.949,156,11,0,9,164,1,156,1.02e-96,287,97.44
4dui,5MIO_C,92.949,156,11,0,9,164,409,564,2.47e-94,295,97.44
4dui,6GVM_D,90.506,158,15,0,7,164,11,168,1.15e-91,275,94.30
4dui,4F6R_D,89.873,158,16,0,7,164,11,168,7.31e-90,270,91.77
4dui,5OOV_A,89.241,158,17,0,7,164,11,168,1.64e-89,269,92.41
4dui,5OOS_A,88.608,158,18,0,7,164,11,168,1.46e-88,266,91.14
4dui,7DNF_A,87.342,158,20,0,7,164,11,168,6.20e-88,265,89.87
4dui,9F22_B,88.462,156,18,0,7,162,1,156,2.43e-87,263,91.67
4dui,AFI09262.1,86.709,158,21,0,7,164,11,168,2.52e-87,263,92.41
4dui,4J8Y_A,87.975,158,19,0,7,164,11,168,5.43e-87,263,89.87
4dui,4J7W_A,87.975,158,19,0,7,164,11,168,5.49e-87,263,89.87
4dui,AFI09259.1,87.975,158,19,0,7,164,11,168,8.70e-87,262,90.51
4dui,6H46_B,87.742,155,19,0,9,163,2,156,1.07e-86,261,92.26
4dui,AFI09261.1,86.709,158,21,0,7,164,11,168,1.46e-86,261,90.51
4dui,AAO25689.1,88.462,156,18,0,7,162,11,166,3.10e-86,261,90.38
4dui,5OOU_A,87.975,158,19,0,7,164,11,168,4.70e-86,260,89.87
4dui,AAO25690.1,87.821,156,19,0,7,162,11,166,4.80e-86,260,90.38
4dui,5OP1_A,87.342,158,20,0,7,164,11,168,5.25e-86,260,90.51
4dui,5OOY_A,87.342,158,20,0,7,164,11,168,5.31e-86,260,91.14
4dui,2Y1L_E,87.342,158,20,0,7,164,11,168,9.09e-86,259,91.14
4dui,AAQ93810.1,86.076,158,22,0,7,164,11,168,9.71e-86,259,91.14
4dui,AFI09263.1,85.443,158,23,0,7,164,11,168,1.46e-85,259,89.24
4dui,AFI09266.1,86.076,158,22,0,7,164,11,168,2.00e-85,259,90.51
4dui,5MLA_B,87.821,156,19,0,9,164,23,178,2.22e-85,259,91.67
4dui,3NOC_D,86.709,158,21,0,7,164,11,168,2.81e-85,258,91.14
4dui,5OP3_A,87.342,158,20,0,7,164,11,168,5.02e-85,258,89.87
4dui,5MLB_B,87.179,156,20,0,9,164,23,178,5.72e-85,258,89.74
4dui,AFI09265.1,86.076,158,22,0,7,164,11,168,7.22e-85,257,89.87
4dui,UVF58855.1,85.987,157,22,0,7,163,13,169,9.51e-85,258,89.17
4dui,5MAD_A,87.975,158,18,1,7,164,3,159,9.73e-85,257,90.51
4dui,4HRM_B,85.350,157,23,0,7,163,11,167,1.02e-84,257,89.81
4dui,2J8S_D,86.076,158,22,0,7,164,11,168,1.03e-84,257,90.51
4dui,CAQ52949.1,87.342,158,20,0,7,164,11,168,1.12e-84,257,89.24
4dui,6MOE_A,86.538,156,21,0,7,162,2,157,1.29e-84,257,91.03
4dui,5OYJ_A,86.076,158,22,0,7,164,11,168,1.62e-84,256,89.87
4dui,2P2C_P,87.975,158,19,0,7,164,11,168,2.09e-84,256,89.87
4dui,9DB5_A,87.261,157,20,0,8,164,78,234,3.19e-84,258,89.81
4dui,7ZYU_B,85.987,157,22,0,7,163,1,157,3.33e-84,255,91.08
4dui,6MWQ_A,87.975,158,19,0,7,164,2,159,3.34e-84,267,89.87
4dui,9DP8_A,87.261,157,20,0,8,164,90,246,3.64e-84,258,89.17
4dui,7Z72_B,84.713,157,24,0,7,163,1,157,4.18e-84,255,89.17
4dui,CAQ52958.1,85.443,158,23,0,7,164,11,168,5.14e-84,255,88.61
4dui,CAQ52951.1,86.709,158,21,0,7,164,11,168,6.12e-84,255,89.87
4dui,3NOG_D,86.709,158,21,0,7,164,11,168,7.70e-84,255,91.14
4dui,AFI09260.1,81.013,158,30,0,7,164,11,168,8.69e-84,254,92.41
4dui,4LSZ_E,86.076,158,22,0,7,164,11,168,9.38e-84,254,89.24
4dui,5AAO_A,82.278,158,28,0,7,164,11,168,1.83e-83,254,88.61
4dui,2V5Q_C,83.974,156,25,0,7,162,11,166,1.95e-83,254,89.74
4dui,7TYZ_B,85.806,155,22,0,9,163,69,223,2.20e-83,256,89.68
4dui,UVF58850.1,84.810,158,23,1,7,163,13,170,2.36e-83,254,89.24
4dui,AAQ93811.1,85.443,158,23,0,7,164,11,168,2.41e-83,253,88.61
4dui,3ZU7_B,87.342,158,20,0,7,164,11,168,2.81e-83,253,88.61
4dui,9DAM_A,87.742,155,19,0,10,164,88,242,4.32e-83,256,89.68
4dui,9E4Q_A,87.342,158,20,0,7,164,248,405,5.66e-83,261,89.24
4dui,7B4T_A,84.713,157,24,0,7,163,3,159,5.76e-83,252,88.54
4dui,8DW2_A,85.621,153,22,0,11,163,1,153,6.11e-83,252,89.54
4dui,UVF58852.1,85.350,157,23,0,7,163,13,169,6.68e-83,253,88.54
4dui,6FP7_B,84.713,157,24,0,7,163,3,159,8.55e-83,252,89.17
4dui,CAQ52950.1,86.076,158,22,0,7,164,11,168,8.98e-83,252,89.24
4dui,6FP8_B,84.713,157,24,0,7,163,13,169,9.28e-83,253,89.17
4dui,2BKK_B,84.177,158,25,0,7,164,11,168,9.59e-83,252,87.97
4dui,8AED_A,84.713,157,24,0,7,163,1,157,9.63e-83,252,88.54
4dui,5MA6_B,83.439,157,26,0,7,163,3,159,1.17e-82,251,89.17
4dui,7MXI_C,86.275,153,21,0,10,162,21,173,1.40e-82,252,90.85
4dui,7MXI_C,55.556,81,36,0,83,163,28,108,4.96e-15,80.1,71.60
4dui,CAQ52948.1,85.443,158,23,0,7,164,11,168,1.54e-82,251,88.61
4dui,7Z7E_B,84.713,157,24,0,7,163,1,157,1.77e-82,251,89.81
4dui,CAQ52952.1,85.443,158,23,0,7,164,11,168,1.81e-82,251,87.97
4dui,6H47_B,83.333,156,26,0,9,164,23,178,2.04e-82,251,89.74
4dui,5FIN_A,81.529,157,29,0,7,163,11,167,2.69e-82,251,89.17
4dui,7N2B_A,87.821,156,19,0,9,164,260,415,2.78e-82,259,89.74
4dui,7TXD_J,82.716,162,28,0,2,163,14,175,3.46e-82,251,86.42
4dui,8DW3_A,86.275,153,21,0,11,163,1,153,3.55e-82,250,90.20
4dui,4K5A_B,83.439,157,26,0,7,163,11,167,6.67e-82,250,86.62
4dui,CAQ52956.1,85.443,158,23,0,7,164,11,168,9.79e-82,249,87.34
4dui,5KNG_A,82.278,158,28,0,7,164,11,168,1.09e-81,249,88.61
4dui,CAQ52955.1,84.810,158,24,0,7,164,11,168,1.50e-81,249,87.97
4dui,2QYJ_A,86.538,156,21,0,7,162,11,166,1.51e-81,249,86.54
4dui,4YDW_A,83.544,158,26,0,7,164,11,168,1.95e-81,249,87.97
4dui,8P9C_C,84.076,157,25,0,7,163,1,157,2.07e-81,248,87.26
4dui,7B4W_A,83.974,156,25,0,8,163,1,156,2.09e-81,248,87.82
4dui,6MZG_F,82.317,164,0,1,1,164,5,139,2.15e-81,248,82.32
4dui,UVF58859.1,84.076,157,25,0,7,163,13,169,2.40e-81,249,87.26
4dui,7Z7C_A,84.713,157,24,0,7,163,1,157,2.58e-81,248,88.54
4dui,6S9S_F,84.713,157,24,0,7,163,37,193,3.34e-81,249,88.54
4dui,UVF58862.1,83.226,155,26,0,9,163,1,155,4.21e-81,247,89.03
4dui,7Z71_B,82.803,157,27,0,7,163,1,157,4.36e-81,247,87.90
4dui,6AR6_B,88.889,153,17,0,9,161,176,328,4.37e-81,253,91.50
4dui,6AR6_B,85.806,155,20,1,8,162,1,153,3.87e-77,243,89.03
4dui,9GNB_B,84.177,158,24,1,7,163,1,158,5.03e-81,247,89.24
4dui,9F07_D,89.041,146,16,0,7,152,11,156,6.55e-81,248,91.10
4dui,6FPA_A,84.076,157,25,0,7,163,3,159,7.09e-81,247,86.62
4dui,4HRL_A,83.439,157,25,1,7,163,11,166,1.29e-80,247,89.17
5j0k,5J0K_A,100.000,74,0,0,1,74,6,79,1.06e-35,126,100.00
5j0k,6EGC_A,100.000,74,0,0,1,74,5,78,1.28e-34,126,100.00
5j0k,6EGC_A,98.611,72,1,0,3,74,84,155,2.48e-32,120,98.61
5j0k,6B87_A,60.784,102,12,2,1,74,2,103,2.87e-15,75.5,60.78
5j0k,8CWY_B,83.784,74,12,0,1,74,1,74,1.21e-12,67.8,87.84
5j10,5J10_A,100.000,70,0,0,1,70,8,77,4.90e-36,127,100.00
5j10,8SZZ_0,90.000,70,7,0,1,70,2,71,2.32e-29,110,91.43
5jqz,5JQZ_A,100.000,75,0,0,1,75,6,80,8.61e-43,144,100.00
6b87,6B87_A,100.000,98,0,0,3,100,7,104,1.78e-53,173,100.00
6b87,5J0K_A,61.224,98,10,2,3,100,11,80,5.74e-19,85.1,63.27
6b87,6EGC_A,61.224,98,10,2,3,100,87,156,3.65e-18,85.5,63.27
6b87,6EGC_A,60.825,97,10,2,3,99,10,78,4.64e-17,82.4,62.89
8d03,8D03_A,100.000,65,0,0,1,65,4,68,6.59e-37,128,100.00
7tal,7TAL_A,100.000,196,0,0,1,196,1,196,5.61e-138,394,100.00
7tal,7TBQ_A,96.410,195,7,0,1,195,1,195,5.02e-129,378,97.44
7tal,7TBO_A,84.021,194,31,0,1,194,1,194,2.23e-96,294,88.66
7tal,ABR23225.1,95.172,145,7,0,3,147,129,273,1.08e-95,290,95.17
7tal,AQY77473.1,94.483,145,8,0,3,147,28,172,7.44e-95,285,94.48
7tal,5DJT_A,95.804,143,6,0,5,147,1,143,9.85e-95,283,95.80
7tal,2V1A_A,95.775,142,6,0,6,147,1,142,1.10e-94,283,95.77
7tal,AQY77476.1,94.483,145,8,0,3,147,26,170,1.13e-94,284,94.48
7tal,2V0U_A,95.775,142,6,0,6,147,3,144,1.55e-94,282,95.77
7tal,AQY77478.1,93.793,145,9,0,3,147,26,170,3.05e-94,283,93.79
7tal,AQY77482.1,96.454,141,5,0,7,147,1,141,3.16e-94,282,96.45
7tal,AQY77484.1,95.745,141,6,0,7,147,1,141,6.97e-94,281,95.74
7tal,AQY77479.1,96.454,141,5,0,7,147,1,141,7.51e-94,281,96.45
7tal,AQY77475.1,93.793,145,9,0,3,147,28,172,8.20e-94,282,93.79
7tal,AQY77481.1,95.745,141,6,0,7,147,1,141,1.91e-93,280,95.74
7tal,7TBN_A,80.928,194,37,0,1,194,1,194,2.11e-93,288,86.60
7tal,7PGZ_AAA,95.070,142,7,0,6,147,3,144,2.22e-93,280,95.07
7tal,AQY77477.1,93.103,145,10,0,3,147,26,170,4.18e-93,280,93.10
7tal,AQY77483.1,95.035,141,7,0,7,147,1,141,1.19e-92,278,95.04
7tal,AQY77474.1,93.103,145,10,0,3,147,28,172,1.30e-92,279,93.10
7tal,5HZH_A,95.862,145,5,1,3,147,51,194,1.79e-92,284,95.86
7tal,2WKQ_A,95.804,143,6,0,5,147,11,153,2.54e-92,283,95.80
7tal,AQY77480.1,95.035,141,7,0,7,147,1,141,3.06e-92,277,95.04
7tal,2WKP_A,95.105,143,7,0,5,147,11,153,5.21e-92,283,95.10
7tal,2WKR_A,95.105,143,7,0,5,147,11,153,1.19e-91,282,95.10
7tal,WCS94185.1,90.385,156,14,1,6,160,248,403,1.43e-91,284,91.67
7tal,7TCD_A,76.720,189,44,0,1,189,1,189,2.64e-91,285,84.66
7tal,5HZJ_A,90.323,155,13,1,4,158,77,229,4.29e-91,286,91.61
7tal,5HZI_A,90.323,155,13,1,4,158,77,229,8.96e-91,285,91.61
7tal,6NTP_A,96.429,140,5,0,8,147,299,438,4.58e-90,282,96.43
7tal,AHG24897.1,95.775,142,6,0,6,147,109,250,1.06e-89,284,95.77
7tal,AHG24896.1,95.775,142,6,0,6,147,112,253,1.59e-89,283,95.77
7tal,AHG24895.1,95.775,142,6,0,6,147,111,252,1.71e-89,283,95.77
7tal,VAI30429.1,95.035,141,7,0,7,147,399,539,1.63e-88,281,95.74
7tal,VAI30429.1,40.171,117,70,0,7,123,122,238,2.81e-23,108,64.96
7tal,VAI16369.1,95.035,141,7,0,7,147,400,540,2.64e-88,281,95.74
7tal,VAI16369.1,40.171,117,70,0,7,123,123,239,4.02e-23,108,64.96
7tal,VAI16370.1,95.035,141,7,0,7,147,396,536,2.99e-88,281,95.74
7tal,VAI16370.1,40.171,117,70,0,7,123,119,235,4.05e-23,108,64.96
7tal,VAI16368.1,95.035,141,7,0,7,147,395,535,4.13e-88,281,95.74
7tal,VAI16368.1,40.171,117,70,0,7,123,118,234,3.85e-23,108,64.96
7tal,VAI16367.1,95.035,141,7,0,7,147,400,540,4.94e-88,281,95.74
7tal,VAI16367.1,40.171,117,70,0,7,123,123,239,4.47e-23,108,64.96
7tal,VAI16366.1,95.035,141,7,0,7,147,398,538,2.75e-87,281,95.74
7tal,VAI16366.1,39.310,145,82,2,7,145,121,265,4.23e-23,108,59.31
7tal,AYS76116.1,96.269,134,5,0,7,140,9,142,5.56e-87,273,96.27
7tal,VAI16361.1,95.035,141,7,0,7,147,395,535,6.29e-87,281,95.74
7tal,VAI16361.1,40.171,117,70,0,7,123,118,234,4.30e-23,108,64.96
7tal,VAI16363.1,95.035,141,7,0,7,147,394,534,7.00e-87,280,95.74
7tal,VAI16363.1,40.171,117,70,0,7,123,117,233,4.68e-23,108,64.96
7tal,VAI16364.1,95.035,141,7,0,7,147,396,536,7.31e-87,280,95.74
7tal,VAI16364.1,40.171,117,70,0,7,123,119,235,4.69e-23,108,64.96
7tal,VAI16359.1,95.035,141,7,0,7,147,398,538,8.14e-87,280,95.74
7tal,VAI16359.1,39.310,145,82,2,7,145,121,265,4.61e-23,108,59.31
7tal,VAI16358.1,95.035,141,7,0,7,147,400,540,8.58e-87,280,95.74
7tal,VAI16358.1,40.171,117,70,0,7,123,123,239,5.49e-23,108,64.96
7tal,VAI16362.1,95.035,141,7,0,7,147,396,536,9.24e-87,280,95.74
7tal,VAI16362.1,40.171,117,70,0,7,123,119,235,4.74e-23,108,64.96
7tal,VAI16360.1,95.035,141,7,0,7,147,400,540,9.25e-87,280,95.74
7tal,VAI16360.1,39.310,145,82,2,7,145,123,267,5.03e-23,108,59.31
7tal,VAI30430.1,95.035,141,7,0,7,147,399,539,9.97e-87,280,95.74
7tal,VAI30430.1,40.171,117,70,0,7,123,122,238,4.59e-23,108,64.96
7tal,VAI16357.1,95.035,141,7,0,7,147,400,540,1.07e-86,280,95.74
7tal,VAI16357.1,40.171,117,70,0,7,123,123,239,5.46e-23,108,64.96
7tal,VAI30431.1,95.035,141,7,0,7,147,399,539,1.22e-86,280,95.74
7tal,VAI30431.1,40.171,117,70,0,7,123,122,238,4.58e-23,108,64.96
7tal,QCO76494.1,95.745,141,6,0,7,147,417,557,1.74e-86,283,95.74
7tal,KAI4991451.1,95.035,141,7,0,7,147,400,540,5.05e-86,280,95.74
7tal,KAI4991451.1,39.310,145,82,2,7,145,123,267,4.40e-23,108,59.31
7tal,4WF0_A,88.811,143,16,0,5,147,11,153,8.25e-86,261,90.91
7tal,XP_047048744.1,95.035,141,7,0,7,147,254,394,8.73e-86,280,95.04
7tal,XP_047048744.1,39.785,93,56,0,31,123,1,93,1.35e-16,89.7,67.74
7tal,VAI30432.1,95.035,141,7,0,7,147,399,539,9.06e-86,280,95.74
7tal,VAI30432.1,40.171,117,70,0,7,123,122,238,5.28e-23,108,64.96
7tal,PNT65635.1,92.908,141,10,0,7,147,401,541,9.52e-86,277,95.04
7tal,PNT65635.1,38.854,157,83,3,2,145,112,268,7.75e-24,110,57.32
7tal,VAI16354.1,95.035,141,7,0,7,147,254,394,9.80e-86,279,95.74
7tal,VAI16354.1,38.843,121,68,2,31,145,1,121,7.14e-16,87.8,58.68
7tal,VAI16355.1,95.035,141,7,0,7,147,396,536,1.32e-85,280,95.74
7tal,VAI16355.1,39.310,145,82,2,7,145,119,263,5.27e-23,108,59.31
7tal,AAC05083.1,95.745,141,6,0,7,147,404,544,1.51e-85,282,95.74
7tal,AAC05083.1,41.026,117,69,0,7,123,127,243,6.57e-24,110,65.81
7tal,VAI30436.1,95.035,141,7,0,7,147,403,543,1.52e-85,280,95.74
7tal,VAI30436.1,40.171,117,70,0,7,123,126,242,5.54e-23,108,64.96
7tal,CAM0950592.1,95.745,141,6,0,7,147,402,542,1.54e-85,282,95.74
7tal,CAM0950592.1,40.171,117,70,0,7,123,125,241,4.10e-23,108,64.96
7tal,CAM0950594.1,95.745,141,6,0,7,147,401,541,1.60e-85,281,95.74
7tal,CAM0950594.1,40.171,117,70,0,7,123,124,240,3.90e-23,108,64.96
7tal,CAM0950591.1,95.745,141,6,0,7,147,404,544,1.64e-85,281,95.74
7tal,CAM0950591.1,40.171,117,70,0,7,123,127,243,3.94e-23,108,64.96
7tal,XBH69135.1,94.326,141,8,0,7,147,170,310,1.77e-85,277,95.04
7tal,CAM0950596.1,95.745,141,6,0,7,147,418,558,1.96e-85,282,95.74
7tal,CAM0950596.1,40.171,117,70,0,7,123,141,257,3.95e-23,108,64.96
7tal,AAC05084.1,95.745,141,6,0,7,147,407,547,2.06e-85,281,95.74
7tal,AAC05084.1,40.000,145,81,2,7,145,130,274,1.01e-23,110,60.69
7tal,CAM0950595.1,95.745,141,6,0,7,147,406,546,2.17e-85,281,95.74
7tal,CAM0950595.1,40.171,117,70,0,7,123,129,245,3.87e-23,108,64.96
7tal,AML77363.1,93.617,141,9,0,7,147,170,310,2.41e-85,276,95.74
7tal,VAI30426.1,95.035,141,7,0,7,147,403,543,2.75e-85,280,95.74
7tal,VAI30426.1,40.171,117,70,0,7,123,126,242,6.47e-23,108,64.96
7tal,XP_051186261.1,95.035,141,7,0,7,147,406,546,3.25e-85,280,95.04
7tal,XP_051186261.1,40.171,117,70,0,7,123,129,245,1.21e-23,110,66.67
7tal,CAM0950593.1,95.745,141,6,0,7,147,400,540,3.65e-85,281,95.74
7tal,CAM0950593.1,40.171,117,70,0,7,123,123,239,4.04e-23,108,64.96
7tal,XP_047046781.1,95.035,141,7,0,7,147,401,541,5.09e-85,280,95.04
7tal,XP_047046781.1,40.171,117,70,0,7,123,124,240,1.19e-23,110,66.67
7tal,KQJ92696.1,92.908,141,10,0,7,147,170,310,5.48e-85,275,95.04
7tal,XP_051186260.1,95.035,141,7,0,7,147,402,542,5.62e-85,280,95.04
7tal,XP_051186260.1,40.171,117,70,0,7,123,125,241,1.17e-23,110,66.67
7tal,KAK1629515.1,95.035,141,7,0,7,147,401,541,5.65e-85,280,95.04
7tal,KAK1629515.1,40.171,117,70,0,7,123,124,240,1.14e-23,110,66.67
7tal,XP_051186259.1,95.035,141,7,0,7,147,406,546,5.90e-85,280,95.04
7tal,XP_051186259.1,40.171,117,70,0,7,123,129,245,1.30e-23,110,66.67
7tal,XP_047046779.1,95.035,141,7,0,7,147,405,545,6.59e-85,280,95.04
7tal,XP_047046779.1,40.171,117,70,0,7,123,128,244,1.14e-23,110,66.67
7tal,XP_047046780.1,95.035,141,7,0,7,147,403,543,6.67e-85,280,95.04
7tal,XP_047046780.1,40.171,117,70,0,7,123,126,242,1.37e-23,110,66.67
7tal,VAI16372.1,95.035,141,7,0,7,147,400,540,9.45e-85,280,95.74
7tal,VAI16372.1,39.310,145,82,2,7,145,123,267,5.90e-23,108,59.31
7tal,VAI16376.1,95.035,141,7,0,7,147,394,534,9.74e-85,280,95.74
7tal,VAI16376.1,39.310,145,82,2,7,145,117,261,6.13e-23,108,59.31
7tal,VAI16375.1,95.035,141,7,0,7,147,396,536,1.00e-84,280,95.74
7tal,VAI16375.1,39.310,145,82,2,7,145,119,263,6.13e-23,108,59.31
7tal,VAI16374.1,95.035,141,7,0,7,147,400,540,1.02e-84,280,95.74
7tal,VAI16374.1,39.310,145,82,2,7,145,123,267,6.25e-23,108,59.31
7tal,XP_044380720.1,95.035,141,7,0,7,147,394,534,1.03e-84,280,95.74
7tal,XP_044380720.1,39.310,145,82,2,7,145,117,261,6.01e-23,108,59.31
7tal,XP_044380719.1,95.035,141,7,0,7,147,396,536,1.06e-84,280,95.74
7tal,XP_044380719.1,39.310,145,82,2,7,145,119,263,6.02e-23,108,59.31
7tal,XP_044396513.1,94.326,141,8,0,7,147,254,394,1.09e-84,276,95.04
7tal,XP_044396513.1,38.843,121,68,2,31,145,1,121,7.24e-16,87.8,58.68
7tal,KAF7058236.1,95.035,141,7,0,7,147,400,540,1.10e-84,279,95.74
7tal,KAF7058236.1,39.310,145,82,2,7,145,123,267,6.75e-23,108,59.31
7tal,XP_037440588.1,95.035,141,7,0,7,147,399,539,1.10e-84,280,95.74
7tal,XP_037440588.1,40.171,117,70,0,7,123,122,238,6.69e-23,108,64.96
7tal,VAI16377.1,95.035,141,7,0,7,147,396,536,1.11e-84,279,95.74
7tal,VAI16377.1,39.310,145,82,2,7,145,119,263,6.25e-23,108,59.31
7tal,XP_044380718.1,95.035,141,7,0,7,147,398,538,1.14e-84,279,95.74
7tal,XP_044380718.1,39.310,145,82,2,7,145,121,265,5.74e-23,108,59.31
7tal,VAI30433.1,95.035,141,7,0,7,147,399,539,1.15e-84,279,95.74
7tal,VAI30433.1,40.171,117,70,0,7,123,122,238,6.82e-23,107,64.96
7tal,XP_037440587.1,95.035,141,7,0,7,147,403,543,1.20e-84,280,95.74
7tal,XP_037440587.1,40.171,117,70,0,7,123,126,242,6.89e-23,107,64.96
7tal,VAI16365.1,95.035,141,7,0,7,147,398,538,1.20e-84,279,95.74
7tal,VAI16365.1,39.310,145,82,2,7,145,121,265,5.96e-23,108,59.31
7tal,VAI16373.1,95.035,141,7,0,7,147,398,538,1.21e-84,279,95.74
7tal,VAI16373.1,39.310,145,82,2,7,145,121,265,6.31e-23,108,59.31
7tal,XP_048529544.1,95.035,141,7,0,7,147,401,541,1.22e-84,279,95.74
7tal,XP_048529544.1,39.310,145,82,2,7,145,124,268,6.20e-23,108,59.31
7tal,XP_044380717.1,95.035,141,7,0,7,147,400,540,1.24e-84,279,95.74
7tal,XP_044380717.1,39.310,145,82,2,7,145,123,267,6.82e-23,107,59.31
7tal,VAI30427.1,95.035,141,7,0,7,147,403,543,1.25e-84,279,95.74
7tal,VAI30427.1,39.310,145,82,2,7,145,126,270,7.45e-23,107,59.31
7tal,XP_037433843.1,95.035,141,7,0,7,147,400,540,1.26e-84,279,95.74
7tal,XP_037433843.1,39.310,145,82,2,7,145,123,267,6.50e-23,108,59.31
7tal,XP_044985738.1,95.035,141,7,0,7,147,400,540,1.35e-84,279,95.74
7tal,XP_044985738.1,40.171,117,70,0,7,123,123,239,5.79e-23,108,64.96
7tal,XP_044985737.1,95.035,141,7,0,7,147,404,544,1.68e-84,279,95.74
7tal,XP_044985737.1,39.310,145,82,2,7,145,127,271,6.57e-23,108,59.31
7tal,8JGC_A,89.510,143,15,0,4,146,4,146,1.93e-84,265,91.61
3tdm,3TDM_A,100.000,120,0,0,1,120,7,126,4.78e-81,244,100.00
3tdm,3TDN_A,100.000,120,0,0,1,120,7,126,2.52e-79,244,100.00
3tdm,3TDN_A,100.000,120,0,0,1,120,128,247,2.52e-79,244,100.00
3tdm,3OG3_A,98.333,120,2,0,1,120,123,242,1.23e-77,240,99.17
3tdm,3OG3_A,97.500,120,3,0,1,120,2,121,9.34e-77,238,98.33
3tdm,4J9J_A,96.667,120,4,0,1,120,28,147,7.08e-76,235,96.67
3tdm,4J9J_A,96.907,97,3,0,1,97,149,245,4.26e-58,190,96.91
3tdm,4J9J_A,96.000,25,1,0,96,120,2,26,6.86e-04,50.1,96.00
3tdm,4FX7_A,96.667,120,4,0,1,120,123,242,7.09e-75,233,97.50
3tdm,4FX7_A,95.833,120,5,0,1,120,2,121,5.48e-74,231,96.67
3tdm,2LLE_A,98.969,97,1,0,1,97,102,198,2.17e-61,198,98.97
3tdm,2LLE_A,55.556,45,20,0,76,120,56,100,7.80e-04,49.7,64.44
3tdm,3CWO_X,98.969,97,1,0,1,97,102,198,3.16e-61,198,98.97
3tdm,3CWO_X,57.778,45,19,0,76,120,56,100,2.19e-04,51.2,64.44
3tdm,7QC7_A,98.969,97,1,0,1,97,123,219,1.08e-60,197,98.97
3tdm,7QC7_A,60.345,58,23,0,63,120,64,121,6.03e-10,66.6,65.52
3tdm,8S8S_A,98.969,97,1,0,1,97,122,218,1.17e-60,197,98.97
3tdm,8S8S_A,49.367,79,40,0,42,120,42,120,4.71e-10,67.0,55.70
3tdm,7QC9_A,98.969,97,1,0,1,97,123,219,1.19e-60,197,98.97
3tdm,7QC9_A,60.345,58,23,0,63,120,64,121,6.09e-10,66.6,65.52
3tdm,7QC6_A,98.969,97,1,0,1,97,123,219,1.30e-60,197,98.97
3tdm,7QC6_A,60.345,58,23,0,63,120,64,121,5.79e-10,66.6,65.52
3tdm,1GPW_A,98.969,97,1,0,1,97,123,219,1.33e-60,197,98.97
3tdm,1GPW_A,49.367,79,40,0,42,120,43,121,5.11e-10,67.0,55.70
3tdm,7QC3_A,98.969,97,1,0,1,97,123,219,1.36e-60,197,98.97
3tdm,7QC3_A,49.367,79,40,0,42,120,43,121,4.76e-10,67.0,55.70
3tdm,8S8R_D,98.969,97,1,0,1,97,123,219,1.39e-60,197,98.97
3tdm,8S8R_D,49.367,79,40,0,42,120,43,121,4.71e-10,67.0,55.70
3tdm,WP_004080486.1,98.969,97,1,0,1,97,123,219,1.45e-60,197,98.97
3tdm,WP_004080486.1,49.367,79,40,0,42,120,43,121,5.11e-10,67.0,55.70
3tdm,1THF_D,98.969,97,1,0,1,97,123,219,1.52e-60,197,98.97
3tdm,1THF_D,49.367,79,40,0,42,120,43,121,5.06e-10,67.0,55.70
3tdm,2A0N_A,98.969,97,1,0,1,97,135,231,1.57e-60,197,98.97
3tdm,2A0N_A,49.367,79,40,0,42,120,55,133,5.71e-10,67.0,55.70
3tdm,1VH7_A,98.969,97,1,0,1,97,125,221,1.59e-60,197,98.97
3tdm,1VH7_A,60.345,58,23,0,63,120,66,123,6.19e-10,66.6,65.52
3tdm,5TQL_A,98.969,97,1,0,1,97,145,241,1.74e-60,197,98.97
3tdm,5TQL_A,49.367,79,40,0,42,120,65,143,7.13e-10,66.6,55.70
3tdm,6RU0_A,98.969,97,1,0,1,97,123,219,1.85e-60,196,98.97
3tdm,6RU0_A,60.345,58,23,0,63,120,64,121,6.15e-10,66.6,65.52
3tdm,WP_012311332.1,97.938,97,2,0,1,97,123,219,4.28e-60,196,98.97
3tdm,WP_012311332.1,48.101,79,41,0,42,120,43,121,7.97e-09,63.5,54.43
3tdm,WP_008193378.1,97.938,97,2,0,1,97,123,219,4.99e-60,196,98.97
3tdm,WP_008193378.1,49.367,79,40,0,42,120,43,121,4.86e-10,67.0,55.70
3tdm,WP_012896637.1,97.938,97,2,0,1,97,123,219,5.09e-60,196,98.97
3tdm,WP_012896637.1,45.570,79,43,0,42,120,43,121,5.52e-08,61.2,55.70
3tdm,2W6R_A,97.938,97,2,0,1,97,128,224,1.60e-59,194,98.97
3tdm,2W6R_A,96.939,98,3,0,1,98,2,99,2.15e-59,194,97.96
3tdm,6VDG_A,97.938,97,2,0,1,97,123,219,3.96e-59,193,97.94
3tdm,6VDG_A,49.367,79,40,0,42,120,43,121,5.11e-10,67.0,55.70
3tdm,WP_334099886.1,95.876,97,4,0,1,97,123,219,9.99e-59,192,98.97
3tdm,WP_334099886.1,45.570,79,43,0,42,120,43,121,5.46e-08,61.2,55.70
3tdm,WP_038053631.1,95.876,97,4,0,1,97,123,219,1.02e-58,192,98.97
3tdm,WP_038053631.1,45.570,79,43,0,42,120,43,121,4.79e-08,61.6,55.70
3tdm,4EWN_D,96.907,97,3,0,1,97,123,219,9.06e-58,190,96.91
3tdm,4EWN_D,49.367,79,40,0,42,120,43,121,4.66e-10,67.0,55.70
3tdm,6C7H_A,88.350,103,12,0,1,103,124,226,1.77e-55,184,90.29
3tdm,6C7H_A,58.621,58,24,0,63,120,65,122,2.99e-09,65.1,63.79
3tdm,4Z08_A,88.350,103,12,0,1,103,124,226,2.85e-55,184,90.29
3tdm,4Z08_A,58.621,58,24,0,63,120,65,122,3.02e-09,65.1,63.79
3tdm,2RKX_A,88.350,103,12,0,1,103,123,225,2.91e-55,183,90.29
3tdm,2RKX_A,58.621,58,24,0,63,120,64,121,3.14e-09,64.7,63.79
3tdm,ACV33308.1,88.350,103,12,0,1,103,123,225,4.01e-55,183,90.29
3tdm,ACV33308.1,58.621,58,24,0,63,120,64,121,3.41e-09,64.7,63.79
3tdm,WP_011944125.1,95.556,90,4,0,1,90,123,212,1.10e-53,179,100.00
3tdm,WP_011944125.1,45.570,79,43,0,42,120,43,121,4.94e-08,61.6,55.70
3tdm,6C7V_A,91.753,97,8,0,1,97,124,220,2.79e-53,178,92.78
3tdm,6C7V_A,58.621,58,24,0,63,120,65,122,2.75e-09,65.1,63.79
3tdm,5D2X_A,91.753,97,8,0,1,97,124,220,4.00e-53,178,92.78
3tdm,5D2X_A,58.621,58,24,0,63,120,65,122,3.05e-09,65.1,63.79
3tdm,WP_101513423.1,93.478,92,6,0,1,92,123,214,5.46e-53,177,95.65
3tdm,WP_101513423.1,44.304,79,44,0,42,120,43,121,2.75e-07,59.3,53.16
3tdm,3IIO_A,90.722,97,9,0,1,97,124,220,1.77e-52,177,92.78
3tdm,3IIO_A,58.621,58,24,0,63,120,65,122,2.93e-09,65.1,63.79
3tdm,5D38_A,90.722,97,9,0,1,97,124,220,2.71e-52,176,91.75
3tdm,5D38_A,58.621,58,24,0,63,120,65,122,2.84e-09,65.1,63.79
3tdm,3IIP_A,90.722,97,9,0,1,97,124,220,2.74e-52,176,91.75
3tdm,3IIP_A,58.621,58,24,0,63,120,65,122,2.83e-09,65.1,63.79
3tdm,6C8B_A,90.722,97,9,0,1,97,124,220,3.09e-52,176,91.75
3tdm,6C8B_A,58.621,58,24,0,63,120,65,122,2.99e-09,65.1,63.79
3tdm,5D32_A,90.722,97,9,0,1,97,123,219,3.74e-52,176,91.75
3tdm,5D32_A,58.621,58,24,0,63,120,64,121,2.96e-09,65.1,63.79
3tdm,KUK22306.1,96.471,85,3,0,13,97,1,85,4.01e-52,171,98.82
3tdm,6CAI_A,89.691,97,10,0,1,97,124,220,2.94e-51,174,90.72
3tdm,6CAI_A,60.345,58,23,0,63,120,65,122,9.62e-10,66.2,65.52
3tdm,5D33_A,89.691,97,10,0,1,97,122,218,2.96e-51,173,90.72
3tdm,5D33_A,60.345,58,23,0,63,120,63,120,9.44e-10,66.2,65.52
3tdm,5D37_A,89.691,97,10,0,1,97,123,219,3.18e-51,173,90.72
3tdm,5D37_A,60.345,58,23,0,63,120,64,121,9.93e-10,66.2,65.52
3tdm,3IIV_A,89.691,97,10,0,1,97,123,219,3.25e-51,173,90.72
3tdm,3IIV_A,60.345,58,23,0,63,120,64,121,1.02e-09,66.2,65.52
3tdm,ACM23706.1,90.217,92,9,0,1,92,112,203,5.75e-51,172,94.57
3tdm,ACM23706.1,44.304,79,44,0,42,120,32,110,3.37e-07,59.3,53.16
3tdm,WP_038034149.1,90.217,92,9,0,1,92,123,214,5.96e-51,172,94.57
3tdm,WP_038034149.1,44.304,79,44,0,42,120,43,121,2.95e-07,59.3,53.16
3tdm,WP_038067887.1,90.217,92,9,0,1,92,123,214,6.16e-51,172,94.57
3tdm,WP_038067887.1,44.304,79,44,0,42,120,43,121,3.10e-07,59.3,53.16
3tdm,WP_366932579.1,90.217,92,9,0,1,92,123,214,2.30e-50,171,93.48
3tdm,WP_366932579.1,44.444,81,45,0,40,120,41,121,2.31e-07,59.7,51.85
3tdm,WP_101509723.1,84.783,92,14,0,1,92,123,214,3.83e-47,163,92.39
3tdm,WP_101509723.1,53.448,58,27,0,63,120,64,121,4.89e-07,58.9,62.07
3tdm,MDI3472925.1,69.072,97,30,0,1,97,123,219,2.87e-36,135,77.32
3tdm,MDI3472925.1,37.037,81,51,0,40,120,41,121,4.56e-05,53.1,50.62
3tdm,HEW91307.1,68.041,97,31,0,1,97,123,219,5.50e-36,134,80.41
3tdm,HEW91307.1,43.333,60,31,1,64,120,62,121,5.55e-04,50.4,60.00
3tdm,MCD6545303.1,67.010,97,32,0,1,97,123,219,6.90e-36,134,80.41
3tdm,MCD6545303.1,45.000,60,30,1,64,120,62,121,1.33e-04,52.0,61.67
3tdm,WP_165274934.1,67.010,97,32,0,1,97,123,219,1.62e-35,133,79.38
3tdm,WP_165274934.1,43.103,58,33,0,63,120,64,121,1.42e-04,52.0,60.34
3tdm,MFN3328248.1,61.856,97,37,0,1,97,97,193,3.70e-33,126,77.32
3tdm,MFN3328248.1,40.449,89,49,1,36,120,7,95,3.53e-07,58.9,51.69
3tdm,XEY08684.1,61.856,97,37,0,1,97,123,219,5.93e-33,126,77.32
3tdm,XEY08684.1,40.449,89,49,1,36,120,33,121,3.02e-07,59.3,51.69
3tdm,MBC7121841.1,63.918,97,35,0,1,97,123,219,1.97e-32,125,75.26
3tdm,MBC7121841.1,50.000,60,27,1,64,120,62,121,4.14e-05,53.5,58.33
3tdm,MEN3042485.1,59.794,97,39,0,1,97,1,97,3.41e-32,121,74.23
3tdm,MCU1449969.1,61.000,100,38,1,1,99,11,110,9.72e-32,120,70.00
3tdm,WP_031503347.1,62.887,97,36,0,1,97,123,219,1.85e-31,123,74.23
3tdm,WP_031503347.1,50.000,60,27,1,64,120,62,121,4.10e-05,53.5,58.33
3tdm,MDT7907325.1,64.583,96,34,0,1,96,127,222,2.10e-31,122,75.00
3tdm,MDT7907325.1,38.272,81,50,0,40,120,45,125,1.77e-05,54.7,49.38
3tdm,HTO94257.1,59.223,103,38,2,1,99,123,225,9.16e-31,121,74.76
3tdm,HTO94257.1,30.380,79,55,0,42,120,43,121,0.049,44.7,53.16
3tdm,MFP3203996.1,62.105,95,36,0,1,95,123,217,1.16e-30,120,76.84
3tdm,MFP3203996.1,36.364,99,55,3,24,120,29,121,2.05e-04,51.6,50.51
3tdm,WP_009075509.1,62.105,95,36,0,1,95,123,217,1.29e-30,120,76.84
3tdm,WP_009075509.1,38.095,84,48,2,39,120,40,121,3.11e-04,50.8,53.57
3tdm,HMP30245.1,53.465,101,47,0,1,101,44,144,1.78e-30,118,71.29
3tdm,MDO5437720.1,61.053,95,36,1,1,94,63,157,1.88e-30,118,73.68
3tdm,MDO5437720.1,41.379,58,34,0,63,120,4,61,0.001,48.9,58.62
3tdm,HIS87878.1,59.375,96,38,1,1,95,123,218,2.19e-30,120,77.08
3tdm,HIS87878.1,35.000,80,52,0,41,120,42,121,0.002,48.9,47.50
3tdm,MRJ06175.1,59.794,97,39,0,1,97,125,221,3.05e-30,119,73.20
3tdm,WP_156014671.1,63.918,97,34,1,1,97,123,218,3.13e-30,119,73.20
3tdm,WP_156014671.1,36.905,84,49,2,39,120,40,121,0.001,49.7,54.76
3tdm,MBQ8887088.1,59.375,96,38,1,1,95,124,219,3.59e-30,119,76.04
3tdm,MBQ8887088.1,36.264,91,50,3,36,120,34,122,0.005,47.8,52.75
3tdm,WP_390530994.1,63.918,97,34,1,1,97,123,218,3.72e-30,119,73.20
3tdm,WP_390530994.1,36.905,84,49,2,39,120,40,121,0.001,49.7,54.76
3tdm,HHS49398.1,56.701,97,42,0,1,97,123,219,3.77e-30,119,75.26
3tdm,MCC6016901.1,60.000,95,38,0,1,95,123,217,4.89e-30,119,72.63
3tdm,MCC6016901.1,32.927,82,55,0,39,120,40,121,1.22e-04,52.0,53.66
3tdm,WP_010979511.1,62.887,97,35,1,1,97,123,218,4.92e-30,119,73.20
3tdm,WP_010979511.1,36.905,84,49,2,39,120,40,121,0.001,49.7,54.76
3tdm,WP_272979507.1,56.701,97,42,0,1,97,123,219,5.38e-30,119,75.26
3tdm,MBQ9246317.1,57.292,96,40,1,1,95,123,218,5.58e-30,119,75.00
3tdm,MBQ9246317.1,32.911,79,53,0,42,120,43,121,0.005,47.8,50.63
3tdm,WP_025391667.1,56.701,97,42,0,1,97,123,219,5.61e-30,119,75.26
3tdm,WP_369609994.1,63.043,92,34,0,1,92,123,214,6.80e-30,119,73.91
3tdm,WP_369609994.1,36.905,84,49,2,39,120,40,121,0.003,48.1,54.76
3tdm,MCD8023956.1,61.290,93,35,1,1,92,125,217,7.62e-30,119,75.27
3tdm,MCD8023956.1,35.802,81,52,0,40,120,43,123,4.98e-04,50.4,49.38
3tdm,MCG2909562.1,59.783,92,37,0,1,92,123,214,9.29e-30,118,72.83
3tdm,MCG2909562.1,39.286,84,47,2,39,120,40,121,0.001,49.3,52.38
3tdm,WP_346309940.1,60.825,97,38,0,1,97,123,219,9.51e-30,118,73.20
3tdm,WP_346309940.1,44.828,58,32,0,63,120,64,121,7.67e-04,50.1,58.62
3tdm,WP_168065391.1,61.856,97,36,1,1,97,123,218,9.70e-30,118,74.23
3tdm,WP_168065391.1,35.366,82,53,0,39,120,40,121,2.07e-04,51.6,54.88
3tdm,MFP3201109.1,59.783,92,37,0,1,92,123,214,1.04e-29,118,72.83
3tdm,MFP3201109.1,39.286,84,47,2,39,120,40,121,0.001,49.7,52.38
3tdm,MCY0860302.1,60.870,92,36,0,1,92,123,214,1.13e-29,118,77.17
3tdm,MCY0860302.1,36.905,84,49,2,39,120,40,121,0.002,48.9,53.57
3tdm,MEY2840997.1,55.000,100,44,1,1,99,129,228,1.21e-29,118,74.00
3tdm,MEY2840997.1,38.824,85,46,4,39,120,46,127,0.001,49.3,56.47
3tdm,WP_345966119.1,63.043,92,34,0,1,92,123,214,1.37e-29,118,77.17
3tdm,WP_345966119.1,55.319,47,21,0,74,120,75,121,7.86e-04,50.1,61.70
3tdm,MCH1416012.1,52.000,100,47,1,1,99,124,223,1.45e-29,118,74.00
3tdm,MCH1416012.1,35.870,92,49,4,36,120,34,122,0.017,46.2,50.00
3tdm,NLY81928.1,58.163,98,40,1,1,97,123,220,1.60e-29,117,76.53
3tdm,MDC3132034.1,53.684,95,44,0,1,95,123,217,1.69e-29,117,74.74
3tdm,MDC3132034.1,34.524,84,49,3,40,120,41,121,0.003,48.1,52.38
3tdm,WP_229571368.1,61.957,92,35,0,1,92,123,214,1.74e-29,117,75.00
3tdm,WP_229571368.1,39.286,84,47,2,39,120,40,121,1.22e-05,55.1,58.33
3tdm,MEM1526440.1,58.947,95,39,0,1,95,123,217,1.82e-29,117,72.63
3tdm,MEM1526440.1,34.146,82,54,0,39,120,40,121,5.42e-04,50.4,51.22
3tdm,MEI8377245.1,60.000,95,37,1,1,94,123,217,1.90e-29,117,73.68
3tdm,MEI8377245.1,31.646,79,54,0,42,120,43,121,0.023,45.8,49.37
3tdm,WP_153423533.1,61.957,92,35,0,1,92,123,214,2.07e-29,117,77.17
3tdm,WP_153423533.1,34.524,84,51,2,39,120,40,121,0.015,46.2,54.76
3tdm,MEM4514378.1,59.783,92,37,0,4,95,1,92,2.08e-29,114,72.83
3tdm,WP_014512709.1,60.870,92,36,0,1,92,123,214,2.68e-29,117,77.17
3tdm,WP_014512709.1,34.524,84,51,2,39,120,40,121,0.013,46.6,54.76
3tdm,WP_012718914.1,60.870,92,36,0,1,92,123,214,2.77e-29,117,77.17
3tdm,WP_012718914.1,34.524,84,51,2,39,120,40,121,0.014,46.2,54.76
3tdm,MCS7214397.1,61.538,91,35,0,1,91,127,217,3.13e-29,117,73.63
3tdm,MCS7214397.1,41.975,81,47,0,40,120,45,125,2.10e-06,57.0,49.38
3tdm,MBM3743596.1,54.000,100,45,1,1,99,124,223,3.49e-29,117,74.00
3tdm,MBM3743596.1,35.165,91,51,3,36,120,34,122,0.002,48.5,52.75
3tdm,WP_012711530.1,60.215,93,37,0,1,93,123,215,4.64e-29,116,75.27
3tdm,WP_012711530.1,34.524,84,51,2,39,120,40,121,0.014,46.6,54.76
2bkg,AAO25690.1,100.000,154,0,0,1,154,12,165,1.40e-102,301,100.00
2bkg,AFI09259.1,87.662,154,19,0,1,154,12,165,3.44e-89,268,93.51
2bkg,9F22_B,89.610,154,16,0,1,154,2,155,5.80e-89,267,92.21
2bkg,6H46_B,87.582,153,19,0,2,154,2,154,8.16e-87,261,90.85
2bkg,5OOY_A,87.662,154,19,0,1,154,12,165,5.33e-86,259,91.56
2bkg,5OP1_A,87.662,154,19,0,1,154,12,165,1.02e-85,259,90.91
2bkg,5OOV_A,88.312,154,18,0,1,154,12,165,1.46e-85,259,89.61
2bkg,6MOE_A,86.364,154,21,0,1,154,3,156,1.67e-85,258,90.91
2bkg,5OOU_A,88.312,154,18,0,1,154,12,165,2.58e-85,258,90.26
2bkg,7DNF_A,87.662,154,19,0,1,154,12,165,7.49e-85,257,89.61
2bkg,5OP3_A,87.662,154,19,0,1,154,12,165,1.11e-84,256,90.91
2bkg,4F6R_D,88.961,154,17,0,1,154,12,165,1.19e-84,256,89.61
2bkg,5MLB_B,88.889,153,17,0,2,154,23,175,1.82e-84,256,89.54
2bkg,3ZU7_B,87.013,154,20,0,1,154,12,165,2.12e-84,256,88.96
2bkg,6BBN_P,87.662,154,19,0,1,154,11,164,2.42e-84,256,90.26
2bkg,4DUI_A,87.662,154,19,0,1,154,12,165,2.92e-84,255,90.26
2bkg,4DRX_E,87.662,154,19,0,1,154,12,165,3.15e-84,255,90.26
2bkg,5OYJ_A,87.662,154,19,0,1,154,12,165,3.44e-84,255,88.96
2bkg,6AR6_B,89.542,153,16,0,2,154,176,328,4.08e-84,261,91.50
2bkg,6AR6_B,86.364,154,19,1,1,154,1,152,5.83e-78,245,88.31
2bkg,5OOS_A,87.662,154,19,0,1,154,12,165,5.39e-84,254,88.96
2bkg,7ALR_F,87.662,154,19,0,1,154,23,176,5.69e-84,255,90.26
2bkg,3NOC_D,87.662,154,19,0,1,154,12,165,6.28e-84,254,88.96
2bkg,4LSZ_E,85.714,154,22,0,1,154,12,165,6.71e-84,254,90.91
2bkg,2BKK_B,86.364,154,21,0,1,154,12,165,6.79e-84,254,88.31
2bkg,AFI09266.1,87.662,154,19,0,1,154,12,165,7.17e-84,254,88.96
2bkg,AAQ93811.1,87.662,154,19,0,1,154,12,165,7.41e-84,254,88.96
2bkg,4HRM_B,85.065,154,23,0,1,154,12,165,8.29e-84,254,90.91
2bkg,6S8K_F,87.582,153,19,0,2,154,1,153,1.12e-83,253,90.20
2bkg,6GVM_D,87.662,154,19,0,1,154,12,165,1.24e-83,254,89.61
2bkg,AFI09265.1,85.065,154,23,0,1,154,12,165,1.34e-83,254,89.61
2bkg,6S8L_F,87.582,153,19,0,2,154,1,153,1.40e-83,253,90.20
2bkg,5EIB_E,87.582,153,19,0,2,154,13,165,1.53e-83,253,90.20
2bkg,2P2C_P,87.013,154,20,0,1,154,12,165,1.72e-83,253,88.96
2bkg,AFI09261.1,85.714,154,22,0,1,154,12,165,1.84e-83,253,90.91
2bkg,AFI09262.1,87.013,154,20,0,1,154,12,165,3.84e-83,253,89.61
2bkg,4ATZ_D,85.621,153,22,0,2,154,1,153,3.87e-83,252,90.20
2bkg,7MXI_C,87.500,152,19,0,3,154,21,172,4.07e-83,253,89.47
2bkg,5MLA_B,86.928,153,20,0,2,154,23,175,5.41e-83,253,90.20
2bkg,3NOG_D,87.013,154,20,0,1,154,12,165,7.82e-83,252,89.61
2bkg,5KNG_A,84.416,154,24,0,1,154,12,165,8.08e-83,252,88.31
2bkg,2J8S_D,87.013,154,20,0,1,154,12,165,1.03e-82,251,88.96
2bkg,AFI09263.1,85.065,154,23,0,1,154,12,165,1.15e-82,251,88.31
2bkg,AAO25689.1,87.013,154,20,0,1,154,12,165,1.35e-82,251,88.96
2bkg,6FPA_A,83.766,154,25,0,1,154,4,157,1.57e-82,251,88.96
2bkg,UVF58855.1,85.714,154,22,0,1,154,14,167,2.01e-82,251,88.96
2bkg,CAQ52950.1,87.013,154,20,0,1,154,12,165,3.29e-82,250,88.96
2bkg,7Z72_B,84.416,154,24,0,1,154,2,155,3.41e-82,250,88.31
2bkg,2QYJ_A,87.013,154,20,0,1,154,12,165,3.70e-82,250,88.31
2bkg,7B4W_A,83.766,154,25,0,1,154,1,154,4.11e-82,249,88.31
2bkg,6H47_B,83.660,153,25,0,2,154,23,175,4.13e-82,250,88.24
2bkg,5MAD_A,88.312,154,17,1,1,154,4,156,5.46e-82,249,88.31
2bkg,4J8Y_A,86.364,154,21,0,1,154,12,165,5.69e-82,249,88.31
2bkg,2V5Q_C,86.842,152,20,0,1,152,12,163,6.13e-82,249,89.47
2bkg,6FP7_B,83.766,154,25,0,1,154,4,157,7.54e-82,249,88.31
2bkg,4J7W_A,86.364,154,21,0,1,154,12,165,7.73e-82,249,88.31
2bkg,8VE7_A,86.275,153,21,0,2,154,141,293,9.35e-82,253,88.89
2bkg,5MA6_B,84.416,154,24,0,1,154,4,157,9.57e-82,249,87.66
2bkg,6MOF_A,83.766,154,25,0,1,154,3,156,1.01e-81,249,88.96
2bkg,5EYL_A,85.714,154,22,0,1,154,12,165,1.23e-81,249,88.96
2bkg,6C9K_A,86.275,153,21,0,2,154,163,315,1.48e-81,254,88.89
2bkg,7Z7E_B,84.416,154,24,0,1,154,2,155,1.67e-81,248,88.31
2bkg,8P9C_C,83.117,154,26,0,1,154,2,155,2.48e-81,248,88.31
2bkg,6FP8_B,83.766,154,25,0,1,154,14,167,2.94e-81,248,88.31
2bkg,AAO25691.1,73.797,187,16,1,1,154,12,198,3.25e-81,249,77.01
2bkg,4K5A_B,82.468,154,27,0,1,154,12,165,3.43e-81,248,87.01
2bkg,UVF58854.1,83.766,154,25,0,1,154,14,167,3.59e-81,248,88.31
2bkg,UVF58862.1,84.314,153,24,0,2,154,1,153,4.99e-81,247,87.58
2bkg,2Y1L_E,86.364,154,21,0,1,154,12,165,7.99e-81,247,88.96
2bkg,CAQ52952.1,85.714,154,22,0,1,154,12,165,8.17e-81,247,88.31
2bkg,CAQ52958.1,85.065,154,23,0,1,154,12,165,1.07e-80,246,87.01
2bkg,6MWQ_A,87.013,154,20,0,1,154,3,156,1.18e-80,257,88.96
2bkg,CAQ52956.1,85.714,154,22,0,1,154,12,165,1.59e-80,246,88.31
2bkg,9DB5_A,85.714,154,22,0,1,154,78,231,1.74e-80,248,88.31
2bkg,CAQ52949.1,85.714,154,22,0,1,154,12,165,2.91e-80,245,86.36
2bkg,4K5B_A,81.818,154,28,0,1,154,12,165,3.59e-80,245,88.96
2bkg,9DP8_A,86.275,153,21,0,2,154,91,243,3.66e-80,248,88.24
2bkg,4HRL_A,83.766,154,24,1,1,154,12,164,4.88e-80,245,88.31
2bkg,7B4T_A,82.468,154,27,0,1,154,4,157,5.85e-80,244,87.66
2bkg,CAQ52955.1,85.065,154,23,0,1,154,12,165,6.41e-80,244,88.31
2bkg,9GNB_B,82.581,155,26,1,1,154,2,156,6.73e-80,244,89.68
2bkg,UVF58852.1,83.117,154,26,0,1,154,14,167,7.38e-80,244,88.31
2bkg,AAQ93810.1,84.416,154,24,0,1,154,12,165,7.64e-80,244,88.31
2bkg,UVF58853.1,81.818,154,28,0,1,154,14,167,1.35e-79,244,87.66
2bkg,9DAM_A,86.184,152,21,0,3,154,88,239,1.87e-79,246,88.16
2bkg,7ZYU_B,83.117,154,26,0,1,154,2,155,1.87e-79,243,87.66
2bkg,CAQ52951.1,85.065,154,23,0,1,154,12,165,1.88e-79,243,86.36
2bkg,7Z7C_A,83.117,154,26,0,1,154,2,155,1.91e-79,243,87.66
2bkg,7TYZ_B,86.275,153,21,0,2,154,69,221,1.99e-79,245,86.93
2bkg,5MAK_A,84.416,154,24,0,1,154,4,157,2.00e-79,248,87.66
2bkg,5MAK_A,79.528,127,25,1,28,154,169,294,4.56e-56,188,83.46
2bkg,5MAK_A,63.934,122,44,0,2,123,175,296,4.61e-34,132,69.67
2bkg,9G8I_A,83.007,153,26,0,2,154,1,153,2.12e-79,243,88.24
2bkg,6S9S_F,83.117,154,26,0,1,154,38,191,2.20e-79,244,87.66
2bkg,5MA3_A,84.416,154,24,0,1,154,4,157,2.27e-79,248,87.66
2bkg,5MA3_A,79.528,127,25,1,28,154,173,298,5.10e-56,188,83.46
2bkg,5MA3_A,63.934,122,44,0,2,123,179,300,5.04e-34,132,69.67
2bkg,5MA4_A,84.416,154,24,0,1,154,4,157,2.31e-79,248,87.66
2bkg,5MA4_A,79.528,127,25,1,28,154,169,294,4.76e-55,186,82.68
2bkg,5MA4_A,63.934,122,44,0,2,123,175,296,1.40e-34,133,70.49
2bkg,5MA5_A,84.416,154,24,0,1,154,4,157,2.53e-79,248,87.66
2bkg,5MA5_A,80.315,127,24,1,28,154,173,298,2.90e-55,186,82.68
2bkg,5MA5_A,63.115,122,45,0,2,123,179,300,2.21e-34,133,70.49
2bkg,5MA9_A,84.416,154,24,0,1,154,7,160,2.75e-79,248,87.66
2bkg,5MA9_A,79.528,127,25,1,28,154,176,301,5.80e-56,188,83.46
2bkg,5MA9_A,63.934,122,44,0,2,123,182,303,5.75e-34,132,69.67
2bkg,6GCU_C,82.581,155,26,1,1,154,12,166,2.92e-79,243,87.10
2bkg,8DW3_A,86.755,151,20,0,4,154,1,151,3.49e-79,242,87.42
2bkg,2XEE_A,83.660,153,25,0,2,154,1,153,4.05e-79,242,87.58
2bkg,8DW2_A,86.093,151,21,0,4,154,1,151,4.88e-79,242,86.75
2bkg,9E4Q_A,86.275,153,21,0,2,154,250,402,2.32e-78,249,88.24
8eja,8EJA_A,100.000,113,0,0,1,113,3,115,1.10e-70,217,100.00
8eja,4OYD_B,72.566,113,31,0,1,113,2,114,2.68e-43,148,81.42
8eja,5JSB_B,66.372,113,38,0,1,113,1,113,4.36e-36,130,75.22
8eja,5JSN_B,64.602,113,40,0,1,113,3,115,7.84e-30,114,71.68
8eja,7XGG_A,54.651,86,39,0,15,100,16,101,1.59e-14,76.6,67.44
8eja,7XGF_A,53.571,84,39,0,17,100,18,101,4.78e-13,72.8,66.67
8eja,7XGE_A,53.571,84,39,0,17,100,18,101,6.50e-13,72.8,66.67
8fvt,8FVT_A,100.000,96,0,0,1,96,2,97,1.51e-43,147,100.00
8pjq,8PJQ_A,100.000,93,0,0,1,93,6,98,4.44e-58,184,100.00
8pjq,8PJQ_A,97.917,48,1,0,46,93,4,51,2.53e-23,96.7,100.00
8pjq,7ONC_A,100.000,93,0,0,1,93,6,98,3.49e-55,183,100.00
8pjq,7ONC_A,100.000,93,0,0,1,93,53,145,3.49e-55,183,100.00
8pjq,7ONC_A,100.000,93,0,0,1,93,100,192,3.49e-55,183,100.00
8pjq,7ONC_A,100.000,93,0,0,1,93,147,239,3.49e-55,183,100.00
8pjq,7ONC_A,100.000,93,0,0,1,93,194,286,3.49e-55,183,100.00
8pjq,7ONC_A,97.917,48,1,0,46,93,4,51,3.08e-21,95.9,100.00
8pjq,7OP4_A,97.849,93,2,0,1,93,6,98,1.18e-53,179,97.85
8pjq,7OP4_A,97.849,93,2,0,1,93,53,145,1.18e-53,179,97.85
8pjq,7OP4_A,97.849,93,2,0,1,93,100,192,1.18e-53,179,97.85
8pjq,7OP4_A,97.849,93,2,0,1,93,147,239,1.18e-53,179,97.85
8pjq,7OP4_A,97.849,93,2,0,1,93,194,286,1.18e-53,179,97.85
8pjq,7OP4_A,97.917,48,1,0,46,93,4,51,3.05e-21,95.9,100.00
8pjq,7ONG_A,93.939,99,0,2,1,93,6,104,9.14e-51,172,93.94
8pjq,7ONG_A,93.939,99,0,2,1,93,56,154,9.14e-51,172,93.94
8pjq,7ONG_A,93.939,99,0,2,1,93,106,204,9.14e-51,172,93.94
8pjq,7ONG_A,93.939,99,0,2,1,93,156,254,9.14e-51,172,93.94
8pjq,7ONG_A,93.939,99,0,2,1,93,206,304,9.14e-51,172,93.94
8pjq,7ONG_A,92.157,51,1,1,46,93,4,54,4.27e-19,90.9,94.12
8pjq,7ON7_A,86.667,105,2,2,1,93,6,110,2.91e-48,166,88.57
8pjq,7ON7_A,86.667,105,2,2,1,93,59,163,2.91e-48,166,88.57
8pjq,7ON7_A,86.667,105,2,2,1,93,112,216,2.91e-48,166,88.57
8pjq,7ON7_A,86.667,105,2,2,1,93,165,269,2.91e-48,166,88.57
8pjq,7ON7_A,86.667,105,2,2,1,93,218,322,2.91e-48,166,88.57
8pjq,7ON7_A,85.185,54,2,1,46,93,4,57,6.45e-18,87.8,88.89
8pjq,8PJR_A,84.946,93,14,0,1,93,6,98,1.36e-46,161,91.40
8pjq,8PJR_A,84.946,93,14,0,1,93,53,145,1.36e-46,161,91.40
8pjq,8PJR_A,84.946,93,14,0,1,93,100,192,1.36e-46,161,91.40
8pjq,8PJR_A,84.946,93,14,0,1,93,147,239,1.36e-46,161,91.40
8pjq,8PJR_A,84.946,93,14,0,1,93,194,286,1.36e-46,161,91.40
8pjq,8PJR_A,83.333,48,8,0,46,93,4,51,3.73e-17,85.1,91.67
8pjq,8PJZ_A,82.474,97,13,1,1,93,57,153,9.12e-46,159,91.75
8pjq,8PJZ_A,82.474,97,13,1,1,93,155,251,9.12e-46,159,91.75
8pjq,8PJZ_A,81.443,97,14,1,1,93,6,102,3.49e-45,158,91.75
8pjq,8PJZ_A,81.443,97,14,1,1,93,104,200,3.49e-45,158,91.75
8pjq,8PJZ_A,81.443,97,14,1,1,93,202,298,3.49e-45,158,91.75
8pjq,8PJZ_A,80.769,52,6,1,46,93,4,55,2.33e-16,83.2,90.38
8pjq,7ONH_A,82.075,106,6,2,1,93,6,111,1.63e-44,157,83.96
8pjq,7ONH_A,82.075,106,6,2,1,93,62,167,1.63e-44,157,83.96
8pjq,7ONH_A,82.075,106,6,2,1,93,113,218,1.63e-44,157,83.96
8pjq,7ONH_A,82.075,106,6,2,1,93,169,274,1.63e-44,157,83.96
8pjq,7ONH_A,82.075,106,6,2,1,93,220,325,1.63e-44,157,83.96
8pjq,7ONH_A,73.684,57,6,1,46,93,4,60,8.31e-14,76.6,77.19
8pjq,7PVP_A,82.796,93,16,0,1,93,6,98,5.31e-44,154,91.40
8pjq,7PVP_A,82.796,93,16,0,1,93,53,145,5.31e-44,154,91.40
8pjq,7PVP_A,82.796,93,16,0,1,93,100,192,5.31e-44,154,91.40
8pjq,7PVP_A,82.796,93,16,0,1,93,147,239,5.31e-44,154,91.40
8pjq,7PVP_A,82.796,93,16,0,1,93,194,286,5.31e-44,154,91.40
8pjq,7PVP_A,81.250,48,9,0,46,93,4,51,7.15e-16,82.0,91.67
8pjq,7Q58_A,79.570,93,19,0,1,93,6,98,1.01e-42,151,88.17
8pjq,7Q58_A,79.570,93,19,0,1,93,53,145,1.01e-42,151,88.17
8pjq,7Q58_A,79.570,93,19,0,1,93,100,192,1.01e-42,151,88.17
8pjq,7Q58_A,79.570,93,19,0,1,93,147,239,1.01e-42,151,88.17
8pjq,7Q58_A,79.570,93,19,0,1,93,194,286,1.01e-42,151,88.17
8pjq,7Q58_A,77.083,48,11,0,46,93,4,51,9.51e-15,79.0,87.50
8pjq,7ON8_A,79.000,100,13,2,2,93,7,106,4.08e-42,150,87.00
8pjq,7ON8_A,79.000,100,13,2,2,93,58,157,4.08e-42,150,87.00
8pjq,7ON8_A,79.000,100,13,2,2,93,109,208,4.08e-42,150,87.00
8pjq,7ON8_A,79.000,100,13,2,2,93,160,259,4.08e-42,150,87.00
8pjq,7ON8_A,79.000,100,13,2,2,93,211,310,4.08e-42,150,87.00
8pjq,7ON8_A,76.923,52,8,1,46,93,4,55,9.40e-15,79.3,86.54
8pjq,8PJV_A,78.218,101,14,2,1,93,6,106,2.01e-41,149,86.14
8pjq,8PJV_A,78.218,101,14,2,1,93,57,157,2.01e-41,149,86.14
8pjq,8PJV_A,78.218,101,14,2,1,93,108,208,2.01e-41,149,86.14
8pjq,8PJV_A,78.218,101,14,2,1,93,159,259,2.01e-41,149,86.14
8pjq,8PJV_A,78.218,101,14,2,1,93,210,310,2.01e-41,149,86.14
8pjq,8PJV_A,78.846,52,7,1,46,93,4,55,2.25e-15,80.9,88.46
8pjq,8PJT_A,77.228,101,15,2,1,93,6,106,3.31e-41,148,86.14
8pjq,8PJT_A,77.228,101,15,2,1,93,57,157,3.31e-41,148,86.14
8pjq,8PJT_A,77.228,101,15,2,1,93,108,208,3.31e-41,148,86.14
8pjq,8PJT_A,77.228,101,15,2,1,93,159,259,3.31e-41,148,86.14
8pjq,8PJT_A,77.228,101,15,2,1,93,210,310,3.31e-41,148,86.14
8pjq,8PJT_A,78.846,52,7,1,46,93,4,55,1.50e-15,81.3,88.46
8pjq,7ON6_A,77.228,101,15,2,1,93,6,106,5.55e-41,147,84.16
8pjq,7ON6_A,77.228,101,15,2,1,93,57,157,5.55e-41,147,84.16
8pjq,7ON6_A,77.228,101,15,2,1,93,108,208,5.55e-41,147,84.16
8pjq,7ON6_A,77.228,101,15,2,1,93,159,259,5.55e-41,147,84.16
8pjq,7ON6_A,77.228,101,15,2,1,93,210,310,5.55e-41,147,84.16
8pjq,7ON6_A,75.000,52,9,1,46,93,4,55,3.19e-14,77.8,84.62
8pjq,8PJY_A,76.289,97,19,1,1,93,6,102,9.95e-41,146,88.66
8pjq,8PJY_A,76.289,97,19,1,1,93,104,200,9.95e-41,146,88.66
8pjq,8PJY_A,76.289,97,19,1,1,93,202,298,9.95e-41,146,88.66
8pjq,8PJY_A,76.289,97,19,1,1,93,57,153,2.16e-40,145,87.63
8pjq,8PJY_A,76.289,97,19,1,1,93,155,251,2.16e-40,145,87.63
8pjq,8PJY_A,63.462,52,15,1,46,93,4,55,1.23e-09,65.1,78.85
8pjq,7ONA_A,76.238,101,16,2,1,93,6,106,1.68e-40,146,84.16
8pjq,7ONA_A,76.238,101,16,2,1,93,57,157,1.68e-40,146,84.16
8pjq,7ONA_A,76.238,101,16,2,1,93,108,208,1.68e-40,146,84.16
8pjq,7ONA_A,76.238,101,16,2,1,93,159,259,1.68e-40,146,84.16
8pjq,7ONA_A,76.238,101,16,2,1,93,210,310,1.68e-40,146,84.16
8pjq,7ONA_A,75.000,52,9,1,46,93,4,55,2.88e-14,77.8,84.62
8pjq,8PJW_A,55.714,140,15,1,1,93,6,145,1.95e-39,143,63.57
8pjq,8PJW_A,55.714,140,15,1,1,93,100,239,1.95e-39,143,63.57
8pjq,8PJW_A,72.826,92,25,0,1,92,194,285,3.93e-38,139,86.96
8pjq,8PJW_A,81.250,48,9,0,46,93,4,51,1.15e-17,86.7,95.83
8pjq,8PJX_A,54.286,140,17,1,1,93,6,145,7.00e-37,136,60.71
8pjq,8PJX_A,54.286,140,17,1,1,93,100,239,7.00e-37,136,60.71
8pjq,8PJX_A,68.478,92,29,0,1,92,194,285,1.51e-35,133,78.26
8pjq,8PJX_A,79.167,48,10,0,46,93,4,51,2.25e-16,83.2,91.67
8pjq,8PJS_A,77.419,93,19,2,1,93,6,96,7.77e-37,136,88.17
8pjq,8PJS_A,77.419,93,19,2,1,93,52,142,7.77e-37,136,88.17
8pjq,8PJS_A,77.419,93,19,2,1,93,98,188,7.77e-37,136,88.17
8pjq,8PJS_A,77.419,93,19,2,1,93,144,234,7.77e-37,136,88.17
8pjq,8PJS_A,77.419,93,19,2,1,93,190,280,7.77e-37,136,88.17
8pjq,8PJU_A,72.277,101,20,2,1,93,57,157,1.87e-35,133,80.20
8pjq,8PJU_A,72.277,101,20,2,1,93,159,259,1.87e-35,133,80.20
8pjq,8PJU_A,71.287,101,21,2,1,93,6,106,7.13e-35,132,80.20
8pjq,8PJU_A,71.287,101,21,2,1,93,108,208,7.13e-35,132,80.20
8pjq,8PJU_A,71.287,101,21,2,1,93,210,310,7.13e-35,132,80.20
8pjq,8PJU_A,75.000,52,9,1,46,93,4,55,1.34e-13,76.3,84.62
8pjq,XP_061469761.1,66.667,93,31,0,1,93,391,483,1.24e-34,135,77.42
8pjq,XP_061469761.1,57.732,97,37,1,1,93,340,436,6.47e-29,120,74.23
8pjq,XP_061469761.1,58.242,91,38,0,2,92,439,529,2.16e-28,118,68.13
8pjq,XP_061469761.1,55.556,90,40,0,3,92,487,576,6.18e-25,108,68.89
8pjq,XP_061469761.1,55.556,45,20,0,1,45,532,576,9.41e-07,57.4,73.33
8pjq,XP_020654350.1,66.667,93,31,0,1,93,391,483,1.87e-34,135,78.49
8pjq,XP_020654350.1,61.538,91,35,0,2,92,439,529,1.39e-30,124,70.33
8pjq,XP_020654350.1,55.556,90,40,0,3,92,487,576,2.40e-25,110,67.78
8pjq,XP_020654350.1,52.577,97,42,1,1,93,340,436,2.12e-24,107,70.10
8pjq,XP_020654350.1,53.333,45,21,0,1,45,532,576,3.48e-06,55.8,71.11
8pjq,XP_020452724.1,66.667,93,31,0,1,93,391,483,1.87e-34,135,78.49
8pjq,XP_020452724.1,55.435,92,41,0,2,93,439,530,1.92e-26,113,68.48
8pjq,XP_020452724.1,56.667,90,39,0,3,92,487,576,4.24e-25,109,71.11
8pjq,XP_020452724.1,54.639,97,40,1,1,93,340,436,8.02e-24,105,69.07
8pjq,XP_020452724.1,64.444,45,16,0,1,45,532,576,6.61e-09,63.5,80.00
8pjq,XP_062975382.1,66.667,93,31,0,1,93,391,483,1.95e-34,135,77.42
8pjq,XP_062975382.1,60.674,89,35,0,2,90,439,527,1.33e-29,122,70.79
8pjq,XP_062975382.1,55.670,97,39,1,1,93,340,436,6.39e-27,114,71.13
8pjq,XP_062975382.1,55.556,90,40,0,3,92,487,576,2.88e-26,112,70.00
8pjq,XP_062975382.1,55.556,45,20,0,1,45,532,576,2.06e-07,59.3,75.56
8pjq,XP_023101067.1,67.742,93,30,0,1,93,423,515,3.31e-34,135,77.42
8pjq,XP_023101067.1,59.341,91,37,0,2,92,471,561,9.24e-30,122,71.43
8pjq,XP_023101067.1,57.732,97,37,1,1,93,372,468,5.47e-27,114,73.20
8pjq,XP_023101067.1,57.778,90,38,0,3,92,519,608,8.78e-27,114,71.11
8pjq,XP_023101067.1,60.000,45,18,0,1,45,564,608,4.47e-08,61.2,77.78
8pjq,XP_047690155.1,67.742,93,30,0,1,93,423,515,3.38e-34,135,77.42
8pjq,XP_047690155.1,59.341,91,37,0,2,92,471,561,9.51e-30,122,71.43
8pjq,XP_047690155.1,57.732,97,37,1,1,93,372,468,5.47e-27,114,73.20
8pjq,XP_047690155.1,57.778,90,38,0,3,92,519,608,8.86e-27,114,71.11
8pjq,XP_047690155.1,60.000,45,18,0,1,45,564,608,4.47e-08,61.2,77.78
8pjq,XP_019283286.1,67.742,93,30,0,1,93,423,515,3.52e-34,135,77.42
8pjq,XP_019283286.1,59.341,91,37,0,2,92,471,561,1.00e-29,122,71.43
8pjq,XP_019283286.1,57.732,97,37,1,1,93,372,468,5.63e-27,114,73.20
8pjq,XP_019283286.1,57.778,90,38,0,3,92,519,608,9.50e-27,114,71.11
8pjq,XP_019283286.1,60.000,45,18,0,1,45,564,608,4.64e-08,61.2,77.78
8pjq,XP_058584044.1,67.742,93,30,0,1,93,423,515,3.55e-34,134,77.42
8pjq,XP_058584044.1,59.341,91,37,0,2,92,471,561,1.03e-29,122,71.43
8pjq,XP_058584044.1,57.732,97,37,1,1,93,372,468,5.63e-27,114,73.20
8pjq,XP_058584044.1,57.778,90,38,0,3,92,519,608,9.88e-27,114,71.11
8pjq,XP_058584044.1,60.000,45,18,0,1,45,564,608,4.74e-08,61.2,77.78
8pjq,XP_062034245.1,67.742,93,30,0,1,93,423,515,4.30e-34,134,77.42
8pjq,XP_062034245.1,62.637,91,34,0,2,92,471,561,1.92e-30,124,71.43
8pjq,XP_062034245.1,60.000,90,36,0,3,92,519,608,2.23e-27,115,71.11
8pjq,XP_062034245.1,55.670,97,39,1,1,93,372,468,1.74e-25,110,72.16
8pjq,XP_062034245.1,60.000,45,18,0,1,45,564,608,4.42e-08,61.2,77.78
8pjq,XP_068939188.1,66.667,93,31,0,1,93,422,514,4.63e-34,134,77.42
8pjq,XP_068939188.1,59.341,91,37,0,2,92,470,560,9.30e-30,122,70.33
8pjq,XP_068939188.1,58.763,97,36,1,1,93,371,467,3.66e-28,118,74.23
8pjq,XP_068939188.1,57.778,90,38,0,3,92,518,607,3.27e-26,112,70.00
8pjq,XP_068939188.1,43.750,96,49,2,2,93,326,420,3.26e-14,78.6,61.46
8pjq,XP_068939188.1,60.000,45,18,0,1,45,563,607,9.93e-08,60.1,75.56
8pjq,XP_027714225.1,66.667,93,31,0,1,93,422,514,5.23e-34,134,77.42
8pjq,XP_027714225.1,59.341,91,37,0,2,92,470,560,1.01e-29,122,70.33
8pjq,XP_027714225.1,58.763,97,36,1,1,93,371,467,4.87e-28,117,74.23
8pjq,XP_027714225.1,57.778,90,38,0,3,92,518,607,4.27e-26,112,70.00
8pjq,XP_027714225.1,43.750,96,49,2,2,93,326,420,4.03e-14,78.6,61.46
8pjq,XP_027714225.1,60.000,45,18,0,1,45,563,607,1.14e-07,60.1,75.56
8pjq,XP_020850692.1,66.667,93,31,0,1,93,422,514,5.28e-34,134,77.42
8pjq,XP_020850692.1,59.341,91,37,0,2,92,470,560,1.04e-29,122,70.33
8pjq,XP_020850692.1,58.763,97,36,1,1,93,371,467,4.92e-28,117,74.23
8pjq,XP_020850692.1,57.778,90,38,0,3,92,518,607,4.44e-26,112,70.00
8pjq,XP_020850692.1,43.750,96,49,2,2,93,326,420,4.07e-14,78.6,61.46
8pjq,XP_020850692.1,60.000,45,18,0,1,45,563,607,1.16e-07,60.1,75.56
8pjq,XP_048345850.1,66.667,93,31,0,1,93,391,483,5.29e-34,134,75.27
8pjq,XP_048345850.1,58.763,97,36,1,1,93,340,436,7.49e-29,120,72.16
8pjq,XP_048345850.1,58.242,91,38,0,2,92,439,529,7.28e-28,117,69.23
8pjq,XP_048345850.1,54.444,90,41,0,3,92,487,576,4.96e-23,103,66.67
8pjq,XP_048345850.1,51.111,45,22,0,1,45,532,576,4.89e-05,52.8,68.89
8pjq,XP_042305619.1,64.516,93,33,0,1,93,391,483,5.52e-34,134,80.65
8pjq,XP_042305619.1,59.341,91,37,0,2,92,439,529,1.03e-29,122,72.53
8pjq,XP_042305619.1,54.639,97,40,1,1,93,340,436,8.43e-27,114,72.16
8pjq,XP_042305619.1,56.667,90,39,0,3,92,487,576,3.37e-26,112,68.89
8pjq,XP_042305619.1,55.556,45,20,0,1,45,532,576,5.40e-07,58.2,71.11
8pjq,XP_002723322.1,66.667,93,31,0,1,93,423,515,6.11e-34,134,77.42
8pjq,XP_002723322.1,61.538,91,35,0,2,92,471,561,1.56e-30,124,71.43
8pjq,XP_002723322.1,60.000,90,36,0,3,92,519,608,1.87e-27,116,71.11
8pjq,XP_002723322.1,55.670,97,39,1,1,93,372,468,1.68e-25,110,72.16
8pjq,XP_002723322.1,60.000,45,18,0,1,45,564,608,4.13e-08,61.2,77.78
8pjq,XP_051827470.1,66.667,93,31,0,1,93,422,514,6.14e-34,134,77.42
8pjq,XP_051827470.1,58.242,91,38,0,2,92,470,560,6.55e-29,120,70.33
8pjq,XP_051827470.1,58.763,97,36,1,1,93,371,467,4.64e-28,117,74.23
8pjq,XP_051827470.1,57.778,90,38,0,3,92,518,607,3.95e-26,112,70.00
8pjq,XP_051827470.1,43.750,96,49,2,2,93,326,420,3.88e-14,78.6,61.46
8pjq,XP_051827470.1,60.000,45,18,0,1,45,563,607,1.10e-07,60.1,75.56
8pjq,XP_031803375.1,66.667,93,31,0,1,93,422,514,6.20e-34,134,77.42
8pjq,XP_031803375.1,58.242,91,38,0,2,92,470,560,6.55e-29,120,70.33
8pjq,XP_031803375.1,58.763,97,36,1,1,93,371,467,4.73e-28,117,74.23
8pjq,XP_031803375.1,57.778,90,38,0,3,92,518,607,3.95e-26,112,70.00
8pjq,XP_031803375.1,43.750,96,49,2,2,93,326,420,3.92e-14,78.6,61.46
8pjq,XP_031803375.1,60.000,45,18,0,1,45,563,607,1.10e-07,60.1,75.56
8pjq,KAJ7317302.1,66.667,93,31,0,1,93,391,483,6.62e-34,134,76.34
8pjq,KAJ7317302.1,60.440,91,36,0,2,92,439,529,6.05e-30,123,70.33
8pjq,KAJ7317302.1,55.670,97,39,1,1,93,340,436,3.40e-26,112,70.10
8pjq,KAJ7317302.1,55.556,90,40,0,3,92,487,576,2.11e-25,110,68.89
8pjq,KAJ7317302.1,53.333,45,21,0,1,45,532,576,5.03e-06,55.5,71.11
8pjq,XP_044299423.1,66.667,93,31,0,1,93,449,541,6.93e-34,134,77.42
8pjq,XP_044299423.1,60.440,91,36,0,2,92,497,587,4.13e-30,123,70.33
8pjq,XP_044299423.1,56.667,90,39,0,3,92,545,634,1.41e-26,114,71.11
8pjq,XP_044299423.1,55.670,97,39,1,1,93,398,494,3.35e-26,112,71.13
8pjq,XP_044299423.1,55.556,45,20,0,1,45,590,634,2.17e-07,59.3,75.56
8pjq,XP_004398925.1,66.667,93,31,0,1,93,423,515,7.77e-34,134,76.34
8pjq,XP_004398925.1,59.341,91,37,0,2,92,471,561,1.69e-29,122,70.33
8pjq,XP_004398925.1,58.763,97,36,1,1,93,372,468,5.72e-28,117,73.20
8pjq,XP_004398925.1,58.889,90,37,0,3,92,519,608,4.19e-27,115,71.11
8pjq,XP_004398925.1,43.750,96,49,2,2,93,327,421,1.28e-14,79.7,61.46
8pjq,XP_004398925.1,60.000,45,18,0,1,45,564,608,4.74e-08,61.2,77.78
8pjq,XP_028339545.1,66.667,93,31,0,1,93,423,515,8.24e-34,133,76.34
8pjq,XP_028339545.1,58.242,91,38,0,2,92,471,561,2.56e-29,121,70.33
8pjq,XP_028339545.1,56.701,97,38,1,1,93,372,468,6.11e-26,112,72.16
8pjq,XP_028339545.1,58.108,74,31,0,3,76,519,592,1.83e-21,99.4,70.27
8pjq,XP_028339545.1,62.069,29,11,0,1,29,564,592,0.010,45.8,79.31
8pjq,XP_054859680.1,65.591,93,32,0,1,93,391,483,8.30e-34,133,74.19
8pjq,XP_054859680.1,57.732,97,37,1,1,93,340,436,3.47e-28,118,71.13
8pjq,XP_054859680.1,56.044,91,40,0,2,92,439,529,1.05e-26,114,67.03
8pjq,XP_054859680.1,55.556,90,40,0,3,92,487,576,2.62e-24,107,67.78
8pjq,XP_054859680.1,55.556,45,20,0,1,45,532,576,9.51e-07,57.4,71.11
8pjq,XP_023990024.1,66.667,93,31,0,1,93,423,515,8.59e-34,134,76.34
8pjq,XP_023990024.1,58.242,91,38,0,2,92,471,561,2.46e-29,121,70.33
8pjq,XP_023990024.1,57.778,90,38,0,3,92,519,608,7.88e-27,114,71.11
8pjq,XP_023990024.1,56.701,97,38,1,1,93,372,468,5.86e-26,112,72.16
8pjq,XP_023990024.1,60.000,45,18,0,1,45,564,608,4.78e-08,61.2,77.78
8pjq,XP_055457394.1,66.667,93,31,0,1,93,417,509,8.74e-34,134,77.42
8pjq,XP_055457394.1,57.143,91,39,0,2,92,465,555,2.12e-28,119,70.33
8pjq,XP_055457394.1,57.778,90,38,0,3,92,513,602,7.05e-27,114,71.11
8pjq,XP_055457394.1,56.701,97,38,1,1,93,366,462,3.37e-26,112,73.20
8pjq,XP_055457394.1,60.000,45,18,0,1,45,558,602,4.01e-08,61.2,77.78
8pjq,XP_012496759.1,66.667,93,31,0,1,93,423,515,8.85e-34,134,76.34
8pjq,XP_012496759.1,58.242,91,38,0,2,92,471,561,1.46e-29,122,71.43
8pjq,XP_012496759.1,57.732,97,37,1,1,93,372,468,3.69e-27,115,73.20
8pjq,XP_012496759.1,57.778,90,38,0,3,92,519,608,3.69e-27,115,72.22
8pjq,XP_012496759.1,60.000,45,18,0,1,45,564,608,3.86e-08,61.2,77.78
8pjq,XP_039370012.1,65.591,93,32,0,1,93,391,483,8.87e-34,133,78.49
8pjq,XP_039370012.1,59.794,97,35,1,1,93,340,436,4.72e-29,120,74.23
8pjq,XP_039370012.1,56.044,91,40,0,2,92,439,529,4.26e-28,117,72.53
8pjq,XP_039370012.1,54.444,90,41,0,3,92,487,576,3.14e-25,109,71.11
8pjq,XP_039370012.1,55.556,45,20,0,1,45,532,576,2.89e-07,58.9,75.56
8pjq,XP_054938262.1,66.667,93,31,0,1,93,423,515,9.63e-34,133,76.34
8pjq,XP_054938262.1,58.242,91,38,0,2,92,471,561,2.86e-29,121,70.33
8pjq,XP_054938262.1,57.778,90,38,0,3,92,519,608,8.98e-27,114,71.11
8pjq,XP_054938262.1,56.701,97,38,1,1,93,372,468,6.75e-26,111,72.16
8pjq,XP_054938262.1,60.000,45,18,0,1,45,564,608,5.02e-08,61.2,77.78
8pjq,XP_032636345.1,65.591,93,32,0,1,93,391,483,9.71e-34,133,77.42
8pjq,XP_032636345.1,57.143,91,39,0,2,92,439,529,9.87e-29,119,72.53
8pjq,XP_032636345.1,58.763,97,36,1,1,93,340,436,2.56e-28,118,73.20
8pjq,XP_032636345.1,55.556,90,40,0,3,92,487,576,4.61e-25,109,70.00
8pjq,XP_032636345.1,55.556,45,20,0,1,45,532,576,2.05e-06,56.6,71.11
8pjq,XP_029074051.1,66.667,93,31,0,1,93,423,515,9.78e-34,133,76.34
8pjq,XP_029074051.1,58.242,91,38,0,2,92,471,561,2.89e-29,121,70.33
8pjq,XP_029074051.1,57.778,90,38,0,3,92,519,608,9.04e-27,114,71.11
8pjq,XP_029074051.1,56.701,97,38,1,1,93,372,468,6.79e-26,111,72.16
8pjq,XP_029074051.1,60.000,45,18,0,1,45,564,608,5.02e-08,61.2,77.78
8pjq,XP_062967685.1,66.667,93,31,0,1,93,423,515,9.78e-34,133,76.34
8pjq,XP_062967685.1,57.143,91,39,0,2,92,471,561,8.16e-29,120,70.33
8pjq,XP_062967685.1,57.732,97,37,1,1,93,372,468,4.19e-27,115,73.20
8pjq,XP_062967685.1,56.667,90,39,0,3,92,519,608,2.07e-26,113,71.11
8pjq,XP_062967685.1,60.000,45,18,0,1,45,564,608,4.09e-08,61.2,77.78
8pjq,KAG8523216.1,66.667,93,31,0,1,93,423,515,9.78e-34,133,76.34
8pjq,KAG8523216.1,58.242,91,38,0,2,92,471,561,4.04e-29,120,70.33
8pjq,KAG8523216.1,57.732,97,37,1,1,93,372,468,4.23e-27,115,73.20
8pjq,KAG8523216.1,57.778,90,38,0,3,92,519,608,1.06e-26,114,71.11
8pjq,KAG8523216.1,60.000,45,18,0,1,45,564,608,4.01e-08,61.2,77.78
8pjq,XP_036702860.1,66.667,93,31,0,1,93,423,515,9.78e-34,133,76.34
8pjq,XP_036702860.1,58.242,91,38,0,2,92,471,561,7.04e-29,120,69.23
8pjq,XP_036702860.1,57.778,90,38,0,3,92,519,608,2.19e-26,113,70.00
8pjq,XP_036702860.1,56.701,97,38,1,1,93,372,468,6.79e-26,111,72.16
8pjq,XP_036702860.1,60.000,45,18,0,1,45,564,608,5.02e-08,61.2,77.78
8pjq,XP_059950141.1,66.667,93,31,0,1,93,423,515,9.78e-34,133,76.34
8pjq,XP_059950141.1,58.242,91,38,0,2,92,471,561,2.89e-29,121,70.33
8pjq,XP_059950141.1,57.778,90,38,0,3,92,519,608,9.04e-27,114,71.11
8pjq,XP_059950141.1,56.701,97,38,1,1,93,372,468,6.79e-26,111,72.16
8pjq,XP_059950141.1,60.000,45,18,0,1,45,564,608,5.02e-08,61.2,77.78
8pjq,XP_007951767.1,66.667,93,31,0,1,93,423,515,9.78e-34,133,76.34
8pjq,XP_007951767.1,57.143,91,39,0,2,92,471,561,1.11e-28,119,69.23
8pjq,XP_007951767.1,56.701,97,38,1,1,93,372,468,9.78e-27,114,73.20
8pjq,XP_007951767.1,56.667,90,39,0,3,92,519,608,3.03e-26,112,70.00
8pjq,XP_007951767.1,60.000,45,18,0,1,45,564,608,4.42e-08,61.2,77.78
8pjq,XP_004277407.1,66.667,93,31,0,1,93,423,515,9.78e-34,133,76.34
8pjq,XP_004277407.1,58.242,91,38,0,2,92,471,561,2.86e-29,121,70.33
8pjq,XP_004277407.1,57.778,90,38,0,3,92,519,608,8.95e-27,114,71.11
8pjq,XP_004277407.1,56.701,97,38,1,1,93,372,468,6.72e-26,111,72.16
8pjq,XP_004277407.1,60.000,45,18,0,1,45,564,608,5.02e-08,61.2,77.78
8pjq,XP_050781641.1,65.591,93,32,0,1,93,391,483,9.81e-34,133,77.42
8pjq,XP_050781641.1,58.763,97,36,1,1,93,340,436,2.62e-28,118,73.20
8pjq,XP_050781641.1,56.044,91,40,0,2,92,439,529,2.89e-28,118,72.53
8pjq,XP_050781641.1,53.333,90,42,0,3,92,487,576,8.66e-25,108,72.22
8pjq,XP_050781641.1,53.333,45,21,0,1,45,532,576,1.35e-06,57.0,75.56
8pjq,XP_067320107.1,65.591,93,32,0,1,93,391,483,9.91e-34,133,79.57
8pjq,XP_067320107.1,59.341,91,37,0,2,92,439,529,2.30e-29,121,71.43
8pjq,XP_067320107.1,55.556,90,40,0,3,92,487,576,1.60e-25,110,68.89
8pjq,XP_067320107.1,54.639,97,40,1,1,93,340,436,3.86e-25,109,70.10
8pjq,XP_067320107.1,55.556,45,20,0,1,45,532,576,4.03e-07,58.5,73.33
8pjq,XP_057565464.1,66.667,93,31,0,1,93,423,515,1.03e-33,133,76.34
8pjq,XP_057565464.1,58.242,91,38,0,2,92,471,561,3.00e-29,121,70.33
8pjq,XP_057565464.1,57.778,90,38,0,3,92,519,608,7.35e-27,114,71.11
8pjq,XP_057565464.1,56.701,97,38,1,1,93,372,468,6.99e-26,111,72.16
8pjq,XP_057565464.1,60.000,45,18,0,1,45,564,608,4.01e-08,61.2,77.78
8pjq,XP_030401915.1,65.591,93,32,0,1,93,391,483,1.04e-33,133,77.42
8pjq,XP_030401915.1,57.143,91,39,0,2,92,439,529,1.06e-28,119,72.53
8pjq,XP_030401915.1,58.763,97,36,1,1,93,340,436,2.69e-28,118,73.20
8pjq,XP_030401915.1,54.444,90,41,0,3,92,487,576,3.14e-25,109,72.22
8pjq,XP_030401915.1,53.333,45,21,0,1,45,532,576,1.36e-06,57.0,75.56
8pjq,NP_001108143.1,66.667,93,31,0,1,93,423,515,1.05e-33,133,76.34
8pjq,NP_001108143.1,58.242,91,38,0,2,92,471,561,3.03e-29,121,70.33
8pjq,NP_001108143.1,57.732,97,37,1,1,93,372,468,4.45e-27,115,73.20
8pjq,NP_001108143.1,57.778,90,38,0,3,92,519,608,7.42e-27,114,71.11
8pjq,NP_001108143.1,60.000,45,18,0,1,45,564,608,4.05e-08,61.2,77.78
8pjq,XP_006161600.1,66.667,93,31,0,1,93,423,515,1.05e-33,133,76.34
8pjq,XP_006161600.1,58.242,91,38,0,2,92,471,561,3.96e-29,120,70.33
8pjq,XP_006161600.1,58.763,97,36,1,1,93,372,468,8.00e-28,117,73.20
8pjq,XP_006161600.1,57.778,90,38,0,3,92,519,608,9.68e-27,114,71.11
8pjq,XP_006161600.1,43.750,96,49,2,2,93,327,421,1.04e-14,80.1,61.46
8pjq,XP_006161600.1,60.000,45,18,0,1,45,564,608,4.05e-08,61.2,77.78
8pjq,XP_004865558.1,66.667,93,31,0,1,93,427,519,1.06e-33,133,76.34
8pjq,XP_004865558.1,58.242,91,38,0,2,92,475,565,3.67e-29,120,70.33
8pjq,XP_004865558.1,57.732,97,37,1,1,93,376,472,1.55e-27,116,73.20
8pjq,XP_004865558.1,56.667,90,39,0,3,92,523,612,1.83e-26,113,71.11
8pjq,XP_004865558.1,43.750,96,49,2,2,93,331,425,8.59e-15,80.5,61.46
8pjq,XP_004865558.1,60.000,45,18,0,1,45,568,612,3.75e-08,61.6,77.78
8pjq,XP_044851016.1,65.591,93,32,0,1,93,391,483,1.14e-33,133,77.42
8pjq,XP_044851016.1,58.763,97,36,1,1,93,340,436,2.92e-28,118,73.20
8pjq,XP_044851016.1,56.044,91,40,0,2,92,439,529,1.55e-27,116,71.43
8pjq,XP_044851016.1,54.444,90,41,0,3,92,487,576,9.94e-25,108,71.11
8pjq,XP_044851016.1,55.556,45,20,0,1,45,532,576,3.22e-07,58.9,75.56
8pjq,XP_017495620.1,65.591,93,32,0,1,93,423,515,1.18e-33,133,76.34
8pjq,XP_017495620.1,56.044,91,40,0,2,92,471,561,7.69e-29,120,70.33
8pjq,XP_017495620.1,57.732,97,37,1,1,93,372,468,3.41e-27,115,73.20
8pjq,XP_017495620.1,56.667,90,39,0,3,92,519,608,1.31e-26,114,71.11
8pjq,XP_017495620.1,60.000,45,18,0,1,45,564,608,3.71e-08,61.6,77.78
8pjq,XP_004865560.1,66.667,93,31,0,1,93,423,515,1.20e-33,133,76.34
8pjq,XP_004865560.1,58.242,91,38,0,2,92,471,561,4.04e-29,120,70.33
8pjq,XP_004865560.1,57.732,97,37,1,1,93,372,468,1.71e-27,116,73.20
8pjq,XP_004865560.1,56.667,90,39,0,3,92,519,608,1.91e-26,113,71.11
8pjq,XP_004865560.1,43.750,96,49,2,2,93,327,421,8.92e-15,80.1,61.46
8pjq,XP_004865560.1,60.000,45,18,0,1,45,564,608,3.79e-08,61.2,77.78
8pjq,EHB12931.1,66.667,93,31,0,1,93,423,515,1.22e-33,133,76.34
8pjq,EHB12931.1,58.242,91,38,0,2,92,471,561,4.16e-29,120,70.33
8pjq,EHB12931.1,56.667,90,39,0,3,92,519,608,1.99e-26,113,71.11
8pjq,EHB12931.1,56.701,97,38,1,1,93,372,468,2.80e-26,112,72.16
8pjq,EHB12931.1,60.000,45,18,0,1,45,564,608,3.86e-08,61.2,77.78
8pjq,XP_036732005.2,65.591,93,32,0,1,93,423,515,1.26e-33,133,76.34
8pjq,XP_036732005.2,54.945,91,41,0,2,92,471,561,1.63e-28,119,70.33
8pjq,XP_036732005.2,57.732,97,37,1,1,93,372,468,2.61e-27,115,73.20
8pjq,XP_036732005.2,55.556,90,40,0,3,92,519,608,1.99e-26,113,71.11
8pjq,XP_036732005.2,60.000,45,18,0,1,45,564,608,3.24e-08,61.6,77.78
8pjq,XP_032251942.1,66.667,93,31,0,1,93,423,515,1.27e-33,133,76.34
8pjq,XP_032251942.1,59.341,91,37,0,2,92,471,561,1.50e-29,122,70.33
8pjq,XP_032251942.1,58.763,97,36,1,1,93,372,468,9.56e-28,117,73.20
8pjq,XP_032251942.1,58.889,90,37,0,3,92,519,608,3.69e-27,115,71.11
8pjq,XP_032251942.1,43.750,96,49,2,2,93,327,421,1.21e-14,79.7,61.46
8pjq,XP_032251942.1,60.000,45,18,0,1,45,564,608,4.42e-08,61.2,77.78
8pjq,XP_026337169.1,66.667,93,31,0,1,93,423,515,1.28e-33,133,76.34
8pjq,XP_026337169.1,58.242,91,38,0,2,92,471,561,3.52e-29,120,70.33
8pjq,XP_026337169.1,58.763,97,36,1,1,93,372,468,9.65e-28,117,73.20
8pjq,XP_026337169.1,57.778,90,38,0,3,92,519,608,8.60e-27,114,71.11
8pjq,XP_026337169.1,43.750,96,49,2,2,93,327,421,1.21e-14,79.7,61.46
8pjq,XP_026337169.1,60.000,45,18,0,1,45,564,608,4.42e-08,61.2,77.78
8pjq,XP_037361667.1,66.667,93,31,0,1,93,423,515,1.30e-33,133,75.27
8pjq,XP_037361667.1,58.242,91,38,0,2,92,471,561,5.60e-29,120,69.23
8pjq,XP_037361667.1,57.732,97,37,1,1,93,372,468,4.23e-27,115,73.20
8pjq,XP_037361667.1,57.778,90,38,0,3,92,519,608,6.79e-27,114,71.11
8pjq,XP_037361667.1,60.000,45,18,0,1,45,564,608,2.59e-08,62.0,77.78
8pjq,XP_006741120.1,66.667,93,31,0,1,93,423,515,1.33e-33,133,76.34
8pjq,XP_006741120.1,59.341,91,37,0,2,92,471,561,1.58e-29,122,70.33
8pjq,XP_006741120.1,58.763,97,36,1,1,93,372,468,9.94e-28,117,73.20
8pjq,XP_006741120.1,58.889,90,37,0,3,92,519,608,3.80e-27,115,71.11
8pjq,XP_006741120.1,43.750,96,49,2,2,93,327,421,1.25e-14,79.7,61.46
8pjq,XP_006741120.1,60.000,45,18,0,1,45,564,608,4.47e-08,61.2,77.78
8pjq,XP_008561317.1,65.591,93,32,0,1,93,423,515,1.35e-33,133,76.34
8pjq,XP_008561317.1,57.143,91,39,0,2,92,471,561,7.32e-29,120,70.33
8pjq,XP_008561317.1,56.701,97,38,1,1,93,372,468,5.58e-27,114,73.20
8pjq,XP_008561317.1,56.667,90,39,0,3,92,519,608,1.87e-26,113,71.11
8pjq,XP_008561317.1,60.000,45,18,0,1,45,564,608,3.94e-08,61.2,77.78
8pjq,XP_069334337.1,65.591,93,32,0,1,93,423,515,1.35e-33,133,76.34
8pjq,XP_069334337.1,57.143,91,39,0,2,92,471,561,3.89e-29,120,70.33
8pjq,XP_069334337.1,57.732,97,37,1,1,93,372,468,3.69e-27,115,73.20
8pjq,XP_069334337.1,57.778,90,38,0,3,92,519,608,8.11e-27,114,71.11
8pjq,XP_069334337.1,60.000,45,18,0,1,45,564,608,4.83e-08,61.2,77.78
8pjq,XP_045401643.1,65.591,93,32,0,1,93,423,515,1.49e-33,133,76.34
8pjq,XP_045401643.1,57.143,91,39,0,2,92,471,561,4.33e-29,120,70.33
8pjq,XP_045401643.1,57.732,97,37,1,1,93,372,468,4.19e-27,115,73.20
8pjq,XP_045401643.1,57.778,90,38,0,3,92,519,608,8.95e-27,114,71.11
8pjq,XP_045401643.1,60.000,45,18,0,1,45,564,608,5.02e-08,61.2,77.78
8pjq,XP_006875157.1,65.591,93,32,0,1,93,423,515,1.49e-33,133,76.34
8pjq,XP_006875157.1,58.242,91,38,0,2,92,471,561,5.44e-29,120,71.43
8pjq,XP_006875157.1,58.889,90,37,0,3,92,519,608,8.95e-27,114,72.22
8pjq,XP_006875157.1,56.701,97,38,1,1,93,372,468,2.86e-26,112,72.16
8pjq,XP_006875157.1,60.000,45,18,0,1,45,564,608,4.01e-08,61.2,77.78
8pjq,XP_007488618.1,65.591,93,32,0,1,93,422,514,1.53e-33,133,76.34
8pjq,XP_007488618.1,58.242,91,38,0,2,92,470,560,5.27e-29,120,70.33
8pjq,XP_007488618.1,57.732,97,37,1,1,93,371,467,1.18e-27,116,73.20
8pjq,XP_007488618.1,57.778,90,38,0,3,92,518,607,3.27e-26,112,70.00
8pjq,XP_007488618.1,43.750,96,49,2,2,93,326,420,3.26e-14,78.6,61.46
8pjq,XP_007488618.1,60.000,45,18,0,1,45,563,607,9.93e-08,60.1,75.56
8pjq,XP_004688795.1,66.667,93,31,0,1,93,423,515,1.54e-33,133,76.34
8pjq,XP_004688795.1,58.242,91,38,0,2,92,471,561,6.44e-29,120,70.33
8pjq,XP_004688795.1,58.763,97,36,1,1,93,372,468,1.09e-27,117,73.20
8pjq,XP_004688795.1,57.778,90,38,0,3,92,519,608,9.97e-27,114,71.11
8pjq,XP_004688795.1,43.750,96,49,2,2,93,327,421,1.33e-14,79.7,61.46
8pjq,XP_004688795.1,60.000,45,18,0,1,45,564,608,3.15e-08,61.6,77.78
8pjq,XP_010952548.1,66.667,93,31,0,1,93,423,515,1.54e-33,133,76.34
8pjq,XP_010952548.1,58.242,91,38,0,2,92,471,561,6.44e-29,120,70.33
8pjq,XP_010952548.1,57.732,97,37,1,1,93,372,468,1.73e-26,113,72.16
8pjq,XP_010952548.1,56.667,90,39,0,3,92,519,608,3.06e-26,112,72.22
8pjq,XP_010952548.1,57.778,45,19,0,1,45,564,608,9.55e-08,60.5,80.00
8pjq,XP_068393105.1,66.667,93,31,0,1,93,423,515,1.65e-33,133,76.34
8pjq,XP_068393105.1,58.242,91,38,0,2,92,471,561,4.60e-29,120,70.33
8pjq,XP_068393105.1,57.778,90,38,0,3,92,519,608,1.43e-26,113,71.11
8pjq,XP_068393105.1,56.701,97,38,1,1,93,372,468,1.03e-25,111,72.16
8pjq,XP_068393105.1,60.000,45,18,0,1,45,564,608,6.40e-08,60.8,77.78
8pjq,XP_045718977.2,66.667,93,31,0,1,93,423,515,1.68e-33,133,76.34
8pjq,XP_045718977.2,59.341,91,37,0,2,92,471,561,1.98e-29,121,70.33
8pjq,XP_045718977.2,58.763,97,36,1,1,93,372,468,1.19e-27,116,73.20
8pjq,XP_045718977.2,58.889,90,37,0,3,92,519,608,4.96e-27,115,71.11
8pjq,XP_045718977.2,43.750,96,49,2,2,93,327,421,1.38e-14,79.7,61.46
8pjq,XP_045718977.2,60.000,45,18,0,1,45,564,608,5.17e-08,60.8,77.78
8pjq,XP_006206340.1,66.667,93,31,0,1,93,423,515,1.70e-33,133,76.34
8pjq,XP_006206340.1,58.242,91,38,0,2,92,471,561,4.74e-29,120,70.33
8pjq,XP_006206340.1,57.732,97,37,1,1,93,372,468,1.91e-26,113,72.16
8pjq,XP_006206340.1,56.667,90,39,0,3,92,519,608,2.28e-26,113,72.22
8pjq,XP_006206340.1,57.778,45,19,0,1,45,564,608,1.00e-07,60.1,80.00
8pjq,XP_053155504.1,66.667,93,31,0,1,93,433,525,1.71e-33,133,76.34
8pjq,XP_053155504.1,59.794,97,35,1,1,93,382,478,8.81e-29,120,72.16
8pjq,XP_053155504.1,58.242,91,38,0,2,92,481,571,1.67e-28,119,70.33
8pjq,XP_053155504.1,54.444,90,41,0,3,92,529,618,7.92e-25,108,68.89
8pjq,XP_053155504.1,43.750,96,49,2,2,93,337,431,1.24e-14,79.7,60.42
8pjq,XP_053155504.1,53.333,45,21,0,1,45,574,618,1.82e-06,56.6,73.33
8pjq,XP_026255375.1,65.591,93,32,0,1,93,423,515,1.77e-33,132,76.34
8pjq,XP_026255375.1,57.143,91,39,0,2,92,471,561,9.28e-29,119,70.33
8pjq,XP_026255375.1,57.732,97,37,1,1,93,372,468,1.39e-27,116,73.20
8pjq,XP_026255375.1,56.667,90,39,0,3,92,519,608,1.82e-26,113,71.11
8pjq,XP_026255375.1,43.750,96,49,2,2,93,327,421,8.10e-15,80.5,61.46
8pjq,XP_026255375.1,60.000,45,18,0,1,45,564,608,3.54e-08,61.6,77.78
8pjq,XP_036590605.1,65.591,93,32,0,1,93,422,514,1.83e-33,132,76.34
8pjq,XP_036590605.1,57.143,91,39,0,2,92,470,560,8.47e-29,120,69.23
8pjq,XP_036590605.1,58.763,97,36,1,1,93,371,467,3.66e-28,118,74.23
8pjq,XP_036590605.1,56.667,90,39,0,3,92,518,607,7.62e-26,111,70.00
8pjq,XP_036590605.1,43.750,96,49,2,2,93,326,420,3.26e-14,78.6,61.46
8pjq,XP_036590605.1,60.000,45,18,0,1,45,563,607,9.93e-08,60.1,75.56
8pjq,XP_040305808.1,66.667,93,31,0,1,93,423,515,1.91e-33,132,77.42
8pjq,XP_040305808.1,58.242,91,38,0,2,92,471,561,5.28e-29,120,71.43
8pjq,XP_040305808.1,57.732,97,37,1,1,93,372,468,5.47e-27,114,73.20
8pjq,XP_040305808.1,57.778,90,38,0,3,92,519,608,8.86e-27,114,71.11
8pjq,XP_040305808.1,60.000,45,18,0,1,45,564,608,4.47e-08,61.2,77.78
8pjq,XP_005336185.1,65.591,93,32,0,1,93,423,515,1.97e-33,132,76.34
8pjq,XP_005336185.1,57.143,91,39,0,2,92,471,561,1.05e-28,119,70.33
8pjq,XP_005336185.1,57.732,97,37,1,1,93,372,468,1.53e-27,116,73.20
8pjq,XP_005336185.1,56.667,90,39,0,3,92,519,608,2.05e-26,113,71.11
8pjq,XP_005336185.1,43.750,96,49,2,2,93,327,421,8.58e-15,80.5,61.46
8pjq,XP_005336185.1,60.000,45,18,0,1,45,564,608,3.75e-08,61.6,77.78
8pjq,XP_047386992.1,65.591,93,32,0,1,93,423,515,2.27e-33,132,76.34
8pjq,XP_047386992.1,57.143,91,39,0,2,92,471,561,2.83e-29,121,71.43
8pjq,XP_047386992.1,57.778,90,38,0,3,92,519,608,7.47e-28,117,73.33
8pjq,XP_047386992.1,57.732,97,37,1,1,93,372,468,1.71e-27,116,73.20
8pjq,XP_047386992.1,43.750,96,49,2,2,93,327,421,6.05e-15,80.9,61.46
8pjq,XP_047386992.1,62.222,45,17,0,1,45,564,608,4.06e-09,64.3,80.00
8pjq,XP_058381698.1,65.591,93,32,0,1,93,423,515,2.34e-33,132,76.34
8pjq,XP_058381698.1,58.427,89,37,0,2,90,471,559,1.55e-28,119,70.79
8pjq,XP_058381698.1,56.701,97,38,1,1,93,372,468,9.04e-27,114,73.20
8pjq,XP_058381698.1,56.667,90,39,0,3,92,519,608,4.03e-26,112,70.00
8pjq,XP_058381698.1,60.000,45,18,0,1,45,564,608,4.83e-08,61.2,77.78
8pjq,MBZ3869085.1,65.591,93,32,0,1,93,423,515,2.34e-33,132,76.34
8pjq,MBZ3869085.1,57.143,91,39,0,2,92,471,561,2.97e-29,121,71.43
8pjq,MBZ3869085.1,57.778,90,38,0,3,92,519,608,7.84e-28,117,73.33
8pjq,MBZ3869085.1,57.732,97,37,1,1,93,372,468,1.73e-27,116,73.20
8pjq,MBZ3869085.1,43.750,96,49,2,2,93,327,421,6.05e-15,80.9,61.46
8pjq,MBZ3869085.1,62.222,45,17,0,1,45,564,608,4.14e-09,64.3,80.00
8pjq,KAF6401314.1,65.591,93,32,0,1,93,393,485,2.54e-33,132,76.34
8pjq,KAF6401314.1,54.945,91,41,0,2,92,441,531,1.69e-27,115,69.23
8pjq,KAF6401314.1,57.732,97,37,1,1,93,342,438,3.16e-27,115,73.20
8pjq,XP_045000068.1,65.591,93,32,0,1,93,423,515,2.89e-33,132,76.34
8pjq,XP_045000068.1,58.242,91,38,0,2,92,471,561,3.85e-29,120,70.33
8pjq,XP_045000068.1,57.778,90,38,0,3,92,519,608,1.02e-26,114,71.11
8pjq,XP_045000068.1,56.701,97,38,1,1,93,372,468,3.34e-26,112,72.16
8pjq,XP_045000068.1,60.000,45,18,0,1,45,564,608,5.02e-08,61.2,77.78
8pjq,XP_024601545.1,66.667,93,31,0,1,93,423,515,2.94e-33,132,75.27
8pjq,XP_024601545.1,58.242,91,38,0,2,92,471,561,8.58e-29,120,69.23
8pjq,XP_024601545.1,57.778,90,38,0,3,92,519,608,9.04e-27,114,71.11
8pjq,XP_024601545.1,56.701,97,38,1,1,93,372,468,6.79e-26,111,72.16
8pjq,XP_024601545.1,60.000,45,18,0,1,45,564,608,5.02e-08,61.2,77.78
8pjq,KAF6401316.1,65.591,93,32,0,1,93,141,233,3.02e-33,127,76.34
8pjq,KAF6401316.1,54.945,91,41,0,2,92,189,279,1.57e-27,112,69.23
8pjq,KAF6401316.1,57.732,97,37,1,1,93,90,186,1.03e-26,110,73.20
8pjq,KAL2764329.1,65.591,93,32,0,1,93,423,515,3.25e-33,132,75.27
8pjq,KAL2764329.1,57.143,91,39,0,2,92,471,561,9.28e-29,119,69.23
8pjq,KAL2764329.1,57.732,97,37,1,1,93,372,468,3.51e-27,115,73.20
8pjq,KAL2764329.1,57.778,90,38,0,3,92,519,608,6.10e-27,114,71.11
8pjq,KAL2764329.1,60.000,45,18,0,1,45,564,608,3.75e-08,61.6,77.78
8pjq,XP_003216447.2,64.516,93,33,0,1,93,391,483,3.32e-33,132,79.57
8pjq,XP_003216447.2,58.242,91,38,0,2,92,439,529,5.27e-29,120,71.43
8pjq,XP_003216447.2,55.670,97,39,1,1,93,340,436,1.45e-26,113,71.13
8pjq,XP_003216447.2,54.444,90,41,0,3,92,487,576,6.07e-25,108,67.78
8pjq,XP_003216447.2,41.667,96,51,2,2,93,295,389,4.04e-13,75.5,58.33
8pjq,XP_003216447.2,53.333,45,21,0,1,45,532,576,1.88e-06,56.6,71.11
8pjq,XP_052044898.1,65.591,93,32,0,1,93,423,515,3.39e-33,132,77.42
8pjq,XP_052044898.1,58.242,91,38,0,2,92,471,561,1.92e-29,121,71.43
8pjq,XP_052044898.1,56.667,90,39,0,3,92,519,608,2.39e-26,113,71.11
8pjq,XP_052044898.1,56.701,97,38,1,1,93,372,468,6.72e-26,111,72.16
8pjq,XP_052044898.1,57.778,45,19,0,1,45,564,608,1.21e-07,60.1,77.78
8pjq,KAF6401318.1,65.591,93,32,0,1,93,423,515,3.46e-33,131,76.34
8pjq,KAF6401318.1,54.945,91,41,0,2,92,471,561,2.05e-27,115,69.23
8pjq,KAF6401318.1,57.732,97,37,1,1,93,372,468,3.80e-27,115,73.20
8pjq,XP_067633834.1,58.696,92,38,0,2,93,38,129,3.57e-33,123,77.17
8pjq,XP_067633834.1,66.667,60,20,0,34,93,23,82,1.94e-19,88.2,83.33
8pjq,XP_067633834.1,52.174,69,33,0,1,69,84,152,1.33e-15,78.6,65.22
8pjq,CAM2109855.1,64.516,93,33,0,1,93,391,483,3.74e-33,132,77.42
8pjq,CAM2109855.1,57.143,91,39,0,2,92,439,529,8.63e-29,120,71.43
8pjq,CAM2109855.1,57.732,97,37,1,1,93,340,436,4.63e-28,117,73.20
8pjq,CAM2109855.1,55.556,90,40,0,3,92,487,576,5.88e-26,112,71.11
8pjq,CAM2109855.1,42.708,96,50,2,2,93,295,389,9.50e-14,77.4,60.42
8pjq,CAM2109855.1,55.556,45,20,0,1,45,532,576,4.12e-07,58.5,75.56
8pjq,XP_029772696.1,65.591,93,32,0,1,93,423,515,3.94e-33,132,76.34
8pjq,XP_029772696.1,58.242,91,38,0,2,92,471,561,7.11e-29,120,70.33
8pjq,XP_029772696.1,57.732,97,37,1,1,93,372,468,5.47e-27,114,73.20
8pjq,XP_029772696.1,58.889,90,37,0,3,92,519,608,5.80e-27,114,71.11
8pjq,XP_029772696.1,60.000,45,18,0,1,45,564,608,4.42e-08,61.2,77.78
5c39,1MFT_A,100.000,51,0,0,1,51,2,52,1.88e-26,101,100.00
5c39,5C39_A,100.000,51,0,0,1,51,1,51,2.11e-26,100,100.00
5c39,1U7J_A,82.353,51,5,1,1,51,2,48,3.67e-18,80.1,86.27
5c39,1Y47_A,82.000,50,5,1,1,50,1,46,4.74e-17,77.4,86.00
5c39,5VJS_A,79.167,48,10,0,4,51,28,75,1.91e-13,72.0,83.33
5c39,2HZ8_A,63.265,49,18,0,3,51,37,85,1.20e-12,68.2,87.76
5c39,5VJU_A,77.083,48,11,0,4,51,28,75,2.84e-12,68.9,81.25
5c39,2LFD_A,67.442,43,14,0,4,46,38,80,3.83e-11,64.3,88.37
5c39,1JM0_A,72.000,50,10,1,1,50,2,47,4.41e-11,62.4,76.00
5c39,2KIK_A,70.000,50,11,1,1,50,2,47,9.62e-11,61.6,72.00
5c39,1LT1_A,70.000,50,11,1,1,50,2,47,1.12e-10,61.2,74.00
5c39,1EC5_A,70.000,50,11,1,1,50,2,47,2.95e-10,60.5,74.00
5c39,6Z0C_A,70.833,48,14,0,4,51,29,76,6.48e-09,60.1,79.17
5c39,7JH6_A,67.442,43,10,1,5,47,66,104,4.20e-04,47.4,72.09
5c39,MFU8833008.1,52.273,44,18,1,9,49,93,136,4.91e-04,46.6,77.27
5c39,QKK04065.1,52.273,44,18,1,9,49,93,136,7.70e-04,46.2,75.00
5c39,MFH0932765.1,48.837,43,22,0,8,50,9,51,0.001,45.8,69.77
5c39,NWF52567.1,48.837,43,22,0,8,50,9,51,0.002,45.4,69.77
5c39,TAN44787.1,44.444,45,25,0,3,47,4,48,0.002,45.4,68.89
5c39,MCC5865649.1,47.727,44,20,1,9,49,93,136,0.003,44.7,72.73
5c39,WP_413883182.1,51.282,39,19,0,9,47,23,61,0.004,44.7,71.79
5c39,MCE5194415.1,44.186,43,24,0,8,50,9,51,0.005,44.3,67.44
5c39,MDD5035377.1,53.333,45,18,1,8,49,92,136,0.005,43.9,66.67
5c39,MCX8069989.1,45.000,40,22,0,8,47,9,48,0.006,43.9,72.50
5c39,WP_092074677.1,46.000,50,27,0,1,50,94,143,0.006,43.9,64.00
5c39,WP_164212028.1,47.727,44,20,1,9,49,93,136,0.007,43.9,75.00
5c39,RME69599.1,44.186,43,24,0,8,50,12,54,0.007,43.9,67.44
5c39,TVQ29298.1,45.455,44,21,1,9,49,93,136,0.008,43.5,70.45
5c39,WP_049725122.1,47.727,44,20,1,9,49,93,136,0.008,43.5,75.00
5c39,MBE0427445.1,44.186,43,24,0,8,50,9,51,0.008,43.5,67.44
5c39,MEE4637139.1,47.727,44,20,1,9,49,93,136,0.009,43.5,72.73
5c39,MFP4207154.1,47.727,44,20,1,9,49,93,136,0.010,43.5,72.73
5c39,MBI5025498.1,46.512,43,23,0,8,50,9,51,0.011,43.5,67.44
5c39,MCA1791555.1,47.727,44,20,1,9,49,33,76,0.011,42.4,70.45
5c39,HOC90748.1,34.694,49,32,0,3,51,9,57,0.011,43.1,69.39
5c39,MFH0352223.1,48.889,45,20,1,8,49,92,136,0.012,43.1,68.89
5c39,OQA90266.1,34.694,49,32,0,3,51,9,57,0.013,43.1,69.39
5c39,NLK74879.1,40.000,50,30,0,1,50,88,137,0.014,43.1,72.00
5c39,NCO67917.1,42.000,50,29,0,1,50,2,51,0.015,43.1,60.00
5c39,HPI78261.1,34.694,49,32,0,3,51,9,57,0.015,42.7,69.39
5c39,MEJ2094524.1,48.889,45,20,1,8,49,92,136,0.016,42.7,71.11
5c39,WP_149735472.1,40.000,50,30,0,1,50,95,144,0.016,42.7,70.00
5c39,HMA98708.1,47.727,44,20,1,9,49,93,136,0.016,42.7,70.45
5c39,WP_038051808.1,50.000,44,19,1,9,49,93,136,0.017,42.7,65.91
5c39,MBF0328821.1,46.512,43,23,0,3,45,4,46,0.017,42.7,67.44
5c39,MEN1729639.1,45.455,44,21,1,9,49,93,136,0.017,42.7,70.45
5c39,WP_018935108.1,47.727,44,20,1,9,49,93,136,0.017,42.7,68.18
5c39,WP_018142047.1,50.000,44,19,1,9,49,93,136,0.017,42.7,65.91
5c39,HSB51346.1,47.500,40,21,0,8,47,9,48,0.020,42.7,65.00
5c39,MDQ3564288.1,48.889,45,20,1,8,49,92,136,0.020,42.4,66.67
5c39,OGW53346.1,41.860,43,25,0,8,50,9,51,0.021,42.0,67.44
5c39,WP_296757976.1,47.727,44,20,1,9,49,93,136,0.022,42.4,70.45
5c39,MBI1811907.1,46.512,43,23,0,8,50,9,51,0.023,42.4,65.12
5c39,WP_410345163.1,47.727,44,20,1,9,49,93,136,0.023,42.4,70.45
5c39,MFN3739333.1,43.902,41,23,0,8,48,9,49,0.023,42.4,73.17
5c39,WP_190974175.1,45.455,44,21,1,9,49,93,136,0.026,42.4,65.91
5c39,HEU5335376.1,41.463,41,24,0,3,43,14,54,0.027,42.7,80.49
5c39,MBI5641630.1,48.649,37,19,0,8,44,9,45,0.030,42.0,70.27
5c39,HIJ59586.1,44.186,43,24,0,8,50,9,51,0.032,42.0,72.09
5c39,MEK6698945.1,44.186,43,24,0,8,50,9,51,0.035,42.0,65.12
5c39,MBZ0157918.1,47.500,40,21,0,8,47,9,48,0.037,42.0,67.50
5c39,HWR88974.1,37.209,43,27,0,8,50,9,51,0.037,42.0,67.44
5c39,MEW6544945.1,42.000,50,26,1,3,49,87,136,0.038,42.0,70.00
5c39,MBK05170.1,48.889,45,20,1,8,49,92,136,0.038,42.0,66.67
5c39,OOO02487.1,46.667,45,21,1,8,49,92,136,0.041,41.6,68.89
5c39,MCI0559880.1,46.667,45,21,1,8,49,92,136,0.049,41.6,66.67
5c39,MCX7794809.1,41.463,41,24,0,8,48,9,49,0.049,41.6,73.17
5lw2,7DNE_A,100.000,155,0,0,1,155,1,155,1.04e-103,304,100.00
5lw2,5LW2_A,100.000,155,0,0,1,155,13,167,1.50e-103,304,100.00
5lw2,7B6W_AAA,94.118,153,9,0,3,155,296,448,1.31e-96,297,97.39
5lw2,6YVR_AAA,94.118,153,9,0,3,155,319,471,8.54e-96,296,97.39
5lw2,6Z4S_AAA,94.118,153,9,0,3,155,319,471,9.21e-96,295,97.39
5lw2,6F5E_A,92.258,155,12,0,1,155,13,167,9.78e-95,288,97.42
5lw2,6F5E_A,78.571,154,33,0,2,155,170,323,1.03e-69,224,81.17
5lw2,6SH9_B,98.065,155,3,0,1,155,1191,1345,2.40e-93,306,98.71
5lw2,8QZN_A,92.105,152,12,0,1,152,5,156,1.52e-92,283,96.05
5lw2,5LE8_A,92.258,155,12,0,1,155,13,167,1.18e-91,280,95.48
5lw2,5LE8_A,90.323,155,15,0,1,155,174,328,1.06e-90,278,94.84
5lw2,5LE7_A,91.613,155,13,0,1,155,13,167,4.43e-91,278,96.13
5lw2,5LE7_A,90.323,155,15,0,1,155,172,326,9.73e-91,278,94.84
5lw2,6SA7_A,91.503,153,13,0,1,153,5,157,6.44e-91,284,96.08
5lw2,6FES_A,89.677,155,16,0,1,155,5,159,2.00e-90,278,92.90
5lw2,5LE3_A,92.810,153,11,0,1,153,13,165,2.96e-90,276,96.08
5lw2,5LE3_A,86.842,152,20,0,4,155,164,315,4.76e-84,260,91.45
5lw2,5LE6_A,95.238,147,7,0,1,147,13,159,9.56e-90,275,97.28
5lw2,5LE6_A,89.189,148,16,0,8,155,175,322,8.69e-85,262,93.24
5lw2,5LE2_A,92.258,155,12,0,1,155,13,167,1.89e-89,280,95.48
5lw2,5LE2_A,90.968,155,14,0,1,155,335,489,2.88e-89,279,94.84
5lw2,5LE2_A,87.097,155,20,0,1,155,174,328,4.75e-83,263,91.61
5lw2,5LEB_A,94.040,151,9,0,1,151,13,163,6.27e-89,278,96.69
5lw2,5LEB_A,91.724,145,12,0,11,155,327,471,1.47e-84,266,95.17
5lw2,5LEB_A,89.362,141,15,0,11,151,175,315,1.20e-77,249,92.91
5lw2,6SA6_A,90.132,152,15,0,1,152,5,156,4.05e-88,273,93.42
5lw2,5LEC_A,90.968,155,14,0,1,155,13,167,6.43e-88,276,94.84
5lw2,5LEC_A,89.677,155,16,0,1,155,329,483,1.40e-87,275,94.19
5lw2,5LEC_A,84.516,155,24,0,1,155,171,325,1.26e-79,254,90.32
5lw2,6SA8_A,91.447,152,13,0,2,153,11,162,1.95e-87,280,96.05
5lw2,6SA8_A,87.333,150,19,0,6,155,520,669,2.48e-80,261,92.00
5lw2,5LE4_A,93.197,147,10,0,1,147,13,159,4.22e-87,268,95.92
5lw2,5LE4_A,88.276,145,17,0,11,155,180,324,7.75e-83,258,92.41
5lw2,5AQ7_A,87.582,153,19,0,1,153,13,165,8.43e-85,265,92.16
5lw2,5OP3_A,85.806,155,22,0,1,155,13,167,1.33e-83,254,88.39
5lw2,5LW1_A,88.276,145,17,0,11,155,180,324,3.17e-83,258,92.41
5lw2,5LW1_A,75.510,147,36,0,1,147,13,159,1.21e-62,206,82.99
5lw2,AAQ93810.1,83.871,155,25,0,1,155,13,167,2.69e-82,250,89.68
5lw2,5MAD_A,85.161,155,22,1,1,155,5,158,1.21e-81,248,89.68
5lw2,5OOS_A,85.161,155,23,0,1,155,13,167,2.28e-81,248,86.45
5lw2,AFI09261.1,85.161,155,23,0,1,155,13,167,2.57e-81,248,87.10
5lw2,6H46_B,83.871,155,25,0,1,155,2,156,3.21e-81,247,87.10
5lw2,5OP1_A,84.516,155,24,0,1,155,13,167,8.68e-81,246,86.45
5lw2,5MLB_B,84.516,155,24,0,1,155,23,177,9.24e-81,247,85.81
5lw2,5OOU_A,84.516,155,24,0,1,155,13,167,1.42e-80,246,86.45
5lw2,2Y1L_E,83.871,155,25,0,1,155,13,167,1.96e-80,246,88.39
5lw2,6GVM_D,83.871,155,25,0,1,155,13,167,2.41e-80,246,87.74
5lw2,3NOC_D,85.161,155,23,0,1,155,13,167,2.60e-80,245,87.10
5lw2,5OYJ_A,83.871,155,25,0,1,155,13,167,2.97e-80,245,87.10
5lw2,4F6R_D,83.871,155,25,0,1,155,13,167,3.06e-80,245,87.74
5lw2,5MLA_B,83.871,155,25,0,1,155,23,177,9.39e-80,244,85.16
5lw2,7Z7E_B,81.935,155,28,0,1,155,3,157,1.11e-79,243,87.74
5lw2,AAO25689.1,83.766,154,25,0,1,154,13,166,1.75e-79,243,87.66
5lw2,2QYJ_A,83.117,154,26,0,1,154,13,166,2.04e-79,243,86.36
5lw2,4J8Y_A,83.226,155,26,0,1,155,13,167,2.23e-79,243,87.10
5lw2,4J7W_A,83.226,155,26,0,1,155,13,167,2.68e-79,243,87.10
5lw2,7Z72_B,81.290,155,29,0,1,155,3,157,3.51e-79,242,86.45
5lw2,5FIN_A,79.355,155,32,0,1,155,13,167,3.78e-79,243,87.74
5lw2,6FP7_B,80.000,155,31,0,1,155,5,159,3.88e-79,242,87.74
5lw2,5OOV_A,84.516,155,24,0,1,155,13,167,4.25e-79,242,85.16
5lw2,6FP8_B,80.000,155,31,0,1,155,15,169,4.29e-79,243,87.74
5lw2,7B4W_A,80.645,155,30,0,1,155,2,156,7.01e-79,241,85.81
5lw2,7MXI_C,83.007,153,26,0,2,154,21,173,7.71e-79,242,86.27
5lw2,8DW3_A,83.660,153,25,0,3,155,1,153,1.15e-78,241,84.97
5lw2,3NOG_D,83.226,155,26,0,1,155,13,167,1.48e-78,241,87.74
5lw2,AFI09265.1,82.581,155,27,0,1,155,13,167,1.53e-78,241,86.45
5lw2,AFI09262.1,83.871,155,25,0,1,155,13,167,1.66e-78,241,87.10
5lw2,5OOY_A,83.871,155,25,0,1,155,13,167,2.15e-78,241,84.52
5lw2,6S8K_F,82.581,155,27,0,1,155,1,155,2.25e-78,240,86.45
5lw2,6BBN_P,82.581,155,27,0,1,155,12,166,2.93e-78,240,86.45
5lw2,6S8L_F,82.581,155,27,0,1,155,1,155,2.97e-78,240,86.45
5lw2,4DRX_E,82.581,155,27,0,1,155,13,167,3.13e-78,240,86.45
5lw2,5EIB_E,82.581,155,27,0,1,155,13,167,3.77e-78,240,86.45
5lw2,4DUI_A,82.581,155,27,0,1,155,13,167,4.49e-78,240,86.45
5lw2,2XEE_A,80.000,155,31,0,1,155,1,155,7.71e-78,239,85.81
5lw2,7ALR_F,82.581,155,27,0,1,155,24,178,9.52e-78,239,86.45
5lw2,7DNF_A,81.935,155,28,0,1,155,13,167,9.67e-78,239,86.45
5lw2,2J8S_D,83.226,155,26,0,1,155,13,167,9.88e-78,239,87.10
5lw2,AAO25690.1,83.766,154,25,0,1,154,13,166,1.01e-77,239,85.06
5lw2,AFI09263.1,82.581,155,27,0,1,155,13,167,1.40e-77,238,85.81
5lw2,5H76_A,82.353,153,26,1,1,153,5,156,1.46e-77,239,88.89
5lw2,9DB5_A,83.226,155,26,0,1,155,79,233,1.84e-77,241,87.10
5lw2,9DP8_A,83.226,155,26,0,1,155,91,245,2.09e-77,241,87.10
5lw2,6H47_B,80.000,155,31,0,1,155,23,177,3.54e-77,238,84.52
5lw2,AAQ93811.1,82.581,155,27,0,1,155,13,167,3.76e-77,238,83.87
5lw2,7TYZ_B,82.581,155,27,0,1,155,69,223,4.42e-77,239,85.81
5lw2,CAQ52952.1,81.935,155,28,0,1,155,13,167,4.48e-77,237,85.81
5lw2,CAQ52950.1,82.581,155,27,0,1,155,13,167,5.23e-77,237,86.45
5lw2,3ZU7_B,82.581,155,27,0,1,155,13,167,5.52e-77,237,85.16
5lw2,CAQ52949.1,82.581,155,27,0,1,155,13,167,6.73e-77,237,85.81
5lw2,8DW2_A,82.353,153,27,0,3,155,1,153,8.78e-77,236,85.62
5lw2,9DAM_A,83.117,154,26,0,2,155,88,241,1.07e-76,239,87.01
5lw2,UVF58862.1,81.290,155,29,0,1,155,1,155,1.62e-76,235,85.16
5lw2,5MA6_B,81.290,155,29,0,1,155,5,159,1.96e-76,235,85.16
5lw2,AFI09266.1,81.935,155,28,0,1,155,13,167,2.13e-76,236,85.16
5lw2,6FPA_A,80.000,155,31,0,1,155,5,159,3.71e-76,235,85.81
5lw2,CAQ52955.1,81.290,155,29,0,1,155,13,167,3.97e-76,235,85.81
5lw2,CAQ52956.1,81.290,155,29,0,1,155,13,167,4.15e-76,235,85.81
5lw2,4YDW_A,77.419,155,35,0,1,155,13,167,4.78e-76,234,86.45
5lw2,CAQ52951.1,81.935,155,28,0,1,155,13,167,5.52e-76,234,85.81
5lw2,7B4T_A,80.000,155,31,0,1,155,5,159,6.14e-76,234,85.16
5lw2,AFI09259.1,82.581,155,27,0,1,155,13,167,8.18e-76,234,85.81
5lw2,4ATZ_D,80.519,154,30,0,1,154,1,154,8.58e-76,233,83.77
5lw2,7Z7C_A,80.000,155,31,0,1,155,3,157,9.61e-76,234,84.52
5lw2,5EYL_A,80.645,155,30,0,1,155,13,167,9.97e-76,234,85.16
5lw2,8P9C_C,79.355,155,32,0,1,155,3,157,1.05e-75,233,84.52
5lw2,2V5Q_C,80.519,154,30,0,1,154,13,166,1.17e-75,234,85.06
5lw2,UVF58850.1,79.487,156,31,1,1,155,15,170,1.28e-75,234,84.62
5lw2,UVF58855.1,80.645,155,30,0,1,155,15,169,1.32e-75,234,85.81
5lw2,UVF58852.1,79.355,155,32,0,1,155,15,169,1.81e-75,234,87.10
5lw2,CAQ52948.1,81.290,155,29,0,1,155,13,167,2.12e-75,233,85.16
5lw2,CAQ52958.1,80.645,155,30,0,1,155,13,167,2.70e-75,233,83.23
5lw2,9F22_B,83.117,154,26,0,1,154,3,156,2.87e-75,232,85.06
5lw2,2XEH_A,78.065,155,34,0,1,155,1,155,3.00e-75,232,84.52
6y06,6Y06_A,100.000,117,0,0,1,117,22,138,2.96e-75,230,100.00
6y06,WP_010897643.1,68.103,116,37,0,1,116,29,144,7.94e-41,143,72.41
6y06,WP_328017756.1,67.241,116,38,0,1,116,29,144,2.59e-40,142,71.55
6y06,WP_100372513.1,63.793,116,42,0,1,116,29,144,2.93e-39,139,70.69
6y06,WP_210596891.1,62.931,116,43,0,1,116,29,144,3.94e-39,139,71.55
6y06,WP_034624896.1,62.069,116,44,0,1,116,29,144,1.80e-38,137,70.69
6y06,WP_227935027.1,61.207,116,45,0,1,116,29,144,1.45e-37,135,70.69
6y06,WP_217225638.1,59.483,116,47,0,1,116,29,144,3.97e-37,134,73.28
6y06,WP_250096048.1,60.345,116,46,0,1,116,29,144,4.10e-37,134,69.83
6y06,WP_035661664.1,60.345,116,46,0,1,116,29,144,4.94e-37,133,70.69
6y06,WP_317120573.1,61.207,116,45,0,1,116,29,144,5.45e-37,133,69.83
6y06,WP_088102415.1,61.207,116,45,0,1,116,29,144,6.78e-37,133,69.83
6y06,WP_289236200.1,60.345,116,46,0,1,116,29,144,8.44e-37,133,70.69
6y06,WP_144449567.1,61.207,116,45,0,1,116,29,144,8.63e-37,133,68.97
6y06,WP_323465819.1,60.345,116,46,0,1,116,29,144,1.11e-36,132,70.69
6y06,WP_326238039.1,60.345,116,46,0,1,116,29,144,1.15e-36,132,70.69
6y06,WP_035343722.1,60.345,116,46,0,1,116,29,144,1.17e-36,132,70.69
6y06,WP_022626952.1,60.345,116,46,0,1,116,29,144,1.34e-36,132,70.69
6y06,WP_071311911.1,60.345,116,46,0,1,116,29,144,2.05e-36,132,71.55
6y06,WP_315615631.1,59.483,116,47,0,1,116,29,144,2.07e-36,132,70.69
6y06,WP_247104918.1,60.345,116,46,0,1,116,29,144,2.46e-36,132,70.69
6y06,WP_273841156.1,59.483,116,47,0,1,116,29,144,2.57e-36,132,69.83
6y06,WP_251194291.1,60.345,116,46,0,1,116,29,144,2.63e-36,132,69.83
6y06,WP_034742348.1,58.621,116,48,0,1,116,29,144,2.66e-36,132,69.83
6y06,WP_078552968.1,59.483,116,47,0,1,116,29,144,2.75e-36,132,71.55
6y06,WP_251223690.1,60.345,116,46,0,1,116,29,144,2.87e-36,131,69.83
6y06,WP_075683436.1,60.345,116,46,0,1,116,29,144,2.93e-36,131,69.83
6y06,WP_012958278.1,59.483,116,47,0,1,116,29,144,3.49e-36,131,70.69
6y06,WP_017728255.1,58.621,116,48,0,1,116,29,144,4.07e-36,131,73.28
6y06,WP_066153871.1,58.621,116,48,0,1,116,29,144,5.29e-36,131,70.69
6y06,WNF37878.1,57.759,116,49,0,1,116,29,144,7.67e-36,130,71.55
6y06,WP_013488354.1,58.621,116,48,0,1,116,29,144,9.34e-36,130,71.55
6y06,NEU30786.1,58.621,116,48,0,1,116,29,144,1.40e-35,130,68.97
6y06,WP_100406853.1,58.621,116,48,0,1,116,29,144,1.60e-35,129,68.97
6y06,WP_368504686.1,59.483,116,47,0,1,116,29,144,2.12e-35,129,69.83
6y06,WP_026674959.1,57.759,116,49,0,1,116,29,144,2.21e-35,129,71.55
6y06,WP_071308473.1,58.621,116,48,0,1,116,29,144,3.78e-35,129,70.69
6y06,WP_071389510.1,60.360,111,44,0,6,116,34,144,4.22e-35,129,72.97
6y06,WP_280768354.1,56.034,116,51,0,1,116,29,144,5.98e-35,128,71.55
6y06,WP_409849934.1,59.459,111,45,0,6,116,34,144,1.03e-34,127,73.87
6y06,WP_093047253.1,56.897,116,50,0,1,116,30,145,1.16e-34,127,70.69
6y06,WP_243533714.1,56.897,116,50,0,1,116,29,144,2.98e-34,126,70.69
6y06,WP_110608024.1,56.897,116,50,0,1,116,30,145,3.78e-34,126,70.69
6y06,WP_062046437.1,57.759,116,49,0,1,116,29,144,4.14e-34,126,68.97
6y06,WP_307327977.1,55.172,116,52,0,1,116,29,144,7.22e-34,125,72.41
6y06,WP_416149590.1,55.172,116,52,0,1,116,30,145,1.78e-33,124,69.83
6y06,WP_413380229.1,56.897,116,50,0,1,116,30,145,1.90e-33,124,72.41
6y06,HHY21297.1,55.172,116,52,0,1,116,29,144,2.37e-33,124,71.55
6y06,WP_216829490.1,54.310,116,53,0,1,116,29,144,2.73e-33,124,71.55
6y06,WP_257821184.1,56.034,116,51,0,1,116,31,146,3.31e-33,124,69.83
6y06,WP_230898238.1,55.172,116,52,0,1,116,30,145,3.50e-33,124,68.97
6y06,WP_071315795.1,56.034,116,51,0,1,116,29,144,3.75e-33,124,69.83
6y06,WP_255235742.1,56.034,116,51,0,1,116,31,146,3.81e-33,124,69.83
6y06,MEB1806486.1,53.448,116,54,0,1,116,29,144,4.23e-33,124,71.55
6y06,WP_275116808.1,53.448,116,54,0,1,116,29,144,4.33e-33,123,71.55
6y06,WP_003324236.1,56.034,116,51,0,1,116,30,145,4.41e-33,123,72.41
6y06,WP_418199591.1,53.448,116,54,0,1,116,29,144,4.93e-33,123,71.55
6y06,WP_078579848.1,56.034,116,51,0,1,116,31,146,6.36e-33,123,69.83
6y06,WP_129079066.1,56.034,116,51,0,1,116,29,144,8.06e-33,123,70.69
6y06,WP_209123162.1,53.448,116,54,0,1,116,29,144,8.06e-33,123,72.41
6y06,MCD8502852.1,58.120,117,48,1,1,116,29,145,1.14e-32,122,70.09
6y06,WP_075384998.1,52.586,116,55,0,1,116,29,144,1.14e-32,122,72.41
6y06,WP_217069517.1,53.448,116,54,0,1,116,29,144,1.27e-32,122,70.69
6y06,WP_018923909.1,55.455,110,49,0,7,116,36,145,1.36e-32,122,73.64
6y06,WP_110936556.1,54.310,116,53,0,1,116,29,144,1.53e-32,122,70.69
6y06,WP_096201153.1,55.556,117,51,1,1,116,29,145,4.46e-32,121,70.09
6y06,WP_261178969.1,54.310,116,53,0,1,116,29,144,5.21e-32,120,69.83
6y06,WP_096434752.1,53.448,116,54,0,1,116,30,145,5.25e-32,120,68.97
6y06,WP_026689362.1,55.172,116,52,0,1,116,30,145,6.12e-32,120,70.69
6y06,WP_373639713.1,54.310,116,53,0,1,116,29,144,9.09e-32,120,68.97
6y06,WP_088074976.1,53.448,116,54,0,1,116,29,144,9.19e-32,120,69.83
6y06,WP_088035703.1,54.310,116,53,0,1,116,30,145,2.22e-31,119,67.24
6y06,HHY74201.1,56.034,116,51,0,1,116,29,144,3.26e-31,119,68.97
6y06,WP_096188511.1,51.724,116,56,0,1,116,30,145,3.78e-31,119,69.83
6y06,SDY58338.1,53.448,116,54,0,1,116,30,145,4.26e-31,118,68.10
6y06,WP_078597032.1,54.310,116,53,0,1,116,30,145,6.67e-31,118,66.38
6y06,WP_197199330.1,53.448,116,54,0,1,116,29,144,7.00e-31,118,68.97
6y06,WP_069364762.1,53.448,116,54,0,1,116,30,145,7.20e-31,118,69.83
6y06,WP_226518251.1,51.724,116,56,0,1,116,30,145,8.76e-31,117,69.83
6y06,WP_035329169.1,53.448,116,54,0,1,116,29,144,1.87e-30,117,68.97
6y06,WP_386851931.1,53.448,116,54,0,1,116,29,144,1.95e-30,117,68.97
6y06,WP_255241995.1,52.586,116,55,0,1,116,30,145,2.14e-30,117,66.38
6y06,WP_013173161.1,52.586,116,55,0,1,116,30,145,2.58e-30,116,69.83
6y06,WP_197201408.1,53.448,116,54,0,1,116,29,144,2.68e-30,116,68.10
6y06,HHW35999.1,54.310,116,53,0,1,116,29,144,2.74e-30,116,69.83
6y06,WP_003330690.1,54.310,116,53,0,1,116,29,144,2.89e-30,116,69.83
6y06,WP_328230954.1,54.310,116,53,0,1,116,29,144,2.92e-30,116,68.97
6y06,WP_377874814.1,52.586,116,55,0,1,116,29,144,2.95e-30,116,68.97
6y06,WP_069717733.1,53.448,116,54,0,1,116,29,144,3.67e-30,116,63.79
6y06,WP_278284497.1,53.448,116,54,0,1,116,29,144,4.93e-30,115,66.38
6y06,WP_047988919.1,54.310,116,53,0,1,116,30,145,5.78e-30,115,68.97
6y06,WP_159344556.1,52.586,116,55,0,1,116,29,144,6.40e-30,115,68.10
6y06,WP_335525636.1,53.448,116,54,0,1,116,29,144,8.32e-30,115,67.24
6y06,WP_066290360.1,53.448,116,54,0,1,116,29,144,1.62e-29,114,67.24
6y06,WP_274855988.1,51.724,116,56,0,1,116,29,144,1.64e-29,114,69.83
6y06,WP_233808322.1,50.862,116,57,0,1,116,29,144,1.67e-29,114,68.97
6y06,WP_264805216.1,52.586,116,55,0,1,116,29,144,1.97e-29,114,67.24
6y06,WP_006837539.1,50.862,116,57,0,1,116,29,144,4.13e-29,113,68.97
6y06,WP_102344857.1,51.724,116,56,0,1,116,29,144,4.51e-29,113,68.97
6y06,WP_173730980.1,52.586,116,55,0,1,116,29,144,4.97e-29,113,68.10
6msq,6MSQ_A,100.000,75,0,0,1,75,1,75,1.26e-41,141,100.00
6msq,6MSR_A,96.000,75,3,0,1,75,1,75,1.18e-38,133,97.33
6msq,8UB3_4,92.000,75,6,0,1,75,77,151,8.63e-35,129,94.67
6msq,8UB3_4,90.667,75,7,0,1,75,2,76,6.91e-33,124,92.00
6msq,8UB3_4,83.099,71,12,0,2,72,154,224,4.23e-26,107,88.73
6msq,8GLT_0,95.238,63,3,0,13,75,276,338,2.76e-28,114,95.24
6msq,8UAO_A,84.000,75,12,0,1,75,90,164,4.53e-28,112,85.33
6msq,8UAO_A,93.443,61,4,0,2,62,167,227,5.44e-28,111,98.36
6msq,8UAO_A,84.286,70,11,0,6,75,20,89,5.70e-26,106,87.14
6msq,8UBG_A,93.443,61,4,0,2,62,154,214,1.81e-26,112,98.36
6msq,8UBG_A,81.333,75,14,0,1,75,2,76,2.64e-26,111,86.67
6msq,8UBG_A,82.667,75,13,0,1,75,77,151,4.11e-26,110,85.33
6msq,8CWS_A,77.465,71,16,0,5,75,382,452,1.36e-21,98.2,84.51
6msq,8CWY_A,77.465,71,16,0,5,75,381,451,1.60e-21,98.2,84.51
6msq,7UHB_K,62.857,70,21,1,1,70,77,141,6.65e-13,70.5,74.29
6msq,5J0H_A,58.571,70,29,0,1,70,5,74,1.19e-11,65.5,77.14
6msq,5J0I_A,52.703,74,35,0,1,74,5,78,1.19e-11,65.5,68.92
6msq,6NYE_A,52.632,57,27,0,16,72,5,61,1.71e-04,47.8,64.91
6msq,6NYK_A,50.877,57,28,0,16,72,5,61,0.002,45.4,63.16
6msq,6N9H_A,47.619,63,33,0,2,64,7,69,0.004,43.9,71.43
6msq,6NYI_A,44.776,67,30,1,16,75,5,71,0.007,43.9,58.21
6msq,6NZ1_A,44.776,67,30,1,16,75,5,71,0.007,43.9,58.21
6msq,HHI97596.1,51.282,39,19,0,5,43,28,66,0.035,43.5,69.23
6msq,6O0I_A,44.286,70,25,1,16,71,5,74,0.039,42.0,52.86
6msq,6NX2_A,54.545,44,20,0,16,59,5,48,0.046,41.6,68.18
8fih,8FIH_A,100.000,105,0,0,1,105,1,105,1.36e-54,176,100.00
3q7x,3Q7W_A,99.200,125,0,1,1,124,6,130,9.53e-78,236,99.20
3q7x,3Q7W_A,98.810,84,0,1,2,84,49,132,1.51e-46,157,98.81
3q7x,4QKR_A,94.400,125,6,1,1,124,6,130,4.38e-77,234,99.20
3q7x,4QKR_A,94.048,84,4,1,2,84,49,132,4.00e-46,156,98.81
3q7x,4QKS_A,94.400,125,6,1,1,124,6,130,1.88e-76,233,99.20
3q7x,4QKS_A,94.048,84,4,1,2,84,49,132,1.10e-45,155,98.81
3q7x,4D8H_A,94.400,125,6,1,1,124,6,130,4.81e-74,227,94.40
3q7x,4D8H_A,94.048,84,4,1,2,84,49,132,4.34e-44,151,94.05
3q7x,3O4D_A,91.870,123,9,1,3,124,18,140,2.95e-71,220,96.75
3q7x,3O4D_A,91.667,84,6,1,2,84,59,142,1.89e-43,150,96.43
3q7x,3Q7Y_A,87.805,123,14,1,3,124,8,130,1.67e-68,213,97.56
3q7x,3Q7Y_A,87.952,83,9,1,3,84,50,132,3.19e-41,144,97.59
3q7x,3O4B_A,89.431,123,12,1,3,124,18,140,5.52e-68,212,94.31
3q7x,3O4B_A,89.286,84,8,1,2,84,59,142,2.80e-41,144,94.05
3q7x,3O4C_A,89.431,123,12,1,3,124,18,140,1.23e-67,211,94.31
3q7x,3O4C_A,89.286,84,8,1,2,84,59,142,4.73e-41,144,94.05
3q7x,3O4A_A,87.805,123,14,1,3,124,18,140,2.15e-65,205,92.68
3q7x,3O4A_A,86.905,84,10,1,2,84,59,142,6.70e-39,138,91.67
3q7x,4F34_A,86.992,123,15,1,3,124,12,134,3.85e-65,204,91.87
3q7x,4F34_A,86.905,84,10,1,2,84,53,136,2.13e-39,139,91.67
3q7x,3O49_A,85.366,123,17,1,3,124,18,140,6.73e-65,204,92.68
3q7x,3O49_A,84.524,84,12,1,2,84,59,142,1.44e-38,137,91.67
3q7x,3SNV_A,89.565,115,11,1,11,124,19,133,5.12e-63,199,93.91
3q7x,3SNV_A,89.130,92,9,1,2,92,52,143,1.64e-46,157,94.57
3q7x,3P6J_A,90.090,111,10,1,2,111,32,142,1.11e-60,193,95.50
3q7x,3P6J_A,84.314,102,15,1,24,124,12,113,2.60e-49,165,89.22
3q7x,3P6I_A,89.623,106,10,1,20,124,18,123,7.15e-56,181,93.40
3q7x,3P6I_A,89.109,101,10,1,2,101,42,142,2.20e-53,175,95.05
3q7x,4OW4_A,71.545,123,34,1,1,122,1,123,1.46e-53,175,81.30
3q7x,4OW4_A,71.605,81,22,1,44,123,2,82,1.06e-29,114,81.48
3q7x,3OGF_A,91.566,83,6,1,3,84,8,90,1.58e-43,148,96.39
3q7x,3OGF_A,91.358,81,6,1,45,124,8,88,6.51e-42,144,96.30
3q7x,3O3Q_A,49.057,106,54,0,4,109,19,124,9.05e-22,95.1,61.32
3q7x,3O3Q_A,70.270,37,11,0,87,123,19,55,4.02e-06,54.7,75.68
3q7x,1NZK_A,46.667,105,53,1,4,105,19,123,1.86e-18,86.7,60.00
3q7x,1NZK_A,63.043,46,15,1,80,123,10,55,5.08e-06,54.7,69.57
3q7x,1M16_A,45.714,105,54,1,4,105,19,123,4.27e-18,85.9,60.00
3q7x,1M16_A,63.043,46,15,1,80,123,10,55,5.08e-06,54.7,69.57
3q7x,2HZ9_A,44.340,106,56,1,3,105,18,123,1.17e-17,84.7,59.43
3q7x,2HZ9_A,63.043,46,15,1,80,123,10,55,4.12e-06,55.1,69.57
3q7x,1JT7_A,44.762,105,55,1,4,105,19,123,1.22e-17,84.7,59.05
3q7x,1JT7_A,56.757,74,29,2,39,109,10,83,3.47e-14,75.9,70.27
3q7x,1JT7_A,63.043,46,15,1,80,123,10,55,4.62e-06,54.7,69.57
3q7x,4QO3_A,44.340,106,56,1,3,105,18,123,1.80e-17,84.3,60.38
3q7x,4QO3_A,65.217,46,14,1,80,123,10,55,1.20e-06,56.2,71.74
3q7x,3FJI_A,44.340,106,56,1,3,105,18,123,1.92e-17,84.3,60.38
3q7x,3FJI_A,63.043,46,15,1,80,123,10,55,4.62e-06,54.7,69.57
3q7x,4Q9G_A,44.340,106,56,1,3,105,18,123,2.07e-17,84.3,60.38
3q7x,4Q9G_A,65.217,46,14,1,80,123,10,55,1.36e-06,56.2,71.74
3q7x,3B9U_A,42.857,105,57,1,4,105,19,123,2.31e-17,84.0,60.00
3q7x,3B9U_A,67.568,37,12,0,87,123,19,55,7.59e-06,54.3,75.68
3q7x,4Q91_A,43.396,106,57,1,3,105,18,123,4.01e-17,83.6,60.38
3q7x,4Q91_A,63.043,46,15,1,80,123,10,55,2.62e-06,55.5,71.74
3q7x,3BAO_A,42.857,105,57,1,4,105,19,123,4.42e-17,83.2,59.05
3q7x,3BAO_A,55.405,74,30,2,39,109,10,83,3.91e-14,75.9,70.27
3q7x,3BAO_A,63.043,46,15,1,80,123,10,55,1.77e-06,55.8,69.57
3q7x,XP_023559807.1,44.231,104,56,1,4,105,28,131,4.81e-17,83.6,59.62
3q7x,XP_023559807.1,61.702,47,16,1,80,124,19,65,8.11e-06,54.3,68.09
3q7x,1PZZ_A,42.857,105,57,1,4,105,19,123,4.97e-17,83.2,59.05
3q7x,1PZZ_A,55.405,74,30,2,39,109,10,83,4.21e-14,75.5,70.27
3q7x,1PZZ_A,60.870,46,16,1,80,123,10,55,3.67e-05,52.4,67.39
3q7x,4Q9P_A,43.396,106,57,1,3,105,18,123,5.91e-17,82.8,60.38
3q7x,4Q9P_A,63.043,46,15,1,80,123,10,55,3.70e-06,55.1,71.74
3q7x,XP_012875909.1,42.857,105,57,1,4,105,28,132,5.94e-17,83.2,58.10
3q7x,XP_012875909.1,60.870,46,16,1,80,123,19,64,1.18e-05,53.9,67.39
3q7x,2Q9X_A,42.857,105,57,1,4,105,13,117,6.39e-17,82.8,59.05
3q7x,2Q9X_A,60.870,46,16,1,80,123,4,49,1.76e-05,53.1,67.39
3q7x,2HWM_A,43.396,106,57,1,3,105,18,123,7.50e-17,82.8,59.43
3q7x,2HWM_A,63.043,46,15,1,80,123,10,55,4.39e-06,54.7,69.57
3q7x,3FGM_A,43.810,105,56,1,4,105,19,123,7.66e-17,82.8,60.00
3q7x,3FGM_A,63.043,46,15,1,80,123,10,55,5.25e-06,54.7,69.57
3q7x,XP_010612206.1,41.905,105,59,1,4,106,28,132,1.04e-16,82.4,59.05
3q7x,XP_010612206.1,68.421,38,12,0,87,124,28,65,5.14e-06,54.7,73.68
3q7x,1JT5_A,43.810,105,56,1,4,105,19,123,1.09e-16,82.4,58.10
3q7x,1JT5_A,55.405,74,30,2,39,109,10,83,3.02e-13,73.6,68.92
3q7x,1JT5_A,60.870,46,16,1,80,123,10,55,3.75e-05,52.4,67.39
3q7x,1Q04_A,42.857,105,57,1,4,105,19,123,1.11e-16,82.4,59.05
3q7x,1Q04_A,55.405,74,30,2,39,109,10,83,1.02e-13,74.7,70.27
3q7x,1Q04_A,60.870,46,16,1,80,123,10,55,4.12e-05,52.4,67.39
3q7x,1Q03_A,42.857,105,57,1,4,105,19,123,1.12e-16,82.4,59.05
3q7x,1Q03_A,55.405,74,30,2,39,109,10,83,9.75e-14,74.7,70.27
3q7x,1Q03_A,61.702,47,16,1,80,124,10,56,8.00e-06,54.3,68.09
3q7x,3FJD_A,42.857,105,57,1,4,105,19,123,1.14e-16,82.4,59.05
3q7x,3FJD_A,55.405,74,30,2,39,109,10,83,9.85e-14,74.7,70.27
3q7x,3FJD_A,63.043,46,15,1,80,123,10,55,4.67e-06,54.7,69.57
3q7x,1JTC_A,42.857,105,57,1,4,105,19,123,1.16e-16,82.4,59.05
3q7x,1JTC_A,55.405,74,30,2,39,109,10,83,9.75e-14,74.7,70.27
3q7x,1JTC_A,63.043,46,15,1,80,123,10,55,4.62e-06,54.7,69.57
3q7x,3OL0_A,92.683,41,3,0,3,43,8,48,1.20e-16,79.3,97.56
3q7x,3OL0_A,92.308,39,3,0,86,124,8,46,4.93e-15,75.5,97.44
3q7x,3OL0_A,90.244,41,3,1,45,84,8,48,5.02e-14,72.8,95.12
3q7x,1K5U_A,42.857,105,57,1,4,105,19,123,1.33e-16,82.0,59.05
3q7x,1K5U_A,60.870,46,16,1,80,123,10,55,4.17e-05,52.4,67.39
3q7x,3BAH_A,42.857,105,57,1,4,105,19,123,1.45e-16,82.0,59.05
3q7x,3BAH_A,60.870,46,16,1,80,123,10,55,3.87e-05,52.4,67.39
3q7x,1K5V_A,42.857,105,57,1,4,105,19,123,1.51e-16,82.0,59.05
3q7x,1K5V_A,60.870,46,16,1,80,123,10,55,4.00e-05,52.4,67.39
3q7x,XP_048187242.1,43.810,105,56,1,4,105,28,132,1.73e-16,82.0,57.14
3q7x,XP_048187242.1,67.568,37,12,0,87,123,28,64,3.83e-05,52.4,72.97
3q7x,XP_004643899.1,61.538,65,25,0,4,68,28,92,1.88e-16,82.0,75.38
3q7x,XP_004643899.1,53.086,81,35,2,39,116,19,99,4.55e-14,75.9,67.90
3q7x,XP_004643899.1,61.702,47,16,1,80,124,19,65,8.78e-06,54.3,68.09
3q7x,2HW9_A,42.453,106,58,1,3,105,18,123,2.16e-16,81.6,58.49
3q7x,2HW9_A,60.870,46,16,1,80,123,10,55,1.34e-05,53.5,67.39
3q7x,1DZC_A,41.509,106,59,1,3,105,3,108,2.17e-16,81.3,57.55
3q7x,1DZC_A,54.412,68,30,1,43,109,1,68,1.82e-13,73.6,69.12
3q7x,1DZC_A,62.500,40,15,0,84,123,1,40,1.16e-05,53.5,67.50
3q7x,XP_003477242.2,43.269,104,57,1,4,105,28,131,2.23e-16,81.6,59.62
3q7x,XP_003477242.2,68.421,38,12,0,87,124,28,65,7.15e-06,54.3,73.68
3q7x,XP_040856933.1,43.269,104,57,1,4,105,28,131,2.28e-16,81.6,58.65
3q7x,XP_040856933.1,60.870,46,16,1,80,123,19,64,1.72e-05,53.5,69.57
3q7x,2NTD_A,42.857,105,57,1,4,105,19,123,2.41e-16,81.3,59.05
3q7x,2NTD_A,60.870,46,16,1,80,123,10,55,3.24e-05,52.4,67.39
3q7x,1P63_A,42.857,105,57,1,4,105,17,121,2.47e-16,81.3,58.10
3q7x,1P63_A,54.054,74,31,2,39,109,8,81,5.43e-13,72.8,68.92
3q7x,1P63_A,60.870,46,16,1,80,123,8,53,2.76e-05,52.8,67.39
3q7x,XP_069892390.1,41.346,104,59,1,4,105,28,131,2.77e-16,81.6,58.65
3q7x,XP_069892390.1,60.870,46,16,1,80,123,19,64,1.15e-05,53.9,67.39
3q7x,XP_006891180.1,42.308,104,58,1,4,105,28,131,2.80e-16,81.6,59.62
3q7x,XP_006891180.1,67.568,37,12,0,87,123,28,64,3.65e-05,52.4,72.97
3q7x,XP_004854378.1,41.905,105,58,1,4,105,28,132,2.83e-16,81.6,58.10
3q7x,XP_004854378.1,52.778,72,33,1,46,116,28,99,1.41e-13,74.7,69.44
3q7x,XP_004854378.1,65.789,38,13,0,87,124,28,65,2.95e-05,52.8,71.05
3q7x,3BA4_A,41.905,105,58,1,4,105,19,123,2.92e-16,81.3,59.05
3q7x,3BA4_A,54.054,74,31,2,39,109,10,83,2.54e-13,73.6,70.27
3q7x,3BA4_A,60.870,46,16,1,80,123,10,55,1.19e-05,53.5,69.57
3q7x,XP_008689675.1,53.425,73,34,0,4,76,28,100,2.96e-16,81.3,69.86
3q7x,XP_008689675.1,60.870,46,16,1,80,123,19,64,1.28e-05,53.9,67.39
3q7x,XP_036751107.1,54.795,73,33,0,4,76,28,100,2.99e-16,81.3,68.49
3q7x,XP_036751107.1,60.870,46,16,1,80,123,19,64,4.03e-05,52.4,67.39
3q7x,1JT4_A,42.857,105,57,1,4,105,19,123,3.12e-16,81.3,58.10
3q7x,1JT4_A,54.054,74,31,2,39,109,10,83,8.55e-13,72.4,68.92
3q7x,1JT4_A,60.870,46,16,1,80,123,10,55,3.71e-05,52.4,67.39
3q7x,2K43_A,41.905,105,58,1,4,105,6,110,3.44e-16,80.5,58.10
3q7x,2K43_A,56.923,65,27,1,46,109,6,70,3.57e-13,72.8,72.31
3q7x,2K43_A,67.568,37,12,0,87,123,6,42,2.13e-05,52.8,72.97
3q7x,XP_044240125.2,53.425,73,34,0,4,76,56,128,3.45e-16,82.0,69.86
3q7x,XP_044240125.2,60.870,46,16,1,80,123,47,92,1.37e-05,54.3,67.39
3q7x,QQM18103.1,41.905,105,58,1,4,105,8,112,3.47e-16,80.9,58.10
3q7x,QQM18103.1,56.923,65,27,1,46,109,8,72,3.55e-13,73.2,72.31
3q7x,QQM18103.1,67.568,37,12,0,87,123,8,44,2.07e-05,52.8,72.97
3q7x,1EVT_A,41.905,105,58,1,4,105,7,111,3.49e-16,80.5,58.10
3q7x,1EVT_A,56.923,65,27,1,46,109,7,71,3.58e-13,72.8,72.31
3q7x,1EVT_A,67.568,37,12,0,87,123,7,43,2.12e-05,52.8,72.97
3q7x,3CU1_B,41.905,105,58,1,4,105,7,111,3.49e-16,80.5,58.10
3q7x,3CU1_B,56.923,65,27,1,46,109,7,71,3.63e-13,72.8,72.31
3q7x,3CU1_B,67.568,37,12,0,87,123,7,43,2.07e-05,52.8,72.97
3q7x,1JY0_A,42.857,105,57,1,4,105,19,123,3.55e-16,80.9,59.05
3q7x,1JY0_A,60.870,46,16,1,80,123,10,55,3.95e-05,52.4,67.39
3q7x,1JT3_A,42.857,105,57,1,4,105,19,123,3.55e-16,80.9,58.10
3q7x,1JT3_A,55.405,74,30,2,39,109,10,83,2.98e-13,73.6,68.92
3q7x,1JT3_A,60.870,46,16,1,80,123,10,55,3.75e-05,52.4,67.39
3q7x,3BAG_A,42.857,105,57,1,4,105,19,123,3.59e-16,80.9,58.10
3q7x,3BAG_A,54.054,74,31,2,39,109,10,83,8.55e-13,72.4,68.92
3q7x,3BAG_A,60.870,46,16,1,80,123,10,55,3.83e-05,52.4,67.39
3q7x,2RQ9_A,41.905,105,58,1,4,105,8,112,3.92e-16,80.9,58.10
3q7x,2RQ9_A,56.923,65,27,1,46,109,8,72,4.01e-13,73.2,72.31
3q7x,2RQ9_A,67.568,37,12,0,87,123,8,44,2.29e-05,52.8,72.97
3q7x,XP_008048313.1,42.308,104,58,1,4,105,28,131,3.95e-16,81.3,59.62
3q7x,XP_008048313.1,67.568,37,12,0,87,123,28,64,3.97e-05,52.4,72.97
3q7x,2HWA_A,42.857,105,57,1,4,105,19,123,3.96e-16,80.9,59.05
3q7x,2HWA_A,60.870,46,16,1,80,123,10,55,2.36e-05,52.8,67.39
3q7x,3OJV_A,41.905,105,58,1,4,105,9,113,3.96e-16,80.5,58.10
3q7x,3OJV_A,56.923,65,27,1,46,109,9,73,3.83e-13,72.8,72.31
3q7x,3OJV_A,67.568,37,12,0,87,123,9,45,2.16e-05,52.8,72.97
3q7x,XP_045856723.1,42.308,104,58,1,4,105,28,131,4.08e-16,80.9,58.65
3q7x,XP_045856723.1,60.870,46,16,1,80,123,19,64,1.50e-05,53.5,67.39
3q7x,4YOL_A,42.857,105,57,1,4,105,20,124,4.10e-16,80.9,59.05
3q7x,4YOL_A,55.405,74,30,2,39,109,11,84,2.74e-13,73.6,70.27
3q7x,4YOL_A,63.043,46,15,1,80,123,11,56,1.04e-05,53.9,69.57
3q7x,3BA7_A,41.905,105,58,1,4,105,19,123,4.18e-16,80.9,58.10
3q7x,3BA7_A,54.054,74,31,2,39,109,10,83,3.47e-13,73.2,68.92
3q7x,3BA7_A,60.870,46,16,1,80,123,10,55,1.55e-05,53.5,67.39
3q7x,XP_006891179.1,42.857,105,57,1,4,105,28,132,4.18e-16,80.9,58.10
3q7x,XP_006891179.1,54.054,74,31,2,39,109,19,92,8.34e-13,72.4,68.92
3q7x,XP_006891179.1,60.870,46,16,1,80,123,19,64,3.75e-05,52.4,67.39
3q7x,3JUT_A,41.905,105,58,1,4,105,5,109,4.23e-16,80.5,58.10
3q7x,3JUT_A,56.923,65,27,1,46,109,5,69,4.04e-13,72.8,72.31
3q7x,3JUT_A,67.568,37,12,0,87,123,5,41,2.21e-05,52.8,72.97
3q7x,4J23_B,41.905,105,58,1,4,105,11,115,4.30e-16,80.5,58.10
3q7x,4J23_B,56.923,65,27,1,46,109,11,75,4.20e-13,72.8,72.31
3q7x,4J23_B,67.568,37,12,0,87,123,11,47,2.19e-05,52.8,72.97
3q7x,3FJC_A,41.905,105,58,1,4,105,19,123,4.31e-16,80.9,59.05
3q7x,3FJC_A,54.054,74,31,2,39,109,10,83,3.70e-13,73.2,70.27
3q7x,3FJC_A,60.870,46,16,1,80,123,10,55,1.71e-05,53.1,69.57
3q7x,2AXM_A,41.905,105,58,1,4,105,8,112,4.45e-16,80.5,58.10
3q7x,2AXM_A,56.923,65,27,1,46,109,8,72,4.45e-13,72.8,72.31
3q7x,2AXM_A,67.568,37,12,0,87,123,8,44,2.33e-05,52.8,72.97
3q7x,XP_006873323.1,41.346,104,59,1,4,105,28,131,4.64e-16,80.9,59.62
3q7x,XP_006873323.1,60.870,46,16,1,80,123,19,64,3.69e-05,52.4,67.39
3q7x,3FJJ_A,41.905,105,58,1,4,105,19,123,4.80e-16,80.5,59.05
3q7x,3FJJ_A,60.870,46,16,1,80,123,10,55,3.95e-05,52.4,67.39
3q7x,3BAQ_A,41.905,105,58,1,4,105,19,123,5.02e-16,80.5,58.10
3q7x,3BAQ_A,54.054,74,31,2,39,109,10,83,4.21e-13,73.2,68.92
3q7x,3BAQ_A,60.870,46,16,1,80,123,10,55,1.91e-05,53.1,67.39
3q7x,XP_004854379.1,59.375,64,26,0,4,67,28,91,5.14e-16,79.0,73.44
3q7x,XP_004854379.1,57.812,64,26,1,46,108,28,91,2.38e-13,72.0,71.88
3q7x,XP_004854379.1,65.789,38,13,0,87,124,28,65,1.24e-05,52.4,71.05
3q7x,XP_021794879.1,41.346,104,59,1,4,105,28,131,5.52e-16,80.9,59.62
3q7x,XP_021794879.1,67.568,37,12,0,87,123,28,64,3.69e-05,52.4,72.97
3q7x,3BAU_A,41.509,106,59,1,3,105,18,123,5.83e-16,80.5,58.49
3q7x,3BAU_A,54.054,74,31,2,39,109,10,83,2.54e-13,73.6,70.27
3q7x,3BAU_A,60.870,46,16,1,80,123,10,55,1.18e-05,53.5,69.57
3q7x,XP_008048311.1,42.857,105,57,1,4,105,28,132,5.90e-16,80.5,58.10
3q7x,XP_008048311.1,54.054,74,31,2,39,109,19,92,8.43e-13,72.4,68.92
3q7x,XP_008048311.1,60.870,46,16,1,80,123,19,64,3.71e-05,52.4,67.39
3q7x,XP_055478458.1,53.425,73,34,0,4,76,28,100,6.03e-16,80.5,68.49
3q7x,XP_055478458.1,60.870,46,16,1,80,123,19,64,4.08e-05,52.4,67.39
3q7x,3FJ8_A,41.905,105,58,1,4,105,19,123,6.09e-16,80.5,59.05
3q7x,3FJ8_A,54.054,74,31,2,39,109,10,83,9.22e-13,72.0,68.92
3q7x,3FJ8_A,60.870,46,16,1,80,123,10,55,4.08e-05,52.4,67.39
3q7x,XP_040478225.1,41.346,104,59,1,4,105,28,131,6.21e-16,80.5,58.65
3q7x,XP_040478225.1,54.795,73,30,2,39,108,19,91,3.04e-13,73.6,68.49
3q7x,XP_040478225.1,60.870,46,16,1,80,123,19,64,1.25e-05,53.9,67.39
3q7x,3CRG_A,53.425,73,34,0,4,76,19,91,6.29e-16,80.5,68.49
3q7x,3CRG_A,60.870,46,16,1,80,123,10,55,3.14e-05,52.8,67.39
3q7x,XP_060233333.1,53.425,73,34,0,4,76,28,100,6.29e-16,80.5,68.49
3q7x,XP_060233333.1,60.870,46,16,1,80,123,19,64,3.95e-05,52.4,67.39
3q7x,XP_058918236.1,42.857,105,57,1,4,105,28,132,6.36e-16,80.5,57.14
3q7x,XP_058918236.1,55.405,74,30,2,39,109,19,92,3.18e-13,73.6,68.92
3q7x,XP_058918236.1,63.043,46,15,1,80,123,19,64,1.33e-05,53.9,67.39
3q7x,XP_005007031.1,60.000,65,26,0,4,68,28,92,6.49e-16,80.5,75.38
3q7x,XP_005007031.1,54.167,72,32,1,46,116,28,99,1.58e-13,74.3,70.83
3q7x,XP_005007031.1,68.421,38,12,0,87,124,28,65,7.27e-06,54.3,73.68
3q7x,NP_001244135.1,41.346,104,59,1,4,105,28,131,6.56e-16,80.5,59.62
3q7x,NP_001244135.1,60.870,46,16,1,80,123,19,64,3.97e-05,52.4,67.39
3q7x,XP_008985038.1,41.346,104,59,1,4,105,28,131,6.63e-16,80.5,59.62
3q7x,XP_008985038.1,60.870,46,16,1,80,123,19,64,4.10e-05,52.4,67.39
3q7x,XP_004452675.1,42.056,107,59,1,1,104,25,131,7.08e-16,80.5,54.21
3q7x,XP_004452675.1,67.568,37,12,0,87,123,28,64,8.12e-05,51.6,70.27
3q7x,1HKN_A,41.905,105,58,1,4,105,12,116,7.90e-16,79.7,58.10
3q7x,1HKN_A,54.054,74,31,2,39,109,3,76,6.54e-13,72.4,68.92
3q7x,1HKN_A,60.870,46,16,1,80,123,3,48,3.09e-05,52.4,67.39
3q7x,3UD7_A,41.905,105,58,1,4,105,14,118,7.95e-16,80.1,58.10
3q7x,3UD7_A,54.054,74,31,2,39,109,5,78,6.63e-13,72.4,68.92
3q7x,3UD7_A,60.870,46,16,1,80,123,5,50,3.20e-05,52.4,67.39
3q7x,XP_053421984.1,41.905,105,58,1,4,105,28,132,8.15e-16,80.5,58.10
3q7x,XP_053421984.1,52.703,74,32,2,39,109,19,92,1.08e-12,72.4,68.92
3q7x,XP_053421984.1,60.870,46,16,1,80,123,19,64,3.71e-05,52.4,67.39
3q7x,XP_006873322.1,41.905,105,58,1,4,105,28,132,8.33e-16,80.1,58.10
3q7x,XP_006873322.1,54.054,74,31,2,39,109,19,92,7.82e-13,72.8,68.92
3q7x,XP_006873322.1,60.870,46,16,1,80,123,19,64,3.67e-05,52.8,67.39
6kos,6KOS_A,100.000,101,0,0,1,101,1,101,1.31e-61,193,100.00
6kos,3VJF_A,88.000,100,12,0,2,101,2,101,9.48e-51,166,89.00
6kos,CBX55929.1,62.376,101,38,0,1,101,1,101,1.76e-33,122,78.22
6kos,CBX55920.1,50.495,101,50,0,1,101,1,101,6.15e-27,106,79.21
6kos,CBX55919.1,51.485,101,49,0,1,101,1,101,1.89e-25,102,74.26
6kos,CBX55918.1,48.515,101,52,0,1,101,1,101,6.47e-24,98.6,72.28
6kos,CBX55928.1,45.545,101,55,0,1,101,1,101,1.26e-23,97.8,74.26
6kos,CBX55916.1,48.515,101,52,0,1,101,1,101,1.39e-23,97.8,71.29
6kos,CBX55921.1,47.525,101,53,0,1,101,1,101,4.29e-23,96.3,71.29
6kos,CBX55922.1,47.525,101,53,0,1,101,1,101,4.43e-23,96.3,71.29
6kos,CBX55932.1,47.525,101,53,0,1,101,1,101,7.01e-23,95.9,70.30
6kos,CBX55917.1,48.515,101,52,0,1,101,1,101,8.72e-23,95.5,69.31
6kos,CBX55924.1,51.429,105,46,2,1,101,1,104,3.09e-22,94.4,70.48
6kos,CBX55931.1,48.515,101,52,0,1,101,1,101,5.65e-22,93.6,67.33
6kos,CBX55933.1,45.545,101,55,0,1,101,1,101,6.45e-22,93.6,70.30
6kos,CBX55927.1,47.525,101,53,0,1,101,1,101,1.65e-21,92.4,69.31
6kos,CBX55923.1,50.476,105,47,2,1,101,1,104,2.23e-21,92.0,69.52
6kos,8H7C_A,44.554,101,56,0,1,101,1,101,3.04e-21,91.7,70.30
6kos,CBX55926.1,43.564,101,57,0,1,101,1,101,3.51e-21,91.7,74.26
6kos,CBX55930.1,45.545,101,55,0,1,101,1,101,6.61e-21,90.9,74.26
6kos,CBX55925.1,49.038,104,42,1,1,93,1,104,1.62e-20,90.1,67.31
6kos,1P68_A,43.564,101,57,0,1,101,1,101,5.33e-19,85.9,66.34
6kos,2JUA_A,33.663,101,67,0,1,101,1,101,8.35e-12,67.8,63.37
3vjf,6KOS_A,94.949,99,5,0,1,99,3,101,1.99e-55,177,95.96
3vjf,3VJF_A,92.929,99,7,0,1,99,3,101,5.53e-54,174,92.93
3vjf,CBX55929.1,63.636,99,36,0,1,99,3,101,6.77e-34,123,79.80
3vjf,CBX55920.1,48.485,99,51,0,1,99,3,101,1.64e-25,102,78.79
3vjf,CBX55919.1,50.505,99,49,0,1,99,3,101,5.55e-24,98.6,74.75
3vjf,CBX55917.1,48.485,99,51,0,1,99,3,101,2.25e-23,97.1,71.72
3vjf,CBX55918.1,46.465,99,53,0,1,99,3,101,2.55e-22,94.4,72.73
3vjf,CBX55916.1,46.465,99,53,0,1,99,3,101,4.26e-22,94.0,71.72
3vjf,CBX55932.1,45.455,99,54,0,1,99,3,101,9.67e-22,92.8,71.72
3vjf,CBX55928.1,43.434,99,56,0,1,99,3,101,1.16e-21,92.8,72.73
3vjf,CBX55921.1,45.455,99,54,0,1,99,3,101,1.37e-21,92.4,71.72
3vjf,CBX55922.1,45.455,99,54,0,1,99,3,101,1.58e-21,92.4,71.72
3vjf,CBX55933.1,44.444,99,55,0,1,99,3,101,5.15e-21,90.9,70.71
3vjf,CBX55926.1,43.434,99,56,0,1,99,3,101,5.15e-21,90.9,76.77
3vjf,CBX55927.1,46.465,99,53,0,1,99,3,101,1.18e-20,90.1,70.71
3vjf,CBX55925.1,49.020,102,41,1,1,91,3,104,1.23e-20,90.1,68.63
3vjf,CBX55930.1,44.444,99,55,0,1,99,3,101,1.33e-20,90.1,76.77
3vjf,CBX55924.1,49.515,103,47,2,1,99,3,104,1.48e-20,90.1,69.90
3vjf,CBX55931.1,47.475,99,52,0,1,99,3,101,4.10e-20,88.6,67.68
3vjf,CBX55923.1,48.544,103,48,2,1,99,3,104,9.88e-20,87.8,68.93
3vjf,8H7C_A,42.424,99,57,0,1,99,3,101,3.03e-19,86.7,70.71
3vjf,1P68_A,41.414,99,58,0,1,99,3,101,4.94e-17,80.9,66.67
7uqa,7UQA_A,100.000,134,0,0,1,134,3,136,1.09e-94,280,100.00
7uqa,6FZO_A,97.761,134,3,0,1,134,3,136,2.73e-92,273,98.51
7uqa,6FZN_A,97.761,134,3,0,1,134,3,136,1.16e-91,272,97.76
7uqa,ANW47198.1,100.000,130,0,0,1,130,4,133,4.27e-91,270,100.00
7uqa,ANW47199.1,100.000,130,0,0,1,130,4,133,3.76e-89,271,100.00
7uqa,ANW47199.1,100.000,130,0,0,1,130,160,289,3.76e-89,271,100.00
7uqa,QIE06580.1,100.000,130,0,0,1,130,365,494,5.31e-88,275,100.00
7uqa,ABG53750.1,84.615,130,20,0,1,130,3,132,5.72e-76,232,90.77
7uqa,WP_044137037.1,84.615,130,20,0,1,130,35,164,1.31e-75,233,90.77
7uqa,NET16515.1,80.000,130,26,0,1,130,32,161,1.54e-72,224,90.00
7uqa,WP_293110776.1,80.000,130,26,0,1,130,23,152,1.64e-72,224,90.00
7uqa,MCL2923315.1,80.000,130,26,0,1,130,32,161,1.64e-72,224,89.23
7uqa,WP_202224787.1,80.000,130,26,0,1,130,32,161,2.38e-72,224,89.23
7uqa,WP_094672201.1,79.231,130,27,0,1,130,32,161,2.57e-72,224,90.00
7uqa,MEM1170035.1,79.231,130,27,0,1,130,32,161,3.17e-72,224,90.00
7uqa,WP_293121316.1,79.231,130,27,0,1,130,32,161,3.61e-72,224,90.00
7uqa,MDJ0515086.1,79.231,130,27,0,1,130,32,161,6.46e-72,223,89.23
7uqa,WP_324235203.1,78.462,130,28,0,1,130,32,161,1.12e-71,222,90.77
7uqa,WP_293132024.1,79.231,130,27,0,1,130,32,161,1.29e-71,222,88.46
7uqa,MDY7004987.1,78.462,130,28,0,1,130,32,161,1.83e-71,222,89.23
7uqa,WP_293071026.1,78.462,130,28,0,1,130,32,161,1.95e-71,222,89.23
7uqa,MCL2931222.1,78.462,130,28,0,1,130,32,161,2.54e-71,221,88.46
7uqa,WP_124144190.1,77.692,130,29,0,1,130,32,161,5.02e-71,221,89.23
7uqa,WP_293162634.1,77.692,130,29,0,1,130,32,161,5.48e-71,221,89.23
7uqa,MDE5082109.1,77.692,130,29,0,1,130,32,161,6.45e-71,220,88.46
7uqa,MDJ0554541.1,77.692,130,29,0,1,130,32,161,6.67e-71,220,88.46
7uqa,MDE5083249.1,76.923,130,30,0,1,130,32,161,1.19e-70,220,89.23
7uqa,MCL2939258.1,76.923,130,30,0,1,130,32,161,1.44e-70,219,88.46
7uqa,MDE5075434.1,76.923,130,30,0,1,130,32,161,1.57e-70,219,89.23
7uqa,8J1W_A,92.241,116,8,1,15,130,92,206,7.56e-70,219,93.97
7uqa,8Y33_A,90.517,116,10,1,15,130,62,176,3.03e-69,217,93.97
7uqa,8J1X_A,90.517,116,10,1,15,130,92,206,5.66e-69,218,93.97
7uqa,NEP45435.1,74.615,130,33,0,1,130,32,161,1.08e-66,210,86.92
7uqa,MDY6803807.1,75.385,130,32,0,1,130,32,161,3.71e-66,208,85.38
7uqa,MEL6400255.1,71.538,130,37,0,1,130,32,161,1.01e-65,207,83.85
7uqa,MEB3313833.1,71.538,130,37,0,1,130,32,161,1.15e-65,207,86.92
7uqa,MEL6319980.1,71.538,130,37,0,1,130,32,161,1.78e-65,207,83.85
7uqa,WP_413164380.1,71.538,130,37,0,1,130,32,161,1.80e-65,207,86.92
7uqa,MCS6815297.1,71.538,130,37,0,1,130,32,161,2.76e-65,206,85.38
7uqa,MEY3298346.1,71.538,130,37,0,1,130,32,161,3.08e-65,206,86.15
7uqa,MEB3291347.1,71.538,130,37,0,1,130,32,161,3.29e-65,206,86.15
7uqa,MFM7219217.1,69.231,130,40,0,1,130,32,161,3.51e-65,206,86.92
7uqa,MFH7245278.1,71.538,130,37,0,1,130,32,161,4.87e-65,206,86.15
7uqa,WP_198806480.1,70.769,130,38,0,1,130,32,161,5.15e-65,206,86.15
7uqa,NJL39912.1,71.538,130,37,0,1,130,32,161,5.32e-65,206,85.38
7uqa,WP_340519811.1,70.769,130,38,0,1,130,32,161,5.68e-65,205,87.69
7uqa,NJN57568.1,71.538,130,37,0,1,130,32,161,5.94e-65,205,85.38
7uqa,NJL49594.1,72.308,130,36,0,1,130,32,161,6.00e-65,205,86.15
7uqa,MBE7381319.1,70.000,130,39,0,1,130,32,161,6.41e-65,205,85.38
7uqa,HAT14787.1,70.769,130,38,0,1,130,32,161,7.07e-65,205,87.69
7uqa,MBD0307668.1,70.769,130,38,0,1,130,32,161,7.31e-65,205,87.69
7uqa,WP_371117321.1,70.769,130,38,0,1,130,32,161,7.89e-65,205,86.92
7uqa,UNU22628.1,70.769,130,38,0,1,130,32,161,8.16e-65,205,87.69
7uqa,WP_096831860.1,70.769,130,38,0,1,130,32,161,8.16e-65,205,87.69
7uqa,MEM9003839.1,71.538,130,37,0,1,130,32,161,8.62e-65,205,83.08
7uqa,WP_193933173.1,71.538,130,37,0,1,130,32,161,8.81e-65,205,83.85
7uqa,WP_293197638.1,70.769,130,38,0,1,130,32,161,1.57e-64,204,87.69
7uqa,WP_161823937.1,70.000,130,39,0,1,130,32,161,1.70e-64,204,85.38
7uqa,WP_333276520.1,70.769,130,38,0,1,130,32,161,1.78e-64,204,86.92
7uqa,MEM6434913.1,70.769,130,38,0,1,130,32,161,1.80e-64,204,83.08
7uqa,EGK86488.1,70.000,130,39,0,1,130,32,161,1.96e-64,204,87.69
7uqa,MFB8798740.1,70.000,130,39,0,1,130,32,161,2.21e-64,204,87.69
7uqa,RMF65942.1,71.538,130,37,0,1,130,32,161,2.28e-64,204,84.62
7uqa,MBD1882691.1,70.000,130,39,0,1,130,32,161,2.28e-64,204,87.69
7uqa,MFM7325592.1,68.462,130,41,0,1,130,32,161,2.36e-64,204,86.15
7uqa,MBV8882675.1,69.697,132,40,0,1,132,32,163,2.41e-64,204,83.33
7uqa,MEP6516851.1,70.000,130,39,0,1,130,32,161,2.41e-64,204,87.69
7uqa,WP_236506124.1,70.000,130,39,0,1,130,32,161,2.49e-64,204,87.69
7uqa,WP_377477037.1,70.000,130,39,0,1,130,32,161,2.52e-64,204,87.69
7uqa,WP_324706423.1,70.769,130,38,0,1,130,32,161,2.52e-64,204,84.62
7uqa,MCG5061223.1,71.538,130,37,0,1,130,32,161,2.78e-64,204,85.38
7uqa,WP_226594120.1,70.769,130,38,0,1,130,32,161,3.00e-64,204,84.62
7uqa,WP_265239960.1,70.000,130,39,0,1,130,32,161,3.21e-64,204,87.69
7uqa,WP_105221125.1,70.769,130,38,0,1,130,32,161,3.28e-64,203,83.08
7uqa,WP_015178782.1,70.000,130,39,0,1,130,32,161,3.58e-64,203,87.69
7uqa,MBD0393531.1,70.000,130,39,0,1,130,32,161,3.58e-64,203,87.69
7uqa,WP_190746013.1,70.000,130,39,0,1,130,32,161,3.74e-64,203,87.69
7uqa,CAA9309035.1,70.000,130,39,0,1,130,32,161,3.74e-64,203,87.69
7uqa,HIK46058.1,70.769,130,38,0,1,130,32,161,3.78e-64,203,86.15
7uqa,WP_293336342.1,70.000,130,39,0,1,130,32,161,3.82e-64,203,87.69
7uqa,WP_332992806.1,70.000,130,39,0,1,130,32,161,4.04e-64,203,86.92
7uqa,WP_293143458.1,70.000,130,39,0,1,130,32,161,4.51e-64,203,87.69
7uqa,WP_068507529.1,71.538,130,37,0,1,130,32,161,4.81e-64,203,83.85
7uqa,MBF2034592.1,70.000,130,39,0,1,130,32,161,5.08e-64,203,83.85
7uqa,WP_190641116.1,71.538,130,37,0,1,130,32,161,6.06e-64,203,83.08
7uqa,MDA0674748.1,70.769,130,38,0,1,130,32,161,6.54e-64,202,83.08
7uqa,WP_190500171.1,70.769,130,38,0,1,130,32,161,6.76e-64,202,84.62
7uqa,WP_193971738.1,69.231,130,40,0,1,130,32,161,6.98e-64,202,87.69
7uqa,MEM0980517.1,70.769,130,38,0,1,130,32,161,7.30e-64,202,83.08
7uqa,WP_194027150.1,69.231,130,40,0,1,130,32,161,7.46e-64,202,84.62
7uqa,WP_194063055.1,69.231,130,40,0,1,130,32,161,8.05e-64,202,87.69
7uqa,NJL45903.1,70.000,130,39,0,1,130,32,161,8.70e-64,202,85.38
7uqa,MEO6860155.1,69.231,130,40,0,1,130,32,161,8.70e-64,202,87.69
7uqa,MCY7382637.1,69.231,130,40,0,1,130,32,161,8.89e-64,202,87.69
7uqa,WP_194011261.1,69.231,130,40,0,1,130,32,161,9.29e-64,202,87.69
7uqa,WP_023066434.1,69.231,130,40,0,1,130,32,161,9.49e-64,202,86.15
7uqa,WP_333365146.1,69.231,130,40,0,1,130,32,161,9.60e-64,202,87.69
7uqa,NJK37493.1,69.231,130,40,0,1,130,32,161,9.81e-64,202,86.92
7uqa,WP_172185605.1,69.231,130,40,0,1,130,32,161,9.81e-64,202,87.69
7uqa,MEL7035265.1,69.231,130,40,0,1,130,32,161,1.01e-63,202,86.92
7uqa,WP_333195499.1,69.231,130,40,0,1,130,32,161,1.04e-63,202,87.69
4ow4,4OW4_A,100.000,123,0,0,1,123,1,123,7.87e-80,241,100.00
4ow4,3O4A_A,81.818,121,22,0,3,123,18,138,1.59e-62,198,86.78
4ow4,3O4A_A,80.952,84,16,0,2,85,59,142,2.95e-38,137,85.71
4ow4,3O49_A,81.818,121,22,0,3,123,18,138,3.20e-62,197,86.78
4ow4,3O49_A,80.952,84,16,0,2,85,59,142,4.76e-38,136,85.71
4ow4,3O4D_A,79.339,121,25,0,3,123,18,138,8.22e-61,194,84.30
4ow4,3O4D_A,78.571,84,18,0,2,85,59,142,3.56e-37,134,83.33
4ow4,3O4B_A,79.339,121,25,0,3,123,18,138,3.03e-60,192,84.30
4ow4,3O4B_A,78.571,84,18,0,2,85,59,142,8.53e-37,133,83.33
4ow4,3O4C_A,79.339,121,25,0,3,123,18,138,1.62e-59,191,84.30
4ow4,3O4C_A,78.571,84,18,0,2,85,59,142,2.72e-36,132,83.33
4ow4,4F34_A,76.860,121,28,0,3,123,12,132,4.36e-57,184,81.82
4ow4,4F34_A,76.190,84,20,0,2,85,53,136,1.13e-34,127,80.95
4ow4,3SNV_A,79.646,113,23,0,11,123,19,131,5.45e-56,182,84.07
4ow4,3SNV_A,78.261,92,20,0,2,93,52,143,4.11e-41,144,83.70
4ow4,3Q7W_A,72.131,122,34,0,2,123,7,128,3.08e-55,179,81.97
4ow4,3Q7W_A,71.429,84,24,0,2,85,49,132,5.38e-33,123,80.95
4ow4,3P6J_A,81.081,111,21,0,2,112,32,142,5.27e-55,179,85.59
4ow4,3P6J_A,73.000,100,27,0,24,123,12,111,1.29e-42,148,79.00
4ow4,4QKS_A,72.131,122,34,0,2,123,7,128,5.87e-55,179,81.97
4ow4,4QKS_A,71.429,84,24,0,2,85,49,132,8.14e-33,122,80.95
4ow4,4D8H_A,74.590,122,31,0,2,123,7,128,2.52e-54,177,81.97
4ow4,4D8H_A,73.810,84,22,0,2,85,49,132,2.22e-32,121,80.95
4ow4,4QKR_A,74.590,122,31,0,2,123,7,128,5.43e-54,176,81.97
4ow4,4QKR_A,73.810,84,22,0,2,85,49,132,3.60e-32,121,80.95
4ow4,3Q7Y_A,65.574,122,42,0,2,123,7,128,4.48e-50,166,79.51
4ow4,3Q7Y_A,64.286,84,30,0,2,85,49,132,2.87e-29,114,78.57
4ow4,3P6I_A,78.846,104,22,0,20,123,18,121,1.92e-49,165,83.65
4ow4,3P6I_A,79.208,101,21,0,2,102,42,142,2.25e-47,160,84.16
4ow4,3OGF_A,78.313,83,18,0,3,85,8,90,6.87e-37,131,83.13
4ow4,3OGF_A,79.747,79,16,0,45,123,8,86,1.16e-35,128,84.81
4ow4,3O3Q_A,58.095,105,43,1,5,109,20,123,2.93e-28,111,71.43
4ow4,3O3Q_A,66.216,74,25,0,47,120,20,93,1.71e-23,99.4,79.73
4ow4,3O3Q_A,74.286,35,9,0,89,123,20,54,7.02e-08,59.3,82.86
4ow4,3O3Q_A,41.463,82,47,1,2,83,59,139,3.22e-04,49.7,56.10
4ow4,1NZK_A,51.667,120,55,2,5,121,20,139,6.07e-26,105,64.17
4ow4,1NZK_A,74.286,35,9,0,89,123,20,54,6.62e-08,59.7,82.86
4ow4,4Q9G_A,50.820,122,57,2,3,121,18,139,8.75e-26,105,65.57
4ow4,4Q9G_A,78.378,37,8,0,87,123,18,54,3.93e-09,62.8,86.49
4ow4,4QO3_A,50.820,122,57,2,3,121,18,139,1.20e-25,105,65.57
4ow4,4QO3_A,78.378,37,8,0,87,123,18,54,4.97e-09,62.4,86.49
4ow4,1M16_A,50.833,120,56,2,5,121,20,139,1.52e-25,104,64.17
4ow4,1M16_A,74.286,35,9,0,89,123,20,54,7.02e-08,59.7,82.86
4ow4,1JT5_A,50.833,120,56,2,5,121,20,139,1.76e-25,104,64.17
4ow4,1JT5_A,77.143,35,8,0,89,123,20,54,2.82e-08,60.5,85.71
4ow4,4Q91_A,50.000,122,58,2,3,121,18,139,2.16e-25,104,65.57
4ow4,4Q91_A,75.676,37,9,0,87,123,18,54,9.02e-09,62.0,86.49
4ow4,4Q9P_A,50.000,122,58,2,3,121,18,139,2.57e-25,104,65.57
4ow4,4Q9P_A,75.676,37,9,0,87,123,18,54,1.10e-08,61.6,86.49
4ow4,1K5V_A,50.000,120,57,2,5,121,20,139,2.86e-25,104,65.00
4ow4,1K5V_A,77.143,35,8,0,89,123,20,54,3.27e-08,60.5,85.71
4ow4,2HWM_A,50.000,122,58,2,3,121,18,139,3.12e-25,103,64.75
4ow4,2HWM_A,75.676,37,9,0,87,123,18,54,1.25e-08,61.6,83.78
4ow4,1JT7_A,50.000,120,57,2,5,121,20,139,3.88e-25,103,63.33
4ow4,1JT7_A,74.286,35,9,0,89,123,20,54,6.45e-08,59.7,82.86
4ow4,2NTD_A,49.587,121,58,2,5,122,20,140,4.47e-25,103,64.46
4ow4,2NTD_A,77.143,35,8,0,89,123,20,54,2.88e-08,60.5,85.71
4ow4,4YOL_A,49.587,121,58,2,5,122,21,141,5.02e-25,103,65.29
4ow4,4YOL_A,80.000,35,7,0,89,123,21,55,8.63e-09,62.0,88.57
4ow4,2AQZ_A,52.174,115,52,2,10,121,24,138,5.12e-25,103,66.09
4ow4,2AQZ_A,93.333,30,2,0,94,123,24,53,7.86e-09,62.0,96.67
4ow4,1JT4_A,52.885,104,47,1,5,106,20,123,5.68e-25,103,69.23
4ow4,1JT4_A,64.865,74,26,0,47,120,20,93,4.85e-23,98.6,81.08
4ow4,1JT4_A,77.143,35,8,0,89,123,20,54,3.03e-08,60.5,85.71
4ow4,3FJI_A,50.000,122,58,2,3,121,18,139,5.81e-25,103,64.75
4ow4,3FJI_A,75.676,37,9,0,87,123,18,54,1.25e-08,61.6,83.78
4ow4,1P63_A,52.885,104,47,1,5,106,18,121,6.06e-25,103,69.23
4ow4,1P63_A,64.865,74,26,0,47,120,18,91,5.52e-23,98.2,81.08
4ow4,1P63_A,77.143,35,8,0,89,123,18,52,2.85e-08,60.5,85.71
4ow4,1JY0_A,50.000,120,57,2,5,121,20,139,6.76e-25,103,65.00
4ow4,1JY0_A,77.143,35,8,0,89,123,20,54,3.07e-08,60.5,85.71
4ow4,1JT3_A,50.000,120,57,2,5,121,20,139,6.84e-25,103,64.17
4ow4,1JT3_A,77.143,35,8,0,89,123,20,54,2.88e-08,60.5,85.71
4ow4,2HW9_A,50.000,120,57,2,5,121,20,139,7.14e-25,103,65.00
4ow4,2HW9_A,77.143,35,8,0,89,123,20,54,3.00e-08,60.5,85.71
4ow4,2HZ9_A,50.000,122,58,2,3,121,18,139,7.38e-25,103,64.75
4ow4,2HZ9_A,75.676,37,9,0,87,123,18,54,1.23e-08,61.6,83.78
4ow4,2HWA_A,50.000,120,57,2,5,121,20,139,8.14e-25,103,65.00
4ow4,2HWA_A,77.143,35,8,0,89,123,20,54,3.23e-08,60.5,85.71
4ow4,3FJA_A,49.167,120,58,2,5,121,20,139,9.48e-25,102,64.17
4ow4,3FJA_A,77.143,35,8,0,89,123,20,54,3.00e-08,60.5,85.71
4ow4,3FJ9_A,51.923,104,48,1,5,106,20,123,9.48e-25,102,69.23
4ow4,3FJ9_A,64.865,74,26,0,47,120,20,93,2.39e-23,99.4,81.08
4ow4,3FJ9_A,77.143,35,8,0,89,123,20,54,3.00e-08,60.5,85.71
4ow4,1DZC_A,51.923,104,48,1,5,106,5,108,1.02e-24,102,69.23
4ow4,1DZC_A,64.865,74,26,0,47,120,5,78,2.68e-23,98.6,81.08
4ow4,1DZC_A,77.143,35,8,0,89,123,5,39,2.14e-08,60.5,85.71
4ow4,3CU1_B,51.923,104,48,1,5,106,8,111,1.11e-24,102,69.23
4ow4,3CU1_B,64.865,74,26,0,47,120,8,81,3.26e-23,98.6,81.08
4ow4,3CU1_B,77.143,35,8,0,89,123,8,42,2.14e-08,60.5,85.71
4ow4,3FGM_A,49.167,120,58,2,5,121,20,139,1.12e-24,102,64.17
4ow4,3FGM_A,74.286,35,9,0,89,123,20,54,7.81e-08,59.3,82.86
4ow4,1DZD_A,51.923,104,48,1,5,106,1,104,1.15e-24,102,69.23
4ow4,1DZD_A,64.865,74,26,0,47,120,1,74,3.43e-23,98.2,81.08
4ow4,1DZD_A,77.143,35,8,0,89,123,1,35,2.21e-08,60.5,85.71
4ow4,QQM18103.1,51.923,104,48,1,5,106,9,112,1.21e-24,102,69.23
4ow4,QQM18103.1,64.865,74,26,0,47,120,9,82,3.48e-23,98.6,81.08
4ow4,QQM18103.1,77.143,35,8,0,89,123,9,43,2.25e-08,60.5,85.71
4ow4,3JUT_A,51.923,104,48,1,5,106,6,109,1.26e-24,102,69.23
4ow4,3JUT_A,64.865,74,26,0,47,120,6,79,3.49e-23,98.2,81.08
4ow4,3JUT_A,77.143,35,8,0,89,123,6,40,2.26e-08,60.5,85.71
4ow4,1EVT_A,51.923,104,48,1,5,106,8,111,1.27e-24,102,69.23
4ow4,1EVT_A,64.865,74,26,0,47,120,8,81,3.82e-23,98.6,81.08
4ow4,1EVT_A,77.143,35,8,0,89,123,8,42,2.38e-08,60.5,85.71
4ow4,3OJV_A,51.923,104,48,1,5,106,10,113,1.29e-24,102,69.23
4ow4,3OJV_A,64.865,74,26,0,47,120,10,83,3.58e-23,98.6,81.08
4ow4,3OJV_A,77.143,35,8,0,89,123,10,44,2.33e-08,60.5,85.71
4ow4,4J23_B,51.923,104,48,1,5,106,12,115,1.31e-24,102,69.23
4ow4,4J23_B,64.865,74,26,0,47,120,12,85,4.21e-23,98.6,81.08
4ow4,4J23_B,77.143,35,8,0,89,123,12,46,2.50e-08,60.5,85.71
4ow4,3FJ8_A,51.923,104,48,1,5,106,20,123,1.31e-24,102,70.19
4ow4,3FJ8_A,64.865,74,26,0,47,120,20,93,6.15e-23,98.2,81.08
4ow4,3FJ8_A,77.143,35,8,0,89,123,20,54,3.37e-08,60.5,85.71
4ow4,2RQ9_A,51.923,104,48,1,5,106,9,112,1.36e-24,102,69.23
4ow4,2RQ9_A,64.865,74,26,0,47,120,9,82,3.92e-23,98.6,81.08
4ow4,2RQ9_A,77.143,35,8,0,89,123,9,43,2.63e-08,60.5,85.71
4ow4,2K43_A,51.923,104,48,1,5,106,7,110,1.40e-24,102,69.23
4ow4,2K43_A,64.865,74,26,0,47,120,7,80,4.01e-23,98.2,81.08
4ow4,2K43_A,77.143,35,8,0,89,123,7,41,2.46e-08,60.5,85.71
4ow4,3UD7_A,49.167,120,58,2,5,121,15,134,1.41e-24,102,64.17
4ow4,3UD7_A,77.143,35,8,0,89,123,15,49,2.47e-08,60.5,85.71
4ow4,XP_006873322.1,49.167,120,58,2,5,121,29,148,1.50e-24,102,64.17
4ow4,XP_006873322.1,77.143,35,8,0,89,123,29,63,2.79e-08,60.8,85.71
4ow4,1E0O_A,49.167,120,58,2,5,121,14,133,1.51e-24,102,64.17
4ow4,1E0O_A,77.143,35,8,0,89,123,14,48,2.50e-08,60.5,85.71
4ow4,1YTO_A,53.465,101,45,1,8,106,22,122,1.59e-24,102,69.31
4ow4,1YTO_A,67.606,71,23,0,50,120,22,92,4.01e-23,98.6,81.69
4ow4,1YTO_A,84.375,32,5,0,92,123,22,53,2.51e-08,60.5,87.50
4ow4,2AXM_A,51.923,104,48,1,5,106,9,112,1.60e-24,102,69.23
4ow4,2AXM_A,64.865,74,26,0,47,120,9,82,4.62e-23,98.2,81.08
4ow4,2AXM_A,77.143,35,8,0,89,123,9,43,2.62e-08,60.5,85.71
4ow4,NP_001162557.1,51.754,114,52,2,11,121,35,148,1.69e-24,102,65.79
4ow4,NP_001162557.1,93.103,29,2,0,95,123,35,63,2.79e-08,60.8,96.55
4ow4,AAB29057.2,51.754,114,52,2,11,121,35,148,1.78e-24,102,65.79
4ow4,AAB29057.2,93.103,29,2,0,95,123,35,63,2.80e-08,60.8,96.55
4ow4,1JQZ_A,49.167,120,58,2,5,121,20,139,1.78e-24,102,64.17
4ow4,1JQZ_A,77.143,35,8,0,89,123,20,54,2.82e-08,60.5,85.71
4ow4,1605206A,49.167,120,58,2,5,121,30,149,1.80e-24,102,64.17
4ow4,1605206A,77.143,35,8,0,89,123,30,64,2.94e-08,60.8,85.71
4ow4,1HKN_A,51.923,104,48,1,5,106,13,116,1.83e-24,102,69.23
4ow4,1HKN_A,64.865,74,26,0,47,120,13,86,4.47e-23,98.2,81.08
4ow4,1HKN_A,77.143,35,8,0,89,123,13,47,2.69e-08,60.5,85.71
4ow4,1K5U_A,49.167,120,58,2,5,121,20,139,1.90e-24,102,64.17
4ow4,1K5U_A,77.143,35,8,0,89,123,20,54,2.79e-08,60.5,85.71
4ow4,3FJD_A,48.333,120,59,2,5,121,20,139,1.92e-24,102,63.33
4ow4,3FJD_A,74.286,35,9,0,89,123,20,54,6.52e-08,59.7,82.86
4ow4,3FJE_A,51.923,104,48,1,5,106,20,123,1.96e-24,102,69.23
4ow4,3FJE_A,64.865,74,26,0,47,120,20,93,4.79e-23,98.6,81.08
4ow4,3FJE_A,77.143,35,8,0,89,123,20,54,3.10e-08,60.5,85.71
4ow4,3FJH_A,49.167,120,58,2,5,121,20,139,1.98e-24,102,64.17
4ow4,3FJH_A,77.143,35,8,0,89,123,20,54,2.97e-08,60.5,85.71
4ow4,XP_006891179.1,48.333,120,59,2,5,121,29,148,1.99e-24,102,64.17
4ow4,XP_006891179.1,77.143,35,8,0,89,123,29,63,2.82e-08,60.8,85.71
4ow4,NP_000791.1,49.167,120,58,2,5,121,29,148,2.06e-24,102,64.17
4ow4,NP_000791.1,77.143,35,8,0,89,123,29,63,3.11e-08,60.5,85.71
4ow4,AAX29950.1,49.167,120,58,2,5,121,29,148,2.19e-24,102,64.17
4ow4,AAX29950.1,77.143,35,8,0,89,123,29,63,3.23e-08,60.5,85.71
4ow4,3FJK_A,49.167,120,58,2,5,121,20,139,2.26e-24,102,64.17
4ow4,3FJK_A,77.143,35,8,0,89,123,20,54,2.79e-08,60.5,85.71
4ow4,3BAH_A,51.923,104,48,1,5,106,20,123,2.34e-24,102,69.23
4ow4,3BAH_A,64.865,74,26,0,47,120,20,93,4.49e-23,98.6,81.08
4ow4,3BAH_A,77.143,35,8,0,89,123,20,54,2.73e-08,60.5,85.71
4ow4,XP_002744341.1,49.167,120,58,2,5,121,29,148,2.59e-24,102,64.17
4ow4,XP_002744341.1,77.143,35,8,0,89,123,29,63,3.60e-08,60.5,85.71
4ow4,4QAL_A,49.167,120,58,2,5,121,20,139,2.63e-24,101,64.17
4ow4,4QAL_A,77.143,35,8,0,89,123,20,54,2.97e-08,60.5,85.71
4ow4,3FJF_A,51.923,104,48,1,5,106,20,123,2.94e-24,101,69.23
4ow4,3FJF_A,64.865,74,26,0,47,120,20,93,7.01e-23,98.2,81.08
4ow4,3FJF_A,77.143,35,8,0,89,123,20,54,3.17e-08,60.5,85.71
4ow4,3FJB_A,48.333,120,59,2,5,121,20,139,2.94e-24,101,64.17
4ow4,3FJB_A,74.286,35,9,0,89,123,20,54,4.59e-08,60.1,85.71
4ow4,XP_008048311.1,48.333,120,59,2,5,121,29,148,3.05e-24,101,64.17
4ow4,XP_008048311.1,77.143,35,8,0,89,123,29,63,2.91e-08,60.8,85.71
4ow4,XP_012875909.1,51.923,104,48,1,5,106,29,132,3.22e-24,101,68.27
4ow4,XP_012875909.1,64.865,74,26,0,47,120,29,102,8.35e-23,98.2,79.73
4ow4,XP_012875909.1,77.143,35,8,0,89,123,29,63,3.53e-08,60.5,85.71
4ow4,4QC4_A,52.427,103,47,1,5,105,20,122,3.53e-24,101,69.90
4ow4,4QC4_A,64.865,74,26,0,47,120,20,93,5.40e-23,98.2,81.08
4ow4,4QC4_A,77.143,35,8,0,89,123,20,54,3.10e-08,60.5,85.71
4ow4,4QBC_A,52.427,103,47,1,5,105,20,122,3.61e-24,101,69.90
4ow4,4QBC_A,64.865,74,26,0,47,120,20,93,5.40e-23,98.2,81.08
4ow4,4QBC_A,77.143,35,8,0,89,123,20,54,3.17e-08,60.5,85.71
4ow4,XP_004452675.1,55.670,97,41,1,11,105,35,131,3.83e-24,101,70.10
4ow4,XP_004452675.1,69.118,68,21,0,53,120,35,102,1.53e-22,97.4,82.35
4ow4,XP_004452675.1,93.103,29,2,0,95,123,35,63,2.85e-08,60.8,96.55
4ow4,1JTC_A,48.333,120,59,2,5,121,20,139,3.94e-24,101,63.33
4ow4,1JTC_A,74.286,35,9,0,89,123,20,54,6.45e-08,59.7,82.86
4ow4,CCE35537.1,52.941,102,46,1,7,106,17,118,4.10e-24,102,69.61
4ow4,CCE35537.1,66.667,72,24,0,49,120,17,88,9.99e-23,98.6,81.94
4ow4,CCE35537.1,81.818,33,6,0,91,123,17,49,4.57e-08,60.5,87.88
4ow4,3FJJ_A,49.167,120,58,2,5,121,20,139,4.11e-24,101,64.17
4ow4,3FJJ_A,77.143,35,8,0,89,123,20,54,3.07e-08,60.5,85.71
4ow4,XP_058918236.1,49.167,120,58,2,5,121,29,148,4.26e-24,101,63.33
4ow4,XP_058918236.1,80.000,35,7,0,89,123,29,63,9.88e-09,62.0,85.71
4ow4,XP_045856721.1,51.754,114,52,2,11,121,35,148,4.36e-24,101,64.91
4ow4,XP_045856721.1,93.103,29,2,0,95,123,35,63,2.82e-08,60.8,96.55
4ow4,1AXM_A,51.923,104,48,1,5,106,9,112,4.45e-24,100,68.27
4ow4,1AXM_A,64.865,74,26,0,47,120,9,82,1.34e-22,97.1,79.73
4ow4,1AXM_A,77.143,35,8,0,89,123,9,43,2.56e-08,60.5,85.71
4ow4,XP_053421984.1,47.500,120,60,2,5,121,29,148,4.60e-24,101,64.17
4ow4,XP_053421984.1,77.143,35,8,0,89,123,29,63,2.95e-08,60.8,85.71
4ow4,XP_045407049.1,48.333,120,59,2,5,121,29,148,4.70e-24,101,64.17
4ow4,XP_045407049.1,77.143,35,8,0,89,123,29,63,3.01e-08,60.8,85.71
4ow4,NP_001164959.1,51.754,114,52,2,11,121,35,148,4.70e-24,101,64.91
4ow4,NP_001164959.1,93.103,29,2,0,95,123,35,63,2.98e-08,60.8,96.55
4ow4,XP_039092064.1,51.754,114,52,2,11,121,35,148,4.91e-24,101,64.91
4ow4,XP_039092064.1,93.103,29,2,0,95,123,35,63,3.04e-08,60.5,96.55
4ow4,3HAL_A,51.923,104,48,1,5,106,20,123,5.11e-24,100,68.27
4ow4,3HAL_A,66.216,74,25,0,47,120,20,93,1.69e-23,99.8,81.08
4ow4,3HAL_A,77.143,35,8,0,89,123,20,54,3.00e-08,60.5,85.71
4ow4,XP_006144848.1,47.500,120,60,2,5,121,29,148,5.13e-24,101,64.17
4ow4,XP_006144848.1,74.286,35,9,0,89,123,29,63,7.64e-08,59.7,85.71
4ow4,XP_011849552.1,49.167,120,58,2,5,121,88,207,5.24e-24,102,64.17
4ow4,XP_011849552.1,77.143,35,8,0,89,123,88,122,5.88e-08,60.8,85.71
4ow4,4XKI_A,52.941,102,46,1,5,104,21,122,5.43e-24,100,69.61
4ow4,4XKI_A,64.865,74,26,0,47,120,21,94,5.61e-23,98.2,81.08
4ow4,4XKI_A,77.143,35,8,0,89,123,21,55,3.09e-08,60.5,85.71
4ow4,XP_006204568.1,50.962,104,49,1,5,106,29,132,6.66e-24,100,68.27
4ow4,XP_006204568.1,64.865,74,26,0,47,120,29,102,2.32e-23,99.8,81.08
4ow4,XP_006204568.1,77.143,35,8,0,89,123,29,63,3.01e-08,60.8,85.71
4ow4,3FJC_A,48.333,120,59,2,5,121,20,139,6.71e-24,100,63.33
4ow4,3FJC_A,74.286,35,9,0,89,123,20,54,1.06e-07,58.9,82.86
4ow4,XP_030176381.1,54.082,98,43,1,11,106,35,132,6.71e-24,100,70.41
4ow4,XP_030176381.1,70.588,68,20,0,53,120,35,102,2.67e-23,99.4,85.29
4ow4,XP_030176381.1,93.103,29,2,0,95,123,35,63,1.98e-08,60.8,96.55
4ow4,NP_001127073.1,49.167,120,58,2,5,121,88,207,6.93e-24,102,64.17
4ow4,NP_001127073.1,77.143,35,8,0,89,123,88,122,6.93e-08,60.8,85.71
4ow4,XP_025708023.1,50.877,114,53,2,11,121,35,148,6.95e-24,100,64.91
4ow4,XP_025708023.1,93.103,29,2,0,95,123,35,63,2.71e-08,60.8,96.55
4ow4,XP_032014102.2,49.167,120,58,2,5,121,88,207,7.24e-24,102,64.17
4ow4,XP_032014102.2,77.143,35,8,0,89,123,88,122,6.65e-08,60.8,85.71
7sq5,7SQ5_A,94.558,147,0,1,1,139,7,153,4.46e-76,233,94.56
7sq5,7SQ5_A,98.000,50,1,0,90,139,6,55,2.49e-18,87.4,98.00
7sq5,7SQ4_A,87.075,147,11,1,1,139,7,153,5.99e-69,215,89.12
7sq5,7SQ4_A,94.000,50,3,0,90,139,6,55,1.33e-18,87.8,96.00
7sq5,7SQ3_A,86.395,147,12,1,1,139,7,153,8.41e-69,215,89.12
7sq5,7SQ3_A,92.000,50,4,0,90,139,6,55,9.40e-18,85.9,96.00
2jab,2JAB_A,100.000,124,0,0,1,124,12,135,2.81e-80,243,100.00
2jab,WCH74367.1,100.000,124,0,0,1,124,15,138,3.63e-80,243,100.00
2jab,WZC81465.1,91.870,123,10,0,1,123,12,134,2.14e-72,223,95.93
2jab,3HG0_D,87.903,124,15,0,1,124,12,135,8.95e-68,211,91.94
2jab,9F23_B,87.097,124,16,0,1,124,4,127,1.15e-66,208,91.13
2jab,3ZUV_B,87.903,124,15,0,1,124,12,135,3.77e-65,204,88.71
2jab,CAQ52953.1,83.871,124,20,0,1,124,12,135,7.05e-65,204,90.32
2jab,8IPF_A,86.992,123,16,0,2,124,13,135,8.04e-65,204,89.43
2jab,2XZT_G,83.871,124,20,0,1,124,12,135,1.39e-64,203,90.32
2jab,7Z73_E,82.927,123,21,0,1,123,2,124,2.78e-64,202,88.62
2jab,CAQ52954.1,85.484,124,18,0,1,124,12,135,5.07e-64,202,87.90
2jab,2XZD_G,83.871,124,20,0,1,124,12,135,5.66e-64,201,89.52
2jab,AAO25687.1,86.885,122,16,0,1,122,12,133,5.98e-64,201,90.16
2jab,2Y0B_G,83.871,124,20,0,1,124,12,135,6.97e-64,201,89.52
2jab,7PD8_B,83.740,123,20,0,1,123,12,134,1.34e-63,201,89.43
2jab,UVF58861.1,82.927,123,21,0,1,123,14,136,2.01e-63,201,88.62
2jab,4GRG_A,84.677,124,19,0,1,124,12,135,2.11e-63,200,87.10
2jab,UVF58843.1,82.927,123,21,0,1,123,14,136,2.73e-63,200,89.43
2jab,UVF58848.1,82.927,123,21,0,1,123,14,136,2.76e-63,200,89.43
2jab,CAQ52957.1,84.677,124,19,0,1,124,12,135,3.20e-63,199,88.71
2jab,2V4H_C,85.484,124,18,0,1,124,12,135,3.42e-63,199,87.90
2jab,AAO25688.1,86.885,122,16,0,1,122,12,133,5.19e-63,199,89.34
2jab,7BHE_A,85.484,124,18,0,1,124,14,137,5.60e-63,199,88.71
2jab,UVF58844.1,82.927,123,21,0,1,123,14,136,1.12e-62,199,88.62
2jab,UVF58845.1,82.114,123,22,0,1,123,14,136,1.55e-62,198,87.80
2jab,UVF58846.1,82.114,123,22,0,1,123,14,136,3.29e-62,197,88.62
2jab,7B4U_A,82.258,124,21,1,1,123,4,127,4.08e-62,197,87.90
2jab,AFI09261.1,68.790,157,16,1,1,124,12,168,6.51e-62,197,73.89
2jab,7MXI_E,84.426,122,19,0,3,124,21,142,9.77e-62,196,86.89
2jab,AAQ93812.1,83.065,124,21,0,1,124,12,135,1.98e-61,195,87.10
2jab,8RCI_E,80.488,123,24,0,1,123,2,124,2.19e-61,195,86.99
2jab,7B4W_A,67.308,156,18,1,1,123,1,156,2.23e-61,196,73.08
2jab,AFI09263.1,68.790,157,16,1,1,124,12,168,3.05e-61,196,72.61
2jab,4DRX_E,69.427,157,15,1,1,124,12,168,3.97e-61,196,72.61
2jab,6BBN_P,69.427,157,15,1,1,124,11,167,4.06e-61,196,72.61
2jab,9F24_C,84.426,122,19,0,1,122,2,123,4.84e-61,194,88.52
2jab,5OP1_A,70.064,157,14,1,1,124,12,168,6.15e-61,195,71.97
2jab,7ALR_F,69.427,157,15,1,1,124,23,179,8.48e-61,195,72.61
2jab,5OOU_A,70.064,157,14,1,1,124,12,168,8.83e-61,194,71.34
2jab,7Z72_B,67.949,156,17,1,1,123,2,157,1.05e-60,194,71.15
2jab,3NOG_D,70.064,157,14,1,1,124,12,168,1.11e-60,194,71.97
2jab,4DUI_A,69.427,157,15,1,1,124,12,168,1.21e-60,194,71.97
2jab,6S8L_F,69.231,156,15,1,2,124,1,156,1.79e-60,193,72.44
2jab,5OOS_A,70.064,157,14,1,1,124,12,168,2.05e-60,194,70.70
2jab,UVF58847.1,80.488,123,24,0,1,123,14,136,2.10e-60,193,87.80
2jab,5EIB_E,69.231,156,15,1,2,124,13,168,2.47e-60,194,72.44
2jab,5OOV_A,69.427,157,15,1,1,124,12,168,3.22e-60,193,71.97
2jab,8HKH_C,80.488,123,24,0,1,123,14,136,4.00e-60,192,86.99
2jab,CAQ52951.1,68.790,157,16,1,1,124,12,168,4.93e-60,193,71.97
2jab,6S8K_F,69.032,155,15,1,2,123,1,155,6.25e-60,192,72.26
2jab,5EYL_A,68.153,157,17,1,1,124,12,168,6.92e-60,192,71.97
2jab,5OP3_A,69.427,157,15,1,1,124,12,168,9.10e-60,192,72.61
2jab,CAQ52949.1,68.790,157,16,1,1,124,12,168,9.82e-60,192,71.34
2jab,3NOC_D,69.427,157,15,1,1,124,12,168,9.93e-60,192,71.97
2jab,5CBO_A,82.114,123,22,0,1,123,1,123,1.71e-59,192,86.18
2jab,UVF58855.1,68.590,156,16,1,1,123,14,169,1.94e-59,192,71.79
2jab,5CBN_A,82.114,123,22,0,1,123,1,123,1.95e-59,191,86.18
2jab,4F6R_D,68.790,157,16,1,1,124,12,168,2.11e-59,191,71.97
2jab,5AAO_A,66.242,157,20,1,1,124,12,168,5.48e-59,190,70.70
2jab,2P2C_P,68.790,157,16,1,1,124,12,168,7.13e-59,190,71.97
2jab,5MAD_A,70.064,157,13,2,1,124,4,159,9.03e-59,189,71.97
2jab,5OYJ_A,68.790,157,16,1,1,124,12,168,1.00e-58,189,71.34
2jab,CAQ52948.1,67.516,157,18,1,1,124,12,168,1.02e-58,189,70.70
2jab,7ZYU_B,66.667,156,19,1,1,123,2,157,1.13e-58,189,71.79
2jab,5OOY_A,68.790,157,16,1,1,124,12,168,1.16e-58,189,71.34
2jab,AAQ93810.1,67.516,157,18,1,1,124,12,168,1.21e-58,189,71.34
2jab,AFI09259.1,68.153,157,17,1,1,124,12,168,1.42e-58,189,71.34
2jab,UVF58849.1,80.800,125,22,2,1,123,14,138,2.30e-58,188,86.40
2jab,2Y1L_E,68.153,157,17,1,1,124,12,168,2.33e-58,189,71.34
2jab,4J8Y_A,68.153,157,17,1,1,124,12,168,3.49e-58,188,70.06
2jab,5EYP_F,66.242,157,20,1,1,124,12,168,4.07e-58,188,71.34
2jab,4J7W_A,68.153,157,17,1,1,124,12,168,4.29e-58,188,70.06
2jab,AAO25690.1,69.032,155,15,1,1,122,12,166,4.40e-58,188,71.61
2jab,3ZU7_B,68.790,157,16,1,1,124,12,168,4.95e-58,187,70.70
2jab,CAQ52955.1,67.516,157,18,1,1,124,12,168,5.29e-58,187,71.34
2jab,4K5B_A,66.026,156,20,2,1,123,12,167,5.29e-58,187,72.44
2jab,2BKK_B,67.516,157,18,1,1,124,12,168,5.71e-58,187,71.34
2jab,6GVM_D,68.790,157,16,1,1,124,12,168,5.77e-58,187,70.70
2jab,4HRM_B,66.667,156,19,1,1,123,12,167,8.54e-58,187,72.44
2jab,5MLB_B,67.949,156,17,1,2,124,23,178,8.59e-58,187,71.15
2jab,6H46_B,67.097,155,18,1,2,123,2,156,9.23e-58,186,70.32
2jab,UVF58850.1,65.605,157,20,1,1,123,14,170,9.74e-58,187,70.06
2jab,7DNF_A,67.516,157,18,1,1,124,12,168,9.76e-58,187,70.06
2jab,AAO25689.1,68.387,155,16,1,1,122,12,166,1.10e-57,187,70.32
2jab,5MLA_B,67.949,156,17,1,2,124,23,178,1.21e-57,187,71.15
2jab,2J8S_D,67.516,157,18,1,1,124,12,168,1.27e-57,187,70.06
2jab,CAQ52950.1,67.516,157,18,1,1,124,12,168,1.31e-57,187,70.70
2jab,8P9D_E,78.862,123,26,0,1,123,2,124,1.38e-57,185,85.37
2jab,6S9T_D,78.862,123,26,0,1,123,38,160,1.69e-57,186,83.74
2jab,7Z7E_B,65.385,156,21,1,1,123,2,157,1.82e-57,186,69.87
2jab,CAQ52952.1,67.516,157,18,1,1,124,12,168,2.06e-57,186,70.70
2jab,4LSZ_E,66.879,157,19,1,1,124,12,168,2.17e-57,186,70.70
2jab,7X4N_C,66.026,156,20,1,2,124,1,156,2.44e-57,186,71.15
2jab,4ATZ_D,67.532,154,17,1,2,122,1,154,2.92e-57,185,70.78
2jab,8P9C_C,65.385,156,21,1,1,123,2,157,4.92e-57,185,70.51
2jab,AAQ93811.1,67.516,157,18,1,1,124,12,168,5.10e-57,185,69.43
2jab,5MA6_B,65.385,156,21,1,1,123,4,159,6.12e-57,185,71.15
2jab,AFI09265.1,68.153,157,17,1,1,124,12,168,6.14e-57,185,70.06
2jab,UVF58856.1,75.610,123,30,0,1,123,14,136,6.82e-57,184,83.74
2jab,CAQ52956.1,67.516,157,18,1,1,124,12,168,7.65e-57,185,70.06
8h7e,8H7C_A,91.919,99,0,1,1,91,3,101,2.88e-51,167,91.92
8h7e,CBX55921.1,83.838,99,8,1,1,91,3,101,2.19e-44,149,83.84
8h7e,CBX55922.1,82.828,99,9,1,1,91,3,101,4.89e-44,149,83.84
8h7e,CBX55930.1,45.455,99,46,1,1,91,3,101,2.03e-16,79.0,63.64
8h7e,CBX55929.1,42.424,99,49,1,1,91,3,101,6.90e-15,75.1,64.65
8h7e,CBX55931.1,41.414,99,50,1,1,91,3,101,1.06e-14,74.7,63.64
8h7e,6KOS_A,39.394,99,52,1,1,91,3,101,9.19e-13,69.7,61.62
8h7e,CBX55926.1,38.384,99,53,1,1,91,3,101,5.30e-12,67.8,62.63
8h7e,CBX55917.1,41.414,99,50,1,1,91,3,101,6.24e-12,67.8,57.58
8h7e,CBX55932.1,41.414,99,50,1,1,91,3,101,6.66e-12,67.4,62.63
8h7e,CBX55928.1,37.374,99,54,1,1,91,3,101,1.04e-11,67.0,62.63
8h7e,CBX55920.1,41.414,99,50,1,1,91,3,101,1.83e-11,66.6,62.63
8h7e,CBX55933.1,39.394,99,52,1,1,91,3,101,3.84e-11,65.5,66.67
8h7e,CBX55927.1,41.414,99,50,1,1,91,3,101,3.16e-10,63.2,56.57
8h7e,CBX55919.1,36.364,99,55,1,1,91,3,101,3.45e-10,63.2,57.58
8h7e,CBX55916.1,38.384,99,53,1,1,91,3,101,6.54e-10,62.4,62.63
8h7e,CBX55924.1,40.206,97,49,2,3,91,9,104,2.34e-09,61.2,62.89
8h7e,3VJF_A,37.374,99,54,1,1,91,3,101,3.84e-09,60.5,57.58
8h7e,CBX55918.1,36.364,99,55,1,1,91,3,101,1.04e-08,59.3,59.60
8h7e,CBX55923.1,39.175,97,50,2,3,91,9,104,2.16e-08,58.5,61.86
8h7e,1P68_A,33.333,99,58,1,1,91,3,101,7.32e-08,57.4,57.58
8h7e,CBX55925.1,39.091,110,41,3,1,91,3,105,8.46e-07,54.7,54.55
2n8i,2N8I_A,100.000,100,0,0,1,100,1,100,4.25e-63,197,100.00
2n8i,2N8W_A,81.818,77,14,0,5,81,2,78,4.46e-34,124,84.42
2n8i,WP_268367185.1,39.773,88,52,1,8,95,202,288,1.46e-08,62.8,59.09
2n8i,WP_326254806.1,37.363,91,56,1,5,95,45,134,1.51e-08,62.0,58.24
2n8i,WP_268435162.1,39.773,88,52,1,8,95,202,288,1.53e-08,62.8,59.09
2n8i,WP_326200246.1,39.773,88,52,1,8,95,202,288,1.69e-08,62.8,57.95
2n8i,WP_061186515.1,39.773,88,52,1,8,95,202,288,1.72e-08,62.8,57.95
2n8i,WP_333517928.1,38.462,91,55,1,5,95,199,288,1.92e-08,62.4,58.24
2n8i,WP_014115555.1,39.773,88,52,1,8,95,202,288,1.97e-08,62.4,59.09
2n8i,WP_338443406.1,38.636,88,53,1,8,95,202,288,3.45e-08,61.6,59.09
2n8i,WP_326274567.1,38.636,88,53,1,8,95,202,288,3.62e-08,61.6,57.95
2n8i,WP_100739907.1,38.636,88,53,1,8,95,202,288,3.66e-08,61.6,57.95
2n8i,WP_416722500.1,38.636,88,53,1,8,95,202,288,3.70e-08,61.6,57.95
2n8i,MCI3983554.1,38.636,88,53,1,8,95,202,288,3.73e-08,61.6,57.95
2n8i,WP_394715349.1,38.636,88,53,1,8,95,202,288,3.77e-08,61.6,57.95
2n8i,MCI4137367.1,38.636,88,53,1,8,95,202,288,3.77e-08,61.6,57.95
2n8i,WP_367066096.1,38.636,88,53,1,8,95,202,288,3.77e-08,61.6,57.95
2n8i,WP_064815952.1,38.636,88,53,1,8,95,202,288,3.81e-08,61.6,57.95
2n8i,WP_069150513.1,38.636,88,53,1,8,95,202,288,3.96e-08,61.6,57.95
2n8i,WP_010328972.1,38.636,88,53,1,8,95,202,288,4.00e-08,61.6,57.95
2n8i,WP_103749256.1,38.636,88,53,1,8,95,202,288,4.00e-08,61.6,57.95
2n8i,WP_268552186.1,38.636,88,53,1,8,95,202,288,4.08e-08,61.6,57.95
2n8i,WP_232919982.1,38.636,88,53,1,8,95,202,288,4.63e-08,61.2,57.95
2n8i,WP_019259768.1,38.636,88,53,1,8,95,202,288,4.91e-08,61.2,57.95
2n8i,WP_268309625.1,38.636,88,53,1,8,95,202,288,4.91e-08,61.2,57.95
2n8i,WP_040081517.1,38.636,88,53,1,8,95,202,288,5.01e-08,61.2,57.95
2n8i,WP_003235896.1,38.636,88,53,1,8,95,202,288,5.11e-08,61.2,57.95
2n8i,WP_100275366.1,38.636,88,53,1,8,95,202,288,5.16e-08,61.2,57.95
2n8i,WP_268401668.1,38.636,88,53,1,8,95,202,288,5.16e-08,61.2,57.95
2n8i,MCY8633973.1,38.636,88,53,1,8,95,202,288,5.16e-08,61.2,57.95
2n8i,WP_119914417.1,38.636,88,53,1,8,95,202,288,5.21e-08,61.2,57.95
2n8i,WP_268281933.1,38.636,88,53,1,8,95,202,288,5.21e-08,61.2,57.95
2n8i,WP_268278410.1,38.636,88,53,1,8,95,165,251,5.27e-08,61.2,57.95
2n8i,WP_148343301.1,38.636,88,53,1,8,95,202,288,5.47e-08,61.2,57.95
2n8i,WP_350271776.1,38.636,88,53,1,8,95,202,288,5.74e-08,61.2,57.95
2n8i,WP_024713859.1,38.636,88,53,1,8,95,202,288,7.41e-08,60.8,57.95
2n8i,MCY8166187.1,37.500,88,54,1,8,95,202,288,2.28e-07,59.3,57.95
2n8i,WP_273796350.1,38.636,88,53,1,8,95,202,288,2.37e-07,59.3,56.82
2n8i,WP_003222022.1,37.500,88,54,1,8,95,202,288,2.54e-07,59.3,57.95
2n8i,MCY9355225.1,37.500,88,54,1,8,95,202,288,2.59e-07,59.3,57.95
2n8i,MCY8123983.1,37.500,88,54,1,8,95,202,288,2.59e-07,59.3,57.95
2n8i,WP_326211965.1,37.500,88,54,1,8,95,202,288,2.62e-07,59.3,57.95
2n8i,MCY8863896.1,37.500,88,54,1,8,95,202,288,2.64e-07,59.3,57.95
2n8i,MCY9405240.1,37.500,88,54,1,8,95,202,288,2.64e-07,59.3,57.95
2n8i,MCY8715748.1,37.500,88,54,1,8,95,202,288,2.69e-07,59.3,57.95
2n8i,MCY9366380.1,37.500,88,54,1,8,95,202,288,2.69e-07,59.3,57.95
2n8i,WP_044429731.1,37.500,88,54,1,8,95,202,288,2.94e-07,59.3,57.95
2n8i,CJS90482.1,37.363,91,56,1,5,95,91,180,2.98e-07,58.9,57.14
2n8i,WP_167568120.1,38.636,88,53,1,8,95,202,288,3.51e-07,58.9,56.82
2n8i,WP_262091130.1,38.636,88,53,1,8,95,202,288,3.58e-07,58.9,56.82
2n8i,WP_416042662.1,38.636,88,53,1,8,95,202,288,3.58e-07,58.9,56.82
2n8i,WP_326208782.1,38.636,88,53,1,8,95,202,288,3.58e-07,58.9,56.82
2n8i,WP_302896225.1,37.500,88,54,1,8,95,202,288,3.61e-07,58.9,57.95
2n8i,WP_021480843.1,38.636,88,53,1,8,95,202,288,3.61e-07,58.9,56.82
2n8i,WP_208476283.1,38.636,88,53,1,8,95,202,288,3.65e-07,58.9,56.82
2n8i,WP_300965067.1,38.636,88,53,1,8,95,202,288,3.65e-07,58.9,56.82
2n8i,WP_377885771.1,37.500,88,54,1,8,95,202,288,3.68e-07,58.9,57.95
2n8i,WP_283933869.1,38.636,88,53,1,8,95,202,288,3.68e-07,58.9,56.82
2n8i,WP_160245473.1,38.636,88,53,1,8,95,202,288,3.68e-07,58.9,56.82
2n8i,WP_326224448.1,38.636,88,53,1,8,95,202,288,3.72e-07,58.9,56.82
2n8i,WP_038829812.1,38.636,88,53,1,8,95,202,288,3.72e-07,58.9,56.82
2n8i,WP_123374491.1,38.636,88,53,1,8,95,202,288,3.75e-07,58.9,56.82
2n8i,WP_032727072.1,38.636,88,53,1,8,95,202,288,3.75e-07,58.9,56.82
2n8i,WP_317906371.1,38.636,88,53,1,8,95,202,288,3.79e-07,58.9,56.82
2n8i,WP_217017213.1,38.636,88,53,1,8,95,202,288,3.79e-07,58.9,56.82
2n8i,WP_212082561.1,38.636,88,53,1,8,95,202,288,3.83e-07,58.9,56.82
2n8i,WP_276354256.1,38.636,88,53,1,8,95,202,288,3.83e-07,58.9,56.82
2n8i,OTQ84113.1,38.636,88,53,1,8,95,202,288,3.83e-07,58.9,56.82
2n8i,WP_014478296.1,38.636,88,53,1,8,95,202,288,3.83e-07,58.9,56.82
2n8i,WP_411225021.1,38.636,88,53,1,8,95,202,288,3.83e-07,58.9,56.82
2n8i,WP_125121077.1,38.636,88,53,1,8,95,202,288,3.83e-07,58.9,56.82
2n8i,WP_342410640.1,38.636,88,53,1,8,95,202,288,3.83e-07,58.9,56.82
2n8i,WP_257434165.1,38.636,88,53,1,8,95,202,288,3.83e-07,58.9,56.82
2n8i,WP_124047846.1,38.636,88,53,1,8,95,202,288,3.83e-07,58.9,56.82
2n8i,WP_187956438.1,38.636,88,53,1,8,95,202,288,3.87e-07,58.9,56.82
2n8i,WP_014481226.1,38.636,88,53,1,8,95,202,288,3.87e-07,58.9,56.82
2n8i,WP_249850792.1,38.636,88,53,1,8,95,202,288,3.87e-07,58.9,56.82
2n8i,WP_086344441.1,38.636,88,53,1,8,95,202,288,3.87e-07,58.9,56.82
2n8i,WP_161619176.1,38.636,88,53,1,8,95,202,288,3.87e-07,58.9,56.82
2n8i,WP_047183349.1,38.636,88,53,1,8,95,202,288,3.90e-07,58.9,56.82
2n8i,WP_019716079.1,37.500,88,54,1,8,95,202,288,3.90e-07,58.9,57.95
2n8i,WP_217020047.1,38.636,88,53,1,8,95,202,288,3.90e-07,58.9,56.82
2n8i,WP_268553135.1,38.636,88,53,1,8,95,202,288,3.98e-07,58.9,56.82
2n8i,WP_015384935.1,38.636,88,53,1,8,95,202,288,3.98e-07,58.9,56.82
2n8i,WP_335449845.1,38.636,88,53,1,8,95,202,288,4.02e-07,58.9,56.82
2n8i,WP_064671455.1,38.636,88,53,1,8,95,202,288,4.06e-07,58.5,56.82
2n8i,WP_327841113.1,38.636,88,53,1,8,95,202,288,4.10e-07,58.5,56.82
2n8i,WP_015483839.1,38.636,88,53,1,8,95,202,288,4.10e-07,58.5,56.82
2n8i,WP_046381403.1,38.636,88,53,1,8,95,202,288,4.10e-07,58.5,56.82
2n8i,WP_113712952.1,38.636,88,53,1,8,95,202,288,4.14e-07,58.5,56.82
2n8i,WP_049140944.1,38.636,88,53,1,8,95,202,288,4.18e-07,58.5,56.82
2n8i,3ULQ_A,37.363,91,56,1,5,95,201,290,4.48e-07,58.5,57.14
2n8i,WP_217002008.1,38.636,88,53,1,8,95,202,288,4.66e-07,58.5,56.82
2n8i,WP_124072633.1,38.636,88,53,1,8,95,202,288,4.75e-07,58.5,56.82
2n8i,4I9E_A,37.363,91,56,1,5,95,201,290,4.94e-07,58.5,57.14
2n8i,WP_003227549.1,38.636,88,53,1,8,95,202,288,5.13e-07,58.5,56.82
2n8i,ANY39361.1,38.636,88,53,1,8,95,184,270,5.85e-07,58.2,56.82
2n8i,WP_041334636.1,37.500,88,54,1,8,95,202,288,6.18e-07,58.2,56.82
2n8i,WP_015250985.1,37.500,88,54,1,8,95,202,288,6.24e-07,58.2,56.82
2n8i,WP_308154380.1,37.500,88,54,1,8,95,202,288,6.24e-07,58.2,56.82
5hpn,5HPN_A,100.000,87,0,0,1,87,3,89,7.59e-51,165,100.00
5hpn,4PPD_A,98.485,66,1,0,22,87,9,74,2.60e-33,121,98.48
5hpn,4P2S_A,98.485,66,1,0,22,87,10,75,2.89e-33,121,98.48
5hpn,WP_113905667.1,96.970,66,2,0,22,87,3,68,7.43e-33,119,96.97
5hpn,4RBU_A,96.970,66,2,0,22,87,9,74,9.06e-33,120,96.97
5hpn,SQB29240.1,96.970,66,2,0,22,87,3,68,9.32e-33,119,96.97
5hpn,MCL0268065.1,96.970,66,2,0,22,87,3,68,9.69e-33,119,96.97
5hpn,UJL40244.1,96.970,66,2,0,22,87,3,68,1.09e-32,119,96.97
5hpn,EJE8447308.1,96.970,66,2,0,22,87,3,68,1.11e-32,119,96.97
5hpn,EDI0769055.1,96.970,66,2,0,22,87,3,68,1.34e-32,119,96.97
5hpn,EAX8786398.1,96.970,66,2,0,22,87,3,68,1.40e-32,119,96.97
5hpn,4QIG_A,96.970,66,2,0,22,87,11,76,1.41e-32,119,96.97
5hpn,3NGK_A,96.970,66,2,0,22,87,11,76,1.44e-32,119,96.97
5hpn,4QIF_A,96.970,66,2,0,22,87,11,76,1.47e-32,119,96.97
5hpn,WP_308303666.1,96.970,66,2,0,22,87,3,68,1.52e-32,119,96.97
5hpn,ELE5576259.1,96.970,66,2,0,22,87,3,68,1.52e-32,119,96.97
5hpn,WP_139665175.1,96.970,66,2,0,22,87,3,68,1.52e-32,119,96.97
5hpn,WP_098065011.1,96.970,66,2,0,22,87,3,68,1.53e-32,119,96.97
5hpn,TGC76274.1,96.970,66,2,0,22,87,3,68,1.55e-32,119,96.97
5hpn,WP_086805480.1,96.970,66,2,0,22,87,3,68,1.58e-32,119,96.97
5hpn,AIT49312.1,96.970,66,2,0,22,87,3,68,1.60e-32,119,96.97
5hpn,WP_001535271.1,96.970,66,2,0,22,87,3,68,1.64e-32,119,96.97
5hpn,WP_099826080.1,96.970,66,2,0,22,87,3,68,1.64e-32,119,96.97
5hpn,EGN4238365.1,96.970,66,2,0,22,87,3,68,1.64e-32,119,96.97
5hpn,HBZ5060451.1,96.970,66,2,0,22,87,3,68,1.64e-32,119,96.97
5hpn,EBM9985800.1,96.970,66,2,0,22,87,3,68,1.65e-32,119,96.97
5hpn,EHM3729682.1,96.970,66,2,0,22,87,3,68,1.65e-32,119,96.97
5hpn,EAQ1313607.1,96.970,66,2,0,22,87,3,68,1.65e-32,119,96.97
5hpn,WP_084558883.1,96.970,66,2,0,22,87,3,68,1.69e-32,119,96.97
5hpn,EBI3831513.1,96.970,66,2,0,22,87,3,68,1.69e-32,119,96.97
5hpn,ENB1047364.1,96.970,66,2,0,22,87,3,68,1.69e-32,119,96.97
5hpn,ELD7436657.1,96.970,66,2,0,22,87,3,68,1.69e-32,119,96.97
5hpn,EAP8714133.1,96.970,66,2,0,22,87,3,68,1.69e-32,119,96.97
5hpn,WP_369723843.1,96.970,66,2,0,22,87,3,68,1.71e-32,119,96.97
5hpn,WP_049087288.1,96.970,66,2,0,22,87,3,68,1.73e-32,119,96.97
5hpn,ECD2370721.1,96.970,66,2,0,22,87,3,68,1.74e-32,119,96.97
5hpn,WP_001183618.1,96.970,66,2,0,22,87,3,68,1.75e-32,119,96.97
5hpn,EBU9778269.1,96.970,66,2,0,22,87,3,68,1.75e-32,119,96.97
5hpn,ENJ5181778.1,96.970,66,2,0,22,87,3,68,1.77e-32,119,96.97
5hpn,EBW4436496.1,96.970,66,2,0,22,87,3,68,1.79e-32,119,96.97
5hpn,MFJ52313.1,96.970,66,2,0,22,87,3,68,1.79e-32,119,96.97
5hpn,WP_412153992.1,96.970,66,2,0,22,87,3,68,1.79e-32,119,96.97
5hpn,EIV5128148.1,96.970,66,2,0,22,87,3,68,1.81e-32,119,96.97
5hpn,EDS3104605.1,96.970,66,2,0,22,87,3,68,1.85e-32,119,96.97
5hpn,EAC0330335.1,96.970,66,2,0,22,87,3,68,1.85e-32,119,96.97
5hpn,WP_205608796.1,96.970,66,2,0,22,87,3,68,1.87e-32,119,96.97
5hpn,EBI2656313.1,96.970,66,2,0,22,87,3,68,1.87e-32,119,96.97
5hpn,HCM2531956.1,96.970,66,2,0,22,87,3,68,1.89e-32,119,96.97
5hpn,ECO1177957.1,96.970,66,2,0,22,87,3,68,1.89e-32,119,96.97
5hpn,SUG29963.1,96.970,66,2,0,22,87,3,68,1.91e-32,119,96.97
5hpn,WP_139780283.1,96.970,66,2,0,22,87,3,68,1.92e-32,119,96.97
5hpn,EDU3846978.1,96.970,66,2,0,22,87,3,68,1.93e-32,119,96.97
5hpn,EIJ2818319.1,96.970,66,2,0,22,87,3,68,1.93e-32,119,96.97
5hpn,EAN7621817.1,96.970,66,2,0,22,87,3,68,1.93e-32,119,96.97
5hpn,EAA8778903.1,96.970,66,2,0,22,87,3,68,1.95e-32,119,96.97
5hpn,WP_410999971.1,96.970,66,2,0,22,87,3,68,1.95e-32,119,96.97
5hpn,SUX61869.1,96.970,66,2,0,22,87,3,68,2.01e-32,119,96.97
5hpn,EHQ4282871.1,96.970,66,2,0,22,87,3,68,2.02e-32,119,96.97
5hpn,EMC8602118.1,96.970,66,2,0,22,87,3,68,2.02e-32,119,96.97
5hpn,ELG2368115.1,96.970,66,2,0,22,87,3,68,2.06e-32,119,96.97
5hpn,EGA1310119.1,96.970,66,2,0,22,87,3,68,2.07e-32,119,96.97
5hpn,WP_050195840.1,96.970,66,2,0,22,87,3,68,2.08e-32,119,96.97
5hpn,WP_198904518.1,96.970,66,2,0,22,87,3,68,2.13e-32,119,96.97
5hpn,EDB3680191.1,96.970,66,2,0,22,87,3,68,2.14e-32,119,96.97
5hpn,EAM2596589.1,96.970,66,2,0,22,87,3,68,2.15e-32,119,96.97
5hpn,WP_065696849.1,96.970,66,2,0,22,87,3,68,2.15e-32,119,96.97
5hpn,EGK1879219.1,96.970,66,2,0,22,87,3,68,2.15e-32,119,96.97
5hpn,WP_255233050.1,96.970,66,2,0,22,87,3,68,2.15e-32,119,96.97
5hpn,AHW87187.1,96.970,66,2,0,22,87,3,68,2.27e-32,119,96.97
5hpn,EEI3242489.1,96.970,66,2,0,22,87,3,68,2.27e-32,119,96.97
5hpn,MEX8990405.1,96.970,66,2,0,22,87,3,68,2.30e-32,118,96.97
5hpn,EAM2803259.1,96.970,66,2,0,22,87,3,68,2.30e-32,119,96.97
5hpn,WP_417649141.1,96.923,65,2,0,22,86,3,67,2.30e-32,118,96.92
5hpn,WP_023183291.1,96.970,66,2,0,22,87,3,68,2.35e-32,119,96.97
5hpn,EAO4078866.1,95.455,66,3,0,22,87,3,68,2.46e-32,119,96.97
5hpn,WP_335891354.1,95.455,66,3,0,22,87,3,68,2.46e-32,119,96.97
5hpn,EAS8465474.1,95.455,66,3,0,22,87,3,68,2.46e-32,119,96.97
5hpn,EAA8318509.1,95.455,66,3,0,22,87,3,68,2.46e-32,119,96.97
5hpn,WP_181250214.1,95.455,66,3,0,22,87,3,68,2.46e-32,119,96.97
5hpn,WP_162379886.1,96.970,66,2,0,22,87,3,68,2.46e-32,119,96.97
5hpn,MEB2759509.1,96.970,66,2,0,22,87,3,68,2.46e-32,119,96.97
5hpn,EHH3275246.1,96.970,66,2,0,22,87,3,68,2.48e-32,119,96.97
5hpn,EEP4717711.1,96.970,66,2,0,22,87,3,68,2.48e-32,119,96.97
5hpn,WP_181554024.1,96.970,66,2,0,22,87,3,68,2.49e-32,119,96.97
5hpn,EDD3977980.1,96.970,66,2,0,22,87,3,68,2.51e-32,119,96.97
5hpn,EAO9548114.1,96.970,66,2,0,22,87,3,68,2.57e-32,119,96.97
5hpn,ECC9454034.1,96.970,66,2,0,22,87,3,68,2.59e-32,119,96.97
5hpn,4QIE_A,96.970,66,2,0,22,87,11,76,2.61e-32,119,96.97
5hpn,WP_012906330.1,96.970,66,2,0,22,87,3,68,2.62e-32,119,96.97
5hpn,WP_318074721.1,96.970,66,2,0,22,87,3,68,2.65e-32,119,96.97
5hpn,MEB2755191.1,96.970,66,2,0,22,87,3,68,2.66e-32,119,96.97
5hpn,WP_142765238.1,96.970,66,2,0,22,87,3,68,2.68e-32,119,96.97
5hpn,WP_003030255.1,96.970,66,2,0,22,87,3,68,2.69e-32,118,96.97
5hpn,KSB85367.1,96.970,66,2,0,22,87,3,68,2.73e-32,118,96.97
5hpn,WP_149462318.1,96.970,66,2,0,22,87,3,68,2.77e-32,118,96.97
5hpn,ECG8609581.1,96.970,66,2,0,22,87,3,68,2.82e-32,118,96.97
5hpn,EGB6348348.1,96.970,66,2,0,22,87,3,68,2.93e-32,118,96.97
5hpn,WP_271457342.1,96.970,66,2,0,22,87,3,68,2.94e-32,118,96.97
5hpn,EGO6391046.1,96.970,66,2,0,22,87,3,68,2.96e-32,118,96.97
5hpn,EDB3388961.1,98.462,65,1,0,23,87,4,68,3.02e-32,118,98.46
4fzp,4FZO_A,100.000,81,0,0,1,81,2,82,8.90e-50,162,100.00
4fzp,2PMR_A,93.750,80,5,0,2,81,2,81,1.74e-44,149,95.00
4fzp,WP_010877297.1,93.506,77,5,0,3,79,1,77,2.19e-42,143,94.81
4fzp,NLU04638.1,93.506,77,5,0,3,79,1,77,4.88e-42,142,94.81
4fzp,MCQ8904557.1,90.909,77,7,0,3,79,1,77,1.84e-41,141,93.51
4fzp,WP_286708809.1,92.208,77,6,0,3,79,1,77,2.06e-41,140,93.51
4fzp,WP_048176223.1,92.208,77,6,0,3,79,1,77,3.09e-41,140,93.51
4fzp,WP_192961545.1,90.909,77,7,0,3,79,1,77,3.97e-41,140,93.51
4fzp,MDI6841428.1,80.822,73,14,0,7,79,5,77,2.59e-33,120,90.41
4fzp,WP_300488136.1,74.026,77,20,0,3,79,1,77,7.11e-33,119,87.01
4fzp,WP_074358385.1,79.452,73,15,0,7,79,5,77,7.85e-33,119,90.41
4fzp,WP_013295103.1,72.727,77,21,0,3,79,1,77,2.30e-32,118,87.01
4fzp,WP_160323225.1,72.727,77,21,0,3,79,1,77,4.80e-32,117,87.01
4fzp,WP_237778834.1,72.727,77,21,0,3,79,1,77,5.91e-32,117,88.31
4fzp,HSO26134.1,63.636,77,28,0,3,79,1,77,5.17e-26,102,79.22
4fzp,WP_248612207.1,58.442,77,32,0,3,79,1,77,6.38e-24,97.1,83.12
4fzp,MDZ4170668.1,59.740,77,31,0,3,79,1,77,9.26e-24,96.3,76.62
4fzp,MFA0833528.1,57.692,78,33,0,3,80,1,78,1.27e-23,96.3,79.49
4fzp,MDD3753776.1,55.844,77,34,0,3,79,1,77,1.90e-23,95.9,80.52
4fzp,WP_416111750.1,55.844,77,34,0,3,79,1,77,3.51e-23,95.1,80.52
4fzp,WP_004031054.1,56.410,78,34,0,3,80,1,78,3.55e-23,95.1,79.49
4fzp,MDZ4172686.1,58.442,77,32,0,3,79,1,77,9.36e-23,94.0,75.32
4fzp,WP_321422316.1,55.128,78,35,0,3,80,1,78,9.62e-23,94.0,79.49
4fzp,MDO9043689.1,58.442,77,32,0,3,79,1,77,1.09e-22,93.6,77.92
4fzp,PKL67350.1,58.442,77,32,0,3,79,1,77,1.23e-22,93.6,76.62
4fzp,MDO8871001.1,57.143,77,33,0,3,79,1,77,1.64e-22,93.2,77.92
4fzp,WP_248564354.1,61.111,72,28,0,7,78,4,75,2.24e-22,92.8,80.56
4fzp,BAW32221.1,61.111,72,28,0,7,78,4,75,2.29e-22,92.8,79.17
4fzp,MDI9624222.1,61.111,72,28,0,7,78,4,75,2.94e-22,92.8,79.17
4fzp,WP_245923873.1,59.722,72,29,0,7,78,4,75,3.91e-22,92.4,79.17
4fzp,WP_048072238.1,57.143,77,33,0,3,79,1,77,5.50e-22,92.0,76.62
4fzp,WP_292754613.1,57.143,77,33,0,3,79,1,77,5.56e-22,92.0,76.62
4fzp,WP_223791607.1,55.844,77,34,0,3,79,1,77,1.73e-21,90.9,77.92
4fzp,WP_023992528.1,55.844,77,34,0,3,79,1,77,2.09e-21,90.5,76.62
4fzp,WP_048191250.1,55.844,77,34,0,3,79,1,77,2.18e-21,90.5,77.92
4fzp,WP_209627216.1,55.844,77,34,0,3,79,1,77,2.94e-21,90.1,77.92
4fzp,WP_286242869.1,57.143,77,33,0,3,79,1,77,3.78e-21,90.1,75.32
4fzp,HMK54924.1,53.247,77,36,0,3,79,1,77,4.02e-21,89.7,77.92
4fzp,WP_322168915.1,55.844,77,34,0,3,79,1,77,4.18e-21,89.7,75.32
4fzp,MCC7550470.1,57.143,77,33,0,3,79,1,77,4.92e-21,89.7,75.32
4fzp,EKQ54982.1,53.846,78,36,0,3,80,1,78,5.03e-21,89.7,76.92
4fzp,NYB52619.1,57.143,77,33,0,3,79,1,77,5.87e-21,89.4,75.32
4fzp,WP_080459319.1,55.263,76,34,0,3,78,1,76,7.03e-21,89.4,76.32
4fzp,MBI5681186.1,58.333,72,30,0,8,79,10,81,7.76e-21,89.4,77.78
4fzp,MDO5835256.1,55.844,77,34,0,3,79,1,77,7.89e-21,89.0,74.03
4fzp,OPX57745.1,53.247,77,36,0,3,79,1,77,8.61e-21,89.0,79.22
4fzp,MCC7564427.1,54.545,77,35,0,3,79,1,77,1.16e-20,88.6,75.32
4fzp,WP_319374419.1,52.564,78,37,0,3,80,1,78,1.75e-20,88.2,78.21
4fzp,WP_069582912.1,54.795,73,33,0,7,79,9,81,1.86e-20,88.2,79.45
4fzp,HEX7468067.1,55.844,77,34,0,3,79,1,77,1.89e-20,88.2,76.62
4fzp,MDD3986065.1,51.948,77,37,0,3,79,1,77,2.13e-20,87.8,76.62
4fzp,MDI6645057.1,50.649,77,38,0,3,79,1,77,2.30e-20,87.8,79.22
4fzp,HEX3013460.1,56.164,73,32,0,7,79,9,81,2.42e-20,87.8,78.08
4fzp,OPY27861.1,50.633,79,39,0,1,79,3,81,2.80e-20,87.8,74.68
4fzp,MDR0900636.1,54.545,77,35,0,3,79,1,77,2.80e-20,87.8,74.03
4fzp,WP_048080028.1,56.164,73,32,0,7,79,9,81,3.15e-20,87.8,78.08
4fzp,MDR2967586.1,51.948,77,37,0,3,79,1,77,3.85e-20,87.4,74.03
4fzp,MDR2873147.1,51.948,77,37,0,3,79,11,87,5.27e-20,87.4,75.32
4fzp,WP_100905837.1,53.846,78,36,0,3,80,1,78,8.98e-20,86.7,73.08
4fzp,WP_287682322.1,53.846,78,36,0,3,80,1,78,1.06e-19,86.3,73.08
4fzp,WP_042702103.1,52.632,76,36,0,3,78,1,76,1.13e-19,86.3,76.32
4fzp,MCC7562550.1,52.632,76,36,0,3,78,1,76,1.30e-19,85.9,75.00
4fzp,WP_054835731.1,52.632,76,36,0,3,78,1,76,1.43e-19,85.9,75.00
4fzp,WP_211532629.1,51.948,77,37,0,3,79,1,77,1.50e-19,85.9,79.22
4fzp,MBU4536055.1,53.247,77,36,0,3,79,1,77,3.52e-19,84.7,76.62
4fzp,HEY0196515.1,53.247,77,36,0,3,79,1,77,6.22e-19,84.3,75.32
4fzp,MCL2116536.1,50.649,77,38,0,3,79,1,77,1.11e-18,83.6,71.43
4fzp,AXV37986.1,46.753,77,41,0,3,79,1,77,1.61e-18,83.2,75.32
4fzp,WP_013644187.1,50.649,77,38,0,3,79,1,77,1.74e-18,83.2,74.03
4fzp,MDO5825861.1,51.948,77,37,0,3,79,6,82,2.59e-18,82.8,74.03
4fzp,WP_413824473.1,48.052,77,40,0,3,79,1,77,4.42e-18,82.0,74.03
4fzp,NYB28037.1,49.351,77,39,0,3,79,1,77,4.52e-18,82.0,75.32
4fzp,WP_414469347.1,50.000,72,36,0,8,79,10,81,4.56e-18,82.0,76.39
4fzp,WP_342765006.1,49.367,79,40,0,1,79,2,80,5.06e-18,82.0,69.62
4fzp,RBQ23393.1,50.633,79,39,0,1,79,3,81,5.37e-18,82.0,70.89
4fzp,MBX7076153.1,46.753,77,41,0,3,79,1,77,6.93e-18,81.6,77.92
4fzp,WP_342765740.1,50.633,79,39,0,1,79,2,80,1.30e-17,80.9,72.15
4fzp,MBO7719936.1,50.649,77,38,0,3,79,6,82,1.61e-17,80.9,72.73
4fzp,MDD1774082.1,49.351,77,39,0,3,79,1,77,1.80e-17,80.5,71.43
4fzp,RAP52237.1,49.351,77,39,0,3,79,6,82,1.80e-17,80.9,72.73
4fzp,MCL2687837.1,51.429,70,34,0,3,72,1,70,2.29e-17,80.5,75.71
4fzp,MEN6592396.1,46.753,77,41,0,3,79,1,77,2.49e-17,80.1,76.62
4fzp,MDR1819570.1,50.685,73,36,0,7,79,5,77,2.94e-17,80.1,75.34
4fzp,WP_054835732.1,49.351,77,39,0,3,79,4,80,4.01e-17,79.7,70.13
4fzp,WP_231624266.1,49.351,77,39,0,3,79,5,81,4.16e-17,79.7,70.13
4fzp,RAP48173.1,50.633,79,39,0,1,79,4,82,4.18e-17,79.7,70.89
4fzp,TMS43045.1,49.351,77,39,0,3,79,1,77,4.22e-17,79.7,71.43
4fzp,WP_112123724.1,49.351,77,39,0,3,79,6,82,4.23e-17,79.7,72.73
4fzp,WP_224425360.1,48.684,76,39,0,3,78,1,76,5.08e-17,79.3,72.37
4fzp,MDI9437681.1,48.052,77,40,0,3,79,1,77,5.37e-17,79.3,74.03
4fzp,WP_013826290.1,54.795,73,33,0,7,79,5,77,5.55e-17,79.3,72.60
4fzp,HDS45736.1,50.000,78,39,0,3,80,1,78,5.89e-17,79.3,66.67
4fzp,WP_286473807.1,48.052,77,40,0,3,79,1,77,5.93e-17,79.3,74.03
4fzp,WP_321051566.1,49.367,79,40,0,1,79,2,80,6.01e-17,79.3,74.68
4fzp,MCE5215098.1,51.351,74,36,0,3,76,1,74,6.06e-17,79.3,72.97
4fzp,MEN4016987.1,53.425,73,34,0,7,79,9,81,6.24e-17,79.3,71.23
4fzp,WP_209584777.1,50.685,73,36,0,7,79,6,78,6.71e-17,79.3,75.34
4fzp,WP_292846585.1,49.351,77,39,0,3,79,4,80,7.81e-17,79.0,70.13
4fzp,NYT18319.1,48.052,77,40,0,3,79,1,77,8.14e-17,79.0,72.73
4fzp,WP_407392531.1,49.351,77,39,0,3,79,4,80,9.94e-17,79.0,68.83
8h7c,8H7C_A,91.919,99,0,1,1,91,3,101,2.88e-51,167,91.92
8h7c,CBX55921.1,83.838,99,8,1,1,91,3,101,2.19e-44,149,83.84
8h7c,CBX55922.1,82.828,99,9,1,1,91,3,101,4.89e-44,149,83.84
8h7c,CBX55930.1,45.455,99,46,1,1,91,3,101,2.03e-16,79.0,63.64
8h7c,CBX55929.1,42.424,99,49,1,1,91,3,101,6.90e-15,75.1,64.65
8h7c,CBX55931.1,41.414,99,50,1,1,91,3,101,1.06e-14,74.7,63.64
8h7c,6KOS_A,39.394,99,52,1,1,91,3,101,9.19e-13,69.7,61.62
8h7c,CBX55926.1,38.384,99,53,1,1,91,3,101,5.30e-12,67.8,62.63
8h7c,CBX55917.1,41.414,99,50,1,1,91,3,101,6.24e-12,67.8,57.58
8h7c,CBX55932.1,41.414,99,50,1,1,91,3,101,6.66e-12,67.4,62.63
8h7c,CBX55928.1,37.374,99,54,1,1,91,3,101,1.04e-11,67.0,62.63
8h7c,CBX55920.1,41.414,99,50,1,1,91,3,101,1.83e-11,66.6,62.63
8h7c,CBX55933.1,39.394,99,52,1,1,91,3,101,3.84e-11,65.5,66.67
8h7c,CBX55927.1,41.414,99,50,1,1,91,3,101,3.16e-10,63.2,56.57
8h7c,CBX55919.1,36.364,99,55,1,1,91,3,101,3.45e-10,63.2,57.58
8h7c,CBX55916.1,38.384,99,53,1,1,91,3,101,6.54e-10,62.4,62.63
8h7c,CBX55924.1,40.206,97,49,2,3,91,9,104,2.34e-09,61.2,62.89
8h7c,3VJF_A,37.374,99,54,1,1,91,3,101,3.84e-09,60.5,57.58
8h7c,CBX55918.1,36.364,99,55,1,1,91,3,101,1.04e-08,59.3,59.60
8h7c,CBX55923.1,39.175,97,50,2,3,91,9,104,2.16e-08,58.5,61.86
8h7c,1P68_A,33.333,99,58,1,1,91,3,101,7.32e-08,57.4,57.58
8h7c,CBX55925.1,39.091,110,41,3,1,91,3,105,8.46e-07,54.7,54.55
6e5c,6E5C_A,100.000,78,0,0,1,78,1,78,6.83e-47,154,100.00
5j2l,5J2L_A,100.000,76,0,0,1,76,6,81,1.55e-38,133,100.00
5izs,5IZS_A,100.000,77,0,0,1,77,6,82,1.87e-41,141,100.00
5izs,QNQ74182.1,100.000,77,0,0,1,77,1206,1282,9.66e-41,153,100.00
5izs,QNQ74179.1,100.000,77,0,0,1,77,956,1032,3.39e-40,152,100.00
5izs,6XI6_A,91.549,71,6,0,2,72,7,77,1.39e-29,116,97.18
5izs,7JH5_A,58.667,75,31,0,1,75,13,87,2.37e-12,71.6,73.33
5izs,7CBC_A,58.667,75,31,0,1,75,11,85,3.78e-05,52.0,72.00
5izs,7CBC_A,60.976,41,16,0,22,62,227,267,0.007,45.4,75.61
2xen,2XEN_A,100.000,91,0,0,1,91,1,91,8.06e-56,178,100.00
2xen,2ZGG_A,90.909,88,8,0,1,88,5,92,4.50e-48,158,96.59
2xen,2ZGD_A,89.773,88,9,0,1,88,23,110,9.15e-47,155,95.45
2xen,3ZUV_B,68.033,122,6,1,1,89,13,134,5.01e-42,145,69.67
2xen,3HG0_D,68.033,122,6,1,1,89,13,134,9.57e-42,144,68.85
2xen,2V4H_C,68.033,122,6,1,1,89,13,134,1.36e-41,144,68.85
2xen,8IPF_A,68.033,122,6,1,1,89,13,134,1.48e-41,143,68.85
2xen,AAO25687.1,67.769,121,6,1,1,88,13,133,2.26e-41,143,69.42
2xen,7Z73_E,64.516,124,11,1,1,91,3,126,3.85e-41,142,67.74
2xen,2XZT_G,66.393,122,8,1,1,89,13,134,8.37e-41,141,67.21
2xen,AAO25688.1,67.769,121,6,1,1,88,13,133,9.51e-41,141,67.77
2xen,2XZD_G,66.393,122,8,1,1,89,13,134,9.87e-41,141,67.21
2xen,7BHE_A,67.213,122,7,1,1,89,15,136,1.13e-40,141,68.03
2xen,2Y0B_G,66.393,122,8,1,1,89,13,134,1.31e-40,141,67.21
2xen,CAQ52954.1,66.393,122,8,1,1,89,13,134,1.74e-40,140,68.03
2xen,7B4U_A,64.000,125,11,1,1,91,5,129,1.76e-40,140,67.20
2xen,8RCI_E,63.710,124,12,1,1,91,3,126,2.13e-40,140,67.74
2xen,9F23_B,67.213,122,7,1,1,89,5,126,2.24e-40,140,68.03
2xen,UVF58843.1,64.516,124,11,1,1,91,15,138,3.26e-40,140,68.55
2xen,UVF58846.1,63.710,124,12,1,1,91,15,138,3.40e-40,140,68.55
2xen,2JAB_A,66.393,122,8,1,1,89,13,134,3.79e-40,140,68.03
2xen,7PD8_B,64.516,124,11,1,1,91,13,136,4.07e-40,140,68.55
2xen,4GRG_A,66.393,122,8,1,1,89,13,134,5.11e-40,139,67.21
2xen,WCH74367.1,66.393,122,8,1,1,89,16,137,5.35e-40,140,68.03
2xen,CAQ52953.1,66.393,122,8,1,1,89,13,134,5.63e-40,139,68.03
2xen,UVF58861.1,64.516,124,11,1,1,91,15,138,6.71e-40,140,67.74
2xen,UVF58848.1,63.710,124,12,1,1,91,15,138,9.62e-40,139,67.74
2xen,CAQ52947.1,66.393,122,8,1,1,89,13,134,1.19e-39,139,67.21
2xen,2QYJ_A,57.143,154,0,1,1,88,13,166,1.22e-39,139,57.14
2xen,CAQ52957.1,65.574,122,9,1,1,89,13,134,1.49e-39,138,68.03
2xen,9F24_C,66.116,121,8,1,1,88,3,123,1.51e-39,138,66.94
2xen,AAQ93812.1,65.574,122,9,1,1,89,13,134,1.51e-39,138,65.57
2xen,2XEH_A,80.000,90,18,0,1,90,1,90,1.74e-39,139,87.78
2xen,2XEH_A,78.313,83,18,0,9,91,75,157,8.49e-36,129,87.95
2xen,2XEE_A,80.000,90,18,0,1,90,1,90,2.28e-39,139,87.78
2xen,2XEE_A,81.928,83,15,0,9,91,75,157,1.90e-38,136,90.36
2xen,UVF58845.1,62.903,124,13,1,1,91,15,138,2.58e-39,138,66.94
2xen,UVF58847.1,63.710,124,12,1,1,91,15,138,2.78e-39,138,67.74
2xen,UVF58849.1,63.492,126,11,1,1,91,15,140,3.44e-39,138,66.67
2xen,7MXI_E,66.116,121,8,1,2,89,21,141,4.33e-39,137,66.94
2xen,UVF58857.1,63.710,124,12,1,1,91,15,138,4.75e-39,137,66.94
2xen,UVF58844.1,63.710,124,12,1,1,91,15,138,6.11e-39,137,67.74
2xen,8HKH_C,62.097,124,14,1,1,91,15,138,7.44e-39,137,66.94
2xen,UVF58860.1,62.400,125,13,1,1,91,15,139,9.55e-39,137,66.40
2xen,4J8Y_A,54.194,155,5,1,1,89,13,167,9.87e-37,132,54.19
2xen,4J7W_A,54.194,155,5,1,1,89,13,167,1.27e-36,132,54.19
2xen,4K5B_A,52.229,157,9,2,1,91,13,169,1.65e-36,132,56.05
2xen,AFI09261.1,54.194,155,5,2,1,89,13,167,3.32e-36,131,54.84
2xen,8P9D_E,60.484,124,16,1,1,91,3,126,3.49e-36,129,66.13
2xen,CAQ52956.1,75.281,89,22,0,1,89,13,101,3.54e-36,131,84.27
2xen,CAQ52956.1,75.309,81,20,0,9,89,87,167,8.09e-31,117,81.48
2xen,7B4W_A,52.229,157,9,2,1,91,2,158,3.61e-36,130,55.41
2xen,5MAD_A,54.545,154,5,2,1,89,5,158,4.04e-36,130,55.19
2xen,CAQ52952.1,75.281,89,22,0,1,89,13,101,4.41e-36,130,84.27
2xen,CAQ52952.1,75.309,81,20,0,9,89,87,167,1.05e-30,117,80.25
2xen,AFI09262.1,53.548,155,6,2,1,89,13,167,4.46e-36,130,54.19
2xen,9GAU_A,58.197,122,17,1,1,88,2,123,4.53e-36,129,66.39
2xen,2BKK_B,53.548,155,6,2,1,89,13,167,4.86e-36,130,54.19
2xen,3NOC_D,53.548,155,6,2,1,89,13,167,5.25e-36,130,54.84
2xen,5OYJ_A,53.548,155,6,2,1,89,13,167,5.73e-36,130,55.48
2xen,9DB5_A,54.194,155,5,1,1,89,79,233,6.01e-36,132,54.19
2xen,7Z72_B,52.229,157,9,2,1,91,3,159,6.21e-36,130,55.41
2xen,AAO25689.1,53.896,154,5,1,1,88,13,166,6.75e-36,130,53.90
2xen,3ZU7_B,53.548,155,6,2,1,89,13,167,7.20e-36,130,54.84
2xen,6S9T_D,60.484,124,16,1,1,91,39,162,7.98e-36,130,64.52
2xen,7Z7E_B,51.592,157,10,2,1,91,3,159,8.52e-36,130,54.78
2xen,9DP8_A,54.194,155,5,1,1,89,91,245,8.73e-36,132,54.19
2xen,6H46_B,52.903,155,7,2,1,89,2,156,1.04e-35,129,54.19
2xen,AFI09263.1,54.194,155,5,2,1,89,13,167,1.40e-35,129,54.19
2xen,CAQ52949.1,53.548,155,6,2,1,89,13,167,2.39e-35,129,54.19
2xen,2P2C_P,73.034,89,24,0,1,89,13,101,2.42e-35,129,83.15
2xen,2P2C_P,79.012,81,17,0,9,89,87,167,3.25e-34,126,87.65
2xen,AAQ93810.1,52.903,155,7,2,1,89,13,167,3.74e-35,128,53.55
2xen,9DAM_A,53.896,154,5,1,2,89,88,241,4.27e-35,130,53.90
2xen,4HRL_A,77.108,83,19,0,9,91,86,168,4.52e-35,128,87.95
2xen,4HRL_A,70.787,89,25,1,1,89,13,100,2.79e-29,114,78.65
2xen,4HRM_B,50.955,157,11,2,1,91,13,169,5.66e-35,128,55.41
2xen,6FPA_A,50.955,157,11,2,1,91,5,161,7.11e-35,127,55.41
2xen,CAQ52950.1,52.903,155,7,2,1,89,13,167,1.04e-34,127,54.19
2xen,CAQ52948.1,52.903,155,7,2,1,89,13,167,1.08e-34,127,54.19
2xen,5OP3_A,52.903,155,7,2,1,89,13,167,1.12e-34,127,54.84
2xen,WZC81465.1,58.871,124,18,1,1,91,13,136,1.15e-34,126,64.52
2xen,CAQ52951.1,52.903,155,7,2,1,89,13,167,1.26e-34,127,54.19
2xen,9E4Q_A,54.194,155,5,1,1,89,250,404,1.29e-34,133,54.19
2xen,AFI09259.1,53.548,155,6,2,1,89,13,167,1.42e-34,127,53.55
2xen,6S9S_F,51.592,157,10,2,1,91,39,195,1.54e-34,127,54.78
2xen,7N2B_A,54.194,155,5,1,1,89,260,414,1.59e-34,133,54.19
2xen,6S8K_F,52.903,155,7,1,1,89,1,155,1.78e-34,126,52.90
2xen,9F22_B,53.247,154,6,2,1,88,3,156,1.80e-34,126,53.90
2xen,CAQ52955.1,73.034,89,24,0,1,89,13,101,1.80e-34,127,83.15
2xen,CAQ52955.1,76.543,81,19,0,9,89,87,167,2.84e-31,119,81.48
2xen,UVF58851.1,72.222,90,25,0,1,90,15,104,1.81e-34,127,81.11
2xen,6FP7_B,72.222,90,25,0,1,90,5,94,1.84e-34,126,80.00
2xen,6FP7_B,72.289,83,23,0,9,91,79,161,7.11e-31,117,81.93
2xen,5MLA_B,52.903,155,7,1,1,89,23,177,1.88e-34,127,54.19
2xen,7ZYU_B,50.955,157,11,2,1,91,3,159,1.96e-34,126,54.78
2xen,6BBN_P,52.903,155,7,1,1,89,12,166,2.09e-34,126,52.90
2xen,6S8L_F,52.903,155,7,1,1,89,1,155,2.13e-34,126,52.90
2xen,5EIB_E,52.903,155,7,1,1,89,13,167,2.29e-34,126,52.90
2xen,UVF58855.1,52.866,157,8,2,1,91,15,171,2.31e-34,127,54.14
2xen,4DRX_E,52.903,155,7,1,1,89,13,167,2.64e-34,126,52.90
2xen,4DUI_A,52.903,155,7,1,1,89,13,167,2.67e-34,126,52.90
2xen,8P9C_C,51.592,157,10,2,1,91,3,159,2.75e-34,126,54.14
2xen,3NOG_D,52.258,155,8,2,1,89,13,167,2.79e-34,126,53.55
2xen,9GNB_B,50.633,158,11,2,1,91,3,160,2.80e-34,126,53.80
2xen,5MLB_B,52.903,155,7,2,1,89,23,177,2.93e-34,126,53.55
2xen,6H47_B,51.613,155,9,2,1,89,23,177,3.41e-34,126,52.90
2xen,9G8I_A,71.910,89,25,0,1,89,1,89,3.69e-34,125,82.02
2xen,9G8I_A,70.886,79,23,0,9,87,75,153,1.47e-28,111,83.54
8h7d,8H7C_A,91.837,98,0,1,1,90,3,100,1.27e-50,165,91.84
8h7d,CBX55921.1,83.673,98,8,1,1,90,3,100,1.17e-43,147,83.67
8h7d,CBX55922.1,82.653,98,9,1,1,90,3,100,3.00e-43,146,83.67
8h7d,CBX55930.1,44.898,98,46,1,1,90,3,100,1.15e-15,77.0,63.27
8h7d,CBX55929.1,41.837,98,49,1,1,90,3,100,3.26e-14,73.6,64.29
8h7d,CBX55931.1,40.816,98,50,1,1,90,3,100,6.01e-14,72.8,63.27
8h7d,6KOS_A,38.776,98,52,1,1,90,3,100,4.79e-12,67.8,61.22
8h7d,CBX55926.1,37.755,98,53,1,1,90,3,100,3.14e-11,65.9,62.24
8h7d,CBX55917.1,40.816,98,50,1,1,90,3,100,3.54e-11,65.9,57.14
8h7d,CBX55932.1,40.816,98,50,1,1,90,3,100,3.58e-11,65.9,62.24
8h7d,CBX55928.1,36.735,98,54,1,1,90,3,100,6.51e-11,65.1,62.24
8h7d,CBX55920.1,40.816,98,50,1,1,90,3,100,1.07e-10,64.3,62.24
8h7d,CBX55933.1,38.776,98,52,1,1,90,3,100,2.15e-10,63.5,66.33
8h7d,CBX55919.1,35.714,98,55,1,1,90,3,100,1.73e-09,61.2,57.14
8h7d,CBX55927.1,40.816,98,50,1,1,90,3,100,1.79e-09,61.2,56.12
8h7d,CBX55916.1,37.755,98,53,1,1,90,3,100,3.22e-09,60.8,62.24
8h7d,CBX55924.1,39.583,96,49,2,3,90,9,103,1.31e-08,59.3,62.50
8h7d,3VJF_A,36.735,98,54,1,1,90,3,100,1.60e-08,58.9,57.14
8h7d,CBX55918.1,35.714,98,55,1,1,90,3,100,5.00e-08,57.8,59.18
8h7d,CBX55923.1,38.542,96,50,2,3,90,9,103,1.24e-07,56.6,61.46
8h7d,1P68_A,32.653,98,58,1,1,90,3,100,3.87e-07,55.5,57.14
8h7d,CBX55925.1,38.235,102,44,2,1,83,3,104,2.92e-06,53.1,55.88
6msr,6MSR_A,100.000,76,0,0,1,76,1,76,3.30e-42,142,100.00
6msr,6MSQ_A,96.053,76,3,0,1,76,1,76,2.15e-39,135,97.37
6msr,8UB3_4,88.000,75,9,0,1,75,77,151,8.38e-32,121,92.00
6msr,8UB3_4,86.667,75,10,0,1,75,2,76,6.94e-30,116,89.33
6msr,8UB3_4,78.873,71,15,0,2,72,154,224,3.73e-23,99.4,85.92
6msr,8GLT_0,90.476,63,6,0,13,75,276,338,3.04e-25,106,92.06
6msr,8UAO_A,80.000,75,15,0,1,75,90,164,5.39e-25,103,82.67
6msr,8UAO_A,88.525,61,7,0,2,62,167,227,7.05e-25,103,95.08
6msr,8UAO_A,80.000,70,14,0,6,75,20,89,6.33e-23,98.6,84.29
6msr,8UBG_A,88.525,61,7,0,2,62,154,214,1.34e-23,103,95.08
6msr,8UBG_A,77.333,75,17,0,1,75,2,76,1.90e-23,103,84.00
6msr,8UBG_A,78.667,75,16,0,1,75,77,151,2.87e-23,103,82.67
6msr,8CWS_A,73.611,72,19,0,5,76,382,453,3.13e-19,92.0,81.94
6msr,8CWY_A,73.239,71,19,0,5,75,381,451,1.60e-18,89.7,81.69
6msr,7UHB_K,67.143,70,18,1,1,70,77,141,1.40e-15,77.4,77.14
6msr,5J0I_A,56.757,74,32,0,1,74,5,78,2.98e-14,72.4,71.62
6msr,5J0H_A,62.857,70,26,0,1,70,5,74,3.20e-13,69.7,80.00
6msr,6N9H_A,52.381,63,30,0,2,64,7,69,1.02e-04,48.1,74.60
6msr,HHI97596.1,51.282,39,19,0,5,43,28,66,0.015,44.7,69.23
5j0i,5J0I_A,100.000,73,0,0,1,73,4,76,8.71e-39,134,100.00
5j0i,5J0H_A,73.973,73,19,0,1,73,4,76,5.44e-18,81.6,86.30
5j0i,6MSR_A,58.571,70,29,0,2,71,1,70,2.19e-14,72.4,72.86
5j0i,7UHB_K,66.129,62,21,0,10,71,80,141,5.52e-13,70.9,83.87
5j0i,6MSQ_A,54.286,70,32,0,2,71,1,70,9.24e-12,65.9,70.00
5j0i,8UB3_4,50.704,71,35,0,1,71,76,146,2.63e-07,57.4,64.79
5j0i,8UB3_4,52.174,69,33,0,1,69,1,69,3.61e-07,57.0,66.67
5j0i,8UB3_4,52.174,69,33,0,3,71,154,222,1.97e-04,49.7,62.32
5j0i,8UBG_A,50.704,71,35,0,1,71,1,71,3.23e-07,57.8,69.01
5j0i,8UBG_A,53.448,58,27,0,3,60,154,211,7.45e-06,53.9,67.24
5j0i,8UBG_A,45.070,71,39,0,1,71,76,146,0.018,44.3,59.15
5j0i,5J0J_A,50.000,62,24,1,1,62,4,58,5.12e-07,53.9,72.58
5j0i,8UAO_A,53.448,58,27,0,3,60,167,224,1.35e-05,52.8,67.24
5j0i,8UAO_A,55.556,63,28,0,9,71,22,84,1.51e-04,50.1,66.67
5j0i,8UAO_A,46.479,71,38,0,1,71,89,159,0.019,44.3,59.15
5j0i,6N9H_A,56.061,66,28,1,1,65,4,69,4.02e-04,46.6,77.27
5j0i,8GLT_0,54.386,57,26,0,14,70,276,332,7.27e-04,48.1,64.91
5j0i,8CWS_A,54.717,53,17,1,7,59,390,435,0.020,44.3,62.26
5j0i,8CWY_A,54.717,53,17,1,7,59,389,434,0.021,44.3,62.26
5j0i,MCS6916921.1,40.909,44,26,0,6,49,27,70,0.029,43.9,75.00
2jwu,2JWU_A,100.000,56,0,0,1,56,1,56,5.57e-29,107,100.00
2jwu,2LHD_A,94.643,56,3,0,1,56,1,56,8.72e-27,102,94.64
2jwu,2LHG_A,92.857,56,4,0,1,56,1,56,4.63e-26,100,92.86
2jwu,2KDM_A,92.857,56,4,0,1,56,1,56,8.02e-26,99.8,92.86
2jwu,2LHC_A,92.857,56,4,0,1,56,1,56,8.29e-26,99.8,92.86
2jwu,2LHE_A,91.071,56,5,0,1,56,1,56,4.08e-25,98.2,91.07
2jwu,2KDL_A,91.071,56,5,0,1,56,1,56,5.99e-25,97.8,91.07
2jwu,2JWS_A,87.500,56,7,0,1,56,1,56,2.30e-23,93.6,87.50
2jwu,2N9K_A,69.091,55,17,0,2,56,3,57,7.89e-14,69.7,70.91
2jwu,1GB1_A,69.091,55,17,0,2,56,2,56,8.98e-14,69.7,70.91
2jwu,7DA8_A,70.370,54,16,0,3,56,3,56,9.51e-14,69.7,72.22
2jwu,2ZW1_A,69.091,55,17,0,2,56,3,57,1.00e-13,69.3,69.09
2jwu,1FCC_C,66.071,56,19,0,1,56,1,56,1.01e-13,69.3,71.43
2jwu,3MP9_A,69.091,55,17,0,2,56,10,64,1.07e-13,69.7,70.91
2jwu,9CHT_B,69.091,55,17,0,2,56,13,67,1.09e-13,75.1,70.91
2jwu,2IGG_A,66.071,56,19,0,1,56,6,61,1.19e-13,69.3,71.43
2jwu,2ZW0_A,69.091,55,17,0,2,56,3,57,1.61e-13,68.9,70.91
2jwu,6NL8_A,67.273,55,18,0,2,56,2,56,1.64e-13,68.9,72.73
2jwu,6O41_M,64.286,56,20,0,1,56,6,61,2.34e-13,68.9,71.43
2jwu,1FD6_A,64.286,56,20,0,1,56,2,57,2.52e-13,68.6,71.43
2jwu,6L9D_A,67.273,55,18,0,2,56,2,56,2.69e-13,68.2,69.09
2jwu,6C9O_A,68.519,54,17,0,3,56,3,56,3.07e-13,68.2,70.37
2jwu,AAB27024.1,64.286,56,20,0,1,56,2,57,3.20e-13,68.2,71.43
2jwu,6WFW_G,64.286,56,20,0,1,56,4,59,3.24e-13,68.2,71.43
2jwu,1IGC_A,64.286,56,20,0,1,56,6,61,3.28e-13,68.2,71.43
2jwu,1PGX_A,64.286,56,20,0,1,56,14,69,3.34e-13,68.9,71.43
2jwu,7QTR_A,68.519,54,17,0,3,56,4,57,3.43e-13,68.2,70.37
2jwu,2GI9_A,68.519,54,17,0,3,56,3,56,3.78e-13,67.8,70.37
2jwu,6W00_G,64.286,56,20,0,1,56,3,58,4.01e-13,67.8,71.43
2jwu,UPX83547.1,68.519,54,17,0,3,56,2,55,4.04e-13,67.8,70.37
2jwu,2IGH_A,64.286,56,20,0,1,56,6,61,4.31e-13,67.8,71.43
2jwu,2KBT_A,69.091,55,17,0,2,56,78,132,4.34e-13,70.1,70.91
2jwu,6L9B_A,67.273,55,18,0,2,56,2,56,4.66e-13,67.8,69.09
2jwu,2PLP_A,68.519,54,17,0,2,55,1,54,4.70e-13,67.8,70.37
2jwu,6L91_A,67.273,55,18,0,2,56,2,56,5.20e-13,67.8,69.09
2jwu,XHW18005.1,70.909,55,16,0,2,56,303,357,5.23e-13,73.2,72.73
2jwu,1UWX_A,64.286,56,20,0,1,56,5,60,5.28e-13,67.8,71.43
2jwu,1QKZ_A,64.286,56,20,0,1,56,6,61,5.48e-13,67.8,71.43
2jwu,6KMC_A,67.273,55,18,0,2,56,3,57,5.57e-13,67.4,67.27
2jwu,8ARI_a,68.519,54,17,0,3,56,11,64,6.89e-13,69.3,70.37
2jwu,6LJI_A,67.273,55,18,0,2,56,2,56,8.43e-13,67.0,69.09
2jwu,WP_347094315.1,69.091,55,17,0,2,56,167,221,8.55e-13,72.4,72.73
2jwu,2MBB_A,68.519,54,17,0,3,56,3,56,9.15e-13,68.6,70.37
2jwu,2KN4_A,68.519,54,17,0,3,56,3,56,9.68e-13,69.7,70.37
2jwu,8UM9_A,68.519,54,17,0,3,56,3,56,1.05e-12,67.0,68.52
2jwu,6HPJ_B,68.519,54,17,0,3,56,3,56,1.09e-12,69.7,70.37
2jwu,GDZ89146.1,64.286,56,20,0,1,56,2,57,1.19e-12,69.3,71.43
2jwu,2I38_A,68.519,54,17,0,3,56,3,56,1.19e-12,69.3,70.37
2jwu,2I2Y_A,68.519,54,17,0,3,56,3,56,1.20e-12,69.3,70.37
2jwu,WP_347114957.1,69.091,55,17,0,2,56,303,357,1.28e-12,72.4,72.73
2jwu,2KHU_A,68.519,54,17,0,3,56,3,56,1.39e-12,67.8,70.37
2jwu,2NMQ_A,63.636,55,20,0,2,56,1,55,1.47e-12,66.6,70.91
2jwu,5BMH_A,66.667,54,18,0,3,56,3,56,1.53e-12,66.2,68.52
2jwu,6CHE_A,66.667,54,18,0,3,56,3,56,1.76e-12,66.2,68.52
2jwu,1IBX_B,68.519,54,17,0,3,56,3,56,1.78e-12,68.6,70.37
2jwu,4OZA_A,65.455,55,19,0,2,56,2,56,1.86e-12,66.2,67.27
2jwu,CAA37410.1,66.071,56,19,0,1,56,60,115,1.89e-12,69.3,71.43
2jwu,CAA37410.1,64.286,56,20,0,1,56,130,185,7.24e-12,67.8,71.43
2jwu,CAA37410.1,68.182,44,14,0,13,56,2,45,2.47e-07,56.2,70.45
2jwu,6CTE_A,66.667,54,18,0,3,56,3,56,2.03e-12,66.2,68.52
2jwu,EGL49398.1,69.091,55,17,0,2,56,19,73,2.08e-12,70.5,70.91
2jwu,EGL49398.1,64.286,56,20,0,1,56,88,143,9.41e-12,68.6,71.43
2jwu,WP_046159756.1,69.091,55,17,0,2,56,14,68,2.13e-12,70.5,70.91
2jwu,WP_046159756.1,64.286,56,20,0,1,56,83,138,9.50e-12,68.6,71.43
2jwu,6CNE_A,66.667,54,18,0,3,56,3,56,2.19e-12,65.9,68.52
2jwu,2J52_A,67.273,55,18,0,2,56,2,56,2.26e-12,65.9,69.09
2jwu,WP_415671399.1,69.091,55,17,0,2,56,29,83,2.36e-12,70.5,70.91
2jwu,WP_415671399.1,64.286,56,20,0,1,56,98,153,1.05e-11,68.6,71.43
2jwu,6CPZ_A,66.667,54,18,0,3,56,3,56,2.53e-12,65.9,68.52
2jwu,1PN5_A,68.519,54,17,0,3,56,3,56,2.72e-12,68.6,70.37
2jwu,WP_283310026.1,64.286,56,20,0,1,56,31,86,2.87e-12,68.9,71.43
2jwu,WP_142562694.1,69.091,55,17,0,2,56,32,86,2.98e-12,70.1,70.91
2jwu,WP_142562694.1,64.286,56,20,0,1,56,101,156,1.29e-11,68.6,71.43
2jwu,6NJF_A,61.818,55,21,0,2,56,10,64,3.03e-12,65.9,70.91
2jwu,WP_269760527.1,64.286,56,20,0,1,56,49,104,3.15e-12,69.3,71.43
2jwu,6RSS_A,66.667,54,18,0,3,56,6,59,3.23e-12,67.0,70.37
2jwu,WP_148852818.1,69.091,55,17,0,2,56,153,207,3.32e-12,70.5,70.91
2jwu,WP_049519270.1,69.091,55,17,0,2,56,46,100,3.41e-12,70.1,70.91
2jwu,WP_049519270.1,64.286,56,20,0,1,56,115,170,1.39e-11,68.6,71.43
2jwu,ABL60854.1,64.286,56,20,0,1,56,10,65,3.45e-12,68.6,71.43
2jwu,ABL60854.1,64.286,56,20,0,1,56,72,127,3.45e-12,68.6,71.43
2jwu,GDZ90808.1,64.286,56,20,0,1,56,42,97,3.78e-12,68.9,71.43
2jwu,ACF35719.1,64.286,56,20,0,1,56,7,62,3.81e-12,68.6,71.43
2jwu,ACF35719.1,64.286,56,20,0,1,56,69,124,3.81e-12,68.6,71.43
2jwu,WP_243091964.1,64.286,56,20,0,1,56,44,99,3.95e-12,68.9,71.43
2jwu,ACF35721.1,64.286,56,20,0,1,56,63,118,4.18e-12,68.6,71.43
2jwu,ACF35721.1,64.286,56,20,0,1,56,125,180,4.18e-12,68.6,71.43
2jwu,6NLA_A,65.455,55,19,0,2,56,2,56,4.19e-12,65.5,70.91
2jwu,5BMG_A,66.667,54,18,0,3,56,3,56,4.28e-12,65.5,68.52
2jwu,2KLK_A,66.667,54,18,0,3,56,3,56,4.33e-12,65.5,68.52
2jwu,WP_170078191.1,69.091,55,17,0,2,56,303,357,4.35e-12,70.9,70.91
2jwu,2CWB_A,66.667,54,18,0,3,56,9,62,4.38e-12,66.6,68.52
2jwu,2RPV_A,66.667,54,18,0,3,56,22,75,4.50e-12,65.9,68.52
2jwu,AHA62523.1,64.286,56,20,0,1,56,62,117,4.62e-12,68.2,71.43
2jwu,AHA62523.1,64.286,56,20,0,1,56,124,179,4.62e-12,68.2,71.43
2jwu,8UG0_A,65.455,55,19,0,2,56,2,56,4.72e-12,65.1,70.91
2jwu,WP_283265390.1,64.286,56,20,0,1,56,63,118,4.77e-12,68.9,71.43
2jwu,WP_283265390.1,69.444,36,11,0,21,56,13,48,3.59e-05,50.8,75.00
2jwu,WP_283271495.1,64.286,56,20,0,1,56,57,112,5.06e-12,68.9,71.43
2jwu,WP_283271495.1,69.444,36,11,0,21,56,7,42,3.48e-05,50.8,75.00
2jwu,1GB4_A,62.500,56,21,0,1,56,2,57,5.17e-12,65.1,69.64
2jwu,1P7E_A,62.963,54,20,0,3,56,3,56,5.27e-12,65.1,70.37
2jwu,ABL60859.1,64.286,56,20,0,1,56,73,128,5.33e-12,68.6,71.43
2jwu,ABL60859.1,64.286,56,20,0,1,56,135,190,5.33e-12,68.6,71.43
2jwu,EGR88151.1,69.091,55,17,0,2,56,202,256,5.42e-12,70.5,70.91
2jwu,EGR88151.1,64.286,56,20,0,1,56,271,326,2.15e-11,68.9,71.43
2jwu,WP_226323796.1,64.286,56,20,0,1,56,67,122,5.44e-12,68.9,71.43
2jwu,WP_226323796.1,53.846,52,24,0,5,56,1,52,2.26e-05,51.2,61.54
2jwu,WP_283270947.1,64.286,56,20,0,1,56,68,123,5.63e-12,68.9,71.43
2jwu,WP_283270947.1,54.717,53,24,0,4,56,1,53,5.78e-06,52.8,62.26
2jwu,CAM3333564.1,69.091,55,17,0,2,56,228,282,5.81e-12,70.5,70.91
2jwu,CAM3333564.1,64.286,56,20,0,1,56,297,352,2.20e-11,68.9,71.43
2jwu,6HKA_A,66.667,54,18,0,3,56,3,56,5.88e-12,66.2,68.52
2jwu,WP_371891713.1,69.091,55,17,0,2,56,294,348,5.98e-12,70.5,70.91
2jwu,WP_371891713.1,64.286,56,20,0,1,56,363,418,2.26e-11,68.6,71.43
2jwu,WP_111679084.1,69.091,55,17,0,2,56,228,282,5.99e-12,70.5,70.91
2jwu,WP_111679084.1,64.286,56,20,0,1,56,297,352,2.27e-11,68.6,71.43
2jwu,XHX16438.1,69.091,55,17,0,2,56,303,357,6.06e-12,70.5,70.91
2jwu,XHW08293.1,69.091,55,17,0,2,56,153,207,6.11e-12,70.1,70.91
2jwu,XHW08293.1,64.286,56,20,0,1,56,222,277,2.43e-11,68.6,71.43
2jwu,P06654.1,69.091,55,17,0,2,56,228,282,6.23e-12,70.5,70.91
2jwu,P06654.1,64.286,56,20,0,1,56,297,352,2.41e-11,68.6,71.43
3ltc,2P09_A,100.000,69,0,0,1,69,7,75,6.45e-43,144,100.00
3ltc,3DGO_A,98.551,69,1,0,1,69,7,75,1.52e-42,143,100.00
3ltc,3LT8_A,98.551,69,1,0,1,69,7,75,2.28e-42,142,100.00
3ltc,2P05_A,97.101,69,2,0,1,69,7,75,3.15e-41,140,98.55
3ltc,1UW1_A,97.101,69,2,0,1,69,7,75,3.81e-41,139,98.55
3ltc,AAK50879.1,97.101,69,2,0,1,69,5,73,5.07e-41,140,98.55
3ltc,AAK50878.1,82.258,62,11,0,7,68,11,72,2.16e-30,113,91.94
3ltc,2P0X_A,83.929,56,9,0,14,69,3,58,1.20e-28,107,92.86
3ltc,AAK50875.1,77.419,62,14,0,7,68,11,72,2.25e-27,105,87.10
3ltc,AAK55118.1,95.556,45,2,0,18,62,435,479,6.54e-24,104,97.78
3ltd,2P09_A,100.000,69,0,0,1,69,7,75,6.45e-43,144,100.00
3ltd,3DGO_A,98.551,69,1,0,1,69,7,75,1.52e-42,143,100.00
3ltd,3LT8_A,98.551,69,1,0,1,69,7,75,2.28e-42,142,100.00
3ltd,2P05_A,97.101,69,2,0,1,69,7,75,3.15e-41,140,98.55
3ltd,1UW1_A,97.101,69,2,0,1,69,7,75,3.81e-41,139,98.55
3ltd,AAK50879.1,97.101,69,2,0,1,69,5,73,5.07e-41,140,98.55
3ltd,AAK50878.1,82.258,62,11,0,7,68,11,72,2.16e-30,113,91.94
3ltd,2P0X_A,83.929,56,9,0,14,69,3,58,1.20e-28,107,92.86
3ltd,AAK50875.1,77.419,62,14,0,7,68,11,72,2.25e-27,105,87.10
3ltd,AAK55118.1,95.556,45,2,0,18,62,435,479,6.54e-24,104,97.78
3ltb,2P09_A,100.000,69,0,0,1,69,7,75,6.45e-43,144,100.00
3ltb,3DGO_A,98.551,69,1,0,1,69,7,75,1.52e-42,143,100.00
3ltb,3LT8_A,98.551,69,1,0,1,69,7,75,2.28e-42,142,100.00
3ltb,2P05_A,97.101,69,2,0,1,69,7,75,3.15e-41,140,98.55
3ltb,1UW1_A,97.101,69,2,0,1,69,7,75,3.81e-41,139,98.55
3ltb,AAK50879.1,97.101,69,2,0,1,69,5,73,5.07e-41,140,98.55
3ltb,AAK50878.1,82.258,62,11,0,7,68,11,72,2.16e-30,113,91.94
3ltb,2P0X_A,83.929,56,9,0,14,69,3,58,1.20e-28,107,92.86
3ltb,AAK50875.1,77.419,62,14,0,7,68,11,72,2.25e-27,105,87.10
3ltb,AAK55118.1,95.556,45,2,0,18,62,435,479,6.54e-24,104,97.78
3lta,3DGO_A,100.000,69,0,0,1,69,7,75,4.44e-43,144,100.00
3lta,2P09_A,98.551,69,1,0,1,69,7,75,1.36e-42,143,100.00
3lta,3LT8_A,97.101,69,2,0,1,69,7,75,4.76e-42,142,100.00
3lta,2P05_A,95.652,69,3,0,1,69,7,75,6.94e-41,139,98.55
3lta,1UW1_A,95.652,69,3,0,1,69,7,75,8.86e-41,139,98.55
3lta,AAK50879.1,95.652,69,3,0,1,69,5,73,1.06e-40,139,98.55
3lta,AAK50878.1,80.645,62,12,0,7,68,11,72,4.61e-30,112,91.94
3lta,2P0X_A,82.143,56,10,0,14,69,3,58,3.92e-28,106,92.86
3lta,AAK50875.1,75.806,62,15,0,7,68,11,72,5.07e-27,105,87.10
3lta,AAK55118.1,93.333,45,3,0,18,62,435,479,1.77e-23,103,97.78
8d06,8D06_A,100.000,64,0,0,1,64,5,68,1.40e-33,120,100.00
2kdl,2KDL_A,100.000,56,0,0,1,56,1,56,9.86e-29,107,100.00
2kdl,2LHC_A,98.214,56,1,0,1,56,1,56,3.77e-28,105,98.21
2kdl,2LHD_A,96.429,56,2,0,1,56,1,56,2.16e-27,103,96.43
2kdl,2JWS_A,96.429,56,2,0,1,56,1,56,7.90e-27,102,96.43
2kdl,2KDM_A,94.643,56,3,0,1,56,1,56,1.54e-26,101,94.64
2kdl,2LHG_A,94.643,56,3,0,1,56,1,56,1.80e-26,101,94.64
2kdl,2LHE_A,92.857,56,4,0,1,56,1,56,1.27e-25,99.4,92.86
2kdl,2JWU_A,91.071,56,5,0,1,56,1,56,5.99e-25,97.8,91.07
2kdl,6NL8_A,60.000,55,22,0,2,56,2,56,2.16e-09,58.5,63.64
2kdl,2N9K_A,60.000,55,22,0,2,56,3,57,2.87e-09,58.2,61.82
2kdl,6O41_M,57.143,56,24,0,1,56,6,61,2.92e-09,58.5,64.29
2kdl,7DA8_A,61.111,54,21,0,3,56,3,56,3.03e-09,58.2,62.96
2kdl,1FCC_C,57.143,56,24,0,1,56,1,56,3.24e-09,58.2,62.50
2kdl,1GB1_A,60.000,55,22,0,2,56,2,56,3.24e-09,58.2,61.82
2kdl,3MP9_A,60.000,55,22,0,2,56,10,64,3.43e-09,58.2,61.82
2kdl,2IGG_A,57.143,56,24,0,1,56,6,61,4.00e-09,58.2,62.50
2kdl,6WFW_G,57.143,56,24,0,1,56,4,59,4.05e-09,57.8,64.29
2kdl,9CHT_B,60.000,55,22,0,2,56,13,67,4.43e-09,62.4,61.82
2kdl,1IGC_A,57.143,56,24,0,1,56,6,61,4.48e-09,57.8,64.29
2kdl,AAB27024.1,57.143,56,24,0,1,56,2,57,4.53e-09,57.8,64.29
2kdl,2ZW0_A,60.000,55,22,0,2,56,3,57,4.66e-09,57.8,61.82
2kdl,6W00_G,57.143,56,24,0,1,56,3,58,4.87e-09,57.8,64.29
2kdl,2IGH_A,57.143,56,24,0,1,56,6,61,5.17e-09,57.8,64.29
2kdl,1PGX_A,57.143,56,24,0,1,56,14,69,7.21e-09,57.8,64.29
2kdl,6L9D_A,58.182,55,23,0,2,56,2,56,8.60e-09,57.0,60.00
2kdl,6C9O_A,59.259,54,22,0,3,56,3,56,9.18e-09,57.0,61.11
2kdl,8WCJ_A,55.556,54,24,0,3,56,3,56,1.01e-08,56.6,64.81
2kdl,2GI9_A,59.259,54,22,0,3,56,3,56,1.23e-08,56.6,61.11
2kdl,7QTR_A,59.259,54,22,0,3,56,4,57,1.31e-08,56.6,61.11
2kdl,UPX83547.1,59.259,54,22,0,3,56,2,55,1.32e-08,56.6,61.11
2kdl,1FD6_A,55.357,56,25,0,1,56,2,57,1.39e-08,56.6,62.50
2kdl,XHW18005.1,61.818,55,21,0,2,56,303,357,1.40e-08,60.8,63.64
2kdl,2KBT_A,60.000,55,22,0,2,56,78,132,1.50e-08,58.5,61.82
2kdl,6L9B_A,58.182,55,23,0,2,56,2,56,1.50e-08,56.2,60.00
2kdl,2PLP_A,59.259,54,22,0,2,55,1,54,1.52e-08,56.2,61.11
2kdl,6L91_A,58.182,55,23,0,2,56,2,56,1.61e-08,56.2,60.00
2kdl,2NMQ_A,56.364,55,24,0,2,56,1,55,1.79e-08,56.2,63.64
2kdl,4OZA_A,58.182,55,23,0,2,56,2,56,1.88e-08,56.2,60.00
2kdl,1QKZ_A,55.357,56,25,0,1,56,6,61,1.98e-08,56.2,62.50
2kdl,1UWX_A,55.357,56,25,0,1,56,5,60,2.02e-08,56.2,62.50
2kdl,GDZ89146.1,57.143,56,24,0,1,56,2,57,2.31e-08,58.2,64.29
2kdl,WP_218661144.1,60.000,55,22,0,2,56,39,93,2.92e-08,59.7,63.64
2kdl,WP_218661144.1,51.786,56,27,0,1,56,178,233,9.71e-05,50.1,58.93
2kdl,WP_218661144.1,48.214,56,29,0,1,56,108,163,0.001,46.6,55.36
2kdl,MSU86949.1,60.000,55,22,0,2,56,57,111,3.08e-08,59.7,63.64
2kdl,MSU86949.1,57.143,56,24,0,1,56,266,321,1.85e-07,57.8,64.29
2kdl,MSU86949.1,50.000,56,28,0,1,56,126,181,1.15e-04,49.7,57.14
2kdl,MSU86949.1,50.000,56,28,0,1,56,196,251,1.82e-04,49.3,57.14
2kdl,6LJI_A,58.182,55,23,0,2,56,2,56,3.14e-08,55.5,60.00
2kdl,WP_347094315.1,60.000,55,22,0,2,56,167,221,3.50e-08,59.7,63.64
2kdl,QGH02325.1,60.000,55,22,0,2,56,300,354,3.54e-08,59.7,63.64
2kdl,QGH02325.1,57.143,56,24,0,1,56,509,564,1.96e-07,57.4,64.29
2kdl,QGH02325.1,50.000,56,28,0,1,56,369,424,1.93e-04,48.9,57.14
2kdl,QGH02325.1,50.000,56,28,0,1,56,439,494,2.01e-04,48.9,57.14
2kdl,2KN4_A,59.259,54,22,0,3,56,3,56,3.79e-08,57.8,61.11
2kdl,WP_347114957.1,60.000,55,22,0,2,56,303,357,3.84e-08,59.7,63.64
2kdl,WP_170078191.1,61.818,55,21,0,2,56,303,357,3.92e-08,59.7,63.64
2kdl,WP_343233279.1,60.000,55,22,0,2,56,218,272,3.97e-08,59.7,63.64
2kdl,WP_343233279.1,57.143,56,24,0,1,56,427,482,2.07e-07,57.4,64.29
2kdl,WP_343233279.1,50.000,56,28,0,1,56,357,412,2.19e-04,48.9,57.14
2kdl,WP_343233279.1,50.000,56,28,0,1,56,287,342,2.23e-04,48.9,57.14
2kdl,8ARI_a,59.259,54,22,0,3,56,11,64,3.97e-08,57.0,61.11
2kdl,ABL60854.1,57.143,56,24,0,1,56,10,65,4.36e-08,57.8,64.29
2kdl,ABL60854.1,57.143,56,24,0,1,56,72,127,4.36e-08,57.8,64.29
2kdl,5UB0_A,54.545,55,25,0,2,56,2,56,4.46e-08,55.1,63.64
2kdl,WP_343233270.1,60.000,55,22,0,2,56,224,278,4.47e-08,59.3,63.64
2kdl,WP_343233270.1,57.143,56,24,0,1,56,433,488,2.29e-07,57.4,64.29
2kdl,WP_343233270.1,50.000,56,28,0,1,56,363,418,2.41e-04,48.9,57.14
2kdl,WP_343233270.1,50.000,56,28,0,1,56,293,348,2.46e-04,48.9,57.14
2kdl,2I38_A,59.259,54,22,0,3,56,3,56,4.49e-08,57.4,61.11
2kdl,6HPJ_B,59.259,54,22,0,3,56,3,56,4.53e-08,57.8,61.11
2kdl,ACF35721.1,57.143,56,24,0,1,56,63,118,4.58e-08,57.8,64.29
2kdl,ACF35721.1,57.143,56,24,0,1,56,125,180,4.58e-08,57.8,64.29
2kdl,WP_283310026.1,57.143,56,24,0,1,56,31,86,4.65e-08,58.2,64.29
2kdl,AHA62523.1,57.143,56,24,0,1,56,62,117,4.71e-08,57.8,64.29
2kdl,AHA62523.1,57.143,56,24,0,1,56,124,179,4.71e-08,57.8,64.29
2kdl,ACF35719.1,57.143,56,24,0,1,56,7,62,4.77e-08,57.8,64.29
2kdl,ACF35719.1,57.143,56,24,0,1,56,69,124,4.77e-08,57.8,64.29
2kdl,CAA37410.1,57.143,56,24,0,1,56,60,115,4.82e-08,58.2,62.50
2kdl,CAA37410.1,57.143,56,24,0,1,56,130,185,6.97e-08,57.4,64.29
2kdl,CAA37410.1,56.818,44,19,0,13,56,2,45,0.004,45.1,59.09
2kdl,GDZ90808.1,57.143,56,24,0,1,56,42,97,4.89e-08,58.2,64.29
2kdl,WP_243091964.1,57.143,56,24,0,1,56,44,99,4.91e-08,58.2,64.29
2kdl,2KHU_A,59.259,54,22,0,3,56,3,56,4.98e-08,56.2,61.11
2kdl,2MBB_A,59.259,54,22,0,3,56,3,56,5.09e-08,56.2,61.11
2kdl,2I2Y_A,59.259,54,22,0,3,56,3,56,5.33e-08,57.4,61.11
2kdl,5BMH_A,57.407,54,23,0,3,56,3,56,5.43e-08,55.1,59.26
2kdl,WP_283265390.1,57.143,56,24,0,1,56,63,118,5.72e-08,58.2,64.29
2kdl,6CTE_A,57.407,54,23,0,3,56,3,56,6.19e-08,54.7,59.26
2kdl,ABL60859.1,57.143,56,24,0,1,56,73,128,6.24e-08,57.8,64.29
2kdl,ABL60859.1,57.143,56,24,0,1,56,135,190,6.24e-08,57.8,64.29
2kdl,6CHE_A,57.407,54,23,0,3,56,3,56,6.26e-08,54.7,59.26
2kdl,WP_283271495.1,57.143,56,24,0,1,56,57,112,6.61e-08,58.2,64.29
2kdl,1P7E_A,55.556,54,24,0,3,56,3,56,6.84e-08,54.7,62.96
2kdl,WP_226323796.1,57.143,56,24,0,1,56,67,122,6.96e-08,58.2,64.29
2kdl,WP_283270947.1,57.143,56,24,0,1,56,68,123,7.03e-08,58.2,64.29
2kdl,WP_283270947.1,47.170,53,28,0,4,56,1,53,0.044,42.4,54.72
2kdl,6CNE_A,57.407,54,23,0,3,56,3,56,7.14e-08,54.7,59.26
2kdl,1IBX_B,59.259,54,22,0,3,56,3,56,7.16e-08,56.6,61.11
2kdl,6RSS_A,57.407,54,23,0,3,56,6,59,7.29e-08,55.8,61.11
2kdl,6CPZ_A,57.407,54,23,0,3,56,3,56,7.30e-08,54.7,59.26
2kdl,WP_046159756.1,60.000,55,22,0,2,56,14,68,7.48e-08,58.2,61.82
2kdl,WP_046159756.1,57.143,56,24,0,1,56,83,138,1.21e-07,57.8,64.29
2kdl,WP_283271334.1,57.143,56,24,0,1,56,69,124,7.63e-08,58.2,64.29
2kdl,WP_283271334.1,48.148,54,28,0,3,56,1,54,0.004,45.1,55.56
2kdl,EGL49398.1,60.000,55,22,0,2,56,19,73,7.71e-08,58.2,61.82
2kdl,EGL49398.1,57.143,56,24,0,1,56,88,143,1.26e-07,57.4,64.29
2kdl,2J52_A,58.182,55,23,0,2,56,2,56,8.06e-08,54.7,60.00
2kdl,WP_283264262.1,57.143,56,24,0,1,56,77,132,8.47e-08,57.8,64.29
2kdl,WP_283264262.1,50.000,56,28,0,1,56,7,62,3.82e-04,48.1,57.14
2kdl,WP_283309386.1,57.143,56,24,0,1,56,98,153,8.80e-08,58.2,64.29
2kdl,WP_283309386.1,50.000,56,28,0,1,56,28,83,3.80e-04,48.1,57.14
2kdl,WP_415671399.1,60.000,55,22,0,2,56,29,83,8.94e-08,58.2,61.82
2kdl,WP_415671399.1,57.143,56,24,0,1,56,98,153,1.45e-07,57.4,64.29
2kdl,WP_142562694.1,60.000,55,22,0,2,56,32,86,8.95e-08,58.2,61.82
2kdl,WP_142562694.1,57.143,56,24,0,1,56,101,156,1.42e-07,57.4,64.29
2kdl,WEQ72078.1,57.143,56,24,0,1,56,568,623,9.06e-08,58.5,64.29
2kdl,WEQ72078.1,57.143,56,24,0,1,56,630,685,9.06e-08,58.5,64.29
2kdl,WP_218661882.1,57.143,56,24,0,1,56,58,113,9.11e-08,57.8,64.29
2kdl,1Q10_A,55.556,54,24,0,3,56,3,56,9.29e-08,54.3,61.11
2kdl,WEQ72081.1,57.143,56,24,0,1,56,573,628,9.51e-08,58.5,64.29
2kdl,WEQ72081.1,57.143,56,24,0,1,56,635,690,9.51e-08,58.5,64.29
2kdl,WP_049519270.1,60.000,55,22,0,2,56,46,100,9.77e-08,58.2,61.82
2kdl,WP_049519270.1,57.143,56,24,0,1,56,115,170,1.51e-07,57.4,64.29
2kdl,WP_269760527.1,55.357,56,25,0,1,56,49,104,9.98e-08,57.4,62.50
2kdl,WEQ72082.1,57.143,56,24,0,1,56,568,623,1.03e-07,58.5,64.29
2kdl,WEQ72082.1,57.143,56,24,0,1,56,630,685,1.03e-07,58.5,64.29
2kdl,6NLA_A,58.182,55,23,0,2,56,2,56,1.05e-07,54.3,61.82
2kdl,WEQ72079.1,57.143,56,24,0,1,56,572,627,1.07e-07,58.2,64.29
2kdl,WEQ72079.1,57.143,56,24,0,1,56,634,689,1.07e-07,58.2,64.29
2kdl,8UG0_A,58.182,55,23,0,2,56,2,56,1.07e-07,54.3,61.82
2kdl,1EM7_A,57.143,56,24,0,1,56,1,56,1.07e-07,54.3,60.71
2kdl,2KLK_A,57.407,54,23,0,3,56,3,56,1.08e-07,54.3,59.26
2kdl,WP_148852818.1,60.000,55,22,0,2,56,153,207,1.11e-07,58.2,61.82
3lt8,3LT8_A,100.000,69,0,0,1,69,7,75,4.49e-43,144,100.00
3lt8,2P09_A,98.551,69,1,0,1,69,7,75,2.23e-42,142,100.00
3lt8,3DGO_A,97.101,69,2,0,1,69,7,75,5.19e-42,142,100.00
3lt8,2P05_A,98.551,69,1,0,1,69,7,75,6.40e-42,141,98.55
3lt8,1UW1_A,98.551,69,1,0,1,69,7,75,7.01e-42,141,98.55
3lt8,AAK50879.1,98.551,69,1,0,1,69,5,73,1.07e-41,142,98.55
3lt8,AAK50878.1,80.645,62,12,0,7,68,11,72,1.05e-29,112,91.94
3lt8,2P0X_A,82.143,56,10,0,14,69,3,58,5.95e-28,106,92.86
3lt8,AAK50875.1,75.806,62,15,0,7,68,11,72,1.02e-26,104,87.10
3lt8,AAK55118.1,97.778,45,1,0,18,62,435,479,1.28e-24,106,97.78
3lt9,3LT8_A,100.000,69,0,0,1,69,7,75,4.49e-43,144,100.00
3lt9,2P09_A,98.551,69,1,0,1,69,7,75,2.23e-42,142,100.00
3lt9,3DGO_A,97.101,69,2,0,1,69,7,75,5.19e-42,142,100.00
3lt9,2P05_A,98.551,69,1,0,1,69,7,75,6.40e-42,141,98.55
3lt9,1UW1_A,98.551,69,1,0,1,69,7,75,7.01e-42,141,98.55
3lt9,AAK50879.1,98.551,69,1,0,1,69,5,73,1.07e-41,142,98.55
3lt9,AAK50878.1,80.645,62,12,0,7,68,11,72,1.05e-29,112,91.94
3lt9,2P0X_A,82.143,56,10,0,14,69,3,58,5.95e-28,106,92.86
3lt9,AAK50875.1,75.806,62,15,0,7,68,11,72,1.02e-26,104,87.10
3lt9,AAK55118.1,97.778,45,1,0,18,62,435,479,1.28e-24,106,97.78
1uw1,2P05_A,100.000,67,0,0,1,67,9,75,1.01e-41,141,100.00
1uw1,1UW1_A,100.000,67,0,0,1,67,9,75,1.20e-41,140,100.00
1uw1,AAK50879.1,100.000,67,0,0,1,67,7,73,2.09e-41,141,100.00
1uw1,3LT8_A,98.507,67,1,0,1,67,9,75,1.64e-40,138,98.51
1uw1,2P09_A,97.015,67,2,0,1,67,9,75,7.14e-40,136,98.51
1uw1,3DGO_A,95.522,67,3,0,1,67,9,75,1.70e-39,135,98.51
1uw1,AAK50878.1,82.258,62,11,0,5,66,11,72,5.83e-31,115,93.55
1uw1,AAK50875.1,77.419,62,14,0,5,66,11,72,5.38e-28,107,88.71
1uw1,2P0X_A,80.357,56,11,0,12,67,3,58,5.93e-27,103,91.07
1uw1,AAK55118.1,100.000,45,0,0,16,60,435,479,5.24e-26,110,100.00
6qb2,6QB2_A,86.364,110,0,1,1,95,4,113,7.14e-58,184,86.36
6qb2,NP_005204.1,81.188,101,3,2,2,93,5,98,3.99e-46,154,83.17
6qb2,XP_004036218.1,80.198,101,4,2,2,93,5,98,5.93e-46,153,83.17
6qb2,8GT7_B,80.198,101,4,2,2,93,5,98,8.89e-46,153,83.17
6qb2,1CYU_A,80.198,101,4,2,2,93,5,98,1.56e-45,152,83.17
6qb2,KAI2531117.1,80.198,101,4,2,2,93,5,98,2.24e-45,152,82.18
6qb2,XP_003825238.2,80.198,101,4,2,2,93,5,98,3.47e-45,151,82.18
6qb2,1GD4_A,79.208,101,5,2,2,93,5,98,2.79e-44,149,82.18
6qb2,XP_003275568.1,76.238,101,8,2,2,93,5,98,1.73e-42,145,80.20
6qb2,XP_002813269.1,77.228,101,7,2,2,93,5,98,3.02e-42,144,79.21
6qb2,XP_032005920.1,75.248,101,9,2,2,93,5,98,3.84e-42,144,80.20
6qb2,NP_001245071.1,74.257,101,10,2,2,93,5,98,3.98e-41,141,79.21
6qb2,XP_007983804.1,73.267,101,11,2,2,93,5,98,2.48e-40,139,79.21
6qb2,XP_011806207.1,73.267,101,11,2,2,93,5,98,4.39e-40,139,78.22
6qb2,XP_003941698.1,73.267,101,11,2,2,93,5,98,4.85e-40,139,79.21
6qb2,XP_010368833.1,73.267,101,11,2,2,93,5,98,7.20e-40,138,78.22
6qb2,XP_002758786.1,72.277,101,12,2,2,93,5,98,7.94e-40,138,80.20
6qb2,KAL4678090.1,73.267,101,11,2,2,93,37,130,9.33e-40,139,78.22
6qb2,XP_033066929.1,72.277,101,12,2,2,93,5,98,1.58e-39,137,78.22
6qb2,XP_021529657.2,71.287,101,13,2,2,93,5,98,2.00e-39,137,79.21
6qb2,XP_017363660.1,72.277,101,12,2,2,93,5,98,4.85e-39,136,78.22
6qb2,XP_032123590.1,71.287,101,13,2,2,93,5,98,8.97e-38,133,77.23
6qb2,XP_032262041.1,65.347,101,19,2,2,93,5,98,8.22e-36,128,76.24
6qb2,XP_008706392.2,65.347,101,19,2,2,93,5,98,1.45e-35,127,75.25
6qb2,XP_025331280.1,64.356,101,20,2,2,93,5,98,3.10e-35,126,75.25
6qb2,XP_006743277.1,64.356,101,20,2,2,93,5,98,3.69e-35,126,75.25
6qb2,XP_035949583.1,64.356,101,20,2,2,93,5,98,4.80e-35,126,75.25
6qb2,XP_021548149.1,63.366,101,21,2,2,93,5,98,1.32e-34,125,75.25
6qb2,XP_012496284.1,63.366,101,21,2,2,93,5,98,1.45e-34,125,75.25
6qb2,XP_006215810.1,64.356,101,20,2,2,93,5,98,1.60e-34,124,73.27
6qb2,XP_059982594.1,62.376,101,22,2,2,93,5,98,1.75e-34,124,76.24
6qb2,XP_006189925.1,64.356,101,20,2,2,93,5,98,1.95e-34,124,73.27
6qb2,XP_047420715.1,63.366,101,21,2,2,93,5,98,2.04e-34,124,75.25
6qb2,XP_007098380.1,63.366,101,21,2,2,93,5,98,2.20e-34,124,75.25
6qb2,XP_004745526.1,63.366,101,21,2,2,93,5,98,2.38e-34,124,74.26
6qb2,XP_044111098.1,63.366,101,21,2,2,93,5,98,2.38e-34,124,74.26
6qb2,XP_054430944.1,63.366,101,21,2,2,93,5,98,2.84e-34,124,74.26
6qb2,XP_014937748.1,63.366,101,21,2,2,93,5,98,2.93e-34,124,75.25
6qb2,XP_004392007.1,63.366,101,21,2,2,93,5,98,3.06e-34,124,74.26
6qb2,XP_027966512.1,63.366,101,21,2,2,93,63,156,3.13e-34,125,74.26
6qb2,MBZ3886440.1,63.366,101,21,2,2,93,36,129,3.24e-34,125,75.25
6qb2,XP_028360982.1,63.366,101,21,2,2,93,5,98,3.45e-34,124,74.26
6qb2,XP_033281535.1,62.376,101,22,2,2,93,5,98,3.45e-34,124,75.25
6qb2,XP_024433641.1,63.366,101,21,2,2,93,5,98,3.61e-34,124,74.26
6qb2,XP_053519101.1,62.376,101,22,2,2,93,5,98,3.73e-34,124,74.26
6qb2,EPY77294.1,64.356,101,20,2,2,93,52,145,3.91e-34,125,73.27
6qb2,XP_045858952.1,62.376,101,22,2,2,93,5,98,5.35e-34,123,74.26
6qb2,XP_036099556.1,63.366,101,21,2,2,93,5,98,5.41e-34,123,74.26
6qb2,XP_027791980.1,65.347,101,19,2,2,93,5,98,5.59e-34,123,75.25
6qb2,XP_046513630.1,62.376,101,22,2,2,93,9,102,5.64e-34,123,74.26
6qb2,XP_008585101.1,63.366,101,21,2,2,93,5,98,5.66e-34,123,76.24
6qb2,XP_002927271.4,63.366,101,21,2,2,93,5,98,6.31e-34,123,74.26
6qb2,XP_005893485.1,61.386,101,23,2,2,93,5,98,6.52e-34,123,74.26
6qb2,ELR58034.1,61.386,101,23,2,2,93,11,104,7.30e-34,123,74.26
6qb2,NP_001161296.1,61.386,101,23,2,2,93,5,98,7.60e-34,123,74.26
6qb2,XP_003363423.1,62.376,101,22,2,2,93,9,102,8.47e-34,123,74.26
6qb2,XP_008514424.2,62.376,101,22,2,2,93,40,133,8.66e-34,124,74.26
6qb2,XP_011369235.1,62.376,101,22,2,2,93,39,132,1.04e-33,124,74.26
6qb2,XP_024625077.1,62.376,101,22,2,2,93,5,98,1.17e-33,122,74.26
6qb2,XP_006905620.1,62.376,101,22,2,2,93,5,98,1.34e-33,122,73.27
6qb2,XP_006073497.1,61.386,101,23,2,2,93,5,98,1.45e-33,122,73.27
6qb2,XP_026251966.1,64.356,101,20,2,2,93,5,98,1.52e-33,122,75.25
6qb2,KAK1343948.1,61.386,101,23,2,2,93,21,114,1.77e-33,122,75.25
6qb2,XP_008144887.2,61.386,101,23,2,2,93,49,142,1.95e-33,123,75.25
6qb2,XP_059955916.1,62.376,101,22,2,2,93,5,98,2.25e-33,122,73.27
6qb2,XP_004278607.1,61.386,101,23,2,2,93,5,98,2.38e-33,122,74.26
6qb2,XP_007449770.1,61.386,101,23,2,2,93,5,98,2.48e-33,122,75.25
6qb2,XP_032725425.1,61.386,101,23,2,2,93,5,98,2.60e-33,121,73.27
6qb2,XP_055274495.1,61.386,101,23,2,2,93,5,98,2.74e-33,121,73.27
6qb2,XP_036302461.1,61.386,101,23,2,2,93,5,98,2.83e-33,121,74.26
6qb2,XP_047591272.1,62.376,101,22,2,2,93,5,98,2.93e-33,121,73.27
6qb2,KAF4020806.1,61.386,101,23,2,2,93,10,103,3.79e-33,121,73.27
6qb2,XP_062932360.1,61.386,101,23,2,2,93,5,98,4.74e-33,121,76.24
6qb2,XP_020763792.1,61.386,101,23,2,2,93,5,98,4.96e-33,121,73.27
6qb2,XP_039096607.1,62.376,101,22,2,2,93,5,98,5.12e-33,121,74.26
6qb2,XP_036907439.1,61.386,101,23,2,2,93,5,98,5.29e-33,120,73.27
6qb2,XP_004003021.1,61.386,101,23,2,2,93,5,98,5.35e-33,120,73.27
6qb2,XP_019778427.1,61.386,101,23,2,2,93,5,98,5.41e-33,120,74.26
6qb2,XP_060005298.1,60.396,101,24,2,2,93,5,98,5.59e-33,120,74.26
6qb2,CAI9175703.1,61.386,101,23,2,2,93,5,98,5.59e-33,120,73.27
6qb2,NP_001009864.1,62.376,101,22,2,2,93,5,98,5.78e-33,120,74.26
6qb2,XP_032486705.1,61.386,101,23,2,2,93,5,98,7.12e-33,120,73.27
6qb2,XP_012635955.1,64.356,101,20,2,2,93,27,120,7.23e-33,121,72.28
6qb2,XP_015342358.1,64.356,101,20,2,2,93,5,98,7.35e-33,120,74.26
6qb2,XP_016003573.2,61.386,101,23,2,2,93,5,98,8.03e-33,120,74.26
6qb2,XP_045358202.1,62.376,101,22,2,2,93,5,98,1.06e-32,120,74.26
6qb2,XP_040106472.1,61.386,101,23,2,2,93,5,98,1.07e-32,120,72.28
6qb2,XP_061049142.1,61.386,101,23,2,2,93,5,98,1.14e-32,120,73.27
6qb2,XP_068830858.1,61.386,101,23,2,2,93,5,98,1.24e-32,120,73.27
6qb2,XP_022370925.1,61.386,101,23,2,2,93,5,98,1.43e-32,120,72.28
6qb2,XP_014685097.3,61.386,101,23,2,2,93,8,101,1.83e-32,119,73.27
6qb2,XP_049730576.1,61.386,101,23,2,2,93,5,98,2.59e-32,119,72.28
6qb2,XP_006755392.1,59.406,101,25,2,2,93,5,98,2.62e-32,119,74.26
6qb2,XP_022422742.1,59.406,101,25,2,2,93,5,98,2.74e-32,119,74.26
6qb2,XP_029070102.1,59.406,101,25,2,2,93,5,98,2.74e-32,119,74.26
6qb2,XP_010591221.1,61.386,101,23,2,2,93,5,98,2.99e-32,119,72.28
6qb2,XP_005327718.1,62.376,101,22,2,2,93,5,98,4.06e-32,119,74.26
6qb2,XP_070259676.1,59.406,101,25,2,2,93,5,98,4.39e-32,118,73.27
6qb2,KAG5215841.1,61.386,101,23,2,2,93,107,200,4.40e-32,122,73.27
6qb2,XP_007942096.1,57.426,101,27,2,2,93,5,98,4.49e-32,118,75.25
6nyi,6NYI_A,98.980,98,0,1,1,97,1,98,8.28e-56,178,98.98
6nyi,6NZ1_A,96.939,98,2,1,1,97,1,98,5.79e-54,174,96.94
6nyi,6O0I_A,95.918,98,3,1,1,97,1,98,1.28e-52,170,95.92
6nyi,6NX2_A,92.857,98,6,1,1,97,1,98,7.69e-50,163,92.86
6nyi,6NZ3_A,92.857,98,4,2,1,97,1,96,2.51e-48,159,92.86
6nyi,6NYK_A,91.837,98,7,1,1,97,1,98,5.87e-48,159,92.86
6nyi,6NYE_A,91.837,98,7,1,1,97,1,98,1.56e-47,157,92.86
6nyi,6NXM_A,91.837,98,5,2,1,97,1,96,3.65e-47,156,91.84
6nyi,6O0C_A,90.816,98,6,2,1,97,1,96,1.87e-46,155,91.84
6nyi,8UB3_4,41.935,93,40,3,5,93,17,99,0.007,46.2,54.84
6nyi,8UB3_4,41.237,97,41,4,5,85,92,188,0.020,45.1,56.70
6nyi,6MSQ_A,44.776,67,30,1,5,71,16,75,0.009,43.9,58.21
6nyi,8GLT_0,46.269,67,29,1,5,71,279,338,0.012,45.8,59.70
6o35,6O35_A,100.000,101,0,0,1,101,2,102,1.41e-58,186,100.00
6o35,6M6Z_A,79.762,84,17,0,2,85,1,84,3.20e-27,109,80.95
6o35,6M6Z_A,79.518,83,17,0,3,85,106,188,1.40e-26,108,80.72
6o35,6U1S_A,80.000,95,19,0,6,100,216,310,2.71e-23,102,82.11
6h5h,6H5H_A,100.000,71,0,0,1,71,31,101,1.08e-41,142,100.00
6h5h,KAF6428283.1,62.667,75,21,2,1,71,9,80,7.13e-19,84.7,70.67
6h5h,1BNO_A,65.278,72,24,1,1,71,9,80,1.16e-18,83.6,70.83
6h5h,1DK2_A,65.278,72,24,1,1,71,8,79,1.26e-18,83.2,70.83
6h5h,AAH06681.1,65.278,72,24,1,1,71,9,80,1.44e-18,84.0,70.83
6h5h,KAF6376635.1,62.667,75,21,2,1,71,9,80,2.07e-18,84.3,70.67
6h5h,KAI2549836.1,65.278,72,24,1,1,71,9,80,7.53e-18,84.3,70.83
6h5h,XP_032269215.1,62.667,75,21,2,1,71,9,80,1.29e-17,85.5,70.67
6h5h,XP_030895523.1,62.667,75,21,2,1,71,9,80,1.34e-17,85.5,70.67
6h5h,XP_025741971.1,62.667,75,21,2,1,71,9,80,1.45e-17,85.5,70.67
6h5h,AFI72772.1,65.278,72,24,1,1,71,9,80,1.60e-17,84.3,70.83
6h5h,XP_025133395.1,62.667,75,21,2,1,71,9,80,1.69e-17,84.7,70.67
6h5h,KAF6084720.1,61.333,75,22,2,1,71,9,80,1.71e-17,81.3,69.33
6h5h,OWK00371.1,62.667,75,21,2,1,71,9,80,1.96e-17,84.7,70.67
6h5h,XP_029415074.1,65.278,72,24,1,1,71,9,80,2.33e-17,84.0,70.83
6h5h,XP_068826013.1,65.278,72,24,1,1,71,9,80,2.42e-17,85.1,70.83
6h5h,XP_055972749.1,66.667,72,23,1,1,71,9,80,2.74e-17,85.5,72.22
6h5h,XP_004606896.1,66.667,72,23,1,1,71,9,80,2.77e-17,85.1,72.22
6h5h,PNJ34646.1,65.278,72,24,1,1,71,9,80,3.10e-17,84.3,70.83
6h5h,KAI2549835.1,65.278,72,24,1,1,71,9,80,3.30e-17,84.3,70.83
6h5h,XP_054355728.1,65.278,72,24,1,1,71,9,80,3.44e-17,84.3,70.83
6h5h,XP_018887758.1,65.278,72,24,1,1,71,9,80,3.47e-17,84.3,70.83
6h5h,XP_068826014.1,62.667,75,21,2,1,71,9,80,3.62e-17,84.7,70.67
6h5h,XP_054355727.1,65.278,72,24,1,1,71,9,80,3.67e-17,84.3,70.83
6h5h,XP_030673053.1,65.278,72,24,1,1,71,9,80,3.74e-17,84.3,70.83
6h5h,XP_025741972.1,62.667,75,21,2,1,71,9,80,3.88e-17,84.0,70.67
6h5h,XP_014960121.2,62.667,75,21,2,1,71,9,80,3.92e-17,84.0,70.67
6h5h,XP_005226180.1,62.667,75,21,2,1,71,9,80,3.96e-17,84.0,70.67
6h5h,XP_021537215.1,62.667,75,21,2,1,71,9,80,4.00e-17,84.0,70.67
6h5h,XP_052517285.1,62.667,75,21,2,1,71,9,80,4.17e-17,84.0,70.67
6h5h,XP_039091583.1,62.667,75,21,2,1,71,9,80,4.17e-17,84.0,70.67
6h5h,XP_024434673.1,62.667,75,21,2,1,71,9,80,4.22e-17,84.0,70.67
6h5h,XP_006075772.2,62.667,75,21,2,1,71,9,80,4.22e-17,84.0,70.67
6h5h,XP_036154320.1,62.667,75,21,2,1,71,9,80,4.40e-17,84.0,70.67
6h5h,XP_019777004.1,62.667,75,21,2,1,71,9,80,4.44e-17,84.0,70.67
6h5h,XP_059541277.1,62.667,75,21,2,1,71,9,80,4.49e-17,84.3,70.67
6h5h,XP_066878565.1,62.667,75,21,2,1,71,9,80,4.81e-17,84.0,70.67
6h5h,XP_029792406.1,65.278,72,24,1,1,71,9,80,4.83e-17,84.7,70.83
6h5h,XP_054937128.1,62.667,75,21,2,1,71,9,80,4.84e-17,84.3,70.67
6h5h,XP_060237445.1,63.889,72,25,1,1,71,9,80,5.07e-17,82.4,70.83
6h5h,XP_063095990.1,65.278,72,24,1,1,71,9,80,5.15e-17,83.6,70.83
6h5h,XP_017520277.1,62.667,75,21,2,1,71,9,80,5.41e-17,84.3,70.67
6h5h,XP_023616572.1,62.667,75,21,2,1,71,9,80,5.43e-17,84.3,70.67
6h5h,XP_009242037.1,65.278,72,24,1,1,71,9,80,5.43e-17,84.3,70.83
6h5h,XP_036733380.1,62.667,75,21,2,1,71,9,80,5.64e-17,84.3,70.67
6h5h,XP_005273594.1,65.278,72,24,1,1,71,9,80,5.66e-17,84.0,70.83
6h5h,XP_054972489.1,65.278,72,24,1,1,71,9,80,5.70e-17,84.3,70.83
6h5h,XP_036154315.1,62.667,75,21,2,1,71,9,80,5.71e-17,84.3,70.67
6h5h,XP_043310635.1,62.667,75,21,2,1,71,9,80,6.02e-17,84.3,70.67
6h5h,XP_060990462.1,62.667,75,21,2,1,71,9,80,6.05e-17,84.3,70.67
6h5h,XP_009242036.1,65.278,72,24,1,1,71,9,80,6.06e-17,84.0,70.83
6h5h,XP_020035035.1,65.278,72,24,1,1,71,9,80,6.07e-17,84.0,70.83
6h5h,XP_016814911.1,65.278,72,24,1,1,71,9,80,6.13e-17,84.3,70.83
6h5h,XP_020035036.1,65.278,72,24,1,1,71,9,80,6.17e-17,84.0,70.83
6h5h,KAF4026226.1,62.667,75,21,2,1,71,9,80,6.28e-17,84.0,70.67
6h5h,XP_045391677.1,65.278,72,24,1,1,71,9,80,6.37e-17,84.3,70.83
6h5h,XP_020737003.1,62.667,75,21,2,1,71,9,80,6.44e-17,84.3,70.67
6h5h,XP_058905121.1,62.667,75,21,2,1,71,9,80,6.44e-17,84.3,70.67
6h5h,XP_014960119.2,62.667,75,21,2,1,71,9,80,6.50e-17,84.3,70.67
6h5h,XP_054512669.1,65.278,72,24,1,1,71,9,80,6.54e-17,84.0,70.83
6h5h,6BTE_A,65.278,72,24,1,1,71,9,80,6.57e-17,84.3,70.83
6h5h,XP_012632850.1,65.278,72,24,1,1,71,9,80,6.57e-17,84.3,70.83
6h5h,XP_043310634.1,62.667,75,21,2,1,71,9,80,6.57e-17,84.3,70.67
6h5h,XP_059765221.1,62.667,75,21,2,1,71,9,80,6.57e-17,84.3,70.67
6h5h,XP_036154318.1,65.278,72,24,1,1,71,9,80,6.63e-17,83.6,70.83
6h5h,XP_003984799.1,62.667,75,21,2,1,71,9,80,6.64e-17,84.3,70.67
6h5h,XP_006141720.1,62.667,75,21,2,1,71,9,80,6.71e-17,84.3,70.67
6h5h,AAA60133.1,65.278,72,24,1,1,71,9,80,6.78e-17,84.3,70.83
6h5h,XP_052517282.1,62.667,75,21,2,1,71,9,80,6.78e-17,84.3,70.67
6h5h,XP_054937860.1,62.667,75,21,2,1,71,9,80,6.78e-17,84.3,70.67
6h5h,XP_036154316.1,62.667,75,21,2,1,71,9,80,6.83e-17,84.0,70.67
6h5h,XP_006075771.2,62.667,75,21,2,1,71,9,80,6.85e-17,84.3,70.67
6h5h,XP_007182166.1,62.667,75,21,2,1,71,9,80,6.85e-17,84.3,70.67
6h5h,XP_004285114.1,62.667,75,21,2,1,71,9,80,6.92e-17,84.3,70.67
6h5h,KAL2762010.1,65.278,72,24,1,1,71,9,80,6.92e-17,84.3,70.83
6h5h,XP_053434283.1,62.667,75,21,2,1,71,9,80,6.92e-17,84.3,70.67
6h5h,6DIC_A,65.278,72,24,1,1,71,9,80,6.92e-17,84.3,70.83
6h5h,XP_066090991.1,62.667,75,21,2,1,71,9,80,6.92e-17,84.3,70.67
6h5h,XP_044987068.1,65.278,72,24,1,1,71,9,80,6.99e-17,84.3,70.83
6h5h,XP_049627876.1,62.667,75,21,2,1,71,9,80,6.99e-17,84.3,70.67
6h5h,NP_001029936.1,62.667,75,21,2,1,71,9,80,6.99e-17,84.3,70.67
6h5h,XP_004415792.1,62.667,75,21,2,1,71,9,80,6.99e-17,84.3,70.67
6h5h,5HHH_A,65.278,72,24,1,1,71,1,72,7.03e-17,84.0,70.83
6h5h,XP_062935952.1,65.278,72,24,1,1,71,9,80,7.06e-17,84.3,70.83
6h5h,6NKR_A,65.278,72,24,1,1,71,9,80,7.06e-17,84.3,70.83
6h5h,4MF8_A,65.278,72,24,1,1,71,3,74,7.09e-17,84.0,70.83
6h5h,XP_060037760.1,62.667,75,21,2,1,71,9,80,7.13e-17,84.3,70.67
6h5h,BAD97257.1,65.278,72,24,1,1,71,9,80,7.14e-17,84.3,70.83
6h5h,4JWM_A,65.278,72,24,1,1,71,9,80,7.14e-17,84.3,70.83
6h5h,XP_004311753.1,62.667,75,21,2,1,71,9,80,7.14e-17,84.3,70.67
6h5h,AKI72237.1,65.278,72,24,1,1,71,9,80,7.14e-17,84.3,70.83
6h5h,XP_007933219.1,62.667,75,21,2,1,71,9,80,7.14e-17,84.3,70.67
6h5h,XP_047627742.1,62.667,75,21,2,1,71,9,80,7.14e-17,84.3,70.67
6h5h,XP_004775761.1,62.667,75,21,2,1,71,9,80,7.14e-17,84.3,70.67
6h5h,TKC40413.1,62.667,75,21,2,1,71,11,82,7.19e-17,84.3,70.67
6h5h,XP_002819090.1,65.278,72,24,1,1,71,9,80,7.21e-17,84.3,70.83
6h5h,4JWN_A,65.278,72,24,1,1,71,9,80,7.28e-17,84.3,70.83
6h5h,XP_032960923.1,62.667,75,21,2,1,71,9,80,7.28e-17,84.3,70.67
6h5h,XP_034503448.1,62.667,75,21,2,1,71,9,80,7.36e-17,84.3,70.67
6h5h,4M9G_A,65.278,72,24,1,1,71,9,80,7.36e-17,84.3,70.83
6naf,6N9H_A,100.000,74,0,0,1,74,6,79,1.40e-39,136,100.00
6naf,7UHB_K,87.273,55,7,0,10,64,81,135,2.63e-20,89.4,94.55
6naf,5J0H_A,82.353,68,12,0,6,73,10,77,9.44e-16,75.9,92.65
6naf,5J0I_A,52.941,68,32,0,6,73,10,77,3.87e-09,59.3,77.94
6naf,6MSR_A,61.667,60,16,1,12,64,5,64,6.28e-09,58.5,71.67
6naf,6MSQ_A,56.667,60,19,1,12,64,5,64,3.85e-07,53.9,70.00
6naf,8UB3_4,61.404,57,15,1,15,64,9,65,5.08e-06,53.9,71.93
6naf,8UB3_4,52.381,63,23,1,9,64,78,140,2.10e-05,52.4,69.84
6naf,8UB3_4,60.870,46,18,0,19,64,171,216,0.003,46.2,69.57
6naf,8GLT_0,61.818,55,14,1,17,64,273,327,5.52e-06,54.3,70.91
6naf,8UBG_A,56.364,55,17,1,12,59,157,211,4.17e-05,52.0,70.91
6naf,8UBG_A,72.727,33,9,0,32,64,108,140,0.014,44.7,81.82
6naf,8UAO_A,56.364,55,17,1,12,59,170,224,5.55e-05,51.2,70.91
6naf,8UAO_A,55.357,56,18,1,16,64,98,153,0.022,43.9,64.29
6naf,8CWY_A,54.717,53,17,1,6,58,389,434,2.88e-04,49.7,66.04
6naf,8CWS_A,54.717,53,17,1,6,58,390,435,2.97e-04,49.3,66.04
6naf,5J0J_A,42.029,69,26,1,5,59,9,77,0.007,43.1,59.42
2lhc,2LHC_A,100.000,56,0,0,1,56,1,56,4.62e-29,108,100.00
2lhc,2LHD_A,98.214,56,1,0,1,56,1,56,2.86e-28,106,98.21
2lhc,2KDL_A,98.214,56,1,0,1,56,1,56,3.77e-28,105,98.21
2lhc,2LHG_A,96.429,56,2,0,1,56,1,56,1.89e-27,103,96.43
2lhc,2KDM_A,96.429,56,2,0,1,56,1,56,2.02e-27,103,96.43
2lhc,2LHE_A,94.643,56,3,0,1,56,1,56,1.28e-26,102,94.64
2lhc,2JWS_A,94.643,56,3,0,1,56,1,56,2.67e-26,101,94.64
2lhc,2JWU_A,92.857,56,4,0,1,56,1,56,8.29e-26,99.8,92.86
2lhc,6NL8_A,61.818,55,21,0,2,56,2,56,2.83e-10,60.8,65.45
2lhc,6O41_M,58.929,56,23,0,1,56,6,61,3.48e-10,60.8,66.07
2lhc,7DA8_A,62.963,54,20,0,3,56,3,56,3.81e-10,60.5,64.81
2lhc,1GB1_A,61.818,55,21,0,2,56,2,56,3.81e-10,60.5,63.64
2lhc,2N9K_A,61.818,55,21,0,2,56,3,57,3.90e-10,60.5,63.64
2lhc,3MP9_A,61.818,55,21,0,2,56,10,64,4.13e-10,60.5,63.64
2lhc,1FCC_C,58.929,56,23,0,1,56,1,56,4.16e-10,60.5,64.29
2lhc,6WFW_G,58.929,56,23,0,1,56,4,59,4.88e-10,60.1,66.07
2lhc,AAB27024.1,58.929,56,23,0,1,56,2,57,4.88e-10,60.1,66.07
2lhc,2IGG_A,58.929,56,23,0,1,56,6,61,5.09e-10,60.1,64.29
2lhc,9CHT_B,61.818,55,21,0,2,56,13,67,5.26e-10,64.7,63.64
2lhc,1IGC_A,58.929,56,23,0,1,56,6,61,5.77e-10,60.1,66.07
2lhc,2ZW0_A,61.818,55,21,0,2,56,3,57,5.98e-10,60.1,63.64
2lhc,6W00_G,58.929,56,23,0,1,56,3,58,6.26e-10,59.7,66.07
2lhc,2IGH_A,58.929,56,23,0,1,56,6,61,6.87e-10,59.7,66.07
2lhc,1PGX_A,58.929,56,23,0,1,56,14,69,6.94e-10,60.5,66.07
2lhc,8WCJ_A,57.407,54,23,0,3,56,3,56,1.10e-09,59.3,66.67
2lhc,6C9O_A,61.111,54,21,0,3,56,3,56,1.18e-09,59.3,62.96
2lhc,6L9D_A,60.000,55,22,0,2,56,2,56,1.19e-09,59.3,61.82
2lhc,UPX83547.1,61.111,54,21,0,3,56,2,55,1.52e-09,58.9,62.96
2lhc,7QTR_A,61.111,54,21,0,3,56,4,57,1.54e-09,58.9,62.96
2lhc,2GI9_A,61.111,54,21,0,3,56,3,56,1.62e-09,58.9,62.96
2lhc,XHW18005.1,63.636,55,20,0,2,56,303,357,1.85e-09,63.2,65.45
2lhc,6L9B_A,60.000,55,22,0,2,56,2,56,1.91e-09,58.5,61.82
2lhc,2PLP_A,61.111,54,21,0,2,55,1,54,1.93e-09,58.5,62.96
2lhc,6L91_A,60.000,55,22,0,2,56,2,56,2.02e-09,58.5,61.82
2lhc,2KBT_A,61.818,55,21,0,2,56,78,132,2.03e-09,60.8,63.64
2lhc,1FD6_A,57.143,56,24,0,1,56,2,57,2.04e-09,58.5,64.29
2lhc,2NMQ_A,58.182,55,23,0,2,56,1,55,2.15e-09,58.5,65.45
2lhc,1QKZ_A,57.143,56,24,0,1,56,6,61,2.26e-09,58.5,64.29
2lhc,1UWX_A,57.143,56,24,0,1,56,5,60,2.33e-09,58.5,64.29
2lhc,4OZA_A,60.000,55,22,0,2,56,2,56,2.49e-09,58.2,61.82
2lhc,GDZ89146.1,58.929,56,23,0,1,56,2,57,2.77e-09,60.5,66.07
2lhc,WP_347094315.1,61.818,55,21,0,2,56,167,221,4.26e-09,62.0,65.45
2lhc,6LJI_A,60.000,55,22,0,2,56,2,56,4.26e-09,57.8,61.82
2lhc,8ARI_a,61.111,54,21,0,3,56,11,64,4.34e-09,59.7,62.96
2lhc,WP_347114957.1,61.818,55,21,0,2,56,303,357,4.98e-09,62.0,65.45
2lhc,2KN4_A,61.111,54,21,0,3,56,3,56,5.08e-09,60.1,62.96
2lhc,WP_218661144.1,61.818,55,21,0,2,56,39,93,5.16e-09,62.0,65.45
2lhc,WP_218661144.1,53.571,56,26,0,1,56,178,233,1.32e-05,52.4,60.71
2lhc,WP_218661144.1,50.000,56,28,0,1,56,108,163,2.03e-04,48.9,57.14
2lhc,ABL60854.1,58.929,56,23,0,1,56,10,65,5.17e-09,60.5,66.07
2lhc,ABL60854.1,58.929,56,23,0,1,56,72,127,5.17e-09,60.5,66.07
2lhc,WP_283310026.1,58.929,56,23,0,1,56,31,86,5.22e-09,60.5,66.07
2lhc,ACF35719.1,58.929,56,23,0,1,56,7,62,5.68e-09,60.5,66.07
2lhc,ACF35719.1,58.929,56,23,0,1,56,69,124,5.68e-09,60.5,66.07
2lhc,CAA37410.1,58.929,56,23,0,1,56,60,115,5.82e-09,60.5,64.29
2lhc,CAA37410.1,58.929,56,23,0,1,56,130,185,8.34e-09,60.1,66.07
2lhc,CAA37410.1,59.091,44,18,0,13,56,2,45,5.38e-04,47.4,61.36
2lhc,WP_170078191.1,63.636,55,20,0,2,56,303,357,5.82e-09,62.0,65.45
2lhc,ACF35721.1,58.929,56,23,0,1,56,63,118,5.87e-09,60.5,66.07
2lhc,ACF35721.1,58.929,56,23,0,1,56,125,180,5.87e-09,60.5,66.07
2lhc,GDZ90808.1,58.929,56,23,0,1,56,42,97,6.13e-09,60.5,66.07
2lhc,MSU86949.1,61.818,55,21,0,2,56,57,111,6.37e-09,61.6,65.45
2lhc,MSU86949.1,58.929,56,23,0,1,56,266,321,2.85e-08,60.1,66.07
2lhc,MSU86949.1,51.786,56,27,0,1,56,126,181,2.05e-05,52.0,58.93
2lhc,MSU86949.1,51.786,56,27,0,1,56,196,251,3.21e-05,51.2,58.93
2lhc,WP_243091964.1,58.929,56,23,0,1,56,44,99,6.41e-09,60.5,66.07
2lhc,AHA62523.1,58.929,56,23,0,1,56,62,117,6.42e-09,60.1,66.07
2lhc,AHA62523.1,58.929,56,23,0,1,56,124,179,6.42e-09,60.1,66.07
2lhc,6HPJ_B,61.111,54,21,0,3,56,3,56,6.49e-09,59.7,62.96
2lhc,QGH02325.1,61.818,55,21,0,2,56,300,354,6.72e-09,61.6,65.45
2lhc,QGH02325.1,58.929,56,23,0,1,56,509,564,2.69e-08,60.1,66.07
2lhc,QGH02325.1,51.786,56,27,0,1,56,369,424,3.18e-05,51.2,58.93
2lhc,QGH02325.1,51.786,56,27,0,1,56,439,494,3.28e-05,51.2,58.93
2lhc,2MBB_A,61.111,54,21,0,3,56,3,56,6.73e-09,58.5,62.96
2lhc,2I38_A,61.111,54,21,0,3,56,3,56,6.87e-09,59.7,62.96
2lhc,5BMH_A,59.259,54,22,0,3,56,3,56,6.90e-09,57.4,61.11
2lhc,2I2Y_A,61.111,54,21,0,3,56,3,56,7.18e-09,59.3,62.96
2lhc,2KHU_A,61.111,54,21,0,3,56,3,56,7.20e-09,58.5,62.96
2lhc,WP_283265390.1,58.929,56,23,0,1,56,63,118,7.37e-09,60.5,66.07
2lhc,WP_283265390.1,54.762,42,19,0,15,56,7,48,0.030,42.7,61.90
2lhc,WP_343233270.1,61.818,55,21,0,2,56,224,278,7.55e-09,61.6,65.45
2lhc,WP_343233270.1,58.929,56,23,0,1,56,433,488,2.85e-08,60.1,66.07
2lhc,WP_343233270.1,51.786,56,27,0,1,56,363,418,3.57e-05,51.2,58.93
2lhc,WP_343233270.1,51.786,56,27,0,1,56,293,348,3.61e-05,51.2,58.93
2lhc,WP_283271495.1,58.929,56,23,0,1,56,57,112,7.63e-09,60.5,66.07
2lhc,WP_283271495.1,54.762,42,19,0,15,56,1,42,0.030,42.7,61.90
2lhc,6CTE_A,59.259,54,22,0,3,56,3,56,7.87e-09,57.0,61.11
2lhc,6CHE_A,59.259,54,22,0,3,56,3,56,7.87e-09,57.0,61.11
2lhc,WP_343233279.1,61.818,55,21,0,2,56,218,272,8.00e-09,61.6,65.45
2lhc,WP_343233279.1,58.929,56,23,0,1,56,427,482,3.05e-08,59.7,66.07
2lhc,WP_343233279.1,51.786,56,27,0,1,56,287,342,3.79e-05,51.2,58.93
2lhc,WP_343233279.1,51.786,56,27,0,1,56,357,412,3.79e-05,51.2,58.93
2lhc,6RSS_A,59.259,54,22,0,3,56,6,59,8.39e-09,58.5,62.96
2lhc,6CNE_A,59.259,54,22,0,3,56,3,56,8.41e-09,57.0,61.11
2lhc,ABL60859.1,58.929,56,23,0,1,56,73,128,8.42e-09,60.1,66.07
2lhc,ABL60859.1,58.929,56,23,0,1,56,135,190,8.42e-09,60.1,66.07
2lhc,WP_283270947.1,58.929,56,23,0,1,56,68,123,8.73e-09,60.5,66.07
2lhc,WP_283270947.1,49.057,53,27,0,4,56,1,53,0.007,44.7,56.60
2lhc,2J52_A,60.000,55,22,0,2,56,2,56,8.79e-09,57.0,61.82
2lhc,1P7E_A,57.407,54,23,0,3,56,3,56,8.98e-09,57.0,64.81
2lhc,WP_226323796.1,58.929,56,23,0,1,56,67,122,9.01e-09,60.5,66.07
2lhc,WP_226323796.1,48.077,52,27,0,5,56,1,52,0.027,42.7,55.77
2lhc,6CPZ_A,59.259,54,22,0,3,56,3,56,9.08e-09,57.0,61.11
2lhc,WP_283271334.1,58.929,56,23,0,1,56,69,124,9.11e-09,60.5,66.07
2lhc,WP_283271334.1,50.000,54,27,0,3,56,1,54,5.75e-04,47.4,57.41
2lhc,EGL49398.1,61.818,55,21,0,2,56,19,73,9.24e-09,60.5,63.64
2lhc,EGL49398.1,58.929,56,23,0,1,56,88,143,1.47e-08,60.1,66.07
2lhc,1IBX_B,61.111,54,21,0,3,56,3,56,9.61e-09,58.9,62.96
2lhc,WP_046159756.1,61.818,55,21,0,2,56,14,68,9.63e-09,60.5,63.64
2lhc,WP_046159756.1,58.929,56,23,0,1,56,83,138,1.50e-08,60.1,66.07
2lhc,WP_283264262.1,58.929,56,23,0,1,56,77,132,1.03e-08,60.5,66.07
2lhc,WP_283264262.1,51.786,56,27,0,1,56,7,62,5.65e-05,50.4,58.93
2lhc,8UG0_A,60.000,55,22,0,2,56,2,56,1.06e-08,56.6,63.64
2lhc,WP_142562694.1,61.818,55,21,0,2,56,32,86,1.09e-08,60.5,63.64
2lhc,WP_142562694.1,58.929,56,23,0,1,56,101,156,1.67e-08,60.1,66.07
2lhc,WP_415671399.1,61.818,55,21,0,2,56,29,83,1.09e-08,60.5,63.64
2lhc,WP_415671399.1,58.929,56,23,0,1,56,98,153,1.68e-08,60.1,66.07
2lhc,WP_218661882.1,58.929,56,23,0,1,56,58,113,1.10e-08,60.1,66.07
2lhc,6NLA_A,60.000,55,22,0,2,56,2,56,1.16e-08,56.6,63.64
2lhc,WP_283309386.1,58.929,56,23,0,1,56,98,153,1.16e-08,60.5,66.07
2lhc,WP_283309386.1,51.786,56,27,0,1,56,28,83,6.07e-05,50.4,58.93
2lhc,WP_049519270.1,61.818,55,21,0,2,56,46,100,1.18e-08,60.5,63.64
2lhc,WP_049519270.1,58.929,56,23,0,1,56,115,170,1.79e-08,60.1,66.07
2lhc,WP_269760527.1,57.143,56,24,0,1,56,49,104,1.28e-08,59.7,64.29
2lhc,WP_148852818.1,61.818,55,21,0,2,56,153,207,1.35e-08,60.5,63.64
2lhc,1EM7_A,58.929,56,23,0,1,56,1,56,1.49e-08,56.2,62.50
2lhc,1PN5_A,61.111,54,21,0,3,56,3,56,1.49e-08,58.9,62.96
2lhc,WEQ72082.1,58.929,56,23,0,1,56,568,623,1.56e-08,60.8,66.07
2lhc,WEQ72082.1,58.929,56,23,0,1,56,630,685,1.56e-08,60.8,66.07
2lhc,WEQ72081.1,58.929,56,23,0,1,56,573,628,1.57e-08,60.8,66.07
2lhc,WEQ72081.1,58.929,56,23,0,1,56,635,690,1.57e-08,60.8,66.07
2lhc,WEQ72078.1,58.929,56,23,0,1,56,568,623,1.59e-08,60.8,66.07
2lhc,WEQ72078.1,58.929,56,23,0,1,56,630,685,1.59e-08,60.8,66.07
2lhc,WP_243096479.1,58.929,56,23,0,1,56,120,175,1.60e-08,60.5,66.07
2lhc,WP_243096479.1,51.786,56,27,0,1,56,50,105,6.80e-05,50.4,58.93
2lhc,EGR88151.1,61.818,55,21,0,2,56,202,256,1.63e-08,60.5,63.64
2lhc,EGR88151.1,58.929,56,23,0,1,56,271,326,2.44e-08,60.1,66.07
2lhc,WP_371891713.1,61.818,55,21,0,2,56,294,348,1.66e-08,60.5,63.64
2lhc,WP_371891713.1,58.929,56,23,0,1,56,363,418,2.39e-08,60.1,66.07
8qaf,8QAF_A,90.769,65,0,1,1,59,21,85,1.22e-20,87.8,90.77
8qaf,8QAF_A,96.429,28,1,0,3,30,60,87,0.001,44.7,100.00
8qaf,8A3K_UNK,62.903,62,19,1,2,59,5,66,1.69e-11,65.9,79.03
8qaf,8A3K_UNK,65.517,58,18,1,4,59,42,99,8.04e-11,64.3,81.03
8qaf,8A3K_UNK,64.407,59,18,1,4,59,75,133,9.66e-11,63.9,79.66
8qaf,8QAD_A,62.500,64,18,1,2,59,58,121,4.51e-11,67.0,75.00
8qaf,8QAD_A,63.333,60,18,1,4,59,97,156,1.07e-10,65.9,80.00
8qaf,8QAD_A,61.290,62,18,1,4,59,132,193,2.53e-10,64.7,75.81
8qaf,8QAD_A,61.905,63,17,1,4,59,169,231,2.86e-10,64.7,76.19
8qaf,8QAD_A,61.905,63,20,1,1,59,22,84,3.49e-10,64.3,76.19
8qaf,XP_053405055.1,45.763,59,29,1,1,59,86,141,2.44e-05,51.6,74.58
8qaf,XP_053405055.1,47.368,57,27,1,3,59,102,155,3.03e-05,51.6,75.44
8qaf,XP_053405055.1,47.368,57,27,1,3,59,116,169,3.03e-05,51.6,75.44
8qaf,XP_053405055.1,47.368,57,27,1,3,59,130,183,3.03e-05,51.6,75.44
8qaf,XP_053405055.1,47.368,57,27,1,3,59,144,197,3.03e-05,51.6,75.44
8qaf,XP_053405055.1,47.368,57,27,1,3,59,158,211,3.03e-05,51.6,75.44
8qaf,XP_053405055.1,47.368,57,27,1,3,59,172,225,3.03e-05,51.6,75.44
8qaf,XP_053405055.1,47.368,57,27,1,3,59,186,239,3.03e-05,51.6,75.44
8qaf,XP_053405055.1,44.068,59,30,1,1,59,79,134,1.11e-04,50.1,72.88
8qaf,XP_053405055.1,45.614,57,28,1,3,59,214,267,4.10e-04,48.1,73.68
8qaf,XP_053405055.1,42.373,59,31,1,1,59,72,127,5.09e-04,48.1,71.19
8qaf,XP_053405055.1,43.860,57,32,0,3,59,340,396,5.67e-04,47.8,70.18
8qaf,XP_053405055.1,45.614,57,28,1,3,59,312,365,8.31e-04,47.4,71.93
8qaf,XP_053405055.1,44.068,59,30,1,1,59,296,351,0.001,47.4,72.88
8qaf,XP_053405055.1,45.614,57,28,1,3,59,305,358,0.001,47.0,73.68
8qaf,XP_053405055.1,40.678,59,32,1,1,59,58,113,0.002,46.2,69.49
8qaf,XP_053405055.1,42.105,57,30,1,3,59,67,120,0.003,45.8,70.18
8qaf,XP_053405055.1,43.860,57,29,1,3,59,242,295,0.006,45.1,71.93
8qaf,XP_053405055.1,42.105,57,30,1,3,59,277,330,0.009,44.7,70.18
8qaf,XP_053405055.1,42.857,56,29,1,1,56,317,369,0.014,43.9,69.64
8qaf,XP_053405055.1,42.105,57,30,1,3,59,270,323,0.026,43.1,70.18
8qaf,XP_053405055.1,38.983,59,33,1,1,59,44,99,0.032,43.1,67.80
8qaf,XP_053405055.1,40.351,57,31,1,3,59,53,106,0.039,42.7,68.42
8qaf,8QAA_A,85.714,28,4,0,3,30,3,30,2.61e-04,45.1,100.00
8qaf,8QAA_A,81.481,27,5,0,33,59,2,28,0.003,42.4,96.30
8qaf,8QAC_B,71.429,28,8,0,3,30,3,30,0.001,43.9,85.71
8qaf,8QAC_B,66.667,27,9,0,33,59,2,28,0.011,41.2,81.48
8qaf,MCL2038834.1,38.596,57,32,1,3,59,694,747,0.001,47.4,80.70
8qaf,MCL2038834.1,41.176,51,27,1,3,53,701,748,0.010,44.3,80.39
8qaf,QCB19998.1,50.000,52,9,1,6,57,149,183,0.025,43.1,67.31
8qaf,8QAB_A,74.074,27,7,0,4,30,4,30,0.046,39.7,88.89
5j0h,5J0H_A,100.000,72,0,0,1,72,7,78,4.91e-37,129,100.00
5j0h,7UHB_K,91.935,62,5,0,7,68,80,141,3.99e-25,101,95.16
5j0h,5J0I_A,72.222,72,20,0,1,72,7,78,5.18e-21,89.4,86.11
5j0h,6N9H_A,81.159,69,13,0,3,71,10,78,5.84e-16,76.3,92.75
5j0h,6MSR_A,64.179,67,24,0,2,68,4,70,1.11e-15,75.5,79.10
5j0h,6MSQ_A,59.701,67,27,0,2,68,4,70,2.92e-13,69.3,76.12
5j0h,8UB3_4,57.576,66,28,0,3,68,81,146,2.96e-09,62.8,74.24
5j0h,8UB3_4,58.462,65,27,0,2,66,5,69,1.38e-08,60.8,72.31
5j0h,8UB3_4,54.545,66,30,0,3,68,157,222,1.01e-05,53.1,68.18
5j0h,8UBG_A,60.000,55,22,0,3,57,157,211,6.83e-08,59.7,76.36
5j0h,8UBG_A,51.515,66,32,0,3,68,6,71,4.70e-06,54.3,72.73
5j0h,8UBG_A,51.515,66,32,0,3,68,81,146,1.06e-04,50.4,66.67
5j0h,8UAO_A,60.000,55,22,0,3,57,170,224,8.21e-08,58.9,76.36
5j0h,8UAO_A,53.846,65,30,0,4,68,20,84,5.82e-06,53.9,72.31
5j0h,8UAO_A,53.030,66,31,0,3,68,94,159,9.07e-05,50.4,66.67
5j0h,8GLT_0,60.317,63,18,1,11,66,269,331,4.67e-07,57.4,69.84
5j0h,8CWS_A,56.604,53,16,1,4,56,390,435,1.93e-04,50.1,67.92
5j0h,8CWY_A,56.604,53,16,1,4,56,389,434,2.00e-04,49.7,67.92
5j0h,5J0J_A,40.845,71,28,1,1,57,7,77,8.38e-04,45.4,59.15
6nz1,6NZ1_A,100.000,92,0,0,1,92,7,98,3.19e-52,169,100.00
6nz1,6NYI_A,96.739,92,3,0,1,92,7,98,1.80e-49,162,96.74
6nz1,6NXM_A,96.703,91,3,0,2,92,6,96,2.90e-48,159,96.70
6nz1,6O0C_A,96.703,91,3,0,2,92,6,96,3.20e-48,159,96.70
6nz1,6O0I_A,93.478,92,6,0,1,92,7,98,3.30e-46,154,93.48
6nz1,6NZ3_A,93.407,91,6,0,2,92,6,96,1.25e-45,152,93.41
6nz1,6NYK_A,92.391,92,7,0,1,92,7,98,4.87e-44,149,93.48
6nz1,6NX2_A,90.217,92,9,0,1,92,7,98,2.10e-43,147,90.22
6nz1,6NYE_A,89.130,92,10,0,1,92,7,98,5.28e-41,141,90.22
6nz1,8UB3_4,42.222,90,39,3,2,88,20,99,0.005,46.6,57.78
6nz1,8GLT_0,46.875,64,27,1,2,65,282,338,0.039,44.3,60.94
6nz1,6MSQ_A,45.312,64,28,1,2,65,19,75,0.048,41.6,59.38
6n9h,6N9H_A,100.000,75,0,0,1,75,6,80,3.17e-40,137,100.00
6n9h,7UHB_K,87.273,55,7,0,10,64,81,135,2.25e-20,89.7,94.55
6n9h,5J0H_A,82.353,68,12,0,6,73,10,77,1.01e-15,75.9,92.65
6n9h,5J0I_A,52.941,68,32,0,6,73,10,77,3.77e-09,59.3,77.94
6n9h,6MSR_A,61.667,60,16,1,12,64,5,64,6.45e-09,58.5,71.67
6n9h,6MSQ_A,56.667,60,19,1,12,64,5,64,4.22e-07,53.9,70.00
6n9h,8GLT_0,61.818,55,14,1,17,64,273,327,5.20e-06,54.3,70.91
6n9h,8UB3_4,61.404,57,15,1,15,64,9,65,5.60e-06,53.9,71.93
6n9h,8UB3_4,52.381,63,23,1,9,64,78,140,2.41e-05,52.4,69.84
6n9h,8UB3_4,60.870,46,18,0,19,64,171,216,0.004,46.2,69.57
6n9h,8UBG_A,56.364,55,17,1,12,59,157,211,4.64e-05,51.6,70.91
6n9h,8UBG_A,72.727,33,9,0,32,64,108,140,0.013,44.7,81.82
6n9h,8UAO_A,56.364,55,17,1,12,59,170,224,6.38e-05,51.2,70.91
6n9h,8UAO_A,55.357,56,18,1,16,64,98,153,0.025,43.9,64.29
6n9h,8CWY_A,54.717,53,17,1,6,58,389,434,2.99e-04,49.7,66.04
6n9h,8CWS_A,54.717,53,17,1,6,58,390,435,3.12e-04,49.3,66.04
6n9h,5J0J_A,42.029,69,26,1,5,59,9,77,0.008,43.1,59.42
6o0c,6O0C_A,100.000,96,0,0,1,96,1,96,5.91e-57,181,100.00
6o0c,6NXM_A,98.958,96,1,0,1,96,1,96,8.04e-57,181,100.00
6o0c,6NZ3_A,95.833,96,4,0,1,96,1,96,1.34e-53,172,96.88
6o0c,6O0I_A,93.878,98,4,1,1,96,1,98,8.29e-52,168,94.90
6o0c,6NZ1_A,93.878,98,4,1,1,96,1,98,6.25e-51,166,94.90
6o0c,6NYK_A,92.857,98,5,1,1,96,1,98,2.57e-50,164,94.90
6o0c,6NX2_A,90.816,98,7,1,1,96,1,98,1.20e-48,160,91.84
6o0c,6NYI_A,90.816,98,7,1,1,96,1,98,7.66e-48,158,91.84
6o0c,6NYE_A,89.796,98,8,1,1,96,1,98,2.40e-47,157,91.84
6o0c,8UB3_4,40.909,88,38,1,5,92,19,92,0.007,46.2,53.41
2lhg,2LHG_A,100.000,56,0,0,1,56,1,56,2.16e-29,108,100.00
2lhg,2LHD_A,98.214,56,1,0,1,56,1,56,1.48e-28,106,98.21
2lhg,2LHE_A,98.214,56,1,0,1,56,1,56,1.60e-28,106,98.21
2lhg,2KDM_A,96.429,56,2,0,1,56,1,56,9.58e-28,104,96.43
2lhg,2LHC_A,96.429,56,2,0,1,56,1,56,1.89e-27,103,96.43
2lhg,2KDL_A,94.643,56,3,0,1,56,1,56,1.80e-26,101,94.64
2lhg,2JWS_A,94.643,56,3,0,1,56,1,56,2.67e-26,101,94.64
2lhg,2JWU_A,92.857,56,4,0,1,56,1,56,4.63e-26,100,92.86
2lhg,6NL8_A,61.818,55,21,0,2,56,2,56,7.76e-11,62.0,65.45
2lhg,6O41_M,58.929,56,23,0,1,56,6,61,1.05e-10,62.0,66.07
2lhg,2N9K_A,61.818,55,21,0,2,56,3,57,1.13e-10,61.6,63.64
2lhg,1GB1_A,61.818,55,21,0,2,56,2,56,1.16e-10,61.6,63.64
2lhg,2ZW1_A,61.818,55,21,0,2,56,3,57,1.17e-10,61.6,61.82
2lhg,1FCC_C,58.929,56,23,0,1,56,1,56,1.24e-10,61.6,64.29
2lhg,7DA8_A,62.963,54,20,0,3,56,3,56,1.26e-10,61.6,64.81
2lhg,3MP9_A,61.818,55,21,0,2,56,10,64,1.33e-10,61.6,63.64
2lhg,AAB27024.1,58.929,56,23,0,1,56,2,57,1.35e-10,61.6,66.07
2lhg,2IGG_A,58.929,56,23,0,1,56,6,61,1.47e-10,61.6,64.29
2lhg,6WFW_G,58.929,56,23,0,1,56,4,59,1.56e-10,61.6,66.07
2lhg,6KMC_A,61.818,55,21,0,2,56,3,57,1.77e-10,61.2,61.82
2lhg,1IGC_A,58.929,56,23,0,1,56,6,61,1.78e-10,61.2,66.07
2lhg,2ZW0_A,61.818,55,21,0,2,56,3,57,1.89e-10,61.2,63.64
2lhg,1PGX_A,58.929,56,23,0,1,56,14,69,1.91e-10,62.0,66.07
2lhg,6W00_G,58.929,56,23,0,1,56,3,58,1.94e-10,61.2,66.07
2lhg,2IGH_A,58.929,56,23,0,1,56,6,61,1.95e-10,61.2,66.07
2lhg,9CHT_B,61.818,55,21,0,2,56,13,67,2.33e-10,65.9,63.64
2lhg,6L9D_A,60.000,55,22,0,2,56,2,56,3.65e-10,60.5,61.82
2lhg,8WCJ_A,57.407,54,23,0,3,56,3,56,3.65e-10,60.5,66.67
2lhg,6C9O_A,61.111,54,21,0,3,56,3,56,4.11e-10,60.5,62.96
2lhg,2GI9_A,61.111,54,21,0,3,56,3,56,4.80e-10,60.1,62.96
2lhg,UPX83547.1,61.111,54,21,0,3,56,2,55,4.96e-10,60.1,62.96
2lhg,7QTR_A,61.111,54,21,0,3,56,4,57,5.25e-10,60.1,62.96
2lhg,1FD6_A,57.143,56,24,0,1,56,2,57,5.48e-10,60.1,64.29
2lhg,2PLP_A,61.111,54,21,0,2,55,1,54,5.83e-10,59.7,62.96
2lhg,XHW18005.1,63.636,55,20,0,2,56,303,357,5.85e-10,64.7,65.45
2lhg,6L91_A,60.000,55,22,0,2,56,2,56,6.52e-10,59.7,61.82
2lhg,6L9B_A,60.000,55,22,0,2,56,2,56,6.52e-10,59.7,61.82
2lhg,1UWX_A,57.143,56,24,0,1,56,5,60,6.68e-10,60.1,64.29
2lhg,1QKZ_A,57.143,56,24,0,1,56,6,61,6.76e-10,60.1,64.29
2lhg,2NMQ_A,58.182,55,23,0,2,56,1,55,7.43e-10,59.7,65.45
2lhg,GDZ89146.1,58.929,56,23,0,1,56,2,57,7.47e-10,62.0,66.07
2lhg,4OZA_A,60.000,55,22,0,2,56,2,56,7.79e-10,59.7,61.82
2lhg,2KBT_A,61.818,55,21,0,2,56,78,132,7.87e-10,61.6,63.64
2lhg,WP_347094315.1,61.818,55,21,0,2,56,167,221,1.12e-09,63.5,65.45
2lhg,8ARI_a,61.111,54,21,0,3,56,11,64,1.31e-09,60.8,62.96
2lhg,6LJI_A,60.000,55,22,0,2,56,2,56,1.32e-09,58.9,61.82
2lhg,WP_283310026.1,58.929,56,23,0,1,56,31,86,1.35e-09,62.0,66.07
2lhg,WP_218661144.1,61.818,55,21,0,2,56,39,93,1.41e-09,63.5,65.45
2lhg,WP_218661144.1,53.571,56,26,0,1,56,178,233,5.15e-06,53.5,60.71
2lhg,WP_218661144.1,50.000,56,28,0,1,56,108,163,7.17e-05,50.4,57.14
2lhg,8UM9_A,61.111,54,21,0,3,56,3,56,1.52e-09,58.9,61.11
2lhg,MSU86949.1,61.818,55,21,0,2,56,57,111,1.62e-09,63.5,65.45
2lhg,MSU86949.1,58.929,56,23,0,1,56,266,321,8.46e-09,61.2,66.07
2lhg,MSU86949.1,51.786,56,27,0,1,56,126,181,6.51e-06,53.1,58.93
2lhg,MSU86949.1,51.786,56,27,0,1,56,196,251,9.92e-06,52.8,58.93
2lhg,WP_347114957.1,61.818,55,21,0,2,56,303,357,1.63e-09,63.5,65.45
2lhg,WP_170078191.1,63.636,55,20,0,2,56,303,357,1.68e-09,63.5,65.45
2lhg,2KN4_A,61.111,54,21,0,3,56,3,56,1.68e-09,61.2,62.96
2lhg,ABL60854.1,58.929,56,23,0,1,56,10,65,1.73e-09,61.6,66.07
2lhg,ABL60854.1,58.929,56,23,0,1,56,72,127,1.73e-09,61.6,66.07
2lhg,GDZ90808.1,58.929,56,23,0,1,56,42,97,1.76e-09,62.0,66.07
2lhg,QGH02325.1,61.818,55,21,0,2,56,300,354,1.80e-09,63.2,65.45
2lhg,QGH02325.1,58.929,56,23,0,1,56,509,564,8.50e-09,61.6,66.07
2lhg,QGH02325.1,51.786,56,27,0,1,56,369,424,1.04e-05,52.8,58.93
2lhg,QGH02325.1,51.786,56,27,0,1,56,439,494,1.08e-05,52.8,58.93
2lhg,WP_243091964.1,58.929,56,23,0,1,56,44,99,1.81e-09,62.0,66.07
2lhg,ACF35719.1,58.929,56,23,0,1,56,7,62,1.84e-09,61.6,66.07
2lhg,ACF35719.1,58.929,56,23,0,1,56,69,124,1.84e-09,61.6,66.07
2lhg,CAA37410.1,58.929,56,23,0,1,56,60,115,1.85e-09,61.6,64.29
2lhg,CAA37410.1,58.929,56,23,0,1,56,130,185,2.71e-09,61.2,66.07
2lhg,CAA37410.1,59.091,44,18,0,13,56,2,45,1.72e-04,48.5,61.36
2lhg,WP_343233279.1,61.818,55,21,0,2,56,218,272,1.90e-09,63.2,65.45
2lhg,WP_343233279.1,58.929,56,23,0,1,56,427,482,8.65e-09,61.2,66.07
2lhg,WP_343233279.1,51.786,56,27,0,1,56,287,342,1.09e-05,52.8,58.93
2lhg,WP_343233279.1,51.786,56,27,0,1,56,357,412,1.11e-05,52.8,58.93
2lhg,AHA62523.1,58.929,56,23,0,1,56,62,117,1.95e-09,61.6,66.07
2lhg,AHA62523.1,58.929,56,23,0,1,56,124,179,1.95e-09,61.6,66.07
2lhg,2MBB_A,61.111,54,21,0,3,56,3,56,1.97e-09,60.1,62.96
2lhg,ACF35721.1,58.929,56,23,0,1,56,63,118,1.99e-09,61.6,66.07
2lhg,ACF35721.1,58.929,56,23,0,1,56,125,180,1.99e-09,61.6,66.07
2lhg,WP_283265390.1,58.929,56,23,0,1,56,63,118,2.00e-09,62.0,66.07
2lhg,WP_283265390.1,54.762,42,19,0,15,56,7,48,0.008,44.3,61.90
2lhg,WP_343233270.1,61.818,55,21,0,2,56,224,278,2.02e-09,63.2,65.45
2lhg,WP_343233270.1,58.929,56,23,0,1,56,433,488,9.09e-09,61.2,66.07
2lhg,WP_343233270.1,51.786,56,27,0,1,56,293,348,1.19e-05,52.4,58.93
2lhg,WP_343233270.1,51.786,56,27,0,1,56,363,418,1.19e-05,52.4,58.93
2lhg,2I38_A,61.111,54,21,0,3,56,3,56,2.11e-09,60.8,62.96
2lhg,WP_283271495.1,58.929,56,23,0,1,56,57,112,2.20e-09,62.0,66.07
2lhg,WP_283271495.1,54.762,42,19,0,15,56,1,42,0.009,44.3,61.90
2lhg,2KHU_A,61.111,54,21,0,3,56,3,56,2.22e-09,59.7,62.96
2lhg,6HPJ_B,61.111,54,21,0,3,56,3,56,2.30e-09,60.8,62.96
2lhg,2I2Y_A,61.111,54,21,0,3,56,3,56,2.32e-09,60.8,62.96
2lhg,5BMH_A,59.259,54,22,0,3,56,3,56,2.38e-09,58.5,61.11
2lhg,WP_283270947.1,58.929,56,23,0,1,56,68,123,2.43e-09,62.0,66.07
2lhg,WP_283270947.1,49.057,53,27,0,4,56,1,53,0.002,45.8,56.60
2lhg,WP_226323796.1,58.929,56,23,0,1,56,67,122,2.48e-09,62.0,66.07
2lhg,WP_226323796.1,48.077,52,27,0,5,56,1,52,0.008,44.3,55.77
2lhg,WP_046159756.1,61.818,55,21,0,2,56,14,68,2.54e-09,62.0,63.64
2lhg,WP_046159756.1,58.929,56,23,0,1,56,83,138,4.13e-09,61.6,66.07
2lhg,EGL49398.1,61.818,55,21,0,2,56,19,73,2.62e-09,62.0,63.64
2lhg,EGL49398.1,58.929,56,23,0,1,56,88,143,4.39e-09,61.6,66.07
2lhg,2J52_A,60.000,55,22,0,2,56,2,56,2.63e-09,58.2,61.82
2lhg,ABL60859.1,58.929,56,23,0,1,56,73,128,2.63e-09,61.2,66.07
2lhg,ABL60859.1,58.929,56,23,0,1,56,135,190,2.63e-09,61.2,66.07
2lhg,1IBX_B,61.111,54,21,0,3,56,3,56,2.64e-09,60.5,62.96
2lhg,WP_283271334.1,58.929,56,23,0,1,56,69,124,2.67e-09,62.0,66.07
2lhg,WP_283271334.1,50.000,54,27,0,3,56,1,54,1.98e-04,48.9,57.41
2lhg,6CHE_A,59.259,54,22,0,3,56,3,56,2.69e-09,58.2,61.11
2lhg,6CTE_A,59.259,54,22,0,3,56,3,56,2.72e-09,58.2,61.11
2lhg,6CPZ_A,59.259,54,22,0,3,56,3,56,2.81e-09,58.2,61.11
2lhg,6CNE_A,59.259,54,22,0,3,56,3,56,2.93e-09,58.2,61.11
2lhg,1P7E_A,57.407,54,23,0,3,56,3,56,3.00e-09,58.2,64.81
2lhg,WP_283264262.1,58.929,56,23,0,1,56,77,132,3.03e-09,62.0,66.07
2lhg,WP_283264262.1,51.786,56,27,0,1,56,7,62,1.83e-05,51.6,58.93
2lhg,WP_415671399.1,61.818,55,21,0,2,56,29,83,3.15e-09,62.0,63.64
2lhg,WP_415671399.1,58.929,56,23,0,1,56,98,153,5.11e-09,61.2,66.07
2lhg,WP_218661882.1,58.929,56,23,0,1,56,58,113,3.18e-09,61.6,66.07
2lhg,WP_142562694.1,61.818,55,21,0,2,56,32,86,3.20e-09,62.0,63.64
2lhg,WP_142562694.1,58.929,56,23,0,1,56,101,156,5.03e-09,61.6,66.07
2lhg,WP_283309386.1,58.929,56,23,0,1,56,98,153,3.29e-09,62.0,66.07
2lhg,WP_283309386.1,51.786,56,27,0,1,56,28,83,1.91e-05,51.6,58.93
2lhg,8UG0_A,60.000,55,22,0,2,56,2,56,3.35e-09,58.2,63.64
2lhg,6RSS_A,59.259,54,22,0,3,56,6,59,3.44e-09,59.3,62.96
2lhg,WP_049519270.1,61.818,55,21,0,2,56,46,100,3.65e-09,62.0,63.64
2lhg,WP_049519270.1,58.929,56,23,0,1,56,115,170,5.66e-09,61.6,66.07
2lhg,WP_269760527.1,57.143,56,24,0,1,56,49,104,3.68e-09,61.2,64.29
2lhg,6NLA_A,60.000,55,22,0,2,56,2,56,3.78e-09,57.8,63.64
2lhg,1PN5_A,61.111,54,21,0,3,56,3,56,4.00e-09,60.5,62.96
2lhg,MDY4034703.1,60.000,55,22,0,2,56,273,327,4.03e-09,62.4,65.45
2lhg,MDY4034703.1,55.357,56,25,0,1,56,342,397,2.26e-07,57.4,62.50
2lhg,WP_148852818.1,61.818,55,21,0,2,56,153,207,4.03e-09,62.0,63.64
2lhg,1EM7_A,58.929,56,23,0,1,56,1,56,4.12e-09,57.8,62.50
2lhg,EGR88151.1,61.818,55,21,0,2,56,202,256,4.66e-09,62.0,63.64
2lhg,EGR88151.1,58.929,56,23,0,1,56,271,326,7.10e-09,61.6,66.07
2lhg,WP_138125935.1,60.000,55,22,0,2,56,273,327,4.67e-09,62.0,65.45
2lhg,WP_138125935.1,55.357,56,25,0,1,56,412,467,2.26e-07,57.4,62.50
2lhg,WP_138125935.1,51.786,56,27,0,1,56,342,397,1.03e-05,52.8,58.93
2kdm,2KDM_A,100.000,56,0,0,1,56,1,56,2.47e-29,108,100.00
2kdm,2LHE_A,98.214,56,1,0,1,56,1,56,1.46e-28,106,98.21
2kdm,2LHD_A,98.214,56,1,0,1,56,1,56,1.71e-28,106,98.21
2kdm,2LHG_A,96.429,56,2,0,1,56,1,56,9.58e-28,104,96.43
2kdm,2LHC_A,96.429,56,2,0,1,56,1,56,2.02e-27,103,96.43
2kdm,2KDL_A,94.643,56,3,0,1,56,1,56,1.54e-26,101,94.64
2kdm,2JWU_A,92.857,56,4,0,1,56,1,56,8.02e-26,99.8,92.86
2kdm,2JWS_A,91.071,56,5,0,1,56,1,56,7.54e-25,97.4,91.07
2kdm,6NL8_A,65.455,55,19,0,2,56,2,56,3.75e-12,65.5,69.09
2kdm,2ZW1_A,65.455,55,19,0,2,56,3,57,5.28e-12,65.1,65.45
2kdm,2N9K_A,65.455,55,19,0,2,56,3,57,5.70e-12,65.1,67.27
2kdm,6O41_M,62.500,56,21,0,1,56,6,61,5.89e-12,65.1,69.64
2kdm,9CHT_B,65.455,55,19,0,2,56,13,67,5.94e-12,70.5,67.27
2kdm,1GB1_A,65.455,55,19,0,2,56,2,56,6.79e-12,64.7,67.27
2kdm,7DA8_A,66.667,54,18,0,3,56,3,56,6.79e-12,65.1,68.52
2kdm,3MP9_A,65.455,55,19,0,2,56,10,64,7.29e-12,65.1,67.27
2kdm,1FCC_C,62.500,56,21,0,1,56,1,56,8.36e-12,64.7,67.86
2kdm,2IGG_A,62.500,56,21,0,1,56,6,61,9.08e-12,64.7,67.86
2kdm,2ZW0_A,65.455,55,19,0,2,56,3,57,9.55e-12,64.3,67.27
2kdm,6WFW_G,62.500,56,21,0,1,56,4,59,1.06e-11,64.3,69.64
2kdm,1IGC_A,62.500,56,21,0,1,56,6,61,1.06e-11,64.3,69.64
2kdm,1PGX_A,62.500,56,21,0,1,56,14,69,1.15e-11,65.1,69.64
2kdm,2IGH_A,62.500,56,21,0,1,56,6,61,1.16e-11,64.3,69.64
2kdm,6W00_G,62.500,56,21,0,1,56,3,58,1.17e-11,64.3,69.64
2kdm,8WCJ_A,61.111,54,21,0,3,56,3,56,1.73e-11,63.9,70.37
2kdm,6L9D_A,63.636,55,20,0,2,56,2,56,1.90e-11,63.5,65.45
2kdm,6C9O_A,64.815,54,19,0,3,56,3,56,2.15e-11,63.5,66.67
2kdm,2GI9_A,64.815,54,19,0,3,56,3,56,2.51e-11,63.5,66.67
2kdm,7QTR_A,64.815,54,19,0,3,56,4,57,2.51e-11,63.5,66.67
2kdm,UPX83547.1,64.815,54,19,0,3,56,2,55,2.68e-11,63.2,66.67
2kdm,1FD6_A,60.714,56,22,0,1,56,2,57,2.71e-11,63.2,67.86
2kdm,2PLP_A,64.815,54,19,0,2,55,1,54,3.18e-11,63.2,66.67
2kdm,6KMC_A,63.636,55,20,0,2,56,3,57,3.19e-11,63.2,63.64
2kdm,XHW18005.1,67.273,55,18,0,2,56,303,357,3.20e-11,68.2,69.09
2kdm,6L91_A,63.636,55,20,0,2,56,2,56,3.30e-11,63.2,65.45
2kdm,6L9B_A,63.636,55,20,0,2,56,2,56,3.37e-11,63.2,65.45
2kdm,2KBT_A,65.455,55,19,0,2,56,78,132,3.83e-11,65.1,67.27
2kdm,2NMQ_A,61.818,55,21,0,2,56,1,55,3.92e-11,62.8,69.09
2kdm,1QKZ_A,60.714,56,22,0,1,56,6,61,3.95e-11,63.2,67.86
2kdm,4OZA_A,63.636,55,20,0,2,56,2,56,4.02e-11,62.8,65.45
2kdm,GDZ89146.1,62.500,56,21,0,1,56,2,57,4.09e-11,65.5,69.64
2kdm,AAB27024.1,60.714,56,22,0,1,56,2,57,4.47e-11,62.8,67.86
2kdm,1UWX_A,60.714,56,22,0,1,56,5,60,4.75e-11,62.8,67.86
2kdm,8ARI_a,64.815,54,19,0,3,56,11,64,5.71e-11,64.3,66.67
2kdm,WP_347094315.1,65.455,55,19,0,2,56,167,221,6.33e-11,67.0,69.09
2kdm,6LJI_A,63.636,55,20,0,2,56,2,56,6.37e-11,62.4,65.45
2kdm,8UM9_A,64.815,54,19,0,3,56,3,56,7.35e-11,62.0,64.81
2kdm,2MBB_A,64.815,54,19,0,3,56,3,56,8.18e-11,63.5,66.67
2kdm,2KN4_A,64.815,54,19,0,3,56,3,56,8.52e-11,64.7,66.67
2kdm,WP_347114957.1,65.455,55,19,0,2,56,303,357,8.60e-11,67.0,69.09
2kdm,WP_283310026.1,62.500,56,21,0,1,56,31,86,8.88e-11,65.1,69.64
2kdm,WP_218661144.1,65.455,55,19,0,2,56,39,93,1.01e-10,66.6,69.09
2kdm,WP_218661144.1,57.143,56,24,0,1,56,178,233,3.31e-07,57.0,64.29
2kdm,WP_218661144.1,53.571,56,26,0,1,56,108,163,5.52e-06,53.5,60.71
2kdm,2I38_A,64.815,54,19,0,3,56,3,56,1.03e-10,64.3,66.67
2kdm,2KHU_A,64.815,54,19,0,3,56,3,56,1.03e-10,63.2,66.67
2kdm,ABL60854.1,62.500,56,21,0,1,56,10,65,1.04e-10,64.7,69.64
2kdm,ABL60854.1,62.500,56,21,0,1,56,72,127,1.04e-10,64.7,69.64
2kdm,WP_170078191.1,67.273,55,18,0,2,56,303,357,1.05e-10,67.0,69.09
2kdm,GDZ90808.1,62.500,56,21,0,1,56,42,97,1.05e-10,65.1,69.64
2kdm,5BMH_A,62.963,54,20,0,3,56,3,56,1.09e-10,61.6,64.81
2kdm,2I2Y_A,64.815,54,19,0,3,56,3,56,1.14e-10,63.9,66.67
2kdm,6NLA_A,63.636,55,20,0,2,56,2,56,1.16e-10,61.6,67.27
2kdm,1IBX_B,64.815,54,19,0,3,56,3,56,1.20e-10,63.9,66.67
2kdm,6HPJ_B,64.815,54,19,0,3,56,3,56,1.21e-10,64.3,66.67
2kdm,ACF35719.1,62.500,56,21,0,1,56,7,62,1.22e-10,64.7,69.64
2kdm,ACF35719.1,62.500,56,21,0,1,56,69,124,1.22e-10,64.7,69.64
2kdm,WP_243091964.1,62.500,56,21,0,1,56,44,99,1.23e-10,65.1,69.64
2kdm,MSU86949.1,65.455,55,19,0,2,56,57,111,1.24e-10,66.6,69.09
2kdm,MSU86949.1,62.500,56,21,0,1,56,266,321,6.07e-10,64.7,69.64
2kdm,MSU86949.1,55.357,56,25,0,1,56,126,181,5.64e-07,56.2,62.50
2kdm,MSU86949.1,55.357,56,25,0,1,56,196,251,8.58e-07,55.8,62.50
2kdm,AHA62523.1,62.500,56,21,0,1,56,62,117,1.24e-10,64.7,69.64
2kdm,AHA62523.1,62.500,56,21,0,1,56,124,179,1.24e-10,64.7,69.64
2kdm,6CHE_A,62.963,54,20,0,3,56,3,56,1.24e-10,61.6,64.81
2kdm,ACF35721.1,62.500,56,21,0,1,56,63,118,1.27e-10,64.7,69.64
2kdm,ACF35721.1,62.500,56,21,0,1,56,125,180,1.27e-10,64.7,69.64
2kdm,8UG0_A,63.636,55,20,0,2,56,2,56,1.29e-10,61.6,67.27
2kdm,CAA37410.1,62.500,56,21,0,1,56,60,115,1.30e-10,64.7,67.86
2kdm,CAA37410.1,62.500,56,21,0,1,56,130,185,1.87e-10,64.3,69.64
2kdm,CAA37410.1,63.636,44,16,0,13,56,2,45,1.50e-05,51.2,65.91
2kdm,WP_283265390.1,62.500,56,21,0,1,56,63,118,1.33e-10,65.1,69.64
2kdm,WP_283265390.1,59.524,42,17,0,15,56,7,48,7.41e-04,47.0,66.67
2kdm,QGH02325.1,65.455,55,19,0,2,56,300,354,1.36e-10,66.6,69.09
2kdm,QGH02325.1,62.500,56,21,0,1,56,509,564,6.38e-10,64.7,69.64
2kdm,QGH02325.1,55.357,56,25,0,1,56,369,424,9.10e-07,55.8,62.50
2kdm,QGH02325.1,55.357,56,25,0,1,56,439,494,9.10e-07,55.8,62.50
2kdm,6CTE_A,62.963,54,20,0,3,56,3,56,1.42e-10,61.6,64.81
2kdm,WP_283271495.1,62.500,56,21,0,1,56,57,112,1.51e-10,65.1,69.64
2kdm,WP_283271495.1,59.524,42,17,0,15,56,1,42,7.70e-04,47.0,66.67
2kdm,WP_343233279.1,65.455,55,19,0,2,56,218,272,1.56e-10,66.2,69.09
2kdm,WP_343233279.1,62.500,56,21,0,1,56,427,482,6.69e-10,64.7,69.64
2kdm,WP_343233279.1,55.357,56,25,0,1,56,357,412,1.01e-06,55.5,62.50
2kdm,WP_343233279.1,55.357,56,25,0,1,56,287,342,1.06e-06,55.5,62.50
2kdm,ABL60859.1,62.500,56,21,0,1,56,73,128,1.57e-10,64.7,69.64
2kdm,ABL60859.1,62.500,56,21,0,1,56,135,190,1.57e-10,64.7,69.64
2kdm,WP_343233270.1,65.455,55,19,0,2,56,224,278,1.58e-10,66.2,69.09
2kdm,WP_343233270.1,62.500,56,21,0,1,56,433,488,6.63e-10,64.7,69.64
2kdm,WP_343233270.1,55.357,56,25,0,1,56,363,418,1.00e-06,55.5,62.50
2kdm,WP_343233270.1,55.357,56,25,0,1,56,293,348,1.05e-06,55.5,62.50
2kdm,EGL49398.1,65.455,55,19,0,2,56,19,73,1.59e-10,65.5,67.27
2kdm,EGL49398.1,62.500,56,21,0,1,56,88,143,2.70e-10,64.7,69.64
2kdm,WP_046159756.1,65.455,55,19,0,2,56,14,68,1.62e-10,65.5,67.27
2kdm,WP_046159756.1,62.500,56,21,0,1,56,83,138,2.84e-10,64.7,69.64
2kdm,6CPZ_A,62.963,54,20,0,3,56,3,56,1.64e-10,61.2,64.81
2kdm,2J52_A,63.636,55,20,0,2,56,2,56,1.65e-10,61.2,65.45
2kdm,WP_226323796.1,62.500,56,21,0,1,56,67,122,1.67e-10,65.1,69.64
2kdm,WP_226323796.1,51.923,52,25,0,5,56,1,52,6.11e-04,47.4,59.62
2kdm,1P7E_A,61.111,54,21,0,3,56,3,56,1.71e-10,61.2,68.52
2kdm,WP_283270947.1,62.500,56,21,0,1,56,68,123,1.74e-10,65.1,69.64
2kdm,WP_283270947.1,52.830,53,25,0,4,56,1,53,1.59e-04,48.9,60.38
2kdm,WP_415671399.1,65.455,55,19,0,2,56,29,83,1.75e-10,65.5,67.27
2kdm,WP_415671399.1,62.500,56,21,0,1,56,98,153,3.06e-10,64.7,69.64
2kdm,WP_283271334.1,62.500,56,21,0,1,56,69,124,1.77e-10,65.1,69.64
2kdm,WP_283271334.1,53.704,54,25,0,3,56,1,54,1.45e-05,52.0,61.11
2kdm,6RSS_A,62.963,54,20,0,3,56,6,59,1.88e-10,62.4,66.67
2kdm,6CNE_A,62.963,54,20,0,3,56,3,56,1.91e-10,61.2,64.81
2kdm,WP_283264262.1,62.500,56,21,0,1,56,77,132,2.01e-10,65.1,69.64
2kdm,WP_283264262.1,55.357,56,25,0,1,56,7,62,1.40e-06,54.7,62.50
2kdm,WP_142562694.1,65.455,55,19,0,2,56,32,86,2.04e-10,65.1,67.27
2kdm,WP_142562694.1,62.500,56,21,0,1,56,101,156,3.49e-10,64.7,69.64
2kdm,1EM7_A,62.500,56,21,0,1,56,1,56,2.13e-10,60.8,66.07
2kdm,WP_218661882.1,62.500,56,21,0,1,56,58,113,2.20e-10,64.7,69.64
2kdm,WP_049519270.1,65.455,55,19,0,2,56,46,100,2.29e-10,65.1,67.27
2kdm,WP_049519270.1,62.500,56,21,0,1,56,115,170,3.79e-10,64.7,69.64
2kdm,1PN5_A,64.815,54,19,0,3,56,3,56,2.31e-10,63.5,66.67
2kdm,WP_269760527.1,60.714,56,22,0,1,56,49,104,2.31e-10,64.3,67.86
2kdm,WP_283309386.1,62.500,56,21,0,1,56,98,153,2.33e-10,65.1,69.64
2kdm,WP_283309386.1,55.357,56,25,0,1,56,28,83,1.56e-06,54.7,62.50
2kdm,WP_148852818.1,65.455,55,19,0,2,56,153,207,2.35e-10,65.5,67.27
2kdm,2KLK_A,62.963,54,20,0,3,56,3,56,2.68e-10,60.8,64.81
2kdm,5BMG_A,62.963,54,20,0,3,56,3,56,2.93e-10,60.8,64.81
2kdm,EGR88151.1,65.455,55,19,0,2,56,202,256,3.09e-10,65.5,67.27
2kdm,EGR88151.1,62.500,56,21,0,1,56,271,326,5.15e-10,64.7,69.64
2lhd,2LHD_A,100.000,56,0,0,1,56,1,56,2.41e-29,108,100.00
2lhd,2LHG_A,98.214,56,1,0,1,56,1,56,1.48e-28,106,98.21
2lhd,2KDM_A,98.214,56,1,0,1,56,1,56,1.71e-28,106,98.21
2lhd,2LHC_A,98.214,56,1,0,1,56,1,56,2.86e-28,106,98.21
2lhd,2LHE_A,96.429,56,2,0,1,56,1,56,1.05e-27,104,96.43
2lhd,2KDL_A,96.429,56,2,0,1,56,1,56,2.16e-27,103,96.43
2lhd,2JWU_A,94.643,56,3,0,1,56,1,56,8.72e-27,102,94.64
2lhd,2JWS_A,92.857,56,4,0,1,56,1,56,1.50e-25,99.4,92.86
2lhd,6NL8_A,63.636,55,20,0,2,56,2,56,2.13e-11,63.5,67.27
2lhd,2N9K_A,63.636,55,20,0,2,56,3,57,3.09e-11,63.2,65.45
2lhd,6O41_M,60.714,56,22,0,1,56,6,61,3.15e-11,63.5,67.86
2lhd,2ZW1_A,63.636,55,20,0,2,56,3,57,3.19e-11,63.2,63.64
2lhd,7DA8_A,64.815,54,19,0,3,56,3,56,3.68e-11,63.2,66.67
2lhd,9CHT_B,63.636,55,20,0,2,56,13,67,3.80e-11,68.2,65.45
2lhd,1GB1_A,63.636,55,20,0,2,56,2,56,3.80e-11,62.8,65.45
2lhd,1FCC_C,60.714,56,22,0,1,56,1,56,4.06e-11,62.8,66.07
2lhd,3MP9_A,63.636,55,20,0,2,56,10,64,4.13e-11,63.2,65.45
2lhd,2IGG_A,60.714,56,22,0,1,56,6,61,4.36e-11,62.8,66.07
2lhd,AAB27024.1,60.714,56,22,0,1,56,2,57,4.47e-11,62.8,67.86
2lhd,6WFW_G,60.714,56,22,0,1,56,4,59,5.09e-11,62.8,67.86
2lhd,1IGC_A,60.714,56,22,0,1,56,6,61,5.16e-11,62.8,67.86
2lhd,1PGX_A,60.714,56,22,0,1,56,14,69,5.49e-11,63.2,67.86
2lhd,2ZW0_A,63.636,55,20,0,2,56,3,57,5.59e-11,62.4,65.45
2lhd,6W00_G,60.714,56,22,0,1,56,3,58,5.60e-11,62.4,67.86
2lhd,2IGH_A,60.714,56,22,0,1,56,6,61,6.15e-11,62.4,67.86
2lhd,8WCJ_A,59.259,54,22,0,3,56,3,56,8.29e-11,62.0,68.52
2lhd,6L9D_A,61.818,55,21,0,2,56,2,56,1.02e-10,62.0,63.64
2lhd,6C9O_A,62.963,54,20,0,3,56,3,56,1.14e-10,61.6,64.81
2lhd,7QTR_A,62.963,54,20,0,3,56,4,57,1.41e-10,61.6,64.81
2lhd,UPX83547.1,62.963,54,20,0,3,56,2,55,1.42e-10,61.6,64.81
2lhd,2GI9_A,62.963,54,20,0,3,56,3,56,1.42e-10,61.6,64.81
2lhd,1FD6_A,58.929,56,23,0,1,56,2,57,1.48e-10,61.6,66.07
2lhd,XHW18005.1,65.455,55,19,0,2,56,303,357,1.64e-10,66.2,67.27
2lhd,6L9B_A,61.818,55,21,0,2,56,2,56,1.71e-10,61.2,63.64
2lhd,2PLP_A,62.963,54,20,0,2,55,1,54,1.74e-10,61.2,64.81
2lhd,6L91_A,61.818,55,21,0,2,56,2,56,1.79e-10,61.2,63.64
2lhd,6KMC_A,61.818,55,21,0,2,56,3,57,1.95e-10,61.2,61.82
2lhd,1UWX_A,58.929,56,23,0,1,56,5,60,1.98e-10,61.2,66.07
2lhd,1QKZ_A,58.929,56,23,0,1,56,6,61,2.00e-10,61.2,66.07
2lhd,GDZ89146.1,60.714,56,22,0,1,56,2,57,2.01e-10,63.5,67.86
2lhd,2NMQ_A,60.000,55,22,0,2,56,1,55,2.04e-10,60.8,67.27
2lhd,2KBT_A,63.636,55,20,0,2,56,78,132,2.09e-10,63.2,65.45
2lhd,4OZA_A,61.818,55,21,0,2,56,2,56,2.25e-10,60.8,63.64
2lhd,WP_347094315.1,63.636,55,20,0,2,56,167,221,3.14e-10,65.1,67.27
2lhd,8ARI_a,62.963,54,20,0,3,56,11,64,3.16e-10,62.4,64.81
2lhd,6LJI_A,61.818,55,21,0,2,56,2,56,3.57e-10,60.5,63.64
2lhd,8UM9_A,62.963,54,20,0,3,56,3,56,3.77e-10,60.5,62.96
2lhd,WP_283310026.1,60.714,56,22,0,1,56,31,86,4.19e-10,63.5,67.86
2lhd,WP_347114957.1,63.636,55,20,0,2,56,303,357,4.32e-10,65.1,67.27
2lhd,2KN4_A,62.963,54,20,0,3,56,3,56,4.55e-10,62.8,64.81
2lhd,WP_218661144.1,63.636,55,20,0,2,56,39,93,4.58e-10,64.7,67.27
2lhd,WP_218661144.1,55.357,56,25,0,1,56,178,233,1.38e-06,55.1,62.50
2lhd,WP_218661144.1,51.786,56,27,0,1,56,108,163,2.23e-05,51.6,58.93
2lhd,WP_170078191.1,65.455,55,19,0,2,56,303,357,4.81e-10,65.1,67.27
2lhd,2MBB_A,62.963,54,20,0,3,56,3,56,4.83e-10,61.6,64.81
2lhd,ABL60854.1,60.714,56,22,0,1,56,10,65,5.13e-10,63.2,67.86
2lhd,ABL60854.1,60.714,56,22,0,1,56,72,127,5.13e-10,63.2,67.86
2lhd,GDZ90808.1,60.714,56,22,0,1,56,42,97,5.28e-10,63.2,67.86
2lhd,2I38_A,62.963,54,20,0,3,56,3,56,5.33e-10,62.4,64.81
2lhd,ACF35719.1,60.714,56,22,0,1,56,7,62,5.43e-10,63.2,67.86
2lhd,ACF35719.1,60.714,56,22,0,1,56,69,124,5.43e-10,63.2,67.86
2lhd,2I2Y_A,62.963,54,20,0,3,56,3,56,5.50e-10,62.4,64.81
2lhd,MSU86949.1,63.636,55,20,0,2,56,57,111,5.55e-10,64.7,67.27
2lhd,MSU86949.1,60.714,56,22,0,1,56,266,321,2.66e-09,62.8,67.86
2lhd,MSU86949.1,53.571,56,26,0,1,56,126,181,2.22e-06,54.7,60.71
2lhd,MSU86949.1,53.571,56,26,0,1,56,196,251,3.45e-06,53.9,60.71
2lhd,CAA37410.1,60.714,56,22,0,1,56,60,115,5.83e-10,63.2,66.07
2lhd,CAA37410.1,60.714,56,22,0,1,56,130,185,8.36e-10,62.8,67.86
2lhd,CAA37410.1,61.364,44,17,0,13,56,2,45,5.71e-05,49.7,63.64
2lhd,2KHU_A,62.963,54,20,0,3,56,3,56,5.83e-10,61.2,64.81
2lhd,WP_243091964.1,60.714,56,22,0,1,56,44,99,6.05e-10,63.2,67.86
2lhd,6HPJ_B,62.963,54,20,0,3,56,3,56,6.16e-10,62.4,64.81
2lhd,5BMH_A,61.111,54,21,0,3,56,3,56,6.18e-10,59.7,62.96
2lhd,AHA62523.1,60.714,56,22,0,1,56,62,117,6.33e-10,62.8,67.86
2lhd,AHA62523.1,60.714,56,22,0,1,56,124,179,6.33e-10,62.8,67.86
2lhd,WP_283265390.1,60.714,56,22,0,1,56,63,118,6.39e-10,63.5,67.86
2lhd,WP_283265390.1,57.143,42,18,0,15,56,7,48,0.003,45.4,64.29
2lhd,ACF35721.1,60.714,56,22,0,1,56,63,118,6.43e-10,62.8,67.86
2lhd,ACF35721.1,60.714,56,22,0,1,56,125,180,6.43e-10,62.8,67.86
2lhd,WP_343233279.1,63.636,55,20,0,2,56,218,272,6.44e-10,64.7,67.27
2lhd,WP_343233279.1,60.714,56,22,0,1,56,427,482,2.76e-09,62.8,67.86
2lhd,WP_343233279.1,53.571,56,26,0,1,56,287,342,3.87e-06,53.9,60.71
2lhd,WP_343233279.1,53.571,56,26,0,1,56,357,412,3.90e-06,53.9,60.71
2lhd,QGH02325.1,63.636,55,20,0,2,56,300,354,6.51e-10,64.7,67.27
2lhd,QGH02325.1,60.714,56,22,0,1,56,509,564,2.96e-09,62.8,67.86
2lhd,QGH02325.1,53.571,56,26,0,1,56,369,424,3.76e-06,53.9,60.71
2lhd,QGH02325.1,53.571,56,26,0,1,56,439,494,3.91e-06,53.9,60.71
2lhd,WP_343233270.1,63.636,55,20,0,2,56,224,278,6.63e-10,64.7,67.27
2lhd,WP_343233270.1,60.714,56,22,0,1,56,433,488,2.76e-09,62.8,67.86
2lhd,WP_343233270.1,53.571,56,26,0,1,56,293,348,3.83e-06,53.9,60.71
2lhd,WP_343233270.1,53.571,56,26,0,1,56,363,418,3.83e-06,53.9,60.71
2lhd,WP_283271495.1,60.714,56,22,0,1,56,57,112,6.86e-10,63.2,67.86
2lhd,WP_283271495.1,57.143,42,18,0,15,56,1,42,0.003,45.4,64.29
2lhd,1IBX_B,62.963,54,20,0,3,56,3,56,6.96e-10,62.0,64.81
2lhd,6CHE_A,61.111,54,21,0,3,56,3,56,7.36e-10,59.7,62.96
2lhd,WP_046159756.1,63.636,55,20,0,2,56,14,68,7.39e-10,63.5,65.45
2lhd,WP_046159756.1,60.714,56,22,0,1,56,83,138,1.20e-09,63.2,67.86
2lhd,EGL49398.1,63.636,55,20,0,2,56,19,73,7.39e-10,63.5,65.45
2lhd,EGL49398.1,60.714,56,22,0,1,56,88,143,1.23e-09,62.8,67.86
2lhd,6CTE_A,61.111,54,21,0,3,56,3,56,7.52e-10,59.7,62.96
2lhd,ABL60859.1,60.714,56,22,0,1,56,73,128,7.71e-10,62.8,67.86
2lhd,ABL60859.1,60.714,56,22,0,1,56,135,190,7.71e-10,62.8,67.86
2lhd,WP_283270947.1,60.714,56,22,0,1,56,68,123,7.87e-10,63.2,67.86
2lhd,WP_283270947.1,50.943,53,26,0,4,56,1,53,6.39e-04,47.4,58.49
2lhd,WP_226323796.1,60.714,56,22,0,1,56,67,122,7.94e-10,63.2,67.86
2lhd,WP_226323796.1,50.000,52,26,0,5,56,1,52,0.003,45.8,57.69
2lhd,6NLA_A,61.818,55,21,0,2,56,2,56,8.21e-10,59.7,65.45
2lhd,8UG0_A,61.818,55,21,0,2,56,2,56,8.30e-10,59.7,65.45
2lhd,1P7E_A,59.259,54,22,0,3,56,3,56,8.40e-10,59.7,66.67
2lhd,2J52_A,61.818,55,21,0,2,56,2,56,8.49e-10,59.3,63.64
2lhd,6CNE_A,61.111,54,21,0,3,56,3,56,8.68e-10,59.3,62.96
2lhd,6CPZ_A,61.111,54,21,0,3,56,3,56,8.68e-10,59.3,62.96
2lhd,WP_415671399.1,63.636,55,20,0,2,56,29,83,8.78e-10,63.5,65.45
2lhd,WP_415671399.1,60.714,56,22,0,1,56,98,153,1.43e-09,62.8,67.86
2lhd,WP_283271334.1,60.714,56,22,0,1,56,69,124,8.83e-10,63.2,67.86
2lhd,WP_283271334.1,51.852,54,26,0,3,56,1,54,6.22e-05,50.1,59.26
2lhd,WP_142562694.1,63.636,55,20,0,2,56,32,86,9.21e-10,63.5,65.45
2lhd,WP_142562694.1,60.714,56,22,0,1,56,101,156,1.51e-09,62.8,67.86
2lhd,WP_283264262.1,60.714,56,22,0,1,56,77,132,9.47e-10,63.2,67.86
2lhd,WP_283264262.1,53.571,56,26,0,1,56,7,62,5.90e-06,53.1,60.71
2lhd,6RSS_A,61.111,54,21,0,3,56,6,59,9.95e-10,60.8,64.81
2lhd,WP_283309386.1,60.714,56,22,0,1,56,98,153,9.98e-10,63.5,67.86
2lhd,WP_283309386.1,53.571,56,26,0,1,56,28,83,6.06e-06,53.1,60.71
2lhd,WP_218661882.1,60.714,56,22,0,1,56,58,113,1.04e-09,62.8,67.86
2lhd,WP_049519270.1,63.636,55,20,0,2,56,46,100,1.05e-09,63.5,65.45
2lhd,WP_049519270.1,60.714,56,22,0,1,56,115,170,1.61e-09,62.8,67.86
2lhd,WP_269760527.1,58.929,56,23,0,1,56,49,104,1.17e-09,62.4,66.07
2lhd,WP_148852818.1,63.636,55,20,0,2,56,153,207,1.19e-09,63.5,65.45
2lhd,1PN5_A,62.963,54,20,0,3,56,3,56,1.24e-09,61.6,64.81
2lhd,1EM7_A,60.714,56,22,0,1,56,1,56,1.25e-09,58.9,64.29
2lhd,WP_243096479.1,60.714,56,22,0,1,56,120,175,1.44e-09,63.2,67.86
2lhd,WP_243096479.1,53.571,56,26,0,1,56,50,105,7.14e-06,53.1,60.71
2lhd,WP_243096479.1,60.000,35,14,0,22,56,1,35,0.039,42.4,65.71
2lhd,EGR88151.1,63.636,55,20,0,2,56,202,256,1.50e-09,63.5,65.45
2lhd,EGR88151.1,60.714,56,22,0,1,56,271,326,2.33e-09,63.2,67.86
2lhd,WP_165745911.1,63.636,55,20,0,2,56,228,282,1.60e-09,63.5,65.45
2lhd,WP_165745911.1,60.714,56,22,0,1,56,297,352,2.45e-09,62.8,67.86
6nyk,6NYK_A,100.000,91,0,0,1,91,5,95,2.93e-52,169,100.00
6nyk,6NYE_A,96.703,91,3,0,1,91,5,95,3.22e-49,161,96.70
6nyk,6O0I_A,94.505,91,5,0,1,91,5,95,8.96e-48,158,95.60
6nyk,6NXM_A,95.455,88,4,0,4,91,6,93,2.86e-45,151,96.59
6nyk,6NZ3_A,94.318,88,5,0,4,91,6,93,3.06e-45,151,95.45
6nyk,6O0C_A,95.455,88,4,0,4,91,6,93,3.41e-45,151,96.59
6nyk,6NX2_A,91.209,91,8,0,1,91,5,95,9.52e-45,150,92.31
6nyk,6NZ1_A,92.308,91,7,0,1,91,5,95,1.33e-43,147,93.41
6nyk,6NYI_A,91.209,91,8,0,1,91,5,95,3.15e-43,146,92.31
6nyk,8UB3_4,43.011,93,40,2,1,90,17,99,1.20e-04,51.2,54.84
6nyk,8UB3_4,50.877,57,28,0,1,57,92,148,0.016,45.1,63.16
6nyk,8UB3_4,50.877,57,28,0,1,57,168,224,0.047,43.9,63.16
6nyk,6MSQ_A,50.877,57,28,0,1,57,16,72,0.002,45.4,63.16
6nyk,8GLT_0,50.877,57,28,0,1,57,279,335,0.014,45.4,63.16
2lhe,2LHE_A,100.000,56,0,0,1,56,1,56,2.41e-29,108,100.00
2lhe,2KDM_A,98.214,56,1,0,1,56,1,56,1.46e-28,106,98.21
2lhe,2LHG_A,98.214,56,1,0,1,56,1,56,1.60e-28,106,98.21
2lhe,2LHD_A,96.429,56,2,0,1,56,1,56,1.05e-27,104,96.43
2lhe,2LHC_A,94.643,56,3,0,1,56,1,56,1.28e-26,102,94.64
2lhe,2KDL_A,92.857,56,4,0,1,56,1,56,1.27e-25,99.4,92.86
2lhe,2JWS_A,92.857,56,4,0,1,56,1,56,1.53e-25,99.4,92.86
2lhe,2JWU_A,91.071,56,5,0,1,56,1,56,4.08e-25,98.2,91.07
2lhe,6NL8_A,63.636,55,20,0,2,56,2,56,1.28e-11,63.9,67.27
2lhe,2ZW1_A,63.636,55,20,0,2,56,3,57,1.93e-11,63.5,63.64
2lhe,6O41_M,60.714,56,22,0,1,56,6,61,2.17e-11,63.9,67.86
2lhe,2N9K_A,63.636,55,20,0,2,56,3,57,2.20e-11,63.5,65.45
2lhe,1GB1_A,63.636,55,20,0,2,56,2,56,2.27e-11,63.5,65.45
2lhe,7DA8_A,64.815,54,19,0,3,56,3,56,2.27e-11,63.5,66.67
2lhe,3MP9_A,63.636,55,20,0,2,56,10,64,2.49e-11,63.5,65.45
2lhe,1FCC_C,60.714,56,22,0,1,56,1,56,2.59e-11,63.2,66.07
2lhe,6KMC_A,63.636,55,20,0,2,56,3,57,2.86e-11,63.2,63.64
2lhe,2IGG_A,60.714,56,22,0,1,56,6,61,3.04e-11,63.5,66.07
2lhe,6WFW_G,60.714,56,22,0,1,56,4,59,3.11e-11,63.2,67.86
2lhe,2ZW0_A,63.636,55,20,0,2,56,3,57,3.23e-11,63.2,65.45
2lhe,9CHT_B,63.636,55,20,0,2,56,13,67,3.65e-11,68.2,65.45
2lhe,1IGC_A,60.714,56,22,0,1,56,6,61,3.67e-11,63.2,67.86
2lhe,6W00_G,60.714,56,22,0,1,56,3,58,4.03e-11,62.8,67.86
2lhe,1PGX_A,60.714,56,22,0,1,56,14,69,4.04e-11,63.5,67.86
2lhe,2IGH_A,60.714,56,22,0,1,56,6,61,4.05e-11,62.8,67.86
2lhe,6L9D_A,61.818,55,21,0,2,56,2,56,7.27e-11,62.0,63.64
2lhe,6C9O_A,62.963,54,20,0,3,56,3,56,7.27e-11,62.0,64.81
2lhe,8WCJ_A,59.259,54,22,0,3,56,3,56,7.85e-11,62.0,68.52
2lhe,2GI9_A,62.963,54,20,0,3,56,3,56,9.05e-11,62.0,64.81
2lhe,7QTR_A,62.963,54,20,0,3,56,4,57,9.26e-11,62.0,64.81
2lhe,1FD6_A,58.929,56,23,0,1,56,2,57,1.02e-10,62.0,66.07
2lhe,2PLP_A,62.963,54,20,0,2,55,1,54,1.08e-10,61.6,64.81
2lhe,UPX83547.1,62.963,54,20,0,3,56,2,55,1.08e-10,61.6,64.81
2lhe,6L91_A,61.818,55,21,0,2,56,2,56,1.15e-10,61.6,63.64
2lhe,XHW18005.1,65.455,55,19,0,2,56,303,357,1.26e-10,66.6,67.27
2lhe,6L9B_A,61.818,55,21,0,2,56,2,56,1.29e-10,61.6,63.64
2lhe,GDZ89146.1,60.714,56,22,0,1,56,2,57,1.34e-10,63.9,67.86
2lhe,4OZA_A,61.818,55,21,0,2,56,2,56,1.35e-10,61.6,63.64
2lhe,1UWX_A,58.929,56,23,0,1,56,5,60,1.36e-10,61.6,66.07
2lhe,2NMQ_A,60.000,55,22,0,2,56,1,55,1.40e-10,61.6,67.27
2lhe,1QKZ_A,58.929,56,23,0,1,56,6,61,1.41e-10,61.6,66.07
2lhe,AAB27024.1,58.929,56,23,0,1,56,2,57,1.41e-10,61.6,66.07
2lhe,2KBT_A,63.636,55,20,0,2,56,78,132,1.46e-10,63.5,65.45
2lhe,8ARI_a,62.963,54,20,0,3,56,11,64,2.31e-10,62.8,64.81
2lhe,WP_347094315.1,63.636,55,20,0,2,56,167,221,2.42e-10,65.5,67.27
2lhe,6LJI_A,61.818,55,21,0,2,56,2,56,2.51e-10,60.8,63.64
2lhe,8UM9_A,62.963,54,20,0,3,56,3,56,2.62e-10,60.8,62.96
2lhe,WP_283310026.1,60.714,56,22,0,1,56,31,86,2.92e-10,63.9,67.86
2lhe,2KN4_A,62.963,54,20,0,3,56,3,56,2.93e-10,63.2,64.81
2lhe,WP_218661144.1,63.636,55,20,0,2,56,39,93,3.13e-10,65.5,67.27
2lhe,WP_218661144.1,55.357,56,25,0,1,56,178,233,1.23e-06,55.5,62.50
2lhe,WP_218661144.1,51.786,56,27,0,1,56,108,163,1.78e-05,52.0,58.93
2lhe,WP_347114957.1,63.636,55,20,0,2,56,303,357,3.19e-10,65.5,67.27
2lhe,2MBB_A,62.963,54,20,0,3,56,3,56,3.34e-10,62.0,64.81
2lhe,MSU86949.1,63.636,55,20,0,2,56,57,111,3.61e-10,65.5,67.27
2lhe,MSU86949.1,60.714,56,22,0,1,56,266,321,1.91e-09,63.2,67.86
2lhe,MSU86949.1,53.571,56,26,0,1,56,126,181,1.64e-06,55.1,60.71
2lhe,MSU86949.1,53.571,56,26,0,1,56,196,251,2.45e-06,54.3,60.71
2lhe,GDZ90808.1,60.714,56,22,0,1,56,42,97,3.68e-10,63.5,67.86
2lhe,WP_243091964.1,60.714,56,22,0,1,56,44,99,3.72e-10,63.9,67.86
2lhe,ABL60854.1,60.714,56,22,0,1,56,10,65,3.73e-10,63.2,67.86
2lhe,ABL60854.1,60.714,56,22,0,1,56,72,127,3.73e-10,63.2,67.86
2lhe,WP_170078191.1,65.455,55,19,0,2,56,303,357,3.84e-10,65.1,67.27
2lhe,2KHU_A,62.963,54,20,0,3,56,3,56,3.94e-10,61.6,64.81
2lhe,2I38_A,62.963,54,20,0,3,56,3,56,3.94e-10,62.8,64.81
2lhe,AHA62523.1,60.714,56,22,0,1,56,62,117,4.00e-10,63.2,67.86
2lhe,AHA62523.1,60.714,56,22,0,1,56,124,179,4.00e-10,63.2,67.86
2lhe,ACF35721.1,60.714,56,22,0,1,56,63,118,4.07e-10,63.2,67.86
2lhe,ACF35721.1,60.714,56,22,0,1,56,125,180,4.07e-10,63.2,67.86
2lhe,ACF35719.1,60.714,56,22,0,1,56,7,62,4.12e-10,63.2,67.86
2lhe,ACF35719.1,60.714,56,22,0,1,56,69,124,4.12e-10,63.2,67.86
2lhe,2I2Y_A,62.963,54,20,0,3,56,3,56,4.16e-10,62.8,64.81
2lhe,CAA37410.1,60.714,56,22,0,1,56,60,115,4.24e-10,63.5,66.07
2lhe,CAA37410.1,60.714,56,22,0,1,56,130,185,6.01e-10,62.8,67.86
2lhe,CAA37410.1,61.364,44,17,0,13,56,2,45,4.59e-05,50.1,63.64
2lhe,QGH02325.1,63.636,55,20,0,2,56,300,354,4.24e-10,65.1,67.27
2lhe,QGH02325.1,60.714,56,22,0,1,56,509,564,2.06e-09,63.2,67.86
2lhe,QGH02325.1,53.571,56,26,0,1,56,439,494,2.75e-06,54.3,60.71
2lhe,QGH02325.1,53.571,56,26,0,1,56,369,424,2.78e-06,54.3,60.71
2lhe,5BMH_A,61.111,54,21,0,3,56,3,56,4.44e-10,60.1,62.96
2lhe,6HPJ_B,62.963,54,20,0,3,56,3,56,4.51e-10,62.8,64.81
2lhe,6CHE_A,61.111,54,21,0,3,56,3,56,4.64e-10,60.1,62.96
2lhe,WP_343233279.1,63.636,55,20,0,2,56,218,272,4.71e-10,65.1,67.27
2lhe,WP_343233279.1,60.714,56,22,0,1,56,427,482,2.18e-09,63.2,67.86
2lhe,WP_343233279.1,53.571,56,26,0,1,56,357,412,2.97e-06,54.3,60.71
2lhe,WP_343233279.1,53.571,56,26,0,1,56,287,342,3.12e-06,54.3,60.71
2lhe,WP_343233270.1,63.636,55,20,0,2,56,224,278,4.71e-10,65.1,67.27
2lhe,WP_343233270.1,60.714,56,22,0,1,56,433,488,2.10e-09,63.2,67.86
2lhe,WP_343233270.1,53.571,56,26,0,1,56,363,418,3.00e-06,54.3,60.71
2lhe,WP_343233270.1,53.571,56,26,0,1,56,293,348,3.18e-06,54.3,60.71
2lhe,WP_283265390.1,60.714,56,22,0,1,56,63,118,4.77e-10,63.9,67.86
2lhe,WP_283265390.1,57.143,42,18,0,15,56,7,48,0.002,45.8,64.29
2lhe,1IBX_B,62.963,54,20,0,3,56,3,56,4.82e-10,62.4,64.81
2lhe,WP_283271495.1,60.714,56,22,0,1,56,57,112,4.85e-10,63.5,67.86
2lhe,WP_283271495.1,57.143,42,18,0,15,56,1,42,0.002,45.8,64.29
2lhe,6CTE_A,61.111,54,21,0,3,56,3,56,4.85e-10,60.1,62.96
2lhe,WP_226323796.1,60.714,56,22,0,1,56,67,122,5.12e-10,63.9,67.86
2lhe,WP_226323796.1,50.000,52,26,0,5,56,1,52,0.002,46.2,57.69
2lhe,WP_046159756.1,63.636,55,20,0,2,56,14,68,5.19e-10,63.9,65.45
2lhe,WP_046159756.1,60.714,56,22,0,1,56,83,138,9.00e-10,63.2,67.86
2lhe,6CPZ_A,61.111,54,21,0,3,56,3,56,5.41e-10,60.1,62.96
2lhe,EGL49398.1,63.636,55,20,0,2,56,19,73,5.47e-10,63.9,65.45
2lhe,EGL49398.1,60.714,56,22,0,1,56,88,143,9.48e-10,63.2,67.86
2lhe,8UG0_A,61.818,55,21,0,2,56,2,56,5.47e-10,60.1,65.45
2lhe,2J52_A,61.818,55,21,0,2,56,2,56,5.47e-10,60.1,63.64
2lhe,ABL60859.1,60.714,56,22,0,1,56,73,128,5.49e-10,63.2,67.86
2lhe,ABL60859.1,60.714,56,22,0,1,56,135,190,5.49e-10,63.2,67.86
2lhe,WP_283270947.1,60.714,56,22,0,1,56,68,123,5.63e-10,63.5,67.86
2lhe,WP_283270947.1,50.943,53,26,0,4,56,1,53,5.17e-04,47.8,58.49
2lhe,WP_283271334.1,60.714,56,22,0,1,56,69,124,5.70e-10,63.5,67.86
2lhe,WP_283271334.1,51.852,54,26,0,3,56,1,54,4.77e-05,50.4,59.26
2lhe,1P7E_A,59.259,54,22,0,3,56,3,56,5.78e-10,60.1,66.67
2lhe,WP_415671399.1,63.636,55,20,0,2,56,29,83,5.81e-10,63.9,65.45
2lhe,WP_415671399.1,60.714,56,22,0,1,56,98,153,9.73e-10,63.2,67.86
2lhe,6NLA_A,61.818,55,21,0,2,56,2,56,5.91e-10,60.1,65.45
2lhe,WP_283264262.1,60.714,56,22,0,1,56,77,132,6.25e-10,63.5,67.86
2lhe,WP_283264262.1,53.571,56,26,0,1,56,7,62,4.26e-06,53.5,60.71
2lhe,WP_142562694.1,63.636,55,20,0,2,56,32,86,6.49e-10,63.9,65.45
2lhe,WP_142562694.1,60.714,56,22,0,1,56,101,156,1.06e-09,63.2,67.86
2lhe,6RSS_A,61.111,54,21,0,3,56,6,59,6.51e-10,61.2,64.81
2lhe,6CNE_A,61.111,54,21,0,3,56,3,56,6.67e-10,59.7,62.96
2lhe,1EM7_A,60.714,56,22,0,1,56,1,56,7.20e-10,59.7,64.29
2lhe,WP_218661882.1,60.714,56,22,0,1,56,58,113,7.24e-10,63.5,67.86
2lhe,WP_049519270.1,63.636,55,20,0,2,56,46,100,7.39e-10,63.9,65.45
2lhe,WP_049519270.1,60.714,56,22,0,1,56,115,170,1.22e-09,63.2,67.86
2lhe,WP_283309386.1,60.714,56,22,0,1,56,98,153,7.40e-10,63.5,67.86
2lhe,WP_283309386.1,53.571,56,26,0,1,56,28,83,4.85e-06,53.5,60.71
2lhe,WP_269760527.1,58.929,56,23,0,1,56,49,104,8.10e-10,62.8,66.07
2lhe,1PN5_A,62.963,54,20,0,3,56,3,56,8.10e-10,62.0,64.81
2lhe,WP_148852818.1,63.636,55,20,0,2,56,153,207,8.55e-10,63.9,65.45
2lhe,MDY4034703.1,61.818,55,21,0,2,56,273,327,9.12e-10,64.3,67.27
2lhe,MDY4034703.1,57.143,56,24,0,1,56,342,397,5.37e-08,59.3,64.29
2lhe,EGR88151.1,63.636,55,20,0,2,56,202,256,9.73e-10,63.9,65.45
2lhe,EGR88151.1,60.714,56,22,0,1,56,271,326,1.53e-09,63.5,67.86
2lhe,2KLK_A,61.111,54,21,0,3,56,3,56,9.79e-10,59.3,62.96
7dmf,7DMF_A,100.000,189,0,0,1,189,1,189,3.04e-132,379,100.00
7dmf,5WF2_A,67.347,98,26,2,98,189,36,133,1.14e-33,127,78.57
7dmf,5WF2_A,100.000,48,0,0,1,48,23,70,4.13e-23,100,100.00
7dmf,5WF1_A,66.327,98,27,2,98,189,36,133,1.61e-32,124,77.55
7dmf,5WF1_A,100.000,48,0,0,1,48,23,70,5.40e-23,100,100.00
7dmf,XP_014719554.2,65.306,98,28,2,98,189,324,421,1.38e-30,129,77.55
7dmf,XP_014719554.2,97.917,48,1,0,1,48,311,358,2.64e-21,102,97.92
7dmf,XP_023507579.1,66.000,100,28,2,96,189,225,324,1.50e-30,128,78.00
7dmf,XP_023507579.1,100.000,48,0,0,1,48,214,261,1.56e-22,105,100.00
7dmf,XP_046533519.1,65.979,97,27,2,99,189,325,421,1.88e-30,128,77.32
7dmf,XP_046533519.1,95.833,48,2,0,1,48,311,358,3.16e-20,99.8,95.83
7dmf,XP_044602077.1,89.552,67,7,0,123,189,263,329,2.37e-30,127,91.04
7dmf,XP_044602077.1,88.679,53,1,1,1,48,214,266,5.77e-20,99.0,88.68
7dmf,XP_046533525.1,89.552,67,7,0,123,189,238,304,2.54e-30,127,91.04
7dmf,XP_046533525.1,95.833,48,2,0,1,48,194,241,3.62e-21,102,95.83
7dmf,XP_023507576.1,66.000,100,28,2,96,189,249,348,2.55e-30,127,78.00
7dmf,XP_023507576.1,100.000,48,0,0,1,48,238,285,5.45e-22,104,100.00
7dmf,XP_046533524.1,89.552,67,7,0,123,189,258,324,3.10e-30,127,91.04
7dmf,XP_046533524.1,95.833,48,2,0,1,48,214,261,4.86e-21,102,95.83
7dmf,XP_044602076.1,89.552,67,7,0,123,189,285,351,3.66e-30,127,91.04
7dmf,XP_044602076.1,88.679,53,1,1,1,48,236,288,8.54e-20,98.6,88.68
7dmf,XP_023507573.1,66.000,100,28,2,96,189,322,421,4.17e-30,127,78.00
7dmf,XP_023507573.1,100.000,48,0,0,1,48,311,358,5.52e-22,104,100.00
7dmf,XP_070339911.1,89.552,67,7,0,123,189,280,346,4.90e-30,127,91.04
7dmf,XP_070339911.1,97.917,48,1,0,1,48,236,283,8.50e-22,103,97.92
7dmf,XP_044602071.1,98.305,59,1,0,131,189,368,426,5.22e-30,127,100.00
7dmf,XP_044602071.1,88.679,53,1,1,1,48,311,363,2.54e-19,97.4,88.68
7dmf,XP_044602074.1,89.552,67,7,0,123,189,287,353,8.53e-30,126,91.04
7dmf,XP_044602074.1,88.679,53,1,1,1,48,238,290,2.61e-19,97.1,88.68
7dmf,XP_046533523.1,89.552,67,7,0,123,189,282,348,9.62e-30,126,91.04
7dmf,XP_046533523.1,95.833,48,2,0,1,48,238,285,1.57e-20,100,95.83
7dmf,XP_044602072.1,89.552,67,7,0,123,189,292,358,1.02e-29,126,91.04
7dmf,XP_044602072.1,88.679,53,1,1,1,48,243,295,2.92e-19,97.1,88.68
7dmf,XP_046533522.1,89.552,67,7,0,123,189,306,372,1.26e-29,125,91.04
7dmf,XP_046533522.1,95.833,48,2,0,1,48,262,309,1.71e-20,100,95.83
7dmf,XP_044602073.1,89.552,67,7,0,123,189,287,353,1.50e-29,125,91.04
7dmf,XP_044602073.1,97.917,48,1,0,1,48,243,290,3.36e-21,102,97.92
7dmf,XP_058417832.1,61.765,102,33,2,94,189,296,397,2.19e-29,125,76.47
7dmf,XP_058417832.1,89.583,48,5,0,1,48,287,334,1.40e-17,92.4,93.75
7dmf,XP_058417831.1,61.765,102,33,2,94,189,320,421,2.50e-29,125,76.47
7dmf,XP_058417831.1,89.583,48,5,0,1,48,311,358,1.43e-17,92.4,93.75
7dmf,XP_014644839.1,60.784,102,34,2,94,189,320,421,8.06e-29,124,75.49
7dmf,XP_014644839.1,89.583,48,5,0,1,48,311,358,1.27e-17,92.4,93.75
7dmf,XP_058417834.1,61.765,102,33,2,94,189,228,329,1.06e-27,120,75.49
7dmf,XP_058417834.1,89.583,48,5,0,1,48,219,266,2.41e-17,91.7,93.75
7dmf,VFV28147.1,63.000,100,31,2,96,189,172,271,1.33e-27,119,75.00
7dmf,VFV28147.1,88.889,45,5,0,1,45,161,205,1.77e-15,85.9,91.11
7dmf,XP_058417833.1,61.765,102,33,2,94,189,252,353,1.38e-27,120,75.49
7dmf,XP_058417833.1,89.583,48,5,0,1,48,243,290,2.36e-17,91.7,93.75
7dmf,XP_034497226.1,62.000,100,32,2,96,189,223,322,1.48e-27,119,75.00
7dmf,XP_034497226.1,87.500,48,6,0,1,48,212,259,4.09e-17,90.9,89.58
7dmf,XP_026908203.2,63.000,100,31,2,96,189,324,423,1.53e-27,120,74.00
7dmf,XP_026908203.2,88.889,45,5,0,1,45,313,357,5.03e-15,85.1,91.11
7dmf,XP_034497225.1,63.265,98,30,2,98,189,326,423,3.73e-27,119,75.51
7dmf,XP_034497225.1,87.500,48,6,0,1,48,313,360,1.10e-16,89.7,89.58
7dmf,XP_034497224.1,63.265,98,30,2,98,189,327,424,3.82e-27,119,75.51
7dmf,XP_034497224.1,87.500,48,6,0,1,48,314,361,1.13e-16,89.7,89.58
7dmf,XP_022379275.1,87.692,65,8,0,125,189,289,353,3.96e-27,119,92.31
7dmf,XP_022379275.1,84.444,45,7,0,1,45,243,287,1.67e-13,80.5,88.89
7dmf,XP_022379271.1,87.692,65,8,0,125,189,363,427,4.06e-27,119,92.31
7dmf,XP_022379271.1,84.444,45,7,0,1,45,317,361,1.10e-13,81.3,88.89
7dmf,KAF5913755.1,58.879,107,33,3,94,189,310,416,4.66e-27,119,72.90
7dmf,KAF5913755.1,70.149,67,20,0,1,67,301,367,8.79e-18,92.8,79.10
7dmf,XP_022379272.1,87.692,65,8,0,125,189,359,423,4.97e-27,119,92.31
7dmf,XP_022379272.1,84.444,45,7,0,1,45,313,357,1.36e-13,80.9,88.89
7dmf,XP_014644840.1,60.784,102,34,2,94,189,247,348,5.33e-27,118,74.51
7dmf,XP_014644840.1,89.583,48,5,0,1,48,238,285,2.21e-17,91.7,93.75
7dmf,XP_058559925.1,63.000,100,31,2,96,189,324,423,5.44e-27,119,75.00
7dmf,XP_058559925.1,88.889,45,5,0,1,45,313,357,5.23e-15,84.7,91.11
7dmf,XP_047687652.1,63.000,100,31,2,96,189,324,423,5.66e-27,119,75.00
7dmf,XP_047687652.1,88.889,45,5,0,1,45,313,357,5.08e-15,85.1,91.11
7dmf,XP_025783522.1,63.000,100,31,2,96,189,324,423,5.77e-27,119,75.00
7dmf,XP_025783522.1,88.889,45,5,0,1,45,313,357,5.59e-15,84.7,91.11
7dmf,VFV28146.1,63.000,100,31,2,96,189,324,423,5.88e-27,119,75.00
7dmf,VFV28146.1,88.889,45,5,0,1,45,313,357,5.03e-15,85.1,91.11
7dmf,XP_045345802.1,63.000,100,31,2,96,189,324,423,6.18e-27,119,75.00
7dmf,XP_045345802.1,88.889,45,5,0,1,45,313,357,5.18e-15,85.1,91.11
7dmf,XP_023100058.2,63.000,100,31,2,96,189,324,423,6.18e-27,119,75.00
7dmf,XP_023100058.2,86.667,45,6,0,1,45,313,357,2.23e-14,83.2,88.89
7dmf,XP_043441288.1,63.000,100,31,2,96,189,324,423,6.24e-27,119,75.00
7dmf,XP_043441288.1,88.889,45,5,0,1,45,313,357,5.33e-15,84.7,91.11
7dmf,KAI5764516.1,87.692,65,8,0,125,189,358,422,6.72e-27,119,92.31
7dmf,KAI5764516.1,84.444,45,7,0,1,45,312,356,4.74e-14,82.0,88.89
7dmf,XP_062936745.1,64.516,93,27,2,103,189,322,414,7.16e-27,118,75.27
7dmf,XP_062936745.1,81.250,48,9,0,1,48,304,351,2.32e-14,83.2,89.58
7dmf,XP_046950064.1,63.000,100,31,2,96,189,324,423,7.17e-27,118,75.00
7dmf,XP_046950064.1,88.889,45,5,0,1,45,313,357,5.03e-15,85.1,91.11
7dmf,VCW83994.1,87.692,65,8,0,125,189,404,468,8.86e-27,118,92.31
7dmf,VCW83994.1,84.444,45,7,0,1,45,358,402,3.73e-14,82.4,88.89
7dmf,XP_029783937.1,89.062,64,7,0,126,189,363,426,9.45e-27,118,90.62
7dmf,XP_029783937.1,84.444,45,7,0,1,45,316,360,2.27e-13,80.1,86.67
7dmf,XP_029783938.1,89.062,64,7,0,126,189,360,423,1.01e-26,118,90.62
7dmf,XP_029783938.1,84.444,45,7,0,1,45,313,357,2.72e-13,80.1,86.67
7dmf,XP_040312583.1,94.915,59,3,0,131,189,365,423,1.08e-26,118,96.61
7dmf,XP_040312583.1,85.417,48,7,0,1,48,313,360,6.12e-16,87.4,89.58
7dmf,XP_029783936.1,64.286,98,29,2,98,189,357,454,1.27e-26,118,75.51
7dmf,XP_029783936.1,84.444,45,7,0,1,45,344,388,2.92e-13,79.7,86.67
7dmf,XP_059236695.1,63.000,100,31,2,96,189,323,422,3.42e-26,116,75.00
7dmf,XP_059236695.1,86.667,45,6,0,1,45,312,356,1.73e-14,83.6,91.11
7dmf,XP_059006133.1,63.000,100,31,2,96,189,323,422,3.77e-26,116,75.00
7dmf,XP_059006133.1,86.667,45,6,0,1,45,312,356,1.80e-14,83.2,91.11
7dmf,XP_032175313.1,64.286,98,29,2,98,189,326,423,3.86e-26,116,75.51
7dmf,XP_032175313.1,86.667,45,6,0,1,45,313,357,2.45e-14,82.8,91.11
7dmf,XP_044941658.1,63.000,100,31,2,96,189,347,446,4.06e-26,116,75.00
7dmf,XP_044941658.1,86.667,45,6,0,1,45,336,380,2.06e-14,83.2,91.11
7dmf,XP_059236693.1,63.000,100,31,2,96,189,347,446,4.10e-26,116,75.00
7dmf,XP_059236693.1,86.667,45,6,0,1,45,336,380,1.96e-14,83.2,91.11
7dmf,XP_059236694.1,94.915,59,3,0,131,189,365,423,4.13e-26,116,96.61
7dmf,XP_059236694.1,86.667,45,6,0,1,45,313,357,2.16e-14,83.2,91.11
7dmf,XP_044941659.1,94.915,59,3,0,131,189,365,423,4.30e-26,116,96.61
7dmf,XP_044941659.1,86.667,45,6,0,1,45,313,357,2.26e-14,83.2,91.11
7dmf,XP_059006131.1,94.915,59,3,0,131,189,388,446,4.34e-26,116,96.61
7dmf,XP_059006131.1,86.667,45,6,0,1,45,336,380,1.93e-14,83.2,91.11
7dmf,XP_059006132.1,94.915,59,3,0,131,189,365,423,4.39e-26,116,96.61
7dmf,XP_059006132.1,86.667,45,6,0,1,45,313,357,2.24e-14,83.2,91.11
7dmf,XP_045839980.1,87.692,65,8,0,125,189,355,419,4.41e-26,116,90.77
7dmf,XP_045839980.1,86.667,45,6,0,1,45,309,353,2.00e-14,83.2,91.11
7dmf,XP_032175312.1,63.000,100,31,2,96,189,347,446,4.61e-26,116,75.00
7dmf,XP_032175312.1,86.667,45,6,0,1,45,336,380,2.18e-14,83.2,91.11
7dmf,XP_039082313.1,94.915,59,3,0,131,189,358,416,4.78e-26,116,96.61
7dmf,XP_039082313.1,86.667,45,6,0,1,45,306,350,8.92e-15,84.3,91.11
7dmf,XP_021564465.1,60.000,105,36,3,91,189,294,398,4.94e-26,116,73.33
7dmf,XP_021564465.1,68.421,57,18,0,1,57,288,344,5.27e-15,84.7,82.46
7dmf,XP_044103182.1,94.915,59,3,0,131,189,365,423,4.98e-26,116,96.61
7dmf,XP_044103182.1,86.667,45,6,0,1,45,313,357,2.12e-14,83.2,91.11
7dmf,XP_008567056.1,63.441,93,28,2,103,189,322,414,7.50e-26,115,74.19
7dmf,XP_008567056.1,81.250,48,9,0,1,48,304,351,3.15e-14,82.8,89.58
7dmf,XP_016061776.1,85.075,67,10,0,123,189,276,342,7.51e-26,115,86.57
7dmf,XP_016061776.1,83.333,48,8,0,1,48,232,279,1.35e-14,83.6,89.58
7dmf,XP_043761187.1,83.582,67,11,0,123,189,354,420,8.26e-26,115,86.57
7dmf,XP_043761187.1,73.684,57,15,0,1,57,310,366,7.06e-16,87.4,82.46
7dmf,XP_043761186.1,83.582,67,11,0,123,189,355,421,8.36e-26,115,86.57
7dmf,XP_043761186.1,73.684,57,15,0,1,57,311,367,7.20e-16,87.4,82.46
7dmf,KAL2764540.1,58.824,102,36,2,94,189,233,334,8.49e-26,115,72.55
7dmf,KAL2764540.1,89.583,48,5,0,1,48,224,271,6.71e-18,93.2,95.83
7dmf,KAL2764541.1,58.824,102,36,2,94,189,300,401,1.12e-25,115,72.55
7dmf,KAL2764541.1,89.583,48,5,0,1,48,291,338,5.25e-18,93.6,95.83
7dmf,XP_043761180.1,83.582,67,11,0,123,189,420,486,1.34e-25,115,86.57
7dmf,XP_043761180.1,73.684,57,15,0,1,57,376,432,9.89e-16,87.0,82.46
7dmf,XP_043761181.1,83.582,67,11,0,123,189,404,470,1.38e-25,115,86.57
7dmf,XP_043761181.1,73.684,57,15,0,1,57,360,416,1.16e-15,86.7,82.46
7dmf,XP_043761179.1,83.582,67,11,0,123,189,426,492,1.47e-25,115,86.57
7dmf,XP_043761179.1,73.684,57,15,0,1,57,382,438,1.09e-15,87.0,82.46
7dmf,XP_043761183.1,83.582,67,11,0,123,189,401,467,1.50e-25,115,86.57
7dmf,XP_043761183.1,73.684,57,15,0,1,57,357,413,1.22e-15,86.7,82.46
7dmf,XP_043761178.1,83.582,67,11,0,123,189,427,493,1.50e-25,115,86.57
7dmf,XP_043761178.1,73.684,57,15,0,1,57,383,439,1.07e-15,87.0,82.46
7dmf,DAA18245.1,83.582,67,11,0,123,189,222,288,2.12e-25,113,86.57
7dmf,DAA18245.1,85.417,48,7,0,1,48,178,225,3.16e-16,88.2,89.58
7dmf,XP_041582391.1,66.667,93,25,2,103,189,332,424,2.14e-25,114,76.34
7dmf,XP_041582391.1,81.250,48,9,0,1,48,314,361,9.29e-14,81.3,85.42
7dmf,XP_041582392.1,66.667,93,25,2,103,189,314,406,2.18e-25,114,76.34
7dmf,XP_041582392.1,81.250,48,9,0,1,48,296,343,9.21e-14,81.3,85.42
7dmf,NP_001095424.1,83.582,67,11,0,123,189,222,288,2.23e-25,113,86.57
7dmf,NP_001095424.1,85.417,48,7,0,1,48,178,225,2.98e-16,88.2,89.58
7dmf,XP_025855707.1,66.667,93,25,2,103,189,318,410,2.44e-25,114,76.34
7dmf,XP_025855707.1,81.250,48,9,0,1,48,300,347,7.61e-14,81.6,85.42
7dmf,XP_005624071.1,86.154,65,9,0,125,189,360,424,2.99e-25,114,87.69
7dmf,XP_005624071.1,77.083,48,11,0,1,48,314,361,2.64e-12,77.0,83.33
7dmf,XP_047563904.1,93.220,59,4,0,131,189,365,423,3.10e-25,114,96.61
7dmf,XP_047563904.1,80.000,45,9,0,1,45,313,357,1.68e-12,77.8,88.89
7dmf,XP_035576290.1,86.154,65,9,0,125,189,336,400,3.26e-25,114,87.69
7dmf,XP_035576290.1,77.083,48,11,0,1,48,290,337,2.87e-12,77.0,83.33
7dmf,XP_042771168.1,62.000,100,32,2,96,189,317,416,3.28e-25,114,74.00
7dmf,XP_042771168.1,88.889,45,5,0,1,45,306,350,4.01e-15,85.1,91.11
7dmf,XP_032726301.1,93.220,59,4,0,131,189,364,422,3.54e-25,114,96.61
7dmf,XP_032726301.1,84.444,45,7,0,1,45,312,356,1.85e-13,80.5,88.89
7dmf,XP_042771167.1,62.000,100,32,2,96,189,324,423,3.63e-25,114,74.00
7dmf,XP_042771167.1,88.889,45,5,0,1,45,313,357,4.75e-15,85.1,91.11
7dmf,XP_042822065.1,62.000,100,32,2,96,189,317,416,3.65e-25,114,74.00
7dmf,XP_042822065.1,87.500,48,6,0,1,48,306,353,3.13e-16,88.6,89.58
7dmf,XP_019321490.1,62.000,100,32,2,96,189,324,423,3.67e-25,114,74.00
7dmf,XP_019321490.1,88.889,45,5,0,1,45,313,357,4.66e-15,85.1,91.11
7dmf,XP_042822064.1,63.265,98,30,2,98,189,326,423,3.70e-25,114,74.49
7dmf,XP_042822064.1,87.500,48,6,0,1,48,313,360,3.54e-16,88.2,89.58
7dmf,XP_026339701.2,62.245,98,31,2,98,189,327,424,4.47e-25,113,75.51
7dmf,XP_026339701.2,77.193,57,13,0,1,57,314,370,6.81e-17,90.5,82.46
7dmf,XP_026339702.2,62.245,98,31,2,98,189,326,423,4.50e-25,113,75.51
7dmf,XP_026339702.2,77.193,57,13,0,1,57,313,369,6.80e-17,90.5,82.46
7dmf,XP_040495980.1,66.304,92,18,2,111,189,333,424,4.51e-25,113,76.09
7dmf,XP_040495980.1,75.439,57,14,0,1,57,314,370,1.85e-16,89.0,82.46
7dmf,XP_040495982.1,66.304,92,18,2,111,189,332,423,4.54e-25,113,76.09
7dmf,XP_040495982.1,75.439,57,14,0,1,57,313,369,1.87e-16,89.0,82.46
7dmf,XP_044794619.1,83.582,67,11,0,123,189,344,410,4.55e-25,113,86.57
7dmf,XP_044794619.1,85.417,48,7,0,1,48,300,347,4.59e-16,87.8,89.58
7dmf,XP_066877039.1,82.090,67,12,0,123,189,280,346,4.67e-25,113,85.07
7dmf,XP_066877039.1,73.684,57,15,0,1,57,236,292,4.27e-16,87.8,80.70
7dmf,XP_048068608.1,62.245,98,31,2,98,189,321,418,4.99e-25,113,75.51
7dmf,XP_048068608.1,77.193,57,13,0,1,57,308,364,7.61e-17,90.1,82.46
7dmf,XP_040495983.1,66.304,92,18,2,111,189,328,419,5.00e-25,113,76.09
7dmf,XP_040495983.1,75.439,57,14,0,1,57,309,365,2.11e-16,89.0,82.46
7dmf,XP_055431328.1,83.582,67,11,0,123,189,323,389,5.09e-25,113,86.57
7dmf,XP_055431328.1,85.417,48,7,0,1,48,279,326,5.49e-16,87.8,89.58
7dmf,XP_057174107.1,62.245,98,31,2,98,189,369,466,5.70e-25,113,75.51
7dmf,XP_057174107.1,77.193,57,13,0,1,57,356,412,8.69e-17,90.1,82.46
7dmf,XP_057174108.1,62.245,98,31,2,98,189,368,465,5.74e-25,113,75.51
7dmf,XP_057174108.1,77.193,57,13,0,1,57,355,411,8.68e-17,90.1,82.46
7dmf,XP_045630960.1,91.525,59,5,0,131,189,361,419,6.27e-25,113,94.92
7dmf,XP_045630960.1,85.417,48,7,0,1,48,309,356,2.46e-15,85.9,87.50
5j0j,5J0J_A,100.000,70,0,0,1,70,7,76,1.32e-37,130,100.00
5j0j,8FBJ_A,87.692,65,8,0,2,66,4,68,2.03e-24,103,89.23
5j0j,8FBK_A,89.062,64,7,0,7,70,187,250,6.19e-18,85.9,95.31
5j0j,8FBO_A,82.857,70,12,0,1,70,183,252,2.23e-17,84.7,91.43
5j0j,8FBI_A,82.812,64,11,0,7,70,214,277,7.40e-14,75.5,90.62
5j0j,8FBN_A,77.143,70,16,0,1,70,154,223,7.22e-13,72.0,82.86
5j0j,6XT4_A,86.667,45,6,0,26,70,224,268,3.95e-04,48.9,88.89
8d08,8D08_A,100.000,66,0,0,1,66,4,69,1.32e-32,117,100.00
8bl9,8BL9_A,95.082,122,0,1,1,116,20,141,2.26e-76,233,95.08
8bl9,8BL5_A,91.803,122,4,1,1,116,20,141,2.53e-72,223,92.62
8bl9,1W00_A,77.686,121,21,1,2,116,3,123,8.57e-58,185,82.64
8bl9,3FZW_A,77.686,121,21,1,2,116,3,123,1.42e-57,185,81.82
8bl9,6F4Y_A,77.686,121,21,1,2,116,1,121,1.43e-57,184,81.82
8bl9,1W6Y_A,77.686,121,21,1,2,116,3,123,1.50e-57,185,81.82
8bl9,1CQS_A,77.686,121,21,1,2,116,3,123,2.01e-57,184,81.82
8bl9,1E3R_A,77.686,121,21,1,2,116,3,123,2.48e-57,184,81.82
8bl9,1W01_A,76.860,121,22,1,2,116,3,123,2.80e-57,184,82.64
8bl9,1VZZ_A,76.860,121,22,1,2,116,3,123,2.80e-57,184,82.64
8bl9,1W02_A,76.860,121,22,1,2,116,3,123,2.80e-57,184,82.64
8bl9,6F54_A,76.860,121,22,1,2,116,1,121,3.91e-57,184,81.82
8bl9,P07445.1,77.686,121,21,1,2,116,3,123,4.69e-57,184,81.82
8bl9,3VSY_A,77.686,121,21,1,2,116,4,124,5.64e-57,183,81.82
8bl9,5KP4_A,77.686,121,21,1,2,116,3,123,5.95e-57,183,81.82
8bl9,1OHO_A,76.860,121,22,1,2,116,3,123,7.85e-57,183,81.82
8bl9,7RY4_A,76.860,121,22,1,2,116,3,123,7.85e-57,183,81.82
8bl9,3OWY_A,76.860,121,22,1,2,116,3,123,8.57e-57,183,82.64
8bl9,3OWS_A,76.860,121,22,1,2,116,3,123,8.57e-57,183,82.64
8bl9,6F50_A,76.860,121,22,1,2,116,1,121,1.10e-56,182,81.82
8bl9,3OWU_A,76.860,121,22,1,2,116,3,123,1.31e-56,182,82.64
8bl9,1EA2_A,76.860,121,22,1,2,116,3,123,1.43e-56,182,81.82
8bl9,1DMQ_A,76.860,121,22,1,2,116,3,123,1.43e-56,182,81.82
8bl9,1DMM_A,76.860,121,22,1,2,116,3,123,1.43e-56,182,81.82
8bl9,6F53_A,76.033,121,23,1,2,116,1,121,1.96e-56,182,80.99
8bl9,WP_258579067.1,76.860,121,22,1,2,116,3,123,1.97e-56,182,80.99
8bl9,3T8N_A,76.860,121,22,1,2,116,3,123,2.04e-56,182,80.99
8bl9,3IPT_A,76.860,121,22,1,2,116,3,123,2.35e-56,182,80.99
8bl9,6C1J_A,76.033,121,23,1,2,116,3,123,2.35e-56,182,81.82
8bl9,5G2G_A,76.860,121,22,1,2,116,2,122,3.07e-56,181,80.99
8bl9,3RGR_A,76.860,121,22,1,2,116,3,123,3.72e-56,181,80.99
8bl9,4K1U_A,76.033,121,23,1,2,116,3,123,3.93e-56,181,81.82
8bl9,1DMN_A,76.033,121,23,1,2,116,3,123,3.93e-56,181,81.82
8bl9,4K1V_A,76.033,121,23,1,2,116,3,123,3.93e-56,181,81.82
8bl9,5D83_A,76.860,121,22,1,2,116,3,123,4.14e-56,181,80.99
8bl9,5D82_A,76.860,121,22,1,2,116,3,123,4.14e-56,181,80.99
8bl9,5D81_A,76.860,121,22,1,2,116,3,123,4.14e-56,181,80.99
8bl9,1C7H_A,76.860,121,22,1,2,116,3,123,4.54e-56,181,80.99
8bl9,1K41_A,76.860,121,22,1,2,116,3,123,4.64e-56,181,80.99
8bl9,1GS3_A,75.207,121,24,1,2,116,3,123,6.51e-56,181,81.82
8bl9,3SED_A,76.860,121,22,1,2,116,1,121,7.15e-56,180,80.99
8bl9,1E97_A,75.207,121,24,1,2,116,3,123,1.02e-55,180,81.82
8bl9,WP_115087510.1,76.033,121,23,1,2,116,3,123,1.47e-55,180,80.17
8bl9,WP_134063228.1,75.207,121,24,1,2,116,3,123,2.35e-55,179,80.17
8bl9,4PEJ_A,72.269,119,27,1,2,114,3,121,6.72e-53,173,81.51
8bl9,4CDL_A,68.067,119,32,1,2,114,3,121,2.89e-48,162,76.47
8bl9,WP_416766056.1,52.893,121,51,1,2,116,3,123,1.48e-35,129,68.60
8bl9,WP_336335111.1,57.391,115,47,1,4,116,3,117,2.16e-35,129,73.04
8bl9,WP_230381095.1,52.893,121,51,1,2,116,3,123,3.51e-35,128,68.60
8bl9,EKT4465615.1,52.893,121,51,1,2,116,1,121,3.53e-35,128,69.42
8bl9,WP_182818661.1,52.066,121,52,1,2,116,3,123,5.62e-35,127,68.60
8bl9,MEB3899474.1,52.893,121,51,1,2,116,3,123,6.40e-35,127,69.42
8bl9,WP_102082477.1,52.066,121,52,1,2,116,3,123,7.38e-35,127,68.60
8bl9,MBF8739478.1,52.066,121,52,1,2,116,1,121,7.84e-35,127,68.60
8bl9,WP_232092030.1,52.066,121,52,1,2,116,3,123,8.70e-35,127,68.60
8bl9,UBM27313.1,52.893,121,51,1,2,116,3,123,1.33e-34,127,69.42
8bl9,WP_084857996.1,52.066,121,52,1,2,116,1,121,1.54e-34,126,69.42
8bl9,WP_368840581.1,51.240,121,53,1,2,116,1,121,1.65e-34,126,68.60
8bl9,WP_317662644.1,56.410,117,49,1,2,116,3,119,1.83e-34,126,70.94
8bl9,WP_244155252.1,52.066,121,52,1,2,116,3,123,2.06e-34,126,68.60
8bl9,WP_182943327.1,51.240,121,53,1,2,116,1,121,2.17e-34,126,68.60
8bl9,WP_377736640.1,52.066,121,52,1,2,116,3,123,2.43e-34,126,68.60
8bl9,WP_249486107.1,51.724,116,50,1,4,113,3,118,3.10e-34,125,69.83
8bl9,WP_318010864.1,52.066,121,52,1,2,116,1,121,3.29e-34,125,69.42
8bl9,WP_253132724.1,51.240,121,53,1,2,116,3,123,3.49e-34,125,67.77
8bl9,WP_090345808.1,51.240,121,53,1,2,116,1,121,4.37e-34,125,68.60
8bl9,WP_238556637.1,51.240,121,53,1,2,116,3,123,5.28e-34,125,68.60
8bl9,WP_416768095.1,51.240,121,53,1,2,116,1,121,8.14e-34,125,68.60
8bl9,WP_230390322.1,52.542,118,50,1,2,113,3,120,8.93e-34,124,68.64
8bl9,TYO71836.1,50.413,121,54,1,2,116,1,121,1.19e-33,124,68.60
8bl9,WP_230387964.1,51.240,121,53,1,2,116,3,123,1.41e-33,124,67.77
8bl9,MBF8792479.1,51.695,118,51,1,2,113,1,118,2.04e-33,124,67.80
8bl9,MBF8720561.1,51.695,118,51,1,2,113,1,118,2.28e-33,124,68.64
8bl9,WP_207982789.1,51.724,116,50,1,4,113,3,118,2.56e-33,123,69.83
8bl9,EKT4523179.1,52.066,121,52,1,2,116,1,121,3.23e-33,123,68.60
8bl9,WP_196170573.1,50.413,121,54,1,2,116,1,121,3.60e-33,123,67.77
8bl9,WP_262114088.1,53.846,117,48,1,4,114,3,119,3.66e-33,123,65.81
8bl9,WP_179694896.1,50.862,116,51,1,4,113,3,118,5.21e-33,122,68.97
8bl9,WP_273913482.1,52.101,119,51,1,4,116,5,123,6.75e-33,122,66.39
8bl9,WP_194790325.1,53.846,117,48,1,3,113,4,120,7.37e-33,122,69.23
8bl9,WP_230392829.1,51.240,121,53,1,2,116,3,123,8.13e-33,122,66.94
8bl9,WP_273902873.1,50.862,116,51,1,4,113,3,118,1.07e-32,122,68.10
8bl9,WP_007951340.1,51.724,116,50,1,4,113,3,118,1.11e-32,122,68.97
8bl9,WP_314614445.1,52.991,117,53,1,2,116,1,117,1.38e-32,121,69.23
8bl9,WP_192558032.1,50.862,116,51,1,4,113,3,118,1.41e-32,121,68.10
8bl9,MDR0209936.1,51.240,121,53,1,2,116,3,123,1.42e-32,122,66.94
8bl9,WP_401377419.1,52.991,117,53,1,2,116,1,117,1.45e-32,121,69.23
8bl9,WP_192551774.1,50.862,116,51,1,4,113,3,118,1.54e-32,121,68.10
8bl9,MBF8755602.1,50.413,121,54,1,2,116,1,121,2.26e-32,121,66.94
8bl9,WP_242411182.1,54.783,115,46,1,5,113,3,117,2.43e-32,121,69.57
8bl9,WP_337157413.1,50.413,121,54,1,2,116,1,121,2.72e-32,120,66.94
8bl9,WP_416744173.1,50.413,121,54,1,2,116,3,123,2.92e-32,120,66.94
8bl9,WP_244509803.1,50.413,121,54,1,2,116,3,123,3.40e-32,120,66.94
8bl9,WP_262159585.1,50.000,116,52,1,4,113,3,118,4.02e-32,120,68.97
8bl9,WP_152228054.1,53.913,115,47,1,5,113,4,118,4.37e-32,120,68.70
8bl9,WP_309295791.1,52.137,117,54,1,2,116,1,117,4.61e-32,120,69.23
8bl9,WP_085709930.1,50.000,116,52,1,4,113,3,118,4.84e-32,120,68.97
8bl9,WP_236193482.1,52.991,117,53,1,2,116,3,119,6.02e-32,120,68.38
8bl9,WP_258445817.1,53.846,117,48,2,6,116,5,121,6.97e-32,120,65.81
8bl9,WP_134826985.1,50.000,116,52,1,4,113,3,118,7.33e-32,120,68.10
7tjl,7TJL_A,100.000,85,0,0,1,85,6,90,1.85e-52,169,100.00
6nye,6NYE_A,100.000,92,0,0,1,92,4,95,4.99e-53,171,100.00
6nye,6NYK_A,96.739,92,3,0,1,92,4,95,4.26e-50,164,96.74
6nye,6O0I_A,95.652,92,4,0,1,92,4,95,1.43e-49,162,96.74
6nye,6NX2_A,92.391,92,7,0,1,92,4,95,6.30e-47,155,93.48
6nye,6NYI_A,92.391,92,7,0,1,92,4,95,6.98e-45,150,93.48
6nye,6NZ3_A,93.182,88,6,0,5,92,6,93,3.80e-44,149,94.32
6nye,6NXM_A,90.217,92,7,1,1,92,4,93,1.79e-42,144,91.30
6nye,6O0C_A,92.045,88,7,0,5,92,6,93,2.09e-42,144,93.18
6nye,6NZ1_A,89.130,92,10,0,1,92,4,95,2.76e-41,141,90.22
6nye,6MSQ_A,52.632,57,27,0,2,58,16,72,1.77e-04,48.1,64.91
6nye,8UB3_4,43.011,93,40,2,2,91,17,99,2.42e-04,50.1,54.84
6nye,8UB3_4,52.632,57,27,0,2,58,92,148,0.002,47.8,64.91
6nye,8UB3_4,51.724,58,28,0,1,58,167,224,0.003,47.0,65.52
6nye,8GLT_0,45.714,70,24,1,2,71,279,334,0.007,46.2,55.71
3p6i,3P6I_A,100.000,127,0,0,1,127,16,142,3.77e-84,253,100.00
3p6i,3P6J_A,95.868,121,5,0,7,127,12,132,9.10e-76,232,96.69
3p6i,3P6J_A,100.000,93,0,0,3,95,50,142,1.68e-57,186,100.00
3p6i,3SNV_A,100.000,116,0,0,3,118,28,143,4.32e-75,230,100.00
3p6i,3SNV_A,100.000,92,0,0,36,127,19,110,1.02e-57,186,100.00
3p6i,3O4B_A,100.000,108,0,0,3,110,35,142,1.34e-69,216,100.00
3p6i,3O4B_A,91.304,115,7,2,15,127,4,117,5.91e-64,202,93.04
3p6i,3O4C_A,97.222,108,3,0,3,110,35,142,9.57e-68,211,97.22
3p6i,3O4C_A,89.565,115,9,2,15,127,4,117,1.14e-62,199,91.30
3p6i,3O4D_A,97.222,108,3,0,3,110,35,142,4.16e-67,210,97.22
3p6i,3O4D_A,89.565,115,9,2,15,127,4,117,3.41e-62,197,91.30
3p6i,4F34_A,94.444,108,6,0,3,110,29,136,1.42e-65,206,94.44
3p6i,4F34_A,91.667,108,7,1,22,127,4,111,1.19e-60,193,92.59
3p6i,3O4A_A,94.444,108,6,0,3,110,35,142,5.07e-64,202,94.44
3p6i,3O4A_A,91.667,108,7,1,22,127,10,117,1.31e-59,191,92.59
3p6i,3O49_A,91.667,108,9,0,3,110,35,142,1.62e-63,201,94.44
3p6i,3O49_A,89.815,108,9,1,22,127,10,117,2.70e-59,190,92.59
3p6i,3Q7W_A,90.741,108,10,0,3,110,25,132,1.08e-60,193,94.44
3p6i,3Q7W_A,90.099,101,10,0,27,127,7,107,1.49e-56,183,96.04
3p6i,4QKR_A,89.815,108,11,0,3,110,25,132,2.39e-60,192,94.44
3p6i,4QKR_A,91.089,101,9,0,27,127,7,107,5.42e-57,184,96.04
3p6i,4QKS_A,87.963,108,13,0,3,110,25,132,3.87e-60,192,94.44
3p6i,4QKS_A,88.119,101,12,0,27,127,7,107,1.75e-56,182,96.04
3p6i,4D8H_A,87.963,108,13,0,3,110,25,132,1.42e-57,185,89.81
3p6i,4D8H_A,88.119,101,12,0,27,127,7,107,2.20e-53,175,91.09
3p6i,3Q7Y_A,81.481,108,20,0,3,110,25,132,7.53e-56,181,92.59
3p6i,3Q7Y_A,81.000,100,19,0,28,127,8,107,1.35e-51,170,94.00
3p6i,4OW4_A,78.846,104,22,0,3,106,20,123,2.04e-49,164,83.65
3p6i,4OW4_A,79.208,101,21,0,27,127,2,102,1.71e-47,159,84.16
3p6i,3OGF_A,97.590,83,2,0,28,110,8,90,2.20e-49,163,97.59
3p6i,3OGF_A,96.970,66,2,0,3,68,25,90,3.36e-36,130,96.97
3p6i,3OGF_A,98.276,58,1,0,70,127,8,65,1.07e-30,116,98.28
3p6i,3O3Q_A,49.057,106,51,2,22,125,10,114,5.20e-19,88.2,63.21
3p6i,3O3Q_A,64.615,65,21,1,64,126,10,74,4.30e-16,80.9,73.85
3p6i,3O3Q_A,49.451,91,45,1,3,93,35,124,8.96e-16,79.7,64.84
3p6i,4QO3_A,60.811,74,27,1,22,93,10,83,1.75e-18,87.0,74.32
3p6i,4QO3_A,64.615,65,21,1,64,126,10,74,3.24e-16,81.3,75.38
3p6i,4QO3_A,42.697,89,49,1,3,89,35,123,4.32e-11,68.2,61.80
3p6i,4Q9G_A,60.811,74,27,1,22,93,10,83,2.02e-18,87.0,74.32
3p6i,4Q9G_A,64.615,65,21,1,64,126,10,74,3.76e-16,80.9,75.38
3p6i,4Q9G_A,42.697,89,49,1,3,89,35,123,4.23e-11,68.2,61.80
3p6i,1JT7_A,60.811,74,27,1,22,93,10,83,2.37e-18,86.7,72.97
3p6i,1JT7_A,63.077,65,22,1,64,126,10,74,1.13e-15,79.7,73.85
3p6i,1JT7_A,44.944,89,47,1,3,89,35,123,1.53e-12,71.6,61.80
3p6i,1M16_A,60.811,74,27,1,22,93,10,83,2.59e-18,86.7,72.97
3p6i,1M16_A,63.077,65,22,1,64,126,10,74,1.25e-15,79.7,73.85
3p6i,1M16_A,46.067,89,46,1,3,89,35,123,5.28e-13,72.8,62.92
3p6i,1NZK_A,60.811,74,27,1,22,93,10,83,2.73e-18,86.3,72.97
3p6i,1NZK_A,63.077,65,22,1,64,126,10,74,1.33e-15,79.7,73.85
3p6i,1NZK_A,47.191,89,45,1,3,89,35,123,2.30e-13,73.9,62.92
3p6i,3BAO_A,59.459,74,28,1,22,93,10,83,3.18e-18,86.3,72.97
3p6i,3BAO_A,63.077,65,22,1,64,126,10,74,5.37e-16,80.5,73.85
3p6i,3BAO_A,65.306,49,17,0,3,51,35,83,1.03e-10,67.0,79.59
3p6i,1PZZ_A,59.459,74,28,1,22,93,10,83,3.46e-18,86.3,72.97
3p6i,1PZZ_A,63.077,65,22,1,64,126,10,74,6.05e-16,80.5,73.85
3p6i,1PZZ_A,67.347,49,16,0,3,51,35,83,5.30e-12,70.5,81.63
3p6i,3OL0_A,97.561,41,1,0,28,68,8,48,3.62e-18,83.2,97.56
3p6i,3OL0_A,97.561,41,1,0,70,110,8,48,3.62e-18,83.2,97.56
3p6i,3OL0_A,95.833,24,1,0,3,26,25,48,3.30e-05,50.4,95.83
3p6i,4Q91_A,59.459,74,28,1,22,93,10,83,3.90e-18,86.3,74.32
3p6i,4Q91_A,63.077,65,22,1,64,126,10,74,7.27e-16,80.5,75.38
3p6i,4Q91_A,42.697,89,49,1,3,89,35,123,3.88e-11,68.2,61.80
3p6i,3HAL_A,56.410,78,32,1,22,97,10,87,5.22e-18,85.9,71.79
3p6i,3HAL_A,61.538,65,23,1,64,126,10,74,1.70e-15,79.3,73.85
3p6i,3HAL_A,62.264,53,20,0,3,55,35,87,4.71e-11,67.8,77.36
3p6i,NP_001164959.1,56.410,78,32,1,22,97,19,96,5.38e-18,85.9,71.79
3p6i,NP_001164959.1,61.538,65,23,1,64,126,19,83,1.85e-15,79.3,73.85
3p6i,NP_001164959.1,62.264,53,20,0,3,55,44,96,4.46e-11,68.2,77.36
3p6i,XP_004586565.1,56.410,78,32,1,22,97,19,96,5.93e-18,85.9,71.79
3p6i,XP_004586565.1,61.538,65,23,1,64,126,19,83,2.04e-15,79.3,73.85
3p6i,XP_004586565.1,62.264,53,20,0,3,55,44,96,2.11e-11,68.9,77.36
3p6i,4Q9P_A,59.459,74,28,1,22,93,10,83,6.08e-18,85.5,74.32
3p6i,4Q9P_A,63.077,65,22,1,64,126,10,74,1.09e-15,79.7,75.38
3p6i,4Q9P_A,42.697,89,49,1,3,89,35,123,4.28e-11,68.2,61.80
3p6i,1JTC_A,59.459,74,28,1,22,93,10,83,6.55e-18,85.5,72.97
3p6i,1JTC_A,63.077,65,22,1,64,126,10,74,1.13e-15,79.7,73.85
3p6i,1JTC_A,67.347,49,16,0,3,51,35,83,1.11e-11,69.7,81.63
3p6i,1Q03_A,59.459,74,28,1,22,93,10,83,6.55e-18,85.5,72.97
3p6i,1Q03_A,63.077,65,22,1,64,126,10,74,1.11e-15,79.7,73.85
3p6i,1Q03_A,67.347,49,16,0,3,51,35,83,9.76e-12,69.7,81.63
3p6i,3FJD_A,59.459,74,28,1,22,93,10,83,6.70e-18,85.5,72.97
3p6i,3FJD_A,63.077,65,22,1,64,126,10,74,1.16e-15,79.7,73.85
3p6i,3FJD_A,67.347,49,16,0,3,51,35,83,1.09e-11,69.7,81.63
3p6i,2HZ9_A,59.459,74,28,1,22,93,10,83,6.99e-18,85.5,72.97
3p6i,2HZ9_A,63.077,65,22,1,64,126,10,74,1.21e-15,79.7,73.85
3p6i,2HZ9_A,65.306,49,17,0,3,51,35,83,1.17e-10,67.0,79.59
3p6i,3FJI_A,59.459,74,28,1,22,93,10,83,7.38e-18,85.5,72.97
3p6i,3FJI_A,63.077,65,22,1,64,126,10,74,1.27e-15,79.7,73.85
3p6i,3FJI_A,42.697,89,49,1,3,89,35,123,9.14e-11,67.0,61.80
3p6i,2HWM_A,59.459,74,28,1,22,93,10,83,7.46e-18,85.5,72.97
3p6i,2HWM_A,63.077,65,22,1,64,126,10,74,1.29e-15,79.7,73.85
3p6i,2HWM_A,42.697,89,49,1,3,89,35,123,5.18e-11,67.8,61.80
3p6i,1Q04_A,59.459,74,28,1,22,93,10,83,7.88e-18,85.5,72.97
3p6i,1Q04_A,63.077,65,22,1,64,126,10,74,1.39e-15,79.7,73.85
3p6i,1Q04_A,67.347,49,16,0,3,51,35,83,1.16e-11,69.3,81.63
3p6i,XP_058533760.1,56.410,78,32,1,22,97,37,114,8.10e-18,85.9,71.79
3p6i,XP_058533760.1,61.538,65,23,1,64,126,37,101,2.98e-15,79.3,73.85
3p6i,XP_058533760.1,62.264,53,20,0,3,55,62,114,2.70e-11,69.3,77.36
3p6i,3FGM_A,59.459,74,28,1,22,93,10,83,8.22e-18,85.1,72.97
3p6i,3FGM_A,63.077,65,22,1,64,126,10,74,1.36e-15,79.7,73.85
3p6i,3FGM_A,43.820,89,48,1,3,89,35,123,6.85e-12,70.1,62.92
3p6i,XP_040856933.1,58.904,73,28,1,22,92,19,91,1.30e-17,85.1,72.60
3p6i,XP_040856933.1,61.538,65,23,1,64,126,19,83,1.89e-15,79.3,73.85
3p6i,XP_040856933.1,66.667,48,16,0,3,50,44,91,4.66e-11,68.2,79.17
3p6i,XP_004854378.1,56.410,78,32,1,22,97,19,96,1.41e-17,85.1,70.51
3p6i,XP_004854378.1,61.538,65,23,1,64,126,19,83,8.45e-15,77.8,72.31
3p6i,XP_004854378.1,42.697,89,49,1,3,89,44,132,1.35e-11,69.7,60.67
3p6i,3CQA_A,55.556,81,33,2,15,93,2,81,1.65e-17,84.3,69.14
3p6i,3CQA_A,58.333,72,27,2,57,126,2,72,3.03e-15,78.6,69.44
3p6i,3CQA_A,65.306,49,17,0,3,51,33,81,8.57e-11,67.0,79.59
3p6i,3B9U_A,58.108,74,29,1,22,93,10,83,1.70e-17,84.3,72.97
3p6i,3B9U_A,61.538,65,23,1,64,126,10,74,2.89e-15,79.0,73.85
3p6i,3B9U_A,65.306,49,17,0,3,51,35,83,1.12e-10,67.0,79.59
3p6i,3BAU_A,58.108,74,29,1,22,93,10,83,1.75e-17,84.3,72.97
3p6i,3BAU_A,61.538,65,23,1,64,126,10,74,2.92e-15,78.6,73.85
3p6i,3BAU_A,64.000,50,18,0,2,51,34,83,7.62e-11,67.4,78.00
3p6i,XP_004854379.1,62.500,64,24,0,29,92,28,91,1.77e-17,82.8,75.00
3p6i,XP_004854379.1,66.071,56,19,0,71,126,28,83,2.14e-15,77.4,76.79
3p6i,XP_004854379.1,66.667,48,16,0,3,50,44,91,2.98e-11,67.0,79.17
3p6i,1DZC_A,58.824,68,28,0,26,93,1,68,1.79e-17,84.0,72.06
3p6i,1DZC_A,62.712,59,22,0,68,126,1,59,3.66e-15,78.2,72.88
3p6i,1DZC_A,65.306,49,17,0,3,51,20,68,4.13e-11,67.8,79.59
3p6i,XP_045856721.1,56.410,78,32,1,22,97,19,96,1.80e-17,84.7,70.51
3p6i,XP_045856721.1,61.538,65,23,1,64,126,19,83,6.19e-15,78.2,72.31
3p6i,XP_045856721.1,62.264,53,20,0,3,55,44,96,4.09e-11,68.2,77.36
3p6i,3BA4_A,58.108,74,29,1,22,93,10,83,1.87e-17,84.3,72.97
3p6i,3BA4_A,61.538,65,23,1,64,126,10,74,3.05e-15,78.6,73.85
3p6i,3BA4_A,65.306,49,17,0,3,51,35,83,1.05e-10,67.0,79.59
3p6i,XP_010612202.1,56.410,78,32,1,22,97,19,96,1.90e-17,84.7,70.51
3p6i,XP_010612202.1,63.077,65,22,1,64,126,19,83,1.30e-15,79.7,73.85
3p6i,XP_010612202.1,42.697,89,49,1,3,89,44,132,2.20e-11,68.9,60.67
3p6i,XP_004643899.1,56.410,78,32,1,22,97,19,96,1.92e-17,84.7,71.79
3p6i,XP_004643899.1,61.538,65,23,1,64,126,19,83,6.45e-15,78.2,73.85
3p6i,XP_004643899.1,62.264,53,20,0,3,55,44,96,2.76e-11,68.6,79.25
3p6i,XP_012875909.1,58.108,74,29,1,22,93,19,92,2.07e-17,84.3,71.62
3p6i,XP_012875909.1,61.538,65,23,1,64,126,19,83,6.19e-15,78.2,72.31
3p6i,XP_012875909.1,65.306,49,17,0,3,51,44,92,5.58e-11,67.8,79.59
3p6i,1P63_A,55.556,81,33,2,15,93,2,81,2.11e-17,84.3,69.14
3p6i,1P63_A,58.333,72,27,2,57,126,2,72,3.80e-15,78.6,69.44
3p6i,1P63_A,42.697,89,49,1,3,89,33,121,6.15e-11,67.4,60.67
3p6i,XP_005007031.1,56.410,78,32,1,22,97,19,96,2.14e-17,84.3,71.79
3p6i,XP_005007031.1,61.538,65,23,1,64,126,19,83,7.49e-15,77.8,73.85
3p6i,XP_005007031.1,62.264,53,20,0,3,55,44,96,3.10e-11,68.6,79.25
3p6i,2HW9_A,58.108,74,29,1,22,93,10,83,2.18e-17,84.3,71.62
3p6i,2HW9_A,61.538,65,23,1,64,126,10,74,3.74e-15,78.6,72.31
3p6i,2HW9_A,42.697,89,49,1,3,89,35,123,4.56e-11,67.8,61.80
3p6i,1JT3_A,59.459,74,28,1,22,93,10,83,2.35e-17,84.0,71.62
3p6i,1JT3_A,61.538,65,23,1,64,126,10,74,1.10e-14,77.4,72.31
3p6i,1JT3_A,67.347,49,16,0,3,51,35,83,3.80e-11,68.2,79.59
3p6i,XP_069892390.1,58.904,73,28,1,22,92,19,91,2.40e-17,84.3,71.23
3p6i,XP_069892390.1,61.538,65,23,1,64,126,19,83,5.85e-15,78.2,72.31
3p6i,XP_069892390.1,66.667,48,16,0,3,50,44,91,6.69e-11,67.8,79.17
3p6i,1JT5_A,59.459,74,28,1,22,93,10,83,2.42e-17,84.0,71.62
3p6i,1JT5_A,61.538,65,23,1,64,126,10,74,1.16e-14,77.0,72.31
3p6i,1JT5_A,43.820,89,48,1,3,89,35,123,1.40e-11,69.3,60.67
3p6i,4YOL_A,59.459,74,28,1,22,93,11,84,2.51e-17,84.0,72.97
3p6i,4YOL_A,63.077,65,22,1,64,126,11,75,4.80e-15,78.2,73.85
3p6i,4YOL_A,65.306,49,17,0,3,51,36,84,1.12e-10,67.0,79.59
3p6i,XP_058918236.1,59.459,74,28,1,22,93,19,92,2.54e-17,84.3,71.62
3p6i,XP_058918236.1,63.077,65,22,1,64,126,19,83,4.24e-15,78.6,72.31
3p6i,XP_058918236.1,65.306,49,17,0,3,51,44,92,1.06e-10,67.0,79.59
3p6i,2AQZ_A,55.263,76,34,0,18,93,7,82,2.58e-17,84.0,68.42
3p6i,2AQZ_A,58.209,67,28,0,60,126,7,73,4.43e-15,78.2,68.66
3p6i,2AQZ_A,65.306,49,17,0,3,51,34,82,9.84e-11,67.0,79.59
3p6i,XP_048187242.1,62.500,64,24,0,29,92,28,91,2.60e-17,84.3,75.00
3p6i,XP_048187242.1,66.071,56,19,0,71,126,28,83,6.81e-15,78.2,76.79
3p6i,XP_048187242.1,66.667,48,16,0,3,50,44,91,3.80e-11,68.2,79.17
3p6i,XP_047586327.1,58.108,74,29,1,22,93,19,92,2.71e-17,84.3,71.62
3p6i,XP_047586327.1,61.538,65,23,1,64,126,19,83,5.26e-15,78.2,72.31
3p6i,XP_047586327.1,65.306,49,17,0,3,51,44,92,5.95e-11,67.8,79.59
3p6i,3BA7_A,58.108,74,29,1,22,93,10,83,2.85e-17,84.0,71.62
3p6i,3BA7_A,61.538,65,23,1,64,126,10,74,5.06e-15,78.2,72.31
3p6i,3BA7_A,64.000,50,18,0,2,51,34,83,6.92e-11,67.4,78.00
3p6i,3FJC_A,58.108,74,29,1,22,93,10,83,2.98e-17,84.0,72.97
3p6i,3FJC_A,61.538,65,23,1,64,126,10,74,5.11e-15,78.2,73.85
3p6i,3FJC_A,65.306,49,17,0,3,51,35,83,4.76e-11,67.8,81.63
3p6i,XP_008689675.1,58.108,74,29,1,22,93,19,92,2.99e-17,84.0,71.62
3p6i,XP_008689675.1,61.538,65,23,1,64,126,19,83,5.99e-15,78.2,72.31
3p6i,XP_008689675.1,65.306,49,17,0,3,51,44,92,6.83e-11,67.8,79.59
3p6i,XP_044240125.2,58.108,74,29,1,22,93,47,120,3.05e-17,84.7,71.62
3p6i,XP_044240125.2,61.538,65,23,1,64,126,47,111,5.66e-15,79.0,72.31
3p6i,XP_044240125.2,65.306,49,17,0,3,51,72,120,7.78e-11,68.2,79.59
3p6i,XP_047586329.1,58.904,73,28,1,22,92,19,91,3.22e-17,84.0,71.23
3p6i,XP_047586329.1,61.538,65,23,1,64,126,19,83,4.93e-15,78.6,72.31
3p6i,XP_047586329.1,66.667,48,16,0,3,50,44,91,6.98e-11,67.8,79.17
3p6i,3BAQ_A,58.108,74,29,1,22,93,10,83,3.24e-17,84.0,71.62
3p6i,3BAQ_A,61.538,65,23,1,64,126,10,74,5.40e-15,78.2,72.31
3p6i,3BAQ_A,65.306,49,17,0,3,51,35,83,9.95e-11,67.0,79.59
3p6i,XP_039092064.1,56.410,78,32,1,22,97,19,96,3.48e-17,84.0,70.51
3p6i,XP_039092064.1,61.538,65,23,1,64,126,19,83,1.14e-14,77.4,72.31
3p6i,XP_039092064.1,62.264,53,20,0,3,55,44,96,5.12e-11,68.2,77.36
3p6i,XP_040478225.1,58.904,73,28,1,22,92,19,91,3.51e-17,84.0,71.23
3p6i,XP_040478225.1,61.538,65,23,1,64,126,19,83,5.54e-15,78.2,72.31
3p6i,XP_040478225.1,66.667,48,16,0,3,50,44,91,8.20e-11,67.4,79.17
3p6i,XP_005380756.1,58.108,74,29,1,22,93,19,92,3.51e-17,84.0,71.62
3p6i,XP_005380756.1,63.077,65,22,1,64,126,19,83,8.16e-16,80.5,73.85
3p6i,XP_005380756.1,65.306,49,17,0,3,51,44,92,5.46e-11,67.8,79.59
3p6i,XP_004744780.1,58.108,74,29,1,22,93,19,92,3.56e-17,84.0,71.62
3p6i,XP_004744780.1,61.538,65,23,1,64,126,19,83,6.74e-15,78.2,72.31
3p6i,XP_004744780.1,65.306,49,17,0,3,51,44,92,7.52e-11,67.4,79.59
3p6i,XP_044240126.2,58.904,73,28,1,22,92,47,119,3.57e-17,84.7,71.23
3p6i,XP_044240126.2,61.538,65,23,1,64,126,47,111,5.66e-15,79.0,72.31
3p6i,XP_044240126.2,66.667,48,16,0,3,50,72,119,8.86e-11,68.2,79.17
3p6i,QQM18103.1,61.538,65,25,0,29,93,8,72,3.67e-17,83.2,75.38
3p6i,QQM18103.1,66.071,56,19,0,71,126,8,63,7.24e-15,77.4,76.79
3p6i,QQM18103.1,65.306,49,17,0,3,51,24,72,5.09e-11,67.4,79.59
3p6i,XP_036170253.1,60.938,64,25,0,29,92,28,91,3.74e-17,82.0,75.00
3p6i,XP_036170253.1,64.286,56,20,0,71,126,28,83,6.45e-15,76.3,76.79
3p6i,XP_036170253.1,64.583,48,17,0,3,50,44,91,5.79e-11,66.2,79.17
3p6i,KAG8506984.1,58.108,74,29,1,22,93,19,92,3.75e-17,84.0,71.62
3p6i,KAG8506984.1,61.538,65,23,1,64,126,19,83,6.89e-15,78.2,72.31
3p6i,KAG8506984.1,65.306,49,17,0,3,51,44,92,9.51e-11,67.4,79.59
3p6i,XP_019650803.1,58.108,74,29,1,22,93,19,92,3.96e-17,84.0,71.62
3p6i,XP_019650803.1,61.538,65,23,1,64,126,19,83,7.27e-15,77.8,72.31
3p6i,XP_019650803.1,65.306,49,17,0,3,51,44,92,8.37e-11,67.4,79.59
3p6i,3CU1_B,61.538,65,25,0,29,93,7,71,3.98e-17,83.2,75.38
3p6i,3CU1_B,66.071,56,19,0,71,126,7,62,8.23e-15,77.0,76.79
3p6i,3CU1_B,65.306,49,17,0,3,51,23,71,5.40e-11,67.4,79.59
3p6i,XP_045856723.1,58.904,73,28,1,22,92,19,91,4.08e-17,83.6,71.23
3p6i,XP_045856723.1,61.538,65,23,1,64,126,19,83,6.17e-15,78.2,72.31
3p6i,XP_045856723.1,66.667,48,16,0,3,50,44,91,9.22e-11,67.4,79.17
3p6i,XP_006204568.1,58.108,74,29,1,22,93,19,92,4.13e-17,83.6,71.62
3p6i,XP_006204568.1,61.538,65,23,1,64,126,19,83,1.18e-14,77.4,72.31
3p6i,XP_006204568.1,65.306,49,17,0,3,51,44,92,6.14e-11,67.8,79.59
3p6i,3JUT_A,61.538,65,25,0,29,93,5,69,4.14e-17,83.2,75.38
3p6i,3JUT_A,66.071,56,19,0,71,126,5,60,8.03e-15,77.0,76.79
3p6i,3JUT_A,65.306,49,17,0,3,51,21,69,5.57e-11,67.4,79.59
3p6i,2K43_A,61.538,65,25,0,29,93,6,70,4.15e-17,83.2,75.38
3p6i,2K43_A,66.071,56,19,0,71,126,6,61,8.20e-15,77.4,76.79
3p6i,2K43_A,65.306,49,17,0,3,51,22,70,5.59e-11,67.4,79.59
3p6i,1EVT_A,61.538,65,25,0,29,93,7,71,4.21e-17,83.2,75.38
3p6i,1EVT_A,66.071,56,19,0,71,126,7,62,8.22e-15,77.4,76.79
3p6i,1EVT_A,65.306,49,17,0,3,51,23,71,5.54e-11,67.4,79.59
3p6i,XP_036751107.1,58.108,74,29,1,22,93,19,92,4.22e-17,83.6,71.62
3p6i,XP_036751107.1,61.538,65,23,1,64,126,19,83,6.89e-15,78.2,72.31
3p6i,XP_036751107.1,65.306,49,17,0,3,51,44,92,6.14e-11,67.8,79.59
3p6i,3OJV_A,61.538,65,25,0,29,93,9,73,4.24e-17,83.2,75.38
3p6i,3OJV_A,66.071,56,19,0,71,126,9,64,8.27e-15,77.4,76.79
3p6i,3OJV_A,65.306,49,17,0,3,51,25,73,5.92e-11,67.4,79.59
3p6i,XP_044081351.1,58.904,73,28,1,22,92,19,91,4.26e-17,83.6,71.23
3p6i,XP_044081351.1,61.538,65,23,1,64,126,19,83,6.38e-15,78.2,72.31
3p6i,XP_044081351.1,66.667,48,16,0,3,50,44,91,9.32e-11,67.4,79.17
3p6i,XP_005380764.1,58.904,73,28,1,22,92,19,91,4.34e-17,83.6,71.23
3p6i,XP_005380764.1,63.077,65,22,1,64,126,19,83,8.06e-16,80.5,73.85
3p6i,XP_005380764.1,66.667,48,16,0,3,50,44,91,6.48e-11,67.8,79.17
3p6i,XP_023559807.1,58.904,73,28,1,22,92,19,91,4.39e-17,83.6,72.60
3p6i,XP_023559807.1,61.538,65,23,1,64,126,19,83,5.84e-15,78.2,73.85
3p6i,XP_023559807.1,66.667,48,16,0,3,50,44,91,6.70e-11,67.8,81.25
3p6i,XP_019650824.1,58.904,73,28,1,22,92,19,91,4.40e-17,83.6,71.23
3p6i,XP_019650824.1,61.538,65,23,1,64,126,19,83,6.45e-15,78.2,72.31
3p6i,XP_019650824.1,66.667,48,16,0,3,50,44,91,9.83e-11,67.4,79.17
3p6i,2RQ9_A,61.538,65,25,0,29,93,8,72,4.49e-17,83.2,75.38
3p6i,2RQ9_A,66.071,56,19,0,71,126,8,63,9.28e-15,77.4,76.79
3p6i,2RQ9_A,65.306,49,17,0,3,51,24,72,5.70e-11,67.8,79.59
3p6i,2HWA_A,58.108,74,29,1,22,93,10,83,4.53e-17,83.6,71.62
3p6i,2HWA_A,61.538,65,23,1,64,126,10,74,7.70e-15,77.8,72.31
3p6i,2HWA_A,42.697,89,49,1,3,89,35,123,4.71e-11,67.8,61.80
3p6i,4J23_B,61.538,65,25,0,29,93,11,75,4.66e-17,83.2,75.38
3p6i,4J23_B,66.071,56,19,0,71,126,11,66,9.07e-15,77.4,76.79
3p6i,4J23_B,65.306,49,17,0,3,51,27,75,6.82e-11,67.4,79.59
3p6i,XP_070088683.1,56.579,76,31,1,22,95,19,94,4.82e-17,84.3,71.05
3p6i,XP_070088683.1,61.538,65,23,1,64,126,19,83,1.33e-14,77.8,72.31
3p6i,XP_070088683.1,62.745,51,19,0,3,53,44,94,6.97e-11,68.2,78.43
3p6i,AAV67380.1,58.108,74,29,1,22,93,1,74,4.84e-17,82.8,71.62
3p6i,AAV67380.1,61.538,65,23,1,64,126,1,65,8.23e-15,77.0,72.31
3p6i,AAV67380.1,65.306,49,17,0,3,51,26,74,7.53e-11,67.0,79.59
3p6i,XP_007466915.1,55.696,79,32,2,17,93,49,126,4.90e-17,84.3,72.15
3p6i,XP_007466915.1,58.571,70,26,2,59,126,49,117,8.19e-15,78.6,72.86
3p6i,XP_007466915.1,65.306,49,17,0,3,51,78,126,9.62e-11,68.2,79.59
3p6i,XP_007466916.1,55.696,79,32,2,17,93,15,92,5.02e-17,83.6,72.15
3p6i,XP_007466916.1,58.571,70,26,2,59,126,15,83,8.54e-15,77.8,72.86
3p6i,XP_007466916.1,65.306,49,17,0,3,51,44,92,1.00e-10,67.4,79.59
3p6i,XP_006204569.1,58.904,73,28,1,22,92,19,91,5.06e-17,83.6,71.23
3p6i,XP_006204569.1,61.538,65,23,1,64,126,19,83,1.18e-14,77.4,72.31
3p6i,XP_006204569.1,66.667,48,16,0,3,50,44,91,7.61e-11,67.4,79.17
3p6i,XP_022373837.1,61.538,65,25,0,29,93,28,92,5.08e-17,83.6,75.38
3p6i,XP_022373837.1,66.071,56,19,0,71,126,28,83,9.72e-15,77.8,76.79
3p6i,XP_022373837.1,65.306,49,17,0,3,51,44,92,6.48e-11,67.8,79.59
3p6i,XP_030176381.1,58.108,74,29,1,22,93,19,92,5.16e-17,83.2,71.62
3p6i,XP_030176381.1,61.538,65,23,1,64,126,19,83,9.25e-15,77.4,72.31
3p6i,XP_030176381.1,65.306,49,17,0,3,51,44,92,7.14e-11,67.4,79.59
3p6i,2AXM_A,61.538,65,25,0,29,93,8,72,5.19e-17,82.8,75.38
3p6i,2AXM_A,66.071,56,19,0,71,126,8,63,9.69e-15,77.0,76.79
3p6i,2AXM_A,65.306,49,17,0,3,51,24,72,6.87e-11,67.0,79.59
5ieo,5IEO_A,92.913,127,0,2,1,118,1,127,1.98e-76,233,92.91
5ieo,5IEP_A,88.800,125,5,2,3,118,3,127,5.93e-70,216,90.40
5ieo,5IEN_A,86.400,125,8,2,3,118,3,127,4.83e-68,212,88.00
5ieo,WP_010910725.1,77.600,125,19,2,3,118,24,148,3.45e-57,184,80.00
5ieo,WP_140889682.1,75.806,124,21,2,4,118,25,148,1.96e-54,177,78.23
5ieo,WP_095776074.1,75.806,124,21,2,4,118,25,148,2.29e-54,177,78.23
5ieo,WP_095793875.1,75.806,124,21,2,4,118,25,148,2.44e-54,177,78.23
5ieo,WP_348526112.1,73.600,125,24,2,3,118,24,148,2.73e-54,177,79.20
5ieo,WP_095790437.1,75.000,124,22,2,4,118,25,148,1.51e-53,176,77.42
5ieo,3HX8_A,74.400,125,23,2,3,118,3,127,2.84e-53,174,76.80
5ieo,WP_142885453.1,75.000,124,22,2,4,118,25,148,2.94e-53,175,77.42
5ieo,WP_292475255.1,72.800,125,25,2,3,118,24,148,1.41e-52,173,76.80
5ieo,WP_292118884.1,72.800,125,25,2,3,118,24,148,1.47e-52,173,76.80
5ieo,WP_292452114.1,71.200,125,27,2,3,118,24,148,2.35e-52,172,78.40
5ieo,WP_127862979.1,72.000,125,26,2,3,118,24,148,4.54e-52,172,76.80
5ieo,WP_320217807.1,72.000,125,26,2,3,118,24,148,5.07e-52,172,76.80
5ieo,WP_292234691.1,72.000,125,26,2,3,118,24,148,5.29e-52,171,76.80
5ieo,WP_320263201.1,70.400,125,28,2,3,118,24,148,4.63e-51,169,76.80
5ieo,WP_126090158.1,71.774,124,26,2,3,117,24,147,4.84e-51,169,76.61
5ieo,WP_128239673.1,70.400,125,28,2,3,118,24,148,5.05e-51,169,76.80
5ieo,WP_352732464.1,72.581,124,25,2,3,117,24,147,5.76e-51,169,76.61
5ieo,TGP50681.1,70.400,125,28,2,3,118,24,148,5.83e-51,169,76.00
5ieo,RUV27072.1,72.581,124,25,2,3,117,8,131,6.28e-51,168,76.61
5ieo,WP_126084337.1,70.400,125,28,2,3,118,24,148,8.09e-51,169,76.00
5ieo,WP_206517772.1,72.581,124,25,2,3,117,24,147,1.05e-50,168,76.61
5ieo,TIU33440.1,71.774,124,26,2,3,117,24,147,1.15e-50,168,75.81
5ieo,TIW62562.1,70.400,125,28,2,3,118,24,148,1.16e-50,168,76.00
5ieo,WP_127861182.1,70.400,125,28,2,3,118,24,148,1.45e-50,168,76.00
5ieo,WP_128158575.1,69.600,125,29,2,3,118,24,148,2.01e-50,167,76.80
5ieo,WP_352667582.1,71.774,124,26,2,3,117,24,147,2.34e-50,167,75.81
5ieo,WP_127220935.1,70.968,124,27,2,3,117,24,147,2.88e-50,167,75.81
5ieo,WP_352573761.1,71.774,124,26,2,3,117,24,147,3.01e-50,167,75.81
5ieo,WP_352904244.1,71.774,124,26,2,3,117,24,147,3.36e-50,167,75.81
5ieo,WP_320285925.1,69.600,125,29,2,3,118,24,148,4.27e-50,167,76.00
5ieo,WP_337109298.1,68.800,125,30,2,3,118,24,148,7.64e-50,166,76.00
5ieo,TIW23079.1,70.161,124,28,2,3,117,24,147,9.00e-50,166,76.61
5ieo,WP_337108348.1,70.968,124,27,2,3,117,24,147,9.20e-50,166,75.81
5ieo,RWB57172.1,71.774,124,26,2,3,117,146,269,9.46e-50,170,76.61
5ieo,WP_135864699.1,68.800,125,30,2,3,118,24,148,1.21e-49,166,75.20
5ieo,RWE37990.1,70.161,124,28,2,3,117,24,147,1.49e-49,165,77.42
5ieo,WP_292322934.1,69.600,125,29,2,3,118,24,148,1.81e-49,165,75.20
5ieo,WP_202295435.1,68.800,125,30,2,3,118,24,148,1.83e-49,165,75.20
5ieo,WP_095769644.1,68.800,125,30,2,3,118,24,148,2.09e-49,165,76.80
5ieo,WP_352605001.1,70.968,124,27,2,3,117,24,147,2.36e-49,165,75.00
5ieo,WP_127879524.1,68.800,125,30,2,3,118,24,148,3.66e-49,164,74.40
5ieo,WP_128203313.1,68.800,125,30,2,3,118,24,148,4.21e-49,164,74.40
5ieo,WP_292251199.1,68.000,125,31,2,3,118,24,148,4.81e-49,164,74.40
5ieo,WP_352837430.1,68.000,125,31,2,3,118,24,148,4.86e-49,164,74.40
5ieo,WP_126102196.1,74.561,114,20,2,14,118,35,148,4.91e-49,164,78.07
5ieo,WP_129554728.1,68.000,125,31,2,3,118,24,148,5.98e-49,164,74.40
5ieo,RWL49049.1,68.000,125,31,2,3,118,24,148,6.32e-49,164,74.40
5ieo,WP_224582203.1,68.000,125,31,2,3,118,24,148,6.53e-49,164,75.20
5ieo,WP_292171675.1,68.000,125,31,2,3,118,24,148,7.05e-49,164,74.40
5ieo,WP_140537644.1,69.355,124,29,2,3,117,24,147,9.58e-49,163,76.61
5ieo,WP_095780230.1,68.548,124,30,2,4,118,25,148,1.00e-48,163,75.00
5ieo,TIM22672.1,70.161,124,28,2,3,117,24,147,1.89e-48,162,75.00
5ieo,WP_352735061.1,67.200,125,32,2,3,118,24,148,2.89e-48,162,74.40
5ieo,WP_278116875.1,67.200,125,32,2,3,118,24,148,3.52e-48,162,73.60
5ieo,WP_337093856.1,67.742,124,31,2,3,117,24,147,1.88e-47,160,75.00
5ieo,WP_320315746.1,73.394,109,23,1,3,105,24,132,1.19e-46,158,79.82
5ieo,WP_367142419.1,69.421,121,28,2,6,117,60,180,5.00e-46,157,76.03
5ieo,WP_354416763.1,73.394,109,23,1,3,105,24,132,1.32e-45,155,78.90
5ieo,RWP86634.1,72.477,109,24,1,3,105,24,132,3.18e-44,153,77.98
5ieo,WP_352487110.1,68.750,112,26,2,16,118,1,112,3.91e-43,148,74.11
5ieo,WP_176477783.1,68.548,124,30,2,4,118,25,148,4.38e-43,149,75.81
5ieo,PBB40190.1,68.548,124,30,2,4,118,57,180,1.35e-42,149,75.81
5ieo,WP_292342097.1,59.200,125,42,2,3,118,24,148,6.63e-41,143,70.40
5ieo,WP_208696004.1,67.568,111,27,2,16,117,1,111,7.94e-41,142,74.77
5ieo,WP_192249501.1,58.400,125,43,2,3,118,24,148,6.73e-40,141,72.80
5ieo,WP_023762441.1,56.204,137,26,2,16,118,1,137,3.42e-39,139,60.58
5ieo,WP_023674362.1,56.000,125,46,2,3,118,24,148,1.15e-36,133,69.60
5ieo,WP_352601414.1,64.000,125,36,2,3,118,24,148,1.13e-35,130,72.80
5ieo,WP_352700082.1,56.000,125,46,2,3,118,24,148,3.21e-35,129,68.80
5ieo,WP_320233606.1,52.800,125,50,2,3,118,24,148,3.49e-35,129,69.60
5ieo,WP_352945588.1,55.200,125,47,2,3,118,24,148,1.33e-34,127,68.00
5ieo,WP_352832996.1,55.200,125,47,2,3,118,24,148,1.99e-34,127,68.00
5ieo,WP_140746340.1,54.400,125,48,2,3,118,24,148,2.73e-34,127,68.00
5ieo,WP_292320646.1,52.000,125,51,2,3,118,24,148,4.59e-34,126,68.80
5ieo,WP_337140386.1,54.400,125,48,2,3,118,24,148,5.93e-34,126,68.80
5ieo,RUT97710.1,50.400,125,53,2,3,118,24,148,1.16e-32,122,68.00
5ieo,WP_060563309.1,51.200,125,52,2,3,118,25,149,3.32e-32,121,62.40
5ieo,MQX09684.1,51.200,125,52,2,3,118,30,154,3.92e-32,121,62.40
5ieo,WP_352659634.1,49.600,125,54,2,3,118,24,148,1.10e-31,120,67.20
5ieo,WP_050984059.1,51.200,125,52,2,3,118,25,149,2.79e-31,119,62.40
5ieo,WP_083265465.1,52.000,125,51,2,3,118,25,149,5.37e-29,113,62.40
5ieo,WP_340098084.1,52.800,125,50,2,3,118,25,149,1.34e-28,112,63.20
5ieo,WP_051441028.1,52.000,125,51,2,3,118,25,149,2.79e-28,111,63.20
5ieo,ODR88528.1,52.500,120,48,2,8,118,1,120,3.95e-28,110,63.33
5ieo,WP_084435142.1,50.400,125,53,2,3,118,25,149,4.33e-27,108,63.20
5ieo,MDX1421887.1,46.667,120,55,2,8,118,29,148,4.64e-27,108,60.83
5ieo,TIS55869.1,79.365,63,13,0,3,65,24,86,2.23e-26,105,87.30
5ieo,WP_124998631.1,42.400,125,63,2,3,118,25,149,2.55e-26,106,63.20
5ieo,HEX9770333.1,46.341,123,57,2,5,118,26,148,4.16e-26,106,58.54
5ieo,WP_149790618.1,42.400,125,63,2,3,118,25,149,9.78e-26,105,63.20
5ieo,HUF45186.1,40.000,125,66,2,3,118,25,149,3.87e-25,103,60.00
5ieo,WP_404277815.1,43.200,125,62,2,3,118,25,149,3.89e-25,103,62.40
5ieo,WP_158228602.1,50.400,125,53,2,3,118,25,149,5.37e-25,103,61.60
5ieo,PDT44818.1,50.400,125,53,2,3,118,30,154,5.94e-25,103,61.60
5ieo,MDJ0948261.1,43.548,124,61,2,3,117,2,125,6.63e-25,102,59.68
5ieo,WP_192245044.1,41.600,125,64,2,3,118,26,150,7.76e-25,103,62.40
6o0i,6O0I_A,100.000,98,0,0,1,98,1,98,2.42e-59,187,100.00
6o0i,6NX2_A,96.939,98,3,0,1,98,1,98,4.93e-56,179,96.94
6o0i,6NYI_A,96.939,98,3,0,1,98,1,98,2.76e-55,177,96.94
6o0i,6NYE_A,95.918,98,4,0,1,98,1,98,7.58e-55,176,96.94
6o0i,6NYK_A,94.898,98,5,0,1,98,1,98,6.04e-54,174,95.92
6o0i,6NZ3_A,95.918,98,2,1,1,98,1,96,1.06e-53,173,95.92
6o0i,6NXM_A,94.898,98,3,1,1,98,1,96,1.86e-52,170,94.90
6o0i,6NZ1_A,93.878,98,6,0,1,98,1,98,5.38e-52,169,93.88
6o0i,6O0C_A,93.878,98,4,1,1,98,1,96,8.46e-52,168,94.90
6o0i,8UB3_4,40.000,90,40,1,5,94,17,92,0.003,47.4,52.22
6o0i,6MSQ_A,42.667,75,29,1,5,79,16,76,0.037,42.4,50.67
6o0i,MCC5636036.1,34.615,78,44,1,25,95,410,487,0.042,44.7,48.72
8bl5,8BL5_A,97.500,120,0,1,1,117,20,139,1.22e-77,236,97.50
8bl5,8BL9_A,95.798,119,2,1,1,116,20,138,3.90e-75,230,96.64
8bl5,1W00_A,79.832,119,21,1,2,117,3,121,5.27e-60,191,85.71
8bl5,6F4Y_A,79.832,119,21,1,2,117,1,119,7.85e-60,190,84.87
8bl5,3FZW_A,79.832,119,21,1,2,117,3,121,1.02e-59,190,84.87
8bl5,1CQS_A,79.832,119,21,1,2,117,3,121,1.59e-59,190,84.87
8bl5,1W01_A,78.992,119,22,1,2,117,3,121,1.67e-59,190,85.71
8bl5,1VZZ_A,78.992,119,22,1,2,117,3,121,1.67e-59,190,85.71
8bl5,1W02_A,78.992,119,22,1,2,117,3,121,1.67e-59,190,85.71
8bl5,1E3R_A,79.832,119,21,1,2,117,3,121,1.82e-59,190,84.87
8bl5,6F54_A,78.992,119,22,1,2,117,1,119,2.43e-59,189,84.87
8bl5,3VSY_A,79.832,119,21,1,2,117,4,122,2.64e-59,189,84.87
8bl5,P07445.1,79.832,119,21,1,2,117,3,121,2.85e-59,189,84.87
8bl5,5KP4_A,79.832,119,21,1,2,117,3,121,3.58e-59,189,84.87
8bl5,1OHO_A,78.992,119,22,1,2,117,3,121,5.10e-59,189,84.87
8bl5,7RY4_A,78.992,119,22,1,2,117,3,121,5.10e-59,189,84.87
8bl5,6F50_A,78.992,119,22,1,2,117,1,119,5.47e-59,188,84.87
8bl5,1W6Y_A,79.832,119,21,1,2,117,3,121,6.35e-59,188,84.03
8bl5,WP_115087510.1,78.992,119,22,1,2,117,3,121,7.73e-59,188,84.03
8bl5,1EA2_A,78.992,119,22,1,2,117,3,121,7.82e-59,188,84.87
8bl5,1DMQ_A,78.992,119,22,1,2,117,3,121,7.82e-59,188,84.87
8bl5,1DMM_A,78.992,119,22,1,2,117,3,121,7.82e-59,188,84.87
8bl5,3OWY_A,78.992,119,22,1,2,117,3,121,8.17e-59,188,85.71
8bl5,3OWS_A,78.992,119,22,1,2,117,3,121,8.17e-59,188,85.71
8bl5,3T8N_A,78.992,119,22,1,2,117,3,121,9.53e-59,188,84.03
8bl5,6F53_A,78.151,119,23,1,2,117,1,119,1.02e-58,187,84.03
8bl5,WP_134063228.1,78.151,119,23,1,2,117,3,121,1.15e-58,187,84.03
8bl5,6C1J_A,78.151,119,23,1,2,117,3,121,1.21e-58,187,84.87
8bl5,WP_258579067.1,78.992,119,22,1,2,117,3,121,1.27e-58,187,84.03
8bl5,3OWU_A,78.992,119,22,1,2,117,3,121,1.40e-58,187,85.71
8bl5,3IPT_A,78.992,119,22,1,2,117,3,121,1.43e-58,187,84.03
8bl5,5G2G_A,78.992,119,22,1,2,117,2,120,1.51e-58,187,84.03
8bl5,4K1U_A,78.151,119,23,1,2,117,3,121,2.01e-58,187,84.87
8bl5,1DMN_A,78.151,119,23,1,2,117,3,121,2.01e-58,187,84.87
8bl5,4K1V_A,78.151,119,23,1,2,117,3,121,2.01e-58,187,84.87
8bl5,1C7H_A,78.992,119,22,1,2,117,3,121,2.05e-58,187,84.03
8bl5,1K41_A,78.992,119,22,1,2,117,3,121,2.24e-58,187,84.03
8bl5,3RGR_A,78.992,119,22,1,2,117,3,121,2.29e-58,187,84.03
8bl5,5D83_A,78.992,119,22,1,2,117,3,121,2.52e-58,187,84.03
8bl5,5D82_A,78.992,119,22,1,2,117,3,121,2.52e-58,187,84.03
8bl5,5D81_A,78.992,119,22,1,2,117,3,121,2.52e-58,187,84.03
8bl5,3SED_A,78.992,119,22,1,2,117,1,119,2.90e-58,186,84.03
8bl5,1GS3_A,77.311,119,24,1,2,117,3,121,3.01e-58,187,84.87
8bl5,1E97_A,77.311,119,24,1,2,117,3,121,4.33e-58,186,84.87
8bl5,4PEJ_A,73.950,119,28,1,2,117,3,121,2.01e-55,180,84.03
8bl5,4CDL_A,69.748,119,33,1,2,117,3,121,8.13e-51,168,78.99
8bl5,WP_416766056.1,53.782,119,52,1,2,117,3,121,7.39e-38,135,72.27
8bl5,WP_230381095.1,53.782,119,52,1,2,117,3,121,2.16e-37,134,72.27
8bl5,WP_182818661.1,52.941,119,53,1,2,117,3,121,2.16e-37,134,72.27
8bl5,WP_102082477.1,52.941,119,53,1,2,117,3,121,2.49e-37,134,72.27
8bl5,WP_232092030.1,52.941,119,53,1,2,117,3,121,2.66e-37,134,72.27
8bl5,EKT4465615.1,53.782,119,52,1,2,117,1,119,2.98e-37,133,73.11
8bl5,MBF8739478.1,52.941,119,53,1,2,117,1,119,5.15e-37,133,72.27
8bl5,MEB3899474.1,53.782,119,52,1,2,117,3,121,5.23e-37,133,73.11
8bl5,WP_244155252.1,52.941,119,53,1,2,117,3,121,5.59e-37,133,72.27
8bl5,WP_368840581.1,52.101,119,54,1,2,117,1,119,6.20e-37,132,72.27
8bl5,WP_182943327.1,52.101,119,54,1,2,117,1,119,7.31e-37,132,72.27
8bl5,WP_377736640.1,52.941,119,53,1,2,117,3,121,7.43e-37,132,72.27
8bl5,WP_253132724.1,52.101,119,54,1,2,117,3,121,1.14e-36,132,71.43
8bl5,WP_084857996.1,52.941,119,53,1,2,117,1,119,1.35e-36,132,73.11
8bl5,WP_090345808.1,52.101,119,54,1,2,117,1,119,1.62e-36,131,72.27
8bl5,UBM27313.1,53.782,119,52,1,2,117,3,121,1.76e-36,131,72.27
8bl5,WP_238556637.1,52.101,119,54,1,2,117,3,121,1.76e-36,131,72.27
8bl5,WP_318010864.1,52.941,119,53,1,2,117,1,119,4.39e-36,130,72.27
8bl5,TYO71836.1,51.261,119,55,1,2,117,1,119,4.59e-36,130,72.27
8bl5,WP_416768095.1,52.101,119,54,1,2,117,1,119,6.81e-36,130,72.27
8bl5,WP_336335111.1,57.895,114,47,1,4,117,3,115,6.96e-36,130,73.68
8bl5,WP_230390322.1,52.941,119,53,1,2,117,3,121,7.80e-36,130,70.59
8bl5,MBF8792479.1,52.101,119,54,1,2,117,1,119,8.38e-36,130,70.59
8bl5,WP_230387964.1,52.101,119,54,1,2,117,3,121,1.01e-35,129,70.59
8bl5,MBF8720561.1,52.101,119,54,1,2,117,1,119,2.24e-35,129,70.59
8bl5,WP_249486107.1,52.137,117,53,1,4,117,3,119,2.49e-35,129,70.94
8bl5,WP_196170573.1,51.261,119,55,1,2,117,1,119,2.67e-35,128,70.59
8bl5,WP_242411182.1,55.172,116,49,1,5,117,3,118,3.31e-35,128,71.55
8bl5,WP_317662644.1,56.897,116,49,1,2,117,3,117,4.35e-35,128,71.55
8bl5,EKT4523179.1,52.941,119,53,1,2,117,1,119,4.77e-35,128,71.43
8bl5,WP_262114088.1,54.701,117,50,1,4,117,3,119,5.47e-35,128,67.52
8bl5,WP_230392829.1,52.101,119,54,1,2,117,3,121,6.66e-35,127,70.59
8bl5,WP_194790325.1,53.390,118,52,1,3,117,4,121,7.74e-35,127,71.19
8bl5,WP_236658315.1,54.310,116,50,1,5,117,3,118,9.79e-35,127,71.55
8bl5,WP_207982789.1,52.137,117,53,1,4,117,3,119,1.18e-34,127,70.94
8bl5,WP_371365627.1,53.448,116,51,1,5,117,3,118,1.64e-34,126,71.55
8bl5,MDR0209936.1,52.101,119,54,1,2,117,3,121,1.86e-34,126,69.75
8bl5,MBF8755602.1,51.261,119,55,1,2,117,1,119,1.89e-34,126,70.59
8bl5,WP_416744173.1,51.261,119,55,1,2,117,3,121,2.17e-34,126,70.59
8bl5,WP_337157413.1,51.261,119,55,1,2,117,1,119,2.38e-34,126,70.59
8bl5,WP_244509803.1,51.261,119,55,1,2,117,3,121,2.76e-34,126,70.59
8bl5,WP_331314883.1,54.310,116,50,1,5,117,4,119,2.91e-34,126,69.83
8bl5,WP_152228054.1,55.172,116,49,1,5,117,4,119,3.01e-34,126,69.83
8bl5,WEJ69968.1,54.310,116,50,1,5,117,3,118,3.37e-34,125,69.83
8bl5,WP_258445817.1,54.237,118,45,2,6,117,5,119,3.99e-34,125,67.80
8bl5,WP_179694896.1,51.282,117,54,1,4,117,3,119,4.99e-34,125,70.09
8bl5,WP_273913482.1,52.991,117,52,1,4,117,5,121,6.76e-34,125,68.38
8bl5,WP_070094705.1,50.420,119,56,1,2,117,1,119,7.67e-34,125,70.59
8bl5,WP_192558032.1,51.282,117,54,1,4,117,3,119,1.07e-33,124,69.23
8bl5,WP_273902873.1,51.282,117,54,1,4,117,3,119,1.10e-33,124,69.23
8bl5,WP_007951340.1,52.137,117,53,1,4,117,3,119,1.17e-33,124,70.09
8bl5,WP_074981844.1,52.101,119,48,2,5,117,4,119,1.18e-33,124,68.91
8bl5,SFD19473.1,52.101,119,48,2,5,117,3,118,1.25e-33,124,68.91
8bl5,WP_192551774.1,51.282,117,54,1,4,117,3,119,1.29e-33,124,69.23
6nz3,6NZ3_A,100.000,92,0,0,1,92,2,93,1.86e-54,175,100.00
6nz3,6NXM_A,96.739,92,3,0,1,92,2,93,6.77e-51,166,96.74
6nz3,6O0I_A,95.745,94,2,1,1,92,2,95,1.18e-50,165,95.74
6nz3,6O0C_A,95.652,92,4,0,1,92,2,93,2.92e-50,164,96.74
6nz3,6NX2_A,92.553,94,5,1,1,92,2,95,3.09e-47,156,92.55
6nz3,6NYK_A,92.553,94,5,1,1,92,2,95,3.64e-47,156,93.62
6nz3,6NYI_A,92.553,94,5,1,1,92,2,95,1.36e-46,155,92.55
6nz3,6NYE_A,91.489,94,6,1,1,92,2,95,3.38e-46,154,92.55
6nz3,6NZ1_A,91.489,94,6,1,1,92,2,95,4.21e-45,151,91.49
6nz3,MCC5636036.1,34.615,78,44,1,22,92,410,487,0.015,45.4,48.72
6nx2,6NX2_A,100.000,89,0,0,1,89,6,94,7.64e-52,168,100.00
6nx2,6O0I_A,96.629,89,3,0,1,89,6,94,3.50e-48,159,96.63
6nx2,6NYI_A,93.258,89,6,0,1,89,6,94,1.04e-44,150,93.26
6nx2,6NZ3_A,94.253,87,5,0,3,89,6,92,2.14e-44,149,94.25
6nx2,6NYE_A,92.135,89,7,0,1,89,6,94,3.38e-44,149,93.26
6nx2,6NYK_A,91.011,89,8,0,1,89,6,94,6.76e-43,145,92.13
6nx2,6NXM_A,93.103,87,6,0,3,89,6,92,7.59e-43,145,93.10
6nx2,6O0C_A,93.103,87,6,0,3,89,6,92,8.47e-43,145,93.10
6nx2,6NZ1_A,89.888,89,9,0,1,89,6,94,7.16e-41,140,89.89
6nx2,KAK3873268.1,35.616,73,41,2,9,81,29,95,0.007,46.2,58.90
6nx2,MEN9519268.1,61.364,44,16,1,27,69,18,61,0.024,43.9,70.45
6nx2,MBI3080828.1,48.529,68,29,2,8,69,27,94,0.032,43.1,61.76
6nx2,8GLT_0,47.826,69,22,2,1,69,280,334,0.042,43.9,57.97
5iep,5IEP_A,96.032,126,0,1,1,121,2,127,2.46e-80,243,96.03
5iep,5IEO_A,92.000,125,5,1,2,121,3,127,3.12e-75,230,93.60
5iep,5IEN_A,90.476,126,7,1,1,121,2,127,9.69e-74,226,92.06
5iep,WP_010910725.1,81.746,126,18,1,1,121,23,148,6.42e-63,199,84.13
5iep,WP_095776074.1,78.571,126,22,1,1,121,23,148,1.41e-59,191,81.75
5iep,WP_095793875.1,78.571,126,22,1,1,121,23,148,1.61e-59,191,81.75
5iep,WP_095790437.1,77.778,126,23,1,1,121,23,148,7.62e-59,189,80.95
5iep,3HX8_A,78.571,126,22,1,1,121,2,127,1.02e-58,188,80.95
5iep,WP_142885453.1,77.778,126,23,1,1,121,23,148,1.93e-58,188,80.95
5iep,WP_292118884.1,76.984,126,24,1,1,121,23,148,2.60e-58,187,80.95
5iep,WP_292475255.1,76.984,126,24,1,1,121,23,148,2.66e-58,187,80.95
5iep,WP_292234691.1,76.190,126,25,1,1,121,23,148,8.49e-58,186,80.95
5iep,WP_127862979.1,75.397,126,26,1,1,121,23,148,1.23e-57,186,80.95
5iep,WP_320217807.1,76.190,126,25,1,1,121,23,148,1.25e-57,186,80.95
5iep,WP_348526112.1,75.397,126,26,1,1,121,23,148,1.26e-57,186,82.54
5iep,WP_140889682.1,76.984,126,24,1,1,121,23,148,1.35e-57,186,80.16
5iep,WP_128239673.1,74.603,126,27,1,1,121,23,148,6.31e-57,184,80.95
5iep,WP_126090158.1,76.000,125,25,1,1,120,23,147,6.89e-57,184,80.80
5iep,WP_320263201.1,74.603,126,27,1,1,121,23,148,7.44e-57,184,80.95
5iep,WP_126084337.1,74.603,126,27,1,1,121,23,148,1.09e-56,184,80.16
5iep,WP_206517772.1,76.800,125,24,1,1,120,23,147,1.57e-56,183,80.80
5iep,RUV27072.1,76.800,125,24,1,1,120,7,131,1.60e-56,182,80.80
5iep,TIU33440.1,76.000,125,25,1,1,120,23,147,1.81e-56,183,80.00
5iep,WP_128158575.1,73.810,126,28,1,1,121,23,148,2.32e-56,182,80.95
5iep,WP_127861182.1,74.603,126,27,1,1,121,23,148,2.51e-56,182,80.16
5iep,TGP50681.1,73.810,126,28,1,1,121,23,148,4.79e-56,182,79.37
5iep,WP_127220935.1,75.200,125,26,1,1,120,23,147,5.06e-56,182,80.00
5iep,WP_292452114.1,73.016,126,29,1,1,121,23,148,8.94e-56,181,81.75
5iep,RWB57172.1,76.000,125,25,1,1,120,145,269,9.61e-56,185,80.80
5iep,WP_337109298.1,73.016,126,29,1,1,121,23,148,9.76e-56,181,80.16
5iep,TIW23079.1,74.400,125,27,1,1,120,23,147,1.46e-55,181,80.80
5iep,RWE37990.1,74.400,125,27,1,1,120,23,147,1.95e-55,180,81.60
5iep,WP_320285925.1,73.016,126,29,1,1,121,23,148,1.99e-55,180,79.37
5iep,WP_202295435.1,73.016,126,29,1,1,121,23,148,2.42e-55,180,79.37
5iep,TIW62562.1,73.810,126,28,1,1,121,23,148,2.48e-55,180,79.37
5iep,WP_292322934.1,73.810,126,28,1,1,121,23,148,2.50e-55,180,79.37
5iep,WP_095769644.1,73.016,126,29,1,1,121,23,148,3.80e-55,179,80.95
5iep,WP_127879524.1,73.016,126,29,1,1,121,23,148,3.80e-55,179,78.57
5iep,WP_128203313.1,73.016,126,29,1,1,121,23,148,4.01e-55,179,78.57
5iep,WP_352667582.1,75.200,125,26,1,1,120,23,147,4.38e-55,179,79.20
5iep,WP_129554728.1,72.222,126,30,1,1,121,23,148,6.15e-55,179,78.57
5iep,RWL49049.1,72.222,126,30,1,1,121,23,148,6.22e-55,179,78.57
5iep,WP_352573761.1,75.200,125,26,1,1,120,23,147,6.42e-55,179,79.20
5iep,WP_292171675.1,72.222,126,30,1,1,121,23,148,6.71e-55,179,78.57
5iep,WP_352904244.1,75.200,125,26,1,1,120,23,147,7.65e-55,179,79.20
5iep,WP_224582203.1,72.222,126,30,1,1,121,23,148,7.65e-55,179,79.37
5iep,WP_135864699.1,72.222,126,30,1,1,121,23,148,1.03e-54,179,78.57
5iep,WP_140537644.1,73.600,125,28,1,1,120,23,147,1.32e-54,178,80.80
5iep,WP_352732464.1,74.400,125,27,1,1,120,23,147,2.24e-54,177,78.40
5iep,WP_337108348.1,74.400,125,27,1,1,120,23,147,2.64e-54,177,79.20
5iep,WP_278116875.1,71.429,126,31,1,1,121,23,148,3.18e-54,177,77.78
5iep,WP_352605001.1,74.400,125,27,1,1,120,23,147,4.46e-54,177,78.40
5iep,WP_095780230.1,71.429,126,31,1,1,121,23,148,6.27e-54,176,78.57
5iep,WP_352837430.1,71.429,126,31,1,1,121,23,148,6.70e-54,176,77.78
5iep,WP_292251199.1,71.429,126,31,1,1,121,23,148,8.52e-54,176,77.78
5iep,WP_337093856.1,72.000,125,30,1,1,120,23,147,2.14e-53,175,79.20
5iep,TIM22672.1,73.600,125,28,1,1,120,23,147,4.70e-53,174,78.40
5iep,WP_352735061.1,70.635,126,32,1,1,121,23,148,4.92e-53,174,77.78
5iep,WP_126102196.1,76.190,126,25,1,1,121,23,148,1.91e-51,170,80.95
5iep,WP_367142419.1,72.131,122,29,1,4,120,59,180,1.37e-50,169,79.51
5iep,WP_354416763.1,76.316,114,22,1,1,109,23,136,4.40e-50,166,81.58
5iep,WP_320315746.1,75.000,112,23,1,1,107,23,134,7.34e-49,164,82.14
5iep,WP_176477783.1,71.429,126,31,1,1,121,23,148,7.33e-48,161,79.37
5iep,PBB40190.1,71.429,126,31,1,1,121,55,180,2.02e-47,161,79.37
5iep,RWP86634.1,75.000,112,23,1,1,107,23,134,4.47e-47,160,80.36
5iep,WP_352487110.1,70.536,112,28,1,15,121,1,112,5.27e-46,155,76.79
5iep,WP_208696004.1,70.270,111,28,1,15,120,1,111,9.93e-45,152,78.38
5iep,WP_292342097.1,60.317,126,45,1,1,121,23,148,6.73e-44,151,73.02
5iep,WP_192249501.1,59.524,126,46,1,1,121,23,148,2.04e-42,147,73.81
5iep,WP_023762441.1,57.664,137,28,1,15,121,1,137,5.19e-42,146,62.77
5iep,WP_352601414.1,68.254,126,35,1,1,121,23,148,2.94e-41,144,76.98
5iep,WP_023674362.1,57.143,126,49,1,1,121,23,148,1.64e-39,140,71.43
5iep,WP_320233606.1,54.762,126,52,1,1,121,23,148,1.28e-38,138,72.22
5iep,WP_337140386.1,56.349,126,50,1,1,121,23,148,5.80e-38,136,70.63
5iep,WP_352700082.1,57.143,126,49,1,1,121,23,148,7.87e-38,136,69.84
5iep,WP_292320646.1,53.968,126,53,1,1,121,23,148,2.10e-37,135,71.43
5iep,WP_352945588.1,56.349,126,50,1,1,121,23,148,3.44e-37,134,69.05
5iep,WP_352832996.1,56.349,126,50,1,1,121,23,148,4.77e-37,134,69.05
5iep,WP_140746340.1,55.556,126,51,1,1,121,23,148,1.19e-36,133,69.84
5iep,RUT97710.1,52.381,126,55,1,1,121,23,148,4.87e-36,131,70.63
5iep,WP_060563309.1,53.175,126,54,1,1,121,24,149,9.95e-36,130,65.08
5iep,MQX09684.1,53.175,126,54,1,1,121,29,154,1.37e-35,130,65.08
5iep,WP_050984059.1,53.175,126,54,1,1,121,24,149,1.35e-34,127,65.08
5iep,WP_352659634.1,50.000,126,58,1,1,121,23,148,1.76e-33,125,68.25
5iep,WP_083265465.1,53.968,126,53,1,1,121,24,149,1.89e-32,122,65.08
5iep,WP_340098084.1,54.762,126,52,1,1,121,24,149,3.76e-32,121,65.87
5iep,WP_051441028.1,53.968,126,53,1,1,121,24,149,6.49e-32,121,65.87
5iep,WP_084435142.1,52.381,126,55,1,1,121,24,149,1.00e-30,118,65.87
5iep,ODR88528.1,53.333,120,51,1,7,121,1,120,3.95e-30,115,65.00
5iep,HUF45186.1,42.857,126,67,1,1,121,24,149,1.18e-28,112,61.11
5iep,HEX9770333.1,47.154,123,60,1,4,121,26,148,1.38e-28,112,60.98
5iep,PDT44818.1,52.381,126,55,1,1,121,29,154,1.75e-28,112,64.29
5iep,WP_158228602.1,52.381,126,55,1,1,121,24,149,1.83e-28,112,64.29
5iep,MDX1421887.1,45.833,120,60,1,7,121,29,148,9.40e-28,110,60.83
5iep,WP_124998631.1,41.270,126,69,1,1,121,24,149,1.37e-27,110,64.29
5iep,TIS55869.1,82.812,64,11,0,1,64,23,86,1.92e-27,107,89.06
5iep,WP_320227061.1,43.548,124,65,1,1,119,24,147,3.03e-27,109,62.10
5iep,WP_149790618.1,42.063,126,68,1,1,121,24,149,5.14e-27,108,64.29
5iep,WP_292505174.1,43.548,124,65,1,1,119,52,175,5.51e-27,109,61.29
5iep,TWI34052.1,43.548,124,65,1,1,119,24,147,6.49e-27,108,61.29
6nxm,6NXM_A,100.000,92,0,0,1,92,3,94,6.50e-54,173,100.00
6nxm,6O0C_A,98.913,92,1,0,1,92,3,94,2.96e-53,172,100.00
6nxm,6NZ3_A,96.739,92,3,0,1,92,3,94,7.15e-51,166,96.74
6nxm,6O0I_A,94.681,94,3,1,1,92,3,96,2.39e-49,162,94.68
6nxm,6NZ1_A,94.681,94,3,1,1,92,3,96,5.82e-48,158,94.68
6nxm,6NYK_A,93.617,94,4,1,1,92,3,96,1.78e-47,157,94.68
6nxm,6NX2_A,91.489,94,6,1,1,92,3,96,5.91e-46,153,91.49
6nxm,6NYI_A,91.489,94,6,1,1,92,3,96,3.50e-45,151,91.49
6nxm,6NYE_A,90.426,94,7,1,1,92,3,96,1.08e-44,150,91.49
6nxm,MCC5636036.1,35.897,78,43,1,21,91,410,487,0.006,46.6,50.00
6nxm,8UB3_4,40.909,88,38,1,3,90,19,92,0.006,46.2,53.41
6ny8,6NXM_A,100.000,90,0,0,1,90,4,93,7.17e-52,168,100.00
6ny8,6O0C_A,98.889,90,1,0,1,90,4,93,3.09e-51,166,100.00
6ny8,6NZ3_A,96.667,90,3,0,1,90,4,93,4.13e-49,161,96.67
6ny8,6O0I_A,94.565,92,3,1,1,90,4,95,2.47e-47,157,94.57
6ny8,6NZ1_A,94.565,92,3,1,1,90,4,95,6.78e-46,153,94.57
6ny8,6NYK_A,93.478,92,4,1,1,90,4,95,1.45e-45,152,94.57
6ny8,6NX2_A,91.304,92,6,1,1,90,4,95,4.39e-44,149,91.30
6ny8,6NYI_A,91.304,92,6,1,1,90,4,95,3.77e-43,146,91.30
6ny8,6NYE_A,90.217,92,7,1,1,90,4,95,1.17e-42,145,91.30
6ny8,8UB3_4,40.909,88,38,1,2,89,19,92,0.005,46.6,53.41
6ny8,MCC5636036.1,35.897,78,43,1,20,90,410,487,0.006,46.6,50.00
8ka7,8KA7_A,100.000,115,0,0,1,115,2,116,3.76e-72,221,100.00
8y33,8J1X_A,100.000,184,0,0,1,184,31,214,9.25e-133,381,100.00
8y33,8Y33_A,100.000,184,0,0,1,184,1,184,1.40e-132,379,100.00
8y33,8J1W_A,98.370,184,3,0,1,184,31,214,1.29e-129,373,98.91
8y33,ANW47198.1,87.200,125,15,1,53,176,9,133,1.40e-71,223,91.20
8y33,7UQA_A,87.200,125,15,1,53,176,8,132,2.12e-71,223,91.20
8y33,6FZO_A,86.400,125,16,1,53,176,8,132,8.15e-71,221,91.20
8y33,6FZN_A,86.400,125,16,1,53,176,8,132,4.31e-70,220,90.40
8y33,ANW47199.1,87.200,125,15,1,53,176,165,289,2.41e-69,223,91.20
8y33,ANW47199.1,87.097,124,15,1,53,175,9,132,1.01e-68,221,91.13
8y33,QIE06580.1,87.200,125,15,1,53,176,370,494,1.69e-68,227,91.20
8y33,ABG53750.1,77.600,125,27,1,53,176,8,132,1.94e-61,197,85.60
8y33,WP_044137037.1,70.922,141,38,2,37,176,26,164,2.20e-61,199,80.85
8y33,WP_094672201.1,68.794,141,41,2,37,176,23,161,1.12e-60,197,80.85
8y33,WP_293121316.1,66.667,141,44,2,37,176,23,161,5.62e-59,192,80.85
8y33,MEM1170035.1,67.376,141,43,2,37,176,23,161,5.74e-59,192,80.85
8y33,WP_293132024.1,67.376,141,43,2,37,176,23,161,8.15e-59,192,78.72
8y33,WP_293110776.1,66.667,141,44,2,37,176,14,152,1.35e-58,191,80.85
8y33,MCL2923315.1,73.600,125,32,1,53,176,37,161,1.36e-58,191,84.80
8y33,NET16515.1,66.667,141,44,2,37,176,23,161,2.00e-58,191,80.85
8y33,MDJ0515086.1,65.957,141,45,2,37,176,23,161,6.09e-58,190,80.14
8y33,WP_202224787.1,65.957,141,45,2,37,176,23,161,7.25e-58,189,79.43
8y33,MCL2931222.1,65.957,141,45,2,37,176,23,161,8.64e-58,189,79.43
8y33,MDE5082109.1,72.800,125,33,1,53,176,37,161,2.00e-57,188,84.00
8y33,MDY7004987.1,65.248,141,46,2,37,176,23,161,2.81e-57,188,79.43
8y33,WP_293071026.1,65.248,141,46,2,37,176,23,161,2.97e-57,188,79.43
8y33,MDJ0554541.1,64.539,141,47,2,37,176,23,161,4.08e-57,187,79.43
8y33,MDE5083249.1,72.000,125,34,1,53,176,37,161,4.60e-57,187,84.00
8y33,MDE5075434.1,72.000,125,34,1,53,176,37,161,5.54e-57,187,84.00
8y33,MCL2939258.1,72.000,125,34,1,53,176,37,161,6.11e-57,187,84.00
8y33,WP_124144190.1,64.539,141,47,2,37,176,23,161,7.44e-57,187,79.43
8y33,WP_293162634.1,64.539,141,47,2,37,176,23,161,8.77e-57,187,79.43
8y33,WP_324235203.1,64.539,141,47,2,37,176,23,161,2.22e-56,186,80.14
8y33,MFH7245278.1,62.411,141,50,2,37,176,23,161,3.24e-54,180,78.01
8y33,WP_193933173.1,63.121,141,49,2,37,176,23,161,3.73e-54,180,78.01
8y33,NEP45435.1,62.411,141,50,2,37,176,23,161,3.98e-54,180,78.72
8y33,MEB3313833.1,60.993,141,52,2,37,176,23,161,4.16e-54,180,79.43
8y33,MFM7219217.1,59.574,141,54,2,37,176,23,161,5.77e-54,180,79.43
8y33,MDA0265780.1,62.411,141,50,2,37,176,23,161,6.73e-54,179,75.89
8y33,WP_105221125.1,62.411,141,50,2,37,176,23,161,8.74e-54,179,77.30
8y33,WP_226594120.1,61.702,141,51,2,37,176,23,161,1.54e-53,179,79.43
8y33,MBE7381319.1,60.993,141,52,2,37,176,23,161,1.59e-53,179,77.30
8y33,NJL45903.1,60.993,141,52,2,37,176,23,161,2.16e-53,178,78.72
8y33,WP_161823937.1,60.993,141,52,2,37,176,23,161,2.31e-53,178,78.01
8y33,HIK46058.1,60.993,141,52,2,37,176,23,161,2.63e-53,178,78.72
8y33,MEB3291347.1,60.993,141,52,2,37,176,23,161,3.95e-53,177,77.30
8y33,MFM7325592.1,58.865,141,55,2,37,176,23,161,4.03e-53,177,78.72
8y33,WP_268611714.1,61.702,141,51,2,37,176,23,161,4.12e-53,177,78.01
8y33,MEY3298346.1,60.993,141,52,2,37,176,23,161,4.65e-53,177,77.30
8y33,WP_104546211.1,62.411,141,50,2,37,176,23,161,4.65e-53,177,77.30
8y33,MBV8882675.1,60.993,141,52,2,37,176,23,161,4.79e-53,177,78.72
8y33,MEL6319980.1,60.993,141,52,2,37,176,23,161,5.48e-53,177,74.47
8y33,WP_015187670.1,62.411,141,50,2,37,176,23,161,5.66e-53,177,77.30
8y33,WP_198806480.1,60.284,141,53,2,37,176,23,161,5.85e-53,177,78.01
8y33,NJN57568.1,61.702,141,51,2,37,176,23,161,5.98e-53,177,78.72
8y33,NJL49594.1,61.702,141,51,2,37,176,23,161,5.98e-53,177,78.01
8y33,MBV9385116.1,60.563,142,53,2,37,177,23,162,6.23e-53,177,79.58
8y33,NJL39912.1,61.702,141,51,2,37,176,23,161,6.24e-53,177,78.72
8y33,WP_169612676.1,60.993,141,52,2,37,176,23,161,6.31e-53,177,76.60
8y33,MEL6400255.1,66.400,125,41,1,53,176,37,161,8.39e-53,177,79.20
8y33,MCS6815297.1,60.284,141,53,2,37,176,23,161,1.03e-52,176,77.30
8y33,HEY9849369.1,61.702,141,51,2,37,176,23,161,1.05e-52,176,78.01
8y33,WP_146297104.1,60.993,141,52,2,37,176,23,161,1.07e-52,176,78.01
8y33,WP_249101933.1,60.993,141,52,2,37,176,23,161,1.08e-52,176,78.01
8y33,PSN19609.1,60.993,141,52,2,37,176,23,161,1.19e-52,176,77.30
8y33,WP_190500171.1,60.993,141,52,2,37,176,23,161,1.31e-52,176,76.60
8y33,HBE36245.1,60.993,141,52,2,37,176,23,161,1.37e-52,176,78.72
8y33,WP_194027150.1,60.284,141,53,2,37,176,23,161,1.37e-52,176,77.30
8y33,WP_249070305.1,60.284,141,53,2,37,176,23,161,1.42e-52,176,78.01
8y33,WP_416668189.1,60.993,141,52,2,37,176,23,161,1.67e-52,176,77.30
8y33,WP_277866456.1,60.993,141,52,2,37,176,23,161,1.74e-52,176,76.60
8y33,WP_193911778.1,60.284,141,53,2,37,176,23,161,1.74e-52,176,78.72
8y33,MEM9003839.1,60.993,141,52,2,37,176,23,161,1.82e-52,176,75.18
8y33,PSB18066.1,60.993,141,52,2,37,176,23,161,1.88e-52,176,77.30
8y33,MEO1402972.1,60.284,141,53,2,37,176,23,161,2.47e-52,176,78.72
8y33,WP_413164380.1,59.574,141,54,2,37,176,23,161,2.55e-52,176,78.01
8y33,HEY9809592.1,60.284,141,53,2,37,176,23,161,2.76e-52,176,79.43
8y33,WP_272062637.1,61.702,141,51,2,37,176,23,161,3.01e-52,175,73.76
8y33,MDY6803807.1,62.411,141,50,2,37,176,23,161,3.04e-52,175,76.60
8y33,WP_190641116.1,61.702,141,51,2,37,176,23,161,3.43e-52,175,77.30
8y33,OCQ99185.1,57.447,141,57,2,37,176,23,161,3.91e-52,175,78.72
8y33,WP_408964637.1,60.284,141,53,2,37,176,23,161,4.61e-52,175,78.01
8y33,WP_190441331.1,61.702,141,51,2,37,176,23,161,4.76e-52,175,76.60
8y33,WP_250124794.1,60.993,141,52,2,37,176,23,161,5.31e-52,175,77.30
8y33,WP_346290737.1,60.993,141,52,2,37,176,23,161,5.49e-52,175,76.60
8y33,WP_190422248.1,61.702,141,51,2,37,176,23,161,7.13e-52,174,76.60
8y33,MFM7471066.1,59.574,141,54,2,37,176,23,161,9.37e-52,174,75.89
8y33,HAT14787.1,58.865,141,55,2,37,176,23,161,9.57e-52,174,79.43
8y33,MEM6434913.1,60.284,141,53,2,37,176,23,161,1.01e-51,174,74.47
8y33,WP_015125045.1,57.447,141,57,2,37,176,23,161,1.23e-51,174,78.72
8y33,MFP4134016.1,60.284,141,53,2,37,176,23,161,1.33e-51,174,77.30
8y33,HEY9674712.1,60.993,141,52,2,37,176,23,161,1.40e-51,174,76.60
8y33,MBF2034592.1,60.284,141,53,2,37,176,23,161,1.47e-51,174,75.18
8y33,MBD0307668.1,58.865,141,55,2,37,176,23,161,1.53e-51,174,79.43
8y33,WP_096831860.1,58.865,141,55,2,37,176,23,161,1.56e-51,174,79.43
8y33,WP_324706423.1,59.574,141,54,2,37,176,23,161,1.62e-51,173,76.60
8y33,HBE51426.1,60.284,141,53,2,37,176,7,145,1.66e-51,173,78.01
8y33,UNU22628.1,58.865,141,55,2,37,176,23,161,1.67e-51,173,79.43
8y33,HEY9845727.1,58.865,141,55,2,37,176,23,161,1.73e-51,173,77.30
8y33,WP_015226592.1,59.574,141,54,2,37,176,23,161,1.80e-51,173,76.60
8y33,MEM1308153.1,58.865,141,55,2,37,176,23,161,1.84e-51,173,77.30
8y33,WP_190485754.1,57.447,141,57,2,37,176,23,161,1.86e-51,173,78.01
6x9z,6X9Z_A,98.361,122,0,1,1,120,1,122,2.67e-77,234,98.36
6x9z,6X1K_A,59.016,122,48,1,1,120,1,122,9.69e-45,152,75.41
6x9z,9FDG_A,42.241,116,59,4,2,113,1,112,1.45e-08,62.0,49.14
6x9z,9FDG_A,31.783,129,50,4,26,120,53,177,7.98e-05,52.0,42.64
6x9z,8UZL_A,45.070,71,35,2,12,82,72,138,8.14e-04,48.9,54.93
8oyv,8OYV_A,97.326,187,0,1,1,182,2,188,3.16e-110,323,97.33
2jre,2JRE_A,100.000,108,0,0,1,108,1,108,3.54e-70,216,100.00
2jre,4Q2N_A,61.458,96,36,1,8,103,1,95,3.18e-28,109,69.79
2jre,2DMZ_A,63.441,93,33,1,11,103,14,105,4.96e-28,110,72.04
2jre,EHH49959.1,61.224,98,37,1,6,103,53,149,5.51e-28,111,72.45
2jre,BAE22794.1,61.224,98,37,1,6,103,53,149,2.85e-27,110,71.43
2jre,KAF6379716.1,60.204,98,38,1,6,103,53,149,5.49e-27,109,72.45
2jre,XP_008583095.1,63.265,98,35,1,6,103,356,452,3.36e-26,113,73.47
2jre,XP_008583095.1,41.379,87,42,2,16,102,249,326,3.37e-09,65.1,59.77
2jre,XP_062959712.1,63.265,98,35,1,6,103,356,452,3.44e-26,113,73.47
2jre,XP_062959712.1,41.379,87,42,2,16,102,249,326,2.06e-09,65.9,59.77
2jre,XP_062959710.1,63.265,98,35,1,6,103,356,452,3.58e-26,113,73.47
2jre,XP_062959710.1,41.379,87,42,2,16,102,249,326,2.19e-09,65.9,59.77
2jre,XP_062959711.1,63.265,98,35,1,6,103,356,452,3.72e-26,113,73.47
2jre,XP_062959711.1,41.379,87,42,2,16,102,249,326,2.28e-09,65.5,59.77
2jre,XP_062959714.1,63.265,98,35,1,6,103,356,452,3.78e-26,113,73.47
2jre,XP_062959714.1,41.379,87,42,2,16,102,249,326,2.41e-09,65.5,59.77
2jre,XP_054539657.1,63.265,98,35,1,6,103,356,452,6.30e-26,112,72.45
2jre,XP_054539657.1,42.529,87,41,2,16,102,249,326,8.30e-10,67.0,58.62
2jre,KAL4831055.1,62.245,98,36,1,6,103,356,452,7.26e-26,112,73.47
2jre,KAL4831055.1,42.529,87,41,2,16,102,249,326,8.12e-10,67.0,58.62
2jre,PNI71296.1,63.265,98,35,1,6,103,356,452,7.61e-26,112,72.45
2jre,PNI71296.1,42.529,87,41,2,16,102,249,326,7.70e-10,67.0,58.62
2jre,XP_011538767.1,63.265,98,35,1,6,103,356,452,7.77e-26,112,72.45
2jre,XP_011538767.1,42.529,87,41,2,16,102,249,326,8.20e-10,67.0,58.62
2jre,EAX06596.1,63.265,98,35,1,6,103,356,452,7.88e-26,112,72.45
2jre,EAX06596.1,42.529,87,41,2,16,102,249,326,9.43e-10,66.6,58.62
2jre,XP_016775161.3,63.265,98,35,1,6,103,356,452,7.96e-26,112,72.45
2jre,XP_016775161.3,42.529,87,41,2,16,102,249,326,1.02e-09,66.6,58.62
2jre,XP_063456879.1,63.265,98,35,1,6,103,356,452,8.11e-26,112,72.45
2jre,XP_063456879.1,42.529,87,41,2,16,102,249,326,1.05e-09,66.6,58.62
2jre,XP_034822246.3,63.265,98,35,1,6,103,356,452,8.16e-26,112,72.45
2jre,XP_034822246.3,42.529,87,41,2,16,102,249,326,8.69e-10,67.0,58.62
2jre,XP_016775122.3,63.265,98,35,1,6,103,356,452,8.16e-26,112,72.45
2jre,XP_016775122.3,42.529,87,41,2,16,102,249,326,8.69e-10,67.0,58.62
2jre,EAX06595.1,63.265,98,35,1,6,103,356,452,8.19e-26,112,72.45
2jre,EAX06595.1,42.529,87,41,2,16,102,249,326,1.01e-09,66.6,58.62
2jre,XP_047280257.1,63.265,98,35,1,6,103,356,452,8.23e-26,112,72.45
2jre,XP_047280257.1,42.529,87,41,2,16,102,249,326,8.76e-10,67.0,58.62
2jre,XP_024304382.1,63.265,98,35,1,6,103,356,452,8.24e-26,112,72.45
2jre,XP_024304382.1,42.529,87,41,2,16,102,249,326,8.12e-10,67.0,58.62
2jre,XP_034822236.3,63.265,98,35,1,6,103,356,452,8.24e-26,112,72.45
2jre,XP_034822236.3,42.529,87,41,2,16,102,249,326,8.52e-10,67.0,58.62
2jre,CAA12113.1,63.265,98,35,1,6,103,356,452,8.27e-26,112,72.45
2jre,CAA12113.1,42.529,87,41,2,16,102,249,326,9.80e-10,66.6,58.62
2jre,XP_063673381.1,63.265,98,35,1,6,103,356,452,8.32e-26,112,72.45
2jre,XP_063673381.1,42.529,87,41,2,16,102,249,326,8.52e-10,67.0,58.62
2jre,XP_011538770.1,63.265,98,35,1,6,103,356,452,8.34e-26,112,72.45
2jre,XP_011538770.1,42.529,87,41,2,16,102,249,326,1.08e-09,66.6,58.62
2jre,XP_047280239.1,63.265,98,35,1,6,103,356,452,8.47e-26,112,72.45
2jre,XP_047280239.1,42.529,87,41,2,16,102,249,326,9.38e-10,66.6,58.62
2jre,XP_009457378.4,63.265,98,35,1,6,103,356,452,8.48e-26,112,72.45
2jre,XP_009457378.4,42.529,87,41,2,16,102,249,326,8.69e-10,67.0,58.62
2jre,XP_054539654.1,63.265,98,35,1,6,103,356,452,8.51e-26,112,72.45
2jre,XP_054539654.1,42.529,87,41,2,16,102,249,326,1.08e-09,66.6,58.62
2jre,XP_034822242.3,63.265,98,35,1,6,103,356,452,8.56e-26,112,72.45
2jre,XP_034822242.3,42.529,87,41,2,16,102,249,326,9.03e-10,66.6,58.62
2jre,EAX06593.1,63.265,98,35,1,6,103,356,452,8.59e-26,112,72.45
2jre,EAX06593.1,42.529,87,41,2,16,102,249,326,1.06e-09,66.6,58.62
2jre,NP_795352.3,63.265,98,35,1,6,103,356,452,8.63e-26,112,72.45
2jre,NP_795352.3,42.529,87,41,2,16,102,249,326,9.20e-10,66.6,58.62
2jre,AAM28433.1,63.265,98,35,1,6,103,356,452,8.63e-26,112,72.45
2jre,AAM28433.1,42.529,87,41,2,16,102,249,326,9.75e-10,66.6,58.62
2jre,EAX06594.1,63.265,98,35,1,6,103,356,452,8.63e-26,112,72.45
2jre,EAX06594.1,42.529,87,41,2,16,102,249,326,9.20e-10,66.6,58.62
2jre,XP_063673400.1,63.265,98,35,1,6,103,356,452,8.63e-26,112,72.45
2jre,XP_063673400.1,42.529,87,41,2,16,102,249,326,9.47e-10,66.6,58.62
2jre,XP_011538772.1,63.265,98,35,1,6,103,356,452,8.66e-26,112,72.45
2jre,XP_011538772.1,42.529,87,41,2,16,102,249,326,1.14e-09,66.6,58.62
2jre,XP_047280277.1,63.265,98,35,1,6,103,356,452,8.67e-26,112,72.45
2jre,XP_047280277.1,42.529,87,41,2,16,102,249,326,1.08e-09,66.6,58.62
2jre,CAA12112.1,63.265,98,35,1,6,103,356,452,8.68e-26,112,72.45
2jre,CAA12112.1,42.529,87,41,2,16,102,249,326,1.04e-09,66.6,58.62
2jre,XP_016855489.1,63.265,98,35,1,6,103,53,149,8.69e-26,112,72.45
2jre,XP_011538768.1,63.265,98,35,1,6,103,356,452,8.73e-26,112,72.45
2jre,XP_011538768.1,42.529,87,41,2,16,102,249,326,8.61e-10,67.0,58.62
2jre,XP_011538766.1,63.265,98,35,1,6,103,356,452,8.73e-26,112,72.45
2jre,XP_011538766.1,42.529,87,41,2,16,102,249,326,8.53e-10,67.0,58.62
2jre,PNI71289.1,63.265,98,35,1,6,103,356,452,8.80e-26,112,72.45
2jre,PNI71289.1,42.529,87,41,2,16,102,249,326,1.00e-09,66.6,58.62
2jre,XP_063456875.1,63.265,98,35,1,6,103,356,452,8.81e-26,112,72.45
2jre,XP_063456875.1,42.529,87,41,2,16,102,249,326,9.95e-10,66.6,58.62
2jre,XP_016775139.3,63.265,98,35,1,6,103,356,452,8.81e-26,112,72.45
2jre,XP_016775139.3,42.529,87,41,2,16,102,249,326,8.86e-10,66.6,58.62
2jre,XP_011538764.1,63.265,98,35,1,6,103,356,452,8.82e-26,112,72.45
2jre,XP_011538764.1,42.529,87,41,2,16,102,249,326,8.78e-10,67.0,58.62
2jre,XP_011538769.1,63.265,98,35,1,6,103,356,452,8.98e-26,112,72.45
2jre,XP_011538769.1,42.529,87,41,2,16,102,249,326,9.57e-10,66.6,58.62
2jre,XP_016855487.1,63.265,98,35,1,6,103,356,452,8.99e-26,112,72.45
2jre,XP_016855487.1,42.529,87,41,2,16,102,249,326,9.21e-10,66.6,58.62
2jre,CAA04666.1,63.265,98,35,1,6,103,356,452,9.02e-26,112,72.45
2jre,CAA04666.1,42.529,87,41,2,16,102,249,326,1.11e-09,66.6,58.62
2jre,XP_006710341.1,63.265,98,35,1,6,103,356,452,9.05e-26,112,72.45
2jre,XP_006710341.1,42.529,87,41,2,16,102,249,326,1.17e-09,66.6,58.62
2jre,XP_011538771.1,63.265,98,35,1,6,103,356,452,9.06e-26,112,72.45
2jre,XP_011538771.1,42.529,87,41,2,16,102,249,326,1.08e-09,66.6,58.62
2jre,XP_057154686.2,63.265,98,35,1,6,103,356,452,9.06e-26,112,72.45
2jre,XP_057154686.2,42.529,87,41,2,16,102,249,326,1.00e-09,66.6,58.62
2jre,XP_016775146.3,63.265,98,35,1,6,103,356,452,9.07e-26,112,72.45
2jre,XP_016775146.3,42.529,87,41,2,16,102,249,326,9.85e-10,66.6,58.62
2jre,XP_024304410.1,63.265,98,35,1,6,103,356,452,9.15e-26,112,72.45
2jre,XP_024304410.1,42.529,87,41,2,16,102,249,326,1.01e-09,66.6,58.62
2jre,XP_034822252.3,63.265,98,35,1,6,103,356,452,9.16e-26,112,72.45
2jre,XP_034822252.3,42.529,87,41,2,16,102,249,326,9.95e-10,66.6,58.62
2jre,NP_001337074.2,63.265,98,35,1,6,103,356,452,9.16e-26,112,72.45
2jre,NP_001337074.2,42.529,87,41,2,16,102,249,326,8.94e-10,66.6,58.62
2jre,XP_005270404.1,63.265,98,35,1,6,103,356,452,9.23e-26,112,72.45
2jre,XP_005270404.1,42.529,87,41,2,16,102,249,326,1.13e-09,66.6,58.62
2jre,XP_016855488.1,63.265,98,35,1,6,103,356,452,9.25e-26,112,72.45
2jre,XP_016855488.1,42.529,87,41,2,16,102,249,326,9.30e-10,66.6,58.62
2jre,PNI71299.1,63.265,98,35,1,6,103,356,452,9.56e-26,112,72.45
2jre,PNI71299.1,42.529,87,41,2,16,102,249,326,1.24e-09,66.2,58.62
2jre,XP_017732709.1,62.245,98,36,1,6,103,356,452,9.62e-26,112,73.47
2jre,XP_017732709.1,42.529,87,41,2,16,102,249,326,8.28e-10,67.0,58.62
2jre,XP_047280243.1,63.265,98,35,1,6,103,356,452,9.71e-26,112,72.45
2jre,XP_047280243.1,42.529,87,41,2,16,102,249,326,9.95e-10,66.6,58.62
2jre,PNI71291.1,63.265,98,35,1,6,103,356,452,9.73e-26,112,72.45
2jre,PNI71291.1,42.529,87,41,2,16,102,249,326,1.23e-09,66.2,58.62
2jre,XP_055218160.2,63.265,98,35,1,6,103,356,452,9.90e-26,112,72.45
2jre,XP_055218160.2,42.529,87,41,2,16,102,249,326,8.60e-10,67.0,58.62
2jre,XP_055218113.2,63.265,98,35,1,6,103,356,452,1.00e-25,112,72.45
2jre,XP_055218113.2,42.529,87,41,2,16,102,249,326,8.52e-10,67.0,58.62
2jre,XP_010368974.1,62.245,98,36,1,6,103,356,452,1.00e-25,112,73.47
2jre,XP_010368974.1,42.529,87,41,2,16,102,249,326,8.28e-10,67.0,58.62
2jre,XP_017732712.1,62.245,98,36,1,6,103,356,452,1.02e-25,112,73.47
2jre,XP_017732712.1,42.529,87,41,2,16,102,249,326,8.44e-10,67.0,58.62
2jre,XP_030868196.3,63.265,98,35,1,6,103,356,452,1.03e-25,112,72.45
2jre,XP_030868196.3,42.529,87,41,2,16,102,249,326,9.21e-10,66.6,58.62
2jre,XP_030768774.1,62.245,98,36,1,6,103,356,452,1.04e-25,112,73.47
2jre,XP_030768774.1,42.529,87,41,2,16,102,249,326,8.86e-10,66.6,58.62
2jre,XP_054189711.1,63.265,98,35,1,6,103,356,452,1.04e-25,112,72.45
2jre,XP_054189711.1,42.529,87,41,2,16,102,249,326,8.36e-10,67.0,58.62
2jre,XP_054189728.1,63.265,98,35,1,6,103,356,452,1.07e-25,112,72.45
2jre,XP_054189728.1,42.529,87,41,2,16,102,249,326,1.13e-09,66.6,58.62
2jre,XP_017732714.1,62.245,98,36,1,6,103,356,452,1.08e-25,112,73.47
2jre,XP_017732714.1,42.529,87,41,2,16,102,249,326,8.93e-10,66.6,58.62
2jre,XP_054189719.1,63.265,98,35,1,6,103,356,452,1.08e-25,112,72.45
2jre,XP_054189719.1,42.529,87,41,2,16,102,249,326,9.02e-10,66.6,58.62
2jre,XP_054189713.1,63.265,98,35,1,6,103,356,452,1.08e-25,112,72.45
2jre,XP_054189713.1,42.529,87,41,2,16,102,249,326,8.28e-10,67.0,58.62
2jre,AAI42662.1,63.265,98,35,1,6,103,356,452,1.08e-25,112,72.45
2jre,AAI42662.1,42.529,87,41,2,16,102,249,326,1.17e-09,66.6,58.62
2jre,XP_017732713.1,62.245,98,36,1,6,103,356,452,1.09e-25,112,73.47
2jre,XP_017732713.1,42.529,87,41,2,16,102,249,326,9.47e-10,66.6,58.62
2jre,XP_054189715.1,63.265,98,35,1,6,103,356,452,1.09e-25,112,72.45
2jre,XP_054189715.1,42.529,87,41,2,16,102,249,326,9.21e-10,66.6,58.62
2jre,KAI4080925.1,63.265,98,35,1,6,103,356,452,1.09e-25,112,72.45
2jre,KAI4080925.1,42.529,87,41,2,16,102,249,326,8.69e-10,67.0,58.62
2jre,KAI2517374.1,63.265,98,35,1,6,103,356,452,1.10e-25,112,72.45
2jre,KAI2517374.1,42.529,87,41,2,16,102,249,326,7.70e-10,67.0,58.62
2jre,XP_010368975.1,62.245,98,36,1,6,103,356,452,1.11e-25,112,73.47
2jre,XP_010368975.1,42.529,87,41,2,16,102,249,326,9.85e-10,66.6,58.62
2jre,XP_054189717.1,63.265,98,35,1,6,103,356,452,1.11e-25,112,72.45
2jre,XP_054189717.1,42.529,87,41,2,16,102,249,326,9.57e-10,66.6,58.62
2jre,XP_054189712.1,63.265,98,35,1,6,103,356,452,1.11e-25,112,72.45
2jre,XP_054189712.1,42.529,87,41,2,16,102,249,326,8.61e-10,67.0,58.62
2jre,XP_054189722.1,63.265,98,35,1,6,103,356,452,1.12e-25,112,72.45
2jre,XP_054189722.1,42.529,87,41,2,16,102,249,326,1.06e-09,66.6,58.62
2jre,XP_054189720.1,63.265,98,35,1,6,103,356,452,1.12e-25,112,72.45
2jre,XP_054189720.1,42.529,87,41,2,16,102,249,326,9.47e-10,66.6,58.62
2jre,XP_054189718.1,63.265,98,35,1,6,103,356,452,1.13e-25,112,72.45
2jre,XP_054189718.1,42.529,87,41,2,16,102,249,326,9.11e-10,66.6,58.62
2jre,XP_054189708.1,63.265,98,35,1,6,103,356,452,1.14e-25,112,72.45
2jre,XP_054189708.1,42.529,87,41,2,16,102,249,326,8.87e-10,66.6,58.62
2jre,BAG65197.1,63.265,98,35,1,6,103,53,149,1.14e-25,112,72.45
2jre,XP_054189723.1,63.265,98,35,1,6,103,356,452,1.15e-25,112,72.45
2jre,XP_054189723.1,42.529,87,41,2,16,102,249,326,1.07e-09,66.6,58.62
2jre,XP_054189721.1,63.265,98,35,1,6,103,53,149,1.15e-25,112,72.45
2jre,XP_063554241.1,63.265,98,35,1,6,103,356,452,1.15e-25,112,72.45
2jre,XP_063554241.1,42.529,87,41,2,16,102,249,326,9.65e-10,66.6,58.62
2jre,XP_054189724.1,63.265,98,35,1,6,103,356,452,1.16e-25,112,72.45
2jre,XP_054189724.1,42.529,87,41,2,16,102,249,326,1.06e-09,66.6,58.62
2jre,XP_030868197.3,63.265,98,35,1,6,103,356,452,1.16e-25,112,72.45
2jre,XP_030868197.3,42.529,87,41,2,16,102,249,326,1.02e-09,66.6,58.62
2jre,KAI2517372.1,63.265,98,35,1,6,103,356,452,1.16e-25,112,72.45
2jre,KAI2517372.1,42.529,87,41,2,16,102,249,326,9.85e-10,66.6,58.62
2jre,XP_054189714.1,63.265,98,35,1,6,103,356,452,1.16e-25,112,72.45
2jre,XP_054189714.1,42.529,87,41,2,16,102,249,326,9.30e-10,66.6,58.62
2jre,KAI2517371.1,63.265,98,35,1,6,103,356,452,1.16e-25,112,72.45
2jre,KAI2517371.1,42.529,87,41,2,16,102,249,326,9.03e-10,66.6,58.62
2jre,XP_054189710.1,63.265,98,35,1,6,103,356,452,1.16e-25,112,72.45
2jre,XP_054189710.1,42.529,87,41,2,16,102,249,326,8.78e-10,67.0,58.62
2jre,XP_054189726.1,63.265,98,35,1,6,103,356,452,1.19e-25,112,72.45
2jre,XP_054189726.1,42.529,87,41,2,16,102,249,326,1.16e-09,66.6,58.62
2jre,XP_054189725.1,63.265,98,35,1,6,103,356,452,1.19e-25,112,72.45
2jre,XP_054189725.1,42.529,87,41,2,16,102,249,326,1.14e-09,66.6,58.62
2jre,KAI4080924.1,63.265,98,35,1,6,103,356,452,1.19e-25,112,72.45
2jre,KAI4080924.1,42.529,87,41,2,16,102,249,326,9.85e-10,66.6,58.62
2jre,KAI2517373.1,63.265,98,35,1,6,103,356,452,1.19e-25,112,72.45
2jre,KAI2517373.1,42.529,87,41,2,16,102,249,326,1.18e-09,66.6,58.62
2jre,XP_054389751.1,63.265,98,35,1,6,103,356,452,1.22e-25,112,71.43
2jre,XP_054389751.1,42.529,87,41,2,16,102,249,326,9.38e-10,66.6,58.62
5ien,5IEN_A,99.219,128,1,0,1,128,2,129,2.59e-86,258,100.00
5ien,5IEP_A,93.750,128,8,0,1,128,2,129,2.40e-80,243,96.09
5ien,5IEO_A,92.913,127,9,0,2,128,3,129,9.58e-80,242,94.49
5ien,WP_010910725.1,89.062,128,14,0,1,128,23,150,2.14e-73,226,90.62
5ien,WP_095776074.1,85.156,128,19,0,1,128,23,150,1.32e-69,216,87.50
5ien,WP_095793875.1,85.156,128,19,0,1,128,23,150,1.41e-69,216,87.50
5ien,3HX8_A,85.938,128,18,0,1,128,2,129,3.95e-69,214,87.50
5ien,WP_095790437.1,84.375,128,20,0,1,128,23,150,8.80e-69,214,86.72
5ien,WP_142885453.1,84.375,128,20,0,1,128,23,150,2.05e-68,213,86.72
5ien,WP_292118884.1,84.127,126,20,0,1,126,23,148,7.89e-68,212,88.10
5ien,WP_292475255.1,84.127,126,20,0,1,126,23,148,8.43e-68,212,88.10
5ien,WP_127862979.1,82.031,128,23,0,1,128,23,150,8.80e-68,212,88.28
5ien,WP_348526112.1,83.333,126,21,0,1,126,23,148,1.18e-67,211,88.89
5ien,WP_320217807.1,82.812,128,22,0,1,128,23,150,1.46e-67,211,86.72
5ien,WP_140889682.1,84.921,126,19,0,1,126,23,148,1.86e-67,211,86.51
5ien,WP_292234691.1,83.333,126,21,0,1,126,23,148,2.97e-67,211,88.10
5ien,WP_128239673.1,81.746,126,23,0,1,126,23,148,1.57e-66,209,88.10
5ien,WP_206517772.1,84.800,125,19,0,1,125,23,147,1.98e-66,208,87.20
5ien,WP_320263201.1,81.746,126,23,0,1,126,23,148,2.02e-66,208,88.10
5ien,WP_126090158.1,83.200,125,21,0,1,125,23,147,2.23e-66,208,88.00
5ien,RUV27072.1,84.800,125,19,0,1,125,7,131,2.34e-66,207,87.20
5ien,WP_126084337.1,81.746,126,23,0,1,126,23,148,3.87e-66,208,87.30
5ien,WP_128158575.1,80.952,126,24,0,1,126,23,148,5.67e-66,207,88.10
5ien,WP_292452114.1,80.952,126,24,0,1,126,23,148,6.99e-66,207,88.10
5ien,TIU33440.1,83.200,125,21,0,1,125,23,147,7.71e-66,207,87.20
5ien,WP_127861182.1,81.746,126,23,0,1,126,23,148,7.88e-66,207,87.30
5ien,WP_127220935.1,82.400,125,22,0,1,125,23,147,1.75e-65,206,87.20
5ien,TGP50681.1,80.952,126,24,0,1,126,23,148,1.77e-65,206,86.51
5ien,WP_337109298.1,78.906,128,27,0,1,128,23,150,3.66e-65,205,86.72
5ien,RWB57172.1,83.200,125,21,0,1,125,145,269,3.91e-65,209,88.00
5ien,TIW23079.1,81.600,125,23,0,1,125,23,147,5.25e-65,205,88.00
5ien,WP_292322934.1,80.952,126,24,0,1,126,23,148,5.55e-65,205,86.51
5ien,WP_224582203.1,78.906,128,27,0,1,128,23,150,6.06e-65,205,86.72
5ien,WP_352667582.1,83.200,125,21,0,1,125,23,147,6.33e-65,205,85.60
5ien,WP_352573761.1,83.200,125,21,0,1,125,23,147,8.69e-65,204,85.60
5ien,WP_352904244.1,83.200,125,21,0,1,125,23,147,8.89e-65,204,85.60
5ien,WP_320285925.1,80.159,126,25,0,1,126,23,148,9.60e-65,204,86.51
5ien,TIW62562.1,80.952,126,24,0,1,126,23,148,1.07e-64,204,86.51
5ien,WP_202295435.1,78.906,128,27,0,1,128,23,150,1.09e-64,204,85.94
5ien,WP_127879524.1,78.906,128,27,0,1,128,23,150,1.54e-64,204,85.16
5ien,RWE37990.1,80.800,125,24,0,1,125,23,147,1.73e-64,204,88.80
5ien,WP_128203313.1,78.906,128,27,0,1,128,23,150,1.75e-64,204,85.16
5ien,WP_135864699.1,79.365,126,26,0,1,126,23,148,2.49e-64,203,85.71
5ien,WP_095769644.1,78.125,128,28,0,1,128,23,150,2.55e-64,203,87.50
5ien,RWL49049.1,78.125,128,28,0,1,128,23,150,2.63e-64,203,85.16
5ien,WP_292171675.1,78.125,128,28,0,1,128,23,150,2.66e-64,203,85.16
5ien,WP_352732464.1,82.400,125,22,0,1,125,23,147,2.72e-64,203,84.80
5ien,WP_129554728.1,78.125,128,28,0,1,128,23,150,3.10e-64,203,85.16
5ien,WP_337108348.1,82.400,125,22,0,1,125,23,147,3.24e-64,203,85.60
5ien,WP_140537644.1,80.800,125,24,0,1,125,23,147,5.31e-64,202,88.00
5ien,WP_352605001.1,82.400,125,22,0,1,125,23,147,9.59e-64,202,84.80
5ien,WP_278116875.1,77.344,128,29,0,1,128,23,150,1.18e-63,201,84.38
5ien,WP_095780230.1,77.344,128,29,0,1,128,23,150,1.62e-63,201,85.16
5ien,WP_352837430.1,78.571,126,27,0,1,126,23,148,1.98e-63,201,84.92
5ien,WP_292251199.1,78.571,126,27,0,1,126,23,148,3.57e-63,200,84.92
5ien,WP_337093856.1,78.125,128,28,0,1,128,23,150,3.65e-63,200,85.94
5ien,TIM22672.1,81.600,125,23,0,1,125,23,147,5.30e-63,200,84.80
5ien,WP_352735061.1,76.562,128,30,0,1,128,23,150,1.02e-62,199,84.38
5ien,WP_126102196.1,82.031,128,23,0,1,128,23,150,7.27e-61,194,87.50
5ien,WP_354416763.1,85.088,114,17,0,1,114,23,136,2.29e-60,192,88.60
5ien,WP_367142419.1,79.508,122,25,0,4,125,59,180,2.90e-60,194,86.89
5ien,WP_320315746.1,83.036,112,19,0,1,112,23,134,1.82e-58,188,90.18
5ien,WP_176477783.1,77.344,128,29,0,1,128,23,150,1.41e-57,186,85.94
5ien,RWP86634.1,83.929,112,18,0,1,112,23,134,3.73e-57,186,87.50
5ien,PBB40190.1,77.344,128,29,0,1,128,55,182,5.05e-57,186,85.94
5ien,WP_352487110.1,77.193,114,26,0,15,128,1,114,1.83e-55,179,84.21
5ien,WP_208696004.1,78.378,111,24,0,15,125,1,111,2.65e-54,177,86.49
5ien,WP_292342097.1,66.406,128,43,0,1,128,23,150,8.53e-54,176,80.47
5ien,WP_192249501.1,65.625,128,44,0,1,128,23,150,2.13e-52,173,81.25
5ien,WP_352601414.1,74.219,128,33,0,1,128,23,150,3.80e-51,170,83.59
5ien,WP_023762441.1,64.748,139,24,2,15,128,1,139,8.35e-50,166,70.50
5ien,WP_023674362.1,63.281,128,47,0,1,128,23,150,1.52e-49,166,78.91
5ien,WP_352700082.1,63.281,128,47,0,1,128,23,150,2.74e-49,165,78.91
5ien,WP_352945588.1,62.500,128,48,0,1,128,23,150,1.40e-48,163,78.12
5ien,WP_352832996.1,62.500,128,48,0,1,128,23,150,1.84e-48,163,78.12
5ien,WP_320233606.1,60.938,128,50,0,1,128,23,150,2.55e-48,163,79.69
5ien,WP_337140386.1,62.500,128,48,0,1,128,23,150,9.93e-48,161,78.12
5ien,WP_292320646.1,60.156,128,51,0,1,128,23,150,3.27e-47,160,78.91
5ien,WP_140746340.1,61.719,128,49,0,1,128,23,150,1.13e-46,159,77.34
5ien,RUT97710.1,58.594,128,53,0,1,128,23,150,7.55e-46,156,78.12
5ien,WP_060563309.1,58.140,129,54,0,1,129,24,152,2.81e-44,152,69.77
5ien,MQX09684.1,58.140,129,54,0,1,129,29,157,4.07e-44,152,69.77
5ien,WP_352659634.1,56.250,128,56,0,1,128,23,150,2.21e-43,150,75.78
5ien,WP_050984059.1,58.140,129,54,0,1,129,24,152,3.87e-43,150,69.77
5ien,WP_083265465.1,59.375,128,52,0,1,128,24,151,3.59e-41,145,71.88
5ien,WP_340098084.1,59.690,129,52,0,1,129,24,152,4.70e-41,144,71.32
5ien,WP_051441028.1,58.915,129,53,0,1,129,24,152,9.76e-41,144,71.32
5ien,WP_084435142.1,58.140,129,54,0,1,129,24,152,5.03e-40,142,71.32
5ien,ODR88528.1,59.016,122,50,0,7,128,1,122,4.88e-39,138,72.13
5ien,WP_158228602.1,57.364,129,55,0,1,129,24,152,2.23e-36,132,68.99
5ien,PDT44818.1,57.364,129,55,0,1,129,29,157,2.50e-36,132,68.99
5ien,HEX9770333.1,50.794,126,62,0,4,129,26,151,4.61e-36,132,66.67
5ien,MDX1421887.1,50.820,122,60,0,7,128,29,150,1.20e-35,130,67.21
5ien,WP_149790618.1,46.875,128,68,0,1,128,24,151,1.04e-34,128,68.75
5ien,WP_153441354.1,46.875,128,68,0,1,128,24,151,1.51e-34,128,68.75
5ien,WP_124998631.1,45.312,128,70,0,1,128,24,151,2.22e-34,127,67.97
5ien,WP_280660021.1,46.094,128,69,0,1,128,22,149,2.44e-34,127,68.75
5ien,WP_082910363.1,46.875,128,68,0,1,128,24,151,2.91e-34,127,68.75
5ien,WP_404277815.1,47.656,128,67,0,1,128,24,151,3.73e-34,127,67.97
5ien,WP_127615757.1,46.094,128,69,0,1,128,24,151,4.04e-34,127,67.97
5l2h,5L2H_A,100.000,97,0,0,1,97,1,97,1.74e-64,201,100.00
5l2h,4LPT_A,80.412,97,19,0,1,97,1,97,1.93e-43,147,83.51
5l2h,4LPU_A,80.412,97,14,1,1,97,1,92,1.95e-43,147,83.51
5l2h,4LPV_A,80.412,97,15,1,1,97,1,93,2.32e-43,147,84.54
5l2h,4M6A_A,79.381,97,15,1,1,97,1,92,1.12e-42,145,82.47
5l2h,4LPY_A,79.381,97,18,1,1,97,1,95,1.98e-42,145,83.51
5l2h,3TES_A,78.351,97,16,1,1,97,1,92,2.44e-42,144,82.47
5l2h,4LPX_A,78.351,97,18,1,1,97,1,94,1.65e-41,142,83.51
5l2h,4LPW_A,79.592,98,15,2,1,97,1,94,1.90e-41,142,82.65
5l2h,7T82_E,71.134,97,23,1,1,97,1,92,2.82e-35,127,75.26
5l2h,7T87_C,70.103,97,24,1,1,97,1,92,6.69e-35,125,73.20
5l2h,EPY80078.1,46.914,81,43,0,1,81,1156,1236,4.77e-14,78.6,66.67
5l2h,EPY80078.1,46.154,78,42,0,3,80,976,1053,2.53e-10,67.8,60.26
5l2h,EPY80078.1,49.315,73,37,0,3,75,1067,1139,2.84e-10,67.8,61.64
5l2h,EPY80078.1,45.570,79,43,0,2,80,1244,1322,4.90e-10,67.0,59.49
5l2h,EPY80078.1,31.868,91,56,2,5,95,527,611,1.57e-05,54.3,56.04
5l2h,XP_008055362.1,53.846,78,36,0,3,80,1075,1152,5.44e-14,78.2,62.82
5l2h,XP_008055362.1,49.367,79,40,0,2,80,1347,1425,6.17e-12,72.4,60.76
5l2h,XP_008055362.1,42.466,73,42,0,2,74,1256,1328,9.98e-11,68.9,65.75
5l2h,XP_008055362.1,40.909,88,47,1,3,90,1166,1248,3.03e-10,67.8,57.95
5l2h,XP_008055362.1,34.066,91,54,2,5,95,626,710,9.93e-07,57.8,54.95
5l2h,XP_010995671.2,49.315,73,37,0,2,74,1256,1328,6.01e-14,78.2,69.86
5l2h,XP_010995671.2,49.315,73,37,0,3,75,1166,1238,8.07e-11,69.3,61.64
5l2h,XP_010995671.2,46.154,78,42,0,3,80,1075,1152,1.37e-10,68.6,60.26
5l2h,XP_010995671.2,45.570,79,43,0,2,80,1347,1425,3.55e-10,67.4,59.49
5l2h,XP_010995671.2,31.868,91,56,2,5,95,626,710,3.40e-06,56.2,56.04
5l2h,NXF51324.1,39.362,94,52,1,3,96,1563,1651,6.27e-14,78.2,62.77
5l2h,NXF51324.1,38.298,94,53,1,3,96,1107,1195,7.41e-08,60.8,52.13
5l2h,NXF51324.1,28.723,94,61,2,2,95,576,663,0.010,46.2,47.87
5l2h,XP_026716233.1,38.298,94,53,1,3,96,1045,1133,7.69e-14,77.8,62.77
5l2h,XP_026716233.1,34.737,95,55,3,2,96,1223,1310,2.57e-06,56.6,53.68
5l2h,XP_026716233.1,28.571,91,59,2,5,95,596,680,0.008,46.6,49.45
5l2h,XP_051492690.1,39.785,93,51,1,3,95,1045,1132,7.77e-14,77.8,62.37
5l2h,XP_051492690.1,34.737,95,55,3,2,96,1223,1310,2.13e-06,56.6,53.68
5l2h,XP_051492690.1,27.473,91,60,2,5,95,596,680,0.041,44.7,47.25
5l2h,XP_008055361.1,53.846,78,36,0,3,80,1075,1152,9.32e-14,77.8,62.82
5l2h,XP_008055361.1,49.367,79,40,0,2,80,1347,1425,9.87e-12,72.0,60.76
5l2h,XP_008055361.1,38.298,94,53,1,3,96,1621,1709,1.50e-11,71.2,59.57
5l2h,XP_008055361.1,42.466,73,42,0,2,74,1256,1328,1.63e-10,68.6,65.75
5l2h,XP_008055361.1,40.909,88,47,1,3,90,1166,1248,5.09e-10,67.0,57.95
5l2h,XP_008055361.1,34.066,91,54,2,5,95,626,710,1.59e-06,57.0,54.95
5l2h,XP_008055361.1,32.877,73,49,0,3,75,1439,1511,2.78e-04,50.8,57.53
5l2h,PKK21719.1,40.860,93,50,1,3,95,1014,1101,9.71e-14,77.4,62.37
5l2h,PKK21719.1,33.684,95,56,3,2,96,1192,1279,5.93e-06,55.5,53.68
5l2h,PKK21719.1,38.889,72,40,2,2,72,924,992,0.001,49.3,56.94
5l2h,PKK21719.1,28.571,91,59,2,5,95,565,649,0.033,44.7,48.35
5l2h,XP_005498447.2,40.860,93,50,1,3,95,1014,1101,9.71e-14,77.4,62.37
5l2h,XP_005498447.2,33.684,95,56,3,2,96,1192,1279,5.93e-06,55.5,53.68
5l2h,XP_005498447.2,38.889,72,40,2,2,72,924,992,0.001,49.3,56.94
5l2h,XP_005498447.2,28.571,91,59,2,5,95,565,649,0.033,44.7,48.35
5l2h,KAK2535108.1,40.860,93,50,1,3,95,1014,1101,9.71e-14,77.4,62.37
5l2h,KAK2535108.1,33.684,95,56,3,2,96,1192,1279,5.93e-06,55.5,53.68
5l2h,KAK2535108.1,38.889,72,40,2,2,72,924,992,0.001,49.3,56.94
5l2h,KAK2535108.1,28.571,91,59,2,5,95,565,649,0.033,44.7,48.35
5l2h,XP_026716230.1,38.298,94,53,1,3,96,1227,1315,1.20e-13,77.4,62.77
5l2h,XP_026716230.1,38.947,95,53,1,3,97,1045,1134,3.26e-07,58.9,50.53
5l2h,XP_026716230.1,34.737,95,55,3,2,96,1405,1492,3.69e-06,55.8,53.68
5l2h,XP_026716230.1,28.571,91,59,2,5,95,596,680,0.011,46.2,49.45
5l2h,KAK2535476.1,40.426,94,51,1,3,96,1755,1843,1.31e-13,77.0,62.77
5l2h,KAK2535476.1,41.489,94,50,1,3,96,1299,1387,5.57e-08,61.2,52.13
5l2h,KAK2535476.1,33.684,95,56,3,2,96,1892,1979,1.02e-04,52.0,53.68
5l2h,XP_065504420.1,39.785,93,51,1,3,95,1014,1101,1.38e-13,77.0,62.37
5l2h,XP_065504420.1,30.526,95,59,2,2,96,1192,1279,1.93e-05,53.9,51.58
5l2h,XP_065504420.1,27.473,91,60,2,5,95,565,649,0.021,45.4,49.45
5l2h,XP_065504420.1,33.803,71,45,1,2,72,924,992,0.024,45.1,53.52
5l2h,XP_050763675.1,39.785,93,51,1,3,95,1045,1132,1.42e-13,77.0,62.37
5l2h,XP_050763675.1,34.737,95,55,3,2,96,1223,1310,1.66e-06,57.0,53.68
5l2h,XP_050763675.1,27.473,91,60,2,5,95,596,680,0.024,45.1,48.35
5l2h,XP_051492687.1,39.785,93,51,1,3,95,1227,1314,1.42e-13,77.0,62.37
5l2h,XP_051492687.1,39.362,94,52,1,3,96,1045,1133,1.00e-07,60.5,51.06
5l2h,XP_051492687.1,34.737,95,55,3,2,96,1405,1492,3.48e-06,56.2,53.68
5l2h,XP_005498446.2,40.860,93,50,1,3,95,1196,1283,1.73e-13,77.0,62.37
5l2h,XP_005498446.2,41.053,95,51,1,3,97,1014,1103,6.69e-09,63.9,51.58
5l2h,XP_005498446.2,33.684,95,56,3,2,96,1374,1461,9.59e-06,54.7,53.68
5l2h,XP_005498446.2,38.889,72,40,2,2,72,924,992,0.001,48.9,56.94
5l2h,XP_005498446.2,28.571,91,59,2,5,95,565,649,0.045,44.3,48.35
5l2h,PKK21718.1,40.860,93,50,1,3,95,1196,1283,1.73e-13,77.0,62.37
5l2h,PKK21718.1,41.053,95,51,1,3,97,1014,1103,6.69e-09,63.9,51.58
5l2h,PKK21718.1,33.684,95,56,3,2,96,1374,1461,9.59e-06,54.7,53.68
5l2h,PKK21718.1,38.889,72,40,2,2,72,924,992,0.001,48.9,56.94
5l2h,PKK21718.1,28.571,91,59,2,5,95,565,649,0.045,44.3,48.35
5l2h,XP_009992620.1,39.785,93,51,1,3,95,1224,1311,1.83e-13,76.6,62.37
5l2h,XP_009992620.1,40.000,95,52,1,3,97,1042,1131,2.33e-08,62.4,51.58
5l2h,XP_009992620.1,35.789,95,54,3,2,96,1402,1489,1.15e-06,57.4,53.68
5l2h,KAB1280100.1,48.649,74,38,0,1,74,1255,1328,1.88e-13,76.6,68.92
5l2h,KAB1280100.1,49.315,73,37,0,3,75,1166,1238,2.65e-10,67.8,61.64
5l2h,KAB1280100.1,46.154,78,42,0,3,80,1075,1152,2.87e-10,67.8,60.26
5l2h,KAB1280100.1,45.570,79,43,0,2,80,1347,1425,5.51e-10,67.0,59.49
5l2h,KAB1280100.1,31.868,91,56,2,5,95,626,710,1.85e-05,53.9,56.04
5l2h,XP_010156626.1,38.710,93,52,1,3,95,1227,1314,1.91e-13,76.6,63.44
5l2h,XP_010156626.1,39.362,94,52,1,3,96,1045,1133,1.38e-07,60.1,52.13
5l2h,XP_010156626.1,33.684,95,56,3,2,96,1405,1492,7.03e-06,55.1,53.68
5l2h,XP_045374190.1,48.649,74,38,0,1,74,1223,1296,1.91e-13,76.6,68.92
5l2h,XP_045374190.1,46.154,78,42,0,3,80,1043,1120,2.68e-10,67.8,60.26
5l2h,XP_045374190.1,49.315,73,37,0,3,75,1134,1206,3.10e-10,67.8,61.64
5l2h,XP_045374190.1,45.570,79,43,0,2,80,1315,1393,5.04e-10,67.0,59.49
5l2h,XP_045374190.1,31.868,91,56,2,5,95,594,678,1.78e-05,53.9,56.04
5l2h,POI30336.1,38.947,95,53,1,3,97,459,548,1.92e-13,76.6,63.16
5l2h,POI30336.1,41.489,94,50,1,3,96,3,91,9.79e-09,63.2,54.26
5l2h,XP_031306157.1,48.649,74,38,0,1,74,1255,1328,2.01e-13,76.6,68.92
5l2h,XP_031306157.1,49.315,73,37,0,3,75,1166,1238,2.73e-10,67.8,61.64
5l2h,XP_031306157.1,46.154,78,42,0,3,80,1075,1152,2.89e-10,67.8,60.26
5l2h,XP_031306157.1,45.570,79,43,0,2,80,1347,1425,5.50e-10,67.0,59.49
5l2h,XP_031306157.1,31.868,91,56,2,5,95,626,710,1.82e-05,53.9,56.04
5l2h,XP_032334169.1,48.649,74,38,0,1,74,1255,1328,2.03e-13,76.6,68.92
5l2h,XP_032334169.1,46.154,78,42,0,3,80,1075,1152,2.92e-10,67.8,60.26
5l2h,XP_032334169.1,49.315,73,37,0,3,75,1166,1238,3.25e-10,67.4,61.64
5l2h,XP_032334169.1,45.570,79,43,0,2,80,1347,1425,5.56e-10,67.0,59.49
5l2h,XP_032334169.1,31.868,91,56,2,5,95,626,710,1.89e-05,53.9,56.04
5l2h,XP_054853588.1,37.234,94,54,1,3,96,1138,1226,2.06e-13,76.6,61.70
5l2h,XP_054853588.1,35.714,98,52,4,2,97,1404,1492,1.20e-05,54.7,55.10
5l2h,XP_054853588.1,35.065,77,46,2,2,75,956,1031,0.039,44.7,53.25
5l2h,XP_041094569.1,40.426,94,51,1,3,96,1170,1258,2.12e-13,76.6,62.77
5l2h,XP_041094569.1,32.967,91,55,2,5,95,722,806,5.83e-06,55.5,52.75
5l2h,XP_041094569.1,32.394,71,46,1,2,72,1080,1148,0.004,47.4,52.11
5l2h,XP_026716234.1,38.298,94,53,1,3,96,1501,1589,2.13e-13,76.6,62.77
5l2h,XP_026716234.1,38.947,95,53,1,3,97,1045,1134,5.03e-07,58.5,50.53
5l2h,XP_026716234.1,34.737,95,55,3,2,96,1679,1766,6.21e-06,55.5,53.68
5l2h,XP_026716234.1,28.571,91,59,2,5,95,596,680,0.015,45.8,49.45
5l2h,XP_065710206.2,38.710,93,52,1,3,95,1014,1101,2.22e-13,76.6,62.37
5l2h,XP_065710206.2,31.579,95,58,2,2,96,1192,1279,6.67e-06,55.5,51.58
5l2h,XP_065710206.2,38.889,72,40,2,2,72,924,992,0.001,49.3,56.94
5l2h,XP_046784738.1,37.634,93,53,1,3,95,1046,1133,2.22e-13,76.6,63.44
5l2h,XP_046784738.1,31.579,95,58,2,2,96,1224,1311,4.22e-06,55.8,50.53
5l2h,XP_046784738.1,28.571,91,59,2,5,95,596,680,0.011,46.2,48.35
5l2h,XP_046757629.1,37.634,93,53,1,3,95,1046,1133,2.22e-13,76.6,63.44
5l2h,XP_046757629.1,31.579,95,58,2,2,96,1224,1311,4.22e-06,55.8,50.53
5l2h,XP_046757629.1,28.571,91,59,2,5,95,596,680,0.011,46.2,48.35
5l2h,XP_065504418.1,39.785,93,51,1,3,95,1196,1283,2.23e-13,76.6,62.37
5l2h,XP_065504418.1,38.947,95,53,1,3,97,1014,1103,3.12e-08,62.0,50.53
5l2h,XP_065504418.1,30.526,95,59,2,2,96,1374,1461,2.80e-05,53.5,51.58
5l2h,XP_065504418.1,27.473,91,60,2,5,95,565,649,0.028,45.1,49.45
5l2h,XP_065504418.1,33.803,71,45,1,2,72,924,992,0.031,44.7,53.52
5l2h,XP_021269640.1,37.634,93,53,1,3,95,1045,1132,2.24e-13,76.6,63.44
5l2h,XP_021269640.1,32.632,95,57,2,2,96,1223,1310,1.61e-06,57.0,51.58
5l2h,XP_021269640.1,28.571,91,59,2,5,95,596,680,0.011,46.2,48.35
5l2h,NXT28700.1,39.362,94,52,1,3,96,1567,1655,2.33e-13,76.6,61.70
5l2h,NXT28700.1,38.298,94,53,1,3,96,1294,1382,1.17e-07,60.1,53.19
5l2h,NXT28700.1,27.368,95,63,2,1,95,590,678,0.018,45.4,49.47
5l2h,XP_013038312.3,37.634,93,53,1,3,95,1045,1132,2.36e-13,76.6,63.44
5l2h,XP_013038312.3,34.737,95,55,3,2,96,1223,1310,1.29e-06,57.4,53.68
5l2h,XP_013038312.3,28.571,91,59,2,5,95,596,680,0.010,46.2,48.35
5l2h,NXG50841.1,39.785,93,51,1,3,95,1609,1696,2.37e-13,76.6,62.37
5l2h,NXG50841.1,41.489,94,50,1,3,96,1153,1241,7.19e-11,69.3,55.32
5l2h,NXG50841.1,35.106,94,54,3,2,95,1787,1873,8.58e-06,55.1,53.19
5l2h,NXG50841.1,27.660,94,62,2,2,95,612,699,0.028,45.1,47.87
5l2h,XP_042686535.1,37.634,93,53,1,3,95,1045,1132,2.40e-13,76.6,63.44
5l2h,XP_042686535.1,28.571,91,59,2,5,95,596,680,0.009,46.2,48.35
5l2h,XP_015734266.1,37.634,93,53,1,3,95,1045,1132,2.40e-13,76.6,63.44
5l2h,XP_015734266.1,31.579,95,58,2,2,96,1223,1310,5.88e-06,55.5,50.53
5l2h,XP_015734266.1,28.571,91,59,2,5,95,596,680,0.011,46.2,48.35
5l2h,XP_050763674.1,39.785,93,51,1,3,95,1227,1314,2.41e-13,76.6,62.37
5l2h,XP_050763674.1,39.362,94,52,1,3,96,1045,1133,9.29e-08,60.5,52.13
5l2h,XP_050763674.1,34.737,95,55,3,2,96,1405,1492,2.58e-06,56.6,53.68
5l2h,XP_050763674.1,27.473,91,60,2,5,95,596,680,0.034,44.7,48.35
5l2h,XP_035197136.1,37.634,93,53,1,3,95,1045,1132,2.45e-13,76.3,63.44
5l2h,XP_035197136.1,34.737,95,55,3,2,96,1223,1310,1.35e-06,57.4,53.68
5l2h,XP_035197136.1,28.571,91,59,2,5,95,596,680,0.011,46.2,48.35
5l2h,XP_032056077.1,37.634,93,53,1,3,95,1045,1132,2.45e-13,76.3,63.44
5l2h,XP_032056077.1,35.789,95,54,3,2,96,1223,1310,8.21e-07,57.8,53.68
5l2h,XP_032056077.1,28.571,91,59,2,5,95,596,680,0.011,46.2,48.35
5l2h,XP_068513069.1,37.634,93,53,1,3,95,1045,1132,2.45e-13,76.3,63.44
5l2h,XP_068513069.1,36.842,95,53,3,2,96,1223,1310,5.00e-07,58.5,53.68
5l2h,XP_068513069.1,28.571,91,59,2,5,95,596,680,0.006,47.0,47.25
5l2h,XP_035420485.1,37.634,93,53,1,3,95,1045,1132,2.45e-13,76.3,63.44
5l2h,XP_035420485.1,34.737,95,55,3,2,96,1223,1310,1.35e-06,57.4,53.68
5l2h,XP_035420485.1,28.571,91,59,2,5,95,596,680,0.011,46.2,48.35
5l2h,XP_048822132.1,37.634,93,53,1,3,95,1045,1132,2.65e-13,76.3,63.44
5l2h,XP_048822132.1,31.579,95,58,2,2,96,1223,1310,1.32e-05,54.3,50.53
5l2h,XP_048822132.1,28.571,91,59,2,5,95,596,680,0.010,46.2,48.35
5l2h,XP_052525677.1,37.634,93,53,1,3,95,1045,1132,2.70e-13,76.3,63.44
5l2h,XP_052525677.1,31.579,95,58,2,2,96,1223,1310,8.27e-06,55.1,50.53
5l2h,XP_052525677.1,28.571,91,59,2,5,95,596,680,0.010,46.2,48.35
5l2h,XP_050763673.1,39.785,93,51,1,3,95,1318,1405,2.87e-13,76.3,62.37
5l2h,XP_050763673.1,39.362,94,52,1,3,96,1045,1133,1.05e-07,60.5,52.13
5l2h,XP_050763673.1,34.737,95,55,3,2,96,1496,1583,3.07e-06,56.2,53.68
5l2h,XP_050763673.1,27.473,91,60,2,5,95,596,680,0.037,44.7,48.35
5l2h,XP_071881424.1,37.634,93,53,1,3,95,1045,1132,2.89e-13,76.3,63.44
5l2h,XP_071881424.1,36.842,95,53,3,2,96,1223,1310,5.95e-07,58.2,53.68
5l2h,XP_071881424.1,29.670,91,58,2,5,95,596,680,0.004,47.4,48.35
5l2h,XP_041094568.1,40.426,94,51,1,3,96,1261,1349,2.90e-13,76.3,62.77
5l2h,XP_041094568.1,32.967,91,55,2,5,95,722,806,7.24e-06,55.1,52.75
5l2h,XP_041094568.1,32.394,71,46,1,2,72,1080,1148,0.005,47.0,52.11
5l2h,KAJ7421669.1,38.298,94,53,1,3,96,1590,1678,3.02e-13,76.3,61.70
5l2h,KAJ7421669.1,39.362,94,52,1,3,96,1134,1222,3.97e-09,64.3,54.26
5l2h,KAJ7421669.1,41.667,72,38,2,2,72,1044,1112,8.53e-04,49.3,56.94
5l2h,KAJ7421669.1,32.911,79,49,2,2,77,952,1029,0.033,44.7,54.43
5l2h,XP_019476946.1,37.634,93,53,1,3,95,1050,1137,3.12e-13,76.3,63.44
5l2h,XP_019476946.1,32.632,95,57,2,2,96,1228,1315,1.81e-06,57.0,51.58
5l2h,XP_019476946.1,28.571,91,59,2,5,95,601,685,0.011,46.2,48.35
5l2h,PNJ72427.1,52.564,78,37,0,3,80,1,78,3.13e-13,76.3,64.10
5l2h,XP_029856232.1,38.710,93,52,1,3,95,1045,1132,3.19e-13,76.3,62.37
5l2h,XP_029856232.1,33.684,95,56,3,2,96,1223,1310,3.54e-06,56.2,53.68
5l2h,XP_049688425.1,38.710,93,52,1,3,95,1045,1132,3.19e-13,76.3,62.37
5l2h,XP_049688425.1,33.684,95,56,3,2,96,1223,1310,4.52e-06,55.8,53.68
5l2h,XP_049688425.1,28.571,91,59,2,5,95,596,680,0.019,45.4,48.35
5l2h,MBN3286567.1,40.426,94,51,1,3,96,1240,1328,3.19e-13,76.3,62.77
5l2h,MBN3286567.1,32.967,91,55,2,5,95,701,785,7.38e-06,55.1,52.75
5l2h,MBN3286567.1,32.394,71,46,1,2,72,1059,1127,0.005,47.0,52.11
5l2h,XP_042734802.1,37.634,93,53,1,3,95,1002,1089,3.21e-13,76.3,63.44
5l2h,XP_042734802.1,31.579,95,58,2,2,96,1180,1267,6.93e-06,55.1,50.53
5l2h,XP_042734802.1,28.571,91,59,2,5,95,553,637,0.011,46.2,48.35
5l2h,XP_052670761.1,38.710,93,52,1,3,95,1045,1132,3.44e-13,75.9,62.37
5l2h,XP_052670761.1,33.684,95,56,3,2,96,1223,1310,3.72e-06,55.8,53.68
5l2h,XP_052670761.1,28.571,91,59,2,5,95,596,680,0.020,45.4,48.35
5l2h,XP_068011734.1,38.710,93,52,1,3,95,1045,1132,3.44e-13,75.9,62.37
5l2h,XP_068011734.1,34.737,95,55,3,2,96,1223,1310,2.13e-06,56.6,53.68
5l2h,XP_068011734.1,28.571,91,59,2,5,95,596,680,0.020,45.4,48.35
5l2h,XP_010190086.1,38.710,93,52,1,3,95,1227,1314,3.55e-13,75.9,62.37
5l2h,XP_010190086.1,38.298,94,53,1,3,96,1045,1133,1.54e-06,57.0,51.06
5l2h,XP_010190086.1,31.579,95,58,2,2,96,1405,1492,1.16e-05,54.7,51.58
5l2h,XP_010190086.1,28.571,91,59,2,5,95,596,680,0.011,46.2,49.45
5l2h,XP_050763672.1,39.785,93,51,1,3,95,1501,1588,3.57e-13,75.9,62.37
5l2h,XP_050763672.1,39.362,94,52,1,3,96,1045,1133,1.18e-07,60.1,52.13
5l2h,XP_050763672.1,34.737,95,55,3,2,96,1679,1766,3.71e-06,55.8,53.68
5l2h,XP_050763672.1,27.473,91,60,2,5,95,596,680,0.041,44.7,48.35
5l2h,MEE6507407.1,39.362,94,52,1,3,96,1042,1130,3.61e-13,75.9,63.83
5l2h,MEE6507407.1,29.670,91,58,2,5,95,596,680,0.004,47.4,50.55
5l2h,XP_063208896.1,38.710,93,52,1,3,95,1045,1132,3.69e-13,75.9,62.37
5l2h,XP_063208896.1,33.684,95,56,3,2,96,1223,1310,6.87e-06,55.1,53.68
5l2h,XP_063208896.1,28.571,91,59,2,5,95,596,680,0.021,45.4,48.35
5l2h,XP_054076995.1,38.710,93,52,1,3,95,1045,1132,3.76e-13,75.9,62.37
5l2h,XP_054076995.1,33.684,95,56,3,2,96,1223,1310,6.94e-06,55.1,53.68
5l2h,XP_054076995.1,28.571,91,59,2,5,95,596,680,0.021,45.4,48.35
5l2h,XP_052525676.1,37.634,93,53,1,3,95,1136,1223,3.80e-13,75.9,63.44
5l2h,XP_052525676.1,43.590,78,44,0,3,80,1045,1122,1.24e-09,65.9,58.97
5l2h,XP_052525676.1,31.579,95,58,2,2,96,1314,1401,1.07e-05,54.7,50.53
5l2h,XP_052525676.1,28.571,91,59,2,5,95,596,680,0.013,45.8,48.35
5l2h,XP_065710205.2,38.710,93,52,1,3,95,1196,1283,3.92e-13,75.9,62.37
5l2h,XP_065710205.2,40.000,95,52,1,3,97,1014,1103,1.01e-08,63.2,51.58
5l2h,XP_065710205.2,31.579,95,58,2,2,96,1374,1461,1.02e-05,54.7,51.58
5l2h,XP_065710205.2,38.889,72,40,2,2,72,924,992,0.001,48.9,56.94
5l2h,XP_021269633.1,37.634,93,53,1,3,95,1227,1314,4.00e-13,75.9,63.44
5l2h,XP_021269633.1,42.308,78,45,0,3,80,1045,1122,1.14e-08,63.2,56.41
5l2h,XP_021269633.1,32.632,95,57,2,2,96,1405,1492,2.31e-06,56.6,51.58
5l2h,XP_021269633.1,28.571,91,59,2,5,95,596,680,0.017,45.4,48.35
5l2h,NP_990787.3,37.634,93,53,1,3,95,1228,1315,4.07e-13,75.9,63.44
5l2h,NP_990787.3,41.053,95,51,1,3,97,1046,1135,1.02e-09,66.2,53.68
5l2h,NP_990787.3,31.579,95,58,2,2,96,1406,1493,6.50e-06,55.5,50.53
5l2h,NP_990787.3,28.571,91,59,2,5,95,596,680,0.016,45.8,48.35
5l2h,P10039.2,37.634,93,53,1,3,95,1228,1315,4.07e-13,75.9,63.44
5l2h,P10039.2,41.053,95,51,1,3,97,1046,1135,1.02e-09,66.2,53.68
5l2h,P10039.2,31.579,95,58,2,2,96,1406,1493,6.50e-06,55.5,50.53
5l2h,P10039.2,28.571,91,59,2,5,95,596,680,0.016,45.8,48.35
5l2h,XP_013038311.3,37.634,93,53,1,3,95,1227,1314,4.24e-13,75.9,63.44
5l2h,XP_013038311.3,40.426,94,51,1,3,96,1045,1133,6.89e-09,63.9,53.19
5l2h,XP_013038311.3,34.737,95,55,3,2,96,1405,1492,2.10e-06,56.6,53.68
5l2h,XP_013038311.3,29.487,78,55,0,3,80,1136,1213,6.94e-05,52.4,56.41
5l2h,XP_013038311.3,28.571,91,59,2,5,95,596,680,0.016,45.8,48.35
5l2h,XP_035420484.1,37.634,93,53,1,3,95,1227,1314,4.24e-13,75.9,63.44
5l2h,XP_035420484.1,40.426,94,51,1,3,96,1045,1133,6.82e-09,63.9,53.19
5l2h,XP_035420484.1,34.737,95,55,3,2,96,1405,1492,2.10e-06,56.6,53.68
5l2h,XP_035420484.1,30.769,78,54,0,3,80,1136,1213,8.35e-05,52.0,55.13
5l2h,XP_035420484.1,28.571,91,59,2,5,95,596,680,0.016,45.8,48.35
5l2h,XP_068513067.1,37.634,93,53,1,3,95,1227,1314,4.24e-13,75.9,63.44
5l2h,XP_068513067.1,40.426,94,51,1,3,96,1045,1133,6.76e-09,63.9,53.19
5l2h,XP_068513067.1,36.842,95,53,3,2,96,1405,1492,7.92e-07,57.8,53.68
5l2h,XP_068513067.1,29.487,78,55,0,3,80,1136,1213,6.94e-05,52.4,56.41
5l2h,XP_068513067.1,28.571,91,59,2,5,95,596,680,0.009,46.2,47.25
5l2h,XP_032056076.1,37.634,93,53,1,3,95,1227,1314,4.24e-13,75.9,63.44
5l2h,XP_032056076.1,40.426,94,51,1,3,96,1045,1133,6.76e-09,63.9,53.19
5l2h,XP_032056076.1,35.789,95,54,3,2,96,1405,1492,1.29e-06,57.4,53.68
5l2h,XP_032056076.1,29.487,78,55,0,3,80,1136,1213,6.94e-05,52.4,56.41
5l2h,XP_032056076.1,28.571,91,59,2,5,95,596,680,0.016,45.8,48.35
5l2h,XP_035197135.1,37.634,93,53,1,3,95,1227,1314,4.36e-13,75.9,63.44
5l2h,XP_035197135.1,39.362,94,52,1,3,96,1045,1133,4.70e-08,61.2,52.13
5l2h,XP_035197135.1,34.737,95,55,3,2,96,1405,1492,2.12e-06,56.6,53.68
5l2h,XP_035197135.1,29.487,78,55,0,3,80,1136,1213,7.15e-05,52.4,56.41
5l2h,XP_035197135.1,28.571,91,59,2,5,95,596,680,0.016,45.8,48.35
5l2h,XP_068011732.1,38.710,93,52,1,3,95,1136,1223,4.40e-13,75.9,62.37
5l2h,XP_068011732.1,34.737,95,55,3,2,96,1314,1401,2.55e-06,56.6,53.68
5l2h,XP_068011732.1,28.571,91,59,2,5,95,596,680,0.024,45.1,48.35
5l2h,XP_009317543.1,38.710,93,52,1,3,95,1227,1314,4.49e-13,75.9,62.37
5l2h,XP_009317543.1,33.684,95,56,3,2,96,1405,1492,5.35e-06,55.5,53.68
5l2h,XP_009317543.1,28.571,91,59,2,5,95,596,680,0.029,45.1,48.35
5l2h,XP_049688424.1,38.710,93,52,1,3,95,1227,1314,4.53e-13,75.5,62.37
5l2h,XP_049688424.1,33.684,95,56,3,2,96,1405,1492,6.01e-06,55.5,53.68
5l2h,XP_049688424.1,28.571,91,59,2,5,95,596,680,0.024,45.1,48.35
5l2h,NXL28319.1,38.710,93,52,1,3,95,1551,1638,4.55e-13,75.5,62.37
5l2h,NXL28319.1,37.895,95,54,1,3,97,1095,1184,1.24e-06,57.4,50.53
5l2h,NXL28319.1,33.684,95,56,3,2,96,1729,1816,8.49e-06,55.1,53.68
5l2h,NXL28319.1,27.368,95,63,2,1,95,585,673,0.012,45.8,49.47
5l2h,XP_015734264.1,37.634,93,53,1,3,95,1227,1314,4.58e-13,75.5,63.44
5l2h,XP_015734264.1,42.105,95,50,1,3,97,1045,1134,2.59e-10,67.8,53.68
5l2h,XP_015734264.1,31.579,95,58,2,2,96,1405,1492,9.32e-06,54.7,50.53
5l2h,XP_015734264.1,28.571,91,59,2,5,95,596,680,0.018,45.4,48.35
5l2h,XP_042686534.1,37.634,93,53,1,3,95,1227,1314,4.58e-13,75.5,63.44
5l2h,XP_042686534.1,42.105,95,50,1,3,97,1045,1134,4.97e-10,67.0,53.68
5l2h,XP_042686534.1,28.571,91,59,2,5,95,596,680,0.015,45.8,48.35
5l2h,XP_052525674.1,37.634,93,53,1,3,95,1227,1314,4.62e-13,75.5,63.44
5l2h,XP_052525674.1,42.105,95,50,1,3,97,1045,1134,4.97e-10,67.0,53.68
5l2h,XP_052525674.1,31.579,95,58,2,2,96,1405,1492,1.24e-05,54.7,50.53
5l2h,XP_052525674.1,28.571,91,59,2,5,95,596,680,0.015,45.8,48.35
5l2h,XP_048822129.1,37.634,93,53,1,3,95,1227,1314,4.62e-13,75.5,63.44
5l2h,XP_048822129.1,41.053,95,51,1,3,97,1045,1134,7.48e-10,66.6,53.68
5l2h,XP_048822129.1,31.579,95,58,2,2,96,1405,1492,2.01e-05,53.9,50.53
5l2h,XP_048822129.1,28.571,91,59,2,5,95,596,680,0.015,45.8,48.35
5l2h,XP_015734263.1,37.634,93,53,1,3,95,1318,1405,4.72e-13,75.5,63.44
5l2h,XP_015734263.1,42.105,95,50,1,3,97,1045,1134,2.59e-10,67.8,53.68
5l2h,XP_015734263.1,31.579,95,58,2,2,96,1496,1583,9.61e-06,54.7,50.53
5l2h,XP_015734263.1,28.571,91,59,2,5,95,596,680,0.017,45.4,48.35
5l2h,XP_042686533.1,37.634,93,53,1,3,95,1318,1405,4.72e-13,75.5,63.44
5l2h,XP_042686533.1,42.105,95,50,1,3,97,1045,1134,4.98e-10,67.0,53.68
5l2h,XP_042686533.1,28.571,91,59,2,5,95,596,680,0.014,45.8,48.35
5l2h,XP_051492691.1,39.785,93,51,1,3,95,1501,1588,4.73e-13,75.5,62.37
5l2h,XP_051492691.1,42.466,73,42,0,3,75,1045,1117,4.74e-07,58.5,57.53
5l2h,XP_051492691.1,34.737,95,55,3,2,96,1679,1766,4.54e-05,52.8,53.68
5l2h,XP_042734801.1,37.634,93,53,1,3,95,1093,1180,4.80e-13,75.5,63.44
5l2h,XP_042734801.1,43.590,78,44,0,3,80,1002,1079,1.49e-09,65.5,58.97
5l2h,XP_042734801.1,31.579,95,58,2,2,96,1271,1358,9.58e-06,54.7,50.53
5l2h,XP_042734801.1,28.571,91,59,2,5,95,553,637,0.014,45.8,48.35
5l2h,XP_042686532.1,37.634,93,53,1,3,95,1318,1405,4.81e-13,75.5,63.44
5l2h,XP_042686532.1,42.105,95,50,1,3,97,1045,1134,5.02e-10,67.0,53.68
5l2h,XP_042686532.1,28.571,91,59,2,5,95,596,680,0.014,45.8,48.35
5l2h,XP_046784743.1,37.634,93,53,1,3,95,1367,1454,4.82e-13,75.5,63.44
5l2h,XP_046784743.1,41.053,95,51,1,3,97,1185,1274,1.15e-09,65.9,53.68
5l2h,XP_046784743.1,31.579,95,58,2,2,96,1545,1632,7.54e-06,55.1,50.53
5l2h,XP_046784743.1,28.571,91,59,2,5,95,596,680,0.017,45.4,48.35
5l2h,XP_040504905.1,37.634,93,53,1,3,95,1368,1455,4.82e-13,75.5,63.44
5l2h,XP_040504905.1,41.053,95,51,1,3,97,1186,1275,1.14e-09,65.9,53.68
5l2h,XP_040504905.1,31.579,95,58,2,2,96,1546,1633,7.54e-06,55.1,50.53
5l2h,XP_040504905.1,28.571,91,59,2,5,95,596,680,0.017,45.4,48.35
5l2h,XP_046784736.1,37.634,93,53,1,3,95,1368,1455,4.82e-13,75.5,63.44
5l2h,XP_046784736.1,41.053,95,51,1,3,97,1186,1275,1.16e-09,65.9,53.68
5l2h,XP_046784736.1,31.579,95,58,2,2,96,1546,1633,7.54e-06,55.1,50.53
5l2h,XP_046784736.1,28.571,91,59,2,5,95,596,680,0.017,45.4,48.35
5l2h,XP_068269721.1,38.298,94,53,1,3,96,1227,1315,4.85e-13,75.5,61.70
5l2h,XP_068269721.1,40.426,94,51,1,3,96,1045,1133,2.52e-08,62.0,52.13
5l2h,XP_068269721.1,32.979,94,56,3,2,95,1405,1491,8.19e-05,52.0,52.13
5l2h,XP_068269721.1,28.571,91,59,2,5,95,596,680,0.010,46.2,48.35
5l2h,XP_065710204.2,38.710,93,52,1,3,95,1336,1423,4.86e-13,75.5,62.37
5l2h,XP_065710204.2,40.000,95,52,1,3,97,1154,1243,1.30e-08,63.2,51.58
5l2h,XP_065710204.2,31.579,95,58,2,2,96,1514,1601,1.19e-05,54.7,51.58
5l2h,XP_065710204.2,38.889,72,40,2,2,72,924,992,0.002,48.5,56.94
8k8f,8KCJ_A,100.000,179,0,0,1,179,1,179,2.34e-107,315,100.00
8k8f,8K8F_A,100.000,179,0,0,1,179,1,179,3.80e-107,315,100.00
8k8f,WP_019183288.1,47.826,69,19,1,83,134,16,84,0.018,47.8,59.42
8kcj,8KCJ_A,100.000,179,0,0,1,179,1,179,2.34e-107,315,100.00
8kcj,8K8F_A,100.000,179,0,0,1,179,1,179,3.80e-107,315,100.00
8kcj,WP_019183288.1,47.826,69,19,1,83,134,16,84,0.018,47.8,59.42
5bvb,5BVB_A,100.000,130,0,0,1,130,3,132,4.97e-91,270,100.00
5bvb,WP_134320427.1,90.698,129,12,0,2,130,1,129,2.46e-80,243,93.80
5bvb,HEJ4418962.1,89.922,129,13,0,2,130,1,129,5.24e-80,243,93.02
5bvb,MBG5278289.1,89.922,129,13,0,2,130,1,129,6.52e-80,242,93.02
5bvb,MBH9421638.1,89.922,129,13,0,2,130,1,129,7.04e-80,242,93.02
5bvb,WP_058142453.1,89.922,129,13,0,2,130,1,129,7.69e-80,242,93.02
5bvb,HGW3657957.1,89.922,129,13,0,2,130,1,129,8.03e-80,242,93.02
5bvb,TKV78352.1,89.922,129,13,0,2,130,1,129,8.48e-80,242,93.02
5bvb,HBO3553148.1,89.922,129,13,0,2,130,1,129,8.67e-80,242,93.02
5bvb,WP_134254404.1,89.922,129,13,0,2,130,1,129,8.77e-80,242,93.02
5bvb,HGN1416224.1,89.922,129,13,0,2,130,1,129,9.06e-80,242,93.02
5bvb,WP_003091711.1,89.922,129,13,0,2,130,1,129,9.27e-80,242,93.02
5bvb,WP_124034139.1,89.922,129,13,0,2,130,1,129,9.37e-80,242,93.02
5bvb,MBI8743024.1,89.922,129,13,0,2,130,1,129,9.37e-80,242,93.02
5bvb,WP_031759684.1,89.922,129,13,0,2,130,1,129,9.56e-80,242,93.02
5bvb,WP_124136950.1,89.922,129,13,0,2,130,1,129,9.68e-80,242,93.02
5bvb,MCS9379571.1,89.922,129,13,0,2,130,1,129,1.00e-79,242,93.02
5bvb,WP_105753099.1,89.922,129,13,0,2,130,1,129,1.01e-79,242,93.02
5bvb,WP_034069875.1,89.922,129,13,0,2,130,1,129,1.01e-79,242,93.02
5bvb,WP_134610250.1,89.922,129,13,0,2,130,1,129,1.07e-79,242,93.02
5bvb,MDX4017450.1,89.147,129,14,0,2,130,1,129,1.10e-79,242,93.02
5bvb,MDG3754287.1,89.147,129,14,0,2,130,1,129,1.10e-79,242,93.02
5bvb,HBO6823084.1,89.922,129,13,0,2,130,1,129,1.11e-79,241,93.02
5bvb,WP_124142612.1,89.922,129,13,0,2,130,1,129,1.12e-79,242,93.02
5bvb,WP_049882695.1,89.922,129,13,0,2,130,1,129,1.23e-79,241,93.02
5bvb,WP_004351124.1,89.147,129,14,0,2,130,1,129,1.29e-79,241,93.02
5bvb,MFU6443655.1,89.147,129,14,0,2,130,1,129,1.29e-79,241,93.02
5bvb,WP_034001214.1,89.922,129,13,0,2,130,1,129,1.30e-79,241,93.02
5bvb,WP_227342220.1,89.922,129,13,0,2,130,3,131,1.30e-79,241,93.02
5bvb,MBG6561842.1,89.922,129,13,0,2,130,1,129,1.62e-79,241,93.02
5bvb,MBG6607635.1,89.147,129,14,0,2,130,1,129,1.66e-79,241,93.02
5bvb,WP_114232785.1,89.147,129,14,0,2,130,1,129,1.73e-79,241,93.02
5bvb,HCF7328104.1,89.147,129,14,0,2,130,1,129,1.85e-79,241,93.02
5bvb,1Z1S_A,89.922,129,13,0,2,130,23,151,1.85e-79,242,93.02
5bvb,WP_213149472.1,89.147,129,14,0,2,130,1,129,1.87e-79,241,93.02
5bvb,MBG4851496.1,89.147,129,14,0,2,130,1,129,1.87e-79,241,93.02
5bvb,WP_033968589.1,89.147,129,14,0,2,130,1,129,1.87e-79,241,93.02
5bvb,AHH52133.1,89.922,129,13,0,2,130,20,148,1.98e-79,242,93.02
5bvb,WP_034065274.1,89.922,129,13,0,2,130,1,129,2.10e-79,241,93.02
5bvb,MBG7151805.1,89.147,129,14,0,2,130,1,129,2.18e-79,241,93.02
5bvb,HCL3743164.1,89.147,129,14,0,2,130,1,129,2.20e-79,241,93.02
5bvb,WP_223685139.1,89.147,129,14,0,2,130,1,129,2.25e-79,241,93.02
5bvb,WP_124200207.1,89.147,129,14,0,2,130,1,129,2.25e-79,241,93.02
5bvb,MCR3789490.1,89.922,129,13,0,2,130,1,129,2.27e-79,241,93.02
5bvb,HGN2669576.1,89.147,129,14,0,2,130,1,129,2.63e-79,241,93.02
5bvb,HCG0583186.1,89.147,129,14,0,2,130,1,129,2.63e-79,241,93.02
5bvb,MBH9055888.1,89.147,129,14,0,2,130,1,129,2.87e-79,241,92.25
5bvb,WP_217970147.1,89.147,129,14,0,2,130,1,129,2.87e-79,241,92.25
5bvb,WP_129376498.1,89.147,129,14,0,2,130,1,129,2.96e-79,241,93.02
5bvb,WP_124125411.1,89.147,129,14,0,2,130,1,129,2.96e-79,241,93.02
5bvb,MBN0478750.1,89.147,129,14,0,2,130,1,129,2.96e-79,241,93.02
5bvb,HBO4296102.1,89.147,129,14,0,2,130,1,129,2.96e-79,241,93.02
5bvb,WP_058164750.1,89.147,129,14,0,2,130,1,129,2.96e-79,241,93.02
5bvb,WP_126867406.1,89.147,129,14,0,2,130,1,129,2.96e-79,241,93.02
5bvb,WP_333737315.1,89.147,129,14,0,2,130,1,129,2.96e-79,241,93.02
5bvb,WP_346718698.1,89.147,129,14,0,2,130,1,129,2.96e-79,241,93.02
5bvb,WP_033877009.1,89.147,129,14,0,2,130,1,129,2.96e-79,241,93.02
5bvb,WP_009313693.1,89.147,129,14,0,2,130,1,129,2.96e-79,241,93.02
5bvb,WP_033884452.1,89.147,129,14,0,2,130,1,129,2.99e-79,241,93.02
5bvb,MBH9330218.1,89.922,129,13,0,2,130,38,166,3.07e-79,242,93.02
5bvb,MFU5173518.1,89.147,129,14,0,2,130,1,129,3.17e-79,241,93.02
5bvb,MCS8332842.1,89.147,129,14,0,2,130,1,129,3.17e-79,241,93.02
5bvb,MCS8786690.1,89.147,129,14,0,2,130,1,129,3.34e-79,240,93.02
5bvb,WP_070336487.1,90.551,127,12,0,2,128,1,127,3.38e-79,240,93.70
5bvb,WP_128712112.1,89.147,129,14,0,2,130,1,129,3.42e-79,240,93.02
5bvb,MDF5906183.1,89.147,129,14,0,2,130,1,129,3.49e-79,240,92.25
5bvb,WP_349767057.1,89.147,129,14,0,2,130,1,129,3.65e-79,240,93.02
5bvb,ELK4896037.1,89.922,129,13,0,2,130,1,129,3.73e-79,240,92.25
5bvb,WP_134268885.1,89.147,129,14,0,2,130,1,129,3.73e-79,240,92.25
5bvb,WP_272016598.1,89.147,129,14,0,2,130,1,129,3.77e-79,240,93.02
5bvb,WP_024914856.1,89.147,129,14,0,2,130,1,129,3.77e-79,240,93.02
5bvb,WP_121358491.1,89.147,129,14,0,2,130,1,129,3.86e-79,240,92.25
5bvb,WP_096219750.1,89.147,129,14,0,2,130,1,129,3.86e-79,240,92.25
5bvb,EIU7136909.1,89.147,129,14,0,2,130,1,129,3.86e-79,240,92.25
5bvb,MFK1345945.1,89.147,129,14,0,2,130,1,129,3.86e-79,240,92.25
5bvb,MEB5347778.1,89.147,129,14,0,2,130,1,129,3.86e-79,240,92.25
5bvb,WP_134233187.1,89.147,129,14,0,2,130,1,129,3.99e-79,240,92.25
5bvb,WP_034002867.1,89.147,129,14,0,2,130,1,129,4.08e-79,240,92.25
5bvb,WP_094954634.1,89.147,129,14,0,2,130,1,129,4.17e-79,240,92.25
5bvb,MCO2706204.1,89.147,129,14,0,2,130,1,129,4.17e-79,240,92.25
5bvb,WP_043176499.1,89.147,129,14,0,2,130,1,129,4.17e-79,240,92.25
5bvb,MCO3739397.1,89.147,129,14,0,2,130,1,129,4.60e-79,240,92.25
5bvb,HGM4823053.1,89.147,129,14,0,2,130,1,129,4.60e-79,240,92.25
5bvb,EKU0638564.1,89.147,129,14,0,2,130,1,129,4.60e-79,240,92.25
5bvb,EOT7483947.1,89.147,129,14,0,2,130,1,129,4.60e-79,240,92.25
5bvb,WP_263959724.1,89.147,129,14,0,2,130,1,129,4.60e-79,240,92.25
5bvb,MBH9363854.1,89.147,129,14,0,2,130,38,166,4.65e-79,241,93.02
5bvb,MDX3949034.1,89.147,129,14,0,2,130,1,129,4.75e-79,240,92.25
5bvb,MDX4008383.1,89.147,129,14,0,2,130,1,129,4.75e-79,240,92.25
5bvb,WP_319173568.1,89.147,129,14,0,2,130,1,129,4.86e-79,240,92.25
5bvb,WP_058159310.1,88.372,129,15,0,2,130,1,129,5.08e-79,240,93.02
5bvb,MBH9438502.1,89.147,129,14,0,2,130,1,129,5.13e-79,240,92.25
5bvb,MBG4256697.1,89.147,129,14,0,2,130,1,129,5.24e-79,240,92.25
5bvb,WP_263474309.1,88.372,129,15,0,2,130,1,129,5.92e-79,240,92.25
5bvb,WP_331838823.1,88.372,129,15,0,2,130,1,129,6.25e-79,240,93.02
5bvb,MCO3850408.1,89.147,129,14,0,2,130,1,129,6.32e-79,240,92.25
5bvb,HBP6089973.1,89.147,129,14,0,2,130,1,129,6.32e-79,240,92.25
5bvb,WP_124103988.1,89.147,129,14,0,2,130,1,129,6.32e-79,240,92.25
5bvb,MFK1551672.1,89.147,129,14,0,2,130,1,129,6.46e-79,240,92.25
5bvb,HBO3971083.1,89.147,129,14,0,2,130,1,129,7.29e-79,239,92.25
3vcd,3VCD_A,100.000,184,0,0,1,184,2,185,1.16e-126,365,100.00
3vcd,3N79_A,95.109,184,9,0,1,184,2,185,8.79e-120,347,96.20
3vcd,6FDB_A,96.739,184,6,0,1,184,2,185,1.28e-119,347,96.74
3vcd,EGQ2254906.1,94.536,183,10,0,1,183,2,184,1.38e-118,344,95.63
3vcd,WP_079780475.1,94.536,183,10,0,1,183,2,184,1.43e-118,344,95.63
3vcd,ECB5874531.1,94.536,183,10,0,1,183,2,184,1.48e-118,344,95.63
3vcd,EBP2922047.1,93.989,183,11,0,1,183,2,184,1.60e-118,344,96.17
3vcd,WP_000075772.1,94.536,183,10,0,1,183,2,184,1.69e-118,344,95.63
3vcd,ECX9479601.1,93.989,183,11,0,1,183,2,184,1.84e-118,343,95.63
3vcd,EDG9481965.1,94.536,183,10,0,1,183,2,184,1.94e-118,343,95.63
3vcd,EAW9395308.1,94.536,183,10,0,1,183,2,184,2.03e-118,343,95.63
3vcd,EDB2444202.1,93.989,183,11,0,1,183,2,184,2.34e-118,343,95.63
3vcd,EGS5984629.1,94.536,183,10,0,1,183,2,184,2.34e-118,343,95.63
3vcd,EKK9390831.1,94.536,183,10,0,1,183,2,184,2.40e-118,343,95.63
3vcd,WP_000075774.1,93.989,183,11,0,1,183,2,184,2.82e-118,343,95.63
3vcd,ELL9939101.1,93.989,183,11,0,1,183,2,184,2.82e-118,343,95.63
3vcd,EEV5359573.1,93.989,183,11,0,1,183,2,184,2.82e-118,343,95.63
3vcd,EAO6954788.1,93.989,183,11,0,1,183,2,184,3.05e-118,343,95.63
3vcd,EDW2812525.1,93.989,183,11,0,1,183,2,184,3.05e-118,343,95.63
3vcd,EBR7100778.1,93.989,183,11,0,1,183,2,184,3.05e-118,343,95.63
3vcd,EIM7539652.1,93.989,183,11,0,1,183,2,184,3.05e-118,343,95.63
3vcd,EJZ5310283.1,93.989,183,11,0,1,183,2,184,3.05e-118,343,95.63
3vcd,ELT7248554.1,93.989,183,11,0,1,183,2,184,3.05e-118,343,95.63
3vcd,EBD8832783.1,93.989,183,11,0,1,183,2,184,3.05e-118,343,95.63
3vcd,EEP8514140.1,93.989,183,11,0,1,183,2,184,3.05e-118,343,95.63
3vcd,EBQ9152108.1,93.989,183,11,0,1,183,2,184,3.05e-118,343,95.63
3vcd,ENE5659327.1,93.989,183,11,0,1,183,2,184,3.26e-118,343,95.63
3vcd,WP_262954863.1,93.989,183,11,0,1,183,2,184,3.26e-118,343,95.63
3vcd,ECF0260521.1,93.989,183,11,0,1,183,2,184,3.33e-118,343,95.63
3vcd,EJS0971905.1,94.536,183,10,0,1,183,2,184,3.44e-118,343,95.63
3vcd,EBX3194796.1,94.536,183,10,0,1,183,2,184,3.52e-118,343,95.08
3vcd,EFU8790290.1,93.989,183,11,0,1,183,2,184,3.84e-118,343,95.63
3vcd,HBD8533842.1,93.989,183,11,0,1,183,2,184,3.84e-118,343,95.63
3vcd,EDW3586483.1,93.989,183,11,0,1,183,2,184,3.84e-118,343,95.63
3vcd,EBY1764760.1,93.989,183,11,0,1,183,2,184,3.93e-118,343,95.63
3vcd,EAA6710424.1,93.989,183,11,0,1,183,2,184,3.93e-118,343,95.63
3vcd,ENB4648442.1,93.989,183,11,0,1,183,2,184,3.93e-118,343,95.63
3vcd,MFG6002329.1,93.443,183,12,0,1,183,2,184,4.01e-118,343,95.63
3vcd,ECE0137583.1,93.989,183,11,0,1,183,2,184,4.29e-118,343,95.63
3vcd,ENI1493698.1,93.989,183,11,0,1,183,2,184,4.29e-118,343,95.63
3vcd,EDA4171974.1,93.989,183,11,0,1,183,2,184,4.29e-118,343,95.63
3vcd,WP_001729053.1,93.989,183,11,0,1,183,2,184,4.29e-118,343,95.63
3vcd,WP_069721374.1,93.989,183,11,0,1,183,2,184,4.33e-118,343,95.63
3vcd,EHP1156686.1,93.989,183,11,0,1,183,2,184,4.63e-118,343,95.63
3vcd,WP_023209734.1,94.536,183,10,0,1,183,2,184,4.78e-118,343,95.08
3vcd,EGJ2891821.1,93.443,183,12,0,1,183,2,184,4.78e-118,343,95.63
3vcd,ECO5497436.1,93.443,183,12,0,1,183,2,184,4.78e-118,343,95.63
3vcd,EAM9251284.1,93.443,183,12,0,1,183,2,184,4.78e-118,343,95.63
3vcd,EDS5956846.1,93.443,183,12,0,1,183,2,184,4.78e-118,343,95.63
3vcd,EGF4035971.1,93.443,183,12,0,1,183,2,184,4.78e-118,343,95.63
3vcd,EDY3086979.1,93.989,183,11,0,1,183,2,184,5.16e-118,343,95.63
3vcd,ECF4507498.1,93.989,183,11,0,1,183,2,184,5.16e-118,343,95.63
3vcd,ECW0820629.1,93.989,183,11,0,1,183,2,184,5.16e-118,343,95.63
3vcd,EAY6240191.1,93.989,183,11,0,1,183,2,184,5.16e-118,343,95.63
3vcd,EKP6712967.1,93.989,183,11,0,1,183,2,184,5.16e-118,343,95.63
3vcd,WP_197392039.1,93.989,183,11,0,1,183,2,184,5.16e-118,343,95.63
3vcd,WP_023201212.1,93.989,183,11,0,1,183,2,184,5.22e-118,342,95.08
3vcd,HFJ2080879.1,93.989,183,11,0,1,183,2,184,5.22e-118,342,95.08
3vcd,EKL5342792.1,93.989,183,11,0,1,183,2,184,5.40e-118,342,95.63
3vcd,EGI1466689.1,93.989,183,11,0,1,183,2,184,5.40e-118,342,95.63
3vcd,EGG0046070.1,93.989,183,11,0,1,183,2,184,5.40e-118,342,95.63
3vcd,EAQ2352339.1,93.989,183,11,0,1,183,2,184,5.40e-118,342,95.63
3vcd,EFO8575083.1,93.989,183,11,0,1,183,2,184,5.40e-118,342,95.63
3vcd,EMB4495112.1,93.989,183,11,0,1,183,2,184,5.40e-118,342,95.63
3vcd,EBM7742185.1,93.989,183,11,0,1,183,2,184,5.40e-118,342,95.63
3vcd,EGF6073283.1,93.989,183,11,0,1,183,2,184,5.40e-118,342,95.63
3vcd,EFT0981330.1,93.989,183,11,0,1,183,2,184,5.40e-118,342,95.63
3vcd,ECB7942069.1,93.989,183,11,0,1,183,2,184,5.40e-118,342,95.63
3vcd,EAA2615940.1,93.989,183,11,0,1,183,2,184,5.40e-118,342,95.63
3vcd,EAA6341314.1,93.989,183,11,0,1,183,2,184,5.40e-118,342,95.63
3vcd,EAN4278440.1,93.989,183,11,0,1,183,2,184,5.40e-118,342,95.63
3vcd,EBV7175515.1,93.989,183,11,0,1,183,2,184,5.58e-118,342,95.63
3vcd,WP_063814055.1,93.989,183,11,0,1,183,2,184,5.64e-118,342,95.63
3vcd,EMD9041289.1,93.443,183,12,0,1,183,2,184,5.64e-118,342,95.63
3vcd,ECP2796128.1,93.443,183,12,0,1,183,2,184,5.64e-118,342,95.63
3vcd,EDI5443190.1,93.989,183,11,0,1,183,2,184,5.83e-118,342,95.63
3vcd,WP_350405649.1,93.443,183,12,0,1,183,2,184,5.83e-118,342,95.63
3vcd,HFC9526354.1,93.989,183,11,0,1,183,2,184,5.83e-118,342,95.63
3vcd,EAQ1856979.1,93.989,183,11,0,1,183,2,184,6.50e-118,342,95.63
3vcd,EEF3435297.1,93.989,183,11,0,1,183,2,184,6.65e-118,342,95.63
3vcd,EEP7064257.1,93.443,183,12,0,1,183,2,184,6.65e-118,342,95.63
3vcd,EBF8505759.1,93.989,183,11,0,1,183,2,184,6.79e-118,342,95.63
3vcd,WP_411898864.1,93.989,183,11,0,1,183,2,184,6.94e-118,342,95.08
3vcd,ECF5127529.1,93.989,183,11,0,1,183,2,184,6.94e-118,342,95.08
3vcd,HFW1652579.1,93.989,183,11,0,1,183,2,184,6.94e-118,342,95.08
3vcd,EDL0240512.1,93.989,183,11,0,1,183,2,184,6.94e-118,342,95.08
3vcd,EJR1928227.1,93.989,183,11,0,1,183,2,184,6.94e-118,342,95.08
3vcd,EKQ8680780.1,93.989,183,11,0,1,183,2,184,6.94e-118,342,95.08
3vcd,ECW3254631.1,93.989,183,11,0,1,183,2,184,6.94e-118,342,95.08
3vcd,EJY7349275.1,93.989,183,11,0,1,183,2,184,6.94e-118,342,95.08
3vcd,EAW1755226.1,93.989,183,11,0,1,183,2,184,6.94e-118,342,95.08
3vcd,ELS7547619.1,93.989,183,11,0,1,183,2,184,6.94e-118,342,95.08
3vcd,EIB7873817.1,93.989,183,11,0,1,183,2,184,6.94e-118,342,95.08
3vcd,EDG2214875.1,93.989,183,11,0,1,183,2,184,6.94e-118,342,95.08
3vcd,EGH6753769.1,93.989,183,11,0,1,183,2,184,6.94e-118,342,95.08
3vcd,EFS1060560.1,93.989,183,11,0,1,183,2,184,6.94e-118,342,95.08
3vcd,EHJ1674367.1,93.989,183,11,0,1,183,2,184,7.18e-118,342,95.63
3vcd,QNF83160.1,93.989,183,11,0,1,183,2,184,7.18e-118,342,95.63
3vcd,EAC1237126.1,93.989,183,11,0,1,183,2,184,7.18e-118,342,95.63
3vcd,EAQ4449117.1,93.989,183,11,0,1,183,2,184,7.18e-118,342,95.63
4loa,4LOA_A,95.152,165,1,1,1,158,2,166,1.97e-104,306,95.15
4loa,EDB2003000.1,86.420,162,15,1,3,157,4,165,1.40e-87,264,87.04
4loa,EAB5271412.1,86.420,162,15,1,3,157,4,165,2.35e-87,263,87.04
4loa,ADT72139.1,86.420,162,15,1,3,157,3,164,2.40e-87,263,87.04
4loa,WP_002860280.1,86.420,162,15,1,3,157,4,165,2.48e-87,263,87.04
4loa,WP_079745798.1,86.420,162,15,1,3,157,4,165,2.54e-87,263,87.04
4loa,KQI37508.1,86.420,162,15,1,3,157,3,164,2.56e-87,263,87.04
4loa,EDO8650864.1,86.420,162,15,1,3,157,4,165,2.60e-87,263,87.04
4loa,ECL3068853.1,85.802,162,16,1,3,157,4,165,3.98e-87,263,87.04
4loa,HEF7000769.1,85.802,162,16,1,3,157,4,165,3.98e-87,263,87.04
4loa,ECO3986660.1,85.802,162,16,1,3,157,4,165,3.98e-87,263,87.04
4loa,EDK21747.1,85.802,162,16,1,3,157,14,175,4.11e-87,263,86.42
4loa,WP_079865952.1,85.802,162,16,1,3,157,4,165,4.54e-87,263,87.04
4loa,WP_087685705.1,85.802,162,16,1,3,157,4,165,4.54e-87,263,87.04
4loa,EDP5543435.1,85.802,162,16,1,3,157,4,165,4.54e-87,263,87.04
4loa,OIU25115.1,85.802,162,16,1,3,157,3,164,5.40e-87,262,87.04
4loa,MFK0432115.1,85.802,162,16,1,3,157,4,165,5.47e-87,262,87.04
4loa,WP_079744415.1,85.802,162,16,1,3,157,4,165,6.81e-87,262,86.42
4loa,EAJ9188190.1,85.802,162,16,1,3,157,4,165,7.44e-87,262,87.04
4loa,EAL6560100.1,85.802,162,16,1,3,157,4,165,8.67e-87,262,86.42
4loa,ENZ6292604.1,85.802,162,16,1,3,157,4,165,8.86e-87,262,86.42
4loa,EOH1999723.1,85.802,162,16,1,3,157,4,165,9.57e-87,262,86.42
4loa,WP_079263719.1,85.802,162,16,1,3,157,4,165,9.57e-87,262,86.42
4loa,WP_079263872.1,85.802,162,16,1,3,157,4,165,9.57e-87,262,86.42
4loa,EAH9999756.1,85.802,162,16,1,3,157,4,165,9.57e-87,262,86.42
4loa,AGQ95116.1,85.802,162,16,1,3,157,3,164,9.66e-87,261,86.42
4loa,EAI5269547.1,85.802,162,16,1,3,157,4,165,9.78e-87,261,86.42
4loa,EHQ8148453.1,85.802,162,16,1,3,157,4,165,9.78e-87,261,86.42
4loa,OKY19066.1,85.802,162,16,1,3,157,3,164,9.88e-87,261,87.04
4loa,EHK8398350.1,85.802,162,16,1,3,157,4,165,1.00e-86,261,86.42
4loa,EAK5404186.1,85.802,162,16,1,3,157,4,165,1.01e-86,261,86.42
4loa,WP_072227258.1,85.802,162,16,1,3,157,4,165,1.01e-86,261,86.42
4loa,WP_079460308.1,85.802,162,16,1,3,157,4,165,1.04e-86,261,86.42
4loa,EAJ7868675.1,85.802,162,16,1,3,157,4,165,1.09e-86,261,87.04
4loa,EAI5534042.1,85.802,162,16,1,3,157,4,165,1.09e-86,261,87.04
4loa,HEF5650196.1,85.802,162,16,1,3,157,4,165,1.09e-86,261,87.04
4loa,EAJ6895082.1,85.802,162,16,1,3,157,4,165,1.09e-86,261,87.04
4loa,WP_074485756.1,85.802,162,16,1,3,157,4,165,1.09e-86,261,87.04
4loa,EAI0015001.1,85.802,162,16,1,3,157,4,165,1.09e-86,261,87.04
4loa,EAJ1843013.1,85.802,162,16,1,3,157,4,165,1.09e-86,261,87.04
4loa,EHL5035315.1,85.802,162,16,1,3,157,4,165,1.12e-86,261,87.04
4loa,AXL39663.1,85.802,162,16,1,3,157,3,164,1.14e-86,261,86.42
4loa,EIB42542.1,85.802,162,16,1,3,157,3,164,1.14e-86,261,86.42
4loa,WP_215484849.1,85.802,162,16,1,3,157,4,165,1.14e-86,261,87.04
4loa,KQI03799.1,85.802,162,16,1,3,157,3,164,1.16e-86,261,86.42
4loa,OEX55612.1,85.802,162,16,1,3,157,3,164,1.22e-86,261,86.42
4loa,EAL0090515.1,85.802,162,16,1,3,157,4,165,1.23e-86,261,86.42
4loa,EAJ6820654.1,85.802,162,16,1,3,157,4,165,1.30e-86,261,86.42
4loa,MBX2757467.1,85.802,162,16,1,3,157,4,165,1.33e-86,261,87.04
4loa,MPO79600.1,85.802,162,16,1,3,157,4,165,1.45e-86,261,86.42
4loa,WP_237916885.1,85.802,162,16,1,3,157,4,165,1.47e-86,261,86.42
4loa,ECL4370040.1,85.802,162,16,1,3,157,4,165,1.48e-86,261,86.42
4loa,HEB5685307.1,85.802,162,16,1,3,157,4,165,1.52e-86,261,86.42
4loa,WP_283804451.1,85.185,162,17,1,3,157,4,165,1.52e-86,261,87.04
4loa,WP_144689498.1,85.802,162,16,1,3,157,4,165,1.71e-86,261,86.42
4loa,MEG62617.1,85.185,162,17,1,3,157,4,165,1.77e-86,261,86.42
4loa,EGK1231722.1,85.185,162,17,1,3,157,4,165,1.77e-86,261,86.42
4loa,ECL3613112.1,85.185,162,17,1,3,157,4,165,1.93e-86,261,86.42
4loa,ECL1010857.1,85.802,162,16,1,3,157,4,165,2.04e-86,261,86.42
4loa,EOJ9660292.1,85.802,162,16,1,3,157,4,165,2.06e-86,261,86.42
4loa,EAI6593797.1,85.802,162,16,1,3,157,4,165,2.15e-86,261,86.42
4loa,EAJ3991302.1,85.802,162,16,1,3,157,4,165,2.35e-86,261,86.42
4loa,WP_306014102.1,85.185,162,17,1,3,157,4,165,2.46e-86,261,86.42
4loa,EJJ9676327.1,85.802,162,16,1,3,157,4,165,2.54e-86,261,86.42
4loa,WP_329610856.1,85.802,162,16,1,3,157,4,165,2.54e-86,261,86.42
4loa,EAH4726210.1,85.802,162,16,1,3,157,4,165,2.62e-86,261,86.42
4loa,WP_222652294.1,85.802,162,16,1,3,157,4,165,2.65e-86,261,86.42
4loa,MBW1384244.1,85.185,162,17,1,3,157,3,164,2.83e-86,260,86.42
4loa,WP_218994720.1,85.185,162,17,1,3,157,4,165,2.90e-86,260,86.42
4loa,MBW1426152.1,85.185,162,17,1,3,157,3,164,2.93e-86,260,86.42
4loa,EHW9232793.1,85.802,162,16,1,3,157,4,165,2.93e-86,260,86.42
4loa,EED2202138.1,85.714,161,16,1,3,156,4,164,2.96e-86,260,86.34
4loa,EAJ1133240.1,85.802,162,16,1,3,157,4,165,2.96e-86,260,86.42
4loa,WP_079264886.1,85.185,162,17,1,3,157,4,165,2.96e-86,260,85.80
4loa,WP_349732571.1,85.185,162,17,1,3,157,4,165,2.96e-86,260,85.80
4loa,WP_395105504.1,85.185,162,17,1,3,157,4,165,2.96e-86,260,85.80
4loa,EHB2208363.1,85.185,162,17,1,3,157,4,165,3.06e-86,260,86.42
4loa,WP_002904001.1,85.802,162,16,1,3,157,4,165,3.23e-86,260,86.42
4loa,ENC1400858.1,85.802,162,16,1,3,157,4,165,3.57e-86,260,86.42
4loa,EJS0838474.1,85.185,162,17,1,3,157,4,165,3.77e-86,260,86.42
4loa,MPP25463.1,85.802,162,16,1,3,157,4,165,3.77e-86,260,86.42
4loa,EAL4371964.1,85.185,162,17,1,3,157,4,165,3.85e-86,260,85.80
4loa,KDA37468.1,85.185,162,17,1,3,157,3,164,3.98e-86,260,86.42
4loa,WP_079748603.1,84.568,162,18,1,3,157,4,165,3.98e-86,260,87.04
4loa,EDP3721418.1,85.802,162,16,1,3,157,4,165,4.02e-86,260,86.42
4loa,ELX5197295.1,85.185,162,17,1,3,157,4,165,4.11e-86,260,86.42
4loa,EAH6886897.1,85.185,162,17,1,3,157,4,165,4.11e-86,260,86.42
4loa,EIC9165798.1,85.185,162,17,1,3,157,4,165,4.11e-86,260,86.42
4loa,EGP7907084.1,85.185,162,17,1,3,157,4,165,4.11e-86,260,86.42
4loa,EMD0242475.1,85.185,162,17,1,3,157,4,165,4.16e-86,260,86.42
4loa,WP_395096210.1,85.185,162,17,1,3,157,4,165,4.16e-86,260,86.42
4loa,EHD2789679.1,85.802,162,16,1,3,157,4,165,4.30e-86,260,86.42
4loa,EAK0185564.1,85.802,162,16,1,3,157,4,165,4.35e-86,260,86.42
4loa,EAH6905347.1,86.250,160,15,1,3,155,4,163,4.38e-86,260,86.88
4loa,ELS5860943.1,85.185,162,17,1,3,157,4,165,4.74e-86,260,86.42
4loa,EDP3947514.1,84.568,162,18,1,3,157,4,165,4.74e-86,260,86.42
4loa,APA48817.1,85.185,162,17,1,3,157,3,164,5.01e-86,260,85.80
4loa,AHK51693.1,85.802,162,16,1,3,157,3,164,5.06e-86,260,86.42
4loa,1VIA_A,85.366,164,17,1,1,157,2,165,5.06e-86,260,85.98
4loa,EAM0145409.1,85.802,162,16,1,3,157,4,165,5.12e-86,260,86.42
5cw9,5CW9_A,100.000,146,0,0,1,146,1,146,3.24e-97,287,100.00
5cw9,4NEZ_A,54.545,154,21,2,41,145,8,161,6.47e-35,130,54.55
5cw9,4NEZ_A,48.101,158,33,1,2,110,3,160,6.66e-29,115,50.00
5cw9,4NEY_A,54.194,155,21,2,41,145,8,162,9.44e-35,130,54.19
5cw9,4NEY_A,47.799,159,33,1,2,110,3,161,9.69e-29,114,49.69
5cw9,4HHU_A,53.247,154,25,1,38,144,5,158,2.57e-34,129,54.55
5cw9,4HHU_A,50.980,153,28,1,5,110,6,158,1.06e-31,122,53.59
5cw9,2MTL_A,92.754,69,5,0,39,107,6,74,6.34e-34,125,92.75
5cw9,2KL8_A,91.304,69,6,0,39,107,5,73,2.23e-33,123,91.30
5cw9,4KY3_A,81.081,74,14,0,39,112,85,158,7.05e-32,122,89.19
5cw9,4PWW_A,57.009,107,12,1,39,145,5,77,7.37e-25,102,59.81
5cw9,4PWW_A,51.402,107,18,1,1,107,1,73,3.78e-20,90.1,55.14
5cw9,6WXO_A,55.102,98,40,1,14,107,52,149,5.86e-22,97.8,67.35
5cw9,6WXP_A,56.250,96,34,2,16,107,39,130,6.49e-22,97.4,67.71
5cw9,6ZV9_A,56.250,96,34,2,16,107,39,130,6.70e-22,97.1,67.71
5cw9,4RJV_A,68.116,69,22,0,39,107,5,73,6.23e-20,89.7,76.81
5cw9,4RJV_A,44.304,79,39,1,1,74,1,79,3.15e-05,52.0,58.23
5cw9,ATA67140.1,53.271,107,16,1,39,145,236,308,5.78e-18,91.7,55.14
5cw9,ATA67140.1,46.226,106,23,1,2,107,233,304,3.85e-12,75.1,50.00
6x1k,6X1K_A,100.000,124,0,0,1,124,1,124,1.28e-84,253,100.00
6x1k,6X9Z_A,60.163,123,49,0,1,123,1,123,1.91e-48,162,77.24
6x1k,9FDG_A,39.496,119,64,4,8,122,63,177,5.20e-12,70.9,51.26
6x1k,9FDG_A,43.103,116,54,5,2,112,1,109,4.24e-10,65.9,50.86
6x1k,EHE4280431.1,27.200,125,54,5,30,121,64,184,0.044,45.4,40.80
3pg0,3PG0_A,100.000,140,0,0,1,140,26,165,1.18e-92,276,100.00
3pg0,3PG0_A,98.947,95,1,0,46,140,24,118,7.88e-58,188,100.00
3pg0,WP_121302658.1,73.723,137,36,0,4,140,946,1082,6.93e-55,197,82.48
3pg0,WP_121302658.1,72.043,93,26,0,1,93,990,1082,6.34e-33,134,82.80
3pg0,WP_049938716.1,73.723,137,36,0,4,140,946,1082,7.13e-55,197,82.48
3pg0,WP_049938716.1,72.043,93,26,0,1,93,990,1082,6.53e-33,134,82.80
3pg0,WP_007188321.1,73.723,137,36,0,4,140,946,1082,7.27e-55,196,82.48
3pg0,WP_007188321.1,72.043,93,26,0,1,93,990,1082,6.47e-33,134,82.80
3pg0,AAV45265.1,73.723,137,36,0,4,140,1008,1144,9.62e-55,196,82.48
3pg0,AAV45265.1,72.043,93,26,0,1,93,1052,1144,7.51e-33,134,82.80
3pg0,WP_004962969.1,72.993,137,37,0,4,140,946,1082,2.62e-54,195,82.48
3pg0,WP_004962969.1,70.968,93,27,0,1,93,990,1082,2.37e-32,132,82.80
3pg0,WP_120244948.1,71.533,137,39,0,4,140,937,1073,2.57e-52,189,79.56
3pg0,WP_120244948.1,72.043,93,26,0,1,93,981,1073,3.26e-32,132,79.57
3pg0,WP_121536631.1,70.073,137,41,0,4,140,937,1073,3.51e-52,189,78.10
3pg0,WP_121536631.1,70.652,92,27,0,2,93,982,1073,3.46e-32,132,79.35
3pg0,WP_121536631.1,71.739,46,13,0,1,46,1028,1073,1.79e-10,70.1,80.43
3pg0,WP_121510973.1,70.073,137,41,0,4,140,937,1073,3.58e-52,189,78.10
3pg0,WP_121510973.1,70.652,92,27,0,2,93,982,1073,3.46e-32,132,79.35
3pg0,WP_121510973.1,71.739,46,13,0,1,46,1028,1073,1.79e-10,70.1,80.43
3pg0,WP_101349604.1,70.073,137,41,0,4,140,937,1073,3.58e-52,189,78.10
3pg0,WP_101349604.1,70.652,92,27,0,2,93,982,1073,3.49e-32,132,79.35
3pg0,WP_101349604.1,71.739,46,13,0,1,46,1028,1073,1.80e-10,70.1,80.43
3pg0,WP_004516678.1,69.343,137,42,0,4,140,937,1073,4.06e-52,189,78.83
3pg0,WP_004516678.1,69.565,92,28,0,2,93,982,1073,3.88e-32,132,80.43
3pg0,WP_004516678.1,69.565,46,14,0,1,46,1028,1073,4.39e-10,68.9,80.43
3pg0,MFB6234076.1,69.343,137,42,0,4,140,918,1054,7.88e-52,188,81.02
3pg0,MFB6234076.1,73.118,93,25,0,1,93,962,1054,2.74e-34,138,81.72
3pg0,MEN6320661.1,58.209,134,56,0,4,137,37,170,1.61e-51,172,72.39
3pg0,MEN6320661.1,58.889,90,37,0,1,90,81,170,3.86e-30,118,71.11
3pg0,MEN6320661.1,58.427,89,37,0,51,139,37,125,3.95e-30,117,74.16
3pg0,WP_170083755.1,68.613,137,43,0,4,140,937,1073,1.75e-51,187,78.10
3pg0,WP_170083755.1,69.565,92,28,0,2,93,982,1073,7.15e-32,131,79.35
3pg0,WP_170083755.1,69.565,46,14,0,1,46,1028,1073,3.62e-10,69.3,80.43
3pg0,WP_367176049.1,69.343,137,42,0,4,140,937,1073,2.01e-51,187,78.10
3pg0,WP_367176049.1,69.565,92,28,0,2,93,982,1073,1.85e-31,130,79.35
3pg0,WP_367176049.1,69.565,46,14,0,1,46,1028,1073,3.55e-10,69.3,80.43
3pg0,WP_053968539.1,69.343,137,42,0,4,140,937,1073,2.11e-51,187,78.10
3pg0,WP_053968539.1,69.565,92,28,0,2,93,982,1073,1.92e-31,130,79.35
3pg0,WP_053968539.1,69.565,46,14,0,1,46,1028,1073,3.62e-10,69.3,80.43
3pg0,MFB6223922.1,69.343,137,42,0,4,140,937,1073,7.14e-51,185,80.29
3pg0,MFB6223922.1,70.968,93,27,0,1,93,981,1073,1.35e-32,133,82.80
3pg0,MBX3038163.1,57.143,140,60,0,1,140,37,176,1.38e-50,170,72.86
3pg0,MCD6081966.1,58.519,135,56,0,3,137,265,399,4.21e-50,176,79.26
3pg0,MCD6081966.1,60.674,89,35,0,50,138,265,353,3.19e-30,124,82.02
3pg0,MCD6081966.1,60.674,89,35,0,2,90,311,399,1.09e-28,119,79.78
3pg0,MCD6081966.1,56.818,44,19,0,97,140,265,308,1.60e-07,61.6,81.82
3pg0,MCD6081966.1,58.140,43,18,0,1,43,357,399,5.35e-06,57.0,79.07
3pg0,MEJ7653903.1,58.824,136,56,0,2,137,53,188,6.96e-50,169,72.79
3pg0,MEJ7653903.1,55.814,43,19,0,1,43,146,188,9.80e-06,55.5,72.09
3pg0,MBP9658059.1,57.778,135,57,0,3,137,106,240,7.94e-50,170,75.56
3pg0,MBP9658059.1,57.447,94,40,0,47,140,103,196,4.95e-30,119,75.53
3pg0,QNE22769.1,60.145,138,55,0,3,140,482,619,9.22e-50,179,81.88
3pg0,QNE22769.1,59.783,92,37,0,2,93,528,619,1.02e-27,119,81.52
3pg0,WP_206686080.1,60.145,138,55,0,3,140,510,647,1.14e-49,179,81.88
3pg0,WP_206686080.1,59.783,92,37,0,2,93,556,647,9.78e-28,119,81.52
3pg0,WP_377580223.1,54.745,137,62,0,2,138,355,491,3.47e-49,175,83.21
3pg0,WP_377580223.1,57.143,91,39,0,49,139,355,445,4.47e-29,122,84.62
3pg0,WP_377580223.1,62.222,45,17,0,96,140,355,399,5.84e-10,68.6,91.11
3pg0,MBX6384946.1,63.158,133,49,0,3,135,345,477,3.75e-49,175,81.95
3pg0,MBX6384946.1,66.667,87,29,0,2,88,391,477,8.94e-30,124,86.21
3pg0,MBX6384946.1,60.440,91,36,0,50,140,345,435,4.05e-27,116,81.32
3pg0,WP_220578521.1,67.883,137,44,0,4,140,934,1070,6.97e-49,179,78.83
3pg0,WP_220578521.1,67.033,91,30,0,3,93,980,1070,2.73e-28,120,78.02
3pg0,WP_220578521.1,43.299,97,38,2,44,140,897,976,1.04e-07,62.4,54.64
3pg0,HUP12678.1,52.899,138,65,0,3,140,72,209,7.07e-49,167,78.99
3pg0,HUP12678.1,54.839,93,42,0,1,93,117,209,9.10e-29,115,78.49
3pg0,NLT54796.1,61.194,134,52,0,3,136,361,494,8.40e-49,174,77.61
3pg0,NLT54796.1,64.045,89,32,0,1,89,406,494,1.89e-29,123,79.78
3pg0,NLT54796.1,57.447,94,40,0,46,139,357,450,1.79e-26,115,73.40
3pg0,WP_344076763.1,56.618,136,59,0,3,138,31,166,9.57e-49,166,78.68
3pg0,WP_344076763.1,56.989,93,40,0,2,94,77,169,3.89e-30,119,80.65
3pg0,WP_344076763.1,54.444,90,41,0,50,139,31,120,1.74e-25,107,76.67
3pg0,WP_344076763.1,61.702,47,18,0,1,47,123,169,4.14e-10,67.4,85.11
3pg0,GGO22949.1,62.121,132,50,0,4,135,327,458,2.02e-48,172,81.82
3pg0,GGO22949.1,64.368,87,31,0,2,88,372,458,6.80e-29,121,85.06
3pg0,GGO22949.1,61.111,90,35,0,51,140,327,416,8.92e-28,118,81.11
3pg0,WP_369694226.1,68.613,137,43,0,4,140,932,1068,2.51e-48,178,75.91
3pg0,WP_369694226.1,72.043,93,26,0,1,93,976,1068,4.28e-32,132,78.49
3pg0,WP_369694226.1,54.688,128,41,2,12,139,910,1020,1.14e-27,119,64.06
3pg0,WP_369694226.1,43.902,82,29,2,59,140,910,974,6.54e-05,54.3,54.88
3pg0,WP_255903699.1,56.522,138,60,0,3,140,358,495,2.80e-48,173,81.88
3pg0,WP_255903699.1,57.609,92,39,0,2,93,404,495,6.28e-28,119,82.61
3pg0,WP_079685950.1,52.899,138,65,0,1,138,352,489,6.33e-48,172,82.61
3pg0,WP_079685950.1,53.261,92,43,0,48,139,352,443,7.45e-28,118,83.70
3pg0,WP_079685950.1,54.348,46,21,0,95,140,352,397,7.33e-08,62.4,84.78
3pg0,BFE73216.1,57.895,133,56,0,3,135,8,140,6.46e-48,162,72.18
3pg0,BFE73216.1,61.111,90,35,0,50,139,8,97,1.27e-29,115,74.44
3pg0,BFE73216.1,54.545,88,40,0,1,88,53,140,7.16e-25,103,70.45
3pg0,BFE73216.1,63.636,44,16,0,97,140,8,51,2.24e-08,61.2,75.00
3pg0,WP_333819837.1,55.147,136,61,0,3,138,355,490,9.32e-48,171,85.29
3pg0,WP_333819837.1,56.667,90,39,0,50,139,355,444,1.19e-27,118,86.67
3pg0,WP_333819837.1,52.747,91,43,0,1,91,400,490,4.07e-25,111,83.52
3pg0,WP_333819837.1,59.091,44,18,0,97,140,355,398,4.15e-08,63.2,88.64
3pg0,WP_331974507.1,55.147,136,61,0,3,138,355,490,1.34e-47,171,85.29
3pg0,WP_331974507.1,56.667,90,39,0,50,139,355,444,1.51e-27,117,86.67
3pg0,WP_331974507.1,52.747,91,43,0,1,91,400,490,4.98e-25,110,83.52
3pg0,WP_331974507.1,59.091,44,18,0,97,140,355,398,4.70e-08,63.2,88.64
3pg0,WP_208868581.1,57.143,140,60,0,1,140,49,188,2.01e-47,162,78.57
3pg0,WP_208868581.1,57.895,95,40,0,2,96,97,191,3.61e-27,110,77.89
3pg0,WP_208868581.1,57.143,49,21,0,1,49,143,191,3.50e-08,61.6,81.63
3pg0,WP_187406135.1,57.143,140,60,0,1,140,49,188,3.02e-47,163,78.57
3pg0,WP_187406135.1,57.895,95,40,0,2,96,97,191,6.08e-27,111,77.89
3pg0,WP_187406135.1,57.143,49,21,0,1,49,143,191,4.55e-08,62.0,81.63
3pg0,WP_360342669.1,58.824,136,56,0,2,137,336,471,3.17e-47,169,75.74
3pg0,WP_360342669.1,60.000,90,36,0,1,90,382,471,3.48e-27,116,75.56
3pg0,WP_360342669.1,44.000,75,39,1,69,140,306,380,9.22e-07,59.3,60.00
3pg0,MBX6355869.1,59.231,130,53,0,6,135,64,193,3.50e-47,162,74.62
3pg0,MBX6355869.1,60.920,87,34,0,2,88,107,193,5.18e-28,113,74.71
3pg0,MBX6355869.1,53.763,93,43,0,47,139,58,150,7.51e-25,105,68.82
3pg0,MBX6355869.1,51.064,47,23,0,94,140,58,104,1.23e-04,52.4,68.09
3pg0,WP_204289671.1,56.429,140,61,0,1,140,49,188,4.57e-47,162,77.86
3pg0,WP_204289671.1,56.842,95,41,0,2,96,97,191,7.23e-27,111,76.84
3pg0,WP_204289671.1,57.143,49,21,0,1,49,143,191,8.41e-08,61.2,79.59
3pg0,NUT47285.1,57.246,138,59,0,3,140,40,177,4.75e-47,164,77.54
3pg0,NUT47285.1,59.783,92,37,0,2,93,86,177,8.26e-30,119,82.61
3pg0,WP_375301606.1,53.623,138,64,0,3,140,352,489,5.21e-47,169,79.71
3pg0,WP_375301606.1,55.914,93,41,0,1,93,397,489,1.32e-27,117,79.57
3pg0,WP_391184009.1,62.143,140,53,0,1,140,737,876,5.36e-47,174,73.57
3pg0,WP_264138707.1,58.394,137,57,0,3,139,359,495,6.09e-47,169,80.29
3pg0,WP_264138707.1,47.407,135,63,3,7,139,320,448,5.35e-26,113,67.41
3pg0,WP_264138707.1,56.044,91,40,0,2,92,405,495,1.12e-24,110,79.12
3pg0,WP_264138707.1,43.299,97,47,3,46,140,312,402,2.09e-08,63.9,60.82
3pg0,WP_351018708.1,61.940,134,51,0,3,136,342,475,6.43e-47,169,75.37
3pg0,WP_351018708.1,61.111,90,35,0,50,139,342,431,2.95e-26,114,74.44
3pg0,WP_351018708.1,61.798,89,34,0,1,89,387,475,9.09e-26,112,75.28
3pg0,WP_383619330.1,60.145,138,55,0,3,140,42,179,6.94e-47,169,77.54
3pg0,WP_383619330.1,63.542,96,35,0,1,96,87,182,4.22e-32,130,81.25
3pg0,WP_383619330.1,56.250,96,41,1,44,139,37,131,8.57e-24,107,73.96
3pg0,WP_132392146.1,56.716,134,58,0,3,136,340,473,7.27e-47,169,79.10
3pg0,WP_132392146.1,58.242,91,38,0,50,140,340,430,3.28e-28,119,78.02
3pg0,WP_132392146.1,55.682,88,39,0,2,89,386,473,7.92e-26,113,80.68
3pg0,WP_228954361.1,54.412,136,62,0,3,138,352,487,8.30e-47,169,83.82
3pg0,WP_228954361.1,53.333,90,42,0,2,91,398,487,1.10e-25,112,84.44
3pg0,WP_228954361.1,53.333,90,42,0,50,139,352,441,7.09e-25,110,82.22
3pg0,WP_136580805.1,55.072,138,62,0,3,140,350,487,9.79e-47,169,78.26
3pg0,WP_136580805.1,58.065,93,39,0,1,93,395,487,2.35e-28,120,81.72
3pg0,HEY1202407.1,53.623,138,64,0,3,140,352,489,1.14e-46,168,78.99
3pg0,HEY1202407.1,55.914,93,41,0,1,93,397,489,2.56e-27,117,78.49
3pg0,HBW48468.1,57.143,140,58,1,3,140,8,147,1.14e-46,164,72.86
3pg0,HBW48468.1,45.185,135,70,2,3,133,55,189,2.18e-25,109,60.74
3pg0,HBW48468.1,42.529,87,48,1,2,86,103,189,1.71e-08,63.9,57.47
3pg0,WP_287044915.1,57.143,140,58,1,3,140,21,160,1.21e-46,164,72.86
3pg0,WP_287044915.1,45.185,135,70,2,3,133,68,202,2.24e-25,109,60.74
3pg0,WP_287044915.1,42.529,87,48,1,2,86,116,202,1.68e-08,63.9,57.47
3pg0,WP_189184298.1,61.940,134,51,0,3,136,342,475,1.48e-46,168,75.37
3pg0,WP_189184298.1,61.111,90,35,0,50,139,342,431,6.99e-26,113,74.44
3pg0,WP_189184298.1,60.227,88,35,0,2,89,388,475,2.15e-24,108,75.00
3pg0,WP_238540361.1,59.124,137,56,0,4,140,317,453,1.59e-46,167,78.83
3pg0,WP_238540361.1,59.140,93,38,0,1,93,361,453,7.52e-27,115,77.42
3pg0,MFC7615376.1,57.246,138,59,0,3,140,65,202,1.70e-46,163,78.26
3pg0,MFC7615376.1,55.000,100,45,0,2,101,111,210,7.70e-28,115,77.00
3pg0,MFC7615376.1,51.852,54,26,0,1,54,157,210,2.50e-07,60.5,75.93
3pg0,WP_204054150.1,56.522,138,60,0,3,140,51,188,1.76e-46,160,77.54
3pg0,WP_204054150.1,54.839,93,42,0,2,94,97,189,1.65e-26,110,78.49
3pg0,MEQ8474499.1,57.778,135,57,0,3,137,355,489,1.78e-46,168,80.74
3pg0,MEQ8474499.1,58.889,90,37,0,50,139,355,444,1.44e-26,115,81.11
3pg0,MEQ8474499.1,55.056,89,40,0,2,90,401,489,2.19e-24,109,80.90
3pg0,MEQ8474499.1,63.636,44,16,0,97,140,355,398,1.06e-07,62.0,81.82
3pg0,WP_339316743.1,57.353,136,58,0,3,138,523,658,1.82e-46,171,84.56
3pg0,WP_339316743.1,60.000,90,36,0,2,91,569,658,9.30e-27,116,84.44
3pg0,WP_339316743.1,56.667,90,39,0,50,139,523,612,2.70e-26,115,86.67
3pg0,WP_339316743.1,59.091,44,18,0,1,44,615,658,7.81e-07,59.7,81.82
3pg0,WP_339316743.1,52.273,44,21,0,97,140,523,566,2.76e-06,58.2,86.36
3pg0,WP_250092368.1,57.463,134,57,0,3,136,46,179,1.88e-46,159,75.37
3pg0,WP_250092368.1,59.551,89,36,0,1,89,91,179,1.81e-27,111,76.40
3pg0,WP_250092368.1,56.667,90,39,0,50,139,46,135,2.47e-25,106,73.33
3pg0,WP_356072570.1,57.857,140,59,0,1,140,40,179,1.92e-46,168,77.86
3pg0,WP_356072570.1,61.458,96,37,0,1,96,87,182,1.77e-30,125,80.21
3pg0,WP_356072570.1,54.839,93,42,0,47,139,39,131,5.92e-24,108,76.34
3pg0,WP_369368144.1,61.194,134,52,0,3,136,342,475,1.93e-46,167,75.37
3pg0,WP_369368144.1,60.000,90,36,0,50,139,342,431,1.45e-25,112,74.44
3pg0,WP_369368144.1,60.674,89,35,0,1,89,387,475,2.53e-25,111,75.28
3pg0,WP_376432333.1,57.971,138,58,0,3,140,42,179,1.95e-46,168,77.54
3pg0,WP_376432333.1,59.375,96,39,0,1,96,87,182,3.30e-30,125,79.17
3pg0,WFA21318.1,59.124,137,56,0,4,140,338,474,2.00e-46,167,78.83
3pg0,WFA21318.1,59.140,93,38,0,1,93,382,474,8.09e-27,115,77.42
3pg0,WP_385387412.1,60.448,134,53,0,3,136,342,475,2.46e-46,167,76.12
3pg0,WP_385387412.1,61.798,89,34,0,1,89,387,475,1.76e-26,114,77.53
3pg0,WP_385387412.1,60.000,90,36,0,50,139,342,431,5.65e-26,113,74.44
3pg0,WP_359874836.1,56.429,140,61,0,1,140,49,188,2.55e-46,162,77.86
3pg0,WP_359874836.1,56.842,95,41,0,2,96,97,191,2.33e-26,110,76.84
3pg0,WP_359874836.1,57.143,49,21,0,1,49,143,191,1.53e-07,60.8,79.59
3pg0,WP_384555667.1,61.940,134,51,0,3,136,342,475,2.65e-46,167,75.37
3pg0,WP_384555667.1,61.111,90,35,0,50,139,342,431,1.20e-25,112,74.44
3pg0,WP_384555667.1,60.227,88,35,0,2,89,388,475,2.33e-24,108,75.00
3pg0,WP_109607958.1,56.618,136,59,0,3,138,366,501,2.80e-46,168,80.15
3pg0,WP_109607958.1,61.111,90,35,0,2,91,412,501,3.25e-29,122,84.44
3pg0,WP_109607958.1,48.837,43,22,0,97,139,366,408,0.001,50.4,74.42
3pg0,WP_185949116.1,57.246,138,59,0,3,140,51,188,2.83e-46,160,76.81
3pg0,WP_185949116.1,56.989,93,40,0,2,94,97,189,8.89e-27,110,77.42
3pg0,WP_081155448.1,53.623,138,64,0,3,140,349,486,2.88e-46,167,79.71
3pg0,WP_081155448.1,54.839,93,42,0,1,93,394,486,6.48e-27,115,81.72
3pg0,WP_107155188.1,59.286,140,57,0,1,140,49,188,3.11e-46,171,79.29
3pg0,WP_107155188.1,61.702,94,36,0,2,95,97,190,3.12e-29,123,81.91
3pg0,WP_107155188.1,70.833,48,14,0,1,48,143,190,4.16e-12,74.7,89.58
3pg0,WP_351562652.1,61.194,134,52,0,3,136,342,475,3.31e-46,167,75.37
3pg0,WP_351562652.1,60.000,90,36,0,50,139,342,431,1.35e-25,112,74.44
3pg0,WP_351562652.1,60.674,89,35,0,1,89,387,475,4.41e-25,110,75.28
3pg0,WP_363411200.1,57.971,138,58,0,3,140,51,188,3.41e-46,160,77.54
3pg0,WP_363411200.1,56.989,93,40,0,2,94,97,189,1.69e-26,110,78.49
3pg0,WP_357134085.1,57.971,138,58,0,3,140,51,188,3.42e-46,160,76.81
3pg0,WP_357134085.1,58.065,93,39,0,2,94,97,189,8.83e-27,111,77.42
3pg0,WP_356995365.1,57.246,138,59,0,3,140,51,188,3.61e-46,160,76.81
3pg0,WP_356995365.1,56.989,93,40,0,2,94,97,189,1.20e-26,110,77.42
3pg0,WP_357232591.1,55.000,140,63,0,1,140,49,188,3.66e-46,160,77.86
3pg0,WP_357232591.1,56.989,93,40,0,2,94,97,189,6.92e-27,111,79.57
3pg0,WP_185949860.1,55.714,140,62,0,1,140,48,187,3.95e-46,161,77.86
3pg0,WP_185949860.1,56.989,93,40,0,2,94,96,188,3.20e-26,110,79.57
3pg0,WP_358550047.1,55.000,140,63,0,1,140,14,153,4.42e-46,161,75.00
3pg0,WP_358550047.1,56.842,95,41,0,2,96,62,156,7.86e-28,114,75.79
3pg0,WP_358550047.1,59.184,49,20,0,1,49,108,156,2.04e-08,63.5,77.55
3pg0,WP_169945447.1,54.286,140,64,0,1,140,49,188,5.60e-46,161,77.86
3pg0,WP_169945447.1,55.319,94,42,0,2,95,97,190,4.21e-27,112,79.79
3pg0,WP_169945447.1,56.250,48,21,0,1,48,143,190,4.54e-08,62.4,83.33
3pg0,WP_182878234.1,57.143,140,60,0,1,140,49,188,5.71e-46,161,77.86
3pg0,WP_182878234.1,57.895,95,40,0,2,96,97,191,5.48e-26,110,76.84
3pg0,WP_182878234.1,57.143,49,21,0,1,49,143,191,1.88e-07,60.8,79.59
3pg0,WP_150940756.1,56.429,140,61,0,1,140,49,188,6.08e-46,160,77.86
3pg0,WP_150940756.1,56.842,95,41,0,2,96,97,191,4.67e-26,110,76.84
3pg0,WP_150940756.1,57.143,49,21,0,1,49,143,191,2.64e-07,60.5,79.59
3pg0,WP_354931432.1,60.606,132,52,0,4,135,357,488,6.27e-46,167,77.27
3pg0,WP_354931432.1,61.798,89,34,0,51,139,357,445,3.37e-27,117,77.53
3pg0,WP_354931432.1,63.218,87,32,0,2,88,402,488,2.71e-26,114,78.16
3pg0,WP_391756626.1,57.857,140,59,0,1,140,40,179,6.62e-46,166,77.14
3pg0,WP_391756626.1,56.731,104,45,0,2,105,88,191,2.06e-29,122,75.00
3pg0,WP_391756626.1,56.897,58,25,0,1,58,134,191,9.74e-10,67.8,72.41
3pg0,WP_205601478.1,59.259,135,55,0,4,138,47,181,6.64e-46,159,76.30
3pg0,WP_205601478.1,58.889,90,37,0,2,91,92,181,1.33e-26,110,78.89
3pg0,WP_205601478.1,58.889,90,37,0,51,140,47,136,1.39e-25,107,76.67
3pg0,WP_167987263.1,62.687,134,50,0,3,136,341,474,6.89e-46,166,74.63
3pg0,WP_167987263.1,62.921,89,33,0,1,89,386,474,4.62e-26,113,76.40
3pg0,WP_167987263.1,61.538,91,35,0,47,137,338,428,1.09e-25,112,73.63
3pg0,WP_167987263.1,60.870,46,18,0,94,139,338,383,6.43e-06,57.0,69.57
3pg0,WP_360804193.1,56.429,140,61,0,1,140,40,179,7.15e-46,166,77.14
3pg0,WP_360804193.1,58.333,96,40,0,1,96,87,182,1.53e-29,123,79.17
3pg0,HEX8531408.1,57.554,139,55,1,2,140,75,209,7.73e-46,162,74.82
3pg0,HLG76172.1,59.420,138,56,0,3,140,27,164,8.48e-46,157,69.57
3pg0,HLG76172.1,56.989,93,40,0,1,93,72,164,5.55e-25,104,68.82
3pg0,WP_395358613.1,58.394,137,57,0,4,140,43,179,8.52e-46,166,77.37
3pg0,WP_395358613.1,59.375,96,39,0,1,96,87,182,9.01e-30,124,79.17
3pg0,WP_396828921.1,56.522,138,60,0,3,140,51,188,8.79e-46,159,76.81
3pg0,WP_396828921.1,54.839,93,42,0,2,94,97,189,7.86e-26,108,77.42
3pg0,WP_187280858.1,57.246,138,59,0,3,140,51,188,9.07e-46,160,76.81
3pg0,WP_187280858.1,56.989,93,40,0,2,94,97,189,2.13e-26,110,77.42
3pg0,WP_197043015.1,56.522,138,60,0,3,140,51,188,9.21e-46,159,76.81
3pg0,WP_197043015.1,54.839,93,42,0,2,94,97,189,8.14e-26,108,77.42
3pg0,WP_387078420.1,56.522,138,60,0,3,140,51,188,1.04e-45,160,77.54
3pg0,WP_387078420.1,54.839,93,42,0,2,94,97,189,5.78e-26,109,78.49
3pg0,WP_355452700.1,59.398,133,54,0,3,135,337,469,1.06e-45,166,75.19
3pg0,WP_355452700.1,58.889,90,37,0,50,139,337,426,9.19e-26,112,73.33
3pg0,WP_355452700.1,57.471,87,37,0,2,88,383,469,6.12e-24,107,74.71
3pg0,WP_355452700.1,60.976,41,16,0,1,41,429,469,7.63e-06,56.6,80.49
3pg0,WP_190258242.1,61.594,138,52,1,3,140,351,487,1.09e-45,166,77.54
3pg0,WP_190258242.1,60.870,92,35,1,2,93,397,487,9.19e-26,112,79.35
3pg0,XIE81326.1,56.429,140,61,0,1,140,40,179,1.14e-45,166,77.86
3pg0,XIE81326.1,61.458,96,37,0,1,96,87,182,3.84e-31,127,81.25
3pg0,XIE81326.1,54.839,93,42,0,47,139,39,131,3.55e-24,108,76.34
3pg0,WP_376481311.1,57.143,140,60,0,1,140,40,179,1.15e-45,166,77.86
3pg0,WP_376481311.1,58.095,105,44,0,1,105,87,191,1.47e-30,125,76.19
3pg0,WP_208865609.1,56.522,138,60,0,3,140,51,188,1.15e-45,160,77.54
3pg0,WP_208865609.1,54.839,93,42,0,2,94,97,189,6.23e-26,109,78.49
3pg0,HEX8531013.1,61.029,136,53,0,2,137,571,706,1.16e-45,170,75.74
3pg0,HEX8531013.1,64.444,90,32,0,1,90,617,706,4.10e-29,123,78.89
3pg0,WP_380829047.1,59.848,132,53,0,4,135,357,488,1.17e-45,166,78.03
3pg0,WP_380829047.1,60.674,89,35,0,51,139,357,445,6.31e-27,116,78.65
3pg0,WP_380829047.1,62.069,87,33,0,2,88,402,488,5.03e-26,113,79.31
5ier,5IER_A,100.000,131,0,0,1,131,2,132,1.76e-92,274,100.00
5ier,MFV3960525.1,95.420,131,6,0,1,131,6,136,2.00e-88,264,96.18
5ier,WP_003403880.1,95.420,131,6,0,1,131,6,136,2.21e-88,264,96.18
5ier,WP_055355405.1,94.656,131,7,0,1,131,6,136,6.12e-88,263,96.18
5ier,MEQ0744515.1,94.656,131,7,0,1,131,6,136,6.12e-88,263,96.18
5ier,WP_031705148.1,94.656,131,7,0,1,131,6,136,6.98e-88,262,96.18
5ier,WP_057133108.1,94.656,131,7,0,1,131,6,136,7.97e-88,262,96.18
5ier,WP_057368406.1,94.656,131,7,0,1,131,6,136,8.14e-88,262,96.18
5ier,WP_016719310.1,94.656,131,7,0,1,131,6,136,9.29e-88,262,96.18
5ier,WP_128884314.1,94.656,131,7,0,1,131,6,136,9.29e-88,262,96.18
5ier,WP_220020271.1,94.656,131,7,0,1,131,6,136,1.04e-87,262,95.42
5ier,WP_014000395.1,94.656,131,7,0,1,131,6,136,1.07e-87,262,95.42
5ier,WP_193024119.1,94.656,131,7,0,1,131,6,136,1.17e-87,262,96.18
5ier,WP_031674830.1,94.656,131,7,0,1,131,6,136,1.22e-87,262,95.42
5ier,WP_038434906.1,94.656,131,7,0,1,131,6,136,1.22e-87,262,95.42
5ier,CKM37835.1,94.656,131,7,0,1,131,6,136,1.22e-87,262,95.42
5ier,WP_057358069.1,94.656,131,7,0,1,131,6,136,1.24e-87,262,95.42
5ier,WP_161539821.1,94.656,131,7,0,1,131,6,136,1.41e-87,261,95.42
5ier,WP_285180844.1,94.656,131,7,0,1,131,6,136,1.52e-87,261,95.42
5ier,WP_055376743.1,94.656,131,7,0,1,131,6,136,1.70e-87,261,95.42
5ier,WP_349650920.1,93.130,131,9,0,1,131,6,136,2.78e-87,261,95.42
5ier,CNW22318.1,94.656,131,7,0,1,131,6,136,2.88e-87,261,95.42
5ier,TXB92705.1,95.385,130,6,0,2,131,1,130,3.09e-87,261,96.15
5ier,WP_057348334.1,94.656,131,7,0,1,131,6,136,3.21e-87,261,95.42
5ier,WP_070869417.1,94.656,131,7,0,1,131,6,136,3.32e-87,261,95.42
5ier,WP_206280925.1,94.656,131,7,0,1,131,6,136,5.68e-87,260,95.42
5ier,WP_052618789.1,94.656,131,7,0,1,131,6,136,5.94e-87,260,95.42
5ier,WP_057373008.1,93.893,131,8,0,1,131,6,136,9.31e-87,259,95.42
5ier,WP_015289264.1,93.130,131,9,0,1,131,6,136,1.16e-86,259,94.66
5ier,5IF6_A,93.893,131,8,0,1,131,2,132,5.04e-85,255,96.95
5ier,WP_113616654.1,93.130,131,7,1,1,131,6,134,3.26e-84,253,94.66
5ier,WP_128882648.1,95.238,126,6,0,1,126,6,131,4.52e-84,253,96.03
5ier,WP_181908739.1,95.833,120,5,0,12,131,1,120,7.76e-81,244,96.67
5ier,WP_085326750.1,83.969,131,21,0,1,131,6,136,1.78e-79,241,93.13
5ier,HZC51479.1,83.969,131,21,0,1,131,6,136,4.58e-79,240,93.13
5ier,HWF27537.1,84.615,130,20,0,2,131,7,136,8.85e-79,239,91.54
5ier,WP_325503789.1,83.969,131,21,0,1,131,6,136,1.14e-78,239,91.60
5ier,HXA12615.1,84.615,130,20,0,2,131,7,136,1.93e-78,238,91.54
5ier,MDT5222433.1,82.443,131,23,0,1,131,6,136,2.32e-78,238,91.60
5ier,WP_066863989.1,83.077,130,22,0,2,131,10,139,2.51e-78,238,93.08
5ier,MDT5175668.1,81.679,131,24,0,1,131,6,136,3.89e-78,238,91.60
5ier,WP_144953849.1,82.308,130,23,0,2,131,10,139,5.85e-78,238,91.54
5ier,HEY2503202.1,83.846,130,21,0,2,131,7,136,6.88e-78,237,91.54
5ier,WP_047316353.1,83.206,131,22,0,1,131,6,136,8.39e-78,237,91.60
5ier,WP_067121692.1,83.077,130,22,0,2,131,10,139,9.27e-78,237,92.31
5ier,HEY1442400.1,84.615,130,20,0,2,131,7,136,1.13e-77,236,91.54
5ier,WP_067345741.1,82.308,130,23,0,2,131,10,139,1.71e-77,236,92.31
5ier,WP_067103548.1,82.308,130,23,0,2,131,13,142,1.77e-77,236,93.08
5ier,WP_112710781.1,82.308,130,23,0,2,131,10,139,1.91e-77,236,93.08
5ier,WP_083093960.1,83.077,130,22,0,2,131,13,142,1.91e-77,236,91.54
5ier,WP_083072302.1,83.077,130,22,0,2,131,13,142,2.57e-77,236,91.54
5ier,WP_085255693.1,82.308,130,23,0,2,131,10,139,3.10e-77,236,92.31
5ier,WP_076122683.1,82.443,131,23,0,1,131,6,136,4.03e-77,235,89.31
5ier,WP_083136495.1,82.308,130,23,0,2,131,10,139,5.02e-77,235,92.31
5ier,WP_085184108.1,82.308,130,23,0,2,131,8,137,5.30e-77,235,90.00
5ier,WP_068187362.1,82.308,130,23,0,2,131,8,137,5.79e-77,235,90.00
5ier,WP_067937966.1,82.308,130,23,0,2,131,10,139,5.79e-77,235,92.31
5ier,WP_068161718.1,82.443,131,23,0,1,131,6,136,1.02e-76,234,90.08
5ier,WP_293040139.1,81.538,130,24,0,2,131,10,139,1.02e-76,234,92.31
5ier,WP_406813993.1,81.538,130,24,0,2,131,13,142,1.03e-76,234,92.31
5ier,WP_297728344.1,82.171,129,23,0,3,131,17,145,1.05e-76,234,91.47
5ier,WP_085074963.1,82.443,131,23,0,1,131,6,136,1.22e-76,234,90.08
5ier,WP_067155685.1,81.538,130,24,0,2,131,8,137,1.23e-76,234,90.00
5ier,WP_071510570.1,83.077,130,22,0,2,131,13,142,1.31e-76,234,90.77
5ier,WP_156686827.1,81.538,130,24,0,2,131,10,139,1.44e-76,234,93.08
5ier,HYB81143.1,81.679,131,24,0,1,131,6,136,1.64e-76,234,90.84
5ier,WP_068229614.1,81.538,130,24,0,2,131,8,137,1.70e-76,234,90.77
5ier,WP_085159135.1,80.916,131,25,0,1,131,6,136,1.91e-76,233,90.84
5ier,WP_067011257.1,81.538,130,24,0,2,131,8,137,2.09e-76,233,90.00
5ier,WP_076064273.1,81.679,131,24,0,1,131,6,136,2.13e-76,233,89.31
5ier,HWS91807.1,81.538,130,24,0,2,131,9,138,2.14e-76,233,90.00
5ier,WP_083012750.1,82.308,130,23,0,2,131,13,142,2.14e-76,234,91.54
5ier,WP_076116154.1,80.916,131,25,0,1,131,6,136,2.33e-76,233,89.31
5ier,MDT5136952.1,80.916,131,25,0,1,131,6,136,2.33e-76,233,90.84
5ier,WP_297599469.1,81.538,130,24,0,2,131,10,139,2.57e-76,233,91.54
5ier,HSS25904.1,81.538,130,24,0,2,131,7,136,2.81e-76,233,92.31
5ier,WP_068107838.1,81.538,130,24,0,2,131,8,137,2.87e-76,233,89.23
5ier,WP_112632239.1,82.308,130,23,0,2,131,10,139,2.94e-76,233,91.54
5ier,WP_068128399.1,81.538,130,24,0,2,131,8,137,3.50e-76,233,90.00
5ier,OBA71568.1,81.538,130,24,0,2,131,8,137,3.69e-76,233,90.00
5ier,WP_067910790.1,82.308,130,23,0,2,131,13,142,4.87e-76,233,90.77
5ier,WP_083167933.1,80.769,130,25,0,2,131,13,142,4.87e-76,233,93.08
5ier,HYQ37225.1,80.000,130,26,0,2,131,10,139,4.97e-76,233,92.31
5ier,WP_324673591.1,83.077,130,22,0,2,131,8,137,5.13e-76,233,89.23
5ier,WP_085095695.1,80.769,130,25,0,2,131,10,139,6.06e-76,232,90.77
5ier,WP_067829549.1,82.308,130,23,0,2,131,13,142,6.55e-76,232,90.77
5ier,WP_343602076.1,80.153,131,26,0,1,131,8,138,7.46e-76,232,89.31
5ier,WP_036406506.1,80.916,131,25,0,1,131,6,136,8.05e-76,232,89.31
5ier,WP_225325032.1,80.769,130,25,0,2,131,13,142,8.52e-76,232,91.54
5ier,WP_201407786.1,80.769,130,25,0,2,131,13,142,8.52e-76,232,91.54
5ier,WP_066997728.1,80.769,130,25,0,2,131,13,142,9.20e-76,232,92.31
5ier,WP_085175467.1,80.769,130,25,0,2,131,10,139,9.92e-76,232,90.00
5ier,WP_066916124.1,81.538,130,24,0,2,131,8,137,1.01e-75,232,89.23
5ier,WP_306247559.1,79.389,131,27,0,1,131,6,136,1.12e-75,231,89.31
5ier,WP_055581596.1,79.389,131,27,0,1,131,6,136,1.18e-75,231,90.08
5ier,WP_306237628.1,79.389,131,27,0,1,131,6,136,1.21e-75,231,90.08
5ier,HXA89746.1,81.679,131,24,0,1,131,6,136,1.52e-75,231,89.31
5ier,WP_067168620.1,80.000,130,26,0,2,131,13,142,1.63e-75,231,91.54
5ier,WP_068070202.1,81.538,130,24,0,2,131,10,139,1.94e-75,231,91.54
5ier,WP_068026034.1,80.916,131,25,0,1,131,6,136,2.11e-75,231,90.08


