UniProtID,scores
E9PCX4,0.991
H3BSW0,0.988
Q96FX2,0.982
F8WD15,0.979
P29377,0.977
F8WCE3,0.962
H0YE94,0.961
H3BR27,0.96
H0YMH6,0.956
O60251,0.951
C9K087,0.95
Q8NB29,0.946
A0A2Z1D411,0.946
A0A0S2Z5E5,0.945
Q96RV8,0.943
Q09LL7,0.943
O43678,0.942
O95682,0.935
Q9P1T1,0.931
C9JES9,0.927
H7C338,0.927
A0A804HKA4,0.926
F5GXK7,0.923
E9PNP4,0.917
K7EIE7,0.908
D6RBA0,0.906
J3QRH8,0.903
H0Y9B7,0.903
A0A087WZ56,0.901
A0A087WWB9,0.9
H0YNC2,0.899
P49458,0.894
S4R3E9,0.893
A0A087WT49,0.891
A0A087WXC6,0.888
X6RJB2,0.887
H0YL49,0.883
Q58I23,0.875
A0A0S2Z4C5,0.874
D6RDA0,0.872
Q13612,0.872
Q5BLP5,0.869
P63173,0.867
B4DSF0,0.866
Q4JFL9,0.862
B2R577,0.86
Q16864,0.86
Q5JPJ4,0.86
F8VQQ6,0.856
E5RG45,0.852
E5RJX4,0.846
P33763,0.844
A0A804HID2,0.834
H3BNZ6,0.834
P25815,0.832
A0A0A8J2L3,0.823
A0A2H4Z8E2,0.821
E5RFL4,0.815
D6RIE4,0.812
Q8N7Q8,0.794
M0R1X8,0.792
H0Y9N0,0.792
A0A1C9J7R9,0.791
J3QQV5,0.77
F8VYZ3,0.769
Q99584,0.747
C9K0N1,0.74
S4R3D8,0.735
F8WCC5,0.734
A0A2Z6IBQ7,0.721
P01040,0.711
A0A1W2PPV4,0.708
F8WCU6,0.689
D6R9L9,0.669
B3KR40,0.669
H3BQ49,0.667
J3QKL3,0.659
A0A286YFC8,0.658
Q12798,0.644
J3KTQ8,0.64
B1AHF8,0.638
P29034,0.638
E5RIM7,0.637
B3KP02,0.636
D6REZ8,0.629
J3KTB3,0.624
Q0VGL1,0.623
F5H256,0.622
Q8TCM5,0.622
Q9BRT3,0.621
Q5SY68,0.621
A0A075B5G3,0.619
F8VZB4,0.617
Q9Y4U2,0.617
A0A088T1A1,0.617
F8WEF0,0.615
H3BQQ4,0.615
A0A3B3ITV5,0.614
D6RF23,0.61
C9J8Q6,0.59
P80511,0.59
D6RAD6,0.589
Q6QIM3,0.588
B3VS40,0.587
A0A7R6M8P0,0.584
E5RGJ2,0.582
A0A0U1RRK6,0.574
A0A0H4PJU2,0.574
C9JVZ3,0.573
M0R2P1,0.573
A0A804HKH2,0.571
P31151,0.568
B4DNX2,0.564
H7C4K7,0.561
B4DJS2,0.558
Q7Z2U9,0.551
K7EM19,0.55
Q8WYE3,0.546
C9J7V8,0.542
F5H5S0,0.541
Q9BPY8,0.54
C9JQT7,0.538
B4DTD0,0.532
A0A804HHR8,0.53
C9JKQ7,0.528
F8WCH9,0.522
A0A5B9M2L1,0.521
A0A087WW08,0.517
F8VS12,0.517
P61960,0.515
D6RJD7,0.51
F8VSB9,0.506
B7Z540,0.501
Q580Q7,0.499
Q96FQ6,0.496
C9JPM9,0.494
Q5W8V9,0.493
P84090,0.492
D6RF37,0.485
F8VYZ5,0.481
H7C258,0.478
H0YJZ3,0.476
Q7Z5Q6,0.473
Q9H9C0,0.469
H3BT18,0.468
C9JEC5,0.463
K7EQ24,0.459
Q8WXG8,0.456
F8WBG8,0.455
O43504,0.442
Q6YFQ2,0.436
B3KMW8,0.432
F2Z2L8,0.431
F8VX60,0.431
A0A0B4J280,0.429
A0A0S2Z460,0.422
K7EJ01,0.416
X5D7T9,0.416
C9J0F3,0.414
F5GX79,0.413
J3QSE6,0.404
Q12813,0.4
J3QKT0,0.399
C9JES6,0.398
A0A0D9SEM9,0.396
H0YAA2,0.389
K7ESL0,0.379
Q8WYC7,0.377
B3KT23,0.37
A0A1B0GTP4,0.368
I3L4N3,0.366
H3BPN5,0.363
H0YL90,0.363
C9J0T6,0.362
Q96Q74,0.361
C9JQA4,0.36
H0YLD2,0.357
P60903,0.354
Q9NZD7,0.353
A0A590UK30,0.353
G3V562,0.352
A0A2R8YDT8,0.351
E7ER58,0.35
X1WI25,0.346
C9JDR7,0.346
B7Z415,0.341
D6RBJ3,0.338
K7EL63,0.337
D3K2X1,0.333
K7EPB7,0.332
A0A5C2FVD0,0.33
E9PK51,0.326
A0A810V332,0.323
C9J5C4,0.32
A0A6Q8PFC1,0.316
Q93095,0.316
F8VX21,0.315
B4E3J0,0.313
A0A096LP32,0.312
A0A5C2GPC9,0.312
M0R1A2,0.304
F8WAZ0,0.301
E5RI27,0.299
A0A3B3ISC4,0.296
B3KV53,0.296
J3QQU5,0.295
A8K1M2,0.293
B2RDP2,0.292
H7C1P0,0.292
F8W226,0.291
K7EKS9,0.289
G1UI41,0.289
F8WEJ8,0.287
E9PLG7,0.287
A0A2U8J8Z3,0.287
I6L9C1,0.286
H0YN26,0.286
B4DDH4,0.284
B2R4R9,0.282
A0A2I6QG18,0.281
C9JU97,0.281
H3BU69,0.28
A0A0B4J244,0.278
A0A5C2G4F9,0.276
Q9UIL3,0.276
A0A804HJG8,0.275
C9JU80,0.274
H9ZYJ2,0.274
G5E9U6,0.273
K7EP27,0.273
Q5JNZ6,0.271
J3KTF7,0.27
I0CMK6,0.27
H0YKF6,0.269
Q8WYC1,0.268
H0YNX0,0.267
A0A804HIJ4,0.267
C9JLV6,0.267
A0A0D9SF92,0.266
A0A804HI10,0.265
Q5ZF01,0.264
Q3ZCW1,0.263
P35754,0.26
C9JYY8,0.258
E7ERS5,0.257
P0DMR2,0.256
C9JAX1,0.254
B3GUD3,0.254
H0YKB0,0.253
B4DRX5,0.252
K7EMN2,0.252
E9PBZ2,0.251
P78341,0.25
A0A5C2GML6,0.249
E9PI14,0.249
A0A5C2GAD8,0.249
E5RJG7,0.246
C9JYU3,0.246
A0A5C2GC36,0.245
D3YTJ7,0.244
I3L2H6,0.244
B4DY40,0.243
Q96P91,0.243
Q7Z6A1,0.243
B4DKR7,0.243
E5RK70,0.242
B7Z7R9,0.239
A0A5C2FVD8,0.239
Q5TDE3,0.238
R4GNH5,0.238
P58546,0.238
H3BNC5,0.238
E7EW14,0.237
E9PP81,0.236
U3KPW1,0.234
A8MWD9,0.233
A0A2R8YFV6,0.232
Q7Z2J8,0.231
A0A5P8PBC0,0.231
P01834,0.231
B3GUD4,0.23
Q5I6F9,0.23
P62875,0.228
A0A3B3IS29,0.226
A0A7S5ETB1,0.226
E9PMU3,0.226
F5GWS9,0.225
P55854,0.225
I3L3I8,0.225
P04080,0.223
C9J922,0.223
C9JRH1,0.223
A0A575,0.222
J3QRK3,0.222
A0A2U9Q1W5,0.22
C9JI43,0.22
O43598,0.219
Q4W5K2,0.219
A1Z2N6,0.219
H0YKA7,0.219
Q86UL5,0.219
J3KRS4,0.219
A0A140T943,0.217
A0A024R7B0,0.217
A0A5C2GPM9,0.217
S5PSV7,0.217
M0R192,0.216
B4DWE2,0.216
G3V431,0.215
G3V2A5,0.215
K7ER92,0.214
H3BNJ0,0.212
Q68DE8,0.211
P0CG21,0.211
Q5JVH2,0.21
F5GYW6,0.21
A0A0G2JHB6,0.21
K7ESB1,0.209
Q53H37,0.208
Q68D18,0.208
Q49AI2,0.207
F8WAY1,0.207
A0A0A0MS02,0.207
Q5H928,0.206
S5MD53,0.206
Q99857,0.205
H0YJ79,0.205
A0A0B4J222,0.204
Q7Z4M1,0.204
H3BNU5,0.203
A0A5C2GHS0,0.203
A0A5C2FYC5,0.202
A0A7P0Z428,0.202
F8WF18,0.202
Q49A42,0.2
A0A5C2GXI9,0.2
P62263,0.2
U3KQI8,0.199
A0A286YFN4,0.199
A0A087WV62,0.197
A0A5C2GDA3,0.196
K7EMA4,0.196
A0A5C2FXW7,0.195
D6RE84,0.195
Q5RLJ2,0.195
B4DY12,0.194
C9JLP2,0.193
E9PR67,0.193
C9IZR2,0.192
A0A087WY03,0.191
I3L4D1,0.191
A0A5B7,0.191
Q53QP6,0.191
A0A5C2FZA3,0.191
B2R5H0,0.189
S4R3Q3,0.188
A0A3B3ITV0,0.188
Q8WWU8,0.188
A0A0U1S8T6,0.188
D6RE17,0.187
A0A5C2GMH7,0.186
A0A5C2GYC7,0.186
E9PJ06,0.186
A8K5M0,0.185
E5RG57,0.185
Q5NV66,0.185
Q92927,0.184
A0A2R8YEF3,0.184
F5H024,0.184
H0YN84,0.183
A1L197,0.183
Q96N41,0.183
Q8WXT4,0.183
A0A087WTW1,0.182
U3KPU8,0.182
Q400I9,0.182
C9JAL2,0.181
Q5JSS6,0.181
C9JPQ5,0.181
A0A5C2GE73,0.181
A4IF34,0.181
Q9H3K6,0.18
A0A7S5EUQ1,0.179
C9JU11,0.179
Q86YK2,0.178
A0A087WU76,0.178
P30047,0.178
D6RAV7,0.178
H7C1L1,0.178
F8WBB5,0.178
A0A7I2V591,0.178
C9J6C1,0.177
A0A087X282,0.177
G1UI20,0.177
A4UCS7,0.177
A0A7S5EXJ6,0.176
C9JAC8,0.176
C9JZ38,0.176
C9JVT3,0.176
A0A1W2PP32,0.175
A0A5C2FTU7,0.175
Q8WZ76,0.175
E9PBB1,0.174
F8VTQ5,0.174
A8K0B7,0.174
A0A5C2GA60,0.173
V9H1C1,0.173
E9PIM9,0.173
F6S9Y6,0.172
A0A5C2G336,0.172
Q6LCG1,0.172
G5E9J0,0.172
C9JBM3,0.171
B6HY67,0.171
F8VV53,0.171
A0A2R8Y4U9,0.17
Q7Z6V5,0.17
A0A0A8J1J7,0.17
H7C4Z6,0.169
A0A5C2G8L4,0.169
F2Z2F9,0.169
G3V5K8,0.169
F8WCQ2,0.169
A0A5C2GL36,0.168
C9J1E1,0.168
C9JBU3,0.168
F8VU09,0.168
Q59HB4,0.168
A0A5C2GDL2,0.168
F5H6Q3,0.168
B7Z3K4,0.168
J3KT20,0.168
E9PI47,0.167
A0A0C4DH26,0.167
I3L4L3,0.167
Q8WYD2,0.167
M0QZ17,0.167
C9JPP3,0.167
Q07A21,0.166
E9PRY5,0.166
Q9H5X1,0.166
O15182,0.166
Q75MF8,0.166
C9JE02,0.165
K7EJ50,0.165
F8WAX6,0.165
E9PKU1,0.164
A0A0A8J1X4,0.164
A6NP46,0.164
A0A5C2GPN6,0.164
F8T0U4,0.163
Q96E66,0.163
H3BRE1,0.163
A0A0B4J241,0.163
Q5T0G3,0.162
B4DLN4,0.162
A0A5C2GTI7,0.162
M0R389,0.162
A0A0A6YYK6,0.162
P62310,0.162
A0A0B4J249,0.162
G5EA41,0.161
A0A0B4J266,0.161
B4DEW4,0.161
E9PKC9,0.161
A0A5C2GKH7,0.16
Q9Y3B4,0.16
V9GXZ6,0.16
H9CWI3,0.159
J3QRG4,0.158
E9PL59,0.158
A0A2U8J962,0.158
K7EJV5,0.158
A0A087WTS1,0.158
A0A5C2GGX3,0.158
Q1W147,0.157
A0A7S5EWK7,0.157
A0A0B4J273,0.157
E9PEF9,0.156
Q05CP7,0.156
O60863,0.156
G3V1K6,0.156
F8VZQ1,0.156
A0A2Z4QJH0,0.156
A0A0B4J2A3,0.156
Q96JD0,0.156
A0A075B6U6,0.155
F8WD52,0.155
Q8WY82,0.155
A0A5C2GCF2,0.155
E5RID7,0.155
F8VP00,0.155
Q9HBC7,0.154
E5RIM6,0.154
Q658R1,0.154
A0A494C0P2,0.153
K7EQN1,0.153
A0A5C2G6U7,0.153
C9JTD0,0.153
B7Z6E0,0.153
A0A087WT02,0.152
C9JTS3,0.152
D6RCT3,0.152
A0A140T911,0.152
U3KQI4,0.152
F8WBC6,0.151
Q9NP86,0.151
Q9UEJ6,0.151
B7ZBR9,0.151
Q8IUW1,0.151
Q8TCA0,0.151
H3BPI3,0.151
A0A7I2V4G8,0.151
K7ELI9,0.15
A0A0J9YXG9,0.15
E7EV97,0.15
C9JWZ6,0.15
C9JDQ8,0.15
A7L3A5,0.149
Q2F835,0.149
H0YKK1,0.148
E5RJN5,0.148
J3KTR5,0.148
E7EWI1,0.147
A0A2K4Z9U6,0.147
O75703,0.147
H0Y409,0.147
E9PQL2,0.147
B7Z5Z9,0.147
P63172,0.147
Q8N6N7,0.146
A0A7S5C3G7,0.146
Q4VXV2,0.146
F5H1A3,0.146
H3BMR4,0.146
A0A7P0S5H5,0.146
F5H0I5,0.146
O15202,0.146
A0A2R8YCT7,0.146
O95333,0.145
A0A0D9SGK2,0.145
B4DYI5,0.145
A0A804HI42,0.145
C9JUY7,0.144
D6RFI5,0.144
A0A0A0MS96,0.144
A0A1B0GUK6,0.144
O14796,0.144
A5GZ69,0.144
Q8NFU3,0.144
Q9BPV5,0.144
E9PK48,0.144
F8VR40,0.144
H0YAB9,0.144
F5GZ05,0.143
Q9P1H1,0.143
A4FUI5,0.143
C9J8Z2,0.143
A0A1B1HY23,0.143
A0A0B4J290,0.142
G8FL39,0.142
A0A0J9YXU7,0.142
Q05DL5,0.142
C9J8C2,0.142
F5H8J9,0.142
A0A0A6YYD4,0.142
C9K0N6,0.142
B4DP77,0.142
J3QLN0,0.142
D6RC19,0.142
A0A0A0MQY2,0.142
C9J9T0,0.141
Q8WTR0,0.141
K7EQR8,0.141
P02585,0.141
B4DVL7,0.141
I3L0Y6,0.141
C9JNL8,0.141
H0YL92,0.14
J3QL05,0.14
A0A0D9SFW6,0.14
Q659D4,0.14
K7EL80,0.14
A0A5C2GJT6,0.14
C9J4G2,0.14
B0QZ36,0.139
A0A286SD20,0.139
E9PKV9,0.139
K7EQS7,0.139
B0QYR5,0.139
A5H458,0.138
Q68D33,0.138
Q4VXW1,0.138
F8WF92,0.138
E9PKN5,0.138
D6RIF0,0.138
F8WD60,0.138
E9PIQ9,0.138
C9J7Q4,0.138
I3L0X1,0.137
Q02747,0.137
C9J973,0.137
Q9UNS6,0.137
E9PLD4,0.137
A0A0C4DG35,0.136
A0A5C2GDT9,0.136
Q59GB7,0.136
P82932,0.136
A0A090N8Y5,0.136
I3L2W1,0.136
K7EIW7,0.136
H3BNG9,0.136
B4DT09,0.136
Q6ZPC7,0.136
Q5ZGJ6,0.135
A0A5C2G2X1,0.135
A6NJ28,0.135
E5RK64,0.135
B4DFN1,0.135
G3V2S9,0.135
C9JVE9,0.135
O75884,0.135
I4AY87,0.135
C9JFA7,0.135
A0A0S1RNP0,0.134
A0A0J9YY83,0.134
A0A3B3IRP2,0.134
A1Z2K8,0.134
V9GY25,0.134
H7C0X8,0.134
H0YLT7,0.134
H0YJK4,0.134
K7ERI8,0.134
J3QQL2,0.134
H3BPD7,0.134
E9PQG3,0.134
A0A5C2H417,0.134
G3V2H3,0.133
Q7Z6K4,0.133
A0A087WUF8,0.133
Q658Z0,0.133
H7C1G0,0.133
K7ENT1,0.133
Q1KMK2,0.133
Q8NHS7,0.133
Q8IY64,0.133
F8VZP2,0.133
B4DEQ3,0.133
A0A087WW72,0.133
A0A7I2V691,0.133
P63316,0.133
H7C540,0.133
Q8WUH1,0.133
C9JAM4,0.133
E9PN86,0.133
O15201,0.132
Q96K32,0.132
Q6T311,0.132
K7EPX1,0.132
Q56P42,0.132
O15200,0.132
X2G248,0.132
A0A0B4J240,0.131
A0A0S2Z413,0.131
U3KQG9,0.131
A0A075B6V5,0.131
E9PLB2,0.131
Q9NSM7,0.131
B4DMX7,0.13
Q8WXR2,0.13
M0R015,0.13
Q9NQ82,0.13
B4DYM2,0.13
A0A5C2G5Q7,0.13
A0A5C2GFJ4,0.13
B3VRW5,0.13
Q9UMI9,0.13
A0A0J9YY12,0.13
E9PPP6,0.13
P59991,0.129
S4R402,0.129
P36405,0.129
Q6QBN6,0.129
Q9HCY8,0.129
B3KWN2,0.129
H3BT67,0.129
A0A075B6U4,0.129
A0A7D5XLN4,0.129
P04435,0.129
A0A1C9J7T1,0.129
A0A0B4J276,0.129
Q9Y499,0.129
E5RHN1,0.129
K7ERE6,0.128
H6WA51,0.128
A0A075B6T7,0.128
R4S3J9,0.128
A0A087WT01,0.128
F8VRL0,0.128
P0CG13,0.128
A0A0B4J1U6,0.128
E9PPY0,0.128
C9JAV3,0.128
H0YE26,0.128
A0A7P0T877,0.128
A0A5B0,0.127
A0A804HJ67,0.127
G8JLI2,0.127
E9PQF9,0.127
M0R0B1,0.127
B0QXZ4,0.127
O15199,0.127
F8VVW8,0.127
K7ER97,0.127
P12273,0.127
J3QRY2,0.127
P0CE71,0.126
A0A087WYH2,0.126
D6RE75,0.126
O96015,0.126
A0A384N6A4,0.126
A0A5C2G5Y9,0.126
G3V2U7,0.126
Q15446,0.126
B4YF11,0.126
H3BSC0,0.126
A0A590UIY0,0.126
H7BYN7,0.125
A0A7S5C2M5,0.125
H3BV36,0.125
C9JQT4,0.125
H0Y8J0,0.125
F8WDV1,0.125
O75394,0.125
M0R257,0.125
Q4W595,0.125
A0A0C4DH27,0.125
A0A5C2GPC6,0.125
F8VUW8,0.125
A0A5F9ZGZ4,0.124
E5RI99,0.124
A0A0A0MTQ0,0.124
Q0ZAJ1,0.124
A2NH53,0.124
P25398,0.124
A0A5C2FVJ3,0.124
A0A0F7RQJ0,0.124
Q7Z4B1,0.124
Q5VUB8,0.123
B4DLF1,0.123
C9J7Z6,0.123
A0A5C2G9J6,0.123
A6XMH4,0.123
U3MVU6,0.123
E9PJV1,0.122
A2NZL7,0.122
H0YGF1,0.122
D6RAP0,0.122
O15203,0.122
D6RF44,0.122
K7EM18,0.122
B7Z6W6,0.122
A0A7I2V2V5,0.122
Q9NRP4,0.122
A0A0B4J264,0.122
Q4LDG9,0.122
Q5T371,0.122
A8K4V4,0.122
E7DVW5,0.121
A0A5C2GUV9,0.121
H3BSS9,0.121
F5H3N3,0.121
H3BTN9,0.121
O95724,0.121
C9JXS1,0.121
A0A5C2GE23,0.121
A0A804HJU0,0.121
A0A0B4J265,0.121
M0QZ71,0.12
B3KM83,0.12
C9JJ08,0.12
A0A2U8J8T3,0.12
E5RGH2,0.12
O78208,0.12
A0A3B3IRI7,0.12
G3V355,0.12
P78488,0.12
B8ZZY8,0.12
B7ZBQ3,0.12
F8W0A0,0.12
A8K1V3,0.12
H7C4K6,0.119
C9J082,0.119
E9PFL3,0.119
A0A5C2GAZ2,0.119
K7EKE2,0.119
K7EJS7,0.119
Q5JPK1,0.119
A0A5C2G579,0.119
A0A0C4DGX7,0.119
B3KXY7,0.119
C9JTW8,0.119
Q9H299,0.119
M0R0T8,0.119
E9PRR7,0.119
F5H5V0,0.119
A0A2R4P858,0.118
A0A7I2V6E2,0.118
A0A087X0K7,0.118
A0A5C2GW60,0.118
Q9UL76,0.118
C9JJS3,0.118
E9PJ29,0.117
A0A5C2GBL0,0.117
C9JC68,0.117
C9JY13,0.117
Q49A68,0.117
A0A5C2GLA6,0.117
F5GYM0,0.117
Q9UG21,0.117
A0A087X0M5,0.117
P62312,0.117
P50238,0.117
A0A0U1RQU9,0.117
Q6PIV4,0.117
H0Y8K5,0.116
K7ESC0,0.116
Q5T6L6,0.116
A4D0W0,0.116
C7FEP0,0.116
Q5JY02,0.116
A0A6I8PU30,0.116
F8WE50,0.116
B4DK34,0.116
Q9BUK0,0.116
A0A7S5C090,0.116
B7Z4C8,0.116
Q15952,0.116
Q5NV87,0.116
A5XEK0,0.116
J3KQF2,0.116
A8K5J5,0.115
A0A0A6YYK7,0.115
A0A087WT03,0.115
B4DNQ0,0.115
B7Z3J3,0.115
A0A2R8Y7D0,0.115
J3KSU4,0.115
Q8WUS7,0.115
A0A0U5KR66,0.115
J3QR85,0.115
E5RIN3,0.115
A0A387LBY6,0.115
Q9NQ81,0.115
A0A075B6H8,0.114
C9JJM7,0.114
B4DXV6,0.114
A0A024DAE5,0.114
B4DJ69,0.114
B4DFA0,0.114
Q5T084,0.114
J3QQJ6,0.114
A0A075B6I0,0.114
D6RAG0,0.114
V9GY18,0.114
A0JD37,0.114
Q71UD5,0.114
F5H0N8,0.114
C9JDR3,0.114
A0A2R8YFB0,0.114
P23510,0.114
E9PLW4,0.114
C9JFX5,0.114
D6RJD2,0.114
P33552,0.114
D7GNM9,0.113
Q8TDP1,0.113
Q5T554,0.113
B2R4M6,0.113
D7UNU2,0.113
A0A5C2GWP1,0.113
A0A0B4J235,0.113
Q5TG81,0.113
J3KNC0,0.113
J3QSH2,0.113
G8JLA5,0.113
E9PQ63,0.113
C9JRX8,0.113
A0A0A0MTE0,0.113
Q9BYN0,0.113
Q86X61,0.113
H3BSJ0,0.113
A0A578,0.113
Q59G68,0.113
V9GYJ5,0.112
P10153,0.112
G3V547,0.112
C9JFM7,0.112
Q9H051,0.112
M0QYK9,0.112
B0FWH7,0.112
S4R3D1,0.112
Q5JXL9,0.112
Q5ZGJ5,0.112
A0A087WU59,0.112
A0A2Y9CYF9,0.112
A0A075B6T8,0.112
F8W665,0.111
A0A5C2GL30,0.111
A0A510GFN1,0.111
A0A2U8J948,0.111
S4R383,0.111
A0A7S5BZI8,0.111
A0A087WVD0,0.111
B9TX26,0.111
Q2Q9C5,0.111
F8VTR4,0.111
Q6PJR7,0.111
D6RD43,0.111
B4E277,0.111
F8WC99,0.111
A8VPX0,0.111
B1NSN7,0.111
A0A0B4J277,0.111
I3L1A5,0.111
H0YIA2,0.11
F8W0V1,0.11
M0R075,0.11
F8WB51,0.11
A6NK44,0.11
K7ERB2,0.11
A0A4P8J3Z0,0.11
B4DWQ3,0.11
O15521,0.11
K7EL08,0.11
K7EIJ4,0.11
V9H1F4,0.11
H3BP43,0.11
F5H054,0.11
S5MI63,0.11
A0A0B4J279,0.11
A0A2P0ZHX7,0.11
A0A2R8Y7A0,0.11
A0A5C2GBV4,0.11
Q3C1X3,0.109
B7Z972,0.109
A0A2R8YEG5,0.109
E5RG12,0.109
F8WBF0,0.109
Q75MI8,0.109
O95608,0.109
A0A2U8J956,0.109
Q57YV5,0.109
A0A0A7RQI9,0.109
Q9UJ31,0.109
C9JIY1,0.109
M0QYR1,0.109
A0A0H3WB59,0.109
Q6S4P6,0.109
C9J6W0,0.109
M0QXX5,0.109
C9IYU2,0.109
A0A7S5C2R4,0.109
Q562W9,0.109
Q0Z7S8,0.109
B1AHB2,0.109
Q6DKH2,0.109
A0A0C4ZNA2,0.109
Q5HYA2,0.109
Q6IPP7,0.109
G3V3T7,0.109
B4DIU0,0.109
B4E364,0.109
J3KQD8,0.109
Q5PY19,0.109
A0A087X1R9,0.109
A0A3Q8B4N0,0.108
E9PJS8,0.108
Q5QPQ2,0.108
P01112,0.108
A0A5C2GTS4,0.108
D6RJE8,0.108
A2I831,0.108
K7EJD9,0.108
C9JF40,0.108
A0A5C2GVE4,0.108
G3V2T4,0.108
A0A0B4J262,0.108
F8VRY7,0.108
H0YM22,0.108
A0A0B4J1Y8,0.108
J3QLP1,0.108
X6R9C8,0.108
Q8TD86,0.108
Q0PK43,0.108
U3KPZ0,0.108
V9GYZ1,0.107
A0A2R8Y773,0.107
Q4G0W2,0.107
C9J9E8,0.107
C9J2F3,0.107
Q71VN4,0.107
A0A1B0GXC4,0.107
F2WWL4,0.107
B4DZ59,0.107
E9PSD7,0.107
D1LUZ6,0.107
A0A576,0.107
H3BM47,0.107
F8WCQ1,0.107
A0A5C2GNH7,0.107
A0A1B0GX49,0.107
E5RHV9,0.107
Q6NZ74,0.107
A2N2G7,0.107
A0A087WZS4,0.107
B4DJ70,0.106
A0A0A6YYK1,0.106
E9PIQ4,0.106
K7EL06,0.106
A0A0A6YYK4,0.106
A1A4Y4,0.106
K7ES38,0.106
K7EJQ4,0.106
F6XAJ2,0.106
Q5QPP1,0.106
A0A5C2G9Y2,0.106
P0DPF4,0.106
B4DLV5,0.106
A0A5C2GF22,0.106
P05161,0.106
G3V448,0.106
E7EPI4,0.106
B4DFB1,0.106
A0A0K0K1C0,0.106
C9J2I2,0.106
E9PJG8,0.106
Q19UL3,0.106
A0A2R8Y5S5,0.106
M0R256,0.105
Q5R387,0.105
I3L1Z0,0.105
C9JRV5,0.105
P62306,0.105
A0A0B4J271,0.105
D3YTI2,0.105
Q9H003,0.105
X6RFG1,0.105
A0A590UJ13,0.105
V9GYK5,0.105
H3BSQ5,0.105
H3BNN1,0.105
A0A7I2V4X6,0.104
D6RIW1,0.104
H7BZJ2,0.104
A0A075B6X5,0.104
H7C592,0.104
E9PN59,0.104
P40933,0.104
A0A7I2V2W2,0.104
A8MZH6,0.104
A0A5B8LEA6,0.104
A8K9D2,0.104
H0YBM0,0.104
J3KT09,0.104
J3QL37,0.104
A0A0B4J274,0.104
H3BPC3,0.104
C9JJE0,0.104
A0A5C2GGG2,0.104
G3V3W6,0.104
A0A494C051,0.104
Q6PN88,0.104
P62891,0.104
C9JEP1,0.103
H0Y9E3,0.103
A0A5C2GWG2,0.103
A0A3B3IS47,0.103
A0JD36,0.103
Q5JWS2,0.103
I3L1Y8,0.103
K7ENT0,0.103
C9JZ54,0.103
A0A1C9J6Q9,0.103
P20472,0.103
H3BU35,0.103
A0A387LAM3,0.103
J3QRR6,0.103
A0A0A0MS04,0.103
A0A5C2GRS8,0.103
Q6LE82,0.103
D6RA67,0.103
G5ELZ5,0.103
D6RFL2,0.103
Q8N2H1,0.103
F8WC61,0.103
B0QYT4,0.103
P78512,0.103
P28325,0.103
A0A5C2GZ93,0.102
F8VUB6,0.102
C9J6Z1,0.102
Q14748,0.102
P0C7P0,0.102
F8VXH9,0.102
F8WD21,0.102
A0A594,0.102
Q16661,0.102
C9J7N0,0.102
F5GZK7,0.102
D6RBG2,0.102
Q5VVP7,0.102
Q5TBR1,0.101
A0A4P8K7E7,0.101
A0A7S5C3J6,0.101
E9PP97,0.101
B3KUD4,0.101
A0A5C2G9U0,0.101
K7EKS7,0.101
A0A5C2GN31,0.101
B7Z5I3,0.101
E9PQP4,0.101
H0YCK9,0.101
Q6FIE5,0.101
Q4JNY2,0.101
I3L531,0.101
E7ESX4,0.101
A0A075B6N1,0.101
B7Z6P0,0.101
Q9H0N5,0.101
Q71BB6,0.101
F5H746,0.101
C9JH72,0.101
V9GYC3,0.101
E5RK47,0.101
F8WDC3,0.101
A0A0F7RPU1,0.101
E5RK28,0.1
H0YIY7,0.1
Q59G49,0.1
F5H5Q2,0.1
Q1A3D9,0.1
B4DLI7,0.1
E5RK11,0.1
A0A2R8Y658,0.1
A0A0J9YX61,0.1
H9KVB6,0.1
H3BNF7,0.1
C9K0C2,0.1
Q96SE8,0.1
Q16089,0.1
Q8WVJ2,0.1
P84077,0.1
H7C3Q1,0.1
A0A2H4R0R4,0.1
K7ERR7,0.1
I3L4B4,0.1
Q8WW35,0.1
R4GN52,0.1
B7Z563,0.1
A0A140CTX1,0.1
B4E267,0.1
F5H5W1,0.1
H0YK44,0.1
I3L361,0.099
Q71UD4,0.099
Q5TDQ5,0.099
B6E5W7,0.099
B4DE13,0.099
A0A0U3T571,0.099
A0A3B3ITF4,0.099
G1UI32,0.099
A0A087WY85,0.099
Q5T3L9,0.099
B1AH48,0.099
A0A387LAQ4,0.099
D6RDN5,0.099
E7DVW4,0.099
Q2L6B3,0.099
A0A5C2FUY8,0.099
Q8WYD0,0.099
A0A7S5C0T5,0.099
B4DSC7,0.099
F8VS98,0.099
F1ABM9,0.099
B4E1Q0,0.099
A0A0C4DFS3,0.099
A0A075B6N3,0.099
Q9NSP3,0.099
X2GA64,0.099
A0A0A0MSQ3,0.099
P09132,0.099
A0A0U1RQL1,0.098
H7C486,0.098
E9PSE5,0.098
A0A077QWU1,0.098
E9PI87,0.098
A0A3B3IUD5,0.098
F2Z371,0.098
O60888,0.098
P55000,0.098
Q9P1F3,0.098
C9J539,0.098
A0A7S5BZY3,0.098
Q93091,0.098
H0YM05,0.098
A0A2U8J8F7,0.098
A0A1B0GVF6,0.098
Q0VAF6,0.098
Q16768,0.098
M0R0Q4,0.098
A0A7S5C3P6,0.098
A0A1B0GX78,0.098
A0A0S2Z594,0.098
O14894,0.097
B3KUH1,0.097
Q4LBD0,0.097
Q9H6L4,0.097
J3KQK8,0.097
F8VUD2,0.097
A0A286SD72,0.097
Q8N5L8,0.097
Q75MG0,0.097
O14849,0.097
P23434,0.097
A0A087WT48,0.097
A0A2U8J927,0.097
P51161,0.097
J3QKU6,0.097
B7ZBT0,0.097
H3BUX4,0.097
H0YCC3,0.097
A0A5C2GIJ0,0.097
Q6LBK2,0.097
B4DTC1,0.097
A0A0F7RQP6,0.097
Q9NTH2,0.097
A0A5C2GTD9,0.097
A0A1B1HY20,0.097
A0A5C2GD62,0.097
A0A5C2GR29,0.097
A2A2N0,0.097
Q9Y6U8,0.097
A0A0U1RRC3,0.096
F8VW65,0.096
Q7Z458,0.096
B4DK89,0.096
F2Z2B7,0.096
E9PI20,0.096
Q9UHE1,0.096
E9PQZ9,0.096
A0A4P8J6J1,0.096
B4E258,0.096
A0A075B6K0,0.096
A0A2Y9CYF4,0.096
Q6IQ42,0.096
M0QZA7,0.096
F5H392,0.096
A0A087WW36,0.096
I3L4Z5,0.096
A0A6Q8PHG1,0.096
A0A7L9VVH0,0.096
Q5THN1,0.096
C9J326,0.096
P07737,0.095
E5RH64,0.095
D2E0V1,0.095
Q9BUE6,0.095
C9IY64,0.095
Q5TEH5,0.095
S4R452,0.095
J3QKX7,0.095
B7Z9S2,0.095
F5H2L7,0.095
H3BPV2,0.095
A0A6Q8PHI4,0.095
Q6PJ60,0.095
A0A0S2Z333,0.095
B4DPP4,0.095
C9JWJ3,0.095
D2JYI4,0.095
A0N7J6,0.095
O95059,0.095
F8WCS5,0.095
G3V484,0.095
A0A5C2GSY8,0.095
E9PER7,0.095
H0YKB3,0.095
O43715,0.095
H7C502,0.095
H3BT23,0.094
D6RFW2,0.094
P12724,0.094
Q8WX68,0.094
A0A387LBH1,0.094
E7EQ69,0.094
A0A5C2GP67,0.094
Q9Y693,0.094
A0A858B6F0,0.094
J3QRJ9,0.094
B7Z7M2,0.094
B2ZWH1,0.094
Q4G0T7,0.094
M0QZR9,0.094
E9PKI9,0.094
Q5ZGJ9,0.094
M0R213,0.094
Q5ZF00,0.094
A0A5C2GBY2,0.094
A0A0H3YEQ7,0.094
E9PQR9,0.094
F8VWA5,0.094
D9IUY7,0.094
B1AKT3,0.094
A0A1D9ITY9,0.094
F6VZ39,0.094
A0A0F7G9F8,0.094
A0A0J9YYG2,0.094
Q5T112,0.093
E9PJE9,0.093
B1AHR3,0.093
A0A0B4J263,0.093
A0A7P0Z442,0.093
H0UID0,0.093
A8K7H3,0.093
Q9BT66,0.093
H0YHU8,0.093
H0Y962,0.093
H0Y3T9,0.093
F8VYH9,0.093
A0A494C0N1,0.093
O15235,0.093
Q6PIN6,0.093
A0A125QYY7,0.093
E5RHY8,0.093
A0A5C2GD40,0.093
P0DTW3,0.093
Q75MM4,0.093
S4R3R3,0.093
C9JAE4,0.093
D6RCT2,0.093
K7EP71,0.093
Q9UIR6,0.093
Q5T9Q8,0.093
H0YNU0,0.093
Q59FS8,0.093
A0A7G9ZDP2,0.093
H3BUM9,0.093
A0A539,0.092
A6XP73,0.092
A0A7S5BZZ8,0.092
A0A7S5C168,0.092
Q9NSJ5,0.092
A0A089PPW6,0.092
A0A5F9ZGW7,0.092
F5H7T4,0.092
A0A3B3IS82,0.092
A0A4P8J4D0,0.092
F8VPW3,0.092
F8TCV3,0.092
C9J8V5,0.092
F8WDC7,0.092
H3BVE2,0.092
H0YJ93,0.092
H0YCZ3,0.092
Q5TEK2,0.092
A0A087WSZ9,0.092
Q6LD48,0.092
C9JHU6,0.092
M0QYL5,0.092
G3V4L2,0.092
Q549J4,0.092
C9JQW5,0.092
A0A5C2G848,0.092
Q53SB2,0.091
A0A2R8YEI8,0.091
B4DGD3,0.091
E9PPH3,0.091
A0A1B1HY21,0.091
A0A5C2GSP5,0.091
I3NI34,0.091
Q58I20,0.091
B4E1K2,0.091
H0YKA5,0.091
C9J6W1,0.091
C9JHX5,0.091
Q7KYY3,0.091
B4DFF0,0.091
J3QKR4,0.091
O60880,0.091
G3V476,0.091
Q2TAY9,0.091
A0A7L9R2Q4,0.091
L8ECP4,0.09
P78543,0.09
A0A0U4EBD4,0.09
P34096,0.09
Q96PE7,0.09
Q8TAC1,0.09
E5RGP3,0.09
E5RHZ0,0.09
A5D6Y3,0.09
B7Z865,0.09
A0A804HIK9,0.09
Q86SX2,0.09
P03973,0.09
E5RJW5,0.09
B3VRM0,0.09
D6RHI5,0.09
B3KVS5,0.09
A0A1U9X849,0.09
Q53RE8,0.09
D6RFW3,0.09
Q5VZR0,0.09
J3QSH6,0.09
A0A6N3IR55,0.09
H0YBG2,0.09
F8W9K4,0.09
I3NI11,0.09
A0A087WW30,0.09
K7EPC4,0.09
Q5T1S7,0.09
Q86WC6,0.09
J3QQJ9,0.09
A2RRA7,0.09
F6T542,0.09
H0YJ67,0.09
J3KPD9,0.09
O00228,0.09
D6REZ6,0.09
A0A0S2Z449,0.09
H0YNA7,0.089
M0QZN1,0.089
A0A0N7B9C5,0.089
A0A3B3IRK1,0.089
A0A0B4J2B1,0.089
A0A1W2PNR8,0.089
D6RHY7,0.089
Q5GAN3,0.089
A0A0B4J275,0.089
A0A1D8GZE0,0.089
Q5T712,0.089
G3V393,0.089
B0QZD5,0.088
A0A384MDT9,0.088
A1E284,0.088
Q9P173,0.088
A0A087WYV4,0.088
J3QRQ4,0.088
B4DN74,0.088
H0YJD0,0.088
H3BTW1,0.088
A0A1W2PQE7,0.088
A0A7S5EUP6,0.088
F5H1U3,0.088
I3L4G7,0.088
B3KUW6,0.088
B4DKJ4,0.088
E9PNZ9,0.088
G3V365,0.088
C9J0B0,0.088
C9JCV8,0.088
D6RAP2,0.088
E5RJ53,0.088
E9PKD3,0.088
D6RHX4,0.088
A0A5C2GBE7,0.088
B0QZ37,0.088
A0A5C2G5N1,0.088
F8VRX9,0.088
A0A2R8YD60,0.088
F8WBC2,0.088
A0A0B4J248,0.088
Q9UK31,0.088
A0A4D5RAT3,0.088
Q86Y75,0.088
A0A7S5BZP6,0.088
B3KSJ1,0.088
H0YND3,0.088
A0A087X113,0.088
Q45QX2,0.088
F2Z328,0.088
Q9BSY9,0.087
Q8N4C5,0.087
Q9UMB3,0.087
J3KTC1,0.087
B4DDJ8,0.087
Q5JS54,0.087
Q8WYD8,0.087
Q86XA0,0.087
E5RJL2,0.087
B5MCG6,0.087
K7ESL4,0.087
A0A087WVN5,0.087
B4DFS1,0.087
A0A0A0MRZ9,0.087
E9PR22,0.087
A0A075B6H5,0.087
H3BTV3,0.087
A0A024DBG3,0.087
A0A0G2JNR0,0.087
A0A7I2V4L0,0.087
B4DWC1,0.087
F5GWT2,0.087
Q4ZG81,0.087
B7Z8W4,0.087
A0A5F9ZHP2,0.086
H0YGY7,0.086
Q6LBZ0,0.086
A0A7P0T9S9,0.086
P32320,0.086
A0A087WZ73,0.086
E9PMV5,0.086
O46786,0.086
Q562L2,0.086
Q3SWV5,0.086
B4DWM6,0.086
E5RGQ8,0.086
A0A0S2Z3L4,0.086
Q9BQA9,0.086
A0A0K0K1B3,0.086
Q9HC72,0.086
F5H520,0.086
Q53S33,0.086
P18077,0.086
K7ESN1,0.086
C9JRT0,0.086
B4DZP3,0.086
E9PR47,0.086
L0R6P0,0.086
E5RFJ9,0.086
H3BSH2,0.086
M0R0I9,0.086
H3BUG4,0.086
E7EW19,0.085
Q58I18,0.085
D6REL6,0.085
B4DKU6,0.085
Q9UMB0,0.085
P01225,0.085
Q6MZG5,0.085
A0A7S5C0D7,0.085
Q658S0,0.085
Q6S8G7,0.085
I3L4U9,0.085
Q9HD50,0.085
H3BMK7,0.085
A0A0G2JMJ3,0.085
Q9UEL6,0.085
H0YM72,0.085
Q9BYY1,0.085
U3KQ22,0.085
U5TZG9,0.085
D6RCD2,0.085
A0JLP1,0.085
Q8N6N6,0.085
Q9H061,0.085
B4E0G3,0.085
Q15927,0.085
A0A0S2Z3R7,0.085
C9J420,0.085
A0A5C2GR46,0.085
Q8NHV5,0.085
A0A087WYE8,0.085
F8VZR0,0.085
A0A087WVW5,0.085
Q9UH93,0.085
A0A7P0TAS1,0.085
A0A5C2G9H4,0.085
F8WDF3,0.085
Q8NAA7,0.085
P62699,0.085
Q9BT52,0.085
P07741,0.085
A0A0A0MS06,0.085
B4DQB2,0.085
D6RGW1,0.085
A1Z2L5,0.085
Q71UV9,0.085
D6RFX4,0.085
K7EMY5,0.084
A0A5C2GDE1,0.084
F8VVY7,0.084
H7C325,0.084
Q8WXS4,0.084
Q9Y3D8,0.084
Q14552,0.084
C9J1Z3,0.084
Q96F10,0.084
A5JUN0,0.084
H0YDS3,0.084
Q9NSY8,0.084
B3KXI7,0.084
F8S0F2,0.084
B4DSN9,0.084
M0QZI8,0.084
K7EP61,0.084
Q96MK6,0.084
E9PN14,0.084
G3V247,0.084
J3KSI1,0.084
A0A7P0T850,0.084
K7EIU6,0.084
Q969Q4,0.084
A0A6I8PRX3,0.084
E9PNR6,0.083
C9J7L8,0.083
A0A2U8J9A1,0.083
E5RHD0,0.083
A8QM56,0.083
A0A494C1E3,0.083
B4DJP0,0.083
Q6W7E5,0.083
J3QKL2,0.083
C9JYB3,0.083
D6RFI7,0.083
P53816,0.083
A0A192GQL6,0.083
B1AHF3,0.083
A0A0G2JQK5,0.083
C9JQV5,0.083
G3V588,0.083
Q9Y2B0,0.083
H7BYC3,0.083
B7Z4W3,0.083
I6XCH0,0.083
O15540,0.083
B4DPB4,0.083
A6NFH5,0.083
A9X7H1,0.083
M0R377,0.083
A0A7S5BYV7,0.083
H0YC38,0.083
Q86SZ5,0.083
G3V2P6,0.083
C9JRL4,0.083
J3KMW0,0.083
A2NYU6,0.083
Q6XGZ2,0.083
A0A7S5EW87,0.083
Q49A72,0.083
B3VS10,0.083
O14907,0.083
Q7Z2J0,0.083
E7EX70,0.083
C9J652,0.082
Q5TH29,0.082
A0A096LP34,0.082
F5H1Y3,0.082
A0M8W9,0.082
E5RHX6,0.082
B4DSZ2,0.082
B4DDL4,0.082
B5U2G4,0.082
X6RBX4,0.082
B5MCT4,0.082
Q49AS4,0.082
C9JY48,0.082
G3V2X4,0.082
A0A087X0V9,0.082
E9PKI3,0.082
A0A7S5BYX6,0.082
J3KTN0,0.082
O76096,0.082
A0A7S5C4N1,0.082
H7BZJ3,0.082
Q99702,0.082
H7BYD2,0.082
F8WA26,0.082
B4DTJ1,0.082
A0A4D6DDB2,0.082
Q4G0G5,0.082
B4DR28,0.082
A0A7R6M6S1,0.082
A0A158VVH7,0.082
H9XFA8,0.082
Q9UEG0,0.082
A0A2U8J918,0.082
Q65Z67,0.082
E9PNY5,0.082
F5H6Y0,0.082
A0A0K2FPC3,0.082
A0A2U8J9B2,0.082
G3V331,0.082
A6NCE7,0.082
A0A5C2GEX5,0.082
E2QRM3,0.082
A0A1B0GUL8,0.081
F8WAZ1,0.081
A6PVD9,0.081
P57730,0.081
J7HBB6,0.081
Q4G168,0.081
V9GYG8,0.081
B4DUK1,0.081
M0R1Q1,0.081
P52758,0.081
C9J5W5,0.081
M0QXG5,0.081
D6RA83,0.081
B0YIW9,0.081
I3L4P1,0.081
P63167,0.081
A0A023T787,0.081
C9JIE7,0.081
H3BMY1,0.081
A1DR88,0.081
P23435,0.081
A4UCU0,0.081
Q9BV90,0.081
P01588,0.081
A0A068LKQ7,0.081
J3KRK7,0.081
F8WDL5,0.081
A2IPH3,0.081
C9JYM0,0.081
A0A5C2GS07,0.081
J3QSF7,0.081
A0A7P0T873,0.081
Q9UHD0,0.081
K7EQN9,0.081
A0A2R4SE35,0.081
H3BRM0,0.081
H0YFH1,0.081
J3QL99,0.081
Q6UY27,0.081
C9JAA6,0.081
Q5ZGI7,0.081
A0A1B1HY14,0.081
B4E190,0.081
B8ZWD1,0.081
E5RFQ4,0.081
F8VZ13,0.081
B3KVE3,0.081
K7ENL7,0.081
A0A087WT15,0.08
Q4ZFW3,0.08
C9JCL2,0.08
A0A087WYS9,0.08
Q9HAU6,0.08
P32321,0.08
Q5QPQ0,0.08
H0YH60,0.08
H0Y9L6,0.08
H3BSZ7,0.08
E5RJS1,0.08
K7EPY2,0.08
H0YKG4,0.08
I3L412,0.08
K7EQB6,0.08
B3GLJ2,0.08
Q49A69,0.08
C8CHJ3,0.08
D6REC9,0.08
A0A3Q9NB19,0.08
B7Z2W2,0.08
O75810,0.08
H0Y8U1,0.08
B5A979,0.08
A6XB87,0.08
A0A1B0GWK0,0.08
P30085,0.08
A0A5C2G6Y8,0.08
Q7RTV0,0.08
A0A0D9SFU1,0.08
A0A7I2V5S1,0.08
F8WDV3,0.08
H7BZV3,0.08
A0A5C2GBW3,0.08
Q5T397,0.08
M0R1E7,0.08
C9JMY5,0.08
Q96LU5,0.08
Q9NPJ8,0.08
C9JD78,0.08
A0A387LAL5,0.08
A0A7P0TAZ6,0.08
E9PI09,0.08
B4DKS9,0.08
D6RBN8,0.08
H0YMP1,0.079
G3V372,0.079
O96007,0.079
A0JD09,0.079
Q9Y5J5,0.079
B4DSX6,0.079
B4DNR3,0.079
A0A0B4U8R5,0.079
E9PIA0,0.079
E5RHH0,0.079
Q99766,0.079
Q8WYQ4,0.079
A0A804HIB9,0.079
H3BRQ8,0.079
D6R9J0,0.079
O00435,0.079
H7C2S4,0.079
A2NZL3,0.079
Q6P672,0.079
A0A7S5C2X0,0.079
Q8IVI2,0.079
A0A5C2GE33,0.079
A0A0C4DGI2,0.079
Q9NSH2,0.079
H3BUR4,0.079
H7BZA2,0.079
D6R9S9,0.079
A0A075B7D5,0.079
F8W1Q9,0.079
E9PC55,0.079
G3V4Q4,0.079
A0A5C2GP62,0.079
Q15566,0.079
I3L0Z9,0.079
E9PK08,0.079
F6U1T9,0.079
H0YEM6,0.079
B2RA50,0.079
A0A1Z1VXG4,0.079
D6RFI1,0.079
R4GN64,0.079
E7ETN6,0.078
A0A5C2GJ13,0.078
J9QQV7,0.078
A0A0S2Z3X0,0.078
F8WEU1,0.078
B0R0U3,0.078
I3L0W4,0.078
S4R357,0.078
Q9UI30,0.078
K7ES53,0.078
H7C290,0.078
A0A087WYZ1,0.078
U6BGT8,0.078
F8WBR0,0.078
C9JDD2,0.078
F8VW48,0.078
A0A5C2GNN9,0.078
C9J6E4,0.078
A0A5C2G5T0,0.078
H0YEH8,0.078
G3V4X1,0.078
C9J880,0.078
C9J1Y9,0.078
Q5SY00,0.078
Q9BQJ4,0.078
Q96EL3,0.078
J3QRF5,0.078
E5RJK2,0.078
B4DPQ8,0.078
K7ESF8,0.078
A0A6Q8PH33,0.078
A0A0B4J234,0.078
F5H2F2,0.078
F8W8T7,0.078
A0A1W2PNS5,0.078
B7Z4P0,0.078
Q86UL6,0.078
Q9NYS3,0.078
K7EPP3,0.078
A0A024R8G3,0.078
Q96KY6,0.078
Q9Y3B1,0.078
A0A1W6IYI3,0.078
E9PIX2,0.078
C9J6F4,0.078
A0A7I2V384,0.078
C9JZK8,0.078
C9JVC4,0.078
J3QLK9,0.078
V5NR16,0.078
Q9NYY1,0.078
A0A5C2G8J1,0.078
A0A0K0MJ49,0.078
Q6NVU6,0.078
A0A7S5EXB8,0.078
U3KQ84,0.078
G3V445,0.078
P52298,0.077
H0YA44,0.077
C4PL35,0.077
H7C0T6,0.077
Q9Y2Q5,0.077
A0A3S6H960,0.077
M0QYY3,0.077
B7Z1L1,0.077
S4R387,0.077
A0A1B0GVE0,0.077
P17900,0.077
M0R3H2,0.077
A0A5C2FU21,0.077
A0A7S5EWI0,0.077
Q15369,0.077
Q68Y91,0.077
Q9H4L2,0.077
C9J4F7,0.077
B4DWF4,0.077
J3QR41,0.077
B5AGT3,0.077
G1FFE8,0.077
Q9H3T1,0.077
Q8N1E2,0.077
K7EJU7,0.077
H3BPA2,0.077
X1WI28,0.077
C9J6A1,0.077
C9JA18,0.077
A0A5C2GGJ2,0.077
Q8WWM9,0.077
E9PS05,0.077
F5GXD8,0.077
I6ZVX6,0.077
J3JS34,0.077
E9PPI2,0.077
C9JAJ4,0.077
A0A494C038,0.077
A0A5C2G8D5,0.077
C9J8S3,0.077
Q6LD09,0.077
E7EWF9,0.077
A0A7I2V3R2,0.077
A0A1B0GUS4,0.076
C9JCT1,0.076
P29373,0.076
Q8WYD5,0.076
Q9H2R8,0.076
V6EYC3,0.076
A0A1B0GU11,0.076
B4DZX4,0.076
Q9NZ46,0.076
C9J999,0.076
F5GY86,0.076
C9JZH6,0.076
F8W7L3,0.076
A0A7S5C2M1,0.076
A0A5C2GFG6,0.076
B4DF23,0.076
O75711,0.076
A0A7R8C3A5,0.076
F8VVA3,0.076
U3KPU6,0.076
Q5W0J6,0.076
H3BQZ9,0.076
E5RGA6,0.076
A0A7G8LSA9,0.076
Q8WXC3,0.076
H3BRX2,0.076
A0A0F7T983,0.076
F5H8A3,0.076
F8WE72,0.076
A0A590UK66,0.076
H0YIC2,0.076
Q9P0V4,0.076
A0A3B3ISC2,0.076
A0A2U8J977,0.076
A0A384MR19,0.076
P30626,0.076
H0YKK0,0.076
H0YDP0,0.076
Q6VBB7,0.076
Q53SC0,0.076
E9PPN9,0.076
C9JHQ4,0.076
A0A1B4XX95,0.076
H3BRL5,0.076
Q16343,0.076
B4DDS2,0.076
B2MUD5,0.076
A0A023T6R1,0.076
Q53FH6,0.076
D6RJH0,0.075
H0YN98,0.075
Q53SN7,0.075
A0A5C2GPG4,0.075
C9J7Q7,0.075
I3L320,0.075
I3L3V6,0.075
A0A5C2GR74,0.075
E9PPV8,0.075
A1YZH6,0.075
F5GYE9,0.075
A0A1B1HY11,0.075
K7ESG8,0.075
G3V5D8,0.075
S4W2A6,0.075
B4DRG3,0.075
Q6IE38,0.075
Q4TT34,0.075
A0A125S6H5,0.075
A0A3S5WLI4,0.075
D6R935,0.075
J3QLG8,0.075
K7ERC4,0.075
J3QSY6,0.075
B9A010,0.075
K7ENB4,0.075
Q53TL7,0.075
M0R388,0.075
A0A7S5EUS6,0.075
Q71VH3,0.075
C9JUD2,0.075
Q4ZG77,0.075
H0Y8Q1,0.075
P04437,0.075
A0A0C4DFT0,0.075
C9JHY1,0.075
Q5HY40,0.075
B4DJE1,0.075
A0A384P5Z6,0.075
J3KN90,0.075
B4DEY8,0.075
F5H0Z3,0.075
I3L1F4,0.075
Q12814,0.075
Q19UG1,0.075
A0A387LC27,0.075
Q8WYV5,0.075
B3KP72,0.075
K7EP86,0.075
A0A5C2G889,0.075
C9J3V0,0.075
D9DBT1,0.075
A0A5C2G686,0.074
A0A0A0MTT6,0.074
A0A286SD33,0.074
B7ZBD4,0.074
B4DV81,0.074
Q6ZNX5,0.074
D6R9Y6,0.074
B2R8C8,0.074
F8VP94,0.074
D6RE65,0.074
D6RGV9,0.074
A0A087WY81,0.074
A4UCS9,0.074
Q68VJ6,0.074
C9JS14,0.074
A6NJU6,0.074
A0A5C2GGT5,0.074
K7EML5,0.074
I3L1V9,0.074
I3L2A5,0.074
A0A1L2BU42,0.074
G3V323,0.074
Q4VHE4,0.074
V9GY29,0.074
K7EIY9,0.074
J3QKR0,0.074
Q69YT6,0.074
C9J0H5,0.074
A6MIV7,0.074
C0KWD2,0.074
Q2MKP0,0.074
P61009,0.074
A0A5C2GIM8,0.074
A0A2R8Y7S9,0.074
H3BPB3,0.074
Q9UNB7,0.074
H7C059,0.074
H3BQW8,0.074
A0A494C1H0,0.074
Q5SZF2,0.074
Q3T1A9,0.074
Q8N945,0.074
K7EL17,0.074
H3BQQ3,0.074
Q96GZ3,0.074
A0A2R8Y6K9,0.074
F8WCR1,0.074
Q9NWW9,0.074
B5MCJ2,0.074
A0A0D9SEN0,0.074
A0A0A0MRV2,0.074
A0A2Z5ENX2,0.074
Q9P2Z4,0.074
V9GYM1,0.074
F8WEZ4,0.074
K7EQX1,0.074
Q5T5L3,0.074
E9PMY2,0.073
D6R9X8,0.073
V9PAP6,0.073
Q9UPB4,0.073
H2FJY4,0.073
P04054,0.073
F8WBM4,0.073
A0A0D9SFA9,0.073
Q96R05,0.073
C9JF15,0.073
E9PIT4,0.073
A0A1B0GTM5,0.073
A0A590UJH7,0.073
A0A087WWY6,0.073
Q2TAP0,0.073
H7C1L7,0.073
Q75MA1,0.073
A0A4V1EJ14,0.073
Q6MZF2,0.073
Q6ZTP6,0.073
D6RCT1,0.073
A0A494C1H5,0.073
Q6LDK5,0.073
F5GXY2,0.073
A0A0A6YYA0,0.073
A0A087WZ39,0.073
F8W061,0.073
Q9NQS8,0.073
C9JVS4,0.073
A0A0R5RI99,0.073
J3QLP3,0.073
F8VPL7,0.073
C9JTI2,0.073
P39877,0.073
A0A5C2G6F4,0.073
I3L487,0.073
Q0VDC6,0.073
C9JLU3,0.073
A0A286SD32,0.073
Q53RF0,0.073
M0QXM9,0.073
Q8IZV7,0.073
F5GZT7,0.073
I2GUA2,0.073
A0A7S5C0K6,0.073
Q6QNA7,0.073
B4E3E0,0.073
Q15402,0.073
A0A5C2GKG5,0.073
H3BR76,0.073
B3KVW3,0.073
P40617,0.073
A0A5C2GGJ7,0.073
I3QNU8,0.073
C9JGB6,0.073
A0A5C2FUW9,0.072
A4ZHZ9,0.072
A0A1S5UZ39,0.072
K7EQ97,0.072
O75365,0.072
E9PLT5,0.072
Q9UEC5,0.072
Q15230,0.072
C9JZJ1,0.072
A0A075B6W5,0.072
A0A2R8YD56,0.072
H7C4N6,0.072
I3L4C5,0.072
H0YNC5,0.072
A0A6M5WQ99,0.072
P61457,0.072
A0A5C2GNQ0,0.072
D6RAS2,0.072
E5RGJ3,0.072
H3BML4,0.072
F8WC07,0.072
Q69YR8,0.072
A0A5C2G9F0,0.072
H0Y8N5,0.072
C9J623,0.072
E5RFW0,0.072
C9JEE7,0.072
F5H6J0,0.072
E5RHG1,0.072
Q59EB5,0.072
D6RE86,0.072
Q9UKI3,0.072
A0A2U8J978,0.072
A0A5C2GBE6,0.072
B4DWV1,0.072
H0Y7S8,0.072
A0A5C2GBI4,0.072
A0A7I2YMD7,0.072
P61599,0.072
H0YDK7,0.072
D6RFE4,0.072
A6NDN8,0.072
A0A7R6M6Q9,0.072
Q9NZK7,0.072
A0A0U1RQK9,0.072
V9H1J2,0.072
A0A2R8YEK5,0.072
H9CWI2,0.072
Q9Y6Y9,0.072
Q68VJ1,0.072
H9XFA0,0.072
C9J9N0,0.071
F5H4X9,0.071
A0A087WT38,0.071
Q6QE17,0.071
O95379,0.071
Q9NST3,0.071
B3KR69,0.071
K7ENJ4,0.071
Q7Z6D0,0.071
A0A1B0GW60,0.071
D9DBT2,0.071
C9JH44,0.071
Q13039,0.071
Q96T48,0.071
A0A3B3IS28,0.071
Q4VB18,0.071
A0A140F381,0.071
C9IZ36,0.071
J3KQN4,0.071
A0PHL1,0.071
A9X9L1,0.071
Q49AA5,0.071
B4DGW8,0.071
E9PJJ4,0.071
A0A7S5BYF8,0.071
F8WAA7,0.071
A0A7S5BYW3,0.071
E5RG26,0.071
F8W044,0.071
A0A494C0A6,0.071
E5RFZ7,0.071
E9PR20,0.071
F2YYR6,0.071
B3KMF2,0.071
C9J528,0.071
A0A2Y9CYD6,0.071
A0A5C2GM20,0.071
F5H480,0.071
Q86TL7,0.071
E5RI53,0.071
A0A5C2GIL3,0.071
A0A0S1MI72,0.071
B4DN24,0.071
Q53QT4,0.071
Q03393,0.071
D6RB75,0.071
P0C8F1,0.071
Q5HYM8,0.071
M0QX29,0.071
A0A7I2V3Y3,0.071
P0DP57,0.071
Q6N024,0.071
A0A590UK23,0.071
Q9Y298,0.071
Q14732,0.071
Q2MDF5,0.071
K7EM02,0.071
M0R3B9,0.071
A0A023VRX5,0.071
F5H6A7,0.071
G3V5G6,0.071
C9JA62,0.071
M0R1J2,0.071
H0YK01,0.071
Q6ZNM7,0.071
M0QYV8,0.071
H7BYY8,0.071
B7Z168,0.071
A0A1B1HY24,0.071
P36404,0.07
H7C3N8,0.07
E9PJ31,0.07
Q6GMV3,0.07
Q5JRF7,0.07
F8VVI6,0.07
Q96PF6,0.07
A0A5C2GF87,0.07
K7EMB8,0.07
C9JRV9,0.07
J3KRZ1,0.07
A0A087WXV3,0.07
H0YBB1,0.07
Q9UGP3,0.07
Q5W0C6,0.07
A0A7S5BZA2,0.07
A0A5C2GD42,0.07
H0YNJ9,0.07
B3KS68,0.07
E9PRM5,0.07
Q86WH3,0.07
A0A590UK90,0.07
D6RDA2,0.07
R4GMY7,0.07
A0A075B7A5,0.07
E9PRB9,0.07
A0A2R8Y4V3,0.07
M0R0H5,0.07
Q3C1U5,0.07
Q642I8,0.07
H7C552,0.07
F8WCR7,0.07
Q53R32,0.07
A0A7S5EVP0,0.07
I3L0T3,0.07
Q7Z395,0.07
A0A7I2V3T5,0.07
E9PJE4,0.07
B7Z5A3,0.07
I3L4L8,0.07
B7Z939,0.07
F8VNZ0,0.07
Q8N104,0.07
J3KRM4,0.07
B4E057,0.07
E5RJC4,0.07
F8VU90,0.07
J3QSX4,0.07
B4DPJ4,0.07
Q5VZM0,0.07
Q9BQS6,0.07
B4DW69,0.07
B4DMR7,0.07
A0A087X1F5,0.07
Q9H2Q3,0.07
A0A7I2V4N0,0.07
B4DPY0,0.07
A0A4P8J2D2,0.07
B8XFT4,0.07
B3KUY6,0.07
A4D0Y8,0.07
A0A858XAB0,0.069
C9JBI3,0.069
Q59F48,0.069
A0A0A0MS00,0.069
F6UPS5,0.069
E9PQK1,0.069
H3BPN6,0.069
A8MX62,0.069
F5H4A7,0.069
A8K0M4,0.069
Q1JR85,0.069
E7EPF2,0.069
H0YK59,0.069
Q8TC28,0.069
E9PJH9,0.069
B1B0G9,0.069
A0A0B4J1Z5,0.069
F5GX41,0.069
O60234,0.069
A0A2H4GDA3,0.069
A0A2R8Y488,0.069
D6RAU2,0.069
B4DDW9,0.069
A2A2A0,0.069
E5RHR8,0.069
G3V461,0.069
D6RC45,0.069
A0A2H4QGB2,0.069
I3L298,0.069
P27449,0.069
K7EN20,0.069
H3BNR5,0.069
F5H8G1,0.069
O75414,0.069
E5RH96,0.069
E9PN94,0.069
Q5T284,0.069
Q59GN1,0.069
H0YIY0,0.069
B9EGA9,0.069
K7EK18,0.069
C9J536,0.069
Q6ZSL4,0.069
Q0KH84,0.069
Q8NHS1,0.069
Q6DKI0,0.069
E9LVY7,0.069
Q2KJU3,0.069
F5GXS8,0.069
Q9H0F7,0.069
A0A5C2GDU4,0.069
B4DIE3,0.069
B2R4V4,0.069
D6RFL9,0.069
A0A5C2GME5,0.069
A0A024D9P8,0.069
B4E3V5,0.069
I3L0M9,0.069
Q66MN3,0.069
F5GXP8,0.069
Q6RSH7,0.069
G3LGR5,0.068
Q4W5F0,0.068
F8VTR5,0.068
C9JR00,0.068
A0A1B1HY22,0.068
A2NWW1,0.068
A0A7S5C127,0.068
S6CBA6,0.068
I3L4N5,0.068
B7Z8S9,0.068
Q7L8P5,0.068
A0A087X1Q2,0.068
Q86TZ5,0.068
A0A5F9ZHD1,0.068
Q4G1D0,0.068
B4DQ77,0.068
M0QY80,0.068
A0A5C2GHG2,0.068
H0YA41,0.068
Q9NRZ3,0.068
D6REY4,0.068
Q400I7,0.068
A0A5C2GIQ1,0.068
H0YNF5,0.068
M0R0J3,0.068
Q96DS1,0.068
V9GZL3,0.068
A0A5C2GR26,0.068
P05109,0.068
P56851,0.068
A0A7S5C431,0.068
A0A1Y0ZSN9,0.068
K7EKL8,0.068
Q5ZGI5,0.068
F8VUW4,0.068
C9K0I8,0.068
A0A075B6L2,0.068
B4DXQ3,0.068
F8VPW2,0.068
A0A5C2G9G5,0.068
P05451,0.068
H0YMI6,0.068
H3BMS3,0.068
Q9P0G0,0.068
A4D1X2,0.068
Q8NG20,0.068
E9PR64,0.068
F8VR33,0.068
F5GYK3,0.068
U3KQD5,0.068
A0A5C2G9Y5,0.068
C9JAA7,0.068
Q6I6Y3,0.068
B8ZZJ2,0.068
H7BZW6,0.068
A0A0S2Z521,0.068
B4E2A8,0.068
A0A5C2GAA8,0.067
P12104,0.067
U3KQ57,0.067
A0A5C2G9A6,0.067
B4DFB5,0.067
C9J956,0.067
A0A5C2GWN8,0.067
F5H130,0.067
P62913,0.067
A0A2R8Y6D8,0.067
B7ZBM5,0.067
G3V1Q9,0.067
C9J3G5,0.067
A0A4P8J5J5,0.067
C9JXG8,0.067
Q96N28,0.067
Q9P0M4,0.067
A0A3G5AJ89,0.067
Q06141,0.067
Q4W5E2,0.067
A0A0A1EAI1,0.067
B4E3U7,0.067
Q96EB3,0.067
B3KWT0,0.067
H3BS79,0.067
B4DI10,0.067
B5MCI8,0.067
Q4VXH0,0.067
P24666,0.067
F8VP53,0.067
A7E1X4,0.067
A0A0B4J1Y6,0.067
G9BCY9,0.067
Q99912,0.067
Q8TBM7,0.067
C9JVN1,0.067
Q6TGM5,0.067
P63272,0.067
B4DHX9,0.067
J3KN60,0.067
A0A024R8I9,0.067
F5GX26,0.067
F8VYN9,0.067
Q9BV81,0.067
H0Y3D4,0.067
A0A0G2JRR8,0.067
B4E3T5,0.067
H7C013,0.067
C9JHF7,0.067
H3BM24,0.067
X2G254,0.067
Q6U2E0,0.067
B4DG43,0.067
H0Y5J8,0.067
A0A4P8J4B8,0.067
G3V360,0.067
C9JZ52,0.067
E5RGV5,0.067
E9PR49,0.067
E5RGR0,0.067
Q96DH9,0.067
H3BPT1,0.067
I3L381,0.067
A8MY26,0.067
B3KWP1,0.067
A0A7P0T9H9,0.067
E5RFU8,0.067
P01036,0.067
H3BPY0,0.067
A4ZVU7,0.067
K7ERT7,0.067
H3BQI1,0.067
B4DUY3,0.067
Q5SNW5,0.067
Q5JR08,0.067
H7C1Y6,0.066
A0A0U1RRE0,0.066
Q6PK75,0.066
M0QZ83,0.066
J3KNE3,0.066
Q96QH8,0.066
E5RK99,0.066
H7C1D8,0.066
B7Z3J4,0.066
Q96T52,0.066
Q86UZ1,0.066
Q5TYM5,0.066
Q92478,0.066
F8WD65,0.066
P02689,0.066
Q8WYB8,0.066
C8BMD5,0.066
I3L305,0.066
C9JZI2,0.066
E5RI16,0.066
A4D142,0.066
A0A0B4J294,0.066
I3L131,0.066
D6RIG9,0.066
Q7Z3U3,0.066
E9PI65,0.066
K7ENA7,0.066
Q5Q9Z3,0.066
F5GYE4,0.066
Q9BU61,0.066
A0A5C0NTB8,0.066
Q4FEB5,0.066
Q24JT5,0.066
A8K6P8,0.066
I7HFW6,0.066
I3L480,0.066
A0A7S5C003,0.066
I3L0R0,0.066
A0A3B3ITZ0,0.066
A0A384MDY5,0.066
A0A0G2JMB1,0.066
C9IYE4,0.066
S4TMV6,0.066
P14555,0.066
Q9Y237,0.066
A0A2R8Y6A7,0.066
K7ES59,0.066
Q75MD2,0.066
Q6LCP7,0.066
Q08E91,0.066
A0A7S5EU20,0.066
Q9Y443,0.066
A4UCT1,0.066
E5RGK4,0.066
Q9NS18,0.066
O95988,0.066
D6RDX4,0.066
E5RHH6,0.066
H3BVD5,0.066
Q9HC23,0.066
D6RG06,0.066
H7C4B0,0.066
A0A7I2V3U2,0.066
A0A5C2GAC2,0.066
B4DN71,0.066
H6VYP0,0.065
Q92866,0.065
Q4G0S1,0.065
A0A5C2GAS8,0.065
Q5GAN4,0.065
Q9UQ59,0.065
X6RIU2,0.065
Q71M33,0.065
E9PM39,0.065
P83876,0.065
O15496,0.065
A0A5C2GK80,0.065
H7C5W0,0.065
K7EIV8,0.065
C9JC46,0.065
M0R3H1,0.065
Q8N6V4,0.065
H7BXC5,0.065
C9JVV1,0.065
V9H0T1,0.065
F8WCP4,0.065
A0A5C2GA86,0.065
H3BTR7,0.065
A0A7S5EW82,0.065
Q6EBC2,0.065
A0A5C2GWT2,0.065
G3V1K2,0.065
A0A5C2G511,0.065
F5H702,0.065
A0A140T9C4,0.065
K7EMY7,0.065
A0A0G2JPP0,0.065
K7EJI1,0.065
D1MF27,0.065
A0A8A2FPJ2,0.065
G3V517,0.065
C9J4M7,0.065
R9UQ64,0.065
Q9UKJ5,0.065
A0A0C4DG05,0.065
I3L4Q1,0.065
K7ERV2,0.065
A0A0C4DFW4,0.065
X2F926,0.065
B7Z268,0.065
Q6SV71,0.065
B7Z8H5,0.065
F5H7A5,0.065
Q6TGM4,0.065
E9PND0,0.065
D6RBC2,0.065
Q8ND81,0.065
C8CJH0,0.065
Q5H8Y5,0.065
A0A5C2GT56,0.065
D6RF71,0.065
B7Z5B4,0.065
J3KSG9,0.065
Q15828,0.065
Q9NTC6,0.065
Q9UJC5,0.065
M0QYM4,0.065
B5A924,0.065
A0A0C4DGS4,0.065
Q9BVL7,0.065
D6RH14,0.065
Q03403,0.065
K7EKB1,0.065
E5RH44,0.065
Q9Y333,0.065
A0A2P1GJE1,0.065
B7Z3G9,0.065
F8VZK7,0.065
A0A0X9QC09,0.065
E9PNP5,0.065
Q5T5Q6,0.065
H7C226,0.065
H3BMM3,0.065
H7C5S5,0.065
A0A7S5C217,0.065
K7ELW0,0.065
M0QYH3,0.065
Q5JVP2,0.065
E9PQB3,0.064
Q5T399,0.064
A0A0M5IJ90,0.064
B0AZS2,0.064
B1AH86,0.064
D6RHU3,0.064
A0A3G1VCY4,0.064
A0A5C2GDY9,0.064
Q4W5G4,0.064
Q5VZ03,0.064
B4DJ89,0.064
C9IYJ2,0.064
A0A3B3IRU3,0.064
H0YE58,0.064
G3V1Y7,0.064
Q8WWQ7,0.064
A0A0S3LTK9,0.064
B4DXC7,0.064
A0A5C2GH31,0.064
A0A2U8J9D4,0.064
A0A5C2GKV4,0.064
A0A5C2G8P8,0.064
J7HBC7,0.064
A0A0A0MSV7,0.064
L8E775,0.064
P61970,0.064
H0YGF3,0.064
A0A5C2GEJ7,0.064
P32970,0.064
O60380,0.064
C9JQ60,0.064
A0A7T0PYP9,0.064
Q75MK9,0.064
A0A3B3IT97,0.064
A0A180H5L9,0.064
D6RF99,0.064
B4DZB9,0.064
Q5T1S4,0.064
K7EMG3,0.064
A0A0S2Z3Q9,0.064
D6RIH7,0.064
A0A346RDT0,0.064
E9PHZ2,0.064
C9JP14,0.064
A0A1B0GVC1,0.064
E9PNK5,0.064
K7EKX5,0.064
J3KSF1,0.064
G3V5B3,0.064
H3BQD1,0.064
Q9NSX9,0.064
A0A7R6RQ59,0.064
H3BNY0,0.064
E5RJY4,0.064
D6RB32,0.064
G3V3I1,0.064
A0A087WVL4,0.064
C9JNL6,0.064
A0A7S5C1X6,0.064
A0A1B0GUS5,0.064
J3KSR7,0.064
Q8N3F0,0.064
A0A0G2JRX6,0.064
H3BMN6,0.064
Q9NV28,0.064
D6RE88,0.064
J3QQR8,0.064
P62324,0.064
B2R5G8,0.064
A0A7S5C372,0.064
A0A140CTX8,0.064
F8WCR8,0.063
C9JII1,0.063
C9J010,0.063
A0A5C2GID5,0.063
A0A804HI77,0.063
C9J1E2,0.063
H7C0X0,0.063
A0A0S2Z4W5,0.063
B2R679,0.063
F5GZH5,0.063
A0A6Q8PGB8,0.063
H3BV53,0.063
A0A6Q8PHN5,0.063
R4GN93,0.063
Q9BQR0,0.063
H7BZ10,0.063
F8WEB8,0.063
A0A2R8YGH2,0.063
A0A140VJY7,0.063
Q4R1L2,0.063
Q5JYA3,0.063
B1ANE6,0.063
H3BND3,0.063
C9JQ36,0.063
Q71UL5,0.063
A0A7S5C0F5,0.063
Q7Z2J9,0.063
Q5ZEY5,0.063
A0A1P8NQD0,0.063
Q6P4H3,0.063
P43308,0.063
C9J1B8,0.063
F8VZ98,0.063
D6REZ0,0.063
A0A7I2V5M8,0.063
B7Z5V3,0.063
Q8TD21,0.063
F8W8H5,0.063
H3BQE2,0.063
P60953,0.063
Q3SYB5,0.063
Q19AV6,0.063
D6R9P2,0.063
P03950,0.063
F4MHR4,0.063
E5RI44,0.063
J3KRC4,0.063
A0A0B4J209,0.063
I3L3X1,0.063
A0A494C0Y2,0.063
W8QGV4,0.063
F1C627,0.063
B3KWF6,0.063
H0YMM4,0.063
S4R338,0.063
H0YAP4,0.063
A0A494C1N0,0.063
C9J4G4,0.063
B7Z2T1,0.063
L0R8F8,0.063
C9JMJ2,0.063
D6RDA3,0.063
A0A7S5C0R8,0.063
S4R3P0,0.063
A0A5C2GAM3,0.063
U3KQM0,0.063
B7Z7N9,0.063
A0A5C2GL18,0.063
P07998,0.063
B4DGD2,0.063
Q9NYG5,0.063
A0A0K2FPC8,0.063
A0A5C2GAQ8,0.062
A0A5C2GQU9,0.062
O00526,0.062
A0A1B1PFW4,0.062
F8VV11,0.062
V9GZ74,0.062
Q86VI9,0.062
O95645,0.062
H3BPR8,0.062
B4DTY4,0.062
Q8TDA6,0.062
A0A5C2GPJ6,0.062
E7EX41,0.062
A0A286YFE1,0.062
J3QLD6,0.062
K7EPK9,0.062
J3QKT1,0.062
H0YJD3,0.062
A0A4P8J535,0.062
P49459,0.062
Q59GR5,0.062
F8W9U0,0.062
Q9UK37,0.062
A0A5C2G6V3,0.062
P62081,0.062
A0A2U8J8B7,0.062
Q9H7X7,0.062
A0A7S5EXR1,0.062
F8VZC4,0.062
C9JPR7,0.062
B8ZZX2,0.062
J3QLL2,0.062
A0A804HKR8,0.062
B2WTN6,0.062
C9K0R0,0.062
O15514,0.062
Q9NV12,0.062
C9J8L1,0.062
A0A5C2G8X2,0.062
A0A5C2GS77,0.062
C9JEM6,0.062
Q2PPL4,0.062
A0A0B6XK25,0.062
A0A7I2V3W4,0.062
B4E2T0,0.062
C9J1E5,0.062
Q6ICB0,0.062
C9JA90,0.062
Q86U28,0.062
A0A0U3BWM0,0.062
A0A096LP68,0.062
G3V1A1,0.062
H3BQ15,0.062
H3BV48,0.062
C9JA36,0.062
H0YIK6,0.062
E9PI05,0.062
D6RAX4,0.062
I3L0L3,0.062
Q53T53,0.061
B4DVW0,0.061
Q6LDH8,0.061
H0YF40,0.061
C9J659,0.061
B1AJW3,0.061
A0A5C2GB03,0.061
Q9NPJ3,0.061
Q6N0A8,0.061
A0A669KB43,0.061
H0Y7X4,0.061
E9PIM1,0.061
A0A2R8YEA7,0.061
E5RGZ1,0.061
A6NC42,0.061
A0A087WWM0,0.061
Q6P664,0.061
S4R3S7,0.061
E7EVF9,0.061
A0A0J9YW62,0.061
C9J0Q4,0.061
E9PKM3,0.061
C9J654,0.061
F5GXY0,0.061
A0A0A0MSA6,0.061
H7C4A2,0.061
P62304,0.061
F8WBH2,0.061
F5H543,0.061
F8WF48,0.061
A0A5C2GC13,0.061
Q9P0B6,0.061
U3KQV1,0.061
Q96DN7,0.061
D6RF33,0.061
A0A5C2FUI9,0.061
B3VTS8,0.061
A0A804HI92,0.061
A0A140T994,0.061
A0A5C2GAF2,0.061
B4DF72,0.061
F8WD02,0.061
A0A2R8Y896,0.061
A0A5C2GDY8,0.061
B3KQW7,0.061
Q9BZM2,0.061
A0A5C2GEI5,0.061
F2Z2Z2,0.061
F8WA34,0.061
A0A7I2V3Z5,0.061
A0A1L2BU43,0.061
A0A087WY57,0.061
E9PHT9,0.061
G1FFF3,0.061
A0A1P8NQC0,0.061
K7ESE2,0.061
B4E1A8,0.061
Q68CW8,0.061
E9PSD1,0.061
P55344,0.061
Q8WV80,0.061
Q2PAD7,0.061
Q8TD76,0.061
F8WAS1,0.061
E5RI85,0.061
P01034,0.061
A0A096LNK4,0.061
H3BTK5,0.061
O60686,0.061
B4DMM8,0.061
H0Y8G4,0.061
Q99497,0.06
K7EKE5,0.06
A6PVK2,0.06
E9PHK0,0.06
G3V3E0,0.06
I3L4B8,0.06
C9JY51,0.06
A0A7S5C258,0.06
Q96P38,0.06
B8ZZA2,0.06
A0A5C2G8V2,0.06
D6RDF8,0.06
A0A087WX48,0.06
A0A5C2GQL0,0.06
G3V379,0.06
A0A3G9CMV0,0.06
A0A5C2GDZ7,0.06
A0PJA8,0.06
K7EKY5,0.06
Q6LBN1,0.06
A4D1V1,0.06
A0A5C2GPN9,0.06
M0QYM7,0.06
H3BRH7,0.06
Q8N698,0.06
A0A1L7MZR3,0.06
A0A5C2G939,0.06
F8WF62,0.06
G0ZI12,0.06
C9JPU8,0.06
Q969H6,0.06
C9JH98,0.06
G3V4H0,0.06
H7C0K2,0.06
H3BQ47,0.06
D6RG08,0.06
Q8N6P3,0.06
Q5QPP9,0.06
A8MTL9,0.06
F5H2X2,0.06
Q75MY0,0.06
A0A0M3LN66,0.06
A0A5C2GQI3,0.06
H3BN77,0.06
B5MCZ3,0.06
Q16558,0.06
A0A5C2G7P5,0.06
A0A5C2GM49,0.06
E9PNJ1,0.06
X6RFL8,0.06
A0A5C2GFN8,0.06
E9PJM4,0.06
E9PFN5,0.06
P58062,0.06
Q9Y3B5,0.06
G1UI39,0.06
Q9UJQ0,0.06
E5RIV1,0.06
A0A0U1RQV5,0.06
M0R006,0.06
I3L2Z8,0.06
F5H2U0,0.06
A6PVK5,0.06
J3KTI3,0.06
C9JJZ7,0.06
F5H765,0.06
F5H274,0.06
A0A5C2G8Y8,0.06
O95445,0.06
A0A494BZY9,0.06
A0A6B9LZX3,0.06
U3KQ77,0.06
C9JJV8,0.06
Q9Y509,0.06
A0A7S5BY31,0.06
B7Z9G1,0.06
Q5K630,0.059
I0CMK1,0.059
Q53S12,0.059
B3KMT1,0.059
J3QRU6,0.059
Q9UDV4,0.059
A0A7S5BYQ0,0.059
Q75MU4,0.059
C9JQJ2,0.059
B3VRH5,0.059
V9H1I0,0.059
K7ES22,0.059
A0A0B6XJY0,0.059
A0A224B028,0.059
A0A7S5BZZ3,0.059
P60520,0.059
A0A7I2YQB4,0.059
F8VXS3,0.059
H0YDL6,0.059
A0A7R8GV38,0.059
F5H067,0.059
A0A2U8J9B5,0.059
D6RBG6,0.059
F8VZX9,0.059
H3BSU6,0.059
A0A5C2GFQ2,0.059
A0A1K0GUV5,0.059
A0A2I2MP57,0.059
M0QY35,0.059
J3QLN1,0.059
K7EKW4,0.059
H3BP79,0.059
E5RH48,0.059
B7Z3M7,0.059
Q9BYD1,0.059
H3BRY4,0.059
A0A5C2GBH6,0.059
A0A3B3ITH0,0.059
A0A5C2G9E9,0.059
B8YG18,0.059
D6RD28,0.059
A0A7S5BYS3,0.059
B7Z478,0.059
P22301,0.059
S6B2A1,0.059
Q8WWN3,0.059
A6PVI3,0.059
A0A5C2G7L8,0.059
P12018,0.059
A0A5C2GE72,0.059
Q14442,0.059
B4DY35,0.059
A0A0S2Z3W7,0.059
A0A3G2JNR5,0.059
H0YKW1,0.059
C9JFL0,0.059
A0A7I2V2H3,0.059
A0A075B6N4,0.059
B4DK40,0.059
Q5VZU2,0.059
A0A0A0MQY9,0.059
B4DMJ3,0.059
A0A6B7HBY5,0.059
U3KQB8,0.059
P78556,0.059
P04141,0.059
Q68VJ4,0.059
Q29RW3,0.059
A0A7S5C235,0.059
B3KW38,0.059
Q68VJ2,0.059
Q05C28,0.059
A0A7I2V3H8,0.059
B1AH80,0.059
A0A5C2G8U6,0.059
Q5W188,0.059
A0A5C2G5V5,0.059
A0A087WVE4,0.059
J3KN42,0.059
A0A172ZPS7,0.059
B7Z930,0.059
B4DUU3,0.058
I3L1U1,0.058
D9IPD9,0.058
Q13169,0.058
A0A0G2JS85,0.058
B5MC27,0.058
Q14777,0.058
B4E072,0.058
F8WB46,0.058
A0A2G2,0.058
E9PMJ1,0.058
H3BV69,0.058
P56277,0.058
C9JAV2,0.058
F5GWM5,0.058
A0A5C2GA42,0.058
F5H492,0.058
H0YNZ0,0.058
E9PLW2,0.058
C9IZH1,0.058
B0ZBD0,0.058
O43653,0.058
G3V4X4,0.058
B5BUQ6,0.058
C9J611,0.058
A0A7S5C2A3,0.058
E9PP47,0.058
Q96GX3,0.058
A0A5C2G7C1,0.058
A0A5C2GHU5,0.058
Q9H3S9,0.058
B4DEE9,0.058
Q5SUY4,0.058
J3QLD7,0.058
B7Z3Q0,0.058
A0A481NSA0,0.058
A0A7S5BYD8,0.058
C9JIW6,0.058
B2RBK8,0.058
F5H244,0.058
Q2KJU5,0.058
Q6MZL1,0.058
A0A087WWS6,0.058
Q9BYX9,0.058
B4DNW9,0.058
H0YBS7,0.058
A0A5C2GP33,0.058
Q5T621,0.058
B4DDI1,0.058
A0A0C4DFP7,0.058
O00243,0.058
Q9UFQ2,0.058
B4DJY1,0.058
A0A024CHX5,0.058
A0A804HJ93,0.058
B3KTQ9,0.058
A0A5C2GHI7,0.058
Q5QP01,0.058
A0RZB6,0.058
Q2PRN6,0.058
K7ERN7,0.058
E5RJT3,0.058
G3XL49,0.058
A0A5C2GB44,0.058
H3BP04,0.058
B4DJV1,0.058
P10145,0.058
Q53TH3,0.057
Q6PJX4,0.057
Q8WZ13,0.057
A0A0S2Z6F4,0.057
P54851,0.057
A0A804HHX4,0.057
H3BQ94,0.057
E9PLF4,0.057
D6RHZ7,0.057
A0A5C2GFK1,0.057
A0A0A0MTI9,0.057
C9JHW6,0.057
A0A221SLY6,0.057
Q59GE9,0.057
H7C317,0.057
C9IZQ3,0.057
Q68D25,0.057
C9JNS4,0.057
M0QZ80,0.057
I3L0Y0,0.057
E9PP51,0.057
Q9BY74,0.057
Q4U0V1,0.057
A0A3B3IRV3,0.057
A0A5C2G883,0.057
H0YMV7,0.057
Q5TD07,0.057
Q5T851,0.057
B1AHD3,0.057
O75380,0.057
A0A5C2GUS3,0.057
Q2VPV9,0.057
E5RFE7,0.057
A0A024DAF4,0.057
A0A5C2G918,0.057
H9XW20,0.057
V9GY83,0.057
C9JBK3,0.057
H3BSW8,0.057
P00995,0.057
A0A1W6IYJ6,0.057
J3KQ48,0.057
P22362,0.057
F8WAV7,0.057
C9JWF1,0.057
A0A7S5EVP8,0.057
Q6T776,0.057
B1AMG8,0.057
Q96P72,0.057
Q9Y2V2,0.057
H7BXF6,0.057
F8WBW9,0.057
H7BZE3,0.057
Q86WV5,0.057
Q53S13,0.057
A0A5C2GA32,0.057
Q53SN0,0.057
E5RJU8,0.057
Q8N8S2,0.057
A0A7S5EUS4,0.057
B4E2L3,0.057
A0A5P8PB28,0.057
E9PJP1,0.057
Q53RZ1,0.057
P54852,0.057
H0YKM1,0.057
Q9P0L8,0.057
A0A384MEB1,0.057
Q68DK3,0.057
A5GZ72,0.057
C9JC21,0.057
D6RDL7,0.057
Q05BD2,0.057
B4DXW8,0.057
Q8N618,0.057
F8VVY8,0.057
E9PR90,0.057
B4DX62,0.057
A0A1B0GTH9,0.057
A0A384MTY2,0.057
H3BQ79,0.057
Q5T3J1,0.057
A0A5C2GB63,0.057
F8W9A3,0.057
Q5TA01,0.057
A0A0A0WDA6,0.057
M0R1W9,0.057
A0A5C2GT88,0.057
K7EIG3,0.056
Q8WU39,0.056
F8VXF0,0.056
Q6PIM8,0.056
E9PP14,0.056
A0A286RZ43,0.056
A0A7S5C008,0.056
W6A1P7,0.056
C9K0S0,0.056
Q75MM9,0.056
Q71V33,0.056
K7EQ11,0.056
A0A7S5EVY0,0.056
H0YB27,0.056
A0A5C2GPE3,0.056
A5YRY4,0.056
F8VQE3,0.056
A0A7S5C3Z1,0.056
A0A0C4DGJ9,0.056
C7FNH7,0.056
F5H2X8,0.056
A0A5C2G8C7,0.056
F8VRH5,0.056
K7ERY4,0.056
Q9UBA4,0.056
F5H226,0.056
B4DK22,0.056
Q30087,0.056
C9J3B5,0.056
A0A7S5ETA6,0.056
A8K224,0.056
A0A5C2G830,0.056
A0A0G2JIG2,0.056
Q7Z4R8,0.056
A2AB22,0.056
A0A8A6UC02,0.056
E9PR78,0.056
P48061,0.056
H0YGG2,0.056
F2Z3L7,0.056
H7C2Y0,0.056
A0A0A0MSB2,0.056
B4DSU3,0.056
K7ELS6,0.056
A0A7S5BZQ7,0.056
W0KMC7,0.056
H0Y955,0.056
O15243,0.056
C9J015,0.056
P62253,0.056
A0A5C2GFQ3,0.056
B7Z316,0.056
Q15248,0.056
A0A5C2G6D1,0.056
A0A804HJC9,0.056
H0Y8R3,0.056
A0A7I2V2V9,0.056
E5KSL6,0.056
A0A4P8J2A5,0.056
A0A7P0Z4L7,0.056
Q9BT73,0.056
H0YHD3,0.056
G3V4Y3,0.056
M0R1F6,0.056
G3V381,0.056
H3BQ64,0.056
A0A386TXE7,0.056
H0YIE6,0.056
E9PLI5,0.056
C9JZW3,0.056
A0A5C2GRW8,0.056
A0A5C2GQQ7,0.056
Q6ICI0,0.056
H7C320,0.056
A1E286,0.056
K7ENY4,0.056
K7ELI6,0.056
Q5T215,0.056
Q8NHR9,0.056
Q96QS0,0.056
E7ETJ9,0.056
A0A5F9ZHH9,0.056
D5KJA2,0.056
B1AP38,0.056
G4XXL9,0.056
O95164,0.056
O95192,0.056
O76033,0.056
Q8ND18,0.056
H0YKP6,0.056
Q6LCB0,0.056
A0A023IQK0,0.056
A0A5C2GIX4,0.056
E5RJH9,0.056
E9PRV3,0.055
Q68DJ8,0.055
A0A5C2GKM4,0.055
A0A5C2G8X6,0.055
E9PIL7,0.055
Q9P0Z7,0.055
B5MCV4,0.055
H0YDH9,0.055
Q9Y3E2,0.055
D6RJA5,0.055
Q4VXW3,0.055
Q96AZ6,0.055
I3L1C4,0.055
E9PK85,0.055
A0A4P8J410,0.055
R4GNI4,0.055
A0A0A1ED81,0.055
C9JM46,0.055
F5H7R7,0.055
C9JMW3,0.055
A0A7P0MP65,0.055
B7Z3S4,0.055
A0A7S4ZD17,0.055
Q6U2E7,0.055
U3KQ31,0.055
C9JHE8,0.055
Q9Y2R5,0.055
P55774,0.055
B6HY86,0.055
D6RDG2,0.055
A0A5C2GH42,0.055
E9PI38,0.055
A0A5C2GR50,0.055
B3KUJ9,0.055
F8WBK9,0.055
J3QSR3,0.055
A2A3Z5,0.055
E5RFX4,0.055
C9J1Z6,0.055
Q13636,0.055
A0A6E1WMD9,0.055
M0R0Z3,0.055
Q96KD0,0.055
B9A008,0.055
Q14116,0.055
A0A7I2V5N3,0.055
F8WBZ6,0.055
F8VPA7,0.055
E9PL44,0.055
Q5T181,0.055
K7EIT1,0.055
E5KPM8,0.055
F5H828,0.055
A0A7I2YQG4,0.055
B7Z546,0.055
O95978,0.055
Q16609,0.055
A0A7S5C5G8,0.055
C9J3Q6,0.055
O75607,0.055
Q7Z2T2,0.055
A0A077CY02,0.055
H0YD04,0.055
Q8NFP7,0.055
A0A7P0T8D0,0.055
F8VQD9,0.055
Q5JS36,0.055
Q5T1J1,0.055
B4DW83,0.055
A0A0R4J2F3,0.055
E7EUP7,0.055
E7EP88,0.055
A0A5C2GB09,0.055
B3KQ19,0.055
Q30KP8,0.055
C9JC24,0.055
Q5QPD0,0.055
B0QYA2,0.055
H3BTC6,0.055
F8WCJ9,0.055
B4DGX7,0.055
P62487,0.055
A0A5C2G937,0.055
B7ZKK1,0.055
Q53S40,0.055
A0A5C2GC45,0.055
A0A4P8DL76,0.055
P61626,0.055
H7C099,0.055
B3KQJ9,0.055
Q58P21,0.055
A0A2I2MP53,0.055
Q8N7W3,0.055
Q9NYR9,0.055
A0A5C2GF69,0.055
D6RAJ0,0.055
A0A3B3IUE0,0.055
F8WC88,0.055
A0A5C2G913,0.054
C9IZX3,0.054
P02008,0.054
Q8TEA6,0.054
Q6ZNA2,0.054
Q86XP6,0.054
C9J9E4,0.054
C9J1D9,0.054
F8WEP7,0.054
A0A7S5C2M8,0.054
I3L0Z6,0.054
A0A024R579,0.054
A0A5C2GCK5,0.054
Q8IUR0,0.054
K7EKP9,0.054
F5H4F6,0.054
A8W2L5,0.054
P80075,0.054
B3KW35,0.054
Q5JSD8,0.054
S5GDS0,0.054
H7BYE3,0.054
Q71VN3,0.054
Q5JQF8,0.054
B4DP32,0.054
F8WB84,0.054
Q4VAQ1,0.054
Q5T2L2,0.054
A6NH57,0.054
P62987,0.054
E5RI64,0.054
B4DV89,0.054
A0A7P0Z4M7,0.054
A0A0S2Z567,0.054
E5RJ69,0.054
D6RB97,0.054
D6RAZ2,0.054
Q5JXB2,0.054
A0A5C2G5B8,0.054
H3BPA0,0.054
A0A7I2V601,0.054
G3V2B9,0.054
E9PQE8,0.054
G3V444,0.054
Q8TAC2,0.054
A0A7S5EX71,0.054
B4DVF4,0.054
Q5Q5I7,0.054
Q59F69,0.054
D6RGV8,0.054
B0QZ72,0.054
B3KWS4,0.054
C9JQN2,0.054
A0A5C2GHX8,0.054
A0A1I9RI50,0.054
B8ZZ51,0.054
Q05BX3,0.054
Q8NFB6,0.054
Q7KYX3,0.054
Q2I258,0.054
E5RJL6,0.054
G3V1M6,0.054
Q969H8,0.054
F5H571,0.054
A0A5C2G9R2,0.054
H3BV15,0.054
A0A5C2GCY7,0.054
B5MCS1,0.054
E5RIY1,0.054
Q6ZSA1,0.054
A0A5C2GGK4,0.054
C9J131,0.053
A0A096LPC0,0.053
E9PKE1,0.053
A0A1W2PQ27,0.053
A0A7S5C0E7,0.053
D6RIU0,0.053
E7EM58,0.053
P02778,0.053
Q0PHS3,0.053
B7Z8M7,0.053
A0A5C2GHJ3,0.053
A8K673,0.053
A4QMW8,0.053
Q9HAA3,0.053
Q6UVW9,0.053
A0A5C2GU36,0.053
U3KQN5,0.053
C9J7U9,0.053
K7EPN7,0.053
A0A1W2PRS3,0.053
P0CG01,0.053
B2R4D8,0.053
Q8IXC6,0.053
H3BUW0,0.053
A0A2I2MP55,0.053
X6RJ73,0.053
A0A5C2G676,0.053
A0A6Q8PGQ7,0.053
A0A0D9SF19,0.053
F8WDR7,0.053
Q9Y3D2,0.053
E5RI82,0.053
D5KRM8,0.053
B0QZ50,0.053
Q9H515,0.053
C9J6A9,0.053
K7EL47,0.053
L7N2F4,0.053
A0A5C2GIC4,0.053
Q99591,0.053
B4DEV9,0.053
A0A5C2G9A3,0.053
G8GEI5,0.053
F8WEY5,0.053
A0A5C2GMR8,0.053
C9JH16,0.053
V9GZ00,0.053
P56278,0.053
A0A5C2G8Y6,0.053
A0A087X1D7,0.053
D6RAG9,0.053
M0R264,0.053
F5GZ75,0.053
J3KT95,0.053
A0A7S5BYW5,0.053
Q07941,0.053
Q96KX0,0.053
K7ELV0,0.053
A5JQJ8,0.053
K7EN70,0.053
B4E0F6,0.053
M0QZW4,0.053
G3V481,0.053
F5H5E0,0.053
F5H5P3,0.053
B6VNT3,0.053
A0A5C2GED5,0.053
A0A140VJU1,0.053
A0A5C2G9S2,0.053
H0YJG9,0.053
B7Z6A7,0.053
B4DW04,0.053
Q6LCH2,0.053
Q9UM89,0.053
A0A5C2GAB4,0.053
A0A7S5EU02,0.053
A0A087WU81,0.053
Q8IXC8,0.053
E5RJ66,0.053
O60831,0.053
Q9H6Q0,0.053
B8ZZI0,0.053
D6RD70,0.053
A0A7P0TA44,0.052
G3V359,0.052
D6RD56,0.052
F8W152,0.052
H0YNG4,0.052
F8WEW6,0.052
C9JQB3,0.052
B5A212,0.052
Q5T7N0,0.052
A0A087X270,0.052
B4DWU8,0.052
O14625,0.052
A0A0D9SFI4,0.052
C9IY88,0.052
E5RIC2,0.052
A0A7I2V3L6,0.052
B4E1V7,0.052
A0A7U3R844,0.052
A0A7P0TB56,0.052
E5RGF6,0.052
O75566,0.052
A0A7I2V4F3,0.052
A0A7I2V367,0.052
F8VW28,0.052
A0A346RD54,0.052
V9HWI8,0.052
Q0QD44,0.052
Q13526,0.052
A0A5C2GLC0,0.052
F8WC08,0.052
A0A0S2Z630,0.052
O75896,0.052
C9K0I3,0.052
C9J187,0.052
B3KSC4,0.052
A0A2R8Y7W9,0.052
A0A5C2GRZ8,0.052
A0A0U4ERW6,0.052
E9PR55,0.052
A0A140VJR6,0.052
H0YH37,0.052
Q9H114,0.052
F5GXN9,0.052
B4DID5,0.052
C9J9C4,0.052
H0YDR6,0.052
O95807,0.052
A0A5C2GG42,0.052
J3QQV6,0.052
H0YA64,0.052
I3L3B0,0.052
C9J408,0.052
B3KTC6,0.052
B1AJZ6,0.052
Q5SQT6,0.052
K7EJX3,0.052
C9J6C2,0.052
Q69YS2,0.052
A0A7S5C0X6,0.052
Q16617,0.052
K7EMG4,0.052
A0A384NPU2,0.052
C9JRX4,0.052
F8VNV6,0.052
O95971,0.052
A0A0D9SFK9,0.052
V9GY88,0.052
A0A2D1PJM1,0.052
H3BUA6,0.052
A0A7P0TAY6,0.052
A0A5C2GDW1,0.052
B4DTM0,0.052
E9PJV0,0.052
C9JGG1,0.052
E7EQ72,0.052
V9GYE8,0.052
G3V1R8,0.052
B2R5J8,0.052
I3L1I3,0.052
F1T0K0,0.052
A0A0G2JH67,0.052
P58294,0.052
B2R4U3,0.052
P62166,0.052
K7EP00,0.052
Q92583,0.052
E9PQ06,0.052
Q8WXA2,0.052
Q96SL4,0.052
I1Z9C7,0.052
A0A024DAS5,0.052
B2R4H6,0.052
B7ZAJ4,0.052
Q6ZQW2,0.052
A0A5F9ZH40,0.052
A0A1W2PP72,0.052
Q59FZ9,0.051
A0A5C2GBS1,0.051
G3V210,0.051
Q96CG3,0.051
P0DJI8,0.051
B1B1F5,0.051
A0A0C4DGE3,0.051
Q8WWC5,0.051
H0YKP1,0.051
A0A1W6IYJ5,0.051
Q7Z6Q0,0.051
K7EIZ0,0.051
B4DMP7,0.051
A0A5C2GB81,0.051
P58557,0.051
A0A0A0MSI3,0.051
B4DSP1,0.051
Q5JV61,0.051
A0A5C2GKL2,0.051
B4DKP7,0.051
O75556,0.051
A0A075B728,0.051
K7EIK4,0.051
Q6ZUS0,0.051
J3QR18,0.051
A0A0U1RR14,0.051
A0A6G8BQE5,0.051
E9PK93,0.051
B4E0I1,0.051
Q9NX38,0.051
E9PME7,0.051
B4DG76,0.051
Q9NSS8,0.051
C9J1A4,0.051
A0A5C2GBG2,0.051
O75293,0.051
Q9NUF9,0.051
F2Z349,0.051
A0A2R8YCI5,0.051
A0A2P1GJD0,0.051
Q3SXP2,0.051
A0A5C2GAG6,0.051
C9JLI1,0.051
A0A2U8J8X6,0.051
Q6MZH0,0.051
Q9NVQ4,0.051
Q6UXN2,0.051
A0A0C5PSA9,0.051
Q5JX56,0.051
A0A5C2GTM6,0.051
H0YMJ1,0.051
Q9H4L3,0.051
A0A5C2GQD1,0.051
M0QZH6,0.051
Q9BPU9,0.051
W8GJG8,0.051
A0A1B0GTG3,0.051
P62316,0.051
H3BUS8,0.051
Q6ZSU1,0.051
F1T0L0,0.051
A0A494C0J0,0.051
F5H0F7,0.051
J3QRI3,0.051
P84095,0.051
E5RIS7,0.051
E9PMI2,0.051
C9JE76,0.051
K7EL95,0.051
Q9BYD5,0.051
P62280,0.051
C9JFP1,0.051
Q68VJ5,0.051
A0A7S5C0Y6,0.051
F8W727,0.051
A0A140VJH1,0.051
B1AQ67,0.051
A0A494C136,0.051
H3BV13,0.051
B4DP91,0.051
F8WDJ8,0.051
Q6MZI0,0.051
J3QR03,0.051
J3KSK7,0.051
B4DJZ5,0.051
Q96PT0,0.051
Q5VZ77,0.051
A0A0G2JH29,0.051
Q8ND77,0.051
A0A1P8NQC4,0.051
C9JAM9,0.051
P62380,0.051
A0A7I2V5M0,0.051
H7C2N0,0.051
F8WCU8,0.051
A0A1B1PFX2,0.051
G3V4Y8,0.051
A0PJB1,0.051
A0A140T9Z2,0.05
Q8IXL7,0.05
A7J1R2,0.05
H3BRG9,0.05
H0YG15,0.05
Q9H5T3,0.05
A0A5C2GD02,0.05
A2AB93,0.05
Q52M85,0.05
A0A0U5HZL8,0.05
P41223,0.05
Q53HJ8,0.05
A0A0F6PYS3,0.05
B4DYB9,0.05
A0A7P0TAV0,0.05
E5RFY2,0.05
F8WCR4,0.05
A0A5C2GDN5,0.05
A0A5C2GSS6,0.05
H3BPG1,0.05
Q12833,0.05
Q8N1U3,0.05
Q6RVA0,0.05
A0A6C0SHA8,0.05
F5H2L3,0.05
O95214,0.05
A0A1K0FU49,0.05
F6MDI3,0.05
Q71E46,0.05
H3BS85,0.05
B4DQW9,0.05
G3V4I5,0.05
O14921,0.05
A0A193CHR3,0.05
Q9GZN8,0.05
A0A2H4GDC1,0.05
M0R0H0,0.05
A0A0U1RR17,0.05
B3KVW2,0.05
E7ENQ8,0.05
F8VXJ4,0.05
Q96EC6,0.05
Q9NPD8,0.05
E9PLG6,0.05
A0A5C2GGK7,0.05
A0A7S5BYQ7,0.05
K7EL11,0.05
C9JAV5,0.05
E3VWA5,0.05
H0YBI2,0.05
H0YCM9,0.05
I0CLG0,0.05
A0A0S2Z5G5,0.05
Q9NU23,0.05
A0A5C2GXI4,0.05
B4DND0,0.05
E7ESG8,0.05
A0A1B0GTR6,0.05
A0A2R8Y7T3,0.05
A2N2G5,0.05
K7EQE9,0.05
P42773,0.05
F5GY32,0.05
C9J6F8,0.05
A0A1Z1VXF2,0.05
G3V114,0.05
Q9UGJ8,0.05
O00245,0.05
H7BZ35,0.05
F5H125,0.05
B7ZBH1,0.05
Q8WVP5,0.05
O95026,0.05
H3BRL2,0.05
O95147,0.05
Q16031,0.05
Q6LEI2,0.05
A0A7S5C2S0,0.05
I3L2W5,0.05
M0R0Q9,0.05
D6Q0F1,0.05
A0A5C2GAB6,0.05
Q68CP6,0.05
A0A1U9X7Z1,0.05
Q9NP27,0.05
Q9NWV4,0.05
H3BRR6,0.05
Q96K29,0.05
U3KQN2,0.05
A0A2S0X0P7,0.05
A0A0G2JME2,0.05
A0A7S5C1R6,0.05
A0A5C2GGW2,0.05
J3QR81,0.05
H3BQG6,0.05
B4DT95,0.05
F5GYB3,0.05
M0QYF4,0.05
H9XFB4,0.05
P54849,0.05
A0A7S5BYB6,0.05
C9JB90,0.05
H0YI29,0.05
A0A5C2GIK3,0.049
J3KTN6,0.049
A0A6Q8PHF7,0.049
C9J3G7,0.049
Q14913,0.049
D6RFL1,0.049
Q7Z7Q6,0.049
A0A2U8J982,0.049
A0A5C2GIN5,0.049
Q4TT65,0.049
Q9HAY0,0.049
A0A3B3IU84,0.049
A0A346REW0,0.049
A0A5C2GAM5,0.049
A0A0S2Z4R6,0.049
A0A5C2G7Q0,0.049
B1AK95,0.049
I3L4Y9,0.049
A0A891XIU9,0.049
E9PL57,0.049
Q8N688,0.049
A0MJX4,0.049
Q4VXA6,0.049
A0A7G8LSD4,0.049
I3L2G1,0.049
O14933,0.049
Q5T5U6,0.049
A0A1B0GX56,0.049
A0A5C2G9Y0,0.049
P82980,0.049
Q7Z2J4,0.049
O60400,0.049
E9PMW5,0.049
A0A7S5BZC9,0.049
A0A5C2GHY9,0.049
Q8WVH4,0.049
E9PLZ0,0.049
A8MXF1,0.049
Q04760,0.049
F5B2M9,0.049
P78483,0.049
A0A7S5C313,0.049
Q6LCE1,0.049
Q9NS71,0.049
B4DFG3,0.049
A0A384MDK0,0.049
Q68VJ7,0.049
O75575,0.049
A0A669KBJ6,0.049
Q6P589,0.049
J3QQN1,0.049
M0R0X2,0.049
Q8IWF7,0.049
D6RCQ9,0.049
I0EZ74,0.049
A0A0C4DH04,0.049
F5H518,0.049
A0A0A0MRM6,0.049
Q8TCX0,0.049
C9J2Q4,0.049
H7C3U2,0.049
K7EMX3,0.049
F5H179,0.049
A1L188,0.049
Q7Z7K0,0.049
Q5JWV1,0.049
B0QZD3,0.049
Q9BTM9,0.049
A0A5C2GN71,0.049
H0YFW7,0.049
A0A7S5EV08,0.049
H0YNL5,0.049
B4DN78,0.049
K7EQZ8,0.049
A0A5C2GF40,0.049
B2RAE0,0.049
A0A5C2GLF0,0.049
S4R3D2,0.049
P21145,0.049
F2Z3A1,0.049
A0A5C2G7S0,0.049
O96033,0.049
H0YKT8,0.049
A0A494BZX6,0.049
A6NDA1,0.049
A0A5C2GAY7,0.049
Q5TBG4,0.049
H3BUM1,0.049
P0DP58,0.049
Q68VJ3,0.049
C9J244,0.049
A0A7I2YQP9,0.049
Q5SXX7,0.049
Q16380,0.049
H0YI26,0.049
C9JW33,0.049
Q8WUR7,0.049
F8VQX6,0.049
G9BZK0,0.049
A0A5C2GLV1,0.049
F8VXS2,0.049
A0A7P0TB37,0.049
D6RCP9,0.049
B7Z1M6,0.048
Q9P1K2,0.048
Q86U41,0.048
F5GZG6,0.048
C9JIX8,0.048
H7C550,0.048
F8WBX7,0.048
A0A087WU54,0.048
A0A5C2GKM2,0.048
B4DPN1,0.048
Q4W5K3,0.048
D6RHY9,0.048
R4GN86,0.048
X2G756,0.048
D6RCL3,0.048
F8VV00,0.048
Q2VEU1,0.048
E9PPU5,0.048
A0A7R6M8F2,0.048
L0HBA3,0.048
A0A5C2GB06,0.048
J3KS73,0.048
A0A2R8Y6L7,0.048
J3KST3,0.048
A0A5C2GPE9,0.048
A0A5C2GGE2,0.048
Q9BXW4,0.048
I3L4S7,0.048
A0A0A0MTE1,0.048
A0A2R8Y509,0.048
K7EIR3,0.048
A0A384NYV7,0.048
B5MCC0,0.048
A7J1R3,0.048
H0YDF9,0.048
E9PRF5,0.048
D9ZGF5,0.048
F5H582,0.048
K7EL75,0.048
C9K038,0.048
P14854,0.048
B4DGI0,0.048
A0A5F9ZHI1,0.048
C9JA25,0.048
A0A7I2V413,0.048
Q9BW83,0.048
Q5SQ11,0.048
A0A7S5C1L3,0.048
A0A1P8NQD1,0.048
X6RIL1,0.048
F8WF64,0.048
B3KMM3,0.048
J3KSE5,0.048
E9PPK2,0.048
Q86SV5,0.048
A0A804HKA5,0.048
A0A5C2GP19,0.048
M0QZ20,0.048
B3KRG6,0.048
A0A1W5R407,0.048
F5H157,0.048
A0A2S1GUW1,0.048
A0A7S5EUV0,0.048
E5RJG0,0.048
H7C5V6,0.048
A0A5C2GCB8,0.048
B4DPI9,0.048
G3XAM4,0.048
A0A5K1VW67,0.048
K7EIJ0,0.048
B4DWX7,0.048
Q6L9N4,0.048
M0R2I0,0.048
B1AM21,0.048
A0A0A0MS01,0.048
Q6TDG2,0.048
A6NKQ9,0.048
Q96PA1,0.048
B4E059,0.048
Q05BT9,0.048
C9JR22,0.048
A0A0B4J1W4,0.048
D6RFJ9,0.048
D6REW1,0.048
H7C0L0,0.048
Q5FBZ5,0.048
Q68D46,0.048
R4GN91,0.048
Q7Z2I5,0.048
A0A7S5BXZ0,0.048
F8UU18,0.048
H3BQF7,0.047
B7ZAW0,0.047
Q9NRR1,0.047
Q96E14,0.047
B4DU38,0.047
A0A5C2GMN0,0.047
H9ND74,0.047
A0A2R8Y415,0.047
H3BM40,0.047
A0A0H4LTX9,0.047
A0A2R8YGF8,0.047
G3V0H0,0.047
A0A6Q8PF64,0.047
A0A0U1RQT5,0.047
F1C633,0.047
A0A804HLB4,0.047
Q9NZT8,0.047
A0A3B3ITH9,0.047
A0A1B0GUT1,0.047
E7ETR7,0.047
P31025,0.047
O60220,0.047
H0Y9I3,0.047
A0A7I2V3J1,0.047
P78492,0.047
A0A5C2GBM9,0.047
J3KTG2,0.047
C9J205,0.047
Q8N4G2,0.047
I3L2L4,0.047
A9UKF4,0.047
E5RHU1,0.047
A0A7S5EV79,0.047
A0A5C2GP94,0.047
Q5VUC0,0.047
Q96A58,0.047
E5RH06,0.047
H7C5G7,0.047
H0Y9L8,0.047
D6RB05,0.047
E5RHG6,0.047
A0A0D9SF20,0.047
A0A0C4KX50,0.047
D6RCU0,0.047
A0A5C2FU84,0.047
Q8WUX2,0.047
H0Y9N3,0.047
I3L2K7,0.047
B7Z644,0.047
H7C0V7,0.047
B2R4R0,0.047
P78495,0.047
F8VTR6,0.047
A0A1B1PFW2,0.047
Q5TFQ5,0.047
A0A2R8Y6E4,0.047
B1AN86,0.047
F8VZ72,0.047
A0A7S5BZC0,0.047
B7ZAG4,0.047
F5GZY8,0.047
O43924,0.047
A0A3B3IU62,0.047
H0YH86,0.047
E7ER42,0.047
A0A7S5C1Z2,0.047
A0A7S5BXK7,0.047
Q9NZ23,0.047
A0A5C2G9U6,0.047
Q14507,0.047
A0A494C0N6,0.047
H3BSX1,0.047
A0A2P1M8Z1,0.047
A0A5C2GT92,0.047
A0A5C2GRS2,0.047
Q53RT0,0.047
G3V3Z4,0.047
F5H866,0.047
Q6UWW0,0.047
B4DL12,0.047
H0YG54,0.047
A0A0C4DGP6,0.047
Q58FF5,0.047
A0A5C2G6U5,0.047
Q7Z4G1,0.047
Q76KP0,0.047
A0A7S5BY92,0.047
A0A804HKU6,0.047
C9IYS5,0.047
A0A5C2G6J2,0.047
F6VY12,0.047
Q9P021,0.047
B2R7U5,0.047
B3KTW7,0.047
D3JZW5,0.047
Q9NPX5,0.047
V9TNI8,0.047
A0A5C2GA58,0.047
A0A1B1PFV3,0.047
Q6ZQU3,0.047
Q9NQC0,0.047
Q5VUC3,0.047
Q9BQY6,0.047
C9JZY3,0.047
Q8WYD3,0.047
Q2M5E4,0.047
E5RI83,0.047
V9GYR3,0.047
A0A0H3W5H9,0.047
A0A0D9SFZ4,0.047
B4DXU6,0.046
K7ER62,0.046
A0A5C2GT15,0.046
Q9P0M9,0.046
H0YBN8,0.046
F8WCH8,0.046
H0Y8J1,0.046
A6NGE7,0.046
A0A0C4DFY2,0.046
E5RG98,0.046
Q6ZNK1,0.046
A0A0G2JHJ2,0.046
I3L1H6,0.046
H7C218,0.046
Q38IJ5,0.046
A0A1W2PNV1,0.046
H3BQZ3,0.046
B4DDQ3,0.046
A0A0A0MSP5,0.046
M0QYM6,0.046
H7C3B9,0.046
V9GY67,0.046
K7ENE2,0.046
E9PLC6,0.046
A0A5C2GHR1,0.046
Q8NFN0,0.046
H0YIC4,0.046
H0Y9D6,0.046
C9J9P1,0.046
G3V235,0.046
B5BUI8,0.046
K7EQX6,0.046
Q9Y3D0,0.046
A0A7P0Z4N0,0.046
Q5SSR2,0.046
A0A5C2GEQ5,0.046
E9PLS0,0.046
E5RHA5,0.046
Q6U6I7,0.046
A4D1L5,0.046
V9GY69,0.046
P33764,0.046
B1AMW7,0.046
Q5JWR1,0.046
W1IAR2,0.046
P23528,0.046
O95496,0.046
V5LD31,0.046
A0A5C2GNB4,0.046
A0A2H4GDB0,0.046
P17152,0.046
A0A5C2G7R8,0.046
F8WE99,0.046
Q96RK6,0.046
F8WD09,0.046
B1AN62,0.046
E9PPL3,0.046
M0QYK8,0.046
G3V281,0.046
H3BQH9,0.046
Q71UK5,0.046
A0A2R8Y7L6,0.046
A0A1W2PQD3,0.046
Q96FN9,0.046
A0A5C2GAQ2,0.046
C9JX77,0.046
Q16423,0.046
E9PG15,0.046
E9PQ08,0.046
J3QLA1,0.046
A8MXT8,0.046
E9PKF2,0.046
Q9Y221,0.046
F1C628,0.046
Q68D02,0.046
Q4VB50,0.046
A0A096LP50,0.046
E9PNQ8,0.046
A0A7P0T8T1,0.046
A0FIK8,0.046
Q86Y20,0.046
P49223,0.046
Q7Z318,0.046
E9PQP1,0.046
H0YEW8,0.046
H0YM93,0.046
Q0GN75,0.046
A0A5C2GEE4,0.046
Q4QY38,0.046
H0YBA0,0.046
B3KPQ3,0.046
A0A1B0GUV8,0.046
B4E1S8,0.046
H7BZ39,0.046
V9GY16,0.046
Q658L2,0.046
B4DNA5,0.046
A0A0B4J2C3,0.046
A0A024R4T4,0.046
Q5T6J7,0.046
Q6A555,0.046
H3BMC7,0.046
H3BNT7,0.046
B4DU46,0.046
A0A5C2GA74,0.046
K9MV98,0.046
Q15164,0.046
B7Z1D9,0.046
C9JMP5,0.046
K7ERA1,0.046
E9PF78,0.046
A0A1W2PP70,0.046
C9J7L9,0.046
P36954,0.045
O75347,0.045
Q3LR71,0.045
H3BQX5,0.045
G3V3W9,0.045
A0A140VK09,0.045
B4DQP5,0.045
A0A5C2G923,0.045
A0A5C2GLF5,0.045
E2QRN5,0.045
H0YMN8,0.045
A0A1L7MZY4,0.045
A0A5C2G6F9,0.045
Q9HD51,0.045
Q53EI7,0.045
I3L3Z2,0.045
D6RJB9,0.045
G3V472,0.045
O60575,0.045
A0A0S2Z6I4,0.045
A0A7S5BX75,0.045
A0A5C2GIZ7,0.045
H0YL83,0.045
D6RJF2,0.045
D6RHI4,0.045
C9J1C4,0.045
Q86UC8,0.045
O75340,0.045
B4DUV4,0.045
G3V3E8,0.045
P53672,0.045
F5GWH2,0.045
F8W9T3,0.045
B1APG1,0.045
A0A5C2GGH5,0.045
A0A140T985,0.045
F8VXK3,0.045
H3BV73,0.045
Q6NVV7,0.045
Q8IXC4,0.045
J3KRG0,0.045
F8W0L0,0.045
C9JD13,0.045
Q9NYE3,0.045
V9GYQ8,0.045
G3V505,0.045
B4DNB1,0.045
Q9NX33,0.045
A8K7K2,0.045
G0ZL81,0.045
B3KSK2,0.045
E9PIS7,0.045
A0A0C4DG43,0.045
A0A1W2PRN9,0.045
P00568,0.045
A0A3Q8ATG4,0.045
R4GN69,0.045
C9J9V2,0.045
P08700,0.045
A0A5C2GEM2,0.045
I3L486,0.045
A0A5C2GGG9,0.045
B1AHA8,0.045
J3QLQ6,0.045
A0A5P9KEU5,0.045
B4DEX5,0.045
E9PPZ5,0.045
Q15229,0.045
E9PIK1,0.045
G3V234,0.045
K7EMU3,0.045
E9PQS3,0.045
Q8NI22,0.045
Q5FC03,0.045
D6R974,0.045
B4DHP1,0.045
E9PK30,0.045
O75368,0.045
A0A5C2GBQ8,0.045
Q9HBK8,0.045
V9GYE4,0.045
B3KN41,0.045
D6RHU2,0.045
G3V434,0.045
D6R997,0.045
F8WAS3,0.045
A0A494C0K3,0.045
H0YBS9,0.045
F8W9E5,0.045
B7Z3M6,0.045
I3L1A4,0.045
B4DU61,0.045
F8WD36,0.045
Q9NX24,0.045
H3BLY0,0.045
I1VE17,0.045
F5GXT5,0.045
B4DY66,0.045
Q15126,0.045
A0A7R6M6Q8,0.045
B4DPD0,0.045
E5RGS9,0.045
D6RB09,0.045
J3KRJ2,0.045
E9PIH9,0.045
Q6JV79,0.045
C9JKG6,0.045
C9J2Q6,0.045
H0YN31,0.045
A0A5C2GAA7,0.045
K7ELL6,0.045
Q8NDU9,0.045
Q580I3,0.044
D6R9F7,0.044
I0CMJ8,0.044
A0A1P8NQA0,0.044
J3KTE3,0.044
H0YI36,0.044
H0YK66,0.044
F8WB37,0.044
H7C4Y7,0.044
E2I6F7,0.044
B4DIP9,0.044
Q68VI9,0.044
Q9NSP4,0.044
H3BN55,0.044
J3KRM2,0.044
Q9Y258,0.044
X6RI15,0.044
M0R1Q9,0.044
C6YB45,0.044
Q8N696,0.044
F5GWF7,0.044
P16619,0.044
A0A1B1HY26,0.044
Q86W16,0.044
B3KM41,0.044
Q6ZNT4,0.044
P32969,0.044
E9PQ25,0.044
I3L333,0.044
P22392,0.044
Q9HD57,0.044
A0A5C2GJQ8,0.044
E5RHP8,0.044
Q99653,0.044
Q59GU8,0.044
Q9UHH3,0.044
A0A191TDH2,0.044
Q9HB62,0.044
P78340,0.044
A0A5C2GKJ9,0.044
A0A5C2GHA2,0.044
Q658W9,0.044
A0A5C2GLT9,0.044
A0A494C0K9,0.044
Q29995,0.044
M0R2K7,0.044
H0YJJ8,0.044
Q8N6F3,0.044
B4DEH5,0.044
X6R8I9,0.044
A0A5C2GMK3,0.044
M0R070,0.044
F8WF78,0.044
A0MT07,0.044
F8WE31,0.044
Q6ZST4,0.044
G3V5A9,0.044
A0A5C2GGH9,0.044
Q8TC97,0.044
A0A5C2GBE3,0.044
E9PPL4,0.044
Q5VTX9,0.044
A0A1B0GUE7,0.044
V9GYZ7,0.044
F8VV35,0.044
A0A3B3ISL9,0.044
G3V4I9,0.044
C9JHS6,0.044
C9JVW9,0.044
P0DTE2,0.044
A0A5C2G7Z6,0.044
P56279,0.044
A0A5C2GN70,0.044
I3L536,0.044
Q6U2K2,0.044
Q6RGF7,0.044
A0A5C2GNS0,0.044
Q9UGJ5,0.044
A0A219KCD5,0.044
E9PQ74,0.044
A0A3B3IRJ8,0.044
Q7Z7H4,0.044
B4DVG6,0.044
A0A0A0MQT0,0.044
D6RHX5,0.044
C9J5A4,0.044
D6RGW8,0.044
S4R320,0.044
D6R976,0.044
C9J6N7,0.044
Q14784,0.044
D6R902,0.044
J3QRB0,0.044
H0YCA6,0.044
C9JRR6,0.044
D6RB13,0.044
A0A5C2GGP9,0.044
H3BTH4,0.044
B3KRJ6,0.044
Q15452,0.044
F5GXG4,0.044
E5BBQ0,0.044
A0A096LPC3,0.044
Q5QPN9,0.044
K7EIN3,0.044
B4DYV9,0.044
K7EIE3,0.044
A0A0U5JXL4,0.044
C9JQG9,0.044
K7EM28,0.044
K7EN79,0.044
E9PEN0,0.044
A0A5C2G5S0,0.044
H0Y9S8,0.044
H7C0D4,0.044
H0YN06,0.044
E5RG19,0.044
A0A0G2JHI2,0.043
X6R8F3,0.043
A0A5C2GAC6,0.043
B2R5J1,0.043
C9J8E4,0.043
I3L2L1,0.043
F8VVB7,0.043
H3BRA5,0.043
B4E163,0.043
A0A384NQ10,0.043
A0A804HJE8,0.043
A0A3Q8BCJ8,0.043
J3KTR4,0.043
A0A5C2G5P9,0.043
A0A7S5C390,0.043
A0A5C2G6V0,0.043
O95711,0.043
C9J7Q8,0.043
O75402,0.043
B0QYC0,0.043
A0A5C2GAW6,0.043
Q05CV4,0.043
H3BQ98,0.043
A0A5C2GFC7,0.043
E7ENU7,0.043
J3QRA6,0.043
Q96C01,0.043
D6RJA3,0.043
P04118,0.043
K7EKE4,0.043
A0A2R8Y6E5,0.043
G5E9E9,0.043
C9IZG1,0.043
C9J636,0.043
A0A1B1PFY7,0.043
Q9H5H6,0.043
E5RFF0,0.043
B4E101,0.043
J3KRF7,0.043
C9JQG7,0.043
Q5Q1W2,0.043
O15511,0.043
B7Z694,0.043
Q12897,0.043
J3KRD7,0.043
A0A5C2GGG8,0.043
B4DP64,0.043
H3BUI9,0.043
D6RHF3,0.043
A0A075B7D2,0.043
O60420,0.043
E5RIP4,0.043
A6NJD9,0.043
F5H2V6,0.043
B4E0R2,0.043
D6REM9,0.043
A0A166IZM7,0.043
D6RGF6,0.043
F8WCC9,0.043
A0A5C2GAS2,0.043
F5H4W4,0.043
Q9HBW4,0.043
C9JF98,0.043
E9PNN8,0.043
E5RIU0,0.043
P61758,0.043
B4DJN9,0.043
E7ETV3,0.043
F2Z2R1,0.043
A0A384MDR3,0.043
A0A2R8YF02,0.043
P47874,0.043
A4D1U7,0.043
A0A5B9,0.043
H7C2R3,0.043
B5MCD7,0.043
B4DG51,0.043
Q9P0N4,0.043
D6R9R8,0.043
E9PR96,0.043
Q9NPE3,0.043
B7Z581,0.043
H3BU09,0.043
B4DFW2,0.043
C9JEQ7,0.043
B4DFH2,0.043
Q15669,0.043
I3L1U5,0.043
Q53TH9,0.043
E9PHS0,0.043
H7C1F6,0.043
B3VRJ5,0.043
A0A1B0GWH0,0.043
Q92862,0.043
A0A5C2G9N9,0.043
A8W2K5,0.043
G3V5H3,0.043
A0JLQ0,0.043
C5IJI6,0.043
E9PBU1,0.043
Q8TEK8,0.043
A6XGL1,0.043
A0A384NLC8,0.043
B4DQN5,0.043
O14950,0.043
B3KVT4,0.043
E9PLG0,0.043
Q8TAI7,0.043
H3BMQ7,0.043
A0A7R8GUW6,0.043
A0A6I8PL68,0.043
A6XMH1,0.043
S4R3M1,0.043
B4DVI8,0.043
A0A5F9ZH83,0.043
A0A286RZ40,0.043
A0A7I2V5C9,0.043
B4DML1,0.042
Q6LBE5,0.042
Q53TC2,0.042
E9PJG4,0.042
F5H6J3,0.042
Q6UWN8,0.042
A1L185,0.042
B4DPH9,0.042
G5E9R3,0.042
M0QZE0,0.042
K7ERW8,0.042
S4R450,0.042
A0A5C2GP29,0.042
E2I6F9,0.042
F8WDA0,0.042
B4DP65,0.042
A0A0B4U5E3,0.042
Q16553,0.042
F8WEN3,0.042
O95881,0.042
O95969,0.042
M0R1V5,0.042
A0A5C2GHA5,0.042
F2X1A7,0.042
Q59FN8,0.042
A3RMR1,0.042
K7EQH9,0.042
Q9BVT2,0.042
A0A0X1KG80,0.042
Q9Y530,0.042
A0A494C0P5,0.042
J3KQ33,0.042
B4DM82,0.042
A0A5C2GMP2,0.042
F8WDY6,0.042
Q93020,0.042
M0QYU8,0.042
Q08AP5,0.042
Q5T2B7,0.042
B1B5S7,0.042
A0A5C2GE74,0.042
X6RKY7,0.042
J3KSR5,0.042
A0A5C2G6G7,0.042
B4DJC3,0.042
K7ENU6,0.042
Q9H2D7,0.042
A0A2K4N869,0.042
D6RC24,0.042
D6RA33,0.042
I3L4N7,0.042
A0A0C4DGA8,0.042
E9PRR1,0.042
E9PPE9,0.042
A0A7S5C012,0.042
E5RFS3,0.042
B3VRZ0,0.042
B7Z891,0.042
R4GMY2,0.042
A0A7R8C391,0.042
K7EJX9,0.042
A0A5C2GR07,0.042
V9GYS6,0.042
B4DNH1,0.042
H7C161,0.042
B7ZB43,0.042
V5LD35,0.042
Q8NAS4,0.042
C9JVQ5,0.042
H0YDY7,0.042
Q5FC01,0.042
B4DNW5,0.042
A0A5C2GKG9,0.042
J3KTK0,0.042
Q6UXS0,0.042
Q5SVM6,0.042
Q07277,0.042
A0A059X4U2,0.042
P50120,0.042
C9JP36,0.042
H0YAI4,0.042
A0A7S5C3N3,0.042
D0EWT7,0.042
H0YAP6,0.042
H7C5D5,0.042
A0A7S5C021,0.042
C9JTV7,0.042
J3QR84,0.042
Q8NI45,0.042
E9PQY9,0.042
Q96EK6,0.042
C9JA11,0.042
Q6AI16,0.042
C9JE81,0.042
A0A0S2Z5N8,0.042
I7HIL1,0.042
Q9HAW6,0.042
F6R5I9,0.042
A0A5C2G9E2,0.042
A0A5C2GFZ2,0.042
A0A140C6K5,0.042
Q99616,0.042
A0A7S5EXF9,0.042
C9DZM4,0.042
H0YNI9,0.042
A0A2R8Y5U3,0.042
A0A087WTR4,0.041
A0A0S2Z441,0.041
A0A7I2V4X2,0.041
Q6JVE6,0.041
A0A0S2Z6J9,0.041
B4DS87,0.041
E5RJ14,0.041
A0A087WZN3,0.041
Q4G1B1,0.041
H3BVE7,0.041
D6RBZ3,0.041
B7TZ90,0.041
M0QY67,0.041
O15467,0.041
K7EIC3,0.041
Q8IXH0,0.041
C9JMM4,0.041
H0Y8Q2,0.041
Q9H279,0.041
J3KTP2,0.041
D6RA45,0.041
A0A087WVZ9,0.041
F5H1S8,0.041
Q96DA0,0.041
K7ELA5,0.041
A0A7S5C0X9,0.041
A0PJZ0,0.041
A0A5C2GHL8,0.041
A0A0U1RQF8,0.041
Q00604,0.041
E9PL56,0.041
A0A5F9ZHC6,0.041
A0A096LPF5,0.041
D6R9Z0,0.041
Q5H9B5,0.041
A0A0G2JLX9,0.041
E5RGK6,0.041
C9JPD5,0.041
F8WDT8,0.041
K7EIM2,0.041
Q5VVC0,0.041
Q9UBY9,0.041
C9K0I1,0.041
B4DKH9,0.041
A0A7P0T967,0.041
A0A0G2JPB1,0.041
Q14779,0.041
Q53TF1,0.041
A0A7U3JVY2,0.041
H0YAS3,0.041
V5LDY9,0.041
E9PII9,0.041
C9JF75,0.041
A0A7S5C2Y4,0.041
C9JPJ0,0.041
B4DDG6,0.041
A0A5C2GTJ0,0.041
E9PQI2,0.041
P62249,0.041
B4DFN6,0.041
A0A590UK94,0.041
B1ALD3,0.041
C9JQN1,0.041
D6R9Y3,0.041
K7EL10,0.041
J3QSA6,0.041
A0A7S5C4H5,0.041
E7ET59,0.041
O14860,0.041
K7ESC2,0.041
B7ZBF2,0.041
Q6LAF9,0.041
A0A6I8PIW5,0.041
Q9NYY6,0.041
B3KRZ8,0.041
A0A080YUZ6,0.041
A0A7P0T9V1,0.041
Q53T70,0.041
K7EPT7,0.041
F8WEK6,0.041
Q5JSQ8,0.041
A0A494C173,0.041
Q8ND98,0.041
E9PLY3,0.041
Q30KQ3,0.041
A0A0A0MSX6,0.041
F8VSE4,0.041
A0A2R8YCH1,0.041
B4DGV2,0.041
C9JIU2,0.041
I3L2A8,0.041
V9GYP6,0.041
Q96GE6,0.041
F2Z2V2,0.041
F8VXK8,0.041
V9GYU1,0.041
H7C444,0.041
A8MYC1,0.041
Q96EL2,0.041
A0A080YV01,0.041
Q6PIG1,0.041
A0A5C2GPT5,0.041
A0A5C2GAX2,0.041
F8WF91,0.041
Q71UA3,0.041
A0A5C2G706,0.041
F5H5D4,0.041
B9TX15,0.041
A0A220SZZ5,0.041
A4QMX0,0.041
V9GZA3,0.041
Q86YL8,0.041
A0A5C2GCT5,0.041
K7ESP4,0.04
E5RH81,0.04
C9JBS6,0.04
M0QZT6,0.04
Q5JX49,0.04
B4DW12,0.04
Q96B39,0.04
Q2HZZ1,0.04
A0A494C1S6,0.04
J3KT84,0.04
K7EQC1,0.04
K7ERZ6,0.04
B3KTF4,0.04
A0A0S2Z3P2,0.04
Q7Z5U5,0.04
H3BMF3,0.04
B0QY04,0.04
B4DMB6,0.04
Q4VC31,0.04
M0R3H6,0.04
Q5ZEZ1,0.04
D6RHJ5,0.04
Q96HS5,0.04
Q8N4J3,0.04
G3V5J1,0.04
A0A5C2GEQ6,0.04
A0A494C103,0.04
M0QZF9,0.04
A0A090N7U9,0.04
B3KXC3,0.04
A0A0S2Z5C4,0.04
H3BVE5,0.04
C9JSU7,0.04
Q14X83,0.04
P52434,0.04
A0A087WYC2,0.04
J3QRW8,0.04
D6RJ00,0.04
A0FKD1,0.04
A0A348GSI7,0.04
H3BQJ8,0.04
Q6P1K1,0.04
F5GY59,0.04
F8UV74,0.04
K7ERJ1,0.04
H7BZS4,0.04
A0A5C2GRE7,0.04
A0A5C2G6D2,0.04
A0A5C2GHQ1,0.04
E9PL37,0.04
A0A1B0GUY7,0.04
A0A290Y5S4,0.04
A6NIZ1,0.04
E9PR10,0.04
E5RK96,0.04
Q8N2U0,0.04
L7N2F6,0.04
Q0IJ40,0.04
J3KS81,0.04
H0YC80,0.04
B0QZ60,0.04
A8MUP5,0.04
H0YC23,0.04
Q6UWM4,0.04
C9J2R1,0.04
B2RGG0,0.04
O60565,0.04
H0YHL5,0.04
A0A7T0LNP9,0.04
Q96LK9,0.04
A0A087WYV7,0.04
H7C100,0.04
Q5GRG0,0.04
B3KSL3,0.04
Q8WY49,0.04
Q8IUB3,0.04
F5H020,0.04
Q9H1F0,0.04
F5GZY9,0.04
C9JCS7,0.04
Q9NY41,0.04
E5RFQ8,0.04
D6RED9,0.04
A0A7I2V2S9,0.04
C9JPW3,0.04
F5H7B9,0.04
P61086,0.04
O15432,0.04
Q96RW6,0.04
M0R2L7,0.04
A0A5C2GAE3,0.04
Q15923,0.04
A0A804HK00,0.04
Q59F72,0.04
B4DR92,0.04
A8MY48,0.04
B1AHR5,0.04
Q9NV35,0.04
O43394,0.04
E9PPB5,0.04
E9PKL7,0.04
B4E1G9,0.04
A0A0G2JN65,0.04
J3QR90,0.04
Q6LCA9,0.04
H0Y3I3,0.04
A0A5C2GGR9,0.04
A0A6H0WB68,0.04
E9PS75,0.04
A0A5C2GEA4,0.04
Q6H9J7,0.04
Q99997,0.04
H0YF78,0.04
Q9Y3D6,0.04
A0A804HJ29,0.04
A0A5C2G4Z9,0.04
J3KS25,0.04
F8WB75,0.04
A0A5C2GEL4,0.04
A0A0C4DGH4,0.04
Q96HU8,0.04
E5RID6,0.04
Q49A65,0.04
O14883,0.04
B3KNG3,0.04
A0A0A0YKG7,0.04
F5H3D3,0.04
A0A7P0T946,0.04
F5H1K7,0.04
B7ZBK6,0.04
Q5W0V4,0.04
A0A2R8YGP7,0.04
C9JVC1,0.04
A0A5C2G7A2,0.04
F8VZB1,0.04
F8VYZ7,0.04
A0A5C2GST6,0.04
J3KTF8,0.04
O43697,0.04
Q6QBS1,0.04
F8WDK9,0.039
C9JLF4,0.039
E9PP76,0.039
D6RDH0,0.039
C9JQ14,0.039
A0A0D9SFV7,0.039
A0A7S5BXA5,0.039
Q75N10,0.039
E9PMD4,0.039
B3KVH9,0.039
Q75MX0,0.039
G3V3S0,0.039
H3BQY5,0.039
B3KN33,0.039
A0A5C2GTA3,0.039
C9JAV7,0.039
A9UJP0,0.039
S4R468,0.039
A0A5C2GN62,0.039
A0A2R8Y4X6,0.039
V9GXZ7,0.039
B4DJA4,0.039
U5P039,0.039
B4DMA9,0.039
H7C1I6,0.039
C9JY37,0.039
Q9UN97,0.039
F8VQS2,0.039
A0A5C2GR40,0.039
A0A087WUL2,0.039
Q9NRC9,0.039
B7Z7W3,0.039
Q5EBL8,0.039
B7Z1U1,0.039
B4DKJ7,0.039
P49789,0.039
K7ELM0,0.039
C9J0L0,0.039
Q9NW71,0.039
A0A5C2GBM2,0.039
E9PM49,0.039
F8WF07,0.039
G3V5A2,0.039
V9GYA2,0.039
A0A7S5BZH7,0.039
E5RGA9,0.039
E5RFI0,0.039
C9J5X2,0.039
Q8WWZ1,0.039
C9J974,0.039
D6RDM4,0.039
S4R398,0.039
B0QYS5,0.039
Q8IZH9,0.039
F5H1V0,0.039
A0A7S5C3I9,0.039
Q5VVY2,0.039
K7ELL0,0.039
C9J3Z2,0.039
Q6PI25,0.039
P12829,0.039
Q9BVM4,0.039
B1AMA6,0.039
A0A0C4DH13,0.039
B3VRP0,0.039
B3KNX4,0.039
Q7Z2H1,0.039
Q52LA3,0.039
Q9UFX5,0.039
C9K067,0.039
Q9BUL9,0.039
A0A2P1H0P2,0.039
Q9BTE1,0.039
C9JME8,0.039
A0A7P0T964,0.039
P78389,0.039
A0A2R8Y7I4,0.039
H0YF05,0.039
H7BZP6,0.039
M0R058,0.039
P60602,0.039
C9JT45,0.039
P0DI81,0.039
Q5T8U3,0.039
K7EQV4,0.039
O75780,0.039
E9PQY2,0.039
X6R390,0.039
E9PRI8,0.039
F8VXP9,0.039
A0A087WZQ4,0.039
A0A5C2G9T7,0.039
B6ZHS6,0.039
B4E1J1,0.039
F8VWX1,0.039
Q5SQI6,0.039
A0A5C2GAU4,0.039
A0A5C2GNL6,0.039
B7Z509,0.039
B4DN11,0.039
I3L245,0.039
E7EX54,0.039
Q06S79,0.039
Q8IWT0,0.039
M0R218,0.039
A0A804HIH8,0.039
I3L0A1,0.039
A0A140VJD7,0.039
A0A182DWI2,0.039
A0A5C2G674,0.039
A0A2R8YEZ3,0.039
H7C4Y3,0.039
C9JDQ1,0.039
B3KNR3,0.039
M0R2B6,0.039
K7END4,0.039
E5RHD5,0.039
A0A7S5BY84,0.039
Q9UHA2,0.039
A0A2R8Y851,0.039
Q71UY0,0.039
Q24JT4,0.039
H3BV52,0.039
A6QRH1,0.039
A0A0S2Z5F7,0.039
A0A5C2GMM5,0.039
A0A7S5EUR6,0.039
A4UCT4,0.039
A0A5C2GDT6,0.039
F8VZW6,0.039
B4DTA5,0.039
H3BNE5,0.039
A8MTP4,0.039
F5H0U5,0.039
A0A7S5C2S4,0.039
M0R2P5,0.039
H3BLX3,0.039
O95190,0.039
A6NML5,0.039
Q9UHA7,0.039
H7C1E8,0.038
C9JF97,0.038
J3KRD2,0.038
C9J9E3,0.038
L8ECH9,0.038
O75591,0.038
D6RAP4,0.038
A0A384NPV7,0.038
Q45NE5,0.038
B3VS55,0.038
A0A7S5EWA9,0.038
K7EIE0,0.038
C9JQ00,0.038
P78384,0.038
B1AL33,0.038
K7EKL1,0.038
P78451,0.038
J3QL91,0.038
B4E3N8,0.038
C9JI11,0.038
A0A5C2GPX2,0.038
B3KVU2,0.038
C9J1G9,0.038
A0A097PAY3,0.038
A0A286RNF9,0.038
A0A5C2G8B4,0.038
P19875,0.038
A0A5C2GFA6,0.038
Q8WVE7,0.038
Q5TF45,0.038
H3BP45,0.038
P60673,0.038
F6WMF4,0.038
U5NNF6,0.038
B7Z5Y6,0.038
Q8N7M0,0.038
A8MYV4,0.038
P61254,0.038
Q9NQE9,0.038
I3L1E4,0.038
G3V366,0.038
C9JYC1,0.038
E5RJT4,0.038
A0A0S2C6M1,0.038
B4DV65,0.038
A0A7P0TA18,0.038
Q02045,0.038
J3QRS7,0.038
X6RJK6,0.038
Q6P4F2,0.038
A0A5C2G9R7,0.038
B7ZC34,0.038
B3KSW6,0.038
C9JRN3,0.038
M0R2C0,0.038
E5RHC2,0.038
Q5JRK0,0.038
L8E7X2,0.038
Q96BL1,0.038
C9K0G7,0.038
A0A5C2G9D2,0.038
M0QYV0,0.038
B4DMS5,0.038
Q6NSD4,0.038
K7EPK1,0.038
Q003V1,0.038
H0YDU7,0.038
O43325,0.038
A0A7U3JVZ2,0.038
A0A5C2GGZ1,0.038
Q5TA15,0.038
A8MVM1,0.038
E5RFN5,0.038
D6RAP6,0.038
A0A1W2PRF8,0.038
A0A1B1HY19,0.038
A0A5C2GS66,0.038
P35243,0.038
E5RHD8,0.038
A0A5C2GT24,0.038
Q9UNM7,0.038
A4D105,0.038
J3QTH6,0.038
A0A087WYD2,0.038
Q8WY78,0.038
C9JCK8,0.038
Q007T8,0.038
D6RGK7,0.038
Q5RIB3,0.038
A0A087WVT5,0.038
A4D110,0.038
A0A0A0MSL7,0.038
A0A7R6M6T2,0.038
A0A7S5C5V6,0.038
A0A087WZZ2,0.038
Q53RX4,0.038
C9J7L5,0.038
B3KTD4,0.038
Q0VGM7,0.038
B4DS06,0.038
C9JYQ2,0.038
B3KSV6,0.038
C9JTA8,0.038
F5H724,0.038
F5H4R4,0.038
E5RIW6,0.038
B7Z1C3,0.038
M0QY44,0.038
F8W7F7,0.038
Q5VY30,0.038
A0A386NBZ2,0.038
B3KUY2,0.038
P18510,0.038
Q96DE0,0.038
Q8N4P3,0.038
O00434,0.038
S4R3D6,0.038
Q14061,0.038
B7Z960,0.038
Q86SK7,0.038
Q13560,0.038
Q9NPF7,0.038
J3QRX7,0.038
A0A1B1PFW3,0.038
B7TQM3,0.038
Q8TE69,0.038
M9MMK9,0.038
A0A7T0LNJ8,0.038
A0A3B3IRR5,0.038
H0YND7,0.038
A0A087X1K1,0.038
D6RFH7,0.038
B2R4A2,0.038
A0A0B4J236,0.038
Q9H9Z1,0.038
B4DKG7,0.037
A0A2R8Y897,0.037
A0A087WXQ6,0.037
A0A7I2V597,0.037
Q8NA04,0.037
B4DQ71,0.037
A0A1W2PNU5,0.037
A0A1C9J6R2,0.037
H7BYT7,0.037
A0A384NPQ2,0.037
A0A3B3ITI4,0.037
G9G137,0.037
C9JEZ2,0.037
A0A804HIN9,0.037
C1KH65,0.037
A0A4P8J9K2,0.037
Q15444,0.037
E5RHD6,0.037
B7Z1W5,0.037
S4R424,0.037
A0A087WW29,0.037
E5RJ44,0.037
C9JB51,0.037
H0YJK8,0.037
Q9UMC9,0.037
E5RIH1,0.037
Q6MZJ2,0.037
P02489,0.037
B4DPE8,0.037
A0A494C0N8,0.037
B3KQW2,0.037
F8VV61,0.037
Q08AG7,0.037
A0A7I2YQG6,0.037
A0A5C2GNN6,0.037
Q6QBS2,0.037
Q05CW1,0.037
C9J6L4,0.037
D6RAA0,0.037
D6R930,0.037
I3L1W8,0.037
B5MCL5,0.037
A0A7I2V344,0.037
Q59EQ8,0.037
F8WAQ8,0.037
Q8NFF3,0.037
H3BM54,0.037
Q9UQC1,0.037
G3V3S6,0.037
H0YNC1,0.037
Q53QY2,0.037
H0YMV5,0.037
B5KFZ4,0.037
B8ZZZ1,0.037
F4ZCG5,0.037
G3V231,0.037
C9J7J4,0.037
E9PKK7,0.037
Q86TY5,0.037
Q5SSC2,0.037
B3KW72,0.037
Q6UWE3,0.037
K7EII6,0.037
B7ZBU4,0.037
Q5SXX4,0.037
K7EIW3,0.037
O95127,0.037
A0A7S5C2X6,0.037
H0YNF8,0.037
A8K3F7,0.037
B4DI00,0.037
J3QS82,0.037
A0A0S2Z3P7,0.037
E9PQX1,0.037
H3BP18,0.037
A0A7S5EW28,0.037
J3KTB9,0.037
A0A1Y0BWD1,0.037
M0R151,0.037
J3KTG4,0.037
A0A0A0MSE8,0.037
E9PP36,0.037
Q9P1J8,0.037
A0A2R8YEX4,0.037
H3BLX9,0.037
O75079,0.037
Q86UN6,0.037
K7EQX5,0.037
P51571,0.037
E5RGP0,0.037
E5RGX4,0.037
K7EQU9,0.037
M0QYD4,0.037
E9PBE8,0.037
Q9HCT0,0.037
C9J078,0.037
F6W2C3,0.037
A0A804HIQ6,0.037
Q9P0N5,0.037
A0A5C2G615,0.037
E5RHZ6,0.037
Q5JXD3,0.037
B1AMF0,0.037
C9JDT9,0.037
A6NHH0,0.037
C9JB11,0.037
A0A6Q8PFB6,0.037
B2R7T5,0.037
A1L167,0.037
Q9NSX6,0.037
A0A2R8YFS3,0.037
J3QQV0,0.037
J3KR52,0.037
E7EPJ9,0.037
E9PPW7,0.037
Q8WYF2,0.037
D6RAT8,0.037
D6RBJ5,0.037
A0A5C2GF27,0.036
B4E2J2,0.036
I3L0V7,0.036
H0YEZ4,0.036
B0QY20,0.036
H3BR95,0.036
Q9P0A0,0.036
J3QKR2,0.036
F8WER7,0.036
Q4W251,0.036
Q5JTQ9,0.036
A0A140T9T5,0.036
A0A7P0T9B4,0.036
C9K0W5,0.036
A0A0J9YWH2,0.036
B7Z9U0,0.036
A0A0G3IFT0,0.036
O14881,0.036
A0A1B0GW35,0.036
B4DJB0,0.036
Q8N2P4,0.036
A0A494C1D8,0.036
C9JNS3,0.036
B4DEM5,0.036
B0QY56,0.036
F5H3F0,0.036
C9JU63,0.036
M0R1B5,0.036
I3V9V3,0.036
Q5QPM9,0.036
K7EII1,0.036
V9HW35,0.036
Q9Y3U5,0.036
E9PPW5,0.036
B7Z340,0.036
Q9P1G4,0.036
E5RHV6,0.036
G3V546,0.036
Q9UNB4,0.036
Q71MG5,0.036
C9J4Z8,0.036
S5FLF7,0.036
H3BPQ6,0.036
H3BV39,0.036
A0A2R8Y7D2,0.036
Q9NPA8,0.036
H3BRR0,0.036
E9PK68,0.036
A2A2R0,0.036
Q7Z7Q8,0.036
A0A384MTN6,0.036
Q5JQ44,0.036
H3BPV8,0.036
A0A5C2GEN8,0.036
P62841,0.036
Q3LIE0,0.036
F6SKB8,0.036
E5RJH4,0.036
A6PVS1,0.036
A0A5C2G5U7,0.036
A0A7S5C037,0.036
Q9UDX5,0.036
B4DL19,0.036
E9PJU8,0.036
E9PQ34,0.036
A0A1W2PR54,0.036
F8VSD8,0.036
B5A244,0.036
C9IZC5,0.036
Q9H1D2,0.036
B5BU82,0.036
Q14788,0.036
C9J647,0.036
C9JRX2,0.036
F8W1M3,0.036
A0A7S5EX58,0.036
C9JU58,0.036
D6R9X4,0.036
A0A087WZ38,0.036
Q6UXZ3,0.036
K7EP73,0.036
E5RIQ8,0.036
B2RA73,0.036
P41271,0.036
A0A5C2G8I2,0.036
Q2PH56,0.036
Q6ICB3,0.036
Q8NHZ8,0.036
X6RHF8,0.036
Q96IS9,0.036
M0R2B8,0.036
B7Z1Y3,0.036
Q2EF79,0.036
E5RHL2,0.036
E9PQB8,0.036
A0A087WUV8,0.036
F6XAQ5,0.036
Q6ZMG6,0.036
A0A5C2FZD9,0.036
I3NI28,0.036
Q92494,0.036
U3KQF5,0.036
J3QL34,0.036
K7EM01,0.036
B4DSL5,0.036
A0A804HLD7,0.036
E9PQH4,0.036
A0A5C2GD25,0.036
A0A0D9SGB5,0.036
E5RJI4,0.036
B3VRM5,0.036
D6R9I8,0.036
A0A5C2GGF8,0.036
X6R674,0.036
J3QKP5,0.036
P26441,0.036
J3KMW6,0.036
O00626,0.036
Q6LCB5,0.036
Q8N2G4,0.036
Q15253,0.036
O75243,0.036
D6RE96,0.036
H3BQ67,0.036
A0A5C2GG43,0.036
F8W888,0.036
A0A494C0R2,0.036
Q99061,0.036
P62277,0.036
F5GYJ3,0.036
F5H1K3,0.036
A0A5C2GAR9,0.036
C9J4I3,0.036
B5MC62,0.036
P62829,0.036
B2R4A5,0.036
C9JTV2,0.036
C9JEC8,0.036
Q7Z4D5,0.036
B7Z6K5,0.036
E9PRA7,0.036
Q9HD47,0.036
A0A590UJY0,0.036
C9JIH3,0.036
A0A7P0Z4C8,0.036
G5EA43,0.036
A0A2R8YE86,0.036
A6NNL5,0.036
M0R118,0.036
I3L2J5,0.036
M0R080,0.036
A0A096LPH4,0.036
C9JJ71,0.036
Q6P2N5,0.036
G3V2A3,0.036
F8W0H4,0.036
G3V5B5,0.036
A0A0G2JJA7,0.035
B5A240,0.035
E5RGX2,0.035
H0YMJ4,0.035
D6RCP3,0.035
C9JSB1,0.035
B1AHD1,0.035
A0A0J9YXH7,0.035
Q9H2D9,0.035
H0YHS9,0.035
Q5JP02,0.035
E9PRC7,0.035
F5GZK1,0.035
Q9Y346,0.035
Q9NSA3,0.035
B7Z314,0.035
A8MT87,0.035
A6NIF9,0.035
Q96EE9,0.035
H3BT20,0.035
A0A5C2G632,0.035
B4DRE2,0.035
F8VSH4,0.035
E7BJ57,0.035
P08118,0.035
C9JC72,0.035
O94772,0.035
A8VPW9,0.035
B4DMS1,0.035
B4DNV8,0.035
E5RJW4,0.035
M0QY65,0.035
K7EQF2,0.035
P60604,0.035
B3KQW5,0.035
M0R208,0.035
A0A024R897,0.035
A8K773,0.035
G3V559,0.035
B4DGW3,0.035
Q7Z2I3,0.035
H3BT75,0.035
F8W1J0,0.035
A0A080YUZ8,0.035
A0A5C2GA01,0.035
H3BSD0,0.035
A0A590UJ86,0.035
B3KM30,0.035
E5RGV0,0.035
A0A5C2GRH0,0.035
C9IZY4,0.035
A0A0B4J1Y4,0.035
Q9UQ30,0.035
Q13915,0.035
E9PJE2,0.035
A0A384P5R1,0.035
Q14210,0.035
B5MC82,0.035
E9PI12,0.035
A0A7S5ETG1,0.035
C9JFS2,0.035
F8WDK3,0.035
C9JXS3,0.035
A6ZKI3,0.035
Q075Z2,0.035
A0A0S2Z3T6,0.035
A8MYG7,0.035
K7EQT9,0.035
Q6PI29,0.035
Q5T3W0,0.035
E5RK63,0.035
J3QKV4,0.035
A0A096LPD7,0.035
C9JDJ8,0.035
Q6N013,0.035
A0A7R8GUW8,0.035
A0A1P8LI09,0.035
Q5TGE2,0.035
D6RJA2,0.035
A0A096LP52,0.035
E9PJW4,0.035
F8VRE8,0.035
B5MCN5,0.035
Q96EH7,0.035
A0A5C2GF46,0.035
C9JRF8,0.035
D6RJ89,0.035
Q5T190,0.035
C9JY10,0.035
C7DYB4,0.035
Q49AA3,0.035
L8E934,0.035
F5H6D4,0.035
E5RG02,0.035
F5H694,0.035
F8VWB3,0.035
D6RGW5,0.035
A0A384ME44,0.035
A6NNC3,0.035
Q13951,0.035
E5RJQ7,0.035
C9JAM5,0.035
B3KNH2,0.035
Q9Y3D5,0.035
D6RHI3,0.035
Q3S3B4,0.035
F8VVK7,0.035
Q53FP2,0.035
C9IZ29,0.035
C1KDE8,0.035
B4E3S5,0.035
J3QRQ3,0.035
Q9BV57,0.035
L0L6B6,0.035
K7EMF2,0.035
Q9NRV9,0.035
K7EII9,0.035
A0A3B3IS62,0.035
B4DNF8,0.035
A0A0G2JLY3,0.035
B3KQB4,0.035
A0A7P0TBA8,0.035
Q9BUY7,0.035
Q5VYD0,0.035
A0A804HKE6,0.035
A0A5C2GDD2,0.035
A8K3Z6,0.035
H0YEN5,0.035
Q9P0C1,0.035
H0YFR4,0.035
A0A5C2G600,0.035
Q5T3R7,0.035
H0YM13,0.035
C9JY20,0.035
A0A5C2GHU1,0.035
A7U833,0.035
H0YG25,0.035
H0YMF9,0.035
C9JA17,0.035
A0A5C2GCM4,0.035
A0A348GSI2,0.035
X6R751,0.035
Q7Z3R6,0.035
A0A7S5BY47,0.035
Q4W5E0,0.035
A0A5C2GDC3,0.035
D6RE15,0.035
B6ECB0,0.035
F8WCH1,0.035
D6RAT1,0.035
F8WC69,0.035
B4DRD5,0.035
C9J6C4,0.035
C9JZX6,0.035
Q6ZW91,0.035
Q9H3U3,0.035
H7BZD1,0.035
C9JBE7,0.035
Q76FP2,0.035
Q8WXD5,0.035
A0A5C2G8H8,0.035
Q8IXD0,0.035
Q5VZ75,0.035
M9Z0T2,0.035
B4DR74,0.035
Q86SZ2,0.035
H3BN18,0.035
Q8NEX5,0.035
C9JQS2,0.034
A0A0G2JJT9,0.034
Q969G6,0.034
A0A6Q8PF90,0.034
E5RJB7,0.034
Q96G76,0.034
Q2VF45,0.034
J3QLI4,0.034
A0A068Q8E6,0.034
F5GZR7,0.034
E9PLX6,0.034
B5A977,0.034
Q13241,0.034
J3QLJ8,0.034
Q9UBK9,0.034
A0A5C2G6X8,0.034
A0A5C2GH07,0.034
C9J1S9,0.034
A8MT69,0.034
Q9UNX8,0.034
F6R503,0.034
B4DXR8,0.034
F6UT28,0.034
B4DF86,0.034
A0A3B3ITT9,0.034
Q9UBH0,0.034
Q5W0S4,0.034
B4E2H6,0.034
H0YBS3,0.034
H0YHT6,0.034
B4E1V9,0.034
B4DGT0,0.034
L7UQJ2,0.034
H3BU87,0.034
E9PF95,0.034
B3KWD9,0.034
Q7Z5N8,0.034
V9H119,0.034
A0A0G2JRP3,0.034
B0QYC2,0.034
K7EJP3,0.034
Q3ZCW0,0.034
Q86WJ0,0.034
D6RBA2,0.034
A0A7S5EY06,0.034
K7EJ03,0.034
Q8NAM4,0.034
D6RBD0,0.034
C9JPR9,0.034
C9J3F8,0.034
F2Z303,0.034
Q15388,0.034
J3QRY4,0.034
Q96FX8,0.034
A0A4P8J5I5,0.034
A0A4D5RBH1,0.034
B4DRU4,0.034
Q96B07,0.034
Q8N757,0.034
Q8J000,0.034
K7EQQ6,0.034
H3BS59,0.034
F8VVU1,0.034
H0Y9D9,0.034
A0A4P8J6K4,0.034
A0A7S5C4U0,0.034
D6RAU9,0.034
F5GX30,0.034
A0A2H4ZEU9,0.034
Q96EJ4,0.034
A0A7I2V2L9,0.034
A0A0B4J214,0.034
Q68CZ0,0.034
C9J3P4,0.034
Q16548,0.034
G3V5V5,0.034
B4DRH9,0.034
F5GYS6,0.034
J3QRW4,0.034
A0A482KFZ6,0.034
H3BTP0,0.034
F8W9Y7,0.034
O95715,0.034
A0A804HKP8,0.034
A0A5C2GDJ2,0.034
D3JEN1,0.034
Q4W252,0.034
Q6ULR7,0.034
B3KSM0,0.034
Q5S4N2,0.034
C9JJ64,0.034
Q4W5E8,0.034
F8VXL8,0.034
A0A0G2JRN4,0.034
A0A7I2YQM8,0.034
F8WBR7,0.034
C9JQF1,0.034
Q5RLN0,0.034
I3L2P5,0.034
B4DLM5,0.034
V5N4G2,0.034
A0A0U1RRJ9,0.034
Q9Y355,0.034
A0A090N7V5,0.034
B2R8K5,0.034
H7C4F4,0.034
C9JGS4,0.034
Q59EN2,0.034
Q8NFI9,0.034
B7ZAL1,0.034
A0A140VJI5,0.034
E5RJ77,0.034
Q7Z462,0.034
A0A4D6DDG8,0.034
E9PLZ7,0.034
Q16552,0.034
P13640,0.034
Q969L2,0.034
Q07812,0.034
D6RDX3,0.034
B2RNT0,0.034
E7EX84,0.034
G3V3Q2,0.034
B1AXG2,0.034
A0A5C2GQX5,0.034
A0A2R8Y696,0.034
C9J269,0.034
O95896,0.034
E9PP54,0.034
V9GZ59,0.034
C9JKC2,0.034
H7C1J3,0.034
H0YC68,0.034
A0A346RP38,0.034
Q16878,0.034
C9JS02,0.034
B4DPX6,0.034
A0A5C2GAR2,0.034
A0A804HIN2,0.034
J3QLT0,0.034
C9K011,0.034
E5RFK0,0.034
A0A6B9NYH9,0.034
N0E466,0.033
Q5T4T1,0.033
Q96F85,0.033
A0A5C2GQJ3,0.033
F8WD25,0.033
A0A0C4DG34,0.033
Q8NEW3,0.033
Q6GMT5,0.033
Q96K88,0.033
V9GYL8,0.033
Q8N9N1,0.033
F8W7F3,0.033
B1AK43,0.033
O00175,0.033
Q9NZH8,0.033
E9PQ51,0.033
Q5ZEZ5,0.033
P05090,0.033
Q49AL4,0.033
Q99445,0.033
H0YIL4,0.033
Q59GH6,0.033
B1AQT3,0.033
O14880,0.033
Q5DT21,0.033
E9PS29,0.033
A0A0C4DFQ9,0.033
Q6P1L8,0.033
Q86V67,0.033
A0A0B4U845,0.033
J3KS36,0.033
A0A087X2F7,0.033
Q53GP2,0.033
Q5ULA3,0.033
F5H1M6,0.033
A0A0U1RQL4,0.033
M0QZ01,0.033
B4DL90,0.033
F5H5M8,0.033
E9PF06,0.033
Q6LAF7,0.033
K7EIZ9,0.033
C9JD41,0.033
B4DFL3,0.033
A0A1B0GUE4,0.033
J3KSJ9,0.033
C9J2W6,0.033
B3KRB1,0.033
E9PL41,0.033
A0A481ZHW6,0.033
C9JCK5,0.033
K7EPH5,0.033
G9G138,0.033
F8WC14,0.033
M0QYC8,0.033
P62877,0.033
M0QZI0,0.033
V9GZ04,0.033
A0A5F9ZHY3,0.033
A6YQZ0,0.033
H7C2B0,0.033
Q9NRC3,0.033
B4DKJ9,0.033
A0A0C5K8I6,0.033
A8MU21,0.033
D6RF70,0.033
H3BUB4,0.033
P10265,0.033
A0A087WZC1,0.033
H3BPE3,0.033
Q9P0J6,0.033
F8WA85,0.033
F5GXG6,0.033
Q6IPR1,0.033
Q5ST52,0.033
E9PNV3,0.033
C9JVX2,0.033
A0A5C2GE80,0.033
K7ESG6,0.033
A0A7S5C5E0,0.033
B0QYR1,0.033
Q9Y3C8,0.033
F8WCL2,0.033
E9PJN6,0.033
F8WCF6,0.033
K7EKT3,0.033
A0A5C2GDF5,0.033
J3QRC3,0.033
B8ZZE3,0.033
O14602,0.033
Q5JVC0,0.033
F8WEH5,0.033
B4DFZ9,0.033
Q9BSK0,0.033
E9PMX6,0.033
A0A5C2GF32,0.033
Q6LAF8,0.033
A0A1B1H4K9,0.033
F8WB11,0.033
Q6LCK9,0.033
Q8WZ12,0.033
B4E1L2,0.033
Q75N12,0.033
A2NUW5,0.033
P20155,0.033
A6NEY8,0.033
F8W030,0.033
Q8NES8,0.033
B4DVS9,0.033
A0A5C2G9R6,0.033
Q5T244,0.033
Q8N797,0.033
C9JZ19,0.033
A0A7T0LNK2,0.033
B4E1W2,0.033
A0A087WVZ0,0.033
H0Y9N6,0.033
A0A3G6VDY0,0.033
Q8N6L1,0.033
P55273,0.033
C9J670,0.033
Q5T017,0.033
K7EJ68,0.033
Q96P89,0.033
G3V3Y2,0.033
H0YCN7,0.033
Q6P2I0,0.033
K7EJH4,0.033
Q542Y6,0.033
H7C1V2,0.033
G3V5K5,0.033
Q5XJ19,0.033
A0A087X1R7,0.033
C9J6S4,0.033
D6RGF8,0.033
A0A7S5C4E3,0.033
A4ZPI5,0.033
C9JFF4,0.033
C9J6K1,0.033
Q5JSZ6,0.033
Q96AH8,0.033
S6FW08,0.033
O14857,0.033
B2R4D5,0.033
C9J6B2,0.033
H0YGH0,0.033
Q9H2E0,0.033
B4DGH8,0.033
E5RFV7,0.033
K7EQ87,0.033
F8VY02,0.033
C9IZG3,0.033
Q36750,0.033
J3KRH4,0.033
Q96P37,0.033
Q9UM13,0.032
A2AAZ5,0.032
F5H716,0.032
A0A5C2G8F9,0.032
Q53QT6,0.032
H0YJS8,0.032
E9PKR8,0.032
Q969W0,0.032
B3KT29,0.032
Q9UFA5,0.032
Q86UI9,0.032
P47224,0.032
H0Y950,0.032
H0YKE8,0.032
H0YFM4,0.032
H0YGZ5,0.032
C9J9D7,0.032
Q9H4G4,0.032
E9PP66,0.032
D6RF97,0.032
P42830,0.032
Q8IZI5,0.032
H3BPN7,0.032
F6S289,0.032
B3KNQ1,0.032
E9PK20,0.032
H0YJ19,0.032
A0A5C2GBK4,0.032
C9J477,0.032
F5H2F3,0.032
D6RCB3,0.032
F8VVF2,0.032
A0A087WYD5,0.032
Q9HB73,0.032
A2VCL8,0.032
C9JBQ9,0.032
E7EVL5,0.032
B4DIZ2,0.032
E9PPI5,0.032
B4E3Q8,0.032
A0A5C2GHL3,0.032
B4DSC0,0.032
C9JMA6,0.032
Q96DZ8,0.032
A0A087X021,0.032
B7Z3L0,0.032
Q6PJE2,0.032
Q96RP4,0.032
B0QYN7,0.032
E1B4S5,0.032
A0A5C2GI82,0.032
A0A5C2GAL3,0.032
A0A5C2GAE1,0.032
A0A6I8PS46,0.032
A0A0D9SG14,0.032
F8WFA5,0.032
C9JDN6,0.032
F8WCI6,0.032
E9PNF5,0.032
A0A5C2GFD6,0.032
M0R1N9,0.032
Q69YQ6,0.032
E5RIB2,0.032
Q9BX93,0.032
E5RIP7,0.032
B0QY09,0.032
B4DM12,0.032
B7Z2E1,0.032
D3VVE7,0.032
H3BPW8,0.032
B4DFG6,0.032
K7EQP3,0.032
Q75MS9,0.032
Q9NPA9,0.032
A0A5C2G5Q0,0.032
H7C285,0.032
A0A087WYU2,0.032
B7Z1J9,0.032
K7EPY6,0.032
H7C0V8,0.032
B7Z6A1,0.032
H7C0P7,0.032
Q8TAF1,0.032
A0A0U1RRB5,0.032
O15310,0.032
C9JUM8,0.032
A0A076G425,0.032
A0A3B3IT16,0.032
Q53QM9,0.032
A0A2R8Y6N4,0.032
I3L304,0.032
C9JLT7,0.032
E9PRA3,0.032
C9IZR8,0.032
E5RIU6,0.032
F8WDL7,0.032
B7Z725,0.032
A0A2R8Y7B5,0.032
Q9HDD0,0.032
Q6ZRZ7,0.032
E9PLW6,0.032
B4E3Q7,0.032
F8VUG8,0.032
G3V1C5,0.032
Q9BXV5,0.032
A0A7S5BZ08,0.032
A0A087X089,0.032
P61923,0.032
F8WCM1,0.032
D6RF65,0.032
K7ES80,0.032
E5RHC1,0.032
E5RK75,0.032
H3BP66,0.032
P0C5Y9,0.032
C9J430,0.032
Q68E11,0.032
D6RF49,0.032
A8KAJ2,0.032
A0A7S5BZ02,0.032
I3L2Z7,0.032
H0YL74,0.032
L0L6D8,0.032
A6NLJ7,0.032
C9JTD2,0.032
A0A140C6K7,0.032
I3L2H5,0.032
A0A5C2GDE9,0.032
A0A5C2G7D2,0.032
B4E119,0.032
Q59FV7,0.032
K7EKB6,0.032
H7C0S6,0.032
A4FU79,0.032
Q59G77,0.032
A0A140VK85,0.032
F8W7T0,0.032
M0R0L1,0.032
H3BR41,0.032
F8VSB2,0.032
D6RED6,0.032
A0A5C2G9D0,0.032
H3BRX7,0.032
J3QQL9,0.031
Q0KH85,0.031
Q9HDB3,0.031
H0YFM6,0.031
P30049,0.031
A0A5C2GRI0,0.031
H0YHL6,0.031
Q68DD5,0.031
Q86UI8,0.031
D6RHW6,0.031
O95576,0.031
H3BN56,0.031
Q05BV8,0.031
C9JRD9,0.031
B4DVF8,0.031
A0A3B3ITT6,0.031
Q7Z321,0.031
B4DPM6,0.031
A6QRH7,0.031
Q12988,0.031
J3QT58,0.031
C9K031,0.031
A2A2M9,0.031
Q75LT0,0.031
B1AJY7,0.031
A0A2U7NZY9,0.031
Q13582,0.031
A0A5C2GPQ6,0.031
F8T7W5,0.031
O75978,0.031
A2A3D9,0.031
E5RIW0,0.031
M0R2S1,0.031
I3L2M5,0.031
E9PKV2,0.031
Q9UMX6,0.031
H7C514,0.031
A0A7I2V5Y1,0.031
Q5MIL4,0.031
Q2F839,0.031
B4DHS8,0.031
I3L362,0.031
A0A7S5C376,0.031
F8WBY6,0.031
E5RFJ6,0.031
K7ESA3,0.031
H3BTY5,0.031
D6R908,0.031
X5D7S4,0.031
R9UQ62,0.031
A0A494C1P2,0.031
A0A5C2GRZ9,0.031
J3QR88,0.031
H0YNP3,0.031
Q4VXN1,0.031
Q6KEC3,0.031
A0A286YF56,0.031
A0A096LPA2,0.031
B4DEY5,0.031
C9J1C1,0.031
J3QLE1,0.031
H7C605,0.031
Q6IAG3,0.031
H0YJ77,0.031
A0A5C2GF51,0.031
H7C1Y9,0.031
Q14272,0.031
K7EKV2,0.031
A4D194,0.031
K7PML8,0.031
G3V2J8,0.031
G3V4K0,0.031
D6RCC5,0.031
F8WAM2,0.031
A0A7I2V5L2,0.031
C9J036,0.031
Q9UII6,0.031
A2A3U5,0.031
E9PRS3,0.031
C9JW37,0.031
C9JND4,0.031
A0N9R7,0.031
Q6ZTZ2,0.031
H7BZE9,0.031
B4DL87,0.031
Q63HN5,0.031
A7E2S2,0.031
A0A7U3JYT6,0.031
Q6B8I1,0.031
E9PDR1,0.031
C9JQN7,0.031
A0A286YES8,0.031
C9JM55,0.031
P10109,0.031
C9IZK7,0.031
C3VMY8,0.031
C9J6C5,0.031
P24522,0.031
Q53SG8,0.031
H3BQE9,0.031
H0YEI6,0.031
F8VWU0,0.031
Q9Y2Y1,0.031
F8VS11,0.031
Q9P0E5,0.031
A0A0B4J259,0.031
A0A5C2GJV1,0.031
F5H1X3,0.031
Q5T276,0.031
Q9UM79,0.031
Q8TAK7,0.031
K7EKZ3,0.031
B4DGF7,0.031
Q14DL6,0.031
D6RFG6,0.031
A0A5C2GG64,0.031
H0Y854,0.031
E9PJ53,0.031
X6RL26,0.031
P00441,0.031
A8MXK1,0.031
H7C3I3,0.031
E9PQZ6,0.031
E3W983,0.031
Q8N5M4,0.031
A0A7S5BZE3,0.031
I3L1M4,0.031
H3BQA9,0.031
C9JNL5,0.031
C9JVA8,0.031
O75438,0.031
A0A7I2R5A4,0.031
E9PRK0,0.031
Q8TD58,0.031
K7EP38,0.031
C9JAF7,0.031
Q96RV5,0.031
F1JTL6,0.031
B4DVD1,0.031
C9JNP9,0.031
D6RC14,0.031
A0A3T0CIT9,0.031
Q86UJ1,0.031
A0A494C0F4,0.031
D6RGD2,0.031
A0A0U1RQP8,0.031
B4E1R1,0.031
Q8NEJ0,0.031
V9GZ76,0.031
A0A0C5GCB1,0.031
A0A804HKW6,0.031
F8W8Y1,0.031
E9PKB5,0.031
H3BTB0,0.031
Q15448,0.031
Q9UFT5,0.031
Q6ZV93,0.031
J3QRP0,0.031
D8MIV0,0.031
B4E045,0.031
C9JCS5,0.031
G3V4B2,0.031
K7EK09,0.031
B4DDW1,0.03
D6RCE0,0.03
Q8WYE2,0.03
A0A142CG40,0.03
F5GXE1,0.03
M0R050,0.03
D6RAU1,0.03
K7EKF0,0.03
D6RFG5,0.03
Q6F4B7,0.03
Q58G82,0.03
H0YL20,0.03
K7EQA0,0.03
Q502X2,0.03
E5RK37,0.03
M0R315,0.03
B6HY75,0.03
H0YIA0,0.03
I3L3R7,0.03
O43923,0.03
A0A1U9X7Y6,0.03
K7EPI3,0.03
P11441,0.03
Q86Y78,0.03
Q13969,0.03
F8WCD2,0.03
H7BYQ0,0.03
H0YF68,0.03
A0A087X1L6,0.03
C9JQU8,0.03
K7ER69,0.03
K7EPM1,0.03
H3BRQ0,0.03
Q9H293,0.03
C9IZF6,0.03
B7Z306,0.03
E3P8H6,0.03
I3L192,0.03
Q5T6V7,0.03
A0A7P0Z4L9,0.03
B4DS59,0.03
A0A5C2GAX7,0.03
B7Z322,0.03
Q9UMX5,0.03
A0A5C2GH44,0.03
Q4G146,0.03
C9JJM2,0.03
D6RBL6,0.03
B3KWQ1,0.03
Q3YLD6,0.03
Q9H8F6,0.03
A4D2J0,0.03
C9J3M5,0.03
Q6P1N7,0.03
M0R2T2,0.03
A0A494C013,0.03
E9PJA1,0.03
M4IS22,0.03
A0A5C2GB56,0.03
Q64GA8,0.03
Q16868,0.03
A2NZL2,0.03
Q003V6,0.03
C9J6Q2,0.03
A0A7I2V5S3,0.03
A0A0C4DFU4,0.03
J3QRW1,0.03
K7ES73,0.03
B4DH46,0.03
B4DSR4,0.03
S4R3F4,0.03
A0A2R8YCY8,0.03
J3QLJ7,0.03
G3V427,0.03
I3L0Y8,0.03
Q9NNX2,0.03
E5RH86,0.03
M0R2K5,0.03
A0A5C2GBV7,0.03
Q9H398,0.03
Q5STX8,0.03
Q5TDE9,0.03
K7EIL0,0.03
C8CHJ5,0.03
C9JYV0,0.03
C9JDS9,0.03
Q9UI87,0.03
A8MXR1,0.03
Q86YS9,0.03
E9PIZ5,0.03
U3KQ07,0.03
A0A2R8Y5J9,0.03
A0A810V1V9,0.03
Q5QP02,0.03
G5E9A2,0.03
K7EP88,0.03
A0A346RP37,0.03
A0A089VIW4,0.03
Q07020,0.03
D6RCC4,0.03
Q5JTF2,0.03
F6R6M7,0.03
Q86TQ3,0.03
A8K0F7,0.03
Q8NE89,0.03
P78328,0.03
Q30219,0.03
A0A140T9X9,0.03
Q13789,0.03
A0A5C2GDM5,0.03
A0A1W2PQ78,0.03
A0A7S5C1R1,0.03
A0A5C2GE85,0.03
D6RJH3,0.03
Q96E93,0.03
F8W0I7,0.03
A0A0U1RQX4,0.03
A0A7I2YQA4,0.03
B3VRH0,0.03
B6DU68,0.03
I7CAJ8,0.03
S6BQ40,0.03
A0A0D9SFF9,0.03
I3L2R5,0.03
E5RK48,0.03
A0A6Q8PGQ6,0.03
D9MND0,0.03
A0A0B4J1T7,0.03
B4DZ46,0.03
B7ZMD3,0.03
U3KQA2,0.03
Q53RL0,0.03
A0A0U5L7G5,0.03
Q96HQ2,0.03
J3KSC1,0.03
Q4VB95,0.03
A0A2R8Y7X9,0.03
X6RH27,0.03
D6RGC3,0.03
C9J6N3,0.03
B4DM09,0.03
F8WEL2,0.03
P62314,0.03
A0A2R8YFL7,0.03
Q75MP5,0.03
D6R9P1,0.03
Q5QFB7,0.03
A0A2R8YEG2,0.03
A2RRQ1,0.03
B2RD05,0.03
B4DGH6,0.03
A0A5F9ZGZ7,0.03
A0A590UJZ0,0.029
E9PIC1,0.029
A0A5C2G550,0.029
A0A3B3IRW1,0.029
F5H381,0.029
E9PNH9,0.029
Q8N5Q4,0.029
Q96A32,0.029
B4DFC0,0.029
A5YAK8,0.029
A6PVI0,0.029
L8ECD5,0.029
Q7Z5A7,0.029
A0A5C2GRK4,0.029
A0A7P0TAS7,0.029
A0A384MDL3,0.029
A0A0U1RRI0,0.029
A0A5C2GKV2,0.029
C9JIP7,0.029
Q9NP04,0.029
H3BSS8,0.029
A6NIW5,0.029
Q16713,0.029
A0A2R8Y7J6,0.029
J3QLE5,0.029
C9J0W1,0.029
H0YMI8,0.029
H3BQW6,0.029
Q13404,0.029
Q5THT1,0.029
Q05DH6,0.029
A0A804HI16,0.029
A0A0D9SES4,0.029
Q9BZ79,0.029
E7EQW5,0.029
F5H018,0.029
A0A0G2JRS5,0.029
Q49A97,0.029
A0A7R6RQ50,0.029
K7EM03,0.029
M0QZ57,0.029
F8WFD8,0.029
H0Y9K4,0.029
O14882,0.029
Q8WYE7,0.029
C9K0L6,0.029
A0A0H3W5K0,0.029
B4DTK0,0.029
A0A2P1H0L1,0.029
A0A7P0TAU0,0.029
C9J3J1,0.029
A0A0E3MS57,0.029
C9J232,0.029
A0A5C2G6V5,0.029
H7C4B5,0.029
J3KTN2,0.029
H3BQB2,0.029
X5DQX2,0.029
H0YBR4,0.029
A0A1K0FU50,0.029
B4DP84,0.029
B8YCP3,0.029
H3BUS9,0.029
H0Y8C2,0.029
A0A0C4ZPA0,0.029
H3BN35,0.029
H0Y8U0,0.029
J3QRR0,0.029
A0A6B9SM32,0.029
A0A3G9CLN8,0.029
A0A0S2Z4Q8,0.029
A0A0C4DFX0,0.029
J3QT43,0.029
Q8NC35,0.029
A0N7I9,0.029
G3V267,0.029
O43745,0.029
D6RA01,0.029
Q96I23,0.029
A0A5C2G922,0.029
R4GN11,0.029
A0A087X091,0.029
O15239,0.029
A0A0G2JRM9,0.029
A0A0S2Z5L4,0.029
A0A5C2GMF4,0.029
B3KP07,0.029
K7EQ46,0.029
F6MG31,0.029
B5MCI6,0.029
C9JCF5,0.029
K7EPQ4,0.029
H0YNR6,0.029
H0Y8U4,0.029
A0A804HJZ7,0.029
Q6XKX7,0.029
B4DUG4,0.029
E5RG77,0.029
K7EQS1,0.029
Q8WZA0,0.029
Q5T7I8,0.029
Q30KP9,0.029
Q8N6S3,0.029
F5GYS9,0.029
H3BSF2,0.029
P57771,0.029
E9PIN4,0.029
Q6QAJ8,0.029
I3L1Z3,0.029
A0A1W2PQU2,0.029
C9J905,0.029
F5H053,0.029
A6PVJ6,0.029
A0A7S5EV95,0.029
F8WEM2,0.029
G3V2K2,0.029
H0Y7W5,0.029
I3L462,0.029
A0A6Q8PGD0,0.029
C9JI87,0.029
A0A7R8C389,0.029
J3QR00,0.029
H0Y8Q7,0.029
A0A087WUG3,0.029
G3V380,0.029
Q3SYF1,0.029
Q5VYY1,0.029
B4DRE3,0.029
C9JPU9,0.029
A0A7T0PXH4,0.029
F5GX86,0.029
A0A1W2PPE7,0.029
E9PLC7,0.029
B9TX23,0.029
C9IYN9,0.029
B4DX10,0.029
Q9UMU1,0.029
Q8NBG6,0.029
B4DV45,0.029
D6RF16,0.029
A2ID95,0.029
P13987,0.029
G0XYE8,0.029
B4DK74,0.029
H0YLA0,0.029
G3V3C0,0.029
A0A7S5BY87,0.029
H0YEW9,0.029
I3L4V7,0.029
Q01449,0.029
A0A2R8Y7W1,0.029
C9JWY7,0.029
V9GYX8,0.029
H7BZ23,0.029
Q09LL6,0.029
E7EMH2,0.029
A0A7S5EWT9,0.029
A0A3G5AJB3,0.029
B7Z8J1,0.029
Q6F4B6,0.028
C9J4C4,0.028
F8VZ36,0.028
P36639,0.028
A8K517,0.028
A0A5C2G8C0,0.028
A0A087WYT5,0.028
C9JKU2,0.028
K7EMF5,0.028
A0A0A0MRV4,0.028
B7ZKW3,0.028
O43695,0.028
Q9Y6A4,0.028
A0A1Y0ZSQ6,0.028
A1L0W4,0.028
H0YDJ0,0.028
Q9HAM9,0.028
A0A5C2GAX5,0.028
C9J4N6,0.028
B5TY33,0.028
Q9BWJ5,0.028
Q5ZGK0,0.028
G8Z8Y8,0.028
D6RE02,0.028
J3KTH8,0.028
D6R9C1,0.028
P0C7L1,0.028
B4E018,0.028
Q53SY0,0.028
J9JIF6,0.028
Q5JNZ5,0.028
Q4ZG54,0.028
Q53ST0,0.028
Q5SZ64,0.028
X6RE72,0.028
B4DDD4,0.028
Q6ZYK7,0.028
F8WD59,0.028
H0YNM9,0.028
K7ERW6,0.028
J3QS70,0.028
A0A087WU27,0.028
Q96PD4,0.028
Q9HAM3,0.028
K7ESF3,0.028
M0R289,0.028
U3KPY9,0.028
M0QYW0,0.028
F5H364,0.028
B4DTC7,0.028
B4E1C8,0.028
B4E1K4,0.028
B3KVX7,0.028
A0PJX0,0.028
V9HVZ1,0.028
D6RHY1,0.028
P37108,0.028
D6RE82,0.028
E9PJI4,0.028
A2ID99,0.028
Q9Y246,0.028
F5H6X5,0.028
E5RHF9,0.028
Q5W0J0,0.028
J3QKM8,0.028
B7Z274,0.028
G4XL73,0.028
E9PFV5,0.028
A0A5C2G7Z9,0.028
A0A1W2PRT2,0.028
C9JJW1,0.028
C9J313,0.028
Q53GA4,0.028
H3BQH6,0.028
B4E3H0,0.028
E5RGU1,0.028
E5RJ35,0.028
M0R132,0.028
F2Z2E3,0.028
A0A1W2PPE1,0.028
A0A7S5EU24,0.028
I3L2M1,0.028
H3BPZ9,0.028
F8W1T9,0.028
Q8N4H5,0.028
A0A1W2PRW9,0.028
F1LLU5,0.028
I3L3C4,0.028
A0A7S5EYM7,0.028
A0A0S2Z4M0,0.028
F8WCF2,0.028
Q57YV6,0.028
Q5TA02,0.028
V9GYJ2,0.028
Q71UV7,0.028
A2VCR0,0.028
F8W9N7,0.028
B3KUX1,0.028
K7EK30,0.028
M0QZG6,0.028
A0A024R3B8,0.028
A0A7I2V3S7,0.028
E5RJU3,0.028
A0A3S6H8W3,0.028
J3QSZ2,0.028
U5YC57,0.028
B4DY53,0.028
Q9HC43,0.028
Q5T098,0.028
A0A384MR21,0.028
A0A087WVA3,0.028
E9PPX4,0.028
Q9HD89,0.028
G3V5V4,0.028
J3KRS8,0.028
A0FJ18,0.028
B4DJ92,0.028
K7ELZ7,0.028
C9JZ63,0.028
D6RBU3,0.028
Q9BU79,0.028
E5RIJ4,0.028
Q71N00,0.028
C9JZW7,0.028
A0A0U1RR89,0.028
C9J5D1,0.028
Q99533,0.028
B9TX66,0.028
A0A7P0TBB6,0.028
B5BUQ8,0.028
C9JT74,0.028
A0A5C2GB12,0.028
A0N2Q4,0.028
A0A7I2V4C2,0.028
A0A0S2Z5S9,0.028
C9JDF0,0.028
H0YAA1,0.028
B4DRY8,0.028
H0YN00,0.028
D6RC18,0.028
A0A5C2GEI0,0.028
C9J3F7,0.028
C9J7V6,0.028
K7ELB8,0.028
M0R0F0,0.028
A0A2Z6I6G4,0.028
C9JQS6,0.028
F8WEI0,0.028
H0YG41,0.028
M0R1B0,0.028
A0A0U1RQX5,0.028
B2R506,0.028
F8WCI9,0.028
F8WCQ3,0.028
A0A0S2Z3F1,0.028
Q53HE6,0.028
F5H3Z4,0.028
Q3KRA6,0.028
A0A218N881,0.028
A0A292G9B9,0.028
A0A0S2Z590,0.028
A0A5C2GAR7,0.028
I3L0X8,0.028
D6R9A9,0.028
B4DMG9,0.028
Q7L1H2,0.028
D6RG12,0.028
A0A6Q8PH72,0.028
A0A6Q8JGY2,0.028
A2NYV0,0.028
A0A1B0GTE2,0.028
H0Y3I2,0.028
Q7Z6V2,0.028
H0Y9F3,0.028
Q3B7C0,0.028
A0A494BZW4,0.028
B3VRR0,0.028
E9PL11,0.028
H3BRR3,0.028
Q9HA33,0.028
D3GDV5,0.028
A0A384NL93,0.028
A0A5C2GB29,0.027
B4DKV8,0.027
Q9BVT6,0.027
A0A193AUC0,0.027
Q4JM47,0.027
Q15382,0.027
B4DUN4,0.027
H3BSC1,0.027
Q3C1U7,0.027
B4E0V6,0.027
K7ESP1,0.027
K7ELF8,0.027
B1ANH6,0.027
Q30KQ6,0.027
K7EPE5,0.027
B7ZKQ7,0.027
C9J4K7,0.027
A0A0S2Z4A9,0.027
Q06AK0,0.027
D6RIC6,0.027
A0A346REB3,0.027
M0R1S3,0.027
D6RGX5,0.027
A6XMH3,0.027
M0QXI6,0.027
Q8NI83,0.027
J9Z661,0.027
A0A0D9SG57,0.027
U3KQ41,0.027
D6RID6,0.027
Q6JVE5,0.027
Q19UK5,0.027
Q53S85,0.027
P50583,0.027
A0A087WU25,0.027
O00483,0.027
F8W1F4,0.027
D6RA00,0.027
G3V4G3,0.027
Q6TV16,0.027
A0A0U1RRG3,0.027
Q9BS22,0.027
B5MCS3,0.027
R4GMY3,0.027
C9IZ93,0.027
H0YMA6,0.027
O43927,0.027
B1AP52,0.027
Q7Z780,0.027
B5A228,0.027
Q8TBL5,0.027
Q13682,0.027
Q9BYK1,0.027
R4GMZ2,0.027
E7EPN0,0.027
D6RA14,0.027
A0A087WW41,0.027
Q30KQ9,0.027
O95740,0.027
H7C1J0,0.027
H7C381,0.027
F5H6C3,0.027
Q9UG55,0.027
Q53QP3,0.027
I3L1D0,0.027
M0R0D2,0.027
B3KW63,0.027
Q5TG78,0.027
B7Z8K0,0.027
A4D1R6,0.027
B4DIP8,0.027
A8K4V6,0.027
P82912,0.027
H7BZN1,0.027
P04155,0.027
M0R1L2,0.027
A0A7I2V5G5,0.027
A0A7M1IM08,0.027
A0A0B4J2G5,0.027
F8RBE1,0.027
E5RG03,0.027
C9JZ02,0.027
B4E001,0.027
A0A3B3IS09,0.027
A0A5C2G8Z8,0.027
C9JM00,0.027
Q8TD50,0.027
A0A087WZ36,0.027
I3L3X7,0.027
H0YMQ8,0.027
Q5T4X2,0.027
Q8TCC3,0.027
I3L495,0.027
Q9H3T0,0.027
X6R9S5,0.027
E5RH12,0.027
E9PIW5,0.027
F5H9F7,0.027
Q8N690,0.027
W4VSQ8,0.027
Q05315,0.027
B4DNF3,0.027
E9PIQ8,0.027
B4DHX7,0.027
H7C0A6,0.027
F8WEE0,0.027
C9JV48,0.027
O15263,0.027
Q6NSD7,0.027
H0Y9Z0,0.027
A0A2R8Y4N4,0.027
B9TX64,0.027
K7ERW3,0.027
A0A0D9SFX6,0.027
E9PSC7,0.027
E2I6F6,0.027
O14847,0.027
H7C335,0.027
A0A3B3IS37,0.027
Q76N74,0.027
C8CHJ6,0.027
M0R2J6,0.027
B4E3S3,0.027
B4E149,0.027
C9J2B5,0.027
M0R359,0.027
A3EY20,0.027
K7EII8,0.027
Q5T1B3,0.027
A0A0S2Z3V0,0.027
F8VYL1,0.027
J3KNB4,0.027
A8QID0,0.027
E9PRR2,0.027
O75596,0.027
Q5EE01,0.027
Q3ZCR4,0.027
J3QRN5,0.027
B0YJ96,0.027
Q6X959,0.027
A0A3G2WJ85,0.027
F8VY51,0.027
Q9NWW6,0.027
E9PPU1,0.027
C9JWI3,0.027
A0A2R8Y454,0.027
A8K8X9,0.027
M0R3E6,0.027
I3L4T8,0.027
Q9NTB4,0.027
Q12847,0.027
A0A346FY29,0.027
G3V4D9,0.027
Q9NWQ9,0.027
H0YA36,0.027
A0A6Q8PHL2,0.027
H7C143,0.027
A0A6Q8PH36,0.027
A8KAH6,0.027
C9J323,0.027
B4DYM9,0.027
F5H092,0.027
H0YMX4,0.027
Q969S6,0.027
Q9NX22,0.027
M0QX79,0.027
D6RDJ1,0.027
P67812,0.027
Q3KNT9,0.027
F8VXQ9,0.027
Q9HBM7,0.027
D6RAQ9,0.027
Q8N9N8,0.027
B3KSS5,0.027
B0QYH2,0.027
H0YLX6,0.027
A5PLN2,0.026
Q4W5L9,0.026
G3V2X6,0.026
A0A1B0GTD7,0.026
Q15505,0.026
A0A0C4DGE2,0.026
B3KT45,0.026
K7EIL4,0.026
H7C3P0,0.026
A8KAC3,0.026
X6RGF2,0.026
M0R0D4,0.026
Q9NUV1,0.026
J3QS83,0.026
G3V4L3,0.026
D6RHV3,0.026
Q6ZW83,0.026
Q68DP7,0.026
A0A075B7C0,0.026
Q4U3K8,0.026
H7C0C0,0.026
H0YB41,0.026
C9K0R4,0.026
A0A087WXP0,0.026
A0A2R8Y4M1,0.026
F8VWQ5,0.026
B4DWM3,0.026
A0A7R6RQ45,0.026
Q5T8Z4,0.026
A0A5A4LHZ7,0.026
D6RAI4,0.026
I3L382,0.026
P62318,0.026
Q59G87,0.026
A0A3G2M2G2,0.026
C9JQQ5,0.026
A0A8B0SY07,0.026
Q68D26,0.026
Q3KNT7,0.026
B4DTI1,0.026
A0PJ56,0.026
D6RAV1,0.026
Q9BSE8,0.026
E5RH15,0.026
G3V2N7,0.026
P56381,0.026
Q9H0A8,0.026
F6VDH7,0.026
U3KPR9,0.026
D6RF20,0.026
P05113,0.026
H0YMR8,0.026
Q75MI5,0.026
C9IYH8,0.026
A0A494BZT5,0.026
Q6AW83,0.026
B2R4X4,0.026
C9IZF9,0.026
Q496A9,0.026
M5A8F1,0.026
Q9UQR7,0.026
A0A5C2GIK1,0.026
F8VR05,0.026
O75838,0.026
S4R2Z2,0.026
Q5ULA9,0.026
C7EWH7,0.026
Q71UK3,0.026
C9J7Q9,0.026
A0A140VJS7,0.026
H0YEC9,0.026
K7EPE2,0.026
C9JTX9,0.026
M0QYJ9,0.026
E5RGZ6,0.026
Q9UMV1,0.026
B3KYB7,0.026
E9PL18,0.026
Q8IV91,0.026
B4DQP2,0.026
E7EX18,0.026
H3BN01,0.026
Q9NZ42,0.026
A0A087WV50,0.026
B8ZZZ4,0.026
Q8TCG9,0.026
Q5JU32,0.026
B7Z377,0.026
H3BT16,0.026
A0A7I2V5A9,0.026
K7ESF5,0.026
A0A6M3WJI3,0.026
B7ZBL5,0.026
A0A1W2PQH4,0.026
H0YE19,0.026
Q5TBW1,0.026
A7YQ73,0.026
D6R8Y9,0.026
A8MZG1,0.026
I3L2Q8,0.026
F8WE84,0.026
Q9NYN7,0.026
H3BPE8,0.026
E7ETB7,0.026
F8VR29,0.026
Q9BRH2,0.026
A0A0J9YX19,0.026
K7ESE7,0.026
B7ZBJ4,0.026
Q54AJ0,0.026
Q9NPI2,0.026
K7EM37,0.026
Q5JR95,0.026
A0A0B4J256,0.026
E5RGR7,0.026
I3WA68,0.026
O95968,0.026
I3L378,0.026
C9J014,0.026
B3KT37,0.026
A0A0S2Z5Y5,0.026
Q2PJC1,0.026
Q6AHZ8,0.026
B3KNE0,0.026
A0A8A0WQ04,0.026
D6REK5,0.026
K7EN30,0.026
F8W0A3,0.026
D6RHY8,0.026
A0A3Q8TNJ6,0.026
B4DNZ4,0.026
F8VXK1,0.026
O43665,0.026
A0A087WXF7,0.026
H7C0E6,0.026
Q8N2Q6,0.026
B4DX69,0.026
Q5VXD3,0.026
A0A1Y5U1D4,0.026
A0A0G3FCF2,0.026
E5RG32,0.026
F8WAZ5,0.026
Q5U5X0,0.026
A0A5C2GA66,0.026
C9J6X7,0.026
Q8IVI3,0.026
B8ZZ75,0.026
F5GXQ5,0.026
B4DJC7,0.026
K7ES69,0.026
B4E138,0.026
D6RA76,0.026
M0R278,0.026
U6BZC6,0.026
G3V5S6,0.026
I3L4Z3,0.026
H7BXF7,0.026
B3KP51,0.026
F8WCG6,0.026
C9JVV5,0.026
B4DQD5,0.026
O95257,0.026
F8WEY7,0.026
Q96H35,0.026
E9PE09,0.026
E9PIZ6,0.025
F8W8B0,0.025
E7EUS6,0.025
Q5TGZ0,0.025
U3KQK8,0.025
Q4FZ45,0.025
A8K1A2,0.025
A0A6Q8PGL6,0.025
J3QLK4,0.025
H3BRE4,0.025
D9N2T7,0.025
F8VTU0,0.025
A4D1Z8,0.025
H0Y486,0.025
H3BVC3,0.025
H0Y934,0.025
F8WAG2,0.025
M0R1Y1,0.025
F5H5N6,0.025
A0A5C2GKE3,0.025
B4DVL3,0.025
A0A0G2JS40,0.025
Q6LBF4,0.025
E9PDN7,0.025
H3BPE4,0.025
Q6UWF9,0.025
G3V2H0,0.025
Q09LL4,0.025
K7ELB6,0.025
A0A3B0IT57,0.025
B7ZBJ5,0.025
C9J256,0.025
A6NJX0,0.025
J3KSY6,0.025
Q49AH0,0.025
H7C0Y7,0.025
H0YDM5,0.025
A6NNI4,0.025
A0A7I2V4W3,0.025
H0YC12,0.025
D6RC56,0.025
A0A087X2G9,0.025
Q8N2W2,0.025
B7Z3M3,0.025
Q5JSS2,0.025
B0QYP8,0.025
Q76EY9,0.025
Q9UN47,0.025
K7ELJ4,0.025
F5H8G2,0.025
A0A1B0GVK7,0.025
Q659H0,0.025
Q99735,0.025
Q17RY6,0.025
B2G3Q1,0.025
B4DVQ4,0.025
E5RGZ5,0.025
E5RIJ0,0.025
B3KRM8,0.025
C9JVR6,0.025
A0A5C2GCJ7,0.025
Q5T0R5,0.025
A0A804HIG8,0.025
X6RF05,0.025
K7ERY9,0.025
A0A087WXU5,0.025
Q6UX40,0.025
Q659B4,0.025
C9IYV6,0.025
E9PL74,0.025
Q6LDQ3,0.025
A0A2D2AHB4,0.025
D6RAL9,0.025
B1AMV7,0.025
H0YNQ3,0.025
A0A1W2PP66,0.025
B4E2T3,0.025
H0Y5M0,0.025
H0YKL3,0.025
O43573,0.025
E5RIJ5,0.025
H7C327,0.025
B7Z6S8,0.025
B3KVY3,0.025
D6R967,0.025
Q9BXV3,0.025
K7EPA7,0.025
Q9BRG1,0.025
B4E374,0.025
Q6ZWB1,0.025
C9JMV0,0.025
D2KNA0,0.025
A0A0J9YWR7,0.025
B7Z4W2,0.025
B5MCZ8,0.025
P10720,0.025
C9K0L0,0.025
A0A126LAX3,0.025
E5RHR2,0.025
X6RF82,0.025
A0A804HKS9,0.025
C9J699,0.025
E9PJS3,0.025
G3V2R6,0.025
A0A1B0GU62,0.025
Q5JVM6,0.025
A0A5C2GP41,0.025
G8I0M6,0.025
P22749,0.025
A0A0G2JR44,0.025
C9JUV4,0.025
E9PMD3,0.025
A0A140T9T4,0.025
A0A3B3ITZ7,0.025
D6RJF1,0.025
A0A0J9YXG1,0.025
Q0ZAJ0,0.025
F5H6Q0,0.025
A0A5C2GIW4,0.025
Q53T83,0.025
F8VVA7,0.025
E3W990,0.025
E9PNM7,0.025
E9PQH5,0.025
A0A590UJ97,0.025
F5H3Z5,0.025
D6RJD3,0.025
B4DIX1,0.025
B7Z1U2,0.025
B4DRS0,0.025
Q7KZZ1,0.025
Q502X7,0.025
Q5VZC3,0.025
A2A2Q6,0.025
J3KTA9,0.025
Q9UQV8,0.025
Q5JYE8,0.025
F8TDK6,0.025
E9PM37,0.025
C9J4S4,0.025
D2KC07,0.025
H3BPI9,0.025
P01591,0.025
E5RG13,0.025
Q5VYS9,0.025
B3VRI0,0.025
C9JAU3,0.025
H0Y8E3,0.025
H3BPH2,0.025
A0A0G2JJL7,0.025
P03986,0.025
A0A451F4J3,0.025
H0YJG0,0.025
Q6UY13,0.025
H0YNN1,0.025
Q6P1Q5,0.025
H0YCW3,0.025
C9JF43,0.025
Q5CAJ2,0.025
A0A2R8Y746,0.025
O43169,0.025
A0A6Q8PFD5,0.025
A8MUH3,0.025
F1T0D8,0.025
K7EIP5,0.025
Q9BRT2,0.025
A0A669KB50,0.025
J3QS92,0.025
B4DUL2,0.024
H3BS77,0.024
V9GYM9,0.024
H7BXS6,0.024
P13498,0.024
F5H0R8,0.024
H3BT56,0.024
L8E758,0.024
A0A286S6D8,0.024
F8VRF7,0.024
Q5THA1,0.024
C9JJ78,0.024
F6L6Y5,0.024
O60597,0.024
A0A6Q8PHQ0,0.024
E9PHY2,0.024
B8A598,0.024
A0A2R8YDK5,0.024
K7EMB9,0.024
A0A0G2JNH9,0.024
H7C537,0.024
B4DE37,0.024
A0A090N8G2,0.024
Q75MN1,0.024
Q8IZN7,0.024
E2FZ93,0.024
Q14219,0.024
E9PKF8,0.024
M0QZ15,0.024
C9JMG5,0.024
E7ES28,0.024
K7EPK2,0.024
A0A096LNY4,0.024
A0A0M4UT75,0.024
K7EPT9,0.024
I3L318,0.024
H0YBH5,0.024
E9PNM9,0.024
A0A286RYY1,0.024
I3NI54,0.024
M0R3I4,0.024
H7C5R4,0.024
P05162,0.024
Q9UH97,0.024
P82909,0.024
F8WDE1,0.024
I3L1Z7,0.024
H0YMG1,0.024
A0A2D0ZBS7,0.024
E9PI77,0.024
F8VR88,0.024
Q9Y436,0.024
Q5JVY0,0.024
F5GZK3,0.024
F8WD66,0.024
C9JHQ1,0.024
Q9P0A3,0.024
Q6RB57,0.024
B7Z8C2,0.024
A6NFU8,0.024
Q2QL34,0.024
B7ZB52,0.024
S4R3P5,0.024
J3KSF7,0.024
Q9UDL7,0.024
H0YMC9,0.024
E9PEK3,0.024
A0A0D9SFZ0,0.024
A0A1B0GTL2,0.024
F5H7L7,0.024
U3KQU2,0.024
A0A804HKU9,0.024
Q9UN01,0.024
J3QKZ2,0.024
F8WCY6,0.024
E9PJG1,0.024
Q86VX2,0.024
U3KQ34,0.024
B7Z7H1,0.024
E9PPA5,0.024
B4DNE3,0.024
Q8NET1,0.024
A0A7S5C230,0.024
F5H7H1,0.024
Q16120,0.024
A0A384P5J0,0.024
H3BNA7,0.024
C9JKT3,0.024
Q9UFH6,0.024
A0A6Q8PHG0,0.024
B3KRQ1,0.024
O60542,0.024
H3BSE1,0.024
I3L2Y6,0.024
D6RBN4,0.024
Q9NQ41,0.024
A0A6M4A9L0,0.024
Q08EI0,0.024
Q6ITU8,0.024
D6RDK8,0.024
A8K012,0.024
E9PKY0,0.024
A0PJ44,0.024
F8VRW0,0.024
B4DUY7,0.024
M0R054,0.024
B7Z3E2,0.024
F5H136,0.024
A0A5C2GEN6,0.024
A0A7P0T9H6,0.024
M0R097,0.024
J3QR91,0.024
J3KSX2,0.024
E5RGG1,0.024
E5RFH4,0.024
H0YCD5,0.024
A0A023QRB1,0.024
A2NWD3,0.024
Q49AH5,0.024
B2RDW1,0.024
I3L3M2,0.024
C9JMM9,0.024
C9IYS6,0.024
B4E1Z1,0.024
O43324,0.024
C9J9X1,0.024
A0A5C2GA14,0.024
X1WI34,0.024
Q96D03,0.024
Q53GC9,0.024
E5RIY9,0.024
Q6P3W2,0.024
Q53SF4,0.024
D6RBM2,0.024
D6RDG3,0.024
O60538,0.024
A0A804HJK2,0.024
L8E9I8,0.024
K7EME9,0.024
Q9NUS5,0.024
B7Z668,0.024
B4DNW2,0.024
A0A7P0TBF4,0.024
B3KV57,0.024
E5RJR5,0.024
I3L2T0,0.024
G3V4R7,0.024
Q96BP2,0.024
H0YA62,0.024
Q53G19,0.024
H7CEH5,0.024
Q9Y343,0.024
F8VXK4,0.024
P51970,0.024
J3QKY0,0.024
D6RE09,0.024
K7ENH2,0.024
R4GN82,0.024
A1KWQ5,0.024
F5GY40,0.024
B4DEY2,0.024
E9PRD7,0.024
H0YEV9,0.023
K7EJ11,0.023
A0A384MR27,0.023
A0A804HK66,0.023
K7EII3,0.023
A0A346A6F2,0.023
Q5T981,0.023
P0C841,0.023
D6R9N4,0.023
B7Z6L1,0.023
B4DTT8,0.023
A0A1P8A760,0.023
A0A494C1M8,0.023
E9PNS6,0.023
E5RJ41,0.023
A0A087WTV1,0.023
H3BR02,0.023
H3BSG7,0.023
Q57Z94,0.023
D6REN9,0.023
H1ZZW4,0.023
Q49AN7,0.023
Q7KZ86,0.023
H0YJU0,0.023
Q32W78,0.023
Q8N1A6,0.023
E9PI21,0.023
B4DPY4,0.023
G3V433,0.023
A0A894JZ42,0.023
B4E019,0.023
A0A1B0GUB9,0.023
Q9H772,0.023
H0YH17,0.023
I3L3Y6,0.023
C9JWU8,0.023
B0QYC8,0.023
A0A7I2V331,0.023
M0QYK5,0.023
E9PLU0,0.023
U3KQC2,0.023
K7ER49,0.023
C9JUL2,0.023
C9JUP3,0.023
Q9UMU9,0.023
K7EQK1,0.023
A8K878,0.023
B0QYV8,0.023
B4DEI3,0.023
A0A0A7MBI3,0.023
Q8NBD8,0.023
C9JXB2,0.023
Q13747,0.023
Q3ZCR7,0.023
B4DP27,0.023
F8WF47,0.023
A0A3B3IRR8,0.023
C9JXB0,0.023
Q5JW85,0.023
J3KRC5,0.023
Q9NRX2,0.023
D6RA50,0.023
A0A5C2GRD5,0.023
F8VRX7,0.023
E9PQ62,0.023
H0YB02,0.023
Q9UP76,0.023
A1A5B1,0.023
F2Z3I7,0.023
E9PK87,0.023
K7EQ35,0.023
F8VVW9,0.023
C9J4G9,0.023
H0YEV6,0.023
K7EK42,0.023
A0A6Q8PF92,0.023
B2ZGQ0,0.023
M0R1L7,0.023
Q9NT06,0.023
F8VUJ0,0.023
H0YFP7,0.023
E5RFR9,0.023
E9PLC4,0.023
Q53FT3,0.023
A0A2R8Y4Y8,0.023
C9JV57,0.023
A0A2R8YDY7,0.023
Q7Z582,0.023
D2Y6W7,0.023
A0A494C0K6,0.023
D6RC61,0.023
Q6ZNK6,0.023
Q9UFG7,0.023
Q53SE3,0.023
I3L1C8,0.023
M0R1W1,0.023
E9PJK1,0.023
C9JIX5,0.023
A0A0A0MTF6,0.023
E9PR40,0.023
I3L2R7,0.023
A0A0G2JRS3,0.023
B5BU44,0.023
A2RUU4,0.023
B4DU08,0.023
H0YL06,0.023
G3V3T1,0.023
M0R244,0.023
H3BNL9,0.023
F8WDX2,0.023
G3V4T2,0.023
B4E0G5,0.023
Q9UQN7,0.023
A0A087X1H4,0.023
A0A7P0T891,0.023
R4GNA4,0.023
K7EL48,0.023
F8W6W2,0.023
Q5VYT0,0.023
M0R2Q2,0.023
E9PRI9,0.023
C9J8J5,0.023
B1AL40,0.023
H3BNQ9,0.023
A0A096LNP1,0.023
M0QXM5,0.023
B4DHB5,0.023
L8EAH4,0.023
C9JVM2,0.023
Q9NR77,0.023
B2REA5,0.023
Q5R3E6,0.023
E5RHH5,0.023
B5TZ80,0.023
Q6RA82,0.023
O94784,0.023
O75594,0.023
Q53XY6,0.023
Q49AK0,0.023
A0A0S2Z433,0.023
U3KQI3,0.023
A0A127R638,0.023
A0A0C4DGM0,0.023
K7ENK1,0.023
H7BZU4,0.023
Q9BSG0,0.023
A0A7P0Z4K8,0.023
Q75MQ9,0.023
E9PKL8,0.023
Q5JR49,0.023
A0A2R8Y6N1,0.023
B4DFI2,0.023
A0A024R7E8,0.023
J3KS82,0.023
D6RBS5,0.023
Q13038,0.023
A0A0G2SKE6,0.023
A0A087WXE0,0.023
F5H0G3,0.023
A0A1B0GV69,0.023
C9J0N9,0.023
Q5JRS1,0.023
A2VDI5,0.023
Q53SW9,0.023
H0YEE3,0.023
C9K084,0.023
A0A126LAW4,0.023
J3QT89,0.023
K7EJK2,0.022
H3BRG3,0.022
Q86WQ0,0.022
A0A7I2V4H1,0.022
J3QLH4,0.022
A0A0A7DYA9,0.022
B4E3A5,0.022
C9JWE1,0.022
O14684,0.022
A0A0G2JPP7,0.022
B0FJM0,0.022
E9PSI0,0.022
C9JK61,0.022
P10620,0.022
B4DW35,0.022
P0CL84,0.022
A6NGQ2,0.022
E5RJ87,0.022
B7Z4L0,0.022
Q71UK1,0.022
H0YIX7,0.022
Q5SZX9,0.022
Q6F4C0,0.022
B4DVQ7,0.022
Q9BR14,0.022
F5H3G9,0.022
G1UI33,0.022
D6RB17,0.022
Q9Y4Y4,0.022
B7Z2B2,0.022
C9JG30,0.022
E9PQV2,0.022
E9PR87,0.022
H3BVC0,0.022
A0PJJ7,0.022
F8WEP3,0.022
Q8TE39,0.022
C7C5T4,0.022
D6RAG2,0.022
C9JHZ6,0.022
H0YBB8,0.022
B8ZZL5,0.022
C9JYD7,0.022
Q9UNL2,0.022
M1L5L6,0.022
G3V4X5,0.022
A0A5C2GQ36,0.022
B4DKG4,0.022
F5GXC2,0.022
Q53FV1,0.022
A0A087WZ93,0.022
H3BV92,0.022
S6CQT5,0.022
C9J6R0,0.022
Q6P4D7,0.022
B1B1G2,0.022
X6RL45,0.022
Q07108,0.022
Q96DX1,0.022
A0A6M5WRE7,0.022
C9JFD2,0.022
Q8NAD7,0.022
A0A2R8Y3W8,0.022
C9JD91,0.022
G3V185,0.022
Q6GZ69,0.022
E5RFE8,0.022
J3QR48,0.022
H3BQT1,0.022
G1UI30,0.022
B4DIG4,0.022
A0PJA6,0.022
P02775,0.022
O95330,0.022
C9JPA8,0.022
B2R4C0,0.022
A0A7P0TBL1,0.022
A0A286YF70,0.022
H0YID1,0.022
A0A2Y9D025,0.022
Q5TG59,0.022
O00399,0.022
A0A2R8Y815,0.022
B0YJ76,0.022
D6RCC1,0.022
A0A7I2V4V0,0.022
D6RFF7,0.022
P01148,0.022
A5D8X1,0.022
Q2UXL7,0.022
Q496J1,0.022
C7DJS1,0.022
O15342,0.022
Q5BJF2,0.022
I3L3K2,0.022
C9JWZ7,0.022
A6NLP5,0.022
Q71UM3,0.022
K7ERF1,0.022
A0A6Q8PG98,0.022
B7ZAE2,0.022
Q5W1L6,0.022
F5H5X7,0.022
Q7Z6A5,0.022
I3L232,0.022
F5H557,0.022
Q8NH95,0.022
A2A2I8,0.022
B7Z7D8,0.022
B6DU66,0.022
F5GX47,0.022
B8ZZ99,0.022
I3L2B5,0.022
H0YGI8,0.022
Q49A61,0.022
Q5ZEZ0,0.022
H3BTJ6,0.022
D8L1Z7,0.022
B4DKK1,0.022
A0A0A0MRM5,0.022
A3RDR6,0.022
A0A2R8YCW7,0.022
E9PP75,0.022
P47929,0.022
A0A1U9X8Y8,0.022
E7ERC4,0.022
B4DTN3,0.022
E9PCS6,0.022
H0YDY1,0.022
E9PRP1,0.022
G3V447,0.022
K7ENH5,0.022
L0R5D5,0.022
O75316,0.022
E5RHN7,0.022
C7EWL4,0.022
O14852,0.022
B0QZE1,0.022
M0QY89,0.022
K7EM00,0.022
Q7KZJ0,0.022
C9WSJ3,0.022
C9JLC0,0.022
K7EMV0,0.022
C9JUZ7,0.022
E9PQX3,0.022
B0ZRR0,0.022
A0A087WZX7,0.022
A0A0H3W617,0.022
H3BRZ6,0.022
J3KTN5,0.022
E9PJF4,0.022
Q9P1H4,0.022
B3KUZ4,0.022
E2GIM6,0.022
C9JLM5,0.022
E9PHN6,0.022
O60844,0.022
Q9Y3B2,0.022
Q5T2H4,0.022
A0A494C040,0.022
C9K088,0.022
K7ELW1,0.022
Q0PHS6,0.022
A0A0C4DGI4,0.022
O14887,0.022
B4DMG5,0.022
C9JM63,0.022
Q49B96,0.022
E9PP83,0.022
D6REN7,0.022
B4DFV6,0.022
M0R0U3,0.021
E9PJ05,0.021
H0YKD8,0.021
E9PKQ1,0.021
B1AQP8,0.021
B0QYG8,0.021
B1AKZ4,0.021
C9JYW1,0.021
C9JEN1,0.021
E5RFZ0,0.021
B3KSC2,0.021
Q7Z6V3,0.021
O60726,0.021
H0YCZ6,0.021
Q6XE38,0.021
H7C5I6,0.021
D6R9K4,0.021
Q9UBL5,0.021
Q6ZVE7,0.021
E9PK26,0.021
A0A7I2V4A0,0.021
A0A0J9YWP2,0.021
Q96T36,0.021
H3BUH3,0.021
H0YKU2,0.021
E5RFF9,0.021
H7C4Q2,0.021
H0YCD2,0.021
P0DP73,0.021
B4DKS3,0.021
E5RJY9,0.021
A6NJJ0,0.021
Q6IB11,0.021
Q5T9E3,0.021
B7ZA86,0.021
M0QYI7,0.021
C9JRU6,0.021
B4DEJ1,0.021
O43447,0.021
E9PLP4,0.021
Q14657,0.021
M0QY47,0.021
A0A804HLF5,0.021
A0A7P0T849,0.021
H3BQX9,0.021
D9IAI1,0.021
F5H8D3,0.021
H3BU02,0.021
V9GY04,0.021
A1L4L8,0.021
B4DPS1,0.021
Q5T211,0.021
A0A087WT00,0.021
Q5TCK5,0.021
H0YC94,0.021
B4DQ53,0.021
E9PMR1,0.021
V9HW15,0.021
H3BQ10,0.021
A0A7I2V500,0.021
Q07654,0.021
J3QLR1,0.021
A0A5C2GHZ9,0.021
O14861,0.021
J3KTH9,0.021
M0R288,0.021
P82663,0.021
F2Z355,0.021
Q14237,0.021
E9PI32,0.021
D6RAX2,0.021
Q9BZV4,0.021
A0A024R3V4,0.021
D6RAJ2,0.021
P01303,0.021
H0Y973,0.021
E7EUU0,0.021
C9JCI2,0.021
Q05DG1,0.021
F8VNX4,0.021
H0YIP6,0.021
A1L147,0.021
H3BM75,0.021
Q9H2N9,0.021
F8WBW4,0.021
E9PPL6,0.021
B4E034,0.021
C9JSX3,0.021
G3V338,0.021
C9JA92,0.021
K7ESA9,0.021
U5U7S7,0.021
Q9NX08,0.021
H0Y9E2,0.021
G3V2D7,0.021
B4DQ41,0.021
G3V4Z7,0.021
B4DHQ0,0.021
C6G7W3,0.021
G1FFF2,0.021
J3QKZ8,0.021
H7BXV0,0.021
F5H8A0,0.021
F8VV56,0.021
D6RE69,0.021
F5H195,0.021
A2VDF0,0.021
K7EM75,0.021
H0Y8M4,0.021
B4E0X6,0.021
Q5TAQ0,0.021
J3QS21,0.021
F5H271,0.021
H0YKJ9,0.021
C9JLK0,0.021
L8EAH5,0.021
D6REC6,0.021
Q5SZC5,0.021
F8WAZ8,0.021
E9PJX0,0.021
G3V4Y0,0.021
B1AHE4,0.021
D6RAD3,0.021
A0A5C2GAN6,0.021
A0A0D4WP22,0.021
H7C1A7,0.021
H3BQV2,0.021
A0A1C9J7V0,0.021
H3BPF6,0.021
C9J6F3,0.021
Q96HZ0,0.021
Q8N7A5,0.021
Q7Z447,0.021
K7ELX5,0.021
G3V544,0.021
Q9Y3C6,0.021
H0YMF4,0.021
A0A087WUY2,0.021
B7Z317,0.021
M1RMB3,0.021
D6RID2,0.021
C9JXD7,0.021
H7C1W5,0.021
F8WDY7,0.021
Q53QN4,0.021
Q3KQR5,0.021
I6ZMK4,0.021
A0A494C084,0.021
K7EKD1,0.021
M0R2K0,0.021
K7EIH4,0.021
H7C2M7,0.021
F5H8C5,0.021
B7Z3V0,0.021
Q14YI3,0.021
B4E196,0.021
B4E1U1,0.021
H3BRM9,0.021
A0A4D5RAH1,0.021
Q6P602,0.021
Q8NCZ0,0.021
A0A068BEX2,0.021
Q9UNM4,0.021
Q5TEJ7,0.021
H0YKF9,0.021
P08493,0.021
A0A494C1K0,0.021
J3QSB4,0.021
E9PJ16,0.021
Q3YAA2,0.021
Q7Z2Y2,0.021
Q53QY6,0.021
E9PMA5,0.021
O95332,0.021
A2AB05,0.021
Q8NEX6,0.021
A4D1G5,0.021
M0QXC8,0.021
Q8IYL1,0.021
G3V4E6,0.021
B4DQU3,0.021
Q4ZG83,0.021
F8W1V3,0.02
D3TTZ5,0.02
H3BQA6,0.02
C9JYL6,0.02
X6REM1,0.02
Q9NPI0,0.02
Q8TCE9,0.02
C9JN40,0.02
B4DZ29,0.02
A0A7I2V489,0.02
Q5VVF8,0.02
Q5T4U8,0.02
J3KSL1,0.02
Q6RFS2,0.02
H0YA92,0.02
Q9Y5V0,0.02
Q8N8D7,0.02
K7EMJ3,0.02
F5H2C9,0.02
A0A087WZ61,0.02
B4DZP1,0.02
K7EJF3,0.02
O60869,0.02
A0A669KB32,0.02
A0A087WT22,0.02
Q8IV16,0.02
Q86WD8,0.02
Q86Y39,0.02
Q5D1Q2,0.02
D6RAU8,0.02
D6RD21,0.02
C9J9X2,0.02
B0QYJ1,0.02
F8WES4,0.02
K4K1I8,0.02
Q5SZE3,0.02
Q5TBH0,0.02
A7J1R5,0.02
Q9UKK0,0.02
A0A0S2Z3L8,0.02
F5H198,0.02
A0A1W2PS54,0.02
K7EMD5,0.02
A0A0C4DG94,0.02
H3BN04,0.02
V9GYY9,0.02
A0A0N7B165,0.02
K7ERJ3,0.02
A0A2I2MP50,0.02
B1AMX8,0.02
G3V4C2,0.02
H0YNV8,0.02
F1LLU4,0.02
Q5T9H5,0.02
E5RJJ1,0.02
F8W148,0.02
K7EJ98,0.02
A0A7P0TBK4,0.02
E5RJE6,0.02
K7EMB6,0.02
G3V2G3,0.02
B4DYJ0,0.02
F5H2P0,0.02
A0A087WWJ8,0.02
Q9NZY3,0.02
F2Z2T1,0.02
H7C373,0.02
F6SGM4,0.02
K7EIT2,0.02
O15431,0.02
C0IMW8,0.02
Q86XT0,0.02
X2C0V0,0.02
A0A411HBF5,0.02
A8MW78,0.02
W0FXB0,0.02
Q99732,0.02
Q8J003,0.02
H0Y9N5,0.02
C9JLC1,0.02
F8WC53,0.02
A0A0J9YXH6,0.02
I3L504,0.02
A0A7P0TBD1,0.02
H7C4P5,0.02
Q6N009,0.02
A0A096LP55,0.02
E7EVZ9,0.02
H6SG13,0.02
B4DNG5,0.02
E9PHV4,0.02
E9PM99,0.02
P17568,0.02
W8JE22,0.02
H7C582,0.02
F5GYQ6,0.02
B7Z1X4,0.02
A0A7P0T974,0.02
F6SRW8,0.02
Q5JYR4,0.02
A0A386QWJ3,0.02
D6RF83,0.02
K7ELK0,0.02
E5RFG7,0.02
Q7Z430,0.02
C9J4V0,0.02
H3BM61,0.02
C9JCJ9,0.02
U5GXS1,0.02
C9JRR9,0.02
D6RIU4,0.02
A0A891XIL1,0.02
A0A1B1PFX5,0.02
A0A494C0M2,0.02
B0QYQ9,0.02
Q6ZP63,0.02
A0A2R8Y787,0.02
G3V353,0.02
B4E1P0,0.02
A0A087WZ07,0.02
A0A669KB26,0.02
B7Z4K4,0.02
A6PW58,0.02
B7Z886,0.02
C9JDL5,0.02
K7ESC8,0.02
J3KMW2,0.02
E9PJZ5,0.02
O00488,0.02
H0YE20,0.02
B4DK49,0.02
A0A0B4J1S3,0.02
Q05BR7,0.02
Q5JRI8,0.02
Q9H302,0.02
Q86X83,0.02
Q5VVQ7,0.02
Q32Q31,0.02
L8E922,0.02
E9PKN6,0.02
Q9H3B6,0.02
H0YHG7,0.02
B4E0W9,0.02
E9PJJ5,0.02
A0A5C2GD60,0.02
B4DU59,0.02
G3V573,0.02
B4E0E2,0.02
B4DFK0,0.02
Q8NAS8,0.02
E7ERA2,0.02
A0A7I2V429,0.02
F8VPP1,0.02
K7EKP1,0.02
C9JLT6,0.02
O14752,0.02
Q8NEH8,0.02
H7C259,0.02
O95562,0.02
Q8N5N7,0.02
D6RHK2,0.02
A0A590UJ55,0.02
P60022,0.02
C9J5Z5,0.02
A8MYK1,0.02
K7EM14,0.02
Q5UBV5,0.02
A0A7I2V382,0.02
C9JN36,0.019
Q5I0X7,0.019
B4DHE4,0.019
C9JWM2,0.019
Q5T703,0.019
M0QZH0,0.019
I3L3I2,0.019
B4E0A5,0.019
K7ENL4,0.019
H7BXH6,0.019
L8E7H6,0.019
Q9UIC5,0.019
H7BZI8,0.019
E0CX11,0.019
C9J0E8,0.019
Q9NWP5,0.019
Q53TI4,0.019
B4DHC0,0.019
A0A2U8ZU93,0.019
C9K068,0.019
K7EMR1,0.019
B3KNJ0,0.019
Q6F4B9,0.019
Q6MZG8,0.019
Q7L033,0.019
X5DRL5,0.019
O60925,0.019
L0R819,0.019
A0A7P0T8M6,0.019
E9PSB6,0.019
V9GY64,0.019
O60830,0.019
Q5HYH5,0.019
A0A1B0GV26,0.019
Q53TQ2,0.019
K7EJY8,0.019
P50151,0.019
B4DU67,0.019
Q53EN2,0.019
A0A1B0GU50,0.019
I3L265,0.019
H7C1Z0,0.019
L8EAV9,0.019
D6R977,0.019
A0A7I2V5H7,0.019
B4DLM6,0.019
H3BTQ7,0.019
B4DNH3,0.019
Q5W9V2,0.019
D6RDM6,0.019
Q8NG35,0.019
A0A1W2PQW3,0.019
Q5JWS1,0.019
C9JZI8,0.019
D6RAZ4,0.019
E9PP22,0.019
A0A140TA22,0.019
C9J5S9,0.019
P55773,0.019
C9J2X5,0.019
F8WE70,0.019
B4DI71,0.019
Q9Y342,0.019
Q75MZ8,0.019
A0A1W2PPU1,0.019
B5MC96,0.019
E7EM56,0.019
A0A2D1BTF8,0.019
A0A0D9SG52,0.019
K7EPG4,0.019
A0A2R8Y7Z8,0.019
Q9BYZ8,0.019
H3BTH3,0.019
C9J4J0,0.019
Q9Y4Y3,0.019
Q9Y2Y0,0.019
K7EN82,0.019
Q9UHB0,0.019
E9PLY8,0.019
Q8WY98,0.019
A0A090N8I5,0.019
O14561,0.019
A0A6Q8PG85,0.019
Q9NRJ3,0.019
O14960,0.019
Q9HB74,0.019
C9J8X8,0.019
Q5T6P5,0.019
I3L4A5,0.019
A0A1B0GUR3,0.019
Q75MW5,0.019
H0YKM3,0.019
B4DP16,0.019
B4E389,0.019
D6RJB1,0.019
H7C3M0,0.019
X6RGY1,0.019
E5RFN7,0.019
C9JL25,0.019
Q8WYV8,0.019
E9PMC7,0.019
J3KTB7,0.019
B2RXF3,0.019
J3KST1,0.019
H0YH08,0.019
K7EPF2,0.019
F5H0N3,0.019
H0YCI8,0.019
M0R211,0.019
Q7LE05,0.019
A0A286RQC1,0.019
Q6FII3,0.019
Q5JRD6,0.019
A0A7I2V342,0.019
R4GMM7,0.019
X6REH9,0.019
H3BUW6,0.019
B0QZ88,0.019
A0A494C063,0.019
M0R0E8,0.019
Q9UM94,0.019
Q68DX5,0.019
B4DM94,0.019
Q8N2H4,0.019
C9J8J8,0.019
F5H784,0.019
B4DNQ2,0.019
H7BZX9,0.019
F2Z3L6,0.019
Q9UQB2,0.019
J3QRR7,0.019
Q53G08,0.019
D6RAM4,0.019
Q495G6,0.019
C9JVH3,0.019
H0YKY0,0.019
H0YNH6,0.019
X6R6F3,0.019
B4DJP2,0.019
A0A127AXF0,0.019
A0A087WTZ8,0.019
H3BMN2,0.019
E5RH07,0.019
B3KQ10,0.019
F8WD75,0.019
F8WC37,0.019
B8ZZL1,0.019
A0A0C4DH89,0.019
K7EP44,0.019
D6RCD8,0.019
A0A0G2JNX6,0.019
E9PLH1,0.019
A0A494C1F1,0.019
E9PM13,0.019
E9PHX9,0.019
B0QYB3,0.019
H3BMR7,0.019
K7ERD8,0.019
F5H0Y9,0.019
Q1KSG0,0.019
A2VCQ5,0.019
Q8WV19,0.019
E5RIJ1,0.019
A0A2R8Y6Y9,0.019
A0A494C0V5,0.019
E5RFU6,0.019
F5H4Q8,0.019
D6RA22,0.019
Q8NAB3,0.019
Q7M4M3,0.019
O15212,0.019
G3V0I3,0.019
D6RCQ8,0.019
Q1WD23,0.019
J3KTQ6,0.019
M1S113,0.019
H0YAW8,0.019
H3BUJ2,0.019
Q9UEN8,0.019
B5A226,0.019
H0YKT4,0.018
Q8NEI7,0.018
A0A7I2V5B3,0.018
Q9NRP2,0.018
F8VS19,0.018
B3KNR9,0.018
A0A0D9SFJ4,0.018
Q8WYD9,0.018
P61165,0.018
Q9UBI1,0.018
F5H5G7,0.018
Q3MS88,0.018
H7BZ72,0.018
L8EB46,0.018
L8E9D1,0.018
A0A173G4N9,0.018
F8WB78,0.018
A0A1B0GTQ4,0.018
P61803,0.018
H7C2T3,0.018
A0A0C4ZLG8,0.018
Q5JU21,0.018
Q5T7Y6,0.018
B1N7F8,0.018
B3KS91,0.018
A0A6Q8PGW2,0.018
I3L1A1,0.018
C9JV02,0.018
K7EMR0,0.018
A0A0G2JJ55,0.018
H3BMZ1,0.018
E9PLJ8,0.018
A0A590UJ39,0.018
Q7Z749,0.018
C9JRK1,0.018
A0A0C4DG45,0.018
L8EC46,0.018
M0QYS8,0.018
B1AKK3,0.018
Q59H58,0.018
Q7Z760,0.018
F2Z3K6,0.018
R4S3H9,0.018
A0A0A0MRV1,0.018
A0A1L7H7S6,0.018
B3KNI9,0.018
B3KX76,0.018
J3KS38,0.018
A6NKH3,0.018
B4DVA9,0.018
H7BZD7,0.018
F8VU68,0.018
B7ZBA4,0.018
F5GZ82,0.018
J3QLI0,0.018
Q9UI14,0.018
A8MTZ5,0.018
L0B1R1,0.018
H3BRK5,0.018
Q9Y354,0.018
J3KTC3,0.018
B1AQ60,0.018
H0YLS5,0.018
D6RHH1,0.018
B3KS61,0.018
A0A1W2PP97,0.018
A0A649UB25,0.018
H0YB03,0.018
A0A6Q8PH47,0.018
B4DSL0,0.018
G3V5D9,0.018
D6RIY3,0.018
A0A096ZUB3,0.018
A0PJ99,0.018
Q8IV92,0.018
F5GYX7,0.018
B8ZZQ1,0.018
Q4ZG53,0.018
E5RFE0,0.018
K4DIA5,0.018
Q6PJD5,0.018
A0A6H0WF25,0.018
C9J4G5,0.018
M0R222,0.018
M0R074,0.018
A0A384NKN4,0.018
B4DWV5,0.018
Q9H2J9,0.018
A0A127AXL1,0.018
Q96A57,0.018
G3V2Z3,0.018
C9JFL4,0.018
D6RIS6,0.018
Q9BZU1,0.018
G3V5Q5,0.018
H0YKU3,0.018
B3VRV0,0.018
E9PM87,0.018
A8MUM7,0.018
U3KPS8,0.018
A0A5F9ZI32,0.018
F5H2I3,0.018
F2Z3Q0,0.018
Q5SPU2,0.018
Q96IY7,0.018
A2T3X1,0.018
M0QZL2,0.018
V9GY52,0.018
K7EN63,0.018
Q8NHW6,0.018
A0A087WVB9,0.018
A0A0A0MT17,0.018
B4DGC8,0.018
A0A0U1RRD7,0.018
V9H0F2,0.018
A0A2U3TZM5,0.018
C9J6B0,0.018
D6REY3,0.018
C9JJF4,0.018
F5H7C6,0.018
G3V4V7,0.018
H7C017,0.018
G3V2L6,0.018
B4DLL2,0.018
F5H579,0.018
F5H296,0.018
Q9H840,0.018
E9PKT2,0.018
Q53FX5,0.018
L8EAS2,0.018
C9JIF4,0.018
Q5HYL7,0.018
Q24JT8,0.018
F8WAG1,0.018
F8VX48,0.018
A0MJX5,0.018
Q9Y3F8,0.018
B4DKA2,0.018
H0YM03,0.018
Q969R7,0.018
H0YKY1,0.018
D6RFI2,0.018
B4E3P3,0.018
B1AJV2,0.018
A0A3B3IS92,0.018
H3BTJ2,0.018
L8EAT2,0.018
A0A7I2V5N6,0.018
A0A097I4X7,0.018
J3KSB8,0.018
F8WCZ3,0.018
B4DDR7,0.018
J3KP26,0.018
M0QZG3,0.018
B4DSM9,0.018
P59282,0.018
G8FPZ9,0.018
A8MV57,0.018
A2IDC7,0.018
B4DKK9,0.018
H0YBQ9,0.018
K7ELT1,0.018
B7Z319,0.018
K7ERE0,0.018
A0A0G2JP31,0.018
E9PNT5,0.018
A0A2D1BII0,0.018
C9JKM5,0.018
B7ZBI6,0.018
D6RH07,0.018
H3BQ92,0.018
Q30KQ5,0.018
G3V351,0.018
H3BRY7,0.018
H0YM96,0.018
A0A7P0Z497,0.018
Q9UI15,0.018
J3QRU9,0.018
C9IZD2,0.018
G8JLJ2,0.018
M0R1T4,0.018
E9PJT7,0.018
A0A7I2V422,0.018
J3KRK2,0.018
A7U7M2,0.018
Q2M238,0.018
L0R6S1,0.018
B4DWJ7,0.018
V9GYD6,0.018
F8WCT3,0.018
B3KWB1,0.018
E9PPA8,0.018
A0A1A9C9I6,0.018
A0A6Q8PFH2,0.018
C9K016,0.018
Q5K618,0.018
C4P0D8,0.017
A0A7P0Z437,0.017
C9JPK7,0.017
H0YAW4,0.017
Q14473,0.017
Q9ULZ3,0.017
E5RJ86,0.017
Q9UF24,0.017
P62269,0.017
Q5VYW8,0.017
H0YIN2,0.017
Q68DE4,0.017
A0A0A0MSR3,0.017
Q5JPU0,0.017
A0A7I2V4T0,0.017
G3V245,0.017
M1E9X0,0.017
B4E1U3,0.017
D6RF95,0.017
Q15670,0.017
A0A0J9YVY6,0.017
C9JGP4,0.017
H0Y5L7,0.017
H3BUJ8,0.017
Q6UW68,0.017
J3QLV0,0.017
D6RD93,0.017
P25800,0.017
B9A057,0.017
A0A510GAH8,0.017
A0A3B3IST7,0.017
B3KS44,0.017
O95167,0.017
H3BRC9,0.017
A0A386IQ62,0.017
B4DJN8,0.017
E7EN01,0.017
A0A2R8YEU0,0.017
E9PDM0,0.017
K7EJ73,0.017
Q6B9Z1,0.017
K7EM71,0.017
Q969E1,0.017
Q9Y3C7,0.017
E9PLY7,0.017
H3BLT4,0.017
J3QLH2,0.017
A0A3B3ISB1,0.017
B4DP94,0.017
P37802,0.017
F8W0F5,0.017
E9PJW2,0.017
Q5H9D4,0.017
B9TXP1,0.017
B1N0S0,0.017
K7ES09,0.017
Q9NYJ1,0.017
H0YNP7,0.017
U3LHJ7,0.017
Q13072,0.017
S4R306,0.017
H3BMD2,0.017
A6ZJA2,0.017
F8WC66,0.017
A0A7P0T7U3,0.017
K7EIU3,0.017
A0A126LB03,0.017
G3XAN8,0.017
Q96HE0,0.017
H0Y990,0.017
J3QQV4,0.017
M0R0Q6,0.017
Q6NT26,0.017
D6RAX1,0.017
E7ERZ1,0.017
Q8NCS4,0.017
Q6FIG5,0.017
A0A0S2Z3E6,0.017
C9IZ38,0.017
E9PQW8,0.017
A2RUL1,0.017
F8WDC0,0.017
H7C5F8,0.017
Q9NVS2,0.017
F8VSE5,0.017
A9YWT7,0.017
J3QQI9,0.017
A0A0S2Z5X1,0.017
H0YLL8,0.017
F5GWU4,0.017
A0A0A6YYG8,0.017
M0QXW4,0.017
Q9Y547,0.017
Q8WW96,0.017
Q9UG12,0.017
E7ENL8,0.017
Q8IUA2,0.017
M0R000,0.017
A0A0S2Z3D6,0.017
A6NDZ3,0.017
A1L1A6,0.017
Q8NBE4,0.017
Q6EMV3,0.017
D6REJ4,0.017
Q53QM8,0.017
A0A0S2Z414,0.017
Q5J8X5,0.017
C9IZ84,0.017
I3L3Y2,0.017
F1C625,0.017
M0QX57,0.017
K4JTT6,0.017
H3BT52,0.017
F8VR34,0.017
D6R9W0,0.017
H3BR36,0.017
H3BTM3,0.017
R4GNG7,0.017
Q30KR1,0.017
H3BQP6,0.017
J3QQL4,0.017
G1K3W3,0.017
J3KRE2,0.017
L8ECN3,0.017
E5RH25,0.017
Q6ZMK3,0.017
A0A669KAW2,0.017
J3QLE0,0.017
Q9P0P0,0.017
A6NFY7,0.017
O00585,0.017
B7Z6P8,0.017
A0A384MDM0,0.017
C9JMB4,0.017
I3L286,0.017
D6RDJ3,0.017
F5H5B1,0.017
A0A0U1RRI8,0.017
C9J029,0.017
E9PLJ0,0.017
A0A804HI34,0.017
H3BQF8,0.017
L8EAN0,0.017
G3V3G6,0.017
B4DHF0,0.017
C9JH33,0.017
F8VTT8,0.017
Q05D31,0.017
Q8N8Y3,0.017
B4E0B8,0.017
F5H5U6,0.017
Q6LAM3,0.017
B4DGU7,0.017
B4E095,0.017
Q6ZPD0,0.017
H0YGB2,0.017
E9PRH7,0.017
H7C352,0.017
M0R279,0.017
K7EMJ1,0.017
F8WDY2,0.017
C9JRB3,0.017
Q7Z5A8,0.017
F1LLU7,0.017
A0A0U1RR66,0.017
E9PMM2,0.017
F5H437,0.017
Q0PHS4,0.017
C9JL74,0.017
I3L3U7,0.017
Q30KQ1,0.017
D6R9E4,0.017
A8MVV6,0.017
K7EJN5,0.017
Q8IZS6,0.017
E5RI89,0.017
Q5TC05,0.017
Q6ULR6,0.017
E9PNJ5,0.017
B0AZU8,0.017
Q16449,0.017
Q6FHK1,0.017
L8ECI1,0.017
C9JR61,0.016
H3BTT9,0.016
F8VYZ9,0.016
Q30KQ7,0.016
Q9H2B5,0.016
H7BXI7,0.016
E2QRC0,0.016
A0A7I2V3L8,0.016
M0R209,0.016
Q2PUK1,0.016
Q4FEB4,0.016
Q2HIZ8,0.016
B9A058,0.016
A6PVS0,0.016
A0A1B2JLU5,0.016
A4UCU1,0.016
Q6UW32,0.016
A0A1B0GVD1,0.016
B4DLC3,0.016
E9PKK8,0.016
M0QY30,0.016
F6USP3,0.016
D9ZB55,0.016
G3V259,0.016
B4DHL9,0.016
Q4W5S4,0.016
A0A090N7S4,0.016
H0YEI8,0.016
D6RA27,0.016
C9JFU1,0.016
A0A0G3VRE1,0.016
A0A8A0WP30,0.016
A0A590UJW9,0.016
B4DQB5,0.016
A0A0A0MS55,0.016
L8EB78,0.016
F2Z3C5,0.016
Q9Y273,0.016
B4DTU9,0.016
B2R9F7,0.016
B4DKN4,0.016
E9PH80,0.016
A0A1S6WMC6,0.016
B4DU35,0.016
H3BT49,0.016
Q3KRI4,0.016
B4DKK5,0.016
M0R0J2,0.016
O78094,0.016
P62072,0.016
Q16425,0.016
E5RHY0,0.016
Q05C92,0.016
B4DH24,0.016
A0A173G4C3,0.016
D6RAC0,0.016
C9JLE9,0.016
F8WBZ8,0.016
Q96CY7,0.016
B4DVS3,0.016
K7EKQ4,0.016
G3V1V8,0.016
Q86T10,0.016
C0LLI6,0.016
A2ABF1,0.016
A0A220SZY8,0.016
Q96L94,0.016
B4DL30,0.016
A6N931,0.016
K7ENA0,0.016
D6RJE3,0.016
Q6NX70,0.016
Q8WYM7,0.016
E9PPV7,0.016
G3V5C4,0.016
Q8N7F7,0.016
B7Z4S1,0.016
A0A6Q8PG99,0.016
O14660,0.016
A8K963,0.016
A0A0H4CUT2,0.016
E5RGG0,0.016
A0A7I2YQJ0,0.016
A0A804E055,0.016
B4DVQ6,0.016
F8VRP2,0.016
M0R0X4,0.016
A0A087WVE1,0.016
Q16324,0.016
M0R1H0,0.016
Q96SA0,0.016
A0A096LPI8,0.016
H7C5C1,0.016
A0A7P0Z409,0.016
M0R1V4,0.016
A0A7I2YQ73,0.016
C9JHF6,0.016
G3V5D6,0.016
H3BRE0,0.016
I3L2U4,0.016
Q6NW29,0.016
A0A0A0PPY6,0.016
Q6P2H7,0.016
Q9Y3D3,0.016
A0A087WX22,0.016
Q96LK0,0.016
Q8N730,0.016
I3L0K9,0.016
E7EWB4,0.016
F5GY03,0.016
A4ZPI3,0.016
J3QRA8,0.016
B7ZKL4,0.016
H7BZX7,0.016
L8EAH0,0.016
K7EIS7,0.016
Q3ZCW2,0.016
A0A224AME3,0.016
Q1PHJ0,0.016
Q9BTL0,0.016
F8WF40,0.016
H0YMU3,0.016
F5GZZ6,0.016
A0A2R8YE82,0.016
A0A0S2Z3Z3,0.016
D6RFJ3,0.016
B1APQ0,0.016
Q8WYE0,0.016
B4DKT1,0.016
A0A0U1RQW1,0.016
Q8N7X8,0.016
Q53RV1,0.016
B4DL03,0.016
Q96PF5,0.016
P0DMC3,0.016
A0A7I2V4J0,0.016
Q3KPF8,0.016
F8VZM2,0.016
A6NMZ2,0.016
Q4ZFY0,0.016
A0A1B0GU75,0.016
E9PJH6,0.016
Q93043,0.016
C9JY29,0.016
H3BU88,0.016
F5H7Y1,0.016
W5VTT0,0.016
C9JXZ7,0.016
R4GMY6,0.016
Q8N5M9,0.016
A0A087WW45,0.016
A0A0F6RAU4,0.016
C9JC51,0.016
A6PVP2,0.016
A0A087WWN2,0.016
B9TX51,0.016
H0Y9N8,0.016
Q9Y4Z0,0.016
Q53HG1,0.016
A0A087WTC8,0.016
A1YZJ6,0.016
X6RH80,0.016
Q5JVC2,0.016
F8VS20,0.016
Q9UL97,0.016
E5RGX7,0.016
K7EMD6,0.016
O60372,0.016
Q17RA5,0.016
F2Z3L3,0.016
B7Z8R2,0.016
Q59GK9,0.016
C9JJP5,0.016
M0QZR0,0.016
C9JST4,0.016
A0A590UJ37,0.016
Q2F3K6,0.016
Q04941,0.016
A6NEN9,0.016
M0R020,0.016
H7C286,0.016
J3QKU9,0.016
C9K0P4,0.016
F8VXH4,0.016
Q9NWW3,0.016
Q9UGN0,0.016
G3V5D0,0.016
Q5FBX4,0.016
D6RJH4,0.016
Q969E8,0.016
H0YE91,0.016
Q05CT2,0.016
F5H6Z2,0.016
H0YN40,0.016
F8WC51,0.016
B4DEU5,0.016
J3KTE2,0.016
Q01523,0.016
Q9H3V2,0.016
E9PQ14,0.016
H0YM85,0.016
A0A6Q8PGC0,0.016
C9JM20,0.016
Q3MS94,0.016
P25791,0.016
L0R512,0.016
Q5W075,0.016
Q5T3E4,0.016
B4DFI7,0.016
E5RG28,0.016
J3KT59,0.016
E5RJ09,0.016
M0QXA1,0.016
K7ESG5,0.016
F8WCB4,0.016
Q9BYW3,0.016
H0YJ94,0.016
A0A6I8PRR4,0.016
C6GLZ9,0.016
G5E9H5,0.016
P47992,0.015
B4E3U2,0.015
G1UI27,0.015
A0A2R8YD14,0.015
K7EJD5,0.015
D6REN0,0.015
F8VRU2,0.015
E9PNL0,0.015
C9J3M6,0.015
C9J6Q4,0.015
A0A0S2Z4C1,0.015
A4D1Q6,0.015
A5LIN1,0.015
E5RJP2,0.015
A0A804HJ89,0.015
Q5VVB8,0.015
A0T3B4,0.015
Q15930,0.015
B4DUC9,0.015
Q9BTX3,0.015
F8WD56,0.015
C9JC88,0.015
A0A7R6RQ58,0.015
Q53FR9,0.015
Q2Z197,0.015
H0YCA1,0.015
B7Z7G7,0.015
H0Y3T0,0.015
F8WCV7,0.015
A0A7I2V338,0.015
Q71UU0,0.015
Q8WY60,0.015
E9PQV7,0.015
F8W0J4,0.015
B4E066,0.015
L8EBH7,0.015
B4DRB9,0.015
Q09QU3,0.015
B2R4Q7,0.015
Q9UMI3,0.015
E9PIW1,0.015
B4DEL8,0.015
A0A590UJI9,0.015
G3V1X5,0.015
F8WF17,0.015
A0A1W2PNZ5,0.015
F8WE18,0.015
E9PLN8,0.015
A0A2R8Y6A4,0.015
Q499Z9,0.015
Q9UMH5,0.015
L8E9B5,0.015
Q6UWQ7,0.015
C9J1X4,0.015
P62851,0.015
Q8NEX4,0.015
A0A0U1RR29,0.015
H3BPP7,0.015
H3BV98,0.015
B3VCG3,0.015
F5H627,0.015
F5GZ99,0.015
F5H362,0.015
J3QRS6,0.015
H3BNX8,0.015
C6GLU2,0.015
Q96FU4,0.015
A0A1B0GV14,0.015
A0A1W2PPG7,0.015
Q5SW97,0.015
C9J668,0.015
A0A0S2Z5J2,0.015
Q9NXH3,0.015
F8WFC5,0.015
Q9H369,0.015
Q75M93,0.015
Q6FGH4,0.015
A0A0C4DGP4,0.015
B7ZC83,0.015
K7EK06,0.015
Q8IZE2,0.015
A0A1B0GVI9,0.015
A0A494C0T1,0.015
E5RHU4,0.015
Q8WYE1,0.015
D6RJ90,0.015
Q16873,0.015
Q96F89,0.015
E9PJC5,0.015
A0A481T0W6,0.015
Q9HC69,0.015
Q9UJZ8,0.015
M0QXC4,0.015
E9PNE5,0.015
Q659E0,0.015
A0A023I7W4,0.015
H7C3T0,0.015
A6PVY5,0.015
E5RIN5,0.015
X6RA92,0.015
E5RHM4,0.015
F8WBY8,0.015
K7ELC6,0.015
A0A3B3IT71,0.015
Q2I9M3,0.015
A8KAJ9,0.015
B4DIE4,0.015
F8VR74,0.015
P0CW21,0.015
H3BTM2,0.015
A0A2R4LFI1,0.015
Q75MR5,0.015
Q5SW23,0.015
B4DDW4,0.015
H7C4Y6,0.015
L8ECF2,0.015
A0A087X226,0.015
Q5THQ7,0.015
Q9H616,0.015
C9JES0,0.015
Q9H014,0.015
Q6AI51,0.015
Q59GQ1,0.015
A0A2I7VTB5,0.015
H3BR65,0.015
F8VZZ0,0.015
S4R384,0.015
B4DEE4,0.015
F8WE22,0.015
A0A804HIR4,0.015
A0A140T926,0.015
M0R146,0.015
A0A0S2Z4I0,0.015
M0R0L7,0.015
B4DFS4,0.015
A0A0S2SW22,0.015
J3QR49,0.015
E5RFP0,0.015
H0YD98,0.015
A0A0U1RQU0,0.015
A0A5F9YFS9,0.015
J3QL29,0.015
B1AV70,0.015
F5H1T2,0.015
D6RFY6,0.015
Q38LF9,0.015
A0A0F6TMZ9,0.015
Q86YL1,0.015
Q14051,0.015
Q9H8R6,0.015
Q16278,0.015
A0A7I2V565,0.015
A8QK79,0.015
Q8TAV6,0.015
F2YBS5,0.015
M0QYX3,0.015
F5H2X5,0.015
Q68DZ8,0.015
L8E8T0,0.015
Q63HL8,0.015
B3VRS0,0.015
A0A804HK36,0.015
H0YLJ1,0.015
Q9NX18,0.015
C9JYQ5,0.015
B4DW06,0.015
B4DQA8,0.015
Q9NR54,0.015
K7ENL8,0.015
Q9NQD8,0.015
Q6P2J9,0.015
A8K1X7,0.015
C9J967,0.015
F8WCM6,0.015
A0A7D5DCA8,0.015
L8EAV5,0.015
Q3T7C6,0.015
A8MX94,0.015
Q96IX5,0.015
A0A087WY49,0.015
F8VU63,0.015
Q6FGP2,0.015
A0A087WYZ4,0.015
E9PM09,0.015
Q9UEN9,0.015
Q15936,0.015
K7EKL2,0.015
Q92748,0.015
Q9H373,0.015
Q5JXW1,0.015
B7Z1Y5,0.015
G3V3I9,0.015
P19957,0.015
S4R3C8,0.015
A0A1B0GUP2,0.015
F5H6G0,0.015
F5H6J5,0.015
B3KPV6,0.015
J3KSJ4,0.015
Q6LE79,0.015
V9GXZ9,0.015
P0DH78,0.015
F8WE40,0.015
K7EID2,0.015
A0A0D9SFQ6,0.015
Q9HDC8,0.015
D6RJ98,0.015
Q8N7N7,0.015
H7C1W2,0.015
C9JAB9,0.015
J3QLH9,0.015
E5RJR3,0.015
E9PRK7,0.015
F2Z2Z9,0.015
P82921,0.015
C9J8I7,0.015
Q9HAJ7,0.015
Q9BX60,0.015
E9PN44,0.014
H0YA98,0.014
Q8IU71,0.014
H7C2K0,0.014
Q9NZ45,0.014
Q6UXB1,0.014
A0A0D9SGA7,0.014
A0A2I6PNI6,0.014
B4DHR8,0.014
A0A4P8D7F0,0.014
Q9C002,0.014
A6NJY4,0.014
Q9HBL1,0.014
A0A494C0B5,0.014
Q6I6Y1,0.014
Q6EWN2,0.014
H3BMQ9,0.014
Q9P012,0.014
S4R3H8,0.014
L8E8S4,0.014
H0Y9G8,0.014
C9J7L6,0.014
Q9NYD4,0.014
A0A1B0GX65,0.014
B1AR62,0.014
B3KVU9,0.014
I3L0J8,0.014
I3L237,0.014
Q5T187,0.014
E9PLK4,0.014
K7EN93,0.014
Q9BXX5,0.014
Q6KEH3,0.014
C9JG77,0.014
A0A7I2V2L1,0.014
H0YLG7,0.014
Q96HJ9,0.014
B4DDZ6,0.014
F8WBZ0,0.014
I3L2X5,0.014
A0A494C1N7,0.014
B8ZZX4,0.014
D6R9Z8,0.014
Q5QTR6,0.014
F5H2C2,0.014
E9PNI0,0.014
B1AMN9,0.014
B4DSJ5,0.014
H9A8L0,0.014
B7Z3M9,0.014
Q9NRX6,0.014
A0A286YEW6,0.014
J3QLM6,0.014
K7EM78,0.014
E9PFE6,0.014
A0A6Q8PF91,0.014
B4DVQ8,0.014
A0A2R8YFN9,0.014
U3KQL1,0.014
F6R0H4,0.014
A8K0C9,0.014
A0A120HB06,0.014
O14957,0.014
Q9UDU5,0.014
J3QLR6,0.014
D6RBM5,0.014
Q7Z3J5,0.014
Q4KMZ7,0.014
E5RHF4,0.014
A0A077H1I5,0.014
H3BNY8,0.014
E9PFD4,0.014
I3L0M3,0.014
C9JJK8,0.014
Q5TC01,0.014
L8EC49,0.014
B4E1R9,0.014
K7EMP9,0.014
F8VZJ2,0.014
S4R3E5,0.014
O75506,0.014
H3BUU7,0.014
E5RHG4,0.014
C9JYW4,0.014
Q6LCA3,0.014
C9JWI5,0.014
E7EMB7,0.014
F2Z3E3,0.014
C9JBX0,0.014
P20292,0.014
D6RC94,0.014
I1VE21,0.014
A0A087WW05,0.014
P46776,0.014
B1AK61,0.014
A0A1B0GVG0,0.014
D6RFJ6,0.014
B5A224,0.014
E5RJA3,0.014
C9JWE0,0.014
U3KQT3,0.014
M0R350,0.014
H3BPV7,0.014
E9PM97,0.014
B3KR26,0.014
L8EC72,0.014
Q59FN1,0.014
C9JP86,0.014
K7EKQ0,0.014
I3L4V2,0.014
A0A804HKN7,0.014
Q59GK5,0.014
C9K0H9,0.014
Q8TDP7,0.014
K7EPE8,0.014
A8MTT3,0.014
F5H321,0.014
M0QXH3,0.014
M0QYM3,0.014
V9GYW1,0.014
A0A087WTA2,0.014
B7Z9D3,0.014
A0A087X1Y9,0.014
A0A7P0T9X8,0.014
Q14174,0.014
A0A2R8Y4J9,0.014
A0A6Q8PG80,0.014
A8MRB1,0.014
D2CPK0,0.014
H0YDG0,0.014
M0R1S6,0.014
Q9NVP8,0.014
F5H497,0.014
A0A0H4A7S4,0.014
A0A087WXJ5,0.014
Q9BW30,0.014
Q8WZ72,0.014
H3BMY8,0.014
A0A7G9U7H8,0.014
F8WDT5,0.014
C9JNH8,0.014
A0A2R8YCE0,0.014
R4GMW0,0.014
H3BUZ6,0.014
Q99891,0.014
Q7L4N0,0.014
E5RI59,0.014
X6RLA8,0.014
Q8NF55,0.014
H7C0S1,0.014
K7EJK6,0.014
A5JUZ3,0.014
B1AKH8,0.014
Q6PJZ2,0.014
A0A087X0E7,0.014
A0A7I2V2Z9,0.014
F5GZY6,0.014
C9J1C7,0.014
B8ZZC5,0.014
B8ZZL3,0.014
H3BNA1,0.014
Q9Y3C5,0.014
J3QS62,0.014
M0QZC3,0.014
H0YLS3,0.014
A0A0J9YWR0,0.014
Q6IAQ2,0.014
H7BZ82,0.014
D2Y6W8,0.014
G1FFF0,0.014
I3L4T6,0.014
M0R1K5,0.014
Q9UC05,0.014
A0A0S2Z3T2,0.014
A0A1B0GUD8,0.014
V9GY49,0.014
C9K0A1,0.014
A0A7S4ZDQ1,0.014
E5RFR5,0.014
B7Z8U0,0.014
E9PP80,0.014
C6GLZ0,0.014
L8EA86,0.014
C9JMN4,0.014
H7C3P2,0.014
Q5J7V8,0.014
Q75MY1,0.014
Q8IZV2,0.014
Q6P0A1,0.014
D2WHG0,0.014
H3BQB9,0.014
C9K0C8,0.014
B4DHK7,0.014
Q9Y5N3,0.014
A0A866W2F7,0.014
Q9BVW7,0.014
E5RJ37,0.014
Q5T3T1,0.014
R4RS95,0.014
A0A7G8LS82,0.014
E9PP61,0.014
O75979,0.014
C9JIJ5,0.014
Q3MUY2,0.014
B1AHM8,0.014
J3QS61,0.014
Q9H1M4,0.014
B3KXD7,0.014
A0A140T9A7,0.014
P61927,0.014
O43676,0.014
A0A087X1A9,0.014
H7C519,0.014
A8MUS3,0.014
O00258,0.014
J3KSA8,0.013
Q53RF5,0.013
F5H623,0.013
H7C032,0.013
B4DEN3,0.013
Q5QPM1,0.013
A4GHG1,0.013
E5RHY6,0.013
H0YMA0,0.013
C9JNE5,0.013
E9PQI5,0.013
F5GXX5,0.013
K7EMK8,0.013
E1Y3Y5,0.013
Q5TFA5,0.013
K7EPL1,0.013
K7ENL1,0.013
Q8IZZ8,0.013
D6RAV6,0.013
Q9UJV7,0.013
Q8TDA2,0.013
E5RFX8,0.013
F5GYA7,0.013
J3KRY6,0.013
A0A096ZUC0,0.013
Q14691,0.013
A0A0C4DFM9,0.013
C9JM66,0.013
Q9NUW0,0.013
R4GMS3,0.013
J3QRL5,0.013
C9JAB0,0.013
D6RGJ1,0.013
S4R3K4,0.013
F5H3U5,0.013
L8E7F7,0.013
A0A804HJ85,0.013
A0A1W2PQ05,0.013
C9JVS8,0.013
A0A0S2Z4R5,0.013
C9J184,0.013
H0YE64,0.013
A0A2R8Y693,0.013
Q4U2R6,0.013
Q14206,0.013
C9JIT1,0.013
D6REZ3,0.013
C9J7V5,0.013
E9PLL0,0.013
H3BVC6,0.013
Q5JU01,0.013
G3V3D8,0.013
A0A2R8Y7F8,0.013
D6RIW9,0.013
H0YM35,0.013
H7C5S9,0.013
D6RAA8,0.013
E9PRZ2,0.013
G3V555,0.013
A0A7I2V2X4,0.013
Q86SK8,0.013
C9J8K6,0.013
A0A7I2V6G3,0.013
D6RDK5,0.013
E9PIB6,0.013
Q59GA3,0.013
E9PIU0,0.013
M0R2K3,0.013
Q8NEA4,0.013
M0R1C3,0.013
A0A087WYV6,0.013
K7ENW4,0.013
C9JA26,0.013
Q6PKC8,0.013
A0A3B3IST1,0.013
H3BNW6,0.013
A4F3V8,0.013
Q9NRP0,0.013
F8WC38,0.013
J3KSP5,0.013
F8WDH5,0.013
E7EWI4,0.013
B3KY15,0.013
Q5VZD9,0.013
Q9UE84,0.013
J3KT61,0.013
Q69YG0,0.013
F8WAF5,0.013
H3BSE5,0.013
D6RHV9,0.013
Q8NDR3,0.013
A7KS94,0.013
Q9UKR4,0.013
A0A7P0TB48,0.013
L0R6J0,0.013
E5RGI8,0.013
A3KN74,0.013
M0R0W0,0.013
A0A0D9SF76,0.013
I3L1L8,0.013
A0A7R6M8P5,0.013
H0YNA1,0.013
A5XEJ4,0.013
B8ZZP2,0.013
V9GYW0,0.013
B3VRE5,0.013
H7C0T9,0.013
H0YKB8,0.013
A0A2R8YFK8,0.013
G3V5F7,0.013
H9KV91,0.013
H0YK05,0.013
Q9H4C3,0.013
F8W1K7,0.013
L8E838,0.013
A0A0D9SFW0,0.013
Q9UBR5,0.013
F5H1N9,0.013
E9PS73,0.013
Q9UMA1,0.013
B4DFG7,0.013
J3QRB3,0.013
L0R5B6,0.013
E9PGT6,0.013
H0YLN9,0.013
E9PJL8,0.013
A0A087WYU8,0.013
H0YGR1,0.013
Q7Z5C5,0.013
A0A0G2JR45,0.013
M4X2U0,0.013
F8WCP3,0.013
A0A0A7KW96,0.013
A0A087WXX5,0.013
P14770,0.013
A0A7I2YQL6,0.013
E9PQE5,0.013
G3V1W5,0.013
Q8N3H0,0.013
K7EQQ5,0.013
Q69YV8,0.013
H0YMJ5,0.013
F2Z2L1,0.013
E9PM70,0.013
F8WDD3,0.013
A0A1J1DRW2,0.013
A0A3B3ISI8,0.013
A0A7I2V3U7,0.013
G3V2K9,0.013
F5H1Q8,0.013
E9PLE9,0.013
I1YAQ1,0.013
C9JTD3,0.013
H3BVB2,0.013
A0A2R8Y640,0.013
A0A8A0R1R6,0.013
B2R4A9,0.013
A0A0S2Z408,0.013
U3KQ93,0.013
Q9HBE7,0.013
A0A0S2Z359,0.013
C9JBM7,0.013
Q5BN46,0.013
D6RBM3,0.013
B7ZBX6,0.013
Q9UHU0,0.013
D6RBX4,0.013
Q5VTH2,0.013
X5FSQ3,0.013
A1L192,0.013
L8E7H5,0.013
C9JZW8,0.013
H7BZS9,0.013
R4GNF8,0.013
A0A5F9ZHU0,0.013
Q96KL5,0.013
C9JSI2,0.013
B4DNB2,0.013
A0A1B0GV95,0.013
H7C243,0.013
F1T0J9,0.013
F5H1R6,0.013
A0A087WV44,0.013
U3KQF6,0.013
L8ECC7,0.013
H3BRN5,0.013
A0A669KBF7,0.013
A0A3B3ITL6,0.013
B8ZZV5,0.013
B9VP24,0.013
Q8NDN3,0.013
A0A7I2V2N0,0.013
C9JS83,0.013
B4DFE6,0.013
J3QSD8,0.013
B3KP82,0.013
O43625,0.013
G3V2Y7,0.013
L8EA41,0.013
F5GXG1,0.013
A0A1W2PS74,0.013
C9JKV5,0.013
O95276,0.013
A0A8A5TV81,0.013
R4GN61,0.013
C6GLP7,0.013
E5RJN8,0.013
C9J935,0.013
B4DK47,0.013
A0A7I2V4K3,0.013
E9PP99,0.013
Q59FR2,0.013
B4DZN5,0.013
E9PR99,0.013
B4DUX2,0.013
A0A087X1B7,0.013
Q53TF4,0.013
A0A0S2Z526,0.013
B4E2M5,0.013
P46781,0.013
A4D0U4,0.013
C9JWD6,0.013
B3VRD0,0.013
A0A087WZ41,0.013
F8WDS3,0.012
B4DVY6,0.012
E9PFW9,0.012
A0A3B3IUB7,0.012
T1WRW3,0.012
F8WBP2,0.012
Q9NTB8,0.012
E9PRJ3,0.012
Q13541,0.012
O95751,0.012
Q6P5W7,0.012
K7EPV1,0.012
Q658I8,0.012
H7C5D1,0.012
A0A1B0GUW7,0.012
A0A087WWZ0,0.012
B0QY74,0.012
Q14XY3,0.012
C9IY67,0.012
P01185,0.012
O60846,0.012
B1ANM0,0.012
J3QKU0,0.012
H0YC75,0.012
Q75M98,0.012
A0A221LEJ3,0.012
A0A087WV26,0.012
G3V374,0.012
F6SZ09,0.012
M0R1L1,0.012
Q5W111,0.012
Q9BUV8,0.012
K7EIR9,0.012
G5E9J7,0.012
Q3MHD2,0.012
Q5FWF7,0.012
B9TX02,0.012
H0YIP2,0.012
H7C480,0.012
L8EC82,0.012
B4DJG2,0.012
F5H5L0,0.012
E5RJF7,0.012
B4DNA9,0.012
E5RIG9,0.012
Q96LE4,0.012
F8W1J2,0.012
C9JVY9,0.012
K7ESD3,0.012
A0A6Q8PGE7,0.012
D6RAR0,0.012
Q8NCR1,0.012
M9MML5,0.012
Q96LR4,0.012
A0A5F9ZHL7,0.012
H0Y9C2,0.012
D6R9D7,0.012
B4DZG9,0.012
U3KPT4,0.012
Q9P2W3,0.012
H7C472,0.012
L8ECB6,0.012
A0A1B0GTD5,0.012
D6REQ5,0.012
Q9P155,0.012
F5GZF8,0.012
A2A2P1,0.012
A0A0G2JK30,0.012
E9PQ02,0.012
A0A7I2V3X8,0.012
E5RJS4,0.012
F8WE71,0.012
E9PL40,0.012
J3KR56,0.012
C9J331,0.012
Q9UIL6,0.012
E5RGH0,0.012
H0YBN7,0.012
B8ZZ71,0.012
Q9BYC9,0.012
X6RHR0,0.012
Q5IRA6,0.012
F8WEJ6,0.012
C1KC08,0.012
F5H8H7,0.012
A2NHJ0,0.012
H3BP27,0.012
I3L3J7,0.012
E9PPX6,0.012
H3BMW7,0.012
B1AH62,0.012
Q9NV31,0.012
X6RC30,0.012
A6PVN6,0.012
F8VZH2,0.012
A0A0A0MRF8,0.012
H3BU94,0.012
O60356,0.012
H0YLN3,0.012
A0A286YFK9,0.012
F8WD93,0.012
A0A067XG57,0.012
H0Y9C7,0.012
Q4W5A5,0.012
F5H852,0.012
I3L4V5,0.012
K4JXU1,0.012
G3V580,0.012
Q6UVH2,0.012
Q9Y3U8,0.012
Q86WV2,0.012
A0A1B0GUU8,0.012
B7Z4E6,0.012
P10082,0.012
B5MC48,0.012
Q6PIW1,0.012
J3QL66,0.012
Q8WWY7,0.012
A0A494C0R7,0.012
I3L2W7,0.012
A0A192GQE0,0.012
H0YAG2,0.012
K7ES29,0.012
H0YII7,0.012
F8W1Z9,0.012
Q96HL2,0.012
B4DKI9,0.012
A0A6Q8PGX0,0.012
Q69YH0,0.012
J3QQJ3,0.012
A0A0U1RR19,0.012
B4DJJ4,0.012
A0A1W2PRR6,0.012
B5MCZ6,0.012
G8JLQ3,0.012
D6RDZ2,0.012
A0A1B1HY35,0.012
H3BMH8,0.012
H0YKZ9,0.012
B3KSW0,0.012
A0A140T9Z5,0.012
A0A6Q8PGF8,0.012
U3KQ05,0.012
E9PSD4,0.012
F8W6J7,0.012
A0A1B0GWF0,0.012
E5RFK7,0.012
A0A0G2JIT5,0.012
H0YDY2,0.012
L8E9E6,0.012
Q9BZK5,0.012
Q9Y649,0.012
C9J9B4,0.012
U3KQU4,0.012
P61572,0.012
D2KFR9,0.012
C9J151,0.012
B7Z271,0.012
F8W1W1,0.012
A0A0C4DH86,0.012
A0A5F9ZHR0,0.012
D6RFF2,0.012
K7ENQ2,0.012
A0A345Z977,0.012
C9JBL0,0.012
D6RDH5,0.012
A0A0A0MRF4,0.012
Q7LE22,0.012
Q9NYC6,0.012
A3F6J9,0.012
Q7Z3T0,0.012
Q96E34,0.012
A0A192GRD0,0.012
Q5JUV6,0.012
Q5VZ52,0.012
Q9H480,0.012
P0C0S5,0.012
J3QSG2,0.012
Q16441,0.012
E9PM06,0.012
A0A494C195,0.012
Q96H29,0.012
O00172,0.012
E3W974,0.012
M0R1J8,0.012
A0AUK5,0.012
Q6P6H6,0.012
P49207,0.012
M0R0N7,0.012
I6U4P1,0.012
A0A087WUM3,0.012
B8YNU9,0.012
A0A075X8C1,0.012
B3KNQ2,0.012
F5H0E9,0.012
A0A2R8YD79,0.012
A0A2R8Y484,0.012
A0A097KTZ0,0.012
A0JLQ4,0.012
Q4W5F8,0.012
H3BUP2,0.012
C9JD95,0.012
A2AB89,0.012
E9PMB7,0.012
G3V532,0.012
F8WF21,0.012
F5H8G5,0.012
C9J9W0,0.012
Q5IEC8,0.012
Q9H362,0.012
A0A159X613,0.012
C9IZ83,0.012
G9G139,0.012
A0A087WVE6,0.012
A0A0U1RQD8,0.012
Q8IVP5,0.012
H7C3D0,0.012
B2R5C5,0.012
B0AZS0,0.012
Q9Y5J7,0.012
A0A0S2Z488,0.012
C9J7G0,0.012
E5RFH1,0.012
G3V1T3,0.012
K7EK90,0.012
C9JC63,0.012
H0YFR6,0.012
A0A087WX72,0.012
M9UVU3,0.012
Q7KZ39,0.012
A0A494BZZ7,0.012
G3V3Q6,0.012
B4DL74,0.012
E9PIF0,0.012
D6RGX6,0.012
H0Y9E4,0.011
Q96F32,0.011
F8WA66,0.011
L8E737,0.011
E9PQC2,0.011
J3QKK6,0.011
A0A1B0GTH7,0.011
E9PJM9,0.011
B7Z248,0.011
C9IZC3,0.011
A0A0A0N0L6,0.011
L8ECP9,0.011
M0QZ37,0.011
C9JX80,0.011
Q5T2H3,0.011
F2Z2G4,0.011
H7C5I3,0.011
J3KS15,0.011
Q5ZEY9,0.011
O15280,0.011
E9PDE3,0.011
C9JWD9,0.011
H0YMH8,0.011
F8VW99,0.011
Q5ZEZ4,0.011
Q9BZS5,0.011
B4E310,0.011
U3KPZ3,0.011
F5H3G7,0.011
A6NIT4,0.011
E9PNQ9,0.011
A0A0S2Z564,0.011
O75588,0.011
H0YA00,0.011
E5RIX5,0.011
Q07A19,0.011
B4DFF5,0.011
E9PKJ1,0.011
L0R6E0,0.011
A0A0S2Z3Z7,0.011
A0A0J9YXF6,0.011
Q1RMF0,0.011
A0A087WTE3,0.011
B7ZBP7,0.011
Q3C1V5,0.011
Q8TBP3,0.011
F6UE82,0.011
Q49AS3,0.011
Q13818,0.011
Q8IWM0,0.011
D6RGE2,0.011
D6REJ8,0.011
L0R823,0.011
Q9UEU7,0.011
B3VCF6,0.011
H0YBM8,0.011
D6RFI0,0.011
F5H5E8,0.011
A0A0G2JKF1,0.011
F5GWC3,0.011
E5RIY4,0.011
H7C449,0.011
E9PJG2,0.011
E5RGR2,0.011
E9PIA7,0.011
C9JE25,0.011
Q8NCG1,0.011
E9PQ35,0.011
B3KPP5,0.011
F8WF56,0.011
E9PAR0,0.011
Q15945,0.011
F8WC67,0.011
G3V4G1,0.011
A0A3B3IT39,0.011
B1B1F0,0.011
C9JJA7,0.011
Q9BZA0,0.011
A0A192GQM1,0.011
H3BU43,0.011
C9JV60,0.011
H0YHS0,0.011
Q9NQ30,0.011
B4DQF3,0.011
C9JXG2,0.011
Q2L7J7,0.011
A0A087WVR2,0.011
F8VR53,0.011
H0YMZ8,0.011
M0R2I3,0.011
H0YNI4,0.011
A0A0S2Z5H0,0.011
E9PQ16,0.011
F8WBB9,0.011
X5D7P1,0.011
B2R538,0.011
A0A515MFP5,0.011
C9JX74,0.011
C9J7D9,0.011
A0A3B3IS45,0.011
A8MZ26,0.011
O14519,0.011
B9A053,0.011
P45973,0.011
F5GWK5,0.011
Q16128,0.011
E9PNY3,0.011
J3KRW4,0.011
Q16524,0.011
L8E9C5,0.011
U3KQB2,0.011
A8MVK1,0.011
Q5I0X4,0.011
E9PR32,0.011
Q6P5W9,0.011
A0A804HLA8,0.011
F8WCU3,0.011
A0A3Q8PZA0,0.011
H3BUX8,0.011
Q6ZQV5,0.011
B4DPC9,0.011
Q6ZNN5,0.011
C9JYR8,0.011
E7EPV1,0.011
G3V1L6,0.011
S4R433,0.011
B4DG25,0.011
P0DJH9,0.011
B4DWX4,0.011
A0A0U1RQI2,0.011
Q5SY13,0.011
S4R3A1,0.011
A0A087WXN3,0.011
A0A1B1HY13,0.011
Q8WYC0,0.011
D2KB99,0.011
C9JPS2,0.011
K7EL41,0.011
B4DZ21,0.011
A0A0C4DGI8,0.011
G3V399,0.011
Q9C005,0.011
U5XJZ4,0.011
D6R9T8,0.011
P02818,0.011
F5GY33,0.011
L0R6P6,0.011
Q9H382,0.011
J3KNZ3,0.011
A0A0A0MSP4,0.011
Q9NRY2,0.011
Q86SZ9,0.011
Q9NZE8,0.011
J3QKQ6,0.011
B2R9B9,0.011
F8W656,0.011
Q108N2,0.011
E9PLP0,0.011
A0A3B3ISB3,0.011
Q8TE46,0.011
B0QYI5,0.011
A0A0U1RQL2,0.011
A8MZF5,0.011
C9JMS0,0.011
A0A087WU85,0.011
K7ENA5,0.011
H3BN52,0.011
Q8NI11,0.011
Q9H4N8,0.011
D6RB12,0.011
C9JB34,0.011
A0A6Q8PF26,0.011
B7Z6T5,0.011
B8ZZA3,0.011
B4DUH9,0.011
A0A0C4DH76,0.011
C9J9Y4,0.011
L8EA03,0.011
M0QYU5,0.011
Q6ZUT2,0.011
A0A5P9KGQ3,0.011
E5RHN4,0.011
M0R293,0.011
I0EZ68,0.011
I1VE20,0.011
B4DGL7,0.011
I3L4K6,0.011
V9GZN9,0.011
Q5JXC5,0.011
Q9P1I5,0.011
E9PHZ8,0.011
J3QQS6,0.011
I3L0R8,0.011
M0R1C4,0.011
O60516,0.011
H0YHC3,0.011
B4XH68,0.011
J3KSW4,0.011
Q9H722,0.011
A0A2R8Y539,0.011
A0A2R8Y586,0.011
B4DTK8,0.011
D3DVG2,0.011
Q8WXR6,0.011
H7BZL1,0.011
A8W2L8,0.011
B4DDS1,0.011
K7EKV5,0.011
D6REA2,0.011
B4DMN0,0.011
F8VUI9,0.011
A0A087X1U8,0.011
Q9BZQ0,0.011
I3L348,0.011
G3V264,0.011
M0QXW3,0.011
K7ENW8,0.011
Q86TR6,0.011
Q6TME0,0.011
E5RFG4,0.011
Q96BP5,0.011
H3BTZ8,0.011
L8EAD1,0.011
B4DUG7,0.011
E9PNN2,0.011
A0A494C033,0.011
F8WDW0,0.011
Q59G24,0.011
A0A1B0GUZ9,0.011
L8ECI6,0.011
K7ES67,0.011
A0A0R5RI31,0.011
Q3SYP4,0.011
J7M2K9,0.011
A0A096LPB8,0.011
C9IYX7,0.011
B4DNH8,0.011
D6RBG8,0.011
A0A0S2Z4V3,0.011
A7E2U9,0.011
A0A7R6M8N0,0.011
J3KRS3,0.011
D6RIT6,0.011
E5RG33,0.011
Q9H2I8,0.011
Q53SV4,0.011
Q8NF46,0.011
Q16340,0.011
Q9H9V4,0.011
H7C305,0.011
K7EQ63,0.011
Q8WUW1,0.011
I3L497,0.011
E9PRJ7,0.011
A0A2R8YDI6,0.011
K7ERX6,0.011
M0QYV7,0.011
Q9BQ48,0.011
Q9H3J6,0.011
F5H5D9,0.011
A0A1P8NQB7,0.011
A0A087X068,0.011
K7ESN5,0.011
Q96MD7,0.011
Q96MX0,0.011
H0YML0,0.011
A0A804HHU5,0.011
C9J5P8,0.011
F8WE56,0.011
D2Y6X7,0.011
E9PM24,0.011
Q96IK1,0.011
L0R855,0.011
Q5JPB9,0.011
D2Y6X3,0.011
D6R983,0.011
E5RGC2,0.011
K7ER68,0.01
B4DX77,0.01
H3BUY6,0.01
G3V333,0.01
J3QRG3,0.01
Q2V8N0,0.01
B4DMC7,0.01
C6GLW3,0.01
A8K415,0.01
F8WEW0,0.01
L8E928,0.01
L7ZC27,0.01
L8EB75,0.01
G3V2N0,0.01
A4D0T7,0.01
B3KVT6,0.01
D6RGF1,0.01
Q8N8A8,0.01
J3QR05,0.01
A0A140TA63,0.01
B7Z3W9,0.01
I3L153,0.01
A0A087WYF0,0.01
H3BPP2,0.01
D2CPJ3,0.01
E9PS89,0.01
K7ERV8,0.01
B3W6H5,0.01
C9JD50,0.01
H0YE81,0.01
B3KN43,0.01
Q8TBR4,0.01
H0Y9I9,0.01
Q9BZT6,0.01
A0A2R8Y4M2,0.01
E5RGD0,0.01
E7EMX0,0.01
B4DQN1,0.01
A0A0A0MSV8,0.01
A2AB11,0.01
A0A0U1RQT4,0.01
A0A5F9ZI35,0.01
H0YD02,0.01
Q5H943,0.01
A6NL66,0.01
B7ZL33,0.01
B6VB31,0.01
A0A1W2PQP9,0.01
A0A0S2Z5Y0,0.01
Q13313,0.01
A0A1W2PRQ8,0.01
Q6IB68,0.01
A0A6Q8PFK7,0.01
H0YB00,0.01
A0A087WZ35,0.01
E9PL26,0.01
O14737,0.01
J3KS65,0.01
L8E8H2,0.01
H7C280,0.01
Q45FE0,0.01
S4R443,0.01
A0A7P0TB46,0.01
Q9BZ69,0.01
F8W1F2,0.01
P15954,0.01
A0A1W2PRV0,0.01
E9PK00,0.01
Q53R30,0.01
B3KUT8,0.01
D6RHI1,0.01
F8WEW1,0.01
Q8TEV2,0.01
J3QQR9,0.01
A0A2R8Y6Q2,0.01
C5IU89,0.01
Q8NGK8,0.01
Q9UE66,0.01
F8VNZ8,0.01
H0YLK3,0.01
G3V2V6,0.01
H7C3N5,0.01
C9J6M0,0.01
A0A087WUC0,0.01
F6UR09,0.01
C6GM00,0.01
Q8N300,0.01
B4DGV8,0.01
A0A7I2V5V4,0.01
C9J3B6,0.01
G3V509,0.01
Q7Z5X3,0.01
A0A0F6X1D7,0.01
E9PKT7,0.01
D6RFW1,0.01
F8VYZ2,0.01
B0YIY4,0.01
B4DEE0,0.01
A0A804CBI3,0.01
D6RJE7,0.01
B1AQP2,0.01
C9IZG7,0.01
A0A087WU71,0.01
E5RFJ1,0.01
B4E000,0.01
A0A3B3ITR3,0.01
H3BU18,0.01
J9JIC6,0.01
P78453,0.01
C9JS68,0.01
Q7Z5A9,0.01
Q8WV73,0.01
L8EB32,0.01
A0A494C0H6,0.01
Q5JXG1,0.01
A0A7I2V3D9,0.01
Q53TC0,0.01
A0A286RZ48,0.01
B4DJH1,0.01
B4DU62,0.01
D6R9D1,0.01
H3BQI6,0.01
A0A087WVY8,0.01
X6RHK1,0.01
A0A7P0T8Y3,0.01
Q9P2Z7,0.01
F5H227,0.01
Q13749,0.01
B0QYH3,0.01
G4V503,0.01
B4DM07,0.01
Q9H773,0.01
L8ECN5,0.01
F5H612,0.01
H3BQY4,0.01
Q6UWK7,0.01
H7C1Y4,0.01
H7C1P1,0.01
I3L0X6,0.01
C9IZN2,0.01
L8E9D8,0.01
K7ESH9,0.01
B3KWQ7,0.01
E5RFN1,0.01
K7EP34,0.01
B2R4J7,0.01
L8EAV1,0.01
Q75MI7,0.01
Q96FZ5,0.01
Q0P6D9,0.01
Q71V04,0.01
F2Z3H0,0.01
V9GYS3,0.01
K7EJN0,0.01
Q5FC10,0.01
D6R915,0.01
K7EM24,0.01
K7EQ60,0.01
Q9NRG0,0.01
Q13063,0.01
B4DJW5,0.01
Q16292,0.01
L8E9F2,0.01
F5H120,0.01
K7EK27,0.01
A0A590UK74,0.01
A0A7I2V3C5,0.01
Q6LEN6,0.01
Q13580,0.01
E7EQF8,0.01
A0A0S2Z3M0,0.01
G3V3H5,0.01
E9PPH0,0.01
K7ERU1,0.01
Q9P1S2,0.01
P02652,0.01
O14748,0.01
Q1L6U9,0.01
M0R2G6,0.01
H3BTK8,0.01
Q2PDH7,0.01
J3QRA5,0.01
A0A0Y0IMM4,0.01
F8WCG2,0.01
Q05CQ7,0.01
Q9Y6M9,0.01
B4E330,0.01
C9J459,0.01
V9GY50,0.01
B3KUU6,0.01
Q52M44,0.01
O95262,0.01
G3V4C6,0.01
F5H5X2,0.01
I3L2I3,0.01
F8VR71,0.01
A0A3B3IUA8,0.01
F5H8D0,0.01
A0A1B1PFX6,0.01
A8MTZ0,0.01
E9PRV1,0.01
G3V2S6,0.01
A0A7P0T8I8,0.01
A0A192GQG0,0.01
E7EWT0,0.01
A0A1B0GTI8,0.01
Q9NXZ3,0.01
Q6P456,0.01
A0A2R8YHA6,0.01
K7EJC9,0.01
O43649,0.01
Q8NHT5,0.01
I3L3T0,0.01
Q68CV6,0.01
Q05CF7,0.01
Q8WYD6,0.01
H0YDX8,0.01
A8CGI6,0.01
F8W905,0.01
C9J5M2,0.01
H3BTG8,0.01
Q5SVM7,0.01
H3BQM3,0.01
L8ECM0,0.01
E5RH17,0.01
P21741,0.01
B4E238,0.01
Q9NP93,0.01
H3BTB3,0.01
D6RIF9,0.01
K7EID1,0.01
Q71V81,0.01
E9PKY4,0.01
Q5JUH9,0.01
A0A0U1RQM9,0.01
A3KN61,0.01
Q8WYE6,0.01
C9JML1,0.01
A0A2R8Y540,0.01
C6GLV7,0.01
Q6JJ72,0.01
E9PIJ1,0.01
Q9HCQ4,0.01
H0YNK7,0.01
P0DKL9,0.01
H0YM87,0.01
H3BSI8,0.01
Q9H2L4,0.01
A0A6Q8PG77,0.01
A0A0S2Z639,0.01
A0A7P0T9X9,0.01
A0A0U1RRA0,0.01
Q7KZ25,0.01
E7EMH4,0.01
E9PP78,0.01
O14853,0.01
Q9Y244,0.01
H0YBI1,0.01
J3QR77,0.01
L8E957,0.01
B4DT49,0.01
B7Z397,0.01
J3KNZ4,0.01
A0A494BZU4,0.01
Q63HP3,0.01
H3BRH8,0.01
A0A7I2V5P3,0.01
B4DDK0,0.01
A0A0A0MSS0,0.01
H0YDV6,0.01
C9J3C1,0.01
B0YIY5,0.01
Q9C062,0.01
Q07414,0.01
F5GXP1,0.01
L8E745,0.01
D6RBR9,0.01
H7C354,0.01
I3L2N0,0.01
Q0ZAJ3,0.01
F8VWE0,0.01
K7EMN1,0.01
A8MV24,0.01
F6V6Z1,0.01
E9PMG7,0.01
K7ELK9,0.01
M0R123,0.01
H3BT44,0.01
P84101,0.01
B3KVP3,0.009
F5H4P9,0.009
A0A1W2PQL5,0.009
A0A1B1HY29,0.009
A0A804HL51,0.009
K7EPK7,0.009
A0A1W2PPE9,0.009
Q7Z4D2,0.009
Q69YR9,0.009
F8VQF2,0.009
M0QZA2,0.009
E2QC07,0.009
Q6Q319,0.009
Q3SB16,0.009
A4VCH5,0.009
B4DFB7,0.009
H3BN23,0.009
C9J052,0.009
A0A7P0T9Q3,0.009
A0A087WUQ7,0.009
Q5IKE6,0.009
A0A0M4AZU7,0.009
Q9UL98,0.009
H3BU31,0.009
J3KSN4,0.009
H3BNL5,0.009
H0YJI0,0.009
H0Y9F7,0.009
A0A1Z2R910,0.009
L8E9N1,0.009
Q59GX8,0.009
F8W1U1,0.009
A0A0A8J2J0,0.009
L8E8G5,0.009
B4DLJ8,0.009
K7EIH3,0.009
B3KWW2,0.009
C9JXQ1,0.009
A0A3B3ISA4,0.009
L8E7D1,0.009
H2KMD7,0.009
I3L0U1,0.009
J7PW20,0.009
A0A7R8GUN6,0.009
K7ER50,0.009
L8E7L0,0.009
A0A087X0Z8,0.009
S4UM43,0.009
Q59G89,0.009
C9JZJ5,0.009
A0A0U1RRK0,0.009
C9J8H7,0.009
H0YD26,0.009
L8E7W8,0.009
Q9UME2,0.009
Q3KZ29,0.009
Q96B42,0.009
B4E0P2,0.009
Q9NST9,0.009
E9PIT9,0.009
Q9Y3E0,0.009
Q5JYR3,0.009
K7EQ75,0.009
E5RIP1,0.009
O14683,0.009
A0A0H3WCX1,0.009
B4DSD4,0.009
J3KRI6,0.009
K7EPB3,0.009
O00168,0.009
Q6ZNU3,0.009
Q96QD1,0.009
O43716,0.009
I3L357,0.009
P26678,0.009
G3V3G3,0.009
L8ECM9,0.009
P60059,0.009
J3KT40,0.009
B4DE70,0.009
Q6Q9Z5,0.009
D6RD67,0.009
A0A286YEP3,0.009
A3EY21,0.009
D6RIC0,0.009
C9IYN7,0.009
Q5VZT6,0.009
L8ECE6,0.009
L8E749,0.009
H0YN64,0.009
A0A2R8Y291,0.009
L0R835,0.009
K7ENN9,0.009
Q92531,0.009
M0QX83,0.009
J3QLR0,0.009
Q99748,0.009
X6RHM1,0.009
B8Q179,0.009
A0A2R8YDA8,0.009
Q496H8,0.009
A0A7I2V308,0.009
A0A087WY74,0.009
K7EQL2,0.009
C9JH90,0.009
Q9BYE4,0.009
Q5T2D8,0.009
A0A087WXY3,0.009
Q5VUE5,0.009
E9PNM6,0.009
Q6LBI8,0.009
D6RE92,0.009
C9IYY0,0.009
Q9BZD9,0.009
D6RC54,0.009
D6RFF6,0.009
U3KPZ8,0.009
Q6P714,0.009
H0YIB9,0.009
B3KMY5,0.009
J3QKX1,0.009
F8W026,0.009
A0A087WVH1,0.009
J3QR78,0.009
G3V5J0,0.009
O76095,0.009
A0A0C4DG36,0.009
B4DGN4,0.009
E9PPQ0,0.009
C9J792,0.009
A0A087WTX8,0.009
I3L496,0.009
F8WFD7,0.009
J3QL93,0.009
F8VVF3,0.009
Q8WYE8,0.009
H0YKB9,0.009
K7EK93,0.009
J3QQN3,0.009
A0A172WCC1,0.009
G3V473,0.009
R4I3I2,0.009
D6RA59,0.009
A0A2R8YCI0,0.009
A0A0A0MTS6,0.009
H0YHP5,0.009
Q8NCQ3,0.009
H3BMW9,0.009
G3V1D5,0.009
B3KX37,0.009
I3L3I1,0.009
D6RFE6,0.009
A0A7R6RQ55,0.009
B1AKU2,0.009
Q59F23,0.009
E9PLM0,0.009
H7C4P9,0.009
O14724,0.009
F8W860,0.009
D6RCT0,0.009
C9IYI4,0.009
K7ENJ2,0.009
A0A6B9XMH6,0.009
Q8WYW8,0.009
Q7Z4L0,0.009
Q56CY1,0.009
A0A7P0Z4H8,0.009
Q5T6F6,0.009
A0A494C113,0.009
B4DWZ6,0.009
Q53S07,0.009
L8E8Q4,0.009
E9PPQ5,0.009
I3L124,0.009
D6RA10,0.009
H3BN45,0.009
Q1A5X7,0.009
C9JTM4,0.009
J3QRD5,0.009
F5H4R2,0.009
A0ASV4,0.009
G3V5S3,0.009
E9PR29,0.009
A0A2Z4QJC8,0.009
L8EAJ4,0.009
Q9BTK0,0.009
J3QL74,0.009
A0A098CK12,0.009
O15258,0.009
F8WBM7,0.009
A8K761,0.009
H0YN05,0.009
A0A087WUN3,0.009
H7C2X3,0.009
E9PKM5,0.009
H7BZC9,0.009
E9PPT0,0.009
M0R0U7,0.009
O43677,0.009
E5RFU4,0.009
A0A087WTY8,0.009
A0A0F6TN92,0.009
Q9NR00,0.009
A0A7I2V4V8,0.009
B7ZB72,0.009
Q9UPM1,0.009
A0A3F2YNX1,0.009
A0A0S2Z4J3,0.009
H7C2Z4,0.009
I3L4K3,0.009
Q8NFR3,0.009
E9PPF1,0.009
A0A7I2V4Q0,0.009
H7C5Q4,0.009
A6NCL2,0.009
J3QL02,0.009
O43600,0.009
F8WEN1,0.009
A1L193,0.009
I3L3G5,0.009
C9JE27,0.009
B3KTT3,0.009
B4DLZ4,0.009
A6NMK7,0.009
B8ZZ10,0.009
Q8NAN9,0.009
A3RL30,0.009
C9JGA6,0.009
R4GMN5,0.009
C9J3R7,0.009
B4DWD0,0.009
B7Z362,0.009
F5GZQ2,0.009
J3KRC0,0.009
Q15677,0.009
P24310,0.009
E9PS62,0.009
O14851,0.009
B7Z4G0,0.009
A0A0J9YWC2,0.009
L8E7N0,0.009
H0YL86,0.009
B9A034,0.009
Q69YU5,0.009
A0A087X1D8,0.009
F8WDQ0,0.009
Q5TF43,0.009
F5GZH8,0.009
Q9NPD7,0.009
C9JBD2,0.009
F8WE48,0.009
D6RA13,0.009
F8VPB4,0.009
Q96NG1,0.009
B7Z2V2,0.009
A0A0A0MSG8,0.009
M0QXW6,0.009
Q8N1U0,0.009
Q9NV34,0.009
Q7Z7B7,0.009
Q5T0A6,0.009
H3BTZ7,0.009
K7EIW8,0.009
E9PJ80,0.009
A0A386ING9,0.009
P10176,0.009
L8E7T1,0.009
F8VNS3,0.009
D6RF15,0.009
C9JU18,0.009
P0DMT0,0.009
A0A7H1D2R2,0.009
P48539,0.009
Q86WX3,0.009
B3VRG5,0.009
Q16559,0.009
A0A1W2PPY1,0.009
F8VTU7,0.009
E5RGR4,0.009
H0YEK7,0.009
M0R3G6,0.008
O60894,0.008
C9JGA2,0.008
H3BP44,0.008
Q96RQ7,0.008
V9GYC7,0.008
F5H7V8,0.008
A0A590UJQ4,0.008
Q7Z3Z2,0.008
F1C630,0.008
H0YEJ0,0.008
A0A087WWT7,0.008
E9PQ47,0.008
B4DWJ0,0.008
A9UJP9,0.008
D6RIF5,0.008
I3L222,0.008
E9PQX8,0.008
Q9NQ39,0.008
H0YLS6,0.008
Q6P5X5,0.008
L8EC62,0.008
C9J608,0.008
I3L473,0.008
A0A1B0GVN6,0.008
A0A0G2JJ82,0.008
S4R377,0.008
A0A126LAY9,0.008
B7Z4D4,0.008
K4DIB7,0.008
A0A1B1HY05,0.008
P0CW19,0.008
S4R3B5,0.008
A8K845,0.008
A0A7P0TB92,0.008
O75964,0.008
E9PLG2,0.008
A0A1B0GVZ1,0.008
F8VZ56,0.008
H3BMC4,0.008
Q1XBU7,0.008
A0A494C1N5,0.008
A8WI62,0.008
Q71RE4,0.008
A8K221,0.008
C9J456,0.008
C9J3E3,0.008
A0A3G2LR19,0.008
G3V2R7,0.008
Q9H4C0,0.008
A0A1B0GW54,0.008
D6RBC5,0.008
V9GYY8,0.008
O75320,0.008
H3BU54,0.008
Q96IR3,0.008
A0A0J9YVV8,0.008
C9J027,0.008
E9PM95,0.008
A0A7I2V6B7,0.008
A0A494C007,0.008
A8K0E1,0.008
Q6Q318,0.008
A0A1W2PPJ7,0.008
A0A1W2PPH6,0.008
V9GYX0,0.008
Q13166,0.008
H3BM84,0.008
C9JNQ0,0.008
Q496P1,0.008
A0A7I2V3D5,0.008
P63211,0.008
F8WF42,0.008
K7EPS0,0.008
F5H044,0.008
H0YLH6,0.008
Q96GJ3,0.008
C9J9Z5,0.008
A0A0D9SFU6,0.008
H0YJA3,0.008
F8W098,0.008
K7ELK8,0.008
I3L3D9,0.008
E9PJ54,0.008
H7BZU7,0.008
K7EP07,0.008
A0A0C4DGB0,0.008
C9JMT3,0.008
E9PRK3,0.008
Q9H036,0.008
H0Y2Y5,0.008
H3BRL4,0.008
Q96K17,0.008
Q4VX54,0.008
O00636,0.008
F8VSP7,0.008
E9PMC5,0.008
Q7Z755,0.008
J3KRB5,0.008
A0A804HIB8,0.008
M0QX48,0.008
J3QQN0,0.008
Q7Z6F0,0.008
A6XGN5,0.008
L8E7E1,0.008
Q8IXF7,0.008
Q71VF8,0.008
B3KVC9,0.008
Q0P5P2,0.008
Q5T7U8,0.008
M0R1F9,0.008
H0YIZ6,0.008
E5RIQ9,0.008
Q96JR7,0.008
E5RJV7,0.008
A0A0J9YY46,0.008
F5H2T6,0.008
A0A0U1RRJ8,0.008
C9JAQ4,0.008
A1L190,0.008
Q7Z382,0.008
J3KRR6,0.008
Q8NHG7,0.008
E9PNF1,0.008
A0A087WYH1,0.008
H0YMW7,0.008
K7ERD7,0.008
C9IY79,0.008
E9PCV3,0.008
C9JKI7,0.008
L8E827,0.008
L8E7C0,0.008
H7C2W5,0.008
P10997,0.008
A0A1W2PQL2,0.008
K7EP92,0.008
C9J871,0.008
A2TDB8,0.008
B4DVI5,0.008
F8WBC5,0.008
Q8TF08,0.008
B4DUL8,0.008
Q5JU97,0.008
O43920,0.008
B1AHJ6,0.008
A0A0A1EL53,0.008
H0YJT1,0.008
Q86YR0,0.008
B4DVC7,0.008
M0R0K6,0.008
Q9H9G4,0.008
A0A0C4DGR0,0.008
Q59FA9,0.008
Q00765,0.008
A0A6Q8JUI0,0.008
B4DSL7,0.008
A0A6Q8PFU4,0.008
B4DFP7,0.008
G3V560,0.008
B8ZZQ9,0.008
F6VAV3,0.008
A0A024R161,0.008
A0A1B0GXC0,0.008
C9JW92,0.008
U4PZJ2,0.008
Q8N4X1,0.008
A6NF83,0.008
Q85PI3,0.008
K7EL35,0.008
E5RGH1,0.008
A8CLK2,0.008
Q9NRQ5,0.008
H3BR84,0.008
K7EIU7,0.008
P62633,0.008
A0PJI1,0.008
Q8TER9,0.008
A0A087WTU4,0.008
C9J0A7,0.008
A0A087WYX7,0.008
S4R471,0.008
D6R9H3,0.008
D6RAR5,0.008
J3QS16,0.008
C9JY46,0.008
A0A3B3ISR5,0.008
H0Y8I5,0.008
Q9Y6A3,0.008
M0R2F8,0.008
A0A140T940,0.008
Q2M2F3,0.008
L8E8J4,0.008
F8W0C2,0.008
H0YAH2,0.008
O75440,0.008
A0ZSE6,0.008
A0A1W2PPY0,0.008
Q32MY8,0.008
P24311,0.008
H0YCW1,0.008
F8VSY1,0.008
A0A7I2V2T6,0.008
H3BN37,0.008
P83916,0.008
Q9H359,0.008
E7EMM1,0.008
C9JY01,0.008
Q9UDD3,0.008
F5GZR8,0.008
D6RBE3,0.008
A0A024RBB5,0.008
L8E721,0.008
Q8TCA4,0.008
A0A6I8PRD4,0.008
L8E9M9,0.008
K7ERR8,0.008
E7ESN1,0.008
H0YM59,0.008
F8W029,0.008
A0SEC1,0.008
Q5ZEZ3,0.008
J3QR34,0.008
Q6MZN6,0.008
I1Z9D4,0.008
C9J4R0,0.008
Q8NEQ2,0.008
Q9UFH1,0.008
A0A2R8Y8D6,0.008
H6SG15,0.008
Q8IWL5,0.008
A6PVN3,0.008
M0R3F2,0.008
B4E0P8,0.008
P30273,0.008
F5H2I0,0.008
Q96JR2,0.008
C9JU55,0.008
K7EKR2,0.008
H0YH82,0.008
C9K0Q7,0.008
K4KBD6,0.008
Q6QJE5,0.008
Q8WYC8,0.008
B4DLW5,0.008
D6RCB6,0.008
B4DUJ1,0.008
Q5QPJ7,0.008
Q9UPD3,0.008
P42766,0.008
Q9H963,0.008
Q86US5,0.008
A0A3Q9X1C4,0.008
L7R9R4,0.008
C9JXX5,0.008
A0A2R8Y7G0,0.008
O60250,0.008
Q3YL85,0.008
C9J8A7,0.008
C9J388,0.008
H0YMP9,0.008
H0YGW0,0.008
K7EK75,0.008
A0A3B3ITH5,0.008
H3BTF7,0.008
K7EQT8,0.008
Q96AH2,0.008
K9J972,0.008
E9PJC7,0.008
Q9H3A1,0.008
Q86TM7,0.008
Q5JTJ3,0.008
M0QXD1,0.008
E9PS35,0.008
Q6KEH8,0.008
V9GY21,0.008
K7EMV2,0.008
C9J0I5,0.008
Q8N9Q7,0.008
I3L4P6,0.008
D6RC57,0.008
E9PNA9,0.008
Q8N120,0.008
C9IZX9,0.008
A0A286YF13,0.008
Q16812,0.008
E5RFF6,0.008
A0A087WY60,0.008
A0A0A0MSX5,0.008
E2QRG1,0.007
H0YGW3,0.007
R4GMW1,0.007
A0A7P0T836,0.007
H0Y7I1,0.007
Q9BV19,0.007
A6NNU8,0.007
D6R954,0.007
L8E9B2,0.007
F5H4Z7,0.007
B3KRI9,0.007
M0QZ64,0.007
H0YHL7,0.007
L0R6M5,0.007
F8W1S6,0.007
L8E8P8,0.007
B4DE25,0.007
F2Z2P5,0.007
L8E9U8,0.007
A3KFI9,0.007
H0YAG7,0.007
Q86X19,0.007
C9JPG6,0.007
C9JU00,0.007
A0A087WVG9,0.007
Q8WVK7,0.007
Q8N5G0,0.007
Q9HDA8,0.007
D3YTD3,0.007
L8E7P7,0.007
Q6EWN4,0.007
M0R3B8,0.007
F8W6R7,0.007
A8MXE0,0.007
Q5SSC6,0.007
K7EJY9,0.007
Q9BXV9,0.007
H7C4A1,0.007
Q2T9L5,0.007
Q9P0T7,0.007
B7Z6L5,0.007
Q9HB13,0.007
M0QYI8,0.007
A6NKN8,0.007
Q9BZU2,0.007
Q6UW78,0.007
E9PFM6,0.007
X6RCC3,0.007
E5RI47,0.007
D6RDZ1,0.007
Q29897,0.007
K7EQZ2,0.007
E5RJ96,0.007
K7ERC6,0.007
B2RUZ4,0.007
B4E1H0,0.007
P59665,0.007
Q9P1N5,0.007
Q5TI88,0.007
C9JDR8,0.007
S5RG19,0.007
B4DR52,0.007
Q15217,0.007
P05386,0.007
A0A1B0GUD9,0.007
A4KYM7,0.007
B4DU50,0.007
C9JPZ9,0.007
H0YL50,0.007
A0A0G2JID8,0.007
Q9UFK5,0.007
B4DVA3,0.007
C9JMS1,0.007
A0A0R5RI69,0.007
Q9NZP3,0.007
E9PN51,0.007
Q86YL9,0.007
B4YCH1,0.007
Q29ZN6,0.007
A0A1B0GTC1,0.007
H0YKT3,0.007
A0A087WWS8,0.007
A0A804HKM4,0.007
A0A0A0MTT8,0.007
A0A087WTX3,0.007
E9PQL5,0.007
A0A3B3ITD4,0.007
Q5W0V1,0.007
A0A0A0MRL0,0.007
L8E8X6,0.007
G3V5C8,0.007
C9JKI6,0.007
E5RGI3,0.007
C9JSM2,0.007
Q5JW57,0.007
H3BNQ5,0.007
E9PJ42,0.007
C9JAG1,0.007
A0A7I2YQP4,0.007
C9IY65,0.007
E9PP55,0.007
A0A087WWA2,0.007
D6R9U9,0.007
B3KQL0,0.007
Q9Y584,0.007
A0A087WZK4,0.007
A0A2R8YGN5,0.007
C9JWL3,0.007
A0A0A0MT00,0.007
J3KRN7,0.007
H0YAX7,0.007
L8EAC0,0.007
E9PDU6,0.007
E9PKD8,0.007
L0R8K7,0.007
H0YBP4,0.007
Q5T1G4,0.007
Q9BRJ6,0.007
D6RCE8,0.007
H0YK99,0.007
C9IZ57,0.007
X6RH03,0.007
H3BNT9,0.007
Q9P1K6,0.007
G5E9Y8,0.007
C9JKP5,0.007
J3KRU7,0.007
C9J5G4,0.007
L0R6F6,0.007
L8ECQ2,0.007
J3KST8,0.007
X6R5P2,0.007
D6RGE8,0.007
Q9HB66,0.007
Q9Y225,0.007
B3KTI7,0.007
Q7Z4R1,0.007
F8WF46,0.007
L8EB17,0.007
Q9BSF0,0.007
H3BQ40,0.007
A0A0S2Z528,0.007
A6NHA5,0.007
E5RJA7,0.007
A0A087WVT9,0.007
E9PLV7,0.007
E5RJS3,0.007
C9JCZ8,0.007
E5RIB9,0.007
H0YMJ6,0.007
B7Z9U9,0.007
B4E0L2,0.007
Q8N2Z9,0.007
L8E6V6,0.007
Q6UXQ4,0.007
J3KSX3,0.007
G9I6H4,0.007
C9IYK6,0.007
Q5TG37,0.007
Q9BZZ3,0.007
L8E929,0.007
H3BVG9,0.007
Q5RLN2,0.007
C9K0V2,0.007
Q6PK57,0.007
C9J383,0.007
E5RFY6,0.007
L8EA53,0.007
G3V504,0.007
L8E6Y2,0.007
A0A2R8YDH5,0.007
A0A075B7F7,0.007
F8W0R6,0.007
H0YL14,0.007
H3BSD4,0.007
D6RII0,0.007
X6RL08,0.007
O95169,0.007
A0A087WZX2,0.007
F8WCQ9,0.007
L8EAK4,0.007
K7EMT0,0.007
H0YB32,0.007
C9IZ55,0.007
C9JFJ2,0.007
L8E903,0.007
A0A3B3ITA7,0.007
D6RDX9,0.007
Q6RFR5,0.007
A0A0A0MR55,0.007
Q7Z4Q0,0.007
Q6KED3,0.007
A0A1B0GUX2,0.007
Q15847,0.007
E5RJA8,0.007
B7Z571,0.007
E5RFE1,0.007
A0A0D5ZZZ2,0.007
A0A7P0T8B1,0.007
A0A2R8Y6F7,0.007
D6RD68,0.007
A0A1W2PQS3,0.007
L8EAQ4,0.007
A0A087WZ28,0.007
P0DJ07,0.007
E7ENR9,0.007
Q96PT3,0.007
L8E8D6,0.007
H0YIT4,0.007
B3KTG9,0.007
L8E8K5,0.007
B3KNS4,0.007
H0YMG9,0.007
B4DEZ0,0.007
Q9UPY2,0.007
K7EM64,0.007
A0A0B4J2F0,0.007
A0A3B3IRM6,0.007
J3QQL6,0.007
F4MHK0,0.007
Q5TH12,0.007
L8EAS6,0.007
Q7L643,0.007
Q68DM5,0.007
P01298,0.007
C9J0M4,0.007
J3QSA5,0.007
A0A087WWB7,0.007
C9JLW8,0.007
E9PKG5,0.007
A0A3S9KRB2,0.007
Q6PEJ9,0.007
E5RHE4,0.007
H7C326,0.007
A0A7I2V359,0.007
L8E8V3,0.007
Q58A44,0.007
Q75MM1,0.007
Q2PH55,0.007
E5RJB6,0.007
D6RCM7,0.007
H3BRZ1,0.007
L8E8B4,0.007
H7BZL0,0.007
A0A0S2Z3R1,0.007
H0YB60,0.007
Q8ND26,0.007
A6PVC9,0.007
B7Z3J5,0.007
F8VNW4,0.007
J3KS70,0.007
L8E9W4,0.007
A0A7I2YQE8,0.007
F8WDQ7,0.007
L8EC81,0.007
B7WP89,0.007
C3VA43,0.007
A0A2R8YF34,0.007
A6NF31,0.007
H3BUM7,0.007
M0QXP0,0.007
C9IYT1,0.007
E9PMM1,0.007
C9J4T8,0.007
H7BYY0,0.007
A0A7I2V5Q9,0.007
B7Z517,0.007
A0A0G2JQB5,0.007
D6RB44,0.007
H0YE11,0.007
C9JAV4,0.007
B4DIC4,0.007
Q8WXV7,0.007
Q8N5G3,0.007
B1AKP2,0.007
A2TDC0,0.007
Q68CR8,0.007
H0YDP6,0.007
L8E7U3,0.007
L0R6D7,0.007
L8E8U8,0.007
K7EMR5,0.007
A0A7D5Y5E2,0.007
H0YK91,0.007
A0A5F9ZHQ1,0.007
B7Z789,0.007
B1B1E7,0.007
Q6ZQS1,0.007
E9PNE1,0.007
A0A0D9SFZ9,0.007
Q8N508,0.007
F8WEM4,0.007
O14855,0.007
Q9BUA5,0.007
K7ES74,0.007
Q8WXJ4,0.007
K7EL58,0.007
B3VRK5,0.007
D6RFW7,0.007
P48201,0.007
L8E937,0.007
H3BU67,0.007
A0A096LNV3,0.007
C9JIS2,0.007
C9JBW0,0.007
Q5XKP0,0.007
E5RHD7,0.007
Q9UJZ4,0.007
K7EJ37,0.007
A0A2R8Y580,0.007
K7EM79,0.007
A0A1B0GV28,0.007
B4DN51,0.007
E9PKB6,0.007
E5RIY0,0.007
G3V332,0.007
Q9UK08,0.007
A0A6Q8PFT8,0.007
A0A590UJE7,0.007
A0A087WTM5,0.007
G3FEP9,0.007
L0R8I9,0.007
Q86T20,0.007
Q9NX76,0.007
F2Z3J6,0.007
C9J3Y4,0.007
E5RJD5,0.006
D6R9Q4,0.006
G3V4W6,0.006
Q6P1X2,0.006
Q9UI54,0.006
L8E762,0.006
B4E0X4,0.006
F5GYQ3,0.006
P78317,0.006
H0YBT7,0.006
I3L3Q3,0.006
Q59EX2,0.006
C9JU26,0.006
B1AHM9,0.006
C9JQ17,0.006
L7XCZ9,0.006
B1AKP1,0.006
Q8IV96,0.006
A9X3U0,0.006
Q9NR33,0.006
C9JIW4,0.006
B4DW42,0.006
Q15649,0.006
Q75LG9,0.006
J3QKW2,0.006
H7C3J1,0.006
K7EP01,0.006
K7EME3,0.006
Q9UFW8,0.006
B4DVM4,0.006
Q6PEV9,0.006
T1SG88,0.006
Q86Y02,0.006
D7UNU3,0.006
K7EMJ9,0.006
J3KN19,0.006
Q5JWU1,0.006
E5RJK9,0.006
F8VWV2,0.006
Q9H521,0.006
H0YJF8,0.006
F2Z2A4,0.006
E2J5K4,0.006
A0A669KBD8,0.006
C7BWB6,0.006
B3FHX2,0.006
H3BUH0,0.006
D6RCF4,0.006
X5D9N8,0.006
Q0VAF9,0.006
C9JFF8,0.006
Q5JV99,0.006
U3KQ87,0.006
I3L4P0,0.006
F5H5L8,0.006
O14548,0.006
F8VPN9,0.006
A0A1W2PS41,0.006
G3LU47,0.006
P18859,0.006
Q3ZAQ7,0.006
E5RGQ3,0.006
A0A0D9SFA2,0.006
I7GW38,0.006
Q14755,0.006
M0QX58,0.006
B4DH33,0.006
A0A8A0Y2Q6,0.006
L0R542,0.006
B7Z927,0.006
R4GN71,0.006
B4XZE3,0.006
E2I6G0,0.006
B4DMD4,0.006
Q32LY2,0.006
A0A087X0P8,0.006
J3QRN4,0.006
C9JXV4,0.006
Q9P1C3,0.006
Q8TBX0,0.006
L8E6W5,0.006
Q6PK32,0.006
A0A7I2V2Q1,0.006
A0A087WWP5,0.006
F8VSK7,0.006
E9PPJ6,0.006
D6RJ01,0.006
A0A024R9B7,0.006
E9PQV8,0.006
D6RG03,0.006
M0R166,0.006
Q5JW48,0.006
B0QYA8,0.006
A0A2R8YF35,0.006
Q16075,0.006
A0A5F9ZI27,0.006
J3QRL6,0.006
E9PNL1,0.006
B4DGF3,0.006
A0A5F9ZHM5,0.006
H0YNU4,0.006
A0A087X0S4,0.006
F5GX23,0.006
Q8WW32,0.006
L8E9H7,0.006
Q53T40,0.006
F8W095,0.006
A2RRP7,0.006
H3BSH0,0.006
Q71QC5,0.006
Q9P0K6,0.006
Q8NDK2,0.006
Q6LBK7,0.006
B0QY11,0.006
H7C3Y4,0.006
J3KRW6,0.006
A1L4L9,0.006
E9PLN1,0.006
H0YIN6,0.006
C9JQU1,0.006
A0A0D9SG25,0.006
I3L4G6,0.006
Q9NYM9,0.006
Q8TE88,0.006
A0A804HHS2,0.006
C9IYL0,0.006
D6RA86,0.006
L0R517,0.006
H0YFK7,0.006
O19682,0.006
Q8TCB9,0.006
Q9Y5L2,0.006
X5DP57,0.006
G3V540,0.006
H3BMZ8,0.006
Q96I36,0.006
F6T5D1,0.006
D6REK2,0.006
B1AHJ5,0.006
D6R9J9,0.006
H0YL57,0.006
O60531,0.006
E5RHM2,0.006
J3QLU0,0.006
Q7Z477,0.006
L8ECK2,0.006
Q9P086,0.006
Q13383,0.006
Q30011,0.006
E9PR30,0.006
Q9Y6J6,0.006
A0A1B0GVR7,0.006
A0A096LPC8,0.006
B4DIS4,0.006
H9KV98,0.006
L8E7N4,0.006
Q8NC12,0.006
H7C5H3,0.006
M0R2S3,0.006
A2A2E0,0.006
L8EA44,0.006
K7EJ46,0.006
L8EBD6,0.006
F5H0F1,0.006
Q9Y3C1,0.006
A0A087X125,0.006
A0A024R1R8,0.006
Q7Z4T2,0.006
C9JCN9,0.006
I3L276,0.006
Q9NX00,0.006
Q96C98,0.006
H0YDX2,0.006
A0A7I2V3L5,0.006
C9IZC9,0.006
X6RJD6,0.006
L8ECG5,0.006
G4V4Z8,0.006
Q7Z7F7,0.006
Q7Z674,0.006
H9KVA5,0.006
H0YFD4,0.006
O60535,0.006
I3L3E0,0.006
A0A087WZE5,0.006
Q9HCS8,0.006
E7EW87,0.006
Q9P0E1,0.006
F8WFB9,0.006
K7EN58,0.006
Q9NSQ0,0.006
C9JXY2,0.006
Q9BT23,0.006
Q8TD97,0.006
E9PR34,0.006
Q9P0T1,0.006
A0A096LNK2,0.006
C9JYB5,0.006
L8EC61,0.006
A0A126LAY4,0.006
A7J1Q6,0.006
I3L2A4,0.006
H0YD19,0.006
Q9BQC6,0.006
Q9H1H1,0.006
F8VWW9,0.006
X5DPA1,0.006
B8ZZD9,0.006
L8E9A0,0.006
L0R6Q4,0.006
L8E8H4,0.006
L8ECF5,0.006
D6RAH3,0.006
Q86TW9,0.006
G3V3G7,0.006
L8E7A4,0.006
L8EAA2,0.006
B2R4C9,0.006
C9JG62,0.006
Q8WY81,0.006
O15347,0.006
R4GMU2,0.006
J3KT96,0.006
B4DZW3,0.006
Q53GD1,0.006
V9GY70,0.006
B4DQD4,0.006
H3BT51,0.006
Q9H6K4,0.006
H0YID5,0.006
Q05DQ9,0.006
A0A0G2JMG0,0.006
H0YLF0,0.006
D6RC31,0.006
L8EBH5,0.006
B7Z504,0.006
E5RGF5,0.006
E9PLA9,0.006
A0A2R8YDW8,0.006
E9PNH1,0.006
B3KRN7,0.006
Q9HAJ6,0.006
H3BT73,0.006
Q0P5N8,0.006
Q29ZN7,0.006
A0A0S2Z581,0.006
E9PM90,0.006
A0A1B0GV37,0.006
D6RJ05,0.006
A0A5F9ZH02,0.006
B4DSK2,0.006
Q69YU2,0.006
Q05835,0.006
F8WDD0,0.006
E5RJM9,0.006
H3BVD4,0.006
Q0VAL8,0.006
A0A2K4P216,0.006
H3BSK1,0.006
B7Z8G6,0.006
A0A867GBE4,0.006
C9JQG1,0.006
G5E931,0.006
O15304,0.006
L8E953,0.006
H0YNN8,0.006
A0A494C0I6,0.006
L8E887,0.006
Q9Y6X1,0.006
G3V278,0.006
F5H0U1,0.006
H3BU11,0.006
E9PLV0,0.006
D6RBQ1,0.006
E1B4S6,0.006
Q9NWA0,0.006
A0A0J9YW00,0.006
H0Y8T0,0.006
L8E7Z2,0.006
A0A0S2Z3M6,0.006
C9J5L2,0.006
Q5JRY3,0.006
J3QLC1,0.006
A0A0U1RQW5,0.006
L8E8J8,0.006
Q16867,0.006
A0A0C4DFX8,0.006
A0A494C1J9,0.006
P60321,0.006
L8E8U9,0.006
A2A2E7,0.006
D6R8Z6,0.006
E9PMP4,0.006
G0ZCM6,0.006
B0AZT0,0.006
Q8N4V1,0.006
E9PNM2,0.006
D6RB02,0.006
Q9NRF9,0.006
C9JC11,0.006
A0A0S2Z6X0,0.006
Q96IM9,0.006
Q9UNZ5,0.006
F8WBE6,0.006
Q0D2K5,0.006
H7C4E8,0.006
Q5JWD1,0.006
A0A2R8YEP3,0.006
F2Z3J0,0.006
B4DGZ1,0.006
H7C0Y1,0.006
L8E842,0.006
B4DIC5,0.006
A0A1W2PNF3,0.006
A0A7R6M8N5,0.006
A0A087X0F4,0.006
Q16568,0.006
B0QYP2,0.006
M0R3A2,0.006
H0YGE3,0.006
V9H0G4,0.006
B4DFU6,0.006
Q7L2V5,0.006
H0YIY1,0.006
H3BRN8,0.005
Q5TBM3,0.005
F8W119,0.005
Q7Z3B0,0.005
A0T1J2,0.005
H0YBC2,0.005
O60397,0.005
A2RU14,0.005
A0A1B0GV90,0.005
E7ETM2,0.005
A1L0T6,0.005
Q86W75,0.005
A0A0S2Z490,0.005
O75956,0.005
Q9UI53,0.005
J3KSK1,0.005
G3V543,0.005
M0QZR5,0.005
A9XAE4,0.005
A0A192GRC6,0.005
M0QXW9,0.005
Q9H7Y1,0.005
J3KSG3,0.005
Q96J97,0.005
H3BMG3,0.005
E5RK41,0.005
C9K0M9,0.005
A0A0J9YXG7,0.005
A0A0S2Z5U1,0.005
A0A1B0GW15,0.005
A0A087X247,0.005
A0A494C1S4,0.005
A0A096LP01,0.005
Q86SP4,0.005
G3V2P7,0.005
A0A7P0T7U9,0.005
H0YK33,0.005
Q9P179,0.005
L8E7V1,0.005
A0A0C4DGS3,0.005
E5RIV8,0.005
A0A140HMB1,0.005
Q8IXM3,0.005
A0A2R8Y887,0.005
O14949,0.005
A0A0A0MRR3,0.005
A0A7I2V2S6,0.005
F5H692,0.005
A0A7I2V558,0.005
D6RF69,0.005
E5RGT3,0.005
I3L488,0.005
E9PKS4,0.005
Q5ZEZ6,0.005
A5YAK2,0.005
J3QKM5,0.005
L8E9A1,0.005
M0R0T3,0.005
L7T9J5,0.005
Q9Y5T4,0.005
F5GYR7,0.005
P21246,0.005
C9JUK0,0.005
Q68DG8,0.005
A0A1B0GTE4,0.005
D6RBJ6,0.005
H0YDP2,0.005
A1L180,0.005
D6RCA2,0.005
E9PG44,0.005
A0A650DFB4,0.005
F5GWR1,0.005
M0QYW8,0.005
P0C2S0,0.005
H0YA89,0.005
L8EAB4,0.005
M0R1R0,0.005
A0A087WUN5,0.005
Q13973,0.005
Q96A98,0.005
O00198,0.005
P79534,0.005
X6RK76,0.005
Q05D40,0.005
V9H058,0.005
M0R057,0.005
A0A1W2PQK0,0.005
Q96PA3,0.005
Q5JYG5,0.005
K7EIJ7,0.005
L8E961,0.005
L8E998,0.005
A0A494C0V0,0.005
Q8N0T1,0.005
H0YHS4,0.005
A0A0S2Z442,0.005
Q8N731,0.005
Q9NSM6,0.005
C9JZ04,0.005
Q8WYF9,0.005
Q6T5J5,0.005
E9PLX4,0.005
Q9NZ00,0.005
I7GY10,0.005
Q9BZL3,0.005
Q9P171,0.005
B4DWS2,0.005
Q58I19,0.005
Q9HBI4,0.005
Q13974,0.005
A2A2M0,0.005
J3KQ25,0.005
I3L393,0.005
Q8WYC9,0.005
A0A0C4DH46,0.005
B7Z2B1,0.005
B4E3M2,0.005
P60606,0.005
H0YL71,0.005
H0YEU7,0.005
G3V503,0.005
Q4FCX6,0.005
Q9Y2R0,0.005
Q9NSQ1,0.005
K7EJZ1,0.005
Q9HB48,0.005
A0A3G1VCY8,0.005
E9PQS4,0.005
A0A2R8Y5U0,0.005
A0A0S2Z4B6,0.005
F8W056,0.005
A0A0U1RQZ2,0.005
H0UI06,0.005
O60519,0.005
K7EJ40,0.005
Q9BPZ3,0.005
G5E9P5,0.005
H3BNU8,0.005
F8VXJ9,0.005
Q7KYZ7,0.005
Q7LAX7,0.005
V9HW86,0.005
A0A6Q8PGG7,0.005
V9GYZ5,0.005
F2Z2H5,0.005
Q53S38,0.005
A6NGS2,0.005
Q5VU69,0.005
L8EB63,0.005
E5RJG9,0.005
G3V3U9,0.005
H0YB37,0.005
P56378,0.005
C9JK30,0.005
O95325,0.005
Q7Z5Z2,0.005
E9PQZ7,0.005
Q05DA1,0.005
H3BTX6,0.005
B5TZ79,0.005
P06881,0.005
Q0VA92,0.005
J3KRZ5,0.005
F5H5Q8,0.005
F2Z3N8,0.005
A0A0C4DGJ5,0.005
Q9BVQ0,0.005
B4E046,0.005
Q9BUW7,0.005
Q9Y3D9,0.005
F5H4H7,0.005
J3KS16,0.005
F5H5J2,0.005
D6REB8,0.005
H0YJ51,0.005
I3L130,0.005
S4R3U9,0.005
A0A2R8Y7W6,0.005
C9JFM5,0.005
A0A804HLH7,0.005
L8E8D0,0.005
A0A075B743,0.005
A0A140GX62,0.005
L8E9J3,0.005
D6RDA8,0.005
A0A494C176,0.005
A0A0C4DG93,0.005
L8ECG9,0.005
L0R816,0.005
B4E3E2,0.005
B7Z2D3,0.005
E9PKQ0,0.005
Q9ULR5,0.005
B7Z1J4,0.005
K7EPT1,0.005
A0A804HLA4,0.005
B1AKJ3,0.005
V9GY76,0.005
Q96KJ9,0.005
Q9NP84,0.005
Q8IZY9,0.005
C9J3I4,0.005
C9JZ71,0.005
Q9BQR2,0.005
H7BZ70,0.005
E5RGK1,0.005
Q4VXH1,0.005
A0A126LB06,0.005
P01286,0.005
Q8IX17,0.005
A0A0S2Z5F8,0.005
Q5KSY4,0.005
F5H5E6,0.005
L8EAY9,0.005
A0A2R8YG47,0.005
Q15940,0.005
J3KN37,0.005
G3V4A9,0.005
Q5BLP8,0.005
J3QL86,0.005
Q30161,0.005
B4DKY5,0.005
C8C069,0.005
I6YRR3,0.005
P0DKX4,0.005
A0A024R7Z1,0.005
C9J9U1,0.005
A0A0D9SF91,0.005
E7EMS3,0.005
B2R547,0.005
C9JYK2,0.005
A0A7P0T9B5,0.005
E9PBA8,0.005
D6RIF3,0.005
A0A2U3TZJ3,0.005
A2RRQ0,0.005
Q9P1J4,0.005
L8E974,0.005
A0A3B3ITM8,0.005
E9PII2,0.005
A0A067XJP8,0.005
Q9UMK6,0.005
P01270,0.005
O60895,0.005
Q4LDR2,0.005
C9JUC1,0.005
A0A6Q8PG23,0.005
A7J1S2,0.005
D6RFE5,0.005
Q9BTT4,0.005
P0DMU9,0.005
F5GXZ5,0.005
F5H872,0.005
G3V4J0,0.005
A0A1B0GTU2,0.005
C9JJK5,0.005
Q8IX80,0.005
H0YLQ8,0.005
F8WDR0,0.005
Q5T5A4,0.005
I3L0L4,0.005
Q9H9H9,0.005
K7EJ02,0.005
E9PLU6,0.005
P58511,0.005
Q14487,0.005
F2Z2L3,0.005
L8EAN3,0.005
M0R2J2,0.005
Q3KRB4,0.005
E9PKH9,0.005
B7Z6N6,0.005
G0ZCM3,0.005
A0A1C9UK53,0.005
A0A024DAT2,0.005
A0A3B3ITM1,0.005
L8ECD8,0.005
J3KTK3,0.005
J3KN30,0.005
H7BYQ2,0.005
B7Z655,0.005
Q9BZ97,0.005
Q9Y4N6,0.005
B3KT78,0.005
U3KQN7,0.005
E5RIS3,0.005
Q659D3,0.005
C9JQH3,0.005
E9PMU9,0.005
A0A1B0GW27,0.005
E5RIG8,0.005
A0A1U9IMX4,0.005
F8VNT9,0.005
B4E0H5,0.005
D6RG07,0.005
A5D905,0.005
B0QY21,0.005
C9J4C2,0.005
B4DZQ4,0.005
B4DZH3,0.005
B3KW14,0.005
V9GZ13,0.005
H0YCF8,0.005
Q5VVM2,0.005
A2ABL6,0.005
D3WZ00,0.005
B3KNY7,0.005
Q9BQ29,0.005
Q9P0S2,0.005
F5H4X4,0.005
Q49AA1,0.005
Q9HAF1,0.005
A0A804HK14,0.005
E9PP52,0.005
A0A0D9SF25,0.005
Q3ZCU6,0.005
B7ZKR5,0.005
J3KPD1,0.005
C9K022,0.005
O43805,0.005
Q9H3A2,0.005
K7EJZ7,0.005
F5GX48,0.005
A0A1B0GTC6,0.005
Q99815,0.005
A0A087WT96,0.005
P83731,0.005
H0YGN0,0.005
A0A2R8Y6K5,0.005
C9JEK3,0.005
H0YHG9,0.005
H3BU77,0.005
Q8IVA1,0.005
B4DHA6,0.005
C9K0A9,0.005
B7Z4H3,0.005
A0A0K0K1I7,0.004
O14945,0.004
F5H4Y2,0.004
A0A7I2YQY2,0.004
Q3C1X4,0.004
A0A7R6V290,0.004
P35070,0.004
E9PB41,0.004
F5H285,0.004
E9PPG2,0.004
A6YCE1,0.004
Q7Z6N9,0.004
A0A075B716,0.004
A0A3B3IRL1,0.004
H3BU22,0.004
Q32LX7,0.004
K7ERB6,0.004
W8JJB1,0.004
A0A6Q8PGK5,0.004
M0QYK3,0.004
B4DET2,0.004
A0A1W2PSE9,0.004
A4FUA1,0.004
H3BQI5,0.004
C9JZ37,0.004
E9PM05,0.004
K7EKZ8,0.004
I3XIE4,0.004
F2Z2N1,0.004
C9J4X5,0.004
K7ERQ5,0.004
F8WF83,0.004
Q9BTA0,0.004
A0A087WTV5,0.004
Q9Y6G3,0.004
D6RED4,0.004
A2JGV3,0.004
E9PDD6,0.004
E9PNE0,0.004
V9GYH0,0.004
A0A0A0MRL2,0.004
Q96NB1,0.004
Q6IAE6,0.004
K7ERM9,0.004
Q9H4Y4,0.004
A0A7I2V3M0,0.004
Q9NQ34,0.004
A0A2L0A456,0.004
Q8WWG1,0.004
C9JZH4,0.004
F2Z3C6,0.004
A2A3H2,0.004
C9J299,0.004
Q71RC9,0.004
H0YL35,0.004
Q8N4Q1,0.004
Q8NCU8,0.004
L8EAF1,0.004
Q5JTB6,0.004
Q6UXN7,0.004
F8WDU8,0.004
A0A1B0GTU0,0.004
E9PIN7,0.004
H0YL59,0.004
Q96LB4,0.004
B4DQN6,0.004
E9PIP9,0.004
O95168,0.004
Q5TGI4,0.004
E5RK67,0.004
E7EN87,0.004
F5H215,0.004
Q9P164,0.004
Q14709,0.004
Q5T821,0.004
B7ZA87,0.004
I3L0Q3,0.004
H0YJ88,0.004
I3L0N9,0.004
Q68DB0,0.004
H3BRN6,0.004
H0YE80,0.004
H0YNN5,0.004
C9JWX1,0.004
V9H046,0.004
A0A5F9ZH68,0.004
H0YB33,0.004
I3L3H7,0.004
L0R6P7,0.004
A0A3B3IU63,0.004
K7ELF1,0.004
B9U4H1,0.004
Q05CV9,0.004
H0YBM3,0.004
Q9H353,0.004
H3BVF6,0.004
H0YI66,0.004
D6RBN6,0.004
F8T7W8,0.004
R4GN59,0.004
P27469,0.004
D1M715,0.004
E5RIG3,0.004
O94777,0.004
A0A7P0TBL6,0.004
J3KT02,0.004
I1Z9D5,0.004
Q9BRU2,0.004
F5GWV8,0.004
H3BPP8,0.004
Q9BRT6,0.004
C9J6U8,0.004
Q86YC4,0.004
Q96KX1,0.004
E5RIE8,0.004
B4DXM3,0.004
E9PHG0,0.004
K7EKM6,0.004
C6GLT6,0.004
Q8WYE4,0.004
C0IP14,0.004
C9J3I9,0.004
A0A2L0PUR8,0.004
A0A087WWP1,0.004
L0R6D0,0.004
E7ER52,0.004
B4DK46,0.004
J3KNE6,0.004
A0A7I2V5V9,0.004
L8E7L4,0.004
B4DEB1,0.004
P13073,0.004
E9PJ65,0.004
A0A7P0T999,0.004
B1AMB2,0.004
Q32Q14,0.004
B7Z649,0.004
E9PRI3,0.004
F8VS33,0.004
Q9HBG3,0.004
A0A0F7WAP3,0.004
C9J5I9,0.004
H0Y3L3,0.004
J3QQQ3,0.004
Q9UMB6,0.004
D6RIU8,0.004
F8WCV1,0.004
Q9HBI5,0.004
Q53SD2,0.004
K7EPC0,0.004
F5GZQ9,0.004
K7EQ59,0.004
B4DEE3,0.004
D6R9F8,0.004
L8E9P5,0.004
O14810,0.004
A5JUM7,0.004
Q5JR82,0.004
E9PRQ8,0.004
P54710,0.004
Q1HEA1,0.004
K7ES43,0.004
A0A023IP89,0.004
Q9H7N7,0.004
Q5T686,0.004
A3KMF7,0.004
H0YA06,0.004
V9PAF3,0.004
J3KT90,0.004
A1L162,0.004
Q75N89,0.004
F5H7S0,0.004
A0A6Q8PFS7,0.004
E9PPB8,0.004
L8E8J1,0.004
A0A0J9YVN4,0.004
H0YBY0,0.004
C9JMY2,0.004
Q9H4I9,0.004
L0R5A8,0.004
H7C190,0.004
Q7Z3P8,0.004
C9J4I1,0.004
Q5SY74,0.004
H0Y9S5,0.004
H0YMR0,0.004
M0R131,0.004
L8E8G3,0.004
Q14172,0.004
I3L4C3,0.004
I3L442,0.004
B4DW19,0.004
Q01658,0.004
C5H3H2,0.004
F8WBE1,0.004
C9JW94,0.004
P59646,0.004
A0PJH8,0.004
Q9H7M3,0.004
A0A0G2JPT4,0.004
K9JIK7,0.004
F5H744,0.004
A0A191TDH1,0.004
M0R0P4,0.004
A0A0B4J1R7,0.004
K7ESG2,0.004
M0QYF5,0.004
B3KWP5,0.004
Q4W5P6,0.004
B2RBV5,0.004
O43599,0.004
M0R3C0,0.004
A0A494C0P0,0.004
A0A024A2P5,0.004
I3L3D4,0.004
A0A068BI50,0.004
D6R9G7,0.004
E9PN04,0.004
A0A087WWN9,0.004
E9PSB1,0.004
V9GYT7,0.004
L8ECH6,0.004
Q5T1D7,0.004
A8K9A7,0.004
P15382,0.004
P56385,0.004
H0Y515,0.004
F8WET3,0.004
H7C4W0,0.004
C9JMQ7,0.004
P58549,0.004
H7C577,0.004
Q9P1E1,0.004
F5H1A5,0.004
Q9P1F1,0.004
A4QMS7,0.004
Q9UDW3,0.004
I3L254,0.004
C9JYL7,0.004
E5RFR7,0.004
L8E7Q1,0.004
E9PLA1,0.004
A0A2R4LFC5,0.004
Q4VBZ5,0.004
H7C2T1,0.004
A0A7I2V4J1,0.004
F8VYP5,0.004
H7C3F9,0.004
F8WBF3,0.004
A0A075DDR2,0.004
A0A2R8YCJ5,0.004
F5H799,0.004
C9J5S3,0.004
A0A3B3IRN7,0.004
C9JM95,0.004
A4D1T5,0.004
O97980,0.004
E9PFB5,0.004
B4DTR7,0.004
H0YJB3,0.004
H0YEP2,0.004
H0YID4,0.004
Q96CF1,0.004
C9J830,0.004
B7Z7B0,0.004
Q5H9L1,0.004
Q14CE6,0.004
M0R364,0.004
A0A3B3IRP3,0.004
J3KS50,0.004
B3KPU0,0.004
I3L121,0.004
A0A7I2V3N9,0.004
Q8N4A2,0.004
Q8NI75,0.004
J3KSH6,0.004
Q9BSL6,0.004
Q96AM2,0.004
Q7Z4G3,0.004
K7EJ16,0.004
L8E9W3,0.004
C9JCL9,0.004
F5GXZ8,0.004
O96002,0.004
A0A2R8Y4A2,0.004
K7EJM9,0.004
C9J0T2,0.004
L8E801,0.004
J3KRL8,0.004
C9JD65,0.004
K7ERS3,0.004
A0A0C4DGE5,0.004
Q5CZ93,0.004
H0YLN6,0.004
E5RK20,0.004
A1L159,0.004
A6NMA1,0.004
F8W1Y8,0.004
A0A1W2PQQ4,0.004
M0R2F1,0.004
C9J7B4,0.004
F8W771,0.004
E9PJ93,0.004
A0A384N6F4,0.004
J3KPZ4,0.004
E9KXS6,0.004
Q6P161,0.004
B2R755,0.004
A0A0U1RRH7,0.004
O94789,0.004
M0R152,0.004
D6RBB6,0.004
Q29RX5,0.004
Q96RT9,0.004
H0Y8I8,0.004
Q96KL7,0.004
G3V5G2,0.004
S4R2Z4,0.004
F5H6E4,0.004
H8Y0Y3,0.004
Q6PK37,0.004
O95139,0.004
F8VR37,0.004
Q5T165,0.004
J3KRT2,0.004
C9JWT5,0.004
O60232,0.004
A0A7R6V2A9,0.004
E5RI92,0.004
E9PN33,0.004
Q14396,0.004
H3BPJ0,0.004
H0Y6R3,0.004
G5E9Y6,0.004
B0QY51,0.004
Q96GC1,0.004
H3BV24,0.004
E9PPV2,0.004
J7M832,0.004
Q7LBR1,0.004
A0A087WUX1,0.004
D6RC71,0.004
E7EW89,0.004
A2A352,0.004
Q5STR5,0.004
B7ZW58,0.004
A4QMR6,0.004
P0DPK5,0.004
C9JQ35,0.004
A4D1V4,0.004
B4DNX5,0.004
A0AUM0,0.004
Q9UME7,0.004
H0YJ47,0.004
F8VP67,0.004
A6NFF2,0.004
Q9UHU1,0.004
O00453,0.004
A0A067XJX6,0.004
A0A6G8IRL2,0.004
Q9UI78,0.004
E5RFH7,0.004
G3V2H1,0.004
Q9H0Q3,0.004
A0A075B7D1,0.004
H0YLE5,0.004
K7ELG1,0.004
B4DLU7,0.004
F5H7J3,0.004
B4DLE0,0.003
B7Z1X9,0.003
G3V1V4,0.003
A8K039,0.003
A0A087WW56,0.003
Q9UMH6,0.003
B4DI37,0.003
G5CCM8,0.003
C9J4S5,0.003
E9PJ79,0.003
L8EC97,0.003
Q6J334,0.003
Q8NI85,0.003
B8ZZ81,0.003
Q96B96,0.003
B4DI92,0.003
H0YAC9,0.003
B0YIX2,0.003
P02814,0.003
Q8WWN6,0.003
Q16514,0.003
O76070,0.003
A0A7P0T8P5,0.003
H0YLA3,0.003
Q9BYA3,0.003
P0DI80,0.003
C9J600,0.003
H0YF06,0.003
Q9H9M6,0.003
H7C1A4,0.003
H0YGT4,0.003
K7ELP9,0.003
Q6ZNW0,0.003
Q9BUN5,0.003
Q9P032,0.003
H7BZF3,0.003
J3QR45,0.003
Q02575,0.003
A0A6Q8PFZ5,0.003
K7EL64,0.003
F5H1F6,0.003
Q6UXH0,0.003
H0YEU3,0.003
C9J8F4,0.003
L8EB30,0.003
F5GZH9,0.003
I6XKJ3,0.003
Q658K8,0.003
A0A1W2PS82,0.003
H0YBW6,0.003
Q9NSY5,0.003
O75348,0.003
M0R2H5,0.003
M0R108,0.003
H0YCL0,0.003
F8VRD9,0.003
B7ZBL7,0.003
Q3KNV1,0.003
B4DMU5,0.003
B4DIP1,0.003
Q86TX3,0.003
A0A172Q397,0.003
C9JK03,0.003
Q9H3Z4,0.003
Q5PXD5,0.003
A0A7I2V5W5,0.003
Q2VPK0,0.003
Q7Z2G1,0.003
Q96J77,0.003
C9J5K4,0.003
F8VU88,0.003
Q53GA5,0.003
D6RGC1,0.003
F8W0R5,0.003
J3QR69,0.003
E9PRG8,0.003
Q6ZTB9,0.003
J3KN81,0.003
Q8N7L0,0.003
A0A0S2Z3Z2,0.003
B4E060,0.003
A0A7I2YQR8,0.003
P0DPB5,0.003
C9IYI5,0.003
Q9H609,0.003
V9GZY6,0.003
E5RI30,0.003
K7EQR5,0.003
C9JF68,0.003
H7C5E9,0.003
O95183,0.003
O95295,0.003
Q0VAQ4,0.003
K7EK59,0.003
Q7Z7G2,0.003
B3KR45,0.003
H3BP95,0.003
L8E851,0.003
G3V4X7,0.003
C9JZ21,0.003
Q8NCW7,0.003
Q5YLW1,0.003
A0A6Q8PF59,0.003
B4E2F1,0.003
Q6PI98,0.003
Q68DF0,0.003
F5H5G4,0.003
P56181,0.003
E9PPA1,0.003
F5GXL6,0.003
Q96FH0,0.003
A0A140VJV6,0.003
H3BMQ3,0.003
O15525,0.003
K7ENZ2,0.003
Q629K1,0.003
A0A0G2JIW2,0.003
A0A669KAW6,0.003
D6RAZ6,0.003
Q9UMG1,0.003
L8ECJ0,0.003
A0A6Q8PFT6,0.003
I3L0R3,0.003
E9PKE9,0.003
K7EJE1,0.003
A5D917,0.003
B1AHH6,0.003
A0A7I2R591,0.003
H0YM21,0.003
A0A0S2Z3P3,0.003
E9PHZ1,0.003
Q9GIP4,0.003
J3QS12,0.003
L8ECF9,0.003
B5MCA9,0.003
E5RJZ5,0.003
Q6UWT2,0.003
P56539,0.003
Q6MZR5,0.003
A0A1B1HY30,0.003
F5H3C1,0.003
B4DMU1,0.003
B4DHE3,0.003
A0A7I2V5G2,0.003
H3BTR1,0.003
A0A7P0TAT3,0.003
F5H4Q5,0.003
Q15608,0.003
Q96HR3,0.003
H3BS06,0.003
Q96LM7,0.003
Q708J1,0.003
P57054,0.003
Q6JUZ7,0.003
H3BQU2,0.003
P60323,0.003
Q9H4X1,0.003
A0A2R8Y5H8,0.003
C9JV14,0.003
Q6ZNP8,0.003
A0A7P0T9A4,0.003
G3V493,0.003
Q53RS4,0.003
Q0VAI3,0.003
L8EC50,0.003
K7EJJ0,0.003
Q1ED46,0.003
Q6ZTQ7,0.003
A0A1B0GWE4,0.003
F5GZ20,0.003
L8ECF6,0.003
F1T0D2,0.003
M0QXD0,0.003
B7Z2L0,0.003
C9JAT8,0.003
Q5T9P8,0.003
Q96KW7,0.003
K7ELY4,0.003
B4DRE4,0.003
C9J0U5,0.003
M0R2F5,0.003
H0YN92,0.003
B4DF09,0.003
S4R3N0,0.003
B0QYM1,0.003
B4DHP7,0.003
H0YCD3,0.003
C9JQ25,0.003
B0EVZ8,0.003
B3KS07,0.003
B3KXT7,0.003
H3BPH1,0.003
E9PKF7,0.003
A0A087WZA9,0.003
C9JYR7,0.003
A0A1P8DS37,0.003
P49450,0.003
A0A7R6M6S3,0.003
Q9HBL7,0.003
Q8NI72,0.003
Q6ZRJ0,0.003
C9JA29,0.003
E9PN91,0.003
O43667,0.003
Q7Z459,0.003
G3V488,0.003
A5XEJ8,0.003
Q8WWE4,0.003
D6R937,0.003
P53801,0.003
A0A1W2PP81,0.003
Q8N1D5,0.003
F8WE02,0.003
B4E0K3,0.003
Q8WVJ9,0.003
A0A087X1R4,0.003
A0A078BBI5,0.003
M0R1Z9,0.003
Q5GHI6,0.003
K7EN03,0.003
B1AP46,0.003
Q3C1X2,0.003
Q68DC6,0.003
Q9HAD5,0.003
X5CT67,0.003
E9PMT1,0.003
Q5JT49,0.003
C9K0C4,0.003
D6R9E3,0.003
C9JTB9,0.003
G3V5R3,0.003
E7EPQ9,0.003
J3QKD2,0.003
E9PQ55,0.003
Q9H5V1,0.003
C9JQZ8,0.003
Q6IMJ7,0.003
J3QSF3,0.003
A0A0M3L9V7,0.003
Q15836,0.003
Q68D89,0.003
E9PHY3,0.003
A0A096LPH9,0.003
K7EKC7,0.003
Q2XUS2,0.003
S4R3A9,0.003
C9JH59,0.003
E5RHK6,0.003
I6YQ35,0.003
I3L2P2,0.003
E9PI02,0.003
J3QR55,0.003
K7EPP9,0.003
C9JLN7,0.003
C9J524,0.003
A8MVL9,0.003
L8EA13,0.003
I3L2A7,0.003
B3KTL5,0.003
Q9NWH2,0.003
Q6ZPB4,0.003
Q96IX9,0.003
K7EQ41,0.003
U3KQR5,0.003
E9PJI6,0.003
P84098,0.003
A0A087X229,0.003
E9PRS9,0.003
Q05BU7,0.003
O76040,0.003
X6RDY0,0.003
Q16083,0.003
B9DI78,0.003
Q9NX70,0.003
K7ER33,0.003
E7EWG2,0.003
C9JZE5,0.003
H3BUK0,0.003
Q9BV40,0.003
C9JAY7,0.003
D6RAY9,0.003
M0QYT5,0.003
H3BS50,0.003
V9GYI8,0.003
F5H495,0.003
A0A087WWI2,0.003
A8K8E5,0.003
Q9UII2,0.003
E9PRU2,0.003
Q3SY98,0.003
Q96AT1,0.003
C9J6P5,0.003
A0A804HJ79,0.003
A0A0D9SGG2,0.003
B4E0Y8,0.003
A0A087WUV1,0.003
F8VP73,0.003
F5H598,0.003
B2RV13,0.003
O75971,0.003
B4DRE1,0.003
D6RAB5,0.003
I3NI51,0.003
B4DNC6,0.003
A0A6H0DX63,0.003
Q8N6L7,0.003
Q6ZSU8,0.003
A0A3B3IT05,0.003
E9PJB5,0.003
Q5J908,0.003
E7EWF7,0.003
A0A0U1RQZ1,0.003
H3BSI0,0.003
B4DZU1,0.003
C9J808,0.003
A0A6I8PL58,0.003
E9PQX9,0.003
B0YIZ6,0.003
E9PS59,0.003
H0YAA8,0.003
Q96NC0,0.003
A0A6Q8PFV5,0.003
Q9Y3M2,0.003
E9PJI9,0.003
B0AZT9,0.003
C9JYS9,0.003
Q9UE33,0.003
Q6WG73,0.003
D2CTG4,0.003
A1L194,0.003
Q6ZWC0,0.003
Q53XK0,0.003
B0QYQ6,0.003
I3L1F7,0.003
Q5JW49,0.003
A0A1B0GUX0,0.003
H0YBN0,0.003
Q5TA89,0.003
B4DN36,0.003
D6RC76,0.003
Q7L2X4,0.003
A0A142IK94,0.003
A0A0A0MQZ6,0.003
B4DV55,0.003
B3KVU7,0.003
F2Z307,0.003
D6RG31,0.003
Q6ZVT4,0.003
G3V5K6,0.003
Q6PH81,0.003
C9J6V2,0.003
A8MTL0,0.003
M0QYF9,0.003
Q7Z4X2,0.002
A0A5F9ZH24,0.002
Q6GPH2,0.002
B2RU19,0.002
F8VR36,0.002
M0R1R5,0.002
A0A590UJK6,0.002
M0R021,0.002
E9PLU5,0.002
A8CGI0,0.002
Q9H1P6,0.002
H0YKT6,0.002
B4DII0,0.002
M0QYX4,0.002
F8VYH7,0.002
Q9UPG3,0.002
H3BSQ0,0.002
A0A499FIZ3,0.002
K7ER46,0.002
Q9UFW7,0.002
Q8N100,0.002
A0A0J9YY58,0.002
E5RIA1,0.002
C9JHT2,0.002
H0YE54,0.002
A6H8Y7,0.002
Q5T8M0,0.002
A0A5S6STF9,0.002
M0R1K2,0.002
G3V583,0.002
Q6ZUX9,0.002
A0A804HI79,0.002
R4GNB3,0.002
Q4W5F7,0.002
B1AJQ5,0.002
F1T0F0,0.002
P09234,0.002
Q5H966,0.002
Q6ZME5,0.002
F8W8V4,0.002
A2ABJ5,0.002
G3V1V1,0.002
B4DWQ4,0.002
B4E1V2,0.002
K7EIT3,0.002
Q8TDH9,0.002
O75379,0.002
A6NGY3,0.002
F8WCU1,0.002
F8VRV7,0.002
Q9UBX0,0.002
Q53HB4,0.002
H3BPM3,0.002
Q96HN0,0.002
B4DDF2,0.002
O75947,0.002
J3KRT5,0.002
Q9UES3,0.002
F5GZH1,0.002
Q8NCU1,0.002
E9PMB6,0.002
Q8WZ33,0.002
Q6IAA8,0.002
B7Z5H0,0.002
D6RIA1,0.002
M0QZ34,0.002
B0QY84,0.002
A0A0S2Z5Z9,0.002
B4DR90,0.002
Q7Z5B7,0.002
F8W1V2,0.002
Q5T0S3,0.002
Q9H098,0.002
H3BMV9,0.002
C9J1B2,0.002
P23763,0.002
A2A3F8,0.002
Q9Y543,0.002
E9PS60,0.002
A0A590UJ54,0.002
J3QRC6,0.002
Q6P3S4,0.002
A0A494C1M2,0.002
A0A087WT04,0.002
I3L4G8,0.002
Q3MHV2,0.002
K7ENW6,0.002
U3KQU7,0.002
Q8IX83,0.002
Q6PJ82,0.002
A4D1V9,0.002
K7EJR8,0.002
D6RBC1,0.002
D6R9Z6,0.002
B4DGP7,0.002
B4DTB1,0.002
G3V5Y5,0.002
H0YNN2,0.002
A8MY60,0.002
X6RCK5,0.002
B7Z5W7,0.002
A0A6Q8PHH1,0.002
Q504U0,0.002
Q53QV1,0.002
K7EQ61,0.002
A0A1L1Z855,0.002
B3KP76,0.002
Q9ULX9,0.002
H0YJD7,0.002
Q8TD35,0.002
A5HU65,0.002
A0A067ZVH2,0.002
E5RIW8,0.002
Q9UQI2,0.002
Q8IZT9,0.002
Q6PJQ8,0.002
K7EJ61,0.002
K7EM61,0.002
Q96DD7,0.002
Q8TDH5,0.002
Q9NS69,0.002
D2CPK6,0.002
Q5JW45,0.002
D6RCD3,0.002
P59074,0.002
Q5MJ08,0.002
A8MWR2,0.002
E5RGP2,0.002
H0YC17,0.002
G3V577,0.002
Q9Y4H4,0.002
B7ZLF8,0.002
Q86T23,0.002
A0A2R8Y495,0.002
D2CT73,0.002
H0YHH5,0.002
Q16520,0.002
H3BM93,0.002
Q96HG2,0.002
H0YAD3,0.002
P0C7M6,0.002
B4DYB1,0.002
F8WE38,0.002
Q9UFG5,0.002
C9JZS0,0.002
D6RGE3,0.002
K7EL43,0.002
D6RJA7,0.002
Q6PI97,0.002
H3BMX9,0.002
Q5JWS5,0.002
Q9UG98,0.002
M0R106,0.002
Q86TS9,0.002
A0A3B3IS15,0.002
H7C141,0.002
A0A3B3ITT5,0.002
Q6LDN6,0.002
Q8NAG3,0.002
B4DS60,0.002
A0A192GQF6,0.002
P51636,0.002
H0YDH6,0.002
K7EPF3,0.002
C9JSW8,0.002
Q6ZU59,0.002
A0A0A0MS68,0.002
E1CKY7,0.002
C9J5T2,0.002
A0A0C4DGS6,0.002
H0Y474,0.002
Q9C061,0.002
I1YAQ7,0.002
Q9NWP4,0.002
D3VVH3,0.002
E9PP05,0.002
B4DJJ2,0.002
H3BTH9,0.002
Q8TAS3,0.002
H3BTU1,0.002
H7C427,0.002
P48788,0.002
B1AHQ3,0.002
H0YJF2,0.002
D6RIE8,0.002
E9PPF6,0.002
B4DNP5,0.002
K7EQB1,0.002
A0A6Q8PFV6,0.002
Q9NV10,0.002
Q9BSC0,0.002
Q9UIG4,0.002
C9J6D1,0.002
A0A087WTK2,0.002
D6R9X7,0.002
B4DJX9,0.002
D6RBA6,0.002
B4DJQ2,0.002
A0A0G2JP55,0.002
E9PPD1,0.002
H0YL40,0.002
A0A7R6M6U0,0.002
C9J1F2,0.002
B4E1V3,0.002
H0YL62,0.002
Q9NYF6,0.002
Q15528,0.002
Q03135,0.002
A0A7I2V3F8,0.002
A0A384NYE9,0.002
Q8TEH8,0.002
P61244,0.002
Q99929,0.002
A0A669KBH5,0.002
Q13697,0.002
A0A090N7S9,0.002
D6RIB8,0.002
A0A0C4DH05,0.002
Q5SSQ6,0.002
F8VVE5,0.002
Q5QNZ2,0.002
A0A6E1W0W4,0.002
C9J9F8,0.002
F8W0C6,0.002
Q9Y3C0,0.002
Q6ZVA9,0.002
A0A590UJW7,0.002
E5RH29,0.002
E9PIK8,0.002
F8VRX0,0.002
E9PMH3,0.002
Q7Z4E2,0.002
C9JS84,0.002
I3L332,0.002
X1WI29,0.002
Q56R94,0.002
C9JXC9,0.002
K7ELQ3,0.002
H0YH26,0.002
E2QRK7,0.002
Q6PI41,0.002
B1ALG6,0.002
A0A087WZ78,0.002
Q9NRK3,0.002
B4DZL1,0.002
A0A087X0J6,0.002
C9JIR0,0.002
Q13442,0.002
A0A0S2Z5E8,0.002
Q86TS1,0.002
Q5T130,0.002
Q8IX95,0.002
F8WFC1,0.002
Q6XYB7,0.002
B7Z9B0,0.002
Q5F2G0,0.002
M0R310,0.002
A0A2R8Y7J0,0.002
F5GWH6,0.002
K7EN02,0.002
H0YER8,0.002
Q8N5I9,0.002
E9PQN6,0.002
Q6XD76,0.002
E9PS63,0.002
A0A140VJW2,0.002
A0A0U1RRM2,0.002
V9GZ22,0.002
Q8N7F0,0.002
B7Z9R6,0.002
K7EMS3,0.002
H3BST1,0.002
Q6UWW7,0.002
B4DUZ2,0.002
A6NH27,0.002
Q75N08,0.002
I3L1B0,0.002
Q59G74,0.002
B2R9L0,0.002
Q2NL98,0.002
C9JFC9,0.002
A0A5F9UN72,0.002
A0A0G2JIT9,0.002
A0A1B0GTP3,0.002
A0A024R7H5,0.002
Q9P1R8,0.002
C9J481,0.002
D6R9Q3,0.002
Q9BUR5,0.002
H0YCI1,0.002
U3KPU4,0.002
Q5JSY8,0.002
A0PJL1,0.002
Q8WWB3,0.002
U3KPR5,0.002
B3KQ87,0.002
C9JJ38,0.002
A0A0S2Z412,0.002
B4DMT3,0.002
D6R9T4,0.002
B4E2J5,0.002
B4DNJ8,0.002
J3QT73,0.002
J3KR35,0.002
F5H4F8,0.002
Q8TCI5,0.002
A0A6Q8PGC6,0.002
H0YJI2,0.002
A0A2R8YGX3,0.002
C9JRR4,0.002
P53567,0.002
Q9NYE8,0.002
G3V2K4,0.002
A0A0D9SFY5,0.002
Q8N4H2,0.002
Q9UQI5,0.002
B3KW26,0.002
Q13092,0.002
Q8WW34,0.002
Q8IXL9,0.002
H7BYU4,0.002
C9JNZ9,0.002
B1AJU2,0.002
C9JIX7,0.002
P18847,0.002
O75935,0.002
H0YF19,0.002
Q7Z2Q8,0.002
Q86YM6,0.002
E5RG82,0.002
E5RGY7,0.002
Q9UHT7,0.002
Q3B759,0.002
C9JBE8,0.002
A0A0C4DFR2,0.002
Q9ULA4,0.002
G3V5P0,0.002
Q9H875,0.002
C9IZ41,0.002
A2VCQ4,0.002
Q9Y3S8,0.001
Q9NR55,0.001
K7EPS2,0.001
H7C553,0.001
A0A590UJH0,0.001
A0A286YFB1,0.001
H0YLZ3,0.001
H0YAE6,0.001
H0YNR9,0.001
H0YHQ4,0.001
A0A0S2Z604,0.001
A6NF36,0.001
B7Z2D4,0.001
A0A1B0GV15,0.001
K7ELP4,0.001
H0YAT1,0.001
K7EII0,0.001
Q16043,0.001
K7EN56,0.001
A0A0A0MSU9,0.001
Q6ZRU0,0.001
Q5JVM0,0.001
Q8WYK2,0.001
Q08117,0.001
Q8IZU0,0.001
A6NGX6,0.001
A0A0S2Z674,0.001
Q8NCA8,0.001
B4DGC2,0.001
J3QL85,0.001
Q8NBT2,0.001
E7ENY2,0.001
Q9H169,0.001
H7C2F6,0.001
A0A0S2Z3Y0,0.001
K7EN35,0.001
A0A1W2PSA2,0.001
A0A0U1RRM7,0.001
J3KS71,0.001
H0YBE9,0.001
C9JM50,0.001
Q969J3,0.001
Q7Z7Q9,0.001
B3KSK3,0.001
Q6ZMV7,0.001
Q6GYA4,0.001
E9PQ49,0.001
A0A140T9W4,0.001
Q96BA4,0.001
F5H0C6,0.001
