UniProtID,scores
D6RGR5,0.994
D6RFC4,0.991
Q8K0W9,0.984
E0CXU3,0.983
Q91XG5,0.973
D3YXZ0,0.964
A0A140LJA5,0.956
D3Z0P1,0.953
A0A1B0GRQ3,0.953
Q9CU12,0.949
A0A0U1RPU7,0.931
E0CXC1,0.922
A0A1Y7VJP6,0.912
Q9D1K2,0.907
Q4VZG8,0.902
Q8C2K3,0.884
E9Q0H8,0.877
Q52KP0,0.877
A0A1B0GRU7,0.876
Q3UI46,0.86
Q8BPJ0,0.853
D3YVJ8,0.852
A0A0J9YU15,0.851
D3YV52,0.822
Q8R1H0,0.819
H3BLI0,0.814
A0A1L1SSZ4,0.814
Q3UW51,0.814
A0A338P684,0.811
Z4YN06,0.809
E0CX41,0.803
D3YY80,0.791
E0CY70,0.788
Q9CSM7,0.785
P49962,0.783
D3Z755,0.77
B1ARS9,0.767
A0A2I3BQ56,0.75
A0A286YD27,0.747
Q78VI1,0.727
G3UYG8,0.723
A4VCJ2,0.714
A2AVR9,0.712
A2AD75,0.691
A0A2R8VHW5,0.69
A2AFI4,0.689
A0A1D5RMH5,0.679
D3YUS4,0.676
Q99KH0,0.666
P07091,0.663
P97352,0.663
E9PVL4,0.65
Q8BH46,0.65
B0QZV0,0.64
F6SF53,0.638
S4R1U2,0.631
G3UYL8,0.622
Q8C379,0.62
Q8CF66,0.614
Q9CQ75,0.609
Q14AR0,0.608
A0A0G2JDG6,0.6
A0A0G2JEI3,0.6
D6RHN4,0.58
A0A286YDD0,0.58
Q9CTT7,0.58
Q80VJ3,0.576
Q6LBT4,0.572
A0A0G2JGF8,0.571
G3UZ79,0.569
A0A2Z4SX85,0.564
Q80ZN9,0.546
Q9CSE4,0.542
B7ZN40,0.541
D3Z446,0.54
A2A9W5,0.54
S4R1A7,0.536
Q9JKW8,0.534
E9PX10,0.53
B1AT83,0.53
Q6PDS4,0.529
A0A087WSB2,0.528
D3YZH8,0.522
J3QPE5,0.519
E9Q4H6,0.518
P14069,0.51
A0A1L1STF4,0.504
P63166,0.504
A0A4E9FSP6,0.493
Q9D6S8,0.487
Q99JC1,0.487
D3Z7E6,0.486
S4R2G3,0.484
P56565,0.483
A0A1B0GRY4,0.483
Q5R3X3,0.482
A2AC81,0.481
A0A087WR37,0.478
A0A0J9YVA4,0.461
H3BKF5,0.457
D3Z6D3,0.455
Q3U5J8,0.455
G3GHZ8,0.454
A0A0G2JF45,0.451
S5N1F5,0.442
P61961,0.442
Q8C841,0.44
G5E8I1,0.437
P31725,0.436
Q8C2X8,0.435
Q3UY00,0.427
P10639,0.426
Q5DTZ1,0.42
B8JKU9,0.417
Q9JLA9,0.416
A0A087WPM5,0.415
A2AC11,0.411
Q8BXG0,0.411
A0A1L1SSV6,0.411
G3UYN9,0.41
A0A0G2JFV7,0.407
Q9CWB7,0.403
H3BJ56,0.403
A2ASB1,0.401
G3X9Y4,0.4
Q62379,0.397
D3Z7U7,0.396
A0A2R8VI07,0.394
A0A0N4SUY4,0.394
Q9JJ37,0.394
A2AHZ5,0.392
Q923A7,0.39
A0A1L1SVK0,0.388
Q3TQ56,0.387
Q3UCL9,0.387
O08997,0.381
G3UXV3,0.38
Q04211,0.38
P62264,0.379
Q9D8W4,0.378
Q8C4M5,0.376
B8YP89,0.375
A0A2I3BQ25,0.37
E0CXH4,0.369
A0A087WRA7,0.366
D3Z0L5,0.365
Q8BP17,0.365
A0A1Y7VKC6,0.364
H7BXC3,0.363
D3Z099,0.362
D3YXP9,0.362
A0A075B5T1,0.358
A0A2I3BRL7,0.357
Q922S6,0.354
Q8K2D6,0.353
A0A2R8VKL9,0.352
D3Z5W6,0.351
A0A2I3BPL1,0.347
Q09J74,0.345
A0A1W2P835,0.344
S4R261,0.343
F2Z4A7,0.342
Q5R3X7,0.342
Q3U6L3,0.34
A2ASZ7,0.339
A0A0A6YYE8,0.338
A6PWP3,0.338
Q6LEQ3,0.337
Q3UUR8,0.337
B0LAE6,0.335
A0A1Y7VMA0,0.334
A0A140T8N1,0.332
G3UXH9,0.332
Q9EPV8,0.332
A0A0U1RNN8,0.33
Q8R318,0.33
Q059I1,0.33
J3QM60,0.326
Q9CWS7,0.326
J3QNN5,0.326
A0A087WNW0,0.325
A0A075B5Z7,0.324
P70443,0.323
P01887,0.323
A0A0N4SVX5,0.321
D3YZE6,0.321
E9Q7Y6,0.321
Q3UUC2,0.32
Q08ED2,0.32
A0A1B0GSR2,0.319
Q9DBE3,0.316
A0A140LHY0,0.315
Z4YMF3,0.315
A0A0G2JEE1,0.314
D3YYE1,0.312
Q3UN63,0.312
B1ATQ3,0.312
P01635,0.31
D3YX61,0.31
P84089,0.309
P59708,0.308
D3Z1A1,0.308
E9PZC4,0.307
Q9CQ86,0.307
Q8VIK1,0.306
F6RCZ2,0.306
D3Z2P7,0.302
H3BJD8,0.302
E0CXI7,0.302
S4R232,0.301
Q80T43,0.298
Q9WUU4,0.297
A2BDV6,0.297
A0A0J9YV04,0.296
B1AUD9,0.295
A0A0B4J1I2,0.295
Q8BPW7,0.295
Q8CI70,0.295
A0A0G2JEC8,0.294
Q8CJA1,0.294
A2ARF5,0.293
A0A0G2JFZ3,0.292
A0A494BBK8,0.292
A0A0J9YVH9,0.291
E9Q9L4,0.291
E9PUU9,0.291
G3UXG1,0.29
F6VF36,0.289
Q99PU2,0.289
F6YLP3,0.288
Q80SX7,0.284
A0A075B5R4,0.284
D6RGA6,0.284
A2A4R0,0.284
Q9CSI6,0.283
A0A1W2P7T7,0.283
Q8CIT8,0.282
A0A0A0MQN8,0.281
Q543X4,0.281
Q9Z155,0.281
A0A1D5RM22,0.28
A0A0A6YXF1,0.28
P16254,0.279
D3Z113,0.278
D6RE32,0.278
Q9CZK3,0.278
A0A0G2JGT0,0.277
A0A1W2P6L7,0.277
F6XQZ4,0.276
Q6PDW9,0.276
D3YU80,0.276
A0A1L1SQ26,0.276
D6RE22,0.276
D3Z7V8,0.274
D3YXC4,0.273
H3BKU3,0.272
A0A1Y7VL91,0.272
A0A0J9YU40,0.271
P63084,0.271
F6TFM1,0.27
Q3TSE8,0.269
C6EQH9,0.269
A0A338P6F5,0.267
A0A140T8M3,0.267
A0A0B4J1H3,0.267
A0A140T8P4,0.266
P62876,0.265
E9Q5B6,0.265
Q14AP0,0.265
V9GZK7,0.264
A0A0J9YV92,0.264
Q8C7M8,0.263
A0A0A6YXI0,0.262
Q8BJT4,0.262
D3Z2Z7,0.261
A0A2I3BPS7,0.261
D3Z311,0.261
Q9JKL4,0.261
A0A075B5R1,0.26
Q675A8,0.26
Q9JM84,0.259
A0A0N4SW69,0.259
A0A1L1SQ40,0.258
A0A286YCN3,0.258
Q5R1B1,0.257
A0A1D5RL90,0.257
Q9CV04,0.257
D3Z504,0.257
A0A0G2JG36,0.256
A0A087WS99,0.256
E0CZC8,0.255
A0A140T8P3,0.255
Q8BGS2,0.255
P12710,0.254
D3YV16,0.254
A0A075B5X4,0.254
Q3TSA3,0.254
P51807,0.254
Q5PSB0,0.254
Q8VCZ1,0.252
A0A075B5Q8,0.252
Q8BMC8,0.252
Q3UEG0,0.252
F6QWV4,0.252
D6RH88,0.251
A0A3Q4EGY1,0.251
A0A140LJ43,0.251
A2A9S5,0.25
A0A140LHK6,0.25
A2ATT5,0.25
A0A2R8VHM1,0.249
Q3TMQ9,0.249
B7ZWB7,0.248
A0A075B5R8,0.248
A2AJ30,0.248
A0A0A6YYE3,0.247
Q6DG52,0.246
A0A0A6YY55,0.246
M1VQI9,0.246
G3UZA7,0.245
P48024,0.245
A0A1L1SS55,0.245
Q9D096,0.244
B9EI00,0.244
D3Z227,0.244
A0A1L1SQV7,0.244
A0A0A6YW65,0.244
A0A286YEA1,0.244
D3YWS1,0.243
A0A286YDI7,0.243
Q8K4K1,0.242
A0A1L1SQM2,0.242
J3QMG8,0.242
A0A075B658,0.242
A0A1Y7VJ36,0.242
D6RE45,0.241
A0A1W2P6P3,0.241
A0A2R8W753,0.24
P56389,0.24
A0A5F8MPD9,0.24
Q9DCL2,0.24
H3BJD1,0.24
C7C6B4,0.24
D3Z6D4,0.24
A0A0J9YUC0,0.239
O88232,0.239
Q8NHG2,0.239
A0A338P6I7,0.239
A0A1Y7VL93,0.238
Q5R1E1,0.238
A0A0B4J1J4,0.238
A0A0B4J1J9,0.237
A0A087WQ87,0.237
A0A2I3BRN5,0.237
Q3UWE8,0.237
B7ZCH4,0.237
A0A1W2P7Z7,0.236
Q9D8I3,0.236
Q9D9A7,0.236
D3YTW6,0.236
Q5R1A2,0.235
D3Z2N7,0.235
Q3TLQ4,0.235
P0CG15,0.235
F7ANZ2,0.234
Q05A62,0.234
A0A1B0GRL5,0.234
B9EJL3,0.234
A0A0G2JFA8,0.233
Q8C4E2,0.233
A0A140LIP1,0.233
E9QMF4,0.233
Q38RM9,0.232
A0A1B0GRG4,0.232
Q8CJA7,0.232
Q14AC7,0.231
B7ZCI9,0.231
A0A075B5T3,0.23
B1AS44,0.23
A0A0N4SVG9,0.229
Q3TP36,0.229
S4R2L5,0.228
Q91ZX5,0.228
Q1WNP4,0.227
A0A087WNQ1,0.227
F2Z432,0.227
P62774,0.227
P01837,0.227
Q8VI09,0.227
A2AHX6,0.227
Q925C9,0.226
Q31096,0.226
D6RJ72,0.225
P01633,0.225
V9GXP1,0.225
A0A0N4SUH6,0.225
D3Z5P6,0.224
D3Z4J1,0.224
E0CYD0,0.224
D3Z0F6,0.224
A0A0A6YWR3,0.224
Q9D2X6,0.223
A0A0G2JDU8,0.223
Q3TF84,0.222
A0A0N4SW62,0.222
A0A075B633,0.222
L0N759,0.222
C9W8L2,0.22
A0A494BBI2,0.22
P97400,0.22
D3YVK2,0.219
Q3UQ03,0.218
D3YYA2,0.218
A0A286YCW9,0.217
A0A1D5RMI6,0.217
Q9CRA7,0.217
A0A1Y7VLH1,0.216
A0A0J9YTU8,0.216
P62322,0.215
P99028,0.215
Q3U713,0.215
Q5M8R0,0.214
P62309,0.214
D3YU71,0.214
A0A2I3BRK3,0.214
O35672,0.214
A0A0G2JFL1,0.214
Q5M9J2,0.214
Q9Z2L2,0.213
E0CXS7,0.213
A0A0N4SVU2,0.213
P08030,0.213
A0A494B947,0.213
A0A075B6B1,0.212
E9PWM1,0.212
A0A087WQR0,0.212
A0A0G2JET4,0.212
Q8BL42,0.211
F7BCF6,0.211
F6ZGI7,0.211
Q6NV85,0.211
A2ASX8,0.211
Q9DCH2,0.21
A0A1B0GRT5,0.21
A2KFE9,0.209
Q61157,0.209
D3Z500,0.209
A0A3Q4EG32,0.209
Q9CRX5,0.209
A0A1D5RMB7,0.209
Q3UXE6,0.209
Q8R0Z1,0.208
A0A5F8MPY4,0.208
Q8CF51,0.208
A7XUR3,0.208
D3Z1Q6,0.208
Q3V476,0.208
D3Z2D6,0.208
Q4KL76,0.208
Q3MI13,0.207
D6RI34,0.207
A0A0A6YX05,0.207
A0A3Q4EGB1,0.206
A0A2R8VHI3,0.206
Q3TB31,0.206
O35648,0.206
E9PZF5,0.206
D3Z1T9,0.206
Q03404,0.205
D6RCI7,0.205
B2Z891,0.204
F2Z445,0.204
A0A338P6X4,0.204
A0A1D5RM52,0.204
A0A075B5I2,0.204
A0A494BAS8,0.204
A2A5I7,0.203
B0QZX1,0.203
B0I563,0.203
B1AV54,0.203
A0A286YCQ9,0.203
F6TPQ6,0.203
B0R0N7,0.202
A0A087WPM0,0.202
A0A1W2P6U4,0.202
E9Q0X0,0.201
A0A3B2WCG4,0.201
A0A140LJE7,0.201
D6RH57,0.2
H3BJ06,0.2
Q5SWG2,0.2
D3YXP4,0.2
Q5R3Y0,0.2
A0A0U1RQ16,0.2
Q4FJR9,0.199
Q3UTT3,0.199
D3Z7P6,0.199
A0A1D5RLC9,0.199
Q8BT98,0.199
A0A0J9YU35,0.199
A0A075B639,0.198
Q9CTE2,0.198
A0A338P6M6,0.198
A0A140T8P8,0.198
A0A1L1STC5,0.198
A0A1D5RMA2,0.198
P20801,0.197
P63242,0.197
I3ITR1,0.197
D3Z2M2,0.197
D3Z4V3,0.197
A0A0B4J1H1,0.196
B1AT10,0.196
Q3V3F1,0.196
Q8BGD8,0.196
Q8R1J5,0.196
A0A0A6YWI9,0.196
A0A0G2JF62,0.196
Q5R1I9,0.196
O35680,0.195
Q3V486,0.195
A0A0J9YVE0,0.195
Q3TC45,0.195
A0A075B638,0.195
A0A0A6YYE2,0.195
A0A0G2JDU3,0.194
Q543P7,0.194
P01642,0.194
A0A0A6YW33,0.194
A0A0N4SUL1,0.193
E0CXD3,0.193
Q9D372,0.193
D3Z1U3,0.193
A0A0J9YUA4,0.192
Q9QXT0,0.192
Q62370,0.192
A0A087WSF3,0.192
A0A1L1SRW0,0.192
D3Z5V2,0.191
A0A0A6YW39,0.191
Q62426,0.191
E9QAB2,0.191
A0A0A6YWT2,0.191
Q9CTH8,0.191
Q8VI34,0.191
P01729,0.191
Q64500,0.191
Q9JHT7,0.191
E9QA77,0.19
D6RCG6,0.19
A0A0G2JDV1,0.19
A0A075B624,0.19
E9Q1L4,0.19
Q8CCF9,0.19
Q60F90,0.19
A2AKT6,0.189
Q9CUX0,0.189
A0A0A6YWY7,0.189
E0CYU5,0.189
A0A2I3BPN3,0.189
Q9CVU5,0.189
Q99K92,0.189
D3Z2V6,0.189
F7C082,0.189
Q62322,0.189
V9GX19,0.189
F6X2I0,0.189
D3YVQ6,0.189
Q8VHA1,0.188
Q9D1I5,0.188
P34884,0.188
Q8BJL3,0.188
Q9CWW6,0.188
A0A2R8VHE2,0.187
A0A1L1SQX0,0.187
E0CYN5,0.187
Q8R334,0.187
P62082,0.187
D3YVM4,0.187
A0A286YCW4,0.187
Q3TV29,0.186
G3UVU6,0.186
P04117,0.186
Q9CQQ8,0.186
Q5SXE1,0.186
Q9CUY3,0.186
D3YZH7,0.186
Q3U5H2,0.186
P51162,0.185
Q05BF3,0.185
Q91WQ9,0.185
D3Z221,0.185
A0A2R8W6W6,0.185
A0A0R4J1J0,0.185
J3QMC0,0.184
D3Z3P3,0.184
D6RG41,0.184
Q80ZR1,0.184
D3Z7T6,0.184
Q05816,0.184
A0A384DV91,0.184
A0A571BEN9,0.184
Q497H7,0.183
Q924X0,0.183
D3Z3L4,0.183
D3Z2K9,0.182
G3UWK0,0.182
Q9DCL1,0.182
A0A1L1SUX7,0.182
A0A1W2P7Z9,0.182
Q9CWT9,0.181
D3YVD1,0.181
Q497D7,0.181
Q3KP16,0.181
Q9DAS7,0.181
A0A0U1RNR3,0.181
A2AG83,0.181
F6R1G0,0.18
P55050,0.18
O55009,0.18
Q4VAG4,0.18
E9Q0U8,0.18
Q3UN53,0.18
D6RDD6,0.18
D3YTK7,0.18
Q99NM2,0.18
H3BKL2,0.18
A0A1D5RLU8,0.179
A0A2I3BPI1,0.179
Q3TDT5,0.178
Q9CV24,0.178
A0A0M5KS39,0.178
Q9R1A1,0.178
F7BE40,0.178
Q8C6C0,0.178
B0LAA9,0.178
E0CYA1,0.178
B7ZC87,0.178
Q3UNC9,0.178
P19123,0.178
D3Z0E7,0.177
Q3TVS3,0.177
D3YYB3,0.177
Q4JFI9,0.177
E9Q8U8,0.177
D3YVJ7,0.177
H3BJF3,0.176
A0A087WQZ9,0.176
A0A0J9YTX5,0.176
H3BLI7,0.176
A0A2R8VHH5,0.176
D3YYX7,0.176
D3YWU8,0.175
Q3TUE9,0.175
A0A1Y7VJ12,0.175
D3YVG1,0.175
P50543,0.175
A0A338P709,0.175
A0A1B0GSC4,0.175
A0A0N4SUR1,0.175
E9PWZ4,0.175
Q9CQ46,0.175
Q571L4,0.175
Q1WNQ4,0.174
E2D872,0.174
P01739,0.174
A0A2I3BPU5,0.174
A0A3Q4L354,0.173
Q8BSF7,0.173
Q8VC06,0.173
Q5NCR1,0.173
A0A1Y7VLK0,0.173
B1ATU6,0.172
P32883,0.172
H3BKG9,0.172
Q5GMG0,0.172
G0XYI0,0.172
D3YZ80,0.172
Q71V03,0.172
Q7TMZ4,0.172
Q3U8E9,0.171
A0A0G2JEM0,0.171
E9Q8V0,0.171
A0A2I3BRA0,0.171
Q3UW02,0.171
D3YZD8,0.171
D3Z3I8,0.171
Q8VCL8,0.171
D3Z003,0.171
D6RDT6,0.171
Q3TNQ0,0.171
A0A140LHD2,0.171
Q9JJ17,0.171
A0A140LJ68,0.171
A2A6F8,0.17
Q61652,0.17
A0A1W2P830,0.17
Q8K3M0,0.17
A0A0N4SVS2,0.17
V9GX58,0.17
Q9DAK4,0.17
A0A338P6R9,0.17
D3YUN1,0.169
Q61341,0.169
A0A2R8VHV2,0.169
A0A0G2JGN4,0.169
Q80Y14,0.169
A0A338P785,0.168
D6RCK0,0.168
A0A494BBB4,0.168
A2AN96,0.168
Q9DCM4,0.167
H3BJ66,0.167
Q501P6,0.167
Q9CQ66,0.167
Q9CQ48,0.167
Q542U7,0.167
F7CDA2,0.167
D3YX25,0.166
D3YXR1,0.166
A0A1Y7VMB1,0.166
A2VDF6,0.166
D3YXV2,0.166
A0A494BAH1,0.165
A0A1L1SQC5,0.165
B3GLJ3,0.165
P0DP59,0.165
A0A075B5Y9,0.165
Q05CI6,0.165
M0QWX0,0.165
A0A087WRR4,0.165
A0A140LHW9,0.165
S5MVY4,0.164
D3Z127,0.164
D6REI8,0.164
E9Q6I8,0.164
A0A087WNM5,0.164
P40338,0.164
Q9CSV3,0.164
Q08ED6,0.164
A0A494BAF4,0.164
Q9D2S9,0.163
Q9ESD5,0.163
A0A1Y7VJF7,0.163
Q8BSE9,0.163
A0A0A6YX06,0.162
P62900,0.162
Q9DAW4,0.162
A2ARF6,0.162
Q7TS55,0.162
E0CYW3,0.162
D6RI60,0.162
Q80VE9,0.162
B1AWZ5,0.162
Q8K2Q5,0.161
Q6S5I3,0.161
A0A1L1SRW3,0.161
E9Q3I1,0.161
A0A087WS50,0.161
A0A338P7H1,0.161
Q8C458,0.161
Q9CTJ3,0.161
O89058,0.161
A0A6M4C800,0.161
Q8CES1,0.16
A0A0G2JGF3,0.16
G0YZM9,0.16
A0A0B4J1G8,0.16
Q14AX3,0.16
A0A023T778,0.16
A0A494B9L1,0.16
B7ZCS1,0.16
D6RH69,0.16
Q76N02,0.16
A1E283,0.16
B1AS43,0.16
D6RH70,0.16
D3YZ83,0.16
Q3UP44,0.16
Q9CQP0,0.159
Q9D2Q8,0.159
O88239,0.159
Q5R1A6,0.159
M0QWI7,0.159
A0A2I3BPM4,0.159
B1AY71,0.159
Q3UN54,0.159
A0A140LHT6,0.158
Q3UT60,0.158
Q5R3X4,0.158
A0A0J9YUF9,0.158
A2A5M9,0.158
A0A140T8L9,0.158
F6QY72,0.158
Q8C291,0.158
A0A0N4SWD1,0.158
Q3UAR8,0.158
P60867,0.157
Q8VDC9,0.157
A0A3Q4EHR0,0.157
A0A0B4J1J8,0.157
E9PVL9,0.157
D3YY94,0.157
A0A2I3BQV2,0.157
Q925D0,0.157
P62488,0.157
P51880,0.157
Q9CTQ3,0.157
Q9ER94,0.157
Q9CSC8,0.156
P97304,0.156
A0A075B642,0.156
E9PWJ6,0.156
D3YVV4,0.156
E9Q4F3,0.156
D3YZ87,0.155
Q504P1,0.155
Q06BS2,0.155
A0A0J9YTQ8,0.155
E9PY86,0.155
A0A2R8VHL3,0.155
B1AXP6,0.155
A0A2I3BQ52,0.155
A0A1L1ST06,0.155
P01819,0.155
A0A1L1ST25,0.155
D3YV69,0.154
Q8CBP2,0.154
G3UXF9,0.154
A0A0G2JF12,0.154
E9Q6P1,0.154
D3YUD0,0.154
D3Z0Y2,0.154
Q9CQE2,0.154
E9Q7G1,0.154
Q3UGE0,0.153
Q0VEN0,0.153
Q9CQH4,0.153
Q6PGF2,0.153
Q3TVB5,0.153
Q9CQW2,0.153
E9PZU3,0.153
Q6ZPF7,0.153
D6REV5,0.152
A0A1L1SQN0,0.152
D3Z0B1,0.152
H3BL29,0.152
B1AT88,0.152
Q3V4B0,0.152
A0A0J9YTW3,0.152
Q3TJG6,0.152
V9GXV0,0.152
Q810X0,0.152
Q8BGR0,0.152
D3YYQ4,0.152
A0A0U1RPC6,0.152
Q9D9X3,0.152
A0A286YD69,0.151
Q8CE26,0.151
E9PZK7,0.151
D3YUF2,0.151
F8WHM0,0.151
D3YYJ5,0.151
A0A1B0GSB1,0.151
B3GLJ5,0.151
A0A0A6YXI2,0.151
Q9D586,0.15
D3Z223,0.15
A0MTM0,0.15
B8JKU3,0.15
A0A0U1RQ43,0.15
F8VQE8,0.15
D3Z3Q4,0.15
A0A286YD37,0.15
Q99M07,0.15
D3YW33,0.15
Q6PHB8,0.149
S4R297,0.149
A0A1L1SRM0,0.149
D6RFD4,0.149
E0CYZ8,0.149
E9PY98,0.149
Q8VCK7,0.149
D3Z616,0.149
P01639,0.149
Q9JL42,0.148
Q3UW36,0.148
A0A140LI09,0.148
Q9D0J4,0.148
A3KGA5,0.148
F7CXR7,0.148
A0A0G2JFR1,0.148
Q4U113,0.148
E9PUV4,0.148
A0A087WRQ4,0.147
Q3UYL1,0.147
A0A087WQM9,0.147
D3YWJ5,0.147
B0R021,0.147
A0A0G2JGY4,0.147
D6RDR8,0.147
Q3U0Y9,0.147
E9PYF0,0.147
A2BH82,0.147
Q8K2P6,0.146
E9PXY3,0.146
A0A1L1SST8,0.146
O88241,0.146
F8WGX4,0.146
A9L8S7,0.146
B8JJ84,0.146
Q6P6J0,0.146
A0A0B6VMY6,0.146
A0A0U1RNR5,0.146
Q99K05,0.146
Q8C9K8,0.146
Q8C5Z9,0.145
Q62186,0.145
A0A0A6YWN5,0.145
Q8VCP8,0.145
G3UY26,0.145
B3SRB2,0.145
D3Z4W5,0.144
A0A1Y7VL28,0.144
A0A0A6YWH1,0.144
G5E8M9,0.144
E9PZW4,0.144
A0A338P7G3,0.144
A0A338P6U2,0.144
E0CYI2,0.144
Q9CQH8,0.144
Q6P3A9,0.144
E9Q317,0.144
A0A1W2P7G1,0.144
A8Y5E8,0.144
A0A2R8VHC3,0.144
Q99JH1,0.144
A0A075B625,0.144
Q9WV95,0.144
H3BK61,0.144
O08740,0.143
Q14BT3,0.143
Q9CWD9,0.143
A2ANC1,0.143
Q8QZZ4,0.143
H3BJD4,0.143
A2AED9,0.143
O08799,0.143
S4R242,0.143
E9Q7T9,0.143
G3UWE9,0.143
A0A2R8W722,0.143
A0A2I3BQ86,0.143
A0A0U1RQ64,0.142
D3Z070,0.142
A0A1B0GS86,0.142
F7BXV7,0.142
S4R1W8,0.142
Q9CPW2,0.142
D3YUY5,0.142
F7AEH4,0.142
A0A087WQT3,0.142
A0A087WSU7,0.142
Q8R1U8,0.142
Q61623,0.142
Q925M8,0.141
A2NXD7,0.141
M0QWT9,0.141
A2A7P5,0.141
E9PZB8,0.141
Q9D174,0.141
A0A1L1SS61,0.141
Q63739,0.141
B0QZY2,0.14
Q9DCB8,0.14
A0A2I3BRN1,0.14
U5JE28,0.14
E0CZD3,0.14
Q3TPZ1,0.14
Q8K3J6,0.139
E0CYP3,0.139
A0A140LI21,0.139
D3Z213,0.139
A0A3B2WAL6,0.139
A0A087WSD9,0.139
A0A338P6Y6,0.139
Q6PGB6,0.139
Q546K1,0.139
P62245,0.139
O88244,0.138
A0A3B2WCW8,0.138
O35399,0.138
D3Z1D0,0.138
A0A0N4SWG0,0.138
E9PXD3,0.138
E9Q4V7,0.138
A2AKV3,0.138
Q6ZWM4,0.138
B8JJG8,0.137
Q6PA05,0.137
A0A0U1RNL4,0.137
E9Q2F3,0.137
Q810X5,0.137
A0A0R4J2B1,0.137
E0CY50,0.137
Q99LM8,0.136
P63072,0.136
Q8BV99,0.136
Q5SSM0,0.136
D3YX97,0.136
D9J348,0.136
Q91VC5,0.136
Q3TXZ2,0.136
E9PVF3,0.136
Q3U5Y1,0.136
D3Z5Z4,0.136
Q60772,0.136
A0A0U1RP11,0.136
P48428,0.135
I3QI33,0.135
D3Z188,0.135
A1L0S4,0.135
B6DXE3,0.135
A2A9R4,0.135
A0A2I3BRQ5,0.135
Q9CQL5,0.135
D3Z3P8,0.135
G3V005,0.135
P62761,0.135
A0A0J9YV02,0.135
Q8BIU6,0.135
A0A0A0MQ81,0.134
Q14A77,0.134
O54837,0.134
Q9R1Z7,0.134
H3BJ48,0.134
P97493,0.134
A0A0J9YUE6,0.133
Q61845,0.133
Q9D1U5,0.133
D6RGL6,0.133
Q2VTA1,0.133
Q09098,0.133
Q50HX3,0.133
A0A0U1RPK5,0.133
Q9QWM9,0.132
D3YUA3,0.132
Q9QXU7,0.132
Q0WXH4,0.132
F7AFP3,0.132
A0A0A6YX31,0.132
A0A1W2P7W7,0.132
Q925M4,0.132
Q3TQZ9,0.132
Q8R412,0.132
P31786,0.132
F6RP70,0.132
Q9D262,0.132
Q9CV52,0.131
Q5EBG6,0.131
Q8C776,0.131
I6L998,0.131
A0A338P692,0.131
A0A0A6YXM1,0.131
A0A494B979,0.131
H3BIZ5,0.13
S4R2V6,0.13
Q8CJ36,0.13
P24526,0.13
A0A0R4J206,0.13
D3Z7S9,0.13
K7TRU2,0.13
P62984,0.13
Q8CER6,0.13
Q1WWL1,0.13
P62340,0.13
Q9CTE0,0.13
Q31101,0.13
Q8BU23,0.129
Q32M14,0.129
Q8R150,0.129
Q8VI08,0.129
Q3TNR8,0.129
Q3UVN6,0.129
A0A0A6YY59,0.129
F7CWI9,0.129
A2AMU1,0.128
Q6LD22,0.128
D6RFA9,0.128
A0A0U1RQ26,0.128
Q9DAM3,0.128
Q921X1,0.128
G3X9G6,0.128
E9PY26,0.128
B7FAU8,0.128
E9Q8E7,0.128
Q9D9V9,0.128
O88848,0.128
D3Z7K3,0.127
A2AMZ4,0.127
A0A0A6YW56,0.127
P01746,0.127
Q8C5X4,0.127
P60003,0.127
Q9DAI2,0.127
A2A4U4,0.127
A0A087WPK5,0.127
Q9QWX2,0.127
Q5R1G0,0.127
D3YWZ2,0.127
A2BHR0,0.127
A5GZX3,0.127
O88233,0.126
Q8BYX3,0.126
A2ADT1,0.126
D3Z792,0.126
A0A494BAY5,0.126
E0CZ30,0.126
A0A0U1RPY0,0.126
K4DI63,0.126
D3YVF2,0.126
A0A1L1STK5,0.126
O88243,0.125
Q9CTT8,0.125
F6U7Q0,0.125
A0A1W2P7T4,0.125
Q05D38,0.125
Z4YKI7,0.125
A0A494BA68,0.125
Q08024,0.125
Q9D162,0.125
P11404,0.125
Q8K0Z1,0.124
Q9CVT6,0.124
Q76F75,0.124
Q3TY21,0.124
A0A2I3BQ54,0.124
B1AXN5,0.124
D6RGN0,0.124
D6RFV9,0.124
A0A1W2P6L8,0.124
D6RJ76,0.124
A0A087WQW6,0.124
Q8C478,0.124
A0A1L1SQT7,0.124
Q8BUX6,0.123
A0A140LHU8,0.123
A0A0R4J0P4,0.123
D3Z0Q2,0.123
Q9CS68,0.123
A2NXE3,0.123
Q3TPT0,0.123
D3YVM5,0.123
Q6P541,0.123
Q31156,0.123
A0A075B5M4,0.123
D3YVI5,0.122
Q61223,0.122
Q9CTL2,0.122
D3YVR1,0.122
Q3UXD7,0.122
A0A1Y7VL25,0.122
D3Z1Q3,0.122
Q3V2E2,0.122
B1AR92,0.122
Q3USR6,0.122
D3YWG3,0.122
A0A0N4SUX2,0.122
F6VXM5,0.122
Q80UD1,0.122
F6UYC1,0.122
P06323,0.122
A0A1Y7VJR6,0.122
Q8K1H9,0.122
D3Z0K9,0.122
Q9Z1Z8,0.122
G3UY46,0.122
F7AD18,0.122
Q80XA2,0.122
I7ARF1,0.121
B0R019,0.121
Q9D0B5,0.121
P09541,0.121
A2CES4,0.121
Q8K215,0.121
Q3TPL3,0.121
Q3V493,0.121
E9Q3W8,0.121
Q8C075,0.121
E0CXS3,0.121
Q4V9W0,0.121
A0A494B9D7,0.121
A2AFH1,0.121
A0A140LJ34,0.121
P99025,0.12
A0A338P715,0.12
B1ATA9,0.12
P56387,0.12
A0A1Y7VLG8,0.12
A0A286YCM1,0.12
Q6NXW2,0.12
D3Z124,0.12
Q497I1,0.12
A0A1B0GRU4,0.12
Q78IX0,0.119
P35175,0.119
A0A0N4SV28,0.119
A0A140LIF7,0.119
Q8BLW7,0.119
M0QWC2,0.119
Q80X87,0.119
A0A494B9R9,0.119
A0A1W2P6W7,0.119
G5E8W6,0.119
A0A1B0GQX1,0.119
E0CYZ2,0.119
Q8R367,0.119
Q9CQA0,0.119
P61213,0.119
D3Z7F0,0.118
Q6IWE3,0.118
A8Y5P0,0.118
Q3UPL7,0.118
O88247,0.118
E0CXP8,0.118
E9PV68,0.118
Q3TRQ6,0.118
Q9D1H8,0.118
F8WH71,0.118
Q923J2,0.118
Q5R1A8,0.118
Q3UTQ4,0.118
D3YVY2,0.118
A0A2R8VHU7,0.117
M4H2M4,0.117
A0A075B653,0.117
A2AQU8,0.117
E9QPA7,0.117
Q24LN5,0.117
E9PWX4,0.117
A0A2U8RP79,0.117
Q9CTG2,0.117
G3V015,0.117
A0A5F8MQD2,0.116
Q4KL41,0.116
G3UWV5,0.116
P22935,0.116
Q6P0X6,0.116
A0A494B8Z0,0.116
E9PXB6,0.116
D3Z5E6,0.116
A0A0A6YW48,0.116
H3BL97,0.115
A0A1W2P7X7,0.115
Q3TRR2,0.115
A0A3Q4EHR5,0.115
Q8C9T1,0.115
A0A338P6S6,0.115
A0A0A6YVU4,0.115
Q9CYR0,0.115
P01851,0.115
A0A1W2P6S1,0.115
E9Q8C4,0.114
K3W4Q2,0.114
Q14AF6,0.114
Q3V2F6,0.114
Q5PYH4,0.114
A0A1Y7VNY4,0.114
O88240,0.114
Q80ZT6,0.114
A0A0A6YX74,0.114
F8WIU1,0.114
Q99KW4,0.114
Q9CRR3,0.114
D6RGN5,0.114
D3YWF1,0.114
D3YXD6,0.114
A0A286YDQ9,0.114
Q6P069,0.114
A0A338P6V7,0.114
Q8BLK0,0.114
B1AVU3,0.114
Q6GX96,0.114
D3Z0B3,0.113
Q8BPF1,0.113
A0A494BA75,0.113
D3Z360,0.113
A2RTT4,0.113
Q8CDN4,0.113
A0A0M4KPD8,0.113
H3BLN2,0.113
Q3TMZ6,0.112
Q8BPC9,0.112
P10146,0.112
A0A1D5RM27,0.112
G5CJW8,0.112
A0A0U1RQ30,0.112
B0LAD7,0.112
A0A0N4SUW4,0.112
Q9QZ38,0.111
Q9CVD3,0.111
Q3UDI6,0.111
Q3TF63,0.111
E9Q5B2,0.111
Q31618,0.111
D3YTN9,0.111
D3Z111,0.111
Q3UWW7,0.111
Q3V490,0.111
A0A0U1RQ95,0.111
D3YWZ3,0.111
E9Q0W1,0.111
A0A494BA73,0.111
A2APZ3,0.111
D3YXW0,0.111
P62274,0.11
Q6ZZA0,0.11
Q8BU55,0.11
O88982,0.11
A2VCR5,0.11
A0A2R8VK72,0.11
I7HPX7,0.11
A0A0A6YW22,0.11
A0A1D5RLK9,0.11
P02798,0.11
Q9JIK6,0.11
Q7YQ02,0.11
A0A494BAB2,0.11
Q0WXH5,0.109
P21460,0.109
Q4KKZ0,0.109
Q31171,0.109
E0CXY7,0.109
E9Q9M6,0.109
A0A1W2P7B6,0.109
P01637,0.109
J3QPT3,0.109
O35671,0.109
Q9CVH5,0.109
Q9CSA7,0.109
E0CX27,0.109
Q6PKB1,0.109
A0A0U1RP17,0.109
A0A0J9YU32,0.108
Q9Z0T2,0.108
Q7M097,0.108
B1ATR4,0.108
Q3TQV3,0.108
Q9Z2L5,0.108
A0A494BAY6,0.108
A0A2I3BPQ7,0.108
Q9D1P0,0.108
D3Z2P1,0.108
Q3U6D7,0.107
Q8VE99,0.107
Q80VP4,0.107
A0A2I3BQH6,0.107
O35486,0.107
Q4VA32,0.107
F7AS28,0.107
A0A494B924,0.107
A0A087WR38,0.107
A0A158SIT0,0.107
Q8BLF9,0.107
Q8BPQ8,0.107
E9PX06,0.107
P14431,0.107
Q6ZQB1,0.106
O19462,0.106
A0A0N4SVI6,0.106
Q9JJ30,0.106
B2M0S5,0.106
Q99N89,0.106
Q9QWM3,0.106
D3YYW4,0.106
Q64501,0.106
G3UXM4,0.106
Q9R007,0.106
G3UZD3,0.106
D6RE49,0.105
Q8BQD5,0.105
Q8BUS2,0.105
A0A087WPY5,0.105
Q9DAY5,0.105
Q80XM0,0.105
O88875,0.105
Q8CB20,0.105
O35961,0.105
D3Z4X1,0.105
A0A286YDQ6,0.105
A0A1Y7VLD6,0.105
A0A1D5RM62,0.105
E0CXS6,0.105
A0A286YDN8,0.105
Q61613,0.105
D3Z6J4,0.105
A0A0H3YJA6,0.105
D6RG78,0.105
A0A140LHB4,0.105
P01741,0.104
Q8BGF4,0.104
Q8JZP4,0.104
A0A0N4SWE8,0.104
Q0VF92,0.104
A2AW40,0.104
A0A0R4J1L8,0.104
H3BL64,0.104
O88242,0.104
P32766,0.104
Q60731,0.104
F6VNY5,0.104
Q3UW09,0.104
A0A1W2P843,0.104
Q7TMP4,0.104
A0A1Y7VLW5,0.104
A0A0G2JFT6,0.104
Q91WE3,0.104
H7BX22,0.104
A0A0J9YUV2,0.104
P61759,0.104
Q5F2I0,0.103
Q8CC01,0.103
A0A0A6YX83,0.103
Q9JKE1,0.103
A2AFM8,0.103
Q61945,0.103
A0A2I3BRJ9,0.103
A0A0A6YWA9,0.103
Q9D8Z2,0.103
A0A338P675,0.103
A0A0J9YU58,0.103
O89063,0.103
D3Z0F1,0.103
A0A087WPZ0,0.103
F8WGS1,0.103
Q9D2T6,0.102
A2A7G6,0.102
Q9DAK9,0.102
A0A494B9S3,0.102
Q3UZ51,0.102
F6YHS5,0.102
A0A0A6YXE1,0.102
E9Q658,0.102
Q9WUZ6,0.102
A0A1L1STP0,0.102
A0A1W2P770,0.102
A0A0A6YW85,0.102
A0A1L1SS94,0.102
A0A1B0GRV1,0.102
Q8BXZ8,0.102
Q7TNW4,0.102
A0A024A3D6,0.102
P12787,0.102
A0A494BAY3,0.102
P36536,0.102
A0A0G2JG42,0.102
A0A0A6YXV1,0.102
B1AR13,0.102
Q3UUE2,0.102
P01738,0.102
D3Z5I3,0.101
A0A0A6YW84,0.101
A0A075B5V9,0.101
Q8VHS1,0.101
A0A2I3BPD6,0.101
D6RJM2,0.101
Q3TJI4,0.101
A0A338P6R4,0.101
D3YXX7,0.101
D3Z162,0.101
Q9CQ89,0.1
A2AV92,0.1
Q7YPF4,0.1
V9GXX5,0.1
A0A087WQ15,0.1
E9Q499,0.1
B7ZCP7,0.1
D3Z4A2,0.1
A0A087WR31,0.1
F6YIU3,0.099
B1B0B1,0.099
Q9DBP5,0.099
D3Z6C1,0.099
A9L8S8,0.099
A0A0U1RNR0,0.099
A0A1W2P892,0.099
Q9D806,0.099
A0A338P778,0.099
A0A1D5RLH0,0.099
P35173,0.099
A0A494B913,0.099
W0BZ77,0.099
O55142,0.099
A0A338P6F8,0.099
E9Q161,0.099
A0A1D5RMH3,0.098
D6RJ38,0.098
Q3V3P9,0.098
V9GZP9,0.098
A2AS91,0.098
A0A087WSH7,0.098
A0A140LI78,0.098
D3Z6E6,0.098
B0QZU5,0.098
Q8BWJ8,0.098
Q8QZS2,0.098
Q3TDV0,0.098
O35127,0.098
Q4VAI2,0.098
D6RHK5,0.097
Q3TEQ7,0.097
D3YYB0,0.097
A0A0A6YXM0,0.097
A0A0B4J1M7,0.097
O09051,0.097
E9Q1Y4,0.097
A0A1W2P8C3,0.097
Q8C473,0.097
B1AXC5,0.097
Q8R0J8,0.097
Q8BNY6,0.097
Q4L141,0.097
Q9DBG9,0.097
D6RH42,0.096
Q9D531,0.096
Q3U9P4,0.096
Q60687,0.096
Q8C3F4,0.096
A9Z1Z1,0.096
Q3TBR4,0.096
A0A1Y7VKC5,0.096
Q5SW16,0.096
Q8BRK0,0.096
D6RFU0,0.096
A0A1D5RLK5,0.096
Q9D8W6,0.096
Q9JHZ0,0.096
A6XA72,0.096
B1AUY9,0.096
A0A0A6YW82,0.096
D3Z461,0.095
Q3U9P5,0.095
A0A286YD23,0.095
Q9CQ40,0.095
Q925Q5,0.095
Q9D999,0.095
Q9CQR2,0.095
Q76MT3,0.095
A0A2I3BRQ8,0.095
Q3TQM4,0.095
A0A1B0GSA4,0.095
Q76I99,0.095
Q5ND44,0.094
Q3U9L4,0.094
D3YZS9,0.094
P10889,0.094
Q99JW6,0.094
I7HIF3,0.094
A0A2Z4SXH6,0.094
Q8CEM8,0.094
S4R183,0.094
D3Z443,0.094
D3Z1T4,0.094
Q3UWW0,0.093
E0CXK4,0.093
A2CG45,0.093
B1B0P9,0.093
A0A2I3BPN7,0.093
A2MY48,0.093
A0A0B4J1P1,0.093
Q6P8S2,0.093
D3YYR4,0.093
B1AXT5,0.093
D6RHP4,0.093
Q6GXA2,0.093
D3Z1T7,0.093
Q3TNZ0,0.093
P62315,0.093
A0A0G2JG17,0.093
D3Z1B4,0.092
A0A087WPN7,0.092
O88236,0.092
Q9D146,0.092
A0A087WSU3,0.092
O70333,0.092
Q3TQP2,0.092
A0A0J9YU78,0.092
A0A494B9U2,0.092
Q5SVG6,0.092
E0CY13,0.092
Q05DS3,0.092
A0A0H2UKC4,0.092
Q9QZG5,0.092
A0A3B2W470,0.092
O09035,0.092
A0A140LIA4,0.092
A0A1W2P833,0.092
Q8C9C1,0.092
B2RTM0,0.092
Q8R2Y8,0.091
D3Z0R7,0.091
Q53YX2,0.091
A0A0J9YUV3,0.091
Q8BMT5,0.091
D6RFT6,0.091
D3YU21,0.091
Q6LBU4,0.091
F7DDW0,0.091
A0A1Y7VLL5,0.091
Q0P661,0.091
A0A140LIC7,0.091
Q3TYH5,0.091
A0A0A0MQI4,0.091
A0A140LHB7,0.091
B1ATU0,0.091
Q8BV89,0.091
Q8VII3,0.091
D6RCX7,0.091
Q14BE0,0.091
C0IQA7,0.091
Q9DAN8,0.091
E9PY03,0.091
A0A0A6YVQ3,0.091
A0A668KLB0,0.091
B0QZX9,0.091
O88258,0.09
Q9QZ88,0.09
G3UY77,0.09
A0A0A6YY08,0.09
F7B8F0,0.09
Q5NCT1,0.09
P56391,0.09
Q9CRZ3,0.09
Q3V060,0.09
A0A0G2JGZ0,0.09
Q9D466,0.09
E9Q147,0.09
A0A0J9YUN1,0.09
Q9CTX0,0.09
B7ZCQ0,0.09
E9PVM9,0.09
A0A1Y7VP18,0.089
A0A0G2JFB9,0.089
A0A140LHS0,0.089
Q3UY81,0.089
Q9D8S9,0.089
A0A0A6YW44,0.089
A0A0N4SVP7,0.089
P01632,0.089
Q3UW31,0.089
D6REG4,0.089
A0A0G2JF86,0.089
Q8VC79,0.089
Q9QWR4,0.089
Q8CJ34,0.089
B2WTN8,0.089
A0A1Y7VJ89,0.088
F7CLL3,0.088
E0CXJ4,0.088
A0A2I3BQ18,0.088
D3Z515,0.088
D3YXW6,0.088
Q9D802,0.088
P27005,0.088
A0A0J9YUD9,0.088
Z4YLL5,0.088
B2KGA7,0.088
D3YYP9,0.088
E9Q2N7,0.088
Q6IWE1,0.088
D3Z3I6,0.088
A0A1Y7VJZ4,0.088
B0R038,0.088
E9Q4W7,0.088
Q921L3,0.087
A0A0N4SUS5,0.087
Q8R075,0.087
A0A0N4SUW0,0.087
A0A0G2JF23,0.087
E0CYR9,0.087
Q6P264,0.087
O88674,0.087
P60898,0.087
Q8CGU7,0.087
Q3SXK0,0.087
Q6NXX2,0.087
Q8CAE3,0.087
Q9CR98,0.087
A0A0G2JE63,0.087
A0A0A6YX72,0.086
D6RH59,0.086
Q8CJF6,0.086
A7LNR0,0.086
A2AUV5,0.086
A0A0G2JEH5,0.086
A0A1D5RL91,0.086
Q3TR31,0.086
A0A087WST3,0.086
Q9CQE3,0.086
A0A1L1SQH9,0.086
G5E8U8,0.086
Q9D2X7,0.086
Q920I3,0.086
A2A5V1,0.086
O54726,0.086
A0A4W7N3B2,0.086
D3YZD2,0.086
G3UX62,0.086
Q9EQ02,0.086
D6RGB1,0.086
Q3TZY6,0.086
H3BJ23,0.085
A2NXF0,0.085
A0A2R8VHG7,0.085
A0A0N4SWE3,0.085
A0A0N4SUR8,0.085
D3Z463,0.085
Q61927,0.085
D3Z263,0.085
Q3TD29,0.085
Q8CGA4,0.085
J3QPT8,0.085
D6RCX8,0.085
Q9EPR2,0.085
E9QM76,0.085
A0A0N4SV93,0.085
A0A494BAG3,0.085
Q8BNW1,0.085
A0A494B9E6,0.085
A0A0A6YWQ1,0.085
D3Z090,0.085
A0A494B9G5,0.085
D3YV19,0.085
A0A1B0GR73,0.085
W8QQI5,0.085
A0A1D5RM21,0.084
A0A1Y7VMF9,0.084
A0A2I3BRM6,0.084
H3BJ37,0.084
P60766,0.084
D3Z2H0,0.084
A0A2R8VH97,0.084
H3BJM3,0.084
P84075,0.084
D6RG51,0.084
Q3TLA1,0.084
A0A140LJI9,0.084
A0A2R8VK29,0.084
Q8R3Q6,0.084
Q9JL29,0.084
B6ZHC4,0.084
B0LAD0,0.084
Q8BXY4,0.084
B2KGR2,0.084
Q7TNU1,0.084
Q8BMY8,0.084
B0R031,0.084
A0A087WRY5,0.084
Q8CH67,0.083
G3UZ14,0.083
E9PYX9,0.083
D6RHP1,0.083
Q9WTZ0,0.083
D6RIP4,0.083
A6X8Z8,0.083
A0A075B6C4,0.083
B1ATX5,0.083
Q8K397,0.083
A0A494BB22,0.083
A0A087WSR2,0.083
Q9CXW4,0.083
C0HK79,0.083
D3Z0U3,0.083
Q9D7V7,0.083
G4WK10,0.083
A0A338P6F9,0.083
Q3TEI3,0.083
Q9D6V1,0.083
D3Z4X6,0.083
F6YW57,0.083
A0A087WPW2,0.082
V9GXI5,0.082
P61022,0.082
A0A0B4J1K5,0.082
Q925S2,0.082
E9QJT5,0.082
Q8C1P4,0.082
Q1AN91,0.082
Q8R3U5,0.082
O35060,0.082
A0A0A6YY24,0.082
Q80XU6,0.082
A0A338P6B6,0.082
A0A3Q4EC15,0.082
D6RGT2,0.082
Q8BP37,0.082
Q076U5,0.082
A0A668KLV5,0.082
F6ZJR3,0.082
Q91ZF0,0.082
D6RH75,0.082
Q9D2U5,0.082
Q7TQ03,0.082
Q7TPE3,0.082
A9XLH3,0.081
A0A1W2P7H0,0.081
F6UKN5,0.081
A0A087WQY6,0.081
Q5F2I1,0.081
O70182,0.081
Q8BY58,0.081
Q8BUR9,0.081
A2AEY0,0.081
D3Z3I9,0.081
A3KML9,0.081
Q9JHY4,0.081
Q6LBE4,0.081
Q8CGJ0,0.081
Q3U7T5,0.081
A0A0G2JGA8,0.081
Q3UA72,0.081
Q8VHH8,0.081
Q8R503,0.08
A2AAX8,0.08
A0A0G2JGP6,0.08
Q91Z34,0.08
Q99LX0,0.08
O08825,0.08
A0A087WRV7,0.08
A0A2R8VKS7,0.08
A0A0A6YXB7,0.08
D3YZC4,0.08
A0A286YCT9,0.08
Q62264,0.08
O88259,0.08
A0A2R8VKE2,0.08
B1AT95,0.08
A0A140LIF9,0.08
G3UWP7,0.08
A0A1W2P6I7,0.08
H3BL07,0.08
D6RFA7,0.08
A1L0T4,0.08
A0A3B2WAR6,0.08
Q3UKW2,0.08
B1ATQ7,0.08
A0A0G2JFC7,0.08
A0A5F8MPC6,0.08
Q5SP86,0.08
Q9CTQ4,0.08
D6RDQ6,0.079
Q8K3U4,0.079
P02816,0.079
D3Z398,0.079
Q920H1,0.079
Q9R021,0.079
Q8BH89,0.079
A0A1W2P838,0.079
E0CYM4,0.079
A2ALQ9,0.079
D3YX07,0.079
A0A2I3BPS3,0.079
Q8R0H0,0.079
P62320,0.079
Q8C2T8,0.079
A0A0N4SVT7,0.079
A6PW19,0.079
E9PZB0,0.079
Q9WUP9,0.079
A2NVE9,0.079
Q6NZQ3,0.079
Q9DA24,0.079
D3Z4V6,0.079
A2CEQ8,0.079
F7CB91,0.079
Q6ZQ39,0.079
H6TMF6,0.079
Q99JP1,0.079
A0A0G2JFD3,0.079
Q9R1I6,0.079
P07309,0.079
K7TH57,0.078
Q9D5K7,0.078
B2FDI2,0.078
Q9D6D9,0.078
A0A1L1SRC0,0.078
Q56A13,0.078
D3Z7V1,0.078
H3BKZ6,0.078
Q6Y684,0.078
Q8R1Z2,0.078
D3Z5W4,0.078
Q91YK6,0.078
A0A1L1SRC3,0.078
Q14BZ1,0.078
A0A1L1ST86,0.077
Q9Z0K7,0.077
D3Z3T0,0.077
Q9Z281,0.077
Q3TZM0,0.077
G3XA46,0.077
Q05BR3,0.077
Q9Z2T4,0.077
F7DBY2,0.077
A0A1W2P7J7,0.077
A0A494BBB6,0.077
Q9WUD8,0.077
A0A2I3BQB0,0.077
A2A7A8,0.077
Q91ZW9,0.077
F6SLP4,0.077
D3YX48,0.077
A0A140T8T4,0.077
Q9JL43,0.077
A0A494BA38,0.077
A0A0N4SVV4,0.077
D3YTL6,0.077
Q5M8M3,0.077
Q3TP23,0.077
Q8CGS2,0.077
Q3USP9,0.077
A0A0N4SV11,0.077
D3Z3R3,0.077
A0A5F8MPJ9,0.077
Q3TYF8,0.077
A0A494B9T2,0.077
Q62472,0.076
A0A2I3BQ85,0.076
A2AGK3,0.076
H3BKT9,0.076
Q9D3M1,0.076
A0A3Q4L387,0.076
A0A0A6YWK4,0.076
Q9CTD5,0.076
A0A286YDL4,0.076
Q8C1K4,0.076
A0A3Q4EGF1,0.076
A0A5F8MPD0,0.076
F6UL52,0.076
E9Q3U5,0.076
Q3UFK4,0.076
Q3THE2,0.076
P62311,0.076
Q64497,0.075
D3YYF4,0.075
Q5DU46,0.075
E0CY31,0.075
Q8CJC6,0.075
H3BJJ6,0.075
O08909,0.075
Q9CSM8,0.075
Q14A28,0.075
A0A0G2JEL0,0.075
A0A140LHK2,0.075
Q9WUC3,0.075
Q76LW6,0.075
A0A3B2WCP2,0.075
E9PUV1,0.075
Q9JIX0,0.075
Q3UVL6,0.075
Q3UWJ6,0.075
G3UXY7,0.075
Q9D9E1,0.075
E9QA53,0.075
A2VCR6,0.075
V9GX63,0.075
A2ABP9,0.075
K7U6A8,0.075
J9JI90,0.075
A0A2I3BR42,0.075
G3V016,0.075
Q540P4,0.074
G8DYY0,0.074
A2ANT6,0.074
Q8BJZ7,0.074
Q8VEN3,0.074
F7CAT1,0.074
P06321,0.074
S5MZ72,0.074
Q3TN86,0.074
D3YYS0,0.074
D3Z1X4,0.074
A0A0J9YU08,0.074
A0A0J9YUC3,0.074
A0N453,0.074
A2AUY0,0.074
Q8CCY6,0.074
A0A0U1RPB0,0.074
P23927,0.074
A0A286YDN6,0.074
A0A0J9YUK5,0.074
A0A1W2P889,0.074
Q6NVB7,0.074
Q922T9,0.074
Q9CSW8,0.074
D3YUF0,0.074
O88494,0.074
Q542N4,0.074
Q0VER9,0.073
A0A286YE94,0.073
A0A338P6T5,0.073
V9GX51,0.073
Q9XR35,0.073
E0CX64,0.073
A0A0A6YY26,0.073
P30882,0.073
A0A1Y7VL88,0.073
O88265,0.073
A0A1L1SVI6,0.073
Q8C2B8,0.073
Q9CVV6,0.073
A0A1W2P7M6,0.073
A0A2I3BS22,0.073
A0A6E0G4U3,0.073
Q99KM8,0.073
Q3UVV2,0.073
Q8BGW5,0.073
Q3TXD6,0.073
D6RJ73,0.073
Q6P5E1,0.073
A0A494B9F7,0.073
A0A494BAP9,0.073
A0A1L1SRL4,0.073
A0A1Y7VKD5,0.073
Q9CQ43,0.073
D3YXU4,0.072
S4R2A5,0.072
A2AMD6,0.072
A0A338P7C2,0.072
F6VKM0,0.072
Q60I30,0.072
Q812B2,0.072
D3YX59,0.072
B8JJC2,0.072
A0A338P6J2,0.072
Q7TNV9,0.072
P62331,0.072
Q8C1E8,0.072
Q9D428,0.072
X5J4I3,0.072
Q9CTH6,0.072
O88266,0.072
Q99PU1,0.072
A0A075B656,0.072
Q8R392,0.072
Q9CZL5,0.072
Q3TTY1,0.072
A0A0G2JDL4,0.072
E9Q0C3,0.072
Q99M09,0.072
H3BLB8,0.072
Q64502,0.072
P41105,0.072
O08608,0.072
P97506,0.071
O88263,0.071
B1AW00,0.071
D3Z6N1,0.071
A0A0U1RPG1,0.071
G3UYY3,0.071
Q8BKE0,0.071
G3UX83,0.071
A0A0G2JG80,0.071
E9Q5U1,0.071
Q9D881,0.071
A2AKK2,0.071
O89060,0.071
D3YWL7,0.071
P35385,0.071
Q80T80,0.071
P97890,0.071
Q6TDG6,0.071
B7ZCH9,0.071
D6RH60,0.071
G3UZ56,0.071
G8JL54,0.071
A0A0R4J1C2,0.071
A0A494BBA3,0.07
D6REF3,0.07
Q505B1,0.07
E0CZ94,0.07
P12815,0.07
A0A140LIN6,0.07
Q62395,0.07
E9PY19,0.07
Q9CRL3,0.07
E0CYA8,0.07
D3Z0L6,0.07
P09036,0.07
Q99L18,0.07
D3Z3S8,0.07
D3Z2U8,0.07
A2AFP4,0.07
E9QA52,0.07
A0A0A6YW97,0.07
A0A2I3BQM6,0.07
Q8K524,0.07
Q63811,0.07
D3YUG6,0.07
A0A0G2JDL9,0.07
Q64218,0.07
A0A0U1RPF5,0.07
F7BFU5,0.07
A0A7H1MFM7,0.07
A0A338P739,0.07
Q8BR22,0.07
A0A1D5RM75,0.07
Q8VDC7,0.07
A0A0N4SUZ2,0.07
Q5XW46,0.07
A0A2R8VKF0,0.07
Q8C9Z1,0.069
A2AHZ3,0.069
Q9CV48,0.069
O08540,0.069
J3QMH1,0.069
Q8BTR5,0.069
A0A1L1STC1,0.069
D3YUQ6,0.069
A0A0N4SV97,0.069
O88260,0.069
Q3UFA8,0.069
Q5SZ91,0.069
P48744,0.069
B0LAD9,0.069
C7SDC6,0.069
Q3UZC5,0.069
A0A0N4SWH1,0.069
Q3SXH5,0.069
O35679,0.069
Q9D9C2,0.069
Q9CWF0,0.069
Q9CR83,0.069
D6RHS9,0.069
A0A0N4SV52,0.069
E9Q352,0.069
K7R066,0.069
Q9CY30,0.069
A0A1B0GRT2,0.069
A0A0N4SV41,0.069
D3YUE0,0.069
A0A1W2P7L5,0.069
D3Z271,0.069
A0A0G2JEA3,0.069
Q9JJJ5,0.069
A0A1D5RL87,0.069
B0LAC5,0.069
J9JDU9,0.069
P62983,0.068
A2AQ12,0.068
Q99KF9,0.068
D3Z2U3,0.068
P62077,0.068
F6XLJ8,0.068
B1AVI2,0.068
A0A1L1SUM9,0.068
A0A1L1STD0,0.068
A4QPD7,0.068
F6RQ26,0.068
Q810X2,0.068
Q9QXC5,0.068
P46656,0.068
D3Z5E2,0.068
D6RJ62,0.068
A0A0G2JG32,0.068
Q9CTB8,0.068
Q9D119,0.068
D3Z3J1,0.068
C3VDI3,0.068
Q8K499,0.068
Q9CSL5,0.068
A0A087WNL3,0.068
A0A0G2JGE1,0.068
E9Q939,0.068
G3X9I1,0.068
O09107,0.068
Q3UJZ3,0.068
B1ARJ2,0.068
A0A140LHR1,0.068
F6RB63,0.068
A0A6I8MWZ3,0.068
Q8K444,0.068
Q8BQA9,0.068
Q5SVP4,0.068
H3BKS2,0.068
G3UZU3,0.067
V9GZP0,0.067
A0A338P6X8,0.067
Q9Z0H6,0.067
Q571G9,0.067
Q9CZG9,0.067
E9Q9U6,0.067
A0A3Q4EC06,0.067
A0A0G2JGQ5,0.067
A0A140LIB6,0.067
A0A2R8VI89,0.067
Q8C784,0.067
A0A0G2JE27,0.067
O89111,0.067
Q8VDV5,0.067
P04443,0.067
A0A1D5RM42,0.067
Q9CY97,0.067
A0A075B6B4,0.067
P35980,0.067
F8VQM2,0.067
P33680,0.067
A0A1B0GSP9,0.067
Q9CQY1,0.067
K9JA27,0.067
D3Z027,0.067
Q99NJ4,0.067
O88312,0.067
A0A3B2WCC1,0.066
Q5SSJ1,0.066
Q8K196,0.066
A0A1Y7VLS1,0.066
Q7TMD2,0.066
A0A494BAQ5,0.066
B0LAE0,0.066
Q8BTD0,0.066
O35427,0.066
B1AUH5,0.066
A0A0N4SVE9,0.066
Q9CY51,0.066
D6RH72,0.066
Q3UBW4,0.066
Q9JHS5,0.066
E9PYC2,0.066
B1AVU4,0.066
F7BB92,0.066
Q3UBW1,0.066
Q5J3Q7,0.066
I7HJR3,0.066
A0A087WSQ7,0.066
D3YV36,0.066
S4R2R0,0.066
H3BJR6,0.066
Q3UMA2,0.066
F6ZVN6,0.066
Q9DAD9,0.066
Q3U9J9,0.066
A0A0R4J042,0.066
Q9CVB2,0.066
A0A286YDH7,0.065
A0A0U1RQ24,0.065
A0A0A6YVU5,0.065
A0A494BAH0,0.065
H8YHW6,0.065
Q8K4N2,0.065
A0A3B2W824,0.065
O88713,0.065
U5JE80,0.065
O35982,0.065
A0A2R8VHI5,0.065
E9PX24,0.065
B7ZD25,0.065
D7RV96,0.065
Q8BK42,0.065
Q7YPB4,0.065
A2ABY6,0.065
Q924U2,0.065
A0A0A6YXE2,0.065
A0A0J9YUU0,0.065
A0A1Y7VP26,0.065
A0A140LHX1,0.065
Q149U7,0.065
Q8K1T6,0.065
Q8R343,0.065
O35901,0.065
Q5U5W9,0.065
P52760,0.065
Q99KV3,0.064
D3Z279,0.064
Q8CAD1,0.064
Q8BPT6,0.064
A0A2Z4SZ22,0.064
G3UW70,0.064
Q99P27,0.064
Q8C1M6,0.064
E0CYY6,0.064
O88249,0.064
A0A0A6YW57,0.064
D3Z5D4,0.064
D3YWH0,0.064
Q9JJN6,0.064
A0A571BEF8,0.064
A0A0U1RPE1,0.064
Q14B14,0.064
F6S731,0.064
A0A0G2JGG9,0.064
Q91V16,0.064
A0A7R8GUQ3,0.064
Q3US57,0.064
D3Z0U6,0.064
G3UYI2,0.064
Q3UDA7,0.064
Q3TVN6,0.064
D3Z7F4,0.064
Q9CQM5,0.064
A0A140LI75,0.064
O88253,0.064
Q9D6I3,0.064
Q8BLP7,0.064
Q920Y5,0.064
Q9CRB3,0.064
Q6PE78,0.064
A0A087WQ14,0.063
Q6PDF5,0.063
U5JE43,0.063
F6R7T6,0.063
P14097,0.063
H3BK54,0.063
G3UWW8,0.063
Q7TPR1,0.063
Q9CZE9,0.063
Q9CQZ7,0.063
Q3UMC2,0.063
A0A494B9X2,0.063
A0A1Y7VM34,0.063
O35057,0.063
A0A1D5RMF4,0.063
P01651,0.063
A2AE03,0.063
A4FVD1,0.063
F6U6T6,0.063
D3Z3H9,0.063
B1AC39,0.063
P68037,0.063
A0A3B2WDD2,0.063
P62962,0.063
O35717,0.063
A0A0A6YX78,0.063
Q9CQS2,0.062
Q791N7,0.062
A0A140LID3,0.062
B9EJP9,0.062
A0A1L1SUC3,0.062
P60603,0.062
A0A1Y7VM24,0.062
A0A494B914,0.062
H3BKM8,0.062
Q9R0Y5,0.062
Q9QXM4,0.062
A0A1D5RMJ2,0.062
P0DP99,0.062
Q6GXA0,0.062
F6QIL6,0.062
A0A1Y7VJV3,0.062
P35461,0.062
O88688,0.062
Q9DB28,0.062
Q80ZV2,0.062
D3YVH5,0.062
A0A1Y7VM23,0.062
D6RFP4,0.062
Q9CQ21,0.062
P0C7N9,0.062
A0A2I3BQX3,0.062
D3YWW4,0.062
Q9DD04,0.062
D3Z2S2,0.062
A0A1Y7VP64,0.062
O88254,0.062
A0A0J9YVC5,0.062
Q3TF08,0.062
A0A2Z4SYA9,0.062
O89073,0.061
D3Z2Z3,0.061
A0A2Z4SWY6,0.061
D3Z1S9,0.061
A0A1D5RMJ9,0.061
Q8CFJ5,0.061
A0A0G2JFB1,0.061
A0A0G2JF37,0.061
Q8K199,0.061
A0A338P718,0.061
Q3UZ87,0.061
A2ALT5,0.061
Q571C2,0.061
A0A1W2P6U1,0.061
A0A0G2JG19,0.061
Q3THA3,0.061
P84096,0.061
O88261,0.061
S4R2M9,0.061
A0A7R8GUW5,0.061
F6X8A1,0.061
E9Q5K7,0.061
Q6GXA9,0.061
G3UZR0,0.061
Q05A65,0.061
F6RCM5,0.061
G3UWQ1,0.061
A0A0J9YVC4,0.061
D6RFB1,0.061
A0A0J9YU70,0.061
Q8BYL6,0.061
A0A1L1STQ5,0.061
P35230,0.061
Q9Z1C6,0.061
J3QMX0,0.061
Q99JG9,0.061
A2ATP1,0.06
A2AER9,0.06
Q712W5,0.06
Q3TSR2,0.06
Q3TT74,0.06
Q544I6,0.06
A0A494B9P0,0.06
B1AZ25,0.06
Q8BZ27,0.06
Q8K546,0.06
O88255,0.06
O70200,0.06
G3BKC4,0.06
D3YVI2,0.06
Q8BK08,0.06
S4R1Z9,0.06
Q8VDG8,0.06
A0A1Y7VKS9,0.06
A3KPB8,0.06
A0A2I3BRT7,0.06
A0A0G2JE06,0.06
Q9D269,0.06
D3Z4S3,0.06
Q8R4A7,0.06
D3Z5R6,0.06
D3YUC2,0.06
D6RJ41,0.06
Q14AE4,0.06
Q3V2W3,0.06
D3YWF9,0.059
A0A3B2W4F1,0.059
P45878,0.059
Q3TEA5,0.059
Q99PU0,0.059
Q9CSQ6,0.059
E9Q4D7,0.059
A0A1L1STA1,0.059
H3BLR0,0.059
Q45FE1,0.059
Q99N75,0.059
Q921E2,0.059
Q9CPU9,0.059
D3Z2N6,0.059
Q9EQ14,0.059
Q9QXE3,0.059
Q3TAH3,0.059
B7ZCB8,0.059
Q14AJ3,0.059
F6R9J2,0.059
D3Z4L5,0.059
A0A0N4SW85,0.059
Q91XF2,0.059
F6U5N5,0.059
P51879,0.059
Q9Z2U6,0.059
Q9R0Z6,0.059
Q62249,0.059
Q8R033,0.059
H3BKA7,0.059
Q8VHL5,0.059
Q8CEX6,0.059
E9Q364,0.059
Q8CIB6,0.059
A0A1B0GRC5,0.059
Q9CR56,0.059
J3QNV6,0.059
H3BJG9,0.059
B0R044,0.058
D3YXL5,0.058
D3Z3I3,0.058
A0A494B951,0.058
D6RCI0,0.058
Q78EG8,0.058
F6U6K2,0.058
M0QWD1,0.058
D3Z7J8,0.058
A0A140LJB1,0.058
M0QWM8,0.058
I3QI32,0.058
A0A087WPI9,0.058
Q8BRE4,0.058
Q9QUS9,0.058
A0A087WP77,0.058
A0A1D5RM32,0.058
A0A140LJ59,0.058
D3Z057,0.058
X5J4N9,0.058
Q8K478,0.058
B0QZL2,0.058
Q91WK5,0.058
A0A1B0GSY7,0.058
Q19NU2,0.058
A0A286YD98,0.058
A0A4X5,0.058
A6H634,0.058
Q9CXS2,0.058
A0A2I3BQ79,0.058
A0A0N4SW36,0.058
Q4FZG0,0.058
Q3V3N1,0.058
D3Z626,0.058
A0A0U1RQ60,0.057
A2A5G5,0.057
Q05D16,0.057
H3BK51,0.057
E9Q1X9,0.057
A0A0U1RNK9,0.057
G3UWS5,0.057
Q9D963,0.057
D6RCY6,0.057
A0A0J9YV56,0.057
C0LT63,0.057
Q3U7N1,0.057
G3UX98,0.057
Q9JHP2,0.057
Q6GX98,0.057
E0CXC8,0.057
Q6TM11,0.057
E9QA84,0.057
E9Q302,0.057
F8WIE7,0.057
Q8HWC8,0.057
A2AF82,0.057
Q8VH72,0.057
P22339,0.057
A0A0J9YUX1,0.057
I7HPW5,0.057
Q683Y8,0.057
Q3TEM5,0.057
E0CXQ0,0.057
A0A0N4SW66,0.057
A0A494BAX2,0.057
S4R2A4,0.057
K3W4N2,0.057
B2ZP50,0.057
Q544E6,0.057
A7M7S6,0.057
A0A1B0GRR2,0.057
Q0VG51,0.056
A0A087WPV8,0.056
D3Z2K4,0.056
Q80V88,0.056
A2AV98,0.056
Q8C944,0.056
A0A0U1RP80,0.056
D3Z3L8,0.056
D3Z117,0.056
Q9CXI5,0.056
E9Q4A7,0.056
B7ZNP2,0.056
A0A0D3M043,0.056
Q3UZ08,0.056
A0A1B0GQX2,0.056
Q9CZQ8,0.056
A2AKK6,0.056
Q9EP94,0.056
Q9CTW3,0.056
A0A1L1SUA8,0.056
Q9CXL1,0.056
Q8R040,0.056
A0A087WQQ3,0.056
Q9CRK7,0.056
D3Z2D4,0.056
A0A087WNS0,0.056
V9H1I4,0.056
D6RFS9,0.056
G3X989,0.056
D3YUR4,0.056
A0A1B0GR67,0.056
Q08731,0.056
H3BLG9,0.056
Q9CY46,0.056
E9Q6U4,0.056
O89059,0.056
A2NUE8,0.056
P35979,0.055
D3Z7T9,0.055
Q9CPX3,0.055
D3Z7A6,0.055
Q9EQX4,0.055
P04213,0.055
Q8BTE2,0.055
A0A2Z4T2Y0,0.055
Q9JME7,0.055
Q9CUY1,0.055
H3BKT7,0.055
A0A338P707,0.055
G3UWG6,0.055
A2AFS1,0.055
E0CXI4,0.055
E0CXW9,0.055
E0CY52,0.055
B1AW87,0.055
Q5ZEY2,0.055
Q8BXC3,0.055
P03985,0.055
Q9D7X3,0.055
A2ABP5,0.055
A0A0A6YVQ0,0.055
E9Q0T7,0.055
Q9CRF7,0.055
E9Q866,0.055
Q3TSX0,0.055
A0A068BD71,0.055
Q8K249,0.055
A0A0R4J299,0.055
A0A286YD62,0.055
D3Z3P4,0.055
O88262,0.054
A1E2I0,0.054
A2A3W1,0.054
P63168,0.054
Q3TNK3,0.054
G8DZ75,0.054
A0A0N4SV58,0.054
Q30KN8,0.054
F8WHB5,0.054
D3Z4B6,0.054
A0A140LHV2,0.054
C6EQH1,0.054
A0A0B4J1H5,0.054
Q64493,0.054
A0A2R8VJN5,0.054
O88380,0.054
A2AJ24,0.054
S5MKI1,0.054
G3UYK1,0.054
A0A0U1RNV2,0.054
P0DP60,0.054
Q3V4D2,0.054
P62073,0.054
Q6P6F3,0.054
P56840,0.054
Q9CQZ1,0.054
O35912,0.054
P83877,0.054
A0A3B2W8B1,0.054
Q9D4Z1,0.054
A0A5F8MPK7,0.054
A0A140LHE6,0.054
D6RCI1,0.054
Q8C597,0.054
O88273,0.054
D6RHT7,0.054
Q8R2I7,0.054
B8JJB2,0.053
J3QNN4,0.053
E9M2E8,0.053
A0A087WR92,0.053
F6Q404,0.053
A0A1W2P8D4,0.053
Q9JM86,0.053
A0A571BF92,0.053
Q9CWY6,0.053
Q3SXC5,0.053
E9PW65,0.053
A0A2R8VHM9,0.053
A2BHR2,0.053
A0A140LI98,0.053
Q9CWA8,0.053
Q5R1A3,0.053
G3UWY8,0.053
B7FAT1,0.053
O88250,0.053
D3Z2B2,0.053
I7HIQ9,0.053
Q497N1,0.053
Q3TS07,0.053
Q9D0E5,0.053
D3YWX3,0.053
Q0VDZ1,0.053
Q5F270,0.053
A0A338P6N1,0.053
Q9CTU5,0.053
Q3V193,0.053
Q9EPV9,0.053
Q9JHS3,0.053
Q5SWB4,0.053
Q3TMT1,0.053
Q8K4E4,0.053
Q8C5G0,0.053
O08798,0.053
F7BP55,0.053
D3Z5Y1,0.053
Q3TLN8,0.053
A2RSE4,0.053
Q9CTF6,0.053
Q8C9X1,0.053
A0A0J9YUD1,0.053
E0CXE9,0.053
J3QMX2,0.053
D3Z1K6,0.053
A0A1B0GRL8,0.053
A2A7U0,0.053
E9Q163,0.053
E7D893,0.053
D3YYQ7,0.053
Q78XZ3,0.053
D3Z389,0.053
E0CYW7,0.053
M0QW95,0.053
E9PX96,0.052
Q8K0V6,0.052
A0A494BBJ2,0.052
E9Q5Y5,0.052
Q8K3C0,0.052
Q9D708,0.052
Q99N92,0.052
A0A1W2P7K2,0.052
A0A140LIV6,0.052
B0LAB9,0.052
S5MZ42,0.052
Q8BVD9,0.052
Q9R1Y4,0.052
A0A2R8W6Z1,0.052
G3V010,0.052
D3YZ60,0.052
A0A3B2WBF0,0.052
Q9CZH3,0.052
E9Q1X7,0.052
Q9D0P8,0.052
Q8BME9,0.052
A0A0G2JE62,0.052
A0A140LI15,0.052
E9Q4P0,0.052
Q9DD02,0.052
D3Z3I2,0.052
A0A0G2JGA0,0.052
Q80ZN5,0.052
Q3V427,0.052
S4R2D4,0.052
Q5M9N4,0.052
A2A994,0.052
B1AXX9,0.052
A0A0A6YVP6,0.052
Q9JK77,0.052
Q5M9P3,0.052
A0A0G2JDG4,0.052
P27784,0.051
E0CZH7,0.051
A0A087WNT1,0.051
Q3U1E8,0.051
A0A1D5RM84,0.051
P01810,0.051
A0A1S6GWH0,0.051
A0A087WNR6,0.051
A0A140LHM9,0.051
Q8BU47,0.051
Q3UR26,0.051
E9Q3T5,0.051
E0CZ64,0.051
Q8CH41,0.051
A0A0U1RPC7,0.051
A0A0J9YUX8,0.051
D3Z1F3,0.051
Q8K527,0.051
Q811V7,0.051
A0A087WP08,0.051
Q9D8Y1,0.051
Q8K1T7,0.051
A0A0J9YTV1,0.051
A0A286YD50,0.051
D6RI86,0.051
Q3UT50,0.051
D3Z5X0,0.051
Q9D8A4,0.051
E9Q8G8,0.051
Q3UJ81,0.051
M4H2V6,0.051
A0A0N4SUL0,0.051
S4R2C0,0.051
A0A024A2Q0,0.051
P82019,0.051
A2AHC5,0.051
A0A140LJ37,0.051
O09037,0.051
A0A0G2JGT6,0.051
Q569M7,0.051
Q9CWQ2,0.051
Q61989,0.051
B7ZWJ7,0.051
A0A0D3M034,0.051
F8WGG5,0.051
P0C6B2,0.051
G3UYJ8,0.05
Q9CTC0,0.05
A0A1L1SR87,0.05
G5E8D1,0.05
A0A3Q4EIF7,0.05
P01734,0.05
Q8K1T4,0.05
E0CYK4,0.05
A2A4W1,0.05
P62892,0.05
Q09J73,0.05
A0A3B2WCQ8,0.05
A0A075B5Z4,0.05
A0A0G2JGT7,0.05
Q3UW81,0.05
A0A087WRM6,0.05
Q8K523,0.05
A0A0A0MQK2,0.05
A0A087WNN6,0.05
Q9CXQ9,0.05
F6ZBE7,0.05
F7CEK4,0.05
Q3UTS8,0.05
D3Z432,0.05
Q8R3W7,0.05
O35064,0.05
A0A338P755,0.05
A0A2R8VHQ2,0.05
Q30KN1,0.05
Q8R1E7,0.05
M0QWD8,0.05
E9Q3B8,0.05
E9Q9L3,0.05
Q8C337,0.05
A0A2R8VHK1,0.05
D5MR38,0.05
E0CZH5,0.05
Q99LR0,0.05
A0A087WS39,0.05
A0A087WPL4,0.05
A0A0A6YWW3,0.05
D3Z7G2,0.05
A0A0U5J712,0.05
G3UX05,0.05
A0A087WQJ0,0.05
Q32MD8,0.05
A8DUV3,0.05
A0A338P7I1,0.05
Q9CQA6,0.05
F7DDS0,0.05
Q8BPP5,0.05
D7RV94,0.05
F8WH73,0.049
V9GZF3,0.049
Q8K529,0.049
A0A077S9M6,0.049
O35063,0.049
Q3U434,0.049
O88315,0.049
Q2PZA3,0.049
Q3UW21,0.049
A0A0A0MQJ5,0.049
A0A7T3UXR9,0.049
Q3UFU2,0.049
Q31186,0.049
Q3V469,0.049
A0A0G2JEX6,0.049
Q9D869,0.049
A0A087WP93,0.049
Q32ZM2,0.049
A0A1P8DI26,0.049
A0A1Y7VNR7,0.049
A0A1D5RL93,0.049
Q3URG8,0.049
Q8C2P1,0.049
D3Z2U2,0.049
E0CZA6,0.049
D3Z472,0.049
A0A087WSE4,0.049
Q9Z1Q3,0.049
E9Q389,0.049
Q9CPT4,0.049
Q3U8U9,0.049
D3Z2H3,0.049
O55237,0.049
P04939,0.049
A0A5F8MPK8,0.049
Q61460,0.049
Q9CRG3,0.049
A0A0F7RQH1,0.049
Q3U1Z6,0.049
Q3U9K9,0.049
Q60619,0.049
Q3TP30,0.049
O88430,0.049
Q3TDS9,0.049
E1AW56,0.049
D3YTN1,0.049
A0A1Y7VM38,0.049
A0A338P6T8,0.049
Q3U8M3,0.049
A0A0U1RP38,0.049
Q3TD73,0.049
Q8K2M1,0.048
P48298,0.048
Q9ESV5,0.048
A0A1B0GRA6,0.048
P56382,0.048
C6EQH4,0.048
E0CX24,0.048
E0CY71,0.048
A0A2R8VHJ1,0.048
O89095,0.048
Q6LD20,0.048
A0A494BAN8,0.048
Q3UN94,0.048
Q8R3L7,0.048
K7THB6,0.048
Q5SQB3,0.048
Q5MPX5,0.048
Q8CJ35,0.048
G3UX75,0.048
A0A1L1SVH3,0.048
A0A286YCZ0,0.048
H3BK63,0.048
A2APS5,0.048
A0A0J9YUY7,0.048
Q60620,0.048
D3YY29,0.048
A2AC65,0.048
Q8R337,0.048
Q3TE59,0.048
A0A1L1SSU8,0.048
Q6PIR8,0.048
Q91VW3,0.048
A0A338P6L7,0.048
A0A2R8VI61,0.048
B0QZM2,0.048
Q9CVG0,0.048
A0A087WPT6,0.048
Q8BTE5,0.048
Q3TUU6,0.048
A2AEC9,0.048
S5N4H8,0.048
Q8C4E3,0.048
S4R2R2,0.048
Q4FZG7,0.048
Q6GRA7,0.048
D3Z0M5,0.048
D6RFQ0,0.048
A6PWE0,0.048
E9PZD4,0.048
D3Z1Q8,0.048
M0QWP9,0.048
G3UXE8,0.048
A3RLD5,0.048
A0A087WRE0,0.048
Q9D2Q7,0.048
A0A0U1RNU1,0.048
D3Z157,0.048
A0A1B0GSJ8,0.048
Q6IE32,0.048
A0A0J9YVH4,0.048
Q9D9C1,0.047
Q3UNK8,0.047
A0A1B0GR77,0.047
F6SJH4,0.047
Q61599,0.047
Q8CEP0,0.047
H7BWZ0,0.047
A0A494B9E3,0.047
A0A2I3BQR2,0.047
B1AS11,0.047
P04214,0.047
Q8R3U1,0.047
A0A0G2JEU4,0.047
A0A494B9E5,0.047
B7ZCG2,0.047
A0A0N4SVY2,0.047
D3Z7K0,0.047
O09011,0.047
A0A0U1RQB3,0.047
Q3UTI7,0.047
Q9CW87,0.047
A0A0A6YXS8,0.047
Q3TLY7,0.047
Q9ET70,0.047
Q9DCF9,0.047
F8WH02,0.047
Q923U1,0.047
G3UZH1,0.047
D3YWI0,0.047
Q8K4M3,0.047
Q3TRH5,0.047
A0A338P743,0.047
Q6IZF3,0.047
A0A1Y7VL71,0.047
Q9D967,0.047
Q8VI07,0.047
D6RHQ0,0.047
Q14BH5,0.047
A0A0A6YXJ6,0.047
E9Q552,0.047
A0A0U1RQ35,0.047
A2VCN5,0.047
Q05CB6,0.047
D6RGA7,0.047
Q8BM86,0.047
D3YZR6,0.047
A0A2R8VI47,0.047
O88235,0.047
E9Q6V3,0.047
E9PZB5,0.047
Q8BUK5,0.047
V9GXG0,0.047
Q925V0,0.047
F8WJG1,0.047
A0A0A6YVQ5,0.046
A0A0U1RNM3,0.046
E9Q3J3,0.046
A0A0A0MQH1,0.046
Q3TRQ4,0.046
B1AV57,0.046
G3UZG6,0.046
A0A0J9YUI1,0.046
D6REG6,0.046
D3Z5S5,0.046
A0A0J9YTV4,0.046
A0A0U1RPP2,0.046
Q3TS82,0.046
D6RCW7,0.046
A0A0G2JDG0,0.046
O89070,0.046
E0CXL1,0.046
E0CYB1,0.046
Q8CG15,0.046
M4H2I8,0.046
Q8K1T5,0.046
A0A494B9D6,0.046
A0A7N9VSY3,0.046
Q9D267,0.046
O89072,0.046
Q64253,0.046
A0A0U1RPF3,0.046
D6RE57,0.046
Q5R3W9,0.046
D3YVS6,0.046
O88425,0.046
E9Q1V0,0.046
A0A0A6YW18,0.046
A0A087WR01,0.046
Q8VI21,0.046
A0A0G2JGX8,0.046
A0A0J9YVF7,0.046
P82020,0.046
Q810A3,0.046
C4PFH6,0.046
D3YYP8,0.046
P61969,0.046
Q8C1H6,0.046
A2AE72,0.046
Q62438,0.046
Q3TUY1,0.046
Q80ZQ9,0.046
A0A0G2JFF0,0.046
A6X941,0.046
D6RJL4,0.046
Q3UM66,0.046
D3Z249,0.046
A0A0N4SUP6,0.046
G3UWQ4,0.046
A0A3B2W7X0,0.045
Q3UX93,0.045
Q921L4,0.045
A0A0A6YWN6,0.045
A2VDF8,0.045
P62075,0.045
D3Z2N5,0.045
Q3UZH8,0.045
A0A0U1RP84,0.045
Q3SYJ1,0.045
A1E285,0.045
F2Z434,0.045
M4H2B7,0.045
Q3UPZ5,0.045
A0A1Y7VJJ0,0.045
A0A5F8MPB3,0.045
A0A1B0GST8,0.045
A0A0A6YXF5,0.045
Q8BL69,0.045
A2BES2,0.045
C9K102,0.045
Q9CSL3,0.045
A0A494BBJ0,0.045
O88324,0.045
B2KFA9,0.045
Q05C79,0.045
E9PVN6,0.045
P61014,0.045
A2RSF1,0.045
A0A0U1RNK3,0.045
A2ARG6,0.045
Q3THJ3,0.045
S5MKH6,0.045
A0A0A6YXC1,0.045
Q8C7J2,0.045
Q9QUP1,0.045
Q99JF3,0.045
F7B4H2,0.045
Q8BGY5,0.045
A0A0J9YV27,0.045
P20491,0.045
A0A571BG63,0.045
A0A1L1SR14,0.045
Q30KP6,0.045
Q8C1R4,0.045
P62849,0.045
Q5SRC5,0.045
Q0VBM6,0.045
Q3TRA6,0.045
Q9CVK5,0.045
Q3V345,0.045
Q3UUE9,0.045
A0A1C7CYV2,0.045
D3Z3L2,0.045
A0A0A6YX80,0.045
G3UZ00,0.045
Q9R0B3,0.045
A0A087WS92,0.045
Q9CUG6,0.045
P37217,0.045
A0A286YE23,0.044
H3BJ04,0.044
Q9CVC9,0.044
A0A0R4J0D9,0.044
E0CX86,0.044
P70435,0.044
Q547B4,0.044
P16646,0.044
V9GWZ6,0.044
E9Q2Z0,0.044
B3GLJ4,0.044
G8JL76,0.044
B1B0B8,0.044
D3YVC4,0.044
Q8CF08,0.044
H3BKR6,0.044
Q9Z0S9,0.044
A0A0A6YY22,0.044
A1L3Q1,0.044
Q3UXE8,0.044
A0A1W2P7Q1,0.044
F6RYA6,0.044
P01592,0.044
A0A5F8MPN6,0.044
Q78E66,0.044
P62305,0.044
A0A1D5RM14,0.044
Q9CQJ9,0.044
Q9CT71,0.044
Q3TES3,0.044
O35067,0.044
F6WF94,0.044
P17515,0.044
Q8C4L1,0.044
F6ZSF2,0.044
E9PYC5,0.044
Q6P3C8,0.044
A0A087WRH6,0.044
K7T9F6,0.044
P70316,0.044
Q6PGH1,0.044
A0A1Y7VNP4,0.044
Q9WV98,0.044
A0A1L1SRB2,0.044
A0A089N5R8,0.044
O89013,0.044
A2A855,0.044
A0A087WQN9,0.044
A0A0G2JFW8,0.044
P07321,0.044
A0A1B0GSW9,0.044
H3BIW5,0.044
D3Z6P1,0.044
P62301,0.044
A2CER2,0.044
H3BIZ8,0.044
M4H2V4,0.044
Q99JS7,0.044
A0A0J9YVA3,0.044
F7BB55,0.043
Q8K3I0,0.043
D6RE42,0.043
F6W1Y9,0.043
Q544F6,0.043
G3UXY5,0.043
A2ABZ0,0.043
D3Z7N1,0.043
D3YYF3,0.043
G3UZH2,0.043
P70345,0.043
A0A0N4SWD3,0.043
Q3U0U1,0.043
A0A0A6YVZ5,0.043
A0A0A6YXV6,0.043
A0A140LIZ6,0.043
F7BGL3,0.043
C5I8Q2,0.043
Q6PBH3,0.043
Q3UW41,0.043
Q8R2I4,0.043
Q8VI22,0.043
Q9D240,0.043
B7FAU2,0.043
Q9D470,0.043
A0A1Y7VLE1,0.043
P70349,0.043
H3BLD6,0.043
Q5QNQ8,0.043
A0A087WPS8,0.043
A0A140LI46,0.043
Q9D8P4,0.043
D3YUV8,0.043
P01628,0.043
B1AU71,0.043
Q8R460,0.043
A0A286YDW4,0.043
Q5SX59,0.043
E9PYS9,0.043
P26883,0.043
Q3V2F8,0.043
Q9JM88,0.043
H3BLF0,0.043
B1ASW6,0.043
D3Z067,0.043
F7BEI3,0.043
Q3TR01,0.043
Q8R448,0.043
D3YWK6,0.043
J3QPZ8,0.043
Q7TT08,0.043
Q8BJ88,0.043
D3Z369,0.042
D3YW60,0.042
Q06767,0.042
Q8R1G5,0.042
D3Z0X6,0.042
Q6GX99,0.042
Q9D3I7,0.042
D3Z1E8,0.042
A0A0J9YTT0,0.042
Q3UCU5,0.042
Q8BT51,0.042
Q3TIP1,0.042
P51670,0.042
A0A494B9B0,0.042
Q3UWU7,0.042
A0A494BB31,0.042
O08932,0.042
A0A2R8VHF7,0.042
D3Z2V0,0.042
D6RG65,0.042
E0CYD5,0.042
Q543T5,0.042
Q5NCB9,0.042
Q8R187,0.042
A0A0A6YW01,0.042
Q99KM7,0.042
Q61477,0.042
G3UWH1,0.042
G3UXS8,0.042
A0A494B8X2,0.042
Q497V8,0.042
G3UZ94,0.042
B0R010,0.042
Q3UXG9,0.042
G3UYP1,0.042
Q3UFC8,0.042
A0A087WSN7,0.042
D6REV6,0.042
F8WHQ0,0.042
E0CY51,0.042
Q924P3,0.042
G3UXI6,0.042
A0A2I3BPR1,0.042
Q9JJY8,0.042
P15655,0.042
Q8CCV6,0.042
A0A0S2SPY8,0.042
E9Q6V8,0.042
Q4FZG8,0.042
A0A3Q4L303,0.042
Q3TPS3,0.042
Q5GAM7,0.042
Q8VHX3,0.042
D6RGR2,0.042
Q9JHG0,0.042
Q3UI29,0.042
Q3TYS2,0.042
G3UXZ1,0.042
A0A087WQ18,0.041
Q9D8D7,0.041
Q3UA58,0.041
Q8R212,0.041
A0A338P7A6,0.041
A0A0A6YVV5,0.041
Q05CD8,0.041
Q9CUN9,0.041
F6W7C7,0.041
G3UWB8,0.041
D3Z1B5,0.041
Q78XR0,0.041
Q99M38,0.041
F7BQS0,0.041
A0A1W2P828,0.041
A0A0N4SVT6,0.041
Q8C084,0.041
A0A0G2JFW4,0.041
Q9D8H5,0.041
F7D5Q6,0.041
Q8BLC1,0.041
A0A3B2WB35,0.041
A0A494BBI8,0.041
D3YXU5,0.041
A0A4D6Z015,0.041
D3YZQ6,0.041
Q9CQ02,0.041
A0A140LIJ5,0.041
D3Z762,0.041
F6XMC0,0.041
G8DYM6,0.041
P32848,0.041
A2APR1,0.041
F6TLH3,0.041
F6Z939,0.041
Q9DCU2,0.041
A0A0J9YUG1,0.041
Q6A053,0.041
A4FUT6,0.041
A0A0N4SW67,0.041
Q8BGE8,0.041
O88348,0.041
D3YUH5,0.041
A0A140LHU1,0.041
A2ARZ7,0.041
P04212,0.041
A0A494B9B7,0.041
A0A0G2JFA2,0.041
Q3UG43,0.041
A0A494B9F4,0.041
P35174,0.041
Q91Y96,0.041
G3UYN3,0.041
Q3U3M9,0.041
A0A1L1ST73,0.041
P11031,0.041
Q8K288,0.04
A0A0A0MQL9,0.04
D3YUG9,0.04
Q8R5J9,0.04
A0A0A6YVR2,0.04
Q80Y72,0.04
C4NUM1,0.04
A0A0G2JEI0,0.04
B0QZL0,0.04
A0A0G2JFP5,0.04
D6RFD3,0.04
Q8CAV0,0.04
Q8VDB6,0.04
G3UY71,0.04
G3UZ43,0.04
Q9CR46,0.04
Q8K1L7,0.04
Q9EQM0,0.04
Q9CRZ0,0.04
Q91XS3,0.04
A2NU50,0.04
A0A2R8VHT1,0.04
A3KG82,0.04
P56386,0.04
Q9WU28,0.04
Q7TMA3,0.04
A0A1C7CYV1,0.04
D6RJ68,0.04
S5MZA6,0.04
Q9DD23,0.04
A0A087WNT5,0.04
O88662,0.04
Q8R1Z6,0.04
G3UWY7,0.04
F8T7H0,0.04
A0A140LHV9,0.04
P60521,0.04
P04401,0.04
A0A1W2P8C2,0.04
D3Z703,0.04
Q9CTG1,0.04
Q3V317,0.04
A0A286YDQ1,0.04
Q3KN91,0.04
Q505C5,0.04
A0A0R4J109,0.04
Q3UMH6,0.04
A0A2I3BPR2,0.04
Q91W63,0.04
D3YWR7,0.04
B0R081,0.04
Q8VCY2,0.04
P56394,0.04
Q8BNW0,0.04
Q6IR26,0.04
A2AMJ0,0.04
Q8BPZ1,0.04
A0A2R8VKS6,0.04
Q9JMF3,0.04
P10400,0.04
E0CXI0,0.04
Q3TTJ9,0.04
J3QK74,0.04
Q9CV60,0.04
A0A1B0GQZ0,0.04
D3YV71,0.04
A0A3B2W3H6,0.04
A0A0N4SVW8,0.04
Q9Z2C3,0.04
Q3UQP7,0.04
Q64520,0.04
Q8K525,0.04
Q6P220,0.04
Q8CGW3,0.04
A0A1L1SQB3,0.04
Q924X5,0.04
D3YUC3,0.04
A0A087WQX7,0.04
Q3TSF4,0.039
P35459,0.039
Q9JJV1,0.039
A0A1L7NR17,0.039
G3UZR8,0.039
A0A0R4J0Y8,0.039
H3BK59,0.039
A2NPL2,0.039
C6EQI8,0.039
Q3THF1,0.039
Q9D385,0.039
G3V002,0.039
A8Y5D3,0.039
Q91V70,0.039
Q9D115,0.039
A0A087WRH3,0.039
Q9CTZ0,0.039
A2A5J2,0.039
G3UYS0,0.039
D3YY89,0.039
Q80ZQ0,0.039
Q3TGK4,0.039
B2RXB2,0.039
Q3U172,0.039
Q3TAQ6,0.039
H3BJQ5,0.039
Q9CQA9,0.039
O35089,0.039
A0A0G2JGU3,0.039
A1ILH0,0.039
Q9JI80,0.039
A2A5H7,0.039
S4R2I7,0.039
Q6W075,0.039
D6RJL8,0.039
A0A0U1RNF3,0.039
Q6P6H9,0.039
Q3V3J2,0.039
Q3TBA1,0.039
P10855,0.039
Q6W062,0.039
A2AD74,0.039
Q5DQQ6,0.039
A0A3B2W8A7,0.039
A0A3Q4L320,0.039
G3DRA7,0.039
S4R260,0.039
E9Q308,0.039
B1AQJ3,0.039
Q6P065,0.039
P09813,0.039
Q3TAG2,0.039
A0A0G2JES0,0.039
D3YWH3,0.039
A0A0R4J0K1,0.039
F6VDQ9,0.039
A0A338P7L9,0.039
E9Q393,0.039
D3Z7N9,0.039
A0A5H2QVU1,0.039
D6RJ37,0.039
Q3UTT2,0.039
A0A087WRD6,0.039
A0A0N4SUZ8,0.039
F6VY64,0.039
Q059G7,0.039
Q9D8Y7,0.039
Q8HWD3,0.039
A0A0A6YXQ1,0.039
Q6P8V1,0.039
D3Z7Q3,0.038
Q8R207,0.038
Q61064,0.038
D6RCU7,0.038
Q3TRK1,0.038
H3BKI8,0.038
Q8CCR7,0.038
A0A0J9YVB4,0.038
Q27ZI7,0.038
P61971,0.038
F7D9F7,0.038
Q7TPM5,0.038
D3Z7P2,0.038
D3YYD9,0.038
Q91ZN9,0.038
F7B9W9,0.038
E0CZC3,0.038
Q3TM29,0.038
F6T422,0.038
A0A0N4SVE7,0.038
E9Q643,0.038
Q8BW33,0.038
Q3UMX8,0.038
Q99LT4,0.038
I6L993,0.038
Q8BUJ1,0.038
Q8C5Y2,0.038
Q9JI83,0.038
A0A494BAB1,0.038
A0A1Y7VP11,0.038
E0CZ53,0.038
A0A494BBB3,0.038
Q9D211,0.038
S4R1L8,0.038
Q91VW0,0.038
O09114,0.038
Q63848,0.038
Q9D173,0.038
Q3TLF4,0.038
P0DN34,0.038
Q9CQA1,0.038
O88653,0.038
S4R2G8,0.038
A0A140LIY3,0.038
A2AU60,0.038
D6RDQ5,0.038
Q6LC31,0.038
F6XWY6,0.038
A0A1Y7VJJ3,0.038
Q8CB46,0.038
A0A087WQA9,0.038
D3Z444,0.038
O19474,0.038
Q9CU43,0.038
A0A338P7B4,0.038
A0A1L1SRU5,0.038
F6S4J6,0.037
Q8K3I1,0.037
Q9D125,0.037
D6RI26,0.037
Q9CX53,0.037
Q60920,0.037
D6RI51,0.037
A0A286YD01,0.037
Q3TTS3,0.037
D3YUX0,0.037
G3UXL9,0.037
A0A494B933,0.037
Q61566,0.037
H3BL87,0.037
D3Z412,0.037
A0A2I3BQU9,0.037
Q08423,0.037
D3YWK0,0.037
Q8C6I9,0.037
H7BXC2,0.037
A0A0R4J284,0.037
Q9CWY4,0.037
B7ZC49,0.037
Q6RI66,0.037
G5E883,0.037
F6S5X0,0.037
Q3USX4,0.037
A0A2I3BRD2,0.037
P31482,0.037
A0A494BBH3,0.037
F8WH46,0.037
D3YYF7,0.037
Q8C248,0.037
Q9CR13,0.037
A0A286YD19,0.037
H3BJX5,0.037
A0A0A6YXI3,0.037
Q5GRG7,0.037
B0R0D2,0.037
O35081,0.037
P04247,0.037
E9M0G2,0.037
P62818,0.037
Q8R0U8,0.037
Q3TD79,0.037
A0A1W2P773,0.037
Q925P5,0.037
A0A1Y7VIY5,0.037
A2A5K8,0.037
A0A0R4J0U1,0.037
D3YY12,0.037
A0A3Q4EGB5,0.037
Q3V3C7,0.037
A2AHI8,0.037
Q8K438,0.037
D3Z094,0.037
A0A0R4J1S4,0.037
D3YVK5,0.037
G3UWL2,0.037
P01849,0.037
D3YWD4,0.037
D3Z1H0,0.037
A0A087WQZ4,0.037
P15501,0.037
Q3U0M2,0.037
Q3TII9,0.037
B7ZDD8,0.037
Q30KN3,0.037
F7BK35,0.037
A0A0J9YUE0,0.037
Q3UTJ8,0.037
D6RJ59,0.037
A0A0U1RNF7,0.037
D3Z4Q8,0.037
A0A140LHZ0,0.037
D3YUS7,0.036
P62835,0.036
A0A1L1SVA8,0.036
Q91ZA8,0.036
Q9CW22,0.036
G3UXC2,0.036
Q80VV3,0.036
A2ASX4,0.036
A0A494BBM7,0.036
A0A087WQ38,0.036
Q8K443,0.036
B0R0L9,0.036
Q8BIW3,0.036
H3BIY5,0.036
P20065,0.036
S5MVZ3,0.036
D3Z2M7,0.036
H3BKY5,0.036
A0A140LHK0,0.036
A0A1B0GST1,0.036
Q9QVP4,0.036
D6RI85,0.036
A0A1B0GSJ0,0.036
P56395,0.036
A0A5F8MPY0,0.036
Q8R1P2,0.036
P97457,0.036
A0A140LJ95,0.036
Q9EQI5,0.036
J3QMY0,0.036
A0A1Y7VMM6,0.036
Q9DA01,0.036
A0A338P6T2,0.036
A0A1W2P6M8,0.036
Q8R2N6,0.036
D6RHT2,0.036
A0A1B0GRY2,0.036
E9Q9Q8,0.036
Q501M9,0.036
Q06318,0.036
Q922Z5,0.036
O08929,0.036
A0A140LHW4,0.036
E9Q4N1,0.036
A0A0U1RP67,0.036
Q8K4N3,0.036
Q4V9U8,0.036
Q793I8,0.036
Q8BT78,0.036
G3XA67,0.036
H3BLM0,0.036
M1INE8,0.036
A0A1B0GT51,0.036
P01740,0.036
A0A286YCM4,0.036
A0A3Q4L2S6,0.036
Z4YM12,0.036
Q8BG70,0.036
B2RQ11,0.036
E9QA00,0.036
D3Z3J0,0.036
S5MKG1,0.036
P15532,0.036
Q3TM85,0.036
D6RGP2,0.036
A0A1D5RM24,0.036
M0QW72,0.036
G3UYP3,0.036
Q8BXG8,0.036
Q60FD1,0.035
A0A087WPF3,0.035
Q9CR70,0.035
F2Z4A1,0.035
Q9CQU8,0.035
H3BK14,0.035
S4R2I3,0.035
D3Z4W0,0.035
H3BIY0,0.035
Q2NKI0,0.035
P61804,0.035
P62254,0.035
A0A1B0GT02,0.035
D6RJ49,0.035
Q8BKW0,0.035
Q9DAH1,0.035
A0A0G2JE70,0.035
D6RE35,0.035
P47801,0.035
S4R1E5,0.035
A0A1B0GT50,0.035
Q8BMY7,0.035
Q9EPW4,0.035
Q8CAB7,0.035
Q8K0D7,0.035
A0A0U1RPR1,0.035
G3UWM3,0.035
D3YYS1,0.035
A0A286YEE4,0.035
Q9CPP6,0.035
A0A1Y7VLA8,0.035
A7M7R1,0.035
A2ARS6,0.035
Q99PK1,0.035
A0A0N4SW83,0.035
Q3TN12,0.035
D3Z4C7,0.035
Q91WE9,0.035
Q9CQG1,0.035
A0A087WP26,0.035
E9Q5D4,0.035
A0A023J5Y2,0.035
Q8K359,0.035
Q8BM30,0.035
F6WHY1,0.035
E9PYP3,0.035
A0A7G5X9Q6,0.035
Q62301,0.035
Q6NTH7,0.035
E0CZH6,0.035
D3Z343,0.035
Q8CEK3,0.035
D3Z7B3,0.035
A0A1X9HIH8,0.035
A0A286YCN2,0.035
H3BL43,0.035
A0A494BB15,0.035
P61087,0.035
D6RIN8,0.035
Q543P2,0.035
A0A087WS20,0.035
Q4QY32,0.035
A0A1Y7VIW3,0.035
H3BJN9,0.035
Q9JIY4,0.035
A0A1Y7VJA6,0.035
A6PWC1,0.035
Q6P250,0.035
Q9CZW7,0.035
A0A1B0GRS3,0.035
F6Q8S3,0.035
Q9D5E1,0.035
A0A286YCS1,0.035
A0A0N4SV76,0.034
S5MLB4,0.034
Q9CZF7,0.034
Q8CIN8,0.034
E9QAP5,0.034
Q99L56,0.034
A0A1L1SS28,0.034
Q5SUR3,0.034
A0A0U1RPV0,0.034
A0A494BB64,0.034
A0A0U1RQ42,0.034
Q9CRC3,0.034
A0A087WQM2,0.034
P06335,0.034
G0XYH9,0.034
P83870,0.034
Q3SXC8,0.034
A0A0U1RPR6,0.034
A0A0U1RNQ3,0.034
V9H1D0,0.034
F6SD06,0.034
Q8C5Z6,0.034
A0A140LHI0,0.034
D3Z4M3,0.034
Q8CEH2,0.034
H6UK59,0.034
H3BLE0,0.034
Q6XL62,0.034
E9PX58,0.034
U5KBZ7,0.034
Q9JIS3,0.034
Q3TSL9,0.034
A0A0N4SVA3,0.034
Q8BLC3,0.034
A0A4D6YWC7,0.034
A0A1L1SQS5,0.034
P61924,0.034
A0A1D5RLR0,0.034
D3Z516,0.034
F8WIW2,0.034
Q8BU44,0.034
G3UYX0,0.034
D3YWW9,0.034
A0A1L1STF2,0.034
A0A338P6T4,0.034
P62878,0.034
Q3UKZ7,0.034
D3Z020,0.034
S5MKH0,0.034
E0CZE7,0.034
A0A1Y7VLC4,0.034
Q9CPX7,0.034
Q9CRG8,0.034
D3YUT5,0.034
A0A087WSK1,0.034
A0A0U1RNQ6,0.034
A0A087WRX1,0.034
Q9DAC2,0.034
O35069,0.034
A0A0A6YWQ4,0.034
Q3TT08,0.034
P14131,0.034
Q8C2C0,0.034
S5MGA4,0.034
H3BJY8,0.034
A0A286YE63,0.034
S4R1R2,0.034
Q5F295,0.034
Q1AFZ4,0.034
Q62089,0.034
A0A0G2JFK1,0.034
A0A286YDG2,0.034
D3Z569,0.034
E0CZC0,0.034
F6XTD2,0.034
Q99PN1,0.034
B2FDE9,0.034
A0A7L7T991,0.034
Q9WTZ1,0.034
Q3TVF2,0.034
E0CY89,0.034
Q3UW00,0.034
D3Z7U8,0.034
Q6LDL0,0.034
A0A338P738,0.034
A0A0A6YX46,0.034
Q8BT67,0.034
A0A3Q4EGT7,0.034
A0A0G2JFR3,0.034
C7C6A9,0.033
Q8K2G1,0.033
A0A1Y7VK80,0.033
Q9CQZ5,0.033
A0A1B0GSQ6,0.033
A0A3Q4EI66,0.033
A0A0G2JDE0,0.033
E0CZE1,0.033
Q00915,0.033
D3Z417,0.033
A0A1D5RMB6,0.033
Q9CXU1,0.033
Q9CQ84,0.033
Q9WVS0,0.033
Q8K504,0.033
Q9CQD8,0.033
B7ZCV4,0.033
A0A2R8VHE3,0.033
Q9Z0F3,0.033
Q6QHD5,0.033
A0A087WNQ0,0.033
A0A0G2JF07,0.033
Q05D39,0.033
A0A0A6YWM4,0.033
A0A5F8MPF7,0.033
A0A1L1SSJ9,0.033
Q2Q5T5,0.033
F7BG02,0.033
A2NU23,0.033
O54696,0.033
P84102,0.033
Q8BNT4,0.033
F8S0X7,0.033
A0A2I3BQ03,0.033
D3Z368,0.033
Q3U9N5,0.033
A0A087WNZ6,0.033
P58019,0.033
O88459,0.033
A0A0G2JGX1,0.033
A0A2R8W6U1,0.033
Q99JP4,0.033
Q8BMS3,0.033
D3YV74,0.033
F6SY41,0.033
G5E8V7,0.033
A0A0N4SV13,0.033
A2VCP8,0.033
A3KML4,0.033
A0A1Y7VKV2,0.033
A0A1B0GRK8,0.033
Q8VED7,0.033
B1AS81,0.033
Q91VR8,0.033
G8JL83,0.033
H3BJS2,0.033
O08969,0.033
Q3TQT7,0.033
A0A2I3BRA8,0.033
D3Z1A6,0.033
A0A087WRK5,0.033
Q9CV62,0.033
Q810M3,0.033
Q9EP70,0.033
A2ANQ3,0.033
P02525,0.033
D3YZM1,0.033
M0QWQ3,0.033
Q9CQA8,0.033
H3BKV9,0.033
A0A0G2JEN8,0.033
Q675A9,0.033
Q8CIY6,0.032
D6REH7,0.032
D3YU15,0.032
G3UYC6,0.032
Q9Z1Z5,0.032
Q9D925,0.032
A0A0A0MQA9,0.032
A2AN99,0.032
Q8K3C1,0.032
A0A087WPT2,0.032
A0A0A6YXJ5,0.032
B1B213,0.032
E0CXU7,0.032
A0A0N4SVS3,0.032
Q99LM6,0.032
G3XA75,0.032
Q9CY34,0.032
E0CYY2,0.032
A2AEH9,0.032
Q3V0P2,0.032
Q569M6,0.032
Q61155,0.032
Q9R2B2,0.032
P35460,0.032
Q3TR42,0.032
Q8BMX6,0.032
Q8BVB5,0.032
Q8BWS6,0.032
Q91ZN2,0.032
A0A0N4SVW3,0.032
Q8R1I1,0.032
P59048,0.032
D6RDT0,0.032
Q5MCM5,0.032
D6RE34,0.032
Q9R1R5,0.032
A0A494BAD7,0.032
O35290,0.032
D3Z765,0.032
A0A0D4BT98,0.032
A0A0A6YWB2,0.032
D3Z2Y0,0.032
Q3TAJ2,0.032
B1AW26,0.032
Z4YLZ9,0.032
Q8BJT5,0.032
A0A0G2JDJ5,0.032
A2VCP9,0.032
Q8BFX0,0.032
A0A494B9P2,0.032
Q9CXK8,0.032
Q3TNY2,0.032
Q3UTD9,0.032
Q8C399,0.032
A0A494BB04,0.032
Q8C1X0,0.032
P61216,0.032
D3Z0K2,0.032
Q6LCK2,0.032
Q9CPX8,0.032
A0A0U1RNW1,0.032
A0A0A6YWM6,0.032
A0A1W2P874,0.032
A0A0G2JEM7,0.032
P13562,0.032
A0A1B0GSZ9,0.032
Q6ZWV7,0.032
F6QFL0,0.032
Q8R3A2,0.032
O88188,0.032
A0A2R8VHM8,0.031
Q30KN4,0.031
A2AQ34,0.031
A0A0G2JEP1,0.031
Q61266,0.031
D3Z7J5,0.031
E0CZ55,0.031
A0A1D5RLA2,0.031
E9PWQ9,0.031
A0A338P6J5,0.031
A0A2R8W6P2,0.031
Q9Z1Q0,0.031
D3Z6K4,0.031
Q03958,0.031
Q3UWS9,0.031
Q9CQR7,0.031
Q4JFB8,0.031
Q9JMG1,0.031
Q9CPR1,0.031
Q9DC82,0.031
Q3TZ92,0.031
O35215,0.031
A0A1W2P7G2,0.031
M0QWF1,0.031
F2Z438,0.031
A0A494BAY4,0.031
Q8BZE0,0.031
A0A1Y7VIT7,0.031
Q8BVI0,0.031
Q78KC5,0.031
Q921W0,0.031
F2WWK7,0.031
D6RIN3,0.031
Q6A021,0.031
A0A0G2JFF6,0.031
A0A0R4J1N5,0.031
E0CXD0,0.031
A0A140LIM5,0.031
A0A087WNZ5,0.031
P17932,0.031
E0CYK9,0.031
A0A0G2JE49,0.031
Q3U074,0.031
A0A087WS45,0.031
Q8C0W0,0.031
Q8R0Z8,0.031
A0A0G2JEC0,0.031
G3UXC1,0.031
F6WC15,0.031
A2AGP1,0.031
A2BH46,0.031
P21570,0.031
D3YYS2,0.031
F2Z437,0.031
V9GXB1,0.031
Q6PCZ1,0.031
Q5SQY2,0.031
E9Q672,0.031
D3Z1K2,0.031
Q71H54,0.031
A0A0N4SW64,0.031
Q3U0E7,0.031
F6UKG4,0.031
D3YTU7,0.031
Q8BMV4,0.031
D3Z503,0.031
D3Z0T5,0.031
A0A3Q4L314,0.031
D3Z7Q9,0.031
D6RFC0,0.031
Q3KNL4,0.031
A0A087WSC7,0.031
A0A2I3BR60,0.031
A0A2R8VKR9,0.031
A0A7R7T276,0.031
A0A1B0GRR8,0.031
Q32MD7,0.031
Q9CQY6,0.031
A0A2R8VHU0,0.031
A2A887,0.031
A0A140LIE6,0.031
Q99JU9,0.031
Q3TH84,0.031
S5N4P6,0.031
Q9CW65,0.031
A0A571BFX2,0.03
P58686,0.03
F7DEW9,0.03
A0A494B9S4,0.03
S4R168,0.03
B7ZN85,0.03
A0A3B2W3F1,0.03
O70326,0.03
A0A087WPQ3,0.03
H3BJV4,0.03
Q9CQT7,0.03
Q9DBC9,0.03
D6REG5,0.03
A0A0U1RNJ2,0.03
D6RCU4,0.03
A0A0N4SW02,0.03
Q8K2X9,0.03
Q5SVN9,0.03
I7HM02,0.03
A0A140LIA7,0.03
A0A0U1RPB2,0.03
Q8BYY5,0.03
P09528,0.03
B2RVA4,0.03
E9Q0W3,0.03
Q8K3G4,0.03
O55057,0.03
W0UVC3,0.03
D3YXY0,0.03
Q4QY34,0.03
C3VDJ0,0.03
A0A1D5RLY7,0.03
Q9R0V2,0.03
H3BK85,0.03
D3YUU4,0.03
A2ALS9,0.03
F6VRI6,0.03
A0A1L1SQU9,0.03
Q9WUQ5,0.03
Q9CQ92,0.03
A0A087WSL8,0.03
H3BKT4,0.03
Q91YQ3,0.03
A0A494B9L2,0.03
W8QD88,0.03
P60060,0.03
P59999,0.03
C0IMX1,0.03
E0CXJ1,0.03
A0A2R8VHL6,0.03
Q3UD49,0.03
A4FUQ1,0.03
Q7TSX2,0.03
D3Z5U3,0.03
Q9CV26,0.03
F2Z3Y9,0.03
A0A087WNX5,0.03
A0A494BB94,0.03
Q8BH51,0.03
A3KGA8,0.03
G3UWY4,0.03
Q0VBB0,0.03
D3YVB8,0.03
P0C027,0.03
A9Q7H1,0.03
D6RGA0,0.03
A0A0U1RNJ8,0.03
Q3TE16,0.03
D3Z0L2,0.03
F6Q6R1,0.03
A0A1L1SRT9,0.03
Q571B4,0.03
A0A087WRX0,0.03
S5MZ77,0.03
Q9CYY7,0.03
B1AW62,0.03
Q91XE7,0.03
Q925T2,0.03
Q6JVL5,0.03
A0A0U1RNV1,0.03
Q6TDG9,0.03
Q91V13,0.03
D3Z3X7,0.03
B1AX77,0.029
A0A0U1RNL2,0.029
Q059R7,0.029
E9QA71,0.029
Q5FW74,0.029
Q571N3,0.029
Q99KA6,0.029
Q9CSU4,0.029
E0CXZ2,0.029
D3YWM2,0.029
Q3THL2,0.029
A0A087WQZ2,0.029
A0A338P6E9,0.029
Q8K4R2,0.029
A0A1W2P749,0.029
Q548X8,0.029
A0A3B2WDA2,0.029
S4R1S3,0.029
V9GXB3,0.029
H3BL39,0.029
A2AJB9,0.029
Q9QZU9,0.029
B0LAC0,0.029
P0C1P0,0.029
Q8BJR4,0.029
Q544C9,0.029
D3Z2V2,0.029
B2RVB9,0.029
Q6NWV5,0.029
Q8BVA1,0.029
Q8C400,0.029
B1AZ39,0.029
P0DN89,0.029
Q3TR83,0.029
O88892,0.029
Q8BTE6,0.029
A0A494BAG4,0.029
Q60833,0.029
Q14A47,0.029
Q14C48,0.029
Q99K09,0.029
Q8C1Z9,0.029
E9Q6X4,0.029
Q3UA95,0.029
A0A0U1RNY1,0.029
Q8CF10,0.029
Q8R034,0.029
D3Z401,0.029
Q8C6Y3,0.029
A0A0G2JDY2,0.029
Q925E8,0.029
F7D5L2,0.029
A0A0G2JG02,0.029
A0A1D5RM33,0.029
D3Z4J8,0.029
Q9JM14,0.029
A0A338P7C0,0.029
P86050,0.029
D6RFR9,0.029
A0A0G2JG95,0.029
A2AEQ5,0.029
Q9QXI5,0.029
A2AWB0,0.029
A0A2I3BPZ6,0.029
G3UY12,0.029
E9PZ59,0.029
Q8BT35,0.029
Q8C7N5,0.029
P70273,0.029
P85965,0.029
A0A338P6I3,0.029
Q9GYZ2,0.029
Q8VIJ1,0.029
B0V2P0,0.029
Q569E3,0.029
F6SUD2,0.029
Q91YA0,0.029
D3Z5F0,0.029
Q9CZT2,0.029
A0A0G2JEX8,0.029
A0A087WPN8,0.029
A0A2R8VHX1,0.029
Q9CWP4,0.029
A0A0A0MQP0,0.029
Q8K2Q0,0.029
F6QK86,0.029
Q8R0V9,0.029
A0A1B0GS74,0.029
Q8BJD7,0.029
Q9CWA5,0.029
Q35042,0.029
A0A0N4SVW1,0.029
F6VTG4,0.029
Q8K0C5,0.029
A0A0U1RNF8,0.028
P56812,0.028
Q8R1B2,0.028
B5KM66,0.028
A0A0A6YWV1,0.028
D3Z2P8,0.028
A2AH52,0.028
Q8BT20,0.028
Q3V220,0.028
Q8C3W4,0.028
Q3V245,0.028
D3Z680,0.028
Q8K3C3,0.028
Q9D898,0.028
Q9D8I1,0.028
D3YVB0,0.028
Q8BYM0,0.028
Q9CRM2,0.028
Q08ED0,0.028
D6REG7,0.028
Q3V3L3,0.028
Q497T6,0.028
Q925S3,0.028
A0A5P8D1R0,0.028
A0A338P6G0,0.028
Q9CZI5,0.028
A0A494BBE2,0.028
A0A0U1RP97,0.028
D3YZL0,0.028
Q5SWP1,0.028
A0A0J9YTQ2,0.028
D3YU10,0.028
A0A0G2JFG1,0.028
Q8R2L5,0.028
D3Z2M9,0.028
G3UWR4,0.028
G5E8Q5,0.028
E9Q333,0.028
D6RJ25,0.028
Q3TNW8,0.028
D3Z4U1,0.028
D3Z2C5,0.028
C6EQI0,0.028
Q9DB42,0.028
A0A2I3BS06,0.028
D3Z115,0.028
Q8C1J4,0.028
G3UX64,0.028
B1AR46,0.028
D3YXL8,0.028
Q9D7M8,0.028
O88966,0.028
Q4FZE5,0.028
A0A087WQD1,0.028
A2AT95,0.028
Q9Z2T3,0.028
G3UZC6,0.028
O35068,0.028
Q8VH86,0.028
Q05AH4,0.028
Q9D7F2,0.028
Q61854,0.028
A0A0A6YXL9,0.028
Q8BU37,0.028
A0A1W2P6Y3,0.028
A0A2R8W712,0.028
C6EQH5,0.028
O35514,0.028
P63028,0.028
Q8R331,0.028
Q4KXB6,0.028
E9Q5C5,0.028
A0A0J9YUZ7,0.028
A2A599,0.028
B8JJ68,0.028
A0A077S1H9,0.028
B7ZD13,0.028
Q9CZC5,0.028
E9PXK8,0.028
A0A286YCE5,0.028
Q80ZN2,0.028
D3Z4W3,0.028
Q91V99,0.028
A0A1Y7VKT3,0.028
A0A140LIJ8,0.028
Q08EF2,0.028
Q3TR88,0.028
Q8BW32,0.028
Q9D9Z7,0.028
J3QMU2,0.028
A0A0N4SUS9,0.028
F6Y0Q7,0.028
A0A6G7MA55,0.028
D3Z5R7,0.028
A0A0U1RPR9,0.028
Q9CQB4,0.028
D5MR34,0.027
A0A1B0GTA1,0.027
F6RIG8,0.027
G5E8J7,0.027
Q684Q9,0.027
Q810Z1,0.027
A0A1D5RM76,0.027
P61226,0.027
A0A2R8VHJ3,0.027
Q3UBL7,0.027
Q9CRB0,0.027
J3QMK2,0.027
A0A140LI10,0.027
E0CZD4,0.027
Q9CPU4,0.027
D3YV76,0.027
A0A3B2W7B9,0.027
S5MG64,0.027
D6RCF9,0.027
A2ARL3,0.027
A0A087WPH0,0.027
F8WI55,0.027
Q30KM9,0.027
D3YV67,0.027
A0A087WQ90,0.027
P56375,0.027
A0A1D5RLH3,0.027
P11672,0.027
P56213,0.027
Q3TDH1,0.027
Q3TJG2,0.027
A0A338P7D0,0.027
O54712,0.027
B1AQD7,0.027
G3X8W2,0.027
A0A1Y7VJ01,0.027
Q9CV06,0.027
Q3UIC3,0.027
Q9D342,0.027
Q9JJG6,0.027
A0A140T8J4,0.027
F8SH84,0.027
B9EHK4,0.027
Q9CTB5,0.027
Q3UZP4,0.027
A0A1D5RLC0,0.027
E0CZ00,0.027
D3Z049,0.027
A0A023UL25,0.027
Q9CT87,0.027
A0A0U1RPD5,0.027
A0A3Q4L2W0,0.027
F6QZ35,0.027
S4R2D9,0.027
Q91X61,0.027
Q3UMD2,0.027
Q9CQV5,0.027
A2ALN9,0.027
A2AE31,0.027
A0A5H1ZRL8,0.027
Q8K398,0.027
Q6PB45,0.027
Q8BNI0,0.027
Q9CQS6,0.027
Z4YLX5,0.027
A0A087WPD9,0.027
Q61012,0.027
H3BJC6,0.027
A0A286YCI1,0.027
Q9ERV9,0.027
Q61524,0.027
D3Z6U7,0.027
A0A0N4SVK7,0.027
Q6PE75,0.027
A0A1D5RLK8,0.027
Q542M0,0.027
A0A0A6YX79,0.027
A0A0A6YX87,0.027
Q9JIG8,0.027
V9GXH9,0.027
V9GXI3,0.027
H3BLC6,0.027
A0A291PNJ3,0.027
Q3TR14,0.027
A0A0J9YUC7,0.027
A0A0G2JEA6,0.027
A0A1D5RLP9,0.027
Q3UWW3,0.027
D3YZB8,0.027
F6W8P4,0.027
Q9DB82,0.027
Q8BV33,0.027
Q9D250,0.026
A0A087WQC3,0.026
A0FLF1,0.026
Q9CQ54,0.026
E9QAJ4,0.026
A0A087WQ05,0.026
Q9CT51,0.026
Q9JK95,0.026
A0A0R4J1Q6,0.026
A0A5F8MPW4,0.026
A1A554,0.026
E9PX31,0.026
Q3UTN9,0.026
E0CX82,0.026
G3UXL1,0.026
Q3TVB4,0.026
F6UAF9,0.026
A0A0G2JF89,0.026
F6YUX7,0.026
Q9QXX3,0.026
Q8BID5,0.026
Q3TN44,0.026
Q3V2L0,0.026
A0A0G2JGQ1,0.026
H3BKV2,0.026
E9Q1E6,0.026
A0A0A0MQG7,0.026
A0A0G2JF03,0.026
A0A1W2P7L3,0.026
Q5U5Y4,0.026
Q6W060,0.026
D6RG50,0.026
Q4FK74,0.026
A0A0N4SV61,0.026
Q6IS36,0.026
A0A3B2WB03,0.026
A0A1W2P8D9,0.026
E9PVI5,0.026
A0A1W2P6K7,0.026
A0A0N4SW65,0.026
Q9JIE3,0.026
Q9D0J3,0.026
P56379,0.026
H3BL27,0.026
Q330K0,0.026
V9GXT0,0.026
A0A0G2JF25,0.026
A0A087WPT4,0.026
S4R1R3,0.026
E9QMV2,0.026
Q3TTQ3,0.026
Q8K514,0.026
A0A0G2JGK5,0.026
P63054,0.026
E9Q2R6,0.026
Q8BVR3,0.026
P04351,0.026
D3YU77,0.026
Q3TPG0,0.026
A0A494BBD1,0.026
Q9D823,0.026
Q9Z237,0.026
A0A0G2JGR9,0.026
Q9D187,0.026
A0A0G2JGR6,0.026
Q8R5E1,0.026
V9GXQ3,0.026
A2AAN5,0.026
Q8K4Q3,0.026
E9PWV1,0.026
Q8CCN7,0.026
G3UZ82,0.026
O35153,0.026
G3UYW2,0.026
Q3UFN4,0.026
A0A494BAW8,0.026
Q8BY33,0.026
B8JJD7,0.026
Q8BJM4,0.026
A0A1W2P7I5,0.026
Q4VBD1,0.026
A2AJ90,0.026
D3Z4M1,0.026
Q3UWX4,0.026
Q3TVV4,0.026
Q3V221,0.026
Q9CRY0,0.026
A0A3B2W4B0,0.026
A0A494BA00,0.026
A3KML5,0.026
Q80UH9,0.026
B2RT71,0.026
B7ZCD3,0.026
A2AI11,0.026
G3UY59,0.026
A0A286YCB2,0.026
Q9DB70,0.026
S4R1G7,0.025
B1AS14,0.025
Q91ZI5,0.025
F6SPT4,0.025
A0A1L1SQP4,0.025
A2ALT2,0.025
Q3TZV0,0.025
A0A3B2WCW2,0.025
A0A0A6YWP8,0.025
A0A2R8W6N5,0.025
A0A3Q4L2S8,0.025
Q8CEW9,0.025
Q62401,0.025
A0A2I3BRW1,0.025
Q91VS7,0.025
Q3TPB2,0.025
Q3V471,0.025
A0A087WRB4,0.025
A0A0U1RP68,0.025
O35692,0.025
D3Z2D7,0.025
A0A494BBK4,0.025
A0A7N9VSQ5,0.025
A0A1D5RLB2,0.025
A0A087WP16,0.025
Q8C5L2,0.025
Q9QY70,0.025
A2A5H4,0.025
B9EIX8,0.025
A0A286YCU9,0.025
D6RGM2,0.025
P70445,0.025
D3YV43,0.025
Q80ZQ8,0.025
Q7TMN3,0.025
F6ZMT3,0.025
P63030,0.025
D3Z723,0.025
Q08EA6,0.025
J9JI65,0.025
Q8BIL9,0.025
Q3T9E7,0.025
A0A1L1SVG3,0.025
B7ZC90,0.025
P54615,0.025
S4R1I7,0.025
V5TE30,0.025
P49945,0.025
A0A286YD93,0.025
Q8C9B8,0.025
Q6P064,0.025
Q8BPZ0,0.025
D6RI36,0.025
G3X9U6,0.025
Q9CQL7,0.025
S4R2L7,0.025
P70260,0.025
Q9CQV7,0.025
E9Q8C8,0.025
E0CXX5,0.025
D3YVD2,0.025
F8WHA7,0.025
P56280,0.025
H3BL69,0.025
A0A5F8MPH0,0.025
G3UX84,0.025
A0A0A0MQ78,0.025
A0A0U1RNI9,0.025
A0A1W2P6J9,0.025
A0A0A6YXP0,0.025
B0R015,0.025
D3YTR9,0.025
A2AGS1,0.025
Q62425,0.025
A0A286YCZ2,0.025
Q9D7C9,0.025
Q9CQB7,0.025
S4R2K3,0.025
A2CF63,0.025
O09119,0.025
Q8R5D2,0.025
A0A1W2P6E1,0.025
A0A087WRC5,0.025
Q99LT0,0.025
Q8C2U3,0.025
J3QP63,0.025
A0A338P6H8,0.025
A0A494BA30,0.025
Q99L12,0.025
G0XYH7,0.025
Q8CEZ3,0.025
Q0X0E6,0.025
A0A1Y7VNW0,0.025
A0A1B0GSZ8,0.025
J3QNP9,0.025
A6PW68,0.025
Q3ULF1,0.024
Q8K2H6,0.024
Q8K542,0.024
A6H686,0.024
H3BJL8,0.024
Q3UG30,0.024
G3UYC8,0.024
A2A990,0.024
Q0P614,0.024
P0C8B4,0.024
P57774,0.024
A0A0G2JEW1,0.024
Q8R4P3,0.024
Q9CW20,0.024
A0A0U1RP71,0.024
Q3UYE3,0.024
Q99J19,0.024
A0A286YCJ7,0.024
Q3USW0,0.024
J3KMP9,0.024
Q3TYW0,0.024
Q9JL46,0.024
G3UZ59,0.024
Q9D6K8,0.024
A0A1W2P7F0,0.024
Q9D0T1,0.024
A0A0A6YW92,0.024
Q8BG73,0.024
A2T4N7,0.024
A0A1B0GSS0,0.024
Q8C2H4,0.024
A0A140LHZ8,0.024
D6RE36,0.024
Q3UK70,0.024
Q6P3A0,0.024
A0A0G2JDE7,0.024
Q8BW77,0.024
D6RFV7,0.024
A0A1W2P6E4,0.024
E0CYC5,0.024
Q9CXP8,0.024
Q9D9G3,0.024
A0A1Y7VL87,0.024
E0CXW1,0.024
Q9JHP3,0.024
Q80UQ6,0.024
A0A0A6YVX9,0.024
Q3TT87,0.024
A2A614,0.024
A0A494BBG1,0.024
A0A1D5RMK8,0.024
B0LAC6,0.024
Q149G0,0.024
A0A1W2P7Q9,0.024
Q6PDP7,0.024
Q8CDH5,0.024
E0CXR4,0.024
Q9CPQ1,0.024
Q61299,0.024
A0A286YE01,0.024
Q3U8I1,0.024
A0A1L1SQK8,0.024
E9Q4N9,0.024
Q8K0C8,0.024
A0A0A6YWE3,0.024
Q3UPB8,0.024
A0A494B901,0.024
E9QPX3,0.024
Q3USM3,0.024
Q1LZK2,0.024
A2ANR6,0.024
D3YXK6,0.024
Q3KNP3,0.024
Q3U9D4,0.024
P61458,0.024
A2A7Y8,0.024
D3Z335,0.024
A0A0N4SUL5,0.024
Q60689,0.024
D3Z705,0.024
A0A087WR00,0.024
Q31236,0.024
P17665,0.024
Q99PG8,0.024
A2AWE5,0.024
Q3TAU7,0.024
P01736,0.024
A0A338P6I9,0.024
D3Z5I2,0.024
A4L9Q2,0.024
A0A0A6YX01,0.024
A2A6Q3,0.024
Q3UJ16,0.024
Q9D1F3,0.024
G3UY95,0.024
A0A2I3BQE5,0.024
D6RJ36,0.024
D6RIN7,0.023
E0CXB7,0.023
A0A1W2P781,0.023
B3VQI8,0.023
J3QPT6,0.023
Q80X45,0.023
A1L3P3,0.023
F7BZR8,0.023
H3BKK0,0.023
Q9JLJ0,0.023
V9GWZ0,0.023
Q8R0G4,0.023
Q9D7X8,0.023
A0A571BEE7,0.023
A0A087WSQ5,0.023
A2CEQ9,0.023
G3UWD5,0.023
Q78J03,0.023
Q5GAM8,0.023
A0A0N4SUQ7,0.023
A0A140LIU5,0.023
Q7TNV8,0.023
Q497K8,0.023
Q3TCS7,0.023
F6UV36,0.023
P0DJF2,0.023
D3Z7J3,0.023
A0A286YD83,0.023
B7ZBV1,0.023
D3Z554,0.023
Q8BW21,0.023
A0A087WSG9,0.023
Q9DAA6,0.023
F7CJR1,0.023
Q8K3C9,0.023
G3UXE0,0.023
Q9JL40,0.023
G3UY88,0.023
Q9CQF7,0.023
Q2VT24,0.023
G3UY69,0.023
Q99PA5,0.023
B8JJF3,0.023
Q91WS0,0.023
D3Z179,0.023
A0A1B0GT83,0.023
D3YW40,0.023
A0A1L1SQJ5,0.023
A0A0U1RNU5,0.023
D3YV42,0.023
Q61778,0.023
Q3UKC8,0.023
Q99N90,0.023
E9Q7M5,0.023
Q05DS2,0.023
P97391,0.023
B0FFS7,0.023
Q3UPE3,0.023
G3BKD4,0.023
D3YVF7,0.023
Q9CVE7,0.023
A0A1Y7VJC1,0.023
D3YWZ0,0.023
A0A0G2JGN6,0.023
A0A2I3BPJ5,0.023
D3YXQ1,0.023
D6RG85,0.023
A0A0A6YWB5,0.023
Q6W066,0.023
E9PWY2,0.023
Q9QUL3,0.023
Q8BKW1,0.023
A0A0U1RNU6,0.023
B1ARS0,0.023
A0A1W2P717,0.023
D3YXB1,0.023
D3YYI1,0.023
Q04646,0.023
W8QK46,0.023
A0A140LHQ2,0.023
A0A2I3BRK9,0.023
Q9Z0J0,0.023
A0A5F8MPR0,0.023
Q9Z0Y2,0.023
D6RGP5,0.023
H3BJI5,0.023
A0A494BAC5,0.023
Q8K4M1,0.023
B0LAC8,0.023
F6U415,0.023
Q9CQF0,0.023
E9Q9P1,0.023
Q8R043,0.023
Q3UXP1,0.023
Q3U8J6,0.023
F6W6S4,0.023
A0A2I3BPU6,0.023
D3Z2Z9,0.023
D6REH2,0.023
G3UWW7,0.023
Q61369,0.023
Q8C1R1,0.023
D3YW50,0.023
A0A1Y7VNJ8,0.023
H3BLD0,0.023
A0A0J9YUF4,0.023
A0A2I3BQS8,0.023
D3Z2A7,0.022
A0A1L1STL9,0.022
Q8K0E4,0.022
B0LAX5,0.022
A6PWR1,0.022
A0A1B0GRN9,0.022
E9Q112,0.022
B1AZK1,0.022
Q9CQV1,0.022
Q8BLV0,0.022
A0A0J9YTT1,0.022
D3Z205,0.022
Q9CQX8,0.022
A0A0G2JE66,0.022
E9Q2Q7,0.022
D8L6Y4,0.022
A0A0B4J1N6,0.022
F6RCR7,0.022
Q3V466,0.022
Q9Z2P8,0.022
Q9R1L0,0.022
Q9D2H1,0.022
S4R1D1,0.022
A0A3Q4EBR8,0.022
A0A140LJC9,0.022
A0A2I3BRT9,0.022
Q05CX3,0.022
D3Z5S2,0.022
D3Z4P0,0.022
Q8BZL2,0.022
A0A3B2W7M3,0.022
D6RHC1,0.022
A0A0N4SUL9,0.022
A0A286YCR4,0.022
Q9D0T7,0.022
H3BKH8,0.022
P63271,0.022
N0E462,0.022
Q4KL14,0.022
A0A087WRL8,0.022
Q3TTY8,0.022
P04918,0.022
A0A1B0GQX3,0.022
A0A1B0GS30,0.022
A0JLP8,0.022
Q4VA24,0.022
Q5SSW0,0.022
Q3TP65,0.022
A6PW46,0.022
G3UWT7,0.022
E9Q2L0,0.022
A0A0U1RPC4,0.022
Q9CPX9,0.022
Q9D801,0.022
Q8C489,0.022
D3YYV8,0.022
Q3TDV7,0.022
D3Z641,0.022
S4R1F3,0.022
S4R2R3,0.022
Q3THJ0,0.022
A0A3B2WCX9,0.022
D3Z0V1,0.022
A0A286YCE0,0.022
Q8CBU8,0.022
O88843,0.022
E9Q776,0.022
D3Z2G0,0.022
H3BJJ0,0.022
A2ADZ6,0.022
Q05CJ4,0.022
Q9CS08,0.022
Q8K4T9,0.022
Q8BTM1,0.022
A0A1Y7VLE0,0.022
Q4FZG9,0.022
G3UVU3,0.022
A0A077S2U6,0.022
Q9CRB2,0.022
E0CYA6,0.022
A8DUK2,0.022
Q3UQ39,0.022
Q3U6R8,0.022
Q80UF8,0.022
Q7TNA1,0.022
Q8CJ82,0.022
D3Z4F5,0.022
D3Z1K3,0.022
Q9CQW0,0.022
Q8K4M4,0.022
A0A338P6R0,0.022
Q14AD9,0.022
Q8CCK9,0.022
A0A338P6B8,0.022
Q4VBD0,0.022
Q8BSR4,0.022
A0A0J9YUU8,0.022
E9Q698,0.022
A0A0U1RPT9,0.022
F7ABV5,0.022
Q8BY91,0.022
B1AT01,0.022
M0QWK9,0.022
A0A0G2JFM6,0.022
A0A0U1RPJ7,0.022
Q3UR78,0.022
E9Q489,0.022
Q99LI1,0.022
Q9JKP8,0.022
D3Z1E6,0.022
F6RIS8,0.022
A0A0G2JFF7,0.022
D3YWK9,0.022
Z4YK03,0.022
M0QWB5,0.022
F8WHN0,0.022
F6PXD2,0.022
P0DJE0,0.022
B2KF83,0.022
A2ACT8,0.022
D3YYF8,0.022
B1AS25,0.022
E0CXW6,0.022
A0PJB8,0.022
A0A1L1SR78,0.022
Q60926,0.022
P61358,0.022
F6Z0V3,0.022
A0A1B0GSM6,0.022
P97374,0.022
A0A2R8VHR5,0.022
O70206,0.022
B1AVG8,0.022
Q61150,0.022
A0A1Y7VJT8,0.022
Q8C922,0.022
Q924W9,0.022
E9Q1G1,0.021
A0A338P6Z3,0.021
D6RFV0,0.021
Q6WJ10,0.021
Q3UY70,0.021
E9PXV1,0.021
P70272,0.021
D6RFR7,0.021
Q0VG92,0.021
Q8BFZ8,0.021
A0A0A6YWM1,0.021
A0A1L1SSL0,0.021
P51642,0.021
Q61821,0.021
D3YZN9,0.021
Q3TRY0,0.021
D6RDR9,0.021
Q8CJ62,0.021
Q8BU54,0.021
Q3UT97,0.021
Q8K3I8,0.021
Q99JT9,0.021
Q8BP13,0.021
Q3TQD0,0.021
Q6W8Q3,0.021
G3UWK1,0.021
H3BJX7,0.021
A0A2I3BPD0,0.021
B0R0E9,0.021
Q3UU32,0.021
A0A1C7CYU4,0.021
Q8R1W4,0.021
Q3V0M0,0.021
Q3V2T0,0.021
D3Z0L3,0.021
P01795,0.021
Q5M8R7,0.021
Q3V2J8,0.021
V9GWS5,0.021
Q4QQP1,0.021
A0A0R4J139,0.021
D3Z4L2,0.021
H3BKA1,0.021
Q9Z0I3,0.021
Q8K211,0.021
Q9CT20,0.021
A0A1W2P7U1,0.021
Q3TKI8,0.021
A0A0G2JFD6,0.021
P19788,0.021
D3YTT5,0.021
Q8BQH0,0.021
E9PXF9,0.021
Q9D9F1,0.021
A0A1D5RLV2,0.021
A0A1B0GSH5,0.021
Q7TNI7,0.021
Q9WUJ5,0.021
O09198,0.021
Q9EPS2,0.021
G3UZ89,0.021
Q4KKX9,0.021
A0A087WRH4,0.021
D3Z1R3,0.021
Q3UJE4,0.021
A0A0G2JDU6,0.021
F6YHZ8,0.021
Q8K532,0.021
A0A1B0GRD5,0.021
Q6PCW6,0.021
Q8BYX6,0.021
Q3V0Q8,0.021
Q3UXN0,0.021
A0A3B2W494,0.021
D3YUF7,0.021
A0A2R8W6X5,0.021
Q78YL5,0.021
Q8VEM0,0.021
A0A494B9K8,0.021
D3Z1U1,0.021
E9Q8H5,0.021
Q9Z0L6,0.021
Q3UDN6,0.021
A0A1B0GSX5,0.021
E9Q7E3,0.021
D3Z558,0.021
Q60773,0.021
O88367,0.021
B1AU20,0.021
Q5XW57,0.021
Q8R5F4,0.021
Q8BHA3,0.021
A0A140T8S3,0.021
K3W4S9,0.021
D3Z0H8,0.021
H3BKQ2,0.021
A0A1W2P7I0,0.021
E9Q514,0.021
A0A1L1SQV8,0.021
Q542W5,0.021
Q9JIL2,0.021
A2ASS3,0.021
D3Z184,0.021
F6YS63,0.021
A0A1W2P713,0.021
D3YWW8,0.021
A0A494B9Z2,0.021
Q9QWL5,0.021
Q3UTW9,0.021
B0V2Q8,0.021
S4R216,0.021
A0A0J9YU54,0.021
A0A0A6YXW4,0.021
Q9D1C3,0.021
A0A2I3BQX5,0.021
Q9CVV7,0.021
A0A2R8VI52,0.021
A0A494B921,0.021
Q91VS5,0.02
A0A1B0GST9,0.02
Q9QY93,0.02
Q3UF94,0.02
A0A0A6YW95,0.02
Q3TQ76,0.02
Q8BK24,0.02
A2AH28,0.02
A0A1L1SV28,0.02
Q3UY58,0.02
P61148,0.02
G5E8H4,0.02
Q8C933,0.02
A0A0G2JE39,0.02
H3BLH2,0.02
J3JSN1,0.02
F2Z483,0.02
Q3V475,0.02
D3Z1J4,0.02
Q99LL2,0.02
Q9D201,0.02
Q9DBW3,0.02
A0A087WPG9,0.02
A2BE21,0.02
Q9DAX3,0.02
A0A0G2JE02,0.02
A0A0A6YXC5,0.02
Q9CQW1,0.02
Q9WVP0,0.02
O70591,0.02
Q8BS27,0.02
E9Q8R2,0.02
A0A1Y7VM48,0.02
A0A0J9YU24,0.02
V9SH16,0.02
Q7TT52,0.02
A0A140LHJ4,0.02
Q3TNK0,0.02
Q9JLS0,0.02
Q9D861,0.02
Q99LN6,0.02
Q9QX03,0.02
Q9CQC2,0.02
Q8VDD7,0.02
P63216,0.02
Q99PM8,0.02
F6VXN4,0.02
Q80WX1,0.02
D3Z0V3,0.02
A0A3B2W4H8,0.02
Q8K263,0.02
E0CX17,0.02
A0A1B0GR21,0.02
A0A494B9I6,0.02
Q61158,0.02
A0A494BA84,0.02
V9GX04,0.02
Q9D0J1,0.02
Q91Y98,0.02
D6RI61,0.02
A0A494BBH6,0.02
Q9CPP1,0.02
A0A2R8VJW7,0.02
D3Z2F5,0.02
Q8K262,0.02
Q8R4N6,0.02
A0A1L1STQ8,0.02
P57096,0.02
B9EK06,0.02
A0A0J9YUJ8,0.02
Q3UXK5,0.02
A0A0J9YUA7,0.02
Q3UWK9,0.02
A0A0N4SVT2,0.02
D3Z7J9,0.02
A0A1L1ST50,0.02
E9PY22,0.02
A2ADS1,0.02
Q8BUD1,0.02
E9PUZ3,0.02
B1AR47,0.02
Q3UGS4,0.02
A0A087WNX9,0.02
Q8CF15,0.02
H9KV06,0.02
Q3UJQ2,0.02
Q9CWG9,0.02
E0CZG7,0.02
A0A1Y7VIW8,0.02
Q3V2K1,0.02
H7BX38,0.02
F6ZQN5,0.02
A0A087WQR9,0.02
D6RJL3,0.02
Q7TPS2,0.02
Q8C1B3,0.02
Q62282,0.02
A0A0A0MQE9,0.02
Q9CZ15,0.02
A0A2R8VHG0,0.02
D3Z394,0.02
Q3UVB0,0.02
Q0Q236,0.02
Q3TQ22,0.02
D6RHK6,0.02
Q30KP5,0.02
Q8CEV2,0.02
A0A0J9YUF6,0.02
A0A494BAS0,0.02
A0A1B0GSJ9,0.02
E9PZL7,0.02
B7ZCT3,0.02
A0A140LHF3,0.02
O35683,0.02
E9Q2J6,0.02
Q8VEA8,0.02
D3YUR9,0.02
P55271,0.02
Q3U0I6,0.02
D6RGA5,0.02
G8DYH0,0.02
Q9CQU0,0.02
P0DMC4,0.02
A0A0N4SV26,0.02
H3BJF5,0.02
A3KMF6,0.02
F7CDT0,0.02
A0A0J9YU51,0.02
A0A2R8VHM2,0.02
Q8C9L7,0.02
A0A0G2JGU2,0.02
B2RV38,0.02
I7ENE7,0.02
A0A087WRZ8,0.02
H3BKP3,0.019
M4H2C1,0.019
A0A140LI74,0.019
D3YWL9,0.019
F8WH42,0.019
S4R1N8,0.019
A0A494BAY2,0.019
A0A0A6YVY3,0.019
D6RH65,0.019
A0A494BAI9,0.019
Q9CWJ0,0.019
A0A1I7Q4A1,0.019
Q9D6H6,0.019
Q61268,0.019
A0A3Q4EG96,0.019
Q9JL39,0.019
A8R0V2,0.019
A0A1L1STX7,0.019
A0A2R8VHL2,0.019
Q91W27,0.019
Q3V226,0.019
A2A5Z4,0.019
Q3SXD3,0.019
Q9CYS4,0.019
A0A1D5RLN5,0.019
S4R228,0.019
Q3TS37,0.019
B9EK13,0.019
Q8R4N4,0.019
Q61061,0.019
Q8C6C8,0.019
O55102,0.019
Q9D7K2,0.019
P60334,0.019
P47955,0.019
Q5UBE7,0.019
A0A0A6YX39,0.019
A0A2I3BQZ8,0.019
Q14AW2,0.019
A0A0A6YVV2,0.019
Q62091,0.019
Q64451,0.019
F6SG79,0.019
S4R2N1,0.019
Q923G2,0.019
H3BJS1,0.019
D3Z4G2,0.019
Q8BXZ0,0.019
Q3UYY6,0.019
A2AR27,0.019
Q8C4W3,0.019
Q4L139,0.019
A0A0U1RPQ7,0.019
D6RFA3,0.019
Q99L10,0.019
D3Z073,0.019
D3Z6G0,0.019
A0A1L1SRE4,0.019
D3Z7R3,0.019
E9Q0C0,0.019
A0A286YDG4,0.019
Q571C3,0.019
Q3U7E0,0.019
Q3TBP8,0.019
A0A286YD57,0.019
F7A549,0.019
A2A7A3,0.019
Q45VN2,0.019
D6RDC9,0.019
Q6R5D3,0.019
A0A087WR32,0.019
F8WJJ8,0.019
Q9D982,0.019
O70402,0.019
Q9CQ78,0.019
Q3TRG4,0.019
E9Q218,0.019
A0A494BB40,0.019
A0A1Y7VJJ6,0.019
Q810V9,0.019
G3UXG7,0.019
A0A087WRR3,0.019
Q3UHV4,0.019
Q3V2H8,0.019
A0A494BAE0,0.019
M0QW55,0.019
Q5ND23,0.019
Q3UEP3,0.019
A0A338P6H1,0.019
J3JS24,0.019
Q8K5B2,0.019
A0A494BB10,0.019
Q8R4P0,0.019
Q9Z1W5,0.019
A0A0A6YVR4,0.019
O35207,0.019
Q9CQ00,0.019
A0A140LI41,0.019
D3YXA3,0.019
P43023,0.019
Q9ERP2,0.019
A2AMS0,0.019
H3BJH2,0.019
Q9D2K2,0.019
F8WJ71,0.019
Q9CQT9,0.019
A0A087WQG5,0.019
Q8BIA7,0.019
A0A140LIU6,0.019
Q6LC38,0.019
Q9D7X2,0.019
A0A1L1SV90,0.019
B0LAD8,0.019
A0A1W2P899,0.019
A0A0J9YVA8,0.019
D3YWI5,0.019
D3Z0B4,0.019
Q9QYJ7,0.019
D6RJJ5,0.019
Q9CR81,0.019
J3QP37,0.019
A0A1L1SRU8,0.019
E9Q2G7,0.019
P20109,0.019
D3YYN3,0.019
Q9WUN9,0.019
G3UWN9,0.019
A0A140LJH8,0.019
D3Z5A3,0.019
Q99MJ5,0.019
Q3TSV5,0.019
A0A0A6YW35,0.019
D6RJ30,0.019
Q0P617,0.019
A0A1B0GRQ2,0.019
Q8K129,0.019
Q9D1Q4,0.019
F2Z486,0.019
E9PVQ1,0.019
Q99LJ4,0.019
D3Z6N5,0.019
G3UVW9,0.019
P48772,0.019
P01586,0.019
G3UYD1,0.019
A0A0J9YV47,0.019
P0C8K7,0.019
E9PVR5,0.019
J3QPU6,0.019
Q149U6,0.019
F6ZVR4,0.019
A0A1Y7VLU2,0.019
Q3TQ50,0.019
O35473,0.019
Q3UVZ4,0.019
Q7M6W7,0.019
Q8K1N0,0.019
Q8BIC5,0.018
A2CF73,0.018
Q4V9V4,0.018
A0A0A6YXC6,0.018
P63078,0.018
A0A3B2W7T8,0.018
A0A0R4J1U2,0.018
A0A0G2JEQ9,0.018
Q2HPE3,0.018
Q7TSY1,0.018
P62852,0.018
Q3UQI1,0.018
Q3TC43,0.018
A0A1L1SV84,0.018
A0A3Q4EC56,0.018
Q8R404,0.018
B1AXL0,0.018
A0A5F8MPX9,0.018
H6U1G7,0.018
Q9CQN3,0.018
B1ATD3,0.018
P62743,0.018
A0A0G2JDR7,0.018
A1A539,0.018
A0A3B2WCQ2,0.018
Q9CYE0,0.018
A0A0N4SV22,0.018
Q06185,0.018
F7CPL2,0.018
Q9ERF8,0.018
D6RGM4,0.018
Q3UFF8,0.018
D3Z4Q1,0.018
A0A1D5RMH9,0.018
Q6WJ17,0.018
Q9CX59,0.018
Q8C1K9,0.018
Q3YA38,0.018
Q9ES98,0.018
A6H666,0.018
D3YVG2,0.018
D3YVH2,0.018
A0A494BA57,0.018
A0A2R8VJX8,0.018
A2ABY8,0.018
P51910,0.018
P10168,0.018
Q3U0A4,0.018
Q9WVE3,0.018
A0A0R4J1J2,0.018
Q8BFR0,0.018
A0A1L1SRH1,0.018
Q99PT6,0.018
Q09TK9,0.018
G3UXX5,0.018
D2XZ38,0.018
Q9D6H4,0.018
A0A494BB87,0.018
A3KGA4,0.018
Q7TPY9,0.018
A0A0B4J1F8,0.018
A0A0R4J1R9,0.018
Q8C674,0.018
B2RT32,0.018
Q8VDS3,0.018
A0A0U1RNV9,0.018
A0A0G2JES7,0.018
D3YYZ9,0.018
Q8C2U9,0.018
B7ZJH9,0.018
Q8C4J1,0.018
A0A0A6YY71,0.018
A1Z2X8,0.018
E0CY03,0.018
S4R2R7,0.018
S4R2I5,0.018
J3QK75,0.018
Q8K4H2,0.018
O08692,0.018
P62281,0.018
Q3UQT1,0.018
A0A0G2JF33,0.018
D3Z5D7,0.018
Q8CEX3,0.018
A0A1D5RLS2,0.018
Q3UYW0,0.018
A2AQ94,0.018
D3Z0T1,0.018
E0CZC7,0.018
Q3TTM1,0.018
F6S3Z3,0.018
A1XGX2,0.018
A0A0G2JGW4,0.018
P50153,0.018
J3QPY8,0.018
Q8BMC1,0.018
D3Z2R9,0.018
Q9CQY3,0.018
Q8CCI3,0.018
A0A0G2JE96,0.018
Q9QXT6,0.018
Q9D3L5,0.018
A2A7K5,0.018
A0A494BAL4,0.018
Q3V175,0.018
D3YYG5,0.018
Q80T39,0.018
D6RI80,0.018
G3UYA4,0.018
A0A3Q4L2U0,0.018
Q9R1U1,0.018
A0A286YCI3,0.018
F6UFC8,0.018
A0A494BBK6,0.018
Q3UW22,0.018
Q3TSF8,0.018
B7ZCB4,0.018
A0A286YCN4,0.018
Q99KR5,0.018
G3UWQ3,0.018
F6RRT7,0.018
A0A1L1ST36,0.018
E9Q2U4,0.018
Q3U580,0.018
G3UYW8,0.018
B8JKK2,0.018
P18760,0.018
B1AU42,0.018
D3Z7L3,0.018
D3YZ78,0.018
Q3U261,0.018
Q9CR30,0.018
Q6WJ14,0.018
Q9CTE9,0.018
Q3TBR1,0.018
Q4V9V2,0.018
Q3UQ25,0.018
Q9DAD6,0.018
A0A0A6YY90,0.018
Q5M6W0,0.018
D3YVJ5,0.018
A0A0G2JGM4,0.018
D3Z7D0,0.018
P62257,0.018
Q5SVY0,0.018
Q9D9I8,0.018
F7DC05,0.017
P14115,0.017
Q6TEK5,0.017
G3UWX2,0.017
A0A2I3BQG1,0.017
Q99NA0,0.017
Q8BT42,0.017
Q8K2T4,0.017
Q9JKP7,0.017
Q99N21,0.017
P48771,0.017
Z4YLM0,0.017
Q3U8F0,0.017
Q8BMX0,0.017
Q9D915,0.017
G3X8S8,0.017
Q78HU7,0.017
Q5U4H6,0.017
Q9CR80,0.017
A0A1L1SS58,0.017
E0CXV5,0.017
A0A338P711,0.017
Q8K1D8,0.017
Q63829,0.017
Q0D2G5,0.017
Q9CWF9,0.017
A0A494B9Q7,0.017
A0A1L1STE9,0.017
A0A1B0GSA7,0.017
Q7TSL0,0.017
D3Z486,0.017
A0A1L1SRH2,0.017
A0A1Y7VLP2,0.017
J3QM76,0.017
Q8CBS1,0.017
Q8VDT9,0.017
A0A2R8W6S2,0.017
A0A1B0GQX7,0.017
E9Q6B3,0.017
A0A087WQW8,0.017
A0A0N4SVK4,0.017
D3Z7E3,0.017
Q9CT73,0.017
Q54A87,0.017
A0A2R8VHK7,0.017
A0A1B0GRX4,0.017
E9PZV6,0.017
D3Z1N8,0.017
Q8BFP4,0.017
Q8K544,0.017
D3YW86,0.017
A2A6R7,0.017
Q3TN32,0.017
Q3UK10,0.017
Q8R1Y5,0.017
F6Y9P3,0.017
Q3TB52,0.017
A0A1B0GS37,0.017
G3UZB0,0.017
Q62362,0.017
Q8BUK9,0.017
A0A1L1SUS8,0.017
Q3V2J9,0.017
Q5SWU3,0.017
G3V004,0.017
Q8BGN2,0.017
A0A087WS02,0.017
A0A668KLA4,0.017
Q3TXX0,0.017
A0A140LHK4,0.017
F6TN03,0.017
A0A286YCE8,0.017
A0A7S8WJV3,0.017
Q8VHT0,0.017
Q8BW53,0.017
D3Z161,0.017
A8Y5B9,0.017
Q8C5S1,0.017
A0A0G2JFB7,0.017
Q9R1W7,0.017
Q9Z239,0.017
A0A494B8X9,0.017
Q9D1R9,0.017
Q3UYP7,0.017
A0A0G2JDZ7,0.017
Q3THZ8,0.017
A0A1W2P6Y0,0.017
Q9CRC6,0.017
A2AU08,0.017
Q8BG93,0.017
D3Z135,0.017
A0A0J9YUQ4,0.017
A0A1L1SSA0,0.017
A0A1B0GRI0,0.017
Q99N91,0.017
Q99N11,0.017
D3Z7J7,0.017
Q78RX3,0.017
E0CZ56,0.017
Q3TZ97,0.017
A2A5K4,0.017
Q8K238,0.017
Q3UA25,0.017
Q62505,0.017
D6RCI5,0.017
E0CYV6,0.017
Q3V1A0,0.017
A0A6M8U8I5,0.017
Q3UW54,0.017
F6WHQ7,0.017
Q8R0Q6,0.017
Q62048,0.017
A0A0U1RPH4,0.017
F6VT90,0.017
Q78T54,0.017
D3YXN4,0.017
D3YYE9,0.017
A0A087WPL1,0.017
D6RCW4,0.017
F6ZQI5,0.017
A0A2I3BQY9,0.017
G3UYU3,0.017
P70317,0.017
H3BJ09,0.017
Q5F1Z8,0.017
A9Z055,0.017
A2BH29,0.017
D3YZ10,0.017
D3Z7Q2,0.017
Q3TPT1,0.017
D3Z0V0,0.017
H3BKT3,0.017
A0A1W2P7M1,0.017
A3KGB5,0.017
E9Q858,0.017
E9QA85,0.017
A0A5F8MPV2,0.017
P63280,0.016
E9PWQ5,0.016
Q8BTC1,0.016
A0A2I3BPY4,0.016
D6RDB6,0.016
Q64736,0.016
D3YXV9,0.016
P61027,0.016
Q9D0R8,0.016
F6UAW9,0.016
A0A571BF26,0.016
S4R164,0.016
Q9Z266,0.016
A0A0N4SW28,0.016
Q9D948,0.016
A0A494BBA2,0.016
Q8BV91,0.016
Q8BM26,0.016
Q9CUG1,0.016
Q8BMY9,0.016
A0A0A6YY29,0.016
Q80WJ5,0.016
Q91V65,0.016
J3QPM4,0.016
A0A2I3BQY8,0.016
Q8VDJ7,0.016
E9Q8P3,0.016
Q3UQ81,0.016
A0A1Y7VLZ6,0.016
A0A087WRI0,0.016
D6RG73,0.016
Q8CEK7,0.016
Q7TPG8,0.016
F6QWT6,0.016
A0A0A6YXG0,0.016
H3BJQ2,0.016
Q3TYN8,0.016
D3Z458,0.016
E0CY92,0.016
Q8BLX1,0.016
Q9D6Y4,0.016
Q8BYZ6,0.016
E0CZ33,0.016
Q8K0Q3,0.016
Q9D581,0.016
E0CYH3,0.016
Q80T35,0.016
E0CYA7,0.016
G3UWV6,0.016
Q9D9N5,0.016
Q9JJM6,0.016
G3UWV2,0.016
A0A2I3BPL5,0.016
A2AJY4,0.016
D3YZW7,0.016
F6U4U1,0.016
A0A1B0GR63,0.016
Q3UP40,0.016
Q61907,0.016
Q30KP3,0.016
E0CYL5,0.016
D3YYR0,0.016
Q0VG62,0.016
P01575,0.016
A0A0G2JFG5,0.016
Q9WUP1,0.016
Q3UZ13,0.016
E3VX08,0.016
Q9D114,0.016
Q9WUH6,0.016
A0A0G2JE81,0.016
Q6GX97,0.016
C0HKE1,0.016
Q9CZ83,0.016
A0A286YCD0,0.016
Q9CQ69,0.016
A0A1L1SQP8,0.016
Q8BMZ8,0.016
A0A0U1RPH2,0.016
Q9D9D9,0.016
O88518,0.016
A0A2I3BR68,0.016
A0A1W2P6F5,0.016
Q7TSX3,0.016
A0A3B2W479,0.016
Q8JZT4,0.016
Q9WTK0,0.016
Q3TTH5,0.016
H6B8C3,0.016
P70165,0.016
Q9D6X8,0.016
P60154,0.016
D3YZL5,0.016
Q3UE64,0.016
Q3TEI7,0.016
A0A0U1RQA8,0.016
A2BI41,0.016
A0A1B0GR66,0.016
D3YW62,0.016
Q3UWM1,0.016
Q9CX33,0.016
Q3U2D0,0.016
A0A1D5RLU0,0.016
Q9CRB6,0.016
A0A1Y7VKY4,0.016
A0A2I3BQF8,0.016
A2ABU9,0.016
A0A140LIZ3,0.016
A0A338P6Y0,0.016
Q78WH7,0.016
A0A5F8MPQ1,0.016
Q0VE29,0.016
Q9D034,0.016
D3Z4M2,0.016
P08228,0.016
D3Z459,0.016
A0A2R8VJW0,0.016
E0CYN2,0.016
A2BE92,0.016
Q99KT3,0.016
P63325,0.016
D3YWT4,0.016
A0A2I3BRJ8,0.016
A0A0G2JF42,0.016
P47964,0.016
A0A1B0GT40,0.016
A0A0N4SV23,0.016
O70404,0.016
A2VCS0,0.016
D3Z332,0.016
F7CTY9,0.016
Q8VE65,0.016
B9EIE8,0.016
Q9DCS9,0.016
E9PVM8,0.016
Q9CZA1,0.016
A0A1L1SVD8,0.016
Q8BNP8,0.016
Q3KNF2,0.016
A0A3B2W4D6,0.016
E0CX33,0.016
J3QMJ4,0.016
Q60921,0.016
E9Q8G3,0.016
B7UCC5,0.016
D3YW09,0.016
C3UPC9,0.016
Q571E7,0.016
G3UZ31,0.016
A9C444,0.016
Q9CQ85,0.016
Q8R199,0.016
A2AQN7,0.016
P81615,0.016
G3UX52,0.016
Q3TL29,0.016
E9Q9R3,0.016
B0QZH0,0.016
A0A338P6X2,0.016
F6SDM9,0.016
P97450,0.016
Q9JL47,0.016
Q3TT47,0.016
Q9CR88,0.015
D3YZD1,0.015
F8WJI0,0.015
F7BAC1,0.015
P63040,0.015
A0A1Y7VK98,0.015
G3UXB9,0.015
F6RQI2,0.015
A0A1B0GT57,0.015
A0A338P7G4,0.015
E0CZ90,0.015
Q9CY16,0.015
Q7TPB9,0.015
A0A5F8MQA2,0.015
E0CXB4,0.015
Q6IS62,0.015
Q8QZT4,0.015
A0A0A6YXE4,0.015
Q9D2F6,0.015
Q9CQJ8,0.015
Q8VHK4,0.015
A0A1B0GRA2,0.015
Q9CSR6,0.015
A0S0L1,0.015
P00375,0.015
Q3T9E0,0.015
Q04190,0.015
E9PVR4,0.015
B2B9E1,0.015
P16043,0.015
H7BWY8,0.015
A0A286YDS9,0.015
A0A1B0GQW7,0.015
Q3UCF3,0.015
Q920R8,0.015
Q3UUK6,0.015
A2ARF0,0.015
Q8CFV4,0.015
A0A0U1RPR5,0.015
Q9CTS2,0.015
Q6LAF6,0.015
P97463,0.015
Q02576,0.015
A0A087WQP6,0.015
A0A1Y7VML5,0.015
A0A1B0GT24,0.015
A2AWB5,0.015
Q542V6,0.015
A0A286YD68,0.015
Q64221,0.015
E9Q2L8,0.015
E9PW68,0.015
Q9CY62,0.015
A0A571BEI9,0.015
A0A3B2W7U6,0.015
Q810P8,0.015
Q3US98,0.015
Q8JZS3,0.015
Q9DCJ5,0.015
E9Q491,0.015
Q9CQL4,0.015
Q8C7E8,0.015
G3UX30,0.015
Q3V3I5,0.015
O89055,0.015
A0A140LIU0,0.015
A0A140LJL0,0.015
Q9CQY9,0.015
A0A0R4J2A4,0.015
J3QNP2,0.015
Q8BHG2,0.015
D3Z6P5,0.015
Q8BTC9,0.015
Q3TBI6,0.015
A0A0A6YVU0,0.015
Q3TMK9,0.015
Q31227,0.015
Q5SX56,0.015
B8JJ72,0.015
D3Z378,0.015
B1AYH9,0.015
Q3U289,0.015
A0A338P6P3,0.015
B1AUA8,0.015
A0A3B2W3E6,0.015
G3UXT6,0.015
D3Z1R5,0.015
O08850,0.015
D6RH52,0.015
Q66GT5,0.015
A0A0J9YTY9,0.015
B2RV71,0.015
P12025,0.015
Q9DAQ9,0.015
A0A0J9YUI9,0.015
A0A286YCF7,0.015
V9GWV2,0.015
S4R2Q0,0.015
A0A286YDF2,0.015
B2RVP5,0.015
A0A0G2JGN8,0.015
Q8BRQ5,0.015
Q61104,0.015
Q5DTU4,0.015
Q91W29,0.015
A0A338P7A5,0.015
W0UTF1,0.015
D3YWU1,0.015
E9PZF2,0.015
Q8C1J1,0.015
D3Z344,0.015
A0A140LJ40,0.015
Q8CF00,0.015
A0A571BGD2,0.015
E9Q3C3,0.015
D3YXE9,0.015
Q6GXA5,0.015
Q3U4N9,0.015
A0A1L1STZ1,0.015
D3Z0L7,0.015
Q8C5J8,0.015
A0A1B0GSA6,0.015
Q9CZU9,0.015
J3QMF9,0.015
Q9D6V8,0.015
I6L983,0.015
Q0P5Y3,0.015
D3YY51,0.015
A2A7P9,0.015
Q3UQD2,0.015
A0A1B0GR96,0.015
P25801,0.015
Q76N18,0.015
Q8BU74,0.015
Q8CFV9,0.015
Q8CFI9,0.015
A0A571BEU1,0.015
Q5DTJ3,0.015
S4R2L3,0.015
A0A087WRB0,0.015
Q9D5X0,0.015
A0A2R8W744,0.015
P31532,0.015
Q544Z8,0.015
Q9CQ39,0.015
Q61782,0.015
Q8C6B9,0.015
Q8CAN3,0.014
E9PWL2,0.014
A0A494BAM5,0.014
Q3UFM7,0.014
B1AYN8,0.014
B2RVG4,0.014
A2AUP6,0.014
Q8VH52,0.014
A2AUS1,0.014
Q9QZU4,0.014
Q9QZS2,0.014
A0A1B0GSN4,0.014
Z4YMG1,0.014
A0A2I3BRZ0,0.014
A0A0U1RPH8,0.014
A0A087WQA6,0.014
B1AVH0,0.014
Q6PB48,0.014
Q9CRY9,0.014
A0A1L1SSN4,0.014
E0CYP1,0.014
Q8BQ38,0.014
A0A0N4SVA1,0.014
E9Q1U0,0.014
A0A3B2WBG5,0.014
Q5RJB9,0.014
Q91WV0,0.014
A0A140D4A8,0.014
A0A286YDM0,0.014
A0A494BB06,0.014
E0CYG0,0.014
A0A140LIV5,0.014
Q8C040,0.014
A0A140LHH6,0.014
Q62133,0.014
A0A494BAL7,0.014
Q6LAF5,0.014
E9PX11,0.014
F7A6K2,0.014
A0A0G2JFK8,0.014
Q569N2,0.014
D6RCJ2,0.014
P56393,0.014
Q7TQJ1,0.014
Q9JJV2,0.014
D3Z433,0.014
A0A3Q4EGV1,0.014
Q3TQQ3,0.014
D3Z1T2,0.014
Q3TC60,0.014
Q9CTF5,0.014
G3UWF6,0.014
A1A5C0,0.014
Q64445,0.014
D3Z2K3,0.014
A0A286YDX0,0.014
E0CZG8,0.014
A0A1B0GSK5,0.014
E9QAY4,0.014
Q31144,0.014
Q3TMK1,0.014
Q9CVK3,0.014
Q3V3C1,0.014
A0A0U1RQ96,0.014
Q78QS6,0.014
Q9CTE1,0.014
A0A2I3BR33,0.014
A2ACG1,0.014
Q8BZN1,0.014
A0A494B928,0.014
M0QWQ1,0.014
Q9CUP0,0.014
F6Q1Q5,0.014
Q8CJF5,0.014
A0A1Y7VK42,0.014
A0A1L1SRR7,0.014
A0A571BF34,0.014
D3Z273,0.014
D3YVF8,0.014
A2AP32,0.014
A0A1C7ZMZ5,0.014
D3Z411,0.014
D3Z6X6,0.014
D3YUG1,0.014
Q9DB50,0.014
Q8BMV1,0.014
Q9D2R6,0.014
Q497U6,0.014
C6EQG6,0.014
A0A0A0MQ99,0.014
A0A0G2JGT5,0.014
B7FAU1,0.014
F6TW20,0.014
Q7TQL0,0.014
Q8BUH1,0.014
D6RGQ3,0.014
Q8CAV8,0.014
Q3TV15,0.014
Q3UEP5,0.014
D6RHL2,0.014
O89066,0.014
A0A1L1SQ20,0.014
P50228,0.014
E9Q8Y7,0.014
A2A4Z0,0.014
A2A6Z7,0.014
Q8BWC5,0.014
Q8VDN9,0.014
S4R188,0.014
A0A2I3BPP3,0.014
E9PXQ6,0.014
D3Z353,0.014
P56135,0.014
A2AEP6,0.014
D3YWF5,0.014
Q8BKU0,0.014
A0A0U1RNM9,0.014
D3YUG4,0.014
Q9CQN7,0.014
B1ASC2,0.014
A0A077K9W9,0.014
A0A140LI68,0.014
A0A1L1SQX4,0.014
F6SSU6,0.014
D3Z1A4,0.014
A0A6I8MWY8,0.014
E0CYQ2,0.014
A0A087WSD3,0.014
Q53YU8,0.014
Q61681,0.014
A0A0G2JDF3,0.014
Q9CT82,0.014
Q3UM96,0.014
G3UZK0,0.014
Q2M4I6,0.014
A0A494B9E0,0.014
Q9CU76,0.014
Q8K165,0.014
Q9DA47,0.014
A0A0U1RNG8,0.014
Q3UMI8,0.014
O54790,0.014
D6RFP5,0.014
A0A0N4SUZ4,0.014
F7A1F0,0.014
Q9DAC8,0.014
F7CCI4,0.014
A0A2R8VKR1,0.014
Q62517,0.014
G5E8B5,0.014
D3Z2G7,0.014
A0A0A6YWL5,0.014
A0A286YCQ8,0.014
Q542W1,0.014
Q78IK2,0.014
A0A0J9YUF3,0.014
A0A2R8W727,0.014
Q3UQ94,0.014
A2AJB7,0.014
A7MCW6,0.014
A0A1B0GSS8,0.014
Q8BT90,0.014
Q69Z81,0.014
G3UWV3,0.014
E0CYR4,0.014
A0A0U1RPU4,0.014
A0A3B2W860,0.014
Q99N24,0.014
S4R2U0,0.014
A0A2I3BR08,0.014
A0A1S5WLF0,0.014
Q8CH89,0.014
D3Z292,0.014
Q9CQ45,0.014
A0A0G2JDY4,0.014
D3YZP6,0.014
B7ZWI4,0.014
F6XBL0,0.014
Q8R3H3,0.014
Q0PCR4,0.014
H3BJK5,0.014
A0A1Y7VN36,0.014
E9PWS2,0.014
B0R090,0.014
Q62442,0.014
Q8BM62,0.013
Q9CUG0,0.013
A0A1L1SUH0,0.013
Q9D2Q4,0.013
Q7TNS2,0.013
A2AQ47,0.013
P23299,0.013
Q9DCJ6,0.013
A0A0G2JGN1,0.013
A0PJ98,0.013
Q14BU0,0.013
L7MUF5,0.013
P83917,0.013
D6RHB8,0.013
A0A0G2JGZ1,0.013
Q3TU65,0.013
A2ALV1,0.013
D3Z767,0.013
F7B227,0.013
A1E2I1,0.013
Q3TPM5,0.013
A0A2I3BR88,0.013
A0A140LIH3,0.013
Q9QZT4,0.013
Q9D023,0.013
A0A338P672,0.013
Q3TXT3,0.013
A0A1W2P7N4,0.013
A0A0N4SV89,0.013
B0R106,0.013
A0A0U1RQ86,0.013
Q8BI30,0.013
Q9D2T2,0.013
Q80VP5,0.013
A0A1D5RL95,0.013
Q3UW26,0.013
D6RGR9,0.013
D3YWZ8,0.013
Q8JZM6,0.013
Q8BWE1,0.013
D6RCJ1,0.013
A0A087WST0,0.013
Q3THE1,0.013
Q8CG87,0.013
D6RD12,0.013
Q920D3,0.013
Q8K539,0.013
B1AS94,0.013
D3YUG8,0.013
A0A1L1SS78,0.013
A8Y5N8,0.013
Q5EBG8,0.013
E9Q0I8,0.013
Q3KNY5,0.013
Q3UIW8,0.013
P15247,0.013
A0A1W2P6S3,0.013
Q8R3L0,0.013
Q8K005,0.013
G3UX43,0.013
A0A1L1SRA4,0.013
Q5U5I3,0.013
F6WD40,0.013
Q8R3U8,0.013
F7BET1,0.013
Q99LP9,0.013
A0A1Y7VM12,0.013
D7RV91,0.013
P19258,0.013
D3YUQ4,0.013
Q8BSG2,0.013
Q91X96,0.013
B1AU03,0.013
Q8BWT4,0.013
A2APA3,0.013
A0A087WR41,0.013
H9KV14,0.013
A0A7N9VSZ1,0.013
S4R2Q1,0.013
A0A494BB97,0.013
D3Z0C1,0.013
A2AVR3,0.013
P53368,0.013
A0A338P776,0.013
A0A0A6YXR6,0.013
Q9CYL5,0.013
B0LAE5,0.013
Q99NG1,0.013
A0A140LHS2,0.013
J3QPC9,0.013
Q75UT7,0.013
D3Z262,0.013
B0QZH3,0.013
A2BHQ5,0.013
Q9D1A6,0.013
D3Z356,0.013
H3BK81,0.013
Q9CSZ1,0.013
A0A140LIU4,0.013
Q78WV9,0.013
Q9DB10,0.013
I7HLV5,0.013
Q0VDW5,0.013
B0L6U8,0.013
Q9D8M3,0.013
D1MQ07,0.013
Q61521,0.013
A0A1B0GSX2,0.013
G5E8B4,0.013
Q3UWL5,0.013
Q3TDW9,0.013
A2ANC6,0.013
D3YV98,0.013
Q9CTI0,0.013
A0A494B9A3,0.013
Q3U276,0.013
Q8BRU1,0.013
A0A0A6YWA4,0.013
A0A0G2JG58,0.013
Q9D0N8,0.013
Q8C5G9,0.013
F6RL14,0.013
Q5U455,0.013
Q3V4C9,0.013
O35284,0.013
A0A0G2JDI6,0.013
Q8C895,0.013
A0A140LIU7,0.013
Q61265,0.013
Q78YZ6,0.013
O70480,0.013
A0A1D5RML2,0.013
D3YX29,0.013
Q61585,0.013
Q5J9A9,0.013
F6TCT7,0.013
Q8BYD4,0.013
A2AGJ2,0.013
A2A7B7,0.013
A0A1W2P6W9,0.013
A0A0G2JG92,0.013
A0A0U1RNL8,0.013
Q571N0,0.013
A0A0G2JDW6,0.013
Q8K089,0.013
A0A5F8MPF9,0.013
G3UZP8,0.013
O54792,0.013
Q6LC40,0.013
B0QZI8,0.013
H3BJY7,0.013
A0A668KLV7,0.013
A0A0U1RP46,0.013
Q8BZ15,0.013
D3YUP4,0.013
D3YXM1,0.013
A0A286YDB2,0.013
Q80VH5,0.013
Q8K2F2,0.013
Q8BWC3,0.013
Z4YL38,0.013
Q8K567,0.013
A0A571BGD8,0.013
Q99JI1,0.013
A0A0R4J0D8,0.013
H3BK71,0.013
D6RGT9,0.013
O89106,0.013
A0A3Q4EC18,0.013
Q9CPY1,0.013
Q7TNQ2,0.013
A0A0N4SWF0,0.013
A0A0G2JE14,0.013
Q78XF5,0.013
Q8C6U9,0.013
Q3UR92,0.013
H3BJC2,0.013
Q3UTF3,0.013
A0A1Y7VK17,0.013
Q9QUJ0,0.013
A0A0J9YUA5,0.013
Q06RJ2,0.013
Q3TMJ2,0.013
A0A2R8VK60,0.013
Q8BNZ1,0.013
Q5NCU3,0.013
A0A0G2JFC5,0.013
Q8C9I9,0.013
Q8VC76,0.013
Q9D820,0.013
A0A0G2JGK8,0.013
A0A3Q4EC76,0.013
G3UY22,0.013
Q5XW47,0.013
Q811W1,0.013
A2BGK7,0.013
Q8VCR3,0.013
E0CZ67,0.013
Q3TQ19,0.012
A0A1B0GRW9,0.012
Q9EPB4,0.012
A2BI31,0.012
Q58EV2,0.012
Q5DTU2,0.012
F6X8K3,0.012
F2Z418,0.012
D3YZ71,0.012
A2AUX9,0.012
Q3TQS8,0.012
A0A087WR40,0.012
Q921H2,0.012
Q8BTI3,0.012
E0CZ99,0.012
Q9JI48,0.012
Q9CR96,0.012
Q6GX95,0.012
D3Z2Q3,0.012
A0A140LIM8,0.012
D3YXX2,0.012
Q3UUA0,0.012
A0A571BE25,0.012
Q8CE37,0.012
Q62268,0.012
A0PJN4,0.012
Q6PB64,0.012
O54962,0.012
Q9CQI9,0.012
F8WIJ2,0.012
Q9D2P4,0.012
Q3V0M6,0.012
A0A2R8VHM0,0.012
Q99LZ2,0.012
Q3UWY6,0.012
Q99P52,0.012
Q66JW9,0.012
A0A1L1SUJ5,0.012
Q3UXY3,0.012
Q8C100,0.012
A0A338P773,0.012
D6RE39,0.012
G3UZR1,0.012
A0A1B0GS88,0.012
D3Z457,0.012
S4R2M3,0.012
B1ATK5,0.012
A3KG44,0.012
P50462,0.012
P56383,0.012
Q3UUX7,0.012
Q8CEG5,0.012
V9GXS5,0.012
A0A140LHD0,0.012
F6QPP0,0.012
Q8C4U4,0.012
Q2QF30,0.012
A0A286YDT7,0.012
A2A983,0.012
D3Z101,0.012
E9PYH4,0.012
F7C5U2,0.012
O09167,0.012
P51637,0.012
A2CF71,0.012
Q9CWE6,0.012
Q80UT3,0.012
Q8CF81,0.012
D3Z2N0,0.012
P12660,0.012
Q9CVM1,0.012
E9PZT2,0.012
A3KFY5,0.012
A0A0A6YXF4,0.012
Q9CPV2,0.012
Q8C1R6,0.012
A0A338P6U5,0.012
A0A0N4SV30,0.012
Q66L41,0.012
C6EQK1,0.012
Q91ZI6,0.012
A0A0G2JFI5,0.012
A0A338P6G5,0.012
A0A1W2P6Z8,0.012
Q7TMJ7,0.012
J3QP93,0.012
Q5SQF8,0.012
D3YXP5,0.012
Q9D7E4,0.012
O54926,0.012
D6RCG2,0.012
Q05DI8,0.012
A0A1B0GT90,0.012
A3KFX6,0.012
D3Z4I4,0.012
Q8BXW3,0.012
W8R375,0.012
A0A0N4SVQ8,0.012
Q8BJS6,0.012
P00015,0.012
A8Y5J7,0.012
Q3T9Q3,0.012
B4XVQ0,0.012
F6UT01,0.012
Q3U0U9,0.012
Q3TS89,0.012
Q71UV3,0.012
Q3TPW1,0.012
Q5ST18,0.012
Q8CC36,0.012
A0A338P740,0.012
Q62252,0.012
Q6IQZ8,0.012
D6REF0,0.012
Q8C6V3,0.012
A0A0G2JGP5,0.012
B6ZCE5,0.012
D3Z670,0.012
A0A0N4SUZ5,0.012
A0A0U1RQ56,0.012
A0A087WR51,0.012
A0A2I3BRG7,0.012
A2AWJ5,0.012
A0A0A6YVV3,0.012
Q8K1C5,0.012
E0CZD6,0.012
A2ASW6,0.012
A0A0A6YY01,0.012
Q9Z2S7,0.012
Q9ER82,0.012
G3UW68,0.012
Q8BXT1,0.012
Q6BCW1,0.012
D3Z1H9,0.012
D3YXV4,0.012
D3YU16,0.012
Q8BLM5,0.012
Q3U595,0.012
Q9CVZ2,0.012
J3JSA2,0.012
Q3TQ36,0.012
Q9WUJ4,0.012
Q8BS74,0.012
E0CYA9,0.012
Q0P645,0.012
Q3TLZ7,0.012
X1WI19,0.012
Q9CVY8,0.012
A0A1Y7VJQ1,0.012
D6RGU4,0.012
A0A140LJ45,0.012
Q3TP58,0.012
Q5M8N0,0.012
Z4YJY6,0.012
A0A0N4SW53,0.012
Q4V9W3,0.012
I6LEP1,0.012
A0A0U1RQ80,0.012
A2AR07,0.012
F6ULY1,0.012
Q91XE8,0.011
H3BJF8,0.011
Q99MT5,0.011
Q8C9R8,0.011
A3KG37,0.011
A0A494BAX9,0.011
B2RVN1,0.011
Q921J2,0.011
S4R194,0.011
Q8BIM8,0.011
Q8C474,0.011
Q9DCW5,0.011
Q9D1B0,0.011
A0A0G2JGX6,0.011
Q2KHK7,0.011
D3Z0D4,0.011
Q9D6L8,0.011
Q9Z111,0.011
E9QAL2,0.011
Q8VEJ2,0.011
A5HU64,0.011
Q05BN4,0.011
A2AMS6,0.011
F2Z3Z7,0.011
Q8BRY6,0.011
Q9CTL4,0.011
A2RT14,0.011
Q9QYY1,0.011
Q3UUQ5,0.011
D3Z5E9,0.011
Q9CPY4,0.011
F6ZFB8,0.011
Q9CTL6,0.011
A0A0N4SVN5,0.011
D6RJ12,0.011
M0QW52,0.011
M0QWL7,0.011
A2AL20,0.011
A0A1W2P825,0.011
E9PY84,0.011
Q99PA8,0.011
Q3TET3,0.011
A0A494BAK7,0.011
Q6P6F6,0.011
H3BKA9,0.011
A0A0U1RNN4,0.011
Q5F285,0.011
A0A1W2P744,0.011
D3Z3E6,0.011
Q80VH1,0.011
O54879,0.011
E9Q6T2,0.011
A0A286YCE6,0.011
A0A0U1RNK2,0.011
Q8VIK6,0.011
Q8BTC2,0.011
A0A494BAW7,0.011
A0A0J9YVJ2,0.011
D6RG60,0.011
Q3UDH3,0.011
A0A1Y7VM62,0.011
Q07813,0.011
A0A0G2JGB1,0.011
Q8CG12,0.011
Q9CUY2,0.011
A0A494B8X0,0.011
D6RJM5,0.011
Q99PA9,0.011
Q80WF1,0.011
Q9CQL6,0.011
D3Z6Z0,0.011
A0A1B0GR07,0.011
Q3UR81,0.011
Q3V1C8,0.011
Q8BMW4,0.011
E0CYV3,0.011
Q762C9,0.011
S4R2S2,0.011
A0A5F8MPC1,0.011
J3QPI3,0.011
A0A087WSF0,0.011
H3BKF9,0.011
Q3TYG3,0.011
Q99J74,0.011
A2AAN4,0.011
Q9CR23,0.011
Q61686,0.011
Q8C632,0.011
A0A3Q4EHW7,0.011
A2A880,0.011
Q8R5L0,0.011
Q9D103,0.011
Q8C623,0.011
Q8BNN3,0.011
Q58DZ5,0.011
B1AS18,0.011
Q9DAU7,0.011
Q5I0W5,0.011
A0A3B0J723,0.011
Q8VH45,0.011
A0A087WRL3,0.011
A0A2R8VI67,0.011
B1AT24,0.011
A0A494B9A4,0.011
A0A1B0GR20,0.011
F2Z4A5,0.011
Q6B8I0,0.011
J3QJW7,0.011
A0A2I3BQF1,0.011
Q8R015,0.011
Q8C1G6,0.011
A2A4J3,0.011
A0A1B0GSN3,0.011
Q3V3D1,0.011
A0A140LIX8,0.011
A0A0G2JF66,0.011
D6RCW6,0.011
Q8C7H9,0.011
Q9JJ47,0.011
Q62272,0.011
Q9CQK1,0.011
Q3UZ28,0.011
Q9D873,0.011
D3Z0T6,0.011
G3UX92,0.011
A0A0R4J111,0.011
B1B0E9,0.011
Q3UW96,0.011
Q8C6G5,0.011
Q05CJ2,0.011
A0A0A6YWV7,0.011
A0A1B0GS10,0.011
Q3UF21,0.011
F6TWQ1,0.011
F7AQX0,0.011
A2A533,0.011
V9H0U1,0.011
A3KGV3,0.011
H3BL09,0.011
A0A087WP76,0.011
Q9CPV3,0.011
Q9CZP8,0.011
Q8R241,0.011
A0A1B0GRD2,0.011
D3YWJ8,0.011
Q9CW12,0.011
Q3TV28,0.011
Q3TT68,0.011
Q78YP7,0.011
Q149X8,0.011
F7BUZ0,0.011
Q3UXP0,0.011
A0A1D5RM12,0.011
Q8K046,0.011
B0R030,0.011
D3YZZ1,0.011
Q5SXI6,0.011
E9Q5H3,0.011
A0A087WQY3,0.011
Q8BY84,0.011
A0A1B0GT49,0.011
Q8C3M5,0.011
Q9CRE2,0.011
A0A2I3BS14,0.011
Q8CI30,0.011
Q8K2F4,0.011
A6NAT8,0.011
Q5NC01,0.011
Q3TPI4,0.011
B0V2N7,0.011
E9PWU4,0.011
Q3UW40,0.011
Q8MHV1,0.011
Q8K316,0.011
Q9JJQ9,0.011
G3UZ85,0.011
A0A1B0GSE2,0.011
A0A0A6YXY0,0.011
Q810R2,0.011
H3BJB4,0.011
E9Q5T0,0.011
Q923B0,0.011
A0A1W2P7J9,0.01
E9Q0A0,0.01
Q8BML7,0.01
A0A1B0GRF7,0.01
Q8BL02,0.01
A0A0A6YW25,0.01
Q8VDX0,0.01
Q8QZS5,0.01
A0A1D5RLT7,0.01
B2RVF4,0.01
E9Q6F0,0.01
Q3UEI7,0.01
A0A3B2WBC2,0.01
J3QP41,0.01
Q8K4U4,0.01
Q5SQA5,0.01
A0A0U1RPB5,0.01
Q9CU20,0.01
D3Z255,0.01
A0A1L1SU07,0.01
Q5KT56,0.01
D3Z5Y7,0.01
A2AWQ9,0.01
Q3UEY7,0.01
Q7M745,0.01
A0A2R8VH99,0.01
E0CY47,0.01
A0A0R4J158,0.01
E9PVP5,0.01
B1AWT7,0.01
A0A0R4J0M7,0.01
Q8VD00,0.01
B9EK98,0.01
G3UZ67,0.01
F6S041,0.01
A0A1B0GS16,0.01
A0A1Y7VNQ4,0.01
D3YXU1,0.01
D3YW30,0.01
A0A286YDH8,0.01
P29752,0.01
Q6P3D0,0.01
A0A0G2JFR0,0.01
D3YVI3,0.01
F6YAQ3,0.01
A0A1W2P759,0.01
A0A0A6YWA6,0.01
A0A338P736,0.01
D3Z526,0.01
Q8K1I1,0.01
A0A494B9G4,0.01
Q8R1F0,0.01
Q8BRE0,0.01
A0A140LJ30,0.01
A0A087WS94,0.01
Q9D056,0.01
Q9D4N2,0.01
A0A0U1RPS4,0.01
A0A140LI83,0.01
A2AEL5,0.01
D3YYN1,0.01
D3Z345,0.01
Q3V398,0.01
Q99LN3,0.01
B0QZP4,0.01
Q8BVB7,0.01
Q91Z48,0.01
Q3ULI7,0.01
A0A0A6YWW2,0.01
A0A1W2P735,0.01
A8WHU2,0.01
A0A1Y7VMW4,0.01
Q0P5Z0,0.01
A2A9W1,0.01
Q3UUU9,0.01
E9Q7A7,0.01
Q9CPS8,0.01
E9Q478,0.01
Q3TG90,0.01
A0A0G2JGB0,0.01
Q9CXL3,0.01
Q9CTD1,0.01
Q9WTX4,0.01
D3Z1E3,0.01
Q80UG6,0.01
D6REU1,0.01
Q9CRB8,0.01
A0A0G2JF31,0.01
A2AC29,0.01
D3Z502,0.01
Q66L45,0.01
A2AUT3,0.01
Q9D3J5,0.01
Q920H7,0.01
A0A087WP62,0.01
B0R0U2,0.01
Q8C362,0.01
Q3URR0,0.01
D3YZV5,0.01
A2ABQ9,0.01
Q78E20,0.01
A0A3Q4EC95,0.01
Q3URP7,0.01
A0A668KMA7,0.01
A0A1L1STN6,0.01
D3Z2T9,0.01
Q66X47,0.01
E9Q2C7,0.01
Q6P8X9,0.01
Z4YN41,0.01
P53568,0.01
Q6T3U6,0.01
Q3TMQ3,0.01
Q9D3X8,0.01
D3Z151,0.01
A0A1L1ST83,0.01
Q9D337,0.01
Q60870,0.01
B1AZQ4,0.01
A0A1L1STT2,0.01
Q3TN90,0.01
Q9CQB5,0.01
E0CXL2,0.01
E9PY99,0.01
A0A7D6JQ00,0.01
A0A2R8W747,0.01
A2AP31,0.01
Q9D9L9,0.01
A0A3Q4EBZ1,0.01
A0A1B0GRM7,0.01
Q0VGT5,0.01
Q8R235,0.01
D3YYX6,0.01
A2A6E7,0.01
I6ZHM2,0.01
A0A2R8VI37,0.01
B1ATY8,0.01
Q8BPV2,0.01
A0A140LI18,0.01
Q3TBP6,0.01
D3YXC9,0.01
A0A140LIB9,0.01
Q6UJC0,0.01
A0A2R8VHP0,0.01
Q9CQU3,0.01
Q9D937,0.01
Q8VHV3,0.01
A2A5I6,0.01
Q8CEZ8,0.01
A0A7U3JW52,0.01
A0A1B0GT97,0.01
Q9JJM5,0.01
Q3UST9,0.01
Q8BGB5,0.01
A0A338P6U9,0.01
P60904,0.01
Q8VDV4,0.01
A0A087WRD2,0.01
A2A9C8,0.01
A0A1W2P7A6,0.01
Q9D7R3,0.01
Q3UK85,0.01
A0A0U1RQ12,0.01
Q9DB91,0.01
Q9CWD7,0.01
Q9D8U6,0.01
A2A709,0.01
A0A0A6YWT8,0.01
Q9D548,0.01
Q921X5,0.01
A0A1Y7VJZ1,0.01
Q8C1M1,0.01
Q8QZZ7,0.01
A2A4J8,0.01
P97315,0.01
Q3TZB0,0.01
D3Z0L4,0.01
P60605,0.01
I7HIP5,0.01
A1E2H6,0.01
E9Q1R2,0.01
P62816,0.01
A0A0N4SWF7,0.01
E0CX80,0.01
P49817,0.01
D3Z150,0.009
A0A5H1ZRL9,0.009
A0A1L1SU82,0.009
Q8C5J2,0.009
Q9CQ44,0.009
A0A0G2JFJ9,0.009
D3YWS4,0.009
A0A0N4SVK2,0.009
Q99JG4,0.009
P56388,0.009
Q3SXE7,0.009
Q8K549,0.009
F8WGG1,0.009
Q3TV70,0.009
Q5SX46,0.009
Q8VCS6,0.009
A5YMZ5,0.009
A0A0J9YTY5,0.009
D6RJ69,0.009
Q8BP01,0.009
Q05BF8,0.009
A0A140LIT7,0.009
Q8C3I6,0.009
O89067,0.009
Q4QQM4,0.009
P11942,0.009
Q8BP07,0.009
Q3TQK5,0.009
Q4VAE8,0.009
P56873,0.009
B7ZCF4,0.009
A0A1B0GTA3,0.009
A0A0G2JGS6,0.009
E9Q2G1,0.009
Q99N73,0.009
Q8R1B5,0.009
Q9D1U0,0.009
A0A0A0MQF9,0.009
A0A1Y7VM74,0.009
Q3TT90,0.009
D3YZN5,0.009
F6VDY0,0.009
A0A3B2W7Y7,0.009
Q62161,0.009
A0A1Y7VIQ3,0.009
B0R009,0.009
P62830,0.009
A0A1W2P6Z6,0.009
G3UZQ2,0.009
F6V6Z9,0.009
B0QZT9,0.009
Q7TPG5,0.009
A0A338P6V4,0.009
D3Z338,0.009
E9Q2T8,0.009
Q9CR61,0.009
A0A087WS51,0.009
Q9QZ33,0.009
Q9DCB3,0.009
Q3URS3,0.009
P56841,0.009
Q3TQX1,0.009
D6RCZ2,0.009
Q3U4C4,0.009
F6T851,0.009
A1L3T0,0.009
D3YUN5,0.009
A0A0J9YUE3,0.009
Q9Z0F7,0.009
Q922Z1,0.009
D3Z3E2,0.009
A0A0G2JGE4,0.009
A0A140LIH2,0.009
Q8CC60,0.009
A0A0G2JFS0,0.009
Q545R7,0.009
Q3TGS7,0.009
Q99LU4,0.009
Q6P8W9,0.009
B7ZMV7,0.009
Q9D9N8,0.009
Q3USL3,0.009
A0A5S8E879,0.009
Q68FM0,0.009
E0CYS4,0.009
D3YTZ6,0.009
B0QZW2,0.009
Q3UC35,0.009
Q9QYK7,0.009
A0A1B0GRZ8,0.009
H3BJU0,0.009
Q9CTJ8,0.009
Q8CH15,0.009
E9Q2Q9,0.009
Q9D9Z5,0.009
G3UZW9,0.009
Q9D9B2,0.009
D3Z040,0.009
Q6P066,0.009
Q8C558,0.009
D3Z7C0,0.009
Q3UY37,0.009
Q6P8P5,0.009
A0A140LIK2,0.009
A0A3B2W7Q2,0.009
A0A140LHK8,0.009
A0A1D5RMF3,0.009
D6RFQ8,0.009
D3YYS4,0.009
A0A0A6YWX9,0.009
Q7TPG6,0.009
E9Q2C3,0.009
D3Z0K1,0.009
A0A5H1ZRN3,0.009
D3YY69,0.009
Q3TA22,0.009
A0A7H1MFN9,0.009
O89005,0.009
A0A140LHH4,0.009
D3Z212,0.009
Q9D275,0.009
A0A286YDZ9,0.009
E9Q036,0.009
Q8CDT5,0.009
A0A087WPR0,0.009
Q8BL72,0.009
A0A140T8S4,0.009
A0A1L1SUT0,0.009
Q8BI20,0.009
B1AWG6,0.009
G3XA69,0.009
Q5GMH1,0.009
E9Q6R3,0.009
V9GXH5,0.009
O70192,0.009
A0A087WPL3,0.009
A2A610,0.009
A0A494B9T7,0.009
A0A0U1RPN5,0.009
A2A5D6,0.009
B8JJI3,0.009
A0A494BAW6,0.009
D3Z5F6,0.009
D3Z2A5,0.009
P62270,0.009
A0A0G2JDR6,0.009
Q6KAU1,0.009
A0A0A6YW29,0.009
Q9D4A1,0.009
A0A068BGR9,0.009
Q8VEA4,0.009
H3BJ93,0.009
O35958,0.009
A0A1D5RMM6,0.009
A0A0G2JF71,0.009
A0A0N4SUV2,0.009
A0A0G2JES6,0.009
D3YZL3,0.009
Q8CBY0,0.009
A0A0U1RQ22,0.009
Q3V2V2,0.009
A0A0N4SUT2,0.009
Q8BU82,0.009
H3BLL7,0.009
Q3UQ24,0.009
I7HPX9,0.009
F6UW85,0.009
A2AC07,0.009
A0A286YCA5,0.009
O70548,0.009
A0A0G2JGY1,0.009
A0A494BA54,0.009
Q3S4B0,0.009
Q3UX15,0.009
Q8VDW4,0.009
Q3UU98,0.009
Q3UBL0,0.009
F5BYH5,0.009
A0A0N4SWA7,0.009
Q8CBP8,0.009
A0A3Q4EGE1,0.009
X5F9R3,0.009
Q3TQW0,0.009
A7DTG4,0.009
Q80VV6,0.009
Q3TQL5,0.009
Q5SWB0,0.009
A0A140LJK5,0.009
A2BI49,0.009
A0A140LJK8,0.009
A0A0R4J1N9,0.009
B7ZCF7,0.009
F6UR69,0.009
A0A1B0GS05,0.009
Q9JII7,0.009
Q62241,0.009
E0CYF2,0.009
A0A140LHJ9,0.009
B1AWH1,0.009
Q9WUZ5,0.009
D3YTT0,0.009
A0A1Y7VMY2,0.009
F2WVG8,0.009
Q76MT2,0.009
Q9D263,0.009
Q9CRJ4,0.009
Q9QWQ1,0.009
Q9CZS3,0.009
D3Z3E5,0.008
A0A1W2P6G0,0.008
E9Q009,0.008
Q8R2K7,0.008
G3UZ23,0.008
Q80Y73,0.008
Q8BZQ9,0.008
A0A0A0MQK1,0.008
Q8C4I3,0.008
H3BJW5,0.008
A0A0A6YXC4,0.008
Q9DBX1,0.008
Q1JUQ8,0.008
P10601,0.008
A8C8N6,0.008
Q8BKG1,0.008
B1AWI6,0.008
A0A494BAR3,0.008
Q3TP93,0.008
Q9CQ94,0.008
A0A1W2P762,0.008
B7ZCM0,0.008
Q9QX25,0.008
D3YXD8,0.008
Q6W051,0.008
A2AWF0,0.008
Q9CUL8,0.008
Q3U706,0.008
Q9DAH5,0.008
A0A087WQB3,0.008
A2AQI7,0.008
Q9CPU2,0.008
Q3UGM7,0.008
P47915,0.008
Q9CQ71,0.008
P28574,0.008
F7C090,0.008
D6RD00,0.008
Q8K255,0.008
D3YVY8,0.008
V9GWU6,0.008
E0CXK6,0.008
A2AI69,0.008
Q9JJR8,0.008
Q8K257,0.008
A0A2I3BRV9,0.008
Q8CEL3,0.008
Q9D1M4,0.008
A0A140LJ84,0.008
A0A2I3BPS4,0.008
Q3TB02,0.008
Q05BR6,0.008
D3Z1G1,0.008
D3Z071,0.008
G3UXG8,0.008
Q3UPV8,0.008
Q5BLJ8,0.008
Q8CGH4,0.008
A0A0R4J0N6,0.008
Q9D945,0.008
Q8BHV7,0.008
Q9D6J5,0.008
Q07440,0.008
Q8CHW0,0.008
Q8C1Y5,0.008
F6YJZ8,0.008
A0A087WNY2,0.008
D3Z6R0,0.008
B7ZDF4,0.008
D3Z032,0.008
Q9DAA3,0.008
P84099,0.008
G8JL46,0.008
A0A2I3BRV3,0.008
D3YUM9,0.008
D0EM46,0.008
G3UX79,0.008
A0A571BEH3,0.008
A0A140LI45,0.008
Q9CQ22,0.008
E0CX48,0.008
P84444,0.008
Q8VH36,0.008
Q6P6F5,0.008
A2AAX0,0.008
Q6W059,0.008
A0A0R4J165,0.008
Q8C0C9,0.008
E9QAL8,0.008
Q3UX06,0.008
A0A338P787,0.008
O35143,0.008
Q8CBQ4,0.008
Q9D1Q1,0.008
A0A2I3BR90,0.008
Q9D328,0.008
Q78YY6,0.008
D3Z4H0,0.008
A0A345IT92,0.008
Q8C0S6,0.008
A0A0G2JFW1,0.008
Q91X49,0.008
D3Z181,0.008
C6EQK3,0.008
G3UWI1,0.008
F6U6D4,0.008
A0A0A0MQJ0,0.008
Q8BUF8,0.008
E3T928,0.008
A0A0U1RP82,0.008
A2A6G9,0.008
Q8BYQ1,0.008
Q62237,0.008
L7N2D0,0.008
Q8BHG9,0.008
A0A1L1SS05,0.008
Q3UX40,0.008
Q3TTY7,0.008
Q3UU30,0.008
Q61057,0.008
F6ZEU2,0.008
A0A1B0GRU5,0.008
A0A140LIW5,0.008
A0A0G2JGP7,0.008
P51480,0.008
Q80VC1,0.008
Q9D164,0.008
A0A1B0GSG9,0.008
A0A0U1RPQ0,0.008
D3YVI7,0.008
Q9D9Y7,0.008
Q3V478,0.008
Q8BY86,0.008
Q78IG7,0.008
G3UXW8,0.008
Q8CJ15,0.008
G3UZS5,0.008
Q8BTD4,0.008
A0A1L1STN8,0.008
F6YIR2,0.008
Q3TE38,0.008
Q80ZS3,0.008
A0A0A6YVP4,0.008
A0A087WNX0,0.008
P16045,0.008
G3UZT4,0.008
Q8BTU1,0.008
A0A1D5RLA4,0.008
G3UX34,0.008
A2ASR8,0.008
A0A0U1RP69,0.008
Q99LE1,0.008
Q8VE44,0.008
Q6GXA3,0.008
H3BLF5,0.008
A0A023J6C4,0.008
D3Z3N1,0.008
Q9CZR4,0.008
A0A1W2P6L4,0.008
Q3TN78,0.008
Q3TYH0,0.008
G3UXQ1,0.008
A2A715,0.008
Q9D289,0.008
Q3URJ8,0.008
Q3U5N8,0.008
Q3TYD9,0.008
G3X9S9,0.008
Q9DAG7,0.008
A0A0N4SVF6,0.008
Q99LU0,0.008
Q497P3,0.008
F6Y2U8,0.008
Q9CQF8,0.008
F6RBN0,0.008
Q9D3I5,0.008
A4FUP7,0.008
E0CZ68,0.008
Q8BR21,0.008
Q80XH1,0.008
E9QAJ7,0.008
A0A0N4SW07,0.008
Q9D2T1,0.008
D6RGR1,0.008
H3BKV6,0.008
Q811L9,0.008
Q9D3P8,0.008
Q8R5F1,0.008
Q3TLF0,0.008
F6TCC6,0.008
B8JK66,0.008
A2AIR0,0.008
Q8BI54,0.008
Q8CF19,0.008
A0A494BAW2,0.008
H3BKP0,0.008
Q6W052,0.008
D3YZT4,0.008
A2AJW3,0.008
A0A2R8VHB2,0.008
B8JJI4,0.008
Q78S06,0.008
A0A0J9YV00,0.008
Q3USP6,0.008
Q9QXE6,0.008
A0A1B0GRX6,0.008
Q3UZP7,0.008
Q80UB5,0.008
Q05C55,0.008
Q8CJ70,0.007
Q8BI52,0.007
B5L833,0.007
O70201,0.007
A0A3Q4EHC8,0.007
D3Z323,0.007
Q9DAQ5,0.007
Q9D7H4,0.007
A0A0G2JDQ9,0.007
Q9D9C6,0.007
Q545H9,0.007
Q9CQ90,0.007
Q9DAR6,0.007
A2RSV8,0.007
E9PVN1,0.007
Q9D0Y8,0.007
S4R2F2,0.007
Q9D1C2,0.007
B8JJX9,0.007
D3Z790,0.007
Q8VDH3,0.007
F7B2N8,0.007
A0A140LIS9,0.007
P63089,0.007
D3Z358,0.007
A0A0G2JDS8,0.007
Q0P684,0.007
D3Z1G7,0.007
B0R0D0,0.007
A0A0J9YUZ8,0.007
A0A0A6YWT5,0.007
A6PWQ2,0.007
A0A0J9YTZ5,0.007
A0A0G2JE40,0.007
A0A0N4SUQ6,0.007
Q8BLA6,0.007
E9Q0D1,0.007
E9QAK1,0.007
Q921P1,0.007
A0A2R8VJY6,0.007
Q3U1I1,0.007
A0A668KL95,0.007
D3Z100,0.007
H3BJ69,0.007
A0A494BBI5,0.007
A0A1L1SVE8,0.007
Q9WTJ5,0.007
Z4YLM5,0.007
S5RY33,0.007
D3YTP4,0.007
Q9ERY9,0.007
D6RHM7,0.007
A2A6P9,0.007
Q6PAT2,0.007
A0A1B0GRD4,0.007
G1C1P2,0.007
Q8CA59,0.007
Q9CR41,0.007
Q9ER62,0.007
A0A286YD08,0.007
E0CX38,0.007
Q60860,0.007
A0A1Y7VLY9,0.007
Q3UQ59,0.007
Q3TWU8,0.007
A0A087WRF9,0.007
G5E814,0.007
A0A087WQX1,0.007
A0A1W2P7B8,0.007
A0A1S6GWH7,0.007
Q9Z2E5,0.007
Q8CC64,0.007
O55042,0.007
Q8K0Z2,0.007
A2AE91,0.007
Q8C2W9,0.007
Q9Z0V7,0.007
Q921I0,0.007
E9Q114,0.007
Q60945,0.007
Q9WVC3,0.007
B0QZP2,0.007
A0A286YE21,0.007
F2Z3V5,0.007
B2RVB7,0.007
Q80WM3,0.007
Q8BHV1,0.007
A0A0A6YXV3,0.007
Q3TSS8,0.007
Q3V2Y4,0.007
A0A0U1RNH6,0.007
Q3U8S0,0.007
J3QN46,0.007
Q8K536,0.007
Q811L1,0.007
A0A571BDP3,0.007
Q05BZ0,0.007
A0A0U1RNK8,0.007
Q8BY20,0.007
A0A087WNY0,0.007
F6SP57,0.007
O88593,0.007
Q811J8,0.007
A0A077S2U3,0.007
A2A8D4,0.007
Q6PDZ4,0.007
F6W383,0.007
Q8C3G2,0.007
Q9D3F4,0.007
G3UXD0,0.007
Q80VG5,0.007
G3CE71,0.007
E9PZI8,0.007
Q3TQ51,0.007
E9PVI8,0.007
A0A1B0GS52,0.007
Q3TGY6,0.007
Q3UK81,0.007
Q9JL11,0.007
A0A0J9YUD0,0.007
Q8BZM5,0.007
B0LAC4,0.007
Q3TVK2,0.007
Q8BPM3,0.007
A0A140LHD5,0.007
A0A1B0GX55,0.007
Q5XW58,0.007
Q8CC14,0.007
A0A3Q4EC89,0.007
A0A0N4SVE5,0.007
Q8BSA6,0.007
B1ATI4,0.007
A0A2I3BS32,0.007
Q3TSB1,0.007
Q9CQ68,0.007
A2A6Z6,0.007
A0A192B0U8,0.007
Q3UHX2,0.007
A0A5H1ZRK6,0.007
D3Z210,0.007
B7ZMW0,0.007
Q9CRQ7,0.007
Q8BFU4,0.007
A0A0G2JEV3,0.007
A0A1Y7VM54,0.007
L7N261,0.007
Q4FJW1,0.007
A0A0G2JGA9,0.007
A0A1Y7VNC1,0.007
Q9WUB4,0.007
H3BL26,0.007
Q5XKN4,0.007
B2KFX4,0.007
Q3V229,0.007
O70559,0.007
Q3TSN5,0.007
A0A2I3BS25,0.007
Q0Z9Z6,0.007
A0A1Y7VKZ4,0.007
A0AUV2,0.007
Q6UY52,0.007
D3Z088,0.007
A6NAS8,0.007
Q9JKQ8,0.007
Q9CPV0,0.007
A1ILH3,0.007
B1ARC5,0.007
H3BKP2,0.007
A0A571BEC1,0.007
A0A1Y7VMX3,0.007
A0A1D5RLI6,0.007
A0A0U1RP27,0.007
H9H9T1,0.007
A0A1B0GRK0,0.007
Q8CDX7,0.007
Q7TN21,0.007
Q6PES1,0.007
Q8C5U7,0.007
Q08EJ0,0.007
Q8BVE7,0.007
Q3U345,0.007
Q9WUP0,0.007
A0A1D5RMI9,0.007
D3YWB5,0.007
I7HM39,0.007
A0A1B0GRP0,0.007
Q91Z04,0.007
Q9D0B6,0.007
Q61025,0.007
Q9CPQ3,0.007
D6RE53,0.007
Q3TJV3,0.007
D3YVA4,0.007
B0QZJ6,0.007
A7U7N0,0.007
A0A1Y7VIP4,0.007
Q9Z0Y1,0.007
Q921Y2,0.007
Q9R1Q8,0.007
A0A1Y7VLW2,0.007
A0A140LJF1,0.007
A0A0N4SUV8,0.007
Q3TI14,0.007
Q9JHF7,0.007
Q99M72,0.007
Q9D1B5,0.007
E0CX62,0.007
Q9JIE6,0.007
Q9CZK9,0.007
B8JJA4,0.007
F2Z473,0.007
Q6P3C1,0.007
D3Z324,0.007
A0A1D5RLW0,0.007
G3UWI4,0.007
B9EJX9,0.007
Q9QZC3,0.007
A6X922,0.006
Q8C654,0.006
A0A1B0GS57,0.006
E9PXX5,0.006
E9Q3C5,0.006
Q6TM15,0.006
Q9CR09,0.006
A0A0U1RP88,0.006
A0A338P6G6,0.006
Q59J78,0.006
Q9CQ82,0.006
Q8C1P9,0.006
Q9CU19,0.006
Q8R2Q8,0.006
E9Q9S8,0.006
D3Z7S0,0.006
Q8CAC8,0.006
E0CXG9,0.006
A0A1Y7VN53,0.006
A0A1L1SRI7,0.006
Q3U4N4,0.006
D3Z136,0.006
Q9D4V6,0.006
A0A3Q4EG48,0.006
F7CVL9,0.006
E9PV63,0.006
B1AWZ0,0.006
O35216,0.006
Q9JL41,0.006
B0LAE2,0.006
D3YZ17,0.006
P12399,0.006
A0A2I3BPX5,0.006
A0PJC2,0.006
Q8VBW8,0.006
Q9CVQ1,0.006
A0A1D5RLJ0,0.006
E9PAJ0,0.006
D3Z1C3,0.006
A0A1B0GRR0,0.006
Q8C211,0.006
P42925,0.006
A6PWV4,0.006
Q3TC36,0.006
Q3TRX6,0.006
Q9CZQ3,0.006
W8R8Q6,0.006
Q3TPM2,0.006
E2J848,0.006
D3Z2J8,0.006
A0A087WNQ8,0.006
Q9D030,0.006
Q3TPX2,0.006
Q8R505,0.006
Q9DCI9,0.006
Q9D1H6,0.006
Q6P8V7,0.006
B1AXQ4,0.006
A0A1L1SU01,0.006
Q8BLE0,0.006
A2A5R0,0.006
F6W7I2,0.006
Q9CU97,0.006
Q1EDY5,0.006
Q8BP31,0.006
Q6PHW3,0.006
A0A0A0MQG8,0.006
O54974,0.006
Q8BSY7,0.006
A0A2R8W6R9,0.006
Q05CD1,0.006
Q8CEI3,0.006
A0A286YDY3,0.006
Q80T44,0.006
A0A1B0GX74,0.006
Q9CVX4,0.006
D3Z4S2,0.006
A0PJH7,0.006
Q9DBH2,0.006
H3BKG2,0.006
A0A1L1SUN4,0.006
Q9CYI2,0.006
A0A0A6YWW6,0.006
A0A0G2JGL3,0.006
M0QW46,0.006
O08548,0.006
A0A1B0GSU4,0.006
F8WH96,0.006
Q5NCC2,0.006
Q80Y67,0.006
P17257,0.006
Q8BQB3,0.006
Q9CR55,0.006
D3Z4F6,0.006
A0A571BFZ2,0.006
D3Z4E9,0.006
B9EJX8,0.006
Q9CWB0,0.006
Q9EQ82,0.006
A0A1B0GRT4,0.006
Q9CQ24,0.006
A7M7R7,0.006
B0R0N4,0.006
A0A286YD20,0.006
Q3TVG7,0.006
Q3T9M0,0.006
A0A1B0GS46,0.006
A0A1W2P826,0.006
D9YM45,0.006
E9Q0G9,0.006
A0A0J9YU45,0.006
A0A1Y7VJ98,0.006
D3Z133,0.006
D2D553,0.006
Q3UZW4,0.006
D3U0D7,0.006
A0A0N4SWA2,0.006
Q60835,0.006
Q3UW82,0.006
A0A2R8VH94,0.006
Q0GET0,0.006
A0A0A6YXK3,0.006
Q8K118,0.006
Q505D7,0.006
Q0PGA0,0.006
E0CX21,0.006
A0A023J5Z3,0.006
A0A0G2JFE3,0.006
Q7TQI2,0.006
A0A1D5RLH1,0.006
Q8R201,0.006
A0A140LHG9,0.006
Q8C9G0,0.006
F7CT06,0.006
A0A087WRW7,0.006
D3Z761,0.006
A0A087WNM2,0.006
H3BLR3,0.006
A0A0A6YWX8,0.006
D3Z474,0.006
A0A1L1SRL1,0.006
Q8C5T3,0.006
A0A3B2WCG6,0.006
D3Z0S3,0.006
A2BDP2,0.006
Q8CA90,0.006
A0A494BBJ7,0.006
A2A6T4,0.006
E0CZB5,0.006
Q9CPW3,0.006
D3Z1F4,0.006
A0A0N4SVE6,0.006
D3YVF5,0.006
Z4YN22,0.006
A0A2R8W6W2,0.006
Q6P5P0,0.006
D3Z5L0,0.006
A0A0A6YX70,0.006
A0A5F8MPZ8,0.006
Q99KD6,0.006
A0A0A6YXV5,0.006
A0A0A6YX52,0.006
Q9CR34,0.006
Q6W074,0.006
A0A1W2P8D3,0.006
A0A0A6YXY2,0.006
Q9DAX0,0.006
D6RH85,0.006
A0A338P7E4,0.006
G3UZG9,0.006
Q9DAN9,0.006
Q3V2C2,0.006
Q9CZX9,0.006
A0A0J9YTZ0,0.006
Q3TR82,0.006
E9Q0U0,0.006
Q8BLZ1,0.006
H7BX91,0.006
A0A0U1RPN6,0.006
Q8VD57,0.006
Q3TPP7,0.006
E0CZA1,0.006
A0A0U1RNT8,0.006
Q8VEN8,0.006
D3YYC2,0.006
A3KGC3,0.006
F7BTP0,0.006
Q9DAL7,0.006
D3Z631,0.006
Q6P7U7,0.006
A0A286YE06,0.006
Q9CWD0,0.006
A0A0U1RNR9,0.006
D3YXY3,0.006
D3Z437,0.006
D3YXQ3,0.006
P60324,0.006
Q8BGI1,0.006
A2AVP3,0.006
Q8R182,0.006
A0A338P6E0,0.006
Q9DCZ4,0.006
Q569Y6,0.006
Q9CXV1,0.006
Q9CRW3,0.005
Q8BJX5,0.005
Q8BQH1,0.005
A0A0G2JE85,0.005
Q9D429,0.005
Q9CXB4,0.005
Q9CPT5,0.005
O55208,0.005
Q9CPR6,0.005
P58500,0.005
A0A140LI90,0.005
D3YZ66,0.005
Q3KQM8,0.005
A0A1L1SSX5,0.005
Q99MW5,0.005
D3YZ92,0.005
A0A0N4SV96,0.005
Q8C1H0,0.005
Q05928,0.005
V9GXK1,0.005
Q61658,0.005
B1AU64,0.005
V9GXM2,0.005
A0A571BDI1,0.005
Q9JIB0,0.005
Q8K3S6,0.005
H3BJJ1,0.005
Q3TBY8,0.005
A0A087WQL8,0.005
E0CYD6,0.005
A0A2R8VI06,0.005
Q9D8D8,0.005
A0A0U1RNI6,0.005
D3YZY1,0.005
Q9WUN8,0.005
P97938,0.005
A2A8S8,0.005
A0A1W2P866,0.005
A0A286YDZ3,0.005
Q8VE01,0.005
Q8R344,0.005
Q8K174,0.005
A0A494B906,0.005
A0A2I3BQN7,0.005
Q8C670,0.005
Q9DAI9,0.005
A0A1D5RM13,0.005
P10148,0.005
A0A7P0A164,0.005
D3YZ13,0.005
A0A5F8MPU9,0.005
O09111,0.005
F8WJ25,0.005
I7HPB1,0.005
Q9D8Q8,0.005
A0A0G2JGD5,0.005
O88803,0.005
O70166,0.005
E9Q709,0.005
M0QWH6,0.005
E9Q6S5,0.005
P0DJF3,0.005
Q8CCF4,0.005
D3YWG7,0.005
Q9ERS2,0.005
Q6W039,0.005
A0A087WR90,0.005
D3Z5Q9,0.005
P97811,0.005
Q6ZWN5,0.005
Q8K0U3,0.005
Q9D600,0.005
Q8BYD1,0.005
Q9CWD1,0.005
A0A3Q4EHH0,0.005
A0A1L1STN5,0.005
Q9CVV0,0.005
D3Z7U9,0.005
D3YW10,0.005
Q8CC15,0.005
A0A2I3BQJ6,0.005
P70456,0.005
A0A0A0MQC5,0.005
B1AY40,0.005
A0A2I3BRI7,0.005
Q5SSN7,0.005
A0A1B0GSM8,0.005
Q5F209,0.005
V9H0T7,0.005
Q05CL7,0.005
Q8R0Z4,0.005
A0A338P6Z9,0.005
Q9CSW0,0.005
Q922F9,0.005
Q9WVK0,0.005
G3UZ33,0.005
D3YZX8,0.005
P63042,0.005
Q06666,0.005
D3Z1Y7,0.005
D6RH84,0.005
A0A494B9B9,0.005
Q9JM76,0.005
F6Z1G4,0.005
A0A286YCB9,0.005
S4R1C8,0.005
A0A087WST6,0.005
Q9CY86,0.005
Q8CJ39,0.005
Q9DCX2,0.005
G3UWM1,0.005
A9Z1A0,0.005
B5L832,0.005
Q8BTE1,0.005
F8WH97,0.005
A0A286YDT0,0.005
Q9CX13,0.005
F6ZAJ8,0.005
Q6GXA1,0.005
Q9CQR5,0.005
A1ILI2,0.005
Q6W072,0.005
Q3UN20,0.005
A0A1W2P6Q9,0.005
A0A1D5RLR9,0.005
A2AUG6,0.005
A0A0U1RPL6,0.005
E9Q2W8,0.005
F6TFB9,0.005
Q3UGI5,0.005
A0A1B0GSV4,0.005
A0A0U1RP62,0.005
Q810Q0,0.005
Q80ZC9,0.005
Q5U5M8,0.005
Q3UXT9,0.005
Q3TS74,0.005
A0A1L6ZAB8,0.005
A0A0J9YV97,0.005
Q5BN45,0.005
G3UWF2,0.005
Q8VED9,0.005
G3UYJ1,0.005
Q3TXV5,0.005
B1AXR3,0.005
Q9CR27,0.005
A0A087WP78,0.005
Q9DA42,0.005
E9QLE5,0.005
G3UWJ4,0.005
A0A0E3VL76,0.005
Q9QYC3,0.005
F6UHS3,0.005
D6RJ77,0.005
A0A1W2P768,0.005
E0CXB0,0.005
P30355,0.005
Q91VZ7,0.005
A0A286YD16,0.005
Q8BJG1,0.005
Q9DAR1,0.005
E9QAJ5,0.005
Q9D6I0,0.005
A0A0A6YW93,0.005
Q8JZW2,0.005
Q3UYD2,0.005
Q3TUD9,0.005
B7FAT7,0.005
Q8BU20,0.005
H3BJF4,0.005
G3UWN0,0.005
A0A0G2JGA1,0.005
A0A2I3BPS0,0.005
G3UYP7,0.005
A0A6G7MA53,0.005
F8UX47,0.005
A0A1S6GWI4,0.005
B1AQZ5,0.005
D6RI74,0.005
D3YVI6,0.005
A0A494B9V1,0.005
A0A087WNS2,0.005
Q6LAK9,0.005
A0A286YDP6,0.005
A0A3B2WCB2,0.005
A0A338P6J4,0.005
A2BDX8,0.004
Q9CRH9,0.004
A2ACH6,0.004
Q3UXG5,0.004
Q9D6H2,0.004
F6US45,0.004
Q8BNJ0,0.004
A0A1D5RMN2,0.004
E9PXL5,0.004
Q9CY89,0.004
A0A0A6YXR9,0.004
Q62302,0.004
A0A0R4IZX3,0.004
O35903,0.004
D3YVP8,0.004
D6RD09,0.004
Q3B7Y7,0.004
A0A1B0GRA9,0.004
J3QMV5,0.004
Q8JZZ9,0.004
Q5R1U4,0.004
A2A6J8,0.004
P54227,0.004
F8WI62,0.004
Q8C6X4,0.004
Q0VG49,0.004
A0A2R8VHW7,0.004
A0A494B956,0.004
Q9CRT1,0.004
B2FDI6,0.004
A0A571BEE9,0.004
A2AHK9,0.004
F6WYR6,0.004
V9GXG4,0.004
Q8K039,0.004
Q05BQ0,0.004
A0A2I3BPW7,0.004
Q8VE66,0.004
E9Q5U4,0.004
D3Z4N3,0.004
D3Z314,0.004
A0JNZ0,0.004
Q99MS3,0.004
D3Z053,0.004
A2RST1,0.004
D6RFP8,0.004
Q3UF44,0.004
Q8C203,0.004
A0A1Y7VIU9,0.004
Q3UXA4,0.004
P39689,0.004
D3YZT8,0.004
E0CX92,0.004
Q9CS81,0.004
A0A494BA08,0.004
Q80Y74,0.004
P97875,0.004
D3YUQ9,0.004
Q8R2K1,0.004
A0A2R8VHI0,0.004
A0A571BES4,0.004
A0A0N4SVC0,0.004
Q8BPU9,0.004
A0A087WPI1,0.004
Q8C9C8,0.004
V9GXB4,0.004
F6YSS8,0.004
A0A1W2P7Q0,0.004
D3Z6T0,0.004
A0A0R4J275,0.004
Q3TKB4,0.004
A0A0G2JE45,0.004
I7HJR4,0.004
Q8BHV2,0.004
Q8VIK2,0.004
Q3TVF6,0.004
A0A286YE38,0.004
Q8BQS1,0.004
Q9D1I6,0.004
Q8R024,0.004
A0A087WRK8,0.004
A0A0U1RP79,0.004
A2AH99,0.004
Q3U9A8,0.004
Q9CZB0,0.004
A2ACZ1,0.004
Q80UQ8,0.004
O89054,0.004
Q2VPQ9,0.004
Q8BFQ2,0.004
Q8R1L8,0.004
A2ASC4,0.004
A0A7H1MFN7,0.004
A0A1Y7VJ37,0.004
Q9DCU8,0.004
E0CXR3,0.004
Q9R022,0.004
F6T9C3,0.004
D6RDT8,0.004
S4R292,0.004
A0A3B2W7R0,0.004
Q8BMZ3,0.004
Q8BQA3,0.004
Q3UZT2,0.004
B9EJX3,0.004
A0A286YCK9,0.004
A2AG12,0.004
D3YXZ9,0.004
A0A0A6YXE7,0.004
Q9D9K8,0.004
F7CUQ1,0.004
Q9D6G5,0.004
Q3UWC5,0.004
Q8K096,0.004
Q0VDW2,0.004
Q8BXA9,0.004
D3Z1C1,0.004
Q8CAI4,0.004
A0A494BA50,0.004
A0A1L1SUJ7,0.004
A2ASL5,0.004
B2KFY1,0.004
Q9CV37,0.004
Q8R3B3,0.004
A0A1B0GRG3,0.004
Q2PAY0,0.004
D3Z0T3,0.004
Q6Q532,0.004
A0A494BA99,0.004
A0A142J2E9,0.004
O88186,0.004
A0A1D5RM73,0.004
Q9CQC4,0.004
Q3UW18,0.004
Q9D938,0.004
S4R1H4,0.004
A0A494BB05,0.004
X1WI16,0.004
F6S365,0.004
G3XA51,0.004
Q9CPW7,0.004
Q3KNN1,0.004
Q3TEL9,0.004
D3Z1R4,0.004
F6SM03,0.004
Q3TIU9,0.004
A0A1W2P6V9,0.004
D3YV95,0.004
Q4KKZ1,0.004
Q9CR75,0.004
A2ARI0,0.004
Q3U9U7,0.004
Q3TFQ1,0.004
D3YW46,0.004
D6RGS2,0.004
A0A0A6YXD3,0.004
Q9CQT5,0.004
A0A494B9P6,0.004
H3BKN3,0.004
Q6R5G9,0.004
Q9D8G5,0.004
B1ATY1,0.004
H3BIW7,0.004
Q542D4,0.004
E9Q1H5,0.004
A3KGK9,0.004
A0A087WNW4,0.004
Q1WWJ9,0.004
D6RI66,0.004
Q05BE0,0.004
A0A286YDW8,0.004
D3Z1S8,0.003
A0A1B0GT86,0.003
Q6W063,0.003
D3Z276,0.003
V9GXU8,0.003
Q3TP47,0.003
E9QA43,0.003
F6ZTV9,0.003
A0A0N4SUX7,0.003
Q8BXI6,0.003
Q8K1N3,0.003
A0A1Y7VLB5,0.003
Q3U0Y2,0.003
E9Q258,0.003
A0A0N4SV02,0.003
A0A0U1RQ21,0.003
A0A494B9V3,0.003
Q62276,0.003
A0A140LJA9,0.003
Q3U1P6,0.003
Q6NY07,0.003
F6U250,0.003
Q8R467,0.003
A0A0A6YW60,0.003
Q6NT99,0.003
A0A0G2JFS2,0.003
E0CZ63,0.003
A0A0G2JGQ9,0.003
Q3TY56,0.003
A0A6I8MWW0,0.003
F6Q1V8,0.003
B1AX75,0.003
A0A1D5RMI7,0.003
Q8C2Z0,0.003
Q9CS75,0.003
A0A2R8VHQ1,0.003
Q3UWD6,0.003
E0CY63,0.003
Q8C7X7,0.003
A0A2I3BQN6,0.003
A0A0J9YUX9,0.003
M0QWP4,0.003
A0A1B0GR68,0.003
Q9CZG1,0.003
A6PW91,0.003
A6PWA4,0.003
Q99KZ1,0.003
A2APM7,0.003
A0A0G2JGS1,0.003
A0A140LHF9,0.003
Q8BIA8,0.003
Q8C7S5,0.003
A0A087WQ12,0.003
Q3UTH1,0.003
A0A1W2P8C6,0.003
Q9DAS1,0.003
A0A0J9YTS4,0.003
Q8C539,0.003
Q80U11,0.003
Q9D4D0,0.003
A0A494BBH5,0.003
Q9D652,0.003
Q8BU49,0.003
M0QWT2,0.003
Z4YJN4,0.003
B1AXF5,0.003
B8JJ53,0.003
F6T8K1,0.003
E0CYY0,0.003
Q9CPZ7,0.003
Q66I43,0.003
Q9CRP4,0.003
A0A0G2JFZ9,0.003
A0A1Y7VMU4,0.003
A0A2R8VK20,0.003
Q9CWV6,0.003
E9PY85,0.003
Q9D814,0.003
Q6A096,0.003
B8JK52,0.003
Q3UKA7,0.003
D3YTK5,0.003
A2AIJ1,0.003
A0A0U1RNG5,0.003
Q9WVL1,0.003
A0A1B0GSK0,0.003
O89076,0.003
A0A1B0GR93,0.003
Q80X28,0.003
A0A0J9YU52,0.003
Q8R4A4,0.003
Q5F228,0.003
Q6W081,0.003
Q9DAS2,0.003
A0A3B2W3M0,0.003
Q5SQY9,0.003
A2AM76,0.003
Q8K538,0.003
A0A140LHD7,0.003
Q3TAN8,0.003
Q5RL79,0.003
D3Z1A3,0.003
O35715,0.003
V9GXD2,0.003
Q9CVI6,0.003
D3YWZ5,0.003
Q14BF9,0.003
Q8C4Z8,0.003
D3YY70,0.003
D6RII6,0.003
A0A571BG35,0.003
Q3U3U0,0.003
Q6WDF1,0.002
E9Q323,0.002
A0A087WQV1,0.002
Q3UU75,0.002
A0A3Q4EHU7,0.002
Q9CR22,0.002
Q3TSD5,0.002
A0A0G2JFE8,0.002
Q8K535,0.002
Q80UC9,0.002
A0A140LHR9,0.002
V9H190,0.002
Q91ZI3,0.002
A0A1Y7VM03,0.002
Q9JLJ6,0.002
Q8BSF8,0.002
D3Z7X9,0.002
Q60515,0.002
Q5F2B1,0.002
H3BL54,0.002
Q99N25,0.002
Q3TB59,0.002
A0A140LIN7,0.002
A0JLM7,0.002
Q3TTH8,0.002
Q8BI02,0.002
Q9DAR0,0.002
Q3TI10,0.002
A0A0A6YX60,0.002
A0A286YD82,0.002
F6W219,0.002
Q9CQG7,0.002
A0A217FL53,0.002
Q6GXA7,0.002
Q3TX31,0.002
Q05C75,0.002
Q9R1Q7,0.002
D3YUH4,0.002
V9GWW7,0.002
Q6W076,0.002
Q9CRF9,0.002
Q8BGX6,0.002
A0A3B2WD85,0.002
J3QNZ7,0.002
S4R1W6,0.002
A0A1L1SV60,0.002
A0A2R8VJX4,0.002
E0CYJ0,0.002
Q9DAN6,0.002
Q9DCG4,0.002
A0A0G2JE10,0.002
Q61974,0.002
Q922V9,0.002
D3Z1M6,0.002
Q3UQJ8,0.002
Z4YMS1,0.002
Q3TTG3,0.002
D3YZH4,0.002
Q3UTX4,0.002
Q14AF1,0.002
A0A0U1RP49,0.002
G3UVX1,0.002
F6VW20,0.002
A0A2I3BQW9,0.002
A0A0U1RQ73,0.002
F6YL81,0.002
F2Z480,0.002
A6PWA2,0.002
Q3UWR2,0.002
Q8CAG1,0.002
A0A1L1SQ35,0.002
Q8BHP4,0.002
O55132,0.002
Q3UF90,0.002
A0A1L1SS09,0.002
D3YYV7,0.002
A0A1W2P6N7,0.002
Q3TFF2,0.002
A0A2R8W6P8,0.002
Q3TYR0,0.002
Q6W082,0.002
Q8BRX2,0.002
B1ARB9,0.002
Q3U617,0.002
A0A338P6A0,0.002
Q8BVR0,0.002
A0A0A6YX47,0.001
D3Z5G2,0.001
Q6PAS2,0.001
E0CXJ9,0.001
A0A494BAX3,0.001
O54848,0.001
B1AU89,0.001
Q925D7,0.001
A0A1B0GQW0,0.001
Q9DCQ3,0.001
A0A338P6Q2,0.001
Q9CR60,0.001
A2ADB4,0.001
E9PYF8,0.001
G8H735,0.001
E3VX21,0.001
O89083,0.001
A0A0U1RNR4,0.001
A0A6I8MX31,0.001
F6YUI5,0.001
A0A087WR67,0.001
Z4YKY0,0.001
O35650,0.001
B1AYQ0,0.001
B1AUV7,0.001
A0A140LIQ8,0.001
Q3UXB9,0.001
A0A0U1RP13,0.001
Q9CVZ5,0.001
A2AJZ5,0.001
Q8CAT8,0.001
Q60733,0.001
A0A0A6YXI7,0.001
E0CY73,0.001
Q61022,0.001
A0AUK1,0.001
F6RA04,0.001
D3YZH9,0.001
F8TZM2,0.001
V9GXI2,0.001
E9QAC8,0.001
A0A5F8MQ15,0.001
Q9D3H0,0.0
Q9WU14,0.0
B7ZC15,0.0
