UniProtID,scores
A0A418GYP7,0.996
A0A4T9HI78,0.996
A0A6L7CHK9,0.995
A0A7D7KG06,0.993
A0A0B1N8M9,0.993
A0A376P431,0.993
A0A377ELL4,0.988
A0A7U5YX01,0.988
A0A774UXN5,0.987
A0A2X3LUF5,0.985
A0A376SAI4,0.985
A0A3L0W1Q0,0.985
A0A3L5H9Q7,0.984
A0A376S6G1,0.984
A0A7A6XFW6,0.98
A0A061K5L2,0.98
A0A2P9EK03,0.979
A0A0P7LW26,0.979
A0A2L1F4L9,0.979
A0A0J2G9D5,0.977
A0A2R4KLU5,0.976
A0A377BDF1,0.974
A0A0J3YR90,0.974
A0A6C9EEZ6,0.973
A0A4D6PFB9,0.973
A0A485JF64,0.972
A0A0E0Y7D1,0.972
A0A484YQX5,0.972
A0A2X3LPM2,0.972
A0A3L0WXJ2,0.968
A0A6D1A679,0.968
A0A152RL05,0.968
A0A3L0W1R1,0.965
A0A376L3V2,0.965
A0A376YKB2,0.965
A0A2X1N9F0,0.963
A0A826SNN4,0.963
A0A765TE97,0.962
A0A376U5W5,0.961
A0A0H0J6A7,0.96
A0A1X3IDG0,0.959
A0A376UB84,0.959
A0A6M1DKX0,0.957
A0A7A6YAZ1,0.954
A0A1M2I667,0.95
A0A6C9EIK7,0.95
A0A3L0WCQ2,0.95
A0A377AID1,0.95
A1A8Q6,0.949
A0A828GKC3,0.948
A0A2P9E3C4,0.948
A0A376NVC5,0.945
A0A377K066,0.945
A0A8A8PNX3,0.942
A0A1V2G0F7,0.94
A0A3P1WUS1,0.94
A0A0P7LX85,0.939
A0A1X3HWW5,0.937
A0A3P1XUF5,0.937
A0A0X5FCD1,0.937
A0A6N8R924,0.936
A0A330ASX6,0.935
A0A3L0Y7W8,0.934
A0A7U9LQN2,0.933
A0A7H9M844,0.933
A0A478KIT7,0.933
A0A0B1FT89,0.93
A0A1L3WSE1,0.929
A0A6N9SI29,0.929
A0A811VXS8,0.929
A0A3L0W2K6,0.926
A0A376JY46,0.926
A0A163CJ78,0.926
A0A023LAH8,0.925
A0A142EBX1,0.924
A0A799B3T5,0.924
A0A0U3SJF7,0.922
A0A831GIC0,0.922
A0A1C0Y1A0,0.921
A0A2J1DE20,0.919
A0A3L0YBU4,0.917
A0A0V9NGA2,0.917
A0A6D1AIL9,0.916
A0A023L2A4,0.916
A0A5C9AFJ5,0.916
A0A0X4VNE9,0.915
A0A6D0DAU1,0.915
A0A0B1LF32,0.914
A0A369FKA5,0.914
A0A376RMM2,0.913
A0A831M9E3,0.912
A0A376ZFD7,0.911
A0A2P9E333,0.911
A0A0H3EIG9,0.908
A0A418H7W5,0.907
A0A369FSV3,0.906
A0A0J3V1R5,0.906
A0A2A2XG56,0.906
A0A484YTY5,0.902
A0A3S4LFL8,0.902
A0A0E0XSV9,0.902
A0A773MI68,0.902
A7XUD7,0.901
A0A3L0VV14,0.901
A0A444RED3,0.901
A0A376ZEX4,0.9
A0A484VSZ7,0.899
A0A377BD12,0.898
A0A7G3NR20,0.898
A0A229AI59,0.896
A0A891ZW60,0.894
A0A0K3VZ51,0.892
A0A7U9APP5,0.891
A0A829LH41,0.89
A0A2A2CCY8,0.888
A0A2X7F4Q4,0.887
A0A376W7F0,0.886
A0A377DIM6,0.883
A0A6L7A2I0,0.882
A0A376SBB2,0.881
A0A485JKL8,0.88
A0A376PVZ6,0.879
A0A3L9HZK9,0.879
A0A2X1N5X6,0.879
A0A376M9C7,0.879
A0A377K4D3,0.878
A0A3L0WXW2,0.877
A0A377AQU4,0.875
A0A271U8M0,0.873
A0A376Y093,0.871
A0A075MDU1,0.871
A0A3I0S825,0.869
A0A3T8MYR8,0.868
A0A0A0H2H1,0.867
A0A0A0G403,0.866
A0A6D1A7E2,0.863
A0A376TRD1,0.863
A0A484YCA7,0.863
A0A2Y0JVX0,0.861
A0A7H9NI54,0.86
A0A376W5H0,0.86
A0A193LRT5,0.86
A0A376RLV7,0.86
A0A7H9S6L9,0.86
A0A3Y6SD84,0.854
A0A2X1KB55,0.853
A0A376L083,0.852
A0A6N9SI04,0.851
A0A6L9AAS6,0.849
A0A447XZX4,0.846
A0A0P7M954,0.846
A0A376THX7,0.843
A0A0E0Y400,0.843
A0A2X6MM47,0.843
A0A768ACU5,0.843
A0A6L9A9N1,0.842
A0A0B1K5U8,0.841
A0A244BGC7,0.84
A0A3L0W5W9,0.84
A0A2X1KFG9,0.838
A0A037YCH7,0.838
A0A2X1LDN4,0.837
A0A6D1A7N1,0.837
A0A765T6B9,0.836
A0A826PCY9,0.835
A0A376DCB7,0.835
A0A376UEF4,0.835
A0A3Z6GBW7,0.835
A0A0C5EKL4,0.834
A0A485JG03,0.834
A0A7I0L930,0.832
A0A6N8NLU0,0.831
A0A376LCD9,0.831
A0A085P4K2,0.829
A0A2P9EMB4,0.828
A0A417ZS49,0.827
A0A7U9APQ2,0.824
A0A0K4APA0,0.824
A0A1B1IL40,0.824
A0A2I8SWB4,0.823
A0A244BGJ9,0.821
A0A0N9ZR28,0.821
A0A3L0W874,0.82
A0A377EL91,0.82
A0A2L0J9C9,0.818
A0A0E0XSI8,0.816
A0A1X3J148,0.815
A0A376KNR5,0.81
A0A828U2L5,0.81
A0A831GVL1,0.809
A0A192CGH8,0.808
A0A899ND08,0.807
A0A5B9AP62,0.806
A0A2X3K007,0.806
A0A376MQX5,0.803
A0A0C2A0M6,0.799
A0A6G4C8B5,0.797
A0A6C9EE99,0.796
A0A172UY32,0.796
A0A061KSF8,0.792
A0A0A1A8Q4,0.79
A0A069FJU5,0.789
A0A485JFI5,0.788
A0A377KA87,0.788
A0A418GP87,0.787
A0A3L0VXI4,0.786
A0A5C9AMS0,0.786
A0A444R4W7,0.786
A0A485J8D9,0.784
A0A377B9Y5,0.784
A0A2X3JNC7,0.783
A0A484X3W9,0.783
A0A377BDL3,0.782
A0A3L0WAD2,0.78
A0A2X7GAI6,0.779
A0A1X3HX53,0.779
A0A3L0W4T2,0.779
A0A6N6WUL1,0.778
A0A376WDL0,0.774
A0A418HAY2,0.774
A0A7A3BZJ7,0.773
A0A192CGP4,0.773
A0A1M0VGK2,0.772
A0A376U2F2,0.771
A0A6N8QIG2,0.77
A0A6D1ACU9,0.77
A0A377CD83,0.77
A0A5B9AVY9,0.769
A0A377KD15,0.765
A0A827XUL3,0.764
A0A2Z6FB01,0.764
A0A6C9EIF9,0.759
A0A7A6YL31,0.759
A0A0K3J121,0.759
A0A0H3JFS4,0.759
A0A2I8SLK1,0.759
A0A485JDV0,0.758
A0A0B1KMH3,0.753
A0A3S4KCC5,0.753
A0A5C9A796,0.75
A0A377CDH8,0.75
A0A1V2GMV0,0.747
A0A377D6D6,0.746
A0A377AKP9,0.746
A0A0B1KA62,0.745
A0A0M5X0H8,0.744
A0A377B865,0.742
A0A418GEB5,0.742
A0A4C4ZH84,0.74
A0A0D8VYR1,0.74
A0A376KL38,0.74
A0A077K4R8,0.739
A0A8B3M7P1,0.737
A0A376X4W1,0.736
A0A0D8W593,0.735
A0A192CLL0,0.734
A0A376LKA4,0.732
A0A485JA69,0.731
A0A061KVM3,0.728
A0A3L0X0F2,0.728
A0A2X3LYU5,0.728
A0A7U9FVH5,0.728
A0A2I6FF62,0.727
A0A377D014,0.726
A0A0N8IRI6,0.725
A0A6D1A6J5,0.724
A0A3L0YGG9,0.722
A0A377AFU7,0.722
A0A6D1AF27,0.722
A0A3L0W6V9,0.72
A0A826X1U2,0.716
A0A0E0XZR3,0.714
A0A485JP26,0.711
A0A3P1Y3D1,0.708
A0A2X8Q0F4,0.708
A0A376X7L7,0.706
A0A3L0W4S6,0.706
A0A3L0W4M2,0.706
A0A6D1ACX5,0.706
A0A377C3P8,0.704
A0A1X9TRU9,0.701
A0A2X1JH39,0.7
A0A0H3MH75,0.697
A0A383GA41,0.697
A0A3L0VUG8,0.696
A0A376KS82,0.696
A0A1M2EIZ0,0.691
A0A811ARX9,0.688
A0A1Y2XQ87,0.688
A0A418GRG9,0.687
A0A0J2EKM2,0.687
A0A1J1DRX6,0.685
A0A2X1MYS7,0.682
A0A2X1Q0I6,0.681
A0A6L7CGL3,0.68
A0A0B1MUB9,0.678
A0A2S1JBS3,0.677
A0A6D1A653,0.677
A0A2H9G950,0.674
A0A3S7BS80,0.671
A0A2X1LP04,0.671
A0A376U3Z4,0.67
A0A2H4TM22,0.67
A0A1V2FWC7,0.669
A0A3S5DUK1,0.667
A0A3Q8VK14,0.666
A0A7A6MSP7,0.666
A0A1C7CYL9,0.664
A0A5E9RWS3,0.663
A0A484YMJ4,0.662
A0A3R0MW85,0.661
A0A3U1V7X5,0.66
A0A4C6ZSU3,0.66
A0A376VJR9,0.659
A0A403LGK8,0.656
A0A418H4K5,0.656
A0A3L0W380,0.656
A0A3L0W0B0,0.656
A0A0K4PYG4,0.655
A0A376JW37,0.653
A0A168T6N0,0.653
A0A3L0VWU0,0.652
A0A3Q0N526,0.651
A0A061L0V3,0.651
A0A2Y8N769,0.648
A0A377DXN8,0.648
A0A377AML0,0.646
A0A6D1AHN0,0.645
A0A1X3HXF8,0.644
A0A023L5U9,0.643
A0A3L0WA66,0.643
A0A6D0IL60,0.64
A0A447X644,0.64
A0A024LB61,0.638
A0A3L0VU04,0.636
A0A444QZM0,0.635
A0A2J1DGX4,0.635
A0A376KZX5,0.633
A0A377BC68,0.631
A0A2W6NRK4,0.63
A0A3L0WDN5,0.628
A0A1M2H8W6,0.627
A0A797I2M4,0.621
A0A418GVB2,0.621
A0A2X5Z882,0.616
A0A3L0W6M0,0.616
A0A3L0W5G7,0.612
A0A0H3JM57,0.612
A0A377D5V7,0.612
A0A5C9AHD3,0.611
A0A377B7B7,0.611
A0A376YJR9,0.61
A0A484Y501,0.61
A0A0D6GR81,0.609
A0A7G2KG32,0.609
A0A1X3IZ35,0.608
A0A193LMQ2,0.607
A0A377KDP1,0.607
A0A6L7A7S2,0.606
A0A657E5B5,0.606
A0A2W6QQ76,0.604
A0A376JUU7,0.602
A0A3L0W158,0.602
A0A0D8W9I6,0.6
A0A376ZUT8,0.598
A0A377ABF9,0.597
A0A3Z8W463,0.595
A0A0C5EI70,0.595
A0A163I3A2,0.592
A0A6D0DDL1,0.592
A0A376CRE7,0.592
A0A6C9EFI4,0.589
A0A1L5,0.588
A0A377CZ20,0.588
A0A789MJ06,0.587
A0A0M5X0L2,0.586
A0A3L0W0S6,0.584
A0A0K4LMK2,0.58
A0A660HED9,0.577
A0A1Q6AXV4,0.577
A0A0D8VV42,0.571
A0A1V2GEL6,0.57
A0A228WGA0,0.57
A0A376REU0,0.567
A0A7U9AX15,0.566
A0A0P7LYB1,0.566
A0A376U7Z8,0.564
A0A2P9EGG3,0.562
A0A7H9S3T0,0.561
A0A377D7F8,0.559
A0A6D0UWV6,0.559
A0A376THZ3,0.559
A0A376KRL4,0.558
A0A3P1Y667,0.557
A0A6L6IA16,0.557
A0A0P7PP26,0.556
A0A418H6F7,0.556
A0A418GFK5,0.556
A0A0J2DFC8,0.553
A0A377KEY2,0.552
A0A2X3KF13,0.552
A0A2X1P9M1,0.551
A0A2L0MKZ9,0.55
A0A6N6WR69,0.549
A0A376S992,0.548
A0A1X3IV80,0.546
A0A1X3IZP4,0.545
A0A418GNF0,0.545
A0A1M2EG36,0.539
A0A7A2LNI3,0.538
A0A377ADG1,0.536
A0A7U5THD8,0.534
A0A376S9T2,0.534
A0A3L0VUY9,0.533
A0A376Y5M9,0.531
A0A2X1J4D9,0.529
A0A376KWN5,0.528
A0A5C9ALJ7,0.527
A0A085NW67,0.524
A0A0C2BU87,0.523
A0A0G9FH80,0.523
A0A376LPZ3,0.522
A0A376VFN5,0.521
A0A2K3TYY7,0.521
A0A418H0I7,0.52
A0A6D1ACK8,0.519
A0A376WBH1,0.519
A0A376W2Q7,0.518
A0A3P1X8Z0,0.518
A0A1X3ITN0,0.518
A0A1X3I581,0.518
A0A066QZ76,0.517
A0A376DGH8,0.515
A0A061YF40,0.515
A0A6G4NSL4,0.513
A0A418GSP7,0.513
A0A6D1AC46,0.512
A0A244BAP7,0.51
A0A6D1AE83,0.509
A0A376X686,0.509
A0A3P1Y022,0.508
A0A827QZF6,0.508
A0A229AK19,0.508
A0A1X3IT26,0.505
A0A3L0VXT0,0.503
A0A2Z2JA26,0.502
A0A484X9B6,0.501
A0A447Y352,0.501
A0A5N8HH24,0.501
A0A0E0Y4P4,0.498
A0A085P480,0.498
A0A6D1ABQ3,0.497
A0A1U9T356,0.496
A0A2L1KKQ0,0.496
A0A828PEL3,0.495
A0A0P7L9H8,0.493
A0A484YII4,0.493
A0A7A6TZI5,0.492
A0A377BEH2,0.491
A0A6L7CGK1,0.491
A0A376MJ34,0.489
A0A066PWH3,0.489
A0A376KYX1,0.488
A0A376RNF9,0.486
A0A826X2B8,0.485
A0A5C8XST4,0.485
A0A775Y251,0.485
A0A6G4CK51,0.482
A0A660HF97,0.48
A0A3P1WNU1,0.479
A0A376ZFU4,0.478
A0A3L0W7E2,0.478
A0A6D0IN00,0.478
A0A773Q6S8,0.476
A0A6G9I408,0.475
A0A447XDN9,0.475
A0A024L3I2,0.473
A0A7U9AYI9,0.471
A0A3R0VC32,0.469
A0A0D4D9K0,0.467
A0A376MRR9,0.467
A0A3Q0PMG2,0.466
A0A167BQ17,0.466
A0A484Y667,0.465
A0A0B1N1G0,0.465
A0A377D0A6,0.465
A0A0P7P527,0.463
A0A244BN26,0.461
A0A485JI28,0.461
A0A024KZZ7,0.461
A0A7U5TH05,0.46
A0A2P9EHZ2,0.46
A0A0H3JGJ6,0.459
A0A827QI36,0.459
A0A1X3I8P6,0.458
A0A2Y8IH05,0.457
A0A376L2P5,0.456
A0A1M0V719,0.456
A0A3P5DJE9,0.455
A0A3L0W5X7,0.453
A0A2X1NEH8,0.452
A0A3P1WP21,0.451
A0A6D1A754,0.451
A0A377K0C2,0.449
A0A2W6PLZ2,0.448
A0A376MQ22,0.447
A0A377N0Y4,0.447
A0A0D8W930,0.447
A0A3L9IDM3,0.445
A0A376K122,0.445
A0A7T3V7N1,0.445
A0A377D249,0.445
A0A0L1BUF3,0.444
A0A377KAS4,0.443
A0A377D8S7,0.442
A0A6L6ICM6,0.442
A0A6D1AIQ5,0.441
A0A6G6AKS6,0.441
A0A376L561,0.441
A0A447X440,0.441
A0A3L0WDL6,0.441
A0A826X034,0.439
A0A168S7G4,0.439
A0A7A2LY99,0.437
A0A775TLK9,0.437
A0A0D6GS55,0.437
A0A2X3K9N5,0.436
A0A377BWZ1,0.436
A0A193LMV9,0.436
A0A8B3M4L3,0.436
A0A376HW63,0.435
A0A0P7LBN1,0.434
A0A060RF49,0.434
A0A3L0VXP5,0.434
A0A6N0IHZ6,0.432
A0A485J8H0,0.432
A0A1C7CNW7,0.431
A0A0A8J8E1,0.43
A0A1U9XEZ1,0.43
A0A0F3V495,0.428
A0A2H9EGJ0,0.428
A0A3L0W2T6,0.426
A0A2X1Q7U8,0.425
A0A3L0X7R7,0.424
A0A0N8ISD7,0.423
A0A0C5PJ76,0.422
A0A376MKT5,0.422
A0A376UGH8,0.422
A0A0H0GSF9,0.421
A0A6D0IET7,0.42
A0A243UVE9,0.42
A0A0K5IW80,0.42
A0A2X1KT08,0.415
A0A377K2F7,0.415
A0A7U5TPN2,0.414
A0A023KHX4,0.414
A0A2X1KFR3,0.414
A0A168TXE2,0.413
A0A1M0CDN5,0.413
A0A376MG46,0.412
A0A5P0JGF5,0.412
A0A243V160,0.411
A0A024L818,0.411
A0A5C9ANB4,0.41
A0A485JBX4,0.41
A0A3L0X159,0.409
A0A384ZT70,0.409
A0A418GE73,0.408
A0A6L6ZLM9,0.407
A0A377E3L2,0.407
A0A0U3RBQ6,0.407
A0A0C5EU63,0.407
A0A6L6ZUG5,0.407
A0A376MSS1,0.406
A0A0C2E674,0.406
A0A7U2AJH9,0.405
A0A376VCA1,0.405
A0A6N6WQ36,0.405
A0A1M0PIU6,0.403
A0A0P7LZW4,0.403
A0A0E0SR96,0.403
A0A086VGX0,0.401
A0A1L4IWJ7,0.4
A0A0H3PU20,0.399
A0A831M7I4,0.399
A0A376VNS6,0.399
A0A3T4CVF1,0.399
A0A5C9AMZ3,0.398
A0A377DX63,0.397
A0A447X1Y0,0.397
A0A140N9F6,0.397
A0A3L0W050,0.397
A0A6C9QIY0,0.395
A0A1Q6BGG9,0.395
A0A6L7CP48,0.393
A0A376TXE4,0.392
A0A418GLN7,0.39
A0A061YFU1,0.39
A0A376NUD6,0.389
A0A3R0MRC6,0.389
A0A376TSC0,0.389
A0A0A0GUT8,0.388
A0A5P0JAP8,0.388
A0A1X0YIQ0,0.387
A0A376YK58,0.386
A0A6D0V0G5,0.386
A0A6N8NVG0,0.385
A0A2P9DUT6,0.382
A0A3K3PZM1,0.382
A0A377A3F2,0.381
A0A3L9I1I9,0.381
A0A4D2T3A5,0.38
A0A2X1Q7U7,0.379
A0A0J8X0N9,0.379
A0A061KP03,0.378
A0A376YHW2,0.378
A0A6N8NRU6,0.378
A0A376ZZA9,0.378
A0A0B1MZZ9,0.378
A0A641DJ70,0.377
A0A3L0X3H2,0.377
A0A376ZFZ7,0.377
A0A6C9EEM5,0.377
A0A2X1LW00,0.377
A0A376LLD5,0.376
A0A2S1J9A9,0.375
A0A827IGB4,0.375
A0A376MS41,0.373
A0A6D0XT89,0.373
A0A377BUF2,0.371
A0A4C4ZQT6,0.37
A0A1X3JGZ2,0.37
A0A1L4IXJ8,0.369
A0A484Y4J9,0.368
A0A244BK92,0.368
A0A192F091,0.366
A0A836N872,0.366
A0A1Q6BD70,0.366
A0A3L0Y9C9,0.365
A0A2L1F4P8,0.365
A0A1X3I4H5,0.364
A0A3K2XHD4,0.364
A0A140JXD9,0.364
A0A376MKA8,0.364
A0A376VS58,0.362
A0A6L6ZNB3,0.362
A0A1M1GYE2,0.361
A0A376JA52,0.361
A0A376RC10,0.36
A0A5N8HDT1,0.359
A0A0H3PK08,0.359
A0A0B1MQR3,0.358
A0A376TJX1,0.358
A0A3L0VV49,0.358
A0A376Y515,0.357
A0A7G2KFF0,0.357
A0A376YHS1,0.356
A0A6D0IJ99,0.356
A0A2W6P7S2,0.356
A0A376NTC9,0.355
A0A376WVG8,0.354
A0A376S6Y6,0.354
A0A6C9QGR1,0.353
A0A037YHW7,0.353
A0A2D0GG56,0.352
A0A377CI32,0.352
A0A193LNP4,0.351
A0A023KUB8,0.35
A0A6C9EIY8,0.349
A0A192CAN0,0.349
A0A2R4AHP6,0.349
A0A085P3J7,0.349
A0A854JSK2,0.349
A0A376Y0I5,0.349
A0A6N0IR20,0.348
A0A2T3UXR2,0.348
A0A6M9WSI8,0.348
A0A376S7M3,0.348
A0A4Q4HRV4,0.347
A0A376VUI5,0.346
A0A377CVC6,0.346
A0A377BUQ6,0.345
A0A152C184,0.345
A0A0B1N1H4,0.344
A0A3P1XAC4,0.344
A0A1V2GCQ6,0.343
A0A6D1A838,0.343
A0A6N8R693,0.343
A0A376TZU0,0.343
A0A376TP76,0.343
A0A066T2L5,0.342
A0A376YVC3,0.342
A0A6D1A918,0.342
A0A376NU21,0.342
A0A2L0J9G2,0.341
A0A376VHI4,0.341
A0A148HK34,0.34
A0A0E1T0G5,0.34
A0A0F7Q4H8,0.34
A0A376P4U4,0.34
A0A3L0VXL4,0.34
A0A2P9E0C3,0.339
A0A0X5D1A1,0.339
A0A376X1J4,0.339
A0A3W5Y8V5,0.339
A0A376U7B4,0.338
A0A376TSI6,0.338
A0A0H2Z6K3,0.338
A0A075UIN9,0.337
A0A6L6I742,0.337
A0A0P7P203,0.337
A0A2X1IVM6,0.335
A0A376TZS9,0.335
A0A060RIQ5,0.335
A0A377D4L5,0.334
A0A6C9EJ00,0.334
A0A0A8KBV1,0.334
A0A484Y5Y0,0.333
A0A5D1FMR6,0.333
A0A2R4AB36,0.333
A0A0H3EF05,0.333
A0A3Q0N5H3,0.332
A0A3P5DQG1,0.331
A0A2T3UZG2,0.331
A0A140WYK9,0.33
A0A2X3M1K6,0.33
A0A0H3YF39,0.33
A0A2X3K3Y6,0.33
A0A7D3T6D1,0.33
A0A1I9S3I1,0.33
A0A377E6H8,0.33
A0A377B0V9,0.33
A0A3U0S3S4,0.329
A0A343J0M7,0.329
A0A6D0I4T7,0.328
A0A2X3KJA7,0.328
A0A2X1J3Q0,0.328
A0A6D2F8T2,0.328
A0A828AL96,0.327
A0A376MSM3,0.327
A0A377D0B4,0.326
A0A0E0XZZ0,0.326
A0A376MS48,0.326
A0A086TZP1,0.326
A0A376L7R6,0.325
A0A484Y189,0.325
A0A1X3JML5,0.325
A0A377A016,0.325
A0A0D8WGD0,0.324
A0A377BCD6,0.324
A0A3L0VXL1,0.324
A0A899NBB4,0.324
A0A0P7LQN4,0.323
A0A376TVJ4,0.323
A0A1Q4PBN3,0.323
A0A377BDR6,0.323
A0A376VMT7,0.323
A0A1X3JG63,0.323
A0A6N9SI16,0.323
A0A376Y1K2,0.323
A0A1S0WXU6,0.323
A0A1X9TLY2,0.323
A0A5C9AQF5,0.323
A0A3L0VVX8,0.323
A0A085NWX2,0.322
A0A376MIQ8,0.322
A0A377BC51,0.321
A0A3L0W2R8,0.32
A0A485JC89,0.32
A0A3L0W4R5,0.32
A0A3L0VUA5,0.32
A0A376TU65,0.319
A0A377A3E5,0.319
A0A0B1MP46,0.319
A0A6G9HHU8,0.318
A0A7L5P1V3,0.318
A0A0A1A442,0.318
A0A447X3Z5,0.318
A0A827KS35,0.317
A0A161R5A1,0.317
A0A6D1A8N9,0.317
A0A0E1T081,0.317
A7ZL66,0.316
A0A2A2CB06,0.316
A0A485JCY4,0.315
A0A192CG65,0.315
A0A376FQ66,0.315
A0A3L0W5Z7,0.315
A0A8B6RXQ7,0.315
A0A6D1ACI7,0.315
A0A2X1NCP4,0.313
A0A826XCR0,0.313
A0A6L7AA00,0.312
A0A2K4P2M3,0.312
A0A3L0W0I0,0.312
A0A444R3K6,0.311
A0A243ZM39,0.311
A0A6D1A7V7,0.311
A0A2X1N458,0.31
A0A0D8WCC2,0.31
A0A376LB79,0.31
A0A376LD67,0.31
A0A2H9EG58,0.31
A0A3L0W520,0.309
A0A418H7J6,0.309
A0A377CDX9,0.309
A0A3L0W7P4,0.309
A0A7U9LIZ4,0.309
A0A0E0Y0D4,0.309
A0A828PNT1,0.309
A0A376ZSB4,0.308
A0A0K3NHN2,0.308
A0A7H9LRP4,0.307
A0A377CU80,0.307
A0A037Y7J3,0.307
A0A376TZ70,0.307
A0A377BBY3,0.306
A0A1V2GB07,0.306
A0A138XAB2,0.306
A0A1X0YGV9,0.306
A0A3L0VWL2,0.305
A0A6N8QG34,0.305
A0A377CFX3,0.305
A0A826X2S1,0.305
A0A376LPX2,0.304
A0A377K6T0,0.304
A0A6D1ACH3,0.303
A0A3P1X0Y7,0.303
A0A484Y6M0,0.302
A0A836N6S5,0.302
A0A8B3MAN8,0.302
A0A418H381,0.301
A0A377K1U9,0.301
A0A0C2EQC9,0.301
A0A6C9EFK4,0.301
A0A376U7I8,0.301
A0A376LPU1,0.301
A0A3J6PFF7,0.3
A0A6D0IQ00,0.3
A0A377DYC2,0.3
A0A377BC52,0.299
A0A5C9AS00,0.299
A0A377D3H3,0.299
A0A377KEW9,0.299
A0A484YUI3,0.297
A0A5C8XTI6,0.297
A0A6L7CT12,0.297
A0A2X1Q9P4,0.296
A0A0K4LZ65,0.296
A0A2U2V8H5,0.296
A0A2G8ZZ27,0.296
A0A5P0JDR0,0.296
A0A376MRH0,0.296
A0A2K4P2N1,0.295
A0A6D1AEB5,0.295
A0A6L7CCP8,0.295
A0A377F6U1,0.295
A0A3L0W4G3,0.295
A0A4Y5QAR1,0.295
A0A2W6P2J3,0.295
A0A6D1AHF2,0.295
A0A7L5V711,0.295
A0A376VIZ6,0.294
A0A085P008,0.294
A0A377D9U1,0.294
A0A066RG62,0.294
A0A0E0Y099,0.294
A0A291FIZ6,0.293
A0A6L7CW09,0.293
A0A376K511,0.293
A0A0P7S0Y8,0.292
A0A6L7A4G3,0.292
A0A0H3EFE4,0.292
A0A1Y2XTU8,0.292
A0A485JM36,0.292
A0A5P0JE49,0.291
A0A2X5LHF3,0.291
A0A3Q0N4Z5,0.291
A0A400JLX2,0.291
A0A6N8R1E3,0.291
A0A3L0W1E9,0.291
A0A1X3J4H4,0.291
A0A0E0XY28,0.291
A0A376TFN3,0.29
A0A193LMM9,0.29
A0A061K9M9,0.29
A0A376TTF7,0.29
A0A6D1AC38,0.29
A0A6L6I0L3,0.289
A0A0Q3CLE3,0.289
A0A377C3E1,0.289
A0A2X1Q484,0.289
A0A376WVL4,0.289
A0A3P1XDU4,0.288
A0A7A6S3D7,0.288
A0A0K3K2S6,0.288
A0A377DGU6,0.288
A0A377DL12,0.288
A0A3Z9RSV0,0.288
A0A5C9AKC8,0.287
A0A192C8A9,0.287
A0A660HE48,0.287
A0A376X3V4,0.287
A0A828GHP9,0.287
A0A0J2DTH5,0.287
A0A2X3K5X9,0.287
A0A6D0ILV1,0.287
A0A6N8QMV9,0.287
A0A6D0IHA3,0.287
A0A0N9NKA3,0.287
A0A0E2L6C1,0.287
A0A1V2GDD8,0.287
A0A3L9GTZ1,0.286
A0A2X7SDE1,0.286
A0A5D1FL57,0.286
A0A2X1NXY0,0.286
A0A0M1U6A7,0.286
A0A0D8WDH4,0.285
A0A376ZV87,0.285
A0A1X3J8U4,0.285
A0A891ZW05,0.285
A0A3L0VW99,0.285
A0A2X5XTZ3,0.284
A0A3L2VIU0,0.284
A0A3S4P6M6,0.284
A0A376RI11,0.284
A0A6L7A1P7,0.284
A0A1X3I4A6,0.284
A0A3L0W3Z4,0.283
A0A376TXW7,0.283
A0A6D0INN3,0.283
A0A485JGW4,0.283
A0A376FMU7,0.283
A0A377K5R3,0.283
A0A3L0W8V5,0.282
A0A2A2CG82,0.282
A0A376TDD9,0.282
A0A376TWU9,0.282
A0A795GWG0,0.282
A0A891ZW14,0.282
A0A377BDE9,0.282
A0A6L9A9Z2,0.281
A0A377BR03,0.281
A0A6L4XQV5,0.281
A0A484WSV0,0.281
A0A3L9IGS5,0.281
A0A0K4ZM24,0.281
A0A418GZZ1,0.281
A0A2J7KU24,0.281
A0A223HH16,0.281
A0A376TLT6,0.28
A0A484Y607,0.28
A0A0K4MDU3,0.279
A0A376UCM6,0.279
A0A1X3ITP8,0.279
A0A3L0VS63,0.279
A0A377FEF9,0.279
A0A7U9AXF1,0.279
A0A377B746,0.278
A0A7D7I7V8,0.278
A0A0H3F3R3,0.278
A0A376YG21,0.278
A0A0F3UTU8,0.278
A0A0K4X5V4,0.278
A0A3L0V5Q4,0.278
A0A433GRN6,0.278
A0A0P7LKU6,0.278
A0A6D0EY53,0.277
A0A0H2V7S3,0.277
A0A3K0SH53,0.277
A0A2P9E0Y1,0.277
A0A1Q6AMZ2,0.277
A0A6D0IJK4,0.277
A0A2W6NRZ1,0.277
A0A377CY46,0.277
A0A418H0L4,0.277
A0A376X6H2,0.277
A0A0S3PNQ8,0.277
A0A2Z5VKQ1,0.277
A0A484YSQ0,0.277
A0A6N6WPL7,0.276
A0A2X1L353,0.276
A0A3L0W178,0.276
A0A2W6P1H1,0.276
A0A484VWT4,0.276
A0A1U9SSB5,0.276
A0A765T9K4,0.275
A0A2Y8K0E9,0.275
A0A5B9AQ12,0.275
A0A140N7L5,0.275
A0A403LFF5,0.275
A0A377CK74,0.275
A0A0P7M366,0.275
A0A377D9T4,0.275
A0A0A0GSX1,0.275
A0A377B6Y5,0.275
A0A377KAR6,0.275
A0A376VCC8,0.275
A0A6N8QQN0,0.275
A0A1V3VRK9,0.275
A0A0C5EKI3,0.275
A0A2K9RC23,0.274
A0A418H096,0.274
A0A6D0ICX7,0.274
A0A3L0VY76,0.274
A0A1X3HYM7,0.274
A0A3L0VXQ3,0.274
A0A418H8I2,0.273
A0A6N6WNE7,0.273
A0A376TU18,0.273
A0A061KTK7,0.273
A0A6D1AHE4,0.273
A0A6N8QPN8,0.272
A0A376MS63,0.272
A0A0H2V6Z6,0.272
A0A2X3JUK0,0.272
A0A192EMQ4,0.271
A0A2X3KEM2,0.271
A0A444RAK7,0.271
A0A3L0VUY1,0.271
A0A6D1AFN6,0.271
A0A0E0SRK8,0.271
A0A0E2LF31,0.271
A0A6L7CLV0,0.271
A0A8B3M904,0.271
A0A0A1A2B2,0.271
A0A384ZT92,0.27
A0A3T7ZLR3,0.27
A0A2H9A368,0.27
A0A142EB63,0.27
A0A2X1M4J8,0.27
A0A2K3TM82,0.27
A0A7U3LNW2,0.27
A0A376W9P3,0.27
A0A2R4KL77,0.269
A0A2P9E576,0.269
A0A1M0ZUA5,0.269
A0A0C5B026,0.269
A0A1B2RC50,0.269
A0A377F4W8,0.269
A0A2W6QVU8,0.269
A0A899NAD4,0.268
A0A765T9V0,0.268
A0A2H9EID3,0.268
A0A376L3Y9,0.268
A0A376ZS94,0.268
A0A1I7P2X3,0.268
A0A376PT03,0.268
A0A6C9EJ95,0.268
A0A376D3H0,0.268
A0A1Q6ARL5,0.268
A0A2X7HXS4,0.268
A0A2X3LPF7,0.267
A0A241QYV5,0.267
A0A827DZW6,0.267
A0A485JB75,0.267
A0A2X3KBF7,0.266
A0A377CC03,0.266
A0A377E450,0.266
A0A376X383,0.266
A0A376YHX0,0.266
A0A376LAF3,0.266
A0A376TEE4,0.266
A0A2H4TQ51,0.265
A0A3L0VUW2,0.265
A0A3L9HQG1,0.265
A0A2A2C597,0.265
A0A366YIP5,0.265
A0A085NYP4,0.265
A0A6N8NNM1,0.265
A0A2A6Q5A7,0.265
A0A0Q2YGG4,0.264
A0A484X0Z4,0.264
A0A376TM22,0.264
A0A5C9AN41,0.264
A0A485JK40,0.264
A0A192CA32,0.264
A0A6L7CDW3,0.263
A0A444R5N6,0.263
A0A3Y5Z724,0.263
A0A3L0W9F0,0.263
A0A0H3MNR8,0.263
A0A0M1UJU2,0.263
A0A829L5U6,0.262
A0A061YG93,0.262
A0A5C9ANI5,0.262
A0A3T9EIA8,0.262
A0A418GJL2,0.262
A0A2P9E0E4,0.262
A0A826X2T8,0.262
A0A6N8R954,0.262
A0A418GN96,0.262
A0A7U9ATL9,0.262
A0A7A9I6S6,0.261
A0A377A1W4,0.261
A0A376LHR8,0.261
A0A2X1QAF9,0.26
A0A0A7RS79,0.26
A0A376NT01,0.26
A0A485JQC4,0.26
A0A376L4F0,0.26
A0A2S8JUI3,0.26
A0A6D1A5P2,0.26
A0A3L0YF07,0.26
A0A3Z5QSH2,0.26
A0A377CX07,0.26
A0A5C9AJH2,0.259
A0A7D7PMJ5,0.259
A0A376VPF2,0.259
A0A377BB17,0.259
A0A2X1JZM7,0.259
A0A8B3M7L0,0.259
A0A6G9I3F3,0.259
A0A376W420,0.259
A0A0A6ZER0,0.259
A0A2A3WMW5,0.259
A0A4D6PMG9,0.259
A0A376VPD1,0.259
A0A0A6ZF58,0.259
A0A6N9S7P4,0.259
A0A1E5M0G4,0.258
A0A7U9LMS5,0.258
A0A828FYF9,0.258
A0A1X0YY22,0.258
A0A418GQX2,0.257
A0A2X3JH11,0.257
A0A0H3EIH3,0.257
A0A5B9AP93,0.257
A0A6D1AHX9,0.257
A0A827LU36,0.256
A0A377AM83,0.256
A0A418GAB4,0.256
A0A024L6Z2,0.256
A0A192CLU5,0.256
A0A6C9EH95,0.256
A0A376L8T1,0.256
A0A765TAF2,0.256
A0SY33,0.256
A0A484VTN8,0.255
A0A1L4IU17,0.255
A0A1M2GY93,0.255
A0A3L0X6K9,0.255
A0A0B0XRU7,0.255
A0A376L5J7,0.255
A0A377AIA3,0.254
A0A0M5K284,0.254
A0A3P5DJV7,0.254
A0A3L0YIK7,0.254
A0A376VK70,0.254
A0A3L0W025,0.254
A0A3L0W0U8,0.254
A0A376LDR5,0.253
A0A376VKZ9,0.253
A0A6C9EHY2,0.253
A0A2P9AY51,0.253
A0A2X1PEP0,0.253
A0A0B0VMC8,0.253
A0A0E1LKM1,0.253
A0A2T3TB45,0.253
A0A376TSA9,0.253
A0A2X7ABU5,0.252
A0A444RFN7,0.252
A0A2H4TYX0,0.252
A0A024KZ87,0.252
A0A376S9L0,0.252
A0A6D0IM44,0.252
A0A3L0W9T8,0.252
A0A1X3IYJ7,0.252
A0A0D8VFX6,0.252
A0A6G4NTD9,0.251
A0A0B1MVT8,0.251
A0A377CZ49,0.251
A0A0P7Q9T5,0.251
A0A484X9V4,0.251
A0A0J2BJP6,0.251
A0A3P1YHF4,0.25
A0A376TEZ6,0.25
A0A0J6DWH2,0.25
A0A6N8R173,0.25
A0A2X1N3D3,0.25
A0A222ATI6,0.25
A0A5N8HHJ6,0.25
A0A0D8W647,0.25
A0A376TRA9,0.25
A0A2B7QZB5,0.25
A0A641J3T3,0.25
A0A3L0W595,0.25
A0A376CUZ6,0.25
A0A6N8QPT0,0.25
A0A142EB32,0.25
A0A7L5V4H0,0.25
A0A5C9APM4,0.249
A0A061YF54,0.249
A0A826WKI1,0.249
A0A3L0W498,0.249
A0A2X1N0V1,0.249
A0A2H9GB55,0.249
A0A0B1FDW6,0.249
A0A024L9U4,0.249
A0A811AP09,0.249
A0A142EBA4,0.249
A0A377TDZ4,0.248
A0A2J0QCY4,0.248
A0A2Y0D1G3,0.248
A0A6N8RA46,0.248
A0A0B1N2H2,0.248
A0A3L0W703,0.248
A0A376YHR5,0.248
A0A426ER28,0.248
A0A660HED0,0.248
A0A0H0FFI6,0.248
A0A418GK91,0.247
A0A6D1P077,0.247
A0A6D0IJ03,0.247
A0A376LH74,0.247
A0A0D8W8I1,0.247
A0A2W6PCG8,0.247
A0A377B7Q3,0.247
A0A1M2I6A1,0.247
A0A376MVJ8,0.247
A0A826WYB4,0.247
A0A366YE55,0.246
A0A376VIA8,0.246
A0A1V2SY78,0.246
A0A484Y3J2,0.246
A0A2W6PAG6,0.246
A0A236F6N7,0.246
A0A0H2VCB7,0.246
A0A3L0W6T9,0.246
A0A485JC27,0.246
A0A377DKU9,0.246
A0A6N6WS27,0.246
A0A7A6M9S5,0.245
A0A376TLV9,0.245
A0A1B2RBR6,0.245
A0A061YJW3,0.245
A0A0D7YC32,0.245
A0A376LPL4,0.245
A0A377K5L3,0.245
A0A376P1W0,0.245
A0A830V6Q6,0.245
A0A484X7N5,0.245
A0A376LPV5,0.245
A0A0A8J7L1,0.244
A0A454AAH7,0.244
A0A1Y5CGZ0,0.244
A0A1V2GER2,0.244
A0A3L5H9E1,0.244
A0A0E1ITQ0,0.244
A0A7B3MP85,0.244
A0A376PWZ1,0.244
A0A2X1PVD2,0.244
A0A377C357,0.244
A0A444QZZ3,0.244
A0A2X7S910,0.244
A0A377CC16,0.244
A0A377DRK7,0.243
A0A192CLA1,0.243
A0A377EM81,0.243
A0A061KJ09,0.243
A0A2X3JRX0,0.243
A0A2X1MU52,0.243
A0A2K0QC96,0.243
A0A376S981,0.243
A0A776PQD0,0.243
A0A485JME0,0.243
A0A376MR82,0.242
A0A3P1WKQ7,0.242
A0A377BAH1,0.242
A0A3L0W1Q4,0.242
A0A376SB28,0.242
A0A0A8J5I5,0.242
A0A192CEH1,0.242
A0A6L9AA24,0.242
A0A0B0VAK8,0.242
A0A376MJJ7,0.242
A0A1M2NGK4,0.242
A0A6D1A903,0.242
A0A485JE00,0.241
A0A377K5W5,0.241
A0A1X3HWH0,0.241
A0A6D1AB56,0.241
A0A0A8J4N4,0.241
A0A377C1M9,0.241
A0A376W4Z3,0.241
A0A3Z6GEH8,0.241
A0A6N8QJS0,0.241
A0A376RKP8,0.241
A0A6L9DIJ3,0.241
A0A3K0WCW9,0.241
A0A418GGG6,0.241
A0A827QRM7,0.241
A0A484Z391,0.24
A0A1Q4PDS6,0.24
A0A0P7S4Y3,0.24
A0A826X5N2,0.24
A0A3P1X7R8,0.24
A0A166VX53,0.24
A0A377CGA7,0.24
A0A6N8NR51,0.24
A0A765X964,0.24
A0A376M1S4,0.24
A0A142EAW0,0.24
A0A377CIS4,0.239
A0A376RH89,0.239
A0A485JME7,0.239
A0A376KLQ1,0.239
A0A6G2B5B0,0.239
A0A0E0XX80,0.239
A0A3L0W4F3,0.239
A0A376SBI2,0.239
A0A2X1KZW9,0.239
A0A3K3RFK2,0.239
A0A192CEF3,0.238
A0A376WBW7,0.238
A0A418GK56,0.238
A0A2X9ZW47,0.238
A0A3L0VUC6,0.238
A0A345ENE3,0.238
A0A376KWU5,0.238
A0A5C8XS64,0.238
A0A0P7LI10,0.238
A0A377CWW9,0.238
A0A154CG34,0.238
A0A376Y3E9,0.238
A0A3L0W000,0.238
A0A377KDF0,0.238
A0A3L0W4V2,0.237
A0A1V2GMC5,0.237
A0A0A0GSP5,0.237
A0A024KZY3,0.237
A0A3Z6GE76,0.237
A0A3L0WW76,0.237
A0A192CL81,0.237
A0A854C257,0.237
A0A376KVN3,0.237
A0A3P1XWE7,0.237
A0A376X1W1,0.237
A0A768AAP2,0.237
A0A0B0UIA6,0.237
A0A4P8C3N4,0.237
A0A6D1AIC8,0.237
A0A193LP48,0.237
A0A899NCE9,0.236
A0A7L8KBN6,0.236
A0A369FFV9,0.236
A0A444QZU1,0.236
A0A376KMR9,0.236
A0A2X1KF70,0.236
A0A6D0DB32,0.236
A0A2Y8JKL7,0.235
A0A6H1PV23,0.235
A0A142CQP8,0.235
A0A797MBC3,0.235
A0A418GD71,0.235
A0A2T3TB75,0.235
A0A0H0GR28,0.235
A0A7H9NJQ4,0.235
A0A3R8JU03,0.235
A0A066SR84,0.235
A0A0E2L2Z2,0.235
A0A376XRS5,0.235
A0A377F5C9,0.235
A0A2H4TLX2,0.235
A0A1X3HYZ9,0.235
A0A0E0Y509,0.235
A0A447XYY6,0.235
A0A369FHF5,0.235
A0A377E4S7,0.235
A0A7T7GQ87,0.234
A0A0A1AF07,0.234
A0A0H2YXU1,0.234
A0A271U9L2,0.234
A0A377DGE5,0.234
A0A066RH77,0.234
A0A6D1ABU3,0.234
A0A444R3J2,0.234
A0A1V2GAV7,0.234
A0A376KVH4,0.234
A0A789M904,0.234
A0A376VTY4,0.234
A0A0E0Y5A7,0.234
A0A6G2B6F3,0.234
A0A6L7CNU0,0.234
A0A2X3K0V1,0.234
A0A376RBJ2,0.234
A0A2X1IVX9,0.234
A0A3L0W0Z3,0.234
A0A0A3TBZ2,0.234
A0A2H4TMY9,0.233
A0A6C7GZ12,0.233
A0A7U9AS66,0.233
A0A3R1BPU1,0.233
A0A0N8ITZ7,0.233
A0A418H5M4,0.233
A0A376LJU9,0.233
A0A4U9TPL1,0.233
A0A061L656,0.233
A0A7U9FVH9,0.233
A0A168TXJ6,0.233
A0A2H4TYV8,0.233
A0A377E007,0.233
A0A418GMY1,0.233
A0A5B9A6P5,0.233
A0A1X3HWG8,0.233
A0A444RBT5,0.233
A0A376Y4U8,0.232
A0A3P1X7Q4,0.232
A0A6D0IDA4,0.232
A0A7U9LL74,0.232
A0A3P1Y9A2,0.232
A0A775UN26,0.232
A0A3L0W7I7,0.232
A0A1X3I174,0.232
A0A2S0T0Z6,0.232
A0A3L0W6Z6,0.232
A0A376VKP1,0.232
A0A797M3N9,0.232
A0A066Q195,0.232
A0A0X5D1B8,0.232
A0A376MMW4,0.232
A0A2A2CG37,0.231
A0A376YJ08,0.231
A0A377DGS4,0.231
A0A769QQK0,0.231
A0A376LCI1,0.231
A0A3L9I4W9,0.231
A0A0P7KZQ4,0.231
A0A376LL26,0.231
A0A485JPP7,0.231
A0A066T2U1,0.23
A0A377AZ87,0.23
A0A2X9JZ50,0.23
A0A142EC52,0.23
A0A377CAS8,0.23
A0A6N6WRN7,0.23
A0A093GDC1,0.23
A0A2Y8MVT9,0.23
A0A2Y8KAW0,0.229
A0A3L0VWM7,0.229
A0A828TS71,0.229
A0A3L9G0K3,0.229
A0A6C9EEK6,0.229
A0A3L0Y9A2,0.229
A0A6C9EF24,0.229
A0A2P9E867,0.229
A0A3L9I316,0.229
A0A377MTL3,0.229
A0A376U4C3,0.229
A2TEL7,0.229
A0A2X1LDM0,0.229
A0A068B9C0,0.229
A0A168S618,0.229
A0A377D7E8,0.228
A0A6G4CJA5,0.228
A0A376MVM6,0.228
A0A811APR0,0.228
A0A1B1IKR0,0.228
A0A2U9LF24,0.228
A0A6D1AIY6,0.228
A0A229ALM1,0.228
A0A376LM65,0.228
A0A0E1SVW9,0.228
A0A811ARH0,0.228
A0A376TXU2,0.228
A0A377KBQ9,0.228
A0A377CBE3,0.228
A0A5C9A7P8,0.227
A0A377DK83,0.227
A0A7A3BVJ4,0.227
A0A418GXV5,0.227
A0A3L0W927,0.227
A0A0U4UUC6,0.227
A0A826TXG1,0.226
A0A376UFZ3,0.226
A0A6C9EFY1,0.226
A0A2X1KGH0,0.226
A0A376LPV3,0.226
A0A6C9EFL5,0.226
A0A6C7H5C5,0.226
A0A2L0J4K3,0.225
A0A376KY62,0.225
A0A3L0W2L6,0.225
A0A444RD30,0.225
A0A5B9SX59,0.225
A0A1U9XGW3,0.225
A0A3L0W242,0.225
A0A3L9HJA2,0.225
A0A376HE33,0.225
A0A6C9EFA8,0.225
A0A6L7CNH9,0.225
A0A085NW80,0.225
A0A376LK30,0.225
A0A0H2V440,0.225
A0A6M1DKC1,0.224
A0A2X3A8M2,0.224
A0A2X3JMK0,0.224
A0A2S8JVK5,0.224
A0A066T9Q8,0.224
A0A3P5DJZ0,0.223
A0A376LRS4,0.223
A0A418GIU5,0.223
A0A836N9X6,0.223
A0A7U5TH14,0.223
A0A376HGN8,0.223
A0A6N8NP93,0.223
A0A2X1Q7K7,0.223
A0A6N9SGF2,0.223
A0A377CBE2,0.223
A0A6N6WRG2,0.223
A0A3P1XXQ5,0.223
A0A0D8WAG7,0.223
A0A376KP09,0.223
A0A418GPY5,0.222
A0A2X1N0B2,0.222
A0A376KWG9,0.222
A0A377DXI9,0.222
A0A3L0VSD1,0.222
A0A3T3ZUR7,0.222
A0A377BY10,0.222
A0A142CQG6,0.222
A0A2W6PH68,0.222
A0A6C9EIN5,0.222
A0A376TJU7,0.222
A0A2X3K416,0.221
A0A376LGK6,0.221
A0A3L0W5C6,0.221
A0A4T3LCQ9,0.221
A0A377AIG3,0.221
A0A2X1NED0,0.221
A0A0H3PL99,0.221
A0A077K629,0.221
A0A6G4JYL2,0.221
A0A5C8XU88,0.22
A0A377AAW7,0.22
A0A2L1KU59,0.22
A0A2L1F4M2,0.22
A0A6L6ZQ77,0.22
A0A3K0UJT6,0.22
A0A5P0JJX4,0.22
A0A1V3VS82,0.219
A0A376L6Z4,0.219
A0A0P7ME42,0.219
A0A376TE79,0.219
A0A2X3KGF1,0.219
A0A1V2GC37,0.219
A0A7U5TGZ2,0.219
A0A2I6J7X4,0.219
A0A0K4B5E9,0.219
A0A376W6L8,0.219
A0A066RL98,0.219
A0A376ZXB1,0.219
A0A3P5DQL1,0.219
A0A6L7CSC9,0.219
A0A142EBA3,0.218
A0A3L0VV42,0.218
A0A376MRW2,0.218
A0A779UJQ0,0.218
A0A6D1AD27,0.218
A0A3L0W1A4,0.218
A0A0B1KCS9,0.218
A8CFK1,0.218
A0A6D0Y9T8,0.218
A0A0K0N3N2,0.218
A0A376JXU9,0.218
A0A7G2KGL5,0.218
A0A376LB82,0.218
A0A0C5PL43,0.218
A0A3Z6GBW9,0.218
A0A3L0VZC4,0.217
A0A3G4RR39,0.217
A0A377E0N0,0.217
A0A6L7CKQ9,0.217
A0A853K8B9,0.217
A0A376TR75,0.217
A0A0C2DET7,0.217
A0A8B3M3X9,0.217
A0A6D0IDK6,0.217
A0A7U5TH04,0.217
A0A3L0VTJ3,0.216
A0A6D0IEN7,0.216
A0A1Q9L7E5,0.216
A0A023LJH2,0.216
A0A1V2FWG4,0.216
A0A0N8ITJ0,0.216
A0A1X3ITR7,0.216
A0A6G4CKK8,0.216
A0A193LSZ6,0.216
A0A5C9AHY3,0.216
A0A1V2GJ40,0.216
A0A377BR20,0.216
A0A3S7R4Q5,0.216
A0A6N6WRQ5,0.216
A0A5C9ACB9,0.216
A0A0E0Y355,0.216
A0A376KQ54,0.216
A0A2X1N9J7,0.216
A0A6D0IJ89,0.216
A0A0C5EHT7,0.216
A0A827Q4A1,0.215
A0A5C9ACE2,0.215
A0A6G9I2M4,0.215
A0A3L9G7C7,0.215
A0A2Z5TIG2,0.215
A0A7U9FTP0,0.215
A0A2X3K058,0.215
A0A148HW52,0.215
A0A418GKV8,0.215
A0A0K4D2K9,0.215
A0A1X9TKW3,0.215
A0A2X1NFA9,0.215
A0A377AIS1,0.214
A0A811AP83,0.214
A0A1Q6AW89,0.214
A0A377CD16,0.214
A0A376LP83,0.214
A0A376U270,0.214
A0A6D0IDL8,0.214
A0A2Y8KRY0,0.214
A0A0D8WND3,0.214
A0A3L0VX12,0.214
A0A376KWD4,0.214
A0A7U9NZ30,0.213
A0A1X3I2Y5,0.213
A0A376RKC8,0.213
A0A2X1MGT3,0.213
A0A0P7NNK6,0.213
A0A2S8JIV5,0.213
A0A2D0B4N7,0.213
A0A2X1LQF5,0.213
A0A418HA10,0.213
A0A376NSM1,0.213
A0A5C9AAF0,0.213
A0A2H9DQB5,0.213
A0A377CD93,0.213
A0A3L0VSQ3,0.213
A0A066SSV4,0.213
A0A0H2V8F0,0.213
A0A376WKU7,0.212
A0A3L0WXG8,0.212
A0A418H864,0.212
A0A2P9E099,0.212
A0A376MWU4,0.212
A0A066Q188,0.212
A0A3L0VVH2,0.212
A0A192EP96,0.212
A0A2X1MY91,0.212
A0A6N6WQV4,0.212
A0A024L8K7,0.212
A0A2X3LNB5,0.212
A0A826U1I0,0.212
A0A484WRL7,0.212
A0A0K4ANY0,0.211
A0A2H9EHG5,0.211
A0A0K4UL95,0.211
A0A3G4RXE3,0.211
A0A2H5MGJ3,0.211
A0A447Y174,0.211
A0A0B1MSP7,0.211
A0A5C9AHT0,0.211
A0A1P8YR30,0.211
A0A0A8KB99,0.211
A0A232Q2J0,0.211
A0A3L0VSR8,0.21
A0A484YCU0,0.21
A0A5C9ACN9,0.21
A0A0A0GUD3,0.21
A0A377DQ20,0.21
A0A162NWS7,0.21
A0A2X1KCY6,0.21
A0A6C9EHP1,0.21
A0A2X1JLA6,0.21
A0A4C3R740,0.21
A0A376VXX8,0.21
A0A2W6P4I8,0.21
A0A137CI28,0.21
A0A0E1TAY4,0.21
A0A2X3LRW7,0.21
A0A6G8F8Q0,0.209
A0A6C9EJ37,0.209
A0A2S8JIY8,0.209
A0A6D0IEH5,0.209
A0A2X7MVB6,0.209
A0A6D1ABB7,0.209
A0A1U9XD56,0.209
A0A6D1ADE7,0.209
A0A376LK06,0.208
A0A210BJV1,0.208
A0A0J3VGG0,0.208
A0A7A3BLI8,0.208
A0A418GL66,0.208
A0A2L0J474,0.208
A0A0A0GUB4,0.208
A0A2H4TV44,0.208
A0A376L1L3,0.208
A0A775UQ56,0.208
A0A377DJC9,0.208
A0A890DCD6,0.208
A0A827GJT1,0.208
A0A6D0P6L9,0.208
A0A6C9EIS0,0.207
A0A376TZ22,0.207
A0A376IY74,0.207
A0A377B9C8,0.207
A0A0B1CI48,0.207
A0A7A6ZBU5,0.207
A0A377MSY9,0.207
A0A3I9QKT4,0.207
A0A3L0W3N3,0.207
A0A3S4P632,0.207
A0A0A7Y3G5,0.207
A0A376W1I9,0.207
A0A376VD10,0.207
B1IQX3,0.207
A0A6C9EFB5,0.207
A0A2U2V5G6,0.207
A0A376TQZ4,0.206
A0A418H0W2,0.206
A0A066SZ49,0.206
A0A2X1KVR4,0.206
A0A5C9A9W0,0.206
A0A1X3I4E0,0.206
A0A0H2V4I0,0.206
A0A377DPM0,0.206
A0A191T963,0.205
A0A6N6WSA4,0.205
A0A377EDP3,0.205
A0A376ZLR1,0.205
A0A899NJ39,0.205
A0A4P8C2I9,0.205
A0A3P1XLK5,0.205
A0A377B670,0.205
A0A0Q3A3X0,0.205
A0A2A6Q9D5,0.205
A0A376VTL4,0.205
A0A0A3TKK8,0.205
A0A0D8VWZ6,0.205
A0A828HQV4,0.205
A0A444RET5,0.205
A0A6D1AEU3,0.205
A0A343J0D9,0.205
A0A7L8K9W5,0.205
A0A2X1MCS1,0.204
A0A376W737,0.204
A0A192CLA2,0.204
A0A2X1MXV0,0.204
A0A7U9FVQ3,0.204
A0A418GS60,0.204
A0A0P7PEH2,0.204
A0A376JCH8,0.204
A0A2X1LDG3,0.204
A0A2X3J9N6,0.204
A0A418HAG6,0.204
A0A377HD94,0.204
A0A827GGS1,0.204
A0A6D0IM07,0.204
A0A418H744,0.204
A0A827QAB6,0.204
A0A376KME5,0.204
A0A376S9Y2,0.204
A0A827QUF5,0.204
A0A3L2WP00,0.204
A0A8B3M9N3,0.204
A0A377BSK2,0.203
A0A2X3KFI1,0.203
A0A2X1NC74,0.203
A0A5C9ADN9,0.203
A0A899NE43,0.203
A0A1V1FYG5,0.203
A0A2X1P189,0.203
A0A377NP93,0.203
A0A066T1N1,0.203
A0A777VZ22,0.203
A0A0D8WIJ0,0.203
A0A2A7M225,0.203
A0A1A9PE73,0.203
A0A6C9EHR5,0.203
A0A485JCI4,0.203
A0A376YL56,0.203
A0A779UR20,0.203
A0A7U9AS58,0.203
A0A0N7EIN6,0.202
A0A3L0W420,0.202
A0A6N8NSH3,0.202
A0A2X1KQ46,0.202
A0A066SNN8,0.202
A0A3L0VT25,0.202
A0A6G4NSM4,0.202
A0A376MW06,0.202
A0A2I6JMD4,0.202
A0A6C9EI45,0.202
A0A377D5S6,0.202
A0A1M0ZH65,0.202
A0A0A1A819,0.201
A0A377BMJ8,0.201
A0A828GE81,0.201
A0A376K7J3,0.201
A0A0E1T3J5,0.201
A0A6J4ELX4,0.201
A0A377F5X5,0.201
A0A085PBA4,0.201
A0A3R0ZV01,0.201
A0A5N3D7D6,0.201
A0A0B0VMX0,0.201
A0A377DI65,0.201
A0A377BCJ5,0.201
A0A0E0Y5B6,0.201
A0A2A2C662,0.201
A0A6D0KKQ9,0.201
A0A1B2RBK9,0.2
A0A3L0W0R5,0.2
A0A1V3VHU2,0.2
A0A377DAR4,0.2
A0A417ZP83,0.2
A0A2T3RZW6,0.2
A0A3L0X335,0.2
A0A376VXS6,0.2
A0A2U2UEJ5,0.2
A0A6D1A6A1,0.2
A0A3P1WQ22,0.2
A0A2R4KL88,0.2
A0A6D1AIX1,0.2
A0A3L0VSM0,0.2
A0A0K4D2Z4,0.2
A0A5P0JJM7,0.2
A0A3L0WWA7,0.2
A0A377BZC5,0.2
A0A6D0ILY3,0.2
A0A3L0VXV7,0.2
A0A377B8U8,0.2
A0A3L9GLX2,0.199
A0A3L9EGB6,0.199
A0A220IU79,0.199
A0A6C8SWT4,0.199
A0A2X1JGE7,0.199
A0A2X1LVZ2,0.199
A0A2X3JM82,0.199
A0A6N8QGP3,0.199
A0A2A2BRJ9,0.199
A0A2X3JY26,0.199
A0A3L9HKN1,0.199
A0A447XAG3,0.199
A0A0U3BIF0,0.199
A0A3L0W0G4,0.199
A0A264Q4W5,0.199
A0A0C2AWU6,0.199
A0A6D1AD46,0.199
A0A377E2R3,0.198
A0A7H9NHB4,0.198
A0A1M2NBZ3,0.198
A0A376MXJ8,0.198
A0A2X1MU78,0.198
A0A377DBZ5,0.198
A0A484X8Q3,0.198
A0A6D0F5L3,0.198
A0A0C5B0S2,0.198
A0A6N3ELB1,0.198
A0A376UNM9,0.198
A0A3L0W4T9,0.198
A0A0L7AIG1,0.198
A0A5B9ASQ4,0.198
A0A377DMX1,0.198
A0A376KRI3,0.198
A0A376MIF0,0.197
A0A418GYE2,0.197
A0A2P9E303,0.197
A0A7A6JY26,0.197
A0A376WAW7,0.197
A0A3S4JS11,0.197
A0A418H9F3,0.197
A0A3V0Y8Y4,0.197
A0A376Y7Q5,0.197
A0A3L0X1W9,0.197
A0A0B1IQI0,0.197
A0A376NT55,0.197
A0A444R3H5,0.197
A0A6D0DSP3,0.196
A0A376WU29,0.196
A0A6G1XQF8,0.196
A0A377DDP8,0.196
A0A0K3WF67,0.196
A0A0E0XX02,0.196
A0A7A2XWT2,0.196
A0A3P1XNZ5,0.196
A0A2S8JPP2,0.196
A0A1X9TP52,0.196
A0A6N8MCZ2,0.196
A0A2X1J0A3,0.196
A0A0A3TSD3,0.196
A0A1X3I4V6,0.196
A0A828GG53,0.196
A0A3L0VVC1,0.196
A0A377DY96,0.196
A0A484WSN6,0.196
A0A7T7GQ73,0.196
A0A162MC19,0.196
A0A4Y5T9U2,0.196
A0A140JXE0,0.196
A0A2W8GJ64,0.196
A0A2R4AB38,0.196
A0A377BAN3,0.195
A0A3L9IH43,0.195
A0A0H2VF64,0.195
A0A0F5GQV4,0.195
A0A061YNH1,0.195
A0A899NCB3,0.195
A0A376L351,0.195
A0A0A2P1B5,0.195
A0A2X3JU35,0.195
A0A376UFV8,0.195
A0A377JY13,0.195
A0A377BPH4,0.195
A0A2U2VAN3,0.195
A0A376ZE21,0.194
A0A1W6AS15,0.194
A0A1P8VMV6,0.194
A0A447X6A7,0.194
A0A0P7NTY1,0.194
A0A6D1B3B8,0.194
A0A0H2YZE9,0.194
A0A3L0VY69,0.194
A0A6D0DA81,0.194
A0A3L9IDE0,0.194
A0A2K3TLW5,0.194
A0A6L7CT67,0.194
A0A7D5K048,0.194
A0A376Y7V9,0.194
A0A1U9XF05,0.194
A0A0E0XUS1,0.194
A0A6N8QJG7,0.193
A0A418GS09,0.193
A0A3T0VBZ2,0.193
A0A6D0IMV0,0.193
A0A376RKB0,0.193
A0A3P1YDY8,0.193
A0A0J8X244,0.193
A0A7G2KGS2,0.193
A0A037YJM8,0.193
A0A5C9AFG2,0.193
A0A0E0Y5U4,0.193
A0A1C7CYM4,0.193
A0A6N6WN89,0.193
A0A0H3PQJ6,0.193
A0A6D1A8C6,0.193
A0A137CQL7,0.193
A0A6C9EIT1,0.193
A0A376JYK5,0.193
A0A3Q0MTN1,0.193
A0A376RHJ3,0.193
A0A3L0W270,0.193
A0A2X3M3T2,0.193
A0A0D8WGW3,0.192
A0A377D1B5,0.192
A0A776J6E1,0.192
A0A193LMW0,0.192
A0A3L0W603,0.192
A0A3L0YGV9,0.192
A0A3L0W2H4,0.192
A0A377DSS8,0.192
A0A6C9EIZ8,0.192
A0A377JXX3,0.192
A0A6D1A8M0,0.192
A0A828P734,0.192
A0A376MT52,0.192
A0A136WKW0,0.192
A0A826TXP7,0.192
A0A0E0XV62,0.192
A0A1M2P2X6,0.192
A0A6C9QK53,0.192
A0A826Y181,0.192
A0A376L0Z1,0.192
A0A2X1MYF2,0.191
A0A0A0FM21,0.191
A0A376TT00,0.191
A0A193LTR7,0.191
A0A853W8Y9,0.191
A0A0B0STW0,0.191
A0A1C0Y181,0.191
A0A376MRC3,0.191
A0A376TK74,0.191
A0A2X1NC35,0.191
A0A2X7EXA6,0.191
A0A377DUV5,0.191
A0A2K3TWH5,0.191
A0A343J159,0.191
A0A140WYW7,0.191
A0A376TH48,0.191
A0A3S4JVB0,0.191
A0A1X3I4D6,0.191
A0A0K4VJ69,0.19
A0A0K3QHA9,0.19
A0A377LLF7,0.19
A0A4P8BV05,0.19
A0A899NDD9,0.19
A0A376TF73,0.19
A0A376WV43,0.19
A0A3L0W0M3,0.19
A0A4D6PHP6,0.19
A0A3L0Y926,0.19
A0A2T1LAC2,0.19
A0A6L7CAH5,0.19
A0A376N0W0,0.19
A0A1V2GH71,0.19
A0A765T8U2,0.19
A0A066Q821,0.19
A0A2K0QC05,0.19
A0A478GM38,0.19
A0A2A2CG87,0.19
A0A7U5YWQ9,0.189
A0A377DM21,0.189
A0A377HF71,0.189
A0A418H427,0.189
A0A1X3HWF3,0.189
A0A828P1W5,0.189
A0A160HQJ0,0.189
A0A377B8N4,0.189
A0A376LNC2,0.189
A0A6C7CYS7,0.189
A0A6G9HHW4,0.189
A0A3L0W6C6,0.189
A0A0E0XVA2,0.189
A0A485JLW8,0.188
A0A376TT53,0.188
A0A6S6LJ80,0.188
A0A376LJC1,0.188
A0A377E2L0,0.188
A0A5C9AIJ8,0.188
A0A377CAL3,0.188
A0A0K4D017,0.188
A0A376SDS6,0.188
A0A829L093,0.188
A0A6G4JZI5,0.188
A0A6N8NSQ6,0.188
A0A2K4P2M6,0.188
A0A2A6QCX2,0.188
A0A2X1NAC0,0.188
A0A7A6JYQ6,0.188
A0A376YJI8,0.188
A0A377CZR5,0.188
A0A376NR78,0.188
A0A3L0Y7H3,0.188
A0A376TCL1,0.188
A0A7B1PZU0,0.188
A0A3P1XQK1,0.188
A0A377L8A2,0.187
A0A7A6ZUD4,0.187
A0A192CEE6,0.187
A0A6D0ILL0,0.187
A0A085P3J8,0.187
A0A3U1V6G9,0.187
A0A418H719,0.187
A0A6G4JZY2,0.187
A0A376VDW6,0.187
A0A1X3I5A2,0.187
A0A0P7LXU0,0.187
A0A484VTD2,0.187
A0A4D6PE35,0.187
A0A6D1A929,0.187
A0A1X3IVS9,0.186
A0A376L8D4,0.186
A0A484WQZ6,0.186
A0A376HGW5,0.186
A0A6M1DJX9,0.186
A0A7G5F473,0.186
A0A7H9SIA2,0.186
A0A377AJ69,0.186
A0A6L7CUL8,0.186
A0A826X329,0.186
A0A1L4IUC8,0.186
A0A3P1X574,0.186
A0A484X365,0.186
A0A0L7ANC5,0.186
A0A241QV67,0.186
A0A376P1M1,0.186
A0A024L6H5,0.186
A0A6N8QJT7,0.185
A0A223DR27,0.185
A0A5C9A878,0.185
A0A2A7M713,0.185
A0A5B9AK16,0.185
A0A377BC10,0.185
A0A7H9SKT7,0.185
A0A2X1JZK0,0.185
A0A3L0VX24,0.185
A0A3L0VTV1,0.185
A0A827FSK8,0.185
A0A891ZWD1,0.185
A0A6L6I0G5,0.185
A0A2S1ZC01,0.185
A0A5Q7KZ74,0.185
A0A8B3M746,0.184
A0A811ARM7,0.184
A0A2X1N0S9,0.184
A0A376KPL4,0.184
A0A6C9EI85,0.184
A0A418H6Q3,0.184
A0A377DPL9,0.184
A0A2K3TYP9,0.184
A0A1X3IBH8,0.184
A0A2P9EDV3,0.184
A0A3L0VVU8,0.184
A0A811ARZ9,0.184
A0A377AK53,0.184
A0A376U323,0.184
A0A6D1AHX2,0.184
A0A2P4S078,0.184
A0A069FFZ3,0.184
A0A793Y0L8,0.184
A0A7D7KFN8,0.184
A0A377AEY0,0.184
A0A2X1LK20,0.184
A0A2X3LKS2,0.184
A0A2S1FRN3,0.183
A0A5C9AS31,0.183
A0A0A7Y2T0,0.183
A0A775TLN4,0.183
A0A6L7CLC1,0.183
A0A0P7LCM9,0.183
A0A418H792,0.183
A0A2X3K4X1,0.183
A0A1Q9L3K7,0.183
A0A376U0S7,0.183
A0A2X1KUQ5,0.183
A0A6D0G0G3,0.183
A0A1U9SSL0,0.183
A0A444R634,0.183
A0A376S7C8,0.183
A0A6D1ACA9,0.183
A0A3S4K106,0.183
A0A5P0JEZ4,0.183
A0A0P7LSG2,0.183
A0A6C9EGG4,0.183
A0A377K9Y4,0.183
A0A377DEX0,0.182
A0A0D8WK33,0.182
A0A5C9AE44,0.182
A0A3P1XUM3,0.182
A0A376W8W6,0.182
A0A0A6RVF2,0.182
A0A7L8KAQ8,0.182
A0A811APK0,0.182
A0A6N6WN65,0.182
A0A4U9TKU4,0.182
A0A3L1EKZ7,0.182
A0A6C9EHP5,0.182
A0A826J6A7,0.182
A0A0B1MR45,0.182
A0A6C9EHC4,0.182
A0A085NVV1,0.182
A0A0P7LHK3,0.182
A0A377DW00,0.182
A0A5N8HKS4,0.182
A0A485JD41,0.182
A0A3L0VYI2,0.182
A0A0H2YYL9,0.182
A0A484Y846,0.182
A0A2Y8MPE3,0.182
A0A7H1KUC1,0.182
A0A1M1NF00,0.181
A0A3L0W0B1,0.181
A0A4D0HW06,0.181
A0A3L3R6U0,0.181
A0A2X1JFL4,0.181
A0A7L8KAA5,0.181
A0A2X3KME4,0.181
A0A7H9NE88,0.181
A0A376H805,0.181
A0A0P7MA68,0.181
A0A377KBG5,0.181
A0A2X1KHD6,0.181
A0A376REJ3,0.181
A0A066R4N0,0.181
A0A4Y8FYU7,0.181
A0A660HDY6,0.181
A0A0C2AK56,0.181
A0A376VM80,0.181
A0A1X3HXX1,0.181
A0A376RC32,0.181
A0A3L0VZE2,0.181
A0A6L7CD27,0.181
A0A827Q6U6,0.181
A0A376S8Q6,0.181
A0A484X633,0.18
A0A077K4A4,0.18
A0A0B1MYR8,0.18
A0A0E2L1K2,0.18
A0A0K4HRM4,0.18
A0A376MS07,0.18
A0A1D7QAE9,0.18
A0A6C9EFG6,0.18
A0A5C9AAH9,0.18
A0A3L0W7A7,0.18
A0A0H0J0X0,0.18
A0A1X3JFW6,0.18
A0A827HPJ5,0.18
A0A444R1Y6,0.18
A0A6D1A7U9,0.18
A0A828P9H1,0.179
A0A1L4J0W1,0.179
A0A376X155,0.179
A0A2X1KDQ9,0.179
A0A376ZM01,0.179
A0A6N6WNV0,0.179
A0A376D193,0.179
A0A7H4YGD5,0.179
A0A3L0W1E6,0.179
A0A376NVX0,0.179
A0A6L6I728,0.179
A0A376KVH7,0.179
A0A376W6L6,0.179
A0A418H8L1,0.179
A0A192C9I4,0.179
A0A0M5X0G7,0.179
A0A0L6HLK2,0.179
A0A376HAX9,0.179
A0A418GSC6,0.179
A0A0K3PC77,0.178
A0A3L0VXM4,0.178
A0A0H2Z196,0.178
A0A0A1AAJ1,0.178
A0A418H3B4,0.178
A0A5C9ADA1,0.178
A0A376JZH3,0.178
A0A899NE34,0.178
A0A3J1H3D0,0.178
A0A2P9AY37,0.178
A0A7A2XYM3,0.178
A0A0J8X116,0.178
A0A0L1BW71,0.178
A0A2X3KFY2,0.178
A0A7G2KHN1,0.178
A0A4T8KX49,0.178
A0A376LED7,0.178
A0A484YIW4,0.178
A0A376YIQ9,0.177
A0A5C9AJU6,0.177
A0A377K8A8,0.177
A0A376YFY7,0.177
A0A811ARP1,0.177
A0A2X1LZ80,0.177
A0A7L9DFD2,0.177
A0A376LM44,0.177
A0A0S3PMZ8,0.177
A0A376KLR5,0.177
A0A376SBM3,0.177
A0A3L0W654,0.177
A0A6N8QQ73,0.177
A0A377LC69,0.177
A0A1X3J0K4,0.177
A0A376LSB6,0.177
A0A6D1ADD6,0.176
A0A0F3WIT3,0.176
A0A2A2CIN0,0.176
A0A0D8WAS9,0.176
A0A418GAV4,0.176
A0A3S4K950,0.176
A0A0K3IT23,0.176
A0A3L0YDU4,0.176
A0A376U3R6,0.176
A0A1X3JIZ6,0.176
A0A0C2ALP7,0.176
A0A2R4AHQ0,0.176
A0A066T3L9,0.176
A0A377LF62,0.176
A0A1V2GJG9,0.176
A0A418H9C4,0.176
A0A484X559,0.176
A0A0H3PX73,0.176
A0A377LIW7,0.176
A0A376LNU9,0.176
A0A6D0IJT1,0.176
A0A6N6WR70,0.176
A0A2X1N4V4,0.176
A0A0H2Z1B8,0.175
A0A5C9A9Q8,0.175
A0A3Y4Y8I0,0.175
A0A6C9EI72,0.175
A0A376KRA3,0.175
A0A0E1T500,0.175
A0A085P7G0,0.175
A0A377F6S6,0.175
A0A3L0W424,0.175
A0A085PBL1,0.175
A0A376LKS6,0.175
A0A2I8SG99,0.175
A0A376TS25,0.175
A0A3L0W4R3,0.175
A0A377KD71,0.175
A0A376ZLF3,0.175
A0A6D0IJM6,0.175
A0A376MIF7,0.175
A0A3L0VWV9,0.175
A0A376RB72,0.175
A0A3L0W6I5,0.175
A0A7H9NEB4,0.175
A0A828NRL1,0.175
A0A4C9H5X1,0.175
A0A1X3ICG7,0.175
A0A066SZ22,0.175
A0A376KLA9,0.175
A0A1X3I477,0.175
A0A6D0IPS7,0.174
A0A377HFJ5,0.174
A0A0E1T9K5,0.174
A0A0C5EI99,0.174
A0A2H4TWA6,0.174
A0A2X1QBY1,0.174
A0A2X1PEW2,0.174
A0A0E2LFQ2,0.174
A0A828HFC1,0.174
A0A6D1AJD1,0.174
A0A771TKM3,0.174
A0A899NFG8,0.174
A0A7D7D2D9,0.174
A0A376YNK3,0.174
A0A376W960,0.174
A0A0H2V6M0,0.174
A0A077K4E3,0.173
A0A7U9NXL0,0.173
A0A0L1BFS7,0.173
A0A2X3KBU1,0.173
A0A3Q8G498,0.173
A0A3L0VRY7,0.173
A0A3L0X4N4,0.173
A0A2K1RIV8,0.173
A0A828U8E3,0.173
A0A0K3SG93,0.173
A0A0E1TBG6,0.173
A0A6D1ACC9,0.173
A0A484WPE1,0.173
A0A0M1TRA6,0.173
A0A1M2QY16,0.173
A0A6C9EHF6,0.173
A0A2A6Q078,0.172
A0A376YMB3,0.172
A0A5P0JJ42,0.172
A0A376Y9M5,0.172
A0A829L3J3,0.172
A0A2X1MWI3,0.172
A0A484X439,0.172
A0A1M0CVL9,0.172
A0A2G4AGR5,0.172
A0A1X9TPC8,0.172
A0A6D0IIM8,0.172
A0A6D0KRF6,0.172
A0A418H662,0.172
A0A0A0H0L5,0.172
A0A3L0VYV1,0.172
A0A376LAD8,0.172
A0A271U8M9,0.172
A0A3Q8VKV4,0.172
A0A376ZYS6,0.172
A0A799MG61,0.172
A0A024L017,0.172
A0A376NTH7,0.172
A0A192CIG0,0.171
A0A403QX60,0.171
A0A5C9AV19,0.171
A0A3L0YB62,0.171
A0A061KM32,0.171
A0A229AJ07,0.171
A0A3L0VTC2,0.171
A0A7H9QW97,0.171
A0A191T934,0.171
A0A2H9G3M9,0.171
A0A6N8R4X3,0.171
A0A3Z9ZJB3,0.171
A0A376PRV8,0.171
A0A0A0GX78,0.171
A0A3G4RPR6,0.171
A0A1X3ISK6,0.171
A0A061YEK6,0.171
A0A0N8IUH1,0.171
A0A418H785,0.171
A0A377DGK6,0.17
A0A485JAG2,0.17
A0A1L5JM34,0.17
A0A377C1S2,0.17
A0A3V0YA55,0.17
A0A0A3TV37,0.17
A0A376L1D8,0.17
A0A377D0D6,0.17
A0A6G6ALM1,0.17
A0A376RR34,0.17
A0A1U9XG39,0.17
A0A2X1JBM8,0.17
A0A6D0INE1,0.17
A0A376X4N3,0.17
A0A4T3U5D5,0.17
A0A2K3TNH3,0.17
A0A376MPP4,0.17
A0A1X9TP23,0.17
A0A377BCC4,0.17
A0A0K3XXT1,0.17
A0A0K3Z2N1,0.17
A0A0E0XUH8,0.17
A0A3P1YCQ1,0.17
A0A6G4C821,0.17
A0A0K6A7M8,0.17
A0A2X3JBH8,0.169
A0A797I2W2,0.169
A0A3L0WCI2,0.169
A0A417ZP65,0.169
A0A0B1I4M2,0.169
A0A066R5K8,0.169
A0A6D1ACH6,0.169
A0A376RGA9,0.169
A0A7A6YPR5,0.169
A0A6D1AI35,0.169
A0A0E0SRL5,0.169
A0A085NY20,0.169
A0A6D1A8M1,0.169
A0A376Y678,0.169
A0A811ASI4,0.169
A0A066RAR0,0.169
A0A418H4N3,0.169
A0A376VTB4,0.169
A0A376W3J4,0.169
A0A377E4V2,0.169
A0A3L0W0K7,0.169
A0A2R4ADZ1,0.169
A0A788JFB3,0.169
A0A899NEN2,0.169
A0A3K4FCD1,0.169
A0A6D0IET6,0.169
A0A377BLW2,0.169
A0A3P5DLG1,0.168
A0A6D0ZVN2,0.168
A0A3Z6GRV1,0.168
A0A1J1DXQ8,0.168
A0A1C7CW71,0.168
A0A3Z9CR04,0.168
A0A6N8RC18,0.168
A0A0H3ES48,0.168
A0A3K3SLI8,0.168
A0A0E0Y656,0.168
A0A0H2YYU2,0.168
A0A2X3LRP2,0.168
A0A3L0VXZ0,0.168
A0A0C5PJ50,0.168
A0A376W8K6,0.168
A0A376RHM7,0.168
A0A376UA37,0.168
A0A377DIM8,0.168
A0A0C5F845,0.168
A0A377K5X9,0.168
A0A0C5AXC7,0.168
A0A8B3MA43,0.168
A0A6D0IJY1,0.168
A0A3A6SFL3,0.168
A0A418H4Q8,0.168
A0A0A0GXF3,0.168
A0A5C9ABD6,0.167
A0A6N8NMB7,0.167
A0A0E3KIG7,0.167
A0A376U0Z4,0.167
A0A1X9QD97,0.167
A0A376MI89,0.167
A0A376YFT5,0.167
A0A377B5T1,0.167
A0A485JJS6,0.167
A0A0H3EL94,0.167
A0A5P0JJF1,0.167
A0A3P1XMR8,0.167
A0A3L0W5C8,0.167
A0A1V2G6Q5,0.167
A0A1X3IYB1,0.167
A0A3L0VVT6,0.167
A0A418GTR1,0.167
A0A7D3P4T1,0.167
A0A377BK62,0.167
A0A2L1KTI9,0.167
A0A6C9EHE9,0.167
A0A660HDF7,0.167
A0A853K6P3,0.166
A0A377K563,0.166
A0A2R4PEX2,0.166
A0A6N8NM04,0.166
A0A6D1A6D7,0.166
A0A0E0XXI9,0.166
A0A376YP72,0.166
A0A369FF45,0.166
A0A7A6U5V3,0.166
A0A376S8H2,0.166
A0A0P7PCT6,0.166
A0A376VQD4,0.166
A0A376NTB7,0.166
A0A4D6PE24,0.166
A0A1X3JHQ9,0.166
A0A376WW15,0.166
A0A377DIQ0,0.166
A0A660HK49,0.166
A0A826WQH8,0.166
A0A484X641,0.166
A0A2P9E0X4,0.166
A0A3L0W478,0.166
A0A0E0Y2J8,0.166
A0A377BCV2,0.166
A0A890DJC0,0.166
A0A2X1N6H6,0.166
A0A376RFS3,0.166
A0A377DVE7,0.166
A0A376J380,0.166
A0A7A7Z3F1,0.166
A0A3S7CM69,0.166
A0A376KT22,0.166
A0A376VVE5,0.166
A0A234VP22,0.166
A0A899NAN0,0.166
A0A376RK44,0.165
A0A826TY79,0.165
A0A2X1NUH9,0.165
A0A377K8V4,0.165
A0A6L9AAJ3,0.165
A0A0C2EMR6,0.165
A0A6N8NKW7,0.165
A0A376TSY5,0.165
A0A0Q3BHU9,0.165
A0A826Y8F4,0.165
A0A6L7CS64,0.165
A0A484Y7P8,0.165
A0A066Q1K0,0.165
A0A264Q4U2,0.165
A0A794IJV1,0.165
A0A377CVP7,0.165
A0A6C9EIQ0,0.165
A0A376KNT8,0.165
A0A2K3TWG1,0.165
A0A3S4M519,0.165
A0A376VH18,0.165
A0A0A1AD56,0.164
A0A377CCV7,0.164
A0A0H3EQA2,0.164
A0A8A6FQ26,0.164
A0A890DCX6,0.164
A0A2L1KTR6,0.164
A0A2A2BPW6,0.164
A0A0S3PN60,0.164
A0A376TPU5,0.164
A0A376W678,0.164
A0A6D0I3H6,0.164
A0A6G9HIU7,0.164
A0A377KA37,0.164
A0A5C9AAG7,0.164
A0A6D1AHT9,0.164
A0A376W3D6,0.164
A0A061KGQ5,0.164
A0A3L0WDD6,0.164
A0A0E0XXK7,0.164
A0A369FK57,0.164
A0A6D0K5P7,0.164
A0A418GGY2,0.164
A0A376S8V7,0.164
A0A418GBK9,0.164
A0A3L0VXW4,0.163
A0A376L4C9,0.163
A0A2X1KWQ8,0.163
A0A2X5PLH4,0.163
A0A6D1A782,0.163
A0A6L7CLP3,0.163
A0A3J9QA63,0.163
A0A2A6QB06,0.163
A0A3L0X2Q8,0.163
A0A192CI80,0.163
A0A3E1W1K5,0.163
A0A2A6QEM2,0.163
A0A827FX76,0.163
A0A6D1AHU9,0.163
A0A376LPL7,0.163
A0A7H4YRT1,0.163
A0A066RBP5,0.163
A0A3L0YFH8,0.163
A0A2J7KL40,0.163
A0A6L7CDB6,0.163
A0A0H2V7G9,0.163
A0A085PB42,0.163
A0A6N8QKA1,0.162
A0A376LI68,0.162
A0A376HM82,0.162
A0A1M2ELA8,0.162
A0A377E873,0.162
A0A376SAA3,0.162
A0A2H9G4I1,0.162
A0A660HDN8,0.162
A0A418GFZ8,0.162
A0A1X3HX35,0.162
A0A1X9QDB5,0.162
A0A2S8K012,0.162
A0A066Q111,0.162
A0A376W6Z4,0.162
A0A0A0H287,0.162
A0A376MJ06,0.162
A0A2P9E9T2,0.162
A0A7U9AT66,0.162
A0A061KZM6,0.162
A0A376ZM31,0.162
A0A0E0Y5R9,0.162
A0A0N8IRF0,0.162
A0A6D1A8X5,0.162
A0A1X3J3B2,0.162
A0A376RPV7,0.162
A0A140WY51,0.162
A0A1M2I676,0.162
A0A376W893,0.162
A0A0C2EI97,0.161
A0A368J247,0.161
A0A0E0XY74,0.161
A0A7A6ZQ74,0.161
A0A485JFV6,0.161
A0A376KKW5,0.161
A0A2A2BNK2,0.161
A0A2W6P1N9,0.161
A0A6C9Q906,0.161
A0A3L4JID9,0.161
A0A377K5T0,0.161
A0A6D0IH39,0.161
A0A7G2KFR2,0.161
A0A5C9AHM6,0.161
A0A3Q0P5M2,0.161
A0A0D7G3Q7,0.161
A0A6D0IL36,0.161
A0A6L7CM80,0.161
A0A6D0IKE0,0.161
A0A5P0JJV4,0.161
A0A377BVA8,0.161
A0A0L1EZ66,0.161
A0A2X8XGA4,0.161
A0A376ZQH4,0.161
A0A377DVB9,0.16
A0A827ZTK4,0.16
A0A2W6PGY6,0.16
A0A0E0XT76,0.16
A0A377K9A5,0.16
A0A6D0IDM2,0.16
A0A192CGP9,0.16
A0A484YWD6,0.16
A0A376KNI2,0.16
A0A3L0WC01,0.16
A0A826Y7A6,0.16
A0A3L0VV22,0.16
A0A376P1F0,0.16
A0A4C4ZW20,0.16
A0A410JA34,0.16
A0A2X7FYK9,0.16
A0A376MVU4,0.16
A0A0E0XV22,0.16
A0A2X1JSW5,0.16
A0A376RQR4,0.16
A0A828GVA3,0.16
A0A6N8R8E1,0.16
A0A2X1KJ72,0.16
A0A3P1YKG3,0.16
A0A6L7CW91,0.16
A0A3L0VU46,0.16
A0A2Z4HVG6,0.16
A0A0E0XT16,0.16
A0A0B1KVS5,0.16
A0A418H6I6,0.16
A0A2X3K6I9,0.16
A0A376U6F3,0.16
A0A3K3IKP4,0.159
A0A192CN44,0.159
A0A6N6WN45,0.159
A0A0P7TE92,0.159
A0A3T3A807,0.159
A0A811APK6,0.159
A0A7B7IXU4,0.159
A0A377BMC1,0.159
A0A377DBM8,0.159
A0A0B1JMB6,0.159
A0A2R4KLE1,0.159
A0A2H4TYV0,0.159
A0A142EBA8,0.159
A0A376W2A5,0.159
A0A2W6PHM9,0.159
A0A376VG91,0.159
A0A3P5DM83,0.159
A0A376LKG3,0.159
A0A1Q5ZHH3,0.159
A0A376RQH6,0.159
A0A2H9AN12,0.159
A0A377BQ71,0.159
A0A418H0F0,0.159
A0A0B0VF43,0.159
A0A6N6WPG4,0.158
A0A1X3IBU1,0.158
A0A3L0VYF0,0.158
A0A7H9LPG0,0.158
A0A2S5U4W0,0.158
A0A7H1KU31,0.158
A0A0E0Y4B3,0.158
A0A0C2EIY7,0.158
A0A3L0W474,0.158
A0A2X1N7X8,0.158
A0A2X3KL69,0.158
A0A376U7Z9,0.158
A0A1L7ART2,0.158
A0A4D3ADE2,0.158
A0A6L7CNR1,0.158
A0A899NCV9,0.158
A0A236MF26,0.158
A0A0E1SRR1,0.158
A0A191T953,0.158
A0A7L7E5B5,0.158
A0A0P7RRP0,0.158
A0A6L9AB54,0.158
A0A376LSA5,0.158
A0A6D1ACP3,0.158
A0A779YUQ8,0.158
A0A2A3VRL3,0.158
A0A3P1YEZ5,0.158
A0A376U8F9,0.158
A0A075UQW7,0.158
A0A484VZZ7,0.158
A0A0H3JI75,0.158
A0A5N3CQJ0,0.158
A0A377HHG4,0.158
A0A3L0VSZ5,0.157
A0A376Y1P0,0.157
A0A0T6PPQ7,0.157
A0A3L0WA04,0.157
A0A6L7A570,0.157
A0A7D7HA76,0.157
A0A0A6S7R1,0.157
A0A0L7AH96,0.157
A0A2A3WPH5,0.157
A0A0A0GE98,0.157
A0A6N8NQI0,0.157
A0A2X3K098,0.157
A0A3L0VWC6,0.157
A0A376D2R4,0.157
A0A376VRQ1,0.157
A0A6N8NSD1,0.157
A0A0K3DMP9,0.157
A0A3P1XXQ7,0.157
A0A0K4L154,0.157
A0A2X7ISZ7,0.157
A0A376X320,0.157
A0A5C9ACH8,0.157
A0A2H9A3E1,0.157
A0A2X3JS61,0.157
A0A3S7R4U2,0.157
A0A3P1N6I2,0.157
A0A7U9M014,0.157
A0A797VDC3,0.157
A0A1X3JBP6,0.157
A0A0H2V767,0.157
A0A7I0KNY6,0.157
A0A377C516,0.157
A0A484YAE5,0.157
A0A377AJZ1,0.157
A0A376KL30,0.157
A0A7A6R0K9,0.157
A0A3L0VWS4,0.157
A0A3L9GC37,0.157
A0A376LMS0,0.156
A0A777TPP3,0.156
A0A376L4E8,0.156
A0A418GJ43,0.156
A0A067HM69,0.156
A0A3L5HAV1,0.156
A0A2X1MUL1,0.156
A0A152HGH2,0.156
A0A377AVL9,0.156
A0A0K3FHG3,0.156
A0A3L0W3U3,0.156
A0A0B0VVA5,0.156
A0A7U5THL0,0.156
A0A6D1A6P1,0.156
A0A377LB80,0.156
A0A066R824,0.156
A0A0E1SZK3,0.156
A0A376LJB2,0.156
A0A3R1B0F9,0.156
A0A060RIR1,0.156
A0A3L0YKC9,0.156
A0A2X1K171,0.156
A0A2X6UEE5,0.156
A0A2H4TLW3,0.156
A0A3L0VWZ7,0.156
A0A3L0VX70,0.156
A0A2I8SWY6,0.156
A0A376ZWT9,0.156
A0A024L3R8,0.155
A0A376VP98,0.155
A0A0C2ENY6,0.155
A0A376LK79,0.155
A0A2X3K049,0.155
A0A377JXK5,0.155
A0A377BGY1,0.155
A0A193LS22,0.155
A1XRB8,0.155
A0A2K0PEN3,0.155
A0A444R2T1,0.155
A0A377BZM3,0.155
A0A2X1L0C3,0.155
A0A377DS47,0.155
A0A7H9LZ49,0.155
A0A484YND6,0.155
A0A376JXQ4,0.155
A0A2X1KYZ6,0.155
A0A2U2V4E5,0.155
A0A376RR95,0.155
A0A377E166,0.155
A0A0A1A518,0.155
A0A0K4NG79,0.155
A0A377DRC2,0.155
A0A780T4H8,0.155
A0A3L4JNN5,0.155
A1DZZ0,0.155
A0A0J2D4W0,0.154
A0A2P9EFU8,0.154
A0A7A6VWE8,0.154
A0A377F543,0.154
A0A3L0VXU6,0.154
A0A377AKD4,0.154
A0A376LB81,0.154
A0A3L0W4A6,0.154
A0A377JZ96,0.154
A0A2X1N5E5,0.154
A0A0H2V9T2,0.154
A0A377CBV2,0.154
A0A377C0F2,0.154
A0A0B0VWA5,0.154
A0A5N8H941,0.154
A0A2T1N040,0.154
A0A6D0IUB4,0.154
A0A418GKH1,0.154
A0A2X3JRE4,0.154
A0A244BK96,0.154
A0A377AL63,0.154
A0A2X1N1J0,0.154
A0A2I8SWM4,0.154
A0A7U9AQ23,0.154
A0A7U1E290,0.154
A0A2X1LY89,0.154
A0A0A3UJM3,0.154
A0A2A3W3H4,0.153
A0A779QJL3,0.153
A0A377CAF9,0.153
A0A0E0Y557,0.153
A0A3L0W1P2,0.153
A0A2P9AY32,0.153
A0A376K050,0.153
A0A828APL3,0.153
A0A2X1PTW1,0.153
A0A3G4RL93,0.153
A0A142EBM4,0.153
A0A1M1DNT5,0.153
A0A2U9L2H6,0.153
A0A7A6W177,0.153
A0A418GXJ1,0.153
A0A418GJ68,0.153
A0A210BDZ5,0.153
A0A2X1L341,0.153
A0A5C9A8W6,0.153
A0A2X1PGV4,0.153
A0A3L0VUM8,0.153
A0A6L7CQ40,0.153
A0A1X3IZQ7,0.153
A0A2Y0FWA5,0.153
A0A0F3S8T5,0.153
A0A444R166,0.153
A0A1U9XEW8,0.153
A0A023KWQ5,0.153
A0A2Z5VJE0,0.152
A0A7D7HAZ5,0.152
A0A5P0JKL8,0.152
A0A0P7P6J0,0.152
A0A3L0WDF2,0.152
A0A6C9EID2,0.152
A0A376YFL7,0.152
A0A793D228,0.152
A0A376W2H6,0.152
A0A0E0XTI1,0.152
A0A7I6H2H9,0.152
A0A765XBL7,0.152
A0A136R494,0.152
A0A1V3CP61,0.152
A0A377AK31,0.152
A0A0E0Y409,0.152
A0A1X3JHI8,0.152
A0A827XWZ9,0.152
A0A1L4J4M4,0.152
A0A6D1ABT2,0.152
A0A418H335,0.152
A0A140RFB0,0.152
A0A7U9AT71,0.152
A0A828PP96,0.152
A0A1X3I1J2,0.152
A0A4V1DRB3,0.152
A0A2Z2J8V6,0.152
A0A8B3M7K5,0.152
A0A0F3SWN4,0.152
A0A6N8QM11,0.151
A0A0J8ZP11,0.151
A0A6D1A7P2,0.151
A0A377CUS2,0.151
A0A1B3SP04,0.151
A0A2S1Y6S4,0.151
A0A0V9R7M4,0.151
A0A3U0W6A9,0.151
A0A6J4EK42,0.151
A0A376HIC3,0.151
A0A2R4KLI5,0.151
A0A828NZK7,0.151
A0A5C9APA6,0.151
A0A1X9TNY6,0.151
A0A7U9AY37,0.151
A0A0E1SR73,0.151
A0A377E7V3,0.151
A0A0D8WJ36,0.151
A0A7H9SKR0,0.151
A0A2X1MUD4,0.151
A0A376W2R3,0.15
A0A6N8QYR5,0.15
A0A0D8W428,0.15
A0A376TQB3,0.15
A0A2X7V6P3,0.15
A0A1V2GDR5,0.15
A0A0B1MYR0,0.15
A0A2X3K698,0.15
A0A3L0VUV8,0.15
A0A3L0W069,0.15
A0A6D1ACF4,0.15
A0A192CD22,0.15
A0A6D0IKV8,0.15
A0A828NSN3,0.15
A0A376WY74,0.15
A0A136TBZ6,0.15
A0A6D1A5R3,0.15
A0A444R127,0.15
A0A210AP84,0.15
A0A3L9G3I7,0.15
A0A3L0W006,0.15
A0A809SZR8,0.15
A0A3L0VZB6,0.15
A9ZNF6,0.15
A0A3L0YJ74,0.15
A0A7D7DCH5,0.15
A0A376LHH6,0.15
A0A192CA64,0.15
A0A3P1XHJ1,0.149
A0A377DXQ3,0.149
A0A0L7AIV6,0.149
A0A7U9ITD0,0.149
A0A484WRD4,0.149
A0A376VNP8,0.149
A0A0C5PBY6,0.149
A0A376K5T2,0.149
A0A6N8QRH1,0.149
A0A768FE82,0.149
A0A6D0I8T3,0.149
A0A0H0E424,0.149
A0A377K4V9,0.149
A0A3P1YJU9,0.149
A0A3L0YC12,0.149
A0A3L3RM09,0.149
A0A828NYT2,0.149
A0A6N8K8R8,0.149
A0A513U426,0.149
A0A2W6PDT5,0.149
A0A376L2P7,0.149
A0A2X1K8K4,0.149
A0A376CW09,0.149
A0A2P9E071,0.149
A0A376KFZ9,0.149
A0A6C9EIT0,0.149
A0A377C5B9,0.149
A0A163E6V3,0.149
A0A376MUF3,0.149
A0A6S6LCC2,0.148
A0A3S4NSH6,0.148
A0A2X3K7L8,0.148
A0A2S1JKA0,0.148
A0A6L9AAN4,0.148
A0A066REH6,0.148
A0A0L1BS48,0.148
A0A377JXS3,0.148
A0A6N9MU41,0.148
A0A2R3NU79,0.148
A0A2U9KKB8,0.148
A0A3S5DUP7,0.148
A0A0B1JSJ6,0.148
A0A0V7WX74,0.148
A0A6G4NT43,0.148
A0A2K3TKG7,0.148
A0A0D6HP55,0.148
A0A6D1A5S3,0.148
A0A348E2T4,0.148
A0A271QKD3,0.148
A0A377DPD3,0.148
A0A0E1STR8,0.148
A0A085PB20,0.148
A0A376UEC6,0.148
A0A0D8WKJ2,0.148
A0A126E3V6,0.148
A0A826T8G5,0.148
A0A377APY1,0.148
A0A376DHS5,0.147
A0A425DW52,0.147
A0A376ZR03,0.147
A0A6C9GWV4,0.147
A0A377BW75,0.147
A0A377DEK9,0.147
A0A3L0W8P4,0.147
A0A0H2Z343,0.147
A0A0H0EQY9,0.147
A0A6N0IHU8,0.147
A0A6N6WQ53,0.147
A0A0P7NV08,0.147
A0A5C9AH68,0.147
A0A3L0YDW9,0.147
A0A0B1KBC5,0.147
A0A5B9AA92,0.147
A0A5C9AI02,0.147
A0A4S1N4J9,0.147
A0A2D0DTD1,0.147
A0A376TJS7,0.147
A0A0B0VQ33,0.147
A0A377F7K1,0.147
A0A3L0W414,0.147
A0A6D0DH81,0.147
A0A3R8KEU2,0.147
A0A168L9W5,0.147
A0A5P0J9X1,0.147
A0A485JIF4,0.147
A0A3P5DQB1,0.147
A0A377B0C6,0.147
A0A0S3PN09,0.147
A0A0J2CC86,0.146
A0A178SJS2,0.146
A0A369DQZ7,0.146
A0A5C9ABK1,0.146
A0A6L7CJ90,0.146
A0A5N8HAP6,0.146
A0A444R2J2,0.146
A0A8B3M0Q9,0.146
A0A2W6Q6D9,0.146
A0A377EAR9,0.146
A0A1X3HWV9,0.146
A0A3Y4Y782,0.146
A0A7L8KBN5,0.146
A0A0A1AA87,0.146
A0A3L0W154,0.146
A0A1M0CWS7,0.146
A0A376U6Y0,0.146
A0A826X9E0,0.146
A0A3W4NAI4,0.146
A0A0F3WBF1,0.146
A0A826JCX1,0.146
A0A3L0VV28,0.146
A0A377B932,0.146
A0A1X3IU40,0.146
A0A3L0W896,0.146
A0A1X3IA08,0.146
A0A1V2FU80,0.146
A0A3P1XVS1,0.146
A0A899NB63,0.146
A0A376MHV9,0.146
A0A376U201,0.146
A0A7U9FTM4,0.146
A0A827Y6F1,0.146
A0A7I6H712,0.145
A0A2X3KB37,0.145
A0A3Q0N2R1,0.145
A0A7A2XHY2,0.145
A0A0D8W6B9,0.145
A0A377B300,0.145
A0A447XB55,0.145
A0A6N6WN64,0.145
A0A485JHT6,0.145
A0A6L7CEG1,0.145
A0A1V2GCT2,0.145
A0A191T965,0.145
A0A3P1X9Z7,0.145
A0A1X3IT54,0.145
A0A484WPF0,0.145
A0A0Y0SVQ1,0.145
A0A2H5C2C5,0.145
A0A5N3CZT0,0.145
A0A2V2LY41,0.145
A0A6D0II50,0.145
A0A376DFH3,0.145
A0A376W9C5,0.145
A0A066Q3C6,0.145
A0A2Y8Y0R9,0.145
A0A376LDV6,0.145
A0A444R2H4,0.145
A0A6C9EIS1,0.145
A0A484WZQ7,0.145
A0A2P6IVS0,0.145
A0A0F6SKD8,0.145
A0A376MKK2,0.145
A0A5E8DKI4,0.145
A0A403D3B6,0.145
A0A6L9AAG3,0.145
A0A7D5GT21,0.145
A0A377DAA6,0.145
A0A7A9I6W4,0.145
A0A377KC01,0.145
A0A1V2SU17,0.145
A0A376TNQ5,0.145
A0A827HD05,0.145
A0A192CDC9,0.144
A0A377KD34,0.144
A0A066Q421,0.144
A0A0H2V506,0.144
A0A376RPG0,0.144
A0A6N0ISB9,0.144
A0A0K3XA20,0.144
A0A376Y4X0,0.144
A0A3L0VXW6,0.144
A0A5P0JAH5,0.144
A0A376UBU3,0.144
A0A377CB75,0.144
A0A2Y8IVN5,0.144
A0A376MJ63,0.144
A0A377D3D9,0.144
A0A7B5Z6A4,0.144
A0A377KDH5,0.144
A0A2P9EIX8,0.144
A0A0L7AH90,0.144
A0A6D1ACA0,0.144
A0A377AXS4,0.144
A0A377E3D6,0.144
A0A0H3JGC7,0.144
A0A827LE21,0.144
A0A2W6PBW8,0.144
A0A2X1MB80,0.144
A0A3L9FWE7,0.144
A0A7H9NH05,0.144
A0A5N8HHP1,0.144
A0A0M1U5N4,0.144
A0A826X0K3,0.144
A0A376MNB2,0.144
A0A376PW13,0.144
A0A418H9W6,0.144
A0A0H3PKK6,0.144
A0A1X3JE74,0.144
A0A3L0WWJ0,0.144
A0A376W6C5,0.144
A0A193LWE7,0.144
A0A454A5D0,0.144
A0A0H2V528,0.144
A0A2X3K064,0.144
A0A5N8HNT1,0.143
A0A1Q4PDI0,0.143
A0A418H8K5,0.143
A0A5C9AKR2,0.143
A0A376LRP5,0.143
A0A827HGV6,0.143
A0A3P1NGV6,0.143
A0A1V2GGD0,0.143
A0A0K4M0C3,0.143
A0A0E0YA83,0.143
A0A6N6WQJ2,0.143
A0A5C9ANX5,0.143
A0A376Y4R3,0.143
A0A376MTP7,0.143
A0A6D0IMH9,0.143
A0A7D3TD60,0.143
A0A828P7Y5,0.143
A0A0E1SY15,0.143
A0A1X3HX77,0.143
A0A6C9Q4Q0,0.143
A0A6D1NZ95,0.143
A0A343J1C1,0.143
A0A6D1BAR5,0.143
A0A6D0V1D5,0.143
A0A2L0J496,0.143
A0A218N716,0.142
A0A484VYK9,0.142
A0A3L0W3B2,0.142
A0A6L7CV77,0.142
A2V704,0.142
A0A2X3LL04,0.142
A0A6D0I7W5,0.142
A0A2U2UCF3,0.142
A0A2R4PE84,0.142
A0A376P572,0.142
A0A811AQT6,0.142
A0A2X3K469,0.142
A0A6M1DKS7,0.142
A0A3L9JDF1,0.142
A0A376D8Z9,0.142
A0A377LC71,0.142
A0A1X3HWK8,0.142
A0A484YGX2,0.142
A0A0M5X0G6,0.142
A0A7B8KVD7,0.142
A0A447X1M7,0.142
A0A7A6RBD1,0.142
A0A826R8U2,0.142
A0A5C9AFB3,0.142
A0A1L4IWZ1,0.142
A0A2P9E079,0.142
A0A377KCF7,0.142
A0A0B1NC32,0.142
A0A3S7R2C9,0.142
A0A377DNE7,0.142
A0A5C9AFK5,0.142
A0A4Y8A290,0.142
A0A417ZPE2,0.142
A0A3L0W155,0.142
A0A066Q4T5,0.142
A0A2X1J5N3,0.142
A0A2A6Q1J4,0.142
A0A376WT93,0.141
A0A376K1E0,0.141
A0A454A9F3,0.141
A0A1Q6AW28,0.141
A0A061KAJ0,0.141
A0A0E0XZG3,0.141
A0A377AJW2,0.141
A0A2X3LLV4,0.141
A0A376L3V7,0.141
A0A377CYX3,0.141
A0A3L0W5A8,0.141
A0A484YCD4,0.141
A0A2X3LZM9,0.141
A0A3L0VYE1,0.141
A0A0E1STV0,0.141
A0A827HA52,0.141
A0A6G4JYN9,0.141
A0A376WSF4,0.141
A0A376KWP4,0.141
A0A1M1W0E6,0.141
A0A0B1F708,0.141
A0A2H4WK03,0.141
A0A148HG71,0.141
A0A765TFY6,0.141
A0A6N8NGH7,0.141
A0A3L0VVM9,0.141
A0A6N8R964,0.141
A0A218N456,0.141
A0A376RB95,0.141
A0A418GBV8,0.141
A0A1V2GC19,0.141
A0A3L9HP27,0.141
A0A3P1XM31,0.141
A0A7U9FSR7,0.141
A0A376KNC5,0.141
A0A2X1N3X7,0.141
A0A377CLH4,0.141
A0A2I6FBN2,0.141
A0A376L9L7,0.14
A0A179QS25,0.14
A0A0N9NRS2,0.14
A0A776HMN3,0.14
A0A2W6NQN2,0.14
A0A154CCY7,0.14
A0A085P1T7,0.14
A0A0E0XVM0,0.14
A0A826T9U0,0.14
A0A6G6AKS7,0.14
A0A1M3S139,0.14
A0A2W6P8W0,0.14
A0A5C9ACZ7,0.14
A0A376SD70,0.14
A0A0E2L8F7,0.14
A0A376MN00,0.14
A0A376SAQ1,0.14
A0A0E0XVX9,0.14
A0A376U2D0,0.14
A0A376P4V8,0.14
A0A3L0VZ77,0.14
A0A5N8HD41,0.14
A0A1M2NGK3,0.14
A0A0P7KZP4,0.14
A0A376TJJ9,0.14
A0A0E0Y2L6,0.14
A0A786VC83,0.14
A0A3Z6G9Z0,0.14
A0A6L7CH22,0.14
A0A485JLP6,0.14
A9LMJ8,0.14
A0A1X9TPE3,0.14
A0A3L0VXZ4,0.14
A0A2X3K1F8,0.14
A0A376X262,0.14
A0A0K4MKY5,0.14
A0A376MQT5,0.14
A0A6N8Q8R6,0.14
A0A2X3JNT1,0.14
A0A061Y8T2,0.14
A0A2J1D6A7,0.14
A0A377D9P1,0.139
A0A3R1B9D2,0.139
A0A376KMS1,0.139
A0A6N7KH78,0.139
A0A444RIK6,0.139
A0A5C9ASV6,0.139
A0A3L5HE08,0.139
A0A797I477,0.139
A0A0H3EIH5,0.139
A0A384ZT79,0.139
A0A2R4PGG3,0.139
A0A765X6K4,0.139
A0A376L0Q6,0.139
A0A376ZS29,0.139
A0A0P7LII8,0.139
A0A6D1AAX1,0.139
A0A2W6PBI7,0.139
A0A3S4P4Y6,0.139
A0A6N9SEQ4,0.139
A0A377AKS8,0.139
A0A2A7M1W7,0.139
A0A7L5V715,0.139
A0A376W303,0.139
A0A3P5DRJ9,0.139
A0A066Q1Q6,0.139
A0A7L8KA55,0.139
A0A376P1M0,0.139
A0A0A8J765,0.139
A0A0G9FQS6,0.139
A0A3L0VX96,0.139
A0A5B9AJU2,0.139
A0A368IME3,0.139
A0A3L0X257,0.139
A0A444QZN8,0.139
A0A828NSP2,0.139
A0A377KCZ1,0.139
A0A5Q5A9L9,0.139
A0A0H3EQ72,0.139
A0A6D0IIP7,0.138
A0A142EBX0,0.138
A0A0J2AXQ7,0.138
A0A2X3K7J8,0.138
A0A6L7CLK3,0.138
A0A3Z6GEB3,0.138
A0A6G9HHP7,0.138
A0A376U4D4,0.138
A0A3Z9ATI4,0.138
A0A2I8SH98,0.138
A0A0K3WA77,0.138
A0A377KD88,0.138
A0A7U5THE5,0.138
A0A377A1N7,0.138
A0A6D1A7F0,0.138
A0A0H2VDV3,0.138
A0A2Y0ZST3,0.138
A0A829LBH0,0.138
A0A1V2GEM8,0.138
A0A376TNI8,0.138
A0A1V0M722,0.138
A0A3L0WZ72,0.138
A0A377HGP6,0.138
A0A376SCA1,0.138
A0A447X8B1,0.138
A0A3L0W431,0.138
A0A377DX68,0.138
A0A1X3IT50,0.138
A0A376YFU8,0.138
A0A0P7LBJ1,0.138
A0A1X3ISZ0,0.137
A0A0E0XVX8,0.137
A0A5N8HCK4,0.137
A0A376MTI1,0.137
A0A0E2LBE2,0.137
A0A5B9SY47,0.137
A0A376LLS9,0.137
A0A376M581,0.137
A0A484YRG0,0.137
A0A376TFN9,0.137
A0A1X9TLD9,0.137
A0A193M1W0,0.137
A0A6C9EH48,0.137
A0A376UC78,0.137
A0A366UKW9,0.137
A0A418GVJ6,0.137
A0A3L0YIZ9,0.137
A0A6N6WRV0,0.137
A0A485JAU3,0.137
A0A377K219,0.137
A0A7U1HRS8,0.137
A0A2X3LT44,0.137
A0A3L0WD14,0.137
A0A2X1N0H2,0.137
A0A5N8HGW3,0.137
A0A6D1AF50,0.137
A0A2J1DE18,0.137
A0A377CDW1,0.137
A0A768P5H3,0.137
A0A827YDH1,0.137
A0A3L0VZM6,0.137
A0A0E0XT33,0.137
A0A479JKT6,0.137
A0A7G8ZWZ6,0.137
A0A3L0YES1,0.137
A0A376U9Q5,0.137
A0A6D0PD49,0.137
A0A377BNZ1,0.137
A0A1X3J175,0.137
A0A5B9AJJ3,0.136
A0A377AP75,0.136
A0A376TN43,0.136
A0A2X1NN12,0.136
A0A418GPN5,0.136
A0A0F6WFY9,0.136
A0A3P1X4E1,0.136
A0A0H3EFV4,0.136
A0A6D1AH80,0.136
A0A377DIC5,0.136
A0A2A6PZY2,0.136
A0A377F684,0.136
A0A376KIP8,0.136
A0A0M5X0L1,0.136
A0A377CAP4,0.136
A0A7A2Y3M2,0.136
A0A3P1YH34,0.136
A0A6D0ICF0,0.136
A0A828N1R2,0.136
A0A037YK91,0.136
A0A3S4KPZ6,0.136
A0A6D1P770,0.136
A0A0H3EL74,0.136
A0A0B0VEY6,0.136
A0A6N6WQ85,0.136
A0A0A0F526,0.136
A0A6D0IBS1,0.136
A0A143E6T0,0.136
A0A376WJ63,0.136
A0A2X7FKU7,0.136
A0A5B9SW79,0.136
A0A5C9AJJ5,0.136
A0A826TJ06,0.136
A0A3L0W0R4,0.136
A0A377DYV4,0.136
A0A0P7NUB9,0.135
A0A376UXV9,0.135
A0A2W6P5Q9,0.135
A0A376MGA6,0.135
A0A376KIE2,0.135
A0A0A1AEI5,0.135
A0A2S7HPC1,0.135
A0A1U9XFR1,0.135
A0A3L0W4U4,0.135
A0A086UCS7,0.135
A0A377BXJ0,0.135
A0A0K3EXQ1,0.135
A0A377C7F5,0.135
A0A418GGL4,0.135
A0A377DY14,0.135
A0A8B3MBM4,0.135
A0A3K0W8U0,0.135
A0A4C4IE62,0.135
A0A1Q6ARQ1,0.135
A0A3S4NSC8,0.135
A0A0V9H5F3,0.135
A0A3L0VU01,0.135
A0A377AZI4,0.135
A0A377DEP6,0.135
A0A493R5V6,0.135
A0A828U1F8,0.135
A0A447X522,0.135
A0A376TJB0,0.135
A0A162AS29,0.135
A0A1X9TDN4,0.135
A0A061KTE7,0.135
A0A168S184,0.135
A0A2P4RQM0,0.135
A0A377BS26,0.135
A0A2X1MYW4,0.134
A0A376LQ11,0.134
A0A376TN67,0.134
A0A0E1SXP7,0.134
A0A2I8SUB3,0.134
A0A376MQ93,0.134
A0A0E1SVK7,0.134
A0A5P0JBQ0,0.134
A0A168SR01,0.134
A0A0K4BGZ7,0.134
A0A3L9IDL4,0.134
A0A3L0W075,0.134
A0A2L1F4N2,0.134
A0A418GM53,0.134
A0A826XFK3,0.134
A0A376VZA3,0.134
A0A417ZQV0,0.134
A0A5C9AN30,0.134
A0A377CA82,0.134
A0A0Q3AJW8,0.134
A0A7A6UNW2,0.134
A0A7G2KI53,0.134
A0A417ZRW4,0.134
A0A1X3JH28,0.134
A0A0H2XKK8,0.134
A0A2X3JWK9,0.134
A0A3L0W4Z5,0.134
A0A376U4S5,0.133
A0A376HIS9,0.133
A0A3L9JLU6,0.133
A0A2X1QA42,0.133
A0A2K3TLY4,0.133
A0A377LAB0,0.133
A0A376KVR3,0.133
A0A484VZN1,0.133
A0A377DYN5,0.133
A0A485JE74,0.133
A0A0E1SU01,0.133
A0A6C9EF55,0.133
A0A377BM38,0.133
A0A0B1MKB3,0.133
A0A827QZK4,0.133
A0A075TFP1,0.133
A0A377K264,0.133
A0A6M9RXE9,0.133
A0A0H2Z5M0,0.133
A0A6D0IB11,0.133
A0A376HQB2,0.133
A0A0D7Y100,0.133
A0A853JXX0,0.133
A0A376TDA5,0.133
A0A0E2L162,0.133
A0A5P9WCT5,0.133
A0A7A7YXU0,0.133
A0A136XFT3,0.133
A0A377A556,0.133
A0A484X1W3,0.133
A0A376L2G3,0.133
A0A271R0A1,0.133
A0A2X3K417,0.133
A0A6G6AMC9,0.133
A0A376TH86,0.133
A0A1M0CQ26,0.133
A0A377BKM5,0.133
A0A7I6H5L0,0.133
A0A376L6J5,0.133
A0A660HDV7,0.133
A0A0C2EYX4,0.133
A0A0H2V426,0.133
A0A376LK69,0.133
A0A024L7E2,0.133
A0A3K0WLG2,0.132
A0A1X3HXT9,0.132
A0A0Q3DZ28,0.132
A0A377A9P6,0.132
A0A1V3VSZ6,0.132
A0A2X1K7H3,0.132
A0A377F4T0,0.132
A0A4D1MLL1,0.132
A0A5B1F146,0.132
A0A376LH95,0.132
A0A376RST0,0.132
A0A0B1IXB5,0.132
A0A168L9D4,0.132
A0A3L0VS64,0.132
A0A3L0VYV9,0.132
A0A142EBM2,0.132
A0A0A8J479,0.132
A0A5C9A9X8,0.132
A0A444QZG4,0.132
A0A377CKC8,0.132
A0A2H9ENF1,0.132
A0A377K8Q5,0.132
A0A1Q4PDK4,0.132
A0A3L9I1C5,0.132
A0A2X1KKU9,0.132
A0A5B9AE51,0.132
A0A0E1T197,0.132
A0A0K3PHU2,0.132
A0A376L2K2,0.132
A0A376U166,0.132
A0A6D0IB45,0.132
A0A037Y6R6,0.132
A0A6G4C6U7,0.132
A0A5C9AC98,0.131
A0A0H3MJJ1,0.131
A0A0A7Y2Z6,0.131
A0A6L7CLL3,0.131
A0A3L0VZI0,0.131
A0A6L7A0Z5,0.131
A0A786GI99,0.131
A0A3L0Y8H9,0.131
A0A3L0VVK7,0.131
A0A376LNZ4,0.131
A0A0E1SVQ9,0.131
A0A6G9HJ91,0.131
A0A376U7D7,0.131
A0A223LM23,0.131
A0A811VYZ7,0.131
A0A6L6ZKU6,0.131
A0A6D0IJ15,0.131
A0A376RBT7,0.131
A0A2X1NAA0,0.131
A0A418H490,0.131
A0A0A1A7A3,0.131
A0A6N6WSF7,0.131
A0A075MAQ7,0.131
A0A5N8HBG4,0.131
A0A376MPI1,0.131
A0A376P4Z7,0.131
A0A140WYW2,0.131
A0A0F6YRS3,0.131
A0A484YWW5,0.131
A0A2H4TLX1,0.131
A0A1X3IAG4,0.131
A0A0M5X0E8,0.131
A0A7H9LQ21,0.13
A0A6D0ILR5,0.13
A0A376ML17,0.13
A0A376P837,0.13
A0A3L0WCA7,0.13
A0A3L9HK87,0.13
A0A3L0Y7V1,0.13
A0A6D1AEK8,0.13
A0A377BCL7,0.13
A0A376ZUW4,0.13
A0A485JJB6,0.13
A0A6D0Y926,0.13
A0A377D6I3,0.13
A0A6M1DLM9,0.13
A0A2X1LWI7,0.13
A0A826X355,0.13
A0A377BUA1,0.13
A0A0B1KBH9,0.13
A0A377A0S2,0.13
A0A8B3M412,0.13
A0A377DFT4,0.13
A0A3S4K3Y9,0.13
A0A377BNP2,0.13
A0A6N8NWI4,0.13
A0A6N8NSJ2,0.13
A0A376TFF8,0.13
A0A447XGD1,0.13
A0A854BQZ5,0.13
A0A6D0DFN3,0.13
A0A5P1MRR7,0.13
A0A0K3UKM5,0.13
A0A1V2GG43,0.129
A0A0C5EUA0,0.129
A0A1V3CLA8,0.129
A0A0P7LKT5,0.129
A0A376D8S1,0.129
A0A1V2GDG3,0.129
A0A3S4K082,0.129
A0A828N6Y8,0.129
A0A3L0W4P2,0.129
A0A1L4J034,0.129
A0A826X235,0.129
A0A192CM43,0.129
A0A376LQ03,0.129
A0A1X3JFI0,0.129
A0A6N8NAX8,0.129
A0A2X6PCE1,0.129
A0A0H2V5U4,0.129
A0A376X7R5,0.129
A0A2L0J9A5,0.129
A0A485JN72,0.129
A0A2L0J476,0.129
A0A6L6ZWZ4,0.129
A0A418GBN3,0.129
A0A2A7M116,0.129
A0A776PEA9,0.129
A0A6C9EI47,0.129
A0A2S8JQ20,0.129
A0A376Y8P1,0.129
A0A6D1A7Y3,0.129
A0A376VPP4,0.129
A0A377DK40,0.129
A0A376H4A2,0.129
A0A376LPT6,0.129
A0A2W6QNH6,0.129
A0A376K1K2,0.129
A0A4D6PHJ5,0.129
A0A5N8H8N5,0.129
A0A2W6PYP1,0.129
A0A6D0K481,0.129
A0A0B1MRD2,0.129
A0A6D1A9H9,0.129
A0A6C9QI79,0.129
A0A0D4D8Z7,0.129
A0A376Y7J2,0.129
A0A376JRM5,0.129
A0A7B9AS49,0.129
A0A6D0INF6,0.129
A0A0E0SRA8,0.129
A0A4T8J2Y0,0.129
A0A3P1X6M9,0.129
A0A2T3T7D0,0.129
A0A1X3HWJ9,0.129
A0A7D7LKD1,0.129
A0A447X1L5,0.129
A0A377L9R1,0.129
A0A1V2GI68,0.129
A0A826X2M6,0.129
A0A7U5THI4,0.129
A0A3L0VT93,0.128
A0A827BR47,0.128
A0A377AL45,0.128
A0A377BMN9,0.128
A0A2X1KU97,0.128
A0A376JST3,0.128
A0A0D8WDP1,0.128
A0A3L0W1K8,0.128
A0A377DL63,0.128
A0A765T7P3,0.128
A0A2A6Q142,0.128
A0A3L0W425,0.128
A0A3L0VY30,0.128
A0A6D1ABM0,0.128
A0A0P7MG10,0.128
A0A2K0NW01,0.128
A0A377JYE0,0.128
A0A0E0Y367,0.128
A0A447XB69,0.128
A0A1X9TLG3,0.128
A0A2X3JNI7,0.128
A0A811VX37,0.128
A0A827HQ12,0.128
A0A376KSD8,0.128
A0A377CW35,0.128
A0A5C9AN42,0.128
A0A377CEI8,0.128
A0A0U2S3S8,0.128
A0A6H1PWG6,0.128
A0A3P5DZE7,0.128
A0A376MS20,0.128
A0A6N8NUA4,0.128
A0A447X6W5,0.128
A0A0E0XVW0,0.128
A0A5N8HHQ6,0.128
A0A6M1DKD2,0.128
A0A343J0G9,0.128
A0A826J4U9,0.128
A0A376SA35,0.128
A0A377D118,0.128
A0A6N8NQ20,0.127
A0A6N3ILI5,0.127
A0A484WRZ4,0.127
A0A377DGN8,0.127
A0A3L0WWD1,0.127
A0A376TZA2,0.127
A0A2I6ZZ19,0.127
A0A6G6AK57,0.127
A0A6N0IHZ5,0.127
A0A0M1TQT6,0.127
A0A0P7MFY3,0.127
A0A376U107,0.127
A0A377C715,0.127
A0A085P3Q6,0.127
A0A3L0VV07,0.127
A0A066Q3A7,0.127
A0A811ARQ2,0.127
A0A6D0IP85,0.127
A0A3L0YBG5,0.127
A0A418GD17,0.127
A0A826ZAB9,0.127
A0A1B1IL72,0.127
A0A2X1MYN2,0.127
A0A069FE71,0.127
A0A0E0Y450,0.127
A0A0S3PNM7,0.127
A0A418GQ94,0.127
A0A1R1KA86,0.127
A0A397WYA6,0.127
A0A7G2KH23,0.126
A0A0B0VSR2,0.126
A0A5C8XTC1,0.126
A0A377KF59,0.126
A0A811AQL1,0.126
A0A1M2I339,0.126
A0A3W5RS76,0.126
A0A418H059,0.126
A0A376LIB1,0.126
A0A3P1WTS1,0.126
A0A0H3PGQ3,0.126
A0A3Z6GAM3,0.126
A0A3L0VYD7,0.126
A0A0H3MHK9,0.126
A0A376RCG5,0.126
A0A1Q6B088,0.126
A0A377MWE2,0.126
A0A376W170,0.126
A0A2X1KT10,0.126
A0A826SIP9,0.126
A0A0E0YAC4,0.126
A0A0D6ZMF1,0.126
A0A0H2VDU5,0.126
A0A0H3PUD8,0.126
A0A7U5TGZ0,0.126
A0A2W6Q6R2,0.126
A0A6L7CL98,0.126
A0A6G9HJC3,0.126
A0A1B2H7B9,0.126
A0A0F3V1X5,0.126
A0A0V9REU4,0.126
A0A376VMI6,0.126
A0A0N8ITP7,0.126
A0A0E0Y3Q6,0.126
A0A376K6A4,0.126
A0A3L0W3M1,0.126
A0A288XFP3,0.126
A0A418GQG1,0.125
A0A376TW05,0.125
A0A0P7LWX0,0.125
A0A6N6WN91,0.125
A0A173GLL3,0.125
A0A6D1AI97,0.125
A0A2X3K264,0.125
A0A0P7NU08,0.125
A0A1X3J4S5,0.125
A0A3A6SFP0,0.125
A0A140NAM0,0.125
A0A418GDA8,0.125
A0A3L0W3I0,0.125
A0A776KK34,0.125
A0A3Q9VXY1,0.125
A0A7A7UQB8,0.125
A0A0P7NWB8,0.125
A0A0E1SZ98,0.125
A0A6N8NL63,0.125
A0A066R355,0.125
A0A154CFZ3,0.125
A0A0K4HVC1,0.125
A0A376ZKW9,0.125
A0A066RJZ9,0.125
A0A826XD69,0.125
A0A2X1K588,0.125
A0A376UBT4,0.125
A0A8A4RYE8,0.125
A0A376KSW7,0.125
A0A3G4RT69,0.125
A0A5P0JK86,0.125
A0A3L9FZT5,0.125
A0A2R4PEM0,0.125
A0A0H3JH45,0.125
A0A7A7F594,0.125
A0A2A2CD96,0.125
A0A3L0VW33,0.125
A0A7U9ATH0,0.125
A0A484X1U3,0.125
A0A5C9AMG0,0.125
A0A377D8C2,0.125
A0A067HB65,0.125
A0A2K3TLZ8,0.125
A0A7G2KHI2,0.125
A0A0K4A7C9,0.125
A0A140JY54,0.125
A0A376Y2U1,0.125
A0A3P1P7N6,0.125
A0A376ZSD0,0.125
A0A2X1MY30,0.125
A0A0P7MDI7,0.125
A0A0H2VD33,0.125
A0A444QZH3,0.125
A0A377BDF3,0.124
A0A376MM79,0.124
A0A657LA20,0.124
A0A376ZVQ6,0.124
A0A0A1AFQ7,0.124
A0A168T9C7,0.124
A0A3L0W3C5,0.124
A0A418H9J9,0.124
A0A192CFC5,0.124
A0A3L0WBH1,0.124
A0A7A0YES5,0.124
A0A2P9E5N9,0.124
A0A376UFN2,0.124
A0A376KW77,0.124
A0A5N3CQF8,0.124
A0A2S8JIZ4,0.124
A0A376ZW04,0.124
A0A376LJ96,0.124
A0A6G4NTD8,0.124
A0A3L0W0I7,0.124
A0A0M1UJD8,0.124
A0A3L0W433,0.124
A0A0L6Y2M7,0.124
A0A0K4UI85,0.124
A0A0E0Y7U3,0.124
A0A0K5FHW9,0.124
A0A0V9H5X7,0.124
A0A376P0W7,0.124
A0A3L9ITZ4,0.124
A0A7U9FUA1,0.124
A0A377D532,0.124
A0A376LL21,0.124
A0A2X3J8U2,0.124
A0A376RNP0,0.124
A0A0H3EQX4,0.124
A0A2P9E471,0.124
A0A6C9QG00,0.124
A0A377E175,0.124
A0A2P9EJ21,0.124
A0A6D0IL19,0.124
A0A3L0W2X5,0.124
A0A2K3TWE9,0.123
A0A2T1LAB8,0.123
A0A447XAI4,0.123
A0A376W2G3,0.123
A0A376W3G1,0.123
A0A0H3EFI3,0.123
A0A7A6YIR7,0.123
A0A376L2J6,0.123
A0A0H2VC79,0.123
A0A2H4TL00,0.123
A0A484YWE6,0.123
A0A2A6Q5L9,0.123
A0A0B1FAQ1,0.123
A0A6D1P050,0.123
A0A376W2X3,0.123
A0A6C9EES6,0.123
A0A376L3X4,0.123
A0A377A212,0.123
A0A0J3VRL7,0.123
A0A7U9FVE9,0.123
A0A3L0VZS9,0.123
A0A229AKU0,0.123
A0A5C9AE87,0.123
A0A0F3SGE5,0.123
A0A0P7MST4,0.123
A0A376X6F5,0.123
A0A2I8SVY4,0.123
A0A2W6PHX4,0.123
A0A6L7A0K2,0.123
A0A376JL89,0.123
A0A1V2GE25,0.123
A0A376Y5L0,0.123
A0A376X4H8,0.123
A0A376TDX9,0.123
A0A3P1WTB2,0.123
A0A7A9X3T6,0.123
A0A7U9AXD4,0.123
A0A6N8RC95,0.123
A0A0K5ZUD0,0.123
A0A0E1STJ5,0.123
A0A7U9AS65,0.123
A0A377ANK7,0.123
A0A2X1PZP0,0.123
A0A5C9AL76,0.123
A0A376VEL6,0.123
A0A376DB32,0.123
A0A1X0Y3Z5,0.123
A0A3L0W3N1,0.123
A0A2K1I291,0.123
A0A0J2G9B5,0.123
A0A6L7A5T1,0.123
A0A0E0SRV1,0.123
A0A376TRY5,0.123
A0A0P7PMR1,0.123
A0A484YE22,0.123
A0A377BYE0,0.123
A0A3P1WRC9,0.123
A0A5P0JIW7,0.123
A0A6D1AJA6,0.123
A0A1Y2ZQB9,0.123
A0A3P1YEG7,0.123
A0A2K4PA41,0.123
A0A3L0VYA0,0.123
A0A376RRD2,0.123
A0A7A6XVV5,0.122
A0A3P5DM32,0.122
A0A3L0W623,0.122
A0A0K4R007,0.122
A0A377KCI6,0.122
A0A5N8HGM4,0.122
A0A377CWW3,0.122
A0A376ZW14,0.122
A0A377KFI1,0.122
A0A2X3LWV2,0.122
A0A2D2CLT0,0.122
A0A376CYG9,0.122
A0A376LC40,0.122
A0A0K5GS91,0.122
A0A0B0V304,0.122
A0A192C9L5,0.122
A0A376ZT58,0.122
A0A1V2FY92,0.122
A0A376K1J1,0.122
A0A376WPT6,0.122
A0A484YUI4,0.122
A0A2X1L364,0.122
A0A377BBR9,0.122
A0A6D0IJH5,0.122
A0A1X3I4U3,0.122
A0A0H2Z3Y7,0.122
A0A1V2GC24,0.122
A0A3L0YEG6,0.122
A0A6D0IFY6,0.122
A0A192C760,0.122
A0A418H9W5,0.122
A0A484VZS2,0.122
A0A377BEF4,0.122
A0A376LQV0,0.122
A0A7U9APV2,0.122
A0A2X3KJD3,0.122
A0A5C9AKZ0,0.122
A0A376L5M3,0.122
A0A2X1LWU1,0.122
A0A2S8JKA6,0.122
A0A3Z2SL57,0.122
A0A376VSK1,0.122
A0A0A0GS30,0.122
A0A0H2Z6I7,0.122
A0A3L0W1Z6,0.122
A0A1Y1CTC3,0.122
A0A828P261,0.122
A0A377MUR9,0.121
A0A6G3HX26,0.121
A0A5F1PKG5,0.121
A0A6D1AEY7,0.121
A0A478P219,0.121
A0A3L9G9H6,0.121
A0A3L0W386,0.121
A0A3L0YG72,0.121
A0A2K3TK61,0.121
A0A827BMR3,0.121
A0A6D0IKI2,0.121
A0A1L4J5Y1,0.121
A0A2X3K1E9,0.121
A0A2X1KTC6,0.121
A0A1V2GHW6,0.121
A0A066PYA1,0.121
A0A0H3EEH6,0.121
A0A140RSK5,0.121
A0A7L7E646,0.121
A0A0P7R9L4,0.121
A0A1L4IV35,0.121
A0A376KLS7,0.121
A0A6D1AHQ0,0.121
A0A826TNP2,0.121
A0A0E0Y694,0.121
A0A2H4TT89,0.121
A0A485J9M9,0.121
A0A417ZN92,0.121
A0A3L9G5N2,0.121
A0A2A2CG21,0.121
A0A6L7CL33,0.121
A0A0D8WAY9,0.121
A0A7U5YXC0,0.121
A0A0H2XM08,0.121
A0A377K1P2,0.121
A0A6D0I7B9,0.121
A0A377DZK6,0.121
A0A6N8R3P0,0.121
A0A1V2GDR8,0.121
A0A3Y5KS60,0.121
A0A376J3F5,0.121
A0A0H2VGG6,0.121
A0A6C9EI46,0.121
A0A6D1AC35,0.121
A0A7B6SR88,0.121
A0A2X3JVU1,0.121
A0A061YMD6,0.121
A0A6L7CQ94,0.12
A0A0A1A8I9,0.12
A0A376RR41,0.12
A0A827G5F1,0.12
A0A137D9Z1,0.12
A0A377D7N7,0.12
A0A6D0IGI2,0.12
A0A377LN30,0.12
A0A1V2GC70,0.12
A0A6L6I7K8,0.12
A0A0H2VAH5,0.12
A0A444QZL8,0.12
A0A1L5JR03,0.12
A0A774N383,0.12
A0A6C9EIG1,0.12
A0A066R367,0.12
A0A0V9R6K8,0.12
A0A7A7FBF4,0.12
A0A377CZ91,0.12
A0A0H2YWA0,0.12
A0A2R2ZJC3,0.12
A0A2X3JD34,0.12
A0A377KD37,0.12
A0A3P1XZC1,0.12
A0A2X3J8M6,0.12
A0A376TFF0,0.12
A0A377K3Q0,0.12
A0A377HGY6,0.12
A0A6D1A954,0.12
A0A6D0FA42,0.12
A0A0E1T501,0.12
A0A377CXN2,0.12
A0A3L0W6N8,0.12
A0A0B0VTV2,0.12
A0A3L0VUN7,0.12
A0A377K3P4,0.12
A0A3K0WH85,0.12
A0A2K3TN27,0.12
A0A376VBV0,0.12
A0A376J3Y1,0.12
A0A789M8M4,0.12
A0A376W0N4,0.119
A0A444R058,0.119
A0A444RB22,0.119
A0A377AG83,0.119
A0A1C0Y117,0.119
A0A765XA00,0.119
A0A6S6LJG2,0.119
A0A5C8XTB9,0.119
A0A0P7P223,0.119
A0A0A5MW47,0.119
A0A418GQD2,0.119
A0A6C9EHL6,0.119
A0A0K6CX13,0.119
A0A3L0W1W3,0.119
A0A0E2L4Q0,0.119
A0A376TMG0,0.119
A0A3L0VW28,0.119
A0A066RMZ6,0.119
A0A3L0W3K6,0.119
A0A023PZV7,0.119
A0A6C9Q8H5,0.119
A0A085P5M1,0.119
A0A6D1ADY1,0.119
A0A376MSL4,0.119
A0A444R855,0.119
A0A839AV34,0.119
A0A484VWB0,0.119
A0A2W6NT37,0.119
A0A1B1IL44,0.119
A0A1X3J5T6,0.119
A0A218N741,0.119
A0A6D0UYA9,0.119
A0A376ZU62,0.119
A0A0A1AFL5,0.119
A0A0B0WZR0,0.119
A0A0F3TJK2,0.119
A0A1Q6B572,0.119
A0A3L0W079,0.119
A0A6D1B5R5,0.119
A0A4D6PFJ1,0.119
A0A0B0VDH1,0.119
A0A6N6WV37,0.119
A0A376LAY0,0.119
A0A7M3PPS9,0.119
A0A3L0W3F7,0.119
A0A7L5P774,0.119
A0A376MVN4,0.119
A0A376WXR4,0.119
A0A376U0I6,0.119
A0A377BH67,0.119
A0A5F1PM43,0.119
A0A6C9EIJ8,0.119
A0A6L7CVI7,0.119
A0A0P7N3N7,0.118
A0A2A3UJA8,0.118
A0A7D7HH35,0.118
A0A0H3EZ53,0.118
A0A376UFP5,0.118
A0A2X3LV83,0.118
A0A377DP89,0.118
A0A024L417,0.118
A0A377E557,0.118
A0A376TFG0,0.118
A0A8B3M828,0.118
A0A376U9R2,0.118
A0A1V2FUA5,0.118
A0A376L758,0.118
A0A0E1T328,0.118
A0A2W6PPH2,0.118
A0A2Z2J8Z0,0.118
A0A6D0D6D0,0.118
A0A2X1NEU1,0.118
A0A5C9AQZ8,0.118
A0A377E3P5,0.118
A0A3L0W419,0.118
A0A6D1AC56,0.118
A0A126N564,0.118
A0A377MVF3,0.118
A0A061Y5K1,0.118
A0A3L0YAG3,0.118
A0A2K3TWM9,0.118
A0A076VF54,0.118
A0A023LE17,0.118
A0A7U5THC9,0.118
A0A244BMT4,0.118
A0A447Y178,0.118
A0A1X3J8K7,0.118
A0A0E1LAX1,0.118
A0A3L0VYW6,0.118
A0A418GJI4,0.118
A0A3L0W948,0.118
A0A376TLU2,0.118
A0A799N8G9,0.118
A0A387L110,0.118
A0A485JCE1,0.118
A0A6N9MV56,0.118
A0A7H4YQP3,0.118
A0A140CLH0,0.118
A0A3L0X0S5,0.118
A0A4D6PHT5,0.118
A0A6L7CQ06,0.118
A0A7U5THD0,0.118
A0A6N6WR60,0.117
A0A023LEL9,0.117
A0A6C9QGG4,0.117
A0A152BUH1,0.117
A0A2X1PS83,0.117
A0A828G883,0.117
A0A0E0XW23,0.117
A0A0H2VC34,0.117
A0A0E0Y1D7,0.117
A0A2X1MTW3,0.117
A0A3L9I978,0.117
A0A377CFY1,0.117
A0A2X1KBH5,0.117
A0A376WXX4,0.117
A0A2H9EJV8,0.117
A0A3L0YBE0,0.117
A0A418GMZ3,0.117
A0A0H2V4D0,0.117
A0A3L0W0G6,0.117
A0A376KZC4,0.117
A0A444QZN2,0.117
A0A2X1LNI9,0.117
A0A376U6S6,0.117
A0A376K3M8,0.117
A0A1Q6BD73,0.117
A0A067HK26,0.117
A0A1U9XF18,0.117
A0A376ZN09,0.117
A0A3L0W232,0.117
A0A822TQ03,0.117
A0A1X3JH44,0.117
A0A7H9LTL3,0.117
A0A2X1N9H9,0.117
A0A376SAL3,0.117
A0A6G4C3R8,0.117
A0A485JK57,0.117
A0A167ZSA5,0.117
A0A1X9TPF5,0.117
A0A2W6PFT4,0.117
A0A418GP30,0.117
A0A485JLG7,0.117
A0A822TR10,0.117
A0A385EPD8,0.117
A0A0K4BF72,0.117
A0A376U487,0.117
A0A0H2Z110,0.117
A0A3L0W578,0.117
A0A418H3U4,0.117
A0A376LHU9,0.117
A0A6D1AFH6,0.117
A0A1U9XHG0,0.117
A0A376ZP87,0.117
A0A5C9ATR7,0.117
A0A6N6WNJ2,0.116
A0A6D0PA15,0.116
A0A3P5DHV0,0.116
A0A7D3P6R8,0.116
A0A377HGB0,0.116
A0A4D6NT48,0.116
A0A0H0H0J4,0.116
A0A0E0Y208,0.116
A0A085P5Y4,0.116
A0A376KYE6,0.116
A0A7H9S9V3,0.116
A0A2H9EE03,0.116
A0A3L0X0R7,0.116
A0A6C9EHM6,0.116
A0A6L9AD89,0.116
A0A7T4XAU9,0.116
A0A8B3MB54,0.116
A0A376VCF6,0.116
A0A826TJH3,0.116
A0A209ND00,0.116
A0A0B1JWA3,0.116
A0A0E1SW47,0.116
A0A3L0VX79,0.116
A0A376YFN2,0.116
A0A376ZE56,0.116
A0A6M4P6T6,0.116
A0A899NDB4,0.116
A0A5C9AI40,0.116
A0A854BJG0,0.116
A0A3L0W3B1,0.116
A0A3S4MMQ8,0.116
A0A3L0Y8F6,0.116
A0A2R4KLH2,0.116
A0A376U0C2,0.116
A0A1X3HX63,0.116
A0A2Y8QFJ9,0.116
A0A0H2V7G0,0.116
A0A168T7B2,0.116
A0A5C8XTA8,0.116
A0A3L0W754,0.116
A7ZL68,0.116
A0A6L6ZP26,0.116
A0A6D1AD68,0.116
A0A2I8SM41,0.116
A0A376J2E8,0.116
A0A0A3TNQ9,0.116
A0A376KK13,0.116
A0A376M928,0.116
A7ZHJ2,0.116
A0A376VZW7,0.116
A0A2X3J903,0.116
A0A6D1AEP2,0.116
A0A377BM45,0.116
A0A376WBB5,0.116
A0A0E0XZ88,0.116
A0A376LQ21,0.116
A0A2K9UZM0,0.116
A0A074Q9T7,0.116
A0A0K4IYP4,0.116
A0A1X3JB11,0.116
A0A3L0W4E5,0.116
A0A2X1MWC8,0.116
A0A5C9A7S1,0.116
A0A5C9ATP4,0.116
A0A085P2D1,0.115
A0A377F7C1,0.115
A0A2X1JCF0,0.115
A0A4D6PE30,0.115
A0A0B1MU36,0.115
A0A377K139,0.115
A0A376W391,0.115
A0A1V2T6I7,0.115
A0A193LRR7,0.115
A0A0D6ZKW3,0.115
A0A0B0VKX5,0.115
A0A376SAA9,0.115
A0A376TLC6,0.115
A0A376WUK9,0.115
A0A376KXF9,0.115
A0A376DHA8,0.115
A0A376U7S3,0.115
A0A7T2N3J4,0.115
A0A485JGW0,0.115
A0A826X2H4,0.115
A0A0C2EJW5,0.115
A0A3U1VHJ2,0.115
A0A3L0W4W1,0.115
A0A3L0VYU3,0.115
A0A2A3WYY7,0.115
A0A0H3YFD0,0.115
A0A4Q8IVC8,0.115
A0A4D0QLR2,0.115
A0A2X1NEJ2,0.115
A0A1W1EM09,0.115
A0A3L0W1F8,0.115
A0A376HE16,0.115
A0A023KGB6,0.115
A0A2A2CG61,0.115
A0A376KLH5,0.115
A0A2X3JRD3,0.115
A0A0H3MF15,0.115
A0A376RDS3,0.115
A0A6L7AA96,0.115
A0A3P5DIP5,0.115
A0A376P6B5,0.115
A0A0H3MI17,0.115
A0A376X381,0.115
A0A3L0W3Z6,0.115
A0A376THH3,0.115
A0A2H9A2K0,0.115
A0A376KLS2,0.115
A0A376MPC7,0.115
A0A7U9AT37,0.115
A0A0H2YYT5,0.115
A0A6C9EHG7,0.115
A0A2X1K0L3,0.115
A0A3K2Y7C4,0.115
A0A3S4NNC3,0.115
A0A6C9EEX8,0.115
A0A376VDX1,0.115
A0A2X3K6B4,0.115
A0A6D1ACE0,0.115
A0A0E2KWH8,0.115
A0A376KJ05,0.115
A0A061YEB0,0.114
A0A418H8W3,0.114
A0A3P5DJD2,0.114
A0A7A3BQ24,0.114
A0A6L7A865,0.114
A0A6D1A7W1,0.114
A0A2X3JYN4,0.114
A0A377DR32,0.114
A0A3Z6GDK7,0.114
A0A377BCG3,0.114
A0A066QI83,0.114
A0A061YB04,0.114
A0A0K4SCL0,0.114
A0A2X1MZ47,0.114
A0A418GD74,0.114
A0A5S9AVE2,0.114
A0A2H4TKZ5,0.114
A0A797I2Y3,0.114
A0A3S4LGD5,0.114
A0A3S4NRC3,0.114
A0A6N8NSB6,0.114
A0A6D0V1D4,0.114
A0A484X6D2,0.114
A0A0H0I690,0.114
A0A0J8X0G8,0.114
A0A345ENE5,0.114
A0A376J5P9,0.114
A0A6G6ALP7,0.114
A0A085P769,0.114
A0A1J8PBX2,0.114
A0A3P1XQY5,0.114
A0A0M5JX38,0.114
A0A0H0QY20,0.114
A0A377A142,0.114
A0A376VWD5,0.114
A0A7A3BR83,0.114
A0A376UFI8,0.114
A0A418H5K4,0.114
A0A377CDI0,0.114
A0A1D7Q1J7,0.114
A0A1V2FX81,0.114
A0A781CGH5,0.114
A0A7G3WC28,0.114
A0A2R4KL87,0.114
A0A6D1AEN4,0.114
A0A377K7Q1,0.114
A0A0H2Z211,0.114
A0A376MAE2,0.114
A0A0A2S0C5,0.114
A0A376NRP7,0.114
A0A193LRA1,0.113
A0A6D1ACA8,0.113
A0A660HE78,0.113
A0A376NV93,0.113
A0A774N5M9,0.113
A0A2Z2JAK9,0.113
A0A484X1V9,0.113
A0A6C9QJQ8,0.113
A0A418GY15,0.113
A0A2W6PED9,0.113
A0A5P0JI36,0.113
A0A6D1AD42,0.113
A0A3L0VVM4,0.113
A0A6N9SGF7,0.113
A0A1X3I4L0,0.113
A0A3P1Y7H5,0.113
A0A777XZZ7,0.113
A0A7U9AXY4,0.113
A0A827EC13,0.113
A0A0H2V642,0.113
A0A376Y3J3,0.113
A0A2X1J718,0.113
A0A2S1J942,0.113
A0A0F5GEL7,0.113
A0A3L1CR82,0.113
A0A1B3ZSE5,0.113
A0A811AQ36,0.113
A0A0E1T6Q7,0.113
A0A376K6Z2,0.113
A0A1X3J0Z0,0.113
A0A3L9HW86,0.113
A0A826K2Y6,0.113
A0A1X3IC58,0.113
A0A0N8IT02,0.113
A0A5C9AQW6,0.113
A0A0P7KTL1,0.113
A0A142EAU2,0.113
A0A377B967,0.113
A0A191T976,0.113
A0A3L0X1N5,0.113
A0A7H9NMP6,0.113
A0A142EBL5,0.113
A0A191T946,0.113
A0A811ASJ6,0.113
A0A377DFU2,0.113
A0A484X3X8,0.113
A0A3G4RTK3,0.113
A0A0P7ND45,0.113
A0A137CJP2,0.113
A0A377CVX4,0.113
A0A3L0W0F6,0.112
A0A2D0AQI7,0.112
A0A6C9QJL7,0.112
A0A2I6F837,0.112
A0A377CDS1,0.112
A0A3Z9BLT2,0.112
A0A376KW21,0.112
A0A061KYX5,0.112
A0A0A1AD52,0.112
A0A1X1LKI5,0.112
A0A2X1LD29,0.112
A0A6D0GB06,0.112
A0A0B1MTR1,0.112
A0A377JXI9,0.112
A0A7D7KG85,0.112
A0A3L0W3Z7,0.112
A0A775YYS0,0.112
A0A0F3UTA8,0.112
A0A1M0URN0,0.112
A0A2A2CEP2,0.112
A0A2H5C8Z1,0.112
A0A827CQK6,0.112
A0A6L7CTK6,0.112
A0A377CY06,0.112
A0A376Y219,0.112
A0A0K5V9L6,0.112
A0A2X3JB86,0.112
A0A8B3M1G6,0.112
A0A376LLM9,0.112
A0A6L7CKH3,0.112
A0A485JMT2,0.112
A0A376NYA3,0.112
A0A376L495,0.112
A0A418H5D3,0.112
A0A376CS31,0.112
A0A3P1XQ12,0.112
A0A1Y5CFN7,0.112
A0A6N8NSN7,0.112
A0A6L7CJY5,0.112
A0A376YB77,0.112
A0A5N8HCL5,0.112
A0A376LJ03,0.112
A0A0E0Y2R1,0.112
A0A090JHI7,0.112
A0A444QZG0,0.112
A0A2W6NYK8,0.112
A0A3L0W4T1,0.112
A0A0A1ACD2,0.112
A0A3L0VXN9,0.112
A0A377D9X2,0.112
A0A5C9AMB0,0.112
A0A660HDW8,0.112
A0A6D0I409,0.112
A0A3U0EMS0,0.112
A0A376KWU0,0.112
A0A6D0Y3U3,0.112
A0A3S4K588,0.112
A0A376JN97,0.112
A0A376S8T0,0.112
A0A376DJF4,0.112
A0A376JH42,0.112
A0A3S4KJF5,0.112
A0A5C9A7J4,0.112
A0A023LKE4,0.111
A0A2Y0UAS5,0.111
A0A3W5Y6G0,0.111
A0A376W8D2,0.111
A0A376S9J8,0.111
A0A768FC63,0.111
A0A1X3ITB6,0.111
A0A779QIE7,0.111
A0A765XB48,0.111
A0A484X3M8,0.111
A0A3Y4Y444,0.111
A0A3L0W7G0,0.111
A0A3S4NRY8,0.111
A0A376J848,0.111
A0A3L0W152,0.111
A0A3U0PK44,0.111
A0A3L9I0W0,0.111
A0A376RFT4,0.111
A0A899NBK6,0.111
A0A3L0W585,0.111
A0A6D1AE51,0.111
A0A136X611,0.111
A0A085NWP2,0.111
A0A0K3L1P7,0.111
A0A376W825,0.111
A0A7G2KGB2,0.111
A0A376D7N6,0.111
A0A377C6I7,0.111
A0A2R4AH53,0.111
A0A377KA78,0.111
A0A1X3ISW1,0.111
A0A376YDI4,0.111
A0A0H2VGH5,0.111
A0A0D6GUJ0,0.111
A0A485JME5,0.111
A0A192C9Y1,0.111
A0A6D1A8T2,0.111
A0A5N8HH65,0.111
A0A377E1R9,0.111
A0A6G4PKP6,0.111
A0A376S887,0.111
A0A376U4N5,0.111
A0A899NCW9,0.111
A0A1V2G242,0.111
A0A376RR85,0.111
A0A2W6PGU1,0.111
A0A5B9ABF6,0.111
A0A376KI47,0.111
A0A7A6ZX31,0.111
A0A7G3NPA4,0.111
A0A3L0VZW0,0.111
A0A0E2L326,0.111
A0A377HHR4,0.111
A0A6C9EFJ7,0.111
A0A377BYI8,0.111
A0A376HED1,0.11
A0A7H9M0Q0,0.11
A0A376L6M2,0.11
A0A7A7US71,0.11
A0A6D0IGL6,0.11
A0A376LHW4,0.11
A0A485JJZ7,0.11
A0A2X3M4U1,0.11
A0A6N8NFC7,0.11
A0A376MQM1,0.11
A0A3U0PKK8,0.11
A0A376KXF0,0.11
A0A152H1I3,0.11
A0A377DGS0,0.11
A0A2X3KLY2,0.11
A0A6D1AD02,0.11
A0A827FUI7,0.11
A0A418GK04,0.11
A0A0H3PUX4,0.11
A0A376WCJ3,0.11
A0A6C7GYY8,0.11
A0A6C9QJZ0,0.11
A0A2X3JMV1,0.11
A0A3R0JDY6,0.11
A0A0C2E9W7,0.11
A0A0J2C126,0.11
A0A377C020,0.11
A0A192CAK1,0.11
A0A376UBC4,0.11
A0A023KVE4,0.11
A0A2P6IVQ0,0.11
A0A024KZT9,0.11
A0A376TGQ2,0.11
A0A0E0SRM5,0.11
A0A376YB18,0.11
A0A3L0VSS4,0.11
A0A6L7CX74,0.11
A0A828AFT6,0.11
A0A1V2FXY2,0.11
A0A484WT09,0.11
A0A6D0IKS7,0.11
A0A417ZP29,0.11
A0A6L7CWY8,0.11
A0A023PY02,0.11
A0A2X3K0F4,0.11
A0A3P1X231,0.11
A0A376MSE7,0.11
A0A140WYB8,0.11
A0A377CY69,0.11
A0A6D1ACL0,0.11
A0A2X1N9K2,0.11
A0A6N8R986,0.11
A0A377DZY7,0.11
A0A6C7H2Y0,0.11
A0A376P0A8,0.11
A0A485JN57,0.11
A0A376RRG6,0.11
A0A376PRQ1,0.11
A0A5P0JJV3,0.11
A0A2A2CD18,0.11
A0A1X3I7N5,0.11
A0A3Z6G529,0.11
A0A1V2GI38,0.11
A0A418GYB7,0.11
A0A4T8IQZ6,0.109
A0A376S821,0.109
A0A0H3MSI0,0.109
A0A3L0W4S5,0.109
A0A376KQK1,0.109
A0A2X7ZIT8,0.109
A0A484X172,0.109
A0A7A2WBM0,0.109
A0A0C2EA77,0.109
A0A839AWS0,0.109
A0A828AKH1,0.109
A0A085P3Q7,0.109
A0A0B1KVZ9,0.109
A0A0B0VTU9,0.109
A0A061KQ55,0.109
A0A2H4TYX8,0.109
A0A3R1ATH9,0.109
A0A826TDH6,0.109
A0A377C435,0.109
A0A145YZ52,0.109
A0A3L0W4F9,0.109
A0A2X1NI41,0.109
A0A377CW89,0.109
A0A377CZ33,0.109
A0A6G4BZ93,0.109
A0A376KMM9,0.109
A0A376YC91,0.109
A0A377DN46,0.109
A0A444R1D8,0.109
A0A1D7Q1C8,0.109
A0A1X3J111,0.109
A0A1X3JLX4,0.109
A0A6N8NRT5,0.109
A0A377AQ31,0.109
A0A376TLU9,0.109
A0A0B0SS67,0.109
A0A3L9G568,0.109
A0A376S8D0,0.109
A0A377CW96,0.109
A0A418H287,0.109
A0A6C9EIY9,0.109
A0A1X3J167,0.109
A0A0A3TW22,0.109
A0A376X446,0.109
A0A1M0S5V3,0.109
A0A0H2VGK0,0.109
A0A376KMB1,0.109
A0A2H4TK90,0.109
A0A0G9FLE0,0.109
A0A1X3I467,0.109
A0A6D1ACD3,0.109
A0A376S9T0,0.109
A0A828U982,0.109
A0A376YCN4,0.109
A0A7U9QC58,0.109
A0A376YQ29,0.109
A0A779VYW7,0.109
A0A444R0D1,0.109
A0A1V2G8U2,0.109
A0A6D1AD47,0.109
A0A0G9G2K7,0.109
A0A899NBJ3,0.109
A0A0H2V6N3,0.108
A0A2X1MUH6,0.108
A0A0M1UJK2,0.108
A0A3L0VWH4,0.108
A0A765T6R8,0.108
A0A376MLT9,0.108
A0A376NXB2,0.108
A0A5N8HHH4,0.108
A0A2X1JMP8,0.108
A0A2X1J568,0.108
A0A377BLU9,0.108
A0A376YD02,0.108
A0A6D1AFB5,0.108
A0A085NY39,0.108
A0A229APJ6,0.108
A0A418H7E7,0.108
A0A377BZB9,0.108
A0A891ZVH5,0.108
A0A5B9ASZ6,0.108
A0A478G7U7,0.108
A0A7U9APS3,0.108
A0A6L7CLU5,0.108
A0A6N8QIG0,0.108
A0A1V3VTB2,0.108
A0A1Q6AM64,0.108
A0A2A2C442,0.108
A0A377MYI7,0.108
A0A6N8NHF6,0.108
A0A0H3ET77,0.108
A0A229AL57,0.108
A0A0E2L4X8,0.108
A0A3W3CPV0,0.108
A0A3L0YDR8,0.108
A0A376TQQ5,0.108
A0A0E0Y9G9,0.108
A0A3L0VY61,0.108
A0A6N8QT11,0.108
A0A2W6NUV3,0.108
A0A377A2S7,0.108
A0A066T0A5,0.108
A0A838AUW1,0.108
A0A2X3KDN8,0.108
A0A3P1X194,0.108
A0A377EAE6,0.108
A0A6D1ABK7,0.108
A0A2H9EJW5,0.108
A0A5N8HJS9,0.108
A0A6M1DKU0,0.108
A0A3L9GD44,0.108
A0A3L9HWE0,0.108
A0A2X3KKP2,0.108
A0A3L0YEX2,0.108
A0A444R0Q8,0.108
A0A6L7A090,0.108
A0A5D8LVQ5,0.107
A0A377A171,0.107
A0A485J809,0.107
A0A7A6KWA1,0.107
A0A6G9I0H0,0.107
A0A1V2GGI0,0.107
A0A2X3J9D4,0.107
A0A827Y2Y3,0.107
A0A444R096,0.107
A0A377DWH4,0.107
A0A5N8HF20,0.107
A0A376P826,0.107
A0A2X1LGZ5,0.107
A0A783LA52,0.107
A0A193LMG3,0.107
A0A376KQP4,0.107
A0A7L8KAG3,0.107
A0A0H0HXD8,0.107
A0A6D1AEL2,0.107
A0A2X6T687,0.107
A0A6H1PXM3,0.107
A0A3P1XGP2,0.107
A0A3L0VTI3,0.107
A0A5C9AAQ7,0.107
A0A376W5V7,0.107
A0A830V5U2,0.107
A0A2X1N6C1,0.107
A0A0E0Y838,0.107
A0A2H9ELR6,0.107
A0A377D1W1,0.107
A0A377D0I1,0.107
A0A403D8G9,0.107
A0A485J823,0.107
A0A377AAV6,0.107
A0A376LE03,0.107
A0A6D0F0D1,0.107
A0A376L5L8,0.107
A0A1V2FUA8,0.107
A0A3Q8VKV6,0.107
A0A376LPV4,0.107
A0A2X3K4F3,0.107
A0A1V2GEL8,0.107
A0A6N9SEY6,0.107
A0A811VRR3,0.107
A0A376RHY5,0.107
A0A3R0VWQ3,0.107
A0A376X1A9,0.107
A0A0E0Y0A8,0.107
A0A377K9P3,0.107
A0A376LE99,0.107
A0A660HJQ8,0.107
A0A7H9NAP9,0.107
A0A377E8B9,0.107
A0A854JRX2,0.107
A0A376KU45,0.106
A0A377BDP2,0.106
A0A066T9G9,0.106
A0A376RRG7,0.106
A0A244B8Z6,0.106
A0A3L0W2X7,0.106
A0A485DCP8,0.106
A0A0N9NKK4,0.106
A0A376DJY6,0.106
A0A6D1ABZ0,0.106
A0A7A9QID3,0.106
A0A1B2RBI8,0.106
A0A3L0Y6C5,0.106
A0A085P8V0,0.106
A0A024LB85,0.106
A0A376P614,0.106
A0A167V556,0.106
A0A2P9EI66,0.106
A0A826SQM7,0.106
A0A3L9ICY0,0.106
A0A1V2GBZ9,0.106
A0A3V0YA13,0.106
A0A1M0CGN7,0.106
A0A2X1PRA3,0.106
A0A3P1XAL3,0.106
A0A5C9A8S8,0.106
A0A1Y1CTD1,0.106
A0A0B1MEA6,0.106
A0A7D6EYC6,0.106
A0A411KX38,0.106
A0A2A2CD55,0.106
A0A3W4RN45,0.106
A0A377DXV4,0.106
A0A0E0XWB0,0.106
A0A376TVB4,0.106
A0A077K4M2,0.106
A0A6L7A922,0.106
A0A0M1UHG0,0.106
A0A2X1LCG3,0.106
A0A192CDB5,0.106
A0A376TK79,0.106
A0A766SVG7,0.106
A0A2X1NEN6,0.106
A0A7D5HKR0,0.106
A0A376HDV6,0.106
A0A376KZ15,0.106
A0A377KE48,0.106
A0A6N6WSN3,0.106
A0A193LQ08,0.106
A0A369FTN4,0.106
A0A376WAU1,0.106
A0A377DLK1,0.106
A0A3G4RST0,0.106
A0A827LH77,0.106
A0A426EXS8,0.106
A0A2W6NX29,0.106
A0A377AGW5,0.106
A0A2X1P3D2,0.106
A0A6D0JZ76,0.106
A0A377E5C6,0.106
A0A1V2FWC2,0.106
A0A6L7CWV3,0.106
A0A0E0XY99,0.106
A0A0B1KDE8,0.106
A0A6D1AF02,0.106
A0A0P7KSK7,0.105
A0A376W9N6,0.105
A0A3L0W9R0,0.105
A0A3L0W1C8,0.105
A0A787X3V3,0.105
A0A192CCJ8,0.105
A0A061L0B0,0.105
A0A3L0W1W8,0.105
A0A377BJM2,0.105
A0A6C9EFQ6,0.105
A0A2X1N2N3,0.105
A0A2H4TUZ9,0.105
A0A6G9HIF4,0.105
A0A3U1VAG1,0.105
A0A5P0J9Z8,0.105
A0A376K1G6,0.105
A0A3L0W2V8,0.105
A0A2X3KFH5,0.105
A0A376NU73,0.105
A0A161ILM2,0.105
A0A193LMW9,0.105
A0A6D1AAZ3,0.105
A0A7G2KIH6,0.105
A0A6N6WNR4,0.105
A0A3L0VY75,0.105
A0A418H9Q2,0.105
A0A2X1KBJ3,0.105
A0A2K3TX04,0.105
A0A3L0VV74,0.105
A0A418GJI3,0.105
A0A0H2VFC2,0.105
A0A0E0Y152,0.105
A0A2X1JBI5,0.105
A0A3P1WW89,0.105
A0A6G5ZYR4,0.105
A0A5C9A908,0.105
A0A6D1ACZ1,0.105
A0A377A537,0.105
A0A377CGX3,0.105
A0A0E0XX86,0.105
A0A809T103,0.105
A0A0P7LNE1,0.105
A0A376L4I2,0.105
A0A376DIS3,0.105
A0A7L8KAH9,0.105
A0A377BUA3,0.105
A0A3L0X2I4,0.105
A0A6L7CNB9,0.105
A0A1Q6B2N4,0.105
A0A4T6SL84,0.105
A0A142EBX6,0.105
A0A6L9AD22,0.105
A0A3L0W639,0.105
A0A376L1L5,0.105
A0A6D1AIB1,0.105
A0A2X3K4U2,0.105
A0A1Q4PBQ9,0.105
A0A0A8J6G0,0.105
A0A788CP70,0.104
A0A649Z4A4,0.104
A0A024L2N4,0.104
A0A066R1S5,0.104
A0A085NWY7,0.104
A0A3V0Y9N0,0.104
A0A376YCM2,0.104
A0A853JX10,0.104
A0A827G455,0.104
A0A5C9AH75,0.104
A0A377EB28,0.104
A0A345N8S7,0.104
A0A493R5V7,0.104
A0A5C9AHX5,0.104
A0A484WQR3,0.104
A0A3T3LKB2,0.104
A0A3P1XLJ9,0.104
A0A485JR90,0.104
A0A454A7H2,0.104
A0A1X3JH01,0.104
A0A0N9DZR1,0.104
A0A6C9QG63,0.104
A0A0E0SS50,0.104
A0A2A2C551,0.104
A0A377E2I0,0.104
A0A2T1LAH4,0.104
A0A377D4A2,0.104
A0A5B9AZW5,0.104
A0A376LQA2,0.104
A0A2X1PUP0,0.104
A0A1X9TF48,0.104
A0A0E1SX83,0.104
A0A3Z6G9G4,0.104
A0A376RE33,0.104
A0A899NEL3,0.104
A0A828HAB0,0.104
A0A3L9HYV0,0.104
A0A376VGS6,0.104
A0A7T2JNV3,0.104
A0A376X0D8,0.104
A0A271UCB1,0.104
A0A5C9ANQ6,0.104
A0A6D1A6Z3,0.104
A0A1M2R853,0.104
A0A5Q2GKD6,0.104
A0A377K788,0.104
A0A376YDX2,0.104
A0A376UBE8,0.104
A0A418GSC2,0.104
A0A1V2G5I4,0.104
A0A6N8NMM9,0.104
A0A0C5F889,0.104
A0A8B3M5M6,0.104
A0A0E1SZW6,0.103
A0A0H2YXP9,0.103
A0A3L0VTQ1,0.103
A0A828P904,0.103
A0A827LLA3,0.103
A0A6G9HIE4,0.103
A0A0E1LGM3,0.103
A0A0P7LX69,0.103
A0A1X3JEA1,0.103
A0A6L7A402,0.103
A0A3G4RL98,0.103
A0A377CT90,0.103
A0A3L0YG04,0.103
A0A376WU72,0.103
A0A376RMS5,0.103
A0A6C9Z7K8,0.103
A0A0P7LV50,0.103
A0A3L0W3Q8,0.103
A0A6N6WR89,0.103
A0A376VDC0,0.103
A0A2X3M2S5,0.103
A0A3L0X551,0.103
A0A2X7ZLN4,0.103
A0A2X3KE06,0.103
A0A376MUU2,0.103
A0A061KN43,0.103
A0A0K5MQ20,0.103
A0A037YLL3,0.103
A0A0B0Y5K6,0.103
A0A827FWK3,0.103
A0A3S4K6H3,0.103
A0A2X3JWB2,0.103
A0A2X3K1E4,0.103
A0A418GAH1,0.103
A0A5C8XUV3,0.103
A0A376RE18,0.103
A0A0P7LPW8,0.103
A0A3L9HRN2,0.103
A0A768CAQ3,0.103
A0A0H2XJP3,0.103
A0A3L0W1X6,0.103
A0A0V9RCA6,0.103
A0A6G4JYQ9,0.103
A0A376KWW2,0.103
A0A776R0T0,0.102
A0A7G2KI66,0.102
A0A828U516,0.102
A0A6N9SM18,0.102
A0A6N8NGD6,0.102
A0A2Y8MTL4,0.102
A0A5C8XTU2,0.102
A0A6D1A809,0.102
A0A3K0WHQ4,0.102
A0A1X3I7N2,0.102
A0A377KA67,0.102
A0A0P7PU84,0.102
A0A377AXP6,0.102
A0A0H3MW20,0.102
A0A376X1D2,0.102
A0A1V2GHU2,0.102
A0A222ASH5,0.102
A0A3L0VVA2,0.102
A0A3L0VTM1,0.102
A0A3P1X6W4,0.102
A0A0A8J3V6,0.102
A0A0A8LC62,0.102
A0A377AYS9,0.102
A0A376J6I4,0.102
A0A376Y3B0,0.102
A0A6S6L2F4,0.102
A0A0A0FR15,0.102
A0A0J2B5T1,0.102
A0A377CY50,0.102
A0A3P1XA07,0.102
A0A2X5M673,0.102
A0A3L0VVC8,0.102
A0A376ML87,0.102
A0A0L6HLZ7,0.102
A0A376L3Q2,0.102
A0A377B1C1,0.102
A0A0E1SVI4,0.102
A0A8A6FTR6,0.102
A0A0H3EKC7,0.102
A0A484WS06,0.102
A0A444RC81,0.102
A0A6C9EFF2,0.102
A0A1X3HXC3,0.102
A0A0V9HGD8,0.102
B1B493,0.102
A0A1E5M098,0.102
A0A1V2GAT7,0.102
A0A061K591,0.102
A0A168T7W6,0.102
A0A6G4K002,0.102
A0A2X1IWW9,0.102
A0A417ZRT0,0.102
A0A376RFA7,0.102
A0A3P1XLP6,0.102
A0A193LU93,0.102
A0A410P7K3,0.102
A0A2X1N4M3,0.102
A0A789RQZ6,0.102
A0A0K4GRR4,0.102
A0A2S1PLD1,0.102
A0A811ASH0,0.102
A0A024L443,0.102
A0A6C9EFL9,0.102
A0A6D1AIF8,0.102
A0A2X1LMI4,0.101
A0A6L6ZTY8,0.101
A0A376S9W4,0.101
A0A854C057,0.101
A0A6D0FYE5,0.101
A0A377KFA8,0.101
A0A376PV48,0.101
A0A376ZQ71,0.101
A0A1U9SSD0,0.101
A0A3I0SY91,0.101
A0A2X1KBU7,0.101
A0A6N8NKA5,0.101
A0A7L8KA70,0.101
A0A376TND2,0.101
A0A376YDZ6,0.101
A0A2X1PTU3,0.101
A0A6N8NTB0,0.101
A0A3P5DM84,0.101
A0A828P9Z4,0.101
A0A3L0VX81,0.101
A0A0E2LBH3,0.101
A0A485JI30,0.101
A0A6N8NRE1,0.101
A0A3S4K1V6,0.101
A0A3A1QC30,0.101
A0A418GEE7,0.101
A0A5N8H864,0.101
A0A6M1DHG4,0.101
A0A0L0ZIU8,0.101
A0A827LSW0,0.101
A0A2X9EUU0,0.101
A0A376ZJX6,0.101
A0A6L9ABI1,0.101
A0A2X7FL95,0.101
A0A0A8J844,0.101
A0A4D6PF65,0.101
A0A161RMK9,0.101
A0A2X1MXE9,0.101
A0A066R5L2,0.101
A0A061L0K2,0.101
A0A376NW84,0.101
A0A6N6WNP5,0.101
A0A3L5H9W8,0.101
A0A061KKD8,0.101
A0A5C9AMT7,0.101
A0A811AST4,0.101
A0A6L7CAS4,0.101
A0A484YYI5,0.101
A0A377BAW5,0.101
A0A2Z2JA15,0.101
A0A376RGX5,0.101
A0A828U877,0.101
A0A0E3V2W2,0.101
A0A6N6WS48,0.101
A0A765T527,0.101
A0A7M3PPP8,0.101
A0A3A3EXY1,0.101
A0A0E0XVM1,0.101
A0A3W4K8D2,0.101
A0A376VBN6,0.101
A0A7U1E225,0.101
A0A783V5L9,0.101
A0A1X3I496,0.101
A0A0H3MXJ6,0.1
A0A484X580,0.1
A0A376KM89,0.1
A0A7B4P1H6,0.1
A0A376FTD5,0.1
A0A6N6WP78,0.1
A0A376P933,0.1
A0A376VJF6,0.1
A0A6L7CP50,0.1
A0A7G9AA39,0.1
A0A066T0W5,0.1
A0A6N6WP01,0.1
A0A376UA50,0.1
A0A828GUX6,0.1
A0A376JLH4,0.1
A0A376P023,0.1
A0A0U2R080,0.1
A0A2X1MWW6,0.1
A0A0H3JEN6,0.1
A0A377BCB6,0.1
A0A377L8D2,0.1
A0A2X7UZI0,0.1
A0A0K4SWK0,0.1
A0A0D7IL48,0.1
A0A377AHH4,0.1
A0A376WSX7,0.1
A0A377CFK6,0.1
A0A0H3MJB6,0.1
A0A377AIZ9,0.1
A0A0E0Y5L2,0.1
A0A3L0VUK4,0.1
A0A5Q4ZZ38,0.1
A0A3P1XJB8,0.1
A0A376MMG2,0.1
A0A5P0JJL5,0.1
A0A376ZL56,0.1
A0A377E966,0.1
A0A376J029,0.1
A0A0M1UJ50,0.1
A0A0D8WI04,0.1
A0A418H0S5,0.1
A0A3P5HI72,0.1
A0A0B1FM94,0.1
A0A023UJB1,0.1
A0A2L1KU90,0.1
A0A377DN96,0.1
A0A376RK93,0.1
A0A3L0YJA8,0.1
A0A4C7AIW8,0.1
A0A377DQE6,0.1
A0A377DBW2,0.1
A0A066RGM0,0.1
A0A377F4G5,0.1
A0A6G9HIT6,0.1
A0A377BTI7,0.1
A0A3P1XVY1,0.1
A0A1L4IU33,0.1
A0A6M4P2Q7,0.1
A0A1M0WPY1,0.1
A0A6G4C1Q0,0.099
A0A3L0VRW9,0.099
A0A5F0NSA6,0.099
A0A376X6X2,0.099
A0A0F6SKH3,0.099
A0A376MKZ2,0.099
A0A066SQ50,0.099
A0A6L7CMF1,0.099
A0A1X3HWR6,0.099
A0A2W6PAH6,0.099
A0A1M2F066,0.099
A2TJI4,0.099
A0A376L1V2,0.099
A0A3S4K8Y4,0.099
A0A5C9A8B4,0.099
A0A6L7FCN8,0.099
A0A0L7AID0,0.099
A0A085P8Q8,0.099
A0A3L0VV40,0.099
A0A1V2GCG8,0.099
A0A0H2YVV2,0.099
A0A376VMD5,0.099
A0A377ALS9,0.099
A0A191T964,0.099
A0A0K4WXT3,0.099
A0A827QF35,0.099
A0A3L0Y8C8,0.099
A0A376YFS6,0.099
A0A376L5R6,0.099
A0A6N8NT51,0.099
A0A3L0W121,0.099
A0A377F5S3,0.099
A0A377AWN4,0.099
A0A192CHU5,0.099
A0A376MM85,0.099
A0A3J9DE06,0.099
A0A1X9TP60,0.099
A0A376KZY4,0.099
A0A0D8VFC3,0.099
A0A485JKG1,0.099
A0A376YE49,0.099
A0A377AZ42,0.099
A0A827Y2A0,0.099
A0A376MTU7,0.099
A0A1X3I3G9,0.099
A0A377CYW9,0.099
A0A5C9AA41,0.099
A0A2X3K9Z3,0.099
A0A377CII1,0.099
A0A7A3BZH2,0.099
A0A377F6L8,0.099
A0A376ZQK1,0.099
A0A0M1U694,0.099
A0A377BUB8,0.099
A0A5C9ADZ1,0.099
A0A377DLJ2,0.099
A0A485JKB5,0.099
A0A5N8HIE7,0.099
A0A3L9EES7,0.099
A0A403LWC2,0.099
A0A6D1ITI3,0.099
A0A0C5B3A5,0.099
A0A444R0A3,0.099
A0A377E3H7,0.098
A0A061KSY9,0.098
A0A2H9EHT0,0.098
A0A447XUJ9,0.098
A0A826X1E0,0.098
A0A377K1P7,0.098
A0A7D7PL42,0.098
A0A3L0WDT3,0.098
A0A0E0SRX9,0.098
A0A2A2CG65,0.098
A0A0P7LT39,0.098
A0A376U8Q5,0.098
A0A4D2MA10,0.098
A0A376X924,0.098
A0A2A2CGA2,0.098
A0A1Q6B1L0,0.098
A0A484YT45,0.098
A0A376TUF0,0.098
A0A6G5ZYG2,0.098
A0A0B1KDZ6,0.098
A0A0H3PSV1,0.098
A0A376RHQ3,0.098
A0A0E0Y4S8,0.098
A0A418H763,0.098
A0A376PWM3,0.098
A0A377BBT1,0.098
A0A377A9N8,0.098
A0A377CW90,0.098
A0A2W6P9A0,0.098
A0A7D5GHR5,0.098
A0A0K0N3T8,0.098
A0A7U9AXF0,0.098
A0A0J2ATW3,0.098
A0A3G4RJR1,0.098
A0A478KQN3,0.098
A0A7L5P326,0.098
A0A192CDT3,0.098
A0A2S8JK02,0.098
A0A6D0IF15,0.098
A0A085P437,0.098
A0A3S4NU48,0.098
A0A377F885,0.098
A0A377JZW8,0.098
A0A376TZ15,0.098
A0A6L7CN07,0.098
A0A377E729,0.098
A0A2H4TLV6,0.098
A0A376FWC1,0.098
A0A5B9ABG5,0.098
A0A376KR19,0.098
A0A6C9EIP3,0.098
A0A377DQB1,0.098
A0A3L0W533,0.098
A0A827HS65,0.098
A0A0H0G7I7,0.098
A0A3Z6GBX3,0.098
A0A377BFI9,0.098
A0A0B1MGD1,0.098
A0A0A0GUH5,0.098
A0A6D1P0G1,0.098
A0A418GYC3,0.098
A0A024KZV8,0.097
A0A024L176,0.097
A0A7U1E1Q0,0.097
A0A3S4LDA2,0.097
A0A831GU75,0.097
A0A0A1AA61,0.097
A0A376WAJ9,0.097
A0A376WTZ6,0.097
A0A6L7CNG0,0.097
A0A1X9TLF6,0.097
A0A377DKS4,0.097
A0A376UEI0,0.097
A0A2X3LSR5,0.097
A0A094WLJ8,0.097
A0A376W0I8,0.097
A0A2X3KCP1,0.097
A0A5P1MT95,0.097
A0A376W714,0.097
A0A3K4FIP5,0.097
A0A024KZP0,0.097
A0A0L7AIG3,0.097
A0A376VRG6,0.097
A0A765X9F0,0.097
A0A484Y411,0.097
A0A377JXQ8,0.097
A0A444QZR7,0.097
A0A3L0X8N4,0.097
A0A3L0VYX3,0.097
A0A418GTW5,0.097
A0A6D0IK00,0.097
A0A376ZJN6,0.097
A0A376VNZ8,0.097
A0A1C9CJM3,0.097
A0A3L9G4N3,0.097
A0A8B3M720,0.097
A0A376RT51,0.097
A0A218N191,0.097
A0A418H285,0.097
A0A376RGI1,0.097
A0A6D1AHB7,0.097
A0A376TE69,0.097
A0A6D1A5X8,0.097
A0A3I1SFH4,0.097
A0A6N8NT80,0.097
A0A3G4RT71,0.097
A0A0D7C700,0.097
A0A1M1NEQ2,0.097
A0A7H9NK93,0.097
A0A2T3TPQ9,0.097
A0A3L0VVM1,0.097
A0A826TPX1,0.097
A0A066RAJ7,0.097
A0A2X1PMA6,0.097
A0A3L0W0H1,0.097
A0A377MXF7,0.097
A0A066T2I8,0.097
A0A3K2VLY9,0.097
A0A444R1T5,0.097
A0A3L0W6K3,0.097
A0A6C9QJI4,0.097
A0A376J096,0.097
A0A3L0WX10,0.097
A0A836NGK2,0.097
A0A5B9AC54,0.097
A0A7D7KG55,0.097
A0A6L7A8H6,0.097
A0A376ZZB3,0.097
A0A2Y0XLT0,0.097
A0A3L0VT28,0.097
A0A0L7AGI7,0.097
A0A1Q4PBK9,0.097
A0A376JP33,0.097
A0A2I6FF61,0.097
A0A0K4IYR7,0.097
A0A6M1DK07,0.097
A0A376FNP8,0.097
A0A1V2T646,0.096
A0A3Z6GBT6,0.096
A0A6S6LFU3,0.096
A0A066SVS3,0.096
A0A3L0W0Z8,0.096
A0A2X1N8H9,0.096
A0A0H3PQI6,0.096
A0A2X1JD69,0.096
A0A023KQH2,0.096
A0A377CXH1,0.096
A0A0B0VC11,0.096
A0A142EC35,0.096
A0A377D6Y7,0.096
A0A418GSE1,0.096
A0A377DRJ0,0.096
A0A3L0YB90,0.096
A0A2R4AHL3,0.096
A0A377K951,0.096
A0A0C2E5B8,0.096
A0A377BM35,0.096
A0A484YID7,0.096
A0A3S4KFM8,0.096
A0A376RND7,0.096
A0A0L1BJS4,0.096
A0A2X1M6X1,0.096
A0A077K4D9,0.096
A0A6N8QJW7,0.096
A0A0K4NF47,0.096
A0A376VEA4,0.096
A0A376UAV7,0.096
A0A765XAH6,0.096
A0A2A3V106,0.096
A0A376ZUE5,0.096
A0A444R266,0.096
A0A0H3JIR2,0.096
A0A0H3MM53,0.096
A0A3L0X2E8,0.096
A0A0C5PL15,0.096
A0A376TI09,0.096
A0A343J184,0.096
A0A376TLZ2,0.096
A0A377C654,0.096
A0A376LJV7,0.096
A0A0H0GFZ3,0.096
A0A376LC82,0.096
A0A2X1LVG7,0.096
A0A7U5YWY1,0.096
A0A485JLD9,0.096
A0A376P4E6,0.096
A0A377A0R1,0.096
A0A377LAA7,0.096
A0A3L0VX15,0.096
A0A7L8K9X2,0.096
A0A7A7A1L5,0.096
A0A418GS74,0.096
A0A376LFX7,0.096
A0A0C5PKW9,0.096
A0A2X3KD73,0.096
A0A2Z2JEL4,0.096
A0A1B1IL71,0.096
A0A0D8VFC9,0.096
A0A377D1H1,0.096
A0A376TU50,0.096
A0A377BSB4,0.096
A0A3L0VT19,0.096
A0A2X5SCA7,0.096
A0A193LRH3,0.096
A0A376KPG0,0.096
A0A0H0F897,0.096
A0A2X8TLK1,0.095
A0A376WZY0,0.095
A0A3Q8HYQ6,0.095
A0A061K139,0.095
A0A5C8XSM4,0.095
A0A6N8QPP1,0.095
A0A376RL06,0.095
A0A7H9LSC7,0.095
A0A0H2YWG1,0.095
A0A6L7CMB2,0.095
A0A6L7CXE9,0.095
A0A069CF48,0.095
A0A343J0S4,0.095
A0A376YKR4,0.095
A0A3Z6GDC1,0.095
A0A377FBS7,0.095
A0A2X3K3R2,0.095
A0A377F8J4,0.095
A0A0A0GY16,0.095
A0A376VR84,0.095
A0A0E0XZC3,0.095
A0A3T4CVF3,0.095
A0A376M5K0,0.095
A0A376HIV6,0.095
A0A0D8W5W6,0.095
A0A3Z6GDB1,0.095
A0A2X1KUB9,0.095
A0A484VXC9,0.095
A0A377D4T8,0.095
A0A192CD10,0.095
A0A0N8IR24,0.095
A0A4P8C4C3,0.095
A0A1E5MDP7,0.095
A0A0D8VEZ1,0.095
A0A6D0IFG7,0.095
A0A3Q8GKF8,0.095
A0A2X1JF87,0.095
A0A828U5W4,0.095
A0A6D0IJ46,0.095
A0A0K3PJK1,0.095
A0A6C9EIB6,0.095
A0A6G6AKK8,0.095
A0A376K249,0.095
A0A5N8HHJ3,0.095
A0A223HH77,0.095
A0A5C9ACK3,0.095
A0A2W6NZ38,0.095
A0A376LA28,0.095
A0A1X9TP02,0.095
A0A0B0VS72,0.095
A0A417ZP90,0.095
A0A3L0W1I6,0.095
A0A061L0B6,0.095
A0A418H941,0.095
A0A0P7MB77,0.095
A0A376VK73,0.095
A0A0B5EEV0,0.095
A0A376P117,0.095
A0A1Q6B1W7,0.095
A0A826X541,0.095
A0A0E2LB88,0.095
A0A376V9N8,0.095
A0A142EAW1,0.095
A0A377C430,0.095
A0A5C9AHY0,0.095
A0A1M0EH10,0.095
A0A192CIM8,0.095
B0FMU1,0.095
A0A3L9G954,0.095
A0A376LHQ8,0.094
A0A1X3I4G0,0.094
A0A167U387,0.094
A0A2K3TJU2,0.094
A0A3L0VTA0,0.094
A0A811AQS6,0.094
A0A485JGY6,0.094
A0A1V3VTX0,0.094
A0A3L0W2M2,0.094
A0A826WYL9,0.094
A0A2U2V5G5,0.094
A0A377CNV5,0.094
A0A485JGI2,0.094
A0A4P9IUN4,0.094
A0A2X1K8T2,0.094
A0A811AR15,0.094
A0A376RL66,0.094
A0A146IGA8,0.094
A0A2X3JGB0,0.094
A0A3L0W1K1,0.094
A0A2X3K767,0.094
A0A6G9I1M2,0.094
A0A376RMB7,0.094
A0A377DR77,0.094
A0A2T8JQ71,0.094
A0A377K1I4,0.094
A0A1M0CSE3,0.094
A0A1Q6B9V8,0.094
A0A0D8W6Q3,0.094
A0A4T6LI63,0.094
A0A0H3PRU2,0.094
A0A0E3H168,0.094
A0A444R0W2,0.094
A0A765T743,0.094
A0A3P1WYV9,0.094
A0A377C5N2,0.094
A0A3P1WV18,0.094
A0A786J573,0.094
A0A4T8DGF8,0.094
A0A5N8HB89,0.094
A0A6L7CAQ6,0.094
A0A6D1A999,0.094
A0A6D0HTJ4,0.094
A0A3L9G0H6,0.094
A0A6D0IJ76,0.094
A0A0K4PWN5,0.094
A0A376MPY7,0.094
A0A1X3IA87,0.094
A0A0E1SWG9,0.094
A0A0H2VC47,0.094
A0A6D0FU07,0.094
A0A376K291,0.094
A0A6N8NQ01,0.094
A0A6N8QFM4,0.094
A0A377KEC8,0.094
A0A2H9FSS2,0.094
A0A376MI36,0.094
A0A484X0D4,0.094
A0A061K8M2,0.094
A0A826WPZ4,0.094
A0A6C9EGT6,0.094
A0A3U0PK27,0.094
A0A377DFC1,0.094
A0A6D0DPG4,0.094
A0A3L9IAJ8,0.093
A0A6D0IG84,0.093
A0A0K5ZBG4,0.093
A0A899NC22,0.093
A0A075MIE6,0.093
A0A377AYG6,0.093
A0A444R083,0.093
A0A6C9EHH7,0.093
A0A6D1A8R9,0.093
A0A0C5PJ34,0.093
A0A192CKR8,0.093
A0A1Q4PMT0,0.093
A0A2X1N3L2,0.093
A0A2W6Q542,0.093
A0A0K4WJ43,0.093
A0A377CEW0,0.093
A0A376J1P3,0.093
A0A377BEE0,0.093
A0A6L7CJU6,0.093
A0A6N8Q9R5,0.093
A0A061KTF2,0.093
A0A6N6WN90,0.093
A0A1V2G7D6,0.093
A0A0E1SVB0,0.093
A0A2X7I1G8,0.093
A0A7U5THI5,0.093
A0A377B5M7,0.093
A0A376LPX5,0.093
A0A3L9J9D7,0.093
A0A6L9AB37,0.093
A0A377BE05,0.093
A0A2X1MRU3,0.093
A0A6D0IJC8,0.093
A0A0E0XT14,0.093
B0LHT9,0.093
A0A6D1A8D5,0.093
A0A377CVW6,0.093
A0A3L0W0S4,0.093
A0A376RQT0,0.093
A0A376KXS4,0.093
A0A2X3JNX8,0.093
A0A5N8H959,0.093
A0A376KKA8,0.093
A0A2A3WKG4,0.093
A0A376MKA5,0.093
A0A377JXT1,0.093
A0A2U2V4F1,0.093
A0A377DDN6,0.093
A0A0E1SUK1,0.093
A0A485JRD3,0.093
A0A0N8ISD5,0.093
A0A6C9EEW1,0.093
A0A3L9I8R7,0.093
A0A140WYI7,0.093
A0A377C763,0.093
A0A377BVR7,0.093
A0A6N9SII0,0.093
A0A376TJU6,0.093
A0A377DCS8,0.093
A0A2A6Q2C0,0.093
A0A2H9EGL4,0.093
A0A372HJM6,0.093
A0A0H3JKE2,0.093
A0A376TLH7,0.093
A0A376YE55,0.093
A0A0E1LIM8,0.093
A0A140NA28,0.093
A0A376WZ35,0.093
A0A376TU98,0.093
A0A6D0I7G9,0.093
A0A7L8KA80,0.093
A0A6G9HI88,0.093
A0A3P1YEC2,0.093
A0A484X082,0.093
A0A484Y3D4,0.093
A0A0B4N3A7,0.093
A0A1V2G071,0.093
A0A2H9EI91,0.093
A0A444R0A4,0.093
A0A3L0VVJ2,0.093
A0A828PY42,0.093
A0A6C9EIF3,0.092
A0A376LPA2,0.092
A0A418H8T7,0.092
A0A7U9AT89,0.092
A0A376MNA4,0.092
A0A2W6PB90,0.092
A0A142EB87,0.092
A0A2H5BZR4,0.092
A0A793MQE6,0.092
A0A2X1KCE3,0.092
A0A6C9EJ57,0.092
A0A447Y3W7,0.092
A0A377K743,0.092
A0A7L8K9G5,0.092
A0A377DJ01,0.092
A0A1V2FWY4,0.092
A0A377KAN9,0.092
A0A1X3I620,0.092
A0A3L9HP32,0.092
A0A1U9XGY0,0.092
A0A6C9EIQ4,0.092
A0A0H3F1X0,0.092
A0A376WFF1,0.092
A0A377CBY1,0.092
A0A376MSZ7,0.092
A0A376RBT2,0.092
A0A376KKU0,0.092
A0A3L0WBA0,0.092
A0A377CT82,0.092
A0A7U5TH11,0.092
A0A376Y4M6,0.092
A0A2W6P655,0.092
A0A6N8NTH7,0.092
A0A376VWX6,0.092
A0A3L9FL17,0.092
A0A7G2KHM2,0.092
A0A3S4LJZ2,0.092
A0A376MHQ2,0.092
A0A444RA42,0.092
A0A0B1MWB2,0.092
A0A0K4Z6M0,0.092
A0A778F1S2,0.092
A0A6D0Z043,0.092
A0A377DWI4,0.092
A0A7H9NJM3,0.092
A0A0H5SCC6,0.092
A0A5B1L9D5,0.092
A0A2X1QE67,0.092
A0A2I6T7T6,0.092
A0A376RPR0,0.092
A0A0N8IVZ6,0.092
A0A376TK38,0.092
A0A6C9EHH6,0.092
A0A376L9D6,0.092
A0A376S9X4,0.092
A0A066Q5M0,0.092
A0A826TAH3,0.092
A0A765X969,0.092
A0A377MYF2,0.092
A0A418GR26,0.092
A0A0H3ET96,0.092
A0A377DQ27,0.092
A0A0K4SWQ5,0.092
A0A0K3DIT0,0.092
A0A418H8B4,0.092
A0A2Y0NNC8,0.092
A0A085P934,0.092
A0A3P5DSA0,0.092
A0A2S8JYG8,0.092
A0A7A7AAS4,0.092
A0A0M5DRD5,0.092
A0A2S1PLC2,0.091
A0A3S6YX26,0.091
A0A6N6WRV3,0.091
A0A6D0IMH8,0.091
A0A376L908,0.091
A0A376W178,0.091
A0A0J2B985,0.091
A0A6D1A758,0.091
A0A2P9EMD5,0.091
A0A376UGD0,0.091
A0A2H4TLU2,0.091
A0A377LM61,0.091
A0A4Q0WKF8,0.091
A0A5B9AR15,0.091
A0A1X3JHQ5,0.091
A0A1Z1V2R8,0.091
A0A7A6LXW2,0.091
A0A377A4X7,0.091
A0A7H9LNM3,0.091
A0A376MM14,0.091
A0A1Q4PBN9,0.091
A0A7U9ITQ6,0.091
A0A377KD04,0.091
A0A417ZP92,0.091
A0A376ZEJ6,0.091
A0A1J0ZH35,0.091
A0A376RE38,0.091
A0A7L7E963,0.091
A0A6G4PK53,0.091
A0A826X8B9,0.091
A0A6F8Z7X0,0.091
A0A1X3I4I0,0.091
A0A0B1KPG3,0.091
A0A485JC22,0.091
A0A3L0VW69,0.091
A0A7U1E1C0,0.091
A0A0M1UJH6,0.091
A0A3L0W9P2,0.091
A0A0C5BDH8,0.091
A0A0K4CYU3,0.091
A0A0C5F243,0.091
A0A376NT50,0.091
A0A376L4P6,0.091
A0A6L7CTZ8,0.091
A0A7G3NPD9,0.091
A0A4Q0X976,0.091
A0A485JMB0,0.091
A0A376WWX4,0.091
A0A6L7CTN1,0.091
A0A2S1J9D6,0.091
A0A376RM55,0.091
A0A6N8R9L1,0.091
A0A2X1KNP1,0.091
A0A3L0W6H5,0.091
A0A167SQ66,0.091
A0A6D0IIM9,0.091
A0A0P7MQR8,0.091
A0A0K3T8Z2,0.091
A0A0H2VCK5,0.091
A0A376L363,0.091
A0A377HIW3,0.091
A0A3L0W2V2,0.091
A0A229AL65,0.091
A0A0H2YXF8,0.091
A0A061YCI1,0.091
A0A1X3IT77,0.09
A0A5C9AC03,0.09
A0A2X1JQ33,0.09
A0A3G4RTS0,0.09
A0A6N8Q903,0.09
A0A0A1AFP4,0.09
A0A7H9LRY5,0.09
A0A377K2K0,0.09
A0A3L0W8T6,0.09
A0A377CC05,0.09
A0A5P0JK66,0.09
A0A2X1NGI8,0.09
A0A0E0Y8N9,0.09
A0A0A0GVA8,0.09
A0A2W6P9C6,0.09
A0A0A8KGH7,0.09
A0A4C2ZCZ7,0.09
A0A6D1A6Q2,0.09
A0A377K1F7,0.09
A0A6D1A945,0.09
A0A811AQ63,0.09
A0A447X653,0.09
A0A6N6WP11,0.09
A0A0D4D8X1,0.09
A0A3L9IG59,0.09
A0A7H9LRF8,0.09
A0A0P7L751,0.09
A0A3L0VZ01,0.09
A0A1C7CXT9,0.09
A0A6L7A2F5,0.09
A0A418GI42,0.09
A0A2X1NBI4,0.09
A0A418GKE1,0.09
A0A376UCF3,0.09
A0A3L0Y7Q4,0.09
A0A2G9A2I0,0.09
A0A3L9FWB5,0.09
A0A377BDU6,0.09
A0A0P7PCP1,0.09
A0A827HNV5,0.09
A0A223HH34,0.09
A0A1X3ISQ9,0.09
A0A0E1SVX7,0.09
A0A2T3UWC4,0.09
A0A376L764,0.09
A0A1B1IKZ8,0.09
A0A099ARL7,0.09
A0A5B8HTR8,0.09
A0A085P2H3,0.09
A0A2T1LAE1,0.09
A0A836N7L0,0.09
A0A0A1A891,0.09
A0A6C9QK01,0.09
A0A193LYT7,0.09
A0A4U9SYA7,0.09
A0A6L6ZUC5,0.09
A0A447XH52,0.09
A0A376L368,0.09
A0A0E1STN7,0.09
A0A5N8HL35,0.09
A0A377CYD5,0.09
A0A3Z6G6H1,0.09
A0A854JVY3,0.09
A0A2X1MCD8,0.09
A0A484X330,0.09
A0A1X3HZR0,0.09
A0A377DI66,0.09
A0A066SXZ6,0.09
A0A376NWI6,0.09
A0A2X1JZL0,0.09
A0A377KDT2,0.09
A0A1V2GC65,0.09
A0A376KMV2,0.09
A0A376YJH0,0.09
A0A6D1AB95,0.09
A0A7M1HWX3,0.09
A0A418GM95,0.09
A0A853WI33,0.09
A0A0F3TBP4,0.089
A0A1I9S3M2,0.089
A0A7D3TNH2,0.089
A0A789MF23,0.089
A0A828P0J9,0.089
A0A6D0IF81,0.089
A0A6C9EIF7,0.089
A0A377JZT8,0.089
A0A376VWX4,0.089
A0A377DEW1,0.089
A0A1X3HXP3,0.089
A0A2T3ST58,0.089
A0A7H9LV37,0.089
A0A765X609,0.089
A0A3U0PHK0,0.089
A0A377CIC3,0.089
A0A829L622,0.089
A0A418GZD3,0.089
A0A418GAW5,0.089
A0A6D1AFI7,0.089
A0A447XPZ8,0.089
A0A6L7FE80,0.089
A0A376LIY5,0.089
A0A2X1PWK6,0.089
A0A2X3KIY2,0.089
A0A377E2C3,0.089
A0A7H9LRN6,0.089
A0A377C4K8,0.089
A0A3L0W4M0,0.089
A0A376RQJ8,0.089
A0A376MKP7,0.089
A0A2X1Q285,0.089
A0A3L0VS52,0.089
A0A2Y8QPX8,0.089
A0A3P1XB37,0.089
A0A2X1NA63,0.089
A0A7B6VLH5,0.089
A0A447X4P8,0.089
A0A377D2M6,0.089
A0A2X1MV55,0.089
A0A376TWY6,0.089
A0A0A1ACH1,0.089
A0A7A5CRC4,0.089
A0A377D5T6,0.089
A0A271U9Y7,0.089
A0A1X3J309,0.089
A0A0F3VYL9,0.089
A0A854BSQ7,0.089
A0A1X9TLH6,0.089
A0A166VX63,0.089
A0A400UZR9,0.089
A0A078BCP7,0.089
A0A0H2XLF7,0.089
A0A1V2GGI4,0.089
A0A037Y292,0.089
A0A0D4D9D6,0.089
A0A090H4V3,0.089
A0A377D8Z8,0.089
A0A444R098,0.089
A0A6L7CTD8,0.089
A0A377BA06,0.089
A0A6D0I421,0.089
A0A444R549,0.088
A0A0A1DZB6,0.088
A0A376MQC8,0.088
A0A0C5EU14,0.088
A0A377DR46,0.088
A0A369EAH3,0.088
A0A229AK07,0.088
A0A1X3J3U7,0.088
A1XT92,0.088
A0A3L0W1W4,0.088
A0A377B854,0.088
A0A418H931,0.088
A0A6N6WPI4,0.088
A0A2H4TT07,0.088
A0A376RSH3,0.088
A0A827Y9C1,0.088
A0A6D0IKU5,0.088
A0A377DQG5,0.088
A0A0M1UJ59,0.088
A0A376UCT6,0.088
A0A1M2SPP6,0.088
A3E2C4,0.088
A0A376IPM5,0.088
A0A6G4JYP5,0.088
A0A3L0VZ79,0.088
A0A377KF77,0.088
A0A0A1A5X7,0.088
A0A2R4AB71,0.088
A0A376LAH6,0.088
A0A376W988,0.088
A0A2X1MZR6,0.088
A0A377LAK7,0.088
A0A376YDN6,0.088
A0A037YI67,0.088
A0A1X9TEZ7,0.088
A0A0K4FFN5,0.088
A0A3Z9B7E8,0.088
A0A0P7MFU0,0.088
A0A376LAK4,0.088
A0A3L0W630,0.088
A0A377E6Y8,0.088
A0A2A2C6W9,0.088
A0A377BWY7,0.088
A0A7H9M359,0.088
A0A2X6GWE9,0.088
A0A5N8H311,0.088
A0A0E1SVP5,0.088
A0A2A3UJR2,0.088
A0A377BTL7,0.088
A0A376ZVB6,0.088
A0A0K5TFF7,0.088
A0A2W6P769,0.088
A0A7D3TD11,0.088
A0A3R1B3I2,0.088
A0A6C9QHB6,0.088
A0A6C9EI37,0.088
A0A376RJ94,0.088
A0A0H3JFH7,0.088
A0A2K4PA43,0.088
A0A5C9AIL6,0.088
A0A069FDX7,0.088
A0A485JE52,0.088
A0A8B3M5Q6,0.088
A0A377AQ49,0.088
A0A376W350,0.088
A0A377BNA3,0.088
A0A377CJ84,0.088
A0A377BMC8,0.088
A0A066R1H2,0.088
A0A0E1T894,0.088
A0A0H3EP65,0.088
A0A6L7CMW1,0.088
A0A3L5LYV9,0.088
A0A024L8P6,0.088
A0A6D0ILR9,0.088
A0A376P095,0.088
A0A6L7A217,0.087
A0A779QIX7,0.087
A0A2X1N3P6,0.087
A0A482KDH3,0.087
A0A085P1W5,0.087
A0A377B0H5,0.087
A0A376ZMV2,0.087
A0A093DB51,0.087
A0A0B0VLA4,0.087
A0A484Y3Z1,0.087
A0A6N8QG30,0.087
A0A6H0ACB4,0.087
A0A6N8NRT3,0.087
A0A0K3QLD2,0.087
A0A5C9APS1,0.087
A0A023UFL4,0.087
A0A0D7YC10,0.087
A0A7U9FWD2,0.087
A0A376RR38,0.087
A0A377EDY1,0.087
A0A376QBV5,0.087
A0A6D1AC89,0.087
A0A377DUE0,0.087
A0A0E1IJ19,0.087
A0A0M1U6M9,0.087
A0A2X3KM98,0.087
A0A6D0FAH1,0.087
A0A1D7PI01,0.087
A0A0A7Y9Y6,0.087
A0A0E0XVS7,0.087
A0A4C4ZI52,0.087
A0A377KDL6,0.087
A0A2X7XJA9,0.087
A0A0P7LLM1,0.087
A0A7G9AA87,0.087
A0A6D1A8U2,0.087
A0A776QGE2,0.087
A0A2H9C5T7,0.087
A0A377D6T0,0.087
A0A853K879,0.087
A0A0E2L269,0.087
A0A3S4L5F5,0.087
A6MIG8,0.087
A0A418H6C1,0.087
A0A376YKG2,0.087
A0A7A9LE51,0.087
A0A2A2CG20,0.087
A0A5C8XTD7,0.087
A0A376MEN9,0.087
A0A0D8W750,0.087
A0A2X1PNT0,0.087
A0A5C8XTX3,0.087
A0A2X1N7L6,0.087
A0A484VT31,0.087
A0A377JYJ7,0.087
A0A5N8HDA3,0.087
A0A376VL02,0.087
A0A376KWG1,0.087
A0A2X1KG61,0.087
A0A2X1MW98,0.087
A0A2X1IYK6,0.087
A0A6N8NJ02,0.087
A0A6C9EI27,0.087
A0A377AZ63,0.087
A0A0E0Y275,0.087
A0A3L0VUC4,0.087
A0A0H2Z0V4,0.087
A0A418H7C6,0.087
A0A6D1AI16,0.087
A0A0V9H2F8,0.087
A0A377DKB7,0.087
A0A377F7U3,0.087
A0A2X1MQS9,0.087
A0A2A2CG32,0.087
A0A3G4RR64,0.087
A0A7U9AYQ0,0.087
A0A2X1J7T4,0.087
A0A2X1ND34,0.087
A0A376K462,0.087
A0A3Y4Y745,0.087
A0A7B3LT23,0.087
A0A6C9EI61,0.087
A0A5P0JHW8,0.087
A0A2W6NUW3,0.087
A0A376TDS3,0.087
A0A376JWP7,0.087
A0A6N6WSC7,0.087
A0A2W6PNQ4,0.087
A0A4Q8IK24,0.087
A0A7U9NXB2,0.087
A0A376KT81,0.087
A0A3L0WAT4,0.087
A0A376Y697,0.087
A0A6N0IRW3,0.087
A0A792ZHV4,0.087
A0A418H7M7,0.087
A0A6N8NSA2,0.087
A0A377CZJ8,0.087
A0A6N6WPA4,0.087
A0A2S1PQY1,0.086
A0A899NF71,0.086
A0A8A6FU22,0.086
A0A0D8WFX7,0.086
A0A6M1DKJ3,0.086
A0A0A0H7T2,0.086
A0A376TPF8,0.086
A0A244BUV0,0.086
A0A3L0X0D1,0.086
A0A2X1KDG7,0.086
A0A377KDS6,0.086
A0A3P1WPQ5,0.086
A0A376D7R0,0.086
A0A6N8N8T8,0.086
A0A7U9FUA5,0.086
A0A0E1T2T5,0.086
A0A085P8Y0,0.086
A0A826J795,0.086
A0A376W748,0.086
A0A7A9MLN4,0.086
A0A3P1X2C3,0.086
A0A1X3I8P5,0.086
A0A6D1A8Q7,0.086
A0A376P778,0.086
A0A377CCE8,0.086
A0A6L7CHN9,0.086
A0A5N3CTS9,0.086
A0A376TIW7,0.086
A0A376U1N8,0.086
A0A6G2B5L2,0.086
A0A376U266,0.086
A0A5P0JBS7,0.086
A0A826X0G8,0.086
A0A5C9AAB6,0.086
A0A7H9S347,0.086
A0A1V2GEK9,0.086
A0A377CSW8,0.086
A0A376VEM4,0.086
A0A085P3K5,0.086
A0A3L0YIU4,0.086
A0A1C0Y1B1,0.086
A0A5N3CQ68,0.086
A0A5N8HDH9,0.086
A0A2X3M5Z0,0.086
A0A447X523,0.086
A0A3L0Y8J2,0.086
A0A484X024,0.086
A0A484Y983,0.086
A0A2X3JN98,0.086
A0A377A689,0.086
A0A6D1ADF8,0.086
A0A377BY29,0.086
A0A377K9V5,0.086
A0A3Z6GEC0,0.086
A0A0H3PKR9,0.086
A0A2P9E5W4,0.086
A0A6D1A6B5,0.086
A0A3S7MAY7,0.086
A0A218N796,0.086
A0A3L0VYA9,0.086
A0A376SA36,0.086
A0A376KK50,0.086
A0A2L0J461,0.086
A0A6H0A099,0.086
A0A484WU21,0.086
A0A0E3KIE7,0.086
A0A444R9A5,0.086
A0A377JXR4,0.086
A0A0A7XQ32,0.086
A0A7A6U5H2,0.086
A0A193LPD5,0.086
A0A0D8WEC3,0.086
A0A376JVH1,0.086
A0A0E0XZJ3,0.086
A0A826XER0,0.086
A0A376MJ85,0.086
A0A6N8PB33,0.086
A0A369FK92,0.086
A0A6N9S3R0,0.086
A0A4Q9CEK0,0.086
A0A418H6E3,0.086
A0A839B355,0.086
A0A0H2V8H0,0.086
A0A2X1MMQ9,0.086
A0A376RQA1,0.086
A0A376U0M5,0.086
A0A2X1MLW2,0.086
A0A418H7I5,0.086
A0A418H4Y9,0.086
A0A376LCJ8,0.085
A0A376SAM5,0.085
A0A6N8R8H4,0.085
A0A376WX76,0.085
A0A1Q6ALM2,0.085
A0A797I143,0.085
A0A376UGH4,0.085
A0A377DJG4,0.085
A0A377BV87,0.085
A0A0B0W443,0.085
A0A2X3K4I9,0.085
A0A376Y8C3,0.085
A0A376P3X5,0.085
A0A2W6P9H2,0.085
A0A1M0E4C9,0.085
B0Z430,0.085
A0A377KBB1,0.085
A0A376TJJ0,0.085
A0A447XBB0,0.085
A0A6D0IKP9,0.085
A0A1X1LKA9,0.085
A0A6L9AC23,0.085
A0A2W6PAM3,0.085
A0A1V2FYS1,0.085
A0A2K4PA57,0.085
A0A2X3LTJ9,0.085
A0A0H3YG78,0.085
A0A3P1XCR6,0.085
A0A828U706,0.085
A0A376KMB5,0.085
A0A7U5YWR3,0.085
A0A0E1SYN2,0.085
A0A447X2C0,0.085
A0A6L7CKY8,0.085
A0A2X1JLN6,0.085
A0A792DQS7,0.085
A0A3S4LH37,0.085
A0A3L0W461,0.085
A0A377E6Q3,0.085
A0A376LP15,0.085
A0A6N6WS38,0.085
A0A6L7CQH0,0.085
A0A826K0D4,0.085
A0A0S3PN03,0.085
A0A2X1L3P5,0.085
A0A0A1A3E8,0.085
A0A5P0JA27,0.085
A0A0A1AFN7,0.085
A0A5C9AWK0,0.085
A0A0C5PJ58,0.085
A0A485JBI4,0.085
A0A798SF61,0.085
A0A7L5VCC3,0.085
A0A376RHQ8,0.085
A0A376P6N3,0.085
A0A3L0VYZ3,0.085
A0A7A6LZ54,0.085
A0A0D8WND8,0.085
A0A2X3KDN5,0.085
A0A376PTB1,0.085
A0A2X3JNJ6,0.085
A0A5B9ALH7,0.085
A0A3L0W5W3,0.085
A0A0E0Y579,0.085
A0A485JGS5,0.085
A0A2X1JHW8,0.085
A0A377D5H1,0.085
A0A376TI51,0.085
A0A376PK35,0.085
A0A2X1PGQ4,0.085
A0A5B9A6S1,0.085
A0A792DKU3,0.085
A0A2X1PH09,0.085
A0A1V2FYA0,0.085
A0A376PW88,0.085
A0A170TW17,0.085
A0A376VLR5,0.085
A0A0K0PJQ8,0.085
A0A6H0AAR8,0.085
A0A377BYD2,0.085
A0A7G2KGW5,0.085
A0A376RGU8,0.085
A0A376L289,0.085
A0A0E2L042,0.085
A0A376VMN5,0.085
A0A5C9AHA1,0.085
A0A376TW90,0.085
A0A826X2H1,0.085
A0A1X1LMX3,0.085
A0A376D9T0,0.085
A0A2P9EN64,0.085
A0A2I8SWC8,0.085
A0A0K5XNE4,0.085
A0A6D1AI93,0.085
A0A2X3KFA4,0.085
A0A192CA60,0.085
A0A143E8Y2,0.085
A0A376RL78,0.085
A0A377AJF9,0.085
A0A6N8RBQ2,0.085
A0A377K4G2,0.085
A0A1V3CBT5,0.085
A0A2X9DZP4,0.085
A0A377K2A0,0.085
A0A0A1AK77,0.085
A0A0L1BWF4,0.085
A0A376JSR9,0.085
A0A827HQC5,0.085
A0A376ZYT3,0.085
A0A2X7CDL0,0.085
A0A0H2V949,0.084
A0A6N8QGJ6,0.084
A0A376TWT0,0.084
A0A2U9L088,0.084
A0A4C9DZX4,0.084
A0A5C9AJH8,0.084
A0A3L0W4V4,0.084
A0A3L0W3U9,0.084
A0A376LLN6,0.084
A0A0A3TKE3,0.084
A0A6N8NTI1,0.084
A0A3L0W5H0,0.084
A0A418H2Z3,0.084
A0A0E1SW39,0.084
A0A484X973,0.084
A0A2X1LLA3,0.084
A0A3L0WAI9,0.084
A0A376X8W6,0.084
A0A0D8WH06,0.084
A0A444RGA6,0.084
A0A447XU68,0.084
A0A0E0XTN1,0.084
A0A418H8J6,0.084
A0A2X5MYD5,0.084
A0A2S5UDG1,0.084
A0A376W124,0.084
A0A376KUH2,0.084
A0A377BG46,0.084
A0A0H2V7G8,0.084
A0A1L4IWV3,0.084
A0A826NSF3,0.084
A0A4T3GUL9,0.084
A0A6N8QR67,0.084
A0A2X1IX21,0.084
A0A376LCF8,0.084
A0A376KRF4,0.084
A0A6C9QAB7,0.084
A0A660HE53,0.084
A0A3L0VV31,0.084
A0A376KSH4,0.084
A0A418H9Z2,0.084
A0A2X1JJ78,0.084
A0A6N6WPD7,0.084
A0A418HA25,0.084
A0A229EYQ1,0.084
A0A6D0IQR6,0.084
A0A2X1NBS4,0.084
A0A6L9AAK5,0.084
A0A376LK89,0.084
A0A1E5M3Y1,0.084
A0A3L0VWP0,0.084
A0A1S7BFJ2,0.084
A0A376ZPH3,0.084
A0A376P035,0.084
A7ZL44,0.084
A0A0E0XWZ3,0.084
A0A377DZV2,0.084
A0A6D1ADW9,0.084
A0A3S4K016,0.084
A0A377CX19,0.084
A0A2K9V1H8,0.084
A0A0P7LLB0,0.084
A0A0F3WJY1,0.084
A0A377E2C5,0.084
A0A377B900,0.084
A0A794IKA0,0.084
A0A3L0VTK8,0.084
A0A024L924,0.084
A0A024L7L1,0.084
A0A826WZ12,0.084
A0A024KZQ9,0.084
A0A0H3MF31,0.084
A0A6L7CB14,0.084
A0A8B3M7J5,0.084
A0A1Q6B0B5,0.084
A0A7I8YZG6,0.084
A0A1Q6AVA7,0.084
A0A3P4L2Y1,0.084
A0A2W6PAY2,0.084
A0A0E0Y7E8,0.084
A0A377DY91,0.084
A0A828GUV1,0.084
A0A376W876,0.084
A0A418H9S0,0.084
A0A377E554,0.084
A0A0B0VQH5,0.084
A0A484XAC5,0.084
A0A085NW93,0.084
A0A377K585,0.084
A0A376KVF7,0.084
A0A447XTA4,0.084
A0A377CGR6,0.084
A0A2X5S514,0.084
A0A3L9FNM6,0.084
A0A0C2EIZ0,0.084
A0A377DUP6,0.084
A0A6G4CJI3,0.084
A0A376IZV6,0.084
A0A4C4KIZ1,0.084
A0A377DFK2,0.084
A0A0H2V7H9,0.084
A0A2J7KBM9,0.084
A0A6C9EFI3,0.084
A0A1B2RC42,0.084
A0A2K3TM25,0.083
A0A271U8M1,0.083
A0A1M0K598,0.083
A0A3P1P0I3,0.083
A0A376KS68,0.083
A0A024LB36,0.083
A0A2H9EHG7,0.083
A0A6N8NJK9,0.083
A0A376RQ08,0.083
A0A6N6WNZ7,0.083
A0A244B9R6,0.083
A0A3K0WKZ5,0.083
A0A5D7KXK1,0.083
A0A826P1T7,0.083
A0A376L468,0.083
A0A2X3K706,0.083
A0A6D1ACL5,0.083
A0A6L7CSL4,0.083
A0A229AJE7,0.083
A0A0E1SW23,0.083
A0A376L1M4,0.083
A0A3L9HIZ0,0.083
A0A1S6GW41,0.083
A0A376KZE1,0.083
A0A7A6QYV8,0.083
A0A5C9AIS6,0.083
A0A447XSQ6,0.083
A0A376LFF5,0.083
A0A3Z8YUG4,0.083
A0A0A1A3C8,0.083
A0A5N8HGZ8,0.083
A0A6L7CT96,0.083
A0A384ZT71,0.083
A0A6L7CQK8,0.083
A0A376KZZ6,0.083
A0A7A7YND9,0.083
A0A444QZH8,0.083
A0A7A6QW62,0.083
A0A2X3LVG0,0.083
A0A2X3K4W9,0.083
A0A6N8QG13,0.083
A0A376TX63,0.083
A0A418H5T3,0.083
A0A376TXS5,0.083
A0A6D0IK20,0.083
A0A1S6JL51,0.083
A0A376RNT1,0.083
A0A376TNW4,0.083
A0A4S5I3E1,0.083
A0A826YG17,0.083
A0A6L7CLV3,0.083
A0A2X1KQ12,0.083
A0A376L9W2,0.083
A0A024KYT1,0.083
A0A484YB24,0.083
A0A0H3MEM8,0.083
A0A376RFK8,0.083
A0A066T2S3,0.083
A0A377E6U6,0.083
A0A2P9DYN9,0.083
A0A2U9KSV0,0.083
A0A3P1XDE0,0.083
A0A6D1B3U8,0.083
A0A3L0W236,0.083
A0A061K8A4,0.083
A0A485JGK7,0.083
A0A447Y3Z5,0.083
A0A775X7K3,0.083
A0A0A8LE13,0.083
A0A376MA50,0.083
A0A2X3K0N7,0.083
A0A7A6ZRD7,0.083
A0A6D0IKG5,0.083
A0A1B3IRL4,0.083
A0A7U5YWX5,0.083
A0A376RMA7,0.083
A0A0B1ME19,0.083
A0A0H3PM15,0.083
A0A0C5LQL7,0.083
A0A2X1JD90,0.082
A0A6D0IGW5,0.082
A0A0B1MXN4,0.082
A0A376P670,0.082
A0A376Y7M8,0.082
A0A376WZ61,0.082
A0A376W5Y5,0.082
A0A7A6UB42,0.082
A0A890DD15,0.082
A0A7L8KAB2,0.082
A0A3G4RPR9,0.082
A0A0H2Z2K4,0.082
A0A3L0X5H7,0.082
A0A376CQI5,0.082
A0A2X1MZ03,0.082
A0A2X3JVR9,0.082
A0A2H4TLB6,0.082
A0A377BXB0,0.082
A0A6L9ABG7,0.082
A0A418H9M6,0.082
A0A6D1NY58,0.082
A0A827G0M2,0.082
A0A7D7PJL8,0.082
A0A3S5DW65,0.082
A0A7U9APR5,0.082
A0A0G9FVU6,0.082
A0A066T863,0.082
A0A3L0VVI3,0.082
A0A376TG55,0.082
A0A2X1IYD2,0.082
A0A454AB73,0.082
A0A418GJD1,0.082
A0A1L4J553,0.082
A0A5B9APA3,0.082
A0A0E3MS11,0.082
A0A2X3LMR8,0.082
A0A376HRL8,0.082
A0A7D3P5T4,0.082
A0A0M1UFI4,0.082
A0A0U2S3K9,0.082
A0A2X3KCN0,0.082
A0A0K3GKT2,0.082
A0A1L4J653,0.082
A0A0H2V600,0.082
A0A0P7Q2U4,0.082
A0A444R6E9,0.082
A0A2I6J805,0.082
A0A0E0Y5G2,0.082
A0A2W6PB29,0.082
A0A827YM95,0.082
A0A2Y8UIX0,0.082
A0A163H092,0.082
A0A0E1T0C6,0.082
A0A3S4K986,0.082
A0A376VW61,0.082
A0A8A6FTS5,0.082
A0A376ZY98,0.082
A0A765T7C0,0.082
A0A6D1P966,0.082
A0A376P5R9,0.082
A0A3A6SY10,0.082
A0A4Q4HS38,0.082
A0A376S8Z8,0.082
A0A5C9AKK3,0.082
A0A0C2E8T0,0.082
A0A6L9ACS5,0.082
A0A826X9H9,0.082
A0A4C9CCU5,0.082
A0A376TJM9,0.082
A0A066T281,0.082
A0A827Y6I9,0.082
A0A0K3XHZ7,0.082
A0A418H808,0.082
A0A3L0W669,0.082
A0A1Q6AMC2,0.082
A0A0P7KME0,0.082
A0A6C9EHK5,0.082
A0A1Q6AAA5,0.082
A0A6N8QZR4,0.082
A0A2X1NCV3,0.082
A0A8B3M4N1,0.082
A0A376LCC2,0.082
A0A778LZ49,0.082
A0A3Y4Y6V3,0.082
A0A377E5J2,0.082
A0A2A2CGD7,0.082
A0A2X1IQS0,0.081
A0A4U9TGK2,0.081
A0A5C8XTT1,0.081
A0A6G4NTC9,0.081
A0A0C5PP06,0.081
A0A366YVF5,0.081
A0A376RRT1,0.081
A0A0A1ABV3,0.081
A0A3L0VZS0,0.081
A0A7U9AR67,0.081
A0A068F684,0.081
A0A447X774,0.081
A0A066RCL2,0.081
A0A3L0W548,0.081
A0A1Z3MP63,0.081
A0A826TQ80,0.081
A0A4C7A5G8,0.081
A0A5B9AA99,0.081
A0A0A2NY56,0.081
A0A193M1V0,0.081
A0A6N8NSX1,0.081
A0A193M1V1,0.081
A0A418GJT1,0.081
A0A2U2UET9,0.081
A0A6D0IY62,0.081
A0A0H0LRG8,0.081
A0A376TH30,0.081
A0A1X0XXD9,0.081
A0A376MGM0,0.081
A0A377NP85,0.081
A0A2X3JN01,0.081
A0A6N6WR75,0.081
A0A484VX67,0.081
A0A7G2KGH2,0.081
A0A5C9ADG3,0.081
A0A1V2GHC4,0.081
A0A484YNT7,0.081
A0A0L1BVN4,0.081
A0A3P1Y8Y8,0.081
A0A6N8NNT3,0.081
A0A5N8HHY4,0.081
A0A237NKV9,0.081
A0A2X1KWE5,0.081
A0A0H3EI00,0.081
A0A418GK52,0.081
A0A2X1JET1,0.081
A0A376KUY2,0.081
A0A7M1HYA4,0.081
A0A377E2G1,0.081
A0A6D1AIB9,0.081
A0A2X1JHK4,0.081
A0A6D1AE40,0.081
A0A377C8H2,0.081
A0A6L7CKU1,0.081
A0A2R2ZJC4,0.081
A0A376VEH2,0.081
A0A6N8QN61,0.081
A0A7H9M0T4,0.081
A0A5C9ABB0,0.081
A0A3L0X0K5,0.081
A0A830TI26,0.081
A0A0K4N328,0.081
A0A2W6P7B7,0.081
A0A376YDM2,0.081
A0A376VF61,0.081
A0A192C953,0.081
B0BF92,0.081
A0A828U4F6,0.081
A0A376V9X6,0.081
A0A3L0WY51,0.081
A0A4P8BYF8,0.081
A0A0H3F2G1,0.081
A0A6N8NS06,0.081
A0A484YEX0,0.081
A0A159X5P3,0.081
A0A4T8V8H2,0.081
A0A0H2V8R0,0.081
A0A376WA96,0.081
A0A377CX27,0.081
A0A3L9IAF2,0.08
A0A376RE27,0.08
A0A3P1WHR1,0.08
A0A376JVR8,0.08
A0A0E1SXS7,0.08
A0A2W6PDQ4,0.08
A0A377BUI0,0.08
A0A6D1A967,0.08
A0A377E2Q4,0.08
A0A485JFT7,0.08
A0A5P0JIJ9,0.08
A0A377KC55,0.08
A0A6D0IBJ5,0.08
A0A376TNL7,0.08
A0A376KVV0,0.08
A0A484WPP8,0.08
A0A2H4UFH9,0.08
A0A193LRN6,0.08
A0A376UB71,0.08
A0A5C9ABD2,0.08
A0A377CN53,0.08
A0A8B3MB84,0.08
A0A447XAZ2,0.08
A0A2X1PXD4,0.08
A0A069FMD8,0.08
A0A3L0VX13,0.08
A0A376YFJ9,0.08
A0A191T957,0.08
A0A0E1T1Q9,0.08
A0A6N6WRE8,0.08
A0A376KS35,0.08
A0A2X1P3U8,0.08
A0A418H586,0.08
A0A7U9AT81,0.08
A0A3S6CB73,0.08
A0A3L0W7I2,0.08
A0A5C9AKF8,0.08
A0A6C9EFW2,0.08
A0A162MB06,0.08
A0A2S8JK09,0.08
A0A377BFT3,0.08
A0A0V9R6P3,0.08
A0A1W6BZY6,0.08
A0A3L9FSS3,0.08
A0A376SB17,0.08
A0A3L0W0D3,0.08
A0A3L9I8H9,0.08
A0A0K3Q2L0,0.08
A0A7L8KC04,0.08
A0A6D0I9Y1,0.08
A0A0F3UX73,0.08
A0A660HLH8,0.08
A0A484YY87,0.08
A0A2W6PD30,0.08
A0A6L6ZXV6,0.08
A0A1X9TDS3,0.08
A0A066T1R8,0.08
A0A3Z6GC33,0.08
A0A1L7,0.08
A0A6D0IA87,0.08
A0A0J2B1J9,0.08
A0A2X3JYL7,0.08
A0A2H4WK20,0.08
A0A6D0IN18,0.08
A0A376VNV6,0.08
A0A376W056,0.08
A0A7G3NP79,0.08
A0A376VTJ2,0.08
A0A418GJN3,0.08
A0A2P9EIN0,0.08
A0A376KUI9,0.08
A0A377JY64,0.08
A0A7H9LNV0,0.08
A0A377CGN9,0.08
A0A793H3P6,0.08
A0A3Z6GDM0,0.08
A0A2S1PQK8,0.08
A0A0K3UK22,0.08
A0A076GA20,0.08
A7ZI04,0.08
A0A6N8NJF8,0.08
A0A5K8ANU6,0.08
A0A7U1E0D2,0.08
A0A376K1J6,0.08
A0A2P9EIP4,0.08
A0A0H3PVS1,0.08
A0A3R0NDZ3,0.08
A0A377AS87,0.08
A0A0E0Y262,0.08
A0A1U9SRY6,0.08
A0A376CQD9,0.08
A0A1S7BG00,0.08
A0A376VUC3,0.08
A0A5B9ACA0,0.08
A0A0H2V9M3,0.08
A0A1M2HZQ6,0.08
A0A2R4PDX2,0.08
A0A0K5IZQ8,0.08
A0A6N8QZY4,0.079
A0A376TPP3,0.079
A0A2X3M4I6,0.079
A0A376KYR3,0.079
A0A3L0YGU6,0.079
A0A2X1MQ61,0.079
A0A484YJX7,0.079
A0A7A7YNJ8,0.079
A0A6L7CTR9,0.079
A0A3L0W4H0,0.079
A0A484YV14,0.079
A0A6D0DJE2,0.079
A0A3S4M802,0.079
A0A484Y824,0.079
A0A1L5YR49,0.079
A0A5N8HH27,0.079
A0A3L0W8X5,0.079
A0A0F3SYX4,0.079
A0A418H891,0.079
A0A0C2BTX3,0.079
A0A6L7CLR4,0.079
A0A377AR05,0.079
A0A376MV73,0.079
A0A376D708,0.079
A0A077SQK9,0.079
A0A384ZT87,0.079
A0A3Y4Y3M0,0.079
A0A2Y0YE33,0.079
A0A6D0IN82,0.079
A0A6L7CSX9,0.079
A0A1V2G213,0.079
A0A1W5T7Z3,0.079
A0A0D8WAJ3,0.079
A0A376KIY5,0.079
A0A377BE88,0.079
A0A0H2Z3Y4,0.079
A0A377E3W7,0.079
A0A6C9EI23,0.079
A0A7U9IT87,0.079
A0A376KQN4,0.079
A0A6S6LJU2,0.079
A0A6G4JZZ2,0.079
A0A6G8FAS5,0.079
A0A5N8HES0,0.079
A0A0H2V8A6,0.079
A0A376RBS8,0.079
A0A376S8P1,0.079
A0A6D1ABF2,0.079
A0A0K3L4L3,0.079
A0A376TUX8,0.079
A0A6N8NNF6,0.079
A0A377D7P7,0.079
A0A6G4NQ30,0.079
A0A1X3HWZ0,0.079
A0A126E3V7,0.079
A0A1M2I699,0.079
A0A826J9F3,0.079
A0A376RFM8,0.079
A0A418GYI2,0.079
A0A3V0Y8U7,0.079
A7ZL45,0.079
A0A377F6W0,0.079
A0A192C8N3,0.079
A0A6D1AJF6,0.079
A0A2K4P285,0.079
A0A376W6Q9,0.079
A0A6D0I6K7,0.079
A0A854BTB6,0.079
A0A0E0XX40,0.079
A0A377LEQ0,0.079
A0A3P5DHR0,0.079
A0A3Z6GBX2,0.079
A0A3L0VSW8,0.079
A0A7H1KSS9,0.079
A0A376W8B2,0.079
A0A3R1A1T5,0.079
A0A890DDV1,0.079
A0A444R1W8,0.079
A0A3L0W1R2,0.079
A0A140N435,0.079
A0A3L0X6E1,0.079
A0A2Y0JZT4,0.079
A0A0C2ERW4,0.079
A0A484X1M6,0.079
A0A376L320,0.079
A0A7T2IZD3,0.079
A0A2X1JER6,0.079
A0A3Q0MV22,0.079
A0A0C5PXI2,0.079
A0A376TR08,0.079
A0A0H2YWH2,0.079
A0A1X3HX74,0.079
A0A418GS91,0.079
A0A377C7Y9,0.079
A0A7U5THJ8,0.079
A0A1W1EM47,0.079
A0A3L0VYU5,0.079
A0A827DZT5,0.079
A0A066QPV7,0.079
A0A2X6CKI7,0.079
A0A2X6FLI0,0.079
A0A484YY42,0.079
A0A376P769,0.079
A0A1X3JG17,0.079
A0A811ASN8,0.079
A0A376Y7U4,0.079
A0A373F4G4,0.079
A0A2X3KBV6,0.078
A0A5P0JI03,0.078
A0A1W5T860,0.078
A0A1X3HX69,0.078
A0A2Y8G7J0,0.078
A0A376VEG0,0.078
A0A3L0W5E9,0.078
A0A5N3CRX4,0.078
A0A6D0EZR0,0.078
A0A7U9QBZ0,0.078
A0A7U9AWD4,0.078
A0A377MYG2,0.078
A0A0L7AIV2,0.078
A0A2X3K559,0.078
A0A376KMJ5,0.078
A0A077K4P7,0.078
A0A485JHT1,0.078
A0A444R963,0.078
A0A1X3HWS0,0.078
A0A377BA19,0.078
A0A376RHF1,0.078
A0A377DVU1,0.078
A0A6N6WPC1,0.078
A0A0H2V4Y2,0.078
A0A377AQZ7,0.078
A0A376VLX4,0.078
A0A376UGQ8,0.078
A0A4C8B8K5,0.078
A0A376HIK1,0.078
A0A377LIP7,0.078
A0A838AW18,0.078
A0A5B9AJG0,0.078
A0A7H9LZ21,0.078
A0A2Y0H2K0,0.078
A0A345X0C6,0.078
A0A3J0QXM7,0.078
A0A377AU12,0.078
A0A3L0W147,0.078
A0A376T8J5,0.078
A0A377DQW9,0.078
A0A5N8HKS5,0.078
A0A5C9AGC2,0.078
A0A1Q9KYL4,0.078
A0A826TGN1,0.078
A0A3L0W5T9,0.078
A0A3P1WRC0,0.078
A0A0C5EWH7,0.078
A0A0H0K3J8,0.078
A0A2X1IXQ8,0.078
A0A376Y8U9,0.078
A0A3L0VTW0,0.078
A0A271U8N1,0.078
A0A377CM05,0.078
A0A0A0HA03,0.078
A0A6N3EL89,0.078
A0A6L9AAI3,0.078
A0A369FKI4,0.078
A0A0E0XWY0,0.078
A0A376L7F5,0.078
A0A0A6T6S0,0.078
A0A0K3M7R1,0.078
A0A5N8HM42,0.078
A0A3L9G1G0,0.078
A0A376SAE3,0.078
A0A376Q1C9,0.078
A0A0H3MEC5,0.078
A0A3L0YBQ2,0.078
A0A377MUF7,0.078
A0A3L0VST9,0.078
A0A444R1H8,0.078
A0A377BCH4,0.078
A0A377B1X7,0.078
A0A376KTC6,0.078
A0A377AJP2,0.078
A0A377B7Y8,0.078
A0A3L0WYV2,0.078
A0A6L6ZUE2,0.078
A0A777CND6,0.078
A0A7U9AY32,0.078
A0A418GZ28,0.078
A0A377CWV7,0.078
A0A377BTQ1,0.078
A0A161R4P4,0.078
A0A1J8MUF3,0.078
A0A2X1MZC9,0.078
A0A8B3M0Q2,0.078
A0A376RF48,0.078
A0A0H0G816,0.078
A0A2L0J479,0.078
A0A0H2V9N7,0.078
A0A3L9J777,0.078
A0A6D0C643,0.078
A0A376LKF1,0.078
A0A377KAG8,0.078
A0A376LFA4,0.078
A0A6D1AB43,0.078
A0A6D0F5L2,0.078
A0A6L7CTT9,0.078
A0A0A8J582,0.078
A0A0H0FDH6,0.077
A0A7G2KGI5,0.077
A0A376LE05,0.077
A0A5C8XT53,0.077
A0A0F3SGD6,0.077
A0A828GC41,0.077
A0A0E1L941,0.077
A0A418GNG0,0.077
A0A3T7D317,0.077
A0A061JXA4,0.077
A0A376UI12,0.077
A0A2X1NHU7,0.077
A0A085PBG0,0.077
A0A3L0VZG7,0.077
A0A6L7CMU9,0.077
A0A2Z5VJJ3,0.077
A0A1V2T5F4,0.077
A0A1Q6ARW7,0.077
A0A6G4C845,0.077
A0A376U9P1,0.077
A0A831DH55,0.077
A0A826PDL8,0.077
A0A7A7UPL7,0.077
A0A4P8C7N4,0.077
A0A1X3ICM2,0.077
A0A7H9LZW9,0.077
A0A376TXX8,0.077
A0A376SCS1,0.077
A0A0H2VBM2,0.077
A0A376ZL25,0.077
A0A383FKV1,0.077
A0A828G1R0,0.077
A0A170TVV0,0.077
A0A484Y5A9,0.077
A0A0J3UXK9,0.077
A0A192CJS7,0.077
A0A6N8RBA4,0.077
A0A454EH66,0.077
A0A811VQN9,0.077
A0A2T1N4C1,0.077
A0A2I6FL98,0.077
A0A0H0G9T5,0.077
A0A192CIA6,0.077
A0A826WQ05,0.077
A0A1X3IW11,0.077
A0A377JXS8,0.077
A0A3L9FVW7,0.077
A0A3L0VTV2,0.077
A0A3L0VY68,0.077
A0A3G4RT75,0.077
A0A377DS43,0.077
A0A484YBR0,0.077
A0A5N3CTX5,0.077
A0A067HDL0,0.077
A0A5C9AGD8,0.077
A0A376LEN8,0.077
A0A2A3VR12,0.077
A0A376MRV2,0.077
A0A376VS05,0.077
A0A484VTB1,0.077
A0A6N6WRP0,0.077
A0A2X3LYH4,0.077
A0A4C4ZGG0,0.077
A0A7A7UR54,0.077
A0A3R8SHR7,0.077
A0A0H3PL34,0.077
A0A0B1MF06,0.077
A0A2R4ADA1,0.077
A0A7L8KA53,0.077
A0A148HK95,0.077
A0A377CJV8,0.077
A0A377C903,0.077
A0A765X3A2,0.077
A0A377F972,0.077
A0A641IWP3,0.077
A0A0A0GZU1,0.077
A0A329XU65,0.077
A0A2K3TJT4,0.077
A0A1X8VG18,0.077
A0A377BZL1,0.077
A0A346CGD1,0.077
A0A484WRV0,0.077
A0A376RKU0,0.077
A0A0F3TLG2,0.077
A0A854BS71,0.077
A0A376MXC2,0.077
A0A0N8IS89,0.077
A0A3U0PKT1,0.077
A0A376WQE2,0.077
A0A1L6W9H2,0.077
A0A7H9NAK1,0.077
A0A3G4RPP5,0.077
A0A376VIB7,0.077
A0A376S9U8,0.077
A0A376NZB5,0.077
A0A376MNQ8,0.077
A0A5N8HDW9,0.077
A0A376ZRL5,0.077
A0A5B9AC12,0.077
A0A2H9A7Y5,0.077
A0A1X3I7Q3,0.077
A0A0H3PKG2,0.077
A0A3K0WD18,0.077
A0A2X1NE38,0.077
A0A827D9Y7,0.077
A0A6C9QJF8,0.077
A0A444QZR9,0.077
A0A220QJ37,0.077
A0A5C9ALE3,0.077
A0A5B9ARP9,0.077
A0A377A4I8,0.077
A0A376Y8Z7,0.077
A0A7H9S9P3,0.077
A0A376W8V6,0.077
A0A376TC85,0.077
A0A3L0VXF3,0.076
A0A827QYK1,0.076
A0A377K3P2,0.076
A0A1X9TJ18,0.076
A0A2J1BZW7,0.076
A0A0E0SRQ4,0.076
A0A3A6SKS9,0.076
A0A828P492,0.076
A0A377HGQ1,0.076
A0A6G4KDD6,0.076
A0A7D5L7I2,0.076
A0A6L7CJV7,0.076
A0A0H3EDQ7,0.076
A0A6D1P9Q6,0.076
A0A1U9XEW7,0.076
A0A797HYQ0,0.076
A0A3L0VY49,0.076
A0A2X1KDV0,0.076
A0A0P7QFG3,0.076
A0A376ZMF0,0.076
A0A0P7NV22,0.076
A0A2X1NTK6,0.076
A0A2R4AIU4,0.076
A0A376KX04,0.076
A0A0B1NNG0,0.076
A0A485JGP6,0.076
A0A377MXD1,0.076
A0A7U5YW41,0.076
A0A2X1JYJ4,0.076
A0A2X1NPB3,0.076
A0A418H9N8,0.076
A0A3L0VTA2,0.076
A0A2X3JJK8,0.076
A0A3L0W2X2,0.076
A0A376U7Q2,0.076
A0A376CWF7,0.076
A0A243ZMM6,0.076
A0A2P9ECK9,0.076
A0A0B1K2W3,0.076
A0A2X1K822,0.076
A0A377D5Q9,0.076
A0A192C7P8,0.076
A0A828BAN9,0.076
A0A3L0W095,0.076
A0A0E3V257,0.076
A0A193LMP7,0.076
A0A0E1T2U0,0.076
A0A290FYX4,0.076
A0A2H4TKB4,0.076
A0A376PW65,0.076
A0A0P7NNI3,0.076
A0A241QX71,0.076
A0A3Y8HII3,0.076
A0A377E1D5,0.076
A0A7G5F469,0.076
A0A3L0VTP9,0.076
A0A6D1A775,0.076
A0A377D7F7,0.076
A0A3P1X856,0.076
A0A3Z6GTC0,0.076
A0A0F6YRV8,0.076
A0A418HB66,0.076
A0A2X1MN90,0.076
A0A376RG97,0.076
A0A0F3UWG0,0.076
A0A165ZX86,0.076
A0A7U9AXB6,0.076
A0A369FHN3,0.076
A0A2X3KH54,0.076
A0A376KNA6,0.076
A0A3A6TD18,0.076
A0A0E1T2G5,0.076
A6MIL4,0.076
A0A418GWQ3,0.076
A0A7U9AVU6,0.076
A0A0H0LUM0,0.076
A0A2X3LWJ4,0.076
A0A7A7A4D9,0.076
A0A0H2Z4J0,0.076
A0A376ZYJ4,0.076
A0A811APK7,0.076
A0A3L0W617,0.076
A0A1X3JMB9,0.076
A0A377E8J2,0.076
A0A085P1W7,0.076
A0A3P1WGT7,0.076
A0A3L0VSU4,0.076
A0A376UAA5,0.076
A0A246VVQ3,0.076
A0A3P1XL42,0.076
A0A376CZG6,0.076
A0A376MN72,0.076
A0A7G2KIY4,0.076
A0A0E0Y570,0.076
A0A376ZQA1,0.076
A0A5B9B0F3,0.076
A0A1X0PAG7,0.075
A0A376U6S5,0.075
A0A0V9RIF7,0.075
A0A0E1SUP5,0.075
A0A377D5A2,0.075
A0A377F7X8,0.075
A0A0B5CUC0,0.075
A0A376SBE7,0.075
A0A376VS43,0.075
A0A0F3TA47,0.075
A0A2S8I701,0.075
A0A2X1K5N0,0.075
A0A066Q563,0.075
A0A061KG56,0.075
A0A376RS20,0.075
A0A3L0W3J8,0.075
A0A836ZBT3,0.075
A0A1M0DV28,0.075
A0A066RPS0,0.075
A0A376MTG4,0.075
A0A376KYG1,0.075
A0A168T3C9,0.075
A0A376ZWZ2,0.075
A0A6L7CYX4,0.075
A0A3L0VYW7,0.075
A0A376VLK0,0.075
A0A7H9NLC4,0.075
A0A377D9T7,0.075
A0A6L6ZRL0,0.075
A0A377BNM3,0.075
A0A3L0W4K6,0.075
A0A5N8HL68,0.075
A0A5N8HMB3,0.075
A0A6D1A8P8,0.075
A0A1X9TNW7,0.075
A0A376Y6T6,0.075
A0A152BT74,0.075
A0A376TYS7,0.075
A0A5C9AQX8,0.075
A0A5N8HIE8,0.075
A0A828GSG9,0.075
A0A376LPZ5,0.075
A0A376TLA3,0.075
A0A376VS03,0.075
A0A377C1Y5,0.075
A0A6D1P0Z5,0.075
A0A6D1ABE1,0.075
A0A377AGA3,0.075
A0A376VJN4,0.075
A0A6D0IJN3,0.075
A0A6G6AK82,0.075
A0A479VA17,0.075
A0A6D1AEA5,0.075
A0A6C8T0C5,0.075
A0A376P126,0.075
A0A5C9API4,0.075
A0A2W6NUE5,0.075
A0A484Z107,0.075
A0A0E2L8Z4,0.075
A0A418G9K8,0.075
A0A377DVT7,0.075
A0A6D0INQ3,0.075
A0A6D1ACF9,0.075
A0A377N0M8,0.075
A0A068F440,0.075
A0A376TDI8,0.075
A0A376P7V2,0.075
A0A377C990,0.075
A0A0J1XIE6,0.075
A0A377CYR0,0.075
A0A5C9ABI3,0.075
A0A061KUE4,0.075
A0A376TP63,0.075
A0A376KTJ0,0.075
A0A192CH35,0.075
A0A0Q3H1M4,0.075
A0A376RIZ8,0.075
A0A0Q3CHD1,0.075
A0A377BVS1,0.075
A0A0K6S5N5,0.075
A0A085P0D1,0.075
A0A828U2B0,0.075
A0A6L7CST6,0.075
A0A484YN04,0.075
A0A6D0DRE4,0.075
A0A066R3Y7,0.075
A0A376RDG3,0.075
A0A6D0IG11,0.075
A0A6C9EIE9,0.075
A0A243UV30,0.075
A0A376JYY4,0.075
A0A376YFR0,0.075
A0A418GBM2,0.075
A0A5B9AH99,0.075
A0A377F945,0.075
A0A7D7KLA2,0.075
A0A376P6Y7,0.075
A0A376WU62,0.075
A0A2P9E629,0.075
A0A376MJK3,0.075
A0A376HST3,0.075
A0A376MSW0,0.075
A0A3L0X8C8,0.075
A0A0E1SWT7,0.075
A0A3L9I9S7,0.075
A0A2X3K434,0.075
A0A376MP63,0.075
A0A376WX34,0.075
A0A193LYS7,0.075
A0A7A9X0P9,0.075
A0A2X3K1S0,0.075
A0A2X3J940,0.075
A0A343J129,0.075
A0A0H0IP61,0.075
A0A792DQU1,0.075
A0A7H1KRM3,0.075
A0A376TW48,0.074
A0A6D1AJI8,0.074
A0A0D8WKG5,0.074
A0A827FY48,0.074
A0A765X4B1,0.074
A0A376MHX7,0.074
A0A6N9SHY9,0.074
A0A6L7CS24,0.074
A0A793KJX2,0.074
A0A3L9IYB9,0.074
A0A377DUZ5,0.074
A0A1M1DNU8,0.074
A0A376KPF2,0.074
A7TTX1,0.074
A0A793D1N8,0.074
A0A376P7M1,0.074
A0A3S4M5K2,0.074
A0A377E093,0.074
A0A376VFV1,0.074
A0A7H9SGZ6,0.074
A0A1U9XH62,0.074
A0A826WQE9,0.074
A0A6H0AAP9,0.074
A0A5E9RYC4,0.074
A0A4T7WAZ1,0.074
A0A0B1MXP0,0.074
A0A827LTD9,0.074
A0A0H2XKP4,0.074
A0A376K6N9,0.074
A0A377CBT2,0.074
A0A376UDU5,0.074
A0A444RFB6,0.074
A0A1Q6BDH8,0.074
A0A6D0HD88,0.074
A0A377AEZ9,0.074
A0A0M1U5I2,0.074
A0A2X1MXD7,0.074
A0A2X3LX23,0.074
A0A0H3EQE7,0.074
A0A3L0VUJ5,0.074
A0A376YK75,0.074
A0A343J0B2,0.074
A0A066TAW8,0.074
A0A1X3ICH1,0.074
A0A0P7LX37,0.074
A0A0F5GIV1,0.074
A0A271U8P6,0.074
A0A0V9GUH1,0.074
A0A6G4P732,0.074
A0A2X1LD96,0.074
A0A075MA64,0.074
A0A2X8SLF1,0.074
A0A345ENE4,0.074
A0A376P0D2,0.074
A0A0A8LDY0,0.074
A0A6D1P140,0.074
A0A3L0X679,0.074
A0A1Q6AY83,0.074
A0A0E2LH48,0.074
A0A7A6NZ73,0.074
A0A809SZK0,0.074
A0A3L0W211,0.074
A0A3L0VVW6,0.074
A0A1M2DY04,0.074
A0A447XCR9,0.074
A0A7L8KBT2,0.074
A0A3Z6GBT5,0.074
A0A376LDV8,0.074
A0A444R120,0.074
A0A377CCE6,0.074
A0A377B894,0.074
A0A6D0KWQ8,0.074
A0A377F5T5,0.074
A0A1X3J594,0.074
A0A660HJM3,0.074
A0A0E0Y3I6,0.074
A0A376UF71,0.074
A0A178SKL5,0.074
A0A6G4JYR1,0.074
A0A1X3HWJ7,0.074
A0A0E2L2Z7,0.074
A0A0E2LFP3,0.074
A0A066PYK8,0.074
A0A826R903,0.074
A0A0P7NXR4,0.074
A0A826X002,0.074
A0A377BVX3,0.074
A0A7H9S6G2,0.074
A0A660HDE8,0.074
A0A7U1HQK2,0.074
A0A2W6PB30,0.074
A0A2X1JEM5,0.074
A0A376KQR1,0.074
A0A2X6FJ67,0.074
A0A377BFS0,0.074
A0A376LQV6,0.074
A0A485JL86,0.074
A0A826X3J3,0.074
A0A2H4WK19,0.074
A0A376JSG5,0.074
A0A376W4J3,0.074
A0A376K0J3,0.074
A0A0A7XQ84,0.074
A0A5B9AB10,0.074
A0A2X3K088,0.074
A0A6N8NR77,0.074
A0A1C7CK59,0.074
A0A376VDX5,0.074
A0A1X3IW10,0.074
A0A789RKZ3,0.074
A0A191T974,0.074
A0A1X9QDE7,0.074
A0A485JE67,0.074
A0A2X1NAM4,0.074
A0A0F3UZD1,0.074
A0A0E0Y2I5,0.074
A0A193LPN6,0.074
A0A2R4KLL6,0.074
A0A2H9EYD4,0.073
A0A376UC44,0.073
A0A3P1YIM8,0.073
A0A377K650,0.073
A0A2X7GF98,0.073
A0A377DRG4,0.073
A0A3U5RV67,0.073
A0A0C5AZW7,0.073
A0A3P1YCW5,0.073
A0A2X1KBZ4,0.073
A0A6D0IFI0,0.073
A0A7U5TNN8,0.073
A0A377D3P5,0.073
A0A6N6WQE8,0.073
A0A484YIL1,0.073
A0A376LMD9,0.073
A0A0P7LH43,0.073
A0A1X3JID0,0.073
A0A828P0Y8,0.073
A0A2W6P8V9,0.073
A0A1X0YS46,0.073
A0A376D6J6,0.073
A0A0E0XUT5,0.073
A0A3L0VYR4,0.073
A0A2X3JK54,0.073
A0A826XB54,0.073
A0A6D0EWF5,0.073
A0A7L5V729,0.073
A0A376TNC8,0.073
A0A271U8Y4,0.073
A0A343J0I7,0.073
A0A0P7NCM4,0.073
A0A2X1KRK9,0.073
A0A2R9W217,0.073
A0A811VVK6,0.073
A0A6D0Y6K0,0.073
A0A2Y8K2U6,0.073
A0A168TIW8,0.073
A0A066RNM3,0.073
A0A7B9DQP8,0.073
A0A3L0VS71,0.073
A0A418GSN4,0.073
A0A1X3HXB1,0.073
A0A2X3K7Y6,0.073
A0A376MVQ1,0.073
A0A2W6NZE2,0.073
A0A7B3I747,0.073
A0A023LAI3,0.073
A0A6D1AJ72,0.073
A0A0D8VW05,0.073
A0A377HH93,0.073
A0A376LFB4,0.073
A0A5N8HLA0,0.073
A0A2X7KWD7,0.073
A0A7M3TRF0,0.073
A0A066Q537,0.073
A0A376MVA0,0.073
A0A6D0IC52,0.073
A0A1V2G1H7,0.073
A0A066Q6B4,0.073
A0A6N6WUU3,0.073
A0A0L1BW75,0.073
A0A376W291,0.073
A0A377E4X3,0.073
A0A3L0W4Y9,0.073
A0A1M2NPT0,0.073
A0A3S4NNQ6,0.073
A0A2X3K233,0.073
A0A0Q3DB73,0.073
A0A1X3I6U9,0.073
A0A2T1LAT0,0.073
A0A828GSF4,0.073
A0A2X1MQG8,0.073
A0A2P6AB33,0.073
A0A161KKF7,0.073
A0A2X1J7U1,0.073
A0A0H3MEG3,0.073
A0A377KE15,0.073
A0A0P7L9H0,0.073
A0A023PIH0,0.073
A0A826X719,0.073
A0A376W9A1,0.073
A0A3P1XP62,0.073
A0A484YY50,0.073
A0A2X7K6U4,0.073
A0A6D0IMM3,0.073
A0A403LUP8,0.073
A0A376U9E3,0.073
A0A066QNK4,0.073
A0A376MPS0,0.073
A0A376KVM8,0.073
A0A0H3PNN3,0.073
A0A890DKX2,0.073
A0A0H3PY48,0.073
A0A376ZNN1,0.073
A0A0E0Y3Y1,0.073
A0A4C4ZH50,0.073
A0A1X7BA31,0.073
A0A3G4RTT7,0.073
A0A0E2L386,0.073
A0A376ZNX4,0.073
A0A3L0W8B7,0.073
A0A0H3YGC3,0.073
A0A377D402,0.073
A0A0K3HU76,0.073
A0A2T3SVX8,0.073
A0A376RLE1,0.073
A0A193LPS6,0.073
A0A0H3EP58,0.073
A0A377DSX2,0.073
A0A1X3HWZ5,0.073
A0A3R1BAP9,0.073
A0A376WVW2,0.073
A0A376KMG2,0.073
A0A2X2ZWP6,0.073
A0A6C9EFK6,0.073
A0A418H848,0.072
A0A376X6Z1,0.072
A0A2I8SWB2,0.072
A0A377K0W5,0.072
A0A377D3I3,0.072
A0A7G2KI84,0.072
A0A2X5TNX8,0.072
A0A3L0W2F5,0.072
A0A6L7CR51,0.072
A0A418H9S2,0.072
A0A0A3URQ9,0.072
A0A2X1K437,0.072
A0A0E0XTX9,0.072
A0A2T1MNN9,0.072
A0A4Q4HWJ1,0.072
A0A418GRV0,0.072
A0A485JH28,0.072
A0A376NYM2,0.072
A0A377K9Z5,0.072
A0A066QEM8,0.072
A0A2X3JDN6,0.072
A0A6M3TGZ0,0.072
A0A376Y501,0.072
A0A6D1AIK6,0.072
A0A2X1N852,0.072
A0A377LIL6,0.072
A0A376KSK9,0.072
A0A152XSC2,0.072
A0A826J0E3,0.072
A0A0U4KZY5,0.072
A0A376NWB8,0.072
A0A3L0VUD8,0.072
A0A192EMU5,0.072
A0A2W6PI13,0.072
A0A2Y8JD52,0.072
A0A3S4JUB4,0.072
A0A1X3I4M1,0.072
A0A066QA75,0.072
A0A377CDM5,0.072
A0A6G4C2P6,0.072
A0A0K4S640,0.072
A0A3G4SM71,0.072
A0A0F3UIH4,0.072
A0A6L7CP58,0.072
A0A2P9E0P8,0.072
A0A376Y378,0.072
A0A060RF55,0.072
A0A3L2VZV4,0.072
A0A377BH60,0.072
A0A024L6T3,0.072
A0A418GPK1,0.072
A0A369FFB5,0.072
A0A192C9N5,0.072
A0A6L7CL85,0.072
A0A376TH20,0.072
A0A3L0W2D4,0.072
A0A2X1LDB5,0.072
A0A376YJG4,0.072
A0A1V2GG02,0.072
A0A1V2G308,0.072
A0A485JMU6,0.072
A0A6N6XXZ1,0.072
A0A376TDI4,0.072
A0A2X3JIL9,0.072
A0A376TWZ8,0.072
A0A0C5EIA8,0.072
A0A6L7CNA4,0.072
A0A6N8NN67,0.072
A0A3L0W4E7,0.072
A0A6D0IK33,0.072
A0A377KCU4,0.072
A0A403PSZ1,0.072
A0A376LP50,0.072
A0A1Z1GHX7,0.072
A0A828P8K1,0.072
A0A376NRP4,0.072
A0A0H3PID7,0.072
A0A376MTZ9,0.072
A0A094Y6U7,0.072
A0A376TZT4,0.072
A0A061KQD6,0.072
A0A7U9FUJ5,0.072
A0A2X3K3V0,0.072
A0A376UG58,0.072
A0A0L6XW42,0.072
A0A2X3JCF4,0.072
A0A829LAL9,0.072
A0A7U9FVG1,0.071
A0A1Q6AXF9,0.071
A0A377DHL5,0.071
A0A3L0YHQ5,0.071
A0A3G1QC59,0.071
A0A066SY50,0.071
A0A484YAV4,0.071
A0A085NWY9,0.071
A0A3P1WYS3,0.071
A0A5S9DZP2,0.071
A0A0S3PN84,0.071
A0A7U9FUG2,0.071
A0A7H1KST9,0.071
A0A5C9AAM1,0.071
A0A376U0E7,0.071
A0A2W6NWB2,0.071
A0A141BR63,0.071
A0A0F3UUR9,0.071
A0A376W2J2,0.071
A0A827E4K6,0.071
A0A4C9VZY7,0.071
A0A376W1U9,0.071
A0A3L0X7N1,0.071
A0A0E0Y551,0.071
A0A484VJN8,0.071
A0A484Y8M6,0.071
A0A377C8M6,0.071
A0A376U871,0.071
A0A6N8NU82,0.071
A0A1X3J7E9,0.071
A0A376MPK1,0.071
A0A377ANK4,0.071
A0A890DFI8,0.071
A0A6N8QRW2,0.071
A0A6D0IXS9,0.071
A0A0P7KMQ9,0.071
A0A6D0I8Z5,0.071
A0A3A6SL56,0.071
A0A5N8H4Q1,0.071
A0A376W2L6,0.071
A0A826XAM4,0.071
A0A376JV02,0.071
A0A6D0G3V5,0.071
A0A3L9HSH4,0.071
A0A3Y4Y3L4,0.071
A0A827EYS4,0.071
A0A377BIY9,0.071
A0A3L0W4Y4,0.071
A0A826XHE9,0.071
A0A2W6P7M8,0.071
A0A2T3UXG6,0.071
A0A377BH15,0.071
A0A3L0W3J4,0.071
A0A377K9F3,0.071
A0A376U5J1,0.071
A0A827LBE7,0.071
A0A140CLG8,0.071
A0A6N8NTP7,0.071
A0A2X3LUU6,0.071
A0A826XAX8,0.071
A0A2H9G3P0,0.071
A0A377A327,0.071
A0A377BY09,0.071
A0A3L9HUS6,0.071
A0A376LHP7,0.071
A0A3L0WZP9,0.071
A0A0E1T4K0,0.071
A0A418GKX7,0.071
A0A6G6AL46,0.071
A0A2W6PGC8,0.071
A0A485JJT5,0.071
A0A5N8HI54,0.071
A0A0H3PUE2,0.071
A0A2I6F434,0.071
A0A376KHR6,0.071
A0A377CA36,0.071
A0A377BTM7,0.071
A0A765X9Z8,0.071
A0A2S8JYU0,0.071
A0A5C9A822,0.071
A0A0M1U575,0.071
A0A6N8QTJ4,0.071
A0A2S1Y6Y0,0.071
A0A0Q0WXF1,0.071
A0A089VHP5,0.071
A0A2X1JIG1,0.071
A0A377HC08,0.071
A0A0H2V5N0,0.071
A0A765X9Z3,0.071
A0A2W6NVL8,0.071
A0A377DC04,0.071
A0A831GQ83,0.071
A0A3S5DUM2,0.071
A0A376U8K1,0.071
A0A5N8HGP9,0.071
A0A376KVU5,0.071
A0A3L9G7H6,0.071
A0A5C9ABX1,0.071
A0A2I8SJI3,0.071
A0A376V9X1,0.071
A0A037YM48,0.071
A0A3Y4Y836,0.071
A0A142CPV8,0.071
A0A0K5ZYJ2,0.071
A0A229AA42,0.071
A0A2X8RM84,0.071
A0A2R4AH57,0.071
A0A3L9G410,0.071
A0A376TN18,0.071
A0A376VSZ9,0.071
A0A024L3D2,0.071
A0A7A6MVJ7,0.071
A0A4D6PGM7,0.071
A0A3L0WWS1,0.071
A0A2L1KTX6,0.071
A0A376VLL5,0.07
A0A1V2GML8,0.07
A0A6N8QFV4,0.07
A0A6N8QRU6,0.07
A0A853EC60,0.07
A0A4C4L2A4,0.07
A0A376J1D5,0.07
A0A220K8H4,0.07
A0A827Y5X9,0.07
A0A7A6YJY9,0.07
A0A829L5W3,0.07
A0A853WNS5,0.07
A0A377AQQ7,0.07
A0A377DW27,0.07
A0A418GJ78,0.07
A0A2W6PB53,0.07
A0A7A6SFG2,0.07
A0A6C9EIA8,0.07
A0A6N8QZZ3,0.07
A0A376P4D8,0.07
A0A484Y6K0,0.07
A0A2Y0Z311,0.07
A0A0F3V3I7,0.07
A0A377C6M2,0.07
A0A2W6PSJ6,0.07
A0A5B9SWT1,0.07
A0A6L7CRK7,0.07
A0A3P1XD60,0.07
A0A6F8Z7D6,0.07
A0A828U8N7,0.07
A0A0H3MQX8,0.07
A0A3L0Y8E8,0.07
A0A376RBJ3,0.07
A0A6N8NRX6,0.07
A0A193LYT9,0.07
A0A3L0VZS5,0.07
A0A3L0VVP4,0.07
A0A7G2KI05,0.07
A0A444R6E6,0.07
A0A2X1KKZ6,0.07
A0A377KD44,0.07
A0A3G1QCA4,0.07
A0A6L7F7P9,0.07
A0A447XTU8,0.07
A0A2X1MZI7,0.07
A0A384ZT80,0.07
A0A826ZC86,0.07
A0A376YF74,0.07
A0A376L967,0.07
A0A0J6B956,0.07
A0A377E1Q6,0.07
A0A6D1AC55,0.07
A0A7A6QZ09,0.07
A0A376KQN1,0.07
A0A140JY31,0.07
A0A376TPJ0,0.07
A0A6N8QDG4,0.07
A0A3L0W628,0.07
A0A6L7CMZ4,0.07
A0A3Z9RSU6,0.07
A0A2X1KNN2,0.07
A0A0E0XXQ5,0.07
A0A2X1KAI4,0.07
A0A0H0G422,0.07
A0A077K617,0.07
A0A2X1JI10,0.07
A0A377D5M2,0.07
A0A0C2EF93,0.07
A0A376ZWI8,0.07
A0A5C9AIY6,0.07
A0A0K4T3B8,0.07
A0A376U4W9,0.07
A0A2H9EH50,0.07
A0A376LAX1,0.07
A0A2X3K3H5,0.07
A0A2S8JYN9,0.07
A0A485JB63,0.07
A0A0L7AI98,0.07
A0A4P6ZK02,0.07
A0A377AJA0,0.07
A0A2X3LPA1,0.07
A0A789R6R5,0.07
A0A484YAF7,0.07
A0A377DA94,0.07
A0A6L9ABB5,0.07
A0A418GGM8,0.07
A0A6N8QG05,0.07
A0A6G4C7V7,0.07
A0A376ZLR9,0.07
A0A7H9LV22,0.07
A0A376S8U6,0.07
A0A377K0U2,0.07
A0A140RJA1,0.07
A0A780DK42,0.07
A0A0J2D7I3,0.07
A0A376SB34,0.07
A0A6G6AJV6,0.07
A0A377DBF5,0.07
A0A376ZX74,0.069
A0A2X3K0M6,0.069
A0A6D1A8U1,0.069
A0A376WYJ7,0.069
A0A0E2L2C3,0.069
A0A829L664,0.069
A0A2X3BI40,0.069
A0A771N415,0.069
A0A2W6NWI8,0.069
A0A6N8NNR2,0.069
A0A377BGR3,0.069
A0A6G4JYP1,0.069
A0A6M3YIV0,0.069
A0A2P9E372,0.069
A0A376SC29,0.069
A0A376VYI9,0.069
A0A0H3EKU4,0.069
A0A218N6Q4,0.069
A0A3L9GAQ8,0.069
A0A066TA11,0.069
A0A6N9SHY4,0.069
A0A376MQ17,0.069
A0A376Y9Y5,0.069
A0A3Y1JEZ6,0.069
A0A781IT93,0.069
A0A2X1N950,0.069
A0A0A1A450,0.069
A0A826X0C4,0.069
A0A376ZNT6,0.069
A0A345EYE3,0.069
A0A061YPU9,0.069
A0A3P1XIN9,0.069
A0A0Q2XR01,0.069
A0A067HWA7,0.069
A0A6C9EEN6,0.069
A0A376MSM8,0.069
A0A6D0I6E7,0.069
A0A0D8WGU6,0.069
A0A418H480,0.069
A0A0E0Y951,0.069
A0A376J9Z9,0.069
A0A827LKC4,0.069
A0A6D1AAS2,0.069
A0A5C9AET2,0.069
A0A192C9X6,0.069
A0A376K3L0,0.069
A0A2X3K2F1,0.069
A0A2S8JLF0,0.069
A0A066T4W3,0.069
A0A376DA96,0.069
A0A6D1AGM3,0.069
A0A418GZ92,0.069
A0A3S4KPS1,0.069
A0A444R1U7,0.069
A0A377DVH2,0.069
A0A3L0W2A1,0.069
A0A827LF72,0.069
A0A376TM46,0.069
A0A0B0VRH8,0.069
A0A2X2Z8P5,0.069
A0A376W8A8,0.069
A0A377A645,0.069
A0A2X1NBI9,0.069
A0A376RPQ1,0.069
A0A5D8MVI4,0.069
A0A484YUF3,0.069
A0A1B1IKA5,0.069
A0A376RIF4,0.069
A0A418H6D1,0.069
A0A6G9HHV9,0.069
A0A2X1N5B0,0.069
A0A454A9L7,0.069
A0A376TM29,0.069
A0A061KYW8,0.069
A0A377JZU3,0.069
A0A7G2KGT1,0.069
A0A376TLD1,0.069
A0A0N9DXL0,0.069
A0A4T3AYB4,0.069
A0A3G4RXA3,0.069
A0A3S4M653,0.069
A0A7U5TGX8,0.069
A0A2X1K1V7,0.069
A0A2X1J1X3,0.069
A0A377BZT0,0.069
A0A2X1KE68,0.069
A0A1V2GCY3,0.069
A0A377BQL0,0.069
A0A2X1N5L1,0.069
A0A811VWD0,0.069
A0A377B912,0.069
A0A3L0VUK6,0.069
A0A377C827,0.069
A0A3Z6GEB8,0.069
A0A484YFL9,0.069
A0A2A6Q7B9,0.069
A0A400J2U0,0.069
A0A086UKR0,0.069
A0A3L0Y6T8,0.069
A0A828TXC5,0.069
A0A377HEY2,0.069
A0A6N8QGT3,0.069
A0A811ASC3,0.069
A0A0Q2YTL8,0.069
A0A418GLT4,0.069
A0A3Z6GBY0,0.069
A0A376NU41,0.069
A0A418H9K8,0.069
A0A6D1AF24,0.069
A0A3A6SGD2,0.069
A0A376RS37,0.069
A0A376UBG1,0.069
A0A2X3JR05,0.069
A0A853JVA1,0.069
A0A376SP28,0.069
A0A343J193,0.069
A0A7A6VQ52,0.069
A0A6D1AEJ5,0.069
A0A6C9EI20,0.069
A0A0M5X0P1,0.069
A0A6H1PXK3,0.069
A0A6N9SI13,0.069
A0A1X9TPG1,0.069
A0A6N8Q9K6,0.069
A0A0C5PXD9,0.069
A0A376VIF5,0.068
A0A376UFH1,0.068
A0A0H3ESM0,0.068
A0A6D0IM15,0.068
A0A3L0WYR9,0.068
A0A077K4M9,0.068
A0A899NDH2,0.068
A0A376ZVX2,0.068
A0A377KCP1,0.068
A0A376TS09,0.068
A0A377MYC5,0.068
A0A0K4J3H7,0.068
A0A2X1Q8P6,0.068
A0A085P3J3,0.068
A0A5N8HNX7,0.068
A0A376Y6Z9,0.068
A0A2L1KUR4,0.068
A0A6C9EFU9,0.068
A0A153DJM9,0.068
A0A417ZR45,0.068
A0A3Y4Y8J4,0.068
A0A376RNN0,0.068
A0A7U5YWP4,0.068
A0A0K3FIA7,0.068
A0A376MQF4,0.068
A0A6N8NRJ0,0.068
A0A2Y0CSK3,0.068
A0A418H9W2,0.068
A0A7U9QB08,0.068
A0A3L0WDA2,0.068
A0A376S7K2,0.068
A0A192CM32,0.068
A0A484YG25,0.068
A0A376UID0,0.068
A0A484X4E3,0.068
A0A376SBL4,0.068
A0A5N8HEP2,0.068
A0A2X1IWT0,0.068
A0A3L0VUH7,0.068
A0A376P0M1,0.068
A0A3L0X1I8,0.068
A0A6M1DK19,0.068
A0A6N8RBJ2,0.068
A0A376L3T5,0.068
A0A418GXP1,0.068
A0A377DG59,0.068
A0A163IEQ3,0.068
A0A5B9ABC0,0.068
A0A0H3JRC9,0.068
A0A6C9EI73,0.068
A0A484Y8J9,0.068
A0A376NVF9,0.068
A0A2H9FCG8,0.068
A0A444R090,0.068
A0A2U9TUV8,0.068
A0A6M1DKG6,0.068
A0A3P1XC60,0.068
A0A3S4KT55,0.068
A0A024L764,0.068
A0A826YX38,0.068
A0A826X6K1,0.068
A0A3L0VYT7,0.068
A0A860PKE0,0.068
A0A2X1KJB2,0.068
A0A2Z2JJQ8,0.068
A0A0K3Y1K6,0.068
A0A377A5B5,0.068
A0A6L7CV18,0.068
A0A2X3LM07,0.068
A0A6C9EJ06,0.068
A0A0A6T6S5,0.068
A0A377DHV6,0.068
A0A0P7LMX8,0.068
A0A2X1N2K3,0.068
A0A4Y7Z0X1,0.068
A0A3Z6GEB6,0.068
A0A6D1ADD8,0.068
B0Z415,0.068
A0A4C9HHF0,0.068
A0A376W8R6,0.068
A0A6D0EEG2,0.068
A0A891ZWC2,0.068
A0A377E8Q7,0.068
A0A5C9A7U8,0.068
A0A3L0VYJ3,0.068
A0A376CT70,0.068
A0A0B1MYQ8,0.068
A0A1V2G3Q3,0.068
A0A376REM8,0.068
A0A377D8G6,0.068
A0A377D7X8,0.068
A0A826T9T0,0.068
A0A3Q0N419,0.068
A0A377AA33,0.068
A0A6D1AGR0,0.068
A0A2W6NZD4,0.068
A0A376ZLX3,0.068
A0A6D1ADB6,0.068
A0A061KAB6,0.068
A0A2X1M195,0.068
A0A3L0VUX0,0.068
A0A826Y706,0.068
A0A6L4XRA5,0.068
A0A377KBG4,0.068
A0A376KRD1,0.068
A0A1Q6BES7,0.068
A0A377K411,0.068
A0A0K4WPJ5,0.068
A0A2X1KC95,0.068
A0A0X5FE99,0.068
A0A3L0Y8D6,0.068
A0A023L6P9,0.068
A0A444R020,0.068
A0A827ZUS8,0.068
A0A3L0VZU2,0.068
A0A513QRM1,0.068
A0A444QZB5,0.068
A0A765XCC3,0.068
A0A6C9QIF0,0.068
A0A376ZR60,0.068
A0A3G4RTI9,0.068
A0A485JLM5,0.068
A0A0H2VF46,0.068
A0A0K3GPI8,0.068
A0A376MIC1,0.068
A0A2H5C1X1,0.068
A0A376ZL03,0.068
A0A6L9AAF5,0.068
A0A2X3A522,0.068
A0A826X1L5,0.068
A0A1U9XGW4,0.068
A0A023KU61,0.068
A0A376LCV5,0.068
A0A377DYX4,0.068
A0A376H5K3,0.068
A0A376YCR9,0.068
A0A2X1KCD0,0.068
A0A140WY39,0.068
A0A3L0VSF2,0.067
A0A6D0IBJ2,0.067
A0A1B2RC31,0.067
A0A1D8F3F4,0.067
A0A2X3LNX2,0.067
A0A6C9EIV5,0.067
A0A0H2YXC6,0.067
A0A0P7PM07,0.067
A0A376VK21,0.067
A0A376YBT6,0.067
A0A377DE35,0.067
A0A376PTB2,0.067
A0A811AQW8,0.067
A0A0A1A435,0.067
A0A6L6ZSL1,0.067
A0A376U1F7,0.067
A0A376MPX1,0.067
A0A377C944,0.067
A0A376TW53,0.067
A0A376VBM6,0.067
A0A1X9VAW9,0.067
A0A1B2RAL2,0.067
A0A7L5V9I9,0.067
A0A826Z8R9,0.067
A0A3L0VYM3,0.067
A0A795PRG4,0.067
A0A376LHP4,0.067
A0A6N6WNP0,0.067
A0A6D1A7E6,0.067
A0A829L0R7,0.067
A0A6D1ADK2,0.067
A0A3L0VW16,0.067
A0A376L3H4,0.067
A0A377A866,0.067
A0A3S4JSH6,0.067
A0A376P710,0.067
A0A5P0JIH1,0.067
A0A829L2A7,0.067
A0A780DKS6,0.067
A0A0D8W8I9,0.067
A0A0E0Y552,0.067
A0A376NWX8,0.067
A0A191TA71,0.067
A0A3L0YA22,0.067
A0A376FPG0,0.067
A0A5N3CQK2,0.067
A0A2K3TMQ8,0.067
A0A376TUN6,0.067
A0A2X6V8I3,0.067
A0A2S1J9C4,0.067
A0A7B5F9R6,0.067
A0A828P361,0.067
A0A7U9FTD4,0.067
A0A377BI20,0.067
A0A7L5NX36,0.067
A0A2A2CGF0,0.067
A0A5C9ACH4,0.067
A0A2X1K6N2,0.067
A0A376CT49,0.067
A0A6L7CI00,0.067
A0A811ASN6,0.067
A0A6L7CRQ6,0.067
A0A5B9AEP6,0.067
A0A2P9EHR7,0.067
A0A2X1JA67,0.067
A0A8A6HCK7,0.067
A0A377K3F6,0.067
A0A376L5T5,0.067
A0A376K241,0.067
A0A7T3RI05,0.067
A0A6C9EEG3,0.067
A0A377BCE8,0.067
A0A376W3I5,0.067
A0A6C9QHU5,0.067
A0A5B9T101,0.067
A0A376KMY0,0.067
A0A3L0VWS6,0.067
A0A024L7F3,0.067
A0A376TIM6,0.067
A0A2X1N8Z5,0.067
A0A1W1EMB7,0.067
A0A0S3PMW9,0.067
A0A0C2AKT4,0.067
A0A5C9ACW2,0.067
A0A376MM56,0.067
A0A0A0R7R9,0.067
A0A377BX13,0.067
A0A3S4KYA0,0.067
A0A418H396,0.067
A0A376K3N3,0.067
A0A377K8Z8,0.067
A0A3P1WLQ6,0.067
A0A0E1T0G9,0.067
A0A7U9QEZ5,0.067
A0A418TVS8,0.067
A0A829KZA1,0.067
A0A6L7CEL8,0.067
A0A2S1J715,0.067
A0A0V7X3J5,0.067
A0A3L0WYP6,0.067
A0A1V2GN92,0.067
A0A418H124,0.067
A0A210GNA9,0.067
A0A066SRS1,0.067
A0A418GII3,0.067
A0A376KU97,0.067
A0A377KDF9,0.067
A0A376VVD9,0.067
A0A0A1A8J3,0.067
A0A377D2H0,0.067
A0A485JJA6,0.067
A0A376VE86,0.067
A0A447X667,0.067
A0A6D0INZ4,0.067
A0A6N8QXS6,0.067
A0A831LW10,0.067
A0A3P1X3J5,0.067
A0A6D0IBB7,0.067
A0A3Z6G8Z2,0.067
A0A377KDZ1,0.067
A0A376VDP5,0.067
A0A485JBR6,0.067
A0A3Z6GDD1,0.067
A0A1Y1CT11,0.067
A0A444QZY0,0.067
A0A3L0X5U7,0.067
A0A376YC75,0.066
A0A793XVR1,0.066
A0A6D0I9S8,0.066
A0A1L4IVJ1,0.066
A0A0F6TKX3,0.066
A0A376KZG0,0.066
A0A827BND4,0.066
A0A6L4XSK3,0.066
A0A376L5I4,0.066
A0A3W4K7A7,0.066
A0A376KRI5,0.066
A0A0E1SUK8,0.066
A0A377DG68,0.066
A0A0H2VC94,0.066
A0A3L9HQ48,0.066
A0A797I2W4,0.066
A0A377BUR9,0.066
A0A377F8M0,0.066
A0A7U9AS67,0.066
A0A827QFA6,0.066
A0A376RM67,0.066
A0A6G9HHU1,0.066
A0A1X3J6F4,0.066
A0A376YEE9,0.066
A0A061L5W4,0.066
A0A811VTI1,0.066
A0A6M1D8I0,0.066
A0A0A1AI85,0.066
A0A0C2EE87,0.066
A0A3L0W2A5,0.066
A0A0A1AB05,0.066
A0A454A986,0.066
A0A376L265,0.066
A0A376U793,0.066
A0A6M1DKY2,0.066
A0A2K3TWK6,0.066
A0A0D8W9H7,0.066
A0A6D1AC13,0.066
A0A3L0YDS5,0.066
A0A829L287,0.066
A0A6D1ACE7,0.066
A0A0H2YY36,0.066
A0A6D1B3M1,0.066
A0A376JG27,0.066
A0A827XYG2,0.066
A0A484WQI6,0.066
A0A444R7V9,0.066
A0A7D7HKY0,0.066
A0A377AYE8,0.066
A0A1S0WUT2,0.066
A0A7A6QVQ8,0.066
A0A1Y1CT31,0.066
A0A5N8HL65,0.066
A0A376UDB7,0.066
A0A826JBE7,0.066
A0A2X1K669,0.066
A0A0H3EJJ1,0.066
A0A377DWP9,0.066
A0A3Y8FNG0,0.066
A0A376VXQ2,0.066
A0A376KX44,0.066
A0A3L0X298,0.066
A0A023L4T7,0.066
A0A1Q6AXN6,0.066
A0A376W3K3,0.066
A0A0J2DBY1,0.066
A0A4U9ULP3,0.066
A0A376LR08,0.066
A0A485JBY4,0.066
A0A3S4K6R3,0.066
A0A376TY70,0.066
A0A485JLT9,0.066
A0A6N8QE28,0.066
A0A376UAW7,0.066
A0A376YFL6,0.066
A0A2X1N929,0.066
A0A0H3JJL2,0.066
A0A1Q6ARY4,0.066
A0A2R4AB45,0.066
A0A3Q0N1N9,0.066
A0A3P1KW57,0.066
A0A377E9C2,0.066
A0A376K383,0.066
A0A037YCY6,0.066
A0A6D1P973,0.066
A0A827ERF5,0.066
A0A377B137,0.066
A0A890DDN8,0.066
A0A6H1PVN2,0.066
A0A2X1KHE6,0.066
A0A1Q6B226,0.066
A0A6N8R7C0,0.066
A0A3L9I5S3,0.066
A0A3L9HLI8,0.066
A0A7A6MY57,0.066
A0A2H5C9L4,0.066
A0A5P0JIT2,0.066
A0A2U9LTS2,0.066
A0A143E3E8,0.066
A0A0H0JCB7,0.066
A0A6D0JPB5,0.066
A0A3L0VZ27,0.066
A0A826KWK0,0.066
A0A6N6WQQ2,0.066
A0A2L1KUH7,0.066
A0A444R9W0,0.066
A0A0H2V8B9,0.066
A0A2X7GWX0,0.066
A0A2X1PT63,0.066
A0A2H4TLW9,0.066
A0A3L0VXK4,0.066
A0A447XXN8,0.066
A0A6D1AC19,0.066
A0A075MCC1,0.066
A0A7H9NGN0,0.066
A0A0F3UVK4,0.066
A0A3L0YC34,0.066
A0A6D1AE49,0.066
A0A097H0D5,0.066
A0A3L0YEF5,0.066
A0A376MLL1,0.066
A0A376L2M9,0.066
A0A376WYL9,0.066
A0A6L7CFX9,0.066
A0A0A6SII8,0.066
A0A4D6PFA7,0.066
A0A3L0VS12,0.066
A0A827BTD2,0.066
A0A2X1NZV2,0.066
A0A828GMM3,0.066
A0A075MG34,0.066
A0A447X9J2,0.066
A0A5C9AE06,0.066
A0A2Z2JAR2,0.066
A0A6D1ACI3,0.066
A0A2T1LAB3,0.066
A0A377APW2,0.066
A0A377DGL1,0.066
A0A6L7CHF8,0.066
A0A447XDE3,0.066
A0A2X1KI64,0.066
A0A377K347,0.066
A0A148HSH4,0.066
A0A0H3Q2F6,0.065
A0A6N8R976,0.065
A0A765XAI7,0.065
A0A6D0ICF1,0.065
A0A7U9AUJ7,0.065
A0A377BB82,0.065
A0A6L7CFB2,0.065
A0A3L0VYZ1,0.065
A0A1X3HWY8,0.065
A0A7G2KFU5,0.065
A0A376LPC1,0.065
A0A3L0W314,0.065
A0A5B9AGQ3,0.065
A0A7G3NNX6,0.065
A0A6N8NSU1,0.065
A0A097H003,0.065
A0A444R1N9,0.065
A0A811VUF8,0.065
A0A6D1P1V1,0.065
A0A2Z6FAS3,0.065
A0A6D0IPL6,0.065
A0A376KRG0,0.065
A0A765T7N3,0.065
A0A7G2KFT6,0.065
A0A377D4S7,0.065
A0A0A1A267,0.065
A0A376MR64,0.065
A0A2X1NTC9,0.065
A0A7L8KA42,0.065
A0A6G6AMG7,0.065
A0A1G4P0U4,0.065
A0A484X880,0.065
A0A6S6LEV3,0.065
A0A7G3NPQ0,0.065
A0A2X3M1M5,0.065
A0A6N8NMN5,0.065
A0A1X3IY79,0.065
A0A4P8JF17,0.065
A0A7G2KI43,0.065
A0A377C212,0.065
A0A2X1NDB4,0.065
A0A376RMV9,0.065
A0A826WNV7,0.065
A0A2R9W2X6,0.065
A0A6N8R8G5,0.065
A0A075MDL9,0.065
A0A075CZE7,0.065
A0A6D1A6Y3,0.065
A0A2X3LP02,0.065
A0A1X3IT25,0.065
A0A3P1XFQ0,0.065
A0A376KZK7,0.065
A0A0J2B6F4,0.065
A0A0L1BXY4,0.065
A0A376U681,0.065
A0A377DHV4,0.065
A0A6D0IN03,0.065
A0A2X3JQP4,0.065
A0A376YAQ4,0.065
A0A7A2XQC0,0.065
A0A826X5P6,0.065
A0A1V2GAS8,0.065
A0A168T6Q9,0.065
A0A377BSK4,0.065
A0A829LCK2,0.065
A0A3L0YJ87,0.065
A0A376MID6,0.065
A0A376ZQL3,0.065
A0A3L9GD78,0.065
A0A2X1LVU3,0.065
A0A0A1A5K5,0.065
A0A827LLE3,0.065
A0A0H2YXK9,0.065
A0A5B9ALK9,0.065
A0A1Q6AES1,0.065
A0A0K6A4B5,0.065
A0A377E4M6,0.065
A0A0K4EBS7,0.065
A0A192CFF1,0.065
A0A376KP00,0.065
A0A3L0W5S3,0.065
A0A1V2GEB5,0.065
A0A7H9SGM9,0.065
A0A641EPV0,0.065
A0A376LCQ7,0.065
A0A6N0ISL9,0.065
A0A485JBW3,0.065
A0A6N8RBB0,0.065
A0A6L7CWQ9,0.065
A0A444RHY8,0.065
A0A377DS33,0.065
A0A1M2RYJ9,0.065
A0A0E1T188,0.065
A0A6D0V5H2,0.065
A0A418GPB3,0.065
A0A774G856,0.065
A0A377CY71,0.065
A0A7L5V6U9,0.065
A0A376K2P0,0.065
A0A376RRQ5,0.065
A0A2P9DYX4,0.065
A0A2X3LNG3,0.065
A0A5N8H3H8,0.065
A0A5P1MTC7,0.065
A0A2L1F4K8,0.065
A0A023L149,0.065
A0A0E2L3B3,0.065
A0A6N8QK83,0.065
A0A377B5Q6,0.065
A0A2A2BRX3,0.064
A0A2X3K5L4,0.064
A0A6D1AHW7,0.064
A0A1Y2XRU3,0.064
A0A1U9U2G3,0.064
A0A6N6WNK9,0.064
A0A148HW19,0.064
A0A3K0K1H5,0.064
A0A376L7B1,0.064
A0A377F6M1,0.064
A0A7L8KBB1,0.064
A0A2H9EKG8,0.064
A0A3P1X602,0.064
A0A377EL94,0.064
A0A066QZA5,0.064
A0A2X3LLK3,0.064
A0A377DVW9,0.064
A0A377KDJ2,0.064
A0A3R0N0Y5,0.064
A0A826WVU6,0.064
A0A7U9AT36,0.064
A0A376L3R0,0.064
A0A2X3K0F7,0.064
A0A1X3JFF8,0.064
A0A2X7FMW3,0.064
A0A376S8Z2,0.064
A0A376J592,0.064
A0A376TZK0,0.064
A0A376Y5T5,0.064
A0A376TQI4,0.064
A0A7U5THD6,0.064
B0Z414,0.064
A0A0A1AHV5,0.064
A0A376TW16,0.064
A0A3L0W4Z7,0.064
A0A1V2GC22,0.064
A0A191T8X2,0.064
A0A2U9LE66,0.064
A0A377AVB6,0.064
A0A376MLP3,0.064
A0A376W003,0.064
A0A377E0F2,0.064
A0A2I6T1J4,0.064
A0A2W6P8R2,0.064
A0A377D246,0.064
A0A3L0X001,0.064
A0A0C2BAG4,0.064
A0A024L2N1,0.064
A0A1X3HZ23,0.064
A0A0P7MCQ4,0.064
A0A7G2KFW3,0.064
A0A7T3V7B1,0.064
A0A2S8JMX8,0.064
A0A2A2CFZ5,0.064
A0A418GFF8,0.064
A0A2H4TL65,0.064
A0A418GAG3,0.064
A0A376KZE6,0.064
A0A0H3PT58,0.064
A0A220ISW1,0.064
A0A377CAY1,0.064
A0A376KUE8,0.064
A0A6D1AB79,0.064
A0A418GIX8,0.064
A0A376KFA4,0.064
A0A484YYS1,0.064
A0A094VR45,0.064
A0A377K125,0.064
A0A377B7Z6,0.064
A0A376VZ37,0.064
A0A193LMF7,0.064
A0A376MQ89,0.064
A0A3L0X009,0.064
A0A853K680,0.064
A0A1X3IU95,0.064
A0A660HL92,0.064
A0A0L1BI74,0.064
A0A377AP98,0.064
A0A6N8NRT6,0.064
A0A7G2KI88,0.064
A0A2S8JIX1,0.064
A0A5E9RY59,0.064
A0A241QYT4,0.064
A0A0D8WF20,0.064
A0A377E647,0.064
A0A377E5B3,0.064
A0A377KD78,0.064
A0A2X1PS41,0.064
A0A3L0VZX2,0.064
A0A0F7TAU2,0.064
A0A0H0LE99,0.064
A0A024L529,0.064
A0A6N0IG54,0.064
A0A376MMA9,0.064
A0A7L8KAD0,0.064
A0A826WWW4,0.064
A0A792HYQ3,0.064
A0A376TDH0,0.064
A0A831GT76,0.064
A0A444R0W7,0.064
A0A0A7Y9Q0,0.064
A0A3L0VV35,0.064
A0A377ALL6,0.064
A0A376YHZ1,0.064
A0A2X9Z8D6,0.064
A0A7A7AAX7,0.064
A0A377DPN2,0.064
A0A2Y0PFX3,0.064
A0A6L6ZYC1,0.064
A0A376S8S4,0.064
A0A6D0XQZ4,0.064
A0A0P7M2S8,0.064
A0A377C1D8,0.064
A0A0A7Y407,0.064
A0A077K650,0.064
A0A376L3M0,0.064
A0A0H3MW13,0.064
A0A376IW75,0.064
A0A0H2V4I4,0.064
A0A6D0DN31,0.064
A0A3P5DKM3,0.064
A0A377K807,0.064
A0A377K089,0.064
A0A376RG21,0.064
A0A376L916,0.064
A0A377E843,0.064
A0A2X3M2B1,0.064
A0A369FL02,0.064
A0A444R7L0,0.063
A0A377B7Q6,0.063
A0A830VGR7,0.063
A0A377DK84,0.063
A0A2R4PEN7,0.063
A0A6N8NPY9,0.063
A0A827Q6E0,0.063
A0A6N6WR29,0.063
A0A0A1AF16,0.063
A0A376UCP5,0.063
A0A2X3JL54,0.063
A0A403CTT3,0.063
A0A6C9EHP9,0.063
A0A376VZC4,0.063
A0A3R1A9Z4,0.063
A0A6C9EI57,0.063
A0A3L0W4H7,0.063
A0A660HER5,0.063
A0A826X359,0.063
A0A2X1KF32,0.063
A0A376L1L0,0.063
A0A2X1Q8Z4,0.063
A0A7U9ATF1,0.063
A0A6C9EEW4,0.063
A0A6N8Q953,0.063
A0A418GJT7,0.063
A0A376TPE4,0.063
A7ZH19,0.063
A0A2X1JTU5,0.063
A0A6N8QFW8,0.063
A0A376TMH4,0.063
A0A6L7FHX4,0.063
A0A0H2VA48,0.063
A0A5C9AEV8,0.063
A0A2W6PXI4,0.063
A0A6N6WW77,0.063
A0A1X3ISZ8,0.063
A0A1V2GIZ7,0.063
A0A7U9LJ75,0.063
A0A6D0IMR4,0.063
A0A037Y2Z6,0.063
A0A126N596,0.063
A0A376ZSW0,0.063
A0A368IZD8,0.063
A0A5C8XU12,0.063
A0A1X3HWU8,0.063
A0A377B2V1,0.063
A0A3L0VZP0,0.063
A0A6D1A735,0.063
A0A3S4KCR1,0.063
A0A066RGK2,0.063
A0A0L1C5F1,0.063
A0A3L0VXH5,0.063
A0A193CHR6,0.063
A0A484VQL7,0.063
A0A376U2W5,0.063
A0A024KZV9,0.063
A0A828PHL6,0.063
A0A377CBU1,0.063
A0A6L7A1Q4,0.063
A0A376UBQ6,0.063
A0A6G6AKN6,0.063
A0A192CMR4,0.063
A0A0P7MDN0,0.063
A0A376VC73,0.063
A0A377LCM0,0.063
A0A376VU56,0.063
A0A1X0YIB3,0.063
A0A2X1L370,0.063
A0A376Y6C4,0.063
A0A3L0X852,0.063
A0A376TXC3,0.063
A0A0A0H2W4,0.063
A0A418H6T9,0.063
A0A6D1A875,0.063
A0A2W6PY59,0.063
A0A0H3JFP8,0.063
A0A376UAT8,0.063
A0A7I8YV13,0.063
A0A376KNQ4,0.063
A0A0H3MIR4,0.063
A0A3A1QCE7,0.063
A0A649Z419,0.063
A0A6N6WNW3,0.063
A0A6D0J7Y5,0.063
A0A152RCH5,0.063
A0A2S1Y6P3,0.063
A0A0E0XZ92,0.063
A0A377D701,0.063
A0A2X1N3X8,0.063
A0A4T9HJS0,0.063
A0A376UFA7,0.063
A0A6C9EDU3,0.063
A0A075MAY9,0.063
A0A376KT82,0.063
A0A377LHV2,0.063
A0A0K4TDS1,0.063
A0A2X1PD69,0.063
A0A376WWE7,0.063
A0A6L7A9T9,0.063
A0A485JFM3,0.063
A0A3L0VX75,0.063
A0A3L0YD89,0.063
A0A377C217,0.063
A0A6L7CSZ1,0.063
A0A376K638,0.063
A0A0H0GRL9,0.063
A0A5C9AGB0,0.063
A0A6L7CBB2,0.063
A0A377CBI7,0.063
A0A2H4TZ26,0.063
A0A437HTR5,0.063
A0A2X1IXT8,0.063
A0A142EBL7,0.063
A0A0H3JG56,0.063
A0A377BQJ8,0.063
A0A5B9AT55,0.063
A0A061YI39,0.063
A0A2P9E7W8,0.063
A0A5C9AMT5,0.063
A0A0C5B374,0.063
A0A2X1JGN5,0.063
A0A0G9FYS9,0.063
A0A6D0IF78,0.063
A0A376L5L9,0.063
A0A828PCI5,0.063
A0A6C9QGD5,0.063
A0A2K3TT29,0.063
A0A140JY46,0.063
A0A5P0JDW2,0.063
A0A0D8WCN9,0.063
A0A0K4G3J8,0.063
A0A3L0WCV8,0.063
A0A376TUE2,0.063
A0A376UCL9,0.063
A0A1C7CQR5,0.063
A0A0Q3J636,0.063
A0A5C9A7B1,0.063
A0A2U2V442,0.063
A0A0D0LT00,0.063
A0A6N8NPG7,0.063
A0A7D5FZ19,0.063
A0A2X3LQE0,0.063
A0A376SB46,0.063
A0A2A6PZR0,0.063
A0A2X3KL39,0.063
A0A4Q4HWC2,0.063
A0A2H9EH73,0.063
A0A1E5MBQ1,0.063
A0A1M2C4Y8,0.063
A0A377C890,0.063
A0A376VL32,0.063
A0A192ENU6,0.063
A0A3L9HXQ1,0.063
A0A376S7W5,0.063
A0A0H3MGI8,0.063
A0A770KRE5,0.063
A0A6N6WUF6,0.063
A0A447Y4N4,0.063
A0A376KW96,0.063
A0A2W6PZG9,0.063
A0A484Y8A9,0.062
A0A376TFT0,0.062
A0A090J8B1,0.062
A0A7G8AHX6,0.062
A0A3L0VYP2,0.062
A0A3S5I2V6,0.062
A0A2X3JDQ5,0.062
A0A074PKQ2,0.062
A0A170TUH0,0.062
A0A6D0F9T8,0.062
A0A5B9AGM2,0.062
A0A6C9EIE7,0.062
A0A376KUW0,0.062
A0A2X3LRG2,0.062
A0A376X0X4,0.062
A0A485J9T0,0.062
A0A0K3X8Q7,0.062
A0A0H3MRJ0,0.062
A0A4D6PGM1,0.062
A0A0E0Y207,0.062
A0A0F3U7Z6,0.062
A0A377AMN8,0.062
A0A376KJF1,0.062
A0A376KYF9,0.062
A0A6N8NJ89,0.062
A0A097GZZ5,0.062
A0A6C8K387,0.062
A0A6N8QR51,0.062
A0A0L6XSB8,0.062
A0A0A0FK95,0.062
A0A1Y1CTS4,0.062
A0A829LFR6,0.062
A0A6C9EIR6,0.062
A0A3L1ASQ8,0.062
A0A376KJZ5,0.062
A0A2X3KDE1,0.062
A0A0K4R076,0.062
A0A376P718,0.062
A0A377D2Q8,0.062
A0A853WBI3,0.062
A0A3P1XUH2,0.062
A0A377DHH0,0.062
A0A447X601,0.062
A0A377E4N9,0.062
A0A2W8GCX1,0.062
A0A0B5IN72,0.062
A0A2J1C8A4,0.062
A0A192CFV8,0.062
A0A376KUY8,0.062
A0A3L9HJ16,0.062
A0A377BED9,0.062
A0A376MNT4,0.062
A0A066Q4W2,0.062
A0A2X9C3I9,0.062
A0A2X7EBW0,0.062
A0A3T9KUY9,0.062
A0A0P7M591,0.062
A0A811VR65,0.062
A0A2X1J9P4,0.062
A0A376RFR7,0.062
A0A067HL38,0.062
A0A6D0IHB6,0.062
A0A0S3PN55,0.062
A0A376TCX9,0.062
A0A0H2VDT1,0.062
A0A0H3JEN5,0.062
A0A0B0V9D3,0.062
A0A376P755,0.062
A0A376MNW3,0.062
A0A376TDY2,0.062
A0A7U9AQV6,0.062
A0A3L0W958,0.062
A0A6G8PF90,0.062
A0A377F5V1,0.062
A0A418G9A9,0.062
A0A376TU70,0.062
A0A3L0VST6,0.062
A0A0E0Y021,0.062
A0A3R1CEE4,0.062
A0A3F3NYY4,0.062
A0A7L5VEH5,0.062
A0A7H9PJ62,0.062
A0A2A3VFK7,0.062
A0A061Y9Z4,0.062
A0A0M1UHF5,0.062
A0A0F6YRW8,0.062
A0A6N8RDR8,0.062
A0A484YB97,0.062
A0A2X3KLJ0,0.062
A0A377BBD1,0.062
A0A418GLE6,0.062
A0A7G3NQB8,0.062
A0A0B0UQP2,0.062
A0A376VFN8,0.062
A0A2X3LRB1,0.062
A0A418GPH6,0.062
A0A0A1AB88,0.062
A0A037Y6A9,0.062
A0A2X3KA43,0.062
A0A0H3EQ62,0.062
A0A0J2EKM7,0.062
A0A0D8WDC4,0.062
A0A828U0N6,0.062
A0A2X1NBU7,0.062
A0A2X3JQU8,0.062
A0A7L5V6X8,0.062
A0A3L0VXY8,0.062
A0A377DIB6,0.062
A0A6G9I486,0.062
A0A2X8M3P4,0.062
A0A3S4K806,0.062
A0A5C9AB19,0.062
A0A193LNN9,0.062
A0A0A7XQ35,0.062
A0A1X3IBL9,0.062
A0A417ZP74,0.062
A0A376UDG9,0.062
A0A376LDT3,0.062
A0A0D8VWX4,0.062
A0A192CBE6,0.062
A0A377K0M8,0.062
A0A827E3I3,0.062
A0A376SA38,0.062
A0A0K5YCF0,0.061
A0A0H3PU66,0.061
A0A6C9EHZ2,0.061
A0A024LBF2,0.061
A0A0F3SEN8,0.061
A0A1L4IX26,0.061
A0A0P7P9C5,0.061
A0A377JZM7,0.061
A0A377HHQ7,0.061
A0A6C9EFN9,0.061
A0A811APR9,0.061
A0A376P8K5,0.061
A0A376KZX4,0.061
A0A066RKP3,0.061
A0A1Q4PBM3,0.061
A0A6N6WP43,0.061
A0A376KK73,0.061
A0A2X1PW56,0.061
A0A1L6WAM1,0.061
A0A0E0SRQ7,0.061
A0A0B0YJS2,0.061
A0A3L0W317,0.061
A0A2I6R6F5,0.061
A0A826Z946,0.061
A0A3Q8G3F4,0.061
A0A6C9EEK2,0.061
A0A066STS1,0.061
A0A6D0IA37,0.061
A0A418GRY6,0.061
A0A291FJ17,0.061
A0A376MVY1,0.061
A0A1Y1CSQ7,0.061
A0A376LR17,0.061
A0A377H9W0,0.061
A0A417ZS38,0.061
A0A377C582,0.061
A0A2X3JSL8,0.061
A0A376WVV0,0.061
A0A418GML6,0.061
A0A0A8J7N6,0.061
A0A376UH65,0.061
A0A377DEE2,0.061
A0A4U9TJK5,0.061
A0A377D8Z9,0.061
A0A2Z2JG10,0.061
A0A1M2EZS5,0.061
A0A3L0YJN7,0.061
A0A6C9EHG9,0.061
A0A2X3K8P3,0.061
A0A066T4V1,0.061
A0A0B1LHQ0,0.061
A0A826TC09,0.061
A0A789MFW1,0.061
A0A6D1ABR6,0.061
A0A3L0X4F0,0.061
A0A377BC19,0.061
A0A376Y294,0.061
A0A376K6Z0,0.061
A0A5P0JK12,0.061
A0A783VAI1,0.061
A0A6L7CJ94,0.061
A0A377K8F1,0.061
A0A376P0V8,0.061
A0A3L0W798,0.061
A0A3L0VYN9,0.061
A0A377E6C7,0.061
A0A0E2L8Z6,0.061
A0A376KTF4,0.061
A0A2X1MZB5,0.061
A0A2X7CYB1,0.061
A0A377BDK1,0.061
A0A2X1MFA2,0.061
A0A829L2P7,0.061
A0A418H6M2,0.061
A0A4Y5QZM2,0.061
A0A826TJF2,0.061
A0A377F850,0.061
A0A0H0MGP7,0.061
A0A3S4P3A9,0.061
A0A4D2MK58,0.061
A0A1Q6ARM2,0.061
A0A376VEZ2,0.061
A0A6M1DJZ2,0.061
A0A3L0YJM1,0.061
A0A2R4KLQ7,0.061
A0A376Y4E5,0.061
A0A376TVU3,0.061
A0A6L9AAM5,0.061
A0A066T2P8,0.061
A0A5P0JA39,0.061
A0A6L7CIV7,0.061
A0A376UEQ7,0.061
A0A376W1V4,0.061
A0A376P4P8,0.061
A0A0E0Y3K9,0.061
A0A377E2D3,0.061
A0A418H300,0.061
A0A6N6WPN6,0.061
A0A377BTT5,0.061
A0A2P9E067,0.061
A0A2X1M5H5,0.061
A0A853E681,0.061
A0A061LR94,0.061
A0A8B3MAA4,0.061
A0A2S8HR65,0.061
A0A0E0XY40,0.061
A0A376J333,0.061
A0A376L366,0.061
A0A377CFQ4,0.061
A0A220QHS8,0.061
A0A6N6WNP7,0.061
A0A2I8SUB0,0.061
A0A6D0ID83,0.061
A0A6N8NPC3,0.061
A0A6D0IVS6,0.061
A0A376RGF9,0.061
A0A376RQ04,0.061
A0A826XEX5,0.061
A0A2X3KNQ2,0.061
A0A377K4G9,0.061
A0A828U7X2,0.061
A0A376JNX7,0.061
A0A826SQ22,0.061
A0A777Y1D3,0.061
A0A3L9ID99,0.061
A0A3L0Y7N4,0.061
A0A783AY40,0.061
A0A376MML0,0.061
A0A376LHP2,0.061
A0A244BAJ0,0.061
A0A484X4X7,0.061
A0A3P5DQD5,0.061
A0A376RGF2,0.061
A0A3P1XAQ1,0.061
A0A894TAH3,0.061
A0A061Y8T9,0.061
A0A1X3HWU1,0.061
A0A3L0W3M8,0.061
A0A376LF21,0.061
A0A6D0DJR1,0.061
A0A6A0MTD2,0.061
A0A0H2YZA0,0.061
A0A6N9SK88,0.061
A0A444R464,0.061
A0A376U656,0.061
A0A853WBY3,0.061
A0A376KXX2,0.061
A0A765T8D9,0.061
A0A5C9ASV7,0.061
A0A0H2V6V4,0.061
A0A7G2KHF5,0.061
A0A376S8X0,0.061
A0A7I9A848,0.061
A0A376U200,0.061
A0A2W6RBT8,0.06
A0A447XBD0,0.06
A0A024KZP5,0.06
A0A5P0JHY9,0.06
A0A376U3E0,0.06
A0A7A7F542,0.06
A0A376LKG5,0.06
A0A3G9GNF5,0.06
A0A377F7W2,0.06
A0A1X3I4U8,0.06
A0A376JR58,0.06
A0A376MQV7,0.06
A0A1I9X351,0.06
A0A3P1XRH7,0.06
A0A3L0VY60,0.06
A0A0H3JLI4,0.06
A0A485JMY4,0.06
A0A6H1PWH1,0.06
A0A6D1NYJ0,0.06
A0A377DAF2,0.06
A0A7A6NCG4,0.06
A0A141AZW6,0.06
A0A6N8NNR4,0.06
A0A191T8X6,0.06
A0A6N6WRD3,0.06
A0A827E7G7,0.06
A0A0H3MMD1,0.06
A0A0H3PRG7,0.06
A0A0A1A1F6,0.06
A0A2K3TVS6,0.06
A0A3L0VVN0,0.06
A0A376K8U5,0.06
A0A376MTU6,0.06
A0A6D0CGP4,0.06
A0A3P1Y458,0.06
A0A8B3LZP9,0.06
A0A7L8KAX3,0.06
A0A7A6ZKM6,0.06
A0A444RA17,0.06
A0A023L7Z9,0.06
A0A2H9GDI3,0.06
A0A3Q0MUQ2,0.06
A0A2X1NIX9,0.06
A0A7L5NX30,0.06
A0A6D0XPX2,0.06
A0A377CBC1,0.06
A0A376VCI3,0.06
A0A376HHH5,0.06
A0A0H3EUP4,0.06
A0A377DXC7,0.06
A0A3P5DPF4,0.06
A0A376VAF4,0.06
A0A2T3TNH0,0.06
A0A3W5XUB5,0.06
A0A377CD19,0.06
A0A3P1X846,0.06
A0A1V2GGV3,0.06
A0A234C8J0,0.06
A0A6N6WR18,0.06
A0A444QZY6,0.06
A0A3L9G2R4,0.06
A0A6N0IGB4,0.06
A0A6C9EHD9,0.06
A0A4C9EVG2,0.06
A0A6D1A863,0.06
A0A478L0B5,0.06
A0A2X3KFQ2,0.06
A0A037Y4L3,0.06
A0A0A1A3Y6,0.06
A0A2U2UCI4,0.06
A0A7A6UAS6,0.06
A0A6S6LD56,0.06
A0A2X1JIH8,0.06
A0A3L0X8A1,0.06
A0A376UFR0,0.06
A0A6G9HHW1,0.06
A0A5S9AV95,0.06
A0A376ZZ93,0.06
A0A6D1ABH5,0.06
A0A3L9G8V4,0.06
A0A376FS01,0.06
A0A376FNM6,0.06
A0A4D9LG07,0.06
A0A377CK61,0.06
A0A376NXA9,0.06
A0A376LR54,0.06
A0A0P7LXT1,0.06
A0A5B9AA19,0.06
A0A7A7A774,0.06
A0A0P7M4Y5,0.06
A0A377KDZ2,0.06
A0A2K3TWI8,0.06
A0A0C2AP13,0.06
A0A0A2NES2,0.06
A0A376Y3K5,0.06
A0A1S6PTJ0,0.06
A0A3L0VZL4,0.06
A0A2X1K1Z8,0.06
A0A0C2DJ21,0.06
A0A829L3T4,0.06
A0A2X3JTD6,0.06
A0A377AS55,0.06
A0A4T9EFV1,0.06
A0A2R4KLK5,0.06
A0A6N8NSH5,0.06
A0A3L0VXY5,0.06
A0A7U9FTG7,0.06
A0A0L7AL11,0.06
A0A1V2GDP0,0.06
A0A377LJH8,0.06
A0A6D0IB38,0.06
A0A6M4NUL0,0.06
A0A3L0W3E1,0.06
A0A377AJ06,0.06
A0A210AHR5,0.06
A0A2X1P057,0.06
A0A376KY13,0.06
A0A2X1LTI3,0.06
A0A3K1WYT7,0.06
A0A484YWG0,0.06
A0A2X8ALL0,0.06
A0A193LTJ1,0.06
A0A377LFR4,0.06
A0A3G4RPX4,0.06
A0A377APH6,0.06
A0A376VLA8,0.06
A0A3Q8GH97,0.06
A0A0F7IE45,0.06
A0A3L9HSD5,0.06
A0A7A7F6E5,0.06
A0A444R0Y4,0.06
A0A1C0Y1B3,0.06
A0A1X3ISA4,0.06
A0A2X1N3N5,0.06
A0A6N8NLW0,0.06
A0A2X1NJK9,0.06
A0A377D482,0.06
A0A3L0X246,0.06
A0A4V1ALG9,0.06
A0A2X6QBQ8,0.06
A0A343J0I1,0.06
A0A0A8J5B4,0.06
A0A5C8XTI4,0.06
A0A7H1KR20,0.06
A0A376MWT9,0.06
A0A377BDU9,0.06
A0A418GND5,0.06
A0A376L266,0.06
A0A2I6SSJ4,0.06
A0A377CW73,0.06
A0A0E1SXW9,0.06
A0A193LRA5,0.06
A0A377DNC2,0.06
A0A0E0Y2L3,0.059
A0A376JY25,0.059
A0A6C9EJ78,0.059
A0A376ZIE0,0.059
A0A6N8NM58,0.059
A0A418H9E5,0.059
A0A376SBM2,0.059
A0A2B7QU44,0.059
A0A6D0ICW3,0.059
A0A6D0HBM0,0.059
A0A2X3JRF9,0.059
A0A1P8VP57,0.059
A0A2R4KLG4,0.059
A0A376LFY2,0.059
A0A376U895,0.059
A0A485JBV1,0.059
A0A377DKB3,0.059
A0A6S6LEM4,0.059
A0A376L367,0.059
A0A6N6WRI8,0.059
A0A2S8JJ32,0.059
A0A376W1W3,0.059
A0A6D0ILN6,0.059
A0A6D0H9U0,0.059
A0A6C9QF22,0.059
A0A0K6A1R4,0.059
A0A6L7CRR6,0.059
A0A418GV86,0.059
A0A6L7A2K3,0.059
A0A828KX23,0.059
A0A376LPG1,0.059
A0A037Y6L1,0.059
A0A376Y1T1,0.059
A0A376MJ72,0.059
A0A7L7EKC5,0.059
A0A0F3U4A8,0.059
A0A447XQX9,0.059
A0A2X3K3K0,0.059
A0A0H2V4W3,0.059
A0A3P5DLH2,0.059
A0A0P7NWA1,0.059
A0A1W1EMF1,0.059
A0A377AG03,0.059
A0A1W5T7Y4,0.059
A0A085P2C0,0.059
A0A0H2V8I9,0.059
A0A5C9AFH7,0.059
A0A376KRW3,0.059
A0A482F2T4,0.059
A0A376U021,0.059
A0A376VTM5,0.059
A0A485JJV4,0.059
A0A376K089,0.059
A0A135XW00,0.059
A0A1Z1NH76,0.059
A0A2X3KMM0,0.059
A0A376VTP8,0.059
A0A484YIZ6,0.059
A0A377DDL8,0.059
A0A776QQ93,0.059
A0A377F934,0.059
A0A5C9AF91,0.059
A0A7L8KCB9,0.059
A0A0E0XWU7,0.059
A0A1V2FUX7,0.059
A0A418H6M3,0.059
A0A376VEH6,0.059
A0A2Z5THV4,0.059
A0A377CZL6,0.059
A0A6H1PXN1,0.059
A0A6C9EFU0,0.059
A0A0B1JN58,0.059
A0A377C2U3,0.059
A0A377BM90,0.059
A0A376KXZ5,0.059
A0A828U991,0.059
A0A377D2A9,0.059
A0A376TNG3,0.059
A0A377K2F5,0.059
A0A2X1Q9D6,0.059
A0A376NUD0,0.059
A0A7A7UQ83,0.059
A0A376Y807,0.059
A0A2W6P7F7,0.059
A0A377D3V1,0.059
A0A7D7DGA8,0.059
A0A6L7A2N8,0.059
A0A854BT35,0.059
A0A6L7CDG0,0.059
A0A376P7F0,0.059
A0A828UFM5,0.059
A0A377B3S0,0.059
A0A377BX50,0.059
A0A376MI76,0.059
A0A376VR28,0.059
A0A066ST15,0.059
A0A485JGG9,0.059
A0A0D8W6C8,0.059
A0A418HB82,0.059
A0A447XZ53,0.059
A0A376LE40,0.059
A0A2X3JNP2,0.059
A0A0B1L6K1,0.059
A0A377AFT9,0.059
A0A1X3JHW3,0.059
A0A768ECY1,0.059
A0A377E5L1,0.059
A0A376RIY4,0.059
A0A377E6R8,0.059
A0A6C8JKT9,0.059
A0A377LAC3,0.059
A0A768FBW9,0.059
A0A192CIN6,0.059
A0A2R4PEL5,0.059
A0A447X3J0,0.059
A0A2X1NTI7,0.059
A0A0B1KRW4,0.059
A0A7U1E1C4,0.059
A0A376P6X3,0.059
A0A136WY56,0.059
A0A826J302,0.059
A0A376W2U4,0.059
A0A0J2B2V3,0.059
A0A376P3N9,0.059
A0A7D5QD84,0.059
A0A376ZJL1,0.059
A0A8B3M411,0.059
A0A1L4IUA6,0.059
A0A2X3JH63,0.059
A0A377LDE5,0.059
A0A376VN65,0.059
A0A271QXG3,0.059
A0A3W5RVF5,0.059
A0A377CWL4,0.059
A0A376TXS8,0.059
A0A6N9N2Q1,0.059
A0A377C6L1,0.059
A0A377D9G3,0.059
A0A376WTW3,0.059
A0A484YCQ0,0.059
A0A6D1AEM4,0.059
A0A6N0IQU9,0.058
A0A288W2K4,0.058
A0A024FB04,0.058
A0A2X1N4N4,0.058
A0A3L0W2B0,0.058
A0A3L0VTQ9,0.058
A0A6G4NSV4,0.058
A0A2X3K4Y9,0.058
A0A0B1LDM8,0.058
A0A3L9I4K4,0.058
A0A418GY28,0.058
A0A066QHI1,0.058
A0A454A434,0.058
A0A1Y2Y3Z4,0.058
A0A142BMN6,0.058
A0A369FJB9,0.058
A0A5P0JIK6,0.058
A0A024L1D5,0.058
A0A3L0VV05,0.058
A0A3L0W3W9,0.058
A0A0A8J4G3,0.058
A0A377KC24,0.058
A0A376KPY6,0.058
A0A418H901,0.058
A0A3L9IDT9,0.058
A0A2S8JK49,0.058
A0A444QZH4,0.058
A0A2X1MX07,0.058
A0A222B794,0.058
A0A1J0AJM8,0.058
A0A2X3KJ64,0.058
A0A377ARI3,0.058
A0A376LNJ9,0.058
A0A376P3V7,0.058
A0A1Q6AXQ1,0.058
A0A6N8R5B3,0.058
A0A0C2B2P5,0.058
A0A5C9A857,0.058
A0A827WCQ6,0.058
A0A777XW52,0.058
A0A2U9LGF1,0.058
A0A6N6WQ22,0.058
A0A793J472,0.058
A0A2P9E332,0.058
A0A377CBH6,0.058
A0A7H9NHZ2,0.058
A0A376SAR0,0.058
A0A3S4LFN7,0.058
A0A2X7G7Z0,0.058
A0A6N6WNJ8,0.058
A0A6D0IMN4,0.058
A0A7A7B382,0.058
A0A3L0VUM1,0.058
A0A0A8J7T0,0.058
A0A3L9I5R1,0.058
A0A2X3K7L0,0.058
A0A447Y333,0.058
A0A6N8NUM6,0.058
A0A4Q4HUA3,0.058
A0A090LFT4,0.058
A0A376KNH9,0.058
A0A154CCR8,0.058
A0A2X3JYL0,0.058
A0A0A1A5I0,0.058
A0A3L0YF28,0.058
A0A444RB61,0.058
A0A024KZW9,0.058
A0A3L0W0H3,0.058
A0A3L0WX45,0.058
A0A377CW32,0.058
A0A0E0XVD6,0.058
A0A5P0JKH3,0.058
A0A074PSM9,0.058
A0A161KGE4,0.058
A0A376L0Y2,0.058
A0A5N8H6D9,0.058
A0A376ZP59,0.058
A0A4D6PDZ9,0.058
A0A3P5HAG0,0.058
A0A7U9LIG8,0.058
A0A7G2KHF7,0.058
A0A0J2D7J6,0.058
A0A376Y2S0,0.058
A0A2H9A4S1,0.058
A0A376TZZ3,0.058
A0A376YER2,0.058
A0A6L7CYC9,0.058
A0A0L1BMS4,0.058
A0A2X3LX42,0.058
A0A3K4J9N7,0.058
A0A376FM83,0.058
A0A376KZG5,0.058
A0A376KQS2,0.058
A0A0K3W518,0.058
A0A376NRZ8,0.058
A0A0K4WKR1,0.058
A0A2R4KLF9,0.058
A0A377B672,0.058
A0A775TKH8,0.058
A0A1M2RZ46,0.058
A0A377D1N8,0.058
A0A2Z5VJF6,0.058
A0A0H2Z1B0,0.058
A0A418GDN2,0.058
A0A024L986,0.058
A0A4U9T921,0.058
A0A641IY95,0.058
A0A377DSP0,0.058
A0A377DFM5,0.058
A0A376TU38,0.058
A0A6N8NQP3,0.058
A0A2P9E689,0.058
A0A376X5I2,0.058
A0A376VCY6,0.058
A0A1V3CDQ4,0.058
A0A7U5TH18,0.058
A0A0J2BWF4,0.058
A0A0H0E7Q8,0.058
A0A376NVH2,0.058
A0A376TP54,0.058
A0A376NUQ8,0.058
A0A376J4G5,0.058
A0A376TMG8,0.058
A0A2X3K0X1,0.058
A0A376RGG2,0.058
A0A4D6PEV6,0.058
A0A3W4K7B0,0.058
A0A6N8NP65,0.058
A0A3L9J3B4,0.058
A0A2K8HBU7,0.058
A0A1L4J4D9,0.058
A0A5C9ACT4,0.058
A0A2X1ND73,0.058
A0A346CGF0,0.058
A0A6L6ZX48,0.058
A0A6D0F7Y6,0.058
A0A7M3TPY3,0.058
A0A0P7NEM1,0.058
A0A0H3EQ81,0.058
A0A376KYL4,0.058
A0A376HEQ2,0.058
A0A418GFW2,0.058
A0A376SAV5,0.058
A0A3W4JW02,0.058
A0A377E191,0.058
A0A2X3KMI3,0.058
A0A3L0WZQ8,0.058
A0A0Q3AS34,0.058
A0A6D1A6S6,0.058
A0A6D1ABL6,0.058
A0A376X2L1,0.058
A0A6D0F534,0.058
A0A2X1KS50,0.058
A0A6L7A0U9,0.058
A0A0K4WMG7,0.058
A0A377DLU4,0.058
A0A376KZ27,0.058
A0A376IZM3,0.058
A0A479DZN4,0.058
A0A376RI95,0.058
A0A376KRH3,0.058
A0A0A0GU32,0.058
A0A376TR29,0.058
A0A3L5QNK2,0.058
A0A376W0T5,0.058
A0A3L0W4S3,0.058
A0A0A1E0C3,0.058
A0A218N6D2,0.058
A0A376U8H2,0.058
A0A7H9NIP2,0.057
A0A3S4P3M4,0.057
A0A6N7KE30,0.057
A0A792IYU0,0.057
A0A3L0WDM8,0.057
A0A377BEG5,0.057
A0A4D2QPK8,0.057
A0A376TMB6,0.057
A0A1M2HYT0,0.057
A0A3L0VWD7,0.057
A0A377AL70,0.057
A0A0A0G379,0.057
A0A6N0IRS6,0.057
A0A6N6WPC0,0.057
A0A377CBF3,0.057
A0A6L7CMA3,0.057
A0A5P0JK35,0.057
A0A0H2YXW9,0.057
A0A0L1BKU6,0.057
A0A2K3TK98,0.057
A0A444R6K7,0.057
A0A066QKB2,0.057
A0A172DT58,0.057
A0A377HGP1,0.057
A0A418H8B1,0.057
A0A6D1ABX0,0.057
A0A0E1T241,0.057
A0A376VV22,0.057
A0A376TM70,0.057
A0A6D0IJC7,0.057
A0A6C9EFS0,0.057
A0A447XRK6,0.057
A0A376WW37,0.057
A0A1M2HXQ1,0.057
A0A2X1KWB2,0.057
A0A2X1N1M1,0.057
A0A3L9J6N1,0.057
A0A0A1A764,0.057
A0A377DHN0,0.057
A0A152C7Z7,0.057
A0A377K7W1,0.057
A0A811AR81,0.057
A0A2X7F281,0.057
A0A6N8R0G2,0.057
A0A2X1MXX1,0.057
A0A484VK64,0.057
A0A2R4KLK4,0.057
A0A3P1WJS0,0.057
A0A5B9AT27,0.057
A0A377C7A3,0.057
A0A6D0V3R0,0.057
A0A061KQS1,0.057
A0A418GBC9,0.057
A0A5C9ARX8,0.057
A0A3L0VYZ8,0.057
A0A377BXX7,0.057
A0A418H4R8,0.057
A0A3S4MIP4,0.057
A0A5C9ACR4,0.057
A0A3P1XIU5,0.057
A0A066SUI8,0.057
A0A7H9NGU8,0.057
A0A376MY04,0.057
A0A2Y8KEK3,0.057
A0A2A3V0W7,0.057
A0A2X1MC61,0.057
A0A376RFU6,0.057
A0A377DTF8,0.057
A0A377HGY0,0.057
A0A6L7CJX9,0.057
A0A6D0IIY8,0.057
A0A7U9FVM6,0.057
A0A2X7JVE5,0.057
A0A2X1N3R3,0.057
A0A376LL74,0.057
A0A8B3M913,0.057
A0A0B1CYR8,0.057
A0A0B1FTQ9,0.057
A0A5N8H8U6,0.057
A0A2K4PA56,0.057
A0A6N6WR43,0.057
A0A377CAM1,0.057
A0A376W4V2,0.057
A0A7D3P5R9,0.057
A0A376RRN7,0.057
A0A0H3JIB2,0.057
A0A444R192,0.057
A0A3U0PKN1,0.057
A0A376TEI8,0.057
A0A376WVN1,0.057
A0A377BCQ5,0.057
A0A2H9EJ52,0.057
A0A7U9Q800,0.057
A0A485JMR1,0.057
A0A377K831,0.057
A0A1V2G2B2,0.057
A0A1X3ITH5,0.057
A0A376KW11,0.057
A0A1X3HZ27,0.057
A0A6D1ABV8,0.057
A0A0U4K1I0,0.057
A0A447XTG1,0.057
A0A376MWJ1,0.057
A0A346GS86,0.057
A0A2X3M3K7,0.057
A0A0U2S3K8,0.057
A0A6L7A8G8,0.057
A0A0H2V4H8,0.057
A0A3L0W1J5,0.057
A0A167BT44,0.057
A0A376SAL4,0.057
A0A0J2G9T8,0.057
A0A376MLV2,0.057
A0A376RQ73,0.057
A0A6L7CL39,0.057
A0A6C9EFA0,0.057
A0A418H725,0.057
A0A3W4K823,0.057
A0A0M1U677,0.057
A0A3L0YB37,0.057
A0A377DZ13,0.057
A0A1X3HWW2,0.057
A0A376NYB4,0.057
A0A037YEP0,0.057
A0A1V2GGJ2,0.057
A0A2X1L440,0.057
A0A418H085,0.057
A0A167S5Y9,0.057
A0A376LNM0,0.057
A0A1M0UV19,0.057
A0A6D0IIY2,0.057
A0A6D0IN59,0.057
A0A066SYI8,0.057
A0A0D8W9F6,0.057
A0A376L8W0,0.057
A0A061K0K9,0.057
A0A6D1AJ41,0.057
A0A0P7M2L5,0.057
A0A789MBL0,0.057
A0A2Y0XA71,0.057
A0A376VW94,0.057
A0A6N8QCE4,0.057
A0A377MZV1,0.057
A0A6L7A7G6,0.057
A0A836ZCU7,0.057
A0A376Y153,0.057
A0A0B1JRV5,0.057
A0A6N8NMC3,0.056
A0A6G4CLY9,0.056
A0A376S8Z0,0.056
A0A376RJS5,0.056
A0A3L0W4A5,0.056
A0A5C9AU84,0.056
A0A066Q3L6,0.056
A0A376TRU8,0.056
A0A376L2G1,0.056
A0A192CAK6,0.056
A0A6C9QH46,0.056
A0A376MRC7,0.056
A0A376ZT37,0.056
A0A418H2Q2,0.056
A0A376TL78,0.056
A0A484YT25,0.056
A0A411HBF3,0.056
A0A066Q3D2,0.056
A0A7G2KH10,0.056
A0A6N9SHM6,0.056
A0A1X3J0M8,0.056
A0A3L9G0L3,0.056
A0A829KZW6,0.056
A0A485JLZ6,0.056
A0A2H9C1Z2,0.056
A0A369DTR6,0.056
A0A0E0Y4N5,0.056
A0A3P1WQV9,0.056
A0A830V6I8,0.056
A0A377K7P8,0.056
A0A066PTC1,0.056
A0A1W6AS90,0.056
A0A0A1E0B1,0.056
A0A376VVL6,0.056
A0A7A6XQE3,0.056
A0A2X1KC23,0.056
A0A484X6N2,0.056
A0A0P7KUL7,0.056
A0A776R0J7,0.056
A0A1Q9KXQ0,0.056
A0A8B3M2V5,0.056
A0A7G2KFN4,0.056
A0A1V2GD54,0.056
A0A1D8F3E2,0.056
A0A826X1R4,0.056
A0A2W6PCT2,0.056
A0A7D6ITR4,0.056
A0A3L0X2D7,0.056
A0A377D1C9,0.056
A0A6M9X1U5,0.056
A0A484WZL2,0.056
A0A377AI81,0.056
A0A377L912,0.056
A0A376S8M9,0.056
A0A376VJB9,0.056
A0A376VMM4,0.056
A0A826X3F0,0.056
A0A377C4N5,0.056
A0A0P7M4R2,0.056
A0A376L4C8,0.056
A0A377KC47,0.056
A0A1X3JE78,0.056
A0A2X1MUD3,0.056
A0A853WBF3,0.056
A0A142EC36,0.056
A0A246W7G0,0.056
A0A0A0GY03,0.056
A0A376P0I0,0.056
A0A4Y5QBI3,0.056
A0A788TV39,0.056
A0A6C7G3B0,0.056
A0A376VHL4,0.056
A0A3P1X6Y8,0.056
A0A7A6MY89,0.056
A0A6L7A8E1,0.056
A0A376U991,0.056
A0A377KDR9,0.056
A0A376W7M3,0.056
A0A3L0YGS3,0.056
A0A444R416,0.056
A0A377BNE5,0.056
A0A2K0QBI6,0.056
A0A376RMA1,0.056
A0A2I8SUK0,0.056
A0A377AIL8,0.056
A0A2R4AIT1,0.056
A0A1V2GGU8,0.056
A0A377BX84,0.056
A0A0P7NPH7,0.056
A0A377DQ62,0.056
A0A6N8NSC6,0.056
A0A376W0J9,0.056
A0A376S965,0.056
A0A376U759,0.056
A0A853W7Y6,0.056
A0A377E2P3,0.056
A0A5N8HII8,0.056
A0A061YHS4,0.056
A0A0A8J4E8,0.056
A0A0G4ALJ2,0.056
A0A3P1WXC4,0.056
A0A0D8WAT4,0.056
A0A376HEW3,0.056
A0A826WYB8,0.056
A0A660HDI7,0.056
A0A376W719,0.056
A0A2X1JZU0,0.056
A0A3P1YIU3,0.056
A0A6D0XPI4,0.056
A0A376KIE5,0.056
A0A484YAG1,0.056
A0A2X5UH19,0.056
A0A377CZ64,0.056
A0A066QV48,0.056
A0A1X3JGZ0,0.056
A0A376MQT6,0.056
A0A1Q6AQ14,0.056
A0A0D8W5Y1,0.056
A0A0F6YSZ9,0.056
A0A485JAJ1,0.056
A0A377AYW7,0.056
A0A377BE51,0.056
A0A7U1DZN4,0.056
A0A0S3PN62,0.056
A0A061YI40,0.056
A0A376Y340,0.056
A0A376YIT7,0.056
A0A3R8M427,0.056
A0A3L0VUT0,0.056
A0A2X3JTS8,0.056
A0A2K9YNE7,0.056
A0A8A5THD0,0.056
A0A7U9FUI5,0.056
A0A376MJV8,0.056
A0A377LIA5,0.056
A0A6N8QRU3,0.056
A0A376UG20,0.056
A0A3L0YDB6,0.056
A0A894JN18,0.056
A0A0M1U6P8,0.056
A0A3P1NKD1,0.056
A0A447X884,0.056
A0A085PB89,0.056
A0A0P7LLR0,0.056
A0A3P1WU33,0.056
A0A2A6Q8N7,0.056
A0A6L6ZXL0,0.056
A0A3L0VWH6,0.056
A0A6L9AAJ1,0.056
A0A377AWJ5,0.056
A0A2X1JTT5,0.056
A0A376U6K2,0.056
A0A376U8G7,0.056
A0A1X0YHW8,0.055
A0A6C7H5X0,0.055
A0A7I9AGF8,0.055
A0A376TJA8,0.055
A0A376WYF2,0.055
A0A2X1PWN3,0.055
A0A376ZYR0,0.055
A0A377HHD3,0.055
A0A6N8NN40,0.055
A0A376LGU4,0.055
A0A0K4PWG7,0.055
A0A376L373,0.055
A0A3U0N8B0,0.055
A0A2U2UFH4,0.055
A0A376P1S9,0.055
A0A0K3DMR9,0.055
A0A484WRW1,0.055
A0A5B9AAP9,0.055
A0A6C9QET3,0.055
A0A6M1DKH9,0.055
A0A377CG25,0.055
A0A0D0LNB7,0.055
A0A0H3PT07,0.055
A0A376L7U4,0.055
A0A2X1IXF0,0.055
A0A828AIS5,0.055
A0A376NSE9,0.055
A0A418GGI4,0.055
A0A1U9XHC6,0.055
A0A6D1A7R5,0.055
A0A2X1JF70,0.055
A0A7H9NLP3,0.055
A0A3L0VYG1,0.055
A0A6D1A9I8,0.055
A0A2X1N1M9,0.055
A0A6L7CJ32,0.055
A0A6D1ABY9,0.055
A0A7U5THI9,0.055
A0A377KDQ6,0.055
A0A5C8Y7K1,0.055
A0A444R389,0.055
A0A2A2C800,0.055
A0A067H892,0.055
A0A0H3MM50,0.055
A0A3L0VTZ3,0.055
A0A3L0W0Z2,0.055
A0A377DKV9,0.055
A0A765X985,0.055
A0A797I1U3,0.055
A0A2X1N4N5,0.055
A0A377DZD0,0.055
A0A0D8WI87,0.055
A0A2K9RC11,0.055
A0A2W6Q4R7,0.055
A0A221ZMY9,0.055
A0A3L0VYN4,0.055
A0A7I6H0H3,0.055
A0A6G9HI56,0.055
A0A1V2GI81,0.055
A0A418GFU9,0.055
A0A3L0W1L4,0.055
A0A6L7CHU7,0.055
A0A2X1KYA4,0.055
A0A2X1JLU9,0.055
A0A0A0FQI3,0.055
A0A0E0XYF4,0.055
A0A3L9G7J3,0.055
A0A444RHM6,0.055
A7ZLW4,0.055
A0A484X2Y7,0.055
A0A484X215,0.055
A0A418GJD9,0.055
A0A2R2ZJC6,0.055
A0A828BPY1,0.055
A0A6D1ADP7,0.055
A0A6N6WPH4,0.055
A0A6N8Q7R3,0.055
A0A6N8NRS6,0.055
A0A3S4K6U1,0.055
A0A2Y8FWL4,0.055
A0A376KP44,0.055
A0A6D0F468,0.055
A0A3S4KCL9,0.055
A0A0P7PSK9,0.055
A0A229ALM8,0.055
A0A376W4U4,0.055
A0A160HQZ6,0.055
A0A789M8J7,0.055
A0A0A3TKD9,0.055
A0A3L9IC68,0.055
A0A1X0Y8W5,0.055
A0A811AR71,0.055
A0A6D0I4R4,0.055
A0A377K4I5,0.055
A0A792DQN4,0.055
A0A061K5K9,0.055
A0A1X3HXL4,0.055
A0A3P5DJS6,0.055
A0A484YFF3,0.055
A0A376TM52,0.055
A0A376KKE3,0.055
A0A2X8JCN2,0.055
A0A376L9D5,0.055
A0A176ZIX8,0.055
A0A376L2H0,0.055
A0A377AF77,0.055
A0A6D1AF14,0.055
A0A1V2GC10,0.055
A0A0D8WK88,0.055
A0A2A3UYB3,0.055
A0A376P1R3,0.055
A0A377B9U2,0.055
A0A3K3W8V9,0.055
A0A1X3IBV1,0.055
A0A3V0Y966,0.055
A0A826TT27,0.055
A0A4P2VQR3,0.055
A0A7H9SDN7,0.055
A0A1V0M733,0.055
A0A377CGM3,0.055
A0A376ZSC2,0.055
A0A376JM50,0.055
A0A1D8FA20,0.055
A0A377LBQ8,0.055
A0A0A1AFP6,0.055
A0A376CW98,0.055
A0A376MVA6,0.055
A0A377APN4,0.055
A0A377B8J7,0.055
A0A377HH92,0.055
A0A376NW12,0.055
A0A085PB73,0.055
A0A768C962,0.055
A0A0S3PMY3,0.055
A0A376U080,0.055
A0A6C7GYC0,0.055
A0A086UYC2,0.055
A0A2X1IX43,0.055
A0A6L7CQQ6,0.055
A0A377DEE7,0.055
A0A2X1NCD7,0.055
A0A376NS23,0.055
A0A6D0KAH2,0.055
A0A0K4C257,0.055
A0A7I8ZNX6,0.055
A0A142EAV7,0.055
A0A244B9W6,0.055
A0A376LRH2,0.055
A0A193LSY4,0.055
A0A377DQ56,0.055
A0A061YJ88,0.055
A0A4Y7ZAK1,0.055
A0A3K0QL50,0.055
A0A192C7X4,0.055
A0A6C8RVM2,0.055
A0A376W744,0.055
A0A376WX31,0.055
A0A0M1HAD7,0.055
A0A899NBY8,0.055
A0A3L0W9Z4,0.055
A0A3L0WA75,0.055
A0A377KB41,0.055
A0A377AGD3,0.055
A0A1Q6B235,0.055
A0A2A2CG68,0.055
A0A6D1A7C6,0.055
A0A3L0W452,0.055
A0A3L0VVD7,0.055
A0A376KPF8,0.055
A0A2H4TYX5,0.055
A0A484Y258,0.055
A0A6N8NSB1,0.055
A0A6N9SH26,0.055
A0A376W1Q4,0.055
A0A377D626,0.055
A0A376V9L9,0.054
A0A2H9G4B8,0.054
A0A2X3K3R5,0.054
A0A166Z909,0.054
A0A377C9A4,0.054
A0A2A2BTT1,0.054
A0A6D0FA40,0.054
A0A2K9UZV2,0.054
A0A376CY65,0.054
A0A376TV68,0.054
A0A6D1P206,0.054
A0A1V2GGV6,0.054
A0A3S7M9R3,0.054
A0A376RHD2,0.054
A0A2X1KI11,0.054
A0A769Q2Q4,0.054
A0A3L0W296,0.054
A0A377DTX2,0.054
A0A418GLF5,0.054
A0A377DP39,0.054
A0A6D0HLL0,0.054
A0A6L7CJZ0,0.054
A0A1X3I4D1,0.054
A0A3L9GCN2,0.054
A0A6D0FZT2,0.054
A0A0H2V9Y4,0.054
A0A377AFU8,0.054
A0A2W8FX73,0.054
A0A3L0W4T3,0.054
A0A377DEH2,0.054
A0A0B1NCA5,0.054
A0A827XH51,0.054
A0A1V2G244,0.054
A0A0B0VNP0,0.054
A0A160HS62,0.054
A0A2I8SH47,0.054
A0A192CDN2,0.054
A0A376MM84,0.054
A0A1V2G662,0.054
A0A377AQY3,0.054
A0A376DKN5,0.054
A0A377K0H7,0.054
A0A3L0X6I6,0.054
A0A6D0CF05,0.054
A0A3L0W4J3,0.054
A0A377AKR0,0.054
A0A829L025,0.054
A0A376YHK4,0.054
A0A7B0LJS1,0.054
A0A3K0W8B8,0.054
A0A5N8HAX8,0.054
A0A023LG77,0.054
A0A0A2S1E0,0.054
A0A485JJI4,0.054
A0A484YSQ9,0.054
A0A400V9E3,0.054
A0A828NI42,0.054
A0A3L0VYG9,0.054
A0A7U9ATJ0,0.054
A0A3R1BIW2,0.054
A0A1Q6AVV7,0.054
A0A376KZU1,0.054
A0A2X3JTC5,0.054
A0A1V2T0F6,0.054
A0A377D2N7,0.054
A0A4D6PFA5,0.054
A0A5F0RKT5,0.054
A0A377C2F9,0.054
A0A5P0JKN4,0.054
A0A7B3IL44,0.054
A0A2X1KSW3,0.054
A0A6D1A978,0.054
A0A376X395,0.054
A0A377CZD8,0.054
A0A376LPZ2,0.054
A0A485JGT3,0.054
A0A377E998,0.054
A0A3L0YJ33,0.054
A0A376VVF0,0.054
A0A2X1N495,0.054
A0A0A7XXM2,0.054
A0A376KTL6,0.054
A0A6N8NSA7,0.054
A0A376ZIA2,0.054
A0A6D1AB09,0.054
A0A0C5PP11,0.054
A0A343J0D0,0.054
A0A5N3CPI2,0.054
A0A484X3S3,0.054
A0A3L0W696,0.054
A0A376MPU6,0.054
A0A0H2V5W7,0.054
A0A6D0EZ49,0.054
A0A899NFX0,0.054
A0A2X1KUA5,0.054
A0A444R0H2,0.054
A0A6S6L9Y9,0.054
A0A377E669,0.054
A0A1D7PHZ1,0.054
A0A5C9AMI2,0.054
A0A377BBY9,0.054
A0A6C7H0Q3,0.054
A0A376TSB1,0.054
A0A376P3Q5,0.054
A0A7U9AR19,0.054
A0A377AZH3,0.054
A0A376KQJ0,0.054
A0A6L7A9W2,0.054
A0A377DWM2,0.054
A0A234LQX0,0.054
A0A1X3HXV0,0.054
A0A0H2V6T9,0.054
A0A376Y4X5,0.054
A0A6C9EIA2,0.054
A0A2X1LDA5,0.054
A0A3L0W3P7,0.054
A0A7G9A9Z8,0.054
A0A3L0VSV6,0.054
A0A376UA69,0.054
A0A377C5Z5,0.054
A0A377E2H0,0.054
A0A6D0FD44,0.054
A0A037YFI4,0.054
A0A853WJL1,0.054
A0A376ZTU8,0.054
A0A418H680,0.054
A0A3U0PKD2,0.054
A0A6D0ILU1,0.054
A0A3L0WCY4,0.054
A0A7M3PTF3,0.054
A0A8A6FAE1,0.054
A0A3L0W179,0.054
A0A2Y0NHD9,0.054
A0A447XEL6,0.054
A0A6G4KDV6,0.054
A0A376VHI1,0.054
A0A142EAU0,0.054
A0A485JAV9,0.054
A0A6D0IET1,0.054
A0A376LPE3,0.054
A0A0J2BFX4,0.054
A0A2W6PFI4,0.054
A0A3P1WNT0,0.054
A0A376J1V1,0.054
A0A0A1E4K5,0.054
A0A6D0IBX8,0.054
A0A6N6WP33,0.054
A0A271QJU4,0.054
A0A6N8NDH8,0.054
A0A0D6GQ84,0.054
A0A376LR74,0.054
A0A376L990,0.054
A0A377A437,0.054
A0A0K5BM55,0.054
A0A444R1I9,0.054
A0A377A9H9,0.054
A0A484WTZ0,0.054
A0A376TMQ9,0.054
A0A0H3JRV9,0.054
A0A2X1KI05,0.054
A0A3L0X1B4,0.054
A0A192CF41,0.054
A0A3U1VHM2,0.054
A0A377DHN6,0.054
A0A7I8ZS28,0.054
A0A1Q4PBJ1,0.053
A0A075MDJ9,0.053
A4K386,0.053
A0A447X261,0.053
A0A061K7X1,0.053
A0A5C9AB24,0.053
A0A377K8J7,0.053
A0A2A7M1R4,0.053
A0A3L0W4E8,0.053
A0A0E0YAE9,0.053
A0A811AR64,0.053
A0A376Y1E5,0.053
A0A828U4D2,0.053
A0A376W4Y6,0.053
A0A0H2VBB7,0.053
A0A0B1G539,0.053
A0A484YWR9,0.053
A0A376TN06,0.053
A0A2X1MID3,0.053
A0A2W6R928,0.053
A0A377DRS7,0.053
A0A6L6I6Z5,0.053
A0A6N6WNM4,0.053
A0A0H3ES11,0.053
A0A418GR17,0.053
A0A444R304,0.053
A0A170TVW1,0.053
A0A7U5TH39,0.053
A0A0E0XW95,0.053
A0A1X3IWX8,0.053
A0A0K4CGP1,0.053
A0A6C9EGQ7,0.053
A0A0X5DX79,0.053
A0A2W6PEL8,0.053
A0A3R8M078,0.053
A0A484X600,0.053
A0A1C0Y136,0.053
A0A484WP04,0.053
A0A377AU22,0.053
A0A0H2YX86,0.053
A0A2X3LR52,0.053
A0A099AUC5,0.053
A0A377D5J8,0.053
A0A485JEI3,0.053
A0A377E9L1,0.053
A0A6D1P642,0.053
A0A0E0XUT6,0.053
A0A2X1N1E5,0.053
A0A376W633,0.053
A0A827LJG3,0.053
A0A7G2KGA0,0.053
A0A6D1P3U4,0.053
A0A377K698,0.053
A0A0A6TYL2,0.053
A0A2X1NGB1,0.053
A0A3L0W3G9,0.053
A0A6L6ZTM3,0.053
A0A793DFS6,0.053
A0A2X1NIM2,0.053
A0A7A6ZZD5,0.053
A0A3L0W261,0.053
A0A376X5Q2,0.053
A0A376U8B7,0.053
A0A5C9A7M4,0.053
A0A6C9EF91,0.053
A0A2X1MG10,0.053
A0A6L7CLZ8,0.053
A0A376HL56,0.053
A0A6G4C938,0.053
A0A2X5TKU5,0.053
A0A376VZA9,0.053
A0A444R282,0.053
A0A2X1JF52,0.053
A0A377CEZ9,0.053
A0A6S6LJZ0,0.053
A0A6D1ADJ0,0.053
A0A7A6RT73,0.053
A0A3Z6I2G7,0.053
A0A2X3JTZ2,0.053
A0A193LMP4,0.053
A0A7A9MJZ8,0.053
A0A479BYL2,0.053
A0A2Y0T772,0.053
A0A376P464,0.053
A0A376TTA2,0.053
A0A7U1E199,0.053
A0A2X1MYN6,0.053
A0A6D0F3B4,0.053
A0A376ZSP8,0.053
A0A826X685,0.053
A0A6G2B6B0,0.053
A0A376TRW9,0.053
A0A2X3JYF8,0.053
A0A376W8Q8,0.053
A0A3Q0P5E2,0.053
A0A0H0JC17,0.053
A0A6C9QHJ5,0.053
A0A822TRE3,0.053
A0A3L9HAF8,0.053
A0A377K1M6,0.053
A0A7U9ARI9,0.053
A0A085NYQ6,0.053
A0A4C4ZL58,0.053
A0A376U5F4,0.053
A0A776LSZ8,0.053
A0A3L0W4H5,0.053
A0A377E9A0,0.053
A0A3R1AET9,0.053
A0A2X1KUT3,0.053
A0A0H0GBM8,0.053
A0A4D6PFH7,0.053
A0A2Z5VJE3,0.053
A0A377K6A6,0.053
A0A343J1E1,0.053
A0A3Z6GBT3,0.053
A0A2X1NZP8,0.053
A0A444RDP9,0.053
A0A376Y609,0.053
A0A377KBA4,0.053
A0A1Y1CS20,0.053
A0A3P1WM84,0.053
A0A6L7CN65,0.053
A0A485JES2,0.053
A0A4Q9C6L0,0.053
A0A418H3N4,0.053
A0A6D0XNQ8,0.053
A0A6L7A451,0.053
A0A4C9GBA9,0.053
A0A3L0VY31,0.053
A0A3L0W4L4,0.053
A0A377ACW2,0.053
A0A376VF56,0.053
A0A1J0YCX3,0.053
A0A376LN14,0.053
A0A377A4E4,0.053
A0A6D0IK98,0.053
A0A6G4PJA4,0.053
A0A3Z8PX58,0.053
A0A377C145,0.053
A0A377DPU5,0.053
A0A2Z2JG16,0.053
A0A343J0C1,0.053
A0A0E1T2U9,0.053
A0A376YIY8,0.053
A0A2X3J809,0.053
A0A0E2LG80,0.053
A0A192ETU5,0.053
A0A1V2GBF8,0.053
A0A377CVU2,0.053
A0A3L0W445,0.053
A0A377N0C3,0.052
A0A0A5MNX7,0.052
A0A6N8R9N3,0.052
A0A0E0Y147,0.052
A0A0M5X0M0,0.052
A0A0H3EIF9,0.052
A0A0E0XVG6,0.052
A0A2X7EZ42,0.052
A0A3P1YFV2,0.052
A0A899NDL4,0.052
A0A1X3JGX9,0.052
A0A5N8H843,0.052
A0A1X3JAU5,0.052
A0A229AKN3,0.052
A0A485JRC6,0.052
A0A0E1T9M4,0.052
A0A377DG05,0.052
A0A0H3PJP7,0.052
A0A377F674,0.052
A0A0D8VT35,0.052
A0A377K6T3,0.052
A0A2X1Q196,0.052
A0A6D1AC81,0.052
A0A485J9B9,0.052
A0A023UEV3,0.052
A0A376MQR9,0.052
A0A792DQT8,0.052
A0A3W5Y888,0.052
A0A376Y9V8,0.052
A0A376UCR3,0.052
A0A1X3IBU5,0.052
A0A3L0X5B9,0.052
A0A3L0W138,0.052
A0A376U7M9,0.052
A0A061K3S3,0.052
A0A0K3X5E3,0.052
A0A376KYD1,0.052
A0A899NC73,0.052
A0A829L4J0,0.052
A0A6D1NYW7,0.052
A0A2K8FRI6,0.052
A0A6C9EI38,0.052
A0A2I2BKF0,0.052
A0A0C5PXD3,0.052
A0A5C9ALW8,0.052
A0A376MWV7,0.052
A0A0A1A6V4,0.052
A0A037YLU8,0.052
A0A376PNT2,0.052
A0A2R4PF01,0.052
A0A376LPB8,0.052
A0A7I9B117,0.052
A0A444R3C1,0.052
A0A7A2XS46,0.052
A0A2X1MWI0,0.052
A0A2X3KNH5,0.052
A0A6N8NEB6,0.052
A0A6N8R5C6,0.052
A0A376VKZ8,0.052
A0A6N8QT89,0.052
A0A6D0V2Y6,0.052
A0A484YVW8,0.052
A0A6N8QBJ1,0.052
A0A484VX49,0.052
A0A0Q3AAK3,0.052
A0A1Y2ZI28,0.052
A0A0H3EKD2,0.052
A0A377KBL0,0.052
A0A7U5TH07,0.052
A0A376KYT5,0.052
A0A765T775,0.052
A0A3L0W9H0,0.052
A0A1V2GF18,0.052
A0A0E1TB80,0.052
A0A7L8KBZ0,0.052
A0A5P0J2U5,0.052
A0A3L0W133,0.052
A0A376WVK6,0.052
A0A271QM74,0.052
A0A6L7CQL6,0.052
A0A2X1N0Z2,0.052
A0A377C7Z4,0.052
A0A376W2A9,0.052
A0A376FQK7,0.052
A0A775YYT1,0.052
A0A3L0VWL8,0.052
A0A8B3M1D2,0.052
A0A3L9HL88,0.052
A0A7A7YXR5,0.052
A0A376MTE3,0.052
A0A377E8F0,0.052
A0A2X1MBB7,0.052
A0A485JMT9,0.052
A0A383GAI2,0.052
A0A6L6I6R8,0.052
A0A085NWB3,0.052
A0A1B1IL26,0.052
A0A0A0GC98,0.052
A0A0H3EH24,0.052
A0A192EYK6,0.052
A0A3L0W5G8,0.052
A0A2X1J7G1,0.052
A0A827XQM4,0.052
A0A3S4JYY5,0.052
A0A2H9A273,0.052
A0A142CPQ2,0.052
A0A485JIR2,0.052
A0A5C8XT47,0.052
A0A444RBD0,0.052
A0A829LDS5,0.052
A0A827F1Z8,0.052
A0A827QXM5,0.052
A0A192CLL5,0.052
A0A376ZRU4,0.052
A0A377BB20,0.052
A0A2R4A851,0.052
A0A3L9I288,0.052
A0A0K4GVA8,0.052
A0A649Z506,0.052
A0A6D1A7Q6,0.052
A0A221ZRC2,0.052
A0A403D5N5,0.052
A0A2X3LWF0,0.052
A0A085PB33,0.052
A0A271U2L7,0.052
A0A447XAF4,0.052
A0A6D1AC98,0.052
A0A2X3JUV8,0.052
A0A192CK35,0.052
A0A447X925,0.052
A0A6D0PLI8,0.052
A0A1Y2XXX0,0.052
A0A6G4CLG3,0.052
A0A7U9NXD6,0.052
A0A376KP68,0.052
A0A6D1AEG5,0.052
A0A376CZS2,0.052
A0A0E1T3W2,0.052
A0A376VZT5,0.052
A0A376MTE9,0.052
A0A0C2B611,0.052
A0A3L0VYN8,0.052
A0A5B9SV20,0.052
A0A5P0JII9,0.052
A0A2L0J999,0.052
A0A3P1WVK5,0.052
A0A377BMS1,0.052
A0A0P7LYB8,0.052
A0A828Q1Y8,0.052
A0A376X8L5,0.052
A0A3L0W0T1,0.052
A0A244BGJ4,0.052
A0A024L3U4,0.052
A0A3L0W756,0.052
A0A3K0WHG8,0.052
A0A138XCB6,0.052
A0A793I5P3,0.052
A0A6D0XUB8,0.052
A0A376Y353,0.052
A0A3L0WYB4,0.052
A0A6D0IIX1,0.052
A0A066PWK4,0.052
A0A192CFX9,0.052
A0A1X3HWF4,0.052
A0A1V2FYR2,0.052
A0A377E2A5,0.051
A0A6I8WFD8,0.051
A0A377B9U0,0.051
A0A377CWB0,0.051
A0A2X3M301,0.051
A0A6N8NLE9,0.051
A0A061KL35,0.051
A0A1V2STP4,0.051
A0A899NE54,0.051
A0A8B3M7M2,0.051
A0A891ZVI2,0.051
A0A7U9APE2,0.051
A0A376RFP6,0.051
A0A377BS53,0.051
A0A377HHB5,0.051
A0A484WTJ5,0.051
A0A2H9A523,0.051
A0A376TXX2,0.051
A0A0D8W7M7,0.051
A0A4T8IJ33,0.051
A0A377K1S4,0.051
A0A5B9ARD6,0.051
A0A1E5WPV1,0.051
A0A037Y2N1,0.051
A0A387KZ88,0.051
A0A376YWZ2,0.051
A0A2I8SXK7,0.051
A0A1X3IBR9,0.051
A0A1Q6AV87,0.051
A0A377CB68,0.051
A0A2H4TXV5,0.051
A0A7G2KHR0,0.051
A0A0J8X111,0.051
A0A377AIV4,0.051
A0A377E1Q3,0.051
A0A4Y8GQN8,0.051
A0A3S4KTA3,0.051
A0A1Q6AVA5,0.051
A0A6G8F8S2,0.051
A0A484Y7U4,0.051
A0A376U3W3,0.051
A0A1X3IYQ7,0.051
A0A484X7W0,0.051
A0A376Y457,0.051
A0A6L7CUJ0,0.051
A0A5F1PUK3,0.051
A0A6N8NE70,0.051
A0A376RSU7,0.051
A0A447X3G7,0.051
A0A6D1ADC3,0.051
A0A376VN93,0.051
A0A793H6V5,0.051
A0A2X3M1N9,0.051
A0A376MIR6,0.051
A0A376L728,0.051
A0A376WZW5,0.051
A0A376PUR2,0.051
A0A6N8NQK8,0.051
A0A0B4N409,0.051
A0A6G4CJC1,0.051
A0A7H9NI81,0.051
A0A828G9L4,0.051
A0A478SUM1,0.051
A0A377E4Q8,0.051
A0A2P9DZZ0,0.051
A0A6N8R8R1,0.051
A0A3Q0MY99,0.051
A0A377KB54,0.051
A0A484YCM3,0.051
A0A376KXF1,0.051
A0A899NBE9,0.051
A0A484YGS1,0.051
A0A827E882,0.051
A0A0M1UJU0,0.051
A0A6M9X328,0.051
A0A376RCI7,0.051
A0A2X1K415,0.051
A0A6G8F883,0.051
A0A2L1KUR6,0.051
A0A3L0YK22,0.051
A0A5C8XTD9,0.051
A0A3P1Y624,0.051
A0A6N6WS57,0.051
A0A7G2KHT9,0.051
A0A1L4BL04,0.051
A0A061K5N0,0.051
A0A6C9EES9,0.051
A0A377E6M4,0.051
A0A376RNY7,0.051
A0A6N6WWX2,0.051
A0A6C9EHK3,0.051
A0A3S5I314,0.051
A0A6L6I3C6,0.051
A0A7H9NSP6,0.051
A0A826WQ67,0.051
A0A376VIG6,0.051
A0A6L7A5C6,0.051
A0A3L0WCU7,0.051
A0A6N8QMD1,0.051
A0A3L0VT17,0.051
A0A0A8J691,0.051
A0A3L9I549,0.051
A0A793HK55,0.051
A0A376KUT8,0.051
A0A288XFQ8,0.051
A0A6N6WN76,0.051
A0A485JMD3,0.051
A0A376VF93,0.051
A0A2X3M590,0.051
A0A376LNR4,0.051
A0A0P7PD10,0.051
A0A485JDN9,0.051
A0A7D5Q0K9,0.051
A0A2X1KVV5,0.051
A0A0C2B929,0.051
A0A377K165,0.051
A0A0A0H4X1,0.051
A0A6D1ADB7,0.051
A0A2P9E595,0.051
A0A5D6DUF9,0.051
A0A376LJ85,0.051
A0A8B3M5N6,0.051
A0A170TVF7,0.051
A0A066QR40,0.051
A0A1X3HXL9,0.051
A0A828P1T4,0.051
A0A0A8J303,0.051
A0A2K4PA36,0.051
A0A376ZUD5,0.051
A0A2P9E0A5,0.051
A0A484X0S7,0.051
A0A827XTQ3,0.051
A0A0B1MXN1,0.051
A0A2X1MUS6,0.051
A0A376D8X0,0.051
A0A853WLV9,0.051
A0A2X3JX90,0.051
A0A0A0FFJ5,0.051
A0A2X1JP88,0.051
A0A811AQM0,0.051
A0A3L0VYQ1,0.051
A0A377C8X1,0.051
A0A5P0JJ19,0.051
A0A853EC37,0.051
A0A376S8I2,0.051
A0A376UGX4,0.051
A0A0A8J5K6,0.051
A0A376TN72,0.051
A0A5C9AAD5,0.051
A0A484WR15,0.051
A0A376VIV7,0.051
A0A376NUL7,0.051
A0A6N8NRU8,0.051
A0A0E1TAK9,0.051
A0A6N8RC02,0.051
A0A376H3G5,0.051
A0A376WZ69,0.051
A0A826SQ57,0.051
A0A376ZRF2,0.051
A0A2A3W057,0.051
A0A0B1BVZ9,0.051
A0A7R6UJH0,0.051
A0A6D0IIZ9,0.051
A0A1X3ITK1,0.051
A0A3S4KBM0,0.051
A0A2H4TLW1,0.05
A0A376MIG5,0.05
A0A376ZUK0,0.05
A0A811AQ61,0.05
A0A2H4TV13,0.05
A0A0Q3DZ54,0.05
A0A444R8S9,0.05
A0A377CZ68,0.05
A0A7L5V4N0,0.05
A0A376L3F1,0.05
A0A6G5ZYE0,0.05
A0A377B860,0.05
A0A2W6PAZ0,0.05
A0A5N8HFJ9,0.05
A0A2X1Q4F9,0.05
A0A3L3DHU7,0.05
A0A2X1MY00,0.05
A0A3K0WCA1,0.05
A0A3L0VZ00,0.05
A0A0H4ISE1,0.05
A0A809T2D9,0.05
A0A0K4ULV3,0.05
A0A6C9CIW6,0.05
A0A377CWF8,0.05
A0A376L2C7,0.05
A0A826X7I9,0.05
A0A418GZ96,0.05
A0A376TDZ7,0.05
A0A6D0IJT5,0.05
A0A1X3IXE8,0.05
A0A377DJ58,0.05
A0A829LDL2,0.05
A0A377A2D4,0.05
A0A3K2YFV4,0.05
A0A376VXX2,0.05
A0A403D281,0.05
A0A2X1KB45,0.05
A0A4C7A1Q9,0.05
A0A6L6IAF8,0.05
A0A376Y6E6,0.05
A0A3K3K4F1,0.05
A0A3L0VTT7,0.05
A0A376KN00,0.05
A0A376MR05,0.05
A0A3S4NTZ3,0.05
A0A377ANT9,0.05
A0A376Y4N8,0.05
A0A3T9KSE0,0.05
A0A5C8XSA8,0.05
A0A418GJS8,0.05
A0A418GFQ4,0.05
A0A377AXA2,0.05
A0A2A3UQF3,0.05
A0A2Y0LEW9,0.05
A0A377BGK7,0.05
A0A484Y294,0.05
A0A376RRL6,0.05
A0A3J1GR98,0.05
A0A376VW33,0.05
A0A377BAD5,0.05
A0A3P1Y1X6,0.05
A0A6D1AHH3,0.05
A0A6L7CSZ8,0.05
A0A376P4X8,0.05
A0A193LR71,0.05
A0A444R019,0.05
A0A377B098,0.05
A0A1V3CE38,0.05
A0A376VX85,0.05
A0A2X1PUQ6,0.05
A0A377F4J2,0.05
A0A1Q6AU66,0.05
A0A3L0W9R7,0.05
A0A6N6WP94,0.05
A0A376NTL8,0.05
A0A376ZSF5,0.05
A0A7G3NRL7,0.05
A0A0E0Y3U0,0.05
A0A376LBY8,0.05
A0A765T732,0.05
A0A0P7P2J4,0.05
A0A376Y8H5,0.05
A0A377BDK9,0.05
A0A7I6H0I6,0.05
A0A376U7P6,0.05
A0A0A1AAB3,0.05
A0A0H3EJ05,0.05
A0A160HQY8,0.05
A0A376KQ05,0.05
A0A377C303,0.05
A0A376VT80,0.05
A0A376L109,0.05
A0A376Y7M6,0.05
A7XY49,0.05
A0A376NRF4,0.05
A0A377EBE5,0.05
A0A3L0Y9I4,0.05
A0A191T936,0.05
A0A376L6V5,0.05
A0A376RKK3,0.05
A0A3L0VTC1,0.05
A0A418GFL6,0.05
A0A0H3MQH2,0.05
A0A3L0X024,0.05
A0A193LPL7,0.05
A0A6N8R8K4,0.05
A0A6G4KEA1,0.05
A0A376W585,0.05
A0A418H9P5,0.05
A0A2R4PGF7,0.05
A0A377CV96,0.05
A0A811ART7,0.05
A0A376U7Z0,0.05
A0A641CGV7,0.05
A0A2X1NBV8,0.05
A5WZ59,0.05
A0A826SMS5,0.05
A0A376YDT9,0.05
A0A484YXK1,0.05
A0A826SLK2,0.05
A0A1V2GG59,0.05
A0A6C9QJY6,0.05
A0A5C9AAZ5,0.05
A0A7A6SJT0,0.05
A0A1D8ELK0,0.05
A0A6L7CR45,0.05
A0A6G4CLY7,0.05
A0A0H2V6K5,0.05
A0A3U0P861,0.05
A0A2R4KLE3,0.05
A0A376KKC5,0.05
A0A444RCE7,0.05
A0A418GJ16,0.05
A0A3L0YAN2,0.05
A0A234KLY8,0.05
A0A7H9LU96,0.05
A0A376VYV6,0.05
A0A2A2CGC2,0.05
A0A418H877,0.05
A0A376LMM6,0.05
A0A6G4KDS8,0.05
A0A6C9EF85,0.05
A0A376KQX7,0.05
A0A827QJU1,0.05
A0A0H3EFQ2,0.05
A0A3L0W3X5,0.05
A0A0Y0SVP0,0.05
A0A4C3A994,0.05
A0A5C8XTR4,0.05
A0A376VR13,0.05
A0A444QZK1,0.05
A0A6N8QH97,0.05
A0A7U9LVG9,0.05
A0A3L0W2T2,0.05
A0A377CQ08,0.05
A0A0R6LIE3,0.05
A0A3L0W464,0.05
A0A061YFH8,0.05
A0A376YDC0,0.05
A0A2H9F649,0.05
A0A797M500,0.05
A0A162LSB3,0.05
A0A3U0PK41,0.05
A0A376KXK6,0.05
A0A7A6JYA0,0.05
A0A376LPU7,0.05
A0A828PPK4,0.05
A0A6N8R0Y7,0.05
A0A376KV70,0.05
A0A2X2ZAC4,0.05
A0A6D0IMB1,0.05
A0A376Z293,0.05
A0A0K4W1J1,0.05
A0A826X8Z1,0.05
A0A2X1JH15,0.05
A0A2W6PCL4,0.05
A0A792HYS4,0.05
A0A3T0V9Y7,0.05
A0A2R4AB64,0.05
A0A2X3LVB0,0.05
A0A1X3IUE5,0.05
A0A376U9W2,0.05
A0A0P7M481,0.05
A0A377B0M0,0.05
A0A2U9LF34,0.05
A0A3L1NXB8,0.05
A0A0H2V559,0.05
A0A827ZSV6,0.05
A0A2X1IWG6,0.05
A0A3L0VSX7,0.05
A0A0L7AIC0,0.05
A0A376KU51,0.049
A0A3S4P985,0.049
A0A418G9I5,0.049
A0A3R1A995,0.049
A0A3P1XGP6,0.049
A0A377B0B1,0.049
A0A768CFI8,0.049
A0A2X1LSM9,0.049
A0A1V2GCJ0,0.049
A0A484YFL2,0.049
A0A0H0G8W5,0.049
A0A2H4TL22,0.049
A0A1X3IC98,0.049
A0A6D1A5V5,0.049
A0A3V0Y1N4,0.049
A0A223AMT9,0.049
A0A376MGZ4,0.049
A0A377E7V0,0.049
A0A376TSZ1,0.049
A0A377K5X6,0.049
A0A6D1A6H0,0.049
A0A0P7LCL8,0.049
A0A2W6NXB4,0.049
A0A3L0YHE2,0.049
A0A2X1N2A7,0.049
A0A6D1ACB2,0.049
A0A0C2AUE2,0.049
A0A5N8HDM7,0.049
A0A792DQR0,0.049
A0A376MIY3,0.049
A0A2D1BXZ3,0.049
A0A2X3K6U4,0.049
A0A377A5E4,0.049
A0A376MKJ2,0.049
A0A085P931,0.049
A0A2X3KGN6,0.049
A0A376TSW6,0.049
A0A376LR01,0.049
A0A447Y3D8,0.049
A0A2X1PQ11,0.049
A0A5C9AAT8,0.049
A0A246VUV9,0.049
A0A5C9ADI1,0.049
A0A6D0IDT3,0.049
A0A3L0WWL9,0.049
A0A0D4D8M1,0.049
A0A482KIC9,0.049
A0A454A1T8,0.049
A0A5C9A7R2,0.049
A0A2X3K213,0.049
A0A5C8XTT9,0.049
A0A377KE35,0.049
A0A0C2E9V6,0.049
A0A376UDN4,0.049
A0A376L9Y4,0.049
A0A376ZWQ0,0.049
A0A376K2N1,0.049
A0A376VLL3,0.049
A0A418GTI2,0.049
A0A376UGG5,0.049
A0A376WEQ1,0.049
A0A7A6MXV8,0.049
A0A7A6TQ64,0.049
A0A5C9ACN8,0.049
A0A377LBU8,0.049
A0A376UH78,0.049
A0A3L0W260,0.049
A0A377CWV9,0.049
A0A3L0YFU8,0.049
A0A0P7KLD8,0.049
A0A0E1SYQ5,0.049
A0A376WZZ9,0.049
A0A6L7A1B3,0.049
A0A485JKB0,0.049
A0A3L0X108,0.049
A0A3L2VIZ7,0.049
A0A3L0VXF9,0.049
A0A376LPW0,0.049
A0A6G4PL48,0.049
A0A2X3KFZ0,0.049
A0A6G4CF75,0.049
A0A7G3NPM5,0.049
A0A5P0JK93,0.049
A0A6N6WNK3,0.049
A0A377C782,0.049
A0A2I8SV17,0.049
A0A5C9A8A4,0.049
A0A376KYW5,0.049
A0A3L0VU95,0.049
A0A376VMP7,0.049
A0A377AD47,0.049
A0A454A768,0.049
A0A1B4Z3M4,0.049
A0A0H2V5J7,0.049
A0A0D6ZP13,0.049
A0A2X1MVQ8,0.049
A0A8B6B9Y5,0.049
A0A376X3I2,0.049
A0A7D7PA24,0.049
A0A377AS08,0.049
A0A0E0Y0T1,0.049
A0A2X3M0F6,0.049
A0A3W5Y6D3,0.049
A0A3G4RTK5,0.049
A0A377DVY7,0.049
A0A3L0W3W2,0.049
A0A0G9FZ12,0.049
A0A6G4NIH6,0.049
A0A377B3A9,0.049
A0A0F6WFV5,0.049
A0A2Z2JJH1,0.049
A0A418GZ86,0.049
A0A4C4ZHA0,0.049
A0A484YPQ3,0.049
A0A0K4KQK4,0.049
A0A2W7ZFZ4,0.049
A0A2X3KKK7,0.049
A0A376Y7A8,0.049
A0A377K738,0.049
A0A376UA59,0.049
A0A271QXE5,0.049
A0A085NYX8,0.049
A0A376WVW4,0.049
A0A0S3PNE1,0.049
A0A066SP99,0.049
A0A376Y1E4,0.049
A0A3W4JTM6,0.049
A0A377B920,0.049
A0A5C9AG28,0.049
A0A377D6N7,0.049
A0A1V2GFW4,0.049
A0A0D8WH58,0.049
A0A085NWQ8,0.049
A0A376W0K9,0.049
A0A1V3VWD2,0.049
A0A418GPJ3,0.049
A0A447XT75,0.049
A0A093DS71,0.049
A0A418GWH5,0.049
A0A376D9R9,0.049
A0A376FMB0,0.049
A0A2S8JVM0,0.049
A0A6L9ABL6,0.049
A0A376DB04,0.049
A0A3L9FR04,0.049
A0A6N6WNH5,0.049
A0A097H0B9,0.049
A0A377BTL2,0.049
A0A376K302,0.049
A0A0D6GQB0,0.049
A0A3Q0N507,0.049
A0A377B7E7,0.049
A0A376ZEQ6,0.049
A0A6C9EFC2,0.049
A0A418H9P7,0.049
A0A377D0Q3,0.049
A0A3L0VUI4,0.049
A0A376TWR1,0.049
A0A7I6H0J4,0.049
B0Z420,0.049
A0A085NYN0,0.049
A0A1X3IBP2,0.049
A0A0J2BI46,0.048
A0A376MQM4,0.048
A0A0Q3CHM4,0.048
A0A418GPN4,0.048
A0A649US70,0.048
A0A3L0X3G1,0.048
A0A777WC81,0.048
A0A6N8R7E2,0.048
A0A6C7H1M4,0.048
A0A376WZK0,0.048
A0A6N8RBB6,0.048
A0A7B5XJJ6,0.048
A0A376YAJ5,0.048
A0A444R4T5,0.048
A0A2X1NVJ9,0.048
A0A0L1C929,0.048
A0A2X1NC53,0.048
A0A377CG56,0.048
A0A3W4UEE0,0.048
A0A3K0WHM9,0.048
A0A444RFM5,0.048
A0A066Q9C2,0.048
A0A2X1N8S5,0.048
A0A3L0YKB6,0.048
A0A5C9AG96,0.048
A0A0H2Z206,0.048
A0A418GXM9,0.048
A0A376K4L8,0.048
A0A6D0I8S3,0.048
A0A2X1KB65,0.048
A0A376VQQ1,0.048
A0A484WTB4,0.048
A0A3L9I7D9,0.048
A0A376TGT6,0.048
A0A444R029,0.048
A0A376RFZ1,0.048
A0A3L0W303,0.048
A0A0H2V458,0.048
A0A2H5BZT7,0.048
A0A376Y6L3,0.048
A0A484WRC4,0.048
A0A376SDJ7,0.048
A0A5N8HLH0,0.048
A0A3L0W1N0,0.048
A0A377CWU9,0.048
A0A085P928,0.048
A0A2H4TLC1,0.048
A0A2A2XEQ4,0.048
A0A192CM12,0.048
A0A0C5AXK1,0.048
A0A377C9L5,0.048
A0A826J9V0,0.048
A0A376KN81,0.048
A0A3P1X907,0.048
A0A376WAE6,0.048
A0A2P6AM68,0.048
A0A3G1T395,0.048
A0A1W6AS32,0.048
A0A376U4L2,0.048
A0A485JP45,0.048
A0A376MXM1,0.048
A0A3S4L5H4,0.048
A0A2X1PUW6,0.048
A0A484YTY7,0.048
A0A6N8RCM3,0.048
A0A376KUY0,0.048
A0A3L0VXR6,0.048
A0A376D1T5,0.048
A0A2X5M6Z3,0.048
A0A418GXW0,0.048
A0A6N8NS40,0.048
A0A345N8T2,0.048
A0A3L0W4K7,0.048
A0A418H8H0,0.048
A0A8B3M2S3,0.048
A0A484VQP5,0.048
A0A376TY51,0.048
A0A0P7P2K5,0.048
A0A376ZYT5,0.048
A0A3Z6GEG1,0.048
A0A418GG46,0.048
A0A376X3U5,0.048
A0A3S4JXR9,0.048
A0A138XZX5,0.048
A0A376ZFF7,0.048
A0A1Q6AME1,0.048
A0A376WRR1,0.048
A0A2X1JA81,0.048
A0A377D406,0.048
A0A376NRT9,0.048
A0A0K4KRL8,0.048
A0A2H4TXH4,0.048
A0A377E2K1,0.048
A0A6D0F361,0.048
A0A6N6WNF8,0.048
A0A376KJ87,0.048
A0A3L0VXG0,0.048
A0A7U9APX6,0.048
A0A376W0I3,0.048
A0A3L0W353,0.048
A0A2U9LLG0,0.048
A0A418GTF4,0.048
A0A3S7MBQ2,0.048
A0A2I8SUL8,0.048
A0A376J5I0,0.048
A0A6N8QND2,0.048
A0A0H2Z1R2,0.048
A0A376RI85,0.048
A0A1L1KFL0,0.048
A0A377HIV5,0.048
A0A0D8WES4,0.048
A0A376LC27,0.048
A0A6D0IIY0,0.048
A0A418H898,0.048
A0A3P1XBS0,0.048
A0A5B9ASF4,0.048
A0A0L7AJH0,0.048
A0A7U9ATC4,0.048
A0A0A1A7Y6,0.048
A0A418GR00,0.048
A0A827XYT8,0.048
A0A2T3SZ17,0.048
A0A7U5TH59,0.048
A0A660HHV5,0.048
A0A377BZI2,0.048
A0A2X1MZ04,0.048
A0A6D1AII4,0.048
A0A4V6UEK4,0.048
A0A6D1AFL3,0.048
A0A3L0W7A1,0.048
A0A376RHU5,0.048
A0A826X0A5,0.048
A0A484YU75,0.048
A0A6C9EIJ7,0.048
A0A377DIP7,0.048
A0A811ARK0,0.048
A0A168T779,0.048
A0A418H5S8,0.048
A0A0C2BXU0,0.048
A0A2X1P6K1,0.048
A0A792DQS4,0.048
A0A6L7CKH1,0.048
A0A829LG46,0.048
A0A376DD04,0.048
A0A5B9MRR1,0.048
A0A6N6WP77,0.048
A0A376H9I5,0.048
A0A376ZJ49,0.048
A0A7U9LXC8,0.048
A0A377B421,0.048
A0A377DIX9,0.048
A0A376RKF7,0.048
A0A229AL08,0.048
A0A024LB04,0.048
A0A6G4CK07,0.048
A0A376LLV2,0.048
A0A2X1JR94,0.048
A0A2J0QA58,0.048
A0A3G4RKY3,0.048
A0A376J837,0.048
A0A2X3K0N0,0.048
A0A3P1XEN2,0.048
A0A377F7J8,0.048
A0A376U7W4,0.048
A0A376LB64,0.048
A0A023L1N7,0.048
A0A3P5DN52,0.048
A0A377DHB5,0.048
A0A2X1K2I6,0.048
A0A376LHW3,0.048
A0A376VM31,0.048
A0A376PX53,0.048
A0A418HAG2,0.048
A0A2X3LLD9,0.048
A0A377DKU5,0.048
A0A376JYK9,0.048
A0A2X2ZQ08,0.048
A0A2X3KII3,0.048
A0A2W6R4K9,0.048
A0A2X1N119,0.048
A0A1L4J5M8,0.048
A0A376RL37,0.048
A0A376UFC9,0.048
A0A376Y6I2,0.048
A0A0P7LFF5,0.048
A0A2X3LUU5,0.048
A0A376TPU4,0.048
A0A485JEJ2,0.048
A0A3L0VUE9,0.048
A0A2Z5VJK4,0.048
A0A0H3MIY2,0.048
A0A1X3IZ47,0.048
A0A6D1AFQ4,0.048
A0A377BDN1,0.048
A0A2X3JBT2,0.048
A0A2X1NP28,0.048
A0A2S1J7I1,0.048
A0A6N6WTD6,0.048
A0A3T5QPV3,0.048
A0A0S3PN46,0.048
A0A0X5FYN5,0.048
A0A376RBA0,0.048
A0A3L1G8K2,0.048
A0A2X3J7X9,0.047
A0A2H4TS91,0.047
A0A3L0W679,0.047
A0A827HQA2,0.047
A0A1V2GG69,0.047
A0A484YWE0,0.047
A0A376TKL3,0.047
A0A0E1IUS9,0.047
A0A811AS64,0.047
A0A3L0WA92,0.047
A0A0H3MXI7,0.047
A0A1X3HY56,0.047
A0A3L9GCR5,0.047
A0A376W7A7,0.047
A0A066QZP8,0.047
A0A7U9LTW4,0.047
A0A377DGB2,0.047
A0A377E2B3,0.047
A0A3L0VW92,0.047
A0A376WCB2,0.047
A0A6N8QC97,0.047
A0A085NWH7,0.047
A0A418GI56,0.047
A0A376KVJ5,0.047
A0A3L0W2X1,0.047
A0A765T7Y4,0.047
A0A377C1P3,0.047
A0A3P1WTF0,0.047
A0A376X123,0.047
A0A376YEL7,0.047
A0A0H0HIR1,0.047
A0A377K5A4,0.047
A0A6L7A215,0.047
A0A377B724,0.047
A0A1Q6ALN4,0.047
A0A1B1LS96,0.047
A0A2X1JDU7,0.047
A0A828UGK2,0.047
A0A2I2AZT1,0.047
A0A2Y0YTI8,0.047
A0A403D7T2,0.047
A0A377AXI2,0.047
A0A0D4D9K5,0.047
A0A418GRS2,0.047
A0A6D1ACN1,0.047
A0A6N8NQD8,0.047
A0A3L0W6M7,0.047
A0A6C9EFB8,0.047
A0A0B0UEA8,0.047
A0A377D6C9,0.047
A0A485JGJ1,0.047
A0A7M1HVT7,0.047
A0A192C9T9,0.047
A0A0H2YW17,0.047
A0A376X3V0,0.047
A0A6G2B5W4,0.047
A0A2H9A5H2,0.047
A0A6N8NPX8,0.047
A0A376U5I2,0.047
A0A6D0ID88,0.047
A0A6D0IB79,0.047
A0A797I576,0.047
A0A4T3YKM9,0.047
A0A6D1AJB8,0.047
A0A7U5TI34,0.047
A0A376MFY1,0.047
A0A3L0W248,0.047
A0A0H3JJN1,0.047
A0A418GJJ4,0.047
A0A793Y2I0,0.047
A0A6L7CGE9,0.047
A0A2H5C088,0.047
A0A377DKH3,0.047
A0A024L9M5,0.047
A0A376ZIG2,0.047
A0A4V2HAY3,0.047
A0A828GB23,0.047
A0A2X1N831,0.047
A0A6L7A5R0,0.047
A0A3L0W6K4,0.047
A0A024KZ10,0.047
A0A2R4KLG3,0.047
A0A376RGX6,0.047
A0A828GQF0,0.047
A0A023L7J3,0.047
A0A2X1LY71,0.047
A0A418GEW3,0.047
A0A6N6WPE9,0.047
A0A444R2J6,0.047
A0A890DEZ8,0.047
A0A485JI16,0.047
A0A2X1Q6C3,0.047
A0A418GNR9,0.047
A0A2X1MWY8,0.047
A0A494K842,0.047
A0A377FI72,0.047
A0A827HRI4,0.047
A0A6D1P124,0.047
A0A376TYV1,0.047
A0A0B0W9X5,0.047
A0A0H2VA62,0.047
A0A2X1LCI1,0.047
A0A142BMR6,0.047
A0A2X7JRM0,0.047
A0A369ELD3,0.047
A0A376MTV3,0.047
A0A3S4JTY2,0.047
A0A2X3KJ92,0.047
A0A797I5B6,0.047
A0A376ZHI6,0.047
A0A2U9LEX6,0.047
A0A5P0JI61,0.047
A0A1X3HX30,0.047
A0A377E384,0.047
A0A6M1DKE1,0.047
A0A3L0X4B8,0.047
A0A2R2ZJC2,0.047
A0A7T2N6E3,0.047
A0A376MK48,0.047
A0A377D9D2,0.047
A0A1V2G272,0.047
A0A024LCM2,0.047
A0A377CYB9,0.047
A0A828GXU7,0.047
A0A376VSR2,0.047
A0A485JC31,0.047
A0A377K6E2,0.047
A0A377EA85,0.047
A0A1W5W6N7,0.047
A0A376ZLB1,0.047
A0A6D1AB21,0.047
A0A485JIC9,0.047
A0A376KPL1,0.047
A0A828GMR9,0.047
A0A3P1YIU5,0.047
A0A6D0IJB6,0.047
A0A376WXG5,0.047
A0A827HDI8,0.047
A0A7I0KQ88,0.047
A0A454A188,0.047
A0A484WSD8,0.047
A0A7L5P6K5,0.047
A0A484X732,0.047
A0A376JM02,0.047
A0A345ENF5,0.047
A0A1X3I3F9,0.047
A0A220SW44,0.047
A0A377K2U2,0.047
A0A142EBD5,0.047
A0A0F3UMV0,0.047
A0A2J7KRZ8,0.047
A0A6D1A785,0.047
A0A376TFK1,0.047
A0A2X1N939,0.047
A0A376DA30,0.047
A0A6N6WRF7,0.047
A0A376MS58,0.047
A0A167Y293,0.047
A0A6L7CP31,0.047
A0A0H2Z0F4,0.047
A0A828P918,0.047
A0A2X7V8D0,0.047
A0A4V1DS28,0.047
A0A3S4KBS6,0.047
A0A085NW54,0.047
A0A376WVJ8,0.047
A0A2X3JY65,0.047
A0A5C9A8G6,0.047
A0A2H4TKW1,0.047
A0A0H2VBZ3,0.047
A0A484Y2C2,0.047
A0A6L4XQM0,0.047
A0A789MAB8,0.047
A0A0F3VZ79,0.047
A0A2X3KI66,0.047
A0A6N9MUN5,0.047
A0A343J121,0.047
A0A2X3KCW7,0.047
A0A3Q8G827,0.047
A0A376ZWW7,0.047
A0A485JIU2,0.047
A0A377E1I3,0.047
A0A376LQ32,0.047
A0A377E2E6,0.047
A0A0H2XLI5,0.047
A0A5C9AAR0,0.047
A0A145YS06,0.047
A0A377E673,0.047
A0A376WCA4,0.047
A0A826SNS0,0.047
A0A484Y5P9,0.047
A0A376MHH9,0.047
A0A376RKI4,0.046
A0A1V2GC30,0.046
A0A0D7C0Q9,0.046
A0A0K4RH85,0.046
A0A2W6P8X0,0.046
A0A376U7E3,0.046
A0A377E398,0.046
A0A1M1YQJ9,0.046
A0A3S4JS44,0.046
A0A2X3LS11,0.046
A0A2A2C5B0,0.046
A0A376ZUQ5,0.046
A0A376KVA2,0.046
A0A6D0VIQ0,0.046
A0A376NXK9,0.046
A0A0B1MV19,0.046
A0A6L7A5P3,0.046
A0A6C9EHX8,0.046
A0A3Z6G2T9,0.046
A0A4C9G269,0.046
A0A2K0Q9P9,0.046
A0A210NUD2,0.046
A0A376YF52,0.046
A0A1X3IBQ9,0.046
A0A3L9G1E2,0.046
A0A1B3IRC8,0.046
A0A066Q0D9,0.046
A0A0K4SSD4,0.046
A0A5C9A8D2,0.046
A0A376L9S7,0.046
A0A2A2CGR7,0.046
A0A377KF78,0.046
A0A376MVR8,0.046
A0A376KP21,0.046
A0A6L6ZPL4,0.046
A0A0Q2YEN9,0.046
A0A6D1ACB8,0.046
A0A1V2GHK9,0.046
A0A418GIY7,0.046
A0A376W400,0.046
A0A376ZQS2,0.046
A0A0H3EY10,0.046
A0A0P7NCQ2,0.046
A0A376MQV6,0.046
A0A376UEP4,0.046
A0A793IKV4,0.046
A0A2K3TZ17,0.046
A0A5D8MT83,0.046
A0A0H3MM51,0.046
A0A6N8R8P4,0.046
A0A376TE70,0.046
A0A894Z0N2,0.046
A0A376TSM1,0.046
A0A3P1WJU6,0.046
A0A376D0N5,0.046
A0A2X1QCW9,0.046
A0A3L0YJX0,0.046
A0A2A2CAZ9,0.046
A0A811AQ52,0.046
A0A6D0INF5,0.046
A0A376UF21,0.046
A0A2P1H2J1,0.046
A0A2X1JAU4,0.046
A0A484YFP9,0.046
A0A2X3JU15,0.046
A0A376VC88,0.046
A0A0P7L839,0.046
A0A2U2UIJ6,0.046
A0A377HHD8,0.046
A0A061YI64,0.046
A0A0B1M2E7,0.046
A0A6D0IIU8,0.046
A0A075UIR6,0.046
A0A7H4YMS8,0.046
A0A0J3V7U9,0.046
A0A377K3W2,0.046
A0A3S4LH11,0.046
A0A0E0Y6L8,0.046
A0A377F809,0.046
A0A376L546,0.046
A0A191T952,0.046
A0A376NRT6,0.046
A0A2X7K3Y2,0.046
A0A377K1T3,0.046
A0A0H0PPX6,0.046
A0A377CC90,0.046
A0A0H3MJZ5,0.046
A0A0E1STX7,0.046
A0A6D1A7L2,0.046
A0A2W8CQI7,0.046
A0A6D1A898,0.046
A0A2X1N5U6,0.046
A0A377BBE6,0.046
A0A377DG60,0.046
A0A376KNB7,0.046
A0A376TME4,0.046
A0A377E015,0.046
A0A6N8QJ65,0.046
A0A0E0XXR8,0.046
A0A377D5C3,0.046
A0A376MIG3,0.046
A0A376RFK5,0.046
A0A376J9P5,0.046
A0A376UFD1,0.046
A0A6L4XTB4,0.046
A0A0K3S0G5,0.046
A0A7H4YH56,0.046
A0A3L0Y9Q6,0.046
A0A6N8NRN9,0.046
A0A376VED5,0.046
A0A376MH16,0.046
A0A3L9I0M9,0.046
A0A377DHK7,0.046
A0A6D0IPU1,0.046
A0A5P0JD22,0.046
A0A376MHZ5,0.046
A0A023KUI5,0.046
A0A376MSC3,0.046
A0A822TPX3,0.046
A0A3L0X734,0.046
A0A2S1J970,0.046
A0A418GFF2,0.046
A0A376NVD1,0.046
A0A376L2A3,0.046
A0A2S8K049,0.046
A0A478KLV9,0.046
A0A376TMI3,0.046
A0A376M075,0.046
A0A3L0Y6E4,0.046
A0A377D0V5,0.046
A0A140JY69,0.046
A0A024LAU1,0.046
A0A377A1Z5,0.046
A0A0E1SVS4,0.046
A0A376TEI5,0.046
A0A3S5I2U4,0.046
A0A376MC16,0.046
A0A385EN76,0.046
A0A6N0IGD9,0.046
A0A2S8JJ89,0.046
A0A484X865,0.046
A0A376VNB3,0.046
A0A075MGR1,0.046
A0A376UFQ8,0.046
A0A2A6PZY6,0.046
A0A0H2V943,0.046
A0A1X3I4T8,0.046
A0A6D0IIJ2,0.046
A0A178RJT6,0.046
A0A0X5FE64,0.046
A0A376WV02,0.046
A0A0B1MF30,0.046
A0A485JI83,0.046
A0A826X407,0.046
A0A2W6P9A8,0.046
A0A3W5Y8K3,0.046
A0A444R2M2,0.046
A0A2P9E0J7,0.046
A0A7H9LZ51,0.046
A0A6N8NSS0,0.046
A0A376MVT1,0.046
A0A376Y7A6,0.046
A0A085P7A9,0.046
A0A2P9EGY8,0.046
A0A376YJM9,0.046
A0A0K3X4D2,0.046
A0A0A3USN4,0.046
A0A828L7T4,0.046
A0A376LLN0,0.046
A0A2R4KL83,0.046
A0A377DWF1,0.046
A0A376ZZU4,0.046
A0A5N3CYA6,0.046
A0A288XFH5,0.046
A0A827VTU6,0.046
A0A2R3NLX2,0.046
A0A447X5W5,0.046
A0A377LCC8,0.045
A0A854JTZ0,0.045
A0A376UCW0,0.045
A0A839AWP6,0.045
A0A484YLT2,0.045
A0A2W6QA49,0.045
A0A444R0Y9,0.045
A0A5B9ABE8,0.045
A0A376NV72,0.045
A0A376LH93,0.045
A0A377F7A8,0.045
A0A6N8R338,0.045
A0A5N8HJH0,0.045
A0A377JXI1,0.045
A0A3L0VSA6,0.045
A0A447XWZ4,0.045
A0A2X1KA73,0.045
A0A2X1KW78,0.045
A0A140WYX4,0.045
A0A3L9G4G2,0.045
A0A377D6V4,0.045
A0A377CAH9,0.045
A0A1W5T802,0.045
A0A377C510,0.045
A0A3L0VVH7,0.045
A0A6L6ZXG3,0.045
A0A376PNJ6,0.045
A0A5C9APK6,0.045
A0A7U9ITB5,0.045
A0A776LB45,0.045
A0A1Y2ZLQ3,0.045
A0A376VYA0,0.045
A0A376VGD1,0.045
A0A6N9SIY9,0.045
A0A3P1XWE9,0.045
A0A376RQ33,0.045
A0A377AS34,0.045
A0A376ZDV8,0.045
A0A4V6Z2J0,0.045
A0A6D0K5S3,0.045
A0A4Q4HZ80,0.045
A0A0A2S0A7,0.045
A0A3L0Y8U5,0.045
A0A2S8JPP1,0.045
A0A6C9EI09,0.045
A0A7D3TCR0,0.045
A0A7H9NK62,0.045
A0A6N6WNN9,0.045
A0A0P7MBE7,0.045
A0A377AA42,0.045
A0A3L9G600,0.045
A0A5P0J7P6,0.045
A0A6C7GYK3,0.045
A0A447XHM7,0.045
A0A376U3V9,0.045
A0A899NEA0,0.045
A0A377D0Q0,0.045
A0A376TIE3,0.045
A0A7H1KSG8,0.045
A0A3L0YHL9,0.045
A0A0E0Y0B8,0.045
A0A3L0YA33,0.045
A0A1V2GC47,0.045
A0A2W6RBH7,0.045
A0A377D5C4,0.045
A0A418H9X5,0.045
A0A826XCD6,0.045
A0A853E522,0.045
A0A2T3SXV3,0.045
A0A7U9AT58,0.045
A0A2W6PBA3,0.045
A0A1L4J696,0.045
A0A5C9ADL2,0.045
A0A1V2GBM4,0.045
A0A377KHC4,0.045
A0A866WQD4,0.045
A0A376TEX7,0.045
A0A1V3CH37,0.045
A0A2X1IZB4,0.045
A0A6N6WPM5,0.045
A0A376L140,0.045
A0A376RIR5,0.045
A0A376ZTJ1,0.045
A0A3L0VWJ2,0.045
A0A377E3B5,0.045
A0A3L0Y9B2,0.045
A0A377E214,0.045
A0A376CZ62,0.045
A0A6C9EI68,0.045
A0A160HR01,0.045
A0A6L7A537,0.045
A0A7G2KID1,0.045
A0A6L7CN51,0.045
A0A376DA46,0.045
A0A167ZCX6,0.045
A0A828GN79,0.045
A0A3L9HLS8,0.045
A0A0C2APF1,0.045
A0A0C7DV37,0.045
A0A6N8NSA5,0.045
A0A1C0Y144,0.045
A0A377D9W1,0.045
A0A192C8N6,0.045
A0A0K4M6D3,0.045
A0A6D0J555,0.045
A0A376MGY1,0.045
A0A2A3VFU0,0.045
A0A485JMM1,0.045
A0A0H0MEC8,0.045
A0A3Z6GBU1,0.045
A0A2R4PEI5,0.045
A0A1V1FLK7,0.045
A0A376U2Y9,0.045
A0A0L7AND4,0.045
A0A077K645,0.045
A0A0F7LGM5,0.045
A0A0B0VXQ5,0.045
A0A444R986,0.045
A0A209ND16,0.045
A0A5C9AN81,0.045
A0A836ZBQ1,0.045
A0A1V2GI56,0.045
A0A377BYN8,0.045
A0A2V2LRX3,0.045
A0A3P1XHZ8,0.045
A0A377FAK4,0.045
A0A660HE02,0.045
A0A377HFW7,0.045
A0A6G1XQC6,0.045
A0A377AY91,0.045
A0A3L9H9X0,0.045
A0A2W6Q9M4,0.045
A0A376WAF1,0.045
A0A6M1DKQ6,0.045
A0A5B9AA59,0.045
A0A6D0ID03,0.045
A0A3L0VV39,0.045
A0A1V2GEA4,0.045
A0A444QZV4,0.045
A0A826X4V9,0.045
A0A826SQJ4,0.045
A0A485JF95,0.045
A0A376TDN9,0.045
A0A2X3M246,0.045
A0A377BN17,0.045
A0A6G4BUT3,0.045
A0A376RI14,0.045
A0A377CFK4,0.045
A0A377DXW4,0.045
A0A3W4K7C0,0.045
A0A828U684,0.045
A0A376WT48,0.045
A0A6L7C660,0.045
A0A376U388,0.045
A0A3L0VXR7,0.045
A0A377A0K8,0.045
A0A376KR78,0.045
A0A2H9EG40,0.045
A0A376PRJ2,0.045
A0A376TY65,0.045
A0A3L0VYL3,0.045
A0A827XR65,0.045
A0A0B1EES3,0.045
A0A377BNI4,0.045
A0A5C9AEP0,0.045
A0A3T7FGT5,0.045
A0A377CFV9,0.045
A0A6L6ZKI1,0.045
A7ZV79,0.045
A0A4T2NLP2,0.045
A0A376Q1N5,0.045
A0A077K5J2,0.045
A0A6N8QFE8,0.045
A0A2X1Q7I0,0.045
A0A3L0VX58,0.045
A0A377CWB1,0.045
A0A2S1JAA8,0.045
A0A1V3W1Q8,0.045
A0A3L9HUV7,0.045
A0A484YLR3,0.045
A0A418GKD5,0.045
A0A7A6W500,0.045
A0A2D0GNW8,0.045
A0A2S1J9L4,0.045
A0A2X3KA32,0.045
A0A0A8KEK7,0.045
A0A377AN68,0.045
A0A5P0JIG2,0.045
A0A2X3KAX8,0.045
A0A3L0W6C3,0.045
A0A1L4KZB6,0.045
A0A376UAN2,0.045
A0A6C9EHS5,0.045
A0A1X9TNV8,0.045
A0A376U4T1,0.045
A0A376ZFC0,0.044
A0A3W4K0H1,0.044
A0A343J142,0.044
A0A376RRP7,0.044
A0A2H9G4P6,0.044
A0A3U1VAY1,0.044
A0A3L0X8E6,0.044
A0A2X1P8Z7,0.044
A0A2X1N1F6,0.044
A0A376U9C3,0.044
A0A138XCR4,0.044
A0A376P738,0.044
A0A377CXA8,0.044
A0A377CYN8,0.044
A0A5P0JEP9,0.044
A0A066R3L6,0.044
A0A3S5FQ59,0.044
A0A376KNQ1,0.044
A0A454A9A1,0.044
A0A0B0VFS1,0.044
A0A3Y4Y733,0.044
A0A376TVX6,0.044
A0A376LJL7,0.044
A0A2X1KV75,0.044
A0A827UE08,0.044
A0A3Q0N4X3,0.044
A0A5C8XSD6,0.044
A0A142EBA6,0.044
A0A376K5A5,0.044
A0A376WW92,0.044
A0A3L9GXC7,0.044
A0A7U9AR49,0.044
A0A377D7K0,0.044
A0A126N557,0.044
A0A376YIW8,0.044
A0A0E0Y574,0.044
A0A343J128,0.044
A0A2A3UXJ9,0.044
A0A210B0T2,0.044
A0A5P0J6E6,0.044
A0A3P1X7A6,0.044
A0A0E0XWV5,0.044
A0A765S555,0.044
A0A4T8JGB0,0.044
A0A3S4JPM7,0.044
A0A7H9LTN0,0.044
A0A6D1AE36,0.044
A0A376M4C3,0.044
A0A377D4L7,0.044
A0A3P1X763,0.044
A0A6C9EI67,0.044
A0A485J8B7,0.044
A0A377F864,0.044
A0A192CEZ0,0.044
A0A377DP66,0.044
A0A7D3TCU6,0.044
A0A376K1D1,0.044
A0A066SSG5,0.044
A0A2K3TX05,0.044
A0A485JNB1,0.044
A0A376MQY1,0.044
A0A6N9MYV2,0.044
A0A6D0I9L7,0.044
A0A2P9EIG3,0.044
A0A376P1N3,0.044
A0A826X1T8,0.044
A0A377B1A6,0.044
A0A376ZI83,0.044
A0A376Y4T9,0.044
A0A376TFS9,0.044
A0A376L5L1,0.044
A0A3K3LA19,0.044
A0A376VYR9,0.044
A0A376UGR8,0.044
A0A2H4TMJ8,0.044
A0A3R1CAD7,0.044
A0A376J5L3,0.044
A0A7D3P486,0.044
A0A376RPJ7,0.044
A0A218N6H6,0.044
A0A418GB65,0.044
A0A3J9R7P3,0.044
A0A7A6VXD1,0.044
A0A377DCM4,0.044
A0A6G1XQ63,0.044
A0A377KF65,0.044
A0A1B1IL48,0.044
A0A3Q8VPK9,0.044
A0A376L9E6,0.044
A0A6D0IKM0,0.044
A0A377K7H5,0.044
A0A6N8NH69,0.044
A0A2X3KLV2,0.044
A0A377A4J2,0.044
A0A2A2CG44,0.044
A0A376SB18,0.044
A0A376JUJ3,0.044
A0A376LHT4,0.044
A0A086VKV0,0.044
A0A853K530,0.044
A0A377KAB3,0.044
A0A4D6PHG5,0.044
A0A890DCU4,0.044
A0A0C2BLD4,0.044
A0A376Y4K5,0.044
A0A377F602,0.044
A0A377AFL7,0.044
A0A377B984,0.044
A0A2X1KF73,0.044
A0A2X3KEN8,0.044
A0A2X1Q100,0.044
A0A6D0Y8G4,0.044
A0A0B0VRS9,0.044
A0A377CWY9,0.044
A0A376U6F7,0.044
A0A3L9IIS0,0.044
A0A765T255,0.044
A0A376VVR8,0.044
A0A376W0B5,0.044
A0A376MRL9,0.044
A0A232Q3I5,0.044
A0A827LMP3,0.044
A0A6C9QIL6,0.044
A0A7R6U293,0.044
A0A376LFZ1,0.044
A0A140WYE0,0.044
A0A0E0XWQ5,0.044
A0A6G5ZYJ1,0.044
A0A447Y430,0.044
A0A3K0QL37,0.044
A0A377KBX3,0.044
A0A2X1NI44,0.044
A0A140WYP0,0.044
A0A377DB19,0.044
A0A7D5G852,0.044
A0A376KJW8,0.044
A0A376TYN2,0.044
A0A0K3VI14,0.044
A0A376U4K1,0.044
A0A376TZF2,0.044
A0A484YC11,0.044
A0A0H3ZM48,0.044
A0A5P1MSQ8,0.044
A0A2X1KPY0,0.044
A0A376W2V1,0.044
A0A0E0Y998,0.044
A0A6L7CTS8,0.044
A0A376KM43,0.044
A0A377KAA8,0.044
A0A377BB25,0.044
A0A0E1SUY2,0.044
A0A2A2CG51,0.044
A0A376P190,0.044
A0A376WB64,0.044
A0A234WSA7,0.044
A0A0A3UJZ7,0.044
A0A484Z2G7,0.044
A0A2Z5VJN1,0.044
A0A0E2L780,0.044
A0A2X1PYE9,0.044
A0A7G3NR99,0.044
A0A376W1A6,0.044
A0A3P5DWG9,0.044
A0A0E1T267,0.044
A0A377AMA0,0.044
A0A376SB42,0.044
A0A418GJT0,0.044
A0A6N6WNZ3,0.044
A0A1V2ST42,0.044
A0A3S4KK32,0.044
A0A0N8ITW9,0.044
A0A0F3UZU8,0.044
A0A2H9A3V4,0.044
A0A2W6P9B8,0.044
A0A376LQH7,0.044
A0A0F3VYE8,0.044
A0A5F1U6D0,0.044
A0A2X1NAL5,0.044
A0A2H9EGJ5,0.044
A0A5B9AJX3,0.044
A0A3L0VU85,0.044
A0A485JN40,0.044
A0A5C8XTC3,0.044
A0A1E5M502,0.044
A0A2A3WMF1,0.044
A0A5B9SUM5,0.044
A0A3U0PK30,0.044
A0A2X3K870,0.044
A0A182BC10,0.044
A0A0M5DRI2,0.043
A0A2X1NTR2,0.043
A0A6N8K2G7,0.043
A0A376L1M6,0.043
A0A4Y5QAR4,0.043
A0A7T2N763,0.043
A0A3L9BKH8,0.043
A0A2U8T2R2,0.043
A0A2X1LCD9,0.043
A0A3L0W3V3,0.043
A0A377A2R8,0.043
A0A2W6R9F9,0.043
A0A7H9M0L4,0.043
A0A6N8R8M4,0.043
A0A376WYX8,0.043
A0A377F7C5,0.043
A0A0N9DZ92,0.043
A0A3L0VZ51,0.043
A0A0H2V987,0.043
A0A376NWK8,0.043
A0A061L3F4,0.043
A0A3L0W035,0.043
A0A376UHN4,0.043
A0A377APL4,0.043
A0A376J210,0.043
A0A376ZV89,0.043
A0A5C9AEB3,0.043
A0A377CHH6,0.043
A0A193M248,0.043
A0A6D1A849,0.043
A0A377E8D3,0.043
A0A0E2L128,0.043
A0A376P205,0.043
A0A2P6IMY4,0.043
A0A376KM08,0.043
A0A376LBB0,0.043
A0A0E1T452,0.043
A0A6N8NI17,0.043
A0A376U562,0.043
A0A2X1PUP7,0.043
A0A376ZSZ8,0.043
A0A827LNI3,0.043
A0A377KFQ3,0.043
A0A1M2NC04,0.043
A0A1X9QDA9,0.043
A0A0P7QWD8,0.043
A0A447XRI6,0.043
A0A377LAA6,0.043
A0A376RL84,0.043
A0A1V2GAU5,0.043
A0A376U8I3,0.043
A0A4U9UKU8,0.043
A0A3S4MMU3,0.043
A0A3G4RSZ9,0.043
A0A484YJJ0,0.043
A0A377B922,0.043
A0A6N8R4V4,0.043
A0A444R2I6,0.043
A0A3P5DKA6,0.043
A0A377K830,0.043
A0A2Z2J709,0.043
A0A3P1X7G7,0.043
A0A0E2L3M3,0.043
A0A7A7AAK7,0.043
A0A376TMM2,0.043
A0A376W1E5,0.043
A0A377BDZ9,0.043
A0A6L7CMM9,0.043
A0A791WGG2,0.043
A0A376P1C4,0.043
A0A827BBE6,0.043
A0A2X3JK17,0.043
A0A075ME13,0.043
A0A3L0W3W8,0.043
A0A7I9A8B4,0.043
A0A2R4PDX5,0.043
A0A7U5YWP6,0.043
A0A6D1ACI1,0.043
A0A1B2RBT0,0.043
A0A6G4PKB2,0.043
A0A376VA19,0.043
A0A6S6LHN1,0.043
A0A3T7CWJ2,0.043
A0A377ALV0,0.043
A0A3R0MVZ8,0.043
A0A5N8H3Q0,0.043
A0A0H2V653,0.043
A0A376LAJ1,0.043
A0A0E2L9B4,0.043
A0A6G6AMK3,0.043
A0A3L9HPE2,0.043
A0A3Z6GEC7,0.043
A0A5B9SXQ8,0.043
A0A2X1MAZ1,0.043
A0A075MEM3,0.043
A0A377C605,0.043
A0A376MLE4,0.043
A0A418H8Z7,0.043
A0A376K6H5,0.043
A0A0Q3YWL3,0.043
A0A377CHR0,0.043
A0A376L2J9,0.043
A0A2X7KH72,0.043
A0A377CW52,0.043
A0A417ZP93,0.043
A0A3L0W6L0,0.043
A0A827G4L0,0.043
A0A3L0W5R4,0.043
A0A376W758,0.043
A0A444QZV1,0.043
A0A3Z6GEA2,0.043
A0A2S8JQC5,0.043
A0A2W6PGX9,0.043
A0A6D0IWX8,0.043
A0A376KI15,0.043
A0A6L7CI30,0.043
A0A376U5C5,0.043
A0A479KQQ9,0.043
A0A061L552,0.043
A0A376G9X0,0.043
A0A3L9ILI8,0.043
A0A376CWJ2,0.043
A0A5C9ABD5,0.043
A0A377B010,0.043
A0A376J5L8,0.043
A0A376Y5V6,0.043
A0A376VIV1,0.043
A0A3L4JVG8,0.043
A0A2P9E0G1,0.043
A0A7H9NGG5,0.043
A0A085NVC6,0.043
A0A1X9QDF9,0.043
A0A140N6K8,0.043
A0A2U2V9C7,0.043
A0A6N8NPW0,0.043
A0A7H9NJP6,0.043
A0A377KEB0,0.043
A0A2H4TSY3,0.043
A0A0H2VDT8,0.043
A0A376U2A7,0.043
A0A2X7FIF8,0.043
A0A7A6UJL6,0.043
A0A826SRB4,0.043
A0A3L0X6V8,0.043
A0A8B3M7G1,0.043
A0A377K9M5,0.043
A0A376VY46,0.043
A0A377ARH3,0.043
A0A827DCJ9,0.043
A0A376LIK2,0.043
A0A6L7CS03,0.043
A0A0H2V8G1,0.043
A0A377L9N4,0.043
A0A828P4Z3,0.043
A0A444QZU4,0.043
A0A2X3M923,0.043
A0A447XRW6,0.043
A0A376S9I2,0.043
A0A376DBL2,0.043
A0A7U1E1S3,0.043
A0A418GS11,0.043
A0A6G9I0Z7,0.043
A0A2X1KVS4,0.043
A0A0K4W641,0.043
A0A376KHV7,0.043
A0A0C2DXC6,0.043
A0A376ZR48,0.043
A0A3L9G2W3,0.043
A0A7H9LNW3,0.043
A0A3K0WE94,0.043
A0A6G4LY13,0.043
A0A066SUW3,0.043
A0A376U6Q1,0.043
A0A6N8NRV5,0.043
A0A6N8QDE7,0.043
A0A376KSB3,0.043
A0A5N8HJV4,0.043
A0A2I8SG72,0.043
A0A6C9EEL7,0.043
A0A2W6P2V6,0.043
A0A418GSR4,0.042
A0A826X6Y9,0.042
A0A1M0ZH78,0.042
A0A1X0PAD1,0.042
A0A827QEI8,0.042
A0A899NBD2,0.042
A0A377F855,0.042
A0A376L3M1,0.042
A0A376X664,0.042
A0A0D4D8T2,0.042
A0A2X3KFD1,0.042
A0A142EB94,0.042
A0A6G2B5V4,0.042
A0A376KT86,0.042
A0A376LJH8,0.042
A0A3L0VT92,0.042
A0A192CDT2,0.042
A0A377K0E8,0.042
A0A376LNV8,0.042
A0A2X1LUR9,0.042
A0A641IWA2,0.042
A0A2I6K0G4,0.042
A0A5C9AA45,0.042
A0A376ZUC7,0.042
A0A6D0DB94,0.042
A0A376KLI9,0.042
A0A376L5H4,0.042
A0A826X5S1,0.042
A0A1M2ENR9,0.042
A0A6D0IFB1,0.042
A0A793J6F2,0.042
A0A827YEU9,0.042
A0A6D0K093,0.042
A0A0C5EU92,0.042
A0A6N8NQ31,0.042
A0A649YIF9,0.042
A0A6D1AHG7,0.042
A0A0B5CLE7,0.042
A0A2W6R899,0.042
A0A075UER6,0.042
A0A376U7U1,0.042
A0A1X3JFJ8,0.042
A0A1V2G9Q7,0.042
A0A1U9XFR5,0.042
A0A6G4JYJ0,0.042
A0A4Q4HRR9,0.042
A0A0A0GUD7,0.042
A0A376KUF1,0.042
A0A6N3EFB5,0.042
A0A3L9FN49,0.042
A0A2X1MRH3,0.042
A0A061L0A5,0.042
A0A377BYN4,0.042
A0A6C9EIK8,0.042
A0A377ALV6,0.042
A0A0E1T3W6,0.042
A0A376UF41,0.042
A0A2X1KIR4,0.042
A0A6G4KDJ0,0.042
A0A0A0R019,0.042
A0A376L7D5,0.042
A0A0K4RFN9,0.042
A0A6C9QHM0,0.042
A0A7U5TQ67,0.042
A0A376VPZ7,0.042
A0A376LQB4,0.042
A0A377DE01,0.042
A0A376KP11,0.042
A0A2X1P8S6,0.042
A0A2X3M0N9,0.042
A0A6G9I4A0,0.042
A0A5N8HGP5,0.042
A0A6D1ABI5,0.042
A0A6G4LR98,0.042
A0A2H4TLH7,0.042
A0A2X1JEY7,0.042
A0A1V2GHM1,0.042
A0A3S4K817,0.042
A0A0G9FX43,0.042
A0A3L9I2T0,0.042
A0A0P7L5D9,0.042
A0A444R5H6,0.042
A0A2A7LZ09,0.042
A0A418GLW1,0.042
A0A6N8NPR3,0.042
A0A377B9R9,0.042
A0A377DKZ0,0.042
A0A1V2G3T3,0.042
A0A0H3PU98,0.042
A0A2U2V5F1,0.042
A0A376L398,0.042
A0A484X0Z8,0.042
A0A444QZB2,0.042
A0A2X3K357,0.042
A0A836ZCD3,0.042
A0A2X1N6X3,0.042
A0A376U0S8,0.042
A0A6L7A627,0.042
A0A2R4KLN0,0.042
A0A7D5KZE3,0.042
A0A826TQR1,0.042
A0A376MI97,0.042
A0A6L7CMT4,0.042
A0A6L7A0Y8,0.042
A0A376WA68,0.042
A0A377C501,0.042
A0A6D0YA89,0.042
A0A0E2LFP8,0.042
A0A3P1WYK6,0.042
A0A3S4P2Z8,0.042
A0A2S0NSZ0,0.042
A0A377KCM6,0.042
A0A376K424,0.042
A0A376SDY5,0.042
A0A085NZY9,0.042
A0A7H9S5L9,0.042
A0A377HFU8,0.042
A0A418H3G1,0.042
A0A3L0VW64,0.042
A0A193M228,0.042
A0A0K3R167,0.042
A0A7D5JUF2,0.042
A0A376U3A4,0.042
A0A6L7CWM4,0.042
A0A6C9QJK9,0.042
A0A1X3JLG1,0.042
A0A484Y361,0.042
A0A209ND65,0.042
A0A066QAW9,0.042
A0A0V7X8L2,0.042
A0A418GIB3,0.042
A0A376KII7,0.042
A0A0C2B2U3,0.042
A0A376RQB8,0.042
A0A2X1KB95,0.042
A0A376FM76,0.042
A0A454AAT1,0.042
A0A377A567,0.042
A0A1M3RTM5,0.042
A0A3Q0MWB0,0.042
A0A377HHT1,0.042
A0A376U122,0.042
A0A6D1AEY5,0.042
A0A6L7A2H4,0.042
A0A377BP79,0.042
A0A377D455,0.042
A0A6N9SFW5,0.042
A0A891ZW48,0.042
A0A2X1KYH8,0.042
A0A376NRV1,0.042
A0A377K687,0.042
A0A377B0D8,0.042
A0A0B0VRD0,0.042
A0A2A3WMA8,0.042
A0A3K1A868,0.042
A0A366YED0,0.042
A0A826X5X8,0.042
A0A6L7A951,0.042
A0A3T9KWD6,0.042
A0A7T7K6P0,0.042
A0A376U8T1,0.042
A0A4S1ULD4,0.042
A0A3L9J8K4,0.042
A0A376RCB9,0.042
A0A403D7Y3,0.042
A0A7A6S4I3,0.042
A0A2X1Q1P2,0.042
A0A2X3K1D0,0.042
A0A6N8QEA5,0.042
A0A447XWB8,0.042
A7LG97,0.042
A0A192CA66,0.042
A0A377BK90,0.042
A0A7D7HDJ1,0.042
A0A2I6SSJ5,0.042
A0A1Q6ARM0,0.042
A0A827KXW0,0.042
A0A5C9AF10,0.042
A0A377BC79,0.042
A0A6N8NQC8,0.042
A0A2X1MMY2,0.042
A0A827LIA9,0.042
A0A376TNA0,0.042
A0A3Z6GE95,0.042
A0A7A4C6N0,0.042
A0A5P0JFJ5,0.042
A0A2W6Q5Z3,0.042
A0A2U2TUR6,0.042
A0A376P0R9,0.042
A0A377DNL8,0.042
A0A061KVL5,0.042
A0A376PVP7,0.042
A0A2X1MW51,0.042
A0A377BFK3,0.042
A0A1B3SP06,0.042
A0A066RG68,0.042
A0A376JZ96,0.042
A0A1M0PIT4,0.042
A0A3S4KNV7,0.042
A0A1X9QDB4,0.042
A0A6D0ILX3,0.042
A0A2X3K5V0,0.042
A0A271U8L7,0.042
A0A7U1E221,0.042
A0A1X3J191,0.042
A0A376L2F0,0.042
A0A6C9UPY4,0.042
A0A192CAT2,0.041
A0A6L7CIM7,0.041
A0A2X1N5E3,0.041
A0A377CY27,0.041
A0A6N8QLE2,0.041
A0A0N8IRM6,0.041
A0A6H1PX65,0.041
A0A376D196,0.041
A0A376JBZ6,0.041
A0A376TCG4,0.041
A0A0E0XVT5,0.041
A0A0H3EFZ2,0.041
A0A376SAH9,0.041
A0A0K3SD95,0.041
A0A376VF23,0.041
A0A2X1N1S3,0.041
A0A376WWU6,0.041
A0A377KD30,0.041
A0A377BTL6,0.041
A0A2X1PTA3,0.041
A0A376VC15,0.041
A0A376JZB7,0.041
A0A829L8S9,0.041
A0A6L9A9Y2,0.041
A0A3P1XVT3,0.041
A0A786LLH3,0.041
A0A5N8HEZ5,0.041
A0A377E2A9,0.041
A0A376YA41,0.041
A0A6G9I1V9,0.041
A0A7H4YR65,0.041
A0A0E0XXZ2,0.041
A0A376U8R4,0.041
A0A377F4S0,0.041
A0A0E0Y4X5,0.041
A0A376TRB5,0.041
A0A890DCJ4,0.041
A0A6D1AGT3,0.041
A0A3P1X6L1,0.041
A0A444R008,0.041
A0A3L0VS93,0.041
A0A376W3K0,0.041
A0A6L9ABD6,0.041
A0A418GY09,0.041
A0A376KZH2,0.041
A0A418HA94,0.041
A0A140WYT8,0.041
A0A0P7LTD7,0.041
A0A3P1XSB6,0.041
A0A377C1N0,0.041
A0A3L0W648,0.041
A0A376KL35,0.041
A0A0H2Z5J6,0.041
A0A0L6PGK1,0.041
A0A6C9EF11,0.041
A0A2A2CD64,0.041
A0A075MAX3,0.041
A0A2R4PEJ8,0.041
A0A376VQ21,0.041
A0A2X3JUP3,0.041
A0A2K1H2U1,0.041
A0A1Q6B2Q1,0.041
A0A444R2B8,0.041
A0A6N8NDM7,0.041
A0A778VKC3,0.041
A0A2P9DY74,0.041
A0A418H9Y9,0.041
A0A376LMN9,0.041
A0A093GET8,0.041
A0A2A2C9G8,0.041
A0A2R4AAH2,0.041
A0A377BGF6,0.041
A0A2X3KGJ5,0.041
A0A376Y991,0.041
A0A373F4K6,0.041
A0A376RL33,0.041
A0A3L0W2U3,0.041
A0A377KEY9,0.041
A0A7B0XFF3,0.041
A0A1M2EP76,0.041
A0A2H4TXN6,0.041
A0A3P1WQJ3,0.041
A0A3Z6GDS9,0.041
A0A5C9AT17,0.041
A0A0H2V4F6,0.041
A0A2X1M5A0,0.041
A0A2Z5VJI3,0.041
A0A037YN28,0.041
A0A377KF32,0.041
A0A2R4KLJ1,0.041
A0A826X1B6,0.041
A0A0H2V864,0.041
A0A3P1YJC6,0.041
A0A343J0D4,0.041
A0A0S3PN79,0.041
A0A377LIZ2,0.041
A0A6N8NRG6,0.041
A0A376VPD6,0.041
A0A376LPC3,0.041
A0A0L1C934,0.041
A0A377BX05,0.041
A0A377EAG2,0.041
A0A376TK70,0.041
A0A6M1DJV0,0.041
A0A376VTW0,0.041
A0A6C9EFL4,0.041
A0A377B1H9,0.041
A0A6N8NK20,0.041
A0A3P1WIB7,0.041
A0A376UDV9,0.041
A0A418GYI1,0.041
A0A3L9G5W6,0.041
A0A191T930,0.041
A0A2X1LSI0,0.041
A0A0K4X4P6,0.041
A0A6D1A7F4,0.041
A0A0P7SM30,0.041
A0A2X3JCT8,0.041
A0A0E2L0F2,0.041
A0A377AML4,0.041
A0A6L7CT19,0.041
A0A5P0JA70,0.041
A0A0H0H1D0,0.041
A0A418H9K4,0.041
A0A8B3M3E7,0.041
A0A376PR43,0.041
A0A377CVF1,0.041
A0A6N8NK03,0.041
A0A377AXF2,0.041
A0A485JJ17,0.041
A0A377F5C8,0.041
A0A2R4QFY5,0.041
A0A376MV08,0.041
A0A0E0Y4Y7,0.041
A0A0B1MXG8,0.041
A0A2S8JRG1,0.041
A0A0E3H167,0.041
A0A418G996,0.041
A0A2H9E6C9,0.041
A0A376ZV39,0.041
A0A2P9E6E3,0.041
A0A229JMM3,0.041
A0A0A8KG48,0.041
A0A376K1E4,0.041
A0A377DZN7,0.041
A0A0H0RN45,0.041
A0A0A8J694,0.041
A0A376KKX4,0.041
A0A376MKC5,0.041
A0A485JIX8,0.041
A0A1Q6ARM8,0.041
A0A836NHA9,0.041
A0A377BYX4,0.041
A0A377F527,0.041
A0A3P1XMU2,0.041
A0A877P4Q5,0.041
A0A0P0ST20,0.041
A0A0A8KCD2,0.041
A0A5P0J9Y9,0.041
A0A2X3K5C7,0.041
A0A6N8NR56,0.041
A0A6G4C679,0.041
A0A6L7F9V8,0.041
A0A0P7LR02,0.041
A0A2X3M2G9,0.041
A0A0N8ISB6,0.041
A0A0H2V7H7,0.041
A0A0H2Z0Z6,0.041
A0A0X5FD34,0.041
A0A0H2YX14,0.041
A0A343J0C3,0.041
A0A6D0DG65,0.041
A0A3A3EK96,0.041
A0A2X1P8M9,0.041
A0A1V2GI49,0.041
A0A376YET1,0.041
A0A376M4K6,0.041
A0A376L7M7,0.041
A0A826Z914,0.041
A0A2X1MXL0,0.041
A0A3L0YBK1,0.041
A0A6L7CCQ3,0.041
A0A376KZC9,0.041
A0A376TPL8,0.041
A0A6L9AAK6,0.041
A0A7G8AJC0,0.041
A0A376THH2,0.041
A0A141BR60,0.041
A0A444R8E2,0.041
A0A2X3K592,0.041
A0A377C657,0.041
B1IPL0,0.041
A0A3G1QC49,0.041
A0A093EAV4,0.041
A0A0B1H055,0.041
A0A0E2L830,0.041
A0A1X3IVU5,0.041
A0A376M9C1,0.041
A0A376U898,0.041
A0A376WCN7,0.041
A0A6D0IHB3,0.041
A0A0A0ZZG0,0.041
A0A376WDR5,0.041
A0A6D1A7G4,0.041
A0A376TS05,0.041
A0A2X1LDF5,0.041
A0A2X1KH85,0.041
A0A376PXG4,0.041
A0A2S1J6T7,0.041
A0A376TIJ2,0.041
A0A377C729,0.041
A0A377B7Y7,0.041
A0A376U2L9,0.041
A0A376MJM2,0.04
A0A377DW35,0.04
A0A140WYV7,0.04
A0A376DFZ9,0.04
A0A0H3PTK1,0.04
A0A377KAG7,0.04
A0A2I8SVG5,0.04
A0A376M3Y2,0.04
A0A0A8LDY3,0.04
A0A376MRS0,0.04
A0A6N8Q7Z9,0.04
A0A376VRV0,0.04
A0A0H3JJC9,0.04
A0A6L7CRN5,0.04
A0A377CVA2,0.04
A0A2X1NKA4,0.04
A0A0H3PW95,0.04
A0A6L7CQN0,0.04
A0A0H3MMN4,0.04
A0A2X1MUP3,0.04
A0A0K4FHF8,0.04
A0A0E3ZNV3,0.04
A0A377DE99,0.04
A0A376RMU0,0.04
A0A0E0Y1E2,0.04
A0A0N8IVM4,0.04
A0A1U9XEW5,0.04
A0A5C9AHQ5,0.04
A0A085P0E4,0.04
A0A3L0VU60,0.04
A0A418H504,0.04
A0A5C9A7M7,0.04
A0A2X1NA58,0.04
A0A6D1A7C9,0.04
A0A828P808,0.04
A0A5C9AMG6,0.04
A0A7I8Z0N3,0.04
A0A376JDF2,0.04
A0A7U1E1Y3,0.04
A0A377DVL9,0.04
A0A6N8R977,0.04
A0A826JAG3,0.04
A0A0E0Y3E0,0.04
A0A376RKJ8,0.04
A0A1X9TLZ2,0.04
A0A376K6I3,0.04
A0A376TSN4,0.04
A0A6N8NCE7,0.04
A0A236F620,0.04
A0A6L7CJX6,0.04
A0A0M5X0D2,0.04
A0A485JKW1,0.04
A0A024L3W3,0.04
A0A3L9I0G1,0.04
A0A376D1S8,0.04
A0A3L9I9H0,0.04
A0A376LPT7,0.04
A0A2H4TLW5,0.04
A0A6N6WTE0,0.04
A0A3W5A797,0.04
A0A7U9FUB2,0.04
A0A2R4AB48,0.04
A0A229ALN9,0.04
A0A2P9E0V7,0.04
A0A3G2WH86,0.04
A0A3L9IXP8,0.04
A0A343VQW7,0.04
A0A6N9SLK3,0.04
A0A168SR25,0.04
A0A2W6P015,0.04
A0A6N8QH48,0.04
A0A2W6RG88,0.04
A0A3L1JUC4,0.04
A0A2A2CGD2,0.04
A0A0P7Q9V1,0.04
A0A290JTS4,0.04
A0A0A0GEA5,0.04
A0A5P1MRS7,0.04
A0A377DPA1,0.04
A0A037YP10,0.04
A0A377LBS3,0.04
A0A376P7Z2,0.04
A0A376Q1B4,0.04
A0A6N8NGJ2,0.04
A0A376J8Q4,0.04
A0A376Y341,0.04
A0A6N8NT36,0.04
A0A376UDV2,0.04
A0A376LJV4,0.04
A0A6D1AFD9,0.04
A0A4D6PDS5,0.04
A0A0K4SHJ7,0.04
A0A376RQW8,0.04
A0A376TYY1,0.04
A0A0Q3EJN0,0.04
A0A828GVB7,0.04
A0A795A7T0,0.04
A0A376MLT0,0.04
A0A376NYT1,0.04
A0A1X9TP73,0.04
A0A826X8K4,0.04
A0A376TP18,0.04
A0A0E2LAT1,0.04
A0A1V2GK95,0.04
A0A2X1IMH5,0.04
A0A3Q0N5D3,0.04
A0A2X1NB63,0.04
A0A376HJU2,0.04
A0A0H2VCB4,0.04
A0A377BTC3,0.04
A0A7H1KUC5,0.04
A0A376RLK8,0.04
A0A0P7NHC3,0.04
A0A377DNE1,0.04
A0A0J2DR21,0.04
A0A3S4M991,0.04
A0A1U9ST14,0.04
A0A1X3I4E1,0.04
A0A376LBN8,0.04
A0A5N8H5Z7,0.04
A0A0F7TCU9,0.04
A0A826TD55,0.04
A0A2X1NAK9,0.04
A0A3L9I1C7,0.04
A0A828PB07,0.04
A0A660HE11,0.04
A0A6D0FAD8,0.04
A0A376HFY9,0.04
A0A6D0HV29,0.04
A0A5C9A846,0.04
A0A376YGE7,0.04
A0A376NUU8,0.04
A0A148HPV7,0.04
A0A837AIQ8,0.04
A0A2W6Q3L4,0.04
A0A3P5HAB9,0.04
A0A0H2V6Z3,0.04
A0A1X3IBG4,0.04
A0A826X452,0.04
A0A1X3IT98,0.04
A0A376U6X7,0.04
A0A2X3LSG6,0.04
A0A8A4XF14,0.04
A0A6L9ACW4,0.04
A0A377F6K0,0.04
A0A0K3LER9,0.04
A0A377CI15,0.04
A0A377DH36,0.04
A0A376KLC9,0.04
A0A5C8Y4F7,0.04
A0A1V2G9D8,0.04
A0A6D1ADI8,0.04
A0A075TAX5,0.04
A0A2H4TPK5,0.04
A0A6C9EE78,0.04
A0A418GME0,0.04
A0A376Y7J8,0.04
A0A2Y0ZMD5,0.04
A0A7U5THD7,0.04
A0A2X3JAK6,0.04
A0A377LBH4,0.04
A0A2X3KFX0,0.04
A0A376P1R1,0.04
A0A3L9HMH3,0.04
A0A5C9AJU4,0.04
A0A6D0H421,0.04
A0A376UGS3,0.04
A0A377AF40,0.04
A0A484YJ63,0.04
A0A376MHL5,0.04
A0A0E1TBD9,0.04
A0A2X3JLM9,0.04
A0A2X3JZ00,0.04
A0A418H6B6,0.04
A0A2W6Q5Q3,0.04
A0A377A0K9,0.04
A0A779ZIH4,0.04
A0A660HDJ0,0.04
A0A2W6Q516,0.04
A0A377E8N1,0.04
A0A172ERB1,0.04
A0A6N8R9F9,0.04
A0A376WC71,0.04
A0A660HDX5,0.04
A0A447XE67,0.04
A0A899NB07,0.04
A0A376YB29,0.04
A0A376RGW2,0.04
A0A0B0VKC8,0.04
A0A376MHW1,0.04
A0A660HKK5,0.04
A0A853WLB2,0.04
A0A7U5TGZ8,0.04
A0A0E2KWI0,0.04
A0A6N9SHV9,0.04
A0A377DBE5,0.04
A0A1X3HWY6,0.04
A0A376TT29,0.04
A0A0F3SB09,0.04
A0A6D0DK18,0.04
A0A377E3Y7,0.04
A0A1B1DR29,0.04
A0A377B7V6,0.039
A0A1X9Q9M5,0.039
A0A3L0W7J4,0.039
A0A0H3PVP3,0.039
A0A377BCL6,0.039
A0A376RCW8,0.039
A0A5P0JIY0,0.039
A0A828TY51,0.039
A0A377CV35,0.039
A0A376RR50,0.039
A0A377DAU6,0.039
A0A2X3K6V1,0.039
A0A266HXE8,0.039
A0A376U8Z4,0.039
A0A377LMA7,0.039
A0A3U0PKR9,0.039
A0A0S3PN26,0.039
A0A377D7U6,0.039
A0A376L9I3,0.039
A0A377K5Z1,0.039
A0A376MVF1,0.039
A0A377BCB9,0.039
A0A826WY73,0.039
A0A1V2G0W7,0.039
A0A192CLM4,0.039
A0A5N8H9E3,0.039
A0A418GPD9,0.039
A0A0B1MXD0,0.039
A0A3L2VIV4,0.039
A0A2R4AB54,0.039
A0A377K156,0.039
A0A0F3UFG6,0.039
A0A3L0VXJ8,0.039
A0A2X1N5R3,0.039
A0A376NUE8,0.039
A0A2X1MVJ6,0.039
A0A2W8D9A8,0.039
A0A376X5L5,0.039
A0A376WU33,0.039
A0A376WTW9,0.039
A0A891ZW04,0.039
A0A5C9A9R1,0.039
A0A0H2YZA3,0.039
A0A376W783,0.039
A0A3S4P4B1,0.039
A0A829KZL3,0.039
A0A0D8WHG7,0.039
A0A7A6Q994,0.039
A0A0B0SQW7,0.039
A0A376VB17,0.039
A0A828TZ57,0.039
A0A376WY04,0.039
A0A0C2E8T7,0.039
A0A377E5J6,0.039
A0A376U881,0.039
A0A376VMI5,0.039
A0A0H3EGT7,0.039
A0A6N8QR40,0.039
A0A376Y8I5,0.039
A0A376L8X9,0.039
A0A377E4G9,0.039
A0A377BSH8,0.039
A0A0P7N1E7,0.039
A0A484Y3A8,0.039
A0A377D3E5,0.039
A0A7T7K6L9,0.039
A0A6D0IL44,0.039
A0A377CYA4,0.039
A0A0J2D4M4,0.039
A0A485JG50,0.039
A0A828GQ47,0.039
A0A3P1Y0H0,0.039
A0A828AK44,0.039
A0A2X1P0A0,0.039
A0A376TH47,0.039
A0A7H9SIB4,0.039
A0A0H3PNR3,0.039
A0A6G4CF19,0.039
A0A3U0T4E3,0.039
A0A3L0VSP9,0.039
A0A826X2F5,0.039
A0A0M4NIJ4,0.039
A0A418H537,0.039
A0A7G2KHK0,0.039
A0A485J8J0,0.039
A0A828NZB2,0.039
A0A7L8K9X6,0.039
A0A2X3JW02,0.039
A0A765T226,0.039
A0A376TZI4,0.039
A0A376TMK3,0.039
A0A4U3LF64,0.039
A0A0H2Z276,0.039
A0A376KK92,0.039
A0A6C9Q9I2,0.039
A0A3L0VX85,0.039
A0A376RT98,0.039
A0A5N8HMU4,0.039
A0A191T8Y5,0.039
A0A330AUP0,0.039
A0A0V9MKL9,0.039
A0A0C2F2H7,0.039
A0A2S8JK90,0.039
A0A3L9EKL9,0.039
A0A074QF51,0.039
A0A418H895,0.039
A0A6L7CRL6,0.039
A0A0E1SW89,0.039
A0A0J8X0T2,0.039
A0A376MII6,0.039
A0A7H4YNR7,0.039
A0A783R9N6,0.039
A0A0E0XX60,0.039
A0A444R3V9,0.039
A0A5C8XTX9,0.039
A0A376YNI6,0.039
A0A0A8J750,0.039
A0A5P0JEQ6,0.039
A0A2Y0T1S0,0.039
A0A377D4D2,0.039
A0A8B3M5G9,0.039
A0A3L4X8T8,0.039
A0A376Y8E3,0.039
A0A447Y2I7,0.039
A0A377K0G2,0.039
A0A376HLR1,0.039
A0A6L7CM03,0.039
A0A7D5KMI4,0.039
A0A376UFT2,0.039
A0A3S4KIU4,0.039
A0A6D0IND3,0.039
A0A152ENC5,0.039
A0A376RDE9,0.039
A0A377A1K6,0.039
A0A6D0IHA0,0.039
A0A0A0GJP2,0.039
A0A2X1N962,0.039
A0A3L5HDV5,0.039
A0A7A2LRM4,0.039
A0A152C1U8,0.039
A0A418GXF5,0.039
A0A3L9G5G4,0.039
A0A826WX49,0.039
A0A376VH13,0.039
A0A376VZH4,0.039
A0A3L9G8B4,0.039
A0A037YI24,0.039
A0A6N8NJ57,0.039
A0A385ENH9,0.039
A0A376W5L5,0.039
A0A3L0W384,0.039
A0A346GM79,0.039
A0A3L0W5U2,0.039
A0A086UKR8,0.039
A0A6N6WTF0,0.039
A0A376W5G2,0.039
A0A7U9AR75,0.039
A0A376TLJ3,0.039
A0A2X3KD42,0.039
A0A0E2L0G4,0.039
A0A418GJG4,0.039
A0A376KJ16,0.039
A0A376DF79,0.039
A0A2H9EN51,0.039
A0A2R4KLQ0,0.039
A0A3L0W928,0.039
A0A418GD31,0.039
A0A376TVE8,0.039
A0A376RI78,0.039
A0A2S1J853,0.039
A0A6D1P045,0.039
A0A377LDZ5,0.039
A0A5P0JKM1,0.039
A0A377BPJ9,0.039
A0A376LJX2,0.039
A0A0P7L6I9,0.039
A0A7U1E3T5,0.039
A0A377CWZ7,0.039
A0A377C8N6,0.039
A0A6N0IMJ8,0.039
A0A377A4K9,0.039
A0A193LRM9,0.039
A0A5C9AHE9,0.039
A0A1L6W493,0.039
A0A166YAF7,0.039
A0A6C9EHH9,0.039
A0A6G4JZA1,0.039
A0A376MPS8,0.039
A0A0E0Y0Z2,0.039
A0A0E1SV08,0.039
A0A2A7M0N0,0.039
A0A376P7G7,0.039
A0A2X1L566,0.039
A0A6N0IKP6,0.039
A0A0L1BXE3,0.039
A0A377BWG1,0.039
A0A2X3M2I0,0.039
A0A418H824,0.039
A0A3L0W056,0.039
A0A444R0I1,0.039
A0A376L8T4,0.039
A0A0D6ZR85,0.039
A0A075MD20,0.039
A0A377CCV8,0.039
A0A485JFD7,0.039
A0A6D1ADH2,0.039
A0A192CCQ8,0.039
A0A085P140,0.039
A0A0L6ZG70,0.039
A0A376VQF6,0.039
A0A1L4J6G9,0.039
A0A376NR24,0.039
A0A418H9M9,0.038
A0A377E3A8,0.038
A0A2X3KI61,0.038
A0A0K4RG46,0.038
A0A3P5DLT9,0.038
A0A1L4J033,0.038
A0A3L9GUS6,0.038
A0A376W5L9,0.038
A0A376KVR0,0.038
A0A826THD5,0.038
A0A376KIW4,0.038
A0A3L0W7G9,0.038
A0A377BNS3,0.038
A0A444R011,0.038
A0A7L7EBM4,0.038
A0A377DQL0,0.038
A0A3S4NSC7,0.038
A0A0D8WJ09,0.038
A0A377AZX3,0.038
A0A6D0I9V6,0.038
A0A853JYX4,0.038
A0A376TJ94,0.038
A0A7G3NU26,0.038
A0A2X3K9M9,0.038
A0A5N3CR23,0.038
A0A3L0VUX9,0.038
A0A7H4YQL8,0.038
A0A126E3U3,0.038
A0A1X3HY88,0.038
A0A3L0W668,0.038
A0A1X0Y393,0.038
A0A6G6ALB6,0.038
A0A2X1PZF8,0.038
A0A1V2GJV6,0.038
A0A229AEW9,0.038
A0A766YYK4,0.038
A0A376L1A2,0.038
A0A376M5C3,0.038
A0A376LHW6,0.038
A0A0A6R8W9,0.038
A0A376ZHT6,0.038
A0A193LU31,0.038
A0A6D0IFJ9,0.038
A0A377A6G7,0.038
A0A6N0IPM0,0.038
A0A377DP37,0.038
A0A4U9UM20,0.038
A0A1Q6AVQ8,0.038
A0A377C2T9,0.038
A0A376J370,0.038
A0A5C9AII7,0.038
A0A1U9SSG0,0.038
A0A5C9AIX1,0.038
A0A2R4AAG4,0.038
A0A6C9EEZ0,0.038
A0A828GDA6,0.038
A0A6C9EH98,0.038
A0A376RHH5,0.038
A0A066T1B0,0.038
A0A376L9J3,0.038
A0A2X6IJA5,0.038
A0A085NW85,0.038
A0A3L0VV57,0.038
A0A6N8N982,0.038
A0A6N8QDT3,0.038
A0A376VSU6,0.038
A0A7A9QP09,0.038
A0A6L7CY15,0.038
A0A376TER7,0.038
A0A6N6WNU7,0.038
A0A2X3JL04,0.038
A0A0L7A3K3,0.038
A0A2D0GFJ9,0.038
A0A376TDS8,0.038
A0A024LBX2,0.038
A0A2U2V5H0,0.038
A0A376TTB4,0.038
A0A6L7A6X1,0.038
A0A0P7NNX3,0.038
A0A6D0IML2,0.038
A0A853WLU8,0.038
A0A376S8Q0,0.038
A0A0L7AGU2,0.038
A0A376KSG6,0.038
A0A376UC31,0.038
A0A0H2V7Y1,0.038
A0A376TW80,0.038
A0A4P8C093,0.038
A0A0C2E5M5,0.038
A0A377KAR3,0.038
A0A2X1P3B2,0.038
A0A376ML12,0.038
A0A3P5DV13,0.038
A0A7B4J4R7,0.038
A0A2X3M5B7,0.038
A0A3G1QC84,0.038
A0A3P1X662,0.038
A0A376X5H5,0.038
A0A5C9AKQ6,0.038
A0A6D0IP18,0.038
A0A024L8F2,0.038
A0A418GBV2,0.038
A0A377E6K5,0.038
A0A4U9UKC0,0.038
A0A376KU54,0.038
A0A085NYV8,0.038
A0A377K4H7,0.038
A0A3L9HIA2,0.038
A0A376MV37,0.038
A0A7H9M196,0.038
A0A3L0VSE1,0.038
A0A376WB35,0.038
A0A2X1NZ66,0.038
A0A829KYM9,0.038
A0A0P7MRW0,0.038
A0A376LPC8,0.038
A0A085P2V4,0.038
A0A444R0I4,0.038
A0A1X3IBN6,0.038
A0A376LNB4,0.038
A0A376SBE0,0.038
A0A6N9S608,0.038
A0A376YDE9,0.038
A0A3L9HS98,0.038
A0A5N8HIZ2,0.038
A0A0L1BU74,0.038
A0A7H1KQC4,0.038
A0A3L0VVS9,0.038
A0A376L4N1,0.038
A0A377F4F0,0.038
A0A376KSD1,0.038
A0A264Q8J1,0.038
A0A828M423,0.038
A0A160HS53,0.038
A0A447X3M2,0.038
A0A376ZY85,0.038
A0A6N8QJA1,0.038
A0A5N3CPM6,0.038
A0A6D0I8C1,0.038
A0A377E8Y1,0.038
A0A023KZ25,0.038
A0A0E0XXY8,0.038
A0A376YGP6,0.038
A0A3Q0MZE6,0.038
A0A2X3LNZ2,0.038
A0A3L0YEB2,0.038
A0A2X3K7Q9,0.038
A0A377HFS0,0.038
A0A376TRF2,0.038
A0A2X3M2A3,0.038
A0A4V4TSH1,0.038
A0A376TZJ4,0.038
A0A0C2FA41,0.038
A0A376MUC0,0.038
A0A0B1N018,0.038
A0A0E0XVY4,0.038
A0A1D8F3F0,0.038
A0A2H4TSB4,0.038
A0A066TB35,0.038
A0A2W6P048,0.038
A0A1Q6BEZ9,0.038
A0A0K4V938,0.038
A0A376TXY9,0.038
A0A793GUV7,0.038
A0A0J2D3H9,0.038
A0A765XB52,0.038
A0A3L0W7P8,0.038
A0A376RHR9,0.038
A0A7D7KHM3,0.038
A0A376VKR4,0.038
A0A377ALA8,0.038
A0A377CD59,0.038
A0A3P1XEB9,0.038
A0A376RJY1,0.038
A0A418GKU1,0.038
A0A376U803,0.038
A0A7A7YJ44,0.038
A0A829L2G7,0.038
A0A7G3NP82,0.038
A0A376W238,0.038
A0A377B206,0.038
A0A377LKL9,0.038
A0A376WWH9,0.038
A0A2X1KRS1,0.038
A0A377LLR4,0.038
A0A794VBW1,0.038
A0A795P0M3,0.038
A0A2S8JJ93,0.038
A0A376TVB6,0.038
A0A085NW91,0.038
A0A0H2V805,0.038
A0A376RPR7,0.038
A0A0H3MF48,0.038
A0A6N8NTC0,0.038
A0A447Y088,0.038
A0A827EM92,0.038
A0A377D9E9,0.038
A0A2X3KCI7,0.038
A0A3L0YC81,0.038
A0A2Z4G2W3,0.038
A0A377CKN5,0.038
A0A376MTL9,0.038
A0A140CLS0,0.038
A0A418GEH7,0.038
A0A0H3JD56,0.038
A0A3L0Y6P4,0.038
A0A376TT46,0.038
A0A444R588,0.038
A0A5F0Q9G1,0.038
A0A376WUJ9,0.038
A0A3P1X9V1,0.038
A0A0P7M850,0.038
A0A377K0G0,0.038
A0A343J1B9,0.038
A0A377AY18,0.038
A0A376U5K9,0.038
A0A0H2V439,0.038
A0A6M4AG39,0.038
A0A376SCE9,0.038
A0A479PSY6,0.038
A0A418GN79,0.038
A0A2X1PZE6,0.038
A0A418HA18,0.038
A0A6L6ZU05,0.038
A0A376MLG3,0.038
A0A444RF91,0.038
A0A6L7A6Y7,0.038
A0A3L5H2H9,0.038
A0A418GC01,0.038
A0A376RSK4,0.038
A0A6D0DPH0,0.038
A0A485JMI3,0.038
A0A2X3JAS5,0.038
A0A3L0VSB4,0.038
A0A376L0X3,0.038
A0A0A0GUU6,0.038
A0A0P7NM09,0.038
A0A3Z8JS27,0.038
A0A1X3J533,0.038
A0A1Q6AWP2,0.037
A0A444QZU0,0.037
A0A6L4XQR2,0.037
A0A376L102,0.037
A0A1X3I868,0.037
A0A3L0VWT6,0.037
A0A0E1SXE4,0.037
A0A376RJP9,0.037
A0A0B0VXT9,0.037
A0A377MXX8,0.037
A0A5C9ARL1,0.037
A0A3L0VUR7,0.037
A0A377DQ49,0.037
A0A484X380,0.037
A0A444R1R1,0.037
A0A485JDI9,0.037
A0A3L0WYE4,0.037
A0A376UEW5,0.037
A0A776LUB4,0.037
A0A376W5A3,0.037
A0A376P371,0.037
A0A765X9J7,0.037
A0A6G4JZH4,0.037
A0A826TFU0,0.037
A0A0Q3J9X1,0.037
A0A3P1WM93,0.037
A0A2S8JP44,0.037
A0A2X1NEV8,0.037
A0A7H9S0D5,0.037
A0A376K2E8,0.037
A0A376ZFA8,0.037
A0A6D0F4P0,0.037
A0A3W4K5R8,0.037
A0A3L0VZH5,0.037
A0A0H3PUS7,0.037
A0A1X3J143,0.037
A0A2A2BXI1,0.037
A0A2X3KKT0,0.037
A0A377E8M1,0.037
A0A6N0IRB5,0.037
A0A376U2T2,0.037
A0A827FYH1,0.037
A0A828N0W5,0.037
A0A6C9JUF3,0.037
A0A4T8IIF1,0.037
A0A376L5N9,0.037
A0A2X3K0N4,0.037
A0A418H7T1,0.037
A0A2X1MXL6,0.037
A0A377KC22,0.037
A0A6L6SES3,0.037
A0A0E1T2T9,0.037
A0A376KT06,0.037
A0A447XSB8,0.037
A0A3K0WJ00,0.037
A0A377DC06,0.037
A0A2X3JQ64,0.037
A0A6D0IJZ3,0.037
A0A827QJP8,0.037
A0A447XSC8,0.037
A0A811VS75,0.037
A0A066RGH5,0.037
A0A3L0W485,0.037
A0A6N8Q5X8,0.037
A0A0U1Y1T2,0.037
A0A418H9R1,0.037
A0A5N8HBS5,0.037
A0A377BC70,0.037
A0A066Q0T5,0.037
A0A2L0J9B3,0.037
A0A828AJ76,0.037
A0A377LCG8,0.037
A0A376NU57,0.037
A0A5C9AH45,0.037
A0A0H2YZU4,0.037
A0A376KLP5,0.037
A0A152UNI5,0.037
A0A271U1A1,0.037
A0A066RG15,0.037
A0A377AIP3,0.037
A0A377DS75,0.037
A0A3L0VZ08,0.037
A0A377BKG6,0.037
A0A0B5CTE8,0.037
A0A6N6WNY9,0.037
A0A1S6PTL2,0.037
A0A376YD64,0.037
A0A6C9QK62,0.037
A0A377DJP0,0.037
A0A3Q8VMF1,0.037
A0A7I6GYZ2,0.037
A0A061L6Q9,0.037
A0A3S4JTH7,0.037
A0A377HHG9,0.037
A0A418GS30,0.037
A0A377DJ31,0.037
A0A376KSZ6,0.037
A0A828U481,0.037
A0A0K3MMM8,0.037
A0A376YH69,0.037
A0A075MBL3,0.037
A0A377DQB3,0.037
A0A7A7BFX8,0.037
A0A377CDI6,0.037
A0A827E314,0.037
A0A3R1A978,0.037
A0A485JIU0,0.037
A0A2X1KG41,0.037
A0A376UG95,0.037
A0A3P1XYW9,0.037
A0A377DIU7,0.037
A0A828GV44,0.037
A0A827BSP8,0.037
A0A376UG06,0.037
A0A377BZZ3,0.037
A0A377C4U6,0.037
A0A7S8LV44,0.037
A0A5N8HKQ2,0.037
A0A385EN18,0.037
A0A5P0J9Y8,0.037
A0A826WWS4,0.037
A0A809T0Y3,0.037
A0A377KD51,0.037
A0A836NE51,0.037
A0A2X1QB39,0.037
A0A376M1V9,0.037
A0A384ZT78,0.037
A0A6D1AAV5,0.037
A0A6D1AIZ9,0.037
A0A6D0K628,0.037
A0A377C7K9,0.037
A0A792DD86,0.037
A0A377C734,0.037
A0A376X981,0.037
A0A6L9ABJ2,0.037
A0A3P1XAK8,0.037
A0A6D1AI47,0.037
A0A0H2VCC4,0.037
A0A6L7CGS1,0.037
A0A2X6C303,0.037
A0A828GIC6,0.037
A0A1X3HX11,0.037
A0A0L6ZX82,0.037
A0A376RDH7,0.037
A0A377B937,0.037
A0A0H3PQL0,0.037
A0A418GJN5,0.037
A0A037YNM7,0.037
A0A6D0FTY9,0.037
A0A6N7KF82,0.037
A0A5D1FJU5,0.037
A0A0A1AEE4,0.037
A0A377DCA2,0.037
A0A0D8W6M0,0.037
A0A484VTY1,0.037
A0A377K9G7,0.037
A0A6M9X1X0,0.037
A0A377KCS1,0.037
A0A376L158,0.037
A0A3L0VZE8,0.037
A0A376CSV7,0.037
A0A418H952,0.037
A0A418H7L3,0.037
A0A3V0Y9Z5,0.037
A0A5N8HM24,0.037
A0A8A6FTT8,0.037
A0A376U385,0.037
A0A828PGV0,0.037
A0A376J554,0.037
A0A828PIE4,0.037
A0A0E1T1K8,0.037
A0A6D1AG26,0.037
A0A066SVU4,0.037
A0A478KQW1,0.037
A0A3S4KHE5,0.037
A0A6L7CGI6,0.037
A0A1Q6BBP2,0.037
A0A376ZZL1,0.037
A0A6D0F867,0.037
A0A166U3X7,0.037
A0A5C9AQA3,0.037
A0A2X3JVQ0,0.037
A0A6D1A795,0.037
A0A376VJ91,0.037
A0A2Z2JIJ3,0.037
A0A1W1EM92,0.037
A0A066QJ48,0.037
A0A2H4TLB2,0.037
A0A0F3U4K5,0.037
A0A8B3M920,0.037
A0A2W8ACE3,0.037
A0A376LMN7,0.037
A0A6D0HDJ9,0.037
A0A376VXN0,0.037
A0A809SZJ7,0.037
A0A066T1S7,0.037
A0A2D2CLS5,0.037
A0A7U9AP33,0.037
A0A5C8XSQ4,0.037
A0A336U3X4,0.037
A0A376MGQ1,0.037
A0A6L7CMF9,0.037
A0A376KY21,0.037
A0A2Y8JWU6,0.037
A0A2H9EG98,0.037
A0A2W6PAQ7,0.037
A0A485JAT4,0.037
A0A0H2V8W1,0.037
A0A376UEY8,0.037
A0A2X3KHS3,0.037
A0A5C9ANK7,0.037
A0A3P5HBI5,0.037
A0A484WSE3,0.037
B0Z417,0.037
A0A6N9SHE6,0.037
A0A2W6Q198,0.037
A0A3L9HQW1,0.037
A0A377DHM5,0.037
A0A377BFR8,0.037
A0A376L3F3,0.037
A0A444R480,0.037
A0A0E0Y2Q1,0.037
A0A377AU04,0.037
A0A376LDN7,0.037
A0A7I0L1W1,0.037
A0A376MMJ8,0.037
A0A7L7EMI4,0.037
A0A418H6N1,0.037
A0A6D0IF93,0.037
A0A3L0VTH7,0.037
A0A085PB43,0.037
A0A377DNA9,0.037
A0A0V9H850,0.037
A0A243ZM69,0.037
A0A376KT31,0.037
A0A2X1KK88,0.037
A0A826X4B1,0.037
A0A376LJ52,0.037
A0A3G1QC39,0.037
A0A3L0W2L7,0.037
A0A3L0W4L2,0.037
A0A376U5G0,0.037
A0A377D2V4,0.037
A0A061KQW6,0.037
A0A2P9E087,0.037
A0A3L0WZ34,0.037
A0A0C2AKK6,0.036
A0A1X3J8B0,0.036
A0A6D0IKL5,0.036
A0A5C9ADX4,0.036
A0A376VXU0,0.036
A0A3S4K735,0.036
A0A3K2SN04,0.036
A0A444R537,0.036
A0A0K4V4T4,0.036
A0A0E0XZT4,0.036
A0A811ASD0,0.036
A0A376D3Q3,0.036
A0A6L7CLY4,0.036
A0A244B921,0.036
A0A377EHA2,0.036
A0A377AR55,0.036
A0A376TSM0,0.036
A0A485JEW6,0.036
A0A6L7CG82,0.036
A0A376J490,0.036
A0A192C7A3,0.036
A0A0A0FXU6,0.036
A0A1B3IRG5,0.036
A0A3P1XN29,0.036
A0A377D8Y1,0.036
A0A376WY64,0.036
A0A0E0Y8J2,0.036
A0A6L6ZT43,0.036
A0A376SAS3,0.036
A0A024LA00,0.036
A0A376MTZ7,0.036
A0A418H9Z0,0.036
A0A787WDN0,0.036
A0A7A7BNC3,0.036
A0A3L0VZL7,0.036
A0A2X1JH62,0.036
A0A2X1KUX7,0.036
A0A1X3J562,0.036
A0A377JZ48,0.036
A0A193LMB2,0.036
A0A0Q3CCT6,0.036
A0A0E1SWP8,0.036
A0A234KLL7,0.036
A0A6G4C815,0.036
A0A376KPW0,0.036
A0A6D1A7E0,0.036
A0A853KB19,0.036
A0A376DI34,0.036
A0A4V4UL31,0.036
A0A447XCL3,0.036
A0A376MRD4,0.036
A0A6D0IJN6,0.036
A0A484X284,0.036
A0A485J7V5,0.036
A0A0H2V4V9,0.036
A0A3G4RTY7,0.036
A0A376LB49,0.036
A0A085P5U9,0.036
A0A376TN88,0.036
A0A3L0VTY4,0.036
A0A5P0JIL0,0.036
A0A0A3TLH3,0.036
A0A444R273,0.036
A0A377C4Y8,0.036
A0A376L301,0.036
A0A0H2VGG0,0.036
A0A485JJT4,0.036
A0A2X1LV83,0.036
A0A2X8GPJ8,0.036
A0A2X1MYP7,0.036
A0A376L112,0.036
A0A418H9B3,0.036
A0A2S4A2I2,0.036
A0A061L5D2,0.036
A0A7U9QIS0,0.036
A0A377K331,0.036
A0A853K890,0.036
A0A2X1MUX5,0.036
A0A377BAJ8,0.036
A0A376ZN63,0.036
A0A377F4D6,0.036
A0A0K4CWZ2,0.036
A0A192C9P7,0.036
A0A377CUV2,0.036
A0A2K3TT17,0.036
A0A1Q6AYB4,0.036
A0A377BMB2,0.036
A0A0P7NJG7,0.036
A0A1X3HXF7,0.036
A0A1M0QEU7,0.036
A0A377A3K9,0.036
A0A376SAP6,0.036
A0A7A9JAG8,0.036
A0A2X3JW91,0.036
A0A0L1C8V6,0.036
A0A7L8KA04,0.036
A0A5N3CUD6,0.036
A0A7G9AA48,0.036
A0A0E0XXX0,0.036
A0A0P7NWN7,0.036
A0A6N8NIK2,0.036
A0A7U9LV86,0.036
A0A377BB90,0.036
A0A376RPQ7,0.036
A0A376KR21,0.036
A0A376DFD8,0.036
A0A3L0W330,0.036
A0A6D1AEH8,0.036
A0A1X3J3C1,0.036
A0A1X3HYI5,0.036
A0A1V1FWP6,0.036
A0A376VHT5,0.036
A0A785DWB7,0.036
A0A7A6ZY12,0.036
A0A7D5KG06,0.036
A0A2X1KA76,0.036
A0A0A7XZ22,0.036
A0A376CUQ0,0.036
A0A2H4TYF9,0.036
A0A377CE85,0.036
A0A376SBV6,0.036
A0A6M1DKF8,0.036
A0A376W9U1,0.036
A0A899NF04,0.036
A0A377BCG2,0.036
A0A6N6WPY5,0.036
A0A6N9S1M0,0.036
A0A7H9SAA3,0.036
A0A0P7LX42,0.036
A0A377DGU2,0.036
A0A0E2KZ38,0.036
A0A376J3A3,0.036
A0A385EMW7,0.036
A0A192CAF1,0.036
A0A4U9TZE9,0.036
A0A485JDI3,0.036
A0A3L0VU05,0.036
A0A376SAK8,0.036
A0A6D0IKP7,0.036
A0A7D5H315,0.036
A0A024L0H9,0.036
A0A376D8G8,0.036
A0A2D0AQX4,0.036
A0A2R4AH22,0.036
A0A376PVT8,0.036
A0A7L8KBF6,0.036
A0A6D0INZ0,0.036
A0A484YWA6,0.036
A0A2R4A8C5,0.036
A0A0H0ED64,0.036
A0A5C9AKM8,0.036
A0A377CJA1,0.036
A0A142EBB3,0.036
A0A3L0VUF9,0.036
A0A376LRB2,0.036
A0A376Y8W5,0.036
A0A1E5M6U6,0.036
A0A5C9AI98,0.036
A0A2A2C002,0.036
A0A376TTS6,0.036
A0A5C9ADE8,0.036
A0A7A9LE19,0.036
A0A828UFA3,0.036
A0A6D1AFR7,0.036
A0A2S1JHT0,0.036
A0A3L0W2M7,0.036
A0A2S8JZM3,0.036
A0A2X1N007,0.036
A0A3S6CTX4,0.036
A0A2X1M763,0.036
A0A2H9AB95,0.036
A0A1M2F0E1,0.036
A0A6L7CX66,0.036
A0A7A2XWF8,0.036
A0A3P1X3K0,0.036
A0A3L9G9B2,0.036
A0A376K7S6,0.036
A0A5N8HJN2,0.036
A0A418G9G3,0.036
A0A376TGJ1,0.036
A0A2X6PHP2,0.036
A0A6L7CHS9,0.036
A0A6D1ACT1,0.036
A0A377LGV7,0.036
A0A3P5HCQ6,0.036
A0A5C9ALU2,0.036
A0A7A7ZG60,0.036
A0A3P1WMN2,0.036
A0A0C5B392,0.036
A0A2P9E0J9,0.036
A0A376TGQ3,0.036
A0A3L0VWX7,0.036
A0A2I5SRJ4,0.036
A0A376P076,0.036
A0A3Z6GEC4,0.036
A0A377D0P3,0.036
A0A2X1Q6R5,0.036
A0A377D8H4,0.036
A0A377DMU7,0.036
A0A6D0HE17,0.036
A0A377B0E3,0.036
A0A6M9X1T9,0.036
A0A376FTT7,0.036
A0A418GLX1,0.036
A0A418H9F0,0.036
A0A5C8XTC8,0.036
A0A2W6PBS6,0.036
A0A377DGM6,0.036
A0A376NSK8,0.036
A0A2X2ZR89,0.036
A0A376NZ98,0.036
A0A3L0VX22,0.036
A0A5B9AQA8,0.036
A0A376W4Z0,0.036
A0A5B9AAQ7,0.036
A0A2H4TR26,0.036
A0A376UCN9,0.036
A0A418GNU6,0.036
A0A2R4PF04,0.036
A0A1M1CNZ8,0.036
A0A2X1Q9I2,0.036
A0A0H3MMQ5,0.036
A0A0C2AZN8,0.036
A0A377AXJ4,0.036
A0A024L2H8,0.036
A0A6C7H1X3,0.036
A0A6C7H188,0.036
A0A376P0W2,0.036
A0A376LNB6,0.036
A0A829LDY9,0.035
A0A376MIE3,0.035
A0A0D6GQ28,0.035
A0A376S880,0.035
A0A484Y971,0.035
A0A6G6AMG1,0.035
A0A826TU62,0.035
A0A1X3JH26,0.035
A0A193LNZ1,0.035
A0A0F6WGC2,0.035
A0A6L7CTP6,0.035
A0A376UD35,0.035
A0A418GZ32,0.035
A0A5C8XVN3,0.035
A0A3L0X266,0.035
A0A2L1F4K0,0.035
A0A1B2RBN9,0.035
A0A0E0Y3G1,0.035
B1J0M5,0.035
A0A140JXE1,0.035
A0A377A1R5,0.035
A0A0E1SUR7,0.035
A0A376P8S9,0.035
A0A484X2L1,0.035
A0A5C9AC84,0.035
A0A0B1MKB7,0.035
A0A148HG97,0.035
A0A377K461,0.035
A0A6C9EFP9,0.035
A0A1L6W3W2,0.035
A0A0D7H3I0,0.035
A0A418GXS8,0.035
A0A377CY49,0.035
A0A142EBS5,0.035
A0A5C8XU90,0.035
A0A6L7CK90,0.035
A0A376UC30,0.035
A0A376D1I3,0.035
A0A3L0Y9H3,0.035
A0A2X1MJC5,0.035
A0A826TSA4,0.035
A0A376W4G8,0.035
A0A376S8G8,0.035
A0A2H4TPV1,0.035
A0A3S4JU63,0.035
A0A376L2S6,0.035
A0A377DWZ6,0.035
A0A376TJV3,0.035
A0A2X1MZF5,0.035
A0A3L9FSA7,0.035
A0A086U0C2,0.035
A0A829L1A2,0.035
A0A7D3P5Q6,0.035
A0A0C2BJZ8,0.035
A0A3L9G4K0,0.035
A0A0B0VSK7,0.035
A0A376RR31,0.035
A0A376P1S5,0.035
A0A376FM99,0.035
A0A376UAM9,0.035
A0A0M1GUE8,0.035
A0A5B9AKH4,0.035
A0A6D1AHK4,0.035
A0A377LN01,0.035
A0A3L0W0K3,0.035
A0A376U8E0,0.035
A0A6D0V4U5,0.035
A0A377CHV5,0.035
A0A2X3K9Q5,0.035
A0A2X3JGZ2,0.035
A0A2P9E9U7,0.035
A0A2A2CD56,0.035
A0A376KWT9,0.035
A0A826X5Z4,0.035
A0A3L4JWS4,0.035
A0A6N8NC64,0.035
A0A2W6PC24,0.035
A0A376U2I9,0.035
A0A377DYD6,0.035
A1ABH2,0.035
A0A7H9NIU9,0.035
A0A376LQY0,0.035
A0A377CW02,0.035
A0A066SQE4,0.035
A0A2L1KTU6,0.035
A0A3P1XYX6,0.035
A0A6N8RCB6,0.035
A0A376ZQX1,0.035
A0A345N8F5,0.035
A0A376M2Z8,0.035
A0A838AMA6,0.035
A0A2P9EE52,0.035
A0A2Z4QK57,0.035
A0A377CDY9,0.035
A0A3L9IHZ1,0.035
A0A377DN63,0.035
A0A811VYX5,0.035
A0A2U9LD28,0.035
A0A1X3HWS6,0.035
A0A377BBA7,0.035
A0A7B8GL23,0.035
A0A377CLS0,0.035
A0A6N6WQ25,0.035
A0A376MVT6,0.035
A0A6D0IX74,0.035
A0A066PUN6,0.035
A0A6D0ILW7,0.035
A0A7L8KA44,0.035
A0A2X1LXR5,0.035
A0A6D0IHP2,0.035
A0A6D1AGJ0,0.035
A0A418GAH7,0.035
A0A376W0T4,0.035
A0A3L9IAF5,0.035
A0A485JBG3,0.035
A0A377DIT3,0.035
A0A1L2E121,0.035
A0A6D0IP01,0.035
A0A3P1WK02,0.035
A0A3L0VXQ8,0.035
A0A377BFU1,0.035
A0A890DJ43,0.035
A0A376SA84,0.035
A0A0F3V6A6,0.035
A0A0H3PHV5,0.035
A0A2X7N2B3,0.035
A0A0E0SRJ0,0.035
A0A377E0Z1,0.035
A0A485JEG0,0.035
A0A418G9J9,0.035
A0A3R1BAP4,0.035
A0A6N9N4F8,0.035
A0A447XEL1,0.035
A0A376D140,0.035
A0A3P1XNF0,0.035
A0A376TQA2,0.035
A0A485JNZ6,0.035
A0A376U601,0.035
A0A6D1AC03,0.035
A0A6C7GZT3,0.035
A0A377BGG1,0.035
A0A6N8NUC3,0.035
A0A0D7C0V9,0.035
A0A6D0F151,0.035
A0A376X0H5,0.035
A0A1U9XDT4,0.035
A0A827QJ15,0.035
A0A377MW95,0.035
A0A418H3A1,0.035
A0A3L0VY04,0.035
A0A2H4TTR1,0.035
A0A3L9G9A9,0.035
A0A0B1DXL7,0.035
A0A377K7Z2,0.035
A0A0H3PKM2,0.035
A0A148HQ22,0.035
A0A1X3ITP4,0.035
A0A2X1M8Q3,0.035
A0A2X3JAJ6,0.035
A0A447X296,0.035
A0A1X3JIV3,0.035
A0A0E1T2P4,0.035
A0A827BW35,0.035
A0A0E3KBL1,0.035
A0A1V2GFS7,0.035
A0A7B7CMY0,0.035
A0A3P1Y262,0.035
A0A376TGM9,0.035
A0A3S4KIJ7,0.035
A0A2X1Q1L6,0.035
A0A4V1DQU4,0.035
A0A2X3M361,0.035
A0A2X3JKT0,0.035
A0A826X8X1,0.035
A0A345N8G7,0.035
A0A376MLK9,0.035
A0A0C2EDB3,0.035
A0A811VTC9,0.035
A0A8B3M8S4,0.035
A0A376KM98,0.035
A0A3L0YAC3,0.035
A0A376ZK84,0.035
A0A0B0VH10,0.035
A0A7U5THI8,0.035
A0A2X3KBI8,0.035
A0A376L0F9,0.035
A0A2S1JB52,0.035
A0A6N8NPQ5,0.035
A0A7M1HX20,0.035
A0A2W6QX92,0.035
A0A376VR82,0.035
A0A5N8HGA7,0.035
A0A0H2VD92,0.035
A0A066T9V0,0.035
A0A7A6V973,0.035
A0A3S4KQZ7,0.035
A0A0J6AIC1,0.035
A0A3G4RTL1,0.035
A0A0K5XER7,0.035
A0A376YIX1,0.035
A0A2W6NUE1,0.035
A0A377DF30,0.035
A0A7G3NPQ8,0.035
A0A6L7CNV4,0.035
A0A377BY00,0.035
A0A3P1XM52,0.035
A0A142EC56,0.035
A0A377AYS8,0.035
A0A447XCD7,0.035
A0A376WS48,0.035
A0A7A7UXD7,0.035
A0A099B3B2,0.035
A0A376VH85,0.035
A0A899NEP5,0.035
A0A5P0JIB9,0.035
A0A140JY41,0.035
A0A0C2DK22,0.035
A0A2X1PHY9,0.035
A0A218N353,0.035
A0A7B7BLG1,0.035
A0A854C1P4,0.035
A0A5P0JI33,0.035
A0A829L4B8,0.035
A0A6C9QEK2,0.035
A0A210BJ93,0.035
A0A3S5DV60,0.035
A0A377DXH0,0.035
A0A6D1AAT3,0.035
A0A0B1N2F7,0.035
A0A1S4NYE6,0.035
A0A023LGN2,0.035
A0A6L7CTW6,0.035
A0A444R0A5,0.035
A0A6L7A1J9,0.035
A0A7I8ZTZ6,0.035
A0A172G8G6,0.035
A0A6D1ABW8,0.035
A0A376U7U0,0.035
A0A0P7N9L3,0.035
A0A7U9FSK9,0.035
A0A2I8SQB3,0.035
A0A140JY39,0.035
A0A376WTL3,0.035
A0A376VAM0,0.035
A0A1L4IUF9,0.035
A0A377CV55,0.035
A0A3L0W2Y7,0.035
A0A2Z5VJK0,0.035
A0A5C9A9V7,0.035
A0A1X3I3V6,0.035
A0A0H3JRS0,0.035
A0A061YHK8,0.035
A0A2H4TLE9,0.035
A0A3L0W2U7,0.035
A0A484VYC7,0.035
A0A376J5W2,0.035
A0A2X3JXI5,0.035
A0A6D0FAM0,0.035
A0A0B0W3C1,0.035
A0A5C9AMP1,0.035
A0A2X7QS84,0.035
A0A376UGB8,0.035
A0A5N8H8B9,0.035
A0A828U0L8,0.035
A0A3P1XBN5,0.035
A0A6N9SG48,0.035
A0A5C8XUC7,0.035
A0A377K3S9,0.035
A0A6D1A8N0,0.035
A0A377BI28,0.035
A0A5B9AAV3,0.035
A0A377KCZ7,0.035
A0A061L444,0.035
A0A5C9AH85,0.035
A0A376W4X2,0.035
A0A376VQQ8,0.035
A0A6L7A4X8,0.035
A0A7A7F578,0.035
A0A2X1LL21,0.035
A0A828G9D0,0.035
A0A3P1XWY4,0.035
A0A776QE50,0.034
A0A376TDZ2,0.034
A0A6C9EFT9,0.034
A0A1X9TPK2,0.034
A0A7H9NH61,0.034
A0A3L0VTY3,0.034
A0A6N6WNR2,0.034
A0A376VP75,0.034
A0A3L0WWQ6,0.034
A0A5N8HG91,0.034
A0A0B1MQF0,0.034
A0A376MLE7,0.034
A0A376KXT8,0.034
A0A377K1D2,0.034
A0A377B9J3,0.034
A0A2X1KH82,0.034
A0A7H9S415,0.034
A0A376SAM3,0.034
A0A0K5AI13,0.034
A0A376U9L4,0.034
A0A377CGV3,0.034
A0A6N6WQL6,0.034
A0A376TLT9,0.034
A0A376SXS0,0.034
A0A6D0EXM7,0.034
A0A811ARG0,0.034
A0A5B9SXR1,0.034
A0A828TYR3,0.034
A0A5C9AB42,0.034
A0A828U2W4,0.034
A0A418GWP0,0.034
A0A376WRT0,0.034
A0A376LAV4,0.034
A0A376ZVY3,0.034
A0A811ARP7,0.034
A0A6D0IXH9,0.034
A0A7I8Z5Y1,0.034
A0A6C9QCC0,0.034
A0A377KG34,0.034
A0A376LIW4,0.034
A0A403D3P8,0.034
A0A191T8Y7,0.034
A0A377BCN7,0.034
A0A376NUS2,0.034
A0A377E824,0.034
A0A3U0PJU4,0.034
A0A2X1JNP5,0.034
A0A6D1AF15,0.034
A0A376W5L3,0.034
A0A765TD71,0.034
A0A7A6NE26,0.034
A0A418HAD5,0.034
A0A376LPL5,0.034
A0A3L0VS97,0.034
A0A7I6H704,0.034
A0A1X3HY39,0.034
A0A6D0IN65,0.034
A0A447Y440,0.034
A0A377MST3,0.034
A0A6D1AIC1,0.034
A0A6N6WRA7,0.034
A0A3L0VZJ1,0.034
A0A3L0VWE6,0.034
A0A0H3ZP92,0.034
A7ZL65,0.034
A0A376MQ67,0.034
A0A3G4QTK1,0.034
A0A774P1E7,0.034
A0A811VVY8,0.034
A0A417ZYA8,0.034
A0A2H4TLB8,0.034
A0A376KY22,0.034
A0A0E1SXJ7,0.034
A0A5C9AGN8,0.034
A0A376U9F7,0.034
A0A1B2RB06,0.034
A0A376L9H4,0.034
A0A376MGZ8,0.034
A0A377BE69,0.034
A0A3L4Y5D7,0.034
A0A377JYU9,0.034
A0A376KZ10,0.034
A0A4P8C9K6,0.034
A0A6N8NTE5,0.034
A0A3L0VXS6,0.034
A0A418GEG1,0.034
A0A2W6NRB8,0.034
A0A376U2U4,0.034
A0A3S3YIP9,0.034
A0A0B0V1P4,0.034
A0A2J7N841,0.034
A0A1X3JJ90,0.034
A0A2R4AB37,0.034
A0A0E1T7K8,0.034
A0A376RKP5,0.034
A0A376LN54,0.034
A0A0E1SWC4,0.034
A0A447X8S8,0.034
A0A3P1XC50,0.034
A0A7U9FTM8,0.034
A0A2S8JVE2,0.034
A0A7U9FUP7,0.034
A0A2X1MIB7,0.034
A0A827FWN4,0.034
A0A066Q886,0.034
A0A6D1AFG4,0.034
A0A3Z6GDZ0,0.034
A0A1X0Y974,0.034
A0A6N8NFM2,0.034
A0A5C8XS44,0.034
A0A8B3M9D4,0.034
A0A2W8G6Q5,0.034
A0A223LKS8,0.034
A0A377C3F1,0.034
A0A376VCZ4,0.034
A0A6C9EEY0,0.034
A0A3A3EA34,0.034
A0A2X1NAQ2,0.034
A0A376TXE2,0.034
A0A5C9AAS3,0.034
A0A0H2VBL5,0.034
A0A2X1KU37,0.034
A0A376LK93,0.034
A0A826WYJ4,0.034
A0A479D3L9,0.034
A0A7G2KGE6,0.034
A0A3T3SPV6,0.034
A0A418GJB5,0.034
A0A1X3HYL8,0.034
A0A3L0VST1,0.034
A0A418GXZ4,0.034
A0A377B8Q5,0.034
A0A5C9APH8,0.034
A0A1X3HX64,0.034
A0A6D1AH33,0.034
A0A376U3Z7,0.034
A0A484VQM6,0.034
A0A376TLX0,0.034
A0A229AL31,0.034
A0A485JCS7,0.034
A0A2X1IW60,0.034
A0A1S0WXY6,0.034
A0A836NBP5,0.034
A0A229AL01,0.034
A0A5C8XTM8,0.034
A0A376RLH4,0.034
A0A2X6RIM9,0.034
A0A376LD39,0.034
A0A1U9XF01,0.034
A0A6L6ZZF6,0.034
A0A3P1WIY1,0.034
A0A1W1EM19,0.034
A0A377K1W4,0.034
A0A6D0DSY1,0.034
A0A6M4NSH9,0.034
A0A485JFJ8,0.034
A0A8B3M4M1,0.034
A0A2X1N2L4,0.034
A0A3L9IEX0,0.034
A0A6D0IL79,0.034
A0A414VNM9,0.034
A0A4D6PFK4,0.034
A0A0H2V3W0,0.034
A0A376ZY92,0.034
A0A853K6F0,0.034
A0A7A9SAK2,0.034
A0A3P1XXM0,0.034
A0A418GYL1,0.034
A0A3L0WZC9,0.034
A0A0J2D4P5,0.034
A0A6L6ZTL6,0.034
A0A1V2GGE6,0.034
A0A376VIR9,0.034
A0A3L0VU58,0.034
A0A376FU17,0.034
A0A376LLQ3,0.034
A0A1B2RBB7,0.034
A0A3P1XS84,0.034
A0A1X0YK50,0.034
A0A838AWB3,0.034
A0A0E0XSL7,0.034
A0A484X1X9,0.034
A0A327I3D3,0.034
A0A2X3K8G9,0.034
A0A2H5C0B9,0.034
A0A377KF73,0.034
A0A418HAG1,0.034
A0A6L7CY24,0.034
A0A6N8QAE9,0.034
A0A6N6WPG9,0.034
A0A2X1L068,0.034
A0A3L0W145,0.034
A0A6C9EHB3,0.034
A0A7A6R619,0.034
A0A6C9EHP3,0.034
A0A6D0ILD8,0.034
A0A376U7V3,0.034
A0A2X3JCT4,0.034
A0A1I9X910,0.034
A0A0F3UIS0,0.034
A0A3L0W779,0.034
A0A061YM16,0.034
A0A765TFE0,0.034
A0A0U2W034,0.034
A0A376JM94,0.034
A0A376P0Q4,0.034
A0A0D8W9F1,0.034
A0A3S7M9Q2,0.034
A0A377ADE5,0.034
A0A0H2VFR4,0.034
A0A3L0VW84,0.034
A0A376J434,0.034
A0A6L7CXJ2,0.034
A0A6C9QIG0,0.034
A0A2X1K7X1,0.034
A0A1E5M838,0.034
A0A2X1K9Z9,0.034
A0A6N6WNR0,0.034
A0A3P1N277,0.034
A0A0E0Y849,0.034
A0A377DEU1,0.034
A0A3L0VXX4,0.034
A0A811VN93,0.034
A0A5C9AHB0,0.034
A0A2H9EGK8,0.034
A0A376J6L1,0.034
A0A2Y8KFD3,0.034
A0A2X1PDM7,0.034
A0A376Y604,0.034
A0A826X6W3,0.034
A0A377DZ97,0.034
A0A377AQ87,0.034
A0A2X3LQX7,0.034
A0A376RNF8,0.034
A0A4Q0DPA0,0.034
A0A418H9N0,0.034
A0A377AYN9,0.034
A0A444QZJ7,0.034
A0A3P1XEX7,0.034
A0A142EB93,0.034
A0A377DTF2,0.034
A0A3L0Y6Z8,0.034
A0A377F583,0.034
A0A3P5DSG0,0.034
A0A142EBJ5,0.034
A0A376K2L0,0.033
A0A485J8Y5,0.033
A0A1W1EM66,0.033
A0A376KPV5,0.033
A0A377AN93,0.033
A0A444R0E6,0.033
A0A376U462,0.033
A0A0P7MTR7,0.033
A0A377HFV7,0.033
A0A376Y6Z7,0.033
A0A377CEY2,0.033
A0A7H9LTC6,0.033
A0A376L9R0,0.033
A0A376X459,0.033
A0A377DXH7,0.033
A0A346GIB9,0.033
A0A3P5E065,0.033
A0A6D1AJK0,0.033
A0A2R4PIT7,0.033
A0A377B0Y2,0.033
A0A6G4JZJ3,0.033
A0A2X1MGD1,0.033
A0A377K2G5,0.033
A0A447XZR2,0.033
A0A377E284,0.033
A0A3J1ZJF0,0.033
A0A376MPV5,0.033
A0A376RM68,0.033
A0A1X9TLR6,0.033
A0A376SB50,0.033
A0A6D0HHF1,0.033
A0A377D5L1,0.033
A0A376UEB5,0.033
A0A0E1L9S2,0.033
A0A377E0Q1,0.033
A0A376J2B7,0.033
A0A0K4X0W3,0.033
A0A7A7YND2,0.033
A0A037YGS5,0.033
A0A152BSU1,0.033
A0A2J1DHA2,0.033
A0A6C9EFF0,0.033
A0A377B8V0,0.033
A0A6C9EI19,0.033
A0A377HDS9,0.033
A0A2R4KLS1,0.033
A0A828U9W9,0.033
A0A0H3PPI0,0.033
A0A066RG48,0.033
A0A6D0IJF2,0.033
A0A0B1K1P8,0.033
A0A376YBM0,0.033
A0A6L7CME4,0.033
A0A4Q9CG56,0.033
A8KI82,0.033
A0A2U2TTI9,0.033
A0A6N8QE58,0.033
A0A0H2YYQ3,0.033
A0A376JXU6,0.033
A0A779UFT8,0.033
A0A376LE28,0.033
A0A827QLB8,0.033
A0A6D1A6U7,0.033
A0A2S1JDL0,0.033
A0A7U5TPW3,0.033
A0A377B4S9,0.033
A0A377BZF1,0.033
A0A377KDY6,0.033
A0A377E439,0.033
A0A376TUY9,0.033
A0A376W3B0,0.033
A0A2X1K6V0,0.033
A0A377C091,0.033
A0A5F1E957,0.033
A0A061KK51,0.033
A0A2H4TZE9,0.033
A0A2X1N7T1,0.033
A0A3L9FYG0,0.033
A0A1Y1CUZ6,0.033
A0A193LPY8,0.033
A0A376ZEC3,0.033
A0A377ALV8,0.033
A0A0H0E4D5,0.033
A0A376CRL3,0.033
A0A7L5V730,0.033
A0A377DIW6,0.033
A0A376RQH0,0.033
A0A376ZZZ5,0.033
A0A377MTJ5,0.033
A0A377CV95,0.033
A0A6G6AKH4,0.033
A0A2W6PD77,0.033
A0A234B7Z3,0.033
A0A5C9AHF3,0.033
A0A6N0IQV4,0.033
A0A826X2L7,0.033
A0A3P1Y792,0.033
A0A376L7Z3,0.033
A0A376TT66,0.033
A0A2I5SYH0,0.033
A0A376W286,0.033
A0A140JY43,0.033
A0A0H3PY03,0.033
A0A376TNX9,0.033
A0A484YA04,0.033
A0A0N8IRL5,0.033
A0A377JXY2,0.033
A0A193LSE7,0.033
A0A376MR52,0.033
A0A3L0VYN3,0.033
A0A377D1N0,0.033
A0A6D0INK3,0.033
A0A377LFR7,0.033
A0A1V2GCG6,0.033
A0A085P009,0.033
A0A3P1WK45,0.033
A0A376RE86,0.033
A0A6N6WQQ4,0.033
A0A6N8QK00,0.033
A0A6D0G1T9,0.033
A0A3L0W6R4,0.033
A0A2X1QC53,0.033
A0A3S4K3F8,0.033
A0A411JIM7,0.033
A0A5N8HH23,0.033
A0A3L0W572,0.033
A0A1X3I0M2,0.033
A0A376Y966,0.033
A0A376VB19,0.033
A0A0H2V685,0.033
A0A192C6E2,0.033
A0A376U8X4,0.033
A0A6N8NK92,0.033
A0A418H795,0.033
A0A2H4TKU8,0.033
A0A192CG36,0.033
A0A377BRG2,0.033
A0A376KT66,0.033
A0A0H3EFY7,0.033
A0A376YF78,0.033
A0A1U9XFW2,0.033
A0A0H3PGD1,0.033
A0A6L7CLF4,0.033
A0A1Q6BC43,0.033
A0A376W3Q2,0.033
A0A377C5H2,0.033
A0A6D0XVP5,0.033
A0A377A971,0.033
A0A2Z2JES1,0.033
A0A1L4J635,0.033
A0A191T937,0.033
A0A484YTH0,0.033
A0A0J2D7F2,0.033
A0A376P5E9,0.033
A0A418H9G3,0.033
A0A376TQ53,0.033
A0A376L1E2,0.033
A0A2X1LD52,0.033
A0A377BSI4,0.033
A0A484YHU6,0.033
A0A1X3I6X1,0.033
A0A828P0J5,0.033
A0A0Q3B2P9,0.033
A0A484YX40,0.033
A0A377D7R8,0.033
A0A826T8R4,0.033
A0A5P0JJ53,0.033
A0A3W5Y551,0.033
A0A485JGZ7,0.033
A0A376MTE0,0.033
A0A0E2L7I1,0.033
A0A3L0X4R7,0.033
A0A828PGA4,0.033
A0A376WAZ3,0.033
A0A1X3I4W5,0.033
A0A376U6F6,0.033
A0A6L7CPG3,0.033
A0A2X3LMZ2,0.033
A0A1U9T4B1,0.033
A0A376RDJ6,0.033
A0A0A3TPV9,0.033
A0A376NUK8,0.033
A0A0K3UGI6,0.033
A0A0K4UI35,0.033
A0A5N8H9G6,0.033
A0A376YDR0,0.033
A0A376SB37,0.033
A0A377D7P3,0.033
A0A1X3I0W2,0.033
A0A0A8LC79,0.033
A0A3L0VYP1,0.033
A0A485JHL0,0.033
A0A0H0L7Z9,0.033
A0A6C9EJ21,0.033
A0A3L0VWG1,0.033
A0A6M4DTY8,0.033
A0A376L457,0.033
A0A2X1N8X5,0.033
A0A0E0Y2G7,0.033
A0A075UEL0,0.033
A0A0A1AIX3,0.033
A0A418GGQ4,0.033
A0A6N6WS40,0.033
A0A2A6QAQ8,0.033
A0A485JDQ0,0.033
A0A418GFX5,0.033
A0A376K431,0.033
A0A6L7CNS5,0.033
A0A0L1BKI2,0.033
A0A484YHG0,0.033
A0A6L7CG88,0.033
A0A376K3D5,0.033
A0A126E3V5,0.033
A0A1X3HWT7,0.033
A0A6D1A5Y8,0.033
A0A417ZNG6,0.033
A0A826J237,0.033
A0A6D1A5Z8,0.033
A0A376LLL0,0.033
A0A1X9TLI1,0.033
A0A6D1A8V5,0.033
A0A2X1Q812,0.033
A0A0H3JE07,0.033
A0A6L7CMI8,0.033
A0A2I8SUS1,0.033
A0A377D9X0,0.033
A0A826TJY2,0.033
A0A377BE36,0.033
A0A024L565,0.033
A0A418GRI4,0.033
A0A160HRS3,0.033
A0A0H2XKQ2,0.033
A0A484YHT3,0.033
A0A192CGV9,0.033
A0A024L1L5,0.033
A0A0Q2ZZG5,0.033
A0A418GWQ2,0.033
A0A418H7K2,0.033
A0A1V2FYH8,0.033
A0A0E0SRS7,0.033
A0A2X3K7Q3,0.033
A0A346GSI0,0.033
A0A418H9Z6,0.033
A0A5B8HU59,0.033
A0A376RQ30,0.033
A0A343J0F3,0.033
A0A7U9LWC0,0.033
A0A1L4IUB6,0.033
A0A6D0IKP4,0.033
A0A6H1Q4S4,0.033
A0A376W5H9,0.033
A0A2W6PAB2,0.033
A0A829L934,0.033
A0A0E0XU38,0.033
A0A376MI33,0.033
A0A061KVK9,0.033
A0A377D525,0.033
A0A418GB66,0.033
A0A377DKH0,0.033
A0A853K6H2,0.033
A0A828UAR2,0.033
A0A376L5Q7,0.033
A0A066TA89,0.033
A0A7U9IT09,0.033
A0A2W6NZ59,0.033
A0A418H962,0.033
A0A085NYU5,0.033
A0A7B7GQT6,0.033
A0A7H9LXK6,0.033
A0A376WZM7,0.033
A0A7H9LRY2,0.033
A0A6D1AI82,0.033
A0A376MSY1,0.033
A0A135XXB6,0.033
A0A376LQC5,0.033
A0A377LD74,0.033
A0A376U236,0.033
A0A0P7M6A8,0.032
A0A2P9EDD2,0.032
A0A6D0BU68,0.032
A0A826WZ01,0.032
A0A376KPF3,0.032
A0A485J9V2,0.032
A0A0D7C2N0,0.032
A0A377DLG3,0.032
A0A6N6WNU6,0.032
A0A6N8NTA0,0.032
A0A826XEV3,0.032
A0A1X3HXA9,0.032
A0A376TXW2,0.032
A0A444R0B2,0.032
A0A377D0Q7,0.032
B0EYM0,0.032
A0A140WYG5,0.032
A0A7H9S3R8,0.032
A0A6D0C917,0.032
A0A6L9AAN9,0.032
A0A0C5AZY8,0.032
A0A1X0YIK8,0.032
A0A7U9IWZ1,0.032
A0A376KIQ4,0.032
A0A6F7YCG6,0.032
A0A3R8LJP9,0.032
A0A3L0W7B7,0.032
A0A377CBD9,0.032
A0A376TLZ5,0.032
A0A3P5DXI7,0.032
A0A191T910,0.032
A0A377C3D2,0.032
A0A243ZRL8,0.032
A0A376ZQT3,0.032
A0A6D1AI86,0.032
A0A377B8R8,0.032
A0A376KL90,0.032
A0A8B3M9P6,0.032
A0A6C9EGY9,0.032
A0A377E9G5,0.032
A0A6C7H0Z7,0.032
A0A6L7AAL5,0.032
A0A7S8SIK5,0.032
A0A377LC31,0.032
A0A3P5DWB0,0.032
A0A377KE43,0.032
A0A377CBK8,0.032
A0A6G4C5J6,0.032
A0A376WVR8,0.032
A0A822TR03,0.032
A0A8A5TI69,0.032
A0A376KQU7,0.032
A0A2X1Q5F0,0.032
A0A4D4F2Y9,0.032
A0A6N8QQ78,0.032
A0A2X7JXI6,0.032
A0A792IFX7,0.032
A0A2X5V561,0.032
A0A3L0VT30,0.032
A0A2U2VTA1,0.032
A0A376FX45,0.032
A0A377BCG1,0.032
A0A377C049,0.032
A0A024L6M9,0.032
A0A6D1AD23,0.032
A0A7D7P508,0.032
A0A444R0H8,0.032
A0A2X1LCV8,0.032
A0A376MRK4,0.032
A0A377F4X3,0.032
A0A826ZAR9,0.032
A0A7A6LVI7,0.032
A0A6S6LFE7,0.032
A0A3L0YJU9,0.032
A0A376KYG5,0.032
A0A376TQM9,0.032
A0A2H5BZP5,0.032
A0A2X3LU30,0.032
A0A376TNI4,0.032
A0A828ALG5,0.032
A0A0A0GU46,0.032
A0A377B6C2,0.032
A0A0K4S9C0,0.032
A0A376KXN7,0.032
A0A376Q2Q4,0.032
A0A377DPW4,0.032
A0A086UVR3,0.032
A0A376RGD2,0.032
A0A376L1R6,0.032
A0A6D0DW48,0.032
A0A0Q3HDY3,0.032
A0A3L1NP45,0.032
A0A376TDY1,0.032
A0A066QZ48,0.032
A0A3L0VYF8,0.032
A0A6N8NRI6,0.032
A0A067HKY0,0.032
A0A2X3KJA3,0.032
A0A3L9G6E4,0.032
A0A345DKS4,0.032
A0A1X3JH39,0.032
A0A6C9EIC5,0.032
A0A376CVS0,0.032
A0A5C0E3B3,0.032
A0A6D1AI06,0.032
A0A376MLN4,0.032
A0A403KKT1,0.032
A0A377D989,0.032
A0A2W6RAQ6,0.032
A0A4D1KBM9,0.032
A0A376ZPZ9,0.032
A0A377K0W6,0.032
A0A6D0Y4A5,0.032
A0A377DHS3,0.032
A0A3Q0N685,0.032
A0A377DY24,0.032
A0A3L0W620,0.032
A0A3L0W5S0,0.032
A0A6L7CTC8,0.032
A0A376RRW4,0.032
A0A0A0GQ83,0.032
A0A271UA19,0.032
A0A2S1J9E6,0.032
A0A0H3Q2Y8,0.032
A0A7U5THE7,0.032
A0A3S4KNX0,0.032
A0A6N8NT61,0.032
A0A376L8T7,0.032
A0A6D1A988,0.032
A0A377CDR2,0.032
A0A376TQJ6,0.032
A0A143E5W9,0.032
A0A6M4NZH4,0.032
A0A6D0IML5,0.032
A0A484YCK6,0.032
A0A454AAS3,0.032
A0A1V2GBV5,0.032
A0A3P1XKC4,0.032
A0A5C9AC11,0.032
A0A3W4K7H3,0.032
A0A793CU92,0.032
A0A2I8SWA7,0.032
A0A2Y8HPN9,0.032
A0A3K3NHR8,0.032
A0A5F1E4F8,0.032
A0A377CYG8,0.032
A0A400LYA7,0.032
A0A1V2GC78,0.032
A0A1V2G1C4,0.032
A0A0H2VC00,0.032
A0A5C9AIU4,0.032
A0A484X5E5,0.032
A0A6N8NRQ6,0.032
A0A061KIG4,0.032
A0A4U9TEM2,0.032
A0A0H2XKV3,0.032
A0A5B9ACM9,0.032
A0A0M5X0K3,0.032
A0A7H4YQU5,0.032
A0A5B9SU05,0.032
A0A377DSY8,0.032
A0A377D074,0.032
A0A0E1SW14,0.032
A0A369FK08,0.032
A0A444R909,0.032
A0A376MD08,0.032
A0A7A9JV70,0.032
A0A376DEW4,0.032
A0A1Q6AY24,0.032
A0A3L0Y6Z2,0.032
A0A376TP44,0.032
A0A376RP91,0.032
A0A0L1BRZ6,0.032
A0A193LNU8,0.032
A0A376TF01,0.032
A0A376LKV9,0.032
A0A376L0Q9,0.032
A0A4T8TJ78,0.032
A0A377CZV2,0.032
A0A376WA30,0.032
A0A792HRG1,0.032
A0A0X5GYE9,0.032
A0A376VUV2,0.032
A0A484YXB7,0.032
A0A827YD61,0.032
A0A6D0IYB5,0.032
A0A3L0W9L6,0.032
A0A2Y8NYR8,0.032
A0A376KK87,0.032
A0A0L6Y0G8,0.032
A0A2W6P9I6,0.032
A0A7U9LTB5,0.032
A0A7U5YWW8,0.032
A0A836N7E8,0.032
A0A377ANV6,0.032
A0A7A6KR92,0.032
A0A3L0W7M7,0.032
A0A376NZ65,0.032
A0A4Y8EMV1,0.032
A0A2I8SUK7,0.032
A0A377K088,0.032
A0A3P1XFH5,0.032
A0A0P7NBQ7,0.032
A0A3L0VUC8,0.032
A0A2X1MVS4,0.032
A0A484YSK3,0.032
A0A1X3I3T5,0.032
A0A3P5HE84,0.032
A0A376VPC5,0.032
A0A6N8NQB9,0.032
A0A484Y128,0.032
A0A1J8NNS8,0.032
A0A6D1A8B1,0.032
A0A376SC75,0.032
A0A2X1KZ50,0.032
A0A377AI91,0.032
A0A484WZB3,0.032
A0A444R226,0.032
A0A6N8QSV5,0.032
A0A418H9S1,0.032
A0A2X1KR57,0.032
A0A2S8JPV9,0.032
A0A3L0X560,0.032
A0A377DVG3,0.032
A0A3L0W066,0.032
A0A5P0JK71,0.032
A0A5C9AE25,0.032
A0A377JZN3,0.032
A0A209ND04,0.032
A0A376TIX7,0.032
A0A826YB18,0.032
A0A2X3K4S8,0.032
A0A793IKW6,0.032
A0A229AM16,0.032
A0A0A1E2U9,0.032
A0A377DHD4,0.032
A0A3P4D222,0.032
A0A192CCF1,0.032
A0A377AZM1,0.032
A0A4Y6JKC0,0.032
A0A2X1QCW5,0.032
A0A2W6QSQ0,0.032
A0A0D8WEZ7,0.032
A0A2Z4G2Z1,0.032
A0A376TEI9,0.032
A0A6D0IJR5,0.032
A0A6D1AFY0,0.032
A0A775TMA7,0.032
A0A2X1N7V6,0.032
A0A0E0SS63,0.032
A0A485JIZ3,0.032
A0A4D3T6W4,0.032
A0A3L5H6K0,0.032
A0A6D0IGP4,0.032
A0A0E1T3T2,0.032
A0A6D1ACJ2,0.032
A0A348E0V2,0.032
A0A6L7CGR2,0.032
A0A376MLZ9,0.032
A0A0P7P6R4,0.032
A0A376YP51,0.032
A0A376W798,0.032
A0A6M4P017,0.032
A0A7U9AR54,0.032
A0A7H4YPQ7,0.031
A0A0L6Y1C9,0.031
A0A376W0C6,0.031
A0A376LKK8,0.031
A0A377KDY9,0.031
A0A376P6Z7,0.031
A7ZPF1,0.031
A0A6F8QKM4,0.031
A0A0V9RHR3,0.031
A0A6D0F9K1,0.031
A0A376S6I5,0.031
A0A0H3JHR6,0.031
A0A061YHB2,0.031
A0A376MPZ1,0.031
A0A0M5ITH3,0.031
A0A2K9UZS5,0.031
A0A0H2Z1H6,0.031
A0A376VNS5,0.031
A0A192CM66,0.031
A0A377E002,0.031
A0A6N8NHR0,0.031
A0A377DJ53,0.031
A0A3H9T8C3,0.031
A0A0E0XU93,0.031
A0A377BEG1,0.031
A0A3L5BEU1,0.031
A0A5P1MRJ6,0.031
A0A376WTV6,0.031
A0A376KY18,0.031
A0A4U9T5N5,0.031
A0A6S6LEZ5,0.031
A0A024L0J7,0.031
A0A418H2L9,0.031
A0A377K3T5,0.031
A0A0J2AGI4,0.031
A0A376W1M7,0.031
A0A376MNK1,0.031
A0A0C5BDC7,0.031
A0A2X1MZ05,0.031
A0A376REP3,0.031
A0A377AT36,0.031
A0A376VX91,0.031
A0A2H4TL86,0.031
A0A3L0Y9U2,0.031
A0A826YCT7,0.031
A0A376VKF1,0.031
A0A3L0WCX6,0.031
A0A6N0ISC7,0.031
A0A899NE03,0.031
A0A0E1T2Y6,0.031
A0A2X1P826,0.031
A0A376VK76,0.031
A0A418GKW6,0.031
A0A829KVY9,0.031
A0A0J1YM82,0.031
A0A377DPG8,0.031
A0A376LEF9,0.031
A0A376Y9F4,0.031
A0A826SG96,0.031
A0A1U9XEM6,0.031
A0A066Q151,0.031
A0A0E1L8A7,0.031
A0A376MK67,0.031
A0A826YC43,0.031
A0A0E0Y865,0.031
A0A376NUN9,0.031
A0A377LM36,0.031
A0A3P1YFT9,0.031
A0A6D0IJY0,0.031
A0A376ZEX9,0.031
A0A377LMR0,0.031
A0A229CDU6,0.031
A0A418H988,0.031
A0A3L0WYG9,0.031
A0A772E7H1,0.031
A0A376U1D0,0.031
A0A0U3AVQ8,0.031
A0A377AGS2,0.031
A0A1E5M8H6,0.031
A0A3P1YCY7,0.031
A0A899NAP3,0.031
A0A3L0VZH3,0.031
A0A2H5C0U6,0.031
A0A2X1NDA5,0.031
A0A376JR22,0.031
A0A827QGC5,0.031
A0A5C9A9S7,0.031
A0A376TI87,0.031
A0A2X3K0R3,0.031
A0A0E0XZS9,0.031
A0A377B9V2,0.031
A0A6N6WPR6,0.031
A0A2A2CG38,0.031
A0A376LN90,0.031
A0A1D7QAH5,0.031
A0A0V9LQ38,0.031
A0A066T4Q0,0.031
A0A2X3JQL0,0.031
A0A0D6IG65,0.031
A0A3P1R431,0.031
A0A3L0VVK1,0.031
A0A5C9AMN1,0.031
A0A376MV71,0.031
A0A023KNN6,0.031
A0A3K3IRH6,0.031
A0A0K4G8V3,0.031
A0A1X3ITE2,0.031
A0A377DNR6,0.031
A0A0D6ZW83,0.031
A0A6D1AHZ2,0.031
A0A376VGN5,0.031
A0A192C7P2,0.031
A0A1X9TPI7,0.031
A0A854BJY1,0.031
A0A376MKE1,0.031
A0A478M9S6,0.031
A0A2H4TMK9,0.031
A0A376KMT6,0.031
A0A0E0Y6S4,0.031
A0A418GVB6,0.031
A0A0H2VD64,0.031
A0A485JBG4,0.031
A0A2X3M9C5,0.031
A0A826WXV7,0.031
A0A827E5E6,0.031
A0A376LHT8,0.031
A0A1X0XX88,0.031
A0A1B1IKU1,0.031
A0A6L7CSD3,0.031
A0A3L0W2G4,0.031
A0A377AWL8,0.031
A0A6N8NSY5,0.031
A0A2X1N3W3,0.031
A0A6S6LAX9,0.031
A0A376NWY4,0.031
A0A3L0VZS7,0.031
A0A6D0IXN9,0.031
A0A3L0VZI2,0.031
A0A3E1VH25,0.031
A0A377K6W0,0.031
A0A4P6ZK11,0.031
A0A3L0WWT6,0.031
A0A2X1N9L6,0.031
A0A6L7CX13,0.031
A0A0B0VM49,0.031
A0A037YLT8,0.031
A0A2Y8NUC9,0.031
A0A0K5MXK1,0.031
A0A828NQP3,0.031
A0A376X484,0.031
A0A6L7CQZ7,0.031
A0A163HTF2,0.031
A0A377KB04,0.031
A0A7U9NZ18,0.031
A0A0H3EQ57,0.031
A0A3L5HCY0,0.031
A0A060RI90,0.031
A0A5C9ACI9,0.031
A0A377ASZ2,0.031
A0A377D262,0.031
A0A2H5C442,0.031
A0A376NXD8,0.031
A0A377E963,0.031
A0A377KAD3,0.031
A0A6D1P8W1,0.031
A0A4C3BMY9,0.031
A0A5C9AER2,0.031
A0A376KLP0,0.031
A0A4V1W4G2,0.031
A0A836N5K4,0.031
A0A376UDC9,0.031
A0A2X1Q7J9,0.031
A0A0K5JQM4,0.031
A0A6L7CV64,0.031
A0A0H3PF70,0.031
A0A444R1G3,0.031
A0A827F7Y6,0.031
A0A8B3M2L4,0.031
A0A2X1K2S0,0.031
A0A193LV41,0.031
A0A641EPX0,0.031
A0A0H2VAZ8,0.031
A0A417ZP73,0.031
A0A148HCV3,0.031
A0A0A1ADW9,0.031
A0A377A2S8,0.031
A0A376TFW6,0.031
A0A376RKK6,0.031
A0A5C8XT27,0.031
A0A7U9FWW9,0.031
A0A376KQS7,0.031
A0A484YBJ8,0.031
A0A376MQT2,0.031
A0A3P1XIE9,0.031
A0A377K3Q6,0.031
A0A2H4WJZ0,0.031
A0A890DKG1,0.031
A0A376MRR5,0.031
A0A0E1TB31,0.031
A0A6D0XPE1,0.031
A0A376KM27,0.031
A0A2X1KWD9,0.031
A0A1Q6AXZ7,0.031
A0A0H2VEC0,0.031
A0A1X3HXJ7,0.031
A0A2P9EAB0,0.031
A0A377DCQ3,0.031
A0A377AQR2,0.031
A0A1W5T566,0.031
A0A2X1NA87,0.031
A0A376HKX6,0.031
A0A0C2DMM9,0.031
A0A6C9EIQ3,0.031
A0A3A6TM38,0.031
A0A5C9ABY3,0.031
A0A0E0XUV4,0.031
A0A0C5AXD7,0.031
A0A0E1SUW6,0.031
A0A6L6ZPY2,0.031
A0A418H339,0.031
A0A6D0DJS8,0.031
A0A3L0VY07,0.031
A0A066SXV7,0.031
A0A6C9EEQ6,0.031
A0A376FPF2,0.031
A0A829KYJ9,0.031
A0A447X2J9,0.031
A0A376LB59,0.031
A0A3L0W341,0.031
A0A0A0GFP6,0.031
A0A1V2GCH8,0.031
A0A5C9AMV4,0.031
A0A485JF30,0.031
A0A0K3LS40,0.031
A0A6S6L4K8,0.031
A0A3Z6GDM3,0.031
A0A3L0X1P5,0.031
A0A418GFL9,0.031
A0A0K4KLF2,0.031
A0A3L0VZY1,0.031
A0A454AAL4,0.031
A0A2X3JI74,0.031
A0A377F4D9,0.031
A0A5C9AA59,0.031
A0A3U0PKU0,0.031
A0A2X1PZ28,0.031
A0A7D7HM12,0.031
A0A376TEW7,0.031
A0A447X3K8,0.031
A0A376X772,0.031
A0A376Y7M0,0.031
A0A2A6Q3J8,0.031
A0A376RMS8,0.031
A0A376X645,0.031
A0A827QT78,0.031
A0A6C9QF75,0.031
A0A828P273,0.031
A0A3L0VZL8,0.031
A0A0C2A2C0,0.031
A0A346CGA6,0.031
A0A2X1KUC8,0.031
A0A376TM43,0.031
A0A0L6Y238,0.031
A0A377BTP8,0.031
A0A376KSX9,0.031
A0A6D0PJS2,0.031
A0A7H4YNM0,0.031
A0A447Y3W9,0.031
A0A5C9AEJ8,0.031
A0A377BVV9,0.031
A0A377BL36,0.031
A0A3L4JNM5,0.03
A0A3L0YE27,0.03
A0A376MHK1,0.03
A0A376Y7X8,0.03
A0A1X9TPE6,0.03
A0A485JF94,0.03
A0A826WRV5,0.03
A0A376W9P9,0.03
A0A2X3KBM8,0.03
A0A6S6LFV7,0.03
A0A6N8RBX6,0.03
A0A376W665,0.03
A0A376P0U6,0.03
A0A376MHY9,0.03
A0A142EBR0,0.03
A0A2X7KDC0,0.03
A0A6N8NSZ6,0.03
A0A6G4NTV9,0.03
A0A377KFB9,0.03
A0A1W6F684,0.03
A0A5B9ARB0,0.03
A0A5C8XS53,0.03
A0A376LCT3,0.03
A0A826WZX8,0.03
A0A2S8JJD8,0.03
A0A2X3JUY8,0.03
A0A6N8R6B0,0.03
A0A2X3KCG8,0.03
A0A5C9AAF5,0.03
A0A377DII6,0.03
A0A376RLK4,0.03
A0A2S1J958,0.03
A0A377K101,0.03
A0A140CLI6,0.03
A0A3S4M4N4,0.03
A0A0A8J5R5,0.03
A0A377DE79,0.03
A0A2R4AB52,0.03
A0A376LP88,0.03
A0A376W029,0.03
A0A1X3J203,0.03
A0A2P9EN07,0.03
A0A826TWD5,0.03
A0A0L6XSL4,0.03
A0A6C9EF00,0.03
A0A376P3W6,0.03
A0A3L0W119,0.03
A0A377K0Q4,0.03
A0A418GB82,0.03
A0A6L7CRU0,0.03
A0A418GEA7,0.03
A0A1V2GG65,0.03
A0A447XEE6,0.03
A0A827E1E5,0.03
A0A0P7L9F3,0.03
A0A066Q869,0.03
A0A377BC37,0.03
A0A6N9SHY6,0.03
A0A2X3KDH5,0.03
A0A2X1LBH6,0.03
A0A376K4A2,0.03
A0A377AM76,0.03
A0A765TFB5,0.03
A0A418H9A2,0.03
A0A376VBZ5,0.03
A0A0D0NAZ4,0.03
A0A7T3RHU3,0.03
A0A2A6PZR5,0.03
A0A075F7E2,0.03
A0A377AI26,0.03
A0A2H9AYB9,0.03
A0A2H4TWP6,0.03
A0A0F5GEL0,0.03
A0A3L0W713,0.03
A0A061YBN5,0.03
A0A6D1AFU7,0.03
A0A0H3EFT0,0.03
A0A827BTE0,0.03
A0A376X1D4,0.03
A0A0D8VZN2,0.03
A0A376SD46,0.03
A0A2X1NCQ5,0.03
A0A376S8U9,0.03
A0A376VCE4,0.03
A0A229AL46,0.03
A0A5C9AW56,0.03
A0A376L780,0.03
A0A377K0P4,0.03
A0A377F886,0.03
A0A6N6WN97,0.03
A0A376TX19,0.03
A0A377E7Z8,0.03
A0A2X3LNV5,0.03
A0A376D109,0.03
A0A2X3KNV2,0.03
A0A376YFS0,0.03
A0A377CUZ3,0.03
A0A376U8K6,0.03
A0A1V2FZC6,0.03
A0A377C7C0,0.03
A0A4P8BW63,0.03
A0A3L0W0U5,0.03
A0A376VJN7,0.03
A0A418H9A0,0.03
A0A376UAF6,0.03
A0A1Q6ARM1,0.03
A0A376KR94,0.03
A0A484X0U1,0.03
A0A853WLY3,0.03
A0A3R0V711,0.03
A0A2X3KI33,0.03
A0A3L9I314,0.03
A0A2X1KVD2,0.03
A0A376TIC9,0.03
A0A827DZ51,0.03
A0A2X1N014,0.03
A0A829LCI1,0.03
A0A376KVU6,0.03
A0A376LBX0,0.03
A0A0A1AD06,0.03
A0A0D6I022,0.03
A0A3U0PKL6,0.03
A0A376L7G5,0.03
A0A376L071,0.03
A0A826X447,0.03
A0A385EMU6,0.03
A0A6C9EEY7,0.03
A0A444R0F0,0.03
A0A061K0N7,0.03
A0A853WJV6,0.03
A0A6G4C3H2,0.03
A0A377DML5,0.03
A0A3L0YIQ5,0.03
A0A6G9I2M3,0.03
A0A6D1A7M1,0.03
A0A1W1EMG0,0.03
A0A418H8U5,0.03
A0A376U138,0.03
A0A7L7EF26,0.03
A0A376KZZ1,0.03
A0A377BQQ9,0.03
A0A0H3YDE3,0.03
A0A2A6Q0K3,0.03
A0A377BBP2,0.03
A0A6D0IJ18,0.03
A0A377E758,0.03
A0A3P1X7Z0,0.03
A0A191T972,0.03
A0A0D8WFC2,0.03
A0A418HAA6,0.03
A0A376KQ75,0.03
A0A3K3IFR0,0.03
A0A376K4G9,0.03
A0A0A1AF29,0.03
A0A376VZI5,0.03
A0A377C301,0.03
A0A377E2E7,0.03
A0A168SMV3,0.03
A0A828PHZ8,0.03
A0A2P9ECG8,0.03
A0A075MC83,0.03
A0A0E0Y4R7,0.03
A0A444QZJ6,0.03
A0A243V2I5,0.03
A0A376TPB7,0.03
A0A376WX98,0.03
A0A376J4H7,0.03
A0A377CI12,0.03
A0A085P3L6,0.03
A0A136TBX9,0.03
A0A5N8HCI2,0.03
A0A376Y5V0,0.03
A0A376DGA9,0.03
A0A377K3P9,0.03
A0A376ZVD9,0.03
A0A377B6H2,0.03
A0A377D650,0.03
A0A376TCV0,0.03
A0A0B0VPU9,0.03
A0A5C9AIL3,0.03
A0A2R4PE41,0.03
A0A6C9QGL1,0.03
A0A6N8QQX0,0.03
A0A2K4PE40,0.03
A0A3P1X1Q1,0.03
A0A024L195,0.03
A0A418GY98,0.03
A0A1Q6B1X2,0.03
A0A0X8LH61,0.03
A0A5N8H8E8,0.03
A0A6D0ICK3,0.03
A0A2X3JQN8,0.03
A0A485J9M5,0.03
A0A2X3K9U1,0.03
A0A826THB8,0.03
A0A418GPV3,0.03
A0A444R2U1,0.03
A0A0S3PMX5,0.03
A0A0K4LDY5,0.03
A0A376SJL0,0.03
A0A5P0ZD51,0.03
A0A377DGC9,0.03
A0A377BLB5,0.03
A0A1P8VP63,0.03
A0A376TT65,0.03
A0A0P7N6I8,0.03
A0A376MH07,0.03
A0A5N8HBC9,0.03
A0A7A6S7W2,0.03
A0A376U941,0.03
A0A454AA76,0.03
A0A826WNL5,0.03
A0A377E654,0.03
A0A376TIY8,0.03
A0A376VRI9,0.03
A0A6D0INN4,0.03
A0A085P3J1,0.03
A0A3P1WXI0,0.03
A0A0E3XBQ5,0.03
A0A2S1UFD0,0.03
A0A2H9EL28,0.03
A0A2X3JYF5,0.03
A0A160HQS4,0.03
A0A3L0VXY2,0.03
A0A377B480,0.03
A0A418GJG2,0.03
A0A2A3V0B3,0.03
A0A3L5H9R6,0.03
A0A376UA32,0.03
A0A418GJX5,0.03
A0A418H9N2,0.03
A0A2X7ZTB5,0.03
A0A827HR27,0.03
A0A1U9SSU6,0.03
A0A376U2A8,0.03
A0A7L8KBQ6,0.03
A0A376KTI4,0.03
A0A2W6PBU5,0.03
A0A2X3KBW2,0.03
A0A7I9AZH1,0.03
A0A2I8SYF4,0.03
A0A7U5TH09,0.03
A0A3P1Y945,0.03
A0A0F3VVH0,0.03
A0A377CF61,0.03
A0A2K3TWF6,0.03
A0A376P7J6,0.03
A0A024L8S6,0.03
A0A376Y520,0.03
A0A6L6ZQP6,0.03
A0A7T8R195,0.03
A0A2X3KHJ9,0.03
A0A075MBH4,0.03
A0A377DGT1,0.03
A0A376W4J0,0.03
A0A6G4JYK0,0.03
A0A6D1AD14,0.03
A0A2X3JSA6,0.03
A0A1U9SRF5,0.03
A0A3L0VYY5,0.03
A0A0E1SUU4,0.03
A0A376YCY7,0.03
A0A376KHP5,0.03
A0A3Z6GE43,0.03
A0A3P1WTF8,0.03
A0A6N8R814,0.03
A0A376RLF1,0.03
A0A0B1DUE2,0.03
A0A3G1QB48,0.03
A0A827YDX8,0.03
A0A6L7AAI7,0.03
A0A377F4U7,0.03
A0A826PAQ6,0.03
A0A376RIA6,0.03
A0A2A3V688,0.03
A0A377N2Q4,0.03
A0A836N831,0.03
A0A7A6R202,0.03
A0A1V2ST27,0.03
A0A2K9UZX8,0.03
A0A2T3U5M9,0.03
A0A376WTF9,0.03
A0A485JGA6,0.03
A0A6L7CN73,0.03
A0A5P0JBQ9,0.03
A0A3L0WA16,0.03
A0A376YJM4,0.03
A0A0D8W7C9,0.03
A0A2X1NPH2,0.03
A0A7L5P6L9,0.03
A0A765X8B5,0.03
A0A377EA13,0.03
A0A1M0M293,0.029
A0A1X9QAG8,0.029
A0A0B1N2E9,0.029
A0A376L0I2,0.029
A0A377DVI5,0.029
A0A1Z1UZB7,0.029
A0A376LE72,0.029
A0A377CE41,0.029
A0A826WVW6,0.029
A0A3L0VTU6,0.029
A0A7A6PYG6,0.029
A0A3P5DJU0,0.029
A0A4D1MAN2,0.029
A0A376D8A0,0.029
A0A376S8C1,0.029
A0A811ARJ8,0.029
A3QNS8,0.029
A0A6D0ZRL7,0.029
A0A7A2HFE0,0.029
A0A444QZC5,0.029
A3QXC9,0.029
A0A3L9I946,0.029
A0A444R3C0,0.029
A0A6D0I787,0.029
A0A5P0JJE5,0.029
A0A7D3P3K2,0.029
A0A3L0VZH0,0.029
A0A377DMG3,0.029
A0A152BTA7,0.029
A0A6D1AC88,0.029
A0A193M2N0,0.029
A0A1B1LNW3,0.029
A0A377HA14,0.029
A0A066SYK7,0.029
A0A2W6NVX3,0.029
A0A377DEK6,0.029
A0A3G4RTE1,0.029
A0A3S4KXX7,0.029
A0A023LDV1,0.029
A0A5N8HHM3,0.029
A0A6L7CN14,0.029
A0A3L0X309,0.029
A0A376RC13,0.029
A0A377CCL2,0.029
A0A5C8XT02,0.029
A0A0E1SYF0,0.029
A0A0E0Y5E4,0.029
A0A2X3K194,0.029
A0A827XR16,0.029
A0A485JB11,0.029
A0A376TKG5,0.029
A0A377E7C5,0.029
A0A377CHT9,0.029
A0A142EAV1,0.029
A0A377DS81,0.029
A0A376U6N0,0.029
A0A6N8NHX1,0.029
A0A5C9A7K6,0.029
A0A3L9FXD7,0.029
A0A3L9G0N0,0.029
A0A2S1PPN6,0.029
A0A827XZ82,0.029
A0A4P6ZJC6,0.029
A0A6C9QGX4,0.029
A0A793D8S7,0.029
A0A376ZZ37,0.029
A0A2X3K791,0.029
A0A345BKR3,0.029
A0A0P7NQM2,0.029
A0A377BLY9,0.029
A0A3L5HEH0,0.029
A0A3L0WE31,0.029
A0A1X3J119,0.029
A0A2X1KU60,0.029
A0A0A0R1P9,0.029
A0A6N0IP39,0.029
A0A2W6R8R8,0.029
A0A2X1KMY4,0.029
A0A6N9S9S7,0.029
A0A3U0PAH4,0.029
A0A2X3LWI7,0.029
A0A2X3M0P8,0.029
A0A2X3LUD3,0.029
A0A376HEN7,0.029
A0A3L0W0G5,0.029
A0A2X1K5K9,0.029
A0A2Z2JHR9,0.029
A0A376NY66,0.029
A0A3P5DVT6,0.029
A0A6C7G338,0.029
A0A0A8KJ67,0.029
A0A2X3KF48,0.029
A0A376U0H9,0.029
A0A3L0X6D2,0.029
A0A376TJR0,0.029
A0A3P1X9X5,0.029
A0A3L0W0M4,0.029
A0A793DTY0,0.029
A0A418GLT0,0.029
A0A376KVU4,0.029
A0A418HBK5,0.029
A0A3L0VVX9,0.029
A0A376VYC4,0.029
A0A5C9A944,0.029
A0A376LND0,0.029
A0A7G9AA16,0.029
A0A444R1I4,0.029
A0A2X3J859,0.029
A0A418H7V8,0.029
A0A4Y8G6V3,0.029
A0A376TTK9,0.029
A0A221ZQ58,0.029
A0A024L8W4,0.029
A0A6G1XQ62,0.029
A0A1Q6BFJ6,0.029
A0A3L0VW61,0.029
A0A3P1YGE1,0.029
A0A1X3J2N7,0.029
A0A193LS02,0.029
A0A376U5U5,0.029
A0A1M0EH03,0.029
A0A3T7ZKF7,0.029
A0A0H2V878,0.029
A0A376FZR2,0.029
A0A6N8R9S2,0.029
A0A3V0YA31,0.029
A0A7M3S3K4,0.029
A0A7U9QCW3,0.029
A0A6C9EIG3,0.029
A0A377E3Y4,0.029
A0A6C9EFU8,0.029
A0A6D1A712,0.029
A0A376RK15,0.029
A0A5P1MTN9,0.029
A0A136WM17,0.029
A0A6D0DNM9,0.029
A0A2A2CG56,0.029
A0A376MBB8,0.029
A0A2W6PHN5,0.029
A0A5P0JK62,0.029
A0A0K4NYA3,0.029
A0A0L1BUA0,0.029
A0A5C9AI51,0.029
A0A484Y9A8,0.029
A0A377E8L9,0.029
A0A376L7A6,0.029
A0A193LYW5,0.029
A0A0L6PED4,0.029
A0A2P9E326,0.029
A0A2P9DXJ8,0.029
A0A377E302,0.029
A0A7G3NTK2,0.029
A0A418GZT4,0.029
A0A478KS87,0.029
A0A3L0W437,0.029
A0A142EB28,0.029
A0A854C1J9,0.029
A0A2X1NJW1,0.029
A0A444R1G1,0.029
A0A1Q6AZE2,0.029
A0A376PX60,0.029
A0A2I6FEK3,0.029
A0A2X1KDP8,0.029
A0A827LIM3,0.029
A0A2K3TKE5,0.029
A0A5N8HCE2,0.029
A0A3G4RTE3,0.029
A0A3L0YJR9,0.029
A0A377KA35,0.029
A0A485JIR4,0.029
A0A376KZW5,0.029
A0A3L0W2J0,0.029
A0A1X3HZ39,0.029
A0A6D1ACQ4,0.029
A0A6L7A6L8,0.029
A0A3L0W1Y5,0.029
A0A3G4RTN3,0.029
A0A6L7A6J2,0.029
A0A826WZU4,0.029
A0A829L817,0.029
A0A6N6WNS4,0.029
A0A2X3KGT3,0.029
A0A377F9W4,0.029
A0A376L2W2,0.029
A0A444RBF5,0.029
A0A0C2AXD3,0.029
A0A7A5DIC3,0.029
A0A3L0VYM6,0.029
A0A376X2X3,0.029
A0A163CJJ0,0.029
A0A1V2GD64,0.029
A0A828PSW2,0.029
A0A3L0W9U9,0.029
A0A376KV76,0.029
A0A1X3IVS1,0.029
A0A829LDN4,0.029
A0A6D0YAU8,0.029
A0A377LKI3,0.029
A0A377KCK5,0.029
A0A2X3LVZ7,0.029
A0A4D6PLY0,0.029
A0A385EN14,0.029
A0A229AJD6,0.029
A0A377DR64,0.029
A0A3S4L3C7,0.029
A0A376VPK3,0.029
A0A6C9EI55,0.029
A0A376RQ84,0.029
A0A478KB84,0.029
A0A6L7CSK8,0.029
A0A2J0QP27,0.029
A0A2X3KPE0,0.029
A0A3L9G9X1,0.029
A0A7A6B2L0,0.029
A0A5C9AK55,0.029
A0A6D1P796,0.029
A0A2X3KPZ7,0.029
A0A377AHA5,0.029
A0A376PVT6,0.029
A0A3L9I8N8,0.029
A0A0Q3A949,0.029
A0A377DAA2,0.029
A0A2X1KCA9,0.029
A0A024L557,0.029
A0A3L0W3N8,0.029
A0A444R124,0.029
A0A6N8NL47,0.029
A0A444R3Q1,0.029
A0A377DMZ4,0.029
A0A376J558,0.029
A0A376JPT5,0.029
A0A376MUR0,0.029
A0A5P0JGX5,0.029
A0A6C9EHJ6,0.029
A0A377KD42,0.029
A0A418H651,0.029
A0A418GCH0,0.029
A0A1X3HWH9,0.029
A0A828PA22,0.029
A0A3E1W2A9,0.029
A0A346GKY7,0.029
A0A377DLU2,0.029
A0A1P8NPE3,0.029
A0A793H884,0.029
A0A3S4K6L9,0.029
A0A1V3CCD1,0.029
A0A246W8J0,0.029
A0A6D0IJU4,0.029
A0A377DVG4,0.029
A0A109PIS9,0.029
A0A826TBQ9,0.029
A0A2S1ZC22,0.029
A0A376Y1A6,0.029
A0A376UCM8,0.029
A0A829L062,0.029
A0A3S4M764,0.029
A0A7A6VHG5,0.029
A0A376RBB8,0.029
A0A377D416,0.029
A0A377CUW6,0.029
A0A2L1KTR3,0.029
A0A827LQ08,0.029
A0A2X1K1F7,0.029
A0A2R4PGR4,0.029
A0A0A7XQ27,0.029
A0A376L2F5,0.029
A0A6D0J641,0.029
A0A1V3CN74,0.029
A0A485JP40,0.029
A0A376KR86,0.029
A0A484X7W6,0.029
A0A376ZX62,0.029
A0A7A7BNC4,0.029
A0A2X1IY87,0.029
A0A7G2KHS3,0.029
A0A7U9QF17,0.029
A0A0A8J715,0.029
A0A376X3I7,0.029
A0A3A6SBV4,0.029
A0A377CKQ6,0.029
A0A6C9EIU8,0.029
A0A191T921,0.029
A0A0D8WG59,0.029
A0A3P5HGD6,0.029
A0A1X3I4C6,0.028
A0A781SMU2,0.028
A0A377C931,0.028
A0A377D5T0,0.028
A0A2W6P3Y4,0.028
A0A3P5DPU4,0.028
A0A5F1PNK8,0.028
A0A377BDU7,0.028
A0A1L7B2D7,0.028
A0A376TF79,0.028
A0A772LAP3,0.028
A0A3P5DTW0,0.028
A0A1X3HWV0,0.028
A0A345DKW6,0.028
A0A376TLT0,0.028
A0A376TWX2,0.028
A0A1W1EMG1,0.028
A0A210BDB1,0.028
A0A376J2H7,0.028
A0A6N9SKE6,0.028
A0A826X1G7,0.028
A0A2X1J4I2,0.028
A0A376KYS6,0.028
A0A444R2H5,0.028
A0A376J3E9,0.028
A0A376MKM2,0.028
A0A0F6YT15,0.028
A0A2H4TTH2,0.028
A0A154CCS1,0.028
A0A418GY04,0.028
A0A1B3IRC6,0.028
A0A377C293,0.028
A0A376LNJ7,0.028
A0A160HRH1,0.028
A0A6D0IKN5,0.028
A0A376KXF8,0.028
A0A6N9S902,0.028
A0A0E3H151,0.028
A0A2W6NY26,0.028
A0A4Y8GNI5,0.028
A0A6L9ABB0,0.028
A0A3G4QUS5,0.028
A0A377C9M0,0.028
A0A2W6NT62,0.028
A0A7U1HRK3,0.028
A0A2X1NJB6,0.028
A0A085P010,0.028
A0A6G1XNT9,0.028
A0A376TK40,0.028
A0A6D0INY2,0.028
A0A140DR57,0.028
A0A7U9FWQ1,0.028
A0A2X7FJ93,0.028
A0A377F8N5,0.028
A0A377CYN3,0.028
A0A2R2ZJB9,0.028
A0A376MQS4,0.028
A0A377BWM2,0.028
A0A6L7CSS7,0.028
A0A377BDG0,0.028
A0A484X343,0.028
A0A6M9QZ63,0.028
A0A1V2GAM1,0.028
A0A138KTE5,0.028
A0A377ATA8,0.028
A0A3P1XIG1,0.028
A0A1D8MIL5,0.028
A0A7T2JNU2,0.028
A0A376WBE9,0.028
A0A2Z5VJH8,0.028
A0A377E3X7,0.028
A0A7L8KB93,0.028
A0A6S5NQK4,0.028
A0A6L7A932,0.028
A0A377BPH2,0.028
A0A376MMU7,0.028
A0A4U9UHH6,0.028
A0A3L0VYY2,0.028
A0A376MR37,0.028
A0A7U9J2X6,0.028
A0A0H2V9D1,0.028
A0A376J0F0,0.028
A0A827HR04,0.028
A0A6N6WR02,0.028
A0A6D1A7I5,0.028
A0A2S8JJ04,0.028
A0A6N8RBC7,0.028
A0A6L7CLJ4,0.028
A0A3L0YGG2,0.028
A0A376MT26,0.028
A0A836Z986,0.028
A0A376MPQ0,0.028
A0A2J1C8A7,0.028
A0A6D0IKA1,0.028
A0A2X3KA63,0.028
A0A894KI89,0.028
A0A563G3A0,0.028
A0A376TIX2,0.028
A0A6D1A6K6,0.028
A0A376MMY0,0.028
A0A2X6JKC0,0.028
A0A1X3I4E9,0.028
A0A485JEY9,0.028
A0A3P1YA94,0.028
A0A2X3JLK9,0.028
A0A376HII3,0.028
A0A193LRF7,0.028
A0A6C9EHZ3,0.028
A0A2X3K253,0.028
A0A2X3K6P4,0.028
A0A0H3PJC2,0.028
A0A3L0W3F3,0.028
A0A829L4N6,0.028
A0A377C7N6,0.028
A0A377DSV9,0.028
A0A6D1AF32,0.028
A0A0C2E9G8,0.028
A0A2K3TUU5,0.028
A0A376ZT28,0.028
A0A444R2D9,0.028
A0A826P7H3,0.028
A0A376S7F0,0.028
A0A3P1XXD7,0.028
A0A403SCF5,0.028
A0A4Q4HZ03,0.028
A0A1X3HZB4,0.028
A0A0H3PTU9,0.028
A0A376MFW0,0.028
A0A6N8QQG1,0.028
A0A140JYC6,0.028
A0A444RAF3,0.028
A0A376VBJ7,0.028
A0A793IK69,0.028
A0A376Y6R5,0.028
A0A4T2ILB3,0.028
A0A6J4EL94,0.028
A0A6N6WPQ0,0.028
A0A376U519,0.028
A0A376KYT6,0.028
A0A376U8W3,0.028
A0A140JXE4,0.028
A0A2S1JC34,0.028
A0A6D0IKU6,0.028
A0A2L1F4J0,0.028
A0A2X1NAK7,0.028
A0A485JC82,0.028
A0A484X2U3,0.028
A0A7A2XXM9,0.028
A0A376TGB6,0.028
A0A7I9ADV2,0.028
A0A2S8JK30,0.028
A0A3L0YBT2,0.028
A0A484X3Y6,0.028
A0A6D0XPT4,0.028
B0Z424,0.028
A0A2X1LVW6,0.028
A0A3L9GGY3,0.028
A0A377K2B0,0.028
A0A0B4N3C2,0.028
A0A485JHK1,0.028
A0A376KML0,0.028
A0A7A6RZV1,0.028
A0A377AEP6,0.028
A0A0A1AFM1,0.028
A0A377E511,0.028
A0A376HBQ9,0.028
A0A376KSB8,0.028
A0A6N8QEJ6,0.028
A0A5C9AB75,0.028
A0A6D1ABU5,0.028
A0A6D0DPI2,0.028
A0A0P7L7I4,0.028
A0A0H2VD41,0.028
A0A418GVM6,0.028
A0A2X3JWH8,0.028
A0A376UFG8,0.028
A0A376KWK7,0.028
A0A376FVU5,0.028
A0A376K3H7,0.028
A0A447Y2H5,0.028
A0A2X1NGP5,0.028
A0A377KC81,0.028
A0A6N6WQC0,0.028
A0A377BU72,0.028
A0A7D5FZ42,0.028
A0A376CXG5,0.028
A0A3K3YC70,0.028
A0A3P1X2Z8,0.028
A0A377D0X3,0.028
A0A776LUX3,0.028
A0A6N9SHY1,0.028
A0A2T1LAF6,0.028
A0A023UJT2,0.028
A0A6L7CRZ7,0.028
A0A2P9EM87,0.028
A0A3L0W3D6,0.028
A0A6N6WSA8,0.028
A0A376KRW2,0.028
A0A6D0IF44,0.028
A0A827CSR7,0.028
A0A5N8HC53,0.028
A0A484YRT4,0.028
A0A369FLB8,0.028
A0A444R3D3,0.028
A0A0A0GNF4,0.028
A0A2U9KTM3,0.028
A0A6C9EII5,0.028
A0A7U5YWW5,0.028
A0A4Y8EJP7,0.028
A0A2X3M729,0.028
A0A403D1T7,0.028
A0A5B9AS40,0.028
A0A376LGX9,0.028
A0A376DKC2,0.028
A0A075TFR0,0.028
A0A222YSY8,0.028
A0A4T8JF12,0.028
A0A377AK79,0.028
A0A6D0I7W2,0.028
A0A418H3M1,0.028
A0A418GRM9,0.028
A0A444R3W6,0.028
A0A7A2R0S6,0.028
A0A376LHU4,0.028
A0A376VD81,0.028
A0A418H275,0.028
A0A7G3NNU8,0.028
A0A6D0XQH6,0.028
A0A377CWV2,0.028
A0A377CWM3,0.028
A0A3Y7WGN8,0.028
A0A0L7AF49,0.028
A0A377ABQ9,0.028
A0A6D0IQE1,0.028
A0A376J6L7,0.028
A0A377BUB3,0.028
A0A376YD62,0.028
A0A377AB32,0.028
A0A765X7D8,0.028
A0A376RD90,0.028
A0A2X1MA67,0.028
A0A376MJQ7,0.028
A0A2X1MX25,0.028
A0A376ZV01,0.028
A0A167QZJ5,0.028
A0A1B2RBK7,0.028
A0A376U4Q4,0.028
A0A376L1P9,0.028
A0A2X1MW19,0.028
A0A3R8LN02,0.028
A0A377DYA2,0.028
A0A5N8H8F1,0.028
A0A3L0W291,0.028
A0A376U4G0,0.028
A0A4C4ZQJ0,0.028
A0A6G4C270,0.028
A0A377LDK0,0.028
A0A2S1PN29,0.028
A0A6L7CWI9,0.028
A0A376ZQ48,0.028
A0A192CLH2,0.028
A0A6N6WRS3,0.028
A0A6L7CSE1,0.028
A0A376MI94,0.028
A0A061YCF1,0.028
A0A0P0YMK4,0.028
A0A829L3T5,0.028
A0A2X3J7W8,0.028
A0A829L9M6,0.028
A0A3L9FWC3,0.028
A0A6D1AI30,0.028
A0A3T7QVK8,0.028
A0A377K027,0.028
A0A418GL61,0.028
A0A2W6P8B4,0.028
A0A454A1G5,0.028
A0A6N6WQ52,0.028
A0A418HA19,0.028
A0A3L9IF70,0.028
A0A2K3TJL9,0.028
A0A0B1KXM5,0.028
A0A485JJH7,0.028
A0A376TVH7,0.028
A0A789MCA6,0.028
A0A811AS22,0.028
A0A485JIR6,0.028
A0A418GLW6,0.028
A0A7U5THD2,0.028
A0A3L9JDN7,0.028
A0A444R3X2,0.028
A0A376HPN8,0.028
A0A2X3KBJ7,0.028
A0A6N2YG29,0.028
A0A376U098,0.028
A0A418GVJ3,0.027
A0A377CZD7,0.027
A0A3W5Y8M5,0.027
A0A0E1SW25,0.027
A0A5P0JKA2,0.027
A0A376UB21,0.027
A0A5P0JGK8,0.027
A0A377CBF6,0.027
A0A6L7C3G6,0.027
A0A376NXP0,0.027
A0A376U3I2,0.027
A0A376RED2,0.027
A0A376YB24,0.027
A0A2J7KE00,0.027
A0A7U1E186,0.027
A0A853K6T4,0.027
A0A6N9SI47,0.027
A0A376U2R9,0.027
A0A377CM37,0.027
A0A377E4Y6,0.027
A0A0A1ACH6,0.027
A0A377C914,0.027
A0A6D1P0X4,0.027
A0A376W5F8,0.027
A0A826IXA6,0.027
A0A829L3H6,0.027
A0A0B1MLQ8,0.027
A0A3W5Y804,0.027
A0A1U9XFW6,0.027
A0A376LDJ1,0.027
A0A418H8Y1,0.027
A0A377BXD8,0.027
A0A1S7BFU2,0.027
A0A376ML93,0.027
A0A811AQM8,0.027
A0A066SZX5,0.027
A0A6D2F748,0.027
A0A6D0IGS9,0.027
A0A4C7B8C4,0.027
A0A376SB00,0.027
A0A163FBS1,0.027
A0A484X8V6,0.027
A0A7L8K9H6,0.027
A0A6L7A5L0,0.027
A0A484X7K3,0.027
A0A418GJ74,0.027
A0A7H4YQT4,0.027
A0A2W6P878,0.027
A0A0E0XXQ0,0.027
A0A0J6C853,0.027
A0A377CAZ1,0.027
A0A376MRI3,0.027
A0A146IEM7,0.027
A0A7D5KLF9,0.027
A0A376RRA9,0.027
A0A8B3M3A7,0.027
A0A377E7K3,0.027
A0A3L0VVD0,0.027
A0A3K0WFG8,0.027
A0A376FZQ1,0.027
A0A6N8QHW0,0.027
A0A7H4YR95,0.027
A0A0H2XJT4,0.027
A0A0C5PBP7,0.027
A0A418GPB8,0.027
A0A447Y482,0.027
A0A3S4JRU7,0.027
A0A2W6NQX4,0.027
A0A0K6EP39,0.027
A0A5N8HIB0,0.027
A0A2X3JUR5,0.027
A0A6D0F1P7,0.027
A0A3P1WJ20,0.027
A0A0H0Q1F0,0.027
A0A6D1A768,0.027
A0A061KE72,0.027
A0A2X1KVG7,0.027
A0A376TVX2,0.027
A0A376P5V4,0.027
A0A1L4J682,0.027
A0A0K4V775,0.027
A0A1V2FVJ7,0.027
A0A6N8QQB2,0.027
A0A826TEU3,0.027
A0A6N8QK62,0.027
A0A376PS16,0.027
A0A1X3I4B4,0.027
A0A376KX81,0.027
A0A3L0W6R1,0.027
A0A0N9DZJ1,0.027
A0A3U0PKH6,0.027
A0A376DKD5,0.027
A0A3Z6GBW8,0.027
A0A024KZZ9,0.027
A0A6D0IH91,0.027
A0A2Y8LBP0,0.027
A0A376JTC1,0.027
A0A066SW55,0.027
A0A3L9IFT1,0.027
A0A447X594,0.027
A0A2P9EFU1,0.027
A0A376W3Z0,0.027
A0A2X1LAZ3,0.027
A0A829L4E6,0.027
A0A6S6KUU7,0.027
A0A485JGU8,0.027
A0A447X3Z4,0.027
A0A376MSW5,0.027
A0A3P5DZB9,0.027
A0A2K3TWG0,0.027
A0A6N0IPS7,0.027
A0A086V4V2,0.027
A0A0B0UHN3,0.027
A0A377C9K4,0.027
A0A066Q1K2,0.027
A0A2X1NIS1,0.027
A0A774P0N7,0.027
A0A5M4LTH0,0.027
A0A376MI00,0.027
A0A6C9EEQ5,0.027
A0A377BM28,0.027
A0A828PNQ7,0.027
A0A0E1T174,0.027
A0A447X979,0.027
A0A2S8JR89,0.027
A0A484YBR5,0.027
A0A0A2S225,0.027
A0A0L1BUF1,0.027
A0A7A2R0M3,0.027
A7ZKT8,0.027
A0A1X3J2J9,0.027
A0A3L0W4N0,0.027
A0A3L0VV66,0.027
A0A2S8JMD6,0.027
A0A1X3J8V1,0.027
A0A418H737,0.027
A0A0M1TQT3,0.027
A0A376P105,0.027
A0A5C9AUU9,0.027
A0A376LPQ7,0.027
A0A7T3RHR9,0.027
A0A6D1AC90,0.027
A0A376VV95,0.027
A0A5C9AFJ2,0.027
A0A377CXZ5,0.027
A0A0E0XU01,0.027
A0A1X3I763,0.027
A0A140WYC3,0.027
A0A377BMH5,0.027
A0A7A6UGI2,0.027
A0A377C929,0.027
A0A2X1JJP6,0.027
A0A6C9N931,0.027
A0A376KP28,0.027
A0A1X3IYF1,0.027
A0A418H9M8,0.027
A0A376J7B0,0.027
A0A2X3K2V3,0.027
A0A418GNW2,0.027
A0A6D1AEX4,0.027
A0A3W5Y8B0,0.027
A0A085P5V5,0.027
A0A377D2X4,0.027
A0A376KMX1,0.027
A0A376RGX0,0.027
A0A0H3PGZ1,0.027
A0A418H562,0.027
A0A376W1T8,0.027
A0A376X3R3,0.027
A0A377CZD3,0.027
A0A831GVZ6,0.027
A0A376YEY6,0.027
A0A3S4K944,0.027
A0A484YR27,0.027
A0A376RMX0,0.027
A0A377CZN7,0.027
A0A4V6KJT7,0.027
A0A2H4TQ61,0.027
A0A0K4H3W1,0.027
A0A826X5M0,0.027
A0A377DQ81,0.027
A0A6D1ACR7,0.027
A0A377JYW7,0.027
A0A377K8K2,0.027
A0A418H3Y7,0.027
A0A376U914,0.027
A0A6D1ABJ7,0.027
A0A0D8W3Q7,0.027
A0A2X3K7H4,0.027
A0A376D909,0.027
A0A7U9QF25,0.027
A0A836N6V1,0.027
A0A1V2GHJ0,0.027
A0A377DH95,0.027
A0A444R076,0.027
A0A418GY47,0.027
A0A3U0PKD9,0.027
A0A024L8R9,0.027
A0A2S8JMP8,0.027
A0A376UDZ6,0.027
A0A243UXA6,0.027
A0A077K4V5,0.027
A0A2X1KU91,0.027
A0A376KLK2,0.027
A0A1X3J2T4,0.027
A0A418GDS1,0.027
A0A0E3H161,0.027
A0A0E0SRZ0,0.027
A0A377CV19,0.027
A0A244BVX7,0.027
A0A2X1NYW1,0.027
A0A376MKG6,0.027
A0A376MH55,0.027
A0A0A0GHS8,0.027
A0A0K4NP10,0.027
A0A376VYD6,0.027
A0A377C1Y8,0.027
A0A0B1FWL5,0.027
A0A1M0PJ68,0.027
A0A376YKD0,0.027
A0A0E0XTV5,0.027
A0A160HRI5,0.027
A0A1X3IZ25,0.027
A0A829L5V6,0.027
A0A6N6WPD0,0.027
A0A085NZZ1,0.027
A0A377DGC8,0.027
A0A376RGX4,0.027
A0A7B2WC08,0.027
A0A6C9EG27,0.027
A0A067HJY8,0.027
A0A376WVL7,0.027
A0A811ARB2,0.027
A0A827QIZ6,0.027
A0A418GE13,0.027
A0A376KFY5,0.027
A0A3L0W7L1,0.027
A0A3L0VYL0,0.027
A0A6G4PIX9,0.027
A0A376L5B5,0.027
A0A2W6Q8Q6,0.027
A0A1W1EMG2,0.027
A0A2A2C9A3,0.027
A0A376L8H6,0.027
A0A376YBR1,0.027
A0A0E0Y6K0,0.027
A0A376Y936,0.027
A0A3P1XHE1,0.027
A0A418H2H4,0.027
A0A3L0VXH3,0.027
A0A0V9R6J3,0.027
A0A0P7PNT0,0.027
A0A376YE28,0.027
A0A2W6PYC3,0.027
A0A811APN8,0.027
A0A829L8L5,0.027
A0A376MR89,0.027
A0A0H2Z5W8,0.027
A0A5C9ALL2,0.027
A0A3P1XY87,0.027
A0A7H4YQY2,0.027
A0A376RLH3,0.027
A0A376RNL8,0.027
A0A061YK27,0.027
A0A0E1SZ89,0.027
A0A2X3K9S3,0.027
A0A376IZP6,0.027
A0A418H5T1,0.027
A0A5N8HJJ1,0.027
A0A377DK04,0.027
A0A377KEE3,0.027
A0A0U4K8S9,0.027
A0A2S1JBC0,0.027
A0A376JB96,0.027
A0A2X1JTW7,0.027
A0A3U0PJU7,0.027
A0A0E3ZMH6,0.027
A0A826X4X9,0.027
A0A0E1T1E3,0.027
A0A6N8NQ17,0.027
A0A3L9HPS4,0.027
A0A0P7LAC2,0.027
A0A3P5DJT2,0.027
A0A376JNA9,0.027
A0A376MSG4,0.027
A0A376MT48,0.027
A0A377BPU3,0.027
A0A376TSB0,0.027
A0A0C4ZHD4,0.027
A0A2X6J0G5,0.027
A0A5C8XTK1,0.027
A0A377C928,0.027
A0A376RA04,0.027
A0A376MSA7,0.027
A0A2R4PEI0,0.027
A0A6C9NDB9,0.027
A0A827HDM9,0.027
A0A377A4Q1,0.027
A0A6C7GY79,0.027
A0A377F5R7,0.027
A0A1I7P2Q5,0.027
A0A376RNH7,0.027
A0A376MHC3,0.027
A0A3G4RPN6,0.027
A0A3L9FSH0,0.027
A0A2X1JGZ2,0.026
A0A781AWT9,0.026
A0A376X0Z2,0.026
A0A377B3N0,0.026
A0A6L7A3X8,0.026
A0A4D6PG66,0.026
A0A6D1AFC6,0.026
A0A3P5DUB3,0.026
A0A0D0M981,0.026
A0A6L7C9Q3,0.026
A0A066QBH4,0.026
A0A5R8TC84,0.026
A0A3L9IGW7,0.026
A0A2H4TN05,0.026
A0A376TTH6,0.026
A0A376TMV4,0.026
A0A6D0I9Q0,0.026
A0A7L8KA84,0.026
A0A377DN19,0.026
A0A376LJF4,0.026
A0A0J2BN52,0.026
A0A2Z5VJZ4,0.026
A0A0E0SRF4,0.026
A0A0H2VB11,0.026
A0A4Q8JNM4,0.026
A0A377B5K2,0.026
A0A376RRY0,0.026
A0A3A6S2M1,0.026
A0A6D1ADA0,0.026
A0A829L9J2,0.026
A0A376U5U9,0.026
A0A3L9I3K1,0.026
A0A143E4S5,0.026
A0A6D1A8A2,0.026
A0A376LS57,0.026
A0A5N3CMX1,0.026
A0A2X3JLU3,0.026
A0A377CD33,0.026
A0A0L1BKU0,0.026
A0A377BZF3,0.026
A0A3L0X671,0.026
A0A6D0ILI5,0.026
A0A0B1MN26,0.026
A0A0A1A590,0.026
A0A6D0IHI4,0.026
A0A1Q6B2U4,0.026
A0A376NZF9,0.026
A0A7A9WUK3,0.026
A0A3L0VZV7,0.026
A0A0E0XVH0,0.026
A0A777UZT2,0.026
A0A6L7CWM0,0.026
A0A377C1E6,0.026
A0A6D0I7Q4,0.026
A0A2S8JJK1,0.026
A0A828U486,0.026
A0A6D1AE01,0.026
A0A376J475,0.026
A0A376L1L1,0.026
A0A418HAK0,0.026
A0A899NCR3,0.026
A0A6D0XP62,0.026
A0A2X3J0U7,0.026
A0A0K4JG28,0.026
A0A1X3IA69,0.026
A0A8B3M6S6,0.026
A0A0P7MYP2,0.026
A0A2X3KJH1,0.026
A0A418H4J8,0.026
A0A172DTR9,0.026
A0A2X3JAV4,0.026
A0A376KWC5,0.026
A0A376M2B6,0.026
A0A0B1FU05,0.026
A0A779UM60,0.026
A0A376U7M2,0.026
A0A853K717,0.026
A0A6C9EED3,0.026
A0A376ZJQ8,0.026
A0A2X2ZDI6,0.026
A0A0H3MXF9,0.026
A0A0H3MGL5,0.026
A0A376S914,0.026
A0A376MJF9,0.026
A0A2W6P2S3,0.026
A0A0H3JDK0,0.026
A0A0M1UJK1,0.026
A0A377E906,0.026
A0A827KPZ1,0.026
A0A376TJI2,0.026
A0A828NB39,0.026
A0A2S0NSX2,0.026
A0A811VVW8,0.026
A0A0A8J6W2,0.026
A0A6N8QHM0,0.026
A0A2X3M817,0.026
A0A376ZVG0,0.026
A0A418GNZ1,0.026
A0A0H2Z1H7,0.026
A0A376Y9H4,0.026
A0A8B3M1C2,0.026
A0A0L1BUD0,0.026
A0A6L7CHM5,0.026
A0A6D0GBA6,0.026
A0A2J1DI47,0.026
A0A2W6NY48,0.026
A0A5B9AG78,0.026
A0A3L0VV50,0.026
A0A827BEB5,0.026
A0A0K4L9G4,0.026
A0A6D0FA46,0.026
A0A828HE91,0.026
A0A660HDZ3,0.026
A0A376KIT5,0.026
A0A4Q4HVP0,0.026
A0A0H0RTV6,0.026
A0A6D0IKK7,0.026
A0A376VD41,0.026
A0A3K3NHI4,0.026
A0A377K800,0.026
A0A2X1PZM4,0.026
A0A3P1Y0Y8,0.026
A0A376YAY5,0.026
A0A376WSQ6,0.026
A0A418HB53,0.026
A0A376L2C4,0.026
A0A447XA12,0.026
A0A376MT77,0.026
A0A0H2V604,0.026
A0A376VC86,0.026
A0A2X3LSN3,0.026
A0A3P1XA24,0.026
A0A377K8J6,0.026
A0A2K9YV77,0.026
A0A377DH41,0.026
A0A3P1XXA0,0.026
A0A037YGB9,0.026
A0A3U0PJ95,0.026
A0A376VNX2,0.026
A0A5C9AFA1,0.026
A0A3L0W7Y0,0.026
A0A369FLK1,0.026
A0A3L0VT73,0.026
A0A0A6RBQ6,0.026
A0A3P1WSD5,0.026
A0A2X1K5Q5,0.026
A0A6D0IMT6,0.026
A0A0A8KMV8,0.026
A0A2X3K789,0.026
A0A376TES8,0.026
A0A376LBX9,0.026
A0A376U2V0,0.026
A0A3L0VVL0,0.026
A0A6C9FM88,0.026
A0A6N6WQK7,0.026
A0A0K4CA34,0.026
A0A2X1MR09,0.026
A0A6N9SFY3,0.026
A0A376MUD2,0.026
A0A418H942,0.026
A0A377AGM3,0.026
A0A3P1YEU6,0.026
A0A5B9AF08,0.026
A0A2X1K0Y2,0.026
A0A1U9XG22,0.026
A0A376ML64,0.026
A0A376TMV8,0.026
A0A7U9QLM1,0.026
A0A6D0I6D6,0.026
A0A2X1N7M4,0.026
A0A2X6H347,0.026
A0A376L5W3,0.026
A0A6C9EEK5,0.026
A0A6L9AAB6,0.026
A0A377E2K7,0.026
A0A6N6WR48,0.026
A0A376JSJ5,0.026
A0A376TNC2,0.026
A0A3U0PKF6,0.026
A0A0H0G4S4,0.026
A0A377K0W0,0.026
A0A0K3LQ21,0.026
A0A769R2B0,0.026
A0A0S3PN71,0.026
A0A6N8NIU2,0.026
A0A0A1AI53,0.026
A0A2X1MXU1,0.026
A0A0H3EHP4,0.026
A0A2X3JAS2,0.026
A0A024L5N0,0.026
A0A7U9AX76,0.026
A0A376TRD8,0.026
A0A0B1MHG3,0.026
A0A061L7M8,0.026
A0A2W6NXT7,0.026
A0A418H9U0,0.026
A0A3L0W105,0.026
A0A376TVZ3,0.026
A0A444R1W7,0.026
A0A2X1Q5X1,0.026
A0A085NYP5,0.026
A0A377FAF9,0.026
A0A2X2XS88,0.026
A0A377LAV1,0.026
A0A0K6A5B5,0.026
A0A2X1LCK8,0.026
A0A485JG14,0.026
A0A7T8KTZ3,0.026
A0A1V2G9F3,0.026
A0A5B9ACM7,0.026
A0A6G9HIP1,0.026
A0A0L1BT48,0.026
A0A826XAU8,0.026
A0A377DJJ4,0.026
A0A3L0VT68,0.026
A0A1U9XFW1,0.026
A0A377KBG7,0.026
A0A024L849,0.026
A0A0A7Y4B1,0.026
A0A271QSN3,0.026
A0A2X3LQ21,0.026
A0A7H9NEY5,0.026
A0A6D1ABW0,0.026
A0A7U5TH20,0.026
A0A2K9YV47,0.026
A0A6L7CLW3,0.026
A0A7H4YRM6,0.026
A0A444R917,0.026
A0A0P7LK81,0.026
A0A376KTK4,0.026
A0A343J0B3,0.026
A0A7L5VA29,0.026
A0A1U9XDV1,0.026
A0A7H9M1Y4,0.026
A0A5P8H6H2,0.026
A0A0E1SWJ3,0.026
A0A6D1A8I3,0.026
A0A376WAJ0,0.026
A0A7Z7PJM4,0.026
A0A5C8XTA1,0.026
A0A6N8NQW5,0.026
A0A376UCD5,0.026
A0A0K3JVH4,0.026
A0A3L0VTG4,0.026
A0A6D0IJD2,0.026
A0A6D2F711,0.026
A0A343J119,0.026
A0A376RTT6,0.026
A1ADE4,0.026
A0A6D0II88,0.026
A0A0H2XJA8,0.026
A0A3L0W3Y6,0.026
A0A0A8J3Y6,0.026
A0A066T024,0.026
A0A6L7CVM4,0.026
A0A0E2LJ83,0.026
A0A2X3JG10,0.026
A0A377ECA4,0.026
A0A1X3HWS8,0.026
A0A061YHU2,0.026
A0A376SC03,0.026
A0A2X1IMX8,0.026
A0A376RAV8,0.026
A0A1X3JI75,0.026
A0A2X1Q8E9,0.026
A0A2X1PRX8,0.026
A0A0K5Z6Y1,0.026
A0A376TE10,0.026
A0A153AY71,0.026
A0A0A6VQI8,0.026
A0A0H2V5B1,0.026
A0A376D3S4,0.026
A0A142EAT0,0.026
A0A0H2VCG5,0.026
A0A828U9W2,0.026
A0A377B5T8,0.026
A0A6D0DNX4,0.026
A0A5P0JIZ2,0.026
A0A1X9TM07,0.026
A0A6D1A7T2,0.026
A0A1M2I6E3,0.026
A0A377KER7,0.026
A0A376MS61,0.026
A0A0A1A2E5,0.026
A0A377DTC7,0.026
A0A193M005,0.026
A0A376L877,0.026
A0A6L7CSH3,0.026
A0A6D0EZ96,0.026
A0A376MU96,0.026
A0A210GP14,0.026
A0A6C9EIE5,0.025
A0A377KDE7,0.025
A0A6N8RBJ8,0.025
A0A2X1NC15,0.025
A0A6G4C769,0.025
A0A376TKU1,0.025
A0A6L7CSW9,0.025
A0A1X3I3B9,0.025
A0A418H9X8,0.025
A0A061YFG0,0.025
A0A0C5PL31,0.025
A0A2X1N838,0.025
A0A6C9EEX2,0.025
A0A0H3JDB4,0.025
A0A0D0LK56,0.025
A0A3L0VXG5,0.025
A0A843N2U7,0.025
A0A0B0W5A7,0.025
A0A0H3ETW3,0.025
A0A0E1SSE4,0.025
A0A6G9I2M1,0.025
A0A2W7UX85,0.025
A0A6D0YBT8,0.025
A0A0L6HM03,0.025
A0A377DI75,0.025
A0A086UD61,0.025
A0A6D0DPK1,0.025
A0A3P1YDH3,0.025
A0A6D0IJR8,0.025
A0A811VN06,0.025
A0A5B9AHE2,0.025
A0A0H3PPH2,0.025
A0A1X3I5I9,0.025
A0A5C9A8U8,0.025
A0A376ZG81,0.025
A0A376JSX1,0.025
A0A094WF56,0.025
A0A2X7DV95,0.025
A0A2L0J4M2,0.025
A0A376MJ48,0.025
A0A1V2GEC9,0.025
A0A2L0MQ76,0.025
A0A377AWN5,0.025
A0A376VPZ4,0.025
A0A485JJP8,0.025
A0A0K4KPY1,0.025
A0A377D649,0.025
A0A192CMW2,0.025
A0A4P8CC97,0.025
A0A2W6NUZ2,0.025
A0A828NRD9,0.025
A0A2H4TYR6,0.025
A0A1E5MEG0,0.025
A0A826SKN3,0.025
A0A484Y9T1,0.025
A0A7I6HAW8,0.025
A0A484Y2Y1,0.025
A0A2W6PFP4,0.025
A0A376KY17,0.025
A0A2X1JTH4,0.025
A0A377BPU0,0.025
A0A377BTY4,0.025
A0A6N8NQS8,0.025
A0A7U2GY10,0.025
A0A2X1MYZ8,0.025
A0A376RHZ9,0.025
A0A485JLZ4,0.025
A0A6G4CM73,0.025
A0A7I8YSG7,0.025
A0A2X1MI57,0.025
A0A6D0IHA8,0.025
A0A210P069,0.025
A0A377FA04,0.025
A0A5N8HBZ2,0.025
A0A2W6R7V3,0.025
A0A376S8M7,0.025
A0A0H2V658,0.025
A0A779YWA3,0.025
A0A827Y1W4,0.025
A0A2U2UCD4,0.025
A0A7L5V928,0.025
A0A3L0W1Q3,0.025
A0A4C9GZK7,0.025
A0A3L9G8Q5,0.025
A0A0H2V882,0.025
A0A376L1I0,0.025
A0A0D0LT16,0.025
A0A7H9S2E9,0.025
A0A6C8SW93,0.025
A0A376KXC7,0.025
A0A0X9MIK7,0.025
A0A376SAW7,0.025
A0A6L9A996,0.025
A0A376TR19,0.025
A0A1Q6AXY6,0.025
A0A0B0VT21,0.025
A0A376LN81,0.025
A0A377ELZ2,0.025
A0A6C9EFU1,0.025
A0A3L9G006,0.025
A0A1X1LMY4,0.025
A0A0K3TFX7,0.025
A0A377LKL5,0.025
A0A075MCV4,0.025
A0A3L0VWN8,0.025
A0A6L7A5R1,0.025
A0A6N6WNN2,0.025
A0A376ZFI0,0.025
A0A0D0N6G2,0.025
A0A649Z3Y3,0.025
A0A2X1Q5G9,0.025
A0A418HA49,0.025
A0A418GBS5,0.025
A0A1X3HX13,0.025
A0A6G4C8Q0,0.025
A0A1X3I4G3,0.025
A0A6C9EIK3,0.025
A0A3Z8XPB9,0.025
A0A0B1MVJ0,0.025
A0A418GFK7,0.025
A0A3L2VIT6,0.025
A0A6G9ZZ97,0.025
A0A376HKV6,0.025
A0A6S6LNE5,0.025
A0A485JCU2,0.025
A0A5C9AGG8,0.025
A0A0N8IRF1,0.025
A0A826Z393,0.025
A0A376SBD9,0.025
A0A0H3EIH0,0.025
A0A485JP38,0.025
A0A2X1NY62,0.025
A0A826U200,0.025
A0A4U9WF58,0.025
A0A377F8I3,0.025
A0A3P5DN82,0.025
A0A0B0VRB3,0.025
A0A377F4W0,0.025
A0A377CKH0,0.025
A0A376TM64,0.025
A0A377LD31,0.025
A0A377AT95,0.025
A0A2X1J268,0.025
A0A377DKS5,0.025
A0A2X1LNV8,0.025
A0A0H2V951,0.025
A0A376P353,0.025
A0A2T3UUK8,0.025
A0A2X1M0M6,0.025
A0A6N8NQT9,0.025
A0A0K4LDE9,0.025
A0A2X3K162,0.025
A0A6N8NP59,0.025
A0A2X1IYW0,0.025
A0A827HQB3,0.025
A0A0D4D9C8,0.025
A0A828P503,0.025
A0A1V2GAV2,0.025
A0A376LGG6,0.025
A0A085P798,0.025
A0A6D1AFX0,0.025
A0A5B9SUT0,0.025
A0A828UD79,0.025
A0A3Q0MZI7,0.025
A0A485JC71,0.025
A0A3L0VTM5,0.025
A0A0L1BJB2,0.025
A0A140WZ52,0.025
A0A376LLC1,0.025
A0A444R0H0,0.025
A0A4D0JJX2,0.025
A0A2X3K411,0.025
A0A0K5GGX3,0.025
A0A7H9NF18,0.025
A0A376RCQ1,0.025
A0A3L0W471,0.025
A0A3Y4Y8K2,0.025
A0A829L571,0.025
A0A418H499,0.025
A0A376K215,0.025
A0A376WX36,0.025
A0A376KL16,0.025
A0A6D1P739,0.025
A0A3L0VW93,0.025
A0A484VZJ9,0.025
A0A377E807,0.025
A0A0B1MFU2,0.025
A0A376P8B2,0.025
A0A377L9U0,0.025
A0A376UGT8,0.025
A0A376ZWS1,0.025
A0A3L0VVY4,0.025
A0A0P7LC01,0.025
A0A377BME4,0.025
A0A192C7W9,0.025
A0A7U1E1A6,0.025
A0A0K4ANM5,0.025
A0A6G4NT33,0.025
A0A377BA29,0.025
A0A0J3VZU1,0.025
A0A7U0K7Q4,0.025
A0A142CQJ7,0.025
A0A6D0IQA5,0.025
A0A376LDQ2,0.025
A0A5N8HCP1,0.025
A0A0L7ADA9,0.025
A0A377CM62,0.025
A0A5B9AD11,0.025
A0A376VE32,0.025
A0A2X3KB90,0.025
A0A6N9S8U3,0.025
A0A899NDT0,0.025
A0A3L9GID6,0.025
A0A376VSI2,0.025
A0A6N0IJE3,0.025
A0A6N6WN44,0.025
A0A376LFW7,0.025
A0A853WM62,0.025
A0A066Q0U0,0.025
A0A7L5P709,0.025
A0A376W0Q4,0.025
A0A376Y309,0.025
A7ZVB3,0.025
A0A376L5K4,0.025
A0A0A8KEH5,0.025
A0A2K3TW52,0.025
A0A1M1NG69,0.025
A0A3K2QGV4,0.025
A0A376RGY7,0.025
A0A376W3V8,0.025
A0A3S4KFE4,0.025
A0A5C9AGF2,0.025
A0A376LF37,0.025
A0A0H3JEZ3,0.025
A0A3L0VSI2,0.025
A3QXN2,0.025
A0A376ZHD3,0.025
A0A376Y1W5,0.025
A0A061L2H3,0.025
A0A2Z5VJV3,0.025
A0A3K0WFQ5,0.025
A0A793H8X2,0.025
A0A376KJY4,0.025
A0A0R6LN99,0.025
A0A2X1KEW5,0.025
A0A376MKY6,0.025
A0A6L7CV86,0.025
A0A2P9DZZ1,0.025
A0A1X3HYB6,0.025
A0A0H0EFF8,0.025
A0A828G9A5,0.025
A0A376X3T6,0.025
A0A377CZ59,0.025
A0A377CVE4,0.025
A0A853WM54,0.025
A0A0D8WLW5,0.025
A0A485J995,0.025
A0A0E1T2I8,0.025
A0A0A1A9U4,0.025
A0A376LEG8,0.025
A0A075MDK3,0.025
A0A376DBF0,0.025
A0A6D0IJ81,0.025
A0A377K387,0.025
A0A3S4NNG5,0.025
A0A6D0ILU5,0.025
A0A376W5C5,0.025
A0A1T1K1I4,0.025
A0A5C9AC86,0.025
A0A376DJC2,0.025
A0A376U994,0.025
A0A1Q6AUB6,0.025
A0A376L1G9,0.025
A0A447Y025,0.025
A0A0H0RPK1,0.025
A0A6D0INP7,0.025
A0A1L4J2X6,0.025
A0A376LCX2,0.025
A0A6C9EIP4,0.025
A0A5P0J594,0.025
A0A0E0XWH7,0.025
A0A2X1NAM5,0.025
A0A376ZZR3,0.025
A0A2S1J9D2,0.025
A0A6L7CMF8,0.025
A0A2W6NTM9,0.025
A0A377E118,0.025
A0A376MQV1,0.025
A0A836NCI3,0.025
A0A0H3ET63,0.025
A0A2X3KGU2,0.025
A0A377BCH1,0.025
A0A376U8S2,0.025
A0A6D0IKG6,0.025
A0A2X3K472,0.025
A0A3L0W2I6,0.025
A0A0H3JJT7,0.025
A0A6L7CRU2,0.025
A0A7A6N445,0.025
A0A2X3JNB7,0.025
A0A6N8NE00,0.024
A0A853JZ80,0.024
A0A793GVD2,0.024
A0A0K4ACF9,0.024
A0A0Q3FJB6,0.024
A0A376YEC0,0.024
A0A484X6F8,0.024
A0A377KAU1,0.024
A0A484WR74,0.024
A0A0H3JEI6,0.024
A0A2X3KFJ8,0.024
A0A192CJ80,0.024
A0A376TMB5,0.024
A0A376KXL7,0.024
A0A484YFG6,0.024
A0A377C3Q4,0.024
A0A890DGN8,0.024
A0A7D3T173,0.024
A0A066REP6,0.024
A0A3L0YFC7,0.024
A0A5B9AIV2,0.024
A0A376L0Z0,0.024
A0A418H789,0.024
A0A376WQQ3,0.024
A0A376TXN7,0.024
A0A377DW41,0.024
A0A6L7CPX5,0.024
A0A7D7HGY5,0.024
A0A484X590,0.024
A0A6N8PIE9,0.024
A0A6L7CNS8,0.024
A0A1A9NV38,0.024
A0A7H4YQD2,0.024
A0A376YJ19,0.024
A0A6D0I748,0.024
A0A2X1LBX5,0.024
A0A222ALH2,0.024
A0A4Y8GNE7,0.024
A0A377C485,0.024
A0A6C9QD17,0.024
A0A377D712,0.024
A0A376SBU4,0.024
A0A376VWE9,0.024
A0A5B9AF91,0.024
A0A854JQ95,0.024
A0A376MRD6,0.024
A0A2X3K1Z4,0.024
A0A376M7U1,0.024
A0A3S4LKA3,0.024
A0A6D0IF38,0.024
A0A140N9P7,0.024
A0A0E1SUQ8,0.024
A0A6N9SJN4,0.024
A0A2X1N5P9,0.024
A0A418H6C7,0.024
A0A376RFQ8,0.024
A0A0F3VH01,0.024
A0A6D0V322,0.024
A0A377F7A3,0.024
A0A377ELH9,0.024
A0A376U1N6,0.024
A0A891ZWH7,0.024
A0A2X3K1M3,0.024
A0A0H2V609,0.024
A0A376UDI6,0.024
A0A085P6R7,0.024
A0A3L0X1F7,0.024
A0A0K4PGF1,0.024
A0A7L7EKN2,0.024
A0A1M2F034,0.024
A0A444R0E2,0.024
A0A3U0PJ15,0.024
A0A179TBQ2,0.024
A0A3L0WD05,0.024
A0A376KWB7,0.024
A0A377B1N0,0.024
A0A376FUT2,0.024
A0A3L0VUC1,0.024
A0A6S6LFX1,0.024
A0A376LEW1,0.024
A0A765TFV8,0.024
A0A1X3ITD2,0.024
A0A6L7CM90,0.024
A0A377LCC5,0.024
A0A2X1N2H1,0.024
A0A6N6WS11,0.024
A0A3P5HCG2,0.024
A0A2P9E0E6,0.024
A0A3K0WA04,0.024
A0A376MDH8,0.024
A0A377BMM1,0.024
A0A139ZJB4,0.024
A0A0J3UW43,0.024
A0A3L0W917,0.024
A0A376TXZ8,0.024
A0A0P7LMN6,0.024
A0A4C4ZH63,0.024
A0A377EL84,0.024
A0A3L0W406,0.024
A0A6H0A2P7,0.024
A0A377LFY3,0.024
A0A899NDW4,0.024
A0A376TL49,0.024
A0A377A2N6,0.024
A0A6C9EI12,0.024
A0A3L0VUK3,0.024
A0A1W1EM69,0.024
A0A192CP52,0.024
A0A3P1Y657,0.024
A0A376U1B1,0.024
A0A6D0II95,0.024
A0A827GBW9,0.024
A0A2H4TYE5,0.024
A0A0E0Y3R9,0.024
A0A6N8Q7U3,0.024
A0A485J9Y4,0.024
A0A024KYU0,0.024
A0A223LL67,0.024
A0A376W298,0.024
A0A377DG28,0.024
A0A2A6Q1R1,0.024
A0A0E3KIC1,0.024
A0A0A0R2I7,0.024
A0A6D0IJQ6,0.024
A0A2X3K5R0,0.024
A0A3S4LXN3,0.024
A0A3P1XE10,0.024
A0A2A3V2R8,0.024
A0A6D0IW34,0.024
A0A7H9LUX0,0.024
A0A6L7A7N5,0.024
A0A1X3I5D9,0.024
A0A5N8H9X0,0.024
A0A075MA42,0.024
A0A7A9KYX2,0.024
A0A377DQ46,0.024
A0A6L7A760,0.024
A0A3L0W8S5,0.024
A0A377DKG9,0.024
A0A3L9I5F1,0.024
A0A271U778,0.024
A0A2X1KU26,0.024
A0A831GVD5,0.024
A0A376VAZ7,0.024
A0A6L7CSR4,0.024
A0A376VE19,0.024
A0A6D0IMI8,0.024
A0A5C9AAQ2,0.024
A0A376NTA3,0.024
A0A795YUI1,0.024
A0A094VR75,0.024
A0A5P0JJG5,0.024
A0A6D0FZZ8,0.024
A0A0P7NBS6,0.024
A0A376TYP5,0.024
A0A376LGG4,0.024
A0A828GEL5,0.024
A0A376ZU14,0.024
A0A376YBE1,0.024
A0A376SAR9,0.024
A0A377MSS8,0.024
A0A6D0XJH4,0.024
A0A418H4D8,0.024
A0A376VUC1,0.024
A0A2U2TWR8,0.024
A0A377BH49,0.024
A0A7A6ZND2,0.024
A0A6C7GZV2,0.024
A0A192CM74,0.024
A0A376YL82,0.024
A0A376LAT8,0.024
A0A3L9I631,0.024
A0A484XA13,0.024
A0A2X3JV88,0.024
A0A376KJA7,0.024
A0A418H6F1,0.024
A0A454A584,0.024
A0A7I8YJE3,0.024
A0A5C9AD19,0.024
A0A376Y6G7,0.024
A0A376W5Y9,0.024
A0A853K9U3,0.024
A0A6D0IJ38,0.024
A0A3P1XDB8,0.024
A0A828PIC9,0.024
A0A376W357,0.024
A0A5N8HAC5,0.024
A0A377DTQ1,0.024
A0A377A2V0,0.024
A0A376W070,0.024
A0A484X1L0,0.024
A0A376VXK2,0.024
A0A192CHC7,0.024
A0A7A6JW56,0.024
A0A377BPN9,0.024
A0A2K3TLY0,0.024
A0A2H4TNG5,0.024
A0A377BVY5,0.024
A0A2A2CGV8,0.024
A0A2W6QWI6,0.024
A0A376TM13,0.024
A0A6N0IQU1,0.024
A0A484X4Y8,0.024
A0A418H8W6,0.024
A0A376W7U7,0.024
A0A3L0WA13,0.024
A0A0H0J1E4,0.024
A0A0D3QNL3,0.024
A0A3P1WZL8,0.024
A0A376WAD0,0.024
A0A478L1C9,0.024
A0A170TVL5,0.024
A0A2W6NTN2,0.024
A0A2Z2JF86,0.024
A0A3Q9EI86,0.024
A0A376WDS0,0.024
A0A377KDM1,0.024
A0A3L0W4W0,0.024
A0A377C842,0.024
A0A377BVV8,0.024
A0A376JX76,0.024
A0A0A0GNR4,0.024
A0A377KDQ9,0.024
A0A066SW62,0.024
A0A3L9HZ68,0.024
A0A6J4EL57,0.024
A0A377F6M4,0.024
A0A376JPV7,0.024
A0A6N8NR95,0.024
A0A0H3MSI6,0.024
A0A3W4K0Q6,0.024
A0A377AV78,0.024
A0A3L0VUW9,0.024
A0A377CWL3,0.024
A0A086VBT4,0.024
A0A2X3KAE6,0.024
A0A037YHN0,0.024
A0A7A6TNA5,0.024
A0A485JDH5,0.024
A0A5C9AB05,0.024
A0A6D1ABQ5,0.024
A0A377D4L0,0.024
A0A377A5W1,0.024
A0A376LA92,0.024
A0A6D0IMK3,0.024
A0A5C9A9Q5,0.024
A0A376KRE9,0.024
A0A3L0W4L3,0.024
A0A5C8XT28,0.024
A0A2H4UFH5,0.024
A0A0K4W1Z1,0.024
A0A376JB26,0.024
A0A377D689,0.024
A0A7G2KI78,0.024
A0A6D1NZT0,0.024
A0A377D4B8,0.024
A0A2X1MV84,0.024
A0A376PK03,0.024
A0A377E3I5,0.024
A0A2X1MRK4,0.024
A0A3L0W071,0.024
A0A2U9LJK3,0.024
A0A7U1HWV5,0.024
A0A172CBV8,0.024
A0A2S8JYH2,0.024
A0A142IX58,0.024
A0A2H4TSG2,0.024
A0A377B0Q6,0.024
A0A376U4Q5,0.024
A0A376RQT1,0.024
A0A377D855,0.024
A0A8B3MAR9,0.024
A0A377K284,0.024
A0A377B5F5,0.024
A0A0C5EQ77,0.024
A0A1X3IC38,0.024
A0A376LBB7,0.024
A0A377BTG9,0.024
A0A418H5N7,0.024
A0A377DCR4,0.024
A0A2X1LDK9,0.024
A0A7A6YC02,0.024
A0A828U6W4,0.024
A0A3P1N285,0.024
A0A376W225,0.024
A0A6C9EF86,0.024
A0A0H3JI73,0.024
A0A2W8CAU5,0.024
A0A5C9A785,0.024
A0A4Y8G7C0,0.024
A0A418HA56,0.024
A0A2X1QBS1,0.024
A0A3Z2SJE3,0.024
A0A6G8FAI5,0.024
A0A418H579,0.024
A0A376TL87,0.024
A0A0H3PIS9,0.024
A0A765X941,0.024
A0A376LA18,0.024
A0A7G5F4V4,0.024
A0A2X1KJJ5,0.024
A0A6L7CID8,0.024
A0A6N8NMR1,0.024
A0A418GX34,0.024
A0A376U230,0.024
A0A3S6C6F3,0.024
A0A6C9EI51,0.024
A0A0A8J5X4,0.024
A0A376WYE6,0.024
A0A376MQZ1,0.024
A0A2X1P1B1,0.024
A0A418GL41,0.024
A0A418GUT9,0.024
A0A0A1A2F2,0.024
A0A377K091,0.024
A0A2X3KKF5,0.024
A0A0D8W7D2,0.024
A0A826XEM5,0.024
A0A2U2UCE3,0.024
A0A3P1XMR7,0.024
A0A828U3E2,0.024
A0A193LRM8,0.024
A0A485JHS1,0.024
A0A376YFZ4,0.024
A0A2H4TYT7,0.024
A0A7L5P4Z7,0.024
A0A377KAJ0,0.024
A0A1Y2XYF9,0.024
A0A2X1ISJ8,0.024
A0A377K068,0.024
A0A6N0ISP8,0.024
A0A827ZMU3,0.024
A0A418GIC6,0.024
A0A377CWR1,0.024
A0A3L0YGC3,0.024
A0A2X3KBV9,0.024
A0A377C696,0.024
A0A2X3JFZ9,0.024
A0A376WC25,0.024
A0A3P1WIG4,0.024
A0A836ZCG7,0.024
A0A3S5DW35,0.024
A0A377LFS4,0.024
A0A6G6AMG0,0.024
A0A377K8L3,0.024
A0A376VYC1,0.024
A0A0A1A9M9,0.024
A0A0F3V5I7,0.024
A0A485J9J2,0.024
A0A454XFB3,0.024
A0A7I8Z049,0.024
A0A377D8L4,0.024
A0A0D8W5V5,0.024
A0A2W6P8P3,0.024
A0A3P5DJW1,0.024
A0A142EAW6,0.024
A0A377D8W9,0.024
A0A418H594,0.024
A0A376D938,0.023
A0A377DTI9,0.023
A0A376J5A9,0.023
A0A376MM91,0.023
A0A2X3JB16,0.023
A0A1V3CF51,0.023
A0A376VQG7,0.023
A0A376S6Y8,0.023
A0A376LH07,0.023
A0A1Y2XGS8,0.023
A0A024KYP7,0.023
A0A7G2KH42,0.023
A0A827HP73,0.023
A0A854BYP9,0.023
A0A377DSB4,0.023
A0A2X3JDP1,0.023
A0A1Z1GHX9,0.023
A0A485JAJ4,0.023
A0A1X3I8I2,0.023
A0A377HFY9,0.023
A0A075UPZ9,0.023
A0A376U3A3,0.023
A0A5N3CXJ6,0.023
A0A485JGA2,0.023
A0A376KLG3,0.023
A0A3L0VXA7,0.023
A0A377DG22,0.023
A0A376SBX7,0.023
A0A376UCD0,0.023
A0A377DQN2,0.023
A0A376L1M0,0.023
A0A1X3I425,0.023
A0A660HGX1,0.023
A0A827LF38,0.023
A0A6N9SJV4,0.023
A0A376UG23,0.023
A0A5C9AN83,0.023
A0A143DWF5,0.023
A0A377L9S2,0.023
A0A7I9AF56,0.023
A0A5P0JJQ3,0.023
A0A5C9AB32,0.023
A0A3L9G3B4,0.023
A0A3L0Y786,0.023
A0A3Q0P4C9,0.023
A0A3L9G286,0.023
A0A6N9S6E1,0.023
A0A7T8KVR7,0.023
A0A791GG89,0.023
A0A376LND7,0.023
A0A067HHZ1,0.023
A0A376TFQ2,0.023
A0A376DI15,0.023
A0A376KPV1,0.023
A0A7D7KHJ7,0.023
A0A369FHC0,0.023
A0A828UEU3,0.023
A0A376Y854,0.023
A0A484X599,0.023
A0A484X2L3,0.023
A0A376VX70,0.023
A0A377C538,0.023
A0A271R054,0.023
A0A2T3UU70,0.023
A0A376U5K8,0.023
A0A826YB12,0.023
A0A0C5BXJ9,0.023
A0A454A9P9,0.023
A0A376LIX2,0.023
A0A6D1AEC3,0.023
A0A376NWU5,0.023
A0A2X1N727,0.023
A0A061KEK7,0.023
A0A066RC80,0.023
A0A3P1WZN7,0.023
A0A484WR91,0.023
A0A3U2HKM2,0.023
A0A377BAI6,0.023
A0A3L0VSH1,0.023
A0A6D0I668,0.023
A0A2X3K9D7,0.023
A0A0X5GYH5,0.023
A0A7H4YRQ4,0.023
A0A229AJ42,0.023
A0A193LMR1,0.023
A0A1X3HWF2,0.023
A0A2V2LW60,0.023
A0A6G4K4W6,0.023
A0A793CU29,0.023
A0A6D1AHS7,0.023
A0A827HS01,0.023
A0A0D8WCD5,0.023
A0A376UFS5,0.023
A0A377CX66,0.023
A0A140C713,0.023
A0A1M0W0H0,0.023
A0A515RBW6,0.023
A0A3S4NRC0,0.023
A0A811VYX2,0.023
A0A376KM99,0.023
A0A377TGZ6,0.023
A0A0D8WFJ2,0.023
A0A376VJC7,0.023
A0A5N3CR15,0.023
A0A418GRE7,0.023
A0A411AMD2,0.023
A0A2X1NDR0,0.023
A0A376ZYQ2,0.023
A0A0L7AII5,0.023
A0A376JWV2,0.023
A0A8A5TKG8,0.023
A0A6G4CI09,0.023
A0A376U7C6,0.023
A0A6N9SGH1,0.023
A0A0B0VX61,0.023
A0A7I0KPK0,0.023
A0A6N6WSK9,0.023
A0A2X1LNK6,0.023
A0A2X3JTI6,0.023
A0A3L0YFV6,0.023
A0A3Z6GBW1,0.023
A0A376MIB9,0.023
A0A1L4IWK5,0.023
A0A6L7CC63,0.023
A0A376VY16,0.023
A0A1V2GJU7,0.023
A0A811AQW5,0.023
A0A2X2Z8Q5,0.023
A0A1X9TRT7,0.023
A0A6N6WRS7,0.023
A0A376YJ68,0.023
A0A3L9GPW6,0.023
A0A376YH08,0.023
A0A1X3IBT7,0.023
A0A376KNC3,0.023
A0A376MTN0,0.023
A0A376ZW87,0.023
A0A0S3PN12,0.023
A0A828GRU2,0.023
A0A3S4NTW7,0.023
A0A376WA78,0.023
A0A3L0VUJ0,0.023
A0A444R1X6,0.023
A0A829L423,0.023
A0A0P7LZX1,0.023
A0A484YFX3,0.023
A0A2X1KBW4,0.023
A0A0E0XV27,0.023
A0A376MVE0,0.023
A0A6N8NPA8,0.023
A0A2H4TL90,0.023
A0A4C2T1U5,0.023
A0A6N8R2T3,0.023
A0A0J2D3H5,0.023
A0A484X466,0.023
A0A6G4KDJ9,0.023
A0A377F4Z1,0.023
A0A376RSG3,0.023
A0A376KR32,0.023
A0A377CFN5,0.023
A0A5C9AA32,0.023
A0A6G8FA18,0.023
A0A376VBB6,0.023
A0A781D1C3,0.023
A0A075M9G1,0.023
A0A4T4Y243,0.023
A0A376WZ54,0.023
A0A2Z2JJB7,0.023
A0A343J0J6,0.023
A0A376KUZ5,0.023
A0A377BYE5,0.023
A0A8B3M5V4,0.023
A0A376LL28,0.023
A0A0A1AEI4,0.023
A0A829L5F3,0.023
A0A218N6Y3,0.023
A0A376L5N0,0.023
A0A484YTB0,0.023
A0A377CGC9,0.023
A0A377AHY9,0.023
A0A8B3M747,0.023
A0A6D0IWT6,0.023
A0A444R024,0.023
A0A376RD42,0.023
A0A2S8I6R1,0.023
A0A377DN67,0.023
A0A0B1MP60,0.023
A0A3S5I3J8,0.023
A0A377AEP9,0.023
A0A5N8H3I7,0.023
A0A376L5E8,0.023
A0A6N8NQA3,0.023
A0A5E9S520,0.023
A0A6D0YAQ4,0.023
A0A0P7LX60,0.023
A0A793J7J0,0.023
A0A0E0XZU5,0.023
A0A444R8Z8,0.023
A0A7U9AR15,0.023
A0A0D8W3M3,0.023
A0A024LAG3,0.023
A0A1Q6APN5,0.023
A0A5P0JBP9,0.023
A0A2X3M7E4,0.023
A0A376VIS6,0.023
A0A376KJD6,0.023
A0A376RCF3,0.023
A0A3L8XK40,0.023
A0A377ABN8,0.023
A0A853KB39,0.023
A0A0K0PL05,0.023
A0A6L7CY54,0.023
A0A6D1P2C1,0.023
A0A377K0I3,0.023
A0A0E2L1Z9,0.023
A0A3Y7GIC2,0.023
A0A377BY70,0.023
A0A3G4RPX3,0.023
A0A377K992,0.023
A0A2X7FA47,0.023
A0A376VTS9,0.023
A0A2K3TJV2,0.023
A0A0L7AIB9,0.023
A0A418GI70,0.023
A0A484X4S7,0.023
A0A6L7A5X3,0.023
A0A377AK67,0.023
A0A377AT79,0.023
A0A1X3I3L3,0.023
A0A377CXG1,0.023
A0A3L0VYF1,0.023
A0A484WRM6,0.023
A0A6N6WQE9,0.023
A0A2X1KI19,0.023
A0A484X4Y1,0.023
A0A5B9APC1,0.023
A0A376U7W7,0.023
A0A5C9A9U5,0.023
A0A2X3JBJ2,0.023
A0A7D3P4V8,0.023
A0A485JP05,0.023
A0A828U483,0.023
A0A772DQD9,0.023
A0A2X1J9P8,0.023
A0A377D378,0.023
A0A377CXS7,0.023
A0A3S4K593,0.023
A0A2X1KHP0,0.023
A0A890DEY0,0.023
A0A6D0DVA6,0.023
A0A1W5T7Y2,0.023
A0A376MY06,0.023
A0A0D8W6S6,0.023
A0A418GEP2,0.023
A0A7U9AUH6,0.023
A0A376KPF4,0.023
A0A2X1KG04,0.023
A0A2X1KZJ4,0.023
A0A376TY22,0.023
A0A2W6PB63,0.023
A0A3L0W9Y4,0.023
A0A0H3JJA0,0.023
A0A418GR07,0.023
A0A2X3LZD6,0.023
A0A484VY23,0.023
A0A377BW51,0.023
A0A140CLQ4,0.023
A0A377D9Y9,0.023
A0A2X1MX90,0.023
A0A0H2VB62,0.023
A0A0E1T0Y1,0.023
A0A6D0ILZ1,0.023
A0A2W6QCN2,0.023
A0A0K3KW74,0.023
A0A0E0XVU1,0.023
A0A376Y1Y8,0.023
A0A061KYC9,0.023
A0A0A8J5C8,0.023
A0A1V2FVT7,0.023
A0A376P0R4,0.023
A0A2X1MRQ5,0.023
A0A377BYU8,0.023
A0A377KDW6,0.023
A0A376YGC5,0.023
A0A418GJK0,0.023
A0A2X3LPX9,0.023
A0A377BYR6,0.023
A0A2Z5WRC0,0.023
A0A377C040,0.023
A0A6L7CMJ2,0.023
A0A244BBD2,0.023
A0A2X3JE46,0.023
A0A6D1AFT6,0.023
A0A0A1A5T9,0.023
A0A6L7CF59,0.023
A0A7G2KGB5,0.023
A0A377HHQ9,0.023
A0A6N8NUT5,0.023
A0A223HH23,0.023
A0A377C899,0.023
A0A7B3XSB5,0.023
A0A2W6QVV9,0.023
A0A066T0Y0,0.023
A0A376KYH7,0.023
A0A377CVS7,0.023
A0A2X1MWJ1,0.023
A0A376ZNL2,0.023
A0A827XPJ8,0.023
A0A377BIT5,0.023
A0A2U9MZI8,0.023
A0A830SK79,0.023
A0A0L1BT79,0.023
A0A066SVH7,0.023
A0A6D0IEY9,0.023
A0A0K4K8M0,0.023
A0A376NYV8,0.023
A0A854BZF6,0.023
A0A484X4Q8,0.023
A0A811ASB8,0.023
A0A376Y8K7,0.023
A0A3L9GDN1,0.023
A0A1X3HYN0,0.023
A0A0V9S5D9,0.023
A0A778HSX9,0.023
A0A0E2KW87,0.023
A0A1X0YHW0,0.023
A0A831GT12,0.023
A0A7I6H6S5,0.023
A0A0P7LR49,0.023
A0A829KT76,0.023
A0A376TUK2,0.023
A0A376TIP1,0.023
A0A0A1AE31,0.023
A0A376U1X8,0.023
A0A2Y8JYE6,0.023
A0A366YC74,0.023
A0A376TG22,0.023
A0A0S3PN30,0.023
A0A2X1KVI7,0.023
A0A1M2SQU9,0.023
A0A376LCL1,0.023
A0A3L0VEF5,0.023
A0A418GN81,0.023
A0A1M0CYB4,0.023
A0A369FJ86,0.023
A0A6S6L522,0.023
A0A377DS73,0.023
A0A377D2Q9,0.023
A0A377DUF5,0.022
A0A0E1SVK6,0.022
A0A811VQH6,0.022
A0A376W6S5,0.022
A0A3L0WXK4,0.022
A0A6D0J3B8,0.022
A0A3K0WKI9,0.022
A0A1M0UMJ7,0.022
A0A6L6I0N7,0.022
A0A377LG46,0.022
A0A3V0YA46,0.022
A0A0H2VDH0,0.022
A0A1X3I578,0.022
A0A376U2L8,0.022
A0A1X3J8F3,0.022
A0A377E986,0.022
A0A2S1Y6P6,0.022
A0A418GKL0,0.022
A0A066T103,0.022
A0A0D4CCU1,0.022
A0A3Q0MZW8,0.022
A0A827JNP4,0.022
A0A5Q2GKH3,0.022
A0A376LWX2,0.022
A0A376KX55,0.022
A0A828N569,0.022
A0A811ATA0,0.022
A0A853WKX3,0.022
A0A5C9A7J5,0.022
A0A377E5K5,0.022
A0A377AFJ7,0.022
A0A811ASB5,0.022
A0A1X9TE47,0.022
A0A6L9AA31,0.022
A0A3L0WX90,0.022
A0A0F3UPC7,0.022
A0A376RCN5,0.022
A0A0H2V7T3,0.022
A0A3L0W088,0.022
A0A484YXA7,0.022
A0A3L0YH90,0.022
A0A418GXY4,0.022
A0A6C9QIS3,0.022
A0A0P7MF46,0.022
A0A377BCM8,0.022
A0A2X5WLW1,0.022
A0A346GDR1,0.022
A0A377K0K9,0.022
A0A484WQU0,0.022
A0A418H8H6,0.022
A0A830SP98,0.022
A0A2W6P8Q7,0.022
A0A3L0Y939,0.022
A0A376U6I8,0.022
A0A3L0W687,0.022
A0A222NPA6,0.022
A0A376REA9,0.022
A0A376RBJ5,0.022
A0A377DQY7,0.022
A0A3L0W1Y8,0.022
A0A6N9SHJ3,0.022
A0A2X3LXH6,0.022
A0A0H2Z3N7,0.022
A0A5C9AC91,0.022
A0A3Z6GE70,0.022
A0A2R4ACF9,0.022
A0A376WAS6,0.022
A0A377CI24,0.022
A0A376KTR7,0.022
A0A1M0WYU0,0.022
A0A376MML3,0.022
A0A418GJW0,0.022
A0A1M0D1S1,0.022
A0A376MQV0,0.022
A0A5C8XST5,0.022
A0A075MC13,0.022
A0A418H907,0.022
A0A377D0S7,0.022
A0A376UFS7,0.022
A0A484WNR7,0.022
A0A6C9QIP0,0.022
A0A1Q6AXL7,0.022
A0A0H0J3V6,0.022
A0A3R1A633,0.022
A0A6D1AD00,0.022
A0A376TMD0,0.022
A0A6N8Q5D0,0.022
A0A1X3I6S5,0.022
A0A376RM48,0.022
A0A485JCY0,0.022
A0A6D0IP36,0.022
A0A369FJ37,0.022
A0A0B0VKC1,0.022
A0A385EN15,0.022
A0A376WJ42,0.022
A0A376U4P5,0.022
A0A853JWP7,0.022
A0A0E1L3B9,0.022
A0A3S4JTU9,0.022
A0A0S3PN33,0.022
A0A376MRG2,0.022
A0A827Y8P0,0.022
A0A376TYD2,0.022
A0A376W2T2,0.022
A0A376TYD3,0.022
A0A3L0VUY7,0.022
A0A2H4TZ17,0.022
A0A829LF58,0.022
A0A140NC03,0.022
A0A2X1K2V8,0.022
A0A3L0VY13,0.022
A0A376UGY7,0.022
A0A6N8QRL4,0.022
A0A6N6WRD8,0.022
A0A3L0VU61,0.022
A0A1Y2ZFV5,0.022
A0A2X1MXE6,0.022
A0A1Q6ANS7,0.022
A0A376TNB3,0.022
A0A376KWI6,0.022
A0A376KKD6,0.022
A0A6L7CU35,0.022
A0A7A3RSE3,0.022
A0A1Y1CWF5,0.022
A0A3P1YL04,0.022
A0A076G3S8,0.022
A0A6D0DPF9,0.022
A0A377AMA9,0.022
A0A0E0XV78,0.022
A0A3P1XD41,0.022
A0A827BRV6,0.022
A0A891ZWF7,0.022
A0A376L5E2,0.022
A0A6D1AHQ7,0.022
A0A5P0JIJ6,0.022
A0A899NCQ6,0.022
A0A376DLF7,0.022
A2V705,0.022
A0A6D0IH90,0.022
A0A376M9R1,0.022
A0A6D1ABS9,0.022
A0A377BCG0,0.022
A0A1X3I830,0.022
A0A376WB24,0.022
A0A376TSZ2,0.022
A0A7A6ZSU1,0.022
A0A6L6I7S8,0.022
A0A0A0R2L1,0.022
A0A376L898,0.022
A0A3P1WHV3,0.022
A0A2S1JDQ2,0.022
A0A811AQL5,0.022
A0A377CK68,0.022
A0A376D824,0.022
A0A0K4CC78,0.022
A0A0H3MM84,0.022
A0A193M1M8,0.022
A0A0H2VCR6,0.022
A0A484YYB3,0.022
A0A485JMS2,0.022
A0A377B9R6,0.022
A0A485J7K3,0.022
A0A826WUK9,0.022
A0A376TDF5,0.022
A0A376U8G8,0.022
A0A3L0W382,0.022
A0A0B1N2L9,0.022
A0A6L7A437,0.022
A0A377CWY1,0.022
A0A7A7A2S6,0.022
A0A2X3K517,0.022
A0A6D0C8P7,0.022
A0A3P1XPQ1,0.022
A0A2X3K2T7,0.022
A0A2X1N905,0.022
A0A376MVS3,0.022
A0A6D1ABG9,0.022
A3E2D3,0.022
A0A376NVK0,0.022
A0A6L7CMC7,0.022
A0A5P0JFC0,0.022
A0A377C2G9,0.022
A0A0P7LJD7,0.022
A0A0H2Z494,0.022
A0A853EBV5,0.022
A0A4T4IDJ1,0.022
A0A376VPR2,0.022
A0A6L7CMJ7,0.022
A0A2L1F4Y2,0.022
A0A376L0G8,0.022
A0A6C9EFP6,0.022
A0A3U1VI46,0.022
A0A0J2AJ46,0.022
A0A2X3JI25,0.022
A0A899NCI6,0.022
A0A3L0VYV0,0.022
A0A6C9EF43,0.022
A0A6L7CZ94,0.022
A0A6N8QDR6,0.022
A0A376ZFD8,0.022
A0A376D792,0.022
A0A0P7P2N5,0.022
A0A6G5ZZ12,0.022
A0A3L0VW82,0.022
A0A418GKM3,0.022
A0A0H3MHD4,0.022
A0A2P9E0K7,0.022
A0A6L7CRT8,0.022
A0A377DSW5,0.022
A0A6D0I7U3,0.022
A0A0A1DZK6,0.022
A0A3L0W9L8,0.022
A0A085P3Q9,0.022
A0A6N7KFZ8,0.022
A0A077CUZ9,0.022
A0A376L2L6,0.022
A0A6L7CM17,0.022
A0A2X3K5K2,0.022
A0A2X3KB76,0.022
A0A484X349,0.022
A0A085P143,0.022
A0A377F6D2,0.022
A0A376TE67,0.022
A0A377CHP2,0.022
A0A5P0JKB1,0.022
A0A2P9E5R6,0.022
A0A7U9FTA1,0.022
A0A061L3G0,0.022
A0A376TZS7,0.022
A0A2X3K2L6,0.022
A0A7H9LPK3,0.022
A0A0K6BHE2,0.022
A0A2A2BTG9,0.022
A0A377BQG5,0.022
A0A2X1L4I3,0.022
A0A0K6A3I7,0.022
A0A075M8Q7,0.022
A0A376U7P8,0.022
A0A376KX53,0.022
A0A377K4R9,0.022
A0A836ZDB3,0.022
A0A5C8XV02,0.022
A0A828GB12,0.022
A0A6H1PRX7,0.022
A0A5C9ATZ5,0.022
A0A1X3I4A3,0.022
A0A066RAQ1,0.022
A0A2R4PF23,0.022
A0A3P1MNL1,0.022
A0A3L9BKA3,0.022
A7ZH74,0.022
A0A5C9AEV2,0.022
A0A376KWC1,0.022
A0A6N8R8A4,0.022
A0A485JKR1,0.022
A0A484X2D3,0.022
A0A4C3A8D3,0.022
A0A3P1XCM8,0.022
A0A8A5TJ70,0.022
A0A1M0PAB2,0.022
A0A376VYE3,0.022
A0A376NVA4,0.022
A0A777QCW3,0.022
A0A0H2VDU1,0.022
A0A2X1NLV4,0.022
A0A5C9AQI0,0.022
A0A3Z9RF14,0.022
A0A7U9AVM5,0.022
A0A377BPV2,0.022
A0A444R3G6,0.022
A0A444R9H8,0.022
A0A6D1AJ11,0.022
A0A1V2SYQ7,0.022
A0A377D2P0,0.022
A0A2X1N796,0.022
A0A2X3KL76,0.022
A0A0N8IVZ5,0.022
A0A376VYW4,0.022
A0A1Q6B1L4,0.022
A0A2I6F2C3,0.022
A0A1M2I3I7,0.022
A0A377AC46,0.022
A0A061K0S8,0.022
A0A6D0IDF9,0.022
A0A4V1W5G0,0.022
A0A5B9SYF7,0.022
A0A376ZM33,0.022
A0A376MUX5,0.022
A0A5N8HHV7,0.022
A0A376WUP1,0.022
A0A0H3PZQ0,0.022
A0A6N8NPM3,0.022
A0A2X3KDQ7,0.022
A0A826XXQ7,0.022
A0A418H9X1,0.022
A0A2X3LTV4,0.022
A0A376NXK0,0.022
A0A6D1ACM5,0.022
A0A2S8JQ52,0.022
A0A4Q4HUP8,0.022
A0A6D1AD89,0.022
A0A377K325,0.022
A0A234GGZ2,0.022
A0A0A6VVJ1,0.022
A0A2X3JXV3,0.022
A0A4U9UIN1,0.022
A0A377CV68,0.022
A0A376Y7P1,0.022
A0A6F8QLV7,0.022
A0A7U9AVQ5,0.022
A0A0P7P508,0.022
A0A377DZP6,0.022
A0A0Q3DPK2,0.022
A0A0J2D2Z9,0.022
A0A0H2XL10,0.022
A0A376MNT2,0.022
A0A1X3ISE6,0.022
A0A5H1ZR32,0.022
A0A485JKI1,0.022
A0A024L1B2,0.022
A0A1X3J3R2,0.022
A0A6C9SVF7,0.022
A0A6N8NR24,0.022
A0A0E0Y6W5,0.022
A0A660HKC3,0.022
A0A376VN70,0.022
A0A376RBM5,0.022
A0A3T6Z3V3,0.022
A0A1Q6AY90,0.022
A0A0H3EX89,0.022
A0A2X5PF36,0.022
A0A2X1N981,0.022
A0A377CFZ0,0.022
A0A3L5DCF9,0.022
A0A5C9ADT0,0.022
A0A3P1WUZ0,0.022
A0A377F749,0.022
A0A2X1MV68,0.022
A0A377BR53,0.022
A0A1X1LKT4,0.022
A0A376J423,0.022
A0A3L9HNC0,0.022
A0A376VDT0,0.021
A0A377E2R2,0.021
A0A376YGL5,0.021
A0A377ALY6,0.021
A0A0P7PC39,0.021
A0A3L0VW39,0.021
A0A376MGI1,0.021
A0A376J5V0,0.021
A0A377E288,0.021
A0A7I6GZJ9,0.021
A0A376WX86,0.021
A0A377B847,0.021
A0A2X1NJ34,0.021
A0A377DLA0,0.021
A0A827AM97,0.021
A0A376KXB4,0.021
A0A2W6PBX6,0.021
A0A377DX09,0.021
A0A229AM53,0.021
A0A3P5DW46,0.021
A0A447X978,0.021
A0A0G9FXS9,0.021
A0A6L7CUF5,0.021
A0A6N0IR26,0.021
A0A2X1MVB7,0.021
A0A377CXQ1,0.021
A0A3L0VWK9,0.021
A0A3S4K871,0.021
A0A3L9FYB8,0.021
A0A376Y5U9,0.021
A0A376KSX6,0.021
A0A6D0DPD9,0.021
A0A0P7MA61,0.021
A0A7U9AQV5,0.021
A0A6N8NSP7,0.021
A0A376TFV1,0.021
A0A2X3JZ64,0.021
A0A376YE01,0.021
A0A1X1LN56,0.021
A0A3L0X6P4,0.021
A0A5P0J6I2,0.021
A0A377LHW4,0.021
A0A345AMZ2,0.021
A0A377EFN2,0.021
A0A377DNC8,0.021
A0A2W6P886,0.021
A0A417ZP79,0.021
A0A2U2U9F2,0.021
A0A1W6F688,0.021
A0A376YAD4,0.021
A0A0P7L250,0.021
A0A2X1PYB9,0.021
A0A376U9S0,0.021
A0A7U5THH2,0.021
A0A827QGQ4,0.021
A0A377LHA9,0.021
A0A376YL94,0.021
A0A447X5L7,0.021
A0A376LXD1,0.021
A0A7A9LHU5,0.021
A0A376LNJ6,0.021
A0A3L0WZH5,0.021
A0A3L0X1U2,0.021
A0A484WM44,0.021
A0A3L0W4N5,0.021
A0A6N6WPF9,0.021
A0A418GA98,0.021
A0A2Z2JDC2,0.021
A0A376TL58,0.021
A0A6C9EEI7,0.021
A0A7B7GT84,0.021
A0A444R4H5,0.021
A0A444R0E1,0.021
A0A0A0R047,0.021
A0A827QFE1,0.021
A0A6G4JZ55,0.021
A0A5C8XTB7,0.021
A0A376LHU8,0.021
A0A6N6WS69,0.021
A0A4P8C2N4,0.021
A0A5N8H8M7,0.021
A0A827JZH7,0.021
A0A6C9EEQ7,0.021
A0A376W808,0.021
A0A376KY44,0.021
A0A376L2M5,0.021
A0A377BPX2,0.021
A0A0H3EFP9,0.021
A0A3L0X0G3,0.021
A0A376K667,0.021
A0A6L7CQT7,0.021
A0A2X1P4K9,0.021
A0A1X9TP09,0.021
A0A5C8XT77,0.021
A0A376ZV97,0.021
A0A2H9EIJ0,0.021
A0A376J8Z3,0.021
A0A5C9AA97,0.021
A0A0D8VYJ3,0.021
A0A376VQC0,0.021
A0A376LH40,0.021
A0A376YC77,0.021
A0A0H2V5Z2,0.021
A0A0M5X0S1,0.021
A0A376LI63,0.021
A0A4C2T0E5,0.021
A0A6D0PD36,0.021
A0A2X3KFV2,0.021
A0A7L8KC43,0.021
A0A024L375,0.021
A0A0D8WA12,0.021
A0A6L7CKF2,0.021
A0A376VD18,0.021
A0A6N7KG26,0.021
A0A0H3EXF3,0.021
A0A377F5W4,0.021
A0A168T9B9,0.021
A0A3L9GER4,0.021
A0A3P1YA64,0.021
A0A6G4C5C0,0.021
A0A376VX32,0.021
A0A6N8QJR7,0.021
A0A5C9ALI1,0.021
A0A0P7LWY1,0.021
A0A444QZI2,0.021
A0A5C8XSN6,0.021
A0A418GZZ8,0.021
A0A376MP95,0.021
A0A828U511,0.021
A0A376LJ90,0.021
A0A6N8NIM2,0.021
A0A2Y0M6W3,0.021
A0A0C5EWH1,0.021
A0A5C9A7H1,0.021
A0A2X3JRK5,0.021
A0A828U8H3,0.021
A0A7G3NPD0,0.021
A0A369FM71,0.021
A0A0A0FMZ2,0.021
A0A0H3PRH6,0.021
A0A376VR53,0.021
A0A7I0KNR4,0.021
A0A376VKB0,0.021
A0A377AKM5,0.021
A0A377BZ79,0.021
A0A826SNC4,0.021
A0A6L7CS17,0.021
A0A377K8K9,0.021
A0A6M1DLM1,0.021
A0A376TX03,0.021
A0A485JM25,0.021
A0A6D0I5E0,0.021
A0A3T4WXQ0,0.021
A0A3L9HYA4,0.021
A0A037YFC0,0.021
A0A6N8NUH7,0.021
A0A6C9EIX0,0.021
A0A0A0GC39,0.021
A0A376SCW7,0.021
A0A1X3IT30,0.021
A0A1X3IWA8,0.021
A0A0B0VPD8,0.021
A0A377B0U9,0.021
A0A377CD26,0.021
A0A0M1UJH9,0.021
A0A377DDA8,0.021
A0A485JGY4,0.021
A0A2X3KBT0,0.021
A0A377D5U4,0.021
A0A0H3MQ70,0.021
A0A484X585,0.021
A0A1X9TS37,0.021
A0A6D1ACQ6,0.021
A0A7D3P5T0,0.021
A0A6N8QMJ9,0.021
A0A0E1T1F3,0.021
A0A377JYJ0,0.021
A0A2W8GA52,0.021
A0A376G0G5,0.021
A0A0A0G3E4,0.021
A0A376ZZW9,0.021
A0A2X3J9G2,0.021
A0A0J2BSE9,0.021
A0A377AKM7,0.021
A0A826J756,0.021
A0A6N8NSM5,0.021
A0A343VQW0,0.021
A0A0H3PJF4,0.021
A0A0H2V6K8,0.021
A0A829L0F4,0.021
A0A418GS40,0.021
A0A0P7PID5,0.021
A0A377MV02,0.021
A0A193LS08,0.021
A0A376L0Z2,0.021
A0A6G2B642,0.021
A0A6N8NR82,0.021
A0A3S4MKS1,0.021
A0A229IDB7,0.021
A0A2W6PC94,0.021
A0A513QRM0,0.021
A0A838AWP9,0.021
A0A3L0VSF6,0.021
A0A3L0W023,0.021
A0A2X1LDG2,0.021
A0A0K5GHB4,0.021
A0A377E318,0.021
A0A3P1WWR7,0.021
A0A7D5FZJ3,0.021
A0A376KMY8,0.021
A0A3L0W1F7,0.021
A0A6N8NDJ3,0.021
A0A6D1AGH8,0.021
A0A376LJI7,0.021
A0A6N8NQM4,0.021
A0A376MPU4,0.021
A0A5C9AMQ0,0.021
A0A0H3JE55,0.021
A0A152VSZ6,0.021
A0A5N8HGC0,0.021
A0A2X3JKW3,0.021
A0A454A947,0.021
A0A377F7S2,0.021
A0A7A6RF94,0.021
A0A376WSL9,0.021
A0A3S4MJ07,0.021
A0A4P6ZJB7,0.021
A0A376KP17,0.021
A0A5C9AHI2,0.021
A0A6N8R8K9,0.021
A0A2P9EFU3,0.021
A0A7A6R0D7,0.021
A0A485JN43,0.021
A0A3S4JVK5,0.021
A0A1Y0PMN6,0.021
A0A5N8HG07,0.021
A0A377LLH8,0.021
A0A418GK96,0.021
A0A343J0B5,0.021
A0A6D0V1B7,0.021
A0A6H1PWN8,0.021
A0A376RNZ1,0.021
A0A0E0XWG6,0.021
A0A376RHT2,0.021
A0A376U3B4,0.021
A0A376RPM0,0.021
A0A2H9G3M2,0.021
A0A1X3HWG7,0.021
A0A377AKH5,0.021
A0A1X3IT40,0.021
A0A6N0IG64,0.021
A0A484X4R9,0.021
A0A2X3KCU4,0.021
A0A376W396,0.021
A0A0K4FWH2,0.021
A0A2X7FK15,0.021
A0A6D0IJD8,0.021
A0A2W6P4C0,0.021
A0A4Y7Z4Z0,0.021
A0A2R4AB42,0.021
A0A6N8R2P1,0.021
A0A484X1Z4,0.021
A0A376TK06,0.021
A0A0L7AND1,0.021
A0A8B3M7R0,0.021
A0A5B9ANH9,0.021
A0A2T3UWH0,0.021
A0A3L0VV10,0.021
A0A376J819,0.021
A0A376U3J6,0.021
A0A377DNF5,0.021
A0A0J2DTW3,0.021
A0A827FWV2,0.021
A0A1X9TLI9,0.021
A0A3U0SLD8,0.021
A0A854BIT1,0.021
A0A376U0G1,0.021
A0A836N7W0,0.021
A0A3L0W8C9,0.021
A0A1M0CYN4,0.021
A0A377KBJ4,0.021
A0A418GXZ9,0.021
A0A0Q2XY79,0.021
A0A0E0Y0J4,0.021
A0A376UC32,0.021
A0A3L0VWB6,0.021
A0A377BDP8,0.021
A0A377AAY8,0.021
A0A6A0KD09,0.021
A0A3L9H654,0.021
A0A7U1EBG5,0.021
A0A376K304,0.021
A0A418GTP7,0.021
A0A827EDS3,0.021
A0A085NWP4,0.021
A0A1M0Q449,0.021
A0A376U5S9,0.021
A0A2X1IX14,0.021
A0A0E2L810,0.021
A0A6N8NP53,0.021
A0A2W7BL20,0.021
A0A377HHE9,0.021
A0A2X3LPU0,0.021
A0A5C9AA49,0.021
A0A376LLP7,0.021
A0A0H3EQE3,0.021
A0A6N8NSG3,0.021
A0A7B0V092,0.021
A0A0A6VIV8,0.021
A0A6L9ABC2,0.021
A0A2X3KDD6,0.021
A0A484YG46,0.021
A0A1M2FZ12,0.021
A0A6D1A794,0.021
A0A0P7N3L6,0.021
A0A899NDD0,0.021
A0A377AZR4,0.021
A0A377C8J7,0.021
A0A7D3TNN0,0.021
A0A811ASR6,0.021
A0A418GVX9,0.021
A0A376Y1N4,0.021
A0A1X3I754,0.021
A0A0H2XLA3,0.021
A0A2X1JCL7,0.021
A0A7A7F566,0.021
A0A0H3Q3G1,0.021
A0A3L0VWA8,0.021
A0A826J4X6,0.021
A0A3P5HBM8,0.021
A0A3T6Z5Y1,0.021
A0A2X3KET1,0.021
A0A3L0VWW1,0.021
A0A3L5H2S8,0.021
A0A5C8XTI7,0.021
A0A0E2LMC6,0.021
A0A418H8C9,0.021
A0A3P1WZU9,0.021
A0A6N6WNN4,0.021
A0A2X3JWT2,0.021
A0A3L9HC49,0.021
A0A376RHQ5,0.021
A0A2X1N693,0.021
A0A0H2VDV4,0.021
A0A829L295,0.021
A0A2W6PBC3,0.021
A0A376L5S5,0.021
A0A3L5Q4M2,0.021
A0A377B896,0.021
A0A5C9A833,0.021
A0A485J929,0.021
A0A7T7GQE6,0.021
A0A2X1N5Y1,0.021
A0A484X456,0.021
A0A418H8U4,0.021
A0A418H7G7,0.021
A0A779QJ58,0.021
A0A0C5B365,0.021
A0A6N9SEQ0,0.021
A0A376TPW9,0.021
A0A4P8C3J8,0.021
A0A3L9HYS6,0.021
A0A377APD2,0.021
A0A376YAK6,0.021
A0A0B1MFH1,0.021
A0A376U776,0.02
A0A066R5W4,0.02
A0A0A1E537,0.02
A0A5P0JA07,0.02
A0A0A0R287,0.02
A0A286S0J1,0.02
A0A7A6N9Y0,0.02
A0A444R8A7,0.02
A0A826SGV1,0.02
A0A376RGV4,0.02
A0A376DAF8,0.02
A0A376SB55,0.02
A0A3L0W3T2,0.02
A0A0E0Y0T4,0.02
A0A3K9T7Q1,0.02
A0A7U5YWL8,0.02
A0A6N8NS57,0.02
A0A3L9FTC9,0.02
A0A024KZK2,0.02
A0A3A6T6D0,0.02
A0A384ZT88,0.02
A0A2X1MZX7,0.02
A0A484YLQ7,0.02
A0A418GD04,0.02
A0A377ARD5,0.02
A0A3L0W6J6,0.02
A0A2X1K7X4,0.02
A0A0E1ST99,0.02
A0A3S7M9Y9,0.02
A0A5C9AGV7,0.02
A0A141BRB4,0.02
A0A6D1ACG0,0.02
A0A377BGU5,0.02
A0A0E1LBK4,0.02
A0A5P0JJ09,0.02
A0A376Y3J1,0.02
A0A376SBH6,0.02
A0A376Y9G6,0.02
A0A484WRH2,0.02
A0A418GUG4,0.02
A0A6N0IMD8,0.02
A0A376RQR5,0.02
A0A485J6R5,0.02
A0A376L5W8,0.02
A0A2X3K496,0.02
A0A6L7CTB2,0.02
A0A2X3JXD9,0.02
A0A7G3NPU9,0.02
A7ZM17,0.02
A0A899NCC5,0.02
A0A376MT55,0.02
A0A1U9T3P8,0.02
A0A3L0VSK3,0.02
A0A3L5N7W4,0.02
A0A0E3MUZ9,0.02
A0A376NR86,0.02
A0A0K3RCT8,0.02
A0A376VFI9,0.02
A0A2X1KG03,0.02
A0A6L7A383,0.02
A0A377K0W7,0.02
A0A484YTJ6,0.02
A0A220QIZ3,0.02
A0A377F4C5,0.02
A0A1X3IXU6,0.02
A0A085P205,0.02
A0A376MV86,0.02
A0A376W267,0.02
A0A376U7H6,0.02
A0A5N3CQ43,0.02
A0A485JGG7,0.02
A0A377DCT1,0.02
A0A6L7A0X9,0.02
A0A7A7UPI4,0.02
A0A3Z6GCX4,0.02
A0A0H2Z4A3,0.02
A0A376MMB9,0.02
A0A376Q0T9,0.02
A0A2X1N1F9,0.02
A0A061YFJ1,0.02
A0A6G4CGR4,0.02
A0A377JYR8,0.02
A0A377D0Z2,0.02
A0A7G8AEJ1,0.02
A0A377C8L7,0.02
A0A789M9N5,0.02
A0A1X3I8D4,0.02
A0A377DUK6,0.02
A0A1V2GGD6,0.02
A0A6D0IPB7,0.02
A0A3P1YAZ8,0.02
A0A376RR79,0.02
A0A828GZH0,0.02
A0A7A6LU14,0.02
A0A376MHY3,0.02
A0A2X1NEI2,0.02
A0A3L0W657,0.02
A0A6D1A823,0.02
A0A376WAQ6,0.02
A0A444R3Y3,0.02
A0A1W1EMB0,0.02
A0A0L7ANF2,0.02
A0A376TS65,0.02
A0A377E700,0.02
A0A377C1M3,0.02
A0A376DC68,0.02
A0A377LB39,0.02
A0A828P1D1,0.02
A0A376KKH3,0.02
A0A827LP58,0.02
A0A6C9EH50,0.02
A0A447XXL7,0.02
A0A377DYA7,0.02
A0A3L0W9I9,0.02
A0A6G4C5P4,0.02
A0A0H2V9W1,0.02
A0A6L7CRY8,0.02
A0A6D0IBM8,0.02
A0A793CUB3,0.02
A0A376RGI9,0.02
A0A377DEM4,0.02
A0A6N8NRG4,0.02
A0A4P8C9T7,0.02
A0A377BBU9,0.02
A0A376VB39,0.02
A0A5B9T089,0.02
A0A6D1AGK0,0.02
A0A2Y8KK18,0.02
A0A418GWI1,0.02
A0A6L9AB58,0.02
A0A377DMS4,0.02
A0A6C9EIA5,0.02
A0A377HH97,0.02
A0A7I9AG59,0.02
A0A0F3UQZ3,0.02
A0A2X1NED8,0.02
A0A418H9I5,0.02
A0A377F8J0,0.02
A0A2G8ZLY6,0.02
A0A376VXH3,0.02
A0A376LHR7,0.02
A0A1Q6AXW2,0.02
A0A271U105,0.02
A0A3P1XFI8,0.02
A0A3L9HK21,0.02
A0A376TJZ0,0.02
A0A0H2Z142,0.02
A0A3L0VZW7,0.02
A0A3P1WW65,0.02
A0A2X3JIY6,0.02
A0A3L0VUN9,0.02
A0A6D0IVZ7,0.02
A0A3L0X5P2,0.02
A0A6D0IMM0,0.02
A0A3G4RPT8,0.02
A0A140RDS9,0.02
A0A163CJB4,0.02
A0A0A1A1Z5,0.02
A0A376TJP3,0.02
A0A377E680,0.02
A0A376MHI0,0.02
A0A3Z6GEF5,0.02
A0A3P1XVU2,0.02
A0A377E0E4,0.02
A0A377CE26,0.02
A0A376U0H0,0.02
A0A6N8N9Y2,0.02
A0A773PGT8,0.02
A0A2Y0DLY5,0.02
A0A3P1XGA3,0.02
A0A3S4KII1,0.02
A0A649Z463,0.02
A0A376TXP2,0.02
A0A376DFP0,0.02
A0A376TMQ3,0.02
A0A376MJZ7,0.02
A0A377DMF0,0.02
A0A5B9A9T1,0.02
A0A7A6ZGT5,0.02
A0A0F3TMH4,0.02
A0A1Q6BGY1,0.02
A0A376Y4S8,0.02
A0A2X3K7S6,0.02
A0A0E2KZ15,0.02
A0A3L0YD32,0.02
A0A377A2F5,0.02
A0A377C340,0.02
A0A3Y5KS68,0.02
A0A6N6WQZ0,0.02
A0A0Q3IC01,0.02
A0A418H9H3,0.02
A0A376LGU1,0.02
A0A418H9C2,0.02
A0A5C9ABG9,0.02
A0A2X3KMR9,0.02
A0A7A6VTQ3,0.02
A0A0H3EEP8,0.02
A0A7U9APU9,0.02
A0A376X988,0.02
A0A0D8W6F0,0.02
A0A377A3N2,0.02
A0A6D1ADN7,0.02
A0A192CJE1,0.02
A0A826WYZ1,0.02
A0A377F8V8,0.02
A0A3L0WY96,0.02
A0A377E389,0.02
A0A6G4CJG0,0.02
A0A376W438,0.02
A0A3Q8G4A6,0.02
A0A418H9Q6,0.02
A0A0J2B3E4,0.02
A0A376UA64,0.02
A0A2J1DGW9,0.02
A0A377ACX5,0.02
A0A0L1AMK5,0.02
A0A377EL66,0.02
A0A377KDL9,0.02
A0A376VVB0,0.02
A0A7G8AFD4,0.02
A0A5P0JF94,0.02
A0A376ZSC4,0.02
A0A377CW40,0.02
A0A3S5DUV4,0.02
A0A0A0G813,0.02
A0A3L0VWU3,0.02
A0A376YG19,0.02
A0A776KIY5,0.02
A0A2H9EZV2,0.02
A0A0L1BT43,0.02
A0A0J8ZNS6,0.02
A0A1X3I8Y3,0.02
A0A811APM3,0.02
A0A1Q6AVG9,0.02
A0A376P2E9,0.02
A0A5C9AH60,0.02
A0A0H3PKJ0,0.02
A0A061Y613,0.02
A0A376VEQ9,0.02
A0A376D4F2,0.02
A0A3L9I778,0.02
A0A066Q0N8,0.02
A0A1J8N0M0,0.02
A0A1X3HWP0,0.02
A0A2H5BZT8,0.02
A0A376VC06,0.02
A0A075MAR9,0.02
A0A6N8QWU1,0.02
A0A418H1N3,0.02
A0A376L4Y7,0.02
A0A0E0XYT9,0.02
A0A3P5HHE6,0.02
A0A376JPR1,0.02
A0A3L0X6N3,0.02
A0A0A0FJA2,0.02
A0A2X6FUV6,0.02
A0A376P7H6,0.02
A0A5Q4ZZ10,0.02
A0A418GJ14,0.02
A0A2U2V4B2,0.02
A0A376K3G6,0.02
A0A2X3JR57,0.02
A0A140WZ01,0.02
A0A0F3VDN8,0.02
A0A2X1JPC4,0.02
A0A3S4K764,0.02
A0A376MTN2,0.02
A0A3L0W2I1,0.02
A0A376P8U3,0.02
A0A2P9ELD7,0.02
A0A2H9G8G9,0.02
A0A2X3LYS5,0.02
A0A376U243,0.02
A0A1V2GFW3,0.02
A0A3L9IAA5,0.02
A0A6D0ILM9,0.02
A0A2X1N2K6,0.02
A0A1W5YSZ9,0.02
A0A376VHQ8,0.02
A0A0A8J6M0,0.02
A0A376JN50,0.02
A0A377BL16,0.02
A0A826TMF3,0.02
A0A377K4R7,0.02
A0A2X1NN39,0.02
A0A7D7I8S3,0.02
A0A5C9ABT6,0.02
A0A376YJC9,0.02
A0A1L4IUJ5,0.02
A0A6D1AF88,0.02
A0A6D1P0X2,0.02
A0A4C7BFE5,0.02
A0A3L0VUB3,0.02
A0A485JRC2,0.02
A0A377CV06,0.02
A0A377DAK7,0.02
A0A2X3LNQ3,0.02
A0A418H7E0,0.02
A0A376VZX6,0.02
A0A061K8L9,0.02
A0A3S4K254,0.02
A0A061K4A6,0.02
A0A1X9QAI2,0.02
A0A6N8NRA4,0.02
A0A5P0JBR0,0.02
A0A377CBX4,0.02
A0A090JAN8,0.02
A0A377K8P0,0.02
A0A6N8NT07,0.02
A0A037YGI4,0.02
A0A376MIG0,0.02
A0A377LJ68,0.02
A0A7T2J533,0.02
A0A2W6P837,0.02
A0A485JKR2,0.02
A0A376MPE5,0.02
A0A0J3VTQ1,0.02
A0A4Q4HTH7,0.02
A0A376S9J2,0.02
A0A376J6J2,0.02
A0A6L9DD52,0.02
A0A418GSD9,0.02
A0A376RD72,0.02
A0A797MBL5,0.019
A0A484YIA0,0.019
A0A6L7A1C1,0.019
A0A485JC34,0.019
A0A2X3K5H4,0.019
A0A765X520,0.019
A0A447XDF5,0.019
A0A377DLG5,0.019
A0A376MW89,0.019
A0A7T2JLX8,0.019
A0A2X1L2D2,0.019
A0A2J1C6T3,0.019
A0A377DF59,0.019
A0A444R576,0.019
A0A6D2F8J7,0.019
A0A090JDX8,0.019
A0A3P1WR22,0.019
A0A7G3NR62,0.019
A0A828AL15,0.019
A0A780DKD9,0.019
A0A2X1KSI3,0.019
A0A2Y8K2V9,0.019
A0A418GGF9,0.019
A0A447XDL2,0.019
A0A6C9EHN8,0.019
A0A376ZQJ1,0.019
A0A4D6PF97,0.019
A0A485JBB7,0.019
A0A826WUG7,0.019
A0A1Q9KX85,0.019
A0A6L7CNI7,0.019
A0A3L0W1Z0,0.019
A0A6D1A613,0.019
A0A0F3UTL1,0.019
A0A793HF56,0.019
A0A3X9FB45,0.019
A0A838AVU1,0.019
A0A3L0WB10,0.019
A0A142EBB7,0.019
A0A0H0Q0S7,0.019
A0A3R0ZXZ3,0.019
A0A377A1Q6,0.019
A0A2P9EA04,0.019
A0A376KYL3,0.019
A0A7G2KIG0,0.019
A0A444R1Y1,0.019
A0A376WZQ4,0.019
A0A376PSL0,0.019
A0A377B2S3,0.019
A0A485JMG3,0.019
A0A192CDA0,0.019
A0A5B9SZT4,0.019
A0A6L7FBP0,0.019
A0A376LER0,0.019
A0A828P8I3,0.019
A0A376RNX1,0.019
A0A376KWJ3,0.019
A0A160HRM4,0.019
A0A6N8QAF6,0.019
A0A5C9AEG3,0.019
A0A3S4K7K5,0.019
A0A376X1N9,0.019
A0A2X1QBU2,0.019
A0A376TUC8,0.019
A0A5C9AB35,0.019
A0A418GFM0,0.019
A0A377K159,0.019
A0A7T2JNN6,0.019
A0A454A7E1,0.019
A0A774D6Q6,0.019
A0A828ABH9,0.019
A0A3L0VTP8,0.019
A0A1X3J161,0.019
A0A1W5T7W1,0.019
A0A5C9AS67,0.019
A0A376L5E5,0.019
A0A376NUM7,0.019
A0A2H4TY95,0.019
A0A826Z587,0.019
A0A6C8UA97,0.019
A0A376U6W4,0.019
A0A7G2KG80,0.019
A0A376RJ61,0.019
A0A377DR56,0.019
A0A828GSI6,0.019
A0A5C9A7D3,0.019
A0A6N9SI36,0.019
A0A2X7Q157,0.019
A0A376TGX4,0.019
A0A3L9I296,0.019
A0A376RAL3,0.019
A0A0E0Y203,0.019
A0A7D7DLE2,0.019
A0A3P1WZV5,0.019
A0A6D1ADM0,0.019
A0A6D0IIG3,0.019
A0A0K4LSL8,0.019
A0A6N6WP21,0.019
A0A6D1A8P4,0.019
A0A1L5YR39,0.019
A0A376P7W6,0.019
A0A376VY71,0.019
A0A0D0N6N5,0.019
A0A377AYM1,0.019
A0A7G3NR16,0.019
A0A3L0VVZ9,0.019
A0A6D0L2V4,0.019
A0A2X1NA88,0.019
A0A0P7P6S0,0.019
A0A1Q6AVS0,0.019
A0A366VHY1,0.019
A0A418GT88,0.019
A0A377FB94,0.019
A0A0H3PP22,0.019
A0A377DE50,0.019
A0A0B0VT16,0.019
A0A0E3H166,0.019
A0A1X3HX38,0.019
A0A484X3Q6,0.019
A0A6G4JZ81,0.019
A0A343J0B4,0.019
A0A784XPQ0,0.019
A0A0H2VFP2,0.019
A0A2X1QE62,0.019
A0A6D1AEH4,0.019
A0A376KPJ0,0.019
A0A2X3M3B3,0.019
A0A0B0VQP7,0.019
A0A0X5DXG4,0.019
A0A6D0IKW0,0.019
A0A0V9GV47,0.019
A0A075MC96,0.019
A0A376P342,0.019
A0A2X1KY91,0.019
A0A7G9AA20,0.019
A0A376L8B5,0.019
A0A066RFV6,0.019
A0A376KVS1,0.019
A0A376UAX3,0.019
A0A899NI96,0.019
A0A376VNA3,0.019
A0A0P7PP34,0.019
A0A5B9SY40,0.019
A0A377K1Y1,0.019
A0A0H2Z1D1,0.019
A0A3P1XQV3,0.019
A0A0K3LNW2,0.019
A0A377BDD7,0.019
A0A826J7C9,0.019
A0A376X144,0.019
A0A3L0YCG7,0.019
A0A377K5H1,0.019
A0A0H3EU30,0.019
A0A0H3PV69,0.019
A0A376TR46,0.019
A0A2Y1ALD1,0.019
A0A899NEP7,0.019
A0A2X1KKX9,0.019
A0A0E1T448,0.019
A0A484W098,0.019
A0A377K8R4,0.019
A0A6L7CEU5,0.019
A0A376RMU3,0.019
A0A6L7CLX6,0.019
A0A827HQ97,0.019
A0A377DY12,0.019
A0A376W8G5,0.019
A0A2P9E0L1,0.019
A0A1M0D5R8,0.019
A0A0H3EFG3,0.019
A0A377CZS3,0.019
A0A5N8HGJ7,0.019
A0A376L9X0,0.019
A0A0E1SV15,0.019
A0A376JUU4,0.019
A0A377LBY5,0.019
A0A376RRW8,0.019
A0A3L9FRB0,0.019
A0A827XY64,0.019
A0A2X1K661,0.019
A0A828U8H5,0.019
A0A6D1ADB4,0.019
A0A376UGC7,0.019
A0A2A6PZY8,0.019
A0A6D1AC40,0.019
A0A376TVN3,0.019
A0A376RME7,0.019
A0A3L2Y121,0.019
A0A6N8QWV5,0.019
A0A376VQ37,0.019
A0A6D1AGY7,0.019
A0A376KS69,0.019
A0A2U9A1J4,0.019
A0A376ZKD0,0.019
A0A3S4KRR9,0.019
A0A1X3HXE0,0.019
A0A3S4NUB7,0.019
A0A377DDN0,0.019
A0A5B9A968,0.019
A0A6D1A7B9,0.019
A0A2X5GWT0,0.019
A0A376VF63,0.019
A0A6C9EHQ9,0.019
A0A024L7T1,0.019
A0A376PRS9,0.019
A0A403QZD3,0.019
A0A6D0IJ91,0.019
A0A376MW32,0.019
A0A376VSZ4,0.019
A0A377CZ57,0.019
A0A376VMT3,0.019
A0A2X1PT26,0.019
A0A376MIF5,0.019
A0A5D1FKN0,0.019
A0A811ARB0,0.019
A0A377DN11,0.019
A0A2X3JD17,0.019
A0A376D3Y2,0.019
A0A377CSC7,0.019
A0A5N8H9Q3,0.019
A0A6N6WQW1,0.019
A0A5C9ACJ1,0.019
A0A2X1L395,0.019
A0A899NKA6,0.019
A0A376ZWY9,0.019
A0A0D8WI07,0.019
A0A0E0Y2G9,0.019
A0A3P5DQF2,0.019
A0A1X3JHS4,0.019
A0A377D5X3,0.019
A0A836ZC48,0.019
A0A377K5I6,0.019
A0A2X1NJY7,0.019
A0A418H9Q4,0.019
A0A376YAI4,0.019
A0A2X3KAR0,0.019
A0A6L7CLG9,0.019
A0A3Z6GEF7,0.019
A0A2X1LGV0,0.019
A0A418H736,0.019
A0A376LJ65,0.019
A0A3P5DRT3,0.019
A0A3L0VYG4,0.019
A0A5D8MYJ5,0.019
A0A6D1A8J4,0.019
A0A376LMC8,0.019
A0A377K0W4,0.019
A0A6D0IVX3,0.019
A0A2X1MZU6,0.019
A0A829KZP9,0.019
A0A377AXZ3,0.019
A0A376D614,0.019
A0A377D5K1,0.019
A0A376WWS5,0.019
A0A377LAR4,0.019
A0A6D1ACT4,0.019
A0A369G345,0.019
A0A0K3Q4T3,0.019
A0A2S1PLK7,0.019
A0A376TMY1,0.019
A0A7A6SLV3,0.019
A0A1J8MIK4,0.019
A0A7H9NI39,0.019
A0A2X1N5T3,0.019
A0A377MZT7,0.019
A0A1C7CHM5,0.019
A0A6D0IFM0,0.019
A0A2X3M874,0.019
A0A0P7N8M8,0.019
A0A376LD24,0.019
A0A484X396,0.019
A0A2X3JQZ4,0.019
A0A0L6MZQ7,0.019
A0A1V2GI87,0.019
A0A890DE42,0.019
A0A376LF69,0.019
A0A377D2M9,0.019
A0A2X3K2E8,0.019
A0A854BKE0,0.019
A0A2X1PX15,0.019
A0A376L0T8,0.019
A0A1M0IYC5,0.019
A0A376KHW8,0.019
A0A5N8HFP6,0.019
A0A0S3PMY9,0.019
A0A376TH79,0.019
A0A4Q6H5G0,0.019
A0A827HQM5,0.019
A0A376D2C2,0.019
A0A377B415,0.019
A0A8A5TKX8,0.019
A0A0E1SWP5,0.019
A0A6N6WPJ5,0.019
A0A376TGS6,0.019
A0A377AZ50,0.019
A0A6N9S8P0,0.019
A0A376MWJ4,0.019
A7ZPI9,0.019
A0A1U9XF81,0.019
A0A6N8QD92,0.019
A0A6N0IEA8,0.019
A0A377E9V5,0.019
A0A485JJG2,0.019
A0A0H3JDE7,0.019
A0A2R4KLT8,0.019
A0A2I8SW99,0.019
A0A6L7A9Y7,0.019
A0A376P878,0.019
A0A1L4J0K9,0.019
A0A826J5S8,0.019
A0A0S3PN02,0.019
A0A376MSQ5,0.019
A0A376RD27,0.019
A0A444R0U1,0.019
A0A2X1N6C0,0.019
A0A6D0Y9S8,0.019
A0A0D8W5J6,0.019
A0A172UXS6,0.019
A0A377CC22,0.019
A0A376W0Z2,0.019
A0A5N8HE94,0.019
A0A024L4B6,0.019
A0A827DUP8,0.019
A0A3P1X0L1,0.019
A0A0C5EQ62,0.019
A0A890DHJ9,0.019
A0A3R1CFF2,0.019
A0A0L6HLJ2,0.019
A0A6L7F7F4,0.019
A0A485J784,0.019
A0A2W6Q2F9,0.019
A0A3L0W0Y3,0.019
A0A485JK60,0.019
A0A7H1KRH6,0.019
A0A1X3JFY2,0.019
A0A899NCH1,0.019
A0A2I6TC52,0.019
A0A377F628,0.019
A0A377BJL7,0.019
A0A418H5F1,0.019
A0A6N9S977,0.019
A0A377DAZ6,0.019
A0A0H0LRI5,0.019
A0A376VRV7,0.019
A0A376L1F1,0.019
A0A4Q8IK38,0.019
A0A2R4AHN5,0.019
A0A765X5W4,0.019
A0A376TML0,0.019
A0A6D0IIT3,0.019
A0A377DA68,0.019
A0A2X1N6V8,0.019
A0A6D1A7U4,0.019
A0A6L7CKE2,0.019
A0A376JVN9,0.019
A0A891ZWK7,0.019
A0A2X1MPZ7,0.019
A0A6G4NTA0,0.019
A0A061K865,0.019
A0A1Y2XNA5,0.019
A0A376L2H8,0.019
A0A376CWP7,0.019
A0A6N8QNI1,0.019
A0A376S7Z5,0.019
A0A2X1L3Z7,0.019
A0A6L7A454,0.019
A0A6G4CJG8,0.019
A0A1W5T832,0.019
A0A1Y2ZJ06,0.019
A0A2T3TNW5,0.019
A0A6N8NQJ3,0.019
A0A7H9QNW7,0.019
A0A377C7P0,0.019
A0A2X1MS12,0.019
A0A376ZZM8,0.019
A0A2X1NNH5,0.019
A0A0B1MUF8,0.019
A0A377B3T3,0.019
A0A3W5Y7P7,0.019
A0A485JHH4,0.019
A0A3T9KWH4,0.019
A0A6C9QE79,0.018
A0A0H3JFR4,0.018
A0A0E1LF15,0.018
A0A3L9JI78,0.018
A0A2W6P719,0.018
A0A376D8X1,0.018
A0A376ZM81,0.018
A0A376L438,0.018
A0A377F6H4,0.018
A0A2X1NE96,0.018
A0A826Z1W3,0.018
A0A418H8C7,0.018
A0A376W5H8,0.018
A0A6N8QCB9,0.018
A0A2P9E5D4,0.018
A0A376Y7K8,0.018
A0A5N8HEA7,0.018
A0A1X3I1D0,0.018
A0A2X1NAC1,0.018
A0A484X1Y2,0.018
A0A3L9IFV0,0.018
A0A5N8HGI4,0.018
A0A377ECF1,0.018
A0A6D0IEH4,0.018
A0A6M4EJ13,0.018
A0A3L9HIS3,0.018
A0A376TPC1,0.018
A0A376MI78,0.018
A0A0A8J4C3,0.018
A0A0E0XTV3,0.018
A0A444R2J5,0.018
A0A853K6N5,0.018
A0A377A2J5,0.018
A0A2L1F4L5,0.018
A0A4Q4HYX4,0.018
A0A192CNF4,0.018
A0A377DRG5,0.018
A0A478N0J5,0.018
A0A1M0V6Z8,0.018
A0A232PZX2,0.018
A0A0E0XYU0,0.018
A0A135PZE8,0.018
A0A376DIJ9,0.018
A0A826WQG9,0.018
A0A4U9TZ39,0.018
A0A377BQ16,0.018
A0A6L7CSB6,0.018
A0A6D0Y621,0.018
A0A1L4LG54,0.018
A0A376RKP0,0.018
A0A6C9EHU5,0.018
A0A191TA41,0.018
A0A2H4TKC8,0.018
A0A377CXX3,0.018
A0A377LLW2,0.018
A0A4T6LXL1,0.018
A0A418GPF4,0.018
A0A377AD44,0.018
A0A6L7CGT3,0.018
A0A2H4TKJ9,0.018
A0A6S6LJL1,0.018
A0A6G7K5D8,0.018
A0A376U6Q0,0.018
A0A6L7CMC4,0.018
A0A6D0IY48,0.018
A0A447XTG5,0.018
A0A376LLV8,0.018
A0A485JJ93,0.018
A0A854AG63,0.018
A0A376RKP4,0.018
A0A6D0I7E4,0.018
A0A3P1XAK7,0.018
A0A0K4LAU4,0.018
A0A376WWR1,0.018
A0A376RE87,0.018
A0A6D0I2E6,0.018
A0A854BH26,0.018
A0A377HEC9,0.018
A0A376L133,0.018
A0A444R168,0.018
A0A2X3M4G9,0.018
A0A376VC63,0.018
A0A377AZ15,0.018
A0A376WVZ0,0.018
A0A777WGX0,0.018
A0A376TZB1,0.018
A0A376UF50,0.018
A0A0B0VQV8,0.018
A0A376VTB5,0.018
A0A0V9HCR2,0.018
A0A3L0WB22,0.018
A0A377C597,0.018
A0A0E1T4G0,0.018
A0A377AW35,0.018
A0A1W5T3G8,0.018
A0A376KSN6,0.018
A0A6D0IJ40,0.018
A0A437HIP9,0.018
A0A376VDV5,0.018
A0A1W1EMC6,0.018
A0A3P1WZ23,0.018
A0A6D0V305,0.018
A0A377LDM6,0.018
A0A376VXL6,0.018
A0A6D0IBY2,0.018
A0A3L9G632,0.018
A0A2X3K212,0.018
A0A2X3JE08,0.018
A0A2Y8H278,0.018
A0A376RFD1,0.018
B0LHH4,0.018
A0A4Y5QBL5,0.018
A0A369FHM4,0.018
A0A2X1Q8G7,0.018
A0A0H3MDP9,0.018
A0A6L6I9L1,0.018
A0A0B0VU72,0.018
A0A376WYN4,0.018
A0A0K4WVM0,0.018
A0A5C9AF30,0.018
A0A828N5V6,0.018
A0A3L9GYG3,0.018
A0A1R3Y714,0.018
A0A6L6ZT50,0.018
A0A484YIS0,0.018
A0A7L8KA62,0.018
A0A0S3PN90,0.018
A0A7L5P2C6,0.018
A0A6D0G3C7,0.018
A0A376LXN1,0.018
A0A0A7RNG4,0.018
A0A0H3JNS9,0.018
A0A447Y0Z2,0.018
A0A0L6ZWR8,0.018
A0A2T3S4B3,0.018
A0A377ELS4,0.018
A0A2X1KFZ6,0.018
A0A2U2TZB5,0.018
A0A6M4P584,0.018
A0A6D1ADQ7,0.018
A0A0C2EAI8,0.018
A0A0C5EQ28,0.018
A0A0C3MIN2,0.018
A0A2A2BWK0,0.018
A0A086TN85,0.018
A0A6L6ZM16,0.018
A0A0E0Y1G2,0.018
A0A377D3K9,0.018
A0A2X8YTS1,0.018
A0A6L7A0C4,0.018
A0A6C9EEH9,0.018
A0A6D0IJ47,0.018
A0A376LFG2,0.018
A0A061K4I9,0.018
A0A3L0W3J6,0.018
A0A418H975,0.018
A0A2X1JYX5,0.018
A0A5N8HES4,0.018
A0A376VE15,0.018
A0A3P1WPM1,0.018
A0A828ANM4,0.018
A0A066SU88,0.018
A0A2A2CFS2,0.018
A0A7A6VG26,0.018
A0A377BG42,0.018
A0A0L6XV64,0.018
A0A376Y9U9,0.018
A0A2X3M0B3,0.018
A0A376VPJ7,0.018
A0A376U7R3,0.018
A0A376K0C1,0.018
A0A1X3J6B4,0.018
A0A376Y2X6,0.018
A0A377BW70,0.018
A0A2S1PKA1,0.018
A0A7A6RDP4,0.018
A0A066SW74,0.018
A0A8B3M3Z7,0.018
A0A828AL23,0.018
A0A6D0IMK1,0.018
A0A376MIE5,0.018
A0A765T283,0.018
A0A377D7S4,0.018
A0A826P3I0,0.018
A0A0H3EP56,0.018
A0A454A2J0,0.018
A0A2X1N5I9,0.018
A0A6D0IPW9,0.018
A0A377D9E6,0.018
A0A3U0PK91,0.018
A0A376H7G5,0.018
A0A3L0W451,0.018
A0A3P1WZ54,0.018
A0A6D0Y7L4,0.018
A0A377BLX9,0.018
A0A377EAA8,0.018
A0A484X7Z6,0.018
A0A0A1ERF3,0.018
A0A444R9Z0,0.018
A0A2X1JDG4,0.018
A0A0F3UUP5,0.018
A0A066RFT2,0.018
A0A2X1KGS4,0.018
A0A7A9PEW8,0.018
A0A376W2Y0,0.018
A0A444R745,0.018
A0A376KRG7,0.018
A0A2X3JD74,0.018
A0A2X1LWL6,0.018
A0A2Y0RKZ7,0.018
A0A5N8HK31,0.018
A0A167S5Z9,0.018
A0A7D5K7G1,0.018
A0A828GLU3,0.018
A0A2U2VP30,0.018
A0A377D2K1,0.018
A0A2U2V4A8,0.018
A0A376VQ26,0.018
A0A075MAE3,0.018
A0A1J0AKC7,0.018
A0A0H3PK95,0.018
A0A6L9ACG2,0.018
A0A376Y215,0.018
A0A1X3JI49,0.018
A0A142CQP1,0.018
A0A1L4J5A7,0.018
A0A7L7TNI6,0.018
A0A7I6HBF2,0.018
A0A376LBT9,0.018
A0A6C9EF88,0.018
A0A0F3S933,0.018
A0A377DZJ2,0.018
A0A0F3UPX0,0.018
A0A376WXD5,0.018
A0A377CX98,0.018
A0A140WY64,0.018
A0A0P7PKG0,0.018
A0A826X855,0.018
A0A2X1JB33,0.018
A0A2S1PPQ5,0.018
A0A376KLF3,0.018
A0A827ZMT1,0.018
A0A811ARQ1,0.018
A0A142EAW7,0.018
A0A376Y5P9,0.018
A0A7G2KH44,0.018
A0A0E0XVI6,0.018
A0A377CVJ7,0.018
A0A484X302,0.018
A0A3L9I523,0.018
A0A485JEW4,0.018
A0A6L9ABX9,0.018
A0A2X1N1E0,0.018
A0A6L7AA62,0.018
A0A376IYM6,0.018
A0A418GKM5,0.018
A0A376VK82,0.018
A0A7A9LE37,0.018
A0A377D5A4,0.018
A0A3L9HLC2,0.018
A0A377LAE6,0.018
A0A037YM95,0.018
A0A444R3E0,0.018
A0A2X1JXM4,0.018
A0A376W3M2,0.018
A0A6D1A7D0,0.018
A0A377DHY3,0.018
A0A826PQM0,0.018
A0A376ZVF3,0.018
A0A6D1A8Z3,0.018
A0A417ZYD3,0.018
A0A376LHI3,0.018
A0A447XB86,0.018
A0A377KCS6,0.018
A0A5C9A8G5,0.018
A0A1V2FV23,0.018
A0A0K3U877,0.018
A0A2X7M181,0.018
A0A377DBJ0,0.018
A0A1Q4PCA3,0.018
A0A6D1AC69,0.018
A0A3L0W693,0.018
A0A376TP46,0.018
A0A0D8W7V1,0.018
A0A376RHP6,0.018
A0A2W6P9S6,0.018
A0A811VLJ0,0.018
A0A1W6F6Q8,0.018
A0A0D7BWA9,0.018
A0A775FGU9,0.018
A0A6G6ALC1,0.018
A0A7L8KAL3,0.018
A0A5D1NW33,0.018
A0A0C5ERT2,0.018
A0A0A2S0D5,0.018
A0A1X9TNX2,0.018
A0A484VX65,0.018
A0A418GK06,0.018
A0A6L9ACI4,0.018
A0A0F3VVA0,0.018
A0A0K4J416,0.018
A0A5C9ABD9,0.018
A0A376TL04,0.018
A0A376Y4L5,0.018
A0A376TTC2,0.018
A0A377F4X4,0.018
A0A0H3MMI8,0.018
A0A6D0FAQ3,0.018
A0A6L7CN63,0.018
A0A829L7F8,0.018
A0A418GPG5,0.018
A0A828N6G6,0.018
A0A3L9ICN0,0.018
A0A376JXL4,0.018
A0A0E0Y1X4,0.018
A0A376K6Z9,0.018
A0A826XE48,0.018
A0A2X3K5C1,0.018
A0A828PDB4,0.018
A0A376S986,0.018
A0A2Y0EWX6,0.018
A0A376L0F2,0.018
A0A376UG19,0.018
A0A377DH46,0.018
A0A2X1NEV0,0.018
A0A376ZN22,0.018
A0A376VHR3,0.018
A0A0K4MYJ8,0.018
A0A061YE24,0.018
A0A376VH67,0.018
A0A376W927,0.018
A0A377KDJ0,0.018
A0A377BE93,0.018
A0A0A0GQX8,0.018
A0A2X1J5K7,0.018
A0A377KC72,0.018
A0A418H948,0.018
A0A828GIM9,0.018
A0A5B9SWL9,0.018
A0A7H9LSB6,0.018
A0A376TCZ3,0.018
A0A2X1QA20,0.018
A0A7U1HW63,0.018
A0A768L9V7,0.018
A0A2R4PEJ0,0.018
A0A376KJU6,0.018
A0A444R0A7,0.018
A0A377DS74,0.018
A0A377CB42,0.018
A0A2A2BU04,0.018
A0A376TTH0,0.018
A0A418GMC6,0.018
A0A160HRJ0,0.018
A0A376LKE1,0.018
A0A7A6N5W4,0.018
A0A3L0YJK3,0.018
A0A377E0T2,0.018
A0A3L0WA47,0.018
A0A3L9G060,0.018
A0A6D0HK37,0.018
A0A0H2V6P2,0.018
A0A376NTK7,0.018
A0A3Z6GD86,0.018
A0A377E4M2,0.018
A0A377BNB2,0.018
A0A5N8HIA0,0.018
A0A418H6R0,0.018
A0A7G2KHY0,0.018
A0A161GDD7,0.018
A0A2X1JDY5,0.018
A0A7U9FTC9,0.018
A0A3L0W374,0.018
A0A376NWF4,0.018
A0A7I6H7S7,0.018
A0A6D0IL10,0.018
A0A3L9IBS8,0.018
A0A2X3K7Y1,0.018
A0A6N6WNY8,0.018
A0A4D6PI21,0.018
A0A485J8C6,0.018
A0A0L1BM22,0.018
A0A418H9C0,0.018
A0A418GU22,0.018
A0A6D1AC01,0.018
A0A2X1JQ53,0.018
A0A2T3SVX3,0.018
A0A828GKP2,0.018
A0A7T7GQ71,0.018
A0A1X3HX66,0.018
A0A0H0J3L1,0.018
A0A6D0IJ78,0.018
A0A376TQA7,0.018
A0A6G4C4L4,0.018
A0A3V0Y8V2,0.018
A0A376YK38,0.018
A0A891ZVX4,0.018
A0A2A6Q004,0.018
A0A444QZI7,0.018
A0A2X1JSR1,0.018
A0A376HUG0,0.018
A0A0H2V3Y9,0.018
A0A0E1SXV2,0.018
A0A1M2HXM9,0.018
A0A3L0W1G0,0.018
A0A377KCK1,0.018
A0A7T3RHX5,0.018
A0A085P7J7,0.018
A0A826WZV3,0.018
A0A6D1AEU0,0.018
A0A786S961,0.018
A0A6D1AG70,0.018
A0A2X7FPH5,0.018
A0A3L9G036,0.018
A0A1J1DTN5,0.017
A0A0H3PQB0,0.017
A0A376U273,0.017
A0A2S8JK81,0.017
A0A376RKD2,0.017
A0A377CWC1,0.017
A0A418GFX7,0.017
A0A5P0JHP9,0.017
A0A828UF19,0.017
A0A376NZ56,0.017
A0A0A2RVI9,0.017
A0A5C9ACY4,0.017
A0A7U9FW86,0.017
A0A0H2Z1H0,0.017
A0A376KTZ4,0.017
A0A7B1ZHZ6,0.017
A0A829L2I1,0.017
A0A418GL18,0.017
A0A827HRB3,0.017
A0A829L2E4,0.017
A0A376JX59,0.017
A0A6N8NLT6,0.017
A0A485JMK5,0.017
A0A2P9EML7,0.017
A0A5C9AS69,0.017
A0A7U1E1Q4,0.017
A0A0B1DTG4,0.017
A0A5C8XSJ8,0.017
A0A3G2WIG0,0.017
A0A2X1LZV7,0.017
A0A2X5TJD1,0.017
A0A376WWQ5,0.017
A0A6G2GFH1,0.017
A0A3L9GH06,0.017
A0A6N8NRE0,0.017
A0A6L7CUN4,0.017
A0A0F3V6V4,0.017
A0A3Q0MU80,0.017
A0A2J1DGY5,0.017
A0A2X1N2A0,0.017
A0A2S1JAW8,0.017
A0A075MDM3,0.017
A0A0H3PM09,0.017
A0A6D1AGZ9,0.017
A0A3P1WMA6,0.017
A0A075F7E7,0.017
A0A376M6H7,0.017
A0A1Y0R0D8,0.017
A0A2H5C997,0.017
A0A6D1ACC0,0.017
A0A3L9GMX6,0.017
A0A6L7CNX8,0.017
A0A0H2VBS7,0.017
A0A377B191,0.017
A0A7A7UXH9,0.017
A0A376WBK1,0.017
A0A376TSX0,0.017
A0A2S8HMK1,0.017
A0A377CVG7,0.017
A0A377F680,0.017
A0A3L2P4V7,0.017
A0A1B1IL41,0.017
A0A376L3Q6,0.017
A0A5C8XSS6,0.017
A0A376MN49,0.017
A0A7A6W447,0.017
A0A447XG22,0.017
A0A1X3I9Y2,0.017
A0A376W7D7,0.017
A0A418GJ70,0.017
A0A3P1X0B8,0.017
A0A0A1E1S6,0.017
A0A3P1XK16,0.017
A0A6G4PLN7,0.017
A0A3L0VV04,0.017
A0A376ZNI3,0.017
A0A377DVJ3,0.017
A0A376JNU2,0.017
A0A376UH10,0.017
A0A376UD14,0.017
A0A376L8J0,0.017
A0A2X1MXK9,0.017
A0A376KSN5,0.017
A0A6D1AF76,0.017
A0A447Y2F4,0.017
A0A3L0YEZ4,0.017
A0A2X3JIX7,0.017
A0A2T3UT54,0.017
A0A6L7CMZ6,0.017
A0A0F3WHK1,0.017
A0A6D0EYH3,0.017
A0A6C9EFB7,0.017
A0A377BJ43,0.017
A0A418GNX5,0.017
A0A376CVH0,0.017
A0A2S4AC85,0.017
A0A0C2DLT8,0.017
A0A376ZZ27,0.017
A0A3G9GNI4,0.017
A0A828P830,0.017
A0A377KB58,0.017
A0A4D6PI53,0.017
A0A2X1KH45,0.017
A0A376P5U1,0.017
A0A0A1A0R6,0.017
A0A6D1NYM2,0.017
A0A2X3K2U7,0.017
A0A485JM71,0.017
A0A854JQ21,0.017
A0A853W659,0.017
A0A3A6RWY1,0.017
A0A0L6XWA3,0.017
A0A376X364,0.017
A0A377BMP4,0.017
A0A376L2G8,0.017
A0A5P0JJD0,0.017
A0A478LNU3,0.017
A0A6N8NSS8,0.017
A0A1X3ITK3,0.017
A0A485J9B7,0.017
A0A2X3JQV8,0.017
A0A2X1NR98,0.017
A0A376KQH9,0.017
A0A3L0YIX4,0.017
A0A376UEV7,0.017
A0A765T3R3,0.017
A0A0B1JI06,0.017
A0A377BAS9,0.017
A0A0U2VNK2,0.017
A0A377BC06,0.017
A0A418HAA5,0.017
A0A376U8A2,0.017
A0A376LF95,0.017
A0A376W4L9,0.017
A0A6N6WPZ6,0.017
A0A765T8Z4,0.017
A0A2X1KJV8,0.017
A0A1S0WV58,0.017
A0A3L9HID9,0.017
A0A376U744,0.017
A0A6N8NL98,0.017
A0A2I8SW95,0.017
A0A376MPZ3,0.017
A0A5C9A799,0.017
A0A484YUV1,0.017
A0A3P1WKP8,0.017
A0A126E444,0.017
A0A660HFA6,0.017
A0A3P1MIL0,0.017
A0A2X1IVP0,0.017
A0A376RL27,0.017
A0A1X3I568,0.017
A0A2X3JGS0,0.017
A0A377KF29,0.017
A0A3L0VWP5,0.017
A0A376W9T3,0.017
A0A0A0FJY7,0.017
A0A3W5Y8B4,0.017
A0A4P8C930,0.017
A0A0E2L1W5,0.017
A0A2W6NXR6,0.017
A0A376KSA9,0.017
A0A2X1IZ41,0.017
A0A2X1L230,0.017
A0A291Q019,0.017
A0A3P5HD42,0.017
A0A377BHW1,0.017
A0A376H720,0.017
A0A377AQ80,0.017
A0A3L9FR49,0.017
A0A3S4JSL4,0.017
A0A2I8SH44,0.017
A0A376KYJ8,0.017
B0ZDY4,0.017
A0A6L6ZXT3,0.017
A0A1L4J0B1,0.017
A0A0A8KD95,0.017
A0A6M1DJZ8,0.017
A0A376M890,0.017
A0A376P806,0.017
A0A066QZE5,0.017
A0A478KXY2,0.017
A0A0C2AJU4,0.017
A0A0H2VCN7,0.017
A0A376U2I0,0.017
A0A6C9Q9F6,0.017
A0A7U9FSN8,0.017
A0A0K3T4F3,0.017
A0A2S8JVL0,0.017
A0A377BGF3,0.017
A0A2X1IZ86,0.017
A0A2X1Q5M8,0.017
A0A1Q9KN49,0.017
A0A5C9ABN5,0.017
A0A2H5C564,0.017
A0A484X3P7,0.017
A0A2X7EN07,0.017
A0A3S5HRI9,0.017
A0A377D098,0.017
A0A1V2GLT2,0.017
A0A418HAB2,0.017
A0A377CF19,0.017
A0A6L7A7K0,0.017
A0A6L7CSG2,0.017
A0A6D1AE61,0.017
A0A377BYM8,0.017
A0A828U4A4,0.017
A0A3P1X8I1,0.017
A0A0S3PN58,0.017
A0A075ME94,0.017
A0A377K6K4,0.017
A0A795UZC3,0.017
A0A377KAZ2,0.017
A0A376KH44,0.017
A0A3L9HMJ4,0.017
A0A6D0I4W1,0.017
A0A066RF90,0.017
A0A0B1MX86,0.017
A0A6L7CQK2,0.017
A0A830SM89,0.017
A0A6D1ACU2,0.017
A0A792DQQ8,0.017
A0A3R0N3P6,0.017
A0A836N5X4,0.017
A0A376VZW2,0.017
A0A5C9A847,0.017
A0A376D4G4,0.017
A0A376KHZ9,0.017
A0A426ELK6,0.017
A0A1M2SXT5,0.017
A0A484WRC8,0.017
A0A377BW17,0.017
A0A7A6QZT3,0.017
A0A0E3MUW1,0.017
A0A0H3MFM2,0.017
A0A192C5F9,0.017
A0A376S7Q7,0.017
A0A418HA42,0.017
A0A376YI50,0.017
A0A7A3C2Q1,0.017
A0A167ZS90,0.017
A0A377E367,0.017
A0A0E0Y2T1,0.017
A0A418GZW3,0.017
A0A2H4TXY4,0.017
A0A6D2F8V3,0.017
A0A6D1AER4,0.017
A0A1X3J8L7,0.017
A0A376VYV0,0.017
A0A6C9EF94,0.017
A0A376MUJ4,0.017
A0A2X3KJH2,0.017
A0A0L6XZP6,0.017
A0A828U0V0,0.017
A0A6D0IJJ4,0.017
A0A6D1P1G2,0.017
A0A2X1MKF2,0.017
A0A3L0VVE1,0.017
A0A376Y5I4,0.017
A0A3L5HAX8,0.017
A0A3U0PKQ4,0.017
A0A3L0W381,0.017
A0A3P1X8D6,0.017
A0A376U6A5,0.017
A0A037YCG7,0.017
A0A5N8HLN6,0.017
A0A094WCN9,0.017
A0A5N8HMW4,0.017
A0A485J8Q7,0.017
A0A3Y4Y8J9,0.017
A0A0E1LA58,0.017
A0A377D7G3,0.017
A0A6L7CMF4,0.017
A0A6M9RK65,0.017
A0A376UGM2,0.017
A0A7A6ZD64,0.017
A0A066Q3I6,0.017
A0A6D0F0I2,0.017
A0A7M3TQG0,0.017
A0A2S0NSH2,0.017
A0A0H5SCE9,0.017
A0A447X7H3,0.017
A0A0E0XWY7,0.017
A0A2W6Q8U7,0.017
A0A6L7CPH4,0.017
A0A377AEN1,0.017
A0A3L1NLW7,0.017
A0A4C3GMU5,0.017
A0A376JY86,0.017
A0A376KP38,0.017
A0A376LQ00,0.017
A0A793DVR8,0.017
A0A2X3KFD6,0.017
A0A484VTI0,0.017
A0A376LA10,0.017
A0A444R9C0,0.017
A0A377DTG6,0.017
A0A6L7CST0,0.017
A0A377A4A2,0.017
A0A485JR61,0.017
A0A7D7KGS8,0.017
A0A418GGZ6,0.017
A0A377BSM0,0.017
A0A376SA81,0.017
A0A376VS72,0.017
A0A377DN12,0.017
A0A6M1DKV1,0.017
A0A376ZUB8,0.017
A0A094VUI5,0.017
A0A0B0VKF3,0.017
A0A485JR35,0.017
A0A6L7CP49,0.017
A0A6D1AD91,0.017
A0A0Q3HH49,0.017
A0A376U5R9,0.017
A0A376TRV3,0.017
A0A0H3JFZ9,0.017
A0A2X1MU07,0.017
A0A7Z7PIN3,0.017
A0A2Z5VK65,0.017
A0A3K3SD00,0.017
A0A2X3LP91,0.017
A0A3S4L5V3,0.017
A0A0E1ST92,0.017
A0A482KE95,0.017
A0A376ZV61,0.017
A0A3L0W1D8,0.017
A0A7H9SF65,0.017
A0A1W6ARZ0,0.017
A0A2X1KRJ4,0.017
A0A1W5T7K0,0.017
A0A2X1MWA7,0.017
A0A826X2D8,0.017
A0A376UCN1,0.017
A0A376SAG0,0.017
A0A376WTU8,0.017
A0A7I9A6R8,0.017
A0A6D0EZQ8,0.017
A0A6N8NQ11,0.017
A0A3P1XS68,0.017
A0A3L0VZW6,0.017
A0A454AAZ3,0.017
A0A346Z9R8,0.017
A0A376RD84,0.017
A0A376U9C7,0.017
A0A377D6Y8,0.017
A0A6N8NPL5,0.017
A0A3L0W5R3,0.017
A0A6N6WPV7,0.017
A0A0K0N3W0,0.017
A0A5F1USZ1,0.017
A0A7A6SBL5,0.017
A0A377B7L1,0.017
A0A2X1L2P3,0.017
A0A377LDN1,0.017
A0A376MYC0,0.017
A0A3L0VYL6,0.017
A0A377BEV0,0.017
A0A6G1XQP1,0.017
A0A377DV47,0.017
A0A376TXV6,0.017
A0A192CFR9,0.017
A0A140JXG4,0.017
A0A376LQY3,0.017
A0A376SCL0,0.017
A0A6C9EHF2,0.017
A0A376WCJ0,0.017
A0A137BZI0,0.017
A0A376TKR4,0.017
A0A2X1MTU7,0.017
A0A376WQ06,0.017
A0A4U9UE62,0.017
A0A075UHR7,0.017
A0A418HAN6,0.017
A0A6M9X0W0,0.017
A0A0K5ZTE0,0.017
A0A0H2YYW7,0.017
A0A6N8QR95,0.017
A0A2R4AB72,0.017
A0A828UAH0,0.017
A0A2A7M071,0.017
A0A7T8KUB9,0.017
A0A0F3URY4,0.017
A0A0H2V6B8,0.017
A0A376RHP4,0.017
A0A376U588,0.017
A0A6L7CET2,0.017
A0A826X786,0.017
A0A6D1ACK0,0.017
A0A377F5S0,0.017
A0A5N2YBD3,0.017
A0A3L0WCZ4,0.017
A0A826X2J5,0.017
A0A3L0X519,0.017
A0A6N6WPE3,0.017
A0A0E1T3B7,0.017
A0A1V2GEM0,0.017
A0A829L5Y3,0.017
A0A1M1WAW8,0.017
A0A485JMN2,0.017
A0A2X1NA71,0.017
A0A6N6WN87,0.017
A0A376W796,0.017
A0A376KJ36,0.017
A0A377DEU6,0.017
A0A3P1YB36,0.017
A0A218N175,0.017
A0A792DQC7,0.017
A0A2H9BQ73,0.017
A0A7A3BJZ2,0.017
A0A1X9TEZ5,0.017
A0A377F6E8,0.017
A0A6D0IHT3,0.017
A0A2Y0TFF7,0.017
A0A376W3W4,0.017
A0A6N8NP97,0.017
A0A376KNB2,0.017
A0A1V2GGC6,0.016
A0A377D263,0.016
A0A3P1WW61,0.016
A0A5P0Z4Y9,0.016
A0A376SDP3,0.016
A0A6D0ILJ9,0.016
A0A5P0JIU5,0.016
A0A0M5X0Q0,0.016
A0A097A5L6,0.016
A0A0K5SRU1,0.016
A0A2X3J8G6,0.016
A0A0E0Y0P2,0.016
A0A5C9AJX0,0.016
A0A377K4A8,0.016
A0A2X3KJA5,0.016
A0A0J2D5W8,0.016
A0A5C9ADW2,0.016
A0A376TXI2,0.016
A0A828BFD4,0.016
A0A377A536,0.016
A0A6L7CLS2,0.016
A0A244BVP7,0.016
A0A376TUC3,0.016
A0A2X3M0U9,0.016
A0A2X3K2U5,0.016
A0A3L0X6T6,0.016
A0A376HUE1,0.016
A0A7I6GZK4,0.016
A0A418GYQ6,0.016
A0A1X3HWX7,0.016
A0A797I2X8,0.016
A0A5P0JF59,0.016
A0A0C5ED47,0.016
A0A3P1Y7P0,0.016
A0A1L4J0L4,0.016
A0A0F3SBK7,0.016
A0A2X1KTQ4,0.016
A0A3A6SHS8,0.016
A0A484YRV4,0.016
A0A024L8Q8,0.016
A0A0D8W2T0,0.016
A0A8A6HA17,0.016
A0A376KNF3,0.016
A0A061YIX3,0.016
A0A377AN26,0.016
A0A827XR11,0.016
A0A4T8IND0,0.016
A0A447XFP4,0.016
A0A024KZI7,0.016
A0A3P1X8P9,0.016
A0A6D1AD67,0.016
A0A3Z6GDK3,0.016
A0A1L4J5Y8,0.016
A0A376SDQ1,0.016
A0A6D0DH21,0.016
A0A376L1N1,0.016
A0A376MKR5,0.016
A0A376SB02,0.016
A0A4T9E7Z1,0.016
A0A377C8D4,0.016
A0A418GJ49,0.016
A0A377B7Q0,0.016
A0A0Q3B6Q9,0.016
A0A377BJR8,0.016
A0A061YNN0,0.016
A0A418GZ63,0.016
A0A376D107,0.016
A0A3L0W292,0.016
A0A5B9T2P1,0.016
A0A6L7CTS5,0.016
A0A376W0F4,0.016
A0A377DR21,0.016
A0A447X773,0.016
A0A7U9AUH1,0.016
A0A085P639,0.016
A0A5N8HH10,0.016
A0A479JT11,0.016
A0A6N6WRD7,0.016
A0A6N8QHH2,0.016
A0A2X1MU84,0.016
A0A6D0IIR2,0.016
A0A6C9EF19,0.016
A0A826X7T0,0.016
A0A1L6,0.016
A0A7U5TQ69,0.016
A0A3L9FZ66,0.016
A0A3L9G5S2,0.016
A0A377C8X3,0.016
A0A0C2EA44,0.016
A0A0C5PP19,0.016
A0A484YD40,0.016
A0A3G4RT79,0.016
A0A376TH78,0.016
A0A376WQW4,0.016
A0A0C2E8S4,0.016
A0A0B0VRZ8,0.016
A0A5C9AQ55,0.016
A0A2X3KG51,0.016
A0A024L2A1,0.016
A0A768IUT0,0.016
A0A192CEM7,0.016
A0A6D0IIQ6,0.016
A0A484YAY0,0.016
A0A2X1N8J7,0.016
A0A0L6XVK2,0.016
A0A1X1LZK6,0.016
A0A0H2V907,0.016
A0A1L4J525,0.016
A0A0H3JHN8,0.016
A0A3P1X7D3,0.016
A0A6D0ILL8,0.016
A0A6N8NT11,0.016
A0A376U370,0.016
A0A8B3M5S5,0.016
A0A1V2FUG5,0.016
A0A377CXC6,0.016
A0A2P9EEZ4,0.016
A0A2X3KL07,0.016
A0A3P1XA90,0.016
A0A7H9LPT7,0.016
A0A192CII3,0.016
A0A3G4RR49,0.016
A0A377K4G5,0.016
A0A066SX81,0.016
A0A485J7G2,0.016
A0A1X3IB99,0.016
A0A0B1MTB9,0.016
A0A828NZX8,0.016
A0A7A6XAN9,0.016
A0A192C5T0,0.016
A0A418GGY8,0.016
A0A418HAY9,0.016
A0A482M9J3,0.016
A0A485JN20,0.016
A0A0K6D0H1,0.016
A0A377KDT8,0.016
A0A6L7CR50,0.016
A0A836NER5,0.016
A0A7G2KIL1,0.016
A0A6L7CRA7,0.016
A0A3U1VHU2,0.016
A0A2X1JIN7,0.016
A0A6D0EVV5,0.016
A0A5P0J4P4,0.016
A0A5B9SHD3,0.016
A0A0B1N2F2,0.016
A0A7U9APM7,0.016
A0A193LQ81,0.016
A0A6G6AKI5,0.016
A0A3P5DVK7,0.016
A0A376S8C5,0.016
A0A0H0G9V0,0.016
A0A3Z6GDM5,0.016
A0A376KTP7,0.016
A0A377A0H9,0.016
A0A2X3K6Y7,0.016
A0A6G6AK56,0.016
A0A6D0IJ10,0.016
A0A377CAT9,0.016
A0A377CY73,0.016
A0A828MDL1,0.016
A0A484WSS3,0.016
A0A6D0DN05,0.016
A0A5C9AJT4,0.016
A0A3S4K184,0.016
A0A3S4KEV3,0.016
A0A515RBU7,0.016
A1YKW2,0.016
A0A485J7H4,0.016
A0A377B8A9,0.016
A0A6D0J670,0.016
A0A7A6VYF4,0.016
A0A6N8R8T8,0.016
A0A3P1WKI5,0.016
A0A3P1XY90,0.016
A0A6C9EHQ3,0.016
A0A484YXM9,0.016
A0A2A2C9V5,0.016
A0A2X3JR87,0.016
A0A0C4ZHD7,0.016
A0A376DEF5,0.016
A0A418H430,0.016
A0A6L7CZB8,0.016
A0A3L0VWQ1,0.016
A0A0K3SCH0,0.016
A0A377CXC0,0.016
A0A377KA73,0.016
A0A3P1XUP3,0.016
A0A377E162,0.016
A0A418GIX5,0.016
A0A7T3V7F9,0.016
A0A0H0GXE1,0.016
A0A0K4TRI7,0.016
A0A6N8RBD5,0.016
A0A3J7UVH8,0.016
A0A376VMC6,0.016
A0A377BZT5,0.016
A0A0A8J7N7,0.016
A0A0E1SYE8,0.016
A0A376Y338,0.016
A0A6N8NKU5,0.016
A0A827E3Q1,0.016
A0A1V2GHL5,0.016
A0A8B3MAR5,0.016
A0A142CQF2,0.016
A0A2W6PTF9,0.016
A0A6M9RZ00,0.016
A0A3L0X7M0,0.016
A0A2H9G6Q4,0.016
A0A366YDG6,0.016
A0A0L6ZXG2,0.016
A0A5F1DV96,0.016
A0A0K4AUA0,0.016
A0A376RQF3,0.016
A0A377DNX4,0.016
A0A3R1BQD0,0.016
A0A765T5L6,0.016
A0A8B3MA61,0.016
A0A376P8P3,0.016
A0A0K3YQ44,0.016
A0A6C9QGI6,0.016
A0A4Q4I0J1,0.016
A0A377E2B9,0.016
A0A4D6PEG1,0.016
A0A376WS60,0.016
A0A0P7LQP3,0.016
A0A7A9QSW7,0.016
A0A093DRR1,0.016
A0A0L7AID4,0.016
A0A376U347,0.016
A0A376RR67,0.016
A0A376MS57,0.016
A0A3U0PKI4,0.016
A0A376X2C9,0.016
A0A376MHS6,0.016
A0A193LSD4,0.016
A0A2X1J058,0.016
A0A3Y5KS65,0.016
A0A6M1DJU6,0.016
A0A376ZMY0,0.016
A0A140CLR6,0.016
A0A377C0U9,0.016
A0A6D0IJP3,0.016
A0A6C9EIP1,0.016
A0A3S4JTL2,0.016
A0A6D0ICN8,0.016
A0A376VXU7,0.016
A0A1D8F3E5,0.016
A0A376RNG9,0.016
A0A1X3I4C9,0.016
A0A3K1R2P4,0.016
A0A0F3U7F1,0.016
A0A1X3J781,0.016
A0A0B0VFC2,0.016
A0A5C9AKY1,0.016
A0A066SV72,0.016
A0A2S0RQT4,0.016
A0A5B8P9I6,0.016
A0A1X3J4F3,0.016
A0A7A2QT31,0.016
A0A2X1N1S6,0.016
A0A376KVU1,0.016
A0A1X3J536,0.016
A0A6N9MYJ6,0.016
A0A418H679,0.016
A0A376TU97,0.016
A0A1Q6BFI2,0.016
A0A447Y5M6,0.016
A0A418GJD3,0.016
A0A376JY76,0.016
A0A3R0VSP5,0.016
A0A075UQJ4,0.016
A0A2X1PZ90,0.016
A0A376VLP0,0.016
A0A5C9A838,0.016
A0A6D0IJ95,0.016
A0A2X1MZH1,0.016
A0A811AS76,0.016
A0A376KU06,0.016
A0A660HKU1,0.016
A0A376K2C8,0.016
A0A2X1NEF5,0.016
A0A3L5H9I2,0.016
A0A377K8I4,0.016
A0A1V2STD3,0.016
A0A0E0XXY4,0.016
A0A6L7A7A4,0.016
A0A3L0VWC0,0.016
A0A376UBB5,0.016
A0A6D1A7T6,0.016
A0A5P0JHD9,0.016
A0A0E0Y2N6,0.016
A0A7A2XYT9,0.016
A0A3L0VS98,0.016
A0A0H0J0Y8,0.016
A0A376Y2H9,0.016
A0A5P0JI89,0.016
A0A1M2QY05,0.016
A0A246NPP0,0.016
A0A377F5P1,0.016
A0A2X3K118,0.016
A0A377F7E4,0.016
A0A377HEY3,0.016
A0A061KEI0,0.016
A0A376ZS05,0.016
A0A0E1TAN0,0.016
A0A4U9T7K2,0.016
A0A447X6P9,0.016
A0A4C9HLC7,0.016
A0A377CIB8,0.016
A0A1V2GBP2,0.016
A0A376NY64,0.016
A0A376ZP54,0.016
A0A376DEC4,0.016
A0A377E4A6,0.016
A0A3E1W147,0.016
A0A377DBD2,0.016
A0A376MI70,0.016
A0A5C8XTC7,0.016
A0A0U2XJZ7,0.016
A0A828GH64,0.016
A0A0E1T844,0.016
A0A0F3SR70,0.016
A0A418GDC0,0.016
A0A376KWG7,0.016
A0A2H9A4P7,0.016
A0A2R4KLG1,0.016
A0A6G3HXA0,0.016
A0A6C9QCT8,0.016
A0A2R4KLG9,0.016
A0A418GZY2,0.016
A0A193LW02,0.016
A0A376J5W5,0.016
A0A377E726,0.016
A0A377LAA0,0.016
A0A6N8QHU5,0.016
A0A5C9ABP7,0.016
A0A0K4JBA6,0.016
A0A376PNL2,0.016
A0A478R9T3,0.016
A0A2X1PVC2,0.016
A0A0E0XXP1,0.016
A0A6D0IMS6,0.016
A0A3P5DU77,0.016
A0A376K8R8,0.016
A0A7H9LN58,0.016
A0A376MWJ6,0.016
A0A192C7B3,0.016
A0A6L7CJV4,0.016
A0A418H715,0.016
A0A828G9F6,0.016
A0A3L0VVL4,0.016
A0A376LQ23,0.016
A0A376WXW4,0.016
A0A376JXN5,0.016
A0A376L2B1,0.016
A0A1Y2ZJ44,0.016
A0A2X1NP74,0.016
A0A485JJA4,0.016
A0A376KM59,0.016
A0A5C9ALZ4,0.016
A0A376WXA6,0.016
A0A376L7S6,0.016
A0A6D0UYB8,0.016
A0A444R4T2,0.016
A0A1V2FUS7,0.016
A0A4Y5QDQ8,0.016
A0A376JZQ9,0.016
A0A1Q6AXX7,0.016
A0A4U9UPU7,0.016
A0A376K4A3,0.016
A0A797M479,0.016
A0A5C9ABU4,0.016
A0A376LHZ5,0.016
A0A2W6R7Z4,0.016
A0A232PGR0,0.016
A0A6L7CM26,0.016
A0A377D209,0.016
A0A510J3K1,0.016
A0A3P1WK19,0.016
A0A7I8Z004,0.016
A0A377AQI1,0.016
A0A376KYW3,0.016
A0A376LFD1,0.016
A0A2H4TQ98,0.016
A0A0P7MIQ3,0.016
A0A3L0VTG0,0.016
A0A0C5EPX3,0.016
A0A376Y9P2,0.016
A0A0H0RBF5,0.016
A0A376KQQ2,0.016
A0A6N9MRI3,0.016
A0A6C9QF44,0.016
A0A6D0INM8,0.016
A0A853K6I4,0.016
A0A377K936,0.016
A0A2X3JQV7,0.016
A0A234XRC6,0.016
A0A376Y8D6,0.016
A0A2X1NQ95,0.016
A0A2X1NDG4,0.016
A0A2X1KHW8,0.016
A0A6D0N327,0.016
A0A4D3MCN7,0.016
A0A485JGZ8,0.016
A0A377LFJ2,0.016
A0A0H2YY85,0.016
A0A376THN2,0.016
A0A1M0K5E1,0.016
A0A376NYI2,0.015
A0A1W6AS53,0.015
A0A828N6M4,0.015
A0A418GGF5,0.015
A0A418H9K7,0.015
A0A376VXA5,0.015
A0A5N8HA72,0.015
A0A2R4PDI4,0.015
A0A3R1BB62,0.015
A0A377F6F3,0.015
A0A5S9DZE3,0.015
A0A0F7Q0D1,0.015
A0A024L2X6,0.015
A0A3L9GUI9,0.015
A0A6D0IN21,0.015
A0A376Q249,0.015
A0A377K435,0.015
A0A403PKR0,0.015
A0A8B3M7Y6,0.015
A0A0H0M1C6,0.015
A0A2Y8K1R0,0.015
A0A2X1JEJ2,0.015
A0A377CDF5,0.015
A0A5C9ADB9,0.015
A0A2X1MH02,0.015
A0A829L528,0.015
A0A066PVR3,0.015
A0A376TFV2,0.015
A0A6C9QI73,0.015
A0A2X1N900,0.015
A0A376LMP0,0.015
A0A2H4TY72,0.015
A0A2X3JAT5,0.015
A0A0C2ETG5,0.015
A0A376RAA3,0.015
A0A5C9AJM2,0.015
A0A0P7NZA9,0.015
A0A418H8P1,0.015
A0A418GMU6,0.015
A0A376TVA4,0.015
A0A0E3MUU4,0.015
A0A6D0IN73,0.015
A0A193LPY6,0.015
A0A829L5Q4,0.015
A0A377D8J3,0.015
A0A6N6WRB3,0.015
A0A377BCJ6,0.015
A0A6D0IJK5,0.015
A0A376P3D5,0.015
A0A7H9NCZ2,0.015
A0A3L0YK67,0.015
A0A778LY90,0.015
A0A3L0VUR1,0.015
A0A2X3M011,0.015
A0A0H3PL83,0.015
A0A0D8WBK2,0.015
A0A140WYB6,0.015
A0A376U9K7,0.015
A0A376PS28,0.015
A0A769ZQJ6,0.015
A0A377DU41,0.015
A0A377D4E2,0.015
A0A3L0W0C6,0.015
A0A418GTV4,0.015
A0A376CUJ3,0.015
A0A0K4LNH0,0.015
A0A2X1IYC1,0.015
A0A377E376,0.015
A0A3L9G309,0.015
A0A2R4AHL2,0.015
A0A1V3VS72,0.015
A0A377DNU5,0.015
A0A6D0IN06,0.015
A0A6D0I717,0.015
A0A376D7D0,0.015
A0A828P6T9,0.015
A0A376MWY6,0.015
A0A376TJF4,0.015
A0A6D1B2N5,0.015
A0A377BNT0,0.015
A0A3P1YDJ9,0.015
A0A8B3MAB3,0.015
A0A0E2L6U0,0.015
A0A7H9SIA9,0.015
A0A3L0W3Q7,0.015
A0A376L8T3,0.015
A0A2X3KAB4,0.015
A0A6G4BZR2,0.015
A0A2I8SUU7,0.015
A0A7U5YWQ2,0.015
A0A2T3TNF6,0.015
A0A377B8U2,0.015
A0A377N3L8,0.015
A0A5C8XSW4,0.015
A0A2X3K1T8,0.015
A0A3S6CG65,0.015
A0A377BXA7,0.015
A0A3Z8M4Q9,0.015
A0A6N8NQC5,0.015
A0A1W6I4D5,0.015
A0A376L7G4,0.015
A0A376NZU3,0.015
A0A094VRF6,0.015
A0A377B6S4,0.015
A0A485J7N6,0.015
A0A372HYG1,0.015
A0A484YYA7,0.015
A0A6D0DD94,0.015
A0A2X1MZT5,0.015
A0A6L4XQ83,0.015
A0A0P7TAZ7,0.015
A0A377N0B3,0.015
A0A2H4TYU1,0.015
A0A376TYB4,0.015
A0A7H9NT13,0.015
A0A376P1N1,0.015
A0A826Y2Q6,0.015
A0A376ZZ34,0.015
A0A6G4JZ74,0.015
A0A3L0YH23,0.015
A0A376L3T2,0.015
A0A2S8JNV0,0.015
A0A7A6TBG0,0.015
A0A485JHZ0,0.015
A0A485JLC8,0.015
A0A193M269,0.015
A0A377B730,0.015
A0A0K5NU54,0.015
A0A6G4KDH4,0.015
A0A023L8A0,0.015
A0A3L0VXC3,0.015
A0A2X1N6R8,0.015
A0A2Z2JIX0,0.015
A0A377LFP5,0.015
A0A3L9G1P3,0.015
A0A3P5DST8,0.015
A0A2U9LE31,0.015
A0A447X4I8,0.015
A0A1V3VRK6,0.015
A0A2X1MXK2,0.015
A0A376LK57,0.015
A0A377CFR7,0.015
A0A376KX46,0.015
A0A0H2V423,0.015
A0A228TDC4,0.015
A0A829LBY4,0.015
A0A377DEU9,0.015
A0A376TLR5,0.015
A0A376Y878,0.015
A0A6C9EHR0,0.015
A0A6M4P0E5,0.015
A0A377E7Y2,0.015
A0A376YA14,0.015
A0A377DZ90,0.015
A0A0M1UJT4,0.015
A0A3L9GSS7,0.015
A0A376W0Y1,0.015
A0A3L0VWT1,0.015
A0A6D0JZL0,0.015
A0A0H3MT59,0.015
A0A222C101,0.015
A0A7L5V4B3,0.015
A0A376L2Q0,0.015
A0A0M1U5B3,0.015
A0A6D1ABN9,0.015
A0A0H2V870,0.015
A0A0E2L3Q0,0.015
A0A5J9XB89,0.015
A0A6N9MZ73,0.015
A0A2L1KKL7,0.015
A0A6S6LEM7,0.015
A0A377K197,0.015
A0A376VR12,0.015
A0A7D7K9U3,0.015
A0A6G6AK58,0.015
A0A7U9AW44,0.015
A0A2A2BRZ6,0.015
A0A3T7E5C7,0.015
A0A376U0N1,0.015
A0A853EBW7,0.015
A0A769GUV3,0.015
A0A2I8SWA4,0.015
A0A376NSS3,0.015
A0A6N6WUQ7,0.015
A0A377LMD8,0.015
A0A6L7A2W8,0.015
A0A376MQA9,0.015
A0A376UCE2,0.015
A0A853WJ14,0.015
A0A2X3K3J3,0.015
A0A6D2FFD0,0.015
A0A2H4WKH5,0.015
A0A418GK61,0.015
A0A1X3JE77,0.015
A0A826TR73,0.015
A0A377CAK5,0.015
A0A376TWA5,0.015
A0A0H0J479,0.015
A0A5B9AT02,0.015
A0A3S4K1N0,0.015
A0A6C9EHW3,0.015
A0A2H9BPV5,0.015
A0A3L0VU36,0.015
A0A2W6PXM1,0.015
A0A418H368,0.015
A0A444R210,0.015
A0A377BH69,0.015
A0A376TQW3,0.015
A0A6S6L7V5,0.015
A0A377DPL2,0.015
A0A191T969,0.015
A0A376KKZ4,0.015
A0A2Y0G4X1,0.015
A0A3L0W8F6,0.015
A0A0P7NUY2,0.015
A0A1B2RAZ3,0.015
A0A142EBR2,0.015
A0A6D0IA00,0.015
A0A377D9Z8,0.015
A0A377BXU2,0.015
A0A3G4RR50,0.015
A0A377AIC6,0.015
A0A3L9JIE1,0.015
A0A376DL46,0.015
A0A377C0W6,0.015
A0A485JKD2,0.015
A0A3L0VY15,0.015
A0A6N8NMU2,0.015
A0A376UCY4,0.015
A0A4U9TY38,0.015
A0A7A7A7K7,0.015
A0A447XUL9,0.015
A0A377CSU7,0.015
A0A827XWJ2,0.015
A0A2U8T3L2,0.015
A0A2H5C0A9,0.015
A0A836N6H9,0.015
A0A066SNB3,0.015
A0A377K717,0.015
A0A444RBN6,0.015
A0A376Y155,0.015
A0A376P4A0,0.015
A0A377AGT2,0.015
A0A6D1P0K6,0.015
A0A6M6AKZ3,0.015
A0A377KE76,0.015
A0A148HQY0,0.015
A0A1B2RBU0,0.015
A0A6L7D2I1,0.015
A0A826WV03,0.015
A0A6G6AL97,0.015
A0A2W6PAQ3,0.015
A0A7L8K9Y2,0.015
A0A5P0JER9,0.015
A0A376TKN7,0.015
A0A447Y261,0.015
A0A7U5THI6,0.015
A0A3L9HLN7,0.015
A0A3R1B7D8,0.015
A0A1I7P2Q4,0.015
A0A854JU07,0.015
A0A1X3I4X9,0.015
A0A069FJR4,0.015
A0A4P6ZIM5,0.015
A0A418GP62,0.015
A0A2W6PLC0,0.015
A0A376HD08,0.015
A0A376LNH9,0.015
A0A376REQ9,0.015
A0A377CBJ0,0.015
A0A0E1T136,0.015
A0A5B9AUI7,0.015
A0A4P8C9T0,0.015
A0A376NYN9,0.015
A0A376RL49,0.015
A0A6D0IPC4,0.015
A0A6D1A8K6,0.015
A0A376NRZ3,0.015
A0A2Z5VJI0,0.015
A0A7T2JL91,0.015
A0A0H2Z1U6,0.015
A0A6G1XPW1,0.015
A0A4P8C1M5,0.015
A0A3S4KVC6,0.015
A0A811AQE0,0.015
A0A454AAX9,0.015
A0A376KJ32,0.015
A0A6N6WPL2,0.015
A0A6N8NR71,0.015
A0A376W408,0.015
A0A2K3TKD7,0.015
A0A377BF62,0.015
A0A0H2YVI9,0.015
A0A376LCB5,0.015
A0A6L7CD89,0.015
A0A376TZW7,0.015
A0A6D1AHT1,0.015
A0A376W9X1,0.015
A0A6C9EHZ5,0.015
A0A0K5ZZ86,0.015
A0A376TX75,0.015
A0A192CEQ0,0.015
A0A3S4LS41,0.015
A0A377CWH7,0.015
A0A1X3HX12,0.015
A0A377B8N0,0.015
A0A345X0C7,0.015
A0A2X1LVJ3,0.015
A0A085NW58,0.015
A1E5K6,0.015
A0A0H0GS24,0.015
A0A1X3J1B1,0.015
A0A376LPN3,0.015
A0A376RFS7,0.015
A0A484YVQ7,0.015
A0A2X1KR59,0.015
A7ZKT6,0.015
A0A418GF44,0.015
A0A7A6GE70,0.015
A0A6D1AEN0,0.015
A0A5B9AGX6,0.015
A0A3L0VXA3,0.015
A0A377C4I6,0.015
A0A376SAU5,0.015
A0A3L9HNK8,0.015
A0A377DLM5,0.015
A0A775AS69,0.015
A0A484WTI1,0.015
A0A1Y2XGL5,0.015
A0A1X3J918,0.015
A0A484YML2,0.015
A0A2X1KU00,0.015
A0A779UPW1,0.015
A0A418HAV1,0.015
A0A3J2E2T7,0.015
A0A377BAE0,0.015
A0A2X1LCL8,0.015
A0A8B5FAZ9,0.015
A0A377DIP4,0.015
A0A0F7Q4D5,0.015
A0A376LG72,0.015
A0A376TFC3,0.015
A0A2I8SWA1,0.015
A0A377CYU9,0.015
A0A066SXZ5,0.015
A0A1L4J5P5,0.015
A0A377K6B3,0.015
A0A377B7P0,0.015
A0A376W5Z8,0.015
A0A023L656,0.015
A0A0H3EGX3,0.015
A0A377E1A5,0.015
A0A1L6VZV8,0.015
A0A3L0VUA2,0.015
A0A170TV94,0.015
A0A377CWN6,0.015
A0A418GE23,0.015
A0A376L2Q1,0.015
A0A1X9TLB0,0.015
A0A3L9H808,0.015
A0A236MG07,0.015
A0A377D9P5,0.015
A0A376SA00,0.015
A0A7U9AV46,0.015
A0A3S4NU39,0.015
A0A3L0W413,0.015
A0A826WX36,0.015
A0A1Q6BD54,0.015
A0A2X1NBP8,0.015
A0A2X1N2S7,0.015
A0A376L2W9,0.015
A0A377FD30,0.015
A0A3L9GM39,0.015
A0A377BNU4,0.015
A0A376L354,0.015
A0A3L0W6G7,0.015
A0A377F8I5,0.015
A0A376VPP7,0.015
A0A192EYU0,0.015
A0A2X1KTC9,0.015
A0A2H9EHW5,0.015
A0A6D0IMQ0,0.015
A0A376MIX9,0.015
A0A2T3V063,0.015
A0A376VU43,0.015
A0A376KZP0,0.015
A0A5C8XE06,0.015
A0A0A0H2X2,0.015
A0A376MIU9,0.015
A0A3L9G1N8,0.015
A0A444R1M2,0.015
A0A376KRD5,0.015
A0A6D0IEN6,0.015
A0A0A8J4Q3,0.015
A0A5B9A840,0.015
A0A776LFH8,0.015
A0A377AXE1,0.015
A0A2X1LFD9,0.015
A0A376YA95,0.015
A0A3L9G1H0,0.015
A0A376RCC8,0.015
A0A376LN68,0.015
A0A377BX69,0.015
A0A3W4K6S4,0.015
A0A0H3MHR8,0.015
A0A0L6XY21,0.015
A0A2S1JBH4,0.015
A0A085P9L2,0.015
A0A377CVF8,0.015
A0A6G9I2L4,0.015
A0A4T6LM88,0.015
A0A376RNB5,0.015
A0A444RBT3,0.015
A0A2X6J9P8,0.015
A0A0H2YX55,0.015
A0A366YGR0,0.015
A0A377C6Z5,0.015
A0A376RLL2,0.015
A0A376TMC8,0.015
A0A377E0S7,0.015
A0A3S4NUR8,0.015
A0A377APZ7,0.015
A0A0H2V5M0,0.015
A0A2X1KM50,0.015
A0A5C9AB54,0.015
A0A377DN52,0.015
A0A376UFP4,0.015
A0A776LQH4,0.015
A0A085P309,0.015
A0A418GQR8,0.015
A0A484Y6M3,0.015
A0A377C463,0.015
A0A6N8R6B6,0.015
A0A377E5M4,0.015
A0A376P3Q8,0.015
A0A1X3I3K6,0.015
A0A377K0C4,0.015
A0A6N6WNC1,0.015
A0A7U5TI61,0.015
A0A377EAZ8,0.015
A0A6N9S2D2,0.015
A0A2X1IYI4,0.015
A0A376KX33,0.015
A0A7A6NLJ5,0.015
A0A376YJ11,0.015
A0A2X1N9N6,0.014
A0A1X3J3V3,0.014
A0A2X1K9V5,0.014
A0A2X1Q731,0.014
A0A0V9GR55,0.014
A0A061KWR9,0.014
A0A484Y5D2,0.014
A0A0D8W6G8,0.014
A0A485JFX7,0.014
A0A0E0Y4W4,0.014
A0A3S4MJK3,0.014
A0A6D0DSX9,0.014
A0A781K7K3,0.014
A0A376TE00,0.014
A0A5C9AM80,0.014
A0A376W1G4,0.014
A0A2I6FCT3,0.014
A0A3L0VUU3,0.014
A0A0D8VX38,0.014
A0A376TDR4,0.014
A0A376VMV1,0.014
A0A7A9S0V7,0.014
A0A377CH74,0.014
A0A376P5Q0,0.014
A0A024L3L0,0.014
A0A376PNH2,0.014
A0A4P6ILT8,0.014
A0A6N8NRM4,0.014
A0A5N8HKC8,0.014
A0A376WXL1,0.014
A0A6L7CN43,0.014
A0A0H2Z030,0.014
A0A3S5DVZ1,0.014
A0A765X5I7,0.014
A0A2X3K5H3,0.014
A0A377D0C4,0.014
A0A1X3JFH9,0.014
A0A3L9FPN2,0.014
A0A6D0F020,0.014
A0A444QZZ0,0.014
A0A1X9TP15,0.014
A0A377A4A1,0.014
A0A2K8FRD0,0.014
A0A444RAD7,0.014
A0A7A3C1T0,0.014
A0A854BJS4,0.014
A0A376W5Q4,0.014
A0A376U3E8,0.014
A0A178SII1,0.014
A0A485JPR4,0.014
A0A192CFK4,0.014
A0A6D1ABM6,0.014
A0A454FEE3,0.014
A0A0F6WG09,0.014
A0A2X3LP41,0.014
A0A376KT56,0.014
A0A6D0ILX2,0.014
A0A377KAS5,0.014
A0A376L9K2,0.014
A0A6D1A734,0.014
A0A6N9MS97,0.014
A0A2X1QH84,0.014
A0A3S4KX39,0.014
A0A418GRH9,0.014
A0A376TML6,0.014
A0A1X3J3T4,0.014
A0A377D3L8,0.014
A0A6L7CRH6,0.014
A0A793J7F8,0.014
A0A3P5HCK2,0.014
A0A376MJH0,0.014
A0A3B8G5Y1,0.014
A0A5C9AJB8,0.014
A0A376MWV0,0.014
A0A2X1PWF9,0.014
A0A0B1KBC0,0.014
A0A061KAG8,0.014
A0A0P7N5R4,0.014
A0A6D0IPT9,0.014
A0A0E3MUP8,0.014
A0A7T3RHQ6,0.014
A0A4P8C1C6,0.014
A0A6M4DU91,0.014
A0A0F3V8M7,0.014
A0A376RIW1,0.014
A0A899NE06,0.014
A0A377CWR0,0.014
A0A377DJI1,0.014
A0A376UET8,0.014
A0A376LB22,0.014
A0A376WB97,0.014
A0A377D489,0.014
A0A2X1MU94,0.014
A0A377F8D7,0.014
A0A444R2Y3,0.014
A0A2P1H1J7,0.014
A0A140JYU3,0.014
A0A0C2F0D3,0.014
A0A444RFC3,0.014
A0A376FU22,0.014
A0A3S4K4N4,0.014
A0A377E073,0.014
A0A826SIT2,0.014
A0A7A6VIN2,0.014
A0A376TMV3,0.014
A0A2X1M859,0.014
A0A376L3N1,0.014
A0A1V2GCL4,0.014
A0A3L0W707,0.014
A0A4C4ZU91,0.014
A0A3G4RTN8,0.014
A0A376TXM9,0.014
A0A6L6ZPZ2,0.014
A0A376JUV5,0.014
A0A2X1PSA3,0.014
A0A377BWK4,0.014
A0A6N8NRB6,0.014
A0A377E6R4,0.014
A0A484X335,0.014
A0A827LIR8,0.014
A0A377BI29,0.014
A0A447Y576,0.014
A0A376VJ47,0.014
A0A2X1L6G0,0.014
A0A5N8HDY4,0.014
A0A377AB45,0.014
A0A2X3K5R2,0.014
A0A376UCJ3,0.014
A0A024L0K2,0.014
A7ZP31,0.014
A0A1U9TPL2,0.014
A0A377DAT7,0.014
A0A3Z6GDI4,0.014
A0A828U6C3,0.014
A0A6N6WRG9,0.014
A0A376LKG8,0.014
A0A376LMW6,0.014
A0A377K9P6,0.014
A0A066T1T2,0.014
A0A7I6H1Q5,0.014
A0A0E1IEN9,0.014
A0A3G4RL59,0.014
A0A6N8NMA2,0.014
A0A0H0JYX9,0.014
A0A0H2V9N4,0.014
A0A6N8RBS0,0.014
A0A827QX32,0.014
A0A376U272,0.014
A0A2X1JBP9,0.014
A0A377DD29,0.014
A0A1X3I726,0.014
A0A6D1AGU2,0.014
A0A0E0Y2D7,0.014
A0A5C9ACA1,0.014
A0A376NVS1,0.014
A0A2S8JK43,0.014
A0A376ZPP0,0.014
A0A2H9GDF5,0.014
A0A085P783,0.014
A0A6L7A3R0,0.014
A0A3L4JWC7,0.014
A0A484YRD5,0.014
A0A6L7CSR3,0.014
A0A6D1AG45,0.014
A0A826SI23,0.014
A0A376S9A3,0.014
A0A6M1DJT8,0.014
A0A377CBJ9,0.014
A0A377F8B4,0.014
A0A3P1X6Z8,0.014
A0A827Y9H9,0.014
A0A6D0IJC1,0.014
A0A2I6J7F1,0.014
A0A499WLP2,0.014
A0A5C8XUJ3,0.014
A0A1Q6B1R8,0.014
A0A376VKR5,0.014
A0A140JY52,0.014
A0A5N8H8Z0,0.014
A0A376WBD5,0.014
A0A377HEC4,0.014
A0A2K9UZP9,0.014
A0A376J1V8,0.014
A0A2W6NV63,0.014
A0A2R4AB41,0.014
A0A6G4NT63,0.014
A0A829L488,0.014
A0A0B0XPV0,0.014
A0A418H0A6,0.014
A0A2X3LYZ4,0.014
A0A3G6JGZ7,0.014
A0A377D8V1,0.014
A0A809T137,0.014
A0A089X5P4,0.014
A0A377C159,0.014
A0A836ZFE7,0.014
A0A0M1UJU1,0.014
A0A4C7A437,0.014
A0A5N8HF91,0.014
A0A828GZS5,0.014
A0A376U4D3,0.014
A0A376LFF0,0.014
A0A6D0IKP5,0.014
A0A6C9QIX8,0.014
A0A376L7A0,0.014
A0A136X6T3,0.014
A0A3L0VS00,0.014
A0A6D0IML3,0.014
A0A828GII1,0.014
A0A7U9QBT4,0.014
A0A376ZUS5,0.014
A0A376VDN7,0.014
A0A765TE53,0.014
A0A3Z6G4V8,0.014
A0A6D1AH97,0.014
A0A7H9LZF3,0.014
A0A376TDC2,0.014
A0A377CUY9,0.014
A0A6N8RCB7,0.014
A0A085PBJ7,0.014
A0A765T9A4,0.014
A0A3P1XJ60,0.014
A0A1L6W564,0.014
A0A3P5DJX1,0.014
A0A0K4JTH0,0.014
A0A377KBE6,0.014
A0A5C9AMW2,0.014
A0A376TE98,0.014
A0A077K4V1,0.014
A0A1M1QLP2,0.014
A0A2X3JKX4,0.014
A0A5N3CQ46,0.014
A0A377DIT6,0.014
A0A797I1E2,0.014
A0A1V2FV91,0.014
A0A0A0G4C6,0.014
A0A376KIG7,0.014
A0A485JIF0,0.014
A0A377DC28,0.014
A0A376VLW5,0.014
A0A5C9AUR6,0.014
A0A3L0VYS9,0.014
A0A1Q6B017,0.014
A0A6D0F578,0.014
A0A6N8NJF1,0.014
A0A3S4NSF5,0.014
A0A376LN71,0.014
A0A377AQV5,0.014
A0A6C9EIX5,0.014
A0A376U7X3,0.014
A0A797I588,0.014
A0A0F6WFZ2,0.014
A0A024L238,0.014
A0A075MD14,0.014
A0A418H9A9,0.014
A0A377F559,0.014
A0A7U9LRD3,0.014
A0A0P7LRH0,0.014
A0A2X1JSD7,0.014
A0A485JG01,0.014
A0A1X3IT31,0.014
A0A1X3HZX9,0.014
A0A6N8NRL1,0.014
A0A6L7CRE2,0.014
A0A271U0U0,0.014
A0A376MT73,0.014
A0A2U2TVX1,0.014
A0A2X1K5U3,0.014
A0A2X1K677,0.014
A0A0H3JEE3,0.014
A0A854V1I6,0.014
A0A2X3JVG0,0.014
A0A377F704,0.014
A0A3S4K1U8,0.014
A0A6D0ID37,0.014
A0A2X5PWQ5,0.014
A0A444R053,0.014
A0A2R4KL95,0.014
A0A377DZ30,0.014
A0A827DT40,0.014
A0A6L7CE15,0.014
A0A775TCD1,0.014
A0A418H780,0.014
A0A3L2VMZ7,0.014
A0A377B788,0.014
A0A376MPX0,0.014
A0A376M2I6,0.014
A0A6L7CRR5,0.014
A0A376SCW6,0.014
A0A376U9X0,0.014
A0A376WTT5,0.014
A0A2X1K9J5,0.014
A0A6C9QFN8,0.014
A0A0B0VQJ5,0.014
A0A3P1X889,0.014
A0A7U1E193,0.014
A0A792EGT5,0.014
A0A3L0VWJ6,0.014
A0A1L6W2Z8,0.014
A0A6N8NT73,0.014
A0A377KAH3,0.014
A0A377KH70,0.014
A0A377K047,0.014
A0A136WVY7,0.014
A0A7A3AFA5,0.014
A0A5C9AMM0,0.014
A0A5P0JFL8,0.014
A0A376KWQ6,0.014
A0A3L0X781,0.014
A0A1X3HZ30,0.014
A0A376U517,0.014
A0A0E0Y0A6,0.014
A0A2X1N518,0.014
A0A2X3JST5,0.014
A0A377A472,0.014
A0A066QP05,0.014
A0A2Y0JDC6,0.014
A0A829L2E1,0.014
A0A288W2Z0,0.014
A0A075M8C9,0.014
A0A2X1K6R8,0.014
A0A343J126,0.014
A0A3L0VYY6,0.014
A0A0Q3IL72,0.014
A0A829L281,0.014
A0A0F7Q283,0.014
A0A6D1AJH7,0.014
A0A2X1N0E2,0.014
A0A3L9GLQ8,0.014
A0A376RAM3,0.014
A0A3Z9MKN2,0.014
A0A376M686,0.014
A0A7D5JTV1,0.014
A0A377DUA2,0.014
A0A7G2KIC4,0.014
A0A2J7KA63,0.014
A0A066R6N9,0.014
A0A6D1AE62,0.014
A0A376MDL3,0.014
A0A6D0G3D3,0.014
A0A377CE89,0.014
A0A2X6CQX2,0.014
A0A890DDW1,0.014
A0A6D0IXC0,0.014
A0A6G2B5K8,0.014
A0A0E0Y585,0.014
A0A826TI13,0.014
A0A376ZVT7,0.014
A0A0K4CLW9,0.014
A0A0P7NDC9,0.014
A0A2X3KHI4,0.014
A0A142CQ13,0.014
A0A376FMT0,0.014
A0A485JCH1,0.014
A0A4T5DY41,0.014
A0A899NF67,0.014
A0A7A3AAA2,0.014
A0A0A1E544,0.014
A0A1X3JH41,0.014
A0A376MI11,0.014
A0A376WXQ9,0.014
A0A376VTC7,0.014
A0A2U9KNC1,0.014
A0A377DWL4,0.014
A0A7A7YRW0,0.014
A0A376PRN5,0.014
A0A8B3M5P4,0.014
A0A3L0VYX4,0.014
A0A0L1BS68,0.014
A0A3R8MQR0,0.014
A0A0B0W055,0.014
A0A0P7LWX2,0.014
A0A7D5QED5,0.014
A0A377AQ07,0.014
A0A5C9AB30,0.014
A0A4P8BYL7,0.014
A0A377BMD7,0.014
A0A899NCG0,0.014
A0A6C9EFZ2,0.014
A0A0N7CSK8,0.014
A0A376U7S4,0.014
A0A376UBS3,0.014
A0A376LBG2,0.014
A0A792DQH7,0.014
A0A6N6WVS0,0.014
A0A1C7CRZ2,0.014
A0A2R4PGP8,0.014
A0A0H3F232,0.014
A0A811ARG8,0.014
A0A192CBB4,0.014
A0A066R7D0,0.014
A0A1M0WGG2,0.014
A0A6D1AJ84,0.014
A0A0A0G3Z3,0.014
A0A2K4P6J6,0.014
A0A376JIL2,0.014
A0A2X3JP02,0.014
A0A444R092,0.014
A0A6D0DUQ9,0.014
A0A444R0H7,0.014
A0A376KLP4,0.014
A0A376L0R0,0.014
A0A142EBN9,0.014
A0A828UBC5,0.014
A0A0H2VCS4,0.014
A0A777S7E8,0.014
A0A0D8VAD6,0.014
A0A2X1IXU3,0.014
A0A5P0JB51,0.014
A0A6G4JYP9,0.014
A0A6G4CLQ4,0.014
A0A376U782,0.014
A0A792HS22,0.014
A0A6D1AE74,0.014
A0A7G3NPU2,0.014
A0A854BJ05,0.014
A0A377BGB1,0.014
A0A0E1L5X7,0.014
A0A192CLZ4,0.014
A0A0L6XVP8,0.014
A0A0K5ZYH3,0.014
A0A376RAK3,0.014
A0A377EN18,0.014
A0A899NCP1,0.014
A0A0H4BEL3,0.014
A0A7U5THG6,0.014
A0A826SKE5,0.014
A0A2X1NP57,0.014
A0A6N8NS79,0.014
A0A377A8Y3,0.014
A0A376X571,0.014
A0A6N8NSJ6,0.014
A0A7D5KY37,0.014
A0A827LJJ9,0.014
A0A5Q7KS71,0.014
A0A075MDA6,0.014
A0A170TTY3,0.014
A0A6D1ACR6,0.014
A0A3P1XZF7,0.014
A0A6S6LM33,0.014
A0A3G4RTH1,0.014
A0A6L7CTM0,0.014
A0A2W6R7U6,0.014
A0A376L2G4,0.014
A0A1Q6BEP7,0.014
A0A0E1SZT1,0.014
A0A2X7EYR4,0.014
A0A376KYA2,0.014
A0A6L6IAX4,0.014
A0A1V2GJQ3,0.014
A0A447XE48,0.014
A0A377BJ82,0.014
A0A828P7L4,0.014
A0A779QFW6,0.014
A0A418HAP1,0.014
A0A853K705,0.014
A0A377K3F2,0.014
A0A229AJZ7,0.014
A0A2X1Q130,0.014
A0A828U776,0.014
A0A6D1AD36,0.014
A0A7H1KQM4,0.014
A0A376KZN6,0.014
A0A6L7A9K4,0.014
A0A5C9AHD9,0.014
A0A377B816,0.014
A0A376VG44,0.014
A0A3S5DV61,0.014
A0A140WY44,0.014
A0A829KYK2,0.014
A0A075MEL6,0.013
A0A376ML56,0.013
A0A2A6Q5F4,0.013
A0A0P7N3Q1,0.013
A0A418GKK7,0.013
A0A418GLG9,0.013
A0A0K3YX26,0.013
A0A376TCJ7,0.013
A0A2W6PD44,0.013
A0A0H3EQ88,0.013
A0A4T8JC79,0.013
A0A0Q3CXX2,0.013
A0A3R1B4H0,0.013
A0A376MHT2,0.013
A0A376RNQ1,0.013
A0A377DYA1,0.013
A0A376KL67,0.013
A0A376VH92,0.013
A0A485JJM4,0.013
A0A376LDI3,0.013
A0A376U3H8,0.013
A0A2I5SNX8,0.013
A0A4Y8GNB8,0.013
A0A7U1HSW5,0.013
A0A377DQ99,0.013
A0A418GCP0,0.013
A0A2X3K3Z8,0.013
A0A484Y558,0.013
A0A447XH35,0.013
A0A0F3USU5,0.013
A0A7H9S9V7,0.013
A0A377DAG9,0.013
A0A2H4TW61,0.013
A0A377DDJ1,0.013
A0A418H5Y1,0.013
A0A5C9AGV6,0.013
A0A7U9FXM1,0.013
A0A6N0II04,0.013
A0A6D1AI53,0.013
A0A6L4XS47,0.013
A0A827XIV3,0.013
A0A418H8N9,0.013
A0A6G4JYM3,0.013
A0A765XBB9,0.013
A0A376LEV3,0.013
A0A0C5BD92,0.013
A0A6D0XWN0,0.013
A0A1X3HWL9,0.013
A0A377A9Y0,0.013
A0A377JY07,0.013
A0A152QJL3,0.013
A0A376ZNU2,0.013
A0A0H3PS93,0.013
A0A376RED7,0.013
A0A0H3ES55,0.013
A0A2X1J3R0,0.013
A0A377CB79,0.013
A0A376KQJ5,0.013
A0A2X1KXJ9,0.013
A0A376YEN7,0.013
A0A2S8JKC5,0.013
A0A454RQ60,0.013
A0A484WQ19,0.013
A0A376MLJ0,0.013
A0A418H8D6,0.013
A0A376TFE3,0.013
A0A288W2S8,0.013
A0A376U7D9,0.013
A0A7U9ARB4,0.013
A0A3L0YHA8,0.013
A0A2X1KVX9,0.013
A0A5B9AXK8,0.013
A0A7R7EE49,0.013
A0A6G9I480,0.013
A0A376MFS6,0.013
A0A7A6P1C3,0.013
A0A2A7LZA1,0.013
A0A377K933,0.013
A0A140WY81,0.013
A0A376RJE5,0.013
A0A3K0WEF9,0.013
A0A7H9LMV2,0.013
A0A0C5EKH9,0.013
A0A376TLQ9,0.013
A0A2K3TUH1,0.013
A0A5N8HGW2,0.013
A0A827LJC6,0.013
A0A776SW61,0.013
A0A0D8WF33,0.013
A0A376UGG7,0.013
A0A377C209,0.013
A0A376MW03,0.013
A0A6N8QNP3,0.013
A0A377D8D9,0.013
A0A2S1JDI6,0.013
A0A376S6G6,0.013
A0A478L022,0.013
A0A0H3PUH0,0.013
A0A376MLQ1,0.013
A0A0B0VE12,0.013
A0A2R4PEK7,0.013
A0A3L0W2X9,0.013
A0A376W4X9,0.013
A0A3P5HE31,0.013
A0A6D1AET8,0.013
A0A2H9A1H7,0.013
A0A376YCL5,0.013
A0A5C9AA83,0.013
A0A5C9AAP2,0.013
A0A3P5DQ65,0.013
A0A376L474,0.013
A0A0H2XJA2,0.013
A0A193LS04,0.013
A0A377D3N6,0.013
A0A097SR84,0.013
A0A3P1X206,0.013
A0A6N0IMI1,0.013
A0A376P2P1,0.013
A0A2S1J9A6,0.013
A0A223LM34,0.013
A0A161J2J8,0.013
A0A8B3MB87,0.013
A0A376U839,0.013
A0A2X1JF69,0.013
A0A0H3PP74,0.013
A0A5C9AHF9,0.013
A0A3L9HMX4,0.013
A0A376VTX0,0.013
A0A192CDL5,0.013
A0A5P0JIV7,0.013
A0A377AX33,0.013
A0A6G4BRD9,0.013
A0A376RJP6,0.013
A0A7U9AUL2,0.013
A0A2S1J9B5,0.013
A0A3P1XCD4,0.013
A0A376LPG8,0.013
A0A377D374,0.013
A0A0E0Y6D0,0.013
A0A376W8R9,0.013
A0A826TL55,0.013
A0A6L7CTM9,0.013
A0A6C9QK32,0.013
A0A377K339,0.013
A0A5N8HE09,0.013
A0A1X3I7D4,0.013
A0A5P0JKF5,0.013
A0A075MEY5,0.013
A0A376MUY3,0.013
A0A3K3JNT8,0.013
A0A376VAH9,0.013
A0A192CIR4,0.013
A0A377CXE7,0.013
A0A783X9N5,0.013
A0A0H2V6F9,0.013
A0A826X4L6,0.013
A0A377KF58,0.013
A0A377DZU3,0.013
A0A0H2V7X5,0.013
A0A376P6N1,0.013
A0A2X1Q2X4,0.013
A0A454ABA2,0.013
A0A0D6IQL0,0.013
A0A418H0J2,0.013
A0A6N8MAY3,0.013
A0A3L0VTU2,0.013
A0A376RC31,0.013
A0A376RLR7,0.013
A0A484VX87,0.013
A0A788P7R0,0.013
A0A377D5A9,0.013
A0A0B0VXN0,0.013
A0A385EMV5,0.013
A0A376VGT5,0.013
A0A7L5V4G6,0.013
A0A2I8SYE4,0.013
A0A2X1N0B5,0.013
A0A773M8G4,0.013
A0A192CFF4,0.013
A0A484X864,0.013
A0A0H0G3F6,0.013
A0A3L0X3U3,0.013
A0A3U0PG23,0.013
A0A077K4S4,0.013
A0A377BFA3,0.013
A0A376KSL7,0.013
A0A376RQI1,0.013
A0A376VWB9,0.013
A0A5N8HI08,0.013
A0A0V7WXN5,0.013
A0A097H0C0,0.013
A0A1Q6AVN0,0.013
A0A2X3JNM8,0.013
A0A173GMG2,0.013
A0A828GPV0,0.013
A0A0H3ES82,0.013
A0A376VZZ6,0.013
A0A0H0GDG7,0.013
A0A2X1NAA9,0.013
A0A2R4PDX4,0.013
A0A377KFE7,0.013
A0A6D0IMX1,0.013
A0A826X7T4,0.013
A0A5N8H3U7,0.013
A0A3P1XAW5,0.013
A0A2X3LSD8,0.013
A0A377B062,0.013
A0A6D1ABX1,0.013
A0A484X0P1,0.013
A0A7G3NQH5,0.013
A0A2T1LAS3,0.013
A0A085P995,0.013
A0A0H2V5R0,0.013
A0A3G1QC37,0.013
A0A2P9E3A2,0.013
A0A1V2FXS6,0.013
A0A2H4TT85,0.013
A0A0E2LAN7,0.013
A0A484X3U6,0.013
A0A790IZ86,0.013
A0A142EAV9,0.013
A0A376WV41,0.013
A0A2X3JRM4,0.013
A0A3P1XBD2,0.013
A0A2X1PXY6,0.013
A0A3P1XFL0,0.013
A0A1X3HWM3,0.013
A0A377D5G5,0.013
A0A6C9QBU1,0.013
A0A377DH15,0.013
A0A377AHJ2,0.013
A0A165GRG0,0.013
A0A2X7FPF6,0.013
A0A366YP28,0.013
A0A085NX09,0.013
A0A376P8H3,0.013
A0A793H1X3,0.013
A0A6D0K185,0.013
A1Z2R4,0.013
A0A377D8W2,0.013
A0A6N9S695,0.013
A0A484WR13,0.013
A0A376KNW4,0.013
A0A7U9P0G8,0.013
A0A2I6F7H2,0.013
A0A0E1STG6,0.013
A0A376FXM0,0.013
A0A3G1E166,0.013
A0A2X1KEF8,0.013
A0A089X5T4,0.013
A0A376TRA0,0.013
A0A376UDA6,0.013
A0A1X3J524,0.013
A0A376X1I3,0.013
A0A447XAL3,0.013
A0A376W7K8,0.013
A0A2Z2JMB7,0.013
A0A765TBG3,0.013
A0A3P5HEV7,0.013
A0A0A0HDK1,0.013
A0A2X1IWX7,0.013
A0A0H2VE66,0.013
A0A376RBE6,0.013
A0A0P0SNJ7,0.013
A0A3L0Y6Y2,0.013
A0A5C8XUG8,0.013
A0A377B6I3,0.013
A0A6L7A883,0.013
A0A7G2KH04,0.013
A0A2X7FJA9,0.013
A0A2X1PR98,0.013
A0A7U5TR71,0.013
A0A3L0YI19,0.013
A0A0F6YRQ7,0.013
A0A3R1CE40,0.013
A0A2Y8MSH3,0.013
A0A447Y0W0,0.013
A0A1J1DYX3,0.013
A0A2A7LZ22,0.013
A0A6L7CT66,0.013
A0A1X9QDC3,0.013
A0A827QZS6,0.013
A0A6C9QIY9,0.013
A0A2X1K4A8,0.013
A0A377DTT9,0.013
A0A3R1AIN2,0.013
A0A0D8VA34,0.013
A0A6D1A9D5,0.013
A0A377DLM7,0.013
A0A4P8C0N6,0.013
A0A0A8J7I4,0.013
A0A6N9MU26,0.013
A0A765X8A0,0.013
A0A6D0IQI2,0.013
A0A2P9E633,0.013
A0A826WYJ2,0.013
A0A7U9QEH5,0.013
A0A1C7CH73,0.013
A0A376K032,0.013
A0A2H9GB97,0.013
A0A2Y8RDX8,0.013
A0A793Z321,0.013
A0A376KUA0,0.013
A0A061YQ57,0.013
A0A0B0VQ80,0.013
A0A6L7CLU4,0.013
A0A3P1XPS0,0.013
A0A0E0Y615,0.013
A0A075M9I4,0.013
A0A377BYI5,0.013
A0A0P7KRP0,0.013
A0A1X3J3B7,0.013
A0A376L2X4,0.013
A0A376KZF3,0.013
A0A1X9QAK8,0.013
A0A376HFH6,0.013
A0A6L7A0G9,0.013
A0A3L0VX62,0.013
A0A1X3ISV4,0.013
A0A6L7CMR2,0.013
A0A377CF26,0.013
A0A377K8Z6,0.013
A0A376P5N5,0.013
A0A418H9D6,0.013
A0A6D1AEF4,0.013
A0A288XFR4,0.013
A0A3W5Y8L8,0.013
A0A376L1K8,0.013
A0A1W1EME0,0.013
A0A376TYU4,0.013
A0A377DFQ0,0.013
A0A5C9AAJ8,0.013
A0A376YD68,0.013
A0A2X1N9L8,0.013
A0A2X3JG91,0.013
A0A6D0F6C4,0.013
A0A6D0IJY9,0.013
A0A3L0VZR5,0.013
A0A376LG07,0.013
A0A2H9A7J8,0.013
A0A5C9AD11,0.013
A0A828NTD6,0.013
A0A444RIF9,0.013
A0A377DYS1,0.013
A0A160HRX2,0.013
A0A376L6Y9,0.013
A0A0H2V6G3,0.013
A0A376FNL4,0.013
A0A023KDN6,0.013
A0A5C9AHB2,0.013
A0A403DNI2,0.013
A0A3L9I9V9,0.013
A0A2X3JJ50,0.013
A0A377BPG1,0.013
A0A6L7CEF8,0.013
A0A0E1SRM1,0.013
A0A5C9A9C9,0.013
A0A377F5S1,0.013
A0A6L7CG64,0.013
A0A6L7CM63,0.013
A0A7D7KFB2,0.013
A0A376VWH5,0.013
A0A6D0I959,0.013
A0A2H9G4P1,0.013
A0A6D0ILW6,0.013
A0A3P1WM88,0.013
A0A828NAP1,0.013
A0A6N8QP14,0.013
A0A376VD02,0.013
A0A828NYD3,0.013
A0A811AQJ6,0.013
A0A376LNG0,0.013
A0A3L5Q320,0.013
A0A376LPM7,0.013
A0A6D1P3F4,0.013
A0A2H5BZV0,0.013
A0A2X1MXN4,0.013
A0A376YE92,0.013
A0A2X1N9F9,0.013
A0A2X1LKA7,0.013
A0A6L7CMA7,0.013
A0A2X3JS90,0.013
A0A377EL79,0.013
A0A377CEV9,0.013
A0A376UCX2,0.013
A0A3Z9J185,0.013
A0A485JGU0,0.013
A0A826X7D8,0.013
A0A6D0Y403,0.013
A0A0H3JI58,0.013
A0A418H974,0.013
A0A418H9W7,0.013
A0A826TBN5,0.013
A0A377K967,0.013
A0A377CB47,0.013
A0A377B0U2,0.013
A0A143E7Y2,0.013
A0A377LAJ3,0.013
A0A377DE95,0.013
A0A0E1SUS3,0.013
A0A377L9S5,0.013
A0A376MWX7,0.013
A0A377AFX8,0.013
A0A6L6ZZK1,0.013
A0A376MBI2,0.013
A0A411KX40,0.013
A0A2X1J1X1,0.013
A0A377HEY7,0.013
A0A447Y2J9,0.013
A0A2W6NUL7,0.013
A0A192C6V5,0.013
A0A0K3XZE5,0.013
A0A854BTS5,0.013
A0A376U219,0.013
A0A376VPI2,0.013
A0A6D1A852,0.013
A0A7U1E1D0,0.013
A0A377E477,0.013
A0A1X3HYV3,0.013
A0A376LFA5,0.013
A0A826TNZ8,0.013
A0A377BW39,0.013
A0A0J2D5C5,0.013
A0A7G4EH37,0.013
A0A376VNN9,0.013
A0A444R2I4,0.013
A0A3J2G5C9,0.013
A0A2X1NDH9,0.013
A0A376MU15,0.013
A0A377C963,0.013
A0A780VIH4,0.013
A0A1X3I2J4,0.013
A0A1W1EMC8,0.013
A0A376UG42,0.013
A0A484VZ79,0.013
A0A1X3I8B5,0.013
A0A6N8NSR1,0.013
A0A0E0SS45,0.013
A0A0H2UL03,0.013
A0A376UA38,0.013
A0A377K330,0.013
A0A0E1T8E9,0.013
A0A2A2CD52,0.013
A0A0A0GTU3,0.013
A0A6G4PKK6,0.013
A0A1X3J3W2,0.013
A0A376TE08,0.013
A0A485J6U9,0.013
A0A7G3NPQ3,0.013
A0A0K4PTB1,0.013
A0A377BEE2,0.013
A0A376RQ87,0.013
A0A376VWZ2,0.013
A0A484YBA5,0.013
A0A444R3G1,0.013
A0A418GAQ4,0.013
A0A3L0VV60,0.013
A0A0H2V6L1,0.013
A0A376U4K5,0.013
A0A377AHB2,0.013
A0A7H9SC99,0.013
A0A376TML1,0.013
A0A0E1T2E7,0.013
A0A4Q8IQQ7,0.013
A0A6G6AJW5,0.013
A0A5C9AHE2,0.013
A0A853K8A7,0.013
A0A0H2VB36,0.013
A0A376P065,0.013
A0A1E5WWF6,0.013
A0A418GG83,0.013
A0A377HGC7,0.012
A0A418GLF3,0.012
A0A6L7CNY9,0.012
A0A5N8HIL3,0.012
A0A3U5I4M3,0.012
A0A3Z6GDK6,0.012
A0A6D1ACC1,0.012
A0A3K0WDT2,0.012
A0A6C9QJA7,0.012
A0A0H3PSC7,0.012
A0A6N8N7P8,0.012
A0A6L7CMK6,0.012
A0A5N8HEN5,0.012
A0A447Y368,0.012
A0A3L0W647,0.012
A0A376JP43,0.012
A0A4T4XEG2,0.012
A0A1B2RB65,0.012
A0A377CUC1,0.012
A0A5C8XTX2,0.012
A0A828P742,0.012
A0A3Z6GEI4,0.012
A0A5C9A9E0,0.012
A0A385EP69,0.012
A0A376J5B4,0.012
A0A827ECS6,0.012
A0A1B1IKY9,0.012
A0A377DTR0,0.012
A0A1X3I5K2,0.012
A0A0H2V7F5,0.012
A0A853WB58,0.012
A0A085P158,0.012
A0A376RPC2,0.012
A0A447XXF2,0.012
A0A377LM62,0.012
A0A376L2G6,0.012
A0A7A7F3Y6,0.012
A0A377AIT7,0.012
A0A2S5RLQ8,0.012
A0A7A7ZC04,0.012
A0A192CMQ4,0.012
A0A6N8Q811,0.012
A0A376TXW3,0.012
A0A0C5EUA3,0.012
A0A3K1A8C8,0.012
A0A1V2GA05,0.012
A0A376UBM7,0.012
A0A6L7A4B7,0.012
A0A377AMZ4,0.012
A0A4T8ETV3,0.012
A0A376L350,0.012
A0A5N8HFL7,0.012
A0A3R0ZYZ7,0.012
A0A376D316,0.012
A0A447XPR4,0.012
A0A7A9QSY7,0.012
A0A5B9AG60,0.012
A0A377BEH0,0.012
A0A484VWR7,0.012
A0A6C9QKA2,0.012
A0A377F8X0,0.012
A0A377K7L0,0.012
A0A0E1SX34,0.012
A0A6N6WS04,0.012
A0A447XWA9,0.012
A0A3L0YII7,0.012
A0A418H8F4,0.012
A0A1W1EMH2,0.012
A0A2X1JNC1,0.012
A0A193LS09,0.012
A0A1B1IKY6,0.012
A0A2H4UF93,0.012
A0A376W6C4,0.012
A0A3L0WB50,0.012
A0A6D1A7C2,0.012
A0A0H2YWM4,0.012
A0A377CY10,0.012
A0A6D0IKZ3,0.012
A0A377K8Z9,0.012
A0A377E560,0.012
A0A2X3JGH7,0.012
A0A377K3T2,0.012
A0A7U9AR16,0.012
A0A1X3IT32,0.012
A0A827QYV6,0.012
A0A6N8QP06,0.012
A0A797M288,0.012
A0A3S7MBE2,0.012
A0A075MBY2,0.012
A0A1P8VP86,0.012
A0A2X3M198,0.012
A0A3L0W1Z9,0.012
A0A377CBT7,0.012
A0A086UUM9,0.012
A0A2X3LX80,0.012
A0A485JA00,0.012
A0A3L5GZQ6,0.012
A0A376LAU0,0.012
A0A777U6Z8,0.012
A0A376RKQ1,0.012
A0A418HAH6,0.012
A0A7G2KHX7,0.012
A0A0B0VUI7,0.012
A0A192CMG7,0.012
A0A377DIQ8,0.012
A0A376RKH1,0.012
A0A376Y5F1,0.012
A0A6M1DKB0,0.012
A0A484YMP7,0.012
A0A2T3TN65,0.012
A0A377CMN6,0.012
A0A376VUY8,0.012
A0A0H3PID5,0.012
A0A830TDL0,0.012
A0A2X3M476,0.012
A0A3L0W5W1,0.012
A0A1J8MCY4,0.012
A0A2X6I700,0.012
A0A5B9T2P2,0.012
A0A6C9EFB1,0.012
A0A376SAM9,0.012
A0A2K3TZA8,0.012
A0A376L4X6,0.012
A0A173GLU7,0.012
A0A2X3K1T2,0.012
A0A376JPX9,0.012
A0A4U9UMM8,0.012
A0A1X9TPM4,0.012
A0A376KZL8,0.012
A0A376KPI2,0.012
A0A5P0JID5,0.012
A0A0A0G3F1,0.012
A0A899NJS4,0.012
A0A6F8QN62,0.012
A0A1X3J8Q2,0.012
A0A376TU73,0.012
A0A765XBT4,0.012
A0A3L0W1I7,0.012
A0A376VG34,0.012
A0A777TV93,0.012
A0A6D1P3B4,0.012
A0A3S4MAQ3,0.012
A0A023KZK4,0.012
A0A1X3I650,0.012
A0A418H1S5,0.012
A0A6L7CNE1,0.012
A0A0C5PIZ2,0.012
A0A2X1LC71,0.012
A0A3L9FXJ9,0.012
A0A1X3HWZ6,0.012
A0A4D6PFR7,0.012
A0A769NEB3,0.012
A0A3U0PHK8,0.012
A0A376TJW0,0.012
A0A447XQE2,0.012
A0A376LML5,0.012
A0A377BHN5,0.012
A0A3P1X5M4,0.012
A0A377CWI6,0.012
A0A3L2VJ02,0.012
A0A3P1XU97,0.012
A0A1X9TPN8,0.012
A0A376K3C2,0.012
A0A2X1PG58,0.012
A0A0A0HCR4,0.012
A0A6L4XR61,0.012
A0A085P9E6,0.012
A0A0H2V9F6,0.012
A0A377BHY8,0.012
A0A3L0X0W1,0.012
A0A377CB15,0.012
A0A3L0VSZ2,0.012
A0A3L0VW37,0.012
A0A2X1MW38,0.012
A0A376VS18,0.012
A0A377D8R8,0.012
A0A418HAD2,0.012
A0A6G1XIZ2,0.012
A0A376RR64,0.012
A0A2T1MWR4,0.012
A0A376MXT1,0.012
A0A377F6Y8,0.012
A0A0E0Y3A7,0.012
A0A6D0INA1,0.012
A0A377CQK9,0.012
A0A3G4RTF0,0.012
A0A2X1NDR7,0.012
A0A0B0VLE2,0.012
A0A376ZZJ6,0.012
A0A0K3QK20,0.012
A0A376Y927,0.012
A0A2X1Q1B0,0.012
A0A376LH12,0.012
A0A377ARI6,0.012
A0A377DBV4,0.012
A0A3P5HFQ0,0.012
A0A376TV70,0.012
A0A140WYJ7,0.012
A0A7G3NP50,0.012
A0A6N8NL56,0.012
A0A376JP58,0.012
A0A4Y9AN39,0.012
A0A418HA66,0.012
A0A3L9GMJ8,0.012
A0A3P1XWK8,0.012
A0A376NXL9,0.012
A0A0J2G9E5,0.012
A0A6D0IYF5,0.012
A0A2X3KIW4,0.012
A0A6N8QGR0,0.012
A0A3R1B2X0,0.012
A0A376YF87,0.012
A0A376L2Z7,0.012
A0A376TQV8,0.012
A0A4P8C4V5,0.012
A0A3P1XM15,0.012
A0A3L5H9Q8,0.012
A0A836Z9E8,0.012
A0A1X3J709,0.012
A0A377F6K8,0.012
A0A485JIZ8,0.012
A0A5B9AJF3,0.012
A0A1L4J5V8,0.012
A0A376SCP2,0.012
A0A3S4KRB9,0.012
A0A0F3U3Y8,0.012
A0A0K4TLR4,0.012
A0A377AWM0,0.012
A0A0H3EHX2,0.012
A0A1X3I3G8,0.012
A0A3G9IAV5,0.012
A0A377DXS6,0.012
A0A7L5P680,0.012
A0A376Y7G9,0.012
A0A3P1WQJ2,0.012
A0A2X3K0Y0,0.012
A0A3U0PKQ2,0.012
A0A7U9AX49,0.012
A0A2X3JFM1,0.012
A0A2X1ND05,0.012
A0A0E1SXV6,0.012
A0A376VHV4,0.012
A0A0H2V474,0.012
A0A377AQC6,0.012
A0A7U9FT89,0.012
A0A418GMH4,0.012
A0A376WYV7,0.012
A0A376RJ16,0.012
A0A7A6Y470,0.012
A0A376NU88,0.012
A0A377K6T7,0.012
A0A827LEZ6,0.012
A0A061L1I5,0.012
A0A376VGB6,0.012
A0A377D656,0.012
A0A0A1A977,0.012
A0A484YD80,0.012
A0A836ZBM9,0.012
A0A6N9SBR3,0.012
A0A0F4HJ24,0.012
A0A6D0IPQ7,0.012
A0A4D6PHP8,0.012
A0A765T6K6,0.012
A0A0B1KX09,0.012
A0A376SBU7,0.012
A0A377CBX5,0.012
A0A0P7L504,0.012
A0A0H3PK33,0.012
A0A827Q7K3,0.012
A0A376NUT2,0.012
A0A0Q3KE48,0.012
A0A0D7BWU6,0.012
A0A376VUY5,0.012
A0A024L1B8,0.012
A0A377K8X4,0.012
A0A377AZH2,0.012
A0A484WZD6,0.012
A0A3L0W366,0.012
A0A444R7L1,0.012
A0A811ARC2,0.012
A0A6N0IMF8,0.012
A0A0D8W3Z0,0.012
A0A0E0XZ61,0.012
A0A6D0IL25,0.012
A0A376RKQ3,0.012
A0A1Q6ATZ5,0.012
A0A6N6WY17,0.012
A0A418HAS7,0.012
A0A376RPV0,0.012
A0A513QRM2,0.012
A0A0M3S6G2,0.012
A0A7T2MY50,0.012
A0A826P103,0.012
A0A376DBR5,0.012
A0A376SAZ5,0.012
A0A141AZW4,0.012
A0A0E0XY45,0.012
A0A0K6E8I3,0.012
A0A2X1MTH8,0.012
A0A061YHU4,0.012
A0A061L464,0.012
A0A377E5S0,0.012
A0A6L4XW77,0.012
A0A485J8S1,0.012
A0A2S1J9D7,0.012
A0A376Y550,0.012
A0A444R061,0.012
A0A2X7FN96,0.012
A0A0H0I0B5,0.012
A0A3L9ICI8,0.012
A0A3L0VUQ1,0.012
A0A192CE70,0.012
A0A377AWV5,0.012
A0A4T2ZD05,0.012
A0A376ZSA3,0.012
A0A6N9SGT0,0.012
A0A418GK30,0.012
A0A0H3MW32,0.012
A0A192C7K2,0.012
A0A0H2VD50,0.012
A0A376CUY7,0.012
A0A0U2PYF0,0.012
A0A0E0Y8K0,0.012
A0A0P7LPG4,0.012
A0A7A2LNG4,0.012
A0A827DYZ6,0.012
A0A0J2ANQ2,0.012
A0A418GM79,0.012
A0A376LL46,0.012
A0A376HM28,0.012
A0A418HA52,0.012
A0A4Q4HUQ2,0.012
A0A376LAS9,0.012
A0A6L7CPV4,0.012
A0A485JQ83,0.012
A0A765TD52,0.012
A0A1X3J7A3,0.012
A0A2U2UIB1,0.012
A0A376R9X9,0.012
A0A2S8HUE1,0.012
A0A6D1P774,0.012
A0A444RIH5,0.012
A0A6L7CM19,0.012
A0A7L8KAC9,0.012
A0A6N8QQ76,0.012
A0A827QYD0,0.012
A0A3L0W2D8,0.012
A0A377BV96,0.012
A0A0A3UJL8,0.012
A0A061YDD5,0.012
A0A140JY65,0.012
A0A0H2Z4I6,0.012
A0A0K5G6X5,0.012
A0A3P1XCV9,0.012
A0A037Y201,0.012
A0A075MHD3,0.012
A0A484X0C9,0.012
A0A2A2BQU1,0.012
A0A376DK93,0.012
A0A192CHZ7,0.012
A0A6F8QK20,0.012
A0A0N8IUI5,0.012
A0A6G6ALG3,0.012
A0A890DKP4,0.012
A0A485JG93,0.012
A0A2A2BVF2,0.012
A0A377BDP7,0.012
A0A6C9Q7N3,0.012
A0A7G2KIB0,0.012
A0A2W6Q6E9,0.012
A0A376Y726,0.012
A0A1E5M031,0.012
A0A2R4PEI8,0.012
A0A377BS72,0.012
A0A376KNK6,0.012
A0A5P0JA16,0.012
A0A376ZH83,0.012
A0A376ZWC2,0.012
A0A3L0YK30,0.012
A0A828UA37,0.012
A0A2W6P7E3,0.012
A0A0H3PPR6,0.012
A0A193LW22,0.012
A0A1D7Q7V5,0.012
A0A377CA49,0.012
A0A2X1N9X3,0.012
A0A376L5L0,0.012
A0A0K5ZVX4,0.012
A0A376ZIC2,0.012
A0A2R4KLB6,0.012
A0A1J1DZA1,0.012
A0A418GMY2,0.012
A0A1B2RBA9,0.012
A0A377F6C5,0.012
A0A7L5V978,0.012
A0A376THP4,0.012
A0A376IU09,0.012
A0A376WYW3,0.012
A0A6N6WPY4,0.012
A0A376SAH0,0.012
A0A377DSV7,0.012
A0A6D0F2E0,0.012
A0A376WSA8,0.012
A0A0E1SXL5,0.012
A0A3S5DW56,0.012
A0A447XC94,0.012
A0A383G5K1,0.012
A0A376HE28,0.012
A0A2X1IYT8,0.012
A0A5P0JIE6,0.012
A0A6D0I8S9,0.012
A0A1X3I008,0.012
A0A418H771,0.012
A0A377DA98,0.012
A0A0E0SRJ5,0.012
A0A0V8YEF1,0.012
A0A447XC07,0.012
A0A6D0ICK9,0.012
A0A0C2ALM4,0.012
A0A377D2R7,0.012
A0A1X3HX97,0.012
A0A3P5DKS4,0.012
A0A376KN75,0.012
A0A0D0M8E9,0.012
A0A377CYH5,0.012
A0A085NW88,0.012
A0A1M2HNE8,0.012
A0A418H6A4,0.012
A0A376ZVI8,0.012
A0A485JQ56,0.012
A0A3Q0N3D6,0.012
A0A4Q4HXM0,0.012
A0A369FIX5,0.012
A0A0H3PP86,0.012
A0A2X3JAZ8,0.012
A0A376U359,0.012
A0A0H2V721,0.012
A0A6L7CLY1,0.012
A0A2A3UFD0,0.012
A0A2H4TLW0,0.012
A0A829L1A0,0.012
A0A376M8D3,0.012
A0A6D0IJ32,0.012
A0A140JYJ8,0.012
A0A0M5DQ29,0.012
A0A6D0YDT3,0.012
A0A6C9EHX1,0.012
A0A6N8QRS0,0.012
A0A2X3KJK5,0.012
A0A376MVL9,0.012
A0A3P1WYD8,0.012
A0A376P658,0.012
A0A376VTV1,0.012
A0A444R049,0.012
A0A3L0W4I7,0.012
A0A0K4B5A6,0.012
A0A377C6N6,0.012
A0A1U9XE59,0.012
A0A2P9E5H3,0.012
A0A2X1JPR2,0.012
A0A377F8S8,0.012
A0A271U9F3,0.012
A0A2X1JHE9,0.012
A0A3K1AAY9,0.012
A0A3L0W768,0.012
A0A447X3A4,0.012
A0A377BE78,0.012
A0A6N8R8I4,0.012
A0A6N8QF31,0.012
A0A1E5M8F2,0.012
A0A376LBK6,0.012
A0A418HA44,0.012
A0A376CXI5,0.012
A0A2X9I328,0.012
A0A376U8K2,0.012
A0A377E7U7,0.012
A0A5B9AT60,0.012
A0A376X4K7,0.012
A0A377BAJ0,0.012
A0A377BPI4,0.012
A0A153B6Q2,0.012
A0A3L0X2S9,0.012
A0A3G4RSX9,0.012
A0A376KT21,0.012
A0A3P1YEP2,0.012
A0A2X1KE65,0.012
A0A485JAL6,0.012
A0A0C2AJP0,0.012
A0A2X1L2Z9,0.012
A0A0C5PXH8,0.012
A0A6N8QE90,0.012
A0A3L0WAJ9,0.012
A0A2X1Q6J4,0.012
A0A447X1X4,0.012
A0A0H3ESA9,0.012
A0A376J041,0.012
A0A7H9SBQ0,0.012
A0A376LAK3,0.012
A0A376NWX6,0.012
A0A377KFH4,0.012
A0A4Y5QB87,0.012
A0A2X6NZR2,0.012
A0A3L0W1B7,0.012
A0A2H4TL12,0.012
A0A0B0VYV7,0.012
A0A3A6SFV4,0.012
A0A3L9GBT4,0.012
A0A066SYT1,0.012
A0A418GNF8,0.012
A0A376LJF8,0.012
A0A2J1DI46,0.012
A0A0M1U5N0,0.012
A0A3L0YGT7,0.012
A0A376YE50,0.012
A0A377EL81,0.012
A0A193LPZ0,0.012
A0A2I8SYP7,0.012
A0A377AS18,0.012
A0A2S8JIY2,0.012
A0A2X3JYD2,0.012
A0A369FMC2,0.012
A0A377AIN0,0.012
A0A377AWL5,0.012
A0A826SPQ8,0.012
A0A085NW59,0.012
A0A765TBU6,0.012
A0A376K3F9,0.012
A0A3T9KU75,0.012
A0A418GV08,0.012
A0A826J948,0.012
A0A376W1V6,0.012
A0A1X3J4B6,0.012
A0A3R0NBV0,0.012
A0A447XV22,0.012
A0A8B3M2K5,0.012
A0A2R4AHM7,0.012
A0A0H3MN25,0.012
A0A2X3JDS9,0.012
A0A828U496,0.012
A0A377E7I3,0.012
A0A2X1JB96,0.012
A0A068FAA3,0.012
A0A7G9A9X2,0.012
A0A0K6A724,0.012
A0A2X1N7E8,0.011
A0A377C0R0,0.011
A0A2U9LT32,0.011
A0A376JYD5,0.011
A0A418GJI7,0.011
A0A6L7A2K6,0.011
A0A5C8XS04,0.011
A0A828GIL7,0.011
A0A376YFH1,0.011
A0A0H2VFE3,0.011
A0A2X3JR06,0.011
A0A0K4L739,0.011
A0A376U529,0.011
A0A377DNU2,0.011
A0A037YP24,0.011
A0A6N8QPY1,0.011
A0A377CCP1,0.011
A0A447XV83,0.011
A0A6D0DVI1,0.011
A0A0V9LQA3,0.011
A0A3S4K5Q2,0.011
A0A2X7BM80,0.011
A0A418HAW8,0.011
A0A5C8XT26,0.011
A0A3L9IQW2,0.011
A0A376KX37,0.011
A0A376TDP2,0.011
A0A6D0Y2M0,0.011
A0A444R994,0.011
A0A7B4KPL2,0.011
A0A376VIN5,0.011
A0A377FAX7,0.011
A0A2X7G9J3,0.011
A0A6C9EFX7,0.011
A0A5N9VJG0,0.011
A0A2H4TKY2,0.011
A0A376NZF0,0.011
A0A418GD27,0.011
A0A3Z6GBT1,0.011
A0A444REE7,0.011
A0A0E1SZF9,0.011
A0A377CAC2,0.011
A0A376VYP4,0.011
A0A6N9N1E6,0.011
A0A0E0Y2F7,0.011
A0A6D1ACP5,0.011
A0A168SRC1,0.011
A0A2X7EPG6,0.011
A0A3L0YEM5,0.011
A0A6L7CR31,0.011
A0A1Q6B2R0,0.011
A0A4C9G144,0.011
A0A6L7CNK7,0.011
A0A2K9YV88,0.011
A0A061LC32,0.011
A0A376P208,0.011
A1ADB0,0.011
A0A376VJX1,0.011
A0A3A3FIW9,0.011
A0A795LTK4,0.011
A0A1V1G152,0.011
A0A377BML2,0.011
A0A2Z2JHA0,0.011
A0A2X5HC99,0.011
A0A376SCZ4,0.011
A0A2X1JH37,0.011
A0A0L6ZXF6,0.011
A0A061K586,0.011
A0A5B9SUQ7,0.011
A0A0M5X0F1,0.011
A0A4C4ZHG6,0.011
A0A376RJT9,0.011
A0A828GIQ9,0.011
A0A376ZZM7,0.011
A0A1C0Y119,0.011
A0A376W7N3,0.011
A0A3P1X2M5,0.011
A0A1X3I660,0.011
A0A086UD49,0.011
A0A3P5DKM0,0.011
A0A377LF96,0.011
A0A377AJW1,0.011
A0A6H1SY75,0.011
A0A6N8NNA1,0.011
A0A376RFG3,0.011
A0A377LHR2,0.011
A0A376J1K5,0.011
A0A376KR59,0.011
A0A6D1A6M9,0.011
A0A376Y3Q5,0.011
A0A6C9QIR1,0.011
A0A3L0W5X5,0.011
A0A1X7B8E8,0.011
A0A7M3S2N0,0.011
A0A376MVI6,0.011
A0A7D5KX35,0.011
A0A2X3JZ43,0.011
A0A6L7CST4,0.011
A0A369FP62,0.011
A0A2X7F652,0.011
A0A061K283,0.011
B0Z413,0.011
A0A7I0L0G6,0.011
A0A376KNK2,0.011
A0A6L7CLQ0,0.011
A0A376NU23,0.011
A0A7A7B2Q3,0.011
A0A377CBU9,0.011
A0A0H3PZR4,0.011
A0A061KPR3,0.011
A0A0E1T044,0.011
A0A236Q774,0.011
A0A167U3C8,0.011
A0A376D623,0.011
A0A376VWQ2,0.011
A0A828GLK2,0.011
A0A376U7V8,0.011
A0A7U5TPT1,0.011
A0A4C4ZM06,0.011
A0A6L6ZKL8,0.011
A0A4C4ZH91,0.011
A0A192CL31,0.011
A0A6L7CP36,0.011
A0A484VIH7,0.011
A0A6D1P296,0.011
A0A2X3K6B7,0.011
A0A377DAR2,0.011
A0A376IYX7,0.011
A0A6G6AKH3,0.011
A0A377AB39,0.011
A0A2X1MXW7,0.011
A0A6D0V787,0.011
A0A2K9YV57,0.011
A0A139ZJB1,0.011
A0A827BMV4,0.011
A0A7U9M032,0.011
A0A2X1MF93,0.011
A0A075MC35,0.011
A0A828U3D5,0.011
A0A075VXK0,0.011
A0A376P7M9,0.011
A0A0H3PPF5,0.011
A0A779M0R6,0.011
A0A6D0ILA7,0.011
A0A376RAR4,0.011
A0A061KCA8,0.011
A0A7A7B2T2,0.011
A0A377BND5,0.011
A0A1X3J1X9,0.011
A0A828PCV0,0.011
A0A6D1AC79,0.011
A0A3Q8VRN6,0.011
A0A828AM87,0.011
A0A891ZWA6,0.011
A0A376P6N2,0.011
A0A826YM71,0.011
A0A3L0W2S3,0.011
A0A6C7H4I5,0.011
A0A2R4AE12,0.011
A0A2K1I0I2,0.011
A0A6N0IMQ3,0.011
A0A3S5DUJ1,0.011
A0A023KTP3,0.011
A0A376ZWW0,0.011
A0A377L7H8,0.011
A0A899NEN5,0.011
A0A376KWQ3,0.011
A0A377C579,0.011
A0A377F669,0.011
A0A6G6AJE2,0.011
A0A376ZJU7,0.011
A0A6N8NUA3,0.011
A0A376U9P9,0.011
A0A377E2V9,0.011
A0A376RAJ4,0.011
A0A377K6N9,0.011
A0A2A6Q7Q9,0.011
A0A377B986,0.011
A0A797M512,0.011
A0A7A6ZZX4,0.011
A0A6L6ZYL7,0.011
A0A6D1A6W8,0.011
A0A0B1MG77,0.011
A0A376LMF4,0.011
A0A3L0W5D6,0.011
A0A6N6WPA6,0.011
A0A3L0W3Q1,0.011
A0A377DEQ6,0.011
A0A376MVL0,0.011
A0A828AR21,0.011
A0A376NSW4,0.011
A0A454AAM9,0.011
A0A3Z6GBX1,0.011
A0A1X3I589,0.011
A0A376W3E1,0.011
A0A0J3V7T9,0.011
A0A6D0IEL7,0.011
A0A2W6PV86,0.011
A0A6C9QGK8,0.011
A0A376L2R4,0.011
A0A376RB40,0.011
A0A2X3J789,0.011
A0A2X3LM29,0.011
A0A6D0HEN4,0.011
A0A6L7CUA7,0.011
A0A2X3KCP6,0.011
A0A2W6RCG6,0.011
A0A377D0Z3,0.011
A0A1X3I5J7,0.011
A0A2X3K1E0,0.011
A0A2X3JMY9,0.011
A7U7P6,0.011
A0A376HV41,0.011
A0A0B0XLS2,0.011
A0A6D1AEV2,0.011
A0A0D8W9A4,0.011
A0A2L0J987,0.011
A0A139ZJB5,0.011
A0A377CVS1,0.011
A0A0A1AB71,0.011
A0A827E8S7,0.011
A0A075M8L3,0.011
A0A377A1J2,0.011
A0A2X1KVU2,0.011
A0A376LDY0,0.011
A0A1C7CVR0,0.011
A0A0E1T575,0.011
A0A6L7CKK0,0.011
A0A853JX17,0.011
A0A3R8KDA5,0.011
A0A2H9BS80,0.011
A0A444RFB0,0.011
A0A6M1DJU8,0.011
A0A384LKJ0,0.011
A0A377F8L0,0.011
A0A193LLS0,0.011
A0A376TNE1,0.011
A0A6D0ILG5,0.011
A0A0E2LJI3,0.011
A0A3L0W241,0.011
A0A376M338,0.011
A0A377BE23,0.011
A0A142CPX1,0.011
A0A376RK92,0.011
A0A376WDF7,0.011
A0A376VWC3,0.011
A0A6D0C297,0.011
A0A0H2Z154,0.011
A0A2X3LY52,0.011
A0A0H2V4N3,0.011
A0A6D1AG56,0.011
A0A5N8HKU0,0.011
A0A454A7N6,0.011
A0A0V9RCD8,0.011
A0A2R4ABE2,0.011
A0A5C9AIB0,0.011
A0A7U0K815,0.011
A0A6N6WTA7,0.011
A0A2X7JBE1,0.011
A0A376U9Y7,0.011
A0A7M1HWY2,0.011
A0A7A2XRE4,0.011
A0A2P9AY54,0.011
A0A6N8QQ02,0.011
A0A2X3LSB5,0.011
A0A377DX46,0.011
A0A2X1N2G8,0.011
A0A3E1VH34,0.011
A0A2X1P9B6,0.011
A0A7L7TKM1,0.011
A0A641IWC3,0.011
A0A1X3J1C3,0.011
A0A0E1T488,0.011
A0A376S727,0.011
A0A0Q3IB06,0.011
A0A090AX77,0.011
A0A1X3IWM5,0.011
A0A377K036,0.011
A0A3V0YA24,0.011
A0A376VJK8,0.011
A0A376TQW2,0.011
A0A1V3VTX7,0.011
A0A136R0S6,0.011
A0A6M9X6V8,0.011
A0A1X3JDU6,0.011
A0A0M1UCW8,0.011
A0A376NTS4,0.011
A0A2G8YG42,0.011
A0A094Y501,0.011
A0A3L9G4J1,0.011
A0A827XX60,0.011
A0A0H2V7Z2,0.011
A0A447X2H9,0.011
A0A376LJJ4,0.011
A0A377D7B9,0.011
A0A0E3KIF2,0.011
A0A3L0YHT5,0.011
A0A418HA21,0.011
A0A779ZIK4,0.011
A0A376THA2,0.011
A0A418H5R4,0.011
A0A3S4LVR0,0.011
A0A2X3M9S5,0.011
A0A6D0DC05,0.011
A0A3L0W1M6,0.011
A0A484YBU1,0.011
A0A2X1Q993,0.011
A0A3L0W4B5,0.011
A0A6D0K2I1,0.011
A0A3S4K492,0.011
A0A826XA66,0.011
A0A0X5SFE3,0.011
A0A0B0VVL5,0.011
A0A3Q0MZB8,0.011
A0A376S8I3,0.011
A0A377DN43,0.011
A0A0H2VD19,0.011
A0A0F3U2E8,0.011
A0A376W9Y0,0.011
A0A6C9EEV9,0.011
A0A2D3MZC2,0.011
A0A2R4KLT5,0.011
A0A7H1KU32,0.011
A0A6D1AGP7,0.011
A0A3K3RS38,0.011
A0A7U2CZC9,0.011
A0A376D3H2,0.011
A0A0E0SS67,0.011
A0A0A1ACT2,0.011
A0A3L9HLC0,0.011
A0A484YMA5,0.011
A0A5C9AK84,0.011
A0A377AX76,0.011
A0A376ZXE9,0.011
A0A376TTR1,0.011
A0A3L9G8U1,0.011
A0A828P1Q0,0.011
A0A1X3IT80,0.011
A0A890DHM2,0.011
A0A377LKD2,0.011
A0A376P049,0.011
A0A7H9LPU7,0.011
A0A6C7H4L9,0.011
A0A6D0IBF9,0.011
A0A377DH13,0.011
A0A6N8QLG1,0.011
A0A828UCD6,0.011
A0A377K4F3,0.011
A0A829L6Z9,0.011
A0A6N9SIX1,0.011
A0A2H4TUT7,0.011
A0A6L7FBS3,0.011
A0A418H9W1,0.011
A0A377KDH3,0.011
A0A6C9EFM2,0.011
A0A377D2C4,0.011
A0A4T6LMA2,0.011
A0A161I218,0.011
A0A2X5DFA4,0.011
A0A3U5I4K8,0.011
A0A137B3J5,0.011
A0A2W6PJ40,0.011
A0A7U5TPU4,0.011
A0A0H3PJQ5,0.011
A0A377KFT8,0.011
A0A418H730,0.011
A0A376K0N2,0.011
A0A2X3KB67,0.011
A0A7U9AR64,0.011
A0A066SWX4,0.011
A0A6M1DKE0,0.011
A0A376TN91,0.011
A0A3L0VUQ7,0.011
A0A6L7CHG4,0.011
A0A3L0W5U3,0.011
A0A377LDS4,0.011
A0A376RMU4,0.011
A0A6L7A7M7,0.011
A0A829L7W0,0.011
A0A792HTN9,0.011
A0A377BP36,0.011
A0A1X3JH92,0.011
A0A376U9I9,0.011
A0A7L5V771,0.011
A0A0H2V919,0.011
A0A769CAR2,0.011
A0A376THL9,0.011
A0A765T888,0.011
A0A0G9G512,0.011
A0A7A6LMR5,0.011
A0A376MWC6,0.011
A0A6L7CPN2,0.011
A0A376PXF7,0.011
A0A5C9AIM0,0.011
A0A192CB25,0.011
A0A377CXK9,0.011
A0A385EPA0,0.011
A0A765X5R2,0.011
A0A6N6WT28,0.011
A0A068F1I7,0.011
A0A6N8NIE5,0.011
A0A3P4P3M9,0.011
A0A377E6B4,0.011
A0A6D1AI65,0.011
A0A3S4KNB0,0.011
A0A3L9I0D7,0.011
A0A0D0M8B3,0.011
A0A2X3K857,0.011
A0A0E2L125,0.011
A0A376VIP7,0.011
A0A229ALU9,0.011
A0A3Q0N3E2,0.011
A0A418GE75,0.011
A0A1V2G3U0,0.011
A0A6N6WUI9,0.011
A0A0B1JEF9,0.011
A0A0E1SXB6,0.011
A0A377K6G2,0.011
A0A6M9X1P5,0.011
A0A377CID3,0.011
A0A376Y2E0,0.011
A0A2X3J0I5,0.011
A0A2X1QAY3,0.011
A0A376YLX3,0.011
A0A2X1JHY8,0.011
A0A3S5DV12,0.011
A0A0Q3D4Y9,0.011
A0A7D6EYH5,0.011
A0A3L5H0B3,0.011
A0A376TRN4,0.011
A0A444R165,0.011
A0A7M1HWR4,0.011
A0A0V7X3J4,0.011
A0A6C9QL76,0.011
A0A0H2Z548,0.011
A0A6L7CMD8,0.011
A0A1X3IX28,0.011
A0A827GDN7,0.011
A0A377HHR5,0.011
A0A5C9A9R3,0.011
A0A069CJM3,0.011
A0A7H9LVY4,0.011
A0A0Q3L3X7,0.011
A0A234XNS4,0.011
A0A376L040,0.011
A0A0E3MU34,0.011
A0A3Q8GBH8,0.011
A0A7L8KAT1,0.011
A0A0V9S5E7,0.011
A0A377FB39,0.011
A0A376LSU7,0.011
A0A376MM77,0.011
A0A376WUG2,0.011
A0A2X6P7T7,0.011
A0A377K6K8,0.011
A0A1X3HWZ1,0.011
A0A377E8K8,0.011
A0A376VRX5,0.011
A0A376SD75,0.011
A0A0H0PUN8,0.011
A0A3S7MAW2,0.011
A0A6D1ABP4,0.011
A0A826X5Q9,0.011
A0A417ZP60,0.011
A0A5C9A8R8,0.011
A0A1Q6AVN4,0.011
A0A1D7Q9Y2,0.011
A0A5C8YPA0,0.011
A0A0C5BDC3,0.011
A0A376NWF3,0.011
A0A6D0DX24,0.011
A0A2S8JPZ9,0.011
A0A223DQX8,0.011
A0A6N8QMX3,0.011
A0A161INT8,0.011
A0A377E4J1,0.011
A0A853EFD6,0.011
A0A376L5Z8,0.011
A0A4D0B479,0.011
A0A377CQ37,0.011
A0A7U9QK84,0.011
A0A377LBW0,0.011
A0A377F7I3,0.011
A0A377E4Z9,0.011
A0A2X1LMG1,0.011
A0A3P1X0T0,0.011
A0A377LMK1,0.011
A0A3P5DS11,0.011
A0A6D0Y924,0.011
A0A377BDQ5,0.011
A0A828NQP9,0.011
A0A377DYB0,0.011
A0A376Y5G2,0.011
A0A0B0VAX5,0.011
A0A377B988,0.011
A0A376KWS5,0.011
A0A3G4RWR3,0.011
A0A1X3I744,0.011
A0A3P1XXE7,0.011
A0A1M2QW08,0.011
A0A0M1UJH2,0.011
A0A3G4RQX9,0.01
A0A369FIS7,0.01
A0A192CD92,0.01
A0A377BES8,0.01
A0A2W6P9F9,0.01
A0A3L0X8R5,0.01
A0A061KJY2,0.01
A0A826XEU1,0.01
A0A831M927,0.01
A0A0C2E1W4,0.01
A1ABY9,0.01
A0A828TUI0,0.01
A0A411AM68,0.01
A0A1V0M747,0.01
A0A2I8SVH8,0.01
A0A2X1Q8R6,0.01
A0A6L7CP27,0.01
A0A7A6ZQS7,0.01
A0A1R1K9Y1,0.01
A0A660HLI3,0.01
A0A0A7RNL5,0.01
A0A376VI99,0.01
A0A3W5Y6U2,0.01
A0A0E0SS43,0.01
A0A376VXE7,0.01
A0A376VRI3,0.01
A0A3L0VXP6,0.01
A0A7A9I6R1,0.01
A0A3L0VZG4,0.01
A0A376UCB7,0.01
A0A2X1MU95,0.01
A0A2X3KDB7,0.01
A0A376MS06,0.01
A0A1X9TNK9,0.01
A0A6N9SK10,0.01
A0A0H0LTR0,0.01
A0A376D207,0.01
A0A377N252,0.01
A0A6G2B4N4,0.01
A0A376WYP7,0.01
A0A377D0B7,0.01
A0A6N0IP84,0.01
A0A075UIQ9,0.01
A0A2H4TVC4,0.01
A0A484X5Y5,0.01
A0A5N8HAA1,0.01
A0A376YFU2,0.01
A0A162NUF2,0.01
A0A447XAA6,0.01
A0A0H3JFK4,0.01
A0A168S1E4,0.01
A0A223DRH4,0.01
A0A376ZPP3,0.01
A0A1Y1CSS3,0.01
A0A3Z6GDM6,0.01
A0A6N8QLP5,0.01
A0A6L6ZZA7,0.01
A0A3P1WLH1,0.01
A0A7L7TML4,0.01
A0A2X1NEY4,0.01
A0A2X1NE86,0.01
A0A6L9AAW0,0.01
A0A376NVP9,0.01
A0A2X1JFJ6,0.01
A0A2X1KJ53,0.01
A0A3L0X5N5,0.01
A0A376DEC1,0.01
A0A485JIL4,0.01
A0A0D8W6T5,0.01
A0A218N6S8,0.01
A0A0M5X0N7,0.01
A0A377AJV2,0.01
A0A826X2U6,0.01
A0A6N8NSL9,0.01
A0A6S6LEW5,0.01
A7ZJY4,0.01
A0A376ZZ59,0.01
A0A376W8H1,0.01
A0A6L7A6E1,0.01
A0A377K069,0.01
A0A193M0M3,0.01
A0A0E0XYG1,0.01
A0A6D1ACF1,0.01
A0A0D8W6K1,0.01
A0A0H3EHD8,0.01
A0A4P8C793,0.01
A0A0H3MMG5,0.01
A0A2R4PEP3,0.01
A0A377DLP3,0.01
A0A376L2B5,0.01
A0A827LNG9,0.01
A0A2A3VR16,0.01
A0A3L0W4G0,0.01
A0A2X1JQF0,0.01
A0A376TQN6,0.01
A0A6C9EI21,0.01
A0A6L7CRR2,0.01
A0A2H4TLK2,0.01
A0A376J6V8,0.01
A0A376VEL5,0.01
A0A377KD90,0.01
A0A485JL87,0.01
A0A376TMQ2,0.01
A0A1L2E145,0.01
A0A377JY89,0.01
A0A7T2JHJ0,0.01
A0A376MPY9,0.01
A0A6C9QH61,0.01
A0A376TWE8,0.01
A0A0E1SVV7,0.01
A0A376ZUE1,0.01
A0A2X3KA03,0.01
A0A377HHQ8,0.01
A0A418GLK7,0.01
A0A376KLL4,0.01
A0A444R6L5,0.01
A0A376Y2P6,0.01
A0A7U9LUI0,0.01
A0A376VSM6,0.01
A0A3P1WPJ8,0.01
A0A2X1JE27,0.01
A0A1X3I0P4,0.01
A0A0H2Z599,0.01
A0A377CUD2,0.01
A0A2X1MZ10,0.01
A0A6L7A620,0.01
A0A5C9AHB6,0.01
A0A811ARW9,0.01
A0A2X3JGS2,0.01
A0A3P5DMN2,0.01
A0A0E1SUG7,0.01
A0A6N8NRS5,0.01
A0A6D0IDJ4,0.01
A0A168TJ00,0.01
A0A193LT39,0.01
A0A377AE67,0.01
A0A6L7CSA5,0.01
A0A4C4DS55,0.01
A0A7U9QDN8,0.01
A0A377E8I1,0.01
A0A377E8X2,0.01
A0A376MM94,0.01
A0A376W4K5,0.01
A0A6D0IM71,0.01
A0A3P1XVI6,0.01
A0A3L2VH57,0.01
A0A3L9GGE0,0.01
A0A376MRY1,0.01
A0A193LMB5,0.01
A0A6D0IM08,0.01
A0A6M9X4K3,0.01
A0A1X3I5G9,0.01
A0A7A6CCI3,0.01
A0A3L0W508,0.01
A0A2X1NEX7,0.01
A0A377AXI8,0.01
A5JS97,0.01
A0A6D1AES7,0.01
A0A418GKA8,0.01
A0A377F8U3,0.01
A0A6C9EH60,0.01
A0A3L0W249,0.01
A0A6D0DJ14,0.01
A0A376UAB3,0.01
A0A2X1L6K2,0.01
A0A6L7A0Y2,0.01
A0A376DFM8,0.01
A0A828P0H7,0.01
A0A2X3K1G9,0.01
A0A6D0F6P4,0.01
A0A377BFM4,0.01
A0A3P5VMA4,0.01
A0A6D0DAA5,0.01
A0A5B8HP03,0.01
A0A5C9A9W7,0.01
A0A2X3JHE0,0.01
A0A485JA26,0.01
A0A6M4P007,0.01
A0A376NV56,0.01
A0A2X3KM40,0.01
A0A0F3W995,0.01
A0A0E2L7S8,0.01
A0A1E5M0F7,0.01
A0A3U0PKR8,0.01
A0A376VJP6,0.01
A0A6G8FB66,0.01
A0A3L9GIA2,0.01
A0A376ZL07,0.01
A0A377C537,0.01
A0A5N8HBV6,0.01
A0A3Z6G9X1,0.01
A0A3S4M3X6,0.01
A0A2X1MXG0,0.01
A0A0H2VB37,0.01
A0A828UCA6,0.01
A0A075F7J5,0.01
A0A1V2G009,0.01
A0A376LK63,0.01
A0A485JKN4,0.01
A0A5N8H3B3,0.01
A0A444R030,0.01
A0A376KLL7,0.01
A0A3S4KBR6,0.01
A0A376DHS0,0.01
A0A377KDB1,0.01
A0A5N8HH90,0.01
A0A6D1P2L0,0.01
A0A6G4P7S0,0.01
A0A1X3I4X7,0.01
A0A6N8NSN0,0.01
A0A2X3KD55,0.01
A0A2X5DKC7,0.01
A0A0E0XZ49,0.01
A0A5N8H6B8,0.01
A0A2X1JD55,0.01
A0A376TPD0,0.01
A0A2W6PM05,0.01
A0A485JL15,0.01
A0A2W6NRV8,0.01
A0A376K1J8,0.01
A0A376RQH2,0.01
A0A376VDE2,0.01
A0A376RDR8,0.01
A0A377CF28,0.01
A0A6L6IAR7,0.01
A0A376MKH3,0.01
A0A853E9A8,0.01
A0A7A6ZX09,0.01
A0A377E828,0.01
A0A376U7C8,0.01
A0A792HMX7,0.01
A0A128ANU7,0.01
A0A2H4TYE9,0.01
A0A377CGC1,0.01
A0A828UEH9,0.01
A0A376VXU8,0.01
A0A793GGC9,0.01
A0A0E1LIM3,0.01
A0A376DFV0,0.01
A0A377BZ47,0.01
A0A2S1JBE4,0.01
A0A377B3W8,0.01
A0A2S1JKF2,0.01
A0A418GIK6,0.01
A0A5B9ABF5,0.01
A0A377AD48,0.01
A0A2H4TL09,0.01
A0A376MP35,0.01
A0A377E7R5,0.01
A0A377F4A4,0.01
A0A899NEJ0,0.01
A0A2X3JMU2,0.01
A0A0P7PUR1,0.01
A0A0H2V5K2,0.01
A0A376TZK1,0.01
A0A037Y2L0,0.01
A7ZJX8,0.01
A0A376RT96,0.01
A0A376U7Q8,0.01
A0A377CG88,0.01
A0A3P1WWQ5,0.01
A0A418GUQ5,0.01
A0A376TM21,0.01
A0A827QWV7,0.01
A0A2X1Q2S0,0.01
A0A1Y1CV14,0.01
A0A5N3CQK5,0.01
A0A3P5DN61,0.01
A0A776LSG5,0.01
A0A0H3JF62,0.01
A0A376D415,0.01
A0A376U0A6,0.01
A0A2X5TNL2,0.01
A0A5C9ALX2,0.01
A0A376KJ82,0.01
A0A376TMW5,0.01
A0A377F4W1,0.01
A0A2X1MZJ3,0.01
A0A6D1A690,0.01
A0A330B2R7,0.01
A0A5B8HQ43,0.01
A0A484X6K1,0.01
A0A827XXC8,0.01
A0A6G4JXW8,0.01
A0A1M0L6D4,0.01
A0A377L7U4,0.01
A0A3K4A7W0,0.01
A0A192CG15,0.01
A0A2W8H0T7,0.01
A0A792DL04,0.01
A0A6D1AHV6,0.01
A0A6D0IWA1,0.01
A0A5C9ABX8,0.01
A0A2X1NN03,0.01
A0A3S6CTW1,0.01
A0A2Y0IQN9,0.01
A0A4U9TWN3,0.01
A0A7A6NCX7,0.01
A0A0E0XYS1,0.01
A0A376ZWV9,0.01
A0A377DF90,0.01
A0A2I8SV00,0.01
A0A376YG26,0.01
A0A140WYZ1,0.01
A0A3P1WKW6,0.01
A0A3L0W992,0.01
A0A376MQ64,0.01
A0A447XEP7,0.01
A0A3S5DUF9,0.01
A0A7L5P1H5,0.01
A0A7G8AFB7,0.01
A0A376WXN2,0.01
A0A828NNB1,0.01
A0A6D1A824,0.01
A0A0H2Z5J1,0.01
A0A5C9AAA7,0.01
A0A376Y246,0.01
A0A143E8L5,0.01
A0A6N6WNT8,0.01
A0A797M449,0.01
A0A137B3S1,0.01
A0A0H0N3Y9,0.01
A0A3L0VTV4,0.01
A0A376D3R2,0.01
A0A168L8I3,0.01
A0A376J494,0.01
A0A377KDS5,0.01
A0A3S5DW88,0.01
A0A1Q9L3N5,0.01
A0A6C9EIG5,0.01
A0A376ZWF3,0.01
A0A827QXN5,0.01
A0A376W0B0,0.01
A0A377BTN4,0.01
A0A765TB90,0.01
A0A376VWC2,0.01
A0A377K0A7,0.01
A0A377D587,0.01
A0A3Z6G4X1,0.01
A0A5C8XSS4,0.01
A0A484YVY8,0.01
A0A418H9G8,0.01
A0A6G6AMY4,0.01
A0A6N8NK51,0.01
A0A6N7KI42,0.01
A0A0E1T696,0.01
A0A2H4TWK1,0.01
A0A376KQW1,0.01
A0A2X3KG39,0.01
A0A376D8L7,0.01
A0A376TZD2,0.01
A0A377D387,0.01
A0A7A2HKU1,0.01
A0A377K5N2,0.01
A0A066QFW9,0.01
A0A376WV51,0.01
A0A377AFB5,0.01
A0A0E0XTH4,0.01
A0A376Y566,0.01
A0A376ZX88,0.01
A0A7A6KX38,0.01
A0A3V0Y9L9,0.01
A0A0E0Y6H3,0.01
A0A385I4Y4,0.01
A0A376SCA0,0.01
A0A3L0VVI6,0.01
A0A0E0Y1W1,0.01
A0A377KCR0,0.01
A0A2X1K1P4,0.01
A0A376MT84,0.01
A0A3Q0N517,0.01
A0A376VC02,0.01
A0A826TY73,0.01
A0A7A6ZE00,0.01
A0A6L7A3I3,0.01
A0A5N8HKN6,0.01
A0A765X5H2,0.01
A0A3Z6GEG4,0.01
A0A377CY52,0.01
A7ZU12,0.01
A0A376L2S1,0.01
A0A2P9AY28,0.01
A0A376LHN6,0.01
A0A793D0Q7,0.01
A0A037Y3I6,0.01
A0A0C5EKK9,0.01
A0A418HAI8,0.01
A0A454A9C5,0.01
A0A418H850,0.01
A0A0E1T2C1,0.01
A0A7L9DEN2,0.01
A0A418GHP6,0.01
A0A2X1N5S8,0.01
A0A376LPE0,0.01
A0A7U9AT32,0.01
A0A5C8XTL4,0.01
A0A2H4TKY0,0.01
A0A7G3NRC9,0.01
A0A6L7CQ46,0.01
A0A826X0K0,0.01
A0A376RBP2,0.01
A0A2X1MTV3,0.01
A0A7U9LTV0,0.01
A0A7A6R300,0.01
A0A376LDQ3,0.01
A0A836N6Y8,0.01
A0A3L0VSP0,0.01
A0A0P7M3R7,0.01
A0A3S4KE83,0.01
A0A377C571,0.01
A0A6D0IG86,0.01
A0A2A2C024,0.01
A0A2X3K6N9,0.01
A0A3S4M537,0.01
A0A0K5XFD5,0.01
A0A4Y5QC26,0.01
A0A377DV99,0.01
A0A2X3JYB0,0.01
A0A5C9ACU7,0.01
A0A376VQ98,0.01
A0A792DQQ3,0.01
A0A3G2WC13,0.01
A0A485JGV0,0.01
A0A6N6WRX3,0.01
A0A7A4TCT6,0.01
A0A7A6TQC9,0.01
A0A4C6ZQ39,0.01
A0A7U9LPQ0,0.01
A0A142EAJ6,0.01
A0A377B8F5,0.01
A0A376D978,0.01
A0A829L3K5,0.01
A0A7A6VDL2,0.01
A0A369FI31,0.01
A0A024L4L8,0.01
A0A3L0WAG1,0.01
A0A485JRJ5,0.01
A0A484WSU0,0.01
A0A377AI92,0.01
A0A0H2Z0U1,0.01
A0A1E5MCD7,0.01
A0A376P2X4,0.01
A0A6D1NZM3,0.01
A0A2K4P2I0,0.01
A0A377K205,0.01
A0A0H2Z256,0.01
A0A768C8I8,0.01
A0A2P9EH56,0.01
A0A3U1VHP2,0.01
A0A410J9R2,0.01
A0A2X1K6D6,0.01
A0A376KTH3,0.01
A0A376JN35,0.01
A0A484Y533,0.01
A0A484YIM9,0.01
A0A2X1J6Y4,0.01
A0A0N8IUH3,0.01
A0A376RB15,0.01
A0A376U6X9,0.01
A0A6D1AHD0,0.01
A0A376YGG3,0.01
A0A376MPS5,0.01
A0A6M9WVE0,0.01
A0A376NWU4,0.01
A0A0A8J364,0.01
A0A376YHV8,0.01
A0A377D1D4,0.01
A0A6G8F9S4,0.01
A0A2X1PWS3,0.01
A0A075MB47,0.01
A0A376VZ25,0.01
A0A3L0X4H5,0.01
A0A2X1KIX4,0.01
A0A7H9NLA0,0.01
A0A376VMQ5,0.01
A0A829KYH4,0.01
A0A2J1D853,0.01
A0A447XCL2,0.01
A0A6N6WW59,0.01
A0A2X1M1H1,0.01
A0A066QQT4,0.01
A0A7G2KI83,0.01
A0A5C9ABV4,0.01
A1AA96,0.01
A0A1X3J7C8,0.01
A0A447X8U3,0.01
A0A376U4X0,0.01
A0A023KYE4,0.01
A0A377CCZ1,0.01
A0A2X1N0H1,0.01
A0A2X3LSC5,0.01
A0A1X3IY42,0.01
A0A6D1U7H1,0.01
A0A192CF51,0.01
A0A3L0VZP8,0.01
A0A7U2DDV2,0.01
A0A1X3IX09,0.01
A0A377LFM8,0.01
A0A376RMQ0,0.01
A0A075MF70,0.01
A0A377EB77,0.01
A0A376ZLV8,0.01
A0A376U9W1,0.01
A0A376WV89,0.01
A0A7T3RHP4,0.01
A0A376U6I1,0.01
A0A376VEV2,0.01
A0A376DI88,0.01
A0A024L2W9,0.01
A0A2X1K6J4,0.01
A0A061KJE7,0.01
A0A3L0W3G5,0.01
A0A6N8NRX4,0.01
A0A454A9D2,0.01
A0A444R1Z6,0.01
A0A3G2C935,0.01
A0A5C9AAB4,0.01
A0A2X1LBI2,0.01
A0A376P2S8,0.01
A0A7L5V279,0.01
A0A2K9RC80,0.01
A0A0S3PNA2,0.01
A0A0K4DCW9,0.01
A0A6D0DDN1,0.01
A0A376P3T2,0.01
A0A0E0Y0T5,0.01
A0A6N6WP46,0.01
A0A3L9HRY4,0.01
A0A376RAF0,0.01
A0A4Q4HTB2,0.01
A0A377DGK1,0.01
A0A376L2R1,0.01
A0A377CV41,0.01
A0A3L0VXU2,0.01
A0A2H4TLE1,0.01
A0A3L0W197,0.01
A0A193PGN9,0.01
A0A2X6GUG0,0.01
A0A4U9TQ98,0.01
A0A376L602,0.01
A0A3W5Y7W7,0.01
A0A162M992,0.01
A0A2U2TXY7,0.01
A0A6M1DJZ3,0.01
A0A2A2CE01,0.01
A0A2X3JSP3,0.01
A0A827FZC0,0.01
A0A779QH73,0.01
A0A376D5J5,0.01
A0A376MUT1,0.01
A0A1Q9L2Z4,0.01
A0A1M2SN78,0.01
A0A0J1XGS0,0.01
A0A2P9E085,0.01
A0A376LKE7,0.01
A0A6D0INM4,0.01
A0A484VL73,0.01
A0A3Z8PWH5,0.01
A0A376TYE1,0.01
A0A6H1PZN2,0.01
A0A4U9T8W0,0.01
A0A6D0XTQ1,0.01
A0A376YL74,0.01
A0A6G8F859,0.01
A0A376HSQ8,0.01
A0A0H2V4H3,0.01
A0A376S944,0.01
A0A376VMK4,0.01
A0A376RR10,0.01
A0A376NR68,0.01
A0A4V6KLQ3,0.01
A0A376D3G3,0.01
A0A376RMI8,0.01
A0A3G1QC77,0.01
A0A377JZQ6,0.01
A0A376KRT9,0.01
A0A2W7XYU6,0.01
A0A376NTK1,0.01
A0A3U0PK62,0.01
A0A2P9E0P3,0.01
A0A6N8R463,0.01
A0A7A6ZYJ7,0.01
A0A0E1SUP2,0.01
A0A3L0VZ59,0.01
A0A3L0X3W5,0.01
A0A853JWN6,0.009
A0A5P0JIZ5,0.009
A0A377K065,0.009
A0A2X3KEL5,0.009
A0A828NQ96,0.009
A0A3L0VZ73,0.009
A0A2S8JVZ5,0.009
A0A377D6W5,0.009
A0A418H4V4,0.009
A0A3P1XKB5,0.009
A0A376TGR5,0.009
A0A066Q0Z8,0.009
A0A376DC86,0.009
A0A377CBF2,0.009
A0A094XNU1,0.009
A0A376S9P0,0.009
A0A377E590,0.009
A0A6D0INC2,0.009
A0A418H893,0.009
A0A765T1F7,0.009
A0A376X2C2,0.009
A0A140N869,0.009
A0A5B9SV90,0.009
A0A0D4D9A8,0.009
A0A376X4S5,0.009
A0A0E3DRW6,0.009
A0A377E228,0.009
A0A6L7CBZ8,0.009
A0A3L0VZR4,0.009
A0A2X1KNJ6,0.009
A0A2I8SWB5,0.009
A0A836ND79,0.009
A0A376RQY9,0.009
A0A2X1KFB7,0.009
A0A444R2F9,0.009
A0A170TVS1,0.009
A0A418HA69,0.009
A0A3L9H0C1,0.009
A0A377CB97,0.009
A0A6G4P805,0.009
A0A376VSQ7,0.009
A0A377DU25,0.009
A0A376W1G6,0.009
A0A826TUY5,0.009
A0A6C9QBR9,0.009
A0A826X9X2,0.009
A0A6D1ADF0,0.009
A0A7H9LWP5,0.009
A0A376RKS7,0.009
A0A377B8L0,0.009
A0A3S4LXQ8,0.009
A0A418H178,0.009
A0A6N8QEZ8,0.009
A0A2X3M7I1,0.009
A0A484Y3R0,0.009
A0A2X1LTX4,0.009
A0A7H9LVP0,0.009
A0A0H3MLQ0,0.009
A0A6D0I7J6,0.009
A0A377K6J8,0.009
A0A024L6C5,0.009
A0A377CD46,0.009
A0A376UD10,0.009
A0A7G2KHB3,0.009
A0A830SMD7,0.009
A0A243UU72,0.009
A0A0A2RS02,0.009
A0A5B9ARI1,0.009
A0A6M4P1A2,0.009
A0A140JXW5,0.009
A0A0J2A1R9,0.009
A0A377DG01,0.009
A0A166VXC4,0.009
A0A6D0EXD2,0.009
A0A376MNK9,0.009
A0A2X1IWX4,0.009
A0A376MDF6,0.009
A0A376ZN46,0.009
A0A6L7A5R4,0.009
A0A2X1QD79,0.009
A0A3G2WCD8,0.009
A0A099B448,0.009
A0A2Y0JEX0,0.009
A0A838APT2,0.009
A0A376ZWU1,0.009
A0A829LD53,0.009
A0A2X3KGJ6,0.009
A0A066T3W9,0.009
A0A024L5S8,0.009
A0A828J8S4,0.009
A0A377BQ42,0.009
A0A2W6P9F5,0.009
A0A2X1IVY8,0.009
A0A0H2Z3E8,0.009
A0A0D8W7I2,0.009
A0A3L0W2Q0,0.009
A0A827LLA8,0.009
A0A3L0W561,0.009
A0A3P1XAS8,0.009
A0A376WB01,0.009
A0A0H0H2U0,0.009
A0A376U932,0.009
A0A377E7U5,0.009
A0A2H4TVA0,0.009
A0A0U2XK22,0.009
A0A899NKC6,0.009
A0A6L9A151,0.009
A0A811AS58,0.009
A0A377D4Y8,0.009
A0A0C5PKW3,0.009
A0A5C8XU75,0.009
A0A836ZC72,0.009
A0A3L0VZN2,0.009
A0A376Y240,0.009
A0A2X3JB27,0.009
A0A6D0IPH8,0.009
A0A2X3LZ12,0.009
A0A2X3JE83,0.009
A0A376RGV9,0.009
A0A376VPT9,0.009
A0A0H2V6G4,0.009
A0A0H2VCI9,0.009
A0A418H9F4,0.009
A0A0U3BHR6,0.009
A0A6L7CRM5,0.009
A0A485JJ32,0.009
A0A2X3JEF5,0.009
A0A0U2LZI5,0.009
A0A0E0Y1C6,0.009
A0A066TA15,0.009
A0A828GHS8,0.009
A0A2X1QID4,0.009
A0A0B1MUD8,0.009
A0A1X3IYI8,0.009
A0A377AYC7,0.009
A0A0H3MMF4,0.009
A0A377D3P9,0.009
A0A7G2KIE7,0.009
A0A191T951,0.009
A0A3L0VYH1,0.009
A0A418GVS1,0.009
A0A2X3JX19,0.009
A0A0B0V9I1,0.009
A0A484YAT4,0.009
A0A6L7A4U7,0.009
A0A3E1W621,0.009
A0A0A6SBJ7,0.009
A0A376U5Y0,0.009
B1A498,0.009
A0A485JA08,0.009
A0A0P7N3M3,0.009
A0A3P1WTV5,0.009
A0A1V2G4P2,0.009
A0A3G4RUN3,0.009
A0A376K2G0,0.009
A0A836NH43,0.009
A0A377DRE5,0.009
A0A376W5V4,0.009
A0A418GBA2,0.009
A0A3G4RTJ2,0.009
A0A2A2BPQ5,0.009
A0A0B1KAT4,0.009
A0A1M0HXK6,0.009
A0A1X3J151,0.009
A0A376MA74,0.009
A0A6G4CJN6,0.009
A0A827Y8Z2,0.009
A0A384ZT72,0.009
A0A3L0X2A8,0.009
A0A828HRF6,0.009
A0A6G9HHU7,0.009
A0A192CG25,0.009
A0A3L4JS23,0.009
A0A376TVJ0,0.009
A0A3P1Y9W4,0.009
A0A5C9AK91,0.009
A0A377B5S5,0.009
A0A377LH62,0.009
A0A6D0F3A4,0.009
A0A376KT35,0.009
A0A377K475,0.009
A0A377DEL7,0.009
A0A6D0F722,0.009
A0A376ZFC6,0.009
A0A1X3JJC2,0.009
A0A2X1QCF4,0.009
A0A7U9APS2,0.009
A0A3T4X6N0,0.009
A0A0B1K226,0.009
A0A0H2V6C5,0.009
A0A142EBE7,0.009
A0A4C6ZJL3,0.009
A0A4D2NMT5,0.009
A0A2R4AHL8,0.009
A0A377BU78,0.009
A0A377BDX7,0.009
A0A2X3KHW1,0.009
A0A829KZ37,0.009
A0A6M4NZD8,0.009
A0A3Y5KS79,0.009
A0A2X3K4P0,0.009
A0A418GIJ6,0.009
A0A2H4TYU4,0.009
A0A0P0SUN5,0.009
A0A2I8STK9,0.009
A0A1Y1CSV0,0.009
A0A2U2V3B4,0.009
A0A5N8H329,0.009
A0A377LHP9,0.009
A0A7G3NPF2,0.009
A0A377K4P4,0.009
A0A376TFZ5,0.009
A0A827DVL1,0.009
A0A4P8C9Y0,0.009
A0A2Z5TIG3,0.009
A0A376WA34,0.009
A0A377HI02,0.009
A0A828NZC2,0.009
A0A376KRV1,0.009
A0A444R194,0.009
A0A376U7G6,0.009
A0A376TXU3,0.009
A0A376ZRW2,0.009
A0A4S1VLL4,0.009
A0A485JLB3,0.009
A0A827G5X9,0.009
A0A376UAP3,0.009
A0A0A1AI57,0.009
A0A377E254,0.009
A0A444R105,0.009
A0A2H5C0T6,0.009
A0A377DNG4,0.009
A0A2X1QA05,0.009
A0A6D0ILH5,0.009
A0A3L0W175,0.009
A0A0H2Z3S1,0.009
A0A6D1AIU8,0.009
A0A6D1AIE6,0.009
A0A779UR27,0.009
A0A377C4A1,0.009
A0A2R4PEM3,0.009
A0A0A2SGA1,0.009
A0A3Q8G3Y7,0.009
A0A4D0BVC0,0.009
A0A377AJ10,0.009
A0A224AQW7,0.009
A0A0K5A912,0.009
A0A0E0XX47,0.009
A0A0H3EHF3,0.009
A0A1X3IXI8,0.009
A0A1Q6BD88,0.009
A0A2X1MQ01,0.009
A0A6L7CNI9,0.009
A0A6D0FR59,0.009
A0A377E8I8,0.009
A0A377K654,0.009
A0A0H2VDN7,0.009
A0A376KQ09,0.009
A0A6M4NZG6,0.009
A0A5N8HFK3,0.009
A0A485JBR9,0.009
A0A376U1A5,0.009
A0A0F3VAW7,0.009
A0A0C5PJ86,0.009
A0A0N8IW17,0.009
A0A2X6HEQ9,0.009
A0A3W5W1X3,0.009
A0A2P9E4M0,0.009
A0A3S4LYA1,0.009
A0A6L7CLN7,0.009
A0A418GS48,0.009
A0A2H5C902,0.009
A0A7U5Z0G7,0.009
A0A828NUI6,0.009
A0A376RSC1,0.009
A0A7U1E286,0.009
A0A2X3K3F7,0.009
A0A2X1N5K1,0.009
A0A377DBF2,0.009
A0A2A2CFI8,0.009
A0A376THM9,0.009
A0A0H3MWY9,0.009
A0A828GGS4,0.009
A0A377LCD9,0.009
A0A376VN33,0.009
A0A3P1XN49,0.009
A0A4Y8AJ98,0.009
A0A0E0XWU3,0.009
A0A376Y8S3,0.009
A0A376ZXM1,0.009
A0A793H815,0.009
A0A376JNK2,0.009
A0A2W6NXP6,0.009
A0A0D8WHH1,0.009
A0A376RAT9,0.009
A0A376KKP1,0.009
A0A192CG32,0.009
A0A3P5DT59,0.009
A0A376P7Q8,0.009
A0A2W6P8J4,0.009
A0A377D556,0.009
A0A7L7CYT7,0.009
A0A1X3HZJ4,0.009
A0A444R026,0.009
A0A376UCM9,0.009
A0A377BTB0,0.009
A0A7G8AES9,0.009
A0A377DKQ6,0.009
A0A444QZX5,0.009
A0A7U9AS72,0.009
A0A418GLH9,0.009
A0A853ECQ5,0.009
A0A6D0V681,0.009
A0A2R4PEP7,0.009
A0A0E2KW47,0.009
A0A829L683,0.009
A0A0E1T417,0.009
A0A485JBI5,0.009
A0A3S4P539,0.009
A0A3L0W0T5,0.009
A0A3V0Y9E6,0.009
A0A0D8WMU6,0.009
A0A829L2C0,0.009
A0A376CXM3,0.009
A0A1U9XFP4,0.009
A0A3L0W4M4,0.009
A0A3L9GN18,0.009
A0A1U9XET4,0.009
A0A5J9XAH6,0.009
A0A484VZI1,0.009
A0A376RPS6,0.009
A0A7U1HRF4,0.009
A0A0H2Z001,0.009
A0A376KWD6,0.009
A0A7L8KBY9,0.009
A0A827HR10,0.009
A0A377AET6,0.009
A0A0C2EW31,0.009
A0A1Q6AZ01,0.009
A0A2R4KLN5,0.009
A0A0P7NV78,0.009
A0A2X3KML0,0.009
A0A0E3MUB5,0.009
A0A6N8RA76,0.009
A0A3L0W410,0.009
A0A2X7QPE1,0.009
A0A6D0IPP5,0.009
A0A376VRD1,0.009
A0A827B7G9,0.009
A0A789RLK9,0.009
A0A066T414,0.009
A0A376MX02,0.009
A0A376S8E7,0.009
A0A0H3EQD9,0.009
A0A192C929,0.009
A0A1L7ASU4,0.009
A0A377D9W0,0.009
A0A0E1T7H6,0.009
A0A2A2C599,0.009
A0A826TKU3,0.009
A0A4Y1SJA6,0.009
A0A3P1X8E9,0.009
A0A2W6P0X3,0.009
A0A2X1J388,0.009
A0A376P5T0,0.009
A0A2J7L6I9,0.009
A0A376UC92,0.009
A0A1X3HX87,0.009
A0A376KXM1,0.009
A0A377BXE1,0.009
A0A3P5DQC0,0.009
A0A7G2KIX8,0.009
A0A3L0W5G9,0.009
A0A377B9X1,0.009
A0A376JPW6,0.009
A0A3L0WWG0,0.009
A0A0F3WMG6,0.009
A0A0A8J5A8,0.009
A0A827BDM4,0.009
A0A418GGK1,0.009
A0A6L7CIF6,0.009
A0A1S7BG30,0.009
A0A377C4L5,0.009
A0A377BBS3,0.009
A0A2X1NC58,0.009
A0A2W6NXC1,0.009
A0A3L0VUJ6,0.009
A0A172UXD7,0.009
A0A418GEL4,0.009
A0A0K3SVW2,0.009
A0A075UJ55,0.009
A0A2X1LMA0,0.009
A0A3Z6G8F6,0.009
A0A418GJZ5,0.009
A0A0H3PQS6,0.009
A0A376LJ91,0.009
A0A5P0JJB4,0.009
A0A485JMA7,0.009
A0A3L9GKD1,0.009
A0A0A8KQ49,0.009
A0A6N9MTF9,0.009
A0A2X1PUH0,0.009
A0A3L9FY40,0.009
A0A376LJL5,0.009
A0A2X3K172,0.009
A0A0D3RJK1,0.009
A0A376TN33,0.009
A0A377E2C8,0.009
A0A2X1KSR7,0.009
A0A376MX67,0.009
A0A485JGG1,0.009
A0A6M1DKB3,0.009
A0A191T962,0.009
A0A1L4J0P1,0.009
A0A377B440,0.009
A0A376KT25,0.009
A0A3U0PKD5,0.009
A0A2W8FX45,0.009
A0A2P9E850,0.009
A0A075M988,0.009
A0A0H3EWZ5,0.009
A0A377CHI5,0.009
A0A3Z6GDY2,0.009
A0A828UAF9,0.009
A0A6L6ZTD8,0.009
A0A1X3I4A8,0.009
A0A377K6X2,0.009
A0A377AKL4,0.009
A0A3L0W9V5,0.009
A0A418GFC5,0.009
A0A1X3JGM2,0.009
A0A3P1N0Y5,0.009
A0A1X3HYC2,0.009
A0A376VZX2,0.009
A0A0B0X5L3,0.009
A0A377DKE4,0.009
A0A6L6I9M0,0.009
A0A6N8QM57,0.009
A0A376MJR1,0.009
A0A7G8AEE3,0.009
A0A854BFV7,0.009
A0A811VQ70,0.009
A0A765XCA8,0.009
A0A0H3MI62,0.009
A0A377AMY2,0.009
A0A485JJ47,0.009
A0A2X3K3C6,0.009
A0A418H205,0.009
A0A0H3PH49,0.009
A0A193LPE9,0.009
A0A376MJE7,0.009
A0A485JP36,0.009
A0A0P7N6F8,0.009
A0A0J2D2V4,0.009
A0A0A0H505,0.009
A0A377F7W6,0.009
A0A2X3M4K1,0.009
A0A6N6WPU1,0.009
A0A828U1J6,0.009
A0A827XX47,0.009
A0A2X1JNQ3,0.009
A0A376VS79,0.009
A0A0E0XY27,0.009
A0A2X1N439,0.009
A0A0D0N6A6,0.009
A0A0N8IUI7,0.009
A0A376YEW0,0.009
A0A377AXB5,0.009
A0A376U857,0.009
A0A074PYR7,0.009
A0A828PHD3,0.009
A0A377BYF9,0.009
A0A0E0Y5S6,0.009
A0A3L0W3R6,0.009
A0A377BL72,0.009
A0A418GFV7,0.009
A0A376RQ22,0.009
A0A376KP53,0.009
A0A3L0VXD7,0.009
A0A376KUJ7,0.009
A0A1X3JLR6,0.009
A0A6D1AEZ5,0.009
A0A377JXR9,0.009
A0A377DEZ6,0.009
A0A7L7E5W3,0.009
A0A376TW55,0.009
A0A3S4MB05,0.009
A0A3W4K715,0.009
A0A377CDT2,0.009
A0A2X1Q868,0.009
A0A377CE29,0.009
A0A376IZT0,0.009
A0A418H914,0.009
A0A3L0VZY8,0.009
A0A376WQ22,0.009
A0A376TZA3,0.009
A0A377E9Q5,0.009
A0A6D1AC67,0.009
A0A376LQ96,0.009
A0A377EQH6,0.009
A0A3L0W4W5,0.009
A0A3K0WI17,0.009
A0A485JGG3,0.009
A0A376W5V3,0.009
A0A6C9QHX1,0.009
A0A4S4ZJP4,0.009
A0A418H5R3,0.009
A0A377B084,0.009
A0A376RG68,0.009
A0A2K3TWG3,0.009
A0A377CBQ6,0.009
A0A377BET7,0.009
A0A376UBT9,0.009
A0A7U5TH15,0.009
A0A2H4TLW7,0.009
A0A376LBV0,0.009
A3QXY2,0.009
A0A3P1X2K4,0.009
A0A418GBW4,0.009
A0A376U2B5,0.009
A0A191T954,0.009
A0A0K3QY90,0.009
A0A4Y8FTX9,0.009
A0A377E6V2,0.009
A0A2X1NES5,0.009
A0A376UFH8,0.009
A0A0K6A7R5,0.009
A0A797M8X9,0.009
A0A7R6UIP3,0.009
A0A376VTM2,0.009
A0A1M2TYT0,0.009
A0A444R257,0.009
A0A5C9AC20,0.009
A0A3L9IHF3,0.009
A0A447X227,0.009
A0A485JNM9,0.009
A0A2G9BMU1,0.009
A0A377KBD4,0.009
A0A6D0IFW6,0.009
A0A2X1IWI7,0.009
A0A192CIX8,0.009
A0A377DAQ6,0.009
A0A6L7CU43,0.009
A0A377K8X6,0.009
A0A854C0H9,0.009
A0A168SRA8,0.009
A0A7T2JNJ6,0.009
A0A3L9HNJ0,0.009
A0A024L1T9,0.009
A0A6D0D735,0.009
A0A376VD72,0.009
A0A6N8QZS9,0.009
A0A0L6Y6M4,0.009
A0A2X1MWZ9,0.009
A0A376U0S5,0.009
A0A7A6VTM0,0.009
A0A5S9GF75,0.009
A0A3Y3MTQ3,0.009
A0A6N8QP58,0.009
A0A6D0IKR0,0.009
A0A6D1AIA4,0.009
A0A3L0W085,0.009
A0A484YEW4,0.009
A0A168TF88,0.009
A0A0F3VRM4,0.009
A0A0L7AEI4,0.009
A0A6N6WUT2,0.009
A0A3L0VWZ4,0.009
A0A798GY71,0.009
A0A376J3B0,0.009
A0A777XM78,0.009
A0A828GI15,0.009
A0A4P8BVU9,0.009
A0A6M1DKK5,0.009
A0A376THN1,0.009
A0A376RIV7,0.009
A0A376UAM0,0.009
A0A7L5V367,0.009
A0A6L7A659,0.009
A0A0K5GBN3,0.009
A0A376ZN84,0.009
A0A061KG98,0.009
A0A2Z2JEM3,0.009
A0A5P0J9K7,0.009
A0A109PIV4,0.009
A0A2A3ULE6,0.009
A0A827XSA0,0.009
A0A0E0SRS8,0.009
A0A1R1KA80,0.009
A0A218N1A3,0.009
A0A377C8M9,0.009
A0A3L0VUL2,0.009
A0A6L7CHS0,0.009
A0A0B0VI81,0.009
A0A377AGH2,0.009
A7ZTL0,0.009
A0A376VJT3,0.009
A0A094VQJ4,0.009
A0A228U0B3,0.009
A0A6N8NRK8,0.009
A0A0E0XWR2,0.009
A0A376LCA6,0.009
A0A0H0HND6,0.009
A0A7G2KHZ5,0.009
A0A376VWQ1,0.009
A0A377DKU0,0.009
A0A166VF76,0.009
A0A6L7A6R6,0.009
A0A3S8X8K6,0.009
A0A417ZRY3,0.009
A0A7L5V6W5,0.009
A0A159ZBS1,0.009
A0A0E2KWA7,0.009
A0A376U137,0.009
A0A0E1T9L0,0.009
A0A377BFQ0,0.009
A0A4Q8IP37,0.008
A0A377F4Y0,0.008
A0A3T4R819,0.008
A0A376W287,0.008
A0A3L0VY64,0.008
A0A1X3HX20,0.008
A0A3S5DUJ3,0.008
A0A3Q0MT30,0.008
A0A1U9XFK5,0.008
A0A023LIZ8,0.008
A0A826TRL8,0.008
A0A0K4LAX7,0.008
A0A376TGD7,0.008
A0A376LKW3,0.008
A0A6L7A1Y5,0.008
A0A192CL41,0.008
A0A1C0XWA9,0.008
A7ZJ04,0.008
A0A376RFG7,0.008
A0A484X3Q8,0.008
A0A826X3U6,0.008
A0A376Y8C7,0.008
A0A376KID3,0.008
A0A376NUU4,0.008
A0A377JZS5,0.008
A0A7B3MMG0,0.008
A0A376KX24,0.008
A0A377CIV2,0.008
A0A2X3LX33,0.008
A0A1E5WWJ1,0.008
A0A5P0JIE3,0.008
A0A827XYF0,0.008
A0A6N8NQV3,0.008
A0A1X3HZ36,0.008
A0A6L9AAR3,0.008
A0A5C8XTR5,0.008
A0A376U091,0.008
A0A377K6L8,0.008
A0A6G4CLH8,0.008
A0A376NUR8,0.008
A0A0N8IRG6,0.008
A0A6D1AD78,0.008
A0A6D0IMG7,0.008
A0A6L7CC80,0.008
A0A444RGH0,0.008
A0A376YK54,0.008
A0A376ZL99,0.008
A0A377KEJ1,0.008
A0A6G4C5X3,0.008
A0A418GGJ7,0.008
A0A3S5DV25,0.008
A0A7I6GZW2,0.008
A0A376W5C3,0.008
A0A7U9AXE9,0.008
A0A6M1DKE9,0.008
A0A7U9AUW4,0.008
A0A376TH53,0.008
A0A7U9AP41,0.008
A0A376LE04,0.008
A0A376KVI8,0.008
A0A7U9AX85,0.008
A0A5B9AG07,0.008
A0A6N6WPQ6,0.008
A0A418H219,0.008
A0A444R005,0.008
A0A377CG83,0.008
A0A5P0JKD8,0.008
A0A0Q3F1N7,0.008
A0A6N6WRR7,0.008
A0A0B1KIX9,0.008
A0A418GJ95,0.008
A0A6M1DLG2,0.008
A0A140WYA6,0.008
A0A3L0W3M2,0.008
A0A377BTV8,0.008
A0A376MUD8,0.008
A0A0H2VCD0,0.008
A0A376LA63,0.008
A0A376MSH3,0.008
A0A7U9LSS5,0.008
A0A376LQW7,0.008
A0A2D0AS65,0.008
A0A2X1K8X5,0.008
A0A376KVP6,0.008
A0A0H0GNY1,0.008
A0A376W7Z1,0.008
A0A1C7CU12,0.008
A0A0D8W8A4,0.008
A0A3W5Y823,0.008
A0A5C9AHB8,0.008
A0A376VEJ8,0.008
A0A444QZC9,0.008
A0A7L8K9N7,0.008
A0A444R0D6,0.008
A0A3P5DJ32,0.008
A0A478I4G3,0.008
A0A376RMX6,0.008
A0A3L0W4P4,0.008
A0A0F3U7G4,0.008
A0A3L0W457,0.008
A0A3L0W308,0.008
A0A765T859,0.008
A0A376KUW7,0.008
A0A6G4JZ91,0.008
A0A7H9LRH8,0.008
A0A2X7K7C1,0.008
A0A6N8NM49,0.008
A0A2X1PKA1,0.008
A7ZP76,0.008
A0A7U9NXD1,0.008
A0A826THA3,0.008
A0A7U9QFM2,0.008
A0A6L7CS11,0.008
A0A2A2CFH5,0.008
A0A6L7CR26,0.008
A0A3G4RTT6,0.008
A0A140WYD8,0.008
A0A1X3I7G3,0.008
A0A377AMY5,0.008
A0A376MJ69,0.008
A0A6D0ITT1,0.008
A0A218N419,0.008
A0A2X1N9A5,0.008
A0A3P1WMT6,0.008
A0A5C9AUK4,0.008
A0A1S7BG35,0.008
A0A0E0XW78,0.008
A0A0P7LLA5,0.008
A0A3P5HBQ1,0.008
A0A484Y7Q9,0.008
A0A836N7Y8,0.008
A0A376ZTU0,0.008
A0A0F5GMR7,0.008
A0A6N6WT10,0.008
A0A2P9E601,0.008
A0A3W4K818,0.008
A0A3L9HJF3,0.008
A0A6N6WNM5,0.008
A0A3L9J007,0.008
A0A145YWT6,0.008
A0A779UK07,0.008
A0A0A0R301,0.008
A0A444R9Q9,0.008
A0A376W709,0.008
A0A377BYI7,0.008
A0A6L7CBS5,0.008
A0A376U316,0.008
A0A0E1T0N6,0.008
A0A6D1AED3,0.008
A0A140WYB3,0.008
A0A377F6M8,0.008
A0A6N8QR24,0.008
A0A775ZBI0,0.008
A0A376KMK2,0.008
A0A6D0ID41,0.008
A0A6D0DFF7,0.008
A0A192EUT1,0.008
A0A3K3GKA3,0.008
A0A3L0VZR6,0.008
A0A376YHU0,0.008
A0A5C9AHA0,0.008
A0A2X7GCX7,0.008
A0A0H3PUT6,0.008
A0A376L491,0.008
A0A377DCD5,0.008
A0A418HA62,0.008
A0A6N8QVX0,0.008
A0A6L4XQE6,0.008
A0A0L6ZI96,0.008
A0A2J1C6S0,0.008
A0A899NC30,0.008
A0A6N6WS47,0.008
A0A377CWG9,0.008
A0A3G4SN95,0.008
A0A2X3JX26,0.008
A0A6C9EEY1,0.008
A0A1L4IZZ7,0.008
A0A6G1XGC0,0.008
A0A377F7X6,0.008
A0A191T968,0.008
A0A376ZW86,0.008
A0A376Y3D8,0.008
A0A066T9X0,0.008
A0A1X3I3G0,0.008
A0A3P1XGT7,0.008
A0A0L1BKC5,0.008
A0A376Y1F4,0.008
A0A2X3JSP4,0.008
A0A376RRH1,0.008
A0A3P1X8I2,0.008
A0A2X1N398,0.008
A0A6D1AHW1,0.008
A0A7A9RXJ9,0.008
A0A418H5H7,0.008
A0A829KXA3,0.008
A0A2X7GEE8,0.008
A0A377C1Z3,0.008
A0A5N8H4D7,0.008
A0A218N6D0,0.008
A0A1W1EM97,0.008
A0A7H9NGY0,0.008
A0A6D0C4U9,0.008
A0A768AN57,0.008
A0A0E0Y4E4,0.008
A0A6L7C6M0,0.008
A0A377K7A6,0.008
A0A7B4CKW3,0.008
A0A0C5F253,0.008
A0A193LPQ5,0.008
A0A2R4AHK2,0.008
A0A2X3M7N6,0.008
A0A5C8XTY3,0.008
A0A0K4G9B8,0.008
A0A192CM81,0.008
A0A376L6B5,0.008
A0A376HRJ2,0.008
A0A7H9NB31,0.008
A0A377DKF4,0.008
A0A0K5HD94,0.008
A0A0E2L9E6,0.008
A0A853K6K6,0.008
A0A075MDZ8,0.008
A0A829L270,0.008
A0A6D0G2W7,0.008
A0A377D9R3,0.008
A0A376J094,0.008
A0A2H4TYX2,0.008
A0A3L0X2R9,0.008
A0A377BC48,0.008
A0A0E0SS75,0.008
A0A376W403,0.008
A0A7L8KC38,0.008
A0A484W0H1,0.008
A0A376UAK5,0.008
A0A376VC51,0.008
A0A7D3TDP0,0.008
A0A6D1A7J5,0.008
A0A377ANY1,0.008
A0A376X2Z4,0.008
A0A376TJ75,0.008
A0A1X3JHM6,0.008
A0A5N8HCH0,0.008
A0A1L5JRU0,0.008
A0A075MCI9,0.008
A0A411NN44,0.008
A0A478GDB9,0.008
A0A2X1Q433,0.008
A0A1M2DII2,0.008
A0A1V2GGB2,0.008
A0A3Y8ESN0,0.008
A0A0B1LZW7,0.008
A0A6D1A7Z6,0.008
A0A0K4XS26,0.008
A0A0E3KIG4,0.008
A0A1X3I610,0.008
A0A377K9D8,0.008
A0A376NYA1,0.008
A0A3P5DV88,0.008
A0A376ZQJ5,0.008
A0A6N6WR86,0.008
A0A1V2FZG3,0.008
A0A0H3PQ99,0.008
A0A376J3Z3,0.008
A0A343SSD2,0.008
A0A2H4TK47,0.008
A0A1X3JHW9,0.008
A0A376U515,0.008
A0A376L0K4,0.008
A0A377K7C4,0.008
A0A142EBL6,0.008
A0A6N8QT87,0.008
A0A377CD71,0.008
A0A377ALW7,0.008
A0A376JPB8,0.008
A0A3P5DVL3,0.008
A0A6D1AD99,0.008
A0A1X9TRZ8,0.008
A0A0H2Z6E7,0.008
A0A376KKT5,0.008
A0A2X1N2Q9,0.008
A0A376MUB7,0.008
A0A376LDK3,0.008
A0A7A6XR47,0.008
A0A0B1MQE3,0.008
A0A376MSF4,0.008
A0A3P1XHV8,0.008
A0A854BKM3,0.008
A0A3L0W0I9,0.008
A0A4U9TH64,0.008
A0A0U2SES6,0.008
A0A1X3IY57,0.008
A0A2X1KM51,0.008
A0A484X2G9,0.008
A0A376U9W9,0.008
A0A6D1AB33,0.008
A0A376TKD8,0.008
A0A7L8K8R8,0.008
A0A6D0IKU1,0.008
A0A2Z2JFU5,0.008
A0A5C8XTN5,0.008
A0A5C9ACA9,0.008
A0A447XAB7,0.008
A0A484WP31,0.008
A0A0B1N098,0.008
A0A377BLA6,0.008
A0A6D0IIZ4,0.008
A0A0A1E265,0.008
A0A2X1NBE0,0.008
A0A1X3I7Z1,0.008
A0A6L7CP09,0.008
A0A6D0IHC9,0.008
A0A2X1JZW7,0.008
A0A6L7A5J9,0.008
A0A7H4YR46,0.008
A0A376L1A7,0.008
A0A377BE30,0.008
A0A789RCN9,0.008
A0A485JN04,0.008
A0A376KLM1,0.008
A0A376M4X1,0.008
A0A7G2KFI1,0.008
A0A6L7A3Z1,0.008
A0A376YFR1,0.008
A0A376VUW2,0.008
A0A376HIX7,0.008
A0A7T8R0C0,0.008
A0A3K0WLL9,0.008
A0A376WXC5,0.008
A0A418H4Z3,0.008
A0A1B2RBC0,0.008
A0A7A6Y809,0.008
A0A5C9AP56,0.008
A0A376SCH0,0.008
A0A377AEQ5,0.008
A0A2X1MZL5,0.008
A0A6L6RWK4,0.008
A0A377DRX0,0.008
A0A5C9ADX5,0.008
A0A3L0Y7D7,0.008
A0A2S5UBN0,0.008
A0A3W4K661,0.008
A0A377BC63,0.008
A0A826YLN1,0.008
A0A377B1E1,0.008
A0A377K9Q3,0.008
A0A376LDN9,0.008
A0A5N8HF22,0.008
A0A376W4H1,0.008
A0A2X3JS50,0.008
A0A2X1N0Z6,0.008
A0A2K9V128,0.008
A8CFG9,0.008
A0A376VSU5,0.008
A0A377LLJ0,0.008
A0A376TKH6,0.008
A0A0H3F1E2,0.008
A0A075ME83,0.008
A0A075MBI7,0.008
A0A376RL51,0.008
A0A418H9P9,0.008
A0A2X3KD35,0.008
A0A2H4TYW7,0.008
A0A6C7H283,0.008
A0A376W2J3,0.008
A0A6L7CAD6,0.008
A0A1U9XHU5,0.008
A0A827QE52,0.008
A0A2D2CLI0,0.008
A0A376D3P4,0.008
A0A478KXE2,0.008
A0A377DB83,0.008
A0A1M0CY34,0.008
A0A7A7A080,0.008
A0A792DQV5,0.008
A0A2T1LPG5,0.008
A0A376VWH6,0.008
A0A0H0RPQ5,0.008
A0A827HQU6,0.008
A0A377A3R9,0.008
A0A066SNZ6,0.008
A0A6L7CPB6,0.008
A0A0P7MS93,0.008
A0A2R4AB88,0.008
A0A6D0FBF8,0.008
A0A3L0X4I8,0.008
A0A2W6PLG7,0.008
A0A385EP64,0.008
A0A0Q2Z400,0.008
A0A0E1T4F8,0.008
A0A376VFD3,0.008
A0A6L7A3M3,0.008
A0A484YRM1,0.008
A0A3L0WCH3,0.008
A0A3P1XK75,0.008
A0A1X3I3M8,0.008
A0A377CDL8,0.008
A0A828GG70,0.008
A0A7H9NH40,0.008
A0A376KSN2,0.008
A0A376UCJ4,0.008
A0A377CWV0,0.008
A0A376L826,0.008
A0A418GRB3,0.008
A0A3K0WFS4,0.008
A0A822TS21,0.008
A0A376W1K0,0.008
A0A376JPG3,0.008
A0A222B5N6,0.008
A0A1V2FUG0,0.008
A0A826TYW1,0.008
A0A793D8T2,0.008
A0A377F7N7,0.008
A0A2W7UEJ2,0.008
A0A6N6WNK2,0.008
A0A376UCM7,0.008
A0A829L3Z3,0.008
A0A6C9EF67,0.008
A0A0A0G5S0,0.008
A0A3T9PL28,0.008
A0A447Y2F5,0.008
A0A376YJN9,0.008
A0A6N8QEH3,0.008
A0A377HFT5,0.008
A0A6D1A7M0,0.008
A0A5B9ALC5,0.008
A0A376TQG9,0.008
A0A376KKA0,0.008
A0A376JV32,0.008
A0A6L7A7M9,0.008
A0A376KLF5,0.008
A0A6D1A836,0.008
A0A418GV31,0.008
A0A3P5DSL1,0.008
A0A484YIP1,0.008
A0A2X6QD17,0.008
A0A377C8N3,0.008
A0A376TNS3,0.008
A0A037YC81,0.008
A0A2A2CGD9,0.008
A0A484YJN5,0.008
A0A2S8JQ51,0.008
A0A3L0VTX5,0.008
A0A066RFC3,0.008
A0A1W6QFL4,0.008
A0A2X1NDA1,0.008
A0A3P1XN88,0.008
A0A376VVU5,0.008
A0A838ATA5,0.008
A0A0D8W9N8,0.008
A0A192CDK7,0.008
A0A4D0R918,0.008
A0A4D0RER5,0.008
A0A775Z758,0.008
A0A1L4J0I5,0.008
A0A3P1XA49,0.008
A0A5N8H621,0.008
B0EYL9,0.008
A0A376NUT3,0.008
A0A447XVF8,0.008
A0A2X1MB94,0.008
A0A6M1DKA3,0.008
A0A1V2FUM3,0.008
A0A377D7K2,0.008
A0A2H4TKJ5,0.008
A0A3L0Y956,0.008
A0A2X3M662,0.008
A0A6N8NQ40,0.008
A0A376RDE2,0.008
A0A485J9M0,0.008
A0A773M9P0,0.008
A0A377C005,0.008
A0A0H0GHF7,0.008
A0A061KBR3,0.008
A0A376K326,0.008
A0A376D4M3,0.008
A0A484X712,0.008
A0A377A8M6,0.008
A0A6D0IMY7,0.008
A0A829KZ32,0.008
A0A0H3PVE2,0.008
A0A418H9B4,0.008
A0A2P9ELA4,0.008
A0A085NWS4,0.008
A0A376U7S8,0.008
A0A376TE03,0.008
A0A418GM13,0.008
A0A3Z6GEG0,0.008
A0A6D0IWJ2,0.008
A0A7L8KBX8,0.008
A0A829LDT8,0.008
A0A7U9IT42,0.008
A0A0H3EIC2,0.008
A0A0H2V5S7,0.008
A0A377K2J7,0.008
A0A376ZQU0,0.008
A0A377AZ35,0.008
A0A376K2H2,0.008
A0A2A7M170,0.008
A0A6D1ACZ0,0.008
A0A2L1DGZ8,0.008
A0A0H3MT46,0.008
A0A777XT16,0.008
A0A3S4MG35,0.008
A0A890DGR3,0.008
A0A376W412,0.008
A0A836NGP6,0.008
A0A377CWQ7,0.008
A0A826X0T5,0.008
A0A0A1A276,0.008
A0A377C151,0.008
A0A376J6C0,0.008
A0A6L6SAM6,0.008
A0A454A7J4,0.008
A0A6N8R3F9,0.008
A0A377NR13,0.008
A0A0A8J8T8,0.008
A0A0K4Z6D0,0.008
A0A447XWE3,0.008
A0A7A6SB46,0.008
A0A6N8NIM7,0.008
A0A6L7AAN3,0.008
A0A376LG37,0.008
A0A376ZVV3,0.008
A0A6L7CWB3,0.008
A0A4V1DR43,0.008
A0A2X1NNM6,0.008
A0A7U9AUS7,0.008
A0A2X1NTT9,0.008
A0A376WTM7,0.008
A0A376RQJ4,0.008
A0A1X3ITI0,0.008
A0A377F4J9,0.008
A0A376TLR0,0.008
A0A1V2GGI1,0.008
A0A377CGM0,0.008
A0A290GC30,0.008
A0A376VZX0,0.008
A0A377KBM2,0.008
A0A0S3PN50,0.008
A0A2T3S7K6,0.008
A0A376MP62,0.008
A0A377BCD0,0.008
A0A2A3V5F3,0.008
A0A376LEE4,0.008
A0A2X1KPM4,0.008
A0A447XYB5,0.008
A0A369FJM0,0.008
A0A6D1ACM2,0.008
A0A4T6R2A8,0.008
A0A377DK41,0.008
A0A418H4H2,0.008
A0A376TJF7,0.008
A0A7M1HY14,0.008
A0A376SBW5,0.008
A0A376JWX9,0.008
A0A6L7A7K9,0.008
A0A0V9R6K9,0.008
A0A484YWH3,0.008
A0A376UA04,0.008
A0A828G8N4,0.008
A0A0B1ESK4,0.008
A0A0C5EKX3,0.008
A0A0K3VHG5,0.008
A0A377C919,0.008
A0A6D0I2B3,0.008
A0A2X1KDX6,0.008
A0A377DDJ6,0.008
A0A3P1X4A1,0.008
A0A3L0W4N4,0.008
A0A0C2EFT3,0.008
A0A2A3VRV7,0.008
A0A0D8VMD9,0.008
A0A6L6ZU92,0.008
A0A827HR47,0.008
A0A377ECN7,0.008
A0A376NXB8,0.008
A0A376DF91,0.008
A0A447Y5B9,0.008
A0A1Q4PME1,0.008
A0A376W285,0.008
A0A854BSS0,0.008
A0A377EAV1,0.008
A0A168Q506,0.008
A0A0F0AJ99,0.008
A0A2I8SP46,0.008
A0A377DM42,0.008
A0A376KZR5,0.008
A0A3K0UES7,0.008
A0A828GQE3,0.008
A0A0H3ZHZ9,0.008
A0A141AZV5,0.008
A0A3S4M5Z1,0.008
A0A4C9G7B9,0.008
A0A2P9E357,0.008
A0A7U9P000,0.008
A0A2R4A7U6,0.008
A0A484Y2S1,0.008
A0A3G9GPZ4,0.008
A0A376U0W0,0.008
A0A2S1JBI6,0.008
A0A377BF98,0.008
A0A0C2ATD0,0.008
A0A6N8NI84,0.008
A0A377EA35,0.008
A0A376TRM7,0.008
A0A142EB46,0.008
A0A3T9KVY7,0.008
A0A024L616,0.008
A0A3L0W0N8,0.008
A0A6D0IKI9,0.008
A0A2X3K2G3,0.008
A0A484W2D7,0.008
A0A376YL67,0.008
A0A776LVW3,0.008
A0A5C9ALL9,0.008
A0A2X1KPT8,0.008
A0A377B5T7,0.008
A0A6D0XM26,0.008
A0A3S4JPX2,0.008
A0A6D0IM89,0.008
A0A6G5ZXC5,0.008
A0A418H6K2,0.008
A0A376VXJ4,0.008
A0A6N6WNY6,0.008
A0A1X3JFF2,0.008
A0A376J799,0.008
A0A376TX32,0.008
A0A376MF30,0.008
A0A0H0QCC7,0.008
A0A0E1STQ1,0.008
A0A0K6DIL9,0.008
A0A0H0G9Q9,0.008
A0A376RFQ4,0.008
A0A376VRJ2,0.008
A0A8B3M2H3,0.008
A0A376KJ31,0.008
A0A7U9ITG8,0.008
A0A376KHL5,0.008
A0A1M2I694,0.008
A0A2X3KCB0,0.008
A0A0B4N3Y9,0.008
A0A376TNJ8,0.007
A0A6G4JZK3,0.007
A0A0H3PV20,0.007
A0A2G8ZRF6,0.007
A0A385EPA9,0.007
A0A6N9SG99,0.007
A0A244BGB4,0.007
A0A797M0H0,0.007
A0A2H9EDR6,0.007
A0A377E7E5,0.007
A0A376KKI3,0.007
A0A0M1U5W3,0.007
A0A485JD36,0.007
A0A6L7CVF1,0.007
A0A0E0SRF5,0.007
A0A829KZT5,0.007
A0A376HSL1,0.007
A0A447X9V3,0.007
A0A1X3JH10,0.007
A0A1X3J429,0.007
A0A376MAE9,0.007
A0A7D6KD88,0.007
A0A454A9D4,0.007
A0A376KIS8,0.007
A0A7A6KXC6,0.007
A0A0P7LQY4,0.007
A0A2X1K1W3,0.007
A0A377CXF5,0.007
A0A3P1Y9S8,0.007
A0A376MR96,0.007
A0A2X1PQY1,0.007
A0A376UCU1,0.007
A0A0B0VNP5,0.007
A0A0K4V0G9,0.007
A0A376LR82,0.007
A0A2X1MAL0,0.007
A0A376RAM8,0.007
A0A377BNZ8,0.007
A0A376WU43,0.007
A0A1X3I720,0.007
A0A5C9AA01,0.007
A0A376RFX1,0.007
A0A2X3M251,0.007
A0A0B0VDK1,0.007
A0A3K0WKP7,0.007
A0A0G9FYC6,0.007
A0A7H9SJM9,0.007
A0A6D0HJJ4,0.007
A0A6N6WS51,0.007
A0A2X1MWA8,0.007
A0A827FWK7,0.007
A0A377DDJ7,0.007
A0A3L0VXX8,0.007
A0A376VD83,0.007
A0A377CEJ6,0.007
A0A2T8JQR0,0.007
A0A0P7PAE1,0.007
A0A376JPT8,0.007
A0A6L7CNT0,0.007
A0A152VE69,0.007
A0A142EB34,0.007
A0A0H3EDA4,0.007
A0A377F8V3,0.007
A0A3A6TAN9,0.007
A0A826IZ24,0.007
A0A2X1NI25,0.007
A0A377K3N4,0.007
A0A376L060,0.007
A0A2X3J8R2,0.007
A0A376MK08,0.007
A0A1X3IW39,0.007
A0A2P9DVQ4,0.007
A0A2X3KLT2,0.007
A0A376MGK4,0.007
A0A376LLR1,0.007
A0A0D6GNM7,0.007
A0A0F3TKF8,0.007
A0A377KCX9,0.007
A0A376HVB3,0.007
A0A376LLU3,0.007
A0A3L9I794,0.007
A0A377DTW5,0.007
A0A3L0VYU8,0.007
A0A0A8J6Z9,0.007
A0A0V7WLN3,0.007
A0A0E2L2Y8,0.007
A0A376RI48,0.007
A0A376CQF1,0.007
A0A2X1K2N7,0.007
A0A0N8ISD8,0.007
A0A4C3C1C8,0.007
A0A2U2VAG5,0.007
A0A811VKV5,0.007
A0A023LD86,0.007
A0A376UAI9,0.007
A0A192C8K5,0.007
A0A0P7LLS6,0.007
A0A075MC34,0.007
A0A5C9AA77,0.007
A0A3S4K5W3,0.007
A0A066T5Y8,0.007
A0A418GLX0,0.007
A0A376TT35,0.007
A0A376Y8S9,0.007
A0A899NDR5,0.007
A0A2X3M292,0.007
A0A6D0IK47,0.007
A0A4U9UMH9,0.007
A0A377DJS7,0.007
A0A3R0MXX7,0.007
A0A2X1NEW7,0.007
A0A826JB01,0.007
A0A7L5P6R4,0.007
A0A1M0XJN8,0.007
A0A377DBE9,0.007
A0A0F5GK53,0.007
A0A376LK62,0.007
A0A1X3JG48,0.007
A0A6N8R0N0,0.007
A0A0E1ST79,0.007
A0A828GNT2,0.007
A0A3L0WCF2,0.007
A0A376W2B4,0.007
A0A0J8X0Q4,0.007
A0A376DF82,0.007
A0A376W5E5,0.007
A0A142EC37,0.007
A0A5C9AK21,0.007
A0A0H3MF86,0.007
A0A2H5C9W6,0.007
A0A6N8QQ16,0.007
A0A1X9TLP5,0.007
A0A024L5W6,0.007
A0A6L7CAN2,0.007
A0A377DPJ1,0.007
A0A377BPD0,0.007
A0A2Z5VKK6,0.007
A0A3P1XXM7,0.007
A0A6D1NZD7,0.007
A0A376NV12,0.007
A0A3L0W427,0.007
A0A377B8H0,0.007
A0A6L7D274,0.007
A0A376W8B6,0.007
A0A376KY56,0.007
A0A6N6WNQ8,0.007
A0A068B0R8,0.007
A0A376JZY3,0.007
A0A6L7CJH3,0.007
A0A3T9KW51,0.007
A0A444R0Q0,0.007
A0A2X3KLW5,0.007
A0A376Y7W7,0.007
A0A376MHT4,0.007
A0A377K6N8,0.007
A0A5B9A7U7,0.007
A0A376SB27,0.007
A0A377K7V5,0.007
A0A2X3M3C0,0.007
A0A0V7X8G2,0.007
A0A5N8H882,0.007
A0A376VSX0,0.007
A0A3L0W3A5,0.007
A0A2X3K373,0.007
A0A376MXG8,0.007
A0A1X3J635,0.007
A0A376RKV0,0.007
A0A3P1RK24,0.007
A0A6C9EIF4,0.007
A0A3L0W6Y8,0.007
A0A377LH73,0.007
A0A454A925,0.007
A0A0A1A757,0.007
A3RLX6,0.007
A0A075MF75,0.007
A0A3S4MMG8,0.007
A0A376CZP5,0.007
A0A2A3VM11,0.007
A0A376WCX3,0.007
A0A376KNS5,0.007
A0A418GSA9,0.007
A0A0E0XSI3,0.007
A0A6D0IN43,0.007
A0A7A6W0S5,0.007
A0A5C8XTQ0,0.007
A0A376ZLW4,0.007
A0A1C7CTD3,0.007
A0A3P1X0I8,0.007
A0A377KCV9,0.007
A0A7U9AT48,0.007
A0A6L6ZZ54,0.007
A0A5B9ARQ5,0.007
A0A5P0JH83,0.007
A0A376ZZ08,0.007
A0A0K4MYK4,0.007
A0A3P1XCH6,0.007
A0A2W6PHA6,0.007
A0A3T0VA14,0.007
A0A828AKW1,0.007
A0A377FA54,0.007
A0A376MMI1,0.007
A0A891ZVZ2,0.007
A0A6G6ANP9,0.007
A0A0H2VDW4,0.007
A0A5B9ARG2,0.007
A0A377ANE2,0.007
A0A2X1N925,0.007
A0A376D345,0.007
A0A376VI74,0.007
A0A6C9QIY5,0.007
A0A376RLD1,0.007
A0A3L0W209,0.007
A0A376WQ51,0.007
A0A376JSP9,0.007
A0A376JYN8,0.007
A0A3Z6GDP3,0.007
A0A6L7CMG3,0.007
A0A6L9ABJ1,0.007
A0A376VE11,0.007
A0A0E0Y0L4,0.007
A0A376W572,0.007
A0A3L0VVG7,0.007
A0A853K7T9,0.007
A0A142EB88,0.007
A0A7T8R0J3,0.007
A0A3L0W0Y4,0.007
A0A192CNA2,0.007
A0A376NV29,0.007
A0A2S0NT83,0.007
A0A376VQ65,0.007
A0A7I9A718,0.007
A0A075MAW9,0.007
A0A377BR17,0.007
A0A6D0IM35,0.007
A0A0D8WGZ3,0.007
A0A0H3MU90,0.007
A0A377BB13,0.007
A0A3U0PKI1,0.007
A0A377K971,0.007
A0A376P5V2,0.007
A0A6D1ACL9,0.007
A0A6L7CPR2,0.007
A0A5C9AI90,0.007
A0A1X3I3F1,0.007
A0A6N8QAZ3,0.007
A0A376RAP0,0.007
A0A418H3C9,0.007
A0A1S8YUM7,0.007
A0A376MYB2,0.007
A0A0H3EDG8,0.007
A0A061YNB8,0.007
A0A0K4AC77,0.007
A0A2X3KCX5,0.007
A0A376MJ92,0.007
A0A376KNY1,0.007
A0A6L7A2E0,0.007
A0A2P9E4C9,0.007
A0A6C9EEV3,0.007
A0A377A2G0,0.007
A0A7D7KEB0,0.007
A0A377D774,0.007
A0A2X3JNQ1,0.007
A0A023KJJ9,0.007
A0A6L7CQG2,0.007
A0A6D1A5U5,0.007
A0A0H0F496,0.007
A0A376W248,0.007
A0A377LM68,0.007
A0A376WVF5,0.007
A0A444QZT7,0.007
A0A1Q6AU84,0.007
A0A3L5C7I0,0.007
A0A376MUY7,0.007
A0A377C788,0.007
A0A444QZR1,0.007
A0A4Q4HUQ8,0.007
A0A5P0JBH6,0.007
A0A085P1T9,0.007
A0A1V2STN0,0.007
A0A0J8X1X6,0.007
A0A376RBR8,0.007
A0A2X3LXQ2,0.007
A0A376U6E2,0.007
A0A2X1PDE9,0.007
A0A024L7Z9,0.007
A0A411NN27,0.007
A0A418H5K3,0.007
A0A0K4W1F8,0.007
A0A3L0YG09,0.007
A0A7A7A708,0.007
A0A6N8NRE8,0.007
A0A3Z4WA10,0.007
A0A484YUI1,0.007
A0A377BPP4,0.007
A0A2X1N8G7,0.007
A0A5C9ABQ2,0.007
A0A6N8QKQ6,0.007
A0A376JY39,0.007
A0A2X3KA17,0.007
A0A377E736,0.007
A0A5P0JK80,0.007
A0A0H3PKI9,0.007
A0A3P1YLV8,0.007
A0A5S9GFL4,0.007
A0A2X1MX88,0.007
A0A376MV20,0.007
A0A2P9EAE6,0.007
A0A2X1JIM9,0.007
A0A376VMD6,0.007
A0A7D7KGU3,0.007
A0A376KTG3,0.007
A0A4D3SXX4,0.007
A0A0E0Y6E6,0.007
A0A2W6PXJ8,0.007
A0A377AJL7,0.007
A0A3L0W360,0.007
A0A0M1U6N8,0.007
A0A376LQH6,0.007
A0A447X2P6,0.007
A0A376P774,0.007
A0A5N8HHB6,0.007
A0A6D0DQ67,0.007
A0A2X1NIE5,0.007
A0A348F1E2,0.007
A0A377CYL1,0.007
A0A1U9XF20,0.007
A0A418H1F2,0.007
A0A376K9R6,0.007
A0A236MIV1,0.007
A0A6C9EEU4,0.007
A0A376THP7,0.007
A0A0H2V5L4,0.007
A0A2R4PIN8,0.007
A0A0H3MLI8,0.007
A0A377K4D9,0.007
A0A2X1NBX6,0.007
A0A376TGT9,0.007
A0A827LSA1,0.007
A0A6L6I4K9,0.007
A0A2X1Q9Z0,0.007
A0A779UGX2,0.007
A0A0E0Y047,0.007
A0A7T7GQR0,0.007
A0A066R944,0.007
A0A0E1SZ24,0.007
A0A377DG45,0.007
A0A377LLQ5,0.007
A0A484YQD0,0.007
A0A346GIE2,0.007
A0A376U913,0.007
A0A2S8JYH5,0.007
A0A376ZQW5,0.007
A0A376L484,0.007
A0A376S968,0.007
A0A241QZB3,0.007
A0A2W6Q4V5,0.007
A0A2X1KPS9,0.007
A0A827HQU7,0.007
A0A7G9A900,0.007
A0A444RDW0,0.007
A0A4C3BWA2,0.007
A0A0K6A3M0,0.007
A0A2X1Q409,0.007
A0A828GKD2,0.007
A0A377BD73,0.007
A0A377ANR8,0.007
A0A0H2VDC7,0.007
A0A6D1ADF9,0.007
A0A417ZPJ0,0.007
A0A485JE59,0.007
A0A2X1NE59,0.007
A0A6D0DBZ4,0.007
A0A376VAC9,0.007
A0A418H2G1,0.007
A0A376ZNN4,0.007
A0A5C9ABK8,0.007
A0A376TIF8,0.007
A0A377DGP3,0.007
A0A7H4YIV3,0.007
A0A2T3STM3,0.007
A0A376Y879,0.007
A0A7T2JHR3,0.007
A0A376U1Y5,0.007
A0A484Y835,0.007
A0A377D356,0.007
A0A5C9AC21,0.007
A0A376W5V8,0.007
A0A066Q3E3,0.007
A0A2W6P025,0.007
A0A376U3D2,0.007
A0A376MNB0,0.007
A0A376MQD3,0.007
A0A3P1Y881,0.007
A0A2X1KXJ7,0.007
A0A1X3JFD9,0.007
A0A376X3V1,0.007
A0A0E1SXN2,0.007
A0A7H4YML0,0.007
A0A4Q4HZN4,0.007
A0A377DEE3,0.007
A0A377D4U7,0.007
A0A1X9TRC2,0.007
A0A788SER6,0.007
A0A376VQW8,0.007
A0A828LWW1,0.007
A0A418H961,0.007
A0A7G2KFH3,0.007
A0A376XUA5,0.007
A0A3L9GCB0,0.007
A0A376YFX8,0.007
A0A377BS65,0.007
A0A2X3KMJ3,0.007
A0A6D0IJ04,0.007
A0A6D0IK64,0.007
A0A376VT98,0.007
A0A2D2CLI5,0.007
A0A444R7W6,0.007
A0A2X1LVK8,0.007
A0A2T1MFQ4,0.007
A0A5C9AJA0,0.007
A0A6M3TI73,0.007
A0A2X1N8R4,0.007
A0A6M4EIY4,0.007
A0A0E0XTE8,0.007
A0A376TT47,0.007
A0A3L0W2U6,0.007
A0A484Z2N5,0.007
A0A2P6IMF1,0.007
A0A2H4TLD4,0.007
A0A068JG69,0.007
A0A376L4N0,0.007
A0A3P1WVU5,0.007
A0A509DR67,0.007
A0A377FA52,0.007
A0A060RF45,0.007
A0A2X1ND00,0.007
A0A3Z6GBS7,0.007
A0A376UBU8,0.007
A0A828U1H1,0.007
A0A2Z5VKJ1,0.007
A0A2X1NAL8,0.007
A0A6N9SHY5,0.007
A0A2X3KBZ4,0.007
A0A6G6ALQ0,0.007
A0A811VLN6,0.007
A0A0E1STW9,0.007
A0A0K2YS60,0.007
A0A3L5H9N7,0.007
A0A376WA26,0.007
A0A376VZQ9,0.007
A0A660HGD9,0.007
A0A2X1JPF4,0.007
A0A066RGI5,0.007
A0A3S7L6M1,0.007
A0A376L8P9,0.007
A0A7D3P5F2,0.007
A0A376PUK3,0.007
A0A2X1N5V2,0.007
A0A829LD17,0.007
A0A7U1HRV3,0.007
A0A2Y0QU15,0.007
A0A376U2L3,0.007
A0A2X3KIE4,0.007
A0A6N8NN11,0.007
A0A2W6Q2Q9,0.007
A0A649Z4G4,0.007
A0A7B2AMT0,0.007
A0A097SRB1,0.007
A0A376VLL9,0.007
A0A3L9I2H5,0.007
A0A485JP80,0.007
A0A383FXI3,0.007
A0A1L4J531,0.007
A0A3W2TNR9,0.007
A0A2S1Y6P7,0.007
A0A377ASB2,0.007
A0A2Z5VJ38,0.007
A0A444R1X2,0.007
A0A376NVQ8,0.007
A0A0H0INC5,0.007
A0A3L9HME4,0.007
A0A2R4ABC4,0.007
A0A2W6PIX9,0.007
A0A376LS77,0.007
A0A5C9AK47,0.007
A0A2X1QEW2,0.007
A0A7T3RHW8,0.007
A0A090H064,0.007
A0A376UBN4,0.007
A0A6L7A681,0.007
A0A3L0W8E9,0.007
A0A444QZY8,0.007
A0A0A1A7U0,0.007
A0A377BA87,0.007
A0A376TGS5,0.007
A0A024LA61,0.007
A0A3T4CQV9,0.007
A0A7U9AQY0,0.007
A0A1J0ZZB1,0.007
A0A3P1X338,0.007
A0A377AK71,0.007
A0A376TPI1,0.007
A0A1D7PW55,0.007
A0A061KW78,0.007
A0A385ENM9,0.007
A0A2X1KX65,0.007
A0A6N8NG70,0.007
A0A444R1Y4,0.007
A0A0F6YT06,0.007
A0A6L7A6U6,0.007
A0A418H2G6,0.007
A0A0H3PPX1,0.007
A0A3S4LED0,0.007
A0A377C321,0.007
A0A376ZIR8,0.007
A0A1X3IV04,0.007
A0A6D0EXN7,0.007
A0A444R2Q8,0.007
A0A854JWC8,0.007
A0A376J889,0.007
A0A2A6PZU4,0.007
A0A6D0IL75,0.007
A0A6D0FD96,0.007
A0A484X2N5,0.007
A0A192CHL1,0.007
A0A377B0S5,0.007
A0A377BPL0,0.007
A0A2P9EFX3,0.007
A0A0E0XVT2,0.007
A0A485JR48,0.007
A0A376PSQ2,0.007
A0A6D1P2A1,0.007
A0A067HL67,0.007
A0A3L0W6E7,0.007
A0A2X1PQB6,0.007
A0A376U3N8,0.007
A0A0K3YJE9,0.007
A0A061K5N3,0.007
A0A5N8H6G6,0.007
A0A376UBP8,0.007
A0A377BCR3,0.007
A0A376W381,0.007
A0A6D1A6W0,0.007
A0A376K0U0,0.007
A0A376HEV4,0.007
A0A0H2VD39,0.007
A0A376UC52,0.007
A0A2X1ITN9,0.007
A0A2H5BZY7,0.007
A0A376KNY3,0.007
A0A376TY13,0.007
A0A793H9W3,0.007
A0A418H617,0.007
A0A376WVE6,0.007
A0A7A6W7Z1,0.007
A0A2S5U554,0.007
A0A0J2AH88,0.007
A0A6G4CHW6,0.007
A0A377DBD7,0.007
A0A2X1KWX0,0.007
A0A376LNG6,0.007
A0A2X3JQJ8,0.007
A0A6N8R6T1,0.007
A0A3L0W2G0,0.007
A0A376LMR4,0.007
A0A1X3I3C9,0.007
A0A377DJF0,0.007
A0A2I8SUT5,0.007
A0A7G2KH73,0.007
A0A376VIU3,0.007
A0A6N6WP04,0.007
A0A377BL87,0.007
A0A161KB62,0.007
A0A6N8R936,0.007
A0A1Q6B2Z8,0.007
A0A2Y0X246,0.007
A0A377B0V7,0.007
A0A2K9YV78,0.007
A0A376W367,0.007
A0A0L7AID2,0.007
A0A0E0XTK8,0.007
A0A376KZH4,0.007
A0A6N8RBF6,0.007
A0A6C9EFG1,0.007
A0A827YDP8,0.007
A0A3Q0N4W2,0.007
A0A2H4TXH2,0.007
A0A6L7CBE8,0.007
A0A6D0IET9,0.007
A0A5C9ACG6,0.007
A0A376TYH5,0.007
A2T8S5,0.007
A0A0B1MGH7,0.007
A0A641CBA8,0.007
A0A376WTJ3,0.007
A0A0P7N743,0.007
A0A6N8QE81,0.007
A0A376W5T1,0.007
A0A6M1DKD1,0.007
A0A377DZL6,0.007
A0A377E0J9,0.007
A0A0B0V592,0.007
A0A376YEF2,0.007
A0A7L7E4E8,0.007
A0A0L1BLF4,0.007
A0A0C2EAL4,0.007
A0A377FA77,0.007
A0A2X1N568,0.007
A0A1Q4PBH3,0.007
A0A6C9EF54,0.007
A0A376TWT1,0.007
A0A2X2Y0G9,0.007
A0A3K3B469,0.007
A0A484Y3L3,0.007
A0A3P1WIU8,0.007
A0A376SA02,0.007
A0A3W4K5D6,0.007
A0A2P9E302,0.007
A0A376MP11,0.007
A0A3L0Y7T6,0.007
A0A3J7TKS1,0.007
A0A2X1KRG7,0.007
A0A2X3KDY2,0.007
A0A7U1HPM6,0.007
A0A6L7CRF4,0.007
A0A066T0P4,0.007
A0A5N3D7P8,0.007
A0A376ZUP3,0.007
A0A0H3EV69,0.007
A0A376KLT7,0.007
A0A1V2GDM7,0.007
A0A6G4JZ65,0.007
A0A853W951,0.007
A0A3L9FXZ7,0.007
A0A1W5T859,0.007
A0A6L9ABE3,0.007
A0A776PVL1,0.007
A0A376LC54,0.007
A0A418GDY6,0.007
A0A2X3LPR2,0.007
A0A376U9G4,0.007
A0A2H4TLM1,0.007
A0A6D0PUS6,0.007
A0A0F7Q4D1,0.007
A0A3P5DJZ6,0.007
A0A418GLK1,0.007
A0A376TFH0,0.007
A0A826TRZ8,0.007
A0A6D0F0G3,0.007
A0A377BCC6,0.006
A0A377AZW5,0.006
A0A376Y709,0.006
A0A6L7CQI0,0.006
A0A376VCK2,0.006
A0A2X1NEH4,0.006
A0A7H1KPR2,0.006
A0A6D1ADU5,0.006
A0A826SMH6,0.006
A0A0P7LHZ7,0.006
A0A2X3K108,0.006
A0A376K1R9,0.006
A0A3S5DVK6,0.006
A0A2X1MTE8,0.006
A0A2X3LPV7,0.006
A0A827LMK3,0.006
A0A3L0W2A8,0.006
A0A2X1J068,0.006
A0A0D8WFA5,0.006
A0A2X3JZW1,0.006
A0A0B1MHX8,0.006
A0A3G2WBU6,0.006
A0A6L7CUA4,0.006
A0A376UBN2,0.006
A0A376P3Z1,0.006
A0A7T0PMN4,0.006
A0A376CQA4,0.006
A0A3L0VX35,0.006
A0A828U2C3,0.006
A0A376PQ07,0.006
A0A066SVW8,0.006
A0A7U9AQ40,0.006
A0A7U5TH10,0.006
A0A377A4G1,0.006
A0A0A1AEY4,0.006
A0A4U9TCA8,0.006
A0A2X1LFG1,0.006
A0A2X1MQ16,0.006
A0A377FGL5,0.006
A0A377DK48,0.006
A0A376W7D1,0.006
A0A2H4TNQ5,0.006
A0A0H3PK21,0.006
A0A376P7Z4,0.006
A0A3L9I9L4,0.006
A0A0C2EI51,0.006
A0A075MHB6,0.006
A0A140N6H1,0.006
A0A024KYY7,0.006
A0A6D2FF55,0.006
A0A2H4TXW4,0.006
A0A2X1MBL8,0.006
A0A2X3JDE1,0.006
A0A3P1XRR8,0.006
A0A3T6BB22,0.006
A0A0B0VWI5,0.006
A0A1E5WPY3,0.006
A0A7L8KA17,0.006
A0A3L9I9C0,0.006
A0A377E8Z9,0.006
A0A0C2E9Q6,0.006
A0A377LKT0,0.006
A0A6H0AAS9,0.006
A0A3W4K742,0.006
A0A377AY97,0.006
A0A853EBG3,0.006
A0A0A1A2Y3,0.006
A0A0L7AMF5,0.006
A0A376PXE4,0.006
A0A2Z5VJP3,0.006
A0A376RCF1,0.006
A0A6C9EF17,0.006
A0A6L6ZZD4,0.006
A0A126N556,0.006
A0A377DJL4,0.006
A0A6D0DBL6,0.006
A0A6N8R945,0.006
A0A376KWY1,0.006
A0A0H2V7E1,0.006
A0A085P3R0,0.006
A0A376W1N7,0.006
A0A376TKS6,0.006
A0A5C9ACF4,0.006
A0A6N8NSL1,0.006
A0A376U750,0.006
A0A1Q6AYE5,0.006
A0A5C9AAJ4,0.006
A0A6D1ADA7,0.006
A0A061LJK9,0.006
A0A099ATC7,0.006
A0A075MF07,0.006
A0A376MH38,0.006
A0A6N8QYR0,0.006
A0A377HHA7,0.006
A0A2X1N4D0,0.006
A0A3L0YF73,0.006
A0A0K4WSF5,0.006
A0A0F3SN59,0.006
A0A2X1N405,0.006
A0A3L9I6V8,0.006
A0A7U9FTH6,0.006
A0A0H2VAL8,0.006
A0A6D0DEI7,0.006
A0A786Y1H6,0.006
A0A377AE55,0.006
A0A0A7XRR1,0.006
A0A376S7F3,0.006
A0A3L9HJI8,0.006
A0A2X3K5M3,0.006
A0A376X453,0.006
A0A376WVQ1,0.006
A0A5P0JJR0,0.006
A0A377DDY0,0.006
A0A1Y2ZJ52,0.006
A0A0N8ISL8,0.006
A0A2T3UZ86,0.006
A0A0P7P0U8,0.006
A0A2X1Q441,0.006
A0A5C8XU30,0.006
A0A0A1A8X2,0.006
A0A141BRG5,0.006
A0A3L0X791,0.006
A0A2X3K792,0.006
A0A0H3MEW2,0.006
A0A024LB32,0.006
A0A160HR99,0.006
A0A376TFF5,0.006
A0A376ZEF1,0.006
A0A192C9M0,0.006
A0A2X1N536,0.006
A0A3L0Y8Q4,0.006
A0A136R0S8,0.006
A0A447XV31,0.006
A0A0D8WEQ4,0.006
A0A377AT22,0.006
A0A6N9MT28,0.006
A0A376RK87,0.006
A0A827QPW5,0.006
A0A376VU35,0.006
A0A484X4R5,0.006
A0A0D6HLC0,0.006
A0A3Z6GE04,0.006
A0A140WY49,0.006
A0A0D8WFG9,0.006
A0A6C9QJF5,0.006
A0A3L9I146,0.006
A0A0P7LQY9,0.006
A0A7B2N5H2,0.006
A0A1Q6BA00,0.006
A0A2H9EGV6,0.006
A0A484Y8A6,0.006
A0A376YDS9,0.006
A0A0P7NNJ2,0.006
A0A376JU74,0.006
A0A376L749,0.006
A0A376TWD4,0.006
A0T3C2,0.006
A0A376UG52,0.006
A0A0A8J5N9,0.006
A0A5C9AGN9,0.006
A0A376KMC2,0.006
A0A0H3JCX7,0.006
A0A1Y1CQN9,0.006
A0A6L6I629,0.006
A0A377FJ05,0.006
A0A376JPD8,0.006
A0A376RQV1,0.006
A0A6N8NRE4,0.006
A0A3P5HAF4,0.006
A0A376MN93,0.006
A0A376WW44,0.006
A0A097GZZ7,0.006
A0A376RRB4,0.006
A0A2B7TRI3,0.006
A0A2G9A1L5,0.006
A0A829LC80,0.006
A0A376Y8B8,0.006
A0A765T9I8,0.006
A0A6D0IK44,0.006
A0A1X3I9A8,0.006
A0A0H2Z6E3,0.006
A0A6D1A8Y1,0.006
A0A2X1JI21,0.006
A0A377CI44,0.006
A0A0E1T5F6,0.006
A0A377E7L6,0.006
A0A3S4MIH6,0.006
A0A1X3J427,0.006
A0A2X3K7G8,0.006
A0A377K908,0.006
A0A484YPG8,0.006
A0A376VRQ7,0.006
A0A2S8JJ46,0.006
A0A2X1MZM6,0.006
A0A2W6PGL0,0.006
A0A3L0YF44,0.006
A0A376RBL7,0.006
A0A377CYV8,0.006
A0A6L7CMS1,0.006
A0A0A8J7Y7,0.006
A0A418GN64,0.006
A0A6S6L6I6,0.006
A0A376RC26,0.006
A0A377AYI5,0.006
A0A6N8NS30,0.006
A0A2X3KHW5,0.006
A0A377KCL0,0.006
A0A376D8S0,0.006
A0A6D0PM03,0.006
A0A1I9WVW5,0.006
A0A6L7A901,0.006
A0A6D0F5P4,0.006
A0A377BQ92,0.006
A0A6G4KER1,0.006
A0A377BE59,0.006
A0A376L2L8,0.006
A0A3S4KXX0,0.006
A0A1S7BFF7,0.006
A0A376U9H3,0.006
A0A1V2G5R9,0.006
A0A5Q4ZZ28,0.006
A0A6D1AC24,0.006
A0A376L1F7,0.006
A0A369FP22,0.006
A0A0E0XZL8,0.006
A0A0C2F1S3,0.006
A0A377DJ70,0.006
A0A192CD16,0.006
A0A377CV76,0.006
A0A447Y0K5,0.006
A0A377HGM1,0.006
A0A376L1V3,0.006
A0A2L1KUJ4,0.006
A0A6L7CS85,0.006
A0A418GKX0,0.006
A0A5N8H337,0.006
A0A418H955,0.006
A0A484VY89,0.006
A0A377F922,0.006
A0A1V2GE93,0.006
A0A271U9J4,0.006
A0A377AL31,0.006
A0A377EAP9,0.006
A0A0P7RRM2,0.006
A0A377ANH1,0.006
A0A376DHB0,0.006
A0A7I0L1W2,0.006
A0A7M1HY00,0.006
A0A2X1JFQ0,0.006
A0A377EAX4,0.006
A0A075MAF7,0.006
A0A376S9F6,0.006
A0A7U1E0B6,0.006
A0A6D1A7A4,0.006
A0A3P5DJ71,0.006
A0A7T2MXZ9,0.006
A0A3T5LB72,0.006
A0A229CXU9,0.006
A0A5N8HH00,0.006
A0A1X3IT82,0.006
A0A3P1Y219,0.006
A0A3T8T0Y5,0.006
A0A377D0R4,0.006
A0A377E8N4,0.006
A0A444QZX7,0.006
A0A3E1W263,0.006
A0A3L0YIV2,0.006
A0A0H2XLW3,0.006
A0A2X1QE50,0.006
A0A2R2ZJC5,0.006
A0A0D0NF54,0.006
A0A376KV64,0.006
A0A0B0ZRN1,0.006
A0A4C3NPG0,0.006
A0A6G6ALS5,0.006
A0A376LE50,0.006
A0A0F3TJR6,0.006
A0A061YD29,0.006
A0A376U1B7,0.006
A0A484YYJ1,0.006
A0A2X3K143,0.006
A0A0K2YPG9,0.006
A0A376KQ16,0.006
A0A0K5AZ51,0.006
A0A376KYG2,0.006
A0A3P1MJT2,0.006
A0A142BNN0,0.006
A0A2X1KK97,0.006
A0A3L5MCU6,0.006
A0A376W1I8,0.006
A0A485JG85,0.006
A0A376UBN9,0.006
A0A5C9AGW8,0.006
A0A6G8F960,0.006
A0A828AIP5,0.006
A0A5D8LZ79,0.006
A0A485JEZ4,0.006
A0A827LCJ4,0.006
A0A288W2J1,0.006
A0A376KQJ6,0.006
A0A485JNA6,0.006
A0A447XU19,0.006
A0A854JWL6,0.006
A0A0F3VMB7,0.006
A0A2X3JH88,0.006
A0A3V0Y7Z4,0.006
A0A3L9BJK8,0.006
A0A376KZZ5,0.006
A0A0D7BZP2,0.006
A0A3L0W180,0.006
A0A765T2H0,0.006
A0A376UDM8,0.006
A0A0A0GFD6,0.006
A0A2H4TN49,0.006
A0A2S1JCV2,0.006
A0A7A9L5F6,0.006
A0A0K4X4J0,0.006
A0A2Z2JCQ3,0.006
A0A657S8Z2,0.006
A0A3Z5IGQ8,0.006
A0A3Z6GAX1,0.006
A0A485JM54,0.006
A0A3L9FZ05,0.006
A0A0A8J3L9,0.006
A0A377C5G1,0.006
A0A6L7CIT9,0.006
A0A376VMT2,0.006
A0A377B0V8,0.006
A0A376M7Q3,0.006
A0A376W268,0.006
A0A376TNJ5,0.006
A0A778IWG8,0.006
A0A193LUP5,0.006
A0A826JBB6,0.006
A0A2X1N2T9,0.006
A0A0K4W2G9,0.006
A0A2S7FTU9,0.006
A0A2X3M3B2,0.006
A0A3G4RXD7,0.006
A0A2W6PD43,0.006
A0A5C9ACM0,0.006
A0A376MVN7,0.006
A0A0A8KBK5,0.006
A0A377D5J5,0.006
A0A6G4JYB8,0.006
A0A377API2,0.006
A0A376NW14,0.006
A0A0D8WNG6,0.006
A0A376U9J8,0.006
A0A774F6Q0,0.006
A0A376W392,0.006
A0A484VI04,0.006
A0A3P1XJI7,0.006
A0A6N8QNS3,0.006
A0A3L0X1E7,0.006
A0A376SB10,0.006
A0A377KDU4,0.006
A0A0P7MVI8,0.006
A0A6L9AAA2,0.006
A0A0H3JI71,0.006
A0A2X5N586,0.006
A0A6D1A8R5,0.006
A0A376UG96,0.006
A0A1L4J6L6,0.006
A0A6N0IEA4,0.006
A0A376RMF9,0.006
A0A376VWF9,0.006
A0A485JL79,0.006
A0A0H0RZ18,0.006
A0A4S5G5F6,0.006
A0A376NWH8,0.006
A0A376VAX3,0.006
A4ZKB4,0.006
A0A2H5BZR3,0.006
A0A376S7L6,0.006
A0A0H2Z246,0.006
A0A376RGQ3,0.006
A0A7G9A9Y9,0.006
A0A793J3N2,0.006
A0A2X1MXY4,0.006
A0A066SQD7,0.006
A0A3G4RTH9,0.006
A0A094VZA3,0.006
A0A7L5P6N3,0.006
A0A2X1N783,0.006
A0A377B6W3,0.006
A0A3L9I7U8,0.006
A0A376RGA1,0.006
A0A1W5T7K3,0.006
A0A0E2L4G2,0.006
A0A066T1T1,0.006
A0A0K3UHG6,0.006
A0A377K041,0.006
A0A376TSJ9,0.006
A0A0L6HM14,0.006
A0A0H2V4S8,0.006
A0A7H9S4Y2,0.006
A0A0H3MJK4,0.006
A0A2X3LRX7,0.006
A0A0D8WEX6,0.006
A0A2S1J9K4,0.006
A0A3P5DJX6,0.006
A0A3S4LHU9,0.006
A0A4Q4HTD7,0.006
A0A0V9MMM1,0.006
A0A376Y4Z2,0.006
A0A377F8W8,0.006
A0A6G1XPT7,0.006
A0A2X1MLY1,0.006
A0A2X1NLZ2,0.006
A0A376U8M6,0.006
A0A6D1A5Q2,0.006
A0A377BNK3,0.006
A0A2X7FV49,0.006
A0A2A6Q5K2,0.006
A0A376LPS7,0.006
A0A484VU38,0.006
A0A376ZLI5,0.006
A0A5C9AAY2,0.006
A0A7L5V5Q3,0.006
A0A3L0WA46,0.006
A0A5N8HKY8,0.006
A0A376VQ78,0.006
A0A2X1IYT2,0.006
A0A6D1A7P5,0.006
A0A444R322,0.006
A0A2X1P280,0.006
A0A3P1XB87,0.006
A0A376VZP0,0.006
A0A2U2ULP7,0.006
A0A376LAU8,0.006
A0A376RFW9,0.006
A0A3L0W5J0,0.006
A0A7H9NJP2,0.006
A0A376LD60,0.006
A0A765T7A1,0.006
A0A7A7YX37,0.006
A0A811AQE6,0.006
A0A3L9HA24,0.006
A0A418GN37,0.006
A0A066QJC0,0.006
A0A0C5PPJ7,0.006
A0A1X9TP80,0.006
A0A376KUE4,0.006
A0A4U9TH82,0.006
A0A0V9GPX2,0.006
A0A377CSL5,0.006
A0A484X4B5,0.006
A0A2S1PPC5,0.006
A0A376MSU7,0.006
A0A411KXL2,0.006
A0A1X3HZA4,0.006
A0A376MVK7,0.006
A0A7U6G4C9,0.006
A0A376RN97,0.006
A0A2X3K0D2,0.006
A0A485J9U7,0.006
A0A376LDK5,0.006
A0A2S7GF24,0.006
A0A191T945,0.006
A0A826WYK0,0.006
A0A853K953,0.006
A0A828UAB2,0.006
A0A376VIX6,0.006
A0A7A6U3X0,0.006
A0A376PNF4,0.006
A0A377D1P9,0.006
A0A3P1X1V1,0.006
A0A3W3A3M6,0.006
A0A376ZK43,0.006
A0A3L0VXD1,0.006
A0A2X1L3I9,0.006
A0A828U881,0.006
A0A2X1K6T2,0.006
A0A6M1DKR8,0.006
A0A0Q3DEX4,0.006
A0A376YJA2,0.006
A0A6N9SI89,0.006
A0A484X350,0.006
A0A7U0Q654,0.006
A0A0B0VDN5,0.006
A0A141BRG8,0.006
A0A2X1LYJ3,0.006
A0A485JLA6,0.006
A0A376KJL0,0.006
A0A3P1X8V4,0.006
A0A376RPH7,0.006
A0A193M1U3,0.006
A0A5C9AAC6,0.006
A0A376U3M4,0.006
A0A6D0Z2X9,0.006
A0A6D0IJK6,0.006
A0A400V6E6,0.006
A0A191T959,0.006
A0A0K4L5P5,0.006
A0A6L7CNJ1,0.006
A0A1I9X2S7,0.006
A0A2H4U034,0.006
A0A2P9E414,0.006
A0A376ZS44,0.006
A0A7B6SYW8,0.006
A0A6D1A6C5,0.006
A0A377BEQ1,0.006
A0A192CGN0,0.006
A0A376FUD2,0.006
A0A376L2D4,0.006
A0A2X1MF28,0.006
A0A3G4RPM7,0.006
A0A827FYI4,0.006
A0A377BBL0,0.006
A0A6N8NUB4,0.006
A0A484YE98,0.006
A0A376VGB1,0.006
A0A0B1FI70,0.006
A0A6C9QI84,0.006
A0A1X3J5R8,0.006
A0A829LC60,0.006
A0A6N9S4Q0,0.006
A0A377BHK5,0.006
A0A376DAY7,0.006
A7ZS13,0.006
A0A0H2V5W2,0.006
A0A0F3VQR8,0.006
A0A377HF51,0.006
A0A3L0W1G1,0.006
A0A2P9E0A8,0.006
A0A3L0VUL9,0.006
A0A418H9S7,0.006
A0A152VTP0,0.006
A0A376KYM6,0.006
A0A377AIT6,0.006
A0A484WQD5,0.006
A0A3L0W4H9,0.006
A0A6N8NRK3,0.006
A0A6G4PDF6,0.006
A0A0C2B306,0.006
A0A484WPT7,0.006
A0A3S4KVF7,0.006
A0A376WVX3,0.006
A0A400JHN5,0.006
A0A485JHR9,0.006
A0A484Y7T6,0.006
A0A2X1MML4,0.006
A0A2X3K332,0.006
A0A376VJG3,0.006
A0A2H4TZY8,0.006
A0A8B3M8N2,0.006
A0A376LPP2,0.006
A0A6C9EFJ5,0.006
A0A7H9M240,0.006
A0A288XFG8,0.006
A0A7A9LJW3,0.006
A0A418GLJ0,0.006
A0A0E1SZD4,0.006
A0A2H9A1Z9,0.006
A0A7M1HY68,0.006
A0A5B9AT66,0.006
A0A0H0HIM7,0.006
A0A6L7CRR3,0.006
A0A8B3M2Q9,0.006
A0A3G4RTC2,0.006
A0A376L9C9,0.006
A0A264Q4W6,0.006
A0A376W458,0.006
A0A377D3B7,0.006
A0A376VWZ6,0.006
A0A377CV58,0.006
A0A0H2VBB2,0.006
A0A0B1KU99,0.006
A0A377A2Q2,0.006
A0A6D1AF38,0.006
A0A377DGR3,0.006
A0A376MM41,0.006
A0A376TDV0,0.006
A0A3L0YK96,0.006
A0A853WIJ2,0.006
A0A085P5S7,0.006
A0A5N8HII6,0.006
A0A478GHM6,0.006
A0A485JKF9,0.006
A0A660HDN0,0.006
A0A376RJQ1,0.006
A0A4C4ZM18,0.006
A0A376ZMC5,0.006
A0A484YRS1,0.006
A0A7T2N5P2,0.006
A0A418GDP8,0.006
A0A641IX44,0.006
A0A076YFZ6,0.006
A0A376VYB6,0.006
A0A377AKW2,0.006
A0A2X1QBC4,0.006
A0A485JKP7,0.006
A0A376TJP6,0.006
A0A376RFN1,0.006
A0A0E0Y093,0.006
A0A061KHH6,0.006
A0A2X7EUA4,0.006
A0A192CMM7,0.006
A0A2H4UFJ3,0.006
A0A376RHL1,0.006
A0A6D0IHQ4,0.006
A0A193M1S0,0.006
A0A1V2GCE4,0.006
A0A376KR64,0.006
A0A061YPB3,0.006
A0A377L9Z1,0.006
A0A376J6C9,0.006
A0A7G2KHR8,0.006
A0A6D0IKM6,0.006
A0A484YW61,0.006
A0A377AXU2,0.006
A0A377AFM9,0.006
A0A826XDM8,0.006
A0A0H3PTX0,0.006
A0A0E1LFS6,0.006
A0A6D1A702,0.006
A0A0A1AHW0,0.006
A0A376RKM8,0.006
A0A484YZH7,0.006
A0A4Q4HXJ7,0.006
A0A2X1KS23,0.006
A0A478K362,0.006
A0A376KY46,0.006
A0A485J7B7,0.006
A0A1X3J4G9,0.006
A0A271TYW9,0.006
A0A3G4RRN8,0.006
A0A6C9EID7,0.006
A0A418GKT0,0.006
A0A2X3LW02,0.006
A0A7U1E0S1,0.006
A0A6D1AEE2,0.006
A0A6G9HI58,0.006
A0A377DJ36,0.006
A0A376TQN9,0.006
A0A376MJF3,0.006
A0A376REG9,0.006
A0A6D0DF51,0.006
A0A6D0IGU3,0.006
A0A377BDK3,0.006
A0A0B1L1H1,0.006
A0A377BDK0,0.006
A0A0P7LBN3,0.006
A0A376ZQ68,0.006
A0A377KCJ8,0.006
A0A376MPU1,0.006
A0A6D1ABX8,0.006
A0A444R052,0.006
A0A6N6WWX3,0.006
A0A376NUF8,0.006
A0A899NKJ0,0.006
A0A811AQM4,0.006
A0A829LF27,0.006
A0A3U0PKM1,0.006
A0A0D8W9H6,0.006
A0A7U9FUI9,0.006
A0A7B3MI05,0.006
A0A0K5ZFR2,0.006
A0A376S879,0.006
A0A060RF76,0.006
A0A2X1MW50,0.006
A0A376L1C2,0.006
A0A376KHX5,0.006
A0A811VYH1,0.006
A0A2X1KAH6,0.006
A0A418GJP6,0.006
A0A376YCW2,0.006
A0A377AKE9,0.006
A0A377B5P1,0.006
A0A418HBD1,0.006
A0A2X1Q7C0,0.006
A0A376KWZ8,0.006
A0A3L9I4B9,0.006
A0A376MPJ7,0.006
A0A068B6R9,0.006
A0A075MF32,0.006
A0A3L9G6A6,0.006
A0A376V4K5,0.006
A0A376LI66,0.006
A0A2P9EAR7,0.006
A0A1X3J2M5,0.006
A0A6F8Z7Y6,0.006
A0A0A0YKA9,0.006
A0A4D0A7C5,0.006
A0A1M1VEE2,0.006
A0A8B3M2S9,0.006
A0A377DYB3,0.006
A0A6N8Q8Q8,0.006
A0A376NWJ1,0.006
A0A3L1H5V0,0.006
A0A7A2XSX1,0.006
A0A377AYY8,0.006
A0A377E6R2,0.006
A0A6D1A9C3,0.006
A0A6L7CS60,0.006
A0A192CIP4,0.006
A0A7A3C2A9,0.006
A0A094VJF8,0.006
A0A376MNI9,0.006
A0A377DY08,0.006
A0A418H7T4,0.006
A0A345EWU9,0.006
A0A376TIF6,0.006
A0A2X1NQ60,0.006
A0A3L0VYG7,0.005
A0A3S4K0J6,0.005
A0A0P8GEX1,0.005
A0A085NVK2,0.005
A0A376P8F8,0.005
A0A376MMW0,0.005
A0A6C9EIS8,0.005
A0A0M1UGZ6,0.005
A0A376TVI0,0.005
A0A376DKM3,0.005
A0A6D0NG38,0.005
A0A6N8QSM4,0.005
A0A2X8HIQ6,0.005
A0A6L4XRA3,0.005
A0A828GBH0,0.005
A0A7A6VX20,0.005
A0A418GAG8,0.005
A0A447XB14,0.005
A0A075MBW0,0.005
A0A377BLS0,0.005
A0A1L6W300,0.005
A0A377AMI9,0.005
A0A7G3NR86,0.005
A0A0H3MG64,0.005
A0A3G4RR41,0.005
A0A166U3V7,0.005
A0A484VUW9,0.005
A0A376KYC5,0.005
A0A418H8N3,0.005
A0A0B1MXE5,0.005
A0A3U0PKL8,0.005
A0A0L1BI44,0.005
A0A376UCT7,0.005
A0A376L2Y1,0.005
A0A2X3KI77,0.005
A0A0N8J1F2,0.005
A0A485J8G9,0.005
A0A830V653,0.005
A0A376MNE7,0.005
A0A2X1NST0,0.005
A0A085P7C8,0.005
A0A376ZG48,0.005
A0A0H2YX92,0.005
A0A376KWC9,0.005
A0A6D1AG03,0.005
A0A0H3PTU5,0.005
A0A3G4RWT5,0.005
A0A0H3MXE6,0.005
A0A0H3PXA3,0.005
A0A7U9FSN9,0.005
A0A6C9EI41,0.005
A0A0L7AIT7,0.005
A0A418H8D4,0.005
A0A377B6Z8,0.005
A0A140WYC7,0.005
A0A2A6Q7B1,0.005
A0A377L7R5,0.005
A0A3W5Y893,0.005
A0A0D8VF80,0.005
A0A376TY18,0.005
A0A6L7A008,0.005
A0A2X1NC46,0.005
A0A3S4NRQ1,0.005
A0A377JYK6,0.005
A0A377D8P2,0.005
A0A2R4PES0,0.005
A0A2T3TZ36,0.005
A0A6N6WNL7,0.005
A0A7B8LDB6,0.005
A0A4D9HPK5,0.005
A0A271QXS6,0.005
A0A2X1JIG3,0.005
A0A786J593,0.005
A0A376KVT8,0.005
A0A0A2RRG8,0.005
A0A6G4PJV2,0.005
A0A376TNF1,0.005
A0A444R3C2,0.005
A0A2X1MML7,0.005
A0A377DK00,0.005
A0A376SBX5,0.005
A0A828IJH3,0.005
A0A066Q7X8,0.005
A0A6M1DKF2,0.005
A0A377BYF3,0.005
A0A377DY84,0.005
A0A649URD1,0.005
A0A376TN50,0.005
A0A2X1MI35,0.005
A0A1X3JGN7,0.005
A0A5N8HI06,0.005
A0A6L7A234,0.005
A0A376L3K4,0.005
A0A3R0UF81,0.005
A0A140JYY3,0.005
A0A229ALY0,0.005
A0A2X1JQ27,0.005
A0A418GLZ0,0.005
A0A376ZSV7,0.005
A0A377ALZ1,0.005
A0A1Z1V359,0.005
A0A485JD20,0.005
A0A246NPS0,0.005
A0A513QRL7,0.005
A0A376LG41,0.005
A0A2J7KLF7,0.005
A0A6C9QDM7,0.005
A0A829L7C4,0.005
A0A3L0VWF3,0.005
A0A2X1PDB0,0.005
A0A6N8R7P2,0.005
A0A0F3T5G0,0.005
A0A6G4C6D9,0.005
A0A3P5DIQ0,0.005
A0A085P7D4,0.005
A0A3L0W3L6,0.005
A0A376L607,0.005
A0A828A969,0.005
A0A376LK35,0.005
A0A0A8LE46,0.005
A0A377DLL1,0.005
A0A8A6H950,0.005
A0A377K483,0.005
A0A377CF74,0.005
A0A2H4UFE7,0.005
A0A376JV59,0.005
A0A376RCV3,0.005
A0A1X3IY44,0.005
A0A2K9UZT2,0.005
A0A376UEI3,0.005
A0A377ECB5,0.005
A0A377BV68,0.005
A0A377D5N3,0.005
A0A2X3K3Z4,0.005
A0A376Y9D4,0.005
A0A3L9FQS6,0.005
A0A5C9AGB1,0.005
A0A0H2YWD9,0.005
A0A6D0KWJ1,0.005
A0A142EBI7,0.005
A0A2X1MVH7,0.005
A0A2X3KNU2,0.005
A0A1X3JME4,0.005
A0A444R0L1,0.005
A0A484WQ58,0.005
A0A377KFU8,0.005
A0A6G6AL36,0.005
A0A7D5KK66,0.005
A0A376VVY1,0.005
A0A376UAZ6,0.005
A0A0P7LF29,0.005
A0A1X3HZV0,0.005
A0A376L231,0.005
A0A0H2V8G6,0.005
A0A222AW66,0.005
A0A376P3T7,0.005
A0A376CRW0,0.005
A0A1X3IXY3,0.005
A0A376TLS3,0.005
A0A161ZBW9,0.005
A0A3L0WAC0,0.005
A0A377JYB4,0.005
A0A5C8XUD5,0.005
A0A2X1PXG6,0.005
A0A376TNM5,0.005
A0A376S9S6,0.005
A0A377BQV4,0.005
A0A2X5SZB0,0.005
A0A811API1,0.005
A0A3L0W506,0.005
A0A1X3J824,0.005
A0A2P9E2X6,0.005
A0A377DEC2,0.005
A0A376LPL9,0.005
A0A376KVS4,0.005
A0A376WZY9,0.005
A0A0E0XYP4,0.005
A0A0A0G3Z0,0.005
A0A376MVH5,0.005
A0A2R9WEG9,0.005
A0A376VMI8,0.005
A0A376VIG4,0.005
A0A6C9EFP2,0.005
A0A5B9SYZ8,0.005
A0A899NEA5,0.005
A0A2X1N347,0.005
A0A376JUN3,0.005
A0A376P7B1,0.005
A0A6N6WNN0,0.005
A0A376VQH7,0.005
A0A6G9HI40,0.005
A0A6N8NNP8,0.005
A0A376TJQ9,0.005
A0A5C8XUB9,0.005
A0A4U9UKM8,0.005
A0A376KQP2,0.005
A0A6G4C807,0.005
A0A2W7UQ03,0.005
A0A0H0L8S6,0.005
A0A377A5I5,0.005
A0A6L7CQ83,0.005
A0A377E5G5,0.005
A0A376MIH2,0.005
A0A769UZX9,0.005
A0A6G4BY07,0.005
A0A793H9W4,0.005
A0A376W531,0.005
A0A5C9A9Z4,0.005
A0A826J3K0,0.005
A0A3L9IDQ8,0.005
A0A6D1NZW9,0.005
A0A783LFF1,0.005
A0A3S7R4R4,0.005
A0A7G2KH31,0.005
A0A2Z4GIN3,0.005
A0A485JMC3,0.005
A0A376KRM0,0.005
A0A3L0VSQ9,0.005
A0A376YJC2,0.005
A0A228X6Z9,0.005
A0A6D0IJM9,0.005
A0A3R1CDP5,0.005
A0A6D0XXY7,0.005
A0A376L2R2,0.005
A0A484WYR9,0.005
A0A484VYB1,0.005
A0A0E0Y1C0,0.005
A0A346GKY1,0.005
A0A6C9EIM4,0.005
A0A418H927,0.005
A0A484X6M2,0.005
A0A3L3YJS4,0.005
A0A376WW65,0.005
A0A3S5DVR0,0.005
A0A660HKN3,0.005
A0A2X1MGE1,0.005
A0A376K4X6,0.005
A0A6C9QES7,0.005
A0A377F5G5,0.005
A0A827ZQF2,0.005
A0A5P0JJ94,0.005
A0A2T3TH44,0.005
A0A377D476,0.005
A0A244BAR1,0.005
A0A1X3HX42,0.005
A0A484YU43,0.005
A0A376RMX5,0.005
A0A2P9EAB4,0.005
A0A2X3JAM6,0.005
A0A376TZX4,0.005
A0A853K6Q4,0.005
A0A377K4L7,0.005
A0A376U002,0.005
A0A6D0IX88,0.005
A0A6L9ACV7,0.005
A0A376LHQ1,0.005
A0A376RPA9,0.005
A0A2H4TPV6,0.005
A0A2W6P8F4,0.005
A0A7U9AR28,0.005
A0A2X3JVB4,0.005
A0A377BN67,0.005
A0A5N8HA61,0.005
A0A5C9ADR1,0.005
A0A484WSX8,0.005
A0A376K2L1,0.005
A0A7G2KI87,0.005
A0A377A4T7,0.005
A0A376W2N4,0.005
A0A376RRQ0,0.005
A0A376MWC0,0.005
A0A376KQY7,0.005
A0A2X1MNE0,0.005
A0A2X1K8E4,0.005
A0A1Q4PBH6,0.005
A0A3L9HPN2,0.005
A0A229AGW3,0.005
A0A418H2K2,0.005
A0A6N8QKR2,0.005
A0A3K2URW9,0.005
A0A6L7A849,0.005
A0A2X3K532,0.005
A0A0H3MVZ3,0.005
A0A377DEC9,0.005
A0A376MP10,0.005
A0A376TII8,0.005
A0A376VWN6,0.005
A0A7A7A054,0.005
A0A376L789,0.005
A0A0C5PKV9,0.005
A0A193LRN9,0.005
A0A376LNF8,0.005
A0A2U2UDH8,0.005
A0A0A2R7B6,0.005
A0A2H9EHB1,0.005
A0A3L0WY29,0.005
A0A0C5E8Y1,0.005
A0A376RQ75,0.005
A0A2X1PRU3,0.005
A0A377AZG6,0.005
A0A3K3JKX1,0.005
A0A376WSH5,0.005
A0A376L7N0,0.005
A0A3Z6GEE3,0.005
A0A376IZF4,0.005
A0A376VRX2,0.005
A0A376Y247,0.005
A0A2S1XY71,0.005
A0A0E0SRK7,0.005
A0A377A398,0.005
A0A6G2B5T4,0.005
A0A7U1HRU6,0.005
A0A376SB91,0.005
A0A826X2Z0,0.005
A0A376U8L1,0.005
A0A6M4EKC7,0.005
A0A7H9SEB9,0.005
A0A0E1SYD0,0.005
A0A3G4RKY9,0.005
A0A3P1WRH3,0.005
A0A2A2CFN8,0.005
A0A377BUC1,0.005
A0A6G4CJI0,0.005
A0A2L1KTW1,0.005
A0A376MSL1,0.005
A0A376HYJ9,0.005
A0A376MT31,0.005
A0A6N6WSV8,0.005
A0A066Q1C8,0.005
A0A3S4NY79,0.005
A0A1X1LYJ7,0.005
A0A377BN40,0.005
A0A418H9F5,0.005
A0A3L9G2S9,0.005
A0A794CRK8,0.005
A0A5P0JJD5,0.005
A0A6L7CKW7,0.005
A0A0L1D203,0.005
A0A3P5DRB5,0.005
A0A2K3TWY2,0.005
A0A023PXT7,0.005
A0A829L3C6,0.005
A0A0E0Y6G7,0.005
A0A377DL71,0.005
A0A485JL21,0.005
A0A376VNJ4,0.005
A0A6D0IK92,0.005
A0A7A6YBH0,0.005
A0A0H3MEF6,0.005
A0A5C9AA90,0.005
A0A6H1PUH4,0.005
A0A377AIS9,0.005
A0A376ZPA9,0.005
A0A1L4ISC4,0.005
A0A376IZ75,0.005
A0A376TJP5,0.005
A0A376VD24,0.005
A0A6M1DJV9,0.005
A0A2X1IZ57,0.005
A0A061KII4,0.005
A0A376RSD6,0.005
A0A377BPM0,0.005
A0A2X3JGP3,0.005
A0A377ANG4,0.005
A0A2X1N3V6,0.005
A0A4C9HPK1,0.005
A0A1X3HYZ7,0.005
A0A485C493,0.005
A0A0D6ZPJ2,0.005
A0A418GKJ4,0.005
A0A0A0GRQ4,0.005
A0A376X1L7,0.005
A0A2A6QB58,0.005
A0A826XBR2,0.005
A0A376KXD3,0.005
A0A3S4JQC0,0.005
A0A6C9EF33,0.005
A0A828U6Q7,0.005
A0A376K5M4,0.005
A0A447XPJ4,0.005
A0A444R3W7,0.005
A0A218N469,0.005
A0A7H9NK40,0.005
A0A377HFX9,0.005
A0A418GNA2,0.005
A0A828NSM4,0.005
A0A3L0VVE9,0.005
A0A7G3NP90,0.005
A0A142EB89,0.005
A0A6L7C850,0.005
A0A418GKB2,0.005
A0A2X1MTB3,0.005
A0A2X3KJ43,0.005
A0A223LLH1,0.005
A0A0H2Z4V1,0.005
A0A2I6JJ29,0.005
A0A3Y6REB0,0.005
A0A484X167,0.005
A0A0L1AJN2,0.005
A0A418H1M1,0.005
A0A140NCD9,0.005
A0A1X0Y921,0.005
A0A3P1XG13,0.005
A0A377LBY2,0.005
A0A0B1K7G4,0.005
A0A484WTY3,0.005
A0A037YB06,0.005
A0A0F3UVI9,0.005
A0A3L9HUD5,0.005
A0A2X1PUA9,0.005
A0A2X1PUG1,0.005
A0A1V2GHV3,0.005
A0A0L1BKK3,0.005
A0A2X1KVN8,0.005
A0A376K216,0.005
A0A0X9NGK5,0.005
A0A2X1MIX2,0.005
A0A376PYV9,0.005
A0A6C9EFF3,0.005
A0A7D7KF73,0.005
A0A3L9ICV0,0.005
A0A1X3HX46,0.005
A0A376MM78,0.005
A0A377DYZ9,0.005
A0A5C0E0F5,0.005
A7ZTU8,0.005
A0A1V2GJB4,0.005
A0A6D0IKJ8,0.005
A0A075MDG8,0.005
A0A377CXZ3,0.005
A0A385ENP5,0.005
A0A0C2E6C2,0.005
A0A377B1Z2,0.005
A0A094Y5G2,0.005
A0A0E0Y0X1,0.005
A0A5C9AAD7,0.005
A0A377CB50,0.005
A0A0B0W4Q6,0.005
A0A0A7XW59,0.005
A0A376RAK9,0.005
A0A377BT34,0.005
A0A376KHN3,0.005
A0A376Y875,0.005
A0A3U1NZP7,0.005
A0A0H2VD12,0.005
A0A2X1LB88,0.005
A0A3L0VY90,0.005
A0A0Q3DEN6,0.005
A0A376TFP1,0.005
A0A7U5THG1,0.005
A0A6N8QJB3,0.005
A0A6N8NM70,0.005
A0A1W1EMF9,0.005
A0A376ZP98,0.005
A0A827F6H3,0.005
A0A7G8AEZ1,0.005
A0A140WY56,0.005
A0A6L7CS58,0.005
A0A2X3P799,0.005
A0A376KSJ4,0.005
A0A3P1Y1W8,0.005
A0A2X3J8Q2,0.005
A0A1Y2ZMJ9,0.005
A0A369FH39,0.005
A0A376LFZ5,0.005
A0A1Q6AW63,0.005
A0A2T1N456,0.005
A0A7U9ARA2,0.005
A0A3L0W2D5,0.005
A0A5B9AJ25,0.005
A0A3P1WRM0,0.005
A0A376P615,0.005
A0A377HEL5,0.005
A0A376ZY36,0.005
A0A827KK38,0.005
A0A5C8XU03,0.005
A0A0H2VER0,0.005
A0A2X6QQN4,0.005
A0A0B1JS26,0.005
A0A192CJ30,0.005
A0A377AN07,0.005
A0A0B0VXU6,0.005
A0A3G2WBC5,0.005
A0A376TY79,0.005
A0A067HK37,0.005
A0A854BKZ4,0.005
A0A418HAE9,0.005
A0A377AVT0,0.005
A0A376TE75,0.005
A0A3P1WYS0,0.005
A0A6G4CIL6,0.005
A0A767H2Z2,0.005
A0A6D0D4R2,0.005
A0A377CWP0,0.005
A0A376L4D6,0.005
A0A376WSC4,0.005
A0A377F6S8,0.005
A0A6D1ACA2,0.005
A0A1X3JKQ2,0.005
A0A3L0W487,0.005
A0A1Q6AUE9,0.005
A0A6N8NU22,0.005
A0A377CB87,0.005
A0A376TME5,0.005
A0A192CGF3,0.005
A0A0H3PIE7,0.005
A0A418GIB7,0.005
A0A3G1QC26,0.005
A0A6N9S8G4,0.005
A0A0Q3HX76,0.005
A0A854BSJ0,0.005
A0A7H9KZW3,0.005
A0A376YES7,0.005
A0A376U787,0.005
A0A6D1AHN7,0.005
A0A5C9A8H5,0.005
A0A777XXI8,0.005
A0A0H3PL39,0.005
A0A1S7BG32,0.005
A0A0H3JQJ3,0.005
A0A376UD72,0.005
A0A377KDV6,0.005
A0A3Z6G8D1,0.005
A0A1X3J912,0.005
A0A484X248,0.005
A0A377BBI8,0.005
A0A377K2G7,0.005
A0A377KC52,0.005
A0A2R4PDW7,0.005
A0A826PF31,0.005
A0A2H4TZ03,0.005
A0A0A6ZER4,0.005
A0A6F8Z7V1,0.005
A0A0B1KXJ2,0.005
A0A2H5C0L4,0.005
A0A6N8NRA2,0.005
A0A377CVS9,0.005
A0A5P0J9B3,0.005
A0A0P7MZN3,0.005
A0A2X1KWE2,0.005
A0A6L9ABN6,0.005
A0A3L9HRK4,0.005
A0A376TH61,0.005
A0A377CDB5,0.005
A0A377CDR0,0.005
A0A2X3LLT4,0.005
A0A2Y8KQ82,0.005
A0A7A7UTK6,0.005
A0A1S6PTL0,0.005
A0A377K0S7,0.005
A0A152BV18,0.005
A0A376TRN2,0.005
A0A376VW72,0.005
A0A829KXH1,0.005
A0A6C9EF45,0.005
A0A444RHF1,0.005
A0A376J5U0,0.005
A0A2T3TJC1,0.005
A0A376U9C6,0.005
A0A6D0FAY6,0.005
A0A168H2U6,0.005
A0A3P5DU66,0.005
A0A478KZ04,0.005
A0A2X1LBZ2,0.005
A0A066SYN0,0.005
A0A5N8HH33,0.005
A0A376TL98,0.005
A6M9D3,0.005
A0A6D0IJV6,0.005
A0A0H2V6C1,0.005
A0A376L6M4,0.005
A0A377AVY3,0.005
A0A6N6WND6,0.005
A0A447XBN6,0.005
A0A376VV78,0.005
A0A484X5E7,0.005
A0A377CUV7,0.005
A0A3L0YGI7,0.005
A0A2X1KPN6,0.005
A0A5B9AKV7,0.005
A0A5B9AG25,0.005
A0A376L6B1,0.005
A0A484X2J5,0.005
A0A377DL42,0.005
A0A0B0VUG1,0.005
A0A376VIG5,0.005
A0A854BT01,0.005
A0A3P1X5S8,0.005
A0A3L0YB21,0.005
A0A2X3M5I2,0.005
A0A0H3JGC0,0.005
A0A376SBH1,0.005
A0A376VGX4,0.005
A0A792HQL6,0.005
A0A376LIL3,0.005
A0A829L4G2,0.005
A0A1S6PTH8,0.005
A0A1V0M767,0.005
A0A8B3M944,0.005
A0A377BKH5,0.005
A0A6L6ZZI0,0.005
A0A377E3L0,0.005
A0A6N6WS54,0.005
A0A377C0M0,0.005
A0A377F533,0.005
A0A3L0W6R2,0.005
A0A0B1KCY0,0.005
A0A6D0RDI9,0.005
A0A168RKC6,0.005
A0A2X1JA08,0.005
A0A377AZQ8,0.005
A0A2P9EIX5,0.005
A0A0L1C851,0.005
A0A6D0IK57,0.005
A0A826ZAK6,0.005
A0A3S4KCR3,0.005
A0A7U0K742,0.005
A0A7U9AUM9,0.005
A0A3G2CDV4,0.005
A0A376L3W1,0.005
A0A3E1WDE1,0.005
A0A0H3MNM0,0.005
A0A3U0SAW1,0.005
A0A377AZ53,0.005
A0A2X1MI80,0.005
A0A0K3ZDL2,0.005
A0A377DIS2,0.005
A0A0N8J3X9,0.005
A0A1B2RBI1,0.005
A0A377AKJ8,0.005
A0A3U0PJZ7,0.005
A0A376PW80,0.005
A0A6D1AGS1,0.005
A0A0E0Y7Y6,0.005
A0A376KU76,0.005
A0A6D1ADT5,0.005
A0A376KMJ1,0.005
A0A376RB56,0.005
A0A376KKA3,0.005
A0A3Z6GED7,0.005
A0A1V2GBW4,0.005
A0A376P7C6,0.005
A0A376RQ28,0.005
A0A1X3ICL5,0.005
A0A3S4NWA9,0.005
A0A140WYA9,0.005
A0A377AGH1,0.005
A0A776KK83,0.005
A0A447XVU2,0.005
A0A140JXD8,0.005
A0A376TDM3,0.005
A0A6L9ACL3,0.005
A0A0B1LIH0,0.005
A0A0H3EFF2,0.005
A0A828TVU1,0.005
A0A2X3KKA3,0.005
A0A376WW27,0.005
A0A478L0L2,0.005
A0A376W300,0.005
A0A0H0JIX9,0.005
A0A377L9H1,0.005
A0A826SJ90,0.005
A0A377BAM5,0.005
A0A376KVG3,0.005
A0A3L0W102,0.005
A0A1X3JNA1,0.005
A0A376TG84,0.005
A0A3P5E0H3,0.005
A0A826T8M7,0.005
A0A400PDI1,0.005
A0A0A0F908,0.005
A0A376H8M6,0.005
A0A1X3HXC0,0.005
A0A5Q5A1V7,0.005
A0A4U9UKQ0,0.005
A0A377APS1,0.005
A0A376J0E5,0.005
A0A853W988,0.005
A0A2W6PE81,0.005
A0A2X1N2T5,0.005
A0A418GHU2,0.005
A0A1X3JL08,0.005
A0A097H001,0.005
A0A2X1NE76,0.005
A0A890DDC7,0.005
A0A377A359,0.005
A0A376ZR70,0.005
A0A075MAK9,0.005
A0A376U2T5,0.005
A0A376L099,0.005
A0A2H9D0P5,0.005
A0A376TDC5,0.005
A0A6M1DK47,0.005
A0A3L0WCP2,0.005
A0A793IKP8,0.005
A0A1V2GKK3,0.005
A0A6N8NQM1,0.005
A0A5P0JFN6,0.005
A0A377DLL5,0.005
A0A2P9DUR3,0.005
A0A3R0VCE6,0.005
A0A447X618,0.005
A0A1U9XHA5,0.005
A0A0P7M7I7,0.005
A0A6D0VHJ0,0.005
A0A2S8JYJ6,0.005
A0A376LLE6,0.005
A0A7G2KHC3,0.005
A0A829L9C9,0.005
A0A376DLC6,0.005
A0A6N8RDW2,0.005
A0A376KPB4,0.005
A0A6N8QFJ3,0.005
A0A485JJQ4,0.005
A0A5C8XT08,0.005
A0A1U9XG40,0.005
A0A7A3B111,0.005
A0A376LLY3,0.005
A0A2R4PE25,0.005
A0A2X3JX54,0.005
A0A839AV30,0.005
A0A5N8HDS1,0.005
A0A418H7G6,0.005
A0A377E867,0.005
A0A2L0JFY5,0.005
A0A2H4WKB7,0.005
A0A0B1J367,0.005
A0A085NYQ0,0.005
A0A0N8ITB8,0.005
A0A376SDQ9,0.005
A0A2W6RH10,0.005
A0A376KNI5,0.005
A0A2X1IY18,0.005
A0A0B1GDK0,0.005
A0A6C9QED7,0.005
A0A1X3IU59,0.005
A0A376TEN2,0.005
A0A377CEI6,0.005
A0A377E485,0.005
A0A793TUQ7,0.005
A0A2W0GMT0,0.005
A0A376SA22,0.005
A0A2X1MWL9,0.005
A0A085PAZ9,0.005
A0A376LPK4,0.005
A0A2T1MZM9,0.005
A0A376NWY0,0.005
A0A7U1E287,0.005
A0A0G9G397,0.005
A0A2R4PEV2,0.005
A0A377E480,0.005
A0A376ML08,0.005
A0A2X3JYM5,0.005
A0A2X1Q0V8,0.005
A0A1V2GDS2,0.005
A0A2T3TG11,0.005
A0A377CW56,0.005
A0A376LAX2,0.005
A0A6C9QGD2,0.005
A0A6N8NRA3,0.005
A0A376Y4A2,0.005
A0A376ML21,0.005
A0A376P1L6,0.005
A0A6M1DJZ7,0.005
A0A485JKC4,0.005
A0A2P9EL80,0.005
A0A2X1N9H7,0.005
A0A377DFW6,0.005
A0A2X3JP43,0.005
A0A3Y4Y8K1,0.005
A0A6L9D735,0.005
A0A2X3JLW2,0.005
A0A376RGY0,0.005
A0A376TPV4,0.005
A0A377A2M7,0.005
A0A1X1LN60,0.005
A0A377DWX3,0.005
A0A3L0W2Y5,0.005
A0A376KJU1,0.005
A0A7A6XUH7,0.005
A0A377LET4,0.005
A0A779GH76,0.005
A0A376Y480,0.005
A0A6S6LK19,0.005
A0A376TH58,0.005
A0A2R4KLP0,0.005
A0A376L1P1,0.005
A0A6G5ZWZ5,0.005
A0A1Q6AJJ9,0.005
A0A376MI18,0.004
A0A6G4PJU2,0.004
A0A0H2Z3Y0,0.004
A0A484X5H0,0.004
A0A140NFZ6,0.004
A0A418H1Z8,0.004
A0A376VVB1,0.004
A0A7U9AQ21,0.004
A0A376KVM4,0.004
A0A085P441,0.004
A0A7U5YWP7,0.004
A0A2X3KF15,0.004
A0A376LNI6,0.004
A0A0B1JM87,0.004
A0A6L7AB29,0.004
A0A2K3TWG2,0.004
A0A8B3M7L5,0.004
A0A0E0SRB3,0.004
A0A7A6ZQA1,0.004
A0A376ZUR8,0.004
A0A829L2W8,0.004
A0A418GB76,0.004
A0A2A2BPD1,0.004
A0A2P9E0L6,0.004
A0A1X9QAK5,0.004
A0A4P6ZIM8,0.004
A0A377CWY2,0.004
A0A6D1ACJ6,0.004
A0A3L5H4A8,0.004
A0A377C7E7,0.004
A0A444R2V9,0.004
A0A377FDH7,0.004
A0A3V0YA64,0.004
A0A376MP61,0.004
A0A376DL75,0.004
A0A376YIA5,0.004
A0A376TH96,0.004
A0A376RBQ2,0.004
A0A376LN22,0.004
A0A192C9T0,0.004
A0A1U9XFS3,0.004
A0A0L7AIB0,0.004
A0A447Y041,0.004
A0A2X3M556,0.004
A0A484Y8B4,0.004
A0A0V7WX59,0.004
A0A6S6L0Z4,0.004
A0A6D1ACV4,0.004
A0A3P5DLS7,0.004
A0A376L8G8,0.004
A0A346GSF1,0.004
A0A1U9T0Y0,0.004
A0A7I6GYE3,0.004
A0A377E0Z0,0.004
A0A6S6LAT0,0.004
A0A2X3M5V0,0.004
A0A5C9AHP9,0.004
A0A2H4UFK0,0.004
A0A6G4NTU8,0.004
A0A377C815,0.004
A0A836NAB4,0.004
A0A023PZS3,0.004
A0A1M0VKS1,0.004
A0A418GF77,0.004
A0A6L7CRG2,0.004
A0A376J5R2,0.004
A0A377JY39,0.004
A0A377BYK8,0.004
A0A447Y0M1,0.004
A0A376MIC8,0.004
A0A376J8R8,0.004
A0A376U8Z2,0.004
A0A377E4F3,0.004
A0A447XZ35,0.004
A7ZH22,0.004
A0A5C9ASW3,0.004
A0A6N0IQV9,0.004
A0A377B8F8,0.004
A0A1X0PG92,0.004
A0A7D7PB80,0.004
A0A6N0IHV6,0.004
A0A6L7CXN5,0.004
A0A377F982,0.004
A0A377BAH6,0.004
A0A828UD39,0.004
A0A6N8NRG2,0.004
A0A377LCE8,0.004
A0A3L0W352,0.004
A0A383GA66,0.004
A0A6N6WS65,0.004
A0A5C9ADB4,0.004
A0A0K4QFL4,0.004
A0A0H3PYL9,0.004
A0A444R2X4,0.004
A0A4D1MVD9,0.004
A0A2X1JFK4,0.004
A0A066Q449,0.004
A0A377KCY0,0.004
A0A485JFB4,0.004
A0A6G4CL62,0.004
A1DZY8,0.004
A0A2B7P859,0.004
A0A6N8NN08,0.004
A0A7G2KGH7,0.004
A0A2X3LTR9,0.004
A0A377DAZ7,0.004
A0A377DP90,0.004
A0A5E9S0B5,0.004
A0A2J7KPU0,0.004
A0A2W7V2E2,0.004
A0A376MK93,0.004
A0A0E2KW40,0.004
A0A2X1KUK7,0.004
A0A6L7CVG4,0.004
A0A376Y6Z3,0.004
A0A2K3TKE6,0.004
A0A3U0PJK0,0.004
A0A376LRJ3,0.004
A0A377EA34,0.004
A0A377APA3,0.004
A0A1M2QY14,0.004
A0A811VLP5,0.004
A0A377CSA6,0.004
A0A2X1KSK9,0.004
A0A3L9ID50,0.004
A0A1M0GG26,0.004
A0A377BDJ3,0.004
A0A366YI15,0.004
A0A2X3LTN0,0.004
A0A444R183,0.004
A0A3P1XKV4,0.004
A0A2W6NSP1,0.004
A0A2H4TKU9,0.004
A0A376TRC5,0.004
A0A2X1NEP6,0.004
A0A376TD24,0.004
A0A2H3LVH1,0.004
A0A2Z2JJI4,0.004
A0A376HCB8,0.004
A0A376W537,0.004
A0A066T5P8,0.004
A0A3L0WDA8,0.004
A0A3W5XZR4,0.004
A0A376JMA7,0.004
A0A376VNV3,0.004
A0A376WAF2,0.004
A0A2X7ETA8,0.004
A0A444R085,0.004
A0A418HAC6,0.004
A0A0K3XYU3,0.004
A0A5C9ANV1,0.004
A0A376P1E5,0.004
A0A2X1KG62,0.004
A0A426EM72,0.004
A0A376Y333,0.004
A0A6N8R8H5,0.004
A0A376MFS3,0.004
A0A854BQP9,0.004
A0A828P222,0.004
A0A3P1WU90,0.004
A0A418GKF5,0.004
A0A6D0IQ42,0.004
A0A4S1U335,0.004
A0A0E0XV94,0.004
A0A6N8NTQ6,0.004
A0A6D1ABA6,0.004
A0A3P1X2F6,0.004
A0A376NUE7,0.004
A0A1Q6ARR5,0.004
A0A376TMZ7,0.004
A0A377DL02,0.004
A0A6G4CLW2,0.004
A0A376UBA8,0.004
A0A2W6QNF8,0.004
A0A376YC89,0.004
A0A2R4AD69,0.004
A0A384ZT74,0.004
A0A376NZT3,0.004
A0A6G4KDB4,0.004
A0A061KVR6,0.004
A0A2X7F4N0,0.004
A0A0A1AHU4,0.004
A0A828PXF7,0.004
A0A6D0IK11,0.004
A0A376YEI7,0.004
A0A2X1KHR1,0.004
A0A2H4TKZ9,0.004
A0A0E0Y410,0.004
A0A6D0IKI3,0.004
A0A826TCM8,0.004
A0A6N8NRK4,0.004
A0A377DAF4,0.004
A0A377CDP5,0.004
A0A3P1YQ66,0.004
A0A0E1SZM9,0.004
A0A376L5U9,0.004
A7ZKP6,0.004
A0A192CAN8,0.004
A0A7H9NIM4,0.004
A0A3G4RTX5,0.004
A0A376L2D7,0.004
A0A1X1LKC9,0.004
A0A377DA00,0.004
A0A4C7B6X1,0.004
A0A3L0VXQ5,0.004
A0A3P1XWY9,0.004
A0A162QYE9,0.004
A0A3A6SD94,0.004
A0A377DPS9,0.004
A0A6N8NI67,0.004
A0A1X3I8G5,0.004
A0A376U966,0.004
A0A0H3F0T1,0.004
A0A376S815,0.004
A0A418H9X7,0.004
A0A7U9FSK5,0.004
A0A376VYD1,0.004
A0A2X1IVP1,0.004
A0A140JYT2,0.004
A0A836N792,0.004
A0A776DDT9,0.004
A0A2X3KD33,0.004
A0A5N8H4N4,0.004
A0A377CEU6,0.004
A0A0P7LVZ2,0.004
A0A377BBL7,0.004
A0A6L9ACU4,0.004
A0A854JUA9,0.004
A0A376TLB6,0.004
A0A1V3CAH6,0.004
A0A485JM18,0.004
A0A3G4RKX6,0.004
A0A061LSF1,0.004
A0A377DQ33,0.004
A0A376P709,0.004
A0A2T3V3L3,0.004
A0A3S4L204,0.004
A0A484YT34,0.004
A0A376TPG6,0.004
A0A3L0W1F2,0.004
A0A2X3KI60,0.004
A0A7A7A579,0.004
A0A376W6D3,0.004
A0A6D0INL7,0.004
A0A377KFB5,0.004
A0A641C9Z8,0.004
A0A1V2GKG2,0.004
A0A3L9HYX5,0.004
A0A649Z513,0.004
A0A6M4P0C7,0.004
A0A377BBV2,0.004
A0A377E5R6,0.004
A0A444RC77,0.004
A0A376TX99,0.004
A0A2W6P8H0,0.004
A0A377BC23,0.004
A0A1X9TKJ8,0.004
A0A377AAK1,0.004
A0A1X3J840,0.004
A0A172DBC5,0.004
A0A191T8Y8,0.004
A0A376Y7R0,0.004
A0A2X3JFR4,0.004
A0A1X3I4T9,0.004
A0A376RBB5,0.004
A0A5N8HFN3,0.004
A0A7G2KIT9,0.004
A0A6N6WRH1,0.004
A0A376L1G2,0.004
A0A2X1P1B7,0.004
A0A376MSE6,0.004
A0A346GKZ2,0.004
A0A7U9APR7,0.004
A0A060RII3,0.004
A0A085NZC6,0.004
A0A376L784,0.004
A0A2W6NR22,0.004
A0A2X1QAP0,0.004
A0A376TWX5,0.004
A0A6L7C019,0.004
A0A418H9L4,0.004
A0A2P9E1N7,0.004
A0A0P7PKH1,0.004
A0A376P574,0.004
A0A0E2KWJ3,0.004
A0A828PEM6,0.004
A0A2W6QDQ7,0.004
A0A3P1WZ37,0.004
A0A376MDI6,0.004
A0A6D0I7K6,0.004
A0A376U0K9,0.004
A0A7U9AYF2,0.004
A0A376VYJ5,0.004
A0A377BAY4,0.004
A0A7T8R0P3,0.004
A0A3L0W5F8,0.004
A0A023UFV6,0.004
A0A5C9AQM9,0.004
A0A837B2V9,0.004
A0A376TM88,0.004
A0A376RJU4,0.004
A0A243ZNI2,0.004
A0A3L0VVG2,0.004
A0A1L4IWX3,0.004
A0A376TNG5,0.004
A0A3W3RMG3,0.004
A0A8B3M6R2,0.004
A0A0H3PSC4,0.004
A0A418GKD6,0.004
A0A7D7DSX4,0.004
A0A826Y2F1,0.004
A0A2K3TJX4,0.004
A0A6L7A579,0.004
A0A2D0GFW6,0.004
A0A376UCC1,0.004
A0A377DIJ2,0.004
A0A418GHG2,0.004
A0A376ZRN4,0.004
A0A484X8C8,0.004
A0A6D1AD90,0.004
A0A3P1WNK3,0.004
A0A377BBC6,0.004
A0A6D0IEA1,0.004
A0A376THN4,0.004
A0A5B9A6W3,0.004
A0A376K2I3,0.004
A0A6N0IQZ7,0.004
A0A2X1LTP6,0.004
A0A6D0INJ6,0.004
A0A0H2V595,0.004
A0A6N6WNN5,0.004
A0A7U5TGY3,0.004
A0A377DJL8,0.004
A0A2L1F4Q3,0.004
A0A0B0UKY3,0.004
A0A2W6P3V1,0.004
A0A6N8NV36,0.004
A0A377CDU4,0.004
A0A826TDH2,0.004
A0A7A6XLA7,0.004
A0A447X5M6,0.004
A0A4Q4HS84,0.004
A0A1X3HXG6,0.004
A0A0H2V714,0.004
A0A6N9SAT6,0.004
A0A0F7TDP4,0.004
A0A7L8K9Z8,0.004
A0A0H2V8B6,0.004
A0A7H4YQ72,0.004
A0A828U3C2,0.004
A0A418H9U6,0.004
A0A5E9WWR4,0.004
A0A1M0EAY4,0.004
A0A1W1EM84,0.004
A0A376RKW9,0.004
A0A447XB82,0.004
A0A377AL79,0.004
A0A376U2Z0,0.004
A0A2R4AH54,0.004
A0A2X3M1S9,0.004
A0A1M1DVA2,0.004
A0A192CI13,0.004
A0A377B6M7,0.004
A0A085NY09,0.004
A0A0B3B478,0.004
A0A418GDH7,0.004
A0A2X3LXN1,0.004
A0A0E0SS46,0.004
A0A2X3JRV6,0.004
A0A6D0IFX4,0.004
A0A0E0SRI5,0.004
A0A2R4AH01,0.004
A0A3L1G1T0,0.004
A0A827E325,0.004
A0A376RCB0,0.004
A0A376HSE0,0.004
A0A1B1IL14,0.004
A0A3L0W1Y0,0.004
A0A376MMC8,0.004
A0A2X1NCU8,0.004
A0A6D0II91,0.004
A0A168PLS0,0.004
A0A6D1ACX8,0.004
A0A0H3JJE2,0.004
A0A3Y8FJR0,0.004
A0A5C9ADW0,0.004
A0A774NZU9,0.004
A0A0A1A8M7,0.004
A0A485JJY5,0.004
A0A376DJR2,0.004
A0A3L0W2U2,0.004
A0A5P0JII6,0.004
A0A376KIG5,0.004
A0A1L4PGU9,0.004
A0A7G9AA41,0.004
A0A484VX47,0.004
A0A2X1KVB4,0.004
A0A376CRD9,0.004
A0A6M1DK31,0.004
A0A6L9AAM8,0.004
A0A376CTI7,0.004
A0A2X3K2R5,0.004
A0A0P7LEN4,0.004
A0A4C9HDA3,0.004
A0A3X9ML66,0.004
A0A1V2GAK9,0.004
A0A828PXU8,0.004
A0A376HJZ0,0.004
A0A376MJ26,0.004
A0A376TPL9,0.004
A0A1L5JM22,0.004
A0A765X528,0.004
A0A376LLC9,0.004
A0A6N8NRJ7,0.004
A0A377LL40,0.004
A0A2X1NHA7,0.004
A0A811ASA8,0.004
A0A377K742,0.004
A0A376NSC7,0.004
A0A827E4T9,0.004
A0A0K4WTJ1,0.004
A0A0E2KYI4,0.004
A0A828G8K4,0.004
A0A2X1KV74,0.004
A0A377JXZ4,0.004
A0A1X3I114,0.004
A0A7M3S3A0,0.004
A0A6L7CM92,0.004
A0A2X3LL41,0.004
A0A377CL13,0.004
A0A377BLK5,0.004
A0A377C911,0.004
A0A3L9I4V5,0.004
A0A828TWV1,0.004
A0A377K0H4,0.004
A0A6D0IEN8,0.004
B0Z422,0.004
A0A1X9TLJ4,0.004
A0A5C9AK45,0.004
A0A376D1H0,0.004
A0A3L0W383,0.004
A0A377AJY2,0.004
A0A5N3CPL4,0.004
A0A066QAB4,0.004
A0A811ASX1,0.004
A0A7D7EUP8,0.004
A0A0A1A6I7,0.004
A0A0K4QKH9,0.004
A0A376MLX2,0.004
A0A377ERP6,0.004
A0A376J109,0.004
A0A376RM40,0.004
A0A7U9LMN1,0.004
A0A3U0PKR1,0.004
A0A6D0IIX2,0.004
A0A6G9I2G8,0.004
A0A899NC15,0.004
A0A2A6Q2F1,0.004
A0A0E0SRD9,0.004
A0A2U9LE86,0.004
A0A376WZI7,0.004
A0A6N8NN92,0.004
A0A3P1X4U4,0.004
A0A0H3MMM7,0.004
A0A376LB51,0.004
A0A024LC57,0.004
A0A2X1N935,0.004
A0A899NDA3,0.004
A0A376W1Y8,0.004
A0A6L7A359,0.004
A0A6C9QJ91,0.004
A0A376LRK4,0.004
A0A3G2CDH0,0.004
A0A0H3JDA9,0.004
A0A066SW58,0.004
A0A229AL28,0.004
A0A377A0U4,0.004
A0A826THD3,0.004
A0A0P7MS53,0.004
A0A797I2X4,0.004
A0A376K040,0.004
A0A2H5BZX8,0.004
A0A146IFG8,0.004
A0A0H3PPD5,0.004
A0A0D4ZZS9,0.004
A0A418GJA4,0.004
A0A377E540,0.004
A0A2X1KK33,0.004
A0A1Q6B1Z4,0.004
A0A7U9AXZ3,0.004
A0A5B9AD09,0.004
A0A826SRL7,0.004
A0A1X3J1N6,0.004
A0A0C2B3K2,0.004
A0A2X1KTD7,0.004
A0A2W6QS42,0.004
A0A376TDV6,0.004
A0A6D1AD11,0.004
A0A140JY34,0.004
A0A6D1P860,0.004
A0A3S4NXZ1,0.004
A0A2I7QH04,0.004
A0A1Q6B5F9,0.004
A0A3L0X8U6,0.004
A0A376LDS7,0.004
A0A377D3W6,0.004
A0A828PGI1,0.004
A0A376UG32,0.004
A0A6L9AAR5,0.004
A0A377D8V6,0.004
A0A5D8HC65,0.004
A0A7U5TQE9,0.004
A0A0K6B8R1,0.004
A0A376Y4I5,0.004
A0A6L7A0R0,0.004
A0A376VL73,0.004
A0A6N8NRR1,0.004
A0A444R7Z1,0.004
A0A376V592,0.004
A0A191T955,0.004
A0A890DKX6,0.004
A0A6N0IHU5,0.004
A0A0E1SR25,0.004
A0A2X3JP23,0.004
A0A1V2G3H2,0.004
A0A3L0W726,0.004
A0A377JYM2,0.004
A0A6D0Y3Z0,0.004
A0A829L1D3,0.004
A0A2X3LWW8,0.004
A0A2X3LUT5,0.004
A0A6D1AJG6,0.004
A0A2X1NAB8,0.004
A0A7U5TPP9,0.004
A0A2X1J909,0.004
A0A2X1LDU0,0.004
A0A6D1AC76,0.004
A0A1X3ISQ8,0.004
A0A5C8XT34,0.004
A0A0X5FLM8,0.004
A0A024L8M3,0.004
A0A376VLT7,0.004
A0A797M2S3,0.004
A0A377E2Y5,0.004
A0A6N8NJA1,0.004
A0A2A2BPF9,0.004
A0A377K638,0.004
A0A6N6WNK4,0.004
A0A6D0IJI4,0.004
A0A5C9A871,0.004
A0A377F5L0,0.004
A0A418H806,0.004
A0A6N8NKB7,0.004
A0A3P1XTH5,0.004
A0A484X109,0.004
A0A2R4KLD2,0.004
A0A377DPB2,0.004
A0A2X1KIF5,0.004
A0A2X1LFN8,0.004
A0A377EMJ0,0.004
A0A377A507,0.004
A0A377APJ6,0.004
A0A377D464,0.004
A0A3G4RTG7,0.004
A0A2X7HXL6,0.004
A0A377CFN0,0.004
A0A6L6IDH6,0.004
A0A3L0W309,0.004
A0A376ZWV4,0.004
A0A6N8RA89,0.004
A0A828GA87,0.004
A0A2X1JE40,0.004
A0A376U9K9,0.004
A0A444R469,0.004
A0A377K9M7,0.004
A0A376U837,0.004
A0A418H3F7,0.004
A0A377BKW7,0.004
A0A376KIJ0,0.004
A0A826SKR7,0.004
A0A376X5X1,0.004
A0A6D0IF73,0.004
A0A3P5DR49,0.004
A0A376K621,0.004
A0A7I0KNW8,0.004
A0A193LYP4,0.004
A0A0H3MJA7,0.004
A0A3W4K7C4,0.004
A0A3L0WZK2,0.004
A0A7D5GSD1,0.004
A0A023LA21,0.004
A0A377DJ69,0.004
A0A377A4V2,0.004
A0A376ZX18,0.004
A0A376LJW5,0.004
A0A2R9W8K2,0.004
A0A1L5JRN8,0.004
A0A1X3JIK8,0.004
A0A376RAB1,0.004
A0A376PRX6,0.004
A0A0K4D6S7,0.004
A0A376MEP5,0.004
A0A7A6UPC1,0.004
A0A085PBJ9,0.004
A0A377C096,0.004
A0A7A6UQP8,0.004
A0A2X1LC41,0.004
A0A2S8JMK8,0.004
A0A2X3K2G5,0.004
A0A1X3J1D3,0.004
A0A376U6R9,0.004
A0A6N8NMC0,0.004
A0A0F3SGF5,0.004
A0A2X3K1Z7,0.004
A0A376TCN9,0.004
A0A2X3K4M6,0.004
A0A377BGN0,0.004
A0A377AYD5,0.004
A0A376DFC4,0.004
A0A827Y4L0,0.004
A0A376VZN7,0.004
A0A1D7PQ56,0.004
A0A376ZGX2,0.004
A0A0E0Y0T8,0.004
A0A377HFT6,0.004
A0A376LMJ4,0.004
A0A7A6U7C9,0.004
A0A376KXD4,0.004
A0A1X3I4H0,0.004
A0A343J0F2,0.004
A0A376J9H7,0.004
A0A830SFQ2,0.004
A0A418H4S5,0.004
A0A6N6WP68,0.004
A0A1M0LFG5,0.004
A0A377K7Q7,0.004
A0A3S4KG34,0.004
A0A0F3U695,0.004
A0A3T4WLM9,0.004
A0A376L8B7,0.004
A0A1X9TIW0,0.004
A0A6D0I6C2,0.004
A0A376RHY9,0.004
A0A376DD39,0.004
A0A377CMA1,0.004
A0A6D0IN48,0.004
A0A5B9AS27,0.004
A0A3S4NNI5,0.004
A0A142EAU1,0.004
A0A1X3J581,0.004
A0A1Q6AVC8,0.004
A0A0E2KXZ7,0.004
A0A024L2V5,0.004
A0A3L0W318,0.004
A0A377D929,0.004
A0A376VKY1,0.004
A0A7U9FTP5,0.004
A0A5P0JIZ1,0.004
A0A6D0IJH2,0.004
A0A768CFE0,0.004
A0A376LAT9,0.004
A0A152HW46,0.004
A0A3P1WIC7,0.004
A0A0H2VES0,0.004
A0A377C9S3,0.004
A0A3P1WMP6,0.004
A0A192CC32,0.004
A0A418GMD3,0.004
A0A2K9YVV3,0.004
A0A1X3HYD7,0.004
A0A376RDJ1,0.004
A0A288W2W1,0.004
A0A376YBG1,0.004
A0A376MR27,0.004
A0A085P9T3,0.004
A0A3S5DV44,0.004
A0A376ZXS5,0.004
A0A3A6RSW4,0.004
A0A2X3KIB2,0.004
A0A376P691,0.004
A0A376S6M6,0.004
A0A0E0Y5J8,0.004
A0A1V2FXD3,0.004
A0A376LS97,0.004
A0A4D6PHE5,0.004
A0A6C7GYG2,0.004
A0A376QL68,0.004
A0A377BZ46,0.004
A0A376KM41,0.004
A0A376LQ08,0.004
A0A376MM73,0.004
A0A377CHB8,0.004
A0A376Y954,0.004
A0A478KI02,0.004
A0A826PEY5,0.004
A0A7A3AZM5,0.004
A0A377BHN3,0.004
A0A377KCX2,0.004
A0A3P5DVU1,0.004
A0A075MG89,0.004
A0A5P0JGR5,0.004
A0A163E4C3,0.004
A0A6D0IK17,0.004
A0A2I8SWA5,0.004
A0A811ASH1,0.004
A0A3R1CCR4,0.004
A0A376P4J4,0.004
A0A6M4P009,0.004
A0A376VHJ8,0.004
A0A2Z2JDB9,0.004
A0A7A3FDE8,0.004
A0A6L7A576,0.004
A0A1Q4PL12,0.004
A0A377A2X3,0.004
A0A7U9LU45,0.004
A0A377K1T4,0.004
A0A829LA64,0.004
A0A3P1X6L5,0.004
A0A0F3TAR1,0.004
A0A3W4K779,0.004
A0A377C4N8,0.004
A0A2X1KJZ1,0.004
A0A376UEB6,0.004
A0A075M9F6,0.004
A0A3L0W4J2,0.004
A0A828GS05,0.004
A0A0H2V9A9,0.004
A0A3G4RTG9,0.004
A0A6D0I1Y7,0.004
A0A0A2RG70,0.004
A0A0H3F1H0,0.004
A0A3P1XA76,0.004
A0A3L0W275,0.004
A0A6D1ADC7,0.004
A0A5N8HDY1,0.004
A0A377LNR0,0.004
A0A376SUD4,0.004
A0A376UB45,0.004
A0A2R4PIT0,0.004
A0A6S6L8Z2,0.004
A0A376U0I5,0.004
A0A3L9JDW0,0.004
A0A0F3SD89,0.004
A0A376U1T0,0.004
A0A2A3WMN4,0.004
A0A829L3J8,0.004
A0A192CAU6,0.004
A0A444R091,0.004
A0A0K5ZZD9,0.004
A0A829L1W7,0.004
A0A828U945,0.004
A0A1X9TLJ8,0.004
A0A447X6D2,0.004
A0A376U0U2,0.004
A0A376RKL9,0.004
A0A447Y1H4,0.004
A0A793Y985,0.004
A0A2U2VCS1,0.004
A0A377L7F7,0.004
A0A826J6L1,0.004
A0A0G2QAJ1,0.004
A0A4C2ZT35,0.004
A0A7M3IAP6,0.004
A0A377C3Y3,0.004
A0A2X3KD45,0.004
A0A6L6HWH2,0.004
A0A1B2FKE0,0.003
A0A0C5BSW1,0.003
A0A418GIX7,0.003
A0A6D0ILU2,0.003
A0A797I2L0,0.003
A0A7A6VWJ7,0.003
A0A4C8RPD4,0.003
A0A140N881,0.003
A0A6M9QSU9,0.003
A0A3P1X7M5,0.003
A0A4T5G0F1,0.003
A0A792K311,0.003
A0A376FS23,0.003
A0A0A0R7Q1,0.003
A0A0H2VD89,0.003
A0A6D1A5T4,0.003
A0A377ASV1,0.003
A0A377CVD3,0.003
A0A1C7CNP0,0.003
A0A3S5DW29,0.003
A0A418GWZ2,0.003
A0A377C409,0.003
A0A797HXC6,0.003
A0A799B4C6,0.003
A0A2X1KJI2,0.003
A0A1U9XFM9,0.003
A0A7A3ABP5,0.003
A0A376P555,0.003
A0A2X3KLX1,0.003
A0A484YBG2,0.003
A0A3W5Y8P6,0.003
A0A376ZWN8,0.003
A0A5P0JLD0,0.003
A0A0H4BFV4,0.003
A0A376SA72,0.003
A0A3L0YJQ2,0.003
A0A376X517,0.003
A0A5P0JJX2,0.003
A0A775UYE8,0.003
A0A075MEN6,0.003
A0A2P9EDD5,0.003
A0A6D0IJH4,0.003
A0A6S6L3Q3,0.003
A0A0B0W278,0.003
A0A377BAI0,0.003
A0A485JL97,0.003
A0A5C9ANN6,0.003
A0A485JJ23,0.003
A0A377E2E2,0.003
A0A1U9XGU0,0.003
A0A6L7CED5,0.003
A0A377BRK8,0.003
A0A8B3MC68,0.003
A0A2U9KSM3,0.003
A0A7A6LVX7,0.003
A0A447Y5I0,0.003
A0A376U8H5,0.003
A0A447XG72,0.003
A0A377CE10,0.003
A0A376JQK4,0.003
A0A376MRS1,0.003
A0A418H8K6,0.003
A0A2X3M1N2,0.003
A0A377F4F2,0.003
A0A2T3SXW7,0.003
A0A3L9G0G6,0.003
A0A6C7GZT0,0.003
A0A826J7I4,0.003
A0A376NW93,0.003
A0A376DDU0,0.003
A0A1L7AVB3,0.003
A0A2H4TL80,0.003
A0A6F8Z873,0.003
A0A377DFM9,0.003
A0A6N8NS53,0.003
A0A152VT57,0.003
A0A0A1AKA0,0.003
A0A3S4KGJ3,0.003
A0A7H9M1Q6,0.003
A0A376VS65,0.003
A0A377A0X4,0.003
A0A376VFX0,0.003
A0A376TGS3,0.003
A0A0A1A223,0.003
A0A377B0I4,0.003
A0A377A932,0.003
A0A5C9AA10,0.003
A0A376VP26,0.003
A0A3P1WUV0,0.003
A0A376WX69,0.003
A0A765T8P8,0.003
A0A376LIQ7,0.003
A0A1Q6AXG8,0.003
A0A085NWV7,0.003
A0A0K4GXF0,0.003
A0A6N6WPT1,0.003
A0A6N8NU92,0.003
A0A376TI61,0.003
A0A3S4NU35,0.003
A0A777TU67,0.003
A0A376MUY9,0.003
A0A2X3LQT5,0.003
A0A5C9AHJ9,0.003
A0A6D0YKH9,0.003
A0A223HH68,0.003
A0A066SYB6,0.003
A0A377D7A6,0.003
A0A376J026,0.003
A0A2X1IVH4,0.003
A0A377DDJ4,0.003
A0A376L6Z6,0.003
A0A376W1I7,0.003
A0A777XMY1,0.003
A0A3L0W136,0.003
A0A377DH98,0.003
A0A2X1LCR4,0.003
A0A376VC84,0.003
A0A377CAZ8,0.003
A0A5P0JIQ8,0.003
A0A377K1F1,0.003
A0A3L9G7U0,0.003
A0A376KQR3,0.003
A0A376VWB7,0.003
A0A376KS22,0.003
A0A7H9LXI3,0.003
A0A377BB52,0.003
A0A376L984,0.003
A0A3L0WCG4,0.003
A0A376VAB7,0.003
A0A2X1Q2B6,0.003
A0A377D709,0.003
A0A6G9I0U4,0.003
A0A1I7P2T3,0.003
A0A1V2G553,0.003
A0A418H8S6,0.003
A0A0H0LFE0,0.003
A0A369FIE1,0.003
A0A2A2C232,0.003
A0A376VZJ1,0.003
A0A6L7CQP0,0.003
A0A829L745,0.003
A0A4Q4I0H4,0.003
A0A192CMR8,0.003
A0A7A6LUG3,0.003
A0A6D0IIM5,0.003
A0A376LAH4,0.003
A0A377AYR0,0.003
A0A2X1QIK0,0.003
A0A484X3S8,0.003
A0A136WUS0,0.003
A0A343J0D7,0.003
A0A5P1MRZ4,0.003
A0A376UEQ8,0.003
A0A377C8J9,0.003
A0A6N8QCZ7,0.003
A0A376VGK7,0.003
A0A192CCA4,0.003
A0A376U9Z2,0.003
A0A377K7D2,0.003
A0A2X1NE36,0.003
A0A192C6N4,0.003
A0A377CEZ2,0.003
A0A5N8HAF3,0.003
A0A377F9D6,0.003
A0A484X4L7,0.003
A0A768ECX2,0.003
A0A369DST8,0.003
A0A0X5FLA1,0.003
A0A376S7E9,0.003
A0A377HCS5,0.003
A0A7A6JM45,0.003
A0A6D0IKH3,0.003
A0A0K5V7H2,0.003
A0A4C3B961,0.003
A0A0J2GVE7,0.003
A0A811W2A7,0.003
A0A4T8ETV2,0.003
A0A377BH29,0.003
A0A191T8X9,0.003
A0A376W9G7,0.003
A0A3P1X5H0,0.003
A0A376TZX6,0.003
A0A140N9E4,0.003
A0A484YUG5,0.003
A0A2D2CLI8,0.003
A0A0J2D4X6,0.003
A0A3G4RPW4,0.003
A0A6L6I9S0,0.003
A0A2X1Q1Z9,0.003
A0A6N8NS02,0.003
A0A7A6KWS3,0.003
A0A3L9HX82,0.003
A0A068F535,0.003
A0A6L7CQB6,0.003
A0A418GA62,0.003
A0A6N6WPF7,0.003
A0A6L9ABC6,0.003
A0A377F5T1,0.003
A0A3S8XES7,0.003
A0A2X1NDD0,0.003
A0A3L0YAS1,0.003
A0A7A5EZZ5,0.003
A0A0E1T2C7,0.003
A0A376KDI0,0.003
A0A5C9AF73,0.003
A0A0P7TCI8,0.003
A0A3L0W2B8,0.003
A0A1X9WJS1,0.003
A0A6N8QNC0,0.003
A0A1X3JH11,0.003
A0A6C9EIA6,0.003
A0A376VY74,0.003
A0A377BCG6,0.003
A0A3L0W598,0.003
A0A6L7CMD7,0.003
A0A376KUU5,0.003
A0A377DR94,0.003
A0A376P0V4,0.003
A0A0M1UJC3,0.003
A0A376W1H2,0.003
A0A826X1Z5,0.003
A0A0H3MEL3,0.003
A0A6H1PYS6,0.003
A0A2X3KLP7,0.003
A0A376JWY4,0.003
A0A3L0W6E2,0.003
A0A376MN39,0.003
A0A2X1NLD6,0.003
A0A6C9EH93,0.003
A0A2X3KAI0,0.003
A0A6D0IJ35,0.003
A0A377F746,0.003
A0A827LJ15,0.003
A0A1Y2ZR75,0.003
A0A376U632,0.003
A0A376U0F2,0.003
A0A5C9A800,0.003
A0A377D1B3,0.003
A0A376L1H9,0.003
A0A6N8QCP6,0.003
A0A0H3EGY5,0.003
A0A3L0WA00,0.003
A0A3R0ML46,0.003
A0A1X3JFI1,0.003
A0A7A6REG3,0.003
A0A1Y0PFF3,0.003
A0A3S4P4V5,0.003
A0A377DPH1,0.003
A0A2X3JZL1,0.003
A0A3F3NVA4,0.003
A0A1L4IX56,0.003
A0A376X1H7,0.003
A0A2X9AJJ9,0.003
A0A2X1NT86,0.003
A0A376KZS6,0.003
A0A376P214,0.003
A0A485JKV8,0.003
A0A376ZGN1,0.003
A0A2X1JZ73,0.003
A0A2X1N6Z7,0.003
A0A0H2VG16,0.003
A0A3U0PKK7,0.003
A0A418H9G2,0.003
A0A5N8HL51,0.003
A0A376UA58,0.003
A0A1L4J1M9,0.003
A0A0H0E637,0.003
A0A418GN89,0.003
A0A376S9Z4,0.003
A0A2S8JS56,0.003
A0A0A1A980,0.003
A0A3P1YTM5,0.003
A0A6C9RKF1,0.003
A0A376ZLB9,0.003
A0A085NWZ9,0.003
A0A376VLR2,0.003
A0A228Z289,0.003
A0A376S7D5,0.003
A0A2I8SW51,0.003
A0A1M0S9G2,0.003
A0A1X3IXK2,0.003
A0A0C5PNV8,0.003
A0A3P1XW47,0.003
A0A377ASR0,0.003
A0A0N9DZE3,0.003
A0A0G3B905,0.003
A0A377K6J2,0.003
A0A6N9SJ38,0.003
A0A2I6FND0,0.003
A0A0P7LBM4,0.003
A0A1V0K6G6,0.003
A0A377A3P6,0.003
A0A0P7KTJ0,0.003
A0A377KFI2,0.003
A0A376VJQ4,0.003
A0A7U9LNB9,0.003
A0A0K3ZFG6,0.003
A0A6S6LNB2,0.003
A0A376PSD1,0.003
A0A377BFU8,0.003
A0A484VZ71,0.003
A0A377BLI5,0.003
A0A0E2L3C2,0.003
A0A377NRR5,0.003
A0A0D6IVS6,0.003
A0A826R370,0.003
A0A376W4U3,0.003
A0A485JJI9,0.003
A0A444R8U4,0.003
A0A377AFA8,0.003
A0A6D1ABY0,0.003
A0A377JZP0,0.003
A0A168TF57,0.003
A0A0H3PHS5,0.003
A0A3Q8FV32,0.003
A0A485JFS3,0.003
A0A2S8I052,0.003
A0A376YE52,0.003
A0A5E8DKL1,0.003
A0A376U6W7,0.003
A0A6D1ADS1,0.003
A0A377DYR3,0.003
A0A0F3WFM5,0.003
A0A792DQ94,0.003
A0A376ZFJ4,0.003
A0A377K4G7,0.003
A0A376YEA3,0.003
A0A2R4AH84,0.003
A0A3S9LRA6,0.003
A0A1L7AP71,0.003
A0A2X3K2L4,0.003
A0A6L7CUU0,0.003
A0A5P0JK61,0.003
A0A5C9ABJ1,0.003
A0A376FSC5,0.003
A0A7U1E2A9,0.003
A0A376ZL76,0.003
A0A376WYW8,0.003
A0A376VJS6,0.003
A0A1M2F2Q9,0.003
A0A376LK88,0.003
A0A2X1K0I8,0.003
A0A0B0Z142,0.003
A0A3P5BQK6,0.003
A0A3S4M5L9,0.003
A0A0D8W6B0,0.003
A0A094VS05,0.003
A0A4U9UIF0,0.003
A0A376TIG1,0.003
A0A6L7CH19,0.003
A0A376MQZ2,0.003
A0A0D8WE88,0.003
A0A3W4K8F8,0.003
A0A3P1WWN6,0.003
A0A2X1L2N9,0.003
A0A376W764,0.003
A0A2S8JKL2,0.003
A0A377K7L3,0.003
A0A0H3PHA5,0.003
A0A376UEX0,0.003
A0A0B1N2M7,0.003
A0A376VVH3,0.003
A0A2A7LZ07,0.003
A0A376TM60,0.003
A0A376TJ04,0.003
A0A0H5RZF6,0.003
A0A2W6P7I5,0.003
A0A3J8XRS5,0.003
A0A6D0PKH7,0.003
A0A377N509,0.003
A0A0E1SUI3,0.003
A0A192CB71,0.003
A0A828P2M3,0.003
A0A376W3V0,0.003
A0A0A8KMW8,0.003
A0A376UEN9,0.003
A0A6N8NJR6,0.003
A0A3S4P3U7,0.003
A0A1L4J4U9,0.003
A0A5C9AF97,0.003
A0A377D196,0.003
A0A142EC48,0.003
A0A4D0RZY4,0.003
A0A376L2S9,0.003
A0A376YJK9,0.003
A0A376RM78,0.003
A0A2X1NCG3,0.003
A0A6L4XT53,0.003
A0A376VAB1,0.003
A0A7H9LQ39,0.003
A0A444R4X9,0.003
A0A6N6WRR5,0.003
A0A1X3HWW0,0.003
A0A779C7C1,0.003
A0A3P5HEB5,0.003
A0A0H2V9Z8,0.003
A0A377BYH4,0.003
A0A0H3JJN5,0.003
A0A0D6ZJB3,0.003
A0A2X3K6L8,0.003
A0A0M1UJL2,0.003
A0A1Q4P7E8,0.003
A0A376W1M6,0.003
A0A1D7Q5A5,0.003
A0A5C9ALL6,0.003
A0A826P9Q5,0.003
A0A7D5GHT5,0.003
A0A376K2J2,0.003
A0A7A3CAI9,0.003
A0A484WRV3,0.003
A0A1Z1V239,0.003
A0A6N9SI54,0.003
A0A2X3K6N6,0.003
A0A377B0I7,0.003
A0A376U3Q9,0.003
A0A447X9S8,0.003
A0A376KNB8,0.003
A0A3L9G1S4,0.003
A0A376K4Q8,0.003
A0A2R4KL98,0.003
A0A097QQS1,0.003
A0A376LCV2,0.003
A0A0H3ES68,0.003
A0A377ELW3,0.003
A0A417ZP64,0.003
A0A4C2Z1H9,0.003
A0A2X1MN05,0.003
A0A377E2W7,0.003
A0A444R526,0.003
A0A7H9LVQ1,0.003
A0A377CYD1,0.003
A0A377A2Z9,0.003
A0A0B0VGQ2,0.003
A0A377B7K0,0.003
A0A6C9EI84,0.003
A0A376L3N9,0.003
A0A377CU51,0.003
A0A7A6UIT5,0.003
A0A444QZG5,0.003
A0A444R474,0.003
A0A2X1NGI3,0.003
A0A6D0IJ12,0.003
A0A6D1AEL9,0.003
A0A192CLP1,0.003
A0A447X6J8,0.003
A0A376UFG0,0.003
A0A6D0IRP2,0.003
A0A376U5V9,0.003
A0A2X3K5E0,0.003
A0A484VXW4,0.003
A0A6L6ZVU5,0.003
A0A2X1PYC8,0.003
A0A2X1NI72,0.003
A0A3G4RWM3,0.003
A0A376YJJ0,0.003
A0A1W5W6P8,0.003
A0A233X606,0.003
A0A2W8GKI0,0.003
A0A346GM95,0.003
A0A377CB18,0.003
A0A4T8IJJ4,0.003
A0A376MHE8,0.003
A0A7I6H8Q8,0.003
A0A8B3M2E6,0.003
A0A6L7CXC9,0.003
A0A2X3JZC2,0.003
A0A2W8GFU9,0.003
A0A066Q1W0,0.003
A0A376L4D9,0.003
A0A811APU9,0.003
A0A0M5X0I4,0.003
A0A7H9SEL6,0.003
A0A376MU30,0.003
A0A369FJ84,0.003
A0A377HCJ5,0.003
A0A826J3D3,0.003
A0A0V9HCI9,0.003
A0A376TP30,0.003
A0A418GLU9,0.003
A0A0E0XWD5,0.003
A0A0D8W9N2,0.003
A0A376TZ07,0.003
A0A376L6I9,0.003
A0A6N8NPZ1,0.003
A0A1P8VP60,0.003
A0A418GHK5,0.003
A0A5C9AFJ9,0.003
A0A484Y3B2,0.003
A0A826X0H5,0.003
A0A376U0G8,0.003
A0A376UDA5,0.003
A0A377CI03,0.003
A0A377A6S6,0.003
A0A2X1Q1M4,0.003
A0A6N8R9G0,0.003
A0A6D0IJT8,0.003
A0A377K1V2,0.003
A0A193LM81,0.003
A0A6N9S6A6,0.003
A0A2X1JWR7,0.003
A0A0E1T3A3,0.003
A0A0B0VUD4,0.003
A0A1M0XLM1,0.003
A0A192EM38,0.003
A0A1X3J1Z0,0.003
A0A376S6S8,0.003
A0A899NEB2,0.003
A0A6N8NIB0,0.003
A0A0Q1C2N8,0.003
A0A066SXL8,0.003
A0A377HHQ1,0.003
A0A3K0WN38,0.003
A0A192C919,0.003
A0A3L0YBS0,0.003
A0A6D0K3D6,0.003
A0A376VLT6,0.003
A0A2I6IK53,0.003
A0A447XW00,0.003
A0A3Y7WGG2,0.003
A0A417ZP85,0.003
A0A1X3JHZ0,0.003
A0A3P1X1R3,0.003
A0A377K3G7,0.003
A0A3P1XC34,0.003
A0A5P0JK37,0.003
A0A418HB04,0.003
A0A3U0PIF0,0.003
A0A3K4E3Z8,0.003
A0A3L0W0W7,0.003
A0A376KTJ7,0.003
A0A5C9AA00,0.003
A0A0E2LE31,0.003
A0A485JBJ4,0.003
A0A0H0LUL3,0.003
A0A376VPY7,0.003
A0A3L0W3U6,0.003
A0A6L9AAI7,0.003
A0A376UDY2,0.003
A0A4P8C363,0.003
A0A376LCL6,0.003
A0A6G9HII3,0.003
A0A376VU99,0.003
A0A827GK06,0.003
A0A377E1I7,0.003
A0A376RD80,0.003
A0A6L6ZTU4,0.003
A0A775TX85,0.003
A0A2X6FIL4,0.003
A0A0E0XXY0,0.003
A0A3K0WJ96,0.003
A0A377LDG9,0.003
A0A2X1Q1M0,0.003
A0A6D1A878,0.003
A0A2X1MWG2,0.003
A0A444R904,0.003
A0A2X1Q030,0.003
A0A1X3I4U4,0.003
A0A6L7A1R5,0.003
A0A478KSL2,0.003
A0A376Y3E6,0.003
A0A376TN35,0.003
A0A444RIM5,0.003
A0A6N8NJQ8,0.003
A0A346GKZ0,0.003
A0A376Y1C8,0.003
A0A3S3TIV0,0.003
A0A0H2VC73,0.003
A0A376TUZ4,0.003
A0A418H1M5,0.003
A0A377ABV9,0.003
A0A7U5TH01,0.003
A0A377BDX4,0.003
A0A485JKH9,0.003
A0A2X1PEY1,0.003
A0A2P9E2Z2,0.003
A0A5N8HC73,0.003
A0A3L0VZU8,0.003
A0A3L0VSD7,0.003
A0A6C9QIW1,0.003
A0A377F7W0,0.003
A0A7A6S850,0.003
A0A2R4AAY7,0.003
A0A6L7CNG6,0.003
A0A0H2Z197,0.003
A0A826TS65,0.003
A0A2X3JMH8,0.003
A0A3S7R4U4,0.003
A0A376LJM7,0.003
A0A2W8GLV2,0.003
A0A4Q8IJ50,0.003
A0A192CFM5,0.003
A0A484YXH8,0.003
A0A4Q9C671,0.003
A0A376VP13,0.003
A0A418H9U1,0.003
A0A376P881,0.003
A0A377BHZ4,0.003
A0A6N8NAQ0,0.003
A0A1X3J0R3,0.003
A0A3Q0MV57,0.003
A0A2W8EEU7,0.003
A0A2X1L4T5,0.003
A0A377AB85,0.003
A0A418GN66,0.003
A0A2X1IY10,0.003
A0A192CAY1,0.003
A0A376YFE1,0.003
A0A828U6K1,0.003
A0A1X3IT67,0.003
A0A377DP82,0.003
A0A6N8NRN1,0.003
A0A376TM33,0.003
A0A6L7CD28,0.003
A0A0H2Z270,0.003
A0A6N8NRP1,0.003
A0A376U5I9,0.003
A0A7H9RR79,0.003
A0A6D0IQK2,0.003
A0A649Z507,0.003
A0A376WRN8,0.003
A0A377DP14,0.003
A0A376KIV2,0.003
A0A376P6P9,0.003
A0A2X3M4N6,0.003
A0A765XAE9,0.003
A0A376K4R9,0.003
A0A6G4C5Z9,0.003
A0A6G4JYH0,0.003
A0A0A8KM75,0.003
A0A447XE79,0.003
A0A3P1Y5R8,0.003
A0A418H967,0.003
A0A376X1F5,0.003
A0A089VFP6,0.003
A0A376TCM9,0.003
A0A7H9LZC3,0.003
A0A0P7MLL6,0.003
A0A376L6L3,0.003
A0A376RMH3,0.003
A0A376THC0,0.003
A0A061LHM4,0.003
A0A376YCQ5,0.003
A0A7A6VS86,0.003
A0A377DII2,0.003
A0A7U5THH5,0.003
A0A1X3HXG9,0.003
A0A377K434,0.003
A0A3L9J4Q8,0.003
A0A1X3I3J7,0.003
A0A2X1KUB8,0.003
A0A376LQG1,0.003
A0A377KBA9,0.003
A0A376W4L0,0.003
A0A192CP17,0.003
A0A3L0W2W7,0.003
A0A2X3M5G0,0.003
A0A3S4NP30,0.003
A0A376UI58,0.003
A0A2I1LP54,0.003
A0A7L5P9K1,0.003
A0A6D0D9G4,0.003
A0A376RBS4,0.003
A0A6D0F195,0.003
A0A2X1N924,0.003
A0A377DKB1,0.003
A0A3G1GHG2,0.003
A0A376VTW6,0.003
A0A5P1MSY4,0.003
A0A377BXT8,0.003
A0A0P7L0U1,0.003
A0A6L7CJD2,0.003
A0A376RQS9,0.003
A0A377HGL9,0.003
A0A0K3X993,0.003
A0A376VU96,0.003
A0A1X9TE27,0.003
A0A6N6WU39,0.003
A0A7U9AUK0,0.003
A0A2G8ZMR5,0.003
A0A0M5X0K6,0.003
A0A797M841,0.003
A0A0L7AFX2,0.003
A0A3L0W3J5,0.003
A0A377BW09,0.003
A0A7U9NY42,0.003
A0A5C9ASX6,0.003
A0A377LCY1,0.003
A0A775TM77,0.003
A0A7A6Y565,0.003
A0A854K0J9,0.003
A0A779QI97,0.003
A0A3L0VZB3,0.003
A0A444RBQ0,0.003
A0A6D1ABD1,0.003
A0A085P1T8,0.003
A0A6D0I6B1,0.003
A0A2R4ABD0,0.003
A0A377A330,0.003
A0A069FLF3,0.003
A0A2W6PHR0,0.003
A0A2X1JIX8,0.003
A0A376JYR4,0.003
A0A7H9M160,0.003
A0A3L9G7Z1,0.003
A0A0H3PS61,0.003
A0A3P1XL52,0.003
A0A376X6K7,0.003
A0A3P1XNA4,0.003
A0A6G4C721,0.003
A0A376MNX7,0.003
A0A6D2F6M4,0.003
A0A7G3NNS9,0.003
A0A376RLV6,0.003
A0A2X3JBD2,0.003
A0A660HE77,0.003
A0A376LQA8,0.003
A0A0S3PN21,0.003
A0A6N8NUL0,0.003
A0A377D0X8,0.003
A0A797I3H1,0.003
A0A485JML7,0.003
A0A7U5TRC0,0.003
A0A0D3RLU0,0.003
A0A6D0I281,0.003
A0A2W6PJ16,0.003
A0A4C3BC42,0.003
A0A376RQQ8,0.003
A0A3L0W2D1,0.003
A0A418GYH8,0.003
A0A0J2DWW3,0.003
A0A7U9AP37,0.003
A0A377F6S5,0.003
A0A376UEK0,0.003
A0A6D0IHD4,0.003
A0A3S9LSW2,0.003
A0A6D0IPF4,0.003
A0A4S1TYW4,0.003
A0A376VUK5,0.003
A0A6G4KDK7,0.003
A0A383GU72,0.003
A0A6N6WV72,0.003
A0A2X1LNX6,0.003
A0A2A2CFJ5,0.003
A0A6D0IAL7,0.003
A0A454AB87,0.003
A0A376P405,0.003
A0A6L7D1C3,0.003
A0A376VD57,0.003
A0A418GBM9,0.003
A0A291L4R5,0.003
A0A447XB25,0.003
A0A7A6YPE9,0.003
A0A376P225,0.003
A0A6C8SRW7,0.003
A0A2Z5VJI5,0.003
A0A377LCV7,0.003
A0A2X1NDA2,0.003
A0A376NWZ9,0.003
A0A376VTM0,0.003
A0A5D8MLT1,0.003
A0A0E1T366,0.003
A0A377F868,0.003
A0A376U2I3,0.003
A0A6D0XUF0,0.003
A0A377JZ49,0.003
A0A2X1K889,0.003
A0A418GAS6,0.003
A0A376YBW5,0.003
A0A0H3PNM4,0.003
A0A2X3JSG1,0.003
A0A376MJ27,0.003
A0A0M5X0N6,0.003
A0A376RCY0,0.003
A0A6D0HTF0,0.003
A0A6N8R7V8,0.003
A0A6D1AD15,0.003
A0A7B2NW77,0.003
A0A6D0IJQ8,0.003
A0A376RAJ5,0.003
A0A418H9P0,0.003
A0A0H3PSP7,0.003
A0A2X3K123,0.003
A0A2X1LH08,0.003
A0A0D8VW04,0.003
A0A6D0IJX3,0.003
A0A418GBB0,0.003
A0A7A4NDK0,0.003
A0A6N8NNT8,0.003
A0A478KJA5,0.003
A0A377JXN2,0.003
A0A377BSN0,0.003
A0A7D3P6Y9,0.003
A0A376WCR2,0.003
A0A377APB2,0.003
A0A085NW52,0.003
A0A377CG92,0.003
A0A0L1BNK3,0.003
A0A376RCF9,0.002
A0A2I6T7Q6,0.002
A0A0H2V4M1,0.002
A0A376TJ01,0.002
A0A376L979,0.002
A0A376U1B8,0.002
A0A377K6W3,0.002
A0A376L9L0,0.002
A0A418H9V6,0.002
A0A376UBF3,0.002
A0A2H4TYY0,0.002
A0A376KWH6,0.002
A0A0H0G897,0.002
A0A837AJB7,0.002
A0A0K4UJG4,0.002
A0A376KKT4,0.002
A0A2P9E341,0.002
A0A376NWP7,0.002
A0A1L7AV61,0.002
A0A1X3HWR2,0.002
A0A3L9GB38,0.002
A0A3L1B5V4,0.002
A0A376YAP2,0.002
A0A7U9ASB6,0.002
A0A6N8NNH3,0.002
A0A376VPQ0,0.002
A0A3Z6GDJ0,0.002
A0A6N8NGQ1,0.002
A0A0S3LTE4,0.002
A0A085P3D5,0.002
A0A6D1B2X9,0.002
A0A376U6R7,0.002
A0A7G2KG95,0.002
A0A376RHG9,0.002
A0A826X1L6,0.002
A0A4T3L3Y5,0.002
A0A377E7F6,0.002
A0A346GS70,0.002
A0A243V6Q2,0.002
A0A377F4S8,0.002
A0A7G2KHV9,0.002
A0A418H3F4,0.002
A0A2P9EG67,0.002
A0A376MUI8,0.002
A0A826X893,0.002
A0A1X9TP34,0.002
A0A828P0L0,0.002
A0A418H694,0.002
A0A376TWF5,0.002
A0A6L7CJ18,0.002
A0A7D7DHE0,0.002
A0A6D0IMV5,0.002
A0A376KZA6,0.002
A0A075MAG0,0.002
A0A244B9Q8,0.002
A0A377K1B7,0.002
A0A2Z2JFT5,0.002
A0A0A5PPB1,0.002
A0A776PN04,0.002
A0A2X1IWQ0,0.002
A0A377D151,0.002
A0A376W950,0.002
A0A6N8R211,0.002
A0A191T941,0.002
A0A0C2EDB6,0.002
A0A244BVG6,0.002
A0A024L3J4,0.002
A0A3U0PKT5,0.002
A0A7U5THF4,0.002
A0A2X3K869,0.002
A3QNV8,0.002
A0A377CUS7,0.002
A0A6G9I4E2,0.002
A0A376P3Z9,0.002
A0A376D1M1,0.002
A0A6D0IIH5,0.002
A0A6D0IHJ1,0.002
A0A0E0Y7I1,0.002
A0A376L1D5,0.002
A0A7U1HSK3,0.002
A0A2W6PCX4,0.002
A0A377CUL8,0.002
A0A2X1IXV8,0.002
A0A811AS47,0.002
A0A7G4ID29,0.002
A0A793MP41,0.002
A0A7H9NIK2,0.002
A0A377B8I3,0.002
A0A447Y1J9,0.002
A0A6C7H6D4,0.002
A0A376NWS0,0.002
A0A444QZN7,0.002
A0A1V2FXM4,0.002
A0A376KIY9,0.002
A0A377K121,0.002
A0A376W0U8,0.002
A0A377B197,0.002
A0A5B9AGZ0,0.002
A0A4T4PJP2,0.002
A3QNU9,0.002
A0A376S991,0.002
A0A0P7LKV2,0.002
A0A6L9DB50,0.002
A0A377DXJ6,0.002
A0A5C9ACG8,0.002
A0A0X5FLK9,0.002
A0A5N8H5M1,0.002
A0A376UC67,0.002
A0A6D0IK83,0.002
A0A6G4P7J8,0.002
A0A777TLD4,0.002
A0A5B9T2X6,0.002
A0A426EKX6,0.002
A0A376P6W0,0.002
A0A418H9Z5,0.002
A0A0H2Z1I1,0.002
A0A0H3EQB2,0.002
A0A2K4PA42,0.002
A0A484X2X7,0.002
A0A376S974,0.002
A0A377DZZ1,0.002
A0A376UFU7,0.002
A0A376JY19,0.002
A0A069CIJ8,0.002
A0A376U1E7,0.002
A0A890DF48,0.002
A0A376KJ85,0.002
A0A376LPP5,0.002
A0A6L7A7Q2,0.002
A0A5C9AR15,0.002
A0A2T3TJE8,0.002
A0A376RP71,0.002
A0A066T8Z3,0.002
A0A0G9FST2,0.002
A0A376MS26,0.002
A0A2X1P0L1,0.002
A0A377CDT1,0.002
A0A377CIW3,0.002
A0A6N9S8U8,0.002
A0A853K663,0.002
A0A6D1AET0,0.002
A0A234XY30,0.002
A0A376MPN6,0.002
A0A376TP14,0.002
A0A854JVX0,0.002
A0A6G1XPY7,0.002
A0A377DXP2,0.002
A0A2H5C9P2,0.002
A0A2X1QCY4,0.002
A0A2S1PN31,0.002
A0A3L0W3X6,0.002
A0A376LEQ3,0.002
A0A1X3JFH8,0.002
A0A6D0XPL2,0.002
A0A3U0PKN5,0.002
A0A2X1MAN3,0.002
A0A2X1KQ38,0.002
A0A376X7D7,0.002
A0A4D6PI29,0.002
A0A2X1IMD4,0.002
A0A376KSC7,0.002
A0A377CWT1,0.002
A0A2W6Q5I1,0.002
A0A418GPV8,0.002
A0A377DGB9,0.002
A0A376LH67,0.002
A0A3L0X5M9,0.002
A0A6G4CJJ1,0.002
A0A6N8RBG2,0.002
A0A0H3PHT1,0.002
A0A3Z6GED9,0.002
A0A2R4PEV9,0.002
A0A3L0W4X8,0.002
A0A376UF75,0.002
A0A376DBD0,0.002
A0A783R717,0.002
A0A376S8R0,0.002
A0A376VHU3,0.002
A0A0E1T0W3,0.002
A0A3S4NT85,0.002
A0A6L7CVW9,0.002
A0A6N8NLI6,0.002
A0A447XXB1,0.002
A0A7U6GBV2,0.002
A8HSE7,0.002
A0A377LK58,0.002
A0A0H3JEH6,0.002
A0A2R4PEI9,0.002
A0A1X3HXS1,0.002
A0A5C9ABY2,0.002
A0A3P5DMB8,0.002
A0A066R9I4,0.002
A0A1X3I4F1,0.002
A0A811ARQ3,0.002
A0A066RHD9,0.002
A0A6D1AIP4,0.002
A0A1Q6ANC3,0.002
A0A418HAL1,0.002
A0A444R2I0,0.002
A0A2X1NDH5,0.002
A0A0A0H3F8,0.002
A0A377HHB0,0.002
A0A0H2XLR8,0.002
A0A3L0VW88,0.002
A0A2W7V947,0.002
A0A377D258,0.002
A0A1E5M4J2,0.002
A0A6N9SIX3,0.002
A0A376W0J0,0.002
A0A6D1A6I4,0.002
A0A376JV90,0.002
A0A5C9ADB5,0.002
A0A377HDV9,0.002
A0A828GVT7,0.002
A0A4C4ZMN6,0.002
A0A6G9HHY8,0.002
A0A376PB99,0.002
A0A376U3L8,0.002
A0A1U9XFX4,0.002
A0A484X490,0.002
A0A2X3K808,0.002
A0A3P1WWT5,0.002
A0A485JKR4,0.002
A0A6L7CSE3,0.002
A0A2X1J7V3,0.002
A0A2R4AJ27,0.002
A0A2X3JZ12,0.002
A0A1X3J0L0,0.002
A0A6M1D8I3,0.002
A0A4P8C9N9,0.002
A0A6D0D7I0,0.002
A0A3P1XHC9,0.002
A0A376VX60,0.002
A0A376WTC7,0.002
A0A376Y748,0.002
A0A2X1MCR1,0.002
A0A377D858,0.002
A0A0H3EIJ7,0.002
A0A377DJ83,0.002
A0A377KBV6,0.002
A0A484YEQ1,0.002
A0A192C7E8,0.002
A0A444QZC8,0.002
A0A854C251,0.002
A0A418H5C1,0.002
A0A7G2KFG9,0.002
A0A765TFM2,0.002
A0A376S9Z6,0.002
A0A377CC23,0.002
A0A376U2Z6,0.002
A0A376VQD8,0.002
A0A0E0SRG7,0.002
A0A376WV72,0.002
A0A1X3HWQ7,0.002
A0A826J758,0.002
A0A0H3MGW3,0.002
A0A7H9NI27,0.002
A0A376RHI4,0.002
A0A3L9I6N2,0.002
A0A376J7S3,0.002
A0A1Q6AQ46,0.002
A0A0H3ME36,0.002
A0A376LER9,0.002
A0A1X3HYF3,0.002
A0A1L6W9J5,0.002
A0A418H929,0.002
A0A6L7CDP1,0.002
A0A0F3U162,0.002
A0A826SET3,0.002
A0A853WH98,0.002
A0A484VID1,0.002
A0A2I8SSA5,0.002
A0A376YE78,0.002
A0A0P7N810,0.002
A0A376G2A1,0.002
A0A7U9IT48,0.002
A0A765X2P5,0.002
A0A5P0JK42,0.002
A0A6D2F825,0.002
A0A024L286,0.002
A0A7D7PMM2,0.002
A0A3S7L725,0.002
A0A779QLQ9,0.002
A0A376KZQ9,0.002
A0A0B0VQW7,0.002
A0A811AS10,0.002
A0A8B3M7K1,0.002
A0A0J2B5F4,0.002
A0A345X0D7,0.002
A0A2S1PN77,0.002
A0A6N6WNN7,0.002
A0A3L9I478,0.002
A0A377CDR9,0.002
A0A0Q3ACR9,0.002
A0A6C9EFR9,0.002
A0A2A2C489,0.002
A0A377E6W5,0.002
A0A853W5A6,0.002
A0A826JAI6,0.002
A0A376LLT7,0.002
A0A061KZZ0,0.002
A0A376VDK1,0.002
A0A3S4K9R1,0.002
A0A1Q6AWA1,0.002
A0A0L1BMK8,0.002
A0A6N6WQU0,0.002
A0A085NW97,0.002
A0A376U805,0.002
A0A377AWW3,0.002
A0A1L3,0.002
A0A3L0W5E4,0.002
A0A444QZY4,0.002
A0A0L7AIU3,0.002
A0A454FEE5,0.002
A0A484WSV9,0.002
A0A2S1YDS1,0.002
A0A376W6F7,0.002
A0A6N6WRV8,0.002
A0A377C8L0,0.002
A0A484WSM7,0.002
A0A0E0XZ86,0.002
A0A377CYL9,0.002
A0A5C9AE31,0.002
A0A485JKS7,0.002
A0A2X1J049,0.002
A0A376RE82,0.002
A0A1X0YXN9,0.002
A0A376THS7,0.002
A0A2X1Q3P6,0.002
A0A377E0N4,0.002
A0A2W6NWM1,0.002
A0A376L7F0,0.002
A0A418H9Q1,0.002
A0A6N9SLP9,0.002
A0A376W2G8,0.002
A0A377CB54,0.002
A0A377B7A9,0.002
A0A2X1K7A1,0.002
A0A3U0PIX4,0.002
A0A0H3Q1V4,0.002
A0A377BX94,0.002
A0A0P7LHJ3,0.002
A0A1X3HYF7,0.002
A0A6C9EE23,0.002
A0A376UBQ2,0.002
A0A0E0Y2E8,0.002
A0A377DWB8,0.002
A0A377B4W5,0.002
A0A484X9L3,0.002
A0A376ZX77,0.002
A0A828UCH8,0.002
A0A484VYM3,0.002
A0A1V2GGD8,0.002
A0A5C9AG36,0.002
A0A828P6N9,0.002
A0A6N8NLR8,0.002
A0A271QYZ0,0.002
A0A376W7Z8,0.002
A0A0H4TDC0,0.002
A0A135PL40,0.002
A0A192CBH3,0.002
A0A6D1ADG6,0.002
A0A7U9QA66,0.002
A0A2S8JL99,0.002
A0A7A2XW90,0.002
A0A7H9LNW2,0.002
A0A6N6WNH8,0.002
A0A377BII6,0.002
A0A3L0VTJ5,0.002
A0A6L7A826,0.002
A0A3L0W3L0,0.002
A0A0H2V5V2,0.002
A0A376MLU7,0.002
A0A377E8P1,0.002
A0A6D1PBW6,0.002
A0A2S1YCT2,0.002
A0A1B1IL91,0.002
A0A2X1NED4,0.002
A0A191T8Y6,0.002
A0A376KZ62,0.002
A0A418GB56,0.002
A0A776QTD0,0.002
A0A484Y894,0.002
A0A377D0K3,0.002
A0A0E1T6C7,0.002
A0A2X3K5M2,0.002
A0A829L1Q4,0.002
A0A827EAN4,0.002
A0A377E1H5,0.002
A0A775UDK4,0.002
A0A3L0VZE0,0.002
A0A377DFX6,0.002
A0A2I6JME9,0.002
A0A899NC01,0.002
A0A377AV73,0.002
A0A418HAL6,0.002
A0A377K1L0,0.002
A0A2X1NCF0,0.002
A0A3P1XGJ1,0.002
A0A2X1K654,0.002
A0A377LM19,0.002
A0A403D7J9,0.002
A0A376HTJ3,0.002
A0A2X1P4A4,0.002
A0A2X1J0Z6,0.002
A0A485JMP7,0.002
A0A826Y2P1,0.002
A0A7U1E2E1,0.002
A0A3K2EL72,0.002
A0A377AJ22,0.002
A0A193LS92,0.002
A0A376ZYI5,0.002
A0A3T4IHM4,0.002
A0A377DG40,0.002
A0A0Y9PR26,0.002
A0A376DH71,0.002
A0A2X1NDE1,0.002
A0A444R038,0.002
A0A376RHT6,0.002
A0A376PNG1,0.002
A0A6D0IMQ4,0.002
A0A3S4K3Z0,0.002
A0A376TND1,0.002
A0A0B1KIY5,0.002
A0A0D8W2C5,0.002
A0A3R1BI22,0.002
A0A376U1F6,0.002
A0A377DDE7,0.002
A0A418HA31,0.002
A0A376NX35,0.002
A0A192C979,0.002
A0A2X3JXH1,0.002
A0A0E1T862,0.002
A0A229AHG4,0.002
A0A3W4K513,0.002
A0A291R924,0.002
A0A2X1KR78,0.002
A0A024L1F5,0.002
A0A6D0IKX0,0.002
A0A376S6T3,0.002
A0A377B5G3,0.002
A0A3P5HE66,0.002
A0A0E0XUS6,0.002
A0A1S0WJ59,0.002
A0A485JIM1,0.002
A0A485J8R0,0.002
A0A2X1MUM2,0.002
A0A7I6H6V3,0.002
A0A854JWS5,0.002
A0A6L9ACP5,0.002
A0A376PWY9,0.002
A0A377CAW1,0.002
A0A376TPG8,0.002
A0A6G4C7I9,0.002
A0A376TZ82,0.002
A0A377AXA6,0.002
A0A290FYT8,0.002
A0A6N8QBP1,0.002
A0A376ZXA4,0.002
A0A376KIM7,0.002
A0A484Z1B1,0.002
A0A376RDG8,0.002
A0A484X9M1,0.002
A0A5C9A8F5,0.002
A0A377B940,0.002
A0A3S4K0A0,0.002
A0A6D0F3H7,0.002
A0A1W1EMG9,0.002
A0A1U9XFS2,0.002
A0A5N8HE34,0.002
A0A376RAX9,0.002
A0A3L0VZI7,0.002
A0A376ZP06,0.002
A0A377F531,0.002
A0A2X1LP35,0.002
A0A376PWM6,0.002
A0A192CHC9,0.002
A0A6N6WTH7,0.002
A0A2G8ZRE7,0.002
A0A376S7Y9,0.002
A0A0F6QBZ4,0.002
A0A2J0QCF9,0.002
A0A5N8HJL6,0.002
A0A377AAK5,0.002
A0A377BQJ3,0.002
A0A2X3KN45,0.002
A0A376U9F0,0.002
A0A376LFM5,0.002
A0A828GH72,0.002
A0A6D0IL56,0.002
A0A376RL53,0.002
A0A3L0W6E6,0.002
A0A376LHQ7,0.002
A0A6L7A6N7,0.002
A0A376RPQ0,0.002
A0A376TFR9,0.002
A0A6D0XQA3,0.002
A0A3L0VS53,0.002
A0A418GHF4,0.002
A0A6N8QBK8,0.002
A0A0L7AIB1,0.002
A0A0P7MT58,0.002
A0A3Z8P7K7,0.002
A0A376KLJ6,0.002
A0A142EBK4,0.002
A0A3G4RT59,0.002
A0A377LE68,0.002
A0A6G6ANS5,0.002
A0A376WT68,0.002
A0A2W6P7S5,0.002
A0A5C8XSQ6,0.002
A0A0K5XQV8,0.002
A0A3Q0MZ98,0.002
A0A3L5H8B9,0.002
A0A1I9X8Z1,0.002
A0A6L6ZVD6,0.002
A0A2X1PI69,0.002
A0A142GWX8,0.002
A0A2K0ARC2,0.002
A0A765T777,0.002
A0A7H9LU94,0.002
A0A3Y4Y8E2,0.002
A0A1Q6AS63,0.002
A0A6C9EIR0,0.002
A0A377KC48,0.002
A0A7I8Z0M9,0.002
A0A376MML9,0.002
A0A377AEH5,0.002
A0EVL1,0.002
A0A0D8W519,0.002
A0A3S4P8Q6,0.002
A0A3T9KP60,0.002
A0A444R0B8,0.002
A0A3R0VTM0,0.002
A0A3L0W4B6,0.002
A0A061L1W9,0.002
A0A377CBK0,0.002
A0A376W2W2,0.002
A0A377K878,0.002
A0A376KVT2,0.002
A0A376KNV1,0.002
A0A376RQZ7,0.002
A0A0C5PL10,0.002
A0A377HFV3,0.002
A0A829L892,0.002
A0A2X3JRL7,0.002
A0A2X3JSY1,0.002
A0A0N8ITQ2,0.002
A0A376KX25,0.002
A0A2X1N990,0.002
A0A1X3I289,0.002
A0A376MMV0,0.002
A0A7U9FTN7,0.002
A0A376RGM6,0.002
A0A7I8Z5N6,0.002
A0A377E5E1,0.002
A0A376ZM73,0.002
A0A377F773,0.002
A0A0H3PTX7,0.002
A0A5C9AAC5,0.002
A0A1X3I7L7,0.002
A0A2X3JKK2,0.002
A0A3T7Z7H0,0.002
A0A2X1N1E8,0.002
A0A376LQI5,0.002
A0A377A4F9,0.002
A0A2X3JS79,0.002
A0A8B3LYX1,0.002
A0A376YCF7,0.002
A0A376W125,0.002
A0A6C9QBW6,0.002
A0A1Q6AS70,0.002
A0A377DN54,0.002
A0A377D3E2,0.002
A0A1X3J506,0.002
A0A3R0MXG3,0.002
A0A2X3KCX4,0.002
A0A3Z6GEA5,0.002
A0A5N8H9A1,0.002
A0A2R4PGI8,0.002
A0A376KSN4,0.002
A0A3S4MKY6,0.002
A0A2X1Q7Q2,0.002
A0A2X1LC89,0.002
A0A6L7CQ29,0.002
A0A484X1N8,0.002
A0A376LQ05,0.002
A0A377D9B6,0.002
A0A376W8W3,0.002
A0A376W5X0,0.002
A7ZRG5,0.002
A0A484X4P9,0.002
A0A2W6QXF6,0.002
A0A7B5SU74,0.002
A0A377F8P5,0.002
A0A4U9UHW7,0.002
A0A0H3PRI0,0.002
A0A376VX62,0.002
A0A377D319,0.002
A0A7G3NPA6,0.002
A0A0H2VC52,0.002
A0A6M9X1V7,0.002
A0A6L6IAJ1,0.002
A0A0A1A2W5,0.002
A0A376RPD9,0.002
A0A377K7N3,0.002
A0A828U3T7,0.002
A0A3G4RXI1,0.002
A0A6C9EFH2,0.002
A0A377AY35,0.002
A0A376LEN1,0.002
A0A6G9HI48,0.002
A0A0L7AIU7,0.002
A0A7U9AXA9,0.002
A0A827Y6T2,0.002
A0A3L0VVI2,0.002
A0A418H9M2,0.002
A0A1W6ARZ8,0.002
A0A4T8IHW1,0.002
A0A061YBW3,0.002
A0A376RL24,0.002
A0A0H2VAC2,0.002
A0A2U2TTM2,0.002
A0A6N8QHL4,0.002
A0A0L1BL86,0.002
A0A2X1PEX2,0.002
A0A0Q3AUK3,0.002
A0A2X1NCD4,0.002
A0A3P5HDP1,0.002
A0A447XVB1,0.002
A0A376M1Q3,0.002
A0A2X1KST3,0.002
A0A5C9ARH8,0.002
A0A152UKL0,0.002
A0A5N8H553,0.002
A0A376VFQ2,0.002
A0A377C0I0,0.002
A0A3P5DU34,0.002
A0A5P0JI40,0.002
A0A376U1I5,0.002
A0A5C9AKW0,0.002
A0A5C9ADZ7,0.002
A0A0V9R6J5,0.002
A0A377BX81,0.002
A0A376RML4,0.002
A0A376KWD8,0.002
A0A6L6ZQJ6,0.002
A0A376KKX3,0.002
A0A0F7Q0K8,0.002
A0A6D0IMI9,0.002
A0A376TW68,0.002
A0A376KN66,0.002
A0A0E0XW15,0.002
A0A5P0J9Y6,0.002
A0A828GKE9,0.002
A0A377CZY2,0.002
A0A377E1G4,0.002
A0A5P0JJQ8,0.002
A0A5C9ABL6,0.002
A0A6D1A8H3,0.002
A0A377K358,0.002
A0A2W6PHJ1,0.002
A0A377CKJ7,0.002
A0A3G4RT64,0.002
A0A377D4U3,0.002
A0A826PDJ7,0.002
A0A376VR51,0.002
A0A376VMJ7,0.002
A0A3L0YG90,0.002
A0A376WW05,0.002
A0A136X201,0.002
A0A376VQS1,0.002
A0A377BQE0,0.002
A0A0M5X0H1,0.002
A0A0Q3D5S7,0.002
A0A376UFB4,0.002
A0A418GMP3,0.002
A0A3L5H541,0.002
A0A377B6U6,0.002
A0A376L0Q2,0.002
A0A3P1XE90,0.002
A0A162MKZ5,0.002
A0A6G4PJP2,0.002
A0A3L9G049,0.002
A0A0H2V9H9,0.002
A0A376D3M1,0.002
A0A0N9DZJ6,0.002
A0A2X7NU82,0.002
A0A0H2V6J6,0.002
A0A376CQU5,0.002
A0A377CFB1,0.002
A0A376KWB8,0.002
A0A2P9EIX4,0.002
A0A376WXI2,0.002
A0A376LLE2,0.002
A0A061YE19,0.002
A0A377AVF3,0.002
A0A2X1IYG3,0.002
A0A5B9AL02,0.002
A0A2K3TJX1,0.002
A0A6N8QNG5,0.002
A0A2X2ZPY7,0.002
A0A2X1QCM8,0.002
A0A377BAZ6,0.002
A0A418H4M0,0.002
A0A2S8I0L2,0.002
A0A2P9EFY4,0.002
A0A6C9QAJ4,0.002
A0A376VU14,0.002
A0A5N8H4Y9,0.002
A0A2X1NED5,0.002
A0A376J2G4,0.002
A0A4D1U3A8,0.002
A0A829KRF2,0.002
A0A3Z6GAT9,0.002
A0A376P485,0.002
A0A828G9A1,0.002
A0A066SMX0,0.002
A0A3L0VSM6,0.002
A0A376HG11,0.002
A0A0H3EN92,0.002
A0A0P7P2E5,0.002
A0A1E5M4Z8,0.002
A0A6L6ZYE8,0.002
A0A3P1XAR8,0.002
A0A6C9QI58,0.002
A0A1C1YHP3,0.002
A0A376RKR5,0.002
A0A376KX58,0.002
A0A444RDM4,0.002
A0A377K017,0.002
A0A6D0ILM6,0.002
A0A484Y2I5,0.002
A0A376L6G1,0.002
A0A5C8XTV1,0.002
A0A444QZH5,0.002
A0A377HHD4,0.002
A0A6C9JB89,0.002
A0A2Y8KP08,0.002
A0A376WRM6,0.002
A0A6L6I053,0.002
A0A3P1XFA2,0.002
A0A376J4X8,0.002
A0A6N9S453,0.001
A0A3L0W607,0.001
A0A2I8SLM5,0.001
A0A7A6ZM70,0.001
A0A376KST9,0.001
A0A3L0VVS0,0.001
A0A776QTJ7,0.001
A0A0D8WAY5,0.001
A0A1D8ELJ8,0.001
A0A3P1XMA3,0.001
A0A193LM86,0.001
A0A343J0E0,0.001
A0A377F8Y1,0.001
A0A0D8W9R6,0.001
A0A827XGW3,0.001
A0A376SD66,0.001
A0A376VX79,0.001
A0A193LRM0,0.001
A0A826X787,0.001
A0A376J6N2,0.001
A0A1X3I752,0.001
A0A377DEW3,0.001
A0A3L0W3R7,0.001
A0A765T4S4,0.001
A0A376VI31,0.001
A0A376VR69,0.001
A0A7U9AQ01,0.001
A0A6D1AI18,0.001
A0A418H985,0.001
A0A7A6VWT6,0.001
A0A828PPK8,0.001
A0A377DMZ0,0.001
A0A1V2GCE9,0.001
A0A5C9AFM6,0.001
A0A899NE23,0.001
A0A6D0F4A3,0.001
A0A5F1Q4M0,0.001
A0A376TUS6,0.001
A0A377DWE4,0.001
A0A377DYK0,0.001
A0A377F595,0.001
A0A0J8Y573,0.001
A0A136R4A2,0.001
A0A828PWD3,0.001
A0A376P7E2,0.001
A0A2X1KSQ4,0.001
A0A838AN68,0.001
A0A2X1PU22,0.001
A0A377AZ44,0.001
A0A1I7P2T2,0.001
A0A377BG75,0.001
A0A376CXC1,0.001
A0A066SWT0,0.001
A0A376U1P1,0.001
A0A376P3K3,0.001
A0A2X1JXN1,0.001
A0A4Q0E325,0.001
A0A376YG03,0.001
A0A3U5KPV2,0.001
A0A5C9A8I5,0.001
A0A1C7CQQ6,0.001
A0A0L1C846,0.001
A0A0H2Z238,0.001
A0A377CJI6,0.001
A0A2X3LY14,0.001
A0A0F3WB89,0.001
A0A3L0VZ67,0.001
A0A376ZYT4,0.001
A0A5P0JHW0,0.001
A0A3T9KVV3,0.001
A0A376WUR8,0.001
A0A376W6U0,0.001
A0A2X1NS85,0.001
A0A484YW30,0.001
A0A377BPS4,0.001
A0A418H058,0.001
A0A376RR48,0.001
A0A376LDG2,0.001
A0A418GH84,0.001
A0A2X3M369,0.001
A0A484WZ80,0.001
A0A243ZXX0,0.001
A0A376PMZ6,0.001
A0A0E1T3L0,0.001
A0A0D0NAC9,0.001
A0A376J4L1,0.001
A0A376J988,0.001
A0A376P2P8,0.001
A0A6N8QMY2,0.001
A0A376W9K1,0.001
A0A0H3MRM9,0.001
A0A2W6PM00,0.001
A0A3L9HWV2,0.001
A0A376KKW6,0.001
A0A376U4I2,0.001
A0A3L2W1D2,0.001
A0A377D4Q1,0.001
A0A853JWM6,0.001
A0A377AUX8,0.001
A0A3L0VS41,0.001
A0A376WE19,0.001
A0A377HGM3,0.001
A0A484WTE4,0.001
A0A0H3EFN9,0.001
A0A376RPP6,0.001
A0A376D5Y1,0.001
A0A783RAT8,0.001
A0A3L9FRY1,0.001
A0A066SXE3,0.001
A0A3S4NPZ7,0.001
A0A2X1LNQ4,0.001
A0A376KT07,0.001
A0A376VB75,0.001
A0A0D0N0E1,0.001
A0A377AYF7,0.001
A0A3S4K7Q1,0.001
A0A6L7CMC8,0.001
A0A3L9GL78,0.001
A0A1X3J848,0.001
A0A1S0WJ52,0.001
A0A6N6WQD9,0.001
A0A2X1N1H0,0.001
A0A377AL84,0.001
A0A140NF42,0.001
A0A826SK91,0.001
A0A765T818,0.001
A0A376NZM4,0.001
A0A3U0PK50,0.001
A0A2X1KYF9,0.001
A0A345AMS7,0.001
A0A376WD57,0.001
A0A3T9KTJ7,0.001
A0A0N9MZG6,0.001
A0A2X1N3T1,0.001
A0A377F8W5,0.001
A0A376KJJ9,0.001
A0A376RQD4,0.001
A0A6D0IIF8,0.001
A0A6L9ABY9,0.001
A0A376VA36,0.001
A0A2X1MF52,0.001
A0A376K2T8,0.001
A0A2X1MRK3,0.001
A0A0H3ET88,0.001
A0A377BUS6,0.001
A0A1S7BFW2,0.001
A0A5C8XTB1,0.001
A0A376ZVA3,0.001
A0A5N3CRX3,0.001
A0A2X1LVM7,0.001
A0A376KJ26,0.001
A0A8B3M923,0.001
A0A3L5H926,0.001
A0A376YJQ0,0.001
A0A376S830,0.001
A0A376RD69,0.001
A0A6N9SIX8,0.001
A0A1Q6AN51,0.001
A0A377B7R9,0.001
A0A0H3MIW6,0.001
A0A6G4KEH9,0.001
A0A5P0JA49,0.001
A0A3A6SL41,0.001
A0A2Y0P8K6,0.001
A0A4V5UXT4,0.001
A0A376YFV2,0.001
A0A828U327,0.001
A0A811AQJ7,0.001
A0A811APE6,0.001
A0A376NT62,0.001
A0A6L6ZT38,0.001
A0A376LLB9,0.001
A0A6N6WNC3,0.001
A0A899NCS4,0.001
A0A0H3JI82,0.001
A0A2X3JNL6,0.001
A0A2X3K0S5,0.001
A0A7D6F9B6,0.001
A0A444R4M6,0.001
A0A376LJR1,0.001
A0A376WRK8,0.001
A0A376MHX3,0.001
A0A2X3K8C7,0.001
A0A794R8R2,0.001
A0A377DYZ8,0.001
A0A7H9LV17,0.001
A0A376TM82,0.001
A0A377BQC9,0.001
A0A649UQI1,0.001
A0A6L7CHG3,0.001
A0A376LLK8,0.001
A0A3Q0N3Z6,0.001
A0A2X3JJA2,0.001
A0A2W6QM05,0.001
A0A0J3VS91,0.001
A0A2X1NBJ8,0.001
A0A377ALJ9,0.001
A0A377CFB2,0.001
A0A5C8XUN3,0.001
A0A6N8NR01,0.001
A0A2X3KEL6,0.001
A0A377K6A7,0.001
A0A444R7M9,0.001
A0A484VKN4,0.001
A0A220SY46,0.001
A0A444R4E2,0.001
A0A826P6D4,0.001
A0A286N1W6,0.001
A0A376TTC3,0.001
A0A376KWX5,0.001
A0A376JYA4,0.001
A0A2X3KF81,0.001
A0A376X7C4,0.001
A0A2Y0A9V0,0.001
A0A1X3J2Y3,0.001
A0A418GKP7,0.001
A0A2X3JI14,0.001
A0A7A1X854,0.001
A0A484XA96,0.001
A0A2W6NY67,0.001
A0A6L7CND0,0.001
A0A6N6WQC2,0.001
A0A6N8NP55,0.001
A0A0H2VDS6,0.001
A0A5P0JCI2,0.001
A0A6L7CVE0,0.001
A0A377DEV6,0.001
A0A1E5M563,0.001
A0A0P7NM16,0.001
A0A376S9A1,0.001
A0A2Y8UCA3,0.001
A0A377B087,0.001
A0A377DNU4,0.001
A0A376UBT6,0.001
A0A377BGW3,0.001
A0A418GA17,0.001
A0A4C2ZV20,0.001
A0A376WYZ1,0.001
A0A377DV56,0.001
A0A0B1G4E1,0.001
A0A061K9J2,0.001
A0A829KYH5,0.001
A0A418H8B8,0.001
A0A5C9AA53,0.001
A0A376ZU37,0.001
A0A376VL56,0.001
A0A2X1KTS5,0.001
A0A2X3M1U6,0.001
A0A5N8H9B1,0.001
A0A376MJI8,0.001
A0A7U9AQ68,0.001
A0A343J163,0.001
A0A192CD33,0.001
A0A2W8GCZ0,0.001
A0A6G2B5I5,0.001
A0A447X3S2,0.001
A0A2X3M430,0.001
A0A485JH87,0.001
A0A418GJT3,0.001
A0A650EQZ9,0.001
A0A776LY24,0.001
A0A6L7FAC4,0.001
A0A376DA62,0.001
A0A7U9AW60,0.001
A0A288W2P2,0.001
A0A484X6I1,0.001
A0A793GGE6,0.001
A0A376TLM6,0.001
A0A2P9E5H6,0.001
A0A3U0PKG5,0.001
A0A418H1E6,0.001
A0A376TD50,0.001
A0A3K3VZM1,0.001
A0A377CHQ3,0.001
A0A376TPZ8,0.001
A0A377A158,0.001
A0A2X3LUV7,0.001
A0A377JZE2,0.001
A0A376KY71,0.001
A0A376LPT3,0.001
A0A5C9ANW2,0.001
A0A3L5H9M7,0.001
A0A485JI61,0.001
A0A377AQY2,0.001
A0A377B7G3,0.001
A0A376YB41,0.001
A0A377D404,0.001
A0A769RHV2,0.001
A0A2X1M0J7,0.001
A0A0A0H3Z2,0.001
A0A1V2GHL2,0.001
A0A1X3HWG9,0.001
A0A376VVI2,0.001
A0A377F6F9,0.001
A0A5B9ALW1,0.001
A0A484YGU9,0.001
A0A6L6I9V6,0.001
A0A4D6PEP0,0.001
A0A5N8HFY8,0.001
A0A3L9IBX3,0.001
A0A485J954,0.001
A0A2X3KEV9,0.001
A0A6C9EEM6,0.001
A0A376U3P8,0.001
A0A376HWX2,0.001
A0A346GSY2,0.001
A0A2X1MXX8,0.001
A0A061KYZ4,0.001
A0A376ZXF7,0.001
A0A376LEY9,0.001
A0A377E4K8,0.001
A0A376ZGS6,0.001
A0A376W1J1,0.001
A0A376TYZ4,0.001
A0A376MMD6,0.001
A0A0H3F195,0.001
A0A6C9EEB3,0.001
A0A0E2L3R2,0.001
A0A6N0ISB6,0.001
A0A376MRC1,0.001
A0A2X3JIW0,0.001
A0A2X1QCT6,0.001
A0A2X3LR20,0.001
A0A8B3M311,0.001
A0A377KGK8,0.001
A0A2P9E2Z7,0.001
A0A6L7CMV5,0.001
A0A4C2ZDC0,0.001
A0A5D7RMU9,0.001
A0A6M4PAP3,0.001
A0A6D0IJB7,0.001
A0A444QZS5,0.001
A0A2A2CD16,0.001
A0A377AZM8,0.001
A0A1M0EU79,0.001
A0A376RA49,0.001
A0A2Y0I884,0.001
A0A418H0I1,0.001
A0A377KFT3,0.001
A0A418H4X4,0.001
A0A829L206,0.001
A0A7U1E0F4,0.001
A0A376L2Z9,0.001
A0A377D3I6,0.001
A0A6N8QL14,0.001
A0A2X1NED1,0.001
A0A376J569,0.001
A0A890DDW7,0.001
A0A0B0VTR0,0.001
A0A1M2HQR2,0.001
A0A376KZQ1,0.001
A0A444R0T6,0.001
A0A376VV28,0.001
A0A3K0Q967,0.001
A0A2W6NZM5,0.001
A0A376U745,0.001
A0A0C2AJK4,0.001
A0A447XE11,0.001
A0A2X3M5U1,0.001
A0A6G4C6E9,0.001
A0A0H2YYH3,0.001
A0A376LQ29,0.001
A0A3S4K5S1,0.001
A0A827QEV3,0.001
A0A2R4ADL9,0.001
A0A061YEJ5,0.001
A0A418H6S5,0.001
A0A376CZR9,0.001
A0A5C9ABE7,0.001
A0A0C5B370,0.001
A0A377B991,0.001
A0A192C9L3,0.001
A0A3K4J6Q0,0.001
A0A6N9S8L7,0.001
A0A2S1J9R4,0.001
A0A418GM71,0.001
A0A6D0IIH0,0.001
A0A3P1WL72,0.001
A0A376TT93,0.001
A0A377K1P3,0.001
A0A6L4XRC8,0.001
A0A0P7LPC8,0.001
A0A3L1PUD9,0.001
A0A836N9I2,0.001
A0A484Y7X1,0.001
A0A7D5JQL4,0.001
A0A2X3KFT9,0.001
A0A075MDI7,0.001
A0A2X1IW36,0.001
A0A2A2CD08,0.001
A0A376W7A1,0.001
A0A0S3PN85,0.001
A0A377K184,0.001
A0A376L2T7,0.001
A0A376J1C2,0.001
A0A2W6P813,0.001
A0A376UFW6,0.001
A0A377E1D0,0.001
A0A2X3K9M6,0.001
A0A3L0VTE6,0.001
A0A7A6XH71,0.001
A0A1M3RQB6,0.001
A0A2X1NER7,0.001
A0A781MZ33,0.001
A0A418GPQ9,0.001
A0A376MNP9,0.001
A0A377E3U6,0.001
A0A4D6PHX3,0.001
A0A2X3JF19,0.001
A0A376KMI4,0.001
A0A376NU81,0.001
A0A376VRS4,0.001
A0A6G4JYI0,0.001
A0A6G4CJ44,0.001
A0A376LQ62,0.001
A0A641CVX6,0.001
A0A377LID3,0.001
A0A376SBJ2,0.001
A0A444QZM6,0.001
A0A3R0VUK2,0.001
A0A1X3I4D5,0.001
A0A0K4M9I5,0.001
A0A418H9U8,0.001
A0A2X3LU33,0.001
A0A1U9XFR6,0.001
A0A377JY11,0.001
A0A6D0YBI4,0.001
A0A827QHB8,0.001
A0A3L9GU30,0.001
A0A4T2NQP5,0.001
A0A376LFC8,0.001
A0A377DAU5,0.001
A0A376MSA5,0.001
A0A229ALW9,0.001
A0A2Z2JEE4,0.001
A0A444R2E1,0.001
A0A2W6PCL0,0.001
A0A7A6XYP6,0.001
A0A0J2AZ64,0.001
A0A5B9ATC5,0.001
A0A376KV83,0.001
A0A377BMR2,0.001
A0A3S4NNR2,0.001
A0A6D0IMG5,0.001
A0A376ZWN4,0.001
A0A3P1Y0B1,0.001
A0A376ZVM7,0.001
A0A0D8W737,0.001
A0A3S4LYL6,0.001
A0A2W6PD62,0.001
A0A5C8XT54,0.001
A0A5C9AQE5,0.001
A0A2X6DCF9,0.001
A0A7T2JM66,0.001
A0A7A6RAG0,0.001
A0A418GRT0,0.001
A0A3L0W5U9,0.001
A0A377DV34,0.001
A0A811ARJ1,0.001
A0A2A6Q0T4,0.001
A0A6L4XR13,0.001
A0A376ZYC5,0.001
A0A1V2G5I2,0.001
A0A376WA74,0.001
A0A783R5Y5,0.001
A0A0E0SRQ6,0.001
A0A3W3EA77,0.001
A0A2X1JG08,0.001
A0A3L0W1H2,0.001
A0A0H3JCQ9,0.001
A0A0E1SUN4,0.001
A0A828U9Y9,0.001
A0A2X1NYV4,0.001
A0A376UAD7,0.001
A0A830SKN4,0.001
A0A3S5DW79,0.001
A0A5C9ACD7,0.001
A0A377K6Z1,0.001
A0A3S4KSW0,0.0
A0A0C5B0R9,0.0
A0A769QT37,0.0
A0A377CTP5,0.0
A0A6M9X1Y9,0.0
A0A376VVH9,0.0
A0A0H3MSU3,0.0
A0A376K409,0.0
A0A828AHF4,0.0
A0A7A2R2Z3,0.0
A0A6M4P3P0,0.0
A0A0H2V6X9,0.0
A0A6D0ICB5,0.0
A0A376KZW2,0.0
A0A2X1LHM8,0.0
A0A3G4RTI2,0.0
A0A6N8NSB7,0.0
A0A7G9A9P9,0.0
A0A7U5TGZ5,0.0
A0A2K3TKA9,0.0
A0A6D1A627,0.0
A0A376U7D1,0.0
A0A447Y167,0.0
A0A377KBE7,0.0
A0A377DFL9,0.0
A0A2W7XF85,0.0
A0A376M2S5,0.0
A0A811ASF0,0.0
A0A376M7T7,0.0
A0A075M9F3,0.0
A0A811ASV3,0.0
A0A6G4C9A7,0.0
A0A6L7CSH8,0.0
A0A377C9K0,0.0
A0A2X3M3V6,0.0
A0A182DW20,0.0
A0A376VGT4,0.0
A0A377DLS9,0.0
A0A377K5Z9,0.0
A0A3G2CDX1,0.0
A0A5K7U6Q4,0.0
A0A1U9XH42,0.0
A0A376KXA7,0.0
A0A075MAF5,0.0
A0A829L3G0,0.0
A0A2X1KXM4,0.0
A0A2X1L319,0.0
A0A2X3K5S2,0.0
