UniProtID,scores
A0A842VDB5,0.998
A0A524L6T8,0.995
A0A842W1W0,0.995
A0A850M601,0.994
A0A497PN21,0.994
A0A524GAI1,0.993
A0A523RFI0,0.993
A0A524EQL2,0.992
A0A842R9Q1,0.992
A0A497Q898,0.991
A0A842REY1,0.991
A0A523TJK8,0.99
A0A497QJ54,0.99
A0A3L6JPV9,0.99
A0A842VUK8,0.989
A0A850LT10,0.989
A0A5C9EQW2,0.989
A0A497QR66,0.988
A0A523RYC6,0.988
A0A524G8G7,0.988
A0A5C9E764,0.988
A0A5C9E4B0,0.988
A0A524G5N0,0.988
A0A3L6JEC5,0.988
A0A7K4CTD4,0.987
A0A842VP76,0.987
A0A842VZB0,0.987
A0A5C9EJP2,0.987
A0A842TB63,0.987
A0A497PL30,0.986
A0A842TFR2,0.986
A0A842RU00,0.985
A0A843BWL4,0.985
A0A524G470,0.985
A0A135VLQ2,0.985
A0A1Q9NN49,0.985
A0A842RAF3,0.985
A0A497Q1H7,0.984
A0A5B9DEI3,0.984
A0A524DF77,0.984
A0A1Q9PF26,0.984
A0A0F8XJH6,0.984
A0A842TN09,0.984
A0A524FC32,0.983
A0A842YFE6,0.983
A0A1Q9N092,0.983
A0A7K4IB93,0.983
A0A842TC41,0.982
A0A497R1L1,0.982
A0A842VJF4,0.982
A0A842TC04,0.982
A0A842TSL2,0.982
A0A135VCJ3,0.982
A0A3L6J8I6,0.982
A0A849QE70,0.981
A0A0F8VKS2,0.981
A0A1Q9MU73,0.981
A0A524DGJ0,0.981
A0A524EJS4,0.981
A0A2U3CIP6,0.98
A0A2U3CIM6,0.98
A0A523RZJ2,0.98
A0A7K4IA09,0.98
A0A5C9DWI7,0.98
A0A842RE64,0.98
A0A5C9EWW3,0.98
A0A524LIC3,0.98
A0A5C9DX06,0.98
A0A497PXB2,0.979
A0A0F8VMT1,0.979
A0A497Q647,0.979
A0A5C9E9K1,0.979
A0A5C9E9T7,0.979
A0A524EWI7,0.978
A0A7K4D076,0.978
A0A842THH1,0.978
A0A497QJ19,0.978
A0A524NU64,0.978
A0A1Q9PD78,0.978
A0A524EXT3,0.978
A0A1Q9MWW7,0.978
A0A524F4N0,0.978
A0A0F8XJ66,0.977
A0A850LWP6,0.977
A0A135VCE7,0.977
A0A524CZ59,0.977
A0A532TDI6,0.977
A0A842RZY4,0.977
A0A850MUA0,0.977
A0A7K4H6G5,0.976
A0A5C9DYC5,0.976
A0A0F8XVG6,0.976
A0A523XNV0,0.976
A0A842QH77,0.976
A0A532T6L6,0.975
A0A1Q9MTS5,0.975
A0A1Q9N4P1,0.975
A0A5C9F3I5,0.975
A0A497QI08,0.974
A0A842W047,0.973
A0A842TLW8,0.973
A0A524EE41,0.973
A0A497QEF9,0.973
A0A7K4D013,0.973
A0A524DBC7,0.973
A0A532TWM0,0.972
A0A523X4S5,0.972
A0A0F8VQ94,0.972
A0A843BU55,0.972
A0A842TMM8,0.972
A0A842U499,0.972
A0A1Q9PF66,0.971
A0A524G1B5,0.971
A0A842WTD3,0.971
A0A3L6J6K7,0.971
A0A524CTF3,0.971
A0A523RN67,0.97
A0A1Q9PBC4,0.97
A0A497QCN3,0.97
A0A524EVE9,0.97
A0A5B9DFP2,0.969
A0A524FEK4,0.969
A0A524FVH9,0.969
A0A497QWJ1,0.969
A0A523RR40,0.969
A0A497Q953,0.969
A0A524CW91,0.969
A0A842W1U8,0.968
A0A7K4CSC8,0.968
A0A842WW65,0.967
A0A1Q9N3L7,0.967
A0A842W3S1,0.967
A0A842Q8V9,0.967
A0A1Q9P8Z2,0.967
A0A1Q9P1Q9,0.967
A0A7C0YBS8,0.967
A0A1Q9NWP5,0.967
A0A524EYS0,0.967
A0A842VXL6,0.967
A0A497PKC8,0.967
A0A842RI37,0.966
A0A135VX63,0.966
A0A7K4IHN6,0.966
A0A497QUF0,0.966
A0A524CNT8,0.966
A0A849QCB6,0.966
A0A524D662,0.966
A0A842S169,0.965
A0A843BS38,0.965
A0A842T9I6,0.965
A0A7K4GWG3,0.965
A0A1Q9MT37,0.965
A0A2U3CGG4,0.964
A0A842TFB1,0.964
A0A0F8VC33,0.964
A0A842TA96,0.963
A0A524E5H9,0.963
A0A524DU62,0.963
A0A524G8P5,0.963
A0A842QFZ6,0.962
A0A524C8S2,0.962
A0A850M8F5,0.962
A0A524CRH7,0.962
A0A1Q9P723,0.962
A0A497QWL1,0.962
A0A7K4CRA2,0.962
A0A5C9EFJ5,0.962
A0A523TKE6,0.962
A0A1Q9N1T2,0.961
A0A842QAU2,0.961
A0A842SEZ6,0.961
A0A497PJI0,0.961
A0A5C9E8M0,0.961
A0A497QGY2,0.96
A0A135VB07,0.96
A0A524EJH5,0.96
A0A523S573,0.96
A0A842QIJ3,0.96
A0A5C9ENC5,0.96
A0A842W4E4,0.96
A0A7K4CVV1,0.959
A0A524DSX1,0.959
A0A524FQ59,0.959
A0A0F8XQZ2,0.959
A0A524CU52,0.959
A0A842W1Q6,0.959
A0A850MCK7,0.959
A0A524DA37,0.959
A0A842QJ57,0.959
A0A7K4GN28,0.959
A0A5C9EIK3,0.958
A0A524D6X5,0.958
A0A850LUM3,0.958
A0A5C9ELS8,0.958
A0A497Q1E9,0.957
A0A7K4IDI5,0.957
A0A842WT76,0.957
A0A524CF17,0.957
A0A524FCW3,0.957
A0A524ERQ3,0.957
A0A523XP78,0.956
A0A842TXN2,0.956
A0A497PPD9,0.956
A0A5C9EYX6,0.956
A0A842R806,0.956
A0A842QCN3,0.956
A0A1Q9MQM3,0.956
A0A1Q9N134,0.956
A0A1Q9NQR4,0.956
A0A842RY74,0.956
A0A524CMN8,0.955
A0A524EIJ8,0.955
A0A524DFM1,0.955
A0A497QD82,0.955
A0A842U6M5,0.955
A0A523RIE2,0.955
A0A7K4IGW4,0.955
A0A1Q9P2K6,0.954
A0A524D1G4,0.954
A0A2U3CE52,0.954
A0A1Q9N8N0,0.954
A0A497R0Q5,0.954
A0A842VNK8,0.953
A0A497Q0K2,0.953
A0A7K4GN03,0.953
A0A842TFM4,0.953
A0A497QPT8,0.953
A0A497QZH9,0.952
A0A524FTC6,0.952
A0A524E8F6,0.952
A0A497QRA7,0.952
A0A532T9Z8,0.952
A0A1Q9MXV0,0.952
A0A524DQI4,0.952
A0A523TAF5,0.952
A0A497QV20,0.951
A0A497PKE7,0.951
A0A524ESY5,0.951
A0A842QF51,0.951
A0A497QLJ3,0.951
A0A843C2K4,0.951
A0A1Q9ND44,0.95
A0A497QH31,0.95
A0A850M5Q4,0.95
A0A497PNZ7,0.95
A0A524DJR6,0.949
A0A1Q9PC16,0.949
A0A524DKM3,0.949
A0A850LXL4,0.949
A0A524E8S8,0.949
A0A7K4H3T3,0.949
A0A524DDE1,0.949
A0A532T8A4,0.948
A0A532TRY4,0.948
A0A497PP04,0.947
A0A5B9D864,0.947
A0A7K4HEZ7,0.947
A0A532TH22,0.947
A0A523TQ61,0.947
A0A497Q7H7,0.947
A0A842T5I7,0.947
A0A5C9E5B6,0.947
A0A850MCQ5,0.946
A0A7K4GQ96,0.946
A0A524D9D3,0.946
A0A497Q902,0.946
A0A524FR15,0.945
A0A497QEW0,0.945
A0A497R2X7,0.945
A0A524DWE7,0.945
A0A497QLH2,0.945
A0A842YBB8,0.945
A0A1Q9MYU4,0.945
A0A5C9EZI1,0.944
A0A524D2F1,0.944
A0A0F8VH83,0.944
A0A5B9D9H7,0.944
A0A2U3CCK3,0.944
A0A135VCA5,0.944
A0A135VXY5,0.943
A0A850LVS6,0.943
A0A7K4IDK5,0.943
A0A5C9ENF5,0.943
A0A842RP03,0.943
A0A524FCT7,0.943
A0A0F8Y466,0.943
A0A524CND0,0.943
A0A842VJP8,0.943
A0A842THX7,0.942
A0A850M4F0,0.942
A0A1Q9NJR2,0.942
A0A850MSC9,0.942
A0A5C9E9C9,0.942
A0A849QDL1,0.942
A0A2U3CG36,0.942
A0A842YBZ6,0.942
A0A524ED29,0.941
A0A842VEM8,0.941
A0A497R629,0.941
A0A524F9V9,0.941
A0A524LAJ7,0.941
A0A497QXY1,0.941
A0A524G4C8,0.94
A0A497QGP0,0.94
A0A7K4H1A4,0.939
A0A524EAV6,0.939
A0A7K4CY80,0.939
A0A5B9DA53,0.939
A0A842VVN1,0.939
A0A5B9D6Q3,0.939
A0A524LJE3,0.939
A0A3L6JA13,0.939
A0A3L6JKY6,0.939
A0A842VL18,0.939
A0A523SCX7,0.938
A0A497QAU1,0.938
A0A524CHV5,0.938
A0A842W5R0,0.938
A0A850LXG4,0.938
A0A7K4IB34,0.938
A0A524DD96,0.938
A0A497PQU5,0.937
A0A524LIN5,0.937
A0A842WWR9,0.937
A0A135VK32,0.937
A0A523TGJ7,0.937
A0A497QR44,0.937
A0A524G4W7,0.936
A0A850MNW0,0.936
A0A5C9F165,0.936
A0A497R1E5,0.936
A0A524F8N7,0.936
A0A524CGS6,0.936
A0A3L6JRS1,0.936
A0A1Q9N2F8,0.935
A0A842T4S8,0.935
A0A7K4H5W9,0.935
A0A524E971,0.934
A0A1Q9N0E9,0.934
A0A7K4CU75,0.934
A0A1Q9NN64,0.934
A0A524EX48,0.934
A0A842VWZ7,0.934
A0A497QKA9,0.933
A0A524FNQ5,0.933
A0A842TPR1,0.933
A0A842VXW0,0.933
A0A524FCD8,0.933
A0A850M2X2,0.933
A0A524FPR2,0.933
A0A524F7N5,0.932
A0A5B9D788,0.932
A0A524DP05,0.932
A0A842QHU1,0.932
A0A850MK40,0.932
A0A842T3H5,0.932
A0A1Q9MQJ9,0.932
A0A0F8WCW5,0.932
A0A1Q9MRR3,0.932
A0A1Q9PCW0,0.932
A0A842SW01,0.932
A0A497QF17,0.932
A0A3L6JJ67,0.932
A0A524F1P3,0.932
A0A1Q9MWL4,0.931
A0A497QUE3,0.931
A0A842W204,0.931
A0A524G0J7,0.931
A0A497QEI5,0.931
A0A523RR07,0.93
A0A497QEI3,0.93
A0A497QZB6,0.93
A0A524EQE9,0.93
A0A5C9EA90,0.93
A0A842TP08,0.93
A0A842TG57,0.93
A0A1Q9MZF6,0.93
A0A850MBL9,0.93
A0A842VSI7,0.929
A0A842REC5,0.929
A0A850LUR1,0.929
A0A1Q9N8M0,0.928
A0A524D8S0,0.928
A0A1Q9NJ32,0.928
A0A842YEJ2,0.928
A0A7K4CUT3,0.927
A0A842SYW5,0.927
A0A0F8VM81,0.927
A0A842VV15,0.927
A0A3L6JE43,0.926
A0A850M7P5,0.926
A0A7K4CV41,0.926
A0A842TZT9,0.926
A0A524F545,0.925
A0A842SDE4,0.925
A0A524CA64,0.925
A0A842X0I9,0.924
A0A3L6JIU4,0.924
A0A524DVV9,0.924
A0A5C9E238,0.923
A0A5C9DVS5,0.923
A0A7K4CRE4,0.923
A0A497Q8J0,0.923
A0A842TBK1,0.922
A0A497PPK6,0.922
A0A524CVV0,0.922
A0A135VT31,0.922
A0A1Q9MZX4,0.922
A0A497QUZ9,0.922
A0A5C9EW18,0.922
A0A7K4H176,0.922
A0A497QZK9,0.922
A0A524EZJ5,0.921
A0A3L6JB10,0.921
A0A1Q9NDF4,0.921
A0A3L6JNH3,0.921
A0A842QDT7,0.921
A0A5C9E7A2,0.92
A0A7K4CN79,0.92
A0A842THA7,0.92
A0A850M6J3,0.92
A0A842RJ97,0.919
A0A842VGA1,0.919
A0A524DB74,0.919
A0A842WSD0,0.919
A0A7K4HD05,0.919
A0A7K4IJ14,0.919
A0A0F8YC36,0.919
A0A497Q9P8,0.919
A0A497QIB0,0.919
A0A7C0U8A3,0.918
A0A2U3CES3,0.918
A0A1Q9N256,0.918
A0A524DLA9,0.918
A0A5C9EAQ7,0.918
A0A524EV70,0.918
A0A842U7H3,0.917
A0A1Q9N2Q5,0.917
A0A3L6JCX2,0.917
A0A497QJ50,0.917
A0A5B9D8J6,0.917
A0A7K4GY03,0.916
A0A532TI19,0.916
A0A842RGX4,0.916
A0A842TQE0,0.916
A0A524DU75,0.916
A0A5C9EZU9,0.916
A0A497QIM4,0.916
A0A1Q9PDG0,0.916
A0A842SC45,0.916
A0A842TBY6,0.916
A0A523RV03,0.916
A0A524L4U6,0.916
A0A524CUS3,0.916
A0A850M8H2,0.915
A0A7K4H4C4,0.915
A0A135VQU9,0.915
A0A850MF92,0.915
A0A5C9EWI0,0.915
A0A850M421,0.914
A0A497QMD8,0.914
A0A1Q9P268,0.914
A0A2U3CKM4,0.914
A0A3L6JKR4,0.914
A0A524DI52,0.913
A0A497PAR8,0.913
A0A524E017,0.912
A0A7K4CUG8,0.912
A0A5C9EH05,0.912
A0A842YCR3,0.912
A0A524FL42,0.912
A0A524DVY2,0.911
A0A524EL36,0.911
A0A850LQ98,0.911
A0A850M9K9,0.911
A0A524ENP2,0.911
A0A3L6J8I8,0.911
A0A842RGC7,0.911
A0A524ECH2,0.911
A0A0F8Y198,0.91
A0A524CJE5,0.91
A0A524CHC8,0.91
A0A843BRS4,0.91
A0A7K4H9I6,0.91
A0A843BUE0,0.91
A0A1Q9NMU9,0.909
A0A842QH17,0.909
A0A850MFL1,0.909
A0A842T0I9,0.908
A0A135VUW4,0.908
A0A842TDN5,0.907
A0A850MJP5,0.907
A0A524CGT3,0.907
A0A842T3R8,0.907
A0A0F8V7R1,0.907
A0A135VDE8,0.905
A0A497Q211,0.905
A0A523W2K4,0.905
A0A842RL53,0.905
A0A850M0W9,0.905
A0A842VSW4,0.905
A0A7K4IEU2,0.905
A0A842VD18,0.904
A0A524EBB7,0.904
A0A7K4IF29,0.903
A0A1Q9MVE7,0.903
A0A5C9EDK8,0.903
A0A524DRZ5,0.902
A0A497QFB4,0.902
A0A5C9EJ64,0.902
A0A850LUS6,0.901
A0A842TEQ4,0.901
A0A523XJ48,0.901
A0A1Q9NA75,0.901
A0A135VIJ5,0.9
A0A497PLV4,0.9
A0A7K4CMM3,0.9
A0A842RL99,0.9
A0A1Q9NCW7,0.899
A0A497PHK9,0.899
A0A0F8VP11,0.899
A0A524EVQ2,0.899
A0A497PJ03,0.899
A0A842QAT6,0.899
A0A497R4R7,0.898
A0A523XBB0,0.898
A0A7K4CVI8,0.898
A0A523R756,0.897
A0A1Q9P598,0.896
A0A5C9ER71,0.896
A0A135VWT9,0.896
A0A7K4D0T7,0.896
A0A842RNE2,0.895
A0A524DS44,0.895
A0A7K4H8L9,0.895
A0A7K4IAF3,0.895
A0A532T9Y6,0.895
A0A524DMT3,0.894
A0A7K4CT64,0.894
A0A5B9D9I3,0.894
A0A1Q9N2K7,0.894
A0A1Q9NH10,0.893
A0A842S3T2,0.893
A0A497Q9P7,0.893
A0A850MMS2,0.892
A0A524DKC3,0.892
A0A5B9DAU3,0.892
A0A524DDH9,0.892
A0A497QPK9,0.891
A0A842TJL1,0.891
A0A842VPW6,0.891
A0A497QWJ8,0.891
A0A842WTZ9,0.891
A0A497PBS1,0.891
A0A497QYI5,0.89
A0A497QAZ4,0.89
A0A1Q9P242,0.89
A0A497QDC7,0.89
A0A524E4H5,0.889
A0A842VP13,0.889
A0A842YAM8,0.889
A0A850MBB8,0.889
A0A842WLN3,0.889
A0A524LH36,0.889
A0A1Q9NFB1,0.889
A0A0F8VK66,0.888
A0A842RYC4,0.888
A0A1Q9MUY5,0.888
A0A850LRK8,0.888
A0A524EFD4,0.888
A0A523RI14,0.887
A0A842RAD5,0.887
A0A135VTZ7,0.887
A0A842WT63,0.887
A0A524C8Q2,0.887
A0A842VDX8,0.887
A0A524DU64,0.886
A0A7K4ICX6,0.886
A0A497PTP0,0.886
A0A843BQN3,0.886
A0A842R860,0.886
A0A3L6JLR1,0.886
A0A524DAY3,0.885
A0A524LI97,0.885
A0A524EAW6,0.885
A0A497R1T9,0.885
A0A842R8V4,0.884
A0A523RA01,0.884
A0A842S144,0.884
A0A524CNN3,0.883
A0A7K4GNQ3,0.883
A0A842TTN5,0.883
A0A497R5A7,0.883
A0A524C9F0,0.883
A0A5C9DVM5,0.883
A0A523X6T4,0.883
A0A532TPN3,0.883
A0A5B9DCU5,0.882
A0A842YE14,0.882
A0A7K4IH72,0.882
A0A842RI80,0.881
A0A0F8Y7U0,0.881
A0A524EHD8,0.881
A0A842QE62,0.88
A0A842W3I7,0.88
A0A524CCV0,0.88
A0A497QGL2,0.879
A0A524ET51,0.879
A0A842RXE8,0.879
A0A135VCP3,0.879
A0A497QV36,0.879
A0A849QFG6,0.879
A0A524F249,0.878
A0A524CTB2,0.877
A0A524EC90,0.876
A0A7K4CPD7,0.876
A0A497Q2H9,0.876
A0A0F8XV64,0.876
A0A523X8S0,0.875
A0A7K4CT95,0.875
A0A524CIE8,0.875
A0A497QM33,0.875
A0A5C9EMW2,0.875
A0A842WV73,0.875
A0A524E9P0,0.875
A0A5B9DCP7,0.874
A0A1Q9MSE8,0.874
A0A850MF89,0.874
A0A5C9ED82,0.873
A0A849QG06,0.873
A0A497QXQ4,0.873
A0A497Q9H1,0.872
A0A524F1W6,0.872
A0A842WNE7,0.872
A0A524EJ27,0.872
A0A532TLK0,0.872
A0A1Q9NAK5,0.872
A0A497QPJ8,0.872
A0A524G6V7,0.871
A0A7K4H8L2,0.871
A0A5B9D9A8,0.871
A0A497Q5R4,0.871
A0A842T0C4,0.871
A0A523RP12,0.87
A0A497QWV0,0.87
A0A2U3CJZ9,0.87
A0A497PCX8,0.87
A0A3L6JCV4,0.87
A0A850LX40,0.87
A0A1Q9PFE3,0.869
A0A524DJL5,0.869
A0A135VFX4,0.869
A0A524D852,0.868
A0A5C9EUD5,0.868
A0A523TQJ6,0.868
A0A0F8VBZ5,0.868
A0A842YD38,0.868
A0A5C9DX50,0.867
A0A524E3C7,0.867
A0A843C4P7,0.867
A0A850LZS9,0.867
A0A1Q9NGJ1,0.866
A0A524CZ09,0.865
A0A5C9F0H9,0.865
A0A497QAF3,0.865
A0A497R913,0.865
A0A842TFX6,0.865
A0A497QBE1,0.865
A0A1Q9P2F3,0.864
A0A7K4CYM5,0.864
A0A1Q9NN14,0.864
A0A1Q9MQ57,0.864
A0A524FUK9,0.864
A0A5C9DUJ1,0.864
A0A1Q9N8P6,0.863
A0A524LLG4,0.863
A0A842Q8E5,0.862
A0A7K4HJM9,0.862
A0A524CW59,0.862
A0A497Q4B9,0.862
A0A524LBU0,0.862
A0A524EKS7,0.861
A0A842SSL8,0.861
A0A5C9EUB7,0.861
A0A5C9DW12,0.861
A0A842SYG8,0.861
A0A1Q9NTA3,0.861
A0A7K4IEK5,0.86
A0A1Q9MRF6,0.86
A0A1Q9PG57,0.86
A0A524E1Y0,0.86
A0A523TT78,0.86
A0A524ER71,0.859
A0A135VEL2,0.859
A0A524DK17,0.859
A0A524CCS5,0.859
A0A1Q9PG11,0.859
A0A3L6J7W2,0.859
A0A497PMN9,0.858
A0A524DZH4,0.858
A0A524FAM0,0.858
A0A842VMG1,0.858
A0A497PRD1,0.857
A0A524D434,0.857
A0A7K4IH46,0.857
A0A850MR20,0.857
A0A842WT00,0.857
A0A524CQF4,0.857
A0A5C9DVD5,0.856
A0A497QU37,0.856
A0A7K4H5H2,0.856
A0A532TMT5,0.856
A0A497PDN7,0.856
A0A842VJL6,0.855
A0A524NWX0,0.854
A0A842VHB4,0.854
A0A523XE30,0.853
A0A842R7X6,0.853
A0A842VAM6,0.853
A0A497QU54,0.851
A0A842QDX5,0.851
A0A842SEN6,0.85
A0A524F908,0.85
A0A1Q9MSQ1,0.85
A0A842WLX2,0.85
A0A135VUF0,0.85
A0A1Q9NAI6,0.849
A0A524LUZ5,0.848
A0A850MED9,0.848
A0A497PWY9,0.848
A0A524DJB3,0.848
A0A7K4CY91,0.848
A0A842S1Q3,0.846
A0A842REE6,0.846
A0A849QEG6,0.846
A0A497QQQ3,0.846
A0A524E173,0.845
A0A850M5E7,0.845
A0A1Q9PF21,0.845
A0A842QDP4,0.844
A0A1Q9NSE7,0.844
A0A7K4GJA6,0.844
A0A850M452,0.843
A0A135VJN2,0.843
A0A523X6G1,0.843
A0A7K4IA33,0.843
A0A842VTI8,0.843
A0A850LQ25,0.843
A0A497PBS5,0.842
A0A842TE63,0.842
A0A842W0G3,0.842
A0A842TQU7,0.842
A0A842VSA3,0.842
A0A2U3CKP1,0.842
A0A5B9DEK8,0.84
A0A5C9E0W5,0.839
A0A842WWA0,0.839
A0A497R1D2,0.839
A0A5C9E3P4,0.839
A0A0F8VZ33,0.838
A0A7K4CTU4,0.838
A0A532TR41,0.838
A0A842U886,0.837
A0A524D483,0.837
A0A523TI76,0.837
A0A842T593,0.837
A0A842Q9L0,0.837
A0A842VQR9,0.835
A0A523S1Y6,0.835
A0A2U3CDX7,0.835
A0A497QL39,0.835
A0A524ESV5,0.835
A0A524DT43,0.834
A0A1Q9NM69,0.834
A0A3L6JB74,0.834
A0A497R5P8,0.833
A0A5B9D7F4,0.833
A0A524CNE6,0.833
A0A523TG67,0.833
A0A497QDM1,0.833
A0A842TLT9,0.832
A0A524CXX5,0.832
A0A2U3CJA6,0.832
A0A497QUF8,0.832
A0A135VQJ4,0.832
A0A842VDR8,0.831
A0A524DHZ2,0.831
A0A497PIW9,0.831
A0A497QLS0,0.831
A0A497QBA9,0.831
A0A842RU83,0.831
A0A497Q9Y2,0.83
A0A497R6Q4,0.83
A0A524DML5,0.83
A0A5B9D8S8,0.829
A0A1Q9NA90,0.829
A0A524EJK7,0.828
A0A1Q9PED0,0.828
A0A842QF38,0.828
A0A497QIN7,0.828
A0A523XNW7,0.827
A0A135W015,0.826
A0A524DX78,0.825
A0A850LPF2,0.825
A0A850LXK8,0.825
A0A524E8T7,0.825
A0A524ERP4,0.825
A0A842WT78,0.824
A0A523RFM7,0.824
A0A524LGX6,0.824
A0A135VT13,0.824
A0A5C9DXM0,0.824
A0A524EE58,0.824
A0A523RYA5,0.823
A0A523RI29,0.823
A0A5C9EDC5,0.823
A0A524E3R6,0.822
A0A7K4IEL2,0.822
A0A1Q9NPP8,0.822
A0A3L6JD19,0.821
A0A497R9T1,0.821
A0A523S8S5,0.821
A0A842VNH5,0.82
A0A497PJJ0,0.819
A0A842RCV8,0.819
A0A842TT11,0.818
A0A523W1S6,0.818
A0A7K4H867,0.817
A0A524CG59,0.817
A0A2U3CJU5,0.817
A0A842WNL9,0.817
A0A850LRQ3,0.815
A0A842TLI4,0.815
A0A7K4GV98,0.814
A0A842VUA6,0.814
A0A532TJV4,0.814
A0A842QF55,0.814
A0A497QLW0,0.813
A0A1Q9NLD8,0.813
A0A497PTC6,0.812
A0A842TLP8,0.811
A0A497QDL2,0.81
A0A524D4F2,0.81
A0A497QI17,0.81
A0A497QBM2,0.809
A0A842WYY2,0.809
A0A497PPJ8,0.809
A0A497QKW4,0.808
A0A1Q9PB21,0.808
A0A497PV29,0.808
A0A497PXN1,0.808
A0A2U3CL02,0.807
A0A524EQW9,0.806
A0A7K4D0L7,0.806
A0A3L6JKM0,0.806
A0A135VNJ6,0.806
A0A135VJH9,0.805
A0A850LT11,0.805
A0A497QF71,0.805
A0A842X401,0.805
A0A497R7R8,0.805
A0A524EPP1,0.805
A0A524DUY3,0.805
A0A497PSQ7,0.804
A0A135VKL8,0.804
A0A1Q9NVP5,0.804
A0A524DVN7,0.804
A0A850M971,0.804
A0A1Q9MYN3,0.804
A0A5C9DZP7,0.803
A0A135VKJ4,0.803
A0A135VLB8,0.803
A0A5C9ED99,0.803
A0A532TBF5,0.803
A0A1Q9P094,0.803
A0A524M6N0,0.803
A0A850LZ65,0.802
A0A842W498,0.802
A0A2U3CHZ4,0.801
A0A497PTT3,0.801
A0A524CRM3,0.8
A0A2U3CCR7,0.799
A0A842TME3,0.799
A0A7K4CM98,0.799
A0A524DI44,0.799
A0A850LXJ4,0.799
A0A7K4IFD0,0.798
A0A523SC45,0.798
A0A0F8Y1E9,0.797
A0A7K4II63,0.797
A0A7K4GSV7,0.797
A0A842RCE3,0.796
A0A3L6JJR7,0.796
A0A523S456,0.796
A0A524FI58,0.795
A0A524M468,0.795
A0A1Q9PDU1,0.795
A0A0F8Y3I8,0.795
A0A1Q9P9M5,0.794
A0A2U3CIL4,0.793
A0A5C9EK68,0.793
A0A524FWG6,0.792
A0A135VXK6,0.792
A0A3L6J744,0.792
A0A532TS88,0.792
A0A2E9CD49,0.791
A0A5C9ENU3,0.791
A0A842RBL7,0.791
A0A5C9EMI3,0.791
A0A135VXR9,0.791
A0A7K4H4F7,0.791
A0A135VZ99,0.791
A0A842VTH5,0.79
A0A842VLE0,0.79
A0A523VPU3,0.79
A0A842QBB0,0.789
A0A1Q9NTM9,0.789
A0A1Q9NCB3,0.789
A0A524C598,0.789
A0A523VWZ1,0.788
A0A524C858,0.788
A0A850LU01,0.788
A0A5C9EZX6,0.788
A0A850MPJ4,0.786
A0A524EEV5,0.786
A0A850LV55,0.785
A0A524DJS8,0.785
A0A842VKH0,0.785
A0A1Q9MQT6,0.783
A0A5C9EDH0,0.783
A0A2U3CCE7,0.783
A0A0F8VNQ0,0.783
A0A842RN57,0.782
A0A842VII8,0.782
A0A523XJM3,0.782
A0A497QVE2,0.781
A0A497PWT8,0.781
A0A524C291,0.781
A0A524L815,0.78
A0A524CT14,0.779
A0A524FEK9,0.779
A0A524EM36,0.778
A0A523VRH8,0.778
A0A0F8VED4,0.778
A0A497Q4B5,0.778
A0A842T410,0.777
A0A524DD77,0.776
A0A842RFS8,0.776
A0A524CKW5,0.776
A0A843BZG2,0.775
A0A842YG20,0.774
A0A532TS82,0.773
A0A7K4HBI0,0.772
A0A7K4GWV4,0.772
A0A842TJA2,0.772
A0A524F3G7,0.772
A0A524CZF1,0.772
A0A5C9EI86,0.772
A0A524F8K0,0.771
A0A2U3CDW4,0.771
A0A497QSW6,0.771
A0A842UC87,0.77
A0A842T892,0.77
A0A842SAH3,0.77
A0A7K4HJJ4,0.769
A0A842SB69,0.769
A0A524CPC2,0.769
A0A532T8J1,0.769
A0A5C9EYT0,0.769
A0A7K4IB59,0.768
A0A843BUS4,0.768
A0A497QDN5,0.767
A0A524G942,0.767
A0A523THD3,0.767
A0A135VQR7,0.766
A0A524CIC4,0.766
A0A524CMP9,0.765
A0A7K4CN86,0.765
A0A842UC95,0.764
A0A5C9EAU5,0.764
A0A497R8I7,0.764
A0A497PJ54,0.762
A0A523TMD5,0.761
A0A5C9DZJ8,0.761
A0A843C0K3,0.761
A0A7K4CQ66,0.761
A0A842TUP3,0.76
A0A1Q9N2G6,0.76
A0A2E9CFQ9,0.76
A0A1Q9MT55,0.759
A0A135VMP3,0.759
A0A3L6J7C6,0.758
A0A524DE46,0.758
A0A1Q9MTX6,0.756
A0A850LXD4,0.756
A0A842RZP9,0.755
A0A7K4GV75,0.755
A0A842RC41,0.755
A0A850MGG9,0.755
A0A3L6JP14,0.754
A0A842VV69,0.754
A0A497QT64,0.754
A0A524EVH8,0.754
A0A5C9EG63,0.753
A0A524FEZ8,0.752
A0A7K4IGY8,0.752
A0A1Q9NX18,0.752
A0A497QPR5,0.752
A0A524NZD1,0.752
A0A524CMV8,0.751
A0A3L6JDI4,0.751
A0A532TK09,0.751
A0A842RN73,0.751
A0A523S016,0.751
A0A7K4IDF5,0.75
A0A5C9EZA8,0.75
A0A842VUF7,0.75
A0A497PYZ6,0.749
A0A2U3CKJ7,0.749
A0A842RQJ7,0.749
A0A7K4H7H0,0.749
A0A497QVV2,0.748
A0A524FL10,0.748
A0A849QGC7,0.748
A0A842W004,0.747
A0A524E1A7,0.747
A0A524C6E2,0.746
A0A524CJV7,0.746
A0A497PN44,0.746
A0A524FY05,0.745
A0A497PC31,0.745
A0A524CK49,0.745
A0A842YBN8,0.744
A0A3L6JRD9,0.744
A0A2U3CJ50,0.744
A0A524EQM5,0.744
A0A1Q9MVN7,0.743
A0A842T984,0.743
A0A3L6JQ20,0.743
A0A497QDB0,0.742
A0A7K4HEI5,0.741
A0A842RDS3,0.741
A0A524G264,0.741
A0A842T5C3,0.741
A0A524C3T1,0.74
A0A524FY68,0.74
A0A524D2F3,0.74
A0A524EM57,0.739
A0A5C9ERT2,0.739
A0A842TPI6,0.739
A0A0F8V9R8,0.739
A0A850LVG9,0.738
A0A842THG7,0.738
A0A1Q9PC43,0.738
A0A842QE09,0.738
A0A524DA40,0.737
A0A2U3CIL1,0.737
A0A2U3CF02,0.737
A0A5C9EAG6,0.737
A0A524DDF5,0.737
A0A842R6Z7,0.736
A0A842QDH1,0.736
A0A842RHQ3,0.736
A0A850LWX5,0.736
A0A524LSL0,0.735
A0A523RCP4,0.735
A0A850MG30,0.734
A0A850LY74,0.733
A0A524DRT9,0.733
A0A524FJF9,0.733
A0A7K4IEN6,0.733
A0A5C9EDI1,0.732
A0A524ERB4,0.732
A0A497PAL2,0.731
A0A842TQ28,0.73
A0A532THS8,0.73
A0A524ENE2,0.729
A0A497PCD9,0.729
A0A842TDP4,0.728
A0A842VEC5,0.728
A0A0F8YCK3,0.727
A0A1Q9N9C8,0.727
A0A524DKZ9,0.726
A0A849QHA3,0.725
A0A523S1K4,0.725
A0A524CKY3,0.724
A0A532TBJ4,0.724
A0A532TNF6,0.723
A0A0F8Y6W2,0.723
A0A842VMR4,0.723
A0A1Q9P851,0.723
A0A5C9F1X4,0.722
A0A5B9D6X2,0.722
A0A524DJP0,0.722
A0A524FM76,0.721
A0A842QBR5,0.721
A0A524DBC5,0.72
A0A524G7K4,0.72
A0A497QGD2,0.719
A0A497QNF4,0.719
A0A850LYZ4,0.717
A0A842QLF1,0.717
A0A532TT93,0.717
A0A7K4IF91,0.717
A0A524NU40,0.717
A0A3L6JDI3,0.717
A0A1Q9NXC7,0.715
A0A524D2Z0,0.714
A0A1Q9PCM7,0.714
A0A850MHJ8,0.714
A0A5B9DH79,0.714
A0A1Q9P326,0.714
A0A3L6J9T7,0.713
A0A523TCH8,0.713
A0A524ET80,0.713
A0A532TA80,0.713
A0A524CFB1,0.713
A0A524CLI6,0.713
A0A1Q9MX58,0.712
A0A842Q9R1,0.712
A0A497Q3G7,0.712
A0A850MFH4,0.712
A0A0F8Y2P5,0.712
A0A7K4H7Y3,0.712
A0A842QGF0,0.711
A0A842X116,0.71
A0A842QGK4,0.71
A0A0F8XLU1,0.709
A0A1Q9NX88,0.709
A0A842RC87,0.708
A0A497PP40,0.708
A0A842R968,0.708
A0A135VZ03,0.708
A0A497R2B5,0.707
A0A524M0C6,0.707
A0A5C9E9U4,0.706
A0A842RLL2,0.706
A0A524E254,0.705
A0A7K4HKS9,0.705
A0A850MRE0,0.705
A0A1Q9NYR5,0.705
A0A7K4GWL5,0.704
A0A850LSQ7,0.704
A0A842X0V6,0.704
A0A3L6J7R9,0.704
A0A842QCB8,0.704
A0A135VJT7,0.704
A0A497QWH4,0.703
A0A5B9D5E6,0.703
A0A497QQN3,0.703
A0A842TMC4,0.702
A0A1Q9NG09,0.701
A0A7K4IEP0,0.701
A0A1Q9NFK2,0.701
A0A524CNH9,0.7
A0A2E9CFD9,0.7
A0A7K4CWM2,0.699
A0A523X4Z6,0.699
A0A1Q9P981,0.698
A0A523VNJ5,0.698
A0A523RUM9,0.698
A0A5C9ELB0,0.698
A0A850LS77,0.698
A0A532T9D8,0.697
A0A5C9F2G7,0.696
A0A850MIB9,0.696
A0A842QHK3,0.696
A0A1Q9P7A1,0.695
A0A1Q9NEJ2,0.695
A0A497PKM8,0.695
A0A3L6JFQ0,0.695
A0A5C9DY80,0.695
A0A850LUB3,0.695
A0A7K4CYE1,0.695
A0A5B9D8C8,0.695
A0A524FWD2,0.695
A0A7K4GW16,0.695
A0A850MQB5,0.695
A0A842RIE4,0.694
A0A1Q9NMX8,0.694
A0A523TRN2,0.694
A0A1Q9NWB1,0.693
A0A842RI38,0.692
A0A842RBS7,0.692
A0A842V996,0.691
A0A524FR51,0.691
A0A842RZV5,0.691
A0A497PWH3,0.691
A0A3L6JFB2,0.69
A0A1Q9MVQ0,0.69
A0A7K4GWE0,0.69
A0A842T7D9,0.69
A0A850MXM0,0.689
A0A0F8XPX8,0.689
A0A842R9G1,0.689
A0A524EM46,0.689
A0A135VLU7,0.688
A0A842VPL2,0.688
A0A842VC61,0.687
A0A5C9ER94,0.687
A0A5C9DY43,0.687
A0A524C8K6,0.687
A0A135VDS6,0.686
A0A524FL96,0.686
A0A7K4IBR9,0.685
A0A842SB55,0.684
A0A7K4CP32,0.684
A0A524D188,0.684
A0A842WS32,0.683
A0A524CST2,0.683
A0A842VH61,0.683
A0A850M4F8,0.683
A0A497QXW0,0.683
A0A842WVS2,0.682
A0A524D6B2,0.682
A0A842YEE4,0.682
A0A532TTP7,0.681
A0A1Q9NQ33,0.681
A0A524CEM0,0.681
A0A842RAK8,0.68
A0A842VCY9,0.68
A0A850M0C6,0.68
A0A135VAY6,0.679
A0A5C9DWC9,0.679
A0A842QEA4,0.678
A0A850MTD0,0.678
A0A497QY58,0.676
A0A524FE45,0.676
A0A532THL0,0.676
A0A1Q9NIL8,0.676
A0A842RBU9,0.675
A0A524D817,0.674
A0A497QYT4,0.673
A0A5C9EIJ5,0.673
A0A5C9EC41,0.673
A0A850M6E5,0.673
A0A1Q9PEM9,0.673
A0A523W0Z2,0.673
A0A524C3G8,0.672
A0A524CC53,0.672
A0A524DCF1,0.671
A0A524CR67,0.671
A0A842SB87,0.671
A0A5C9EUY6,0.67
A0A3L6JB56,0.67
A0A524DZ72,0.67
A0A850M9V7,0.67
A0A524EXE7,0.669
A0A1Q9NJB4,0.669
A0A497QTW0,0.669
A0A842WRR2,0.668
A0A842TQ40,0.668
A0A523S746,0.668
A0A842QED2,0.668
A0A5B9DBV3,0.668
A0A497PXJ7,0.667
A0A850M450,0.667
A0A3L6JA36,0.666
A0A524E0K9,0.666
A0A842RWH3,0.666
A0A524E8R3,0.666
A0A524G1B3,0.665
A0A497R503,0.665
A0A850LTD1,0.665
A0A524L8Z4,0.664
A0A7K4GVX6,0.664
A0A2U3CJ41,0.664
A0A5C9EN43,0.663
A0A7K4CSP7,0.663
A0A842T8E7,0.663
A0A523REC3,0.663
A0A842TE95,0.663
A0A523REK0,0.662
A0A524D468,0.66
A0A524EX56,0.66
A0A497R668,0.66
A0A497QBZ8,0.66
A0A524LW83,0.66
A0A7K4GW05,0.66
A0A497QT00,0.66
A0A7K4IBM7,0.659
A0A497R2H2,0.659
A0A843C1Z2,0.658
A0A1Q9P319,0.657
A0A842TG61,0.657
A0A497PP52,0.657
A0A842W011,0.657
A0A524FAV5,0.656
A0A524G8A2,0.655
A0A2U3CES2,0.654
A0A524D308,0.654
A0A497PIP5,0.654
A0A842VJY8,0.654
A0A7K4GVY6,0.654
A0A524E960,0.653
A0A497R181,0.653
A0A842VUX8,0.653
A0A842W0S4,0.653
A0A850MIK7,0.653
A0A524LIL0,0.653
A0A523RPV8,0.653
A0A524FAD3,0.652
A0A5B9DDQ0,0.652
A0A497QX52,0.652
A0A5B9DC84,0.652
A0A497PQT0,0.651
A0A524M606,0.651
A0A524CC74,0.651
A0A7K4I9S7,0.651
A0A497QST0,0.651
A0A850LQC2,0.651
A0A842RQS3,0.65
A0A524F769,0.65
A0A842U8G2,0.65
A0A843BTE1,0.65
A0A524EKW7,0.65
A0A842RFD5,0.65
A0A524M9R0,0.65
A0A5B9DBQ6,0.649
A0A7K4CTW8,0.649
A0A497Q0C2,0.649
A0A524E8E9,0.648
A0A842U611,0.648
A0A497R6F6,0.647
A0A532TAU9,0.647
A0A842VLS7,0.647
A0A524G2E7,0.647
A0A842S1E4,0.646
A0A5B9D693,0.646
A0A842TL78,0.646
A0A5B9DC43,0.645
A0A497PSB0,0.645
A0A524F8S5,0.644
A0A497QGB2,0.644
A0A7K4CQM1,0.643
A0A1Q9P3Y3,0.643
A0A524CM38,0.643
A0A524EQT1,0.643
A0A135VGH3,0.641
A0A850MV82,0.641
A0A2U3CKV9,0.64
A0A849QM40,0.64
A0A1Q9NKM1,0.64
A0A497R8K5,0.639
A0A524ELB2,0.638
A0A5B9D6K9,0.638
A0A842RWC4,0.638
A0A7K4CR00,0.637
A0A842RI97,0.637
A0A524CYX6,0.637
A0A850LZE5,0.637
A0A3L6JBK7,0.637
A0A0F8Y904,0.636
A0A5C9EER1,0.636
A0A7K4CRH6,0.635
A0A524FR11,0.635
A0A842VJZ0,0.635
A0A842T5S1,0.635
A0A850M5W0,0.634
A0A7K4GWD5,0.634
A0A842RJ63,0.633
A0A524DWN2,0.633
A0A850LQY2,0.633
A0A5C9DXA1,0.632
A0A842W151,0.632
A0A842TGQ2,0.631
A0A3L6JSA7,0.631
A0A2U3CJI0,0.631
A0A524D7R2,0.631
A0A842YD69,0.63
A0A5C9EJK3,0.63
A0A850MDM5,0.63
A0A3L6JMM1,0.63
A0A532TM69,0.63
A0A7K4CQV6,0.63
A0A524EWN4,0.629
A0A532TH86,0.629
A0A842YCM6,0.629
A0A7K4GVM5,0.629
A0A842VPG0,0.629
A0A849QHX1,0.629
A0A497PFM2,0.628
A0A497QRX0,0.628
A0A850LQH4,0.628
A0A1Q9NXW9,0.628
A0A523TDY6,0.627
A0A1Q9P335,0.627
A0A524CTC2,0.626
A0A842VY18,0.626
A0A850LU89,0.625
A0A842VJ57,0.625
A0A842R897,0.624
A0A843BSA9,0.624
A0A524ECY1,0.624
A0A497PH04,0.623
A0A7K4CV86,0.623
A0A1Q9PF93,0.623
A0A5B9D568,0.622
A0A1Q9N0S4,0.622
A0A842TB05,0.621
A0A5C9EB33,0.621
A0A842WTU1,0.621
A0A850LUX3,0.621
A0A842TF81,0.619
A0A524G2F1,0.619
A0A524DQ62,0.619
A0A524CWZ2,0.618
A0A0F8VGP8,0.618
A0A3L6JDZ4,0.618
A0A524F955,0.618
A0A523S0E9,0.618
A0A1Q9P161,0.617
A0A850MWG4,0.617
A0A850LTC4,0.616
A0A7K4H940,0.615
A0A524FR27,0.615
A0A5B9DEY9,0.614
A0A1Q9MRE9,0.614
A0A524DA97,0.614
A0A524DX39,0.613
A0A497R8V5,0.613
A0A842VTN0,0.612
A0A0F8VDL3,0.612
A0A850MPG3,0.612
A0A524CEP8,0.611
A0A524M0R9,0.611
A0A523TNN7,0.61
A0A842W4X0,0.61
A0A524DCU4,0.609
A0A497PC45,0.609
A0A5B9D723,0.609
A0A7K4GVX1,0.608
A0A842VXN7,0.608
A0A850LPS2,0.608
A0A1Q9NC07,0.608
A0A524EN43,0.607
A0A1Q9P871,0.607
A0A842QDF7,0.607
A0A7K4H162,0.606
A0A842U5Q3,0.606
A0A1Q9N083,0.606
A0A850LT15,0.606
A0A7K4H7G9,0.605
A0A842TEV2,0.605
A0A850LTH9,0.603
A0A7K4GU64,0.603
A0A524LCI3,0.603
A0A524CF51,0.603
A0A523TGP1,0.603
A0A497QYF2,0.602
A0A5C9E409,0.602
A0A1Q9PD39,0.602
A0A5C9ENR9,0.601
A0A1Q9NGZ2,0.6
A0A524EBG3,0.6
A0A523X8D9,0.6
A0A497QWN4,0.6
A0A5C9EL86,0.599
A0A523XSU2,0.599
A0A0F8XL35,0.598
A0A842TDY8,0.597
A0A524EHG8,0.597
A0A532T911,0.597
A0A1Q9NQT5,0.597
A0A843BQG4,0.597
A0A7K4IAZ0,0.596
A0A842RHN2,0.596
A0A842TMN5,0.596
A0A523X5B9,0.596
A0A842TGE3,0.596
A0A135VZ69,0.595
A0A524D3C9,0.595
A0A1Q9N8G6,0.594
A0A524LZA3,0.594
A0A5B9DCW5,0.594
A0A842RZY3,0.594
A0A524CA15,0.594
A0A850MIJ8,0.594
A0A524EJP8,0.594
A0A524C6I4,0.593
A0A842TH69,0.593
A0A497PBA9,0.593
A0A5C9DT64,0.593
A0A850MJC7,0.593
A0A0F8VNR4,0.593
A0A1Q9N002,0.591
A0A850MA05,0.591
A0A850LR75,0.591
A0A842RKM8,0.591
A0A843BXN7,0.591
A0A524FL69,0.59
A0A524D7A5,0.59
A0A524DCU1,0.59
A0A850M6T4,0.59
A0A7K4HD85,0.589
A0A497R220,0.589
A0A842W245,0.589
A0A5C9ELD1,0.589
A0A842TH70,0.588
A0A850M896,0.588
A0A524LK89,0.587
A0A842REL2,0.587
A0A1Q9NF44,0.587
A0A3L6JCE3,0.586
A0A524DAH2,0.586
A0A532TKS5,0.586
A0A842T476,0.585
A0A850M787,0.585
A0A1Q9N9X7,0.585
A0A2U3CHR4,0.584
A0A524CVY3,0.584
A0A842T6Q5,0.584
A0A524ELL1,0.583
A0A3L6J932,0.583
A0A524DZG1,0.583
A0A1Q9NKB9,0.583
A0A1Q9P152,0.583
A0A532TN44,0.582
A0A524FMW1,0.582
A0A842QMH6,0.582
A0A1Q9NH40,0.582
A0A850LXB7,0.581
A0A524G2U2,0.58
A0A850MTX5,0.58
A0A5B9D6H9,0.58
A0A7K4CS05,0.579
A0A3L6J7K6,0.579
A0A524DBH0,0.579
A0A497QXS5,0.579
A0A524CX34,0.578
A0A850MFT6,0.578
A0A2U3CKT3,0.578
A0A5C9EAZ7,0.578
A0A5B9D6D0,0.578
A0A1Q9NEV8,0.578
A0A842VXH4,0.578
A0A850LX32,0.577
A0A523XCD0,0.577
A0A5B9D855,0.576
A0A842TID7,0.576
A0A1Q9NQN4,0.575
A0A842SZ12,0.575
A0A7K4GW01,0.574
A0A850M083,0.574
A0A135VWJ0,0.574
A0A5C9ERW3,0.573
A0A524CSK5,0.572
A0A842U814,0.572
A0A135VPC4,0.572
A0A524D925,0.572
A0A524LCE7,0.572
A0A497QT68,0.572
A0A523VX71,0.572
A0A5B9D5N8,0.571
A0A524F907,0.571
A0A523R9D1,0.571
A0A524CY78,0.571
A0A7K4HL93,0.571
A0A842TRY4,0.57
A0A524DBZ8,0.569
A0A850LSR7,0.569
A0A842UEV4,0.568
A0A524C6P7,0.568
A0A3L6JPB0,0.568
A0A842QCI2,0.568
A0A1Q9PFR1,0.567
A0A5C9EJM2,0.567
A0A524C4A8,0.567
A0A842RAJ9,0.567
A0A849Q9A6,0.566
A0A0F8XT93,0.565
A0A842RG44,0.565
A0A524F3M3,0.565
A0A497PB63,0.564
A0A524EC75,0.564
A0A497Q517,0.564
A0A523VYU7,0.564
A0A524EVT0,0.564
A0A850MVA6,0.564
A0A842TC81,0.564
A0A135VTM8,0.564
A0A524EQT6,0.563
A0A497Q806,0.563
A0A842TGA7,0.562
A0A524FRX1,0.562
A0A524FCC0,0.562
A0A850M1A9,0.562
A0A842VFW9,0.562
A0A5C9ECG8,0.561
A0A497QDP8,0.561
A0A523W020,0.56
A0A1Q9P836,0.56
A0A2U3CE92,0.56
A0A842W118,0.56
A0A524C8H0,0.559
A0A524DRE5,0.559
A0A497QM63,0.559
A0A5B9DEE0,0.559
A0A524P2N4,0.559
A0A524EUC2,0.558
A0A1Q9N0R6,0.558
A0A1Q9NI95,0.558
A0A842YE01,0.557
A0A7K4H1G0,0.557
A0A523TH93,0.556
A0A2E9CDW2,0.556
A0A524D5G4,0.556
A0A2E9CFU5,0.556
A0A523TJW4,0.556
A0A842X1K9,0.556
A0A842TCF7,0.555
A0A524FNC8,0.555
A0A7K4CRF0,0.555
A0A135VF85,0.554
A0A5B9D627,0.554
A0A524EEN4,0.553
A0A1Q9MYD6,0.553
A0A850LS78,0.553
A0A5C9E1L5,0.552
A0A850MHS2,0.552
A0A524CWG3,0.552
A0A524DTG8,0.552
A0A497PMD0,0.552
A0A1Q9NHM0,0.552
A0A5C9EAK3,0.551
A0A135VTS9,0.551
A0A842S025,0.551
A0A497R119,0.551
A0A850MHQ0,0.551
A0A523TB86,0.551
A0A842WPW5,0.55
A0A7C0YAJ2,0.55
A0A135VXP9,0.55
A0A524D4H5,0.548
A0A1Q9P2I9,0.548
A0A1Q9NVT8,0.548
A0A524CI81,0.547
A0A842VGM9,0.547
A0A5C9E2M6,0.547
A0A524FI31,0.547
A0A497PNB8,0.546
A0A1Q9NBR2,0.546
A0A842V9V6,0.546
A0A497QT92,0.545
A0A497QQ94,0.545
A0A5C9EWE4,0.545
A0A135VXN2,0.545
A0A7K4CRN2,0.545
A0A524CA19,0.544
A0A850MFS4,0.544
A0A523XCI9,0.544
A0A524DZY5,0.543
A0A1Q9PCC7,0.543
A0A497PMZ0,0.541
A0A1Q9NBJ1,0.541
A0A0F8W3F5,0.541
A0A7K4H4H4,0.541
A0A524FIW5,0.541
A0A497Q4Y6,0.541
A0A5C9EWW0,0.54
A0A850M4D2,0.54
A0A135VBI2,0.54
A0A842RDT2,0.539
A0A7K4CPV3,0.539
A0A523R9V7,0.539
A0A850MQG9,0.538
A0A842RBU7,0.538
A0A842WLD8,0.537
A0A497QIA6,0.537
A0A524FPN0,0.537
A0A842RHL3,0.537
A0A842TDC0,0.537
A0A7K4CX00,0.537
A0A497PUH9,0.537
A0A524DNW8,0.537
A0A842X3B9,0.536
A0A1Q9P4L6,0.536
A0A524NTU8,0.536
A0A497PDL3,0.536
A0A524EK38,0.535
A0A524G2E2,0.534
A0A850MLK6,0.533
A0A497QB79,0.533
A0A135VEN4,0.533
A0A842T553,0.533
A0A1Q9P266,0.532
A0A5C9DYM3,0.532
A0A135VYI3,0.532
A0A842RW15,0.531
A0A523S7R6,0.53
A0A524DHL0,0.53
A0A523X4I0,0.53
A0A842RC05,0.529
A0A842U9E2,0.529
A0A7K4IHH4,0.529
A0A842QG57,0.529
A0A842TR64,0.529
A0A842VLI6,0.529
A0A497PV88,0.528
A0A523RSA6,0.528
A0A842WV56,0.528
A0A497R405,0.528
A0A524G8P4,0.528
A0A3L6JC91,0.527
A0A524EA81,0.527
A0A842QMC7,0.526
A0A524F130,0.526
A0A3L6JIQ1,0.526
A0A842T7E4,0.525
A0A7K4GWV6,0.525
A0A497PH05,0.525
A0A850MAV8,0.525
A0A842TAY5,0.525
A0A7K4GRV9,0.524
A0A523RIU1,0.524
A0A842WZN9,0.524
A0A7K4CNP4,0.524
A0A7K4GR85,0.524
A0A0F8W4Y8,0.523
A0A0F8XVA3,0.523
A0A497Q8N6,0.523
A0A850MP77,0.523
A0A5C9E3J2,0.523
A0A850LSS9,0.522
A0A3L6J6W3,0.522
A0A5C9DUA3,0.522
A0A3L6JJV0,0.522
A0A532TC38,0.521
A0A5C9EZ11,0.521
A0A7K4IB11,0.52
A0A524EW88,0.52
A0A5C9EE79,0.52
A0A523RBP2,0.518
A0A497Q1G4,0.518
A0A524CSF1,0.518
A0A7K4GMY6,0.518
A0A524C769,0.518
A0A497PHT1,0.518
A0A842RYM1,0.517
A0A524L8S1,0.516
A0A7K4IFK2,0.516
A0A497PED6,0.516
A0A3L6JS47,0.515
A0A7K4CRP0,0.515
A0A1Q9P5M4,0.513
A0A842T7B1,0.512
A0A850MCR0,0.512
A0A524FJG1,0.512
A0A0F8XW39,0.512
A0A842QIK2,0.512
A0A524FPW6,0.511
A0A497RAV1,0.511
A0A497QUP7,0.511
A0A5C9F1P4,0.511
A0A524DZ67,0.511
A0A1Q9NBX2,0.511
A0A524EQF7,0.51
A0A0F8XJG6,0.51
A0A850LT76,0.51
A0A842VCZ4,0.51
A0A523X4P0,0.509
A0A524LZD3,0.509
A0A135VTJ3,0.508
A0A524E900,0.508
A0A7K4HB99,0.508
A0A5C9EMY8,0.508
A0A497Q3T6,0.507
A0A7K4CWY7,0.507
A0A135VGG1,0.507
A0A5C9E495,0.507
A0A524DB30,0.507
A0A524F167,0.507
A0A135VAW4,0.507
A0A850M2D2,0.507
A0A7K4CWU3,0.507
A0A5C9EEP2,0.506
A0A524DH19,0.506
A0A7K4CYQ2,0.505
A0A524FE05,0.505
A0A842YDX8,0.505
A0A850MJA9,0.504
A0A497PYF6,0.504
A0A850MQ07,0.504
A0A842YBM4,0.504
A0A524CIP9,0.504
A0A7K4IB41,0.503
A0A524EL81,0.503
A0A1Q9PB60,0.503
A0A1Q9MR61,0.503
A0A842RG70,0.503
A0A524FF20,0.503
A0A842TC53,0.503
A0A842WS08,0.502
A0A842TKW1,0.502
A0A3L6JF71,0.502
A0A524CCC2,0.502
A0A850MQG4,0.501
A0A497PDA7,0.501
A0A524FLJ9,0.5
A0A524DZ95,0.5
A0A524CJK9,0.5
A0A532T6U0,0.5
A0A524F685,0.5
A0A497PA31,0.499
A0A5C9EI26,0.499
A0A850LRW6,0.499
A0A497PCV2,0.499
A0A523S253,0.499
A0A497QL19,0.498
A0A843C5F8,0.498
A0A524E873,0.498
A0A497QY87,0.498
A0A850LVC3,0.498
A0A524ECH7,0.498
A0A524F199,0.496
A0A524EW27,0.496
A0A135VDZ2,0.496
A0A135VDT6,0.495
A0A5C9ERR9,0.495
A0A842RP01,0.495
A0A524CT37,0.495
A0A524C2G3,0.494
A0A849QCR1,0.493
A0A497QSI4,0.493
A0A3L6JGN9,0.493
A0A497Q6Q5,0.493
A0A842QGH8,0.492
A0A842QI25,0.492
A0A5C9EB51,0.491
A0A2U3CJL7,0.49
A0A842SB27,0.49
A0A842W537,0.49
A0A842SZT3,0.49
A0A0F8XVM9,0.489
A0A1Q9P3V0,0.489
A0A7K4HG84,0.489
A0A524F3T2,0.489
A0A497QCR0,0.489
A0A842VIF4,0.489
A0A523XNX9,0.488
A0A7K4CTM5,0.488
A0A7K4HIC6,0.488
A0A7K4HKB7,0.487
A0A7K4CRS9,0.487
A0A497PLL7,0.487
A0A850MRV6,0.487
A0A497PDV1,0.487
A0A524DCJ6,0.486
A0A842THS9,0.485
A0A524ETT0,0.484
A0A1Q9MVK4,0.484
A0A524EJF5,0.484
A0A497QR14,0.484
A0A524CUM7,0.484
A0A524M5F1,0.484
A0A1Q9NCW3,0.483
A0A497QSW8,0.483
A0A523XLU9,0.482
A0A7K4HFF3,0.482
A0A842TG08,0.482
A0A1Q9PEL4,0.482
A0A1Q9PDB8,0.481
A0A524FEQ3,0.481
A0A524CFV3,0.48
A0A1Q9NUJ7,0.48
A0A497PTM7,0.48
A0A7K4CZY9,0.48
A0A0F8XM72,0.48
A0A524D4Y4,0.479
A0A7K4CUP5,0.479
A0A842VVE0,0.479
A0A1Q9PFR7,0.479
A0A523RT07,0.479
A0A842TQ70,0.478
A0A842QJ02,0.478
A0A7K4CTX7,0.477
A0A524CQE6,0.477
A0A524LCM2,0.477
A0A842VV00,0.477
A0A7K4GT59,0.476
A0A842W5R7,0.475
A0A842VIA9,0.475
A0A7K4IGS6,0.475
A0A524CG19,0.474
A0A135VHK1,0.474
A0A524E308,0.474
A0A5C9E249,0.473
A0A1Q9N3R8,0.473
A0A842W202,0.473
A0A524F0D0,0.472
A0A524EJI2,0.472
A0A524LL84,0.472
A0A523RE83,0.472
A0A5C9ED93,0.472
A0A842VHZ0,0.471
A0A2U3CC30,0.471
A0A497QPV8,0.471
A0A524EU54,0.471
A0A7K4IGQ6,0.47
A0A1Q9N391,0.469
A0A523TEN2,0.469
A0A497QWE1,0.469
A0A524FJV5,0.469
A0A7K4IGA7,0.469
A0A497RGV5,0.469
A0A842VSA9,0.468
A0A842T7R7,0.468
A0A524EEV0,0.468
A0A135VG23,0.468
A0A1Q9NFN0,0.468
A0A842RJI1,0.468
A0A524LQA2,0.468
A0A524DU55,0.467
A0A524F1U5,0.467
A0A842TMH3,0.467
A0A842QGH3,0.466
A0A7K4H737,0.466
A0A532TXX8,0.466
A0A7K4GWH8,0.465
A0A524D9A0,0.465
A0A7K4GSJ7,0.464
A0A135VJA6,0.464
A0A1Q9NTT3,0.464
A0A842YI32,0.464
A0A532TR90,0.463
A0A532TYC3,0.463
A0A135VEI5,0.462
A0A842RV72,0.462
A0A523RI73,0.462
A0A497Q6A9,0.462
A0A842WZJ8,0.462
A0A842R697,0.462
A0A497QT37,0.461
A0A497Q5B0,0.461
A0A497QHB7,0.461
A0A5C9EHX3,0.46
A0A5C9EEH2,0.46
A0A7K4GLF5,0.46
A0A2E9CE87,0.459
A0A850M7G5,0.459
A0A524EG12,0.459
A0A524LWM0,0.459
A0A7K4H1Y1,0.458
A0A850M321,0.458
A0A524CHK6,0.458
A0A532TPK0,0.457
A0A524C5R2,0.457
A0A842RIE6,0.457
A0A523RZV8,0.456
A0A2U3CKY8,0.456
A0A523VUW7,0.455
A0A5C9F471,0.455
A0A5C9ELD9,0.455
A0A523TI67,0.455
A0A842TUE2,0.455
A0A850ML79,0.455
A0A497PRS1,0.455
A0A497RCG8,0.454
A0A3L6J8X7,0.454
A0A2U3CBN0,0.454
A0A523TAM3,0.454
A0A842SBL8,0.454
A0A5C9E4F2,0.453
A0A497PQS9,0.453
A0A524DZI1,0.453
A0A497QUX3,0.453
A0A1Q9NR12,0.452
A0A7K4H3S3,0.452
A0A842T8A9,0.452
A0A497PUD5,0.452
A0A1Q9P6U6,0.451
A0A497PSC2,0.451
A0A842VR86,0.451
A0A842VYY2,0.451
A0A843BYD4,0.45
A0A497PGX7,0.45
A0A842RHF1,0.45
A0A0F8W7B6,0.45
A0A7K4H8J2,0.45
A0A7K4CR93,0.45
A0A524EL84,0.449
A0A497PND1,0.449
A0A842QDY4,0.449
A0A524C820,0.449
A0A497QX90,0.449
A0A842VPM2,0.449
A0A1Q9P3H5,0.449
A0A524FX63,0.448
A0A850M0Z0,0.448
A0A524DYY7,0.448
A0A135VVX4,0.448
A0A1Q9MYX7,0.448
A0A523S1V0,0.447
A0A850MP23,0.447
A0A850LY82,0.447
A0A497PZT7,0.447
A0A7K4CUT5,0.446
A0A497PP73,0.446
A0A0F8YC96,0.446
A0A523XJW8,0.445
A0A842TJD6,0.445
A0A524M731,0.445
A0A842QDK6,0.445
A0A842VJ62,0.444
A0A7K4CRZ6,0.444
A0A842WM36,0.444
A0A850MIG6,0.443
A0A497QQX0,0.443
A0A7K4IDB7,0.443
A0A7K4CUD9,0.443
A0A524DAL1,0.443
A0A842W567,0.443
A0A0F8VL64,0.443
A0A532T9X1,0.442
A0A524DTD2,0.441
A0A842QBX4,0.441
A0A1Q9NR96,0.44
A0A135VTH3,0.44
A0A524ETI8,0.44
A0A5C9EUT0,0.44
A0A1Q9PBJ9,0.44
A0A842R8M4,0.439
A0A497PS03,0.439
A0A850LXL1,0.439
A0A524CR33,0.439
A0A1Q9P1D5,0.439
A0A7K4GSF5,0.439
A0A523S5W2,0.438
A0A5C9EKE4,0.438
A0A5C9EDQ6,0.438
A0A497PS50,0.438
A0A850MCH0,0.438
A0A0F8W3Y8,0.437
A0A842YCP3,0.437
A0A7K4D0B8,0.437
A0A7K4IH60,0.437
A0A7K4IHM3,0.436
A0A523TE66,0.436
A0A850LYP2,0.436
A0A850LSH1,0.436
A0A523XDW6,0.436
A0A0F8XGJ9,0.436
A0A1Q9NE84,0.436
A0A524CP74,0.436
A0A7K4IG35,0.436
A0A850LQK3,0.436
A0A842WPP6,0.435
A0A497QSG3,0.435
A0A842QIK6,0.434
A0A135VXK2,0.434
A0A1Q9N3S2,0.434
A0A850LTV1,0.434
A0A524MJR5,0.433
A0A524F072,0.433
A0A1Q9MU23,0.433
A0A523RAJ0,0.433
A0A524CUK8,0.433
A0A524CBP8,0.433
A0A523RFR6,0.433
A0A842YEW8,0.433
A0A842W3J5,0.432
A0A497R0T5,0.432
A0A842T804,0.432
A0A497Q440,0.432
A0A5C9E0G2,0.432
A0A842Q8R6,0.432
A0A2U3CFN7,0.432
A0A524DZZ5,0.432
A0A497Q9A6,0.432
A0A1Q9P255,0.431
A0A523RF55,0.431
A0A524EN91,0.431
A0A524FV76,0.431
A0A5C9E5A4,0.431
A0A842QIL5,0.431
A0A523SE11,0.431
A0A842REP9,0.431
A0A7K4GNA5,0.43
A0A497QKP4,0.43
A0A850MM70,0.43
A0A850M4J6,0.43
A0A524C1V6,0.43
A0A842RCJ7,0.429
A0A497PQH3,0.429
A0A5C9E5I3,0.428
A0A524DAR6,0.427
A0A850LWX4,0.427
A0A0F8Y849,0.427
A0A524G126,0.426
A0A7K4H9W4,0.426
A0A850MM84,0.426
A0A850LZ18,0.426
A0A497PHR3,0.426
A0A524EV53,0.426
A0A850MXW1,0.426
A0A135VRQ6,0.426
A0A842VLT1,0.426
A0A5C9EPG4,0.426
A0A524LHX7,0.425
A0A5C9E836,0.425
A0A843C2P5,0.425
A0A497QF36,0.425
A0A524D630,0.425
A0A7K4IB32,0.425
A0A524D142,0.425
A0A2E9CFG4,0.424
A0A1Q9NSH7,0.424
A0A523RYA0,0.423
A0A1Q9NDY4,0.423
A0A497R1E6,0.423
A0A524C9K7,0.423
A0A842RN86,0.423
A0A842YDB9,0.423
A0A497QFV2,0.423
A0A497QME0,0.422
A0A524M197,0.422
A0A3L6JQA3,0.422
A0A524FFD8,0.422
A0A523W483,0.421
A0A1Q9NZG6,0.421
A0A497QFX1,0.421
A0A135VAZ9,0.42
A0A842YA41,0.42
A0A842S7X0,0.42
A0A524CHS1,0.42
A0A524CVF1,0.42
A0A3L6JNG2,0.419
A0A497PLN7,0.419
A0A1Q9P7J0,0.419
A0A5C9F3V0,0.419
A0A524NUI5,0.419
A0A842UCQ0,0.418
A0A5C9E200,0.418
A0A1Q9N9E2,0.418
A0A842VSS7,0.417
A0A0F8Y294,0.417
A0A497PSZ4,0.416
A0A524D024,0.416
A0A524CV94,0.416
A0A842VRA5,0.416
A0A842VL71,0.416
A0A5B9D8T2,0.415
A0A524DGU5,0.415
A0A842QHK8,0.415
A0A5B9D8M0,0.415
A0A135VDN2,0.415
A0A524CKP2,0.415
A0A5C9ECQ5,0.414
A0A1Q9NBW0,0.414
A0A842TEM6,0.414
A0A524E519,0.414
A0A5B9DCE9,0.414
A0A523XJL6,0.414
A0A497R0F7,0.414
A0A842VI06,0.414
A0A7K4H305,0.413
A0A524F3S3,0.413
A0A524EDC0,0.413
A0A2U3CEB6,0.413
A0A850MER1,0.413
A0A849QAS0,0.413
A0A523TBY2,0.413
A0A524CRE8,0.413
A0A497QBD4,0.413
A0A497Q2B0,0.412
A0A497QVT4,0.412
A0A524CID8,0.412
A0A497PRW2,0.412
A0A842QEK8,0.412
A0A850MFY7,0.411
A0A524MHD5,0.411
A0A842RWJ8,0.411
A0A842TK99,0.41
A0A7K4GW85,0.41
A0A5C9EEI9,0.41
A0A7K4CMS5,0.41
A0A842YBK7,0.409
A0A524EHE4,0.409
A0A850LUV7,0.409
A0A842VYG9,0.409
A0A497PU86,0.409
A0A524CZB8,0.409
A0A524FUP9,0.409
A0A524DKM5,0.409
A0A135VBC1,0.408
A0A7K4HAU9,0.408
A0A849Q696,0.408
A0A1Q9P2Q2,0.408
A0A5C9EE60,0.408
A0A2U3CJM6,0.407
A0A524CRY0,0.407
A0A842TR56,0.406
A0A1Q9PCI8,0.406
A0A524EPK7,0.406
A0A7K4IDI3,0.406
A0A850LZS3,0.406
A0A850MF54,0.406
A0A0F8VIX4,0.406
A0A524CP46,0.406
A0A842V7Y2,0.405
A0A843BXH5,0.405
A0A497PS49,0.405
A0A524CJ86,0.405
A0A5C9EUL4,0.405
A0A850ML80,0.405
A0A523RIY1,0.405
A0A7K4CMU3,0.404
A0A850MJT0,0.404
A0A497PMC3,0.404
A0A850LRL5,0.404
A0A850MDT5,0.404
A0A842RTF7,0.403
A0A842TLU4,0.403
A0A1Q9MU80,0.403
A0A1Q9NA44,0.403
A0A850MB61,0.402
A0A842V8V8,0.402
A0A497QU45,0.402
A0A7K4H7T1,0.401
A0A135VGS5,0.401
A0A532TWB5,0.4
A0A1Q9P9F1,0.4
A0A524F4L6,0.399
A0A2U3CBY9,0.399
A0A2U3CBH2,0.399
A0A5B9DD18,0.398
A0A850LRN9,0.398
A0A524EIR9,0.398
A0A842W0D0,0.398
A0A1Q9MXX4,0.397
A0A850MP22,0.397
A0A523W133,0.397
A0A524EP31,0.397
A0A524FT86,0.397
A0A7K4D1Y8,0.397
A0A850LZP4,0.397
A0A497PA18,0.397
A0A524LHE5,0.397
A0A850MK48,0.396
A0A7K4H0Q9,0.396
A0A1Q9NNG8,0.396
A0A842TGU0,0.395
A0A850MRF0,0.395
A0A842VZ74,0.395
A0A7K4HIV3,0.395
A0A3L6JRZ4,0.394
A0A497PXA7,0.394
A0A5C9DU91,0.394
A0A524EA83,0.394
A0A532TI38,0.394
A0A5B9D597,0.394
A0A523XH04,0.394
A0A497R5V7,0.393
A0A842R8R2,0.393
A0A1Q9NMB8,0.393
A0A524CBJ1,0.393
A0A850MX10,0.393
A0A524EGD0,0.393
A0A524EVZ3,0.392
A0A850LYS3,0.392
A0A842QC04,0.392
A0A524CS71,0.391
A0A5C9EDQ7,0.391
A0A1Q9NKN7,0.391
A0A3L6JIF7,0.391
A0A5C9EYP7,0.391
A0A842TGY3,0.391
A0A497QJQ8,0.391
A0A0F8V922,0.391
A0A524EDW0,0.391
A0A850LSC8,0.39
A0A7K4HJN8,0.39
A0A2U3CCY9,0.39
A0A1Q9NMX5,0.39
A0A524D5G6,0.39
A0A532TF27,0.39
A0A524G5M0,0.39
A0A524CV64,0.389
A0A842T920,0.389
A0A842RJH8,0.389
A0A524G3F2,0.389
A0A497QL01,0.388
A0A497PG44,0.388
A0A7K4D095,0.388
A0A523RH36,0.388
A0A5B9DBA7,0.387
A0A523TJ32,0.387
A0A523RCZ1,0.387
A0A842X1U5,0.387
A0A5C9EDX9,0.387
A0A497QMX8,0.387
A0A7K4CXI2,0.387
A0A532TNL8,0.387
A0A7K4GX75,0.387
A0A524CTU1,0.387
A0A497QRU4,0.386
A0A524DT82,0.385
A0A524E849,0.385
A0A7K4IFF4,0.385
A0A3L6JKZ0,0.385
A0A524EH94,0.385
A0A1Q9NNA1,0.385
A0A524ETS5,0.385
A0A850MIA1,0.385
A0A7K4IGT2,0.384
A0A850MMT3,0.384
A0A7K4H744,0.384
A0A842RJS2,0.384
A0A850M0R2,0.384
A0A135VBI9,0.384
A0A135VU46,0.384
A0A7K4CXM0,0.384
A0A524E244,0.383
A0A0F8YA08,0.383
A0A842SZA7,0.383
A0A497R7D2,0.383
A0A524G9C9,0.383
A0A842RJ89,0.383
A0A1Q9NDZ7,0.383
A0A1Q9PBZ1,0.383
A0A497QI15,0.382
A0A842V744,0.382
A0A497PLY6,0.382
A0A524MF61,0.382
A0A842REK8,0.382
A0A5C9EUI1,0.382
A0A524CL36,0.382
A0A524FBP2,0.382
A0A1Q9MU93,0.382
A0A5C9EBI5,0.381
A0A497R130,0.381
A0A524CQH5,0.381
A0A497REU1,0.381
A0A842VV53,0.381
A0A497RA24,0.381
A0A497QCE6,0.38
A0A523W107,0.38
A0A523VVF1,0.38
A0A524ET71,0.38
A0A842QHX6,0.38
A0A532TJW7,0.379
A0A842VSK3,0.379
A0A3L6JH45,0.379
A0A1Q9PCM9,0.379
A0A850MBJ1,0.379
A0A524CUJ8,0.378
A0A524DF88,0.378
A0A7K4CUM0,0.378
A0A135VS89,0.378
A0A524NYX4,0.378
A0A842VSM3,0.378
A0A842WTT5,0.377
A0A842U4G7,0.377
A0A850M2K1,0.377
A0A5C9EBC2,0.377
A0A524CDM7,0.377
A0A2E9CDY2,0.377
A0A843BUB5,0.377
A0A842UAL9,0.376
A0A3L6JRI8,0.376
A0A497PYP5,0.376
A0A843BTY5,0.376
A0A497QH12,0.376
A0A842S6C7,0.376
A0A843BRZ2,0.376
A0A5C9ET65,0.376
A0A497QMD1,0.376
A0A524E7M0,0.375
A0A2U3CJM2,0.375
A0A497PE32,0.375
A0A524L634,0.375
A0A3L6J7N6,0.375
A0A524DUJ5,0.375
A0A524E984,0.375
A0A5B9D9H3,0.375
A0A524P2E1,0.375
A0A524E7A5,0.375
A0A7K4HEE5,0.375
A0A842TAH0,0.374
A0A7K4IDZ6,0.374
A0A497Q644,0.374
A0A497QSX7,0.374
A0A7K4CRP6,0.374
A0A532TNQ3,0.374
A0A1Q9NJK0,0.373
A0A1Q9PCC6,0.373
A0A842SYE7,0.373
A0A5C9EJL7,0.373
A0A5C9DVE8,0.373
A0A524D766,0.373
A0A524CI54,0.373
A0A1Q9P7M9,0.373
A0A497QLK9,0.373
A0A7K4CWM0,0.373
A0A850MBJ7,0.372
A0A0F8XHN4,0.372
A0A524F587,0.372
A0A842TQV1,0.372
A0A842VNR0,0.371
A0A842TIS3,0.371
A0A524FTT2,0.371
A0A5C9E0F2,0.371
A0A850MND8,0.37
A0A7K4IA20,0.37
A0A842TGY2,0.369
A0A850LWA0,0.369
A0A7K4IBG8,0.369
A0A842RAH0,0.369
A0A850LY76,0.369
A0A135VJI7,0.369
A0A5C9E8U4,0.368
A0A135VG55,0.368
A0A524DQN9,0.368
A0A524FKI0,0.368
A0A842R9W0,0.367
A0A497Q825,0.367
A0A524EJU4,0.367
A0A842QDV1,0.367
A0A135VQN0,0.367
A0A1Q9NQK1,0.367
A0A842QFC7,0.367
A0A5C9ELR8,0.367
A0A524D9G2,0.367
A0A842VBI7,0.367
A0A524FA04,0.367
A0A524DWK5,0.366
A0A497QHM0,0.366
A0A524FDE3,0.366
A0A1Q9P5B2,0.366
A0A3L6JI84,0.366
A0A523S269,0.366
A0A7K4GYS2,0.365
A0A497PI70,0.365
A0A1Q9MXG4,0.365
A0A524FG72,0.365
A0A523RZ43,0.365
A0A523SA53,0.365
A0A497PMU2,0.365
A0A843BY60,0.365
A0A1Q9N2W2,0.364
A0A532TKB2,0.364
A0A497R0V5,0.364
A0A7K4D1A6,0.364
A0A5C9ERW9,0.364
A0A523VNF0,0.364
A0A524FD39,0.363
A0A524DPW2,0.363
A0A497QC34,0.363
A0A842WWZ5,0.363
A0A524FZX2,0.363
A0A5C9ED42,0.363
A0A497PZ60,0.362
A0A523TCR4,0.362
A0A1Q9NI78,0.362
A0A850MLZ1,0.362
A0A7K4CSU4,0.362
A0A524LDI1,0.362
A0A1Q9MV30,0.362
A0A7K4H8Z3,0.362
A0A524D2C6,0.362
A0A524P294,0.361
A0A524F9K2,0.361
A0A842VQI1,0.361
A0A850LPZ7,0.361
A0A842W2N5,0.361
A0A842VYN9,0.36
A0A524FJ07,0.36
A0A1Q9NNW3,0.36
A0A7K4IHT1,0.36
A0A7K4CZX5,0.36
A0A497R0N4,0.36
A0A524EFM4,0.36
A0A497PPZ7,0.36
A0A524FFS0,0.36
A0A842VUD2,0.36
A0A1Q9PG59,0.36
A0A842YCF7,0.359
A0A1Q9NVD2,0.359
A0A842VSJ6,0.359
A0A523RIU5,0.359
A0A532TFV8,0.359
A0A842REL5,0.359
A0A1Q9P4F0,0.359
A0A524G4Q0,0.359
A0A524F4W2,0.358
A0A523S9P2,0.358
A0A842T8X5,0.358
A0A842RCX1,0.358
A0A842WT99,0.358
A0A7C0Y9V0,0.358
A0A524EU45,0.358
A0A842U340,0.358
A0A497PV55,0.358
A0A497Q9P3,0.357
A0A1Q9NUP2,0.357
A0A842U8D2,0.357
A0A524C8M6,0.357
A0A1Q9NP28,0.357
A0A524ETZ1,0.356
A0A524C9A3,0.356
A0A5C9E2B1,0.356
A0A5C9EVD0,0.356
A0A523RWB0,0.356
A0A524FAA2,0.356
A0A524CZ95,0.356
A0A850MIL8,0.356
A0A850MIY6,0.356
A0A842SUU8,0.356
A0A135VMP7,0.356
A0A7K4CUD2,0.355
A0A1Q9NU22,0.355
A0A850M7E6,0.355
A0A7K4CPS5,0.355
A0A1Q9P503,0.355
A0A850M7C0,0.355
A0A523RR03,0.354
A0A524CE40,0.354
A0A524DX61,0.354
A0A1Q9NBS2,0.354
A0A842QD04,0.354
A0A135VZJ2,0.354
A0A2U3CDH8,0.354
A0A850MEH9,0.353
A0A524M1S2,0.353
A0A842WWE5,0.353
A0A497QZ91,0.352
A0A2U3CH65,0.352
A0A523RF30,0.352
A0A497QJS9,0.352
A0A842QEL7,0.352
A0A135VZ46,0.352
A0A3L6JKB3,0.352
A0A7K4IA00,0.352
A0A842WN85,0.351
A0A1Q9NVV0,0.351
A0A842W1G7,0.351
A0A524DCT6,0.351
A0A5C9E851,0.351
A0A7K4CX05,0.351
A0A497PSD1,0.351
A0A842RRF4,0.351
A0A2E9CEY6,0.351
A0A842VHK9,0.351
A0A1Q9P148,0.351
A0A842T004,0.35
A0A524EWQ4,0.35
A0A497QA36,0.35
A0A524FFX9,0.35
A0A524CZY4,0.35
A0A5C9EQ48,0.35
A0A1Q9PA35,0.35
A0A5C9E768,0.349
A0A1Q9NV73,0.349
A0A7K4ICT6,0.349
A0A524FX79,0.349
A0A843BSK5,0.349
A0A524F7P2,0.349
A0A3L6J9T0,0.349
A0A524FXQ1,0.349
A0A3L6JDR1,0.349
A0A850M3X2,0.349
A0A524P2U4,0.349
A0A497PQK3,0.349
A0A842R8C1,0.349
A0A850MQW4,0.349
A0A842RA20,0.348
A0A842QGW5,0.348
A0A524CLB7,0.348
A0A524G4C3,0.348
A0A497PQ62,0.348
A0A532TEJ5,0.348
A0A524DD28,0.348
A0A135VKF6,0.347
A0A842RGN9,0.347
A0A842VGJ5,0.347
A0A523VWE9,0.347
A0A5B9D736,0.347
A0A524DCT2,0.347
A0A0F8XWF4,0.347
A0A850MCH2,0.347
A0A7K4CPC7,0.347
A0A524P5W1,0.346
A0A497PQQ8,0.346
A0A842RG08,0.346
A0A7K4H4H5,0.346
A0A850MKH8,0.346
A0A524FGW5,0.346
A0A842RIK7,0.346
A0A524FK83,0.346
A0A7K4CPG4,0.346
A0A5B9D662,0.346
A0A5C9EHB1,0.346
A0A850MD35,0.346
A0A524LBF6,0.346
A0A1Q9P6U0,0.346
A0A850LV29,0.345
A0A842RHY8,0.345
A0A842W2X2,0.345
A0A3L6JR11,0.345
A0A7K4ICW8,0.345
A0A524EXA1,0.345
A0A842V9K5,0.345
A0A1Q9P7X8,0.344
A0A7K4IE95,0.344
A0A524E2T6,0.344
A0A2E9CGF9,0.344
A0A497QVM9,0.344
A0A497R2F1,0.344
A0A3L6JJI0,0.343
A0A842UAU6,0.343
A0A532TSH3,0.343
A0A524EX92,0.343
A0A5C9E1R4,0.343
A0A524EG43,0.343
A0A850LTT8,0.343
A0A523R7A4,0.343
A0A0F8W3I2,0.343
A0A497QJ03,0.343
A0A524LML9,0.343
A0A850MM93,0.342
A0A135VTD1,0.342
A0A842WW96,0.342
A0A524C6J7,0.342
A0A524C1R4,0.342
A0A842RZD9,0.342
A0A850MF26,0.342
A0A1Q9NYS7,0.342
A0A842TDU4,0.342
A0A850M791,0.342
A0A850M7G7,0.342
A0A842S505,0.342
A0A3L6JPR6,0.341
A0A842T1C7,0.341
A0A5C9EEB3,0.341
A0A524LMF9,0.341
A0A850M5F6,0.341
A0A7K4GWA7,0.34
A0A850MCL1,0.34
A0A850LZI7,0.34
A0A135VZR2,0.34
A0A523RYA8,0.34
A0A850LRI8,0.34
A0A842QGF1,0.34
A0A497PLS8,0.34
A0A523VNS7,0.34
A0A524D0H6,0.34
A0A532TLW3,0.34
A0A850M059,0.34
A0A524DXD0,0.34
A0A5C9EEK5,0.339
A0A1Q9PAL4,0.339
A0A524EU34,0.339
A0A524FBL1,0.339
A0A524DTL5,0.339
A0A850LX01,0.339
A0A1Q9N3R3,0.339
A0A524E5E5,0.338
A0A523RR23,0.338
A0A842TK63,0.338
A0A842QBI9,0.338
A0A532TM91,0.338
A0A524CYY2,0.338
A0A497PKV2,0.338
A0A524D1X7,0.337
A0A135VHU0,0.337
A0A497PIE5,0.337
A0A0F8VJL0,0.337
A0A842QE27,0.337
A0A1Q9PE56,0.337
A0A524DVF0,0.337
A0A842QCY6,0.337
A0A850MHZ7,0.337
A0A3L6JKU4,0.337
A0A524DP54,0.336
A0A532TPD6,0.336
A0A524D9Q0,0.336
A0A497Q4Y2,0.336
A0A850M3M0,0.336
A0A7K4H1H9,0.335
A0A497QV86,0.335
A0A524CWZ9,0.335
A0A524F8R9,0.335
A0A5C9E7F1,0.335
A0A843BYC0,0.335
A0A1Q9NC57,0.335
A0A1Q9P0Q1,0.334
A0A5B9DB48,0.334
A0A0F8VHY3,0.334
A0A850LWP2,0.334
A0A850MRA7,0.334
A0A842U528,0.334
A0A524CTK9,0.334
A0A524ESW7,0.334
A0A850LXI5,0.334
A0A850MK50,0.333
A0A5C9EBI9,0.333
A0A523X6K2,0.333
A0A842X091,0.333
A0A7K4HCB0,0.333
A0A842U235,0.333
A0A524DQ26,0.333
A0A850M2A9,0.333
A0A497Q7Y3,0.333
A0A497QWQ1,0.333
A0A135VBE4,0.332
A0A5C9E9S9,0.332
A0A524M4R4,0.332
A0A850LVR3,0.332
A0A524LI04,0.332
A0A7K4HGV7,0.332
A0A524F271,0.332
A0A842TTR2,0.331
A0A7K4IBC2,0.331
A0A850LR32,0.331
A0A524CBA4,0.331
A0A3L6JNJ5,0.331
A0A523X9K2,0.331
A0A523S0Y2,0.331
A0A1Q9MUY9,0.331
A0A524FD38,0.331
A0A849QE47,0.331
A0A1Q9MW30,0.33
A0A842TWB9,0.33
A0A842TG15,0.33
A0A524FQP8,0.33
A0A842QHZ7,0.329
A0A1Q9NXY6,0.329
A0A3L6JQ10,0.329
A0A497RC93,0.329
A0A135VTA3,0.329
A0A7K4HC25,0.329
A0A842U4I1,0.329
A0A135VRH4,0.329
A0A7K4H6E3,0.329
A0A524D4L0,0.328
A0A1Q9NVU2,0.328
A0A524P3S0,0.328
A0A523S6D6,0.328
A0A524G2H5,0.328
A0A0F8VCX9,0.328
A0A5B9D766,0.328
A0A5C9E2K7,0.328
A0A524ERV2,0.328
A0A524M1I7,0.328
A0A497QHT2,0.327
A0A524FG81,0.327
A0A842VRY2,0.327
A0A3L6JIC4,0.327
A0A524M685,0.327
A0A524FSK5,0.326
A0A524MC48,0.326
A0A5C9EPW8,0.326
A0A3L6JCE5,0.326
A0A135VZP7,0.326
A0A842TII1,0.326
A0A524FGU0,0.326
A0A524CHX1,0.326
A0A3L6JF95,0.326
A0A524DRZ4,0.326
A0A842VSB2,0.326
A0A532TIT9,0.326
A0A842QJ97,0.325
A0A135VRP0,0.325
A0A842QAF4,0.325
A0A524CGC8,0.325
A0A842X0Z1,0.325
A0A1Q9NI37,0.325
A0A850M2Q8,0.325
A0A524DH56,0.325
A0A497PM29,0.325
A0A5C9DXK1,0.325
A0A524GAV4,0.325
A0A850M203,0.325
A0A842T592,0.325
A0A1Q9N3K8,0.325
A0A497PYE6,0.324
A0A850LS95,0.324
A0A524D4I7,0.324
A0A524FGZ0,0.324
A0A497QM48,0.324
A0A497QRG6,0.323
A0A1Q9NLD3,0.323
A0A524DTR1,0.323
A0A524E139,0.323
A0A5C9EJD1,0.323
A0A842TLK8,0.323
A0A1Q9P0K1,0.322
A0A850MNL8,0.322
A0A1Q9NYK9,0.322
A0A524CQM9,0.322
A0A524E2M6,0.322
A0A3L6JKP8,0.322
A0A5C9DVY3,0.322
A0A135VF24,0.322
A0A842TCK7,0.322
A0A524E5B5,0.322
A0A842T4G2,0.322
A0A1Q9NF72,0.322
A0A497Q704,0.321
A0A524DPM3,0.321
A0A1Q9MVH7,0.321
A0A524CI50,0.321
A0A497R263,0.321
A0A524F3R5,0.321
A0A7K4H868,0.321
A0A2U3CIJ7,0.321
A0A842TGU5,0.321
A0A524G378,0.321
A0A497Q0A5,0.32
A0A532TN60,0.32
A0A135VJI8,0.32
A0A1Q9NIV3,0.32
A0A1Q9PCA8,0.32
A0A524CFV4,0.32
A0A524DXA6,0.319
A0A524CHK4,0.319
A0A5C9EVW5,0.319
A0A5C9EDZ4,0.318
A0A850M0K2,0.318
A0A1Q9NF54,0.318
A0A1Q9P232,0.318
A0A7K4HDE7,0.318
A0A497PW68,0.318
A0A523THR8,0.318
A0A497PCC7,0.318
A0A1Q9NQC2,0.318
A0A497QB77,0.318
A0A842QBY0,0.317
A0A523XA40,0.317
A0A842QCS1,0.317
A0A497P8R2,0.317
A0A497R7S1,0.317
A0A850M4W2,0.317
A0A524C8L3,0.317
A0A524CRJ0,0.317
A0A842VZF9,0.316
A0A7K4CUF1,0.316
A0A1Q9NC27,0.316
A0A1Q9NWC4,0.316
A0A5C9DX73,0.316
A0A497QHR7,0.316
A0A842VYN4,0.316
A0A1Q9P2J8,0.316
A0A1Q9N1W5,0.316
A0A523TBU3,0.315
A0A5C9E5Q3,0.315
A0A7K4CSP5,0.315
A0A497P8Q5,0.315
A0A850MC21,0.315
A0A7K4CNA0,0.315
A0A524DJ78,0.315
A0A524EAI2,0.315
A0A497PI43,0.315
A0A532TY24,0.315
A0A0F8VL87,0.315
A0A524EFJ8,0.315
A0A3L6JF27,0.315
A0A3L6JF08,0.315
A0A1Q9NZ24,0.315
A0A524DWH1,0.314
A0A1Q9MXX6,0.314
A0A842YAH0,0.314
A0A7K4I9U6,0.314
A0A524CNF5,0.314
A0A532TUC2,0.314
A0A497R2G4,0.314
A0A1Q9MTZ5,0.314
A0A842VLA3,0.314
A0A524E9U2,0.313
A0A843C2F9,0.313
A0A5C9DZQ4,0.313
A0A850LQP3,0.313
A0A524D4U4,0.313
A0A842RT27,0.313
A0A497PT36,0.313
A0A842X1R1,0.313
A0A523XLW6,0.313
A0A7K4H6L3,0.313
A0A850M4P3,0.313
A0A0F8VAP2,0.313
A0A850MPR6,0.313
A0A524FXM6,0.313
A0A850M588,0.312
A0A850LNX9,0.312
A0A497QHU7,0.312
A0A2U3CD94,0.312
A0A497PG84,0.312
A0A524DU79,0.312
A0A1Q9NG37,0.312
A0A524DD38,0.312
A0A524E1S2,0.312
A0A135VJ42,0.312
A0A524FLY3,0.312
A0A0F8VEZ4,0.312
A0A850M8C6,0.311
A0A5C9EKZ7,0.311
A0A524FP96,0.311
A0A850MQH1,0.311
A0A524M3X4,0.311
A0A497Q8H5,0.311
A0A1Q9MS00,0.311
A0A524LA07,0.311
A0A850MAE0,0.311
A0A0F8XVU7,0.311
A0A497PFN1,0.311
A0A842S0M6,0.311
A0A3L6JDE9,0.311
A0A532TD46,0.31
A0A524EDF7,0.31
A0A842T1N5,0.31
A0A850ME45,0.31
A0A524D9T6,0.31
A0A524LGS7,0.31
A0A5C9EXG8,0.31
A0A842R8B7,0.309
A0A524FEX8,0.309
A0A524D3N2,0.309
A0A523S2S9,0.309
A0A5C9DZ95,0.309
A0A1Q9MWC9,0.309
A0A850MCE1,0.309
A0A1Q9PD89,0.309
A0A524CRA4,0.309
A0A0F8W1H5,0.309
A0A3L6JF42,0.309
A0A5B9DE77,0.308
A0A135VXD3,0.308
A0A524FFT6,0.308
A0A842VU03,0.308
A0A524FGE0,0.308
A0A3L6JA61,0.308
A0A0F8VEB1,0.308
A0A532TLB8,0.308
A0A7K4HCN3,0.308
A0A842RFZ1,0.308
A0A7K4IF34,0.308
A0A524FGF6,0.308
A0A523RTC5,0.308
A0A0F8Y000,0.307
A0A524FX62,0.307
A0A524C6S4,0.307
A0A532TJY7,0.307
A0A497Q131,0.307
A0A523S041,0.307
A0A842YGV8,0.307
A0A1Q9N440,0.307
A0A1Q9MV39,0.307
A0A0F8VKM7,0.307
A0A497QE51,0.307
A0A524CXL6,0.307
A0A842WWP3,0.306
A0A524DEL7,0.306
A0A850MU61,0.306
A0A523RWP2,0.306
A0A524EPK8,0.305
A0A842T4V8,0.305
A0A843BTF9,0.305
A0A532TWR1,0.305
A0A524CHW6,0.305
A0A497QJW6,0.305
A0A842RC72,0.305
A0A524F4V6,0.305
A0A850LRK6,0.304
A0A1Q9PEB2,0.304
A0A7K4CV90,0.304
A0A3L6JE46,0.304
A0A524CFH9,0.304
A0A1Q9NFU6,0.304
A0A523R648,0.304
A0A842QKN9,0.304
A0A524FJU5,0.304
A0A524GAC9,0.304
A0A524DE71,0.304
A0A7K4CWV3,0.304
A0A497PGB0,0.304
A0A524E755,0.304
A0A842VGX8,0.304
A0A524FKH7,0.304
A0A523VU85,0.304
A0A5B9DB69,0.303
A0A524E318,0.303
A0A523X5I2,0.303
A0A7K4CUU7,0.303
A0A1Q9NMS6,0.303
A0A524CPZ5,0.303
A0A524G0W6,0.303
A0A524DQE6,0.303
A0A524FK70,0.303
A0A850LQS4,0.303
A0A135VTW9,0.303
A0A850MJN0,0.303
A0A2U3CF09,0.303
A0A7K4CRM7,0.303
A0A842TEM3,0.303
A0A7K4GRD6,0.303
A0A842T6R0,0.303
A0A497QII0,0.302
A0A850M6F4,0.302
A0A7K4IGD5,0.302
A0A842VIU0,0.302
A0A5C9DVP9,0.302
A0A1Q9NJY6,0.302
A0A524M4P4,0.302
A0A0F8VC60,0.302
A0A524ESK0,0.302
A0A1Q9P7I2,0.302
A0A524LC41,0.302
A0A135VXC1,0.302
A0A524D9E1,0.302
A0A842S0I2,0.302
A0A135VMP2,0.302
A0A5C9DWN7,0.302
A0A5C9E690,0.302
A0A524FM75,0.302
A0A524FA52,0.302
A0A523R5Y3,0.301
A0A523TD68,0.301
A0A850LQU4,0.301
A0A7K4GZB5,0.301
A0A842T5R8,0.301
A0A497QCV8,0.301
A0A842U738,0.301
A0A7K4CWT8,0.301
A0A524DB33,0.301
A0A524F622,0.301
A0A842YBF6,0.301
A0A3L6J9D4,0.3
A0A524CTA8,0.3
A0A524M4H2,0.3
A0A1Q9NZV6,0.3
A0A524CYJ5,0.3
A0A3L6JG82,0.3
A0A1Q9NRP9,0.3
A0A1Q9NRI5,0.3
A0A497QR35,0.3
A0A842RMA6,0.3
A0A2U3CHB5,0.3
A0A497PT64,0.3
A0A842VVF8,0.3
A0A524EP43,0.3
A0A842W0T7,0.3
A0A842RIQ9,0.299
A0A524LBU7,0.299
A0A842T792,0.299
A0A0F8VFT6,0.299
A0A497PA85,0.299
A0A524G8X1,0.299
A0A7K4IFG2,0.299
A0A135VZS8,0.298
A0A524EZP4,0.298
A0A842VA44,0.298
A0A842RYI3,0.298
A0A523XCA0,0.298
A0A842S085,0.298
A0A7K4CN50,0.298
A0A850LT45,0.298
A0A842YCL6,0.298
A0A842TAA6,0.298
A0A135VIE2,0.298
A0A850LXJ0,0.298
A0A497QF46,0.298
A0A843C3T8,0.298
A0A1Q9MWH4,0.298
A0A5C9F2Q1,0.298
A0A850LPW2,0.298
A0A524M9J4,0.297
A0A5C9EBH6,0.297
A0A1Q9NK32,0.297
A0A497QHN8,0.297
A0A850LWV2,0.297
A0A524D3F2,0.296
A0A135VD55,0.296
A0A524DX57,0.296
A0A842WQY8,0.296
A0A5C9EEV5,0.296
A0A523S564,0.296
A0A842RE75,0.296
A0A842TG82,0.296
A0A523SBM7,0.296
A0A5C9EHJ6,0.296
A0A842WQP8,0.296
A0A524D1G1,0.296
A0A524E699,0.295
A0A523VMC2,0.295
A0A497QVN3,0.295
A0A497QL43,0.295
A0A1Q9N1I1,0.295
A0A497R122,0.295
A0A524F4R3,0.295
A0A850ML44,0.295
A0A7C0U9L7,0.295
A0A850LYJ4,0.295
A0A850MQL5,0.295
A0A842U641,0.295
A0A524CU50,0.295
A0A524E4W8,0.295
A0A524ER91,0.295
A0A523VVM0,0.295
A0A1Q9MVD0,0.295
A0A524G7N2,0.295
A0A524M4V6,0.294
A0A524DSU9,0.294
A0A524CK57,0.294
A0A497P8R1,0.294
A0A842QF96,0.294
A0A523S015,0.294
A0A842WWU1,0.294
A0A842SEK2,0.294
A0A524FM73,0.294
A0A842WR41,0.294
A0A524DA88,0.294
A0A524CYK6,0.294
A0A850M5V2,0.294
A0A842VQ46,0.294
A0A842QDR7,0.293
A0A850M7N6,0.293
A0A523S176,0.293
A0A497QUC1,0.293
A0A497PWP8,0.293
A0A524FQB4,0.293
A0A497QPL8,0.293
A0A524EVI4,0.293
A0A842RBG3,0.293
A0A532TVD2,0.293
A0A523R8U8,0.293
A0A842RGN8,0.293
A0A842WUR8,0.293
A0A5B9DC55,0.293
A0A5B9DBB5,0.292
A0A850LUY6,0.292
A0A842TL25,0.292
A0A842W134,0.292
A0A0F8VPF8,0.292
A0A850MKH4,0.292
A0A3L6JIL3,0.292
A0A1Q9N200,0.292
A0A842W170,0.291
A0A842S381,0.291
A0A524CTV8,0.291
A0A1Q9N0Q3,0.291
A0A850LSD3,0.291
A0A524CTP2,0.291
A0A524FSE9,0.291
A0A524CN16,0.291
A0A842VFN6,0.291
A0A1Q9NCC1,0.291
A0A1Q9N405,0.291
A0A7K4CYW8,0.291
A0A497PB23,0.291
A0A5B9DGJ2,0.291
A0A842RKH1,0.291
A0A5C9EUW7,0.291
A0A497PXF2,0.291
A0A523TMI9,0.29
A0A1Q9NI94,0.29
A0A1Q9P9I6,0.29
A0A842S1P1,0.29
A0A523S8L1,0.29
A0A497RAJ5,0.29
A0A497R0E4,0.29
A0A523TSZ3,0.29
A0A842WT33,0.29
A0A3L6JTT7,0.29
A0A524G187,0.29
A0A497PF40,0.29
A0A1Q9P2T5,0.289
A0A0F8Y2R5,0.289
A0A497PPY9,0.289
A0A1Q9N2R7,0.289
A0A523S781,0.289
A0A842RBG6,0.289
A0A5C9DT89,0.289
A0A842QF42,0.289
A0A842T8D5,0.289
A0A524M2S3,0.289
A0A842VRZ5,0.289
A0A1Q9P910,0.289
A0A842RQM7,0.289
A0A523SDD3,0.289
A0A842TGX5,0.289
A0A850LUQ8,0.289
A0A524C685,0.289
A0A842VXR3,0.289
A0A842VEV3,0.288
A0A524G6G2,0.288
A0A842VP99,0.288
A0A524EFQ8,0.288
A0A849QI77,0.288
A0A497QMD9,0.288
A0A3L6JUG7,0.288
A0A842VF30,0.288
A0A524MAN3,0.288
A0A0F8V7E6,0.288
A0A497PCZ8,0.288
A0A524CJG6,0.288
A0A524DY31,0.288
A0A7K4IE43,0.288
A0A7K4H897,0.288
A0A842TFH0,0.287
A0A1Q9NIL2,0.287
A0A5C9F033,0.287
A0A524FVF2,0.287
A0A135VGF9,0.287
A0A3L6JLM8,0.287
A0A1Q9NAP7,0.287
A0A1Q9PCZ2,0.287
A0A842TJ60,0.287
A0A1Q9NZ58,0.287
A0A842U6F3,0.287
A0A850LPK4,0.287
A0A497R9Q4,0.287
A0A1Q9NR37,0.287
A0A497R0U4,0.287
A0A523THC1,0.287
A0A1Q9PC91,0.287
A0A524EDK0,0.287
A0A849Q8L3,0.287
A0A524F385,0.287
A0A524C5Y1,0.287
A0A842T6K7,0.286
A0A3L6JBB0,0.286
A0A524D4M4,0.286
A0A5B9DDJ6,0.286
A0A135VBT8,0.286
A0A524FBR3,0.286
A0A5B9DCM2,0.286
A0A842RFE8,0.286
A0A850LTS2,0.286
A0A524CG83,0.286
A0A842TEU7,0.286
A0A524C5M9,0.286
A0A842T3T6,0.286
A0A135VIU6,0.286
A0A523RZ17,0.286
A0A842T062,0.285
A0A7K4HK92,0.285
A0A497PVN5,0.285
A0A1Q9NHZ4,0.285
A0A842QIW2,0.285
A0A135VBC3,0.285
A0A497PTS2,0.285
A0A842TEP6,0.285
A0A497QS76,0.285
A0A5C9EYC1,0.285
A0A524CPK2,0.285
A0A135VJZ8,0.285
A0A135VXN7,0.285
A0A842U6L6,0.285
A0A842QF70,0.285
A0A1Q9P1E3,0.285
A0A7K4H2J6,0.285
A0A842RI72,0.285
A0A524DLP1,0.285
A0A497PDC7,0.285
A0A524EQB2,0.285
A0A135VSH6,0.285
A0A497Q3X9,0.284
A0A524F044,0.284
A0A524DE69,0.284
A0A842TEC7,0.284
A0A7K4H4P5,0.284
A0A523TB70,0.284
A0A1Q9N2T0,0.284
A0A1Q9N8J3,0.284
A0A524FI16,0.284
A0A3L6JND8,0.284
A0A1Q9NEB3,0.284
A0A7K4CW43,0.284
A0A524CA29,0.284
A0A842WS42,0.284
A0A850LRZ1,0.284
A0A524E073,0.284
A0A842TLE9,0.283
A0A5C9E1X2,0.283
A0A523S5J0,0.283
A0A5C9E2Q2,0.283
A0A7K4CRL7,0.283
A0A850LSS0,0.283
A0A135VR54,0.283
A0A524E9K5,0.283
A0A524FS29,0.283
A0A850M229,0.283
A0A842RH94,0.283
A0A524CNE8,0.283
A0A1Q9N0X4,0.283
A0A1Q9MVY6,0.283
A0A842V9A6,0.283
A0A7K4IGC6,0.283
A0A524E043,0.283
A0A523RPA3,0.282
A0A497QTY2,0.282
A0A524DNT5,0.282
A0A842TKM2,0.282
A0A3L6J6R0,0.282
A0A524EAU6,0.282
A0A497PWY0,0.282
A0A7K4H6F2,0.282
A0A524ETS4,0.282
A0A532TPK1,0.282
A0A524DR45,0.282
A0A524LZ72,0.282
A0A843BPG1,0.282
A0A842SWU3,0.282
A0A497RAQ9,0.281
A0A2U3CEX2,0.281
A0A850MCE7,0.281
A0A7K4H122,0.281
A0A524EYK8,0.281
A0A524CR44,0.281
A0A524FCR9,0.281
A0A523TEI0,0.281
A0A3L6J777,0.281
A0A7K4IEB7,0.281
A0A524F4E2,0.281
A0A524FDT5,0.281
A0A523TC27,0.281
A0A842QA89,0.281
A0A524DF23,0.281
A0A523RHJ4,0.281
A0A523S3J7,0.281
A0A7K4CMI3,0.28
A0A1Q9NDF8,0.28
A0A524DC58,0.28
A0A1Q9N2M8,0.28
A0A497PA98,0.28
A0A7K4ID25,0.28
A0A5C9EXX2,0.28
A0A524L9X2,0.28
A0A3L6JQC5,0.28
A0A497QH84,0.28
A0A497Q304,0.28
A0A5C9EHL1,0.28
A0A842TKH8,0.28
A0A842R986,0.28
A0A1Q9P4B3,0.28
A0A5C9ECJ3,0.279
A0A842RYD7,0.279
A0A850MVE2,0.279
A0A524EJ22,0.279
A0A842U475,0.279
A0A1Q9N9Z5,0.279
A0A524EJI8,0.279
A0A842VL06,0.279
A0A842QKE0,0.279
A0A524FSV3,0.279
A0A1Q9MSZ1,0.279
A0A524D5D4,0.279
A0A842U210,0.279
A0A850LQ01,0.279
A0A524C5N1,0.279
A0A850MUB6,0.279
A0A1Q9PET2,0.279
A0A532TJA4,0.279
A0A524CZN2,0.279
A0A850MLH2,0.278
A0A524CNM3,0.278
A0A7K4CQV8,0.278
A0A532TKB7,0.278
A0A842VWJ1,0.278
A0A849QDV2,0.278
A0A0F8VBB0,0.278
A0A5B9D765,0.278
A0A1Q9MQU3,0.278
A0A1Q9NE63,0.278
A0A497QF01,0.278
A0A1Q9NE05,0.278
A0A7K4IHI9,0.278
A0A842VQG9,0.278
A0A842TJK8,0.278
A0A1Q9PEQ4,0.278
A0A524FDA7,0.278
A0A7K4GW38,0.278
A0A2E9CFF3,0.277
A0A842T1M6,0.277
A0A524MEY0,0.277
A0A842RXN1,0.277
A0A497QM65,0.277
A0A524GAD2,0.277
A0A523RVU1,0.277
A0A524EYG0,0.277
A0A524D915,0.277
A0A842TLY4,0.277
A0A850MB18,0.277
A0A532TMP7,0.277
A0A523XI74,0.277
A0A524FGV6,0.276
A0A524DUU0,0.276
A0A7K4CN43,0.276
A0A524CKD9,0.276
A0A842VMU9,0.276
A0A850MPA8,0.276
A0A497QCW0,0.276
A0A7K4CZ87,0.276
A0A524F8U9,0.276
A0A497QN84,0.276
A0A497Q599,0.276
A0A842VQC0,0.276
A0A842TPB9,0.276
A0A843BW35,0.276
A0A5C9E0U4,0.276
A0A524EQ45,0.276
A0A524FA80,0.276
A0A5C9EEK2,0.276
A0A524EWM7,0.275
A0A850MHZ3,0.275
A0A524CVP8,0.275
A0A842VM25,0.275
A0A497QRP3,0.275
A0A842TMA2,0.275
A0A135VIN9,0.275
A0A524FIB8,0.275
A0A7K4D007,0.275
A0A850M6N0,0.275
A0A524FTW6,0.275
A0A842WQV3,0.275
A0A842VCU0,0.275
A0A849Q5J6,0.275
A0A5C9EAW2,0.275
A0A524FQ65,0.275
A0A850M4S8,0.275
A0A523X635,0.275
A0A842VLT7,0.275
A0A532T6X9,0.275
A0A7K4IED4,0.275
A0A524CI18,0.274
A0A3L6JNX2,0.274
A0A497Q750,0.274
A0A842W2D2,0.274
A0A842RGN3,0.274
A0A497Q2H1,0.274
A0A3L6JAN5,0.274
A0A7K4IH22,0.274
A0A850MJ48,0.274
A0A5C9E2L9,0.274
A0A524MI41,0.274
A0A842U6J4,0.274
A0A842S153,0.274
A0A532TQJ6,0.274
A0A7K4D081,0.274
A0A7K4IFJ8,0.274
A0A524DYA9,0.274
A0A842WRG4,0.274
A0A497PL85,0.274
A0A842QLV2,0.274
A0A842VHV6,0.274
A0A842TT17,0.274
A0A497R961,0.274
A0A842TKR6,0.274
A0A3L6J732,0.273
A0A842RP26,0.273
A0A524EGM4,0.273
A0A842TQZ0,0.273
A0A135VC92,0.273
A0A1Q9NCV6,0.273
A0A497PX56,0.273
A0A532THJ6,0.273
A0A524FTX2,0.273
A0A7K4H479,0.273
A0A524DXB0,0.273
A0A5C9EBS1,0.273
A0A524FU71,0.273
A0A523X9W6,0.273
A0A5B9DF80,0.273
A0A850M387,0.273
A0A1Q9PFR5,0.273
A0A842QI48,0.273
A0A524EJ99,0.273
A0A497QB92,0.273
A0A1Q9NME1,0.272
A0A842QBL5,0.272
A0A5C9DUR4,0.272
A0A523VTD9,0.272
A0A842YCU1,0.272
A0A497QVG9,0.272
A0A5C9EG67,0.272
A0A497QK09,0.272
A0A524GBJ7,0.272
A0A1Q9NNR2,0.272
A0A1Q9PFY2,0.272
A0A849QJI3,0.272
A0A523VXV4,0.272
A0A1Q9NSM1,0.272
A0A0F8WD73,0.272
A0A524E698,0.272
A0A524EQ00,0.272
A0A497QNX8,0.272
A0A523S2M0,0.272
A0A523S935,0.272
A0A5B9DA21,0.272
A0A7K4CMY4,0.272
A0A1Q9P482,0.272
A0A843BYQ6,0.272
A0A7K4GXH5,0.272
A0A1Q9NZ71,0.272
A0A842X1P1,0.272
A0A1Q9NLF2,0.272
A0A524LYS2,0.271
A0A842YDQ4,0.271
A0A842WXS0,0.271
A0A497QB64,0.271
A0A524D273,0.271
A0A7K4IAU6,0.271
A0A1Q9N996,0.271
A0A842W0N3,0.271
A0A850MGQ8,0.271
A0A7K4IA74,0.271
A0A2U3CGI1,0.271
A0A524F033,0.271
A0A497PVW4,0.271
A0A850LPL3,0.271
A0A524EHM2,0.27
A0A849QMM9,0.27
A0A497PR94,0.27
A0A3L6JHM5,0.27
A0A497PPJ9,0.27
A0A842TAE5,0.27
A0A842W106,0.27
A0A850LUD7,0.27
A0A532TQL3,0.27
A0A2U3CBV2,0.27
A0A842TWL8,0.27
A0A524DQR9,0.27
A0A1Q9MRP7,0.27
A0A0F8XIG8,0.27
A0A3L6JH71,0.27
A0A1Q9NZ30,0.27
A0A524E3N9,0.27
A0A842TI75,0.27
A0A5C9E2X3,0.27
A0A524DID6,0.269
A0A842W1Y3,0.269
A0A523S103,0.269
A0A524EBB9,0.269
A0A850LZU6,0.269
A0A523S0M6,0.269
A0A842TK26,0.269
A0A842RYM9,0.269
A0A1Q9NRZ9,0.269
A0A497QPB4,0.269
A0A524CGF7,0.269
A0A524M2H3,0.269
A0A842VI44,0.269
A0A0F8WB29,0.269
A0A524GAT0,0.269
A0A524D7A3,0.269
A0A3L6JAK7,0.268
A0A3L6JBB9,0.268
A0A524F7S5,0.268
A0A497PE59,0.268
A0A842RIA2,0.268
A0A524D2K2,0.268
A0A1Q9PAP9,0.268
A0A3L6JFF4,0.268
A0A524CZ24,0.268
A0A850MKT6,0.268
A0A1Q9P915,0.268
A0A0F8VWQ3,0.268
A0A497QZG8,0.268
A0A524EKG3,0.268
A0A497QGY1,0.268
A0A842QI08,0.268
A0A842TDL2,0.268
A0A523TPH6,0.268
A0A497QKV5,0.268
A0A523TBQ5,0.268
A0A524FDM0,0.268
A0A842TIH1,0.268
A0A5B9DBP9,0.268
A0A0F8V7I7,0.267
A0A135VN69,0.267
A0A524EXW3,0.267
A0A2E9CE04,0.267
A0A497QLV7,0.267
A0A850MGV8,0.267
A0A524EFC1,0.267
A0A7K4GWQ4,0.267
A0A850M824,0.267
A0A524DE08,0.267
A0A524FUA1,0.267
A0A3L6JMU0,0.267
A0A532TFY5,0.267
A0A497PC19,0.267
A0A524DFT5,0.267
A0A1Q9MVS3,0.266
A0A842RBV9,0.266
A0A1Q9NY18,0.266
A0A7K4IAR6,0.266
A0A497QYF9,0.266
A0A532T9B4,0.266
A0A497QP71,0.266
A0A524DTP1,0.266
A0A523XBK9,0.266
A0A842QE10,0.266
A0A0F8V8U9,0.266
A0A532T6L0,0.266
A0A135VH46,0.266
A0A850LU66,0.266
A0A842RGL0,0.266
A0A5C9F113,0.266
A0A3L6J9B9,0.266
A0A7K4GTV4,0.266
A0A842R8X2,0.266
A0A842W4N3,0.266
A0A7K4D0W6,0.266
A0A850LSG8,0.266
A0A0F8VEQ7,0.266
A0A842WPY0,0.266
A0A842QH06,0.266
A0A1Q9P0T0,0.266
A0A524EEF8,0.266
A0A524FPI6,0.265
A0A7K4IFU0,0.265
A0A1Q9P2I0,0.265
A0A850M6Z8,0.265
A0A7C0U8T8,0.265
A0A497QWK0,0.265
A0A1Q9NPP4,0.265
A0A524G6D0,0.265
A0A523TJI8,0.265
A0A524EM92,0.265
A0A497Q947,0.265
A0A497PCF4,0.265
A0A524CV02,0.265
A0A524FIZ1,0.265
A0A842TRR3,0.265
A0A5C9E8F9,0.265
A0A1Q9NZ12,0.265
A0A524ER39,0.265
A0A850MCM1,0.265
A0A497PJZ2,0.265
A0A524DNC0,0.265
A0A524DHT4,0.265
A0A497PS60,0.265
A0A1Q9NQB7,0.265
A0A842VGX7,0.265
A0A1Q9MSR1,0.264
A0A843BQB0,0.264
A0A7K4CZM0,0.264
A0A524F286,0.264
A0A524CJ00,0.264
A0A524DP72,0.264
A0A842W131,0.264
A0A524GAE0,0.264
A0A843C617,0.264
A0A524FRT7,0.264
A0A850MD78,0.264
A0A524CAF7,0.264
A0A524F0S2,0.264
A0A135VS84,0.264
A0A843C3V1,0.264
A0A850MM42,0.264
A0A523VV43,0.264
A0A524FG53,0.264
A0A524FUV3,0.263
A0A524EMF6,0.263
A0A3L6J8B7,0.263
A0A850MP35,0.263
A0A497QLC0,0.263
A0A497QI87,0.263
A0A532TIQ9,0.263
A0A523TKB6,0.263
A0A0F8Y2B6,0.263
A0A7K4IGM8,0.263
A0A497PTF8,0.263
A0A842TNY5,0.263
A0A0F8VMG3,0.263
A0A1Q9NMM2,0.263
A0A497QDM4,0.263
A0A7K4HJG2,0.263
A0A842R813,0.263
A0A850LSM7,0.263
A0A524CAD7,0.262
A0A524EDZ6,0.262
A0A523RQC4,0.262
A0A532TPS2,0.262
A0A842R7P0,0.262
A0A5C9ENW3,0.262
A0A7K4H6T2,0.262
A0A497PHQ2,0.262
A0A532TFG8,0.262
A0A524CVP9,0.262
A0A850MIS7,0.262
A0A135VG19,0.262
A0A524EWH0,0.262
A0A524DGU8,0.262
A0A524C7F0,0.262
A0A524LZC8,0.262
A0A524LJ00,0.262
A0A524EGS0,0.262
A0A524FGJ6,0.262
A0A842TJM0,0.262
A0A2U3CCZ9,0.262
A0A524DBJ1,0.262
A0A842U2R0,0.262
A0A7K4CPY6,0.262
A0A524FXP9,0.262
A0A842W0Q9,0.262
A0A524E255,0.262
A0A5B9D6E9,0.261
A0A842WTE3,0.261
A0A842TGU4,0.261
A0A7K4D1M0,0.261
A0A523VRQ9,0.261
A0A842WY17,0.261
A0A523REY5,0.261
A0A5B9D811,0.261
A0A842R6M2,0.261
A0A842VG75,0.261
A0A842RH00,0.261
A0A842T878,0.261
A0A850M686,0.261
A0A842QBV0,0.261
A0A524DJ08,0.261
A0A497QCW8,0.261
A0A5C9E747,0.261
A0A524FL31,0.261
A0A523TBS4,0.261
A0A524D4R1,0.261
A0A5C9EFP0,0.261
A0A842RX84,0.261
A0A532TXZ2,0.261
A0A497QAI8,0.261
A0A842QF04,0.26
A0A849Q8L8,0.26
A0A3L6JFI8,0.26
A0A5C9ECK7,0.26
A0A7K4IH24,0.26
A0A1Q9PF50,0.26
A0A842TK86,0.26
A0A524CT01,0.26
A0A524LKU5,0.26
A0A5C9DYJ4,0.26
A0A842RQ66,0.26
A0A524FFD9,0.26
A0A523XLA0,0.26
A0A135VHB9,0.26
A0A3L6JSU5,0.26
A0A524MHX0,0.26
A0A7K4H630,0.26
A0A524EAQ6,0.26
A0A524L9R7,0.26
A0A7K4IHR6,0.26
A0A850MN25,0.26
A0A842THA0,0.259
A0A524CFQ8,0.259
A0A524E261,0.259
A0A524D050,0.259
A0A842S0Q9,0.259
A0A3L6JNF4,0.259
A0A7K4GNT5,0.259
A0A1Q9NL37,0.259
A0A524EWA2,0.259
A0A5C9EYX2,0.259
A0A842TGQ5,0.259
A0A842RGH5,0.259
A0A3L6JH49,0.259
A0A497PZS9,0.259
A0A497QID5,0.259
A0A850LR97,0.258
A0A135VEN0,0.258
A0A2U3CKZ6,0.258
A0A842QBK3,0.258
A0A3L6J7R6,0.258
A0A524FSL6,0.258
A0A524EGT0,0.258
A0A842VU20,0.258
A0A524CQ67,0.258
A0A524CY69,0.258
A0A3L6JQ13,0.258
A0A523TGJ5,0.258
A0A842RC21,0.258
A0A524CEX5,0.258
A0A850LSG2,0.258
A0A842VHW3,0.258
A0A497PG23,0.258
A0A523XC41,0.258
A0A2U3CKY2,0.258
A0A1Q9NKP8,0.258
A0A843BVT5,0.258
A0A5C9EA70,0.258
A0A850LSX3,0.258
A0A842RHV0,0.258
A0A497PGC8,0.257
A0A842YCP9,0.257
A0A842RJD3,0.257
A0A524E0R7,0.257
A0A842U9V6,0.257
A0A842TJA4,0.257
A0A5C9EC98,0.257
A0A842T3A3,0.257
A0A5C9EX35,0.257
A0A135VBX3,0.257
A0A135VZ26,0.257
A0A497QSS7,0.257
A0A524CGH2,0.257
A0A2U3CJK7,0.257
A0A497QS12,0.257
A0A497R5Q2,0.257
A0A7K4GSK6,0.257
A0A842RBF2,0.257
A0A524EJ83,0.257
A0A497QTS8,0.257
A0A497QSA2,0.257
A0A5C9E7G2,0.257
A0A842UD41,0.257
A0A842VBN4,0.256
A0A524C777,0.256
A0A842TRP3,0.256
A0A135VH26,0.256
A0A5C9EW21,0.256
A0A524FC96,0.256
A0A1Q9MY97,0.256
A0A1Q9NP80,0.256
A0A842U5S6,0.256
A0A497PL89,0.256
A0A3L6JI88,0.256
A0A842S241,0.256
A0A523TEH3,0.256
A0A524DZG0,0.256
A0A497PW17,0.256
A0A1Q9NLC4,0.256
A0A850M1P5,0.256
A0A497QJ97,0.256
A0A842VAQ1,0.256
A0A532TPX8,0.256
A0A5C9EI58,0.256
A0A497QEF4,0.256
A0A1Q9PD02,0.256
A0A524CSC5,0.256
A0A497PRL1,0.256
A0A524F7A6,0.256
A0A5C9E6Z8,0.256
A0A842YBB2,0.256
A0A842W4U7,0.256
A0A524FH18,0.256
A0A842S115,0.256
A0A524CDY1,0.256
A0A497QJW1,0.256
A0A1Q9MSH5,0.256
A0A524L5X0,0.255
A0A523TCB7,0.255
A0A842QKM6,0.255
A0A3L6JBZ5,0.255
A0A497Q216,0.255
A0A497Q345,0.255
A0A850MPK3,0.255
A0A524CP56,0.255
A0A3L6JRQ4,0.255
A0A7K4GNG7,0.255
A0A1Q9NBX8,0.255
A0A497Q044,0.255
A0A842YA70,0.255
A0A1Q9NB97,0.255
A0A524MLE1,0.255
A0A1Q9PDC3,0.255
A0A524CJ72,0.254
A0A850LVS0,0.254
A0A523RR02,0.254
A0A842WXF5,0.254
A0A1Q9PBI7,0.254
A0A524CTK7,0.254
A0A523XMU3,0.254
A0A0F8Y5C6,0.254
A0A850M704,0.254
A0A1Q9PG06,0.254
A0A523TJ96,0.254
A0A842R660,0.254
A0A523S3Y6,0.254
A0A532TVU3,0.254
A0A850MTI7,0.254
A0A850LZP7,0.254
A0A523RZ41,0.254
A0A849QFH5,0.254
A0A1Q9NC20,0.254
A0A1Q9P256,0.254
A0A5C9E1X5,0.254
A0A497PCP5,0.254
A0A842RCQ7,0.254
A0A524M325,0.253
A0A523R7W0,0.253
A0A842WRU2,0.253
A0A842R969,0.253
A0A524E942,0.253
A0A5C9DT55,0.253
A0A850MVD3,0.253
A0A497PCB2,0.253
A0A1Q9NAM6,0.253
A0A7K4H2I4,0.253
A0A2U3CF91,0.253
A0A2U3CB78,0.253
A0A842TCJ8,0.253
A0A842QKK1,0.253
A0A135VT51,0.253
A0A497R1E9,0.253
A0A5C9F1P3,0.253
A0A523XE90,0.253
A0A523XAK5,0.253
A0A524P5G4,0.253
A0A497P8S6,0.253
A0A497QUA1,0.253
A0A3L6JIP7,0.253
A0A524DYM7,0.253
A0A7K4GXN8,0.253
A0A842Y9F0,0.252
A0A5C9EMX9,0.252
A0A523TIT6,0.252
A0A7K4HEJ6,0.252
A0A842SYU4,0.252
A0A524C8J7,0.252
A0A1Q9NEE7,0.252
A0A5C9DYW8,0.252
A0A5C9DXD5,0.252
A0A842RR88,0.252
A0A497QIG0,0.252
A0A842RM66,0.252
A0A497PPR5,0.252
A0A524DL56,0.252
A0A524LF68,0.252
A0A524LTA5,0.252
A0A524C8C8,0.252
A0A497QL23,0.252
A0A524MKM6,0.252
A0A3L6JGM4,0.252
A0A135VXY7,0.252
A0A1Q9P3W9,0.252
A0A842RW60,0.252
A0A7K4CTX4,0.252
A0A3L6JAH0,0.252
A0A5C9EQY8,0.252
A0A1Q9MW56,0.252
A0A850LPI2,0.251
A0A850LY52,0.251
A0A1Q9NHC3,0.251
A0A524M253,0.251
A0A1Q9N154,0.251
A0A523RDM9,0.251
A0A523TAD9,0.251
A0A524CT07,0.251
A0A524E2D4,0.251
A0A135VF95,0.251
A0A1Q9NP90,0.251
A0A842TKN3,0.251
A0A842WUC6,0.251
A0A7K4CN78,0.251
A0A524G7L1,0.251
A0A842VEQ9,0.251
A0A523S114,0.251
A0A842VA04,0.251
A0A3L6JQF5,0.251
A0A524F5G4,0.251
A0A843BSG2,0.251
A0A5C9E4K8,0.251
A0A497R176,0.251
A0A850MDJ4,0.251
A0A497PTG9,0.251
A0A497PJH5,0.251
A0A3L6JPA1,0.251
A0A5C9DVF8,0.25
A0A842TME1,0.25
A0A524MK88,0.25
A0A7K4GXA2,0.25
A0A524F3Y1,0.25
A0A5B9DAU8,0.25
A0A523X766,0.25
A0A523TJV9,0.25
A0A3L6JHZ1,0.25
A0A524DW51,0.25
A0A842RCD7,0.25
A0A1Q9MU92,0.25
A0A842RCQ1,0.25
A0A850LT56,0.25
A0A7K4HE11,0.25
A0A842W1H5,0.25
A0A524M3H3,0.25
A0A842TXE7,0.25
A0A5C9E4D8,0.25
A0A497QJG4,0.25
A0A523XGF1,0.25
A0A524GBI0,0.25
A0A842RJ39,0.249
A0A5C9ED11,0.249
A0A497QU62,0.249
A0A524M2D2,0.249
A0A497QFM7,0.249
A0A135VC17,0.249
A0A850MNK9,0.249
A0A497QC66,0.249
A0A850LY80,0.249
A0A524FN15,0.249
A0A850M193,0.249
A0A842VN58,0.249
A0A497PCP6,0.249
A0A7K4CYB0,0.249
A0A7K4HKM1,0.249
A0A524M063,0.249
A0A2U3CDT2,0.249
A0A1Q9MTJ6,0.249
A0A842S2N5,0.249
A0A1Q9NCG4,0.249
A0A1Q9PE99,0.249
A0A842RE53,0.248
A0A5C9EUW4,0.248
A0A497PZ48,0.248
A0A842QIP5,0.248
A0A5C9EP50,0.248
A0A524FAN1,0.248
A0A497R322,0.248
A0A524CJH2,0.248
A0A524E3T9,0.248
A0A842RD74,0.248
A0A523XK29,0.248
A0A7K4CS79,0.248
A0A3L6JCH1,0.248
A0A523W2D8,0.248
A0A842YEY3,0.248
A0A1Q9NHY6,0.248
A0A5B9DF29,0.248
A0A5C9EHV1,0.248
A0A842WTM8,0.248
A0A1Q9P4I7,0.248
A0A842YA03,0.248
A0A5B9D7Z1,0.248
A0A842VCD5,0.248
A0A532TFP5,0.248
A0A497Q779,0.248
A0A524CMX8,0.248
A0A1Q9N0X3,0.248
A0A524EPP4,0.248
A0A842RQ36,0.248
A0A524ER00,0.247
A0A524ERF4,0.247
A0A3L6JMD3,0.247
A0A5B9D9B8,0.247
A0A524LGX2,0.247
A0A524D5F1,0.247
A0A524ES96,0.247
A0A7K4GWD3,0.247
A0A850M7I6,0.247
A0A3L6JTH1,0.247
A0A850M6U2,0.247
A0A842VK75,0.247
A0A842RNI6,0.247
A0A524DDR0,0.247
A0A497QXI1,0.247
A0A524CY36,0.247
A0A842W1I0,0.247
A0A497QRB8,0.247
A0A524LZ07,0.247
A0A497QTT5,0.247
A0A497QBT3,0.247
A0A524CSB9,0.247
A0A842RRP8,0.247
A0A135VYZ7,0.247
A0A524DFS8,0.247
A0A523TIL2,0.246
A0A524FB97,0.246
A0A5C9F272,0.246
A0A5C9E7N8,0.246
A0A1Q9NPR6,0.246
A0A497PR63,0.246
A0A497PK96,0.246
A0A524E4N4,0.246
A0A842VFX1,0.246
A0A842QLH6,0.246
A0A842RSA3,0.246
A0A524EQ14,0.246
A0A524EW65,0.246
A0A842RBQ2,0.246
A0A1Q9PF41,0.246
A0A497Q4W8,0.246
A0A842R8V9,0.246
A0A523S6E8,0.246
A0A5C9EA45,0.246
A0A5C9ESE5,0.246
A0A5C9DTZ5,0.246
A0A7K4GW25,0.246
A0A524E233,0.246
A0A7K4CVS9,0.246
A0A497PCK5,0.246
A0A850LX46,0.246
A0A523X7V8,0.246
A0A842REG1,0.246
A0A524EH13,0.246
A0A524ECK0,0.246
A0A7K4HK41,0.246
A0A5B9DFB5,0.246
A0A524E2W5,0.246
A0A524D7S5,0.245
A0A0F8XSH1,0.245
A0A5C9EFF5,0.245
A0A524D2C3,0.245
A0A1Q9PDS0,0.245
A0A524ET72,0.245
A0A524LH45,0.245
A0A849QGX4,0.245
A0A850LPM7,0.245
A0A842QBS6,0.245
A0A497QE23,0.245
A0A497PRB0,0.245
A0A2U3CH09,0.245
A0A523RIG8,0.245
A0A843BNA3,0.245
A0A523S4V2,0.245
A0A850MGT5,0.245
A0A842RA99,0.245
A0A524EJA7,0.245
A0A524DRD8,0.245
A0A532TWQ4,0.245
A0A3L6JRF4,0.245
A0A5C9ES88,0.245
A0A842RAE2,0.245
A0A532TLH9,0.245
A0A5B9DFS4,0.245
A0A524FVB2,0.245
A0A843BRP6,0.245
A0A7K4HJY0,0.244
A0A1Q9MVM8,0.244
A0A842WNU8,0.244
A0A524EJL8,0.244
A0A0F8VL17,0.244
A0A524ENI4,0.244
A0A135VBY0,0.244
A0A1Q9NM86,0.244
A0A850MHK0,0.244
A0A497PRH9,0.244
A0A524D1Q7,0.244
A0A849QCI5,0.244
A0A842TGK2,0.244
A0A5C9DXV3,0.244
A0A497Q5F0,0.244
A0A842YC65,0.244
A0A842YGL6,0.244
A0A497Q2E7,0.244
A0A5C9ELZ8,0.244
A0A497PPR7,0.244
A0A497PNM3,0.244
A0A7K4HI76,0.244
A0A524F3F8,0.244
A0A497R8R3,0.244
A0A842THL2,0.243
A0A842VEQ5,0.243
A0A843BWC9,0.243
A0A850MXU1,0.243
A0A524E9H3,0.243
A0A5B9D710,0.243
A0A523RUY1,0.243
A0A524CH36,0.243
A0A524CF22,0.243
A0A842X093,0.243
A0A842RZD7,0.243
A0A497QGS8,0.243
A0A497QIF2,0.243
A0A842VLY7,0.243
A0A524EV42,0.243
A0A524G2R9,0.243
A0A5C9EED7,0.243
A0A497R232,0.243
A0A497QQS2,0.243
A0A7K4CN82,0.243
A0A497QIL4,0.243
A0A524EDE7,0.243
A0A524DN08,0.243
A0A523TLP8,0.243
A0A135VF39,0.243
A0A3L6JIX4,0.243
A0A524FHV4,0.243
A0A497QD68,0.243
A0A497PXR7,0.243
A0A842X224,0.243
A0A497QW66,0.243
A0A523TDZ9,0.243
A0A135VV50,0.243
A0A135VAY7,0.243
A0A524CIT8,0.243
A0A7C0YD42,0.243
A0A524DA03,0.243
A0A524D057,0.242
A0A7K4H5R7,0.242
A0A0F8WD81,0.242
A0A524D1N8,0.242
A0A524FWS2,0.242
A0A524D0G9,0.242
A0A850MEY8,0.242
A0A524CXS2,0.242
A0A842RLV2,0.242
A0A843BTC7,0.242
A0A524CXB1,0.242
A0A5C9EPH2,0.242
A0A524D7P4,0.242
A0A523RM43,0.242
A0A842RAK2,0.242
A0A842YFX8,0.242
A0A532TTI7,0.242
A0A524ELD4,0.242
A0A497QA28,0.242
A0A524DRX5,0.241
A0A842RID0,0.241
A0A135VXU1,0.241
A0A2E9CFD4,0.241
A0A7K4CVJ3,0.241
A0A532TE82,0.241
A0A5C9EST1,0.241
A0A7K4GRW1,0.241
A0A524DDZ9,0.241
A0A842T416,0.241
A0A7K4HEI0,0.241
A0A5C9EPH1,0.241
A0A2U3CFM9,0.241
A0A7K4CUE1,0.241
A0A7K4GVS0,0.241
A0A524FLB9,0.241
A0A524EUX9,0.241
A0A524CJY6,0.241
A0A523RS49,0.241
A0A523S384,0.24
A0A497R2F2,0.24
A0A7K4IB60,0.24
A0A842QIZ8,0.24
A0A842VPS1,0.24
A0A135VYW2,0.24
A0A524CE58,0.24
A0A523XF52,0.24
A0A524DXC0,0.24
A0A524CQW6,0.24
A0A524FBW0,0.24
A0A3L6JRA9,0.24
A0A524EX85,0.24
A0A7K4HI12,0.24
A0A842VD09,0.24
A0A524LL64,0.24
A0A1Q9MXJ5,0.24
A0A842YCV9,0.24
A0A497PV00,0.24
A0A7K4HAW5,0.24
A0A7K4CT79,0.24
A0A524P3V2,0.24
A0A524G7F0,0.24
A0A1Q9NCT8,0.239
A0A2U3CBR8,0.239
A0A0F8VEG8,0.239
A0A1Q9MV91,0.239
A0A842TI15,0.239
A0A524FTZ6,0.239
A0A3L6JSY1,0.239
A0A524FJ39,0.239
A0A1Q9NTI2,0.239
A0A524FBF8,0.239
A0A5C9DZH4,0.239
A0A842RCR7,0.239
A0A842RQ37,0.239
A0A850M4P7,0.239
A0A842VH97,0.239
A0A5C9E563,0.239
A0A1Q9MV25,0.239
A0A842U7Q2,0.239
A0A524F2D4,0.239
A0A7K4CTN3,0.239
A0A7K4IDQ3,0.239
A0A5C9E1I6,0.239
A0A2U3CFR5,0.239
A0A524F7P7,0.239
A0A842V7U5,0.239
A0A842W1E7,0.239
A0A497QHL4,0.239
A0A1Q9NNU1,0.239
A0A842QEQ0,0.239
A0A0F8VA93,0.239
A0A850MQY2,0.239
A0A842RE30,0.239
A0A524C851,0.239
A0A7K4H7U3,0.239
A0A850LSK5,0.239
A0A1Q9NPD5,0.239
A0A524F4J5,0.239
A0A523X599,0.239
A0A7K4H0M9,0.238
A0A524LMP7,0.238
A0A842R710,0.238
A0A2U3CIB2,0.238
A0A497PXN8,0.238
A0A524EQT0,0.238
A0A497QBH5,0.238
A0A524FA20,0.238
A0A497R237,0.238
A0A842WU75,0.238
A0A524LIW5,0.238
A0A497QKF0,0.238
A0A523VR87,0.238
A0A497PC20,0.238
A0A5C9DWJ9,0.238
A0A842QGY7,0.238
A0A497PL52,0.238
A0A523VYJ5,0.238
A0A842UAC9,0.238
A0A7K4CQW0,0.238
A0A524EXX3,0.238
A0A842VXF2,0.238
A0A5C9DZN4,0.238
A0A523W242,0.238
A0A2U3CG18,0.238
A0A843BYG4,0.238
A0A497QX54,0.237
A0A842TJ05,0.237
A0A2U3CIQ9,0.237
A0A0F8W8W7,0.237
A0A842QB98,0.237
A0A843BUW0,0.237
A0A7K4IEM8,0.237
A0A7K4CY32,0.237
A0A524GAA5,0.237
A0A135VRS7,0.237
A0A524M8I6,0.237
A0A523XQS9,0.237
A0A532TQF1,0.237
A0A524F5B5,0.237
A0A1Q9MXY8,0.237
A0A524DPW3,0.237
A0A842U8R4,0.237
A0A135VKE9,0.237
A0A497PHM2,0.237
A0A850MC31,0.237
A0A524P1S5,0.237
A0A524CPX7,0.237
A0A1Q9MQP4,0.237
A0A1Q9NMI1,0.236
A0A524L5Q4,0.236
A0A524E080,0.236
A0A849Q7U3,0.236
A0A1Q9MUU2,0.236
A0A1Q9NRH0,0.236
A0A1Q9P048,0.236
A0A842W1Y7,0.236
A0A497PPS4,0.236
A0A7K4GXE7,0.236
A0A3L6JI85,0.236
A0A524FHX2,0.236
A0A524DA69,0.236
A0A5C9E0Z1,0.236
A0A842TJU2,0.236
A0A497QLM2,0.236
A0A524EJS5,0.236
A0A524G7S2,0.236
A0A497QXE1,0.236
A0A5C9EBB6,0.236
A0A497QMR7,0.236
A0A524CNW5,0.236
A0A524E3C0,0.236
A0A3L6JS05,0.236
A0A523S6Z9,0.236
A0A524FM64,0.235
A0A524LJX5,0.235
A0A497R8B9,0.235
A0A1Q9MR74,0.235
A0A842RIQ8,0.235
A0A497QW17,0.235
A0A850M2H8,0.235
A0A5C9E5M7,0.235
A0A1Q9NIW0,0.235
A0A7K4H3J5,0.235
A0A524E0U3,0.235
A0A524EJF7,0.235
A0A135VXJ4,0.235
A0A5C9EM45,0.235
A0A1Q9N2E7,0.235
A0A1Q9N7W7,0.235
A0A523RME7,0.235
A0A850MKS0,0.235
A0A497R933,0.234
A0A497PF73,0.234
A0A7K4GYW0,0.234
A0A0F8WAM3,0.234
A0A0F8XIT1,0.234
A0A135VQ52,0.234
A0A1Q9MR02,0.234
A0A524F9R2,0.234
A0A135VJ00,0.234
A0A7K4IE96,0.234
A0A1Q9PD98,0.234
A0A2E9CDT5,0.234
A0A842WP35,0.234
A0A497PAE9,0.234
A0A523TKD7,0.234
A0A842TCH2,0.234
A0A497Q1U3,0.234
A0A0F8YCV0,0.234
A0A497RCU2,0.234
A0A7K4HA65,0.234
A0A850MUB7,0.234
A0A7K4GPQ5,0.234
A0A135VV84,0.234
A0A135VKH7,0.234
A0A524E3F2,0.234
A0A524DI88,0.234
A0A842VWU1,0.233
A0A842QIL9,0.233
A0A497QY75,0.233
A0A842SBA0,0.233
A0A850MR55,0.233
A0A5C9EFI2,0.233
A0A3L6J967,0.233
A0A842TLH5,0.233
A0A135VBC4,0.233
A0A524EU14,0.233
A0A524CWW1,0.233
A0A850LVU0,0.233
A0A524CSM4,0.233
A0A524CN75,0.233
A0A497PF03,0.233
A0A3L6JH63,0.233
A0A497R2X0,0.233
A0A3L6J7J9,0.233
A0A497QCS4,0.233
A0A523SA42,0.233
A0A523SDA5,0.233
A0A524M0V5,0.232
A0A524CE48,0.232
A0A524D954,0.232
A0A497PGH7,0.232
A0A5C9E8Y8,0.232
A0A524CL12,0.232
A0A497PB78,0.232
A0A524EFQ5,0.232
A0A497PF17,0.232
A0A842TIA2,0.232
A0A497R952,0.232
A0A842QCM8,0.232
A0A7K4HA24,0.232
A0A7K4CST0,0.232
A0A842VK93,0.232
A0A2U3CJE1,0.232
A0A2U3CI16,0.232
A0A3L6JTG0,0.232
A0A524EWD5,0.232
A0A524MFZ5,0.232
A0A524G3T4,0.232
A0A524D1W7,0.232
A0A524D0U7,0.232
A0A497QWJ6,0.232
A0A7K4CQI2,0.232
A0A5C9F1P6,0.232
A0A524E618,0.232
A0A849QFL2,0.232
A0A842WLB4,0.232
A0A842RFZ7,0.232
A0A532TSF9,0.232
A0A2U3CFH2,0.231
A0A524LHB4,0.231
A0A135VPT9,0.231
A0A524M711,0.231
A0A5C9EPT4,0.231
A0A524CAG0,0.231
A0A524EK07,0.231
A0A7K4GLV7,0.231
A0A842VF52,0.231
A0A3L6JFP0,0.231
A0A850M5V4,0.231
A0A3L6JG20,0.231
A0A0F8Y959,0.231
A0A1Q9N1W8,0.231
A0A497Q4M0,0.231
A0A1Q9NUE8,0.231
A0A524CYF2,0.231
A0A5C9EXQ6,0.231
A0A497PTU8,0.231
A0A842TPD8,0.231
A0A842YE55,0.231
A0A1Q9N373,0.231
A0A524M855,0.231
A0A842TGQ8,0.231
A0A849QLG2,0.231
A0A1Q9MV23,0.231
A0A524ECR7,0.231
A0A1Q9P6S9,0.231
A0A523VX21,0.231
A0A3L6JBJ4,0.231
A0A524CWN9,0.231
A0A497QW89,0.231
A0A842T429,0.231
A0A497PH59,0.231
A0A850M9M7,0.231
A0A850M541,0.231
A0A497Q6P4,0.231
A0A7K4CZ75,0.231
A0A497QDN1,0.231
A0A524FTS5,0.231
A0A524DB75,0.231
A0A524DUU1,0.23
A0A5C9ED90,0.23
A0A1Q9P795,0.23
A0A524NYH7,0.23
A0A850MNC9,0.23
A0A524D721,0.23
A0A5C9E3W4,0.23
A0A842VX85,0.23
A0A523W4Q2,0.23
A0A842VT55,0.23
A0A842R820,0.23
A0A842T654,0.23
A0A524F092,0.23
A0A842VV33,0.23
A0A7K4CU02,0.23
A0A524CN18,0.23
A0A524G597,0.23
A0A1Q9NF73,0.23
A0A497PX06,0.23
A0A842WL31,0.23
A0A850MJT3,0.23
A0A497R0Y9,0.23
A0A523RGC9,0.23
A0A524DYK2,0.23
A0A524E0M9,0.23
A0A0F8WDL1,0.23
A0A842SDL4,0.23
A0A7K4CU49,0.23
A0A497QD91,0.23
A0A850MTZ7,0.23
A0A524CGD5,0.23
A0A5C9EJB4,0.23
A0A5C9EQG3,0.23
A0A524FPI8,0.23
A0A524D6Y8,0.229
A0A497PEG7,0.229
A0A842QCD7,0.229
A0A497PM59,0.229
A0A1Q9P1J3,0.229
A0A0F8W494,0.229
A0A850M412,0.229
A0A842W2P6,0.229
A0A497PZ05,0.229
A0A850MKG4,0.229
A0A135VLZ7,0.229
A0A1Q9NIH7,0.229
A0A842U7F6,0.229
A0A524DJ23,0.229
A0A842S9Y8,0.229
A0A497QR81,0.229
A0A3L6JCB6,0.229
A0A842WQ23,0.229
A0A2U3CJI2,0.229
A0A0F8WDH8,0.229
A0A524DHV6,0.229
A0A3L6JQB7,0.229
A0A524C470,0.229
A0A0F8V9H6,0.229
A0A524CUM6,0.229
A0A850M492,0.229
A0A5B9D4Z1,0.229
A0A524CXI1,0.229
A0A7K4H8V6,0.229
A0A1Q9PB36,0.229
A0A524ENL2,0.229
A0A842QFN9,0.228
A0A5B9DAG1,0.228
A0A524CCT6,0.228
A0A524CTG5,0.228
A0A7K4H572,0.228
A0A524DDM8,0.228
A0A5C9DY36,0.228
A0A524FCZ0,0.228
A0A524LTL6,0.228
A0A523RSB2,0.228
A0A1Q9NBQ0,0.228
A0A842T5L1,0.228
A0A523TEZ7,0.228
A0A523S1N1,0.228
A0A842QI39,0.228
A0A842RKT3,0.228
A0A523RIM7,0.228
A0A850LX66,0.228
A0A497R2V3,0.228
A0A842RGI8,0.228
A0A497Q025,0.228
A0A3L6J8F0,0.228
A0A497QWR1,0.228
A0A850LTR2,0.228
A0A7K4D093,0.228
A0A1Q9PF43,0.228
A0A497QCK2,0.228
A0A843C5E2,0.228
A0A850LXQ4,0.228
A0A842VYX8,0.228
A0A7K4IBH0,0.228
A0A135VTD6,0.228
A0A3L6JC65,0.228
A0A7K4GS05,0.228
A0A7C0U9E6,0.228
A0A850M8B8,0.227
A0A7K4H6C6,0.227
A0A497PH28,0.227
A0A524E4K2,0.227
A0A3L6JNV3,0.227
A0A497R4R3,0.227
A0A842RZZ3,0.227
A0A523VPF1,0.227
A0A5B9DG51,0.227
A0A1Q9NJS4,0.227
A0A842TFU4,0.227
A0A524ER56,0.227
A0A524D421,0.227
A0A7K4GNG5,0.227
A0A842VAS1,0.227
A0A524DBC0,0.227
A0A842QAW5,0.227
A0A842RII0,0.227
A0A524EIN5,0.227
A0A1Q9NEP9,0.227
A0A524CTQ7,0.227
A0A842VY83,0.227
A0A497QN20,0.227
A0A523S066,0.227
A0A524G4U2,0.227
A0A7K4D156,0.227
A0A842S540,0.227
A0A7K4CXH5,0.227
A0A850M285,0.227
A0A523VXB1,0.227
A0A850MPC0,0.227
A0A135VY50,0.226
A0A524DXF9,0.226
A0A497R3J5,0.226
A0A5B9D885,0.226
A0A135VZM8,0.226
A0A497PPJ0,0.226
A0A497PQY7,0.226
A0A850MT06,0.226
A0A524M792,0.226
A0A135VWW5,0.226
A0A497Q5T3,0.226
A0A135VLM8,0.226
A0A5C9EC08,0.226
A0A524DBB6,0.226
A0A842TBS0,0.226
A0A5C9EXZ6,0.226
A0A842WT89,0.226
A0A497PH38,0.226
A0A850LTB4,0.226
A0A523RAU7,0.226
A0A7K4IH49,0.226
A0A7K4D075,0.226
A0A524FXM3,0.226
A0A524CZK0,0.226
A0A524ED93,0.226
A0A524M2R1,0.226
A0A135VT30,0.226
A0A0F8VXZ5,0.226
A0A842RWS2,0.226
A0A843BTT0,0.226
A0A850M9D7,0.225
A0A842TL75,0.225
A0A850MI49,0.225
A0A524CV81,0.225
A0A1Q9NYS0,0.225
A0A2U3CEX8,0.225
A0A523RXD1,0.225
A0A524CQZ3,0.225
A0A1Q9NEK0,0.225
A0A524FY65,0.225
A0A497PXH2,0.225
A0A842QG74,0.225
A0A1Q9MW05,0.225
A0A523RIQ8,0.225
A0A524EN53,0.225
A0A842YCM7,0.225
A0A842WWP8,0.225
A0A7K4CPE5,0.225
A0A523RSJ2,0.225
A0A850M7C6,0.225
A0A524CWV6,0.225
A0A524FUJ3,0.225
A0A524C4U5,0.225
A0A1Q9MS38,0.225
A0A523S835,0.225
A0A497QN07,0.225
A0A524DKE2,0.225
A0A850MPC9,0.225
A0A5C9EPG6,0.225
A0A497PH45,0.225
A0A135VHL9,0.225
A0A842VF76,0.225
A0A524CWS0,0.224
A0A135VJY6,0.224
A0A842Y8V9,0.224
A0A1Q9P215,0.224
A0A842RGM6,0.224
A0A2U3CEE0,0.224
A0A7K4D0G3,0.224
A0A2U3CCI4,0.224
A0A524ENN0,0.224
A0A524CKZ8,0.224
A0A842S0A3,0.224
A0A842W0N4,0.224
A0A842SAF1,0.224
A0A842T0G7,0.224
A0A842RTU0,0.224
A0A7K4GLY8,0.224
A0A850LTZ3,0.224
A0A524DQG3,0.224
A0A497PA61,0.224
A0A7C0U8E5,0.224
A0A523X7C6,0.224
A0A5C9ELA8,0.224
A0A842U556,0.224
A0A524DFN7,0.224
A0A3L6JNI8,0.224
A0A7K4GY70,0.224
A0A842YGM9,0.224
A0A5B9D6E8,0.224
A0A0F8VN87,0.224
A0A524EWW1,0.224
A0A842RP90,0.224
A0A5C9EF19,0.224
A0A5C9EFM7,0.224
A0A524F3C6,0.224
A0A842Y9Z4,0.224
A0A523RBR3,0.223
A0A5C9EDL8,0.223
A0A1Q9NB75,0.223
A0A7K4CRL2,0.223
A0A7K4D0C3,0.223
A0A1Q9NWB8,0.223
A0A524CGG5,0.223
A0A842VTM4,0.223
A0A532TI11,0.223
A0A842VKJ4,0.223
A0A523TRC3,0.223
A0A850M268,0.223
A0A523TIM0,0.223
A0A524CKJ8,0.223
A0A523XL29,0.223
A0A524LWK8,0.223
A0A7K4CYF7,0.223
A0A524FM53,0.223
A0A842QE33,0.223
A0A1Q9PCP2,0.223
A0A842VJP2,0.223
A0A497QUH0,0.223
A0A5C9EVJ3,0.223
A0A842U809,0.223
A0A497QX64,0.223
A0A1Q9NSC7,0.223
A0A850MP25,0.223
A0A1Q9N1W0,0.223
A0A3L6JAU4,0.223
A0A7K4D151,0.223
A0A842TSM5,0.223
A0A524CC08,0.223
A0A842UC38,0.223
A0A850MAF9,0.223
A0A1Q9NLX2,0.223
A0A842YE28,0.223
A0A523R7S3,0.223
A0A524FMJ5,0.223
A0A524D4H2,0.223
A0A497RB38,0.223
A0A842QC95,0.223
A0A524ECH9,0.223
A0A524FM57,0.222
A0A1Q9N205,0.222
A0A842TCJ0,0.222
A0A850M4F1,0.222
A0A7K4GV26,0.222
A0A5C9ENI7,0.222
A0A524FUW1,0.222
A0A5B9DB26,0.222
A0A7K4H7Q1,0.222
A0A7K4GUI0,0.222
A0A842WUU7,0.222
A0A524CIF4,0.222
A0A1Q9N0X5,0.222
A0A135VMV8,0.222
A0A497Q8H9,0.222
A0A497RGF7,0.222
A0A5B9D8U8,0.222
A0A7K4IIN0,0.222
A0A523RFS9,0.222
A0A2E9CFE6,0.222
A0A497QYM5,0.222
A0A0F8Y5L2,0.222
A0A497PRY1,0.222
A0A497Q944,0.222
A0A850M2H1,0.222
A0A5C9EYF3,0.222
A0A497QQZ3,0.222
A0A524FJI3,0.222
A0A523S475,0.222
A0A497PUL9,0.222
A0A524DWZ7,0.222
A0A1Q9MXD5,0.222
A0A1Q9NJ23,0.222
A0A842W037,0.222
A0A524FJT1,0.222
A0A1Q9PB31,0.222
A0A135VSZ0,0.222
A0A5C9ECR1,0.222
A0A523TE23,0.222
A0A842U972,0.221
A0A2U3CGB2,0.221
A0A842S210,0.221
A0A842VUJ6,0.221
A0A1Q9MR89,0.221
A0A524F9Z5,0.221
A0A3L6JHG8,0.221
A0A7K4CYS8,0.221
A0A497QQ74,0.221
A0A842WS28,0.221
A0A524E157,0.221
A0A842RWL9,0.221
A0A524CNZ2,0.221
A0A524FJ75,0.221
A0A842WNZ0,0.221
A0A524C452,0.221
A0A7K4HJH9,0.221
A0A524CJG9,0.221
A0A7K4D0S5,0.221
A0A842QE94,0.221
A0A0F8VGY0,0.221
A0A850M8M3,0.221
A0A3L6JHN1,0.221
A0A842R7M1,0.221
A0A5C9EDH3,0.221
A0A524LV56,0.221
A0A842TLY9,0.221
A0A842RKL7,0.221
A0A842TKX9,0.221
A0A1Q9PFV7,0.221
A0A0F8W7C0,0.221
A0A850LWL8,0.221
A0A7K4CUQ9,0.221
A0A524E4K1,0.221
A0A843BPY5,0.221
A0A3L6JBS3,0.221
A0A842WKF3,0.221
A0A524G7P1,0.221
A0A842QH61,0.221
A0A497Q9E8,0.221
A0A850LSE5,0.22
A0A2U3CEC7,0.22
A0A5B9D888,0.22
A0A850MDL2,0.22
A0A497PB98,0.22
A0A1Q9MZB1,0.22
A0A850M5C6,0.22
A0A850LNU7,0.22
A0A7K4GT29,0.22
A0A497QS51,0.22
A0A524DLR9,0.22
A0A1Q9N0N0,0.22
A0A843BVP6,0.22
A0A497PPA3,0.22
A0A842S0F3,0.22
A0A524FCB9,0.22
A0A524CNV4,0.22
A0A842R8U5,0.22
A0A497QGI2,0.22
A0A842YDM9,0.22
A0A7K4IBD2,0.22
A0A497QX30,0.22
A0A7K4HKT9,0.22
A0A497QWU1,0.22
A0A135VYM7,0.22
A0A5C9EW24,0.22
A0A524P5J6,0.22
A0A842S733,0.22
A0A5C9E3L9,0.22
A0A5C9EY52,0.22
A0A524CCE6,0.22
A0A5B9DGL8,0.22
A0A524DXJ7,0.219
A0A497PQ10,0.219
A0A524CTJ5,0.219
A0A7K4GMA2,0.219
A0A135VQR5,0.219
A0A135VWJ5,0.219
A0A524FQV1,0.219
A0A842R8Z9,0.219
A0A497QDI9,0.219
A0A524FL89,0.219
A0A524D6M1,0.219
A0A1Q9NUY0,0.219
A0A524G5E1,0.219
A0A524ESC0,0.219
A0A1Q9MV58,0.219
A0A523R9D4,0.219
A0A524E6I6,0.219
A0A850MPU4,0.219
A0A850MLW4,0.219
A0A1Q9NTC5,0.219
A0A5C9EDC0,0.219
A0A523RFC4,0.219
A0A1Q9PDR1,0.219
A0A842VIY1,0.219
A0A842WTA8,0.219
A0A0F8VW66,0.219
A0A497PNW3,0.219
A0A135VSD4,0.218
A0A524C9Q6,0.218
A0A524MC67,0.218
A0A524FLI5,0.218
A0A524CV19,0.218
A0A497R0S8,0.218
A0A497PQC3,0.218
A0A7K4D0I0,0.218
A0A7K4GY20,0.218
A0A497PLD6,0.218
A0A842U250,0.218
A0A135VRI3,0.218
A0A524CDA7,0.218
A0A850MCY4,0.218
A0A842RE39,0.218
A0A497QFL2,0.218
A0A842T4J4,0.218
A0A5C9DXD6,0.218
A0A1Q9MYP5,0.218
A0A842U6C2,0.218
A0A842YEB7,0.218
A0A524CIL9,0.218
A0A523TD07,0.218
A0A842SV53,0.218
A0A7K4HDD6,0.218
A0A850LRR7,0.218
A0A7K4HK51,0.218
A0A850MAQ7,0.218
A0A7K4IFS4,0.218
A0A7K4GYL4,0.218
A0A135VVR4,0.218
A0A1Q9MY57,0.218
A0A532TXD7,0.218
A0A7K4CS22,0.218
A0A497PGD1,0.218
A0A532TQT3,0.218
A0A842VDJ8,0.217
A0A524DLI4,0.217
A0A135VBZ6,0.217
A0A850MQY6,0.217
A0A842VSD2,0.217
A0A2U3CGD7,0.217
A0A524ME07,0.217
A0A523XM76,0.217
A0A3L6JJL3,0.217
A0A497P9I4,0.217
A0A524P6L0,0.217
A0A524EPX8,0.217
A0A842YBB7,0.217
A0A524D5N2,0.217
A0A0F8VCI3,0.217
A0A524NUR0,0.217
A0A524E140,0.217
A0A1Q9P4X4,0.217
A0A497QMA6,0.217
A0A524CAP1,0.217
A0A5C9EHR9,0.217
A0A5B9DC90,0.217
A0A135VXN0,0.217
A0A524CUT4,0.217
A0A842VVB2,0.217
A0A135VH22,0.217
A0A7K4H4B0,0.217
A0A842T6L4,0.217
A0A523RL06,0.217
A0A842WZQ8,0.217
A0A7K4ICT3,0.217
A0A5C9E681,0.217
A0A2E9CD61,0.217
A0A524CFV0,0.217
A0A523S599,0.217
A0A850M8R2,0.217
A0A524D981,0.217
A0A524E3S0,0.217
A0A497PS98,0.216
A0A1Q9MZ67,0.216
A0A524ELI4,0.216
A0A524LJV9,0.216
A0A1Q9NYH1,0.216
A0A7K4H8S5,0.216
A0A532TAV1,0.216
A0A842RFZ3,0.216
A0A7K4GXA1,0.216
A0A842WZY2,0.216
A0A850MJQ9,0.216
A0A532TXV9,0.216
A0A850LX25,0.216
A0A1Q9MQK6,0.216
A0A842VM79,0.216
A0A524CS89,0.216
A0A7K4IG82,0.216
A0A524F698,0.216
A0A532TPH9,0.216
A0A497QSE7,0.216
A0A1Q9N9W1,0.216
A0A497PQZ8,0.216
A0A532TNI5,0.216
A0A1Q9NZE4,0.216
A0A524EQ74,0.216
A0A850M978,0.216
A0A7K4H2E7,0.216
A0A7K4CRW8,0.216
A0A1Q9P931,0.216
A0A842YBA2,0.216
A0A842RC29,0.216
A0A5B9DD33,0.216
A0A524D8Y1,0.216
A0A1Q9PEV7,0.216
A0A5C9DZ48,0.216
A0A135VXM9,0.216
A0A5B9DA41,0.216
A0A842REY9,0.216
A0A842QKT2,0.216
A0A842QJX5,0.216
A0A842RI68,0.216
A0A523XQ53,0.216
A0A7K4CYF4,0.216
A0A497QDF8,0.216
A0A7K4IBU0,0.216
A0A5C9ECS6,0.215
A0A842QD05,0.215
A0A135VEE5,0.215
A0A842R9L0,0.215
A0A524CRV8,0.215
A0A523TGZ6,0.215
A0A497R481,0.215
A0A524C8A4,0.215
A0A5C9DXG8,0.215
A0A842W049,0.215
A0A5C9EZN9,0.215
A0A523VWZ9,0.215
A0A524E1I6,0.215
A0A524D5Q3,0.215
A0A842RIG1,0.215
A0A1Q9ND38,0.215
A0A1Q9PEE6,0.215
A0A843C6C0,0.215
A0A5C9EQ56,0.215
A0A524F7N6,0.215
A0A5B9D938,0.215
A0A2U3CHN2,0.215
A0A524F9D5,0.215
A0A524DA07,0.215
A0A497QHP9,0.215
A0A497QSH0,0.215
A0A842T550,0.215
A0A842TIQ3,0.215
A0A2U3CJI7,0.215
A0A524LCG1,0.215
A0A3L6JR63,0.215
A0A850M7L8,0.214
A0A524DEM5,0.214
A0A842WU00,0.214
A0A5C9ELX4,0.214
A0A524EQ69,0.214
A0A850LU50,0.214
A0A524CBL5,0.214
A0A3L6JF34,0.214
A0A497Q8A4,0.214
A0A524DEJ7,0.214
A0A842VQQ8,0.214
A0A842YEY6,0.214
A0A842YB71,0.214
A0A5C9EU19,0.214
A0A497QIN5,0.214
A0A524D0B0,0.214
A0A524EV71,0.214
A0A3L6JGM6,0.214
A0A842QH97,0.214
A0A497QYU7,0.214
A0A842S4V3,0.214
A0A524LRM1,0.214
A0A5C9EPJ2,0.214
A0A850MK97,0.214
A0A524DF30,0.214
A0A842VVK3,0.214
A0A842VH20,0.214
A0A1Q9MZC3,0.214
A0A524CDX0,0.214
A0A7K4CY16,0.214
A0A850MK95,0.214
A0A135VL00,0.214
A0A523S6I3,0.214
A0A842VYB1,0.214
A0A7K4IHU1,0.214
A0A843BU80,0.214
A0A3L6JCD9,0.214
A0A7K4IER4,0.214
A0A2U3CCI5,0.214
A0A5B9DG27,0.214
A0A7K4H0Q7,0.214
A0A497QDD4,0.214
A0A5C9EIU3,0.214
A0A497PTJ5,0.213
A0A850MFA8,0.213
A0A497QYF5,0.213
A0A1Q9P3K8,0.213
A0A2E9CCX5,0.213
A0A497PUK9,0.213
A0A1Q9MQV5,0.213
A0A5C9E2D3,0.213
A0A524DAC5,0.213
A0A1Q9NYS4,0.213
A0A850MQ76,0.213
A0A1Q9NJZ2,0.213
A0A842QEZ5,0.213
A0A5B9D679,0.213
A0A497QN12,0.213
A0A7K4CTD6,0.213
A0A7K4CWL8,0.213
A0A850LY17,0.213
A0A524CUS8,0.213
A0A5C9EE30,0.213
A0A1Q9P6I3,0.213
A0A842YAJ2,0.213
A0A3L6JE45,0.213
A0A524LSF8,0.213
A0A842R8J5,0.213
A0A850M2P9,0.213
A0A524EK55,0.213
A0A524CNN4,0.213
A0A5C9E5A0,0.213
A0A7K4CWC8,0.213
A0A524G888,0.213
A0A842WRJ0,0.213
A0A524E9L0,0.213
A0A850LSJ7,0.213
A0A523RZL3,0.213
A0A523VLW2,0.213
A0A497QMD7,0.212
A0A842VP72,0.212
A0A5C9DZ69,0.212
A0A842TCS7,0.212
A0A524L8Y1,0.212
A0A523R8M2,0.212
A0A523THJ7,0.212
A0A524MH87,0.212
A0A524P319,0.212
A0A524F182,0.212
A0A842SV89,0.212
A0A842VSA2,0.212
A0A7K4IHV6,0.212
A0A524EKU5,0.212
A0A842T2U8,0.212
A0A497QTR5,0.212
A0A842VZ52,0.212
A0A497Q8I0,0.212
A0A524FSZ0,0.212
A0A524DTW0,0.212
A0A3L6JI33,0.212
A0A842RP27,0.212
A0A850LZS7,0.212
A0A0F8W8T3,0.212
A0A850LW39,0.212
A0A850MHG0,0.212
A0A3L6JM50,0.212
A0A850LVQ3,0.212
A0A524GAA3,0.212
A0A524G494,0.212
A0A497QR88,0.212
A0A3L6JPF2,0.212
A0A524E957,0.212
A0A497QWN2,0.212
A0A7K4H0N6,0.212
A0A7K4H268,0.212
A0A0F8Y7R3,0.212
A0A524CZB3,0.212
A0A524FM92,0.212
A0A1Q9NE90,0.212
A0A7K4CUN8,0.211
A0A842TC28,0.211
A0A523S0H9,0.211
A0A1Q9NZV3,0.211
A0A497PLX6,0.211
A0A842VGZ2,0.211
A0A523XA82,0.211
A0A850MHH1,0.211
A0A842VRR5,0.211
A0A850MS72,0.211
A0A497QW60,0.211
A0A2U3CC84,0.211
A0A1Q9P466,0.211
A0A1Q9NFP2,0.211
A0A523RZY0,0.211
A0A842VUU5,0.211
A0A5B9DDX0,0.211
A0A524DVT1,0.211
A0A5C9EL73,0.211
A0A5B9DB49,0.211
A0A524C7G2,0.211
A0A497QY55,0.211
A0A1Q9PE72,0.211
A0A524FA45,0.211
A0A523REH8,0.211
A0A497QDT2,0.211
A0A7K4CPS8,0.211
A0A532TY37,0.211
A0A7K4CM60,0.211
A0A7K4GVK1,0.211
A0A842RGI1,0.211
A0A1Q9MRM1,0.211
A0A524C3C0,0.211
A0A842RHH2,0.211
A0A7K4D0Y4,0.211
A0A135VZR9,0.21
A0A7K4CTL6,0.21
A0A497QBR5,0.21
A0A524EGM8,0.21
A0A1Q9PDI7,0.21
A0A1Q9P0Z3,0.21
A0A850LXE4,0.21
A0A524P490,0.21
A0A842TAQ3,0.21
A0A524DYJ9,0.21
A0A843C4X0,0.21
A0A7K4H968,0.21
A0A842R677,0.21
A0A524GB82,0.21
A0A5B9D6E2,0.21
A0A523RN35,0.21
A0A497Q1J8,0.21
A0A842RL36,0.21
A0A850LQ32,0.21
A0A524ENF7,0.21
A0A524CIL0,0.21
A0A2U3CIV6,0.21
A0A843BTY1,0.21
A0A5C9DU25,0.21
A0A842RHE9,0.21
A0A524CYI8,0.21
A0A524D1Q5,0.21
A0A850MD40,0.21
A0A497PLP8,0.21
A0A7K4CZK2,0.21
A0A524EID2,0.21
A0A842SC11,0.21
A0A524G0M3,0.21
A0A842RG42,0.21
A0A7K4IE64,0.21
A0A135VHJ4,0.21
A0A523XB59,0.21
A0A2U3CCE3,0.21
A0A842WME5,0.21
A0A524NWF2,0.21
A0A842WUS6,0.21
A0A497PE82,0.21
A0A532TBF4,0.21
A0A524CS42,0.21
A0A7K4H5B1,0.21
A0A524FTT6,0.21
A0A523S1U7,0.21
A0A1Q9N244,0.21
A0A850LU06,0.21
A0A5C9EAT4,0.209
A0A524EL94,0.209
A0A524EIF2,0.209
A0A524D3X4,0.209
A0A5C9E7U5,0.209
A0A524D941,0.209
A0A524CI45,0.209
A0A497R1S0,0.209
A0A524E0R4,0.209
A0A842WRE2,0.209
A0A524CLE3,0.209
A0A5C9E8J1,0.209
A0A524EF59,0.209
A0A842TEB0,0.209
A0A2U3CBM9,0.209
A0A532TER0,0.209
A0A524D810,0.209
A0A1Q9ND81,0.209
A0A3L6JTP0,0.209
A0A5B9DCS2,0.209
A0A524D005,0.209
A0A497QDF6,0.209
A0A524DXD4,0.209
A0A7K4H818,0.209
A0A497QNS9,0.209
A0A842YFK9,0.209
A0A7K4IEI0,0.209
A0A842U472,0.209
A0A497Q0R8,0.209
A0A842RTM0,0.209
A0A497PCG3,0.209
A0A850LZW5,0.209
A0A842RDX3,0.208
A0A524D572,0.208
A0A523RSC3,0.208
A0A524F2T9,0.208
A0A497Q0S6,0.208
A0A1Q9MVX7,0.208
A0A850LTV7,0.208
A0A850LTB6,0.208
A0A7K4HL14,0.208
A0A2U3CDL2,0.208
A0A842YC97,0.208
A0A842VZ96,0.208
A0A524ENX0,0.208
A0A7K4H8U4,0.208
A0A850M469,0.208
A0A497PFT1,0.208
A0A524E1M0,0.208
A0A523VLU2,0.208
A0A842RIP2,0.208
A0A3L6JRF8,0.208
A0A1Q9NWX9,0.208
A0A842RQ77,0.208
A0A842RJY7,0.208
A0A524L8Y8,0.208
A0A7K4CPE7,0.208
A0A2U3CGR2,0.208
A0A524FVW4,0.208
A0A842U989,0.208
A0A7K4HIA1,0.208
A0A523XPB3,0.208
A0A850LSB6,0.208
A0A497PVK6,0.208
A0A5C9ERE9,0.208
A0A524LEI3,0.207
A0A524P198,0.207
A0A524FH20,0.207
A0A842TD22,0.207
A0A524G3X1,0.207
A0A7K4CR64,0.207
A0A524G208,0.207
A0A7K4H7D4,0.207
A0A497RDE6,0.207
A0A524EZC6,0.207
A0A524CWL7,0.207
A0A1Q9PC92,0.207
A0A5C9EGB6,0.207
A0A532TK10,0.207
A0A524CZ51,0.207
A0A524G9U9,0.207
A0A3L6J9L5,0.207
A0A842Y8G3,0.207
A0A850M9L7,0.207
A0A1Q9P2Y3,0.207
A0A524F960,0.207
A0A524F5G1,0.207
A0A842T6K4,0.207
A0A0F8VEX0,0.207
A0A523RXF7,0.207
A0A5C9E2Y2,0.207
A0A7K4IHF2,0.207
A0A524DIZ6,0.207
A0A532TJY3,0.207
A0A850MSV7,0.207
A0A1Q9NVC5,0.207
A0A7K4D0Q7,0.207
A0A524EFS2,0.207
A0A842VK68,0.207
A0A497Q975,0.207
A0A3L6JLP4,0.207
A0A850MMD9,0.207
A0A532TFD0,0.207
A0A497PQ00,0.206
A0A5C9DZW7,0.206
A0A2E9CF19,0.206
A0A497QTZ8,0.206
A0A850LQ02,0.206
A0A497Q9U1,0.206
A0A524L9Q3,0.206
A0A524LJ05,0.206
A0A850M2W3,0.206
A0A524F520,0.206
A0A7K4HG22,0.206
A0A7K4IC30,0.206
A0A850MMR2,0.206
A0A532TH72,0.206
A0A497Q9Z8,0.206
A0A524EUZ6,0.206
A0A523X6D4,0.206
A0A497PU61,0.206
A0A523VX91,0.206
A0A523TRD9,0.206
A0A842TUN2,0.206
A0A497QEZ7,0.206
A0A5B9DEZ6,0.206
A0A842VG47,0.206
A0A524G9G6,0.206
A0A7K4HAC5,0.206
A0A523R9H4,0.206
A0A7K4CS23,0.206
A0A524G1I6,0.205
A0A524E8K6,0.205
A0A850M519,0.205
A0A0F8W1B6,0.205
A0A524G5Q3,0.205
A0A524E6R6,0.205
A0A1Q9PDF9,0.205
A0A842QF20,0.205
A0A1Q9NB04,0.205
A0A524CRW0,0.205
A0A135VCR9,0.205
A0A2E9CDK4,0.205
A0A850M9G5,0.205
A0A524E1E3,0.205
A0A497R5Q4,0.205
A0A523RBS0,0.205
A0A7K4IDA2,0.205
A0A524L4Y7,0.205
A0A524F4B3,0.205
A0A524LKX3,0.205
A0A532TIV5,0.205
A0A523S0L4,0.205
A0A497QC94,0.205
A0A842QFY2,0.205
A0A497QIR7,0.205
A0A842RYE9,0.205
A0A524DXM6,0.205
A0A2U3CK08,0.205
A0A842W1R8,0.205
A0A842V740,0.205
A0A842QH92,0.205
A0A1Q9NG50,0.205
A0A524CHE2,0.205
A0A850MR56,0.205
A0A5C9EDW1,0.204
A0A524EIP3,0.204
A0A524G3A0,0.204
A0A1Q9MXD4,0.204
A0A524C216,0.204
A0A842TIW7,0.204
A0A1Q9MUR3,0.204
A0A842RV66,0.204
A0A3L6JQQ1,0.204
A0A5C9F2J1,0.204
A0A497QSD9,0.204
A0A497PKZ7,0.204
A0A850LVR8,0.204
A0A524DI72,0.204
A0A1Q9PFA5,0.204
A0A842QDQ4,0.204
A0A497PXL4,0.204
A0A842VUC6,0.204
A0A842RTC2,0.204
A0A5C9EV41,0.204
A0A524CQS5,0.204
A0A842RVK9,0.204
A0A2U3CH87,0.204
A0A497QLG4,0.204
A0A497PAQ2,0.204
A0A524FX68,0.204
A0A524EJE2,0.204
A0A842W156,0.204
A0A497QUT1,0.204
A0A850MKG2,0.204
A0A0F8XTI1,0.204
A0A842QFW3,0.204
A0A843BV13,0.204
A0A842VUR2,0.204
A0A524EGC4,0.204
A0A0F8XZW8,0.204
A0A1Q9MX65,0.204
A0A850MLF8,0.204
A0A842U6X3,0.204
A0A1Q9MVM0,0.204
A0A524EUS4,0.204
A0A523RYT1,0.204
A0A7K4CVN4,0.204
A0A3L6JAA7,0.204
A0A850M3F7,0.204
A0A842WQV2,0.204
A0A843BV86,0.203
A0A524CQB2,0.203
A0A497Q685,0.203
A0A135VE43,0.203
A0A497PX48,0.203
A0A497QVC7,0.203
A0A5C9EGF8,0.203
A0A5C9EZD3,0.203
A0A850LUH2,0.203
A0A1Q9MYH3,0.203
A0A497QK01,0.203
A0A524EQ05,0.203
A0A3L6J9I0,0.203
A0A842QG87,0.203
A0A524EPI7,0.203
A0A843BVP0,0.203
A0A842T741,0.203
A0A524E4N6,0.203
A0A850MC27,0.203
A0A523S5X4,0.203
A0A523SBR6,0.203
A0A524CLH7,0.203
A0A524F6M0,0.203
A0A7C0YBJ0,0.203
A0A842VEW4,0.203
A0A842W1H8,0.203
A0A842RQL0,0.203
A0A0F8W6R5,0.203
A0A850LSJ1,0.203
A0A524GAD6,0.203
A0A497PIQ8,0.203
A0A524E684,0.203
A0A1Q9NF65,0.203
A0A497Q492,0.203
A0A842TLY6,0.203
A0A497R6P3,0.203
A0A532T9S7,0.203
A0A843C002,0.203
A0A2U3CFU8,0.203
A0A524E2U9,0.203
A0A842TJE9,0.203
A0A842RRW0,0.203
A0A850MLN7,0.203
A0A1Q9NA91,0.203
A0A524C1Y6,0.203
A0A497QBU6,0.202
A0A7K4D0Q5,0.202
A0A0F8W1A1,0.202
A0A842RTI4,0.202
A0A2U3CIY2,0.202
A0A5C9E701,0.202
A0A842VU59,0.202
A0A7K4CZZ4,0.202
A0A523VTE8,0.202
A0A5B9DFM2,0.202
A0A3L6JK60,0.202
A0A7K4D1F0,0.202
A0A850MRS2,0.202
A0A3L6J9S1,0.202
A0A524DFL0,0.202
A0A842RGQ4,0.202
A0A523TAR5,0.202
A0A1Q9NJX4,0.202
A0A524E9F3,0.202
A0A135VUI4,0.202
A0A524G4R5,0.202
A0A497PJU6,0.202
A0A524D7B2,0.202
A0A524FSE2,0.202
A0A850LP27,0.202
A0A524DJQ2,0.202
A0A524LEX8,0.202
A0A5C9DVJ9,0.202
A0A2U3CD00,0.202
A0A524EVK8,0.202
A0A524EUA0,0.202
A0A7K4CQH5,0.202
A0A0F8VLW5,0.202
A0A524G748,0.202
A0A850MLC6,0.202
A0A524ES79,0.202
A0A850M4G4,0.202
A0A850LWB0,0.202
A0A0F8XFW6,0.202
A0A1Q9NIZ1,0.201
A0A850M015,0.201
A0A524DLY6,0.201
A0A5C9EWC4,0.201
A0A524EZN5,0.201
A0A842QJE7,0.201
A0A524DUM9,0.201
A0A524EJK6,0.201
A0A497RGP1,0.201
A0A7K4IER6,0.201
A0A524C959,0.201
A0A135VK39,0.201
A0A7K4IB74,0.201
A0A524FVQ5,0.201
A0A497PC13,0.201
A0A842T149,0.201
A0A523TNH8,0.201
A0A842R856,0.201
A0A524E1Y9,0.201
A0A5C9EA81,0.201
A0A497PBC1,0.201
A0A524P5K3,0.201
A0A3L6J9Q3,0.201
A0A524CCI9,0.201
A0A532TES2,0.201
A0A524EGZ0,0.201
A0A843BNR2,0.201
A0A532T970,0.201
A0A524E4Z3,0.201
A0A5C9EYZ5,0.201
A0A5B9DAH5,0.201
A0A3L6JFW8,0.201
A0A5C9E1X4,0.2
A0A850MR90,0.2
A0A523X826,0.2
A0A5C9EHM2,0.2
A0A0F8XES5,0.2
A0A3L6J7N8,0.2
A0A842R9B7,0.2
A0A524CD56,0.2
A0A135VE81,0.2
A0A524FTS1,0.2
A0A523RAR9,0.2
A0A524FLK0,0.2
A0A1Q9NQE9,0.2
A0A524D292,0.2
A0A524EKB1,0.2
A0A7K4GW77,0.2
A0A497QT98,0.2
A0A524C7P9,0.2
A0A842TJ52,0.2
A0A524G7R4,0.2
A0A524L6K4,0.2
A0A524EGJ0,0.2
A0A524EI44,0.2
A0A850M313,0.2
A0A524EBI7,0.2
A0A7K4HFT3,0.2
A0A843BZJ7,0.2
A0A7K4CTR0,0.2
A0A523SA67,0.2
A0A524FXN0,0.2
A0A497QZA0,0.2
A0A842WSE9,0.2
A0A5C9E8A9,0.2
A0A5C9F1M3,0.2
A0A7K4GJI4,0.2
A0A524C9K3,0.2
A0A524CNQ1,0.2
A0A842TT60,0.2
A0A497Q9B2,0.2
A0A524CWA9,0.2
A0A1Q9MRL7,0.2
A0A5C9EN85,0.199
A0A5B9D5Z1,0.199
A0A7K4HDY8,0.199
A0A1Q9PG58,0.199
A0A524GB36,0.199
A0A524EYE8,0.199
A0A524F3F0,0.199
A0A497PNE9,0.199
A0A135VLQ9,0.199
A0A524CFS3,0.199
A0A850MPD1,0.199
A0A850M9W4,0.199
A0A135VG10,0.199
A0A524EZ97,0.199
A0A842TJT2,0.199
A0A850M0N0,0.199
A0A524EFJ7,0.199
A0A135VYB6,0.199
A0A523S4P1,0.199
A0A7K4CZ47,0.199
A0A524CDY8,0.199
A0A842Y8N6,0.199
A0A3L6JH86,0.199
A0A5B9D5Y5,0.199
A0A1Q9NT64,0.199
A0A524DAW2,0.199
A0A523VYX2,0.199
A0A523RAA9,0.199
A0A532TM34,0.199
A0A524F0S7,0.199
A0A524LY53,0.199
A0A497QH40,0.199
A0A842RMV1,0.199
A0A524EB63,0.199
A0A1Q9MXT7,0.199
A0A135VUH6,0.199
A0A842TVP0,0.199
A0A1Q9PF04,0.199
A0A7C0Y8Q9,0.199
A0A850MFA2,0.199
A0A842VSN4,0.199
A0A850M1I5,0.199
A0A497Q934,0.199
A0A5C9EBI0,0.199
A0A5C9EWT3,0.199
A0A5C9E4Q6,0.199
A0A524DZ74,0.199
A0A7K4IEN4,0.199
A0A5C9ECG6,0.199
A0A842VV38,0.199
A0A842TKN4,0.199
A0A5C9F374,0.199
A0A842VI61,0.199
A0A497Q8P4,0.199
A0A524D3T8,0.199
A0A3L6J8Z2,0.199
A0A532TJ78,0.198
A0A850LSI3,0.198
A0A842RAM2,0.198
A0A842SAB1,0.198
A0A524DKJ2,0.198
A0A842WUY7,0.198
A0A842QB77,0.198
A0A523RDS2,0.198
A0A842TC03,0.198
A0A524E7U5,0.198
A0A532TYK7,0.198
A0A7K4CRX1,0.198
A0A523RXF4,0.198
A0A7K4GYQ0,0.198
A0A3L6JE67,0.198
A0A842T483,0.198
A0A1Q9NGA2,0.198
A0A497PP41,0.198
A0A850MI89,0.198
A0A524FLU3,0.198
A0A524G5J8,0.198
A0A842TAB8,0.198
A0A3L6JJA0,0.198
A0A523TAG8,0.198
A0A3L6JN55,0.198
A0A497QAV7,0.198
A0A842WV02,0.198
A0A7C0Y9X6,0.198
A0A7K4GP76,0.198
A0A7K4HDQ8,0.198
A0A524M226,0.198
A0A523SDU8,0.198
A0A524FPN2,0.198
A0A1Q9NZX8,0.198
A0A524LH91,0.198
A0A497PWY1,0.198
A0A524D6B3,0.197
A0A7K4HG60,0.197
A0A842VVM6,0.197
A0A1Q9P4B6,0.197
A0A850LQR0,0.197
A0A532TSE7,0.197
A0A1Q9MRM5,0.197
A0A5C9DT36,0.197
A0A1Q9NMS3,0.197
A0A524CWC1,0.197
A0A524P791,0.197
A0A842RRG1,0.197
A0A843C161,0.197
A0A524FAQ8,0.197
A0A532TNE5,0.197
A0A524DCX9,0.197
A0A523W4H3,0.197
A0A1Q9MXC4,0.197
A0A842TB51,0.197
A0A524F4P3,0.197
A0A5C9EMZ9,0.197
A0A524CKH6,0.197
A0A1Q9MUB9,0.197
A0A524CHU7,0.197
A0A1Q9MVR5,0.197
A0A5C9ENM6,0.197
A0A7K4CZI6,0.197
A0A850M1I9,0.197
A0A849QB48,0.197
A0A497PJ96,0.197
A0A7K4CND6,0.197
A0A2E9CCJ2,0.197
A0A2E9CCV0,0.197
A0A842QAE6,0.197
A0A524D0A6,0.197
A0A532TQS5,0.197
A0A497QTU6,0.197
A0A842T3R9,0.197
A0A849Q6C5,0.197
A0A7K4CPP2,0.197
A0A5C9ECV1,0.197
A0A1Q9NYL6,0.197
A0A135VJX7,0.197
A0A1Q9NPV7,0.197
A0A843BNQ5,0.197
A0A842RDM5,0.197
A0A524L6C0,0.197
A0A5C9EDQ5,0.197
A0A7K4GMG5,0.197
A0A842VGT8,0.197
A0A1Q9MR63,0.197
A0A850M3Y9,0.196
A0A842T2M1,0.196
A0A523X9V0,0.196
A0A842QDE6,0.196
A0A842QEX7,0.196
A0A524D6H9,0.196
A0A1Q9N2D0,0.196
A0A842YE13,0.196
A0A497QX82,0.196
A0A842RHJ8,0.196
A0A7K4IHG3,0.196
A0A135VVP6,0.196
A0A5C9DVJ4,0.196
A0A1Q9NYI1,0.196
A0A842T1K3,0.196
A0A850LZM1,0.196
A0A842RIM0,0.196
A0A524D042,0.196
A0A524D537,0.196
A0A0F8W2J2,0.196
A0A524DMS8,0.196
A0A497RCT3,0.196
A0A842TEC6,0.196
A0A524DUP0,0.196
A0A2U3CEL4,0.196
A0A524G5Y4,0.196
A0A843BNY2,0.196
A0A842T3I3,0.196
A0A850MWU6,0.196
A0A842TNZ0,0.196
A0A842RG40,0.196
A0A5C9E2U7,0.196
A0A3L6J977,0.196
A0A7K4D033,0.196
A0A524F6I0,0.196
A0A524EQ64,0.196
A0A524CZ60,0.196
A0A842TBU8,0.196
A0A842R9W1,0.196
A0A1Q9MW25,0.196
A0A524D1P0,0.196
A0A524FLN0,0.196
A0A524EMS3,0.196
A0A7K4H6I7,0.196
A0A842W0T2,0.196
A0A5C9EHY6,0.196
A0A497PGV2,0.195
A0A135VE12,0.195
A0A850MAK1,0.195
A0A3L6J9G0,0.195
A0A5C9E7Q3,0.195
A0A524C2C2,0.195
A0A849Q539,0.195
A0A842QCP9,0.195
A0A1Q9NWV1,0.195
A0A524E2L9,0.195
A0A842W3M7,0.195
A0A532T6G3,0.195
A0A524DD58,0.195
A0A3L6J6W9,0.195
A0A3L6JQA6,0.195
A0A524D9M8,0.195
A0A1Q9P0R7,0.195
A0A842YEB2,0.195
A0A524DQG2,0.195
A0A1Q9N0L5,0.195
A0A842U1J7,0.195
A0A524F716,0.195
A0A1Q9NKK6,0.195
A0A1Q9PEC8,0.195
A0A524F7D7,0.195
A0A3L6JNU8,0.195
A0A842VK80,0.195
A0A5B9DAC7,0.195
A0A524MC11,0.195
A0A523RZG9,0.195
A0A524LUG0,0.195
A0A524FNH9,0.195
A0A135VAP3,0.195
A0A5C9EW60,0.195
A0A497PDT6,0.195
A0A850MD94,0.195
A0A1Q9NQ98,0.195
A0A523X7P5,0.195
A0A135VWV5,0.195
A0A524DNF5,0.195
A0A850MMY5,0.195
A0A7K4CZ62,0.195
A0A7K4GWZ7,0.195
A0A524DFI9,0.195
A0A7K4HAC7,0.195
A0A524CCY9,0.195
A0A497Q5C9,0.195
A0A850LYG6,0.195
A0A497QQX2,0.195
A0A7K4GPB1,0.195
A0A5C9E8U1,0.194
A0A850ML67,0.194
A0A842WPR2,0.194
A0A7K4CNM5,0.194
A0A842VZR4,0.194
A0A0F8V7D2,0.194
A0A842VUA8,0.194
A0A497QGI0,0.194
A0A524E3C3,0.194
A0A0F8VEY0,0.194
A0A524DN73,0.194
A0A524FXQ8,0.194
A0A842TM59,0.194
A0A842TLU0,0.194
A0A5C9E8W0,0.194
A0A842THS0,0.194
A0A497QVH3,0.194
A0A524LBD2,0.194
A0A524CGX1,0.194
A0A842RKG3,0.194
A0A524EZE3,0.194
A0A0F8WBZ9,0.194
A0A524DZD5,0.194
A0A524CBL1,0.194
A0A7K4GTH6,0.194
A0A524E3R9,0.194
A0A524CA47,0.194
A0A523TB51,0.194
A0A842T691,0.194
A0A842VB81,0.194
A0A524DJE2,0.194
A0A523S1D5,0.194
A0A850LQD9,0.194
A0A850MHP1,0.194
A0A532TYQ5,0.194
A0A5C9E498,0.194
A0A1Q9NSM9,0.194
A0A842VUY6,0.194
A0A524EZW8,0.194
A0A524DCV9,0.194
A0A842VHF2,0.194
A0A497PKM4,0.194
A0A842RC45,0.194
A0A850LWR2,0.194
A0A497QHA4,0.194
A0A524E3F0,0.194
A0A7K4H411,0.194
A0A842TET9,0.194
A0A524ERP2,0.194
A0A523VTU6,0.194
A0A135VKA1,0.194
A0A850M4B4,0.194
A0A524D197,0.194
A0A5C9E9A5,0.193
A0A524DDJ9,0.193
A0A1Q9MX68,0.193
A0A532TRZ1,0.193
A0A0F8Y2T8,0.193
A0A497QFS5,0.193
A0A842T1C4,0.193
A0A850MAI3,0.193
A0A497RBQ4,0.193
A0A850LWD8,0.193
A0A849Q973,0.193
A0A7K4HC16,0.193
A0A850MAB9,0.193
A0A497R5P3,0.193
A0A1Q9NFW2,0.193
A0A524M5A3,0.193
A0A850MQE0,0.193
A0A842YDL5,0.193
A0A524DX52,0.193
A0A524FC69,0.193
A0A524CBT2,0.193
A0A524EMP3,0.193
A0A497Q8K4,0.193
A0A7K4GQB0,0.193
A0A5C9EE56,0.193
A0A524D515,0.193
A0A842VXH3,0.193
A0A524ESH8,0.193
A0A135VU40,0.193
A0A842TA09,0.193
A0A7K4HI15,0.193
A0A7C0U8R7,0.193
A0A842U775,0.193
A0A850ML50,0.193
A0A523R9M9,0.193
A0A524C3U8,0.193
A0A135VLS5,0.193
A0A524CSN8,0.193
A0A524P4Z7,0.193
A0A497PIS4,0.193
A0A842TP47,0.193
A0A5C9EJM9,0.193
A0A524CS69,0.193
A0A3L6JPU2,0.193
A0A524DIE0,0.193
A0A842RFS2,0.193
A0A524D428,0.193
A0A523W445,0.193
A0A1Q9PDP5,0.193
A0A842VB98,0.193
A0A497PDK4,0.193
A0A1Q9N3F0,0.193
A0A524FVT6,0.193
A0A497Q3N3,0.193
A0A842VVN8,0.193
A0A497QIK4,0.193
A0A850MMK1,0.193
A0A842VFB1,0.192
A0A497QYJ8,0.192
A0A497QEU9,0.192
A0A842S222,0.192
A0A842VU55,0.192
A0A497PWR3,0.192
A0A842VG28,0.192
A0A135VMH6,0.192
A0A850LZ50,0.192
A0A842QJZ5,0.192
A0A1Q9PAU4,0.192
A0A1Q9MTJ0,0.192
A0A842VWM2,0.192
A0A1Q9MQ55,0.192
A0A842WM44,0.192
A0A524D9Z1,0.192
A0A497PXR3,0.192
A0A842RAW1,0.192
A0A497Q860,0.192
A0A1Q9NAP3,0.192
A0A3L6JNV8,0.192
A0A842QDS0,0.192
A0A842W349,0.192
A0A842T5E5,0.192
A0A524EF92,0.192
A0A842VAE7,0.192
A0A850MM11,0.192
A0A842QF06,0.192
A0A524EFT1,0.192
A0A497Q7J9,0.192
A0A3L6J8H9,0.192
A0A5C9ELD6,0.192
A0A842RDA6,0.192
A0A524E0H4,0.192
A0A850MR65,0.192
A0A1Q9N3B9,0.192
A0A842RM04,0.192
A0A2U3CJJ2,0.192
A0A850M0K9,0.192
A0A532T7U2,0.192
A0A0F8WB94,0.192
A0A524LZC5,0.192
A0A842VR84,0.192
A0A1Q9N0E5,0.192
A0A842RFU5,0.192
A0A497PKU9,0.192
A0A524GAN9,0.192
A0A3L6JT59,0.192
A0A849QEQ7,0.192
A0A497PBH1,0.192
A0A842UCW2,0.192
A0A7K4GLZ5,0.192
A0A0F8V7C8,0.192
A0A524ENB1,0.192
A0A850M033,0.191
A0A524D3B0,0.191
A0A524M181,0.191
A0A842TUJ2,0.191
A0A7K4CZA9,0.191
A0A524C309,0.191
A0A524P527,0.191
A0A497Q658,0.191
A0A5B9D9M4,0.191
A0A524CGS2,0.191
A0A135VIP0,0.191
A0A842R8D1,0.191
A0A524FZW5,0.191
A0A524E1F0,0.191
A0A1Q9P6K9,0.191
A0A1Q9NYK0,0.191
A0A842WNZ5,0.191
A0A842QHC3,0.191
A0A524C337,0.191
A0A7K4H7S6,0.191
A0A1Q9NDE2,0.191
A0A5C9EFK9,0.191
A0A1Q9N335,0.191
A0A497PWI2,0.191
A0A524G1A8,0.191
A0A524LKQ6,0.191
A0A524DAG7,0.191
A0A1Q9N042,0.191
A0A7K4GYJ6,0.191
A0A3L6JD49,0.191
A0A524GB52,0.191
A0A7K4HIL5,0.191
A0A842WU80,0.191
A0A850MEW5,0.191
A0A497QVY4,0.191
A0A135VMD5,0.191
A0A497R8J1,0.191
A0A497PEB7,0.191
A0A524EG61,0.191
A0A7K4CPH3,0.191
A0A1Q9NHI1,0.191
A0A842QGU7,0.191
A0A842VDI2,0.191
A0A2U3CE42,0.191
A0A497PMG9,0.191
A0A497QVV3,0.191
A0A524CGH6,0.191
A0A7K4CUA1,0.191
A0A135VHZ5,0.191
A0A842RAV8,0.19
A0A3L6JHN2,0.19
A0A1Q9NT49,0.19
A0A1Q9NVJ8,0.19
A0A524E803,0.19
A0A850MCI7,0.19
A0A524CC17,0.19
A0A524D220,0.19
A0A497PWV7,0.19
A0A3L6J7M1,0.19
A0A524FSN3,0.19
A0A524F2V0,0.19
A0A842RY97,0.19
A0A524LAB2,0.19
A0A849QFP1,0.19
A0A497QNZ1,0.19
A0A7K4HEP4,0.19
A0A3L6JGF4,0.19
A0A7K4D0G7,0.19
A0A842QI84,0.19
A0A524E9D4,0.19
A0A524MDA2,0.19
A0A5C9DY45,0.19
A0A524EM47,0.19
A0A1Q9NLD0,0.19
A0A849QDI8,0.19
A0A842YGG8,0.19
A0A842YCI7,0.19
A0A7K4HGQ7,0.19
A0A524D7V3,0.19
A0A524EE94,0.19
A0A497Q972,0.19
A0A7K4H7B3,0.19
A0A5C9ELU5,0.19
A0A842W580,0.19
A0A523RNS9,0.19
A0A842QH43,0.19
A0A842RRV9,0.19
A0A524CNR2,0.19
A0A3L6JNB2,0.19
A0A842VG19,0.19
A0A497PTY2,0.19
A0A524G579,0.19
A0A7K4IHH8,0.19
A0A524CYH3,0.19
A0A524EV54,0.19
A0A524FD78,0.19
A0A497QYZ4,0.189
A0A524D753,0.189
A0A842TFK8,0.189
A0A523RS13,0.189
A0A3L6JC99,0.189
A0A2E9CFJ7,0.189
A0A842QF44,0.189
A0A850MHJ9,0.189
A0A0F8XVL4,0.189
A0A1Q9NIK4,0.189
A0A524LCS9,0.189
A0A497QF86,0.189
A0A850M326,0.189
A0A842QGL6,0.189
A0A497QMU9,0.189
A0A842WWD9,0.189
A0A1Q9MZL4,0.189
A0A7K4GR83,0.189
A0A497PWI6,0.189
A0A5C9EGJ2,0.189
A0A524ECC7,0.189
A0A497QT63,0.189
A0A849QLR6,0.189
A0A523R622,0.189
A0A524F6E8,0.189
A0A1Q9PD03,0.189
A0A1Q9MXC8,0.189
A0A524DU74,0.189
A0A524F5Y1,0.189
A0A1Q9NZ73,0.189
A0A524DN87,0.189
A0A524LAL7,0.189
A0A135VVG7,0.189
A0A842TAD1,0.189
A0A524ET48,0.189
A0A842VR63,0.189
A0A7K4IFV3,0.189
A0A524D757,0.189
A0A842WVL3,0.189
A0A843C0P0,0.189
A0A532TLR2,0.189
A0A842TZZ1,0.189
A0A842RCQ8,0.189
A0A1Q9P2U8,0.189
A0A532TXB1,0.189
A0A3L6JSE3,0.189
A0A497Q1H3,0.189
A0A850LXC1,0.189
A0A3L6JB47,0.189
A0A1Q9P0R4,0.189
A0A7K4HHI5,0.189
A0A842TCI8,0.189
A0A523RBA0,0.189
A0A135VEI2,0.189
A0A1Q9NNH1,0.189
A0A3L6JPT3,0.189
A0A497PZW3,0.189
A0A842VKI7,0.189
A0A2U3CBJ0,0.189
A0A135VVA0,0.189
A0A842VQF7,0.189
A0A524ESM8,0.188
A0A524DUX0,0.188
A0A524EG78,0.188
A0A532TQL1,0.188
A0A1Q9NDA0,0.188
A0A7K4ICI8,0.188
A0A842TGY5,0.188
A0A842S8X9,0.188
A0A524EWT0,0.188
A0A5C9EQ33,0.188
A0A842RXU6,0.188
A0A523W3D6,0.188
A0A842WKA4,0.188
A0A497Q7K0,0.188
A0A524D9A2,0.188
A0A842T7Y6,0.188
A0A523X7C9,0.188
A0A842WRA2,0.188
A0A497QTN5,0.188
A0A842SYL8,0.188
A0A524NT58,0.188
A0A524FHN9,0.188
A0A842YF82,0.188
A0A850MXJ7,0.188
A0A850LS82,0.188
A0A5C9EKN6,0.188
A0A497Q391,0.188
A0A524EMB0,0.188
A0A850MBL4,0.188
A0A524FXW2,0.188
A0A524D8S2,0.188
A0A524ME96,0.188
A0A3L6JCK5,0.188
A0A842RIC0,0.188
A0A842YBH4,0.188
A0A5C9EI24,0.188
A0A524DBC8,0.188
A0A843BVR3,0.188
A0A3L6JAB6,0.188
A0A842TED4,0.188
A0A7K4CU97,0.188
A0A524DK84,0.188
A0A524E001,0.188
A0A497PTJ0,0.188
A0A7K4GM86,0.188
A0A135VBU3,0.188
A0A842S6S9,0.188
A0A850LUK4,0.188
A0A5B9DBY3,0.188
A0A497Q8T7,0.188
A0A523TJB0,0.188
A0A842RDN3,0.187
A0A842T4N0,0.187
A0A842W116,0.187
A0A524L8Z8,0.187
A0A842T664,0.187
A0A850MII2,0.187
A0A7K4IGL2,0.187
A0A1Q9P237,0.187
A0A2E9CDL6,0.187
A0A850LX52,0.187
A0A524C2C4,0.187
A0A842SWF7,0.187
A0A497PKX2,0.187
A0A497PDF9,0.187
A0A524EFD7,0.187
A0A842VQT8,0.187
A0A497PJT3,0.187
A0A1Q9P5W4,0.187
A0A2U3CDQ4,0.187
A0A3L6JNV7,0.187
A0A1Q9NWA0,0.187
A0A135VTF8,0.187
A0A850LVE7,0.187
A0A842T639,0.187
A0A524FME9,0.187
A0A1Q9NXV4,0.187
A0A2U3CKG3,0.187
A0A7K4H1B9,0.187
A0A524E0S8,0.187
A0A524DBD7,0.187
A0A850MUS8,0.187
A0A523S962,0.187
A0A524DYA6,0.187
A0A850M9N9,0.187
A0A524EKP8,0.187
A0A1Q9NZM8,0.187
A0A842T922,0.187
A0A1Q9MYP1,0.187
A0A524LJ39,0.187
A0A842YBS5,0.187
A0A524F807,0.187
A0A497QC93,0.187
A0A497QHF6,0.187
A0A524FNY2,0.187
A0A524F6Y4,0.187
A0A842RJH5,0.187
A0A7K4HH07,0.187
A0A7K4D0S8,0.186
A0A524EGF3,0.186
A0A2U3CBG3,0.186
A0A5C9DZL2,0.186
A0A842TJ53,0.186
A0A842VZ37,0.186
A0A843BNS3,0.186
A0A523S0D3,0.186
A0A842TTM3,0.186
A0A7K4IDY3,0.186
A0A0F8Y8C5,0.186
A0A1Q9NUV3,0.186
A0A497QS82,0.186
A0A497QK26,0.186
A0A842TPV2,0.186
A0A497PNU1,0.186
A0A524DKF0,0.186
A0A3L6J9C2,0.186
A0A842YE18,0.186
A0A843BR27,0.186
A0A1Q9MSF8,0.186
A0A7K4CZY8,0.186
A0A497QUP1,0.186
A0A842RMG4,0.186
A0A497PNA2,0.186
A0A842WPB4,0.186
A0A842SB13,0.186
A0A850MFT4,0.186
A0A7K4IBM5,0.186
A0A524CDZ1,0.186
A0A497QT07,0.186
A0A497Q0X4,0.186
A0A842VGX3,0.186
A0A2U3CEH3,0.186
A0A524LJE6,0.186
A0A842T259,0.186
A0A497QH45,0.186
A0A497Q9D0,0.186
A0A1Q9NTE0,0.186
A0A842VP67,0.186
A0A1Q9NWB6,0.186
A0A842S4J3,0.186
A0A5C9EY89,0.186
A0A5C9E1W3,0.186
A0A524CXN4,0.186
A0A497R6J2,0.186
A0A842QDV0,0.186
A0A524CK33,0.186
A0A3L6JAB4,0.186
A0A850LZ90,0.186
A0A7K4IGN4,0.186
A0A5C9ES53,0.186
A0A2E9CFE2,0.186
A0A3L6JAL9,0.186
A0A842W180,0.186
A0A7K4GNY4,0.185
A0A1Q9NAA5,0.185
A0A842QCR4,0.185
A0A850MHZ2,0.185
A0A850M826,0.185
A0A524LC09,0.185
A0A1Q9N0M4,0.185
A0A524CBH4,0.185
A0A497R3H0,0.185
A0A5C9E5W3,0.185
A0A5B9DD37,0.185
A0A497QZU1,0.185
A0A1Q9NMI2,0.185
A0A524L5T0,0.185
A0A497Q7Y0,0.185
A0A850MMG9,0.185
A0A497QCV4,0.185
A0A497P8X1,0.185
A0A497QGB5,0.185
A0A7K4CUU0,0.185
A0A497QW14,0.185
A0A523XNZ7,0.185
A0A842RQ90,0.185
A0A842WWI8,0.185
A0A1Q9P1S5,0.185
A0A850MJN7,0.185
A0A3L6JRB6,0.185
A0A843BMZ0,0.185
A0A842QEQ5,0.185
A0A135VLQ7,0.185
A0A842QH46,0.185
A0A524F0Q2,0.185
A0A3L6JMJ7,0.185
A0A524G775,0.185
A0A0F8XDW7,0.185
A0A842VBV6,0.185
A0A7K4HKD6,0.185
A0A842S486,0.185
A0A7K4CZG1,0.185
A0A850M9L1,0.185
A0A524F1I5,0.185
A0A842VXT3,0.185
A0A849QI00,0.185
A0A850MXK8,0.185
A0A842VJW5,0.185
A0A7K4HHP5,0.185
A0A1Q9NQ20,0.185
A0A524FLE2,0.184
A0A497QZV0,0.184
A0A524FLP2,0.184
A0A849QCN5,0.184
A0A7K4H8K8,0.184
A0A843BXR1,0.184
A0A524F536,0.184
A0A524LU77,0.184
A0A850MVY1,0.184
A0A5C9EBE3,0.184
A0A524G0P8,0.184
A0A0F8VGP4,0.184
A0A524P543,0.184
A0A532TYH0,0.184
A0A523RYZ6,0.184
A0A7K4H027,0.184
A0A524ETY4,0.184
A0A524DQZ2,0.184
A0A842QGD6,0.184
A0A5C9F381,0.184
A0A5C9DZV7,0.184
A0A842VRI2,0.184
A0A524E370,0.184
A0A524CVS1,0.184
A0A842QF03,0.184
A0A843BSH3,0.184
A0A524FA72,0.184
A0A7K4IG87,0.184
A0A524D9M4,0.184
A0A842RKC0,0.184
A0A524G4L9,0.184
A0A524FD04,0.184
A0A523S447,0.184
A0A524D4E6,0.184
A0A524LIW8,0.184
A0A5C9EYV2,0.184
A0A850MI58,0.184
A0A850LSF1,0.184
A0A842SX90,0.184
A0A497PLE2,0.184
A0A842QG90,0.184
A0A524LAK4,0.184
A0A524FGE9,0.184
A0A850LZS5,0.184
A0A497P9H7,0.184
A0A497QTC5,0.184
A0A524E531,0.184
A0A2E9CEV7,0.184
A0A1Q9MUA5,0.184
A0A842VGK5,0.184
A0A497PB39,0.184
A0A497R1S6,0.184
A0A1Q9NXD5,0.184
A0A842X1W3,0.184
A0A1Q9P9C6,0.183
A0A7K4H6Q2,0.183
A0A524M5B7,0.183
A0A842VJ00,0.183
A0A524CI47,0.183
A0A524E7T1,0.183
A0A524CN36,0.183
A0A850LS06,0.183
A0A842W1J0,0.183
A0A497PB40,0.183
A0A524CT77,0.183
A0A5C9E034,0.183
A0A532TT71,0.183
A0A850M5W2,0.183
A0A524CA37,0.183
A0A524EXD3,0.183
A0A842VD66,0.183
A0A524EHA7,0.183
A0A3L6JBV4,0.183
A0A1Q9MV04,0.183
A0A842TBT4,0.183
A0A524EK77,0.183
A0A842S5V1,0.183
A0A524E0Z8,0.183
A0A524D1Z1,0.183
A0A135VQN5,0.183
A0A524FCC7,0.183
A0A849QC96,0.183
A0A850MX69,0.183
A0A850MKA4,0.183
A0A842YEZ0,0.183
A0A7K4GSA1,0.183
A0A524DF17,0.183
A0A1Q9N9P4,0.183
A0A524MDM5,0.183
A0A3L6JS38,0.183
A0A523XJ95,0.183
A0A5B9DE43,0.183
A0A7K4IDQ1,0.183
A0A842VW66,0.183
A0A524EHE6,0.183
A0A850MLJ9,0.183
A0A5C9EPI2,0.183
A0A524D4A8,0.183
A0A5C9E8N5,0.183
A0A135VI63,0.183
A0A3L6J9X4,0.183
A0A524G9P0,0.183
A0A497QPD2,0.183
A0A523TIY2,0.183
A0A532TKV3,0.183
A0A532TEY1,0.183
A0A497QGX5,0.183
A0A842T436,0.183
A0A7K4H8P1,0.183
A0A0F8XX59,0.183
A0A497QM91,0.183
A0A850MMY7,0.183
A0A524CV75,0.183
A0A524CPR7,0.183
A0A842QIL2,0.182
A0A842RUR6,0.182
A0A3L6JBA2,0.182
A0A497PE12,0.182
A0A3L6JN04,0.182
A0A849QEI2,0.182
A0A1Q9NEG7,0.182
A0A1Q9N3F6,0.182
A0A497Q2Z5,0.182
A0A497PGL5,0.182
A0A7K4H6I0,0.182
A0A842VMZ9,0.182
A0A524CD53,0.182
A0A850MQQ1,0.182
A0A842VQS1,0.182
A0A1Q9P400,0.182
A0A5B9D609,0.182
A0A850MV38,0.182
A0A842WQ73,0.182
A0A842VSL9,0.182
A0A523XNZ4,0.182
A0A524DG55,0.182
A0A524CBE5,0.182
A0A524P567,0.182
A0A524FB04,0.182
A0A850M251,0.182
A0A7K4H7N7,0.182
A0A1Q9N4H6,0.182
A0A135VCJ9,0.182
A0A524FIQ3,0.182
A0A524DVA6,0.182
A0A1Q9N3L1,0.182
A0A532T7U9,0.182
A0A524E5S5,0.182
A0A497PCG9,0.182
A0A5C9E013,0.182
A0A524EFP2,0.182
A0A497QE77,0.182
A0A7K4CVK6,0.182
A0A850MNA8,0.182
A0A524LBB5,0.182
A0A7K4IF19,0.182
A0A1Q9NU68,0.182
A0A850MJ32,0.182
A0A7K4HDT2,0.182
A0A0F8VX21,0.182
A0A1Q9NIG4,0.182
A0A5C9E1M8,0.182
A0A524E133,0.182
A0A135VFD1,0.182
A0A524D2Y6,0.181
A0A3L6JFF5,0.181
A0A524D7X4,0.181
A0A497Q2J7,0.181
A0A1Q9MTF1,0.181
A0A497R012,0.181
A0A524CW30,0.181
A0A1Q9MS22,0.181
A0A842R8F9,0.181
A0A524DZP7,0.181
A0A524F554,0.181
A0A7K4CU90,0.181
A0A1Q9MU74,0.181
A0A842REH4,0.181
A0A850M9B3,0.181
A0A5C9EK00,0.181
A0A2U3CL12,0.181
A0A532T866,0.181
A0A5C9EAL6,0.181
A0A1Q9PF75,0.181
A0A7K4CRE1,0.181
A0A524DCE0,0.181
A0A1Q9P5B6,0.181
A0A5B9D9J5,0.181
A0A524M8Z0,0.181
A0A842VH15,0.181
A0A524D8I6,0.181
A0A2U3CIH1,0.181
A0A850M292,0.181
A0A842R8G6,0.181
A0A3L6J899,0.181
A0A842VPK2,0.181
A0A524DY22,0.181
A0A497PMY1,0.181
A0A524FN90,0.181
A0A524CCQ8,0.181
A0A497QE79,0.181
A0A524DD15,0.181
A0A1Q9NTB2,0.181
A0A7K4IFI4,0.181
A0A850LWH8,0.181
A0A524MHR0,0.181
A0A524CTF2,0.181
A0A849QMP7,0.181
A0A842VFT5,0.181
A0A524E3G9,0.181
A0A497PA88,0.181
A0A524DAZ6,0.181
A0A524DXG5,0.181
A0A524CTV5,0.181
A0A497QU25,0.181
A0A532T1D4,0.181
A0A1Q9P5F3,0.181
A0A842YE68,0.181
A0A3L6JCS1,0.181
A0A842YCX9,0.18
A0A7K4GPS3,0.18
A0A1Q9NCY8,0.18
A0A7K4H6R6,0.18
A0A2U3CB19,0.18
A0A497PG68,0.18
A0A2U3CG10,0.18
A0A524GAU9,0.18
A0A842RJX5,0.18
A0A850MHF6,0.18
A0A524EKT7,0.18
A0A497QW86,0.18
A0A842RFS5,0.18
A0A1Q9N9Z0,0.18
A0A850MSK5,0.18
A0A842VWV7,0.18
A0A497PRK2,0.18
A0A497PQM2,0.18
A0A5C9E0K6,0.18
A0A850LVA2,0.18
A0A1Q9NSA6,0.18
A0A524CZR0,0.18
A0A842WXR2,0.18
A0A7K4IFY9,0.18
A0A850MN91,0.18
A0A135VQ06,0.18
A0A7K4CYD7,0.18
A0A842YE82,0.18
A0A1Q9N285,0.18
A0A524LHH5,0.18
A0A842WQM6,0.18
A0A524CMT4,0.18
A0A523RZK5,0.18
A0A850M8A6,0.18
A0A135VNX4,0.18
A0A842Q9T3,0.18
A0A842RSY3,0.18
A0A1Q9NBH4,0.18
A0A7K4H8M4,0.18
A0A7C0YDF0,0.18
A0A524FCS7,0.18
A0A524FFK6,0.18
A0A850LPG0,0.18
A0A524F9J0,0.18
A0A5B9DFG1,0.18
A0A497PW06,0.179
A0A3L6J940,0.179
A0A524DMD5,0.179
A0A7C0U9C0,0.179
A0A523XJM7,0.179
A0A497R4X3,0.179
A0A524C8U9,0.179
A0A850MST2,0.179
A0A524G3Z7,0.179
A0A497QWS4,0.179
A0A524P6Q5,0.179
A0A5C9EH60,0.179
A0A523S3C9,0.179
A0A497QES3,0.179
A0A842T5C6,0.179
A0A5C9EXY6,0.179
A0A7K4GUX0,0.179
A0A850M8N2,0.179
A0A842RKB4,0.179
A0A842RBU1,0.179
A0A524NYP6,0.179
A0A850LS54,0.179
A0A5C9E6V3,0.179
A0A524F737,0.179
A0A524D320,0.179
A0A497PAS8,0.179
A0A497QV58,0.179
A0A842W3G2,0.179
A0A7K4GU61,0.179
A0A497PK32,0.179
A0A1Q9NGF5,0.179
A0A2E9CDP7,0.179
A0A524FNU0,0.179
A0A497QPV2,0.179
A0A850M5S4,0.179
A0A842VQR4,0.179
A0A842VQW8,0.179
A0A497QQP6,0.179
A0A524F375,0.179
A0A5C9E306,0.179
A0A5C9DZV4,0.179
A0A497PRM2,0.179
A0A524LXW9,0.179
A0A842THP7,0.179
A0A524DYJ7,0.179
A0A524DU17,0.179
A0A7K4H593,0.179
A0A842REQ4,0.179
A0A524FLJ3,0.179
A0A850MA71,0.179
A0A842X1Z3,0.179
A0A524FQC7,0.179
A0A524CXB6,0.179
A0A1Q9NFI9,0.179
A0A523XLT8,0.179
A0A5B9DEI5,0.178
A0A524G382,0.178
A0A524DH48,0.178
A0A524DZB0,0.178
A0A849QE85,0.178
A0A497PID2,0.178
A0A497QE05,0.178
A0A842TS60,0.178
A0A843BUG7,0.178
A0A0F8XLT7,0.178
A0A523RQS0,0.178
A0A524CXU1,0.178
A0A7K4CXX0,0.178
A0A497QJ22,0.178
A0A0F8XUS2,0.178
A0A842VMQ0,0.178
A0A7K4GZC0,0.178
A0A497QSV4,0.178
A0A842T5J1,0.178
A0A1Q9NGF4,0.178
A0A524E5G8,0.178
A0A524FSZ5,0.178
A0A524FRY5,0.178
A0A7K4GQF3,0.178
A0A850MER4,0.178
A0A850LP30,0.178
A0A524C3B3,0.178
A0A524DJ51,0.178
A0A842YHK4,0.178
A0A524F7W8,0.178
A0A524E512,0.178
A0A1Q9NL34,0.178
A0A7K4IH31,0.178
A0A5B9D980,0.178
A0A135VC09,0.178
A0A842QJD9,0.178
A0A7K4H4A7,0.178
A0A842X218,0.178
A0A524EA13,0.178
A0A1Q9MXY7,0.178
A0A524CED2,0.178
A0A850MTI9,0.178
A0A524DT07,0.178
A0A842REH5,0.178
A0A842TNQ2,0.178
A0A3L6JFL8,0.178
A0A524CKS8,0.178
A0A1Q9NE41,0.178
A0A523S1C7,0.178
A0A7K4CPF8,0.178
A0A497PXA5,0.178
A0A524CWC8,0.178
A0A524E241,0.178
A0A523TDW2,0.178
A0A842TF88,0.178
A0A497R4Z6,0.178
A0A3L6JNI7,0.178
A0A1Q9NK66,0.178
A0A850M7I0,0.178
A0A0F8W2K4,0.178
A0A842V9L7,0.178
A0A842S510,0.178
A0A842U5J6,0.178
A0A850M5J1,0.177
A0A524FWX5,0.177
A0A5C9EF71,0.177
A0A524CFB8,0.177
A0A7K4D133,0.177
A0A523XAR0,0.177
A0A524CR71,0.177
A0A7K4CU33,0.177
A0A842W0V2,0.177
A0A524CKL0,0.177
A0A842TL27,0.177
A0A849QME9,0.177
A0A842VXC8,0.177
A0A135VMN8,0.177
A0A3L6JNH4,0.177
A0A842VNW7,0.177
A0A524CXL8,0.177
A0A3L6JL77,0.177
A0A524GAY2,0.177
A0A497QM47,0.177
A0A850MGH8,0.177
A0A532TQA8,0.177
A0A850MHJ4,0.177
A0A497PI99,0.177
A0A1Q9N233,0.177
A0A523XQ70,0.177
A0A524F365,0.177
A0A1Q9NYX5,0.177
A0A0F8VZH9,0.177
A0A843BPJ8,0.177
A0A497QCT2,0.177
A0A497Q167,0.177
A0A497QH03,0.177
A0A524E7R0,0.177
A0A5C9ELY2,0.177
A0A524DLZ1,0.177
A0A524F2F7,0.177
A0A842RN85,0.177
A0A532TRL6,0.177
A0A524FF89,0.177
A0A532TP40,0.177
A0A1Q9MUM7,0.177
A0A842WP94,0.177
A0A1Q9MUC7,0.177
A0A3L6JES3,0.177
A0A850MEZ8,0.177
A0A5C9EKE7,0.177
A0A497QPH1,0.177
A0A7K4D115,0.177
A0A524CG54,0.177
A0A523RYR1,0.177
A0A850MG54,0.177
A0A497QR55,0.177
A0A135VEE4,0.176
A0A524C465,0.176
A0A523S1I2,0.176
A0A0F8W9I2,0.176
A0A524CIL5,0.176
A0A497RA68,0.176
A0A7K4GVD6,0.176
A0A5C9F2H5,0.176
A0A524C8C4,0.176
A0A3L6JHL3,0.176
A0A524DXQ6,0.176
A0A1Q9N0C1,0.176
A0A523XQJ5,0.176
A0A5C9F0D8,0.176
A0A497QPP8,0.176
A0A5C9DZL9,0.176
A0A523XGE0,0.176
A0A7K4ID58,0.176
A0A497R6D9,0.176
A0A842TLZ2,0.176
A0A524E6U7,0.176
A0A850LXN2,0.176
A0A7K4CS91,0.176
A0A497QVJ7,0.176
A0A842RBU0,0.176
A0A850M1A1,0.176
A0A850MKV8,0.176
A0A524LBK5,0.176
A0A850LZ46,0.176
A0A5C9EEI7,0.176
A0A497QX76,0.176
A0A524E746,0.176
A0A524D8G6,0.176
A0A532T974,0.176
A0A850LV09,0.176
A0A7K4GUU9,0.176
A0A7K4CZI7,0.176
A0A524DWV4,0.176
A0A524F2S5,0.176
A0A842VYI3,0.176
A0A524P3W4,0.176
A0A7K4GZH4,0.176
A0A5C9EZI0,0.176
A0A842VJ40,0.176
A0A497PH26,0.176
A0A1Q9MQS8,0.176
A0A524ENB4,0.176
A0A842VFH1,0.176
A0A842QJ48,0.176
A0A7K4HFK1,0.176
A0A842S690,0.176
A0A523VWD7,0.176
A0A3L6JD90,0.176
A0A842T8R4,0.176
A0A1Q9MY44,0.176
A0A1Q9NEF2,0.176
A0A532TQ15,0.176
A0A523XJ68,0.176
A0A532T7X9,0.176
A0A850MNT0,0.176
A0A850MVK8,0.176
A0A7K4HAS9,0.176
A0A5C9E6R9,0.176
A0A7K4H1X4,0.176
A0A842TRT1,0.176
A0A850MRY5,0.176
A0A842QHY8,0.176
A0A850MH60,0.175
A0A497QUB4,0.175
A0A7K4HFE4,0.175
A0A842TG35,0.175
A0A524EGT7,0.175
A0A850MB26,0.175
A0A842T7Y2,0.175
A0A524CR97,0.175
A0A0F8VP91,0.175
A0A524FLF6,0.175
A0A497RCB8,0.175
A0A850LZG6,0.175
A0A842QL65,0.175
A0A850MHW9,0.175
A0A5B9DCS3,0.175
A0A842RKN5,0.175
A0A842WUY4,0.175
A0A7K4IA53,0.175
A0A497QN29,0.175
A0A842TI38,0.175
A0A497QJT7,0.175
A0A850LS93,0.175
A0A1Q9NHZ7,0.175
A0A524EJQ5,0.175
A0A842TMH5,0.175
A0A850LQ58,0.175
A0A842THT9,0.175
A0A5C9EYY4,0.175
A0A842TLB4,0.175
A0A5C9DZI8,0.175
A0A842Q9G7,0.175
A0A1Q9P160,0.175
A0A850MT31,0.175
A0A7K4IER3,0.175
A0A842RL83,0.175
A0A7K4H3W7,0.175
A0A1Q9P240,0.175
A0A524F8M0,0.175
A0A524F6H4,0.175
A0A7K4CYH1,0.175
A0A524EBG7,0.175
A0A7K4D0Y3,0.175
A0A497PLD4,0.175
A0A850MD80,0.175
A0A524CMX9,0.175
A0A1Q9PFW2,0.175
A0A1Q9PC37,0.175
A0A524DFC7,0.175
A0A0F8VLK3,0.175
A0A523X5Z1,0.175
A0A7K4IG71,0.175
A0A1Q9PEE0,0.175
A0A1Q9P9Y2,0.175
A0A135VS77,0.175
A0A7K4H9G3,0.175
A0A5C9F4D0,0.175
A0A850LYV2,0.174
A0A497QGZ2,0.174
A0A1Q9NQU8,0.174
A0A7K4IFN5,0.174
A0A497QEF7,0.174
A0A497QTP5,0.174
A0A523TDL2,0.174
A0A842Y824,0.174
A0A135VWU7,0.174
A0A843BXL5,0.174
A0A842T1N7,0.174
A0A524FPG9,0.174
A0A1Q9MQH2,0.174
A0A7K4HG01,0.174
A0A2U3CEY3,0.174
A0A532TJS5,0.174
A0A850MK17,0.174
A0A5B9DCB5,0.174
A0A7K4GMD5,0.174
A0A842R7J6,0.174
A0A1Q9NMU7,0.174
A0A1Q9NFY9,0.174
A0A497PLU4,0.174
A0A1Q9NVU7,0.174
A0A524LCE4,0.174
A0A524CLB9,0.174
A0A497R9Y8,0.174
A0A850LXS3,0.174
A0A524DVZ4,0.174
A0A842W262,0.174
A0A842TIR1,0.174
A0A7K4CR47,0.174
A0A523RQ94,0.174
A0A842QI66,0.174
A0A497Q2D8,0.174
A0A532TKB9,0.174
A0A524CHA7,0.174
A0A5C9EGQ8,0.174
A0A524EJC3,0.174
A0A842QAZ7,0.174
A0A5B9DCA9,0.174
A0A842YFN5,0.174
A0A850LQS6,0.174
A0A524ETZ6,0.174
A0A523TM37,0.174
A0A3L6JDM4,0.174
A0A532THV9,0.174
A0A524FRY2,0.174
A0A524C9F1,0.174
A0A842TMH9,0.173
A0A1Q9NT45,0.173
A0A842QFZ4,0.173
A0A5B9DD06,0.173
A0A135VVQ7,0.173
A0A842VMC3,0.173
A0A3L6JJR2,0.173
A0A524EKP0,0.173
A0A5B9D7K9,0.173
A0A850M146,0.173
A0A524C782,0.173
A0A135VNQ5,0.173
A0A524DE43,0.173
A0A5C9E489,0.173
A0A497RE75,0.173
A0A524F809,0.173
A0A842QJB3,0.173
A0A524D7H9,0.173
A0A497Q323,0.173
A0A5C9E7C1,0.173
A0A524MCM5,0.173
A0A7K4GZD0,0.173
A0A5C9DU95,0.173
A0A5C9E9Q8,0.173
A0A7K4GK98,0.173
A0A1Q9NFS3,0.173
A0A842VEH1,0.173
A0A497PSY1,0.173
A0A524M966,0.173
A0A523TE80,0.173
A0A7K4ICJ3,0.173
A0A524DQC9,0.173
A0A524CS95,0.173
A0A1Q9MYS2,0.173
A0A2U3CJF6,0.173
A0A524DTA6,0.173
A0A850LZ36,0.173
A0A2U3CKE0,0.173
A0A532TB47,0.173
A0A842QGA3,0.173
A0A850LRJ3,0.173
A0A842VK50,0.173
A0A524FGY5,0.173
A0A5C9E4S2,0.173
A0A842SYJ1,0.173
A0A5C9EM73,0.173
A0A3L6JP25,0.173
A0A524ECW5,0.173
A0A849QFK4,0.173
A0A842RU48,0.173
A0A7K4CZN6,0.173
A0A842T0Z1,0.173
A0A5C9E4N2,0.173
A0A524F860,0.173
A0A3L6JA46,0.173
A0A2U3CJV8,0.173
A0A5C9EC93,0.173
A0A524D6G8,0.173
A0A7K4ICE2,0.173
A0A849QCC1,0.173
A0A1Q9P9J5,0.173
A0A524F3P6,0.172
A0A1Q9MUY6,0.172
A0A524ETM9,0.172
A0A497PP72,0.172
A0A842T2A8,0.172
A0A497QNP2,0.172
A0A497QHE1,0.172
A0A497Q720,0.172
A0A1Q9P018,0.172
A0A842QKB5,0.172
A0A523RCD0,0.172
A0A3L6JMB3,0.172
A0A135VPZ1,0.172
A0A842SYW2,0.172
A0A524FY57,0.172
A0A524LBH8,0.172
A0A524EH52,0.172
A0A842VKJ8,0.172
A0A497PQS1,0.172
A0A850ML47,0.172
A0A843BZK2,0.172
A0A1Q9NHR3,0.172
A0A497RDL1,0.172
A0A842TZG2,0.172
A0A850MTQ8,0.172
A0A842QGZ9,0.172
A0A524DBR8,0.172
A0A850MJ12,0.172
A0A5C9EF76,0.172
A0A524D7M0,0.172
A0A1Q9PBV6,0.172
A0A5B9D8Z1,0.172
A0A532TNF4,0.172
A0A7K4GL09,0.172
A0A524DTC3,0.172
A0A524EG85,0.172
A0A1Q9P0E1,0.172
A0A524DT38,0.172
A0A7K4CQE4,0.172
A0A1Q9NJJ2,0.172
A0A1Q9NU63,0.172
A0A523S189,0.172
A0A497P985,0.172
A0A842T713,0.172
A0A850M1N1,0.172
A0A1Q9P5D9,0.172
A0A523W1N8,0.172
A0A135VJ99,0.172
A0A5C9EGP5,0.172
A0A1Q9MU52,0.172
A0A842U4P2,0.172
A0A497PKT3,0.172
A0A850LYU4,0.172
A0A850MMP5,0.172
A0A842W2M2,0.172
A0A524P205,0.172
A0A497Q0Q6,0.172
A0A1Q9MWS0,0.172
A0A524DD63,0.172
A0A842VVZ7,0.172
A0A497R330,0.172
A0A524DUQ2,0.172
A0A842VRW1,0.172
A0A5C9E7J9,0.172
A0A842WUE5,0.172
A0A0F8YEA0,0.172
A0A524LRC9,0.172
A0A524EWE6,0.172
A0A524FA30,0.172
A0A3L6J7K0,0.171
A0A523W0V4,0.171
A0A1Q9NRH8,0.171
A0A850MMF5,0.171
A0A524FKH6,0.171
A0A842T8R8,0.171
A0A842VKU6,0.171
A0A1Q9N2H3,0.171
A0A524DJW2,0.171
A0A524C7X9,0.171
A0A842VPS6,0.171
A0A1Q9NB12,0.171
A0A524EZU1,0.171
A0A3L6JG43,0.171
A0A523RZI2,0.171
A0A1Q9NB26,0.171
A0A850LSP7,0.171
A0A849QCV1,0.171
A0A7K4IGY0,0.171
A0A842WQD9,0.171
A0A0F8WE43,0.171
A0A3L6JGK8,0.171
A0A842VWE2,0.171
A0A0F8XUT1,0.171
A0A135VU53,0.171
A0A1Q9NU32,0.171
A0A497QJK6,0.171
A0A135VED9,0.171
A0A7K4CWM9,0.171
A0A524C7T2,0.171
A0A524FS86,0.171
A0A7K4IFK9,0.171
A0A842YBD5,0.171
A0A524ENV2,0.171
A0A7K4CSL1,0.171
A0A523RHM5,0.171
A0A3L6JDZ6,0.171
A0A524DQS0,0.171
A0A523RWP6,0.171
A0A850M966,0.171
A0A524E0I7,0.171
A0A5C9EX69,0.171
A0A523TFZ0,0.171
A0A524DE73,0.171
A0A842RTT7,0.171
A0A524EGE7,0.171
A0A524LYR9,0.171
A0A523XK78,0.171
A0A497PF83,0.171
A0A497QH28,0.171
A0A7K4D1L4,0.171
A0A524FK71,0.171
A0A842R987,0.171
A0A850LY88,0.171
A0A497QFD1,0.171
A0A7K4CSC5,0.171
A0A842TG29,0.171
A0A524CJ13,0.171
A0A524DH06,0.171
A0A1Q9NHL3,0.171
A0A524DKR1,0.171
A0A524E542,0.17
A0A497RG82,0.17
A0A2U3CFL6,0.17
A0A523RVK9,0.17
A0A842RDD5,0.17
A0A7K4HD76,0.17
A0A850LQ56,0.17
A0A842QEV2,0.17
A0A497RFX1,0.17
A0A524LCD4,0.17
A0A843BNG1,0.17
A0A850LPU3,0.17
A0A523X4S6,0.17
A0A524FQJ8,0.17
A0A524MB50,0.17
A0A850LQA1,0.17
A0A842VJK4,0.17
A0A135VB87,0.17
A0A1Q9NTB1,0.17
A0A524LHV8,0.17
A0A524CQ40,0.17
A0A7K4CWS4,0.17
A0A3L6JPW6,0.17
A0A842VZ35,0.17
A0A2E9CFY2,0.17
A0A524DVN3,0.17
A0A135VBQ9,0.17
A0A842VI68,0.17
A0A532TYI5,0.17
A0A497QCA7,0.17
A0A497QXI9,0.17
A0A842WNJ3,0.17
A0A842W529,0.17
A0A842QCT1,0.17
A0A842VW16,0.17
A0A524EG91,0.17
A0A3L6JFZ4,0.17
A0A524FMY7,0.17
A0A524CY04,0.17
A0A1Q9MV46,0.17
A0A524FN67,0.17
A0A524M101,0.17
A0A0F8XJR9,0.17
A0A5C9E6T2,0.17
A0A524DV31,0.17
A0A524MB02,0.17
A0A850MQM8,0.17
A0A842QCJ5,0.17
A0A497Q4I2,0.17
A0A842VXN4,0.17
A0A524D3D9,0.17
A0A1Q9PBR2,0.17
A0A0F8WBT3,0.169
A0A524CN30,0.169
A0A524FJ49,0.169
A0A524G2Q0,0.169
A0A523RR70,0.169
A0A524CKT2,0.169
A0A524CSX9,0.169
A0A842WUU6,0.169
A0A7K4CWY5,0.169
A0A524FTZ8,0.169
A0A842QEQ2,0.169
A0A1Q9NJS3,0.169
A0A850MN62,0.169
A0A524CGP4,0.169
A0A497PPT7,0.169
A0A524C9J0,0.169
A0A1Q9NP78,0.169
A0A842WPJ5,0.169
A0A524FIL9,0.169
A0A1Q9NN37,0.169
A0A0F8XKW5,0.169
A0A850LSM8,0.169
A0A524C7A4,0.169
A0A524F155,0.169
A0A7K4CX20,0.169
A0A842RC94,0.169
A0A497QSD7,0.169
A0A850LXM4,0.169
A0A7K4CRC3,0.169
A0A497R1Z5,0.169
A0A524EP03,0.169
A0A524D2T4,0.169
A0A1Q9NAQ4,0.169
A0A523VVD2,0.169
A0A497QW06,0.169
A0A0F8VLI1,0.169
A0A497QGE3,0.169
A0A7C0YBE7,0.169
A0A523S2S1,0.169
A0A524E1H1,0.169
A0A850MD64,0.169
A0A524GAG3,0.169
A0A524CVX4,0.169
A0A524DJX8,0.169
A0A850MHA2,0.169
A0A524CB24,0.169
A0A532TYT6,0.169
A0A524CU20,0.169
A0A524EWP2,0.169
A0A842QID5,0.169
A0A842TJV0,0.169
A0A1Q9NG64,0.169
A0A524C6C5,0.169
A0A5B9DBF6,0.169
A0A524DC98,0.169
A0A523TMF6,0.169
A0A497PMV7,0.169
A0A7K4GS55,0.169
A0A532THE8,0.169
A0A1Q9NDV2,0.169
A0A1Q9MYJ2,0.169
A0A497Q352,0.168
A0A850MMW0,0.168
A0A5C9E624,0.168
A0A524FX83,0.168
A0A524DBT5,0.168
A0A524LDN1,0.168
A0A524DGD0,0.168
A0A523XQV0,0.168
A0A524EKB5,0.168
A0A842RHM7,0.168
A0A5C9EM65,0.168
A0A524LH16,0.168
A0A532TAW4,0.168
A0A1Q9NHV1,0.168
A0A524EQC5,0.168
A0A524EG63,0.168
A0A5C9ECD6,0.168
A0A0F8W7W2,0.168
A0A7K4GPS4,0.168
A0A524EFW8,0.168
A0A523XQ25,0.168
A0A524CCW6,0.168
A0A497PA25,0.168
A0A842RTH9,0.168
A0A842R6Q3,0.168
A0A524DEE4,0.168
A0A524FAF4,0.168
A0A524F4Q1,0.168
A0A1Q9N2U3,0.168
A0A842R8E1,0.168
A0A497QW49,0.168
A0A497QV03,0.168
A0A524M8L4,0.168
A0A497QWD7,0.168
A0A524EI03,0.168
A0A532TXF6,0.168
A0A842S0E0,0.168
A0A5C9EVR5,0.168
A0A524LM16,0.168
A0A1Q9P5L5,0.168
A0A524CDD1,0.168
A0A7K4H644,0.168
A0A842RHZ0,0.168
A0A7K4CPA8,0.168
A0A524DM10,0.168
A0A523RQE6,0.168
A0A523RI98,0.168
A0A7K4D0Z1,0.168
A0A497Q208,0.168
A0A842VNP1,0.168
A0A524LMW0,0.168
A0A524M144,0.168
A0A1Q9NC68,0.168
A0A849QFN2,0.168
A0A524E4T2,0.168
A0A5C9ERD3,0.168
A0A850MD39,0.168
A0A5C9ELV1,0.168
A0A524D5H2,0.168
A0A7K4GWS2,0.168
A0A524FKT2,0.168
A0A524G5R0,0.168
A0A497QA41,0.168
A0A5C9E1P8,0.168
A0A5B9DAH2,0.168
A0A524EGS6,0.168
A0A524CDC7,0.168
A0A497Q3W2,0.168
A0A5C9DZE4,0.168
A0A842R9T9,0.168
A0A7K4IGT3,0.168
A0A1Q9MTN8,0.168
A0A524CU10,0.168
A0A850LS32,0.168
A0A0F8VAW3,0.168
A0A5C9E434,0.167
A0A850LZ82,0.167
A0A7K4ID53,0.167
A0A524D0M3,0.167
A0A524M466,0.167
A0A5B9DB43,0.167
A0A842WMT8,0.167
A0A842X049,0.167
A0A7K4HJ76,0.167
A0A2U3CJ13,0.167
A0A2U3CED9,0.167
A0A524DEV7,0.167
A0A524CI17,0.167
A0A7K4IC61,0.167
A0A524DUY5,0.167
A0A842TJR5,0.167
A0A0F8WBZ5,0.167
A0A524DFG6,0.167
A0A5C9EXV4,0.167
A0A7K4GMF8,0.167
A0A2E9CFI9,0.167
A0A3L6JNV5,0.167
A0A1Q9NJ45,0.167
A0A850MVK3,0.167
A0A842TNA6,0.167
A0A842QC78,0.167
A0A843C712,0.167
A0A524P0T2,0.167
A0A842RYF7,0.167
A0A842T271,0.167
A0A523RIH5,0.167
A0A5B9DAQ6,0.167
A0A523TQK1,0.167
A0A842QG93,0.167
A0A5C9E2Z6,0.167
A0A532TJ32,0.167
A0A842RT81,0.167
A0A135VUI9,0.167
A0A497PPF6,0.167
A0A524DSD5,0.167
A0A524EET1,0.167
A0A7K4IFU6,0.167
A0A1Q9P2D2,0.167
A0A842R9C7,0.167
A0A497QU68,0.167
A0A1Q9NI00,0.167
A0A850LXT0,0.167
A0A524CBE6,0.167
A0A0F8V7M0,0.167
A0A842W024,0.167
A0A842QGV6,0.167
A0A0F8YCI7,0.167
A0A1Q9NGU6,0.167
A0A524EJ88,0.167
A0A850MTG5,0.167
A0A842VZB4,0.167
A0A524D117,0.167
A0A842TIS8,0.167
A0A135VK21,0.167
A0A497PL92,0.167
A0A5C9F1R7,0.167
A0A524DGZ9,0.166
A0A524NW27,0.166
A0A524C4F3,0.166
A0A523RWC1,0.166
A0A7K4IHA2,0.166
A0A842VE47,0.166
A0A524C3N2,0.166
A0A850LX37,0.166
A0A2U3CKK5,0.166
A0A524FKQ9,0.166
A0A524D650,0.166
A0A524CWA4,0.166
A0A850M0A3,0.166
A0A850M4A2,0.166
A0A842RM30,0.166
A0A842RCK8,0.166
A0A497R4F9,0.166
A0A523RQ16,0.166
A0A1Q9NLA6,0.166
A0A7K4HJ37,0.166
A0A524CKT9,0.166
A0A7K4GMC9,0.166
A0A5B9DCY9,0.166
A0A850MUN5,0.166
A0A842VWE0,0.166
A0A524DGB3,0.166
A0A524ME11,0.166
A0A842X1Z5,0.166
A0A7K4GWX7,0.166
A0A1Q9MT57,0.166
A0A842YDU0,0.166
A0A7K4CVT0,0.166
A0A524DB08,0.166
A0A497Q356,0.166
A0A523TG50,0.166
A0A7K4HKB0,0.166
A0A842TGF3,0.166
A0A1Q9NM20,0.166
A0A497QSQ6,0.166
A0A843BUC0,0.166
A0A850MGX0,0.166
A0A524LCE6,0.166
A0A1Q9MRL0,0.166
A0A524EQJ8,0.166
A0A524ENS0,0.166
A0A842TJI9,0.166
A0A5B9DAX8,0.166
A0A1Q9P1X2,0.166
A0A850LWH9,0.166
A0A3L6J862,0.166
A0A524G0K6,0.166
A0A842WXG3,0.166
A0A7K4IBS5,0.166
A0A842RK88,0.166
A0A497PWY8,0.166
A0A524CLE5,0.166
A0A524DGY6,0.166
A0A532T8A1,0.166
A0A1Q9NJH0,0.166
A0A524DUH8,0.166
A0A497QDA2,0.166
A0A842R7L5,0.165
A0A7K4CTP2,0.165
A0A842T2Q0,0.165
A0A497R5Z2,0.165
A0A842RTE6,0.165
A0A7K4GWD9,0.165
A0A842YAH6,0.165
A0A7K4H558,0.165
A0A5C9F4R0,0.165
A0A497R2Y1,0.165
A0A5C9EV84,0.165
A0A1Q9NFP3,0.165
A0A524CWY1,0.165
A0A7K4I9Z8,0.165
A0A7K4D1P1,0.165
A0A3L6J7H6,0.165
A0A842QL31,0.165
A0A532TNA5,0.165
A0A524LRR0,0.165
A0A850LTG1,0.165
A0A524EWE9,0.165
A0A5B9DBR8,0.165
A0A7K4CW85,0.165
A0A5B9DDY0,0.165
A0A523RAY6,0.165
A0A1Q9ND98,0.165
A0A7K4H8U9,0.165
A0A842U4K1,0.165
A0A850M4W7,0.165
A0A1Q9NL41,0.165
A0A842VZ49,0.165
A0A842VIG1,0.165
A0A1Q9PBN2,0.165
A0A3L6J7P5,0.165
A0A524LNQ7,0.165
A0A524CYU2,0.165
A0A2U3CB59,0.165
A0A524F0A1,0.165
A0A524C8H2,0.165
A0A524EVT6,0.165
A0A842RB11,0.165
A0A497QI98,0.165
A0A850MTJ4,0.165
A0A524CU90,0.165
A0A524EAD9,0.165
A0A523XAQ6,0.165
A0A3L6J8J7,0.165
A0A842YCE3,0.165
A0A523RTE7,0.165
A0A524DCQ4,0.165
A0A842VJW1,0.165
A0A524EHI9,0.165
A0A842RAS3,0.165
A0A1Q9NG15,0.165
A0A5C9EV98,0.165
A0A842WTR5,0.165
A0A3L6JDT6,0.165
A0A7K4CTN6,0.165
A0A5C9EUP3,0.165
A0A842U7H4,0.165
A0A842WQ37,0.165
A0A524EBU4,0.165
A0A497QRN0,0.165
A0A497Q5D1,0.165
A0A524F643,0.165
A0A5C9EDQ3,0.165
A0A850LZ68,0.165
A0A497QQ22,0.165
A0A523RDV5,0.165
A0A842RLM1,0.165
A0A3L6J9N6,0.165
A0A5C9F075,0.165
A0A842RHD4,0.165
A0A5B9D7N4,0.165
A0A524FGM7,0.164
A0A5C9F2L8,0.164
A0A524EFL9,0.164
A0A524F7V8,0.164
A0A524FBX2,0.164
A0A1Q9MRS9,0.164
A0A3L6J9N7,0.164
A0A524E287,0.164
A0A135VU99,0.164
A0A1Q9MY95,0.164
A0A524EUN3,0.164
A0A7K4H7V2,0.164
A0A524LK03,0.164
A0A497R3W6,0.164
A0A842VX58,0.164
A0A497QLU9,0.164
A0A1Q9NQH5,0.164
A0A497QLA4,0.164
A0A1Q9NZA0,0.164
A0A532TDH4,0.164
A0A842VPX8,0.164
A0A1Q9P4H2,0.164
A0A7K4IHN4,0.164
A0A524FBX4,0.164
A0A5C9EHG4,0.164
A0A524CXZ7,0.164
A0A1Q9P4C0,0.164
A0A524CGP2,0.164
A0A523VNM0,0.164
A0A842W1N1,0.164
A0A0F8WCQ7,0.164
A0A7K4ICG4,0.164
A0A842RS73,0.164
A0A7K4HIR5,0.164
A0A524CMG0,0.164
A0A842WSL9,0.164
A0A7K4ICE0,0.164
A0A842VTB1,0.164
A0A3L6JKS9,0.164
A0A3L6JCU5,0.164
A0A2U3CH89,0.164
A0A524GA12,0.164
A0A524DY94,0.164
A0A5C9ELR1,0.164
A0A523X5N3,0.164
A0A524DIT8,0.164
A0A842Q9Z2,0.164
A0A7K4D125,0.164
A0A532TDZ6,0.164
A0A1Q9NDA4,0.164
A0A842X0Q3,0.164
A0A842TKA3,0.164
A0A524LD39,0.164
A0A7K4D1U3,0.164
A0A842VY73,0.164
A0A497QXF7,0.164
A0A524EIX6,0.164
A0A497QJT8,0.164
A0A524CAB7,0.164
A0A524DC41,0.164
A0A524DRV1,0.164
A0A497Q4C4,0.164
A0A497QK16,0.164
A0A842SZ13,0.164
A0A5C9EKQ9,0.164
A0A850LTX4,0.164
A0A7K4CW44,0.164
A0A524C6Y1,0.164
A0A135VFS9,0.164
A0A524GB60,0.163
A0A842QIY8,0.163
A0A850LYR9,0.163
A0A842WUD2,0.163
A0A524DTH0,0.163
A0A1Q9NFL5,0.163
A0A842VUA3,0.163
A0A524CZV1,0.163
A0A7K4GRW6,0.163
A0A850MQV3,0.163
A0A7K4CUT2,0.163
A0A5C9E6G7,0.163
A0A524F800,0.163
A0A524LJU7,0.163
A0A524EJB0,0.163
A0A850MB24,0.163
A0A135VND7,0.163
A0A843BTD0,0.163
A0A842VWR8,0.163
A0A0F8VYN2,0.163
A0A3L6JSD4,0.163
A0A850MP12,0.163
A0A7K4HK95,0.163
A0A524NVM0,0.163
A0A7K4GV64,0.163
A0A842TUU7,0.163
A0A497RFW9,0.163
A0A3L6JL49,0.163
A0A523RP95,0.163
A0A524F101,0.163
A0A135VDA0,0.163
A0A5C9EHN0,0.163
A0A497R052,0.163
A0A842TRA1,0.163
A0A524FPF2,0.163
A0A0F8VNI4,0.163
A0A1Q9MU22,0.163
A0A523XG79,0.163
A0A7K4GP74,0.163
A0A7K4II91,0.163
A0A497R8T7,0.163
A0A7K4H9T2,0.163
A0A497R3L7,0.163
A0A842S7C4,0.163
A0A842S2V8,0.163
A0A524D1P3,0.163
A0A497PQ19,0.163
A0A842TLB3,0.163
A0A850M121,0.163
A0A523RM93,0.163
A0A850MNV5,0.163
A0A524E7R8,0.163
A0A843BUU1,0.163
A0A524F6F1,0.163
A0A1Q9NVJ2,0.163
A0A842VHB7,0.163
A0A842QIM3,0.163
A0A523RE66,0.163
A0A497QDW1,0.162
A0A7K4H1D4,0.162
A0A842S219,0.162
A0A135VQW6,0.162
A0A524DM24,0.162
A0A524M268,0.162
A0A524M208,0.162
A0A5C9EFR0,0.162
A0A135VPF1,0.162
A0A5B9D9T1,0.162
A0A842TGZ2,0.162
A0A7K4H3M7,0.162
A0A524FGR9,0.162
A0A0F8YA13,0.162
A0A524E093,0.162
A0A524D473,0.162
A0A842T3N6,0.162
A0A5C9EPI8,0.162
A0A2E9CF36,0.162
A0A524CKZ6,0.162
A0A7K4H2H3,0.162
A0A842X3F5,0.162
A0A5B9D6W5,0.162
A0A842WWY4,0.162
A0A532TTE7,0.162
A0A497QG10,0.162
A0A850LU81,0.162
A0A850LU47,0.162
A0A5C9E6L7,0.162
A0A850LU57,0.162
A0A524CF30,0.162
A0A842Y9V7,0.162
A0A523VZR1,0.162
A0A3L6JAX6,0.162
A0A1Q9PCB4,0.162
A0A497QYH7,0.162
A0A7K4GUQ8,0.162
A0A7K4ID38,0.162
A0A1Q9MUE1,0.162
A0A524EK74,0.162
A0A523S594,0.162
A0A524D4Y2,0.162
A0A497PX54,0.162
A0A524EPM5,0.162
A0A524DMH4,0.162
A0A524CA78,0.162
A0A497R117,0.162
A0A524FFB2,0.162
A0A842VG36,0.162
A0A1Q9MQC6,0.162
A0A842YDN1,0.162
A0A7K4IFQ3,0.162
A0A497PKL6,0.162
A0A524G7X5,0.162
A0A523X8C3,0.162
A0A850MQ43,0.162
A0A842WW44,0.162
A0A497QUY1,0.162
A0A5C9EBU8,0.162
A0A7K4GQA5,0.162
A0A497QKM6,0.162
A0A842U5T5,0.162
A0A524CG86,0.162
A0A7K4IGD0,0.162
A0A7K4GLQ6,0.162
A0A850LRP9,0.162
A0A842U6D3,0.162
A0A842RLL3,0.162
A0A850M592,0.162
A0A497QKM4,0.162
A0A497PUZ0,0.161
A0A524DFF9,0.161
A0A0F8XU01,0.161
A0A5B9DH93,0.161
A0A842VM52,0.161
A0A524CLW8,0.161
A0A497PC94,0.161
A0A532TJD4,0.161
A0A524D485,0.161
A0A842SYF6,0.161
A0A532TUV1,0.161
A0A1Q9N420,0.161
A0A7K4H0S8,0.161
A0A135VGV8,0.161
A0A135VKI8,0.161
A0A850M2U1,0.161
A0A850MII1,0.161
A0A497Q5E4,0.161
A0A497QIB9,0.161
A0A0F8W0Z7,0.161
A0A135VZS2,0.161
A0A842QJJ7,0.161
A0A524C687,0.161
A0A524F4H1,0.161
A0A524D580,0.161
A0A524F8Z1,0.161
A0A524DSN9,0.161
A0A524FHP3,0.161
A0A524E3E5,0.161
A0A849QFF8,0.161
A0A524G637,0.161
A0A842QCX2,0.161
A0A2U3CHY5,0.161
A0A842T4Y0,0.161
A0A842WSG9,0.161
A0A497QIL1,0.161
A0A1Q9NCV2,0.161
A0A2U3CKX3,0.161
A0A524CFK7,0.161
A0A5B9DBH0,0.161
A0A842QE85,0.161
A0A842U5S4,0.161
A0A1Q9NQF9,0.161
A0A1Q9PCI5,0.161
A0A135VVZ0,0.161
A0A523REW6,0.161
A0A497PB57,0.161
A0A850LRQ6,0.161
A0A850MT53,0.161
A0A842RDE6,0.161
A0A497QTK9,0.161
A0A524CLA4,0.161
A0A0F8VK57,0.161
A0A497Q3C6,0.161
A0A524E6E0,0.161
A0A850M237,0.161
A0A842SAS9,0.161
A0A524FHV7,0.161
A0A497QIE1,0.161
A0A842T3P7,0.161
A0A524EUC4,0.161
A0A135VUP5,0.161
A0A497QX66,0.161
A0A524EII9,0.161
A0A842TI03,0.161
A0A1Q9NXT4,0.161
A0A842U214,0.161
A0A842VVZ0,0.161
A0A524CNE3,0.161
A0A7K4GUE7,0.161
A0A524CCN3,0.161
A0A524EY44,0.161
A0A850MC32,0.161
A0A524CID0,0.161
A0A497R1T6,0.16
A0A5C9EHR5,0.16
A0A523XGD2,0.16
A0A850M5B0,0.16
A0A532TRE3,0.16
A0A1Q9PFL2,0.16
A0A850M8X5,0.16
A0A7K4IEJ4,0.16
A0A7K4H7U0,0.16
A0A497QRN3,0.16
A0A5C9EH73,0.16
A0A524D5Z1,0.16
A0A7K4GMW3,0.16
A0A1Q9NJ85,0.16
A0A524CC91,0.16
A0A497QQ06,0.16
A0A524DFC4,0.16
A0A1Q9NBB5,0.16
A0A1Q9PEM0,0.16
A0A524L9F3,0.16
A0A842WQG6,0.16
A0A497PWS0,0.16
A0A3L6JNY9,0.16
A0A850LV13,0.16
A0A850LTD0,0.16
A0A135VTM7,0.16
A0A135VB62,0.16
A0A524FDI2,0.16
A0A524EAD7,0.16
A0A7K4H2Y5,0.16
A0A497PPZ4,0.16
A0A850MEC9,0.16
A0A2U3CH85,0.16
A0A2U3CHT6,0.16
A0A2U3CCS4,0.16
A0A842YDV6,0.16
A0A842RTM5,0.16
A0A524E0B6,0.16
A0A135VCR6,0.16
A0A5C9ESK9,0.16
A0A524FP72,0.16
A0A524EBW6,0.16
A0A842RB08,0.16
A0A523RPW0,0.16
A0A842QEY6,0.16
A0A842R9V9,0.16
A0A523TIM1,0.16
A0A2U3CDF7,0.16
A0A5B9DFC6,0.16
A0A1Q9N0S8,0.16
A0A497Q2B7,0.16
A0A5C9ELE7,0.16
A0A842VSK7,0.16
A0A5C9EBC7,0.16
A0A850M1V7,0.16
A0A850MJ82,0.16
A0A5C9DT45,0.16
A0A3L6JQT7,0.16
A0A524DRQ9,0.16
A0A842Y9W1,0.16
A0A524DIR6,0.16
A0A1Q9MTC2,0.16
A0A524CWG6,0.16
A0A842TC76,0.16
A0A5B9D9V2,0.16
A0A135W077,0.16
A0A843BSU2,0.16
A0A842RNR7,0.16
A0A3L6JA56,0.16
A0A524MAC3,0.16
A0A849QFZ9,0.16
A0A842VQ85,0.16
A0A850MEG0,0.16
A0A842U354,0.159
A0A524EH54,0.159
A0A523VZR5,0.159
A0A3L6JTI3,0.159
A0A523RRG3,0.159
A0A524FXB8,0.159
A0A849Q529,0.159
A0A497QSL8,0.159
A0A842RDB1,0.159
A0A842R9N6,0.159
A0A3L6JN22,0.159
A0A135VR84,0.159
A0A135VLR5,0.159
A0A497QVE8,0.159
A0A497PHG0,0.159
A0A850LSI6,0.159
A0A842UBI2,0.159
A0A842QDP1,0.159
A0A5C9E984,0.159
A0A7K4D1H0,0.159
A0A1Q9NQQ2,0.159
A0A5B9DES5,0.159
A0A524FTM5,0.159
A0A842S2Z1,0.159
A0A7K4IB04,0.159
A0A497QBL5,0.159
A0A5B9D5Q5,0.159
A0A842TLU2,0.159
A0A532TSN8,0.159
A0A524D5Y3,0.159
A0A850LTT5,0.159
A0A5C9E440,0.159
A0A524P7G1,0.159
A0A524EE69,0.159
A0A523VR66,0.159
A0A7K4HCX3,0.159
A0A524EK27,0.159
A0A524C5I1,0.159
A0A0F8XVA7,0.159
A0A842R7K0,0.159
A0A850MPT3,0.159
A0A850M138,0.159
A0A497PBX5,0.159
A0A135VZS3,0.159
A0A7K4H798,0.159
A0A843BSV4,0.159
A0A524DH14,0.159
A0A842VNC0,0.159
A0A7K4IBN7,0.159
A0A1Q9MZV1,0.159
A0A850MUC8,0.159
A0A523XC10,0.159
A0A842T1Z4,0.159
A0A135VWC2,0.159
A0A497RGU5,0.159
A0A842QF27,0.159
A0A497QAQ4,0.159
A0A7K4GWL3,0.159
A0A524DVN6,0.159
A0A850MDP0,0.159
A0A850LSG7,0.159
A0A7K4HCY7,0.159
A0A7K4HKD3,0.159
A0A5C9E5N5,0.159
A0A7K4HJB8,0.159
A0A3L6JA33,0.159
A0A842VRF8,0.159
A0A850MNN0,0.159
A0A7K4CRY3,0.159
A0A524D9E6,0.159
A0A523RSK2,0.159
A0A3L6JR10,0.159
A0A524G8D4,0.159
A0A842WW62,0.159
A0A850LP13,0.159
A0A532TBM9,0.159
A0A2E9CFV7,0.159
A0A135VLU8,0.159
A0A1Q9NP32,0.159
A0A843BZK7,0.159
A0A497PLI3,0.159
A0A3L6JC52,0.158
A0A524DCF4,0.158
A0A842TF93,0.158
A0A842TD26,0.158
A0A532TGD3,0.158
A0A523RNK4,0.158
A0A524F261,0.158
A0A497PRQ8,0.158
A0A842S7K0,0.158
A0A842S1G5,0.158
A0A850MDF2,0.158
A0A842S3W6,0.158
A0A5C9DYS6,0.158
A0A850M9I3,0.158
A0A524FY90,0.158
A0A524DCK6,0.158
A0A7K4GVM4,0.158
A0A5C9EYJ1,0.158
A0A7K4CZA0,0.158
A0A842T192,0.158
A0A5C9EI42,0.158
A0A532TVW4,0.158
A0A497QVQ2,0.158
A0A524NZ47,0.158
A0A7K4H3F9,0.158
A0A842W7L5,0.158
A0A1Q9PDZ1,0.158
A0A524DU45,0.158
A0A497QLR4,0.158
A0A497Q2A6,0.158
A0A523RAJ8,0.158
A0A842VW54,0.158
A0A5C9EYR4,0.158
A0A842SXZ9,0.158
A0A842VWC2,0.158
A0A1Q9PE10,0.158
A0A5B9D822,0.158
A0A524DUB7,0.158
A0A1Q9MZ17,0.158
A0A524MA15,0.158
A0A1Q9PEN8,0.158
A0A524CX46,0.158
A0A524MBS1,0.158
A0A524D573,0.158
A0A524CZK6,0.158
A0A850MA61,0.158
A0A497R6M1,0.158
A0A5C9EVX5,0.158
A0A1Q9NXL2,0.158
A0A1Q9NYC1,0.158
A0A524ETR3,0.158
A0A842VFQ3,0.158
A0A524CS21,0.158
A0A842QIE3,0.158
A0A850LX05,0.158
A0A2E9CFL6,0.158
A0A524EKC3,0.158
A0A842WR07,0.158
A0A524EAY7,0.158
A0A523RAB0,0.158
A0A3L6JNK9,0.158
A0A1Q9P5S8,0.158
A0A842SG56,0.158
A0A850M4W8,0.157
A0A524CFJ8,0.157
A0A524CH64,0.157
A0A5B9D9A1,0.157
A0A523TJM8,0.157
A0A842RU28,0.157
A0A7K4IGS2,0.157
A0A3L6JM49,0.157
A0A524E969,0.157
A0A497QDW8,0.157
A0A1Q9MWH6,0.157
A0A842T8R1,0.157
A0A524FYG8,0.157
A0A497PGS0,0.157
A0A524F3H8,0.157
A0A524E6I9,0.157
A0A524DKG9,0.157
A0A524DZT3,0.157
A0A1Q9NTR9,0.157
A0A842SCS8,0.157
A0A524DAR4,0.157
A0A5C9EPN1,0.157
A0A524DPK6,0.157
A0A5C9E907,0.157
A0A842U8W5,0.157
A0A842QB81,0.157
A0A497Q4N5,0.157
A0A524CIW2,0.157
A0A524G5M1,0.157
A0A3L6JJD2,0.157
A0A842TPC6,0.157
A0A524DW12,0.157
A0A0F8W7X9,0.157
A0A7K4CUY9,0.157
A0A497QS65,0.157
A0A523XKM6,0.157
A0A7K4CN94,0.157
A0A842VI95,0.157
A0A1Q9PEK2,0.157
A0A524P2T1,0.157
A0A5C9E9W2,0.157
A0A1Q9P5B5,0.157
A0A524FKZ5,0.157
A0A843BVJ6,0.157
A0A850MBJ6,0.157
A0A523RNV1,0.157
A0A524LLF7,0.157
A0A5B9DGF2,0.157
A0A497QIQ4,0.157
A0A3L6JN35,0.157
A0A135VCU9,0.157
A0A842YBL7,0.157
A0A0F8VL83,0.157
A0A524G5T5,0.157
A0A7K4GML4,0.157
A0A842T3Z0,0.157
A0A524EC67,0.157
A0A7K4HA80,0.157
A0A842TJT7,0.157
A0A497PAF9,0.157
A0A842WV99,0.157
A0A843BVE2,0.157
A0A524EHN7,0.157
A0A7K4CUQ5,0.157
A0A523R7L1,0.157
A0A524FBU3,0.157
A0A524FNJ8,0.157
A0A497QJ67,0.156
A0A5C9DW62,0.156
A0A524FEE8,0.156
A0A850MEA5,0.156
A0A524DQQ6,0.156
A0A524ECK1,0.156
A0A2U3CBK8,0.156
A0A497Q694,0.156
A0A524F934,0.156
A0A842U9V9,0.156
A0A524DDE8,0.156
A0A1Q9NZ81,0.156
A0A497PAJ3,0.156
A0A524FKI3,0.156
A0A524EC68,0.156
A0A842VBT7,0.156
A0A850MSC4,0.156
A0A850M1Y8,0.156
A0A135VF93,0.156
A0A497Q518,0.156
A0A497Q2V7,0.156
A0A532TJ66,0.156
A0A3L6JCZ9,0.156
A0A524DY02,0.156
A0A5C9EVU9,0.156
A0A524EQM1,0.156
A0A842RMS2,0.156
A0A523S4E2,0.156
A0A523RJ03,0.156
A0A7K4CSY3,0.156
A0A842TGQ1,0.156
A0A850MKJ5,0.156
A0A5C9DTI4,0.156
A0A0F8VC07,0.156
A0A1Q9NMT4,0.156
A0A532T2I2,0.156
A0A497Q6K8,0.156
A0A2U3CEY8,0.156
A0A2E9CE89,0.156
A0A497QHY5,0.156
A0A524G0A3,0.156
A0A842VXN8,0.156
A0A524CGX3,0.156
A0A524L608,0.156
A0A842TBS6,0.156
A0A842W6K3,0.156
A0A524FH99,0.156
A0A524P927,0.156
A0A524CY06,0.156
A0A524DA93,0.156
A0A7K4HEH0,0.156
A0A497QHC0,0.156
A0A497Q5T4,0.156
A0A524CD80,0.156
A0A842W3V6,0.156
A0A7K4H6M3,0.156
A0A524EEN2,0.156
A0A524CXH9,0.156
A0A7K4IAQ6,0.156
A0A524E9Z6,0.156
A0A524DCK9,0.156
A0A842VPB0,0.156
A0A524FT62,0.156
A0A524F5F7,0.156
A0A849Q5L9,0.156
A0A3L6JHB4,0.156
A0A524CXY7,0.155
A0A524CTY6,0.155
A0A497PA03,0.155
A0A532TZ52,0.155
A0A843C1A8,0.155
A0A5C9ETB2,0.155
A0A497PMF6,0.155
A0A7K4H594,0.155
A0A5C9EFT8,0.155
A0A7K4HID2,0.155
A0A497QZD7,0.155
A0A524EEL2,0.155
A0A7K4D0I9,0.155
A0A0F8VYG8,0.155
A0A524DX15,0.155
A0A7K4HKK3,0.155
A0A532TP53,0.155
A0A1Q9NUV0,0.155
A0A497P9C6,0.155
A0A524LLL8,0.155
A0A842U6X5,0.155
A0A532TXV5,0.155
A0A842U8Z6,0.155
A0A843BRP3,0.155
A0A849QGA8,0.155
A0A842VC16,0.155
A0A524FLG1,0.155
A0A842VY42,0.155
A0A7K4CS15,0.155
A0A524CW70,0.155
A0A5C9EPK4,0.155
A0A523XQ28,0.155
A0A850LP16,0.155
A0A524F3A7,0.155
A0A0F8V6Q8,0.155
A0A5C9E9D7,0.155
A0A842UA22,0.155
A0A524E915,0.155
A0A135VSM2,0.155
A0A0F8VQ24,0.155
A0A7K4H9N6,0.155
A0A842T2C8,0.155
A0A497PM15,0.155
A0A524M0P0,0.155
A0A135VS85,0.155
A0A532T7W4,0.155
A0A524M8H3,0.155
A0A523X4A5,0.155
A0A524EZK2,0.155
A0A842TM86,0.155
A0A850M3X0,0.155
A0A850MIQ6,0.155
A0A497PQG3,0.155
A0A524P375,0.155
A0A497QSR2,0.155
A0A1Q9NII7,0.155
A0A842TPZ9,0.155
A0A524G270,0.155
A0A850LVQ7,0.155
A0A1Q9P3G2,0.155
A0A7K4H7M5,0.155
A0A842U757,0.155
A0A7K4GQ21,0.155
A0A524EII4,0.155
A0A850M1V6,0.155
A0A532TQG2,0.155
A0A7K4CRQ7,0.155
A0A7K4GWR8,0.155
A0A524F5S3,0.155
A0A3L6JMF8,0.155
A0A2U3CK82,0.155
A0A523RYC5,0.155
A0A524CQB6,0.155
A0A1Q9P227,0.155
A0A524F144,0.155
A0A524EZS0,0.155
A0A524FJG8,0.155
A0A524FVT5,0.155
A0A842U4R5,0.154
A0A1Q9P697,0.154
A0A842VHX1,0.154
A0A524E821,0.154
A0A524NWW4,0.154
A0A497QIL9,0.154
A0A842VC11,0.154
A0A5C9EQH0,0.154
A0A135VTI4,0.154
A0A524CJQ5,0.154
A0A842YDV3,0.154
A0A135VLT5,0.154
A0A842THN9,0.154
A0A524D5H0,0.154
A0A1Q9MTE3,0.154
A0A524DLQ0,0.154
A0A850LPQ6,0.154
A0A3L6JE29,0.154
A0A842VV26,0.154
A0A5C9EGU2,0.154
A0A850M777,0.154
A0A842RHS8,0.154
A0A497QWS5,0.154
A0A497QZG7,0.154
A0A2U3CK11,0.154
A0A3L6JCV3,0.154
A0A1Q9NP27,0.154
A0A524FVA1,0.154
A0A842TXL3,0.154
A0A1Q9NHD9,0.154
A0A5C9E634,0.154
A0A524EHN5,0.154
A0A524FAY0,0.154
A0A842RUK4,0.154
A0A1Q9P0U3,0.154
A0A497PP84,0.154
A0A524EIG7,0.154
A0A524DCV8,0.154
A0A5C9ETD9,0.154
A0A3L6J7V7,0.154
A0A842RL42,0.154
A0A3L6JGR8,0.154
A0A524F646,0.154
A0A135VH51,0.154
A0A842WTE7,0.154
A0A5C9DXN7,0.154
A0A1Q9NYI6,0.154
A0A5C9DYW3,0.154
A0A1Q9N8M9,0.154
A0A842TBV7,0.154
A0A135VEQ3,0.154
A0A497QQT6,0.154
A0A1Q9NQA2,0.154
A0A524E4C6,0.154
A0A524FJH8,0.154
A0A842T2M4,0.154
A0A842W3W5,0.154
A0A7K4H1C9,0.154
A0A524FMG5,0.154
A0A2U3CBW9,0.154
A0A2U3CHX3,0.154
A0A5C9EXC8,0.154
A0A497QQQ9,0.154
A0A524FT59,0.154
A0A524CZ98,0.154
A0A842W1J4,0.154
A0A850MTN6,0.154
A0A5B9DEA5,0.154
A0A524EDW7,0.154
A0A524EY25,0.154
A0A524DM08,0.154
A0A0F8W4B9,0.154
A0A842QDK0,0.154
A0A0F8Y0E2,0.154
A0A135VND2,0.154
A0A843BP94,0.154
A0A7K4IFQ1,0.154
A0A842W3F9,0.154
A0A5C9F2W4,0.154
A0A5B9DDD5,0.154
A0A497PTY7,0.153
A0A2U3CJ62,0.153
A0A523TK04,0.153
A0A842REE2,0.153
A0A523TLK5,0.153
A0A524D8K4,0.153
A0A524E046,0.153
A0A497QX65,0.153
A0A524ELF3,0.153
A0A7K4GU44,0.153
A0A842VTK1,0.153
A0A842RYT0,0.153
A0A850LPB9,0.153
A0A5B9DEE2,0.153
A0A1Q9NCM7,0.153
A0A7K4CUN3,0.153
A0A497PQ67,0.153
A0A0F8XDT7,0.153
A0A7K4H931,0.153
A0A524P2K6,0.153
A0A5B9D619,0.153
A0A7C0U942,0.153
A0A850LW68,0.153
A0A523RG89,0.153
A0A523RBH2,0.153
A0A842QBX9,0.153
A0A135VT50,0.153
A0A2U3CEG9,0.153
A0A524FHP0,0.153
A0A7K4IEA4,0.153
A0A1Q9P344,0.153
A0A0F8XKM4,0.153
A0A842SCE8,0.153
A0A850M0G0,0.153
A0A842S8U5,0.153
A0A524FI09,0.153
A0A7C0U826,0.153
A0A850MFD9,0.153
A0A1Q9MVS8,0.153
A0A842S996,0.153
A0A7K4IH10,0.153
A0A842W372,0.153
A0A842R7C5,0.153
A0A0F8VGX5,0.153
A0A843BZ95,0.153
A0A5B9D6F9,0.153
A0A7K4IEJ0,0.153
A0A135VJC3,0.153
A0A842VIB5,0.153
A0A5B9DG77,0.153
A0A135VBE5,0.153
A0A1Q9P5T5,0.153
A0A842S5X1,0.153
A0A842TLK5,0.153
A0A1Q9NHG8,0.153
A0A7K4GW31,0.153
A0A524DKV1,0.153
A0A842RUH6,0.153
A0A524CTS1,0.153
A0A1Q9N0W8,0.153
A0A524L845,0.153
A0A524E9L4,0.153
A0A5C9F083,0.153
A0A842WVF0,0.153
A0A524F5Z6,0.153
A0A524FG92,0.153
A0A5B9D6C4,0.153
A0A850MUR9,0.153
A0A850M883,0.153
A0A0F8W0C5,0.153
A0A135VX56,0.153
A0A1Q9N8L6,0.153
A0A524DXP0,0.153
A0A7K4IEU3,0.153
A0A523R825,0.153
A0A1Q9PD54,0.153
A0A135VKR6,0.153
A0A523S834,0.153
A0A524DIT0,0.153
A0A1Q9NEW0,0.153
A0A1Q9NXY7,0.153
A0A842RGC5,0.153
A0A135VG98,0.153
A0A524F310,0.153
A0A842VL78,0.153
A0A842Y8H0,0.153
A0A3L6JHP9,0.153
A0A497PDN0,0.153
A0A7K4CRC9,0.153
A0A497QGL1,0.153
A0A7K4CNU2,0.153
A0A524F4X7,0.152
A0A850LSE0,0.152
A0A523RPQ0,0.152
A0A842S136,0.152
A0A497PYQ2,0.152
A0A2E9CDI3,0.152
A0A7K4ID97,0.152
A0A850LNY0,0.152
A0A135VJK9,0.152
A0A524LG05,0.152
A0A523R9E7,0.152
A0A524CIQ5,0.152
A0A524E504,0.152
A0A3L6JQ18,0.152
A0A850MA85,0.152
A0A1Q9PA42,0.152
A0A842WPY7,0.152
A0A524EY05,0.152
A0A524FM24,0.152
A0A842W341,0.152
A0A7K4CP14,0.152
A0A497QVG2,0.152
A0A7K4H6Z2,0.152
A0A532THF2,0.152
A0A1Q9MSH2,0.152
A0A7K4GYL2,0.152
A0A135VBA5,0.152
A0A135VRZ9,0.152
A0A842RTD3,0.152
A0A532TKM3,0.152
A0A532TCF4,0.152
A0A850LUW3,0.152
A0A1Q9N082,0.152
A0A842TJV9,0.152
A0A5B9D5S0,0.152
A0A0F8XZS0,0.152
A0A1Q9NTL0,0.152
A0A5C9EX16,0.152
A0A7K4CPC4,0.152
A0A1Q9NYT8,0.152
A0A7K4ID56,0.152
A0A5B9DE51,0.152
A0A1Q9P6R8,0.152
A0A524D7X2,0.152
A0A2U3CD22,0.152
A0A524E3N2,0.152
A0A850MF90,0.152
A0A5C9EQ39,0.152
A0A524FPA7,0.152
A0A524EZD5,0.152
A0A135VB05,0.152
A0A524FJE1,0.152
A0A0F8VEI9,0.152
A0A524FND7,0.152
A0A523TFZ2,0.152
A0A850MPC5,0.152
A0A842VY94,0.152
A0A1Q9P3E1,0.152
A0A842W1Z5,0.152
A0A524DTT3,0.152
A0A7K4IHM7,0.152
A0A842U234,0.152
A0A523VQP8,0.152
A0A135VKH2,0.152
A0A497PNL9,0.152
A0A842YDX2,0.152
A0A842WQC9,0.152
A0A524CDN9,0.152
A0A842YHC1,0.152
A0A497QSS9,0.152
A0A497RAM1,0.152
A0A2U3CI39,0.152
A0A5C9EA64,0.152
A0A497QX98,0.152
A0A850LTU1,0.152
A0A842TI49,0.152
A0A524M459,0.151
A0A842RVW9,0.151
A0A7K4CSI3,0.151
A0A532TNC1,0.151
A0A524CKM2,0.151
A0A7K4IEC1,0.151
A0A7K4CQM6,0.151
A0A497R062,0.151
A0A524CSC8,0.151
A0A524DD34,0.151
A0A1Q9NFN3,0.151
A0A7K4GZI5,0.151
A0A850MQ78,0.151
A0A842W550,0.151
A0A1Q9MTA5,0.151
A0A524DE07,0.151
A0A135VIJ9,0.151
A0A135VNS0,0.151
A0A497Q981,0.151
A0A2U3CK63,0.151
A0A524DL53,0.151
A0A1Q9NY25,0.151
A0A497PR54,0.151
A0A1Q9P9X6,0.151
A0A497QQR3,0.151
A0A7K4HHH6,0.151
A0A5C9ERM6,0.151
A0A1Q9P347,0.151
A0A524EQY9,0.151
A0A0F8VJN9,0.151
A0A497QL08,0.151
A0A524F6P5,0.151
A0A842TKG7,0.151
A0A1Q9NYG1,0.151
A0A524EJG3,0.151
A0A850MFE0,0.151
A0A523VWF8,0.151
A0A842T997,0.151
A0A497PUE3,0.151
A0A497Q195,0.151
A0A7K4GV09,0.151
A0A1Q9NS39,0.151
A0A7K4CPW4,0.151
A0A135VR17,0.151
A0A524LYT1,0.151
A0A497QVA8,0.151
A0A843BYI2,0.151
A0A524EIN0,0.151
A0A1Q9N324,0.151
A0A7K4GUF0,0.151
A0A524CK07,0.151
A0A7K4H6M6,0.151
A0A850LYI4,0.151
A0A523W4A5,0.151
A0A1Q9NIB5,0.151
A0A524FWQ9,0.151
A0A842RQR1,0.151
A0A5B9DBC0,0.151
A0A523XMK3,0.151
A0A5B9DBE4,0.151
A0A843BWE7,0.151
A0A497PNL8,0.151
A0A5C9E0T3,0.151
A0A524LSU5,0.151
A0A7K4CTE4,0.151
A0A524DD26,0.151
A0A843BP04,0.151
A0A524DE01,0.151
A0A7K4GQC4,0.151
A0A524E4R9,0.151
A0A850MLD6,0.151
A0A850MNH1,0.151
A0A497RB37,0.151
A0A524FG38,0.151
A0A850LYE8,0.151
A0A1Q9MV65,0.151
A0A842S693,0.15
A0A1Q9P9W2,0.15
A0A7K4IE51,0.15
A0A1Q9NK54,0.15
A0A849Q6W5,0.15
A0A842TTS6,0.15
A0A842REJ3,0.15
A0A497PBW7,0.15
A0A3L6JAB7,0.15
A0A523TKI0,0.15
A0A524F9R1,0.15
A0A524DRV2,0.15
A0A497RDS0,0.15
A0A497QKA3,0.15
A0A842TM40,0.15
A0A842YDY4,0.15
A0A3L6JRE9,0.15
A0A842RCP4,0.15
A0A5C9EQA9,0.15
A0A524C8F4,0.15
A0A135VTH6,0.15
A0A523VU95,0.15
A0A524F811,0.15
A0A524EJZ4,0.15
A0A524FYL3,0.15
A0A850MT26,0.15
A0A524DL09,0.15
A0A1Q9NUA8,0.15
A0A524FFF5,0.15
A0A5C9EQQ1,0.15
A0A497QML9,0.15
A0A850MBZ5,0.15
A0A842QHX3,0.15
A0A524M4H0,0.15
A0A524DRI0,0.15
A0A524CDC5,0.15
A0A842U8K6,0.15
A0A524ECU2,0.15
A0A2U3CDU8,0.15
A0A524C8V2,0.15
A0A523TAZ6,0.15
A0A524CRU1,0.15
A0A523RQ69,0.15
A0A524G4D6,0.15
A0A524LBC3,0.15
A0A497QJP4,0.15
A0A524FZI3,0.15
A0A524C6Z9,0.15
A0A497QYS6,0.15
A0A523VRS8,0.15
A0A524DTA0,0.15
A0A7K4IFG0,0.15
A0A7K4CT05,0.15
A0A523XPB4,0.15
A0A2U3CL17,0.15
A0A7K4GL49,0.15
A0A497QPB3,0.15
A0A524DTM9,0.15
A0A524E7U4,0.15
A0A5C9EPY8,0.15
A0A523X963,0.15
A0A7K4CSE2,0.15
A0A523TFW0,0.15
A0A849QFF0,0.15
A0A524LCT7,0.15
A0A842T2C4,0.15
A0A1Q9N2S4,0.15
A0A7K4GU94,0.15
A0A524EWA0,0.15
A0A842U503,0.15
A0A524DEG5,0.15
A0A523RN14,0.15
A0A524GCW3,0.15
A0A524ELU4,0.15
A0A842TGG9,0.15
A0A524M0Z9,0.15
A0A524FRK5,0.15
A0A524P152,0.15
A0A1Q9NFE4,0.15
A0A524ELB9,0.15
A0A842RR37,0.15
A0A842QCP8,0.15
A0A524DQ54,0.15
A0A497QT26,0.15
A0A524CN34,0.15
A0A5C9ELL5,0.15
A0A7K4GQP4,0.15
A0A497Q2A5,0.15
A0A497PV63,0.149
A0A0F8VPD0,0.149
A0A7K4CQZ0,0.149
A0A5C9E236,0.149
A0A497PUR3,0.149
A0A850MFR5,0.149
A0A5B9D5U7,0.149
A0A523RAP3,0.149
A0A7K4CXU6,0.149
A0A524DTA7,0.149
A0A843BRV8,0.149
A0A524CQK7,0.149
A0A850LV43,0.149
A0A523TBX4,0.149
A0A1Q9PBM1,0.149
A0A523W0T0,0.149
A0A5C9EAV8,0.149
A0A842YDJ9,0.149
A0A5C9EJ49,0.149
A0A5B9D8A1,0.149
A0A135VTE0,0.149
A0A497QNU5,0.149
A0A850MIV6,0.149
A0A497PAX7,0.149
A0A7K4GQK5,0.149
A0A524G3U9,0.149
A0A5C9EA91,0.149
A0A5C9E1R9,0.149
A0A497RBZ1,0.149
A0A5B9D6E1,0.149
A0A842S948,0.149
A0A524DIF6,0.149
A0A524EXT9,0.149
A0A5C9DVX3,0.149
A0A497PY79,0.149
A0A523RTF7,0.149
A0A523RTU1,0.149
A0A524E1J2,0.149
A0A842ST81,0.149
A0A842Y8Q1,0.149
A0A524C6L8,0.149
A0A842RP52,0.149
A0A7K4IB81,0.149
A0A850MQ65,0.149
A0A523X9S8,0.149
A0A497PU56,0.149
A0A497PP95,0.149
A0A842VE98,0.149
A0A1Q9MTP4,0.149
A0A497QPY0,0.149
A0A850MHV9,0.149
A0A842QJT7,0.149
A0A523RLL5,0.149
A0A842WP54,0.149
A0A1Q9P8E3,0.149
A0A3L6JLC7,0.149
A0A842U394,0.149
A0A5C9EAW0,0.149
A0A524NX62,0.149
A0A842VCC3,0.149
A0A523RQC3,0.149
A0A1Q9MZQ3,0.149
A0A842VJM4,0.149
A0A523TR45,0.149
A0A524EQT7,0.149
A0A524DCF9,0.149
A0A524FCB7,0.149
A0A7K4CN99,0.149
A0A524F965,0.149
A0A497PHE9,0.148
A0A497QQ05,0.148
A0A497QGS1,0.148
A0A0F8W0V3,0.148
A0A524MB10,0.148
A0A524CKT8,0.148
A0A850MH13,0.148
A0A7K4IG03,0.148
A0A524FS19,0.148
A0A523S9L3,0.148
A0A0F8W374,0.148
A0A524CTQ2,0.148
A0A523RFT7,0.148
A0A1Q9P053,0.148
A0A0F8VWF7,0.148
A0A1Q9PFK1,0.148
A0A524LL13,0.148
A0A5C9EDC6,0.148
A0A497RG79,0.148
A0A497QNE6,0.148
A0A497PKY1,0.148
A0A850LU71,0.148
A0A5C9E444,0.148
A0A842R978,0.148
A0A524D5X5,0.148
A0A524CK06,0.148
A0A3L6JHB1,0.148
A0A497QWI6,0.148
A0A523TFJ8,0.148
A0A7K4IGR5,0.148
A0A497QNP0,0.148
A0A135VYV3,0.148
A0A7K4IFM9,0.148
A0A497QJ53,0.148
A0A850LT13,0.148
A0A1Q9MUH8,0.148
A0A523S0C2,0.148
A0A2U3CCY5,0.148
A0A135VPV9,0.148
A0A842RL72,0.148
A0A524LB51,0.148
A0A524D778,0.148
A0A0F8W580,0.148
A0A5C9E0J9,0.148
A0A524CS48,0.148
A0A842VG52,0.148
A0A842RXL3,0.148
A0A524EAR4,0.148
A0A524DW23,0.148
A0A524EAF5,0.148
A0A1Q9NSZ5,0.148
A0A842TMB7,0.148
A0A5B9D6N1,0.148
A0A524LLL2,0.148
A0A524FAU4,0.148
A0A135VH81,0.148
A0A497QWH5,0.148
A0A1Q9MRB1,0.148
A0A842TIU9,0.148
A0A135VLW0,0.148
A0A5B9D985,0.148
A0A1Q9NUR9,0.148
A0A532TQX0,0.148
A0A497PL44,0.148
A0A842TB12,0.148
A0A842TI35,0.148
A0A524P6I5,0.148
A0A524EYL4,0.148
A0A524DBW6,0.148
A0A1Q9NGS0,0.148
A0A1Q9NN93,0.148
A0A524CGP8,0.148
A0A1Q9MTN4,0.148
A0A523R9P5,0.148
A0A7K4CP81,0.148
A0A1Q9NAD0,0.148
A0A5B9D9D0,0.148
A0A1Q9NIU2,0.148
A0A3L6JGB3,0.148
A0A5B9D7D4,0.148
A0A5C9DZW2,0.148
A0A497QMG4,0.148
A0A850LWT8,0.148
A0A1Q9NER2,0.147
A0A1Q9N1E9,0.147
A0A497QQR7,0.147
A0A5C9EMT4,0.147
A0A1Q9P4H1,0.147
A0A1Q9NAH7,0.147
A0A497QZB3,0.147
A0A497PXU5,0.147
A0A7K4GVR7,0.147
A0A497Q1M8,0.147
A0A5C9DYE4,0.147
A0A524FMZ9,0.147
A0A1Q9NXD0,0.147
A0A524CUG7,0.147
A0A7K4HI32,0.147
A0A842WT96,0.147
A0A850MP28,0.147
A0A532TZ88,0.147
A0A524E8H8,0.147
A0A842VYB4,0.147
A0A5C9ECN5,0.147
A0A524CHK0,0.147
A0A524C7P1,0.147
A0A497QU48,0.147
A0A842RK25,0.147
A0A524CK95,0.147
A0A1Q9N2V2,0.147
A0A5C9EME3,0.147
A0A850MAF1,0.147
A0A1Q9MR11,0.147
A0A497PIR7,0.147
A0A524EM03,0.147
A0A1Q9NTW1,0.147
A0A850LWA4,0.147
A0A523TEU5,0.147
A0A842YDT9,0.147
A0A1Q9NZ08,0.147
A0A3L6JCU1,0.147
A0A523R7I1,0.147
A0A5C9DZE6,0.147
A0A850LZC1,0.147
A0A842S1E2,0.147
A0A843C0J5,0.147
A0A850MLW7,0.147
A0A842VGS1,0.147
A0A7K4CNA9,0.147
A0A7K4GX12,0.147
A0A532TI50,0.147
A0A842WSQ4,0.147
A0A850M3U8,0.147
A0A850M7U1,0.147
A0A7K4D0I5,0.147
A0A5B9DFC7,0.147
A0A497PHR8,0.147
A0A524FM34,0.147
A0A842SZI6,0.147
A0A524E0F0,0.147
A0A2U3CKB2,0.147
A0A850MD12,0.147
A0A524ETK6,0.147
A0A843C0C4,0.147
A0A1Q9MVH6,0.147
A0A842QC10,0.147
A0A524P4W7,0.147
A0A1Q9NRQ7,0.147
A0A5B9DCE4,0.147
A0A524MJB3,0.147
A0A524G3H5,0.147
A0A842VFB9,0.147
A0A1Q9NZ34,0.147
A0A524EYV8,0.147
A0A842TNT0,0.147
A0A497PLX9,0.147
A0A1Q9P1U1,0.147
A0A3L6JQG3,0.147
A0A524E423,0.147
A0A524FN16,0.147
A0A7K4CV91,0.147
A0A497QVP1,0.146
A0A524EER2,0.146
A0A0F8W1W8,0.146
A0A523S1D2,0.146
A0A523S281,0.146
A0A135VWF3,0.146
A0A524FKS5,0.146
A0A497QK73,0.146
A0A524FRN1,0.146
A0A7K4GP36,0.146
A0A1Q9NFM7,0.146
A0A1Q9NTH2,0.146
A0A1Q9N1P4,0.146
A0A497R367,0.146
A0A5C9EW96,0.146
A0A5C9EFC0,0.146
A0A5C9EU71,0.146
A0A1Q9MQI2,0.146
A0A497QUP6,0.146
A0A524CSF3,0.146
A0A7K4CUN2,0.146
A0A0F8XLL9,0.146
A0A7K4IH42,0.146
A0A1Q9MT14,0.146
A0A5C9DZX2,0.146
A0A3L6JJ90,0.146
A0A842U369,0.146
A0A850MAI6,0.146
A0A1Q9NKG9,0.146
A0A524CGX4,0.146
A0A497QVR7,0.146
A0A524M2Y0,0.146
A0A842S2B3,0.146
A0A523VX89,0.146
A0A843C2L4,0.146
A0A850MBA1,0.146
A0A524C4X4,0.146
A0A532TAH1,0.146
A0A843BWC4,0.146
A0A523W0Q2,0.146
A0A524EUK5,0.146
A0A3L6JEJ8,0.146
A0A7K4H7E2,0.146
A0A497P9Y3,0.146
A0A5C9EM23,0.146
A0A523VV18,0.146
A0A842X0D1,0.146
A0A497QX25,0.146
A0A1Q9MTT6,0.146
A0A524EH61,0.146
A0A7K4H733,0.146
A0A1Q9NJP5,0.146
A0A532TF84,0.146
A0A0F8VCF4,0.146
A0A5B9DDN0,0.146
A0A3L6J8B0,0.146
A0A842QD41,0.146
A0A497Q3M1,0.146
A0A497PSB1,0.146
A0A532TRS6,0.146
A0A524DXY0,0.146
A0A524CJ55,0.146
A0A7C0YFC9,0.146
A0A7K4D0G2,0.146
A0A1Q9P229,0.146
A0A842RLW2,0.146
A0A524FNA0,0.146
A0A524F5B1,0.146
A0A497QPZ4,0.146
A0A842TLL3,0.146
A0A843BWY5,0.146
A0A524CIX7,0.146
A0A497PY17,0.146
A0A524C4B8,0.146
A0A524CQM7,0.146
A0A523THG1,0.146
A0A524F1R8,0.146
A0A7K4IFK1,0.146
A0A850LW54,0.146
A0A524D5L8,0.146
A0A524CZC9,0.146
A0A842V919,0.146
A0A497PHU0,0.146
A0A524CT00,0.146
A0A842T5T7,0.146
A0A523TFG9,0.145
A0A497PZ78,0.145
A0A497PRV8,0.145
A0A524F4Z3,0.145
A0A524LMK1,0.145
A0A524LY49,0.145
A0A524EZ99,0.145
A0A842W702,0.145
A0A524CST6,0.145
A0A524F4W4,0.145
A0A850MN46,0.145
A0A524CK82,0.145
A0A524D5V1,0.145
A0A135VUP6,0.145
A0A842VTI0,0.145
A0A842RQW8,0.145
A0A5C9E9L8,0.145
A0A523RIL9,0.145
A0A842RSA8,0.145
A0A1Q9NFZ8,0.145
A0A5C9ESV9,0.145
A0A497Q4W0,0.145
A0A524E366,0.145
A0A524DNF3,0.145
A0A1Q9P0G4,0.145
A0A524E6E7,0.145
A0A842TH20,0.145
A0A850M340,0.145
A0A497QEC4,0.145
A0A2U3CKM3,0.145
A0A843BWI8,0.145
A0A524F0Z1,0.145
A0A523VVY1,0.145
A0A7K4H9Q2,0.145
A0A524LTH8,0.145
A0A7K4ID96,0.145
A0A0F8VLX1,0.145
A0A524M5U6,0.145
A0A850M4F9,0.145
A0A842WS15,0.145
A0A524F5B4,0.145
A0A524DB42,0.145
A0A3L6J889,0.145
A0A524LKG8,0.145
A0A523S561,0.145
A0A524EPZ7,0.145
A0A524F0S3,0.145
A0A524ELL0,0.145
A0A7K4GZ61,0.145
A0A842Y9H3,0.145
A0A850LQE1,0.145
A0A524E661,0.145
A0A5C9EH27,0.145
A0A842R622,0.145
A0A524CGF6,0.145
A0A497QF31,0.145
A0A0F8VBG3,0.145
A0A523TA40,0.145
A0A842U9V0,0.145
A0A1Q9MX45,0.145
A0A532TQ11,0.145
A0A849QJI5,0.145
A0A1Q9NUQ3,0.145
A0A524F6S0,0.145
A0A7K4IFL8,0.145
A0A1Q9PED2,0.145
A0A523W3G8,0.145
A0A2U3CBD2,0.145
A0A842RBY9,0.145
A0A2U3CCA9,0.145
A0A842QFR0,0.145
A0A5C9EHA2,0.145
A0A497QRK2,0.145
A0A524FGF2,0.145
A0A7K4D1K9,0.145
A0A497Q7A9,0.145
A0A1Q9NV03,0.145
A0A842Y8Q5,0.145
A0A497PK87,0.145
A0A524EMV7,0.145
A0A524FZL4,0.145
A0A842VIS8,0.145
A0A497QTW6,0.144
A0A850MP63,0.144
A0A842YCY5,0.144
A0A497Q3D6,0.144
A0A2U3CJS5,0.144
A0A524F145,0.144
A0A842QDF1,0.144
A0A524E3U6,0.144
A0A524FH03,0.144
A0A135VD82,0.144
A0A497Q0S3,0.144
A0A842REM0,0.144
A0A1Q9N021,0.144
A0A7K4GU20,0.144
A0A1Q9PAK0,0.144
A0A0F8Y4A5,0.144
A0A0F8VIH8,0.144
A0A7K4H6C4,0.144
A0A497QVF7,0.144
A0A850LTH2,0.144
A0A842VWI7,0.144
A0A1Q9N2B9,0.144
A0A497QFP3,0.144
A0A842TJC2,0.144
A0A524D832,0.144
A0A842VTL2,0.144
A0A7K4H4C7,0.144
A0A497QUS8,0.144
A0A842TNP0,0.144
A0A524EJ09,0.144
A0A524FPM1,0.144
A0A842TIG0,0.144
A0A497PK55,0.144
A0A5B9DDX6,0.144
A0A842VTN4,0.144
A0A1Q9NP65,0.144
A0A524DI59,0.144
A0A524F3G8,0.144
A0A524DA45,0.144
A0A497QVL2,0.144
A0A849QKB7,0.144
A0A842QDE1,0.144
A0A524EVR2,0.144
A0A7K4ICR1,0.144
A0A842QD25,0.144
A0A1Q9MVU5,0.144
A0A850MMK2,0.144
A0A7K4GUJ7,0.144
A0A524EE76,0.144
A0A7K4CX64,0.144
A0A524C5U6,0.144
A0A850ML43,0.144
A0A850MJ01,0.144
A0A135VC27,0.144
A0A524CD97,0.144
A0A5C9EU08,0.144
A0A842WZE5,0.144
A0A497QTZ5,0.144
A0A524FC33,0.144
A0A842TJ15,0.144
A0A523REE2,0.144
A0A135VDF8,0.144
A0A842WUG8,0.144
A0A1Q9MS60,0.144
A0A842YDY8,0.144
A0A532TAN4,0.144
A0A842VTP2,0.144
A0A842VQW4,0.144
A0A842RER9,0.144
A0A524C9Z5,0.144
A0A523R6V2,0.144
A0A524FS39,0.144
A0A5C9ERI7,0.144
A0A850MPG4,0.144
A0A842QKH7,0.144
A0A524CWU6,0.144
A0A497PML0,0.144
A0A524FX18,0.144
A0A524FEB9,0.144
A0A523VZT8,0.144
A0A842VSS5,0.144
A0A5B9D8G9,0.144
A0A842UAN2,0.144
A0A1Q9NI02,0.144
A0A135VT40,0.144
A0A842RE99,0.144
A0A524FA31,0.143
A0A5C9ELZ5,0.143
A0A497RE30,0.143
A0A850MDN2,0.143
A0A524G9J4,0.143
A0A524P573,0.143
A0A842S463,0.143
A0A0F8YAF8,0.143
A0A1Q9PAW3,0.143
A0A524EPI4,0.143
A0A0F8WDS3,0.143
A0A524NWV4,0.143
A0A7K4IDZ0,0.143
A0A7K4H981,0.143
A0A497PK03,0.143
A0A850MWT2,0.143
A0A5C9EB78,0.143
A0A497PU94,0.143
A0A524CQF8,0.143
A0A842TA44,0.143
A0A524CXG1,0.143
A0A842R8C6,0.143
A0A7K4H2S5,0.143
A0A850LS34,0.143
A0A850MPG7,0.143
A0A497QVD1,0.143
A0A5C9EPD4,0.143
A0A497P856,0.143
A0A524FY10,0.143
A0A850LY36,0.143
A0A842VIT6,0.143
A0A7K4HEQ9,0.143
A0A532TLL7,0.143
A0A7K4H3V6,0.143
A0A5C9E313,0.143
A0A524EZR3,0.143
A0A7K4IBA3,0.143
A0A524EVM7,0.143
A0A524MD23,0.143
A0A1Q9MYN8,0.143
A0A842T6E9,0.143
A0A497PS90,0.143
A0A842TSX2,0.143
A0A2U3CKM9,0.143
A0A524D1E4,0.143
A0A7K4H569,0.143
A0A7C0U8F5,0.143
A0A5C9E2E4,0.143
A0A843C402,0.143
A0A524CRB7,0.143
A0A532TJ50,0.143
A0A1Q9NWL1,0.143
A0A842T4K2,0.143
A0A524DJ72,0.143
A0A0F8VJQ1,0.143
A0A524CAT7,0.143
A0A524DEH7,0.143
A0A1Q9NPH6,0.143
A0A5C9EQM1,0.143
A0A5B9DFU7,0.143
A0A0F8VI59,0.143
A0A1Q9PCD0,0.143
A0A524CUD7,0.143
A0A842VLH0,0.143
A0A532TER1,0.143
A0A524CU57,0.143
A0A524DHV3,0.143
A0A842V6R8,0.143
A0A850MM26,0.143
A0A5C9EYI7,0.143
A0A842VLV9,0.143
A0A523RKH2,0.143
A0A135VF96,0.143
A0A850M7Y7,0.143
A0A5C9E469,0.143
A0A524FLE4,0.143
A0A497PLG2,0.143
A0A1Q9P5A4,0.143
A0A7K4CWH0,0.143
A0A524FBW9,0.143
A0A7K4IBX6,0.143
A0A524FCN3,0.143
A0A842VFS8,0.143
A0A135VYW8,0.143
A0A524CJW9,0.143
A0A523RZW9,0.143
A0A842RDY2,0.143
A0A524G2K7,0.143
A0A524CVM1,0.143
A0A524MAY1,0.142
A0A842T5J7,0.142
A0A524FBA5,0.142
A0A135VRU9,0.142
A0A523RUA3,0.142
A0A523XEW5,0.142
A0A523RES7,0.142
A0A135VJA1,0.142
A0A135VL48,0.142
A0A524F9M8,0.142
A0A524C8B0,0.142
A0A524CUQ9,0.142
A0A524DPC0,0.142
A0A497QCQ0,0.142
A0A842WUG3,0.142
A0A1Q9NP85,0.142
A0A523SDY0,0.142
A0A524C1Q4,0.142
A0A497QBX7,0.142
A0A842TMD0,0.142
A0A842T6S8,0.142
A0A850M4Z7,0.142
A0A524FX66,0.142
A0A5C9E884,0.142
A0A524CQ58,0.142
A0A135VY25,0.142
A0A524FLD5,0.142
A0A524CF25,0.142
A0A532TMG6,0.142
A0A524DUA1,0.142
A0A5C9E523,0.142
A0A7K4CMR3,0.142
A0A1Q9NAT8,0.142
A0A7K4GLP8,0.142
A0A842S3H7,0.142
A0A2U3CC44,0.142
A0A842W4N8,0.142
A0A497QPR8,0.142
A0A523RST6,0.142
A0A497PDS4,0.142
A0A1Q9N3L0,0.142
A0A7K4CPK6,0.142
A0A842VV75,0.142
A0A523R9I7,0.142
A0A532T823,0.142
A0A850ME85,0.142
A0A7K4CXC7,0.142
A0A523R952,0.142
A0A532TD62,0.142
A0A524DFB0,0.142
A0A523W201,0.142
A0A135VAZ8,0.142
A0A842WWF5,0.142
A0A7K4D126,0.142
A0A497QXG4,0.142
A0A5C9EAR4,0.142
A0A842VKV1,0.142
A0A524FJF2,0.142
A0A1Q9NA70,0.142
A0A524P244,0.142
A0A842S3K2,0.142
A0A523X918,0.142
A0A524C509,0.142
A0A842W3U4,0.142
A0A497PJK4,0.142
A0A842TP94,0.142
A0A135VGJ3,0.142
A0A0F8WD93,0.142
A0A524MF76,0.142
A0A850MDQ5,0.142
A0A524FC97,0.142
A0A850MJ02,0.142
A0A524EZE8,0.142
A0A524M7V6,0.142
A0A850LVA5,0.142
A0A5C9E5P1,0.142
A0A524FBF4,0.142
A0A842RCW1,0.142
A0A842RKX3,0.142
A0A524LWD1,0.142
A0A524C3H4,0.142
A0A850MHL3,0.142
A0A497Q1P6,0.142
A0A1Q9NE43,0.142
A0A524MGI0,0.142
A0A532TPZ2,0.142
A0A850LPR7,0.142
A0A842VAF1,0.142
A0A497PSE4,0.141
A0A5C9E664,0.141
A0A842QA09,0.141
A0A842SF69,0.141
A0A524G4F7,0.141
A0A5C9EAC4,0.141
A0A497QAE0,0.141
A0A849QG24,0.141
A0A850LXJ8,0.141
A0A5C9E730,0.141
A0A5C9DZS9,0.141
A0A3L6JAT0,0.141
A0A524E4H8,0.141
A0A523XMP9,0.141
A0A842VTA1,0.141
A0A524DMG7,0.141
A0A842RD55,0.141
A0A532TPF2,0.141
A0A1Q9MTR4,0.141
A0A524FWT7,0.141
A0A1Q9NQU7,0.141
A0A497QC81,0.141
A0A523RQ12,0.141
A0A524E5P4,0.141
A0A842QAY0,0.141
A0A497QKG3,0.141
A0A1Q9MWJ7,0.141
A0A850MM54,0.141
A0A524FU27,0.141
A0A524DQE8,0.141
A0A850MC49,0.141
A0A850MPF8,0.141
A0A0F8XXZ4,0.141
A0A497QJA5,0.141
A0A524FST2,0.141
A0A497Q8H8,0.141
A0A2U3CG11,0.141
A0A524P0N7,0.141
A0A532TSQ3,0.141
A0A532T9U4,0.141
A0A5C9ESV7,0.141
A0A7C0U9C8,0.141
A0A7K4HGJ8,0.141
A0A5C9EAE7,0.141
A0A135VAR2,0.141
A0A524FCD0,0.141
A0A850MKU5,0.141
A0A524E3Q3,0.141
A0A532TKQ2,0.141
A0A1Q9NNH5,0.141
A0A850MQZ4,0.141
A0A524CK63,0.141
A0A524C9V3,0.141
A0A135VJ79,0.141
A0A850MD82,0.141
A0A842VQ38,0.141
A0A7K4IBC0,0.141
A0A135VZC9,0.141
A0A524CMF2,0.141
A0A7K4H6Q1,0.141
A0A3L6JMC8,0.141
A0A532TIT6,0.141
A0A524F0P9,0.141
A0A842SVF6,0.141
A0A524EDP0,0.141
A0A850MVS4,0.141
A0A532TKJ0,0.141
A0A497Q6W3,0.141
A0A842TWX1,0.141
A0A497Q255,0.141
A0A850M5I7,0.141
A0A497QVV7,0.141
A0A135VH43,0.141
A0A524CNU7,0.141
A0A524C1U0,0.141
A0A1Q9NCH4,0.141
A0A497Q7A3,0.141
A0A850MRH7,0.141
A0A524E800,0.141
A0A523XK16,0.141
A0A524DXL8,0.141
A0A7K4GUH4,0.141
A0A497R4W2,0.141
A0A842TMG6,0.141
A0A497QKD2,0.141
A0A497QJP3,0.141
A0A532T8F3,0.141
A0A3L6JF41,0.141
A0A524FPL5,0.141
A0A850M004,0.141
A0A524C8D7,0.141
A0A524FYM2,0.141
A0A497PKS1,0.141
A0A524DEM8,0.141
A0A7K4H3X6,0.141
A0A1Q9NMY2,0.141
A0A524CX39,0.141
A0A2U3CGZ2,0.141
A0A842YDZ2,0.141
A0A524CG80,0.141
A0A842QFD7,0.141
A0A524DUD9,0.141
A0A524FWC4,0.141
A0A524DQ68,0.141
A0A524EM85,0.14
A0A2U3CKJ1,0.14
A0A842TPG3,0.14
A0A5B9DAL7,0.14
A0A850M4E7,0.14
A0A1Q9NLD2,0.14
A0A532TTC2,0.14
A0A524CI07,0.14
A0A532TJA9,0.14
A0A532TGF4,0.14
A0A524EHT2,0.14
A0A842V7H0,0.14
A0A497Q725,0.14
A0A1Q9MUX4,0.14
A0A524DZB7,0.14
A0A5B9DDM5,0.14
A0A524EGZ6,0.14
A0A497QYP8,0.14
A0A523XF25,0.14
A0A524E8D6,0.14
A0A842T4P2,0.14
A0A135VBD2,0.14
A0A524F296,0.14
A0A524EDQ0,0.14
A0A524DQC2,0.14
A0A497PU10,0.14
A0A524DBG9,0.14
A0A843BXQ7,0.14
A0A850LQM9,0.14
A0A135VWE4,0.14
A0A497PPA9,0.14
A0A1Q9MRL3,0.14
A0A497R569,0.14
A0A523S0H1,0.14
A0A524GBS2,0.14
A0A524FWK4,0.14
A0A850M2I8,0.14
A0A842YE50,0.14
A0A7K4H5N2,0.14
A0A524DRD0,0.14
A0A5C9DUT3,0.14
A0A524DK15,0.14
A0A1Q9P0M2,0.14
A0A524LQK0,0.14
A0A850MPM0,0.14
A0A842RFI3,0.14
A0A7K4GSN1,0.14
A0A1Q9NH88,0.14
A0A135VKQ4,0.14
A0A842QKX3,0.14
A0A523S646,0.14
A0A7K4D0Q1,0.14
A0A524FP39,0.14
A0A497QBS1,0.14
A0A497PFZ1,0.14
A0A524CHT2,0.14
A0A524CKT1,0.14
A0A3L6JIV2,0.14
A0A3L6JG85,0.14
A0A497PCV6,0.14
A0A524E810,0.14
A0A135VMZ3,0.14
A0A1Q9PCI1,0.14
A0A524CVD8,0.14
A0A7K4CZ51,0.14
A0A850M0G6,0.14
A0A842T8F3,0.14
A0A7K4GRI4,0.14
A0A843BUB9,0.14
A0A497QA72,0.14
A0A842TGN6,0.14
A0A1Q9P4B7,0.14
A0A497QPG0,0.14
A0A523R9V4,0.14
A0A850M5L4,0.14
A0A497Q1Z3,0.14
A0A1Q9NKS2,0.14
A0A842WSS9,0.14
A0A850LQ79,0.139
A0A842VYF7,0.139
A0A1Q9MWX5,0.139
A0A849QG89,0.139
A0A524LQU7,0.139
A0A524LHI5,0.139
A0A842U5C1,0.139
A0A842QJJ5,0.139
A0A1Q9NLP2,0.139
A0A524CRM5,0.139
A0A497QGD6,0.139
A0A3L6JQH5,0.139
A0A850LV96,0.139
A0A842T874,0.139
A0A497PTN5,0.139
A0A843BQZ2,0.139
A0A523TPH3,0.139
A0A523S1X0,0.139
A0A850MMT8,0.139
A0A842TI92,0.139
A0A524DYY0,0.139
A0A497R730,0.139
A0A497PFX9,0.139
A0A850LQI4,0.139
A0A523XFS4,0.139
A0A1Q9P474,0.139
A0A524D7N7,0.139
A0A524DX44,0.139
A0A524LNI6,0.139
A0A1Q9MZ49,0.139
A0A842TDE3,0.139
A0A497QM44,0.139
A0A842SA43,0.139
A0A524FDG3,0.139
A0A7K4HBD5,0.139
A0A3L6JS35,0.139
A0A7K4GY36,0.139
A0A497PNE5,0.139
A0A843C0S4,0.139
A0A524DP33,0.139
A0A850MI74,0.139
A0A842RK62,0.139
A0A3L6JCY1,0.139
A0A524ECK6,0.139
A0A524ESG5,0.139
A0A497Q218,0.139
A0A524F705,0.139
A0A524FQU1,0.139
A0A135VHE5,0.139
A0A523THZ0,0.139
A0A842VWD4,0.139
A0A524GBU7,0.139
A0A850M0I9,0.139
A0A497QY51,0.139
A0A135VP53,0.139
A0A524LHZ7,0.139
A0A850LXB6,0.139
A0A842RKH0,0.139
A0A842TB86,0.139
A0A7K4GZ68,0.139
A0A1Q9NRB1,0.139
A0A850MCW4,0.139
A0A0F8XI83,0.139
A0A0F8WAS8,0.139
A0A497PVK1,0.139
A0A5C9EYL1,0.139
A0A532TKR8,0.139
A0A524CDM6,0.139
A0A524MJK9,0.139
A0A842VM63,0.139
A0A842VRK0,0.139
A0A497QG26,0.139
A0A532TCQ5,0.139
A0A850LYZ5,0.139
A0A850MCH3,0.139
A0A524C630,0.139
A0A523X8C4,0.139
A0A850LV27,0.139
A0A7K4GN42,0.139
A0A524E8T2,0.139
A0A524FLI4,0.139
A0A842UBQ6,0.139
A0A1Q9NB51,0.139
A0A5C9EQ80,0.139
A0A1Q9P351,0.138
A0A524DUR9,0.138
A0A5B9D8T0,0.138
A0A849QI46,0.138
A0A2U3CGY9,0.138
A0A523TCW8,0.138
A0A1Q9NIJ6,0.138
A0A1Q9PC51,0.138
A0A842YHD0,0.138
A0A850LY67,0.138
A0A3L6JDF7,0.138
A0A850MDZ3,0.138
A0A524ERT0,0.138
A0A523RSL2,0.138
A0A497QV10,0.138
A0A135VFX8,0.138
A0A524D0X5,0.138
A0A135VYL5,0.138
A0A5C9E2F9,0.138
A0A850M8U3,0.138
A0A850MLH1,0.138
A0A3L6JR72,0.138
A0A842QIJ6,0.138
A0A135VVW4,0.138
A0A524D1H6,0.138
A0A524G8Y9,0.138
A0A524EW79,0.138
A0A524EM91,0.138
A0A842VQZ2,0.138
A0A524DWZ2,0.138
A0A842WRI5,0.138
A0A497QWG4,0.138
A0A1Q9P3C9,0.138
A0A5C9ES59,0.138
A0A135VJL7,0.138
A0A524F420,0.138
A0A524ELJ1,0.138
A0A842S1I9,0.138
A0A842QEX4,0.138
A0A524F2Q3,0.138
A0A532TMN2,0.138
A0A524FV67,0.138
A0A842VU15,0.138
A0A0F8Y6T6,0.138
A0A524FEB0,0.138
A0A7K4CSG6,0.138
A0A843BVW4,0.138
A0A1Q9N093,0.138
A0A523S1W6,0.138
A0A842QJQ6,0.138
A0A523TR11,0.138
A0A524FCM1,0.138
A0A497R6Q7,0.138
A0A842TIU7,0.138
A0A850MYE0,0.138
A0A135VPN8,0.138
A0A2U3CGV8,0.138
A0A524LD41,0.138
A0A532T9Y0,0.138
A0A2U3CHY0,0.138
A0A850M379,0.138
A0A842TDE7,0.138
A0A524EQ56,0.138
A0A524LXC9,0.138
A0A5C9F011,0.138
A0A1Q9N196,0.138
A0A7K4GYU8,0.138
A0A524CHB6,0.138
A0A524E2D1,0.138
A0A524CKE1,0.138
A0A1Q9NIM3,0.138
A0A3L6JRI5,0.138
A0A0F8WDA1,0.138
A0A532TL49,0.138
A0A524CDX9,0.138
A0A842RCK7,0.138
A0A524MCP0,0.138
A0A7K4HDK8,0.138
A0A5C9EA47,0.138
A0A7K4CNS6,0.138
A0A524CU89,0.138
A0A5C9E506,0.138
A0A842TTH5,0.138
A0A532TNA0,0.138
A0A524ET00,0.138
A0A524CMH6,0.138
A0A7K4CXE7,0.138
A0A850LQ19,0.138
A0A842TH33,0.138
A0A524D529,0.138
A0A850MMP0,0.138
A0A3L6JNW4,0.138
A0A1Q9NV15,0.138
A0A497PTQ3,0.138
A0A842QFH6,0.138
A0A524EKV2,0.138
A0A524F2Z7,0.138
A0A497Q4C8,0.138
A0A3L6JJV2,0.138
A0A850MIT4,0.138
A0A523X9C5,0.138
A0A524EN56,0.138
A0A524C9H8,0.138
A0A497QBI6,0.138
A0A842QFZ7,0.138
A0A842SYD3,0.138
A0A497QA95,0.138
A0A524FE80,0.138
A0A135VMI3,0.138
A0A850LXU9,0.138
A0A497PDZ1,0.138
A0A842WRG1,0.137
A0A842T3B8,0.137
A0A1Q9MT81,0.137
A0A524C7Y5,0.137
A0A5C9EMD3,0.137
A0A7K4CMP1,0.137
A0A497PN58,0.137
A0A3L6JCP1,0.137
A0A497QMC4,0.137
A0A524FLV4,0.137
A0A497PQ46,0.137
A0A842RZ97,0.137
A0A1Q9NK64,0.137
A0A1Q9MW36,0.137
A0A524DWA4,0.137
A0A850MPT4,0.137
A0A5C9EBZ7,0.137
A0A7K4IAW0,0.137
A0A524EF51,0.137
A0A1Q9MRD3,0.137
A0A2U3CEH8,0.137
A0A524G2P4,0.137
A0A0F8V9D0,0.137
A0A5C9E9T3,0.137
A0A850LU20,0.137
A0A524M939,0.137
A0A842RA49,0.137
A0A524FN22,0.137
A0A3L6JQF6,0.137
A0A850MGV0,0.137
A0A524DKA3,0.137
A0A497PAZ1,0.137
A0A842TRI7,0.137
A0A497Q973,0.137
A0A842QAD0,0.137
A0A1Q9N2B3,0.137
A0A497P9S1,0.137
A0A524DCF0,0.137
A0A135VUT2,0.137
A0A497QJB6,0.137
A0A497QVM6,0.137
A0A850MGW5,0.137
A0A1Q9PDR3,0.137
A0A7K4CNR2,0.137
A0A1Q9P8G8,0.137
A0A524E5X1,0.137
A0A843BXX4,0.137
A0A524DSC4,0.137
A0A524LGY8,0.137
A0A524FEW2,0.137
A0A0F8Y3Q2,0.137
A0A135VTV0,0.137
A0A842QDD0,0.137
A0A497PI39,0.137
A0A524CA69,0.137
A0A1Q9MXP0,0.137
A0A497QY97,0.137
A0A524FR18,0.137
A0A1Q9PCN0,0.137
A0A523S0V1,0.137
A0A524CYZ9,0.137
A0A1Q9NLU8,0.137
A0A524LJK6,0.137
A0A850LUH1,0.137
A0A523X4C2,0.137
A0A523VUQ3,0.137
A0A524C8Q4,0.137
A0A524ELQ5,0.137
A0A3L6JI67,0.137
A0A842YDX4,0.137
A0A3L6JL28,0.137
A0A843BNK5,0.137
A0A135VXT2,0.137
A0A3L6JG17,0.137
A0A843BNX4,0.137
A0A524F846,0.137
A0A1Q9MRL8,0.137
A0A5C9EGM5,0.137
A0A1Q9PDS5,0.137
A0A524D3K0,0.137
A0A5C9EPX1,0.137
A0A842W4M8,0.137
A0A842VYX3,0.137
A0A7K4CXE1,0.137
A0A7K4IEF9,0.137
A0A524DQ39,0.137
A0A7K4GUJ1,0.137
A0A842W1G3,0.137
A0A497QLB8,0.137
A0A5C9DVB9,0.137
A0A842TNM5,0.137
A0A1Q9P0V1,0.137
A0A842VZK0,0.137
A0A524DHT0,0.137
A0A497Q2G9,0.137
A0A3L6JM83,0.137
A0A5C9EX29,0.137
A0A850LTI1,0.137
A0A5C9DTQ6,0.137
A0A842U414,0.137
A0A842VGR1,0.137
A0A1Q9NDW1,0.137
A0A5C9DXA3,0.137
A0A7K4IBD3,0.137
A0A7K4IF00,0.137
A0A1Q9P874,0.137
A0A842VAN7,0.137
A0A842WQA5,0.137
A0A523RK05,0.137
A0A1Q9NWC8,0.137
A0A850MIZ6,0.137
A0A850MCU6,0.137
A0A524DG02,0.137
A0A0F8VEF8,0.137
A0A2U3CEB0,0.137
A0A850M5Y2,0.137
A0A524CU96,0.137
A0A842QD97,0.137
A0A1Q9P368,0.137
A0A1Q9MUZ9,0.136
A0A524D8S6,0.136
A0A7K4H542,0.136
A0A842U7X7,0.136
A0A524EGK4,0.136
A0A523XGK2,0.136
A0A842VCA9,0.136
A0A497PIM0,0.136
A0A842U3S8,0.136
A0A1Q9MUJ9,0.136
A0A135VEA3,0.136
A0A842REP2,0.136
A0A5C9EBH0,0.136
A0A532TVD5,0.136
A0A524FBF6,0.136
A0A842VXD1,0.136
A0A1Q9NRP5,0.136
A0A524DWZ3,0.136
A0A524CH28,0.136
A0A523XLV5,0.136
A0A850MBC0,0.136
A0A524EF43,0.136
A0A1Q9NXU0,0.136
A0A1Q9P248,0.136
A0A7K4H3J1,0.136
A0A1Q9MT25,0.136
A0A842RL43,0.136
A0A0F8VFC7,0.136
A0A0F8VEA5,0.136
A0A842RR94,0.136
A0A7K4HGL5,0.136
A0A842VY86,0.136
A0A5B9DA66,0.136
A0A524D5U9,0.136
A0A497QQQ0,0.136
A0A842RP32,0.136
A0A850MNM9,0.136
A0A850M9D3,0.136
A0A5C9EBD5,0.136
A0A850LP20,0.136
A0A523RZ28,0.136
A0A842WNY6,0.136
A0A524ET26,0.136
A0A524CRZ6,0.136
A0A2U3CEA0,0.136
A0A524D540,0.136
A0A7K4CZ57,0.136
A0A532THU5,0.136
A0A524P4C4,0.136
A0A842S538,0.136
A0A850M7Y3,0.136
A0A850MRK3,0.136
A0A524D1K9,0.136
A0A523RD40,0.136
A0A5C9E2C2,0.136
A0A850M2F9,0.136
A0A497PGJ2,0.136
A0A7K4H784,0.136
A0A532TK93,0.136
A0A523RS06,0.136
A0A524DUU4,0.136
A0A524F684,0.136
A0A5C9ENH5,0.136
A0A524DUX6,0.136
A0A524CGT5,0.136
A0A524CJM4,0.136
A0A842RTF4,0.136
A0A842U7J7,0.136
A0A1Q9NY45,0.136
A0A1Q9P3R5,0.136
A0A3L6JFY5,0.136
A0A524CU18,0.136
A0A5C9E0H8,0.136
A0A0F8Y104,0.136
A0A7K4GTV7,0.136
A0A524DRQ4,0.136
A0A523S8R0,0.136
A0A842S8T9,0.136
A0A497QQM0,0.136
A0A842W2V2,0.136
A0A524MAM1,0.136
A0A2E9CEA6,0.136
A0A1Q9P629,0.136
A0A842RU89,0.136
A0A842VGI8,0.136
A0A524EXT8,0.136
A0A842RM50,0.136
A0A842VZZ5,0.136
A0A523R9D2,0.136
A0A524DLU9,0.136
A0A842TI84,0.136
A0A5C9EGY5,0.136
A0A842SAN1,0.136
A0A842RW39,0.136
A0A2U3CE20,0.136
A0A1Q9NCS9,0.136
A0A842RCP7,0.136
A0A524FY01,0.136
A0A5C9E0E9,0.136
A0A524CYB9,0.136
A0A524E5E8,0.136
A0A843BMU1,0.136
A0A842W1M3,0.136
A0A5B9DC23,0.136
A0A497PUZ6,0.136
A0A524FVG5,0.136
A0A532TIH9,0.135
A0A842RAS5,0.135
A0A1Q9NX41,0.135
A0A842R907,0.135
A0A497QMU3,0.135
A0A1Q9NCU9,0.135
A0A524E6M1,0.135
A0A1Q9NZW8,0.135
A0A524D8X2,0.135
A0A5C9DV52,0.135
A0A850LQJ8,0.135
A0A842W0V3,0.135
A0A7K4CRV7,0.135
A0A497QTE4,0.135
A0A1Q9NMV0,0.135
A0A0F8YB03,0.135
A0A497PR04,0.135
A0A524CKL4,0.135
A0A7K4D130,0.135
A0A1Q9NGX0,0.135
A0A850M3I2,0.135
A0A524DI50,0.135
A0A850LWY2,0.135
A0A849Q924,0.135
A0A842TIB5,0.135
A0A7K4H065,0.135
A0A842YEG2,0.135
A0A524CV91,0.135
A0A497PTI2,0.135
A0A2U3CF80,0.135
A0A524D0N0,0.135
A0A7K4D1C3,0.135
A0A497PQ45,0.135
A0A497QF25,0.135
A0A7K4HKY0,0.135
A0A523RWV8,0.135
A0A7K4IF66,0.135
A0A842VUU3,0.135
A0A524EB92,0.135
A0A497R3T0,0.135
A0A524CDU2,0.135
A0A524CBB7,0.135
A0A843C6R3,0.135
A0A850LS76,0.135
A0A842WX37,0.135
A0A524C9D3,0.135
A0A1Q9NQC4,0.135
A0A5C9E9I8,0.135
A0A5C9DY84,0.135
A0A524C656,0.135
A0A524F759,0.135
A0A7K4IBJ2,0.135
A0A2U3CK87,0.135
A0A2U3CCB0,0.135
A0A497RA09,0.135
A0A842TQJ7,0.135
A0A850MJ66,0.135
A0A523XJ87,0.135
A0A850LRL8,0.135
A0A1Q9MWJ8,0.135
A0A850ME19,0.135
A0A842W0F5,0.135
A0A524EK56,0.135
A0A524DR34,0.135
A0A524EV41,0.135
A0A524LFG2,0.135
A0A7K4HHN5,0.135
A0A842RG78,0.135
A0A497QJ07,0.135
A0A497P8T7,0.135
A0A2E9CFM3,0.135
A0A524C8V6,0.135
A0A842QEC5,0.135
A0A7K4H7U1,0.135
A0A524DIL9,0.135
A0A497QCE4,0.135
A0A7K4H0Y4,0.135
A0A524EEX8,0.135
A0A524D1E9,0.135
A0A524F6J8,0.135
A0A1Q9NEQ1,0.135
A0A849QHB7,0.135
A0A7K4GWM5,0.135
A0A1Q9NI70,0.135
A0A497QUX7,0.135
A0A0F8V7G7,0.135
A0A524F9L5,0.135
A0A135VD92,0.135
A0A7K4GMW9,0.135
A0A135VX61,0.135
A0A842RTN7,0.135
A0A524F583,0.135
A0A842TL70,0.134
A0A842WNJ5,0.134
A0A524DUK2,0.134
A0A523S4X8,0.134
A0A524EV95,0.134
A0A524FUU6,0.134
A0A3L6JDG0,0.134
A0A523VXS1,0.134
A0A497QRC9,0.134
A0A850M8Y0,0.134
A0A524CKN1,0.134
A0A523S0B9,0.134
A0A524L9W7,0.134
A0A532TJZ8,0.134
A0A497Q3E8,0.134
A0A497QUZ3,0.134
A0A524CJ21,0.134
A0A842Q8F6,0.134
A0A524DL99,0.134
A0A135VJ49,0.134
A0A5B9D5X8,0.134
A0A497QH10,0.134
A0A843BPS3,0.134
A0A524EWE3,0.134
A0A7K4GU79,0.134
A0A7K4GU24,0.134
A0A524CHV0,0.134
A0A842VBQ3,0.134
A0A842VSG6,0.134
A0A842TLY0,0.134
A0A524C3P7,0.134
A0A532TLP6,0.134
A0A842WSJ3,0.134
A0A1Q9P6R9,0.134
A0A523R6J4,0.134
A0A497QPX5,0.134
A0A842TD91,0.134
A0A524F184,0.134
A0A135VH79,0.134
A0A842SZG4,0.134
A0A524E4V3,0.134
A0A850LQ70,0.134
A0A842X1P8,0.134
A0A524LAD9,0.134
A0A850MEB8,0.134
A0A7K4GWB9,0.134
A0A842TAL8,0.134
A0A524EX95,0.134
A0A1Q9NWG5,0.134
A0A524E7U1,0.134
A0A524DVP4,0.134
A0A497Q8Q7,0.134
A0A5C9ER87,0.134
A0A842V9L8,0.134
A0A842YGX9,0.134
A0A524FLQ6,0.134
A0A7K4II10,0.134
A0A3L6JG24,0.134
A0A850LQC7,0.134
A0A524E101,0.134
A0A5B9DB76,0.134
A0A524C200,0.134
A0A3L6JM60,0.134
A0A842VHS5,0.134
A0A524F5R1,0.134
A0A135VBB6,0.134
A0A524LL97,0.134
A0A524DDX1,0.134
A0A524E4I0,0.134
A0A850MGP3,0.134
A0A850LSN3,0.134
A0A1Q9MRP5,0.134
A0A842TEE1,0.134
A0A850LZD1,0.134
A0A524DJI9,0.134
A0A497QRN9,0.134
A0A524CHR6,0.134
A0A524CEA0,0.134
A0A842U3V9,0.134
A0A850MP55,0.134
A0A497Q5R7,0.134
A0A497QG95,0.134
A0A850LW79,0.134
A0A523S4G5,0.134
A0A850MK16,0.134
A0A497R4Q7,0.134
A0A842S3A7,0.134
A0A850MSF9,0.134
A0A5B9D9Q7,0.134
A0A5C9ELB6,0.134
A0A842THA1,0.133
A0A842RPH6,0.133
A0A5C9EPZ9,0.133
A0A524DGS8,0.133
A0A842QDS3,0.133
A0A0F8VHM7,0.133
A0A524EHF1,0.133
A0A842YDA3,0.133
A0A524ERS1,0.133
A0A2U3CBI8,0.133
A0A523TAB6,0.133
A0A497PL73,0.133
A0A135VHI9,0.133
A0A850LPZ4,0.133
A0A5C9ENB7,0.133
A0A850MPC8,0.133
A0A524C3F1,0.133
A0A532TAL7,0.133
A0A842RH68,0.133
A0A497R2W5,0.133
A0A850MA66,0.133
A0A842RHW5,0.133
A0A524CYQ9,0.133
A0A524FW43,0.133
A0A524EK63,0.133
A0A842S2P6,0.133
A0A524C3A0,0.133
A0A3L6JMN4,0.133
A0A842S4M3,0.133
A0A3L6J9U5,0.133
A0A532TIM1,0.133
A0A497QP89,0.133
A0A524FD70,0.133
A0A5B9D7D2,0.133
A0A2U3CGU3,0.133
A0A842TMW2,0.133
A0A0F8V9E2,0.133
A0A842RXB2,0.133
A0A1Q9MUP8,0.133
A0A524C9A7,0.133
A0A497PU46,0.133
A0A1Q9P4G9,0.133
A0A524CYI5,0.133
A0A850LS85,0.133
A0A497QEP4,0.133
A0A524CZZ7,0.133
A0A3L6JRZ5,0.133
A0A7K4GVB4,0.133
A0A135VT82,0.133
A0A497PE88,0.133
A0A0F8VNW5,0.133
A0A5C9ECW2,0.133
A0A524CGL7,0.133
A0A1Q9NJS1,0.133
A0A497QAG4,0.133
A0A842YA99,0.133
A0A1Q9N0V1,0.133
A0A524DU84,0.133
A0A524CA06,0.133
A0A524CSP1,0.133
A0A3L6JSY8,0.133
A0A523RA76,0.133
A0A497PG01,0.133
A0A524C4J2,0.133
A0A5C9EXZ0,0.133
A0A1Q9N2M4,0.133
A0A524C798,0.133
A0A7K4IEP2,0.133
A0A532TQM6,0.133
A0A524D3B1,0.133
A0A842S9Z7,0.133
A0A842VN62,0.133
A0A842QCP2,0.133
A0A7K4HJ05,0.133
A0A497PU73,0.133
A0A842YEN1,0.133
A0A524EC83,0.133
A0A524E8W2,0.133
A0A850M4G3,0.133
A0A3L6JEN6,0.133
A0A524MDA7,0.133
A0A3L6JC49,0.133
A0A524EP12,0.133
A0A2U3CF59,0.133
A0A842QKQ1,0.133
A0A524CNI6,0.133
A0A2E9CE01,0.133
A0A524DVR1,0.133
A0A497QI57,0.133
A0A850LYL6,0.133
A0A524EM05,0.133
A0A524CJ67,0.133
A0A7K4H998,0.133
A0A842U9N7,0.133
A0A5C9EX93,0.133
A0A523X975,0.133
A0A523VYW3,0.133
A0A842TFN6,0.132
A0A1Q9PDU6,0.132
A0A5C9DU44,0.132
A0A842W543,0.132
A0A532TDS6,0.132
A0A524DPP9,0.132
A0A1Q9P972,0.132
A0A842RLH9,0.132
A0A524C2L2,0.132
A0A5C9E5Z3,0.132
A0A524LAK6,0.132
A0A524FR73,0.132
A0A1Q9NAW4,0.132
A0A497P883,0.132
A0A850MV72,0.132
A0A497QK50,0.132
A0A524EUC8,0.132
A0A524CPB8,0.132
A0A524DTD4,0.132
A0A524L7H0,0.132
A0A1Q9N8Q2,0.132
A0A1Q9N9A4,0.132
A0A842TEK2,0.132
A0A497R6A1,0.132
A0A5C9DY00,0.132
A0A1Q9MRM2,0.132
A0A497P9V3,0.132
A0A842QI89,0.132
A0A532TMH2,0.132
A0A497QP85,0.132
A0A524CB01,0.132
A0A524DJB5,0.132
A0A5C9DXD9,0.132
A0A524D144,0.132
A0A532TBS4,0.132
A0A524EH40,0.132
A0A497QPD8,0.132
A0A524EJS3,0.132
A0A850M2R0,0.132
A0A524FQI3,0.132
A0A532TRS8,0.132
A0A842VTF6,0.132
A0A524DB53,0.132
A0A524FAM4,0.132
A0A524EN04,0.132
A0A842RCD2,0.132
A0A524C252,0.132
A0A497QLQ5,0.132
A0A1Q9P2X9,0.132
A0A1Q9MW02,0.132
A0A3L6JC21,0.132
A0A842TEV9,0.132
A0A843C243,0.132
A0A524NUM9,0.132
A0A842X1F2,0.132
A0A524FMW2,0.132
A0A497QF21,0.132
A0A5C9E619,0.132
A0A524EGG3,0.132
A0A524FG83,0.132
A0A523XLW0,0.132
A0A1Q9NZW0,0.132
A0A524CWI9,0.132
A0A523RXI6,0.132
A0A1Q9NPM4,0.132
A0A842RPJ8,0.132
A0A7K4CTG3,0.132
A0A842T0A2,0.132
A0A1Q9MWF1,0.132
A0A135VGI0,0.132
A0A7K4HFM2,0.132
A0A1Q9NMP9,0.132
A0A497QXU5,0.132
A0A523VTC8,0.132
A0A523XEZ5,0.132
A0A1Q9MZK5,0.132
A0A524G159,0.132
A0A532TBP4,0.132
A0A842TJP8,0.132
A0A5C9EHT5,0.132
A0A850MWJ7,0.132
A0A842VDL5,0.132
A0A842RL04,0.132
A0A842YGN4,0.132
A0A524E5K2,0.132
A0A532T6E1,0.132
A0A497QNX1,0.132
A0A850LRQ5,0.132
A0A497QNY4,0.132
A0A524D3X0,0.132
A0A524FI35,0.132
A0A497PPV0,0.132
A0A497QWX8,0.132
A0A524C7E9,0.132
A0A524P4J6,0.132
A0A532TR27,0.132
A0A842RLR7,0.132
A0A7K4CS70,0.132
A0A842WRX0,0.132
A0A524ECQ3,0.132
A0A524D2U7,0.132
A0A523W2Q6,0.132
A0A3L6JDL3,0.132
A0A1Q9NDX6,0.132
A0A850M1M9,0.132
A0A7K4HG70,0.132
A0A842TP78,0.132
A0A842T7I5,0.132
A0A7K4ICV5,0.132
A0A523S4V4,0.132
A0A5C9EP28,0.132
A0A135VYL0,0.132
A0A5C9EPH5,0.131
A0A497QE74,0.131
A0A7K4CS67,0.131
A0A842VCV7,0.131
A0A524EC66,0.131
A0A5C9ETP7,0.131
A0A842REB4,0.131
A0A524EMG2,0.131
A0A497Q236,0.131
A0A524E4X7,0.131
A0A7K4IEX2,0.131
A0A135VPP0,0.131
A0A842TA93,0.131
A0A5C9E715,0.131
A0A1Q9N296,0.131
A0A532TQY9,0.131
A0A7K4D175,0.131
A0A1Q9P427,0.131
A0A3L6JI30,0.131
A0A524D477,0.131
A0A849QE15,0.131
A0A497QNG1,0.131
A0A524LAK1,0.131
A0A850MD97,0.131
A0A5B9D733,0.131
A0A1Q9NW65,0.131
A0A850M628,0.131
A0A1Q9MW23,0.131
A0A497PMT0,0.131
A0A842RC79,0.131
A0A850LZB5,0.131
A0A497PL09,0.131
A0A850LTM7,0.131
A0A0F8XMK4,0.131
A0A7K4GXV1,0.131
A0A842RL67,0.131
A0A5C9EFJ3,0.131
A0A497Q7A0,0.131
A0A1Q9PCR6,0.131
A0A3L6JDU0,0.131
A0A532TH52,0.131
A0A524G7N5,0.131
A0A842VPT1,0.131
A0A497PHS6,0.131
A0A7K4CMA0,0.131
A0A524CAR1,0.131
A0A842TB75,0.131
A0A5C9E491,0.131
A0A7K4HJF2,0.131
A0A850MRZ6,0.131
A0A524E2P7,0.131
A0A523RCH3,0.131
A0A842RHA1,0.131
A0A842QDW5,0.131
A0A842VD34,0.131
A0A135VUS6,0.131
A0A497PP51,0.131
A0A524CGH1,0.131
A0A7K4IDB3,0.131
A0A842TN63,0.131
A0A850MHC4,0.131
A0A532TQC3,0.131
A0A497QP66,0.131
A0A850MXA1,0.131
A0A524DTM0,0.131
A0A523TFM7,0.131
A0A842WP93,0.131
A0A497R365,0.131
A0A5C9EK10,0.131
A0A524DHL5,0.131
A0A524CK56,0.131
A0A842RTZ7,0.131
A0A135VD63,0.131
A0A850LQH6,0.131
A0A524E6Q1,0.131
A0A0F8VDY2,0.131
A0A497QA92,0.131
A0A497Q016,0.131
A0A850M7R7,0.131
A0A842WXI6,0.131
A0A5C9EJN8,0.131
A0A842YB79,0.131
A0A842VM34,0.131
A0A524CIU4,0.131
A0A1Q9MQP3,0.131
A0A524LAX9,0.131
A0A2U3CH91,0.131
A0A850LTV5,0.131
A0A523TE38,0.131
A0A7K4HHY9,0.131
A0A1Q9NPU7,0.131
A0A497R465,0.131
A0A1Q9MRG0,0.131
A0A524FAP3,0.131
A0A842QHK1,0.131
A0A842VT34,0.131
A0A524DD48,0.131
A0A524CXI6,0.131
A0A1Q9NSZ4,0.131
A0A7K4CRV8,0.131
A0A843BU45,0.131
A0A532TXW9,0.13
A0A135VXS4,0.13
A0A497PSD0,0.13
A0A7K4GS62,0.13
A0A842WTN4,0.13
A0A497QRW7,0.13
A0A842TPY3,0.13
A0A850LW22,0.13
A0A532TEA6,0.13
A0A7K4IG51,0.13
A0A524C8R6,0.13
A0A7K4CT69,0.13
A0A497PCA0,0.13
A0A5C9DY76,0.13
A0A524C8M4,0.13
A0A1Q9NNB0,0.13
A0A842TMI8,0.13
A0A524DXJ1,0.13
A0A524FAB8,0.13
A0A842T863,0.13
A0A850LY56,0.13
A0A7K4GNR1,0.13
A0A524ECV9,0.13
A0A5C9EYB4,0.13
A0A842U3V8,0.13
A0A842VSN6,0.13
A0A523RE45,0.13
A0A524E1A1,0.13
A0A524CS94,0.13
A0A532TQY3,0.13
A0A7K4H0F7,0.13
A0A7C0U8T0,0.13
A0A1Q9P716,0.13
A0A5C9EEY3,0.13
A0A524ENX8,0.13
A0A842VU89,0.13
A0A842TGH6,0.13
A0A5B9DA00,0.13
A0A497Q971,0.13
A0A524L9R5,0.13
A0A497PGH5,0.13
A0A850M0G7,0.13
A0A2U3CGQ5,0.13
A0A524DEI9,0.13
A0A842WUD5,0.13
A0A532T9S6,0.13
A0A3L6JA69,0.13
A0A135VHM9,0.13
A0A524D063,0.13
A0A497PGW7,0.13
A0A842YCX0,0.13
A0A842U140,0.13
A0A524DTV8,0.13
A0A523S224,0.13
A0A843BW97,0.13
A0A524CG10,0.13
A0A5C9E936,0.13
A0A7K4CVR8,0.13
A0A842VRG9,0.13
A0A135VND0,0.13
A0A1Q9NGX4,0.13
A0A3L6JGN4,0.13
A0A524DQD3,0.13
A0A3L6JAB0,0.13
A0A135VY56,0.13
A0A7K4CV28,0.13
A0A1Q9P309,0.13
A0A532TTD4,0.13
A0A7K4GWV7,0.13
A0A842U9D5,0.13
A0A524M7S0,0.13
A0A1Q9MYD4,0.13
A0A849QGM5,0.13
A0A850LSH7,0.13
A0A524CET9,0.13
A0A842WWT3,0.13
A0A524DRW1,0.13
A0A5B9DGR6,0.13
A0A1Q9NK75,0.13
A0A5C9EIS3,0.13
A0A524DEB7,0.13
A0A7K4H9Y9,0.13
A0A7K4II50,0.13
A0A842TLU1,0.13
A0A7K4H7G3,0.13
A0A843BZY3,0.13
A0A524FGU9,0.13
A0A7K4CUF5,0.13
A0A7K4H4D7,0.13
A0A842S5A1,0.13
A0A5B9DGL1,0.13
A0A524LLD1,0.13
A0A5B9D5V1,0.13
A0A7K4HHP4,0.13
A0A842REQ1,0.13
A0A5B9DEI7,0.13
A0A524CB21,0.13
A0A524C237,0.13
A0A523XBT4,0.13
A0A842VVG1,0.13
A0A524DZU3,0.13
A0A842S1Z0,0.13
A0A842VKB5,0.13
A0A842RD52,0.13
A0A523S0K7,0.13
A0A7K4GLX3,0.13
A0A524ERS6,0.13
A0A842TRC0,0.13
A0A7K4H459,0.13
A0A1Q9MQG7,0.13
A0A850LX58,0.13
A0A850LUK3,0.13
A0A497R9R5,0.13
A0A842YER5,0.13
A0A524LFY4,0.13
A0A524L512,0.13
A0A524NVT1,0.13
A0A842VLK9,0.13
A0A524C7Z4,0.13
A0A497PT26,0.13
A0A524DLL1,0.13
A0A532TM61,0.13
A0A5C9DYM6,0.13
A0A497PNP4,0.13
A0A524FLY2,0.129
A0A842YBA3,0.129
A0A842RVY0,0.129
A0A3L6JDS7,0.129
A0A842RKV4,0.129
A0A842QD23,0.129
A0A524CNU1,0.129
A0A850MQJ7,0.129
A0A524FPG3,0.129
A0A1Q9MZE9,0.129
A0A850MT61,0.129
A0A497Q2U5,0.129
A0A497PZ30,0.129
A0A524FXT4,0.129
A0A842QFB6,0.129
A0A5C9EIP8,0.129
A0A7K4IHJ1,0.129
A0A850MQJ3,0.129
A0A524CLG0,0.129
A0A842S3Q9,0.129
A0A524CLR3,0.129
A0A5C9E0G1,0.129
A0A842QD37,0.129
A0A524C416,0.129
A0A523R7H2,0.129
A0A5C9EQ99,0.129
A0A524DY33,0.129
A0A523TG57,0.129
A0A842VMZ1,0.129
A0A5C9EYS0,0.129
A0A497PE98,0.129
A0A842YCV8,0.129
A0A842YGF7,0.129
A0A5B9D6R3,0.129
A0A532TQ06,0.129
A0A7K4CPD5,0.129
A0A524E468,0.129
A0A1Q9PAQ2,0.129
A0A5C9DYD0,0.129
A0A523RGJ2,0.129
A0A523TLN3,0.129
A0A524EDP9,0.129
A0A523TJ30,0.129
A0A842VLV3,0.129
A0A850LVP1,0.129
A0A5C9EK82,0.129
A0A524CPJ2,0.129
A0A2U3CFM2,0.129
A0A7K4H987,0.129
A0A532TLR3,0.129
A0A842U2Q9,0.129
A0A842RJW4,0.129
A0A524L7U0,0.129
A0A842RYU5,0.129
A0A135VSV9,0.129
A0A843BV92,0.129
A0A135VIR4,0.129
A0A497PDC3,0.129
A0A0F8Y5T5,0.129
A0A524EMF9,0.129
A0A524FHZ2,0.129
A0A850M5C2,0.129
A0A497Q5Y0,0.129
A0A7K4HCX8,0.129
A0A842RZR6,0.129
A0A850LQ55,0.129
A0A7K4HGT5,0.129
A0A523XIM3,0.129
A0A0F8VKY6,0.129
A0A0F8W2K9,0.129
A0A7K4CVJ1,0.129
A0A850MSJ7,0.129
A0A5C9EJM5,0.129
A0A842QDY0,0.129
A0A523RHK8,0.129
A0A849QCR4,0.129
A0A842RRJ7,0.129
A0A524C1X8,0.129
A0A523RCT4,0.129
A0A135VBY8,0.129
A0A842TPL7,0.129
A0A842VVF9,0.129
A0A524DE15,0.129
A0A1Q9MWA8,0.129
A0A497R270,0.129
A0A842VZF7,0.129
A0A135VM31,0.129
A0A524C4V3,0.129
A0A524G4Z1,0.129
A0A523RAR4,0.129
A0A842S797,0.129
A0A524EJH9,0.129
A0A842RL14,0.128
A0A3L6JTW6,0.128
A0A7C0U8G1,0.128
A0A1Q9P0R1,0.128
A0A850LRV3,0.128
A0A524FM46,0.128
A0A5B9D8F0,0.128
A0A497R0U1,0.128
A0A842W357,0.128
A0A3L6J698,0.128
A0A524FDY7,0.128
A0A497QBN7,0.128
A0A524ECC1,0.128
A0A1Q9NE09,0.128
A0A5C9EAL1,0.128
A0A842TJG2,0.128
A0A524DGM7,0.128
A0A5B9DCF3,0.128
A0A497QNI6,0.128
A0A524M550,0.128
A0A5C9EDN1,0.128
A0A524FT85,0.128
A0A7K4CT44,0.128
A0A850LSL1,0.128
A0A497R7M8,0.128
A0A524L5M7,0.128
A0A1Q9MWF6,0.128
A0A497PTK5,0.128
A0A7K4H132,0.128
A0A524E206,0.128
A0A524C9M2,0.128
A0A850MT74,0.128
A0A524EDM4,0.128
A0A842R9J6,0.128
A0A7K4CYA8,0.128
A0A7K4GQ99,0.128
A0A524GBN6,0.128
A0A5C9EN26,0.128
A0A497QLA3,0.128
A0A524E9G1,0.128
A0A135VZ18,0.128
A0A842TNU5,0.128
A0A524CX01,0.128
A0A5B9D6E3,0.128
A0A5B9D7I4,0.128
A0A524D4B2,0.128
A0A524FHB1,0.128
A0A524FWT6,0.128
A0A1Q9NWQ5,0.128
A0A0F8YBN5,0.128
A0A135VWX9,0.128
A0A523W1X5,0.128
A0A0F8XWV2,0.128
A0A1Q9NV90,0.128
A0A524G7V2,0.128
A0A523S3T4,0.128
A0A2E9CFR5,0.128
A0A1Q9P525,0.128
A0A524F058,0.128
A0A5B9DEJ2,0.128
A0A135VAS3,0.128
A0A850LQY0,0.128
A0A7K4D0F5,0.128
A0A135VPA3,0.128
A0A497QDA3,0.128
A0A523TM12,0.128
A0A843BT21,0.128
A0A524CHB8,0.128
A0A532TBK3,0.128
A0A842TFE8,0.128
A0A497PFD0,0.128
A0A524G7H1,0.128
A0A524FGQ4,0.128
A0A523S7V0,0.128
A0A532TLQ9,0.128
A0A850M1L2,0.128
A0A524DE88,0.128
A0A842W0Y6,0.128
A0A524ESS9,0.128
A0A0F8XM50,0.128
A0A842R8G2,0.128
A0A842VLK6,0.128
A0A7C0U8R1,0.128
A0A1Q9PEX6,0.128
A0A524CLR2,0.128
A0A1Q9MUV1,0.128
A0A524EKU7,0.128
A0A523W4D3,0.128
A0A523RUE1,0.128
A0A524EA60,0.128
A0A523VN26,0.128
A0A524FBP1,0.128
A0A532TVE1,0.128
A0A842THE1,0.128
A0A524FV95,0.128
A0A135VKX2,0.128
A0A842VPF9,0.128
A0A7K4CZ37,0.128
A0A849QC63,0.128
A0A497Q0C5,0.128
A0A0F8Y6U8,0.128
A0A497QB36,0.128
A0A523VXG3,0.128
A0A524E7D5,0.127
A0A2E9CCQ7,0.127
A0A5C9EKF2,0.127
A0A842RY71,0.127
A0A524D1R9,0.127
A0A524NZ63,0.127
A0A1Q9PA61,0.127
A0A524F8U2,0.127
A0A5B9D751,0.127
A0A850LUK0,0.127
A0A497QC76,0.127
A0A843C5S6,0.127
A0A842W664,0.127
A0A842S9C6,0.127
A0A5B9D7S1,0.127
A0A524E1D7,0.127
A0A135VVX3,0.127
A0A5C9E3I5,0.127
A0A5B9DB95,0.127
A0A1Q9P735,0.127
A0A842W808,0.127
A0A1Q9NFU9,0.127
A0A3L6JC89,0.127
A0A135VGK5,0.127
A0A524EGM7,0.127
A0A497QT19,0.127
A0A524DMV0,0.127
A0A7K4CX56,0.127
A0A842TN25,0.127
A0A2U3CKN4,0.127
A0A532T7V0,0.127
A0A523RFZ6,0.127
A0A497QLZ5,0.127
A0A7K4GX39,0.127
A0A135VAU8,0.127
A0A497QTR1,0.127
A0A524G6P2,0.127
A0A524DUP1,0.127
A0A842RHW4,0.127
A0A524CV61,0.127
A0A1Q9NXG1,0.127
A0A842VUT1,0.127
A0A497QEU3,0.127
A0A843BQK6,0.127
A0A1Q9MXN0,0.127
A0A1Q9P4G8,0.127
A0A524C303,0.127
A0A524FPL1,0.127
A0A523XC40,0.127
A0A523VX10,0.127
A0A532T7S4,0.127
A0A524DTR4,0.127
A0A842WP72,0.127
A0A524DJ59,0.127
A0A850M5J5,0.127
A0A7K4GUS0,0.127
A0A850LXC6,0.127
A0A524DIS3,0.127
A0A850M234,0.127
A0A7K4H3Z2,0.127
A0A842T1I5,0.127
A0A850MEN8,0.127
A0A524D8R0,0.127
A0A532TEQ9,0.127
A0A135VRC4,0.127
A0A524E356,0.127
A0A842QHP7,0.127
A0A7K4CV14,0.127
A0A842QI09,0.127
A0A842VPP2,0.127
A0A524LDM9,0.127
A0A524DLN4,0.127
A0A1Q9N0I1,0.127
A0A524M0C7,0.127
A0A7K4HG28,0.127
A0A7K4HJE2,0.127
A0A0F8Y8T4,0.127
A0A523RCR4,0.127
A0A1Q9MYA2,0.127
A0A842RFB2,0.127
A0A497PLF9,0.127
A0A1Q9MW75,0.127
A0A5C9DUT1,0.127
A0A842WWE9,0.127
A0A850M8D5,0.127
A0A1Q9MUR7,0.127
A0A842QGG2,0.127
A0A497QK35,0.127
A0A523VWE1,0.127
A0A1Q9NEU0,0.127
A0A524F0C2,0.127
A0A532TMA7,0.127
A0A523X8M2,0.127
A0A850MAM9,0.127
A0A7K4IFD3,0.127
A0A7K4CR09,0.126
A0A842VWM9,0.126
A0A532TWQ9,0.126
A0A7K4D1K2,0.126
A0A5C9ELE1,0.126
A0A497PSB8,0.126
A0A524EXT2,0.126
A0A850LSF5,0.126
A0A497QEK9,0.126
A0A7K4CVD5,0.126
A0A842T646,0.126
A0A524D0B8,0.126
A0A532TQQ5,0.126
A0A842RGQ3,0.126
A0A842VR79,0.126
A0A497Q2L3,0.126
A0A0F8Y9W5,0.126
A0A497PTF1,0.126
A0A850LP51,0.126
A0A7K4GSV1,0.126
A0A5B9D9D3,0.126
A0A524EFM2,0.126
A0A842VBM4,0.126
A0A524FF13,0.126
A0A842T9P6,0.126
A0A1Q9N317,0.126
A0A842TNJ8,0.126
A0A523S1Z4,0.126
A0A842YCL1,0.126
A0A524EJV1,0.126
A0A523TJM4,0.126
A0A497PMV6,0.126
A0A5C9E454,0.126
A0A1Q9MR46,0.126
A0A5C9F3Q7,0.126
A0A497QV38,0.126
A0A135VU39,0.126
A0A842VWX6,0.126
A0A524EXJ6,0.126
A0A842R8H0,0.126
A0A524DTL8,0.126
A0A497PWZ4,0.126
A0A524D2G1,0.126
A0A842VYT8,0.126
A0A5C9EKH0,0.126
A0A5C9E5A3,0.126
A0A524EVC8,0.126
A0A842WLZ4,0.126
A0A497QFH8,0.126
A0A524DJ89,0.126
A0A135VIY0,0.126
A0A497Q3I2,0.126
A0A1Q9NC00,0.126
A0A2U3CBR5,0.126
A0A532TKM8,0.126
A0A523SAP9,0.126
A0A1Q9MX76,0.126
A0A497QB32,0.126
A0A0F8XGD7,0.126
A0A524E0J4,0.126
A0A524F526,0.126
A0A524G627,0.126
A0A524C9C9,0.126
A0A5C9EFZ8,0.126
A0A850MHG4,0.126
A0A1Q9NDI3,0.126
A0A842TPA2,0.126
A0A523S2Z1,0.126
A0A850LZ44,0.126
A0A497QPG6,0.126
A0A7K4IHR5,0.126
A0A497QAV5,0.126
A0A524CHE3,0.126
A0A497PEN7,0.126
A0A5C9EHU7,0.126
A0A524C8U0,0.126
A0A524FME1,0.126
A0A524G185,0.126
A0A842VKS3,0.126
A0A849QGI3,0.126
A0A1Q9P391,0.126
A0A842VEV1,0.126
A0A842RAF8,0.126
A0A842VYW1,0.126
A0A497Q074,0.126
A0A7K4IE35,0.126
A0A1Q9PDQ0,0.126
A0A524FF74,0.126
A0A3L6JT94,0.126
A0A524GBM6,0.126
A0A524CEZ3,0.126
A0A523TBX2,0.126
A0A523RBF9,0.126
A0A524F256,0.126
A0A524FDA2,0.126
A0A842VYK1,0.126
A0A497PTK8,0.126
A0A1Q9MZ53,0.126
A0A1Q9NS78,0.126
A0A497QFJ1,0.126
A0A1Q9P0S6,0.126
A0A524DCZ1,0.126
A0A524FQD8,0.126
A0A523RB27,0.126
A0A5C9E7G0,0.126
A0A5C9EDZ8,0.126
A0A850ME46,0.126
A0A497R449,0.126
A0A1Q9NWT6,0.126
A0A842VB80,0.126
A0A497PX01,0.126
A0A497PQN4,0.126
A0A3L6JKZ2,0.126
A0A523RFS6,0.126
A0A1Q9NAX5,0.126
A0A3L6JJY4,0.126
A0A497QLY1,0.126
A0A5C9EZV6,0.126
A0A5C9E297,0.125
A0A7K4HG33,0.125
A0A523W027,0.125
A0A135VXD7,0.125
A0A842QD40,0.125
A0A1Q9ND80,0.125
A0A524F784,0.125
A0A850M0H2,0.125
A0A524CG55,0.125
A0A5B9D9A4,0.125
A0A842R8V8,0.125
A0A7K4H677,0.125
A0A524LBV9,0.125
A0A842WQG9,0.125
A0A524FG13,0.125
A0A135VD58,0.125
A0A524E7T9,0.125
A0A850M4S5,0.125
A0A850M1T8,0.125
A0A842R9K1,0.125
A0A0F8V959,0.125
A0A524M3T1,0.125
A0A524G5Y5,0.125
A0A7K4HK21,0.125
A0A524M3A7,0.125
A0A135VPM2,0.125
A0A842RST1,0.125
A0A5B9DEJ5,0.125
A0A524EGH4,0.125
A0A1Q9MWR0,0.125
A0A524CHS6,0.125
A0A849Q6U8,0.125
A0A524CCM3,0.125
A0A523TRL7,0.125
A0A0F8W9F7,0.125
A0A850MT88,0.125
A0A0F8VIQ2,0.125
A0A0F8W9J9,0.125
A0A850LT90,0.125
A0A842WVP4,0.125
A0A842RWK6,0.125
A0A524CL59,0.125
A0A850MN11,0.125
A0A850MIC4,0.125
A0A1Q9N8N4,0.125
A0A0F8VKE3,0.125
A0A850MHD5,0.125
A0A3L6J8Y6,0.125
A0A524G0I9,0.125
A0A524F5S8,0.125
A0A524CA17,0.125
A0A523XHE3,0.125
A0A7K4IEQ3,0.125
A0A524M6L7,0.125
A0A524EJC5,0.125
A0A524CCT3,0.125
A0A497PFT8,0.125
A0A850MLA3,0.125
A0A135VBV3,0.125
A0A850LTG2,0.125
A0A523XJZ1,0.125
A0A524FLK4,0.125
A0A523XN40,0.125
A0A523RGY0,0.125
A0A842S9G7,0.125
A0A524DHN0,0.125
A0A135VC51,0.125
A0A524DVG4,0.125
A0A524MEM2,0.125
A0A850LWB9,0.125
A0A7K4H8R1,0.125
A0A1Q9P0J7,0.125
A0A524EBG1,0.125
A0A524DES5,0.125
A0A523TM92,0.125
A0A842W5A9,0.125
A0A524EG26,0.125
A0A7K4GU13,0.125
A0A849QKC8,0.125
A0A7K4CM95,0.125
A0A850M1D1,0.125
A0A524DKJ0,0.125
A0A497R826,0.125
A0A524DBX7,0.125
A0A842QAH9,0.125
A0A0F8VHU6,0.125
A0A1Q9N321,0.125
A0A1Q9MW77,0.125
A0A524DRS1,0.125
A0A0F8VMS1,0.125
A0A843BYP4,0.125
A0A842TFM6,0.125
A0A497Q502,0.125
A0A842VN82,0.125
A0A2E9CF07,0.125
A0A524CKP8,0.125
A0A523XJ40,0.125
A0A842W261,0.125
A0A523S7W1,0.125
A0A842RHR3,0.125
A0A5C9EEJ2,0.125
A0A524CMG8,0.125
A0A497PWY5,0.124
A0A532T903,0.124
A0A524LKD5,0.124
A0A850M0D5,0.124
A0A1Q9NAD9,0.124
A0A497QY07,0.124
A0A7K4CNF1,0.124
A0A497PJU8,0.124
A0A1Q9NHA6,0.124
A0A524FMU1,0.124
A0A524F1U2,0.124
A0A842VJN1,0.124
A0A1Q9MUU5,0.124
A0A5C9EI18,0.124
A0A850LRL2,0.124
A0A524C516,0.124
A0A850LQ17,0.124
A0A524D1Y9,0.124
A0A2U3CKQ6,0.124
A0A1Q9MQR6,0.124
A0A7K4IBA0,0.124
A0A1Q9NQM7,0.124
A0A7K4CQV5,0.124
A0A1Q9P1I6,0.124
A0A850MP17,0.124
A0A842VWD6,0.124
A0A842VIH0,0.124
A0A3L6J712,0.124
A0A7K4H9C0,0.124
A0A1Q9MRJ7,0.124
A0A1Q9NN77,0.124
A0A497PVE8,0.124
A0A0F8VMZ4,0.124
A0A524FAK8,0.124
A0A135VXF5,0.124
A0A497QH98,0.124
A0A842RFT7,0.124
A0A524DU05,0.124
A0A524FKP8,0.124
A0A524ETM8,0.124
A0A842WZJ7,0.124
A0A842W117,0.124
A0A135VB30,0.124
A0A524DCJ1,0.124
A0A524D8Y4,0.124
A0A524CAT0,0.124
A0A523S355,0.124
A0A497R4P7,0.124
A0A524FMI1,0.124
A0A135VRB1,0.124
A0A532TD11,0.124
A0A524D7D6,0.124
A0A524F5B6,0.124
A0A497PDX9,0.124
A0A1Q9NND2,0.124
A0A135VVA6,0.124
A0A1Q9MWZ3,0.124
A0A524FD30,0.124
A0A5C9EA11,0.124
A0A524M8F9,0.124
A0A842YG60,0.124
A0A497QNY5,0.124
A0A524E5Z0,0.124
A0A7C0U973,0.124
A0A497PTS0,0.124
A0A5C9E649,0.124
A0A7K4H6U7,0.124
A0A842U6K7,0.124
A0A524MEA3,0.124
A0A850MA80,0.124
A0A532TZB6,0.124
A0A524LD38,0.124
A0A5C9ECP3,0.124
A0A7K4CNJ6,0.124
A0A524C878,0.124
A0A1Q9NH70,0.124
A0A850MTD8,0.124
A0A842WVV0,0.124
A0A524LBX6,0.124
A0A842RFJ9,0.124
A0A523SDA2,0.124
A0A1Q9PF33,0.124
A0A523RDL7,0.124
A0A524C867,0.124
A0A497QGI4,0.124
A0A7K4CSY8,0.124
A0A7K4H1K1,0.124
A0A2U3CHI9,0.124
A0A497PV20,0.124
A0A842VKZ1,0.124
A0A842RRY0,0.124
A0A842X2W3,0.124
A0A5C9F4A3,0.124
A0A1Q9NLE9,0.124
A0A5B9DFN5,0.124
A0A497QQF7,0.124
A0A850M9V2,0.124
A0A850LW92,0.124
A0A0F8W2P0,0.124
A0A524LJK7,0.124
A0A5C9E7W7,0.124
A0A135VZU8,0.124
A0A1Q9PF84,0.124
A0A842VQN1,0.124
A0A842WJQ0,0.124
A0A1Q9NZ54,0.124
A0A524C5I5,0.123
A0A497QDD7,0.123
A0A842WP42,0.123
A0A842YG50,0.123
A0A497QEW8,0.123
A0A5C9DV53,0.123
A0A850MPG9,0.123
A0A135VK81,0.123
A0A843C129,0.123
A0A524C4Y0,0.123
A0A524F9V1,0.123
A0A842TF78,0.123
A0A849QC24,0.123
A0A842WUT7,0.123
A0A524FWL7,0.123
A0A524MG43,0.123
A0A1Q9PE91,0.123
A0A1Q9MSK5,0.123
A0A5C9ERB4,0.123
A0A5C9DX01,0.123
A0A850M4F6,0.123
A0A523R9F8,0.123
A0A5C9E5L0,0.123
A0A1Q9MXH5,0.123
A0A5B9D5F7,0.123
A0A842RBT9,0.123
A0A1Q9MQF4,0.123
A0A842RKV9,0.123
A0A842W003,0.123
A0A5C9DVW5,0.123
A0A523VUI7,0.123
A0A1Q9PFJ9,0.123
A0A524DXM0,0.123
A0A3L6JP81,0.123
A0A3L6JC66,0.123
A0A135VFW2,0.123
A0A850M3R9,0.123
A0A1Q9NXC0,0.123
A0A2E9CEU5,0.123
A0A3L6J8W8,0.123
A0A524E8H3,0.123
A0A842T5B4,0.123
A0A524EM95,0.123
A0A524ENA1,0.123
A0A850LZZ6,0.123
A0A7K4GRN0,0.123
A0A849Q814,0.123
A0A135VSZ1,0.123
A0A842VXL1,0.123
A0A524F416,0.123
A0A842YA74,0.123
A0A497PNC6,0.123
A0A842YFM2,0.123
A0A5C9EDN8,0.123
A0A524D6S7,0.123
A0A2U3CBC1,0.123
A0A1Q9PDR7,0.123
A0A1Q9NBM3,0.123
A0A524E9A9,0.123
A0A523R7J5,0.123
A0A843C6F7,0.123
A0A524F0Z2,0.123
A0A135VBR2,0.123
A0A524DCD2,0.123
A0A842VN34,0.123
A0A524G0F5,0.123
A0A842TE81,0.123
A0A7K4H0N1,0.123
A0A842S1P8,0.123
A0A524L8E9,0.123
A0A5B9D630,0.123
A0A1Q9MVV8,0.123
A0A1Q9P0E4,0.123
A0A524C6B3,0.123
A0A843BRK6,0.123
A0A1Q9NUU4,0.123
A0A842TGY9,0.123
A0A842X1E8,0.123
A0A524MDE3,0.123
A0A524FXW9,0.123
A0A523XDM1,0.123
A0A524E361,0.123
A0A842RUZ5,0.123
A0A497QQX4,0.123
A0A135VJG6,0.123
A0A842RDL9,0.123
A0A524MJY1,0.123
A0A850LWL9,0.123
A0A5C9EG04,0.123
A0A0F8VBA1,0.123
A0A5C9EBP7,0.123
A0A0F8VBL0,0.123
A0A524L798,0.123
A0A523RZ87,0.123
A0A5B9DEE5,0.123
A0A135VMT5,0.123
A0A524CYX7,0.123
A0A523RP68,0.123
A0A842RDL2,0.123
A0A524CEL9,0.123
A0A1Q9PB19,0.123
A0A842TTC6,0.123
A0A524FF78,0.123
A0A524F7D3,0.123
A0A842RIA7,0.123
A0A842YBV2,0.123
A0A524LLY0,0.123
A0A5C9ECI7,0.123
A0A497PDK3,0.123
A0A524CXD5,0.123
A0A7K4HI37,0.123
A0A524M601,0.123
A0A497QDQ8,0.123
A0A524FUC2,0.123
A0A524F7J6,0.123
A0A842VHT8,0.123
A0A849Q7P4,0.123
A0A497Q852,0.123
A0A524D9V7,0.123
A0A524E8K3,0.123
A0A497PZG6,0.123
A0A7K4H881,0.123
A0A497QFV9,0.123
A0A523VZX6,0.123
A0A524CQK6,0.123
A0A524E0G2,0.123
A0A524EL60,0.123
A0A135VXS2,0.123
A0A523X9Y1,0.123
A0A524FYZ0,0.123
A0A524EG69,0.123
A0A5B9DFE8,0.123
A0A842QAX7,0.123
A0A5C9E5H8,0.123
A0A1Q9P089,0.123
A0A532TFT2,0.122
A0A524DH58,0.122
A0A524F6B6,0.122
A0A523TGJ1,0.122
A0A497QAH2,0.122
A0A842T485,0.122
A0A842VXB0,0.122
A0A497QWD1,0.122
A0A842WVK6,0.122
A0A524DUS9,0.122
A0A3L6JJ57,0.122
A0A5C9EPK8,0.122
A0A497QXN3,0.122
A0A1Q9N045,0.122
A0A524FDL1,0.122
A0A523TC32,0.122
A0A532TLV5,0.122
A0A850LNS3,0.122
A0A7K4IGJ9,0.122
A0A524CLH2,0.122
A0A497R2Z4,0.122
A0A524FKF2,0.122
A0A842TA39,0.122
A0A842V9J1,0.122
A0A1Q9MQX4,0.122
A0A523RN51,0.122
A0A524G1V5,0.122
A0A135VLE8,0.122
A0A1Q9P1K8,0.122
A0A135VHQ7,0.122
A0A524CTS9,0.122
A0A842W157,0.122
A0A7K4H8S9,0.122
A0A1Q9NH85,0.122
A0A7K4H912,0.122
A0A524EV86,0.122
A0A524CCY6,0.122
A0A842YFT8,0.122
A0A842U342,0.122
A0A497PB42,0.122
A0A842TKT3,0.122
A0A497R3L2,0.122
A0A5C9EFK6,0.122
A0A842QC32,0.122
A0A5C9E809,0.122
A0A5C9EG52,0.122
A0A843BZI4,0.122
A0A497R1D4,0.122
A0A524P4P6,0.122
A0A524DPL7,0.122
A0A2U3CH67,0.122
A0A850MLX5,0.122
A0A842QBT1,0.122
A0A524EX02,0.122
A0A497PEA0,0.122
A0A1Q9NWA5,0.122
A0A524DGR9,0.122
A0A842TH27,0.122
A0A7K4IBU5,0.122
A0A524F8T0,0.122
A0A7K4H7I8,0.122
A0A524CB92,0.122
A0A524E9C4,0.122
A0A843BYL9,0.122
A0A850MEZ2,0.122
A0A1Q9MQA0,0.122
A0A850MJM3,0.122
A0A1Q9NUL9,0.122
A0A524DNB8,0.122
A0A523XFU0,0.122
A0A532TMI9,0.122
A0A5B9D8H0,0.122
A0A842WV22,0.122
A0A842RCS2,0.122
A0A5C9EI87,0.122
A0A497QP69,0.122
A0A497QCA6,0.122
A0A524DIM1,0.122
A0A842TC43,0.122
A0A7K4IGF8,0.122
A0A523S1X5,0.122
A0A5C9E0U6,0.122
A0A524MD71,0.122
A0A0F8VPJ6,0.122
A0A850M9D2,0.122
A0A497QR77,0.122
A0A842RIA6,0.122
A0A497PC15,0.122
A0A2E9CE82,0.122
A0A850M0Z9,0.122
A0A497Q9F3,0.122
A0A0F8VL38,0.122
A0A497QPZ5,0.122
A0A497QLC9,0.122
A0A0F8WAV7,0.122
A0A523X7X1,0.122
A0A524EG09,0.122
A0A7K4HGD5,0.122
A0A842TF32,0.122
A0A524NU96,0.122
A0A842QIB9,0.121
A0A523S4K8,0.121
A0A523W1J1,0.121
A0A842VR27,0.121
A0A1Q9N224,0.121
A0A7K4ICH2,0.121
A0A850LR71,0.121
A0A5C9EGB2,0.121
A0A532THT3,0.121
A0A524C7R0,0.121
A0A5C9E9I5,0.121
A0A5C9EYT3,0.121
A0A1Q9MVW9,0.121
A0A524EIT7,0.121
A0A849QEW7,0.121
A0A524ELB6,0.121
A0A850MPI2,0.121
A0A1Q9NIY6,0.121
A0A7K4HG19,0.121
A0A524ESS2,0.121
A0A7K4GW27,0.121
A0A7C0YG60,0.121
A0A524DKN8,0.121
A0A1Q9MWH9,0.121
A0A842VJ26,0.121
A0A842RIA3,0.121
A0A524F228,0.121
A0A1Q9NY04,0.121
A0A842QIR0,0.121
A0A842RUB5,0.121
A0A0F8WAX3,0.121
A0A842TFK6,0.121
A0A842WM70,0.121
A0A523TRK2,0.121
A0A524DGS2,0.121
A0A1Q9NDH8,0.121
A0A1Q9NJM4,0.121
A0A497R8A7,0.121
A0A135VTW6,0.121
A0A850LZR2,0.121
A0A497QZY4,0.121
A0A1Q9MTG1,0.121
A0A5C9DY18,0.121
A0A1Q9N0C6,0.121
A0A842S125,0.121
A0A5C9ESU7,0.121
A0A842WQY6,0.121
A0A524CJG2,0.121
A0A497QA21,0.121
A0A524DDL4,0.121
A0A1Q9N4N3,0.121
A0A5C9EYZ1,0.121
A0A0F8W2Q4,0.121
A0A7K4D102,0.121
A0A842VZX2,0.121
A0A523S537,0.121
A0A850LZU7,0.121
A0A1Q9P3P6,0.121
A0A524FS05,0.121
A0A842TCF4,0.121
A0A524CDD4,0.121
A0A842VI14,0.121
A0A497PZB2,0.121
A0A842TLR6,0.121
A0A1Q9MRN4,0.121
A0A524CHE9,0.121
A0A842RR16,0.121
A0A842SAK3,0.121
A0A7K4GXX8,0.121
A0A842VI41,0.121
A0A524EZG5,0.121
A0A524D3H9,0.121
A0A524CAN9,0.121
A0A524EHX5,0.121
A0A7K4HLC2,0.121
A0A1Q9NXX9,0.121
A0A1Q9P5F0,0.121
A0A3L6JFS5,0.121
A0A1Q9NSP3,0.121
A0A5B9D8W8,0.121
A0A497PGP1,0.121
A0A524M8E1,0.121
A0A524ECR6,0.121
A0A7K4GLW7,0.121
A0A5C9E0N1,0.121
A0A497Q4V2,0.121
A0A842WS68,0.121
A0A524E1G3,0.121
A0A524DBN0,0.121
A0A497R1G3,0.121
A0A7K4HJI7,0.121
A0A524CTB5,0.121
A0A850MM62,0.121
A0A7K4H7W9,0.121
A0A524CUQ6,0.121
A0A5C9ED15,0.121
A0A1Q9NF74,0.121
A0A842U949,0.121
A0A7K4CS46,0.121
A0A497R1V2,0.121
A0A5C9E5B5,0.121
A0A524C7I3,0.121
A0A5C9EI67,0.121
A0A5C9EG06,0.121
A0A2U3CC49,0.121
A0A523RQ91,0.121
A0A497PI07,0.121
A0A5C9E1P0,0.121
A0A7C0U9S5,0.121
A0A842VYC9,0.121
A0A7K4CRZ9,0.121
A0A532T6H1,0.121
A0A524DJ57,0.121
A0A524DHZ1,0.121
A0A532TGF9,0.121
A0A2E9CFH6,0.121
A0A532TKH3,0.121
A0A497R4K6,0.121
A0A524LKJ6,0.121
A0A524D3E4,0.121
A0A842RAC3,0.121
A0A842TV43,0.121
A0A0F8VKB0,0.121
A0A7K4IGH3,0.121
A0A842TAR8,0.12
A0A842RFW3,0.12
A0A524G3H3,0.12
A0A497QV50,0.12
A0A842RF84,0.12
A0A842VQX9,0.12
A0A843BZB9,0.12
A0A1Q9PAD6,0.12
A0A7K4GPA6,0.12
A0A524CEF3,0.12
A0A842QBV3,0.12
A0A842YCR4,0.12
A0A843BSX1,0.12
A0A7K4GRY9,0.12
A0A497PLM7,0.12
A0A2E9CG95,0.12
A0A524EYW9,0.12
A0A842VRW6,0.12
A0A5B9DEX9,0.12
A0A524CHM8,0.12
A0A532TMK4,0.12
A0A5C9EJX6,0.12
A0A5C9EMP7,0.12
A0A842VRX2,0.12
A0A7K4CN97,0.12
A0A842WT80,0.12
A0A524CDB7,0.12
A0A843BV45,0.12
A0A843C5A0,0.12
A0A135VP45,0.12
A0A1Q9P158,0.12
A0A524E6P5,0.12
A0A524FVY9,0.12
A0A497QUY5,0.12
A0A850MBP6,0.12
A0A532T978,0.12
A0A523RA70,0.12
A0A532TNF2,0.12
A0A850LYU0,0.12
A0A497PIC7,0.12
A0A524DC05,0.12
A0A523RIU9,0.12
A0A497QCD2,0.12
A0A5C9EPW6,0.12
A0A842R9U0,0.12
A0A497QFX4,0.12
A0A523RY08,0.12
A0A7K4GLL5,0.12
A0A524CHB1,0.12
A0A3L6JJJ0,0.12
A0A524DE26,0.12
A0A523RE04,0.12
A0A842VU33,0.12
A0A842U029,0.12
A0A497QPF9,0.12
A0A524ECI4,0.12
A0A524D2I6,0.12
A0A524F0Y2,0.12
A0A497Q4Z2,0.12
A0A524DP77,0.12
A0A1Q9P4H3,0.12
A0A0F8XPY7,0.12
A0A497PQM7,0.12
A0A524DLN2,0.12
A0A3L6JBM9,0.12
A0A524F374,0.12
A0A135VW75,0.12
A0A524CUG4,0.12
A0A850MDP4,0.12
A0A7K4CNZ9,0.12
A0A5B9DAD8,0.12
A0A842SZQ9,0.12
A0A524FHE4,0.12
A0A1Q9N2Q0,0.12
A0A523THJ5,0.12
A0A497PK71,0.12
A0A524LM34,0.12
A0A524CZ04,0.12
A0A524C2P0,0.12
A0A524EF25,0.12
A0A497PDE3,0.12
A0A842S029,0.12
A0A1Q9NRU8,0.12
A0A7K4HI80,0.12
A0A524FBT4,0.12
A0A842TJW0,0.12
A0A524C4E3,0.12
A0A497PR92,0.12
A0A524EPY6,0.12
A0A5C9DV83,0.12
A0A842RIL1,0.12
A0A1Q9P3U1,0.12
A0A849QEA8,0.12
A0A1Q9MWH1,0.12
A0A7K4HIA9,0.12
A0A5C9E152,0.12
A0A7K4CZR3,0.12
A0A850MGJ1,0.12
A0A7K4H8D2,0.12
A0A7K4IAF8,0.12
A0A7K4D1A0,0.12
A0A7K4H2Q9,0.12
A0A850LTQ9,0.12
A0A0F8V891,0.12
A0A524D1G9,0.12
A0A3L6JAZ0,0.12
A0A7K4H1L0,0.12
A0A497PZH5,0.12
A0A5C9EKQ2,0.12
A0A524NXZ0,0.12
A0A524MJ78,0.12
A0A524DVG5,0.12
A0A2U3CE32,0.12
A0A497QDH0,0.12
A0A842S225,0.12
A0A842VJE6,0.12
A0A1Q9NAY5,0.12
A0A497RC71,0.12
A0A842T7D6,0.12
A0A843BTK6,0.12
A0A842QGD7,0.12
A0A524DCC2,0.12
A0A523TFH0,0.12
A0A497QQF1,0.12
A0A524CLL6,0.119
A0A3L6JR94,0.119
A0A842S1R2,0.119
A0A842TGH5,0.119
A0A842WTA3,0.119
A0A5B9DA28,0.119
A0A849QFI0,0.119
A0A1Q9NMQ6,0.119
A0A3L6J809,0.119
A0A5C9EK32,0.119
A0A497QRG0,0.119
A0A7K4HB09,0.119
A0A524E7K1,0.119
A0A524E9M8,0.119
A0A7K4CV06,0.119
A0A523S247,0.119
A0A842S7A7,0.119
A0A2U3CJ21,0.119
A0A850LQ37,0.119
A0A497QGJ1,0.119
A0A850MJH0,0.119
A0A7K4CX46,0.119
A0A7K4HB72,0.119
A0A7K4H179,0.119
A0A497PNH4,0.119
A0A842T003,0.119
A0A532TTW9,0.119
A0A524CH48,0.119
A0A842QLP3,0.119
A0A850MQ85,0.119
A0A850M096,0.119
A0A7K4HJL1,0.119
A0A497Q538,0.119
A0A524FDU3,0.119
A0A524CME7,0.119
A0A524C8K5,0.119
A0A524D971,0.119
A0A842W186,0.119
A0A524D7V4,0.119
A0A497PKD3,0.119
A0A524CTV0,0.119
A0A1Q9NMY8,0.119
A0A524F1D8,0.119
A0A850LYM7,0.119
A0A842S9A2,0.119
A0A524NT84,0.119
A0A5C9E6A4,0.119
A0A135VES0,0.119
A0A135VBI5,0.119
A0A524DAP5,0.119
A0A497QH06,0.119
A0A524FU84,0.119
A0A7K4CUF2,0.119
A0A523TIZ4,0.119
A0A842VQ57,0.119
A0A5C9E6Q9,0.119
A0A497PKU8,0.119
A0A523RF32,0.119
A0A0F8VII3,0.119
A0A1Q9NZY7,0.119
A0A524FKB1,0.119
A0A842VWW6,0.119
A0A850M8L3,0.119
A0A842YG05,0.119
A0A497QKY0,0.119
A0A524EL90,0.119
A0A5C9EQY0,0.119
A0A524C4C9,0.119
A0A524E1L1,0.119
A0A523RHX9,0.119
A0A842RSS7,0.119
A0A524CGQ8,0.119
A0A842R9V1,0.119
A0A5B9DBB3,0.119
A0A1Q9N3A1,0.119
A0A1Q9MV06,0.119
A0A524M8V0,0.119
A0A524EBL8,0.119
A0A7K4GQK1,0.119
A0A497PLK3,0.119
A0A524FDP1,0.119
A0A524EKU4,0.119
A0A1Q9NJZ5,0.119
A0A524CBN4,0.119
A0A135VVN1,0.119
A0A842VC55,0.119
A0A524CCN9,0.119
A0A842T5T5,0.119
A0A842VPG4,0.119
A0A842RAV3,0.119
A0A0F8VCP9,0.119
A0A497PLF3,0.119
A0A842QJT1,0.119
A0A7K4CN83,0.119
A0A7K4CXP6,0.119
A0A524EVI6,0.119
A0A842S6L7,0.119
A0A850MIW3,0.119
A0A523X4K8,0.119
A0A524D963,0.119
A0A3L6J780,0.119
A0A7K4CWQ7,0.119
A0A5C9E2P0,0.119
A0A7K4CVF8,0.119
A0A1Q9N3P4,0.119
A0A524E394,0.119
A0A7K4H7K3,0.119
A0A3L6JMM6,0.119
A0A850LVV5,0.119
A0A842VVD5,0.119
A0A7K4H749,0.119
A0A5C9ESQ4,0.119
A0A1Q9NP10,0.119
A0A1Q9NQR5,0.119
A0A523VYH8,0.119
A0A842TW74,0.119
A0A7K4GKJ9,0.118
A0A1Q9N005,0.118
A0A523R992,0.118
A0A842RAU3,0.118
A0A524CAW0,0.118
A0A524FRW2,0.118
A0A524FPL9,0.118
A0A842S5Q9,0.118
A0A524EMX3,0.118
A0A497QP28,0.118
A0A842RGB6,0.118
A0A5C9DUD8,0.118
A0A850LY45,0.118
A0A5C9EGR5,0.118
A0A3L6JAN6,0.118
A0A1Q9NPK0,0.118
A0A135VJP7,0.118
A0A0F8VNZ5,0.118
A0A524ED36,0.118
A0A0F8XM02,0.118
A0A0F8Y1S3,0.118
A0A524DM29,0.118
A0A5B9DC78,0.118
A0A842TQW1,0.118
A0A850M6A2,0.118
A0A850LXZ7,0.118
A0A7K4IIA5,0.118
A0A1Q9MQZ0,0.118
A0A849Q569,0.118
A0A5C9EYV9,0.118
A0A0F8W714,0.118
A0A1Q9NPR7,0.118
A0A497QBX3,0.118
A0A524FDB7,0.118
A0A1Q9NXZ4,0.118
A0A497PR01,0.118
A0A842QJ53,0.118
A0A524FRB9,0.118
A0A842SZ30,0.118
A0A524ER16,0.118
A0A523SC99,0.118
A0A523VYG3,0.118
A0A3L6JR32,0.118
A0A0F8VE60,0.118
A0A523X4M8,0.118
A0A842TFP5,0.118
A0A1Q9PC53,0.118
A0A1Q9N2M1,0.118
A0A7C0YFB9,0.118
A0A2U3CJ48,0.118
A0A842VS57,0.118
A0A7K4CWN0,0.118
A0A1Q9MW71,0.118
A0A842WSM2,0.118
A0A842WWP1,0.118
A0A524CG22,0.118
A0A524CHU2,0.118
A0A524ECH4,0.118
A0A524CF54,0.118
A0A5B9D9D6,0.118
A0A523X9G0,0.118
A0A2E9CCT3,0.118
A0A1Q9NYT0,0.118
A0A497QGW7,0.118
A0A524C5A7,0.118
A0A497QLJ1,0.118
A0A5C9EYJ3,0.118
A0A850LXN1,0.118
A0A5B9DD69,0.118
A0A524G351,0.118
A0A524CZR2,0.118
A0A7K4H409,0.118
A0A524FZB6,0.118
A0A497QGH4,0.118
A0A842RQF0,0.118
A0A524EFS4,0.118
A0A842WU65,0.118
A0A1Q9P2D0,0.118
A0A850MDI1,0.118
A0A842WTA7,0.118
A0A3L6JDY1,0.118
A0A7K4H4N6,0.118
A0A524GAL6,0.118
A0A2U3CC55,0.118
A0A524LCX8,0.118
A0A2U3CGV4,0.118
A0A3L6JA71,0.118
A0A842RH81,0.118
A0A1Q9NHR5,0.118
A0A524F0J3,0.118
A0A524DYL3,0.118
A0A5B9D8Z0,0.118
A0A524FQ47,0.118
A0A3L6JN02,0.118
A0A524CGT1,0.118
A0A524FGG4,0.118
A0A497PLZ9,0.118
A0A842VQL0,0.118
A0A497QAU0,0.118
A0A842TK32,0.118
A0A524FC75,0.118
A0A524EDI3,0.118
A0A1Q9MQK7,0.118
A0A842RCQ6,0.118
A0A842TNV3,0.118
A0A842WSR1,0.118
A0A842U2I9,0.118
A0A842X0I4,0.118
A0A850LXW4,0.118
A0A524FEC7,0.118
A0A850MHF1,0.118
A0A850M0A2,0.118
A0A524EII0,0.118
A0A842TB21,0.118
A0A842VJR1,0.118
A0A135VGW7,0.118
A0A850LRA2,0.118
A0A497Q3S9,0.118
A0A5C9EGZ5,0.118
A0A843BS73,0.118
A0A524GAX7,0.118
A0A497PMW4,0.118
A0A524FZL6,0.118
A0A135VBC5,0.118
A0A1Q9P4S3,0.118
A0A1Q9MYG3,0.118
A0A524D8F2,0.118
A0A842RK37,0.118
A0A523RBZ2,0.118
A0A1Q9NJ22,0.118
A0A3L6JDJ3,0.118
A0A523RHK9,0.118
A0A842RNT6,0.117
A0A524EQG3,0.117
A0A0F8XFS7,0.117
A0A5C9EUR3,0.117
A0A524C264,0.117
A0A0F8XDW0,0.117
A0A850MSJ4,0.117
A0A842RAP5,0.117
A0A842QHA2,0.117
A0A524EU99,0.117
A0A524EZC0,0.117
A0A1Q9MWW8,0.117
A0A524CU65,0.117
A0A1Q9NHU5,0.117
A0A0F8VCK3,0.117
A0A1Q9NNP0,0.117
A0A524EJX4,0.117
A0A524D248,0.117
A0A524E6D1,0.117
A0A850MBU3,0.117
A0A497PE77,0.117
A0A842WYW0,0.117
A0A524CSL4,0.117
A0A497Q9G5,0.117
A0A5C9EY19,0.117
A0A497Q170,0.117
A0A3L6JKW9,0.117
A0A842TFH4,0.117
A0A5C9DWD9,0.117
A0A842YCG0,0.117
A0A497PZ24,0.117
A0A843C792,0.117
A0A842TCB0,0.117
A0A7K4CX62,0.117
A0A524F7D9,0.117
A0A497PKE2,0.117
A0A842QG19,0.117
A0A524NXM5,0.117
A0A524FCJ8,0.117
A0A842T0K0,0.117
A0A523W2X6,0.117
A0A5B9DF82,0.117
A0A3L6JAH8,0.117
A0A524DKR2,0.117
A0A850LWD5,0.117
A0A5B9DEN4,0.117
A0A524G2J8,0.117
A0A497PQA2,0.117
A0A532TRQ1,0.117
A0A842VEC9,0.117
A0A497Q179,0.117
A0A523RNH8,0.117
A0A842RB37,0.117
A0A524FSQ8,0.117
A0A524FX80,0.117
A0A497R5Q5,0.117
A0A135VU05,0.117
A0A7K4CTH6,0.117
A0A5C9EL83,0.117
A0A524DVE6,0.117
A0A5C9F1Y7,0.117
A0A497QNS2,0.117
A0A5B9DGZ4,0.117
A0A1Q9P7A2,0.117
A0A850MNU5,0.117
A0A7K4H671,0.117
A0A524ELA2,0.117
A0A524DW98,0.117
A0A842RG97,0.117
A0A524EPJ3,0.117
A0A7K4HK83,0.117
A0A524EK40,0.117
A0A1Q9MUC0,0.117
A0A842VYY4,0.117
A0A842RGI5,0.117
A0A5B9D7E5,0.117
A0A524DR19,0.117
A0A1Q9NR17,0.117
A0A524LQS1,0.117
A0A842TGM0,0.117
A0A2U3CEI2,0.117
A0A524CFJ4,0.117
A0A842U4X5,0.117
A0A524EKW6,0.117
A0A524F6P1,0.117
A0A523W2E4,0.117
A0A497QWS2,0.117
A0A842TGL6,0.117
A0A524CSZ6,0.117
A0A532TLU5,0.117
A0A843BNX5,0.117
A0A842QHV8,0.117
A0A5C9EE76,0.117
A0A842YBH3,0.117
A0A5B9DB81,0.117
A0A497QJT9,0.117
A0A3L6JCF1,0.117
A0A524EV35,0.117
A0A135VYR8,0.117
A0A532TC47,0.117
A0A7K4IE75,0.117
A0A7K4IBI4,0.117
A0A497PQT2,0.117
A0A7K4H283,0.117
A0A1Q9P855,0.117
A0A842U4Y2,0.117
A0A1Q9NUS0,0.117
A0A524FR29,0.117
A0A7K4CTK7,0.117
A0A0F8Y151,0.117
A0A524FUN3,0.117
A0A7K4GYX0,0.117
A0A532TQ10,0.117
A0A5C9EVE3,0.116
A0A524CIV7,0.116
A0A0F8VEN3,0.116
A0A524M250,0.116
A0A524G8R9,0.116
A0A842RNB2,0.116
A0A5B9DC21,0.116
A0A1Q9MV56,0.116
A0A524DI99,0.116
A0A842S6K6,0.116
A0A7K4H8K2,0.116
A0A5C9EEL3,0.116
A0A524CFV9,0.116
A0A7K4H3L2,0.116
A0A524F6U0,0.116
A0A524FM93,0.116
A0A2U3CDX4,0.116
A0A524F8E8,0.116
A0A523RT35,0.116
A0A842QGY8,0.116
A0A7K4HFI5,0.116
A0A5C9EBX3,0.116
A0A1Q9NHN1,0.116
A0A524CWU5,0.116
A0A524FCS2,0.116
A0A1Q9N0X8,0.116
A0A2U3CFT2,0.116
A0A523TCT3,0.116
A0A524D8V9,0.116
A0A524F175,0.116
A0A1Q9P1I8,0.116
A0A7K4GP67,0.116
A0A3L6JAU7,0.116
A0A1Q9PD28,0.116
A0A3L6JGP1,0.116
A0A524LIA7,0.116
A0A842WW57,0.116
A0A524DW82,0.116
A0A842RK57,0.116
A0A7K4HAJ2,0.116
A0A524CT09,0.116
A0A1Q9NUM9,0.116
A0A842RKW8,0.116
A0A5C9E7W2,0.116
A0A524E8C0,0.116
A0A850LQA9,0.116
A0A523W1E0,0.116
A0A3L6J6U0,0.116
A0A524EUB1,0.116
A0A523X913,0.116
A0A524D8G5,0.116
A0A524F0E7,0.116
A0A850MFH0,0.116
A0A842RDY8,0.116
A0A850LNY7,0.116
A0A7K4H8N7,0.116
A0A1Q9ND91,0.116
A0A523RX52,0.116
A0A1Q9N268,0.116
A0A5C9DV81,0.116
A0A5C9EZ17,0.116
A0A523X7M5,0.116
A0A842YCW9,0.116
A0A0F8WBF3,0.116
A0A524CLM9,0.116
A0A2U3CK27,0.116
A0A497QQY9,0.116
A0A5C9EAL7,0.116
A0A1Q9N1D0,0.116
A0A524DL64,0.116
A0A842V9Q5,0.116
A0A7K4IH65,0.116
A0A7K4GK72,0.116
A0A497Q257,0.116
A0A524F1C0,0.116
A0A524FDT8,0.116
A0A524F1X6,0.116
A0A524CYJ1,0.116
A0A842VZJ2,0.116
A0A135VCS6,0.116
A0A524G1S0,0.116
A0A497R2Q9,0.116
A0A532TY70,0.116
A0A524EEH8,0.116
A0A523TL36,0.116
A0A135VSL1,0.116
A0A850MSC2,0.116
A0A842VRB5,0.116
A0A5C9EBD7,0.116
A0A497Q5J2,0.116
A0A1Q9MUP3,0.116
A0A523TI60,0.116
A0A524DEX3,0.116
A0A497PUK6,0.116
A0A850MAW0,0.116
A0A497QD45,0.116
A0A497P8U7,0.116
A0A850MT83,0.116
A0A135VS75,0.116
A0A7K4HG29,0.116
A0A7K4GX30,0.116
A0A1Q9PA02,0.116
A0A524FG08,0.116
A0A524DE89,0.116
A0A524CBV5,0.116
A0A2E9CFR1,0.116
A0A7K4H5W6,0.116
A0A532TR81,0.116
A0A3L6JIB0,0.116
A0A497QMK8,0.116
A0A524FGI8,0.116
A0A850LQF4,0.116
A0A5B9DFD2,0.116
A0A523TFC0,0.116
A0A524ECR0,0.116
A0A850M563,0.116
A0A135VYR7,0.116
A0A524DCR0,0.116
A0A524FN50,0.116
A0A842T0M8,0.116
A0A524FBV1,0.116
A0A524ECI1,0.116
A0A842RPA0,0.115
A0A523VV27,0.115
A0A850MT67,0.115
A0A1Q9N1Q6,0.115
A0A497Q9Z4,0.115
A0A524G6A9,0.115
A0A524EML5,0.115
A0A842RDJ9,0.115
A0A842W175,0.115
A0A5C9ENL3,0.115
A0A524FY04,0.115
A0A532TN92,0.115
A0A532TPF9,0.115
A0A0F8WC79,0.115
A0A842W1H2,0.115
A0A524C5K6,0.115
A0A850LZJ0,0.115
A0A1Q9MXA2,0.115
A0A524LL04,0.115
A0A497Q8X6,0.115
A0A524CZP5,0.115
A0A0F8WB47,0.115
A0A524FMN1,0.115
A0A524EXC5,0.115
A0A1Q9P8N9,0.115
A0A497R8P9,0.115
A0A5C9EC95,0.115
A0A2U3CG24,0.115
A0A7K4CMA6,0.115
A0A524MJR7,0.115
A0A2U3CIX0,0.115
A0A524F329,0.115
A0A524GB49,0.115
A0A1Q9P057,0.115
A0A1Q9NBS9,0.115
A0A850LR34,0.115
A0A842TZZ7,0.115
A0A523VWL9,0.115
A0A524D977,0.115
A0A5C9E0F5,0.115
A0A2U3CGS4,0.115
A0A497QET5,0.115
A0A524CRK2,0.115
A0A524DMZ3,0.115
A0A842VXY0,0.115
A0A524DJ71,0.115
A0A842TDD0,0.115
A0A497QNZ5,0.115
A0A497QAE4,0.115
A0A524DPR1,0.115
A0A842VQ94,0.115
A0A524C5C2,0.115
A0A842RGF3,0.115
A0A497QUA4,0.115
A0A842VVU4,0.115
A0A842TKH9,0.115
A0A524EAC0,0.115
A0A842RFQ8,0.115
A0A850LXU7,0.115
A0A1Q9P0R0,0.115
A0A524CGL4,0.115
A0A0F8XS62,0.115
A0A497P9I5,0.115
A0A842WW38,0.115
A0A7K4CV55,0.115
A0A3L6JD74,0.115
A0A842QEI5,0.115
A0A842TF47,0.115
A0A497R5R2,0.115
A0A1Q9P4Q0,0.115
A0A1Q9PDK4,0.115
A0A524D4N4,0.115
A0A1Q9PDK7,0.115
A0A497R9K4,0.115
A0A524C262,0.115
A0A842WUT4,0.115
A0A524F1J5,0.115
A0A497QVZ1,0.115
A0A497PHN6,0.115
A0A524DXU1,0.115
A0A842TWK1,0.115
A0A842WQE4,0.115
A0A524CYT2,0.115
A0A524DC25,0.115
A0A850LUB2,0.115
A0A524D3Z8,0.115
A0A524D0Y7,0.115
A0A7K4H3M1,0.115
A0A842TD11,0.115
A0A524NSJ6,0.115
A0A524DW55,0.115
A0A524D4Z4,0.115
A0A135VKK5,0.115
A0A532THX5,0.115
A0A523VML1,0.115
A0A532TPV0,0.115
A0A843BYX5,0.115
A0A524FJP7,0.115
A0A135VSH5,0.115
A0A7K4IFF3,0.115
A0A524CV92,0.115
A0A1Q9NR02,0.115
A0A1Q9NZL3,0.115
A0A1Q9N1Z4,0.115
A0A524CQ48,0.115
A0A1Q9NRJ0,0.115
A0A497QC82,0.115
A0A842YFG0,0.115
A0A523RD69,0.115
A0A842RW62,0.115
A0A135VVT1,0.115
A0A524DG00,0.115
A0A524G392,0.115
A0A2U3CKW4,0.115
A0A850LR02,0.115
A0A3L6JI17,0.115
A0A524C7I2,0.115
A0A1Q9NTS0,0.115
A0A0F8Y1S8,0.115
A0A7K4HKY6,0.115
A0A842TS79,0.115
A0A524CI04,0.115
A0A524FPL2,0.115
A0A135VNT8,0.115
A0A523TRW5,0.115
A0A524CZA1,0.115
A0A524P0H6,0.115
A0A524DRR1,0.115
A0A524CB13,0.115
A0A524ET60,0.115
A0A842R9D4,0.115
A0A524DBU8,0.115
A0A3L6JLI0,0.115
A0A524MK52,0.115
A0A524E771,0.115
A0A842T8N4,0.115
A0A523RED8,0.115
A0A524M5A4,0.115
A0A524C3F2,0.115
A0A842WJK5,0.115
A0A497R466,0.115
A0A524E1K6,0.115
A0A497QU50,0.115
A0A842S269,0.115
A0A850LRJ7,0.115
A0A3L6J8I3,0.115
A0A7K4IHG9,0.114
A0A0F8YDZ0,0.114
A0A5C9E7E6,0.114
A0A5C9EB82,0.114
A0A2U3CD97,0.114
A0A842VKJ3,0.114
A0A524FWZ4,0.114
A0A7K4CQX1,0.114
A0A842U7Y0,0.114
A0A523RTE5,0.114
A0A842RFV3,0.114
A0A523XFN2,0.114
A0A524M0S7,0.114
A0A842Q9X5,0.114
A0A524C925,0.114
A0A5C9DY44,0.114
A0A842X2J6,0.114
A0A842QJP5,0.114
A0A524D7V2,0.114
A0A135VMK6,0.114
A0A523TJK7,0.114
A0A842TAQ6,0.114
A0A5C9EYV8,0.114
A0A842TN27,0.114
A0A524CGI5,0.114
A0A524CKU4,0.114
A0A135VYD3,0.114
A0A524E0M0,0.114
A0A497PQX6,0.114
A0A842W503,0.114
A0A524F7G8,0.114
A0A2E9CFU9,0.114
A0A5C9EH95,0.114
A0A7K4CTU2,0.114
A0A5C9E1H8,0.114
A0A523VP63,0.114
A0A842W422,0.114
A0A5B9DB32,0.114
A0A1Q9P7N5,0.114
A0A5C9EX42,0.114
A0A0F8W2H9,0.114
A0A842VDD6,0.114
A0A523TDZ1,0.114
A0A7K4IHH7,0.114
A0A3L6J9S3,0.114
A0A7K4CTA2,0.114
A0A524DRP8,0.114
A0A843C702,0.114
A0A850LWN1,0.114
A0A1Q9N3B8,0.114
A0A524CW57,0.114
A0A850M0N8,0.114
A0A524EMI4,0.114
A0A7C0YAR1,0.114
A0A524DLH7,0.114
A0A524LE56,0.114
A0A524ESZ2,0.114
A0A842VYB5,0.114
A0A3L6JPJ1,0.114
A0A532T9K5,0.114
A0A5C9EZ93,0.114
A0A0F8VLN3,0.114
A0A135VM68,0.114
A0A5B9DAM0,0.114
A0A524F808,0.114
A0A850LQZ9,0.114
A0A524CBH2,0.114
A0A524CHL4,0.114
A0A524E2A3,0.114
A0A524LSK7,0.114
A0A7K4GVZ7,0.114
A0A842TKJ0,0.114
A0A3L6J7R3,0.114
A0A7K4HG45,0.114
A0A135VJY5,0.114
A0A497Q198,0.114
A0A524CX69,0.114
A0A524DZK3,0.114
A0A843BYN1,0.114
A0A850M8K0,0.114
A0A523RQ11,0.114
A0A842VXU5,0.114
A0A5C9EYW7,0.114
A0A524DCG0,0.114
A0A524EZ32,0.114
A0A497QFL6,0.114
A0A497PIY4,0.114
A0A524C9H4,0.114
A0A7K4CN04,0.114
A0A497PWY3,0.114
A0A5C9E0U0,0.114
A0A1Q9MXY4,0.114
A0A842U8B0,0.114
A0A7K4HCF0,0.114
A0A842T3K7,0.114
A0A850LXD3,0.114
A0A7K4H111,0.114
A0A842TLA3,0.114
A0A497Q641,0.114
A0A0F8XWY9,0.114
A0A5C9ECL9,0.114
A0A0F8Y5M9,0.114
A0A3L6J764,0.114
A0A842TJH4,0.114
A0A524CNF2,0.114
A0A7K4H6W5,0.114
A0A524LZA2,0.114
A0A842W371,0.114
A0A7K4CQ71,0.114
A0A850M5B9,0.114
A0A842U0H5,0.114
A0A524E0M6,0.114
A0A7K4IG13,0.114
A0A2U3CCX3,0.114
A0A1Q9N9U3,0.114
A0A842TK17,0.114
A0A532TF06,0.114
A0A497QIJ3,0.114
A0A524F8L0,0.114
A0A7C0U943,0.114
A0A842V944,0.114
A0A524MCT1,0.114
A0A7K4GYN8,0.114
A0A497Q5Q8,0.114
A0A7K4HAN8,0.114
A0A523XEX9,0.114
A0A842W0F6,0.114
A0A497R1Y6,0.114
A0A1Q9NVF9,0.114
A0A842REX7,0.114
A0A524C1T2,0.114
A0A842TLB9,0.114
A0A497QJU5,0.114
A0A5C9EA61,0.114
A0A7K4CSY0,0.114
A0A1Q9MVQ3,0.114
A0A7K4IG02,0.114
A0A842TA49,0.114
A0A2U3CDF1,0.114
A0A524EL22,0.114
A0A524CAL9,0.114
A0A524F6X2,0.114
A0A5B9D5H3,0.114
A0A842RE54,0.114
A0A7K4H6H1,0.114
A0A497PAA9,0.114
A0A135VY22,0.114
A0A7K4D122,0.113
A0A842WYZ1,0.113
A0A497QGW4,0.113
A0A7K4GY27,0.113
A0A524E5V2,0.113
A0A497QMZ3,0.113
A0A842VQH8,0.113
A0A1Q9N046,0.113
A0A497PY19,0.113
A0A7K4CZ96,0.113
A0A524M6Q9,0.113
A0A1Q9NKH7,0.113
A0A524DXD1,0.113
A0A524FTM2,0.113
A0A1Q9NDA7,0.113
A0A0F8YBL9,0.113
A0A842T345,0.113
A0A1Q9N2C0,0.113
A0A524FKW9,0.113
A0A842SWT4,0.113
A0A7K4CRW6,0.113
A0A7K4CRZ0,0.113
A0A497R7C0,0.113
A0A1Q9PD87,0.113
A0A497QJ55,0.113
A0A842VLZ6,0.113
A0A524CM28,0.113
A0A524C3D1,0.113
A0A524NUA1,0.113
A0A7K4GRG1,0.113
A0A497R8K2,0.113
A0A850LT77,0.113
A0A1Q9MSG8,0.113
A0A524LF69,0.113
A0A1Q9NRS3,0.113
A0A1Q9ND95,0.113
A0A842QFT5,0.113
A0A523SAP3,0.113
A0A842WWR4,0.113
A0A842QHA5,0.113
A0A524EDZ8,0.113
A0A3L6JE14,0.113
A0A2U3CFB4,0.113
A0A524CSA2,0.113
A0A842VUR0,0.113
A0A1Q9PDX8,0.113
A0A1Q9NRK9,0.113
A0A842QHW8,0.113
A0A850LRI2,0.113
A0A850MDK7,0.113
A0A1Q9MYZ9,0.113
A0A524CZE1,0.113
A0A524CME9,0.113
A0A850LPG4,0.113
A0A1Q9PBL8,0.113
A0A524EUK9,0.113
A0A497R9H5,0.113
A0A524FCF2,0.113
A0A524FL74,0.113
A0A842TCE9,0.113
A0A2U3CCW6,0.113
A0A1Q9MZV0,0.113
A0A497PI48,0.113
A0A524MFV1,0.113
A0A135VZJ1,0.113
A0A524E189,0.113
A0A524DVW4,0.113
A0A524CKY5,0.113
A0A5C9DZG2,0.113
A0A524ETX2,0.113
A0A2U3CDI4,0.113
A0A2U3CFJ4,0.113
A0A842T7I0,0.113
A0A532TC77,0.113
A0A842U8A3,0.113
A0A7K4CNM4,0.113
A0A850MID6,0.113
A0A524F1A1,0.113
A0A1Q9ND94,0.113
A0A524FL63,0.113
A0A1Q9N0W7,0.113
A0A2U3CL36,0.113
A0A135VDH6,0.113
A0A524CYR4,0.113
A0A1Q9N253,0.113
A0A524E7R9,0.113
A0A524LVX4,0.113
A0A524FVU3,0.113
A0A7K4CRX8,0.113
A0A1Q9MT74,0.113
A0A1Q9P396,0.113
A0A842SZL1,0.113
A0A7K4CWU4,0.113
A0A1Q9P3K9,0.113
A0A842VM46,0.113
A0A1Q9P646,0.113
A0A842VKS9,0.113
A0A842VXQ3,0.113
A0A850M8N3,0.113
A0A497PRU2,0.113
A0A524DTB6,0.113
A0A497QWY2,0.113
A0A497P6T5,0.113
A0A2U3CJX8,0.113
A0A497QIM9,0.113
A0A524E465,0.113
A0A850MR11,0.113
A0A524CFB4,0.113
A0A135VMV7,0.113
A0A524D105,0.112
A0A842QGJ5,0.112
A0A497QN79,0.112
A0A524P5Y1,0.112
A0A1Q9PEH1,0.112
A0A850MTK1,0.112
A0A497PBP8,0.112
A0A497PAM9,0.112
A0A1Q9N9C9,0.112
A0A524LC12,0.112
A0A524CQ44,0.112
A0A523S1Z7,0.112
A0A523XJX4,0.112
A0A7K4GVX3,0.112
A0A497Q186,0.112
A0A523RQ05,0.112
A0A850MKL0,0.112
A0A7K4GU34,0.112
A0A7K4H8Y3,0.112
A0A0F8V8R5,0.112
A0A850MAK7,0.112
A0A524FF60,0.112
A0A524M9U7,0.112
A0A523S127,0.112
A0A524FGC4,0.112
A0A7K4HL84,0.112
A0A1Q9N219,0.112
A0A1Q9NM60,0.112
A0A497Q0V3,0.112
A0A842SYP1,0.112
A0A842VKG4,0.112
A0A524D0D5,0.112
A0A524FSV5,0.112
A0A135VVM5,0.112
A0A1Q9MUQ5,0.112
A0A523TD13,0.112
A0A497QZX4,0.112
A0A1Q9NP39,0.112
A0A524F3P9,0.112
A0A524ELW9,0.112
A0A1Q9MUI5,0.112
A0A5C9ER95,0.112
A0A842VGE8,0.112
A0A1Q9P316,0.112
A0A842TKY5,0.112
A0A497P862,0.112
A0A1Q9NWL9,0.112
A0A1Q9NPG3,0.112
A0A524DL05,0.112
A0A5C9EDA5,0.112
A0A1Q9NS24,0.112
A0A524CVP3,0.112
A0A523TLV3,0.112
A0A135VK82,0.112
A0A842VJM3,0.112
A0A524FGQ3,0.112
A0A842WT60,0.112
A0A2U3CDE7,0.112
A0A3L6JPL2,0.112
A0A842WRK8,0.112
A0A524CUN9,0.112
A0A2U3CD31,0.112
A0A850LW96,0.112
A0A850MAV9,0.112
A0A524F7B9,0.112
A0A524G248,0.112
A0A842VZ56,0.112
A0A524EI92,0.112
A0A524EHX8,0.112
A0A524C6D8,0.112
A0A7K4HKJ9,0.112
A0A842VA36,0.112
A0A5C9EBF3,0.112
A0A1Q9NY94,0.112
A0A524CJ43,0.112
A0A524CXZ4,0.112
A0A532T932,0.112
A0A135VCR5,0.112
A0A7K4HEG7,0.112
A0A524DAJ0,0.112
A0A5C9E3L2,0.112
A0A842RGQ5,0.112
A0A3L6JGP7,0.112
A0A523S0Y4,0.112
A0A523R6S6,0.112
A0A532TM28,0.112
A0A5B9D7A4,0.112
A0A524E9I5,0.112
A0A1Q9PEE1,0.112
A0A523TGT4,0.112
A0A3L6JDZ2,0.112
A0A524DSU0,0.112
A0A2U3CKZ3,0.112
A0A1Q9P0S4,0.112
A0A1Q9P0Q9,0.112
A0A842YEP0,0.112
A0A842T1N3,0.112
A0A5C9E5N3,0.112
A0A0F8VLD4,0.112
A0A524EBJ5,0.112
A0A524ESM7,0.112
A0A532TL08,0.112
A0A524NZM5,0.112
A0A5C9EIY4,0.112
A0A842YG35,0.112
A0A135VKY5,0.112
A0A7C0YAR9,0.112
A0A497QEL8,0.112
A0A843BRI0,0.112
A0A0F8VPS6,0.112
A0A524MK85,0.112
A0A843BVD7,0.112
A0A1Q9P7M6,0.112
A0A524EA53,0.112
A0A5C9EZX1,0.112
A0A5C9EL50,0.112
A0A842VB07,0.112
A0A7K4ICH8,0.112
A0A524F2M3,0.112
A0A497R7S8,0.112
A0A842WNE3,0.112
A0A524FR82,0.112
A0A7K4CQQ9,0.112
A0A850LZM7,0.112
A0A524CNW8,0.112
A0A3L6JGC6,0.112
A0A842T2F8,0.112
A0A524EIC9,0.111
A0A842QEX9,0.111
A0A524ED74,0.111
A0A524D700,0.111
A0A1Q9NXX3,0.111
A0A532T827,0.111
A0A7K4ICS2,0.111
A0A1Q9NLK2,0.111
A0A523S3A2,0.111
A0A524D9K4,0.111
A0A523X8I9,0.111
A0A842REP4,0.111
A0A524E8V3,0.111
A0A497P9H3,0.111
A0A842W079,0.111
A0A1Q9NXH4,0.111
A0A524DQ35,0.111
A0A842T1C0,0.111
A0A523VWY2,0.111
A0A850MLH0,0.111
A0A842RXS2,0.111
A0A842QGT3,0.111
A0A524FRX0,0.111
A0A524DQN5,0.111
A0A523W1K1,0.111
A0A842RVQ3,0.111
A0A7K4H1U1,0.111
A0A497RBE6,0.111
A0A497PQN6,0.111
A0A497PQ89,0.111
A0A524F4R6,0.111
A0A849Q8M3,0.111
A0A524EM93,0.111
A0A850MKF9,0.111
A0A3L6J6I1,0.111
A0A5B9D988,0.111
A0A497PPY7,0.111
A0A523TEE3,0.111
A0A0F8XXB5,0.111
A0A3L6JHT9,0.111
A0A842RK26,0.111
A0A842RAT4,0.111
A0A7K4HBE3,0.111
A0A524FIR4,0.111
A0A524CJV3,0.111
A0A524CHN1,0.111
A0A524D798,0.111
A0A842S2W9,0.111
A0A842T1W4,0.111
A0A843BZ39,0.111
A0A1Q9NZB3,0.111
A0A842RA39,0.111
A0A1Q9N3U4,0.111
A0A5B9D6P7,0.111
A0A7K4ICE6,0.111
A0A842SZG9,0.111
A0A524DKA1,0.111
A0A524EDX4,0.111
A0A524FQC3,0.111
A0A850LYZ2,0.111
A0A524EHP0,0.111
A0A524D7W2,0.111
A0A497QX70,0.111
A0A0F8XX00,0.111
A0A497R4M2,0.111
A0A532TD30,0.111
A0A0F8W564,0.111
A0A524C9W1,0.111
A0A524DG97,0.111
A0A7K4CRV5,0.111
A0A3L6JGH5,0.111
A0A2U3CH94,0.111
A0A5C9EX30,0.111
A0A7K4H545,0.111
A0A524C550,0.111
A0A524E0A8,0.111
A0A7K4IEA5,0.111
A0A850LWM6,0.111
A0A532TAI9,0.111
A0A850LSI2,0.111
A0A850M1M5,0.111
A0A7K4H1X9,0.111
A0A497Q271,0.111
A0A524FSF0,0.111
A0A135VPT7,0.111
A0A5C9E0R3,0.111
A0A842U7G1,0.111
A0A850MPT0,0.111
A0A842U8I9,0.111
A0A497QKK4,0.111
A0A3L6JGG1,0.111
A0A497PK17,0.111
A0A523TC51,0.111
A0A7K4GX48,0.111
A0A842VU81,0.111
A0A7K4H210,0.111
A0A497R231,0.111
A0A524D8S8,0.111
A0A842VSU7,0.111
A0A3L6JIE0,0.111
A0A850MGX9,0.111
A0A842QGF8,0.111
A0A842RHK3,0.111
A0A524CIU9,0.111
A0A5C9EPP7,0.111
A0A842TLQ0,0.111
A0A850MTT4,0.111
A0A1Q9MQ83,0.111
A0A842TD60,0.111
A0A497PSA9,0.111
A0A497R3U9,0.111
A0A5C9EL22,0.111
A0A0F8XH21,0.111
A0A532TYD0,0.111
A0A524DUU2,0.111
A0A497PPD7,0.111
A0A842WSU8,0.111
A0A524CCI1,0.111
A0A524EIT2,0.111
A0A842VEM9,0.111
A0A7K4CYD5,0.111
A0A0F8XWV8,0.111
A0A7K4D0M0,0.111
A0A135VKP5,0.111
A0A524CDU6,0.111
A0A1Q9NWH8,0.111
A0A524FWB4,0.111
A0A2U3CJN4,0.111
A0A135VI55,0.111
A0A0F8VPY8,0.111
A0A524DQB8,0.111
A0A135VST2,0.111
A0A842VY10,0.111
A0A842RXS5,0.111
A0A842RII6,0.111
A0A532T9U0,0.111
A0A842VVN6,0.111
A0A497PH97,0.111
A0A532TF69,0.111
A0A524FKQ4,0.111
A0A842QCI1,0.111
A0A524DV39,0.111
A0A5C9EPW0,0.111
A0A135VBF3,0.111
A0A524F3A0,0.111
A0A524CA90,0.111
A0A5C9EWK6,0.111
A0A524DAR1,0.111
A0A850LTU6,0.111
A0A523RA11,0.111
A0A3L6JG33,0.111
A0A842S4T1,0.111
A0A524DYS8,0.111
A0A850LUZ9,0.111
A0A524M8J1,0.111
A0A842TC62,0.111
A0A497PHF5,0.11
A0A850MSA0,0.11
A0A3L6JF83,0.11
A0A2E9CDY4,0.11
A0A5C9EEJ3,0.11
A0A5C9E2J7,0.11
A0A523VVN1,0.11
A0A0F8VX75,0.11
A0A850MDR7,0.11
A0A524FP57,0.11
A0A850MSX8,0.11
A0A0F8XDL8,0.11
A0A849QDZ5,0.11
A0A842VIG2,0.11
A0A842RFC7,0.11
A0A523VW92,0.11
A0A497PQ84,0.11
A0A842T1J0,0.11
A0A497R2E1,0.11
A0A850M9Z2,0.11
A0A842S1F2,0.11
A0A532TVN5,0.11
A0A850M4Z6,0.11
A0A1Q9NJV4,0.11
A0A842U7B0,0.11
A0A524D358,0.11
A0A524EKH9,0.11
A0A1Q9NF67,0.11
A0A0F8XZ08,0.11
A0A842WPZ6,0.11
A0A523W0W8,0.11
A0A7K4IDG2,0.11
A0A842X0R8,0.11
A0A497Q777,0.11
A0A135VHA5,0.11
A0A842VE22,0.11
A0A524D698,0.11
A0A842YF43,0.11
A0A7K4CYB8,0.11
A0A850LXP0,0.11
A0A842U8C7,0.11
A0A850MRU0,0.11
A0A0F8VBZ2,0.11
A0A524LUX4,0.11
A0A3L6J6D9,0.11
A0A497QGH2,0.11
A0A842YAR4,0.11
A0A524FLM2,0.11
A0A524F0F1,0.11
A0A842TE39,0.11
A0A7K4HJF6,0.11
A0A497PPV8,0.11
A0A524FGI6,0.11
A0A1Q9NSN6,0.11
A0A3L6JMB6,0.11
A0A842TJ19,0.11
A0A524DAK5,0.11
A0A497PQ44,0.11
A0A7K4HDG1,0.11
A0A523X9U0,0.11
A0A524EH21,0.11
A0A2E9CEK9,0.11
A0A497QT86,0.11
A0A524FL68,0.11
A0A497QPU0,0.11
A0A0F8XJT3,0.11
A0A849QIC1,0.11
A0A850M1Q5,0.11
A0A524EH99,0.11
A0A532TNJ5,0.11
A0A850LZ19,0.11
A0A7K4HCM6,0.11
A0A524CBD3,0.11
A0A842S7J5,0.11
A0A7K4GRI5,0.11
A0A524CTL1,0.11
A0A524FXN3,0.11
A0A850LVM5,0.11
A0A524DEK2,0.11
A0A1Q9P5F6,0.11
A0A497QIS6,0.11
A0A524EMI5,0.11
A0A842VRV1,0.11
A0A524C9J3,0.11
A0A524EW18,0.11
A0A524F5X7,0.11
A0A842TDX9,0.11
A0A850M7Q8,0.11
A0A524CT92,0.11
A0A1Q9NQR3,0.11
A0A5C9E773,0.11
A0A524DQL7,0.11
A0A524DPR5,0.11
A0A524FHR2,0.11
A0A842VIC9,0.11
A0A842RYE6,0.11
A0A842TQS8,0.11
A0A850MCU1,0.11
A0A524CLM2,0.11
A0A523VS53,0.11
A0A7K4IGE3,0.11
A0A497Q165,0.11
A0A7K4CRB8,0.11
A0A523W1B2,0.11
A0A5C9EU45,0.11
A0A523XG62,0.11
A0A842S6M9,0.11
A0A842VZZ1,0.11
A0A5C9EDP3,0.11
A0A850MVT2,0.11
A0A842X0N4,0.11
A0A843C3R7,0.11
A0A1Q9MQW5,0.11
A0A497PS07,0.11
A0A524CM50,0.11
A0A523XI16,0.11
A0A524FEM8,0.11
A0A524FTQ5,0.11
A0A524EZJ6,0.11
A0A3L6JKN3,0.11
A0A7K4IDK1,0.11
A0A524F7V3,0.11
A0A524E7H5,0.11
A0A7K4GQ13,0.11
A0A850M972,0.11
A0A850LR09,0.11
A0A523SBW7,0.11
A0A524EBU6,0.11
A0A524GB70,0.11
A0A842VNM8,0.109
A0A524ECA8,0.109
A0A524CTY2,0.109
A0A1Q9NAX8,0.109
A0A850MRT9,0.109
A0A3L6JFD5,0.109
A0A842VFA8,0.109
A0A1Q9P7Q6,0.109
A0A5C9E2P5,0.109
A0A850MP96,0.109
A0A1Q9NEN4,0.109
A0A842VH58,0.109
A0A1Q9NA09,0.109
A0A532TA03,0.109
A0A5C9EVK0,0.109
A0A523RCE6,0.109
A0A524FKQ3,0.109
A0A524DHA7,0.109
A0A842S1C1,0.109
A0A7K4CYX8,0.109
A0A842T990,0.109
A0A524DAZ8,0.109
A0A1Q9NBH3,0.109
A0A842VTB5,0.109
A0A135VYJ6,0.109
A0A1Q9MQ58,0.109
A0A842QG02,0.109
A0A524M0C8,0.109
A0A532TEA0,0.109
A0A7K4CQR8,0.109
A0A842W4G2,0.109
A0A842WP83,0.109
A0A524G8W1,0.109
A0A2U3CEJ9,0.109
A0A524EL71,0.109
A0A524MDJ6,0.109
A0A842WLE0,0.109
A0A1Q9NGV5,0.109
A0A5B9DCK9,0.109
A0A524DF51,0.109
A0A524DQY2,0.109
A0A524D808,0.109
A0A7K4HC03,0.109
A0A5C9DTN8,0.109
A0A2U3CEX6,0.109
A0A3L6JET3,0.109
A0A524CX05,0.109
A0A497R208,0.109
A0A3L6JMZ8,0.109
A0A524CJT1,0.109
A0A0F8VNS1,0.109
A0A524NSQ6,0.109
A0A5C9DXE4,0.109
A0A1Q9NXJ3,0.109
A0A7K4H1W0,0.109
A0A497Q7A5,0.109
A0A524E9M5,0.109
A0A2E9CD48,0.109
A0A1Q9NYV5,0.109
A0A523S6J5,0.109
A0A524FLK8,0.109
A0A5C9EBZ3,0.109
A0A524EJS2,0.109
A0A842W3M2,0.109
A0A842VHM3,0.109
A0A524EZQ6,0.109
A0A7K4IG06,0.109
A0A842SA77,0.109
A0A842VZZ4,0.109
A0A842S304,0.109
A0A842VPJ5,0.109
A0A850MNS0,0.109
A0A7K4GV61,0.109
A0A7K4GPX9,0.109
A0A1Q9P2L5,0.109
A0A842RAY1,0.109
A0A524EBY1,0.109
A0A842U6K3,0.109
A0A523R9T4,0.109
A0A842VW46,0.109
A0A7K4GZX7,0.109
A0A7K4CU83,0.109
A0A850M7N7,0.109
A0A1Q9P752,0.109
A0A7K4H0N8,0.109
A0A497QZ35,0.109
A0A850LP79,0.109
A0A497Q919,0.109
A0A7K4CS74,0.109
A0A524DF57,0.109
A0A524FRP6,0.109
A0A524C5M5,0.109
A0A5C9E527,0.109
A0A497PCJ8,0.109
A0A842S5F9,0.109
A0A5C9EXJ4,0.109
A0A0F8XVD1,0.109
A0A5C9EY95,0.109
A0A1Q9NPZ3,0.109
A0A524CQ85,0.109
A0A524D5K7,0.109
A0A5C9EZK2,0.109
A0A842VUG6,0.109
A0A850LU18,0.109
A0A524G5M6,0.109
A0A524E7W0,0.109
A0A135VZ53,0.109
A0A497PUJ1,0.109
A0A842R9R6,0.109
A0A5C9EKL0,0.109
A0A850LSH9,0.109
A0A842VJH0,0.109
A0A842U6M3,0.109
A0A524EV10,0.109
A0A524DBN6,0.109
A0A524EVJ9,0.109
A0A7K4D195,0.109
A0A524CCX1,0.109
A0A497Q890,0.109
A0A5C9EX81,0.109
A0A1Q9MVW8,0.109
A0A497QRC7,0.109
A0A524FD24,0.109
A0A523XGD0,0.109
A0A497PM04,0.109
A0A524E577,0.109
A0A7K4CXX2,0.109
A0A532TPG2,0.109
A0A1Q9NQA7,0.109
A0A524MHF1,0.109
A0A524CEM6,0.109
A0A1Q9MQD3,0.109
A0A524G4H3,0.109
A0A5C9E777,0.109
A0A524DCV0,0.109
A0A524E7L8,0.109
A0A842U7D4,0.109
A0A842RVX2,0.109
A0A1Q9N0I7,0.109
A0A532TE57,0.109
A0A524MGL4,0.109
A0A524FI44,0.109
A0A5B9D714,0.109
A0A523TR39,0.109
A0A843BTV1,0.109
A0A7K4CQE6,0.109
A0A2U3CCE0,0.109
A0A1Q9PG53,0.108
A0A5C9ESK2,0.108
A0A842R7M6,0.108
A0A842VXG5,0.108
A0A842S333,0.108
A0A1Q9P1J4,0.108
A0A5C9E4J7,0.108
A0A850MQY5,0.108
A0A850LX22,0.108
A0A1Q9N283,0.108
A0A7K4GZ81,0.108
A0A524E4G0,0.108
A0A524DLR0,0.108
A0A523SCK8,0.108
A0A524F6F3,0.108
A0A497PQG4,0.108
A0A1Q9N4H7,0.108
A0A524FE30,0.108
A0A1Q9N306,0.108
A0A842RGX3,0.108
A0A135VVV7,0.108
A0A7K4GSV9,0.108
A0A524LAR2,0.108
A0A1Q9NC14,0.108
A0A850LZ11,0.108
A0A842TEH5,0.108
A0A524F1U9,0.108
A0A5C9EJS2,0.108
A0A3L6J9C8,0.108
A0A7K4ICQ7,0.108
A0A850M075,0.108
A0A497PJ11,0.108
A0A1Q9MSW0,0.108
A0A5C9E0K8,0.108
A0A524EPN7,0.108
A0A532T241,0.108
A0A842ST46,0.108
A0A524FTN6,0.108
A0A1Q9PEQ3,0.108
A0A524DVX6,0.108
A0A532TYT2,0.108
A0A1Q9MWP0,0.108
A0A523XMB7,0.108
A0A842VHM4,0.108
A0A7K4H7V1,0.108
A0A5C9ELI0,0.108
A0A524FYD5,0.108
A0A7K4CMM2,0.108
A0A5C9F3G9,0.108
A0A7K4H7I1,0.108
A0A850MSR3,0.108
A0A524CF18,0.108
A0A843C194,0.108
A0A523VUP3,0.108
A0A7K4GPK6,0.108
A0A842VMT8,0.108
A0A3L6JA03,0.108
A0A7K4IET7,0.108
A0A524L8U6,0.108
A0A842QH76,0.108
A0A524E1L2,0.108
A0A524FLW2,0.108
A0A850MZD4,0.108
A0A1Q9P3E5,0.108
A0A842RLU0,0.108
A0A2U3CDL9,0.108
A0A842R9C1,0.108
A0A135VP74,0.108
A0A524CVC9,0.108
A0A850LZS4,0.108
A0A7K4H6I2,0.108
A0A524DNI4,0.108
A0A532TD61,0.108
A0A2U3CDJ5,0.108
A0A497Q1Y7,0.108
A0A524M496,0.108
A0A7K4CYH9,0.108
A0A3L6JKH1,0.108
A0A135VPI1,0.108
A0A524CVE2,0.108
A0A2U3CDS5,0.108
A0A842YC18,0.108
A0A524D936,0.108
A0A850MKV2,0.108
A0A7K4H6A8,0.108
A0A524FCV0,0.108
A0A842VKF2,0.108
A0A842WPQ2,0.108
A0A842RAL3,0.108
A0A842TI02,0.108
A0A524P7X9,0.108
A0A497Q663,0.108
A0A1Q9MT65,0.108
A0A842VAW8,0.108
A0A5B9DEB7,0.108
A0A0F8VDP1,0.108
A0A5B9D8D7,0.108
A0A842T7J9,0.108
A0A842U8H0,0.108
A0A524P483,0.108
A0A524FMI0,0.108
A0A842W487,0.108
A0A524CWS6,0.108
A0A497QBH6,0.108
A0A2U3CEQ8,0.108
A0A850M3E6,0.108
A0A1Q9NQA6,0.108
A0A5B9DF75,0.108
A0A524EJB7,0.108
A0A1Q9P166,0.108
A0A0F8V9C4,0.108
A0A842YEM1,0.108
A0A7K4CUE8,0.108
A0A524LA14,0.108
A0A842YE94,0.108
A0A842TKC1,0.108
A0A497QXJ5,0.108
A0A523TFL1,0.108
A0A3L6JRW0,0.108
A0A524C1Q9,0.108
A0A5C9E368,0.108
A0A524CTF0,0.108
A0A5C9E908,0.108
A0A524DYJ6,0.108
A0A1Q9NK23,0.108
A0A842RF87,0.108
A0A524DQH7,0.108
A0A7K4HHG2,0.108
A0A5C9ERT8,0.108
A0A135VIW6,0.108
A0A497Q349,0.108
A0A524LHB2,0.108
A0A524D2L3,0.108
A0A1Q9MU10,0.108
A0A532TYU3,0.108
A0A497PGH9,0.108
A0A524EGZ2,0.108
A0A523RD94,0.108
A0A532TPL0,0.108
A0A842RYG0,0.108
A0A524EYS1,0.108
A0A5C9E2Q6,0.108
A0A842RLV8,0.107
A0A842YF08,0.107
A0A524D6G9,0.107
A0A850M768,0.107
A0A5C9EQN0,0.107
A0A524P673,0.107
A0A842RNT9,0.107
A0A524D4S3,0.107
A0A1Q9PDB4,0.107
A0A7C0U8P3,0.107
A0A842S2P7,0.107
A0A7K4ICK7,0.107
A0A842RB36,0.107
A0A5C9EYD4,0.107
A0A1Q9N8Q9,0.107
A0A524FA87,0.107
A0A3L6JF17,0.107
A0A2U3CBL3,0.107
A0A524E8A1,0.107
A0A497QF35,0.107
A0A842T445,0.107
A0A0F8VLL0,0.107
A0A497QEA3,0.107
A0A1Q9MZK1,0.107
A0A524G9N1,0.107
A0A3L6JD86,0.107
A0A7C0YBE4,0.107
A0A524FUM3,0.107
A0A842QFM2,0.107
A0A5C9DW44,0.107
A0A524EBS5,0.107
A0A524DGX2,0.107
A0A7K4CW74,0.107
A0A842SBG0,0.107
A0A523RGE0,0.107
A0A524EPK2,0.107
A0A7K4GTN3,0.107
A0A524DJS2,0.107
A0A497P9I6,0.107
A0A850MTL5,0.107
A0A497Q6S4,0.107
A0A7K4H0S0,0.107
A0A532TQM4,0.107
A0A842TLC0,0.107
A0A1Q9NAM9,0.107
A0A524DD17,0.107
A0A497PN87,0.107
A0A842TM94,0.107
A0A843BQP0,0.107
A0A850MB99,0.107
A0A524LKS1,0.107
A0A497QDF7,0.107
A0A524CY68,0.107
A0A842VZU5,0.107
A0A2U3CJ97,0.107
A0A1Q9N0L9,0.107
A0A524DFY2,0.107
A0A524EZ51,0.107
A0A7K4D1F1,0.107
A0A842RAX4,0.107
A0A842TQ39,0.107
A0A843BV34,0.107
A0A842TKQ9,0.107
A0A850M182,0.107
A0A7K4CW63,0.107
A0A497QJE0,0.107
A0A843BWQ7,0.107
A0A842QE54,0.107
A0A524F689,0.107
A0A842VSD7,0.107
A0A842RDC7,0.107
A0A842VNY1,0.107
A0A850MP29,0.107
A0A524D3Q5,0.107
A0A842RYV4,0.107
A0A3L6JN87,0.107
A0A524D0F5,0.107
A0A524DSF8,0.107
A0A842RPM0,0.107
A0A524FMY1,0.107
A0A2U3CFI1,0.107
A0A842RFA2,0.107
A0A524P2V6,0.107
A0A523S820,0.107
A0A497PV47,0.107
A0A523RHV2,0.107
A0A842VRA1,0.107
A0A135VIQ0,0.107
A0A1Q9P918,0.107
A0A842WS41,0.107
A0A5C9ERX6,0.107
A0A524F483,0.107
A0A135VJT3,0.107
A0A524E7A1,0.107
A0A5C9E9F5,0.107
A0A850MQP6,0.107
A0A842VUA5,0.107
A0A497QL42,0.107
A0A524D2X1,0.107
A0A7K4H2X7,0.107
A0A7K4IC80,0.107
A0A524CSL9,0.107
A0A842VE56,0.107
A0A523VQL6,0.107
A0A523W034,0.107
A0A842RC46,0.107
A0A842QH35,0.107
A0A850MUG0,0.107
A0A524E986,0.107
A0A842QGG1,0.107
A0A1Q9NEX7,0.107
A0A7K4HLD4,0.107
A0A850MQ77,0.107
A0A524F637,0.107
A0A5C9EFS6,0.107
A0A1Q9N963,0.107
A0A842TGE5,0.107
A0A497Q6Z3,0.107
A0A497PHN4,0.107
A0A497QXQ5,0.107
A0A497QRJ9,0.107
A0A1Q9P3R4,0.107
A0A524FDN2,0.107
A0A524LKU0,0.107
A0A842VV27,0.107
A0A2U3CHE7,0.107
A0A135VDW1,0.107
A0A497QHJ4,0.107
A0A3L6JDM5,0.107
A0A497PDE8,0.107
A0A2U3CK04,0.107
A0A0F8VZF9,0.107
A0A135VMZ9,0.107
A0A3L6JBH5,0.107
A0A842TAP0,0.107
A0A497PR17,0.107
A0A497QYL8,0.107
A0A524CDR5,0.107
A0A497QQP8,0.107
A0A850ME94,0.107
A0A524F0H9,0.107
A0A7K4HFP3,0.107
A0A524G5J0,0.107
A0A497QKP7,0.107
A0A842S722,0.107
A0A524DJA4,0.107
A0A842U0G5,0.107
A0A524P5P4,0.106
A0A850MJ88,0.106
A0A2U3CL13,0.106
A0A842RUU6,0.106
A0A0F8VKY2,0.106
A0A5C9EL07,0.106
A0A524F1U4,0.106
A0A3L6JE50,0.106
A0A850MJ67,0.106
A0A842VT05,0.106
A0A842RLS0,0.106
A0A7K4H886,0.106
A0A850LZD9,0.106
A0A532TW24,0.106
A0A1Q9MYB0,0.106
A0A523RKC3,0.106
A0A0F8V7N8,0.106
A0A5B9D9V6,0.106
A0A842TQ65,0.106
A0A523TLV0,0.106
A0A842RSX2,0.106
A0A532TYD7,0.106
A0A5C9DZN2,0.106
A0A524E8W3,0.106
A0A842TS38,0.106
A0A842WM32,0.106
A0A850LSU0,0.106
A0A842RD38,0.106
A0A497PXX2,0.106
A0A524CI71,0.106
A0A497PWY7,0.106
A0A524FHP9,0.106
A0A523X5A2,0.106
A0A1Q9MYB8,0.106
A0A524CW66,0.106
A0A524DHK0,0.106
A0A7K4CNJ3,0.106
A0A1Q9NT91,0.106
A0A3L6JNE5,0.106
A0A523TPI5,0.106
A0A524FPW1,0.106
A0A524LLH5,0.106
A0A7K4GXD1,0.106
A0A524LLI0,0.106
A0A7K4H0A9,0.106
A0A850MPM2,0.106
A0A497Q0T2,0.106
A0A524FRR2,0.106
A0A524MIY3,0.106
A0A524CKW1,0.106
A0A497RD67,0.106
A0A524E980,0.106
A0A524EXI2,0.106
A0A7K4GTC2,0.106
A0A523RFT5,0.106
A0A532TZ79,0.106
A0A524CJ30,0.106
A0A850MVN1,0.106
A0A524D2I9,0.106
A0A7K4IG57,0.106
A0A5C9EXF9,0.106
A0A523RZ51,0.106
A0A5C9DUS0,0.106
A0A524E0W7,0.106
A0A1Q9NJL2,0.106
A0A842VYU7,0.106
A0A524ER08,0.106
A0A5C9EAG9,0.106
A0A497Q6X5,0.106
A0A7K4CSX0,0.106
A0A524DE25,0.106
A0A497R2R4,0.106
A0A850MCW7,0.106
A0A842TDF0,0.106
A0A524C7T4,0.106
A0A5C9E3M3,0.106
A0A1Q9NEX2,0.106
A0A524F1T9,0.106
A0A0F8V866,0.106
A0A0F8YCD1,0.106
A0A524FDF1,0.106
A0A7K4H402,0.106
A0A5C9EVN6,0.106
A0A497QNA8,0.106
A0A7K4H4N7,0.106
A0A7K4CWT2,0.106
A0A1Q9NNG7,0.106
A0A497PHR6,0.106
A0A7K4CXW7,0.106
A0A5B9D7B7,0.106
A0A0F8Y971,0.106
A0A497PBQ1,0.106
A0A842VDC4,0.106
A0A5C9EHF9,0.106
A0A5C9EGZ6,0.106
A0A2E9CDU9,0.106
A0A7K4H6G8,0.106
A0A843BV27,0.106
A0A532TKN4,0.106
A0A842VY13,0.106
A0A842QBE8,0.106
A0A2U3CKR7,0.106
A0A842VEI5,0.106
A0A135VIQ5,0.106
A0A524G998,0.106
A0A135VPG3,0.106
A0A524C269,0.106
A0A524NUJ0,0.106
A0A524FQ78,0.106
A0A524EIW9,0.106
A0A1Q9NKK2,0.106
A0A1Q9MYI9,0.106
A0A842VSH7,0.106
A0A7K4HF38,0.106
A0A524DDM1,0.106
A0A850LZY2,0.106
A0A5C9DXH2,0.106
A0A842QF79,0.106
A0A524LAK8,0.106
A0A524P0C9,0.106
A0A7K4GKV9,0.106
A0A850LU33,0.106
A0A524LC73,0.106
A0A524F8B6,0.106
A0A1Q9N406,0.106
A0A524F1F2,0.106
A0A524DFW6,0.106
A0A850MUT1,0.106
A0A850MCA9,0.106
A0A7K4H7D8,0.106
A0A524G6R9,0.106
A0A497QBB2,0.106
A0A524CI69,0.106
A0A5C9E5J7,0.106
A0A7K4CX60,0.106
A0A497PD86,0.106
A0A1Q9MSA4,0.106
A0A849QBT0,0.106
A0A7K4HII8,0.106
A0A7K4CTM4,0.106
A0A497QDC9,0.106
A0A524FRF8,0.106
A0A497QSF2,0.106
A0A842T2D3,0.106
A0A0F8XMJ1,0.106
A0A524FEZ7,0.106
A0A497QVI9,0.105
A0A842W3Q8,0.105
A0A5C9EYH3,0.105
A0A524D9J7,0.105
A0A497R8E2,0.105
A0A524CHS3,0.105
A0A524ECN8,0.105
A0A850MZB0,0.105
A0A497Q246,0.105
A0A497QIC5,0.105
A0A524DAG2,0.105
A0A842WYR1,0.105
A0A2E9CGB9,0.105
A0A842QGK9,0.105
A0A135VFQ7,0.105
A0A135VRK3,0.105
A0A850M8Z0,0.105
A0A842RHZ5,0.105
A0A524G1K6,0.105
A0A1Q9P0G1,0.105
A0A497PVA0,0.105
A0A524FDG5,0.105
A0A524L8L9,0.105
A0A5B9D951,0.105
A0A135VKM1,0.105
A0A1Q9PFW7,0.105
A0A524FMG7,0.105
A0A842YDD3,0.105
A0A7K4H130,0.105
A0A7K4CV59,0.105
A0A7C0YDV5,0.105
A0A7K4IEA1,0.105
A0A1Q9P6J4,0.105
A0A3L6JMV5,0.105
A0A524CJ17,0.105
A0A7K4HH25,0.105
A0A1Q9NL85,0.105
A0A842RT40,0.105
A0A0F8VEV6,0.105
A0A7K4HJH2,0.105
A0A524DGT4,0.105
A0A850M0X6,0.105
A0A524LEX9,0.105
A0A850LQ51,0.105
A0A524FWX0,0.105
A0A7K4GJY6,0.105
A0A842WMG3,0.105
A0A842X0V8,0.105
A0A5C9ESZ2,0.105
A0A842VZC3,0.105
A0A524CY33,0.105
A0A843BTD7,0.105
A0A849QI83,0.105
A0A497PBE6,0.105
A0A523RDW4,0.105
A0A497QEF6,0.105
A0A842VKM2,0.105
A0A135VTJ2,0.105
A0A7K4CUA7,0.105
A0A1Q9NZF7,0.105
A0A850LVZ7,0.105
A0A850LVA3,0.105
A0A7K4H9L4,0.105
A0A2U3CCM3,0.105
A0A524EEF6,0.105
A0A2U3CDZ7,0.105
A0A842RWM8,0.105
A0A135VUK4,0.105
A0A135VJB6,0.105
A0A842VMS0,0.105
A0A1Q9NCA1,0.105
A0A850LYX2,0.105
A0A497PTJ7,0.105
A0A850MM68,0.105
A0A523XKR9,0.105
A0A497Q1H4,0.105
A0A842VZC6,0.105
A0A5B9D7E9,0.105
A0A849QF39,0.105
A0A1Q9ND60,0.105
A0A523TEH9,0.105
A0A1Q9P101,0.105
A0A842THN8,0.105
A0A2U3CG29,0.105
A0A532TTK1,0.105
A0A850LTW8,0.105
A0A532TKR2,0.105
A0A5C9EFN1,0.105
A0A5B9D6F1,0.105
A0A7K4CRP8,0.105
A0A497QML6,0.105
A0A497QKX4,0.105
A0A842QI15,0.105
A0A0F8VPW0,0.105
A0A843C3G8,0.105
A0A5C9F1U6,0.105
A0A842U262,0.105
A0A497PTU9,0.105
A0A850LV83,0.105
A0A524FKC9,0.105
A0A7K4HAU5,0.105
A0A5C9EZI7,0.105
A0A524D5V9,0.105
A0A523XBZ1,0.105
A0A842S2F5,0.105
A0A850MHZ8,0.105
A0A524C9Y8,0.105
A0A842TLK4,0.105
A0A497QWU6,0.105
A0A5C9E3K1,0.105
A0A842S7B1,0.105
A0A135VQI1,0.105
A0A842T0P3,0.105
A0A850MR82,0.105
A0A842RAS1,0.105
A0A3L6JKU1,0.105
A0A7K4H3B7,0.105
A0A842SZI5,0.105
A0A524P0G6,0.105
A0A850MBK2,0.105
A0A5B9D8Q3,0.105
A0A5C9EH44,0.105
A0A850MD62,0.105
A0A532THY6,0.105
A0A523XN08,0.105
A0A497QHB1,0.105
A0A497QTK0,0.105
A0A842QKM9,0.105
A0A497QR86,0.105
A0A524D5J4,0.105
A0A1Q9NEF5,0.105
A0A1Q9MTT3,0.105
A0A2E9CF57,0.105
A0A524F3A8,0.105
A0A1Q9P6G8,0.105
A0A524CLD6,0.105
A0A524E985,0.105
A0A497R1I5,0.105
A0A523RXV3,0.105
A0A1Q9NED7,0.105
A0A523XQE4,0.105
A0A842TII4,0.105
A0A842SAI5,0.104
A0A524EP27,0.104
A0A524M7R1,0.104
A0A849QJB3,0.104
A0A5C9EPH7,0.104
A0A524CF93,0.104
A0A523SBD7,0.104
A0A7K4H3R4,0.104
A0A497Q0S9,0.104
A0A849Q511,0.104
A0A524FE84,0.104
A0A524F405,0.104
A0A497Q7D4,0.104
A0A524LZ00,0.104
A0A524D0B2,0.104
A0A497QLH8,0.104
A0A524C964,0.104
A0A849QHY5,0.104
A0A5C9EQB2,0.104
A0A524G4V4,0.104
A0A843C370,0.104
A0A524DD57,0.104
A0A524D2T7,0.104
A0A7K4H9D8,0.104
A0A850MPD5,0.104
A0A524EEF5,0.104
A0A497QP37,0.104
A0A3L6JC78,0.104
A0A524CJX7,0.104
A0A523X7S3,0.104
A0A2U3CGK5,0.104
A0A135VIB7,0.104
A0A3L6JRH3,0.104
A0A5B9D9Y7,0.104
A0A524CMG4,0.104
A0A2U3CEI7,0.104
A0A850LPP7,0.104
A0A524CW21,0.104
A0A524CA96,0.104
A0A3L6JN09,0.104
A0A497QDB1,0.104
A0A849QGH9,0.104
A0A842U0V7,0.104
A0A0F8VIS4,0.104
A0A497QLL6,0.104
A0A7K4CTG6,0.104
A0A850LVZ4,0.104
A0A842QGE0,0.104
A0A7K4GRA1,0.104
A0A842TL51,0.104
A0A5C9DVA0,0.104
A0A523R6L9,0.104
A0A523S0I7,0.104
A0A2U3CJE6,0.104
A0A497PAM5,0.104
A0A842WU08,0.104
A0A524FAE7,0.104
A0A524NW91,0.104
A0A850LQY4,0.104
A0A524CP28,0.104
A0A842WWV9,0.104
A0A497R992,0.104
A0A524CJS5,0.104
A0A524CJ51,0.104
A0A850MQA5,0.104
A0A850MBN0,0.104
A0A842T569,0.104
A0A524LE00,0.104
A0A523R778,0.104
A0A1Q9PCL9,0.104
A0A7K4CYX1,0.104
A0A842TA97,0.104
A0A842UB82,0.104
A0A524FET3,0.104
A0A497PSR9,0.104
A0A849QDN7,0.104
A0A524MBL5,0.104
A0A842VMK2,0.104
A0A1Q9MV18,0.104
A0A524E6Q2,0.104
A0A1Q9NW11,0.104
A0A1Q9NYY0,0.104
A0A524F662,0.104
A0A850M3N0,0.104
A0A523SDL1,0.104
A0A842U4R8,0.104
A0A7K4CTP8,0.104
A0A2U3CGE5,0.104
A0A0F8XQR3,0.104
A0A842REZ8,0.104
A0A850MQ40,0.104
A0A524DCE3,0.104
A0A524C6J4,0.104
A0A5C9DWW3,0.104
A0A524EER1,0.104
A0A842TP88,0.104
A0A524M7Y3,0.104
A0A523RRK0,0.104
A0A524G978,0.104
A0A842VUI7,0.104
A0A524EA44,0.104
A0A524FA74,0.104
A0A5B9DAY1,0.104
A0A1Q9PEB0,0.104
A0A497QQV1,0.104
A0A842WUS0,0.104
A0A1Q9MXD7,0.104
A0A7K4IAV6,0.104
A0A524DKC1,0.104
A0A1Q9NLL3,0.104
A0A524DXE8,0.104
A0A523RZX7,0.104
A0A524CFM0,0.104
A0A524CMB0,0.104
A0A5C9EJ33,0.104
A0A1Q9NI80,0.104
A0A1Q9P741,0.104
A0A842R6W7,0.104
A0A1Q9MVZ7,0.104
A0A524C811,0.104
A0A523S060,0.104
A0A524CJP1,0.104
A0A524G880,0.104
A0A1Q9MZX3,0.104
A0A524CFE3,0.104
A0A497QAN0,0.104
A0A850MB83,0.104
A0A842VRB7,0.104
A0A524C716,0.104
A0A842X0Y9,0.104
A0A135VCQ8,0.104
A0A1Q9NUS3,0.104
A0A523S058,0.104
A0A497QQP0,0.104
A0A497QZL0,0.104
A0A497PWC5,0.104
A0A842R922,0.104
A0A5C9EFZ4,0.104
A0A7K4CV54,0.104
A0A843BR24,0.104
A0A7K4III3,0.104
A0A497QD76,0.104
A0A5C9EMZ2,0.104
A0A842YBM2,0.104
A0A524P5N9,0.104
A0A135VUI0,0.104
A0A532TIV1,0.104
A0A1Q9NXJ4,0.104
A0A5C9EUA7,0.104
A0A842RBD1,0.104
A0A849QHA6,0.104
A0A524FJZ4,0.104
A0A842T4I0,0.104
A0A497QU51,0.104
A0A7K4GKZ9,0.104
A0A842RFB5,0.104
A0A524EV57,0.104
A0A135VNS2,0.104
A0A850MRB7,0.104
A0A842T6Z8,0.103
A0A524EEK9,0.103
A0A524D7D1,0.103
A0A524EMX5,0.103
A0A842RVT0,0.103
A0A842U7L8,0.103
A0A842QEL8,0.103
A0A842WTH8,0.103
A0A842TAA3,0.103
A0A524DIS5,0.103
A0A5B9DFP9,0.103
A0A842U446,0.103
A0A497QUA7,0.103
A0A524D6G5,0.103
A0A5C9EK38,0.103
A0A850MFK2,0.103
A0A7K4IAJ4,0.103
A0A5C9EVQ9,0.103
A0A497QRP7,0.103
A0A524CEY7,0.103
A0A524DGM1,0.103
A0A842VG32,0.103
A0A1Q9N3F1,0.103
A0A524C3D6,0.103
A0A497R1Y8,0.103
A0A5C9F2K9,0.103
A0A135VKL0,0.103
A0A524CLQ2,0.103
A0A523W1S9,0.103
A0A7K4IEB8,0.103
A0A497PC44,0.103
A0A842TG05,0.103
A0A842RCI1,0.103
A0A524ECL0,0.103
A0A524L660,0.103
A0A523X842,0.103
A0A850MYD0,0.103
A0A524DKE9,0.103
A0A524EEZ3,0.103
A0A523TAR0,0.103
A0A7K4H977,0.103
A0A524CIY9,0.103
A0A0F8VKC0,0.103
A0A524CDT2,0.103
A0A523SED2,0.103
A0A1Q9PAY5,0.103
A0A1Q9PFF8,0.103
A0A2U3CK59,0.103
A0A7K4HH57,0.103
A0A524CCA3,0.103
A0A0F8XHH0,0.103
A0A524E0N3,0.103
A0A5B9D7R3,0.103
A0A524FM43,0.103
A0A497QJG5,0.103
A0A5C9EYK8,0.103
A0A850LQQ5,0.103
A0A135VT23,0.103
A0A850MFX3,0.103
A0A497PNX6,0.103
A0A1Q9PD79,0.103
A0A497QMT8,0.103
A0A2U3CJA2,0.103
A0A7K4IHA5,0.103
A0A523X4B0,0.103
A0A5C9E0S8,0.103
A0A524D9T4,0.103
A0A842VPR6,0.103
A0A842THC4,0.103
A0A842RBF4,0.103
A0A7K4GSI9,0.103
A0A524F2N5,0.103
A0A524LNF2,0.103
A0A7K4CUC5,0.103
A0A1Q9N2X2,0.103
A0A3L6J708,0.103
A0A135VYZ0,0.103
A0A1Q9N4I4,0.103
A0A524NUK8,0.103
A0A5C9E0P3,0.103
A0A5B9DBZ7,0.103
A0A1Q9NEC4,0.103
A0A842QJ30,0.103
A0A5C9E3J0,0.103
A0A7K4HFK9,0.103
A0A5C9EHL3,0.103
A0A850MM03,0.103
A0A5B9DFI9,0.103
A0A5C9EM97,0.103
A0A2U3CDE9,0.103
A0A842SYS5,0.103
A0A523RLU7,0.103
A0A524CY32,0.103
A0A3L6JII9,0.103
A0A842TAU5,0.103
A0A5C9ET39,0.103
A0A842QJD2,0.103
A0A5C9EFT6,0.103
A0A1Q9NM47,0.103
A0A850MBA8,0.103
A0A524F5V8,0.103
A0A1Q9MQS0,0.103
A0A7K4GZ10,0.103
A0A1Q9NKX7,0.103
A0A842RAW3,0.103
A0A843C1S5,0.103
A0A135VVA1,0.103
A0A842T7F8,0.103
A0A497PM52,0.103
A0A497PMD1,0.103
A0A0F8YDP9,0.103
A0A524CTS7,0.103
A0A842VWL0,0.103
A0A135VWW8,0.103
A0A842VUC8,0.103
A0A7K4CXP9,0.103
A0A7K4GSP1,0.103
A0A849Q5A1,0.103
A0A524L8D9,0.103
A0A524E1V9,0.103
A0A523RSF4,0.103
A0A497PJ89,0.103
A0A850M6F9,0.103
A0A1Q9PCE4,0.103
A0A842S751,0.103
A0A0F8YA46,0.103
A0A532TM24,0.103
A0A524CRI1,0.103
A0A523RLX7,0.103
A0A842RXR5,0.103
A0A1Q9P7F8,0.103
A0A842TKT4,0.103
A0A532TXG6,0.103
A0A842VZI0,0.103
A0A842QGG8,0.103
A0A524FQ25,0.103
A0A0F8VHK0,0.103
A0A842RCF0,0.103
A0A523TMA2,0.103
A0A524G4D3,0.103
A0A842VIZ6,0.103
A0A7K4HBI1,0.102
A0A7K4GSC9,0.102
A0A5C9DVH2,0.102
A0A2U3CDA9,0.102
A0A2U3CFB0,0.102
A0A1Q9NGT6,0.102
A0A843BV59,0.102
A0A524G5R7,0.102
A0A497PQA1,0.102
A0A849QE62,0.102
A0A7K4CS04,0.102
A0A3L6JEI3,0.102
A0A1Q9PG08,0.102
A0A1Q9NG21,0.102
A0A850LSM1,0.102
A0A497QVZ0,0.102
A0A5C9EN25,0.102
A0A842RAD3,0.102
A0A850MFU0,0.102
A0A524E4Z1,0.102
A0A524ET49,0.102
A0A524DJ12,0.102
A0A1Q9NLX1,0.102
A0A524G482,0.102
A0A7K4H988,0.102
A0A524CCH0,0.102
A0A0F8VKT0,0.102
A0A497QPN8,0.102
A0A1Q9PFU0,0.102
A0A842UAI9,0.102
A0A842VXK0,0.102
A0A0F8W1E0,0.102
A0A524NXC6,0.102
A0A5B9DBI1,0.102
A0A1Q9NDI2,0.102
A0A842WX26,0.102
A0A524FMC9,0.102
A0A850LPB2,0.102
A0A524CAX5,0.102
A0A850LP84,0.102
A0A532TF24,0.102
A0A497PQP4,0.102
A0A7K4CVD7,0.102
A0A0F8V8B0,0.102
A0A3L6JAG4,0.102
A0A842WW59,0.102
A0A1Q9NJA9,0.102
A0A524D864,0.102
A0A5C9EML4,0.102
A0A2U3CHP0,0.102
A0A842RGP6,0.102
A0A842VP94,0.102
A0A532TLX4,0.102
A0A842TJ80,0.102
A0A524CG57,0.102
A0A842VB31,0.102
A0A1Q9NA86,0.102
A0A842SVU4,0.102
A0A3L6JGM3,0.102
A0A523XCU9,0.102
A0A524CXV3,0.102
A0A850M9E5,0.102
A0A850MG91,0.102
A0A1Q9P0U9,0.102
A0A1Q9PE75,0.102
A0A497QMV6,0.102
A0A524FLZ2,0.102
A0A524F886,0.102
A0A524LJD5,0.102
A0A5C9EVF6,0.102
A0A1Q9MQB7,0.102
A0A532TCZ9,0.102
A0A842VF78,0.102
A0A5B9D6C3,0.102
A0A524FJL4,0.102
A0A524G3G0,0.102
A0A524ME98,0.102
A0A850MAM8,0.102
A0A842WSY3,0.102
A0A524LY69,0.102
A0A842SXN4,0.102
A0A524CLB2,0.102
A0A7K4ICN5,0.102
A0A842T5F5,0.102
A0A1Q9MTT8,0.102
A0A524D9X8,0.102
A0A842VJP3,0.102
A0A5C9DZ26,0.102
A0A842VEL7,0.102
A0A1Q9MUU9,0.102
A0A524FD41,0.102
A0A497PTD8,0.102
A0A524DER3,0.102
A0A5C9ETI5,0.102
A0A7K4GYN3,0.102
A0A1Q9NX74,0.102
A0A497QJ09,0.102
A0A842RVG9,0.102
A0A523TFQ7,0.102
A0A497QLA6,0.102
A0A524C1Y2,0.102
A0A497RAS8,0.102
A0A497QP08,0.102
A0A7K4CXE8,0.102
A0A842TKB8,0.102
A0A850M5Z0,0.102
A0A523S981,0.102
A0A524D8H8,0.102
A0A1Q9PDU2,0.102
A0A842X476,0.102
A0A842RS42,0.102
A0A7K4HIP8,0.102
A0A524CTM9,0.102
A0A524FNC0,0.102
A0A1Q9NTR2,0.102
A0A523S5Q7,0.102
A0A1Q9PDU7,0.102
A0A1Q9NIV2,0.102
A0A850M789,0.102
A0A497Q8D7,0.102
A0A524C8F3,0.102
A0A842TMY7,0.102
A0A1Q9P2Q5,0.102
A0A497PVB9,0.102
A0A842W0N0,0.102
A0A524NSS4,0.102
A0A523TJE7,0.102
A0A0F8VPA3,0.102
A0A842QIT5,0.102
A0A524D739,0.102
A0A850MI87,0.102
A0A523X6I0,0.102
A0A850MKY6,0.102
A0A5C9E294,0.102
A0A524F1J7,0.102
A0A842RSA2,0.101
A0A843BXB0,0.101
A0A524DGC2,0.101
A0A850MJ37,0.101
A0A1Q9NS14,0.101
A0A524DG37,0.101
A0A850MGY0,0.101
A0A497QE33,0.101
A0A842T2V8,0.101
A0A524F8F8,0.101
A0A524DAJ9,0.101
A0A523S6G6,0.101
A0A523R9I0,0.101
A0A2U3CL08,0.101
A0A2U3CIE9,0.101
A0A524EU73,0.101
A0A532TDQ4,0.101
A0A532TIW8,0.101
A0A524EZ27,0.101
A0A842TEH1,0.101
A0A1Q9MV67,0.101
A0A842WS69,0.101
A0A842TA23,0.101
A0A524CFQ3,0.101
A0A7K4CV26,0.101
A0A524E5F5,0.101
A0A1Q9NKE1,0.101
A0A524C4Q0,0.101
A0A850MUL4,0.101
A0A850LVT4,0.101
A0A2E9CG98,0.101
A0A842VHZ7,0.101
A0A497PHD4,0.101
A0A532TXA2,0.101
A0A842R9K3,0.101
A0A1Q9NQ18,0.101
A0A524E831,0.101
A0A524D3E5,0.101
A0A1Q9PEU2,0.101
A0A1Q9NED6,0.101
A0A7K4CVC5,0.101
A0A0F8VD21,0.101
A0A523SDH2,0.101
A0A497Q9I6,0.101
A0A7K4H4L6,0.101
A0A524DJ81,0.101
A0A842VVQ6,0.101
A0A850LYB2,0.101
A0A524CLA6,0.101
A0A842SC05,0.101
A0A5B9D753,0.101
A0A0F8V9R0,0.101
A0A1Q9MRJ0,0.101
A0A524D4G3,0.101
A0A135VRJ6,0.101
A0A843BWS6,0.101
A0A524FYI8,0.101
A0A524DJD0,0.101
A0A7K4CY84,0.101
A0A850MQZ8,0.101
A0A0F8VBM4,0.101
A0A842VIW7,0.101
A0A850MYN6,0.101
A0A1Q9NX61,0.101
A0A842U6J5,0.101
A0A524EIT5,0.101
A0A524D478,0.101
A0A5C9EVF1,0.101
A0A5B9D598,0.101
A0A497QG73,0.101
A0A1Q9N2N1,0.101
A0A524FL15,0.101
A0A1Q9P359,0.101
A0A842RC31,0.101
A0A7K4CXZ8,0.101
A0A135VBU4,0.101
A0A524DXN5,0.101
A0A524C8Q6,0.101
A0A523TFA2,0.101
A0A524FFP2,0.101
A0A842RKT2,0.101
A0A5C9DUL2,0.101
A0A524CYX9,0.101
A0A842TDH0,0.101
A0A524EN96,0.101
A0A850MF01,0.101
A0A524MFN9,0.101
A0A1Q9NC19,0.101
A0A0F8WCT2,0.101
A0A524DP81,0.101
A0A842WLA3,0.101
A0A532T9T4,0.101
A0A842VSJ2,0.101
A0A523S577,0.101
A0A5C9E2W0,0.101
A0A842VKZ0,0.101
A0A2U3CGJ9,0.101
A0A7K4GVE0,0.101
A0A1Q9MTA8,0.101
A0A524F915,0.101
A0A1Q9MQA3,0.101
A0A5C9E3U8,0.101
A0A5B9D807,0.101
A0A850M815,0.101
A0A1Q9PCR7,0.101
A0A842TB17,0.101
A0A524LFD2,0.101
A0A3L6JMY8,0.101
A0A497REX2,0.101
A0A842TWP0,0.101
A0A842SAL8,0.101
A0A1Q9MT00,0.101
A0A532TUX1,0.101
A0A842TPG2,0.101
A0A842TJH0,0.101
A0A5C9E7Z3,0.101
A0A523RZH8,0.101
A0A3L6JCE7,0.101
A0A3L6JE04,0.101
A0A524ELC5,0.101
A0A0F8XRA9,0.101
A0A842VH40,0.101
A0A842WSI1,0.101
A0A524CIN0,0.101
A0A3L6JB58,0.101
A0A497QUH7,0.101
A0A7K4HJW9,0.101
A0A497RF57,0.101
A0A497QSS1,0.101
A0A850MES5,0.101
A0A842QDI3,0.101
A0A5C9E403,0.101
A0A497PZ67,0.101
A0A497QFR5,0.101
A0A842VU84,0.101
A0A524FN53,0.101
A0A842WYN4,0.101
A0A7K4CUI1,0.101
A0A524D7Z9,0.101
A0A523VQA4,0.101
A0A842U564,0.101
A0A497PNT5,0.101
A0A524DM88,0.101
A0A850LS84,0.101
A0A524F0Q5,0.101
A0A524FN17,0.101
A0A842T7R5,0.101
A0A842W499,0.101
A0A842RM07,0.101
A0A850LV23,0.101
A0A497QF38,0.101
A0A842RX53,0.101
A0A5B9DB46,0.101
A0A1Q9NH47,0.101
A0A524FSS1,0.101
A0A1Q9NSE2,0.101
A0A842QIC1,0.101
A0A2U3CCA8,0.101
A0A1Q9NAC4,0.101
A0A7K4CTH3,0.101
A0A842WQS6,0.101
A0A7K4HGH3,0.101
A0A3L6JD33,0.101
A0A524DI96,0.1
A0A850LS35,0.1
A0A0F8Y8M2,0.1
A0A524F4M0,0.1
A0A842W3S7,0.1
A0A524EMN4,0.1
A0A524DMW0,0.1
A0A524FKV9,0.1
A0A524CK43,0.1
A0A524F1Q4,0.1
A0A524GA05,0.1
A0A1Q9N1T7,0.1
A0A7K4GXC1,0.1
A0A524FFI5,0.1
A0A524G7H4,0.1
A0A7K4GQQ2,0.1
A0A497RB40,0.1
A0A524D101,0.1
A0A524FFX3,0.1
A0A524CYC7,0.1
A0A3L6JI65,0.1
A0A524LA54,0.1
A0A842W3Y5,0.1
A0A532T6U1,0.1
A0A532TK76,0.1
A0A497QLY6,0.1
A0A523RWU0,0.1
A0A842W570,0.1
A0A2U3CII9,0.1
A0A842RYL0,0.1
A0A497PCT4,0.1
A0A524F8J1,0.1
A0A524ENH1,0.1
A0A1Q9P5T1,0.1
A0A524FAX7,0.1
A0A524F3L1,0.1
A0A524DSI5,0.1
A0A842VLG5,0.1
A0A497PNH1,0.1
A0A3L6JLZ2,0.1
A0A524C9Q4,0.1
A0A850LXW8,0.1
A0A842TKE5,0.1
A0A532TJZ7,0.1
A0A497QWU9,0.1
A0A497PPQ1,0.1
A0A842U7J4,0.1
A0A7K4GXI4,0.1
A0A524DHY0,0.1
A0A7K4IEQ0,0.1
A0A524CP41,0.1
A0A0F8VD44,0.1
A0A843BV82,0.1
A0A842S7R3,0.1
A0A524DYD0,0.1
A0A7K4CW96,0.1
A0A524DK59,0.1
A0A524G0W9,0.1
A0A5B9DGR3,0.1
A0A0F8V8P0,0.1
A0A523RIA2,0.1
A0A850MLF3,0.1
A0A524CKU6,0.1
A0A5C9DUZ2,0.1
A0A523RHT2,0.1
A0A497PRN4,0.1
A0A842W2L3,0.1
A0A850M8G8,0.1
A0A850M0S6,0.1
A0A524E250,0.1
A0A523TCI7,0.1
A0A532TRT0,0.1
A0A842S462,0.1
A0A497QWF3,0.1
A0A1Q9MQN8,0.1
A0A2E9CF22,0.1
A0A850M1Q2,0.1
A0A524EVK4,0.1
A0A850MFZ3,0.1
A0A842VF80,0.1
A0A5C9EQY2,0.1
A0A524DEN2,0.1
A0A497QFE4,0.1
A0A842QD46,0.1
A0A524CPN2,0.1
A0A524DFH1,0.1
A0A5C9EDJ9,0.1
A0A524P6R2,0.1
A0A532TMW6,0.1
A0A524CJA1,0.1
A0A5C9EYZ4,0.1
A0A524DSN2,0.1
A0A524FGY1,0.1
A0A1Q9PE44,0.1
A0A1Q9MUE0,0.1
A0A497Q371,0.1
A0A497QI06,0.1
A0A842T6P6,0.1
A0A135VY01,0.1
A0A842V927,0.1
A0A524G4F0,0.1
A0A842VUD7,0.1
A0A7K4H1M1,0.1
A0A850M2Y0,0.1
A0A5C9EUN1,0.1
A0A532T992,0.1
A0A524F345,0.1
A0A842T859,0.1
A0A524D119,0.1
A0A497PIR9,0.1
A0A523VXF8,0.1
A0A135VJ11,0.1
A0A5C9DZZ0,0.1
A0A850MD58,0.1
A0A842W5L1,0.1
A0A850MI15,0.1
A0A1Q9PE30,0.1
A0A523X5R8,0.1
A0A497PX83,0.1
A0A0F8XT28,0.1
A0A523RHI8,0.1
A0A532T2H7,0.1
A0A497QCF5,0.1
A0A5C9EVN1,0.1
A0A850MJH3,0.1
A0A7K4CRY2,0.1
A0A1Q9MUL8,0.1
A0A5C9E239,0.1
A0A524P2Y8,0.1
A0A532TP69,0.1
A0A842T614,0.1
A0A523R8H7,0.1
A0A524E9T8,0.1
A0A524CVX3,0.1
A0A7K4H436,0.1
A0A524M8D8,0.1
A0A497RAA3,0.1
A0A842R741,0.1
A0A524L8J1,0.1
A0A0F8VF59,0.1
A0A524NSF7,0.1
A0A5C9E749,0.1
A0A524DJS4,0.1
A0A3L6JME3,0.1
A0A523TME8,0.1
A0A5C9EC73,0.1
A0A3L6J654,0.1
A0A7K4CTC9,0.1
A0A842VTX4,0.1
A0A497PGA1,0.1
A0A842VYB7,0.1
A0A842U406,0.1
A0A842VX82,0.1
A0A135VFL4,0.1
A0A524CI52,0.1
A0A497R3J3,0.1
A0A3L6JDE1,0.1
A0A842RDA5,0.099
A0A842RPJ4,0.099
A0A3L6JP42,0.099
A0A524C2L4,0.099
A0A524CLC1,0.099
A0A5C9EMP3,0.099
A0A523W379,0.099
A0A5C9DSP5,0.099
A0A524DV37,0.099
A0A1Q9MWZ7,0.099
A0A497Q9Q3,0.099
A0A842QGK6,0.099
A0A843C3A3,0.099
A0A524FZ91,0.099
A0A850LYN0,0.099
A0A842VPT8,0.099
A0A842R7E7,0.099
A0A532TD32,0.099
A0A5C9E3Q4,0.099
A0A7K4GM46,0.099
A0A524G5H8,0.099
A0A497QEG5,0.099
A0A843C3D2,0.099
A0A842YBR6,0.099
A0A524MBE1,0.099
A0A497QMP7,0.099
A0A497Q6N5,0.099
A0A523RWR3,0.099
A0A842SAV6,0.099
A0A1Q9P2C1,0.099
A0A842TUV6,0.099
A0A7K4ID89,0.099
A0A7K4CMS9,0.099
A0A842T931,0.099
A0A2U3CKA5,0.099
A0A497PZV1,0.099
A0A135VXB8,0.099
A0A524EMQ2,0.099
A0A7K4D1Z1,0.099
A0A7K4H783,0.099
A0A5C9EDR8,0.099
A0A497QVA0,0.099
A0A1Q9NW34,0.099
A0A497QB09,0.099
A0A842VIP1,0.099
A0A842TID0,0.099
A0A524LMG6,0.099
A0A497QW80,0.099
A0A7K4GLT8,0.099
A0A1Q9NLG8,0.099
A0A524E7Q2,0.099
A0A524FMV0,0.099
A0A532TFK9,0.099
A0A135VD46,0.099
A0A842QLR8,0.099
A0A7C0Y8T6,0.099
A0A524L588,0.099
A0A524DSP3,0.099
A0A524FYP4,0.099
A0A524ESQ4,0.099
A0A524EWG9,0.099
A0A523RNW8,0.099
A0A524L5Z4,0.099
A0A524DSE5,0.099
A0A497PGQ7,0.099
A0A842T8V8,0.099
A0A524LJD8,0.099
A0A523R9A2,0.099
A0A843BS53,0.099
A0A524FZY1,0.099
A0A497PR69,0.099
A0A842YFL1,0.099
A0A850M1I0,0.099
A0A524DZN0,0.099
A0A524D5I6,0.099
A0A497Q9Q6,0.099
A0A850MEI4,0.099
A0A5C9EY02,0.099
A0A523R8W6,0.099
A0A524LEH2,0.099
A0A524D610,0.099
A0A7K4HBW6,0.099
A0A524LJI0,0.099
A0A5C9E2I2,0.099
A0A497Q6M6,0.099
A0A524LR91,0.099
A0A524MHM8,0.099
A0A524DI11,0.099
A0A842WWN2,0.099
A0A842W645,0.099
A0A524FBH8,0.099
A0A523RF79,0.099
A0A524EAT6,0.099
A0A524CKA1,0.099
A0A524ESL2,0.099
A0A497QGU5,0.099
A0A2E9CDX0,0.099
A0A0F8VJS5,0.099
A0A842WUY0,0.099
A0A7K4H762,0.099
A0A524DLD1,0.099
A0A842RFR3,0.099
A0A524NY25,0.099
A0A5C9DXQ8,0.099
A0A524E1M4,0.099
A0A1Q9N4U6,0.099
A0A842R995,0.099
A0A524F346,0.099
A0A850MFF1,0.099
A0A524FKH1,0.099
A0A524CJI3,0.099
A0A497R783,0.099
A0A524C999,0.099
A0A497R6S5,0.099
A0A524E0P5,0.099
A0A850M105,0.099
A0A842SBK1,0.099
A0A497QLZ7,0.099
A0A524CCH2,0.099
A0A5B9D6Z5,0.099
A0A5C9EKC3,0.099
A0A842T552,0.099
A0A532T7Q9,0.099
A0A0F8XNE6,0.099
A0A5C9EK41,0.099
A0A497QWM5,0.099
A0A524FKN5,0.099
A0A7K4HKE3,0.099
A0A842T967,0.099
A0A7K4CPF0,0.099
A0A524CJB0,0.099
A0A497QY46,0.099
A0A850MHN6,0.099
A0A7K4IGP5,0.099
A0A850MEP0,0.099
A0A3L6JBV8,0.099
A0A842TUF7,0.099
A0A497R3L5,0.099
A0A850MT38,0.099
A0A850LT78,0.099
A0A842RTB6,0.099
A0A524DPA9,0.099
A0A842WQ72,0.099
A0A524DC94,0.099
A0A524F5C3,0.099
A0A523RS62,0.099
A0A842TEY9,0.099
A0A524NZD3,0.099
A0A524EIQ2,0.099
A0A524D4W8,0.099
A0A2U3CHX2,0.099
A0A7K4H4M6,0.099
A0A7K4H463,0.099
A0A7K4CWJ3,0.098
A0A524DBM1,0.098
A0A842VFJ9,0.098
A0A7K4IF48,0.098
A0A524E5P1,0.098
A0A850MGR9,0.098
A0A1Q9NT78,0.098
A0A135VGH2,0.098
A0A523VPS5,0.098
A0A135VTD0,0.098
A0A1Q9MS18,0.098
A0A497QBB6,0.098
A0A524CUB7,0.098
A0A497QV80,0.098
A0A7K4CSD6,0.098
A0A7K4CRY0,0.098
A0A7K4H9K6,0.098
A0A532TEE7,0.098
A0A524E1P6,0.098
A0A850LPT7,0.098
A0A1Q9NYD1,0.098
A0A524C398,0.098
A0A524FTX8,0.098
A0A497QSG6,0.098
A0A524D9P8,0.098
A0A843BW32,0.098
A0A1Q9NIR5,0.098
A0A842QJQ1,0.098
A0A524ES69,0.098
A0A524E7T0,0.098
A0A524FSC3,0.098
A0A842S2I8,0.098
A0A1Q9NFM1,0.098
A0A842W0J1,0.098
A0A1Q9NAD7,0.098
A0A0F8Y996,0.098
A0A135VTF0,0.098
A0A1Q9NAW0,0.098
A0A842X0P7,0.098
A0A842T6E2,0.098
A0A850M2U6,0.098
A0A850LV92,0.098
A0A524ECA2,0.098
A0A842X0H4,0.098
A0A524EA94,0.098
A0A842Y950,0.098
A0A524C515,0.098
A0A524GBF8,0.098
A0A7K4CY51,0.098
A0A7K4H2B5,0.098
A0A524LKY8,0.098
A0A842W2I3,0.098
A0A497R7V6,0.098
A0A135VFW1,0.098
A0A7K4CYI8,0.098
A0A524DL23,0.098
A0A2U3CE35,0.098
A0A842VJ74,0.098
A0A842TD35,0.098
A0A850MLT7,0.098
A0A842RFH3,0.098
A0A7K4II35,0.098
A0A524CDA4,0.098
A0A524E4S2,0.098
A0A842T4J2,0.098
A0A842TA72,0.098
A0A497R261,0.098
A0A523TD89,0.098
A0A532TSY1,0.098
A0A524EFY5,0.098
A0A850M6A8,0.098
A0A849Q7L3,0.098
A0A497Q9I4,0.098
A0A842X038,0.098
A0A5C9EUL3,0.098
A0A524EX84,0.098
A0A524CEJ6,0.098
A0A842QEW0,0.098
A0A524D5D6,0.098
A0A497QBE4,0.098
A0A842T8X6,0.098
A0A842TJ44,0.098
A0A850LQY5,0.098
A0A135VUE4,0.098
A0A524D2S4,0.098
A0A842TEF5,0.098
A0A7K4D1D5,0.098
A0A524CNJ8,0.098
A0A842RG38,0.098
A0A5C9EGE8,0.098
A0A135VR48,0.098
A0A842TKQ0,0.098
A0A497Q292,0.098
A0A850LZH7,0.098
A0A524EHU5,0.098
A0A497PP67,0.098
A0A5B9D659,0.098
A0A7K4HHX4,0.098
A0A524FAY1,0.098
A0A850MFB9,0.098
A0A524DWW4,0.098
A0A5C9EAK7,0.098
A0A524CAU4,0.098
A0A497RBN8,0.098
A0A524E605,0.098
A0A842RWE9,0.098
A0A1Q9MSS3,0.098
A0A850MBW9,0.098
A0A135VNN2,0.098
A0A524FUY3,0.098
A0A1Q9MSL3,0.098
A0A497PNP6,0.098
A0A842RMV2,0.098
A0A524M446,0.098
A0A7K4H462,0.098
A0A842S5N7,0.098
A0A842SYM4,0.098
A0A842WN19,0.098
A0A842YE79,0.098
A0A3L6JN23,0.098
A0A850LTI6,0.098
A0A1Q9P4V4,0.098
A0A842W036,0.098
A0A523XMG0,0.098
A0A843BR80,0.098
A0A524EYT0,0.098
A0A842VPU0,0.098
A0A0F8VET6,0.098
A0A1Q9NK80,0.098
A0A524FLU5,0.098
A0A497QFZ3,0.098
A0A524LQN2,0.098
A0A842U8J6,0.098
A0A842VNW9,0.098
A0A3L6JMK7,0.098
A0A524FAL2,0.098
A0A849QFS1,0.098
A0A135VLV5,0.098
A0A5C9E224,0.098
A0A532TI28,0.098
A0A532TRP7,0.098
A0A0F8W4A3,0.098
A0A532TAS8,0.098
A0A842VZE8,0.098
A0A842RT96,0.098
A0A497QUI3,0.098
A0A523R6F8,0.098
A0A3L6JIJ0,0.098
A0A842TNB9,0.098
A0A0F8XVX7,0.098
A0A135VSN2,0.098
A0A524CY70,0.098
A0A842U258,0.098
A0A497Q8I7,0.098
A0A524P666,0.098
A0A850MX87,0.098
A0A842REZ3,0.098
A0A524DCU2,0.098
A0A7K4IE06,0.098
A0A842VU92,0.098
A0A850MGC0,0.098
A0A1Q9MYE2,0.098
A0A532TUS5,0.098
A0A5C9E2A4,0.098
A0A524D4U3,0.098
A0A7K4H9F3,0.098
A0A524DW92,0.098
A0A523RTQ6,0.098
A0A497QZR7,0.097
A0A524DC59,0.097
A0A532TID6,0.097
A0A842YDH4,0.097
A0A5B9DCX0,0.097
A0A842SZL5,0.097
A0A524DP12,0.097
A0A842QHN2,0.097
A0A135VY46,0.097
A0A842RQI1,0.097
A0A3L6JL89,0.097
A0A842S9T8,0.097
A0A850MFY1,0.097
A0A842VBC3,0.097
A0A1Q9P824,0.097
A0A842VN78,0.097
A0A842VH33,0.097
A0A532T7D5,0.097
A0A842RRR0,0.097
A0A7K4GZD8,0.097
A0A523RDL2,0.097
A0A523W323,0.097
A0A524E7K3,0.097
A0A3L6JSN4,0.097
A0A842S4Z0,0.097
A0A842WXA4,0.097
A0A2E9CFN0,0.097
A0A5C9DVD8,0.097
A0A524ES74,0.097
A0A524L5S9,0.097
A0A842RG45,0.097
A0A1Q9N8K2,0.097
A0A850MGR2,0.097
A0A524EEM5,0.097
A0A1Q9PBF0,0.097
A0A0F8XIZ7,0.097
A0A497PXU3,0.097
A0A524EG46,0.097
A0A497QGM1,0.097
A0A842SY08,0.097
A0A842VQG1,0.097
A0A7K4CPR9,0.097
A0A842RB79,0.097
A0A5C9E140,0.097
A0A5C9E5D1,0.097
A0A135VN90,0.097
A0A524FID8,0.097
A0A497QC91,0.097
A0A843BRL0,0.097
A0A842TGR9,0.097
A0A524DED5,0.097
A0A842RHL8,0.097
A0A1Q9NR29,0.097
A0A524F5Q2,0.097
A0A842U045,0.097
A0A523W4V3,0.097
A0A842W2R2,0.097
A0A524C940,0.097
A0A497QXR5,0.097
A0A7K4GZX9,0.097
A0A524DCB5,0.097
A0A532THG3,0.097
A0A523S1Z3,0.097
A0A1Q9MWB8,0.097
A0A135VB21,0.097
A0A5C9DUN4,0.097
A0A524EQU9,0.097
A0A0F8Y4I9,0.097
A0A842RMM0,0.097
A0A850MEG3,0.097
A0A850LP88,0.097
A0A842VBA5,0.097
A0A524F616,0.097
A0A842YCW4,0.097
A0A7K4CSW9,0.097
A0A524FNQ7,0.097
A0A7K4HJ08,0.097
A0A3L6JAC2,0.097
A0A1Q9NAF5,0.097
A0A850MWS5,0.097
A0A5C9DX80,0.097
A0A850MQD6,0.097
A0A523RAZ3,0.097
A0A1Q9NX79,0.097
A0A842WLD1,0.097
A0A842TGU1,0.097
A0A842TVN0,0.097
A0A1Q9P5I6,0.097
A0A842QJ23,0.097
A0A524FLM8,0.097
A0A532T9C2,0.097
A0A135VQS1,0.097
A0A524FGP5,0.097
A0A524EKN8,0.097
A0A135VP26,0.097
A0A135VC89,0.097
A0A7C0U8B2,0.097
A0A1Q9NHR4,0.097
A0A842YDK6,0.097
A0A850M4Q1,0.097
A0A850LUH9,0.097
A0A5B9DCB4,0.097
A0A524C2Y6,0.097
A0A842YCZ5,0.097
A0A842S3N8,0.097
A0A524C417,0.097
A0A523RQM3,0.097
A0A524FJ30,0.097
A0A524CSP2,0.097
A0A850LWA8,0.097
A0A524F3I3,0.097
A0A1Q9MY52,0.097
A0A7C0U9T6,0.097
A0A842S3M6,0.097
A0A497PXZ2,0.097
A0A1Q9P7U6,0.097
A0A0F8V6Z5,0.097
A0A524LGZ2,0.097
A0A1Q9MTZ9,0.097
A0A842TU70,0.097
A0A5C9EGF1,0.097
A0A842QD47,0.097
A0A524F4R1,0.097
A0A850M303,0.097
A0A842WNZ4,0.097
A0A497QCT1,0.097
A0A135VRP8,0.097
A0A1Q9NTV2,0.097
A0A524EER4,0.097
A0A842U8I8,0.097
A0A524DQR0,0.097
A0A7K4H2A9,0.097
A0A7K4CSN7,0.097
A0A850M8F9,0.097
A0A850LQA5,0.097
A0A524CAH2,0.097
A0A1Q9NLG2,0.097
A0A532TPQ0,0.097
A0A7K4CTG7,0.097
A0A523TP40,0.097
A0A524FS34,0.097
A0A524DIC9,0.097
A0A842YFI1,0.097
A0A524G027,0.097
A0A842RRK6,0.097
A0A7C0U8Q8,0.097
A0A524CLP7,0.097
A0A850M9W9,0.097
A0A3L6JTD0,0.097
A0A0F8VF99,0.097
A0A850LRP3,0.097
A0A850LYQ3,0.097
A0A497R4Q6,0.097
A0A842RJQ3,0.097
A0A524CK10,0.097
A0A842QFH3,0.097
A0A1Q9NM57,0.097
A0A524FDN1,0.097
A0A1Q9P3I1,0.097
A0A5C9F3Y6,0.097
A0A842SYE8,0.097
A0A7K4CNN7,0.097
A0A497Q6P0,0.097
A0A850MNG2,0.097
A0A497QC46,0.097
A0A524FZ98,0.097
A0A524FUZ4,0.097
A0A524DFW3,0.097
A0A842VNR3,0.097
A0A7K4GSN6,0.096
A0A524CXL9,0.096
A0A2U3CD96,0.096
A0A1Q9NIY1,0.096
A0A524CDM2,0.096
A0A524EI69,0.096
A0A524FC81,0.096
A0A524NW08,0.096
A0A524EU74,0.096
A0A5B9DFI8,0.096
A0A842TAT7,0.096
A0A850MPW1,0.096
A0A843BXX5,0.096
A0A524LIC5,0.096
A0A5C9EXJ2,0.096
A0A524F0C9,0.096
A0A524FLJ8,0.096
A0A5C9EB26,0.096
A0A524F5U7,0.096
A0A524DY23,0.096
A0A3L6JPI7,0.096
A0A842VWC1,0.096
A0A523RIM5,0.096
A0A7K4H6B0,0.096
A0A1Q9P622,0.096
A0A523VXP8,0.096
A0A842QH66,0.096
A0A7K4CXV7,0.096
A0A850M1H5,0.096
A0A5B9DD68,0.096
A0A135VZM9,0.096
A0A842RU70,0.096
A0A5C9EQQ5,0.096
A0A524EP42,0.096
A0A842RZY6,0.096
A0A842TAP7,0.096
A0A524EJ25,0.096
A0A524CHP5,0.096
A0A3L6JEP0,0.096
A0A3L6J9A3,0.096
A0A7K4CVY8,0.096
A0A497PD74,0.096
A0A3L6JBY6,0.096
A0A1Q9NTE2,0.096
A0A497QR17,0.096
A0A135VUZ8,0.096
A0A524CJZ4,0.096
A0A1Q9NZR1,0.096
A0A523XIF7,0.096
A0A524LFQ0,0.096
A0A524EJD3,0.096
A0A842VDY4,0.096
A0A842T7B6,0.096
A0A850LZV2,0.096
A0A842TLM3,0.096
A0A1Q9PBC3,0.096
A0A1Q9NSK7,0.096
A0A842U1H5,0.096
A0A2U3CFE7,0.096
A0A5B9DGC2,0.096
A0A850M9Q5,0.096
A0A842VSR0,0.096
A0A850MUX5,0.096
A0A524C6X1,0.096
A0A1Q9MWC5,0.096
A0A1Q9NGV1,0.096
A0A842YCP6,0.096
A0A497RCV6,0.096
A0A5B9DBL8,0.096
A0A850LUI6,0.096
A0A524CGM6,0.096
A0A842WWG0,0.096
A0A497PZ69,0.096
A0A524P6Q8,0.096
A0A524CMV7,0.096
A0A1Q9NAZ7,0.096
A0A497QHR6,0.096
A0A524DJF8,0.096
A0A5C9EGL2,0.096
A0A524CKN7,0.096
A0A1Q9MYP3,0.096
A0A497QEI9,0.096
A0A7K4GVJ5,0.096
A0A7K4D0K8,0.096
A0A524G6T9,0.096
A0A1Q9NIL0,0.096
A0A524M8F1,0.096
A0A842VP71,0.096
A0A497QJ40,0.096
A0A843BSX2,0.096
A0A135VCZ0,0.096
A0A497PGS5,0.096
A0A524CS57,0.096
A0A5C9EM90,0.096
A0A3L6JEB1,0.096
A0A523TJL9,0.096
A0A1Q9NVE9,0.096
A0A842TGA9,0.096
A0A1Q9N498,0.096
A0A523S5Y8,0.096
A0A524FAJ1,0.096
A0A524F3W0,0.096
A0A497QJR4,0.096
A0A497QYG2,0.096
A0A523VQE8,0.096
A0A524D9E4,0.096
A0A524FQC2,0.096
A0A135VE93,0.096
A0A842TMY5,0.096
A0A524LKU4,0.096
A0A524CWX2,0.096
A0A842VZG9,0.096
A0A497P882,0.096
A0A0F8V6T5,0.096
A0A1Q9MUP7,0.096
A0A842VBN1,0.096
A0A497Q422,0.096
A0A842VJQ8,0.096
A0A524EJE7,0.096
A0A497Q070,0.096
A0A850M542,0.096
A0A524P5A9,0.096
A0A497PU24,0.096
A0A842WYC7,0.096
A0A0F8XSX8,0.096
A0A524F0N8,0.096
A0A524FRJ3,0.096
A0A842SYQ7,0.096
A0A1Q9P4B2,0.096
A0A7K4GQR8,0.096
A0A842TA26,0.096
A0A1Q9PBC6,0.096
A0A523S1J8,0.096
A0A0F8XHR6,0.096
A0A497QDC2,0.096
A0A497QME5,0.096
A0A850LTJ0,0.096
A0A135VKT0,0.096
A0A497QH32,0.096
A0A497QWN0,0.096
A0A524CJT2,0.096
A0A7K4GWY1,0.096
A0A524CHX3,0.096
A0A0F8Y2K4,0.096
A0A497QG34,0.096
A0A7K4H1E7,0.096
A0A0F8VNI0,0.096
A0A524C276,0.096
A0A497PP29,0.096
A0A5C9DZT2,0.096
A0A524NZE9,0.096
A0A524EH04,0.096
A0A524C5I6,0.096
A0A850M3H0,0.096
A0A497PTL1,0.096
A0A497Q6E3,0.096
A0A850MP39,0.096
A0A1Q9N1Q4,0.096
A0A843C5I8,0.096
A0A842TLE5,0.096
A0A842RLK1,0.096
A0A524DPM4,0.096
A0A842T1D2,0.096
A0A524LZY4,0.096
A0A850MBE3,0.096
A0A524F4N1,0.096
A0A850MQC6,0.096
A0A1Q9NCF0,0.096
A0A524CCS6,0.096
A0A524G228,0.096
A0A0F8VLB0,0.096
A0A842VWF2,0.095
A0A3L6JAC7,0.095
A0A842VW01,0.095
A0A7K4H3E4,0.095
A0A7K4GXW3,0.095
A0A523RBK0,0.095
A0A524D554,0.095
A0A524FUC6,0.095
A0A497PSS5,0.095
A0A524DAB7,0.095
A0A524LA47,0.095
A0A524P2D6,0.095
A0A532TKQ7,0.095
A0A497PTB6,0.095
A0A0F8VJ56,0.095
A0A842RJI9,0.095
A0A842QEI8,0.095
A0A7K4ICP8,0.095
A0A7K4GT76,0.095
A0A7K4H5Y2,0.095
A0A524EAA6,0.095
A0A842RF71,0.095
A0A850LVL7,0.095
A0A524G0H4,0.095
A0A7K4H3T9,0.095
A0A524CZH4,0.095
A0A5C9EQW7,0.095
A0A7K4H0Y7,0.095
A0A524DPH9,0.095
A0A5C9EDP6,0.095
A0A524G8W8,0.095
A0A850MCF0,0.095
A0A524DF52,0.095
A0A497PRP0,0.095
A0A1Q9NCN4,0.095
A0A842T7J4,0.095
A0A524LWS8,0.095
A0A524L7U1,0.095
A0A524CLB1,0.095
A0A497QMC6,0.095
A0A842S024,0.095
A0A524C6K3,0.095
A0A850M551,0.095
A0A524E884,0.095
A0A524CE86,0.095
A0A532T898,0.095
A0A3L6JSJ9,0.095
A0A850LXB1,0.095
A0A2U3CK23,0.095
A0A3L6JKG3,0.095
A0A842T3E8,0.095
A0A1Q9NNB5,0.095
A0A850LXR4,0.095
A0A524C5X8,0.095
A0A1Q9MSJ2,0.095
A0A135VRU3,0.095
A0A523XFV4,0.095
A0A524E573,0.095
A0A524NRM8,0.095
A0A524D5X0,0.095
A0A5C9EIJ7,0.095
A0A842WZI5,0.095
A0A524FIC5,0.095
A0A0F8VA15,0.095
A0A1Q9MRY1,0.095
A0A524FJU7,0.095
A0A497PZV6,0.095
A0A5C9EZ81,0.095
A0A7K4ICL4,0.095
A0A523W114,0.095
A0A1Q9NV62,0.095
A0A842WM96,0.095
A0A1Q9NME6,0.095
A0A135VYL6,0.095
A0A497Q904,0.095
A0A524E973,0.095
A0A524F7A3,0.095
A0A1Q9P939,0.095
A0A523VME0,0.095
A0A849QE36,0.095
A0A842YG53,0.095
A0A842WSV1,0.095
A0A842T2M7,0.095
A0A524EYL9,0.095
A0A524F6Q7,0.095
A0A842TKV4,0.095
A0A497QS88,0.095
A0A5C9E5X9,0.095
A0A3L6JBZ6,0.095
A0A1Q9MWX7,0.095
A0A497Q9A3,0.095
A0A524CB77,0.095
A0A2U3CJQ3,0.095
A0A850M6V2,0.095
A0A497Q8Y2,0.095
A0A523SCN4,0.095
A0A842UC88,0.095
A0A850LSY1,0.095
A0A1Q9NDA8,0.095
A0A842U820,0.095
A0A842TCK6,0.095
A0A5B9DAX2,0.095
A0A842RDY4,0.095
A0A532TE80,0.095
A0A842SZ37,0.095
A0A523XLP4,0.095
A0A497PQZ5,0.095
A0A135VU48,0.095
A0A842TGT1,0.095
A0A1Q9NJ27,0.095
A0A497PFH3,0.095
A0A7K4GYZ3,0.095
A0A1Q9NVP2,0.095
A0A497Q9U2,0.095
A0A524L548,0.095
A0A524CPR1,0.095
A0A7K4IFT6,0.095
A0A850M3A5,0.095
A0A7K4H384,0.095
A0A524DQ20,0.095
A0A1Q9NUW2,0.095
A0A524EFW6,0.095
A0A842RGP8,0.095
A0A842W1W3,0.095
A0A524DSE6,0.095
A0A523TLA1,0.095
A0A524D0K5,0.095
A0A842TQU1,0.095
A0A524EGW6,0.095
A0A524E0G6,0.095
A0A523RBB0,0.095
A0A524FS57,0.095
A0A843BYA0,0.095
A0A850MLL2,0.095
A0A497QEN3,0.095
A0A0F8VYT4,0.095
A0A524DCJ3,0.095
A0A5C9E811,0.095
A0A524FNN8,0.095
A0A523VZ10,0.095
A0A843C569,0.095
A0A7K4CZL2,0.095
A0A842WPF2,0.095
A0A7K4CMF3,0.095
A0A1Q9NYK8,0.095
A0A524F6T7,0.095
A0A842YD63,0.095
A0A5C9E7A6,0.095
A0A497QNZ6,0.095
A0A7K4GP46,0.095
A0A524DVG7,0.095
A0A850M5Y6,0.095
A0A497PR09,0.095
A0A842VY65,0.095
A0A1Q9P2Z6,0.095
A0A842U7N3,0.095
A0A842QA98,0.095
A0A842QG30,0.095
A0A842S096,0.095
A0A1Q9PG01,0.095
A0A842RL96,0.095
A0A7K4CU91,0.095
A0A497QQN2,0.095
A0A5B9DEZ8,0.095
A0A842RF02,0.095
A0A842QDW3,0.095
A0A7K4D0R2,0.094
A0A524EAZ7,0.094
A0A524DFW2,0.094
A0A850LSF3,0.094
A0A135VQN7,0.094
A0A135VFB4,0.094
A0A842VYS8,0.094
A0A7K4IGI7,0.094
A0A497QQP7,0.094
A0A1Q9MQR1,0.094
A0A5C9EI74,0.094
A0A1Q9N026,0.094
A0A523XPS2,0.094
A0A497Q481,0.094
A0A1Q9ND57,0.094
A0A497PI46,0.094
A0A523RI09,0.094
A0A5C9E1W0,0.094
A0A842RLR4,0.094
A0A532T2H5,0.094
A0A3L6JQX0,0.094
A0A842RDT7,0.094
A0A5C9EKJ8,0.094
A0A524FW75,0.094
A0A5C9EXH4,0.094
A0A497QPL9,0.094
A0A842V9K6,0.094
A0A842VKA7,0.094
A0A497QRW2,0.094
A0A524EZK7,0.094
A0A3L6JNE0,0.094
A0A497QFY6,0.094
A0A524P5B5,0.094
A0A524FUM9,0.094
A0A524DX72,0.094
A0A1Q9MVK2,0.094
A0A497PS57,0.094
A0A3L6JCH4,0.094
A0A5C9F2W9,0.094
A0A524F566,0.094
A0A0F8VMY8,0.094
A0A524FA28,0.094
A0A5C9E109,0.094
A0A842RLR2,0.094
A0A524EGA2,0.094
A0A524LTJ6,0.094
A0A7K4HF34,0.094
A0A1Q9NU91,0.094
A0A524D6C5,0.094
A0A135VLF2,0.094
A0A842TPE6,0.094
A0A850MNW3,0.094
A0A524FND6,0.094
A0A5C9EHV7,0.094
A0A850M7T5,0.094
A0A497QP76,0.094
A0A842TNH0,0.094
A0A135VFP5,0.094
A0A5C9ELD4,0.094
A0A7K4HK29,0.094
A0A524LTH4,0.094
A0A5B9DA04,0.094
A0A843BZ87,0.094
A0A524C215,0.094
A0A524CM57,0.094
A0A850M0V4,0.094
A0A524FP87,0.094
A0A842R6C3,0.094
A0A497QQ93,0.094
A0A850LTF7,0.094
A0A1Q9NRC0,0.094
A0A1Q9NQG9,0.094
A0A3L6JSZ5,0.094
A0A524EFK7,0.094
A0A7K4CQQ2,0.094
A0A1Q9PDB7,0.094
A0A523VRE1,0.094
A0A0F8Y0X7,0.094
A0A524DAQ5,0.094
A0A850LXI3,0.094
A0A135VX19,0.094
A0A842WP33,0.094
A0A497Q4S5,0.094
A0A524DXY8,0.094
A0A523SAP8,0.094
A0A842VWK0,0.094
A0A1Q9P1Z6,0.094
A0A849QDC7,0.094
A0A842YDR7,0.094
A0A5C9E669,0.094
A0A497PNV8,0.094
A0A1Q9NXV2,0.094
A0A5C9DXY9,0.094
A0A524MAB0,0.094
A0A842QC47,0.094
A0A524EDV6,0.094
A0A7K4CVR2,0.094
A0A524CAS9,0.094
A0A842T253,0.094
A0A497PXG9,0.094
A0A5B9D948,0.094
A0A0F8W4H8,0.094
A0A842WTA0,0.094
A0A532TF29,0.094
A0A842RBC0,0.094
A0A524LIW9,0.094
A0A523TC99,0.094
A0A842VC35,0.094
A0A524MGM1,0.094
A0A135VX85,0.094
A0A497Q8V5,0.094
A0A497Q5H2,0.094
A0A0F8V9Q4,0.094
A0A497QIS2,0.094
A0A1Q9NWJ3,0.094
A0A850ME98,0.094
A0A1Q9NCI2,0.094
A0A842Y8Z6,0.094
A0A523TLZ0,0.094
A0A524FQZ0,0.094
A0A5C9E5L4,0.094
A0A497PJZ8,0.094
A0A1Q9NFY1,0.094
A0A3L6J7I3,0.094
A0A842VTK7,0.094
A0A842TLL0,0.094
A0A524CDC6,0.094
A0A843BZP9,0.094
A0A1Q9PCN7,0.094
A0A842TKK5,0.094
A0A842SWB8,0.094
A0A843BS55,0.094
A0A532TCP0,0.094
A0A524D819,0.094
A0A7K4IG99,0.094
A0A1Q9NIC5,0.094
A0A135VAV9,0.094
A0A523VTH6,0.094
A0A135VSR9,0.094
A0A1Q9NDN7,0.094
A0A5B9DDK4,0.094
A0A524ETY8,0.094
A0A1Q9NUQ8,0.094
A0A3L6JDI7,0.094
A0A842V907,0.094
A0A850LYE0,0.094
A0A3L6JN36,0.094
A0A135VNR5,0.094
A0A5B9D999,0.094
A0A532TBL0,0.094
A0A7K4GZ21,0.094
A0A850M1V9,0.094
A0A524E7Z5,0.094
A0A524F0C0,0.094
A0A842TLK6,0.094
A0A524E5D4,0.094
A0A850LUP8,0.094
A0A523XC15,0.094
A0A842YBN3,0.094
A0A0F8V9G0,0.094
A0A524CXH2,0.094
A0A850MRX6,0.094
A0A7K4CRH4,0.094
A0A842VQB1,0.094
A0A497PN52,0.094
A0A497QM11,0.094
A0A524CNP9,0.094
A0A842RHD2,0.094
A0A850MTI3,0.094
A0A7K4HB91,0.093
A0A1Q9NBT9,0.093
A0A3L6JS13,0.093
A0A3L6JQ84,0.093
A0A2U3CKI0,0.093
A0A524FJ22,0.093
A0A850MR97,0.093
A0A842VQV8,0.093
A0A524CXS4,0.093
A0A850MNC3,0.093
A0A1Q9N448,0.093
A0A0F8XEY0,0.093
A0A842VQ80,0.093
A0A524ERB6,0.093
A0A524G3C1,0.093
A0A524C6U5,0.093
A0A5C9E4S8,0.093
A0A524F9B9,0.093
A0A497QRU2,0.093
A0A0F8XMS5,0.093
A0A3L6JDB3,0.093
A0A135VXY6,0.093
A0A523RA99,0.093
A0A1Q9MY81,0.093
A0A524DRS2,0.093
A0A5C9ERD8,0.093
A0A532TZ91,0.093
A0A524F1R4,0.093
A0A135VGW4,0.093
A0A524CC78,0.093
A0A3L6JR79,0.093
A0A524F5X9,0.093
A0A842W211,0.093
A0A842VZP9,0.093
A0A5C9EN92,0.093
A0A532TIZ3,0.093
A0A843BYD9,0.093
A0A1Q9NFK8,0.093
A0A5B9DDW4,0.093
A0A524DEY6,0.093
A0A0F8WAF0,0.093
A0A7K4IBE1,0.093
A0A524G7R9,0.093
A0A7K4H3U4,0.093
A0A842VD05,0.093
A0A5C9E0A9,0.093
A0A5C9DV41,0.093
A0A524F3Z3,0.093
A0A850LUM2,0.093
A0A850MLV0,0.093
A0A842SWW0,0.093
A0A7K4GKM1,0.093
A0A850M3V7,0.093
A0A523S2F0,0.093
A0A849QAP2,0.093
A0A524D7G0,0.093
A0A524DQ40,0.093
A0A849Q7L2,0.093
A0A1Q9PB45,0.093
A0A842VYY3,0.093
A0A850LPQ7,0.093
A0A497PAB5,0.093
A0A1Q9P4D5,0.093
A0A1Q9MSG6,0.093
A0A1Q9NCV3,0.093
A0A7K4I9X1,0.093
A0A1Q9PEA7,0.093
A0A524C2H0,0.093
A0A7K4II13,0.093
A0A524FXN1,0.093
A0A524DDC7,0.093
A0A524E3V9,0.093
A0A135VT72,0.093
A0A497RE53,0.093
A0A842W1L8,0.093
A0A7K4CQP7,0.093
A0A524DCK7,0.093
A0A524FFE9,0.093
A0A849Q688,0.093
A0A523VNE5,0.093
A0A497QJ63,0.093
A0A135VXD5,0.093
A0A842VQ14,0.093
A0A7K4CUP3,0.093
A0A842VK58,0.093
A0A1Q9P6C9,0.093
A0A524DAX8,0.093
A0A842VGK4,0.093
A0A497PA93,0.093
A0A7K4GXD2,0.093
A0A524F3V1,0.093
A0A497QI99,0.093
A0A524F770,0.093
A0A524CE61,0.093
A0A524LUC4,0.093
A0A5B9DBD6,0.093
A0A532T915,0.093
A0A1Q9NI14,0.093
A0A7K4CXJ1,0.093
A0A5C9EVT9,0.093
A0A842T9F3,0.093
A0A497PQF0,0.093
A0A524CFY8,0.093
A0A842SYA9,0.093
A0A524LZA4,0.093
A0A842WQD8,0.093
A0A5C9EAY0,0.093
A0A2U3CBU9,0.093
A0A524EW92,0.093
A0A842RHC0,0.093
A0A7K4H095,0.093
A0A532T9A5,0.093
A0A7K4H2P0,0.093
A0A842QDU3,0.093
A0A7K4H9Q8,0.093
A0A524C926,0.093
A0A135VRY1,0.093
A0A524EHD7,0.093
A0A850M5A7,0.093
A0A1Q9PAB7,0.093
A0A497PWX5,0.093
A0A524E0U4,0.093
A0A0F8Y3W0,0.093
A0A524LAM3,0.093
A0A524D0Y1,0.093
A0A7K4D135,0.093
A0A842VFD8,0.093
A0A0F8XVG2,0.093
A0A842T8U7,0.093
A0A524L6U9,0.093
A0A842RWB1,0.093
A0A842VY68,0.093
A0A7K4CRZ3,0.093
A0A1Q9NFW6,0.093
A0A842VBU2,0.093
A0A523W2W1,0.093
A0A850MID5,0.093
A0A7K4GWW6,0.093
A0A524CIU0,0.093
A0A497R3B1,0.093
A0A524FSA2,0.093
A0A850MTX1,0.093
A0A524CKT0,0.093
A0A1Q9NKC8,0.093
A0A524EPP2,0.093
A0A5C9EXS4,0.093
A0A3L6JPL9,0.093
A0A842QD80,0.093
A0A842RPE2,0.093
A0A5C9EDX3,0.093
A0A850M926,0.093
A0A3L6JDH8,0.093
A0A5B9D8X7,0.093
A0A5C9E0B0,0.093
A0A497Q5M3,0.093
A0A842VXV6,0.093
A0A524DFN8,0.093
A0A0F8VX14,0.093
A0A7K4HBW5,0.093
A0A1Q9MVI7,0.093
A0A524D1Z5,0.093
A0A5C9EBT1,0.093
A0A532TVB1,0.093
A0A497R0T9,0.093
A0A497PGQ3,0.093
A0A842QID0,0.093
A0A524DTN8,0.093
A0A842TKB5,0.093
A0A842WP64,0.093
A0A523VV94,0.093
A0A497R031,0.092
A0A524FUR2,0.092
A0A524LDS6,0.092
A0A842WMC7,0.092
A0A523TIF8,0.092
A0A524CY60,0.092
A0A842U683,0.092
A0A524P065,0.092
A0A850MJG3,0.092
A0A842RF54,0.092
A0A5C9EET3,0.092
A0A3L6JPM1,0.092
A0A2U3CGU4,0.092
A0A849QFI9,0.092
A0A497QZE9,0.092
A0A3L6J964,0.092
A0A0F8Y8L7,0.092
A0A842QLF6,0.092
A0A1Q9P1A7,0.092
A0A523S0Z9,0.092
A0A524EBB5,0.092
A0A523VNP5,0.092
A0A524D0E5,0.092
A0A524EFX8,0.092
A0A524EBM6,0.092
A0A524LIF3,0.092
A0A1Q9NZU1,0.092
A0A1Q9NFV6,0.092
A0A3L6JK97,0.092
A0A497QMI6,0.092
A0A524FQ08,0.092
A0A842VU79,0.092
A0A842R8P1,0.092
A0A7K4GKT0,0.092
A0A497PUY1,0.092
A0A3L6JPW0,0.092
A0A842WS44,0.092
A0A524CYE5,0.092
A0A524F6Z7,0.092
A0A7K4H4V4,0.092
A0A842VHV1,0.092
A0A842TNA7,0.092
A0A5B9D742,0.092
A0A0F8VDI5,0.092
A0A523S2S8,0.092
A0A842T505,0.092
A0A5C9EIW7,0.092
A0A524F1D0,0.092
A0A497Q3V3,0.092
A0A1Q9MZH6,0.092
A0A524DZ86,0.092
A0A497QCC1,0.092
A0A1Q9NC88,0.092
A0A524DKI2,0.092
A0A523RDD7,0.092
A0A524FMH3,0.092
A0A0F8XTF5,0.092
A0A5C9END2,0.092
A0A524DLA5,0.092
A0A524G8Z5,0.092
A0A2E9CFP2,0.092
A0A842THF8,0.092
A0A2U3CGN1,0.092
A0A5B9DB19,0.092
A0A850M095,0.092
A0A524F4A8,0.092
A0A842VL03,0.092
A0A523RSM5,0.092
A0A497QJ68,0.092
A0A842QDH5,0.092
A0A2U3CBJ2,0.092
A0A524F4W9,0.092
A0A842YCH9,0.092
A0A1Q9NAP0,0.092
A0A850MH61,0.092
A0A524CY85,0.092
A0A842U0L9,0.092
A0A1Q9NVG9,0.092
A0A524FI28,0.092
A0A5B9DDF9,0.092
A0A7K4GTF0,0.092
A0A849QIZ4,0.092
A0A7K4GNZ5,0.092
A0A850LP81,0.092
A0A524ELS1,0.092
A0A497Q3F3,0.092
A0A497PXB0,0.092
A0A5C9EIT0,0.092
A0A524CJT4,0.092
A0A523W0Y4,0.092
A0A524CCT0,0.092
A0A524F0X4,0.092
A0A849QH19,0.092
A0A0F8W995,0.092
A0A1Q9NHJ4,0.092
A0A5B9DEN9,0.092
A0A497QU55,0.092
A0A497QKB3,0.092
A0A1Q9P0M7,0.092
A0A497R607,0.092
A0A524DDM6,0.092
A0A850LX74,0.092
A0A1Q9P5S1,0.092
A0A524CRS5,0.092
A0A524CB02,0.092
A0A1Q9NBA7,0.092
A0A842VRH2,0.092
A0A497RAR8,0.092
A0A7K4GWF0,0.092
A0A849QD58,0.092
A0A524EK89,0.092
A0A523VZY3,0.092
A0A135VFB8,0.092
A0A524DPL3,0.092
A0A7K4CU59,0.092
A0A497QXZ1,0.092
A0A7K4H059,0.092
A0A5C9E7V3,0.092
A0A497PV58,0.092
A0A1Q9MZH4,0.092
A0A524EMY3,0.092
A0A7K4CP10,0.092
A0A497QCE5,0.092
A0A524FCA4,0.092
A0A524DGN5,0.092
A0A524DZ34,0.092
A0A524CJ04,0.092
A0A497QJS6,0.092
A0A523XD86,0.092
A0A524F3K5,0.092
A0A5C9ELU7,0.092
A0A524DDY6,0.092
A0A524CLP6,0.092
A0A1Q9NRK5,0.092
A0A3L6J6U7,0.092
A0A524D0H9,0.092
A0A1Q9PF99,0.092
A0A524LIY0,0.092
A0A842RGY4,0.092
A0A524FFE7,0.092
A0A524CRZ5,0.092
A0A524EQE8,0.092
A0A7K4CP58,0.092
A0A7K4H8B5,0.092
A0A524FAC3,0.092
A0A523R709,0.092
A0A497PLY4,0.092
A0A524P082,0.092
A0A850LVS7,0.092
A0A842QF90,0.092
A0A523XFF8,0.092
A0A1Q9P5D2,0.092
A0A524DHE9,0.092
A0A842WVV5,0.092
A0A1Q9MYE9,0.092
A0A842QKG2,0.092
A0A523S1E5,0.092
A0A524G8A1,0.092
A0A497QKB1,0.092
A0A842WWI6,0.092
A0A842U6Z9,0.092
A0A842VTG5,0.092
A0A842VWT9,0.092
A0A842QHG2,0.092
A0A1Q9NPF6,0.092
A0A524FP69,0.092
A0A524FT12,0.092
A0A523VYJ1,0.092
A0A7K4H3G3,0.092
A0A7K4HI97,0.092
A0A5C9EIC5,0.092
A0A524FV87,0.092
A0A1Q9PDH8,0.092
A0A135VBA2,0.092
A0A524CZX9,0.092
A0A5C9EDH9,0.092
A0A524DK49,0.092
A0A524C5D6,0.092
A0A842W6M2,0.092
A0A850MJE4,0.092
A0A524FAW5,0.092
A0A524DBN2,0.092
A0A842QF24,0.091
A0A842QCL2,0.091
A0A850MUV6,0.091
A0A497QWJ5,0.091
A0A524ELX9,0.091
A0A850LT93,0.091
A0A1Q9NZH8,0.091
A0A524E8T9,0.091
A0A842RMG1,0.091
A0A524EMW2,0.091
A0A497QIC3,0.091
A0A524FKW1,0.091
A0A3L6JN05,0.091
A0A0F8VH58,0.091
A0A3L6JD83,0.091
A0A7K4GMF7,0.091
A0A1Q9NPT7,0.091
A0A1Q9MWK1,0.091
A0A497QDN8,0.091
A0A850MSP2,0.091
A0A497Q9Q9,0.091
A0A1Q9P5V5,0.091
A0A497PTF6,0.091
A0A2U3CGE8,0.091
A0A850M707,0.091
A0A1Q9NQX1,0.091
A0A524CRI3,0.091
A0A842TPD9,0.091
A0A524FZX4,0.091
A0A842RNF4,0.091
A0A524FDN0,0.091
A0A842RIY4,0.091
A0A497QB86,0.091
A0A524NSY0,0.091
A0A842VQT7,0.091
A0A532THS4,0.091
A0A850MG43,0.091
A0A7K4HK34,0.091
A0A842T4S1,0.091
A0A842RC57,0.091
A0A524DQX1,0.091
A0A497QIL5,0.091
A0A5C9DVT0,0.091
A0A524CND2,0.091
A0A524F4K5,0.091
A0A7K4CNT7,0.091
A0A2U3CKY6,0.091
A0A850MM63,0.091
A0A524FT82,0.091
A0A135VUL4,0.091
A0A7K4D1F2,0.091
A0A532TFL4,0.091
A0A135VMK1,0.091
A0A7K4CSQ3,0.091
A0A5C9EGH1,0.091
A0A524P219,0.091
A0A524MEK0,0.091
A0A842RU58,0.091
A0A842RC91,0.091
A0A497Q1C4,0.091
A0A523TG08,0.091
A0A497QG84,0.091
A0A842RGD6,0.091
A0A1Q9MYW2,0.091
A0A842TI23,0.091
A0A842VR33,0.091
A0A5C9DV04,0.091
A0A0F8XD89,0.091
A0A842TIY5,0.091
A0A0F8VNY5,0.091
A0A1Q9NXE4,0.091
A0A3L6JJV9,0.091
A0A497R2W3,0.091
A0A497P9I1,0.091
A0A523RXH6,0.091
A0A7K4HDE0,0.091
A0A523RZH4,0.091
A0A524CEW7,0.091
A0A497R4N5,0.091
A0A523RY79,0.091
A0A497QRL8,0.091
A0A2U3CBT3,0.091
A0A497QKN3,0.091
A0A842VUC2,0.091
A0A843C2L3,0.091
A0A523RIN3,0.091
A0A497REA3,0.091
A0A843BN47,0.091
A0A524F008,0.091
A0A523RPB4,0.091
A0A524FQ34,0.091
A0A850MTY9,0.091
A0A842VIF7,0.091
A0A842WV54,0.091
A0A7K4GKY6,0.091
A0A5C9EQA7,0.091
A0A842RIT1,0.091
A0A1Q9MX35,0.091
A0A850MDB9,0.091
A0A523VXF0,0.091
A0A842TCQ3,0.091
A0A524EIH6,0.091
A0A1Q9NBE5,0.091
A0A524DHC1,0.091
A0A850M5K6,0.091
A0A524CET4,0.091
A0A0F8XH60,0.091
A0A850LSJ3,0.091
A0A842RW64,0.091
A0A842VK34,0.091
A0A524LE85,0.091
A0A135VZK1,0.091
A0A842WYQ9,0.091
A0A524ESL1,0.091
A0A523XQ71,0.091
A0A135VK31,0.091
A0A524FZ19,0.091
A0A850MIL9,0.091
A0A135VM59,0.091
A0A5C9EIL0,0.091
A0A3L6JQU4,0.091
A0A842TGL0,0.091
A0A524ETH6,0.091
A0A1Q9P0A6,0.091
A0A524FG95,0.091
A0A524E7A6,0.091
A0A5C9EP61,0.091
A0A524F6Z2,0.091
A0A1Q9NQV4,0.091
A0A1Q9N9Y7,0.091
A0A1Q9MU33,0.091
A0A842WQC5,0.091
A0A842TLX2,0.091
A0A7K4H5R9,0.091
A0A850MR27,0.091
A0A497R351,0.091
A0A524G9M0,0.091
A0A1Q9NEY3,0.091
A0A524D551,0.091
A0A497PSY9,0.091
A0A524ET29,0.091
A0A1Q9MW31,0.091
A0A850MEG6,0.091
A0A1Q9NIT1,0.091
A0A497RF78,0.091
A0A532T8Z5,0.091
A0A842TBZ8,0.091
A0A524CW84,0.091
A0A524D922,0.091
A0A523RQH6,0.091
A0A523RF06,0.091
A0A524F223,0.091
A0A532TNC9,0.091
A0A2U3CJJ3,0.091
A0A850M7E5,0.091
A0A850MBU8,0.091
A0A842R8X6,0.091
A0A3L6JEV5,0.091
A0A524MHS9,0.091
A0A524EQ49,0.091
A0A7K4GYC6,0.091
A0A2U3CJ44,0.091
A0A1Q9PF90,0.091
A0A0F8VPH6,0.091
A0A842QJ32,0.091
A0A524FGT5,0.091
A0A1Q9NHA7,0.091
A0A524E3Y8,0.091
A0A3L6JRZ9,0.091
A0A850LXV9,0.091
A0A5C9EVB5,0.091
A0A524ELG2,0.091
A0A3L6JFX8,0.091
A0A5C9EG55,0.091
A0A532TUB0,0.09
A0A842QIS2,0.09
A0A842WS22,0.09
A0A1Q9NDE9,0.09
A0A497QXU6,0.09
A0A842YFS6,0.09
A0A842W788,0.09
A0A842T2K2,0.09
A0A523S4E8,0.09
A0A135VL98,0.09
A0A497QZJ0,0.09
A0A497QW09,0.09
A0A1Q9NJU0,0.09
A0A524DAX2,0.09
A0A524FA03,0.09
A0A524CUW4,0.09
A0A523TPR6,0.09
A0A850MCF3,0.09
A0A842T8E1,0.09
A0A3L6JR37,0.09
A0A1Q9N149,0.09
A0A842T5X5,0.09
A0A497R8Y8,0.09
A0A842SCH0,0.09
A0A5C9EMY4,0.09
A0A532TMU5,0.09
A0A524CSN2,0.09
A0A497QAN2,0.09
A0A497QYR5,0.09
A0A523S9A5,0.09
A0A497R0C0,0.09
A0A497QU83,0.09
A0A842S584,0.09
A0A497QMJ7,0.09
A0A842VRI4,0.09
A0A524D9Q9,0.09
A0A523W208,0.09
A0A842WSA3,0.09
A0A523TNT2,0.09
A0A532T8W5,0.09
A0A7K4HHY7,0.09
A0A842U7L3,0.09
A0A842W1Y0,0.09
A0A7K4CS84,0.09
A0A524ED78,0.09
A0A524END3,0.09
A0A842W0E9,0.09
A0A524EL56,0.09
A0A523RC19,0.09
A0A524EJ91,0.09
A0A5B9D9L9,0.09
A0A7K4CR60,0.09
A0A524F2C8,0.09
A0A524EZW0,0.09
A0A524F6J7,0.09
A0A850M155,0.09
A0A1Q9N0H7,0.09
A0A524FX95,0.09
A0A523RCP3,0.09
A0A7K4IAM1,0.09
A0A524MA04,0.09
A0A497PWW7,0.09
A0A850MCL6,0.09
A0A524FI86,0.09
A0A842TM41,0.09
A0A5B9DGJ3,0.09
A0A1Q9MYB4,0.09
A0A842TGI0,0.09
A0A135VVQ5,0.09
A0A2U3CCB5,0.09
A0A7K4H6J9,0.09
A0A1Q9NKF2,0.09
A0A5C9E283,0.09
A0A524E745,0.09
A0A497QQN7,0.09
A0A524E688,0.09
A0A524CD61,0.09
A0A497PXG8,0.09
A0A524DEX2,0.09
A0A524DZF2,0.09
A0A532TMI6,0.09
A0A5C9EDJ0,0.09
A0A7K4D012,0.09
A0A842TT27,0.09
A0A524ERN0,0.09
A0A5C9E0A8,0.09
A0A524CDB0,0.09
A0A524FVF4,0.09
A0A524DRE2,0.09
A0A524P0T1,0.09
A0A1Q9NUH3,0.09
A0A842U7X9,0.09
A0A7K4CTM7,0.09
A0A524EY96,0.09
A0A850LRP5,0.09
A0A524F990,0.09
A0A1Q9MUS1,0.09
A0A524E792,0.09
A0A842RRA5,0.09
A0A3L6JFR4,0.09
A0A497PF41,0.09
A0A7K4H9M4,0.09
A0A524DJR1,0.09
A0A5C9EXT2,0.09
A0A850LWS5,0.09
A0A849QDX8,0.09
A0A1Q9MW37,0.09
A0A1Q9MT39,0.09
A0A523RK34,0.09
A0A5C9E9H3,0.09
A0A532TYI1,0.09
A0A497QBJ0,0.09
A0A135VXK4,0.09
A0A7K4GSC0,0.09
A0A497R9U0,0.09
A0A524DB83,0.09
A0A524M7R0,0.09
A0A7K4IES5,0.09
A0A842TSK5,0.09
A0A1Q9MYQ0,0.09
A0A842Q879,0.09
A0A532TR71,0.09
A0A1Q9NVZ7,0.09
A0A0F8YEH5,0.09
A0A842WVU8,0.09
A0A5C9E2J6,0.09
A0A842WUX3,0.09
A0A135VWY8,0.09
A0A1Q9NWC0,0.09
A0A524CJD9,0.09
A0A850MAT7,0.09
A0A3L6J7U5,0.09
A0A523VQA1,0.09
A0A497R956,0.09
A0A7K4I9Q9,0.09
A0A524EBH0,0.09
A0A842TAK4,0.09
A0A842YBP9,0.09
A0A842RQL8,0.09
A0A135VX32,0.09
A0A842RUE2,0.09
A0A5C9DX90,0.09
A0A1Q9NF58,0.09
A0A5C9EBF9,0.09
A0A3L6JQW0,0.09
A0A842X144,0.09
A0A497Q527,0.09
A0A850LRE0,0.09
A0A5B9D898,0.09
A0A842RY92,0.09
A0A842RYY7,0.09
A0A524E9N7,0.09
A0A842TD54,0.09
A0A5B9DBQ8,0.09
A0A5C9E061,0.09
A0A497QVI2,0.09
A0A497Q2G2,0.09
A0A7K4CSU3,0.09
A0A497QGG0,0.09
A0A842W1F6,0.09
A0A5C9DTI7,0.09
A0A497PPN4,0.09
A0A5C9EG97,0.09
A0A524F4Y7,0.09
A0A7K4D0E1,0.09
A0A7K4H375,0.09
A0A7K4H6Z8,0.09
A0A497PLC0,0.09
A0A842YB06,0.09
A0A1Q9NZ28,0.09
A0A1Q9NI12,0.09
A0A524DNA2,0.09
A0A5C9EAB7,0.09
A0A5C9F038,0.09
A0A497PW71,0.09
A0A524CGU4,0.09
A0A1Q9N8N7,0.09
A0A842QIF5,0.09
A0A524DYQ8,0.09
A0A497QHB9,0.09
A0A842VRE9,0.09
A0A842RXN7,0.09
A0A524LDP4,0.09
A0A497QQD0,0.09
A0A842S7H9,0.09
A0A842VDM9,0.09
A0A135VZ19,0.09
A0A1Q9P7C1,0.09
A0A842QJ08,0.09
A0A850LU44,0.089
A0A5C9ELP0,0.089
A0A497PRU5,0.089
A0A497QRK4,0.089
A0A524EXV9,0.089
A0A524CG70,0.089
A0A523RM69,0.089
A0A523S4N5,0.089
A0A7K4GTK8,0.089
A0A524ES33,0.089
A0A7K4H4T1,0.089
A0A842RFX3,0.089
A0A523TR06,0.089
A0A524CKM0,0.089
A0A5B9DDF4,0.089
A0A5C9EEZ4,0.089
A0A523VPX4,0.089
A0A850MQ82,0.089
A0A524CP11,0.089
A0A524CYH8,0.089
A0A523X7H7,0.089
A0A524D4I4,0.089
A0A497PDF7,0.089
A0A7K4H6V7,0.089
A0A523W415,0.089
A0A3L6JJ41,0.089
A0A842RWG9,0.089
A0A524DYU0,0.089
A0A2U3CF76,0.089
A0A1Q9NBV8,0.089
A0A1Q9PDV3,0.089
A0A524DKK6,0.089
A0A135VMW2,0.089
A0A524EBS7,0.089
A0A524DH53,0.089
A0A7K4CX45,0.089
A0A524LA06,0.089
A0A5C9F114,0.089
A0A135VQ17,0.089
A0A524EJQ9,0.089
A0A1Q9NPJ3,0.089
A0A497PNW0,0.089
A0A850MHV4,0.089
A0A497PV21,0.089
A0A5C9ET82,0.089
A0A497PBW6,0.089
A0A5B9DEY2,0.089
A0A524CVH5,0.089
A0A850M2X7,0.089
A0A1Q9PE55,0.089
A0A524DG33,0.089
A0A1Q9PEB1,0.089
A0A7K4H379,0.089
A0A842VUC5,0.089
A0A5C9EQ59,0.089
A0A850LR83,0.089
A0A842RNM2,0.089
A0A523S396,0.089
A0A5C9F1F8,0.089
A0A1Q9P0F0,0.089
A0A842RM17,0.089
A0A1Q9MQD4,0.089
A0A497QWZ9,0.089
A0A842RNV8,0.089
A0A0F8Y588,0.089
A0A842VQC3,0.089
A0A524DY95,0.089
A0A497QG70,0.089
A0A524CLY4,0.089
A0A524D9B3,0.089
A0A524C2Q3,0.089
A0A497PAB0,0.089
A0A842YHT4,0.089
A0A7K4HK62,0.089
A0A7K4CRX7,0.089
A0A842WLL4,0.089
A0A842T889,0.089
A0A850M2F4,0.089
A0A524EJ21,0.089
A0A7K4CZ08,0.089
A0A523S3G7,0.089
A0A524LKH1,0.089
A0A842VLZ8,0.089
A0A524DPV2,0.089
A0A524CWN1,0.089
A0A135VY79,0.089
A0A5C9DTH3,0.089
A0A524FJ32,0.089
A0A842X1H0,0.089
A0A524DJ67,0.089
A0A524E643,0.089
A0A5C9EMZ1,0.089
A0A7K4CVT3,0.089
A0A524DYR2,0.089
A0A0F8XZK9,0.089
A0A524DT59,0.089
A0A850LPJ2,0.089
A0A497QFD8,0.089
A0A524C8R8,0.089
A0A497QQH9,0.089
A0A524CJY4,0.089
A0A523RXX5,0.089
A0A1Q9NHF9,0.089
A0A2U3CKN2,0.089
A0A2U3CD12,0.089
A0A1Q9NP70,0.089
A0A524EEE7,0.089
A0A1Q9ND10,0.089
A0A523RP22,0.089
A0A523S179,0.089
A0A5C9EV32,0.089
A0A524CQC2,0.089
A0A850M7Z5,0.089
A0A524F6F7,0.089
A0A842UE22,0.089
A0A5B9DAB9,0.089
A0A1Q9N8S2,0.089
A0A0F8WDC7,0.089
A0A5C9EXW5,0.089
A0A842QAQ0,0.089
A0A524DLH9,0.089
A0A524C2S3,0.089
A0A524M1D0,0.089
A0A842VCZ3,0.089
A0A842RHV1,0.089
A0A842RNM5,0.089
A0A523S251,0.089
A0A0F8WBK8,0.089
A0A842RCA8,0.089
A0A524DQ17,0.089
A0A3L6JHS7,0.089
A0A2U3CCX0,0.089
A0A497R3G5,0.089
A0A524ET55,0.089
A0A524ES32,0.089
A0A0F8VWA3,0.089
A0A497QA06,0.089
A0A0F8YEE2,0.089
A0A524NWW9,0.089
A0A524ETA7,0.089
A0A524E1K1,0.089
A0A5C9E8J2,0.089
A0A842S1J2,0.089
A0A7K4GRU8,0.089
A0A2U3CJ87,0.089
A0A2U3CDF9,0.089
A0A842VWK8,0.089
A0A524DXZ9,0.089
A0A842TH92,0.089
A0A523RUU6,0.089
A0A7K4IED6,0.089
A0A524DGW6,0.089
A0A524ERX4,0.089
A0A524EC12,0.089
A0A7K4ICZ7,0.089
A0A849QEX3,0.089
A0A842TEU4,0.089
A0A1Q9P038,0.089
A0A3L6JAD0,0.089
A0A524EE53,0.089
A0A524DNT4,0.089
A0A524P5V2,0.089
A0A0F8W8E4,0.089
A0A524D493,0.089
A0A523TCA8,0.089
A0A135VIQ8,0.089
A0A524F9Q0,0.089
A0A843BWA4,0.089
A0A7K4HKE4,0.089
A0A524EUJ0,0.089
A0A524EMD0,0.089
A0A842VXT2,0.089
A0A1Q9MWD1,0.089
A0A850M7Y4,0.089
A0A524P5Z3,0.089
A0A524FNP6,0.089
A0A7K4GTU5,0.089
A0A842THZ1,0.089
A0A523SB43,0.089
A0A0F8VEU8,0.089
A0A5C9EFX6,0.089
A0A524E2T7,0.089
A0A5B9DBH2,0.089
A0A7K4CVU7,0.089
A0A524CVT1,0.089
A0A850ME74,0.089
A0A135VLS4,0.089
A0A7K4GZP4,0.089
A0A524DG34,0.089
A0A497Q6D7,0.089
A0A524DLW5,0.089
A0A1Q9P0V9,0.088
A0A524FHM4,0.088
A0A850LPW1,0.088
A0A3L6JCW5,0.088
A0A524FQP2,0.088
A0A842WVG9,0.088
A0A1Q9N156,0.088
A0A842TL28,0.088
A0A5C9EC33,0.088
A0A7K4IDW4,0.088
A0A843BWK1,0.088
A0A842TP31,0.088
A0A3L6J7T7,0.088
A0A524CFG8,0.088
A0A7K4IH33,0.088
A0A5B9D9I7,0.088
A0A497QH17,0.088
A0A850MS81,0.088
A0A842V780,0.088
A0A524D680,0.088
A0A1Q9P4D6,0.088
A0A524F0A7,0.088
A0A135VYY1,0.088
A0A5C9EZF0,0.088
A0A1Q9MSC9,0.088
A0A842TJW4,0.088
A0A524C4N1,0.088
A0A524FSW3,0.088
A0A842RBM6,0.088
A0A0F8WBJ5,0.088
A0A497RCU5,0.088
A0A524E6J8,0.088
A0A497PPM6,0.088
A0A524CXC4,0.088
A0A842VJY7,0.088
A0A842QA99,0.088
A0A842RLN9,0.088
A0A524CIU8,0.088
A0A524CNN2,0.088
A0A524D5X8,0.088
A0A850LRY6,0.088
A0A1Q9NK13,0.088
A0A524F4S3,0.088
A0A524CRV0,0.088
A0A7K4H8P2,0.088
A0A842SAW5,0.088
A0A842RA19,0.088
A0A2U3CKT2,0.088
A0A842WSK5,0.088
A0A524LI13,0.088
A0A524CX44,0.088
A0A850LV59,0.088
A0A532TJ49,0.088
A0A524FPM8,0.088
A0A1Q9NQU6,0.088
A0A524CBM8,0.088
A0A7K4H4P0,0.088
A0A842TJL0,0.088
A0A524G227,0.088
A0A1Q9MT71,0.088
A0A497Q9F9,0.088
A0A524FCK9,0.088
A0A5C9EKE5,0.088
A0A0F8W895,0.088
A0A0F8XZ77,0.088
A0A524G4F2,0.088
A0A842VWM8,0.088
A0A1Q9P1C1,0.088
A0A842TFC6,0.088
A0A1Q9MQU4,0.088
A0A850MUW8,0.088
A0A523RTU0,0.088
A0A1Q9PC70,0.088
A0A842W148,0.088
A0A5C9DVL0,0.088
A0A0F8W758,0.088
A0A524ENJ7,0.088
A0A842TBH1,0.088
A0A7K4GTC7,0.088
A0A850M5Z7,0.088
A0A524DTK9,0.088
A0A7K4CUH0,0.088
A0A7K4CVD0,0.088
A0A524LZD2,0.088
A0A2U3CJ85,0.088
A0A843BV54,0.088
A0A842TIT8,0.088
A0A524MEH6,0.088
A0A1Q9P7H2,0.088
A0A524NXY0,0.088
A0A5C9ECJ4,0.088
A0A842QDG6,0.088
A0A0F8VL92,0.088
A0A524F9P6,0.088
A0A2U3CEZ2,0.088
A0A7K4H602,0.088
A0A497PZA9,0.088
A0A497PRH8,0.088
A0A497QTA7,0.088
A0A3L6JL03,0.088
A0A523RXW7,0.088
A0A842QHT2,0.088
A0A850MPS0,0.088
A0A7K4CZ86,0.088
A0A524EHL8,0.088
A0A7K4IH35,0.088
A0A2U3CKK3,0.088
A0A5C9ERF8,0.088
A0A7K4CP50,0.088
A0A842VLX4,0.088
A0A524FEB4,0.088
A0A0F8WDF9,0.088
A0A2U3CC89,0.088
A0A850MI29,0.088
A0A842S9F6,0.088
A0A524DXX2,0.088
A0A842YBI5,0.088
A0A524CLL1,0.088
A0A523RQT3,0.088
A0A524CK58,0.088
A0A0F8W4D4,0.088
A0A1Q9N0U3,0.088
A0A524EEW7,0.088
A0A524M0R5,0.088
A0A5B9DEV9,0.088
A0A524DJD9,0.088
A0A524ECW9,0.088
A0A5C9EM77,0.088
A0A0F8XZ33,0.088
A0A842VMP5,0.088
A0A5C9EDM9,0.088
A0A5C9EXL1,0.088
A0A842YD80,0.088
A0A842TBG7,0.088
A0A524E8Z5,0.088
A0A524CQ93,0.088
A0A524FDJ9,0.088
A0A3L6J9N1,0.088
A0A1Q9NHM7,0.088
A0A3L6JRB4,0.088
A0A2U3CBI5,0.088
A0A524CSJ2,0.088
A0A5B9DAK8,0.088
A0A3L6JKZ1,0.088
A0A850M068,0.088
A0A842S840,0.088
A0A842TNK3,0.088
A0A842U6D0,0.088
A0A497PDU8,0.088
A0A497QN23,0.088
A0A849QE26,0.088
A0A1Q9P1M6,0.088
A0A532TXX4,0.088
A0A532THS2,0.088
A0A7K4GNZ4,0.088
A0A850ML97,0.088
A0A524EHI3,0.088
A0A524F5D8,0.088
A0A532TVE4,0.088
A0A5B9D6S0,0.088
A0A532T8X2,0.088
A0A524FY95,0.088
A0A1Q9MVR7,0.088
A0A1Q9N1U1,0.088
A0A1Q9P336,0.088
A0A842VZT6,0.088
A0A524ERJ2,0.088
A0A524M9U3,0.088
A0A524C8H8,0.088
A0A842TKX3,0.088
A0A850MQ36,0.088
A0A3L6J8V7,0.088
A0A843BR53,0.088
A0A2U3CCS5,0.088
A0A7K4HK96,0.088
A0A524P481,0.088
A0A524C3A2,0.088
A0A7K4GPG2,0.088
A0A7K4CQC5,0.088
A0A842RF80,0.088
A0A5C9EMY5,0.088
A0A842VCT6,0.088
A0A842YBD8,0.088
A0A524C9F6,0.088
A0A524D9S6,0.088
A0A524D793,0.088
A0A2U3CI25,0.088
A0A7K4D163,0.087
A0A497R553,0.087
A0A842VXF1,0.087
A0A842TBH8,0.087
A0A5C9EG78,0.087
A0A7K4ICG7,0.087
A0A524C373,0.087
A0A524FXF9,0.087
A0A524C4N5,0.087
A0A7K4H873,0.087
A0A850M6L4,0.087
A0A7K4CVY9,0.087
A0A135VD83,0.087
A0A523RS01,0.087
A0A524FY18,0.087
A0A497P9W2,0.087
A0A524EPW5,0.087
A0A5B9D5T0,0.087
A0A842UAH8,0.087
A0A842QDI7,0.087
A0A842RBN3,0.087
A0A524CJ74,0.087
A0A524CD25,0.087
A0A5C9DZ71,0.087
A0A523R8Z0,0.087
A0A0F8Y7G1,0.087
A0A3L6JI37,0.087
A0A1Q9MZ46,0.087
A0A0F8W7X4,0.087
A0A524LTZ9,0.087
A0A524D6T0,0.087
A0A532TK43,0.087
A0A842ST72,0.087
A0A3L6JMF4,0.087
A0A842T7L5,0.087
A0A524FBI6,0.087
A0A842QBM5,0.087
A0A1Q9P4B8,0.087
A0A7K4IHE8,0.087
A0A5C9EM51,0.087
A0A524D8W7,0.087
A0A2E9CFB8,0.087
A0A524C6V8,0.087
A0A1Q9NHW1,0.087
A0A842VJZ3,0.087
A0A1Q9NST2,0.087
A0A524F7M5,0.087
A0A5C9EZW0,0.087
A0A497PBB2,0.087
A0A842T0L1,0.087
A0A497Q1Y6,0.087
A0A523RU80,0.087
A0A532TF94,0.087
A0A524DBQ5,0.087
A0A842T5Y3,0.087
A0A532TYJ0,0.087
A0A842S3S5,0.087
A0A7K4GVZ0,0.087
A0A497QUC0,0.087
A0A1Q9MXJ6,0.087
A0A3L6JC95,0.087
A0A135VKM3,0.087
A0A524FT26,0.087
A0A524NTG9,0.087
A0A135VYW3,0.087
A0A842TL37,0.087
A0A532TEZ7,0.087
A0A842QBS0,0.087
A0A7K4HK01,0.087
A0A524F0B6,0.087
A0A135VT76,0.087
A0A842QG86,0.087
A0A7K4IGM9,0.087
A0A1Q9NGH4,0.087
A0A7K4GXD5,0.087
A0A843BUD0,0.087
A0A524DHY3,0.087
A0A842VVW7,0.087
A0A524FJX9,0.087
A0A7K4CW89,0.087
A0A0F8XUF4,0.087
A0A842W2Q7,0.087
A0A7K4GTZ2,0.087
A0A135VIL5,0.087
A0A524DKW8,0.087
A0A5B9D9M1,0.087
A0A524DHU0,0.087
A0A497QD95,0.087
A0A524E004,0.087
A0A523VZL2,0.087
A0A1Q9MYP2,0.087
A0A135VUR2,0.087
A0A842RAN9,0.087
A0A842RJN5,0.087
A0A497PC06,0.087
A0A497Q7A1,0.087
A0A524DSF9,0.087
A0A524G3A3,0.087
A0A842U0P8,0.087
A0A524FPA5,0.087
A0A850M3Y1,0.087
A0A0F8WAZ1,0.087
A0A842T1J2,0.087
A0A842VGR4,0.087
A0A524EQR3,0.087
A0A497PNA0,0.087
A0A523VQ18,0.087
A0A135VYK4,0.087
A0A842WZ16,0.087
A0A7K4GIZ1,0.087
A0A1Q9MZ03,0.087
A0A524ELQ7,0.087
A0A135VGR6,0.087
A0A842RWS4,0.087
A0A842VEW5,0.087
A0A842WQN4,0.087
A0A1Q9NHQ4,0.087
A0A842RVG6,0.087
A0A843BYC5,0.087
A0A524FID0,0.087
A0A850LVP8,0.087
A0A523R7D8,0.087
A0A7K4GW52,0.087
A0A5C9DVB8,0.087
A0A842VXP4,0.087
A0A524F9Z0,0.087
A0A842TAE0,0.087
A0A3L6JHR3,0.087
A0A842VFY1,0.087
A0A850MC75,0.087
A0A842W1R1,0.087
A0A524FMI4,0.087
A0A524EB22,0.087
A0A497PWF8,0.087
A0A524DMA8,0.087
A0A842U0L0,0.087
A0A1Q9P4B0,0.087
A0A532TZ76,0.087
A0A3L6JAB2,0.087
A0A842UCZ7,0.087
A0A523RDG2,0.087
A0A850M1D8,0.087
A0A1Q9MUG7,0.087
A0A532TU80,0.087
A0A497QWY6,0.087
A0A850MJX9,0.087
A0A0F8VKY0,0.087
A0A3L6J752,0.087
A0A524FL00,0.087
A0A524DZB1,0.087
A0A524P491,0.087
A0A7K4CWZ8,0.087
A0A524DGX1,0.087
A0A524EBJ7,0.087
A0A842QHB6,0.087
A0A524F9X0,0.087
A0A850LZ99,0.087
A0A842RDI4,0.087
A0A1Q9PDV5,0.087
A0A5B9DAC4,0.087
A0A524FFP0,0.087
A0A524ELV6,0.087
A0A524CMU8,0.087
A0A524DSM1,0.087
A0A524F6Y2,0.087
A0A524EIQ7,0.087
A0A1Q9PBW9,0.087
A0A2E9CFF2,0.087
A0A5B9DCK3,0.087
A0A5C9EFU9,0.087
A0A532TK00,0.087
A0A524CSJ4,0.087
A0A842RCB1,0.087
A0A524D7S0,0.087
A0A842RM74,0.087
A0A5C9DVH5,0.087
A0A5B9DG72,0.087
A0A532TJV7,0.087
A0A532TK40,0.087
A0A523S2H7,0.087
A0A524DYJ4,0.087
A0A523X5X6,0.087
A0A1Q9NJ65,0.087
A0A842QI92,0.087
A0A524F700,0.087
A0A135VFN7,0.087
A0A135VG14,0.087
A0A523RWS6,0.087
A0A842TVW6,0.087
A0A524LJ37,0.087
A0A850M508,0.087
A0A524DI87,0.087
A0A842RKW1,0.087
A0A524M5J7,0.087
A0A1Q9NMV5,0.087
A0A135VYK5,0.087
A0A524FG28,0.087
A0A1Q9MRF0,0.087
A0A497QTJ2,0.087
A0A7K4D068,0.087
A0A1Q9NYD3,0.087
A0A842VGR0,0.087
A0A497QT58,0.087
A0A842QJK3,0.087
A0A842VRT4,0.087
A0A524DY69,0.087
A0A524CBS8,0.087
A0A5B9D9J3,0.087
A0A0F8V6Q1,0.087
A0A5C9DTF6,0.087
A0A532TI15,0.087
A0A524P6Q0,0.087
A0A497Q7C9,0.086
A0A842RFA7,0.086
A0A524FW31,0.086
A0A7K4H609,0.086
A0A5C9DZK6,0.086
A0A5B9DBY9,0.086
A0A524FF14,0.086
A0A524C251,0.086
A0A849QH98,0.086
A0A532TXN1,0.086
A0A497QKZ0,0.086
A0A523VN93,0.086
A0A0F8Y0D0,0.086
A0A0F8VB58,0.086
A0A842RZH7,0.086
A0A7K4GQT4,0.086
A0A524FYK6,0.086
A0A523XIQ0,0.086
A0A497QF58,0.086
A0A524DB51,0.086
A0A842QFQ5,0.086
A0A842X270,0.086
A0A3L6J9U6,0.086
A0A497QBD8,0.086
A0A850LZE2,0.086
A0A7K4CPD3,0.086
A0A497QIZ5,0.086
A0A1Q9P1U4,0.086
A0A5C9EHA7,0.086
A0A135VG44,0.086
A0A523RBH5,0.086
A0A135VCB7,0.086
A0A524CMV6,0.086
A0A523RUF5,0.086
A0A842RJ56,0.086
A0A842VYH5,0.086
A0A524CIE1,0.086
A0A524MEX4,0.086
A0A7K4GS40,0.086
A0A497PDN2,0.086
A0A524FQ80,0.086
A0A497R4W5,0.086
A0A135VWA5,0.086
A0A5C9DXL9,0.086
A0A1Q9NKS3,0.086
A0A842RTZ1,0.086
A0A842QFL3,0.086
A0A524F0X1,0.086
A0A532TSF7,0.086
A0A2U3CCH4,0.086
A0A497QSD2,0.086
A0A524DYU8,0.086
A0A842VRM1,0.086
A0A524EQ46,0.086
A0A1Q9NIY2,0.086
A0A1Q9MQV1,0.086
A0A5C9DYS9,0.086
A0A523RR29,0.086
A0A523RTH1,0.086
A0A524DVS2,0.086
A0A524EVE5,0.086
A0A524CIN7,0.086
A0A524DG14,0.086
A0A524P270,0.086
A0A524G4S9,0.086
A0A524EWK3,0.086
A0A7K4H504,0.086
A0A3L6JGW6,0.086
A0A7K4CU01,0.086
A0A842VX66,0.086
A0A524CXG9,0.086
A0A524E7D3,0.086
A0A842VGJ4,0.086
A0A524NYA9,0.086
A0A1Q9NP07,0.086
A0A524EZ21,0.086
A0A524D4R6,0.086
A0A135VBX1,0.086
A0A3L6JPY6,0.086
A0A849Q7N2,0.086
A0A7K4HCF6,0.086
A0A524E158,0.086
A0A524DCH8,0.086
A0A850MJK5,0.086
A0A842W0Z6,0.086
A0A524EFV7,0.086
A0A7K4D187,0.086
A0A5B9DH85,0.086
A0A135VH42,0.086
A0A842VHV7,0.086
A0A842RLM0,0.086
A0A7K4IG08,0.086
A0A524CFT1,0.086
A0A524DE83,0.086
A0A524ER65,0.086
A0A497QM18,0.086
A0A524CQI2,0.086
A0A523W0A2,0.086
A0A7K4CMK8,0.086
A0A850LNZ8,0.086
A0A497QLZ8,0.086
A0A2E9CDM2,0.086
A0A532TNB1,0.086
A0A524CBI9,0.086
A0A524CMP6,0.086
A0A523RV16,0.086
A0A850LYZ1,0.086
A0A524C8B3,0.086
A0A5B9DGT1,0.086
A0A524G5R6,0.086
A0A1Q9MX05,0.086
A0A7K4GTT9,0.086
A0A497QBQ0,0.086
A0A842T6Q4,0.086
A0A497PWU6,0.086
A0A5C9E8H8,0.086
A0A5C9EBB1,0.086
A0A524DKJ3,0.086
A0A524G4M7,0.086
A0A849QG72,0.086
A0A1Q9P661,0.086
A0A524D3M4,0.086
A0A524L6M9,0.086
A0A497QSB8,0.086
A0A1Q9NLJ1,0.086
A0A7K4IBW5,0.086
A0A1Q9PEM4,0.086
A0A524EN82,0.086
A0A497QVQ7,0.086
A0A1Q9NPE2,0.086
A0A524D9W1,0.086
A0A7K4H7T6,0.086
A0A1Q9PF71,0.086
A0A842YBH7,0.086
A0A532T6F5,0.086
A0A850M6P3,0.086
A0A5C9F2Q9,0.086
A0A1Q9NMR2,0.086
A0A3L6JSC4,0.086
A0A524EE00,0.086
A0A7K4IF47,0.086
A0A524DZU8,0.086
A0A7K4CXI5,0.086
A0A524EDP8,0.086
A0A524CT91,0.086
A0A3L6JJL9,0.086
A0A842QBH4,0.086
A0A842RBD3,0.086
A0A850LWK2,0.086
A0A842VYV2,0.086
A0A7K4D0Y5,0.086
A0A0F8VDK3,0.086
A0A842RMH0,0.086
A0A842YC91,0.086
A0A7K4CXS1,0.086
A0A850LT44,0.086
A0A1Q9N2B5,0.086
A0A842RGE7,0.086
A0A850MS93,0.086
A0A1Q9NA07,0.086
A0A523TDQ7,0.086
A0A842QA50,0.086
A0A1Q9NIN8,0.086
A0A2U3CFS0,0.086
A0A850MM47,0.086
A0A7K4CZ66,0.086
A0A524FLI7,0.086
A0A524ELF2,0.086
A0A524D616,0.086
A0A523S1L1,0.086
A0A5B9DE29,0.086
A0A5B9DEP1,0.086
A0A842U5D2,0.086
A0A524CS91,0.086
A0A842RRZ3,0.086
A0A842TPC7,0.086
A0A524FLB1,0.086
A0A842U643,0.086
A0A1Q9NIL5,0.086
A0A524FV21,0.086
A0A1Q9PE76,0.086
A0A497R5N9,0.086
A0A3L6JQ23,0.085
A0A524FA88,0.085
A0A523VRN1,0.085
A0A5C9ENR1,0.085
A0A524FRC3,0.085
A0A842Q8C1,0.085
A0A524CIY6,0.085
A0A524P114,0.085
A0A524P6B2,0.085
A0A842WQ30,0.085
A0A524FH51,0.085
A0A7K4IEX5,0.085
A0A523VNA6,0.085
A0A497QVF4,0.085
A0A842YC19,0.085
A0A5B9DAT5,0.085
A0A524DM02,0.085
A0A524EC30,0.085
A0A850MRS4,0.085
A0A523S6X3,0.085
A0A3L6JCM3,0.085
A0A850LTE2,0.085
A0A7K4ICM3,0.085
A0A524P3Q1,0.085
A0A524DHR0,0.085
A0A5C9F2E7,0.085
A0A524LN77,0.085
A0A5C9ECT9,0.085
A0A842RY93,0.085
A0A524FIM1,0.085
A0A524M2W2,0.085
A0A524DTZ6,0.085
A0A5C9E457,0.085
A0A524CC22,0.085
A0A497PF46,0.085
A0A523RQ18,0.085
A0A842WNB1,0.085
A0A524L663,0.085
A0A497R3L4,0.085
A0A842QJ92,0.085
A0A842RU25,0.085
A0A5C9DYE6,0.085
A0A850LWS7,0.085
A0A524DA63,0.085
A0A842TCS1,0.085
A0A1Q9N3C2,0.085
A0A7K4D142,0.085
A0A5C9EH34,0.085
A0A3L6J8P8,0.085
A0A850MVX1,0.085
A0A135VJY4,0.085
A0A842VJN4,0.085
A0A524EX78,0.085
A0A850LWL4,0.085
A0A7K4IC70,0.085
A0A843BV24,0.085
A0A842WTM9,0.085
A0A5C9DYA3,0.085
A0A1Q9NLF3,0.085
A0A524CRY8,0.085
A0A524FR01,0.085
A0A523XKC7,0.085
A0A5C9EBK6,0.085
A0A497PRP1,0.085
A0A850MWD0,0.085
A0A5B9DEE1,0.085
A0A524EQN5,0.085
A0A850MNY5,0.085
A0A524EZW3,0.085
A0A5C9EB85,0.085
A0A1Q9NVN0,0.085
A0A523RWU8,0.085
A0A842TE55,0.085
A0A3L6JGJ8,0.085
A0A1Q9NLA3,0.085
A0A7K4CSR1,0.085
A0A524FN06,0.085
A0A0F8XJK6,0.085
A0A7C0U831,0.085
A0A524P782,0.085
A0A497QL15,0.085
A0A1Q9NAD5,0.085
A0A842UCS0,0.085
A0A5B9D8L8,0.085
A0A532TBJ0,0.085
A0A1Q9NNX7,0.085
A0A3L6JFE0,0.085
A0A850M6S5,0.085
A0A5C9E3W8,0.085
A0A524DCX1,0.085
A0A7K4CN69,0.085
A0A842UAH6,0.085
A0A523THE3,0.085
A0A524CLN1,0.085
A0A850M0E6,0.085
A0A5B9D9V4,0.085
A0A523W459,0.085
A0A524CYS6,0.085
A0A842TES9,0.085
A0A842RCM2,0.085
A0A842VDQ0,0.085
A0A524F9M9,0.085
A0A523TCZ6,0.085
A0A3L6J9P7,0.085
A0A524DXY4,0.085
A0A523XFV0,0.085
A0A524DKY0,0.085
A0A2U3CFL9,0.085
A0A7K4CN93,0.085
A0A7K4CPZ2,0.085
A0A7K4GYX5,0.085
A0A497PQC0,0.085
A0A2U3CF75,0.085
A0A1Q9NYX0,0.085
A0A7K4GW53,0.085
A0A0F8W0S6,0.085
A0A524LJ89,0.085
A0A842VCF4,0.085
A0A524CFL8,0.085
A0A842VHB1,0.085
A0A5C9EGP6,0.085
A0A5C9ERT6,0.085
A0A524EIC3,0.085
A0A850MWU4,0.085
A0A842YED1,0.085
A0A2U3CL38,0.085
A0A850MG03,0.085
A0A497PBP7,0.085
A0A850LVT8,0.085
A0A524FRC5,0.085
A0A850MCJ0,0.085
A0A850M163,0.085
A0A524EWZ9,0.085
A0A135VTC3,0.085
A0A842TFZ5,0.085
A0A7K4H2L1,0.085
A0A524ERK3,0.085
A0A850MJ54,0.085
A0A842WWI5,0.085
A0A1Q9NRQ4,0.085
A0A1Q9PDZ7,0.085
A0A3L6JKH2,0.085
A0A497PYZ0,0.085
A0A842U659,0.085
A0A523S167,0.085
A0A497R3A2,0.085
A0A842QG05,0.085
A0A842RK24,0.085
A0A2U3CKJ4,0.085
A0A5C9E074,0.085
A0A497R1X8,0.085
A0A524EDH7,0.085
A0A524CL61,0.085
A0A524E5D2,0.085
A0A1Q9MXJ7,0.085
A0A524G1Y3,0.085
A0A850M946,0.085
A0A524CMX1,0.085
A0A7K4D1E8,0.085
A0A135VNA7,0.085
A0A5B9DBW0,0.085
A0A842T6Q0,0.085
A0A497Q1Z0,0.085
A0A3L6JLC2,0.085
A0A524EU22,0.085
A0A524CRT9,0.085
A0A524F444,0.085
A0A7K4CWP2,0.085
A0A842YCL2,0.085
A0A1Q9MVY1,0.085
A0A5C9EMC1,0.085
A0A5C9EBA1,0.085
A0A0F8Y4J7,0.085
A0A3L6JR07,0.085
A0A497QK42,0.085
A0A850MY90,0.085
A0A850M0H6,0.085
A0A524EIE7,0.085
A0A842RC56,0.085
A0A842RS60,0.085
A0A842Q9T8,0.085
A0A842WJH3,0.085
A0A524FMZ3,0.085
A0A3L6JPL3,0.085
A0A842WND3,0.085
A0A524CZW2,0.085
A0A842W2Z9,0.085
A0A1Q9NT20,0.085
A0A524F024,0.085
A0A842RQC3,0.085
A0A850M284,0.084
A0A524G082,0.084
A0A524C2S4,0.084
A0A5C9E6E8,0.084
A0A842RJE7,0.084
A0A842VNH2,0.084
A0A842VNA4,0.084
A0A1Q9MWU2,0.084
A0A524CW56,0.084
A0A842QK72,0.084
A0A850LPD8,0.084
A0A524P4G6,0.084
A0A523TH46,0.084
A0A523TFQ3,0.084
A0A524EWG4,0.084
A0A523TBF1,0.084
A0A842S112,0.084
A0A1Q9NQB2,0.084
A0A524FGZ4,0.084
A0A850LRL9,0.084
A0A850LQF9,0.084
A0A842U0R2,0.084
A0A7K4IIF2,0.084
A0A497PIL1,0.084
A0A135VJ73,0.084
A0A850MDU9,0.084
A0A497PGK6,0.084
A0A7K4D1E0,0.084
A0A849QEW6,0.084
A0A842TMG8,0.084
A0A135VJ39,0.084
A0A524LXF3,0.084
A0A523XLQ1,0.084
A0A1Q9NNT4,0.084
A0A524D8N1,0.084
A0A842W1P6,0.084
A0A1Q9NJ47,0.084
A0A7K4CS06,0.084
A0A842RZC5,0.084
A0A842YGW0,0.084
A0A532TEP7,0.084
A0A524FXQ9,0.084
A0A532TLM2,0.084
A0A497QUM8,0.084
A0A7K4IF76,0.084
A0A842YAB8,0.084
A0A850M5M8,0.084
A0A7K4CMB5,0.084
A0A7K4GMA6,0.084
A0A842QHR6,0.084
A0A1Q9NTR7,0.084
A0A3L6J8H8,0.084
A0A497Q2S0,0.084
A0A523TF76,0.084
A0A135VXV8,0.084
A0A842VF73,0.084
A0A842QK65,0.084
A0A497R763,0.084
A0A524G8D9,0.084
A0A524LP05,0.084
A0A523S0J4,0.084
A0A135VJD7,0.084
A0A497PFC6,0.084
A0A842WUW8,0.084
A0A497RDY5,0.084
A0A524CP93,0.084
A0A842VRT1,0.084
A0A5B9DGB2,0.084
A0A523RRG2,0.084
A0A524CBB5,0.084
A0A842RQ38,0.084
A0A842VDF1,0.084
A0A523XDY4,0.084
A0A842SBN7,0.084
A0A7K4H914,0.084
A0A524FP26,0.084
A0A497R637,0.084
A0A523TGM8,0.084
A0A842VZQ1,0.084
A0A532T5W3,0.084
A0A1Q9NIS1,0.084
A0A1Q9NR46,0.084
A0A1Q9NWI5,0.084
A0A842REC8,0.084
A0A524LQK3,0.084
A0A842T042,0.084
A0A524DHK4,0.084
A0A850MHG5,0.084
A0A842TJ16,0.084
A0A1Q9P3T9,0.084
A0A524EDH9,0.084
A0A842SB26,0.084
A0A842REU8,0.084
A0A135VBQ1,0.084
A0A524EAP2,0.084
A0A1Q9PDQ4,0.084
A0A532TX86,0.084
A0A497QKF1,0.084
A0A842TG55,0.084
A0A524EL86,0.084
A0A842T0L2,0.084
A0A524ED51,0.084
A0A497PN64,0.084
A0A524CCA8,0.084
A0A524MBW6,0.084
A0A524DL32,0.084
A0A2E9CFM8,0.084
A0A5C9ERQ8,0.084
A0A842YB98,0.084
A0A497R0R0,0.084
A0A524CDI2,0.084
A0A524FUR7,0.084
A0A524EGC6,0.084
A0A3L6J9K9,0.084
A0A532T6V3,0.084
A0A5C9E4G8,0.084
A0A842YID7,0.084
A0A842Y8T6,0.084
A0A524E9L9,0.084
A0A7C0U9B6,0.084
A0A497PS04,0.084
A0A842RL06,0.084
A0A843BPT4,0.084
A0A850M317,0.084
A0A842TI47,0.084
A0A842VBZ4,0.084
A0A1Q9NJ42,0.084
A0A1Q9NBM4,0.084
A0A524FCX8,0.084
A0A842QC69,0.084
A0A7K4GXI7,0.084
A0A3L6JQH6,0.084
A0A524F6X8,0.084
A0A5C9DVK5,0.084
A0A843BPC9,0.084
A0A524EJK4,0.084
A0A1Q9NYI2,0.084
A0A497QNI2,0.084
A0A2U3CEI0,0.084
A0A842WV27,0.084
A0A7K4GUQ6,0.084
A0A7K4H1F3,0.084
A0A524F910,0.084
A0A7K4IAI7,0.084
A0A842THK5,0.084
A0A842W255,0.084
A0A497R627,0.084
A0A497Q9Y5,0.084
A0A7K4CZT0,0.084
A0A1Q9NBY6,0.084
A0A843BPR5,0.084
A0A524CFR6,0.084
A0A524FVY1,0.084
A0A2U3CKU2,0.084
A0A5C9EXD6,0.084
A0A7K4H2F9,0.084
A0A1Q9MWT6,0.084
A0A1Q9NVL4,0.084
A0A850M128,0.084
A0A5C9EQX2,0.084
A0A842W1X1,0.084
A0A524CFP8,0.084
A0A5C9E1E0,0.084
A0A7K4GTR7,0.084
A0A524E3N8,0.084
A0A524FCP9,0.084
A0A850M3H8,0.084
A0A5C9F265,0.084
A0A0F8VBV9,0.084
A0A1Q9NKT1,0.084
A0A842WN26,0.084
A0A1Q9NX23,0.084
A0A135VAK7,0.084
A0A5B9D6E4,0.084
A0A135VBF4,0.084
A0A524DSU1,0.084
A0A842S6Y3,0.084
A0A1Q9MR82,0.084
A0A842RRJ8,0.084
A0A850M899,0.084
A0A843BXP0,0.084
A0A524FA67,0.084
A0A524M8M6,0.084
A0A850MKP6,0.084
A0A850MD60,0.084
A0A849QF36,0.084
A0A135VB93,0.084
A0A842WKK9,0.084
A0A5C9DXS4,0.084
A0A135VD56,0.084
A0A1Q9PCH0,0.084
A0A2U3CHY4,0.084
A0A7K4H2F6,0.084
A0A5C9E1N0,0.084
A0A1Q9PFM4,0.084
A0A842RMB6,0.084
A0A524CG09,0.083
A0A0F8VP46,0.083
A0A497QNA0,0.083
A0A842QFC4,0.083
A0A5C9EIA0,0.083
A0A523RBX0,0.083
A0A524D0F4,0.083
A0A842RBL8,0.083
A0A1Q9NUZ5,0.083
A0A7K4H565,0.083
A0A7K4H8T9,0.083
A0A1Q9P921,0.083
A0A497QGW3,0.083
A0A524E3Z9,0.083
A0A843BV71,0.083
A0A523W1R3,0.083
A0A842TN61,0.083
A0A524DV25,0.083
A0A5C9DWI5,0.083
A0A524DIW9,0.083
A0A523RCH8,0.083
A0A850ME70,0.083
A0A5B9DE61,0.083
A0A850LR96,0.083
A0A523RNS1,0.083
A0A1Q9NT59,0.083
A0A1Q9NIM9,0.083
A0A842STP7,0.083
A0A524ERL2,0.083
A0A7K4GWC3,0.083
A0A524C8G4,0.083
A0A5C9E184,0.083
A0A497PWU1,0.083
A0A524F1A2,0.083
A0A5C9EZ86,0.083
A0A135VED2,0.083
A0A523RRL4,0.083
A0A1Q9NWJ5,0.083
A0A842S9Y3,0.083
A0A524F1X9,0.083
A0A524ENL1,0.083
A0A7K4IH37,0.083
A0A842QHA6,0.083
A0A135VBB7,0.083
A0A1Q9PEN7,0.083
A0A1Q9NH08,0.083
A0A524FER9,0.083
A0A843BZJ6,0.083
A0A497PQS8,0.083
A0A5C9DVN8,0.083
A0A7K4CPS2,0.083
A0A524DLL3,0.083
A0A842U3F8,0.083
A0A1Q9P4D3,0.083
A0A497QFS2,0.083
A0A5B9D9P6,0.083
A0A1Q9NUQ1,0.083
A0A523XBE9,0.083
A0A524CBC4,0.083
A0A524EV08,0.083
A0A497QL97,0.083
A0A850LUE4,0.083
A0A842RFZ0,0.083
A0A842RCQ9,0.083
A0A524C898,0.083
A0A524E4W9,0.083
A0A524CIV3,0.083
A0A842TG10,0.083
A0A524L5Y3,0.083
A0A523SBI2,0.083
A0A497Q2B4,0.083
A0A524EUJ2,0.083
A0A524DZ97,0.083
A0A850MQQ6,0.083
A0A524FSL0,0.083
A0A5C9E683,0.083
A0A1Q9N2I1,0.083
A0A850M3M8,0.083
A0A842Y910,0.083
A0A524DDY0,0.083
A0A524EQS9,0.083
A0A842V9V5,0.083
A0A842VTT0,0.083
A0A497R8L1,0.083
A0A524FTN0,0.083
A0A7K4HK24,0.083
A0A7K4ICX2,0.083
A0A524F559,0.083
A0A5C9E522,0.083
A0A524EYG2,0.083
A0A842QKW3,0.083
A0A524FZY4,0.083
A0A524LIX7,0.083
A0A1Q9P3X8,0.083
A0A524EVF0,0.083
A0A842TDD3,0.083
A0A524CKK6,0.083
A0A0F8VEI0,0.083
A0A842TDC2,0.083
A0A5B9DDL0,0.083
A0A524DNU1,0.083
A0A842RN48,0.083
A0A850LUB0,0.083
A0A524DY21,0.083
A0A1Q9NKU4,0.083
A0A842VQ48,0.083
A0A497QMV5,0.083
A0A524G1X0,0.083
A0A7K4CSV2,0.083
A0A842RF93,0.083
A0A843C2J0,0.083
A0A842VWL9,0.083
A0A842QFP1,0.083
A0A497R4U3,0.083
A0A524FGX4,0.083
A0A524FJI6,0.083
A0A842WMI0,0.083
A0A842RVC9,0.083
A0A850M8C1,0.083
A0A1Q9NNZ6,0.083
A0A524LKU7,0.083
A0A842R6W5,0.083
A0A1Q9NEY5,0.083
A0A497PBB8,0.083
A0A842T594,0.083
A0A5C9EKZ9,0.083
A0A7K4HAN9,0.083
A0A842U5V2,0.083
A0A523TE92,0.083
A0A1Q9P213,0.083
A0A850LPG9,0.083
A0A524DPH4,0.083
A0A1Q9NHD4,0.083
A0A524DAG4,0.083
A0A524CK91,0.083
A0A497QMU1,0.083
A0A524FK99,0.083
A0A842W0C3,0.083
A0A497PN77,0.083
A0A524F4T6,0.083
A0A524LZQ0,0.083
A0A1Q9N9V3,0.083
A0A497PNA7,0.083
A0A2U3CCK1,0.083
A0A497PF97,0.083
A0A524CEC4,0.083
A0A1Q9MVS1,0.083
A0A850LTB5,0.083
A0A523RN57,0.083
A0A5C9E315,0.083
A0A3L6JDH3,0.083
A0A524FW02,0.083
A0A524CLN3,0.083
A0A842TJ37,0.083
A0A524EZM4,0.083
A0A842TP57,0.083
A0A7K4CSZ0,0.083
A0A135VYJ3,0.083
A0A524EFI9,0.083
A0A850LNW1,0.083
A0A842RUQ0,0.083
A0A1Q9MQG1,0.083
A0A524F7C8,0.083
A0A1Q9MWK5,0.083
A0A497Q3Z4,0.083
A0A524DWY6,0.083
A0A523RZY2,0.083
A0A842VJK0,0.083
A0A842TM61,0.083
A0A7K4GW80,0.083
A0A5B9D9H9,0.083
A0A524CCW1,0.083
A0A524DZG4,0.083
A0A524DDB9,0.083
A0A842V747,0.083
A0A135VHD7,0.083
A0A842WVY0,0.083
A0A523VTZ2,0.083
A0A1Q9NTA2,0.083
A0A524DVH1,0.083
A0A7K4IH09,0.083
A0A524P4R3,0.083
A0A842YE46,0.083
A0A850MG06,0.083
A0A523RJ89,0.083
A0A524DQ67,0.083
A0A5C9EB95,0.082
A0A135VS32,0.082
A0A524E954,0.082
A0A524CW19,0.082
A0A524DAH3,0.082
A0A2U3CDZ1,0.082
A0A5C9E6B5,0.082
A0A5C9DXF5,0.082
A0A524FN02,0.082
A0A524CV57,0.082
A0A524C4L3,0.082
A0A842TGZ3,0.082
A0A842TMY0,0.082
A0A524FTX1,0.082
A0A842X065,0.082
A0A5C9EYZ9,0.082
A0A842TNP1,0.082
A0A524FMS1,0.082
A0A7K4IHS8,0.082
A0A524EAR7,0.082
A0A5B9D702,0.082
A0A524DJT4,0.082
A0A850LUY1,0.082
A0A497QDR5,0.082
A0A497QKS2,0.082
A0A497Q807,0.082
A0A842VCP3,0.082
A0A497PR35,0.082
A0A1Q9NZ64,0.082
A0A1Q9NZ14,0.082
A0A7K4CQA9,0.082
A0A1Q9NSH2,0.082
A0A0F8W9N6,0.082
A0A842RQS8,0.082
A0A7K4GV83,0.082
A0A497QGG8,0.082
A0A524C4B5,0.082
A0A524F2G9,0.082
A0A7K4CNQ9,0.082
A0A524LZ46,0.082
A0A523X7N2,0.082
A0A135VHG4,0.082
A0A524DMR0,0.082
A0A5C9EBD1,0.082
A0A842SDK4,0.082
A0A524E473,0.082
A0A7K4HKS7,0.082
A0A5C9ES41,0.082
A0A842WMY6,0.082
A0A497PRK5,0.082
A0A524NXX4,0.082
A0A1Q9NU14,0.082
A0A7K4CRD4,0.082
A0A842TD48,0.082
A0A1Q9NJI0,0.082
A0A1Q9MUS2,0.082
A0A5B9DBZ9,0.082
A0A842YCP7,0.082
A0A842VZC1,0.082
A0A842RN26,0.082
A0A7K4GXK7,0.082
A0A524EB51,0.082
A0A5C9EI31,0.082
A0A523RFV1,0.082
A0A842QED8,0.082
A0A497QC63,0.082
A0A497PR36,0.082
A0A524EHX1,0.082
A0A532T6L7,0.082
A0A842VPW2,0.082
A0A1Q9P9Z6,0.082
A0A7K4CT38,0.082
A0A842RXT0,0.082
A0A7K4GXJ8,0.082
A0A7K4CVG0,0.082
A0A524DAF5,0.082
A0A1Q9NTV3,0.082
A0A1Q9N430,0.082
A0A5B9D9F2,0.082
A0A842TGP5,0.082
A0A5B9D7W7,0.082
A0A850MKW3,0.082
A0A524DNN8,0.082
A0A523VS58,0.082
A0A5C9F2V2,0.082
A0A135VQG9,0.082
A0A1Q9NER1,0.082
A0A2U3CI29,0.082
A0A849QA51,0.082
A0A5B9DCA4,0.082
A0A5C9ECR3,0.082
A0A1Q9MVB2,0.082
A0A842RJZ4,0.082
A0A523R6M5,0.082
A0A523VSU2,0.082
A0A524MKT4,0.082
A0A532T7S2,0.082
A0A5C9E118,0.082
A0A524EX57,0.082
A0A524DTR0,0.082
A0A842WLI8,0.082
A0A497PAD8,0.082
A0A523TK97,0.082
A0A842U623,0.082
A0A497PF44,0.082
A0A842VZG4,0.082
A0A5C9EZC3,0.082
A0A524CAH1,0.082
A0A497PEL9,0.082
A0A5C9E6E0,0.082
A0A842WVB3,0.082
A0A3L6JCB0,0.082
A0A842QHY7,0.082
A0A497PD07,0.082
A0A523RC48,0.082
A0A842VS58,0.082
A0A135VH21,0.082
A0A524CYN4,0.082
A0A850MKF3,0.082
A0A2U3CBL0,0.082
A0A497R3Q0,0.082
A0A1Q9P2Q0,0.082
A0A524F0H6,0.082
A0A850M162,0.082
A0A843C1X1,0.082
A0A524F5Q6,0.082
A0A524CA43,0.082
A0A524F5C1,0.082
A0A524CMS9,0.082
A0A1Q9MSN6,0.082
A0A5B9D560,0.082
A0A524CPY5,0.082
A0A135VT39,0.082
A0A497Q6T8,0.082
A0A524C1V8,0.082
A0A1Q9P1M1,0.082
A0A523S854,0.082
A0A524L695,0.082
A0A524E6X4,0.082
A0A524CMZ4,0.082
A0A524CWT9,0.082
A0A1Q9PEB4,0.082
A0A524DF50,0.082
A0A842TM29,0.082
A0A2U3CIY6,0.082
A0A524FNW4,0.082
A0A842RKS3,0.082
A0A524DLG9,0.082
A0A524F104,0.082
A0A524E4Q3,0.082
A0A1Q9NAH6,0.082
A0A5C9DXP5,0.082
A0A0F8VEF3,0.082
A0A1Q9MT26,0.082
A0A850LWV0,0.082
A0A7K4IAY2,0.082
A0A842VFZ8,0.082
A0A0F8XSE1,0.082
A0A5B9D6J9,0.082
A0A1Q9P7H4,0.082
A0A524DAU6,0.082
A0A524DUW3,0.082
A0A842UAD2,0.082
A0A1Q9MXQ3,0.082
A0A0F8YDC3,0.082
A0A524C893,0.082
A0A842WX14,0.082
A0A842VLP5,0.082
A0A524CV34,0.082
A0A842Y8K4,0.082
A0A524CJT3,0.082
A0A850LRS9,0.082
A0A523RNZ8,0.082
A0A2U3CDU2,0.082
A0A524C8E5,0.082
A0A524DYV1,0.082
A0A523TSK0,0.082
A0A497PIB5,0.082
A0A842TFT5,0.082
A0A524F7T0,0.082
A0A523X8L6,0.082
A0A524DSU8,0.082
A0A524EKT3,0.082
A0A842SUG0,0.082
A0A850LZB7,0.081
A0A842RQN7,0.081
A0A5C9EUA9,0.081
A0A524C2R7,0.081
A0A497R7D5,0.081
A0A524F0B0,0.081
A0A1Q9NXG0,0.081
A0A1Q9N9V5,0.081
A0A524C243,0.081
A0A2U3CBU4,0.081
A0A497PPB1,0.081
A0A842RGW2,0.081
A0A524FWY1,0.081
A0A135VTQ1,0.081
A0A842T695,0.081
A0A842QE66,0.081
A0A5C9EW73,0.081
A0A842TBC2,0.081
A0A842RBR6,0.081
A0A850LZC2,0.081
A0A523X7H3,0.081
A0A0F8XP76,0.081
A0A7K4GXF1,0.081
A0A524FW18,0.081
A0A842VEN9,0.081
A0A524LI16,0.081
A0A842QDI8,0.081
A0A842RCZ9,0.081
A0A497QQ59,0.081
A0A497R240,0.081
A0A7K4H9N7,0.081
A0A524C2R9,0.081
A0A5C9EPH0,0.081
A0A497QLF7,0.081
A0A497QA61,0.081
A0A524FQ64,0.081
A0A497R5V9,0.081
A0A842VLN1,0.081
A0A524FYB6,0.081
A0A842S5B3,0.081
A0A842RP34,0.081
A0A843BY27,0.081
A0A524FWA8,0.081
A0A524E6G5,0.081
A0A842S0F4,0.081
A0A524DM09,0.081
A0A497QHV8,0.081
A0A497Q0K0,0.081
A0A842VYE7,0.081
A0A524DZZ1,0.081
A0A524F1S6,0.081
A0A842T141,0.081
A0A842RJP3,0.081
A0A2U3CHX7,0.081
A0A850M885,0.081
A0A850LR54,0.081
A0A7K4GVC5,0.081
A0A1Q9NB49,0.081
A0A5C9E8R8,0.081
A0A524DFJ2,0.081
A0A497QD02,0.081
A0A849QF65,0.081
A0A1Q9MWG8,0.081
A0A532T9C7,0.081
A0A842WZ38,0.081
A0A524CW97,0.081
A0A524CET0,0.081
A0A524DL93,0.081
A0A524FXQ3,0.081
A0A524EXL4,0.081
A0A1Q9P1E6,0.081
A0A524DZW9,0.081
A0A1Q9NVS0,0.081
A0A842VU69,0.081
A0A524D6M0,0.081
A0A135VCG5,0.081
A0A842YBM5,0.081
A0A0F8Y2D7,0.081
A0A7K4H177,0.081
A0A5C9E433,0.081
A0A843BUD2,0.081
A0A7K4GJ68,0.081
A0A524F813,0.081
A0A135VEZ9,0.081
A0A2U3CF51,0.081
A0A524FRV9,0.081
A0A497QW88,0.081
A0A842REP6,0.081
A0A5C9EL45,0.081
A0A850M8N4,0.081
A0A135VKP4,0.081
A0A524FJ40,0.081
A0A532T835,0.081
A0A524DMK4,0.081
A0A523R8W9,0.081
A0A524DTX8,0.081
A0A523VXY0,0.081
A0A497QPK4,0.081
A0A3L6JJJ8,0.081
A0A5C9E0W7,0.081
A0A842RUE9,0.081
A0A524C643,0.081
A0A497PQY4,0.081
A0A497PDH5,0.081
A0A523RKI4,0.081
A0A135VX86,0.081
A0A1Q9NH75,0.081
A0A1Q9MQM1,0.081
A0A524L9D8,0.081
A0A7K4CPQ0,0.081
A0A3L6JAQ7,0.081
A0A523RDE9,0.081
A0A524F2D5,0.081
A0A524NS07,0.081
A0A524DNG5,0.081
A0A0F8YAR6,0.081
A0A524CAQ1,0.081
A0A849QGI6,0.081
A0A524D7F3,0.081
A0A524DBX8,0.081
A0A5B9D5C5,0.081
A0A5C9EM06,0.081
A0A1Q9P2I3,0.081
A0A842QBJ6,0.081
A0A523XM71,0.081
A0A842RLI3,0.081
A0A7K4CN31,0.081
A0A497PFK1,0.081
A0A5C9DXJ1,0.081
A0A524DZI8,0.081
A0A5C9E6Q6,0.081
A0A842YAV8,0.081
A0A523TN49,0.081
A0A7K4CPJ6,0.081
A0A1Q9NHU6,0.081
A0A523X6W1,0.081
A0A524CYE2,0.081
A0A524EWS0,0.081
A0A842SXG4,0.081
A0A7K4H5Z5,0.081
A0A842R972,0.081
A0A524D6L4,0.081
A0A842UBB4,0.081
A0A5C9ESW5,0.081
A0A524E2M7,0.081
A0A532TJU9,0.081
A0A842VE26,0.081
A0A497QDL3,0.081
A0A850M3B3,0.081
A0A0F8XWI6,0.081
A0A497PRP6,0.081
A0A842T298,0.081
A0A524FLZ8,0.081
A0A5C9EP83,0.081
A0A532TIH5,0.081
A0A7K4CSB3,0.081
A0A532TE04,0.081
A0A524D1S9,0.081
A0A1Q9P2W1,0.081
A0A1Q9P2X6,0.081
A0A524FTW9,0.081
A0A3L6JID5,0.081
A0A524MCC3,0.081
A0A842RA00,0.081
A0A497R1X7,0.081
A0A524EE47,0.081
A0A7K4H8H9,0.081
A0A524F2T4,0.081
A0A7K4HI77,0.081
A0A5C9DYT7,0.081
A0A497QGL5,0.081
A0A523S1Q4,0.081
A0A524CT61,0.081
A0A135VNX9,0.081
A0A842WVB5,0.081
A0A7K4H552,0.081
A0A850M4L4,0.081
A0A497PQF1,0.081
A0A524E1B1,0.081
A0A5C9F4P9,0.081
A0A497QWA9,0.081
A0A497QM40,0.081
A0A1Q9MX02,0.081
A0A842T9P1,0.081
A0A524F827,0.081
A0A7K4GRX4,0.081
A0A497QNK9,0.081
A0A497QRB1,0.081
A0A0F8VPW7,0.081
A0A850MY10,0.081
A0A850MQ61,0.081
A0A7K4GXX9,0.081
A0A5C9EAZ3,0.081
A0A1Q9NPY1,0.081
A0A497QFP6,0.081
A0A523RFT9,0.081
A0A1Q9N3J2,0.081
A0A850MTP7,0.081
A0A524L9T1,0.081
A0A842VC37,0.081
A0A5C9EFX7,0.081
A0A842Y9E7,0.081
A0A7K4HI46,0.081
A0A5B9D6S3,0.081
A0A532TN90,0.081
A0A524D6C8,0.081
A0A850MME5,0.081
A0A524CSA8,0.081
A0A2U3CF66,0.081
A0A1Q9NN04,0.081
A0A842TI90,0.081
A0A524M044,0.081
A0A842RTF0,0.081
A0A2U3CCD6,0.081
A0A523S5A4,0.081
A0A850M7U5,0.081
A0A532TBJ6,0.081
A0A3L6JAA2,0.081
A0A524EW66,0.081
A0A842VSN9,0.081
A0A850MLE8,0.081
A0A135VBB5,0.081
A0A842QCV3,0.081
A0A850MJB8,0.081
A0A1Q9NLT7,0.08
A0A135VL96,0.08
A0A7K4H9Q3,0.08
A0A135VU20,0.08
A0A497R3A0,0.08
A0A524CUW2,0.08
A0A7K4H1W7,0.08
A0A5C9ECF4,0.08
A0A532T8T4,0.08
A0A524DKN4,0.08
A0A135VMN0,0.08
A0A1Q9MQX2,0.08
A0A135VD70,0.08
A0A5C9EE77,0.08
A0A842TH84,0.08
A0A842TAD0,0.08
A0A842VXD0,0.08
A0A524EZ40,0.08
A0A850MN89,0.08
A0A0F8VIE6,0.08
A0A1Q9MZD9,0.08
A0A1Q9PET7,0.08
A0A7K4CRI9,0.08
A0A7K4CSW5,0.08
A0A842VZM0,0.08
A0A2U3CKN5,0.08
A0A0F8V8L2,0.08
A0A7K4GVN4,0.08
A0A1Q9NLB6,0.08
A0A7K4CXU3,0.08
A0A5B9D9P9,0.08
A0A5C9F3D4,0.08
A0A2E9CDM8,0.08
A0A524CW35,0.08
A0A5B9D9D2,0.08
A0A524P5B2,0.08
A0A850MRZ5,0.08
A0A842QJ60,0.08
A0A524CCV5,0.08
A0A3L6J8W2,0.08
A0A524CX43,0.08
A0A1Q9MUN3,0.08
A0A0F8XJ47,0.08
A0A842U182,0.08
A0A842YEM3,0.08
A0A3L6JT39,0.08
A0A842SCM6,0.08
A0A842RIX7,0.08
A0A524FHD4,0.08
A0A1Q9MYU1,0.08
A0A842QJE9,0.08
A0A497PYM0,0.08
A0A842UAG3,0.08
A0A497RAR1,0.08
A0A1Q9NHZ2,0.08
A0A524EYS3,0.08
A0A497QP88,0.08
A0A5C9EE66,0.08
A0A2E9CF86,0.08
A0A1Q9MWG2,0.08
A0A850LRF9,0.08
A0A5C9EC20,0.08
A0A1Q9P3H3,0.08
A0A3L6J938,0.08
A0A524P6K9,0.08
A0A842TTV4,0.08
A0A1Q9MW16,0.08
A0A524MGV7,0.08
A0A524GAX6,0.08
A0A5C9EB50,0.08
A0A523TFX2,0.08
A0A524DX60,0.08
A0A850LY32,0.08
A0A524CQZ1,0.08
A0A842R9I5,0.08
A0A497QHF9,0.08
A0A524P545,0.08
A0A1Q9MQ63,0.08
A0A842RGB3,0.08
A0A1Q9N9Q4,0.08
A0A497RB63,0.08
A0A842SBH6,0.08
A0A524FMJ7,0.08
A0A5B9DCV7,0.08
A0A532TYJ3,0.08
A0A842U8M1,0.08
A0A524P131,0.08
A0A842QGR6,0.08
A0A842RPT7,0.08
A0A524EK44,0.08
A0A842TIY0,0.08
A0A497R2M0,0.08
A0A7K4ID01,0.08
A0A1Q9N9U0,0.08
A0A842RIN3,0.08
A0A497QZ24,0.08
A0A1Q9NA14,0.08
A0A135VQW2,0.08
A0A0F8Y5T9,0.08
A0A524P5N1,0.08
A0A842RXF5,0.08
A0A497QCI1,0.08
A0A842QIU8,0.08
A0A523R6J3,0.08
A0A5C9EL17,0.08
A0A497Q4F2,0.08
A0A524DEF9,0.08
A0A1Q9MUT9,0.08
A0A5C9E5V1,0.08
A0A524F5D1,0.08
A0A5B9D5P1,0.08
A0A524FXZ9,0.08
A0A850M8U4,0.08
A0A497QEL4,0.08
A0A842S194,0.08
A0A524FE59,0.08
A0A524ESK2,0.08
A0A135VWZ1,0.08
A0A842VN92,0.08
A0A1Q9NED5,0.08
A0A7K4GYH1,0.08
A0A842VBD5,0.08
A0A523TH72,0.08
A0A842TG07,0.08
A0A1Q9MS17,0.08
A0A843BZE6,0.08
A0A842THF0,0.08
A0A1Q9N476,0.08
A0A842VFH5,0.08
A0A1Q9PDV1,0.08
A0A524D2S6,0.08
A0A524E6N1,0.08
A0A842VMT7,0.08
A0A850LWA3,0.08
A0A5C9EQI0,0.08
A0A850MEE9,0.08
A0A497PU57,0.08
A0A524NYS8,0.08
A0A842T266,0.08
A0A135VFS4,0.08
A0A497PFZ3,0.08
A0A524C9E3,0.08
A0A5C9ENR0,0.08
A0A524LWA1,0.08
A0A497PM47,0.08
A0A1Q9NRS5,0.08
A0A843C027,0.08
A0A850MC28,0.08
A0A850MMY2,0.08
A0A842WTF2,0.08
A0A524EAT4,0.08
A0A5C9E7L4,0.08
A0A3L6JBP7,0.08
A0A524FC24,0.08
A0A135VXU8,0.08
A0A842S7Y4,0.08
A0A135VEA0,0.08
A0A842TCM7,0.08
A0A524LJC0,0.08
A0A7K4CXQ2,0.08
A0A523RDL9,0.08
A0A7K4D028,0.08
A0A7K4HL42,0.08
A0A524EYC5,0.08
A0A497PRD0,0.08
A0A0F8VI14,0.08
A0A524ET23,0.08
A0A842TNU4,0.08
A0A524MCW2,0.08
A0A850MMI5,0.08
A0A523RXM7,0.08
A0A842T531,0.08
A0A524FTY6,0.08
A0A524CH56,0.08
A0A135VTE7,0.08
A0A7K4D0X4,0.08
A0A524DM21,0.08
A0A5B9DCB0,0.08
A0A524LKH7,0.08
A0A5C9EMV3,0.08
A0A524EJU9,0.08
A0A842VHQ2,0.08
A0A524EFP6,0.08
A0A524CE26,0.08
A0A7K4CRS6,0.08
A0A135VDJ6,0.08
A0A3L6JM99,0.08
A0A1Q9P844,0.08
A0A842QB33,0.08
A0A524LL69,0.08
A0A497QNQ8,0.08
A0A523S6K7,0.08
A0A523S8S3,0.08
A0A524E2K4,0.08
A0A842X0U6,0.08
A0A523S1S8,0.08
A0A497QFU3,0.08
A0A532TI05,0.08
A0A524FN93,0.08
A0A5C9EXU1,0.08
A0A524CKF3,0.08
A0A532T6S6,0.08
A0A523S1I7,0.08
A0A524DYU4,0.08
A0A5C9E881,0.08
A0A524C7K7,0.08
A0A3L6JE09,0.08
A0A2U3CCC2,0.08
A0A524D288,0.08
A0A524M3Z6,0.08
A0A849QHJ1,0.08
A0A497QSA4,0.08
A0A5C9EH75,0.08
A0A524EI98,0.08
A0A842VTK5,0.08
A0A135VSE1,0.08
A0A850MMJ4,0.08
A0A5C9E804,0.08
A0A532TE50,0.08
A0A524FYN0,0.079
A0A524C454,0.079
A0A524C1M9,0.079
A0A850LXJ2,0.079
A0A524FFA4,0.079
A0A1Q9NS13,0.079
A0A842S8X6,0.079
A0A5C9ENA6,0.079
A0A497PQL1,0.079
A0A1Q9PD99,0.079
A0A497Q833,0.079
A0A523TJS2,0.079
A0A524EDR3,0.079
A0A842WSP1,0.079
A0A532TXR4,0.079
A0A850MIQ7,0.079
A0A850LV05,0.079
A0A524D403,0.079
A0A2E9CFZ8,0.079
A0A523RZK4,0.079
A0A497PU96,0.079
A0A5C9F123,0.079
A0A842WR72,0.079
A0A5C9EFA1,0.079
A0A842VQ65,0.079
A0A2U3CHM2,0.079
A0A850M4L3,0.079
A0A850MAG8,0.079
A0A7K4HIY8,0.079
A0A0F8VLB5,0.079
A0A7K4CMY2,0.079
A0A1Q9MW24,0.079
A0A5C9EUE4,0.079
A0A0F8V927,0.079
A0A842RVH7,0.079
A0A842TFJ9,0.079
A0A524FAN3,0.079
A0A1Q9NVL3,0.079
A0A523RWK4,0.079
A0A842TS45,0.079
A0A524CQ89,0.079
A0A850M7G6,0.079
A0A524LLV0,0.079
A0A842V7E3,0.079
A0A524DLH5,0.079
A0A524CW07,0.079
A0A842RHA2,0.079
A0A524MBK7,0.079
A0A524DPS7,0.079
A0A842VRM9,0.079
A0A3L6JKE0,0.079
A0A497R6I3,0.079
A0A7K4CY45,0.079
A0A524DZ55,0.079
A0A524G9I6,0.079
A0A524DNL9,0.079
A0A497QS45,0.079
A0A1Q9N8G9,0.079
A0A524F744,0.079
A0A842U700,0.079
A0A1Q9NQ96,0.079
A0A842RGT8,0.079
A0A523RQL7,0.079
A0A0F8XWE5,0.079
A0A0F8XKR6,0.079
A0A842VIH2,0.079
A0A497P9M8,0.079
A0A524EG39,0.079
A0A524D0Y0,0.079
A0A523X6A1,0.079
A0A524DKS4,0.079
A0A524FEK7,0.079
A0A497Q029,0.079
A0A842U707,0.079
A0A523SBQ0,0.079
A0A524E816,0.079
A0A524F266,0.079
A0A842S2W2,0.079
A0A524DGL7,0.079
A0A524CLS1,0.079
A0A523W014,0.079
A0A5C9E174,0.079
A0A7K4H927,0.079
A0A135VXE7,0.079
A0A1Q9N4J9,0.079
A0A1Q9P3H1,0.079
A0A524DKC6,0.079
A0A850MMK5,0.079
A0A523X9L5,0.079
A0A842RJZ7,0.079
A0A524LI00,0.079
A0A532T1A6,0.079
A0A135VTP2,0.079
A0A524F3S7,0.079
A0A524D4P7,0.079
A0A524M133,0.079
A0A524FQD6,0.079
A0A5C9E2W8,0.079
A0A524ECW7,0.079
A0A1Q9PDQ9,0.079
A0A532TMA5,0.079
A0A524ECN2,0.079
A0A842YGH6,0.079
A0A850M2L9,0.079
A0A524F6G7,0.079
A0A524CEG1,0.079
A0A1Q9PF27,0.079
A0A1Q9NUS7,0.079
A0A3L6JMZ1,0.079
A0A135VYI4,0.079
A0A5C9EJJ7,0.079
A0A523R8U6,0.079
A0A7K4IG31,0.079
A0A524DGI6,0.079
A0A524CWS3,0.079
A0A524F1F0,0.079
A0A842VJL8,0.079
A0A524CRP8,0.079
A0A523TCN6,0.079
A0A3L6J6Q1,0.079
A0A524C392,0.079
A0A0F8V8S8,0.079
A0A523RDM0,0.079
A0A524EPT8,0.079
A0A842QHG6,0.079
A0A524FJ77,0.079
A0A532TXE3,0.079
A0A842WY85,0.079
A0A524DYR3,0.079
A0A523TD52,0.079
A0A523TFR1,0.079
A0A7K4H6B2,0.079
A0A842VB06,0.079
A0A842TC56,0.079
A0A135VDY2,0.079
A0A524CH06,0.079
A0A2U3CDW0,0.079
A0A7K4GVX5,0.079
A0A497QZ97,0.079
A0A7K4GV33,0.079
A0A523S982,0.079
A0A842VHB0,0.079
A0A532TYB9,0.079
A0A5C9EVM4,0.079
A0A497Q045,0.079
A0A524M2S7,0.079
A0A5B9D7Z0,0.079
A0A842RPL0,0.079
A0A5C9EC66,0.079
A0A7K4CXV5,0.079
A0A524EBN0,0.079
A0A5B9DGU7,0.079
A0A5B9DGW8,0.079
A0A2U3CHL1,0.079
A0A5C9DWY1,0.079
A0A1Q9N3Q4,0.079
A0A842RB45,0.079
A0A524FF16,0.079
A0A5B9D5N5,0.079
A0A524CTU5,0.079
A0A135VZ75,0.079
A0A3L6JBQ3,0.079
A0A523XIM9,0.079
A0A850MIT2,0.079
A0A524E730,0.079
A0A850LV61,0.079
A0A842VVF2,0.079
A0A850M152,0.079
A0A524DCG6,0.079
A0A1Q9MZF0,0.079
A0A7K4GYF0,0.079
A0A523RRF9,0.079
A0A1Q9N4B7,0.079
A0A524D8C6,0.079
A0A842R8L3,0.079
A0A524M9F7,0.079
A0A497PQY5,0.079
A0A524F1T3,0.079
A0A524EA85,0.079
A0A524E464,0.079
A0A842VJS7,0.079
A0A1Q9MVJ8,0.079
A0A3L6JNI2,0.079
A0A842QEH1,0.079
A0A1Q9NRP0,0.079
A0A842R5N3,0.079
A0A5B9D8S5,0.079
A0A7K4GW41,0.079
A0A850MJ06,0.079
A0A524D2I4,0.079
A0A7K4GJS9,0.079
A0A497QBS0,0.079
A0A523RC44,0.079
A0A7K4H7K2,0.079
A0A1Q9PCK6,0.079
A0A5C9DV74,0.079
A0A850LZQ0,0.079
A0A7K4CP22,0.079
A0A1Q9MQH5,0.079
A0A5C9EE94,0.079
A0A524CD48,0.079
A0A850LPF7,0.079
A0A524EMQ7,0.079
A0A2U3CD76,0.079
A0A5C9F407,0.079
A0A7K4H870,0.079
A0A842RHK8,0.079
A0A1Q9NR67,0.079
A0A524DMM0,0.079
A0A850LS88,0.079
A0A524NYV5,0.079
A0A497PVH2,0.079
A0A523XNQ8,0.079
A0A1Q9NVF8,0.079
A0A1Q9NEF8,0.079
A0A524CRF7,0.079
A0A1Q9NDS4,0.079
A0A524FNK9,0.079
A0A842TBU6,0.079
A0A524F701,0.079
A0A524G329,0.079
A0A850MGZ5,0.079
A0A524EIZ5,0.079
A0A524CMZ1,0.079
A0A5C9ET19,0.079
A0A842W0B1,0.079
A0A0F8VNG3,0.079
A0A524M8A1,0.079
A0A842WT05,0.079
A0A5C9EWR2,0.079
A0A135VBD6,0.079
A0A1Q9MYY3,0.079
A0A135VSF3,0.079
A0A524C6U2,0.079
A0A3L6JFT0,0.079
A0A524L5Z3,0.079
A0A3L6JSF7,0.079
A0A524EW11,0.079
A0A524GAC7,0.079
A0A524F9J4,0.079
A0A524CPN1,0.079
A0A5C9DZ60,0.079
A0A524F3Y7,0.079
A0A523VWN3,0.079
A0A524FBH3,0.079
A0A523R7W3,0.079
A0A135VY52,0.078
A0A7K4GQF8,0.078
A0A524P204,0.078
A0A135VLL4,0.078
A0A524D9X9,0.078
A0A1Q9N361,0.078
A0A0F8WDW3,0.078
A0A497PRV9,0.078
A0A850LYU1,0.078
A0A842RUH1,0.078
A0A842TI14,0.078
A0A497PNF6,0.078
A0A524LZY8,0.078
A0A1Q9P4C9,0.078
A0A1Q9P1R9,0.078
A0A842WRD5,0.078
A0A842VS06,0.078
A0A5C9E2A5,0.078
A0A5C9EC69,0.078
A0A497PXR9,0.078
A0A523W2L8,0.078
A0A843BSN6,0.078
A0A497QXR7,0.078
A0A523VSZ4,0.078
A0A842QFU1,0.078
A0A524LLW8,0.078
A0A523R8H3,0.078
A0A3L6J713,0.078
A0A524D0Q9,0.078
A0A497QQB0,0.078
A0A497PKH4,0.078
A0A0F8VXL7,0.078
A0A842TNB3,0.078
A0A842RKB8,0.078
A0A497QFR0,0.078
A0A497RDK8,0.078
A0A497R3M9,0.078
A0A524DLP8,0.078
A0A5C9E8C2,0.078
A0A842S2Y9,0.078
A0A497Q1K6,0.078
A0A497R5J7,0.078
A0A524LAE7,0.078
A0A850LYR5,0.078
A0A842QE67,0.078
A0A524MFZ7,0.078
A0A1Q9NIR2,0.078
A0A842S8J9,0.078
A0A1Q9NFT7,0.078
A0A842TR90,0.078
A0A497PU14,0.078
A0A842TN57,0.078
A0A842VXH9,0.078
A0A2U3CJE4,0.078
A0A1Q9NDJ7,0.078
A0A2E9CCM2,0.078
A0A7K4CY47,0.078
A0A497QIW2,0.078
A0A842R809,0.078
A0A524CX61,0.078
A0A842QEA1,0.078
A0A497QG19,0.078
A0A3L6JSS3,0.078
A0A524NX20,0.078
A0A843C3X8,0.078
A0A842T5M6,0.078
A0A850LW64,0.078
A0A842QAF0,0.078
A0A524EJ05,0.078
A0A7K4HA72,0.078
A0A5B9DGJ1,0.078
A0A842VU09,0.078
A0A842TFM8,0.078
A0A842RH17,0.078
A0A1Q9N2Q4,0.078
A0A2U3CCF8,0.078
A0A3L6JA52,0.078
A0A524ER99,0.078
A0A497QUT5,0.078
A0A842QGW6,0.078
A0A497QS02,0.078
A0A7K4GT18,0.078
A0A7K4CZI1,0.078
A0A3L6J8G1,0.078
A0A2U3CHZ6,0.078
A0A524F4F8,0.078
A0A842TJ93,0.078
A0A524D256,0.078
A0A497R9M3,0.078
A0A524CEU8,0.078
A0A524P6Q4,0.078
A0A523TR03,0.078
A0A524FEU1,0.078
A0A524FWM8,0.078
A0A524L699,0.078
A0A7K4GWN8,0.078
A0A524CKA0,0.078
A0A850MA73,0.078
A0A842QES1,0.078
A0A850MNX2,0.078
A0A523W127,0.078
A0A524D5V8,0.078
A0A524LKJ9,0.078
A0A524CUV7,0.078
A0A524CJ57,0.078
A0A0F8W4E3,0.078
A0A7K4GZW6,0.078
A0A524D3J8,0.078
A0A7K4CUE5,0.078
A0A3L6JAG5,0.078
A0A842RCU4,0.078
A0A1Q9NBL0,0.078
A0A0F8VKJ9,0.078
A0A5B9D7L6,0.078
A0A842VSK4,0.078
A0A524CC27,0.078
A0A5C9EC99,0.078
A0A5C9E2L2,0.078
A0A3L6J8A8,0.078
A0A842W122,0.078
A0A842VH36,0.078
A0A524F2R2,0.078
A0A523R7U8,0.078
A0A523TJH4,0.078
A0A524CXV8,0.078
A0A7K4CQW8,0.078
A0A5C9EIA8,0.078
A0A524DLX7,0.078
A0A524CJ02,0.078
A0A497QPE9,0.078
A0A1Q9PF92,0.078
A0A842WU86,0.078
A0A842VV96,0.078
A0A524EHQ8,0.078
A0A842R994,0.078
A0A524CCL0,0.078
A0A0F8XVI1,0.078
A0A524CYQ4,0.078
A0A1Q9NSP1,0.078
A0A1Q9PBZ2,0.078
A0A850MHW2,0.078
A0A5B9DD27,0.078
A0A524G5W9,0.078
A0A524F7A1,0.078
A0A1Q9N235,0.078
A0A524E924,0.078
A0A7K4HDA0,0.078
A0A524CRZ1,0.078
A0A524C2E9,0.078
A0A0F8VDE9,0.078
A0A1Q9MT03,0.078
A0A842RMX8,0.078
A0A842WNA0,0.078
A0A842RAG7,0.078
A0A842T7U6,0.078
A0A497PUN1,0.078
A0A7K4H1P8,0.078
A0A524DT91,0.078
A0A842VZ59,0.078
A0A1Q9N0Z4,0.078
A0A842RUL5,0.078
A0A135VF62,0.078
A0A524CD71,0.078
A0A523XPR5,0.078
A0A524FBU5,0.078
A0A2E9CDP6,0.078
A0A850MRH0,0.078
A0A524EPQ7,0.078
A0A3L6JLW0,0.078
A0A497R8L8,0.078
A0A842VD43,0.078
A0A842VSH4,0.078
A0A524FXF7,0.078
A0A842RUT2,0.078
A0A524CN92,0.078
A0A5C9EZ00,0.078
A0A3L6JCC4,0.078
A0A135VZD9,0.078
A0A524CF89,0.078
A0A135VDT3,0.078
A0A2U3CIT5,0.078
A0A523TG56,0.078
A0A842VY16,0.078
A0A524LJM2,0.078
A0A5C9E036,0.078
A0A3L6JAB9,0.078
A0A497PUB8,0.078
A0A850LUQ1,0.078
A0A842VF06,0.078
A0A7K4GQV9,0.078
A0A524D276,0.078
A0A842YCA8,0.078
A0A842S991,0.078
A0A850LX10,0.078
A0A524FFI1,0.078
A0A5C9DZH7,0.078
A0A849QMI3,0.078
A0A842S763,0.078
A0A842YF58,0.078
A0A524F4H3,0.078
A0A842W1C0,0.078
A0A524G017,0.078
A0A497R039,0.078
A0A0F8W072,0.078
A0A842T9T9,0.078
A0A524DL04,0.078
A0A5C9EAP2,0.078
A0A524FRA6,0.078
A0A523VZX7,0.078
A0A0F8XLH7,0.078
A0A7K4GS63,0.078
A0A497QXH3,0.078
A0A7K4CSJ8,0.078
A0A7K4H468,0.078
A0A2E9CDE7,0.078
A0A524M3B5,0.078
A0A7K4HAQ0,0.078
A0A524LRH9,0.078
A0A3L6J9Z2,0.078
A0A497PZS5,0.078
A0A135VRQ4,0.078
A0A524FCC3,0.078
A0A842QHB3,0.078
A0A842W1I3,0.078
A0A2U3CIU1,0.078
A0A524FK91,0.078
A0A524M4P6,0.078
A0A524D828,0.078
A0A850M5L8,0.078
A0A524CIS1,0.078
A0A135VWX7,0.078
A0A5C9DTG9,0.078
A0A842VWX8,0.078
A0A3L6JI99,0.078
A0A842RGU0,0.078
A0A850MEZ3,0.078
A0A523SAL5,0.078
A0A524DYA0,0.078
A0A524CPU7,0.078
A0A7K4HE96,0.077
A0A497QJ34,0.077
A0A843BSN3,0.077
A0A524FTI5,0.077
A0A0F8YAG9,0.077
A0A524DYX9,0.077
A0A842QFL5,0.077
A0A532TV75,0.077
A0A524C605,0.077
A0A523RWE4,0.077
A0A1Q9NNK7,0.077
A0A524ECD4,0.077
A0A1Q9N3X8,0.077
A0A1Q9NS82,0.077
A0A497QF50,0.077
A0A842TRY6,0.077
A0A7K4HAJ7,0.077
A0A7K4H0N3,0.077
A0A524DAK7,0.077
A0A842YC96,0.077
A0A497QKP6,0.077
A0A497PXF6,0.077
A0A1Q9PFB5,0.077
A0A0F8XK07,0.077
A0A524D0I7,0.077
A0A1Q9NSE5,0.077
A0A5C9E7U2,0.077
A0A5C9DXI8,0.077
A0A842QGL3,0.077
A0A523RIX9,0.077
A0A497R827,0.077
A0A532TIZ7,0.077
A0A135VZG5,0.077
A0A850MQE5,0.077
A0A7K4CY14,0.077
A0A842TR28,0.077
A0A842VEY3,0.077
A0A524C764,0.077
A0A7K4H0D1,0.077
A0A850MJL2,0.077
A0A1Q9NJP6,0.077
A0A842VF61,0.077
A0A524FKD8,0.077
A0A3L6JQ68,0.077
A0A497Q4K9,0.077
A0A1Q9NLG5,0.077
A0A135VMS2,0.077
A0A1Q9NL00,0.077
A0A524EZR4,0.077
A0A524FAK6,0.077
A0A524E5L1,0.077
A0A524FK49,0.077
A0A7K4CW22,0.077
A0A7K4ICC6,0.077
A0A497QTY8,0.077
A0A2U3CG74,0.077
A0A523RW01,0.077
A0A1Q9NKI5,0.077
A0A497PS71,0.077
A0A135VE24,0.077
A0A842TM93,0.077
A0A5C9E155,0.077
A0A497QKE6,0.077
A0A843BYB6,0.077
A0A524FE99,0.077
A0A524FI52,0.077
A0A2U3CDP8,0.077
A0A524G8P2,0.077
A0A497PKX9,0.077
A0A2U3CEB1,0.077
A0A524F9J3,0.077
A0A1Q9NBH2,0.077
A0A7K4CQH2,0.077
A0A842YBC3,0.077
A0A850MCF9,0.077
A0A523RYF1,0.077
A0A497Q0Z6,0.077
A0A497Q3H2,0.077
A0A524ETB4,0.077
A0A7K4GRL8,0.077
A0A497Q9R8,0.077
A0A497QP48,0.077
A0A842VQN2,0.077
A0A5C9DZ44,0.077
A0A842U1G3,0.077
A0A523S2Q9,0.077
A0A7K4CZK4,0.077
A0A850M877,0.077
A0A497PL20,0.077
A0A850LVN7,0.077
A0A1Q9P4E0,0.077
A0A497R4V7,0.077
A0A7K4CV77,0.077
A0A842U4S7,0.077
A0A524F4A0,0.077
A0A524DS80,0.077
A0A532T9W8,0.077
A0A524CLV2,0.077
A0A1Q9NUQ9,0.077
A0A5C9EVQ4,0.077
A0A524CWY2,0.077
A0A7K4CMT2,0.077
A0A524D8U9,0.077
A0A1Q9NG31,0.077
A0A524DVM6,0.077
A0A850M9T6,0.077
A0A523S0C0,0.077
A0A497Q150,0.077
A0A523RXZ3,0.077
A0A524GA95,0.077
A0A532TSG4,0.077
A0A1Q9NEE0,0.077
A0A524CB93,0.077
A0A850MT46,0.077
A0A497QH13,0.077
A0A5C9E077,0.077
A0A842Y9B3,0.077
A0A1Q9PD50,0.077
A0A1Q9NEP5,0.077
A0A843BSN8,0.077
A0A7K4HB47,0.077
A0A497RE63,0.077
A0A524C8A7,0.077
A0A842VWP0,0.077
A0A7K4D0W7,0.077
A0A7K4GVQ6,0.077
A0A532TLQ6,0.077
A0A1Q9MW29,0.077
A0A850LZE4,0.077
A0A1Q9NRT4,0.077
A0A2U3CJD6,0.077
A0A5B9DGU9,0.077
A0A850LX13,0.077
A0A524NUB3,0.077
A0A842QKH0,0.077
A0A842W5P8,0.077
A0A523TGN0,0.077
A0A0F8VH53,0.077
A0A5C9F397,0.077
A0A7K4GPA2,0.077
A0A842VWD5,0.077
A0A0F8W9K8,0.077
A0A842TAJ3,0.077
A0A850MKA1,0.077
A0A842S1G0,0.077
A0A3L6JLQ3,0.077
A0A850MNJ1,0.077
A0A842SUI8,0.077
A0A497PZH4,0.077
A0A1Q9MSU4,0.077
A0A1Q9NRZ8,0.077
A0A850M942,0.077
A0A842VGD3,0.077
A0A1Q9N2U2,0.077
A0A7K4CV62,0.077
A0A842VDR1,0.077
A0A524FWH1,0.077
A0A497Q6C2,0.077
A0A524CHV1,0.077
A0A135VG50,0.077
A0A850M233,0.077
A0A524D9K9,0.077
A0A523TC73,0.077
A0A850MTB2,0.077
A0A0F8Y0E7,0.077
A0A524CUW3,0.077
A0A0F8YDM5,0.077
A0A850LV17,0.077
A0A135VQW4,0.077
A0A7K4H151,0.077
A0A1Q9P9Y9,0.077
A0A524CNA7,0.077
A0A7K4CSG0,0.077
A0A523XLP7,0.077
A0A497PZN9,0.077
A0A497QCW9,0.077
A0A5C9E9U9,0.077
A0A850M6S2,0.077
A0A7K4HHV9,0.077
A0A524ENK5,0.077
A0A842VRI9,0.077
A0A524CK59,0.077
A0A842TBL8,0.077
A0A497QKR7,0.077
A0A850LP73,0.077
A0A523SC50,0.077
A0A842U4B7,0.077
A0A532TN62,0.077
A0A497PP30,0.077
A0A532TEG6,0.077
A0A524EAG6,0.077
A0A1Q9NWH1,0.077
A0A850LYM4,0.077
A0A135VDM3,0.077
A0A842SAJ0,0.077
A0A5C9E072,0.077
A0A0F8VP15,0.077
A0A523TJE5,0.077
A0A135VB66,0.077
A0A524G0K1,0.077
A0A3L6JP02,0.077
A0A849QE49,0.077
A0A523X5I5,0.077
A0A842RID9,0.077
A0A0F8VL68,0.077
A0A523XPS9,0.077
A0A524FGA5,0.077
A0A497PX69,0.077
A0A842TUS4,0.077
A0A524G814,0.077
A0A524EQ66,0.077
A0A523X568,0.077
A0A497RBG3,0.077
A0A524CLC0,0.077
A0A2E9CG17,0.077
A0A850M4D1,0.077
A0A7K4CYR5,0.077
A0A497Q427,0.077
A0A7K4GTW2,0.077
A0A850M0H4,0.077
A0A3L6JLY7,0.077
A0A842TSU7,0.077
A0A842WXG7,0.077
A0A524EZQ5,0.077
A0A1Q9PC21,0.077
A0A843C0T7,0.077
A0A524CN97,0.077
A0A524DVQ6,0.077
A0A524M2Y3,0.077
A0A497QPU3,0.077
A0A842RM54,0.077
A0A497QCI2,0.077
A0A524EVX9,0.077
A0A532TY85,0.077
A0A0F8V832,0.077
A0A842S2G6,0.077
A0A850LQ62,0.077
A0A842QEM1,0.077
A0A5C9ENJ3,0.077
A0A850MRT8,0.077
A0A497PP89,0.077
A0A524ER37,0.077
A0A524EVP7,0.077
A0A0F8V8S9,0.077
A0A842WMM2,0.077
A0A842W360,0.077
A0A523TEQ0,0.077
A0A5C9EAS8,0.077
A0A1Q9MW68,0.077
A0A497RDX2,0.077
A0A0F8XSS8,0.077
A0A843BQW7,0.077
A0A7C0U8P2,0.077
A0A523RZ72,0.077
A0A1Q9MVE3,0.077
A0A7K4CUK0,0.077
A0A1Q9NI35,0.077
A0A135VX77,0.077
A0A524D225,0.077
A0A1Q9MT28,0.077
A0A524EJL0,0.077
A0A135VY59,0.077
A0A7K4D0Z0,0.077
A0A497QRD8,0.077
A0A5C9EKH7,0.077
A0A0F8XNY2,0.077
A0A842RIW1,0.077
A0A497Q8F5,0.077
A0A497QVE1,0.077
A0A497QMB8,0.076
A0A843C0I6,0.076
A0A497QJX2,0.076
A0A842VJG5,0.076
A0A497PYJ5,0.076
A0A524CF08,0.076
A0A5C9E0D1,0.076
A0A1Q9PCX1,0.076
A0A1Q9P261,0.076
A0A524L6S1,0.076
A0A7K4CUZ9,0.076
A0A842T712,0.076
A0A7K4CXS2,0.076
A0A2E9CED1,0.076
A0A1Q9MTS7,0.076
A0A524E662,0.076
A0A850MSH1,0.076
A0A5C9EP96,0.076
A0A7K4GVK4,0.076
A0A0F8WAQ1,0.076
A0A524F621,0.076
A0A524FWY0,0.076
A0A524CCS4,0.076
A0A2U3CIL9,0.076
A0A524G040,0.076
A0A524C2E5,0.076
A0A524LPP4,0.076
A0A1Q9NDA2,0.076
A0A497QZJ4,0.076
A0A524MB82,0.076
A0A1Q9NR43,0.076
A0A524DL31,0.076
A0A842RBX6,0.076
A0A524DMU6,0.076
A0A497RA07,0.076
A0A842RES9,0.076
A0A7K4CQ76,0.076
A0A2U3CHB6,0.076
A0A842RW21,0.076
A0A850MFR2,0.076
A0A523TAC2,0.076
A0A850M3H3,0.076
A0A1Q9P0C2,0.076
A0A524NXG9,0.076
A0A7K4CR41,0.076
A0A850LSB8,0.076
A0A842R6Y5,0.076
A0A497R2L7,0.076
A0A5B9D6C2,0.076
A0A524DWC9,0.076
A0A5C9EZG7,0.076
A0A7K4H2Q0,0.076
A0A532TGK0,0.076
A0A497Q367,0.076
A0A523XJQ0,0.076
A0A497PJP3,0.076
A0A524E1P1,0.076
A0A5C9EDT7,0.076
A0A850M0Y4,0.076
A0A524D5X6,0.076
A0A524EHM6,0.076
A0A7K4H016,0.076
A0A7K4GXS6,0.076
A0A3L6JL55,0.076
A0A1Q9NTM3,0.076
A0A1Q9MYF4,0.076
A0A842WTD8,0.076
A0A3L6JEP3,0.076
A0A842VAC9,0.076
A0A1Q9NBX9,0.076
A0A850LTX8,0.076
A0A523RZN2,0.076
A0A497QNH5,0.076
A0A523RAD7,0.076
A0A524F5A0,0.076
A0A5C9E751,0.076
A0A135VBP8,0.076
A0A842VH37,0.076
A0A7K4CW47,0.076
A0A524DIS1,0.076
A0A2E9CFY5,0.076
A0A524G3H7,0.076
A0A1Q9MYX8,0.076
A0A497QWA6,0.076
A0A7K4HH95,0.076
A0A850MJ44,0.076
A0A524ELM9,0.076
A0A497QHK4,0.076
A0A524EBE3,0.076
A0A524CNM9,0.076
A0A524CS58,0.076
A0A1Q9NIR8,0.076
A0A524LGL2,0.076
A0A842W5X6,0.076
A0A7K4HKJ7,0.076
A0A523S719,0.076
A0A523RYD9,0.076
A0A7K4CVS7,0.076
A0A1Q9NJW9,0.076
A0A850MG53,0.076
A0A850M1A8,0.076
A0A842VRJ9,0.076
A0A524LIR4,0.076
A0A524P596,0.076
A0A5B9DDQ2,0.076
A0A524G520,0.076
A0A7K4IHI4,0.076
A0A497PQV3,0.076
A0A135VSF5,0.076
A0A523S650,0.076
A0A842SWH3,0.076
A0A497PSK1,0.076
A0A2U3CFB8,0.076
A0A0F8VM34,0.076
A0A842TM63,0.076
A0A524D5P5,0.076
A0A497Q2M5,0.076
A0A497QDE1,0.076
A0A1Q9P8V8,0.076
A0A843BP31,0.076
A0A524NX07,0.076
A0A524CDZ7,0.076
A0A524C6S0,0.076
A0A135VW29,0.076
A0A524EVR0,0.076
A0A842Y8H8,0.076
A0A3L6JQC6,0.076
A0A497R273,0.076
A0A1Q9MWQ6,0.076
A0A497PUR2,0.076
A0A7K4CXN8,0.076
A0A842WWC7,0.076
A0A849QFK9,0.076
A0A524F042,0.076
A0A524ENM5,0.076
A0A5C9EW36,0.076
A0A5C9ECB5,0.076
A0A497R9T2,0.076
A0A524F1C7,0.076
A0A850LQ36,0.076
A0A842TF05,0.076
A0A524EBT9,0.076
A0A842VFQ9,0.076
A0A497QCP2,0.076
A0A842YAK2,0.076
A0A842WQ14,0.076
A0A5C9ET91,0.076
A0A850LXY1,0.076
A0A0F8Y798,0.076
A0A1Q9NW28,0.076
A0A524E5C5,0.076
A0A1Q9NUN8,0.076
A0A523X4R1,0.076
A0A7K4ICK9,0.076
A0A5B9DE91,0.076
A0A524DGY5,0.076
A0A7K4H3T1,0.076
A0A532T7P5,0.076
A0A532TJZ5,0.076
A0A5C9EX74,0.076
A0A5C9EFY7,0.076
A0A532T6T5,0.076
A0A135VP12,0.076
A0A5C9ECV5,0.076
A0A524DSF4,0.076
A0A7K4HIK9,0.076
A0A5C9EEL8,0.076
A0A524EQJ7,0.076
A0A524F657,0.076
A0A842RLS4,0.076
A0A7K4IGS1,0.076
A0A842QDG4,0.076
A0A2E9CG78,0.076
A0A842VIT0,0.076
A0A850LUN4,0.076
A0A135VV16,0.076
A0A843C3Z0,0.076
A0A1Q9P7Y4,0.076
A0A7K4IC10,0.076
A0A842W114,0.076
A0A842TL81,0.076
A0A5C9EJA5,0.076
A0A523RPB6,0.076
A0A524FFR9,0.076
A0A1Q9NER7,0.076
A0A7K4D0G1,0.076
A0A842QK46,0.076
A0A842SES8,0.076
A0A532TN89,0.076
A0A524EUT9,0.076
A0A842WQ09,0.076
A0A842T274,0.076
A0A524CJJ8,0.076
A0A842TF95,0.076
A0A7K4IAW2,0.076
A0A524DPK8,0.076
A0A1Q9NDU2,0.076
A0A842VCP7,0.076
A0A842R7F3,0.076
A0A524CL55,0.076
A0A5C9E759,0.076
A0A524CF72,0.076
A0A7K4H660,0.076
A0A524EJ19,0.075
A0A0F8VNK4,0.075
A0A843BP34,0.075
A0A0F8VBV1,0.075
A0A0F8XNK4,0.075
A0A7K4H590,0.075
A0A1Q9P6U4,0.075
A0A524CM89,0.075
A0A524CNI5,0.075
A0A1Q9NRK8,0.075
A0A524F6L4,0.075
A0A1Q9NRG6,0.075
A0A5C9EWV8,0.075
A0A524CN27,0.075
A0A1Q9N0M5,0.075
A0A524MC97,0.075
A0A524DYV3,0.075
A0A135VXP6,0.075
A0A842VYV0,0.075
A0A0F8V7Q4,0.075
A0A1Q9NBD8,0.075
A0A524CHN5,0.075
A0A524LJY1,0.075
A0A524EC82,0.075
A0A5C9ENP7,0.075
A0A524DNH0,0.075
A0A2U3CFH5,0.075
A0A842QIM9,0.075
A0A842W2H8,0.075
A0A2E9CGE1,0.075
A0A850MKI8,0.075
A0A3L6JM10,0.075
A0A524D151,0.075
A0A7K4GX72,0.075
A0A7K4H0W4,0.075
A0A850MI43,0.075
A0A842QII8,0.075
A0A842SAI9,0.075
A0A497QFR4,0.075
A0A7K4CYX4,0.075
A0A842VEB4,0.075
A0A1Q9N331,0.075
A0A524F2E0,0.075
A0A523S3G9,0.075
A0A524CJ32,0.075
A0A524EJH3,0.075
A0A524NZZ5,0.075
A0A532TXQ9,0.075
A0A524EEV4,0.075
A0A497PRA6,0.075
A0A5C9E1E6,0.075
A0A0F8XSQ7,0.075
A0A5C9EPZ0,0.075
A0A524C346,0.075
A0A524D455,0.075
A0A524CV63,0.075
A0A842T7L8,0.075
A0A842REW9,0.075
A0A842T8P7,0.075
A0A842V9F2,0.075
A0A842W1N0,0.075
A0A5C9EAH5,0.075
A0A850LT08,0.075
A0A842RBV1,0.075
A0A524DR14,0.075
A0A7K4GP32,0.075
A0A497R9F0,0.075
A0A524DTL6,0.075
A0A3L6JAW7,0.075
A0A842R6N7,0.075
A0A524E1L8,0.075
A0A523RYV0,0.075
A0A5C9EDZ9,0.075
A0A842W500,0.075
A0A850LS18,0.075
A0A5C9E6M2,0.075
A0A524D4W0,0.075
A0A524D363,0.075
A0A842W6B3,0.075
A0A7K4H0R7,0.075
A0A497PVK3,0.075
A0A523RLM6,0.075
A0A7K4GSV8,0.075
A0A524LBB6,0.075
A0A524CYM5,0.075
A0A3L6JFK0,0.075
A0A842QJU3,0.075
A0A497QQS8,0.075
A0A523X579,0.075
A0A5B9D9E1,0.075
A0A524D8P9,0.075
A0A5B9DCV9,0.075
A0A524E1F5,0.075
A0A524CK87,0.075
A0A524F9E9,0.075
A0A850MSA3,0.075
A0A524EPS7,0.075
A0A843C281,0.075
A0A843C056,0.075
A0A1Q9P619,0.075
A0A1Q9NBQ8,0.075
A0A1Q9P2P6,0.075
A0A524C9Q3,0.075
A0A3L6JAI8,0.075
A0A497PSN2,0.075
A0A524EXE5,0.075
A0A7K4HA38,0.075
A0A850MAU0,0.075
A0A524CJF5,0.075
A0A497R2X8,0.075
A0A524E1U8,0.075
A0A842VEB5,0.075
A0A850LZ66,0.075
A0A842TNK8,0.075
A0A524DQC8,0.075
A0A2U3CCW3,0.075
A0A524DCZ0,0.075
A0A524C6R0,0.075
A0A850LUD5,0.075
A0A524C1X0,0.075
A0A524D931,0.075
A0A842VG95,0.075
A0A497PBF3,0.075
A0A524F3A9,0.075
A0A524DXW2,0.075
A0A5B9D738,0.075
A0A5C9DXA8,0.075
A0A497Q9F5,0.075
A0A7C0U8R5,0.075
A0A842T515,0.075
A0A842QCL5,0.075
A0A2E9CG99,0.075
A0A842RF06,0.075
A0A3L6JLB4,0.075
A0A524FT38,0.075
A0A7K4D0H2,0.075
A0A497PWK7,0.075
A0A524EJQ6,0.075
A0A7K4CZ90,0.075
A0A524L7V4,0.075
A0A524P3I3,0.075
A0A523RBF0,0.075
A0A523VRN3,0.075
A0A850M8F7,0.075
A0A842T3M5,0.075
A0A7K4CX83,0.075
A0A524MCZ9,0.075
A0A7K4GVZ4,0.075
A0A523TPS9,0.075
A0A842T5U1,0.075
A0A524FU68,0.075
A0A850LW70,0.075
A0A1Q9MZP0,0.075
A0A497R0E9,0.075
A0A524M2R3,0.075
A0A5C9E5D6,0.075
A0A7K4CUN7,0.075
A0A524GBH6,0.075
A0A497Q7G5,0.075
A0A523VY71,0.075
A0A532TR45,0.075
A0A850MS02,0.075
A0A7K4CWP9,0.075
A0A5C9EGR1,0.075
A0A843BSE8,0.075
A0A7K4H9Q4,0.075
A0A2E9CFQ3,0.075
A0A524DDX5,0.075
A0A5C9E4T9,0.075
A0A135VB36,0.075
A0A524F0V2,0.075
A0A524L9Y1,0.075
A0A5B9D7J2,0.075
A0A497QVW8,0.075
A0A850M8E7,0.075
A0A524C380,0.075
A0A524CD89,0.075
A0A842X067,0.075
A0A135VBE8,0.075
A0A3L6J9I2,0.075
A0A5C9ED89,0.075
A0A135VSQ1,0.075
A0A842VQZ4,0.075
A0A3L6JCR4,0.075
A0A524CTW7,0.075
A0A524F6P4,0.075
A0A524C5X0,0.075
A0A524DGF6,0.075
A0A524E4L0,0.075
A0A5C9DTB4,0.075
A0A524F2V5,0.075
A0A524C4V6,0.075
A0A524EY43,0.075
A0A842U5K2,0.075
A0A497QYK8,0.075
A0A524F123,0.075
A0A524FKD7,0.075
A0A532TIU9,0.075
A0A524F8X6,0.075
A0A523S793,0.075
A0A497R784,0.075
A0A7K4GLM2,0.075
A0A850LZV4,0.075
A0A842RRP7,0.075
A0A532TG14,0.075
A0A842TMJ9,0.075
A0A7K4CSM3,0.075
A0A524DAX3,0.075
A0A849QGG8,0.075
A0A524D9N4,0.075
A0A2U3CC34,0.075
A0A497QIH9,0.075
A0A524FZE9,0.075
A0A135VZD5,0.075
A0A1Q9NSN3,0.075
A0A524CAQ0,0.075
A0A524FDD3,0.075
A0A524EV20,0.075
A0A842TGI1,0.075
A0A5C9EJ83,0.074
A0A1Q9MUE6,0.074
A0A849QD17,0.074
A0A843BSE5,0.074
A0A524DDQ2,0.074
A0A524DYH2,0.074
A0A7K4CQD8,0.074
A0A849QEA3,0.074
A0A842VFF1,0.074
A0A524LL50,0.074
A0A7K4GQM5,0.074
A0A497PX95,0.074
A0A524F1Z2,0.074
A0A842VMN6,0.074
A0A842W073,0.074
A0A1Q9NT33,0.074
A0A850LNV5,0.074
A0A1Q9NV60,0.074
A0A497QJ64,0.074
A0A532TIJ7,0.074
A0A842T3F3,0.074
A0A524F788,0.074
A0A850MBJ8,0.074
A0A842T586,0.074
A0A497Q5F6,0.074
A0A524ES55,0.074
A0A842WLM1,0.074
A0A524FYM5,0.074
A0A1Q9N2L7,0.074
A0A5B9DE04,0.074
A0A497QGP1,0.074
A0A524ESX3,0.074
A0A523XMJ2,0.074
A0A524E575,0.074
A0A523RGS1,0.074
A0A850LQK2,0.074
A0A850M5Q5,0.074
A0A497PXF5,0.074
A0A524EJN8,0.074
A0A524LZI5,0.074
A0A843BNN4,0.074
A0A1Q9P8F4,0.074
A0A524EYR4,0.074
A0A842VZ14,0.074
A0A524D3I1,0.074
A0A524L736,0.074
A0A524M4S2,0.074
A0A524F551,0.074
A0A842QDK5,0.074
A0A523TGT2,0.074
A0A524CP26,0.074
A0A850LZZ0,0.074
A0A524EK99,0.074
A0A850MYH2,0.074
A0A1Q9NC46,0.074
A0A497QAE7,0.074
A0A524EWH1,0.074
A0A135VHU1,0.074
A0A1Q9NVV7,0.074
A0A1Q9NXC4,0.074
A0A524D9L0,0.074
A0A524ENP3,0.074
A0A5C9EA15,0.074
A0A5C9E295,0.074
A0A842YA01,0.074
A0A523R793,0.074
A0A842VD32,0.074
A0A497R7H2,0.074
A0A524CJ52,0.074
A0A850LP63,0.074
A0A842TNQ5,0.074
A0A5C9E9Q0,0.074
A0A2E9CGC2,0.074
A0A524E1N0,0.074
A0A842TB83,0.074
A0A497QIQ8,0.074
A0A524E1N2,0.074
A0A524DWF1,0.074
A0A842VWD3,0.074
A0A524EYK9,0.074
A0A5C9EC75,0.074
A0A524M9K9,0.074
A0A524C8T3,0.074
A0A7K4H0Z4,0.074
A0A524EXM5,0.074
A0A842WV80,0.074
A0A850LXB9,0.074
A0A524CX00,0.074
A0A842U4R2,0.074
A0A1Q9NLM3,0.074
A0A524CX82,0.074
A0A524EV30,0.074
A0A7K4H729,0.074
A0A497PVC3,0.074
A0A497PN84,0.074
A0A523VUL8,0.074
A0A1Q9NAP9,0.074
A0A497QQ53,0.074
A0A2U3CJI8,0.074
A0A524DX14,0.074
A0A842VTT4,0.074
A0A1Q9PFD3,0.074
A0A850LX23,0.074
A0A7K4GKL9,0.074
A0A532TIU1,0.074
A0A497R2C4,0.074
A0A842WP05,0.074
A0A850MS62,0.074
A0A1Q9NZV0,0.074
A0A524CP39,0.074
A0A2E9CDG4,0.074
A0A843C017,0.074
A0A842UCC6,0.074
A0A850M6M9,0.074
A0A2U3CGP9,0.074
A0A842T2S2,0.074
A0A524DIM7,0.074
A0A0F8VHI5,0.074
A0A1Q9NBE4,0.074
A0A850MAH4,0.074
A0A497Q9V9,0.074
A0A7K4CME2,0.074
A0A7K4HE66,0.074
A0A842RYA3,0.074
A0A524F2Z6,0.074
A0A842QJH1,0.074
A0A523TD91,0.074
A0A5C9E3F6,0.074
A0A497PUH6,0.074
A0A842T995,0.074
A0A7K4HAH6,0.074
A0A524DJ74,0.074
A0A497QWJ3,0.074
A0A2E9CE90,0.074
A0A524P0Y3,0.074
A0A842R9Q2,0.074
A0A842RUN1,0.074
A0A842RHH4,0.074
A0A1Q9P3V1,0.074
A0A524LRC8,0.074
A0A842RW03,0.074
A0A5C9ERL2,0.074
A0A532TL33,0.074
A0A842TIF6,0.074
A0A524FYL6,0.074
A0A524DBH2,0.074
A0A497PRE4,0.074
A0A842TGZ9,0.074
A0A2U3CBI0,0.074
A0A524E2P8,0.074
A0A842TEX9,0.074
A0A523XPV5,0.074
A0A523RDB6,0.074
A0A5B9DDV6,0.074
A0A524DE19,0.074
A0A842T9S1,0.074
A0A524C691,0.074
A0A5B9DC52,0.074
A0A1Q9N4N9,0.074
A0A850M9V1,0.074
A0A523RBW6,0.074
A0A842TC82,0.074
A0A524FGA9,0.074
A0A7K4IBC9,0.074
A0A523TAW9,0.074
A0A7K4H828,0.074
A0A524D5G9,0.074
A0A1Q9N123,0.074
A0A850MDF0,0.074
A0A0F8VZA8,0.074
A0A5C9ETL1,0.074
A0A524C2Z7,0.074
A0A1Q9N119,0.074
A0A497QYP9,0.074
A0A842VWQ0,0.074
A0A842YAQ2,0.074
A0A497PLF7,0.074
A0A842S5M0,0.074
A0A1Q9P2F2,0.074
A0A850MSC1,0.074
A0A523S431,0.074
A0A7K4GT79,0.074
A0A524EH37,0.074
A0A524DCG1,0.074
A0A1Q9P8H4,0.074
A0A524C357,0.074
A0A5C9ENL1,0.074
A0A524DVI3,0.074
A0A497QXA0,0.074
A0A0F8WEB8,0.074
A0A3L6JKI2,0.074
A0A3L6JRY4,0.074
A0A524CC03,0.074
A0A523R5Y9,0.074
A0A5C9E5H0,0.074
A0A524ELR6,0.074
A0A523RGL3,0.074
A0A524P0N2,0.074
A0A0F8Y0H7,0.074
A0A1Q9P0B6,0.074
A0A850M076,0.074
A0A850LSR2,0.074
A0A0F8Y8W7,0.074
A0A497QQC0,0.074
A0A523VYM5,0.074
A0A5C9EBF2,0.074
A0A2U3CHQ0,0.074
A0A842TAH9,0.074
A0A5B9D5Q3,0.074
A0A524DUW5,0.074
A0A5C9EX97,0.074
A0A523XBE0,0.074
A0A842VKJ9,0.074
A0A1Q9N2P8,0.074
A0A1Q9NA74,0.074
A0A5B9DA27,0.074
A0A842TJ63,0.074
A0A7K4H2X9,0.074
A0A524CCF9,0.074
A0A524CEY1,0.074
A0A850MPU7,0.074
A0A7K4GNZ1,0.074
A0A1Q9MU13,0.074
A0A532TK19,0.074
A0A1Q9NC15,0.074
A0A842YAE5,0.074
A0A524L6G2,0.074
A0A524MFR5,0.074
A0A842VYK0,0.074
A0A7K4CZH5,0.074
A0A850LPD0,0.074
A0A850MR85,0.074
A0A1Q9NM13,0.074
A0A532TXV4,0.074
A0A7C0YDW4,0.074
A0A842VUD6,0.074
A0A842RMS1,0.074
A0A1Q9NJ50,0.074
A0A524D500,0.074
A0A524EC28,0.074
A0A524DFZ2,0.074
A0A497QB89,0.074
A0A7K4H031,0.074
A0A1Q9P7J9,0.074
A0A497QNI9,0.074
A0A842YE98,0.074
A0A135VZQ2,0.074
A0A5C9EID9,0.074
A0A842VHF0,0.074
A0A1Q9MX85,0.074
A0A850MU31,0.074
A0A850MT13,0.074
A0A1Q9N1K8,0.074
A0A523VMS8,0.074
A0A524G784,0.074
A0A524EJ49,0.073
A0A524LLL9,0.073
A0A842VGZ0,0.073
A0A524DJ05,0.073
A0A135VN30,0.073
A0A497QZ34,0.073
A0A524C6L5,0.073
A0A135VIK1,0.073
A0A524FD63,0.073
A0A1Q9NAZ2,0.073
A0A524F8I4,0.073
A0A524LIY5,0.073
A0A524D3C6,0.073
A0A524DU98,0.073
A0A842VT79,0.073
A0A5C9EKI0,0.073
A0A135VV41,0.073
A0A7K4D1G7,0.073
A0A1Q9N1F2,0.073
A0A524EUQ9,0.073
A0A524FLX9,0.073
A0A524FXF5,0.073
A0A497R5Q9,0.073
A0A524FX59,0.073
A0A842S0K2,0.073
A0A842VVI1,0.073
A0A524FNQ3,0.073
A0A497Q8H3,0.073
A0A842T8J1,0.073
A0A3L6JCA8,0.073
A0A1Q9NMH7,0.073
A0A532TMR8,0.073
A0A0F8XPV0,0.073
A0A850LVE3,0.073
A0A7K4IDR3,0.073
A0A842W3L4,0.073
A0A850LYE4,0.073
A0A850MGI8,0.073
A0A7K4GSK9,0.073
A0A524D4V1,0.073
A0A497PQF8,0.073
A0A5C9E3M4,0.073
A0A5C9EAA0,0.073
A0A5C9ECY5,0.073
A0A524LLW6,0.073
A0A524DSY6,0.073
A0A524F0Y1,0.073
A0A135VBE9,0.073
A0A524CCP8,0.073
A0A1Q9PFB3,0.073
A0A135VZD6,0.073
A0A842TPK0,0.073
A0A1Q9NB15,0.073
A0A524G4D0,0.073
A0A524ELU7,0.073
A0A524C9K4,0.073
A0A5C9E554,0.073
A0A850MH41,0.073
A0A524MA88,0.073
A0A1Q9NWB4,0.073
A0A524CR55,0.073
A0A850LSX5,0.073
A0A524CAZ2,0.073
A0A524C540,0.073
A0A524ED72,0.073
A0A7K4CZ61,0.073
A0A850MP91,0.073
A0A532TBP8,0.073
A0A5C9ER05,0.073
A0A524CUY4,0.073
A0A842YAS5,0.073
A0A524CBJ2,0.073
A0A842QEM6,0.073
A0A850LZC6,0.073
A0A524E7W6,0.073
A0A7K4CU25,0.073
A0A497QF00,0.073
A0A524F115,0.073
A0A524DXE4,0.073
A0A1Q9NKP2,0.073
A0A532TED8,0.073
A0A850LQS8,0.073
A0A5C9ELN0,0.073
A0A524E0N7,0.073
A0A850MRW2,0.073
A0A7K4H7Y1,0.073
A0A843BRR2,0.073
A0A524DAX1,0.073
A0A7K4CZH2,0.073
A0A524D8P3,0.073
A0A2U3CKA0,0.073
A0A532TI45,0.073
A0A1Q9NML3,0.073
A0A3L6J893,0.073
A0A1Q9MX56,0.073
A0A532TC67,0.073
A0A524EA79,0.073
A0A524CRU6,0.073
A0A850M6W7,0.073
A0A524CK96,0.073
A0A497QHP2,0.073
A0A7C0Y8C5,0.073
A0A524F330,0.073
A0A497QVW1,0.073
A0A524DKB8,0.073
A0A524E7B3,0.073
A0A5C9E4K6,0.073
A0A5C9DVV4,0.073
A0A0F8XXR1,0.073
A0A135VH82,0.073
A0A7K4GUJ2,0.073
A0A497Q2P9,0.073
A0A0F8W429,0.073
A0A524LEB2,0.073
A0A3L6JC83,0.073
A0A523R7N9,0.073
A0A524L9K1,0.073
A0A7K4HJT4,0.073
A0A850MQM3,0.073
A0A1Q9MRU9,0.073
A0A842VQH0,0.073
A0A842VMX6,0.073
A0A5C9EDB2,0.073
A0A1Q9NAG8,0.073
A0A1Q9MQ86,0.073
A0A524CLX2,0.073
A0A524DCV5,0.073
A0A524CM03,0.073
A0A842T7Y7,0.073
A0A524CJ44,0.073
A0A524DWT2,0.073
A0A0F8VDN1,0.073
A0A842QLD5,0.073
A0A524DV61,0.073
A0A524CEE4,0.073
A0A1Q9MR78,0.073
A0A524E3H2,0.073
A0A842U6C9,0.073
A0A524LSR3,0.073
A0A2U3CBH5,0.073
A0A524F408,0.073
A0A842VS63,0.073
A0A2U3CF57,0.073
A0A7K4CVC0,0.073
A0A7K4IHH6,0.073
A0A1Q9MQZ7,0.073
A0A524C2C1,0.073
A0A523S283,0.073
A0A524DAA5,0.073
A0A3L6JAY7,0.073
A0A842RPL6,0.073
A0A532TKK2,0.073
A0A7K4GP20,0.073
A0A524EP04,0.073
A0A524DTW3,0.073
A0A523RAF5,0.073
A0A524ED25,0.073
A0A524DKB2,0.073
A0A842RDA4,0.073
A0A7K4D070,0.073
A0A497Q1D8,0.073
A0A850M7W7,0.073
A0A135VM28,0.073
A0A497QBF9,0.073
A0A524DGB8,0.073
A0A850M7A4,0.073
A0A842YBF1,0.073
A0A842TGM9,0.073
A0A523XQW4,0.073
A0A850MR40,0.073
A0A850LWE8,0.073
A0A524FGB4,0.073
A0A0F8VFI4,0.073
A0A1Q9MXR8,0.073
A0A0F8VCA5,0.073
A0A7K4H1N5,0.073
A0A524CXX3,0.073
A0A524DH86,0.073
A0A7K4D1C1,0.073
A0A524LBS0,0.073
A0A524FDQ7,0.073
A0A842T9S6,0.073
A0A497QU41,0.073
A0A497QJS7,0.073
A0A524M0N0,0.073
A0A524DSY3,0.073
A0A497QVZ5,0.073
A0A497R5G5,0.073
A0A497QZW3,0.073
A0A524EVC0,0.073
A0A524M780,0.073
A0A7K4CUA4,0.073
A0A524CT04,0.073
A0A842YDE3,0.073
A0A842TM89,0.073
A0A524F348,0.073
A0A842W1Q4,0.073
A0A842R983,0.073
A0A1Q9MXR5,0.073
A0A7K4CVI0,0.073
A0A1Q9PCK4,0.073
A0A0F8VXY8,0.073
A0A7K4GYR9,0.073
A0A524EXC3,0.073
A0A524C9G4,0.073
A0A842VY07,0.073
A0A135VXU4,0.073
A0A497PS09,0.073
A0A532T254,0.073
A0A524CH57,0.073
A0A850LV85,0.073
A0A7K4H6R9,0.073
A0A1Q9PAM3,0.073
A0A497Q2W4,0.073
A0A850MIP2,0.073
A0A524L5K5,0.073
A0A843BSQ4,0.073
A0A524ETR4,0.073
A0A842VNH0,0.073
A0A524DRK1,0.073
A0A842TBU9,0.073
A0A5C9ES24,0.073
A0A135VN08,0.073
A0A842VHN2,0.072
A0A497QLF2,0.072
A0A1Q9N1P8,0.072
A0A7K4GTB0,0.072
A0A532TQ32,0.072
A0A524E145,0.072
A0A7K4HB06,0.072
A0A524CSE2,0.072
A0A3L6JB00,0.072
A0A842REU9,0.072
A0A497PIS1,0.072
A0A524D055,0.072
A0A849QEB5,0.072
A0A842RCP9,0.072
A0A497PR24,0.072
A0A524CII8,0.072
A0A524F5C5,0.072
A0A524NYP4,0.072
A0A524CIF8,0.072
A0A497PWY6,0.072
A0A524DZM3,0.072
A0A2U3CCD5,0.072
A0A850MUN3,0.072
A0A1Q9P2G8,0.072
A0A523X8A0,0.072
A0A842T7P7,0.072
A0A524FW27,0.072
A0A842U5H3,0.072
A0A1Q9MXU8,0.072
A0A1Q9NF28,0.072
A0A5B9D5I6,0.072
A0A842VUZ3,0.072
A0A842SB33,0.072
A0A524DHN1,0.072
A0A843BU58,0.072
A0A497PKH3,0.072
A0A524EPV4,0.072
A0A7K4CVM8,0.072
A0A523S3C3,0.072
A0A842VD17,0.072
A0A7K4IBQ2,0.072
A0A524DDB7,0.072
A0A7K4IGE6,0.072
A0A0F8VFX0,0.072
A0A497QUF7,0.072
A0A842VZ97,0.072
A0A1Q9NXC3,0.072
A0A523TD74,0.072
A0A3L6JE34,0.072
A0A524G346,0.072
A0A842TAW4,0.072
A0A842QFZ3,0.072
A0A842WVY5,0.072
A0A524L873,0.072
A0A524C3R1,0.072
A0A7K4HEH1,0.072
A0A532TN13,0.072
A0A842VYS1,0.072
A0A523XFC5,0.072
A0A524E2F2,0.072
A0A850MS52,0.072
A0A5C9ECD3,0.072
A0A1Q9NHB3,0.072
A0A842QKX4,0.072
A0A524CU00,0.072
A0A5C9EDF4,0.072
A0A842T7K6,0.072
A0A849QD02,0.072
A0A523XD05,0.072
A0A524FB76,0.072
A0A3L6JQU3,0.072
A0A524NYA0,0.072
A0A524E8T5,0.072
A0A5B9DAZ2,0.072
A0A2U3CI70,0.072
A0A524DHU7,0.072
A0A3L6JL97,0.072
A0A842W7M5,0.072
A0A842RV27,0.072
A0A5C9E3T9,0.072
A0A524DL75,0.072
A0A1Q9P8P4,0.072
A0A524ETD8,0.072
A0A0F8Y0P0,0.072
A0A842QBU8,0.072
A0A497PNY8,0.072
A0A532TMM4,0.072
A0A2U3CL15,0.072
A0A842WUD4,0.072
A0A5B9DGU8,0.072
A0A497QZH5,0.072
A0A5C9EIK7,0.072
A0A2U3CB86,0.072
A0A135VYN6,0.072
A0A1Q9NYA7,0.072
A0A524FFA5,0.072
A0A850M5G2,0.072
A0A1Q9NT60,0.072
A0A843C4L8,0.072
A0A524F9F0,0.072
A0A842WV41,0.072
A0A842YBE5,0.072
A0A7K4GVP3,0.072
A0A524D5S9,0.072
A0A532TII0,0.072
A0A524FT33,0.072
A0A135VFU8,0.072
A0A842WQ13,0.072
A0A524P300,0.072
A0A524E1X5,0.072
A0A3L6JSY6,0.072
A0A0F8XWT5,0.072
A0A135VEP7,0.072
A0A135VZH5,0.072
A0A497QTS3,0.072
A0A5C9EKQ1,0.072
A0A0F8VDT5,0.072
A0A7K4CNY4,0.072
A0A497PNY6,0.072
A0A1Q9P4S0,0.072
A0A850M5F4,0.072
A0A5C9E7B7,0.072
A0A524DA44,0.072
A0A842T5C9,0.072
A0A842WYF2,0.072
A0A1Q9P3Q5,0.072
A0A5C9ELQ2,0.072
A0A7K4H1J4,0.072
A0A523RDH2,0.072
A0A842U6V7,0.072
A0A842WUP5,0.072
A0A7K4GW18,0.072
A0A1Q9NCV9,0.072
A0A497PVQ3,0.072
A0A842T7G6,0.072
A0A1Q9NN09,0.072
A0A7K4IEJ3,0.072
A0A497QLE6,0.072
A0A1Q9P252,0.072
A0A1Q9NDC5,0.072
A0A1Q9P1G2,0.072
A0A135VV29,0.072
A0A7K4CUL8,0.072
A0A850LWS1,0.072
A0A7K4HEQ1,0.072
A0A497QNW9,0.072
A0A2U3CKX6,0.072
A0A3L6JQJ8,0.072
A0A850MHB4,0.072
A0A524ENB6,0.072
A0A497PLP9,0.072
A0A1Q9NC03,0.072
A0A849Q7X9,0.072
A0A850LY40,0.072
A0A532TDL2,0.072
A0A7K4HKR7,0.072
A0A497QKR0,0.072
A0A842TK27,0.072
A0A842VRF0,0.072
A0A7K4IB72,0.072
A0A524FR45,0.072
A0A524D7D0,0.072
A0A523XE33,0.072
A0A842TKR3,0.072
A0A842RDE3,0.072
A0A842TLK1,0.072
A0A135VD51,0.072
A0A0F8V750,0.072
A0A532TXP3,0.072
A0A524DKP2,0.072
A0A523S3V9,0.072
A0A7K4CZQ0,0.072
A0A5C9ETW0,0.072
A0A850M3D4,0.072
A0A850LYV4,0.072
A0A842RIF1,0.072
A0A5C9EXI8,0.072
A0A524M0S2,0.072
A0A3L6JEL4,0.072
A0A842WN56,0.072
A0A135VQD9,0.072
A0A5C9DU17,0.072
A0A842YF02,0.072
A0A0F8VXP4,0.072
A0A7K4CP67,0.072
A0A523X6U1,0.072
A0A523X4V3,0.072
A0A523RN90,0.072
A0A524EKP4,0.072
A0A524F1B5,0.072
A0A524CLI2,0.072
A0A842RTW1,0.072
A0A524CZF5,0.072
A0A5C9E7J1,0.072
A0A7K4H225,0.072
A0A497QDL4,0.072
A0A5C9ET20,0.072
A0A524F677,0.072
A0A842VK46,0.072
A0A524LK04,0.072
A0A842QBX1,0.072
A0A5B9D846,0.072
A0A524F1W4,0.072
A0A524FCK1,0.072
A0A0F8XRB9,0.072
A0A842YB82,0.072
A0A523TIJ4,0.072
A0A0F8VK75,0.072
A0A7K4D0N0,0.072
A0A842UEH9,0.072
A0A3L6JNU4,0.072
A0A7K4HCN7,0.072
A0A524G4P8,0.072
A0A850LZR5,0.072
A0A524FAW4,0.072
A0A7K4H944,0.072
A0A1Q9N0H4,0.072
A0A524DJ84,0.072
A0A3L6J773,0.072
A0A497R5A8,0.072
A0A523W3S9,0.072
A0A497PZC3,0.072
A0A842S4N5,0.072
A0A524F3X7,0.072
A0A5C9EVH7,0.072
A0A842TKW8,0.072
A0A524LZV6,0.072
A0A524M7G2,0.071
A0A1Q9P2G6,0.071
A0A842U827,0.071
A0A523TA95,0.071
A0A842VQ96,0.071
A0A135VAR9,0.071
A0A524E1X7,0.071
A0A1Q9NNT7,0.071
A0A524CGC1,0.071
A0A7K4CUA9,0.071
A0A524CD83,0.071
A0A842YFU1,0.071
A0A842U7Q7,0.071
A0A524DRW2,0.071
A0A1Q9MSA1,0.071
A0A524CWG8,0.071
A0A5B9D950,0.071
A0A524D9T9,0.071
A0A523TD93,0.071
A0A524LW54,0.071
A0A523VVN7,0.071
A0A842U9P3,0.071
A0A1Q9N1C7,0.071
A0A1Q9MWX3,0.071
A0A135VYD1,0.071
A0A5C9E9V6,0.071
A0A497QNA9,0.071
A0A0F8WCT4,0.071
A0A497PM86,0.071
A0A497Q2B8,0.071
A0A3L6JF81,0.071
A0A524F6X1,0.071
A0A5B9D6Q4,0.071
A0A7K4IEQ5,0.071
A0A1Q9MTE2,0.071
A0A3L6J942,0.071
A0A5C9EER5,0.071
A0A523S638,0.071
A0A5C9EA88,0.071
A0A7K4H3Y7,0.071
A0A842VTQ8,0.071
A0A524DW50,0.071
A0A842VLK5,0.071
A0A524FPY3,0.071
A0A524M1C4,0.071
A0A843BWR1,0.071
A0A524ET77,0.071
A0A524F9W2,0.071
A0A523W0T1,0.071
A0A850LPF5,0.071
A0A850LQA0,0.071
A0A842QKC6,0.071
A0A842VM23,0.071
A0A5C9EWM4,0.071
A0A7K4CT31,0.071
A0A532TQT8,0.071
A0A850M2Q6,0.071
A0A1Q9N1T6,0.071
A0A7K4HBQ9,0.071
A0A842YBI4,0.071
A0A842YED2,0.071
A0A135VBL7,0.071
A0A1Q9NLL5,0.071
A0A842RBC3,0.071
A0A135VSY7,0.071
A0A523W578,0.071
A0A1Q9NS47,0.071
A0A850M653,0.071
A0A524FKX1,0.071
A0A850LZX6,0.071
A0A1Q9MUB8,0.071
A0A5C9EII4,0.071
A0A842S8X5,0.071
A0A1Q9N1A3,0.071
A0A850M0V7,0.071
A0A842SV06,0.071
A0A7K4HKH2,0.071
A0A842VBL7,0.071
A0A5C9E915,0.071
A0A7K4GP11,0.071
A0A524G5V6,0.071
A0A524EW91,0.071
A0A850MUR2,0.071
A0A0F8V768,0.071
A0A524DNL6,0.071
A0A1Q9N3Z0,0.071
A0A524CRV2,0.071
A0A2U3CHJ7,0.071
A0A5C9F1E0,0.071
A0A842TJU8,0.071
A0A497QZR8,0.071
A0A532TY22,0.071
A0A524FBE0,0.071
A0A1Q9NL06,0.071
A0A7K4HGR7,0.071
A0A497PJX9,0.071
A0A5C9DZB1,0.071
A0A524G299,0.071
A0A842QGW9,0.071
A0A1Q9NCZ1,0.071
A0A2U3CBD3,0.071
A0A497PW88,0.071
A0A1Q9N968,0.071
A0A1Q9PEG4,0.071
A0A524ESQ7,0.071
A0A1Q9MSR2,0.071
A0A523S2X2,0.071
A0A1Q9MST7,0.071
A0A7K4H428,0.071
A0A7K4H2N6,0.071
A0A497PBT7,0.071
A0A842W467,0.071
A0A524EL30,0.071
A0A497PEV3,0.071
A0A842RJ77,0.071
A0A523TE27,0.071
A0A497QVF8,0.071
A0A524F240,0.071
A0A1Q9NLW1,0.071
A0A3L6JRS5,0.071
A0A1Q9PDE3,0.071
A0A524E9D7,0.071
A0A7K4CS08,0.071
A0A3L6JFN1,0.071
A0A7K4H2P9,0.071
A0A7K4HDM1,0.071
A0A842VBC4,0.071
A0A524CG64,0.071
A0A7K4CUW3,0.071
A0A1Q9PAM7,0.071
A0A497PAV4,0.071
A0A524EZP7,0.071
A0A842S7I7,0.071
A0A7K4IDD3,0.071
A0A497R172,0.071
A0A842R936,0.071
A0A1Q9NT29,0.071
A0A524MJR2,0.071
A0A7K4CRB2,0.071
A0A1Q9P5U2,0.071
A0A842YD15,0.071
A0A524FK73,0.071
A0A1Q9NHZ0,0.071
A0A524CD31,0.071
A0A3L6JE64,0.071
A0A532T9S5,0.071
A0A850M5Y0,0.071
A0A524FUI9,0.071
A0A135VDC7,0.071
A0A842TH46,0.071
A0A0F8Y392,0.071
A0A843BQU9,0.071
A0A5C9EGP1,0.071
A0A1Q9MTW9,0.071
A0A7K4IBD5,0.071
A0A497Q4L6,0.071
A0A5C9EI96,0.071
A0A524D480,0.071
A0A524CIW0,0.071
A0A7C0U8M3,0.071
A0A842RI49,0.071
A0A497QP51,0.071
A0A135VXP8,0.071
A0A523TEK2,0.071
A0A1Q9NA51,0.071
A0A524F202,0.071
A0A1Q9NGN8,0.071
A0A523TIV8,0.071
A0A524DIA5,0.071
A0A7K4HEB0,0.071
A0A523RDZ4,0.071
A0A7K4IDL8,0.071
A0A842TDZ6,0.071
A0A524C535,0.071
A0A524LIX8,0.071
A0A1Q9MUE3,0.071
A0A1Q9N2V9,0.071
A0A5C9EJP3,0.071
A0A5C9EID7,0.071
A0A1Q9NC37,0.071
A0A0F8W322,0.071
A0A842T3J3,0.071
A0A524NWD6,0.071
A0A524LER5,0.071
A0A2U3CHE0,0.071
A0A524DV38,0.071
A0A0F8W7A9,0.071
A0A3L6JL88,0.071
A0A497R682,0.071
A0A850LZV7,0.071
A0A842VA69,0.071
A0A135VB63,0.071
A0A1Q9NUQ4,0.071
A0A524LS02,0.071
A0A1Q9NGE1,0.071
A0A135VWX3,0.071
A0A524LY75,0.071
A0A849Q5H6,0.071
A0A523R6R9,0.071
A0A524CPG7,0.071
A0A3L6JCW6,0.071
A0A523RY91,0.071
A0A842RHF2,0.071
A0A497Q6H6,0.071
A0A7K4H9W8,0.071
A0A2E9CF30,0.071
A0A524FQK8,0.071
A0A532TA72,0.071
A0A497R924,0.071
A0A5B9DFN7,0.071
A0A524EB52,0.071
A0A5C9EEE5,0.071
A0A497PZJ5,0.071
A0A497QLJ4,0.071
A0A843BRW0,0.071
A0A532TBP0,0.071
A0A1Q9N487,0.071
A0A0F8VJ10,0.071
A0A524EP79,0.071
A0A524D9T8,0.071
A0A842RRU9,0.071
A0A842VRD9,0.071
A0A497QIY2,0.071
A0A524DRE9,0.071
A0A842S5X4,0.071
A0A497P8H3,0.071
A0A532THY3,0.071
A0A524C6N2,0.071
A0A7K4CTS2,0.071
A0A5C9DXV5,0.071
A0A497QW67,0.071
A0A524DDF7,0.071
A0A524FLG5,0.071
A0A5C9EDP1,0.071
A0A2U3CD60,0.071
A0A5B9D6S6,0.071
A0A5C9ELE0,0.071
A0A7K4GM26,0.071
A0A524F0W6,0.071
A0A524DKC5,0.071
A0A842QIM4,0.071
A0A524CI08,0.071
A0A850MMQ8,0.071
A0A1Q9NE37,0.071
A0A5B9DEM1,0.071
A0A7K4HGM2,0.071
A0A5C9EZG0,0.071
A0A842TCI1,0.071
A0A524FXZ6,0.071
A0A842VT95,0.07
A0A0F8WBJ0,0.07
A0A135VXP2,0.07
A0A497QGK4,0.07
A0A850LWS9,0.07
A0A5B9D5D6,0.07
A0A135VZM0,0.07
A0A1Q9NW13,0.07
A0A524D885,0.07
A0A842TPJ8,0.07
A0A524DB84,0.07
A0A524D494,0.07
A0A842VGF9,0.07
A0A523VZ60,0.07
A0A524C517,0.07
A0A524LH50,0.07
A0A524FLM5,0.07
A0A7K4HFT8,0.07
A0A524DN42,0.07
A0A524DZE6,0.07
A0A135VTC1,0.07
A0A842RUR4,0.07
A0A524DUA6,0.07
A0A7K4CQP8,0.07
A0A524EMB9,0.07
A0A7K4IC68,0.07
A0A5C9DSB0,0.07
A0A524C6M0,0.07
A0A497QY26,0.07
A0A850LQ61,0.07
A0A1Q9MT47,0.07
A0A842VSV6,0.07
A0A7K4CUZ6,0.07
A0A524EVL4,0.07
A0A842WVA7,0.07
A0A842VF62,0.07
A0A523RPF9,0.07
A0A5C9E928,0.07
A0A2E9CF72,0.07
A0A497QJR7,0.07
A0A524E000,0.07
A0A842U853,0.07
A0A497QV52,0.07
A0A1Q9P4P9,0.07
A0A842RN08,0.07
A0A524EA22,0.07
A0A524CKV3,0.07
A0A5C9E8M6,0.07
A0A524CWC7,0.07
A0A850MK92,0.07
A0A1Q9PEW2,0.07
A0A1Q9NU36,0.07
A0A843BSU6,0.07
A0A1Q9NDZ0,0.07
A0A842TJN1,0.07
A0A524DUX1,0.07
A0A524F9Z4,0.07
A0A849QHT8,0.07
A0A849QIF1,0.07
A0A497Q8L5,0.07
A0A842VSY9,0.07
A0A523RBQ1,0.07
A0A842RXI9,0.07
A0A1Q9NR31,0.07
A0A2U3CK84,0.07
A0A532T6U2,0.07
A0A524F4M6,0.07
A0A524CPF7,0.07
A0A7K4CXJ4,0.07
A0A524C8A9,0.07
A0A842V7B4,0.07
A0A524FK86,0.07
A0A842QI73,0.07
A0A523RXT2,0.07
A0A1Q9P0Y8,0.07
A0A524GAK1,0.07
A0A842TGD6,0.07
A0A532T724,0.07
A0A524DUQ6,0.07
A0A497PDJ4,0.07
A0A7K4IDW3,0.07
A0A2U3CB66,0.07
A0A842RF95,0.07
A0A842R8S0,0.07
A0A532TEZ9,0.07
A0A1Q9NBK6,0.07
A0A524C9Y5,0.07
A0A850LZ84,0.07
A0A0F8XX38,0.07
A0A497QU66,0.07
A0A7K4HE79,0.07
A0A842RK68,0.07
A0A7K4IE02,0.07
A0A524FMQ5,0.07
A0A5C9EQK0,0.07
A0A842SZ61,0.07
A0A532TQE1,0.07
A0A850LU70,0.07
A0A524F928,0.07
A0A842RCX6,0.07
A0A497QEE8,0.07
A0A7K4GME7,0.07
A0A497QQH8,0.07
A0A497PNG9,0.07
A0A524FPM7,0.07
A0A5B9DF06,0.07
A0A1Q9NIY8,0.07
A0A842RZX7,0.07
A0A5B9D8M3,0.07
A0A523XBY5,0.07
A0A842S5T3,0.07
A0A7K4GU18,0.07
A0A2U3CG32,0.07
A0A7K4IDN7,0.07
A0A2E9CDA6,0.07
A0A850LTD2,0.07
A0A497QSW5,0.07
A0A524F683,0.07
A0A842REK1,0.07
A0A7K4GSR3,0.07
A0A842VU05,0.07
A0A524D7P2,0.07
A0A5C9EHR3,0.07
A0A842VJG8,0.07
A0A842TM69,0.07
A0A532TE11,0.07
A0A7C0Y9A2,0.07
A0A524CJX8,0.07
A0A0F8V849,0.07
A0A524LKP7,0.07
A0A524LY50,0.07
A0A1Q9P4E1,0.07
A0A1Q9NQL5,0.07
A0A497PR27,0.07
A0A7K4CR29,0.07
A0A5B9DFX9,0.07
A0A842W292,0.07
A0A3L6JCV8,0.07
A0A842VSZ1,0.07
A0A842S0P2,0.07
A0A842WKS9,0.07
A0A5C9EY94,0.07
A0A842VIR7,0.07
A0A850MME6,0.07
A0A842W0U7,0.07
A0A1Q9MSV1,0.07
A0A524LPY0,0.07
A0A524DQP7,0.07
A0A1Q9MVT0,0.07
A0A523REI6,0.07
A0A5C9ENF1,0.07
A0A497QV59,0.07
A0A842RTP2,0.07
A0A3L6J6T8,0.07
A0A7C0U841,0.07
A0A524EG04,0.07
A0A1Q9PCZ6,0.07
A0A0F8XXK8,0.07
A0A497P8G9,0.07
A0A524DB32,0.07
A0A1Q9PAL9,0.07
A0A523W1B4,0.07
A0A2U3CBB4,0.07
A0A497PKI7,0.07
A0A135VU66,0.07
A0A1Q9NAW5,0.07
A0A3L6J7D5,0.07
A0A497QPX3,0.07
A0A523RFK7,0.07
A0A842RB16,0.07
A0A523RXD2,0.07
A0A5B9D5B4,0.07
A0A524FJN2,0.07
A0A524LWN0,0.07
A0A524D3F9,0.07
A0A7K4CQ09,0.07
A0A842VQP0,0.07
A0A497Q7A7,0.07
A0A524ECB2,0.07
A0A842TCH6,0.07
A0A842U9I1,0.07
A0A850M760,0.07
A0A524F898,0.07
A0A497Q5G6,0.07
A0A842RMR6,0.07
A0A135VST1,0.07
A0A523RZ20,0.07
A0A524F7R5,0.07
A0A524CJ10,0.07
A0A497QTL7,0.07
A0A2U3CD20,0.07
A0A1Q9P2W4,0.07
A0A842QHT0,0.07
A0A850LPQ2,0.07
A0A135VYT0,0.07
A0A842T7V1,0.07
A0A7K4H9E1,0.07
A0A842VUT6,0.07
A0A7K4CUX9,0.07
A0A5C9E9E5,0.07
A0A135VD29,0.07
A0A524FJS6,0.07
A0A523VYR6,0.07
A0A0F8W0Q1,0.07
A0A1Q9NIW1,0.07
A0A7C0YFZ1,0.07
A0A1Q9N453,0.07
A0A842S770,0.07
A0A523VV28,0.07
A0A0F8XMC2,0.07
A0A497R948,0.07
A0A524DU50,0.07
A0A524EMI0,0.07
A0A842QKI8,0.07
A0A842TPI5,0.07
A0A850MRQ2,0.07
A0A523TIA4,0.07
A0A0F8VBZ8,0.07
A0A524CB29,0.07
A0A2U3CH20,0.07
A0A850M9L4,0.07
A0A524LHG9,0.07
A0A0F8WCD0,0.07
A0A7K4H9Z7,0.07
A0A3L6J7Q8,0.07
A0A0F8VD15,0.07
A0A497Q5S1,0.07
A0A524LJI7,0.07
A0A842WSP4,0.07
A0A3L6JJP0,0.07
A0A497PUL5,0.07
A0A524EHX7,0.07
A0A524MJE0,0.07
A0A842WX07,0.07
A0A532T909,0.07
A0A842VSP0,0.07
A0A842WTJ9,0.07
A0A0F8VHN1,0.07
A0A3L6JR43,0.069
A0A842RED4,0.069
A0A2U3CDF5,0.069
A0A524EUM6,0.069
A0A524CYP1,0.069
A0A1Q9NU33,0.069
A0A497QLM3,0.069
A0A497QXF1,0.069
A0A0F8XKS6,0.069
A0A524CZE8,0.069
A0A7K4GLS6,0.069
A0A524CF98,0.069
A0A135VMX4,0.069
A0A850LXE1,0.069
A0A523XJ96,0.069
A0A1Q9NJ14,0.069
A0A497PWU7,0.069
A0A523XFN5,0.069
A0A497PVH7,0.069
A0A524DNL2,0.069
A0A5B9D6Z0,0.069
A0A842T8X3,0.069
A0A524C543,0.069
A0A7K4CXJ3,0.069
A0A850M9R8,0.069
A0A524FWB0,0.069
A0A524CML2,0.069
A0A850MBD3,0.069
A0A3L6JJD8,0.069
A0A524EJ40,0.069
A0A0F8VKR3,0.069
A0A524DWN9,0.069
A0A850MM08,0.069
A0A497QBP4,0.069
A0A842TQI9,0.069
A0A842TCN6,0.069
A0A842W4B2,0.069
A0A524E6H6,0.069
A0A524DKU8,0.069
A0A524FD86,0.069
A0A5B9DFA1,0.069
A0A842TX32,0.069
A0A7K4ID68,0.069
A0A524L566,0.069
A0A842VVT6,0.069
A0A850MDE6,0.069
A0A497PHW2,0.069
A0A7K4HE01,0.069
A0A524LSW7,0.069
A0A7K4GWH0,0.069
A0A0F8VFY0,0.069
A0A497QQ63,0.069
A0A497QX60,0.069
A0A7K4HEN6,0.069
A0A3L6JCR1,0.069
A0A1Q9NQQ8,0.069
A0A1Q9P418,0.069
A0A7K4CYC1,0.069
A0A2U3CIP3,0.069
A0A524ECE9,0.069
A0A497QP82,0.069
A0A842T611,0.069
A0A850MAS9,0.069
A0A523R7A6,0.069
A0A7K4H5Z1,0.069
A0A524C616,0.069
A0A524C463,0.069
A0A7K4IHL5,0.069
A0A842U082,0.069
A0A497Q7S5,0.069
A0A497QFM8,0.069
A0A524CVR4,0.069
A0A1Q9NB54,0.069
A0A524FL32,0.069
A0A1Q9NVC6,0.069
A0A850MSG9,0.069
A0A524LCL5,0.069
A0A3L6JLE3,0.069
A0A1Q9NWF9,0.069
A0A524C977,0.069
A0A7K4H8F4,0.069
A0A497PQ32,0.069
A0A3L6JS06,0.069
A0A1Q9NNA3,0.069
A0A523RBQ5,0.069
A0A850M3Y3,0.069
A0A497Q168,0.069
A0A524DU61,0.069
A0A135VTH9,0.069
A0A842S0R1,0.069
A0A524G2S2,0.069
A0A1Q9PAF6,0.069
A0A0F8VPZ6,0.069
A0A2E9CEZ8,0.069
A0A1Q9NV31,0.069
A0A3L6J8A9,0.069
A0A497QQS3,0.069
A0A7K4CSA7,0.069
A0A524FUN9,0.069
A0A842SBP6,0.069
A0A3L6JNT2,0.069
A0A497R884,0.069
A0A5C9DUU0,0.069
A0A843BZ51,0.069
A0A3L6J9R7,0.069
A0A532TN11,0.069
A0A3L6JH93,0.069
A0A524D7Z2,0.069
A0A523S2C7,0.069
A0A1Q9P419,0.069
A0A842TLW1,0.069
A0A523SA33,0.069
A0A524LBP4,0.069
A0A850M488,0.069
A0A524LIT8,0.069
A0A842VXP7,0.069
A0A843BYI1,0.069
A0A524D3C0,0.069
A0A842X1P2,0.069
A0A523TM27,0.069
A0A524CVQ0,0.069
A0A0F8WBR8,0.069
A0A524DU77,0.069
A0A842THT8,0.069
A0A842TE09,0.069
A0A842TAZ8,0.069
A0A524DAF3,0.069
A0A524ETZ7,0.069
A0A497PM00,0.069
A0A7K4GZM8,0.069
A0A524C506,0.069
A0A497PTP3,0.069
A0A524CW72,0.069
A0A7K4H5P5,0.069
A0A524P1P0,0.069
A0A850M566,0.069
A0A842TD30,0.069
A0A524FNW3,0.069
A0A524E4J7,0.069
A0A842W321,0.069
A0A524DND2,0.069
A0A842RNF7,0.069
A0A842VE72,0.069
A0A1Q9MWH3,0.069
A0A524D9D4,0.069
A0A5B9D6R2,0.069
A0A0F8XDZ5,0.069
A0A1Q9MY35,0.069
A0A1Q9MSW1,0.069
A0A524DUW4,0.069
A0A7C0U8U8,0.069
A0A842VXF9,0.069
A0A524G1X4,0.069
A0A497R0Z2,0.069
A0A524DW41,0.069
A0A842YF91,0.069
A0A523XC09,0.069
A0A842QHW7,0.069
A0A7K4HDA5,0.069
A0A842QE52,0.069
A0A524C560,0.069
A0A0F8VNL0,0.069
A0A0F8VNR9,0.069
A0A524FNT9,0.069
A0A524E6D5,0.069
A0A0F8XPN7,0.069
A0A842RA85,0.069
A0A524D9R2,0.069
A0A7K4HJY4,0.069
A0A843BTM8,0.069
A0A524EZF4,0.069
A0A842VIG6,0.069
A0A524FKA1,0.069
A0A497PI50,0.069
A0A842TL11,0.069
A0A524D1M8,0.069
A0A842RW17,0.069
A0A524FYK4,0.069
A0A5B9DAU9,0.069
A0A842QCZ3,0.069
A0A7K4IEY3,0.069
A0A5B9D718,0.069
A0A842VLL7,0.069
A0A524DMR8,0.069
A0A532TR57,0.069
A0A842WNX9,0.069
A0A524E6J6,0.069
A0A524EVE0,0.069
A0A7K4H8S2,0.069
A0A0F8VHS1,0.069
A0A524DNZ3,0.069
A0A0F8W4U8,0.069
A0A497PBM1,0.069
A0A497R3E0,0.069
A0A842RI16,0.069
A0A5C9ELB9,0.069
A0A524CY98,0.069
A0A842TQM2,0.069
A0A3L6J676,0.069
A0A523TPJ8,0.069
A0A5B9DDT1,0.069
A0A2E9CDZ6,0.069
A0A5C9EGF4,0.069
A0A524LBV6,0.069
A0A2U3CEI4,0.069
A0A1Q9NC51,0.069
A0A135VWF6,0.069
A0A842TF24,0.069
A0A850MCH4,0.069
A0A842WV14,0.069
A0A524F1T5,0.069
A0A5C9EQ43,0.069
A0A842U0W3,0.069
A0A842RZH5,0.069
A0A850LS31,0.069
A0A524E6G6,0.069
A0A842TN74,0.069
A0A524G7Q5,0.069
A0A497PNX3,0.069
A0A842RID7,0.069
A0A850LQ47,0.069
A0A524DN99,0.069
A0A497R1X9,0.069
A0A497Q5C1,0.069
A0A524CVF7,0.069
A0A850MLP3,0.069
A0A842QJB7,0.069
A0A135VQP9,0.069
A0A523XCS8,0.069
A0A524FBF1,0.069
A0A524DZU5,0.069
A0A1Q9MUQ8,0.069
A0A497QB42,0.069
A0A7K4HK05,0.069
A0A5C9EEF4,0.069
A0A842VS79,0.069
A0A524P382,0.069
A0A842T621,0.069
A0A524D531,0.069
A0A1Q9NYY6,0.069
A0A497Q086,0.069
A0A842W282,0.069
A0A524F154,0.069
A0A3L6JAR3,0.069
A0A842RWN3,0.069
A0A1Q9NJA5,0.069
A0A524EA99,0.069
A0A524EAN5,0.069
A0A497R868,0.069
A0A842VGQ3,0.069
A0A5C9F279,0.069
A0A843BXI2,0.069
A0A524CW96,0.069
A0A497R3U7,0.069
A0A524ESL9,0.069
A0A524CUT5,0.069
A0A842W2Y7,0.069
A0A5B9D9S0,0.069
A0A524EF70,0.069
A0A524D351,0.069
A0A1Q9ND65,0.069
A0A1Q9P381,0.069
A0A842QDQ1,0.069
A0A1Q9NLC0,0.069
A0A523RX08,0.069
A0A7K4HHC8,0.069
A0A850M235,0.069
A0A5B9D8Q9,0.069
A0A850M2W8,0.069
A0A524E622,0.069
A0A842WP41,0.069
A0A850LSQ9,0.069
A0A524FUS3,0.069
A0A850M5F3,0.069
A0A524CV40,0.069
A0A0F8V6X7,0.069
A0A497QNE4,0.069
A0A2U3CHD8,0.068
A0A497QHW8,0.068
A0A497Q4J1,0.068
A0A524C2B9,0.068
A0A842TH49,0.068
A0A524FE48,0.068
A0A1Q9P3D7,0.068
A0A523RDV4,0.068
A0A7K4IBF8,0.068
A0A532THS0,0.068
A0A532T741,0.068
A0A7K4GMG1,0.068
A0A524D412,0.068
A0A7K4HC73,0.068
A0A524D012,0.068
A0A1Q9P315,0.068
A0A524EHJ2,0.068
A0A524CHG0,0.068
A0A497QLH1,0.068
A0A7K4IBP7,0.068
A0A842TPH6,0.068
A0A532THW1,0.068
A0A497PBL7,0.068
A0A842RSW1,0.068
A0A135VK76,0.068
A0A497PLW3,0.068
A0A523S544,0.068
A0A497PHR4,0.068
A0A842QCG1,0.068
A0A497QIH3,0.068
A0A524FYJ6,0.068
A0A1Q9MZ41,0.068
A0A524FYQ8,0.068
A0A497R693,0.068
A0A524CB67,0.068
A0A524F0V3,0.068
A0A842WTQ5,0.068
A0A842RGE4,0.068
A0A1Q9P1U8,0.068
A0A524DQI9,0.068
A0A842TME8,0.068
A0A524FSY9,0.068
A0A0F8XEL6,0.068
A0A850LTD4,0.068
A0A842TFE5,0.068
A0A497QJF4,0.068
A0A7K4H142,0.068
A0A842VEI8,0.068
A0A850LPV0,0.068
A0A497QRV4,0.068
A0A497Q978,0.068
A0A1Q9P0H8,0.068
A0A0F8XU44,0.068
A0A5C9E412,0.068
A0A524DRE1,0.068
A0A842WWT4,0.068
A0A524EUN1,0.068
A0A524P4H4,0.068
A0A497PS69,0.068
A0A842TMR6,0.068
A0A524FKP1,0.068
A0A524M5L7,0.068
A0A1Q9PFQ2,0.068
A0A497PNR4,0.068
A0A842QGZ0,0.068
A0A842VQK9,0.068
A0A524EFW0,0.068
A0A135VW42,0.068
A0A7K4GMB1,0.068
A0A842VU23,0.068
A0A842THF5,0.068
A0A524DIV0,0.068
A0A524E851,0.068
A0A5C9E4H4,0.068
A0A523R886,0.068
A0A842VQZ9,0.068
A0A842TJ13,0.068
A0A7K4H1N2,0.068
A0A524DE32,0.068
A0A842RA25,0.068
A0A843BZ62,0.068
A0A524CJW0,0.068
A0A842REQ2,0.068
A0A524E3T0,0.068
A0A842U688,0.068
A0A7K4II55,0.068
A0A0F8VIF1,0.068
A0A7K4CVH6,0.068
A0A524FK40,0.068
A0A524D3E0,0.068
A0A842T9N6,0.068
A0A524CZB5,0.068
A0A842TMG5,0.068
A0A135VBD3,0.068
A0A523RWX2,0.068
A0A497QRC3,0.068
A0A842T6Z2,0.068
A0A842RS57,0.068
A0A7K4D0L0,0.068
A0A1Q9NRS1,0.068
A0A524M9K1,0.068
A0A850MIJ2,0.068
A0A7K4CMR9,0.068
A0A1Q9MTB6,0.068
A0A0F8VHR3,0.068
A0A842WVT7,0.068
A0A524F1A4,0.068
A0A135VTD2,0.068
A0A842RJF0,0.068
A0A524DIX7,0.068
A0A842TMJ6,0.068
A0A5B9D5Q2,0.068
A0A5C9F100,0.068
A0A524D9W5,0.068
A0A524FH13,0.068
A0A5C9EHZ7,0.068
A0A842QDD1,0.068
A0A524FPN7,0.068
A0A524LFQ7,0.068
A0A842WPH4,0.068
A0A5B9D670,0.068
A0A135VJP1,0.068
A0A5B9DHH9,0.068
A0A532TYU6,0.068
A0A524DV48,0.068
A0A3L6JLJ9,0.068
A0A1Q9P291,0.068
A0A524DFG2,0.068
A0A524NY40,0.068
A0A497QHS8,0.068
A0A524C9R5,0.068
A0A524G014,0.068
A0A5C9E2X2,0.068
A0A1Q9P4L3,0.068
A0A3L6JJ02,0.068
A0A5B9D8S6,0.068
A0A524E2F6,0.068
A0A524ER80,0.068
A0A5C9EE96,0.068
A0A2U3CFM8,0.068
A0A135VWG8,0.068
A0A523X915,0.068
A0A523XLX3,0.068
A0A497R5J8,0.068
A0A497Q935,0.068
A0A497QWZ5,0.068
A0A524DPJ0,0.068
A0A524FET1,0.068
A0A523XNB5,0.068
A0A135VNF2,0.068
A0A0F8VLD1,0.068
A0A7K4H760,0.068
A0A0F8V8Q3,0.068
A0A524CVY9,0.068
A0A524D4G5,0.068
A0A7K4IHF7,0.068
A0A523XQJ8,0.068
A0A7K4CYU3,0.068
A0A524LGX9,0.068
A0A1Q9NKI9,0.068
A0A532TM25,0.068
A0A0F8WAA5,0.068
A0A842RBF9,0.068
A0A524DNF4,0.068
A0A524NU48,0.068
A0A5C9EC64,0.068
A0A524EID8,0.068
A0A1Q9NZ49,0.068
A0A842YBX9,0.068
A0A0F8XUG6,0.068
A0A5C9EW65,0.068
A0A524CDK1,0.068
A0A523RPM1,0.068
A0A5C9EA62,0.068
A0A1Q9NNA0,0.068
A0A7K4CW16,0.068
A0A5B9DDS7,0.068
A0A524ERF9,0.068
A0A524DAL5,0.068
A0A524CLX7,0.068
A0A497QKY2,0.068
A0A842W1M4,0.068
A0A524C5M4,0.068
A0A524DS69,0.068
A0A135VBJ9,0.068
A0A842T1M5,0.068
A0A842U349,0.068
A0A0F8VNS4,0.068
A0A1Q9NV42,0.068
A0A524EFT0,0.068
A0A497QJJ1,0.068
A0A524G177,0.068
A0A5B9D9P5,0.068
A0A7K4IFX1,0.068
A0A524CWS1,0.068
A0A524DUC6,0.068
A0A523TG13,0.068
A0A135VID0,0.068
A0A524G0J2,0.068
A0A523TAQ0,0.068
A0A1Q9PDK5,0.068
A0A842T5K0,0.068
A0A3L6JLI3,0.068
A0A1Q9P9F0,0.068
A0A5C9ET31,0.068
A0A5C9F3Y9,0.068
A0A842WK84,0.068
A0A5C9EV47,0.068
A0A842VLA2,0.068
A0A0F8XS58,0.068
A0A1Q9MTU1,0.068
A0A1Q9MTY4,0.068
A0A850LW60,0.068
A0A524F9W1,0.068
A0A7K4IDH2,0.068
A0A497Q3H0,0.068
A0A1Q9PCQ5,0.068
A0A5C9E1Y2,0.068
A0A7K4H7N8,0.068
A0A524C4T7,0.068
A0A524F888,0.068
A0A497QGU2,0.068
A0A5B9DF56,0.068
A0A1Q9N2K4,0.068
A0A524D3E3,0.068
A0A7K4CM73,0.068
A0A842RFL2,0.068
A0A523R7M5,0.068
A0A842RVA7,0.068
A0A7K4GRV7,0.068
A0A523S862,0.068
A0A497QU53,0.068
A0A497PHT2,0.068
A0A524FJ12,0.068
A0A524DJ60,0.068
A0A7K4HJK5,0.068
A0A1Q9NH81,0.068
A0A5C9EAT8,0.068
A0A523X4S7,0.068
A0A850MD81,0.068
A0A850MEP2,0.068
A0A1Q9NQJ7,0.068
A0A842THB0,0.068
A0A850MD55,0.068
A0A842VZ82,0.068
A0A497QFB3,0.068
A0A1Q9N2P1,0.068
A0A497PRM0,0.068
A0A842YHI1,0.068
A0A850M0N2,0.068
A0A1Q9MYG8,0.068
A0A1Q9MTH0,0.068
A0A532TNA2,0.068
A0A850M4Q9,0.068
A0A524CGA9,0.068
A0A1Q9MVC0,0.068
A0A524DJG3,0.068
A0A7K4D1J9,0.068
A0A524CFV8,0.068
A0A842VG89,0.068
A0A497QMH1,0.068
A0A842VNI4,0.068
A0A524CJ96,0.068
A0A850LYC7,0.068
A0A524FBE4,0.068
A0A1Q9NQB3,0.068
A0A842YF62,0.068
A0A497R1E2,0.068
A0A5B9DC31,0.068
A0A5C9EC51,0.068
A0A842S2M5,0.068
A0A524DH90,0.068
A0A7K4HL74,0.067
A0A842RS88,0.067
A0A842TLY7,0.067
A0A524FZ11,0.067
A0A524EZC1,0.067
A0A842RJZ8,0.067
A0A524M3S5,0.067
A0A850LSV0,0.067
A0A524FIM2,0.067
A0A7K4HE45,0.067
A0A3L6JAP2,0.067
A0A842VII2,0.067
A0A842RKF7,0.067
A0A523XM63,0.067
A0A1Q9N2J4,0.067
A0A7K4H645,0.067
A0A7K4CT49,0.067
A0A523TID0,0.067
A0A1Q9MR71,0.067
A0A524NVX8,0.067
A0A7C0U8L2,0.067
A0A842RE91,0.067
A0A842VGJ1,0.067
A0A1Q9NEW8,0.067
A0A532T817,0.067
A0A497Q402,0.067
A0A532TNK1,0.067
A0A1Q9MV26,0.067
A0A842VNS3,0.067
A0A524F4Z2,0.067
A0A497QIY7,0.067
A0A1Q9PFC2,0.067
A0A7K4GJQ7,0.067
A0A842QIS5,0.067
A0A850MP20,0.067
A0A497PR68,0.067
A0A842VJV7,0.067
A0A842RZL7,0.067
A0A524CBZ9,0.067
A0A842RCU3,0.067
A0A524E8N6,0.067
A0A497QT74,0.067
A0A524DQJ4,0.067
A0A523RKN2,0.067
A0A842QL08,0.067
A0A524C5I0,0.067
A0A532T685,0.067
A0A524EZK3,0.067
A0A523X4R5,0.067
A0A842RC50,0.067
A0A842VTW4,0.067
A0A1Q9NTX6,0.067
A0A842S709,0.067
A0A524DC35,0.067
A0A524DRF5,0.067
A0A3L6J806,0.067
A0A1Q9MUP9,0.067
A0A5C9DUI0,0.067
A0A850M1X9,0.067
A0A842QEG6,0.067
A0A842VZL9,0.067
A0A842RKD2,0.067
A0A497R8U3,0.067
A0A5C9EJ48,0.067
A0A523XHN3,0.067
A0A523X967,0.067
A0A842VF77,0.067
A0A524G9W0,0.067
A0A842RX58,0.067
A0A524DDP0,0.067
A0A842QHT6,0.067
A0A850MV31,0.067
A0A523XI20,0.067
A0A1Q9P5G0,0.067
A0A1Q9NVI9,0.067
A0A1Q9N2C3,0.067
A0A7K4HGF6,0.067
A0A524EJ29,0.067
A0A850M516,0.067
A0A7K4H796,0.067
A0A5C9E4A2,0.067
A0A497QMF0,0.067
A0A1Q9MXW0,0.067
A0A842RWQ9,0.067
A0A524FI92,0.067
A0A7K4CQU7,0.067
A0A497Q4L2,0.067
A0A524F7Y8,0.067
A0A842W0G7,0.067
A0A497QX97,0.067
A0A2U3CCP2,0.067
A0A842RB73,0.067
A0A524F691,0.067
A0A524FBA2,0.067
A0A7K4H2N7,0.067
A0A842VS00,0.067
A0A7K4CXM3,0.067
A0A524EWQ5,0.067
A0A524FBC1,0.067
A0A842TK40,0.067
A0A7K4HJ99,0.067
A0A524LZJ4,0.067
A0A524M3I1,0.067
A0A497QT47,0.067
A0A850M0U9,0.067
A0A1Q9MXB2,0.067
A0A1Q9NNY0,0.067
A0A524DU83,0.067
A0A1Q9NGD4,0.067
A0A7K4GM09,0.067
A0A524CLM8,0.067
A0A842WZM8,0.067
A0A7K4CYN1,0.067
A0A524F2J9,0.067
A0A849QE05,0.067
A0A2U3CGA5,0.067
A0A850LX88,0.067
A0A1Q9MWT9,0.067
A0A5C9EFU8,0.067
A0A497QV68,0.067
A0A842TC57,0.067
A0A842TSD0,0.067
A0A135VWZ2,0.067
A0A5C9EB90,0.067
A0A524G6S9,0.067
A0A497R1D8,0.067
A0A532TQZ0,0.067
A0A842TDH4,0.067
A0A849QLT2,0.067
A0A524DI76,0.067
A0A524LIW7,0.067
A0A7K4IEU9,0.067
A0A1Q9MVU3,0.067
A0A497QJ28,0.067
A0A1Q9MT79,0.067
A0A5C9EY71,0.067
A0A843C1D6,0.067
A0A7K4IFS3,0.067
A0A842U493,0.067
A0A524C221,0.067
A0A524EDF2,0.067
A0A1Q9NAK2,0.067
A0A850LSI4,0.067
A0A5C9F255,0.067
A0A532TLM6,0.067
A0A524FUE3,0.067
A0A524EYH3,0.067
A0A842TG45,0.067
A0A843BNY6,0.067
A0A2E9CDN8,0.067
A0A5C9EN51,0.067
A0A497PNI9,0.067
A0A850ML09,0.067
A0A3L6JNM1,0.067
A0A497QMA5,0.067
A0A842RYD5,0.067
A0A3L6JIX5,0.067
A0A0F8XQF2,0.067
A0A843C0L4,0.067
A0A524DT34,0.067
A0A842VH85,0.067
A0A7K4GKE8,0.067
A0A7K4IG41,0.067
A0A1Q9MUL5,0.067
A0A524G9U5,0.067
A0A524MEP7,0.067
A0A524EMX0,0.067
A0A524E1C4,0.067
A0A0F8VIS9,0.067
A0A850MUX2,0.067
A0A842T782,0.067
A0A7K4ID31,0.067
A0A497QB40,0.067
A0A842VCP6,0.067
A0A523R8A5,0.067
A0A5B9D8K4,0.067
A0A524DBD0,0.067
A0A524DBA7,0.067
A0A135VI31,0.067
A0A7K4H855,0.067
A0A842RQQ6,0.067
A0A1Q9MU68,0.067
A0A2U3CFE5,0.067
A0A7K4GZ16,0.067
A0A523VXV0,0.067
A0A135VGR8,0.067
A0A135VYC5,0.067
A0A497R5I2,0.067
A0A497QDH9,0.067
A0A524FXQ6,0.067
A0A523TRP6,0.067
A0A850ME07,0.067
A0A7K4GV73,0.067
A0A842VVD1,0.067
A0A532TB04,0.067
A0A850LSD5,0.067
A0A7K4GTE2,0.067
A0A524FPA6,0.067
A0A524M3U2,0.067
A0A3L6JEA5,0.067
A0A524E580,0.067
A0A842VU47,0.067
A0A524CPK6,0.067
A0A842TN29,0.067
A0A497PU83,0.067
A0A524E0U9,0.067
A0A3L6J6V8,0.067
A0A5B9DHB8,0.067
A0A524EJV7,0.067
A0A3L6JBA7,0.067
A0A497QHH4,0.067
A0A0F8XWC6,0.067
A0A850MNV9,0.067
A0A497PLM9,0.067
A0A850MCW3,0.067
A0A842RRW7,0.067
A0A524DRD2,0.067
A0A497QDD6,0.067
A0A850LXG8,0.067
A0A842SY31,0.067
A0A5C9E046,0.067
A0A842SBK0,0.067
A0A850MCA6,0.067
A0A497P9X2,0.067
A0A842T6E8,0.067
A0A850M3H9,0.067
A0A524G7S7,0.067
A0A7K4GLG5,0.067
A0A524CB53,0.067
A0A524D3K4,0.067
A0A849QGU4,0.067
A0A5B9D8Q1,0.067
A0A135VG03,0.067
A0A524CBW9,0.067
A0A5B9DHF4,0.067
A0A5C9EHI1,0.067
A0A524C8Z4,0.067
A0A3L6JE97,0.067
A0A842YBV8,0.067
A0A497QE35,0.067
A0A524M259,0.067
A0A524DEK1,0.067
A0A5B9D9K4,0.067
A0A135VEV9,0.067
A0A524P383,0.067
A0A532TV78,0.067
A0A497PC03,0.067
A0A532TS02,0.067
A0A842VMB0,0.067
A0A524FW89,0.067
A0A524CZU3,0.067
A0A1Q9P2P2,0.067
A0A524CWJ5,0.067
A0A842VSM6,0.067
A0A7K4ICJ6,0.067
A0A842S380,0.067
A0A7K4GN90,0.067
A0A7K4CPX0,0.067
A0A524D9V1,0.067
A0A7K4D166,0.067
A0A842S146,0.067
A0A0F8V7N4,0.067
A0A1Q9P2V1,0.066
A0A842T943,0.066
A0A497R5U3,0.066
A0A524EHL4,0.066
A0A0F8VBS9,0.066
A0A497PJQ8,0.066
A0A524FTL0,0.066
A0A524E1R8,0.066
A0A0F8XYQ7,0.066
A0A842VSW8,0.066
A0A842WSR6,0.066
A0A523XR36,0.066
A0A524EC32,0.066
A0A1Q9MTQ0,0.066
A0A524G1L0,0.066
A0A842RK43,0.066
A0A1Q9PFK6,0.066
A0A850M8Z5,0.066
A0A0F8V8M3,0.066
A0A523RPB1,0.066
A0A497Q5D5,0.066
A0A7K4H9B9,0.066
A0A7K4CPM5,0.066
A0A7K4HJ72,0.066
A0A524D8J3,0.066
A0A135VCD8,0.066
A0A842R802,0.066
A0A5C9DYB7,0.066
A0A497QRP9,0.066
A0A524NTI8,0.066
A0A3L6JHY0,0.066
A0A842S8Z5,0.066
A0A524D4Q3,0.066
A0A843C1W8,0.066
A0A842W269,0.066
A0A7K4D1D0,0.066
A0A842TH00,0.066
A0A2E9CGC8,0.066
A0A5C9EYA0,0.066
A0A1Q9NZK4,0.066
A0A842RBV5,0.066
A0A135VWC8,0.066
A0A524CL96,0.066
A0A7K4HAQ1,0.066
A0A842VVA2,0.066
A0A1Q9NDT2,0.066
A0A524F2K2,0.066
A0A524LX78,0.066
A0A1Q9PCZ4,0.066
A0A842QHU6,0.066
A0A524LAH6,0.066
A0A497PRL3,0.066
A0A524C9J9,0.066
A0A524CIQ7,0.066
A0A1Q9P9Y6,0.066
A0A523VZB6,0.066
A0A497QA56,0.066
A0A497QZ93,0.066
A0A135VVC2,0.066
A0A850LY71,0.066
A0A524C8N6,0.066
A0A532TEV2,0.066
A0A850LY58,0.066
A0A7K4CN66,0.066
A0A524F9Y5,0.066
A0A7K4IA67,0.066
A0A524M2P9,0.066
A0A524EAC9,0.066
A0A524CHU4,0.066
A0A1Q9P5X9,0.066
A0A842T5I2,0.066
A0A497PIG2,0.066
A0A1Q9P3D2,0.066
A0A5B9D8M7,0.066
A0A135VH93,0.066
A0A5C9EJZ5,0.066
A0A1Q9NM30,0.066
A0A850MFG0,0.066
A0A524M0K4,0.066
A0A7K4H0Q1,0.066
A0A1Q9MTI3,0.066
A0A3L6JHQ9,0.066
A0A135VSS4,0.066
A0A497QMQ4,0.066
A0A1Q9NHD3,0.066
A0A524F113,0.066
A0A850M304,0.066
A0A5C9E682,0.066
A0A842VQW2,0.066
A0A524G2J9,0.066
A0A2E9CGT3,0.066
A0A7C0Y9E2,0.066
A0A5C9E0J4,0.066
A0A842REX1,0.066
A0A1Q9NV51,0.066
A0A0F8W5U7,0.066
A0A5B9D6S7,0.066
A0A5C9EKC9,0.066
A0A850MMT5,0.066
A0A497QDQ6,0.066
A0A532TBC5,0.066
A0A842UDB4,0.066
A0A524DMD3,0.066
A0A497PNW5,0.066
A0A1Q9P1L5,0.066
A0A524F477,0.066
A0A524M141,0.066
A0A524E978,0.066
A0A843BX03,0.066
A0A850LXX4,0.066
A0A497QGN5,0.066
A0A1Q9NNJ5,0.066
A0A1Q9MWC6,0.066
A0A5B9DC86,0.066
A0A850MKN2,0.066
A0A524EL42,0.066
A0A524EI02,0.066
A0A842VHI6,0.066
A0A842VMQ8,0.066
A0A497QKR4,0.066
A0A1Q9N0Z6,0.066
A0A842RDV1,0.066
A0A843C0U9,0.066
A0A842RSG5,0.066
A0A5C9E8N7,0.066
A0A523RIK6,0.066
A0A524G901,0.066
A0A842S0J3,0.066
A0A850M187,0.066
A0A497PAH8,0.066
A0A524CKV4,0.066
A0A1Q9N985,0.066
A0A524ET57,0.066
A0A1Q9MRQ6,0.066
A0A523TKS1,0.066
A0A524EVX7,0.066
A0A850MR02,0.066
A0A842SAD0,0.066
A0A842VD79,0.066
A0A0F8YAW7,0.066
A0A524E6H3,0.066
A0A524DWF8,0.066
A0A7K4H5Q3,0.066
A0A842U4V9,0.066
A0A842VB05,0.066
A0A842TNL5,0.066
A0A842RCI5,0.066
A0A842WN45,0.066
A0A842VU52,0.066
A0A5C9EKV5,0.066
A0A497PIM3,0.066
A0A524FKS0,0.066
A0A1Q9NEA2,0.066
A0A1Q9NEQ7,0.066
A0A842T0H5,0.066
A0A135VX67,0.066
A0A842WR92,0.066
A0A497QF57,0.066
A0A5C9EX07,0.066
A0A2U3CIY9,0.066
A0A842W2S1,0.066
A0A3L6JAT5,0.066
A0A532TBM8,0.066
A0A842SYF0,0.066
A0A3L6J6M4,0.066
A0A842STJ8,0.066
A0A497R2N9,0.066
A0A523XP70,0.066
A0A850M5Q6,0.066
A0A5C9EKN0,0.066
A0A524FB61,0.066
A0A5C9E443,0.066
A0A842RVR1,0.066
A0A0F8YBK1,0.066
A0A524EMH7,0.066
A0A5C9EVT3,0.066
A0A524C6D1,0.066
A0A497PRG1,0.066
A0A1Q9MUB7,0.066
A0A850LPN7,0.066
A0A842QI24,0.066
A0A850M948,0.066
A0A524DY54,0.066
A0A5C9EGD8,0.066
A0A842WNC5,0.066
A0A849Q6M2,0.066
A0A842VTA8,0.066
A0A7K4H2Y6,0.066
A0A524CZX5,0.066
A0A843BW15,0.066
A0A524D775,0.066
A0A850LTI0,0.066
A0A1Q9MS37,0.066
A0A842TB99,0.066
A0A524FGN7,0.066
A0A7K4HHJ0,0.066
A0A7K4H135,0.066
A0A1Q9NMD3,0.066
A0A523TFD7,0.066
A0A497QWP9,0.066
A0A842RHF8,0.066
A0A497QJ18,0.066
A0A5C9E3S8,0.066
A0A842THW7,0.066
A0A524CEY2,0.066
A0A524EBS8,0.066
A0A524FJ19,0.066
A0A842V8U4,0.066
A0A524DKG2,0.066
A0A524C6I2,0.066
A0A524D7L5,0.066
A0A5C9EYV0,0.066
A0A5B9DD99,0.066
A0A5C9EGS1,0.066
A0A850M0P3,0.066
A0A524C227,0.066
A0A1Q9P1W6,0.066
A0A135VP73,0.066
A0A7K4CVW8,0.066
A0A842TLP3,0.066
A0A850MCH6,0.066
A0A135VJ98,0.066
A0A1Q9MXY6,0.066
A0A7K4D0Y6,0.066
A0A1Q9P568,0.066
A0A5B9DFN3,0.066
A0A524FND9,0.066
A0A850MC01,0.066
A0A524EC23,0.066
A0A5C9EXM3,0.066
A0A842RII3,0.066
A0A842U8U9,0.066
A0A842RFG7,0.066
A0A849QGG3,0.066
A0A7K4H5N8,0.066
A0A5B9DBM2,0.066
A0A524EAG8,0.065
A0A842VYA7,0.065
A0A524F4N5,0.065
A0A850MZ16,0.065
A0A497PIY9,0.065
A0A524EDZ0,0.065
A0A497PM13,0.065
A0A842W0A6,0.065
A0A842QC62,0.065
A0A1Q9NKJ8,0.065
A0A135VTA9,0.065
A0A842WYP8,0.065
A0A842VWZ0,0.065
A0A1Q9N9W2,0.065
A0A497QWM7,0.065
A0A524C846,0.065
A0A850MJ29,0.065
A0A524CL32,0.065
A0A850LS26,0.065
A0A497QV89,0.065
A0A524LIF5,0.065
A0A850LS23,0.065
A0A1Q9MWA3,0.065
A0A524DFP4,0.065
A0A1Q9NHT8,0.065
A0A524CE67,0.065
A0A1Q9P6X9,0.065
A0A524FUY6,0.065
A0A532T775,0.065
A0A842VX10,0.065
A0A524EWH4,0.065
A0A497PVR8,0.065
A0A524NZZ1,0.065
A0A842YD66,0.065
A0A5C9EW98,0.065
A0A524CSH1,0.065
A0A524EU38,0.065
A0A524F6Q2,0.065
A0A842RGV4,0.065
A0A2U3CJF3,0.065
A0A7K4CU03,0.065
A0A135VJI2,0.065
A0A497QPS6,0.065
A0A842THP4,0.065
A0A842RGK7,0.065
A0A0F8WE72,0.065
A0A7K4CPG8,0.065
A0A0F8XX52,0.065
A0A5C9EKA4,0.065
A0A524F1Z7,0.065
A0A7K4GXF2,0.065
A0A1Q9PD10,0.065
A0A7K4GWM4,0.065
A0A497PZ51,0.065
A0A524C520,0.065
A0A7K4H138,0.065
A0A5C9EJW1,0.065
A0A524EAB0,0.065
A0A842S385,0.065
A0A7K4GVV9,0.065
A0A0F8YAJ3,0.065
A0A0F8VDC4,0.065
A0A524DPM0,0.065
A0A524CZZ3,0.065
A0A524P8R7,0.065
A0A524D7M8,0.065
A0A7K4D0D6,0.065
A0A5C9EKR1,0.065
A0A5C9F0V0,0.065
A0A497QB34,0.065
A0A0F8XFM0,0.065
A0A524E9B5,0.065
A0A2U3CKL8,0.065
A0A842S8Z9,0.065
A0A842VDP8,0.065
A0A842TAL5,0.065
A0A842YEX3,0.065
A0A850M560,0.065
A0A497QT52,0.065
A0A524CLZ6,0.065
A0A842QMJ6,0.065
A0A497Q8J2,0.065
A0A842T636,0.065
A0A842RH38,0.065
A0A5C9F1B0,0.065
A0A7K4H3X1,0.065
A0A7K4HCV2,0.065
A0A524P6F6,0.065
A0A524DA64,0.065
A0A497QWS3,0.065
A0A5C9EDY5,0.065
A0A850M1R2,0.065
A0A7K4HE97,0.065
A0A532TB26,0.065
A0A7K4D110,0.065
A0A524FB95,0.065
A0A1Q9P2Z4,0.065
A0A524CNW0,0.065
A0A0F8V8B4,0.065
A0A850LT12,0.065
A0A3L6JEN3,0.065
A0A524FJY0,0.065
A0A1Q9NDG6,0.065
A0A497QV29,0.065
A0A5C9ELG2,0.065
A0A850MAZ9,0.065
A0A7C0Y876,0.065
A0A532TMJ4,0.065
A0A524LAY6,0.065
A0A7K4D0P5,0.065
A0A524FUR3,0.065
A0A524CGW5,0.065
A0A842TPT6,0.065
A0A842VAP4,0.065
A0A524CVI0,0.065
A0A532TN94,0.065
A0A1Q9NZS1,0.065
A0A842VUY0,0.065
A0A842RUY3,0.065
A0A524CK03,0.065
A0A524DER8,0.065
A0A842W034,0.065
A0A2U3CBY4,0.065
A0A0F8XRN9,0.065
A0A497QE94,0.065
A0A524D1Z2,0.065
A0A850LU56,0.065
A0A524FIE1,0.065
A0A7K4IA99,0.065
A0A7K4HAU7,0.065
A0A524D841,0.065
A0A849QBZ7,0.065
A0A524D4Q6,0.065
A0A523VNA5,0.065
A0A3L6JKH8,0.065
A0A524EEV3,0.065
A0A524CG13,0.065
A0A5C9EYT5,0.065
A0A850MD99,0.065
A0A1Q9MZM6,0.065
A0A523RY47,0.065
A0A5C9EQD1,0.065
A0A524CRD1,0.065
A0A524E3A1,0.065
A0A842U4D9,0.065
A0A1Q9NGY9,0.065
A0A850M744,0.065
A0A524EUK1,0.065
A0A1Q9NRU1,0.065
A0A523W0A4,0.065
A0A5C9E8Y2,0.065
A0A1Q9MYL3,0.065
A0A523SCT8,0.065
A0A5B9DCF9,0.065
A0A7K4HFC8,0.065
A0A524FPR4,0.065
A0A524EY06,0.065
A0A524FLP4,0.065
A0A5B9DCF4,0.065
A0A7K4H3U0,0.065
A0A524E5U1,0.065
A0A0F8VLK0,0.065
A0A524CNM1,0.065
A0A524FEM9,0.065
A0A497QJQ6,0.065
A0A523TPU1,0.065
A0A497QTS0,0.065
A0A842REG3,0.065
A0A7K4ICW7,0.065
A0A1Q9NLE1,0.065
A0A497QJ69,0.065
A0A842R9E0,0.065
A0A3L6J6X2,0.065
A0A497R3F1,0.065
A0A843BYB5,0.065
A0A524M897,0.065
A0A2E9CF91,0.065
A0A497PUD9,0.065
A0A842W7U0,0.065
A0A524D862,0.065
A0A850LQR2,0.065
A0A497QJ32,0.065
A0A0F8W8C4,0.065
A0A1Q9NP92,0.065
A0A7K4IE24,0.065
A0A524F891,0.065
A0A5B9D7P6,0.065
A0A850LRT1,0.065
A0A5B9DH72,0.065
A0A842X163,0.065
A0A842VSD4,0.065
A0A524MJ24,0.065
A0A3L6JCP6,0.065
A0A497QQC9,0.065
A0A7K4GJZ5,0.065
A0A842QH15,0.065
A0A1Q9NQ60,0.065
A0A2U3CB41,0.065
A0A524LLY8,0.065
A0A497R9W4,0.065
A0A850MUG9,0.065
A0A1Q9NIW3,0.065
A0A842TM92,0.065
A0A524FKR2,0.065
A0A497QLU0,0.065
A0A7K4H975,0.065
A0A7K4CUS4,0.065
A0A1Q9P1N5,0.065
A0A850MDD4,0.065
A0A524DY35,0.065
A0A1Q9NTD2,0.065
A0A523S1Q8,0.065
A0A842U1K3,0.065
A0A842TEB6,0.065
A0A842U582,0.065
A0A842T312,0.065
A0A5C9EDI2,0.065
A0A524EE25,0.065
A0A524CCY3,0.065
A0A842VJJ9,0.065
A0A5B9D6J3,0.065
A0A5C9ESJ5,0.065
A0A7K4H9Q7,0.065
A0A842V9G8,0.065
A0A842SAH5,0.065
A0A1Q9P371,0.065
A0A1Q9MU75,0.065
A0A524E264,0.065
A0A1Q9NLT5,0.065
A0A524ETU2,0.065
A0A5B9DFH0,0.065
A0A3L6J694,0.065
A0A5C9E0M7,0.065
A0A2U3CKG8,0.065
A0A497Q1G2,0.065
A0A842VJL2,0.065
A0A850LXY3,0.065
A0A842TM11,0.065
A0A842TCB6,0.065
A0A842W1V7,0.065
A0A849QFT4,0.065
A0A842WRX8,0.065
A0A850M9W3,0.065
A0A7K4GK36,0.065
A0A524DHQ7,0.065
A0A1Q9P1Y7,0.065
A0A850LR50,0.065
A0A524DJZ4,0.065
A0A842VG40,0.065
A0A5C9EX88,0.065
A0A850MKN7,0.065
A0A524DXB8,0.065
A0A842V9X2,0.064
A0A524E5Q5,0.064
A0A524EZP5,0.064
A0A5C9EGZ8,0.064
A0A1Q9NYC4,0.064
A0A842YEZ6,0.064
A0A523X4W2,0.064
A0A497Q2V9,0.064
A0A497QCD7,0.064
A0A842REA1,0.064
A0A7K4CN59,0.064
A0A524D1Z3,0.064
A0A5C9EKF6,0.064
A0A7K4GTL9,0.064
A0A842UAI5,0.064
A0A524FFU8,0.064
A0A524EKA8,0.064
A0A1Q9NNW0,0.064
A0A524FNJ7,0.064
A0A849QFQ4,0.064
A0A842RHK1,0.064
A0A850MEF9,0.064
A0A842TZB5,0.064
A0A3L6JBM7,0.064
A0A842RPP1,0.064
A0A5C9DZ43,0.064
A0A524CKN3,0.064
A0A497QL16,0.064
A0A497Q0V6,0.064
A0A842WW01,0.064
A0A497Q7Q0,0.064
A0A524CAS3,0.064
A0A842SUV4,0.064
A0A1Q9PCB0,0.064
A0A842RNL8,0.064
A0A850M770,0.064
A0A842TR00,0.064
A0A524F201,0.064
A0A524CSM3,0.064
A0A532TXH2,0.064
A0A5B9D809,0.064
A0A524ENX5,0.064
A0A524M4J1,0.064
A0A842WY48,0.064
A0A842R998,0.064
A0A842X171,0.064
A0A7K4CP48,0.064
A0A1Q9NNL1,0.064
A0A5C9ELS4,0.064
A0A524CH29,0.064
A0A2U3CF34,0.064
A0A524FN37,0.064
A0A842QL51,0.064
A0A842RMB9,0.064
A0A3L6JM90,0.064
A0A524FGF3,0.064
A0A842RVB7,0.064
A0A532TMV1,0.064
A0A843BZ80,0.064
A0A0F8W2C4,0.064
A0A1Q9MTP7,0.064
A0A5C9E0Y7,0.064
A0A850LZQ1,0.064
A0A497R1A5,0.064
A0A7K4CXC4,0.064
A0A524DLP3,0.064
A0A497PTG8,0.064
A0A523RS91,0.064
A0A1Q9NSI8,0.064
A0A497PP79,0.064
A0A0F8VA22,0.064
A0A2U3CBB3,0.064
A0A524E5N4,0.064
A0A524EJ28,0.064
A0A523TFV8,0.064
A0A497PPK1,0.064
A0A524EKA3,0.064
A0A842Q9B4,0.064
A0A524EBC3,0.064
A0A842T6N5,0.064
A0A524EQ47,0.064
A0A524D9H0,0.064
A0A524C457,0.064
A0A524D245,0.064
A0A842TGU6,0.064
A0A0F8WD08,0.064
A0A135VW96,0.064
A0A7K4IC77,0.064
A0A532TJH4,0.064
A0A524EX89,0.064
A0A850MAP3,0.064
A0A524L6L6,0.064
A0A1Q9MZY5,0.064
A0A524FSR4,0.064
A0A497QXY6,0.064
A0A523W198,0.064
A0A524CHF0,0.064
A0A524NRG3,0.064
A0A524C5L2,0.064
A0A850LTA2,0.064
A0A1Q9NQ15,0.064
A0A497QXS0,0.064
A0A1Q9NQC5,0.064
A0A842U680,0.064
A0A524CLC4,0.064
A0A842RP68,0.064
A0A524CWW0,0.064
A0A1Q9MXL8,0.064
A0A842VD69,0.064
A0A7K4H562,0.064
A0A850MX04,0.064
A0A843BRS0,0.064
A0A1Q9NW76,0.064
A0A524FDJ6,0.064
A0A5C9ED97,0.064
A0A842WXA9,0.064
A0A5C9EIT9,0.064
A0A524DD04,0.064
A0A523TFQ2,0.064
A0A524DED2,0.064
A0A523X583,0.064
A0A524F6W9,0.064
A0A524F2D9,0.064
A0A849QD82,0.064
A0A5B9D745,0.064
A0A1Q9N1I2,0.064
A0A497QNU3,0.064
A0A524F6Q9,0.064
A0A1Q9NPJ2,0.064
A0A1Q9MRT0,0.064
A0A842R9V8,0.064
A0A842V987,0.064
A0A497QYA0,0.064
A0A524F0D7,0.064
A0A0F8VA19,0.064
A0A842T9X9,0.064
A0A842X0F7,0.064
A0A524E9T2,0.064
A0A842RWJ6,0.064
A0A0F8VIL8,0.064
A0A842QHD9,0.064
A0A524EBT1,0.064
A0A497QEE9,0.064
A0A135VLG1,0.064
A0A524DAG5,0.064
A0A524ESN9,0.064
A0A1Q9N9P9,0.064
A0A843BXG3,0.064
A0A524F2Q8,0.064
A0A497R963,0.064
A0A497PCY0,0.064
A0A524F0W7,0.064
A0A497PXR8,0.064
A0A3L6JSG8,0.064
A0A523XIS6,0.064
A0A3L6JKV6,0.064
A0A850MBM0,0.064
A0A3L6JKF9,0.064
A0A5B9D9J4,0.064
A0A1Q9MWP8,0.064
A0A1Q9NSC2,0.064
A0A524CPQ0,0.064
A0A524C844,0.064
A0A497Q548,0.064
A0A5C9E774,0.064
A0A135VZM7,0.064
A0A5C9EXL9,0.064
A0A842VKL4,0.064
A0A1Q9P3S9,0.064
A0A7K4GUY7,0.064
A0A523RA97,0.064
A0A2U3CKK2,0.064
A0A5C9EC91,0.064
A0A497PP11,0.064
A0A842RBT1,0.064
A0A1Q9N1D5,0.064
A0A842TH89,0.064
A0A842RJI2,0.064
A0A842YC70,0.064
A0A524CW99,0.064
A0A1Q9MZ81,0.064
A0A1Q9PEZ7,0.064
A0A1Q9P8J4,0.064
A0A0F8V8D9,0.064
A0A5B9D5Z9,0.064
A0A524FCS8,0.064
A0A0F8XG48,0.064
A0A524C864,0.064
A0A523VSB4,0.064
A0A524FGT9,0.064
A0A0F8XDJ0,0.064
A0A524CHJ3,0.064
A0A524FRV0,0.064
A0A842VDD9,0.064
A0A0F8XFV4,0.064
A0A524CZT3,0.064
A0A7K4IGF7,0.064
A0A842VWN3,0.064
A0A7K4IB29,0.064
A0A0F8YBH1,0.064
A0A523RBC3,0.064
A0A7K4HIQ2,0.064
A0A843BWC1,0.064
A0A5C9E3Z6,0.064
A0A7K4H181,0.064
A0A524P0V9,0.064
A0A1Q9NTD0,0.064
A0A524CVF0,0.064
A0A7K4CWJ8,0.064
A0A850MCW9,0.064
A0A524CBH5,0.064
A0A524E7T4,0.064
A0A524EZF1,0.064
A0A524G417,0.064
A0A497PHZ6,0.064
A0A524L598,0.064
A0A532TJ36,0.064
A0A524FDP0,0.064
A0A1Q9N0C2,0.064
A0A842TKX4,0.064
A0A3L6JLK4,0.064
A0A523RZJ5,0.064
A0A523TQN4,0.064
A0A532TLU9,0.064
A0A7K4HAD8,0.064
A0A1Q9MUJ1,0.064
A0A849QGS8,0.064
A0A842TS67,0.064
A0A3L6JG96,0.064
A0A842T4M4,0.064
A0A497R3S9,0.064
A0A523RAM8,0.064
A0A524NXW2,0.064
A0A523S0P5,0.064
A0A524DKE5,0.064
A0A3L6JPV4,0.064
A0A850MPE0,0.064
A0A1Q9NCW6,0.064
A0A7K4CMW3,0.064
A0A524D284,0.064
A0A497QG74,0.064
A0A842QDM1,0.064
A0A5B9D5N0,0.064
A0A7K4CTN5,0.064
A0A842RD79,0.064
A0A843BUC9,0.064
A0A7K4HCZ6,0.064
A0A524E3D8,0.064
A0A497PCK4,0.064
A0A497QLW2,0.064
A0A842WSJ9,0.064
A0A2U3CGH8,0.064
A0A850M2S5,0.063
A0A524LJC9,0.063
A0A842VMX0,0.063
A0A524EK16,0.063
A0A1Q9NXP8,0.063
A0A1Q9NTP9,0.063
A0A842U6P2,0.063
A0A5C9E9S7,0.063
A0A523VVW8,0.063
A0A842RI69,0.063
A0A842TMM7,0.063
A0A497QJX6,0.063
A0A497Q600,0.063
A0A842VIK6,0.063
A0A1Q9N3I3,0.063
A0A0F8XWB7,0.063
A0A524CDW9,0.063
A0A842RBT0,0.063
A0A523W1V1,0.063
A0A1Q9NAH8,0.063
A0A842U156,0.063
A0A524EM14,0.063
A0A524NSM2,0.063
A0A842Y9G7,0.063
A0A524FAN5,0.063
A0A842TUP1,0.063
A0A524E0W6,0.063
A0A1Q9NWH3,0.063
A0A1Q9PAC7,0.063
A0A5C9ELJ2,0.063
A0A524F7R8,0.063
A0A497PWF1,0.063
A0A3L6J7R1,0.063
A0A524FWQ4,0.063
A0A0F8Y8Z3,0.063
A0A524G0M2,0.063
A0A524FE82,0.063
A0A7K4CQJ7,0.063
A0A524G0P1,0.063
A0A135VS96,0.063
A0A3L6JB09,0.063
A0A524E0Y0,0.063
A0A497PSF4,0.063
A0A2E9CG62,0.063
A0A524F0U3,0.063
A0A523RFH3,0.063
A0A135VGZ5,0.063
A0A842TIA7,0.063
A0A842TK08,0.063
A0A524E7V6,0.063
A0A524DW48,0.063
A0A842R7D6,0.063
A0A7K4CRE0,0.063
A0A524F1X8,0.063
A0A5C9E998,0.063
A0A3L6JN38,0.063
A0A5C9E835,0.063
A0A524FKD1,0.063
A0A7K4GU90,0.063
A0A7K4H2Z7,0.063
A0A7K4D1I0,0.063
A0A524LI28,0.063
A0A1Q9P7S7,0.063
A0A1Q9P9L3,0.063
A0A842UD44,0.063
A0A850M2V6,0.063
A0A7K4IBN0,0.063
A0A7K4CQX7,0.063
A0A135VKC0,0.063
A0A524CAV3,0.063
A0A135VNK4,0.063
A0A1Q9NWU3,0.063
A0A7K4D0G6,0.063
A0A5C9F1U5,0.063
A0A7K4CSA6,0.063
A0A524DKR5,0.063
A0A497P9K2,0.063
A0A850M0I1,0.063
A0A3L6JGB1,0.063
A0A524FLQ7,0.063
A0A524LQX8,0.063
A0A842W260,0.063
A0A842W1H0,0.063
A0A5B9DDI0,0.063
A0A3L6JEM7,0.063
A0A842TS49,0.063
A0A842VQX0,0.063
A0A850MFR0,0.063
A0A135VHH0,0.063
A0A524EYD6,0.063
A0A497Q7B4,0.063
A0A524D7X7,0.063
A0A1Q9N4C0,0.063
A0A850MHC7,0.063
A0A524EH27,0.063
A0A523RQD1,0.063
A0A524EBI4,0.063
A0A523S2F5,0.063
A0A7K4D0P9,0.063
A0A842VK26,0.063
A0A850LPZ6,0.063
A0A524D8R8,0.063
A0A497QRU8,0.063
A0A842W3D0,0.063
A0A524D4Y7,0.063
A0A850MGR7,0.063
A0A850M1W8,0.063
A0A3L6JA62,0.063
A0A524MG34,0.063
A0A7K4H5D3,0.063
A0A524M9S3,0.063
A0A524EV64,0.063
A0A7K4CU28,0.063
A0A842UBX5,0.063
A0A524EB97,0.063
A0A524G0Q7,0.063
A0A3L6JPG7,0.063
A0A524E1S0,0.063
A0A5C9EGB5,0.063
A0A842T8A3,0.063
A0A524LKV5,0.063
A0A842VMT5,0.063
A0A5C9E687,0.063
A0A842UDU1,0.063
A0A524LWY9,0.063
A0A5B9D555,0.063
A0A850LY23,0.063
A0A5C9EYM1,0.063
A0A135VMA3,0.063
A0A524FS11,0.063
A0A524F498,0.063
A0A5C9E2P7,0.063
A0A850LYT4,0.063
A0A7K4H4Q2,0.063
A0A5C9E1G6,0.063
A0A7K4H7G5,0.063
A0A842VEW0,0.063
A0A497PZ58,0.063
A0A524CCK4,0.063
A0A1Q9P0N4,0.063
A0A1Q9NX99,0.063
A0A524EBR8,0.063
A0A524DPP7,0.063
A0A7K4CS87,0.063
A0A524EMI8,0.063
A0A524ENJ2,0.063
A0A524FEL7,0.063
A0A497Q8H4,0.063
A0A850MA09,0.063
A0A524D1K5,0.063
A0A524E5J4,0.063
A0A524LQ80,0.063
A0A135VAP8,0.063
A0A850MFT0,0.063
A0A5C9EH62,0.063
A0A524FVX1,0.063
A0A532TL24,0.063
A0A532TM46,0.063
A0A524DDE3,0.063
A0A842VUJ1,0.063
A0A532TFB9,0.063
A0A523RWJ0,0.063
A0A5B9D6S2,0.063
A0A524DM84,0.063
A0A842VPW1,0.063
A0A7K4GM20,0.063
A0A5C9E3F0,0.063
A0A842VGR5,0.063
A0A5C9E1K5,0.063
A0A842VHT3,0.063
A0A524G7G7,0.063
A0A524CZ06,0.063
A0A3L6JK35,0.063
A0A524ET67,0.063
A0A842VJN6,0.063
A0A850LXM9,0.063
A0A524C7T8,0.063
A0A524DB40,0.063
A0A497QZ39,0.063
A0A497QPN9,0.063
A0A842VJ47,0.063
A0A497QXT7,0.063
A0A842U9Z8,0.063
A0A1Q9MYS8,0.063
A0A523VM30,0.063
A0A524EVJ8,0.063
A0A842TS80,0.063
A0A1Q9NTH6,0.063
A0A5C9DVS8,0.063
A0A849QDM4,0.063
A0A135VDT1,0.063
A0A524DTB8,0.063
A0A524CC60,0.063
A0A1Q9MUP5,0.063
A0A842W7K6,0.063
A0A524E8N0,0.063
A0A5C9DZY7,0.063
A0A532TP44,0.063
A0A842TF19,0.063
A0A524DV64,0.063
A0A2U3CHH7,0.063
A0A1Q9MWR6,0.063
A0A850LSN0,0.063
A0A7K4HJT6,0.063
A0A1Q9N9D1,0.063
A0A524ER25,0.063
A0A523VS56,0.063
A0A842TLJ9,0.063
A0A524EK12,0.063
A0A842TA82,0.063
A0A532TGS8,0.063
A0A523RDT1,0.063
A0A842QBH1,0.063
A0A532T5T6,0.063
A0A497QAY7,0.063
A0A524LW41,0.063
A0A523XDH8,0.063
A0A135VJH4,0.063
A0A842S7T0,0.063
A0A0F8Y0T0,0.063
A0A524NW33,0.063
A0A7K4D1W6,0.063
A0A1Q9P2Q9,0.063
A0A842WNN1,0.063
A0A524E0W9,0.063
A0A524DZ42,0.063
A0A850LNU0,0.063
A0A497QFT8,0.063
A0A842QIE8,0.063
A0A842QDK9,0.063
A0A1Q9P1X8,0.063
A0A497Q6X1,0.063
A0A524M014,0.063
A0A842WUR3,0.063
A0A7K4HF24,0.063
A0A2U3CDW5,0.063
A0A850M1D4,0.063
A0A1Q9MWX0,0.063
A0A842VYM3,0.063
A0A523RTT7,0.063
A0A524EJQ7,0.062
A0A3L6J6R7,0.062
A0A3L6JKW5,0.062
A0A524FP51,0.062
A0A0F8VF82,0.062
A0A0F8V6G4,0.062
A0A1Q9NR94,0.062
A0A7K4GZ89,0.062
A0A850LTA7,0.062
A0A842VX25,0.062
A0A1Q9P0S3,0.062
A0A524EDU6,0.062
A0A524F5J8,0.062
A0A7K4CT86,0.062
A0A842VJ02,0.062
A0A1Q9PER1,0.062
A0A7K4HI71,0.062
A0A1Q9NJJ1,0.062
A0A842W1L0,0.062
A0A7K4IFB3,0.062
A0A842T5S5,0.062
A0A523RE60,0.062
A0A5C9EWF1,0.062
A0A1Q9NJL5,0.062
A0A842V9I6,0.062
A0A524E185,0.062
A0A497QJ65,0.062
A0A7K4GKN6,0.062
A0A524CU22,0.062
A0A524EJG2,0.062
A0A524CTT0,0.062
A0A842VGC7,0.062
A0A7K4IDE5,0.062
A0A135VTB3,0.062
A0A842TCU9,0.062
A0A7K4IAV9,0.062
A0A1Q9N0W3,0.062
A0A532TM05,0.062
A0A842Y924,0.062
A0A842VQT1,0.062
A0A497QT40,0.062
A0A524ETH7,0.062
A0A135VV19,0.062
A0A7K4GQS2,0.062
A0A524CPN4,0.062
A0A850M5E3,0.062
A0A524F245,0.062
A0A842RIQ3,0.062
A0A523TKZ4,0.062
A0A135VJE9,0.062
A0A524DA73,0.062
A0A497QS56,0.062
A0A524D744,0.062
A0A1Q9P1K1,0.062
A0A843C0E9,0.062
A0A1Q9N4I7,0.062
A0A524LPL6,0.062
A0A842TJ84,0.062
A0A524DGT2,0.062
A0A1Q9MSR8,0.062
A0A842QHF9,0.062
A0A842RKP4,0.062
A0A7K4GNL5,0.062
A0A7K4H8U0,0.062
A0A7K4D0B3,0.062
A0A524NXX2,0.062
A0A7K4CSN8,0.062
A0A524LZQ4,0.062
A0A842YB03,0.062
A0A850LVW8,0.062
A0A3L6JCB8,0.062
A0A850M9C8,0.062
A0A524ESR1,0.062
A0A524LGT7,0.062
A0A523W3Q7,0.062
A0A1Q9N3R9,0.062
A0A5C9EC01,0.062
A0A7K4H0F3,0.062
A0A7K4H7V6,0.062
A0A842VN43,0.062
A0A5C9E3U4,0.062
A0A2E9CEC6,0.062
A0A532TUD4,0.062
A0A2U3CFY4,0.062
A0A135VXU2,0.062
A0A524F6Z8,0.062
A0A532TIU6,0.062
A0A850LUS1,0.062
A0A842T3R5,0.062
A0A497QD42,0.062
A0A497Q8M4,0.062
A0A5C9E2B2,0.062
A0A1Q9NZC9,0.062
A0A0F8VI01,0.062
A0A135W0A7,0.062
A0A5C9END7,0.062
A0A5B9D964,0.062
A0A7K4IEV0,0.062
A0A842W022,0.062
A0A524DNC6,0.062
A0A842TS99,0.062
A0A7K4IEI7,0.062
A0A7K4CM88,0.062
A0A7K4CUG1,0.062
A0A842RI81,0.062
A0A842SAM8,0.062
A0A1Q9N366,0.062
A0A1Q9PFG3,0.062
A0A532TFJ8,0.062
A0A3L6JK73,0.062
A0A532TJ48,0.062
A0A1Q9MW62,0.062
A0A523X6B4,0.062
A0A842RA61,0.062
A0A842S0K0,0.062
A0A842WN66,0.062
A0A524DKG8,0.062
A0A7K4IBZ2,0.062
A0A497R060,0.062
A0A497RCB3,0.062
A0A850LX95,0.062
A0A1Q9PAB3,0.062
A0A7K4H8Z0,0.062
A0A1Q9NX71,0.062
A0A1Q9NIV8,0.062
A0A5C9ELG6,0.062
A0A842VQC9,0.062
A0A842U470,0.062
A0A0F8V7V0,0.062
A0A524F196,0.062
A0A1Q9MWJ6,0.062
A0A497QQY5,0.062
A0A523TDQ1,0.062
A0A524DSX4,0.062
A0A497QJK5,0.062
A0A135VVL3,0.062
A0A842YFH2,0.062
A0A7K4ID79,0.062
A0A497Q2K6,0.062
A0A524C7T7,0.062
A0A497QN46,0.062
A0A532T7V7,0.062
A0A5C9E2Y8,0.062
A0A842RED7,0.062
A0A849QCG5,0.062
A0A842TM79,0.062
A0A497Q8E9,0.062
A0A842TBM3,0.062
A0A524D8J9,0.062
A0A842QCL3,0.062
A0A5B9D9E7,0.062
A0A497Q1J3,0.062
A0A524FDE0,0.062
A0A850MFG9,0.062
A0A5B9DBJ1,0.062
A0A850LXD5,0.062
A0A523RA16,0.062
A0A842TCE8,0.062
A0A850MI99,0.062
A0A843BPH2,0.062
A0A532TKJ6,0.062
A0A842RVP2,0.062
A0A3L6JRQ0,0.062
A0A1Q9MU05,0.062
A0A1Q9NGM2,0.062
A0A842VU85,0.062
A0A5C9EEJ5,0.062
A0A135VSC3,0.062
A0A524G1V3,0.062
A0A842TJK5,0.062
A0A497PRH3,0.062
A0A842VFB0,0.062
A0A497P8V5,0.062
A0A1Q9PDA1,0.062
A0A524CKW7,0.062
A0A7K4IF49,0.062
A0A842U3U2,0.062
A0A497R3D6,0.062
A0A5C9ENS9,0.062
A0A3L6JQE0,0.062
A0A135VEM5,0.062
A0A850LWL6,0.062
A0A524D6L7,0.062
A0A523XL48,0.062
A0A523S1V1,0.062
A0A524DXQ3,0.062
A0A497QRZ9,0.062
A0A532TXF7,0.062
A0A5C9E300,0.062
A0A3L6JH07,0.062
A0A524EQJ3,0.062
A0A842YH50,0.062
A0A524CHM9,0.062
A0A7C0YBS7,0.062
A0A497QRE4,0.062
A0A523TNR9,0.062
A0A524DLD3,0.062
A0A524FK56,0.062
A0A524EGL7,0.062
A0A524CC32,0.062
A0A524EL02,0.062
A0A7K4H7D1,0.062
A0A7K4CRD2,0.062
A0A7K4GKT6,0.062
A0A497QIT8,0.062
A0A1Q9NW46,0.062
A0A842TKK6,0.062
A0A842S638,0.062
A0A850MW19,0.062
A0A842TIG3,0.062
A0A524DTQ8,0.062
A0A7K4CTV6,0.062
A0A532TKA5,0.062
A0A135VJJ9,0.062
A0A842VWN2,0.062
A0A842VKW3,0.062
A0A1Q9PDS4,0.062
A0A842TA12,0.062
A0A532TSF6,0.062
A0A5C9ECJ5,0.062
A0A7K4HJI3,0.062
A0A7K4CRH9,0.062
A0A7K4HKB6,0.062
A0A842Y9Q5,0.062
A0A135VAX2,0.062
A0A1Q9NDH0,0.062
A0A524D090,0.062
A0A1Q9N2D9,0.062
A0A523RBS9,0.062
A0A842VQ81,0.062
A0A850LZX0,0.062
A0A5B9DDT4,0.062
A0A497R920,0.062
A0A842VT40,0.062
A0A135VZP2,0.062
A0A1Q9NBY4,0.062
A0A524DGP8,0.062
A0A1Q9MXL6,0.062
A0A2U3CDQ7,0.062
A0A524F071,0.062
A0A842T7E6,0.062
A0A497R348,0.062
A0A5B9DG07,0.062
A0A3L6JRV3,0.062
A0A524C6G0,0.062
A0A5C9E3E6,0.062
A0A1Q9P799,0.062
A0A1Q9NXN6,0.062
A0A842VDP0,0.062
A0A842VSS2,0.062
A0A1Q9NEH2,0.062
A0A524M112,0.062
A0A524F117,0.062
A0A842RNP1,0.062
A0A0F8W517,0.062
A0A842VTX0,0.062
A0A497PHQ8,0.062
A0A3L6JFD7,0.062
A0A497RBD3,0.062
A0A524CUM3,0.062
A0A532TI16,0.062
A0A5C9EUV7,0.062
A0A849QGJ4,0.062
A0A2U3CDM0,0.062
A0A7K4CUA2,0.062
A0A497PWL7,0.062
A0A524D1X6,0.062
A0A842RAL0,0.062
A0A3L6JN85,0.062
A0A5C9ESB1,0.062
A0A1Q9NN90,0.062
A0A7K4HA06,0.062
A0A1Q9NJ64,0.062
A0A3L6JJ63,0.062
A0A5C9EZE8,0.062
A0A0F8XRH2,0.062
A0A524CN98,0.062
A0A3L6J9M8,0.062
A0A1Q9NKH0,0.062
A0A3L6JHV0,0.062
A0A842W0G2,0.062
A0A497QJ86,0.062
A0A524EHN2,0.062
A0A523S1D3,0.062
A0A523S9D7,0.062
A0A524E439,0.062
A0A842TDD5,0.062
A0A842TS74,0.062
A0A523W013,0.062
A0A497R252,0.062
A0A5C9EF49,0.062
A0A842VCM5,0.062
A0A523RZ26,0.061
A0A524CNN1,0.061
A0A524F4K0,0.061
A0A1Q9N3U6,0.061
A0A842VU87,0.061
A0A5C9F469,0.061
A0A497R3I9,0.061
A0A5C9EJA2,0.061
A0A5B9D7Y2,0.061
A0A524GB33,0.061
A0A135VG91,0.061
A0A524E5S2,0.061
A0A1Q9MSU8,0.061
A0A5C9EIN3,0.061
A0A524FU40,0.061
A0A497R3J7,0.061
A0A1Q9NVK9,0.061
A0A497QYR4,0.061
A0A2U3CE06,0.061
A0A850LRH3,0.061
A0A842S8Y5,0.061
A0A524F844,0.061
A0A1Q9NEN1,0.061
A0A497PP13,0.061
A0A5C9EWZ1,0.061
A0A7K4HHU0,0.061
A0A524M6G1,0.061
A0A842WWC4,0.061
A0A523XLX6,0.061
A0A532T1M7,0.061
A0A850M843,0.061
A0A1Q9N242,0.061
A0A842RLM8,0.061
A0A850MLZ6,0.061
A0A850MQB2,0.061
A0A1Q9NZ63,0.061
A0A3L6J6E8,0.061
A0A0F8VWZ7,0.061
A0A0F8YEP6,0.061
A0A524CBE2,0.061
A0A524P4A3,0.061
A0A524G020,0.061
A0A5C9ECU6,0.061
A0A1Q9P0Q7,0.061
A0A1Q9N3D8,0.061
A0A524GAA7,0.061
A0A524F2B4,0.061
A0A524C7S4,0.061
A0A523S575,0.061
A0A524DQ24,0.061
A0A523RTY9,0.061
A0A850MST5,0.061
A0A7K4GK43,0.061
A0A497PM21,0.061
A0A524FLA6,0.061
A0A1Q9N208,0.061
A0A524DBT3,0.061
A0A7K4CYQ7,0.061
A0A3L6JJK6,0.061
A0A7K4CYI1,0.061
A0A524FAH4,0.061
A0A850M1E4,0.061
A0A524DPT9,0.061
A0A135VZ72,0.061
A0A5B9D9T2,0.061
A0A1Q9MX48,0.061
A0A524FZG1,0.061
A0A523RHL6,0.061
A0A7K4GMP3,0.061
A0A524G0Q3,0.061
A0A842QHM1,0.061
A0A524DHC3,0.061
A0A524LHY9,0.061
A0A523RP01,0.061
A0A524DQY8,0.061
A0A5C9EE63,0.061
A0A7K4HHV7,0.061
A0A5C9DZB5,0.061
A0A7K4H2P2,0.061
A0A843C286,0.061
A0A1Q9MRK3,0.061
A0A0F8YEC2,0.061
A0A524FNB6,0.061
A0A850M6U4,0.061
A0A842RLA3,0.061
A0A497Q7H8,0.061
A0A842WV93,0.061
A0A7K4GZC9,0.061
A0A532T9T6,0.061
A0A524G9N3,0.061
A0A524C1S6,0.061
A0A842S8H7,0.061
A0A850LSJ8,0.061
A0A523RR98,0.061
A0A524EZQ7,0.061
A0A1Q9NJU5,0.061
A0A5C9EEU5,0.061
A0A0F8VAQ6,0.061
A0A523REL2,0.061
A0A524E4B8,0.061
A0A497PN75,0.061
A0A5C9EHP9,0.061
A0A497Q7U5,0.061
A0A524E6H9,0.061
A0A5C9EW79,0.061
A0A842YDZ0,0.061
A0A524F3X3,0.061
A0A842X0R2,0.061
A0A3L6JCH8,0.061
A0A524CAZ4,0.061
A0A524D9G9,0.061
A0A850LUA8,0.061
A0A1Q9PD51,0.061
A0A7K4GL31,0.061
A0A524CK76,0.061
A0A497QTU7,0.061
A0A523RDQ3,0.061
A0A524CMA5,0.061
A0A850LYP7,0.061
A0A842QGP5,0.061
A0A532T6G2,0.061
A0A842YG55,0.061
A0A842RZJ0,0.061
A0A497Q7T1,0.061
A0A842QF60,0.061
A0A7K4HKS8,0.061
A0A524L9Y3,0.061
A0A524DKZ5,0.061
A0A532TD31,0.061
A0A1Q9NL25,0.061
A0A842U7Y5,0.061
A0A5C9EV12,0.061
A0A842YFG1,0.061
A0A3L6JFR6,0.061
A0A1Q9NX15,0.061
A0A532T9K4,0.061
A0A7K4CQI5,0.061
A0A5C9E8I7,0.061
A0A524F1P4,0.061
A0A842RJ71,0.061
A0A497PPX5,0.061
A0A7C0U8A9,0.061
A0A842U8Y2,0.061
A0A524DCN9,0.061
A0A524F0C7,0.061
A0A843BXS4,0.061
A0A497R6K7,0.061
A0A497PR73,0.061
A0A850LS02,0.061
A0A842RIH7,0.061
A0A524P5Q4,0.061
A0A842WXK5,0.061
A0A524C545,0.061
A0A524LCR8,0.061
A0A1Q9PEP8,0.061
A0A524EUA8,0.061
A0A843BV79,0.061
A0A135VWJ8,0.061
A0A524EPF2,0.061
A0A524EQX9,0.061
A0A524DK83,0.061
A0A0F8VN86,0.061
A0A1Q9NDL5,0.061
A0A1Q9NCT0,0.061
A0A3L6J6K8,0.061
A0A850MUH1,0.061
A0A524DB73,0.061
A0A7K4GM03,0.061
A0A1Q9NWF1,0.061
A0A5C9ET27,0.061
A0A497QV49,0.061
A0A850M2K3,0.061
A0A842VF91,0.061
A0A5B9D8Q2,0.061
A0A5C9EB64,0.061
A0A497QAK3,0.061
A0A842RWX5,0.061
A0A135VQZ3,0.061
A0A524CU14,0.061
A0A2E9CDC9,0.061
A0A842T4K0,0.061
A0A524CRY4,0.061
A0A497QWQ0,0.061
A0A524DXS5,0.061
A0A523XL09,0.061
A0A524F224,0.061
A0A524D939,0.061
A0A497PVR0,0.061
A0A842RZX4,0.061
A0A523RA85,0.061
A0A842T123,0.061
A0A524E7P8,0.061
A0A523RMY6,0.061
A0A0F8XWQ8,0.061
A0A524G7M2,0.061
A0A524D710,0.061
A0A1Q9NR85,0.061
A0A532TBT9,0.061
A0A524FNY5,0.061
A0A1Q9NR73,0.061
A0A524DR10,0.061
A0A524ER04,0.061
A0A532T6L5,0.061
A0A3L6JKE5,0.061
A0A524EA77,0.061
A0A842S346,0.061
A0A5C9E5G9,0.061
A0A1Q9MV52,0.061
A0A1Q9P3X0,0.061
A0A850M7A6,0.061
A0A524CZX8,0.061
A0A7K4HKB9,0.061
A0A497P9V5,0.061
A0A532T639,0.061
A0A5C9DXJ6,0.061
A0A523S630,0.061
A0A842VY32,0.061
A0A1Q9NZF0,0.061
A0A1Q9MVS6,0.061
A0A524CNC5,0.061
A0A532TA22,0.061
A0A524E7T7,0.061
A0A524DIE4,0.061
A0A524DS39,0.061
A0A524EZU0,0.061
A0A1Q9NS21,0.061
A0A1Q9MUJ7,0.061
A0A849QI07,0.061
A0A524CC31,0.061
A0A842R7W6,0.061
A0A497R2U0,0.061
A0A842THW9,0.061
A0A1Q9NH56,0.061
A0A524G929,0.061
A0A523RDH1,0.061
A0A842RSS9,0.061
A0A849QGQ9,0.061
A0A524DU37,0.061
A0A850MQB9,0.061
A0A135VEK8,0.061
A0A850MQ87,0.061
A0A1Q9NE58,0.061
A0A842X351,0.061
A0A523XB37,0.061
A0A524CQG1,0.061
A0A497R5B6,0.061
A0A524CD69,0.061
A0A5B9D8T5,0.061
A0A842WX30,0.061
A0A5C9EZC7,0.061
A0A497PZL6,0.061
A0A5B9DDQ6,0.061
A0A842V9Q7,0.061
A0A842U7I5,0.061
A0A850MGT6,0.061
A0A524G0A5,0.061
A0A524DUV4,0.061
A0A524CSH8,0.061
A0A1Q9NEB5,0.061
A0A842W6H4,0.061
A0A524D6E9,0.061
A0A7K4CVK7,0.061
A0A850LXA3,0.061
A0A524ER41,0.061
A0A3L6J8L5,0.061
A0A524FQ10,0.061
A0A524CJZ5,0.061
A0A2U3CBQ6,0.061
A0A850MBI0,0.061
A0A850LQK7,0.06
A0A0F8VF93,0.06
A0A524M0A6,0.06
A0A842YDP9,0.06
A0A523S250,0.06
A0A497QQ71,0.06
A0A3L6JGG9,0.06
A0A0F8VQ43,0.06
A0A842RP15,0.06
A0A850MIR7,0.06
A0A524CIC6,0.06
A0A524DUJ0,0.06
A0A842U6V5,0.06
A0A524DGR2,0.06
A0A842VER2,0.06
A0A842QH33,0.06
A0A842QHW6,0.06
A0A850MF16,0.06
A0A7K4ID52,0.06
A0A842T9A7,0.06
A0A3L6JJP1,0.06
A0A523VSD1,0.06
A0A3L6JFE8,0.06
A0A524P2M0,0.06
A0A497R3K6,0.06
A0A842W081,0.06
A0A849QF31,0.06
A0A524P3M9,0.06
A0A532TIP5,0.06
A0A7K4GV92,0.06
A0A524FY11,0.06
A0A2U3CFC8,0.06
A0A497PXZ3,0.06
A0A850LVH4,0.06
A0A842TAD9,0.06
A0A3L6JG51,0.06
A0A523XLY5,0.06
A0A5C9EPN8,0.06
A0A524CNX0,0.06
A0A1Q9NE54,0.06
A0A497PDU5,0.06
A0A524CJC0,0.06
A0A7K4CNF4,0.06
A0A524F1G1,0.06
A0A842VS75,0.06
A0A850LS51,0.06
A0A532T1X7,0.06
A0A524DHM9,0.06
A0A497QNB7,0.06
A0A850M3N1,0.06
A0A3L6JMJ3,0.06
A0A532T712,0.06
A0A524EZ35,0.06
A0A7K4GQD1,0.06
A0A497PXH6,0.06
A0A0F8XII9,0.06
A0A5B9DEC3,0.06
A0A524CBT6,0.06
A0A497QTC1,0.06
A0A524FKY1,0.06
A0A1Q9NZ22,0.06
A0A7K4HHT5,0.06
A0A5C9DSX8,0.06
A0A850MQ02,0.06
A0A849QFV5,0.06
A0A1Q9NUV4,0.06
A0A135VUZ4,0.06
A0A0F8XH01,0.06
A0A524FEE6,0.06
A0A850M400,0.06
A0A497QRF8,0.06
A0A524E4T5,0.06
A0A523S0N5,0.06
A0A497Q823,0.06
A0A1Q9N0Z9,0.06
A0A1Q9PEF4,0.06
A0A524E0Z9,0.06
A0A842VG07,0.06
A0A135VT68,0.06
A0A842U2U5,0.06
A0A842WYB8,0.06
A0A497PVD3,0.06
A0A1Q9MVT3,0.06
A0A2U3CEB5,0.06
A0A842THR9,0.06
A0A523R9X7,0.06
A0A524CUE8,0.06
A0A842U4Z2,0.06
A0A524C223,0.06
A0A1Q9N349,0.06
A0A1Q9MUD0,0.06
A0A497PZD3,0.06
A0A842VY70,0.06
A0A497Q1E5,0.06
A0A532TD50,0.06
A0A523XDU8,0.06
A0A135VIM6,0.06
A0A850LTF5,0.06
A0A524LM15,0.06
A0A5B9DGF4,0.06
A0A7K4I9U0,0.06
A0A842RH44,0.06
A0A497QZ81,0.06
A0A1Q9NAI3,0.06
A0A3L6JNN6,0.06
A0A850LPF1,0.06
A0A7K4CTV0,0.06
A0A524P679,0.06
A0A524EG62,0.06
A0A5C9EAE3,0.06
A0A842SYR0,0.06
A0A524F0A8,0.06
A0A524F226,0.06
A0A7K4CVQ1,0.06
A0A7K4CP99,0.06
A0A842WQ75,0.06
A0A135VZ04,0.06
A0A850M0C9,0.06
A0A524D160,0.06
A0A497QPZ0,0.06
A0A842T5F2,0.06
A0A850M579,0.06
A0A497Q8G1,0.06
A0A0F8XSA6,0.06
A0A7K4D018,0.06
A0A850MIF0,0.06
A0A3L6JQY1,0.06
A0A497QAT2,0.06
A0A850LTH1,0.06
A0A842VV95,0.06
A0A7K4GV42,0.06
A0A1Q9P376,0.06
A0A850MS03,0.06
A0A1Q9MS79,0.06
A0A842RMA8,0.06
A0A849QE67,0.06
A0A523RNM7,0.06
A0A1Q9NX94,0.06
A0A532TD33,0.06
A0A524FR50,0.06
A0A1Q9PFY3,0.06
A0A5B9DEF2,0.06
A0A842U4S9,0.06
A0A497R406,0.06
A0A135VYY4,0.06
A0A1Q9MY01,0.06
A0A135VRL7,0.06
A0A524DQT2,0.06
A0A7K4CPQ2,0.06
A0A497QLM1,0.06
A0A523VY70,0.06
A0A1Q9NN13,0.06
A0A842VS76,0.06
A0A0F8V6Z2,0.06
A0A524DB87,0.06
A0A1Q9NPS5,0.06
A0A7K4HBL0,0.06
A0A1Q9N290,0.06
A0A842VVM8,0.06
A0A524DC06,0.06
A0A842RAX7,0.06
A0A1Q9MYV1,0.06
A0A523S2I5,0.06
A0A524EUX3,0.06
A0A5C9EMD7,0.06
A0A524LLR3,0.06
A0A7K4CT29,0.06
A0A842W565,0.06
A0A532TXW6,0.06
A0A0F8XEX6,0.06
A0A842UA45,0.06
A0A524FYJ4,0.06
A0A524EVZ1,0.06
A0A524F542,0.06
A0A524P2X3,0.06
A0A524F883,0.06
A0A7K4CV52,0.06
A0A523TIS1,0.06
A0A523XRC1,0.06
A0A524NRN7,0.06
A0A3L6J955,0.06
A0A497PAY0,0.06
A0A7K4CX29,0.06
A0A497QXY0,0.06
A0A532TT01,0.06
A0A7C0Y952,0.06
A0A2U3CKM6,0.06
A0A523RZN8,0.06
A0A5B9D7X0,0.06
A0A842VSV1,0.06
A0A850MFS1,0.06
A0A1Q9NLU3,0.06
A0A850LWI1,0.06
A0A1Q9NAC8,0.06
A0A7K4IBZ7,0.06
A0A497QZJ2,0.06
A0A524DVY8,0.06
A0A1Q9NP51,0.06
A0A523RQC2,0.06
A0A524F647,0.06
A0A523W3H7,0.06
A0A532TR17,0.06
A0A5C9EA25,0.06
A0A850MNF9,0.06
A0A5C9DSZ7,0.06
A0A850M5Z4,0.06
A0A842W149,0.06
A0A1Q9NRW6,0.06
A0A5C9EPD3,0.06
A0A1Q9NLR0,0.06
A0A842RQF9,0.06
A0A524DZQ0,0.06
A0A1Q9NGY2,0.06
A0A1Q9NV84,0.06
A0A523W407,0.06
A0A524M0I2,0.06
A0A524LSN1,0.06
A0A497QUJ3,0.06
A0A524DS72,0.06
A0A842RHJ4,0.06
A0A524CF65,0.06
A0A497R905,0.06
A0A7K4H4W2,0.06
A0A0F8V7Z5,0.06
A0A497Q326,0.06
A0A135VJD0,0.06
A0A7K4CPT1,0.06
A0A524F8J7,0.06
A0A850MMH1,0.06
A0A532TBY2,0.06
A0A850LWC3,0.06
A0A5B9DA15,0.06
A0A523VUQ0,0.06
A0A842T7X5,0.06
A0A842RXC4,0.06
A0A524M593,0.06
A0A7K4HHU9,0.06
A0A523RT93,0.06
A0A1Q9P9Q4,0.06
A0A497Q9B9,0.06
A0A524FQ33,0.06
A0A532T9B1,0.06
A0A1Q9MVC8,0.06
A0A7K4CMV8,0.06
A0A524D7G4,0.06
A0A850LVT5,0.06
A0A524G155,0.06
A0A524DIM3,0.06
A0A524G7L4,0.06
A0A2U3CFT0,0.06
A0A0F8XWM1,0.06
A0A524EGD1,0.06
A0A850LXP2,0.06
A0A5C9EME6,0.06
A0A0F8VF64,0.06
A0A524DZC5,0.06
A0A7K4CX54,0.06
A0A497QTZ3,0.06
A0A497PZF7,0.06
A0A532T6H0,0.06
A0A842VBF9,0.06
A0A7K4H7U6,0.06
A0A7K4CZ82,0.06
A0A523RS45,0.06
A0A5C9DYN9,0.06
A0A7K4H4Z3,0.06
A0A0F8W587,0.06
A0A497QGC8,0.06
A0A7K4HI94,0.06
A0A1Q9NPR9,0.06
A0A842R7T5,0.06
A0A135VAK1,0.06
A0A842TEL4,0.06
A0A842REI0,0.06
A0A524CFX9,0.06
A0A1Q9P2A5,0.06
A0A524FGM4,0.06
A0A842TA66,0.06
A0A850MDQ6,0.06
A0A524E2Y7,0.06
A0A0F8WC47,0.06
A0A7K4IE89,0.06
A0A524D5F3,0.06
A0A2U3CH08,0.06
A0A7K4H5A0,0.06
A0A135VN49,0.06
A0A842RG29,0.06
A0A842VLC3,0.06
A0A524FHE0,0.06
A0A524CY34,0.06
A0A2U3CIK8,0.06
A0A524CF82,0.06
A0A497PVT4,0.059
A0A497QKV1,0.059
A0A524FL97,0.059
A0A524LX96,0.059
A0A523RYL3,0.059
A0A7K4HJN1,0.059
A0A842VM86,0.059
A0A1Q9NH20,0.059
A0A850LRD1,0.059
A0A524D6Y9,0.059
A0A842RLH8,0.059
A0A497QAR3,0.059
A0A524ER21,0.059
A0A2U3CJ84,0.059
A0A497R558,0.059
A0A1Q9P3U2,0.059
A0A497QNK7,0.059
A0A0F8WCF6,0.059
A0A1Q9PE54,0.059
A0A135VV64,0.059
A0A135VYP6,0.059
A0A7K4H4Q6,0.059
A0A5C9EMJ3,0.059
A0A5C9E0L1,0.059
A0A497RBU1,0.059
A0A850LRJ6,0.059
A0A497Q930,0.059
A0A1Q9PFT4,0.059
A0A842TFN2,0.059
A0A850MCP3,0.059
A0A842TK97,0.059
A0A524NUH8,0.059
A0A497QTQ1,0.059
A0A523XLT5,0.059
A0A497QMZ1,0.059
A0A524E152,0.059
A0A7K4CN49,0.059
A0A524DZZ4,0.059
A0A524EV81,0.059
A0A532T6D4,0.059
A0A524F3W8,0.059
A0A524CDN1,0.059
A0A1Q9NBG7,0.059
A0A842TMH6,0.059
A0A842VY77,0.059
A0A524E7D8,0.059
A0A497PC79,0.059
A0A842QF48,0.059
A0A524FY15,0.059
A0A842TJA5,0.059
A0A850MQ39,0.059
A0A497Q3J0,0.059
A0A524F1T6,0.059
A0A523S2W2,0.059
A0A842RXN8,0.059
A0A7K4ID64,0.059
A0A850LY10,0.059
A0A842VRD0,0.059
A0A842VCE1,0.059
A0A523TEL5,0.059
A0A7K4CM58,0.059
A0A850LRW3,0.059
A0A532TAU8,0.059
A0A524C7P2,0.059
A0A523SB02,0.059
A0A849QEM0,0.059
A0A842W135,0.059
A0A850LRA6,0.059
A0A842QEZ6,0.059
A0A135VW15,0.059
A0A524DSH8,0.059
A0A5B9DFG4,0.059
A0A524CIX3,0.059
A0A497QR22,0.059
A0A532TKA4,0.059
A0A524EMK4,0.059
A0A7K4H995,0.059
A0A842WWH0,0.059
A0A524FYG4,0.059
A0A842TFP2,0.059
A0A7K4IAY3,0.059
A0A532TQ24,0.059
A0A842WQJ7,0.059
A0A842RD56,0.059
A0A1Q9MVZ0,0.059
A0A524DHU8,0.059
A0A5C9E4E7,0.059
A0A1Q9NJX2,0.059
A0A135VK83,0.059
A0A7K4CYD2,0.059
A0A850LTS7,0.059
A0A524LGQ1,0.059
A0A842V713,0.059
A0A1Q9NMQ4,0.059
A0A7K4D0V6,0.059
A0A842VA87,0.059
A0A3L6JRR8,0.059
A0A1Q9NKY5,0.059
A0A842RRE4,0.059
A0A0F8VF48,0.059
A0A523X8J4,0.059
A0A524DQ51,0.059
A0A135VFD3,0.059
A0A2E9CE77,0.059
A0A524CWH6,0.059
A0A497Q8B3,0.059
A0A7K4IF30,0.059
A0A524M376,0.059
A0A1Q9PFS6,0.059
A0A1Q9NLX6,0.059
A0A532TKI5,0.059
A0A523RQS5,0.059
A0A842VFA4,0.059
A0A1Q9PFZ6,0.059
A0A1Q9MQE0,0.059
A0A2U3CB35,0.059
A0A1Q9MY29,0.059
A0A3L6J8D8,0.059
A0A1Q9P3Y0,0.059
A0A850LVD5,0.059
A0A842QEH5,0.059
A0A0F8Y7P2,0.059
A0A524E0C9,0.059
A0A5B9D6Y8,0.059
A0A0F8W3Y5,0.059
A0A3L6JS74,0.059
A0A850LWR7,0.059
A0A7K4HBC6,0.059
A0A1Q9PA93,0.059
A0A524CJ71,0.059
A0A524G7H3,0.059
A0A524FN65,0.059
A0A524FGB9,0.059
A0A524C1Y1,0.059
A0A2U3CB97,0.059
A0A842S0L2,0.059
A0A2E9CE72,0.059
A0A842TLA8,0.059
A0A524EAA7,0.059
A0A0F8XG78,0.059
A0A2U3CEY0,0.059
A0A524E1Z7,0.059
A0A524EKA2,0.059
A0A850M3X9,0.059
A0A524CM30,0.059
A0A842VFC5,0.059
A0A842QGT1,0.059
A0A1Q9PDV8,0.059
A0A532TLY5,0.059
A0A524E9L6,0.059
A0A842RC36,0.059
A0A1Q9NGC5,0.059
A0A497PKS3,0.059
A0A5C9E4U5,0.059
A0A842VRQ1,0.059
A0A850LWS0,0.059
A0A1Q9NZ60,0.059
A0A7K4CRL6,0.059
A0A7K4HFV7,0.059
A0A842RF30,0.059
A0A524CDW2,0.059
A0A2U3CB28,0.059
A0A842TEV7,0.059
A0A5C9EWL8,0.059
A0A524LCY8,0.059
A0A524F540,0.059
A0A0F8W7E6,0.059
A0A523S8Q4,0.059
A0A524CF71,0.059
A0A524D7S9,0.059
A0A524NYS7,0.059
A0A842WVN0,0.059
A0A7K4H7Y5,0.059
A0A842QD91,0.059
A0A524DZ87,0.059
A0A524EF31,0.059
A0A497Q067,0.059
A0A497QFC8,0.059
A0A497Q7U9,0.059
A0A7K4ICQ3,0.059
A0A497Q1X2,0.059
A0A497PA44,0.059
A0A524CKX0,0.059
A0A842RDW8,0.059
A0A850MF08,0.059
A0A524M3L7,0.059
A0A842QBY7,0.059
A0A524CLT5,0.059
A0A524DG86,0.059
A0A5C9EL65,0.059
A0A850MRV2,0.059
A0A524CAY5,0.059
A0A7K4CVK2,0.059
A0A842RU22,0.059
A0A497QQB7,0.059
A0A842SZ21,0.059
A0A843BSS9,0.059
A0A842RZ71,0.059
A0A842W4M6,0.059
A0A1Q9NB77,0.059
A0A5B9D7B4,0.059
A0A1Q9MT01,0.059
A0A842VWE4,0.059
A0A532T666,0.059
A0A135VQZ9,0.059
A0A523X6B7,0.059
A0A850M3V4,0.059
A0A532TFA9,0.059
A0A7K4HEW1,0.059
A0A842S3G3,0.059
A0A842RLJ4,0.059
A0A523RT70,0.059
A0A7K4H2T7,0.059
A0A842WV37,0.059
A0A3L6JP80,0.059
A0A1Q9NSZ0,0.059
A0A135VN75,0.059
A0A524E8U6,0.059
A0A3L6JG35,0.059
A0A497R3D9,0.059
A0A524GB03,0.059
A0A524LL55,0.059
A0A524FZU5,0.059
A0A524GAB2,0.059
A0A524EI93,0.059
A0A842RG20,0.059
A0A3L6J8U2,0.059
A0A5B9DBP8,0.059
A0A0F8XLG2,0.059
A0A1Q9MWY6,0.059
A0A1Q9MU89,0.059
A0A524EGB1,0.059
A0A524FJC8,0.059
A0A842VVR8,0.059
A0A524F945,0.059
A0A532T864,0.059
A0A523TAI4,0.059
A0A7K4CWN9,0.059
A0A497PNJ0,0.059
A0A497PRX4,0.059
A0A842WQG3,0.059
A0A497PWD5,0.059
A0A842T5Q0,0.059
A0A842VDI7,0.059
A0A842VSN5,0.059
A0A5C9DVJ8,0.059
A0A842QBV7,0.059
A0A842VUU1,0.059
A0A0F8WE53,0.059
A0A524CKP4,0.059
A0A5C9DWU4,0.059
A0A842QEK6,0.059
A0A0F8XEQ4,0.059
A0A842TRG2,0.059
A0A842RSL6,0.059
A0A842RNQ8,0.059
A0A523S4E9,0.059
A0A842VYQ7,0.059
A0A1Q9NTI0,0.059
A0A7K4GYB8,0.059
A0A842WVD1,0.059
A0A842WZ28,0.059
A0A842RFP9,0.059
A0A524CH41,0.059
A0A7K4GZH8,0.059
A0A7K4D1V3,0.059
A0A842VUT7,0.059
A0A497QIH6,0.058
A0A850M8G5,0.058
A0A842TJ61,0.058
A0A497QZG4,0.058
A0A850MLC2,0.058
A0A5C9ERS0,0.058
A0A524CGT0,0.058
A0A7K4CXI3,0.058
A0A524FWA0,0.058
A0A524M8I0,0.058
A0A1Q9P9Z8,0.058
A0A523RW92,0.058
A0A524P365,0.058
A0A7C0U921,0.058
A0A842RNM1,0.058
A0A842WPW8,0.058
A0A524D9C9,0.058
A0A524FQ79,0.058
A0A850MT95,0.058
A0A0F8VXA5,0.058
A0A524C1T8,0.058
A0A0F8XWX8,0.058
A0A135VYQ6,0.058
A0A7K4GZJ4,0.058
A0A135VG47,0.058
A0A524C6K0,0.058
A0A2E9CFC7,0.058
A0A842RLD1,0.058
A0A5B9D5I8,0.058
A0A3L6JCI1,0.058
A0A1Q9MYA4,0.058
A0A524EYS9,0.058
A0A523TKF7,0.058
A0A850MDT8,0.058
A0A1Q9N0U5,0.058
A0A524DXL5,0.058
A0A5C9E0K0,0.058
A0A524P832,0.058
A0A842RFE7,0.058
A0A0F8XE52,0.058
A0A842QHM4,0.058
A0A497P9T3,0.058
A0A7K4CS07,0.058
A0A850LZH8,0.058
A0A842TL26,0.058
A0A532TYL1,0.058
A0A1Q9NMK2,0.058
A0A1Q9N049,0.058
A0A5B9D941,0.058
A0A524EY60,0.058
A0A850LZH1,0.058
A0A850LYF2,0.058
A0A842RFV6,0.058
A0A524FFM1,0.058
A0A497QQX6,0.058
A0A842RFV8,0.058
A0A842VZE0,0.058
A0A5C9E5E0,0.058
A0A532T8Z6,0.058
A0A850M2F8,0.058
A0A842QJJ4,0.058
A0A5C9DVT4,0.058
A0A7K4CZ72,0.058
A0A497PAG9,0.058
A0A5C9E743,0.058
A0A1Q9P613,0.058
A0A524CZ43,0.058
A0A7K4GZV8,0.058
A0A1Q9NVL5,0.058
A0A2U3CI33,0.058
A0A842QJ73,0.058
A0A523S2T0,0.058
A0A842RUC4,0.058
A0A5C9EGK8,0.058
A0A1Q9MR42,0.058
A0A497QP33,0.058
A0A3L6JDJ5,0.058
A0A524DYV6,0.058
A0A523RE13,0.058
A0A843BV60,0.058
A0A842TNJ6,0.058
A0A524DDW5,0.058
A0A524C395,0.058
A0A1Q9P703,0.058
A0A532TA81,0.058
A0A524LWP7,0.058
A0A524F0M0,0.058
A0A5C9EQT0,0.058
A0A524F2N2,0.058
A0A524DDT3,0.058
A0A850M8X3,0.058
A0A0F8VFH6,0.058
A0A842QB76,0.058
A0A843C4Y5,0.058
A0A524DDG6,0.058
A0A5C9EEI3,0.058
A0A7K4CS14,0.058
A0A497PED4,0.058
A0A842RVD9,0.058
A0A850MN43,0.058
A0A524EUF6,0.058
A0A1Q9NBI6,0.058
A0A524CKY4,0.058
A0A5C9EAW3,0.058
A0A135VEI1,0.058
A0A842VY51,0.058
A0A842SVC8,0.058
A0A5C9E9T8,0.058
A0A3L6JAR5,0.058
A0A524P559,0.058
A0A850LUJ7,0.058
A0A523RCL4,0.058
A0A524LXG0,0.058
A0A850M2L0,0.058
A0A5B9DC77,0.058
A0A524EGF7,0.058
A0A524LK28,0.058
A0A5C9DZK7,0.058
A0A842UD72,0.058
A0A5C9EKG1,0.058
A0A497QE85,0.058
A0A7K4GSR2,0.058
A0A524MBH8,0.058
A0A497QWE9,0.058
A0A7K4IBY8,0.058
A0A1Q9NYN0,0.058
A0A7K4CYI4,0.058
A0A3L6JBT4,0.058
A0A850MYT1,0.058
A0A842QHL4,0.058
A0A497Q5J9,0.058
A0A3L6JMU9,0.058
A0A524DKV8,0.058
A0A5C9EMQ0,0.058
A0A497QPC0,0.058
A0A2U3CJ14,0.058
A0A7K4GZY4,0.058
A0A1Q9ND05,0.058
A0A7K4CQ33,0.058
A0A3L6JG48,0.058
A0A524C202,0.058
A0A524FWH2,0.058
A0A497QFM9,0.058
A0A5C9EF35,0.058
A0A1Q9P1J5,0.058
A0A842UB52,0.058
A0A842TKT5,0.058
A0A842VY48,0.058
A0A1Q9NVD7,0.058
A0A842QBM3,0.058
A0A850MFF6,0.058
A0A497PFC9,0.058
A0A524NYZ8,0.058
A0A524CFZ5,0.058
A0A524ETA1,0.058
A0A497QDU3,0.058
A0A532TF00,0.058
A0A524E879,0.058
A0A523VNV7,0.058
A0A850M4N8,0.058
A0A5B9DBS4,0.058
A0A524F078,0.058
A0A850M0L0,0.058
A0A3L6JHK6,0.058
A0A524G719,0.058
A0A1Q9P098,0.058
A0A1Q9N3W3,0.058
A0A1Q9PEX0,0.058
A0A7K4CTP5,0.058
A0A524ELG0,0.058
A0A842VDM5,0.058
A0A1Q9NSU3,0.058
A0A850M230,0.058
A0A850MUK6,0.058
A0A523TH90,0.058
A0A1Q9NCS8,0.058
A0A842T3V2,0.058
A0A842VPB7,0.058
A0A497PMA6,0.058
A0A1Q9NAR4,0.058
A0A2U3CJJ6,0.058
A0A5C9ERD9,0.058
A0A843C512,0.058
A0A1Q9N203,0.058
A0A842TDM6,0.058
A0A5B9D5P6,0.058
A0A842TI29,0.058
A0A1Q9NF07,0.058
A0A1Q9N1E2,0.058
A0A524E964,0.058
A0A3L6JCK9,0.058
A0A532TEE2,0.058
A0A497Q1S2,0.058
A0A135VX47,0.058
A0A843C4R0,0.058
A0A523S2M2,0.058
A0A5C9EYR1,0.058
A0A3L6JM34,0.058
A0A1Q9PCB7,0.058
A0A1Q9MUN5,0.058
A0A842RHA9,0.058
A0A497Q3N8,0.058
A0A850MJE3,0.058
A0A850M0J6,0.058
A0A532TG25,0.058
A0A1Q9PFY8,0.058
A0A497QHP8,0.058
A0A5B9D5J0,0.058
A0A842R7J7,0.058
A0A842QCR9,0.058
A0A842YC90,0.058
A0A7K4CQ13,0.058
A0A1Q9NYI9,0.058
A0A7K4CR72,0.058
A0A842X114,0.058
A0A497QLZ6,0.058
A0A524FLF4,0.058
A0A532TP67,0.058
A0A497QUD4,0.058
A0A524EWY4,0.058
A0A1Q9P3J0,0.058
A0A532T9R8,0.058
A0A0F8XW71,0.058
A0A850LQX2,0.058
A0A524ERG7,0.058
A0A842W5A3,0.058
A0A524CKV5,0.058
A0A524FTZ4,0.058
A0A1Q9NJ07,0.058
A0A850LY00,0.058
A0A7K4CSY4,0.058
A0A1Q9MUK2,0.058
A0A135VRB0,0.058
A0A532TLN1,0.058
A0A842VRZ8,0.058
A0A524FUY2,0.058
A0A524EHK2,0.058
A0A850MR80,0.058
A0A3L6JD84,0.058
A0A5C9EY15,0.058
A0A524FBY9,0.058
A0A842W3W8,0.058
A0A497QJ11,0.058
A0A7K4GZD7,0.058
A0A524LC00,0.058
A0A7K4CX75,0.058
A0A2U3CFA4,0.058
A0A7K4IIA1,0.058
A0A524FQY8,0.058
A0A524G3T3,0.058
A0A532TKC9,0.058
A0A524F006,0.058
A0A497RBQ9,0.058
A0A497PF23,0.058
A0A1Q9NVH1,0.058
A0A524L8A2,0.058
A0A842QEF3,0.058
A0A524DYR0,0.058
A0A850M336,0.058
A0A5C9DYF7,0.058
A0A524EFY2,0.058
A0A524EZZ1,0.058
A0A5C9E4C6,0.058
A0A497QGI5,0.058
A0A524CKG2,0.058
A0A5C9EEM3,0.058
A0A523RCC4,0.058
A0A5C9E519,0.058
A0A7K4IA02,0.058
A0A524CCC5,0.058
A0A850LX21,0.058
A0A2U3CH81,0.058
A0A5C9EWD8,0.058
A0A842QGQ9,0.058
A0A850LWK7,0.058
A0A1Q9NCV5,0.058
A0A2U3CI95,0.058
A0A842TC27,0.058
A0A842RDU5,0.058
A0A524CES2,0.058
A0A497R4Z4,0.058
A0A524CWE1,0.058
A0A850LZX5,0.058
A0A5C9EB65,0.058
A0A497QRH8,0.058
A0A3L6JH75,0.058
A0A497QZ84,0.058
A0A3L6JGL3,0.058
A0A0F8VZZ8,0.058
A0A1Q9N122,0.058
A0A135VMH2,0.058
A0A523S8N1,0.058
A0A7K4HET9,0.058
A0A7C0Y7G3,0.058
A0A135VRS0,0.058
A0A842T4Y8,0.058
A0A842VZ95,0.058
A0A2U3CBQ0,0.058
A0A850LZH0,0.058
A0A524F5I9,0.058
A0A5C9DVZ4,0.058
A0A524DU59,0.057
A0A5C9E2N9,0.057
A0A497QP38,0.057
A0A497PV12,0.057
A0A523VRM4,0.057
A0A843C2U9,0.057
A0A532TIS1,0.057
A0A842RUA3,0.057
A0A5C9DTT1,0.057
A0A842QCR5,0.057
A0A842TCS9,0.057
A0A2U3CL04,0.057
A0A1Q9P0Y9,0.057
A0A842RW50,0.057
A0A497QSV0,0.057
A0A5C9EC46,0.057
A0A850M3I7,0.057
A0A842U7Q0,0.057
A0A842RAC7,0.057
A0A524EHT7,0.057
A0A497QS30,0.057
A0A497PHX1,0.057
A0A5C9EUX7,0.057
A0A842VYE4,0.057
A0A7K4CPV7,0.057
A0A524FM52,0.057
A0A524L8Q0,0.057
A0A1Q9P5T8,0.057
A0A1Q9NUC7,0.057
A0A7K4HCX7,0.057
A0A842TQC7,0.057
A0A842R5Z1,0.057
A0A842S4R6,0.057
A0A523RXY8,0.057
A0A135VGP0,0.057
A0A842RL84,0.057
A0A7K4GYR5,0.057
A0A850M8J8,0.057
A0A524C419,0.057
A0A524G1H5,0.057
A0A7K4HAV0,0.057
A0A7K4GSW8,0.057
A0A842VRA3,0.057
A0A524DY88,0.057
A0A497QG55,0.057
A0A850M5U6,0.057
A0A1Q9NTT1,0.057
A0A7K4H7R0,0.057
A0A532TPI8,0.057
A0A7K4IH44,0.057
A0A1Q9NVP9,0.057
A0A524CNM5,0.057
A0A1Q9NM08,0.057
A0A524M2T4,0.057
A0A842VKZ7,0.057
A0A7K4CNE0,0.057
A0A842R9D7,0.057
A0A524DC21,0.057
A0A524LJF6,0.057
A0A524D4A4,0.057
A0A524CYZ2,0.057
A0A524D068,0.057
A0A497QZH2,0.057
A0A5C9DVC8,0.057
A0A524E4B5,0.057
A0A842YCJ3,0.057
A0A524EWR9,0.057
A0A842YAH5,0.057
A0A1Q9NGR8,0.057
A0A497RB05,0.057
A0A1Q9MVY3,0.057
A0A524DAM9,0.057
A0A850MIJ5,0.057
A0A7K4CSJ4,0.057
A0A1Q9NCT4,0.057
A0A532TXC0,0.057
A0A0F8Y3Y0,0.057
A0A7K4GLP2,0.057
A0A135VKQ6,0.057
A0A523VVC7,0.057
A0A524FK47,0.057
A0A2E9CDD0,0.057
A0A524EIE6,0.057
A0A7K4GZY7,0.057
A0A850MIL1,0.057
A0A497QWK8,0.057
A0A524FKF0,0.057
A0A7K4H7D0,0.057
A0A524CRH6,0.057
A0A524MFW1,0.057
A0A0F8XKR0,0.057
A0A7K4CZ01,0.057
A0A7K4H9G8,0.057
A0A0F8V8W0,0.057
A0A524NUD6,0.057
A0A524ETD6,0.057
A0A524P0J6,0.057
A0A1Q9PEE2,0.057
A0A842VSB1,0.057
A0A7K4HL91,0.057
A0A5B9DDQ1,0.057
A0A7K4H2G3,0.057
A0A524EJ20,0.057
A0A842S2F0,0.057
A0A2E9CEW4,0.057
A0A497PQW2,0.057
A0A5C9E0R7,0.057
A0A524F0U9,0.057
A0A524FBC0,0.057
A0A5B9D7S3,0.057
A0A524E782,0.057
A0A5B9DB34,0.057
A0A524CEB8,0.057
A0A842RLF0,0.057
A0A524E7Y6,0.057
A0A135VTE2,0.057
A0A5C9DWA0,0.057
A0A842RA28,0.057
A0A497PD41,0.057
A0A1Q9NY76,0.057
A0A842S2V6,0.057
A0A1Q9N449,0.057
A0A524CQD3,0.057
A0A524EFK8,0.057
A0A497QPG4,0.057
A0A7K4CY17,0.057
A0A850MMM9,0.057
A0A524FJ71,0.057
A0A842VKY9,0.057
A0A135VKN1,0.057
A0A1Q9PFU9,0.057
A0A850M4W5,0.057
A0A7K4CZK8,0.057
A0A7C0U8H7,0.057
A0A524F7I1,0.057
A0A850LRT3,0.057
A0A1Q9NCW5,0.057
A0A850LYV5,0.057
A0A842SXW7,0.057
A0A497QKM0,0.057
A0A5B9DFK0,0.057
A0A497QH89,0.057
A0A842T9U7,0.057
A0A850MPA0,0.057
A0A2E9CDD2,0.057
A0A842TBP5,0.057
A0A524F0B3,0.057
A0A524DE76,0.057
A0A523XGW2,0.057
A0A524FRK2,0.057
A0A524CYA8,0.057
A0A7K4GN76,0.057
A0A849QCZ7,0.057
A0A842WXB7,0.057
A0A523RQT7,0.057
A0A524DDL0,0.057
A0A849Q5F6,0.057
A0A3L6JQS8,0.057
A0A842VEB2,0.057
A0A1Q9NBF8,0.057
A0A3L6JKD8,0.057
A0A7K4H5R6,0.057
A0A850LQ28,0.057
A0A843BZX4,0.057
A0A524E2N7,0.057
A0A7K4GX04,0.057
A0A524E324,0.057
A0A523XJD2,0.057
A0A7K4GTE8,0.057
A0A7K4GQ36,0.057
A0A0F8VXR0,0.057
A0A523RP75,0.057
A0A7K4HDX3,0.057
A0A842VYW9,0.057
A0A497PL88,0.057
A0A850MHD2,0.057
A0A524E742,0.057
A0A523RFD0,0.057
A0A5C9DUT5,0.057
A0A842VCP5,0.057
A0A135VGS4,0.057
A0A523TMB2,0.057
A0A3L6J875,0.057
A0A5C9DYZ6,0.057
A0A497QUG9,0.057
A0A0F8VCC5,0.057
A0A7K4CMB2,0.057
A0A5C9EQX8,0.057
A0A524DJ41,0.057
A0A842VV13,0.057
A0A532TZ89,0.057
A0A3L6JPF8,0.057
A0A135VAR4,0.057
A0A850LWT4,0.057
A0A524CWX7,0.057
A0A524P4L5,0.057
A0A2U3CL44,0.057
A0A842T7F5,0.057
A0A524G3H2,0.057
A0A0F8WC56,0.057
A0A497QJU4,0.057
A0A850LXN4,0.057
A0A524FDE4,0.057
A0A524CTC5,0.057
A0A524CSR9,0.057
A0A524ELN4,0.057
A0A524DDP7,0.057
A0A843BW07,0.057
A0A1Q9NPX0,0.057
A0A842RDV4,0.057
A0A842VXJ5,0.057
A0A849QLK5,0.057
A0A524FV88,0.057
A0A842VQT4,0.057
A0A0F8VFH3,0.057
A0A524EE16,0.057
A0A524FNY4,0.057
A0A850M4N1,0.057
A0A524FL43,0.057
A0A524DRL4,0.057
A0A1Q9NXU1,0.057
A0A524E0V1,0.057
A0A7K4CZ25,0.057
A0A1Q9MQR9,0.057
A0A497Q612,0.057
A0A524EZZ0,0.057
A0A842YF73,0.057
A0A497R6M6,0.057
A0A523TRC6,0.057
A0A842RI98,0.057
A0A5C9DV47,0.057
A0A524F3N7,0.057
A0A7K4CWZ0,0.057
A0A1Q9NMB0,0.057
A0A497PSX4,0.057
A0A842W319,0.057
A0A5C9ESK7,0.057
A0A497RA71,0.057
A0A2U3CJV3,0.057
A0A843C675,0.057
A0A524FRA0,0.057
A0A3L6JKP7,0.057
A0A524DYH7,0.057
A0A5C9E4N1,0.057
A0A2U3CH63,0.057
A0A523RRR5,0.057
A0A850LQ03,0.057
A0A1Q9P6E6,0.057
A0A524EA92,0.057
A0A524DNN2,0.057
A0A524EEQ4,0.057
A0A842QGP8,0.057
A0A497QZ03,0.057
A0A3L6JMK2,0.057
A0A524C9T5,0.057
A0A1Q9NH36,0.057
A0A842S152,0.057
A0A524D1B0,0.057
A0A5B9D9I1,0.057
A0A7K4GP25,0.057
A0A497Q9Q0,0.057
A0A7K4GLH7,0.057
A0A7K4HD92,0.057
A0A523S0W8,0.057
A0A524D9H1,0.057
A0A2E9CDZ9,0.057
A0A842VX87,0.057
A0A135VEH7,0.057
A0A7K4H6N2,0.057
A0A1Q9NUF3,0.057
A0A523S1K3,0.057
A0A7K4CR79,0.057
A0A1Q9NNQ0,0.057
A0A842RHY3,0.057
A0A3L6J6U9,0.057
A0A524DAW3,0.057
A0A1Q9NL45,0.057
A0A1Q9NBY0,0.057
A0A1Q9NFH2,0.057
A0A7K4CM96,0.057
A0A5B9D7V8,0.057
A0A0F8VLM1,0.057
A0A524ECP7,0.057
A0A524FQ17,0.057
A0A843BTT2,0.057
A0A523TDS2,0.057
A0A524MLI5,0.057
A0A842VHG3,0.057
A0A1Q9PDC5,0.057
A0A3L6JN80,0.057
A0A524P311,0.057
A0A532TMB6,0.057
A0A524ECE5,0.057
A0A842TMN7,0.057
A0A842VGQ5,0.057
A0A7K4IAS6,0.057
A0A523XLN5,0.057
A0A842QH96,0.057
A0A842RV05,0.057
A0A842T0H3,0.057
A0A1Q9MRF9,0.057
A0A524FV02,0.057
A0A842QIG7,0.057
A0A497QUE2,0.057
A0A524D8S4,0.057
A0A5B9DDH6,0.057
A0A1Q9PFF2,0.057
A0A7K4II67,0.057
A0A0F8YA38,0.057
A0A850LZK9,0.057
A0A523RXC4,0.057
A0A524CVI4,0.057
A0A524CPV8,0.057
A0A5B9D8F1,0.057
A0A850MYK2,0.057
A0A524LEW7,0.056
A0A497Q4Z9,0.056
A0A3L6JQA9,0.056
A0A524EGB3,0.056
A0A135VB77,0.056
A0A524FIR5,0.056
A0A1Q9NYQ1,0.056
A0A524C7W9,0.056
A0A1Q9NG61,0.056
A0A842WWA3,0.056
A0A3L6JDU3,0.056
A0A524FK39,0.056
A0A1Q9MT12,0.056
A0A1Q9MWN1,0.056
A0A842T8I5,0.056
A0A850MRZ0,0.056
A0A524F925,0.056
A0A850LU76,0.056
A0A524FBA8,0.056
A0A524LZC2,0.056
A0A1Q9P0W4,0.056
A0A497PUV3,0.056
A0A2U3CDH2,0.056
A0A842TIN3,0.056
A0A523TJ31,0.056
A0A1Q9P1V6,0.056
A0A532T2I3,0.056
A0A1Q9NVE1,0.056
A0A524DPL2,0.056
A0A842Q8H6,0.056
A0A842WSS4,0.056
A0A523RH83,0.056
A0A7K4CTU8,0.056
A0A5C9EI22,0.056
A0A135VB53,0.056
A0A0F8VXS0,0.056
A0A1Q9NN68,0.056
A0A0F8XRI2,0.056
A0A842S2M7,0.056
A0A524C7S7,0.056
A0A5C9EN20,0.056
A0A850LT79,0.056
A0A497PR25,0.056
A0A523S0N8,0.056
A0A850M3V2,0.056
A0A2E9CEC1,0.056
A0A2U3CG14,0.056
A0A842YB08,0.056
A0A3L6JDK7,0.056
A0A524F004,0.056
A0A524LH75,0.056
A0A5C9DY77,0.056
A0A7K4HK49,0.056
A0A5C9EU50,0.056
A0A524FQ74,0.056
A0A1Q9PCC9,0.056
A0A524LWD5,0.056
A0A497QSJ0,0.056
A0A523X834,0.056
A0A2E9CES9,0.056
A0A5C9EMY9,0.056
A0A523X8S4,0.056
A0A3L6JBZ2,0.056
A0A524CNW3,0.056
A0A842RVQ2,0.056
A0A524LIB6,0.056
A0A7K4I9K6,0.056
A0A497R2G0,0.056
A0A497QEX0,0.056
A0A1Q9MWB4,0.056
A0A842RD26,0.056
A0A524D3R7,0.056
A0A850MS61,0.056
A0A842X090,0.056
A0A850LS04,0.056
A0A1Q9NZT1,0.056
A0A1Q9NN73,0.056
A0A7K4H9C3,0.056
A0A524FGR0,0.056
A0A842REE0,0.056
A0A1Q9NJK9,0.056
A0A7K4IGZ9,0.056
A0A523RTG9,0.056
A0A1Q9P5R5,0.056
A0A7K4IBE3,0.056
A0A842TBH0,0.056
A0A524CS56,0.056
A0A850MAV2,0.056
A0A0F8XP86,0.056
A0A7K4IB71,0.056
A0A532TJ73,0.056
A0A523S3D7,0.056
A0A5B9D9X5,0.056
A0A5C9E3Z1,0.056
A0A524FPY0,0.056
A0A497R1I4,0.056
A0A523XGU3,0.056
A0A5B9DA90,0.056
A0A524D1G2,0.056
A0A3L6J6A6,0.056
A0A1Q9NH61,0.056
A0A3L6JNE6,0.056
A0A5B9DBJ2,0.056
A0A0F8Y0U2,0.056
A0A850M1J4,0.056
A0A524P298,0.056
A0A7K4H7K7,0.056
A0A497PPA7,0.056
A0A524DQS9,0.056
A0A842U9L9,0.056
A0A842TPT7,0.056
A0A5C9EJ96,0.056
A0A497QUW3,0.056
A0A497QYN8,0.056
A0A7K4H473,0.056
A0A0F8V9A2,0.056
A0A524L4Y1,0.056
A0A7K4GVG8,0.056
A0A850MDU8,0.056
A0A5C9E3H4,0.056
A0A0F8VCF9,0.056
A0A3L6J9I3,0.056
A0A842WTG2,0.056
A0A843C0C6,0.056
A0A842QEJ0,0.056
A0A523RSN6,0.056
A0A850MFI0,0.056
A0A5B9D9B0,0.056
A0A524DCR6,0.056
A0A850MEH3,0.056
A0A532TSQ1,0.056
A0A523XGV3,0.056
A0A3L6JB07,0.056
A0A524DKJ9,0.056
A0A524C8N4,0.056
A0A842TT37,0.056
A0A7K4H8K9,0.056
A0A524LST3,0.056
A0A1Q9N0R5,0.056
A0A7K4CS66,0.056
A0A850MG65,0.056
A0A3L6JQQ5,0.056
A0A497QGY0,0.056
A0A850MPP2,0.056
A0A5C9DZ97,0.056
A0A135VVY3,0.056
A0A497QTR2,0.056
A0A7K4CMP5,0.056
A0A5C9EZL8,0.056
A0A497PDS7,0.056
A0A1Q9NWG4,0.056
A0A497QUT2,0.056
A0A524CIM8,0.056
A0A497PMM2,0.056
A0A5C9EUJ7,0.056
A0A135VV58,0.056
A0A7K4CPM4,0.056
A0A524ER51,0.056
A0A1Q9MYL7,0.056
A0A497PKA6,0.056
A0A524DT95,0.056
A0A7K4IBK0,0.056
A0A524CAX1,0.056
A0A3L6JEF6,0.056
A0A524E2F3,0.056
A0A524FNQ0,0.056
A0A523TKI2,0.056
A0A524DLZ9,0.056
A0A842WRC3,0.056
A0A524E6V7,0.056
A0A524F4B2,0.056
A0A5C9E1A1,0.056
A0A7C0YAZ4,0.056
A0A2U3CJH2,0.056
A0A497RFC6,0.056
A0A524LNX3,0.056
A0A842VZH0,0.056
A0A1Q9N9Z2,0.056
A0A2U3CGJ2,0.056
A0A524DEQ1,0.056
A0A842VST4,0.056
A0A497QFY2,0.056
A0A842VSQ2,0.056
A0A5C9EBU3,0.056
A0A7K4HB63,0.056
A0A1Q9MU88,0.056
A0A524CZI0,0.056
A0A842W346,0.056
A0A524D439,0.056
A0A524CDB6,0.056
A0A532TXI6,0.056
A0A1Q9NSC0,0.056
A0A7K4IBN8,0.056
A0A532TNF3,0.056
A0A497PCE5,0.056
A0A524D851,0.056
A0A2U3CJB0,0.056
A0A7K4H6Z9,0.056
A0A524LW58,0.056
A0A842S796,0.056
A0A524EEG4,0.056
A0A850M468,0.056
A0A1Q9NXH5,0.056
A0A3L6JGY2,0.056
A0A842T6V9,0.056
A0A5C9DZZ6,0.056
A0A843C1Q3,0.056
A0A842RKX7,0.056
A0A1Q9NAB8,0.056
A0A850LW11,0.056
A0A524C323,0.056
A0A842TND9,0.056
A0A497PB09,0.056
A0A842W1Q7,0.056
A0A532T8H8,0.056
A0A524EIK4,0.056
A0A842VJ56,0.056
A0A850M0C7,0.056
A0A3L6J8J8,0.056
A0A5C9EBS7,0.056
A0A3L6JBC2,0.056
A0A5C9E892,0.056
A0A1Q9NN07,0.056
A0A7K4IHP4,0.056
A0A1Q9NR01,0.056
A0A1Q9NJT2,0.056
A0A0F8VB39,0.056
A0A524EVF3,0.056
A0A7K4GNU0,0.056
A0A524EKR8,0.056
A0A524CK29,0.056
A0A524CY83,0.056
A0A135VV31,0.056
A0A5C9EWZ2,0.056
A0A524EX59,0.056
A0A524LUI7,0.056
A0A497Q737,0.056
A0A5B9DDG8,0.056
A0A532TYN2,0.056
A0A524L5P7,0.056
A0A850M4Q8,0.056
A0A497PJY7,0.056
A0A523TEE4,0.056
A0A842RGZ7,0.056
A0A842QAT5,0.056
A0A3L6JR29,0.056
A0A1Q9MVU0,0.056
A0A842VHW7,0.056
A0A497Q4T0,0.056
A0A524CD28,0.056
A0A7K4CV82,0.056
A0A842W0W0,0.056
A0A842RE31,0.056
A0A850M103,0.056
A0A1Q9P1Z3,0.056
A0A1Q9NKW6,0.056
A0A842RDH9,0.056
A0A0F8XJR6,0.056
A0A842VSU2,0.056
A0A5C9EL53,0.056
A0A5C9DYZ2,0.056
A0A5B9DBA0,0.056
A0A3L6JEN7,0.056
A0A524NSQ4,0.056
A0A842Y8Y8,0.056
A0A524GAG5,0.056
A0A524P2F0,0.056
A0A497PR59,0.056
A0A850MCV8,0.056
A0A523RGC7,0.056
A0A524CZI3,0.056
A0A497QLE7,0.056
A0A842RIY7,0.056
A0A524DDX2,0.056
A0A524F8T7,0.056
A0A497PGA7,0.056
A0A5C9ELH8,0.056
A0A842TBL1,0.056
A0A7K4I9Y6,0.056
A0A3L6JH29,0.056
A0A1Q9NGQ7,0.056
A0A497QGV2,0.056
A0A524CBD7,0.056
A0A523XNL8,0.056
A0A524DYU5,0.056
A0A532TXY7,0.056
A0A524L980,0.056
A0A5C9EUI7,0.056
A0A1Q9MYL5,0.056
A0A532T9Q1,0.056
A0A842WP90,0.056
A0A850MX45,0.056
A0A0F8VDY3,0.056
A0A524MDD1,0.056
A0A0F8Y4M3,0.056
A0A523XDY0,0.056
A0A842QBR2,0.055
A0A524FXN4,0.055
A0A842VKX9,0.055
A0A842UCT1,0.055
A0A524CG79,0.055
A0A523REF6,0.055
A0A850M7N2,0.055
A0A523S2W6,0.055
A0A497Q6E9,0.055
A0A842WW95,0.055
A0A850MSF5,0.055
A0A524E3I5,0.055
A0A850M269,0.055
A0A7K4H8E7,0.055
A0A1Q9P444,0.055
A0A532T783,0.055
A0A850M7S4,0.055
A0A524NRW9,0.055
A0A1Q9P4V0,0.055
A0A7C0U819,0.055
A0A524F749,0.055
A0A523RNJ9,0.055
A0A524G3J0,0.055
A0A497Q4Z4,0.055
A0A1Q9NEQ8,0.055
A0A497P6Q9,0.055
A0A523RXF9,0.055
A0A7K4IEC4,0.055
A0A1Q9NIU9,0.055
A0A524EZP2,0.055
A0A5B9DCD7,0.055
A0A1Q9P0A1,0.055
A0A524CQ35,0.055
A0A524EE27,0.055
A0A842W4T2,0.055
A0A1Q9MZG6,0.055
A0A842YAM4,0.055
A0A497QPW9,0.055
A0A842YFW7,0.055
A0A497PZB3,0.055
A0A524F5R8,0.055
A0A849QGD6,0.055
A0A524C9J4,0.055
A0A5C9E4B5,0.055
A0A3L6J7K9,0.055
A0A524EDE3,0.055
A0A1Q9N4A2,0.055
A0A523XQY9,0.055
A0A524DZ32,0.055
A0A135VDW4,0.055
A0A850MKX4,0.055
A0A5C9F2B3,0.055
A0A524CXI3,0.055
A0A5C9E7F0,0.055
A0A523RY44,0.055
A0A842TKW6,0.055
A0A5C9EMN0,0.055
A0A843BXR6,0.055
A0A842RRJ2,0.055
A0A532T8R6,0.055
A0A842TZV6,0.055
A0A524DJA9,0.055
A0A523RHN9,0.055
A0A1Q9NY88,0.055
A0A2E9CF50,0.055
A0A5C9E2R1,0.055
A0A524FVX3,0.055
A0A3L6JPV1,0.055
A0A7K4IE59,0.055
A0A524CJ56,0.055
A0A497Q9Q8,0.055
A0A7K4CW90,0.055
A0A1Q9NVX5,0.055
A0A497R8R0,0.055
A0A5C9EZB2,0.055
A0A524DTX4,0.055
A0A5C9E404,0.055
A0A497QUQ7,0.055
A0A842TKT1,0.055
A0A532TMP3,0.055
A0A3L6JET1,0.055
A0A5B9D637,0.055
A0A842QC35,0.055
A0A5B9DB33,0.055
A0A524FFG2,0.055
A0A524CQC7,0.055
A0A524F2C7,0.055
A0A524ECZ6,0.055
A0A0F8WE98,0.055
A0A5B9D5T1,0.055
A0A842W1S3,0.055
A0A1Q9NR42,0.055
A0A1Q9N0C7,0.055
A0A532TLC3,0.055
A0A842RMJ3,0.055
A0A524EAJ5,0.055
A0A850LTM5,0.055
A0A1Q9PDS9,0.055
A0A1Q9MUT2,0.055
A0A850M191,0.055
A0A842TR40,0.055
A0A532TZ73,0.055
A0A524F571,0.055
A0A497QBM0,0.055
A0A3L6JAY8,0.055
A0A524EZH1,0.055
A0A524M882,0.055
A0A7K4H386,0.055
A0A1Q9PEC3,0.055
A0A1Q9N496,0.055
A0A5C9EJ20,0.055
A0A842UDX1,0.055
A0A497QQF2,0.055
A0A1Q9PBZ9,0.055
A0A1Q9N412,0.055
A0A523SBF0,0.055
A0A842VEM5,0.055
A0A524P5A6,0.055
A0A842UCF9,0.055
A0A524CZM5,0.055
A0A842VL65,0.055
A0A523VLY7,0.055
A0A842TZN1,0.055
A0A524MFB4,0.055
A0A7K4HKB3,0.055
A0A523VLS6,0.055
A0A1Q9NM32,0.055
A0A7K4D182,0.055
A0A3L6JCP4,0.055
A0A523RB26,0.055
A0A135VEE0,0.055
A0A842UAE6,0.055
A0A1Q9PFP8,0.055
A0A524EMC7,0.055
A0A1Q9MZ48,0.055
A0A524FXS2,0.055
A0A523RR15,0.055
A0A524DNX3,0.055
A0A842TGX0,0.055
A0A524CNF9,0.055
A0A135VKD3,0.055
A0A7K4CPW6,0.055
A0A850LZU1,0.055
A0A842QI93,0.055
A0A7K4IDP7,0.055
A0A524DG64,0.055
A0A1Q9PEJ8,0.055
A0A842W115,0.055
A0A1Q9NHE2,0.055
A0A0F8W0W9,0.055
A0A524CFN8,0.055
A0A497QGA5,0.055
A0A523RFQ4,0.055
A0A532T9B2,0.055
A0A532TTT7,0.055
A0A842VPM4,0.055
A0A0F8VZU4,0.055
A0A524E621,0.055
A0A1Q9NSW0,0.055
A0A842QEZ2,0.055
A0A5C9EJ66,0.055
A0A524F6X7,0.055
A0A7K4CS11,0.055
A0A850MCB3,0.055
A0A523XLJ4,0.055
A0A524DIJ5,0.055
A0A524E5Y7,0.055
A0A1Q9MZZ5,0.055
A0A497Q5U5,0.055
A0A524G8W0,0.055
A0A1Q9NSQ4,0.055
A0A2E9CDE4,0.055
A0A524DDJ1,0.055
A0A0F8W3Z7,0.055
A0A850M3Z4,0.055
A0A7K4GYC8,0.055
A0A5C9E020,0.055
A0A5B9DB21,0.055
A0A1Q9NKU7,0.055
A0A524F5L2,0.055
A0A2U3CIR7,0.055
A0A497PMM0,0.055
A0A850MGM0,0.055
A0A524EGY7,0.055
A0A524EAU8,0.055
A0A3L6JFG1,0.055
A0A497PIW6,0.055
A0A1Q9N426,0.055
A0A5C9ELP2,0.055
A0A524FDF0,0.055
A0A7K4H5R5,0.055
A0A842W3C2,0.055
A0A1Q9PB42,0.055
A0A497QXZ8,0.055
A0A497PNV0,0.055
A0A524CUL7,0.055
A0A842VYJ0,0.055
A0A497QYC7,0.055
A0A524CPG4,0.055
A0A7K4GSE4,0.055
A0A524DY89,0.055
A0A524G1J8,0.055
A0A497PTL3,0.055
A0A0F8VIU1,0.055
A0A524D3L8,0.055
A0A842S1G8,0.055
A0A7K4CU30,0.055
A0A497QWQ5,0.055
A0A524CA54,0.055
A0A524FNS6,0.055
A0A842QJC4,0.055
A0A843BNZ8,0.055
A0A850MH42,0.055
A0A1Q9NCX6,0.055
A0A2U3CGK6,0.055
A0A523S4S5,0.055
A0A842WR52,0.055
A0A5C9ENY5,0.055
A0A524ERM2,0.055
A0A523S2L5,0.055
A0A524DF80,0.055
A0A1Q9NH31,0.055
A0A497QAK2,0.055
A0A497QXB5,0.055
A0A842RX33,0.055
A0A523VW76,0.055
A0A524DNC9,0.055
A0A7K4CVX4,0.055
A0A497Q317,0.055
A0A524ERX7,0.055
A0A3L6JPV8,0.055
A0A842TKA9,0.055
A0A3L6JN63,0.055
A0A842X498,0.055
A0A850M6L5,0.055
A0A5B9DG94,0.055
A0A524NYL2,0.055
A0A1Q9NTP4,0.055
A0A850LZL7,0.055
A0A524CCT5,0.055
A0A3L6JKS1,0.055
A0A3L6JFI7,0.055
A0A7K4GYX4,0.055
A0A2U3CHL6,0.055
A0A5B9DAB6,0.055
A0A532TB72,0.055
A0A842W136,0.055
A0A1Q9P386,0.055
A0A7K4CUB1,0.055
A0A524CY71,0.055
A0A135VHD3,0.055
A0A524C2I8,0.055
A0A1Q9MTH9,0.055
A0A524EXB2,0.055
A0A524CFX4,0.055
A0A524FH36,0.055
A0A842V7M3,0.055
A0A5C9EGI8,0.055
A0A523TMI4,0.055
A0A524DVK2,0.055
A0A524G096,0.055
A0A497QFG1,0.055
A0A524FI01,0.055
A0A0F8VIB4,0.055
A0A850MIS0,0.055
A0A524D091,0.055
A0A842T9R3,0.055
A0A497QF96,0.055
A0A524EPI0,0.055
A0A524CMY6,0.055
A0A850MRU8,0.055
A0A1Q9MRC1,0.055
A0A842RH25,0.055
A0A5B9D978,0.055
A0A523S2T6,0.055
A0A497PGA6,0.055
A0A497QRU0,0.055
A0A1Q9NBJ4,0.055
A0A1Q9MVM3,0.055
A0A5C9EFM8,0.055
A0A524C2Q4,0.055
A0A524DJS6,0.055
A0A7K4GVK2,0.055
A0A497PKA2,0.055
A0A842YE85,0.055
A0A842R7Z6,0.055
A0A524EC64,0.055
A0A5C9EZ75,0.055
A0A850LTN4,0.055
A0A1Q9NI28,0.055
A0A5C9E0C4,0.055
A0A497QEK8,0.055
A0A7K4CT13,0.055
A0A524EXU0,0.055
A0A3L6JAP1,0.055
A0A497RD82,0.055
A0A1Q9NCS5,0.055
A0A850LQ29,0.055
A0A1Q9N163,0.055
A0A523XGW9,0.055
A0A1Q9PFX1,0.055
A0A842WX31,0.055
A0A524DJK8,0.055
A0A524DYA2,0.055
A0A5C9E474,0.055
A0A1Q9NKK8,0.055
A0A842YE59,0.055
A0A842W1U4,0.055
A0A524EW42,0.055
A0A842QFD6,0.055
A0A5C9E6K6,0.055
A0A842WZX9,0.055
A0A524F1C9,0.055
A0A1Q9N8I5,0.055
A0A532T768,0.055
A0A842VIL7,0.055
A0A842QCY3,0.055
A0A5B9D7L4,0.055
A0A842WUW2,0.055
A0A842W059,0.055
A0A5C9ER84,0.055
A0A524EEE4,0.055
A0A1Q9P1I0,0.055
A0A843BQ46,0.055
A0A1Q9MTS9,0.055
A0A497QT93,0.055
A0A842WXT3,0.054
A0A843BTV3,0.054
A0A0F8W7P7,0.054
A0A497QK79,0.054
A0A524CM32,0.054
A0A524ELH6,0.054
A0A842YFL4,0.054
A0A532TYU2,0.054
A0A5C9ECP0,0.054
A0A7K4H9G6,0.054
A0A7K4GWV2,0.054
A0A524FIB7,0.054
A0A5C9F2M0,0.054
A0A842TJP5,0.054
A0A1Q9PD34,0.054
A0A1Q9P1W1,0.054
A0A497QWN9,0.054
A0A524CIF2,0.054
A0A524FVJ6,0.054
A0A524CNG2,0.054
A0A1Q9MQU7,0.054
A0A523RE93,0.054
A0A523S0U3,0.054
A0A850MJU9,0.054
A0A524DBA0,0.054
A0A523SDF1,0.054
A0A1Q9MQ82,0.054
A0A7K4CQP1,0.054
A0A135VT95,0.054
A0A524FFN2,0.054
A0A523RRF6,0.054
A0A497QSI6,0.054
A0A842TEZ7,0.054
A0A1Q9P8Y7,0.054
A0A524EF21,0.054
A0A7K4CR74,0.054
A0A850MK68,0.054
A0A842TU23,0.054
A0A0F8W4P6,0.054
A0A850LQ71,0.054
A0A524CIP5,0.054
A0A532TNJ9,0.054
A0A5C9EH03,0.054
A0A7K4CS26,0.054
A0A524ECR2,0.054
A0A524CQR8,0.054
A0A850LYU3,0.054
A0A523R9H1,0.054
A0A497PMC7,0.054
A0A850MQF9,0.054
A0A842SD41,0.054
A0A843C3J1,0.054
A0A850LS74,0.054
A0A524C3Y9,0.054
A0A7K4GVF5,0.054
A0A524LG24,0.054
A0A3L6JR80,0.054
A0A850LXZ0,0.054
A0A1Q9NNZ1,0.054
A0A135VD26,0.054
A0A497PSE5,0.054
A0A1Q9P8Y0,0.054
A0A3L6JS23,0.054
A0A0F8VYW1,0.054
A0A497R2I5,0.054
A0A3L6JHD2,0.054
A0A7K4CQ25,0.054
A0A524D040,0.054
A0A5C9ERW5,0.054
A0A497PUB3,0.054
A0A497QTA4,0.054
A0A0F8W748,0.054
A0A524FYR3,0.054
A0A7K4ICN1,0.054
A0A524DLF9,0.054
A0A497QRF6,0.054
A0A524CSR4,0.054
A0A524FFQ4,0.054
A0A2U3CBW3,0.054
A0A497QTT9,0.054
A0A524CHQ1,0.054
A0A7K4GTG8,0.054
A0A524FS79,0.054
A0A524NX81,0.054
A0A842TBX7,0.054
A0A524G4X5,0.054
A0A1Q9MRE6,0.054
A0A0F8YE31,0.054
A0A1Q9NNP9,0.054
A0A842RGL5,0.054
A0A7K4H567,0.054
A0A524M8C9,0.054
A0A1Q9MWI8,0.054
A0A497QUV7,0.054
A0A135VJX2,0.054
A0A842VHT1,0.054
A0A850MCX9,0.054
A0A2E9CED2,0.054
A0A849Q8C4,0.054
A0A5B9DEQ7,0.054
A0A842U3E0,0.054
A0A842VAA5,0.054
A0A524FIS9,0.054
A0A850M5W7,0.054
A0A842VP79,0.054
A0A850LYE3,0.054
A0A842R7H7,0.054
A0A524FRD6,0.054
A0A1Q9NZQ6,0.054
A0A850LSS2,0.054
A0A523XE21,0.054
A0A842W021,0.054
A0A524GBJ6,0.054
A0A524FJP0,0.054
A0A523XMM0,0.054
A0A1Q9NAY9,0.054
A0A135VS06,0.054
A0A497QDJ0,0.054
A0A850M160,0.054
A0A850M380,0.054
A0A524CFJ1,0.054
A0A1Q9NM83,0.054
A0A842TH98,0.054
A0A523VWD8,0.054
A0A7K4GLZ3,0.054
A0A842VWJ6,0.054
A0A497QPK0,0.054
A0A5C9EXY0,0.054
A0A524EUN5,0.054
A0A850M9K1,0.054
A0A135VGK2,0.054
A0A0F8W9H4,0.054
A0A7K4H193,0.054
A0A850M9D9,0.054
A0A524MI03,0.054
A0A7K4GXQ6,0.054
A0A524DFQ9,0.054
A0A524EBC1,0.054
A0A5C9EMM2,0.054
A0A842X3W7,0.054
A0A523SC67,0.054
A0A1Q9N265,0.054
A0A524ENJ0,0.054
A0A842RIV5,0.054
A0A3L6JSG4,0.054
A0A497R7V3,0.054
A0A524F2T0,0.054
A0A842QD00,0.054
A0A532TMC9,0.054
A0A497PNF4,0.054
A0A524P6E6,0.054
A0A7K4CSY2,0.054
A0A497PZA8,0.054
A0A3L6JR71,0.054
A0A5B9DFV2,0.054
A0A842TCV3,0.054
A0A1Q9PFC5,0.054
A0A7K4CUR2,0.054
A0A524G2Q3,0.054
A0A524MIL2,0.054
A0A2U3CE43,0.054
A0A842QGM2,0.054
A0A135VSB6,0.054
A0A7K4IF98,0.054
A0A497Q5T2,0.054
A0A524FQG1,0.054
A0A532TYM9,0.054
A0A1Q9NKY7,0.054
A0A842RUK6,0.054
A0A850MJ36,0.054
A0A5B9DCR3,0.054
A0A524CME4,0.054
A0A0F8Y4K5,0.054
A0A524F847,0.054
A0A524L6V6,0.054
A0A842QE89,0.054
A0A524DZB4,0.054
A0A1Q9NRL3,0.054
A0A0F8XWG7,0.054
A0A523S5S3,0.054
A0A7K4CMU1,0.054
A0A842VLW6,0.054
A0A497R5C7,0.054
A0A842VR08,0.054
A0A842WS46,0.054
A0A1Q9NF81,0.054
A0A850MRY3,0.054
A0A842VS16,0.054
A0A497PL21,0.054
A0A850M9E9,0.054
A0A524FFZ8,0.054
A0A0F8V9Q0,0.054
A0A1Q9NU12,0.054
A0A5C9ETJ8,0.054
A0A497QE38,0.054
A0A524LIQ4,0.054
A0A1Q9MVW3,0.054
A0A5B9DER3,0.054
A0A842T8D6,0.054
A0A524G1M5,0.054
A0A842QEL3,0.054
A0A524EPX4,0.054
A0A850LU15,0.054
A0A524DR98,0.054
A0A850MC58,0.054
A0A1Q9NNC2,0.054
A0A135VKJ9,0.054
A0A850LY21,0.054
A0A842QE41,0.054
A0A7K4H560,0.054
A0A135VV93,0.054
A0A532T900,0.054
A0A842TGW6,0.054
A0A524P3H7,0.054
A0A850LZD7,0.054
A0A1Q9NGL8,0.054
A0A524G884,0.054
A0A5B9DEY7,0.054
A0A7K4GWY6,0.054
A0A843C232,0.054
A0A850M9Z8,0.054
A0A3L6JIA9,0.054
A0A5C9EA69,0.054
A0A842QK96,0.054
A0A524CFZ3,0.054
A0A524P1E0,0.054
A0A532TXF2,0.054
A0A842TK90,0.054
A0A5C9E8R3,0.054
A0A497QP74,0.054
A0A1Q9PFJ2,0.054
A0A1Q9NE88,0.054
A0A5C9F0T1,0.054
A0A850MRM1,0.054
A0A497QTG5,0.054
A0A135VJT9,0.054
A0A842TF55,0.054
A0A1Q9NAX0,0.054
A0A135VZB1,0.054
A0A1Q9NTZ9,0.054
A0A1Q9NRY5,0.054
A0A524CL52,0.054
A0A524FVU7,0.054
A0A842SE08,0.054
A0A524ELH0,0.054
A0A524DC09,0.054
A0A7K4H4T0,0.054
A0A524F8V9,0.054
A0A842QDE4,0.054
A0A524LCL0,0.054
A0A524CYU4,0.054
A0A524CS53,0.054
A0A1Q9N066,0.054
A0A1Q9N4E0,0.054
A0A524C9C4,0.054
A0A7K4H089,0.054
A0A5C9DUE1,0.054
A0A5C9EC10,0.054
A0A497RA62,0.054
A0A5C9EJV4,0.054
A0A3L6JP27,0.054
A0A7K4IF87,0.054
A0A842U4T4,0.054
A0A850LVJ5,0.054
A0A524C8F0,0.054
A0A1Q9P3I9,0.054
A0A842U8V3,0.054
A0A524CBA6,0.054
A0A5B9DE41,0.054
A0A5B9DET0,0.054
A0A842R926,0.054
A0A524F9E4,0.054
A0A7K4ICA7,0.054
A0A1Q9NB37,0.054
A0A1Q9PCD6,0.054
A0A5B9D935,0.054
A0A7K4H5M4,0.054
A0A1Q9P208,0.054
A0A524CJY5,0.054
A0A7K4CPK8,0.054
A0A842RHK0,0.054
A0A523RJ39,0.054
A0A842VZW3,0.054
A0A497QXU3,0.054
A0A3L6J954,0.054
A0A2U3CBU6,0.054
A0A842U888,0.054
A0A7K4HFW4,0.054
A0A497Q319,0.054
A0A842WWX5,0.054
A0A524D964,0.054
A0A524NW84,0.054
A0A524M829,0.054
A0A5C9ERQ7,0.054
A0A524F2S7,0.054
A0A842RE14,0.054
A0A497PVC9,0.054
A0A523XBL3,0.054
A0A5B9D7P9,0.054
A0A850MG52,0.054
A0A524FNY7,0.054
A0A842VYW7,0.054
A0A5C9E1Q1,0.054
A0A532TGM8,0.054
A0A524DK81,0.054
A0A497QAK7,0.054
A0A842RKW7,0.054
A0A842VZ02,0.054
A0A5C9E949,0.054
A0A532TRS3,0.054
A0A842TDU2,0.054
A0A497QU38,0.054
A0A524E2T2,0.054
A0A850LWR9,0.054
A0A497PR02,0.054
A0A523VU03,0.054
A0A2U3CKA2,0.054
A0A842YDJ5,0.054
A0A850MRR3,0.054
A0A3L6JKP6,0.054
A0A524FUI6,0.054
A0A842RBZ6,0.053
A0A497Q1K0,0.053
A0A497PAD1,0.053
A0A497PRW5,0.053
A0A5C9DWJ8,0.053
A0A532TVW3,0.053
A0A5C9F0E5,0.053
A0A5C9F027,0.053
A0A7K4CSF8,0.053
A0A5B9D7M0,0.053
A0A523XQS6,0.053
A0A850LPG3,0.053
A0A524D5R4,0.053
A0A842VZE7,0.053
A0A850M753,0.053
A0A843BQZ3,0.053
A0A497QFT3,0.053
A0A532TKN3,0.053
A0A497QYB2,0.053
A0A842VR92,0.053
A0A1Q9NMG9,0.053
A0A135VY03,0.053
A0A842RAD4,0.053
A0A524F9L0,0.053
A0A497Q1H0,0.053
A0A7K4GXW1,0.053
A0A524LB96,0.053
A0A497PKB1,0.053
A0A5B9DCN6,0.053
A0A523RQY0,0.053
A0A1Q9P8N0,0.053
A0A842RD69,0.053
A0A497QRR1,0.053
A0A843C3H8,0.053
A0A524F4G5,0.053
A0A524CW60,0.053
A0A524LRW5,0.053
A0A524LXZ5,0.053
A0A523TGM1,0.053
A0A524FQQ4,0.053
A0A842TKD1,0.053
A0A523S851,0.053
A0A524CBP9,0.053
A0A0F8Y5E8,0.053
A0A850MSM1,0.053
A0A523XGB5,0.053
A0A3L6JF29,0.053
A0A842TH93,0.053
A0A5C9EX47,0.053
A0A524F3J7,0.053
A0A842RCI4,0.053
A0A1Q9NSW5,0.053
A0A842S7Y5,0.053
A0A1Q9NEK9,0.053
A0A850MU98,0.053
A0A5B9D921,0.053
A0A0F8XYU5,0.053
A0A524CVM9,0.053
A0A524F185,0.053
A0A842S3K7,0.053
A0A850M6C8,0.053
A0A524F805,0.053
A0A842WRH9,0.053
A0A7K4II03,0.053
A0A524C2P8,0.053
A0A3L6JA17,0.053
A0A5C9EDR1,0.053
A0A7K4HEH9,0.053
A0A524ETM1,0.053
A0A1Q9MZF4,0.053
A0A497QQZ7,0.053
A0A850LQV4,0.053
A0A5C9EA36,0.053
A0A532TMJ9,0.053
A0A5C9EQZ1,0.053
A0A7K4GW37,0.053
A0A135VZT7,0.053
A0A7K4CZH8,0.053
A0A3L6JS80,0.053
A0A7K4HJZ9,0.053
A0A524LDF4,0.053
A0A523RP14,0.053
A0A5C9EFK1,0.053
A0A842T9T7,0.053
A0A524EUF5,0.053
A0A524CP97,0.053
A0A497QBX4,0.053
A0A3L6J7S7,0.053
A0A842S0V9,0.053
A0A1Q9MX28,0.053
A0A524FBH6,0.053
A0A524FC04,0.053
A0A7C0U8C2,0.053
A0A524FGX2,0.053
A0A524EA58,0.053
A0A5C9ERU7,0.053
A0A135VQK9,0.053
A0A524CW87,0.053
A0A524CLK3,0.053
A0A524E597,0.053
A0A532T882,0.053
A0A7K4GQX4,0.053
A0A5B9DE06,0.053
A0A1Q9NKC5,0.053
A0A524D6Z6,0.053
A0A524EPN9,0.053
A0A523RX55,0.053
A0A524GA09,0.053
A0A135VTZ5,0.053
A0A1Q9NWE3,0.053
A0A135VJD5,0.053
A0A524M740,0.053
A0A842VC86,0.053
A0A497QJR2,0.053
A0A850MAH6,0.053
A0A842T8Z5,0.053
A0A524EF09,0.053
A0A842S8P1,0.053
A0A7K4CXV1,0.053
A0A842UAN0,0.053
A0A842S940,0.053
A0A524D5M2,0.053
A0A842QEI4,0.053
A0A523TE21,0.053
A0A842TLV1,0.053
A0A842SXU2,0.053
A0A0F8Y2R2,0.053
A0A7K4IHV5,0.053
A0A3L6JRD8,0.053
A0A1Q9P005,0.053
A0A842VEB9,0.053
A0A850LTI8,0.053
A0A524DH51,0.053
A0A524E859,0.053
A0A497QRQ2,0.053
A0A7K4IH05,0.053
A0A850MGI0,0.053
A0A524MEB3,0.053
A0A5C9EIG4,0.053
A0A1Q9P2J6,0.053
A0A1Q9MTQ4,0.053
A0A842QIZ5,0.053
A0A849QC03,0.053
A0A497QMY3,0.053
A0A7K4HI89,0.053
A0A5C9E6Q5,0.053
A0A842SA57,0.053
A0A842TG46,0.053
A0A524M0K1,0.053
A0A842TGT4,0.053
A0A524FN64,0.053
A0A842TD66,0.053
A0A7C0Y8F3,0.053
A0A842VAQ6,0.053
A0A850M702,0.053
A0A7K4HBH2,0.053
A0A7K4CP98,0.053
A0A850LYK9,0.053
A0A3L6JA51,0.053
A0A497QMW3,0.053
A0A1Q9PCP3,0.053
A0A849QE43,0.053
A0A7K4ICS1,0.053
A0A842W1G4,0.053
A0A842VKN3,0.053
A0A842VYB3,0.053
A0A5B9DFG3,0.053
A0A3L6JSW7,0.053
A0A1Q9P2V8,0.053
A0A523XHT1,0.053
A0A842RWV3,0.053
A0A842RM89,0.053
A0A5C9EXT7,0.053
A0A532TJR9,0.053
A0A5B9DAU1,0.053
A0A524CSA4,0.053
A0A842TKI0,0.053
A0A497PRF1,0.053
A0A849Q6C6,0.053
A0A842Y887,0.053
A0A497QJB1,0.053
A0A524F0W5,0.053
A0A524CN62,0.053
A0A1Q9P4F1,0.053
A0A524EZL5,0.053
A0A497QIL8,0.053
A0A524CJ77,0.053
A0A524NTY9,0.053
A0A842TFW6,0.053
A0A497Q8W3,0.053
A0A524F3G6,0.053
A0A524DBP4,0.053
A0A524CUZ1,0.053
A0A524FE73,0.053
A0A524CFD1,0.053
A0A5C9E355,0.053
A0A524E777,0.053
A0A5C9E725,0.053
A0A135VKZ0,0.053
A0A524DAD7,0.053
A0A5C9EY49,0.053
A0A843BYF6,0.053
A0A7K4H198,0.053
A0A524C3D9,0.053
A0A842TTV5,0.053
A0A7K4CYP8,0.053
A0A7K4H8G4,0.053
A0A842YD53,0.053
A0A850MUG3,0.053
A0A842T786,0.053
A0A1Q9NWK5,0.053
A0A524LH96,0.053
A0A1Q9P1J7,0.053
A0A842RSD9,0.053
A0A524DAU0,0.053
A0A1Q9MTH4,0.053
A0A497QYX6,0.053
A0A523RCQ0,0.053
A0A524EX81,0.053
A0A850MU65,0.053
A0A7C0YBA1,0.053
A0A497QB57,0.053
A0A524FCE5,0.053
A0A497PYG4,0.053
A0A842VQU1,0.053
A0A842RLF3,0.053
A0A2U3CI40,0.053
A0A850MUH5,0.053
A0A842RED5,0.053
A0A843BSH1,0.053
A0A1Q9MT38,0.053
A0A5C9EGK2,0.053
A0A524DIQ1,0.053
A0A1Q9NBG2,0.053
A0A5C9EFI7,0.053
A0A1Q9P113,0.053
A0A7K4HJK4,0.053
A0A5C9ECE9,0.053
A0A524M0U4,0.053
A0A7K4H3I7,0.053
A0A524E4R7,0.053
A0A2U3CJ83,0.053
A0A135VCS4,0.053
A0A842RF98,0.053
A0A842WQQ0,0.053
A0A7K4H0K8,0.053
A0A3L6JA86,0.053
A0A842S7K8,0.053
A0A524CED4,0.053
A0A1Q9NTC4,0.053
A0A497R9V1,0.053
A0A524E7S2,0.053
A0A524EU35,0.053
A0A524DRA9,0.053
A0A524DI39,0.053
A0A1Q9N0M7,0.053
A0A842VV14,0.053
A0A5C9E1S2,0.053
A0A843BY61,0.053
A0A524CP14,0.053
A0A532TET2,0.053
A0A523R9P0,0.053
A0A842QBQ3,0.053
A0A3L6J6S3,0.053
A0A5C9ELN6,0.053
A0A523XEZ1,0.053
A0A843C0W4,0.053
A0A2U3CBH8,0.053
A0A524CCT8,0.053
A0A524EVZ5,0.053
A0A842RB17,0.053
A0A497QG85,0.053
A0A842TJY0,0.053
A0A524EI11,0.053
A0A524CT81,0.053
A0A532TGL2,0.053
A0A524EV96,0.053
A0A842RHQ8,0.053
A0A843BQK1,0.053
A0A524CXH5,0.053
A0A523TF41,0.053
A0A842W1A8,0.053
A0A523VT72,0.053
A0A523TEH7,0.053
A0A7K4CRI4,0.053
A0A497Q985,0.053
A0A5C9E8T3,0.053
A0A849QCW1,0.053
A0A524FGR3,0.053
A0A5B9D6G7,0.053
A0A5C9E1Y0,0.053
A0A523R9K2,0.053
A0A842YBN7,0.053
A0A524DEI2,0.053
A0A842YFW9,0.053
A0A0F8VHM3,0.053
A0A497QZ87,0.053
A0A524EE71,0.053
A0A523S6P2,0.053
A0A5B9D521,0.053
A0A524CIR7,0.053
A0A532TNF8,0.053
A0A532TXY9,0.053
A0A524DX16,0.053
A0A842U1E2,0.053
A0A524FLT7,0.053
A0A524CVI7,0.053
A0A842VJ42,0.053
A0A850MFX0,0.053
A0A497Q722,0.053
A0A1Q9N1V9,0.053
A0A850LQK8,0.053
A0A135VBQ3,0.053
A0A524CPS1,0.053
A0A843BQY9,0.053
A0A524CCV6,0.052
A0A5C9E5V9,0.052
A0A5C9EWQ7,0.052
A0A524FIY6,0.052
A0A497QN41,0.052
A0A532T9Q6,0.052
A0A135VBT5,0.052
A0A1Q9NJ53,0.052
A0A523X8F9,0.052
A0A135VKJ8,0.052
A0A1Q9N3A0,0.052
A0A524EUF8,0.052
A0A1Q9P9Z7,0.052
A0A523RFR5,0.052
A0A523W1W6,0.052
A0A524F0G6,0.052
A0A524CUU0,0.052
A0A497QCM1,0.052
A0A497Q037,0.052
A0A497QKX1,0.052
A0A497PCB8,0.052
A0A1Q9NAF6,0.052
A0A1Q9PBH3,0.052
A0A497R0P1,0.052
A0A5C9EP76,0.052
A0A842RC17,0.052
A0A2U3CJ76,0.052
A0A524D9T0,0.052
A0A7K4GTW3,0.052
A0A524D6I7,0.052
A0A1Q9NCJ3,0.052
A0A850MIP8,0.052
A0A842VFV8,0.052
A0A849QGT1,0.052
A0A524DV32,0.052
A0A524CL30,0.052
A0A850MC93,0.052
A0A842RH06,0.052
A0A524DGM6,0.052
A0A7K4HJW0,0.052
A0A850MCA1,0.052
A0A524CNI0,0.052
A0A3L6J9N8,0.052
A0A1Q9P042,0.052
A0A7K4H6C7,0.052
A0A1Q9MSX5,0.052
A0A842RFC8,0.052
A0A7K4CYM2,0.052
A0A850LYG7,0.052
A0A842QJC2,0.052
A0A524EVB3,0.052
A0A2U3CBB2,0.052
A0A523TH84,0.052
A0A497PMI0,0.052
A0A524DAZ3,0.052
A0A524E3L3,0.052
A0A7K4GJS2,0.052
A0A524LWE9,0.052
A0A524FF00,0.052
A0A524LHQ5,0.052
A0A5C9E7M1,0.052
A0A842QGV9,0.052
A0A842YCE8,0.052
A0A842RME9,0.052
A0A524MAV2,0.052
A0A1Q9NT26,0.052
A0A497R0X1,0.052
A0A850MMZ2,0.052
A0A1Q9NXT2,0.052
A0A497QYT9,0.052
A0A7K4CV34,0.052
A0A497PIF0,0.052
A0A524ET38,0.052
A0A842VVC0,0.052
A0A523XQ38,0.052
A0A524EXF8,0.052
A0A1Q9NJR3,0.052
A0A842VMK5,0.052
A0A5C9EEZ2,0.052
A0A3L6JGV0,0.052
A0A524C4I7,0.052
A0A842REA4,0.052
A0A497R320,0.052
A0A1Q9NBU9,0.052
A0A850MIF3,0.052
A0A524EF07,0.052
A0A497QEJ5,0.052
A0A524F7F4,0.052
A0A497PDT8,0.052
A0A850LQ88,0.052
A0A842TNP4,0.052
A0A1Q9NZG1,0.052
A0A5C9ELR9,0.052
A0A842T6Y9,0.052
A0A135VKW8,0.052
A0A1Q9NTR1,0.052
A0A842U383,0.052
A0A1Q9MWR7,0.052
A0A850MG96,0.052
A0A842TS30,0.052
A0A842VWR9,0.052
A0A7K4CX18,0.052
A0A524FFW0,0.052
A0A524EVE2,0.052
A0A1Q9MXD2,0.052
A0A7K4CZZ2,0.052
A0A842W0P3,0.052
A0A1Q9N319,0.052
A0A2U3CDQ8,0.052
A0A842WQP2,0.052
A0A524FXP1,0.052
A0A523TRU1,0.052
A0A524C6K2,0.052
A0A524FLE9,0.052
A0A497QZ80,0.052
A0A0F8VLM5,0.052
A0A5B9DBU2,0.052
A0A1Q9NCW4,0.052
A0A850MA11,0.052
A0A524EEM4,0.052
A0A1Q9NQ39,0.052
A0A842RKV3,0.052
A0A7K4D1M9,0.052
A0A2U3CJC5,0.052
A0A532TI89,0.052
A0A497Q677,0.052
A0A524FC22,0.052
A0A5B9D8A8,0.052
A0A524ETJ0,0.052
A0A524DSS3,0.052
A0A523S6Q0,0.052
A0A0F8XXX1,0.052
A0A523RYN7,0.052
A0A0F8XIX6,0.052
A0A523TFJ5,0.052
A0A524EGX1,0.052
A0A842VWG0,0.052
A0A497R1K6,0.052
A0A842WPE8,0.052
A0A524C8J2,0.052
A0A524CF88,0.052
A0A842YFX9,0.052
A0A135W0B7,0.052
A0A7K4H4X5,0.052
A0A524NYU3,0.052
A0A524EH02,0.052
A0A842YAY5,0.052
A0A524EJE5,0.052
A0A524FLS1,0.052
A0A7K4H211,0.052
A0A7K4H703,0.052
A0A1Q9MVV9,0.052
A0A842YBU1,0.052
A0A523S331,0.052
A0A532TXP5,0.052
A0A0F8V6Y2,0.052
A0A524D6N0,0.052
A0A2U3CL09,0.052
A0A0F8XG04,0.052
A0A850MAV0,0.052
A0A5C9EVT5,0.052
A0A849QFH1,0.052
A0A523R8K1,0.052
A0A532TXJ2,0.052
A0A7K4IHM9,0.052
A0A0F8Y133,0.052
A0A2U3CES5,0.052
A0A524DVH9,0.052
A0A523RWR0,0.052
A0A524G7P6,0.052
A0A5C9EUZ7,0.052
A0A524F114,0.052
A0A5C9EEA2,0.052
A0A532TNA6,0.052
A0A2U3CDR4,0.052
A0A3L6J904,0.052
A0A842S1B9,0.052
A0A842RI93,0.052
A0A532TF38,0.052
A0A7K4CV88,0.052
A0A842S6J8,0.052
A0A524CZE3,0.052
A0A523XQD8,0.052
A0A842TJ01,0.052
A0A1Q9P9T6,0.052
A0A524EQ81,0.052
A0A7C0YAD2,0.052
A0A850LW78,0.052
A0A524M858,0.052
A0A497QUH8,0.052
A0A523X4N0,0.052
A0A842RHF9,0.052
A0A842RWE8,0.052
A0A524DXU9,0.052
A0A5C9EZY0,0.052
A0A1Q9P4T6,0.052
A0A135VGZ9,0.052
A0A524EKV9,0.052
A0A524E2Z1,0.052
A0A524F4E1,0.052
A0A842VVK8,0.052
A0A524EGE5,0.052
A0A842Q9A5,0.052
A0A523S7N7,0.052
A0A524DRP5,0.052
A0A842VP74,0.052
A0A842W013,0.052
A0A850MJK2,0.052
A0A524F3H7,0.052
A0A1Q9NL32,0.052
A0A5B9D9L2,0.052
A0A5B9D6K0,0.052
A0A524F0S8,0.052
A0A2U3CKK9,0.052
A0A524F3H4,0.052
A0A523VS42,0.052
A0A523TEJ6,0.052
A0A1Q9NX56,0.052
A0A850LYD5,0.052
A0A842RFF4,0.052
A0A524LS68,0.052
A0A842VTA5,0.052
A0A497Q092,0.052
A0A5C9DU88,0.052
A0A5B9D7L2,0.052
A0A3L6J9S8,0.052
A0A842SC79,0.052
A0A842TBH5,0.052
A0A843C0Y4,0.052
A0A0F8XFF1,0.052
A0A842VYD2,0.052
A0A7K4GN89,0.052
A0A497R116,0.052
A0A0F8V8Q8,0.052
A0A842UB85,0.052
A0A5C9ECB9,0.052
A0A524FKW0,0.052
A0A532TFE0,0.052
A0A1Q9NEZ6,0.052
A0A842RJW3,0.052
A0A497QZ05,0.052
A0A135VN09,0.052
A0A850LZ45,0.052
A0A7K4IHK6,0.052
A0A524DDN5,0.052
A0A7K4CNY5,0.052
A0A523W4B6,0.052
A0A524D5D1,0.052
A0A523VN16,0.052
A0A497PPY1,0.052
A0A524DXF8,0.052
A0A5C9EIE6,0.052
A0A5B9DAP1,0.052
A0A1Q9NDK0,0.052
A0A5B9D8G1,0.052
A0A1Q9NX05,0.052
A0A524DJM7,0.052
A0A135VP09,0.052
A0A843BS42,0.052
A0A842TFW0,0.052
A0A7K4GM24,0.052
A0A842RJ23,0.052
A0A497PXY3,0.052
A0A1Q9NHL4,0.052
A0A850MMU2,0.052
A0A842VKP0,0.052
A0A3L6JPR0,0.052
A0A0F8WEF8,0.052
A0A842QG39,0.052
A0A7K4CUB9,0.052
A0A524G2K6,0.052
A0A524C5A3,0.052
A0A524EIP1,0.052
A0A0F8VHJ8,0.052
A0A5C9EU51,0.052
A0A842TQA8,0.052
A0A7K4D0M2,0.052
A0A524EI14,0.052
A0A524FCQ4,0.052
A0A7K4CPS4,0.052
A0A524CSB7,0.052
A0A850MYA0,0.052
A0A842TV64,0.052
A0A524CIE9,0.052
A0A5C9F0H3,0.052
A0A524EFY7,0.052
A0A524M0I6,0.052
A0A3L6JI42,0.052
A0A842U9S3,0.052
A0A1Q9P0N7,0.052
A0A524FRU0,0.052
A0A842YH68,0.052
A0A842S0M1,0.052
A0A524D059,0.052
A0A497QND0,0.052
A0A5C9EZ21,0.052
A0A842W5X1,0.052
A0A523S0B3,0.052
A0A7K4H009,0.052
A0A524EQ98,0.052
A0A524FVE5,0.052
A0A524CD26,0.052
A0A842VIR3,0.052
A0A7K4H0F8,0.052
A0A497PGS2,0.052
A0A523X612,0.052
A0A524FFD0,0.052
A0A524ED60,0.052
A0A1Q9NLS8,0.052
A0A5C9EGZ3,0.052
A0A497R916,0.052
A0A497QIH0,0.052
A0A497QHZ7,0.052
A0A524E3Z7,0.052
A0A842YG85,0.052
A0A524CC39,0.052
A0A842RBD2,0.051
A0A2U3CJC4,0.051
A0A1Q9NAD6,0.051
A0A523TLJ9,0.051
A0A524CKH3,0.051
A0A842QJY5,0.051
A0A850M6R9,0.051
A0A5C9EE58,0.051
A0A524FC99,0.051
A0A497QX34,0.051
A0A842RL20,0.051
A0A850MR09,0.051
A0A842W254,0.051
A0A850LYH1,0.051
A0A135VDV0,0.051
A0A1Q9MUU8,0.051
A0A2U3CH73,0.051
A0A842TLE7,0.051
A0A5C9ER27,0.051
A0A524F9U4,0.051
A0A7K4GZK0,0.051
A0A7K4GMR2,0.051
A0A1Q9PES6,0.051
A0A1Q9NDR0,0.051
A0A523X514,0.051
A0A0F8V9H4,0.051
A0A524FRR6,0.051
A0A5B9DGH8,0.051
A0A3L6J9Y9,0.051
A0A850MPK6,0.051
A0A1Q9PFP6,0.051
A0A532TNB0,0.051
A0A497QQY1,0.051
A0A523SDX0,0.051
A0A523S168,0.051
A0A3L6JB20,0.051
A0A523RB98,0.051
A0A842RMH2,0.051
A0A842WSC0,0.051
A0A497PMS7,0.051
A0A2U3CFV2,0.051
A0A497QL11,0.051
A0A524FYI0,0.051
A0A842W2L1,0.051
A0A1Q9NJ24,0.051
A0A842RBW0,0.051
A0A1Q9NAL4,0.051
A0A524DCR1,0.051
A0A497QB87,0.051
A0A524G745,0.051
A0A842RDK2,0.051
A0A524F0G9,0.051
A0A850LS80,0.051
A0A3L6JPG0,0.051
A0A5C9EJN3,0.051
A0A850M8Q7,0.051
A0A1Q9P423,0.051
A0A524DQD8,0.051
A0A842TKT7,0.051
A0A843C5P8,0.051
A0A497PXG5,0.051
A0A1Q9P561,0.051
A0A3L6JLD3,0.051
A0A5C9EB91,0.051
A0A842W0C0,0.051
A0A842TFP0,0.051
A0A524DF67,0.051
A0A524CRD8,0.051
A0A5C9EXF2,0.051
A0A2U3CHY1,0.051
A0A524C2X2,0.051
A0A850MDR4,0.051
A0A524FP32,0.051
A0A842WP13,0.051
A0A524E8U2,0.051
A0A842U421,0.051
A0A842VB21,0.051
A0A843BZD9,0.051
A0A1Q9NXB6,0.051
A0A524EBA8,0.051
A0A849QCK3,0.051
A0A7K4CU21,0.051
A0A842QAV0,0.051
A0A3L6JFH8,0.051
A0A3L6JNU2,0.051
A0A2U3CJI9,0.051
A0A497PC46,0.051
A0A850MXG8,0.051
A0A842VCW1,0.051
A0A1Q9N9Z1,0.051
A0A523XLK3,0.051
A0A850M9A5,0.051
A0A7K4IB44,0.051
A0A135VJY7,0.051
A0A524M243,0.051
A0A0F8VBY1,0.051
A0A842V9L3,0.051
A0A0F8V8H8,0.051
A0A7K4H4B2,0.051
A0A135VSV3,0.051
A0A532TK92,0.051
A0A523S0Z0,0.051
A0A523RBZ1,0.051
A0A524F3W6,0.051
A0A524FKC2,0.051
A0A850ME52,0.051
A0A524FZU7,0.051
A0A842VVY8,0.051
A0A523RMU4,0.051
A0A1Q9MY31,0.051
A0A0F8XKL9,0.051
A0A5B9D8G2,0.051
A0A5C9E7D0,0.051
A0A523X7Z3,0.051
A0A524LNG0,0.051
A0A3L6JBQ2,0.051
A0A524LY66,0.051
A0A497QYM3,0.051
A0A5C9ES03,0.051
A0A523TAN6,0.051
A0A7K4HAU4,0.051
A0A842WPW0,0.051
A0A842QGA9,0.051
A0A842TD40,0.051
A0A7K4D120,0.051
A0A1Q9NAT2,0.051
A0A850MAJ7,0.051
A0A532TNB3,0.051
A0A3L6JRA3,0.051
A0A7K4CZ68,0.051
A0A524CI57,0.051
A0A7K4H2J7,0.051
A0A7K4IC27,0.051
A0A524F369,0.051
A0A0F8XKS1,0.051
A0A850LVX5,0.051
A0A1Q9NCH3,0.051
A0A1Q9PCY5,0.051
A0A7K4CTQ2,0.051
A0A497QN10,0.051
A0A497PMY5,0.051
A0A524LG89,0.051
A0A2U3CFF9,0.051
A0A850LRC4,0.051
A0A135VPM9,0.051
A0A524DMY6,0.051
A0A524D5R8,0.051
A0A842VXR9,0.051
A0A524F7E5,0.051
A0A497QVH8,0.051
A0A842RZY7,0.051
A0A524FEI6,0.051
A0A7K4CSS6,0.051
A0A5C9EBF7,0.051
A0A524G345,0.051
A0A135VKV1,0.051
A0A1Q9NHM8,0.051
A0A842QJD1,0.051
A0A524G8A7,0.051
A0A842RRH9,0.051
A0A523SAH9,0.051
A0A842QB09,0.051
A0A497PH87,0.051
A0A524DX67,0.051
A0A523TMQ0,0.051
A0A842WT45,0.051
A0A5C9EFJ7,0.051
A0A842VT02,0.051
A0A842QF89,0.051
A0A5C9EV20,0.051
A0A135VW87,0.051
A0A1Q9NMG2,0.051
A0A5C9E316,0.051
A0A842W161,0.051
A0A524G813,0.051
A0A524G5F2,0.051
A0A524FNZ9,0.051
A0A1Q9MX51,0.051
A0A3L6JDR5,0.051
A0A7K4H046,0.051
A0A524DJI1,0.051
A0A523X8L2,0.051
A0A524C497,0.051
A0A1Q9N279,0.051
A0A1Q9PD04,0.051
A0A524LBP2,0.051
A0A1Q9NYU7,0.051
A0A497QUB7,0.051
A0A524M5H3,0.051
A0A842TN37,0.051
A0A135VIB1,0.051
A0A524F426,0.051
A0A524E1F9,0.051
A0A5C9ETX5,0.051
A0A7K4IBN9,0.051
A0A5C9E268,0.051
A0A5C9DV02,0.051
A0A0F8VW93,0.051
A0A7K4CXM6,0.051
A0A842VLP7,0.051
A0A850M302,0.051
A0A1Q9N421,0.051
A0A7K4GL12,0.051
A0A524CRA5,0.051
A0A1Q9N1L9,0.051
A0A842TH83,0.051
A0A842VUD1,0.051
A0A0F8YD42,0.051
A0A524E5P7,0.051
A0A135VVU1,0.051
A0A524CJI8,0.051
A0A523XH22,0.051
A0A523RVN4,0.051
A0A7K4H7J8,0.051
A0A850MDT4,0.051
A0A497PXQ7,0.051
A0A5C9E8E1,0.051
A0A5C9EEG7,0.051
A0A2U3CK65,0.051
A0A842QIW5,0.051
A0A1Q9MSF3,0.051
A0A850LXM3,0.051
A0A524CBR4,0.051
A0A524EWK9,0.051
A0A850LYJ7,0.051
A0A523TBH9,0.051
A0A850LPU9,0.051
A0A5C9E101,0.051
A0A524ETS3,0.051
A0A7K4CQX6,0.051
A0A842TK39,0.051
A0A524E310,0.051
A0A842VVC4,0.051
A0A1Q9NI27,0.051
A0A7K4CYH2,0.051
A0A850LSI5,0.051
A0A524FY44,0.051
A0A850MS87,0.051
A0A850LR80,0.051
A0A7K4CZ10,0.051
A0A0F8VGD8,0.051
A0A135VSC1,0.051
A0A497QI38,0.051
A0A1Q9NXL7,0.051
A0A497PVZ0,0.051
A0A1Q9MVJ4,0.051
A0A524EAI3,0.051
A0A850LQH0,0.051
A0A1Q9NVM2,0.051
A0A7K4CVE3,0.051
A0A842TMH7,0.051
A0A524C3I7,0.051
A0A2U3CI90,0.051
A0A523VMV9,0.051
A0A842VNZ5,0.051
A0A497PCA7,0.051
A0A523XQK5,0.051
A0A523RFH4,0.051
A0A7K4GMH2,0.051
A0A497RAS4,0.051
A0A135VXI4,0.051
A0A3L6JID4,0.051
A0A850MMB0,0.051
A0A524FAA9,0.051
A0A497QUQ6,0.051
A0A850LPV4,0.051
A0A5B9DBV9,0.051
A0A524EV99,0.051
A0A842TF59,0.051
A0A850MTU7,0.051
A0A7K4CW66,0.051
A0A524FSY2,0.051
A0A5C9EBL6,0.051
A0A1Q9MQF6,0.051
A0A1Q9NPG8,0.051
A0A842TKJ7,0.051
A0A497PR64,0.051
A0A850M1F9,0.051
A0A524DZ83,0.051
A0A497PEQ8,0.051
A0A842VE90,0.051
A0A842T9L0,0.051
A0A3L6J6N7,0.051
A0A524END0,0.051
A0A842T0L8,0.051
A0A524EVY2,0.051
A0A842T6B8,0.051
A0A3L6JKX4,0.051
A0A497PUK7,0.051
A0A524F432,0.051
A0A1Q9NI21,0.051
A0A7K4CZ56,0.051
A0A1Q9NZL7,0.051
A0A497Q6T7,0.051
A0A523TMY3,0.051
A0A524CX10,0.051
A0A842U9U4,0.051
A0A842QFE3,0.051
A0A842W1K1,0.051
A0A532TLU7,0.051
A0A524P1U0,0.051
A0A850MBQ1,0.051
A0A524C334,0.051
A0A5C9EG37,0.051
A0A5C9ETC8,0.051
A0A135VXS8,0.051
A0A842RRB3,0.051
A0A532THA0,0.051
A0A524ETG4,0.051
A0A842TPK8,0.051
A0A5C9EKB5,0.051
A0A7K4GPD2,0.051
A0A7K4H2J8,0.051
A0A5C9EKS5,0.051
A0A135VUS1,0.051
A0A524LJG3,0.051
A0A850M641,0.051
A0A0F8W101,0.051
A0A524CTR2,0.051
A0A5C9E8C4,0.051
A0A850MKK5,0.051
A0A524CHR3,0.051
A0A135VCI6,0.051
A0A1Q9MSP6,0.051
A0A1Q9MRG4,0.051
A0A5C9EH65,0.051
A0A3L6JB05,0.051
A0A1Q9NY96,0.051
A0A842TPK4,0.051
A0A1Q9P2T1,0.05
A0A524FE21,0.05
A0A7K4D085,0.05
A0A1Q9MZD4,0.05
A0A7K4HAP2,0.05
A0A842RKG6,0.05
A0A842QG37,0.05
A0A523S1T4,0.05
A0A850M106,0.05
A0A5B9D6D5,0.05
A0A524FC74,0.05
A0A843BX67,0.05
A0A524FVJ2,0.05
A0A7K4I9X6,0.05
A0A7K4H5V8,0.05
A0A850M629,0.05
A0A524MEC2,0.05
A0A5C9EBW4,0.05
A0A843BR68,0.05
A0A532THV3,0.05
A0A849QCU0,0.05
A0A497Q1V0,0.05
A0A7K4H9T8,0.05
A0A850M006,0.05
A0A5C9E714,0.05
A0A7K4H1I4,0.05
A0A524D7V6,0.05
A0A524EY26,0.05
A0A524F2Z2,0.05
A0A524DB96,0.05
A0A7K4D0W4,0.05
A0A842U4W0,0.05
A0A1Q9NHG0,0.05
A0A5B9D7P8,0.05
A0A524DDR7,0.05
A0A524C5G6,0.05
A0A842VPK3,0.05
A0A842RDX9,0.05
A0A842RK89,0.05
A0A1Q9N040,0.05
A0A1Q9P467,0.05
A0A850MEN2,0.05
A0A523RXD5,0.05
A0A850LW80,0.05
A0A524EAA4,0.05
A0A524D7C3,0.05
A0A1Q9NXH7,0.05
A0A524CHN4,0.05
A0A497PPY2,0.05
A0A7K4HCT4,0.05
A0A5B9D7V0,0.05
A0A842VVU6,0.05
A0A1Q9NSE3,0.05
A0A843C4Q8,0.05
A0A497Q155,0.05
A0A497RC23,0.05
A0A524DE64,0.05
A0A5C9EZA3,0.05
A0A842YC13,0.05
A0A1Q9PEW3,0.05
A0A524MKC8,0.05
A0A497QLT4,0.05
A0A850M5X4,0.05
A0A524ESZ8,0.05
A0A497QJC2,0.05
A0A524DR95,0.05
A0A497QIB1,0.05
A0A532TEK8,0.05
A0A850M221,0.05
A0A842WNL6,0.05
A0A135VFA8,0.05
A0A532TQN6,0.05
A0A524P6R4,0.05
A0A842RAU6,0.05
A0A497PIG8,0.05
A0A524LXW1,0.05
A0A1Q9N0P9,0.05
A0A842YBF9,0.05
A0A524DBI6,0.05
A0A842QFN8,0.05
A0A497PQM9,0.05
A0A842TZY2,0.05
A0A524D069,0.05
A0A3L6J8Q9,0.05
A0A7K4HK54,0.05
A0A1Q9P302,0.05
A0A842QJQ9,0.05
A0A532TBQ0,0.05
A0A135VWE2,0.05
A0A842QIR9,0.05
A0A524CT53,0.05
A0A497QN32,0.05
A0A850M2C8,0.05
A0A842T8V5,0.05
A0A842RH14,0.05
A0A5B9DFI6,0.05
A0A5B9D977,0.05
A0A1Q9NFD0,0.05
A0A850MD63,0.05
A0A850LX61,0.05
A0A524FBP9,0.05
A0A524EL89,0.05
A0A1Q9NS71,0.05
A0A842SX32,0.05
A0A1Q9NJM1,0.05
A0A3L6JKC6,0.05
A0A1Q9NCF6,0.05
A0A524FTE6,0.05
A0A7K4IAM6,0.05
A0A842RL68,0.05
A0A135VI58,0.05
A0A842WQK3,0.05
A0A524FJU8,0.05
A0A524ET40,0.05
A0A7K4CTH7,0.05
A0A524FVJ0,0.05
A0A1Q9NVK1,0.05
A0A7K4CZF9,0.05
A0A842VTU8,0.05
A0A7K4GY82,0.05
A0A497R4D8,0.05
A0A7K4IBX4,0.05
A0A849QHJ9,0.05
A0A524DEB2,0.05
A0A524FKE5,0.05
A0A5C9E8S3,0.05
A0A1Q9PCM3,0.05
A0A842RYL8,0.05
A0A842U2U0,0.05
A0A524E231,0.05
A0A523RH78,0.05
A0A1Q9MY16,0.05
A0A524DZN5,0.05
A0A524EX24,0.05
A0A497R7T0,0.05
A0A842TRY8,0.05
A0A497QY92,0.05
A0A850LXS5,0.05
A0A524FCC8,0.05
A0A524FCX1,0.05
A0A1Q9NTJ0,0.05
A0A524D0A9,0.05
A0A524EJ04,0.05
A0A524DRG4,0.05
A0A2U3CFI9,0.05
A0A842VPT0,0.05
A0A135VC20,0.05
A0A1Q9NKN8,0.05
A0A850MQF2,0.05
A0A842U629,0.05
A0A524EJB3,0.05
A0A524C333,0.05
A0A7K4H1M4,0.05
A0A850LYV9,0.05
A0A842RAE7,0.05
A0A842T4C1,0.05
A0A524E4G3,0.05
A0A7K4H9Z5,0.05
A0A524NRH5,0.05
A0A7C0U8I2,0.05
A0A850MKG9,0.05
A0A2U3CET0,0.05
A0A842U6U7,0.05
A0A842VZ61,0.05
A0A2U3CCG4,0.05
A0A3L6JBD2,0.05
A0A524C2P5,0.05
A0A3L6JE66,0.05
A0A842RF96,0.05
A0A497R7B0,0.05
A0A842WQ32,0.05
A0A497QX62,0.05
A0A842VQF9,0.05
A0A524CAV6,0.05
A0A842U548,0.05
A0A523SCB5,0.05
A0A2U3CCX1,0.05
A0A135VSI4,0.05
A0A842VIQ4,0.05
A0A497Q8B6,0.05
A0A524CNU8,0.05
A0A1Q9PFS9,0.05
A0A5C9EDF2,0.05
A0A0F8XIS7,0.05
A0A2E9CF76,0.05
A0A842U644,0.05
A0A524FXT7,0.05
A0A135VTY1,0.05
A0A497Q5W8,0.05
A0A849QHL3,0.05
A0A849Q7N0,0.05
A0A5C9DVE7,0.05
A0A524CNR4,0.05
A0A842QGG3,0.05
A0A842QBP7,0.05
A0A497QJ75,0.05
A0A842VQJ2,0.05
A0A850LZS8,0.05
A0A850M633,0.05
A0A524ECM9,0.05
A0A524FDH7,0.05
A0A842T8R9,0.05
A0A524C394,0.05
A0A5C9EEP0,0.05
A0A532T8Z4,0.05
A0A842U8X0,0.05
A0A850MFR4,0.05
A0A524CD58,0.05
A0A5C9EXE4,0.05
A0A5C9EDG5,0.05
A0A1Q9NKP3,0.05
A0A842VHP0,0.05
A0A842S061,0.05
A0A850MQD3,0.05
A0A7K4CX30,0.05
A0A523XAY5,0.05
A0A842WW71,0.05
A0A850LUU1,0.05
A0A7K4CX97,0.05
A0A524G9P5,0.05
A0A842VSV9,0.05
A0A135VEY1,0.05
A0A1Q9NZP9,0.05
A0A842R8A2,0.05
A0A1Q9NMR5,0.05
A0A0F8YBQ9,0.05
A0A1Q9NNH4,0.05
A0A842SZ99,0.05
A0A135VEW8,0.05
A0A523RXJ8,0.05
A0A842QI91,0.05
A0A842RKP1,0.05
A0A5C9EDM5,0.05
A0A497QGX1,0.05
A0A524CFH6,0.05
A0A1Q9P8X4,0.05
A0A7K4HIL1,0.05
A0A524E2V0,0.05
A0A7K4HK69,0.05
A0A5C9EL64,0.05
A0A0F8Y434,0.05
A0A524P281,0.05
A0A7K4GXW8,0.05
A0A1Q9NP22,0.05
A0A5B9DG00,0.05
A0A524F1Z1,0.05
A0A135VF94,0.05
A0A850LS64,0.05
A0A850LYN8,0.05
A0A5B9D8V0,0.05
A0A1Q9PBG8,0.05
A0A1Q9NBR3,0.05
A0A523S0D6,0.05
A0A524LMD2,0.05
A0A7K4H9C4,0.05
A0A7K4HAU2,0.05
A0A842U478,0.05
A0A523SB30,0.05
A0A524DTK5,0.05
A0A850LU93,0.05
A0A7K4CS63,0.05
A0A842TF33,0.05
A0A1Q9N072,0.05
A0A850MHT5,0.05
A0A842WNM7,0.05
A0A850LP18,0.05
A0A0F8XM07,0.05
A0A1Q9NCP2,0.05
A0A524F618,0.05
A0A850MA62,0.05
A0A7K4CTE6,0.05
A0A135VY40,0.05
A0A842WTS6,0.05
A0A524ETA4,0.05
A0A524CPU3,0.05
A0A532TTK0,0.05
A0A524FVN4,0.05
A0A524DF76,0.05
A0A523TGW6,0.05
A0A842TE59,0.05
A0A843BZV3,0.05
A0A842S0W8,0.05
A0A524F213,0.05
A0A842REW0,0.05
A0A532TAZ2,0.05
A0A523TI40,0.05
A0A532TEQ8,0.05
A0A1Q9MY67,0.05
A0A524EEC2,0.05
A0A524EII3,0.05
A0A842RMM8,0.05
A0A524LM59,0.05
A0A524NU06,0.05
A0A524LFD4,0.05
A0A842TDK5,0.05
A0A497QMM0,0.05
A0A523RFT1,0.05
A0A842RJ61,0.05
A0A497QPM5,0.05
A0A842U896,0.05
A0A524DBV7,0.05
A0A842VDE5,0.05
A0A1Q9P2G1,0.05
A0A532TP35,0.05
A0A524DMC1,0.05
A0A842T932,0.05
A0A532TC54,0.05
A0A497QRV9,0.05
A0A497QG75,0.05
A0A523TJ28,0.05
A0A0F8W9X9,0.05
A0A842VJR2,0.05
A0A3L6JAP4,0.05
A0A842VM85,0.05
A0A524FM15,0.05
A0A850MH53,0.05
A0A524FU88,0.05
A0A7K4IH98,0.05
A0A1Q9NXH6,0.05
A0A0F8W399,0.05
A0A7K4CW65,0.05
A0A497QRI8,0.05
A0A850MJ98,0.05
A0A497PS14,0.05
A0A1Q9PE31,0.05
A0A497QRZ5,0.05
A0A1Q9NL46,0.05
A0A5C9EV19,0.05
A0A135VFU3,0.05
A0A842TMP0,0.05
A0A7K4H6K3,0.05
A0A5C9E0T7,0.05
A0A497QLP9,0.05
A0A3L6JR15,0.05
A0A5C9E8J4,0.05
A0A1Q9NNG6,0.05
A0A523S8C7,0.05
A0A497R063,0.05
A0A497Q4W9,0.05
A0A497Q7H0,0.05
A0A5B9DFH9,0.05
A0A842SZN1,0.05
A0A842RQE0,0.05
A0A0F8XWN1,0.05
A0A1Q9NBN0,0.05
A0A1Q9PAU3,0.05
A0A524CFQ6,0.05
A0A7K4CND1,0.05
A0A1Q9MY90,0.05
A0A497QQW3,0.05
A0A7K4CTD1,0.05
A0A3L6JDS1,0.05
A0A0F8YD93,0.05
A0A524FEU6,0.05
A0A1Q9N2V0,0.05
A0A842U6J8,0.05
A0A842U6S2,0.05
A0A1Q9P825,0.05
A0A1Q9NFD9,0.05
A0A5C9EFH4,0.05
A0A2U3CIF5,0.05
A0A135VS07,0.049
A0A524C2G9,0.049
A0A497QJN7,0.049
A0A524G1H8,0.049
A0A524C317,0.049
A0A7K4GPR8,0.049
A0A524D823,0.049
A0A842TEP4,0.049
A0A524P500,0.049
A0A135VAZ2,0.049
A0A497QF60,0.049
A0A497QSN9,0.049
A0A842VM43,0.049
A0A2U3CER6,0.049
A0A1Q9PBZ3,0.049
A0A842W3I5,0.049
A0A1Q9P4W9,0.049
A0A850LUJ9,0.049
A0A497QQK8,0.049
A0A1Q9MQC7,0.049
A0A524EE65,0.049
A0A7K4HEZ9,0.049
A0A842T5P6,0.049
A0A524F2N1,0.049
A0A523R9G2,0.049
A0A524CG45,0.049
A0A497Q1W8,0.049
A0A497QX11,0.049
A0A850LZZ5,0.049
A0A5C9ED09,0.049
A0A532TNH1,0.049
A0A497PHJ0,0.049
A0A524DIU7,0.049
A0A524M0Z2,0.049
A0A842VVY9,0.049
A0A524DD66,0.049
A0A842RUW1,0.049
A0A7K4IAX0,0.049
A0A135VUV0,0.049
A0A7K4H097,0.049
A0A3L6JA57,0.049
A0A1Q9P2K8,0.049
A0A850LZY1,0.049
A0A842W1X2,0.049
A0A842W0E5,0.049
A0A524CFP9,0.049
A0A842RCG5,0.049
A0A7K4GR40,0.049
A0A497QG29,0.049
A0A1Q9NGL9,0.049
A0A0F8VP37,0.049
A0A5C9F004,0.049
A0A842S2R9,0.049
A0A523THM7,0.049
A0A850MDB7,0.049
A0A849QH75,0.049
A0A497QLI1,0.049
A0A524CFE8,0.049
A0A1Q9P1Z1,0.049
A0A842T7I9,0.049
A0A524LBE6,0.049
A0A524FLB5,0.049
A0A1Q9NAC6,0.049
A0A842VW83,0.049
A0A3L6JDI8,0.049
A0A523RP02,0.049
A0A497PSU5,0.049
A0A497QTK6,0.049
A0A5C9E7L7,0.049
A0A524DWH8,0.049
A0A7K4D0K6,0.049
A0A523R9L4,0.049
A0A7K4GSP0,0.049
A0A1Q9NS88,0.049
A0A524F5T8,0.049
A0A497PQ72,0.049
A0A523XN33,0.049
A0A523RAW2,0.049
A0A524LIF9,0.049
A0A524P3X7,0.049
A0A5C9EXW3,0.049
A0A0F8VJ76,0.049
A0A524EDC3,0.049
A0A524FF63,0.049
A0A497PLB2,0.049
A0A7K4CZF2,0.049
A0A850MUH9,0.049
A0A842WQ88,0.049
A0A1Q9NT06,0.049
A0A843BVF9,0.049
A0A524CEF5,0.049
A0A7K4HEL7,0.049
A0A5C9EZD2,0.049
A0A850LSZ6,0.049
A0A1Q9PG51,0.049
A0A1Q9NI66,0.049
A0A497QKT4,0.049
A0A523VU41,0.049
A0A1Q9P812,0.049
A0A1Q9MWS9,0.049
A0A850M4B8,0.049
A0A0F8W8Y6,0.049
A0A850MBQ8,0.049
A0A524FTJ6,0.049
A0A497PG58,0.049
A0A842QB64,0.049
A0A843BMY8,0.049
A0A1Q9MSD9,0.049
A0A850LYT9,0.049
A0A5C9ES16,0.049
A0A2U3CG93,0.049
A0A850MMY4,0.049
A0A7K4IAJ8,0.049
A0A5C9E0W0,0.049
A0A524F5K5,0.049
A0A842YD55,0.049
A0A843BNK3,0.049
A0A524GAK7,0.049
A0A497QMY1,0.049
A0A523X555,0.049
A0A497P840,0.049
A0A842T2L2,0.049
A0A523TIH3,0.049
A0A524CLR5,0.049
A0A524E7B0,0.049
A0A3L6JKT7,0.049
A0A524FXS4,0.049
A0A524DU86,0.049
A0A842T6D0,0.049
A0A842T333,0.049
A0A842RCC9,0.049
A0A497QBM9,0.049
A0A524CJS6,0.049
A0A1Q9MWI7,0.049
A0A497R2B1,0.049
A0A0F8XTY6,0.049
A0A1Q9MVC6,0.049
A0A5C9EJA7,0.049
A0A524F2V4,0.049
A0A2U3CII1,0.049
A0A3L6J8N6,0.049
A0A523RGD0,0.049
A0A524E899,0.049
A0A7K4HBN5,0.049
A0A524CFC1,0.049
A0A842VG04,0.049
A0A842VLF3,0.049
A0A5B9D8S2,0.049
A0A524FLH8,0.049
A0A523RGI0,0.049
A0A842YFB0,0.049
A0A135VYK3,0.049
A0A524FHL0,0.049
A0A5C9E5X1,0.049
A0A523VPA6,0.049
A0A3L6JFU1,0.049
A0A1Q9N9B3,0.049
A0A497PM11,0.049
A0A524LKG4,0.049
A0A523XM46,0.049
A0A524FI45,0.049
A0A1Q9P2D9,0.049
A0A497QII8,0.049
A0A842RCN6,0.049
A0A1Q9N8N8,0.049
A0A0F8XZB0,0.049
A0A135VUL5,0.049
A0A497QNC0,0.049
A0A7K4D148,0.049
A0A850MHV5,0.049
A0A523RG36,0.049
A0A524MB74,0.049
A0A524E3G0,0.049
A0A842SWG4,0.049
A0A524CCM7,0.049
A0A842VNK2,0.049
A0A524DZI2,0.049
A0A524DQK0,0.049
A0A842TIT3,0.049
A0A532TSV8,0.049
A0A523RAD6,0.049
A0A1Q9MZC4,0.049
A0A850MRF6,0.049
A0A524CFS9,0.049
A0A7K4CYL4,0.049
A0A135VG27,0.049
A0A842RCG0,0.049
A0A842VV61,0.049
A0A135VH45,0.049
A0A5B9DDT7,0.049
A0A843BRD2,0.049
A0A135VEY9,0.049
A0A7K4HIX3,0.049
A0A850LTC7,0.049
A0A1Q9N1N0,0.049
A0A497QK43,0.049
A0A524CR75,0.049
A0A842WUP7,0.049
A0A524E045,0.049
A0A497QI43,0.049
A0A2U3CB81,0.049
A0A523RUC3,0.049
A0A842TB20,0.049
A0A850LRG5,0.049
A0A523TS11,0.049
A0A5C9DZA0,0.049
A0A842U501,0.049
A0A524CE66,0.049
A0A524EIR3,0.049
A0A524FQ37,0.049
A0A524D7X1,0.049
A0A850MQ33,0.049
A0A523XGH1,0.049
A0A1Q9MY79,0.049
A0A850MJV6,0.049
A0A842VS38,0.049
A0A524DRM6,0.049
A0A524CXY5,0.049
A0A524CMB3,0.049
A0A524EQZ0,0.049
A0A524L7Y9,0.049
A0A524DEN6,0.049
A0A3L6J6L6,0.049
A0A497QIE6,0.049
A0A5C9ESF9,0.049
A0A524FEH8,0.049
A0A497QZV7,0.049
A0A3L6JQH3,0.049
A0A524DBX0,0.049
A0A7K4GL60,0.049
A0A842U3V3,0.049
A0A1Q9N0Z7,0.049
A0A497PC57,0.049
A0A523XJ54,0.049
A0A497QNH1,0.049
A0A497PDZ9,0.049
A0A1Q9N0G6,0.049
A0A850LZ56,0.049
A0A7K4GN32,0.049
A0A842V9Q2,0.049
A0A2U3CJH0,0.049
A0A135VEN8,0.049
A0A497QGR4,0.049
A0A524D9U8,0.049
A0A842U631,0.049
A0A524FEK6,0.049
A0A7K4H7L5,0.049
A0A850MC48,0.049
A0A3L6JF26,0.049
A0A7K4H588,0.049
A0A1Q9P364,0.049
A0A2U3CH64,0.049
A0A524CCH4,0.049
A0A497PJL1,0.049
A0A1Q9NYG3,0.049
A0A524G013,0.049
A0A7K4GNS5,0.049
A0A497R0B8,0.049
A0A497QK06,0.049
A0A3L6JG09,0.049
A0A523S1S5,0.049
A0A524CFD7,0.049
A0A1Q9NPL6,0.049
A0A1Q9PBA9,0.049
A0A5C9EPZ4,0.049
A0A842T7I7,0.049
A0A842QCS6,0.049
A0A842TQ77,0.049
A0A842VUB3,0.049
A0A5C9EDF1,0.049
A0A524DFW1,0.049
A0A524FAE5,0.049
A0A2U3CHG7,0.049
A0A842TJ75,0.049
A0A850MPQ2,0.049
A0A497PKE0,0.049
A0A524DFD1,0.049
A0A850MPJ3,0.049
A0A5C9EEU7,0.049
A0A1Q9MUQ7,0.049
A0A5C9DZ76,0.049
A0A1Q9MSW9,0.049
A0A523TEW3,0.049
A0A3L6JS34,0.049
A0A497QGI6,0.049
A0A497QDM7,0.049
A0A850MG51,0.049
A0A524EGP9,0.049
A0A3L6JEB9,0.049
A0A2U3CDE4,0.049
A0A524G4Q4,0.049
A0A3L6JQN1,0.049
A0A524CP34,0.049
A0A842VEI9,0.049
A0A497PQM8,0.049
A0A5C9DW61,0.049
A0A497QRT4,0.049
A0A524EKM1,0.049
A0A497PDY3,0.049
A0A5C9EB05,0.049
A0A5C9ERY2,0.049
A0A850MUE0,0.049
A0A524C226,0.049
A0A842T376,0.049
A0A7C0U9X3,0.049
A0A842YCQ3,0.049
A0A524EFP3,0.049
A0A524F1L5,0.049
A0A7K4H243,0.049
A0A842WTA6,0.049
A0A5C9DXQ2,0.049
A0A7K4CUK8,0.049
A0A842TTY7,0.049
A0A524FC26,0.049
A0A7K4GQK3,0.049
A0A523TEZ3,0.049
A0A524DHE0,0.049
A0A850MG58,0.049
A0A850LWZ6,0.049
A0A1Q9PDP0,0.049
A0A5C9EUQ3,0.049
A0A1Q9MX50,0.049
A0A523RTF0,0.049
A0A1Q9NEQ3,0.049
A0A5B9DEU8,0.049
A0A524E0E0,0.049
A0A850ME21,0.049
A0A842VNR4,0.049
A0A850ML89,0.049
A0A497R2V9,0.049
A0A497QQK1,0.049
A0A0F8VNW3,0.049
A0A842R9J2,0.049
A0A524F1D4,0.049
A0A3L6J7B7,0.049
A0A524EIN4,0.049
A0A135VS53,0.049
A0A850LV94,0.049
A0A3L6J836,0.048
A0A842RHG3,0.048
A0A524FEK8,0.048
A0A524EC58,0.048
A0A1Q9N4F8,0.048
A0A5C9EZT4,0.048
A0A7K4GMS5,0.048
A0A524C2L1,0.048
A0A524FG96,0.048
A0A524FJH2,0.048
A0A1Q9PAR1,0.048
A0A5C9EV80,0.048
A0A524E2C6,0.048
A0A1Q9N3Y6,0.048
A0A497R4P4,0.048
A0A842SBN5,0.048
A0A135VUC2,0.048
A0A850LU51,0.048
A0A497R6R4,0.048
A0A1Q9NZF8,0.048
A0A497PUD6,0.048
A0A497QWV2,0.048
A0A7K4IFX8,0.048
A0A7C0U951,0.048
A0A7K4D1G6,0.048
A0A497Q8J7,0.048
A0A7K4H1D2,0.048
A0A497QI64,0.048
A0A5B9DAG8,0.048
A0A524CNS2,0.048
A0A1Q9PA25,0.048
A0A5B9D676,0.048
A0A532TQD2,0.048
A0A3L6JR60,0.048
A0A497R097,0.048
A0A523X665,0.048
A0A7K4H6M8,0.048
A0A497R5T6,0.048
A0A842VCA2,0.048
A0A524D0P5,0.048
A0A524E1X8,0.048
A0A524C3P2,0.048
A0A497PIR1,0.048
A0A3L6J8C8,0.048
A0A532TYC4,0.048
A0A524D0W1,0.048
A0A842RNL3,0.048
A0A842TMQ5,0.048
A0A532T6J3,0.048
A0A850MDT9,0.048
A0A532T930,0.048
A0A2E9CFJ2,0.048
A0A497QKB2,0.048
A0A1Q9NSY2,0.048
A0A523TK38,0.048
A0A7K4CUA6,0.048
A0A7K4H936,0.048
A0A497QMX7,0.048
A0A3L6JHC8,0.048
A0A523XIK6,0.048
A0A524EIA6,0.048
A0A1Q9N010,0.048
A0A497QKD3,0.048
A0A497PLY8,0.048
A0A7K4HDE8,0.048
A0A5C9ED29,0.048
A0A524C1V4,0.048
A0A524EZL6,0.048
A0A497QKX9,0.048
A0A524C965,0.048
A0A524FMX2,0.048
A0A2E9CDQ6,0.048
A0A850LZ78,0.048
A0A524CYR2,0.048
A0A842W0K3,0.048
A0A3L6JNF0,0.048
A0A842QI04,0.048
A0A850MF49,0.048
A0A850ML77,0.048
A0A523XBP3,0.048
A0A497QLW6,0.048
A0A0F8W807,0.048
A0A5C9EY58,0.048
A0A524CIZ0,0.048
A0A842W1H7,0.048
A0A7C0U932,0.048
A0A524MI91,0.048
A0A1Q9NTT6,0.048
A0A524CHK9,0.048
A0A524DLP9,0.048
A0A524ERL3,0.048
A0A135VHQ6,0.048
A0A523RQ68,0.048
A0A497QBD0,0.048
A0A523RUV7,0.048
A0A524CND8,0.048
A0A497PHE6,0.048
A0A850M3G4,0.048
A0A7C0YB88,0.048
A0A524FCV1,0.048
A0A497PKW3,0.048
A0A524FEH1,0.048
A0A7K4GXK5,0.048
A0A1Q9P4D9,0.048
A0A524E3W1,0.048
A0A5C9DZM5,0.048
A0A524P2L4,0.048
A0A135VXH0,0.048
A0A842WXY1,0.048
A0A842RCL4,0.048
A0A524FEQ4,0.048
A0A842TEY0,0.048
A0A7K4H9N1,0.048
A0A1Q9NYF2,0.048
A0A842TB49,0.048
A0A497QC31,0.048
A0A524EDH4,0.048
A0A2E9CG48,0.048
A0A5B9DDR5,0.048
A0A1Q9P7Q0,0.048
A0A842YCN8,0.048
A0A524D9T3,0.048
A0A524EJW4,0.048
A0A524CCG2,0.048
A0A524E9B1,0.048
A0A842W5I0,0.048
A0A849QDF2,0.048
A0A5C9EAF6,0.048
A0A524E227,0.048
A0A524EI05,0.048
A0A7K4HFD1,0.048
A0A7K4H019,0.048
A0A5C9EC32,0.048
A0A1Q9PAA2,0.048
A0A842Y923,0.048
A0A497Q780,0.048
A0A850MHT8,0.048
A0A842U1X3,0.048
A0A850LRC3,0.048
A0A524EF94,0.048
A0A497PGJ8,0.048
A0A5C9EQI5,0.048
A0A842TNE5,0.048
A0A1Q9N1T3,0.048
A0A842SZP4,0.048
A0A1Q9PDM0,0.048
A0A0F8XQT2,0.048
A0A1Q9NKU1,0.048
A0A1Q9NT94,0.048
A0A524C4D7,0.048
A0A497QNH7,0.048
A0A2E9CE32,0.048
A0A5B9DAG6,0.048
A0A524FCW8,0.048
A0A7K4CX38,0.048
A0A842Y999,0.048
A0A524E8A0,0.048
A0A524G9T8,0.048
A0A524FA16,0.048
A0A135VZ30,0.048
A0A524E7B1,0.048
A0A524L5X6,0.048
A0A842VUS5,0.048
A0A842T2Z8,0.048
A0A524MLL3,0.048
A0A524G5N3,0.048
A0A524C2K0,0.048
A0A523S0M1,0.048
A0A5C9EJX7,0.048
A0A842RDQ9,0.048
A0A842VS84,0.048
A0A524CF39,0.048
A0A532TBG3,0.048
A0A850MJY3,0.048
A0A524MJL0,0.048
A0A524D437,0.048
A0A7K4CYE7,0.048
A0A842S4D4,0.048
A0A497PLM6,0.048
A0A135VTC6,0.048
A0A524FFL3,0.048
A0A842U714,0.048
A0A842WRX3,0.048
A0A5B9D6H0,0.048
A0A524CNB4,0.048
A0A842VE70,0.048
A0A524G097,0.048
A0A842WQF0,0.048
A0A524LC95,0.048
A0A1Q9NNY6,0.048
A0A1Q9P7E8,0.048
A0A524CRN2,0.048
A0A523RMY8,0.048
A0A3L6JP32,0.048
A0A5C9ETP9,0.048
A0A1Q9NQR0,0.048
A0A497QI95,0.048
A0A0F8XEA6,0.048
A0A1Q9NBD4,0.048
A0A850LY30,0.048
A0A842VWW9,0.048
A0A1Q9NM53,0.048
A0A842W3U9,0.048
A0A135VBA1,0.048
A0A524FND0,0.048
A0A3L6JPE2,0.048
A0A842TGH3,0.048
A0A842T3N5,0.048
A0A524G4G4,0.048
A0A524DXJ0,0.048
A0A842QI49,0.048
A0A524FP24,0.048
A0A524CWQ9,0.048
A0A842QGQ7,0.048
A0A524LJG1,0.048
A0A5C9E170,0.048
A0A842S229,0.048
A0A524NW65,0.048
A0A524FW65,0.048
A0A7C0U8D7,0.048
A0A1Q9NRP2,0.048
A0A850M5B1,0.048
A0A524FSY8,0.048
A0A850MJA3,0.048
A0A135VME1,0.048
A0A3L6JJH5,0.048
A0A524CEV1,0.048
A0A1Q9NEA7,0.048
A0A523RRK7,0.048
A0A135VXQ4,0.048
A0A1Q9NCE9,0.048
A0A842W1V2,0.048
A0A532T8Y9,0.048
A0A5C9EQG6,0.048
A0A3L6JQ27,0.048
A0A5C9DXH3,0.048
A0A523S4Q0,0.048
A0A524FN51,0.048
A0A850M8N6,0.048
A0A524M9T4,0.048
A0A497QVR2,0.048
A0A5C9EMR7,0.048
A0A850MT73,0.048
A0A135VZ78,0.048
A0A1Q9P8F5,0.048
A0A842QEA7,0.048
A0A135VDT2,0.048
A0A523RNQ6,0.048
A0A523RPX8,0.048
A0A497QJS5,0.048
A0A850MUW0,0.048
A0A524EU09,0.048
A0A1Q9MX34,0.048
A0A842WX65,0.048
A0A842RCA2,0.048
A0A7K4HJU2,0.048
A0A532TM21,0.048
A0A524C4S5,0.048
A0A850LW71,0.048
A0A842UBR1,0.048
A0A7K4CPD2,0.048
A0A5C9EBY1,0.048
A0A532TCK3,0.048
A0A524F6Y1,0.048
A0A842VF55,0.048
A0A0F8VB68,0.048
A0A523RT75,0.048
A0A7K4HIT9,0.048
A0A842W477,0.048
A0A7K4CT25,0.048
A0A842T8L7,0.048
A0A524MBJ6,0.048
A0A7K4H464,0.048
A0A850LU53,0.048
A0A5B9D9A0,0.048
A0A5B9D8V4,0.048
A0A1Q9N0T6,0.048
A0A842RH64,0.048
A0A524D4C0,0.048
A0A497PSC9,0.048
A0A842YDZ9,0.048
A0A524FV12,0.048
A0A1Q9NFU4,0.048
A0A7K4IC84,0.048
A0A1Q9NY39,0.048
A0A524F9F8,0.048
A0A842VUU4,0.048
A0A524DWX9,0.048
A0A1Q9MVQ9,0.048
A0A842WWF4,0.048
A0A850LPW4,0.048
A0A850M9S3,0.048
A0A842VME6,0.048
A0A497R3Y1,0.048
A0A497PMP6,0.048
A0A524EHA2,0.048
A0A2U3CFI8,0.048
A0A523RP98,0.048
A0A524FAE6,0.048
A0A2E9CEN4,0.048
A0A524FKR5,0.048
A0A497QHX8,0.048
A0A842QJM4,0.048
A0A523VYK6,0.048
A0A1Q9MTV2,0.048
A0A497QH33,0.048
A0A1Q9NQH4,0.048
A0A524LQ17,0.048
A0A3L6J671,0.048
A0A2E9CGD7,0.048
A0A842QG18,0.048
A0A523VW81,0.048
A0A0F8XTD1,0.048
A0A1Q9MTW7,0.048
A0A524MIP3,0.048
A0A524EF54,0.048
A0A524D3G7,0.048
A0A842W5T7,0.048
A0A842VE53,0.048
A0A523VZ14,0.048
A0A497PN65,0.048
A0A524DX62,0.048
A0A7K4HHT4,0.048
A0A842QF63,0.048
A0A497PDN5,0.048
A0A843BQ83,0.048
A0A5B9DCA3,0.048
A0A524EIA1,0.048
A0A7K4GQS3,0.048
A0A524DBV9,0.048
A0A5C9EPH6,0.048
A0A523XD49,0.048
A0A7K4GL36,0.048
A0A842RZR4,0.048
A0A524F4V2,0.048
A0A523X917,0.048
A0A1Q9P073,0.048
A0A842WS04,0.048
A0A524DKJ6,0.048
A0A842YHW7,0.048
A0A850MBS9,0.048
A0A842THS3,0.048
A0A5C9EP88,0.048
A0A1Q9PD47,0.048
A0A524F1Y3,0.048
A0A3L6JM66,0.048
A0A0F8VG66,0.048
A0A5C9EMC0,0.048
A0A497QFH7,0.048
A0A842YDK4,0.048
A0A5C9EY21,0.048
A0A0F8VHN8,0.048
A0A842QD36,0.048
A0A524E2E1,0.048
A0A842TN56,0.048
A0A2U3CE26,0.048
A0A497Q396,0.048
A0A524CFT0,0.048
A0A524CT34,0.048
A0A842T8E3,0.048
A0A135VPE1,0.048
A0A524DFN1,0.048
A0A0F8VIL5,0.048
A0A7K4H996,0.048
A0A524FLH1,0.048
A0A842VE94,0.048
A0A5C9EFB7,0.048
A0A524FWI7,0.047
A0A532TNB6,0.047
A0A842RAG1,0.047
A0A524C4N0,0.047
A0A850MNV6,0.047
A0A523S2P8,0.047
A0A5C9E3P6,0.047
A0A842VM16,0.047
A0A7K4IH66,0.047
A0A7K4CQ16,0.047
A0A842RDB8,0.047
A0A524CJW8,0.047
A0A1Q9MVN3,0.047
A0A5C9EAY4,0.047
A0A842W2J3,0.047
A0A842RNY4,0.047
A0A524C735,0.047
A0A1Q9MY99,0.047
A0A1Q9MZH5,0.047
A0A524E2G0,0.047
A0A1Q9NMA4,0.047
A0A842VGW0,0.047
A0A135VDI2,0.047
A0A524E3Y0,0.047
A0A842VIV7,0.047
A0A850M8I7,0.047
A0A497PG88,0.047
A0A7K4GVD3,0.047
A0A842TI68,0.047
A0A843BWT0,0.047
A0A524DBS3,0.047
A0A497QHD2,0.047
A0A850M4U1,0.047
A0A5B9DE33,0.047
A0A7K4GL81,0.047
A0A850M0G3,0.047
A0A3L6JP91,0.047
A0A5C9DWE4,0.047
A0A850LT55,0.047
A0A524P882,0.047
A0A523TJL6,0.047
A0A497QLF8,0.047
A0A523TL07,0.047
A0A497P872,0.047
A0A842QG06,0.047
A0A524EHJ8,0.047
A0A135VRZ7,0.047
A0A0F8VGY9,0.047
A0A3L6JKS5,0.047
A0A497R4U2,0.047
A0A842R5U7,0.047
A0A842T2X0,0.047
A0A1Q9P317,0.047
A0A524EQ48,0.047
A0A135VZR8,0.047
A0A842RFC4,0.047
A0A524P7Y9,0.047
A0A497QPQ4,0.047
A0A497Q729,0.047
A0A842RG61,0.047
A0A523S6J0,0.047
A0A850LW49,0.047
A0A7K4GWD0,0.047
A0A497Q9K5,0.047
A0A5C9E5C9,0.047
A0A523S5G3,0.047
A0A5C9EP52,0.047
A0A524EDZ2,0.047
A0A524G218,0.047
A0A1Q9N1P3,0.047
A0A497QRH2,0.047
A0A497QUS7,0.047
A0A524FVA3,0.047
A0A497PGU2,0.047
A0A524DFR7,0.047
A0A7K4GU54,0.047
A0A5C9EQ64,0.047
A0A135VY75,0.047
A0A1Q9N435,0.047
A0A497QPH6,0.047
A0A497R049,0.047
A0A7K4HCK4,0.047
A0A524CFX7,0.047
A0A524EHR6,0.047
A0A5C9EKD6,0.047
A0A524E944,0.047
A0A842VPQ5,0.047
A0A523X9E7,0.047
A0A5B9DAB1,0.047
A0A5B9D7J4,0.047
A0A524CDF3,0.047
A0A3L6JFT1,0.047
A0A524MHE6,0.047
A0A7K4IBV9,0.047
A0A524DCM4,0.047
A0A5C9E8G8,0.047
A0A135VYX1,0.047
A0A523RZ35,0.047
A0A135VYB1,0.047
A0A497Q501,0.047
A0A1Q9NQW6,0.047
A0A2U3CJC7,0.047
A0A524DA80,0.047
A0A1Q9NQK2,0.047
A0A7K4H9D3,0.047
A0A524CXQ8,0.047
A0A524P685,0.047
A0A842TJB1,0.047
A0A524G2E3,0.047
A0A1Q9NTC1,0.047
A0A843C5B8,0.047
A0A524F5E2,0.047
A0A524CBB2,0.047
A0A1Q9NXX0,0.047
A0A135VFA9,0.047
A0A524F2Y7,0.047
A0A1Q9PC95,0.047
A0A523XIZ2,0.047
A0A523RZT9,0.047
A0A842YE40,0.047
A0A135VKF5,0.047
A0A842QJH2,0.047
A0A524F7W5,0.047
A0A1Q9PFU6,0.047
A0A524F5W9,0.047
A0A1Q9NMK7,0.047
A0A524EQN8,0.047
A0A524FWW7,0.047
A0A842QEV4,0.047
A0A843BQU5,0.047
A0A5B9DCR4,0.047
A0A842T772,0.047
A0A524E171,0.047
A0A7K4IFA1,0.047
A0A850LVI0,0.047
A0A842WRB0,0.047
A0A849QES9,0.047
A0A524DHU5,0.047
A0A524DUL3,0.047
A0A842RZ05,0.047
A0A523R8W5,0.047
A0A842T535,0.047
A0A524CG33,0.047
A0A524D2N6,0.047
A0A497QHP3,0.047
A0A7K4H5D4,0.047
A0A842TNZ2,0.047
A0A532TM62,0.047
A0A7K4H5D0,0.047
A0A497Q849,0.047
A0A842V7Q5,0.047
A0A524CQP6,0.047
A0A524MCK4,0.047
A0A532TDX4,0.047
A0A7K4HE81,0.047
A0A850MH39,0.047
A0A842TH91,0.047
A0A524CGN4,0.047
A0A850MCD9,0.047
A0A523S2G1,0.047
A0A524FE63,0.047
A0A1Q9N9Z8,0.047
A0A842QCZ5,0.047
A0A497QQZ2,0.047
A0A497PQK4,0.047
A0A3L6JD92,0.047
A0A497PBL5,0.047
A0A850MJD7,0.047
A0A135VLE4,0.047
A0A497Q0S1,0.047
A0A135VGM2,0.047
A0A842S9A4,0.047
A0A1Q9N1B6,0.047
A0A842S3F7,0.047
A0A524G7T6,0.047
A0A7K4IFL2,0.047
A0A524FZB7,0.047
A0A842TJW1,0.047
A0A1Q9NG88,0.047
A0A1Q9NLV3,0.047
A0A850M7X1,0.047
A0A524G233,0.047
A0A850M2F0,0.047
A0A5C9ETR0,0.047
A0A7K4H6N8,0.047
A0A842RB70,0.047
A0A2U3CE07,0.047
A0A0F8VG62,0.047
A0A523TCK9,0.047
A0A7K4H570,0.047
A0A497PCU6,0.047
A0A842TAI8,0.047
A0A497QR38,0.047
A0A135VRB4,0.047
A0A843C0P7,0.047
A0A497PW94,0.047
A0A135VVF3,0.047
A0A135VGL6,0.047
A0A523W274,0.047
A0A1Q9NMY7,0.047
A0A842RSP9,0.047
A0A523RTR6,0.047
A0A7K4CW11,0.047
A0A524D5B4,0.047
A0A7K4I9V0,0.047
A0A5C9E4P1,0.047
A0A842YEL4,0.047
A0A3L6J620,0.047
A0A5C9EM26,0.047
A0A842WQ18,0.047
A0A850MFM0,0.047
A0A5C9ED44,0.047
A0A850LQZ0,0.047
A0A524EHT5,0.047
A0A7K4H9C6,0.047
A0A850M9P0,0.047
A0A524DPI3,0.047
A0A532TXR6,0.047
A0A524GBS6,0.047
A0A524DN52,0.047
A0A524D060,0.047
A0A524C603,0.047
A0A842QKI2,0.047
A0A3L6JC56,0.047
A0A850LT89,0.047
A0A524DL29,0.047
A0A842R9L4,0.047
A0A842TPG6,0.047
A0A5C9ERH2,0.047
A0A524CSH5,0.047
A0A5B9DA60,0.047
A0A0F8XYU0,0.047
A0A7K4CWC4,0.047
A0A524CGS7,0.047
A0A1Q9P043,0.047
A0A524LN35,0.047
A0A842QII3,0.047
A0A850M061,0.047
A0A5C9F0X7,0.047
A0A5B9DH19,0.047
A0A0F8V9K2,0.047
A0A7K4D0M4,0.047
A0A497QDH5,0.047
A0A842QF46,0.047
A0A497Q376,0.047
A0A7K4HEL2,0.047
A0A524C7P8,0.047
A0A524E8J7,0.047
A0A524DBB4,0.047
A0A524DV41,0.047
A0A7K4ICT0,0.047
A0A842W379,0.047
A0A842SX82,0.047
A0A523XJD8,0.047
A0A7K4HIX6,0.047
A0A497PUV9,0.047
A0A524D9E7,0.047
A0A524D894,0.047
A0A1Q9NET7,0.047
A0A524DRL6,0.047
A0A524E278,0.047
A0A842QGN2,0.047
A0A524LZ27,0.047
A0A1Q9P0Q2,0.047
A0A842U7Q9,0.047
A0A524NZB7,0.047
A0A842RTV7,0.047
A0A5C9EL79,0.047
A0A2U3CKK6,0.047
A0A842VKW4,0.047
A0A497QED4,0.047
A0A1Q9P345,0.047
A0A524DLR2,0.047
A0A842TQE8,0.047
A0A842Y9W9,0.047
A0A524FDN8,0.047
A0A849QDU7,0.047
A0A850LSH0,0.047
A0A524F796,0.047
A0A3L6J9Z4,0.047
A0A1Q9MV78,0.047
A0A7K4CVE1,0.047
A0A842TFQ7,0.047
A0A3L6J6P1,0.047
A0A497PYF7,0.047
A0A532TRQ7,0.047
A0A842RJT0,0.047
A0A524FIM4,0.047
A0A842YBK1,0.047
A0A1Q9MYC0,0.047
A0A524ES88,0.047
A0A523XHE8,0.047
A0A7K4HF21,0.047
A0A497QJQ4,0.047
A0A0F8XH63,0.047
A0A524CLI9,0.047
A0A524EMY7,0.047
A0A523RWA9,0.047
A0A842WVC2,0.047
A0A842RMM6,0.047
A0A497PI24,0.047
A0A524EIN1,0.047
A0A524FBB9,0.047
A0A7K4H2H2,0.047
A0A850MRK5,0.047
A0A850LRZ7,0.047
A0A1Q9NQ53,0.047
A0A524M0C5,0.047
A0A850MM58,0.047
A0A497PD49,0.047
A0A843C2G4,0.047
A0A1Q9N3M8,0.047
A0A135VG73,0.047
A0A1Q9MXI6,0.047
A0A524DR16,0.047
A0A532TKC4,0.047
A0A524EPL0,0.047
A0A842U3X3,0.047
A0A7K4GZ56,0.047
A0A524D8Y6,0.047
A0A7K4GSA5,0.047
A0A842TGG1,0.047
A0A524F2E2,0.047
A0A5B9D7E2,0.047
A0A0F8VBI0,0.047
A0A1Q9NJH8,0.047
A0A524CYI9,0.047
A0A7K4GRE2,0.047
A0A7K4IHQ4,0.047
A0A497P8D2,0.047
A0A842U1B9,0.047
A0A1Q9P7R0,0.047
A0A497Q2F3,0.047
A0A1Q9P4J2,0.047
A0A2U3CDK1,0.047
A0A7K4IC89,0.047
A0A1Q9P534,0.047
A0A7K4CXN0,0.047
A0A135VH92,0.047
A0A5C9DUK6,0.047
A0A524FZA4,0.047
A0A497QAU8,0.047
A0A5B9D6P6,0.047
A0A3L6JDK9,0.047
A0A524F3W3,0.047
A0A524CM49,0.047
A0A135VAV3,0.047
A0A497QQI3,0.047
A0A532TKM4,0.047
A0A524CIJ1,0.047
A0A5B9D9N2,0.047
A0A523RBD0,0.047
A0A0F8V8T3,0.047
A0A842W089,0.047
A0A842S8C8,0.047
A0A2U3CCJ1,0.047
A0A2U3CDN9,0.047
A0A5B9D5J9,0.047
A0A497PNV2,0.047
A0A524DYG1,0.047
A0A842S9T0,0.047
A0A0F8YAE7,0.047
A0A524DUP9,0.047
A0A524EA66,0.046
A0A850LYN3,0.046
A0A532TD52,0.046
A0A842WTA2,0.046
A0A0F8W5A0,0.046
A0A524P0Y5,0.046
A0A524L8A4,0.046
A0A532TKA8,0.046
A0A850LTR6,0.046
A0A524C939,0.046
A0A524D3L9,0.046
A0A5C9EKN7,0.046
A0A0F8Y7D9,0.046
A0A1Q9P6L7,0.046
A0A524E9I9,0.046
A0A842S1I2,0.046
A0A850MJJ3,0.046
A0A524CGR0,0.046
A0A0F8Y5W9,0.046
A0A524C6R2,0.046
A0A3L6JHV5,0.046
A0A7K4CQC4,0.046
A0A523TFJ7,0.046
A0A135VRJ5,0.046
A0A842VLF9,0.046
A0A849Q7N8,0.046
A0A1Q9NPC4,0.046
A0A524DVE2,0.046
A0A524CYM7,0.046
A0A524CPD4,0.046
A0A524FXI4,0.046
A0A5C9F1W8,0.046
A0A5C9EP31,0.046
A0A524LBU6,0.046
A0A7K4CT92,0.046
A0A1Q9NCN9,0.046
A0A842RPA2,0.046
A0A524FDG7,0.046
A0A842R717,0.046
A0A842W600,0.046
A0A0F8Y8J8,0.046
A0A7K4HJS9,0.046
A0A1Q9N0V4,0.046
A0A842W279,0.046
A0A849QGL7,0.046
A0A497QZQ8,0.046
A0A850MS16,0.046
A0A842S0I5,0.046
A0A1Q9P1B6,0.046
A0A3L6JNA5,0.046
A0A842SYR4,0.046
A0A7K4H8E0,0.046
A0A524DVN5,0.046
A0A3L6J993,0.046
A0A842RDD8,0.046
A0A497PJR9,0.046
A0A5B9D6N2,0.046
A0A524DRR3,0.046
A0A524E3X8,0.046
A0A524CRL3,0.046
A0A850MAE5,0.046
A0A7K4HEI4,0.046
A0A850LW06,0.046
A0A850LS70,0.046
A0A497PAP3,0.046
A0A524CPA4,0.046
A0A135VFF8,0.046
A0A7K4HJV0,0.046
A0A135VRZ6,0.046
A0A524LGI8,0.046
A0A497QC60,0.046
A0A497PG42,0.046
A0A1Q9NJ46,0.046
A0A850LV60,0.046
A0A5B9DBL5,0.046
A0A842WQQ5,0.046
A0A524DXP4,0.046
A0A5B9D686,0.046
A0A842VEK2,0.046
A0A7K4CPA4,0.046
A0A497QWV4,0.046
A0A7K4GLE5,0.046
A0A7K4CV17,0.046
A0A135VF44,0.046
A0A7K4HH42,0.046
A0A842QD32,0.046
A0A5C9EL84,0.046
A0A523TNU4,0.046
A0A523RT91,0.046
A0A0F8W3Q6,0.046
A0A842QC66,0.046
A0A842RJ79,0.046
A0A5C9F0J3,0.046
A0A523TC60,0.046
A0A842VFV2,0.046
A0A2U3CJG0,0.046
A0A842YBD0,0.046
A0A497QKA6,0.046
A0A842TDY3,0.046
A0A524E4W1,0.046
A0A497QMH8,0.046
A0A842U7U7,0.046
A0A5B9D5K6,0.046
A0A524CEZ1,0.046
A0A5C9DZ74,0.046
A0A524F236,0.046
A0A1Q9MS83,0.046
A0A842VZ21,0.046
A0A524F7T1,0.046
A0A497R6F4,0.046
A0A524G4I0,0.046
A0A3L6JCQ2,0.046
A0A0F8WD85,0.046
A0A524CHG3,0.046
A0A5B9D8R8,0.046
A0A135VNC7,0.046
A0A0F8XK48,0.046
A0A524FYN6,0.046
A0A842WUW7,0.046
A0A5C9EIA4,0.046
A0A5C9EP30,0.046
A0A842TJ30,0.046
A0A532TPJ4,0.046
A0A524P4I5,0.046
A0A842QBP0,0.046
A0A842S0E9,0.046
A0A135VZU9,0.046
A0A842RFG9,0.046
A0A2U3CIC6,0.046
A0A524DE59,0.046
A0A850LZX7,0.046
A0A524E0I3,0.046
A0A523TNZ2,0.046
A0A524G921,0.046
A0A842TCQ6,0.046
A0A523R9B9,0.046
A0A524F0K4,0.046
A0A850M4Q5,0.046
A0A1Q9MWA9,0.046
A0A1Q9NWB3,0.046
A0A524M5J3,0.046
A0A842VJ90,0.046
A0A850MX64,0.046
A0A7K4H3L0,0.046
A0A5B9DEB5,0.046
A0A1Q9PAC3,0.046
A0A842THB8,0.046
A0A524F282,0.046
A0A524G9H5,0.046
A0A1Q9NWV2,0.046
A0A2U3CH80,0.046
A0A135VYG6,0.046
A0A849QIE7,0.046
A0A842VRY4,0.046
A0A1Q9N4V0,0.046
A0A524LGX4,0.046
A0A135VT54,0.046
A0A5C9EXW1,0.046
A0A524F410,0.046
A0A0F8XNI4,0.046
A0A1Q9NMI3,0.046
A0A523S161,0.046
A0A497PIU9,0.046
A0A497QD35,0.046
A0A842TG49,0.046
A0A842U6N4,0.046
A0A523RN86,0.046
A0A842YFY5,0.046
A0A497Q223,0.046
A0A1Q9NJ59,0.046
A0A850LX77,0.046
A0A532TZ60,0.046
A0A497QAH9,0.046
A0A523RXY7,0.046
A0A1Q9PG37,0.046
A0A3L6J6L8,0.046
A0A3L6JKE3,0.046
A0A7K4IE18,0.046
A0A524EHK1,0.046
A0A532TML3,0.046
A0A524DZS1,0.046
A0A7K4HBS5,0.046
A0A842R9Q7,0.046
A0A7K4GZB9,0.046
A0A5C9F151,0.046
A0A0F8V6L6,0.046
A0A497QFI0,0.046
A0A524CYA2,0.046
A0A5C9E9G9,0.046
A0A1Q9PF13,0.046
A0A523RYK4,0.046
A0A524DDF6,0.046
A0A497PAV2,0.046
A0A2E9CE60,0.046
A0A524G143,0.046
A0A842TFF9,0.046
A0A532TPM5,0.046
A0A524M1W7,0.046
A0A524G1N6,0.046
A0A523TG71,0.046
A0A524DLF7,0.046
A0A524FAT5,0.046
A0A497QJR1,0.046
A0A524F787,0.046
A0A5C9EXD7,0.046
A0A135VBA6,0.046
A0A842WNN0,0.046
A0A3L6JNG4,0.046
A0A7K4CPP5,0.046
A0A5C9E488,0.046
A0A843BSZ1,0.046
A0A5C9EU41,0.046
A0A3L6J990,0.046
A0A3L6JDG5,0.046
A0A3L6JKF5,0.046
A0A524LLE5,0.046
A0A524F0Q9,0.046
A0A7K4H2F7,0.046
A0A2U3CI78,0.046
A0A843BU54,0.046
A0A850M4N7,0.046
A0A842S460,0.046
A0A843BXT5,0.046
A0A524D624,0.046
A0A842TRU8,0.046
A0A5C9DY28,0.046
A0A524E1X1,0.046
A0A7K4IDZ2,0.046
A0A135VBX0,0.046
A0A524F9T1,0.046
A0A842QEG8,0.046
A0A135VCC9,0.046
A0A523XJ92,0.046
A0A842SBA2,0.046
A0A497PDW3,0.046
A0A842VU48,0.046
A0A524NU17,0.046
A0A842RE74,0.046
A0A524D0C5,0.046
A0A135VRS8,0.046
A0A524CT93,0.046
A0A2U3CHM8,0.046
A0A524MD57,0.046
A0A524CGC4,0.046
A0A3L6JQD5,0.046
A0A7K4ICR0,0.046
A0A7K4H422,0.046
A0A524E122,0.046
A0A842RHU5,0.046
A0A842RKB5,0.046
A0A842TM96,0.046
A0A5C9EF37,0.046
A0A850M8S7,0.046
A0A7K4CTV1,0.046
A0A524D7F4,0.046
A0A524E4P0,0.046
A0A524NTL5,0.046
A0A524EII1,0.046
A0A497PXC9,0.046
A0A523RD11,0.046
A0A497PTH3,0.046
A0A497PNH2,0.046
A0A1Q9NYW9,0.046
A0A842VZD4,0.046
A0A1Q9P2W7,0.046
A0A523RDW5,0.046
A0A532TE91,0.046
A0A497PX78,0.046
A0A1Q9NN98,0.046
A0A850LXB4,0.046
A0A850M0R9,0.046
A0A524ELW8,0.046
A0A524DXB7,0.046
A0A842REF3,0.046
A0A1Q9NVZ2,0.046
A0A524G8Y1,0.046
A0A524FW44,0.046
A0A842WT17,0.046
A0A3L6JA75,0.046
A0A1Q9NL42,0.046
A0A3L6JIG4,0.046
A0A524F4M8,0.046
A0A7C0YG24,0.046
A0A5B9DD93,0.046
A0A1Q9MXT0,0.046
A0A0F8VZY3,0.046
A0A5C9EIN0,0.046
A0A523X6F8,0.046
A0A842UAB5,0.046
A0A523VQL5,0.046
A0A7K4H714,0.046
A0A7K4ICB2,0.046
A0A850M249,0.046
A0A0F8VIG6,0.046
A0A497QNE7,0.046
A0A850M4I8,0.046
A0A1Q9P7J2,0.046
A0A0F8VVZ2,0.046
A0A1Q9P6K0,0.046
A0A497R2P4,0.046
A0A7K4HD03,0.046
A0A523RGM0,0.046
A0A524CM07,0.046
A0A7K4CUB2,0.046
A0A2U3CI87,0.046
A0A1Q9NGW2,0.046
A0A842WJA7,0.046
A0A850LWZ7,0.046
A0A0F8Y1F5,0.046
A0A842T7Q8,0.046
A0A849QCL5,0.046
A0A523RVU8,0.046
A0A1Q9MWS6,0.046
A0A524F4E7,0.046
A0A497PKZ5,0.046
A0A1Q9NIV9,0.046
A0A524EBR7,0.046
A0A842WTB6,0.046
A0A497QJF8,0.046
A0A842TBL2,0.046
A0A523RQ70,0.046
A0A842RKW4,0.046
A0A1Q9P4F6,0.046
A0A850LZZ4,0.046
A0A524MDJ4,0.046
A0A842RG17,0.046
A0A850M1R9,0.046
A0A7K4CZT7,0.046
A0A524E637,0.046
A0A5C9F4B0,0.046
A0A524D1Q4,0.046
A0A842QCC2,0.046
A0A850MAN8,0.046
A0A7K4CST5,0.046
A0A842RM01,0.046
A0A7K4D057,0.046
A0A5C9ERP4,0.046
A0A523S173,0.046
A0A523RP54,0.046
A0A850LZB1,0.046
A0A524EWV4,0.046
A0A523TQG9,0.046
A0A7K4CU26,0.046
A0A5C9E2M5,0.046
A0A524CE99,0.046
A0A497QIT7,0.045
A0A850M246,0.045
A0A524M8M7,0.045
A0A842QHX2,0.045
A0A524CFW3,0.045
A0A532TYA6,0.045
A0A524FDH5,0.045
A0A842TRM9,0.045
A0A497R2H5,0.045
A0A524F8J8,0.045
A0A5C9E4G5,0.045
A0A1Q9NLU5,0.045
A0A135VYJ0,0.045
A0A7K4HHK2,0.045
A0A842R9T4,0.045
A0A3L6JBR2,0.045
A0A1Q9P3Z5,0.045
A0A0F8XD84,0.045
A0A849QCN4,0.045
A0A135VWS2,0.045
A0A7K4IH90,0.045
A0A850LZL6,0.045
A0A5C9EGV7,0.045
A0A5C9EHS3,0.045
A0A850LPD1,0.045
A0A524CGY6,0.045
A0A7K4HKA1,0.045
A0A0F8VP56,0.045
A0A524ED33,0.045
A0A3L6J725,0.045
A0A524EPJ7,0.045
A0A5C9EXF8,0.045
A0A7K4IED1,0.045
A0A524DQZ6,0.045
A0A842T5H4,0.045
A0A5C9EVY7,0.045
A0A523SDA3,0.045
A0A842RI31,0.045
A0A524FKK7,0.045
A0A5B9DDK1,0.045
A0A1Q9N0Y5,0.045
A0A523S1I1,0.045
A0A524EI42,0.045
A0A850LY95,0.045
A0A497PMU1,0.045
A0A524DW69,0.045
A0A7K4CRA8,0.045
A0A523W0M1,0.045
A0A5C9EBW2,0.045
A0A524EXN5,0.045
A0A1Q9NVD1,0.045
A0A850MF93,0.045
A0A842QJ20,0.045
A0A5C9E8T6,0.045
A0A497QWB9,0.045
A0A524DIS4,0.045
A0A3L6JAU9,0.045
A0A524F2E5,0.045
A0A0F8XD21,0.045
A0A524DPK7,0.045
A0A7K4IA95,0.045
A0A497P914,0.045
A0A2U3CKN1,0.045
A0A524FPS9,0.045
A0A524CGS8,0.045
A0A842TF79,0.045
A0A524FX67,0.045
A0A135VX01,0.045
A0A135VSC7,0.045
A0A1Q9PEG3,0.045
A0A842RGX0,0.045
A0A523X823,0.045
A0A497QHA7,0.045
A0A7K4GUB3,0.045
A0A524E1E8,0.045
A0A524E1Y1,0.045
A0A5C9EPG9,0.045
A0A850LTI2,0.045
A0A7K4HKZ6,0.045
A0A524CUG8,0.045
A0A497QHA6,0.045
A0A524F0R5,0.045
A0A5C9EXC1,0.045
A0A850MB38,0.045
A0A842VBP0,0.045
A0A524E3M1,0.045
A0A1Q9P2S2,0.045
A0A497PUY0,0.045
A0A850M3Y4,0.045
A0A1Q9N3A5,0.045
A0A497QG04,0.045
A0A7C0U864,0.045
A0A524FEF3,0.045
A0A524FH73,0.045
A0A842U6R5,0.045
A0A497PWC6,0.045
A0A524EFE4,0.045
A0A497PXB7,0.045
A0A1Q9NCH6,0.045
A0A2U3CL34,0.045
A0A532TA17,0.045
A0A842V9R3,0.045
A0A497PIH4,0.045
A0A497PFY7,0.045
A0A842T6C9,0.045
A0A524F253,0.045
A0A524MG56,0.045
A0A7K4HLB2,0.045
A0A842QJU9,0.045
A0A524CIJ0,0.045
A0A3L6JE44,0.045
A0A3L6JMB1,0.045
A0A7K4H6U4,0.045
A0A7K4ID74,0.045
A0A524DFA0,0.045
A0A850MQR1,0.045
A0A842RY32,0.045
A0A5C9E737,0.045
A0A497QL45,0.045
A0A842RVM1,0.045
A0A2E9CDL3,0.045
A0A850LYR2,0.045
A0A524MEE7,0.045
A0A524FJI8,0.045
A0A7K4HIP5,0.045
A0A842WV11,0.045
A0A842WTH5,0.045
A0A850MQD9,0.045
A0A524DV07,0.045
A0A524DEZ3,0.045
A0A842REI6,0.045
A0A523TJH6,0.045
A0A7K4CRX3,0.045
A0A524DCL9,0.045
A0A1Q9NXR3,0.045
A0A497PKJ3,0.045
A0A135VYS5,0.045
A0A3L6J6D3,0.045
A0A3L6J7F6,0.045
A0A3L6JHI8,0.045
A0A524D9N9,0.045
A0A524GB28,0.045
A0A3L6JRG6,0.045
A0A524DGT6,0.045
A0A850MLQ8,0.045
A0A7K4CUA0,0.045
A0A497PXD0,0.045
A0A497Q1C7,0.045
A0A497PQ76,0.045
A0A497QBZ7,0.045
A0A1Q9N016,0.045
A0A7K4H9P6,0.045
A0A7C0YB35,0.045
A0A524DFY5,0.045
A0A5C9E218,0.045
A0A1Q9NVH5,0.045
A0A497PV46,0.045
A0A1Q9NCZ6,0.045
A0A850MJ17,0.045
A0A5C9ENS8,0.045
A0A1Q9NJ67,0.045
A0A523TBR2,0.045
A0A842WTB9,0.045
A0A497Q593,0.045
A0A842VPS9,0.045
A0A524EPF1,0.045
A0A497R0A3,0.045
A0A524CFC4,0.045
A0A1Q9MXX3,0.045
A0A3L6JQG4,0.045
A0A523S286,0.045
A0A842RDP8,0.045
A0A135VXL4,0.045
A0A135VIH0,0.045
A0A135VWR9,0.045
A0A524CMX5,0.045
A0A524DX00,0.045
A0A5B9D5E0,0.045
A0A5C9E452,0.045
A0A523TL09,0.045
A0A842TZW8,0.045
A0A842TLC1,0.045
A0A532T881,0.045
A0A842YEL2,0.045
A0A497QLT2,0.045
A0A524D2K9,0.045
A0A842SUB5,0.045
A0A842VTA7,0.045
A0A842T9Y4,0.045
A0A5B9D825,0.045
A0A7K4HJH0,0.045
A0A842VU31,0.045
A0A850MRK9,0.045
A0A842WSZ9,0.045
A0A497PM27,0.045
A0A0F8Y9Q1,0.045
A0A842RZ11,0.045
A0A842SZY1,0.045
A0A523RZP4,0.045
A0A2U3CKX4,0.045
A0A524EQP7,0.045
A0A497QWI1,0.045
A0A850MFY8,0.045
A0A524EXU5,0.045
A0A524D2D0,0.045
A0A842YGD8,0.045
A0A524DII9,0.045
A0A1Q9MZA3,0.045
A0A497QA68,0.045
A0A843BUG9,0.045
A0A523S9U1,0.045
A0A524CW76,0.045
A0A497QAF5,0.045
A0A842WU27,0.045
A0A497QLP6,0.045
A0A850M082,0.045
A0A842WMX1,0.045
A0A497PQD0,0.045
A0A7K4IFB1,0.045
A0A524CXR7,0.045
A0A497R1S3,0.045
A0A5C9EBI8,0.045
A0A524FCA0,0.045
A0A5C9EZR8,0.045
A0A523TEG5,0.045
A0A1Q9NQY0,0.045
A0A7K4GLK5,0.045
A0A2E9CDM7,0.045
A0A497QAY8,0.045
A0A3L6JP08,0.045
A0A842R6M5,0.045
A0A524FNS5,0.045
A0A842SY25,0.045
A0A7K4GQ57,0.045
A0A3L6J9I6,0.045
A0A842TNU9,0.045
A0A524FV53,0.045
A0A849QEH4,0.045
A0A850LUS3,0.045
A0A135VY85,0.045
A0A842WQH0,0.045
A0A524P3I4,0.045
A0A524CLG8,0.045
A0A849QI62,0.045
A0A524ETQ8,0.045
A0A523X590,0.045
A0A842YF24,0.045
A0A497R823,0.045
A0A524LZ02,0.045
A0A7K4CQF3,0.045
A0A524DJA0,0.045
A0A497Q3D7,0.045
A0A1Q9NHU2,0.045
A0A524G7H2,0.045
A0A1Q9PC89,0.045
A0A532T7P9,0.045
A0A842S257,0.045
A0A524DTJ5,0.045
A0A524E7D2,0.045
A0A842SUP1,0.045
A0A524C2S2,0.045
A0A497QER8,0.045
A0A7K4CWK5,0.045
A0A523RY50,0.045
A0A0F8XTE9,0.045
A0A850LSU5,0.045
A0A7K4CX10,0.045
A0A523S5V6,0.045
A0A842VM74,0.045
A0A2E9CEI1,0.045
A0A0F8XGL7,0.045
A0A497PA87,0.045
A0A524CS52,0.045
A0A524D5S3,0.045
A0A7K4HBR2,0.045
A0A842RPQ2,0.045
A0A135VGX4,0.045
A0A842RIV1,0.045
A0A5C9E2P8,0.045
A0A842W1U2,0.045
A0A842YI80,0.045
A0A524CJM5,0.045
A0A523S0E7,0.045
A0A497Q1X4,0.045
A0A842RFY2,0.045
A0A850LW01,0.045
A0A497QUX2,0.045
A0A5B9D945,0.045
A0A5C9F079,0.045
A0A7K4HHS4,0.045
A0A523XAL6,0.045
A0A7K4GQM8,0.045
A0A524D3W9,0.045
A0A497PU88,0.045
A0A524E1W6,0.045
A0A523RMV8,0.045
A0A2U3CKJ6,0.045
A0A850MF38,0.045
A0A849QD74,0.045
A0A497PL95,0.045
A0A850LYP1,0.045
A0A1Q9NQP6,0.045
A0A7C0YFN5,0.045
A0A1Q9P0L4,0.045
A0A524E3D4,0.045
A0A524DYK0,0.045
A0A532T784,0.045
A0A842TL63,0.045
A0A524M0I4,0.045
A0A842YAT0,0.045
A0A3L6JK56,0.045
A0A497R9I8,0.045
A0A3L6JAR9,0.045
A0A842QBL9,0.045
A0A524DF55,0.045
A0A524D933,0.045
A0A524CG37,0.045
A0A850M4U5,0.045
A0A135VLM5,0.045
A0A524FPE2,0.045
A0A842S0A4,0.045
A0A849QDQ0,0.045
A0A1Q9P5H7,0.045
A0A497QMV0,0.045
A0A7K4CP79,0.045
A0A5B9DCT1,0.045
A0A497Q3R1,0.045
A0A1Q9NMP4,0.045
A0A7K4IDW7,0.045
A0A0F8XKK9,0.045
A0A850LP83,0.045
A0A497QN28,0.045
A0A842T079,0.045
A0A497PQC2,0.045
A0A842W1X3,0.045
A0A5C9E8D4,0.045
A0A532TD97,0.045
A0A497QMQ6,0.045
A0A5C9E8T8,0.045
A0A532TU84,0.045
A0A497QMM1,0.045
A0A524FR31,0.045
A0A3L6JM06,0.045
A0A523RHU5,0.045
A0A1Q9MS64,0.045
A0A1Q9PE32,0.045
A0A842TK52,0.045
A0A523W1K8,0.045
A0A523VVE7,0.045
A0A842VL61,0.045
A0A3L6JHE5,0.044
A0A7K4IE86,0.044
A0A5B9DE38,0.044
A0A2U3CKN9,0.044
A0A3L6J8K8,0.044
A0A497QD98,0.044
A0A524DQF7,0.044
A0A524DJH2,0.044
A0A1Q9MVT1,0.044
A0A1Q9N0Z5,0.044
A0A5C9EK77,0.044
A0A497QH63,0.044
A0A7K4ID67,0.044
A0A524EJS8,0.044
A0A850LXK0,0.044
A0A524FVF1,0.044
A0A135VBZ0,0.044
A0A842WTB2,0.044
A0A842U2M5,0.044
A0A524G6T2,0.044
A0A497PSU3,0.044
A0A524F561,0.044
A0A5C9EZT9,0.044
A0A497QIK8,0.044
A0A842WX11,0.044
A0A842WS92,0.044
A0A135VGM4,0.044
A0A2U3CKZ9,0.044
A0A497R6C5,0.044
A0A524EM59,0.044
A0A1Q9NBP7,0.044
A0A524M419,0.044
A0A850MRW1,0.044
A0A524CLZ4,0.044
A0A850MIR0,0.044
A0A850MHQ4,0.044
A0A7K4CTD3,0.044
A0A842U636,0.044
A0A524DTD9,0.044
A0A850LWM3,0.044
A0A842VVS3,0.044
A0A524EHG6,0.044
A0A497QLQ8,0.044
A0A523RB07,0.044
A0A1Q9MZQ9,0.044
A0A1Q9NBY5,0.044
A0A524F2Y4,0.044
A0A524EVX3,0.044
A0A850MMW4,0.044
A0A135VF38,0.044
A0A532T8N8,0.044
A0A7K4GRH7,0.044
A0A0F8Y4V7,0.044
A0A524CZ42,0.044
A0A850LV97,0.044
A0A0F8W490,0.044
A0A1Q9P3G7,0.044
A0A524F9B5,0.044
A0A524CRB3,0.044
A0A524ES98,0.044
A0A850LV11,0.044
A0A524DC12,0.044
A0A7K4GKI4,0.044
A0A850MFU3,0.044
A0A524G5N5,0.044
A0A524CH77,0.044
A0A497PHA7,0.044
A0A7K4CTX9,0.044
A0A842R601,0.044
A0A524LH63,0.044
A0A842T8R6,0.044
A0A523VWC7,0.044
A0A524EV98,0.044
A0A524EWR7,0.044
A0A842WZR0,0.044
A0A524LGH4,0.044
A0A524CNN0,0.044
A0A850M1U9,0.044
A0A1Q9MS98,0.044
A0A7C0U8B0,0.044
A0A842TM72,0.044
A0A7K4D059,0.044
A0A1Q9NCT3,0.044
A0A5B9D7H4,0.044
A0A524D7T6,0.044
A0A5C9EMB9,0.044
A0A1Q9NNG5,0.044
A0A524EC44,0.044
A0A1Q9PAS7,0.044
A0A524LJA7,0.044
A0A1Q9NJ84,0.044
A0A842VD16,0.044
A0A842SXD8,0.044
A0A532TPU0,0.044
A0A524FMV5,0.044
A0A5C9EFU2,0.044
A0A5C9ETN3,0.044
A0A5C9EFD0,0.044
A0A842REC1,0.044
A0A1Q9MU95,0.044
A0A7K4CXM4,0.044
A0A524CUK5,0.044
A0A3L6JNC5,0.044
A0A524MGC8,0.044
A0A842QC36,0.044
A0A842RDJ0,0.044
A0A497PWE4,0.044
A0A7K4GZ17,0.044
A0A1Q9NNT8,0.044
A0A842VY09,0.044
A0A842TG18,0.044
A0A842QFD3,0.044
A0A524FUT2,0.044
A0A532TAU0,0.044
A0A7K4CV05,0.044
A0A850MNR4,0.044
A0A524DFJ0,0.044
A0A524EY68,0.044
A0A842SZA8,0.044
A0A0F8VAL6,0.044
A0A524F0I6,0.044
A0A7K4H919,0.044
A0A524P1W0,0.044
A0A524C9B7,0.044
A0A1Q9PCC3,0.044
A0A497PBY4,0.044
A0A842RSP1,0.044
A0A524EXR5,0.044
A0A524F8R7,0.044
A0A523RSE8,0.044
A0A842VW59,0.044
A0A842SEH7,0.044
A0A524F6W1,0.044
A0A524DZZ6,0.044
A0A532TB48,0.044
A0A5C9ED53,0.044
A0A842RBB8,0.044
A0A524DMD7,0.044
A0A5C9EU07,0.044
A0A524DNJ5,0.044
A0A850MFZ0,0.044
A0A524C1W5,0.044
A0A5B9DCD9,0.044
A0A497QKA1,0.044
A0A1Q9NCX3,0.044
A0A842TEV5,0.044
A0A842U7V4,0.044
A0A842VGD0,0.044
A0A843BSX5,0.044
A0A1Q9P755,0.044
A0A842RL63,0.044
A0A3L6JDL4,0.044
A0A497QRA1,0.044
A0A842VAD2,0.044
A0A7K4IB55,0.044
A0A850M3T7,0.044
A0A842QEZ4,0.044
A0A850MBQ2,0.044
A0A532TSR1,0.044
A0A497PL96,0.044
A0A524CB88,0.044
A0A842VPP4,0.044
A0A524D9Z0,0.044
A0A1Q9NSN9,0.044
A0A524DM80,0.044
A0A1Q9N1A4,0.044
A0A1Q9NVJ4,0.044
A0A850M589,0.044
A0A842T093,0.044
A0A523RQD8,0.044
A0A523RZC0,0.044
A0A7K4IE58,0.044
A0A1Q9P3M9,0.044
A0A497Q7W5,0.044
A0A7K4HD12,0.044
A0A3L6JPR9,0.044
A0A5C9ED62,0.044
A0A0F8VN73,0.044
A0A523THY8,0.044
A0A842TCJ7,0.044
A0A7K4GZK7,0.044
A0A2E9CFL0,0.044
A0A524CN25,0.044
A0A524DC61,0.044
A0A850LSS5,0.044
A0A497PZF0,0.044
A0A0F8VF63,0.044
A0A523RPC8,0.044
A0A523VWA3,0.044
A0A850M178,0.044
A0A7K4HJM7,0.044
A0A850M750,0.044
A0A850MNT8,0.044
A0A1Q9NWE6,0.044
A0A7K4HEJ0,0.044
A0A1Q9N0C9,0.044
A0A3L6JIF9,0.044
A0A7K4CPG3,0.044
A0A524DFY6,0.044
A0A842W1B1,0.044
A0A7K4H1G3,0.044
A0A0F8Y232,0.044
A0A842VP54,0.044
A0A524EQ99,0.044
A0A532T672,0.044
A0A524EG70,0.044
A0A842TIV1,0.044
A0A7K4GXR5,0.044
A0A842RGN6,0.044
A0A842VDH3,0.044
A0A842RC98,0.044
A0A842YHT0,0.044
A0A524DAR2,0.044
A0A524F720,0.044
A0A524DHZ0,0.044
A0A1Q9MZS6,0.044
A0A524FTY9,0.044
A0A5C9F0B2,0.044
A0A524FE03,0.044
A0A524CTI6,0.044
A0A1Q9P124,0.044
A0A1Q9MUC5,0.044
A0A524L9Y8,0.044
A0A842T6Z7,0.044
A0A1Q9P9V5,0.044
A0A532TB61,0.044
A0A1Q9NQ44,0.044
A0A135VDI1,0.044
A0A843C322,0.044
A0A3L6JPY9,0.044
A0A5C9DX26,0.044
A0A524FZ75,0.044
A0A842VNU2,0.044
A0A524DHS6,0.044
A0A5C9EIW3,0.044
A0A842SY48,0.044
A0A7C0YAH8,0.044
A0A524FF21,0.044
A0A524E8A4,0.044
A0A5C9EVS4,0.044
A0A497R8H1,0.044
A0A5C9EH71,0.044
A0A7K4H5V3,0.044
A0A842T7R9,0.044
A0A0F8XVW6,0.044
A0A5B9DEM8,0.044
A0A0F8WB09,0.044
A0A532TXT9,0.044
A0A523RCY4,0.044
A0A7K4GQ03,0.044
A0A524CBC6,0.044
A0A842TGX4,0.044
A0A524EHP1,0.044
A0A1Q9NM43,0.044
A0A135VCP1,0.044
A0A849QGW2,0.044
A0A524L9Z9,0.044
A0A0F8Y966,0.044
A0A523RAR2,0.044
A0A1Q9NZD5,0.044
A0A842QCJ9,0.044
A0A524P223,0.044
A0A1Q9NJ03,0.044
A0A842TJV6,0.044
A0A524D513,0.044
A0A524DV18,0.044
A0A1Q9NDD1,0.044
A0A524LEM0,0.044
A0A843BMU5,0.044
A0A7K4HAY4,0.044
A0A497Q586,0.044
A0A135VTC4,0.044
A0A524CHB3,0.044
A0A497QRE2,0.044
A0A2U3CHZ9,0.044
A0A7K4HG61,0.044
A0A5C9EB22,0.044
A0A5C9E4A0,0.044
A0A842VM53,0.044
A0A850MLT0,0.044
A0A1Q9NZT0,0.044
A0A497QR43,0.044
A0A524D3Z2,0.044
A0A850MLN1,0.044
A0A5C9EE44,0.044
A0A497QDK2,0.044
A0A524EBQ8,0.044
A0A135VYC4,0.044
A0A524DXK7,0.044
A0A842S3J2,0.044
A0A1Q9NIX9,0.044
A0A7K4H343,0.044
A0A497QVN9,0.044
A0A497PNU9,0.044
A0A842U1Z6,0.044
A0A532T662,0.044
A0A524DK76,0.044
A0A7K4CVR4,0.044
A0A523TF35,0.044
A0A497R2P0,0.044
A0A0F8VD62,0.044
A0A1Q9PB29,0.044
A0A5C9E1P4,0.044
A0A1Q9P519,0.044
A0A842QHF1,0.044
A0A5C9E5X8,0.044
A0A497RB03,0.044
A0A5C9E547,0.044
A0A7K4H918,0.044
A0A0F8VB22,0.044
A0A1Q9MV79,0.044
A0A524FMG4,0.044
A0A842YAG5,0.044
A0A7K4CYH8,0.044
A0A2U3CI69,0.044
A0A1Q9NR40,0.044
A0A850LT31,0.044
A0A850MC23,0.044
A0A524DGU7,0.044
A0A1Q9NTG5,0.044
A0A497QG63,0.044
A0A524P5V8,0.044
A0A135VE76,0.044
A0A524LB28,0.044
A0A842QLJ1,0.044
A0A0F8Y006,0.044
A0A7K4GW56,0.044
A0A842V7P4,0.044
A0A497PP58,0.044
A0A524CG98,0.044
A0A842TLJ5,0.044
A0A842RGL1,0.044
A0A497P9X5,0.044
A0A850MF98,0.044
A0A1Q9NYZ6,0.044
A0A524FM96,0.044
A0A524CL03,0.044
A0A7K4CZD6,0.044
A0A5C9E3S6,0.044
A0A7K4GP70,0.044
A0A0F8W631,0.044
A0A7K4HKG4,0.044
A0A524DG35,0.044
A0A532T9A3,0.044
A0A524EKT4,0.044
A0A5C9F218,0.044
A0A850MJZ8,0.044
A0A5C9DXE2,0.044
A0A842UAI6,0.044
A0A497Q2Q8,0.044
A0A524DN05,0.044
A0A842W2U0,0.044
A0A523RDR8,0.044
A0A850MC88,0.044
A0A524LUF4,0.044
A0A1Q9NE44,0.044
A0A497R5B4,0.043
A0A5B9DA05,0.043
A0A7K4HAT6,0.043
A0A1Q9NFE7,0.043
A0A842T359,0.043
A0A523S393,0.043
A0A524FDC1,0.043
A0A842RR99,0.043
A0A497QCG3,0.043
A0A497QDI8,0.043
A0A2U3CGV7,0.043
A0A7K4GYM7,0.043
A0A524LCM1,0.043
A0A524FGR1,0.043
A0A532TN91,0.043
A0A524GAG2,0.043
A0A2U3CDT6,0.043
A0A524CAM9,0.043
A0A842WUX7,0.043
A0A842WRA1,0.043
A0A524D232,0.043
A0A843BVH5,0.043
A0A497PY40,0.043
A0A842Y9L2,0.043
A0A842TSK4,0.043
A0A842T5Y2,0.043
A0A524MKW1,0.043
A0A1Q9NTF8,0.043
A0A497PUY8,0.043
A0A524DBJ2,0.043
A0A7K4GZT3,0.043
A0A135VAS5,0.043
A0A7K4GPL2,0.043
A0A850M6G7,0.043
A0A842T6X4,0.043
A0A1Q9NMC6,0.043
A0A497PQ14,0.043
A0A842VNM6,0.043
A0A497PJF8,0.043
A0A850MRQ1,0.043
A0A524DH74,0.043
A0A3L6JAH5,0.043
A0A523RD98,0.043
A0A842TZE3,0.043
A0A1Q9NH59,0.043
A0A524F2J5,0.043
A0A524P2Y3,0.043
A0A524G5Z7,0.043
A0A532TWT7,0.043
A0A5C9E7E2,0.043
A0A842WVI3,0.043
A0A497PWR6,0.043
A0A843C373,0.043
A0A1Q9MW86,0.043
A0A850M1U3,0.043
A0A524C4B0,0.043
A0A524CKX7,0.043
A0A524DBT1,0.043
A0A524ERN5,0.043
A0A7K4IE85,0.043
A0A497R1J7,0.043
A0A850LPY0,0.043
A0A524DDU1,0.043
A0A524EFJ1,0.043
A0A842QE06,0.043
A0A524F4A1,0.043
A0A842VIQ3,0.043
A0A497PT70,0.043
A0A5B9DG65,0.043
A0A524F1N2,0.043
A0A0F8XG90,0.043
A0A524EWX6,0.043
A0A842RJL7,0.043
A0A524LZC1,0.043
A0A1Q9PCR1,0.043
A0A497PQ25,0.043
A0A3L6JG02,0.043
A0A842YH09,0.043
A0A842VMU6,0.043
A0A842U8N2,0.043
A0A842TAS6,0.043
A0A524E3B0,0.043
A0A7K4H5Q4,0.043
A0A523XIL0,0.043
A0A842TES0,0.043
A0A842THI9,0.043
A0A497QW90,0.043
A0A1Q9NV79,0.043
A0A523W2K7,0.043
A0A0F8VLS1,0.043
A0A842WM19,0.043
A0A523S0V8,0.043
A0A524EX71,0.043
A0A842VAZ3,0.043
A0A524P609,0.043
A0A842WX80,0.043
A0A524EYB9,0.043
A0A5C9EU87,0.043
A0A524DY41,0.043
A0A524D6D8,0.043
A0A7K4GPZ9,0.043
A0A7K4D0A9,0.043
A0A524EB59,0.043
A0A524P6L2,0.043
A0A497PLX0,0.043
A0A524EN73,0.043
A0A523XNK2,0.043
A0A5C9F1U0,0.043
A0A843BYW9,0.043
A0A532TKA0,0.043
A0A497QFX7,0.043
A0A0F8YEC6,0.043
A0A523W146,0.043
A0A497Q1S8,0.043
A0A497PNE3,0.043
A0A497R780,0.043
A0A850LVQ1,0.043
A0A524C335,0.043
A0A2E9CDH6,0.043
A0A842WP92,0.043
A0A497Q133,0.043
A0A2U3CKC7,0.043
A0A7K4CP38,0.043
A0A523W3L4,0.043
A0A842S187,0.043
A0A7K4CVK4,0.043
A0A850M976,0.043
A0A5C9E484,0.043
A0A7K4H8G0,0.043
A0A842RH28,0.043
A0A7K4H7T2,0.043
A0A7K4CT24,0.043
A0A524DDD6,0.043
A0A1Q9P490,0.043
A0A5C9E2D7,0.043
A0A524NUE4,0.043
A0A850MFC8,0.043
A0A523S634,0.043
A0A849QAZ9,0.043
A0A2U3CDH5,0.043
A0A7K4HJB1,0.043
A0A524EYQ8,0.043
A0A5C9E9U6,0.043
A0A524FIS2,0.043
A0A524ERJ7,0.043
A0A842VNS4,0.043
A0A524EZQ8,0.043
A0A0F8XMI2,0.043
A0A523VX39,0.043
A0A7K4HF77,0.043
A0A1Q9MQG6,0.043
A0A842TF53,0.043
A0A5C9EBN5,0.043
A0A850MMP2,0.043
A0A532T7Y4,0.043
A0A524DL40,0.043
A0A524G7H5,0.043
A0A497Q9Y3,0.043
A0A3L6JEK0,0.043
A0A497R434,0.043
A0A524CVF9,0.043
A0A524FZC8,0.043
A0A1Q9MW18,0.043
A0A1Q9NI24,0.043
A0A842T5U2,0.043
A0A842S5A4,0.043
A0A3L6JL23,0.043
A0A532TGJ2,0.043
A0A7K4IC18,0.043
A0A850MFB5,0.043
A0A842THM8,0.043
A0A524LBK6,0.043
A0A7K4CWX8,0.043
A0A524EXJ9,0.043
A0A497QRA4,0.043
A0A7K4D0M7,0.043
A0A497QVK8,0.043
A0A1Q9MSG1,0.043
A0A1Q9NTQ4,0.043
A0A850LWS6,0.043
A0A524CB51,0.043
A0A1Q9N1C3,0.043
A0A7K4CQY2,0.043
A0A135VU74,0.043
A0A135VE31,0.043
A0A7K4IGP6,0.043
A0A2U3CBV5,0.043
A0A842U1V5,0.043
A0A135VZN2,0.043
A0A1Q9NAJ0,0.043
A0A135VNR4,0.043
A0A842WUB6,0.043
A0A2U3CB20,0.043
A0A497QT32,0.043
A0A850LY51,0.043
A0A842TH78,0.043
A0A524FR74,0.043
A0A497QPQ3,0.043
A0A524FJQ6,0.043
A0A7K4HJZ3,0.043
A0A497PSR7,0.043
A0A523TQX0,0.043
A0A2U3CH53,0.043
A0A842QAD5,0.043
A0A850LQR7,0.043
A0A523RYH5,0.043
A0A524C5P9,0.043
A0A523XC24,0.043
A0A524NY62,0.043
A0A850MBZ1,0.043
A0A842YGA7,0.043
A0A7K4GLL1,0.043
A0A1Q9MW53,0.043
A0A532TPJ3,0.043
A0A842QB86,0.043
A0A1Q9P0W1,0.043
A0A1Q9NBW4,0.043
A0A7K4IBE5,0.043
A0A524DVD7,0.043
A0A850M3Q3,0.043
A0A5C9EDV2,0.043
A0A5B9D9R2,0.043
A0A842YC49,0.043
A0A135VD45,0.043
A0A497PLE7,0.043
A0A524DV58,0.043
A0A842VV07,0.043
A0A5C9DZC1,0.043
A0A524C6V7,0.043
A0A7K4H254,0.043
A0A532TAH8,0.043
A0A842VVH3,0.043
A0A849QD75,0.043
A0A497QHJ6,0.043
A0A497Q8T3,0.043
A0A497QD70,0.043
A0A842TLB1,0.043
A0A5C9E706,0.043
A0A523S333,0.043
A0A524LUB4,0.043
A0A497QU91,0.043
A0A524D4F8,0.043
A0A524MJY9,0.043
A0A497QM43,0.043
A0A524CKY1,0.043
A0A842VW60,0.043
A0A1Q9MUB5,0.043
A0A842U3S0,0.043
A0A1Q9NQD8,0.043
A0A524D6D9,0.043
A0A850MHN5,0.043
A0A497QPJ6,0.043
A0A843BSX4,0.043
A0A3L6JET4,0.043
A0A1Q9NTL6,0.043
A0A523XQI3,0.043
A0A842VPX3,0.043
A0A842RIV7,0.043
A0A524CPL6,0.043
A0A850M7Z3,0.043
A0A524F8C4,0.043
A0A1Q9NRL7,0.043
A0A7K4CPD8,0.043
A0A1Q9MTB1,0.043
A0A5C9E0U8,0.043
A0A842VFH8,0.043
A0A850M4P2,0.043
A0A524DBT2,0.043
A0A1Q9N8Q5,0.043
A0A842T6K2,0.043
A0A842RTS3,0.043
A0A842VSE4,0.043
A0A842QH81,0.043
A0A1Q9N1M3,0.043
A0A0F8XMN3,0.043
A0A524E0P7,0.043
A0A524E887,0.043
A0A5C9E351,0.043
A0A523S4Z7,0.043
A0A523X9T1,0.043
A0A842QFS3,0.043
A0A524ERC1,0.043
A0A0F8V7X2,0.043
A0A135VHX0,0.043
A0A524DIA4,0.043
A0A842TAD4,0.043
A0A524EIH7,0.043
A0A524EBD2,0.043
A0A1Q9P7H7,0.043
A0A842VUM6,0.043
A0A842RC69,0.043
A0A7K4ICD1,0.043
A0A523X8R8,0.043
A0A7K4IG27,0.043
A0A3L6JCA4,0.043
A0A524DQ25,0.043
A0A842VBB8,0.043
A0A497QZ07,0.043
A0A497PUC3,0.043
A0A497R1R0,0.043
A0A842TPM3,0.043
A0A842VI99,0.043
A0A524DBG6,0.043
A0A842SB77,0.043
A0A1Q9P5W7,0.043
A0A524EN57,0.043
A0A497QJ10,0.043
A0A850MS05,0.043
A0A497Q816,0.043
A0A2U3CDC3,0.043
A0A497PND0,0.043
A0A842RVG4,0.043
A0A1Q9NG74,0.043
A0A524L6D1,0.043
A0A524CEX8,0.043
A0A135VMZ0,0.043
A0A842VIV9,0.043
A0A3L6JKG5,0.043
A0A850MUY7,0.043
A0A497Q277,0.043
A0A497QMQ0,0.043
A0A842W1G2,0.043
A0A1Q9NAN5,0.043
A0A524FSC8,0.043
A0A497QZE5,0.043
A0A524DGX3,0.043
A0A850M878,0.043
A0A7K4HK09,0.043
A0A524E543,0.043
A0A5C9EN74,0.043
A0A842VGF3,0.043
A0A497QJA7,0.043
A0A532TQH4,0.043
A0A2U3CG67,0.043
A0A524EXN3,0.043
A0A497QGE2,0.043
A0A842WTV3,0.043
A0A524CSI7,0.043
A0A842TAZ1,0.043
A0A523S3H7,0.043
A0A850LQS2,0.043
A0A1Q9NC82,0.043
A0A842REG7,0.043
A0A523RHM2,0.043
A0A524C7V4,0.043
A0A842QE02,0.043
A0A135VUS9,0.043
A0A842VVE8,0.043
A0A524EG44,0.043
A0A5B9DAW5,0.043
A0A497QWR0,0.043
A0A497QX15,0.043
A0A0F8Y770,0.043
A0A524EFA6,0.043
A0A524EJJ5,0.043
A0A2U3CKS4,0.042
A0A842UCE9,0.042
A0A524F9D7,0.042
A0A524FBC7,0.042
A0A842WQS2,0.042
A0A523S8N5,0.042
A0A135VAI0,0.042
A0A524CIJ4,0.042
A0A524D9X3,0.042
A0A5C9E9Y6,0.042
A0A524FC15,0.042
A0A850MZ73,0.042
A0A1Q9P218,0.042
A0A0F8VIN0,0.042
A0A7K4CXT3,0.042
A0A7K4IE69,0.042
A0A524E400,0.042
A0A524DIQ0,0.042
A0A7K4GYI4,0.042
A0A1Q9NPM2,0.042
A0A523XQ73,0.042
A0A842S8D6,0.042
A0A1Q9NED2,0.042
A0A1Q9P182,0.042
A0A7K4HEW4,0.042
A0A523XM69,0.042
A0A497PLX8,0.042
A0A842YA46,0.042
A0A5C9E197,0.042
A0A135VYC8,0.042
A0A850LVX0,0.042
A0A524FXY6,0.042
A0A842VJ77,0.042
A0A1Q9N036,0.042
A0A135VPV1,0.042
A0A2U3CEQ5,0.042
A0A532T987,0.042
A0A1Q9NHZ5,0.042
A0A842TGF5,0.042
A0A524CQI7,0.042
A0A497Q549,0.042
A0A5C9E910,0.042
A0A524L5J6,0.042
A0A850M6E6,0.042
A0A135VC25,0.042
A0A524FEN2,0.042
A0A524EDU2,0.042
A0A135VV67,0.042
A0A497QYR9,0.042
A0A1Q9NIG6,0.042
A0A842RR02,0.042
A0A842X082,0.042
A0A843BNR7,0.042
A0A497QF74,0.042
A0A7K4H1B0,0.042
A0A850MLQ9,0.042
A0A135VZK4,0.042
A0A842RJE5,0.042
A0A524CZ50,0.042
A0A1Q9NI68,0.042
A0A523S383,0.042
A0A3L6JPM9,0.042
A0A1Q9N2P4,0.042
A0A842WPH3,0.042
A0A532TY01,0.042
A0A842VAX4,0.042
A0A532TMH0,0.042
A0A532TBJ8,0.042
A0A0F8V7J9,0.042
A0A0F8VA91,0.042
A0A524LBD0,0.042
A0A135VLT7,0.042
A0A524EFZ6,0.042
A0A1Q9P7A6,0.042
A0A842VT62,0.042
A0A135VZJ3,0.042
A0A842TDH6,0.042
A0A2U3CKX7,0.042
A0A0F8VA89,0.042
A0A1Q9PAP1,0.042
A0A524FIK9,0.042
A0A524LFI4,0.042
A0A7K4CZM6,0.042
A0A524G3X9,0.042
A0A524CBD6,0.042
A0A5C9E8X0,0.042
A0A524FCH3,0.042
A0A7K4IAL5,0.042
A0A1Q9NXU3,0.042
A0A497QL99,0.042
A0A532TFY1,0.042
A0A524CG93,0.042
A0A523VTQ1,0.042
A0A1Q9NBA6,0.042
A0A842RCF5,0.042
A0A850LSM3,0.042
A0A842VTA6,0.042
A0A7K4D1A8,0.042
A0A524EWK7,0.042
A0A524C4L5,0.042
A0A524EEQ7,0.042
A0A5B9DBP4,0.042
A0A5B9D8M1,0.042
A0A1Q9MU12,0.042
A0A524P537,0.042
A0A842TQF0,0.042
A0A524DSX7,0.042
A0A524C2J4,0.042
A0A497PXE0,0.042
A0A7K4IGQ3,0.042
A0A135VI99,0.042
A0A842U388,0.042
A0A5C9ESI2,0.042
A0A524FID3,0.042
A0A7K4H6U1,0.042
A0A850LS19,0.042
A0A5C9F0Z9,0.042
A0A842RRP6,0.042
A0A7K4CWV7,0.042
A0A7K4H083,0.042
A0A842T6P5,0.042
A0A7K4CNE2,0.042
A0A524LDG2,0.042
A0A842VW13,0.042
A0A842SG90,0.042
A0A524C406,0.042
A0A2U3CKP9,0.042
A0A1Q9NI86,0.042
A0A5B9D6T2,0.042
A0A1Q9NDN1,0.042
A0A850LWR0,0.042
A0A497PQ70,0.042
A0A497QD94,0.042
A0A842VI32,0.042
A0A842VUH8,0.042
A0A842RE93,0.042
A0A524FSB4,0.042
A0A850M6U7,0.042
A0A524FMV3,0.042
A0A7K4H631,0.042
A0A7K4CRF9,0.042
A0A497QH05,0.042
A0A524M4N5,0.042
A0A850MES2,0.042
A0A850M8L2,0.042
A0A135VZS9,0.042
A0A842VXN9,0.042
A0A524D865,0.042
A0A497PSK9,0.042
A0A850MEQ9,0.042
A0A850MHC1,0.042
A0A1Q9NB80,0.042
A0A842U2V0,0.042
A0A3L6JRH6,0.042
A0A842REJ9,0.042
A0A524D9Y7,0.042
A0A497QPM4,0.042
A0A135VYD0,0.042
A0A1Q9NJT5,0.042
A0A850MK18,0.042
A0A5C9EFU3,0.042
A0A842X287,0.042
A0A842RCI8,0.042
A0A3L6J9U9,0.042
A0A524L8T1,0.042
A0A135VZ80,0.042
A0A524D516,0.042
A0A5C9EQP4,0.042
A0A524ERR4,0.042
A0A842VJ51,0.042
A0A497QUW6,0.042
A0A524DME3,0.042
A0A5C9EMQ2,0.042
A0A524CI44,0.042
A0A135VQZ2,0.042
A0A5C9E6A7,0.042
A0A7K4H4Z0,0.042
A0A1Q9NCZ9,0.042
A0A135VZB3,0.042
A0A842WU34,0.042
A0A842T688,0.042
A0A2U3CDU7,0.042
A0A7K4GYA1,0.042
A0A7C0U901,0.042
A0A843C060,0.042
A0A842QKP2,0.042
A0A497QF44,0.042
A0A497PIB6,0.042
A0A524CFF5,0.042
A0A497PWJ0,0.042
A0A497QHA3,0.042
A0A7K4I9T9,0.042
A0A0F8W9M4,0.042
A0A524FDK1,0.042
A0A523S3T7,0.042
A0A1Q9NPY9,0.042
A0A842SYX0,0.042
A0A524FKT6,0.042
A0A7K4GVS3,0.042
A0A1Q9P1M5,0.042
A0A842TGS2,0.042
A0A2U3CL33,0.042
A0A0F8WAV1,0.042
A0A2U3CFI4,0.042
A0A850MB09,0.042
A0A524FEW0,0.042
A0A497RDE7,0.042
A0A524E368,0.042
A0A3L6J8I9,0.042
A0A0F8YDU5,0.042
A0A524C7L6,0.042
A0A1Q9NTP2,0.042
A0A1Q9N2F4,0.042
A0A135VSQ8,0.042
A0A842TMR9,0.042
A0A524EDY9,0.042
A0A7K4GNN3,0.042
A0A850LSD0,0.042
A0A5B9D7B9,0.042
A0A1Q9NRP4,0.042
A0A524E9E9,0.042
A0A497PVJ6,0.042
A0A524EDA8,0.042
A0A523VNC6,0.042
A0A524DDU9,0.042
A0A497PT13,0.042
A0A0F8VLP8,0.042
A0A850MG72,0.042
A0A523S0B0,0.042
A0A532TQN1,0.042
A0A524P2E0,0.042
A0A523TFE0,0.042
A0A7K4H4R2,0.042
A0A0F8VW71,0.042
A0A7K4H6W7,0.042
A0A842VL15,0.042
A0A497QV31,0.042
A0A850MVE5,0.042
A0A842SXA8,0.042
A0A1Q9MQM9,0.042
A0A524D6K3,0.042
A0A497PGL7,0.042
A0A524DXU7,0.042
A0A5C9EB93,0.042
A0A497RHM7,0.042
A0A842RF46,0.042
A0A524LMJ2,0.042
A0A532T7F3,0.042
A0A524NU03,0.042
A0A524G5F5,0.042
A0A0F8VA29,0.042
A0A524D402,0.042
A0A3L6JHE8,0.042
A0A524ED37,0.042
A0A5C9DZV2,0.042
A0A7K4H4B6,0.042
A0A842TLG7,0.042
A0A497QQM2,0.042
A0A3L6JM92,0.042
A0A842T1J4,0.042
A0A842RXP9,0.042
A0A5C9E801,0.042
A0A524C459,0.042
A0A7C0YDG9,0.042
A0A842W2T2,0.042
A0A2U3CEE8,0.042
A0A497Q5M7,0.042
A0A850M2F3,0.042
A0A0F8VJY0,0.042
A0A524DLY5,0.042
A0A1Q9PFS3,0.042
A0A842RXC9,0.042
A0A497PVK2,0.042
A0A524CFE5,0.042
A0A523RZK1,0.042
A0A523VR02,0.042
A0A5B9D6Z6,0.042
A0A5C9DYR6,0.042
A0A850M5J3,0.042
A0A842VNF5,0.042
A0A849QGU8,0.042
A0A524F012,0.042
A0A850LXF4,0.042
A0A524FIR7,0.042
A0A524C9E9,0.042
A0A135VZ85,0.042
A0A1Q9PAA6,0.042
A0A497QXM2,0.042
A0A842T5P1,0.042
A0A5B9D7E6,0.042
A0A7K4H123,0.042
A0A0F8Y4W7,0.042
A0A524DZR6,0.042
A0A0F8VEE3,0.042
A0A532TMK2,0.042
A0A7K4GK33,0.042
A0A842WMS2,0.042
A0A524MBN2,0.042
A0A2U3CGR9,0.042
A0A524FQH2,0.042
A0A135VES6,0.042
A0A842VCK8,0.042
A0A524FE37,0.042
A0A7K4CUS1,0.042
A0A524D3E6,0.042
A0A523RBD7,0.042
A0A850MAC1,0.042
A0A3L6JGT4,0.042
A0A5B9DG52,0.042
A0A850MMF4,0.042
A0A524FSL7,0.042
A0A524CY56,0.042
A0A524F434,0.042
A0A842W347,0.042
A0A7C0YFN0,0.042
A0A842TC18,0.042
A0A849QH23,0.042
A0A7K4IAP2,0.042
A0A497R207,0.042
A0A532TZ77,0.042
A0A524F7A7,0.042
A0A524FAJ9,0.042
A0A497PXR2,0.042
A0A842QGB1,0.042
A0A524E7K0,0.042
A0A497PA15,0.042
A0A850M5E4,0.042
A0A5B9DH39,0.042
A0A1Q9NHB7,0.042
A0A497PN37,0.042
A0A850LYQ7,0.042
A0A497PA38,0.042
A0A524EK81,0.042
A0A497QCY7,0.042
A0A524FSF1,0.042
A0A3L6JMC3,0.042
A0A523X9Z0,0.042
A0A5C9DVW1,0.042
A0A524E2D9,0.042
A0A0F8WAG4,0.042
A0A523W172,0.042
A0A7K4CQ59,0.042
A0A850M8B2,0.042
A0A5C9EG10,0.042
A0A842WU20,0.042
A0A532TSN0,0.042
A0A1Q9PDZ3,0.042
A0A1Q9NQC1,0.042
A0A524FQG3,0.042
A0A0F8VG00,0.042
A0A497PIZ1,0.042
A0A524MD37,0.042
A0A497QCK3,0.042
A0A135VUW9,0.042
A0A842QFN5,0.042
A0A524EDT3,0.042
A0A524D218,0.042
A0A497R566,0.042
A0A524ERE3,0.042
A0A5B9DE64,0.042
A0A524CZR8,0.042
A0A524EVG5,0.042
A0A842S2S6,0.042
A0A532TXY4,0.042
A0A842W370,0.042
A0A1Q9P3S2,0.042
A0A497PLI9,0.042
A0A842RTH6,0.042
A0A523RZB0,0.042
A0A3L6JMM7,0.042
A0A843BRR3,0.042
A0A5C9EN44,0.042
A0A524DHX4,0.042
A0A524F2P1,0.042
A0A497QG50,0.042
A0A497R4D9,0.042
A0A842T6H2,0.042
A0A524DKZ2,0.042
A0A532TMV8,0.042
A0A524G245,0.042
A0A842RHQ6,0.042
A0A532TXD9,0.041
A0A7K4ICV1,0.041
A0A524C2G7,0.041
A0A135VPK4,0.041
A0A524ENV8,0.041
A0A524DVJ9,0.041
A0A842VLL0,0.041
A0A1Q9MTN3,0.041
A0A524LE13,0.041
A0A5C9DS39,0.041
A0A135VNH9,0.041
A0A1Q9NZU5,0.041
A0A1Q9MVN0,0.041
A0A7K4ICA4,0.041
A0A1Q9MZW4,0.041
A0A135VFM8,0.041
A0A850MHN8,0.041
A0A842QEZ8,0.041
A0A0F8VE27,0.041
A0A524LBA0,0.041
A0A524CIM6,0.041
A0A497PX72,0.041
A0A842VFW3,0.041
A0A0F8XQ16,0.041
A0A524EVZ6,0.041
A0A524CAP6,0.041
A0A523R758,0.041
A0A1Q9NJI7,0.041
A0A523VRQ3,0.041
A0A1Q9NII5,0.041
A0A524DYY4,0.041
A0A524DGU9,0.041
A0A5C9EHU2,0.041
A0A842WTE8,0.041
A0A135VX00,0.041
A0A0F8XEW8,0.041
A0A524EMI9,0.041
A0A2U3CGD1,0.041
A0A0F8VLK1,0.041
A0A850LS86,0.041
A0A497QKA0,0.041
A0A842S158,0.041
A0A850MG28,0.041
A0A5C9E7N2,0.041
A0A1Q9P3W1,0.041
A0A524FHR4,0.041
A0A3L6JNW7,0.041
A0A523W1T5,0.041
A0A497QZ28,0.041
A0A842WRQ2,0.041
A0A842W0U9,0.041
A0A7K4GWZ0,0.041
A0A524G7I2,0.041
A0A842TLQ4,0.041
A0A842RHW6,0.041
A0A5C9E821,0.041
A0A497QUR3,0.041
A0A842WVA1,0.041
A0A7K4H5X4,0.041
A0A842T814,0.041
A0A850MCV2,0.041
A0A523TKK7,0.041
A0A842VX80,0.041
A0A2U3CEX1,0.041
A0A5C9EUJ0,0.041
A0A497QDX5,0.041
A0A523RG02,0.041
A0A842TIQ8,0.041
A0A5C9EKE3,0.041
A0A497PES4,0.041
A0A524EHH2,0.041
A0A7K4H0H0,0.041
A0A524P4Y0,0.041
A0A1Q9NDQ1,0.041
A0A524L6F5,0.041
A0A7K4IAK2,0.041
A0A523RS77,0.041
A0A7K4GUJ9,0.041
A0A524D4D2,0.041
A0A7K4H5T9,0.041
A0A5C9E589,0.041
A0A7K4GXU4,0.041
A0A524F3G2,0.041
A0A1Q9PBU9,0.041
A0A1Q9MUA7,0.041
A0A524EZK1,0.041
A0A524D0L1,0.041
A0A524CJ97,0.041
A0A843BTM6,0.041
A0A7K4GZQ7,0.041
A0A497QVZ8,0.041
A0A5C9E2Y7,0.041
A0A850MQ66,0.041
A0A1Q9MYT7,0.041
A0A523RY97,0.041
A0A5C9EEK4,0.041
A0A532TSN3,0.041
A0A524EA82,0.041
A0A523RBF6,0.041
A0A5B9DCD8,0.041
A0A842VM39,0.041
A0A497PJ84,0.041
A0A5C9F446,0.041
A0A7K4II72,0.041
A0A524DML3,0.041
A0A524CV33,0.041
A0A5B9DEW7,0.041
A0A842U585,0.041
A0A842RIN4,0.041
A0A523RZR1,0.041
A0A524FKM6,0.041
A0A497QG22,0.041
A0A524FCH2,0.041
A0A497QRX3,0.041
A0A1Q9NTX1,0.041
A0A524EBK3,0.041
A0A135VZQ6,0.041
A0A524CW38,0.041
A0A7K4CPZ6,0.041
A0A1Q9P0G9,0.041
A0A7K4IEF0,0.041
A0A524FJ31,0.041
A0A524DHI8,0.041
A0A850M241,0.041
A0A1Q9NLJ6,0.041
A0A497PYG1,0.041
A0A524LZW5,0.041
A0A532TQU1,0.041
A0A5B9D8Q7,0.041
A0A523RZQ7,0.041
A0A497PK15,0.041
A0A524E8I1,0.041
A0A523R739,0.041
A0A524CE37,0.041
A0A523S177,0.041
A0A524G1D0,0.041
A0A523VVS9,0.041
A0A3L6J959,0.041
A0A497QL71,0.041
A0A524CXT3,0.041
A0A842WXU3,0.041
A0A7K4HJ14,0.041
A0A850M2X5,0.041
A0A1Q9NNV5,0.041
A0A497PP39,0.041
A0A5C9E5Z8,0.041
A0A0F8VKJ4,0.041
A0A842RRV4,0.041
A0A7K4GUC7,0.041
A0A523RUK4,0.041
A0A524DAM8,0.041
A0A497QS31,0.041
A0A842QE57,0.041
A0A497QID6,0.041
A0A842T2K4,0.041
A0A842RCL9,0.041
A0A524CLS0,0.041
A0A1Q9NNH8,0.041
A0A523XKQ3,0.041
A0A842SCH3,0.041
A0A524P1J5,0.041
A0A497QD27,0.041
A0A0F8VBQ6,0.041
A0A524CVQ5,0.041
A0A7K4H6L4,0.041
A0A523VU89,0.041
A0A1Q9N3Z5,0.041
A0A5C9E7S5,0.041
A0A850LV00,0.041
A0A1Q9MX80,0.041
A0A497QV82,0.041
A0A524FGS9,0.041
A0A843C2Y0,0.041
A0A524DLA3,0.041
A0A7K4HK77,0.041
A0A5C9E3X5,0.041
A0A842RRZ2,0.041
A0A497QIS8,0.041
A0A524DBC6,0.041
A0A524EDC8,0.041
A0A5C9E903,0.041
A0A0F8W0N5,0.041
A0A1Q9PF25,0.041
A0A842QB96,0.041
A0A524LL30,0.041
A0A7K4H440,0.041
A0A524FD54,0.041
A0A523RE61,0.041
A0A135VR95,0.041
A0A843C5J7,0.041
A0A524NYG5,0.041
A0A5C9EBB4,0.041
A0A7K4IHB4,0.041
A0A1Q9MYL6,0.041
A0A5B9D9K2,0.041
A0A524F2A0,0.041
A0A842RAU8,0.041
A0A850MQN2,0.041
A0A3L6JQA5,0.041
A0A7C0YAP6,0.041
A0A3L6JG42,0.041
A0A850MHB6,0.041
A0A524CXC0,0.041
A0A524DE42,0.041
A0A7K4CS32,0.041
A0A1Q9PAY9,0.041
A0A135VBC2,0.041
A0A3L6JLY3,0.041
A0A524CBS1,0.041
A0A5C9E410,0.041
A0A1Q9MVU4,0.041
A0A532TK82,0.041
A0A524F679,0.041
A0A524DTK6,0.041
A0A842VRJ4,0.041
A0A7K4GUM9,0.041
A0A3L6J8C1,0.041
A0A2U3CGF4,0.041
A0A7K4CQZ5,0.041
A0A850M355,0.041
A0A524F8H1,0.041
A0A523RT09,0.041
A0A497PU62,0.041
A0A842X2F6,0.041
A0A524EFQ3,0.041
A0A2E9CD84,0.041
A0A842WR86,0.041
A0A842RY35,0.041
A0A135VBL8,0.041
A0A523TNY9,0.041
A0A524CII4,0.041
A0A0F8XFH5,0.041
A0A1Q9MXU4,0.041
A0A2U3CJK3,0.041
A0A7C0U9L4,0.041
A0A5B9DFV5,0.041
A0A842R8B4,0.041
A0A842RFR1,0.041
A0A523XNS7,0.041
A0A5C9ERE8,0.041
A0A5B9D810,0.041
A0A1Q9MXB6,0.041
A0A524CVY0,0.041
A0A7K4CNJ4,0.041
A0A7K4CMS8,0.041
A0A524D0D8,0.041
A0A842W1T3,0.041
A0A1Q9NBW1,0.041
A0A497QVG5,0.041
A0A1Q9MQA4,0.041
A0A1Q9NME8,0.041
A0A842SC87,0.041
A0A7K4CWA4,0.041
A0A524D6A4,0.041
A0A842WV57,0.041
A0A524CN32,0.041
A0A0F8XQX3,0.041
A0A7K4CTG8,0.041
A0A842TG26,0.041
A0A3L6J706,0.041
A0A1Q9NDI6,0.041
A0A842QBC1,0.041
A0A3L6JJ86,0.041
A0A842T9W8,0.041
A0A523RA59,0.041
A0A524FU21,0.041
A0A1Q9NAX9,0.041
A0A842YCG1,0.041
A0A524NZP1,0.041
A0A842RJI8,0.041
A0A524M0X3,0.041
A0A1Q9NI23,0.041
A0A7K4H908,0.041
A0A7K4GSP8,0.041
A0A850MBB6,0.041
A0A1Q9NA95,0.041
A0A7K4GZ14,0.041
A0A524CIT1,0.041
A0A842R9X7,0.041
A0A497PKH9,0.041
A0A524P6J6,0.041
A0A3L6JPA6,0.041
A0A497PUB1,0.041
A0A524L8F9,0.041
A0A850LUD1,0.041
A0A842W0F4,0.041
A0A842RCW6,0.041
A0A842S608,0.041
A0A524D6C9,0.041
A0A842VR87,0.041
A0A524F680,0.041
A0A5B9DD98,0.041
A0A850LWY8,0.041
A0A7K4H9R2,0.041
A0A524F1H2,0.041
A0A0F8VYJ5,0.041
A0A7C0U9D9,0.041
A0A1Q9NDR7,0.041
A0A842UA01,0.041
A0A7K4CU72,0.041
A0A524FSG0,0.041
A0A524M408,0.041
A0A524ERZ7,0.041
A0A0F8XQR8,0.041
A0A842YGJ1,0.041
A0A7K4HC23,0.041
A0A0F8VBB4,0.041
A0A7K4GUU0,0.041
A0A842TDG6,0.041
A0A524CG18,0.041
A0A524E6E8,0.041
A0A523X5Z5,0.041
A0A497QYC1,0.041
A0A5C9EDN2,0.041
A0A850MMI8,0.041
A0A524CQA8,0.041
A0A842RXU1,0.041
A0A7K4GS25,0.041
A0A524E5J9,0.041
A0A524F455,0.041
A0A850MIU4,0.041
A0A524CC45,0.041
A0A1Q9NU72,0.041
A0A7K4IGJ1,0.041
A0A1Q9NGC3,0.041
A0A1Q9MRJ1,0.041
A0A842T9Z8,0.041
A0A532TNG6,0.041
A0A523TMH8,0.041
A0A842VUI4,0.041
A0A524CQM3,0.041
A0A1Q9P5Q4,0.041
A0A7K4H4D4,0.041
A0A524D6A1,0.041
A0A2E9CDN3,0.041
A0A850M4N0,0.041
A0A524FTX6,0.041
A0A524G197,0.041
A0A532TXF5,0.041
A0A7K4CTR3,0.041
A0A842RLB7,0.041
A0A7K4CYW2,0.041
A0A524F986,0.041
A0A523RRZ8,0.041
A0A497QAM5,0.041
A0A0F8VMU9,0.041
A0A7K4IAV7,0.041
A0A524E846,0.041
A0A850LWD6,0.041
A0A523X5G1,0.041
A0A1Q9NQA9,0.041
A0A497QVB7,0.041
A0A523S6H6,0.041
A0A524P5N4,0.041
A0A497QM08,0.041
A0A842RF58,0.041
A0A842QL43,0.041
A0A842S7S3,0.041
A0A524CAR8,0.041
A0A1Q9N9N1,0.041
A0A497PVP0,0.041
A0A7K4IB12,0.041
A0A524EGV7,0.041
A0A532T7X1,0.041
A0A497Q6K1,0.041
A0A1Q9NRZ0,0.041
A0A524EUA3,0.041
A0A850MUA1,0.041
A0A1Q9N2V4,0.041
A0A5B9DC59,0.041
A0A1Q9MTK8,0.041
A0A532TEB7,0.041
A0A532TQ02,0.041
A0A842VWI2,0.041
A0A5C9E2L5,0.041
A0A1Q9N202,0.041
A0A524D0A2,0.041
A0A523VVJ8,0.041
A0A2U3CG07,0.041
A0A0F8XIR4,0.041
A0A3L6JIJ6,0.041
A0A7K4GUT2,0.041
A0A523XLD7,0.041
A0A5C9EKG8,0.041
A0A523XLY1,0.041
A0A523VQQ5,0.041
A0A1Q9NXP7,0.041
A0A497PW00,0.041
A0A524CWK5,0.041
A0A7K4ICL2,0.041
A0A524EYR7,0.041
A0A842TNL2,0.041
A0A850M6Z0,0.041
A0A1Q9P6E2,0.041
A0A532TN83,0.041
A0A524CFL2,0.041
A0A524D586,0.041
A0A5C9EZL2,0.041
A0A524CKM4,0.041
A0A1Q9MW48,0.041
A0A5C9EGF2,0.041
A0A497QVI8,0.041
A0A524DEW2,0.041
A0A524CFC2,0.041
A0A497QML7,0.041
A0A497PQF3,0.041
A0A497Q267,0.04
A0A497PEU5,0.04
A0A524CJC1,0.04
A0A3L6JI77,0.04
A0A850M276,0.04
A0A842WNN3,0.04
A0A524DBY1,0.04
A0A3L6JK28,0.04
A0A842YE22,0.04
A0A497QWM2,0.04
A0A524EY39,0.04
A0A524EML0,0.04
A0A842T5Z4,0.04
A0A524NSP7,0.04
A0A5C9E4Q7,0.04
A0A497Q3Z1,0.04
A0A497PWI9,0.04
A0A7K4GNE0,0.04
A0A842TRL8,0.04
A0A524DFJ5,0.04
A0A1Q9PDH9,0.04
A0A5C9EBT5,0.04
A0A5C9E9T5,0.04
A0A135VB34,0.04
A0A524DJ01,0.04
A0A842VXR4,0.04
A0A524EH16,0.04
A0A842RZW2,0.04
A0A842TTA6,0.04
A0A524E0G4,0.04
A0A5C9EX62,0.04
A0A532TP91,0.04
A0A524E3U3,0.04
A0A3L6J7Z8,0.04
A0A842W2W1,0.04
A0A524CDS6,0.04
A0A850MQ89,0.04
A0A842RLY7,0.04
A0A135VIM0,0.04
A0A5C9EQH6,0.04
A0A524E130,0.04
A0A524DC64,0.04
A0A524DT42,0.04
A0A524G8D3,0.04
A0A842WT25,0.04
A0A850M564,0.04
A0A524EPE2,0.04
A0A524P6H7,0.04
A0A524CSF5,0.04
A0A7K4HFU1,0.04
A0A842VLE8,0.04
A0A524D6U2,0.04
A0A524MAQ2,0.04
A0A1Q9NSL8,0.04
A0A497PKZ6,0.04
A0A135VZ88,0.04
A0A850MLG0,0.04
A0A3L6J7D1,0.04
A0A850LVH7,0.04
A0A523TFY6,0.04
A0A3L6J9M6,0.04
A0A3L6JMK8,0.04
A0A524FYP7,0.04
A0A497PPS8,0.04
A0A497Q9Z2,0.04
A0A524FMZ2,0.04
A0A524E5Q8,0.04
A0A1Q9NVU6,0.04
A0A850MIY3,0.04
A0A524LER1,0.04
A0A850ML74,0.04
A0A497QUF2,0.04
A0A135VF45,0.04
A0A850LSQ4,0.04
A0A524LMQ8,0.04
A0A524G1H9,0.04
A0A1Q9N445,0.04
A0A1Q9P6G5,0.04
A0A2U3CKN3,0.04
A0A7C0U8N9,0.04
A0A5B9D741,0.04
A0A5B9DA02,0.04
A0A2U3CK83,0.04
A0A0F8VF24,0.04
A0A3L6JJK9,0.04
A0A2E9CEE7,0.04
A0A7K4CTN2,0.04
A0A850M2Z4,0.04
A0A524C8I1,0.04
A0A524D1W2,0.04
A0A524DJU9,0.04
A0A1Q9NPE5,0.04
A0A524E4Q2,0.04
A0A7K4CTH9,0.04
A0A524CR28,0.04
A0A850LVT3,0.04
A0A524E0A3,0.04
A0A524EBH8,0.04
A0A3L6JHP5,0.04
A0A532TVF6,0.04
A0A1Q9NTN9,0.04
A0A1Q9P0M8,0.04
A0A524E965,0.04
A0A524CD90,0.04
A0A497QUK2,0.04
A0A842TWI2,0.04
A0A842REF4,0.04
A0A497QST2,0.04
A0A524CSL1,0.04
A0A1Q9MWM4,0.04
A0A524FLY6,0.04
A0A842VHD9,0.04
A0A524L698,0.04
A0A523VVC4,0.04
A0A524FUZ2,0.04
A0A524DVP0,0.04
A0A524EMB5,0.04
A0A1Q9NK98,0.04
A0A497Q841,0.04
A0A497QRH3,0.04
A0A842TDT9,0.04
A0A524D1E5,0.04
A0A524DE67,0.04
A0A524FK93,0.04
A0A524CF61,0.04
A0A850LYX1,0.04
A0A532T7V8,0.04
A0A135VTR2,0.04
A0A842U0S2,0.04
A0A1Q9P262,0.04
A0A842RNW5,0.04
A0A1Q9NKC4,0.04
A0A1Q9PAJ8,0.04
A0A5C9EJ93,0.04
A0A532THH9,0.04
A0A524DH61,0.04
A0A1Q9MQL4,0.04
A0A7K4CVR0,0.04
A0A2U3CHM0,0.04
A0A5C9DY94,0.04
A0A842U621,0.04
A0A842VU94,0.04
A0A5C9EX75,0.04
A0A497QQ19,0.04
A0A524L729,0.04
A0A5C9EP57,0.04
A0A7K4CZL7,0.04
A0A524EKX3,0.04
A0A842YBJ3,0.04
A0A7K4HL50,0.04
A0A497Q9Z1,0.04
A0A524LIA1,0.04
A0A497PXX6,0.04
A0A1Q9NH84,0.04
A0A524F3E0,0.04
A0A5C9EG71,0.04
A0A850ML65,0.04
A0A5C9ELS2,0.04
A0A7K4CR12,0.04
A0A1Q9NYM9,0.04
A0A5B9DE84,0.04
A0A524LC16,0.04
A0A1Q9NAI7,0.04
A0A7K4CWN8,0.04
A0A524C4V8,0.04
A0A7K4HIS3,0.04
A0A850LS55,0.04
A0A842VDA8,0.04
A0A524P1E3,0.04
A0A497QE68,0.04
A0A523XKZ8,0.04
A0A524LDP1,0.04
A0A497PPK2,0.04
A0A842W4H7,0.04
A0A842TIK6,0.04
A0A1Q9N035,0.04
A0A7K4ICR6,0.04
A0A1Q9NIV1,0.04
A0A5C9EKX6,0.04
A0A7C0YF76,0.04
A0A497PFN9,0.04
A0A497RBR0,0.04
A0A532TP97,0.04
A0A1Q9PBY0,0.04
A0A1Q9NNV3,0.04
A0A524E695,0.04
A0A7K4D073,0.04
A0A842WW97,0.04
A0A842QJ83,0.04
A0A524D047,0.04
A0A0F8Y381,0.04
A0A524EL39,0.04
A0A497QIZ1,0.04
A0A3L6JGJ4,0.04
A0A7K4CYG6,0.04
A0A5C9EG76,0.04
A0A524DZ75,0.04
A0A7K4CRK8,0.04
A0A524D701,0.04
A0A842T832,0.04
A0A524FRR7,0.04
A0A524FZM7,0.04
A0A524CRD5,0.04
A0A0F8V897,0.04
A0A524MG47,0.04
A0A842QFH8,0.04
A0A524FVS5,0.04
A0A5C9DW02,0.04
A0A1Q9MXT6,0.04
A0A1Q9NLB5,0.04
A0A497QWY3,0.04
A0A135VW98,0.04
A0A1Q9NQR6,0.04
A0A850M7L4,0.04
A0A135VLJ8,0.04
A0A524FIL7,0.04
A0A524GAV6,0.04
A0A842YB91,0.04
A0A5C9EGL5,0.04
A0A842RSN8,0.04
A0A524F6D8,0.04
A0A850MKI7,0.04
A0A1Q9MZM4,0.04
A0A523TJS9,0.04
A0A524F549,0.04
A0A5C9EWW7,0.04
A0A842VUR7,0.04
A0A7K4GRK7,0.04
A0A842U2T4,0.04
A0A850MSB1,0.04
A0A5C9EXQ9,0.04
A0A524NX00,0.04
A0A524L7K7,0.04
A0A524CQT5,0.04
A0A850LW84,0.04
A0A497QYE7,0.04
A0A842W511,0.04
A0A1Q9NIR9,0.04
A0A1Q9NZU7,0.04
A0A7K4HBN4,0.04
A0A5B9DDA4,0.04
A0A497QW26,0.04
A0A497PST7,0.04
A0A524EDI8,0.04
A0A497PAT8,0.04
A0A497QMA2,0.04
A0A497PE13,0.04
A0A850LZF1,0.04
A0A532TK25,0.04
A0A524EGP2,0.04
A0A850MLJ0,0.04
A0A524CW71,0.04
A0A497PQZ3,0.04
A0A842RJW8,0.04
A0A1Q9NAZ9,0.04
A0A5B9DBI3,0.04
A0A497PAL8,0.04
A0A524EAF3,0.04
A0A524M3D3,0.04
A0A524FTK2,0.04
A0A524FVZ4,0.04
A0A523RLJ9,0.04
A0A850MBX9,0.04
A0A524LIV1,0.04
A0A524P0X2,0.04
A0A7K4CW67,0.04
A0A524F0N9,0.04
A0A850M1V5,0.04
A0A497PGB6,0.04
A0A0F8WDG7,0.04
A0A135VZN5,0.04
A0A842VGT9,0.04
A0A524CJ39,0.04
A0A842QJ74,0.04
A0A524NV38,0.04
A0A7K4CWH2,0.04
A0A523R5W2,0.04
A0A850MS53,0.04
A0A524FKT7,0.04
A0A842YCT7,0.04
A0A842YA87,0.04
A0A497QY89,0.04
A0A497Q6S0,0.04
A0A842WMV1,0.04
A0A532TY31,0.04
A0A1Q9NUF1,0.04
A0A523RZA6,0.04
A0A524EIE2,0.04
A0A1Q9MYP0,0.04
A0A5C9ES35,0.04
A0A0F8WD57,0.04
A0A2U3CHA0,0.04
A0A497PNS0,0.04
A0A532TNB7,0.04
A0A850MF34,0.04
A0A135VB12,0.04
A0A3L6JRA2,0.04
A0A524C4D2,0.04
A0A497PP31,0.04
A0A524LJQ6,0.04
A0A524FAZ0,0.04
A0A524DHQ1,0.04
A0A842VL89,0.04
A0A842VH56,0.04
A0A842VYX5,0.04
A0A523XMT3,0.04
A0A524EJ89,0.04
A0A850MSY4,0.04
A0A3L6JRV9,0.04
A0A524CVJ3,0.04
A0A842W2F4,0.04
A0A842WTQ3,0.04
A0A850M7M3,0.04
A0A843BZK0,0.04
A0A7K4H4F3,0.04
A0A842VJ78,0.04
A0A497PNJ5,0.04
A0A7K4HJE7,0.04
A0A842VKW7,0.04
A0A524D508,0.04
A0A532T7C3,0.04
A0A523TBQ4,0.04
A0A523R8Z7,0.04
A0A7K4HH40,0.04
A0A0F8VWL2,0.04
A0A497QY13,0.04
A0A135VUE1,0.04
A0A524FER3,0.04
A0A497PHV6,0.04
A0A842QEP9,0.04
A0A497QSL1,0.04
A0A5C9EY64,0.04
A0A842S7Q3,0.04
A0A842WZ98,0.04
A0A7K4IF12,0.04
A0A842RKY4,0.04
A0A1Q9PB94,0.04
A0A135VV06,0.04
A0A842QAI6,0.04
A0A523RBR4,0.04
A0A1Q9P6B7,0.04
A0A497Q1C9,0.04
A0A524CXU4,0.04
A0A532TP02,0.04
A0A135VK71,0.04
A0A524DGJ3,0.04
A0A7K4HG48,0.04
A0A524ED09,0.04
A0A2U3CBP3,0.04
A0A0F8VZW3,0.04
A0A5C9ETH5,0.04
A0A1Q9N201,0.04
A0A523XKT8,0.04
A0A497QK07,0.04
A0A524E498,0.04
A0A497QA77,0.04
A0A524D7R3,0.04
A0A524C3E3,0.04
A0A842TH31,0.04
A0A524EPR1,0.04
A0A7K4CRR2,0.04
A0A1Q9NDP9,0.04
A0A7K4GKF5,0.04
A0A497QHL9,0.04
A0A5C9E1C9,0.04
A0A524DYW8,0.04
A0A497PK57,0.04
A0A524DQ58,0.04
A0A7K4CWE7,0.04
A0A532TQA2,0.04
A0A497R227,0.04
A0A842VKU3,0.04
A0A5C9E8P3,0.04
A0A0F8XQ20,0.04
A0A850MN78,0.04
A0A3L6JJG5,0.04
A0A524LZJ3,0.04
A0A7K4CP87,0.04
A0A842QLX0,0.04
A0A842WNS8,0.04
A0A850M6W9,0.04
A0A7K4HIN2,0.04
A0A497PP75,0.04
A0A524ENI3,0.04
A0A7K4IFT9,0.04
A0A524FHW3,0.04
A0A524EJX9,0.04
A0A497QHW9,0.04
A0A524ER76,0.04
A0A3L6JRP4,0.04
A0A850M2J8,0.04
A0A1Q9P2G5,0.04
A0A497PNY1,0.04
A0A5C9EUQ4,0.04
A0A524DQT9,0.04
A0A7K4HJY5,0.04
A0A524M3Z8,0.04
A0A497QJ56,0.04
A0A3L6JIV5,0.04
A0A524G011,0.04
A0A7K4CP84,0.04
A0A842TFX3,0.04
A0A524F216,0.04
A0A2U3CEX9,0.04
A0A842RA62,0.04
A0A843BZQ6,0.04
A0A532THG7,0.04
A0A0F8XIC6,0.04
A0A1Q9N9A6,0.04
A0A842TT49,0.04
A0A5B9DFQ6,0.04
A0A842YCW7,0.04
A0A1Q9NAY0,0.04
A0A524DDI8,0.04
A0A497PTZ9,0.04
A0A7K4IAW3,0.039
A0A524M6J0,0.039
A0A1Q9MSD7,0.039
A0A842T774,0.039
A0A497QCN1,0.039
A0A842YG16,0.039
A0A1Q9NS17,0.039
A0A842YDA5,0.039
A0A523X6T8,0.039
A0A524FED8,0.039
A0A850MHA0,0.039
A0A524E6Q3,0.039
A0A850LPN2,0.039
A0A1Q9NW29,0.039
A0A3L6JPP0,0.039
A0A497R0X8,0.039
A0A523TDB3,0.039
A0A524CIQ4,0.039
A0A135VHT9,0.039
A0A850MFI6,0.039
A0A842QFH0,0.039
A0A850MH81,0.039
A0A524CK93,0.039
A0A1Q9MR37,0.039
A0A7K4CXG9,0.039
A0A842T5I9,0.039
A0A532TJB7,0.039
A0A1Q9MZ78,0.039
A0A524FZ76,0.039
A0A497PDX5,0.039
A0A1Q9P9P9,0.039
A0A1Q9NHH6,0.039
A0A497QUD3,0.039
A0A524CCA2,0.039
A0A842WQ04,0.039
A0A2U3CHH0,0.039
A0A842SZM1,0.039
A0A1Q9P439,0.039
A0A842U8R5,0.039
A0A524D560,0.039
A0A524F8C1,0.039
A0A850MMH2,0.039
A0A1Q9P0H2,0.039
A0A7K4H991,0.039
A0A850LRY7,0.039
A0A842U6W6,0.039
A0A5B9DEA2,0.039
A0A842RV87,0.039
A0A842YE96,0.039
A0A532T9C5,0.039
A0A524LLZ0,0.039
A0A523S9V9,0.039
A0A1Q9NIM0,0.039
A0A524FXL0,0.039
A0A523S5D1,0.039
A0A1Q9NLI6,0.039
A0A5C9EVC7,0.039
A0A524EEP8,0.039
A0A2U3CF35,0.039
A0A5C9EQ42,0.039
A0A497QE41,0.039
A0A497QUG8,0.039
A0A524E0N8,0.039
A0A7K4H1A8,0.039
A0A7K4CWM3,0.039
A0A842TBE4,0.039
A0A5B9D6I0,0.039
A0A1Q9P7F5,0.039
A0A1Q9NYP8,0.039
A0A7K4IGL7,0.039
A0A842WS37,0.039
A0A5C9ELN1,0.039
A0A524FL71,0.039
A0A497PLW8,0.039
A0A497PH53,0.039
A0A849QGM8,0.039
A0A497PUT9,0.039
A0A842S1I7,0.039
A0A2U3CED8,0.039
A0A1Q9MRN0,0.039
A0A524EIT1,0.039
A0A524P5Y3,0.039
A0A532TM85,0.039
A0A5B9DAZ3,0.039
A0A850MEQ0,0.039
A0A524DKD4,0.039
A0A842RC70,0.039
A0A524DC53,0.039
A0A0F8WAJ1,0.039
A0A532TWN9,0.039
A0A7K4CTA4,0.039
A0A7K4CTI8,0.039
A0A850M1Q9,0.039
A0A842QIX3,0.039
A0A3L6J9H5,0.039
A0A1Q9NAY8,0.039
A0A2U3CJ88,0.039
A0A842TJR4,0.039
A0A842RR98,0.039
A0A7K4HIR9,0.039
A0A842WPD2,0.039
A0A0F8Y0A4,0.039
A0A842VV32,0.039
A0A842TGZ6,0.039
A0A842TS58,0.039
A0A524FB74,0.039
A0A843C3P8,0.039
A0A842VJG0,0.039
A0A523XHY3,0.039
A0A523RAP1,0.039
A0A842THJ5,0.039
A0A842WRH7,0.039
A0A523W4A6,0.039
A0A849QLL6,0.039
A0A0F8YAN6,0.039
A0A842X236,0.039
A0A2E9CCM0,0.039
A0A524EJY0,0.039
A0A7K4GUP1,0.039
A0A523RZP6,0.039
A0A842RBX4,0.039
A0A842RNQ5,0.039
A0A524C9V2,0.039
A0A849QJB6,0.039
A0A3L6JB18,0.039
A0A0F8Y7T5,0.039
A0A842RVT1,0.039
A0A524CJ87,0.039
A0A523TK93,0.039
A0A842RNT7,0.039
A0A524CGH3,0.039
A0A842W5T1,0.039
A0A524F1K7,0.039
A0A7K4CQG7,0.039
A0A524EPE5,0.039
A0A524DTK4,0.039
A0A524EZG2,0.039
A0A842YAM3,0.039
A0A1Q9NAR5,0.039
A0A524G9R3,0.039
A0A842W2D3,0.039
A0A842RJ88,0.039
A0A843C4B8,0.039
A0A524CM81,0.039
A0A523XDQ9,0.039
A0A524CZJ9,0.039
A0A524ECS2,0.039
A0A1Q9NJ58,0.039
A0A0F8V8G5,0.039
A0A523XLK9,0.039
A0A497PWM6,0.039
A0A524C519,0.039
A0A7K4HKW9,0.039
A0A5C9E6H3,0.039
A0A524D173,0.039
A0A524L519,0.039
A0A3L6J7C0,0.039
A0A1Q9NSK4,0.039
A0A532TMP2,0.039
A0A5C9DZS2,0.039
A0A3L6JNR1,0.039
A0A842S571,0.039
A0A0F8YAP2,0.039
A0A842RJD5,0.039
A0A1Q9NPA6,0.039
A0A5C9E1I0,0.039
A0A497QNL1,0.039
A0A524DHH6,0.039
A0A497RB58,0.039
A0A842RI66,0.039
A0A842R876,0.039
A0A842YC89,0.039
A0A523X7S9,0.039
A0A850MU40,0.039
A0A849Q847,0.039
A0A524CZE2,0.039
A0A524DYQ2,0.039
A0A1Q9NY79,0.039
A0A0F8VK64,0.039
A0A523S1L8,0.039
A0A842RJY5,0.039
A0A497QZ11,0.039
A0A532TKK7,0.039
A0A1Q9PBB4,0.039
A0A1Q9NYL0,0.039
A0A497PLC4,0.039
A0A524E3J0,0.039
A0A524E876,0.039
A0A5C9ERD6,0.039
A0A523TG79,0.039
A0A5C9DYB4,0.039
A0A850MSM0,0.039
A0A135VIC4,0.039
A0A0F8XGN4,0.039
A0A524F4F1,0.039
A0A524D9K8,0.039
A0A842UF42,0.039
A0A523S405,0.039
A0A523TBH2,0.039
A0A842T6I9,0.039
A0A524EUI3,0.039
A0A524EMZ1,0.039
A0A850MRS5,0.039
A0A532TXI5,0.039
A0A524D4H3,0.039
A0A524FKD9,0.039
A0A842SX04,0.039
A0A850MPD0,0.039
A0A1Q9MRA0,0.039
A0A850MN24,0.039
A0A0F8XVQ3,0.039
A0A532TVW0,0.039
A0A524P0M7,0.039
A0A842TP04,0.039
A0A523TRQ0,0.039
A0A2U3CDG2,0.039
A0A842VJ25,0.039
A0A524F8D9,0.039
A0A524G7C5,0.039
A0A1Q9PFG8,0.039
A0A0F8XWV3,0.039
A0A1Q9NRH9,0.039
A0A497RGJ2,0.039
A0A1Q9NZE3,0.039
A0A523XAE0,0.039
A0A842U4N2,0.039
A0A7K4IH30,0.039
A0A7K4D181,0.039
A0A5C9E7V4,0.039
A0A497PQN2,0.039
A0A135VXU7,0.039
A0A524ER73,0.039
A0A524E2Q0,0.039
A0A497PDW9,0.039
A0A524E3X1,0.039
A0A842VC07,0.039
A0A3L6JFS8,0.039
A0A524DB16,0.039
A0A1Q9NGE8,0.039
A0A842T4H2,0.039
A0A5C9ELE2,0.039
A0A842VAR6,0.039
A0A524E1U1,0.039
A0A842RDY0,0.039
A0A524FV24,0.039
A0A7K4H618,0.039
A0A523VSF0,0.039
A0A523R871,0.039
A0A850M2N5,0.039
A0A842TER0,0.039
A0A523R817,0.039
A0A1Q9MX59,0.039
A0A842TC66,0.039
A0A850LT41,0.039
A0A1Q9P2G9,0.039
A0A524CMQ0,0.039
A0A497PCF6,0.039
A0A497Q7G4,0.039
A0A497QLY7,0.039
A0A1Q9NKQ0,0.039
A0A524EAX5,0.039
A0A497QKC0,0.039
A0A842VZB5,0.039
A0A842VYB6,0.039
A0A523TJL1,0.039
A0A135VWI7,0.039
A0A842VJ43,0.039
A0A850MRP3,0.039
A0A7K4IBR2,0.039
A0A0F8VYA0,0.039
A0A3L6JDZ5,0.039
A0A524M7H5,0.039
A0A843BSD3,0.039
A0A5C9DYQ7,0.039
A0A524LTM1,0.039
A0A1Q9NDG7,0.039
A0A3L6JDV9,0.039
A0A523X7U2,0.039
A0A524ETX6,0.039
A0A497R8V1,0.039
A0A523X5L2,0.039
A0A842TPW9,0.039
A0A524CWZ6,0.039
A0A0F8XRY8,0.039
A0A523S0A1,0.039
A0A524GA94,0.039
A0A842TRV7,0.039
A0A523XJL1,0.039
A0A7K4H0D7,0.039
A0A850LTG7,0.039
A0A532TQC5,0.039
A0A7K4GWC1,0.039
A0A7K4GK34,0.039
A0A5C9EKQ8,0.039
A0A523THC0,0.039
A0A5C9EPC6,0.039
A0A524CI35,0.039
A0A5C9E8A8,0.039
A0A523TL65,0.039
A0A524CE71,0.039
A0A5C9EI78,0.039
A0A524FYJ0,0.039
A0A524FYM8,0.039
A0A497QBI3,0.039
A0A1Q9P0N6,0.039
A0A497QV21,0.039
A0A497PEM5,0.039
A0A7K4D1M4,0.039
A0A842R786,0.039
A0A524C444,0.039
A0A2U3CDQ1,0.039
A0A1Q9N1N9,0.039
A0A3L6JHM4,0.039
A0A524F6V6,0.039
A0A532TF11,0.039
A0A532TBL1,0.039
A0A497QZA1,0.039
A0A7K4HC00,0.039
A0A1Q9N381,0.039
A0A524C8B5,0.039
A0A524CH71,0.039
A0A850LUB9,0.039
A0A7K4CY33,0.039
A0A1Q9PB86,0.039
A0A849QJQ4,0.039
A0A842U411,0.039
A0A524C8B4,0.039
A0A523S095,0.039
A0A524D1H8,0.039
A0A1Q9N3G5,0.039
A0A842VKS0,0.039
A0A842VST6,0.039
A0A523R935,0.039
A0A524FU85,0.039
A0A524E0H2,0.039
A0A2E9CDR7,0.039
A0A497PVM9,0.039
A0A524C4T3,0.039
A0A524E1P0,0.039
A0A3L6J898,0.039
A0A1Q9NLZ5,0.039
A0A1Q9MST9,0.039
A0A842TPK9,0.039
A0A850MI33,0.039
A0A842YCN6,0.039
A0A2U3CHZ5,0.039
A0A524DZJ7,0.039
A0A7K4D1T0,0.039
A0A1Q9PFK7,0.039
A0A850MVG0,0.039
A0A1Q9P712,0.039
A0A497PUU5,0.039
A0A842VX09,0.039
A0A7K4HIW4,0.039
A0A524CHV6,0.039
A0A842T1E9,0.039
A0A524FJC4,0.039
A0A523RQN9,0.039
A0A1Q9P3V4,0.039
A0A5B9DDQ5,0.039
A0A7K4GVZ5,0.039
A0A843BX29,0.039
A0A524C9B1,0.038
A0A524D870,0.038
A0A1Q9NHN0,0.038
A0A524DS47,0.038
A0A524C2R2,0.038
A0A524CUC0,0.038
A0A524CKH2,0.038
A0A497PSP1,0.038
A0A524FJM9,0.038
A0A842S2K3,0.038
A0A497QHE7,0.038
A0A497QTX7,0.038
A0A524FJY8,0.038
A0A3L6JFH6,0.038
A0A523TS06,0.038
A0A7K4H9U0,0.038
A0A2U3CH49,0.038
A0A523TAI9,0.038
A0A5C9EBN6,0.038
A0A532TY38,0.038
A0A5C9ENZ1,0.038
A0A5C9EFY0,0.038
A0A1Q9MYM2,0.038
A0A524EZP9,0.038
A0A5C9EAK2,0.038
A0A850MPX0,0.038
A0A524M1W3,0.038
A0A524EQM6,0.038
A0A850M8K8,0.038
A0A524CG85,0.038
A0A5C9EVI2,0.038
A0A0F8XKA2,0.038
A0A1Q9PB22,0.038
A0A5C9EC84,0.038
A0A532TBD7,0.038
A0A842SAF5,0.038
A0A5C9F1G5,0.038
A0A0F8W4R7,0.038
A0A523RU75,0.038
A0A850MP49,0.038
A0A524F9Y0,0.038
A0A524DHM0,0.038
A0A524M7Y4,0.038
A0A524EDS5,0.038
A0A0F8XSX3,0.038
A0A7K4GTL8,0.038
A0A523XHD1,0.038
A0A1Q9P2A9,0.038
A0A524F6P7,0.038
A0A7K4HBX5,0.038
A0A5C9EM59,0.038
A0A1Q9NEX4,0.038
A0A5B9DA25,0.038
A0A7K4H9G4,0.038
A0A842S5E2,0.038
A0A842YC15,0.038
A0A3L6JKE4,0.038
A0A524EI22,0.038
A0A7K4CUN5,0.038
A0A532THS5,0.038
A0A524F8C8,0.038
A0A1Q9NJH6,0.038
A0A497QA96,0.038
A0A1Q9MYS3,0.038
A0A524C734,0.038
A0A842TJS6,0.038
A0A7C0U8H2,0.038
A0A842Y872,0.038
A0A842RBC6,0.038
A0A524GA48,0.038
A0A497QCS8,0.038
A0A7K4IGY9,0.038
A0A524F394,0.038
A0A7K4GVX0,0.038
A0A524LG39,0.038
A0A850LYF6,0.038
A0A5C9E3N8,0.038
A0A524DMM9,0.038
A0A850LUT2,0.038
A0A135VD95,0.038
A0A842TE70,0.038
A0A1Q9NBX4,0.038
A0A1Q9MX36,0.038
A0A850LQU3,0.038
A0A1Q9NGZ3,0.038
A0A1Q9NCU8,0.038
A0A7K4CWH8,0.038
A0A524C4M2,0.038
A0A497R7T4,0.038
A0A850MQ08,0.038
A0A850M659,0.038
A0A7K4IDH0,0.038
A0A850LWB4,0.038
A0A524E2K8,0.038
A0A523TD62,0.038
A0A842TPI0,0.038
A0A497Q7D1,0.038
A0A523RC66,0.038
A0A850LR38,0.038
A0A2U3CCA6,0.038
A0A7K4HAK9,0.038
A0A524LRG7,0.038
A0A524E1N6,0.038
A0A524EEY3,0.038
A0A842TI31,0.038
A0A842S027,0.038
A0A842S5N3,0.038
A0A1Q9N238,0.038
A0A842S8H4,0.038
A0A1Q9PEI5,0.038
A0A842WW49,0.038
A0A7K4IA86,0.038
A0A842T283,0.038
A0A7C0U902,0.038
A0A5C9EIR5,0.038
A0A7K4CVF6,0.038
A0A523RPB3,0.038
A0A524CWN2,0.038
A0A0F8Y7S3,0.038
A0A1Q9NME2,0.038
A0A5C9DXW7,0.038
A0A842RTK5,0.038
A0A5C9EXN3,0.038
A0A842X0H8,0.038
A0A524MG20,0.038
A0A5C9ESL0,0.038
A0A1Q9P327,0.038
A0A1Q9NKS9,0.038
A0A842RPG5,0.038
A0A0F8VNZ9,0.038
A0A3L6JJR4,0.038
A0A842W0L8,0.038
A0A5C9EIF0,0.038
A0A524EM28,0.038
A0A7K4GRH9,0.038
A0A524E2H8,0.038
A0A524CY52,0.038
A0A524FTR3,0.038
A0A524FCD6,0.038
A0A842VJE2,0.038
A0A5C9E2R0,0.038
A0A497Q196,0.038
A0A532TQV4,0.038
A0A5C9EWK3,0.038
A0A523XFC1,0.038
A0A7K4CX06,0.038
A0A1Q9N4H3,0.038
A0A524CGX5,0.038
A0A850MHV7,0.038
A0A842TK82,0.038
A0A842SX73,0.038
A0A524LMM1,0.038
A0A497PW65,0.038
A0A497PXA1,0.038
A0A524LK26,0.038
A0A842QBZ9,0.038
A0A523S821,0.038
A0A1Q9PCV4,0.038
A0A497QQR9,0.038
A0A524D685,0.038
A0A5C9EEY4,0.038
A0A1Q9P4M3,0.038
A0A523RQ89,0.038
A0A497Q6X6,0.038
A0A842VBD0,0.038
A0A5C9E9P6,0.038
A0A1Q9NBK7,0.038
A0A524E5S6,0.038
A0A1Q9PDA0,0.038
A0A5B9DF12,0.038
A0A1Q9MZK0,0.038
A0A524CTP5,0.038
A0A524FET6,0.038
A0A5C9DVQ5,0.038
A0A7K4GZH7,0.038
A0A524E6T4,0.038
A0A3L6JJP4,0.038
A0A7K4GN08,0.038
A0A5B9DEA6,0.038
A0A842VTH9,0.038
A0A135VQ55,0.038
A0A850MDF5,0.038
A0A850MQ56,0.038
A0A497PM55,0.038
A0A523X5Z4,0.038
A0A850M6X7,0.038
A0A524EW31,0.038
A0A135VLC4,0.038
A0A7K4D112,0.038
A0A842TF23,0.038
A0A1Q9NE01,0.038
A0A497PPB3,0.038
A0A523VWG0,0.038
A0A7K4GLF2,0.038
A0A524FAJ8,0.038
A0A524FY12,0.038
A0A524LR75,0.038
A0A5C9EGC9,0.038
A0A3L6JJB8,0.038
A0A524FFQ6,0.038
A0A843BX92,0.038
A0A497QWK7,0.038
A0A2U3CGK0,0.038
A0A7K4CZT4,0.038
A0A1Q9P9F5,0.038
A0A532TN50,0.038
A0A524LV06,0.038
A0A5C9EQP3,0.038
A0A3L6J734,0.038
A0A3L6J6G8,0.038
A0A532TBE5,0.038
A0A135VXV0,0.038
A0A1Q9MVZ9,0.038
A0A497PYC3,0.038
A0A524CN61,0.038
A0A842WT58,0.038
A0A1Q9MYV3,0.038
A0A524CDU3,0.038
A0A523VWW2,0.038
A0A1Q9NUM7,0.038
A0A524F0I3,0.038
A0A524FFL5,0.038
A0A524C604,0.038
A0A497QMQ1,0.038
A0A524FJB4,0.038
A0A135VSZ7,0.038
A0A524L619,0.038
A0A3L6JJV3,0.038
A0A524CEM1,0.038
A0A524M7N0,0.038
A0A524F9J6,0.038
A0A135W090,0.038
A0A497PK42,0.038
A0A3L6J814,0.038
A0A524C4B6,0.038
A0A524F495,0.038
A0A523RFF4,0.038
A0A7K4H847,0.038
A0A5C9EP63,0.038
A0A5B9DEN2,0.038
A0A842RT70,0.038
A0A524FN89,0.038
A0A842TB03,0.038
A0A842T8N0,0.038
A0A524EYP9,0.038
A0A5C9EL94,0.038
A0A524LYG1,0.038
A0A842VFI4,0.038
A0A7K4IHT9,0.038
A0A842VCF6,0.038
A0A523TMH3,0.038
A0A523TJZ3,0.038
A0A524DJA6,0.038
A0A5C9EFA9,0.038
A0A842RCS7,0.038
A0A7K4CPK4,0.038
A0A5C9EQJ6,0.038
A0A135VCT6,0.038
A0A842S562,0.038
A0A842WNT6,0.038
A0A497QLG5,0.038
A0A5C9EB52,0.038
A0A524NSG2,0.038
A0A7K4CRZ5,0.038
A0A2E9CEA9,0.038
A0A524F313,0.038
A0A524FM37,0.038
A0A850M087,0.038
A0A524FGF1,0.038
A0A524ECB5,0.038
A0A3L6JLN6,0.038
A0A524E3I8,0.038
A0A7K4CXE9,0.038
A0A842U910,0.038
A0A0F8Y4P9,0.038
A0A523RI69,0.038
A0A524DTZ1,0.038
A0A842VUG5,0.038
A0A849QGR8,0.038
A0A497QP63,0.038
A0A524DG22,0.038
A0A7K4GP18,0.038
A0A5C9DZ87,0.038
A0A842VL40,0.038
A0A7K4GUB2,0.038
A0A524M8P9,0.038
A0A524F2J4,0.038
A0A532TZ18,0.038
A0A842RST9,0.038
A0A524G262,0.038
A0A524EY66,0.038
A0A842RTZ0,0.038
A0A842T872,0.038
A0A3L6JAQ6,0.038
A0A5B9DBE0,0.038
A0A7C0YE22,0.038
A0A497QMC9,0.038
A0A842S179,0.038
A0A524F7D8,0.038
A0A5C9E757,0.038
A0A842T8B6,0.038
A0A3L6JQD4,0.038
A0A523S5L6,0.038
A0A523TK47,0.038
A0A1Q9NP46,0.038
A0A3L6JIF5,0.038
A0A0F8XLI2,0.038
A0A524D796,0.038
A0A135VHA0,0.038
A0A524DMA2,0.038
A0A524DFQ5,0.038
A0A842TQ61,0.038
A0A0F8Y3C7,0.038
A0A524G6Q6,0.038
A0A1Q9PBF1,0.038
A0A532TDY2,0.038
A0A524C1S7,0.038
A0A5C9EB29,0.038
A0A5C9EZM8,0.038
A0A3L6JB72,0.038
A0A842T1K1,0.038
A0A1Q9N057,0.038
A0A842WUY5,0.038
A0A524CP06,0.038
A0A842RPK6,0.038
A0A7K4CXA3,0.038
A0A524C7W1,0.038
A0A5C9ELW0,0.038
A0A842VR24,0.038
A0A135VI11,0.038
A0A842VLF8,0.038
A0A5C9E533,0.038
A0A842TJT0,0.038
A0A5C9EG24,0.038
A0A524DJC7,0.038
A0A842S4K4,0.038
A0A842VUX7,0.038
A0A7K4HDU0,0.038
A0A497Q4J0,0.038
A0A524ELW7,0.038
A0A842TQS5,0.038
A0A850M335,0.038
A0A842WVX2,0.038
A0A7K4GYQ5,0.038
A0A842VE09,0.038
A0A524FFX1,0.038
A0A524GBI8,0.038
A0A497R2K6,0.038
A0A850LVC5,0.038
A0A497PUW9,0.038
A0A842TQL7,0.038
A0A135VKQ5,0.038
A0A5C9DYI7,0.038
A0A524F0E0,0.038
A0A135VDE7,0.038
A0A524C5B9,0.038
A0A135VLH0,0.038
A0A524EEB0,0.038
A0A850LPD5,0.038
A0A497QCG8,0.038
A0A497QMF4,0.038
A0A5B9DBP1,0.038
A0A524F6H1,0.038
A0A524EWV3,0.038
A0A850M1J2,0.038
A0A523S2F4,0.038
A0A497QL02,0.038
A0A524EDT5,0.038
A0A524ENE8,0.038
A0A1Q9MV13,0.038
A0A850MJW9,0.038
A0A3L6JGF9,0.038
A0A497PCE4,0.038
A0A524F4T8,0.038
A0A842TJN8,0.038
A0A0F8V6G7,0.038
A0A524CT29,0.038
A0A524EDH2,0.038
A0A842YEM8,0.038
A0A842V7G1,0.038
A0A0F8XY97,0.038
A0A524DYX1,0.038
A0A524FUC8,0.038
A0A7K4GUL0,0.038
A0A1Q9P072,0.038
A0A842U615,0.038
A0A524DVB7,0.038
A0A7K4GPR1,0.038
A0A524LMR6,0.038
A0A842R8I1,0.038
A0A7K4H1C7,0.038
A0A524E664,0.038
A0A850LV45,0.038
A0A1Q9NUN2,0.038
A0A850M6S0,0.038
A0A523S4M0,0.038
A0A524ESB5,0.038
A0A524FNZ0,0.038
A0A849QCN7,0.038
A0A532TPK5,0.038
A0A842RU07,0.038
A0A523VW79,0.038
A0A524DMY7,0.038
A0A524F6W3,0.038
A0A0F8VQC1,0.038
A0A0F8XV84,0.038
A0A843BQT2,0.037
A0A5C9ETX4,0.037
A0A524DPM5,0.037
A0A524F588,0.037
A0A497QTN9,0.037
A0A524CPC1,0.037
A0A524FMD7,0.037
A0A524CAV1,0.037
A0A524D8V4,0.037
A0A497P7C1,0.037
A0A135VRX5,0.037
A0A524DNX8,0.037
A0A497Q5D0,0.037
A0A497QBI7,0.037
A0A850M7D4,0.037
A0A842TDB0,0.037
A0A497QJX1,0.037
A0A524D440,0.037
A0A850MCM6,0.037
A0A135VCN8,0.037
A0A1Q9P8Y5,0.037
A0A524G6A5,0.037
A0A842TCM4,0.037
A0A1Q9N469,0.037
A0A850ML19,0.037
A0A842TMX6,0.037
A0A0F8XRD0,0.037
A0A523S2Q4,0.037
A0A850LZ72,0.037
A0A1Q9NK12,0.037
A0A5B9DDA3,0.037
A0A843BVG5,0.037
A0A1Q9P3F2,0.037
A0A524CRX1,0.037
A0A524ERG1,0.037
A0A524LJ31,0.037
A0A5C9E0C3,0.037
A0A497PHM1,0.037
A0A7K4H9K7,0.037
A0A524D0G3,0.037
A0A5C9EGZ7,0.037
A0A1Q9P7R5,0.037
A0A842RPY1,0.037
A0A523REN0,0.037
A0A524DPD7,0.037
A0A523TRN9,0.037
A0A524D854,0.037
A0A524EX74,0.037
A0A497PVQ8,0.037
A0A849QGH6,0.037
A0A5C9EVC6,0.037
A0A524FGZ6,0.037
A0A135VRK5,0.037
A0A1Q9P487,0.037
A0A843BPL3,0.037
A0A842VZK3,0.037
A0A842VU88,0.037
A0A0F8VPK9,0.037
A0A524CL16,0.037
A0A1Q9P2P1,0.037
A0A497QPS1,0.037
A0A842VCP8,0.037
A0A524LDI6,0.037
A0A842QE97,0.037
A0A524EL16,0.037
A0A842VEE9,0.037
A0A524E1L3,0.037
A0A0F8WAS3,0.037
A0A842QEH7,0.037
A0A5C9DZF8,0.037
A0A524DLQ9,0.037
A0A0F8YES3,0.037
A0A842VSI3,0.037
A0A524F644,0.037
A0A1Q9NGX3,0.037
A0A497R2J7,0.037
A0A524ML89,0.037
A0A532TH68,0.037
A0A5C9ET38,0.037
A0A842X184,0.037
A0A0F8VIM4,0.037
A0A850LS45,0.037
A0A497QP99,0.037
A0A523XGT0,0.037
A0A497QBS8,0.037
A0A524LWV3,0.037
A0A524DWK0,0.037
A0A1Q9NAY3,0.037
A0A7K4GW24,0.037
A0A524F2N6,0.037
A0A5C9E4H8,0.037
A0A842WS10,0.037
A0A524L5J1,0.037
A0A842RYN9,0.037
A0A524EY04,0.037
A0A2U3CIT3,0.037
A0A7K4HJU5,0.037
A0A523S197,0.037
A0A0F8VKC1,0.037
A0A497RAD0,0.037
A0A842U9F4,0.037
A0A7K4CSY5,0.037
A0A5C9E5U6,0.037
A0A1Q9NRG3,0.037
A0A843C0Q7,0.037
A0A850LQ30,0.037
A0A7K4CU05,0.037
A0A7K4HJP9,0.037
A0A497PPF3,0.037
A0A497R375,0.037
A0A7K4GVS2,0.037
A0A524CF33,0.037
A0A842T2J0,0.037
A0A842VAH7,0.037
A0A1Q9NAV6,0.037
A0A532T7E4,0.037
A0A5B9D587,0.037
A0A524CCQ7,0.037
A0A7K4H2V0,0.037
A0A1Q9NYD7,0.037
A0A497QBL2,0.037
A0A523RZR6,0.037
A0A5C9E3G2,0.037
A0A850MEE8,0.037
A0A7K4CVD6,0.037
A0A524FLT4,0.037
A0A523RFX3,0.037
A0A0F8VNP5,0.037
A0A524CXU6,0.037
A0A842SC15,0.037
A0A524FH02,0.037
A0A497R0B1,0.037
A0A524F7E6,0.037
A0A842T130,0.037
A0A524CKR0,0.037
A0A842QH62,0.037
A0A524LZM3,0.037
A0A524EJ15,0.037
A0A842TQ57,0.037
A0A842VI23,0.037
A0A842V8K3,0.037
A0A532TSL5,0.037
A0A524EXB0,0.037
A0A842R9E8,0.037
A0A850LZX9,0.037
A0A0F8Y4T4,0.037
A0A524EJ14,0.037
A0A524FMP1,0.037
A0A524DY47,0.037
A0A524G0X3,0.037
A0A497QDG0,0.037
A0A524FRE7,0.037
A0A1Q9MYZ5,0.037
A0A524FNQ8,0.037
A0A5C9F157,0.037
A0A497PW57,0.037
A0A524EMY2,0.037
A0A524DJH6,0.037
A0A1Q9NQD3,0.037
A0A524FM32,0.037
A0A850LVR4,0.037
A0A842TD72,0.037
A0A524CX74,0.037
A0A524E5W2,0.037
A0A849QF61,0.037
A0A135VC43,0.037
A0A523S208,0.037
A0A842RZY2,0.037
A0A135VIZ6,0.037
A0A524FJ35,0.037
A0A524DXS3,0.037
A0A5B9DG47,0.037
A0A1Q9P3I5,0.037
A0A842QCI9,0.037
A0A1Q9NMH6,0.037
A0A842VSR3,0.037
A0A850M0J7,0.037
A0A524G920,0.037
A0A524CH94,0.037
A0A532TWM7,0.037
A0A7K4CUH6,0.037
A0A135VK92,0.037
A0A524EWS1,0.037
A0A850MRX8,0.037
A0A842QIA2,0.037
A0A842QIM2,0.037
A0A497QC14,0.037
A0A497PJ40,0.037
A0A1Q9NZF9,0.037
A0A7K4HG27,0.037
A0A843BP08,0.037
A0A524FID9,0.037
A0A524FC27,0.037
A0A842VXS4,0.037
A0A5C9DZ31,0.037
A0A497PFL9,0.037
A0A7K4GWQ1,0.037
A0A842TCP4,0.037
A0A842YGK9,0.037
A0A850MP00,0.037
A0A7K4H6P0,0.037
A0A135VWY1,0.037
A0A7K4CX09,0.037
A0A850LVD0,0.037
A0A0F8V8R1,0.037
A0A524EFT6,0.037
A0A532TS97,0.037
A0A5C9EYI0,0.037
A0A497QDI3,0.037
A0A0F8VFT9,0.037
A0A497QYH1,0.037
A0A524E553,0.037
A0A850MPT1,0.037
A0A524FQP9,0.037
A0A3L6JJU1,0.037
A0A532TRR4,0.037
A0A1Q9PAK6,0.037
A0A524DXT8,0.037
A0A1Q9NYB4,0.037
A0A524CRT2,0.037
A0A842Y9X5,0.037
A0A524E061,0.037
A0A1Q9NRC8,0.037
A0A524CMM7,0.037
A0A842TLI6,0.037
A0A842T902,0.037
A0A842VS18,0.037
A0A524F1E4,0.037
A0A497Q1N6,0.037
A0A842TG73,0.037
A0A497QWC2,0.037
A0A842UBE4,0.037
A0A524DW40,0.037
A0A524DXT4,0.037
A0A523S0J1,0.037
A0A497QRB2,0.037
A0A497R6L3,0.037
A0A3L6JFX7,0.037
A0A3L6JNP5,0.037
A0A842YBV3,0.037
A0A842QF32,0.037
A0A524D3F6,0.037
A0A523RF41,0.037
A0A7K4CZY1,0.037
A0A523R9V6,0.037
A0A3L6JGA5,0.037
A0A850MK20,0.037
A0A842S942,0.037
A0A524DRZ2,0.037
A0A524C1T3,0.037
A0A135VNN7,0.037
A0A497PR57,0.037
A0A842VMA0,0.037
A0A524DA34,0.037
A0A524LRA7,0.037
A0A842T5C2,0.037
A0A850MHW7,0.037
A0A135VVS7,0.037
A0A7K4H4X1,0.037
A0A7K4CPH5,0.037
A0A842SX97,0.037
A0A497QBR7,0.037
A0A524FIR3,0.037
A0A5C9EYK6,0.037
A0A523S2R3,0.037
A0A524E7Z1,0.037
A0A5C9EHL2,0.037
A0A1Q9NWX0,0.037
A0A5C9EX28,0.037
A0A1Q9N332,0.037
A0A523XF80,0.037
A0A842WTK8,0.037
A0A497QM17,0.037
A0A2U3CHC3,0.037
A0A842YB11,0.037
A0A842W283,0.037
A0A524DE27,0.037
A0A523RS79,0.037
A0A524E546,0.037
A0A524D9Z2,0.037
A0A5C9EEW8,0.037
A0A842S367,0.037
A0A1Q9PAM8,0.037
A0A524CVW3,0.037
A0A135VKX7,0.037
A0A843BMP4,0.037
A0A497QSQ0,0.037
A0A497PFT9,0.037
A0A7K4D099,0.037
A0A524EY62,0.037
A0A524DWR4,0.037
A0A850MBP7,0.037
A0A850M0Z4,0.037
A0A7K4H9W6,0.037
A0A524DUZ6,0.037
A0A523R8R0,0.037
A0A3L6JIP1,0.037
A0A842VTC2,0.037
A0A524LBZ9,0.037
A0A524FMD9,0.037
A0A842RIW5,0.037
A0A524DWN1,0.037
A0A524DZA7,0.037
A0A842RT21,0.037
A0A135VFT6,0.037
A0A524DCP3,0.037
A0A2U3CB12,0.037
A0A842QJA8,0.037
A0A135VY34,0.037
A0A524CJK8,0.037
A0A0F8WE57,0.037
A0A524CVA4,0.037
A0A850M1Y3,0.037
A0A524D7G1,0.037
A0A842SVR2,0.037
A0A524LKY3,0.037
A0A524F6Z0,0.037
A0A5C9EBT9,0.037
A0A523RG21,0.037
A0A7K4GVE6,0.037
A0A3L6JJ29,0.037
A0A524D2U3,0.037
A0A135VS98,0.037
A0A5B9D7F7,0.037
A0A7K4GUG7,0.037
A0A7K4CVF3,0.037
A0A523RQS4,0.037
A0A524CLF0,0.037
A0A850M669,0.037
A0A523RAN9,0.037
A0A523VQE6,0.037
A0A5C9E942,0.037
A0A2U3CJH4,0.037
A0A524FD87,0.037
A0A1Q9NVG7,0.037
A0A849Q838,0.037
A0A5C9ECS8,0.037
A0A7K4HK86,0.037
A0A524G1X7,0.037
A0A842VP61,0.037
A0A523VZ24,0.037
A0A135VB72,0.037
A0A524G7C3,0.037
A0A842YEX1,0.037
A0A524E0J1,0.037
A0A1Q9MUY7,0.037
A0A842TKW5,0.037
A0A497R498,0.037
A0A524FF40,0.037
A0A524CYG1,0.037
A0A7K4CYU4,0.037
A0A524DP24,0.037
A0A524C3X8,0.037
A0A524EN34,0.037
A0A524LQL8,0.037
A0A7K4GZ09,0.037
A0A5B9D5W5,0.037
A0A2E9CEG5,0.037
A0A524FHN6,0.037
A0A524E595,0.037
A0A5C9EJF7,0.037
A0A524FCY8,0.037
A0A850MFQ8,0.037
A0A1Q9MW43,0.037
A0A850M1L5,0.037
A0A135VBN7,0.037
A0A5C9DV23,0.037
A0A842TNZ1,0.037
A0A523W207,0.037
A0A842YES3,0.037
A0A842SXI5,0.037
A0A842VFJ5,0.037
A0A850MDX7,0.037
A0A1Q9P3J4,0.037
A0A1Q9NSR9,0.037
A0A850M3U9,0.037
A0A5C9EYH4,0.037
A0A1Q9NSA3,0.037
A0A497QI86,0.037
A0A2U3CGA1,0.037
A0A497QLC1,0.037
A0A850LNU3,0.037
A0A497PSQ0,0.037
A0A850M2C5,0.037
A0A532TBT3,0.037
A0A1Q9MT13,0.037
A0A135VWT2,0.037
A0A524G1R0,0.037
A0A842S6A5,0.037
A0A524ELA4,0.037
A0A7K4HBT2,0.037
A0A523RUG7,0.037
A0A524EHP5,0.037
A0A842SXB1,0.037
A0A5B9DEN6,0.037
A0A850M323,0.037
A0A1Q9NAJ5,0.037
A0A532TGG7,0.037
A0A1Q9ND93,0.037
A0A524CPR9,0.037
A0A850LZA4,0.037
A0A3L6JBC7,0.037
A0A850LUK7,0.037
A0A7K4IGN5,0.037
A0A7K4H5J1,0.037
A0A842QB29,0.037
A0A1Q9PAJ9,0.037
A0A497PNI8,0.037
A0A5C9E035,0.037
A0A7K4GJZ7,0.037
A0A135VQH7,0.037
A0A497PNA1,0.037
A0A524EN65,0.037
A0A524DYT9,0.037
A0A497R0B3,0.037
A0A1Q9NJ93,0.037
A0A524F563,0.037
A0A7K4HIG3,0.037
A0A497QRS7,0.037
A0A524EFD8,0.037
A0A842TJG1,0.037
A0A2E9CCZ4,0.037
A0A850LRE2,0.037
A0A135VKZ1,0.037
A0A842W5Q0,0.037
A0A850MSU7,0.037
A0A7K4GYD3,0.037
A0A524MK46,0.037
A0A532TC23,0.037
A0A5C9EY99,0.037
A0A842QEG2,0.037
A0A1Q9NCG7,0.037
A0A842QDM3,0.037
A0A135VT99,0.036
A0A497QGY8,0.036
A0A524F843,0.036
A0A842RIX4,0.036
A0A497QKU9,0.036
A0A850MU26,0.036
A0A1Q9NTJ4,0.036
A0A842QI82,0.036
A0A524C6X9,0.036
A0A842VWZ5,0.036
A0A842T8Y3,0.036
A0A497PJW4,0.036
A0A524L7Y6,0.036
A0A842S308,0.036
A0A135VLP1,0.036
A0A524E472,0.036
A0A1Q9MVQ8,0.036
A0A524CAF9,0.036
A0A842RIE8,0.036
A0A7K4GWB4,0.036
A0A2U3CIM2,0.036
A0A497Q881,0.036
A0A842RYZ2,0.036
A0A524DV66,0.036
A0A524LDJ8,0.036
A0A135VRD2,0.036
A0A5C9DWD8,0.036
A0A497QDJ3,0.036
A0A5C9EY83,0.036
A0A523S766,0.036
A0A523RID5,0.036
A0A3L6JS60,0.036
A0A843BTE4,0.036
A0A524D3R9,0.036
A0A524CR93,0.036
A0A524EDS4,0.036
A0A524CU78,0.036
A0A1Q9NQF6,0.036
A0A850LWG1,0.036
A0A842W3P8,0.036
A0A1Q9NVX4,0.036
A0A524L733,0.036
A0A1Q9MSS4,0.036
A0A5B9DAM9,0.036
A0A523TDA8,0.036
A0A7K4GW15,0.036
A0A850MPI1,0.036
A0A1Q9MUN4,0.036
A0A842YBK9,0.036
A0A842S8H3,0.036
A0A1Q9PCV1,0.036
A0A524CFE1,0.036
A0A524DJY3,0.036
A0A524EUZ9,0.036
A0A842W065,0.036
A0A524P4F8,0.036
A0A524FIU7,0.036
A0A2U3CJA3,0.036
A0A842VIN9,0.036
A0A524F9S8,0.036
A0A842VLM6,0.036
A0A497Q3P3,0.036
A0A524EQN3,0.036
A0A5C9EH19,0.036
A0A497R9X1,0.036
A0A524DES1,0.036
A0A135W067,0.036
A0A842YBT8,0.036
A0A5C9ERR5,0.036
A0A524CI09,0.036
A0A850M135,0.036
A0A842TSI7,0.036
A0A524F5W4,0.036
A0A842QDC1,0.036
A0A524LR30,0.036
A0A842RME0,0.036
A0A524D1S1,0.036
A0A524F4N7,0.036
A0A532TR28,0.036
A0A5C9ES78,0.036
A0A524FRC8,0.036
A0A523RGU2,0.036
A0A523XMA8,0.036
A0A850LQF1,0.036
A0A524EMM8,0.036
A0A842RT39,0.036
A0A524DR11,0.036
A0A135VF25,0.036
A0A1Q9NUW9,0.036
A0A524CE64,0.036
A0A842SAP4,0.036
A0A842YES5,0.036
A0A524P3R8,0.036
A0A842TB81,0.036
A0A1Q9MSQ8,0.036
A0A7K4HA70,0.036
A0A0F8V956,0.036
A0A497QSD5,0.036
A0A524CA84,0.036
A0A842TS88,0.036
A0A842QKU1,0.036
A0A849Q8Y8,0.036
A0A1Q9NTM7,0.036
A0A497PPZ8,0.036
A0A1Q9NM25,0.036
A0A497Q7B3,0.036
A0A7K4IE29,0.036
A0A5B9DFE5,0.036
A0A524C8U1,0.036
A0A524DLT4,0.036
A0A523RYI8,0.036
A0A524C203,0.036
A0A842T805,0.036
A0A1Q9NI91,0.036
A0A5B9D891,0.036
A0A1Q9P398,0.036
A0A497Q1W4,0.036
A0A524E1J3,0.036
A0A7K4GLQ9,0.036
A0A850MK39,0.036
A0A524CRH8,0.036
A0A5B9D7M4,0.036
A0A7K4ICV7,0.036
A0A1Q9PFV3,0.036
A0A524ESN6,0.036
A0A524FXZ8,0.036
A0A524DA33,0.036
A0A524D062,0.036
A0A3L6JFY1,0.036
A0A842VR70,0.036
A0A524FG07,0.036
A0A0F8XFF6,0.036
A0A5C9EKD3,0.036
A0A850MEX8,0.036
A0A842VWU5,0.036
A0A135VAN3,0.036
A0A842TQS9,0.036
A0A5C9ES71,0.036
A0A5B9D8U0,0.036
A0A524M9F5,0.036
A0A5C9EPU2,0.036
A0A7K4IE83,0.036
A0A5B9DBV2,0.036
A0A523XBR2,0.036
A0A0F8XV70,0.036
A0A3L6JDP6,0.036
A0A524C5Q4,0.036
A0A842QEH3,0.036
A0A524MD73,0.036
A0A5B9D947,0.036
A0A523S392,0.036
A0A842RXS7,0.036
A0A842TBX8,0.036
A0A1Q9NP17,0.036
A0A1Q9NV27,0.036
A0A523R9R5,0.036
A0A524FKW6,0.036
A0A842U831,0.036
A0A5B9DHA9,0.036
A0A842TPG1,0.036
A0A842YAQ4,0.036
A0A0F8VKJ8,0.036
A0A842YC00,0.036
A0A842TMR7,0.036
A0A523VRU1,0.036
A0A524EPG9,0.036
A0A7K4CTI3,0.036
A0A524D3Z3,0.036
A0A524DD62,0.036
A0A135VWQ4,0.036
A0A497PNC8,0.036
A0A2U3CJC1,0.036
A0A5B9D8S1,0.036
A0A842VVZ9,0.036
A0A135VCW4,0.036
A0A523W2I7,0.036
A0A2U3CI54,0.036
A0A842WU85,0.036
A0A532TIE4,0.036
A0A1Q9PBL5,0.036
A0A842VZX0,0.036
A0A524CCD5,0.036
A0A532TG27,0.036
A0A842U953,0.036
A0A524EUA6,0.036
A0A523S540,0.036
A0A1Q9NQ69,0.036
A0A7K4IFL0,0.036
A0A497PHC9,0.036
A0A497PDL4,0.036
A0A524DHD3,0.036
A0A135VFS8,0.036
A0A5C9EPP6,0.036
A0A524D469,0.036
A0A842VJU4,0.036
A0A1Q9NTG8,0.036
A0A0F8XMT7,0.036
A0A524C3L6,0.036
A0A497QZQ1,0.036
A0A497QVM3,0.036
A0A7K4H7C9,0.036
A0A5C9E7Y5,0.036
A0A7K4IGR8,0.036
A0A850LP57,0.036
A0A524FBB7,0.036
A0A524ENN9,0.036
A0A1Q9NB21,0.036
A0A523VZ01,0.036
A0A2U3CH29,0.036
A0A497PI81,0.036
A0A2U3CIG7,0.036
A0A497PPX8,0.036
A0A524EBE0,0.036
A0A524D3J4,0.036
A0A850M3A0,0.036
A0A524ERS9,0.036
A0A7K4HGB8,0.036
A0A7K4ICB8,0.036
A0A1Q9N3S9,0.036
A0A0F8VCR0,0.036
A0A0F8XSP7,0.036
A0A497QTH5,0.036
A0A524CY23,0.036
A0A135VY12,0.036
A0A524DU85,0.036
A0A497PHH8,0.036
A0A842REA8,0.036
A0A1Q9NBN6,0.036
A0A523RVJ9,0.036
A0A5B9D794,0.036
A0A7K4CM57,0.036
A0A842RU32,0.036
A0A523RFR1,0.036
A0A842YGS3,0.036
A0A1Q9NSK1,0.036
A0A524CPM2,0.036
A0A1Q9NB57,0.036
A0A3L6JFC5,0.036
A0A1Q9NJ73,0.036
A0A524G583,0.036
A0A842RJ20,0.036
A0A5C9ESW0,0.036
A0A843C0R8,0.036
A0A2U3CKL2,0.036
A0A850LQD5,0.036
A0A523RS03,0.036
A0A523RCW4,0.036
A0A842VB18,0.036
A0A842QFU5,0.036
A0A0F8VFF8,0.036
A0A2U3CHV5,0.036
A0A0F8WDA9,0.036
A0A850M8G4,0.036
A0A7K4H5T0,0.036
A0A7K4CTM6,0.036
A0A7K4GKI1,0.036
A0A497PKS7,0.036
A0A842T743,0.036
A0A2U3CIY8,0.036
A0A3L6JNI4,0.036
A0A850MSP1,0.036
A0A524LLF5,0.036
A0A850M4G8,0.036
A0A3L6JFK2,0.036
A0A0F8XDY6,0.036
A0A524M3Y8,0.036
A0A524P4G4,0.036
A0A850M970,0.036
A0A523TIE0,0.036
A0A0F8W9A8,0.036
A0A0F8VQK7,0.036
A0A523XSH5,0.036
A0A1Q9N073,0.036
A0A7K4HKK7,0.036
A0A5C9E802,0.036
A0A850MHR6,0.036
A0A532TEF1,0.036
A0A524M0B0,0.036
A0A524D0K8,0.036
A0A2U3CKS5,0.036
A0A1Q9P341,0.036
A0A7K4GY84,0.036
A0A843BRG3,0.036
A0A524CZD8,0.036
A0A524ERB3,0.036
A0A849QB75,0.036
A0A523RH39,0.036
A0A850MBR3,0.036
A0A497PLK9,0.036
A0A0F8VHX4,0.036
A0A850MJI5,0.036
A0A5C9EQG2,0.036
A0A524CIX2,0.036
A0A842WUN4,0.036
A0A524M0L0,0.036
A0A523S3Q8,0.036
A0A524CPQ4,0.036
A0A842SXL3,0.036
A0A2U3CEL0,0.036
A0A1Q9NTE6,0.036
A0A1Q9MZS0,0.036
A0A524F8K3,0.036
A0A842RLZ4,0.036
A0A524FIH9,0.036
A0A0F8XFA5,0.036
A0A850M7H0,0.036
A0A524FDI6,0.036
A0A524G9M9,0.036
A0A842UCI8,0.036
A0A842W5M5,0.036
A0A524C2G5,0.036
A0A524DEW6,0.036
A0A5C9EBF6,0.036
A0A524CG06,0.036
A0A842VN33,0.036
A0A1Q9P2N2,0.036
A0A524D096,0.036
A0A7K4HFA3,0.036
A0A524CGZ1,0.036
A0A497PVN7,0.036
A0A135VY15,0.036
A0A0F8XK97,0.036
A0A497QS03,0.036
A0A497Q7C2,0.036
A0A524DWI4,0.036
A0A524E5I9,0.036
A0A524LIF6,0.036
A0A7K4HK82,0.036
A0A7K4GSB9,0.036
A0A1Q9PDV9,0.036
A0A1Q9NAF4,0.036
A0A842QE34,0.036
A0A0F8WEH2,0.036
A0A523RNM2,0.036
A0A524F1V7,0.036
A0A524CU86,0.036
A0A524ENT7,0.036
A0A5C9EFM3,0.036
A0A850MI72,0.036
A0A524D9B1,0.036
A0A7K4H1V8,0.036
A0A1Q9PEK8,0.036
A0A497QVE0,0.036
A0A849Q672,0.036
A0A2U3CGR4,0.036
A0A524M715,0.036
A0A524LMC6,0.036
A0A842VMM2,0.036
A0A842TG84,0.036
A0A842SU56,0.036
A0A524EE20,0.036
A0A524C8U2,0.036
A0A850MV76,0.036
A0A524EFR0,0.036
A0A1Q9NIZ7,0.036
A0A843C090,0.036
A0A850M0P1,0.036
A0A524DCQ6,0.036
A0A7K4IDG5,0.036
A0A850LWR8,0.036
A0A850M967,0.036
A0A1Q9NZS3,0.036
A0A1Q9NEY1,0.036
A0A135VU59,0.036
A0A2U3CBA5,0.036
A0A523VP94,0.036
A0A1Q9MYM4,0.036
A0A1Q9NZ52,0.036
A0A7C0U8F0,0.036
A0A5C9EU10,0.036
A0A842VD37,0.036
A0A1Q9PB33,0.036
A0A842WXJ8,0.036
A0A135VB59,0.036
A0A842TFY5,0.036
A0A523W2B1,0.036
A0A497PNR1,0.036
A0A5C9F327,0.036
A0A497PYN7,0.036
A0A0F8VB33,0.036
A0A523XDT3,0.036
A0A2U3CFN0,0.036
A0A1Q9P0Q0,0.036
A0A497QB88,0.036
A0A850M4Q0,0.036
A0A524LEX1,0.036
A0A1Q9PB72,0.036
A0A524EPR7,0.036
A0A2U3CHL3,0.036
A0A0F8W1A8,0.036
A0A497PRC0,0.036
A0A1Q9PFE1,0.036
A0A524L5H6,0.036
A0A5C9EJL6,0.036
A0A2U3CFG3,0.036
A0A842QIS9,0.036
A0A524LWQ9,0.036
A0A1Q9P558,0.036
A0A1Q9MR18,0.036
A0A523VVM9,0.036
A0A524FHT6,0.036
A0A1Q9NHA5,0.036
A0A524CIN5,0.036
A0A1Q9NTI1,0.036
A0A524E342,0.035
A0A523SA93,0.035
A0A842TU61,0.035
A0A1Q9NZW5,0.035
A0A850MDV9,0.035
A0A5C9EDA7,0.035
A0A524EQ63,0.035
A0A5C9ERN8,0.035
A0A524FCN6,0.035
A0A7K4H512,0.035
A0A842QIH7,0.035
A0A1Q9N2P9,0.035
A0A842RNR5,0.035
A0A497R9V2,0.035
A0A524C979,0.035
A0A842QFW1,0.035
A0A5C9ENI9,0.035
A0A524EMJ9,0.035
A0A3L6JK45,0.035
A0A842VHB6,0.035
A0A497PZ13,0.035
A0A3L6J9S4,0.035
A0A1Q9NWV6,0.035
A0A5B9D6J1,0.035
A0A523VY40,0.035
A0A3L6JB86,0.035
A0A524CF12,0.035
A0A5C9E330,0.035
A0A524EK02,0.035
A0A842WR34,0.035
A0A2U3CHE3,0.035
A0A0F8W593,0.035
A0A1Q9NTG1,0.035
A0A524LK85,0.035
A0A849QIA0,0.035
A0A497Q7T0,0.035
A0A523VWI3,0.035
A0A524MKV1,0.035
A0A7K4GK92,0.035
A0A524CP76,0.035
A0A524CKR7,0.035
A0A7K4GL73,0.035
A0A524CJ85,0.035
A0A2E9CDR6,0.035
A0A7K4HJI1,0.035
A0A7K4IIY1,0.035
A0A0F8W539,0.035
A0A7K4CRB7,0.035
A0A523RIM8,0.035
A0A523RE57,0.035
A0A849Q8P1,0.035
A0A2U3CH48,0.035
A0A7K4HGW7,0.035
A0A497Q3Q6,0.035
A0A849QCB1,0.035
A0A524E611,0.035
A0A5C9E865,0.035
A0A135VMD9,0.035
A0A7K4HC51,0.035
A0A497QR56,0.035
A0A523RKS0,0.035
A0A7K4HFC2,0.035
A0A524FTD0,0.035
A0A1Q9NMZ5,0.035
A0A850M7M4,0.035
A0A7K4H3H3,0.035
A0A7K4GT95,0.035
A0A524C521,0.035
A0A1Q9NB58,0.035
A0A5C9E9Z1,0.035
A0A842S4B7,0.035
A0A497QYW7,0.035
A0A1Q9NQM6,0.035
A0A497QT79,0.035
A0A2E9CF89,0.035
A0A5C9ED23,0.035
A0A842TD42,0.035
A0A524F2S9,0.035
A0A524CAX9,0.035
A0A523RQR8,0.035
A0A842Q9S9,0.035
A0A532TIQ5,0.035
A0A497QNH6,0.035
A0A842WMJ3,0.035
A0A842RKP9,0.035
A0A850M2E3,0.035
A0A1Q9NKA4,0.035
A0A842RRW8,0.035
A0A842RM53,0.035
A0A524G0N7,0.035
A0A497Q152,0.035
A0A842T3L7,0.035
A0A5C9EGC0,0.035
A0A842S6Z1,0.035
A0A524FCP6,0.035
A0A7K4CN53,0.035
A0A7K4IAQ8,0.035
A0A524F9Y8,0.035
A0A842QIQ5,0.035
A0A524DG83,0.035
A0A524DJ42,0.035
A0A497Q381,0.035
A0A842VW29,0.035
A0A135VWW9,0.035
A0A497PH11,0.035
A0A842VK72,0.035
A0A3L6JRB8,0.035
A0A842TLC8,0.035
A0A5B9D7X7,0.035
A0A1Q9MVJ0,0.035
A0A0F8V7P2,0.035
A0A497QUV0,0.035
A0A523W0C7,0.035
A0A524FM02,0.035
A0A842YCD3,0.035
A0A523XRI6,0.035
A0A524CVW7,0.035
A0A0F8W8N8,0.035
A0A524DRC6,0.035
A0A524CJ11,0.035
A0A1Q9N0L7,0.035
A0A1Q9NYT1,0.035
A0A842VI20,0.035
A0A0F8XDS2,0.035
A0A7K4H6X3,0.035
A0A524CS62,0.035
A0A2U3CIW5,0.035
A0A1Q9NBP4,0.035
A0A5C9EWS2,0.035
A0A842TBT6,0.035
A0A135VB16,0.035
A0A524CGM7,0.035
A0A524E4D2,0.035
A0A842RNV3,0.035
A0A1Q9MZZ2,0.035
A0A524FHT5,0.035
A0A842TJ35,0.035
A0A1Q9NL64,0.035
A0A842T761,0.035
A0A524F317,0.035
A0A524LFR2,0.035
A0A524F7V2,0.035
A0A842U742,0.035
A0A3L6JIZ2,0.035
A0A842TRX8,0.035
A0A3L6JJ96,0.035
A0A524DL21,0.035
A0A7K4H9J0,0.035
A0A1Q9NX06,0.035
A0A842YEU4,0.035
A0A5C9E9E9,0.035
A0A850MPJ0,0.035
A0A524NV62,0.035
A0A497PB84,0.035
A0A1Q9NYJ4,0.035
A0A842WSU4,0.035
A0A523XNH3,0.035
A0A3L6JFT6,0.035
A0A523X813,0.035
A0A5B9DC38,0.035
A0A135VBM5,0.035
A0A842U9I4,0.035
A0A1Q9N2V8,0.035
A0A850MBD4,0.035
A0A3L6J969,0.035
A0A843BUJ4,0.035
A0A7K4GKJ7,0.035
A0A2U3CBS1,0.035
A0A5C9DXH8,0.035
A0A7K4GQV8,0.035
A0A842U6Y9,0.035
A0A1Q9MTP5,0.035
A0A850LV51,0.035
A0A5C9EPR2,0.035
A0A842RYV0,0.035
A0A524EK57,0.035
A0A5B9DCN5,0.035
A0A1Q9PBX6,0.035
A0A7K4IFU3,0.035
A0A0F8W1W1,0.035
A0A523TQP0,0.035
A0A842YEA1,0.035
A0A497QEC5,0.035
A0A497Q5X6,0.035
A0A7K4HCW2,0.035
A0A7K4IES1,0.035
A0A842VDC0,0.035
A0A524CQL7,0.035
A0A524C2A5,0.035
A0A7K4D1S0,0.035
A0A850MQ79,0.035
A0A842REE1,0.035
A0A1Q9P657,0.035
A0A497RDG1,0.035
A0A3L6JF90,0.035
A0A524CB50,0.035
A0A7K4IDY2,0.035
A0A842SBS3,0.035
A0A1Q9N0A1,0.035
A0A524E023,0.035
A0A524CF10,0.035
A0A2E9CFN7,0.035
A0A524MB55,0.035
A0A524C7W6,0.035
A0A497QXD1,0.035
A0A135VQD2,0.035
A0A524E4P7,0.035
A0A5C9EG75,0.035
A0A524NU99,0.035
A0A524CJB7,0.035
A0A524DWB6,0.035
A0A524FTI1,0.035
A0A7K4H4E7,0.035
A0A7K4HBR4,0.035
A0A842YCC6,0.035
A0A7K4CYN2,0.035
A0A135VYV8,0.035
A0A7K4IAR5,0.035
A0A524LKI9,0.035
A0A7K4H696,0.035
A0A5C9DYU5,0.035
A0A5C9EQ81,0.035
A0A524CFX5,0.035
A0A524FN77,0.035
A0A1Q9P8T5,0.035
A0A842QJ27,0.035
A0A0F8V9I8,0.035
A0A842U8X6,0.035
A0A524DM83,0.035
A0A7K4H8P6,0.035
A0A842RGV5,0.035
A0A524E2V4,0.035
A0A5B9DFK5,0.035
A0A524M347,0.035
A0A842RQE3,0.035
A0A850LRN5,0.035
A0A842W2P2,0.035
A0A2U3CBB9,0.035
A0A842YE61,0.035
A0A523VQK8,0.035
A0A7K4H0A0,0.035
A0A1Q9NPE8,0.035
A0A5C9EHK6,0.035
A0A5B9D7C6,0.035
A0A524G8L8,0.035
A0A5C9DW29,0.035
A0A524EKN3,0.035
A0A7K4HGP0,0.035
A0A7K4H6H4,0.035
A0A523TDW1,0.035
A0A524CWL2,0.035
A0A497R9F2,0.035
A0A523XBX5,0.035
A0A524C948,0.035
A0A497QQD9,0.035
A0A842TDA8,0.035
A0A524NTE0,0.035
A0A497Q2U0,0.035
A0A850MCR6,0.035
A0A842U6D4,0.035
A0A1Q9NFR5,0.035
A0A1Q9MW52,0.035
A0A5C9E5L1,0.035
A0A7K4H146,0.035
A0A524FLU8,0.035
A0A524DVA0,0.035
A0A842U1U7,0.035
A0A524P678,0.035
A0A3L6JPE9,0.035
A0A1Q9P6Q3,0.035
A0A842RDJ7,0.035
A0A3L6JM13,0.035
A0A842QDF6,0.035
A0A524MFL9,0.035
A0A2U3CD82,0.035
A0A524C6Y0,0.035
A0A524EAK2,0.035
A0A7K4IEC8,0.035
A0A850M9V3,0.035
A0A524GB46,0.035
A0A7K4CUG3,0.035
A0A135VJI3,0.035
A0A7K4HIL2,0.035
A0A1Q9NN43,0.035
A0A524D807,0.035
A0A7K4H989,0.035
A0A497QB25,0.035
A0A524DZB8,0.035
A0A524CBE7,0.035
A0A524FLW6,0.035
A0A5B9DBB6,0.035
A0A843C4Z3,0.035
A0A5C9EKA6,0.035
A0A842S7U3,0.035
A0A1Q9MSB1,0.035
A0A135VIX8,0.035
A0A524DI41,0.035
A0A524CSC9,0.035
A0A523S0P1,0.035
A0A524EZX2,0.035
A0A3L6JG54,0.035
A0A524G2U3,0.035
A0A1Q9PCA7,0.035
A0A0F8XEL0,0.035
A0A524F5U0,0.035
A0A524G526,0.035
A0A842RVC7,0.035
A0A524DWP4,0.035
A0A497QUY7,0.035
A0A7K4GYH9,0.035
A0A0F8VAY6,0.035
A0A524DT33,0.035
A0A524EX63,0.035
A0A524DBY0,0.035
A0A0F8XG14,0.035
A0A497PZT0,0.035
A0A497QN26,0.035
A0A523RV41,0.035
A0A524NUD3,0.035
A0A524ELY8,0.035
A0A524FK05,0.035
A0A842RA40,0.035
A0A5B9D827,0.035
A0A5B9D835,0.035
A0A7K4GQ08,0.035
A0A843BZV6,0.035
A0A524DV13,0.035
A0A524FVP3,0.035
A0A1Q9NNE8,0.035
A0A850MBE0,0.035
A0A842YAU4,0.035
A0A524DYK4,0.035
A0A497Q866,0.035
A0A523R8W4,0.035
A0A7K4D103,0.035
A0A524EFX3,0.035
A0A842THT1,0.035
A0A524DJW0,0.035
A0A497RGZ5,0.035
A0A850M6R5,0.035
A0A524D668,0.035
A0A850M1H1,0.035
A0A842U563,0.035
A0A524CBQ1,0.035
A0A524EA10,0.035
A0A850M0S4,0.035
A0A842T6A0,0.035
A0A497QNP3,0.035
A0A524CGP1,0.035
A0A842YEB3,0.035
A0A523XL68,0.035
A0A524F1A5,0.035
A0A524ESZ0,0.035
A0A842QG67,0.035
A0A7K4GWX5,0.035
A0A842RNH6,0.035
A0A5B9D9P7,0.035
A0A497QLT5,0.035
A0A523RIV2,0.035
A0A524CYD1,0.035
A0A1Q9P690,0.035
A0A524D2R1,0.035
A0A523XD21,0.035
A0A1Q9NFF2,0.035
A0A524P2T2,0.035
A0A497P934,0.035
A0A524CIL8,0.035
A0A842TQ91,0.035
A0A842RSZ5,0.035
A0A0F8VF68,0.035
A0A497PN91,0.035
A0A497QCL0,0.035
A0A1Q9MRY5,0.035
A0A524F4J4,0.035
A0A497QKZ5,0.035
A0A524D5S1,0.035
A0A1Q9MTY3,0.035
A0A497QSR9,0.035
A0A842TP16,0.035
A0A524EB40,0.035
A0A0F8VG10,0.035
A0A842RSJ1,0.035
A0A1Q9NLK9,0.035
A0A5C9ESN4,0.035
A0A523RWJ4,0.035
A0A524EWI4,0.035
A0A3L6JB55,0.035
A0A1Q9PBT8,0.035
A0A1Q9P611,0.035
A0A850MIQ3,0.035
A0A3L6JIY8,0.035
A0A850LU62,0.035
A0A2U3CBQ1,0.035
A0A842THM4,0.035
A0A842T8Z2,0.035
A0A524C438,0.035
A0A850M8A4,0.035
A0A842S7U2,0.035
A0A7K4CVS0,0.035
A0A5C9E731,0.035
A0A497QQ81,0.035
A0A1Q9P6M6,0.035
A0A5B9D8I5,0.035
A0A5C9E999,0.035
A0A842YCT6,0.035
A0A1Q9MVZ5,0.035
A0A3L6JDV4,0.035
A0A7K4CTI0,0.035
A0A842RCH0,0.035
A0A497PJ17,0.035
A0A850LQZ5,0.035
A0A842RPM1,0.035
A0A842S0B9,0.035
A0A0F8XZA6,0.035
A0A843BZA5,0.035
A0A7K4H659,0.035
A0A497R5E3,0.035
A0A5B9DDM8,0.035
A0A850MPN1,0.035
A0A850LR51,0.035
A0A850M5U7,0.035
A0A5C9ETK6,0.035
A0A5B9DDV1,0.035
A0A135VZP9,0.035
A0A523SBL3,0.034
A0A850LYT3,0.034
A0A497QF99,0.034
A0A7K4IF53,0.034
A0A524M294,0.034
A0A1Q9NAJ3,0.034
A0A524CFI0,0.034
A0A850LSQ3,0.034
A0A524F997,0.034
A0A497QXG9,0.034
A0A7K4IDZ8,0.034
A0A524E8Y7,0.034
A0A524CSK4,0.034
A0A524E0E8,0.034
A0A532TMA4,0.034
A0A2E9CDV9,0.034
A0A497PAC5,0.034
A0A524FHH8,0.034
A0A842WWX1,0.034
A0A524DI21,0.034
A0A1Q9NGP2,0.034
A0A842UBK6,0.034
A0A524CJA8,0.034
A0A5C9E3G8,0.034
A0A850MGF1,0.034
A0A5B9DE63,0.034
A0A523S214,0.034
A0A1Q9NJM3,0.034
A0A842VUP6,0.034
A0A842QFL7,0.034
A0A524M296,0.034
A0A0F8VL30,0.034
A0A523VYH1,0.034
A0A524LT24,0.034
A0A1Q9NB03,0.034
A0A5C9DYX6,0.034
A0A532TK21,0.034
A0A842S9U5,0.034
A0A497PM89,0.034
A0A524DHS1,0.034
A0A524DYQ9,0.034
A0A1Q9NZR3,0.034
A0A1Q9N0S9,0.034
A0A842VNE3,0.034
A0A850M204,0.034
A0A523S9E4,0.034
A0A842W0N6,0.034
A0A524DFE7,0.034
A0A524DN21,0.034
A0A842U2H1,0.034
A0A842YBR2,0.034
A0A850M5Y1,0.034
A0A842S1N3,0.034
A0A842TCW1,0.034
A0A523XJ46,0.034
A0A135VC61,0.034
A0A5C9DZU9,0.034
A0A524DD47,0.034
A0A135VCE0,0.034
A0A523RPA9,0.034
A0A524FNB3,0.034
A0A524E0Q9,0.034
A0A524D5X1,0.034
A0A532TYD5,0.034
A0A0F8W5L0,0.034
A0A7K4HI57,0.034
A0A2U3CBT2,0.034
A0A524EFE9,0.034
A0A497QGQ9,0.034
A0A524ENT8,0.034
A0A497R5R4,0.034
A0A7K4H373,0.034
A0A849Q9R9,0.034
A0A1Q9NDJ3,0.034
A0A524CDF1,0.034
A0A843C609,0.034
A0A5C9EYZ2,0.034
A0A524P4V8,0.034
A0A497QZ42,0.034
A0A842T678,0.034
A0A1Q9NKF3,0.034
A0A842VJT7,0.034
A0A7K4HIK7,0.034
A0A524CAR5,0.034
A0A524F9Y6,0.034
A0A849QHZ3,0.034
A0A497Q7Q8,0.034
A0A2U3CBU5,0.034
A0A523RGV9,0.034
A0A3L6J7B1,0.034
A0A523VUY2,0.034
A0A2U3CF14,0.034
A0A5C9DTN1,0.034
A0A523TLB4,0.034
A0A849QFM9,0.034
A0A850LYS6,0.034
A0A7K4CTA0,0.034
A0A5C9DW04,0.034
A0A497PLI2,0.034
A0A524DUT2,0.034
A0A843C769,0.034
A0A524CBK4,0.034
A0A524CLY6,0.034
A0A524CXR1,0.034
A0A524CY41,0.034
A0A524DML2,0.034
A0A524CJY1,0.034
A0A135VV17,0.034
A0A524F0E1,0.034
A0A842VDG2,0.034
A0A5C9EQE3,0.034
A0A850M5S7,0.034
A0A497QIL3,0.034
A0A524DRK4,0.034
A0A842QC50,0.034
A0A524M1S3,0.034
A0A497QRF1,0.034
A0A524CSW8,0.034
A0A5C9EWZ5,0.034
A0A524DW20,0.034
A0A524D690,0.034
A0A523RU26,0.034
A0A2U3CET4,0.034
A0A7K4HFN6,0.034
A0A7K4HAJ5,0.034
A0A497Q8E6,0.034
A0A3L6JPG5,0.034
A0A2U3CJS1,0.034
A0A842VWG3,0.034
A0A842RJP6,0.034
A0A842VHZ8,0.034
A0A5C9E2H3,0.034
A0A842TCA8,0.034
A0A497QMV2,0.034
A0A2U3CGX0,0.034
A0A842QDJ7,0.034
A0A524E8N9,0.034
A0A842VMS9,0.034
A0A1Q9NUT5,0.034
A0A497Q7N9,0.034
A0A842TL01,0.034
A0A532TKC2,0.034
A0A842TLJ4,0.034
A0A0F8VJB8,0.034
A0A532TK94,0.034
A0A1Q9NJC0,0.034
A0A842W488,0.034
A0A842YAL1,0.034
A0A849QJ03,0.034
A0A524FQ48,0.034
A0A497QKM9,0.034
A0A524F386,0.034
A0A524E3W0,0.034
A0A497QMS5,0.034
A0A524FZ06,0.034
A0A7K4GWG7,0.034
A0A843C5Z3,0.034
A0A850MPD9,0.034
A0A524FF99,0.034
A0A7K4H4E8,0.034
A0A0F8VL88,0.034
A0A135VQT6,0.034
A0A524CME5,0.034
A0A524FND4,0.034
A0A3L6JD75,0.034
A0A532TTH6,0.034
A0A1Q9MWG0,0.034
A0A842VLP6,0.034
A0A7K4CX25,0.034
A0A842WXY5,0.034
A0A7K4CTP6,0.034
A0A1Q9NXJ6,0.034
A0A524C6E0,0.034
A0A524CX03,0.034
A0A7K4IEF7,0.034
A0A843C082,0.034
A0A850LY86,0.034
A0A1Q9NWI1,0.034
A0A1Q9NNI1,0.034
A0A842TLS2,0.034
A0A849QGE6,0.034
A0A524E2N2,0.034
A0A524D4L3,0.034
A0A524C5N8,0.034
A0A3L6JLX5,0.034
A0A0F8VLH3,0.034
A0A523RFC1,0.034
A0A3L6JQZ0,0.034
A0A524L7K6,0.034
A0A524EWF7,0.034
A0A524EYJ9,0.034
A0A850LSW2,0.034
A0A524CJI0,0.034
A0A842VVU9,0.034
A0A842T4F9,0.034
A0A523RNS0,0.034
A0A2U3CKG1,0.034
A0A842VL27,0.034
A0A524DJ93,0.034
A0A1Q9NPZ2,0.034
A0A523RHL8,0.034
A0A5C9E713,0.034
A0A524CWW2,0.034
A0A497QHJ8,0.034
A0A1Q9PDN1,0.034
A0A842RNB3,0.034
A0A843BWW9,0.034
A0A842WXE8,0.034
A0A850LRM4,0.034
A0A524CL64,0.034
A0A1Q9NW35,0.034
A0A524LJ60,0.034
A0A842YGT0,0.034
A0A2U3CKF9,0.034
A0A524CTY1,0.034
A0A524D9P0,0.034
A0A524L6B8,0.034
A0A497QE66,0.034
A0A524C4M4,0.034
A0A524D6H8,0.034
A0A7K4ICI2,0.034
A0A3L6JEQ0,0.034
A0A850MNW8,0.034
A0A524FKN0,0.034
A0A3L6JMF6,0.034
A0A1Q9NHX8,0.034
A0A2U3CCF0,0.034
A0A1Q9P640,0.034
A0A0F8VD28,0.034
A0A524FC77,0.034
A0A524E7T8,0.034
A0A843BWJ8,0.034
A0A7K4HJI2,0.034
A0A524E6J0,0.034
A0A524D9G5,0.034
A0A7K4GNN1,0.034
A0A5C9EAM6,0.034
A0A524DLN0,0.034
A0A524L5B6,0.034
A0A1Q9NVQ9,0.034
A0A532T918,0.034
A0A524F1F8,0.034
A0A532TYL2,0.034
A0A1Q9N263,0.034
A0A3L6JGK3,0.034
A0A842VT46,0.034
A0A135VS02,0.034
A0A524P2W7,0.034
A0A1Q9NA00,0.034
A0A524EWC0,0.034
A0A523VX48,0.034
A0A524F6T6,0.034
A0A532TBN8,0.034
A0A850LS41,0.034
A0A524EI40,0.034
A0A524CQ74,0.034
A0A497R9N3,0.034
A0A5C9EGG9,0.034
A0A3L6JIX0,0.034
A0A842U7P1,0.034
A0A523VZS7,0.034
A0A497QCI7,0.034
A0A524CH31,0.034
A0A524EHE9,0.034
A0A842VCR8,0.034
A0A524EZJ2,0.034
A0A524CRK9,0.034
A0A532T8H6,0.034
A0A524E9R1,0.034
A0A524FH38,0.034
A0A842S6C0,0.034
A0A0F8VPC2,0.034
A0A497QRN4,0.034
A0A524M150,0.034
A0A7K4HBV3,0.034
A0A524FP88,0.034
A0A497PPA4,0.034
A0A842YE52,0.034
A0A497QU56,0.034
A0A7K4IBS4,0.034
A0A842YEH2,0.034
A0A1Q9N3D0,0.034
A0A842RM49,0.034
A0A7K4H3E1,0.034
A0A524L8N8,0.034
A0A523X4N6,0.034
A0A497QKA5,0.034
A0A842VYW5,0.034
A0A842TIW2,0.034
A0A524DE75,0.034
A0A842RWK0,0.034
A0A2E9CDM9,0.034
A0A524DIZ5,0.034
A0A7K4CPP0,0.034
A0A523RS75,0.034
A0A842R9K5,0.034
A0A524C7M4,0.034
A0A842YBG3,0.034
A0A850LV04,0.034
A0A842TKK1,0.034
A0A524NVB0,0.034
A0A524P6Z2,0.034
A0A0F8YEB6,0.034
A0A532TIG1,0.034
A0A523XF40,0.034
A0A524D181,0.034
A0A5C9E7W1,0.034
A0A5C9EX19,0.034
A0A524ME66,0.034
A0A524EXQ3,0.034
A0A523RPV5,0.034
A0A524FN63,0.034
A0A1Q9MRK2,0.034
A0A1Q9P3B2,0.034
A0A524CVN0,0.034
A0A3L6JCZ8,0.034
A0A523RIX7,0.034
A0A1Q9NEJ0,0.034
A0A524ETT4,0.034
A0A0F8VBP2,0.034
A0A7K4HJS7,0.034
A0A2U3CBW8,0.034
A0A524EV90,0.034
A0A524EHZ5,0.034
A0A7K4H6E0,0.034
A0A524CI40,0.034
A0A135VSP8,0.034
A0A524M661,0.034
A0A524DQN0,0.034
A0A497PQZ2,0.034
A0A523RUW4,0.034
A0A850MBM2,0.034
A0A135VKD0,0.034
A0A5C9EJ86,0.034
A0A1Q9N1U6,0.034
A0A532T7L5,0.034
A0A842WM80,0.034
A0A7K4IAL2,0.034
A0A523RG56,0.034
A0A524CDF4,0.034
A0A5C9ER36,0.034
A0A524L6Z2,0.034
A0A843BWP0,0.034
A0A3L6J9W7,0.034
A0A842RCU7,0.034
A0A842YE78,0.034
A0A523SCS4,0.034
A0A523S0A9,0.034
A0A524M7M3,0.034
A0A7K4HBZ6,0.034
A0A1Q9PDI6,0.034
A0A524D2Z8,0.034
A0A523THQ0,0.034
A0A850LYI9,0.034
A0A7K4IEL3,0.034
A0A7K4H8Q4,0.034
A0A497PWV6,0.034
A0A524MGI6,0.034
A0A5B9DET4,0.034
A0A842YD67,0.034
A0A5C9DWL1,0.034
A0A5C9EL03,0.034
A0A497PLK0,0.034
A0A497R392,0.034
A0A3L6JNR5,0.034
A0A524F5X0,0.034
A0A523TPZ6,0.034
A0A850MGQ1,0.034
A0A2U3CB80,0.034
A0A850M1M0,0.034
A0A523VXE4,0.034
A0A7K4CU87,0.034
A0A850LRE9,0.034
A0A5C9EQ17,0.034
A0A524C8N5,0.034
A0A842UC98,0.034
A0A842U7N8,0.034
A0A7K4CSU2,0.034
A0A524C201,0.034
A0A523S2R0,0.034
A0A850MDD0,0.034
A0A2U3CCW7,0.034
A0A850M3I4,0.034
A0A524FK31,0.034
A0A1Q9NX66,0.034
A0A7K4H0I5,0.034
A0A497QZX5,0.034
A0A524E2A1,0.034
A0A842WUZ6,0.034
A0A3L6JMJ6,0.034
A0A524CWJ8,0.034
A0A524FL34,0.034
A0A7K4I9W0,0.034
A0A497PBR1,0.034
A0A524CJA3,0.033
A0A524F6G1,0.033
A0A523RPB8,0.033
A0A497QWN8,0.033
A0A0F8XNY6,0.033
A0A842SCX2,0.033
A0A524P5B6,0.033
A0A524E385,0.033
A0A850M8K5,0.033
A0A842QGZ7,0.033
A0A524CGK8,0.033
A0A0F8XNN0,0.033
A0A497Q6Y7,0.033
A0A842QCQ4,0.033
A0A1Q9P1L0,0.033
A0A842YDN8,0.033
A0A497QJT2,0.033
A0A850M1N3,0.033
A0A532TJR7,0.033
A0A5C9EZ76,0.033
A0A842WS96,0.033
A0A3L6JGD2,0.033
A0A524E8E0,0.033
A0A524EW00,0.033
A0A0F8VCB4,0.033
A0A5C9E8I8,0.033
A0A842WWX9,0.033
A0A1Q9N2H8,0.033
A0A497QU12,0.033
A0A524NXN5,0.033
A0A1Q9N4V8,0.033
A0A7K4H2E4,0.033
A0A1Q9NUZ7,0.033
A0A523XK64,0.033
A0A850MKX2,0.033
A0A2U3CK14,0.033
A0A532TPN2,0.033
A0A850MLK3,0.033
A0A5B9DEZ4,0.033
A0A524DRD9,0.033
A0A842TJJ9,0.033
A0A524F7Z0,0.033
A0A7K4HK33,0.033
A0A524FHA8,0.033
A0A524CBM1,0.033
A0A842RDI7,0.033
A0A5C9EW69,0.033
A0A7K4H1U0,0.033
A0A524FYD4,0.033
A0A842YA72,0.033
A0A524ESB4,0.033
A0A524DGB2,0.033
A0A842THY2,0.033
A0A524LIV2,0.033
A0A523RZI5,0.033
A0A842VIT7,0.033
A0A5C9EMP4,0.033
A0A524DVP7,0.033
A0A1Q9N4Q1,0.033
A0A0F8W5H2,0.033
A0A7K4H6Q0,0.033
A0A842TNR5,0.033
A0A524CKE7,0.033
A0A1Q9NRM1,0.033
A0A850LUN5,0.033
A0A524DT98,0.033
A0A850M0G2,0.033
A0A850MBP9,0.033
A0A524F089,0.033
A0A524C6K1,0.033
A0A524P6B0,0.033
A0A524CDR9,0.033
A0A523R9W4,0.033
A0A497PXX1,0.033
A0A850MDH1,0.033
A0A524GA65,0.033
A0A7K4GZ11,0.033
A0A5C9EYH1,0.033
A0A497PYS8,0.033
A0A524DXL1,0.033
A0A523RQ97,0.033
A0A524DMA5,0.033
A0A850MPF5,0.033
A0A1Q9MXC9,0.033
A0A497Q4M8,0.033
A0A497PLU8,0.033
A0A3L6JIS4,0.033
A0A7K4GU01,0.033
A0A842TU54,0.033
A0A524FJT6,0.033
A0A497PLY7,0.033
A0A5C9E8Q4,0.033
A0A497PL50,0.033
A0A524CUM4,0.033
A0A842RK51,0.033
A0A0F8VG76,0.033
A0A850MNI1,0.033
A0A532TJ26,0.033
A0A524F0Y0,0.033
A0A497Q2C2,0.033
A0A7K4IHD7,0.033
A0A524E9F8,0.033
A0A524ETE7,0.033
A0A497PJU0,0.033
A0A0F8VJU9,0.033
A0A497QF34,0.033
A0A2U3CH39,0.033
A0A7K4GV32,0.033
A0A524M738,0.033
A0A523SBN1,0.033
A0A850M7J8,0.033
A0A842WR66,0.033
A0A842T252,0.033
A0A135VP69,0.033
A0A1Q9NIX5,0.033
A0A524EC36,0.033
A0A524P2N9,0.033
A0A524DT69,0.033
A0A0F8V9N2,0.033
A0A1Q9NX33,0.033
A0A5C9EJ56,0.033
A0A7K4H969,0.033
A0A2U3CGU9,0.033
A0A524EQM0,0.033
A0A7K4GLQ0,0.033
A0A842TN48,0.033
A0A5B9DDB9,0.033
A0A497Q157,0.033
A0A850MCV3,0.033
A0A523XCS2,0.033
A0A3L6JB77,0.033
A0A842TH29,0.033
A0A842YB38,0.033
A0A524FIN5,0.033
A0A842RQY5,0.033
A0A5C9EMR4,0.033
A0A842RUB7,0.033
A0A842T661,0.033
A0A0F8VG80,0.033
A0A524CIQ9,0.033
A0A497PN72,0.033
A0A524FFK0,0.033
A0A850LRW9,0.033
A0A1Q9MSJ4,0.033
A0A843C0K9,0.033
A0A524DEL5,0.033
A0A7K4HJZ7,0.033
A0A532TNE7,0.033
A0A523S382,0.033
A0A524C6S2,0.033
A0A524DJE6,0.033
A0A524CUW1,0.033
A0A524DL98,0.033
A0A524F7J0,0.033
A0A524C766,0.033
A0A524D3U6,0.033
A0A523S5W1,0.033
A0A524CF32,0.033
A0A524FX31,0.033
A0A524FRS5,0.033
A0A842VCT2,0.033
A0A3L6JC93,0.033
A0A135VZ84,0.033
A0A1Q9MXL9,0.033
A0A7K4HK90,0.033
A0A850LTE9,0.033
A0A1Q9P206,0.033
A0A5C9EHQ3,0.033
A0A850M5X2,0.033
A0A524CS85,0.033
A0A850MPM8,0.033
A0A524FW66,0.033
A0A1Q9MY17,0.033
A0A842REE9,0.033
A0A497QIW0,0.033
A0A1Q9PE87,0.033
A0A7K4D087,0.033
A0A524MGQ5,0.033
A0A523RNY5,0.033
A0A2E9CFC9,0.033
A0A5C9EEI4,0.033
A0A523VSP6,0.033
A0A524EBN7,0.033
A0A7K4HHY3,0.033
A0A5B9D631,0.033
A0A532TBU9,0.033
A0A524EF39,0.033
A0A497PR41,0.033
A0A5B9DGQ7,0.033
A0A1Q9NL95,0.033
A0A497R1J3,0.033
A0A1Q9P4N3,0.033
A0A850M9Z9,0.033
A0A497QT06,0.033
A0A1Q9N4V2,0.033
A0A5C9EHM0,0.033
A0A524E8V7,0.033
A0A842RQD4,0.033
A0A524L977,0.033
A0A3L6JMU4,0.033
A0A3L6JR59,0.033
A0A850MHW1,0.033
A0A524F4N6,0.033
A0A524ESQ1,0.033
A0A0F8VEQ0,0.033
A0A135VUZ2,0.033
A0A7C0U8W7,0.033
A0A524ENC7,0.033
A0A7K4CU34,0.033
A0A842RDF9,0.033
A0A842QK50,0.033
A0A842W403,0.033
A0A524CHQ5,0.033
A0A0F8XSW0,0.033
A0A524FJ36,0.033
A0A1Q9NTM5,0.033
A0A842YES4,0.033
A0A842QHH4,0.033
A0A524F3Z8,0.033
A0A842R7B2,0.033
A0A7K4GTG3,0.033
A0A135VEE1,0.033
A0A7K4IE62,0.033
A0A1Q9NH69,0.033
A0A532TSX4,0.033
A0A532TAL0,0.033
A0A1Q9NH91,0.033
A0A497QHU5,0.033
A0A3L6JNY7,0.033
A0A7K4HI82,0.033
A0A524D6Z3,0.033
A0A5B9D969,0.033
A0A523TC15,0.033
A0A1Q9NSU7,0.033
A0A135VSR5,0.033
A0A2U3CDG1,0.033
A0A524LMU9,0.033
A0A497Q6G5,0.033
A0A1Q9P959,0.033
A0A524DLF4,0.033
A0A524MDJ9,0.033
A0A2U3CGJ5,0.033
A0A135VX75,0.033
A0A524CWC2,0.033
A0A497QIJ8,0.033
A0A842RTI6,0.033
A0A524ER58,0.033
A0A850LNT0,0.033
A0A524D707,0.033
A0A842TJY2,0.033
A0A1Q9NK00,0.033
A0A850LVM9,0.033
A0A523VWV6,0.033
A0A497QU63,0.033
A0A3L6JBF2,0.033
A0A5C9ETD8,0.033
A0A524CJ36,0.033
A0A7K4HBZ5,0.033
A0A523XAA0,0.033
A0A5C9EA08,0.033
A0A7K4CZF6,0.033
A0A7K4IG63,0.033
A0A524CB36,0.033
A0A532TMN0,0.033
A0A497PNE4,0.033
A0A523RDB1,0.033
A0A1Q9P965,0.033
A0A5C9EV88,0.033
A0A842QJJ1,0.033
A0A3L6JJT8,0.033
A0A524D283,0.033
A0A497QXL6,0.033
A0A524D1C4,0.033
A0A523TGK7,0.033
A0A523XQR6,0.033
A0A5C9ET13,0.033
A0A524NT36,0.033
A0A0F8XU75,0.033
A0A1Q9MZC5,0.033
A0A524EU62,0.033
A0A842VFC1,0.033
A0A842YBJ0,0.033
A0A7K4GY09,0.033
A0A5C9EKK4,0.033
A0A7K4H8Y2,0.033
A0A524FTU1,0.033
A0A849Q5B3,0.033
A0A497RFD9,0.033
A0A842RSA1,0.033
A0A524D752,0.033
A0A524FDC3,0.033
A0A497Q4R7,0.033
A0A497R200,0.033
A0A135VF79,0.033
A0A523XCK9,0.033
A0A7K4CUN9,0.033
A0A7K4H8F1,0.033
A0A524CFE4,0.033
A0A842VHH6,0.033
A0A850M667,0.033
A0A524DB59,0.033
A0A0F8Y0R8,0.033
A0A532TA88,0.033
A0A850M8E2,0.033
A0A843BTB6,0.033
A0A523R7W8,0.033
A0A842WV86,0.033
A0A524P0X6,0.033
A0A1Q9P059,0.033
A0A524C7B7,0.033
A0A497QWE7,0.033
A0A524DYW7,0.033
A0A850M7X0,0.033
A0A5C9F171,0.033
A0A524EIS2,0.033
A0A842VHN0,0.033
A0A850MJU5,0.033
A0A850MEY1,0.033
A0A524C750,0.033
A0A135VQS4,0.033
A0A523RCZ6,0.033
A0A497Q3Q4,0.033
A0A0F8VW76,0.033
A0A7K4GLD5,0.033
A0A524EUJ9,0.033
A0A524DK20,0.033
A0A850MJ56,0.033
A0A524F534,0.033
A0A7K4H8T6,0.033
A0A0F8YEK6,0.033
A0A497PL36,0.033
A0A523S847,0.033
A0A523XFQ5,0.033
A0A2U3CER5,0.033
A0A1Q9NM16,0.033
A0A7K4GS99,0.033
A0A7K4HB23,0.033
A0A5C9E6Z4,0.033
A0A524EPH1,0.033
A0A849QDR5,0.033
A0A523TF62,0.033
A0A842VBS2,0.033
A0A5C9E5A8,0.033
A0A524DWB2,0.033
A0A524E1A0,0.033
A0A497RCV7,0.033
A0A524DQ43,0.033
A0A524DVH7,0.033
A0A135VWN9,0.033
A0A5C9EA59,0.033
A0A842YF42,0.033
A0A1Q9PD75,0.033
A0A135VYL9,0.033
A0A523TL62,0.033
A0A7K4CSN0,0.033
A0A497QQA0,0.033
A0A135VU15,0.033
A0A7K4CTF8,0.033
A0A842TF25,0.033
A0A1Q9PBF8,0.033
A0A3L6JGL0,0.033
A0A842TI96,0.033
A0A524FYP0,0.033
A0A524CD33,0.033
A0A7K4GWB6,0.033
A0A850LV75,0.033
A0A1Q9P1L9,0.033
A0A524EE75,0.033
A0A497QXC5,0.033
A0A523S807,0.033
A0A524E0S9,0.033
A0A7K4H7V4,0.033
A0A1Q9NKG2,0.033
A0A524CUQ2,0.033
A0A842TF52,0.033
A0A1Q9PE94,0.033
A0A497QAU5,0.033
A0A524FT40,0.033
A0A7C0YA38,0.033
A0A497QVK7,0.033
A0A842W3F7,0.033
A0A5C9E2M9,0.033
A0A524ELT1,0.033
A0A135VUT5,0.033
A0A524LJU3,0.033
A0A1Q9MZS1,0.033
A0A497QPJ0,0.033
A0A497QM20,0.033
A0A842T471,0.033
A0A0F8W828,0.033
A0A524EIF3,0.033
A0A524DQR7,0.033
A0A497QKW7,0.033
A0A7K4H2B2,0.033
A0A842TIC8,0.033
A0A842RGV3,0.033
A0A5C9DWW0,0.033
A0A532T965,0.033
A0A7K4H8C5,0.033
A0A523RWY6,0.033
A0A1Q9NGT9,0.033
A0A842QK38,0.033
A0A1Q9PCU2,0.033
A0A524DRY1,0.033
A0A523RMW9,0.033
A0A842RSG4,0.033
A0A524ENF8,0.033
A0A1Q9N1K0,0.033
A0A1Q9P471,0.033
A0A850MGH4,0.033
A0A850M7U8,0.033
A0A850LS71,0.033
A0A843BUP4,0.033
A0A2U3CG34,0.033
A0A135VZW0,0.033
A0A135VGP3,0.033
A0A524LZD8,0.033
A0A532TE38,0.033
A0A523VMG9,0.033
A0A524LGA7,0.033
A0A524G6L6,0.033
A0A524EGX7,0.033
A0A524CP82,0.033
A0A524CLF2,0.033
A0A497R515,0.033
A0A842TJ73,0.033
A0A5B9DCH8,0.033
A0A850M0Y5,0.033
A0A497QPP6,0.033
A0A523X6Y3,0.033
A0A135VU27,0.033
A0A842W2G3,0.033
A0A524FMC7,0.033
A0A1Q9P854,0.033
A0A1Q9NPB6,0.033
A0A2U3CBD1,0.033
A0A532TJ12,0.033
A0A1Q9P864,0.033
A0A135VV81,0.033
A0A524MJ30,0.033
A0A850MHX5,0.032
A0A497QZM3,0.032
A0A524CY27,0.032
A0A0F8VXB5,0.032
A0A850M1D2,0.032
A0A842RJI7,0.032
A0A497QPD1,0.032
A0A497PN85,0.032
A0A7K4IDA6,0.032
A0A1Q9MWT0,0.032
A0A497QWA4,0.032
A0A524F6D4,0.032
A0A1Q9NPL9,0.032
A0A842QCW4,0.032
A0A524F993,0.032
A0A524EBD8,0.032
A0A524E8D1,0.032
A0A3L6JIA6,0.032
A0A497QNU0,0.032
A0A2U3CEI6,0.032
A0A5C9E583,0.032
A0A524LHD0,0.032
A0A850LPA4,0.032
A0A1Q9NGP1,0.032
A0A524D4M1,0.032
A0A1Q9P9G3,0.032
A0A497QM22,0.032
A0A0F8YC60,0.032
A0A842T2W4,0.032
A0A842TN85,0.032
A0A524DI00,0.032
A0A1Q9NC96,0.032
A0A497Q5Y3,0.032
A0A524FLK2,0.032
A0A497Q9B7,0.032
A0A523TJT8,0.032
A0A850MBN4,0.032
A0A497PEI3,0.032
A0A849QFR6,0.032
A0A5B9D872,0.032
A0A1Q9P271,0.032
A0A5B9DEJ6,0.032
A0A524FCB8,0.032
A0A1Q9N8J2,0.032
A0A0F8VFD0,0.032
A0A842X2X4,0.032
A0A850LXK1,0.032
A0A523VMC6,0.032
A0A524L575,0.032
A0A5C9ERY7,0.032
A0A5C9E9D6,0.032
A0A7K4CVE5,0.032
A0A3L6JMZ5,0.032
A0A524CVV6,0.032
A0A2U3CK00,0.032
A0A850MGR3,0.032
A0A842WTQ4,0.032
A0A523XRJ4,0.032
A0A524EB31,0.032
A0A524DX38,0.032
A0A7K4CV89,0.032
A0A524LZ40,0.032
A0A842RHL6,0.032
A0A497QJ43,0.032
A0A524FDR4,0.032
A0A7K4IBY5,0.032
A0A842T1Y8,0.032
A0A5C9DY91,0.032
A0A497QNS1,0.032
A0A524NZ57,0.032
A0A1Q9MT96,0.032
A0A135VU09,0.032
A0A524EIW5,0.032
A0A524CHI0,0.032
A0A842QDL5,0.032
A0A497R720,0.032
A0A1Q9MW96,0.032
A0A524C6W8,0.032
A0A523RQH5,0.032
A0A135VPV0,0.032
A0A524EV29,0.032
A0A524FT18,0.032
A0A497PG06,0.032
A0A850LZ41,0.032
A0A524E146,0.032
A0A497QLD0,0.032
A0A524DXQ8,0.032
A0A5C9EQV8,0.032
A0A524CK47,0.032
A0A1Q9NRL0,0.032
A0A1Q9NVV3,0.032
A0A524C8E7,0.032
A0A497P7N6,0.032
A0A524LXZ7,0.032
A0A524DVS7,0.032
A0A5B9DA11,0.032
A0A842WSK3,0.032
A0A524DM04,0.032
A0A524F360,0.032
A0A497Q5U9,0.032
A0A524LBI2,0.032
A0A497R8N1,0.032
A0A1Q9P8X6,0.032
A0A524CP15,0.032
A0A842S368,0.032
A0A532TKS8,0.032
A0A523TER7,0.032
A0A5C9EIQ3,0.032
A0A524EHF9,0.032
A0A135VTA6,0.032
A0A5B9DD01,0.032
A0A843C4C2,0.032
A0A3L6JJZ7,0.032
A0A532TRY8,0.032
A0A842QJE0,0.032
A0A842TPI8,0.032
A0A524DFH7,0.032
A0A842WSC2,0.032
A0A850LYP6,0.032
A0A524DS57,0.032
A0A1Q9P2R3,0.032
A0A524G2E9,0.032
A0A497R1C2,0.032
A0A524DW35,0.032
A0A5C9F141,0.032
A0A135VZL3,0.032
A0A5C9EJK8,0.032
A0A0F8VWS3,0.032
A0A842U3G8,0.032
A0A2U3CB98,0.032
A0A524E0I0,0.032
A0A524E4V1,0.032
A0A850LV67,0.032
A0A532TXU0,0.032
A0A524DV00,0.032
A0A497Q2D7,0.032
A0A524EKA1,0.032
A0A524CN02,0.032
A0A842QA81,0.032
A0A842VG61,0.032
A0A524DX18,0.032
A0A5C9EPU9,0.032
A0A842RTW2,0.032
A0A523XM33,0.032
A0A497PFQ8,0.032
A0A497QNX3,0.032
A0A497PKX8,0.032
A0A497QH79,0.032
A0A842WUS3,0.032
A0A524EJV9,0.032
A0A1Q9N2Y5,0.032
A0A497PP62,0.032
A0A524FMR6,0.032
A0A1Q9NMF8,0.032
A0A842WUU9,0.032
A0A7K4GVV7,0.032
A0A497QGJ3,0.032
A0A842SYM2,0.032
A0A523TNP8,0.032
A0A850MRN0,0.032
A0A497PPJ3,0.032
A0A0F8VIR5,0.032
A0A850LWF2,0.032
A0A0F8XRK5,0.032
A0A2U3CD18,0.032
A0A842VP80,0.032
A0A7K4CXV0,0.032
A0A850LTR5,0.032
A0A7K4CRN1,0.032
A0A524FNK0,0.032
A0A5C9EL95,0.032
A0A7K4GVL6,0.032
A0A842U3E7,0.032
A0A850MNB7,0.032
A0A2U3CK91,0.032
A0A842VEU9,0.032
A0A524E4C1,0.032
A0A523TRN4,0.032
A0A524FLZ4,0.032
A0A524EQG0,0.032
A0A1Q9P0Z5,0.032
A0A524CZD1,0.032
A0A497Q826,0.032
A0A1Q9PF15,0.032
A0A497PSZ7,0.032
A0A5C9DYV5,0.032
A0A842RIJ3,0.032
A0A0F8V9S2,0.032
A0A7K4H8T3,0.032
A0A524FCR7,0.032
A0A842VR97,0.032
A0A497QS08,0.032
A0A7K4CP05,0.032
A0A842RH87,0.032
A0A850MTZ2,0.032
A0A3L6JC02,0.032
A0A523S2P3,0.032
A0A497PKI3,0.032
A0A524ET28,0.032
A0A524DAN3,0.032
A0A532T7M2,0.032
A0A497Q679,0.032
A0A5C9E129,0.032
A0A0F8YC42,0.032
A0A842TRJ9,0.032
A0A7K4GLV8,0.032
A0A524E8G4,0.032
A0A524FI12,0.032
A0A524M5K8,0.032
A0A532TJY2,0.032
A0A524CC86,0.032
A0A524D3S8,0.032
A0A842VEA5,0.032
A0A5C9EDI4,0.032
A0A532T7U6,0.032
A0A524CEW2,0.032
A0A1Q9N0B1,0.032
A0A842WUM8,0.032
A0A1Q9NVB0,0.032
A0A850M6F1,0.032
A0A524D7Y4,0.032
A0A1Q9P2N7,0.032
A0A524CU41,0.032
A0A497Q6L8,0.032
A0A2U3CDK6,0.032
A0A524G533,0.032
A0A7K4H9J7,0.032
A0A850M350,0.032
A0A524FZ34,0.032
A0A850LUS4,0.032
A0A524EVM0,0.032
A0A842T6F1,0.032
A0A7K4H5R3,0.032
A0A0F8XYX5,0.032
A0A7K4IDT2,0.032
A0A843BYP0,0.032
A0A842YDV4,0.032
A0A842VBT4,0.032
A0A524DWC6,0.032
A0A2U3CFW8,0.032
A0A842S100,0.032
A0A5B9D5A6,0.032
A0A523RIV1,0.032
A0A524EZD8,0.032
A0A523VQM1,0.032
A0A842WUI9,0.032
A0A523RQS2,0.032
A0A135VTT9,0.032
A0A850MS32,0.032
A0A1Q9N240,0.032
A0A524DU67,0.032
A0A7K4GTY6,0.032
A0A524CKB9,0.032
A0A524EFU2,0.032
A0A524CGB8,0.032
A0A523XES0,0.032
A0A524DZN8,0.032
A0A523TML4,0.032
A0A497PRT7,0.032
A0A850M2F6,0.032
A0A849QI86,0.032
A0A842WXS8,0.032
A0A842W0R3,0.032
A0A523TAB4,0.032
A0A850ME29,0.032
A0A135VVN8,0.032
A0A7K4IFA0,0.032
A0A842RHD6,0.032
A0A842VAE3,0.032
A0A7K4H8P5,0.032
A0A842T925,0.032
A0A842TKH4,0.032
A0A5C9DYQ9,0.032
A0A135VG99,0.032
A0A842VUT3,0.032
A0A497Q273,0.032
A0A532TK39,0.032
A0A135VVZ1,0.032
A0A524MJS3,0.032
A0A524CN10,0.032
A0A1Q9MW13,0.032
A0A5C9EIT2,0.032
A0A842SXE8,0.032
A0A842THA5,0.032
A0A1Q9MXI0,0.032
A0A842WP02,0.032
A0A850M156,0.032
A0A3L6JII3,0.032
A0A7K4GP88,0.032
A0A842T2Q6,0.032
A0A524CM04,0.032
A0A1Q9P2W0,0.032
A0A523REB4,0.032
A0A524MEP8,0.032
A0A524M5T8,0.032
A0A842R796,0.032
A0A842RF53,0.032
A0A523VSF4,0.032
A0A2U3CIV3,0.032
A0A524FS76,0.032
A0A524CZ46,0.032
A0A524P337,0.032
A0A850M9F8,0.032
A0A524FHD1,0.032
A0A843C2N5,0.032
A0A7K4H4K0,0.032
A0A842YCJ1,0.032
A0A5C9EKY6,0.032
A0A7K4HFV1,0.032
A0A7K4GWF7,0.032
A0A1Q9PCW4,0.032
A0A850MC11,0.032
A0A1Q9MSD3,0.032
A0A5C9ERY9,0.032
A0A7K4GL98,0.032
A0A5B9DB12,0.032
A0A524EHQ2,0.032
A0A5C9DUB2,0.032
A0A524P5N5,0.032
A0A0F8YEV6,0.032
A0A7K4GXE1,0.032
A0A524EZA5,0.032
A0A524FVR7,0.032
A0A524LH79,0.032
A0A524DGJ9,0.032
A0A524DDV5,0.032
A0A1Q9MYX2,0.032
A0A842T6P1,0.032
A0A7K4HCI6,0.032
A0A2E9CGA3,0.032
A0A0F8VA47,0.032
A0A524E928,0.032
A0A843BMV4,0.032
A0A7K4H5E1,0.032
A0A497PXW2,0.032
A0A1Q9N4J6,0.032
A0A524D2H4,0.032
A0A842RX66,0.032
A0A3L6J972,0.032
A0A0F8W8A3,0.032
A0A524FEJ0,0.032
A0A524G1J5,0.032
A0A842QBZ1,0.032
A0A524E3S5,0.032
A0A1Q9N1Q2,0.032
A0A850MP16,0.032
A0A842WZZ8,0.032
A0A842VIN0,0.032
A0A0F8VB43,0.032
A0A1Q9NAI5,0.032
A0A2U3CCL9,0.032
A0A524FRH4,0.032
A0A524F4Y1,0.032
A0A524C5E1,0.032
A0A532TH94,0.032
A0A0F8VEW7,0.032
A0A497QWY4,0.032
A0A0F8W5K6,0.032
A0A3L6JDG2,0.032
A0A842RP56,0.032
A0A524D8J2,0.032
A0A497QXD4,0.032
A0A5B9D9B4,0.032
A0A135VIL6,0.032
A0A524DA50,0.032
A0A532TKU7,0.032
A0A523RSP3,0.032
A0A524MDD8,0.032
A0A842TBE0,0.032
A0A524FA60,0.032
A0A0F8XIH8,0.032
A0A524C8Y6,0.032
A0A850LYN4,0.032
A0A1Q9NY52,0.032
A0A524D737,0.032
A0A849QL12,0.032
A0A5C9E5P6,0.032
A0A497QM53,0.032
A0A523RNA9,0.032
A0A7K4H575,0.032
A0A497R3C0,0.032
A0A850LV68,0.032
A0A135VWJ1,0.032
A0A524EEH2,0.032
A0A524EDA3,0.032
A0A524FVE2,0.032
A0A497QLQ6,0.032
A0A1Q9NNR0,0.032
A0A1Q9NL88,0.032
A0A842S098,0.032
A0A7K4CW04,0.032
A0A0F8VZ49,0.032
A0A842TE36,0.032
A0A524EL33,0.032
A0A524FS92,0.032
A0A0F8YCH9,0.032
A0A842TLR7,0.032
A0A842QLX3,0.032
A0A7K4GNU1,0.032
A0A523RF56,0.032
A0A524CWM2,0.032
A0A524E5H2,0.032
A0A5C9EJV8,0.032
A0A497PXE1,0.032
A0A524EBY7,0.032
A0A7K4IAL6,0.032
A0A532TFA8,0.032
A0A842SZE3,0.032
A0A3L6JRM5,0.032
A0A5C9EAM8,0.032
A0A524F0V9,0.032
A0A5C9EZ70,0.032
A0A524NVH0,0.032
A0A850LRF3,0.032
A0A842QCD4,0.032
A0A135VK50,0.032
A0A7K4GL97,0.032
A0A524EQE5,0.032
A0A524CPM8,0.032
A0A497RCM0,0.032
A0A524DKP9,0.032
A0A1Q9PDU5,0.032
A0A5B9DFZ9,0.032
A0A497Q7T5,0.032
A0A7K4CNN1,0.032
A0A524CJU1,0.032
A0A1Q9NUS9,0.032
A0A842WYK8,0.032
A0A5C9EJ30,0.032
A0A497QC37,0.032
A0A1Q9PBX2,0.032
A0A842R5P1,0.032
A0A524C3U7,0.032
A0A524CP47,0.032
A0A850M2T4,0.032
A0A842RYL1,0.032
A0A5C9DTM9,0.032
A0A1Q9PG09,0.032
A0A2E9CFZ5,0.032
A0A524EK45,0.032
A0A532TPC9,0.032
A0A850MQC3,0.032
A0A850LXJ9,0.032
A0A1Q9MZR6,0.032
A0A524DFR3,0.032
A0A1Q9N0J7,0.032
A0A3L6JEW0,0.031
A0A842QD13,0.031
A0A524E592,0.031
A0A524C384,0.031
A0A842TFB8,0.031
A0A524MK38,0.031
A0A524C2S8,0.031
A0A2U3CFD9,0.031
A0A524D331,0.031
A0A524DA89,0.031
A0A1Q9MWI9,0.031
A0A1Q9MRG3,0.031
A0A842VQ11,0.031
A0A524CRN7,0.031
A0A850M9W2,0.031
A0A2U3CJN8,0.031
A0A0F8XID9,0.031
A0A5C9EVB8,0.031
A0A5C9DW21,0.031
A0A7K4GVN7,0.031
A0A5C9E288,0.031
A0A523SDL4,0.031
A0A0F8VAT0,0.031
A0A2U3CI93,0.031
A0A497QRM1,0.031
A0A850LZF4,0.031
A0A3L6JIJ9,0.031
A0A7K4D159,0.031
A0A5B9DG48,0.031
A0A3L6JQ08,0.031
A0A842RQB8,0.031
A0A850LYK1,0.031
A0A524F5Y0,0.031
A0A5C9F1D0,0.031
A0A5C9E6E5,0.031
A0A7K4GTI8,0.031
A0A524E562,0.031
A0A523RDX6,0.031
A0A842WSN6,0.031
A0A1Q9MRS0,0.031
A0A842S440,0.031
A0A524M8W0,0.031
A0A524DVK6,0.031
A0A497R605,0.031
A0A842VBX8,0.031
A0A1Q9NDT3,0.031
A0A497QME8,0.031
A0A842S114,0.031
A0A7K4CUU8,0.031
A0A2U3CJR2,0.031
A0A7K4ICS0,0.031
A0A1Q9P9K1,0.031
A0A497R001,0.031
A0A842VSJ1,0.031
A0A524EH96,0.031
A0A842SCD4,0.031
A0A7K4CU64,0.031
A0A0F8XK82,0.031
A0A7K4HFY2,0.031
A0A842TDV0,0.031
A0A523XB67,0.031
A0A850LNZ9,0.031
A0A524DIK7,0.031
A0A7K4ICH6,0.031
A0A524FH76,0.031
A0A842VTL1,0.031
A0A524CUR5,0.031
A0A523S559,0.031
A0A5C9EZ19,0.031
A0A1Q9MTU2,0.031
A0A7K4CSV1,0.031
A0A842RKX9,0.031
A0A842WVR2,0.031
A0A7K4GQK9,0.031
A0A524LIB7,0.031
A0A5C9EBI1,0.031
A0A5C9E223,0.031
A0A497Q6D2,0.031
A0A532TTI6,0.031
A0A5B9D9C1,0.031
A0A850LQJ1,0.031
A0A850MEG4,0.031
A0A523XBL5,0.031
A0A524L950,0.031
A0A1Q9NLN5,0.031
A0A5C9E9T0,0.031
A0A842R989,0.031
A0A842YFU3,0.031
A0A7K4GYG8,0.031
A0A850MMT1,0.031
A0A842RTE9,0.031
A0A524DTL7,0.031
A0A523TFX3,0.031
A0A524D7R8,0.031
A0A1Q9MQS5,0.031
A0A524DW62,0.031
A0A1Q9P472,0.031
A0A7K4GLH5,0.031
A0A7K4GZS8,0.031
A0A0F8W4W8,0.031
A0A3L6JKS6,0.031
A0A135VSL5,0.031
A0A842RQZ0,0.031
A0A0F8V975,0.031
A0A850MHZ1,0.031
A0A497QHY1,0.031
A0A850M1T0,0.031
A0A524DHF6,0.031
A0A524G7L5,0.031
A0A842VED9,0.031
A0A524DYK3,0.031
A0A532TKM6,0.031
A0A5B9DF72,0.031
A0A842S4H5,0.031
A0A1Q9MZL5,0.031
A0A524CQ97,0.031
A0A5C9EN41,0.031
A0A0F8W8X6,0.031
A0A1Q9MXZ7,0.031
A0A1Q9NCF2,0.031
A0A842WSR3,0.031
A0A843BQB8,0.031
A0A842TRT6,0.031
A0A523VT15,0.031
A0A524EZV6,0.031
A0A524CJB9,0.031
A0A5B9D5Y7,0.031
A0A842TZH7,0.031
A0A1Q9NPB7,0.031
A0A842TMX8,0.031
A0A1Q9NBK2,0.031
A0A5C9E853,0.031
A0A524FM49,0.031
A0A524P2Q2,0.031
A0A524E6G8,0.031
A0A843BXW4,0.031
A0A497QLU6,0.031
A0A7K4D029,0.031
A0A135VAV7,0.031
A0A524D613,0.031
A0A524DV15,0.031
A0A1Q9NTT5,0.031
A0A524C5K3,0.031
A0A1Q9NV87,0.031
A0A523TRU2,0.031
A0A135VZ27,0.031
A0A1Q9NVM1,0.031
A0A1Q9NL50,0.031
A0A5C9EYI9,0.031
A0A7K4GWC4,0.031
A0A850MFL8,0.031
A0A524DGI2,0.031
A0A842YF03,0.031
A0A497QXK9,0.031
A0A842SBY6,0.031
A0A524DGG3,0.031
A0A524EIJ0,0.031
A0A3L6JIT2,0.031
A0A1Q9NXE1,0.031
A0A3L6JME4,0.031
A0A1Q9NV50,0.031
A0A842WJW9,0.031
A0A524GBG1,0.031
A0A7K4GW91,0.031
A0A1Q9MRT6,0.031
A0A842UA79,0.031
A0A524NYD5,0.031
A0A842S1V7,0.031
A0A1Q9MTH8,0.031
A0A5B9D6A4,0.031
A0A524EET8,0.031
A0A497QZZ6,0.031
A0A1Q9NE22,0.031
A0A3L6JIJ5,0.031
A0A842T2U4,0.031
A0A0F8VN67,0.031
A0A842VV16,0.031
A0A5C9ES43,0.031
A0A497PCU9,0.031
A0A842WWU8,0.031
A0A842QGN9,0.031
A0A5B9D7U0,0.031
A0A850M020,0.031
A0A524C2U4,0.031
A0A842WPV0,0.031
A0A7K4H686,0.031
A0A842VIX1,0.031
A0A7K4GMR6,0.031
A0A842YEA8,0.031
A0A849QIP6,0.031
A0A524CR51,0.031
A0A7K4H7G1,0.031
A0A497PBB7,0.031
A0A497QGP4,0.031
A0A0F8VKE2,0.031
A0A850MK43,0.031
A0A532T2I9,0.031
A0A3L6JMU7,0.031
A0A842V8J7,0.031
A0A497QI77,0.031
A0A497PQA9,0.031
A0A523TCM3,0.031
A0A497QWQ2,0.031
A0A842WKV3,0.031
A0A1Q9MU32,0.031
A0A7K4GJX6,0.031
A0A3L6JJE1,0.031
A0A524DMB3,0.031
A0A1Q9MUV3,0.031
A0A3L6JPH2,0.031
A0A850M348,0.031
A0A524DA70,0.031
A0A1Q9NLT0,0.031
A0A7K4IFK6,0.031
A0A842RYH0,0.031
A0A842SAM2,0.031
A0A497QLS7,0.031
A0A3L6JE51,0.031
A0A524G992,0.031
A0A524D9Q6,0.031
A0A842RN15,0.031
A0A524DBG5,0.031
A0A850MX97,0.031
A0A524F678,0.031
A0A524FHU6,0.031
A0A524FCG9,0.031
A0A7K4CNZ2,0.031
A0A0F8VBP9,0.031
A0A524CHY6,0.031
A0A842YDP8,0.031
A0A524FD14,0.031
A0A523S0N6,0.031
A0A850MF83,0.031
A0A135VPD9,0.031
A0A524DPP5,0.031
A0A497RCC9,0.031
A0A3L6J9T6,0.031
A0A842RRJ5,0.031
A0A850LRC0,0.031
A0A842VJ96,0.031
A0A524EP11,0.031
A0A523X6F7,0.031
A0A135VXK8,0.031
A0A5C9ET16,0.031
A0A524FQU4,0.031
A0A842TAT4,0.031
A0A842U0U4,0.031
A0A842WTW0,0.031
A0A524F6Q8,0.031
A0A524P2L5,0.031
A0A3L6J8F4,0.031
A0A523S1V8,0.031
A0A524F7K4,0.031
A0A523S6W4,0.031
A0A524P3Z3,0.031
A0A524CTN9,0.031
A0A0F8VJ42,0.031
A0A524CAQ6,0.031
A0A524CNQ9,0.031
A0A842VNG0,0.031
A0A524F0N6,0.031
A0A135VPQ7,0.031
A0A2U3CF29,0.031
A0A7K4IC49,0.031
A0A524DK75,0.031
A0A1Q9MZU0,0.031
A0A524G9X8,0.031
A0A3L6JHK2,0.031
A0A524F3S2,0.031
A0A1Q9NNX2,0.031
A0A5C9E6F8,0.031
A0A524CY24,0.031
A0A7K4IHG2,0.031
A0A524G3I9,0.031
A0A842RVG7,0.031
A0A7K4HB32,0.031
A0A532T248,0.031
A0A1Q9MWA1,0.031
A0A2U3CBH4,0.031
A0A7K4H7F2,0.031
A0A7K4GUU1,0.031
A0A497QEK6,0.031
A0A524C505,0.031
A0A2U3CH90,0.031
A0A523S0X8,0.031
A0A524D903,0.031
A0A5C9EJ25,0.031
A0A524EJ84,0.031
A0A7K4H5S1,0.031
A0A135VVN5,0.031
A0A5C9EJQ3,0.031
A0A2U3CET5,0.031
A0A523S495,0.031
A0A7K4CXW2,0.031
A0A524DPE9,0.031
A0A5C9E043,0.031
A0A524EMY8,0.031
A0A497QP86,0.031
A0A842VQ44,0.031
A0A1Q9MQE6,0.031
A0A3L6JKD9,0.031
A0A7K4GW14,0.031
A0A842X2K9,0.031
A0A842W2N1,0.031
A0A1Q9MUW7,0.031
A0A1Q9NHK0,0.031
A0A0F8XEN7,0.031
A0A532TP38,0.031
A0A523VNQ2,0.031
A0A524EUG1,0.031
A0A524MJC8,0.031
A0A850M1X0,0.031
A0A524G120,0.031
A0A524FJ84,0.031
A0A842R745,0.031
A0A524LK23,0.031
A0A842TR44,0.031
A0A532TF61,0.031
A0A524FAJ0,0.031
A0A850MMI2,0.031
A0A524ENL8,0.031
A0A532TGU4,0.031
A0A843BRV3,0.031
A0A524F7M8,0.031
A0A524G3J3,0.031
A0A524D1Q3,0.031
A0A523XC14,0.031
A0A850LY06,0.031
A0A842TWL0,0.031
A0A524FEP3,0.031
A0A842WWL7,0.031
A0A524CZS8,0.031
A0A842RXG0,0.031
A0A524LEP9,0.031
A0A1Q9N098,0.031
A0A850MQV8,0.031
A0A1Q9N1Z5,0.031
A0A5C9E8J8,0.031
A0A524L7C6,0.031
A0A842RC73,0.031
A0A523X7B1,0.031
A0A524G032,0.031
A0A7K4GWH1,0.031
A0A524CGY2,0.031
A0A1Q9MY42,0.031
A0A497PUK1,0.031
A0A524E9T9,0.031
A0A524DGH1,0.031
A0A524F702,0.031
A0A3L6JDG3,0.031
A0A523S236,0.031
A0A1Q9P728,0.031
A0A5C9F282,0.031
A0A135VVY7,0.031
A0A842SC16,0.031
A0A842U5H0,0.031
A0A524GA31,0.031
A0A850MTA6,0.031
A0A5C9ET10,0.031
A0A1Q9N0X1,0.031
A0A524D1M4,0.031
A0A524F2S8,0.031
A0A843C6X3,0.031
A0A842RMZ5,0.031
A0A842VEG4,0.031
A0A3L6JSI0,0.031
A0A524CAA7,0.031
A0A497QLJ9,0.031
A0A7K4GUG6,0.031
A0A842QDP2,0.031
A0A842T8E6,0.031
A0A524LFI7,0.031
A0A532TF37,0.031
A0A842V9T1,0.031
A0A2U3CE41,0.031
A0A524CKK8,0.031
A0A135VUE6,0.031
A0A1Q9MS50,0.031
A0A842RE78,0.031
A0A524LFP3,0.031
A0A842TH95,0.031
A0A135VY99,0.031
A0A843BTC2,0.031
A0A523XJR7,0.031
A0A523RD67,0.031
A0A532TM20,0.031
A0A524ESC5,0.031
A0A842W3E8,0.031
A0A842TCV8,0.031
A0A524NUJ9,0.031
A0A842QEX8,0.031
A0A842YC93,0.031
A0A5C9E9J4,0.031
A0A7K4GWP5,0.031
A0A135VD88,0.031
A0A842T3N4,0.031
A0A524CZG0,0.031
A0A842TI01,0.031
A0A497QTL8,0.031
A0A3L6J7Q3,0.031
A0A1Q9NQ90,0.031
A0A842RUF2,0.031
A0A7K4HBB8,0.031
A0A842TGS7,0.031
A0A524GAI3,0.031
A0A524FIF0,0.031
A0A524EFI4,0.031
A0A524D0B3,0.031
A0A524FQD4,0.031
A0A0F8W9M7,0.031
A0A842QB97,0.031
A0A524D1W3,0.031
A0A2E9CCT0,0.031
A0A524F2F0,0.031
A0A3L6JHD9,0.031
A0A524D6X6,0.031
A0A842S7U5,0.031
A0A497QW37,0.031
A0A850LZ94,0.031
A0A842T5M1,0.031
A0A1Q9NDX3,0.031
A0A3L6JH22,0.031
A0A850M2U7,0.031
A0A5C9E7P7,0.031
A0A497PK56,0.031
A0A842YCQ8,0.031
A0A524DQ72,0.031
A0A0F8XPN6,0.031
A0A5C9EQZ5,0.031
A0A842T5C0,0.031
A0A532TT12,0.031
A0A523VU70,0.031
A0A524FGT1,0.031
A0A524FKD2,0.031
A0A7K4IHQ3,0.031
A0A5C9EAT9,0.031
A0A1Q9PDM9,0.031
A0A524DJL8,0.031
A0A524FKK9,0.031
A0A524FFQ0,0.031
A0A2E9CF90,0.031
A0A524LPQ8,0.031
A0A3L6JR42,0.031
A0A524E8I5,0.031
A0A5B9DD26,0.031
A0A842WP26,0.031
A0A7K4D1N8,0.031
A0A497Q1P0,0.031
A0A1Q9NPY6,0.031
A0A497Q9U8,0.031
A0A523RII5,0.031
A0A0F8VE79,0.031
A0A7K4GRM4,0.031
A0A523SDF6,0.031
A0A524CX50,0.031
A0A7K4H9T4,0.031
A0A842VV04,0.031
A0A5C9E038,0.031
A0A497PPL8,0.031
A0A7K4CW46,0.031
A0A524E687,0.031
A0A850LRP2,0.031
A0A5C9ECT3,0.031
A0A842VPV7,0.031
A0A524FND8,0.031
A0A524C1Z1,0.031
A0A135VN38,0.031
A0A524EJ48,0.03
A0A497PNX0,0.03
A0A2U3CB34,0.03
A0A524LZR4,0.03
A0A524LLC4,0.03
A0A1Q9N0J1,0.03
A0A842VWR7,0.03
A0A7K4HGN5,0.03
A0A3L6J9C5,0.03
A0A1Q9NCA4,0.03
A0A524DF36,0.03
A0A7C0U8X4,0.03
A0A524L5V8,0.03
A0A1Q9PC41,0.03
A0A842U1I2,0.03
A0A850MT80,0.03
A0A524FVW3,0.03
A0A497REN8,0.03
A0A3L6J7V4,0.03
A0A842TCY6,0.03
A0A842T905,0.03
A0A3L6JR65,0.03
A0A524DAF0,0.03
A0A1Q9NSF3,0.03
A0A524D6D4,0.03
A0A842RCZ6,0.03
A0A524EV31,0.03
A0A524D8A3,0.03
A0A524ET19,0.03
A0A7K4D0F1,0.03
A0A523SA03,0.03
A0A497QIQ0,0.03
A0A842RG93,0.03
A0A497PME0,0.03
A0A497PTY5,0.03
A0A0F8XX34,0.03
A0A1Q9N4H2,0.03
A0A7K4H8F3,0.03
A0A842VKK6,0.03
A0A5C9ERK6,0.03
A0A497PL79,0.03
A0A524E0D1,0.03
A0A523VNT5,0.03
A0A5C9EGD7,0.03
A0A524FTR9,0.03
A0A524CPM6,0.03
A0A7K4CPH4,0.03
A0A1Q9NSY9,0.03
A0A497Q204,0.03
A0A524ED85,0.03
A0A523RPQ2,0.03
A0A850MBX0,0.03
A0A497PEH3,0.03
A0A842VYJ2,0.03
A0A532TKV5,0.03
A0A842T3D9,0.03
A0A7K4GP60,0.03
A0A497QM89,0.03
A0A842QBF5,0.03
A0A1Q9P9I5,0.03
A0A497QP25,0.03
A0A5C9DUC8,0.03
A0A5C9EIB6,0.03
A0A524DZE7,0.03
A0A5C9ER74,0.03
A0A497QTL4,0.03
A0A0F8VBE9,0.03
A0A497Q3R5,0.03
A0A524E8B0,0.03
A0A524F604,0.03
A0A523R8Y9,0.03
A0A7K4HH10,0.03
A0A1Q9N2B4,0.03
A0A497R8J2,0.03
A0A5C9DYX9,0.03
A0A523XQ90,0.03
A0A2U3CK12,0.03
A0A524LZU0,0.03
A0A1Q9NV57,0.03
A0A3L6JBJ8,0.03
A0A0F8XJK2,0.03
A0A850M2D8,0.03
A0A2U3CCS3,0.03
A0A1Q9MV83,0.03
A0A497P8C8,0.03
A0A5C9EFD6,0.03
A0A842YGL9,0.03
A0A7K4HD72,0.03
A0A523X5H0,0.03
A0A497QF85,0.03
A0A5C9DT24,0.03
A0A850M7Y8,0.03
A0A524CXH7,0.03
A0A524LLS6,0.03
A0A3L6JB39,0.03
A0A524C870,0.03
A0A850LSV9,0.03
A0A497PJC0,0.03
A0A7K4CSC2,0.03
A0A842R7J9,0.03
A0A842W4N0,0.03
A0A524FLI1,0.03
A0A842VIL3,0.03
A0A497PWD2,0.03
A0A850MEU9,0.03
A0A524CUZ4,0.03
A0A524M249,0.03
A0A1Q9NAV8,0.03
A0A7K4D1G4,0.03
A0A1Q9N124,0.03
A0A7K4GMD1,0.03
A0A7K4GLT4,0.03
A0A497PMU8,0.03
A0A524C267,0.03
A0A850MT57,0.03
A0A524CTZ9,0.03
A0A524CYD6,0.03
A0A524FES8,0.03
A0A524D484,0.03
A0A1Q9NVE8,0.03
A0A1Q9MSH9,0.03
A0A135VE88,0.03
A0A842T7W1,0.03
A0A497QKG4,0.03
A0A3L6JSF5,0.03
A0A5C9F1Z7,0.03
A0A523VQI1,0.03
A0A524CUV9,0.03
A0A7K4GRY7,0.03
A0A524G7Q8,0.03
A0A497QQN5,0.03
A0A842WKR3,0.03
A0A524CCP6,0.03
A0A523RU97,0.03
A0A842TMG9,0.03
A0A850MHF5,0.03
A0A1Q9P3S0,0.03
A0A7K4H523,0.03
A0A850MJ08,0.03
A0A1Q9MR04,0.03
A0A842WYV5,0.03
A0A524EW02,0.03
A0A7K4GWC8,0.03
A0A842VTE0,0.03
A0A7K4D0S3,0.03
A0A842WLT7,0.03
A0A7K4H5X7,0.03
A0A1Q9N9W0,0.03
A0A2U3CFL4,0.03
A0A842VGK1,0.03
A0A842T7B5,0.03
A0A3L6JTJ7,0.03
A0A849QJL3,0.03
A0A524CKY7,0.03
A0A135VCG2,0.03
A0A842RML8,0.03
A0A5B9DG83,0.03
A0A842TDB8,0.03
A0A524FTU4,0.03
A0A524E5U9,0.03
A0A842U818,0.03
A0A524DGA8,0.03
A0A523RHJ2,0.03
A0A850LUL7,0.03
A0A5C9ELR5,0.03
A0A842VZI3,0.03
A0A524ELK5,0.03
A0A7K4H1I8,0.03
A0A497QFC4,0.03
A0A5B9D6Q7,0.03
A0A842RZR3,0.03
A0A842VRI8,0.03
A0A523RV18,0.03
A0A842TVV7,0.03
A0A1Q9MT49,0.03
A0A524CI74,0.03
A0A842WLE7,0.03
A0A524D2D9,0.03
A0A524FCT4,0.03
A0A842S6F2,0.03
A0A5C9EXX7,0.03
A0A842QBS9,0.03
A0A0F8V9Y5,0.03
A0A0F8Y707,0.03
A0A1Q9MT45,0.03
A0A842THC2,0.03
A0A135VVF4,0.03
A0A7K4GQT1,0.03
A0A524EX75,0.03
A0A523XJF5,0.03
A0A524DFA9,0.03
A0A532TM33,0.03
A0A1Q9NUJ1,0.03
A0A497PPD0,0.03
A0A524EYB7,0.03
A0A5C9EHJ7,0.03
A0A7K4CQ94,0.03
A0A524P8G5,0.03
A0A524DZF5,0.03
A0A842S6X1,0.03
A0A524ETG3,0.03
A0A842YB89,0.03
A0A850MTJ7,0.03
A0A524FI14,0.03
A0A497QJZ2,0.03
A0A842T190,0.03
A0A524F4N4,0.03
A0A524CQ46,0.03
A0A842W3B2,0.03
A0A135VUI2,0.03
A0A849QJN3,0.03
A0A842RYH6,0.03
A0A497P855,0.03
A0A524FGJ8,0.03
A0A5C9EMD2,0.03
A0A7K4CW92,0.03
A0A524DLY4,0.03
A0A7K4HIV6,0.03
A0A135VPD3,0.03
A0A842T2S8,0.03
A0A5C9EUQ8,0.03
A0A7K4CS25,0.03
A0A1Q9NDP3,0.03
A0A1Q9MXY9,0.03
A0A3L6J9Y3,0.03
A0A524FI56,0.03
A0A524E6M2,0.03
A0A497PZ14,0.03
A0A524D4Q0,0.03
A0A842T163,0.03
A0A850MFY0,0.03
A0A524DET8,0.03
A0A842RNI5,0.03
A0A524CWY4,0.03
A0A7K4HIC1,0.03
A0A842TBR5,0.03
A0A497QH27,0.03
A0A523VPY3,0.03
A0A135VKE1,0.03
A0A842WLY2,0.03
A0A1Q9PAL6,0.03
A0A842QHS9,0.03
A0A135VLP5,0.03
A0A850LZE6,0.03
A0A1Q9MVX6,0.03
A0A524C7P6,0.03
A0A524G3A8,0.03
A0A523RZX5,0.03
A0A7K4GM17,0.03
A0A849QMU9,0.03
A0A524FQ51,0.03
A0A497Q3H1,0.03
A0A842T7V6,0.03
A0A524M3Y9,0.03
A0A7K4CQT3,0.03
A0A524DHM6,0.03
A0A2U3CHB4,0.03
A0A524FVP7,0.03
A0A850MFV3,0.03
A0A3L6JG56,0.03
A0A2E9CG51,0.03
A0A7K4IDN1,0.03
A0A1Q9PDZ6,0.03
A0A850LSZ3,0.03
A0A1Q9NT30,0.03
A0A524CMN2,0.03
A0A524LK12,0.03
A0A7K4GZ30,0.03
A0A7K4CVU3,0.03
A0A497P9Q4,0.03
A0A0F8VI66,0.03
A0A524EQQ8,0.03
A0A532TR15,0.03
A0A1Q9NY63,0.03
A0A524CBM7,0.03
A0A1Q9NVD5,0.03
A0A524FLZ0,0.03
A0A1Q9NDP0,0.03
A0A524EYW0,0.03
A0A5C9DWR3,0.03
A0A5C9F0N3,0.03
A0A842W3N7,0.03
A0A524EX17,0.03
A0A842S0B2,0.03
A0A497QDM5,0.03
A0A0F8VQ90,0.03
A0A842VHU7,0.03
A0A7K4H8S6,0.03
A0A524EF69,0.03
A0A842TKC7,0.03
A0A5C9E2C3,0.03
A0A5B9D722,0.03
A0A524EBZ8,0.03
A0A524C7W3,0.03
A0A135VJJ5,0.03
A0A850MCN7,0.03
A0A5C9EHC2,0.03
A0A1Q9P847,0.03
A0A842SYG2,0.03
A0A1Q9MZJ1,0.03
A0A842UCX8,0.03
A0A5C9EVW6,0.03
A0A524EXK7,0.03
A0A842WV31,0.03
A0A524MH91,0.03
A0A842T3W5,0.03
A0A5C9E930,0.03
A0A842S723,0.03
A0A850MFP6,0.03
A0A524FI57,0.03
A0A524CYG2,0.03
A0A497PR60,0.03
A0A842W3S5,0.03
A0A850LPH7,0.03
A0A497R0S4,0.03
A0A497Q7S0,0.03
A0A850M3W0,0.03
A0A7K4GWR6,0.03
A0A523RDN7,0.03
A0A850LNW4,0.03
A0A1Q9NB76,0.03
A0A842VSM8,0.03
A0A532T6V7,0.03
A0A1Q9P4T3,0.03
A0A7K4GVV6,0.03
A0A497Q7X1,0.03
A0A0F8VPH1,0.03
A0A524D4I8,0.03
A0A523S1X3,0.03
A0A524LMT3,0.03
A0A842TDE4,0.03
A0A843BV21,0.03
A0A523RVB5,0.03
A0A850MND1,0.03
A0A524DQZ5,0.03
A0A524MDT9,0.03
A0A1Q9NHB6,0.03
A0A843BPW8,0.03
A0A5B9DCX5,0.03
A0A7K4GW57,0.03
A0A524CVG7,0.03
A0A1Q9NE65,0.03
A0A524EXP5,0.03
A0A842YCT2,0.03
A0A524FT06,0.03
A0A5C9E1V2,0.03
A0A524EC04,0.03
A0A1Q9NHI9,0.03
A0A842VYR6,0.03
A0A1Q9N2Y0,0.03
A0A532TBV0,0.03
A0A532TXX9,0.03
A0A524FS26,0.03
A0A524CN04,0.03
A0A497QIY8,0.03
A0A497QU21,0.03
A0A5C9DZV8,0.03
A0A842RJ87,0.03
A0A842WTK5,0.03
A0A843C2W6,0.03
A0A842VUE0,0.03
A0A524F0Z6,0.03
A0A497QWR8,0.03
A0A5B9D9Y2,0.03
A0A2U3CDM2,0.03
A0A524F5I2,0.03
A0A842U5A9,0.03
A0A497RBP3,0.03
A0A523TEG8,0.03
A0A842YDE8,0.03
A0A524EW83,0.03
A0A1Q9NC58,0.03
A0A842W168,0.03
A0A850LTL0,0.03
A0A497QE45,0.03
A0A2U3CDC8,0.03
A0A524D4B8,0.03
A0A1Q9N1R3,0.03
A0A523R909,0.03
A0A497QUL8,0.03
A0A523TBR5,0.03
A0A0F8W6K5,0.03
A0A524G8K3,0.03
A0A524EX69,0.03
A0A497PTL7,0.03
A0A497PUC0,0.03
A0A524CW08,0.03
A0A497QMU8,0.03
A0A842WXC5,0.03
A0A497PG72,0.03
A0A842RXY2,0.03
A0A842VTP8,0.03
A0A7K4GT30,0.03
A0A1Q9N145,0.03
A0A5C9EC24,0.03
A0A0F8VP07,0.03
A0A532T6V9,0.03
A0A135VY29,0.03
A0A850M236,0.03
A0A135VHN3,0.03
A0A524MGA6,0.03
A0A524G746,0.03
A0A1Q9NUL6,0.03
A0A2U3CHT5,0.03
A0A850MUY9,0.03
A0A524DPA2,0.03
A0A5B9DE47,0.03
A0A850LUR6,0.03
A0A5C9EFI3,0.03
A0A3L6JK15,0.03
A0A524P089,0.03
A0A842YD36,0.03
A0A524L940,0.03
A0A5C9EHJ4,0.03
A0A524ELC9,0.03
A0A0F8XD11,0.03
A0A842QFI9,0.03
A0A497QAB2,0.03
A0A5C9EBV1,0.03
A0A135VFH1,0.03
A0A524P4T3,0.03
A0A1Q9N0B0,0.03
A0A523VXC2,0.03
A0A5B9DDA8,0.03
A0A842RRE7,0.03
A0A5C9DUL6,0.03
A0A497PDG3,0.03
A0A497Q3P2,0.03
A0A523RF58,0.03
A0A842S387,0.03
A0A849QL84,0.03
A0A497RF83,0.03
A0A2U3CJ08,0.03
A0A842VVP3,0.03
A0A2U3CJC8,0.03
A0A850MPX5,0.03
A0A497PIT1,0.03
A0A5C9EQG4,0.03
A0A524LFR4,0.03
A0A850MBV4,0.03
A0A523RCD6,0.03
A0A532TY55,0.03
A0A524C9N4,0.03
A0A532TWD3,0.03
A0A497QP58,0.03
A0A850MQK1,0.03
A0A1Q9NHT4,0.03
A0A842X012,0.03
A0A7K4CPR1,0.03
A0A524EUY5,0.03
A0A7K4CNB3,0.03
A0A497QBL8,0.03
A0A0F8Y1G5,0.03
A0A524FHS1,0.03
A0A497QN62,0.03
A0A850ME50,0.03
A0A7K4CVT8,0.03
A0A532TTM8,0.03
A0A7K4IDC1,0.03
A0A5B9DH69,0.03
A0A850LW45,0.029
A0A1Q9NV29,0.029
A0A524CNT0,0.029
A0A524D391,0.029
A0A5C9E758,0.029
A0A5C9EZE6,0.029
A0A0F8XES1,0.029
A0A5C9ED31,0.029
A0A7K4H2X6,0.029
A0A5C9DVG2,0.029
A0A5B9DC19,0.029
A0A850M1P3,0.029
A0A5C9EB31,0.029
A0A850MAB3,0.029
A0A524EN26,0.029
A0A842U9H4,0.029
A0A850MDA1,0.029
A0A7K4HDZ8,0.029
A0A523S3R4,0.029
A0A497QHI9,0.029
A0A2U3CBC5,0.029
A0A842VYJ1,0.029
A0A3L6JNV2,0.029
A0A850MIW9,0.029
A0A1Q9PA38,0.029
A0A843BZ92,0.029
A0A850MVL3,0.029
A0A524DFE1,0.029
A0A524F613,0.029
A0A532THB9,0.029
A0A842X0L1,0.029
A0A524LIA3,0.029
A0A842VLX0,0.029
A0A842VIA7,0.029
A0A524C510,0.029
A0A524EWR8,0.029
A0A523RPC2,0.029
A0A1Q9N3P2,0.029
A0A842RGM4,0.029
A0A7K4IE88,0.029
A0A524M3U5,0.029
A0A842VS14,0.029
A0A842WWU6,0.029
A0A532TNA8,0.029
A0A5C9E4I7,0.029
A0A7K4HKV7,0.029
A0A3L6JSB6,0.029
A0A524D4Z0,0.029
A0A5C9EBH4,0.029
A0A524F1J3,0.029
A0A2U3CJS0,0.029
A0A5B9DBE3,0.029
A0A850MJ99,0.029
A0A497R1B8,0.029
A0A135VBD8,0.029
A0A532TGR5,0.029
A0A524EST0,0.029
A0A842T904,0.029
A0A849Q7E3,0.029
A0A524CT79,0.029
A0A842U3S2,0.029
A0A5C9ERL9,0.029
A0A524F6A7,0.029
A0A1Q9MR09,0.029
A0A532TAW1,0.029
A0A2U3CIN7,0.029
A0A842RUX2,0.029
A0A0F8W5E0,0.029
A0A1Q9NRE2,0.029
A0A850MUM3,0.029
A0A7K4CRE2,0.029
A0A497Q9S4,0.029
A0A2E9CFF6,0.029
A0A842U0S0,0.029
A0A524D5G3,0.029
A0A7K4IEU0,0.029
A0A850MD72,0.029
A0A497Q9K2,0.029
A0A524F2W0,0.029
A0A842TCU3,0.029
A0A523TNP0,0.029
A0A524CYQ3,0.029
A0A842RV37,0.029
A0A524DBI4,0.029
A0A524EUZ1,0.029
A0A850M4D3,0.029
A0A524D6Z1,0.029
A0A842RGF0,0.029
A0A1Q9NGB6,0.029
A0A497QLR2,0.029
A0A850MER6,0.029
A0A524D139,0.029
A0A1Q9MY25,0.029
A0A5C9DZT8,0.029
A0A0F8VD92,0.029
A0A5B9DAN9,0.029
A0A1Q9P1U7,0.029
A0A7K4IH47,0.029
A0A5C9E4D9,0.029
A0A842TD41,0.029
A0A524F321,0.029
A0A497PNG8,0.029
A0A1Q9NTA0,0.029
A0A497Q9A7,0.029
A0A3L6JDD3,0.029
A0A850LNV8,0.029
A0A842VDQ2,0.029
A0A524F864,0.029
A0A850MRC2,0.029
A0A1Q9N1H0,0.029
A0A524DYZ9,0.029
A0A1Q9MXE0,0.029
A0A497R695,0.029
A0A1Q9N031,0.029
A0A524C8S0,0.029
A0A0F8VB26,0.029
A0A523RDP7,0.029
A0A524CPF5,0.029
A0A842RPC2,0.029
A0A497RDJ8,0.029
A0A524EBK9,0.029
A0A7K4CWP7,0.029
A0A5B9D6F0,0.029
A0A524FM42,0.029
A0A0F8XZC7,0.029
A0A524DY30,0.029
A0A524F0M6,0.029
A0A842TJ18,0.029
A0A524F4M9,0.029
A0A523SDU9,0.029
A0A524EHM8,0.029
A0A1Q9NNX3,0.029
A0A524DQ70,0.029
A0A5C9EUM4,0.029
A0A842THE0,0.029
A0A842W1Z6,0.029
A0A7K4GW75,0.029
A0A7K4CY94,0.029
A0A135VWF5,0.029
A0A524CW01,0.029
A0A7K4CXE0,0.029
A0A5C9EZV9,0.029
A0A524D2X7,0.029
A0A7K4CRI8,0.029
A0A524DFL3,0.029
A0A0F8VWR3,0.029
A0A524CYU3,0.029
A0A524CW80,0.029
A0A7K4CYS4,0.029
A0A842VDW2,0.029
A0A1Q9NIK5,0.029
A0A497PTT8,0.029
A0A7K4CUC6,0.029
A0A5B9D7K5,0.029
A0A523RXZ8,0.029
A0A5B9D5K3,0.029
A0A1Q9N0V8,0.029
A0A1Q9P1R1,0.029
A0A1Q9MUU0,0.029
A0A532TQT7,0.029
A0A2U3CKZ7,0.029
A0A497Q182,0.029
A0A850ML56,0.029
A0A5C9EPM7,0.029
A0A5C9E6K0,0.029
A0A5C9E719,0.029
A0A5C9DU16,0.029
A0A497Q4G1,0.029
A0A524F8F6,0.029
A0A524CBW5,0.029
A0A849QG41,0.029
A0A532TCN9,0.029
A0A2E9CD85,0.029
A0A497QZ44,0.029
A0A523RZM8,0.029
A0A850LWY5,0.029
A0A7K4HE14,0.029
A0A1Q9NXJ8,0.029
A0A497QR01,0.029
A0A850MEA9,0.029
A0A524FJ95,0.029
A0A524FU48,0.029
A0A5C9EMG1,0.029
A0A1Q9NJP0,0.029
A0A524E1X3,0.029
A0A842VGM7,0.029
A0A842U3N6,0.029
A0A7K4IAA3,0.029
A0A2U3CCF7,0.029
A0A850MI45,0.029
A0A850LX73,0.029
A0A1Q9NU25,0.029
A0A524FPL0,0.029
A0A1Q9P1Z2,0.029
A0A850LY66,0.029
A0A524DDR1,0.029
A0A842YC47,0.029
A0A7K4GLP1,0.029
A0A842VSS0,0.029
A0A497QG02,0.029
A0A1Q9NDU6,0.029
A0A497QS00,0.029
A0A524CK90,0.029
A0A523RZX3,0.029
A0A523RTV8,0.029
A0A524NRH0,0.029
A0A842W2H0,0.029
A0A7K4IB53,0.029
A0A524CK36,0.029
A0A1Q9NKD9,0.029
A0A524F725,0.029
A0A850M051,0.029
A0A842RQM0,0.029
A0A523XIQ1,0.029
A0A1Q9P504,0.029
A0A5B9DEI6,0.029
A0A850MP83,0.029
A0A524DBM3,0.029
A0A497QRP2,0.029
A0A524DDU2,0.029
A0A5C9EH90,0.029
A0A524EP44,0.029
A0A135VAC7,0.029
A0A1Q9NFK0,0.029
A0A0F8VM28,0.029
A0A5C9DXK8,0.029
A0A0F8VGJ2,0.029
A0A497QTL3,0.029
A0A850MNN3,0.029
A0A1Q9NYD2,0.029
A0A532TCR1,0.029
A0A842VWQ8,0.029
A0A5C9F493,0.029
A0A497QTU2,0.029
A0A523S6B7,0.029
A0A135VGE0,0.029
A0A842RGJ1,0.029
A0A524MGT9,0.029
A0A5C9F0Y0,0.029
A0A524EZN8,0.029
A0A7K4H6S5,0.029
A0A1Q9P7K5,0.029
A0A497QHG6,0.029
A0A842TL52,0.029
A0A850MIN7,0.029
A0A524E1Y5,0.029
A0A2E9CF04,0.029
A0A524EZV2,0.029
A0A135VXL5,0.029
A0A850M720,0.029
A0A850LYX8,0.029
A0A842U677,0.029
A0A524EKG8,0.029
A0A850MPU3,0.029
A0A524CBT0,0.029
A0A3L6JBG5,0.029
A0A524DXR2,0.029
A0A850MRG3,0.029
A0A524ESX4,0.029
A0A524F539,0.029
A0A7K4GV40,0.029
A0A524DFI6,0.029
A0A3L6JNA8,0.029
A0A849QHD7,0.029
A0A0F8Y1D0,0.029
A0A7K4D1F9,0.029
A0A5C9DUX4,0.029
A0A524CWE8,0.029
A0A3L6J7P0,0.029
A0A497QBU9,0.029
A0A524CVR6,0.029
A0A523RAS0,0.029
A0A7K4GR78,0.029
A0A524D601,0.029
A0A135VAQ6,0.029
A0A1Q9P0M1,0.029
A0A842SYH7,0.029
A0A524DAS0,0.029
A0A843BP73,0.029
A0A7K4HBJ1,0.029
A0A1Q9NLK7,0.029
A0A0F8WB13,0.029
A0A2E9CDK9,0.029
A0A849QFM3,0.029
A0A524FKJ5,0.029
A0A850MMU6,0.029
A0A850MUX3,0.029
A0A524FUF0,0.029
A0A842RXG8,0.029
A0A524MCF9,0.029
A0A5C9EB35,0.029
A0A842T0X1,0.029
A0A7K4CY50,0.029
A0A1Q9NNI4,0.029
A0A850LQ52,0.029
A0A1Q9NC54,0.029
A0A842VEV5,0.029
A0A5C9EAV2,0.029
A0A7K4H568,0.029
A0A497PQS4,0.029
A0A842RT63,0.029
A0A524CF02,0.029
A0A524CGQ7,0.029
A0A497R2T3,0.029
A0A0F8VYG3,0.029
A0A0F8VP24,0.029
A0A3L6JJ33,0.029
A0A1Q9NIX7,0.029
A0A523RQL9,0.029
A0A497QAL9,0.029
A0A135VMI7,0.029
A0A843C390,0.029
A0A7K4IIG5,0.029
A0A1Q9NTH1,0.029
A0A7K4H7D3,0.029
A0A3L6JSL2,0.029
A0A523XQD1,0.029
A0A842U4A7,0.029
A0A135VM70,0.029
A0A523RFJ0,0.029
A0A1Q9P4E8,0.029
A0A497QG60,0.029
A0A524DKG0,0.029
A0A524M308,0.029
A0A135VBN3,0.029
A0A523RPE8,0.029
A0A842RIU1,0.029
A0A0F8VAM1,0.029
A0A5C9EA74,0.029
A0A135VHS8,0.029
A0A524DIQ8,0.029
A0A524C9J6,0.029
A0A7K4HJ85,0.029
A0A849Q6U7,0.029
A0A523X603,0.029
A0A524D332,0.029
A0A523VWS2,0.029
A0A524FJD6,0.029
A0A523XNL0,0.029
A0A5C9EIX4,0.029
A0A524CVA6,0.029
A0A497QM71,0.029
A0A524DDN3,0.029
A0A842YD11,0.029
A0A524LB71,0.029
A0A850MU36,0.029
A0A849Q5X8,0.029
A0A1Q9MQN7,0.029
A0A842VN37,0.029
A0A842VJ20,0.029
A0A842S3D9,0.029
A0A523RD14,0.029
A0A523R824,0.029
A0A524E8M5,0.029
A0A0F8VZD0,0.029
A0A523RHH7,0.029
A0A524D692,0.029
A0A842VKC2,0.029
A0A1Q9NAX4,0.029
A0A1Q9P0P1,0.029
A0A1Q9NSS1,0.029
A0A7K4GTD9,0.029
A0A842VZ87,0.029
A0A3L6JM32,0.029
A0A1Q9P476,0.029
A0A524C6H5,0.029
A0A842YDB5,0.029
A0A524FNB4,0.029
A0A1Q9N980,0.029
A0A850LX62,0.029
A0A7K4H6K7,0.029
A0A497R3I0,0.029
A0A524C1Y7,0.029
A0A524D942,0.029
A0A532TSK4,0.029
A0A1Q9PC24,0.029
A0A1Q9MSL6,0.029
A0A524C2F3,0.029
A0A1Q9NXE7,0.029
A0A497QL83,0.029
A0A850LSV5,0.029
A0A842WUE8,0.029
A0A850LRV0,0.029
A0A1Q9NYZ1,0.029
A0A2U3CD78,0.029
A0A842T7X9,0.029
A0A524D4T2,0.029
A0A532TKE6,0.029
A0A2U3CEV6,0.029
A0A842W1C1,0.029
A0A524DVA5,0.029
A0A7K4HAT9,0.029
A0A0F8XNC8,0.029
A0A497PKV6,0.029
A0A1Q9MXZ6,0.029
A0A1Q9NVE0,0.029
A0A1Q9NXW4,0.029
A0A532T8D6,0.029
A0A842RFN5,0.029
A0A842WRA9,0.029
A0A5B9D5D1,0.029
A0A135VNP7,0.029
A0A842T3H3,0.029
A0A497QIJ7,0.029
A0A850MTI4,0.029
A0A5C9EBV2,0.029
A0A842WTP0,0.029
A0A5B9DBS1,0.029
A0A524MFX6,0.029
A0A524DVD8,0.029
A0A524ER35,0.029
A0A497R4E9,0.029
A0A843C351,0.029
A0A523S2N8,0.029
A0A497PS31,0.029
A0A842T4A8,0.029
A0A497QYU1,0.029
A0A3L6JIP6,0.029
A0A5C9ECX0,0.029
A0A842VGV7,0.029
A0A524P4F5,0.029
A0A842VHH7,0.029
A0A497Q6V8,0.029
A0A842R6I7,0.029
A0A850LW95,0.029
A0A842VLB1,0.029
A0A523TS31,0.029
A0A524D652,0.029
A0A524FA44,0.029
A0A497QCJ1,0.029
A0A850M515,0.029
A0A850LPD6,0.029
A0A5C9E2I4,0.029
A0A523XNT6,0.029
A0A7K4HIZ5,0.029
A0A524F8V4,0.029
A0A524DA58,0.029
A0A850MUC1,0.029
A0A524EMK6,0.029
A0A524EY92,0.029
A0A5C9EF51,0.029
A0A7K4GZE5,0.029
A0A850MG07,0.029
A0A497PU44,0.029
A0A524CAZ8,0.029
A0A850MJX0,0.029
A0A843BTU9,0.029
A0A7K4II25,0.029
A0A2E9CG54,0.029
A0A1Q9MW28,0.029
A0A850MC44,0.029
A0A842VFZ2,0.029
A0A524L879,0.029
A0A5B9D818,0.029
A0A5C9E6T5,0.029
A0A524EAB6,0.029
A0A842TJG7,0.029
A0A850MRK7,0.029
A0A524DAE6,0.029
A0A524DD64,0.029
A0A497QJR3,0.029
A0A3L6J884,0.029
A0A524NZJ0,0.029
A0A135VX81,0.029
A0A842S0N7,0.029
A0A524EHP7,0.029
A0A524EMF8,0.029
A0A1Q9NWU7,0.029
A0A842TP50,0.029
A0A524E331,0.029
A0A850LXH8,0.029
A0A0F8XPK1,0.029
A0A1Q9PAI5,0.029
A0A1Q9NL09,0.029
A0A1Q9NVY8,0.029
A0A5C9DTS4,0.029
A0A850MIK3,0.029
A0A524P5A8,0.028
A0A842SV09,0.028
A0A5C9E6F6,0.028
A0A842SZE5,0.028
A0A497QJC3,0.028
A0A7K4H5I7,0.028
A0A532T971,0.028
A0A1Q9NBE9,0.028
A0A523TJ02,0.028
A0A135VSA0,0.028
A0A850M196,0.028
A0A524CF75,0.028
A0A524P392,0.028
A0A850MR21,0.028
A0A524LLP6,0.028
A0A850MBK1,0.028
A0A842TFP7,0.028
A0A842WV04,0.028
A0A842VV28,0.028
A0A7K4IFV8,0.028
A0A842WSQ9,0.028
A0A524CLU8,0.028
A0A7K4GQ75,0.028
A0A7K4H4Y8,0.028
A0A843BRT0,0.028
A0A1Q9ND24,0.028
A0A497R7K1,0.028
A0A524CYW8,0.028
A0A7K4H7A8,0.028
A0A7K4GVW4,0.028
A0A524E9G3,0.028
A0A524CA10,0.028
A0A524C9P7,0.028
A0A524E8E3,0.028
A0A1Q9PC62,0.028
A0A7K4CZF7,0.028
A0A532TE45,0.028
A0A497PBC4,0.028
A0A1Q9MST1,0.028
A0A524G636,0.028
A0A524D2P2,0.028
A0A842VFF5,0.028
A0A842T2K5,0.028
A0A842U966,0.028
A0A135VBM9,0.028
A0A523RLI6,0.028
A0A524CZ77,0.028
A0A497PJL0,0.028
A0A7K4H5X6,0.028
A0A842VX91,0.028
A0A1Q9NW49,0.028
A0A842T9B6,0.028
A0A842QDG1,0.028
A0A524DRC9,0.028
A0A497Q2A9,0.028
A0A497PDP1,0.028
A0A7K4HJ33,0.028
A0A524CZ76,0.028
A0A524FT30,0.028
A0A524EM72,0.028
A0A5B9DCA0,0.028
A0A842U983,0.028
A0A524DG72,0.028
A0A842UDH3,0.028
A0A5B9D9N1,0.028
A0A7K4HAQ6,0.028
A0A843C6H6,0.028
A0A1Q9NKD2,0.028
A0A524F277,0.028
A0A5C9EGS3,0.028
A0A524F2G8,0.028
A0A850M6Q2,0.028
A0A1Q9MVI6,0.028
A0A5B9DCG8,0.028
A0A1Q9MYL8,0.028
A0A842V8P0,0.028
A0A842YCY3,0.028
A0A842RD77,0.028
A0A7K4IHH9,0.028
A0A497QXA1,0.028
A0A849Q6L5,0.028
A0A1Q9NBT6,0.028
A0A524FLN7,0.028
A0A1Q9NSY8,0.028
A0A5C9E2X1,0.028
A0A524DF75,0.028
A0A524CCL1,0.028
A0A842RF52,0.028
A0A7K4CPH0,0.028
A0A1Q9P3E6,0.028
A0A842W0B5,0.028
A0A524CX71,0.028
A0A497Q716,0.028
A0A1Q9MU90,0.028
A0A497PVE0,0.028
A0A0F8VBQ3,0.028
A0A842X0C0,0.028
A0A842YA80,0.028
A0A7K4ICY8,0.028
A0A842TMA4,0.028
A0A497PYY9,0.028
A0A842U9H7,0.028
A0A842T498,0.028
A0A497PW21,0.028
A0A842QBZ2,0.028
A0A1Q9PD59,0.028
A0A523S1C9,0.028
A0A524E8N3,0.028
A0A842VP89,0.028
A0A523REC9,0.028
A0A842VZS6,0.028
A0A524CBY9,0.028
A0A497Q2Z9,0.028
A0A1Q9MY61,0.028
A0A524CCP7,0.028
A0A5C9DUK0,0.028
A0A842T0S4,0.028
A0A524EFT2,0.028
A0A7K4CP55,0.028
A0A1Q9NEB4,0.028
A0A524DUQ5,0.028
A0A497PYA8,0.028
A0A524G5U8,0.028
A0A1Q9P6G6,0.028
A0A1Q9MYZ3,0.028
A0A850MCZ4,0.028
A0A523XQG6,0.028
A0A5C9EUX1,0.028
A0A0F8YB18,0.028
A0A842QHC2,0.028
A0A532TPW9,0.028
A0A524F049,0.028
A0A842QHN0,0.028
A0A524CSG8,0.028
A0A524LHE2,0.028
A0A524C2S6,0.028
A0A1Q9NFU1,0.028
A0A7K4HAQ4,0.028
A0A524DHR3,0.028
A0A1Q9MU28,0.028
A0A135VFI9,0.028
A0A5C9EQZ9,0.028
A0A524EPV1,0.028
A0A842TEV1,0.028
A0A842T3E6,0.028
A0A2U3CFT9,0.028
A0A523RC53,0.028
A0A842YDA2,0.028
A0A524EFK4,0.028
A0A842TKS3,0.028
A0A497Q9J8,0.028
A0A524D9Y4,0.028
A0A5C9ETW4,0.028
A0A3L6JN13,0.028
A0A532TQC0,0.028
A0A1Q9NUC3,0.028
A0A1Q9NDH5,0.028
A0A3L6JD85,0.028
A0A532TW97,0.028
A0A524EBR9,0.028
A0A850MLA0,0.028
A0A524EZS7,0.028
A0A524FDD7,0.028
A0A135VFZ9,0.028
A0A524CV20,0.028
A0A7K4GWJ8,0.028
A0A5B9D909,0.028
A0A7K4HHA2,0.028
A0A135VMR8,0.028
A0A850MQC1,0.028
A0A524EDI5,0.028
A0A524FDM8,0.028
A0A524L603,0.028
A0A3L6JJI4,0.028
A0A524EBD9,0.028
A0A1Q9MV96,0.028
A0A2U3CDP9,0.028
A0A849Q859,0.028
A0A7K4GM87,0.028
A0A497Q851,0.028
A0A524C7I4,0.028
A0A497PFM4,0.028
A0A532TMH3,0.028
A0A1Q9NZ75,0.028
A0A497QIK6,0.028
A0A523SEF5,0.028
A0A7K4GVY9,0.028
A0A1Q9NE13,0.028
A0A7K4IDV5,0.028
A0A850LPZ9,0.028
A0A135VVW8,0.028
A0A0F8VEL9,0.028
A0A7K4CX98,0.028
A0A0F8VJ86,0.028
A0A523RX47,0.028
A0A5B9DED4,0.028
A0A7K4CUJ3,0.028
A0A523S7C0,0.028
A0A1Q9NM00,0.028
A0A842R9L8,0.028
A0A524D9Z8,0.028
A0A843BS86,0.028
A0A7K4IIP5,0.028
A0A2U3CK97,0.028
A0A524G331,0.028
A0A850LY73,0.028
A0A524CCR3,0.028
A0A524CHB4,0.028
A0A842S7H5,0.028
A0A497QVS5,0.028
A0A842W0T9,0.028
A0A5C9DUP3,0.028
A0A524NYV1,0.028
A0A1Q9NLE8,0.028
A0A135VEW4,0.028
A0A850LQD0,0.028
A0A1Q9MVN2,0.028
A0A524DFM5,0.028
A0A532TKZ4,0.028
A0A2U3CFC5,0.028
A0A524DLF6,0.028
A0A1Q9NAD3,0.028
A0A5C9E5A6,0.028
A0A497RCH5,0.028
A0A524C574,0.028
A0A7K4GP56,0.028
A0A7K4GRK8,0.028
A0A497QKZ1,0.028
A0A842YG32,0.028
A0A2U3CD47,0.028
A0A7K4HFZ4,0.028
A0A3L6J968,0.028
A0A523R789,0.028
A0A1Q9P9A5,0.028
A0A1Q9MRE0,0.028
A0A532TP10,0.028
A0A849QF34,0.028
A0A850LX78,0.028
A0A135VM05,0.028
A0A524CT57,0.028
A0A524CKE0,0.028
A0A135VKA8,0.028
A0A524DFA7,0.028
A0A524CFX1,0.028
A0A524FFP6,0.028
A0A850LR66,0.028
A0A524M8M9,0.028
A0A532TGS7,0.028
A0A7K4GXQ9,0.028
A0A1Q9NX53,0.028
A0A1Q9NQ49,0.028
A0A524CMK9,0.028
A0A1Q9PBR1,0.028
A0A842TR81,0.028
A0A5B9DA85,0.028
A0A842QEB7,0.028
A0A524CZV9,0.028
A0A842VAY4,0.028
A0A524E8H5,0.028
A0A843BRM3,0.028
A0A135W0C7,0.028
A0A1Q9NT89,0.028
A0A7K4CWX1,0.028
A0A497Q1R6,0.028
A0A524DAV3,0.028
A0A0F8VFY3,0.028
A0A1Q9P1Z4,0.028
A0A1Q9NTP7,0.028
A0A524DHU9,0.028
A0A0F8XSU3,0.028
A0A850LWW0,0.028
A0A523RVB8,0.028
A0A842RKH8,0.028
A0A1Q9MS53,0.028
A0A524C2V8,0.028
A0A842VWT7,0.028
A0A3L6J9N0,0.028
A0A7K4HGA4,0.028
A0A497Q7M6,0.028
A0A5C9ECJ9,0.028
A0A1Q9NYC0,0.028
A0A7C0U8U3,0.028
A0A842RFY3,0.028
A0A497RHT6,0.028
A0A849Q5F4,0.028
A0A497RBY0,0.028
A0A842RRW6,0.028
A0A1Q9N4J5,0.028
A0A843BWZ1,0.028
A0A524LKF9,0.028
A0A524CK55,0.028
A0A842SYB9,0.028
A0A524CC30,0.028
A0A842WMS0,0.028
A0A7K4H1S4,0.028
A0A524FDJ3,0.028
A0A850LX63,0.028
A0A842VAJ7,0.028
A0A850M837,0.028
A0A850LVR6,0.028
A0A0F8VNI8,0.028
A0A1Q9NBU0,0.028
A0A850MDS5,0.028
A0A524D185,0.028
A0A523VUY3,0.028
A0A524EK60,0.028
A0A850LUV2,0.028
A0A7K4H414,0.028
A0A524LDV2,0.028
A0A523W0F3,0.028
A0A842WRT7,0.028
A0A842QG69,0.028
A0A524CJF4,0.028
A0A5B9DDX7,0.028
A0A524MDP4,0.028
A0A524LE84,0.028
A0A842TP51,0.028
A0A850LY26,0.028
A0A0F8V9G7,0.028
A0A524E408,0.028
A0A842TST6,0.028
A0A497QHR3,0.028
A0A524EBA1,0.028
A0A850MQ49,0.028
A0A7K4HFL7,0.028
A0A524DD09,0.028
A0A842VGE2,0.028
A0A1Q9NDS6,0.028
A0A842S203,0.028
A0A497Q5K5,0.028
A0A497PNS9,0.028
A0A849QKM1,0.028
A0A3L6J961,0.028
A0A497R115,0.028
A0A842VY36,0.028
A0A5C9E5W5,0.028
A0A524FU08,0.028
A0A524DKB6,0.028
A0A842QI44,0.028
A0A497P772,0.028
A0A7K4IBH6,0.028
A0A842TB01,0.028
A0A850MA50,0.028
A0A524EE64,0.028
A0A850MKJ3,0.028
A0A523VYM6,0.028
A0A2U3CIE3,0.028
A0A1Q9NXR4,0.028
A0A135VDR5,0.028
A0A497QGH3,0.028
A0A524G015,0.028
A0A524G7R1,0.028
A0A842RJT7,0.028
A0A1Q9PD95,0.028
A0A135VPX2,0.028
A0A523RFF9,0.028
A0A7K4D1H4,0.028
A0A1Q9PCD1,0.028
A0A7K4CN01,0.028
A0A850M4X3,0.028
A0A5C9EWY6,0.028
A0A5C9EFU6,0.028
A0A7K4HJZ2,0.028
A0A1Q9N116,0.028
A0A1Q9NBG4,0.028
A0A1Q9MU67,0.028
A0A524EMC5,0.028
A0A850MQL1,0.028
A0A842QET6,0.028
A0A842VAA8,0.028
A0A7C0U8P8,0.028
A0A850M8Q3,0.028
A0A1Q9N2M9,0.028
A0A5C9E9V5,0.028
A0A524FN92,0.028
A0A497QKG6,0.028
A0A524LZR6,0.028
A0A524D1I1,0.028
A0A2E9CGQ6,0.028
A0A497QI33,0.028
A0A842T390,0.028
A0A497Q7K2,0.028
A0A524EU95,0.028
A0A524DX95,0.028
A0A842SFW7,0.028
A0A850MJC3,0.028
A0A850LSK2,0.028
A0A524D9Y9,0.028
A0A842TN64,0.028
A0A524LX72,0.028
A0A524MH29,0.028
A0A3L6JHQ7,0.028
A0A842RJH1,0.028
A0A523XID2,0.028
A0A7K4H474,0.028
A0A842STY7,0.028
A0A842T2R9,0.028
A0A532T9Z7,0.028
A0A524M270,0.028
A0A842TF72,0.028
A0A524EBY2,0.028
A0A7K4GV77,0.028
A0A5B9D7N6,0.028
A0A842REV3,0.028
A0A524EZ12,0.028
A0A1Q9N2F2,0.028
A0A2U3CCZ4,0.028
A0A523S0I1,0.028
A0A850M3W3,0.028
A0A497QJW9,0.028
A0A524FAU0,0.028
A0A1Q9MZA7,0.028
A0A524G2B1,0.028
A0A2U3CH11,0.028
A0A497P989,0.028
A0A524FKU2,0.028
A0A850MQ41,0.028
A0A524FCU8,0.028
A0A842QCE8,0.028
A0A524LAR8,0.028
A0A524LML3,0.028
A0A842VLJ1,0.028
A0A5C9ESJ7,0.028
A0A5C9E5X3,0.028
A0A497PLL3,0.028
A0A524MC59,0.028
A0A1Q9NTK7,0.028
A0A5B9DFK6,0.028
A0A850MLM3,0.028
A0A497PUM1,0.028
A0A7K4CZX7,0.028
A0A850LXD2,0.028
A0A5C9ED66,0.028
A0A850M4B9,0.028
A0A2U3CD58,0.028
A0A7K4CR39,0.028
A0A842TQ11,0.028
A0A850MBS5,0.028
A0A849QEP5,0.028
A0A524DZH8,0.028
A0A842TC09,0.028
A0A1Q9NM50,0.028
A0A5C9E2F5,0.028
A0A523RMS9,0.028
A0A1Q9P1S4,0.028
A0A7K4HK37,0.028
A0A1Q9P956,0.028
A0A523XCC2,0.028
A0A7K4CSH2,0.028
A0A842RTG4,0.028
A0A842TDF8,0.028
A0A5C9ESI0,0.028
A0A524F487,0.028
A0A842YDD8,0.028
A0A524C936,0.028
A0A523RW97,0.028
A0A3L6JQN8,0.028
A0A842QCF4,0.028
A0A842U9C3,0.028
A0A1Q9NPR8,0.028
A0A135VM43,0.028
A0A524DS29,0.028
A0A523XD53,0.028
A0A0F8XNH8,0.028
A0A497QNA2,0.028
A0A0F8XKJ5,0.028
A0A497RFF8,0.028
A0A524LL75,0.028
A0A2U3CEM9,0.028
A0A523VZE9,0.028
A0A7K4H475,0.028
A0A842VH52,0.028
A0A523XDE4,0.028
A0A523VZG6,0.028
A0A843BUS2,0.028
A0A524CJS4,0.028
A0A842R7Y7,0.028
A0A523RU79,0.028
A0A524EH51,0.028
A0A850M3G3,0.028
A0A849QII5,0.028
A0A497PIK0,0.028
A0A524FKY8,0.028
A0A1Q9NZ38,0.028
A0A524CXA8,0.028
A0A7K4CRM9,0.028
A0A850LUU7,0.028
A0A135VYF0,0.028
A0A842RVI9,0.028
A0A842W4C8,0.028
A0A524C1R9,0.028
A0A524EW94,0.028
A0A524FFC0,0.028
A0A497PZN8,0.028
A0A524DWH5,0.028
A0A842U610,0.028
A0A497R0V1,0.028
A0A497Q2N3,0.028
A0A524D414,0.028
A0A7K4IBV4,0.028
A0A842TNX7,0.028
A0A524MDY7,0.028
A0A843BZN9,0.028
A0A842YBJ7,0.028
A0A5C9EMF5,0.028
A0A524P1P1,0.028
A0A524CL93,0.028
A0A497Q5N5,0.028
A0A524FRK9,0.028
A0A850M0I2,0.028
A0A7K4IE49,0.028
A0A497PBD7,0.028
A0A524DI89,0.028
A0A532TY51,0.028
A0A842VNY8,0.028
A0A850M714,0.028
A0A7K4CP46,0.028
A0A2E9CDC7,0.028
A0A135VYF8,0.028
A0A850M872,0.027
A0A524P324,0.027
A0A842U382,0.027
A0A1Q9NIQ0,0.027
A0A2U3CF90,0.027
A0A524F112,0.027
A0A842QD87,0.027
A0A842W417,0.027
A0A1Q9NPS8,0.027
A0A842RYV2,0.027
A0A842RKT4,0.027
A0A524F515,0.027
A0A1Q9NHV5,0.027
A0A850MIB5,0.027
A0A135VJZ3,0.027
A0A849Q7C1,0.027
A0A523S2P5,0.027
A0A497Q9Y0,0.027
A0A524DVY1,0.027
A0A524DXK3,0.027
A0A524LI51,0.027
A0A7K4I9Y9,0.027
A0A523XL34,0.027
A0A7K4H4D5,0.027
A0A524ED83,0.027
A0A524E049,0.027
A0A850LUK8,0.027
A0A5C9E3R0,0.027
A0A842RFY6,0.027
A0A524E320,0.027
A0A842RP31,0.027
A0A0F8V8H1,0.027
A0A524CJ80,0.027
A0A524F3M1,0.027
A0A523S3S4,0.027
A0A523RAM3,0.027
A0A842RNL5,0.027
A0A524FVZ9,0.027
A0A1Q9MQH6,0.027
A0A842RWM7,0.027
A0A842WN18,0.027
A0A5C9EAD7,0.027
A0A850LPR9,0.027
A0A1Q9N3T4,0.027
A0A842T9Y6,0.027
A0A524C757,0.027
A0A1Q9NBF4,0.027
A0A842TJU4,0.027
A0A1Q9P3F6,0.027
A0A842U4V6,0.027
A0A842VAP5,0.027
A0A842TPM4,0.027
A0A3L6JIV9,0.027
A0A1Q9MXZ8,0.027
A0A7K4GY90,0.027
A0A7K4CWB3,0.027
A0A524D0Q0,0.027
A0A524ELR2,0.027
A0A5C9DYG8,0.027
A0A135VTU7,0.027
A0A5C9EIX5,0.027
A0A497Q529,0.027
A0A842S289,0.027
A0A7K4H150,0.027
A0A523X9Y6,0.027
A0A532TXS7,0.027
A0A5C9EX72,0.027
A0A2U3CL31,0.027
A0A523RU45,0.027
A0A135VCG0,0.027
A0A850LRT7,0.027
A0A523TMJ3,0.027
A0A842R8S2,0.027
A0A5C9EQS9,0.027
A0A497QXZ3,0.027
A0A497R2Q4,0.027
A0A524FTF8,0.027
A0A842RKJ2,0.027
A0A5C9EC56,0.027
A0A524CU83,0.027
A0A524EHC4,0.027
A0A850MS95,0.027
A0A842TQ34,0.027
A0A1Q9NUX0,0.027
A0A5C9EWI3,0.027
A0A2U3CFQ4,0.027
A0A135VP80,0.027
A0A0F8YBW4,0.027
A0A842QE48,0.027
A0A524D9M3,0.027
A0A524FY26,0.027
A0A842RD21,0.027
A0A842YEI9,0.027
A0A5C9EX23,0.027
A0A842X055,0.027
A0A842VS82,0.027
A0A524DGJ4,0.027
A0A1Q9MZ19,0.027
A0A524ENX9,0.027
A0A7K4CWC5,0.027
A0A842QDT4,0.027
A0A524F8H3,0.027
A0A842RBQ1,0.027
A0A135VEG0,0.027
A0A7K4H706,0.027
A0A842YB50,0.027
A0A842WR12,0.027
A0A523SDB9,0.027
A0A0F8VNV4,0.027
A0A5B9DC02,0.027
A0A7K4ICP0,0.027
A0A842QHE2,0.027
A0A524CMS5,0.027
A0A842SC02,0.027
A0A842VSW7,0.027
A0A7K4CW52,0.027
A0A7K4CZU7,0.027
A0A524CC90,0.027
A0A524D0H1,0.027
A0A524CKQ0,0.027
A0A524E3S8,0.027
A0A1Q9MUA9,0.027
A0A7K4I9V7,0.027
A0A497PSJ1,0.027
A0A7K4CNG3,0.027
A0A524EEX7,0.027
A0A842YD21,0.027
A0A5C9ECE1,0.027
A0A850LU21,0.027
A0A842QE92,0.027
A0A0F8XQ42,0.027
A0A1Q9NPT3,0.027
A0A135VBE0,0.027
A0A497PMG1,0.027
A0A842TMB9,0.027
A0A524FBX9,0.027
A0A524C4L6,0.027
A0A524CUH7,0.027
A0A842S3G7,0.027
A0A532TYQ7,0.027
A0A524E3R0,0.027
A0A5C9EPI7,0.027
A0A842RAP2,0.027
A0A1Q9PG30,0.027
A0A0F8W0E1,0.027
A0A523TGT9,0.027
A0A7K4H9I4,0.027
A0A524CS83,0.027
A0A842RMZ8,0.027
A0A0F8YED6,0.027
A0A497QTM9,0.027
A0A842YE65,0.027
A0A842U6X7,0.027
A0A524DPU8,0.027
A0A842VIY6,0.027
A0A842TBZ9,0.027
A0A1Q9N2L1,0.027
A0A524M2W5,0.027
A0A135VU41,0.027
A0A850LZW0,0.027
A0A7K4IBJ3,0.027
A0A523RE69,0.027
A0A842TMX0,0.027
A0A497QKU6,0.027
A0A5B9DE00,0.027
A0A7K4GVT3,0.027
A0A850LQN6,0.027
A0A7K4HBV4,0.027
A0A524NT16,0.027
A0A524LKB2,0.027
A0A3L6J8M6,0.027
A0A497QYI6,0.027
A0A524G7A3,0.027
A0A1Q9NQ89,0.027
A0A3L6JG49,0.027
A0A7K4IBX0,0.027
A0A3L6J7B9,0.027
A0A524EK31,0.027
A0A843BXQ0,0.027
A0A842QDR0,0.027
A0A524CEU2,0.027
A0A850MQQ3,0.027
A0A524E5J6,0.027
A0A523REM9,0.027
A0A842U491,0.027
A0A524P6K8,0.027
A0A2U3CGX3,0.027
A0A842WQ40,0.027
A0A842S2C6,0.027
A0A524CGT8,0.027
A0A524NZ74,0.027
A0A524F3A6,0.027
A0A524FZ48,0.027
A0A1Q9MWS7,0.027
A0A1Q9P5M5,0.027
A0A135VX29,0.027
A0A842V756,0.027
A0A7K4GLP3,0.027
A0A524LJY2,0.027
A0A7K4D0Q2,0.027
A0A842S479,0.027
A0A1Q9NCP7,0.027
A0A0F8VNY4,0.027
A0A524EWZ7,0.027
A0A497Q743,0.027
A0A5C9ESY4,0.027
A0A842TIM3,0.027
A0A524D8M4,0.027
A0A842T101,0.027
A0A842YAF6,0.027
A0A524FFY5,0.027
A0A524P1P5,0.027
A0A524DTE6,0.027
A0A1Q9NWS2,0.027
A0A842WTS3,0.027
A0A524FP40,0.027
A0A842QGH0,0.027
A0A524DND3,0.027
A0A0F8YD15,0.027
A0A523W010,0.027
A0A524DZ62,0.027
A0A7K4HJ49,0.027
A0A524DAB4,0.027
A0A850MH83,0.027
A0A524D872,0.027
A0A5C9E9A6,0.027
A0A524FBT8,0.027
A0A7C0YBX7,0.027
A0A135VWF9,0.027
A0A497PZZ3,0.027
A0A3L6JQ36,0.027
A0A135VV15,0.027
A0A7K4CTP3,0.027
A0A7K4CQN8,0.027
A0A5C9ENT0,0.027
A0A497PGJ0,0.027
A0A5C9E2P9,0.027
A0A1Q9P5D3,0.027
A0A842RBT2,0.027
A0A497PMZ4,0.027
A0A1Q9NPN6,0.027
A0A7K4D0R6,0.027
A0A0F8VP83,0.027
A0A1Q9P3V3,0.027
A0A842U991,0.027
A0A842TLV3,0.027
A0A497QT17,0.027
A0A497PU18,0.027
A0A524L5L9,0.027
A0A842V9N8,0.027
A0A842VZQ0,0.027
A0A7K4H4F8,0.027
A0A1Q9MUP1,0.027
A0A842VEC4,0.027
A0A524F8U3,0.027
A0A524FJN1,0.027
A0A1Q9NA52,0.027
A0A497QJ30,0.027
A0A524E538,0.027
A0A2E9CEZ6,0.027
A0A1Q9NUD4,0.027
A0A524F4F5,0.027
A0A842QBS2,0.027
A0A850M4Z2,0.027
A0A524DIG7,0.027
A0A7K4CRI2,0.027
A0A135VH04,0.027
A0A524DGY2,0.027
A0A524CHI1,0.027
A0A850M8K1,0.027
A0A1Q9P1F0,0.027
A0A842QEC9,0.027
A0A1Q9NJX5,0.027
A0A842UC70,0.027
A0A842QH38,0.027
A0A842X361,0.027
A0A524CEW0,0.027
A0A5C9F356,0.027
A0A524CCU8,0.027
A0A842TFJ8,0.027
A0A524M7Q5,0.027
A0A1Q9NG10,0.027
A0A2U3CK48,0.027
A0A524EJK9,0.027
A0A849QJY7,0.027
A0A1Q9NGG5,0.027
A0A135VT88,0.027
A0A2U3CJJ5,0.027
A0A7K4CX31,0.027
A0A497Q6D4,0.027
A0A524CPP0,0.027
A0A1Q9NB17,0.027
A0A3L6JMT7,0.027
A0A523W4E4,0.027
A0A842QI01,0.027
A0A1Q9NMF7,0.027
A0A523R8C8,0.027
A0A524D2Z4,0.027
A0A843BT99,0.027
A0A524CYK7,0.027
A0A842VGR3,0.027
A0A524D6E0,0.027
A0A497PGC9,0.027
A0A5C9E4U0,0.027
A0A532TPW7,0.027
A0A850MI24,0.027
A0A842SAZ9,0.027
A0A5B9D9M8,0.027
A0A842RTW3,0.027
A0A842WPR6,0.027
A0A3L6JNX9,0.027
A0A524ELS8,0.027
A0A842RFG0,0.027
A0A7K4CTC3,0.027
A0A7K4HJW4,0.027
A0A842RWW6,0.027
A0A5C9ELN7,0.027
A0A850MJB0,0.027
A0A135VUT8,0.027
A0A532TBB6,0.027
A0A524FAM3,0.027
A0A524G1J2,0.027
A0A5B9DBH9,0.027
A0A497PNJ4,0.027
A0A842SEM2,0.027
A0A2U3CH46,0.027
A0A532T7J4,0.027
A0A842QCN1,0.027
A0A497QXT3,0.027
A0A843C2T0,0.027
A0A524CBV6,0.027
A0A1Q9PC75,0.027
A0A842RN62,0.027
A0A524GAW8,0.027
A0A850MG33,0.027
A0A532TJR6,0.027
A0A497PC24,0.027
A0A523S5S0,0.027
A0A497Q036,0.027
A0A524E123,0.027
A0A1Q9P672,0.027
A0A5C9EGJ1,0.027
A0A524FQP1,0.027
A0A842WLX6,0.027
A0A842WMK9,0.027
A0A1Q9MU64,0.027
A0A850LSC3,0.027
A0A532TMD6,0.027
A0A7K4CYG1,0.027
A0A524DJA1,0.027
A0A842TA79,0.027
A0A1Q9MQI0,0.027
A0A524P0Q9,0.027
A0A524G7K0,0.027
A0A523RKN0,0.027
A0A842Y9K8,0.027
A0A524DY71,0.027
A0A842TAI4,0.027
A0A524DYL0,0.027
A0A5B9D7S2,0.027
A0A842VR30,0.027
A0A524DJ00,0.027
A0A1Q9P473,0.027
A0A2U3CBR9,0.027
A0A842SB25,0.027
A0A532TI52,0.027
A0A524FW01,0.027
A0A524CYZ6,0.027
A0A1Q9MY06,0.027
A0A524DW88,0.027
A0A523RA82,0.027
A0A523RBS4,0.027
A0A842TFT2,0.027
A0A842RDJ5,0.027
A0A7K4GT74,0.027
A0A1Q9NBC7,0.027
A0A842VYI6,0.027
A0A842VJN9,0.027
A0A524DHJ3,0.027
A0A842SUC4,0.027
A0A3L6JL41,0.027
A0A1Q9NXB7,0.027
A0A497QRM2,0.027
A0A524FUY0,0.027
A0A524NRQ9,0.027
A0A1Q9P714,0.027
A0A524DIW4,0.027
A0A524C8A1,0.027
A0A850LV19,0.027
A0A842RH83,0.027
A0A842RIF0,0.027
A0A532TJD7,0.027
A0A842T3G7,0.027
A0A1Q9P300,0.027
A0A523SD91,0.027
A0A850LPM1,0.027
A0A5C9E9R3,0.027
A0A7K4H0B8,0.027
A0A524FSR0,0.027
A0A135VYU6,0.027
A0A524GA69,0.027
A0A524FFK4,0.027
A0A524C387,0.027
A0A850LZ81,0.027
A0A7K4GRY5,0.027
A0A1Q9NVJ7,0.027
A0A1Q9MU56,0.027
A0A5B9DA43,0.027
A0A7K4GM77,0.027
A0A523S107,0.027
A0A5C9EMP5,0.027
A0A7K4GKR9,0.027
A0A842VPC9,0.027
A0A524MKY9,0.027
A0A5C9EJQ4,0.027
A0A497QUD5,0.027
A0A842RUW9,0.027
A0A5C9EZ15,0.027
A0A524DBB5,0.027
A0A5B9DGD4,0.027
A0A524CIY8,0.027
A0A1Q9NI17,0.027
A0A5C9EHK5,0.027
A0A842TFZ4,0.027
A0A524EN44,0.027
A0A135VN37,0.027
A0A5B9DDD3,0.027
A0A1Q9NGD1,0.027
A0A1Q9N2X9,0.027
A0A5C9ESH2,0.027
A0A842RKZ3,0.027
A0A524DHE1,0.027
A0A7K4GXP5,0.027
A0A842RAH2,0.027
A0A524FFZ9,0.027
A0A7K4I9P4,0.027
A0A7K4CQC9,0.027
A0A497QXL7,0.027
A0A842U2N4,0.027
A0A497Q7K6,0.027
A0A842UAT5,0.027
A0A5B9DFZ1,0.027
A0A135VGI7,0.027
A0A7K4GYN5,0.027
A0A850LRQ9,0.027
A0A849Q8U6,0.027
A0A7C0U996,0.027
A0A523XPK1,0.027
A0A524FNA3,0.027
A0A524E372,0.027
A0A523RN13,0.027
A0A524FBT0,0.027
A0A524DH03,0.027
A0A523VNR5,0.027
A0A842TG11,0.027
A0A524EAX8,0.027
A0A135VIE0,0.027
A0A135VEM6,0.027
A0A524G6K3,0.027
A0A524DG27,0.027
A0A1Q9NZB6,0.027
A0A524DS24,0.027
A0A842UDH1,0.027
A0A524F9S3,0.027
A0A1Q9N267,0.027
A0A524F5E4,0.027
A0A7K4CR86,0.027
A0A524FIE7,0.027
A0A135VPA8,0.027
A0A524G8Z8,0.027
A0A0F8Y9M8,0.027
A0A523S434,0.027
A0A524D8E2,0.027
A0A135VFY9,0.027
A0A842QDN9,0.027
A0A523S805,0.027
A0A842QBJ0,0.027
A0A1Q9MVV7,0.026
A0A524F057,0.026
A0A532TFB8,0.026
A0A135VSZ3,0.026
A0A523S1A6,0.026
A0A524CD40,0.026
A0A524EBR4,0.026
A0A497QE92,0.026
A0A842TCL5,0.026
A0A842THD3,0.026
A0A524C7K0,0.026
A0A7K4D1Z0,0.026
A0A850LSD4,0.026
A0A850M0N6,0.026
A0A524E170,0.026
A0A2U3CC86,0.026
A0A842WQ43,0.026
A0A3L6JRY7,0.026
A0A842TQ14,0.026
A0A842TKE8,0.026
A0A1Q9NK55,0.026
A0A524C2Q0,0.026
A0A135VGC7,0.026
A0A5B9DC71,0.026
A0A1Q9MQH4,0.026
A0A497P9U3,0.026
A0A842VI36,0.026
A0A5C9F080,0.026
A0A2U3CIQ0,0.026
A0A497P8M1,0.026
A0A0F8XG18,0.026
A0A524E136,0.026
A0A135VX03,0.026
A0A497QY81,0.026
A0A842QGN3,0.026
A0A1Q9NUI3,0.026
A0A5C9EAY6,0.026
A0A3L6JBT1,0.026
A0A1Q9NB14,0.026
A0A524D2M6,0.026
A0A497QC51,0.026
A0A135VUA3,0.026
A0A532THK9,0.026
A0A843BQY2,0.026
A0A7K4GS54,0.026
A0A842TAC9,0.026
A0A497P7H3,0.026
A0A497QJI3,0.026
A0A842U6F9,0.026
A0A524DUL1,0.026
A0A7K4H4N2,0.026
A0A524FB34,0.026
A0A2E9CCV9,0.026
A0A524DHU3,0.026
A0A1Q9P8A9,0.026
A0A1Q9NL66,0.026
A0A524DQ73,0.026
A0A524FP30,0.026
A0A524CLA0,0.026
A0A3L6JCX7,0.026
A0A842S2B1,0.026
A0A5C9E121,0.026
A0A532TCZ2,0.026
A0A842TDQ9,0.026
A0A524LG13,0.026
A0A5B9DDB2,0.026
A0A497PB19,0.026
A0A524G836,0.026
A0A3L6JGG3,0.026
A0A7K4HKA9,0.026
A0A850MH17,0.026
A0A5C9DZK3,0.026
A0A524D1L7,0.026
A0A523W103,0.026
A0A524LVZ6,0.026
A0A135VAH0,0.026
A0A524E890,0.026
A0A7K4HI78,0.026
A0A3L6JKT6,0.026
A0A842TJW3,0.026
A0A524E5S0,0.026
A0A524EJ07,0.026
A0A524C5U5,0.026
A0A524EYD8,0.026
A0A842YBN2,0.026
A0A1Q9NS90,0.026
A0A1Q9NC80,0.026
A0A524E1F4,0.026
A0A524LDS5,0.026
A0A497QHG8,0.026
A0A842WY03,0.026
A0A524EL63,0.026
A0A2U3CKG6,0.026
A0A524DSE3,0.026
A0A2E9CDD5,0.026
A0A7K4H5R0,0.026
A0A842QHJ8,0.026
A0A0F8XMV2,0.026
A0A532TKM9,0.026
A0A1Q9NKS4,0.026
A0A524DT84,0.026
A0A843BVS2,0.026
A0A523RUT0,0.026
A0A524EJ70,0.026
A0A1Q9NE11,0.026
A0A1Q9P1M8,0.026
A0A850M748,0.026
A0A842RY44,0.026
A0A5B9DE28,0.026
A0A135VD61,0.026
A0A5C9ED30,0.026
A0A1Q9P555,0.026
A0A524DBZ5,0.026
A0A523RYT2,0.026
A0A524MBD8,0.026
A0A1Q9N1N5,0.026
A0A7K4CWF8,0.026
A0A842VBV0,0.026
A0A850MHY0,0.026
A0A7K4GWN6,0.026
A0A7K4CP74,0.026
A0A842W2R5,0.026
A0A5B9DH58,0.026
A0A842RWC6,0.026
A0A842RQI7,0.026
A0A524DA06,0.026
A0A850MF23,0.026
A0A842TC87,0.026
A0A524D0E2,0.026
A0A1Q9NZA6,0.026
A0A1Q9NPW1,0.026
A0A7K4GUB0,0.026
A0A7C0YB41,0.026
A0A7K4HJ23,0.026
A0A523S2U4,0.026
A0A1Q9PCF5,0.026
A0A524DJR5,0.026
A0A524D4G7,0.026
A0A497PZS1,0.026
A0A842YD08,0.026
A0A849QFQ9,0.026
A0A497Q5B2,0.026
A0A842YA57,0.026
A0A0F8W2K1,0.026
A0A524E6K3,0.026
A0A5C9EGX9,0.026
A0A7K4IB20,0.026
A0A7K4CP13,0.026
A0A1Q9NH30,0.026
A0A524FHA6,0.026
A0A842S7F2,0.026
A0A5C9DXC9,0.026
A0A135VGV3,0.026
A0A842WNI6,0.026
A0A524FHD2,0.026
A0A135VP87,0.026
A0A850MPX7,0.026
A0A1Q9P5I0,0.026
A0A842W3Z8,0.026
A0A842W1U3,0.026
A0A842TD93,0.026
A0A7K4GLU6,0.026
A0A5C9F032,0.026
A0A524FJ05,0.026
A0A2U3CBJ1,0.026
A0A524LEB9,0.026
A0A524FII5,0.026
A0A7K4GZ46,0.026
A0A3L6JPM6,0.026
A0A524F668,0.026
A0A1Q9NW24,0.026
A0A5C9ER93,0.026
A0A524E856,0.026
A0A842VHA0,0.026
A0A850MB93,0.026
A0A524FJQ7,0.026
A0A524FXT9,0.026
A0A5C9E015,0.026
A0A523TRR1,0.026
A0A2U3CE50,0.026
A0A135VXH6,0.026
A0A497Q5V7,0.026
A0A1Q9NHF0,0.026
A0A524DDM0,0.026
A0A7K4HAF9,0.026
A0A524F3B5,0.026
A0A7K4IAM3,0.026
A0A532TE79,0.026
A0A842T3L4,0.026
A0A5B9D5W7,0.026
A0A842QF98,0.026
A0A524CHN6,0.026
A0A497QPG1,0.026
A0A524DBU5,0.026
A0A1Q9MVR2,0.026
A0A532TYQ6,0.026
A0A5C9EGT4,0.026
A0A523X7P8,0.026
A0A524CB17,0.026
A0A842S627,0.026
A0A524FR54,0.026
A0A2U3CCT4,0.026
A0A523S0E3,0.026
A0A5C9DXP3,0.026
A0A842QHC1,0.026
A0A524LMX5,0.026
A0A0F8Y1V5,0.026
A0A524DTP7,0.026
A0A532TK80,0.026
A0A1Q9NZI3,0.026
A0A524EWB1,0.026
A0A497QIM8,0.026
A0A5C9ECV6,0.026
A0A523TJW1,0.026
A0A842RB57,0.026
A0A842TDD2,0.026
A0A1Q9NLQ6,0.026
A0A849QJK2,0.026
A0A5C9EA99,0.026
A0A523SDQ8,0.026
A0A3L6JQQ7,0.026
A0A842TDR6,0.026
A0A0F8VNQ1,0.026
A0A524CIR1,0.026
A0A7K4HFC7,0.026
A0A2U3CD39,0.026
A0A1Q9NTF2,0.026
A0A842QIK9,0.026
A0A5C9E173,0.026
A0A524E844,0.026
A0A524LC36,0.026
A0A1Q9MTW0,0.026
A0A850LWW6,0.026
A0A5C9EL19,0.026
A0A523W4D6,0.026
A0A524CHZ5,0.026
A0A524CM44,0.026
A0A524E213,0.026
A0A3L6JNQ5,0.026
A0A842TJ51,0.026
A0A850LSX2,0.026
A0A524GA79,0.026
A0A523XID3,0.026
A0A842S1Q7,0.026
A0A850M079,0.026
A0A135VJJ3,0.026
A0A497PW23,0.026
A0A7K4IEQ6,0.026
A0A524EM63,0.026
A0A842VCH1,0.026
A0A497PSL8,0.026
A0A7K4CP49,0.026
A0A524FHJ0,0.026
A0A850LUQ4,0.026
A0A842WM02,0.026
A0A5C9EGB3,0.026
A0A524CT26,0.026
A0A3L6JEE8,0.026
A0A3L6JJA6,0.026
A0A842VPV1,0.026
A0A3L6JEX5,0.026
A0A524ENV9,0.026
A0A497QIF1,0.026
A0A7K4HHY4,0.026
A0A850M208,0.026
A0A524ELG7,0.026
A0A497Q6S9,0.026
A0A850MRY8,0.026
A0A850MWC1,0.026
A0A843BZ00,0.026
A0A849QE21,0.026
A0A497QKI8,0.026
A0A842T8Y9,0.026
A0A497QUZ8,0.026
A0A1Q9NFN1,0.026
A0A5B9DEK5,0.026
A0A850M862,0.026
A0A524D995,0.026
A0A850M620,0.026
A0A7C0U8T7,0.026
A0A842QB66,0.026
A0A842X0K1,0.026
A0A524E7U3,0.026
A0A497R967,0.026
A0A7K4CPK5,0.026
A0A850LTF2,0.026
A0A523VTN7,0.026
A0A1Q9P3L1,0.026
A0A524E111,0.026
A0A7K4H9W3,0.026
A0A1Q9MWS3,0.026
A0A1Q9MVT9,0.026
A0A7K4CMP2,0.026
A0A1Q9P8W4,0.026
A0A850M2A0,0.026
A0A7K4GQA9,0.026
A0A524EF46,0.026
A0A135VJM4,0.026
A0A842QK53,0.026
A0A842VW87,0.026
A0A524FP25,0.026
A0A524CZS2,0.026
A0A842RZQ2,0.026
A0A842VD91,0.026
A0A1Q9PFU4,0.026
A0A524E209,0.026
A0A7K4HDQ2,0.026
A0A524DI58,0.026
A0A5C9DZD5,0.026
A0A1Q9NCH0,0.026
A0A842YA66,0.026
A0A7K4IGU8,0.026
A0A524ENG5,0.026
A0A843BSM4,0.026
A0A5C9E3U6,0.026
A0A5C9E8R7,0.026
A0A1Q9NMY6,0.026
A0A524E147,0.026
A0A7K4IAT2,0.026
A0A524E2C8,0.026
A0A497QGL7,0.026
A0A524D5L4,0.026
A0A1Q9NR34,0.026
A0A1Q9P1K9,0.026
A0A842VIL8,0.026
A0A842WM79,0.026
A0A842TL10,0.026
A0A532TRS7,0.026
A0A523TAU5,0.026
A0A5C9E2X9,0.026
A0A5C9ENW1,0.026
A0A497QS41,0.026
A0A524E0I1,0.026
A0A7C0YBH4,0.026
A0A523X8N9,0.026
A0A5C9E8Z8,0.026
A0A7K4IHD6,0.026
A0A135VFZ5,0.026
A0A3L6J778,0.026
A0A1Q9N193,0.026
A0A523S9B9,0.026
A0A5B9DDV0,0.026
A0A524LP31,0.026
A0A850MIA9,0.026
A0A7K4IES9,0.026
A0A524D4T0,0.026
A0A5B9DF28,0.026
A0A524LZG7,0.026
A0A524DD74,0.026
A0A1Q9NY35,0.026
A0A849QFW6,0.026
A0A842RML5,0.026
A0A842TG51,0.026
A0A0F8XEV7,0.026
A0A7K4H2D5,0.026
A0A0F8VP72,0.026
A0A850M661,0.026
A0A523VNI6,0.026
A0A843BUD8,0.026
A0A850LZC7,0.026
A0A842WTH7,0.026
A0A850M2Y5,0.026
A0A5C9EEP4,0.026
A0A524FVU9,0.026
A0A497QBH0,0.026
A0A0F8YCD5,0.026
A0A497QMQ5,0.026
A0A523TS19,0.026
A0A842WYJ6,0.026
A0A523RW90,0.026
A0A7K4GZM7,0.026
A0A524FP29,0.026
A0A842RRI0,0.026
A0A524EKM6,0.026
A0A524F2C1,0.026
A0A524G0E5,0.026
A0A532TC85,0.026
A0A1Q9MW78,0.026
A0A2E9CE65,0.026
A0A842VXA0,0.026
A0A849QE57,0.026
A0A5B9DFB4,0.026
A0A3L6JKB8,0.026
A0A524FJ78,0.026
A0A524EHB3,0.026
A0A523RX00,0.026
A0A524E650,0.026
A0A842WPZ2,0.026
A0A7K4H2S4,0.026
A0A524DUJ1,0.026
A0A135VFZ7,0.026
A0A1Q9N4E5,0.026
A0A5C9EAJ7,0.026
A0A135VNL4,0.026
A0A524E6R3,0.026
A0A497QW97,0.026
A0A524D475,0.026
A0A7K4CNL9,0.026
A0A7K4CX78,0.026
A0A842VW09,0.026
A0A842T861,0.026
A0A7K4HHW9,0.026
A0A524CVD1,0.026
A0A497QB56,0.026
A0A523RH02,0.026
A0A524M4P8,0.026
A0A5B9D7A5,0.026
A0A1Q9PAE1,0.026
A0A842W6F5,0.026
A0A7K4H6G2,0.026
A0A524L5Z1,0.026
A0A7K4IF37,0.026
A0A842VFX2,0.026
A0A524CAA5,0.026
A0A497QJ16,0.026
A0A842WMX4,0.026
A0A524P8U6,0.026
A0A523VQX3,0.026
A0A524E4B1,0.026
A0A524LED2,0.026
A0A524LZP0,0.026
A0A524F1H7,0.026
A0A524FZ29,0.026
A0A497RDZ0,0.026
A0A524DT96,0.026
A0A1Q9PBG9,0.026
A0A842VI83,0.026
A0A5B9D737,0.026
A0A524F8M4,0.026
A0A5C9E3H9,0.026
A0A842RZ61,0.026
A0A850MFG5,0.026
A0A497QM51,0.026
A0A524FES0,0.026
A0A523RDU8,0.026
A0A523RWS2,0.026
A0A7C0U8J0,0.026
A0A850M440,0.026
A0A524CP32,0.026
A0A0F8VLG4,0.026
A0A3L6JB23,0.026
A0A532TSP3,0.026
A0A524M6V6,0.026
A0A524FL92,0.026
A0A524CZ92,0.026
A0A5C9ES93,0.026
A0A497PAH6,0.026
A0A524EHC9,0.026
A0A524EFK1,0.026
A0A842QDU4,0.026
A0A497PTB0,0.026
A0A3L6JLF0,0.026
A0A524F810,0.026
A0A523TKF3,0.026
A0A842YHS0,0.026
A0A524DWF6,0.026
A0A7K4IBM8,0.026
A0A3L6JKF8,0.026
A0A524DP22,0.026
A0A842WWC6,0.026
A0A842TKN0,0.026
A0A524EX26,0.026
A0A524EFU0,0.026
A0A842T3F9,0.026
A0A1Q9PAB8,0.026
A0A497QHA1,0.026
A0A842T524,0.026
A0A524CBB9,0.026
A0A7K4GUX4,0.026
A0A524P3C6,0.026
A0A1Q9NZ89,0.026
A0A524CU69,0.026
A0A497PPW6,0.026
A0A1Q9MV63,0.026
A0A523TC46,0.026
A0A7K4GLM5,0.025
A0A497PUQ1,0.025
A0A524C9F5,0.025
A0A1Q9MTG9,0.025
A0A1Q9MVC5,0.025
A0A1Q9PFM7,0.025
A0A842S6I7,0.025
A0A497QEL2,0.025
A0A523X657,0.025
A0A524CUX8,0.025
A0A842QBK6,0.025
A0A524LMI4,0.025
A0A1Q9MQQ5,0.025
A0A5C9EBU4,0.025
A0A497PBH5,0.025
A0A842STN0,0.025
A0A1Q9NHK8,0.025
A0A497Q4U4,0.025
A0A135VI96,0.025
A0A524D407,0.025
A0A850MRQ4,0.025
A0A842WQV4,0.025
A0A850MSJ6,0.025
A0A7K4CT56,0.025
A0A850MHQ1,0.025
A0A5C9E366,0.025
A0A524D0Y4,0.025
A0A497Q6I0,0.025
A0A0F8XL63,0.025
A0A524D8D8,0.025
A0A7K4II57,0.025
A0A5B9DFB7,0.025
A0A497QB90,0.025
A0A7K4CRB4,0.025
A0A842TEN1,0.025
A0A5C9EQ83,0.025
A0A524D4J4,0.025
A0A523RGG7,0.025
A0A842TSC6,0.025
A0A3L6J7P1,0.025
A0A3L6JK80,0.025
A0A850M2P7,0.025
A0A842WQF4,0.025
A0A843C6T6,0.025
A0A7K4GR89,0.025
A0A7K4H8F2,0.025
A0A524FUU3,0.025
A0A497QLV9,0.025
A0A842S3F4,0.025
A0A523S2J3,0.025
A0A842RZW8,0.025
A0A135VRX9,0.025
A0A7K4GPN9,0.025
A0A135VG54,0.025
A0A523VVC2,0.025
A0A850LZA3,0.025
A0A1Q9NKP0,0.025
A0A1Q9PCP5,0.025
A0A7K4GS10,0.025
A0A524FH43,0.025
A0A7K4IG61,0.025
A0A523VYY8,0.025
A0A523RI47,0.025
A0A497PS97,0.025
A0A1Q9NVB5,0.025
A0A524GAC0,0.025
A0A5C9E9B4,0.025
A0A1Q9P776,0.025
A0A524EYS8,0.025
A0A1Q9N1V7,0.025
A0A524E305,0.025
A0A524EMF3,0.025
A0A850MI78,0.025
A0A524DLN8,0.025
A0A842T671,0.025
A0A5C9E9V9,0.025
A0A524MCX4,0.025
A0A524NX05,0.025
A0A1Q9P0L0,0.025
A0A842UE53,0.025
A0A524C8H9,0.025
A0A524D677,0.025
A0A524FP37,0.025
A0A532THY2,0.025
A0A524CGQ6,0.025
A0A497Q0X0,0.025
A0A1Q9N3N3,0.025
A0A0F8VLN1,0.025
A0A850LYD4,0.025
A0A843C6Q9,0.025
A0A532TYU1,0.025
A0A1Q9NXK0,0.025
A0A497QLG1,0.025
A0A497QHN5,0.025
A0A497PGT1,0.025
A0A850M9E1,0.025
A0A0F8XKZ6,0.025
A0A497RF50,0.025
A0A1Q9P0W8,0.025
A0A7C0U861,0.025
A0A7K4GQV4,0.025
A0A850MIW0,0.025
A0A1Q9NBM9,0.025
A0A523SBZ4,0.025
A0A0F8XVV1,0.025
A0A532TI36,0.025
A0A524EBN6,0.025
A0A842S4M4,0.025
A0A524LHB6,0.025
A0A7K4GWV1,0.025
A0A842TVG7,0.025
A0A7K4GQQ5,0.025
A0A842VCJ4,0.025
A0A7K4HL65,0.025
A0A523W063,0.025
A0A497QFL5,0.025
A0A524EH25,0.025
A0A523X9C4,0.025
A0A497PMS6,0.025
A0A497QML3,0.025
A0A842WW13,0.025
A0A1Q9N1U3,0.025
A0A1Q9P4L2,0.025
A0A842T613,0.025
A0A850LSA8,0.025
A0A850M4B2,0.025
A0A497QMM8,0.025
A0A2E9CE49,0.025
A0A2U3CH25,0.025
A0A524EED7,0.025
A0A524F7F7,0.025
A0A842VNU1,0.025
A0A5C9ENL5,0.025
A0A524DKW6,0.025
A0A842VLG6,0.025
A0A842WUB4,0.025
A0A497QZQ9,0.025
A0A5C9ED24,0.025
A0A524DXJ8,0.025
A0A7K4IA78,0.025
A0A842SYS6,0.025
A0A5C9EM83,0.025
A0A0F8VKU6,0.025
A0A524LB35,0.025
A0A523RKK9,0.025
A0A0F8V8F5,0.025
A0A524D1L3,0.025
A0A842WRB9,0.025
A0A524F4X9,0.025
A0A524EFW4,0.025
A0A7K4CZT1,0.025
A0A524FU41,0.025
A0A524LC96,0.025
A0A842W1X5,0.025
A0A850M026,0.025
A0A497RFB0,0.025
A0A5C9ENS3,0.025
A0A524MGI7,0.025
A0A850LXC8,0.025
A0A7K4HF84,0.025
A0A849QE59,0.025
A0A7K4D104,0.025
A0A523SA28,0.025
A0A524E835,0.025
A0A524EEN6,0.025
A0A524DFK9,0.025
A0A5C9DZF7,0.025
A0A3L6JP67,0.025
A0A850LTE7,0.025
A0A843BSJ5,0.025
A0A135VM48,0.025
A0A842WXE6,0.025
A0A1Q9NQM3,0.025
A0A1Q9NYI7,0.025
A0A135VJT0,0.025
A0A524CFC9,0.025
A0A850MFA4,0.025
A0A5C9EM36,0.025
A0A497P8Z3,0.025
A0A842W454,0.025
A0A0F8VDG7,0.025
A0A5C9EAG5,0.025
A0A524C9L6,0.025
A0A1Q9P912,0.025
A0A842RHU2,0.025
A0A497PNI0,0.025
A0A0F8W9P2,0.025
A0A1Q9N2Z9,0.025
A0A1Q9NWI7,0.025
A0A523W4B5,0.025
A0A524EQ55,0.025
A0A524E1J7,0.025
A0A497P7S7,0.025
A0A7K4GW19,0.025
A0A7K4IFK5,0.025
A0A7K4HCS5,0.025
A0A1Q9N9X9,0.025
A0A524MAM8,0.025
A0A842RD88,0.025
A0A849QEN1,0.025
A0A850LWN3,0.025
A0A7K4HK44,0.025
A0A850MPV3,0.025
A0A497R444,0.025
A0A842YFF5,0.025
A0A0F8VQE3,0.025
A0A842T8C7,0.025
A0A1Q9N147,0.025
A0A842YC73,0.025
A0A524FGL9,0.025
A0A842RAI0,0.025
A0A850M3Q1,0.025
A0A842RWM1,0.025
A0A842QLQ8,0.025
A0A7C0YAN5,0.025
A0A850MBM5,0.025
A0A524FF61,0.025
A0A524F5G0,0.025
A0A842S8V5,0.025
A0A850LTI9,0.025
A0A497P971,0.025
A0A1Q9NXP0,0.025
A0A524D8U4,0.025
A0A1Q9NKA7,0.025
A0A524C3C9,0.025
A0A842VRS4,0.025
A0A523X4U8,0.025
A0A5B9DBK6,0.025
A0A524F109,0.025
A0A5C9DZ07,0.025
A0A524E4D1,0.025
A0A842U8V9,0.025
A0A842W1K8,0.025
A0A524EM88,0.025
A0A3L6JBY1,0.025
A0A135VC10,0.025
A0A135VC72,0.025
A0A523VP48,0.025
A0A842VVK9,0.025
A0A524G8E2,0.025
A0A842RJL4,0.025
A0A5B9D9K1,0.025
A0A0F8Y9Z2,0.025
A0A524P2U0,0.025
A0A5C9EFL8,0.025
A0A524D3G2,0.025
A0A842RTB5,0.025
A0A497PPX1,0.025
A0A842TKZ6,0.025
A0A497PV39,0.025
A0A849Q7S0,0.025
A0A842VUR4,0.025
A0A524D5F4,0.025
A0A524D7K3,0.025
A0A524F9E7,0.025
A0A850LUI7,0.025
A0A524FDF6,0.025
A0A524FNI4,0.025
A0A497R9K2,0.025
A0A1Q9NYX9,0.025
A0A7K4GND1,0.025
A0A524F0D8,0.025
A0A135VBV5,0.025
A0A1Q9NE69,0.025
A0A524ES26,0.025
A0A842VTI7,0.025
A0A497R0C9,0.025
A0A2U3CC66,0.025
A0A1Q9MYQ5,0.025
A0A524CHA1,0.025
A0A850M4R6,0.025
A0A1Q9P7C3,0.025
A0A524D5P2,0.025
A0A842VDW7,0.025
A0A523VPV2,0.025
A0A524LQY2,0.025
A0A1Q9P301,0.025
A0A850LQN8,0.025
A0A524E7I8,0.025
A0A850MBD6,0.025
A0A135VHC8,0.025
A0A135VUA0,0.025
A0A497PM18,0.025
A0A523RDX8,0.025
A0A842V8I8,0.025
A0A7K4H129,0.025
A0A842T1H5,0.025
A0A524E7M8,0.025
A0A1Q9N8N6,0.025
A0A135VK85,0.025
A0A850M9H1,0.025
A0A497QHB5,0.025
A0A842RBG2,0.025
A0A842TF75,0.025
A0A524CP05,0.025
A0A5C9E357,0.025
A0A850LUG6,0.025
A0A532TY23,0.025
A0A1Q9NWD2,0.025
A0A135VV99,0.025
A0A7K4HG91,0.025
A0A135VWI2,0.025
A0A7K4H934,0.025
A0A850MI95,0.025
A0A524FJY7,0.025
A0A1Q9N4A5,0.025
A0A524MJL1,0.025
A0A524FKM1,0.025
A0A497PX25,0.025
A0A5C9DZ75,0.025
A0A5C9EPB6,0.025
A0A3L6J838,0.025
A0A842QIW0,0.025
A0A524DAZ0,0.025
A0A842T0U1,0.025
A0A497PS55,0.025
A0A532TJ30,0.025
A0A135VFD8,0.025
A0A2E9CEJ0,0.025
A0A135VKX1,0.025
A0A5B9DD34,0.025
A0A532TNG0,0.025
A0A843BY35,0.025
A0A842VQ09,0.025
A0A524FAB1,0.025
A0A524F6N8,0.025
A0A842RZF9,0.025
A0A524EZG7,0.025
A0A850MBR8,0.025
A0A3L6JR69,0.025
A0A842R7Q7,0.025
A0A524EK42,0.025
A0A524E137,0.025
A0A3L6J6J9,0.025
A0A5C9E875,0.025
A0A850LWN2,0.025
A0A524FWI2,0.025
A0A532TVR0,0.025
A0A5C9EIG7,0.025
A0A524DFD8,0.025
A0A850LTY7,0.025
A0A1Q9P0P9,0.025
A0A524CUS1,0.025
A0A524CP62,0.025
A0A523TF75,0.025
A0A0F8VJF0,0.025
A0A524NS59,0.025
A0A850MGD6,0.025
A0A524E4F0,0.025
A0A5B9D9H5,0.025
A0A497QHG5,0.025
A0A842U8I6,0.025
A0A524F3A2,0.025
A0A842TFV2,0.025
A0A850LVU7,0.025
A0A842RQT4,0.025
A0A850LXP5,0.025
A0A497QS06,0.025
A0A842VNI7,0.025
A0A497QT09,0.025
A0A842RAE0,0.025
A0A497PH94,0.025
A0A850LSE9,0.025
A0A1Q9NJF0,0.025
A0A7K4CQS0,0.025
A0A497QVF1,0.025
A0A850LP71,0.025
A0A5C9EHG9,0.025
A0A842YG64,0.025
A0A1Q9NZ80,0.025
A0A7K4HIL8,0.025
A0A842U4K6,0.025
A0A532TA15,0.025
A0A523RHI1,0.025
A0A524CQP1,0.025
A0A497QCL1,0.025
A0A524C7V3,0.025
A0A524C4G7,0.025
A0A524DQV7,0.025
A0A523S0C1,0.025
A0A524FE65,0.025
A0A523S2K2,0.025
A0A842WXC3,0.025
A0A7K4GY29,0.025
A0A497QL31,0.025
A0A497PCU0,0.025
A0A1Q9PD14,0.025
A0A524DQU9,0.025
A0A524ET68,0.025
A0A1Q9P9X3,0.025
A0A524P179,0.025
A0A524EXZ8,0.025
A0A135VRX0,0.025
A0A497R2L2,0.025
A0A524CPN8,0.025
A0A842U1D4,0.025
A0A850MIB7,0.025
A0A1Q9P8L8,0.025
A0A497QN81,0.025
A0A135VZ65,0.025
A0A524G6S4,0.025
A0A524EF28,0.025
A0A497Q9P4,0.025
A0A842RD68,0.025
A0A524F4I7,0.025
A0A7K4CNI0,0.025
A0A0F8VY00,0.025
A0A850MBA3,0.025
A0A0F8XYC3,0.025
A0A135VYH7,0.025
A0A850MT64,0.025
A0A524DKZ3,0.025
A0A2U3CDV9,0.025
A0A1Q9P9G1,0.025
A0A524FRA2,0.025
A0A524E7L4,0.025
A0A524DSM3,0.025
A0A1Q9MR25,0.025
A0A524M330,0.025
A0A842VVP6,0.025
A0A523X4S2,0.025
A0A524D1U2,0.025
A0A524FWJ0,0.025
A0A1Q9P125,0.025
A0A5B9DF35,0.025
A0A523TH87,0.025
A0A524M2X7,0.025
A0A842VA95,0.025
A0A842RJB3,0.025
A0A5C9EPD2,0.025
A0A5C9EIR6,0.025
A0A524EQX7,0.025
A0A524D2X0,0.025
A0A3L6JB46,0.025
A0A524C7Q5,0.025
A0A524FVZ6,0.025
A0A524CD02,0.025
A0A1Q9MYR7,0.025
A0A524DGY7,0.025
A0A849QHI3,0.025
A0A842U5S5,0.025
A0A1Q9NA28,0.025
A0A497QS48,0.025
A0A843BSW3,0.025
A0A1Q9NVG5,0.025
A0A5C9EPJ4,0.025
A0A524P623,0.025
A0A532TD57,0.025
A0A524CKG8,0.025
A0A5C9EHP4,0.025
A0A842VVS6,0.025
A0A524CQC5,0.025
A0A842WSI2,0.025
A0A524EVF2,0.025
A0A7K4CVP3,0.025
A0A5C9EC59,0.025
A0A523W164,0.025
A0A5C9EIY6,0.025
A0A5C9EMH2,0.025
A0A5C9DWT2,0.025
A0A842V8R5,0.025
A0A842T7J1,0.025
A0A842QHY1,0.025
A0A842U6P7,0.025
A0A842WLF0,0.025
A0A5C9EU52,0.025
A0A135VQB3,0.025
A0A524CEQ2,0.025
A0A524DYI7,0.025
A0A497QFH9,0.025
A0A849QD21,0.025
A0A7K4GNE2,0.025
A0A524ETP9,0.025
A0A497QXZ4,0.025
A0A842RR93,0.025
A0A7K4HJC9,0.025
A0A2E9CDN5,0.025
A0A524DB99,0.025
A0A524DUG5,0.025
A0A5C9DX61,0.025
A0A842WZ84,0.025
A0A524DY97,0.025
A0A532T1M9,0.025
A0A2U3CB33,0.025
A0A842QD86,0.025
A0A524EB80,0.025
A0A1Q9MV76,0.025
A0A0F8XID0,0.025
A0A842TFM5,0.025
A0A524E9J9,0.024
A0A497R4X9,0.024
A0A842T9N1,0.024
A0A2U3CF11,0.024
A0A7K4CXX8,0.024
A0A524C955,0.024
A0A7K4HEE3,0.024
A0A7K4IFK8,0.024
A0A523R7F0,0.024
A0A524DQZ7,0.024
A0A3L6JKH5,0.024
A0A1Q9N4B8,0.024
A0A5C9EKA0,0.024
A0A497QZG1,0.024
A0A842QI29,0.024
A0A3L6J7P7,0.024
A0A842R7Y3,0.024
A0A497P9P0,0.024
A0A524F851,0.024
A0A0F8W053,0.024
A0A842U3T2,0.024
A0A497R4T8,0.024
A0A524C528,0.024
A0A524C9J7,0.024
A0A524FJT7,0.024
A0A850MBQ3,0.024
A0A524G7L8,0.024
A0A5C9DUU3,0.024
A0A524DRE0,0.024
A0A5B9D7R9,0.024
A0A7K4IB91,0.024
A0A843BXC8,0.024
A0A524CBI5,0.024
A0A5C9EN36,0.024
A0A524ELI5,0.024
A0A497QCF2,0.024
A0A524D6I0,0.024
A0A524DKR0,0.024
A0A842VTW8,0.024
A0A842RBM1,0.024
A0A1Q9NGF8,0.024
A0A842SA19,0.024
A0A524CRF0,0.024
A0A2U3CJQ2,0.024
A0A1Q9MT16,0.024
A0A842TIL1,0.024
A0A1Q9NKD8,0.024
A0A524LB36,0.024
A0A524DJG0,0.024
A0A7K4CRB1,0.024
A0A1Q9PG49,0.024
A0A1Q9NQZ5,0.024
A0A7K4IFU2,0.024
A0A524C305,0.024
A0A7K4GNL9,0.024
A0A5C9E8U9,0.024
A0A532TT04,0.024
A0A850MBM7,0.024
A0A524E9C3,0.024
A0A5C9EGV8,0.024
A0A524EU08,0.024
A0A842QHC4,0.024
A0A842X1Y3,0.024
A0A524C7R9,0.024
A0A2U3CFL1,0.024
A0A497QAN1,0.024
A0A842S1T7,0.024
A0A497QEH6,0.024
A0A842VV48,0.024
A0A524E4L5,0.024
A0A1Q9NJ09,0.024
A0A0F8VKR9,0.024
A0A7K4CPA3,0.024
A0A497R129,0.024
A0A3L6JI75,0.024
A0A497QDC0,0.024
A0A1Q9MTH5,0.024
A0A524E7I6,0.024
A0A497PVV8,0.024
A0A842S450,0.024
A0A524CM82,0.024
A0A842WZV8,0.024
A0A497PB22,0.024
A0A1Q9NH43,0.024
A0A843BTG2,0.024
A0A524F969,0.024
A0A850MCN5,0.024
A0A0F8VC10,0.024
A0A0F8VQ02,0.024
A0A0F8V7L0,0.024
A0A524G670,0.024
A0A497Q8Y9,0.024
A0A5C9EAU4,0.024
A0A842QG27,0.024
A0A850LZY9,0.024
A0A2U3CIP9,0.024
A0A524CG43,0.024
A0A497PZW2,0.024
A0A1Q9MXD3,0.024
A0A497PT38,0.024
A0A5C9EK15,0.024
A0A842TJL8,0.024
A0A7K4CXD6,0.024
A0A1Q9NSG4,0.024
A0A849QDR8,0.024
A0A523RUH7,0.024
A0A524F4B4,0.024
A0A850MK38,0.024
A0A7K4CSZ6,0.024
A0A524F4D4,0.024
A0A842T313,0.024
A0A7K4CSH5,0.024
A0A1Q9N186,0.024
A0A5C9EE07,0.024
A0A5C9E0Y0,0.024
A0A524DI98,0.024
A0A842RDU1,0.024
A0A0F8XW11,0.024
A0A7K4GW32,0.024
A0A842W0X6,0.024
A0A524FH58,0.024
A0A5C9E1M5,0.024
A0A524F0K1,0.024
A0A497REC3,0.024
A0A842T957,0.024
A0A3L6JAD9,0.024
A0A842TM87,0.024
A0A497PAT6,0.024
A0A5B9D6Y3,0.024
A0A497QRE5,0.024
A0A524F6G6,0.024
A0A5C9EA49,0.024
A0A1Q9N059,0.024
A0A1Q9ND12,0.024
A0A5C9DUY0,0.024
A0A842WN36,0.024
A0A524FK79,0.024
A0A524CWT2,0.024
A0A849QCJ3,0.024
A0A850M4H5,0.024
A0A532T964,0.024
A0A5C9EWM3,0.024
A0A1Q9NLU9,0.024
A0A524E4Z5,0.024
A0A842TNC8,0.024
A0A523XNG9,0.024
A0A2U3CBC7,0.024
A0A842TDQ8,0.024
A0A524DHZ9,0.024
A0A5C9EHP1,0.024
A0A532TN42,0.024
A0A842QJK0,0.024
A0A497QL38,0.024
A0A497Q294,0.024
A0A524F835,0.024
A0A842VYU2,0.024
A0A5B9DBS0,0.024
A0A3L6JHF5,0.024
A0A843BNR3,0.024
A0A524P0F6,0.024
A0A0F8YBU3,0.024
A0A1Q9NM93,0.024
A0A524F7P5,0.024
A0A5C9EY05,0.024
A0A7K4HBC3,0.024
A0A135VK80,0.024
A0A850MF33,0.024
A0A524EHJ9,0.024
A0A524F1B4,0.024
A0A524MG38,0.024
A0A842WWB7,0.024
A0A1Q9NTD4,0.024
A0A7K4H4M3,0.024
A0A850LRV2,0.024
A0A135VXK5,0.024
A0A1Q9MXG1,0.024
A0A2E9CE48,0.024
A0A524C670,0.024
A0A1Q9NAJ6,0.024
A0A850MP75,0.024
A0A842S4K6,0.024
A0A523S4Z4,0.024
A0A842W173,0.024
A0A532T8E1,0.024
A0A842RB93,0.024
A0A842VTU6,0.024
A0A850MGT2,0.024
A0A135VBU7,0.024
A0A842VLC5,0.024
A0A497R1A1,0.024
A0A135VB76,0.024
A0A532TMF7,0.024
A0A524CQG7,0.024
A0A1Q9PES3,0.024
A0A523VQ96,0.024
A0A0F8XI63,0.024
A0A842T818,0.024
A0A3L6JGX2,0.024
A0A532T205,0.024
A0A842T469,0.024
A0A842RNE6,0.024
A0A0F8VAR7,0.024
A0A5C9EY47,0.024
A0A524FMW6,0.024
A0A523TE76,0.024
A0A524EFK2,0.024
A0A1Q9N1Y7,0.024
A0A7K4IHP6,0.024
A0A524DS30,0.024
A0A524F1M3,0.024
A0A842VCF7,0.024
A0A524CE73,0.024
A0A1Q9NZU3,0.024
A0A842TR09,0.024
A0A842RU77,0.024
A0A524LEH8,0.024
A0A842T916,0.024
A0A524LYC4,0.024
A0A850LZB8,0.024
A0A7K4CPF1,0.024
A0A842QDV7,0.024
A0A843BNN2,0.024
A0A532TYT9,0.024
A0A1Q9P036,0.024
A0A7K4CZK0,0.024
A0A842X1T1,0.024
A0A5B9D7Q3,0.024
A0A7K4CY85,0.024
A0A842RXJ7,0.024
A0A524CSW7,0.024
A0A135VBW0,0.024
A0A5C9DYS8,0.024
A0A524LKC5,0.024
A0A850LP74,0.024
A0A842U364,0.024
A0A2U3CBU1,0.024
A0A849QD78,0.024
A0A2U3CEX0,0.024
A0A524D669,0.024
A0A842QEN2,0.024
A0A497QC64,0.024
A0A5C9EQZ8,0.024
A0A523RTI8,0.024
A0A3L6JPN3,0.024
A0A5C9F343,0.024
A0A497PJA6,0.024
A0A524EYC1,0.024
A0A524L952,0.024
A0A842QAS8,0.024
A0A3L6JDU6,0.024
A0A523RCZ7,0.024
A0A5C9DU59,0.024
A0A532T9Y9,0.024
A0A849QE87,0.024
A0A842VY19,0.024
A0A0F8VF22,0.024
A0A842WX67,0.024
A0A842SEX3,0.024
A0A524CD79,0.024
A0A524CV73,0.024
A0A524EQU2,0.024
A0A523SD02,0.024
A0A497RAU9,0.024
A0A850MHK5,0.024
A0A497QYC3,0.024
A0A842T0T9,0.024
A0A842SDK7,0.024
A0A1Q9NFL4,0.024
A0A524D835,0.024
A0A1Q9NXB3,0.024
A0A524GBF3,0.024
A0A850MP76,0.024
A0A842TFA2,0.024
A0A850LV84,0.024
A0A5B9DAW6,0.024
A0A1Q9MQQ0,0.024
A0A524EDZ9,0.024
A0A1Q9NT54,0.024
A0A7K4IAN2,0.024
A0A2U3CIA4,0.024
A0A1Q9MX15,0.024
A0A1Q9NR74,0.024
A0A524EHV5,0.024
A0A135VSW8,0.024
A0A524EJI9,0.024
A0A842TEI4,0.024
A0A7K4GVT8,0.024
A0A1Q9PDD6,0.024
A0A523XLC2,0.024
A0A497PTF0,0.024
A0A3L6JHF0,0.024
A0A497PYX0,0.024
A0A1Q9NRD4,0.024
A0A842VJ87,0.024
A0A842RLN6,0.024
A0A5B9DE21,0.024
A0A524E9V6,0.024
A0A497Q478,0.024
A0A524DHP1,0.024
A0A497Q9D6,0.024
A0A1Q9NKF0,0.024
A0A524M6T8,0.024
A0A497PNY7,0.024
A0A1Q9NG66,0.024
A0A497QVR1,0.024
A0A524EY22,0.024
A0A497QBV1,0.024
A0A842WWQ1,0.024
A0A524G0Z0,0.024
A0A524G7Y9,0.024
A0A497PIB1,0.024
A0A5C9EBA2,0.024
A0A497QGC9,0.024
A0A497Q7J1,0.024
A0A842QDU0,0.024
A0A523VNQ6,0.024
A0A7K4IBG9,0.024
A0A7K4H2Y4,0.024
A0A842T0Z7,0.024
A0A524LEL2,0.024
A0A524FGA6,0.024
A0A5C9EAQ5,0.024
A0A5C9EPA5,0.024
A0A524C4M9,0.024
A0A524M5A5,0.024
A0A850LZ31,0.024
A0A497QVZ4,0.024
A0A842RA56,0.024
A0A497R3C4,0.024
A0A0F8VYF3,0.024
A0A842SYT4,0.024
A0A7K4HF01,0.024
A0A5C9EVP1,0.024
A0A850LUW0,0.024
A0A1Q9MTU9,0.024
A0A3L6JP63,0.024
A0A135VU02,0.024
A0A524DRR4,0.024
A0A523X748,0.024
A0A850M2K7,0.024
A0A524FBA6,0.024
A0A524G191,0.024
A0A842VX94,0.024
A0A1Q9NPA2,0.024
A0A524E5Y9,0.024
A0A523RXV7,0.024
A0A135VUP7,0.024
A0A1Q9P9M3,0.024
A0A842TA48,0.024
A0A523RH62,0.024
A0A5C9EDA4,0.024
A0A842VVT2,0.024
A0A524L9B2,0.024
A0A497QRX1,0.024
A0A135VK51,0.024
A0A5C9DYY7,0.024
A0A5C9ELI1,0.024
A0A524FAI8,0.024
A0A524C7W7,0.024
A0A1Q9NHR6,0.024
A0A842VTQ4,0.024
A0A850MMF8,0.024
A0A850MLV9,0.024
A0A7K4H937,0.024
A0A2U3CKV6,0.024
A0A7K4GV70,0.024
A0A0F8YA52,0.024
A0A524FYK3,0.024
A0A5C9EBX9,0.024
A0A842WS58,0.024
A0A524CMF6,0.024
A0A5C9EZ39,0.024
A0A524DLG8,0.024
A0A5B9DFA7,0.024
A0A524E3E0,0.024
A0A524FJR4,0.024
A0A135VMK2,0.024
A0A7K4GV22,0.024
A0A524CHX8,0.024
A0A843C075,0.024
A0A842RIC8,0.024
A0A524EM30,0.024
A0A524CH11,0.024
A0A842VD89,0.024
A0A497QXJ3,0.024
A0A7K4GQT6,0.024
A0A842W4E3,0.024
A0A842TBD6,0.024
A0A497QV51,0.024
A0A5C9E9I1,0.024
A0A523X648,0.024
A0A850M116,0.024
A0A1Q9NR92,0.024
A0A0F8V976,0.024
A0A523RG43,0.024
A0A524FD65,0.024
A0A135VQ89,0.024
A0A850M215,0.024
A0A5C9EGQ7,0.024
A0A524EDP5,0.024
A0A842QGR1,0.024
A0A524E6U6,0.024
A0A843C426,0.024
A0A497PS76,0.024
A0A523R8M8,0.024
A0A524G5P4,0.024
A0A1Q9NNF4,0.024
A0A843C5T5,0.024
A0A497R3M1,0.024
A0A524F8S0,0.024
A0A5C9EAG0,0.024
A0A1Q9NB52,0.024
A0A524G9V4,0.024
A0A842RLP3,0.024
A0A524CBY1,0.024
A0A842TL56,0.024
A0A842R611,0.024
A0A524E4V6,0.024
A0A524NSE5,0.024
A0A842R8B2,0.024
A0A1Q9MZH9,0.024
A0A850MJD6,0.024
A0A1Q9N282,0.024
A0A524EH24,0.024
A0A1Q9P8F3,0.024
A0A3L6JPG4,0.024
A0A524P2Q4,0.024
A0A497PFM6,0.024
A0A497PN62,0.024
A0A842TD81,0.024
A0A842YBL4,0.024
A0A850MN28,0.024
A0A0F8VGZ0,0.024
A0A524CEJ8,0.024
A0A524LG53,0.024
A0A842VEA7,0.024
A0A0F8W865,0.024
A0A1Q9NA55,0.024
A0A497QTP0,0.024
A0A524EZ75,0.024
A0A524EZ22,0.024
A0A842RWJ1,0.024
A0A1Q9N364,0.024
A0A1Q9NIU8,0.024
A0A524CKJ5,0.024
A0A524D2G3,0.024
A0A1Q9NUY7,0.024
A0A842TS40,0.024
A0A0F8XWD1,0.024
A0A842S570,0.024
A0A497PM84,0.024
A0A524DHQ9,0.024
A0A524LCS1,0.024
A0A5C9EPC7,0.024
A0A532TDE2,0.024
A0A497R1H4,0.024
A0A523RS80,0.024
A0A5C9EBR8,0.024
A0A842VDB8,0.024
A0A524EUK3,0.024
A0A135VPQ1,0.024
A0A523VVH4,0.024
A0A524P0X0,0.024
A0A497Q1R2,0.024
A0A523RC00,0.024
A0A524G574,0.024
A0A524CXK6,0.024
A0A524D7N0,0.024
A0A524M1X6,0.024
A0A7K4D031,0.024
A0A842RP08,0.024
A0A842QGT5,0.024
A0A842VW57,0.024
A0A850M8B3,0.024
A0A5C9ETF0,0.024
A0A523RB28,0.024
A0A842WXL7,0.024
A0A7K4H377,0.024
A0A2U3CJS2,0.024
A0A524F371,0.024
A0A7K4HJ24,0.024
A0A523XC23,0.024
A0A0F8VQ60,0.024
A0A524FAM2,0.024
A0A524C224,0.024
A0A2U3CK16,0.024
A0A842QBD7,0.024
A0A524CEQ5,0.024
A0A842TSS5,0.024
A0A1Q9MQQ6,0.024
A0A842QFT0,0.024
A0A523RQ99,0.024
A0A842YB01,0.024
A0A523RBX7,0.024
A0A497RBU9,0.024
A0A523XEJ1,0.024
A0A524FCL2,0.024
A0A523R8J9,0.024
A0A524CLT9,0.024
A0A524LTE1,0.024
A0A5C9E4U7,0.024
A0A850MMJ7,0.024
A0A5B9DA79,0.024
A0A849QKS5,0.024
A0A842VQV3,0.024
A0A5C9EJZ3,0.024
A0A524CGN5,0.024
A0A842RKM3,0.024
A0A524E4Q1,0.024
A0A524C8J5,0.024
A0A1Q9NK42,0.024
A0A842TAJ7,0.024
A0A7K4H7X0,0.024
A0A524LBF9,0.024
A0A7K4CUN1,0.024
A0A524EHC2,0.024
A0A5C9E6P8,0.024
A0A135VXB3,0.024
A0A842REN5,0.024
A0A850MCH7,0.024
A0A524G4F1,0.024
A0A524CXH8,0.024
A0A842VMY8,0.024
A0A524FNS1,0.024
A0A524DTC9,0.024
A0A524DQ32,0.024
A0A0F8XK25,0.024
A0A532TM31,0.024
A0A7K4HIX0,0.024
A0A842VG25,0.024
A0A1Q9N8I4,0.024
A0A7K4H7G8,0.024
A0A7K4HIU7,0.024
A0A850LUZ6,0.024
A0A523TM04,0.024
A0A842QHY3,0.024
A0A524F7V7,0.024
A0A842QCY0,0.024
A0A524LJF4,0.024
A0A842WNX4,0.024
A0A135VZ59,0.024
A0A497PZS7,0.024
A0A5C9ET71,0.024
A0A497PKS5,0.024
A0A3L6JN51,0.024
A0A3L6JGA0,0.024
A0A524ECV2,0.024
A0A842V9C3,0.023
A0A1Q9N1H7,0.023
A0A5C9DWX1,0.023
A0A524D760,0.023
A0A524FRZ0,0.023
A0A1Q9NHR7,0.023
A0A524DV36,0.023
A0A3L6JGV1,0.023
A0A842R979,0.023
A0A2E9CFF1,0.023
A0A524F825,0.023
A0A5C9DT84,0.023
A0A842Q9V6,0.023
A0A5B9DEU4,0.023
A0A0F8W4W7,0.023
A0A497RAB0,0.023
A0A524F8Y8,0.023
A0A523VWT7,0.023
A0A523REZ9,0.023
A0A524D448,0.023
A0A524C9K0,0.023
A0A523TJ04,0.023
A0A7K4GSL1,0.023
A0A497PJP2,0.023
A0A532TH69,0.023
A0A1Q9MYZ4,0.023
A0A2U3CHP6,0.023
A0A1Q9N9B1,0.023
A0A497QKR5,0.023
A0A842TEE6,0.023
A0A3L6JIP5,0.023
A0A7K4GY08,0.023
A0A850M129,0.023
A0A524ETN0,0.023
A0A497RB13,0.023
A0A524FRW4,0.023
A0A842TQ54,0.023
A0A497QH46,0.023
A0A497R748,0.023
A0A135VVV8,0.023
A0A532TAZ3,0.023
A0A524CHQ3,0.023
A0A842VTM5,0.023
A0A1Q9NYV9,0.023
A0A524NZL6,0.023
A0A524FVW0,0.023
A0A1Q9MQB4,0.023
A0A523RTG1,0.023
A0A524LDW1,0.023
A0A1Q9NHA0,0.023
A0A135VXX9,0.023
A0A524DDU4,0.023
A0A5C9DWE7,0.023
A0A524DPR9,0.023
A0A524DI30,0.023
A0A524P132,0.023
A0A524P257,0.023
A0A524EWB2,0.023
A0A5C9E0I3,0.023
A0A3L6JA32,0.023
A0A842REV1,0.023
A0A2U3CK36,0.023
A0A497PZ00,0.023
A0A842QCG7,0.023
A0A532TDM0,0.023
A0A850M527,0.023
A0A497PNC2,0.023
A0A5B9D6G9,0.023
A0A7K4ICD5,0.023
A0A1Q9NQJ8,0.023
A0A842RM26,0.023
A0A7C0U9D0,0.023
A0A1Q9NR49,0.023
A0A7K4IAB4,0.023
A0A524D2X3,0.023
A0A842VQH5,0.023
A0A497PPX3,0.023
A0A842QEJ5,0.023
A0A497QE40,0.023
A0A497PCM0,0.023
A0A497PRP7,0.023
A0A524E0Z1,0.023
A0A5C9EGF6,0.023
A0A1Q9NZW7,0.023
A0A1Q9NM39,0.023
A0A1Q9N295,0.023
A0A842YCA0,0.023
A0A7K4CWY9,0.023
A0A497R0M3,0.023
A0A524D7E9,0.023
A0A842RE81,0.023
A0A842W2W0,0.023
A0A524F6Z3,0.023
A0A1Q9P4Z2,0.023
A0A523RXG0,0.023
A0A524F320,0.023
A0A524EW32,0.023
A0A5B9DCC1,0.023
A0A842VX06,0.023
A0A497R1Y9,0.023
A0A842W0C9,0.023
A0A842VU45,0.023
A0A524CEB1,0.023
A0A5B9D6H2,0.023
A0A3L6JC32,0.023
A0A524D665,0.023
A0A843BY25,0.023
A0A842R7S9,0.023
A0A3L6JLX2,0.023
A0A524E3Z4,0.023
A0A842YDD6,0.023
A0A523VQ78,0.023
A0A524MHS3,0.023
A0A2E9CFR9,0.023
A0A524FZJ2,0.023
A0A842TK84,0.023
A0A5C9E6M9,0.023
A0A7K4CQY1,0.023
A0A842QGY9,0.023
A0A842W112,0.023
A0A523R809,0.023
A0A1Q9P7F9,0.023
A0A1Q9MTS2,0.023
A0A5C9E4B3,0.023
A0A497QTY7,0.023
A0A135VB94,0.023
A0A524FYI2,0.023
A0A842WPR0,0.023
A0A7K4CWS2,0.023
A0A850MVI6,0.023
A0A5C9EBM3,0.023
A0A524CRL8,0.023
A0A524DZA0,0.023
A0A497Q9E0,0.023
A0A5C9EKE2,0.023
A0A1Q9P6V9,0.023
A0A524ER27,0.023
A0A497QF30,0.023
A0A7K4GS14,0.023
A0A850MA49,0.023
A0A524C4Q8,0.023
A0A524G5I7,0.023
A0A5B9D8W7,0.023
A0A7K4GW48,0.023
A0A524FPK5,0.023
A0A497PUA9,0.023
A0A5C9EU25,0.023
A0A523RHE5,0.023
A0A1Q9PF85,0.023
A0A850LUM9,0.023
A0A842YCX1,0.023
A0A532T8N0,0.023
A0A1Q9NBP9,0.023
A0A0F8VEP0,0.023
A0A5B9D8V7,0.023
A0A842RYX3,0.023
A0A850MLK4,0.023
A0A842U8G8,0.023
A0A524DCE1,0.023
A0A1Q9P3E2,0.023
A0A1Q9NNV1,0.023
A0A523W047,0.023
A0A523XAC7,0.023
A0A843BU50,0.023
A0A524LWJ6,0.023
A0A524F552,0.023
A0A850M8I5,0.023
A0A843BWJ3,0.023
A0A497PKK1,0.023
A0A524G0T2,0.023
A0A497PL04,0.023
A0A842WXX1,0.023
A0A5B9D5P3,0.023
A0A7K4GRY3,0.023
A0A524FM63,0.023
A0A523VQN3,0.023
A0A524E181,0.023
A0A850MKB4,0.023
A0A523RPZ5,0.023
A0A524FYW5,0.023
A0A532TZ56,0.023
A0A524DF01,0.023
A0A1Q9NPQ0,0.023
A0A532TA12,0.023
A0A7K4GX84,0.023
A0A1Q9NPP7,0.023
A0A524CAE3,0.023
A0A0F8V718,0.023
A0A524F7R7,0.023
A0A523R762,0.023
A0A842WM41,0.023
A0A5C9E9R1,0.023
A0A5C9E465,0.023
A0A524P2F1,0.023
A0A524DGF5,0.023
A0A524DB50,0.023
A0A524DQW4,0.023
A0A843C3K9,0.023
A0A842W4P8,0.023
A0A1Q9NXJ7,0.023
A0A524G7V5,0.023
A0A849QDK2,0.023
A0A523X7J4,0.023
A0A7K4GYP6,0.023
A0A5C9DVT8,0.023
A0A524F2C6,0.023
A0A850MSB5,0.023
A0A842WR76,0.023
A0A524C8L2,0.023
A0A850M4V2,0.023
A0A524DLX6,0.023
A0A5C9EMR6,0.023
A0A524DLX2,0.023
A0A524D064,0.023
A0A842WNT7,0.023
A0A523TH36,0.023
A0A497PK02,0.023
A0A1Q9MZC2,0.023
A0A524F9J8,0.023
A0A524D6L0,0.023
A0A524E425,0.023
A0A524FAQ5,0.023
A0A843BYW4,0.023
A0A1Q9N097,0.023
A0A850M2Q4,0.023
A0A842R729,0.023
A0A842QI67,0.023
A0A0F8VM73,0.023
A0A842RNB4,0.023
A0A524DC88,0.023
A0A5C9E5B8,0.023
A0A7K4CNA6,0.023
A0A7K4HAU8,0.023
A0A7K4H3Y4,0.023
A0A842WZV2,0.023
A0A5B9DDI3,0.023
A0A523TFI1,0.023
A0A135VX38,0.023
A0A842WQ29,0.023
A0A497QJF3,0.023
A0A5C9EGB7,0.023
A0A524D8M5,0.023
A0A3L6JAS7,0.023
A0A7K4HKF1,0.023
A0A7K4IDZ5,0.023
A0A842S740,0.023
A0A524C6J5,0.023
A0A524ER24,0.023
A0A524C5X1,0.023
A0A524C5P5,0.023
A0A7K4CR14,0.023
A0A524M4G3,0.023
A0A135VU94,0.023
A0A497QFH2,0.023
A0A524FBY2,0.023
A0A497PFU9,0.023
A0A842RE45,0.023
A0A497PZJ4,0.023
A0A850MK45,0.023
A0A524F248,0.023
A0A524CQ23,0.023
A0A0F8XQL8,0.023
A0A523RZ24,0.023
A0A524F2G6,0.023
A0A524DGJ6,0.023
A0A842U691,0.023
A0A842RFV5,0.023
A0A524EIF6,0.023
A0A5C9E018,0.023
A0A850M1C2,0.023
A0A1Q9N2G1,0.023
A0A524D0B6,0.023
A0A524FNN5,0.023
A0A3L6JR04,0.023
A0A1Q9NF12,0.023
A0A842TKK4,0.023
A0A842QGR8,0.023
A0A7K4GSY8,0.023
A0A3L6JJ51,0.023
A0A524LWU5,0.023
A0A7K4HDX6,0.023
A0A7K4H204,0.023
A0A1Q9P4N2,0.023
A0A1Q9NBT3,0.023
A0A5C9EQQ7,0.023
A0A7K4CVW5,0.023
A0A3L6J8H4,0.023
A0A524C7S2,0.023
A0A524EF81,0.023
A0A1Q9MUR2,0.023
A0A524EV73,0.023
A0A497QE90,0.023
A0A850MDI8,0.023
A0A842YF25,0.023
A0A135VIF9,0.023
A0A1Q9NFB6,0.023
A0A524EGM1,0.023
A0A5C9ET28,0.023
A0A7K4CPP3,0.023
A0A135VAU7,0.023
A0A7K4IHQ9,0.023
A0A523RB90,0.023
A0A842YF94,0.023
A0A523W2F9,0.023
A0A1Q9P701,0.023
A0A842QG52,0.023
A0A524M797,0.023
A0A524FNH3,0.023
A0A7K4HK50,0.023
A0A3L6J9R8,0.023
A0A842RHH5,0.023
A0A524G809,0.023
A0A524M0L4,0.023
A0A0F8VC46,0.023
A0A842VUQ6,0.023
A0A7K4GQV0,0.023
A0A2U3CGJ7,0.023
A0A523RI89,0.023
A0A524L5I9,0.023
A0A842QFW4,0.023
A0A850MN65,0.023
A0A524MA42,0.023
A0A1Q9PCM1,0.023
A0A524NXI8,0.023
A0A524CW55,0.023
A0A7K4GYA7,0.023
A0A5B9D768,0.023
A0A7K4CV83,0.023
A0A842QFS0,0.023
A0A1Q9MUZ2,0.023
A0A524G7D8,0.023
A0A842YAS8,0.023
A0A5C9E250,0.023
A0A3L6JIG5,0.023
A0A497QZQ4,0.023
A0A5C9EIB5,0.023
A0A850MFJ6,0.023
A0A1Q9PCG3,0.023
A0A497QFY1,0.023
A0A5C9EIQ0,0.023
A0A5B9D906,0.023
A0A1Q9NY58,0.023
A0A524M0Q9,0.023
A0A1Q9PD74,0.023
A0A524L7Q8,0.023
A0A524C873,0.023
A0A842W6V9,0.023
A0A524F538,0.023
A0A7K4IGW5,0.023
A0A135VW89,0.023
A0A523VS73,0.023
A0A1Q9NLZ2,0.023
A0A524EAB9,0.023
A0A1Q9P2V7,0.023
A0A1Q9P4M8,0.023
A0A842RCS4,0.023
A0A524EWQ0,0.023
A0A497PJK9,0.023
A0A524EEA4,0.023
A0A523S024,0.023
A0A523RCM4,0.023
A0A524C2B3,0.023
A0A0F8VE09,0.023
A0A524DXB4,0.023
A0A532TIG4,0.023
A0A523RKV9,0.023
A0A3L6JBU6,0.023
A0A842VKP8,0.023
A0A842YBR4,0.023
A0A842VY78,0.023
A0A850M2V5,0.023
A0A5C9EBL7,0.023
A0A5C9EYS1,0.023
A0A7K4GW76,0.023
A0A1Q9NEV7,0.023
A0A497QJU1,0.023
A0A524M6X9,0.023
A0A1Q9MQQ8,0.023
A0A842W2K1,0.023
A0A524CJZ0,0.023
A0A524DWK1,0.023
A0A497PLW1,0.023
A0A842TJ68,0.023
A0A524C6M8,0.023
A0A524D0E4,0.023
A0A842RNE5,0.023
A0A524EVS5,0.023
A0A524L820,0.023
A0A523TIL1,0.023
A0A2E9CFG1,0.023
A0A2U3CBU0,0.023
A0A842YE41,0.023
A0A0F8VX32,0.023
A0A843BX23,0.023
A0A524DDD1,0.023
A0A842TVT8,0.023
A0A842S615,0.023
A0A850MQS3,0.023
A0A850LYI0,0.023
A0A850LYL5,0.023
A0A524DZC4,0.023
A0A842TBM2,0.023
A0A524E3E8,0.023
A0A842TGZ5,0.023
A0A5C9E0I8,0.023
A0A524CNE2,0.023
A0A497QZW0,0.023
A0A1Q9PA50,0.023
A0A842VXC9,0.023
A0A524DA28,0.023
A0A497PSM5,0.023
A0A524F6R3,0.023
A0A523RAV9,0.023
A0A524MB48,0.023
A0A842UBM1,0.023
A0A3L6JK22,0.023
A0A524F1I2,0.023
A0A532TG58,0.023
A0A524E3H0,0.023
A0A850LVN4,0.023
A0A497PQX1,0.023
A0A7K4IHV4,0.023
A0A497Q9I5,0.023
A0A532T7B1,0.023
A0A524E0C4,0.023
A0A1Q9NNU7,0.023
A0A842QCI0,0.023
A0A524CFP5,0.023
A0A524G2G4,0.023
A0A524DN49,0.023
A0A2U3CI72,0.023
A0A497QZ43,0.023
A0A5C9EIY1,0.023
A0A842TF37,0.023
A0A524G972,0.023
A0A1Q9NPQ3,0.023
A0A2U3CBY2,0.023
A0A524DNP9,0.023
A0A842QGS8,0.023
A0A1Q9NLY7,0.023
A0A7K4IE71,0.023
A0A1Q9MSJ1,0.023
A0A497QFJ4,0.023
A0A850LZG9,0.023
A0A524CAJ5,0.023
A0A135VB99,0.023
A0A524LDT6,0.023
A0A135VD28,0.023
A0A524EIT6,0.023
A0A524D845,0.023
A0A842VYT2,0.023
A0A2U3CHS8,0.023
A0A497QFP7,0.023
A0A842TMT0,0.023
A0A523TKY6,0.023
A0A524EUT2,0.023
A0A842U6Q1,0.023
A0A5C9DVJ0,0.023
A0A523TL02,0.023
A0A842QH26,0.023
A0A524CDA8,0.023
A0A532TTA9,0.023
A0A5C9ED87,0.023
A0A1Q9NS44,0.023
A0A524GAH4,0.023
A0A2U3CJS9,0.023
A0A497QEM9,0.023
A0A842YDQ3,0.023
A0A524C984,0.023
A0A1Q9PEK4,0.023
A0A850MCH9,0.023
A0A523TQY1,0.023
A0A842RC82,0.023
A0A5B9D5J6,0.023
A0A7K4GW84,0.023
A0A524E7D7,0.023
A0A1Q9NFP6,0.023
A0A850LVL2,0.023
A0A842T075,0.023
A0A524EF96,0.023
A0A524E724,0.023
A0A532TMI4,0.023
A0A842U6T7,0.023
A0A0F8W6Q5,0.023
A0A842RHP0,0.023
A0A5C9EBP3,0.023
A0A524CR64,0.023
A0A2U3CD14,0.023
A0A524F4T2,0.023
A0A524M283,0.023
A0A849QIT8,0.023
A0A843BSP7,0.023
A0A524G4T4,0.022
A0A842TE22,0.022
A0A524D7Z6,0.022
A0A497Q655,0.022
A0A842U2D8,0.022
A0A842T880,0.022
A0A7K4GQB6,0.022
A0A135VGM9,0.022
A0A0F8VB72,0.022
A0A524NWQ0,0.022
A0A523TG95,0.022
A0A524DA11,0.022
A0A524FIM3,0.022
A0A532TTV2,0.022
A0A842WZM0,0.022
A0A524DC55,0.022
A0A524DRG7,0.022
A0A5C9E8C8,0.022
A0A0F8XN79,0.022
A0A7K4H892,0.022
A0A7K4GPJ0,0.022
A0A5C9EY39,0.022
A0A524F4I6,0.022
A0A7K4GTA6,0.022
A0A1Q9NEY2,0.022
A0A842VXI8,0.022
A0A524C9K9,0.022
A0A5C9ENV7,0.022
A0A524F734,0.022
A0A842SZ48,0.022
A0A842TQ50,0.022
A0A1Q9MU35,0.022
A0A842QGD9,0.022
A0A850MGQ9,0.022
A0A2U3CK88,0.022
A0A524DID9,0.022
A0A523XL15,0.022
A0A7K4IF63,0.022
A0A843C1E5,0.022
A0A497QND1,0.022
A0A0F8Y8P0,0.022
A0A5C9E6H9,0.022
A0A523RHY8,0.022
A0A1Q9NDT7,0.022
A0A842QH54,0.022
A0A135VY93,0.022
A0A0F8VPR6,0.022
A0A524FD31,0.022
A0A843BPH3,0.022
A0A524E7P4,0.022
A0A5B9DDN8,0.022
A0A524D5B9,0.022
A0A524E4X5,0.022
A0A1Q9MTM5,0.022
A0A524FJZ8,0.022
A0A497PZK1,0.022
A0A850MJT2,0.022
A0A2E9CD94,0.022
A0A5C9EL11,0.022
A0A524D655,0.022
A0A5C9DVW7,0.022
A0A850MR74,0.022
A0A7K4H4P7,0.022
A0A5C9F029,0.022
A0A532TLJ2,0.022
A0A5C9EHT8,0.022
A0A842VCZ7,0.022
A0A532T9V0,0.022
A0A842T373,0.022
A0A523SC82,0.022
A0A850LVC8,0.022
A0A532TLH1,0.022
A0A850M9Y8,0.022
A0A524DXX8,0.022
A0A7K4IBF0,0.022
A0A3L6JRB5,0.022
A0A0F8XSF1,0.022
A0A1Q9N9G2,0.022
A0A524E1B3,0.022
A0A1Q9PAU9,0.022
A0A524DJJ4,0.022
A0A842TD80,0.022
A0A7K4GVS5,0.022
A0A524E0P2,0.022
A0A7K4H688,0.022
A0A3L6JP92,0.022
A0A5C9DSI0,0.022
A0A1Q9NSI6,0.022
A0A850MN85,0.022
A0A850M9J2,0.022
A0A532TVQ5,0.022
A0A7K4IDP9,0.022
A0A524DR39,0.022
A0A842TK31,0.022
A0A842VP83,0.022
A0A524L7Z8,0.022
A0A7K4H6K0,0.022
A0A524E635,0.022
A0A524DJX4,0.022
A0A850MV16,0.022
A0A523XFK0,0.022
A0A1Q9NV33,0.022
A0A1Q9MQX5,0.022
A0A842SAD3,0.022
A0A850LT05,0.022
A0A5C9E251,0.022
A0A842VTV5,0.022
A0A7K4CM46,0.022
A0A524DHV5,0.022
A0A524E106,0.022
A0A497Q0E3,0.022
A0A3L6JS31,0.022
A0A497PN96,0.022
A0A524FDR5,0.022
A0A497QJL1,0.022
A0A524M7E0,0.022
A0A524F0A2,0.022
A0A7K4GWW3,0.022
A0A7K4HH18,0.022
A0A5C9E6U3,0.022
A0A849QCT1,0.022
A0A842TM30,0.022
A0A523RNI4,0.022
A0A1Q9N4P2,0.022
A0A5C9EF84,0.022
A0A3L6JMK9,0.022
A0A5C9DU70,0.022
A0A7K4HKC1,0.022
A0A5C9EMK4,0.022
A0A524CMW9,0.022
A0A524P2W3,0.022
A0A523SC36,0.022
A0A532TGJ4,0.022
A0A7K4HFA7,0.022
A0A842QGH4,0.022
A0A842RZR7,0.022
A0A842TA70,0.022
A0A7K4GWE1,0.022
A0A497QEJ0,0.022
A0A524DG16,0.022
A0A524LCT2,0.022
A0A850MJS8,0.022
A0A524FB15,0.022
A0A842WVT8,0.022
A0A7K4HH92,0.022
A0A842TJY1,0.022
A0A524EGX4,0.022
A0A497RDV2,0.022
A0A0F8VE53,0.022
A0A0F8XW34,0.022
A0A842VDS0,0.022
A0A842T867,0.022
A0A842QB84,0.022
A0A524EVU1,0.022
A0A524CHJ0,0.022
A0A524G6L4,0.022
A0A3L6JEX3,0.022
A0A524E1K0,0.022
A0A849Q8F0,0.022
A0A842U0S7,0.022
A0A497PAK2,0.022
A0A7K4CZV0,0.022
A0A524EST5,0.022
A0A524EAY3,0.022
A0A524EZ49,0.022
A0A1Q9P4X2,0.022
A0A524C9Z4,0.022
A0A842QCB1,0.022
A0A3L6JAL4,0.022
A0A842WZD4,0.022
A0A524MDL9,0.022
A0A7K4CZK9,0.022
A0A842TBS4,0.022
A0A497RE46,0.022
A0A1Q9N375,0.022
A0A524CL08,0.022
A0A524CA97,0.022
A0A5C9E4V6,0.022
A0A524LKS8,0.022
A0A0F8VLB3,0.022
A0A523X6H7,0.022
A0A7K4CY54,0.022
A0A497PGV1,0.022
A0A524CMI5,0.022
A0A850M3L5,0.022
A0A5B9DFH7,0.022
A0A2U3CD63,0.022
A0A1Q9N9Y3,0.022
A0A842RJ53,0.022
A0A524EX22,0.022
A0A497QL57,0.022
A0A842TU44,0.022
A0A532TQW8,0.022
A0A135VYT5,0.022
A0A1Q9NP21,0.022
A0A842UBH6,0.022
A0A135VBN6,0.022
A0A1Q9P7L4,0.022
A0A7K4CPJ3,0.022
A0A135VKJ0,0.022
A0A524NS28,0.022
A0A497PJW2,0.022
A0A1Q9N8M6,0.022
A0A135VK00,0.022
A0A842VFI6,0.022
A0A842U514,0.022
A0A842QID6,0.022
A0A5B9D8C7,0.022
A0A842QI19,0.022
A0A3L6JP03,0.022
A0A3L6JLN8,0.022
A0A497QEU5,0.022
A0A524CHZ0,0.022
A0A7K4IE82,0.022
A0A842VWX3,0.022
A0A497PA52,0.022
A0A497R929,0.022
A0A524DAF9,0.022
A0A7K4CUV9,0.022
A0A497Q8P8,0.022
A0A1Q9NBA3,0.022
A0A524DX92,0.022
A0A842TLX6,0.022
A0A524NU58,0.022
A0A524D6Z5,0.022
A0A842RPK1,0.022
A0A850MKE4,0.022
A0A524D0N7,0.022
A0A7K4CNV2,0.022
A0A497PIE4,0.022
A0A1Q9N0Y2,0.022
A0A842RHB1,0.022
A0A850LTZ9,0.022
A0A1Q9NAW3,0.022
A0A850MCP8,0.022
A0A0F8W3B4,0.022
A0A1Q9P9K2,0.022
A0A524EJP7,0.022
A0A524DXT6,0.022
A0A1Q9PAI3,0.022
A0A5B9DB55,0.022
A0A1Q9MVL3,0.022
A0A850ME81,0.022
A0A7K4GRY8,0.022
A0A524F9I4,0.022
A0A850LRF4,0.022
A0A1Q9NV59,0.022
A0A497QFT9,0.022
A0A1Q9NSL1,0.022
A0A5C9EP16,0.022
A0A1Q9MXD6,0.022
A0A842VW14,0.022
A0A135VUJ6,0.022
A0A524CZ03,0.022
A0A497PPQ7,0.022
A0A524G7P7,0.022
A0A524DAH5,0.022
A0A1Q9NII4,0.022
A0A497R432,0.022
A0A842RGD1,0.022
A0A497QC45,0.022
A0A497QZJ3,0.022
A0A7K4GUS4,0.022
A0A524FZ12,0.022
A0A2U3CBG7,0.022
A0A135VGU0,0.022
A0A524CDG8,0.022
A0A842TMX7,0.022
A0A1Q9NEN9,0.022
A0A523S040,0.022
A0A842YCJ8,0.022
A0A497PDM7,0.022
A0A524NXZ3,0.022
A0A5C9EVA0,0.022
A0A524F5T1,0.022
A0A0F8YAP9,0.022
A0A524D0Z8,0.022
A0A842WQ33,0.022
A0A497R1M6,0.022
A0A5C9DX66,0.022
A0A3L6JA14,0.022
A0A7K4HKB8,0.022
A0A5B9DCX6,0.022
A0A842SZ43,0.022
A0A524CP86,0.022
A0A1Q9NTS8,0.022
A0A524C4F6,0.022
A0A5C9DWP0,0.022
A0A1Q9NMB3,0.022
A0A524FVG3,0.022
A0A532TX77,0.022
A0A524CV53,0.022
A0A7K4HH33,0.022
A0A0F8VZ27,0.022
A0A7K4CWV5,0.022
A0A3L6JN84,0.022
A0A135VGF7,0.022
A0A5C9EUC1,0.022
A0A7K4CYB1,0.022
A0A524M422,0.022
A0A850LVG0,0.022
A0A524F861,0.022
A0A135VIF4,0.022
A0A497PP18,0.022
A0A524FIK2,0.022
A0A843BVG8,0.022
A0A842WUR4,0.022
A0A5C9DYT3,0.022
A0A1Q9N0M9,0.022
A0A523VPR5,0.022
A0A842W284,0.022
A0A524E5Q6,0.022
A0A5C9ERC5,0.022
A0A524F7Y2,0.022
A0A3L6JSK1,0.022
A0A1Q9NZR0,0.022
A0A497PH43,0.022
A0A523R9I2,0.022
A0A1Q9NUI6,0.022
A0A5C9EEF1,0.022
A0A3L6JCW4,0.022
A0A850LT38,0.022
A0A523TIZ6,0.022
A0A842WR37,0.022
A0A3L6JCJ2,0.022
A0A0F8VFD5,0.022
A0A3L6JGN3,0.022
A0A524E479,0.022
A0A843BZ83,0.022
A0A5C9EDJ8,0.022
A0A3L6JRJ9,0.022
A0A2U3CHW8,0.022
A0A524EQV1,0.022
A0A524CLU4,0.022
A0A523S118,0.022
A0A524D4V2,0.022
A0A1Q9NTQ6,0.022
A0A842WVU3,0.022
A0A523VMH2,0.022
A0A5C9DVL4,0.022
A0A523RYL8,0.022
A0A497QM86,0.022
A0A7K4H7R9,0.022
A0A1Q9MYR5,0.022
A0A524EU41,0.022
A0A532TB27,0.022
A0A135VFH3,0.022
A0A7K4GZI6,0.022
A0A1Q9P117,0.022
A0A524MC21,0.022
A0A524FUK1,0.022
A0A524EU49,0.022
A0A1Q9MQI9,0.022
A0A842Y9S2,0.022
A0A842QEI7,0.022
A0A524CVV8,0.022
A0A842RZD6,0.022
A0A497Q2D5,0.022
A0A497QRK6,0.022
A0A842WMD1,0.022
A0A842U5R8,0.022
A0A523X6L9,0.022
A0A497PLT2,0.022
A0A524FNF6,0.022
A0A7K4HG31,0.022
A0A523RN11,0.022
A0A524C6Q4,0.022
A0A523RC42,0.022
A0A523VQ13,0.022
A0A7K4D1D3,0.022
A0A1Q9P769,0.022
A0A524DXA0,0.022
A0A842WJC5,0.022
A0A523RGL8,0.022
A0A524CC26,0.022
A0A524EYP2,0.022
A0A524LK58,0.022
A0A842RWQ1,0.022
A0A0F8Y6R8,0.022
A0A7K4D077,0.022
A0A524ED15,0.022
A0A3L6JMI0,0.022
A0A5C9EHT9,0.022
A0A842T8U8,0.022
A0A524DYP3,0.022
A0A842YD64,0.022
A0A524C7Y7,0.022
A0A2U3CDX0,0.022
A0A3L6JD21,0.022
A0A5C9DUX0,0.022
A0A135VJK0,0.022
A0A7K4D0T6,0.022
A0A1Q9NEM9,0.022
A0A524DZ39,0.022
A0A3L6J7N0,0.022
A0A850M4D4,0.022
A0A7K4IBT0,0.022
A0A135VBS7,0.022
A0A532TDL6,0.022
A0A524D3U3,0.022
A0A523XNT5,0.022
A0A7K4H128,0.022
A0A2U3CFT5,0.022
A0A524DS08,0.022
A0A524CNE9,0.022
A0A850M5M5,0.022
A0A497QP84,0.022
A0A524CA68,0.022
A0A1Q9P4R6,0.022
A0A843BYE9,0.022
A0A850MED4,0.022
A0A523RHQ5,0.022
A0A524CSZ9,0.022
A0A1Q9NHQ6,0.022
A0A842VMC1,0.022
A0A0F8W1L1,0.022
A0A524E6U4,0.022
A0A842RJD2,0.022
A0A842RSC8,0.022
A0A842UBD9,0.022
A0A850MGI1,0.022
A0A524DEP3,0.022
A0A842YBE3,0.022
A0A849QEZ4,0.022
A0A524E8V6,0.022
A0A2U3CB89,0.022
A0A1Q9NAB2,0.022
A0A524D9S7,0.022
A0A3L6JPT4,0.022
A0A497QQW9,0.022
A0A524DAX5,0.022
A0A497QKN7,0.022
A0A7K4H4G3,0.022
A0A842S1D0,0.022
A0A7K4H6G9,0.022
A0A842TDH7,0.022
A0A7K4CT42,0.022
A0A524ECR4,0.022
A0A5C9F0H0,0.022
A0A7K4H4M1,0.022
A0A2U3CJB4,0.022
A0A1Q9NX12,0.022
A0A497PLP5,0.022
A0A524FIL5,0.022
A0A497QGF0,0.022
A0A842T1B2,0.022
A0A524EMU1,0.022
A0A842RYQ9,0.022
A0A524DLA1,0.022
A0A524CTT4,0.022
A0A842RI94,0.022
A0A524FDK8,0.022
A0A7K4GUX7,0.022
A0A497QHJ2,0.022
A0A842RKQ3,0.022
A0A5B9DE39,0.022
A0A524LCN4,0.022
A0A1Q9NZ61,0.022
A0A524FZM4,0.022
A0A842T9T3,0.022
A0A7K4CQZ6,0.022
A0A524EAV1,0.022
A0A5C9DWC7,0.022
A0A7K4H3E9,0.022
A0A842SZJ4,0.022
A0A524E5B3,0.022
A0A2U3CB17,0.022
A0A842TGN7,0.022
A0A524C5Q9,0.022
A0A5C9EK84,0.022
A0A497QGL3,0.022
A0A7K4GWF5,0.022
A0A523XBW4,0.022
A0A842TDM7,0.022
A0A7K4H857,0.022
A0A524D295,0.022
A0A850LVM2,0.022
A0A5C9EYY1,0.022
A0A497R0W9,0.022
A0A497QT50,0.022
A0A842VH09,0.022
A0A7K4CMB7,0.022
A0A0F8Y4Y5,0.022
A0A532TI99,0.022
A0A842VWG9,0.022
A0A523W3E1,0.022
A0A532TYE2,0.022
A0A7K4CQ92,0.022
A0A135VY62,0.022
A0A135VLH5,0.022
A0A7K4CT08,0.022
A0A0F8V810,0.022
A0A1Q9N338,0.022
A0A1Q9NQR7,0.022
A0A497PKC3,0.022
A0A1Q9P3M2,0.022
A0A5C9EXK0,0.022
A0A842TAW6,0.022
A0A524E8E5,0.022
A0A524D786,0.022
A0A3L6JBI5,0.022
A0A524G588,0.022
A0A5C9ELI2,0.022
A0A842TI88,0.022
A0A842TIR4,0.022
A0A524EQR6,0.022
A0A5C9END8,0.022
A0A842RF03,0.022
A0A497QXR3,0.022
A0A842TJG9,0.022
A0A135VZP0,0.022
A0A497PCD1,0.022
A0A850MR17,0.022
A0A7K4D1U6,0.022
A0A1Q9NRB9,0.022
A0A7K4HEI1,0.022
A0A5B9D8M4,0.022
A0A497P996,0.022
A0A135VMQ4,0.022
A0A135VVD5,0.022
A0A497QKP3,0.022
A0A842RQ06,0.022
A0A524CAK3,0.022
A0A524FPP1,0.022
A0A850LV47,0.022
A0A523TKA8,0.022
A0A524E2C3,0.021
A0A842R6D1,0.021
A0A523R8N7,0.021
A0A850LU39,0.021
A0A842V9M4,0.021
A0A849QFT9,0.021
A0A849QHC6,0.021
A0A842S9B5,0.021
A0A850MRM3,0.021
A0A2E9CGD4,0.021
A0A497QTU1,0.021
A0A497QIH8,0.021
A0A5B9DC87,0.021
A0A524CQA5,0.021
A0A7K4ICQ1,0.021
A0A524G8E0,0.021
A0A842WUJ3,0.021
A0A5C9ERV6,0.021
A0A842RSB0,0.021
A0A523TJ13,0.021
A0A524D361,0.021
A0A1Q9NFC9,0.021
A0A850LXB5,0.021
A0A1Q9PEX5,0.021
A0A7K4H7Z5,0.021
A0A7K4CVZ4,0.021
A0A5C9EA63,0.021
A0A1Q9NYU1,0.021
A0A5C9E432,0.021
A0A843BT23,0.021
A0A5C9E3Q2,0.021
A0A842VM90,0.021
A0A3L6JAR1,0.021
A0A850MJ21,0.021
A0A849QID9,0.021
A0A3L6JBL6,0.021
A0A524ELQ1,0.021
A0A1Q9NKF5,0.021
A0A842RA55,0.021
A0A5B9DFS7,0.021
A0A842S5F3,0.021
A0A524C8T4,0.021
A0A523S4A6,0.021
A0A5C9E3Q1,0.021
A0A532TE47,0.021
A0A842RR55,0.021
A0A5C9E7U9,0.021
A0A497R650,0.021
A0A497PJH3,0.021
A0A524EZP6,0.021
A0A2U3CHJ8,0.021
A0A5C9END3,0.021
A0A524EPF5,0.021
A0A135VH38,0.021
A0A523RWC0,0.021
A0A524CD18,0.021
A0A5C9EQR0,0.021
A0A5C9DXP2,0.021
A0A850LWD4,0.021
A0A1Q9NS51,0.021
A0A3L6JFH5,0.021
A0A135VQ13,0.021
A0A524C7G9,0.021
A0A842RJV9,0.021
A0A1Q9NRB3,0.021
A0A842QJE3,0.021
A0A524M6P3,0.021
A0A497RA19,0.021
A0A842U3B6,0.021
A0A523SD62,0.021
A0A524CHC0,0.021
A0A524EEI5,0.021
A0A524CGG3,0.021
A0A842U3D2,0.021
A0A523TI88,0.021
A0A524D4P8,0.021
A0A497PY43,0.021
A0A7K4CTQ0,0.021
A0A1Q9P1W8,0.021
A0A524CI41,0.021
A0A850MNI5,0.021
A0A523VWD4,0.021
A0A850M4W4,0.021
A0A842TC50,0.021
A0A524M2V6,0.021
A0A497PYD0,0.021
A0A524F433,0.021
A0A843BUJ8,0.021
A0A523XNV5,0.021
A0A1Q9MVY7,0.021
A0A842R9Z9,0.021
A0A3L6JJU4,0.021
A0A524FTB0,0.021
A0A842VLF0,0.021
A0A849QCX2,0.021
A0A842WVU2,0.021
A0A524F9I2,0.021
A0A842TDA1,0.021
A0A850MHS1,0.021
A0A524C523,0.021
A0A3L6JJA4,0.021
A0A5C9EEM9,0.021
A0A524F064,0.021
A0A850LRX9,0.021
A0A842RL28,0.021
A0A135VZE8,0.021
A0A1Q9NP73,0.021
A0A1Q9MSJ5,0.021
A0A524CTQ3,0.021
A0A135VEW9,0.021
A0A843C615,0.021
A0A497QGS4,0.021
A0A850LP99,0.021
A0A524EVS3,0.021
A0A524E462,0.021
A0A497RAU4,0.021
A0A532TQF0,0.021
A0A497PN80,0.021
A0A3L6JPE1,0.021
A0A1Q9P2K9,0.021
A0A1Q9P352,0.021
A0A5C9EAC6,0.021
A0A524DMI9,0.021
A0A2U3CKH1,0.021
A0A5C9DXJ4,0.021
A0A135VP10,0.021
A0A524EJS6,0.021
A0A524EB26,0.021
A0A1Q9NA57,0.021
A0A1Q9NAP1,0.021
A0A5C9ERW8,0.021
A0A7K4CRN3,0.021
A0A1Q9NWF8,0.021
A0A5C9ECY6,0.021
A0A532TAR4,0.021
A0A7K4H674,0.021
A0A7K4GXN6,0.021
A0A523RVD8,0.021
A0A524M2P4,0.021
A0A7K4IHC3,0.021
A0A5B9D9T9,0.021
A0A842VRN8,0.021
A0A1Q9PBG7,0.021
A0A524CAG7,0.021
A0A3L6J9K0,0.021
A0A1Q9N0N6,0.021
A0A850LWM2,0.021
A0A524CZD0,0.021
A0A524CRY6,0.021
A0A524CWK7,0.021
A0A497QIX3,0.021
A0A0F8VPM1,0.021
A0A842WPG2,0.021
A0A523TR71,0.021
A0A524CPW3,0.021
A0A5C9F3M2,0.021
A0A524ENR3,0.021
A0A524DWH9,0.021
A0A497PL19,0.021
A0A842S8Z6,0.021
A0A497Q2W6,0.021
A0A523VQE5,0.021
A0A524G6Z2,0.021
A0A7K4H419,0.021
A0A7K4CU84,0.021
A0A524D6C1,0.021
A0A1Q9NWK1,0.021
A0A850LSE8,0.021
A0A842T4V3,0.021
A0A2U3CK62,0.021
A0A850M913,0.021
A0A5B9DF49,0.021
A0A7K4CQI3,0.021
A0A524CI42,0.021
A0A842S4C7,0.021
A0A524CYM0,0.021
A0A7K4HJX5,0.021
A0A497QT78,0.021
A0A523RSX8,0.021
A0A7K4HGM4,0.021
A0A842SBI7,0.021
A0A842TD63,0.021
A0A1Q9PBX8,0.021
A0A532TYK2,0.021
A0A5C9EYQ1,0.021
A0A1Q9NAL7,0.021
A0A0F8VN81,0.021
A0A524DDC9,0.021
A0A842Y8M0,0.021
A0A7K4CMJ4,0.021
A0A842T2B9,0.021
A0A842YDB0,0.021
A0A7K4IAM9,0.021
A0A5C9ETW8,0.021
A0A7K4HFJ8,0.021
A0A3L6JMW2,0.021
A0A2E9CD81,0.021
A0A524FUW8,0.021
A0A497QNV2,0.021
A0A1Q9MQM5,0.021
A0A497Q0U5,0.021
A0A524FHA4,0.021
A0A0F8XIE8,0.021
A0A523TFE7,0.021
A0A7K4GUT9,0.021
A0A0F8VZH4,0.021
A0A842RRK4,0.021
A0A524CXV4,0.021
A0A523TCL9,0.021
A0A497QDT7,0.021
A0A524D3I9,0.021
A0A0F8VAT1,0.021
A0A3L6JJ10,0.021
A0A7K4CP83,0.021
A0A523TBX1,0.021
A0A842VDV6,0.021
A0A7K4HK94,0.021
A0A3L6JE38,0.021
A0A524DXV1,0.021
A0A532TMK0,0.021
A0A524G0C2,0.021
A0A1Q9NFG8,0.021
A0A524DIU9,0.021
A0A842U6L2,0.021
A0A135VLQ8,0.021
A0A524LHA6,0.021
A0A850MT34,0.021
A0A7K4GMC0,0.021
A0A3L6J975,0.021
A0A523RZT3,0.021
A0A7K4IDS5,0.021
A0A497QU22,0.021
A0A850M3U3,0.021
A0A1Q9P3G0,0.021
A0A524MCK1,0.021
A0A532TPU4,0.021
A0A842VYE6,0.021
A0A524FNE9,0.021
A0A497Q153,0.021
A0A523TK07,0.021
A0A523S4X4,0.021
A0A850MRU9,0.021
A0A5C9EWD7,0.021
A0A497QJY2,0.021
A0A497QPN7,0.021
A0A524EYD7,0.021
A0A842VTS3,0.021
A0A7K4CUQ0,0.021
A0A842VE00,0.021
A0A524M8T5,0.021
A0A1Q9MSW4,0.021
A0A523XI64,0.021
A0A1Q9PFY5,0.021
A0A842W3X5,0.021
A0A497PNF1,0.021
A0A524FPR6,0.021
A0A524DSB9,0.021
A0A497PBH7,0.021
A0A524CV46,0.021
A0A523TCW2,0.021
A0A7K4H197,0.021
A0A497QRK7,0.021
A0A1Q9NLG0,0.021
A0A524EA20,0.021
A0A497RH83,0.021
A0A524F6L0,0.021
A0A7K4HJF5,0.021
A0A523THC7,0.021
A0A523REV7,0.021
A0A1Q9P383,0.021
A0A523S7N0,0.021
A0A135VDF9,0.021
A0A135VLR8,0.021
A0A7K4GM99,0.021
A0A850LX65,0.021
A0A842TJB7,0.021
A0A5C9E4N4,0.021
A0A497PFI3,0.021
A0A7K4HDR8,0.021
A0A850LVQ8,0.021
A0A524C9X6,0.021
A0A1Q9NBN9,0.021
A0A532TZ39,0.021
A0A5C9E1K8,0.021
A0A135VMY9,0.021
A0A850M2H3,0.021
A0A524FE98,0.021
A0A524E135,0.021
A0A842QJ75,0.021
A0A497QDQ9,0.021
A0A135VRD7,0.021
A0A524E532,0.021
A0A850M820,0.021
A0A3L6JGW9,0.021
A0A524EAE1,0.021
A0A842T9J1,0.021
A0A7K4CQ46,0.021
A0A5C9EAF8,0.021
A0A497Q5G7,0.021
A0A842YDS0,0.021
A0A842RNX1,0.021
A0A849QCX4,0.021
A0A523W4H4,0.021
A0A497Q132,0.021
A0A1Q9NSP2,0.021
A0A524DBJ0,0.021
A0A532TBU2,0.021
A0A135VYM3,0.021
A0A0F8VZV7,0.021
A0A497QJ26,0.021
A0A532TX74,0.021
A0A7K4H5T6,0.021
A0A842SZV8,0.021
A0A7K4IC23,0.021
A0A2E9CFK1,0.021
A0A842TVR5,0.021
A0A497QA30,0.021
A0A7K4IA27,0.021
A0A135VG77,0.021
A0A3L6JGV7,0.021
A0A850M5S0,0.021
A0A5C9DX55,0.021
A0A524G9L0,0.021
A0A5C9EJK5,0.021
A0A842S474,0.021
A0A842VMQ7,0.021
A0A524CLV0,0.021
A0A5C9EWJ3,0.021
A0A842W0U5,0.021
A0A842TCY5,0.021
A0A7K4CWE8,0.021
A0A842Y983,0.021
A0A0F8XH50,0.021
A0A135VTU6,0.021
A0A524C720,0.021
A0A523VNB9,0.021
A0A497QXT1,0.021
A0A1Q9MVI0,0.021
A0A524CBZ5,0.021
A0A842QHY2,0.021
A0A3L6JRT2,0.021
A0A524D6D2,0.021
A0A842RMG3,0.021
A0A524F307,0.021
A0A1Q9MSV0,0.021
A0A524FKZ4,0.021
A0A524D2D6,0.021
A0A524F247,0.021
A0A842RF81,0.021
A0A7K4CVB5,0.021
A0A524C8V1,0.021
A0A497PD90,0.021
A0A850LWX1,0.021
A0A1Q9NWM6,0.021
A0A7K4GYF3,0.021
A0A842T417,0.021
A0A5C9END5,0.021
A0A523RFP0,0.021
A0A524FLJ7,0.021
A0A524C801,0.021
A0A842VRX5,0.021
A0A524LVU7,0.021
A0A524G0U9,0.021
A0A842RQX9,0.021
A0A850LQS0,0.021
A0A842QKC0,0.021
A0A135VFL5,0.021
A0A524CX92,0.021
A0A497QW36,0.021
A0A524EMI3,0.021
A0A850MSI6,0.021
A0A524D8Q8,0.021
A0A524G854,0.021
A0A497QYS3,0.021
A0A523S3P4,0.021
A0A497Q8H6,0.021
A0A497QYJ2,0.021
A0A497PEP2,0.021
A0A1Q9NNX4,0.021
A0A842TFN9,0.021
A0A5C9E0G0,0.021
A0A850LUL5,0.021
A0A842T1H4,0.021
A0A7K4GN72,0.021
A0A497QQ21,0.021
A0A1Q9PAY7,0.021
A0A524EG15,0.021
A0A842S8V0,0.021
A0A850LUE0,0.021
A0A2E9CG50,0.021
A0A524CG94,0.021
A0A842TDA0,0.021
A0A524LMD5,0.021
A0A842VLU6,0.021
A0A524FTA3,0.021
A0A850MPW2,0.021
A0A523RXZ0,0.021
A0A497QJ80,0.021
A0A7K4HJV4,0.021
A0A5B9DCR9,0.021
A0A842RZV4,0.021
A0A524FQ95,0.021
A0A7K4GWB8,0.021
A0A524MIS4,0.021
A0A842YB59,0.021
A0A842RJK9,0.021
A0A842RXP6,0.021
A0A1Q9MSV7,0.021
A0A0F8XE93,0.021
A0A523R9A5,0.021
A0A850LSU3,0.021
A0A842VIU1,0.021
A0A843C0V6,0.021
A0A524EQH2,0.021
A0A7K4H1M0,0.021
A0A532TCR2,0.021
A0A497PA12,0.021
A0A524DU40,0.021
A0A0F8VY30,0.021
A0A524CKM6,0.021
A0A135VC52,0.021
A0A842YDC0,0.021
A0A497QSQ9,0.021
A0A524DXM5,0.021
A0A7K4CZJ2,0.021
A0A7K4GVV4,0.021
A0A524E6Z4,0.021
A0A523R6B1,0.021
A0A523TJ39,0.021
A0A532T828,0.021
A0A524M698,0.021
A0A842T930,0.021
A0A497QM45,0.021
A0A497QS20,0.021
A0A850MFF4,0.021
A0A850LP86,0.021
A0A523X8M4,0.021
A0A524CQU2,0.021
A0A7K4D0E8,0.021
A0A842W092,0.021
A0A7K4GV88,0.021
A0A524DID0,0.021
A0A7K4CMX9,0.021
A0A2U3CJH9,0.021
A0A842RI56,0.021
A0A1Q9NK91,0.021
A0A5C9EVV7,0.021
A0A524C9Y9,0.021
A0A7K4CU88,0.021
A0A842YH21,0.021
A0A843BP07,0.021
A0A1Q9N0Q4,0.021
A0A524DMB6,0.021
A0A2U3CFU1,0.021
A0A0F8VI34,0.021
A0A497QD15,0.021
A0A523XJJ5,0.021
A0A842TIN6,0.021
A0A524M1V1,0.021
A0A524LZM7,0.021
A0A497R1X2,0.021
A0A0F8W3R8,0.021
A0A497R6H4,0.021
A0A842QKF1,0.021
A0A524FLF1,0.021
A0A843C687,0.021
A0A5C9EL42,0.021
A0A524LNT2,0.021
A0A7K4GR34,0.021
A0A523S4X1,0.021
A0A524DWH0,0.021
A0A1Q9PFM0,0.021
A0A1Q9PEY4,0.021
A0A842RI51,0.021
A0A5B9D7L0,0.021
A0A850MA83,0.021
A0A842RHH3,0.021
A0A842TFR7,0.021
A0A850M6Z5,0.021
A0A842W0J0,0.021
A0A524CBJ3,0.021
A0A3L6JML4,0.021
A0A532TF73,0.021
A0A3L6JNM4,0.021
A0A5C9EK53,0.021
A0A7K4HFD5,0.021
A0A0F8XQ99,0.021
A0A524D226,0.021
A0A7K4CPH6,0.021
A0A524C473,0.021
A0A2U3CIS0,0.021
A0A497QZ23,0.021
A0A523XH10,0.021
A0A524FCF6,0.021
A0A524DFY1,0.021
A0A850LXK2,0.021
A0A1Q9NNN3,0.021
A0A523VQR1,0.021
A0A524C934,0.021
A0A850MU10,0.021
A0A842VCH6,0.021
A0A524LZ69,0.021
A0A842WS36,0.021
A0A524EWB8,0.021
A0A524EMS0,0.021
A0A5C9EDJ6,0.021
A0A850LVL9,0.021
A0A524CIW3,0.021
A0A524CC06,0.021
A0A842VCH9,0.021
A0A5C9ESW2,0.021
A0A842T8I1,0.021
A0A524D6C2,0.021
A0A497QSM2,0.021
A0A1Q9P2P9,0.021
A0A497QXH5,0.021
A0A1Q9MUD7,0.021
A0A524FXI6,0.021
A0A497PIV6,0.021
A0A843BZZ5,0.021
A0A5C9EQ97,0.021
A0A497QN83,0.021
A0A524MBW1,0.021
A0A2E9CDY7,0.021
A0A5C9EU79,0.021
A0A842TKE0,0.021
A0A842QCA6,0.021
A0A524EQD5,0.021
A0A7K4H395,0.021
A0A842TKR1,0.021
A0A5C9EN65,0.021
A0A497QSB0,0.021
A0A523RX32,0.021
A0A1Q9NFZ6,0.021
A0A850MDV0,0.021
A0A7K4H5Y5,0.021
A0A7K4IDL1,0.021
A0A1Q9P2M3,0.021
A0A524CBQ5,0.02
A0A842TEZ2,0.02
A0A497PA29,0.02
A0A843BRU6,0.02
A0A524F0F7,0.02
A0A524EGJ6,0.02
A0A5C9E2H6,0.02
A0A7K4H0C3,0.02
A0A842TS17,0.02
A0A524CKZ2,0.02
A0A1Q9MW08,0.02
A0A524LTI4,0.02
A0A5C9EPN3,0.02
A0A850M286,0.02
A0A7K4HBF1,0.02
A0A135VVY2,0.02
A0A497R5E8,0.02
A0A524FGU1,0.02
A0A497QKJ3,0.02
A0A7K4CTB9,0.02
A0A524D5V7,0.02
A0A850ML96,0.02
A0A5B9DDR6,0.02
A0A850M8W9,0.02
A0A523XDV3,0.02
A0A842VX57,0.02
A0A524CY51,0.02
A0A524CG82,0.02
A0A842RDG9,0.02
A0A7K4CYY0,0.02
A0A524F2T3,0.02
A0A524CRF2,0.02
A0A7K4H8R3,0.02
A0A497PKZ3,0.02
A0A842X133,0.02
A0A524E641,0.02
A0A7K4HE25,0.02
A0A7K4IB16,0.02
A0A7K4H9L1,0.02
A0A0F8V842,0.02
A0A497QD50,0.02
A0A842TQ37,0.02
A0A7K4CY34,0.02
A0A524CY96,0.02
A0A7K4IGW7,0.02
A0A842U7F0,0.02
A0A842V830,0.02
A0A524LM42,0.02
A0A5C9F028,0.02
A0A842QBX5,0.02
A0A842Y9V6,0.02
A0A524EXR6,0.02
A0A524DHX1,0.02
A0A850MU15,0.02
A0A497P878,0.02
A0A5C9EDX1,0.02
A0A5B9D9F1,0.02
A0A842YC80,0.02
A0A135VDH5,0.02
A0A842W4J9,0.02
A0A497QII3,0.02
A0A843BTH1,0.02
A0A842VU36,0.02
A0A842THY8,0.02
A0A524D8X3,0.02
A0A524DA25,0.02
A0A7K4H761,0.02
A0A524E9D9,0.02
A0A523VST9,0.02
A0A5C9EZP1,0.02
A0A523S2N1,0.02
A0A7K4GXP1,0.02
A0A850M077,0.02
A0A5C9E003,0.02
A0A842YFA5,0.02
A0A524FH61,0.02
A0A524CN67,0.02
A0A7K4HAN3,0.02
A0A850MQ74,0.02
A0A524DVV4,0.02
A0A842QH89,0.02
A0A524F250,0.02
A0A497PQW7,0.02
A0A524FP93,0.02
A0A7K4HJS4,0.02
A0A1Q9P8M3,0.02
A0A524FIX3,0.02
A0A842VXB6,0.02
A0A3L6J985,0.02
A0A532TFF4,0.02
A0A7K4HK59,0.02
A0A524DJ63,0.02
A0A1Q9NET2,0.02
A0A5C9E684,0.02
A0A7K4IFP3,0.02
A0A524ESB6,0.02
A0A850LXJ7,0.02
A0A842VMN2,0.02
A0A1Q9NSE9,0.02
A0A842UDI2,0.02
A0A524M2D4,0.02
A0A850LUP0,0.02
A0A5C9ED78,0.02
A0A524DGI4,0.02
A0A0F8VBF4,0.02
A0A524EY09,0.02
A0A7K4GVL4,0.02
A0A7K4HF45,0.02
A0A1Q9NXX6,0.02
A0A523RW94,0.02
A0A524CD54,0.02
A0A3L6JCW1,0.02
A0A850M6M3,0.02
A0A532TMS2,0.02
A0A524DIK5,0.02
A0A532TED9,0.02
A0A524LKG6,0.02
A0A524DVC8,0.02
A0A524EUM4,0.02
A0A524G7K2,0.02
A0A524E129,0.02
A0A524E0K7,0.02
A0A524C253,0.02
A0A2U3CFJ6,0.02
A0A0F8Y2A4,0.02
A0A842QGF5,0.02
A0A850LV77,0.02
A0A497RAQ4,0.02
A0A532TXU6,0.02
A0A7K4CUY8,0.02
A0A0F8W073,0.02
A0A524D3P1,0.02
A0A524FRZ1,0.02
A0A842TKL8,0.02
A0A524ENJ5,0.02
A0A524D6L8,0.02
A0A524CVX7,0.02
A0A532TIZ1,0.02
A0A497QNV0,0.02
A0A7K4GT09,0.02
A0A524E7W2,0.02
A0A842VDX2,0.02
A0A842W218,0.02
A0A524EB81,0.02
A0A524DK98,0.02
A0A7K4H6M7,0.02
A0A842TIF2,0.02
A0A842WQC1,0.02
A0A497QLV6,0.02
A0A523RR56,0.02
A0A842TIM9,0.02
A0A7K4H1Q3,0.02
A0A0F8VYL3,0.02
A0A497Q0L2,0.02
A0A524DS70,0.02
A0A524FPS0,0.02
A0A7K4IFS1,0.02
A0A842WRU7,0.02
A0A842TJV4,0.02
A0A524FK81,0.02
A0A842WVL5,0.02
A0A524D7B6,0.02
A0A497PJ24,0.02
A0A524F956,0.02
A0A523R889,0.02
A0A135VTX8,0.02
A0A850LUW8,0.02
A0A842QCN8,0.02
A0A524EF63,0.02
A0A842QB62,0.02
A0A524DA43,0.02
A0A524FKT5,0.02
A0A5C9EMF9,0.02
A0A497QH97,0.02
A0A850LYS4,0.02
A0A842QDA6,0.02
A0A842TPJ4,0.02
A0A1Q9N1Z9,0.02
A0A135VRI4,0.02
A0A850MSS7,0.02
A0A5C9EEZ5,0.02
A0A842RM25,0.02
A0A842T516,0.02
A0A523VY93,0.02
A0A524G456,0.02
A0A524MB52,0.02
A0A523S5R0,0.02
A0A842VRL3,0.02
A0A842T6F0,0.02
A0A523SCA6,0.02
A0A849QFV2,0.02
A0A524E1W3,0.02
A0A532TLX0,0.02
A0A497PVN3,0.02
A0A524DEB8,0.02
A0A843BS56,0.02
A0A524CNN5,0.02
A0A5C9EPF3,0.02
A0A523RTF4,0.02
A0A497QJI6,0.02
A0A1Q9P8C0,0.02
A0A842TK12,0.02
A0A497Q7A6,0.02
A0A135VYJ5,0.02
A0A532T960,0.02
A0A5C9E518,0.02
A0A524P5C9,0.02
A0A842W1T1,0.02
A0A7K4H084,0.02
A0A524FA53,0.02
A0A842TIY8,0.02
A0A842RQZ9,0.02
A0A842UB42,0.02
A0A842TDJ7,0.02
A0A842TPN0,0.02
A0A524G8V5,0.02
A0A842VZ23,0.02
A0A5C9E3R7,0.02
A0A1Q9MVI3,0.02
A0A849QL75,0.02
A0A497PLK8,0.02
A0A7K4H8X5,0.02
A0A524CXF7,0.02
A0A524F7Q8,0.02
A0A842QBY4,0.02
A0A7K4GVB1,0.02
A0A850MMV7,0.02
A0A1Q9NIX4,0.02
A0A842TKB0,0.02
A0A2U3CBK9,0.02
A0A524CCA0,0.02
A0A524F3Y5,0.02
A0A497PB81,0.02
A0A5B9DD22,0.02
A0A842VUS1,0.02
A0A850MIK4,0.02
A0A497PTZ0,0.02
A0A524DQ59,0.02
A0A135VVS0,0.02
A0A497QAT8,0.02
A0A1Q9P3Z1,0.02
A0A0F8VJW1,0.02
A0A0F8VAG4,0.02
A0A497QSB3,0.02
A0A5B9DC25,0.02
A0A524DAK1,0.02
A0A497PL23,0.02
A0A497PHZ7,0.02
A0A842SFF4,0.02
A0A842TBQ8,0.02
A0A5C9EH86,0.02
A0A1Q9N103,0.02
A0A524CWF4,0.02
A0A842U1P3,0.02
A0A497PLZ0,0.02
A0A532TAJ1,0.02
A0A7K4HK31,0.02
A0A7K4CVT4,0.02
A0A524E1X4,0.02
A0A524MEI9,0.02
A0A842QC99,0.02
A0A842TFE2,0.02
A0A523RZL4,0.02
A0A5C9F1C5,0.02
A0A5C9ES39,0.02
A0A7K4GR74,0.02
A0A1Q9MWH8,0.02
A0A524CEB4,0.02
A0A524D1X4,0.02
A0A842VGC9,0.02
A0A524F2C5,0.02
A0A842V9X5,0.02
A0A497Q3X3,0.02
A0A842YCG2,0.02
A0A524DBC9,0.02
A0A524F757,0.02
A0A524EZZ9,0.02
A0A2E9CGD2,0.02
A0A524E483,0.02
A0A5C9E8F5,0.02
A0A7K4GL14,0.02
A0A524CND1,0.02
A0A1Q9NBW3,0.02
A0A850MD07,0.02
A0A3L6JJK5,0.02
A0A497PK91,0.02
A0A497QYU9,0.02
A0A842VB53,0.02
A0A842QG14,0.02
A0A524DAS3,0.02
A0A842WU51,0.02
A0A842WSE6,0.02
A0A5C9E5L3,0.02
A0A523X8Y1,0.02
A0A842YG12,0.02
A0A524D169,0.02
A0A1Q9NJA3,0.02
A0A842WKQ1,0.02
A0A842RXC8,0.02
A0A524C4F1,0.02
A0A524DV91,0.02
A0A135VJH3,0.02
A0A0F8VES5,0.02
A0A524G8F3,0.02
A0A842R8K7,0.02
A0A497PT86,0.02
A0A5C9EU16,0.02
A0A524G9U7,0.02
A0A3L6JNC2,0.02
A0A5C9E8V5,0.02
A0A0F8VIH6,0.02
A0A5C9DZ10,0.02
A0A497QPC1,0.02
A0A849QCD6,0.02
A0A842VFC8,0.02
A0A5C9EZ45,0.02
A0A524FYM4,0.02
A0A842VS68,0.02
A0A0F8Y582,0.02
A0A523RQ13,0.02
A0A497QWK2,0.02
A0A3L6J8Q7,0.02
A0A524CCW2,0.02
A0A850MLW9,0.02
A0A497QRS0,0.02
A0A7K4CTZ1,0.02
A0A524G3J6,0.02
A0A850LZT7,0.02
A0A7K4CYR6,0.02
A0A497R969,0.02
A0A842RCF2,0.02
A0A1Q9MUV9,0.02
A0A135VHW9,0.02
A0A849QF71,0.02
A0A7K4GW87,0.02
A0A523VP17,0.02
A0A523RYJ1,0.02
A0A1Q9NBU5,0.02
A0A523TGT6,0.02
A0A842RYH8,0.02
A0A842RQN5,0.02
A0A1Q9NEJ6,0.02
A0A524DJU8,0.02
A0A524F1L1,0.02
A0A842T7L3,0.02
A0A1Q9NVD8,0.02
A0A0F8VNQ5,0.02
A0A5C9EJF1,0.02
A0A7K4HAC4,0.02
A0A135VL79,0.02
A0A842WSR0,0.02
A0A523RCN3,0.02
A0A7K4CW98,0.02
A0A842VAW0,0.02
A0A5C9DWS5,0.02
A0A524LHT0,0.02
A0A842TM23,0.02
A0A1Q9NKM0,0.02
A0A523W0J4,0.02
A0A532T913,0.02
A0A850LRB8,0.02
A0A497QXD6,0.02
A0A850LQP6,0.02
A0A1Q9P2M5,0.02
A0A524EXV0,0.02
A0A1Q9MRE4,0.02
A0A2U3CIR2,0.02
A0A7K4GWR1,0.02
A0A7K4CW91,0.02
A0A523R716,0.02
A0A524FS45,0.02
A0A1Q9PAR3,0.02
A0A842THJ4,0.02
A0A523W1R6,0.02
A0A524F7S1,0.02
A0A523S290,0.02
A0A497PWC9,0.02
A0A532TWI4,0.02
A0A532TH14,0.02
A0A524CPT5,0.02
A0A5C9DZK0,0.02
A0A842WNR8,0.02
A0A1Q9NQ13,0.02
A0A524CWK0,0.02
A0A135VST4,0.02
A0A523S0L1,0.02
A0A1Q9P1F7,0.02
A0A850ML00,0.02
A0A7K4GQ43,0.02
A0A1Q9NZX6,0.02
A0A842VXQ2,0.02
A0A3L6JQK6,0.02
A0A524G941,0.02
A0A497P8J6,0.02
A0A850M5A6,0.02
A0A5B9DB52,0.02
A0A524F1R5,0.02
A0A842RI75,0.02
A0A5B9D5D9,0.02
A0A842QKT5,0.02
A0A523RJ50,0.02
A0A497R1B2,0.02
A0A842W2J1,0.02
A0A843C4D2,0.02
A0A523RZJ3,0.02
A0A524FVQ4,0.02
A0A524ECS7,0.02
A0A532TV97,0.02
A0A3L6JPC2,0.02
A0A842VQT6,0.02
A0A523RCH1,0.02
A0A7K4D1I7,0.02
A0A7K4HKD9,0.02
A0A524G8X2,0.02
A0A524D5M0,0.02
A0A523X595,0.02
A0A7K4CPA1,0.02
A0A842VWX2,0.02
A0A850LQI2,0.02
A0A5C9EJY6,0.02
A0A2U3CIH9,0.02
A0A524FQL7,0.02
A0A842QIT0,0.02
A0A842T3S5,0.02
A0A842WWN3,0.02
A0A850MHM3,0.02
A0A497QWR3,0.02
A0A5C9E3G4,0.02
A0A135VUG2,0.02
A0A850LQJ9,0.02
A0A3L6JM33,0.02
A0A1Q9NTP1,0.02
A0A524P553,0.02
A0A532TCQ0,0.02
A0A524L885,0.02
A0A7K4CMN5,0.02
A0A850LXF3,0.02
A0A842WV34,0.02
A0A850LQ94,0.02
A0A0F8XSM3,0.02
A0A842VDZ9,0.02
A0A524D9V9,0.02
A0A842RK18,0.02
A0A524FRL8,0.02
A0A497PEF9,0.02
A0A524MJA6,0.02
A0A842VKT4,0.02
A0A3L6JH79,0.02
A0A842S7N6,0.02
A0A524E6F7,0.02
A0A524C5P6,0.02
A0A5C9EAL8,0.02
A0A523TP18,0.02
A0A497QD17,0.02
A0A524E2D2,0.02
A0A532TTW1,0.02
A0A7K4H2A3,0.02
A0A135VH12,0.02
A0A135VZD8,0.02
A0A7K4CSV0,0.02
A0A524C600,0.02
A0A7K4H7P6,0.02
A0A1Q9NR87,0.02
A0A842VP57,0.02
A0A842YHB5,0.02
A0A1Q9PFL5,0.02
A0A497P8G4,0.02
A0A1Q9P4G1,0.02
A0A842YBQ2,0.02
A0A842R9U8,0.02
A0A135VTA4,0.02
A0A1Q9NFW5,0.02
A0A850MGM4,0.02
A0A524C937,0.02
A0A497QUS6,0.02
A0A524E8H0,0.02
A0A7K4IFQ0,0.02
A0A524CAJ8,0.02
A0A5C9E8G9,0.02
A0A842S0Q3,0.02
A0A524EGS3,0.02
A0A850LST9,0.02
A0A850LWZ9,0.02
A0A524GAS3,0.02
A0A1Q9NVV2,0.02
A0A842U8C4,0.02
A0A1Q9NPF1,0.02
A0A5C9E3A0,0.02
A0A497PHL2,0.02
A0A524GB15,0.02
A0A1Q9P2L1,0.02
A0A524F4K2,0.02
A0A524DA56,0.02
A0A842YG71,0.02
A0A5C9E621,0.02
A0A1Q9P592,0.02
A0A524ECT1,0.02
A0A523XKB7,0.02
A0A5C9EHM8,0.02
A0A1Q9N3B5,0.02
A0A7K4IGB5,0.02
A0A842THP0,0.02
A0A532TDU5,0.02
A0A523RBU6,0.02
A0A524FZ90,0.02
A0A524CD73,0.02
A0A1Q9NY54,0.02
A0A842U436,0.02
A0A524CVY6,0.02
A0A850MNQ5,0.02
A0A1Q9NXR0,0.02
A0A524L9H4,0.02
A0A850M1H2,0.02
A0A5C9EAW7,0.02
A0A497QIN3,0.02
A0A842RWZ3,0.02
A0A497QWP2,0.02
A0A5C9E7K3,0.02
A0A842VLS9,0.02
A0A842U561,0.02
A0A842W0W8,0.02
A0A842TJB3,0.02
A0A524LPN4,0.02
A0A524DLG3,0.02
A0A842W1I4,0.02
A0A842VNN4,0.02
A0A2U3CCH3,0.02
A0A842QHN8,0.02
A0A497QDU7,0.02
A0A850M4T0,0.02
A0A5C9EDC4,0.02
A0A842TGL5,0.02
A0A3L6JFE6,0.02
A0A524M3X8,0.02
A0A0F8XL89,0.02
A0A1Q9NCZ0,0.02
A0A3L6JK17,0.02
A0A7K4CTZ8,0.02
A0A842TQN5,0.02
A0A5C9EBX1,0.02
A0A523RAN5,0.02
A0A524DSB0,0.02
A0A524EEM3,0.02
A0A497QX74,0.02
A0A3L6JRT1,0.02
A0A5B9D7Q6,0.02
A0A842VYX6,0.02
A0A524M3T2,0.02
A0A497QE31,0.02
A0A842T4X2,0.02
A0A524ELH2,0.02
A0A5C9DWB1,0.02
A0A842VGS5,0.02
A0A7K4CPQ8,0.02
A0A850MAK4,0.02
A0A524D825,0.02
A0A5C9EXB3,0.02
A0A524D1E3,0.02
A0A7K4GLN2,0.02
A0A849QGP3,0.02
A0A5B9D7T6,0.02
A0A842RKC2,0.02
A0A523RH80,0.02
A0A7K4IDB6,0.02
A0A842S0T8,0.019
A0A7K4CVX1,0.019
A0A524EX19,0.019
A0A497Q4C6,0.019
A0A497PJB0,0.019
A0A850LXJ6,0.019
A0A850LWJ7,0.019
A0A7K4HH09,0.019
A0A524M0L9,0.019
A0A842T879,0.019
A0A524FWW2,0.019
A0A842Y8P2,0.019
A0A842WM26,0.019
A0A850MLV3,0.019
A0A842S198,0.019
A0A5C9F3G4,0.019
A0A523R8L7,0.019
A0A135VAW3,0.019
A0A842WZA9,0.019
A0A5C9E1H0,0.019
A0A524CGD1,0.019
A0A0F8Y5S1,0.019
A0A842VS78,0.019
A0A497Q928,0.019
A0A2U3CBW1,0.019
A0A5C9ETR2,0.019
A0A532TQG0,0.019
A0A524LJD7,0.019
A0A842QH29,0.019
A0A850MTB7,0.019
A0A842RAV0,0.019
A0A842VU04,0.019
A0A524G3V0,0.019
A0A524CKA6,0.019
A0A842WT95,0.019
A0A135VXG7,0.019
A0A1Q9N0U4,0.019
A0A497PUJ8,0.019
A0A1Q9NUY5,0.019
A0A3L6JPZ4,0.019
A0A842WRM8,0.019
A0A1Q9NEZ1,0.019
A0A3L6JT00,0.019
A0A842QJR2,0.019
A0A524F0S4,0.019
A0A523RH57,0.019
A0A5C9ECA4,0.019
A0A523RFG3,0.019
A0A523S0Q2,0.019
A0A1Q9N214,0.019
A0A7K4HG56,0.019
A0A524E9U1,0.019
A0A7K4GXT0,0.019
A0A523TSJ3,0.019
A0A1Q9NDR3,0.019
A0A7K4GYS5,0.019
A0A5C9EGF9,0.019
A0A524FEM1,0.019
A0A850LY97,0.019
A0A524MH46,0.019
A0A7K4GMX4,0.019
A0A5C9DXH6,0.019
A0A135VDG4,0.019
A0A5C9F308,0.019
A0A1Q9NGP7,0.019
A0A497Q199,0.019
A0A5C9EHJ2,0.019
A0A524CT83,0.019
A0A7K4GKU1,0.019
A0A7K4IF43,0.019
A0A843BT03,0.019
A0A524G1D2,0.019
A0A842SSZ2,0.019
A0A7K4CPK0,0.019
A0A532T1R8,0.019
A0A850MRQ6,0.019
A0A5B9D8Z5,0.019
A0A2U3CH31,0.019
A0A842QGU2,0.019
A0A7K4D173,0.019
A0A1Q9NWY5,0.019
A0A7K4IB90,0.019
A0A842VDD0,0.019
A0A524FGJ5,0.019
A0A7K4GZZ3,0.019
A0A524FEZ0,0.019
A0A497QEF0,0.019
A0A5C9E8A3,0.019
A0A524C9V9,0.019
A0A842VZP4,0.019
A0A842VZV2,0.019
A0A842RDV6,0.019
A0A7K4CXZ3,0.019
A0A842QIA0,0.019
A0A1Q9P6E4,0.019
A0A7K4HIZ0,0.019
A0A524CL29,0.019
A0A5C9E3X9,0.019
A0A524EL82,0.019
A0A524DRW8,0.019
A0A850LT20,0.019
A0A524ERK9,0.019
A0A850M274,0.019
A0A842RC71,0.019
A0A842R9N4,0.019
A0A842WNF2,0.019
A0A1Q9P920,0.019
A0A842W2K2,0.019
A0A850M553,0.019
A0A497QXN9,0.019
A0A523VV67,0.019
A0A524FDH0,0.019
A0A524C6I8,0.019
A0A2E9CFA5,0.019
A0A5C9EVH8,0.019
A0A842WSA6,0.019
A0A0F8Y7B0,0.019
A0A1Q9NKD4,0.019
A0A524EGJ7,0.019
A0A523RBE0,0.019
A0A7C0YD12,0.019
A0A524D7Q1,0.019
A0A1Q9PAD0,0.019
A0A497QNE5,0.019
A0A0F8VIS3,0.019
A0A842SXC5,0.019
A0A5C9DVB7,0.019
A0A7K4CQI6,0.019
A0A850M2V8,0.019
A0A849QFU8,0.019
A0A7K4CU22,0.019
A0A524FJC7,0.019
A0A842S0I8,0.019
A0A842T338,0.019
A0A3L6JPI5,0.019
A0A497QG21,0.019
A0A5B9D7C9,0.019
A0A524D080,0.019
A0A842TBW7,0.019
A0A1Q9P370,0.019
A0A842UFB2,0.019
A0A842VRP4,0.019
A0A524EZF2,0.019
A0A842QCC5,0.019
A0A842THG4,0.019
A0A0F8VIJ8,0.019
A0A3L6JQ53,0.019
A0A497PQM0,0.019
A0A842WWE8,0.019
A0A850M749,0.019
A0A135VPT2,0.019
A0A523TE25,0.019
A0A1Q9MSL1,0.019
A0A523RZY8,0.019
A0A842V9Z1,0.019
A0A842TFC8,0.019
A0A524ER15,0.019
A0A524FL56,0.019
A0A524CEH3,0.019
A0A849QDU8,0.019
A0A842VXM9,0.019
A0A5B9D5B2,0.019
A0A497QKR3,0.019
A0A524F0B1,0.019
A0A842TJJ2,0.019
A0A1Q9NS33,0.019
A0A1Q9ND51,0.019
A0A842QAE2,0.019
A0A5B9D5P2,0.019
A0A3L6JI66,0.019
A0A850LYS8,0.019
A0A135VS97,0.019
A0A850MNA1,0.019
A0A2U3CIK0,0.019
A0A5C9EZH2,0.019
A0A850MA84,0.019
A0A7K4IHA7,0.019
A0A135VVP1,0.019
A0A5B9DCB7,0.019
A0A842QI62,0.019
A0A7K4I9R1,0.019
A0A524CRL6,0.019
A0A135VGQ6,0.019
A0A524D5Y6,0.019
A0A842QGZ2,0.019
A0A1Q9MU97,0.019
A0A524FU01,0.019
A0A5C9E0L8,0.019
A0A524CP87,0.019
A0A7K4GWF1,0.019
A0A497PBR2,0.019
A0A497QZ66,0.019
A0A3L6JE12,0.019
A0A7K4GNV5,0.019
A0A5C9E058,0.019
A0A3L6JDN7,0.019
A0A2U3CBE0,0.019
A0A524E4F9,0.019
A0A524G7K8,0.019
A0A7K4H929,0.019
A0A524E7N2,0.019
A0A3L6JM89,0.019
A0A7K4CN91,0.019
A0A524FL53,0.019
A0A524CR81,0.019
A0A524C4P3,0.019
A0A5B9D6Z8,0.019
A0A850LXM2,0.019
A0A524EWH8,0.019
A0A497QNC8,0.019
A0A7K4CP89,0.019
A0A524D9Q8,0.019
A0A5C9ENX3,0.019
A0A5B9D5Z7,0.019
A0A524EGF5,0.019
A0A2U3CIG8,0.019
A0A497QC67,0.019
A0A1Q9MWU6,0.019
A0A7K4HII9,0.019
A0A523W3L6,0.019
A0A523RZ14,0.019
A0A7K4GPF3,0.019
A0A1Q9MXV9,0.019
A0A524LU27,0.019
A0A842UEF4,0.019
A0A850M8D0,0.019
A0A524CTB8,0.019
A0A3L6JB69,0.019
A0A7K4H6J5,0.019
A0A5B9D6Z9,0.019
A0A842S451,0.019
A0A1Q9NA93,0.019
A0A5C9DZ34,0.019
A0A524EBM2,0.019
A0A1Q9PFV2,0.019
A0A524ELD8,0.019
A0A497PTH6,0.019
A0A7K4IE56,0.019
A0A524D1X2,0.019
A0A3L6JP77,0.019
A0A497QNX5,0.019
A0A842W435,0.019
A0A842WMI4,0.019
A0A5C9EFG0,0.019
A0A5C9E8P6,0.019
A0A524LWT2,0.019
A0A842VXS8,0.019
A0A497PDF2,0.019
A0A523R956,0.019
A0A842RC32,0.019
A0A524CG58,0.019
A0A524CML0,0.019
A0A135VXZ0,0.019
A0A842SZE8,0.019
A0A1Q9PCI0,0.019
A0A5C9E0Z3,0.019
A0A842RAM0,0.019
A0A497PFG6,0.019
A0A7K4CQ89,0.019
A0A7K4HC90,0.019
A0A842TGT8,0.019
A0A850LW74,0.019
A0A850LVE0,0.019
A0A524M845,0.019
A0A497PC92,0.019
A0A135VRI5,0.019
A0A842RLT7,0.019
A0A497R2V1,0.019
A0A524E604,0.019
A0A523VT12,0.019
A0A842R988,0.019
A0A0F8WC51,0.019
A0A523XH59,0.019
A0A532TGN2,0.019
A0A497PSN9,0.019
A0A523TSA5,0.019
A0A524DBG4,0.019
A0A1Q9NID0,0.019
A0A524EYV6,0.019
A0A135VLU5,0.019
A0A1Q9PC94,0.019
A0A524DMW1,0.019
A0A842WQX7,0.019
A0A524CQV5,0.019
A0A524F674,0.019
A0A524FVL4,0.019
A0A850LSE6,0.019
A0A135VL40,0.019
A0A842TL06,0.019
A0A523VW68,0.019
A0A524EIF1,0.019
A0A524CRA9,0.019
A0A5B9DCJ5,0.019
A0A524CR06,0.019
A0A7C0Y856,0.019
A0A850ML20,0.019
A0A5B9DDP3,0.019
A0A524FMQ1,0.019
A0A135VJL5,0.019
A0A850MF91,0.019
A0A524DEH3,0.019
A0A524DNH8,0.019
A0A524EEH5,0.019
A0A524DKP6,0.019
A0A524LFZ5,0.019
A0A497PF49,0.019
A0A523XSQ4,0.019
A0A524CV21,0.019
A0A1Q9NPG0,0.019
A0A1Q9NK08,0.019
A0A524F889,0.019
A0A524LM67,0.019
A0A0F8Y0S2,0.019
A0A524EHT6,0.019
A0A524DN04,0.019
A0A843C4A0,0.019
A0A842WUE9,0.019
A0A842WXG1,0.019
A0A524DJI3,0.019
A0A524ELA5,0.019
A0A842VD28,0.019
A0A0F8W3T8,0.019
A0A842S5I5,0.019
A0A135VJQ2,0.019
A0A842YDZ5,0.019
A0A842W3B0,0.019
A0A842RCR0,0.019
A0A1Q9P7V9,0.019
A0A5C9EID8,0.019
A0A1Q9PFY9,0.019
A0A842QEY9,0.019
A0A5C9EJS4,0.019
A0A497QDG3,0.019
A0A523RTL5,0.019
A0A135VY81,0.019
A0A843C3E9,0.019
A0A497R5F1,0.019
A0A842VED7,0.019
A0A842QER8,0.019
A0A842QKV1,0.019
A0A524CL65,0.019
A0A842RD14,0.019
A0A5C9ELJ0,0.019
A0A497PE16,0.019
A0A532TNI2,0.019
A0A497QXW8,0.019
A0A524D420,0.019
A0A842RDR9,0.019
A0A2U3CIX8,0.019
A0A3L6JJP7,0.019
A0A524F7W2,0.019
A0A524EDF0,0.019
A0A135VNA9,0.019
A0A5C9E509,0.019
A0A7K4CSA8,0.019
A0A850M3B1,0.019
A0A524EIX1,0.019
A0A1Q9NQ36,0.019
A0A850MKR5,0.019
A0A842TER4,0.019
A0A497QP77,0.019
A0A0F8XY87,0.019
A0A524DKM9,0.019
A0A850M0Q5,0.019
A0A497PNN2,0.019
A0A524D5M1,0.019
A0A5C9EIZ8,0.019
A0A524DDH8,0.019
A0A849QC25,0.019
A0A497Q8K2,0.019
A0A497QNH3,0.019
A0A497QSY5,0.019
A0A497PJY9,0.019
A0A842SWP8,0.019
A0A850LTF6,0.019
A0A850LYC4,0.019
A0A532TTX0,0.019
A0A842TA02,0.019
A0A842TGJ3,0.019
A0A842VTL7,0.019
A0A524C4Y1,0.019
A0A1Q9MQJ0,0.019
A0A7K4GTT1,0.019
A0A5C9EIH0,0.019
A0A850LPH3,0.019
A0A5C9EBB9,0.019
A0A850MTR0,0.019
A0A849QH50,0.019
A0A524CJ73,0.019
A0A7K4GW08,0.019
A0A524FRI5,0.019
A0A842Y853,0.019
A0A850LSP9,0.019
A0A842REZ1,0.019
A0A7K4H2M7,0.019
A0A524CZP3,0.019
A0A842QCM9,0.019
A0A1Q9NBL3,0.019
A0A523SBW8,0.019
A0A497QIR9,0.019
A0A497RBP4,0.019
A0A497QC95,0.019
A0A1Q9PCB5,0.019
A0A524C4N9,0.019
A0A842TW48,0.019
A0A524DQW8,0.019
A0A842RFF1,0.019
A0A1Q9NFS4,0.019
A0A524ECS1,0.019
A0A850LUC5,0.019
A0A5C9E6Q4,0.019
A0A850M0X8,0.019
A0A7K4HB54,0.019
A0A5C9ENW0,0.019
A0A497Q3Q5,0.019
A0A842RLP4,0.019
A0A0F8WEJ8,0.019
A0A842U7N1,0.019
A0A842R6Q9,0.019
A0A842VYH2,0.019
A0A850MNH5,0.019
A0A842TBJ3,0.019
A0A842TF97,0.019
A0A843C0C2,0.019
A0A5C9EHV8,0.019
A0A842VAR7,0.019
A0A842SZJ8,0.019
A0A7K4HEC8,0.019
A0A7K4H3H0,0.019
A0A2U3CKG5,0.019
A0A7C0U931,0.019
A0A5C9ELV7,0.019
A0A524EN42,0.019
A0A842QI95,0.019
A0A1Q9N403,0.019
A0A497QMH7,0.019
A0A850MSF3,0.019
A0A842WRI2,0.019
A0A5B9DBC1,0.019
A0A7K4CYW0,0.019
A0A532T9Y1,0.019
A0A1Q9MUG5,0.019
A0A523REK6,0.019
A0A497PQH1,0.019
A0A1Q9NI98,0.019
A0A842S9S3,0.019
A0A523XAE3,0.019
A0A524CJX9,0.019
A0A1Q9P0L1,0.019
A0A524FM94,0.019
A0A524CM29,0.019
A0A524DJM4,0.019
A0A1Q9NZ83,0.019
A0A843C0M3,0.019
A0A5C9E0X1,0.019
A0A1Q9NGC2,0.019
A0A5B9DFS9,0.019
A0A523X933,0.019
A0A524FIQ6,0.019
A0A135VW37,0.019
A0A7K4H6H3,0.019
A0A7K4HKB2,0.019
A0A842VND4,0.019
A0A842TLJ7,0.019
A0A523VW42,0.019
A0A1Q9NH95,0.019
A0A532T1H2,0.019
A0A523R8M7,0.019
A0A497Q2U3,0.019
A0A1Q9MY43,0.019
A0A497R1B5,0.019
A0A524D8W9,0.019
A0A497QY57,0.019
A0A524FZI7,0.019
A0A523RWR9,0.019
A0A524C399,0.019
A0A524CBA7,0.019
A0A7K4H5I8,0.019
A0A7K4CVG5,0.019
A0A1Q9NYJ9,0.019
A0A497PTU2,0.019
A0A7K4HK35,0.019
A0A497PP59,0.019
A0A524DUD3,0.019
A0A497R3U3,0.019
A0A842VZX6,0.019
A0A497PS86,0.019
A0A524D5C2,0.019
A0A524EFP1,0.019
A0A1Q9NG03,0.019
A0A7K4CSM9,0.019
A0A524CYY7,0.019
A0A524FID2,0.019
A0A524LJ64,0.019
A0A524EF74,0.019
A0A7K4HBE2,0.019
A0A850MP30,0.019
A0A5C9DU42,0.019
A0A524ELK0,0.019
A0A842TJD4,0.019
A0A842W4V8,0.019
A0A842RIM8,0.019
A0A1Q9P4A8,0.019
A0A842QDG8,0.019
A0A5C9E7G4,0.019
A0A497PT44,0.019
A0A524FJX3,0.019
A0A532TPF8,0.018
A0A524CJ90,0.018
A0A524DNF8,0.018
A0A497QBQ7,0.018
A0A850M982,0.018
A0A842QG25,0.018
A0A524D4Z8,0.018
A0A842VLA5,0.018
A0A7K4GWM3,0.018
A0A7K4CPA0,0.018
A0A1Q9P9R7,0.018
A0A497Q8U0,0.018
A0A2U3CEZ1,0.018
A0A524ERE7,0.018
A0A7K4HE50,0.018
A0A843C0E8,0.018
A0A842YF59,0.018
A0A497QWF0,0.018
A0A7K4HBT1,0.018
A0A524DPB8,0.018
A0A842YA82,0.018
A0A497QYX8,0.018
A0A532TI73,0.018
A0A1Q9N2D5,0.018
A0A524FAH6,0.018
A0A5B9DE42,0.018
A0A524FXV7,0.018
A0A2U3CHI1,0.018
A0A524D310,0.018
A0A7K4CTF1,0.018
A0A497PXF9,0.018
A0A524EUX5,0.018
A0A497PL75,0.018
A0A842QCT4,0.018
A0A523RBG5,0.018
A0A497QCG0,0.018
A0A524FZH7,0.018
A0A7K4IHF8,0.018
A0A842TL98,0.018
A0A532TR37,0.018
A0A842VZZ6,0.018
A0A842RI64,0.018
A0A7K4GNE6,0.018
A0A524FKQ8,0.018
A0A842WM01,0.018
A0A842VCV2,0.018
A0A849QFY9,0.018
A0A2U3CCV1,0.018
A0A842VY52,0.018
A0A1Q9NPP5,0.018
A0A7K4GU67,0.018
A0A7K4H4J3,0.018
A0A524C6J2,0.018
A0A842VFZ1,0.018
A0A842QAL3,0.018
A0A524E533,0.018
A0A7K4GQI7,0.018
A0A1Q9NEE9,0.018
A0A523RZ92,0.018
A0A524DE23,0.018
A0A497PW04,0.018
A0A532TSE0,0.018
A0A1Q9MVZ3,0.018
A0A1Q9NG20,0.018
A0A524ER11,0.018
A0A842WQS5,0.018
A0A524FE78,0.018
A0A524F821,0.018
A0A523X517,0.018
A0A842U5D7,0.018
A0A842VAS2,0.018
A0A497R5U5,0.018
A0A497QN75,0.018
A0A524DQM6,0.018
A0A849Q5P9,0.018
A0A497Q3W5,0.018
A0A524LWL4,0.018
A0A524LBI9,0.018
A0A524EDI0,0.018
A0A7K4H9J4,0.018
A0A497QCC3,0.018
A0A5C9E4T2,0.018
A0A842SX62,0.018
A0A497QSI7,0.018
A0A850MFQ3,0.018
A0A842RBW5,0.018
A0A524FEQ2,0.018
A0A524LIK3,0.018
A0A135VVZ2,0.018
A0A3L6JJ31,0.018
A0A842RW91,0.018
A0A3L6JLU3,0.018
A0A524C3X7,0.018
A0A842YIA0,0.018
A0A524MG02,0.018
A0A1Q9P6K5,0.018
A0A497PKU6,0.018
A0A1Q9P0X7,0.018
A0A7K4HBG2,0.018
A0A0F8XNN3,0.018
A0A850MQB1,0.018
A0A850LWT6,0.018
A0A7K4H228,0.018
A0A135VRZ2,0.018
A0A1Q9NSP7,0.018
A0A524EI86,0.018
A0A1Q9P6H1,0.018
A0A524DQN8,0.018
A0A524CEN9,0.018
A0A135VLZ8,0.018
A0A497QE93,0.018
A0A7K4GKL4,0.018
A0A5C9DXT4,0.018
A0A524CAK6,0.018
A0A842WPN3,0.018
A0A5C9EPV6,0.018
A0A135VFX9,0.018
A0A524MJZ5,0.018
A0A524G2Q1,0.018
A0A7K4HK70,0.018
A0A524NUN3,0.018
A0A5B9D6U6,0.018
A0A532TF97,0.018
A0A5C9E5E4,0.018
A0A842VG20,0.018
A0A7K4H1V0,0.018
A0A7K4HIM7,0.018
A0A497Q675,0.018
A0A842TG24,0.018
A0A842RDS1,0.018
A0A523RF48,0.018
A0A5C9E1Q8,0.018
A0A524E3C9,0.018
A0A1Q9NYU6,0.018
A0A523RYN1,0.018
A0A843C6U1,0.018
A0A524E610,0.018
A0A524CXQ9,0.018
A0A497R0S3,0.018
A0A524DH43,0.018
A0A3L6JC88,0.018
A0A5C9ECL2,0.018
A0A842RJB8,0.018
A0A842W167,0.018
A0A497QXQ1,0.018
A0A523XDS2,0.018
A0A1Q9P1G0,0.018
A0A7K4GUU8,0.018
A0A842S5B6,0.018
A0A524CSM1,0.018
A0A532TN04,0.018
A0A524DL34,0.018
A0A850M028,0.018
A0A524P1X8,0.018
A0A850LU48,0.018
A0A524M107,0.018
A0A1Q9NFC4,0.018
A0A135VTB7,0.018
A0A497QYP1,0.018
A0A5C9EGJ0,0.018
A0A1Q9MU01,0.018
A0A7K4H365,0.018
A0A5C9EJD4,0.018
A0A5C9ECY4,0.018
A0A5C9EZ52,0.018
A0A524CM71,0.018
A0A524DAM1,0.018
A0A842SWD5,0.018
A0A1Q9NA69,0.018
A0A1Q9NBA5,0.018
A0A523RHZ0,0.018
A0A1Q9N139,0.018
A0A1Q9P9F2,0.018
A0A7K4IIW0,0.018
A0A842VUF8,0.018
A0A497R451,0.018
A0A497PDV6,0.018
A0A842RXQ9,0.018
A0A524F9R9,0.018
A0A5C9EQ22,0.018
A0A850ML32,0.018
A0A842U9L7,0.018
A0A850MQ50,0.018
A0A850M1T3,0.018
A0A497PN59,0.018
A0A1Q9MV87,0.018
A0A524DUG7,0.018
A0A497QCV0,0.018
A0A842T5L4,0.018
A0A1Q9N107,0.018
A0A7K4HJ47,0.018
A0A842WTT0,0.018
A0A7K4IFI5,0.018
A0A7K4CUW6,0.018
A0A524CF49,0.018
A0A497PUP0,0.018
A0A1Q9NJY9,0.018
A0A5C9EEG4,0.018
A0A842WP77,0.018
A0A532TX96,0.018
A0A842TNY2,0.018
A0A7K4IDV7,0.018
A0A524CQF3,0.018
A0A842TH01,0.018
A0A523VV71,0.018
A0A524DH76,0.018
A0A524FS42,0.018
A0A524G3L8,0.018
A0A1Q9NV06,0.018
A0A1Q9NYY9,0.018
A0A842TDZ2,0.018
A0A532TH02,0.018
A0A842SZM7,0.018
A0A5C9E394,0.018
A0A524CPG5,0.018
A0A842TKR9,0.018
A0A842VF83,0.018
A0A497QMZ6,0.018
A0A524FGU6,0.018
A0A523R873,0.018
A0A7K4CW69,0.018
A0A842WSW7,0.018
A0A3L6J841,0.018
A0A2U3CHG5,0.018
A0A524D8Y0,0.018
A0A524E424,0.018
A0A0F8VHK2,0.018
A0A497QFZ4,0.018
A0A7K4HA58,0.018
A0A842TCH1,0.018
A0A524CT43,0.018
A0A497QM87,0.018
A0A5B9DDN2,0.018
A0A842S272,0.018
A0A1Q9N1J5,0.018
A0A135VM95,0.018
A0A524EKV6,0.018
A0A842VB78,0.018
A0A523S047,0.018
A0A0F8VQD2,0.018
A0A524FEU3,0.018
A0A524MC81,0.018
A0A497QHC9,0.018
A0A1Q9NYT9,0.018
A0A7K4H9J8,0.018
A0A524G9U2,0.018
A0A842SW75,0.018
A0A842VPC8,0.018
A0A5C9EUI3,0.018
A0A135VCS1,0.018
A0A5C9EFR9,0.018
A0A850M3W6,0.018
A0A524D5A2,0.018
A0A524E5K6,0.018
A0A523S2K7,0.018
A0A842WP38,0.018
A0A524D1I3,0.018
A0A524CYX3,0.018
A0A135VI15,0.018
A0A497R4F7,0.018
A0A524GB96,0.018
A0A1Q9MYF7,0.018
A0A1Q9N1J4,0.018
A0A849Q5H5,0.018
A0A135VSJ8,0.018
A0A842RU05,0.018
A0A7K4HFK6,0.018
A0A842W1L1,0.018
A0A524EVH6,0.018
A0A850MLS4,0.018
A0A5B9DG22,0.018
A0A850LWG3,0.018
A0A497QV66,0.018
A0A2U3CGE6,0.018
A0A5C9EY09,0.018
A0A524L9B8,0.018
A0A3L6J8D2,0.018
A0A3L6JBW8,0.018
A0A523W3D8,0.018
A0A843BSS1,0.018
A0A524FZ93,0.018
A0A2U3CDG3,0.018
A0A850LSE4,0.018
A0A524DLK9,0.018
A0A7K4GS00,0.018
A0A2U3CKJ5,0.018
A0A497QJJ5,0.018
A0A2U3CBM6,0.018
A0A1Q9NTF3,0.018
A0A1Q9MZ36,0.018
A0A2U3CCZ8,0.018
A0A523RQY1,0.018
A0A524EU94,0.018
A0A135VCU7,0.018
A0A3L6JGT7,0.018
A0A532T899,0.018
A0A2U3CC71,0.018
A0A497QSC9,0.018
A0A524EL95,0.018
A0A524F9X1,0.018
A0A7K4GWY4,0.018
A0A524CFZ7,0.018
A0A524EG51,0.018
A0A1Q9P974,0.018
A0A524F7A4,0.018
A0A524EER6,0.018
A0A842WPM8,0.018
A0A842T3Y4,0.018
A0A7K4H8V8,0.018
A0A524EES8,0.018
A0A842RS96,0.018
A0A524DIX3,0.018
A0A7K4IGP7,0.018
A0A524FVD0,0.018
A0A523S8B3,0.018
A0A842THU9,0.018
A0A5C9DUW2,0.018
A0A524G2P6,0.018
A0A135VS56,0.018
A0A850LTQ7,0.018
A0A524D618,0.018
A0A7K4CYF1,0.018
A0A1Q9MWT1,0.018
A0A1Q9P3W6,0.018
A0A524CHW8,0.018
A0A842RNP5,0.018
A0A524EXM8,0.018
A0A497QP73,0.018
A0A1Q9MZQ0,0.018
A0A523R6P8,0.018
A0A842QIX4,0.018
A0A524FN07,0.018
A0A524FZQ1,0.018
A0A523S3L6,0.018
A0A1Q9NW53,0.018
A0A524F836,0.018
A0A842VEM4,0.018
A0A1Q9NAU8,0.018
A0A850MMS6,0.018
A0A135VAR1,0.018
A0A842W0H3,0.018
A0A523RCN6,0.018
A0A842VN12,0.018
A0A532TNG2,0.018
A0A532T905,0.018
A0A1Q9NPN4,0.018
A0A842S3Y8,0.018
A0A1Q9P763,0.018
A0A842R7G2,0.018
A0A524P731,0.018
A0A523RFW1,0.018
A0A524LSF3,0.018
A0A850M4V3,0.018
A0A524DXE3,0.018
A0A3L6JK79,0.018
A0A842S4I6,0.018
A0A5B9D746,0.018
A0A7K4IBS8,0.018
A0A135VD00,0.018
A0A497R2H6,0.018
A0A497Q5N3,0.018
A0A497PUM0,0.018
A0A532TUM0,0.018
A0A842TB87,0.018
A0A524D0L3,0.018
A0A524LM92,0.018
A0A5C9EJA0,0.018
A0A524D9C6,0.018
A0A1Q9P587,0.018
A0A524CQ05,0.018
A0A497PU79,0.018
A0A523XEY8,0.018
A0A524CMJ9,0.018
A0A842YBR0,0.018
A0A1Q9NHN4,0.018
A0A524FAM7,0.018
A0A842VWI8,0.018
A0A523S294,0.018
A0A524DMM2,0.018
A0A0F8Y4L0,0.018
A0A0F8VD33,0.018
A0A497PQL2,0.018
A0A842R7P6,0.018
A0A524FLE7,0.018
A0A842S5D4,0.018
A0A1Q9NYJ2,0.018
A0A497QTY1,0.018
A0A1Q9NE07,0.018
A0A524E8P0,0.018
A0A524CGK7,0.018
A0A1Q9NQ59,0.018
A0A7K4H1N6,0.018
A0A524G403,0.018
A0A842U9Y2,0.018
A0A524FP06,0.018
A0A850LSJ6,0.018
A0A7K4IHC6,0.018
A0A1Q9NIX2,0.018
A0A842VP03,0.018
A0A524E7F4,0.018
A0A524CTN7,0.018
A0A5B9D8X6,0.018
A0A1Q9PAB6,0.018
A0A0F8YBT4,0.018
A0A842VUV8,0.018
A0A842W1J1,0.018
A0A524CI22,0.018
A0A497PBJ1,0.018
A0A524FN42,0.018
A0A1Q9NH37,0.018
A0A3L6JBD9,0.018
A0A5B9DBU7,0.018
A0A3L6JB65,0.018
A0A524E0Z7,0.018
A0A842W1A5,0.018
A0A497QPA8,0.018
A0A497QI53,0.018
A0A523RGY5,0.018
A0A523TGE9,0.018
A0A850M8C3,0.018
A0A7K4CUH8,0.018
A0A524MKF3,0.018
A0A524E2B3,0.018
A0A524DBW5,0.018
A0A842U8C6,0.018
A0A523RXK9,0.018
A0A7K4GWI6,0.018
A0A7K4H6J8,0.018
A0A7K4GV84,0.018
A0A497QRV6,0.018
A0A135VL04,0.018
A0A524DQ09,0.018
A0A524GAE9,0.018
A0A135VVI9,0.018
A0A523VRM1,0.018
A0A5C9EII7,0.018
A0A524D1U7,0.018
A0A524D8F8,0.018
A0A842TKJ1,0.018
A0A524DPX1,0.018
A0A524EFJ6,0.018
A0A524M8U2,0.018
A0A850ME84,0.018
A0A524F8R8,0.018
A0A497QD39,0.018
A0A524F0W4,0.018
A0A842QHI4,0.018
A0A842RK44,0.018
A0A524EK46,0.018
A0A523R9B8,0.018
A0A1Q9PEU0,0.018
A0A1Q9NMW8,0.018
A0A0F8VLP2,0.018
A0A842VVM7,0.018
A0A5B9DH77,0.018
A0A497Q4B7,0.018
A0A842RTH2,0.018
A0A524FZD7,0.018
A0A524LT59,0.018
A0A2U3CJF8,0.018
A0A497QIP2,0.018
A0A5B9DER9,0.018
A0A524DEB3,0.018
A0A1Q9P729,0.018
A0A532TFU5,0.018
A0A1Q9NR08,0.018
A0A842TKU2,0.018
A0A5C9E738,0.018
A0A842YCN5,0.018
A0A1Q9P595,0.018
A0A5C9DZ81,0.018
A0A523TQN1,0.018
A0A1Q9N478,0.018
A0A842T570,0.018
A0A842W1Q1,0.018
A0A524DLV0,0.018
A0A524FDS4,0.018
A0A1Q9NYV4,0.018
A0A7K4HHQ0,0.018
A0A5C9ESS3,0.018
A0A1Q9NH01,0.018
A0A842T763,0.018
A0A0F8VPL7,0.018
A0A850LXP8,0.018
A0A524CJT7,0.018
A0A524DH26,0.018
A0A524CEA3,0.018
A0A5C9EN72,0.018
A0A135VCU3,0.018
A0A524F9N3,0.018
A0A523RQZ9,0.018
A0A842R9T0,0.018
A0A524DBG0,0.018
A0A524DP41,0.018
A0A524EQV2,0.018
A0A842QC71,0.018
A0A1Q9P7D9,0.018
A0A524D1C8,0.018
A0A5C9EYK0,0.018
A0A842WWR7,0.018
A0A842T0S3,0.018
A0A524C6D9,0.018
A0A523XEC8,0.018
A0A842YE20,0.018
A0A523RI37,0.018
A0A7K4CQQ5,0.018
A0A7K4IH62,0.018
A0A523S0G0,0.018
A0A850MTF7,0.018
A0A524DNW2,0.018
A0A497QH23,0.018
A0A135VI83,0.018
A0A524G7F4,0.018
A0A5C9EQV1,0.018
A0A0F8V7P5,0.018
A0A497QJV6,0.018
A0A524CRC9,0.018
A0A3L6JE99,0.018
A0A135VMX0,0.018
A0A1Q9NZ79,0.018
A0A850MDI3,0.018
A0A850MT04,0.018
A0A7K4CUK6,0.018
A0A3L6J9R9,0.018
A0A5C9E8H4,0.018
A0A497Q091,0.018
A0A5C9DXY7,0.018
A0A497PCT1,0.018
A0A5C9DZ33,0.018
A0A524C7W5,0.018
A0A850LW85,0.018
A0A7K4HAY8,0.018
A0A135VRP4,0.018
A0A850LZR4,0.018
A0A7K4IJ04,0.018
A0A7K4IEC2,0.018
A0A7K4GVM0,0.018
A0A5C9F1T2,0.018
A0A135VBC7,0.018
A0A842S6U0,0.018
A0A850LVY4,0.018
A0A524DW57,0.018
A0A842QH28,0.018
A0A497QGG1,0.018
A0A497QPC9,0.018
A0A135VH64,0.018
A0A850LQZ4,0.017
A0A497QLV2,0.017
A0A5C9E6V1,0.017
A0A497Q0M5,0.017
A0A1Q9P7E5,0.017
A0A497QFB5,0.017
A0A842U6J0,0.017
A0A497PLE9,0.017
A0A7K4IGP1,0.017
A0A7C0U8B8,0.017
A0A1Q9P7U2,0.017
A0A524F968,0.017
A0A842U9Z2,0.017
A0A524LJW4,0.017
A0A497PMG2,0.017
A0A7K4IC55,0.017
A0A524LY28,0.017
A0A524NWE9,0.017
A0A1Q9P5C3,0.017
A0A497QN18,0.017
A0A5B9D7X6,0.017
A0A842SE07,0.017
A0A523RZM6,0.017
A0A1Q9P5K2,0.017
A0A842T853,0.017
A0A524G8Q5,0.017
A0A524CFN6,0.017
A0A524E7N5,0.017
A0A1Q9NIR3,0.017
A0A842TMM5,0.017
A0A497Q3N1,0.017
A0A7K4GYM3,0.017
A0A497PA58,0.017
A0A497PKB8,0.017
A0A842VGG5,0.017
A0A842VQ08,0.017
A0A849Q6Q5,0.017
A0A523RYS5,0.017
A0A1Q9P3P8,0.017
A0A523R9B2,0.017
A0A524FAE9,0.017
A0A842VL36,0.017
A0A0F8VX71,0.017
A0A524D893,0.017
A0A524DHP7,0.017
A0A2U3CJG9,0.017
A0A7K4CTJ7,0.017
A0A842RY86,0.017
A0A7K4IH70,0.017
A0A842VM64,0.017
A0A532TUB8,0.017
A0A532THU8,0.017
A0A524D5Y1,0.017
A0A7K4H2W9,0.017
A0A523TMH7,0.017
A0A842YBJ2,0.017
A0A1Q9NIB8,0.017
A0A1Q9NLI9,0.017
A0A1Q9NPD6,0.017
A0A5B9DBX6,0.017
A0A850M1E9,0.017
A0A497P8U4,0.017
A0A843BWA0,0.017
A0A7K4HGS3,0.017
A0A524FIR1,0.017
A0A5C9E0Q9,0.017
A0A524C4N8,0.017
A0A850M136,0.017
A0A524FLF0,0.017
A0A1Q9NC26,0.017
A0A523RWP4,0.017
A0A524DY36,0.017
A0A532T732,0.017
A0A5C9EWT5,0.017
A0A497QKM7,0.017
A0A532TKB8,0.017
A0A849QB98,0.017
A0A524F3Z1,0.017
A0A497PDY1,0.017
A0A842W3H7,0.017
A0A5C9DXL7,0.017
A0A524ECX3,0.017
A0A1Q9MVN9,0.017
A0A842Y959,0.017
A0A842SW94,0.017
A0A5C9DUI3,0.017
A0A497Q0P2,0.017
A0A842T9I5,0.017
A0A524E311,0.017
A0A0F8VQ38,0.017
A0A524D102,0.017
A0A497R0B2,0.017
A0A2U3CC93,0.017
A0A842RPQ5,0.017
A0A524G714,0.017
A0A5B9D5W9,0.017
A0A7K4HA77,0.017
A0A524DXW0,0.017
A0A532TX65,0.017
A0A842VME5,0.017
A0A5C9ET83,0.017
A0A524G138,0.017
A0A497QAJ4,0.017
A0A5C9EDX4,0.017
A0A5C9EZS4,0.017
A0A850M392,0.017
A0A524D1F0,0.017
A0A850MPE9,0.017
A0A3L6J8V0,0.017
A0A524LM02,0.017
A0A5C9E8S9,0.017
A0A524LKT3,0.017
A0A842VEZ4,0.017
A0A850LRD6,0.017
A0A1Q9NLM7,0.017
A0A5B9DEM9,0.017
A0A524C1S4,0.017
A0A2U3CKK4,0.017
A0A524CGR4,0.017
A0A842THL3,0.017
A0A842QG70,0.017
A0A842S0M4,0.017
A0A497PZ65,0.017
A0A135VG96,0.017
A0A524DDL9,0.017
A0A2U3CI88,0.017
A0A497QV70,0.017
A0A1Q9N8G8,0.017
A0A1Q9NX32,0.017
A0A524M2Y5,0.017
A0A3L6JE25,0.017
A0A850LXN5,0.017
A0A524CF21,0.017
A0A497QUX9,0.017
A0A7K4GWD8,0.017
A0A135VBT3,0.017
A0A842V9D4,0.017
A0A1Q9ND48,0.017
A0A1Q9MXW1,0.017
A0A842Y8F2,0.017
A0A850M1B7,0.017
A0A497PPV5,0.017
A0A1Q9N2U5,0.017
A0A524C9U1,0.017
A0A842S7C7,0.017
A0A524E1Q0,0.017
A0A524EYS4,0.017
A0A524GBK7,0.017
A0A524E5P2,0.017
A0A1Q9PC83,0.017
A0A497QPM8,0.017
A0A842YAL4,0.017
A0A524ELJ6,0.017
A0A524EIG8,0.017
A0A5C9EIE8,0.017
A0A1Q9NDG3,0.017
A0A135VRT2,0.017
A0A5C9ENP0,0.017
A0A5C9DTL6,0.017
A0A5C9E9R2,0.017
A0A842VRT2,0.017
A0A842S7G2,0.017
A0A850MBJ0,0.017
A0A842T3V8,0.017
A0A843C019,0.017
A0A850MQY3,0.017
A0A0F8Y2C5,0.017
A0A842TJV5,0.017
A0A850M6G5,0.017
A0A1Q9NR27,0.017
A0A524C3D8,0.017
A0A524DWA5,0.017
A0A850MQN0,0.017
A0A0F8XGD3,0.017
A0A497PCP7,0.017
A0A524EZZ8,0.017
A0A3L6JFZ5,0.017
A0A524FJW6,0.017
A0A850MS82,0.017
A0A5C9E4Y5,0.017
A0A497QXP5,0.017
A0A524LMV0,0.017
A0A842W2P9,0.017
A0A5B9D902,0.017
A0A842UA63,0.017
A0A523RHY0,0.017
A0A7K4CTE3,0.017
A0A2U3CC57,0.017
A0A5C9EH39,0.017
A0A5C9EAR3,0.017
A0A524G631,0.017
A0A524P415,0.017
A0A842T307,0.017
A0A5C9EFA2,0.017
A0A524G295,0.017
A0A842VG42,0.017
A0A850LS58,0.017
A0A5B9D672,0.017
A0A2U3CF44,0.017
A0A842TDV9,0.017
A0A1Q9P4M4,0.017
A0A7K4GR92,0.017
A0A842U6A2,0.017
A0A524EQT3,0.017
A0A842VXP3,0.017
A0A532TI64,0.017
A0A524C5E5,0.017
A0A842SAC1,0.017
A0A497QRS8,0.017
A0A842S1C2,0.017
A0A5C9EQV2,0.017
A0A1Q9P9N2,0.017
A0A842SYD4,0.017
A0A842QIJ1,0.017
A0A842TH63,0.017
A0A842RKU3,0.017
A0A7K4CVZ8,0.017
A0A842R8A6,0.017
A0A5C9ECC6,0.017
A0A3L6JP31,0.017
A0A523TL17,0.017
A0A0F8W192,0.017
A0A842VVH2,0.017
A0A1Q9NCB7,0.017
A0A135VB32,0.017
A0A843BSE1,0.017
A0A524DNC5,0.017
A0A135VNY3,0.017
A0A2U3CFQ8,0.017
A0A843C592,0.017
A0A524MCI2,0.017
A0A524CHG8,0.017
A0A5B9D5X0,0.017
A0A523S2Y9,0.017
A0A5C9EH10,0.017
A0A0F8Y6G4,0.017
A0A850MYC1,0.017
A0A5C9DXJ2,0.017
A0A1Q9NZ69,0.017
A0A524P3N1,0.017
A0A523W251,0.017
A0A497QL49,0.017
A0A524D582,0.017
A0A1Q9P7Q7,0.017
A0A5C9EDR9,0.017
A0A135VXJ2,0.017
A0A523RC96,0.017
A0A532TE59,0.017
A0A849QFH9,0.017
A0A1Q9P2I8,0.017
A0A497PVU4,0.017
A0A1Q9N313,0.017
A0A2U3CCR4,0.017
A0A497QAB3,0.017
A0A842RHN6,0.017
A0A524LG14,0.017
A0A532TU61,0.017
A0A2U3CFN5,0.017
A0A850MCX4,0.017
A0A7K4CSA2,0.017
A0A524C8Z2,0.017
A0A3L6J987,0.017
A0A523S478,0.017
A0A0F8VZU8,0.017
A0A850M491,0.017
A0A5B9DB08,0.017
A0A842T1B7,0.017
A0A842VHK6,0.017
A0A842QFF2,0.017
A0A497Q9L2,0.017
A0A3L6JCZ4,0.017
A0A524E0B4,0.017
A0A1Q9MVI5,0.017
A0A524DND0,0.017
A0A842S1R4,0.017
A0A524F7E8,0.017
A0A497PE43,0.017
A0A5B9DBA4,0.017
A0A497Q6U3,0.017
A0A497QCB5,0.017
A0A5C9E044,0.017
A0A850MS26,0.017
A0A5C9EHC1,0.017
A0A850LZ97,0.017
A0A842RPX9,0.017
A0A842W1I7,0.017
A0A524FGN0,0.017
A0A3L6JD18,0.017
A0A842RV13,0.017
A0A5C9EW71,0.017
A0A1Q9NIM2,0.017
A0A1Q9NTJ9,0.017
A0A5C9EKR5,0.017
A0A842W007,0.017
A0A842YAW3,0.017
A0A7K4HEU7,0.017
A0A7K4GKN9,0.017
A0A497Q3N6,0.017
A0A497Q8L2,0.017
A0A524F1G5,0.017
A0A524CJW5,0.017
A0A842WTN2,0.017
A0A1Q9MRN1,0.017
A0A1Q9P070,0.017
A0A524P0H0,0.017
A0A497Q7P2,0.017
A0A842Q8B3,0.017
A0A1Q9NCS7,0.017
A0A7K4H7B9,0.017
A0A524FZS5,0.017
A0A850M5R3,0.017
A0A3L6JKU2,0.017
A0A524DBY7,0.017
A0A842VQ27,0.017
A0A524FQR6,0.017
A0A532TXG3,0.017
A0A524EVW2,0.017
A0A524FEJ7,0.017
A0A7C0YB71,0.017
A0A850LY85,0.017
A0A842VSP7,0.017
A0A2U3CJJ8,0.017
A0A524D9L7,0.017
A0A7K4H825,0.017
A0A532TGD6,0.017
A0A523R802,0.017
A0A497R3P1,0.017
A0A523RUA7,0.017
A0A497PJZ4,0.017
A0A524G2V7,0.017
A0A524GAV7,0.017
A0A849QDK6,0.017
A0A497PY14,0.017
A0A524NUD0,0.017
A0A524FTY7,0.017
A0A842VAY3,0.017
A0A3L6JCZ0,0.017
A0A497Q058,0.017
A0A524LLF4,0.017
A0A524FD59,0.017
A0A5C9ENH2,0.017
A0A842QFR5,0.017
A0A842S2Y7,0.017
A0A497QHW2,0.017
A0A523RZR9,0.017
A0A7K4GQ52,0.017
A0A523S3U6,0.017
A0A7K4GR25,0.017
A0A842T7J3,0.017
A0A523RFS1,0.017
A0A3L6JC80,0.017
A0A842QDA4,0.017
A0A532TSB7,0.017
A0A135VLQ3,0.017
A0A523REQ4,0.017
A0A532THK7,0.017
A0A842QGC0,0.017
A0A849QEA5,0.017
A0A0F8XUC9,0.017
A0A497QWA5,0.017
A0A7K4D0H8,0.017
A0A3L6JDY6,0.017
A0A532TXJ4,0.017
A0A842REQ6,0.017
A0A3L6JKM9,0.017
A0A0F8WBP3,0.017
A0A7K4H3A6,0.017
A0A135VJX1,0.017
A0A497QTX1,0.017
A0A850LYP0,0.017
A0A524M895,0.017
A0A523VSU5,0.017
A0A523VZT7,0.017
A0A1Q9PAI8,0.017
A0A850M919,0.017
A0A135VW38,0.017
A0A524M682,0.017
A0A850MMZ6,0.017
A0A532TJT1,0.017
A0A842WV43,0.017
A0A842W0S1,0.017
A0A524M6G0,0.017
A0A532TBR4,0.017
A0A0F8VAD9,0.017
A0A842RLF6,0.017
A0A850MHE5,0.017
A0A842VSX0,0.017
A0A524F4Z5,0.017
A0A842VCP9,0.017
A0A497QR59,0.017
A0A842TGA2,0.017
A0A842RBD4,0.017
A0A5C9EIC4,0.017
A0A497QYL1,0.017
A0A135VUA9,0.017
A0A497RA48,0.017
A0A524EE74,0.017
A0A1Q9MVF9,0.017
A0A523TK87,0.017
A0A524FQJ4,0.017
A0A5C9E792,0.017
A0A842QHG3,0.017
A0A3L6JL10,0.017
A0A3L6JIY7,0.017
A0A850MJB4,0.017
A0A497PQE2,0.017
A0A497PBI3,0.017
A0A5C9DYJ2,0.017
A0A5C9F053,0.017
A0A1Q9P028,0.017
A0A850M5J7,0.017
A0A524G7M5,0.017
A0A0F8XL41,0.017
A0A7K4H0C1,0.017
A0A1Q9MTW6,0.017
A0A842YHP6,0.017
A0A135VU33,0.017
A0A842VJH6,0.017
A0A850MIM4,0.017
A0A524CLR7,0.017
A0A532T940,0.017
A0A497QVT6,0.017
A0A524CB38,0.017
A0A523RPY5,0.017
A0A135VFW3,0.017
A0A524FID1,0.017
A0A532TJT3,0.017
A0A524DGU2,0.017
A0A524CEX1,0.017
A0A524D314,0.017
A0A1Q9MRC7,0.017
A0A842T347,0.017
A0A0F8VGC9,0.017
A0A5C9EMV6,0.017
A0A3L6JDP4,0.017
A0A842VL32,0.017
A0A1Q9NRY4,0.017
A0A524LXT4,0.017
A0A842TJS0,0.017
A0A850LRX4,0.017
A0A7K4H9W9,0.017
A0A842RQ91,0.017
A0A842W1L7,0.017
A0A842WQU2,0.017
A0A524FU44,0.017
A0A842TAX3,0.017
A0A0F8VZ95,0.017
A0A523RK27,0.017
A0A524DIH3,0.017
A0A842RCN3,0.017
A0A7K4H0U5,0.017
A0A842YBM7,0.017
A0A524E051,0.017
A0A497P7Q8,0.017
A0A7K4D1X5,0.017
A0A7K4GUE1,0.017
A0A523RUT8,0.017
A0A1Q9MZG5,0.017
A0A5C9DUA2,0.017
A0A842VEF0,0.017
A0A843BT12,0.017
A0A524CAL2,0.017
A0A3L6JFZ8,0.017
A0A1Q9N076,0.017
A0A5C9E356,0.017
A0A135VHF5,0.017
A0A524CRS4,0.017
A0A523XFP0,0.017
A0A1Q9NXM7,0.017
A0A524CR13,0.017
A0A497R2J3,0.017
A0A850M5X1,0.017
A0A7K4CPS6,0.017
A0A532TAG7,0.017
A0A5C9EQK2,0.017
A0A524FV65,0.017
A0A850MQB4,0.017
A0A523RMK7,0.017
A0A524DKS1,0.017
A0A497Q061,0.017
A0A842U2I2,0.017
A0A842SAC8,0.017
A0A850M220,0.017
A0A5B9DA64,0.017
A0A850LY78,0.017
A0A1Q9PEU1,0.017
A0A524CII0,0.017
A0A524EBM4,0.017
A0A0F8Y9Y7,0.017
A0A1Q9N4T3,0.017
A0A524FEY1,0.017
A0A850MQW0,0.017
A0A7K4CRF8,0.017
A0A524MI74,0.017
A0A842VK73,0.017
A0A0F8VK29,0.017
A0A1Q9P247,0.017
A0A7K4CZT3,0.017
A0A842RLB2,0.017
A0A7K4CUX1,0.017
A0A523S0H0,0.017
A0A524DEH6,0.017
A0A7K4CVB3,0.017
A0A523RSA9,0.017
A0A1Q9PE40,0.017
A0A850LP47,0.017
A0A497QMB1,0.017
A0A1Q9NDM5,0.017
A0A0F8WC21,0.017
A0A842RGW0,0.017
A0A850M0A7,0.017
A0A524EL64,0.017
A0A842S5K9,0.017
A0A1Q9P016,0.017
A0A7K4HKR9,0.017
A0A850MEL4,0.017
A0A5B9D6W6,0.017
A0A7K4CWS5,0.017
A0A850M7K7,0.017
A0A1Q9P4A4,0.017
A0A524CR48,0.017
A0A135VZ31,0.017
A0A524GBR1,0.017
A0A135VD68,0.017
A0A849QMF8,0.017
A0A3L6JQ02,0.017
A0A524CZT8,0.017
A0A524DJB9,0.017
A0A0F8YED1,0.017
A0A532T294,0.017
A0A524E1Z8,0.017
A0A3L6JGB4,0.017
A0A497PRQ2,0.017
A0A1Q9MWT4,0.017
A0A842RD91,0.017
A0A135VG42,0.017
A0A524MBB9,0.017
A0A1Q9PCL7,0.017
A0A1Q9NTZ0,0.017
A0A523VZ64,0.017
A0A842TUB7,0.017
A0A849QC32,0.017
A0A842TM36,0.017
A0A524E6T0,0.017
A0A1Q9MVS7,0.017
A0A842SAA1,0.017
A0A842VWH2,0.017
A0A524LZI3,0.017
A0A7K4CUG7,0.017
A0A497QWL7,0.017
A0A2U3CEU7,0.017
A0A842TGP2,0.017
A0A524FXY2,0.017
A0A524EG17,0.017
A0A842YEN2,0.017
A0A1Q9NU19,0.017
A0A1Q9P334,0.017
A0A850LV87,0.017
A0A850MD91,0.017
A0A497QYL6,0.017
A0A7K4GSI8,0.017
A0A842TU53,0.017
A0A7K4HK19,0.017
A0A523S0B5,0.016
A0A524CHP0,0.016
A0A7K4CZ26,0.016
A0A524GBR3,0.016
A0A7K4H755,0.016
A0A497QWC3,0.016
A0A7K4GR76,0.016
A0A524DMZ7,0.016
A0A135VC14,0.016
A0A524M4L7,0.016
A0A842QG41,0.016
A0A842RFZ5,0.016
A0A1Q9P0P4,0.016
A0A1Q9PC03,0.016
A0A7K4CP82,0.016
A0A524D8C2,0.016
A0A842RNT2,0.016
A0A842YFZ8,0.016
A0A1Q9NCY3,0.016
A0A524M3N2,0.016
A0A135VXB7,0.016
A0A524FEI5,0.016
A0A7K4CQ55,0.016
A0A842VXL9,0.016
A0A842YC23,0.016
A0A849QFX4,0.016
A0A7K4HAX8,0.016
A0A3L6JNK8,0.016
A0A532TKX4,0.016
A0A524E5Z8,0.016
A0A524DZT9,0.016
A0A843BUD9,0.016
A0A850MFY9,0.016
A0A1Q9NXH1,0.016
A0A1Q9PDX3,0.016
A0A532TEJ4,0.016
A0A842VNF8,0.016
A0A524G7Q3,0.016
A0A842QDE5,0.016
A0A524DGJ1,0.016
A0A524L8F1,0.016
A0A842VTS8,0.016
A0A524FTD1,0.016
A0A1Q9PFY0,0.016
A0A7K4H6V5,0.016
A0A524CGU8,0.016
A0A7K4GTU0,0.016
A0A1Q9N417,0.016
A0A3L6JBI9,0.016
A0A523X7V9,0.016
A0A842W1M6,0.016
A0A7K4GLU1,0.016
A0A524E9V1,0.016
A0A524C8K9,0.016
A0A524ED57,0.016
A0A842YAT2,0.016
A0A1Q9NJ35,0.016
A0A7K4GMK9,0.016
A0A523RVP5,0.016
A0A135W005,0.016
A0A842U6Q2,0.016
A0A5C9EF18,0.016
A0A523W470,0.016
A0A842WTV4,0.016
A0A497QS77,0.016
A0A497PAU4,0.016
A0A0F8Y886,0.016
A0A3L6JCW2,0.016
A0A5C9EH23,0.016
A0A842TDL3,0.016
A0A2U3CFN3,0.016
A0A842VIG8,0.016
A0A524FQS3,0.016
A0A135VUZ3,0.016
A0A524D831,0.016
A0A524DVS0,0.016
A0A2U3CGF9,0.016
A0A497QD20,0.016
A0A497PEK2,0.016
A0A1Q9NZD4,0.016
A0A0F8XW10,0.016
A0A3L6JCL0,0.016
A0A524CTC1,0.016
A0A1Q9NTV6,0.016
A0A842RKY2,0.016
A0A7K4H9V3,0.016
A0A850M808,0.016
A0A7K4HCM4,0.016
A0A5B9DEX7,0.016
A0A524P3Q8,0.016
A0A5C9EI89,0.016
A0A842TKI8,0.016
A0A842VBZ2,0.016
A0A842W3U7,0.016
A0A850LZN8,0.016
A0A842TN43,0.016
A0A5C9EN39,0.016
A0A524GA84,0.016
A0A3L6JQT5,0.016
A0A842U1C4,0.016
A0A850MA35,0.016
A0A524C3D7,0.016
A0A497PPT0,0.016
A0A523S693,0.016
A0A7K4GUV9,0.016
A0A3L6JC43,0.016
A0A850MV00,0.016
A0A497QZ57,0.016
A0A524LEV0,0.016
A0A497QG98,0.016
A0A497PRI1,0.016
A0A1Q9N408,0.016
A0A2E9CEQ7,0.016
A0A524E9Q7,0.016
A0A523VU23,0.016
A0A7K4IAE7,0.016
A0A523XMR0,0.016
A0A524CGA0,0.016
A0A524CGM4,0.016
A0A497QI89,0.016
A0A842VN65,0.016
A0A5C9ENA0,0.016
A0A842TEY8,0.016
A0A523S9H6,0.016
A0A524D165,0.016
A0A524E9Z7,0.016
A0A7K4CMQ6,0.016
A0A524CMP5,0.016
A0A524C341,0.016
A0A0F8VWJ9,0.016
A0A524P290,0.016
A0A2U3CJ02,0.016
A0A523S9U3,0.016
A0A524EW16,0.016
A0A523RC08,0.016
A0A524LC86,0.016
A0A532TYR5,0.016
A0A523RZB9,0.016
A0A524FQ32,0.016
A0A497PZ37,0.016
A0A7K4GPP9,0.016
A0A0F8XPA7,0.016
A0A524C3P5,0.016
A0A7K4H566,0.016
A0A524CC70,0.016
A0A497PSF2,0.016
A0A524F2B1,0.016
A0A524EVZ0,0.016
A0A842RUR0,0.016
A0A524M9W8,0.016
A0A842WTI6,0.016
A0A1Q9NPL5,0.016
A0A497P9M1,0.016
A0A497P722,0.016
A0A850MMB3,0.016
A0A497QLG9,0.016
A0A843C522,0.016
A0A524EG66,0.016
A0A1Q9NI81,0.016
A0A524FVT7,0.016
A0A842RWR5,0.016
A0A5C9E1K4,0.016
A0A497QC72,0.016
A0A850LXD0,0.016
A0A524F0K6,0.016
A0A524EH55,0.016
A0A842RDW6,0.016
A0A497P7F0,0.016
A0A135VTB6,0.016
A0A524ECC5,0.016
A0A523S5H9,0.016
A0A842YFR2,0.016
A0A524MFE8,0.016
A0A842YGH8,0.016
A0A524G5S9,0.016
A0A2U3CDT0,0.016
A0A1Q9NH78,0.016
A0A497PQJ2,0.016
A0A5C9EMG3,0.016
A0A1Q9NSX2,0.016
A0A497PHN1,0.016
A0A135VLH9,0.016
A0A523RD60,0.016
A0A532T9I0,0.016
A0A842TIZ6,0.016
A0A1Q9NXQ2,0.016
A0A7K4GM33,0.016
A0A135VHI2,0.016
A0A524EF04,0.016
A0A7K4IH32,0.016
A0A524P0V7,0.016
A0A524FXL3,0.016
A0A524CKD5,0.016
A0A524G5E6,0.016
A0A524F6E5,0.016
A0A842TH75,0.016
A0A5C9EYW9,0.016
A0A842YG06,0.016
A0A523W0Z7,0.016
A0A524E9W0,0.016
A0A3L6JPJ0,0.016
A0A524E979,0.016
A0A524LMJ4,0.016
A0A850M6J8,0.016
A0A497Q524,0.016
A0A497QTT8,0.016
A0A524EGS1,0.016
A0A7K4HF97,0.016
A0A5C9E179,0.016
A0A524CA23,0.016
A0A7K4CUV3,0.016
A0A524FDR1,0.016
A0A7K4CSF1,0.016
A0A842VSC8,0.016
A0A1Q9P739,0.016
A0A497PPT4,0.016
A0A524LTS7,0.016
A0A2U3CGC4,0.016
A0A523RCJ4,0.016
A0A497Q9B6,0.016
A0A5B9D6V1,0.016
A0A842U022,0.016
A0A524D6P7,0.016
A0A524F5L5,0.016
A0A2U3CEQ7,0.016
A0A524F0L2,0.016
A0A5C9EGW3,0.016
A0A1Q9NKJ9,0.016
A0A842VL92,0.016
A0A524CCK1,0.016
A0A524G1C5,0.016
A0A7K4H5N6,0.016
A0A850LS14,0.016
A0A842RIJ2,0.016
A0A1Q9NNS2,0.016
A0A524LGC9,0.016
A0A524FML2,0.016
A0A5C9EAV6,0.016
A0A5C9EZY1,0.016
A0A0F8XPW0,0.016
A0A5C9E3Y1,0.016
A0A850M7P3,0.016
A0A842T717,0.016
A0A843BVK4,0.016
A0A524F5H6,0.016
A0A842T3T1,0.016
A0A850LPE5,0.016
A0A7K4GWB5,0.016
A0A850LXW9,0.016
A0A7K4H0M1,0.016
A0A524DTL1,0.016
A0A842RJP1,0.016
A0A7K4ID81,0.016
A0A524FP90,0.016
A0A842RJY6,0.016
A0A7K4HIL7,0.016
A0A1Q9NG81,0.016
A0A5C9F096,0.016
A0A2E9CEJ3,0.016
A0A7K4CX85,0.016
A0A524GAP8,0.016
A0A1Q9NC18,0.016
A0A1Q9NGT7,0.016
A0A497R3C7,0.016
A0A7K4GVT4,0.016
A0A7K4GW04,0.016
A0A0F8VDX8,0.016
A0A524DRE3,0.016
A0A524LM72,0.016
A0A524DMU4,0.016
A0A524F1R3,0.016
A0A842TJS9,0.016
A0A524FUX4,0.016
A0A5C9F2R1,0.016
A0A5C9EGE1,0.016
A0A524FS70,0.016
A0A842TNZ5,0.016
A0A842V6X0,0.016
A0A1Q9N315,0.016
A0A842X3C8,0.016
A0A524CQ56,0.016
A0A850MMQ0,0.016
A0A524CAM2,0.016
A0A850LZD3,0.016
A0A497PXT6,0.016
A0A842TD37,0.016
A0A842T6K6,0.016
A0A842THH5,0.016
A0A5C9F2Z4,0.016
A0A5C9ELK9,0.016
A0A524G436,0.016
A0A850LP44,0.016
A0A842T389,0.016
A0A0F8XTC1,0.016
A0A523R5Z7,0.016
A0A5C9F007,0.016
A0A5C9EEQ2,0.016
A0A497PCN1,0.016
A0A497R3I2,0.016
A0A7K4IDM1,0.016
A0A1Q9PAN5,0.016
A0A842TJR2,0.016
A0A842TCJ5,0.016
A0A850M9B5,0.016
A0A497R4Y5,0.016
A0A850M494,0.016
A0A524EYK6,0.016
A0A497PP12,0.016
A0A135VMP4,0.016
A0A5B9DB66,0.016
A0A135VIR8,0.016
A0A7C0YBR6,0.016
A0A497QR03,0.016
A0A842R9G7,0.016
A0A842RVP1,0.016
A0A524DYB4,0.016
A0A524DUC8,0.016
A0A842TLQ5,0.016
A0A497PVC2,0.016
A0A850MNC8,0.016
A0A1Q9NWU2,0.016
A0A1Q9MR01,0.016
A0A1Q9NJR1,0.016
A0A523X7L9,0.016
A0A1Q9NKX3,0.016
A0A497QKN6,0.016
A0A850LWM7,0.016
A0A524C833,0.016
A0A842V8S0,0.016
A0A497P9X9,0.016
A0A5B9D5T2,0.016
A0A524DMI3,0.016
A0A842TCD6,0.016
A0A7K4CWN6,0.016
A0A523RR35,0.016
A0A7K4CQB4,0.016
A0A5C9EX46,0.016
A0A524CUD9,0.016
A0A524LMV4,0.016
A0A524F8I2,0.016
A0A842S6Q3,0.016
A0A135VTA0,0.016
A0A135VIA1,0.016
A0A2U3CED7,0.016
A0A524CB04,0.016
A0A842W0L6,0.016
A0A3L6JGI3,0.016
A0A842SZR6,0.016
A0A497QC00,0.016
A0A497PDR4,0.016
A0A850LTB1,0.016
A0A850M9I6,0.016
A0A842RR63,0.016
A0A524FIZ5,0.016
A0A1Q9NJH2,0.016
A0A842WMV9,0.016
A0A1Q9P241,0.016
A0A5C9E2D0,0.016
A0A842W2L2,0.016
A0A0F8VDW8,0.016
A0A524ETX7,0.016
A0A842T9C2,0.016
A0A842VB90,0.016
A0A1Q9NHI0,0.016
A0A1Q9P272,0.016
A0A1Q9PCV8,0.016
A0A7K4D1T4,0.016
A0A524FC41,0.016
A0A1Q9NYT6,0.016
A0A524C4I5,0.016
A0A135VRZ8,0.016
A0A524CQG8,0.016
A0A523VZ28,0.016
A0A524FEY8,0.016
A0A842R843,0.016
A0A5C9DSQ5,0.016
A0A524FI67,0.016
A0A497QWQ4,0.016
A0A7K4GW30,0.016
A0A842QE99,0.016
A0A850LW35,0.016
A0A842TQ08,0.016
A0A5C9E031,0.016
A0A2U3CJJ1,0.016
A0A524EFZ2,0.016
A0A843BVW1,0.016
A0A1Q9P7L6,0.016
A0A5C9ED57,0.016
A0A2U3CBH3,0.016
A0A7K4D0W5,0.016
A0A842VNB2,0.016
A0A5C9EL55,0.016
A0A842TAK2,0.016
A0A497RDC0,0.016
A0A1Q9NLY2,0.016
A0A3L6JA72,0.016
A0A524CZA9,0.016
A0A497QJL3,0.016
A0A5C9DWM7,0.016
A0A497RA40,0.016
A0A524G398,0.016
A0A5C9EBG0,0.016
A0A523S0F2,0.016
A0A524C5C1,0.016
A0A3L6JAP3,0.016
A0A532TH13,0.016
A0A523VQY0,0.016
A0A1Q9P4K0,0.016
A0A524CEZ7,0.016
A0A5C9F4K8,0.016
A0A135VYR9,0.016
A0A524D8A5,0.016
A0A842QGS6,0.016
A0A850LZY7,0.016
A0A524C3J7,0.016
A0A842WKM9,0.016
A0A842YD06,0.016
A0A850MIN4,0.016
A0A850MTR1,0.016
A0A497QD72,0.016
A0A842X1S1,0.016
A0A1Q9NE15,0.016
A0A842YC57,0.016
A0A497QKY9,0.016
A0A5C9E0D6,0.016
A0A842VW32,0.016
A0A5C9E4D7,0.016
A0A1Q9MSL5,0.016
A0A524E296,0.016
A0A524C825,0.016
A0A524FVY7,0.016
A0A7K4GUP9,0.016
A0A524CI95,0.016
A0A842RJ95,0.016
A0A2U3CD54,0.016
A0A135VTT1,0.016
A0A3L6JFU0,0.016
A0A524DCD8,0.016
A0A5B9D5K0,0.016
A0A850LXL6,0.016
A0A497QXT5,0.016
A0A524DC00,0.016
A0A524CPZ7,0.016
A0A7K4IB05,0.016
A0A850LYM8,0.016
A0A523TIB7,0.016
A0A1Q9NAV1,0.016
A0A497Q649,0.016
A0A1Q9P2A3,0.016
A0A3L6JRQ8,0.016
A0A850LPF9,0.016
A0A523RZV4,0.016
A0A524LH66,0.016
A0A7K4HGU8,0.016
A0A842T726,0.016
A0A524E6J7,0.016
A0A524FFA6,0.016
A0A0F8Y0B2,0.016
A0A497PLT8,0.016
A0A524E4D6,0.016
A0A1Q9N2F3,0.016
A0A842U3P7,0.016
A0A1Q9P1P0,0.016
A0A524FVF9,0.016
A0A1Q9NPI0,0.016
A0A524LIY4,0.016
A0A842U0U7,0.016
A0A850MVJ2,0.016
A0A850MMH7,0.016
A0A5C9E7Q6,0.016
A0A850MF61,0.016
A0A7K4IEW4,0.016
A0A5B9D8Z3,0.016
A0A523VUY5,0.016
A0A842VG73,0.016
A0A843C1R5,0.016
A0A5C9E574,0.016
A0A1Q9P0T3,0.016
A0A842TV08,0.016
A0A5C9EHC6,0.016
A0A524CZ32,0.016
A0A7K4GUG0,0.016
A0A524DU54,0.016
A0A523XIL1,0.016
A0A497R0L2,0.016
A0A5B9D5S7,0.016
A0A1Q9P715,0.016
A0A524FSE6,0.016
A0A524EIL4,0.016
A0A842TEV3,0.016
A0A497QTE9,0.016
A0A7K4GM11,0.016
A0A497PFL4,0.016
A0A5C9EHD3,0.016
A0A5C9EFE1,0.016
A0A524MG66,0.016
A0A524CBB3,0.016
A0A497Q808,0.016
A0A524CEY0,0.016
A0A850M9R7,0.016
A0A7K4H6Y1,0.016
A0A7K4CMF1,0.016
A0A524F1H0,0.016
A0A524P301,0.016
A0A524FX50,0.016
A0A497QWE3,0.016
A0A497Q4P5,0.016
A0A497QWY7,0.016
A0A524FM58,0.016
A0A842VQM4,0.016
A0A524F8F9,0.016
A0A524FS90,0.016
A0A497RCR9,0.016
A0A842YCA7,0.016
A0A5C9EW89,0.016
A0A842QD53,0.016
A0A842YCY0,0.016
A0A524EIH5,0.016
A0A532TVP4,0.016
A0A1Q9NEZ0,0.016
A0A5B9D5G0,0.016
A0A135VMK7,0.016
A0A1Q9NNS9,0.016
A0A524F122,0.016
A0A5C9E2Z0,0.016
A0A842U9T8,0.016
A0A842RVB9,0.016
A0A1Q9N4R3,0.016
A0A524FSK8,0.016
A0A842TCA2,0.016
A0A842RM43,0.016
A0A843C7E3,0.016
A0A842W050,0.016
A0A842W023,0.016
A0A850LSF2,0.016
A0A524FER0,0.016
A0A523S2X6,0.016
A0A5C9E734,0.016
A0A7K4H5V6,0.016
A0A497QLE0,0.016
A0A524EC50,0.016
A0A524CYI4,0.016
A0A523RX31,0.016
A0A524FBK8,0.016
A0A842S5N4,0.016
A0A850M3F6,0.016
A0A842VHP4,0.016
A0A842U926,0.016
A0A3L6JE86,0.016
A0A2U3CJ15,0.016
A0A1Q9P746,0.016
A0A842VL28,0.016
A0A7K4CPZ0,0.016
A0A850MUJ3,0.016
A0A850MAK2,0.016
A0A7K4D058,0.016
A0A524E6K7,0.016
A0A1Q9P1C6,0.016
A0A5C9EUS2,0.016
A0A5C9EGN4,0.016
A0A3L6JTN2,0.016
A0A7K4GVV5,0.016
A0A524ENF6,0.016
A0A842R678,0.016
A0A0F8XW28,0.016
A0A1Q9NW85,0.016
A0A5B9D7W8,0.016
A0A523XPI5,0.016
A0A842T514,0.016
A0A1Q9N106,0.016
A0A497QGS7,0.016
A0A524D3T4,0.016
A0A524DHP2,0.016
A0A524C2E7,0.016
A0A524E5I5,0.016
A0A524DTY1,0.016
A0A5C9ED05,0.016
A0A135VEI9,0.016
A0A497PAM3,0.016
A0A842TH96,0.016
A0A523S615,0.016
A0A524NSB5,0.016
A0A2U3CGD0,0.016
A0A5C9E0Q6,0.015
A0A1Q9PB85,0.015
A0A524FKZ8,0.015
A0A524P0T6,0.015
A0A5B9D8L4,0.015
A0A842RJX3,0.015
A0A524C3F9,0.015
A0A524EW08,0.015
A0A850LYY1,0.015
A0A850LXV5,0.015
A0A524F1M9,0.015
A0A1Q9N4S4,0.015
A0A0F8XH45,0.015
A0A523XH99,0.015
A0A5C9EEU2,0.015
A0A524F718,0.015
A0A5C9EGQ9,0.015
A0A524FIA8,0.015
A0A1Q9MYX9,0.015
A0A5C9EDN3,0.015
A0A5C9EE29,0.015
A0A5C9E373,0.015
A0A524DYB8,0.015
A0A524D6M8,0.015
A0A524MGT8,0.015
A0A524EBQ4,0.015
A0A7K4H0Q6,0.015
A0A850LW97,0.015
A0A497QIV6,0.015
A0A524P0D3,0.015
A0A524CA72,0.015
A0A3L6JJ64,0.015
A0A524FCD2,0.015
A0A0F8XJ72,0.015
A0A850MT70,0.015
A0A5C9DVQ1,0.015
A0A524CAA6,0.015
A0A842VC17,0.015
A0A2U3CGQ4,0.015
A0A5C9EL37,0.015
A0A524LF07,0.015
A0A524C7R4,0.015
A0A524E3B1,0.015
A0A842RY81,0.015
A0A850M646,0.015
A0A1Q9MYY6,0.015
A0A7K4HA81,0.015
A0A497Q1F2,0.015
A0A1Q9N0G4,0.015
A0A3L6JEK4,0.015
A0A524P1C9,0.015
A0A524CZV7,0.015
A0A2U3CKT9,0.015
A0A7K4H0F6,0.015
A0A842VGV6,0.015
A0A7K4H2S0,0.015
A0A850MJ47,0.015
A0A1Q9P8J8,0.015
A0A7K4H2Z2,0.015
A0A1Q9NHR0,0.015
A0A497PK99,0.015
A0A524CYJ0,0.015
A0A524CAV8,0.015
A0A135VPT8,0.015
A0A842RZ15,0.015
A0A1Q9NKV9,0.015
A0A524EX96,0.015
A0A1Q9MRS3,0.015
A0A849QJK3,0.015
A0A1Q9PDZ8,0.015
A0A524MDU9,0.015
A0A1Q9MXM4,0.015
A0A497PAR7,0.015
A0A524C4Z8,0.015
A0A5C9ED03,0.015
A0A523W1A7,0.015
A0A7K4H258,0.015
A0A524DMR9,0.015
A0A3L6JMM3,0.015
A0A497R0G7,0.015
A0A497QTA2,0.015
A0A524CGE2,0.015
A0A7K4HD69,0.015
A0A842VR93,0.015
A0A5B9DC32,0.015
A0A7K4CS64,0.015
A0A3L6JN78,0.015
A0A524F5K2,0.015
A0A7K4IHC4,0.015
A0A7K4CT66,0.015
A0A3L6J7V8,0.015
A0A524FLZ1,0.015
A0A1Q9P7H1,0.015
A0A7K4IDR6,0.015
A0A524D0G8,0.015
A0A842RD01,0.015
A0A523TEU4,0.015
A0A497Q4F8,0.015
A0A1Q9NBN7,0.015
A0A497R7N1,0.015
A0A5C9E2Z2,0.015
A0A524LIK0,0.015
A0A524F4Q6,0.015
A0A5C9ESQ2,0.015
A0A524E0A2,0.015
A0A524E495,0.015
A0A5B9DEH1,0.015
A0A7K4H6Z6,0.015
A0A0F8Y4Z6,0.015
A0A524DCT5,0.015
A0A2E9CCI5,0.015
A0A842S3J7,0.015
A0A7K4CND5,0.015
A0A1Q9NKS0,0.015
A0A5C9EYM3,0.015
A0A1Q9NCY0,0.015
A0A7K4HI26,0.015
A0A842VFJ6,0.015
A0A1Q9NQN7,0.015
A0A497Q2D4,0.015
A0A0F8XRA2,0.015
A0A524GAL5,0.015
A0A7K4CZV3,0.015
A0A5B9D632,0.015
A0A842VGF4,0.015
A0A135VMI8,0.015
A0A842SYC3,0.015
A0A135VY61,0.015
A0A524CER1,0.015
A0A1Q9NUL2,0.015
A0A524D1D2,0.015
A0A524DK37,0.015
A0A497PU39,0.015
A0A524DFA2,0.015
A0A524E9C1,0.015
A0A524G2M2,0.015
A0A135VK08,0.015
A0A497PJ12,0.015
A0A842RV74,0.015
A0A5C9ERN3,0.015
A0A1Q9NZD2,0.015
A0A523RID6,0.015
A0A1Q9NJR5,0.015
A0A842YF40,0.015
A0A842SXP8,0.015
A0A3L6JAA5,0.015
A0A3L6JMF7,0.015
A0A842TSG1,0.015
A0A524EBC0,0.015
A0A524P691,0.015
A0A1Q9NVV8,0.015
A0A842U4V3,0.015
A0A1Q9NVG6,0.015
A0A7K4CQ06,0.015
A0A5B9DE82,0.015
A0A523XIP3,0.015
A0A523TJX6,0.015
A0A497PGE8,0.015
A0A842SBF1,0.015
A0A1Q9PB96,0.015
A0A524C8E1,0.015
A0A1Q9NBN1,0.015
A0A842TRT3,0.015
A0A524G5B4,0.015
A0A523RAL2,0.015
A0A0F8VB27,0.015
A0A1Q9NNI8,0.015
A0A1Q9N2B0,0.015
A0A1Q9NTT2,0.015
A0A5C9EG77,0.015
A0A524ECY4,0.015
A0A532T9B8,0.015
A0A850MGT9,0.015
A0A523W4A7,0.015
A0A497R230,0.015
A0A532TGT0,0.015
A0A0F8XJF7,0.015
A0A0F8W160,0.015
A0A5C9ENU2,0.015
A0A842TSF0,0.015
A0A842THI1,0.015
A0A524CV28,0.015
A0A7K4H1T6,0.015
A0A7K4CWA2,0.015
A0A842W329,0.015
A0A497PBZ2,0.015
A0A524F953,0.015
A0A523XDP9,0.015
A0A0F8YD09,0.015
A0A842W1F3,0.015
A0A524CSH2,0.015
A0A849Q676,0.015
A0A842RE59,0.015
A0A523S0S6,0.015
A0A850MD95,0.015
A0A1Q9NH11,0.015
A0A842TCT4,0.015
A0A524DML6,0.015
A0A523VRP2,0.015
A0A524C1R0,0.015
A0A524E2X8,0.015
A0A1Q9PAA1,0.015
A0A1Q9P9X9,0.015
A0A7K4CNI2,0.015
A0A7K4IC81,0.015
A0A842RBA6,0.015
A0A1Q9P0J5,0.015
A0A7K4H034,0.015
A0A3L6JEQ6,0.015
A0A850MUS3,0.015
A0A524D2N9,0.015
A0A524DHH4,0.015
A0A524C4J6,0.015
A0A1Q9PBU6,0.015
A0A1Q9PDA4,0.015
A0A1Q9NW75,0.015
A0A842TW56,0.015
A0A524CBF4,0.015
A0A135VDE4,0.015
A0A524E0Q4,0.015
A0A1Q9MTD3,0.015
A0A842QFX3,0.015
A0A524ESR0,0.015
A0A7K4GJB1,0.015
A0A524CJB1,0.015
A0A497Q3I8,0.015
A0A842RCP1,0.015
A0A7K4IDA5,0.015
A0A1Q9NPC7,0.015
A0A5C9EIQ1,0.015
A0A1Q9NNJ6,0.015
A0A842RJ85,0.015
A0A524CGV0,0.015
A0A7K4GW66,0.015
A0A842VU46,0.015
A0A3L6JQL0,0.015
A0A1Q9NP19,0.015
A0A524F7S3,0.015
A0A7K4H1E3,0.015
A0A842W3R4,0.015
A0A524CJ05,0.015
A0A7K4H5P9,0.015
A0A1Q9NKP7,0.015
A0A524L675,0.015
A0A1Q9P337,0.015
A0A842U3V0,0.015
A0A842TK61,0.015
A0A2U3CKY1,0.015
A0A524P3B2,0.015
A0A5C9EA18,0.015
A0A5C9EJA4,0.015
A0A3L6JT64,0.015
A0A7K4CQR6,0.015
A0A5C9EQ72,0.015
A0A842WY56,0.015
A0A842WUE1,0.015
A0A7K4HH75,0.015
A0A842W0H4,0.015
A0A524CUP2,0.015
A0A524D8F3,0.015
A0A497PQ54,0.015
A0A524ENQ6,0.015
A0A1Q9P797,0.015
A0A135VWX1,0.015
A0A5C9DYG7,0.015
A0A524EGD4,0.015
A0A497QUR4,0.015
A0A497Q054,0.015
A0A524FC17,0.015
A0A1Q9P2R0,0.015
A0A523RI51,0.015
A0A524EFN9,0.015
A0A524M9F4,0.015
A0A0F8VGR2,0.015
A0A842QGT0,0.015
A0A849QF72,0.015
A0A842QF58,0.015
A0A135VC68,0.015
A0A5C9EAD5,0.015
A0A842U979,0.015
A0A497QDS1,0.015
A0A843C482,0.015
A0A1Q9NTG7,0.015
A0A5C9DYP8,0.015
A0A497QVW6,0.015
A0A1Q9P664,0.015
A0A135VMS8,0.015
A0A524DWW7,0.015
A0A523RSD0,0.015
A0A1Q9NF43,0.015
A0A842UAV2,0.015
A0A842QAP3,0.015
A0A842TLK0,0.015
A0A524D5K3,0.015
A0A0F8Y6Y8,0.015
A0A524FJG6,0.015
A0A842VM14,0.015
A0A524ERP6,0.015
A0A850ML15,0.015
A0A524DBD3,0.015
A0A842YEG9,0.015
A0A523RQT2,0.015
A0A1Q9N2Z4,0.015
A0A532TFG7,0.015
A0A497Q075,0.015
A0A842VS25,0.015
A0A5C9E9Q2,0.015
A0A5C9DVS4,0.015
A0A842QHH5,0.015
A0A1Q9P7V6,0.015
A0A524LX58,0.015
A0A842RFA8,0.015
A0A1Q9NDU1,0.015
A0A497QAX8,0.015
A0A2U3CCI2,0.015
A0A524F0E9,0.015
A0A1Q9MVQ4,0.015
A0A7K4CNK6,0.015
A0A5C9ETN4,0.015
A0A524CZK1,0.015
A0A524LGA9,0.015
A0A3L6JLH6,0.015
A0A524FIW2,0.015
A0A524E430,0.015
A0A842YEC9,0.015
A0A497Q7U0,0.015
A0A524D731,0.015
A0A849QCL3,0.015
A0A3L6J9N5,0.015
A0A524C5W7,0.015
A0A497QDP2,0.015
A0A849QEX7,0.015
A0A524FZB4,0.015
A0A1Q9MTR5,0.015
A0A5C9ESC2,0.015
A0A5C9E1J7,0.015
A0A7C0U8D3,0.015
A0A497QZA8,0.015
A0A532TXD3,0.015
A0A842T6Z6,0.015
A0A849QDM3,0.015
A0A497RG12,0.015
A0A5C9DUQ3,0.015
A0A1Q9MSX7,0.015
A0A524CKC4,0.015
A0A850M5G8,0.015
A0A5B9D6V9,0.015
A0A524EWY1,0.015
A0A7K4H8G5,0.015
A0A135VHP9,0.015
A0A2U3CJ24,0.015
A0A850LTY2,0.015
A0A1Q9NZU0,0.015
A0A524CUE3,0.015
A0A524CI60,0.015
A0A524D7R6,0.015
A0A842VQQ0,0.015
A0A497PMN2,0.015
A0A5C9EFC4,0.015
A0A7K4GWC9,0.015
A0A3L6JH50,0.015
A0A524LIJ9,0.015
A0A532TAZ6,0.015
A0A842QKS6,0.015
A0A842VRS7,0.015
A0A532TFK3,0.015
A0A842SV96,0.015
A0A7K4D074,0.015
A0A524D8T4,0.015
A0A523X9L7,0.015
A0A524G2P8,0.015
A0A842W0T6,0.015
A0A524FYB9,0.015
A0A842TK87,0.015
A0A524D9G4,0.015
A0A3L6JBM8,0.015
A0A523TPV0,0.015
A0A524NV08,0.015
A0A2U3CKV4,0.015
A0A842U1I5,0.015
A0A5B9DG19,0.015
A0A7K4IFF5,0.015
A0A850MGB2,0.015
A0A842VHW6,0.015
A0A524LAV1,0.015
A0A524FEF5,0.015
A0A524CH00,0.015
A0A7K4GT50,0.015
A0A135VK84,0.015
A0A5C9ETR3,0.015
A0A497Q6G3,0.015
A0A850MHU5,0.015
A0A1Q9NPW7,0.015
A0A524F4H7,0.015
A0A7K4GW98,0.015
A0A842RI32,0.015
A0A0F8VNX7,0.015
A0A497QJH3,0.015
A0A497PND2,0.015
A0A524FPS4,0.015
A0A524M7R6,0.015
A0A842VQ42,0.015
A0A1Q9PEK9,0.015
A0A532TH39,0.015
A0A1Q9NEG8,0.015
A0A842SZ84,0.015
A0A850MIR4,0.015
A0A523RTP3,0.015
A0A524EM31,0.015
A0A135VE90,0.015
A0A842T6D4,0.015
A0A497Q748,0.015
A0A842RDK5,0.015
A0A842T5B0,0.015
A0A842RL33,0.015
A0A7K4HG76,0.015
A0A524LQF4,0.015
A0A5B9D652,0.015
A0A1Q9NMK0,0.015
A0A842QE64,0.015
A0A532TTI8,0.015
A0A7K4H085,0.015
A0A524FFI6,0.015
A0A842WTG7,0.015
A0A7K4HB34,0.015
A0A523RDP6,0.015
A0A497QJN1,0.015
A0A0F8Y7H1,0.015
A0A524E154,0.015
A0A497R4S7,0.015
A0A524FE60,0.015
A0A524D7V1,0.015
A0A3L6JA67,0.015
A0A524CFP7,0.015
A0A524NS45,0.015
A0A524GAJ1,0.015
A0A842QDT0,0.015
A0A497PQR5,0.015
A0A524ENC3,0.015
A0A842T5B8,0.015
A0A524EDJ7,0.015
A0A2U3CD99,0.015
A0A1Q9NA50,0.015
A0A842TDX7,0.015
A0A523W4H1,0.015
A0A524F324,0.015
A0A1Q9NJQ7,0.015
A0A524FMN7,0.015
A0A0F8W136,0.015
A0A523TB08,0.015
A0A7K4HLG8,0.015
A0A7K4GW07,0.015
A0A532TVA4,0.015
A0A524F7F5,0.015
A0A842RFP5,0.015
A0A524CNY7,0.015
A0A135VRK8,0.015
A0A524M6D2,0.015
A0A5C9F2L0,0.015
A0A5C9F0I6,0.015
A0A524D3D6,0.015
A0A524F1P8,0.015
A0A135VRZ3,0.015
A0A850LWF6,0.015
A0A524CUA5,0.015
A0A1Q9P7I9,0.015
A0A524D2U4,0.015
A0A497PDS5,0.015
A0A523RP99,0.015
A0A842SU84,0.015
A0A842V8V1,0.015
A0A524CSF6,0.015
A0A1Q9PCS6,0.015
A0A524M442,0.015
A0A5C9E053,0.015
A0A532T7K9,0.015
A0A850LZB9,0.015
A0A1Q9N441,0.015
A0A7K4CN26,0.015
A0A532TCZ1,0.015
A0A5C9E5K7,0.015
A0A850M000,0.015
A0A842S910,0.015
A0A524FBE6,0.015
A0A524NZ76,0.015
A0A5C9EI06,0.015
A0A497PSV2,0.015
A0A135VVV2,0.015
A0A1Q9NJK5,0.015
A0A524FGP2,0.015
A0A3L6J853,0.015
A0A135VI61,0.015
A0A842YC92,0.015
A0A7K4CXA6,0.015
A0A523W324,0.015
A0A524D8R6,0.015
A0A524DZP3,0.015
A0A523RQG4,0.015
A0A497PNQ8,0.015
A0A532T972,0.015
A0A524DDG0,0.015
A0A524CHC1,0.015
A0A5C9F3G0,0.015
A0A524EAW3,0.015
A0A3L6JE77,0.015
A0A1Q9P3F9,0.015
A0A842VEX8,0.015
A0A850M0B7,0.015
A0A532TCS6,0.015
A0A842QJA4,0.015
A0A843BWD2,0.015
A0A842VD46,0.015
A0A7K4H3M9,0.015
A0A3L6JKB4,0.015
A0A850MFW9,0.015
A0A532T7A5,0.015
A0A135VVF6,0.015
A0A7K4CW73,0.015
A0A850LVZ8,0.015
A0A7K4GVC9,0.015
A0A524GB35,0.015
A0A850MB69,0.015
A0A850MVU7,0.015
A0A842VT22,0.015
A0A524DDT5,0.015
A0A524DKY2,0.015
A0A135VRU0,0.015
A0A135VY24,0.015
A0A497QLY8,0.015
A0A850MX14,0.015
A0A3L6JAU2,0.015
A0A135VD59,0.015
A0A497PLL0,0.015
A0A7K4H7V9,0.015
A0A2U3CD86,0.015
A0A1Q9NYB8,0.015
A0A5C9E233,0.015
A0A7K4H7B0,0.015
A0A497PRW3,0.015
A0A5C9E290,0.015
A0A1Q9N191,0.015
A0A5B9DAN5,0.015
A0A524F2H8,0.015
A0A524E666,0.015
A0A850MAZ6,0.015
A0A1Q9NH76,0.015
A0A524LJZ0,0.015
A0A1Q9NV46,0.015
A0A524EU79,0.015
A0A3L6JGH0,0.015
A0A7K4H1R4,0.015
A0A524D5C4,0.015
A0A5C9EH47,0.015
A0A850M6K0,0.015
A0A842RXY0,0.015
A0A2U3CBR0,0.015
A0A842QKH3,0.015
A0A850M170,0.015
A0A524EVT3,0.015
A0A842RFH4,0.015
A0A135VCK1,0.015
A0A524DRN7,0.015
A0A7K4IGI2,0.015
A0A1Q9NME0,0.015
A0A135VB11,0.015
A0A524CVP2,0.015
A0A849Q9P8,0.015
A0A524DBP0,0.015
A0A842VLY1,0.015
A0A849QAF0,0.015
A0A524FJZ9,0.015
A0A850MHR7,0.015
A0A842T3G6,0.015
A0A1Q9MVM1,0.015
A0A524FEW7,0.015
A0A7K4HGV9,0.015
A0A524CBN1,0.015
A0A1Q9NTP3,0.015
A0A850M9P9,0.014
A0A842RTD4,0.014
A0A523XFA9,0.014
A0A497QFT4,0.014
A0A497P9U8,0.014
A0A1Q9P1C9,0.014
A0A7K4GPW3,0.014
A0A842W137,0.014
A0A524FA57,0.014
A0A135VX06,0.014
A0A2E9CDD1,0.014
A0A524C666,0.014
A0A524G1D7,0.014
A0A842T1S2,0.014
A0A524P3C8,0.014
A0A7K4GLQ2,0.014
A0A850MA27,0.014
A0A1Q9PBL1,0.014
A0A524NZ11,0.014
A0A524DUJ8,0.014
A0A842S807,0.014
A0A5B9DEK1,0.014
A0A524CHX0,0.014
A0A842RL31,0.014
A0A497QHT6,0.014
A0A7K4H9Y1,0.014
A0A3L6J997,0.014
A0A532TGZ0,0.014
A0A5C9EWN4,0.014
A0A524DQA2,0.014
A0A842TGJ6,0.014
A0A1Q9MZZ3,0.014
A0A0F8XKW0,0.014
A0A5C9DXR2,0.014
A0A524F874,0.014
A0A524CPW9,0.014
A0A532TE31,0.014
A0A7K4D158,0.014
A0A497PCA5,0.014
A0A842VJA5,0.014
A0A7K4D162,0.014
A0A524LVC0,0.014
A0A524D458,0.014
A0A524CYG6,0.014
A0A524ELY6,0.014
A0A1Q9P9A2,0.014
A0A5C9EHS2,0.014
A0A524LEX0,0.014
A0A7K4HJA3,0.014
A0A524D0U1,0.014
A0A7K4H3Z1,0.014
A0A850MB62,0.014
A0A7K4GV81,0.014
A0A524G0S8,0.014
A0A524E9T7,0.014
A0A850M1G8,0.014
A0A524DA49,0.014
A0A7K4GW36,0.014
A0A524EXZ9,0.014
A0A523VND2,0.014
A0A3L6JIQ5,0.014
A0A524CHW9,0.014
A0A7K4IFE2,0.014
A0A0F8VJJ5,0.014
A0A524CK64,0.014
A0A497PTQ4,0.014
A0A523S4J2,0.014
A0A850MM28,0.014
A0A7K4CMG8,0.014
A0A850LS22,0.014
A0A523R6A4,0.014
A0A1Q9NW14,0.014
A0A523R917,0.014
A0A523TBA7,0.014
A0A842S3D1,0.014
A0A497Q333,0.014
A0A850M5N5,0.014
A0A524CGI2,0.014
A0A524ESJ8,0.014
A0A497PNA3,0.014
A0A5C9EZQ1,0.014
A0A2E9CCZ0,0.014
A0A842RFW4,0.014
A0A497PET3,0.014
A0A842RAI4,0.014
A0A524DD97,0.014
A0A524LZV5,0.014
A0A2U3CFD3,0.014
A0A7K4IDM9,0.014
A0A524D1H1,0.014
A0A524CBY3,0.014
A0A524FNW9,0.014
A0A497QIZ6,0.014
A0A524D3M0,0.014
A0A524DCR2,0.014
A0A1Q9PDD7,0.014
A0A524E848,0.014
A0A1Q9NA43,0.014
A0A842RTF8,0.014
A0A524EKR1,0.014
A0A842RA77,0.014
A0A524LF38,0.014
A0A532TW96,0.014
A0A5C9EKX7,0.014
A0A497PQS6,0.014
A0A135VFB1,0.014
A0A524FYY3,0.014
A0A497Q969,0.014
A0A524EB74,0.014
A0A135VK63,0.014
A0A135VRU5,0.014
A0A524DI23,0.014
A0A1Q9N4B5,0.014
A0A524FUG9,0.014
A0A497R488,0.014
A0A842U619,0.014
A0A524FFM6,0.014
A0A524E6L1,0.014
A0A524FVU8,0.014
A0A7K4H6V0,0.014
A0A842RAU7,0.014
A0A842TDS3,0.014
A0A842SDF9,0.014
A0A7K4GQK7,0.014
A0A1Q9P574,0.014
A0A1Q9P479,0.014
A0A7K4GRS7,0.014
A0A842QKY0,0.014
A0A524E6L0,0.014
A0A524DFN4,0.014
A0A524G7E4,0.014
A0A524DGV7,0.014
A0A524CL00,0.014
A0A524EAV4,0.014
A0A524F0V1,0.014
A0A850MUD3,0.014
A0A524E0F8,0.014
A0A1Q9NMU4,0.014
A0A842WTA5,0.014
A0A532TMR7,0.014
A0A1Q9NAA8,0.014
A0A523RTL8,0.014
A0A7K4D089,0.014
A0A5C9EDL1,0.014
A0A524M6D7,0.014
A0A842U2W0,0.014
A0A850LRC5,0.014
A0A1Q9N1J3,0.014
A0A524CRJ5,0.014
A0A842S5B9,0.014
A0A842YDM0,0.014
A0A1Q9NPB0,0.014
A0A2U3CBI1,0.014
A0A7K4IDT1,0.014
A0A524FQE0,0.014
A0A5B9DCZ0,0.014
A0A1Q9PBK3,0.014
A0A850MDV8,0.014
A0A524M2N3,0.014
A0A497Q0T5,0.014
A0A497QBD3,0.014
A0A524E8U1,0.014
A0A850M6Z2,0.014
A0A0F8Y6S6,0.014
A0A524C271,0.014
A0A532TIR9,0.014
A0A7K4HBT8,0.014
A0A524M9U0,0.014
A0A524DDS6,0.014
A0A842RQL1,0.014
A0A1Q9MUV5,0.014
A0A524CUI6,0.014
A0A7K4H716,0.014
A0A1Q9NQU1,0.014
A0A842UEW4,0.014
A0A497QSN8,0.014
A0A850M890,0.014
A0A135VUW1,0.014
A0A1Q9NBD3,0.014
A0A524DW44,0.014
A0A524DWG1,0.014
A0A0F8V8V9,0.014
A0A850MWN2,0.014
A0A5C9EY54,0.014
A0A842SY85,0.014
A0A497QWV1,0.014
A0A843BXU4,0.014
A0A1Q9MW03,0.014
A0A7K4HL11,0.014
A0A3L6JHZ0,0.014
A0A5C9EQ67,0.014
A0A850LST3,0.014
A0A497PN26,0.014
A0A7K4IG60,0.014
A0A524CFL5,0.014
A0A850LQK5,0.014
A0A5C9E9H6,0.014
A0A0F8XSK2,0.014
A0A7K4GK44,0.014
A0A524EEP1,0.014
A0A524CS64,0.014
A0A524C245,0.014
A0A7K4HGI6,0.014
A0A524D8E5,0.014
A0A5C9EEE7,0.014
A0A523SB45,0.014
A0A7K4CTH1,0.014
A0A842RRB6,0.014
A0A524DXI3,0.014
A0A524MKE4,0.014
A0A7K4H156,0.014
A0A497QTC2,0.014
A0A842T196,0.014
A0A7K4GW42,0.014
A0A0F8XVG5,0.014
A0A7K4CYG8,0.014
A0A7K4CQ39,0.014
A0A524EKE8,0.014
A0A524D2A5,0.014
A0A842YDR8,0.014
A0A497PNU7,0.014
A0A850M074,0.014
A0A842TFT8,0.014
A0A524F8Y5,0.014
A0A524ED08,0.014
A0A1Q9NKZ0,0.014
A0A523RD76,0.014
A0A5B9DED2,0.014
A0A135VD20,0.014
A0A5C9EKW7,0.014
A0A0F8XS08,0.014
A0A5C9EZF8,0.014
A0A1Q9P1G3,0.014
A0A135VRW7,0.014
A0A1Q9P3U6,0.014
A0A842T5J6,0.014
A0A497Q238,0.014
A0A842Y9T0,0.014
A0A5C9ESD2,0.014
A0A842YCE2,0.014
A0A2U3CDD7,0.014
A0A5C9EYQ0,0.014
A0A524G3B2,0.014
A0A842QDD7,0.014
A0A532TH91,0.014
A0A524EVW8,0.014
A0A842U5M8,0.014
A0A842RQ64,0.014
A0A7C0Y848,0.014
A0A842VFM1,0.014
A0A524E4F6,0.014
A0A1Q9N8K1,0.014
A0A842VAA3,0.014
A0A524F0H8,0.014
A0A850MTY7,0.014
A0A524LDQ5,0.014
A0A850MNB2,0.014
A0A523TCS7,0.014
A0A524DUV3,0.014
A0A850M5A3,0.014
A0A1Q9P826,0.014
A0A0F8VC39,0.014
A0A524C5U8,0.014
A0A842TL57,0.014
A0A842WSJ5,0.014
A0A524G835,0.014
A0A842RCX3,0.014
A0A497RDN6,0.014
A0A3L6JMN1,0.014
A0A497QVH7,0.014
A0A532TN31,0.014
A0A497QX53,0.014
A0A850M722,0.014
A0A3L6JFJ0,0.014
A0A7K4GRJ6,0.014
A0A523XR04,0.014
A0A1Q9PBS4,0.014
A0A850MDU0,0.014
A0A497PJ67,0.014
A0A0F8XUZ4,0.014
A0A524LRA6,0.014
A0A135VKX6,0.014
A0A5C9ESZ7,0.014
A0A850MJB6,0.014
A0A524D6T5,0.014
A0A524FGF7,0.014
A0A1Q9NZU9,0.014
A0A497QU71,0.014
A0A842S1G3,0.014
A0A1Q9NC47,0.014
A0A497PE36,0.014
A0A0F8VKN9,0.014
A0A842WTR7,0.014
A0A524CSA3,0.014
A0A135VCV7,0.014
A0A524CFQ7,0.014
A0A497QBI4,0.014
A0A7K4H317,0.014
A0A1Q9NU88,0.014
A0A1Q9MX04,0.014
A0A497QIE5,0.014
A0A532TYZ0,0.014
A0A3L6J8J9,0.014
A0A3L6JU22,0.014
A0A842RQ18,0.014
A0A843BZR4,0.014
A0A135VD80,0.014
A0A0F8VGF4,0.014
A0A1Q9NBA2,0.014
A0A5C9EBP5,0.014
A0A5C9DXR6,0.014
A0A2U3CCU5,0.014
A0A524FTL8,0.014
A0A1Q9P0K6,0.014
A0A523S237,0.014
A0A7K4CRR9,0.014
A0A524D0Z1,0.014
A0A497QMU0,0.014
A0A524E6K9,0.014
A0A842T849,0.014
A0A3L6JTV9,0.014
A0A850LSK3,0.014
A0A842WNK9,0.014
A0A524LJE4,0.014
A0A5C9EPR0,0.014
A0A524FDC5,0.014
A0A842YDB3,0.014
A0A842TL29,0.014
A0A524P6Q3,0.014
A0A524FFN7,0.014
A0A7K4GW60,0.014
A0A7K4H2G4,0.014
A0A842VD27,0.014
A0A5C9ESM4,0.014
A0A532TMP8,0.014
A0A1Q9NT85,0.014
A0A7K4CVQ9,0.014
A0A1Q9P060,0.014
A0A842RWW5,0.014
A0A1Q9P3T4,0.014
A0A5B9D9U2,0.014
A0A497PY55,0.014
A0A135VM26,0.014
A0A524CI33,0.014
A0A1Q9MVR8,0.014
A0A524FEG0,0.014
A0A524F599,0.014
A0A842R9F9,0.014
A0A524EQ77,0.014
A0A497PLD7,0.014
A0A497PM12,0.014
A0A524C6T1,0.014
A0A135VVD7,0.014
A0A1Q9NQU3,0.014
A0A0F8XLF7,0.014
A0A3L6JQB4,0.014
A0A842WVU5,0.014
A0A523TKU0,0.014
A0A1Q9N4E9,0.014
A0A850LQ78,0.014
A0A0F8VJZ3,0.014
A0A842TDC5,0.014
A0A1Q9P5M0,0.014
A0A524CU94,0.014
A0A5C9E7W5,0.014
A0A842RCN4,0.014
A0A842RIX0,0.014
A0A5C9EEE1,0.014
A0A7K4HIC3,0.014
A0A524F4Q4,0.014
A0A524CGA4,0.014
A0A7K4IH79,0.014
A0A5C9EPT5,0.014
A0A5C9E7X2,0.014
A0A0F8W8B9,0.014
A0A524CSZ4,0.014
A0A1Q9PDH1,0.014
A0A524FEL3,0.014
A0A524DP49,0.014
A0A532TIQ7,0.014
A0A850LQL8,0.014
A0A850MSK3,0.014
A0A7K4IAN0,0.014
A0A7K4CQG5,0.014
A0A842QFB2,0.014
A0A497R2Z7,0.014
A0A524EEW6,0.014
A0A850MRF5,0.014
A0A524E822,0.014
A0A524CWA1,0.014
A0A842SZD7,0.014
A0A497QFM1,0.014
A0A7K4GS88,0.014
A0A524LMR2,0.014
A0A7K4HEB8,0.014
A0A1Q9MV51,0.014
A0A5B9D7Y0,0.014
A0A5C9EA83,0.014
A0A1Q9NB20,0.014
A0A523RF63,0.014
A0A135VMM0,0.014
A0A0F8YBR4,0.014
A0A5C9EZL0,0.014
A0A524DE68,0.014
A0A497PPH6,0.014
A0A5B9DBQ1,0.014
A0A532TDG8,0.014
A0A524EDW2,0.014
A0A842TD86,0.014
A0A524E7U8,0.014
A0A497QX75,0.014
A0A7K4H5Q9,0.014
A0A135VBV9,0.014
A0A524E5L3,0.014
A0A3L6JJ37,0.014
A0A850MHF3,0.014
A0A524P4W1,0.014
A0A850M618,0.014
A0A7K4H2X3,0.014
A0A7K4CQY9,0.014
A0A524D8D4,0.014
A0A1Q9N9U4,0.014
A0A7K4HK36,0.014
A0A497PU78,0.014
A0A497QV04,0.014
A0A842VIV0,0.014
A0A842YCY9,0.014
A0A1Q9NDM3,0.014
A0A842VAL3,0.014
A0A850MCJ3,0.014
A0A532TH34,0.014
A0A135VKJ1,0.014
A0A842YBY4,0.014
A0A523XQ54,0.014
A0A842QG76,0.014
A0A523XM50,0.014
A0A1Q9NTQ8,0.014
A0A524DWF2,0.014
A0A842VW36,0.014
A0A2U3CHM4,0.014
A0A842TZV8,0.014
A0A842UDV2,0.014
A0A849QER8,0.014
A0A3L6JM55,0.014
A0A850M2V9,0.014
A0A7K4H9K5,0.014
A0A5C9E6I8,0.014
A0A850LVB5,0.014
A0A1Q9N0Q6,0.014
A0A842TPS1,0.014
A0A524CF14,0.014
A0A842TLK9,0.014
A0A842WPR7,0.014
A0A524LRD0,0.014
A0A524G7N6,0.014
A0A524FKC4,0.014
A0A842S7N9,0.014
A0A524CQJ2,0.014
A0A842QDL0,0.014
A0A5C9EG01,0.014
A0A842WS53,0.014
A0A2U3CDP2,0.014
A0A842WTJ7,0.014
A0A842YA44,0.014
A0A7K4CP45,0.014
A0A524C5C8,0.014
A0A1Q9MTP8,0.014
A0A523SB54,0.014
A0A497Q509,0.014
A0A524CES1,0.014
A0A850ME13,0.014
A0A1Q9P3Q1,0.014
A0A850MG49,0.014
A0A5C9ESF1,0.014
A0A524CKL2,0.014
A0A135VJI9,0.014
A0A524LNL0,0.014
A0A497QAM2,0.014
A0A7K4HI72,0.014
A0A524DWW5,0.014
A0A524EBA2,0.014
A0A842RSL3,0.014
A0A842TNY6,0.014
A0A524D2G5,0.014
A0A842RCY3,0.014
A0A524CTG7,0.014
A0A7K4HFE7,0.014
A0A842WLK9,0.014
A0A842S214,0.014
A0A524ELM8,0.014
A0A1Q9NZQ2,0.014
A0A523RGM9,0.014
A0A524F5E5,0.014
A0A842RB19,0.014
A0A524G4P3,0.014
A0A497QU86,0.014
A0A524CN45,0.014
A0A842TLU8,0.014
A0A1Q9P740,0.014
A0A532TQ94,0.014
A0A524FSX9,0.014
A0A523RXG3,0.014
A0A5C9F2W8,0.014
A0A5C9ERN0,0.014
A0A7K4GUP4,0.014
A0A524LJ86,0.014
A0A842TA16,0.014
A0A5C9E7K2,0.014
A0A842VYJ9,0.014
A0A842YDF2,0.014
A0A7K4IBP8,0.014
A0A524D8A0,0.014
A0A842UFG9,0.014
A0A849QLJ4,0.014
A0A842VFZ6,0.014
A0A842WQH1,0.014
A0A524CNR6,0.014
A0A5C9E1B4,0.014
A0A524EDU8,0.014
A0A523RGT7,0.014
A0A524CVS0,0.014
A0A524CZW0,0.014
A0A7K4HHH5,0.014
A0A524LMI9,0.014
A0A1Q9N1W2,0.014
A0A842UB50,0.014
A0A524E9S0,0.014
A0A135VKM4,0.014
A0A524CGD7,0.014
A0A850M3L3,0.014
A0A135VYQ8,0.014
A0A523RMZ7,0.014
A0A849QKV1,0.014
A0A842QGE9,0.014
A0A524DA20,0.014
A0A1Q9MUV0,0.014
A0A1Q9NNQ9,0.014
A0A7K4IG62,0.014
A0A1Q9P7Y3,0.014
A0A842T9I3,0.014
A0A842WNJ4,0.014
A0A532T7D6,0.014
A0A842WU84,0.014
A0A1Q9NJC5,0.014
A0A849QDZ1,0.014
A0A524EE39,0.014
A0A842VM95,0.014
A0A532TRL5,0.014
A0A850MIB3,0.014
A0A523RDF8,0.014
A0A842S0Z3,0.014
A0A497PJQ2,0.014
A0A524FEU4,0.014
A0A842RD07,0.014
A0A7K4IE70,0.014
A0A842VPM8,0.014
A0A1Q9NCE0,0.014
A0A524D313,0.014
A0A3L6JPL6,0.014
A0A842VAT2,0.014
A0A849QHU0,0.014
A0A524CQ96,0.014
A0A497Q530,0.014
A0A850MAY1,0.014
A0A849QG33,0.014
A0A524CL42,0.014
A0A7K4H1T2,0.014
A0A850MDP9,0.014
A0A5C9DXI2,0.014
A0A497Q2Q4,0.014
A0A850LU40,0.014
A0A135VQ84,0.014
A0A1Q9NAW1,0.014
A0A524LG56,0.014
A0A3L6J8S7,0.014
A0A524CLQ6,0.014
A0A532T8S7,0.013
A0A0F8VMK5,0.013
A0A5C9EDZ0,0.013
A0A842TTA2,0.013
A0A5C9E5S1,0.013
A0A524EU68,0.013
A0A5B9DBU0,0.013
A0A524LJ19,0.013
A0A842WU44,0.013
A0A7K4HBL6,0.013
A0A842TNX6,0.013
A0A524EMD1,0.013
A0A2E9CF87,0.013
A0A842YEQ4,0.013
A0A524FMI6,0.013
A0A524G5J6,0.013
A0A524MFA8,0.013
A0A842WMA5,0.013
A0A842YDS6,0.013
A0A524ML35,0.013
A0A524D2K0,0.013
A0A524EIJ7,0.013
A0A524FN98,0.013
A0A524FNE0,0.013
A0A497PM62,0.013
A0A0F8W9S4,0.013
A0A7K4GW23,0.013
A0A7K4HCT3,0.013
A0A842TAJ9,0.013
A0A523RDK5,0.013
A0A7K4H9B3,0.013
A0A5C9EVL2,0.013
A0A3L6JF99,0.013
A0A524EFM1,0.013
A0A5C9EN66,0.013
A0A3L6JRQ6,0.013
A0A497Q5Y9,0.013
A0A850MC09,0.013
A0A843BZE3,0.013
A0A1Q9N8P4,0.013
A0A1Q9PFK0,0.013
A0A524CUB1,0.013
A0A524LL87,0.013
A0A5C9E579,0.013
A0A842VEP1,0.013
A0A524FJA5,0.013
A0A135VSE8,0.013
A0A135VWT1,0.013
A0A532TJB9,0.013
A0A7K4CPX3,0.013
A0A0F8XUN3,0.013
A0A842TFF8,0.013
A0A523RVD1,0.013
A0A524M3N8,0.013
A0A524M015,0.013
A0A497Q7E6,0.013
A0A497R006,0.013
A0A5B9DDU7,0.013
A0A524FX53,0.013
A0A842YFB1,0.013
A0A1Q9NSH1,0.013
A0A5C9EE47,0.013
A0A850MMC1,0.013
A0A5C9EQZ4,0.013
A0A850LX12,0.013
A0A7K4CVB1,0.013
A0A850LT37,0.013
A0A524FF55,0.013
A0A1Q9P0Y5,0.013
A0A524DU18,0.013
A0A1Q9MZN1,0.013
A0A842TFE7,0.013
A0A524EAW2,0.013
A0A843BV75,0.013
A0A524GCN1,0.013
A0A532TBU1,0.013
A0A524C962,0.013
A0A5C9EH24,0.013
A0A0F8VM09,0.013
A0A524FXD8,0.013
A0A524FHR7,0.013
A0A3L6JM62,0.013
A0A850M3W7,0.013
A0A842VIP8,0.013
A0A842VNJ3,0.013
A0A5C9EST2,0.013
A0A842W1A2,0.013
A0A524ENS6,0.013
A0A5C9E537,0.013
A0A1Q9PAX2,0.013
A0A524D7X3,0.013
A0A532T7B8,0.013
A0A3L6JLK5,0.013
A0A523W0P1,0.013
A0A0F8XJH1,0.013
A0A532TF25,0.013
A0A3L6JKN0,0.013
A0A850MLE9,0.013
A0A7K4GUT4,0.013
A0A497PWN6,0.013
A0A532TKZ2,0.013
A0A5B9D9L7,0.013
A0A524LLK6,0.013
A0A135VRM4,0.013
A0A524LJP5,0.013
A0A497PQJ6,0.013
A0A524CXQ4,0.013
A0A523RWV5,0.013
A0A5C9DYF9,0.013
A0A0F8VZJ2,0.013
A0A842TD25,0.013
A0A523S001,0.013
A0A1Q9P6Z7,0.013
A0A842QC60,0.013
A0A135VXY1,0.013
A0A7K4CMQ3,0.013
A0A524FJR9,0.013
A0A524FJ94,0.013
A0A842S2T0,0.013
A0A523RCL7,0.013
A0A5C9EAX1,0.013
A0A135VZ25,0.013
A0A5C9EGP9,0.013
A0A7K4HK10,0.013
A0A842VRK6,0.013
A0A7K4CYG2,0.013
A0A5B9D8D9,0.013
A0A5C9ETY3,0.013
A0A524EJ37,0.013
A0A843BZB8,0.013
A0A842U5M7,0.013
A0A3L6J894,0.013
A0A524CLC8,0.013
A0A842YDU1,0.013
A0A1Q9MXH0,0.013
A0A3L6J7Y4,0.013
A0A5B9D651,0.013
A0A7K4H2K4,0.013
A0A523XS74,0.013
A0A849QKR5,0.013
A0A842VXI2,0.013
A0A524MH23,0.013
A0A7K4H9E5,0.013
A0A842YFD2,0.013
A0A524C7A1,0.013
A0A524MHB5,0.013
A0A523X6A0,0.013
A0A5B9D856,0.013
A0A7K4CWC3,0.013
A0A850LSV8,0.013
A0A842TIH9,0.013
A0A842RN43,0.013
A0A523S0M3,0.013
A0A842VGD7,0.013
A0A842W212,0.013
A0A524FRS9,0.013
A0A497P9B4,0.013
A0A850MF50,0.013
A0A3L6J976,0.013
A0A842QHK6,0.013
A0A524CZG6,0.013
A0A849Q5C2,0.013
A0A524EDG3,0.013
A0A524M1Z7,0.013
A0A5C9EIX1,0.013
A0A849QDE5,0.013
A0A524FWW1,0.013
A0A842S0F1,0.013
A0A842VDY2,0.013
A0A135VYX6,0.013
A0A5C9DTU6,0.013
A0A524DBD1,0.013
A0A135VB39,0.013
A0A5C9E8G2,0.013
A0A5C9ERN7,0.013
A0A2U3CGZ1,0.013
A0A524E124,0.013
A0A5C9EF47,0.013
A0A523X695,0.013
A0A497Q0G0,0.013
A0A7K4IA11,0.013
A0A524F4L8,0.013
A0A3L6JBV2,0.013
A0A135VR45,0.013
A0A2U3CKC9,0.013
A0A497QFF3,0.013
A0A135VL06,0.013
A0A850MRF8,0.013
A0A523XKP5,0.013
A0A842VQ76,0.013
A0A524FAR5,0.013
A0A524EU05,0.013
A0A135VYT1,0.013
A0A524E1V1,0.013
A0A842SYX6,0.013
A0A850LZK4,0.013
A0A497QVY9,0.013
A0A497Q1S1,0.013
A0A1Q9NV11,0.013
A0A850LY18,0.013
A0A497PTJ8,0.013
A0A1Q9N1T0,0.013
A0A5C9E205,0.013
A0A524ELJ7,0.013
A0A524DFQ3,0.013
A0A497QZT6,0.013
A0A842YBQ6,0.013
A0A135VHA8,0.013
A0A5C9E1S4,0.013
A0A7K4CWC7,0.013
A0A1Q9NB34,0.013
A0A7K4HK60,0.013
A0A842TH74,0.013
A0A523W3G6,0.013
A0A850MJK6,0.013
A0A1Q9MQB1,0.013
A0A842RKY7,0.013
A0A7K4HI50,0.013
A0A842REK2,0.013
A0A532TDM3,0.013
A0A0F8XXD5,0.013
A0A524F481,0.013
A0A523RZV6,0.013
A0A532TE33,0.013
A0A843BPM1,0.013
A0A5C9ES31,0.013
A0A7K4HHN2,0.013
A0A135VJX8,0.013
A0A850MG93,0.013
A0A524CMH9,0.013
A0A3L6JTK0,0.013
A0A1Q9NFB8,0.013
A0A842VMH1,0.013
A0A1Q9P9K6,0.013
A0A532TK07,0.013
A0A524EVB6,0.013
A0A7K4GMA3,0.013
A0A524LQN6,0.013
A0A5C9EC12,0.013
A0A524GA90,0.013
A0A5C9E736,0.013
A0A524CVJ6,0.013
A0A1Q9NYE2,0.013
A0A842RFK3,0.013
A0A497PNE7,0.013
A0A7K4H5M1,0.013
A0A850M1J8,0.013
A0A850LZ14,0.013
A0A842RWX9,0.013
A0A842WTC7,0.013
A0A524MHN7,0.013
A0A524FC90,0.013
A0A850MP37,0.013
A0A524FIC2,0.013
A0A135VL37,0.013
A0A135VXW1,0.013
A0A5C9E305,0.013
A0A842VL62,0.013
A0A3L6J7T6,0.013
A0A1Q9NLK6,0.013
A0A524EX20,0.013
A0A524EBU8,0.013
A0A5C9EZR5,0.013
A0A532TH76,0.013
A0A0F8W3K3,0.013
A0A842VGH8,0.013
A0A7K4CRT4,0.013
A0A842QDT9,0.013
A0A524CBX5,0.013
A0A842U6H2,0.013
A0A842WQB4,0.013
A0A524EGK9,0.013
A0A842QDM2,0.013
A0A524DX79,0.013
A0A3L6JES9,0.013
A0A497RCG9,0.013
A0A842VPU1,0.013
A0A524C3X0,0.013
A0A842T9H1,0.013
A0A497PJ92,0.013
A0A0F8Y940,0.013
A0A524FN11,0.013
A0A1Q9NMU6,0.013
A0A2U3CET9,0.013
A0A1Q9NJC3,0.013
A0A842VKK4,0.013
A0A842X153,0.013
A0A842UBA3,0.013
A0A5B9DCE6,0.013
A0A850MGV5,0.013
A0A7K4H0I2,0.013
A0A524LLA2,0.013
A0A524FG74,0.013
A0A850MPR7,0.013
A0A524DCI1,0.013
A0A524EYE0,0.013
A0A2U3CKC8,0.013
A0A842TKV5,0.013
A0A497QXA8,0.013
A0A1Q9NRQ8,0.013
A0A7K4CUW1,0.013
A0A524L5Z7,0.013
A0A497PW60,0.013
A0A7K4H3A5,0.013
A0A524CWS4,0.013
A0A850MQX8,0.013
A0A3L6JF85,0.013
A0A524CM66,0.013
A0A523RNZ4,0.013
A0A524NYV8,0.013
A0A842VX15,0.013
A0A1Q9P7A7,0.013
A0A524E272,0.013
A0A524LER0,0.013
A0A524FDJ5,0.013
A0A843BPU8,0.013
A0A524DXI8,0.013
A0A497Q3R8,0.013
A0A524EN32,0.013
A0A5C9EQC3,0.013
A0A3L6JM69,0.013
A0A1Q9MZV7,0.013
A0A524FFQ5,0.013
A0A524D571,0.013
A0A524GBH4,0.013
A0A842V9N4,0.013
A0A842VA08,0.013
A0A524E6L6,0.013
A0A1Q9NFJ0,0.013
A0A7K4H4T7,0.013
A0A532TZA7,0.013
A0A524F2N4,0.013
A0A850MIP6,0.013
A0A524FV10,0.013
A0A524ED68,0.013
A0A497PTC1,0.013
A0A532TKW2,0.013
A0A850MDU7,0.013
A0A497QQM1,0.013
A0A524CIB7,0.013
A0A135VXC7,0.013
A0A5C9EV38,0.013
A0A842TAM1,0.013
A0A3L6JBD8,0.013
A0A497Q0P6,0.013
A0A524D2J1,0.013
A0A1Q9N359,0.013
A0A842YBX6,0.013
A0A497Q000,0.013
A0A850MYJ2,0.013
A0A850LZY5,0.013
A0A524ENF3,0.013
A0A135VIS4,0.013
A0A842S2P2,0.013
A0A5C9E5X4,0.013
A0A7K4HKL7,0.013
A0A524EC86,0.013
A0A1Q9MU48,0.013
A0A7K4GLR9,0.013
A0A842UD13,0.013
A0A0F8XLA6,0.013
A0A1Q9NDL8,0.013
A0A5C9EIE7,0.013
A0A532TFM2,0.013
A0A523W0F8,0.013
A0A497PPZ0,0.013
A0A524FGR8,0.013
A0A524E544,0.013
A0A1Q9MW88,0.013
A0A0F8VW20,0.013
A0A524DKX4,0.013
A0A524FMC3,0.013
A0A524FFM8,0.013
A0A524CT19,0.013
A0A524C845,0.013
A0A497QTV5,0.013
A0A523RE56,0.013
A0A5B9DF13,0.013
A0A524EJU2,0.013
A0A135VHG1,0.013
A0A850M0H8,0.013
A0A524DQM5,0.013
A0A842T764,0.013
A0A135VMM2,0.013
A0A7K4GXI3,0.013
A0A524CLL3,0.013
A0A1Q9PB57,0.013
A0A1Q9N227,0.013
A0A524E210,0.013
A0A850MJX3,0.013
A0A497PEU6,0.013
A0A850MLW6,0.013
A0A5C9DWG9,0.013
A0A842Y8J7,0.013
A0A850MD71,0.013
A0A524E906,0.013
A0A842U8R8,0.013
A0A524CTP9,0.013
A0A850LVD2,0.013
A0A524CKR1,0.013
A0A497QGY7,0.013
A0A497PJC3,0.013
A0A497PTE3,0.013
A0A497QN53,0.013
A0A497QFK2,0.013
A0A497RBE2,0.013
A0A850LWV8,0.013
A0A524MJY3,0.013
A0A7K4HH14,0.013
A0A524FXV5,0.013
A0A7K4H4C3,0.013
A0A842T7H2,0.013
A0A523TJD0,0.013
A0A1Q9P873,0.013
A0A524M930,0.013
A0A1Q9NZG5,0.013
A0A497QGU3,0.013
A0A842S2H4,0.013
A0A524F4B1,0.013
A0A842QD64,0.013
A0A523TBR8,0.013
A0A5C9ECX2,0.013
A0A1Q9NJF5,0.013
A0A497QAT5,0.013
A0A5C9EZR9,0.013
A0A524DKT3,0.013
A0A532TWS9,0.013
A0A7K4H9A1,0.013
A0A0F8VHV3,0.013
A0A524F9H6,0.013
A0A497QLK4,0.013
A0A523VX17,0.013
A0A523RXA5,0.013
A0A135VNI9,0.013
A0A524FA42,0.013
A0A524CVM2,0.013
A0A524LZZ7,0.013
A0A842TAS5,0.013
A0A7K4HBJ6,0.013
A0A1Q9PF89,0.013
A0A843C0F1,0.013
A0A524CQM8,0.013
A0A497QKJ6,0.013
A0A532TGG8,0.013
A0A1Q9PEK0,0.013
A0A497PQQ0,0.013
A0A532TTZ5,0.013
A0A1Q9P1X3,0.013
A0A850MCG4,0.013
A0A0F8VJL3,0.013
A0A524FQI8,0.013
A0A523W3K2,0.013
A0A497PLC1,0.013
A0A7K4H1U4,0.013
A0A524LKQ8,0.013
A0A497PG49,0.013
A0A1Q9NZ09,0.013
A0A850MDM1,0.013
A0A5C9EL74,0.013
A0A850LP31,0.013
A0A1Q9NSS8,0.013
A0A523VVQ2,0.013
A0A497QZG6,0.013
A0A1Q9MXN8,0.013
A0A5C9F152,0.013
A0A524L8K1,0.013
A0A497QW39,0.013
A0A135VQ48,0.013
A0A497Q7M0,0.013
A0A497Q8S6,0.013
A0A524CAX6,0.013
A0A524FC45,0.013
A0A842SZA2,0.013
A0A842VTG2,0.013
A0A524CV83,0.013
A0A0F8Y9G8,0.013
A0A850LP87,0.013
A0A0F8XSN2,0.013
A0A497PRZ4,0.013
A0A3L6JGF2,0.013
A0A850LV33,0.013
A0A524EU56,0.013
A0A524CHZ2,0.013
A0A497QDK3,0.013
A0A524CH55,0.013
A0A524F2F6,0.013
A0A135VXF8,0.013
A0A7K4GYP0,0.013
A0A523TK34,0.013
A0A524CG32,0.013
A0A7K4H6U2,0.013
A0A5C9EEU6,0.013
A0A1Q9NMB2,0.013
A0A7K4CZW3,0.013
A0A497PYV0,0.013
A0A842VQG6,0.013
A0A5B9DF89,0.013
A0A0F8W348,0.013
A0A1Q9PE66,0.013
A0A524DE14,0.013
A0A0F8V6W1,0.013
A0A524DWU7,0.013
A0A843BS85,0.013
A0A497QML8,0.013
A0A523RBC6,0.013
A0A524CSK2,0.013
A0A524FDB6,0.013
A0A497QWU8,0.013
A0A497QW03,0.013
A0A524ENV5,0.013
A0A524CF50,0.013
A0A842YBX3,0.013
A0A842WM10,0.013
A0A842S9W9,0.013
A0A524LZ90,0.013
A0A3L6JNS5,0.013
A0A3L6JMZ0,0.013
A0A842YDU8,0.013
A0A3L6JBG8,0.013
A0A135VDB5,0.013
A0A7K4GWD7,0.013
A0A5C9EBW7,0.013
A0A842TH16,0.013
A0A524FRV8,0.013
A0A1Q9P119,0.013
A0A524CWH8,0.013
A0A523RNQ8,0.013
A0A842VXN5,0.013
A0A5C9EXK1,0.013
A0A850M428,0.013
A0A1Q9NS86,0.013
A0A1Q9NTL8,0.013
A0A842WRH3,0.013
A0A524C5M0,0.013
A0A842TIJ1,0.013
A0A1Q9NII3,0.013
A0A7K4CVZ0,0.013
A0A524C6X5,0.013
A0A497PBP9,0.013
A0A497PBV7,0.013
A0A524CQS1,0.013
A0A524CSY3,0.013
A0A842VMN0,0.013
A0A497QN04,0.013
A0A5C9EYU7,0.013
A0A524CDL9,0.013
A0A7K4IGC1,0.013
A0A1Q9NNF3,0.013
A0A842TK49,0.013
A0A5C9E3N1,0.013
A0A135VE36,0.013
A0A524DKA9,0.013
A0A524G5Y0,0.013
A0A850MBE9,0.013
A0A5C9F0J9,0.013
A0A842TDJ8,0.013
A0A2U3CF04,0.013
A0A524EBX4,0.013
A0A524MCE6,0.013
A0A5B9DDJ1,0.013
A0A1Q9NUP0,0.013
A0A7K4ICZ3,0.013
A0A842WU05,0.013
A0A5C9EBE5,0.013
A0A523RL58,0.013
A0A524EPT0,0.013
A0A850LZU0,0.013
A0A842WY91,0.013
A0A842WX00,0.013
A0A7K4GVZ3,0.013
A0A523VPT6,0.013
A0A497Q3K9,0.013
A0A532TRU0,0.013
A0A842RNB0,0.013
A0A7K4CY10,0.013
A0A524DFZ7,0.013
A0A842RPE0,0.013
A0A0F8W738,0.013
A0A2U3CF22,0.013
A0A850LQ04,0.013
A0A524D1F3,0.013
A0A524DHL1,0.013
A0A5C9F0G0,0.013
A0A135VQT9,0.013
A0A524LIG6,0.013
A0A497PRP9,0.013
A0A842TJW2,0.013
A0A842VC93,0.013
A0A524FHT3,0.013
A0A497PEV0,0.013
A0A850LSM6,0.013
A0A532T1Q3,0.013
A0A524CUF4,0.013
A0A532TBM4,0.013
A0A1Q9P024,0.013
A0A524D3S5,0.013
A0A524EYQ9,0.013
A0A532TUN9,0.013
A0A3L6JQC1,0.013
A0A2E9CET5,0.013
A0A3L6JR16,0.012
A0A7K4CQU9,0.012
A0A524G4N5,0.012
A0A523R5W8,0.012
A0A524C7L8,0.012
A0A524DUC7,0.012
A0A842TMD9,0.012
A0A5C9F005,0.012
A0A523VWW4,0.012
A0A842RKT9,0.012
A0A842QI53,0.012
A0A842U995,0.012
A0A497Q2Y7,0.012
A0A842SAM5,0.012
A0A3L6JSP1,0.012
A0A850MKU7,0.012
A0A7K4H8W6,0.012
A0A524CKU3,0.012
A0A524DF69,0.012
A0A524DH22,0.012
A0A532TWR9,0.012
A0A7K4GKI5,0.012
A0A0F8W095,0.012
A0A497PQQ2,0.012
A0A524CDJ0,0.012
A0A497R4H2,0.012
A0A524ELZ0,0.012
A0A7K4H4Y0,0.012
A0A497PZT9,0.012
A0A524CPP3,0.012
A0A497QYV5,0.012
A0A5C9DXX5,0.012
A0A524LFZ4,0.012
A0A135VIM8,0.012
A0A497Q1Y9,0.012
A0A5B9DFY5,0.012
A0A5C9ESG1,0.012
A0A523XNB8,0.012
A0A135VV65,0.012
A0A524FNQ9,0.012
A0A842RNF5,0.012
A0A523VT23,0.012
A0A497Q2V4,0.012
A0A5C9E8D0,0.012
A0A1Q9NQI6,0.012
A0A843BZ73,0.012
A0A842RYM4,0.012
A0A1Q9MWA2,0.012
A0A524EK23,0.012
A0A497PSW1,0.012
A0A497PGD2,0.012
A0A524CQP2,0.012
A0A3L6J8R2,0.012
A0A3L6JA45,0.012
A0A842RLZ0,0.012
A0A7K4GMQ4,0.012
A0A524D2U6,0.012
A0A842W4R1,0.012
A0A7K4CZL1,0.012
A0A842VUG4,0.012
A0A5C9E287,0.012
A0A524CHD0,0.012
A0A524DTV2,0.012
A0A524EH29,0.012
A0A1Q9NQI2,0.012
A0A497R3J8,0.012
A0A1Q9NRN4,0.012
A0A524F2H1,0.012
A0A842VY31,0.012
A0A842W494,0.012
A0A1Q9MTF6,0.012
A0A497PPP5,0.012
A0A843BUN0,0.012
A0A3L6JAY1,0.012
A0A3L6J7W8,0.012
A0A0F8V7Q3,0.012
A0A135VLE6,0.012
A0A523XFW1,0.012
A0A1Q9PF69,0.012
A0A850M5A0,0.012
A0A5C9DZ88,0.012
A0A5C9DYJ8,0.012
A0A7K4CPA5,0.012
A0A524L571,0.012
A0A523X559,0.012
A0A842VDI8,0.012
A0A842W314,0.012
A0A5C9EUF1,0.012
A0A7K4H0V8,0.012
A0A497PFI7,0.012
A0A842VKH1,0.012
A0A0F8VKP3,0.012
A0A5C9DXG7,0.012
A0A1Q9NPG2,0.012
A0A5C9EVW8,0.012
A0A524LB03,0.012
A0A135VAZ7,0.012
A0A7K4HKQ7,0.012
A0A497PJN5,0.012
A0A524F090,0.012
A0A7K4IGH2,0.012
A0A3L6JP70,0.012
A0A7K4CXQ8,0.012
A0A497PWR7,0.012
A0A524DK73,0.012
A0A524CX07,0.012
A0A1Q9PEA5,0.012
A0A3L6JQ44,0.012
A0A842TA10,0.012
A0A842RGU9,0.012
A0A843BS31,0.012
A0A497Q946,0.012
A0A524DBW9,0.012
A0A1Q9P259,0.012
A0A850MVR4,0.012
A0A0F8VK19,0.012
A0A842S3Z0,0.012
A0A842VYR9,0.012
A0A842S042,0.012
A0A1Q9NAG5,0.012
A0A5C9ELK1,0.012
A0A532TND4,0.012
A0A135VRY8,0.012
A0A842RY64,0.012
A0A842REN4,0.012
A0A1Q9P2Q8,0.012
A0A524DH60,0.012
A0A1Q9NSA9,0.012
A0A5C9EWY8,0.012
A0A842WNV1,0.012
A0A532TQ77,0.012
A0A524CJ12,0.012
A0A842TKM9,0.012
A0A842YEM2,0.012
A0A523TGR2,0.012
A0A850MIQ2,0.012
A0A524F1J6,0.012
A0A497QL04,0.012
A0A0F8W0D6,0.012
A0A524LHA0,0.012
A0A524CGE5,0.012
A0A497QJH6,0.012
A0A524D8N9,0.012
A0A524DGT0,0.012
A0A842UCD7,0.012
A0A497QW74,0.012
A0A842VVE2,0.012
A0A524FJ46,0.012
A0A7K4H854,0.012
A0A1Q9NV26,0.012
A0A497QPH7,0.012
A0A7K4IBA6,0.012
A0A842QFL4,0.012
A0A7K4H7I6,0.012
A0A524LZF2,0.012
A0A5C9EP74,0.012
A0A3L6JDE5,0.012
A0A842TCC3,0.012
A0A523S5G8,0.012
A0A850LQY8,0.012
A0A497P991,0.012
A0A5B9D667,0.012
A0A1Q9P239,0.012
A0A532TX66,0.012
A0A1Q9P803,0.012
A0A842TBG5,0.012
A0A523W1X4,0.012
A0A497QX79,0.012
A0A524CKM3,0.012
A0A523RUG6,0.012
A0A497PPJ2,0.012
A0A842VMI1,0.012
A0A842V7U4,0.012
A0A7K4CQQ0,0.012
A0A524M361,0.012
A0A524F136,0.012
A0A1Q9P897,0.012
A0A524LL83,0.012
A0A849QEM1,0.012
A0A524M6A3,0.012
A0A524EUL0,0.012
A0A523SBH1,0.012
A0A523RKU5,0.012
A0A524CWM5,0.012
A0A497Q9N5,0.012
A0A842SB85,0.012
A0A524EQK3,0.012
A0A524D2N5,0.012
A0A850LYU5,0.012
A0A5B9DAI0,0.012
A0A523TA90,0.012
A0A7K4CW15,0.012
A0A5C9E607,0.012
A0A523W321,0.012
A0A497Q6C0,0.012
A0A5C9E2U6,0.012
A0A135VVE5,0.012
A0A5C9DT71,0.012
A0A524DK28,0.012
A0A850MD02,0.012
A0A1Q9NFJ3,0.012
A0A842W2G9,0.012
A0A524MGF2,0.012
A0A850MCW8,0.012
A0A524EL61,0.012
A0A524FRG8,0.012
A0A524F139,0.012
A0A3L6JNR9,0.012
A0A1Q9NHT6,0.012
A0A497R8T5,0.012
A0A1Q9N0W0,0.012
A0A0F8XVD9,0.012
A0A850MIW4,0.012
A0A532TKG4,0.012
A0A7K4H4J1,0.012
A0A842TKG0,0.012
A0A842SU80,0.012
A0A842VMC7,0.012
A0A1Q9NVZ8,0.012
A0A7K4H2H4,0.012
A0A850LR03,0.012
A0A523VTE1,0.012
A0A524GBA1,0.012
A0A524DFL4,0.012
A0A523S3F2,0.012
A0A524C9N0,0.012
A0A842YG14,0.012
A0A524F7N8,0.012
A0A524LDQ2,0.012
A0A842QIC8,0.012
A0A1Q9PCI6,0.012
A0A850M7Z2,0.012
A0A524DXY3,0.012
A0A5C9DZA1,0.012
A0A524DDE9,0.012
A0A497PKG0,0.012
A0A0F8VP31,0.012
A0A850M8U2,0.012
A0A1Q9NG00,0.012
A0A850LWX9,0.012
A0A5C9F0D0,0.012
A0A3L6J9Z7,0.012
A0A842W0W7,0.012
A0A524CK45,0.012
A0A1Q9PCQ2,0.012
A0A524M0K9,0.012
A0A524EFF7,0.012
A0A524DA26,0.012
A0A5B9DFU4,0.012
A0A135VM18,0.012
A0A843BUK2,0.012
A0A842VY66,0.012
A0A497Q3X8,0.012
A0A3L6JC53,0.012
A0A850LQT9,0.012
A0A497QA46,0.012
A0A524DRD4,0.012
A0A1Q9MQL8,0.012
A0A5C9E4M3,0.012
A0A523XLD9,0.012
A0A532THB7,0.012
A0A842RVI0,0.012
A0A524E9V0,0.012
A0A0F8VYT9,0.012
A0A842T3S7,0.012
A0A1Q9MVY4,0.012
A0A850M932,0.012
A0A842VE41,0.012
A0A842WVA9,0.012
A0A7K4H532,0.012
A0A842W1D5,0.012
A0A842TQ51,0.012
A0A1Q9NEZ9,0.012
A0A7K4CS52,0.012
A0A524EJL3,0.012
A0A7K4GQ60,0.012
A0A524D8I7,0.012
A0A524CSM6,0.012
A0A524G0U4,0.012
A0A524F4D5,0.012
A0A1Q9NVN7,0.012
A0A2E9CDJ2,0.012
A0A842WWR0,0.012
A0A842X466,0.012
A0A7K4GKG2,0.012
A0A1Q9P7X2,0.012
A0A524DZR8,0.012
A0A1Q9P4J8,0.012
A0A2E9CG26,0.012
A0A0F8XU94,0.012
A0A842VFG4,0.012
A0A524DPG5,0.012
A0A5B9D939,0.012
A0A523XP63,0.012
A0A5C9EHV9,0.012
A0A5C9EYX4,0.012
A0A3L6J878,0.012
A0A524FIN8,0.012
A0A842RZS1,0.012
A0A1Q9NF84,0.012
A0A1Q9NG13,0.012
A0A523RCQ3,0.012
A0A135VZ70,0.012
A0A524FGE4,0.012
A0A1Q9MR08,0.012
A0A7K4GWE4,0.012
A0A842S3I6,0.012
A0A850MME2,0.012
A0A524DG43,0.012
A0A524FNR6,0.012
A0A1Q9NFR3,0.012
A0A1Q9NP29,0.012
A0A850MG82,0.012
A0A3L6JD02,0.012
A0A524M928,0.012
A0A7C0YGA8,0.012
A0A497QIM3,0.012
A0A7K4HKN0,0.012
A0A497PSY8,0.012
A0A524G5L0,0.012
A0A524D3K7,0.012
A0A524EYH8,0.012
A0A524EZA9,0.012
A0A532T9X6,0.012
A0A2E9CDQ2,0.012
A0A842VXG1,0.012
A0A497R2A7,0.012
A0A1Q9NTM6,0.012
A0A524DTJ3,0.012
A0A842T2R6,0.012
A0A7K4CW12,0.012
A0A135VZY2,0.012
A0A3L6J8L0,0.012
A0A850LV73,0.012
A0A850MGI6,0.012
A0A524F939,0.012
A0A524CZV8,0.012
A0A497Q738,0.012
A0A524EEA5,0.012
A0A3L6JG52,0.012
A0A7K4IC72,0.012
A0A0F8VGV5,0.012
A0A3L6JSR5,0.012
A0A497R4U1,0.012
A0A524DKT6,0.012
A0A524FAJ6,0.012
A0A843BPT7,0.012
A0A842S2B6,0.012
A0A2U3CGW4,0.012
A0A524DMI7,0.012
A0A850M5P8,0.012
A0A532TV85,0.012
A0A850MNX5,0.012
A0A497Q9N8,0.012
A0A7K4CS41,0.012
A0A5C9F0S8,0.012
A0A524CCR2,0.012
A0A7K4D106,0.012
A0A524G737,0.012
A0A7K4H4W6,0.012
A0A524EKE0,0.012
A0A524DEU3,0.012
A0A135VBP9,0.012
A0A524D0Y3,0.012
A0A2U3CFU9,0.012
A0A842T3T7,0.012
A0A842VXF4,0.012
A0A5B9DF45,0.012
A0A1Q9PEG7,0.012
A0A523S4Y5,0.012
A0A842UA29,0.012
A0A524E6G9,0.012
A0A524FDC7,0.012
A0A524NY93,0.012
A0A1Q9NIC4,0.012
A0A850MDR2,0.012
A0A5C9EPQ9,0.012
A0A7K4GWM0,0.012
A0A497PY71,0.012
A0A1Q9MQI6,0.012
A0A524D5S0,0.012
A0A850M9L3,0.012
A0A7K4H281,0.012
A0A5C9EVB7,0.012
A0A7K4CXT6,0.012
A0A842TD13,0.012
A0A0F8XSI1,0.012
A0A842W3F2,0.012
A0A850MN27,0.012
A0A524D6V5,0.012
A0A497QSI5,0.012
A0A524CLV5,0.012
A0A524DNP6,0.012
A0A5B9D5S6,0.012
A0A7K4H3A7,0.012
A0A497PK36,0.012
A0A5C9ESS8,0.012
A0A850M3F3,0.012
A0A497PRW1,0.012
A0A7K4H3B0,0.012
A0A7K4IEJ5,0.012
A0A1Q9NUZ3,0.012
A0A524D153,0.012
A0A523S2D7,0.012
A0A524DGL2,0.012
A0A7K4IFV0,0.012
A0A7K4IH64,0.012
A0A842RU26,0.012
A0A524M8W6,0.012
A0A7K4GW13,0.012
A0A5C9ESD4,0.012
A0A843BVA1,0.012
A0A524CIF6,0.012
A0A849QDW0,0.012
A0A5C9EJW3,0.012
A0A842VXX2,0.012
A0A0F8VBY5,0.012
A0A524F2B0,0.012
A0A849QGM1,0.012
A0A524D0X1,0.012
A0A497QRB4,0.012
A0A850LU60,0.012
A0A850LZ54,0.012
A0A524DV35,0.012
A0A497Q296,0.012
A0A532TND1,0.012
A0A135VU73,0.012
A0A849QH72,0.012
A0A497PVE5,0.012
A0A1Q9MRZ4,0.012
A0A524EB13,0.012
A0A842VK08,0.012
A0A497QDE9,0.012
A0A524EDX0,0.012
A0A842TN05,0.012
A0A524DE65,0.012
A0A524CBQ3,0.012
A0A842WTL3,0.012
A0A497PXB3,0.012
A0A3L6JL94,0.012
A0A3L6JBE4,0.012
A0A850MSV8,0.012
A0A5C9F0M3,0.012
A0A850LYR1,0.012
A0A849QFA6,0.012
A0A524DVL5,0.012
A0A1Q9PCA6,0.012
A0A135VTY0,0.012
A0A524DMY2,0.012
A0A524FM28,0.012
A0A497QE43,0.012
A0A850M795,0.012
A0A842W235,0.012
A0A5B9D9B2,0.012
A0A497QP44,0.012
A0A7K4GTL4,0.012
A0A524D0L7,0.012
A0A523W0G0,0.012
A0A524D7K7,0.012
A0A842RET1,0.012
A0A842WLY7,0.012
A0A842TAM9,0.012
A0A497QAQ5,0.012
A0A850M0N3,0.012
A0A497QYU4,0.012
A0A5C9EQ27,0.012
A0A524FNE7,0.012
A0A5B9DEC0,0.012
A0A524E5G9,0.012
A0A524FFT2,0.012
A0A7K4CNL6,0.012
A0A524E4Y0,0.012
A0A524NV52,0.012
A0A497R4F0,0.012
A0A7K4IBB0,0.012
A0A524EWQ8,0.012
A0A497QJ71,0.012
A0A524FAU6,0.012
A0A1Q9NYZ5,0.012
A0A524EEZ0,0.012
A0A1Q9NHN2,0.012
A0A842S2J2,0.012
A0A842V8A3,0.012
A0A842S1Z4,0.012
A0A7K4IG70,0.012
A0A135VU06,0.012
A0A7K4GR05,0.012
A0A497RCZ4,0.012
A0A497Q838,0.012
A0A0F8VLM3,0.012
A0A5C9ETY8,0.012
A0A1Q9PCW8,0.012
A0A524E067,0.012
A0A524M3F5,0.012
A0A523S010,0.012
A0A7K4IBZ4,0.012
A0A524F6Z4,0.012
A0A523RQJ5,0.012
A0A842TJK6,0.012
A0A1Q9MXV2,0.012
A0A849QFT6,0.012
A0A524LYJ4,0.012
A0A524D141,0.012
A0A532TF49,0.012
A0A524G8V7,0.012
A0A842VJQ9,0.012
A0A532T935,0.012
A0A842RWY5,0.012
A0A523VSI9,0.012
A0A3L6JC12,0.012
A0A524F107,0.012
A0A7K4HBA3,0.012
A0A842VTT9,0.012
A0A497P9T1,0.012
A0A842RK94,0.012
A0A842WX09,0.012
A0A524CMP3,0.012
A0A524M7V9,0.012
A0A0F8VQ89,0.012
A0A524P212,0.012
A0A7K4GXX7,0.012
A0A524FNK2,0.012
A0A5C9ECE7,0.012
A0A1Q9P5C6,0.012
A0A5C9E0R5,0.012
A0A1Q9PAU6,0.012
A0A5C9ER02,0.012
A0A1Q9NZL6,0.012
A0A842TH19,0.012
A0A5C9EHH5,0.012
A0A524D9Z5,0.012
A0A842QK13,0.012
A0A497PAD6,0.012
A0A524E2S2,0.012
A0A524E966,0.012
A0A524LXX8,0.012
A0A524G8K7,0.012
A0A524CUV8,0.012
A0A842TDL0,0.012
A0A524E9E3,0.012
A0A1Q9MYF2,0.012
A0A842QH55,0.012
A0A135VZD2,0.012
A0A842YEI2,0.012
A0A842SAT7,0.012
A0A524F6H2,0.012
A0A1Q9MQT8,0.012
A0A1Q9P9P3,0.012
A0A524FB85,0.012
A0A842U8A7,0.012
A0A5B9DEA3,0.012
A0A135VMZ2,0.012
A0A842YCR7,0.012
A0A5C9EKU5,0.012
A0A1Q9NUC6,0.012
A0A524DZM7,0.012
A0A523RZ31,0.012
A0A850MX25,0.012
A0A842QHV6,0.012
A0A524D4I6,0.012
A0A524DJ30,0.012
A0A497QBZ2,0.012
A0A523W1S7,0.012
A0A524FE07,0.012
A0A532TUC7,0.012
A0A5B9DET8,0.012
A0A532TM30,0.012
A0A843BXU8,0.012
A0A842U1E8,0.012
A0A524DQJ7,0.012
A0A497PLA5,0.012
A0A524L878,0.012
A0A7K4H4L0,0.012
A0A850MDJ3,0.012
A0A7K4H8Z4,0.012
A0A524FFU5,0.012
A0A842VB68,0.012
A0A849QGV8,0.012
A0A524EPJ0,0.012
A0A842VIT2,0.012
A0A5C9ENH0,0.012
A0A850M3Y0,0.012
A0A524CDU9,0.012
A0A850M1E0,0.012
A0A1Q9NVN5,0.012
A0A497Q1R3,0.012
A0A5C9E1R0,0.012
A0A842U1Z3,0.012
A0A524MD72,0.012
A0A524FS74,0.012
A0A524F8E7,0.012
A0A523R8H9,0.012
A0A850LYA5,0.011
A0A850LX44,0.011
A0A524DU13,0.011
A0A524DRG1,0.011
A0A5C9E8U2,0.011
A0A1Q9MU39,0.011
A0A842TIZ5,0.011
A0A524DWC1,0.011
A0A7K4IE90,0.011
A0A524EGR5,0.011
A0A5C9F0Q8,0.011
A0A850LVG4,0.011
A0A524DFR6,0.011
A0A842S3V7,0.011
A0A5C9ECC8,0.011
A0A842VHP6,0.011
A0A524CU17,0.011
A0A497PM41,0.011
A0A1Q9NWU5,0.011
A0A497PSM7,0.011
A0A497QFH1,0.011
A0A523XHG6,0.011
A0A497QK69,0.011
A0A842W1X8,0.011
A0A7K4CR03,0.011
A0A5C9E6R6,0.011
A0A842S9L9,0.011
A0A135VAZ5,0.011
A0A523TKY4,0.011
A0A850LYX5,0.011
A0A842RZ40,0.011
A0A523RC72,0.011
A0A3L6JSW9,0.011
A0A842U1L7,0.011
A0A524FRF3,0.011
A0A842VMJ5,0.011
A0A3L6JNA1,0.011
A0A842YG44,0.011
A0A842QGR9,0.011
A0A497QQN6,0.011
A0A524DEP8,0.011
A0A524F8A2,0.011
A0A842TJY8,0.011
A0A524CKI5,0.011
A0A524EMS4,0.011
A0A524MH19,0.011
A0A842VWA6,0.011
A0A524C6H6,0.011
A0A523RTD1,0.011
A0A524CC81,0.011
A0A135VI77,0.011
A0A497QIR2,0.011
A0A532TCK2,0.011
A0A7K4H3J8,0.011
A0A497PMA0,0.011
A0A842S2L8,0.011
A0A135VF20,0.011
A0A497QMC8,0.011
A0A842YAP7,0.011
A0A532T2U2,0.011
A0A5C9EIX8,0.011
A0A842W035,0.011
A0A850MI81,0.011
A0A843BZM4,0.011
A0A849QDA6,0.011
A0A524CR66,0.011
A0A850LWU9,0.011
A0A524FUM2,0.011
A0A523RDN9,0.011
A0A7K4H8L5,0.011
A0A7K4GLB2,0.011
A0A5B9DDI5,0.011
A0A1Q9MRT1,0.011
A0A842TSD9,0.011
A0A524DY64,0.011
A0A3L6JM31,0.011
A0A524MDB1,0.011
A0A523S043,0.011
A0A523RRH5,0.011
A0A1Q9NV72,0.011
A0A842R5X3,0.011
A0A2U3CC65,0.011
A0A524CXY3,0.011
A0A850M2Z8,0.011
A0A3L6JMN6,0.011
A0A524FDV5,0.011
A0A0F8VEM5,0.011
A0A523RM63,0.011
A0A7K4H442,0.011
A0A1Q9NQR8,0.011
A0A5C9EL82,0.011
A0A3L6J8T4,0.011
A0A842VX63,0.011
A0A532TMY1,0.011
A0A842QAP0,0.011
A0A497QQS4,0.011
A0A524MJ47,0.011
A0A523X7F0,0.011
A0A532TGF3,0.011
A0A1Q9NBU4,0.011
A0A524CCW3,0.011
A0A3L6JI21,0.011
A0A532TSA0,0.011
A0A1Q9MXP5,0.011
A0A1Q9P8S3,0.011
A0A497Q423,0.011
A0A1Q9PBX0,0.011
A0A842VZ20,0.011
A0A524CXT2,0.011
A0A7K4IDM5,0.011
A0A5C9F290,0.011
A0A524ECX1,0.011
A0A3L6JN06,0.011
A0A1Q9P790,0.011
A0A1Q9NQC8,0.011
A0A850LXR0,0.011
A0A497QIV3,0.011
A0A524E4I9,0.011
A0A497QTQ6,0.011
A0A5B9D767,0.011
A0A524F4A2,0.011
A0A5C9EKW9,0.011
A0A497R764,0.011
A0A497QRK1,0.011
A0A1Q9MWZ6,0.011
A0A7K4GT14,0.011
A0A842QDG9,0.011
A0A1Q9NUD6,0.011
A0A5C9E1F8,0.011
A0A7K4GVK0,0.011
A0A842T9W0,0.011
A0A850M2S1,0.011
A0A842VGE9,0.011
A0A524FI27,0.011
A0A842VET3,0.011
A0A850LSZ5,0.011
A0A1Q9NFA3,0.011
A0A3L6JGA4,0.011
A0A5C9E511,0.011
A0A842RRA1,0.011
A0A524FLU1,0.011
A0A850MHJ7,0.011
A0A842W1G5,0.011
A0A524LIQ8,0.011
A0A524F0L0,0.011
A0A1Q9NI19,0.011
A0A532TLV1,0.011
A0A524L7R0,0.011
A0A850MFU9,0.011
A0A524G5I8,0.011
A0A532THH6,0.011
A0A849QEG5,0.011
A0A524CCW9,0.011
A0A7K4IG21,0.011
A0A2U3CHE9,0.011
A0A524DDE5,0.011
A0A1Q9NYA6,0.011
A0A7K4CNW5,0.011
A0A3L6JDD1,0.011
A0A1Q9MY15,0.011
A0A524P1H1,0.011
A0A524CNW6,0.011
A0A7K4H8A0,0.011
A0A3L6JHL8,0.011
A0A524DIN9,0.011
A0A523VTX7,0.011
A0A842RQT6,0.011
A0A524E683,0.011
A0A1Q9PDN8,0.011
A0A842WNK2,0.011
A0A843C5V0,0.011
A0A0F8VAX5,0.011
A0A842TII7,0.011
A0A524D6S3,0.011
A0A497PHZ1,0.011
A0A523RI39,0.011
A0A524G4F9,0.011
A0A842W641,0.011
A0A842TKF5,0.011
A0A497QD04,0.011
A0A842T802,0.011
A0A523VWB6,0.011
A0A524F0Y8,0.011
A0A842SE11,0.011
A0A5C9DX85,0.011
A0A524EDN6,0.011
A0A5C9DUB3,0.011
A0A2U3CKB0,0.011
A0A1Q9MYC7,0.011
A0A524EHT0,0.011
A0A524DEM4,0.011
A0A524DLV8,0.011
A0A497QXC8,0.011
A0A7K4H5Y9,0.011
A0A524C2V5,0.011
A0A842VLN5,0.011
A0A524C5G1,0.011
A0A850MDP3,0.011
A0A1Q9N8J7,0.011
A0A524FHD0,0.011
A0A2E9CEC8,0.011
A0A7K4CZB7,0.011
A0A850MC34,0.011
A0A524CB62,0.011
A0A850ME93,0.011
A0A523S3L2,0.011
A0A523RVH1,0.011
A0A497R426,0.011
A0A1Q9P7X5,0.011
A0A842WQ74,0.011
A0A524CL34,0.011
A0A2U3CC36,0.011
A0A524LIR6,0.011
A0A7K4GW78,0.011
A0A524CUN2,0.011
A0A497RC72,0.011
A0A842VSW1,0.011
A0A1Q9NM66,0.011
A0A524E312,0.011
A0A1Q9N4T6,0.011
A0A842VK09,0.011
A0A497QUD9,0.011
A0A2U3CKI8,0.011
A0A7K4H3A3,0.011
A0A524DRA5,0.011
A0A5C9EPS7,0.011
A0A524LCU2,0.011
A0A524MID2,0.011
A0A524DJD6,0.011
A0A3L6J7P9,0.011
A0A524DK02,0.011
A0A497QGT6,0.011
A0A842R8Q4,0.011
A0A523RG25,0.011
A0A3L6JKE8,0.011
A0A850MMI3,0.011
A0A1Q9N4G6,0.011
A0A524FK97,0.011
A0A0F8WDY2,0.011
A0A7K4CXA2,0.011
A0A524DU28,0.011
A0A1Q9MVE1,0.011
A0A850LPE1,0.011
A0A842S7M0,0.011
A0A3L6JHG2,0.011
A0A524EWF5,0.011
A0A842QJB1,0.011
A0A5C9DYG3,0.011
A0A524CH44,0.011
A0A524EHV0,0.011
A0A524FS68,0.011
A0A5C9E5L8,0.011
A0A842R7N0,0.011
A0A523TFK0,0.011
A0A842RIF7,0.011
A0A497PFK4,0.011
A0A5C9ESJ0,0.011
A0A497Q7H9,0.011
A0A524CGL3,0.011
A0A3L6J9H4,0.011
A0A1Q9P9S0,0.011
A0A524D889,0.011
A0A524C8K8,0.011
A0A524DJ44,0.011
A0A524DTK8,0.011
A0A5C9EM40,0.011
A0A842TIP9,0.011
A0A524C6Z0,0.011
A0A7K4GXI0,0.011
A0A524DB39,0.011
A0A524F1E3,0.011
A0A532T8A2,0.011
A0A0F8W306,0.011
A0A497PJY1,0.011
A0A1Q9NCB5,0.011
A0A842VUU6,0.011
A0A497PK22,0.011
A0A2U3CKR1,0.011
A0A843BRK5,0.011
A0A842VYC2,0.011
A0A1Q9NW08,0.011
A0A842VIN4,0.011
A0A0F8Y3J3,0.011
A0A524E219,0.011
A0A497QG16,0.011
A0A497QFD7,0.011
A0A135VCH5,0.011
A0A843BQI1,0.011
A0A524LTB0,0.011
A0A850MU48,0.011
A0A7K4GNP4,0.011
A0A850LUI3,0.011
A0A524M6F3,0.011
A0A497QRZ3,0.011
A0A524CVW9,0.011
A0A0F8Y4D3,0.011
A0A7K4GRT3,0.011
A0A524ML11,0.011
A0A1Q9NWK6,0.011
A0A497PP88,0.011
A0A524CN87,0.011
A0A842T203,0.011
A0A1Q9PA88,0.011
A0A7K4HJT5,0.011
A0A523VS70,0.011
A0A5B9DCY1,0.011
A0A7K4H8F7,0.011
A0A7K4H1P1,0.011
A0A497PS15,0.011
A0A5C9EI77,0.011
A0A842VT03,0.011
A0A135VKX4,0.011
A0A3L6J695,0.011
A0A842VJ19,0.011
A0A842QBN0,0.011
A0A850MB80,0.011
A0A842VBI0,0.011
A0A5C9E9N8,0.011
A0A5C9E104,0.011
A0A842SW66,0.011
A0A5C9DWQ4,0.011
A0A842VJC8,0.011
A0A524F9H9,0.011
A0A524LCH2,0.011
A0A524DGG1,0.011
A0A524FXT6,0.011
A0A842RF21,0.011
A0A524E631,0.011
A0A842VCF2,0.011
A0A1Q9MYL0,0.011
A0A3L6JJX3,0.011
A0A523THN7,0.011
A0A497QJY7,0.011
A0A524MDF6,0.011
A0A849QG38,0.011
A0A842SZD8,0.011
A0A0F8XGM9,0.011
A0A842VQ82,0.011
A0A850MNX1,0.011
A0A524F2M6,0.011
A0A524CWT5,0.011
A0A5C9EH46,0.011
A0A5B9DA69,0.011
A0A1Q9PEY3,0.011
A0A842TF34,0.011
A0A524EHF2,0.011
A0A5C9F1S2,0.011
A0A497PMX2,0.011
A0A524EHH1,0.011
A0A1Q9NDH2,0.011
A0A524F1K1,0.011
A0A842REQ8,0.011
A0A524E5E4,0.011
A0A524CL83,0.011
A0A3L6JFW4,0.011
A0A523TM24,0.011
A0A842RHQ4,0.011
A0A524CE68,0.011
A0A3L6J8K9,0.011
A0A524D9S5,0.011
A0A135VCL4,0.011
A0A497QL44,0.011
A0A524CTG8,0.011
A0A524CCW4,0.011
A0A842TD55,0.011
A0A497QRI1,0.011
A0A524FAK4,0.011
A0A7K4CQX2,0.011
A0A850LVX1,0.011
A0A524FF25,0.011
A0A135VZ22,0.011
A0A497PV81,0.011
A0A5B9D6X1,0.011
A0A5C9EGZ1,0.011
A0A524D7M6,0.011
A0A532T2G0,0.011
A0A5C9DWS1,0.011
A0A842TH48,0.011
A0A842YD76,0.011
A0A524DQB6,0.011
A0A497Q700,0.011
A0A524EDR6,0.011
A0A524CC13,0.011
A0A524P6S0,0.011
A0A532TSL3,0.011
A0A523RYU4,0.011
A0A523RMQ0,0.011
A0A532TIP7,0.011
A0A524DRS9,0.011
A0A497PPP1,0.011
A0A497R109,0.011
A0A850MPU2,0.011
A0A497QPW8,0.011
A0A842U7Z2,0.011
A0A0F8Y2C1,0.011
A0A842TFM9,0.011
A0A7K4GV48,0.011
A0A1Q9NK44,0.011
A0A7K4IG12,0.011
A0A842TEF4,0.011
A0A135VEZ7,0.011
A0A5C9E6V9,0.011
A0A524EG16,0.011
A0A497QFJ9,0.011
A0A524DAY7,0.011
A0A1Q9NF57,0.011
A0A135VIB9,0.011
A0A523S5P3,0.011
A0A523VY09,0.011
A0A850MHW0,0.011
A0A135VGV5,0.011
A0A842RPN3,0.011
A0A7K4CQY8,0.011
A0A2U3CFE4,0.011
A0A497R334,0.011
A0A532TJC8,0.011
A0A1Q9NI40,0.011
A0A497QKJ1,0.011
A0A850LQH2,0.011
A0A523XLB4,0.011
A0A497QMN2,0.011
A0A524EJK0,0.011
A0A497QH52,0.011
A0A1Q9NVL6,0.011
A0A842RX44,0.011
A0A842RYN3,0.011
A0A1Q9NS29,0.011
A0A523TG54,0.011
A0A842R6Z8,0.011
A0A0F8VHY8,0.011
A0A1Q9NLB4,0.011
A0A135VRK2,0.011
A0A3L6JIX9,0.011
A0A135VSP1,0.011
A0A497QKU4,0.011
A0A524MCL7,0.011
A0A2U3CHX8,0.011
A0A842WWI1,0.011
A0A7K4H0T0,0.011
A0A1Q9NYN3,0.011
A0A524DBB8,0.011
A0A524CVC1,0.011
A0A497Q8Y8,0.011
A0A524CWZ3,0.011
A0A524F8P0,0.011
A0A5B9D6R6,0.011
A0A0F8XQ57,0.011
A0A5C9EWW1,0.011
A0A1Q9NSP0,0.011
A0A842THT2,0.011
A0A850MAX2,0.011
A0A5C9DWY4,0.011
A0A1Q9NQ06,0.011
A0A850MH85,0.011
A0A1Q9NNM8,0.011
A0A842RX11,0.011
A0A0F8VMF8,0.011
A0A135VRS6,0.011
A0A1Q9NSG2,0.011
A0A524C272,0.011
A0A524CV62,0.011
A0A524F5B7,0.011
A0A0F8VKM8,0.011
A0A842SF06,0.011
A0A497QP32,0.011
A0A524CZ11,0.011
A0A524FEA3,0.011
A0A5C9EBD2,0.011
A0A3L6JCF9,0.011
A0A842VQ03,0.011
A0A3L6JHL6,0.011
A0A524DPT2,0.011
A0A0F8XXN4,0.011
A0A842VRE2,0.011
A0A7K4CNY3,0.011
A0A0F8V7N6,0.011
A0A497PCZ7,0.011
A0A7K4HD48,0.011
A0A842TF48,0.011
A0A524CI36,0.011
A0A497PMD4,0.011
A0A1Q9NIE6,0.011
A0A849QFB1,0.011
A0A524L8G4,0.011
A0A3L6JLZ3,0.011
A0A850MKW4,0.011
A0A532TCP9,0.011
A0A3L6JGH3,0.011
A0A7K4D204,0.011
A0A842YFT9,0.011
A0A1Q9PFC3,0.011
A0A2U3CEV9,0.011
A0A497QL40,0.011
A0A5B9DEJ8,0.011
A0A7K4CWU6,0.011
A0A1Q9P331,0.011
A0A5C9E0A7,0.011
A0A1Q9PEX3,0.011
A0A497PBK5,0.011
A0A497QNI1,0.011
A0A524CDY5,0.011
A0A497P9V8,0.011
A0A524E2S4,0.011
A0A842QDX4,0.011
A0A850M594,0.011
A0A842T4Q1,0.011
A0A524CZT2,0.011
A0A524CUT2,0.011
A0A524FBP5,0.011
A0A135VU34,0.011
A0A524DR46,0.011
A0A523S2C8,0.011
A0A523THY6,0.011
A0A524EK00,0.011
A0A524E6X8,0.011
A0A524EN20,0.011
A0A524F341,0.011
A0A842THZ9,0.011
A0A5C9EB63,0.011
A0A524FXJ0,0.011
A0A0F8XSG6,0.011
A0A524CHZ9,0.011
A0A524EVV3,0.011
A0A135VN21,0.011
A0A524EVC7,0.011
A0A5C9EYW3,0.011
A0A850LR59,0.011
A0A523RZB5,0.011
A0A1Q9NG79,0.011
A0A842S2I1,0.011
A0A1Q9NQG6,0.011
A0A497Q7V8,0.011
A0A5C9EIL9,0.011
A0A1Q9NL16,0.011
A0A1Q9N8I6,0.011
A0A524E5K0,0.011
A0A524EKT6,0.011
A0A842TL64,0.011
A0A1Q9NLQ4,0.011
A0A0F8XQH9,0.011
A0A524D9C4,0.011
A0A5B9D7F8,0.011
A0A850MQ92,0.011
A0A524DJF1,0.011
A0A497PR10,0.011
A0A135VX37,0.011
A0A524G343,0.011
A0A524DHY1,0.011
A0A532TS10,0.011
A0A850MH24,0.011
A0A843C782,0.011
A0A497R6F0,0.011
A0A524FAF2,0.011
A0A523VZM3,0.011
A0A523RU30,0.011
A0A497QJ37,0.011
A0A524DEF6,0.011
A0A524P0C7,0.011
A0A135VN94,0.011
A0A842TF84,0.011
A0A524FJV2,0.011
A0A524DJK3,0.011
A0A842TB41,0.011
A0A524LVV8,0.011
A0A842QJ04,0.011
A0A5C9EWM1,0.011
A0A850MBY6,0.011
A0A524E2P3,0.011
A0A524E5G2,0.011
A0A2E9CCS0,0.011
A0A524EWA7,0.011
A0A523S9R4,0.011
A0A842Y8E2,0.011
A0A1Q9MTG7,0.011
A0A842RNJ1,0.011
A0A497PTM1,0.011
A0A7K4CVU4,0.011
A0A1Q9NI97,0.011
A0A5C9E6D6,0.011
A0A7K4HBC5,0.011
A0A524CY44,0.011
A0A5C9EET0,0.011
A0A532TRR5,0.011
A0A524DQN2,0.011
A0A2U3CBZ5,0.011
A0A523S0B2,0.011
A0A1Q9MUJ0,0.011
A0A524FI19,0.011
A0A523XA49,0.011
A0A524C3U5,0.011
A0A497QZ60,0.011
A0A3L6JGZ1,0.011
A0A5C9EJG2,0.011
A0A3L6JC11,0.011
A0A1Q9N8P1,0.011
A0A842U1X6,0.011
A0A842WUG9,0.011
A0A524DB81,0.011
A0A0F8VM63,0.011
A0A1Q9MZB3,0.011
A0A0F8XSN7,0.011
A0A1Q9MQY1,0.011
A0A3L6JCG0,0.011
A0A5C9EEI6,0.011
A0A850MBC4,0.011
A0A7K4H2D8,0.011
A0A524C3T9,0.011
A0A1Q9NMD2,0.011
A0A5C9EZ48,0.011
A0A497QK49,0.011
A0A1Q9MR44,0.011
A0A524LRJ8,0.011
A0A7K4H928,0.011
A0A842QAN3,0.011
A0A7K4CXB5,0.011
A0A1Q9P357,0.011
A0A850MJ07,0.011
A0A5C9ECG2,0.011
A0A842QA80,0.011
A0A7K4D0V4,0.011
A0A497QKA7,0.011
A0A497QQI8,0.011
A0A524LQ73,0.011
A0A524DRL1,0.011
A0A0F8VCU3,0.011
A0A850LZV1,0.011
A0A135VQU5,0.011
A0A523RKS2,0.011
A0A524E925,0.011
A0A842SYK1,0.011
A0A524FQ73,0.011
A0A135VPA2,0.01
A0A3L6JHI7,0.01
A0A524C8S6,0.01
A0A842S209,0.01
A0A7K4CPW7,0.01
A0A524FEV3,0.01
A0A524G955,0.01
A0A532TI02,0.01
A0A842T9Y3,0.01
A0A1Q9N4Q6,0.01
A0A850MAL5,0.01
A0A850MMU0,0.01
A0A497PU30,0.01
A0A532T5T9,0.01
A0A497PRK8,0.01
A0A2U3CIX9,0.01
A0A524CIL4,0.01
A0A497QQC1,0.01
A0A842SSH6,0.01
A0A135VUC3,0.01
A0A524DFZ4,0.01
A0A850MHX9,0.01
A0A524FWE7,0.01
A0A5C9EYT9,0.01
A0A842VU50,0.01
A0A842RU39,0.01
A0A135VVF9,0.01
A0A524F4J0,0.01
A0A135VYN3,0.01
A0A523R8S6,0.01
A0A842QEH2,0.01
A0A842QFY4,0.01
A0A524FX82,0.01
A0A850MEN3,0.01
A0A497PAH2,0.01
A0A524NRH2,0.01
A0A843C4D6,0.01
A0A524DI37,0.01
A0A5C9F1Q4,0.01
A0A7K4CR11,0.01
A0A5C9EYE3,0.01
A0A0F8VD79,0.01
A0A842VSM2,0.01
A0A842TBY5,0.01
A0A843BRK3,0.01
A0A524DHV7,0.01
A0A5C9EBS3,0.01
A0A524EFZ0,0.01
A0A135VDR2,0.01
A0A524FLC2,0.01
A0A0F8VFK0,0.01
A0A850LXG9,0.01
A0A523RDI4,0.01
A0A7K4GUL3,0.01
A0A7K4GWT5,0.01
A0A842S3Z2,0.01
A0A850M785,0.01
A0A135VCQ7,0.01
A0A524DTI5,0.01
A0A523TNX8,0.01
A0A532TUL9,0.01
A0A5C9E5S5,0.01
A0A1Q9MXJ2,0.01
A0A842THI8,0.01
A0A497PVT5,0.01
A0A5C9EHT4,0.01
A0A842TMG1,0.01
A0A842TV55,0.01
A0A524EEH9,0.01
A0A850M518,0.01
A0A524D628,0.01
A0A842TX41,0.01
A0A524EHF7,0.01
A0A842YC67,0.01
A0A135VZL0,0.01
A0A524EUY2,0.01
A0A532THZ3,0.01
A0A524CUK2,0.01
A0A5B9DDY5,0.01
A0A843BW05,0.01
A0A135VWB5,0.01
A0A842WQM4,0.01
A0A0F8WBN0,0.01
A0A5B9DDU9,0.01
A0A5C9EWK2,0.01
A0A524EVB2,0.01
A0A497PLJ1,0.01
A0A135VN40,0.01
A0A842T6F8,0.01
A0A3L6J9N3,0.01
A0A524CVG4,0.01
A0A7K4HB77,0.01
A0A5C9ES45,0.01
A0A850MJP6,0.01
A0A524CI59,0.01
A0A842TIK0,0.01
A0A5C9EWR6,0.01
A0A2U3CH13,0.01
A0A524D1L5,0.01
A0A7K4HAA1,0.01
A0A497QM46,0.01
A0A497PAI2,0.01
A0A0F8VY97,0.01
A0A524FXX7,0.01
A0A497QHT7,0.01
A0A524DPJ1,0.01
A0A3L6JL60,0.01
A0A5C9DXU7,0.01
A0A842YBJ5,0.01
A0A3L6JFU8,0.01
A0A842WTP4,0.01
A0A524DG93,0.01
A0A850LVL6,0.01
A0A5C9E1R6,0.01
A0A842WTU3,0.01
A0A3L6JQ09,0.01
A0A842QC93,0.01
A0A497QS92,0.01
A0A842S6U9,0.01
A0A497QS37,0.01
A0A0F8V863,0.01
A0A497R8K0,0.01
A0A5C9E0F7,0.01
A0A7K4CQH9,0.01
A0A7K4GY75,0.01
A0A842W0A1,0.01
A0A5C9EFX3,0.01
A0A1Q9NXV6,0.01
A0A7K4D0U8,0.01
A0A524CWN6,0.01
A0A842RPH2,0.01
A0A497QQA8,0.01
A0A523RNA8,0.01
A0A7K4CWQ6,0.01
A0A523S6S9,0.01
A0A842VFA0,0.01
A0A135VCN3,0.01
A0A524M9V3,0.01
A0A532TZ92,0.01
A0A524LZ50,0.01
A0A497PBH2,0.01
A0A3L6J8A2,0.01
A0A497QB38,0.01
A0A7K4GMJ0,0.01
A0A524F8H7,0.01
A0A7K4HFX1,0.01
A0A524DES2,0.01
A0A523XCW1,0.01
A0A2U3CCE2,0.01
A0A842VYS2,0.01
A0A524FDU7,0.01
A0A7K4IFS5,0.01
A0A523TFZ8,0.01
A0A843BPG0,0.01
A0A1Q9P7G1,0.01
A0A497QQ88,0.01
A0A523S0R4,0.01
A0A523XL81,0.01
A0A1Q9P2U3,0.01
A0A0F8VA39,0.01
A0A524EMX9,0.01
A0A842S6D2,0.01
A0A843BTZ3,0.01
A0A497QT73,0.01
A0A3L6JJ92,0.01
A0A842TGW8,0.01
A0A842S021,0.01
A0A0F8VPF9,0.01
A0A135VG97,0.01
A0A524CUV0,0.01
A0A1Q9PCM8,0.01
A0A843BU20,0.01
A0A5C9E7A4,0.01
A0A524EDX7,0.01
A0A523RX39,0.01
A0A524EAN1,0.01
A0A532TQQ7,0.01
A0A135VPY2,0.01
A0A524G7D4,0.01
A0A524F8D8,0.01
A0A0F8V988,0.01
A0A524FKB9,0.01
A0A1Q9P1R4,0.01
A0A524LEQ2,0.01
A0A850M947,0.01
A0A7K4D1P5,0.01
A0A1Q9N8M8,0.01
A0A497Q4V8,0.01
A0A523TF21,0.01
A0A524DDD0,0.01
A0A524CWQ6,0.01
A0A842TTZ6,0.01
A0A524EZR1,0.01
A0A0F8VZQ6,0.01
A0A5B9D9U8,0.01
A0A1Q9NSW7,0.01
A0A524D9Y8,0.01
A0A5C9DWI8,0.01
A0A524D6W0,0.01
A0A524F746,0.01
A0A5C9DWD7,0.01
A0A1Q9PAI6,0.01
A0A523RXZ2,0.01
A0A524D3M9,0.01
A0A497PWX2,0.01
A0A135VMZ6,0.01
A0A842YFJ7,0.01
A0A497PMF4,0.01
A0A1Q9NJ77,0.01
A0A1Q9NE89,0.01
A0A3L6J754,0.01
A0A524LFF0,0.01
A0A5C9ERI1,0.01
A0A524FQM2,0.01
A0A2U3CGZ5,0.01
A0A850LRG4,0.01
A0A524ELR7,0.01
A0A842Y9P3,0.01
A0A5C9EBN9,0.01
A0A524FTK5,0.01
A0A842RB39,0.01
A0A135VU18,0.01
A0A850M2E4,0.01
A0A523VPM7,0.01
A0A842RHP3,0.01
A0A524FMG6,0.01
A0A523TF38,0.01
A0A524F9D8,0.01
A0A842QID2,0.01
A0A842VQA8,0.01
A0A850MI51,0.01
A0A524ETV0,0.01
A0A497Q3T5,0.01
A0A842QCU0,0.01
A0A524LHU5,0.01
A0A523RC02,0.01
A0A5C9EM09,0.01
A0A524DVE8,0.01
A0A7K4CPU6,0.01
A0A524D3S2,0.01
A0A524D5A9,0.01
A0A7C0U8M0,0.01
A0A842VZ98,0.01
A0A524P509,0.01
A0A842TJX4,0.01
A0A842RHS5,0.01
A0A524M4T6,0.01
A0A5C9DVF7,0.01
A0A842VQQ1,0.01
A0A524D4N5,0.01
A0A7K4CTM8,0.01
A0A7K4IH95,0.01
A0A5B9DF27,0.01
A0A5B9D879,0.01
A0A842QED4,0.01
A0A842U4B1,0.01
A0A497QRT6,0.01
A0A5C9DVV0,0.01
A0A849Q9I5,0.01
A0A524DH44,0.01
A0A524EFE5,0.01
A0A497PP66,0.01
A0A524DMV9,0.01
A0A0F8V929,0.01
A0A524F2V3,0.01
A0A524CMZ0,0.01
A0A5C9EV75,0.01
A0A842T0J4,0.01
A0A842U4M8,0.01
A0A0F8W2A0,0.01
A0A1Q9NAR1,0.01
A0A5C9EZS1,0.01
A0A524E3Z1,0.01
A0A523XA56,0.01
A0A842S009,0.01
A0A135VYS8,0.01
A0A842S0X1,0.01
A0A497R478,0.01
A0A5C9EZZ9,0.01
A0A1Q9P9M7,0.01
A0A850LP60,0.01
A0A7K4CYI3,0.01
A0A524F2K0,0.01
A0A5C9E9S5,0.01
A0A524CKS5,0.01
A0A524FQT8,0.01
A0A7K4D0C8,0.01
A0A0F8Y8K8,0.01
A0A497PYI9,0.01
A0A497QWR5,0.01
A0A2U3CDQ2,0.01
A0A7K4GYS4,0.01
A0A135VVZ8,0.01
A0A524C9I7,0.01
A0A524CL90,0.01
A0A1Q9PFH1,0.01
A0A843BVU6,0.01
A0A842YDW5,0.01
A0A524D4B0,0.01
A0A524G4Q1,0.01
A0A5C9ESP0,0.01
A0A3L6J9N2,0.01
A0A7K4IB78,0.01
A0A524E5K4,0.01
A0A7K4HE34,0.01
A0A842VE30,0.01
A0A524CSA0,0.01
A0A497Q9V3,0.01
A0A2U3CF58,0.01
A0A7K4GWD4,0.01
A0A842T4S4,0.01
A0A497QTI1,0.01
A0A3L6JLD6,0.01
A0A850LQ53,0.01
A0A532TAZ8,0.01
A0A524FB05,0.01
A0A524FSQ1,0.01
A0A850MC91,0.01
A0A497QTK3,0.01
A0A497QWZ6,0.01
A0A2E9CD70,0.01
A0A524G1W4,0.01
A0A497QME4,0.01
A0A842TQ21,0.01
A0A524DH70,0.01
A0A842RH48,0.01
A0A842WQY3,0.01
A0A524CIV1,0.01
A0A524DCN4,0.01
A0A5B9DC66,0.01
A0A7K4H7R4,0.01
A0A850M9Y4,0.01
A0A524CN76,0.01
A0A135VGH1,0.01
A0A7K4GVR6,0.01
A0A842TTD6,0.01
A0A5B9DFN8,0.01
A0A532TTU0,0.01
A0A497QSA1,0.01
A0A842T3I9,0.01
A0A524EGY9,0.01
A0A524LF02,0.01
A0A497RAI2,0.01
A0A497QPF6,0.01
A0A7K4IB25,0.01
A0A523RNM6,0.01
A0A3L6JE00,0.01
A0A1Q9P675,0.01
A0A524CAJ6,0.01
A0A497QLR5,0.01
A0A497QBC2,0.01
A0A7K4GZ31,0.01
A0A524DH39,0.01
A0A523VRT2,0.01
A0A1Q9NPY5,0.01
A0A532TYJ2,0.01
A0A0F8V9L6,0.01
A0A1Q9NKJ5,0.01
A0A3L6JSK0,0.01
A0A497R8G1,0.01
A0A1Q9P281,0.01
A0A842VXM8,0.01
A0A842TQF3,0.01
A0A523W206,0.01
A0A0F8YCF0,0.01
A0A532TJT5,0.01
A0A7K4CX74,0.01
A0A497QCB1,0.01
A0A523TJF4,0.01
A0A524ERB5,0.01
A0A3L6JFI1,0.01
A0A532T7F6,0.01
A0A850M6C3,0.01
A0A842RXJ2,0.01
A0A524EB36,0.01
A0A842VIE3,0.01
A0A524CPF4,0.01
A0A3L6JBH3,0.01
A0A524D3Z0,0.01
A0A7K4CUI6,0.01
A0A524FAY9,0.01
A0A850M6W4,0.01
A0A5C9EF45,0.01
A0A497QZR3,0.01
A0A524CNK3,0.01
A0A524DZ59,0.01
A0A0F8Y8R2,0.01
A0A5B9DCJ4,0.01
A0A842S461,0.01
A0A524MH33,0.01
A0A3L6JM48,0.01
A0A524G863,0.01
A0A497PYR3,0.01
A0A2U3CEF2,0.01
A0A523S2B1,0.01
A0A842X0Z8,0.01
A0A523S5R4,0.01
A0A2U3CHK4,0.01
A0A842U3X1,0.01
A0A524ELQ0,0.01
A0A524ED66,0.01
A0A1Q9PAV8,0.01
A0A497PNH6,0.01
A0A850MUL5,0.01
A0A0F8W2P4,0.01
A0A842QC97,0.01
A0A1Q9NYV8,0.01
A0A524EJV8,0.01
A0A849QGK3,0.01
A0A7K4H7E6,0.01
A0A532TS90,0.01
A0A135VYL7,0.01
A0A524M878,0.01
A0A524DZW7,0.01
A0A1Q9PCS9,0.01
A0A843BQL6,0.01
A0A842QHC6,0.01
A0A0F8VBG0,0.01
A0A842TNL8,0.01
A0A497Q6C4,0.01
A0A523REQ8,0.01
A0A523TPI7,0.01
A0A5C9EN91,0.01
A0A3L6J8Z4,0.01
A0A3L6JKI4,0.01
A0A497QW63,0.01
A0A850MTT8,0.01
A0A5C9E8S6,0.01
A0A842S853,0.01
A0A3L6JH90,0.01
A0A1Q9N0P4,0.01
A0A1Q9P9N3,0.01
A0A7K4H5Q0,0.01
A0A850M390,0.01
A0A524DG28,0.01
A0A3L6JG70,0.01
A0A842T1N8,0.01
A0A842REM2,0.01
A0A524CT65,0.01
A0A524G599,0.01
A0A524GBA8,0.01
A0A524LJU5,0.01
A0A850LSG4,0.01
A0A524CUC6,0.01
A0A524EQB6,0.01
A0A7C0YFU9,0.01
A0A135VVB6,0.01
A0A523X5J5,0.01
A0A850M4D5,0.01
A0A5C9EV28,0.01
A0A850LUL9,0.01
A0A0F8XW00,0.01
A0A532TG75,0.01
A0A849Q7X0,0.01
A0A524FDK7,0.01
A0A7K4CPJ8,0.01
A0A524CRB0,0.01
A0A524LHF2,0.01
A0A842VJP1,0.01
A0A842VIA2,0.01
A0A842W330,0.01
A0A1Q9NB67,0.01
A0A524EDS6,0.01
A0A2U3CGW0,0.01
A0A7K4H224,0.01
A0A524DDK7,0.01
A0A524CBC1,0.01
A0A1Q9P4H0,0.01
A0A850ME36,0.01
A0A842TGF1,0.01
A0A2U3CJ43,0.01
A0A842WPJ2,0.01
A0A842UCG9,0.01
A0A1Q9NZ33,0.01
A0A1Q9NZQ7,0.01
A0A842U5Z0,0.01
A0A1Q9NI58,0.01
A0A524DIL5,0.01
A0A497Q1H1,0.01
A0A523TD40,0.01
A0A7K4H911,0.01
A0A1Q9NRN2,0.01
A0A842VH95,0.01
A0A3L6JM16,0.01
A0A497PSA2,0.01
A0A524EZP1,0.01
A0A524CV49,0.01
A0A497QIB6,0.01
A0A497QB45,0.01
A0A524E6C5,0.01
A0A497QJH1,0.01
A0A842T2M6,0.01
A0A842YEP2,0.01
A0A135VKB5,0.01
A0A1Q9MTY7,0.01
A0A497PSW4,0.01
A0A7K4HK81,0.01
A0A524ETU6,0.01
A0A5C9EEX6,0.01
A0A7K4H9F0,0.01
A0A524FBX0,0.01
A0A497QCV5,0.01
A0A497PVD5,0.01
A0A842VHZ1,0.01
A0A842QGS9,0.01
A0A3L6JGM5,0.01
A0A524DZP2,0.01
A0A1Q9NC39,0.01
A0A524F597,0.01
A0A850LY14,0.01
A0A497QTC4,0.01
A0A524FX02,0.01
A0A1Q9NYA9,0.01
A0A842VVI7,0.01
A0A524D9P3,0.01
A0A850MC43,0.01
A0A497QQW0,0.01
A0A5C9DYA1,0.01
A0A5C9E2W4,0.01
A0A0F8VK47,0.01
A0A532T876,0.01
A0A524EC78,0.01
A0A842VEN4,0.01
A0A524NY76,0.01
A0A0F8W2B8,0.01
A0A497Q388,0.01
A0A524DU20,0.01
A0A5C9E0P5,0.01
A0A842VFC7,0.01
A0A1Q9P0L9,0.01
A0A5C9EXV6,0.01
A0A524EYI8,0.01
A0A524C9K8,0.01
A0A497PQ30,0.01
A0A524CSU5,0.01
A0A524DB69,0.01
A0A497P911,0.01
A0A842VGI4,0.01
A0A1Q9P610,0.01
A0A523VQ60,0.01
A0A842TRK1,0.01
A0A524FPK8,0.01
A0A524D9F2,0.01
A0A532TKG9,0.01
A0A497Q4D1,0.01
A0A5C9ENC6,0.01
A0A842U5R4,0.01
A0A497PZF4,0.01
A0A524CH70,0.01
A0A524FAH5,0.01
A0A497QJD2,0.01
A0A2U3CK85,0.01
A0A1Q9NBI9,0.01
A0A1Q9NM80,0.01
A0A532TPX9,0.01
A0A7K4HJS5,0.01
A0A7K4HAI3,0.01
A0A850M3R6,0.01
A0A1Q9PC46,0.01
A0A850MCL4,0.01
A0A850LXC4,0.01
A0A850MMI0,0.01
A0A524LBR2,0.01
A0A1Q9N4E4,0.01
A0A524EI82,0.01
A0A5C9EES6,0.01
A0A524CDZ0,0.01
A0A1Q9MZZ6,0.01
A0A2U3CDJ0,0.01
A0A523TFC8,0.01
A0A1Q9P6G2,0.01
A0A842VEL1,0.01
A0A497R5H9,0.01
A0A5C9E9D5,0.01
A0A5C9EHH6,0.01
A0A524CZ97,0.01
A0A497PF05,0.01
A0A7K4GVB7,0.01
A0A524EQ07,0.01
A0A524P2V0,0.01
A0A850MCE5,0.01
A0A842QFY1,0.01
A0A523VMR5,0.01
A0A524F1H3,0.01
A0A524F9P4,0.01
A0A135VKM0,0.01
A0A524E638,0.01
A0A497QCV2,0.01
A0A842S6T1,0.01
A0A842TEC4,0.01
A0A135VET5,0.01
A0A842VRF2,0.01
A0A3L6J947,0.01
A0A850MR86,0.01
A0A7K4H6X4,0.01
A0A5C9DYW9,0.01
A0A524P406,0.01
A0A1Q9P1L1,0.01
A0A7C0U8S3,0.01
A0A7K4GUX3,0.01
A0A7K4GW28,0.01
A0A3L6JNL0,0.01
A0A7K4CQK2,0.01
A0A524CLN7,0.01
A0A7K4IG76,0.01
A0A524CA52,0.01
A0A5C9E4N3,0.01
A0A523RIA8,0.01
A0A524CUL5,0.01
A0A842RS28,0.01
A0A524DKC7,0.01
A0A524DVY7,0.01
A0A497Q788,0.01
A0A524FG63,0.01
A0A524E434,0.01
A0A5C9E428,0.01
A0A2U3CFH9,0.01
A0A1Q9NC56,0.01
A0A2U3CBV7,0.01
A0A524M7Z1,0.01
A0A1Q9PBJ2,0.01
A0A523SC33,0.01
A0A524EDK1,0.009
A0A497Q134,0.009
A0A497QJW7,0.009
A0A135VJM2,0.009
A0A524E1Z9,0.009
A0A523RLJ8,0.009
A0A850MTD4,0.009
A0A3L6JG97,0.009
A0A2U3CC09,0.009
A0A2U3CD68,0.009
A0A524E2J0,0.009
A0A497PW02,0.009
A0A497QUX5,0.009
A0A524FTJ0,0.009
A0A524D681,0.009
A0A7K4H9A7,0.009
A0A524LDJ3,0.009
A0A2E9CE30,0.009
A0A842VHM5,0.009
A0A1Q9NJD8,0.009
A0A497QG17,0.009
A0A842W5P4,0.009
A0A849Q725,0.009
A0A3L6JIH1,0.009
A0A1Q9MZD6,0.009
A0A2U3CI48,0.009
A0A850MK41,0.009
A0A524EEY0,0.009
A0A135VYM9,0.009
A0A849QDN4,0.009
A0A842RWW8,0.009
A0A7K4H721,0.009
A0A0F8XP65,0.009
A0A497Q759,0.009
A0A1Q9NJE4,0.009
A0A523X711,0.009
A0A532TNL4,0.009
A0A524DZQ9,0.009
A0A7K4CWX3,0.009
A0A524NUQ7,0.009
A0A524C591,0.009
A0A524ELX2,0.009
A0A5B9DEG8,0.009
A0A1Q9N182,0.009
A0A524ES09,0.009
A0A524C7Q2,0.009
A0A0F8XIW4,0.009
A0A523X757,0.009
A0A497QYJ5,0.009
A0A532TK31,0.009
A0A7K4IC33,0.009
A0A1Q9PCP0,0.009
A0A5C9E5U7,0.009
A0A842WY43,0.009
A0A5C9EHY5,0.009
A0A0F8Y1T4,0.009
A0A1Q9N088,0.009
A0A524F4P9,0.009
A0A523RIT8,0.009
A0A3L6JLX4,0.009
A0A1Q9NZJ4,0.009
A0A524LYS7,0.009
A0A842VPS2,0.009
A0A523RPF5,0.009
A0A2U3CGF2,0.009
A0A1Q9NEU9,0.009
A0A7K4CQ82,0.009
A0A3L6JPQ0,0.009
A0A523TE15,0.009
A0A1Q9NLL6,0.009
A0A850MMJ0,0.009
A0A849QGF8,0.009
A0A850LTF9,0.009
A0A524EBC4,0.009
A0A842T4G7,0.009
A0A5C9E071,0.009
A0A524LCY5,0.009
A0A1Q9MR47,0.009
A0A524DTP4,0.009
A0A0F8XE68,0.009
A0A523W1G7,0.009
A0A5C9F2F6,0.009
A0A842WRA4,0.009
A0A5B9D5B3,0.009
A0A842TST0,0.009
A0A497Q3J1,0.009
A0A497QLZ0,0.009
A0A842WR90,0.009
A0A5C9EYK9,0.009
A0A842WSR2,0.009
A0A5C9DUR1,0.009
A0A1Q9NEL4,0.009
A0A524FG09,0.009
A0A850LY63,0.009
A0A0F8VI28,0.009
A0A497QAR4,0.009
A0A497QDL8,0.009
A0A842RXL0,0.009
A0A524CFQ5,0.009
A0A3L6JN31,0.009
A0A7K4IFZ5,0.009
A0A524FPV7,0.009
A0A2U3CG84,0.009
A0A843BYY1,0.009
A0A3L6J9S7,0.009
A0A0F8VBR9,0.009
A0A497QPQ2,0.009
A0A532T8H5,0.009
A0A849QGS5,0.009
A0A842YCC8,0.009
A0A0F8VXH1,0.009
A0A7K4H4S3,0.009
A0A497QKH6,0.009
A0A1Q9NKQ8,0.009
A0A5C9ET44,0.009
A0A842S3D8,0.009
A0A497R024,0.009
A0A524FC21,0.009
A0A7K4CPR3,0.009
A0A1Q9PBB7,0.009
A0A524F5X2,0.009
A0A524EPJ1,0.009
A0A5C9EJ57,0.009
A0A497QC52,0.009
A0A523TDX9,0.009
A0A524FLR5,0.009
A0A842T8V4,0.009
A0A5C9EBM8,0.009
A0A7K4CWZ9,0.009
A0A5B9DDD4,0.009
A0A850LTZ6,0.009
A0A524LNZ4,0.009
A0A524GBG4,0.009
A0A524LZR2,0.009
A0A532TMF6,0.009
A0A1Q9NM49,0.009
A0A524FCY0,0.009
A0A5C9EXW0,0.009
A0A0F8VIN9,0.009
A0A524DHZ3,0.009
A0A1Q9PCL1,0.009
A0A524M207,0.009
A0A3L6JHJ1,0.009
A0A0F8VQD7,0.009
A0A1Q9NY82,0.009
A0A1Q9P0A2,0.009
A0A5C9EZX7,0.009
A0A135VC15,0.009
A0A0F8Y024,0.009
A0A524FW74,0.009
A0A842U1J6,0.009
A0A842TGL1,0.009
A0A497PZM8,0.009
A0A497PXK7,0.009
A0A524D0X2,0.009
A0A524G6N0,0.009
A0A7K4HK78,0.009
A0A842T7A6,0.009
A0A2E9CDR5,0.009
A0A842QG64,0.009
A0A523SC46,0.009
A0A524ENZ3,0.009
A0A842QKG0,0.009
A0A842VHE5,0.009
A0A524LXC1,0.009
A0A842U8D9,0.009
A0A850LP42,0.009
A0A523VNF1,0.009
A0A524DII2,0.009
A0A524F9D2,0.009
A0A0F8Y2U3,0.009
A0A5C9ES85,0.009
A0A5C9DXD7,0.009
A0A497Q282,0.009
A0A842YGG5,0.009
A0A7K4H6D8,0.009
A0A842VDN1,0.009
A0A5C9ELH6,0.009
A0A497PQ22,0.009
A0A7K4HBD0,0.009
A0A497QHD4,0.009
A0A850MRE5,0.009
A0A842VXT6,0.009
A0A524LS62,0.009
A0A849QEK4,0.009
A0A842QHM5,0.009
A0A842YC46,0.009
A0A5C9DZC6,0.009
A0A523XRM5,0.009
A0A497PV30,0.009
A0A5C9EAZ1,0.009
A0A7K4HH99,0.009
A0A842VJA4,0.009
A0A524FZV5,0.009
A0A524F325,0.009
A0A524LDB1,0.009
A0A524C5B6,0.009
A0A524CIY3,0.009
A0A497PK29,0.009
A0A524EQT8,0.009
A0A524P2L6,0.009
A0A5B9D6K7,0.009
A0A842WR18,0.009
A0A1Q9NCN8,0.009
A0A524EVV0,0.009
A0A524D374,0.009
A0A5B9DCH4,0.009
A0A5B9DDH7,0.009
A0A524DLM5,0.009
A0A842QEF2,0.009
A0A850MCU2,0.009
A0A7K4H216,0.009
A0A524EJ42,0.009
A0A842RLQ3,0.009
A0A1Q9MX18,0.009
A0A524M427,0.009
A0A0F8XNH4,0.009
A0A524FGZ2,0.009
A0A524NVF5,0.009
A0A850MEN0,0.009
A0A842TKP2,0.009
A0A842W7X8,0.009
A0A850M2S9,0.009
A0A5C9ETG2,0.009
A0A1Q9N3D3,0.009
A0A524M384,0.009
A0A524C367,0.009
A0A842TQX2,0.009
A0A842VQP9,0.009
A0A524CVF2,0.009
A0A497Q2R0,0.009
A0A524DX56,0.009
A0A524L5L7,0.009
A0A524P2X0,0.009
A0A5B9D8R0,0.009
A0A497QFV7,0.009
A0A842VPJ2,0.009
A0A497QDL5,0.009
A0A842WRW5,0.009
A0A524LDK5,0.009
A0A524CVY7,0.009
A0A850M5K0,0.009
A0A1Q9P6G0,0.009
A0A842VSR4,0.009
A0A3L6JIW8,0.009
A0A842VLU7,0.009
A0A0F8VFC4,0.009
A0A497PKF2,0.009
A0A524FBK3,0.009
A0A1Q9MRS2,0.009
A0A524E8I9,0.009
A0A497QVK6,0.009
A0A524EN08,0.009
A0A524FIT9,0.009
A0A524NYM2,0.009
A0A523S6I9,0.009
A0A2U3CCS2,0.009
A0A524DEM2,0.009
A0A524CPV3,0.009
A0A842RID3,0.009
A0A1Q9P5X2,0.009
A0A842Y8N1,0.009
A0A842RFW5,0.009
A0A524DBE5,0.009
A0A497QB63,0.009
A0A497PNS2,0.009
A0A524FV41,0.009
A0A850LQQ3,0.009
A0A0F8V8T4,0.009
A0A7K4H6Q6,0.009
A0A1Q9PFX6,0.009
A0A497PH33,0.009
A0A1Q9N2A0,0.009
A0A524CGR5,0.009
A0A5B9DCN8,0.009
A0A842QLU0,0.009
A0A842QK76,0.009
A0A524CBQ2,0.009
A0A523RH46,0.009
A0A497QPT9,0.009
A0A524D694,0.009
A0A7K4CV48,0.009
A0A1Q9P2T9,0.009
A0A1Q9MYG2,0.009
A0A524FV66,0.009
A0A1Q9PBJ7,0.009
A0A842YEW1,0.009
A0A5C9EUX5,0.009
A0A524NTR5,0.009
A0A524L8C0,0.009
A0A523SA64,0.009
A0A524ML47,0.009
A0A524FSD5,0.009
A0A524CAB3,0.009
A0A497PLE6,0.009
A0A524C2A0,0.009
A0A842VHS9,0.009
A0A842QDD9,0.009
A0A7K4HAM4,0.009
A0A524FCR5,0.009
A0A850MDJ5,0.009
A0A524EWF6,0.009
A0A842QCV9,0.009
A0A524FAC7,0.009
A0A842QHC0,0.009
A0A7K4CP90,0.009
A0A3L6JA42,0.009
A0A5C9DU06,0.009
A0A5C9ED73,0.009
A0A524DAH7,0.009
A0A1Q9NID3,0.009
A0A524DM61,0.009
A0A3L6JEV4,0.009
A0A842RI43,0.009
A0A5C9E0X8,0.009
A0A497PN29,0.009
A0A842RFY5,0.009
A0A7K4IIB2,0.009
A0A2U3CFC0,0.009
A0A523X5C1,0.009
A0A842RVD6,0.009
A0A524CAT4,0.009
A0A7K4GTM6,0.009
A0A5C9EJN9,0.009
A0A850ML27,0.009
A0A850MMP6,0.009
A0A7K4HBY2,0.009
A0A0F8XQX0,0.009
A0A842VFV1,0.009
A0A0F8V979,0.009
A0A842QFV8,0.009
A0A7K4CSZ4,0.009
A0A523W4W5,0.009
A0A135VW09,0.009
A0A524M4J8,0.009
A0A524ESK1,0.009
A0A524CYH6,0.009
A0A524D5D0,0.009
A0A842SZZ8,0.009
A0A523RD75,0.009
A0A497PRN2,0.009
A0A524LRE6,0.009
A0A7C0U900,0.009
A0A524CKM9,0.009
A0A135VGN7,0.009
A0A497Q6Q9,0.009
A0A524MKW5,0.009
A0A842W6Y1,0.009
A0A497QDS7,0.009
A0A3L6JAQ1,0.009
A0A524P6B4,0.009
A0A1Q9NSB0,0.009
A0A850MB37,0.009
A0A5C9ENC8,0.009
A0A850MAJ2,0.009
A0A842TGN4,0.009
A0A497PJ94,0.009
A0A7K4IAZ8,0.009
A0A1Q9NLS4,0.009
A0A524CZG7,0.009
A0A7K4H4H9,0.009
A0A3L6JJU2,0.009
A0A850LQ26,0.009
A0A523TBG5,0.009
A0A5B9DE69,0.009
A0A524FTD4,0.009
A0A524E5V6,0.009
A0A497Q0F0,0.009
A0A497QAW9,0.009
A0A7K4H251,0.009
A0A497Q2X3,0.009
A0A524P6K5,0.009
A0A842RW36,0.009
A0A135VNQ2,0.009
A0A842T2C3,0.009
A0A0F8Y702,0.009
A0A2U3CHN1,0.009
A0A524CR24,0.009
A0A5C9EC83,0.009
A0A843BWV3,0.009
A0A842RE32,0.009
A0A135VS18,0.009
A0A1Q9MYK5,0.009
A0A524DV82,0.009
A0A3L6J8V5,0.009
A0A497QJC8,0.009
A0A850M830,0.009
A0A532TN37,0.009
A0A849QD00,0.009
A0A1Q9PBY2,0.009
A0A497QAF8,0.009
A0A524F727,0.009
A0A524DC52,0.009
A0A2U3CBC3,0.009
A0A524DVI2,0.009
A0A842U754,0.009
A0A5C9ETR9,0.009
A0A1Q9N3K4,0.009
A0A842TIY1,0.009
A0A524DET1,0.009
A0A1Q9NHZ8,0.009
A0A842U482,0.009
A0A524L6U2,0.009
A0A1Q9P5A9,0.009
A0A524DEH8,0.009
A0A524C2Y8,0.009
A0A7K4CZ80,0.009
A0A523S067,0.009
A0A1Q9NJT8,0.009
A0A7K4HHH9,0.009
A0A842RE40,0.009
A0A842VDX1,0.009
A0A849Q6V6,0.009
A0A1Q9MRC0,0.009
A0A497R282,0.009
A0A842S0J5,0.009
A0A842VGK2,0.009
A0A497P8F1,0.009
A0A532T7D2,0.009
A0A1Q9NP58,0.009
A0A842RUV1,0.009
A0A7K4CSW0,0.009
A0A850LZW6,0.009
A0A1Q9NV56,0.009
A0A0F8YB71,0.009
A0A1Q9NB42,0.009
A0A1Q9ND34,0.009
A0A1Q9N3B3,0.009
A0A842VGS7,0.009
A0A7K4CN13,0.009
A0A842X044,0.009
A0A7K4CYQ0,0.009
A0A497R3M8,0.009
A0A532THH4,0.009
A0A7K4H1Q6,0.009
A0A1Q9NIK7,0.009
A0A843BTW3,0.009
A0A523X5S2,0.009
A0A523XH52,0.009
A0A523RHX4,0.009
A0A850MH35,0.009
A0A7K4CWW5,0.009
A0A497PX50,0.009
A0A497PH32,0.009
A0A5C9EMB8,0.009
A0A2U3CGY4,0.009
A0A5C9EPA4,0.009
A0A3L6JDP9,0.009
A0A5C9F0R2,0.009
A0A524ETI0,0.009
A0A842X078,0.009
A0A842REA7,0.009
A0A5B9DCS4,0.009
A0A135VHK9,0.009
A0A7K4H4Z5,0.009
A0A524NV13,0.009
A0A842VLR9,0.009
A0A2E9CCH9,0.009
A0A850LTK4,0.009
A0A842YBC7,0.009
A0A1Q9P8E5,0.009
A0A7K4CX69,0.009
A0A850MRI7,0.009
A0A842VL20,0.009
A0A843BUU7,0.009
A0A0F8VJB7,0.009
A0A3L6JM43,0.009
A0A532THI1,0.009
A0A524FBC5,0.009
A0A5C9ECU1,0.009
A0A5C9DZJ7,0.009
A0A524DW15,0.009
A0A524D5S2,0.009
A0A135VC04,0.009
A0A7K4ICY9,0.009
A0A5C9EBX0,0.009
A0A842VKW6,0.009
A0A1Q9NQ85,0.009
A0A524FUJ2,0.009
A0A7K4IES2,0.009
A0A524FRG7,0.009
A0A524MHV5,0.009
A0A3L6JNL9,0.009
A0A524M8S7,0.009
A0A842S9W6,0.009
A0A1Q9NW59,0.009
A0A532T956,0.009
A0A524CBP4,0.009
A0A524L9K2,0.009
A0A523RBN8,0.009
A0A497R085,0.009
A0A842S6T9,0.009
A0A842T109,0.009
A0A497PBP0,0.009
A0A524DAJ8,0.009
A0A497QSR5,0.009
A0A1Q9PAY6,0.009
A0A7K4HH59,0.009
A0A524C551,0.009
A0A5C9F025,0.009
A0A5C9E9G1,0.009
A0A7K4CQW6,0.009
A0A7K4CM39,0.009
A0A524DRK9,0.009
A0A2U3CB46,0.009
A0A1Q9P7L8,0.009
A0A7K4GJX8,0.009
A0A842RX71,0.009
A0A850M422,0.009
A0A524C621,0.009
A0A135VUX5,0.009
A0A842TID2,0.009
A0A5C9EEU3,0.009
A0A523RUZ7,0.009
A0A842TE14,0.009
A0A2U3CCV5,0.009
A0A3L6JDQ2,0.009
A0A5C9EZD9,0.009
A0A1Q9MTP2,0.009
A0A524CAY4,0.009
A0A524NWY6,0.009
A0A524G415,0.009
A0A3L6JD25,0.009
A0A524DHL4,0.009
A0A1Q9NI84,0.009
A0A2U3CHH2,0.009
A0A524EVJ7,0.009
A0A524EBV0,0.009
A0A524C5C7,0.009
A0A523VSY7,0.009
A0A524F6C6,0.009
A0A1Q9NVX1,0.009
A0A135VBW7,0.009
A0A3L6JK46,0.009
A0A135VSM4,0.009
A0A524D742,0.009
A0A5C9EU60,0.009
A0A3L6JNR2,0.009
A0A843BN98,0.009
A0A497QKF6,0.009
A0A5C9EXU4,0.009
A0A135VWP3,0.009
A0A5C9ES10,0.009
A0A524MBZ9,0.009
A0A3L6JS63,0.009
A0A5C9DVD1,0.009
A0A7K4H164,0.009
A0A849Q8A4,0.009
A0A523R7L4,0.009
A0A497PS06,0.009
A0A1Q9NET1,0.009
A0A842VXV2,0.009
A0A7K4IGK6,0.009
A0A497PMJ3,0.009
A0A532TE73,0.009
A0A523XHB9,0.009
A0A3L6J7K7,0.009
A0A523XBU3,0.009
A0A842TFW2,0.009
A0A842TAE7,0.009
A0A1Q9P6K2,0.009
A0A497QIB5,0.009
A0A3L6JCC7,0.009
A0A135VAV6,0.009
A0A842VLA4,0.009
A0A524LJA1,0.009
A0A5C9ENC7,0.009
A0A842VE92,0.009
A0A523TNX9,0.009
A0A523TD79,0.009
A0A7K4GQF7,0.009
A0A523XLS8,0.009
A0A7K4CUL0,0.009
A0A1Q9NPV1,0.009
A0A843BYP5,0.009
A0A842VMP7,0.009
A0A524CJZ6,0.009
A0A842UAX3,0.009
A0A524DG42,0.009
A0A523RMS7,0.009
A0A850MNC6,0.009
A0A5C9EK54,0.009
A0A7K4HDX4,0.009
A0A850LSR6,0.009
A0A1Q9MUC8,0.009
A0A5B9DAU2,0.009
A0A7K4HA10,0.009
A0A524E234,0.009
A0A524EC95,0.009
A0A0F8XW89,0.009
A0A843C007,0.009
A0A497QIS0,0.009
A0A523RLI7,0.009
A0A524NZ98,0.009
A0A7K4GX71,0.009
A0A842UB20,0.009
A0A850M757,0.009
A0A1Q9P1T9,0.009
A0A524CSQ3,0.009
A0A524ED54,0.009
A0A524DB23,0.009
A0A532TBM0,0.009
A0A1Q9MZV6,0.009
A0A3L6JP00,0.009
A0A7K4IH21,0.009
A0A532TH36,0.009
A0A497QUQ8,0.009
A0A5C9ETW5,0.009
A0A842WNB4,0.009
A0A524DE86,0.009
A0A1Q9NZI7,0.009
A0A524E8Z4,0.009
A0A523TBD6,0.009
A0A524EAA5,0.009
A0A1Q9P6U1,0.009
A0A523S4K0,0.009
A0A135VZA5,0.009
A0A524EUY4,0.009
A0A842RSE8,0.009
A0A135VLC5,0.009
A0A524FJ17,0.009
A0A7K4HH16,0.009
A0A1Q9P1K0,0.009
A0A5C9E9V1,0.009
A0A7K4CNT8,0.008
A0A5C9EAP1,0.008
A0A497QP79,0.008
A0A850MBW3,0.008
A0A497QDE3,0.008
A0A5C9EUF5,0.008
A0A842TBG6,0.008
A0A842QGX2,0.008
A0A523R6T5,0.008
A0A842W0J2,0.008
A0A5C9ECK9,0.008
A0A850LUH0,0.008
A0A850MMF0,0.008
A0A524DUM0,0.008
A0A1Q9NI46,0.008
A0A497QR65,0.008
A0A7K4IG00,0.008
A0A7K4II17,0.008
A0A524E2V2,0.008
A0A524LXF4,0.008
A0A7K4HKQ9,0.008
A0A1Q9P8G7,0.008
A0A1Q9PFH8,0.008
A0A842VF51,0.008
A0A850M5K4,0.008
A0A5C9ERZ3,0.008
A0A1Q9NKE7,0.008
A0A524LY54,0.008
A0A524GBY3,0.008
A0A842WW69,0.008
A0A5C9EY92,0.008
A0A524FA35,0.008
A0A1Q9NSW3,0.008
A0A524EGG1,0.008
A0A497Q3T1,0.008
A0A524EC79,0.008
A0A524L874,0.008
A0A524EN79,0.008
A0A524CGV2,0.008
A0A850MRH9,0.008
A0A850M0R3,0.008
A0A1Q9N9H5,0.008
A0A850LSM2,0.008
A0A5C9EFR2,0.008
A0A524DNH6,0.008
A0A497Q7X4,0.008
A0A842TNV5,0.008
A0A842WW91,0.008
A0A1Q9MR81,0.008
A0A524G2N6,0.008
A0A842VE68,0.008
A0A842YAB2,0.008
A0A842TI25,0.008
A0A843BZ94,0.008
A0A2U3CB02,0.008
A0A497QRY3,0.008
A0A850LT92,0.008
A0A523RXL4,0.008
A0A524DRR2,0.008
A0A523R724,0.008
A0A842T4P9,0.008
A0A7K4HF69,0.008
A0A5B9D9H6,0.008
A0A524MI45,0.008
A0A850M5D5,0.008
A0A524DR57,0.008
A0A842R7B7,0.008
A0A524M7P9,0.008
A0A497RBP8,0.008
A0A842WPI5,0.008
A0A523TCH1,0.008
A0A524FRG4,0.008
A0A3L6JCK3,0.008
A0A7K4CZ30,0.008
A0A524FI11,0.008
A0A523VS31,0.008
A0A7K4CT40,0.008
A0A5C9ECS0,0.008
A0A7K4HJW1,0.008
A0A7K4GSB2,0.008
A0A5B9DB02,0.008
A0A524F8V5,0.008
A0A497Q667,0.008
A0A524D9M0,0.008
A0A7K4H2G0,0.008
A0A523RZN1,0.008
A0A7K4D1J6,0.008
A0A524E6C4,0.008
A0A524G1R2,0.008
A0A842RVT3,0.008
A0A135VED3,0.008
A0A7K4HGX2,0.008
A0A524F2J1,0.008
A0A523VUE0,0.008
A0A524FQS0,0.008
A0A842WV78,0.008
A0A842VYX0,0.008
A0A1Q9P2Z9,0.008
A0A523R8J4,0.008
A0A1Q9N1D3,0.008
A0A3L6JHM6,0.008
A0A135VEN3,0.008
A0A850LR48,0.008
A0A842VWS1,0.008
A0A850LRU1,0.008
A0A850MPD4,0.008
A0A3L6JPC6,0.008
A0A524LIR0,0.008
A0A7K4H2L2,0.008
A0A850MAW5,0.008
A0A524C2T9,0.008
A0A532TRY0,0.008
A0A524E332,0.008
A0A497QY15,0.008
A0A7K4HKA5,0.008
A0A0F8XM93,0.008
A0A842QEZ1,0.008
A0A524ENU5,0.008
A0A524FX07,0.008
A0A850MGQ6,0.008
A0A523RTV5,0.008
A0A7K4GUK7,0.008
A0A7K4ICI7,0.008
A0A5C9EXB9,0.008
A0A0F8VH44,0.008
A0A842W2V0,0.008
A0A2U3CI81,0.008
A0A5C9EV34,0.008
A0A850MBT8,0.008
A0A524CTA4,0.008
A0A524EN31,0.008
A0A3L6JIN2,0.008
A0A1Q9N1Y1,0.008
A0A7K4H3Z5,0.008
A0A524D3U7,0.008
A0A524D457,0.008
A0A497R7G7,0.008
A0A524CP63,0.008
A0A850M3C7,0.008
A0A523S310,0.008
A0A497QJV2,0.008
A0A524CWM0,0.008
A0A842TQW0,0.008
A0A524DNC1,0.008
A0A850MQX9,0.008
A0A497PJ39,0.008
A0A2U3CHA8,0.008
A0A524G280,0.008
A0A135VR66,0.008
A0A849QDN3,0.008
A0A497QCX7,0.008
A0A524ECM5,0.008
A0A1Q9P9I8,0.008
A0A3L6JIU0,0.008
A0A2U3CDR3,0.008
A0A524E2Z3,0.008
A0A7K4GQB2,0.008
A0A524C8Z0,0.008
A0A524DW11,0.008
A0A850LS94,0.008
A0A524E7B4,0.008
A0A135VY51,0.008
A0A524C483,0.008
A0A497Q4R8,0.008
A0A524P1I8,0.008
A0A524CBD9,0.008
A0A2U3CF83,0.008
A0A850MMU9,0.008
A0A497QC43,0.008
A0A524P127,0.008
A0A524CJM3,0.008
A0A497R1Q8,0.008
A0A2E9CD38,0.008
A0A1Q9N3C0,0.008
A0A850MQQ8,0.008
A0A135VW01,0.008
A0A7K4CTK8,0.008
A0A7K4HHZ2,0.008
A0A524LAC8,0.008
A0A7K4ICD8,0.008
A0A5C9EPN7,0.008
A0A7K4HJC2,0.008
A0A842QKW0,0.008
A0A135VIN8,0.008
A0A523RKK3,0.008
A0A842VI05,0.008
A0A524FCT2,0.008
A0A497PER6,0.008
A0A5C9E578,0.008
A0A3L6J6B7,0.008
A0A842VS03,0.008
A0A5C9EQJ4,0.008
A0A1Q9MW74,0.008
A0A524D3P2,0.008
A0A135VL73,0.008
A0A842RIY2,0.008
A0A497R251,0.008
A0A524E2S9,0.008
A0A842S6M5,0.008
A0A5C9EDS3,0.008
A0A497QUY6,0.008
A0A7K4HK52,0.008
A0A497Q5D6,0.008
A0A524FNL7,0.008
A0A842QFP4,0.008
A0A5C9ENU5,0.008
A0A497PB70,0.008
A0A135VCU6,0.008
A0A3L6J7U1,0.008
A0A497PP42,0.008
A0A532TYQ8,0.008
A0A523RZV0,0.008
A0A523R960,0.008
A0A497R377,0.008
A0A5C9EH77,0.008
A0A497PZT3,0.008
A0A842TFG6,0.008
A0A843C5G7,0.008
A0A842YHM2,0.008
A0A1Q9NUT3,0.008
A0A5C9E1R2,0.008
A0A842YDG5,0.008
A0A7K4GKF4,0.008
A0A842VNZ1,0.008
A0A5C9E4W2,0.008
A0A523XC74,0.008
A0A497QQN9,0.008
A0A1Q9MYB6,0.008
A0A497QU14,0.008
A0A524CFJ0,0.008
A0A842WM91,0.008
A0A2U3CF25,0.008
A0A842UAR6,0.008
A0A7K4GVL7,0.008
A0A849QJJ5,0.008
A0A7K4CXK2,0.008
A0A842VC67,0.008
A0A850M192,0.008
A0A842RIV6,0.008
A0A842TRQ1,0.008
A0A524C532,0.008
A0A524CPT9,0.008
A0A3L6JGH4,0.008
A0A497R4C2,0.008
A0A497PAQ3,0.008
A0A523W0I0,0.008
A0A532T675,0.008
A0A497PVF3,0.008
A0A524CV51,0.008
A0A135VMW1,0.008
A0A1Q9P9R1,0.008
A0A850MUE9,0.008
A0A1Q9NEJ3,0.008
A0A1Q9MY20,0.008
A0A497QGY4,0.008
A0A532TH67,0.008
A0A842TQ88,0.008
A0A842RPH1,0.008
A0A524D3T5,0.008
A0A524EGE0,0.008
A0A5C9EZ31,0.008
A0A1Q9P4A6,0.008
A0A842WN71,0.008
A0A842VWI0,0.008
A0A524EA91,0.008
A0A5C9DZR7,0.008
A0A5C9E6M6,0.008
A0A523RZ16,0.008
A0A842YDQ6,0.008
A0A5B9DGA9,0.008
A0A5C9ET74,0.008
A0A842STL6,0.008
A0A524DKW7,0.008
A0A497QIG1,0.008
A0A524EHU8,0.008
A0A524DE20,0.008
A0A524CY64,0.008
A0A497PRK3,0.008
A0A135VVY6,0.008
A0A2U3CGN8,0.008
A0A524ECU0,0.008
A0A523RBK6,0.008
A0A524DGD7,0.008
A0A5C9EYE1,0.008
A0A524EGR7,0.008
A0A7K4CTY1,0.008
A0A1Q9MT27,0.008
A0A524FU36,0.008
A0A0F8W9C7,0.008
A0A850MCY9,0.008
A0A1Q9NQH2,0.008
A0A524CEE3,0.008
A0A524FXD2,0.008
A0A524FZP6,0.008
A0A842VXK6,0.008
A0A850MXR0,0.008
A0A0F8W1D5,0.008
A0A524G0B7,0.008
A0A497R8L0,0.008
A0A5C9DVX0,0.008
A0A0F8WDQ0,0.008
A0A842TL93,0.008
A0A523S689,0.008
A0A1Q9N3K9,0.008
A0A523RQH1,0.008
A0A497QEA6,0.008
A0A842RIZ6,0.008
A0A524M108,0.008
A0A7K4CR36,0.008
A0A7K4CTZ0,0.008
A0A524FX86,0.008
A0A135VWN7,0.008
A0A523RG40,0.008
A0A524C8P2,0.008
A0A524DX83,0.008
A0A1Q9NJ41,0.008
A0A5C9ETB3,0.008
A0A524DG94,0.008
A0A532TYC5,0.008
A0A524M7F1,0.008
A0A524EAW0,0.008
A0A850MRB5,0.008
A0A7K4H7F4,0.008
A0A523VRW1,0.008
A0A497PSE2,0.008
A0A524DQR8,0.008
A0A523TMW8,0.008
A0A524EUC5,0.008
A0A850M0M4,0.008
A0A524ESK3,0.008
A0A5B9D9W2,0.008
A0A497Q1F9,0.008
A0A532T910,0.008
A0A524EC34,0.008
A0A524EF02,0.008
A0A532T6Z0,0.008
A0A5C9E7E5,0.008
A0A7K4HDX7,0.008
A0A7K4GUN3,0.008
A0A1Q9NVV4,0.008
A0A532TY48,0.008
A0A135VQV0,0.008
A0A843C491,0.008
A0A842VS09,0.008
A0A5C9EX58,0.008
A0A5C9EX91,0.008
A0A532T5R7,0.008
A0A842VGU7,0.008
A0A850LV70,0.008
A0A842VIL9,0.008
A0A843BQ40,0.008
A0A497PPL1,0.008
A0A524F9H8,0.008
A0A7K4HFE6,0.008
A0A497RCP0,0.008
A0A532TKT0,0.008
A0A524EBB1,0.008
A0A842VLU5,0.008
A0A524FBU0,0.008
A0A523RLV9,0.008
A0A135VBK8,0.008
A0A850LPJ5,0.008
A0A524M4R9,0.008
A0A524EPV5,0.008
A0A2U3CHF2,0.008
A0A7K4CYZ2,0.008
A0A5B9D727,0.008
A0A135VZ51,0.008
A0A5C9EWI1,0.008
A0A3L6JKI3,0.008
A0A524EFV0,0.008
A0A524EMU9,0.008
A0A5B9DH86,0.008
A0A842QFX6,0.008
A0A850LYQ0,0.008
A0A523X837,0.008
A0A523S657,0.008
A0A523XKQ7,0.008
A0A1Q9MSI3,0.008
A0A524F0W3,0.008
A0A497QQE7,0.008
A0A842RPZ7,0.008
A0A135VWL3,0.008
A0A842V9D8,0.008
A0A1Q9NB69,0.008
A0A0F8VEJ7,0.008
A0A842W071,0.008
A0A5B9D7T3,0.008
A0A850M0A0,0.008
A0A524FMP8,0.008
A0A524G9X2,0.008
A0A842QAA9,0.008
A0A5B9DF93,0.008
A0A850MMW8,0.008
A0A523VUB9,0.008
A0A842VG54,0.008
A0A842T8Q0,0.008
A0A0F8VCL0,0.008
A0A524MCZ0,0.008
A0A842VMK6,0.008
A0A524DCZ9,0.008
A0A497PU43,0.008
A0A524DEQ8,0.008
A0A3L6JHN4,0.008
A0A842VS40,0.008
A0A0F8VLC4,0.008
A0A524MA40,0.008
A0A850LRZ0,0.008
A0A842W1R4,0.008
A0A497Q1P1,0.008
A0A5C9ECR6,0.008
A0A532TDC4,0.008
A0A842YBN5,0.008
A0A5C9E7U3,0.008
A0A1Q9NUM1,0.008
A0A7K4D0U2,0.008
A0A523RMY4,0.008
A0A524G6L3,0.008
A0A497QE63,0.008
A0A532TP64,0.008
A0A849QG70,0.008
A0A842U2V1,0.008
A0A532TF95,0.008
A0A5C9EFI5,0.008
A0A842T6H5,0.008
A0A523TJU3,0.008
A0A842TEK9,0.008
A0A842VTB7,0.008
A0A497QLE5,0.008
A0A135VYS9,0.008
A0A5C9DWJ1,0.008
A0A842W1D3,0.008
A0A497PHC1,0.008
A0A842VNG3,0.008
A0A842W0R6,0.008
A0A849QGZ9,0.008
A0A1Q9NBQ3,0.008
A0A3L6JGZ6,0.008
A0A497QBC0,0.008
A0A523RNT3,0.008
A0A0F8VG31,0.008
A0A5C9EE72,0.008
A0A1Q9NN22,0.008
A0A524MFB1,0.008
A0A524CUP5,0.008
A0A524E3K2,0.008
A0A5B9D991,0.008
A0A524EPZ6,0.008
A0A524D7Z3,0.008
A0A850MJU1,0.008
A0A1Q9NXE8,0.008
A0A1Q9PDP9,0.008
A0A524NSN5,0.008
A0A524DBY9,0.008
A0A524LIS6,0.008
A0A850LNT4,0.008
A0A842VZC4,0.008
A0A523W3S5,0.008
A0A5C9EXZ5,0.008
A0A523RCN7,0.008
A0A497QG13,0.008
A0A497PS96,0.008
A0A842T2D0,0.008
A0A5B9DFS8,0.008
A0A850LVX4,0.008
A0A842VC44,0.008
A0A5C9E8D3,0.008
A0A524E1B4,0.008
A0A497PCD6,0.008
A0A524FZY2,0.008
A0A524CR38,0.008
A0A524E9Y1,0.008
A0A497P7W3,0.008
A0A135VBD4,0.008
A0A7K4GXP4,0.008
A0A5B9DB09,0.008
A0A524DP66,0.008
A0A524MI31,0.008
A0A7K4GPQ9,0.008
A0A497PWN5,0.008
A0A7K4CWB5,0.008
A0A524E426,0.008
A0A7K4IA35,0.008
A0A5B9D7X5,0.008
A0A524CSM9,0.008
A0A842TAS7,0.008
A0A497PPE0,0.008
A0A532TMX2,0.008
A0A850MWD7,0.008
A0A532THH5,0.008
A0A3L6JF06,0.008
A0A532TVT0,0.008
A0A842RHU0,0.008
A0A497PYQ6,0.008
A0A524FHT7,0.008
A0A5C9EGL3,0.008
A0A524M276,0.008
A0A7K4GRV2,0.008
A0A1Q9PBR5,0.008
A0A135VWD6,0.008
A0A1Q9P0B8,0.008
A0A524LFN4,0.008
A0A524FTF5,0.008
A0A7K4CTK2,0.008
A0A524NSR8,0.008
A0A849Q9M7,0.008
A0A0F8V781,0.008
A0A524D390,0.008
A0A0F8VHJ6,0.008
A0A842RP49,0.008
A0A1Q9MVR3,0.008
A0A7K4IIT0,0.008
A0A524G2T1,0.008
A0A2U3CEF5,0.008
A0A7K4HHY6,0.008
A0A7C0YAN4,0.008
A0A524CVD6,0.008
A0A497RAE0,0.008
A0A850LWR6,0.008
A0A0F8VKL0,0.008
A0A5C9EZG9,0.008
A0A1Q9P4M6,0.008
A0A0F8W9I6,0.008
A0A842QFA7,0.008
A0A3L6JJV1,0.008
A0A850LYC9,0.008
A0A524DKA5,0.008
A0A842YCQ5,0.008
A0A497QI11,0.008
A0A135VIU9,0.008
A0A523RAJ4,0.008
A0A1Q9P1V2,0.008
A0A7K4H7M2,0.008
A0A524FP77,0.008
A0A523XJF9,0.008
A0A0F8W266,0.008
A0A497PTC9,0.008
A0A5B9D932,0.008
A0A524F1W1,0.008
A0A497PV73,0.008
A0A1Q9NXD8,0.008
A0A524CLC5,0.008
A0A524FBG8,0.008
A0A524CCJ3,0.008
A0A497Q7M3,0.008
A0A523S1X6,0.008
A0A524FIQ7,0.008
A0A850MA72,0.008
A0A523R8J8,0.008
A0A524MGP1,0.008
A0A524EZN2,0.008
A0A524DDF0,0.008
A0A524L722,0.008
A0A524DDZ3,0.008
A0A524DW86,0.008
A0A7K4GWP6,0.008
A0A524EGV0,0.008
A0A524GA57,0.008
A0A1Q9P885,0.008
A0A1Q9NRU3,0.008
A0A524CVK7,0.008
A0A842WWL1,0.008
A0A842RVW2,0.008
A0A5C9F3T1,0.008
A0A523RUM3,0.008
A0A524NU28,0.008
A0A524M9E7,0.008
A0A7K4GLW5,0.008
A0A524F729,0.008
A0A497QZX9,0.008
A0A1Q9P780,0.008
A0A523RUU4,0.008
A0A842TAK7,0.008
A0A135VBT4,0.008
A0A1Q9NN74,0.008
A0A3L6JDT8,0.008
A0A850MN33,0.008
A0A135VAE8,0.008
A0A532TH60,0.008
A0A523R854,0.008
A0A7K4CQ01,0.008
A0A850MQP0,0.008
A0A842VTS0,0.008
A0A5C9ELU0,0.008
A0A523VZV8,0.008
A0A5B9DAF8,0.008
A0A0F8W2J6,0.008
A0A497QSH4,0.008
A0A532TZ75,0.008
A0A524EVI7,0.008
A0A5C9ERC1,0.008
A0A524F7G2,0.008
A0A497PJP9,0.008
A0A523REG9,0.008
A0A1Q9NXS3,0.008
A0A524FXJ8,0.008
A0A1Q9P244,0.008
A0A842TE29,0.008
A0A1Q9NT23,0.008
A0A7K4GLU7,0.008
A0A524FSI4,0.008
A0A0F8VCW4,0.008
A0A3L6JHK3,0.008
A0A524DCH7,0.008
A0A850LRX7,0.008
A0A135VEG7,0.008
A0A497PS36,0.008
A0A524EVA5,0.008
A0A524FA78,0.008
A0A524FH24,0.008
A0A497PI35,0.008
A0A1Q9NJK3,0.008
A0A524CR96,0.008
A0A7K4H9K4,0.008
A0A524FMM2,0.008
A0A524M4V1,0.008
A0A524EFT4,0.008
A0A524CJZ1,0.008
A0A524EMZ2,0.008
A0A842W557,0.008
A0A842RLW4,0.008
A0A5C9EV57,0.008
A0A524EGG4,0.008
A0A1Q9MWT8,0.008
A0A523R880,0.008
A0A524M9S0,0.008
A0A3L6JM96,0.008
A0A524D6W7,0.008
A0A497QHK3,0.008
A0A524D960,0.008
A0A524FW97,0.008
A0A497QPB2,0.008
A0A532TLF2,0.008
A0A842TIG9,0.008
A0A135VMT6,0.008
A0A135VZM1,0.008
A0A7K4GT93,0.008
A0A523XPB1,0.008
A0A850M953,0.008
A0A850M6J2,0.008
A0A7K4H9F2,0.008
A0A1Q9P6N2,0.008
A0A5C9EG38,0.008
A0A842VVP4,0.008
A0A497PD60,0.008
A0A523VT11,0.008
A0A524EF64,0.008
A0A0F8WCL2,0.008
A0A842RM39,0.008
A0A497QYV0,0.008
A0A524MBH5,0.008
A0A1Q9NG80,0.008
A0A850ME47,0.008
A0A0F8VMW2,0.008
A0A7K4H3N3,0.008
A0A523S284,0.008
A0A524F6Y0,0.008
A0A842U2C5,0.008
A0A850MBS6,0.008
A0A524CVG2,0.008
A0A524DA30,0.008
A0A524MIE1,0.008
A0A3L6JAM3,0.008
A0A524ENH9,0.008
A0A524M8I8,0.008
A0A850MER9,0.008
A0A842QJV5,0.008
A0A524CZS9,0.008
A0A1Q9MU08,0.008
A0A524LM22,0.008
A0A7K4HGY4,0.008
A0A842YHB0,0.008
A0A7K4H2X1,0.008
A0A850LXI2,0.008
A0A524CMU7,0.008
A0A497PXE2,0.008
A0A523RDX9,0.008
A0A524G1D5,0.008
A0A2E9CDS8,0.008
A0A5C9E5A7,0.008
A0A0F8XSF6,0.008
A0A5C9E162,0.008
A0A5C9E7X1,0.008
A0A524D5U2,0.008
A0A524DSP2,0.008
A0A524CSD6,0.008
A0A5B9D724,0.008
A0A524ET92,0.008
A0A524F3E6,0.007
A0A842VRF1,0.007
A0A0F8VEE2,0.007
A0A524CRF6,0.007
A0A497QSU9,0.007
A0A1Q9NWU0,0.007
A0A842VG91,0.007
A0A524EF13,0.007
A0A850MTH7,0.007
A0A3L6JIH3,0.007
A0A3L6JL86,0.007
A0A524DWH7,0.007
A0A842YAT9,0.007
A0A842V9U1,0.007
A0A497QEU4,0.007
A0A849QDX6,0.007
A0A850M2E6,0.007
A0A850LS61,0.007
A0A524CIH9,0.007
A0A497PTL0,0.007
A0A497QN66,0.007
A0A842U7T5,0.007
A0A842YCD4,0.007
A0A524C2M7,0.007
A0A532TXY0,0.007
A0A5B9D776,0.007
A0A7K4IFV6,0.007
A0A1Q9PCA1,0.007
A0A842QGF2,0.007
A0A0F8Y8R1,0.007
A0A850MFW4,0.007
A0A135VZF5,0.007
A0A524E3M5,0.007
A0A842W4C6,0.007
A0A5C9EKY1,0.007
A0A7K4GVD8,0.007
A0A524G2R0,0.007
A0A497RA78,0.007
A0A532TYM0,0.007
A0A5C9E024,0.007
A0A5B9DFZ4,0.007
A0A524EF11,0.007
A0A5B9DBI4,0.007
A0A524DWX3,0.007
A0A2U3CD42,0.007
A0A497PGL8,0.007
A0A497QRX6,0.007
A0A497PTI1,0.007
A0A842QFQ1,0.007
A0A497PJ62,0.007
A0A497QK48,0.007
A0A5C9EIP0,0.007
A0A524LJM8,0.007
A0A842VYK5,0.007
A0A842QFW6,0.007
A0A497QS68,0.007
A0A5C9EXV7,0.007
A0A524CT54,0.007
A0A7K4CRL4,0.007
A0A524EPI9,0.007
A0A1Q9N4L8,0.007
A0A532T7D1,0.007
A0A524M4K1,0.007
A0A850LXJ3,0.007
A0A524F1W3,0.007
A0A843BSB7,0.007
A0A2U3CI30,0.007
A0A524EMV2,0.007
A0A842WMC8,0.007
A0A524F9A5,0.007
A0A523TPI1,0.007
A0A850MNC4,0.007
A0A842WNF9,0.007
A0A0F8VIN2,0.007
A0A523TG55,0.007
A0A3L6JBK0,0.007
A0A2U3CC05,0.007
A0A523S2W8,0.007
A0A850MNA0,0.007
A0A842VX98,0.007
A0A7K4H7L6,0.007
A0A842S1H5,0.007
A0A3L6JP60,0.007
A0A1Q9NWR6,0.007
A0A497QLT7,0.007
A0A850MCG7,0.007
A0A497Q1V7,0.007
A0A7K4IBI2,0.007
A0A524CZF0,0.007
A0A842QCU4,0.007
A0A2U3CG88,0.007
A0A2E9CFQ8,0.007
A0A524FB46,0.007
A0A7K4HKF2,0.007
A0A523S3F1,0.007
A0A135VYI7,0.007
A0A850LU95,0.007
A0A524DFK8,0.007
A0A135VD93,0.007
A0A497QWI0,0.007
A0A3L6JRA6,0.007
A0A497QIY9,0.007
A0A524DQM7,0.007
A0A5C9EIK1,0.007
A0A5C9DX59,0.007
A0A524FRA3,0.007
A0A524ED55,0.007
A0A524ER63,0.007
A0A497QSV7,0.007
A0A842T334,0.007
A0A7K4H632,0.007
A0A497Q1I0,0.007
A0A3L6JRB9,0.007
A0A1Q9NC77,0.007
A0A524CYV5,0.007
A0A497QLW5,0.007
A0A523RMK6,0.007
A0A5C9EWX3,0.007
A0A842T545,0.007
A0A842RLJ6,0.007
A0A524G1H0,0.007
A0A524C9X0,0.007
A0A497Q6I6,0.007
A0A524C5B8,0.007
A0A497QDA7,0.007
A0A497QKS9,0.007
A0A842THE5,0.007
A0A497QHB3,0.007
A0A523RTA8,0.007
A0A524FET4,0.007
A0A524FNE4,0.007
A0A842QJS5,0.007
A0A524G7T3,0.007
A0A497QMK1,0.007
A0A1Q9NXP4,0.007
A0A842VTF3,0.007
A0A1Q9PCL2,0.007
A0A7K4H7Q0,0.007
A0A842YDC4,0.007
A0A842SZ46,0.007
A0A7K4CY56,0.007
A0A524C956,0.007
A0A842VSD5,0.007
A0A524CC16,0.007
A0A1Q9P055,0.007
A0A842T8X0,0.007
A0A497PYQ7,0.007
A0A842QFL8,0.007
A0A135VU97,0.007
A0A842TKJ2,0.007
A0A524EQZ7,0.007
A0A7K4HIZ8,0.007
A0A524DIM6,0.007
A0A842T3I7,0.007
A0A842WP53,0.007
A0A524DK94,0.007
A0A524F8C0,0.007
A0A1Q9P4Z7,0.007
A0A523RWN7,0.007
A0A1Q9PA18,0.007
A0A1Q9NCQ4,0.007
A0A1Q9NUZ0,0.007
A0A842TVK7,0.007
A0A850MMM3,0.007
A0A1Q9NQN1,0.007
A0A532THJ1,0.007
A0A524C9V0,0.007
A0A842UA52,0.007
A0A842VM05,0.007
A0A497Q1M1,0.007
A0A1Q9NSL4,0.007
A0A850M812,0.007
A0A5C9EAF7,0.007
A0A524CDS2,0.007
A0A842WYQ2,0.007
A0A1Q9NEA0,0.007
A0A524L6N3,0.007
A0A842T7E9,0.007
A0A850LTC1,0.007
A0A524DZV7,0.007
A0A7K4CY48,0.007
A0A523S157,0.007
A0A497PSC0,0.007
A0A1Q9NPC8,0.007
A0A5C9EE00,0.007
A0A850M8L4,0.007
A0A523S169,0.007
A0A524DTX6,0.007
A0A850M2J4,0.007
A0A842T8J7,0.007
A0A842RYM2,0.007
A0A842QGG4,0.007
A0A842WSY4,0.007
A0A3L6J6V0,0.007
A0A0F8WDB4,0.007
A0A524C3A4,0.007
A0A1Q9NN80,0.007
A0A523R807,0.007
A0A135VT19,0.007
A0A497QK33,0.007
A0A842T464,0.007
A0A523RHX8,0.007
A0A1Q9NLN2,0.007
A0A842VLB5,0.007
A0A1Q9NKE2,0.007
A0A1Q9NY02,0.007
A0A497Q5X3,0.007
A0A524FAW3,0.007
A0A524CDI8,0.007
A0A524CZU8,0.007
A0A523S2B7,0.007
A0A524DKY7,0.007
A0A849Q9F2,0.007
A0A7K4HBK9,0.007
A0A532TS50,0.007
A0A1Q9NFN9,0.007
A0A1Q9PE57,0.007
A0A524CB54,0.007
A0A842YI44,0.007
A0A1Q9MSI4,0.007
A0A135VXE8,0.007
A0A850MJD8,0.007
A0A135VFU9,0.007
A0A2U3CL35,0.007
A0A524G909,0.007
A0A1Q9PEF2,0.007
A0A523RY19,0.007
A0A135VIL2,0.007
A0A842VRL7,0.007
A0A1Q9PD58,0.007
A0A842RNA2,0.007
A0A0F8YBV5,0.007
A0A524CH35,0.007
A0A7K4D0B5,0.007
A0A842U523,0.007
A0A524E837,0.007
A0A1Q9NNE2,0.007
A0A3L6JPQ6,0.007
A0A842U2V4,0.007
A0A523X738,0.007
A0A524DB10,0.007
A0A5C9EW50,0.007
A0A497Q6T4,0.007
A0A524EZJ1,0.007
A0A0F8VKD9,0.007
A0A135VM49,0.007
A0A842VZQ6,0.007
A0A135VZ81,0.007
A0A3L6J8W3,0.007
A0A842VJC6,0.007
A0A850MEU8,0.007
A0A842WWR3,0.007
A0A842R7J1,0.007
A0A842R6D4,0.007
A0A524CQJ6,0.007
A0A7K4ICW0,0.007
A0A5B9D6N7,0.007
A0A3L6JM51,0.007
A0A7K4ID20,0.007
A0A524DKV5,0.007
A0A850MPF9,0.007
A0A842TMC6,0.007
A0A524D140,0.007
A0A850MRP0,0.007
A0A1Q9NDC7,0.007
A0A497PEU0,0.007
A0A135VFH2,0.007
A0A524LBP3,0.007
A0A850LTN8,0.007
A0A0F8VYK9,0.007
A0A3L6JJA5,0.007
A0A842U6M9,0.007
A0A524FPK4,0.007
A0A7K4HLF8,0.007
A0A850MVW5,0.007
A0A1Q9NZ20,0.007
A0A497QG01,0.007
A0A524C281,0.007
A0A524LCB3,0.007
A0A3L6JH91,0.007
A0A532TKQ6,0.007
A0A1Q9N328,0.007
A0A523RUY8,0.007
A0A524DMJ3,0.007
A0A842RTZ9,0.007
A0A523XKV8,0.007
A0A524EDP2,0.007
A0A524DHW2,0.007
A0A524EX29,0.007
A0A842RK79,0.007
A0A497Q5W3,0.007
A0A3L6J7D8,0.007
A0A524FMR2,0.007
A0A842TM03,0.007
A0A3L6JIV0,0.007
A0A7K4CMS4,0.007
A0A842WTP2,0.007
A0A524D6B6,0.007
A0A842S4P8,0.007
A0A532TKL1,0.007
A0A5C9ETM6,0.007
A0A842T666,0.007
A0A532TJE0,0.007
A0A7K4CML9,0.007
A0A842YFK0,0.007
A0A842VNX9,0.007
A0A5B9DFF3,0.007
A0A523RLI1,0.007
A0A7K4CPQ1,0.007
A0A524E8M7,0.007
A0A1Q9P7Z9,0.007
A0A524DUT8,0.007
A0A497PHU2,0.007
A0A842WVE5,0.007
A0A524DZH2,0.007
A0A7K4HIW7,0.007
A0A0F8VG79,0.007
A0A497QJ29,0.007
A0A497QY25,0.007
A0A524D4A5,0.007
A0A0F8V6P0,0.007
A0A5C9EKP6,0.007
A0A5C9EDB5,0.007
A0A497PUJ7,0.007
A0A850M5V0,0.007
A0A842VU19,0.007
A0A135VB24,0.007
A0A524LQX9,0.007
A0A135VH37,0.007
A0A842WLX3,0.007
A0A524CH10,0.007
A0A497PA99,0.007
A0A0F8V9G3,0.007
A0A524GBT0,0.007
A0A524LIW1,0.007
A0A523TN39,0.007
A0A497R0P7,0.007
A0A5C9F1G7,0.007
A0A523RAV0,0.007
A0A850M3V5,0.007
A0A524EH64,0.007
A0A497QE86,0.007
A0A523XFR9,0.007
A0A524FJX4,0.007
A0A3L6JGR0,0.007
A0A842VYZ4,0.007
A0A524CJL6,0.007
A0A842S550,0.007
A0A5C9E5P7,0.007
A0A523TAP5,0.007
A0A524DWS8,0.007
A0A135VZE9,0.007
A0A524EUD9,0.007
A0A523RCB8,0.007
A0A523RDI3,0.007
A0A5C9EFP3,0.007
A0A843BU28,0.007
A0A524LHL5,0.007
A0A850MH95,0.007
A0A497PMJ8,0.007
A0A524D5R5,0.007
A0A7K4IBE9,0.007
A0A842VRQ9,0.007
A0A5C9EBW5,0.007
A0A497R2P2,0.007
A0A135VKK6,0.007
A0A5B9DAS4,0.007
A0A524FQ28,0.007
A0A2U3CBV0,0.007
A0A1Q9NDP1,0.007
A0A842RA05,0.007
A0A524CVZ7,0.007
A0A524CYP5,0.007
A0A1Q9PDC4,0.007
A0A842VHW4,0.007
A0A524DZV6,0.007
A0A850LQW2,0.007
A0A842RDZ3,0.007
A0A1Q9N2F9,0.007
A0A524E1I4,0.007
A0A524C2I1,0.007
A0A1Q9NHX2,0.007
A0A842T6W9,0.007
A0A135VIW0,0.007
A0A524DGG4,0.007
A0A7K4HLA1,0.007
A0A524D8I0,0.007
A0A5B9DEU6,0.007
A0A5C9ELY6,0.007
A0A497QJG1,0.007
A0A1Q9MZM8,0.007
A0A850M0S1,0.007
A0A2U3CGM6,0.007
A0A5B9DDS3,0.007
A0A497R5S0,0.007
A0A497QKZ6,0.007
A0A524D3V2,0.007
A0A842S5A5,0.007
A0A842SC24,0.007
A0A7K4D0Z9,0.007
A0A524FVH3,0.007
A0A7K4H3V1,0.007
A0A5C9EW64,0.007
A0A7K4H340,0.007
A0A7K4H1S1,0.007
A0A5C9E0Z7,0.007
A0A524EZX7,0.007
A0A524LC61,0.007
A0A524CK79,0.007
A0A1Q9N2V3,0.007
A0A0F8YBS9,0.007
A0A497PIH7,0.007
A0A842YBT7,0.007
A0A497QPQ9,0.007
A0A842YAY1,0.007
A0A524DPL9,0.007
A0A524CYT7,0.007
A0A524CPS7,0.007
A0A842VVX7,0.007
A0A135VE40,0.007
A0A842T1X3,0.007
A0A1Q9PC17,0.007
A0A532T9T7,0.007
A0A1Q9NW87,0.007
A0A3L6JIS3,0.007
A0A3L6JI02,0.007
A0A523RKE5,0.007
A0A842T2K1,0.007
A0A1Q9NV85,0.007
A0A7K4CUM7,0.007
A0A7K4GM13,0.007
A0A842TLR1,0.007
A0A524EE05,0.007
A0A524FAD0,0.007
A0A842T4S6,0.007
A0A524LBN0,0.007
A0A532T9C9,0.007
A0A5C9F043,0.007
A0A497PKI2,0.007
A0A842WUZ3,0.007
A0A524D4S5,0.007
A0A2U3CD91,0.007
A0A5C9E482,0.007
A0A842T0D4,0.007
A0A0F8XRH7,0.007
A0A7K4CNB5,0.007
A0A5B9DC12,0.007
A0A842TGC8,0.007
A0A524EB41,0.007
A0A524EHV4,0.007
A0A842RDN1,0.007
A0A524DSK3,0.007
A0A1Q9P2V0,0.007
A0A5C9EUS9,0.007
A0A524F1N1,0.007
A0A850M461,0.007
A0A524E0F1,0.007
A0A1Q9P719,0.007
A0A497QLN4,0.007
A0A842X0F2,0.007
A0A532TIG0,0.007
A0A842R9H4,0.007
A0A497QMF5,0.007
A0A532TRH9,0.007
A0A524F3R3,0.007
A0A497QFQ0,0.007
A0A524FC62,0.007
A0A524EZ13,0.007
A0A7K4D1J1,0.007
A0A842VI91,0.007
A0A524F9X4,0.007
A0A842RF11,0.007
A0A524CMV1,0.007
A0A524FZL3,0.007
A0A524EVU9,0.007
A0A523XI68,0.007
A0A5B9DEN8,0.007
A0A850M037,0.007
A0A842TMU0,0.007
A0A524D1L1,0.007
A0A524FHV1,0.007
A0A524E1Y7,0.007
A0A7K4CXW5,0.007
A0A135VG40,0.007
A0A5C9EL61,0.007
A0A524D438,0.007
A0A135VC18,0.007
A0A524CS39,0.007
A0A5C9F379,0.007
A0A842WYG7,0.007
A0A3L6JLZ6,0.007
A0A524C9U7,0.007
A0A842TCV1,0.007
A0A849QE38,0.007
A0A842TIN9,0.007
A0A5B9DEM3,0.007
A0A524FAB4,0.007
A0A3L6JKZ8,0.007
A0A5C9E0Z8,0.007
A0A524CZU4,0.007
A0A524EJK8,0.007
A0A7K4GZU5,0.007
A0A7K4D0H0,0.007
A0A3L6JJS8,0.007
A0A7K4GWI3,0.007
A0A524CQA1,0.007
A0A7K4H189,0.007
A0A532TKS2,0.007
A0A524EKZ3,0.007
A0A7K4GUZ6,0.007
A0A524FQ81,0.007
A0A7K4IBH8,0.007
A0A497PEM6,0.007
A0A532TBL8,0.007
A0A524MJJ5,0.007
A0A5B9D989,0.007
A0A7K4CZ14,0.007
A0A524CY81,0.007
A0A5B9DDK9,0.007
A0A850LST5,0.007
A0A842TF35,0.007
A0A850MDY2,0.007
A0A5C9DZG3,0.007
A0A524CE85,0.007
A0A850MJZ3,0.007
A0A842TF65,0.007
A0A524FPV9,0.007
A0A0F8VWH9,0.007
A0A523VZB7,0.007
A0A524DNN5,0.007
A0A1Q9P222,0.007
A0A850LR81,0.007
A0A849QIG9,0.007
A0A842VL54,0.007
A0A497RAH7,0.007
A0A850LSL7,0.007
A0A524DE70,0.007
A0A1Q9P5A2,0.007
A0A5C9DW80,0.007
A0A524CI77,0.007
A0A497QVJ9,0.007
A0A1Q9NTN0,0.007
A0A5C9E4W3,0.007
A0A524P652,0.007
A0A849QE77,0.007
A0A849Q9C9,0.007
A0A842QI98,0.007
A0A850M7Y5,0.007
A0A842VKQ1,0.007
A0A523RA37,0.007
A0A523TN09,0.007
A0A1Q9P193,0.007
A0A1Q9N195,0.007
A0A523W100,0.007
A0A850MWE9,0.007
A0A497QWW5,0.007
A0A524NY09,0.007
A0A5B9DBD3,0.007
A0A5B9D8Z8,0.007
A0A842W0I0,0.007
A0A842TR74,0.007
A0A523RIL6,0.007
A0A497QFQ6,0.007
A0A524CR42,0.007
A0A850MKD8,0.007
A0A524LUA3,0.007
A0A524LME5,0.007
A0A849Q5C3,0.007
A0A849QGG9,0.007
A0A842QHU3,0.007
A0A524EXA0,0.007
A0A532TMW4,0.007
A0A842Y9B2,0.007
A0A497QC49,0.007
A0A523VQX1,0.007
A0A524EM74,0.007
A0A5C9ECS3,0.007
A0A497PIK4,0.007
A0A523TCV7,0.007
A0A842WN76,0.007
A0A497R5B7,0.007
A0A524CA98,0.007
A0A135VD44,0.007
A0A5C9EUM5,0.007
A0A524M3L5,0.007
A0A524CEU0,0.007
A0A532TSM3,0.007
A0A1Q9NX45,0.007
A0A7K4CV40,0.007
A0A524D053,0.007
A0A524CZ02,0.007
A0A842T9D3,0.007
A0A524E0Z0,0.007
A0A5C9EKZ3,0.007
A0A524DVZ0,0.007
A0A2E9CEN0,0.007
A0A2E9CG43,0.007
A0A497PTT9,0.007
A0A842V8U8,0.007
A0A5C9E7X6,0.007
A0A842RGI3,0.007
A0A524FPB7,0.007
A0A524EBP8,0.007
A0A497QLL7,0.007
A0A497PID3,0.007
A0A1Q9PC44,0.007
A0A7K4H9X9,0.007
A0A1Q9NUG2,0.007
A0A497QS97,0.007
A0A843BYJ4,0.007
A0A7K4IA55,0.007
A0A523RE10,0.007
A0A524EPR8,0.007
A0A532TUL8,0.007
A0A532TAV5,0.007
A0A524FSM7,0.007
A0A497PMN6,0.007
A0A523SBM9,0.007
A0A523RI61,0.007
A0A7K4H8B2,0.007
A0A524C9P1,0.007
A0A524MGF5,0.007
A0A524F660,0.007
A0A5C9DXD1,0.007
A0A524DZ41,0.007
A0A849QJ33,0.007
A0A523VTD7,0.007
A0A7K4GZ52,0.007
A0A1Q9NLI1,0.007
A0A497QHX3,0.007
A0A524E3L2,0.007
A0A1Q9N0V6,0.007
A0A524E5S4,0.007
A0A524LD37,0.007
A0A5C9EEQ5,0.007
A0A523VRU7,0.007
A0A842YBE0,0.007
A0A524FVQ3,0.007
A0A842W2N7,0.007
A0A849QBX5,0.007
A0A1Q9NUU0,0.007
A0A7K4HHI2,0.007
A0A2U3CEG4,0.007
A0A1Q9MR92,0.007
A0A524F2W4,0.007
A0A842TWQ9,0.007
A0A532TYJ6,0.007
A0A1Q9NAX7,0.007
A0A524D354,0.007
A0A842QKY4,0.007
A0A842TFB5,0.007
A0A3L6JPH8,0.007
A0A532T6Z5,0.007
A0A497P9K9,0.007
A0A532TPG3,0.007
A0A849QFY6,0.007
A0A524F9B2,0.007
A0A523TF99,0.007
A0A842TQB8,0.007
A0A842YDS9,0.007
A0A523X672,0.007
A0A497QJH5,0.007
A0A524D5M6,0.007
A0A1Q9NI30,0.007
A0A524L6W3,0.007
A0A1Q9PAX3,0.007
A0A5C9EMH8,0.007
A0A842T377,0.007
A0A497QXK8,0.007
A0A524CLY5,0.007
A0A1Q9NMH5,0.007
A0A524M2T7,0.007
A0A842VQS2,0.007
A0A1Q9NCY5,0.007
A0A1Q9NED3,0.007
A0A497R9R7,0.007
A0A842RIK0,0.007
A0A497PJ34,0.007
A0A497QN65,0.007
A0A7K4GYY8,0.007
A0A1Q9NE18,0.007
A0A523W0Z3,0.007
A0A7K4D1S7,0.007
A0A1Q9N9A9,0.007
A0A523RY49,0.007
A0A524FXG5,0.007
A0A5C9EF39,0.007
A0A1Q9MV19,0.007
A0A524FWW8,0.007
A0A135VHX4,0.007
A0A497QGK5,0.007
A0A5C9ETF2,0.007
A0A1Q9NS80,0.007
A0A0F8VYV0,0.007
A0A524C6G5,0.007
A0A524GAM4,0.007
A0A524DGM5,0.007
A0A524M3X6,0.007
A0A497QIY5,0.007
A0A1Q9N4V6,0.007
A0A5C9EK21,0.007
A0A1Q9P3L9,0.007
A0A842RQ26,0.007
A0A842VZ75,0.007
A0A842TFW7,0.007
A0A524E7U6,0.007
A0A7K4GW86,0.007
A0A7K4D1B5,0.007
A0A7K4HGM8,0.007
A0A523RYU1,0.007
A0A7K4GVW8,0.007
A0A524MIA4,0.007
A0A1Q9NDA9,0.007
A0A7K4HER9,0.007
A0A135VIM7,0.007
A0A842YGT3,0.007
A0A135VGG8,0.007
A0A524MDZ8,0.007
A0A842QH85,0.007
A0A524LCY7,0.007
A0A850MU13,0.007
A0A524FHH7,0.007
A0A5C9E3W7,0.007
A0A842RZ31,0.007
A0A497PR19,0.007
A0A7K4IEG6,0.006
A0A524LBD6,0.006
A0A524C773,0.006
A0A5C9E9C5,0.006
A0A135VKG9,0.006
A0A842T401,0.006
A0A7K4GVQ5,0.006
A0A5C9DYC9,0.006
A0A842WWD7,0.006
A0A842RZW1,0.006
A0A524EEK8,0.006
A0A842S4X3,0.006
A0A497QVI0,0.006
A0A524EQI8,0.006
A0A524P3H6,0.006
A0A7K4H6T4,0.006
A0A523S6R5,0.006
A0A135VTN0,0.006
A0A524LCX7,0.006
A0A524CZZ5,0.006
A0A849QDR9,0.006
A0A1Q9PG38,0.006
A0A7K4CZL3,0.006
A0A523TS76,0.006
A0A842YFN7,0.006
A0A3L6JD07,0.006
A0A524ESA1,0.006
A0A523S1E0,0.006
A0A532TRN5,0.006
A0A524FHY5,0.006
A0A524D385,0.006
A0A135VAX7,0.006
A0A497Q0J4,0.006
A0A842T321,0.006
A0A135VK49,0.006
A0A497PF98,0.006
A0A524FQZ7,0.006
A0A524F7G9,0.006
A0A524D2Y8,0.006
A0A3L6JPE8,0.006
A0A524FD27,0.006
A0A850MNE7,0.006
A0A7K4CUL2,0.006
A0A497R0C3,0.006
A0A3L6JF23,0.006
A0A135VQX6,0.006
A0A1Q9MTD6,0.006
A0A1Q9NLJ9,0.006
A0A1Q9N4T0,0.006
A0A1Q9NS07,0.006
A0A3L6JLS9,0.006
A0A2E9CGB2,0.006
A0A524LLY7,0.006
A0A523VSZ0,0.006
A0A524LMN1,0.006
A0A842TF06,0.006
A0A523VS97,0.006
A0A497R7N9,0.006
A0A842WUH5,0.006
A0A7K4HIX7,0.006
A0A1Q9NPQ5,0.006
A0A850MSH4,0.006
A0A497Q962,0.006
A0A524L5Q5,0.006
A0A842TDI0,0.006
A0A3L6JH36,0.006
A0A7K4HHA6,0.006
A0A523RPK2,0.006
A0A2U3CEU4,0.006
A0A523X7L7,0.006
A0A7C0U8M9,0.006
A0A524EE50,0.006
A0A5B9DEJ4,0.006
A0A1Q9N354,0.006
A0A7K4HFH7,0.006
A0A524E776,0.006
A0A842W489,0.006
A0A0F8XE62,0.006
A0A842RDK0,0.006
A0A524FC66,0.006
A0A135VE65,0.006
A0A1Q9N1M8,0.006
A0A849Q8Z1,0.006
A0A523RUU2,0.006
A0A842YDK0,0.006
A0A497QUB5,0.006
A0A3L6JJC8,0.006
A0A842RU71,0.006
A0A842VQ72,0.006
A0A523SAW0,0.006
A0A842VFK0,0.006
A0A842YAW2,0.006
A0A5C9EUM2,0.006
A0A842T7S5,0.006
A0A524D5N3,0.006
A0A842VUY5,0.006
A0A850LXZ6,0.006
A0A524FSB0,0.006
A0A842QLK2,0.006
A0A497Q7B5,0.006
A0A7K4HHF4,0.006
A0A524CGQ9,0.006
A0A524F7H0,0.006
A0A524G8N7,0.006
A0A524CPV0,0.006
A0A5C9E389,0.006
A0A7K4CUL9,0.006
A0A524CJR0,0.006
A0A532TQW3,0.006
A0A5B9DCI4,0.006
A0A850MJ72,0.006
A0A524DQG8,0.006
A0A524ECU8,0.006
A0A842YEQ8,0.006
A0A850LWR1,0.006
A0A5C9EFY9,0.006
A0A1Q9P8Y2,0.006
A0A842VB96,0.006
A0A497PRR5,0.006
A0A5B9D6A5,0.006
A0A3L6JJB1,0.006
A0A497RE85,0.006
A0A524EL80,0.006
A0A135VT59,0.006
A0A497QKC9,0.006
A0A5C9ENH8,0.006
A0A850MRZ8,0.006
A0A5C9F3R4,0.006
A0A842QE22,0.006
A0A1Q9MUL1,0.006
A0A1Q9NQ92,0.006
A0A1Q9NJA1,0.006
A0A523VPK7,0.006
A0A7K4GXI6,0.006
A0A135VB80,0.006
A0A842TNJ7,0.006
A0A842RY53,0.006
A0A5C9E0V5,0.006
A0A524NYZ1,0.006
A0A7K4IBP6,0.006
A0A1Q9N397,0.006
A0A524DNH4,0.006
A0A0F8YA67,0.006
A0A524CUG9,0.006
A0A497PIN3,0.006
A0A842W6D6,0.006
A0A842W774,0.006
A0A7K4D0N6,0.006
A0A524G0F3,0.006
A0A523VQ87,0.006
A0A1Q9NNM0,0.006
A0A532T9H6,0.006
A0A524FVR3,0.006
A0A5C9E2P4,0.006
A0A850LWA5,0.006
A0A524M185,0.006
A0A5C9EG22,0.006
A0A7K4HIK1,0.006
A0A842U508,0.006
A0A524FNV4,0.006
A0A524EJN3,0.006
A0A497PLM1,0.006
A0A524G7J0,0.006
A0A523RR67,0.006
A0A135VKI7,0.006
A0A524LNK9,0.006
A0A842TB64,0.006
A0A5C9DYL3,0.006
A0A842VKV8,0.006
A0A524CAX2,0.006
A0A524DNN9,0.006
A0A842S0Y2,0.006
A0A524D2W6,0.006
A0A850MLD3,0.006
A0A524CJQ3,0.006
A0A5C9EYP2,0.006
A0A135VM15,0.006
A0A524FY75,0.006
A0A532TVH9,0.006
A0A135VTS6,0.006
A0A5C9DWS8,0.006
A0A524LCG9,0.006
A0A7K4CMP3,0.006
A0A5C9ESV0,0.006
A0A1Q9NNW8,0.006
A0A842QDC0,0.006
A0A5C9E3S0,0.006
A0A5C9DZB9,0.006
A0A1Q9P8X1,0.006
A0A497QSJ4,0.006
A0A524E6Z7,0.006
A0A850MU46,0.006
A0A1Q9NRZ4,0.006
A0A842QIQ2,0.006
A0A842YD32,0.006
A0A5C9E8Q1,0.006
A0A497PLJ6,0.006
A0A5C9F0F7,0.006
A0A524CRC6,0.006
A0A842TMT8,0.006
A0A523W0J2,0.006
A0A524CSU4,0.006
A0A524EEY2,0.006
A0A3L6JK64,0.006
A0A524FPP9,0.006
A0A842U273,0.006
A0A524FSL5,0.006
A0A524EEB8,0.006
A0A842SAN0,0.006
A0A0F8Y175,0.006
A0A497PG40,0.006
A0A7K4CS34,0.006
A0A524F6X9,0.006
A0A2E9CCP0,0.006
A0A524G815,0.006
A0A1Q9NYS9,0.006
A0A842W1W8,0.006
A0A5C9EFP9,0.006
A0A0F8XW84,0.006
A0A5C9E7F4,0.006
A0A842TDB3,0.006
A0A842TP27,0.006
A0A842S348,0.006
A0A1Q9MTR8,0.006
A0A5C9E5D8,0.006
A0A850LW73,0.006
A0A497QXQ7,0.006
A0A842WXF1,0.006
A0A842T724,0.006
A0A524F981,0.006
A0A524FP09,0.006
A0A5C9DT14,0.006
A0A3L6JQ65,0.006
A0A524LII3,0.006
A0A497QUJ2,0.006
A0A524G9A5,0.006
A0A842QER0,0.006
A0A524FDJ0,0.006
A0A842TT01,0.006
A0A524CMA4,0.006
A0A1Q9P0B5,0.006
A0A850LVA1,0.006
A0A524DA19,0.006
A0A850MDT3,0.006
A0A524ED62,0.006
A0A0F8Y1P8,0.006
A0A842TLS9,0.006
A0A524DLC9,0.006
A0A497QZ62,0.006
A0A850LVI4,0.006
A0A7K4H6M2,0.006
A0A524FB12,0.006
A0A850LSQ5,0.006
A0A523R962,0.006
A0A5C9DZC0,0.006
A0A842S1C7,0.006
A0A5C9EJG8,0.006
A0A850M5H9,0.006
A0A524D2D2,0.006
A0A524LA42,0.006
A0A524EPP0,0.006
A0A842VWZ4,0.006
A0A7K4D004,0.006
A0A850M4Y1,0.006
A0A524DA75,0.006
A0A524CHC5,0.006
A0A524DTF2,0.006
A0A532TLK4,0.006
A0A497QI20,0.006
A0A497R177,0.006
A0A1Q9P9Z4,0.006
A0A1Q9PES0,0.006
A0A135VV53,0.006
A0A497QZR1,0.006
A0A524EGH0,0.006
A0A850MAU7,0.006
A0A842YF98,0.006
A0A524LKU8,0.006
A0A524CH91,0.006
A0A1Q9NBR6,0.006
A0A842S8P3,0.006
A0A5B9D8F3,0.006
A0A7K4D1H2,0.006
A0A842TRD3,0.006
A0A5C9EFQ0,0.006
A0A524P0M4,0.006
A0A135VHG3,0.006
A0A1Q9P7P3,0.006
A0A850MJH4,0.006
A0A842UE67,0.006
A0A3L6JEG0,0.006
A0A524G3N0,0.006
A0A524F7Y1,0.006
A0A7K4GP13,0.006
A0A0F8WBB8,0.006
A0A523RWR5,0.006
A0A524CTZ2,0.006
A0A5B9DAA5,0.006
A0A7K4CXM5,0.006
A0A842RG19,0.006
A0A1Q9P0K8,0.006
A0A1Q9NP67,0.006
A0A5B9DAH8,0.006
A0A524FD77,0.006
A0A7K4GZ63,0.006
A0A5C9E7S0,0.006
A0A1Q9NWG0,0.006
A0A1Q9MWG1,0.006
A0A524DI08,0.006
A0A850LYT0,0.006
A0A524EM80,0.006
A0A842REI1,0.006
A0A1Q9NTF9,0.006
A0A1Q9NT77,0.006
A0A842YB16,0.006
A0A5C9ERA5,0.006
A0A7K4D0J7,0.006
A0A524CGN1,0.006
A0A1Q9NL38,0.006
A0A524FU42,0.006
A0A524LLA0,0.006
A0A524EJH4,0.006
A0A1Q9N0C8,0.006
A0A5C9EV15,0.006
A0A1Q9NE02,0.006
A0A524M846,0.006
A0A5B9D7L8,0.006
A0A1Q9MQE4,0.006
A0A524DEI4,0.006
A0A842SUF0,0.006
A0A5C9EXP1,0.006
A0A524F305,0.006
A0A5C9DVA1,0.006
A0A497QTG4,0.006
A0A3L6JJW9,0.006
A0A524G1L4,0.006
A0A3L6JM86,0.006
A0A523S2U8,0.006
A0A7K4CNI3,0.006
A0A1Q9NIM5,0.006
A0A5C9DZD8,0.006
A0A2U3CDZ5,0.006
A0A1Q9MY40,0.006
A0A524EQ71,0.006
A0A1Q9P8E2,0.006
A0A524DH15,0.006
A0A524MAE5,0.006
A0A524F578,0.006
A0A524DF19,0.006
A0A5C9DV44,0.006
A0A524E9K7,0.006
A0A850LT58,0.006
A0A5C9E7C0,0.006
A0A2U3CC39,0.006
A0A842VJM6,0.006
A0A135VUJ7,0.006
A0A524DJ54,0.006
A0A524EA26,0.006
A0A524MAR0,0.006
A0A524EZ62,0.006
A0A7K4H6P5,0.006
A0A850LW46,0.006
A0A842W835,0.006
A0A850MAN9,0.006
A0A850MEU7,0.006
A0A523S4F2,0.006
A0A850MMD3,0.006
A0A5C9EQZ3,0.006
A0A524FTZ2,0.006
A0A842TPW8,0.006
A0A842U6Z8,0.006
A0A1Q9P080,0.006
A0A0F8Y3U5,0.006
A0A2U3CBJ3,0.006
A0A524CRD0,0.006
A0A524DGC5,0.006
A0A524CSH4,0.006
A0A532T7Q1,0.006
A0A524CNC3,0.006
A0A523VVS4,0.006
A0A1Q9NK90,0.006
A0A524D381,0.006
A0A523R8J0,0.006
A0A850M725,0.006
A0A135VR99,0.006
A0A497PAN6,0.006
A0A497RAN0,0.006
A0A1Q9N2G7,0.006
A0A524EAJ3,0.006
A0A7K4H194,0.006
A0A842VDG3,0.006
A0A523VRN8,0.006
A0A497R6H8,0.006
A0A850MAE9,0.006
A0A523REF5,0.006
A0A842QDH6,0.006
A0A7K4H0I7,0.006
A0A524CHM4,0.006
A0A7K4GTZ4,0.006
A0A524LMW8,0.006
A0A497QV34,0.006
A0A524CMG2,0.006
A0A842VFN1,0.006
A0A497QYD5,0.006
A0A842W0X3,0.006
A0A1Q9NR90,0.006
A0A843BYG0,0.006
A0A842VV44,0.006
A0A523XI57,0.006
A0A0F8W4I7,0.006
A0A850LW28,0.006
A0A497QAT7,0.006
A0A497QHQ5,0.006
A0A1Q9MQB9,0.006
A0A5C9DWI4,0.006
A0A524ESD1,0.006
A0A842QI38,0.006
A0A842QE98,0.006
A0A3L6JKU9,0.006
A0A497Q6Z1,0.006
A0A497QEY6,0.006
A0A497QTI6,0.006
A0A524DER9,0.006
A0A7K4CUS2,0.006
A0A842RJT9,0.006
A0A524FEA0,0.006
A0A523RSN3,0.006
A0A842VZ22,0.006
A0A3L6JIL7,0.006
A0A3L6J8B1,0.006
A0A850LYY0,0.006
A0A524DTS5,0.006
A0A524EQU4,0.006
A0A5C9F2J4,0.006
A0A1Q9N3X6,0.006
A0A842U0T6,0.006
A0A842VN31,0.006
A0A843BX22,0.006
A0A842VUJ7,0.006
A0A1Q9NQB1,0.006
A0A524CIA0,0.006
A0A2U3CBJ8,0.006
A0A5B9D6S8,0.006
A0A2U3CBU3,0.006
A0A2E9CGF1,0.006
A0A843C0X8,0.006
A0A2U3CJ59,0.006
A0A497PG74,0.006
A0A524FBT1,0.006
A0A532TQT0,0.006
A0A850LQD7,0.006
A0A842QEP0,0.006
A0A850M5U8,0.006
A0A135VSK9,0.006
A0A5B9D6V8,0.006
A0A524MGF4,0.006
A0A3L6JKB5,0.006
A0A524EFP9,0.006
A0A532TLJ3,0.006
A0A523XKK1,0.006
A0A842RPX3,0.006
A0A849QFC1,0.006
A0A842RE02,0.006
A0A5C9EE19,0.006
A0A850MSL0,0.006
A0A135VBY1,0.006
A0A850MDG3,0.006
A0A1Q9PDF3,0.006
A0A524FKM4,0.006
A0A3L6JBU9,0.006
A0A843BXD4,0.006
A0A1Q9P037,0.006
A0A3L6JDC7,0.006
A0A524F372,0.006
A0A524MGT0,0.006
A0A524CT46,0.006
A0A849QD69,0.006
A0A524FV75,0.006
A0A3L6J9F6,0.006
A0A842VIQ0,0.006
A0A523S1N7,0.006
A0A842TES3,0.006
A0A7K4GW43,0.006
A0A497Q988,0.006
A0A842QDJ5,0.006
A0A3L6JFV0,0.006
A0A850M4X5,0.006
A0A523THB4,0.006
A0A524P4P4,0.006
A0A7K4H207,0.006
A0A135VYV0,0.006
A0A497QJ93,0.006
A0A497Q6H3,0.006
A0A524DUE3,0.006
A0A135VPK1,0.006
A0A7K4H5D1,0.006
A0A524DJV4,0.006
A0A524EUK2,0.006
A0A3L6JAK6,0.006
A0A524CPE6,0.006
A0A7K4GJW6,0.006
A0A1Q9NYE6,0.006
A0A1Q9N966,0.006
A0A7K4H3N9,0.006
A0A5C9E426,0.006
A0A524L8K7,0.006
A0A524C9D8,0.006
A0A523RN64,0.006
A0A497QBJ6,0.006
A0A842RIF8,0.006
A0A524FRT3,0.006
A0A532TGL4,0.006
A0A524E9N9,0.006
A0A850MHE1,0.006
A0A497PJH2,0.006
A0A497PH60,0.006
A0A532TQY4,0.006
A0A524LEQ3,0.006
A0A842WQS0,0.006
A0A523TGI4,0.006
A0A7K4IH69,0.006
A0A135VR30,0.006
A0A524FLH3,0.006
A0A1Q9NGT1,0.006
A0A7K4IAM0,0.006
A0A3L6J7J3,0.006
A0A524C7D9,0.006
A0A3L6JIP3,0.006
A0A842R6W0,0.006
A0A497QMD6,0.006
A0A850MYZ7,0.006
A0A842RBR0,0.006
A0A5C9E648,0.006
A0A135VT06,0.006
A0A524CP21,0.006
A0A5C9DTY9,0.006
A0A850LVD7,0.006
A0A5C9E3F1,0.006
A0A1Q9MSU0,0.006
A0A842TQ07,0.006
A0A842VTN9,0.006
A0A1Q9N0J5,0.006
A0A524LGX5,0.006
A0A523R7R1,0.006
A0A1Q9MVV1,0.006
A0A1Q9NM48,0.006
A0A850LUD8,0.006
A0A524DMW2,0.006
A0A5C9E3V0,0.006
A0A842VWQ1,0.006
A0A135VZC8,0.006
A0A1Q9MYY9,0.006
A0A497R4D1,0.006
A0A850LWJ3,0.006
A0A497PCK9,0.006
A0A524E669,0.006
A0A3L6J971,0.006
A0A850MKF0,0.006
A0A1Q9NTT8,0.006
A0A1Q9NBZ0,0.006
A0A524D1J8,0.006
A0A1Q9N4H1,0.006
A0A850M366,0.006
A0A524DKN0,0.006
A0A524LD20,0.006
A0A135VMA4,0.006
A0A842WXQ9,0.006
A0A532T871,0.006
A0A2U3CBK6,0.006
A0A842TGN3,0.006
A0A842TF50,0.006
A0A0F8VAI7,0.006
A0A842WQ41,0.006
A0A135VUL1,0.006
A0A5C9EZ42,0.006
A0A524FS41,0.006
A0A842YC85,0.006
A0A5C9EHI9,0.006
A0A524MFA7,0.006
A0A842WUB0,0.006
A0A524DMZ9,0.006
A0A842S3L9,0.006
A0A842YE03,0.006
A0A524CXB9,0.006
A0A524LF82,0.006
A0A842TB31,0.006
A0A524E522,0.006
A0A842RQM9,0.006
A0A5C9DVR8,0.006
A0A497QNY7,0.006
A0A7K4H6D4,0.006
A0A7K4CYT2,0.006
A0A5C9EZ54,0.006
A0A842STW5,0.006
A0A842U4X8,0.006
A0A842T4H9,0.006
A0A1Q9NZ88,0.006
A0A524DN97,0.006
A0A5C9EHU3,0.006
A0A524LJK4,0.006
A0A524DVF1,0.006
A0A524CEJ3,0.006
A0A1Q9P3F4,0.006
A0A842VQL3,0.006
A0A524L7P5,0.006
A0A7K4GN44,0.006
A0A532T9J3,0.006
A0A524C8R5,0.006
A0A523RBM1,0.006
A0A7K4GTT0,0.006
A0A524EB77,0.006
A0A842VYM6,0.006
A0A524P0Z0,0.006
A0A850LWK8,0.006
A0A3L6JDJ2,0.006
A0A524NXM7,0.006
A0A1Q9MUS3,0.006
A0A5C9EXH1,0.006
A0A524D5W6,0.006
A0A5C9E954,0.006
A0A1Q9NTM8,0.006
A0A524CS22,0.006
A0A1Q9NTM4,0.006
A0A1Q9MSS0,0.006
A0A524G0E2,0.006
A0A1Q9NDF2,0.006
A0A524LLA9,0.006
A0A1Q9N371,0.006
A0A497R673,0.006
A0A3L6JFC3,0.006
A0A842WNK7,0.006
A0A1Q9N1L7,0.006
A0A5C9ED81,0.006
A0A524DYS4,0.006
A0A497PR23,0.006
A0A842YC32,0.006
A0A524P4R8,0.006
A0A524DCA2,0.006
A0A5C9EUA2,0.006
A0A524CGL5,0.006
A0A524FWE3,0.006
A0A7K4IEE0,0.006
A0A7K4GX58,0.006
A0A7K4GPD4,0.006
A0A524DPL4,0.006
A0A842VK64,0.006
A0A3L6J8N2,0.006
A0A497Q489,0.006
A0A524E7G6,0.006
A0A842VJ70,0.006
A0A1Q9PCX2,0.006
A0A532TVG9,0.006
A0A1Q9NFC8,0.006
A0A524C5Z3,0.006
A0A842VMT4,0.006
A0A497Q7R4,0.006
A0A524D8H6,0.006
A0A135VIF2,0.006
A0A5C9ENI8,0.006
A0A1Q9NUE2,0.006
A0A842RIU5,0.006
A0A524FV50,0.006
A0A7K4GR90,0.006
A0A3L6JE83,0.006
A0A524CPT7,0.006
A0A5B9DCU8,0.006
A0A1Q9NCQ1,0.006
A0A0F8XF36,0.006
A0A842YDX3,0.006
A0A524C314,0.006
A0A1Q9NU21,0.006
A0A842YB05,0.006
A0A135VYJ4,0.006
A0A5B9DCQ0,0.006
A0A524FMQ2,0.006
A0A532TKZ9,0.006
A0A1Q9P7P5,0.006
A0A524FGL4,0.006
A0A2E9CDF4,0.006
A0A523RRY6,0.006
A0A1Q9NGG0,0.006
A0A497QDI1,0.006
A0A497PUJ5,0.006
A0A842WVZ0,0.006
A0A524P3H0,0.006
A0A850LTV4,0.006
A0A7K4H2C6,0.006
A0A524CVF8,0.006
A0A850MEF7,0.006
A0A0F8Y7I3,0.006
A0A0F8Y719,0.006
A0A524F4K1,0.006
A0A1Q9NTY4,0.006
A0A842QCR3,0.006
A0A842SFZ9,0.006
A0A5B9DFX8,0.006
A0A532TBT1,0.006
A0A842QDQ2,0.006
A0A5C9EJQ0,0.006
A0A0F8VPH2,0.006
A0A2U3CEI3,0.006
A0A2U3CBG1,0.006
A0A135VV32,0.006
A0A842S250,0.006
A0A497QCD3,0.006
A0A7K4IBE7,0.006
A0A850LZ20,0.006
A0A3L6JGU4,0.006
A0A524LQ67,0.006
A0A524D6F6,0.006
A0A842WRP0,0.006
A0A7K4D0H1,0.006
A0A842U3T9,0.006
A0A532TBJ5,0.006
A0A524M7G3,0.006
A0A3L6JIE3,0.006
A0A524EI73,0.006
A0A523S089,0.006
A0A7K4H990,0.006
A0A135VYF9,0.006
A0A1Q9NWG2,0.006
A0A135VYY6,0.006
A0A1Q9PDS6,0.006
A0A523RQI6,0.006
A0A524L9M0,0.006
A0A524CT78,0.006
A0A524E8D7,0.006
A0A3L6JE40,0.006
A0A7K4CSS7,0.006
A0A523RY73,0.006
A0A2U3CDK8,0.006
A0A842T2F4,0.006
A0A842Q9R9,0.006
A0A524EJ63,0.006
A0A849QFA7,0.006
A0A1Q9NTL1,0.006
A0A5C9EXJ5,0.006
A0A842U3P6,0.006
A0A524FMB3,0.006
A0A524DL00,0.006
A0A524CEJ2,0.006
A0A5C9EUS1,0.006
A0A524CI24,0.006
A0A523R690,0.006
A0A497QKL7,0.006
A0A842TJ94,0.005
A0A7K4HEA6,0.005
A0A842VPP6,0.005
A0A5C9ERH8,0.005
A0A524G0T3,0.005
A0A7K4CYU1,0.005
A0A524CAZ1,0.005
A0A497QHZ6,0.005
A0A524E6B8,0.005
A0A524FSL9,0.005
A0A842SA92,0.005
A0A497QP26,0.005
A0A5C9E6X0,0.005
A0A524MM92,0.005
A0A524DEX7,0.005
A0A5C9EKG4,0.005
A0A842W6E6,0.005
A0A523X702,0.005
A0A497PVM7,0.005
A0A524F794,0.005
A0A842T227,0.005
A0A5C9E9D2,0.005
A0A135VG85,0.005
A0A842UEE7,0.005
A0A1Q9MZD1,0.005
A0A497R259,0.005
A0A5C9ECW4,0.005
A0A524CEG8,0.005
A0A497QSH1,0.005
A0A524CRL4,0.005
A0A524M7M5,0.005
A0A7K4HA01,0.005
A0A524G9F9,0.005
A0A532TVB9,0.005
A0A850MC74,0.005
A0A7K4HEP1,0.005
A0A524CR99,0.005
A0A497QEN4,0.005
A0A7K4CY22,0.005
A0A497QVG3,0.005
A0A0F8XPE1,0.005
A0A135VWK7,0.005
A0A842WWP2,0.005
A0A135VRP5,0.005
A0A842QJ82,0.005
A0A2E9CFM6,0.005
A0A842RTI7,0.005
A0A2U3CJU8,0.005
A0A7K4I9Z7,0.005
A0A523SC52,0.005
A0A524D275,0.005
A0A497Q4V3,0.005
A0A1Q9NQJ3,0.005
A0A850MHK2,0.005
A0A1Q9NAV2,0.005
A0A842VHM1,0.005
A0A5C9E3P2,0.005
A0A1Q9MYH1,0.005
A0A524DXH9,0.005
A0A842WLZ3,0.005
A0A7K4IF13,0.005
A0A7K4CSA9,0.005
A0A524C6M1,0.005
A0A532TWS8,0.005
A0A842T5J5,0.005
A0A524FKL2,0.005
A0A842T5K5,0.005
A0A7K4GU92,0.005
A0A3L6JNG9,0.005
A0A5C9EAF0,0.005
A0A524CGX0,0.005
A0A842QJN9,0.005
A0A524FGK8,0.005
A0A135VPJ5,0.005
A0A0F8VMS3,0.005
A0A7K4CY08,0.005
A0A524LHV9,0.005
A0A524ENJ4,0.005
A0A497PFH0,0.005
A0A523RZP1,0.005
A0A1Q9N961,0.005
A0A524DZ29,0.005
A0A135VUN2,0.005
A0A7K4IA17,0.005
A0A524C436,0.005
A0A524CB35,0.005
A0A5C9E953,0.005
A0A5C9E2K8,0.005
A0A3L6JQY7,0.005
A0A524EJW8,0.005
A0A7K4HF32,0.005
A0A0F8VH61,0.005
A0A7K4H4P3,0.005
A0A850MD06,0.005
A0A523XDB1,0.005
A0A524NSZ1,0.005
A0A523XPU4,0.005
A0A1Q9P1E1,0.005
A0A524LTM8,0.005
A0A524EL70,0.005
A0A842RAV7,0.005
A0A850MJF0,0.005
A0A842RPD7,0.005
A0A1Q9NAZ3,0.005
A0A5B9DBH5,0.005
A0A524DW06,0.005
A0A497QTN1,0.005
A0A523S2Z2,0.005
A0A1Q9NSD6,0.005
A0A3L6J7A0,0.005
A0A7K4ICE9,0.005
A0A7K4H7B7,0.005
A0A842WXK7,0.005
A0A7C0U873,0.005
A0A497QRY2,0.005
A0A1Q9P1H4,0.005
A0A3L6JI92,0.005
A0A135VIR7,0.005
A0A524MFT6,0.005
A0A524P402,0.005
A0A842TPX3,0.005
A0A497PPU6,0.005
A0A497PU36,0.005
A0A1Q9PF35,0.005
A0A5C9E5I9,0.005
A0A0F8W3N3,0.005
A0A1Q9NYE4,0.005
A0A1Q9N8I8,0.005
A0A3L6JGQ9,0.005
A0A524E2M8,0.005
A0A523RHW6,0.005
A0A532T8H2,0.005
A0A497P9R2,0.005
A0A5C9EAR9,0.005
A0A524C7F6,0.005
A0A5C9E925,0.005
A0A497QSM8,0.005
A0A842QF73,0.005
A0A842VRE5,0.005
A0A1Q9P0Y2,0.005
A0A5C9EVY1,0.005
A0A3L6JMM2,0.005
A0A7K4HEB6,0.005
A0A1Q9NKE4,0.005
A0A7K4HDT7,0.005
A0A7K4IBA1,0.005
A0A5C9E8E4,0.005
A0A842QEY5,0.005
A0A524EW81,0.005
A0A842QDF2,0.005
A0A1Q9P793,0.005
A0A3L6JRY5,0.005
A0A842YEU6,0.005
A0A532T889,0.005
A0A497PFK2,0.005
A0A5C9ETZ5,0.005
A0A524EAA9,0.005
A0A842RH41,0.005
A0A842QED3,0.005
A0A497QMR6,0.005
A0A524F8F0,0.005
A0A842SZ86,0.005
A0A7C0U8J1,0.005
A0A842RR59,0.005
A0A842SAN3,0.005
A0A523TFB0,0.005
A0A524G3A5,0.005
A0A842TBC4,0.005
A0A7K4GW21,0.005
A0A497QZL9,0.005
A0A7K4IAQ9,0.005
A0A524ENW1,0.005
A0A5C9EIP9,0.005
A0A5B9DG37,0.005
A0A524DXJ2,0.005
A0A524E9Q5,0.005
A0A532TTN3,0.005
A0A842X0X8,0.005
A0A524CWR1,0.005
A0A524CC33,0.005
A0A1Q9PDD2,0.005
A0A1Q9PG33,0.005
A0A850MR67,0.005
A0A497PPN2,0.005
A0A5C9EIQ2,0.005
A0A5C9E2A0,0.005
A0A842TAB9,0.005
A0A842WVW0,0.005
A0A524EM79,0.005
A0A842TEI6,0.005
A0A7K4GRR9,0.005
A0A0F8VGT1,0.005
A0A524FNF0,0.005
A0A842RE25,0.005
A0A523W2U6,0.005
A0A497PPG9,0.005
A0A1Q9P859,0.005
A0A524FFZ1,0.005
A0A842QE25,0.005
A0A1Q9PCL3,0.005
A0A842RLF9,0.005
A0A1Q9MTC3,0.005
A0A5C9DYK6,0.005
A0A843BT06,0.005
A0A5C9EY27,0.005
A0A1Q9P671,0.005
A0A842RMZ4,0.005
A0A1Q9NA47,0.005
A0A135VCE2,0.005
A0A524LRI3,0.005
A0A523RCX3,0.005
A0A7K4HIS4,0.005
A0A1Q9P1Z5,0.005
A0A135VJ22,0.005
A0A850LYZ7,0.005
A0A524CN54,0.005
A0A5C9EXJ1,0.005
A0A842RBP1,0.005
A0A524D8L8,0.005
A0A1Q9NGN7,0.005
A0A850M476,0.005
A0A842TIZ1,0.005
A0A7K4GM01,0.005
A0A497QQZ0,0.005
A0A1Q9P403,0.005
A0A524LNW6,0.005
A0A0F8VD54,0.005
A0A524F6F5,0.005
A0A842VK05,0.005
A0A523RSX7,0.005
A0A3L6JIQ0,0.005
A0A850MH90,0.005
A0A524D6D1,0.005
A0A497R276,0.005
A0A3L6JJP6,0.005
A0A842V885,0.005
A0A524E975,0.005
A0A842WSE0,0.005
A0A5C9EET1,0.005
A0A5C9E7L1,0.005
A0A842W433,0.005
A0A7K4H1K4,0.005
A0A842VGM2,0.005
A0A7K4IAY4,0.005
A0A524DBH4,0.005
A0A5C9ELZ4,0.005
A0A1Q9MVL1,0.005
A0A0F8YDI9,0.005
A0A497Q361,0.005
A0A1Q9MRS4,0.005
A0A1Q9NWR9,0.005
A0A842W015,0.005
A0A842RFV9,0.005
A0A3L6JB79,0.005
A0A524E1V0,0.005
A0A3L6JHV4,0.005
A0A7K4GTT6,0.005
A0A5C9E931,0.005
A0A524FHD7,0.005
A0A842TP58,0.005
A0A0F8YDD4,0.005
A0A842VQS3,0.005
A0A497PFS6,0.005
A0A135VRL8,0.005
A0A842YET9,0.005
A0A842RHR8,0.005
A0A7K4HE48,0.005
A0A497PW58,0.005
A0A850ML04,0.005
A0A843BT64,0.005
A0A7K4GXX6,0.005
A0A1Q9P3S7,0.005
A0A842WR35,0.005
A0A842U424,0.005
A0A2U3CBL7,0.005
A0A842VQV7,0.005
A0A1Q9MQL6,0.005
A0A532T928,0.005
A0A3L6JPD8,0.005
A0A524EMB3,0.005
A0A1Q9NWE5,0.005
A0A850MR91,0.005
A0A524EJM8,0.005
A0A850MHL2,0.005
A0A497P9T5,0.005
A0A497QL93,0.005
A0A524LLZ5,0.005
A0A7K4HJ04,0.005
A0A842U891,0.005
A0A842VY92,0.005
A0A523RDF2,0.005
A0A524D1J0,0.005
A0A3L6JMD5,0.005
A0A850M3Z6,0.005
A0A497QKA8,0.005
A0A7K4HDA9,0.005
A0A524F6I2,0.005
A0A1Q9NVR5,0.005
A0A497QPG5,0.005
A0A842RSQ1,0.005
A0A7K4CRX9,0.005
A0A523RYJ3,0.005
A0A842RAR5,0.005
A0A523TMX6,0.005
A0A850M429,0.005
A0A524G8G8,0.005
A0A842VKQ0,0.005
A0A524FRJ4,0.005
A0A523RH30,0.005
A0A850MMS5,0.005
A0A3L6JB96,0.005
A0A497Q3E0,0.005
A0A1Q9NHB5,0.005
A0A843C3N9,0.005
A0A1Q9NUN9,0.005
A0A850MTS6,0.005
A0A7K4H9D1,0.005
A0A524M0X6,0.005
A0A135VBJ4,0.005
A0A497PHZ2,0.005
A0A1Q9MZL7,0.005
A0A524E9C8,0.005
A0A7K4D055,0.005
A0A523X7M4,0.005
A0A524G2N2,0.005
A0A842SBQ7,0.005
A0A524EC65,0.005
A0A1Q9NWV3,0.005
A0A497PT78,0.005
A0A523RAU2,0.005
A0A5B9DDD9,0.005
A0A497QJ82,0.005
A0A842QHH6,0.005
A0A524FSW4,0.005
A0A1Q9NLE3,0.005
A0A524CUE4,0.005
A0A5B9D8T8,0.005
A0A3L6JES7,0.005
A0A524G1I4,0.005
A0A135VPJ9,0.005
A0A850LSA4,0.005
A0A5C9E6W3,0.005
A0A1Q9NI22,0.005
A0A497PFS9,0.005
A0A497R1R8,0.005
A0A842RPT8,0.005
A0A7K4D194,0.005
A0A5C9DXN6,0.005
A0A532TCD7,0.005
A0A135VQ38,0.005
A0A7K4HKJ4,0.005
A0A7K4HEX1,0.005
A0A842TSR5,0.005
A0A497PY35,0.005
A0A0F8VAW6,0.005
A0A524CY46,0.005
A0A850LRK7,0.005
A0A524CRJ2,0.005
A0A5C9EQK3,0.005
A0A842VZZ3,0.005
A0A524CIX5,0.005
A0A135VTJ8,0.005
A0A842T1A7,0.005
A0A5C9EX87,0.005
A0A1Q9NYB5,0.005
A0A850MGX7,0.005
A0A523XFV3,0.005
A0A7K4HAB9,0.005
A0A497R949,0.005
A0A842YD91,0.005
A0A7K4HG79,0.005
A0A5B9DAI9,0.005
A0A850LWT3,0.005
A0A842W3P6,0.005
A0A850MCT8,0.005
A0A7K4CS73,0.005
A0A497QDG9,0.005
A0A524FXC9,0.005
A0A1Q9N1D9,0.005
A0A850M3A4,0.005
A0A1Q9N0F4,0.005
A0A842QEH0,0.005
A0A135VVY9,0.005
A0A842QD72,0.005
A0A524CRI9,0.005
A0A842WVF8,0.005
A0A524FD95,0.005
A0A0F8VLY3,0.005
A0A523RZI1,0.005
A0A1Q9MRK8,0.005
A0A5B9D734,0.005
A0A842UFH8,0.005
A0A842WVQ7,0.005
A0A524M3T3,0.005
A0A3L6JJB4,0.005
A0A523RUA4,0.005
A0A497PL10,0.005
A0A523S083,0.005
A0A523S0M5,0.005
A0A7K4CY93,0.005
A0A524DS38,0.005
A0A5C9EWF8,0.005
A0A524FEJ5,0.005
A0A497PMZ6,0.005
A0A135VSN4,0.005
A0A524LIG2,0.005
A0A524DKX6,0.005
A0A5C9EU86,0.005
A0A842QIC7,0.005
A0A3L6JGT1,0.005
A0A1Q9PAN1,0.005
A0A0F8XJS9,0.005
A0A524NWH4,0.005
A0A524D8T5,0.005
A0A842U3N3,0.005
A0A843BQT9,0.005
A0A523R721,0.005
A0A1Q9N053,0.005
A0A5B9DH50,0.005
A0A497QMN8,0.005
A0A842VDC7,0.005
A0A524EES5,0.005
A0A524E6B9,0.005
A0A3L6JJG9,0.005
A0A524CPQ2,0.005
A0A842QH93,0.005
A0A532TYP1,0.005
A0A7K4H1H6,0.005
A0A1Q9N484,0.005
A0A524DXA5,0.005
A0A524E6X0,0.005
A0A524G2H8,0.005
A0A1Q9PCQ6,0.005
A0A524FYB7,0.005
A0A1Q9N4R9,0.005
A0A524DVZ3,0.005
A0A1Q9NH35,0.005
A0A7K4CQV3,0.005
A0A524CQV7,0.005
A0A5C9EA76,0.005
A0A842QF31,0.005
A0A1Q9P0Q3,0.005
A0A532TFL5,0.005
A0A7C0YAF9,0.005
A0A523XKP7,0.005
A0A497QJF1,0.005
A0A842W1S7,0.005
A0A524EKX6,0.005
A0A497Q4I3,0.005
A0A1Q9NVS3,0.005
A0A5C9EDW0,0.005
A0A5C9EG19,0.005
A0A0F8W5G3,0.005
A0A3L6JDH7,0.005
A0A1Q9PFJ0,0.005
A0A524EAP4,0.005
A0A5C9E381,0.005
A0A497PPH2,0.005
A0A523S1B0,0.005
A0A497QVF6,0.005
A0A842RYY8,0.005
A0A524CJL8,0.005
A0A524CV06,0.005
A0A850MNK0,0.005
A0A7K4CX50,0.005
A0A7K4IGA8,0.005
A0A2U3CDK9,0.005
A0A524ENV0,0.005
A0A842VP08,0.005
A0A524D7T4,0.005
A0A5C9E5D5,0.005
A0A497R7P0,0.005
A0A523VTG7,0.005
A0A524C2L7,0.005
A0A497QCX6,0.005
A0A524D2K1,0.005
A0A524FK98,0.005
A0A842SCU8,0.005
A0A7K4HFS4,0.005
A0A5B9D7T0,0.005
A0A523TGK2,0.005
A0A842VRV5,0.005
A0A497R611,0.005
A0A135VQ49,0.005
A0A532TLJ5,0.005
A0A1Q9PF67,0.005
A0A7K4IE78,0.005
A0A524F8Z7,0.005
A0A135VSV5,0.005
A0A497QBA6,0.005
A0A0F8VCG7,0.005
A0A524FZ45,0.005
A0A524E0J7,0.005
A0A524FMQ0,0.005
A0A524MGB1,0.005
A0A1Q9NSV2,0.005
A0A7K4GVL0,0.005
A0A1Q9NSI5,0.005
A0A524CZC6,0.005
A0A1Q9N1D2,0.005
A0A524LGU8,0.005
A0A1Q9N0L0,0.005
A0A5C9EMP9,0.005
A0A497Q8P7,0.005
A0A7K4CXN5,0.005
A0A524C924,0.005
A0A524LRR7,0.005
A0A2U3CED3,0.005
A0A842TIL9,0.005
A0A135VJX4,0.005
A0A2U3CGK4,0.005
A0A524ETD2,0.005
A0A842T437,0.005
A0A524DF61,0.005
A0A7K4GSB6,0.005
A0A842T0E1,0.005
A0A7K4H607,0.005
A0A524EQB0,0.005
A0A5C9EJ44,0.005
A0A3L6JPE0,0.005
A0A1Q9N1B4,0.005
A0A842W3X6,0.005
A0A5C9E9R0,0.005
A0A5B9D9B1,0.005
A0A842WRS7,0.005
A0A497QG82,0.005
A0A524CCK3,0.005
A0A524DDI1,0.005
A0A843BVN1,0.005
A0A5B9DCH1,0.005
A0A3L6JJQ5,0.005
A0A135VTD4,0.005
A0A3L6JL40,0.005
A0A842RJM0,0.005
A0A497R539,0.005
A0A7K4IDU2,0.005
A0A3L6JLZ9,0.005
A0A523RIC5,0.005
A0A842TSS7,0.005
A0A842VHH8,0.005
A0A5C9E8E6,0.005
A0A1Q9NW94,0.005
A0A524CRI8,0.005
A0A524CR47,0.005
A0A497QR52,0.005
A0A5B9DCR6,0.005
A0A523RX56,0.005
A0A524EQ85,0.005
A0A497PXU6,0.005
A0A524DY65,0.005
A0A7K4GPX8,0.005
A0A5C9EYT2,0.005
A0A524D855,0.005
A0A850MTM7,0.005
A0A497QBN0,0.005
A0A1Q9N9S6,0.005
A0A5C9EJ24,0.005
A0A524E578,0.005
A0A7K4GRE8,0.005
A0A524FW13,0.005
A0A3L6JQ99,0.005
A0A524CBK7,0.005
A0A524FWT4,0.005
A0A7K4D139,0.005
A0A7K4CXF3,0.005
A0A532TR89,0.005
A0A3L6JAK1,0.005
A0A524D3B5,0.005
A0A842TJN7,0.005
A0A2U3CD66,0.005
A0A5C9EG40,0.005
A0A3L6JFU6,0.005
A0A524DUE6,0.005
A0A5C9EB43,0.005
A0A849QC06,0.005
A0A5C9DZJ2,0.005
A0A523VR73,0.005
A0A524EQ16,0.005
A0A2E9CDJ9,0.005
A0A850MNJ2,0.005
A0A524EB61,0.005
A0A135VYC2,0.005
A0A0F8VD60,0.005
A0A135VYK2,0.005
A0A842QDA5,0.005
A0A5C9E5S0,0.005
A0A1Q9PBV5,0.005
A0A524C343,0.005
A0A524CMU6,0.005
A0A7K4HKC8,0.005
A0A524DP85,0.005
A0A1Q9NKU6,0.005
A0A842W2A2,0.005
A0A850MMD8,0.005
A0A524DD03,0.005
A0A842VGC2,0.005
A0A850MM61,0.005
A0A0F8XEB5,0.005
A0A523S9H7,0.005
A0A7K4HA37,0.005
A0A843BQ86,0.005
A0A850LSQ6,0.005
A0A5C9EG59,0.005
A0A497R020,0.005
A0A497PPG1,0.005
A0A7K4GTZ7,0.005
A0A532TZ74,0.005
A0A5B9DFE4,0.005
A0A842YCI1,0.005
A0A842T0H8,0.005
A0A524C289,0.005
A0A523S100,0.005
A0A842YDL8,0.005
A0A524E1E5,0.005
A0A842VT87,0.005
A0A842YDW2,0.005
A0A524CFV6,0.005
A0A850M8M0,0.005
A0A7K4H7T3,0.005
A0A5B9DFG2,0.005
A0A524CA16,0.005
A0A135VNB0,0.005
A0A850M3C9,0.005
A0A5C9E8Y3,0.005
A0A5C9ER21,0.005
A0A524FM56,0.005
A0A5C9EW28,0.005
A0A1Q9P5C5,0.005
A0A850MGA1,0.005
A0A1Q9NM01,0.005
A0A5C9EPC0,0.005
A0A524E6F2,0.005
A0A842S6B4,0.005
A0A1Q9MV01,0.005
A0A842WWZ8,0.005
A0A135VBE1,0.005
A0A524D3M1,0.005
A0A524DKM0,0.005
A0A842YDD4,0.005
A0A524LDT5,0.005
A0A842YBJ6,0.005
A0A524MA68,0.005
A0A843C4U0,0.005
A0A1Q9NUJ0,0.005
A0A842VLD2,0.005
A0A842YE35,0.005
A0A497P9E6,0.005
A0A5C9E8Q3,0.005
A0A842S268,0.005
A0A524LWH9,0.005
A0A524LUP5,0.005
A0A842YAK3,0.005
A0A497QV92,0.005
A0A850M816,0.005
A0A7K4H7Y0,0.005
A0A842VTA2,0.005
A0A7K4CU35,0.005
A0A524D2K6,0.005
A0A497PNX8,0.005
A0A497PIN2,0.005
A0A7K4HH62,0.005
A0A135VLI7,0.005
A0A5B9D7N2,0.005
A0A523TGS1,0.005
A0A7K4IEF4,0.005
A0A7K4ICA0,0.005
A0A524E1P7,0.005
A0A5B9D9Q5,0.005
A0A850LS15,0.005
A0A497PRC5,0.005
A0A524EU46,0.005
A0A523RE36,0.005
A0A842VFR7,0.005
A0A523VXN6,0.005
A0A3L6JK88,0.005
A0A497PMI5,0.005
A0A842RH22,0.005
A0A5C9EW26,0.005
A0A524DVA8,0.005
A0A5C9EG85,0.005
A0A842V9H7,0.005
A0A5B9D7W5,0.005
A0A523RHA4,0.005
A0A524F4I8,0.005
A0A524F8D1,0.005
A0A523XFL2,0.005
A0A497QQY6,0.005
A0A532TDG4,0.005
A0A524LE98,0.005
A0A5B9DDA9,0.005
A0A524DZF7,0.005
A0A7K4CWA8,0.005
A0A842QIX2,0.005
A0A524GC47,0.005
A0A524EKT9,0.005
A0A5C9EDU5,0.005
A0A524LXW7,0.005
A0A5C9END1,0.005
A0A842VP43,0.005
A0A497QPE2,0.005
A0A842QKU6,0.005
A0A523R6D0,0.005
A0A523W2L1,0.005
A0A524FT14,0.005
A0A523R605,0.005
A0A524D0Y6,0.005
A0A524MET0,0.005
A0A524D0F1,0.005
A0A524DHN6,0.005
A0A1Q9NMU2,0.005
A0A497QPA0,0.005
A0A5C9E781,0.005
A0A497QFD2,0.005
A0A135VSE7,0.005
A0A524G1T2,0.005
A0A523R9Q5,0.005
A0A524EZB5,0.005
A0A0F8XQ28,0.005
A0A524CEW3,0.005
A0A2U3CGB0,0.005
A0A2U3CJT7,0.005
A0A842RYR2,0.005
A0A497QMP4,0.005
A0A497QXW9,0.005
A0A523R9N6,0.005
A0A497PMX5,0.005
A0A524LLD6,0.005
A0A842QFG1,0.005
A0A3L6JFW7,0.005
A0A524F476,0.005
A0A5C9EM88,0.005
A0A2U3CFP2,0.005
A0A850MQP1,0.005
A0A524EK43,0.005
A0A842RT06,0.005
A0A524DNE5,0.005
A0A524EEE6,0.005
A0A497PG59,0.005
A0A0F8XDI6,0.004
A0A135VLR9,0.004
A0A842T4F0,0.004
A0A7K4GUE6,0.004
A0A523RBA8,0.004
A0A842VEG3,0.004
A0A1Q9NG02,0.004
A0A524C6I0,0.004
A0A849QHM3,0.004
A0A524DMA0,0.004
A0A524D3X9,0.004
A0A497PA05,0.004
A0A532TF04,0.004
A0A135VWT8,0.004
A0A1Q9NY67,0.004
A0A497PAS0,0.004
A0A850LRT5,0.004
A0A842VGS8,0.004
A0A5C9EP06,0.004
A0A7K4IBQ5,0.004
A0A524M9Z5,0.004
A0A5B9D7F3,0.004
A0A497RAS1,0.004
A0A1Q9MUT4,0.004
A0A524DTJ4,0.004
A0A842T2Z2,0.004
A0A1Q9NWC2,0.004
A0A7K4HHJ4,0.004
A0A523RWZ7,0.004
A0A0F8VP97,0.004
A0A5B9D915,0.004
A0A523VPQ2,0.004
A0A524M776,0.004
A0A5C9F2Q2,0.004
A0A5C9DWM0,0.004
A0A532TIG9,0.004
A0A5C9E8T9,0.004
A0A0F8VDZ7,0.004
A0A842U8E0,0.004
A0A524FW05,0.004
A0A842S1M4,0.004
A0A135VCP6,0.004
A0A5B9D7Q2,0.004
A0A524D3M2,0.004
A0A497PSG3,0.004
A0A497PGY9,0.004
A0A524DQL1,0.004
A0A1Q9NZ59,0.004
A0A524F519,0.004
A0A850MS27,0.004
A0A842TLE2,0.004
A0A850MQV9,0.004
A0A849QFD9,0.004
A0A523RVY1,0.004
A0A843C151,0.004
A0A5C9E4V1,0.004
A0A2E9CFB9,0.004
A0A1Q9NPC0,0.004
A0A5C9EWU0,0.004
A0A497PKN5,0.004
A0A842WTF1,0.004
A0A497Q1F7,0.004
A0A5C9DZ16,0.004
A0A1Q9NL35,0.004
A0A5C9EZS8,0.004
A0A7K4H891,0.004
A0A524EGN3,0.004
A0A524F069,0.004
A0A524CYG8,0.004
A0A135VRM3,0.004
A0A1Q9N271,0.004
A0A2U3CJ99,0.004
A0A497R3F9,0.004
A0A524F2B3,0.004
A0A7K4H082,0.004
A0A7K4HGK1,0.004
A0A497QYT2,0.004
A0A842RMY8,0.004
A0A135VXV9,0.004
A0A1Q9NJ95,0.004
A0A524GC26,0.004
A0A2U3CBW4,0.004
A0A842SXI3,0.004
A0A842TQT8,0.004
A0A850LUV6,0.004
A0A524EMN1,0.004
A0A497PSZ0,0.004
A0A135VRX1,0.004
A0A7K4CYU8,0.004
A0A524FUP0,0.004
A0A524G2N1,0.004
A0A7K4CTV2,0.004
A0A5C9EF32,0.004
A0A524EH80,0.004
A0A497QUR5,0.004
A0A497QMH5,0.004
A0A524CY53,0.004
A0A1Q9PFH2,0.004
A0A524FEA1,0.004
A0A5C9EZQ4,0.004
A0A5C9ELP9,0.004
A0A524CYD8,0.004
A0A524C6A9,0.004
A0A5C9EIL6,0.004
A0A524G0S2,0.004
A0A524EQB8,0.004
A0A523TH96,0.004
A0A524F7N0,0.004
A0A524EV97,0.004
A0A524EMD2,0.004
A0A7K4GJU7,0.004
A0A5C9EV40,0.004
A0A5C9ELV2,0.004
A0A5C9E9J1,0.004
A0A5C9EM81,0.004
A0A135VBI8,0.004
A0A523TRM3,0.004
A0A5C9E3Q6,0.004
A0A7K4GW46,0.004
A0A5C9EQM3,0.004
A0A842YCV5,0.004
A0A524DUY2,0.004
A0A497PFG5,0.004
A0A524EIM6,0.004
A0A524DYA1,0.004
A0A497PD24,0.004
A0A3L6J868,0.004
A0A5C9E1I9,0.004
A0A850LU75,0.004
A0A5B9DDD8,0.004
A0A524DJF3,0.004
A0A850LUD0,0.004
A0A842YEP1,0.004
A0A7K4GVZ8,0.004
A0A2U3CDH3,0.004
A0A842QGC6,0.004
A0A5C9E6Y5,0.004
A0A1Q9NPI4,0.004
A0A842TC33,0.004
A0A497PK37,0.004
A0A497PUQ4,0.004
A0A524EYQ3,0.004
A0A842RNH8,0.004
A0A7K4IBL0,0.004
A0A524LIF4,0.004
A0A850MJQ0,0.004
A0A497R2E2,0.004
A0A7K4IEF1,0.004
A0A5C9EYD0,0.004
A0A523VZX4,0.004
A0A5B9D5L1,0.004
A0A524FK89,0.004
A0A1Q9MWU9,0.004
A0A1Q9MWC3,0.004
A0A5B9D841,0.004
A0A5C9F2W1,0.004
A0A135VUA5,0.004
A0A524G3L2,0.004
A0A0F8XWT4,0.004
A0A524DVU7,0.004
A0A524DGA3,0.004
A0A497QDA9,0.004
A0A497PXC3,0.004
A0A135VGR0,0.004
A0A5B9D5H2,0.004
A0A842RXD5,0.004
A0A7K4CR53,0.004
A0A842YBX4,0.004
A0A7K4GJR9,0.004
A0A7K4GLW1,0.004
A0A7K4H0K9,0.004
A0A1Q9NY11,0.004
A0A1Q9P4U1,0.004
A0A1Q9MXD8,0.004
A0A850MIS6,0.004
A0A524EG87,0.004
A0A842TRK7,0.004
A0A497Q9D3,0.004
A0A842WXR3,0.004
A0A842W2A3,0.004
A0A524CFT3,0.004
A0A524GB61,0.004
A0A842U6X6,0.004
A0A523RE05,0.004
A0A849Q863,0.004
A0A842YB86,0.004
A0A524CTM8,0.004
A0A524E1A6,0.004
A0A842RVW3,0.004
A0A7K4H5C1,0.004
A0A524LK56,0.004
A0A5C9EV48,0.004
A0A524FF56,0.004
A0A524E5K3,0.004
A0A5C9ERQ1,0.004
A0A7K4CW26,0.004
A0A5B9D7S8,0.004
A0A524CR52,0.004
A0A5C9E7D5,0.004
A0A843BQI0,0.004
A0A5B9D674,0.004
A0A3L6JHA8,0.004
A0A532TG57,0.004
A0A524EAV0,0.004
A0A1Q9NPQ4,0.004
A0A524G3A7,0.004
A0A842QGH6,0.004
A0A0F8XRW6,0.004
A0A524DLI3,0.004
A0A497PZP9,0.004
A0A850MRJ4,0.004
A0A1Q9N2T8,0.004
A0A7K4HEC7,0.004
A0A7K4CYX0,0.004
A0A5C9E1C8,0.004
A0A1Q9NE24,0.004
A0A7C0U8H8,0.004
A0A524DAB3,0.004
A0A7K4ICM1,0.004
A0A523RHJ6,0.004
A0A497QNG3,0.004
A0A524DYV8,0.004
A0A2U3CJA4,0.004
A0A497PRK7,0.004
A0A850M1W9,0.004
A0A497R7Z9,0.004
A0A524GBQ7,0.004
A0A497QI84,0.004
A0A5C9DX57,0.004
A0A524D2S9,0.004
A0A523X662,0.004
A0A524FM25,0.004
A0A497Q2H6,0.004
A0A1Q9NTF7,0.004
A0A524CGQ3,0.004
A0A1Q9MW94,0.004
A0A842SBJ3,0.004
A0A842RED6,0.004
A0A842VIR5,0.004
A0A842YDJ0,0.004
A0A524LXX7,0.004
A0A5C9EI17,0.004
A0A524DSL3,0.004
A0A497PJL4,0.004
A0A7K4CS76,0.004
A0A1Q9P936,0.004
A0A524CXV5,0.004
A0A524DUH3,0.004
A0A7K4GU25,0.004
A0A524DIV3,0.004
A0A5C9EMA9,0.004
A0A5C9E2N7,0.004
A0A1Q9MZ55,0.004
A0A0F8Y826,0.004
A0A7K4GX88,0.004
A0A532TS41,0.004
A0A524E6X6,0.004
A0A524CL60,0.004
A0A843BSZ7,0.004
A0A3L6JSZ3,0.004
A0A524M1T3,0.004
A0A7K4IHG4,0.004
A0A1Q9MT66,0.004
A0A497PDC4,0.004
A0A524L8D8,0.004
A0A850MFB2,0.004
A0A524M0G0,0.004
A0A497QQL5,0.004
A0A523XFF6,0.004
A0A7K4H767,0.004
A0A842T5A1,0.004
A0A523VSA5,0.004
A0A1Q9MYW1,0.004
A0A849QEF0,0.004
A0A842VX62,0.004
A0A850MCD0,0.004
A0A842RAX2,0.004
A0A524CCF6,0.004
A0A1Q9P2X4,0.004
A0A7K4D050,0.004
A0A7K4D1V6,0.004
A0A524FQ13,0.004
A0A1Q9NNM9,0.004
A0A842RB23,0.004
A0A842VM45,0.004
A0A849QEN4,0.004
A0A497PD63,0.004
A0A850M900,0.004
A0A524CRE7,0.004
A0A3L6JM27,0.004
A0A524FIN2,0.004
A0A524CIQ6,0.004
A0A497P9C7,0.004
A0A842R896,0.004
A0A7K4IC45,0.004
A0A497Q633,0.004
A0A524F6V4,0.004
A0A842WTW1,0.004
A0A1Q9N8M1,0.004
A0A842QD98,0.004
A0A523RUJ8,0.004
A0A524D7W6,0.004
A0A842YEL9,0.004
A0A523R9K0,0.004
A0A1Q9NKN2,0.004
A0A7K4H5E4,0.004
A0A497QQ08,0.004
A0A524C2Y9,0.004
A0A523VUW1,0.004
A0A524DTZ4,0.004
A0A524G4H7,0.004
A0A524MCX5,0.004
A0A497PBT9,0.004
A0A497PUA4,0.004
A0A497QK46,0.004
A0A7K4H303,0.004
A0A850MND7,0.004
A0A5C9EM25,0.004
A0A135VYQ7,0.004
A0A1Q9NAZ6,0.004
A0A7K4GLZ1,0.004
A0A524DVW0,0.004
A0A0F8Y228,0.004
A0A524P4R1,0.004
A0A497QFH0,0.004
A0A3L6JPK0,0.004
A0A524FH57,0.004
A0A524C220,0.004
A0A524F095,0.004
A0A5B9DDS9,0.004
A0A1Q9NTV0,0.004
A0A842YBC0,0.004
A0A842QI27,0.004
A0A7K4CV57,0.004
A0A497QPX8,0.004
A0A7K4HBW1,0.004
A0A524GBB2,0.004
A0A523RSB3,0.004
A0A524CNZ1,0.004
A0A524DTN0,0.004
A0A5C9E5C1,0.004
A0A842VSB4,0.004
A0A842WY68,0.004
A0A842VU62,0.004
A0A523RDP2,0.004
A0A135VE97,0.004
A0A5C9EVS3,0.004
A0A850M3F2,0.004
A0A497PRW7,0.004
A0A1Q9NW05,0.004
A0A1Q9PFD7,0.004
A0A497QJU6,0.004
A0A523RUR7,0.004
A0A524F4U7,0.004
A0A3L6JRA4,0.004
A0A524LBT9,0.004
A0A523S069,0.004
A0A497R506,0.004
A0A524ETS1,0.004
A0A497QNX6,0.004
A0A7K4H9J6,0.004
A0A5C9DZ77,0.004
A0A497Q1T2,0.004
A0A524FGD8,0.004
A0A3L6J6P3,0.004
A0A497QD93,0.004
A0A850M3J8,0.004
A0A497QSY1,0.004
A0A497QK93,0.004
A0A524L786,0.004
A0A524FHS8,0.004
A0A524CRY7,0.004
A0A5C9EYX8,0.004
A0A1Q9NQS8,0.004
A0A523RWK9,0.004
A0A850LVW2,0.004
A0A524LAH4,0.004
A0A842VQS6,0.004
A0A2U3CGA7,0.004
A0A7K4IAC3,0.004
A0A1Q9NW54,0.004
A0A497QJE7,0.004
A0A532TBV4,0.004
A0A1Q9P563,0.004
A0A497Q5V2,0.004
A0A1Q9PCF6,0.004
A0A842VBM8,0.004
A0A850MJM1,0.004
A0A524P2M4,0.004
A0A523VS46,0.004
A0A0F8XTJ8,0.004
A0A497QAN4,0.004
A0A7K4CVC6,0.004
A0A135VX95,0.004
A0A0F8XVR9,0.004
A0A524D4X9,0.004
A0A523RWE2,0.004
A0A7K4HL01,0.004
A0A532TW81,0.004
A0A1Q9NWQ1,0.004
A0A524DGD4,0.004
A0A842WNI0,0.004
A0A524FAJ3,0.004
A0A850LVD1,0.004
A0A850MMM2,0.004
A0A523X9P6,0.004
A0A523X8K7,0.004
A0A7K4HES7,0.004
A0A2U3CHD7,0.004
A0A1Q9NFB5,0.004
A0A523S198,0.004
A0A842TIA6,0.004
A0A842S7J8,0.004
A0A0F8XXK4,0.004
A0A497PTM6,0.004
A0A850MM55,0.004
A0A842TLP0,0.004
A0A7K4GVR1,0.004
A0A524E867,0.004
A0A842W452,0.004
A0A524CWM7,0.004
A0A0F8YAG3,0.004
A0A523X8G8,0.004
A0A524CMU3,0.004
A0A524C3Q8,0.004
A0A1Q9P944,0.004
A0A1Q9NJ55,0.004
A0A5B9DEL6,0.004
A0A2U3CEW6,0.004
A0A0F8XE27,0.004
A0A135VSR7,0.004
A0A1Q9NZ31,0.004
A0A5B9D6D6,0.004
A0A0F8W932,0.004
A0A7K4CYG4,0.004
A0A5C9EC70,0.004
A0A1Q9MU29,0.004
A0A842RNR6,0.004
A0A524D641,0.004
A0A0F8XHI7,0.004
A0A842TJI1,0.004
A0A523XPT9,0.004
A0A524C8X2,0.004
A0A843C5R3,0.004
A0A524D2A0,0.004
A0A842SCT8,0.004
A0A5C9EGE6,0.004
A0A135VNC8,0.004
A0A135VH74,0.004
A0A842VCC6,0.004
A0A524G8C8,0.004
A0A842SCC2,0.004
A0A524EYR0,0.004
A0A0F8XUD4,0.004
A0A1Q9N3G6,0.004
A0A524ERK1,0.004
A0A524EB04,0.004
A0A843BQE3,0.004
A0A5C9EEZ3,0.004
A0A849QEL0,0.004
A0A842RRY6,0.004
A0A524M9M4,0.004
A0A842SYP5,0.004
A0A524DZY4,0.004
A0A524LL82,0.004
A0A524G4H1,0.004
A0A532TGR3,0.004
A0A850MM46,0.004
A0A842RK13,0.004
A0A7K4IDC6,0.004
A0A524C472,0.004
A0A524FWC1,0.004
A0A524EBX3,0.004
A0A7K4GLJ9,0.004
A0A523RVV9,0.004
A0A524DHI9,0.004
A0A1Q9N9B7,0.004
A0A135VKT2,0.004
A0A524DZT8,0.004
A0A7K4IGW1,0.004
A0A524FD56,0.004
A0A850LVZ9,0.004
A0A532TVB5,0.004
A0A1Q9MQB5,0.004
A0A524EXM9,0.004
A0A497QNG2,0.004
A0A523RXZ4,0.004
A0A1Q9NS46,0.004
A0A7K4CU44,0.004
A0A135VQQ0,0.004
A0A842U8G5,0.004
A0A532TLP7,0.004
A0A842WVU9,0.004
A0A843BZ70,0.004
A0A5B9DDG4,0.004
A0A497PV97,0.004
A0A524FXG7,0.004
A0A7K4HKU3,0.004
A0A849QFF5,0.004
A0A1Q9N4X9,0.004
A0A850LUU6,0.004
A0A843C231,0.004
A0A524DJY0,0.004
A0A1Q9NNY1,0.004
A0A7K4H6C2,0.004
A0A135VQ25,0.004
A0A850ML58,0.004
A0A523S2B0,0.004
A0A5B9DGU0,0.004
A0A524D8G3,0.004
A0A850LYK6,0.004
A0A524CYT0,0.004
A0A5C9E9X3,0.004
A0A5C9EXS2,0.004
A0A524C767,0.004
A0A842QEB4,0.004
A0A523XEY5,0.004
A0A135VQC9,0.004
A0A497R5V5,0.004
A0A842TK22,0.004
A0A850MBR1,0.004
A0A842WS75,0.004
A0A497PG26,0.004
A0A0F8Y841,0.004
A0A842VRA7,0.004
A0A842WYF5,0.004
A0A2U3CEK4,0.004
A0A135VCT0,0.004
A0A523X8A8,0.004
A0A524F3R2,0.004
A0A1Q9PF80,0.004
A0A524DTB2,0.004
A0A1Q9MWD6,0.004
A0A524D5T6,0.004
A0A532TM65,0.004
A0A842QEV1,0.004
A0A524CCC7,0.004
A0A523RH29,0.004
A0A1Q9NGH2,0.004
A0A523S0Z7,0.004
A0A3L6JD69,0.004
A0A7K4H392,0.004
A0A523VLP1,0.004
A0A7K4H421,0.004
A0A1Q9MR52,0.004
A0A524EMV5,0.004
A0A7K4H7V3,0.004
A0A523SCH3,0.004
A0A850LTT2,0.004
A0A5C9EK12,0.004
A0A7K4GZB8,0.004
A0A524DFG1,0.004
A0A524FX27,0.004
A0A3L6JJA1,0.004
A0A524CPG6,0.004
A0A524L8W5,0.004
A0A842VWL8,0.004
A0A497RBZ8,0.004
A0A1Q9NM40,0.004
A0A524C213,0.004
A0A842QI52,0.004
A0A524DXJ4,0.004
A0A532TWS4,0.004
A0A850MHF7,0.004
A0A497PQI8,0.004
A0A524ET59,0.004
A0A524L7T3,0.004
A0A497QCL2,0.004
A0A1Q9PC38,0.004
A0A524EUS8,0.004
A0A524GCR0,0.004
A0A849QHZ0,0.004
A0A842W591,0.004
A0A842U1M8,0.004
A0A842VEQ2,0.004
A0A842VUY1,0.004
A0A524E719,0.004
A0A1Q9NM68,0.004
A0A850LSR3,0.004
A0A850MH51,0.004
A0A842TJH1,0.004
A0A497QPK1,0.004
A0A5C9E882,0.004
A0A524M867,0.004
A0A849QCA7,0.004
A0A524DQC3,0.004
A0A842VZU3,0.004
A0A842WS61,0.004
A0A850MKY7,0.004
A0A5C9EK59,0.004
A0A497RCN1,0.004
A0A524E092,0.004
A0A524DQI7,0.004
A0A524LV03,0.004
A0A2U3CIB0,0.004
A0A497QJ45,0.004
A0A524DPR6,0.004
A0A0F8XN84,0.004
A0A524ECP0,0.004
A0A524NZB3,0.004
A0A3L6JG86,0.004
A0A497QNL8,0.004
A0A842VDT6,0.004
A0A842TL50,0.004
A0A524LU14,0.004
A0A497Q1X8,0.004
A0A524EIN7,0.004
A0A7K4GXD9,0.004
A0A1Q9NGH6,0.004
A0A5C9EV66,0.004
A0A2U3CGX2,0.004
A0A850MLC5,0.004
A0A5C9E2R8,0.004
A0A135VEB5,0.004
A0A497Q6A6,0.004
A0A843BUJ2,0.004
A0A524ECB6,0.004
A0A850LVH6,0.004
A0A842VCH5,0.004
A0A1Q9MTX1,0.004
A0A850MMQ3,0.004
A0A524LU04,0.004
A0A1Q9NPG4,0.004
A0A842VHC0,0.004
A0A524LG11,0.004
A0A850MBT4,0.004
A0A524ML19,0.004
A0A7K4GVC0,0.004
A0A524LRF2,0.004
A0A5C9EAV0,0.004
A0A524DLU4,0.004
A0A523RDT5,0.004
A0A3L6JEN9,0.004
A0A497QKB0,0.004
A0A842T506,0.004
A0A3L6JQC4,0.004
A0A497PR53,0.004
A0A7K4CPR0,0.004
A0A1Q9NND5,0.004
A0A842VPA7,0.004
A0A7K4HC65,0.004
A0A2U3CGT2,0.004
A0A532TUP4,0.004
A0A497QV17,0.004
A0A3L6JED0,0.004
A0A523RX45,0.004
A0A5B9DFQ2,0.004
A0A7K4IC36,0.004
A0A842QLS8,0.004
A0A3L6JHM8,0.004
A0A497Q5T9,0.004
A0A842WUL9,0.004
A0A524E167,0.004
A0A842VPI9,0.004
A0A524L9P8,0.004
A0A850LZV5,0.004
A0A842W108,0.004
A0A850LZM6,0.004
A0A523TNN3,0.004
A0A850M9X9,0.004
A0A842TJ72,0.004
A0A3L6J840,0.004
A0A5C9DS29,0.004
A0A5B9DFD1,0.004
A0A524LYE5,0.004
A0A2U3CJE0,0.004
A0A524D1H3,0.004
A0A523W3A8,0.004
A0A842QBQ8,0.004
A0A842RG36,0.004
A0A5C9EDT2,0.004
A0A497QL72,0.004
A0A3L6JFR9,0.004
A0A497Q2H3,0.004
A0A5C9ELQ4,0.004
A0A7K4GV14,0.004
A0A7K4H7M3,0.004
A0A842VH03,0.004
A0A497QBR9,0.004
A0A524EQL8,0.004
A0A135VSL3,0.004
A0A532TAK8,0.004
A0A5C9EF31,0.004
A0A524FZ69,0.004
A0A524F0F8,0.004
A0A0F8WC60,0.004
A0A842U1Q0,0.004
A0A843BRI1,0.004
A0A0F8Y4H2,0.004
A0A524DUZ1,0.004
A0A0F8VBN7,0.004
A0A497R4S5,0.004
A0A524E2I1,0.004
A0A0F8VZJ5,0.004
A0A842RFX8,0.004
A0A7K4HK75,0.004
A0A1Q9N0Y8,0.004
A0A5C9EDV6,0.004
A0A524F1J4,0.004
A0A524LDP7,0.004
A0A842TUJ0,0.004
A0A3L6J6J7,0.004
A0A497PD05,0.004
A0A3L6JUE0,0.004
A0A135VMB8,0.004
A0A842SZJ6,0.004
A0A842VA21,0.004
A0A849QEH9,0.004
A0A1Q9NPY8,0.004
A0A7K4HAL8,0.004
A0A523X5H6,0.004
A0A843BTW0,0.004
A0A135VHQ5,0.004
A0A850MEQ6,0.004
A0A497QX63,0.004
A0A524P5U4,0.004
A0A850MJN4,0.004
A0A524LIF0,0.004
A0A7K4GV94,0.004
A0A532TWY8,0.004
A0A2E9CFQ6,0.004
A0A7K4H925,0.004
A0A497PTG6,0.004
A0A532TBD0,0.004
A0A7K4IHQ6,0.004
A0A5C9EB37,0.004
A0A524F098,0.004
A0A497PAX8,0.004
A0A850LZU2,0.004
A0A524CWX8,0.004
A0A2U3CH05,0.004
A0A497PQY3,0.004
A0A7K4GNJ8,0.004
A0A842RP46,0.004
A0A850MCI3,0.004
A0A1Q9P567,0.004
A0A5C9E8U3,0.004
A0A524DZD4,0.004
A0A842TNA2,0.004
A0A1Q9NNS4,0.004
A0A842UCV4,0.004
A0A524CR77,0.004
A0A3L6JQM6,0.004
A0A842RMN8,0.004
A0A524E3P7,0.004
A0A1Q9NZ82,0.004
A0A524EVD6,0.004
A0A497PW56,0.004
A0A524G2Y0,0.004
A0A497QGE6,0.004
A0A3L6JA73,0.004
A0A1Q9NEM5,0.004
A0A524FXX2,0.004
A0A523RDZ3,0.004
A0A1Q9NLS0,0.004
A0A3L6JIN7,0.004
A0A0F8YA28,0.004
A0A1Q9N2I7,0.003
A0A1Q9MXP9,0.003
A0A1Q9MQH7,0.003
A0A842U2J3,0.003
A0A524D3Y0,0.003
A0A524F3X4,0.003
A0A3L6JJT0,0.003
A0A497QJV4,0.003
A0A842WUV9,0.003
A0A135VN29,0.003
A0A7K4GR75,0.003
A0A524CCU9,0.003
A0A3L6JN54,0.003
A0A135VBN9,0.003
A0A497QTV3,0.003
A0A7K4CRR7,0.003
A0A7K4H7S0,0.003
A0A135VCL7,0.003
A0A850MSN0,0.003
A0A842T9V9,0.003
A0A7C0U922,0.003
A0A850M2Q9,0.003
A0A3L6JCM6,0.003
A0A497PG18,0.003
A0A532TZ55,0.003
A0A524FT22,0.003
A0A3L6JEM2,0.003
A0A842RAM8,0.003
A0A497PH36,0.003
A0A850LX67,0.003
A0A523S0U2,0.003
A0A5B9D8S3,0.003
A0A523RET2,0.003
A0A1Q9PFZ9,0.003
A0A7K4GT48,0.003
A0A523W2P7,0.003
A0A532TR44,0.003
A0A524E9R5,0.003
A0A524G4M0,0.003
A0A524F0Q1,0.003
A0A842U1B7,0.003
A0A5C9EA24,0.003
A0A497PPB7,0.003
A0A524MF32,0.003
A0A3L6JKQ6,0.003
A0A5C9DZY0,0.003
A0A850LVH3,0.003
A0A842X0M9,0.003
A0A7K4CN39,0.003
A0A497PDL5,0.003
A0A524FKD4,0.003
A0A135VKW7,0.003
A0A842WTX1,0.003
A0A497PL68,0.003
A0A842RKE0,0.003
A0A524CUG3,0.003
A0A1Q9P2J9,0.003
A0A497PQK0,0.003
A0A524CFB9,0.003
A0A524CGF5,0.003
A0A497QQQ6,0.003
A0A523THM6,0.003
A0A3L6JA70,0.003
A0A497RCP7,0.003
A0A842TB02,0.003
A0A850M4A9,0.003
A0A532TLP4,0.003
A0A524FNC3,0.003
A0A1Q9MTD7,0.003
A0A1Q9NXJ1,0.003
A0A7K4HIJ0,0.003
A0A497QE70,0.003
A0A524DX46,0.003
A0A5C9ET32,0.003
A0A524EFL0,0.003
A0A7K4HJP6,0.003
A0A524C5H4,0.003
A0A1Q9NFZ9,0.003
A0A842R9C2,0.003
A0A3L6J7D0,0.003
A0A3L6JN37,0.003
A0A135VX93,0.003
A0A842X037,0.003
A0A842TI10,0.003
A0A842RJN1,0.003
A0A524CHZ4,0.003
A0A1Q9P3P3,0.003
A0A7C0U8T4,0.003
A0A842VHT4,0.003
A0A849QF44,0.003
A0A0F8Y8Z6,0.003
A0A524DS25,0.003
A0A5C9EVH4,0.003
A0A7K4H398,0.003
A0A524LX12,0.003
A0A7K4GXF5,0.003
A0A523RS36,0.003
A0A524F4S6,0.003
A0A850LWQ9,0.003
A0A524F3K3,0.003
A0A842QH57,0.003
A0A497PBK8,0.003
A0A497PPG0,0.003
A0A842RDR1,0.003
A0A5C9E7G3,0.003
A0A2U3CJY2,0.003
A0A7K4IA73,0.003
A0A2U3CE66,0.003
A0A842QC29,0.003
A0A2U3CHY6,0.003
A0A524FW17,0.003
A0A843BS52,0.003
A0A497PTH8,0.003
A0A850M7A9,0.003
A0A7K4CZ31,0.003
A0A524CQV4,0.003
A0A524E4C9,0.003
A0A523S6P3,0.003
A0A497QT89,0.003
A0A850LUS7,0.003
A0A3L6J970,0.003
A0A524F2F9,0.003
A0A524GBM9,0.003
A0A524DZF9,0.003
A0A7K4H6X5,0.003
A0A524FL80,0.003
A0A842WMJ1,0.003
A0A532TXS6,0.003
A0A497PUT7,0.003
A0A1Q9MT48,0.003
A0A1Q9MZ97,0.003
A0A7K4GXF0,0.003
A0A524CWL9,0.003
A0A842W397,0.003
A0A842TGV4,0.003
A0A524DQ89,0.003
A0A7K4HKC3,0.003
A0A524FEK0,0.003
A0A5C9E2X4,0.003
A0A5C9EZQ0,0.003
A0A524FDN9,0.003
A0A135VX24,0.003
A0A524LYE8,0.003
A0A850M1V8,0.003
A0A7K4IEK3,0.003
A0A850M395,0.003
A0A3L6JSB5,0.003
A0A2U3CGJ8,0.003
A0A842WX52,0.003
A0A5C9E1E3,0.003
A0A1Q9P6F2,0.003
A0A524EC41,0.003
A0A524FDI7,0.003
A0A842VUQ0,0.003
A0A524LID4,0.003
A0A1Q9MUI8,0.003
A0A842TBT3,0.003
A0A524LWX8,0.003
A0A7K4IGB9,0.003
A0A842TSR8,0.003
A0A7K4H2R3,0.003
A0A524E2S1,0.003
A0A1Q9N1U4,0.003
A0A7K4IHD5,0.003
A0A842U6I5,0.003
A0A497QMK6,0.003
A0A842T1F1,0.003
A0A524P3Y0,0.003
A0A524CUG1,0.003
A0A850LTM9,0.003
A0A5C9EW04,0.003
A0A3L6J663,0.003
A0A850MI54,0.003
A0A1Q9NRA2,0.003
A0A524GA18,0.003
A0A842S2D7,0.003
A0A1Q9NQB9,0.003
A0A523RTI1,0.003
A0A523XR47,0.003
A0A842U908,0.003
A0A2U3CFH6,0.003
A0A842U3K1,0.003
A0A1Q9MTU6,0.003
A0A5C9EXP2,0.003
A0A524F8D5,0.003
A0A524FWD5,0.003
A0A532TW71,0.003
A0A524E4J3,0.003
A0A7K4H105,0.003
A0A523W467,0.003
A0A524G650,0.003
A0A7K4GPT0,0.003
A0A0F8VJB3,0.003
A0A842U9P9,0.003
A0A497QLR9,0.003
A0A135VKC6,0.003
A0A5C9DZB2,0.003
A0A850LTU5,0.003
A0A842X154,0.003
A0A524CTD5,0.003
A0A842T4Q8,0.003
A0A850LZJ8,0.003
A0A842RDD1,0.003
A0A7K4H827,0.003
A0A1Q9NYB9,0.003
A0A523R9Y1,0.003
A0A135VY76,0.003
A0A524LL74,0.003
A0A0F8XWU9,0.003
A0A7K4CT12,0.003
A0A524DDG1,0.003
A0A850MAK9,0.003
A0A7K4CZU5,0.003
A0A523XEV6,0.003
A0A524G9I0,0.003
A0A0F8XQ62,0.003
A0A842YEV2,0.003
A0A524P437,0.003
A0A524FMB7,0.003
A0A497PNB0,0.003
A0A524CS01,0.003
A0A1Q9NDT1,0.003
A0A3L6JK75,0.003
A0A524NWC6,0.003
A0A842QDB8,0.003
A0A7K4IDA0,0.003
A0A1Q9MX33,0.003
A0A1Q9MUM1,0.003
A0A7K4H327,0.003
A0A524F7U8,0.003
A0A843BRG0,0.003
A0A497PRE3,0.003
A0A2U3CIX4,0.003
A0A7K4IHT4,0.003
A0A1Q9MTP9,0.003
A0A1Q9P8I8,0.003
A0A524FXF4,0.003
A0A850MLK2,0.003
A0A497PVU5,0.003
A0A497QX88,0.003
A0A3L6JET7,0.003
A0A523R916,0.003
A0A3L6JDA8,0.003
A0A524G7B5,0.003
A0A524D1G7,0.003
A0A524CYB6,0.003
A0A7K4GW73,0.003
A0A524LKR1,0.003
A0A850LVV6,0.003
A0A1Q9MXE3,0.003
A0A842QCZ9,0.003
A0A842TB57,0.003
A0A135VLT8,0.003
A0A5C9E9D1,0.003
A0A842W179,0.003
A0A135VFP1,0.003
A0A850LU04,0.003
A0A7K4HG80,0.003
A0A842QD31,0.003
A0A135VT92,0.003
A0A497QEX7,0.003
A0A0F8XHD6,0.003
A0A5C9EXK5,0.003
A0A497PWF9,0.003
A0A7K4H9B0,0.003
A0A1Q9P279,0.003
A0A5B9DBN6,0.003
A0A1Q9PEP6,0.003
A0A524LM23,0.003
A0A3L6JIT0,0.003
A0A5B9DE49,0.003
A0A850MCV5,0.003
A0A524E5Y2,0.003
A0A135VRF1,0.003
A0A1Q9NRR9,0.003
A0A524CNH0,0.003
A0A524NU00,0.003
A0A524CM27,0.003
A0A850MUF2,0.003
A0A850MDK9,0.003
A0A524FFC4,0.003
A0A1Q9NLW3,0.003
A0A497PFL0,0.003
A0A5C9ECT2,0.003
A0A524M9Z9,0.003
A0A0F8VPK5,0.003
A0A497R102,0.003
A0A524E7K5,0.003
A0A1Q9P7U5,0.003
A0A842YE23,0.003
A0A523W095,0.003
A0A524LHZ4,0.003
A0A523RV31,0.003
A0A524EJE8,0.003
A0A524EYD4,0.003
A0A842VYJ6,0.003
A0A1Q9MZN6,0.003
A0A0F8XUG0,0.003
A0A842RS18,0.003
A0A524ES66,0.003
A0A497QQV5,0.003
A0A1Q9N2S3,0.003
A0A524EFI8,0.003
A0A842TCD8,0.003
A0A524CJB3,0.003
A0A7K4IAJ7,0.003
A0A842U4R7,0.003
A0A524LYL4,0.003
A0A2U3CEK6,0.003
A0A842RQG3,0.003
A0A7K4HJL8,0.003
A0A1Q9MXQ8,0.003
A0A524E5G6,0.003
A0A7K4IE48,0.003
A0A7K4CTG1,0.003
A0A842VJA7,0.003
A0A850MB91,0.003
A0A524MIC7,0.003
A0A524EQR0,0.003
A0A1Q9PCT6,0.003
A0A842QCN5,0.003
A0A497QSH3,0.003
A0A524LK02,0.003
A0A0F8VJJ9,0.003
A0A3L6JAQ4,0.003
A0A524DTT7,0.003
A0A524LWF2,0.003
A0A7C0U919,0.003
A0A842T7H3,0.003
A0A497R4F5,0.003
A0A850LYR3,0.003
A0A843BVR8,0.003
A0A842YDP0,0.003
A0A2U3CJH1,0.003
A0A7K4CVE0,0.003
A0A523RDG7,0.003
A0A497PLQ9,0.003
A0A842W0J4,0.003
A0A497QIB3,0.003
A0A2U3CKL5,0.003
A0A532TC31,0.003
A0A7K4CV76,0.003
A0A842T426,0.003
A0A7K4CZD4,0.003
A0A7K4GVD9,0.003
A0A524DCZ5,0.003
A0A524LAX6,0.003
A0A524L9Q9,0.003
A0A5B9D884,0.003
A0A524CJS2,0.003
A0A850MJP2,0.003
A0A523S6U8,0.003
A0A1Q9NB47,0.003
A0A524ESV9,0.003
A0A842TMN2,0.003
A0A523RE92,0.003
A0A1Q9N2I6,0.003
A0A842YCC9,0.003
A0A524GA87,0.003
A0A524DU47,0.003
A0A497PXP7,0.003
A0A5C9ETB6,0.003
A0A842VL41,0.003
A0A524P376,0.003
A0A7K4H5C9,0.003
A0A3L6JLR0,0.003
A0A497PKS4,0.003
A0A842TJQ7,0.003
A0A1Q9NAS1,0.003
A0A1Q9NRI1,0.003
A0A7K4CUC1,0.003
A0A524C8S9,0.003
A0A842QF00,0.003
A0A497PEA3,0.003
A0A3L6JAL7,0.003
A0A842RW02,0.003
A0A523RL83,0.003
A0A524M1I9,0.003
A0A524CU74,0.003
A0A524DUE8,0.003
A0A3L6JJ80,0.003
A0A850MS55,0.003
A0A3L6J830,0.003
A0A850LXF5,0.003
A0A524CVA3,0.003
A0A0F8XIV0,0.003
A0A524G5P7,0.003
A0A497PXX9,0.003
A0A524FHU8,0.003
A0A1Q9MTH7,0.003
A0A7K4CVP6,0.003
A0A842SY86,0.003
A0A135VMR1,0.003
A0A843C0H8,0.003
A0A842U5B1,0.003
A0A5C9EYM5,0.003
A0A842UAK7,0.003
A0A1Q9P792,0.003
A0A524L851,0.003
A0A524P693,0.003
A0A1Q9P4N6,0.003
A0A842RXT9,0.003
A0A842SXU4,0.003
A0A497PAT3,0.003
A0A842WTY9,0.003
A0A5C9EY10,0.003
A0A5B9D7H8,0.003
A0A497R368,0.003
A0A3L6JJT3,0.003
A0A497QN24,0.003
A0A524GBN0,0.003
A0A524CM46,0.003
A0A497QR15,0.003
A0A135VR23,0.003
A0A842SXB8,0.003
A0A524C3H3,0.003
A0A842W4E9,0.003
A0A7K4GWC7,0.003
A0A524EI58,0.003
A0A849QJQ9,0.003
A0A524NZE1,0.003
A0A5C9EM27,0.003
A0A842TAV0,0.003
A0A524CLJ7,0.003
A0A7K4IIR8,0.003
A0A524FG43,0.003
A0A135VVJ3,0.003
A0A5C9EIY7,0.003
A0A524FQP0,0.003
A0A524FFE5,0.003
A0A524E3B6,0.003
A0A842VDS4,0.003
A0A842U036,0.003
A0A5C9EE67,0.003
A0A532T830,0.003
A0A842WTT2,0.003
A0A523VRB5,0.003
A0A524ELW1,0.003
A0A523S1U3,0.003
A0A523RBP9,0.003
A0A523RL23,0.003
A0A842T4Y9,0.003
A0A524D8N2,0.003
A0A532T9Z9,0.003
A0A842YBC9,0.003
A0A524NYL3,0.003
A0A497PXC8,0.003
A0A497QVD8,0.003
A0A524FFC8,0.003
A0A524FCW4,0.003
A0A7K4GKH4,0.003
A0A532TR65,0.003
A0A524F7U6,0.003
A0A497Q8I9,0.003
A0A1Q9P7E3,0.003
A0A7K4CQM4,0.003
A0A842VPW0,0.003
A0A524C1P8,0.003
A0A5C9E0W3,0.003
A0A850LSV7,0.003
A0A524DJS7,0.003
A0A5C9ENF8,0.003
A0A5C9ET62,0.003
A0A497QAL3,0.003
A0A135VZ38,0.003
A0A842QK62,0.003
A0A524F6X6,0.003
A0A5C9EVH1,0.003
A0A842VXA6,0.003
A0A524E0T5,0.003
A0A2U3CBQ3,0.003
A0A842RHM5,0.003
A0A842S5M5,0.003
A0A497R352,0.003
A0A3L6JJS5,0.003
A0A524G172,0.003
A0A497Q424,0.003
A0A497PH40,0.003
A0A1Q9PD30,0.003
A0A497PTR5,0.003
A0A1Q9MZL9,0.003
A0A842TH28,0.003
A0A497PS53,0.003
A0A850MNN9,0.003
A0A497QSE3,0.003
A0A524ETY5,0.003
A0A524CRF4,0.003
A0A5C9DXJ0,0.003
A0A1Q9MUL3,0.003
A0A524FXB0,0.003
A0A3L6JPV0,0.003
A0A7K4GX27,0.003
A0A5C9EPS3,0.003
A0A524F579,0.003
A0A1Q9P385,0.003
A0A524E8H9,0.003
A0A523X7R6,0.003
A0A3L6JPS4,0.003
A0A497QW22,0.003
A0A3L6J7A5,0.003
A0A524DDM7,0.003
A0A842W027,0.003
A0A7K4CVL4,0.003
A0A842W0T0,0.003
A0A523TCU0,0.003
A0A524LEJ5,0.003
A0A3L6JHG3,0.003
A0A7K4GLW6,0.003
A0A842TFZ2,0.003
A0A524CBF9,0.003
A0A850LUX2,0.003
A0A842TJL7,0.003
A0A5C9DZ57,0.003
A0A842THX9,0.003
A0A523XQF7,0.003
A0A532TAZ5,0.003
A0A842REB5,0.003
A0A843BRU1,0.003
A0A524EEB6,0.003
A0A497P7P7,0.003
A0A1Q9NPK1,0.003
A0A135VI07,0.003
A0A497PRW9,0.003
A0A7K4GM29,0.003
A0A5C9E6C5,0.003
A0A523XK83,0.003
A0A497QXS4,0.003
A0A523VRT4,0.003
A0A524M692,0.003
A0A1Q9NAF0,0.003
A0A850MUF7,0.003
A0A7K4CSX8,0.003
A0A497PGU6,0.003
A0A497PMG6,0.003
A0A497QR08,0.003
A0A497QVY2,0.003
A0A842YB72,0.003
A0A3L6J9A6,0.003
A0A497QNL6,0.003
A0A523TBH8,0.003
A0A7K4CYJ1,0.003
A0A7K4H494,0.003
A0A0F8VKI0,0.003
A0A523X8R4,0.003
A0A524ERQ4,0.003
A0A1Q9P3Q3,0.003
A0A0F8VHG9,0.003
A0A842RWZ8,0.003
A0A524F6L2,0.003
A0A1Q9NIH8,0.003
A0A497QD33,0.003
A0A497RCI8,0.003
A0A523RH21,0.003
A0A524F402,0.003
A0A0F8W098,0.003
A0A497Q7Y4,0.003
A0A524G7U3,0.003
A0A5C9EBY0,0.003
A0A524EYH5,0.003
A0A497PSL7,0.003
A0A842VWC7,0.003
A0A850MGC9,0.003
A0A842W479,0.003
A0A5C9E9P8,0.003
A0A3L6J9A1,0.003
A0A497P957,0.003
A0A1Q9MTV1,0.003
A0A5C9EQX1,0.003
A0A1Q9NS08,0.003
A0A7K4GVY2,0.003
A0A7K4H9Y4,0.003
A0A2U3CJE5,0.003
A0A524G9F1,0.003
A0A532TFQ7,0.003
A0A850LWV4,0.003
A0A532TI21,0.003
A0A843BS11,0.003
A0A524DCC3,0.003
A0A842W394,0.003
A0A842RHI9,0.003
A0A7K4H634,0.003
A0A850MTU9,0.003
A0A842QIA1,0.003
A0A842QEM5,0.003
A0A842VSA8,0.003
A0A497QBY4,0.003
A0A523X4K7,0.003
A0A524D7Y7,0.003
A0A842TBC7,0.003
A0A524FHW1,0.003
A0A497QKF4,0.003
A0A524EII5,0.003
A0A523XQH7,0.003
A0A842SU44,0.003
A0A524D1L9,0.003
A0A497QA00,0.003
A0A0F8XHB1,0.003
A0A5C9EJD0,0.003
A0A524NS74,0.003
A0A842RM69,0.003
A0A524F3T5,0.003
A0A842T332,0.003
A0A2U3CKR2,0.003
A0A5C9E4G4,0.003
A0A842RZ93,0.003
A0A7C0U940,0.003
A0A524EJ38,0.003
A0A524E3B7,0.003
A0A7K4CXQ5,0.003
A0A2U3CCP3,0.003
A0A842YC26,0.003
A0A5C9ENK6,0.003
A0A842S360,0.003
A0A850MQ64,0.003
A0A5C9EDP8,0.003
A0A524C751,0.003
A0A842T2D4,0.003
A0A524DAB1,0.003
A0A1Q9NJ20,0.003
A0A5C9EGE7,0.003
A0A524F3D4,0.003
A0A524E0D7,0.003
A0A842VEL0,0.003
A0A497QW02,0.003
A0A524F1Z5,0.003
A0A524FXA7,0.003
A0A523RCI5,0.003
A0A523RDB8,0.003
A0A850MTT2,0.003
A0A524LUH4,0.003
A0A524L7G8,0.003
A0A524M3P4,0.003
A0A842WV82,0.003
A0A1Q9MRP6,0.003
A0A1Q9N8H1,0.003
A0A532TMU2,0.003
A0A842WKH2,0.003
A0A7K4HIK3,0.003
A0A5C9EPD6,0.003
A0A1Q9P188,0.003
A0A497PV76,0.003
A0A524CIR9,0.003
A0A1Q9MZH7,0.003
A0A850MKL9,0.003
A0A1Q9PB09,0.003
A0A5C9EU36,0.003
A0A0F8VDB2,0.003
A0A524MAL2,0.003
A0A524E2Y4,0.003
A0A7K4IDN4,0.003
A0A849QGK6,0.003
A0A135VQH3,0.003
A0A524FIS4,0.003
A0A0F8VFE1,0.003
A0A524CX16,0.003
A0A524EIP2,0.003
A0A497R597,0.003
A0A497Q2G5,0.003
A0A497PTG0,0.003
A0A842RM67,0.003
A0A524EN99,0.003
A0A842VWU9,0.003
A0A3L6JMS0,0.003
A0A135VBV7,0.003
A0A524F931,0.003
A0A524ETV2,0.003
A0A850MX53,0.003
A0A7K4IHS4,0.003
A0A524LHA3,0.003
A0A3L6J8A0,0.003
A0A842TPH4,0.003
A0A532T8S4,0.003
A0A524DJC6,0.003
A0A7K4IA63,0.003
A0A524LTW5,0.003
A0A532TI27,0.003
A0A843BSY6,0.003
A0A532TCE7,0.003
A0A524E8Q7,0.003
A0A524DFG3,0.003
A0A850LUF0,0.003
A0A524DNQ5,0.003
A0A524C602,0.003
A0A497QWG8,0.003
A0A7K4H6J4,0.003
A0A0F8VJH1,0.003
A0A1Q9MS82,0.003
A0A842TNW0,0.003
A0A524DT53,0.003
A0A5C9EK04,0.003
A0A842RE41,0.003
A0A1Q9N1Y9,0.003
A0A135VNY1,0.003
A0A842RUY4,0.003
A0A5C9EGL4,0.003
A0A0F8XJI1,0.003
A0A1Q9PEZ6,0.003
A0A5C9EAE4,0.003
A0A524MAZ4,0.003
A0A1Q9NII2,0.003
A0A5C9ERQ0,0.003
A0A1Q9PFQ0,0.003
A0A524G516,0.003
A0A842RKD0,0.003
A0A0F8VG46,0.003
A0A497PM19,0.003
A0A850MKQ2,0.003
A0A524FR76,0.003
A0A850MF44,0.003
A0A524C297,0.003
A0A497QPR1,0.003
A0A0F8XPR0,0.003
A0A524P2C6,0.003
A0A524E4P1,0.003
A0A1Q9P1E4,0.003
A0A1Q9P382,0.003
A0A524EHC3,0.003
A0A524CQE7,0.002
A0A5C9EG35,0.002
A0A524D0V4,0.002
A0A1Q9MUY3,0.002
A0A842TE45,0.002
A0A1Q9NVN3,0.002
A0A524DMX8,0.002
A0A524C2B0,0.002
A0A842YAK0,0.002
A0A524C7T9,0.002
A0A497P936,0.002
A0A1Q9NUK4,0.002
A0A524ENJ6,0.002
A0A497PHS8,0.002
A0A842TCU8,0.002
A0A850LPJ0,0.002
A0A523RHC6,0.002
A0A842T7S2,0.002
A0A3L6J635,0.002
A0A524C6T3,0.002
A0A524MF27,0.002
A0A497PNN7,0.002
A0A1Q9MUF7,0.002
A0A524CBQ9,0.002
A0A524FN38,0.002
A0A524CMM2,0.002
A0A0F8VCU5,0.002
A0A842VP24,0.002
A0A524DJU7,0.002
A0A1Q9NGI1,0.002
A0A842QJU2,0.002
A0A849QC33,0.002
A0A850LP50,0.002
A0A842YCL3,0.002
A0A7K4IHD2,0.002
A0A523VWD2,0.002
A0A497PKE3,0.002
A0A524CG35,0.002
A0A7K4GWG0,0.002
A0A850M352,0.002
A0A850MSA7,0.002
A0A497PN36,0.002
A0A524E4P5,0.002
A0A0F8V9P3,0.002
A0A532TNL5,0.002
A0A524F9A8,0.002
A0A497RE16,0.002
A0A524EL59,0.002
A0A842VWU6,0.002
A0A497Q5E3,0.002
A0A5C9EYV6,0.002
A0A5B9D9U1,0.002
A0A842YHV4,0.002
A0A7K4CPJ1,0.002
A0A7K4CSP1,0.002
A0A524EH50,0.002
A0A5C9E3Z2,0.002
A0A1Q9NDE7,0.002
A0A843BUN2,0.002
A0A532TDU4,0.002
A0A7K4HKA0,0.002
A0A524D2S8,0.002
A0A842RCS9,0.002
A0A850MUT0,0.002
A0A850M4R0,0.002
A0A524E9X7,0.002
A0A1Q9NNK8,0.002
A0A850M907,0.002
A0A3L6JBX5,0.002
A0A842WPQ3,0.002
A0A850MP02,0.002
A0A850M174,0.002
A0A5B9DEM5,0.002
A0A842VNT7,0.002
A0A7K4HEZ1,0.002
A0A850M2I0,0.002
A0A524MCQ9,0.002
A0A524DTB5,0.002
A0A524C4V0,0.002
A0A5C9DX18,0.002
A0A497QJK9,0.002
A0A497Q5N4,0.002
A0A135VTR4,0.002
A0A7K4H6Y5,0.002
A0A497QVF3,0.002
A0A135VBA9,0.002
A0A5C9EFB8,0.002
A0A524EVV2,0.002
A0A497PS24,0.002
A0A5C9DX87,0.002
A0A842YG17,0.002
A0A7K4H6E5,0.002
A0A1Q9NXD7,0.002
A0A135VTU1,0.002
A0A842U6I9,0.002
A0A7K4HGM9,0.002
A0A842T2B2,0.002
A0A5C9EAZ5,0.002
A0A524D1C2,0.002
A0A497QLX3,0.002
A0A3L6JGS0,0.002
A0A497R1M9,0.002
A0A497PKC0,0.002
A0A5C9ERP9,0.002
A0A497QK95,0.002
A0A1Q9NLE7,0.002
A0A7K4HK57,0.002
A0A1Q9P4U2,0.002
A0A5C9EPJ7,0.002
A0A5B9D6L1,0.002
A0A5C9ENW6,0.002
A0A1Q9MQR8,0.002
A0A1Q9PD21,0.002
A0A842YCM2,0.002
A0A523TLE1,0.002
A0A5C9E765,0.002
A0A1Q9MXF1,0.002
A0A7K4H9T0,0.002
A0A850MBE1,0.002
A0A523S038,0.002
A0A5C9E277,0.002
A0A1Q9NC01,0.002
A0A524DFK2,0.002
A0A1Q9P6Z8,0.002
A0A524G973,0.002
A0A849QJJ2,0.002
A0A1Q9N3E3,0.002
A0A850M3F4,0.002
A0A524L8J3,0.002
A0A1Q9NVN6,0.002
A0A7K4CP11,0.002
A0A2U3CGP6,0.002
A0A524C9C0,0.002
A0A850MJG5,0.002
A0A7K4HG57,0.002
A0A497QYS7,0.002
A0A850MBI4,0.002
A0A497PDV8,0.002
A0A7K4ICZ4,0.002
A0A1Q9PCN6,0.002
A0A524EGG7,0.002
A0A850MFG8,0.002
A0A850MDL7,0.002
A0A497PT57,0.002
A0A135VHV8,0.002
A0A523X833,0.002
A0A524MKU4,0.002
A0A842X2D1,0.002
A0A842QFN7,0.002
A0A842YDK1,0.002
A0A523TBC6,0.002
A0A524P0P3,0.002
A0A842RUC6,0.002
A0A1Q9N3A4,0.002
A0A497PPB5,0.002
A0A842VX40,0.002
A0A5C9E9L4,0.002
A0A850MLK1,0.002
A0A523TF94,0.002
A0A524DW99,0.002
A0A497QUA2,0.002
A0A5B9D9Q2,0.002
A0A524C9I1,0.002
A0A523TJ36,0.002
A0A1Q9PAF4,0.002
A0A524FA95,0.002
A0A7C0YBE1,0.002
A0A7K4IGY6,0.002
A0A2E9CGC4,0.002
A0A523SBK5,0.002
A0A7K4CUW2,0.002
A0A5C9ENB6,0.002
A0A7K4GWA6,0.002
A0A0F8WBH5,0.002
A0A850LV88,0.002
A0A523RBZ5,0.002
A0A524NX75,0.002
A0A850LUK5,0.002
A0A7K4GQJ1,0.002
A0A850LWX3,0.002
A0A1Q9MSB8,0.002
A0A842TDA5,0.002
A0A1Q9P6S1,0.002
A0A843BSC1,0.002
A0A5C9E379,0.002
A0A524CGP9,0.002
A0A0F8XX61,0.002
A0A2U3CHG2,0.002
A0A850M7I5,0.002
A0A524CW37,0.002
A0A524DMT0,0.002
A0A524F778,0.002
A0A5C9ELC0,0.002
A0A135VHS7,0.002
A0A842VFL3,0.002
A0A7K4GVW3,0.002
A0A524CS96,0.002
A0A524D5Z2,0.002
A0A842WRK3,0.002
A0A524P765,0.002
A0A497Q5A3,0.002
A0A7K4CV78,0.002
A0A842VMU5,0.002
A0A842T8G2,0.002
A0A524F003,0.002
A0A5B9DBB7,0.002
A0A497PLJ5,0.002
A0A497P7W0,0.002
A0A523TE94,0.002
A0A2U3CE31,0.002
A0A497PFN0,0.002
A0A843C3U6,0.002
A0A524C278,0.002
A0A524F9Q4,0.002
A0A7K4GMB2,0.002
A0A1Q9NKD1,0.002
A0A7K4CS81,0.002
A0A135VP37,0.002
A0A524LNV0,0.002
A0A850M145,0.002
A0A842YHY4,0.002
A0A842T2B8,0.002
A0A842RPR3,0.002
A0A524G1N0,0.002
A0A524M0A7,0.002
A0A524E7W4,0.002
A0A842R6L4,0.002
A0A1Q9P6C2,0.002
A0A849QE33,0.002
A0A497QQY4,0.002
A0A842WZZ1,0.002
A0A497R091,0.002
A0A842VGX4,0.002
A0A524FAL5,0.002
A0A843BX40,0.002
A0A497PF78,0.002
A0A524M2K3,0.002
A0A5C9F3Z2,0.002
A0A7K4HL34,0.002
A0A7K4H7G6,0.002
A0A497QWU2,0.002
A0A524CG40,0.002
A0A2U3CK71,0.002
A0A524DCE6,0.002
A0A524E989,0.002
A0A842VC83,0.002
A0A524EIP6,0.002
A0A524LJB0,0.002
A0A524G367,0.002
A0A532TDP1,0.002
A0A0F8VKQ9,0.002
A0A524EJF6,0.002
A0A842VFK1,0.002
A0A5C9E4E4,0.002
A0A524MF00,0.002
A0A497QU90,0.002
A0A1Q9NPP1,0.002
A0A497QVZ7,0.002
A0A497Q7C1,0.002
A0A524EI65,0.002
A0A524FHW9,0.002
A0A842VC12,0.002
A0A524DM69,0.002
A0A850MCN6,0.002
A0A850LZL2,0.002
A0A532TYL3,0.002
A0A497QY66,0.002
A0A0F8XTG0,0.002
A0A842TCY9,0.002
A0A0F8V818,0.002
A0A5B9D7X1,0.002
A0A532TNH6,0.002
A0A2U3CJQ9,0.002
A0A135VQD3,0.002
A0A5C9EIB3,0.002
A0A850MC96,0.002
A0A842T021,0.002
A0A524F823,0.002
A0A7K4GWU8,0.002
A0A7K4IGM6,0.002
A0A524F535,0.002
A0A532TAK5,0.002
A0A524EMB8,0.002
A0A497PX15,0.002
A0A7K4GPE0,0.002
A0A523RDG0,0.002
A0A497QE49,0.002
A0A5B9DCT4,0.002
A0A5C9E9P3,0.002
A0A524D919,0.002
A0A524FKQ7,0.002
A0A5B9DA91,0.002
A0A7K4HLE8,0.002
A0A497RB59,0.002
A0A2U3CI10,0.002
A0A7K4HD78,0.002
A0A842WZG4,0.002
A0A7K4GK54,0.002
A0A1Q9NB23,0.002
A0A7K4HDT8,0.002
A0A842VZ04,0.002
A0A524EAZ3,0.002
A0A842TCB5,0.002
A0A5C9DZU2,0.002
A0A842TLL1,0.002
A0A0F8VXV4,0.002
A0A497Q7D8,0.002
A0A524FWC2,0.002
A0A3L6JAZ7,0.002
A0A0F8W5G9,0.002
A0A842QGM7,0.002
A0A3L6J742,0.002
A0A7K4H4E4,0.002
A0A524CBK3,0.002
A0A532TFL8,0.002
A0A524F7U3,0.002
A0A523S6N7,0.002
A0A843BSR9,0.002
A0A135VSA1,0.002
A0A849QAJ2,0.002
A0A5C9EGG2,0.002
A0A842YGY9,0.002
A0A524FR86,0.002
A0A523RMD9,0.002
A0A524CWL6,0.002
A0A1Q9NRI3,0.002
A0A524M3M7,0.002
A0A497PX86,0.002
A0A1Q9N0J9,0.002
A0A524C2N0,0.002
A0A135VNR6,0.002
A0A1Q9P0V4,0.002
A0A850MR05,0.002
A0A5C9EZM9,0.002
A0A7K4H772,0.002
A0A7K4HB76,0.002
A0A7K4CPJ2,0.002
A0A7K4IEG2,0.002
A0A523RX87,0.002
A0A842YGV2,0.002
A0A850MLQ0,0.002
A0A1Q9MZF5,0.002
A0A7K4GWA0,0.002
A0A5C9EDU6,0.002
A0A524CS86,0.002
A0A5B9DG55,0.002
A0A0F8VDW5,0.002
A0A497QH25,0.002
A0A532TN09,0.002
A0A5C9EZT8,0.002
A0A0F8VGS1,0.002
A0A532TU48,0.002
A0A842YFQ9,0.002
A0A532TPD3,0.002
A0A497QI01,0.002
A0A497QNK4,0.002
A0A842RIP4,0.002
A0A532TNM4,0.002
A0A1Q9N2N0,0.002
A0A497QTE8,0.002
A0A1Q9NII0,0.002
A0A0F8VPI0,0.002
A0A0F8W777,0.002
A0A524DAY9,0.002
A0A497Q2Y4,0.002
A0A523S0H2,0.002
A0A497PS74,0.002
A0A497Q275,0.002
A0A7K4CZN5,0.002
A0A532T7W8,0.002
A0A842VKZ6,0.002
A0A842Y992,0.002
A0A524CRG3,0.002
A0A1Q9PBU7,0.002
A0A842V733,0.002
A0A524MB85,0.002
A0A523W2Y5,0.002
A0A524NWA7,0.002
A0A524C3W6,0.002
A0A1Q9NGM3,0.002
A0A1Q9NDB7,0.002
A0A5B9D6H8,0.002
A0A523SAQ5,0.002
A0A842SA37,0.002
A0A3L6JRP9,0.002
A0A524EAK6,0.002
A0A524G2K2,0.002
A0A7K4CP63,0.002
A0A5C9EFE3,0.002
A0A7K4CWG9,0.002
A0A497RBY2,0.002
A0A532TBJ9,0.002
A0A497PNG6,0.002
A0A524CG31,0.002
A0A524L8Z1,0.002
A0A497PYW0,0.002
A0A5B9DAM3,0.002
A0A7K4GNG2,0.002
A0A524LYF6,0.002
A0A135VXD2,0.002
A0A842TTD3,0.002
A0A7K4GPT5,0.002
A0A843BP05,0.002
A0A3L6JAT3,0.002
A0A524LTR7,0.002
A0A524EDD8,0.002
A0A523RQ63,0.002
A0A524CD84,0.002
A0A523RTT0,0.002
A0A524FT13,0.002
A0A1Q9MSS8,0.002
A0A497PMX6,0.002
A0A523TK81,0.002
A0A523X7S7,0.002
A0A1Q9MSK1,0.002
A0A524FR98,0.002
A0A1Q9NLA2,0.002
A0A0F8VB50,0.002
A0A5B9DB61,0.002
A0A850MBM9,0.002
A0A524CWN7,0.002
A0A1Q9NZT9,0.002
A0A1Q9PE45,0.002
A0A850LRH4,0.002
A0A5C9E7Z1,0.002
A0A524F060,0.002
A0A524CN89,0.002
A0A5C9F0R7,0.002
A0A3L6JT51,0.002
A0A850LRT8,0.002
A0A524CKB3,0.002
A0A1Q9MUS7,0.002
A0A5C9E799,0.002
A0A523RGU8,0.002
A0A850LUN6,0.002
A0A3L6JJ25,0.002
A0A842YCK9,0.002
A0A524DJ90,0.002
A0A842VA20,0.002
A0A2U3CJ96,0.002
A0A524CIC2,0.002
A0A850M417,0.002
A0A135VFI5,0.002
A0A849QK20,0.002
A0A1Q9MSN0,0.002
A0A524CH86,0.002
A0A842QFI8,0.002
A0A523TFJ2,0.002
A0A850LTF4,0.002
A0A1Q9NM76,0.002
A0A7K4HAE3,0.002
A0A497Q8X7,0.002
A0A842VTI3,0.002
A0A523TD92,0.002
A0A135VPS6,0.002
A0A7K4H8Y9,0.002
A0A524EZH8,0.002
A0A842W377,0.002
A0A524FB58,0.002
A0A497PRR3,0.002
A0A523RY05,0.002
A0A524E1H9,0.002
A0A842W1P4,0.002
A0A1Q9P2N3,0.002
A0A497QDB8,0.002
A0A7K4H5B7,0.002
A0A497Q669,0.002
A0A524EV48,0.002
A0A5B9DFF5,0.002
A0A842VGD4,0.002
A0A842VBX6,0.002
A0A524CZY3,0.002
A0A524DF38,0.002
A0A497R2J4,0.002
A0A842RX10,0.002
A0A842VYA4,0.002
A0A1Q9MTY1,0.002
A0A842S904,0.002
A0A842YAC8,0.002
A0A524DBZ0,0.002
A0A1Q9NRN3,0.002
A0A524LCN6,0.002
A0A523TNI3,0.002
A0A843C4V9,0.002
A0A7K4GVY0,0.002
A0A1Q9PEX4,0.002
A0A524EXZ2,0.002
A0A497Q197,0.002
A0A7K4GN30,0.002
A0A135VQK1,0.002
A0A842VAE1,0.002
A0A1Q9NGY4,0.002
A0A497QLI5,0.002
A0A7K4CY98,0.002
A0A842TIE0,0.002
A0A523XLH5,0.002
A0A842W2A8,0.002
A0A842RAQ4,0.002
A0A497Q774,0.002
A0A7K4H2L5,0.002
A0A524C348,0.002
A0A524DEQ5,0.002
A0A7K4H862,0.002
A0A524DEY3,0.002
A0A842RUZ0,0.002
A0A3L6JDJ0,0.002
A0A523RZT6,0.002
A0A3L6J667,0.002
A0A135VSK0,0.002
A0A524D301,0.002
A0A524CIM9,0.002
A0A523S057,0.002
A0A524LA66,0.002
A0A497PXD4,0.002
A0A3L6JC04,0.002
A0A7K4H0S2,0.002
A0A1Q9NMT9,0.002
A0A523XNG1,0.002
A0A7K4HKW4,0.002
A0A524DKS6,0.002
A0A523RI70,0.002
A0A524DPG6,0.002
A0A7K4GYP3,0.002
A0A524EBM8,0.002
A0A842VNI6,0.002
A0A524D4E3,0.002
A0A842QH56,0.002
A0A7K4IFQ8,0.002
A0A843BR29,0.002
A0A497PUF7,0.002
A0A842TKH7,0.002
A0A135VSG1,0.002
A0A524M675,0.002
A0A523XEQ7,0.002
A0A523RW75,0.002
A0A1Q9MRU3,0.002
A0A524CFS0,0.002
A0A497PQ09,0.002
A0A842RGQ1,0.002
A0A0F8XMU9,0.002
A0A524CBG5,0.002
A0A849QIH5,0.002
A0A524C3N6,0.002
A0A524CEL7,0.002
A0A524D979,0.002
A0A523XNA0,0.002
A0A7K4IAF1,0.002
A0A497Q6L1,0.002
A0A842X0A3,0.002
A0A5B9D8N5,0.002
A0A532TE84,0.002
A0A1Q9NF49,0.002
A0A842VJK1,0.002
A0A2U3CCS7,0.002
A0A524LHV5,0.002
A0A524LDM8,0.002
A0A1Q9NIJ8,0.002
A0A850M5V8,0.002
A0A2U3CKA4,0.002
A0A3L6J8J6,0.002
A0A5C9ESU0,0.002
A0A532TCI5,0.002
A0A5C9EDN9,0.002
A0A7K4CUE3,0.002
A0A842QF50,0.002
A0A1Q9NYT7,0.002
A0A7K4H3J4,0.002
A0A850M852,0.002
A0A842VC63,0.002
A0A135VCV6,0.002
A0A135VDS9,0.002
A0A850MPZ4,0.002
A0A5C9E8D9,0.002
A0A524DHP5,0.002
A0A1Q9PEG1,0.002
A0A532TC84,0.002
A0A524MGB6,0.002
A0A524CHB7,0.002
A0A1Q9NF01,0.002
A0A524F2B8,0.002
A0A1Q9NLR2,0.002
A0A523RYS6,0.002
A0A497QTZ7,0.002
A0A7K4HEZ0,0.002
A0A532TW85,0.002
A0A5C9EIT8,0.002
A0A524CXY9,0.002
A0A523TK58,0.002
A0A850M1Y2,0.002
A0A524E778,0.002
A0A7K4CMG5,0.002
A0A3L6JE01,0.002
A0A0F8VGM1,0.002
A0A523W3Z0,0.002
A0A0F8Y865,0.002
A0A842WLR9,0.002
A0A7K4CVT2,0.002
A0A497QQ54,0.002
A0A497QB67,0.002
A0A524DZS0,0.002
A0A842WTE2,0.002
A0A524EA02,0.002
A0A5C9EXN6,0.002
A0A524LSV0,0.002
A0A842SWF6,0.002
A0A524DZS2,0.002
A0A850MIF1,0.002
A0A842X1G7,0.002
A0A7K4ICU0,0.002
A0A842V994,0.002
A0A842TSY2,0.002
A0A1Q9MQI7,0.002
A0A850LZM5,0.002
A0A7K4H2H7,0.002
A0A843BPI6,0.002
A0A850M381,0.002
A0A5B9D8K6,0.002
A0A497QZE2,0.002
A0A524LQ19,0.002
A0A497R004,0.002
A0A497PK76,0.001
A0A842VUP5,0.001
A0A1Q9NJE0,0.001
A0A842YBX8,0.001
A0A842WXM9,0.001
A0A135VBZ7,0.001
A0A497QNN9,0.001
A0A5B9DFD5,0.001
A0A1Q9PF79,0.001
A0A850MNZ8,0.001
A0A524F6H7,0.001
A0A7K4HK98,0.001
A0A1Q9P127,0.001
A0A523RZ42,0.001
A0A842WVC9,0.001
A0A497PBV5,0.001
A0A842QJJ0,0.001
A0A524CIQ2,0.001
A0A842T7J7,0.001
A0A524CXY1,0.001
A0A842TLI2,0.001
A0A1Q9NEI3,0.001
A0A524EGG9,0.001
A0A524CIM7,0.001
A0A497QEQ4,0.001
A0A842VJ50,0.001
A0A842R9Q5,0.001
A0A532TVB8,0.001
A0A524EE22,0.001
A0A524NWA3,0.001
A0A524DEC5,0.001
A0A1Q9P187,0.001
A0A7K4GQ19,0.001
A0A523TLI5,0.001
A0A524F156,0.001
A0A524ESA6,0.001
A0A842Y8R6,0.001
A0A0F8Y118,0.001
A0A7K4IH19,0.001
A0A524ED47,0.001
A0A7K4IHE2,0.001
A0A5C9F0V8,0.001
A0A497QZ73,0.001
A0A524FV69,0.001
A0A497Q4B6,0.001
A0A524E1Q3,0.001
A0A0F8W9V5,0.001
A0A842T4A9,0.001
A0A2E9CDS9,0.001
A0A842RYK7,0.001
A0A524G2P2,0.001
A0A523S1C8,0.001
A0A523RCI9,0.001
A0A524E053,0.001
A0A7K4GV39,0.001
A0A135VF82,0.001
A0A524P4A7,0.001
A0A7K4H5S2,0.001
A0A532TW86,0.001
A0A524ECF7,0.001
A0A524P0C4,0.001
A0A842WVZ7,0.001
A0A1Q9NA67,0.001
A0A2U3CJ65,0.001
A0A3L6J9I7,0.001
A0A3L6JAN7,0.001
A0A850MF13,0.001
A0A497Q6J7,0.001
A0A497QVK9,0.001
A0A849QD04,0.001
A0A1Q9PDK3,0.001
A0A842VFX4,0.001
A0A842WWM4,0.001
A0A7K4CQ12,0.001
A0A524CBB8,0.001
A0A842RWX0,0.001
A0A1Q9N9A7,0.001
A0A7K4GUV5,0.001
A0A524NRK3,0.001
A0A524E6D4,0.001
A0A524L5C6,0.001
A0A850LWU6,0.001
A0A850MJ74,0.001
A0A135VJC6,0.001
A0A524CWZ1,0.001
A0A842U7V8,0.001
A0A850LUV0,0.001
A0A524C648,0.001
A0A3L6JAU3,0.001
A0A3L6JND7,0.001
A0A7K4CWD3,0.001
A0A524FP23,0.001
A0A843BTA8,0.001
A0A135VLN5,0.001
A0A524MF89,0.001
A0A1Q9NZ18,0.001
A0A842QGH7,0.001
A0A524C2X6,0.001
A0A497QFW6,0.001
A0A1Q9MTE0,0.001
A0A5B9D6R9,0.001
A0A497QEF3,0.001
A0A523RGH8,0.001
A0A1Q9NWI4,0.001
A0A524FSX3,0.001
A0A497R9F3,0.001
A0A7K4HBB1,0.001
A0A497QC69,0.001
A0A532TW80,0.001
A0A524CY49,0.001
A0A524C673,0.001
A0A842YDW6,0.001
A0A524DAC6,0.001
A0A2U3CJ98,0.001
A0A497QUS4,0.001
A0A532TNN9,0.001
A0A497Q1Y5,0.001
A0A843BRA6,0.001
A0A497P8Y8,0.001
A0A850M100,0.001
A0A523RWA2,0.001
A0A842VLK1,0.001
A0A850MPF1,0.001
A0A5C9DYA6,0.001
A0A842S7T2,0.001
A0A7K4IDT5,0.001
A0A524EAD1,0.001
A0A497QC79,0.001
A0A497QC84,0.001
A0A523TDS7,0.001
A0A842WYQ5,0.001
A0A524G0T8,0.001
A0A497PY70,0.001
A0A524LLX9,0.001
A0A524D3U4,0.001
A0A842YAX6,0.001
A0A7K4HF18,0.001
A0A523SA62,0.001
A0A532TM27,0.001
A0A497PU16,0.001
A0A497PQT4,0.001
A0A523VRK9,0.001
A0A497PJU7,0.001
A0A3L6J9T5,0.001
A0A1Q9MTN2,0.001
A0A497Q1J4,0.001
A0A524EFU5,0.001
A0A524E9X8,0.001
A0A497QTI2,0.001
A0A497R1Z3,0.001
A0A523SAS9,0.001
A0A524CTN5,0.001
A0A524FBW2,0.001
A0A524P417,0.001
A0A524EA98,0.001
A0A524FFH0,0.001
A0A842RHY7,0.001
A0A5B9DCJ6,0.001
A0A497PYE1,0.001
A0A497QL13,0.001
A0A0F8VJP2,0.001
A0A524FFH4,0.001
A0A524L769,0.001
A0A850LVK9,0.001
A0A524FZ80,0.001
A0A850M638,0.001
A0A850LQG7,0.001
A0A7K4CRT5,0.001
A0A524F1R2,0.001
A0A842VM17,0.001
A0A524EQZ2,0.001
A0A849QF24,0.001
A0A842RZB0,0.001
A0A497PQB6,0.001
A0A842TUV5,0.001
A0A850MHY5,0.001
A0A850LRZ4,0.001
A0A842RRQ8,0.001
A0A850MTM8,0.001
A0A524LD60,0.001
A0A2U3CHY8,0.001
A0A842TTL2,0.001
A0A842T4Q3,0.001
A0A842W309,0.001
A0A1Q9P4W8,0.001
A0A524G4I2,0.001
A0A842WLE8,0.001
A0A7K4H190,0.001
A0A842TQ99,0.001
A0A7K4GP28,0.001
A0A1Q9NR80,0.001
A0A1Q9N0C0,0.001
A0A1Q9NKM6,0.001
A0A0F8XNW4,0.001
A0A7K4GZM2,0.001
A0A524CT56,0.001
A0A497P904,0.001
A0A1Q9NXE3,0.001
A0A1Q9NF50,0.001
A0A523TIG8,0.001
A0A524GAX4,0.001
A0A7K4D1A7,0.001
A0A497Q744,0.001
A0A497PGH2,0.001
A0A842W2J9,0.001
A0A842VY60,0.001
A0A850M325,0.001
A0A7K4HJ81,0.001
A0A1Q9NQY5,0.001
A0A523RDX4,0.001
A0A497R3X6,0.001
A0A497QD71,0.001
A0A7K4CW62,0.001
A0A524G1S7,0.001
A0A5B9D9Y5,0.001
A0A135VIK3,0.001
A0A135VNQ1,0.001
A0A850MLA1,0.001
A0A7K4IDC5,0.001
A0A5C9EUN2,0.001
A0A1Q9NRL2,0.001
A0A524FIU9,0.001
A0A524LL88,0.001
A0A1Q9NZI6,0.001
A0A5B9DGZ9,0.001
A0A3L6JMT5,0.001
A0A523XCF6,0.001
A0A2U3CIB7,0.001
A0A1Q9NLR1,0.001
A0A524CN69,0.001
A0A135VUB5,0.001
A0A524FX58,0.001
A0A532TFV6,0.001
A0A7K4IEM7,0.001
A0A3L6JDU9,0.001
A0A497PEV5,0.001
A0A497PR50,0.001
A0A532TNB9,0.001
A0A842QAY7,0.001
A0A524DQ04,0.001
A0A0F8XZH8,0.001
A0A1Q9NGZ9,0.001
A0A524D460,0.001
A0A497QDG2,0.001
A0A524M2R6,0.001
A0A523VZX2,0.001
A0A842U1G1,0.001
A0A850MJD9,0.001
A0A850LPF3,0.001
A0A524LNG3,0.001
A0A5C9ECW1,0.001
A0A532TF65,0.001
A0A1Q9NJE6,0.001
A0A850MJZ9,0.001
A0A1Q9NJE9,0.001
A0A523VPC8,0.001
A0A7K4HJY7,0.001
A0A0F8VGU7,0.001
A0A842VUH9,0.001
A0A1Q9P8X0,0.001
A0A497QN60,0.001
A0A532TXX3,0.001
A0A532TLV6,0.001
A0A497QLF5,0.001
A0A5C9E6N5,0.001
A0A135VGG2,0.001
A0A850LW90,0.001
A0A524L721,0.001
A0A842RCB9,0.001
A0A524CFZ2,0.001
A0A524FGN1,0.001
A0A842RB96,0.001
A0A850LS20,0.001
A0A1Q9P5Z2,0.001
A0A842RPI6,0.001
A0A524NTQ1,0.001
A0A3L6JP49,0.001
A0A497PLP7,0.001
A0A842VVC9,0.001
A0A0F8VP35,0.001
A0A135VU79,0.001
A0A497PE44,0.001
A0A497PME5,0.001
A0A523VWG9,0.001
A0A532TS37,0.001
A0A842YDQ0,0.001
A0A842RL45,0.001
A0A1Q9MWY7,0.001
A0A842RUJ4,0.001
A0A524P6R0,0.001
A0A850LW44,0.001
A0A523VZ76,0.001
A0A7K4CZZ3,0.001
A0A3L6JLR4,0.0
A0A524LQG4,0.0
A0A842WUK8,0.0
A0A524FE46,0.0
A0A842W4I7,0.0
A0A1Q9NHE9,0.0
A0A524LI79,0.0
A0A5C9E9Z4,0.0
A0A849QIE0,0.0
A0A0F8V9I1,0.0
A0A842R838,0.0
A0A524FK52,0.0
A0A7K4H2T9,0.0
A0A524FY66,0.0
A0A524F7I3,0.0
A0A532THL8,0.0
A0A842WPW9,0.0
A0A1Q9PA90,0.0
A0A7K4GZX6,0.0
A0A1Q9NUP6,0.0
A0A523TBI6,0.0
A0A842TAR7,0.0
