query_id,entry_type,annotation_score,status
Q8LBN7,UniProtKB/Swiss-Prot,1.0,Active
A0A178U6K7,UniProtKB/TrEMBL,1.0,Active
Q0WMG6,UniProtKB/TrEMBL,1.0,Active
Q7DLG3,UniProtKB/TrEMBL,1.0,Active
Q56X33,UniProtKB/TrEMBL,1.0,Active
A0A178UL83,UniProtKB/TrEMBL,1.0,Active
A0A1P8AZP3,UniProtKB/TrEMBL,1.0,Active
A0A178UWR7,UniProtKB/TrEMBL,1.0,Active
A0A178V922,UniProtKB/TrEMBL,1.0,Active
A0A178WA02,UniProtKB/TrEMBL,1.0,Active
A0A7G2EGK7,UniProtKB/TrEMBL,1.0,Active
A0A654FJA3,UniProtKB/TrEMBL,1.0,Active
A0A178VYU2,UniProtKB/TrEMBL,1.0,Active
A0A178VRF0,UniProtKB/TrEMBL,1.0,Active
A0A178VFQ2,UniProtKB/TrEMBL,1.0,Active
A0A1P8BCA0,UniProtKB/TrEMBL,1.0,Active
A0A7G2EVP9,UniProtKB/TrEMBL,1.0,Active
A0A178WJE1,UniProtKB/TrEMBL,1.0,Active
Q0WME4,UniProtKB/TrEMBL,1.0,Active
A0A178VFT2,UniProtKB/TrEMBL,1.0,Active
A0A7G2FC79,UniProtKB/TrEMBL,1.0,Active
Q9FT84,UniProtKB/TrEMBL,1.0,Active
Q570L8,UniProtKB/TrEMBL,1.0,Active
A0A178WLR3,UniProtKB/TrEMBL,1.0,Active
A0A178V9X4,UniProtKB/TrEMBL,1.0,Active
A0A178V458,UniProtKB/TrEMBL,1.0,Active
A0A5S9XGT8,UniProtKB/TrEMBL,1.0,Active
Q9SSE0,UniProtKB/TrEMBL,1.0,Active
A0A654G489,UniProtKB/TrEMBL,1.0,Active
A0A654G6Z4,UniProtKB/TrEMBL,2.0,Active
A0A0B4ULR9,UniProtKB/TrEMBL,1.0,Active
A0A1P8AXW0,UniProtKB/TrEMBL,2.0,Active
Q3E8G1,UniProtKB/TrEMBL,1.0,Active
A0A178U8G9,UniProtKB/TrEMBL,1.0,Active
Q9CAA1,UniProtKB/TrEMBL,1.0,Active
Q8GY30,UniProtKB/TrEMBL,1.0,Active
Q9C886,UniProtKB/TrEMBL,2.0,Active
Q9M998,UniProtKB/TrEMBL,1.0,Active
F4JLP8,UniProtKB/TrEMBL,1.0,Active
A0A178W1F0,UniProtKB/TrEMBL,1.0,Active
A0A7G2DVC6,UniProtKB/TrEMBL,1.0,Active
Q9SZ01,UniProtKB/TrEMBL,1.0,Active
A0A5S9YA25,UniProtKB/TrEMBL,1.0,Active
A0A178U990,UniProtKB/TrEMBL,1.0,Active
A0A5S9YEY4,UniProtKB/TrEMBL,1.0,Active
B0ZUR7,UniProtKB/TrEMBL,2.0,Active
A0A178V8G0,UniProtKB/TrEMBL,1.0,Active
A0A7G2E9D6,UniProtKB/TrEMBL,1.0,Active
A0A178VW71,UniProtKB/TrEMBL,1.0,Active
A0A5S9X0Z8,UniProtKB/TrEMBL,1.0,Active
A0A0E4B2Z5,UniProtKB/TrEMBL,1.0,Active
A0A178VAB6,UniProtKB/TrEMBL,1.0,Active
Q56ZC7,UniProtKB/TrEMBL,1.0,Active
A0A1P8BCW1,UniProtKB/TrEMBL,1.0,Active
Q8GX34,UniProtKB/TrEMBL,2.0,Active
A0A178V996,UniProtKB/TrEMBL,1.0,Active
Q8GWS4,UniProtKB/TrEMBL,1.0,Active
Q56YQ9,UniProtKB/TrEMBL,1.0,Active
C7FB19,UniProtKB/TrEMBL,1.0,Active
A0A178UAD7,UniProtKB/TrEMBL,2.0,Active
A0A178UYI9,UniProtKB/TrEMBL,1.0,Active
Q0WM36,UniProtKB/TrEMBL,1.0,Active
A0A178WN22,UniProtKB/TrEMBL,1.0,Active
Q56ZI6,UniProtKB/TrEMBL,2.0,Active
A0A7G2FGP6,UniProtKB/TrEMBL,1.0,Active
A0A5S9X0K7,UniProtKB/TrEMBL,2.0,Active
B2CSP1,UniProtKB/TrEMBL,1.0,Active
A0A654FHL4,UniProtKB/TrEMBL,1.0,Active
A0A178UGN8,UniProtKB/TrEMBL,1.0,Active
A0A178U9K5,UniProtKB/TrEMBL,1.0,Active
A0A178VRK2,UniProtKB/TrEMBL,1.0,Active
Q56ZV6,UniProtKB/TrEMBL,1.0,Active
A0A7G2EFC0,UniProtKB/TrEMBL,1.0,Active
B9DI17,UniProtKB/TrEMBL,1.0,Active
Q19GT3,UniProtKB/TrEMBL,1.0,Active
Q9FIC3,UniProtKB/Swiss-Prot,5.0,Active
A0A7G2DRY8,UniProtKB/TrEMBL,1.0,Active
A0A7G2DU53,UniProtKB/TrEMBL,1.0,Active
A0A1P8ATF1,UniProtKB/TrEMBL,2.0,Active
A0A178W1F2,UniProtKB/TrEMBL,1.0,Active
C0Z386,UniProtKB/TrEMBL,1.0,Active
A0A178V5J2,UniProtKB/TrEMBL,1.0,Active
A0A1I9LND0,UniProtKB/TrEMBL,1.0,Active
A0A5S9WR65,UniProtKB/TrEMBL,1.0,Active
A0A178WJE9,UniProtKB/TrEMBL,1.0,Active
Q6RF43,UniProtKB/TrEMBL,1.0,Active
A0A7G2E0H2,UniProtKB/TrEMBL,1.0,Active
Q19H29,UniProtKB/TrEMBL,1.0,Active
O64955,UniProtKB/TrEMBL,1.0,Active
A0A178VSL9,UniProtKB/TrEMBL,1.0,Active
A0A178V383,UniProtKB/TrEMBL,2.0,Active
A0A178UPT7,UniProtKB/TrEMBL,1.0,Active
Q683C5,UniProtKB/TrEMBL,1.0,Active
A0A178VX55,UniProtKB/TrEMBL,1.0,Active
Q56X20,UniProtKB/TrEMBL,1.0,Active
F4HQN3,UniProtKB/TrEMBL,1.0,Active
Q9FXJ9,UniProtKB/TrEMBL,1.0,Active
A0A178VIC5,UniProtKB/TrEMBL,2.0,Active
A0A178UXK8,UniProtKB/TrEMBL,1.0,Active
A0A178UYH0,UniProtKB/TrEMBL,1.0,Active
Q8L6Y6,UniProtKB/TrEMBL,1.0,Active
P0CAY2,UniProtKB/Swiss-Prot,2.0,Active
A0A178VIW3,UniProtKB/TrEMBL,1.0,Active
A0A178UMB4,UniProtKB/TrEMBL,1.0,Active
A0A7G2E4Q0,UniProtKB/TrEMBL,1.0,Active
A0A384KLB8,UniProtKB/TrEMBL,2.0,Active
A0A1P8AXJ0,UniProtKB/TrEMBL,2.0,Active
A0A178UQG7,UniProtKB/TrEMBL,1.0,Active
C0SVD0,UniProtKB/TrEMBL,1.0,Active
A0A178VDM5,UniProtKB/TrEMBL,2.0,Active
A0A178WKY9,UniProtKB/TrEMBL,2.0,Active
O82097,UniProtKB/TrEMBL,1.0,Active
Q9FGY0,UniProtKB/TrEMBL,1.0,Active
Q9FMP4,UniProtKB/Swiss-Prot,2.0,Active
A0A178VRD0,UniProtKB/TrEMBL,1.0,Active
A0A178VFN9,UniProtKB/TrEMBL,2.0,Active
A0A654GBB8,UniProtKB/TrEMBL,1.0,Active
Q6ID24,UniProtKB/TrEMBL,1.0,Active
A0A178U9A3,UniProtKB/TrEMBL,1.0,Active
A0A178WI55,UniProtKB/TrEMBL,1.0,Active
A0A178V6F3,UniProtKB/TrEMBL,1.0,Active
A0A654EJ54,UniProtKB/TrEMBL,1.0,Active
Q19FN0,UniProtKB/TrEMBL,1.0,Active
A0A178VXA1,UniProtKB/TrEMBL,1.0,Active
A0A654EZ43,UniProtKB/TrEMBL,1.0,Active
A0A5S9WU11,UniProtKB/TrEMBL,1.0,Active
Q570E6,UniProtKB/TrEMBL,1.0,Active
A0A7G2EAA3,UniProtKB/TrEMBL,1.0,Active
A0A1I9LP15,UniProtKB/TrEMBL,1.0,Active
A0A178W9Z6,UniProtKB/TrEMBL,1.0,Active
A0A178WNA3,UniProtKB/TrEMBL,1.0,Active
E1A8B1,UniProtKB/TrEMBL,1.0,Active
Q8H7E5,UniProtKB/TrEMBL,2.0,Active
A0A178VC03,UniProtKB/TrEMBL,1.0,Active
A0A384LHQ6,UniProtKB/TrEMBL,1.0,Active
A0A1P8BCZ7,UniProtKB/TrEMBL,1.0,Active
A0A1B1W4Y6,UniProtKB/TrEMBL,2.0,Active
A0A178ULY3,UniProtKB/TrEMBL,1.0,Active
A0A178UQ61,UniProtKB/TrEMBL,1.0,Active
A0A1I9LSH7,UniProtKB/TrEMBL,2.0,Active
A0A384KT90,UniProtKB/TrEMBL,2.0,Active
A0A0E4FLL0,UniProtKB/TrEMBL,1.0,Active
A0A178W9I3,UniProtKB/TrEMBL,1.0,Active
A0A5S9X6Y2,UniProtKB/TrEMBL,1.0,Active
A0A178USD1,UniProtKB/TrEMBL,2.0,Active
A0A5S9UNX1,UniProtKB/TrEMBL,1.0,Active
A0A178W8B5,UniProtKB/TrEMBL,1.0,Active
A0A178UK97,UniProtKB/TrEMBL,1.0,Active
A0A5S9XFT7,UniProtKB/TrEMBL,1.0,Active
A0A178WN93,UniProtKB/TrEMBL,1.0,Active
A0A654EY16,UniProtKB/TrEMBL,1.0,Active
Q9SAS0,UniProtKB/TrEMBL,1.0,Active
Q19HY0,UniProtKB/TrEMBL,1.0,Active
A0A178UG64,UniProtKB/TrEMBL,1.0,Active
Q9FJY4,UniProtKB/TrEMBL,1.0,Active
F4I670,UniProtKB/TrEMBL,1.0,Active
Q9ZPQ9,UniProtKB/TrEMBL,1.0,Active
A0A178UZF4,UniProtKB/TrEMBL,1.0,Active
A0A1I9LNL4,UniProtKB/TrEMBL,1.0,Active
A0A178VCV3,UniProtKB/TrEMBL,1.0,Active
A0A654FZY4,UniProtKB/TrEMBL,1.0,Active
A0A178VUQ5,UniProtKB/TrEMBL,1.0,Active
A0A384KVY1,UniProtKB/TrEMBL,2.0,Active
A0A178VNT0,UniProtKB/TrEMBL,1.0,Active
Q19IF1,UniProtKB/TrEMBL,1.0,Active
A0A5S9Y9F0,UniProtKB/TrEMBL,1.0,Active
P30187,UniProtKB/Swiss-Prot,4.0,Active
A0A7G2FGS4,UniProtKB/TrEMBL,1.0,Active
A0A178VPG9,UniProtKB/TrEMBL,1.0,Active
A0A076K006,UniProtKB/TrEMBL,1.0,Active
A0A7G2EYE4,UniProtKB/TrEMBL,1.0,Active
F4IT14,UniProtKB/TrEMBL,1.0,Active
A0A178UCV1,UniProtKB/TrEMBL,1.0,Active
A0A7G2EA39,UniProtKB/TrEMBL,1.0,Active
A0A178W210,UniProtKB/TrEMBL,2.0,Active
A0A178V9L5,UniProtKB/TrEMBL,1.0,Active
A0A7G2EGL8,UniProtKB/TrEMBL,1.0,Active
A8MR06,UniProtKB/TrEMBL,1.0,Active
A0A178VPR3,UniProtKB/TrEMBL,1.0,Active
F4I9N5,UniProtKB/TrEMBL,1.0,Active
A0A654EGB8,UniProtKB/TrEMBL,1.0,Active
A0A178UAU1,UniProtKB/TrEMBL,1.0,Active
A0A7G2FLV4,UniProtKB/TrEMBL,1.0,Active
A0A178U7S4,UniProtKB/TrEMBL,1.0,Active
A0A178WJB2,UniProtKB/TrEMBL,1.0,Active
A0A178UHT6,UniProtKB/TrEMBL,1.0,Active
A0MEI8,UniProtKB/TrEMBL,1.0,Active
Q9SYF1,UniProtKB/TrEMBL,1.0,Active
Q56Z52,UniProtKB/TrEMBL,1.0,Active
A0A178VCZ8,UniProtKB/TrEMBL,1.0,Active
O49803,UniProtKB/TrEMBL,1.0,Active
P56802,UniProtKB/Swiss-Prot,3.0,Active
Q1PF28,UniProtKB/TrEMBL,1.0,Active
A5YVT8,UniProtKB/TrEMBL,1.0,Active
Q56WG4,UniProtKB/TrEMBL,1.0,Active
A0A178V1F7,UniProtKB/TrEMBL,1.0,Active
A0A178WCF2,UniProtKB/TrEMBL,1.0,Active
A0A178WGM4,UniProtKB/TrEMBL,1.0,Active
A0A7G2EGL7,UniProtKB/TrEMBL,1.0,Active
A0MF11,UniProtKB/TrEMBL,1.0,Active
F4J9E4,UniProtKB/TrEMBL,1.0,Active
A0A654EM45,UniProtKB/TrEMBL,1.0,Active
Q9LYJ3,UniProtKB/TrEMBL,3.0,Active
A0A7G2F3E9,UniProtKB/TrEMBL,1.0,Active
Q9ZPE2,UniProtKB/TrEMBL,1.0,Active
Q56ZA6,UniProtKB/TrEMBL,1.0,Active
A0A178WKE5,UniProtKB/TrEMBL,1.0,Active
A0A5S9WJ14,UniProtKB/TrEMBL,1.0,Active
A0A178W785,UniProtKB/TrEMBL,1.0,Active
A0A178U8V8,UniProtKB/TrEMBL,1.0,Active
Q570C9,UniProtKB/TrEMBL,1.0,Active
Q0WMI2,UniProtKB/TrEMBL,1.0,Active
A0A7G2FC93,UniProtKB/TrEMBL,1.0,Active
Q9C805,UniProtKB/TrEMBL,1.0,Active
A0A7G2E069,UniProtKB/TrEMBL,1.0,Active
A0A178VMC8,UniProtKB/TrEMBL,1.0,Active
Q8RXS2,UniProtKB/TrEMBL,1.0,Active
A0A178VL70,UniProtKB/TrEMBL,1.0,Active
A0A178V1W4,UniProtKB/TrEMBL,1.0,Active
A0A5S9WU27,UniProtKB/TrEMBL,1.0,Active
A0A178UFY9,UniProtKB/TrEMBL,1.0,Active
Q56ZQ4,UniProtKB/TrEMBL,1.0,Active
A8MR90,UniProtKB/TrEMBL,1.0,Active
A0A654FGZ5,UniProtKB/TrEMBL,1.0,Active
A0A178UNC1,UniProtKB/TrEMBL,1.0,Active
A0A178WD07,UniProtKB/TrEMBL,1.0,Active
A0A178WIR2,UniProtKB/TrEMBL,1.0,Active
A0A178UPQ1,UniProtKB/TrEMBL,1.0,Active
A0A178VRI1,UniProtKB/TrEMBL,1.0,Active
A0A178UNG6,UniProtKB/TrEMBL,1.0,Active
A0A7G2FF18,UniProtKB/TrEMBL,1.0,Active
O04644,UniProtKB/TrEMBL,1.0,Active
A0A178WB17,UniProtKB/TrEMBL,1.0,Active
A0A384L7B9,UniProtKB/TrEMBL,1.0,Active
O64866,UniProtKB/TrEMBL,1.0,Active
A0A654F263,UniProtKB/TrEMBL,1.0,Active
B3H6Z2,UniProtKB/TrEMBL,1.0,Active
A0A5S9WSY7,UniProtKB/TrEMBL,1.0,Active
A0A384KK41,UniProtKB/TrEMBL,1.0,Active
A0A5S9XED5,UniProtKB/TrEMBL,1.0,Active
A0A178VJ43,UniProtKB/TrEMBL,1.0,Active
A0A178UYM3,UniProtKB/TrEMBL,1.0,Active
A9JNV7,UniProtKB/TrEMBL,1.0,Active
Q1PFL2,UniProtKB/TrEMBL,1.0,Active
A0A178W435,UniProtKB/TrEMBL,1.0,Active
Q9LMQ0,UniProtKB/TrEMBL,1.0,Active
A0A178U8V7,UniProtKB/TrEMBL,1.0,Active
Q6NMD3,UniProtKB/TrEMBL,1.0,Active
A0A654FP13,UniProtKB/TrEMBL,1.0,Active
Q9SJZ5,UniProtKB/Swiss-Prot,2.0,Active
A0A178UW91,UniProtKB/TrEMBL,1.0,Active
A0A178W5Q2,UniProtKB/TrEMBL,1.0,Active
A0A1P8AW70,UniProtKB/TrEMBL,1.0,Active
Q9SJ28,UniProtKB/TrEMBL,1.0,Active
Q9FXI0,UniProtKB/Swiss-Prot,2.0,Active
Q9SJ42,UniProtKB/TrEMBL,2.0,Active
A0A1P8BBP7,UniProtKB/TrEMBL,1.0,Active
A0A178V5V4,UniProtKB/TrEMBL,1.0,Active
Q570B2,UniProtKB/TrEMBL,2.0,Active
F4K3D6,UniProtKB/TrEMBL,2.0,Active
A0A178UYK0,UniProtKB/TrEMBL,1.0,Active
Q9MBG6,UniProtKB/TrEMBL,1.0,Active
A0A178W443,UniProtKB/TrEMBL,1.0,Active
A0A1P8BAF0,UniProtKB/TrEMBL,1.0,Active
M9P2T8,UniProtKB/TrEMBL,1.0,Active
A0A178V885,UniProtKB/TrEMBL,2.0,Active
Q1PEE7,UniProtKB/TrEMBL,1.0,Active
A0A178V4G1,UniProtKB/TrEMBL,2.0,Active
A0A178UM59,UniProtKB/TrEMBL,1.0,Active
A0A178V5C4,UniProtKB/TrEMBL,1.0,Active
A0A178W016,UniProtKB/TrEMBL,1.0,Active
F4I3J7,UniProtKB/TrEMBL,1.0,Active
A0A178V221,UniProtKB/TrEMBL,1.0,Active
A0A5S9Y9D6,UniProtKB/TrEMBL,1.0,Active
A0A178V2R5,UniProtKB/TrEMBL,2.0,Active
A0A1P8B218,UniProtKB/TrEMBL,2.0,Active
Q19DV1,UniProtKB/TrEMBL,1.0,Active
Q9XI31,UniProtKB/Swiss-Prot,5.0,Active
A0A7G2FKX7,UniProtKB/TrEMBL,1.0,Active
A0A654F2X6,UniProtKB/TrEMBL,1.0,Active
Q93VP3,UniProtKB/Swiss-Prot,5.0,Active
Q8LC34,UniProtKB/TrEMBL,1.0,Active
A0A178UM49,UniProtKB/TrEMBL,1.0,Active
A0A178VHU3,UniProtKB/TrEMBL,1.0,Active
Q9ZQX4,UniProtKB/Swiss-Prot,3.0,Active
Q2V3Y1,UniProtKB/TrEMBL,1.0,Active
A0A178UV90,UniProtKB/TrEMBL,2.0,Active
F4JVC1,UniProtKB/TrEMBL,3.0,Active
A0A7G2ERK6,UniProtKB/TrEMBL,1.0,Active
A0A7G2DV77,UniProtKB/TrEMBL,1.0,Active
Q9LMX2,UniProtKB/TrEMBL,1.0,Active
A0A178UML9,UniProtKB/TrEMBL,1.0,Active
A0A1I9LLM4,UniProtKB/TrEMBL,1.0,Active
A0A7G2EDV8,UniProtKB/TrEMBL,1.0,Active
Q593N9,UniProtKB/TrEMBL,1.0,Active
A0A7G2DVA0,UniProtKB/TrEMBL,1.0,Active
A0A288SYR5,UniProtKB/TrEMBL,1.0,Active
A0A1P8AZ71,UniProtKB/TrEMBL,1.0,Active
Q3E6Z1,UniProtKB/TrEMBL,1.0,Active
A0A654G3Y7,UniProtKB/TrEMBL,1.0,Active
A0A178UB89,UniProtKB/TrEMBL,1.0,Active
A0A5S9WK44,UniProtKB/TrEMBL,1.0,Active
A0A178WN58,UniProtKB/TrEMBL,1.0,Active
A0A384KGJ4,UniProtKB/TrEMBL,2.0,Active
F4HNT3,UniProtKB/TrEMBL,2.0,Active
A0A654EGR7,UniProtKB/TrEMBL,1.0,Active
Q8GZ03,UniProtKB/TrEMBL,1.0,Active
Q9SW54,UniProtKB/TrEMBL,1.0,Active
O49768,UniProtKB/TrEMBL,1.0,Active
A0A178W6R0,UniProtKB/TrEMBL,1.0,Active
A0A7G2FK65,UniProtKB/TrEMBL,1.0,Active
A0A654EIQ6,UniProtKB/TrEMBL,1.0,Active
Q56ZM9,UniProtKB/TrEMBL,1.0,Active
Q9FKC6,UniProtKB/Swiss-Prot,3.0,Active
A0A178WGM2,UniProtKB/TrEMBL,1.0,Active
A0A7G2F1Y6,UniProtKB/TrEMBL,1.0,Active
A0A178UC77,UniProtKB/TrEMBL,1.0,Active
E1A8L8,UniProtKB/TrEMBL,1.0,Active
A0A178VAW9,UniProtKB/TrEMBL,1.0,Active
A0A1P8B0P9,UniProtKB/TrEMBL,1.0,Active
Q3EDD8,UniProtKB/TrEMBL,1.0,Active
A0A7G2E0Q3,UniProtKB/TrEMBL,1.0,Active
Q8S8R4,UniProtKB/TrEMBL,1.0,Active
A0A5S9X309,UniProtKB/TrEMBL,1.0,Active
Q8VZU1,UniProtKB/TrEMBL,1.0,Active
F4JV93,UniProtKB/TrEMBL,1.0,Active
A0A1B1W4X3,UniProtKB/TrEMBL,2.0,Active
A0A178UK56,UniProtKB/TrEMBL,1.0,Active
A0A654EMN8,UniProtKB/TrEMBL,1.0,Active
A0A178VEG7,UniProtKB/TrEMBL,1.0,Active
Q9LTF0,UniProtKB/TrEMBL,1.0,Active
Q3E970,UniProtKB/TrEMBL,1.0,Active
A0A178VI63,UniProtKB/TrEMBL,2.0,Active
A0A5S9YGM5,UniProtKB/TrEMBL,1.0,Active
A0A178WF87,UniProtKB/TrEMBL,1.0,Active
A0A178UGW0,UniProtKB/TrEMBL,1.0,Active
Q9SFF7,UniProtKB/Swiss-Prot,2.0,Active
A0A5S9WS94,UniProtKB/TrEMBL,1.0,Active
A0A178UU28,UniProtKB/TrEMBL,1.0,Active
A0A654F3P1,UniProtKB/TrEMBL,1.0,Active
Q7Y1X5,UniProtKB/TrEMBL,2.0,Active
A0A178UX47,UniProtKB/TrEMBL,1.0,Active
B9DI50,UniProtKB/TrEMBL,1.0,Active
A0A178UMX4,UniProtKB/TrEMBL,1.0,Active
A0A178WPI1,UniProtKB/TrEMBL,1.0,Active
Q5XVH3,UniProtKB/TrEMBL,1.0,Active
Q9S9T4,UniProtKB/TrEMBL,1.0,Active
A0A178V3R3,UniProtKB/TrEMBL,1.0,Active
A0A178VPQ7,UniProtKB/TrEMBL,1.0,Active
Q7Y0R9,UniProtKB/TrEMBL,1.0,Active
A0A1P8BGM5,UniProtKB/TrEMBL,1.0,Active
Q93ZB8,UniProtKB/TrEMBL,1.0,Active
A0A1P8BEI6,UniProtKB/TrEMBL,1.0,Active
A0A384LNN0,UniProtKB/TrEMBL,1.0,Active
A0A178W1S4,UniProtKB/TrEMBL,2.0,Active
A0A5S9XW01,UniProtKB/TrEMBL,1.0,Active
A0A178UUY5,UniProtKB/TrEMBL,1.0,Active
Q570J2,UniProtKB/TrEMBL,1.0,Active
A0A5S9WPX8,UniProtKB/TrEMBL,1.0,Active
A0A178W7W7,UniProtKB/TrEMBL,1.0,Active
A0A7G2DRJ7,UniProtKB/TrEMBL,2.0,Active
Q2HIM4,UniProtKB/TrEMBL,1.0,Active
A0A1P8BB23,UniProtKB/TrEMBL,1.0,Active
Q9FGC6,UniProtKB/TrEMBL,1.0,Active
A0A178UXY2,UniProtKB/TrEMBL,1.0,Active
Q940G3,UniProtKB/TrEMBL,2.0,Active
A0MC02,UniProtKB/TrEMBL,1.0,Active
A0A1P8B1H1,UniProtKB/TrEMBL,1.0,Active
A0A178UL87,UniProtKB/TrEMBL,1.0,Active
A0A178U806,UniProtKB/TrEMBL,1.0,Active
Q0WR36,UniProtKB/TrEMBL,1.0,Active
A0A178VWX0,UniProtKB/TrEMBL,2.0,Active
A0A178V016,UniProtKB/TrEMBL,1.0,Active
A0A178UES7,UniProtKB/TrEMBL,1.0,Active
A0A178VDI0,UniProtKB/TrEMBL,2.0,Active
A0A178V1G7,UniProtKB/TrEMBL,1.0,Active
A0A178UNF6,UniProtKB/TrEMBL,1.0,Active
A0A1P8AZY5,UniProtKB/TrEMBL,1.0,Active
A0A178WB49,UniProtKB/TrEMBL,1.0,Active
F4KHL6,UniProtKB/Swiss-Prot,2.0,Active
Q9C7K5,UniProtKB/TrEMBL,1.0,Active
Q9ZPV8,UniProtKB/Swiss-Prot,5.0,Active
A0A7G2EA99,UniProtKB/TrEMBL,1.0,Active
A0A178WC31,UniProtKB/TrEMBL,1.0,Active
Q84VZ4,UniProtKB/TrEMBL,1.0,Active
A0A178UGW6,UniProtKB/TrEMBL,1.0,Active
A0A178V795,UniProtKB/TrEMBL,2.0,Active
A0A178WMN1,UniProtKB/TrEMBL,1.0,Active
A0A178VEY6,UniProtKB/TrEMBL,1.0,Active
C0Z365,UniProtKB/TrEMBL,1.0,Active
A0A1P8BBH0,UniProtKB/TrEMBL,1.0,Active
A0A7G2F8A7,UniProtKB/TrEMBL,1.0,Active
A0A654EKN8,UniProtKB/TrEMBL,1.0,Active
A0A178W811,UniProtKB/TrEMBL,1.0,Active
O49791,UniProtKB/TrEMBL,1.0,Active
A0A178UCY5,UniProtKB/TrEMBL,1.0,Active
Q84X34,UniProtKB/TrEMBL,1.0,Active
A0A5S9XWQ6,UniProtKB/TrEMBL,1.0,Active
A0A5S9X6K2,UniProtKB/TrEMBL,1.0,Active
A0A178VPU2,UniProtKB/TrEMBL,1.0,Active
A0A178VC05,UniProtKB/TrEMBL,2.0,Active
Q8RXZ6,UniProtKB/TrEMBL,1.0,Active
A0A178UZU6,UniProtKB/TrEMBL,2.0,Active
O49786,UniProtKB/TrEMBL,1.0,Active
Q9ZUI2,UniProtKB/TrEMBL,1.0,Active
A0A5S9WNA4,UniProtKB/TrEMBL,1.0,Active
A0A5S9Y021,UniProtKB/TrEMBL,1.0,Active
Q8GYP1,UniProtKB/TrEMBL,1.0,Active
Q570K3,UniProtKB/TrEMBL,1.0,Active
A0A178UX73,UniProtKB/TrEMBL,1.0,Active
A0A178VDG2,UniProtKB/TrEMBL,1.0,Active
A0A178UTU6,UniProtKB/TrEMBL,1.0,Active
A0A5S9WUA2,UniProtKB/TrEMBL,1.0,Active
A0A178U997,UniProtKB/TrEMBL,1.0,Active
A0A7G2EIJ5,UniProtKB/TrEMBL,1.0,Active
Q9SAA0,UniProtKB/TrEMBL,2.0,Active
A0A178U950,UniProtKB/TrEMBL,3.0,Active
F4KGN7,UniProtKB/TrEMBL,1.0,Active
Q9LQ39,UniProtKB/TrEMBL,1.0,Active
Q5XUZ7,UniProtKB/TrEMBL,1.0,Active
Q84JU0,UniProtKB/TrEMBL,1.0,Active
A0A178VT06,UniProtKB/TrEMBL,1.0,Active
Q9LUV1,UniProtKB/Swiss-Prot,4.0,Active
A0A7G2FAP9,UniProtKB/TrEMBL,1.0,Active
A0A7G2EI01,UniProtKB/TrEMBL,1.0,Active
A0A178VUQ2,UniProtKB/TrEMBL,1.0,Active
Q9C6I0,UniProtKB/TrEMBL,1.0,Active
Q9M1P2,UniProtKB/TrEMBL,2.0,Active
A0A178WEV5,UniProtKB/TrEMBL,1.0,Active
A0A178VB58,UniProtKB/TrEMBL,1.0,Active
A0A654FDQ7,UniProtKB/TrEMBL,2.0,Active
A0A178USX2,UniProtKB/TrEMBL,1.0,Active
F4HTG9,UniProtKB/TrEMBL,1.0,Active
Q56Z33,UniProtKB/TrEMBL,1.0,Active
A0A178VN48,UniProtKB/TrEMBL,1.0,Active
A0A178UCK0,UniProtKB/TrEMBL,1.0,Active
A0A7G2F5D7,UniProtKB/TrEMBL,1.0,Active
O65686,UniProtKB/Swiss-Prot,5.0,Active
A0A654EYC9,UniProtKB/TrEMBL,1.0,Active
Q9FMA7,UniProtKB/TrEMBL,2.0,Active
O49772,UniProtKB/TrEMBL,1.0,Active
A0A1P8BE80,UniProtKB/TrEMBL,2.0,Active
Q56Z58,UniProtKB/TrEMBL,1.0,Active
O49383,UniProtKB/TrEMBL,1.0,Active
A0A5S9XR81,UniProtKB/TrEMBL,1.0,Active
A0A178WHY6,UniProtKB/TrEMBL,1.0,Active
A0A178WBR1,UniProtKB/TrEMBL,1.0,Active
A0A654GF48,UniProtKB/TrEMBL,1.0,Active
A0A178VWK6,UniProtKB/TrEMBL,2.0,Active
Q0WRD8,UniProtKB/TrEMBL,1.0,Active
A0A654FDC3,UniProtKB/TrEMBL,1.0,Active
Q570G2,UniProtKB/TrEMBL,1.0,Active
A0A178V3S6,UniProtKB/TrEMBL,1.0,Active
O80711,UniProtKB/TrEMBL,1.0,Active
Q9LNF2,UniProtKB/Swiss-Prot,4.0,Active
Q9SYF2,UniProtKB/TrEMBL,1.0,Active
A0A178UQE3,UniProtKB/TrEMBL,1.0,Active
Q56Z99,UniProtKB/TrEMBL,1.0,Active
Q940U1,UniProtKB/TrEMBL,1.0,Active
A0A178V379,UniProtKB/TrEMBL,1.0,Active
Q0WN71,UniProtKB/Swiss-Prot,2.0,Active
Q9SYE9,UniProtKB/TrEMBL,1.0,Active
Q1PFQ1,UniProtKB/TrEMBL,1.0,Active
Q9SMU7,UniProtKB/Swiss-Prot,2.0,Active
A0A384KZP1,UniProtKB/TrEMBL,1.0,Active
A0A1P8B842,UniProtKB/TrEMBL,3.0,Active
Q9FI65,UniProtKB/TrEMBL,1.0,Active
Q9LT94,UniProtKB/TrEMBL,1.0,Active
Q6IDA8,UniProtKB/TrEMBL,1.0,Active
A0A178UZ44,UniProtKB/TrEMBL,1.0,Active
A0A178WN71,UniProtKB/TrEMBL,2.0,Active
A0A178VZJ9,UniProtKB/TrEMBL,1.0,Active
A0A178UZ01,UniProtKB/TrEMBL,1.0,Active
A0A178UWT5,UniProtKB/TrEMBL,1.0,Active
B3H5T5,UniProtKB/TrEMBL,1.0,Active
Q8LEQ8,UniProtKB/TrEMBL,1.0,Active
A0A178VQT4,UniProtKB/TrEMBL,2.0,Active
F4K627,UniProtKB/TrEMBL,2.0,Active
O81061,UniProtKB/TrEMBL,1.0,Active
Q9FLY6,UniProtKB/Swiss-Prot,2.0,Active
Q9FHF7,UniProtKB/TrEMBL,1.0,Active
C0Z3K8,UniProtKB/TrEMBL,1.0,Active
A0A178UR62,UniProtKB/TrEMBL,1.0,Active
A0A178VTV9,UniProtKB/TrEMBL,1.0,Active
Q7Y202,UniProtKB/TrEMBL,1.0,Active
A0A178WD68,UniProtKB/TrEMBL,2.0,Active
A0A178U944,UniProtKB/TrEMBL,2.0,Active
A0A7G2EAS0,UniProtKB/TrEMBL,1.0,Active
Q94AZ4,UniProtKB/Swiss-Prot,3.0,Active
C0Z2Z9,UniProtKB/TrEMBL,2.0,Active
A0A7G2DVM3,UniProtKB/TrEMBL,1.0,Active
F4J9R7,UniProtKB/TrEMBL,1.0,Active
A0A178UB77,UniProtKB/TrEMBL,1.0,Active
A0A1I9LSV6,UniProtKB/TrEMBL,1.0,Active
A0A178UYD5,UniProtKB/TrEMBL,1.0,Active
A0A7G2E3A6,UniProtKB/TrEMBL,1.0,Active
A0A5S9XK54,UniProtKB/TrEMBL,2.0,Active
Q56ZH9,UniProtKB/TrEMBL,1.0,Active
A0A178V9U8,UniProtKB/TrEMBL,1.0,Active
B9DHX7,UniProtKB/TrEMBL,1.0,Active
A0A178W6G2,UniProtKB/TrEMBL,1.0,Active
A0A5S9Y867,UniProtKB/TrEMBL,1.0,Active
A0A178WH65,UniProtKB/TrEMBL,2.0,Active
A0A178VP88,UniProtKB/TrEMBL,1.0,Active
Q93ZA5,UniProtKB/Swiss-Prot,2.0,Active
A0A178VSJ5,UniProtKB/TrEMBL,1.0,Active
A0A7G2F2L5,UniProtKB/TrEMBL,1.0,Active
F4JM05,UniProtKB/TrEMBL,2.0,Active
A0A178UPH6,UniProtKB/TrEMBL,2.0,Active
F4HWK0,UniProtKB/TrEMBL,1.0,Active
A0A178W517,UniProtKB/TrEMBL,1.0,Active
A0A7G2ET97,UniProtKB/TrEMBL,1.0,Active
A0A384L4Y9,UniProtKB/TrEMBL,1.0,Active
Q56W09,UniProtKB/TrEMBL,1.0,Active
Q0WMC6,UniProtKB/TrEMBL,2.0,Active
A0ME80,UniProtKB/TrEMBL,1.0,Active
A0A5S9XW25,UniProtKB/TrEMBL,2.0,Active
A0A178VY81,UniProtKB/TrEMBL,2.0,Active
A0A288SSB8,UniProtKB/TrEMBL,1.0,Active
A0A7G2DZV0,UniProtKB/TrEMBL,1.0,Active
A0A178U8Y3,UniProtKB/TrEMBL,1.0,Active
A0A178UXV1,UniProtKB/TrEMBL,1.0,Active
A0A178UZX4,UniProtKB/TrEMBL,1.0,Active
Q8GWT9,UniProtKB/TrEMBL,1.0,Active
Q680L9,UniProtKB/TrEMBL,1.0,Active
A0A5S9XJ89,UniProtKB/TrEMBL,1.0,Active
A0A5S9XEH0,UniProtKB/TrEMBL,1.0,Active
O49517,UniProtKB/TrEMBL,2.0,Active
P82627,UniProtKB/Swiss-Prot,2.0,Active
A0A178UBZ0,UniProtKB/TrEMBL,1.0,Active
A0A1P8ASE2,UniProtKB/TrEMBL,2.0,Active
A0A654EZ48,UniProtKB/TrEMBL,1.0,Active
A0A178UHI4,UniProtKB/TrEMBL,1.0,Active
A0A1I9LQM7,UniProtKB/TrEMBL,2.0,Active
Q9FJW4,UniProtKB/Swiss-Prot,5.0,Active
A0A178ULQ7,UniProtKB/TrEMBL,1.0,Active
Q9XIE3,UniProtKB/Swiss-Prot,4.0,Active
A0A5S9XZB1,UniProtKB/TrEMBL,1.0,Active
B2CT35,UniProtKB/TrEMBL,1.0,Active
A0A654FWZ4,UniProtKB/TrEMBL,1.0,Active
A0A654FRN0,UniProtKB/TrEMBL,1.0,Active
A0A7G2DUM0,UniProtKB/TrEMBL,1.0,Active
A0A0B4UMT5,UniProtKB/TrEMBL,1.0,Active
A0A5S9YCE7,UniProtKB/TrEMBL,1.0,Active
A0A178W2Y6,UniProtKB/TrEMBL,1.0,Active
Q9LXN5,UniProtKB/TrEMBL,1.0,Active
A0A178V0V3,UniProtKB/TrEMBL,2.0,Active
A0A384LA38,UniProtKB/TrEMBL,1.0,Active
Q67XT7,UniProtKB/TrEMBL,1.0,Active
Q56WK2,UniProtKB/TrEMBL,1.0,Active
A0A5S9WTQ3,UniProtKB/TrEMBL,1.0,Active
A0A178VL66,UniProtKB/TrEMBL,1.0,Active
A0A7G2EKZ4,UniProtKB/TrEMBL,1.0,Active
A0A7G2EWU2,UniProtKB/TrEMBL,1.0,Active
A0A178U831,UniProtKB/TrEMBL,1.0,Active
F4IBJ7,UniProtKB/TrEMBL,2.0,Active
A0A2H1ZE30,UniProtKB/TrEMBL,2.0,Active
B9DGU8,UniProtKB/TrEMBL,1.0,Active
Q9FF19,UniProtKB/Swiss-Prot,2.0,Active
Q56Z63,UniProtKB/TrEMBL,1.0,Active
A0A178V7U1,UniProtKB/TrEMBL,1.0,Active
A0A178VJN3,UniProtKB/TrEMBL,1.0,Active
Q9XH48,UniProtKB/Swiss-Prot,3.0,Active
Q56ZR5,UniProtKB/TrEMBL,1.0,Active
A0A5S9WYL5,UniProtKB/TrEMBL,1.0,Active
A0A178UJ14,UniProtKB/TrEMBL,1.0,Active
A0A178VPN8,UniProtKB/TrEMBL,1.0,Active
C0Z2H4,UniProtKB/TrEMBL,1.0,Active
A0A7G2E9E2,UniProtKB/TrEMBL,1.0,Active
A0A178WMF3,UniProtKB/TrEMBL,1.0,Active
A0A654FPA1,UniProtKB/TrEMBL,1.0,Active
F4IZU8,UniProtKB/TrEMBL,1.0,Active
A0A178VB10,UniProtKB/TrEMBL,1.0,Active
A0A5S9XQ87,UniProtKB/TrEMBL,1.0,Active
A0A178USE5,UniProtKB/TrEMBL,1.0,Active
Q56ZB3,UniProtKB/TrEMBL,1.0,Active
A0A7G2E975,UniProtKB/TrEMBL,1.0,Active
Q570A2,UniProtKB/TrEMBL,2.0,Active
Q9FK81,UniProtKB/Swiss-Prot,3.0,Active
A0A178V601,UniProtKB/TrEMBL,1.0,Active
A0A178UUZ7,UniProtKB/TrEMBL,2.0,Active
B3H6V8,UniProtKB/TrEMBL,1.0,Active
F4J2H2,UniProtKB/TrEMBL,1.0,Active
A0A384KMU4,UniProtKB/TrEMBL,1.0,Active
Q9ZQQ9,UniProtKB/TrEMBL,1.0,Active
Q6DR07,UniProtKB/TrEMBL,1.0,Active
A0A178WGS5,UniProtKB/TrEMBL,1.0,Active
A0A654FEJ0,UniProtKB/TrEMBL,1.0,Active
A0A178UG73,UniProtKB/TrEMBL,1.0,Active
A0A7G2F4K8,UniProtKB/TrEMBL,1.0,Active
B3H5Q9,UniProtKB/TrEMBL,1.0,Active
A0A178VB48,UniProtKB/TrEMBL,2.0,Active
A0A5S9X2N4,UniProtKB/TrEMBL,2.0,Active
A0A178UBB8,UniProtKB/TrEMBL,1.0,Active
A0A178V898,UniProtKB/TrEMBL,1.0,Active
Q9FVX1,UniProtKB/Swiss-Prot,3.0,Active
A0A178VAA7,UniProtKB/TrEMBL,1.0,Active
A0A1P8BCM4,UniProtKB/TrEMBL,2.0,Active
Q9FFT5,UniProtKB/TrEMBL,1.0,Active
A0A178UJB6,UniProtKB/TrEMBL,1.0,Active
Q8LG89,UniProtKB/Swiss-Prot,5.0,Active
Q56XW5,UniProtKB/TrEMBL,1.0,Active
Q56X58,UniProtKB/TrEMBL,1.0,Active
A0A1P8B7J0,UniProtKB/TrEMBL,1.0,Active
A0A5S9XGL7,UniProtKB/TrEMBL,1.0,Active
Q9ZV01,UniProtKB/TrEMBL,1.0,Active
A0A5S9Y8D6,UniProtKB/TrEMBL,1.0,Active
A0A178V405,UniProtKB/TrEMBL,1.0,Active
A0A178UFH3,UniProtKB/TrEMBL,1.0,Active
A0A178W6I3,UniProtKB/TrEMBL,1.0,Active
A0A654EXT5,UniProtKB/TrEMBL,1.0,Active
A0A178VJH6,UniProtKB/TrEMBL,1.0,Active
A0A178VTK3,UniProtKB/TrEMBL,2.0,Active
F4ICX5,UniProtKB/TrEMBL,1.0,Active
A0A178UEL2,UniProtKB/TrEMBL,1.0,Active
A0A178VW12,UniProtKB/TrEMBL,1.0,Active
A0A178V517,UniProtKB/TrEMBL,1.0,Active
A0A178UB53,UniProtKB/TrEMBL,1.0,Active
A0A178V5I3,UniProtKB/TrEMBL,1.0,Active
A0A654EN75,UniProtKB/TrEMBL,1.0,Active
A0A1P8AQK4,UniProtKB/TrEMBL,1.0,Active
C0Z2Q7,UniProtKB/TrEMBL,1.0,Active
Q3YIM9,UniProtKB/TrEMBL,1.0,Active
Q0WWG5,UniProtKB/TrEMBL,1.0,Active
A0A178UJ94,UniProtKB/TrEMBL,1.0,Active
Q570J1,UniProtKB/TrEMBL,1.0,Active
Q9SLM5,UniProtKB/TrEMBL,2.0,Active
Q9SKF5,UniProtKB/TrEMBL,1.0,Active
A0A178V5G0,UniProtKB/TrEMBL,1.0,Active
Q2V328,UniProtKB/Swiss-Prot,2.0,Active
Q7X7R5,UniProtKB/TrEMBL,1.0,Active
A0A384KQD1,UniProtKB/TrEMBL,2.0,Active
A0A654EKD9,UniProtKB/TrEMBL,1.0,Active
A0A178V0L8,UniProtKB/TrEMBL,1.0,Active
O23007,UniProtKB/TrEMBL,1.0,Active
A0A654FFV0,UniProtKB/TrEMBL,1.0,Active
A0A178W252,UniProtKB/TrEMBL,1.0,Active
F4JHP1,UniProtKB/TrEMBL,1.0,Active
A0A178V691,UniProtKB/TrEMBL,1.0,Active
A0A7G2EDN9,UniProtKB/TrEMBL,1.0,Active
A0A178VLS5,UniProtKB/TrEMBL,1.0,Active
A0A178W4C5,UniProtKB/TrEMBL,1.0,Active
A0A178URU4,UniProtKB/TrEMBL,1.0,Active
Q8VY85,UniProtKB/TrEMBL,1.0,Active
A0A178W3S3,UniProtKB/TrEMBL,2.0,Active
A0A178V0V9,UniProtKB/TrEMBL,1.0,Active
Q9STN5,UniProtKB/Swiss-Prot,1.0,Active
A0A654F561,UniProtKB/TrEMBL,1.0,Active
A0A384L2V2,UniProtKB/TrEMBL,1.0,Active
A0A7G2DVC3,UniProtKB/TrEMBL,2.0,Active
F4JN58,UniProtKB/TrEMBL,1.0,Active
A0A178VC10,UniProtKB/TrEMBL,2.0,Active
A0A178UP09,UniProtKB/TrEMBL,1.0,Active
Q38928,UniProtKB/TrEMBL,1.0,Active
A0A178W3W1,UniProtKB/TrEMBL,1.0,Active
A0A384KBE6,UniProtKB/TrEMBL,2.0,Active
A0A178UWP7,UniProtKB/TrEMBL,1.0,Active
A0A178UU17,UniProtKB/TrEMBL,1.0,Active
A0A178VAC2,UniProtKB/TrEMBL,2.0,Active
A0A178UKR4,UniProtKB/TrEMBL,1.0,Active
A0A178VNV8,UniProtKB/TrEMBL,1.0,Active
Q8L7H0,UniProtKB/TrEMBL,1.0,Active
B0FFQ6,UniProtKB/TrEMBL,1.0,Active
A0A654GEI9,UniProtKB/TrEMBL,2.0,Active
A0A178UDV9,UniProtKB/TrEMBL,1.0,Active
A0A178V888,UniProtKB/TrEMBL,1.0,Active
A0A178U9J1,UniProtKB/TrEMBL,1.0,Active
A0A1P8B163,UniProtKB/TrEMBL,1.0,Active
A8MRI8,UniProtKB/TrEMBL,1.0,Active
A0A178VZR4,UniProtKB/TrEMBL,1.0,Active
Q56ZN1,UniProtKB/TrEMBL,1.0,Active
C7FBC3,UniProtKB/TrEMBL,1.0,Active
Q3E9K9,UniProtKB/TrEMBL,1.0,Active
A0A7G2F4K5,UniProtKB/TrEMBL,1.0,Active
A0A178UJV7,UniProtKB/TrEMBL,2.0,Active
Q9FHH6,UniProtKB/TrEMBL,1.0,Active
Q94II5,UniProtKB/TrEMBL,1.0,Active
A0A178V211,UniProtKB/TrEMBL,1.0,Active
A0A178USF9,UniProtKB/TrEMBL,1.0,Active
A0A178VGS7,UniProtKB/TrEMBL,1.0,Active
Q19G45,UniProtKB/TrEMBL,1.0,Active
P82640,UniProtKB/Swiss-Prot,2.0,Active
O49789,UniProtKB/TrEMBL,1.0,Active
A0A5S9X8L7,UniProtKB/TrEMBL,1.0,Active
A0A178UIP9,UniProtKB/TrEMBL,1.0,Active
A0A178UVN7,UniProtKB/TrEMBL,1.0,Active
Q680L3,UniProtKB/TrEMBL,1.0,Active
Q8H188,UniProtKB/TrEMBL,1.0,Active
A0A178V6W4,UniProtKB/TrEMBL,1.0,Active
A0A178WMP6,UniProtKB/TrEMBL,1.0,Active
Q8H7D4,UniProtKB/TrEMBL,1.0,Active
A0A178UJX8,UniProtKB/TrEMBL,1.0,Active
A0A654G677,UniProtKB/TrEMBL,2.0,Active
A0A178V3I3,UniProtKB/TrEMBL,1.0,Active
A0A384KVJ5,UniProtKB/TrEMBL,2.0,Active
Q56ZE1,UniProtKB/TrEMBL,2.0,Active
A0A178W584,UniProtKB/TrEMBL,1.0,Active
A0A7G2ES29,UniProtKB/TrEMBL,1.0,Active
A0A178W840,UniProtKB/TrEMBL,1.0,Active
A0A178WGH4,UniProtKB/TrEMBL,1.0,Active
P82636,UniProtKB/Swiss-Prot,2.0,Active
A0A178VXG7,UniProtKB/TrEMBL,2.0,Active
A0A178WE75,UniProtKB/TrEMBL,2.0,Active
A0A178WM34,UniProtKB/TrEMBL,1.0,Active
A0A1P8B3H9,UniProtKB/TrEMBL,1.0,Active
A0A178VAN7,UniProtKB/TrEMBL,1.0,Active
A0A178VP57,UniProtKB/TrEMBL,1.0,Active
A0A178W7H6,UniProtKB/TrEMBL,1.0,Active
Q9ZUJ9,UniProtKB/TrEMBL,1.0,Active
A0A178WLM6,UniProtKB/TrEMBL,1.0,Active
Q8LCH9,UniProtKB/Swiss-Prot,2.0,Active
A0A178W7N0,UniProtKB/TrEMBL,1.0,Active
A0A178WFL0,UniProtKB/TrEMBL,1.0,Active
A0A384KD39,UniProtKB/TrEMBL,1.0,Active
A0A178U7I4,UniProtKB/TrEMBL,1.0,Active
A0A178W2G6,UniProtKB/TrEMBL,1.0,Active
A0A178VC27,UniProtKB/TrEMBL,1.0,Active
Q56YT9,UniProtKB/TrEMBL,1.0,Active
P28147,UniProtKB/Swiss-Prot,4.0,Active
A0A178V156,UniProtKB/TrEMBL,1.0,Active
P82781,UniProtKB/Swiss-Prot,2.0,Active
Q6ID71,UniProtKB/TrEMBL,1.0,Active
A0A178V6G6,UniProtKB/TrEMBL,1.0,Active
A0A5S9X9N9,UniProtKB/TrEMBL,2.0,Active
A0A1B1W4Y2,UniProtKB/TrEMBL,2.0,Active
Q56WF9,UniProtKB/TrEMBL,1.0,Active
A0A178WFY0,UniProtKB/TrEMBL,2.0,Active
A0A7G2EF55,UniProtKB/TrEMBL,1.0,Active
A0A178VHK1,UniProtKB/TrEMBL,1.0,Active
Q56ZW0,UniProtKB/TrEMBL,1.0,Active
A0A654FSM1,UniProtKB/TrEMBL,1.0,Active
Q84R18,UniProtKB/TrEMBL,1.0,Active
A0A7G2EGI6,UniProtKB/TrEMBL,2.0,Active
A0A178W041,UniProtKB/TrEMBL,1.0,Active
Q84K70,UniProtKB/Swiss-Prot,2.0,Active
A0A654G330,UniProtKB/TrEMBL,1.0,Active
A0A384KAI1,UniProtKB/TrEMBL,2.0,Active
Q9SYC6,UniProtKB/TrEMBL,1.0,Active
A0A1P8BGF2,UniProtKB/TrEMBL,1.0,Active
A0A7G2ECD7,UniProtKB/TrEMBL,1.0,Active
Q9C5Q7,UniProtKB/TrEMBL,1.0,Active
A0A1P8BC00,UniProtKB/TrEMBL,1.0,Active
F4JZ39,UniProtKB/TrEMBL,1.0,Active
Q0WQC1,UniProtKB/TrEMBL,2.0,Active
Q9CAR5,UniProtKB/Swiss-Prot,3.0,Active
Q9LP41,UniProtKB/Swiss-Prot,2.0,Active
A0A178WNF7,UniProtKB/TrEMBL,1.0,Active
A0A178UGP7,UniProtKB/TrEMBL,1.0,Active
A0A178W188,UniProtKB/TrEMBL,1.0,Active
A0A5S9XIF3,UniProtKB/TrEMBL,1.0,Active
A0A178V3I5,UniProtKB/TrEMBL,1.0,Active
A0A7G2F097,UniProtKB/TrEMBL,2.0,Active
A0A384LQ50,UniProtKB/TrEMBL,1.0,Active
A0A178VPJ7,UniProtKB/TrEMBL,1.0,Active
A0A178UXB8,UniProtKB/TrEMBL,1.0,Active
Q56Z39,UniProtKB/TrEMBL,2.0,Active
F4JE67,UniProtKB/TrEMBL,1.0,Active
A0A178VNE3,UniProtKB/TrEMBL,2.0,Active
A0A1P8AVI2,UniProtKB/TrEMBL,1.0,Active
A0A178VSZ4,UniProtKB/TrEMBL,1.0,Active
Q9FVT1,UniProtKB/TrEMBL,1.0,Active
A0A5S9WM53,UniProtKB/TrEMBL,2.0,Active
F4ILA9,UniProtKB/TrEMBL,1.0,Active
A0A654FFC0,UniProtKB/TrEMBL,1.0,Active
A0A7G2EN88,UniProtKB/TrEMBL,1.0,Active
Q67ZW1,UniProtKB/Swiss-Prot,3.0,Active
A0A384KDW9,UniProtKB/TrEMBL,1.0,Active
A0A178UVW6,UniProtKB/TrEMBL,1.0,Active
A0A178UQS2,UniProtKB/TrEMBL,2.0,Active
B3H483,UniProtKB/TrEMBL,1.0,Active
P62113,UniProtKB/Swiss-Prot,2.0,Active
A0A178V0B8,UniProtKB/TrEMBL,1.0,Active
A0A384KEH2,UniProtKB/TrEMBL,1.0,Active
Q570Q5,UniProtKB/TrEMBL,1.0,Active
A0A5S9Y1Y3,UniProtKB/TrEMBL,1.0,Active
A0A384KMJ2,UniProtKB/TrEMBL,2.0,Active
B9W2J1,UniProtKB/TrEMBL,1.0,Active
A0A178UBT9,UniProtKB/TrEMBL,1.0,Active
A0A1P8BEG6,UniProtKB/TrEMBL,1.0,Active
B2CT96,UniProtKB/TrEMBL,2.0,Active
Q8VZ30,UniProtKB/TrEMBL,1.0,Active
A0A654FE96,UniProtKB/TrEMBL,1.0,Active
Q9SF90,UniProtKB/TrEMBL,1.0,Active
A0A654EFF9,UniProtKB/TrEMBL,1.0,Active
B3H4N5,UniProtKB/TrEMBL,1.0,Active
O49793,UniProtKB/TrEMBL,1.0,Active
A0A1B1W4Y4,UniProtKB/TrEMBL,3.0,Active
A0A7G2E0Z2,UniProtKB/TrEMBL,1.0,Active
A9JTY4,UniProtKB/Swiss-Prot,3.0,Active
A0A178URT9,UniProtKB/TrEMBL,1.0,Active
A0A178W6Z9,UniProtKB/TrEMBL,1.0,Active
A0A178V3C2,UniProtKB/TrEMBL,2.0,Active
B3H5Z0,UniProtKB/TrEMBL,1.0,Active
A0A178W549,UniProtKB/TrEMBL,1.0,Active
A0A5S9XST5,UniProtKB/TrEMBL,1.0,Active
A0A1P8B1K0,UniProtKB/TrEMBL,1.0,Active
A0A7G2EJ73,UniProtKB/TrEMBL,1.0,Active
Q9S9C9,UniProtKB/TrEMBL,1.0,Active
A0A654EYR6,UniProtKB/TrEMBL,1.0,Active
A0A384L5T1,UniProtKB/TrEMBL,1.0,Active
Q56Z69,UniProtKB/TrEMBL,1.0,Active
Q9C783,UniProtKB/TrEMBL,1.0,Active
Q709F4,UniProtKB/TrEMBL,1.0,Active
A0A178VJC2,UniProtKB/TrEMBL,1.0,Active
A0A178WM97,UniProtKB/TrEMBL,2.0,Active
O49763,UniProtKB/TrEMBL,1.0,Active
A0A7G2EDY9,UniProtKB/TrEMBL,1.0,Active
Q9SY68,UniProtKB/TrEMBL,1.0,Active
Q9LQ40,UniProtKB/TrEMBL,1.0,Active
A0A654EF81,UniProtKB/TrEMBL,1.0,Active
F4JRH9,UniProtKB/TrEMBL,1.0,Active
A0A178WLZ2,UniProtKB/TrEMBL,1.0,Active
A0A178V9B2,UniProtKB/TrEMBL,1.0,Active
A0A178WP48,UniProtKB/TrEMBL,2.0,Active
A0A178W9J3,UniProtKB/TrEMBL,1.0,Active
Q56ZD5,UniProtKB/TrEMBL,1.0,Active
A0A178V4E1,UniProtKB/TrEMBL,1.0,Active
A0A5S9XEV1,UniProtKB/TrEMBL,1.0,Active
A0A178WE51,UniProtKB/TrEMBL,1.0,Active
A0A178W0Z3,UniProtKB/TrEMBL,1.0,Active
A0A178VWS0,UniProtKB/TrEMBL,2.0,Active
A0A654FJB4,UniProtKB/TrEMBL,2.0,Active
O48531,UniProtKB/TrEMBL,1.0,Active
A0A384KDF9,UniProtKB/TrEMBL,1.0,Active
A0A178VUV2,UniProtKB/TrEMBL,1.0,Active
A0A5S9XE57,UniProtKB/TrEMBL,1.0,Active
A0A178VKB6,UniProtKB/TrEMBL,1.0,Active
Q9SAC5,UniProtKB/TrEMBL,1.0,Active
Q0WS02,UniProtKB/TrEMBL,1.0,Active
A0A654FFF0,UniProtKB/TrEMBL,1.0,Active
F4HQW0,UniProtKB/TrEMBL,1.0,Active
A0A654F9Q5,UniProtKB/TrEMBL,1.0,Active
Q9LJT0,UniProtKB/TrEMBL,1.0,Active
A0A1P8B9R7,UniProtKB/TrEMBL,1.0,Active
Q8GXF4,UniProtKB/TrEMBL,1.0,Active
Q9LT73,UniProtKB/TrEMBL,1.0,Active
A0A178VIA2,UniProtKB/TrEMBL,1.0,Active
O49306,UniProtKB/TrEMBL,2.0,Active
A0A178VRH9,UniProtKB/TrEMBL,1.0,Active
A0A654FR40,UniProtKB/TrEMBL,1.0,Active
A0A7G2FAG5,UniProtKB/TrEMBL,1.0,Active
A0A178U7V3,UniProtKB/TrEMBL,1.0,Active
Q9FJR6,UniProtKB/TrEMBL,2.0,Active
A0A178WFY2,UniProtKB/TrEMBL,1.0,Active
Q84TH6,UniProtKB/Swiss-Prot,2.0,Active
A8MQZ2,UniProtKB/TrEMBL,1.0,Active
A0A5S9S3V6,UniProtKB/TrEMBL,1.0,Active
A0A178VJX0,UniProtKB/TrEMBL,1.0,Active
A0A178VBJ4,UniProtKB/TrEMBL,1.0,Active
A0A178WA63,UniProtKB/TrEMBL,1.0,Active
Q6DR93,UniProtKB/TrEMBL,1.0,Active
A8MQQ6,UniProtKB/TrEMBL,1.0,Active
A0A654FBK3,UniProtKB/TrEMBL,1.0,Active
A0A178UQQ4,UniProtKB/TrEMBL,1.0,Active
A0A1P8B115,UniProtKB/TrEMBL,1.0,Active
Q2V3P0,UniProtKB/TrEMBL,1.0,Active
A0A7G2EF16,UniProtKB/TrEMBL,1.0,Active
A0A178UWD7,UniProtKB/TrEMBL,1.0,Active
A0A178VZA2,UniProtKB/TrEMBL,1.0,Active
A0A384LGK3,UniProtKB/TrEMBL,2.0,Active
A0A1P8AVU2,UniProtKB/TrEMBL,2.0,Active
A0A7G2EFE6,UniProtKB/TrEMBL,1.0,Active
A0A178WE50,UniProtKB/TrEMBL,1.0,Active
A0A7G2F0A7,UniProtKB/TrEMBL,1.0,Active
Q56W11,UniProtKB/TrEMBL,1.0,Active
A0A178VUT7,UniProtKB/TrEMBL,1.0,Active
Q9M2S7,UniProtKB/Swiss-Prot,3.0,Active
A0MF27,UniProtKB/TrEMBL,1.0,Active
A0A5S9XEG9,UniProtKB/TrEMBL,1.0,Active
A0A178WLJ8,UniProtKB/TrEMBL,2.0,Active
A0A178UEX4,UniProtKB/TrEMBL,1.0,Active
A0A178UWI6,UniProtKB/TrEMBL,1.0,Active
Q56X39,UniProtKB/TrEMBL,1.0,Active
A0A654GDG7,UniProtKB/TrEMBL,2.0,Active
F4IGI4,UniProtKB/TrEMBL,2.0,Active
F4IGE9,UniProtKB/TrEMBL,1.0,Active
A0A178WFK1,UniProtKB/TrEMBL,1.0,Active
A0A654F6P7,UniProtKB/TrEMBL,1.0,Active
A0A654EB00,UniProtKB/TrEMBL,1.0,Active
B3H6P2,UniProtKB/TrEMBL,1.0,Active
A0A178WI49,UniProtKB/TrEMBL,1.0,Active
A0A5S9TF43,UniProtKB/TrEMBL,1.0,Active
A0A178V1I0,UniProtKB/TrEMBL,2.0,Active
Q1PEL2,UniProtKB/TrEMBL,1.0,Active
Q56ZT3,UniProtKB/TrEMBL,2.0,Active
Q9SJA3,UniProtKB/TrEMBL,1.0,Active
A0A5S9XKA7,UniProtKB/TrEMBL,1.0,Active
A0A5S9X280,UniProtKB/TrEMBL,1.0,Active
C0Z3B4,UniProtKB/TrEMBL,1.0,Active
A0A178U822,UniProtKB/TrEMBL,1.0,Active
Q5XV67,UniProtKB/Swiss-Prot,3.0,Active
A0A5S9Y8T1,UniProtKB/TrEMBL,1.0,Active
A0A178UT42,UniProtKB/TrEMBL,1.0,Active
A0A514YJ86,UniProtKB/TrEMBL,2.0,Active
A0A178VIR3,UniProtKB/TrEMBL,1.0,Active
A0A178UER9,UniProtKB/TrEMBL,1.0,Active
Q9LUF5,UniProtKB/TrEMBL,1.0,Active
A0A178W9X7,UniProtKB/TrEMBL,1.0,Active
A0A178VLX5,UniProtKB/TrEMBL,2.0,Active
O48675,UniProtKB/TrEMBL,1.0,Active
A0ME49,UniProtKB/TrEMBL,1.0,Active
A0A178VI80,UniProtKB/TrEMBL,1.0,Active
A0A178W365,UniProtKB/TrEMBL,1.0,Active
Q9FFZ6,UniProtKB/Swiss-Prot,4.0,Active
A0A178UVI8,UniProtKB/TrEMBL,1.0,Active
A0A178WIQ2,UniProtKB/TrEMBL,1.0,Active
A0A384K8P8,UniProtKB/TrEMBL,2.0,Active
O04668,UniProtKB/TrEMBL,1.0,Active
A0A178W2W5,UniProtKB/TrEMBL,2.0,Active
A0A1P8B9R8,UniProtKB/TrEMBL,1.0,Active
A0A178WJU6,UniProtKB/TrEMBL,1.0,Active
A0A178W8Z9,UniProtKB/TrEMBL,1.0,Active
A0A178V1Q7,UniProtKB/TrEMBL,1.0,Active
A0A178USA6,UniProtKB/TrEMBL,1.0,Active
F4HXW5,UniProtKB/TrEMBL,1.0,Active
A0A178V1I1,UniProtKB/TrEMBL,2.0,Active
O04175,UniProtKB/TrEMBL,1.0,Active
A0A7G2DU74,UniProtKB/TrEMBL,1.0,Active
A0A178V0L6,UniProtKB/TrEMBL,1.0,Active
A0A178WJN0,UniProtKB/TrEMBL,1.0,Active
A0A5S9WRN8,UniProtKB/TrEMBL,1.0,Active
A0A178VRC4,UniProtKB/TrEMBL,1.0,Active
O04495,UniProtKB/TrEMBL,1.0,Active
A0A654G4Y1,UniProtKB/TrEMBL,1.0,Active
F4KBV0,UniProtKB/TrEMBL,2.0,Active
A0A7G2E1G0,UniProtKB/TrEMBL,1.0,Active
A0A5S9WWY6,UniProtKB/TrEMBL,1.0,Active
A0A178UWA9,UniProtKB/TrEMBL,1.0,Active
A0A178WJS4,UniProtKB/TrEMBL,1.0,Active
A0MJS8,UniProtKB/TrEMBL,1.0,Active
Q9LH68,UniProtKB/TrEMBL,1.0,Active
A0A654FD90,UniProtKB/TrEMBL,1.0,Active
C0LGU4,UniProtKB/TrEMBL,1.0,Active
A0A178WBX9,UniProtKB/TrEMBL,1.0,Active
A0A1P8ANN9,UniProtKB/TrEMBL,1.0,Active
P58684,UniProtKB/Swiss-Prot,2.0,Active
A0A5S9XGI1,UniProtKB/TrEMBL,3.0,Active
Q56X34,UniProtKB/TrEMBL,1.0,Active
A0A178UWJ0,UniProtKB/TrEMBL,1.0,Active
A0A178UYW3,UniProtKB/TrEMBL,1.0,Active
P57741,UniProtKB/Swiss-Prot,5.0,Active
O23415,UniProtKB/TrEMBL,1.0,Active
A0A1P8B516,UniProtKB/TrEMBL,1.0,Active
O80457,UniProtKB/TrEMBL,1.0,Active
A0A178WGN4,UniProtKB/TrEMBL,1.0,Active
Q9FJE9,UniProtKB/TrEMBL,1.0,Active
A0A178UL91,UniProtKB/TrEMBL,2.0,Active
A0A178ULC8,UniProtKB/TrEMBL,1.0,Active
A0A384LFC3,UniProtKB/TrEMBL,1.0,Active
O64977,UniProtKB/TrEMBL,1.0,Active
A0A7G2E288,UniProtKB/TrEMBL,1.0,Active
A0A178V8I4,UniProtKB/TrEMBL,1.0,Active
A0A178W2Q3,UniProtKB/TrEMBL,1.0,Active
A0A178VSV0,UniProtKB/TrEMBL,1.0,Active
A0A178W058,UniProtKB/TrEMBL,1.0,Active
A0A178URV8,UniProtKB/TrEMBL,1.0,Active
Q5XVB3,UniProtKB/TrEMBL,3.0,Active
A0A178VDN9,UniProtKB/TrEMBL,1.0,Active
A0A7G2DXE7,UniProtKB/TrEMBL,1.0,Active
A0A7G2FCD7,UniProtKB/TrEMBL,1.0,Active
A0A178VV23,UniProtKB/TrEMBL,1.0,Active
A0A178W564,UniProtKB/TrEMBL,1.0,Active
A0A5S9X237,UniProtKB/TrEMBL,1.0,Active
A0A384KNW2,UniProtKB/TrEMBL,1.0,Active
Q3YIV8,UniProtKB/TrEMBL,1.0,Active
A0A384L3N6,UniProtKB/TrEMBL,2.0,Active
A0A7G2EXT5,UniProtKB/TrEMBL,1.0,Active
A0A178WMH3,UniProtKB/TrEMBL,1.0,Active
Q9M0M9,UniProtKB/TrEMBL,1.0,Active
A0A178WM36,UniProtKB/TrEMBL,1.0,Active
V9H1L6,UniProtKB/TrEMBL,1.0,Active
A0A5S9XI63,UniProtKB/TrEMBL,1.0,Active
A0A178VYJ1,UniProtKB/TrEMBL,1.0,Active
A0A654F687,UniProtKB/TrEMBL,1.0,Active
C0Z3K2,UniProtKB/TrEMBL,1.0,Active
A0A178UR13,UniProtKB/TrEMBL,1.0,Active
C0Z3J0,UniProtKB/TrEMBL,2.0,Active
A0A5S9XV73,UniProtKB/TrEMBL,1.0,Active
Q9FML0,UniProtKB/TrEMBL,1.0,Active
A0A178VEX3,UniProtKB/TrEMBL,1.0,Active
A0A178UD76,UniProtKB/TrEMBL,1.0,Active
Q1PEA8,UniProtKB/TrEMBL,1.0,Active
A0A178UFS1,UniProtKB/TrEMBL,2.0,Active
A0A1P8ANU3,UniProtKB/TrEMBL,1.0,Active
A0A178VJ83,UniProtKB/TrEMBL,1.0,Active
Q8LBA2,UniProtKB/TrEMBL,1.0,Active
P82647,UniProtKB/Swiss-Prot,2.0,Active
A0A5S9YJ57,UniProtKB/TrEMBL,2.0,Active
A0A178UA28,UniProtKB/TrEMBL,1.0,Active
A0A654EKS0,UniProtKB/TrEMBL,1.0,Active
Q5DWW1,UniProtKB/TrEMBL,1.0,Active
A0A178UDP2,UniProtKB/TrEMBL,1.0,Active
A0A178VC06,UniProtKB/TrEMBL,1.0,Active
V9H0W9,UniProtKB/TrEMBL,1.0,Active
A0A1P8B2T7,UniProtKB/TrEMBL,3.0,Active
Q94CL0,UniProtKB/TrEMBL,1.0,Active
A0A178UMC4,UniProtKB/TrEMBL,1.0,Active
A0A178V4Y2,UniProtKB/TrEMBL,2.0,Active
Q9CAH4,UniProtKB/TrEMBL,1.0,Active
A0A178VXN2,UniProtKB/TrEMBL,1.0,Active
A0A178WL25,UniProtKB/TrEMBL,1.0,Active
A0A1P8B8Z3,UniProtKB/TrEMBL,1.0,Active
Q56Z17,UniProtKB/TrEMBL,1.0,Active
F4IDV3,UniProtKB/TrEMBL,1.0,Active
D6BJH9,UniProtKB/TrEMBL,1.0,Active
A0A178V8A3,UniProtKB/TrEMBL,1.0,Active
A0A5S9X7V0,UniProtKB/TrEMBL,1.0,Active
A0A178V6W7,UniProtKB/TrEMBL,1.0,Active
A0A7G2ED39,UniProtKB/TrEMBL,1.0,Active
A0A178WMR7,UniProtKB/TrEMBL,1.0,Active
A0A5S9Y5R4,UniProtKB/TrEMBL,2.0,Active
Q9FFM3,UniProtKB/TrEMBL,1.0,Active
A0A178UHY4,UniProtKB/TrEMBL,1.0,Active
A0A178VNT6,UniProtKB/TrEMBL,2.0,Active
A0A178VC93,UniProtKB/TrEMBL,1.0,Active
A0A7G2FEQ9,UniProtKB/TrEMBL,1.0,Active
A0A178VMT6,UniProtKB/TrEMBL,1.0,Active
P82737,UniProtKB/Swiss-Prot,2.0,Active
Q56Y60,UniProtKB/TrEMBL,1.0,Active
Q2V3C1,UniProtKB/Swiss-Prot,2.0,Active
A0A7G2DS11,UniProtKB/TrEMBL,1.0,Active
A0A384KCJ2,UniProtKB/TrEMBL,1.0,Active
Q9LUM8,UniProtKB/TrEMBL,1.0,Active
A0A384LEC5,UniProtKB/TrEMBL,1.0,Active
A0A654ESL1,UniProtKB/TrEMBL,1.0,Active
A0A178UBH3,UniProtKB/TrEMBL,1.0,Active
A0A5S9X571,UniProtKB/TrEMBL,1.0,Active
Q9C9D9,UniProtKB/TrEMBL,1.0,Active
A0A178VYF3,UniProtKB/TrEMBL,1.0,Active
Q9SRN3,UniProtKB/TrEMBL,1.0,Active
Q8L7G6,UniProtKB/TrEMBL,1.0,Active
A0A7G2EEE7,UniProtKB/TrEMBL,1.0,Active
A0A7G2EUA7,UniProtKB/TrEMBL,1.0,Active
A0A5S9XFH8,UniProtKB/TrEMBL,1.0,Active
A0A654ENF1,UniProtKB/TrEMBL,1.0,Active
B9DHK4,UniProtKB/TrEMBL,1.0,Active
A0A178W2Z9,UniProtKB/TrEMBL,2.0,Active
Q9FH78,UniProtKB/TrEMBL,1.0,Active
A0A654GA21,UniProtKB/TrEMBL,2.0,Active
A0MJX0,UniProtKB/TrEMBL,1.0,Active
A0A5S9XAE7,UniProtKB/TrEMBL,1.0,Active
A0A178W9W0,UniProtKB/TrEMBL,2.0,Active
Q56YB6,UniProtKB/TrEMBL,2.0,Active
Q9SIJ5,UniProtKB/Swiss-Prot,4.0,Active
P82624,UniProtKB/Swiss-Prot,3.0,Active
A0A5S9YDS6,UniProtKB/TrEMBL,1.0,Active
A0A7G2EA38,UniProtKB/TrEMBL,1.0,Active
A0A178VZJ4,UniProtKB/TrEMBL,2.0,Active
Q9ZUZ3,UniProtKB/Swiss-Prot,4.0,Active
A0A178W075,UniProtKB/TrEMBL,1.0,Active
A0A178UQA8,UniProtKB/TrEMBL,2.0,Active
A0A178UX49,UniProtKB/TrEMBL,1.0,Active
Q944L1,UniProtKB/TrEMBL,1.0,Active
A0A7G2E084,UniProtKB/TrEMBL,1.0,Active
A0A654ELT9,UniProtKB/TrEMBL,1.0,Active
A0A7G2DY10,UniProtKB/TrEMBL,1.0,Active
A0A178UAP9,UniProtKB/TrEMBL,1.0,Active
Q9M0Z6,UniProtKB/Swiss-Prot,5.0,Active
A0A5S9Y7G8,UniProtKB/TrEMBL,1.0,Active
F4KEU4,UniProtKB/TrEMBL,1.0,Active
A0A5S9SEV1,UniProtKB/TrEMBL,2.0,Active
A0A178UWW9,UniProtKB/TrEMBL,1.0,Active
Q9CAK6,UniProtKB/Swiss-Prot,2.0,Active
Q570G7,UniProtKB/TrEMBL,1.0,Active
Q8LBX6,UniProtKB/TrEMBL,1.0,Active
Q9S9B0,UniProtKB/TrEMBL,1.0,Active
A0A178VRF4,UniProtKB/TrEMBL,1.0,Active
A0A7G2EH26,UniProtKB/TrEMBL,1.0,Active
A0A1I9LQG9,UniProtKB/TrEMBL,1.0,Active
A0A178V337,UniProtKB/TrEMBL,1.0,Active
C0Z395,UniProtKB/TrEMBL,1.0,Active
A0A7G2DZE5,UniProtKB/TrEMBL,1.0,Active
A0A1P8AXS1,UniProtKB/TrEMBL,1.0,Active
A0A178VZ35,UniProtKB/TrEMBL,1.0,Active
A0A1I9LR27,UniProtKB/TrEMBL,2.0,Active
C0Z2V4,UniProtKB/TrEMBL,1.0,Active
Q3E7M8,UniProtKB/TrEMBL,1.0,Active
A0A654FI68,UniProtKB/TrEMBL,1.0,Active
A0A178WC18,UniProtKB/TrEMBL,1.0,Active
Q56Z23,UniProtKB/TrEMBL,1.0,Active
A0A178UQJ1,UniProtKB/TrEMBL,1.0,Active
A0A178V791,UniProtKB/TrEMBL,1.0,Active
A0A654FKZ2,UniProtKB/TrEMBL,1.0,Active
Q570I7,UniProtKB/TrEMBL,1.0,Active
A0A178WP52,UniProtKB/TrEMBL,2.0,Active
Q8GWV0,UniProtKB/TrEMBL,1.0,Active
A0A178V966,UniProtKB/TrEMBL,1.0,Active
A0A178UJ63,UniProtKB/TrEMBL,1.0,Active
F4JUF8,UniProtKB/Swiss-Prot,2.0,Active
A0A178WDG5,UniProtKB/TrEMBL,1.0,Active
A0A7G2EGY4,UniProtKB/TrEMBL,1.0,Active
A0A5S9WNS9,UniProtKB/TrEMBL,1.0,Active
A0A178UJY3,UniProtKB/TrEMBL,1.0,Active
B9DG90,UniProtKB/TrEMBL,1.0,Active
A0A654ETK8,UniProtKB/TrEMBL,1.0,Active
Q3ZVA6,UniProtKB/TrEMBL,2.0,Active
Q7DLH9,UniProtKB/TrEMBL,1.0,Active
A0A1P8AYR7,UniProtKB/TrEMBL,1.0,Active
Q9T0E3,UniProtKB/Swiss-Prot,2.0,Active
Q56WJ2,UniProtKB/TrEMBL,1.0,Active
B3H5H0,UniProtKB/TrEMBL,1.0,Active
A0A178WLV1,UniProtKB/TrEMBL,1.0,Active
Q56YJ5,UniProtKB/TrEMBL,1.0,Active
A0A178VFU6,UniProtKB/TrEMBL,1.0,Active
Q56ZW5,UniProtKB/TrEMBL,1.0,Active
Q9LK61,UniProtKB/Swiss-Prot,3.0,Active
D9UBF4,UniProtKB/TrEMBL,1.0,Active
A0A178V059,UniProtKB/TrEMBL,1.0,Active
A0A178UK57,UniProtKB/TrEMBL,1.0,Active
A0A178USR3,UniProtKB/TrEMBL,1.0,Active
P82621,UniProtKB/Swiss-Prot,2.0,Active
P82625,UniProtKB/Swiss-Prot,2.0,Active
A0A178VAD4,UniProtKB/TrEMBL,1.0,Active
A0A178UB10,UniProtKB/TrEMBL,3.0,Active
A0A178WHJ2,UniProtKB/TrEMBL,1.0,Active
A0A178VJ38,UniProtKB/TrEMBL,1.0,Active
A0A654FTF4,UniProtKB/TrEMBL,1.0,Active
A0A178UT10,UniProtKB/TrEMBL,1.0,Active
A0A7G2FEP9,UniProtKB/TrEMBL,1.0,Active
Q570D0,UniProtKB/TrEMBL,1.0,Active
A0A5S9XQK9,UniProtKB/TrEMBL,1.0,Active
O64971,UniProtKB/TrEMBL,1.0,Active
A0A654FE68,UniProtKB/TrEMBL,1.0,Active
A0A5S9Y487,UniProtKB/TrEMBL,1.0,Active
Q0WQI9,UniProtKB/TrEMBL,1.0,Active
A0A5S9V107,UniProtKB/TrEMBL,1.0,Active
A0A178V0R1,UniProtKB/TrEMBL,1.0,Active
A0A178V0M6,UniProtKB/TrEMBL,1.0,Active
O81738,UniProtKB/TrEMBL,1.0,Active
Q570K9,UniProtKB/TrEMBL,1.0,Active
A0A178UK35,UniProtKB/TrEMBL,1.0,Active
A0A5S9XSL7,UniProtKB/TrEMBL,1.0,Active
A0A178WFE6,UniProtKB/TrEMBL,2.0,Active
A0A7G2EEH5,UniProtKB/TrEMBL,1.0,Active
F4JZ12,UniProtKB/TrEMBL,1.0,Active
A0A654EQ79,UniProtKB/TrEMBL,2.0,Active
F4JZX5,UniProtKB/TrEMBL,1.0,Active
Q9FJ39,UniProtKB/TrEMBL,1.0,Active
A0A7G2E132,UniProtKB/TrEMBL,1.0,Active
A0A178W1I1,UniProtKB/TrEMBL,1.0,Active
A0A5S9XXI7,UniProtKB/TrEMBL,2.0,Active
Q6E244,UniProtKB/Swiss-Prot,1.0,Active
A0A178VYR3,UniProtKB/TrEMBL,1.0,Active
Q9LZT3,UniProtKB/Swiss-Prot,2.0,Active
A0A654FD03,UniProtKB/TrEMBL,1.0,Active
A0A5S9WWA5,UniProtKB/TrEMBL,1.0,Active
A0A384KJP0,UniProtKB/TrEMBL,1.0,Active
A0A178W437,UniProtKB/TrEMBL,2.0,Active
A0A178W546,UniProtKB/TrEMBL,1.0,Active
Q0WLI4,UniProtKB/TrEMBL,1.0,Active
A0A5S9WLS9,UniProtKB/TrEMBL,1.0,Active
A0A178WEW8,UniProtKB/TrEMBL,1.0,Active
A0A5S9XM87,UniProtKB/TrEMBL,2.0,Active
P59259,UniProtKB/Swiss-Prot,5.0,Active
F4KAP2,UniProtKB/TrEMBL,2.0,Active
A0A178UPB9,UniProtKB/TrEMBL,1.0,Active
A0A5S9XIE3,UniProtKB/TrEMBL,1.0,Active
A0A384KKH6,UniProtKB/TrEMBL,2.0,Active
Q2V2W8,UniProtKB/Swiss-Prot,2.0,Active
A0A654G5S3,UniProtKB/TrEMBL,1.0,Active
A0A1B1W4X7,UniProtKB/TrEMBL,2.0,Active
A0A7G2EBG1,UniProtKB/TrEMBL,1.0,Active
A0A7G2EYG3,UniProtKB/TrEMBL,1.0,Active
A0A7G2EX75,UniProtKB/TrEMBL,2.0,Active
Q9C785,UniProtKB/TrEMBL,1.0,Active
A0A178W9Q3,UniProtKB/TrEMBL,1.0,Active
A0A654FBZ5,UniProtKB/TrEMBL,1.0,Active
A0A178VSA1,UniProtKB/TrEMBL,1.0,Active
A0A178UEN5,UniProtKB/TrEMBL,1.0,Active
A0A7G2EQA1,UniProtKB/TrEMBL,1.0,Active
A0A5S9X3Z1,UniProtKB/TrEMBL,1.0,Active
A0A654G8S3,UniProtKB/TrEMBL,1.0,Active
A7Y5V4,UniProtKB/TrEMBL,1.0,Active
Q56Z25,UniProtKB/TrEMBL,1.0,Active
A0A178W914,UniProtKB/TrEMBL,1.0,Active
A0A7G2E8A5,UniProtKB/TrEMBL,1.0,Active
A0A1P8BGY6,UniProtKB/TrEMBL,1.0,Active
Q8RWZ4,UniProtKB/TrEMBL,1.0,Active
B2CSR5,UniProtKB/TrEMBL,1.0,Active
A0A1B1W4Z5,UniProtKB/TrEMBL,2.0,Active
Q8L9W6,UniProtKB/TrEMBL,1.0,Active
F4JHJ5,UniProtKB/TrEMBL,1.0,Active
A0A1P8BDC6,UniProtKB/TrEMBL,1.0,Active
A0A1P8B3W1,UniProtKB/TrEMBL,1.0,Active
A0A5S9XQF7,UniProtKB/TrEMBL,1.0,Active
A0A7G2E9T2,UniProtKB/TrEMBL,2.0,Active
A8MS38,UniProtKB/TrEMBL,1.0,Active
A0A178UPA7,UniProtKB/TrEMBL,2.0,Active
A0A178VR53,UniProtKB/TrEMBL,1.0,Active
Q3ZVE3,UniProtKB/TrEMBL,1.0,Active
A0A178WL50,UniProtKB/TrEMBL,1.0,Active
A0A1P8AQK1,UniProtKB/TrEMBL,1.0,Active
Q45H61,UniProtKB/TrEMBL,1.0,Active
Q56Z83,UniProtKB/TrEMBL,1.0,Active
A0A5S9Y1A0,UniProtKB/TrEMBL,1.0,Active
A0A7G2DWB6,UniProtKB/TrEMBL,2.0,Active
A0A7G2ETF3,UniProtKB/TrEMBL,2.0,Active
A0A178UH21,UniProtKB/TrEMBL,1.0,Active
A0A654FB26,UniProtKB/TrEMBL,1.0,Active
A0A7G2E6H7,UniProtKB/TrEMBL,1.0,Active
F4JZK9,UniProtKB/TrEMBL,1.0,Active
Q9LP43,UniProtKB/TrEMBL,1.0,Active
A0A178VE18,UniProtKB/TrEMBL,1.0,Active
A0A7G2EKD5,UniProtKB/TrEMBL,1.0,Active
A0A178VUV6,UniProtKB/TrEMBL,1.0,Active
Q56ZN0,UniProtKB/TrEMBL,1.0,Active
A0A178USP7,UniProtKB/TrEMBL,2.0,Active
A0A178UFV5,UniProtKB/TrEMBL,1.0,Active
Q56YE5,UniProtKB/TrEMBL,2.0,Active
Q2V325,UniProtKB/Swiss-Prot,2.0,Active
A0A7G2DT56,UniProtKB/TrEMBL,1.0,Active
P50883,UniProtKB/Swiss-Prot,4.0,Active
Q9LR18,UniProtKB/TrEMBL,1.0,Active
E0Y423,UniProtKB/TrEMBL,1.0,Active
A0A178VT66,UniProtKB/TrEMBL,1.0,Active
A0A654F5P0,UniProtKB/TrEMBL,1.0,Active
A0A178UAN6,UniProtKB/TrEMBL,1.0,Active
Q56ZH8,UniProtKB/TrEMBL,1.0,Active
A0A178VAB3,UniProtKB/TrEMBL,1.0,Active
A0A7G2EE96,UniProtKB/TrEMBL,1.0,Active
A0A178W0C1,UniProtKB/TrEMBL,1.0,Active
A0A1P8AUU3,UniProtKB/TrEMBL,2.0,Active
A0A178WK44,UniProtKB/TrEMBL,1.0,Active
Q3E938,UniProtKB/TrEMBL,1.0,Active
Q84WS8,UniProtKB/Swiss-Prot,2.0,Active
Q8L917,UniProtKB/TrEMBL,1.0,Active
A0A178VNB8,UniProtKB/TrEMBL,1.0,Active
A0A178VM71,UniProtKB/TrEMBL,1.0,Active
A0A178UKT5,UniProtKB/TrEMBL,1.0,Active
Q9ZRK6,UniProtKB/TrEMBL,1.0,Active
A0A178UG58,UniProtKB/TrEMBL,1.0,Active
C0Z3E0,UniProtKB/TrEMBL,1.0,Active
A0A7G2E6C6,UniProtKB/TrEMBL,2.0,Active
A0A5S9YEL6,UniProtKB/TrEMBL,1.0,Active
A0A178WPJ1,UniProtKB/TrEMBL,1.0,Active
A0A178W7E2,UniProtKB/TrEMBL,2.0,Active
A0A654FZU0,UniProtKB/TrEMBL,1.0,Active
A0A1I9LN16,UniProtKB/TrEMBL,1.0,Active
Q56ZN4,UniProtKB/TrEMBL,1.0,Active
A0A7G2F4J5,UniProtKB/TrEMBL,1.0,Active
P82727,UniProtKB/Swiss-Prot,2.0,Active
A0A178WIU6,UniProtKB/TrEMBL,1.0,Active
A0A178VTG9,UniProtKB/TrEMBL,1.0,Active
A0A5S9Y8Q4,UniProtKB/TrEMBL,1.0,Active
A0A178W0S2,UniProtKB/TrEMBL,1.0,Active
A0A178WJ33,UniProtKB/TrEMBL,1.0,Active
A0A178V6C1,UniProtKB/TrEMBL,1.0,Active
V9H133,UniProtKB/TrEMBL,1.0,Active
A0A178WIS0,UniProtKB/TrEMBL,1.0,Active
O81888,UniProtKB/TrEMBL,2.0,Active
Q56ZJ3,UniProtKB/TrEMBL,1.0,Active
Q67XK8,UniProtKB/TrEMBL,2.0,Active
A0A178WPD2,UniProtKB/TrEMBL,1.0,Active
A0A178USL3,UniProtKB/TrEMBL,1.0,Active
A0A654FZ57,UniProtKB/TrEMBL,1.0,Active
Q0WLP1,UniProtKB/TrEMBL,1.0,Active
A0A178UCY9,UniProtKB/TrEMBL,1.0,Active
A0A1P8BA35,UniProtKB/TrEMBL,1.0,Active
A8MQK8,UniProtKB/TrEMBL,2.0,Active
A0A178WBF2,UniProtKB/TrEMBL,1.0,Active
A0A178VXR5,UniProtKB/TrEMBL,1.0,Active
B2CU70,UniProtKB/TrEMBL,1.0,Active
Q9SW56,UniProtKB/TrEMBL,1.0,Active
A0A654EL21,UniProtKB/TrEMBL,1.0,Active
Q9C9Y5,UniProtKB/TrEMBL,2.0,Active
A0A5S9XH63,UniProtKB/TrEMBL,1.0,Active
A0A178WGG0,UniProtKB/TrEMBL,2.0,Active
A0A178UHL9,UniProtKB/TrEMBL,2.0,Active
A0A178VJM6,UniProtKB/TrEMBL,2.0,Active
A0A654EUI7,UniProtKB/TrEMBL,1.0,Active
A0A178VKI7,UniProtKB/TrEMBL,1.0,Active
Q9SK45,UniProtKB/TrEMBL,1.0,Active
A0A178UHZ3,UniProtKB/TrEMBL,2.0,Active
A0A178U792,UniProtKB/TrEMBL,2.0,Active
A0A178WA48,UniProtKB/TrEMBL,1.0,Active
A0A178W9H0,UniProtKB/TrEMBL,1.0,Active
A0A7G2EIL3,UniProtKB/TrEMBL,1.0,Active
A0A178VUV4,UniProtKB/TrEMBL,1.0,Active
A0A5S9Y5J0,UniProtKB/TrEMBL,1.0,Active
A0A0K1CVP8,UniProtKB/TrEMBL,2.0,Active
A0A178UFG7,UniProtKB/TrEMBL,1.0,Active
A0A5S9WRA7,UniProtKB/TrEMBL,1.0,Active
A0A1P8AZB2,UniProtKB/TrEMBL,2.0,Active
A0A5S9WNH2,UniProtKB/TrEMBL,1.0,Active
C7BCB8,UniProtKB/TrEMBL,1.0,Active
A0A1P8APG3,UniProtKB/TrEMBL,2.0,Active
Q9LXN6,UniProtKB/TrEMBL,1.0,Active
A0A178V6R5,UniProtKB/TrEMBL,1.0,Active
A0A178USA2,UniProtKB/TrEMBL,2.0,Active
A0A178VVQ3,UniProtKB/TrEMBL,1.0,Active
A0A178UE22,UniProtKB/TrEMBL,2.0,Active
A0A178URU5,UniProtKB/TrEMBL,1.0,Active
Q67ZJ4,UniProtKB/TrEMBL,1.0,Active
Q0WMU2,UniProtKB/TrEMBL,1.0,Active
A0A5S9XAH2,UniProtKB/TrEMBL,1.0,Active
A0A178W1T6,UniProtKB/TrEMBL,1.0,Active
Q570J8,UniProtKB/TrEMBL,1.0,Active
A0A1B1W4V4,UniProtKB/TrEMBL,2.0,Active
Q3ECU8,UniProtKB/Swiss-Prot,1.0,Active
A0A5S9XNC5,UniProtKB/TrEMBL,1.0,Active
Q9C7Z8,UniProtKB/TrEMBL,1.0,Active
P0CAY4,UniProtKB/Swiss-Prot,2.0,Active
A0A178VSG7,UniProtKB/TrEMBL,1.0,Active
A0A178UJW1,UniProtKB/TrEMBL,1.0,Active
C0Z2F4,UniProtKB/TrEMBL,1.0,Active
Q9C549,UniProtKB/TrEMBL,1.0,Active
Q56ZZ8,UniProtKB/TrEMBL,1.0,Active
A0A178V6A4,UniProtKB/TrEMBL,1.0,Active
P61841,UniProtKB/Swiss-Prot,4.0,Active
A0A178UW41,UniProtKB/TrEMBL,1.0,Active
Q9LPK5,UniProtKB/Swiss-Prot,2.0,Active
A0A178WJ99,UniProtKB/TrEMBL,1.0,Active
A0A178UU55,UniProtKB/TrEMBL,1.0,Active
Q56WG5,UniProtKB/TrEMBL,1.0,Active
Q67XA6,UniProtKB/TrEMBL,1.0,Active
Q0WM21,UniProtKB/TrEMBL,1.0,Active
A0A178USD9,UniProtKB/TrEMBL,1.0,Active
A0A7G2E6I0,UniProtKB/TrEMBL,1.0,Active
Q570Q0,UniProtKB/TrEMBL,1.0,Active
A0A178UK36,UniProtKB/TrEMBL,1.0,Active
C0Z2R0,UniProtKB/TrEMBL,1.0,Active
A0A1B1W4U4,UniProtKB/TrEMBL,2.0,Active
A0A178UCC0,UniProtKB/TrEMBL,1.0,Active
A0A178VIM2,UniProtKB/TrEMBL,1.0,Active
A0A178V953,UniProtKB/TrEMBL,1.0,Active
A0A654ECI9,UniProtKB/TrEMBL,1.0,Active
A0A178VNH4,UniProtKB/TrEMBL,1.0,Active
A0A178WJJ4,UniProtKB/TrEMBL,1.0,Active
Q9XIF4,UniProtKB/Swiss-Prot,3.0,Active
A0A178URX4,UniProtKB/TrEMBL,1.0,Active
A0A178UTW6,UniProtKB/TrEMBL,2.0,Active
A0A7G2F5N3,UniProtKB/TrEMBL,1.0,Active
Q8L7G7,UniProtKB/Swiss-Prot,2.0,Active
A0A178VHP8,UniProtKB/TrEMBL,1.0,Active
A0A178V184,UniProtKB/TrEMBL,2.0,Active
A0A1P8B9N4,UniProtKB/TrEMBL,2.0,Active
A0A654EL47,UniProtKB/TrEMBL,1.0,Active
A0A178VDT9,UniProtKB/TrEMBL,2.0,Active
A0A178W2C7,UniProtKB/TrEMBL,1.0,Active
Q9FIF4,UniProtKB/TrEMBL,2.0,Active
A0A178WJU5,UniProtKB/TrEMBL,1.0,Active
B3H743,UniProtKB/TrEMBL,1.0,Active
Q3YIN4,UniProtKB/TrEMBL,1.0,Active
A0A7G2EWN7,UniProtKB/TrEMBL,1.0,Active
Q56YZ8,UniProtKB/TrEMBL,1.0,Active
A0A178UDI0,UniProtKB/TrEMBL,1.0,Active
Q9LVP8,UniProtKB/TrEMBL,1.0,Active
A0A7G2FJ33,UniProtKB/TrEMBL,1.0,Active
A0A178UX89,UniProtKB/TrEMBL,1.0,Active
A0A178VJQ8,UniProtKB/TrEMBL,1.0,Active
Q9XFS8,UniProtKB/TrEMBL,2.0,Active
A0A7G2EXG2,UniProtKB/TrEMBL,1.0,Active
A0A654FRS8,UniProtKB/TrEMBL,1.0,Active
A0A178VGM3,UniProtKB/TrEMBL,1.0,Active
A0A178WEU6,UniProtKB/TrEMBL,1.0,Active
A0A178UN29,UniProtKB/TrEMBL,2.0,Active
A0A178UPL4,UniProtKB/TrEMBL,1.0,Active
A0A5S9X6X9,UniProtKB/TrEMBL,2.0,Active
A0A7G2EVD8,UniProtKB/TrEMBL,1.0,Active
Q56Z87,UniProtKB/TrEMBL,1.0,Active
A0A654E7G7,UniProtKB/TrEMBL,1.0,Active
A0A5S9XNJ1,UniProtKB/TrEMBL,1.0,Active
A0A178UZX9,UniProtKB/TrEMBL,1.0,Active
A0A178VUI1,UniProtKB/TrEMBL,1.0,Active
A0A1P8AQC2,UniProtKB/TrEMBL,1.0,Active
A0A7G2E5I2,UniProtKB/TrEMBL,1.0,Active
A0A384L8G4,UniProtKB/TrEMBL,1.0,Active
Q6ID26,UniProtKB/TrEMBL,2.0,Active
Q0WS92,UniProtKB/TrEMBL,1.0,Active
A0A178UDE8,UniProtKB/TrEMBL,1.0,Active
A0A178VF32,UniProtKB/TrEMBL,1.0,Active
A0A178VVR6,UniProtKB/TrEMBL,1.0,Active
A0A178W7X0,UniProtKB/TrEMBL,1.0,Active
C0Z267,UniProtKB/TrEMBL,1.0,Active
A0A178V0D5,UniProtKB/TrEMBL,1.0,Active
C0Z342,UniProtKB/TrEMBL,1.0,Active
A0A178WBE4,UniProtKB/TrEMBL,1.0,Active
A0A654F5Z1,UniProtKB/TrEMBL,1.0,Active
A0A5S9WYW6,UniProtKB/TrEMBL,2.0,Active
Q56Z41,UniProtKB/TrEMBL,1.0,Active
A0A654F5Y9,UniProtKB/TrEMBL,1.0,Active
A0A178V9H8,UniProtKB/TrEMBL,1.0,Active
F4IIH6,UniProtKB/TrEMBL,1.0,Active
A0A178WNV4,UniProtKB/TrEMBL,1.0,Active
A0A7G2DTH3,UniProtKB/TrEMBL,1.0,Active
F4HTA0,UniProtKB/TrEMBL,1.0,Active
Q0WVF0,UniProtKB/TrEMBL,1.0,Active
A0A384L2F4,UniProtKB/TrEMBL,1.0,Active
A0A5S9XQQ1,UniProtKB/TrEMBL,1.0,Active
A0A5S9WNN0,UniProtKB/TrEMBL,1.0,Active
A5YXC4,UniProtKB/TrEMBL,1.0,Active
A0A178WCQ2,UniProtKB/TrEMBL,1.0,Active
A0A654FDE8,UniProtKB/TrEMBL,1.0,Active
Q9LMU7,UniProtKB/Swiss-Prot,2.0,Active
Q9CAL1,UniProtKB/TrEMBL,1.0,Active
A0MEU9,UniProtKB/TrEMBL,1.0,Active
A0A178UC01,UniProtKB/TrEMBL,1.0,Active
A0A178UGG0,UniProtKB/TrEMBL,1.0,Active
P82753,UniProtKB/Swiss-Prot,2.0,Active
B0ZVP8,UniProtKB/TrEMBL,1.0,Active
Q570H8,UniProtKB/TrEMBL,1.0,Active
Q9FLM4,UniProtKB/TrEMBL,1.0,Active
Q56YF4,UniProtKB/TrEMBL,2.0,Active
A0A178V5Y5,UniProtKB/TrEMBL,1.0,Active
C0Z254,UniProtKB/TrEMBL,1.0,Active
C0Z2W0,UniProtKB/TrEMBL,1.0,Active
Q708G4,UniProtKB/TrEMBL,2.0,Active
A0A5S9XAA5,UniProtKB/TrEMBL,1.0,Active
Q5XVD2,UniProtKB/TrEMBL,1.0,Active
Q0WM10,UniProtKB/TrEMBL,1.0,Active
A0A178VSU5,UniProtKB/TrEMBL,1.0,Active
A0A178VYY9,UniProtKB/TrEMBL,1.0,Active
A0A654EKQ2,UniProtKB/TrEMBL,1.0,Active
A0A7G2EE99,UniProtKB/TrEMBL,1.0,Active
Q56ZM1,UniProtKB/TrEMBL,1.0,Active
A0A178UK90,UniProtKB/TrEMBL,2.0,Active
Q2V3Q1,UniProtKB/Swiss-Prot,2.0,Active
A0A178VTK1,UniProtKB/TrEMBL,1.0,Active
A0A178UZC3,UniProtKB/TrEMBL,1.0,Active
A0A178UIB9,UniProtKB/TrEMBL,2.0,Active
A0A178U746,UniProtKB/TrEMBL,1.0,Active
Q56YE6,UniProtKB/TrEMBL,1.0,Active
A0A178UE34,UniProtKB/TrEMBL,1.0,Active
Q9LIK5,UniProtKB/Swiss-Prot,2.0,Active
Q56XK6,UniProtKB/TrEMBL,1.0,Active
Q93VJ7,UniProtKB/TrEMBL,1.0,Active
A0A178UED6,UniProtKB/TrEMBL,2.0,Active
A0A384KE42,UniProtKB/TrEMBL,1.0,Active
Q94C13,UniProtKB/TrEMBL,1.0,Active
C1PI44,UniProtKB/TrEMBL,1.0,Active
A0A1I9LNN7,UniProtKB/TrEMBL,2.0,Active
A0A178VB49,UniProtKB/TrEMBL,1.0,Active
O82377,UniProtKB/Swiss-Prot,2.0,Active
A0A178UBS9,UniProtKB/TrEMBL,2.0,Active
A0A384KEV7,UniProtKB/TrEMBL,1.0,Active
A0A1P8ASA8,UniProtKB/TrEMBL,1.0,Active
A0A178VAA4,UniProtKB/TrEMBL,1.0,Active
A0A178W168,UniProtKB/TrEMBL,1.0,Active
A0A384KUY6,UniProtKB/TrEMBL,1.0,Active
Q1G320,UniProtKB/TrEMBL,1.0,Active
A0A178UGV9,UniProtKB/TrEMBL,1.0,Active
Q9FJY2,UniProtKB/TrEMBL,1.0,Active
A0A7G2F645,UniProtKB/TrEMBL,1.0,Active
A0A178VFF3,UniProtKB/TrEMBL,1.0,Active
A0A178UKZ7,UniProtKB/TrEMBL,2.0,Active
A0A178VYQ0,UniProtKB/TrEMBL,1.0,Active
Q9SS51,UniProtKB/TrEMBL,1.0,Active
A0A654G5Z7,UniProtKB/TrEMBL,1.0,Active
A0A1P8B973,UniProtKB/TrEMBL,1.0,Active
A0A7G2E912,UniProtKB/TrEMBL,1.0,Active
C7FBK7,UniProtKB/TrEMBL,1.0,Active
P82770,UniProtKB/Swiss-Prot,2.0,Active
A0A178W4M4,UniProtKB/TrEMBL,1.0,Active
Q2V4E5,UniProtKB/TrEMBL,1.0,Active
F2Q9V4,UniProtKB/Swiss-Prot,2.0,Active
A0A178UBT0,UniProtKB/TrEMBL,1.0,Active
A0A654FRX8,UniProtKB/TrEMBL,1.0,Active
A0A178VQ95,UniProtKB/TrEMBL,1.0,Active
A0A178VW39,UniProtKB/TrEMBL,1.0,Active
Q570H4,UniProtKB/TrEMBL,1.0,Active
A0A5S9Y5L4,UniProtKB/TrEMBL,1.0,Active
A0A1P8ARL9,UniProtKB/TrEMBL,1.0,Active
Q9LUG7,UniProtKB/Swiss-Prot,1.0,Active
A0A178VV09,UniProtKB/TrEMBL,1.0,Active
A0A178UHY6,UniProtKB/TrEMBL,1.0,Active
Q56ZF6,UniProtKB/TrEMBL,1.0,Active
A0A178UY76,UniProtKB/TrEMBL,1.0,Active
Q2V390,UniProtKB/Swiss-Prot,2.0,Active
A0A178VJ09,UniProtKB/TrEMBL,2.0,Active
A0A654EI49,UniProtKB/TrEMBL,2.0,Active
A0A178UT90,UniProtKB/TrEMBL,1.0,Active
A0A5S9YCL2,UniProtKB/TrEMBL,1.0,Active
Q0WVJ7,UniProtKB/TrEMBL,1.0,Active
A0A178USP0,UniProtKB/TrEMBL,1.0,Active
A5YXK5,UniProtKB/TrEMBL,1.0,Active
A0A178U9W6,UniProtKB/TrEMBL,1.0,Active
A0A384L1R9,UniProtKB/TrEMBL,1.0,Active
A0A178WJQ0,UniProtKB/TrEMBL,1.0,Active
A0A178UZ82,UniProtKB/TrEMBL,1.0,Active
A0A5S9X124,UniProtKB/TrEMBL,1.0,Active
A0A384K9Y7,UniProtKB/TrEMBL,1.0,Active
A0A654GEM5,UniProtKB/TrEMBL,1.0,Active
Q6KFT3,UniProtKB/TrEMBL,1.0,Active
A0A178UDK4,UniProtKB/TrEMBL,1.0,Active
Q7XY11,UniProtKB/TrEMBL,1.0,Active
A0A654FJP5,UniProtKB/TrEMBL,1.0,Active
Q570C7,UniProtKB/TrEMBL,1.0,Active
A0A1P8AUG0,UniProtKB/TrEMBL,1.0,Active
A0A5S9XQI6,UniProtKB/TrEMBL,1.0,Active
B0ZTV3,UniProtKB/TrEMBL,1.0,Active
A0A178VK74,UniProtKB/TrEMBL,1.0,Active
A0A654G8F5,UniProtKB/TrEMBL,1.0,Active
A0A178WHE5,UniProtKB/TrEMBL,1.0,Active
A0A5S9YI40,UniProtKB/TrEMBL,1.0,Active
O03983,UniProtKB/Swiss-Prot,2.0,Active
A0A5S9WXT0,UniProtKB/TrEMBL,1.0,Active
A0A178VJ17,UniProtKB/TrEMBL,1.0,Active
A0A1P8BDC5,UniProtKB/TrEMBL,2.0,Active
A0A178UZ23,UniProtKB/TrEMBL,1.0,Active
A0A178UZQ9,UniProtKB/TrEMBL,1.0,Active
Q9FGT8,UniProtKB/Swiss-Prot,5.0,Active
A0A178WI87,UniProtKB/TrEMBL,1.0,Active
F4HTB2,UniProtKB/Swiss-Prot,2.0,Active
A0A384KGA9,UniProtKB/TrEMBL,1.0,Active
Q3YIH7,UniProtKB/TrEMBL,2.0,Active
A0A178V1Q2,UniProtKB/TrEMBL,1.0,Active
A0A0B4ULM9,UniProtKB/TrEMBL,1.0,Active
A0A5S9Y990,UniProtKB/TrEMBL,1.0,Active
A0A178VTS3,UniProtKB/TrEMBL,1.0,Active
A0A178UXD7,UniProtKB/TrEMBL,1.0,Active
A0A178WD69,UniProtKB/TrEMBL,1.0,Active
Q8S8L5,UniProtKB/TrEMBL,1.0,Active
Q8LCD7,UniProtKB/TrEMBL,1.0,Active
A0A178W4X6,UniProtKB/TrEMBL,1.0,Active
Q56ZZ6,UniProtKB/TrEMBL,1.0,Active
Q7DLI0,UniProtKB/TrEMBL,1.0,Active
Q9ZRK5,UniProtKB/TrEMBL,1.0,Active
Q76K82,UniProtKB/TrEMBL,1.0,Active
F4K8K6,UniProtKB/TrEMBL,1.0,Active
Q3ZVD9,UniProtKB/TrEMBL,2.0,Active
A0A178UNL3,UniProtKB/TrEMBL,1.0,Active
A0A178WBN5,UniProtKB/TrEMBL,2.0,Active
A0A178V0T5,UniProtKB/TrEMBL,1.0,Active
A0A1B1W4S3,UniProtKB/TrEMBL,3.0,Active
A0A7G2DRC1,UniProtKB/TrEMBL,1.0,Active
A0A654FYA4,UniProtKB/TrEMBL,1.0,Active
Q9LH88,UniProtKB/Swiss-Prot,1.0,Active
A0A178URA9,UniProtKB/TrEMBL,1.0,Active
Q56ZE2,UniProtKB/TrEMBL,1.0,Active
A0A178VHG9,UniProtKB/TrEMBL,1.0,Active
A0A178VDZ9,UniProtKB/TrEMBL,1.0,Active
A0A178WAD9,UniProtKB/TrEMBL,1.0,Active
A0A178UHB8,UniProtKB/TrEMBL,1.0,Active
A8MRQ7,UniProtKB/TrEMBL,1.0,Active
A0A178WJL8,UniProtKB/TrEMBL,1.0,Active
A0A7G2E2T6,UniProtKB/TrEMBL,1.0,Active
A0A5S9WLC3,UniProtKB/TrEMBL,1.0,Active
A0A7G2EV14,UniProtKB/TrEMBL,1.0,Active
A0A654F457,UniProtKB/TrEMBL,1.0,Active
Q9SKQ2,UniProtKB/Swiss-Prot,2.0,Active
Q0WPE5,UniProtKB/TrEMBL,1.0,Active
P56804,UniProtKB/Swiss-Prot,4.0,Active
A0A178UI55,UniProtKB/TrEMBL,1.0,Active
A0A178US74,UniProtKB/TrEMBL,1.0,Active
A0A5S9XQ50,UniProtKB/TrEMBL,1.0,Active
Q9ZRK7,UniProtKB/TrEMBL,1.0,Active
A0A178UGL5,UniProtKB/TrEMBL,1.0,Active
A0A654G074,UniProtKB/TrEMBL,1.0,Active
A0A654GAZ3,UniProtKB/TrEMBL,1.0,Active
Q9C5U6,UniProtKB/TrEMBL,1.0,Active
A0A178WBP3,UniProtKB/TrEMBL,1.0,Active
Q9LHB4,UniProtKB/TrEMBL,1.0,Active
A0A178UFC8,UniProtKB/TrEMBL,1.0,Active
O80549,UniProtKB/TrEMBL,1.0,Active
A0A178V0S6,UniProtKB/TrEMBL,1.0,Active
P82795,UniProtKB/Swiss-Prot,2.0,Active
Q0WQG2,UniProtKB/TrEMBL,1.0,Active
Q9MA65,UniProtKB/TrEMBL,1.0,Active
A0A7G2EYT4,UniProtKB/TrEMBL,2.0,Active
A0A178U779,UniProtKB/TrEMBL,2.0,Active
Q56X07,UniProtKB/TrEMBL,2.0,Active
A0A5S9WJB4,UniProtKB/TrEMBL,1.0,Active
Q570H7,UniProtKB/TrEMBL,1.0,Active
A0A384KNJ4,UniProtKB/TrEMBL,1.0,Active
Q5Q0H3,UniProtKB/TrEMBL,1.0,Active
A0A178V035,UniProtKB/TrEMBL,1.0,Active
A0A178UXL4,UniProtKB/TrEMBL,1.0,Active
Q84X21,UniProtKB/TrEMBL,1.0,Active
A0MDQ4,UniProtKB/TrEMBL,1.0,Active
A0A5S9TBG4,UniProtKB/TrEMBL,1.0,Active
Q9LI63,UniProtKB/TrEMBL,1.0,Active
Q570D2,UniProtKB/TrEMBL,1.0,Active
A0A7G2FD38,UniProtKB/TrEMBL,1.0,Active
C0Z397,UniProtKB/TrEMBL,2.0,Active
A0A178VKK8,UniProtKB/TrEMBL,1.0,Active
A0MJU5,UniProtKB/TrEMBL,1.0,Active
Q9ZUJ6,UniProtKB/TrEMBL,1.0,Active
A0A7G2DXA8,UniProtKB/TrEMBL,1.0,Active
Q9LMH8,UniProtKB/TrEMBL,1.0,Active
A0A384LLD4,UniProtKB/TrEMBL,1.0,Active
A0A178W1S0,UniProtKB/TrEMBL,1.0,Active
A0A178VVJ5,UniProtKB/TrEMBL,1.0,Active
A0MF32,UniProtKB/TrEMBL,1.0,Active
Q9XGX9,UniProtKB/Swiss-Prot,4.0,Active
A0A654FAU1,UniProtKB/TrEMBL,1.0,Active
A0A7G2FEN5,UniProtKB/TrEMBL,1.0,Active
Q42024,UniProtKB/TrEMBL,1.0,Active
A0A178VDW8,UniProtKB/TrEMBL,1.0,Active
O65585,UniProtKB/TrEMBL,1.0,Active
A0A178UNJ6,UniProtKB/TrEMBL,1.0,Active
A0A1I9LS99,UniProtKB/TrEMBL,1.0,Active
Q0WMD7,UniProtKB/TrEMBL,1.0,Active
Q7XJ45,UniProtKB/TrEMBL,1.0,Active
A0A178UZ67,UniProtKB/TrEMBL,1.0,Active
Q6DYC4,UniProtKB/TrEMBL,1.0,Active
Q9FXC3,UniProtKB/TrEMBL,1.0,Active
A0A178V9X1,UniProtKB/TrEMBL,2.0,Active
A0A1B1W4W1,UniProtKB/TrEMBL,2.0,Active
A0A5S9Y1Z8,UniProtKB/TrEMBL,1.0,Active
A0A5S9XWB0,UniProtKB/TrEMBL,1.0,Active
Q9SRS8,UniProtKB/TrEMBL,1.0,Active
A0MDY9,UniProtKB/TrEMBL,1.0,Active
A0A5S9WQ00,UniProtKB/TrEMBL,1.0,Active
A0A384K8C2,UniProtKB/TrEMBL,2.0,Active
A0A654FYA2,UniProtKB/TrEMBL,1.0,Active
Q56Z98,UniProtKB/TrEMBL,1.0,Active
P92535,UniProtKB/Swiss-Prot,1.0,Active
A0A178V195,UniProtKB/TrEMBL,1.0,Active
A0A178UBR4,UniProtKB/TrEMBL,1.0,Active
A0A384KSW6,UniProtKB/TrEMBL,2.0,Active
A0A1I9LP34,UniProtKB/TrEMBL,2.0,Active
A0A178ULF2,UniProtKB/TrEMBL,1.0,Active
F4JLM2,UniProtKB/TrEMBL,1.0,Active
Q7DLH3,UniProtKB/TrEMBL,1.0,Active
A0A654ERP2,UniProtKB/TrEMBL,1.0,Active
Q56ZR7,UniProtKB/TrEMBL,1.0,Active
A0A178WDC1,UniProtKB/TrEMBL,1.0,Active
L7UWN7,UniProtKB/TrEMBL,1.0,Active
A0A5S9XPC2,UniProtKB/TrEMBL,1.0,Active
Q1G378,UniProtKB/TrEMBL,1.0,Active
A0A178W5Y0,UniProtKB/TrEMBL,1.0,Active
A0A654FV00,UniProtKB/TrEMBL,1.0,Active
C0Z222,UniProtKB/TrEMBL,1.0,Active
Q9M257,UniProtKB/TrEMBL,1.0,Active
A0A7G2ED80,UniProtKB/TrEMBL,1.0,Active
Q9FGU1,UniProtKB/TrEMBL,2.0,Active
A0A654EM19,UniProtKB/TrEMBL,1.0,Active
A0MDI6,UniProtKB/TrEMBL,1.0,Active
A0A178URZ5,UniProtKB/TrEMBL,1.0,Active
Q9SJK4,UniProtKB/TrEMBL,1.0,Active
A0A1P8B135,UniProtKB/TrEMBL,1.0,Active
J7G5V7,UniProtKB/TrEMBL,1.0,Active
A0A7G2E0J9,UniProtKB/TrEMBL,1.0,Active
Q9FWX3,UniProtKB/TrEMBL,2.0,Active
A0A178VTH5,UniProtKB/TrEMBL,1.0,Active
A0A178VGF4,UniProtKB/TrEMBL,1.0,Active
A0A178VWE3,UniProtKB/TrEMBL,1.0,Active
Q9ZQP5,UniProtKB/TrEMBL,1.0,Active
A0A654EI67,UniProtKB/TrEMBL,1.0,Active
A0A178W2V0,UniProtKB/TrEMBL,1.0,Active
A0A1P8B574,UniProtKB/TrEMBL,1.0,Active
A0A178VVB3,UniProtKB/TrEMBL,1.0,Active
E1A949,UniProtKB/TrEMBL,1.0,Active
Q9ZU45,UniProtKB/TrEMBL,1.0,Active
A0A178W788,UniProtKB/TrEMBL,1.0,Active
A0A1P8APC1,UniProtKB/TrEMBL,1.0,Active
Q0WU69,UniProtKB/TrEMBL,1.0,Active
A0A178W1B2,UniProtKB/TrEMBL,1.0,Active
A0A178UBI3,UniProtKB/TrEMBL,1.0,Active
A0MEK3,UniProtKB/TrEMBL,1.0,Active
A0A7G2EVD0,UniProtKB/TrEMBL,1.0,Active
A0A7G2FJ11,UniProtKB/TrEMBL,1.0,Active
Q9FFG5,UniProtKB/TrEMBL,2.0,Active
A0A178VY44,UniProtKB/TrEMBL,1.0,Active
A0A178VNG2,UniProtKB/TrEMBL,1.0,Active
Q56X50,UniProtKB/TrEMBL,1.0,Active
A0A7G2ERZ1,UniProtKB/TrEMBL,1.0,Active
A0A178VLB3,UniProtKB/TrEMBL,1.0,Active
A0A384KPL6,UniProtKB/TrEMBL,1.0,Active
A0A7G2ERS5,UniProtKB/TrEMBL,1.0,Active
A0A178VKE7,UniProtKB/TrEMBL,1.0,Active
A0A178UJA6,UniProtKB/TrEMBL,1.0,Active
A0A654FPV2,UniProtKB/TrEMBL,1.0,Active
A0A654EXU1,UniProtKB/TrEMBL,1.0,Active
Q570C1,UniProtKB/TrEMBL,1.0,Active
A0A178UH80,UniProtKB/TrEMBL,1.0,Active
A0A7G2EQZ5,UniProtKB/TrEMBL,1.0,Active
A0A178WN97,UniProtKB/TrEMBL,1.0,Active
A0A384KCI1,UniProtKB/TrEMBL,1.0,Active
A0A178V236,UniProtKB/TrEMBL,1.0,Active
Q9FJI2,UniProtKB/Swiss-Prot,5.0,Active
A0A178VNP8,UniProtKB/TrEMBL,1.0,Active
A0A178U7T5,UniProtKB/TrEMBL,1.0,Active
Q0WTR1,UniProtKB/TrEMBL,1.0,Active
A0A178UE24,UniProtKB/TrEMBL,1.0,Active
A0A178V2T8,UniProtKB/TrEMBL,1.0,Active
F4JUE0,UniProtKB/TrEMBL,1.0,Active
A0A178ULQ1,UniProtKB/TrEMBL,1.0,Active
A0A178UC95,UniProtKB/TrEMBL,1.0,Active
A0A178VI77,UniProtKB/TrEMBL,1.0,Active
A0A384KRK5,UniProtKB/TrEMBL,1.0,Active
A0A178UWS3,UniProtKB/TrEMBL,1.0,Active
A0A178VEW7,UniProtKB/TrEMBL,1.0,Active
A0A178VVF2,UniProtKB/TrEMBL,1.0,Active
A0A178WFR9,UniProtKB/TrEMBL,1.0,Active
A0A654EVR9,UniProtKB/TrEMBL,1.0,Active
A0A7G2F926,UniProtKB/TrEMBL,2.0,Active
A0A178V8R8,UniProtKB/TrEMBL,1.0,Active
Q0WLP8,UniProtKB/TrEMBL,1.0,Active
Q94JV6,UniProtKB/TrEMBL,1.0,Active
O82355,UniProtKB/Swiss-Prot,2.0,Active
A0A178V5D6,UniProtKB/TrEMBL,1.0,Active
A0A384L8D6,UniProtKB/TrEMBL,1.0,Active
Q8GXH7,UniProtKB/TrEMBL,1.0,Active
Q9C567,UniProtKB/TrEMBL,1.0,Active
A0A654FCJ5,UniProtKB/TrEMBL,1.0,Active
Q5Q0B9,UniProtKB/TrEMBL,1.0,Active
A0A178VPP4,UniProtKB/TrEMBL,1.0,Active
A0A1P8BFV7,UniProtKB/TrEMBL,1.0,Active
A0A178VE53,UniProtKB/TrEMBL,1.0,Active
Q9SI36,UniProtKB/TrEMBL,1.0,Active
A0A178VLT7,UniProtKB/TrEMBL,1.0,Active
Q66GM6,UniProtKB/TrEMBL,1.0,Active
A0A3G1CH73,UniProtKB/TrEMBL,1.0,Active
Q6NNM9,UniProtKB/TrEMBL,1.0,Active
A0A1B1W4X5,UniProtKB/TrEMBL,2.0,Active
Q9LR41,UniProtKB/TrEMBL,1.0,Active
A0A178UGZ4,UniProtKB/TrEMBL,1.0,Active
A0A5S9WNZ6,UniProtKB/TrEMBL,1.0,Active
A0A178VDV8,UniProtKB/TrEMBL,1.0,Active
A8MS77,UniProtKB/TrEMBL,1.0,Active
Q1PFB6,UniProtKB/TrEMBL,1.0,Active
A0A178V4L2,UniProtKB/TrEMBL,1.0,Active
Q8GYJ9,UniProtKB/TrEMBL,2.0,Active
Q9ZUJ2,UniProtKB/TrEMBL,1.0,Active
Q29PU2,UniProtKB/Swiss-Prot,4.0,Active
A0A178VNM7,UniProtKB/TrEMBL,2.0,Active
A0A178VIK1,UniProtKB/TrEMBL,1.0,Active
A0A5S9XMK3,UniProtKB/TrEMBL,1.0,Active
A0A5S9Y8F8,UniProtKB/TrEMBL,1.0,Active
A0A5S9XMX7,UniProtKB/TrEMBL,1.0,Active
Q56Z94,UniProtKB/TrEMBL,1.0,Active
A0A384L021,UniProtKB/TrEMBL,2.0,Active
Q56WJ6,UniProtKB/TrEMBL,1.0,Active
A0A178UZI0,UniProtKB/TrEMBL,1.0,Active
A0A178VU53,UniProtKB/TrEMBL,1.0,Active
A0A178UJ78,UniProtKB/TrEMBL,1.0,Active
Q9LIH0,UniProtKB/TrEMBL,2.0,Active
A0A178WMY2,UniProtKB/TrEMBL,1.0,Active
Q682B1,UniProtKB/TrEMBL,1.0,Active
A0A5S9XJN4,UniProtKB/TrEMBL,1.0,Active
A0A5S9XT91,UniProtKB/TrEMBL,1.0,Active
Q56WB4,UniProtKB/TrEMBL,1.0,Active
Q45GK8,UniProtKB/TrEMBL,1.0,Active
A0A178WQL1,UniProtKB/TrEMBL,1.0,Active
A0A178WDV3,UniProtKB/TrEMBL,1.0,Active
A0A7G2EE68,UniProtKB/TrEMBL,1.0,Active
A0A1P8AXN5,UniProtKB/TrEMBL,1.0,Active
A0A7G2ENJ2,UniProtKB/TrEMBL,1.0,Active
O48838,UniProtKB/TrEMBL,2.0,Active
A0MDU3,UniProtKB/TrEMBL,1.0,Active
A0A1P8BER8,UniProtKB/TrEMBL,1.0,Active
A0A1P8B0D8,UniProtKB/TrEMBL,1.0,Active
A0A1P8B6B9,UniProtKB/TrEMBL,1.0,Active
Q9FMK0,UniProtKB/TrEMBL,1.0,Active
A0A1P8ANB9,UniProtKB/TrEMBL,1.0,Active
A0A5S9TCS6,UniProtKB/TrEMBL,1.0,Active
A0A5S9WL75,UniProtKB/TrEMBL,2.0,Active
A0A178UME6,UniProtKB/TrEMBL,1.0,Active
A0A7G2E2E6,UniProtKB/TrEMBL,1.0,Active
A0A178UJF4,UniProtKB/TrEMBL,1.0,Active
A0A178VH95,UniProtKB/TrEMBL,1.0,Active
A0A178WIF2,UniProtKB/TrEMBL,1.0,Active
Q7DN91,UniProtKB/TrEMBL,1.0,Active
A0MJW6,UniProtKB/TrEMBL,1.0,Active
Q9ZR15,UniProtKB/Swiss-Prot,2.0,Active
A0A178WIH3,UniProtKB/TrEMBL,1.0,Active
A0A178VQA7,UniProtKB/TrEMBL,2.0,Active
Q9XII6,UniProtKB/TrEMBL,1.0,Active
A0A178UUR5,UniProtKB/TrEMBL,1.0,Active
A0A178UGR5,UniProtKB/TrEMBL,1.0,Active
F4KAP9,UniProtKB/TrEMBL,1.0,Active
A0A178VZD2,UniProtKB/TrEMBL,1.0,Active
Q9SW68,UniProtKB/TrEMBL,2.0,Active
A0A7G2FPQ2,UniProtKB/TrEMBL,1.0,Active
A0A5S9Y1E1,UniProtKB/TrEMBL,1.0,Active
A0A178WAV3,UniProtKB/TrEMBL,1.0,Active
A0A5S9XHU9,UniProtKB/TrEMBL,1.0,Active
C7FBQ3,UniProtKB/TrEMBL,1.0,Active
Q9SIP5,UniProtKB/TrEMBL,2.0,Active
A0A178W5Y8,UniProtKB/TrEMBL,1.0,Active
A0A178VA40,UniProtKB/TrEMBL,2.0,Active
Q9SL45,UniProtKB/Swiss-Prot,4.0,Active
F4I5L3,UniProtKB/TrEMBL,1.0,Active
A0A1P8ATV5,UniProtKB/TrEMBL,1.0,Active
A0A178WEU5,UniProtKB/TrEMBL,2.0,Active
Q9C6K2,UniProtKB/TrEMBL,1.0,Active
Q949Z4,UniProtKB/TrEMBL,1.0,Active
A0A7G2EFA2,UniProtKB/TrEMBL,1.0,Active
A0A178UXL3,UniProtKB/TrEMBL,1.0,Active
A0A097PSQ3,UniProtKB/TrEMBL,1.0,Active
Q8LEI5,UniProtKB/TrEMBL,1.0,Active
A0A178UPP3,UniProtKB/TrEMBL,2.0,Active
A0A178W533,UniProtKB/TrEMBL,1.0,Active
A0A7G2EQG3,UniProtKB/TrEMBL,1.0,Active
Q56YH5,UniProtKB/TrEMBL,1.0,Active
A0A178WL64,UniProtKB/TrEMBL,2.0,Active
A0A178V2R4,UniProtKB/TrEMBL,1.0,Active
B3H464,UniProtKB/TrEMBL,1.0,Active
A0A178UTL5,UniProtKB/TrEMBL,2.0,Active
Q8H7F2,UniProtKB/TrEMBL,1.0,Active
A0A178WGM6,UniProtKB/TrEMBL,1.0,Active
A0A178W531,UniProtKB/TrEMBL,1.0,Active
A0A178VY18,UniProtKB/TrEMBL,1.0,Active
Q0WLK3,UniProtKB/TrEMBL,2.0,Active
A0A654GAL2,UniProtKB/TrEMBL,1.0,Active
A0A1P8AVC2,UniProtKB/TrEMBL,1.0,Active
A0A178VI65,UniProtKB/TrEMBL,1.0,Active
A0A654G7A8,UniProtKB/TrEMBL,1.0,Active
A0A178VP71,UniProtKB/TrEMBL,1.0,Active
A0A0K2S4S0,UniProtKB/TrEMBL,1.0,Active
A0A178VY19,UniProtKB/TrEMBL,1.0,Active
A0A178VNM9,UniProtKB/TrEMBL,1.0,Active
Q84VM4,UniProtKB/TrEMBL,1.0,Active
A0A178VLE9,UniProtKB/TrEMBL,1.0,Active
C0Z280,UniProtKB/TrEMBL,2.0,Active
A0A384LCI5,UniProtKB/TrEMBL,1.0,Active
A0A5S9X161,UniProtKB/TrEMBL,1.0,Active
A0A654EVM2,UniProtKB/TrEMBL,1.0,Active
A0A5S9WAI3,UniProtKB/TrEMBL,1.0,Active
A0A5S9RUQ4,UniProtKB/TrEMBL,1.0,Active
A0A178WCC1,UniProtKB/TrEMBL,1.0,Active
A0A178VY64,UniProtKB/TrEMBL,1.0,Active
Q3E715,UniProtKB/Swiss-Prot,2.0,Active
Q8H7G7,UniProtKB/TrEMBL,1.0,Active
A0A178VT22,UniProtKB/TrEMBL,2.0,Active
A0A178UJZ1,UniProtKB/TrEMBL,1.0,Active
A0A654GAD8,UniProtKB/TrEMBL,1.0,Active
A0A178WGK7,UniProtKB/TrEMBL,1.0,Active
A0A654G5A2,UniProtKB/TrEMBL,1.0,Active
A0A178W941,UniProtKB/TrEMBL,1.0,Active
A0A7G2E782,UniProtKB/TrEMBL,1.0,Active
A0A178UDR0,UniProtKB/TrEMBL,1.0,Active
A0A654F805,UniProtKB/TrEMBL,1.0,Active
G1JSI3,UniProtKB/TrEMBL,1.0,Active
O64975,UniProtKB/TrEMBL,1.0,Active
Q9FI08,UniProtKB/TrEMBL,1.0,Active
Q1PFP8,UniProtKB/TrEMBL,1.0,Active
Q3E8E3,UniProtKB/TrEMBL,1.0,Active
Q9FIN5,UniProtKB/TrEMBL,1.0,Active
A0A5S9X0S6,UniProtKB/TrEMBL,1.0,Active
A0A654ESA9,UniProtKB/TrEMBL,1.0,Active
Q56W75,UniProtKB/TrEMBL,1.0,Active
Q8H174,UniProtKB/Swiss-Prot,5.0,Active
A0A178VN55,UniProtKB/TrEMBL,1.0,Active
A0A1P8B3C0,UniProtKB/TrEMBL,1.0,Active
A0A384LJQ2,UniProtKB/TrEMBL,1.0,Active
Q9FT62,UniProtKB/TrEMBL,1.0,Active
Q2V2Y3,UniProtKB/Swiss-Prot,2.0,Active
A0A5S9Y8B3,UniProtKB/TrEMBL,1.0,Active
A0A178VTR3,UniProtKB/TrEMBL,2.0,Active
A0A654G919,UniProtKB/TrEMBL,1.0,Active
A0A178UHV8,UniProtKB/TrEMBL,1.0,Active
A0A654FBG4,UniProtKB/TrEMBL,1.0,Active
A0A7G2FFU0,UniProtKB/TrEMBL,1.0,Active
Q8GW70,UniProtKB/TrEMBL,1.0,Active
Q8GXR4,UniProtKB/Swiss-Prot,2.0,Active
A0A178VFA9,UniProtKB/TrEMBL,1.0,Active
Q1PEA4,UniProtKB/TrEMBL,1.0,Active
A0A178VV33,UniProtKB/TrEMBL,1.0,Active
A0A178VS08,UniProtKB/TrEMBL,1.0,Active
P82765,UniProtKB/Swiss-Prot,2.0,Active
Q9T0C9,UniProtKB/TrEMBL,1.0,Active
A0A1P8AR18,UniProtKB/TrEMBL,2.0,Active
A0A178WQ58,UniProtKB/TrEMBL,1.0,Active
A0A5S9XJ09,UniProtKB/TrEMBL,1.0,Active
A0A5S9SZC4,UniProtKB/TrEMBL,1.0,Active
Q0WSG8,UniProtKB/TrEMBL,1.0,Active
A0A178UBT2,UniProtKB/TrEMBL,1.0,Active
Q84U25,UniProtKB/TrEMBL,1.0,Active
A0A7G2ENA9,UniProtKB/TrEMBL,1.0,Active
A0A7G2FBZ7,UniProtKB/TrEMBL,1.0,Active
J7FXE8,UniProtKB/TrEMBL,1.0,Active
A0A654G7E3,UniProtKB/TrEMBL,1.0,Active
A0A178VUC3,UniProtKB/TrEMBL,1.0,Active
A0A178UWG0,UniProtKB/TrEMBL,3.0,Active
A0A5S9XWU4,UniProtKB/TrEMBL,1.0,Active
A0A178UDH8,UniProtKB/TrEMBL,1.0,Active
A0A1P8B3Z7,UniProtKB/TrEMBL,2.0,Active
A0A178UDA9,UniProtKB/TrEMBL,2.0,Active
Q6ID74,UniProtKB/TrEMBL,1.0,Active
A0A7G2E7L2,UniProtKB/TrEMBL,1.0,Active
A0A178W044,UniProtKB/TrEMBL,1.0,Active
A0A178V3A1,UniProtKB/TrEMBL,1.0,Active
A0A178UU41,UniProtKB/TrEMBL,1.0,Active
A0A178WI88,UniProtKB/TrEMBL,1.0,Active
A0A178V695,UniProtKB/TrEMBL,1.0,Active
A0A1P8AXK4,UniProtKB/TrEMBL,2.0,Active
A0A178UGP2,UniProtKB/TrEMBL,1.0,Active
A0A178WDJ1,UniProtKB/TrEMBL,1.0,Active
A0A178U7H3,UniProtKB/TrEMBL,2.0,Active
A0A178WEL5,UniProtKB/TrEMBL,2.0,Active
A0A384L6X6,UniProtKB/TrEMBL,1.0,Active
A0A178USP4,UniProtKB/TrEMBL,1.0,Active
A0A178URH1,UniProtKB/TrEMBL,1.0,Active
A0A654EUP6,UniProtKB/TrEMBL,1.0,Active
A0A7G2EG56,UniProtKB/TrEMBL,1.0,Active
A0A1P8B381,UniProtKB/TrEMBL,2.0,Active
A0A178VSQ8,UniProtKB/TrEMBL,1.0,Active
A0A5S9XL78,UniProtKB/TrEMBL,1.0,Active
B3H562,UniProtKB/TrEMBL,1.0,Active
B3H5I6,UniProtKB/TrEMBL,1.0,Active
A0A178UJE6,UniProtKB/TrEMBL,1.0,Active
A0A5S9XSU3,UniProtKB/TrEMBL,1.0,Active
A0A178WBX0,UniProtKB/TrEMBL,1.0,Active
A0A5S9XA69,UniProtKB/TrEMBL,1.0,Active
A0A178VAW7,UniProtKB/TrEMBL,2.0,Active
A0A1I9LPY2,UniProtKB/TrEMBL,1.0,Active
A0A7G2EP92,UniProtKB/TrEMBL,1.0,Active
A0A178WB84,UniProtKB/TrEMBL,1.0,Active
A0A5S9WTC3,UniProtKB/TrEMBL,1.0,Active
A0A178U8I9,UniProtKB/TrEMBL,1.0,Active
A0A178UEL8,UniProtKB/TrEMBL,1.0,Active
A0A178W407,UniProtKB/TrEMBL,2.0,Active
A0A178VKH9,UniProtKB/TrEMBL,2.0,Active
A0A178UXJ7,UniProtKB/TrEMBL,1.0,Active
A0A384K9G1,UniProtKB/TrEMBL,1.0,Active
B2CUV8,UniProtKB/TrEMBL,1.0,Active
O49480,UniProtKB/TrEMBL,1.0,Active
A0A1B1W503,UniProtKB/TrEMBL,3.0,Active
Q9SZQ6,UniProtKB/TrEMBL,2.0,Active
A0A5S9XFB4,UniProtKB/TrEMBL,1.0,Active
A0A5S9XM01,UniProtKB/TrEMBL,1.0,Active
A0A7G2F127,UniProtKB/TrEMBL,1.0,Active
Q56ZD8,UniProtKB/TrEMBL,1.0,Active
Q1PFP6,UniProtKB/TrEMBL,1.0,Active
A0A7G2DXC2,UniProtKB/TrEMBL,1.0,Active
A0A178VVC9,UniProtKB/TrEMBL,1.0,Active
Q5PP64,UniProtKB/TrEMBL,1.0,Active
Q5XVB9,UniProtKB/TrEMBL,1.0,Active
A0A7G2E394,UniProtKB/TrEMBL,1.0,Active
A0A178WKX4,UniProtKB/TrEMBL,1.0,Active
Q9FIR2,UniProtKB/TrEMBL,1.0,Active
A0A5S9Y1S7,UniProtKB/TrEMBL,1.0,Active
A0A178V600,UniProtKB/TrEMBL,1.0,Active
A0A178UGE5,UniProtKB/TrEMBL,1.0,Active
Q9LMV6,UniProtKB/TrEMBL,1.0,Active
Q1G2Y4,UniProtKB/TrEMBL,1.0,Active
Q9FIT2,UniProtKB/Swiss-Prot,2.0,Active
Q9XII2,UniProtKB/TrEMBL,1.0,Active
P0DKH2,UniProtKB/Swiss-Prot,2.0,Active
Q9XHG4,UniProtKB/TrEMBL,1.0,Active
A0A5S9Y7W6,UniProtKB/TrEMBL,1.0,Active
O64840,UniProtKB/TrEMBL,2.0,Active
Q0WRE5,UniProtKB/TrEMBL,1.0,Active
A0A178V323,UniProtKB/TrEMBL,1.0,Active
A0A1P8B1H4,UniProtKB/TrEMBL,1.0,Active
A0A178VIE3,UniProtKB/TrEMBL,1.0,Active
A0A178W8B3,UniProtKB/TrEMBL,2.0,Active
A0A178V1W6,UniProtKB/TrEMBL,1.0,Active
Q9ZUL7,UniProtKB/Swiss-Prot,3.0,Active
F4K6X0,UniProtKB/Swiss-Prot,4.0,Active
A0MF14,UniProtKB/TrEMBL,1.0,Active
A0A5S9XHA3,UniProtKB/TrEMBL,1.0,Active
F4ID99,UniProtKB/TrEMBL,1.0,Active
A0A178UP48,UniProtKB/TrEMBL,1.0,Active
A0A654EPF3,UniProtKB/TrEMBL,1.0,Active
A0A178VF01,UniProtKB/TrEMBL,1.0,Active
A0A178UT99,UniProtKB/TrEMBL,1.0,Active
A0A7G2DVU0,UniProtKB/TrEMBL,1.0,Active
Q9LEV4,UniProtKB/TrEMBL,1.0,Active
Q1G373,UniProtKB/Swiss-Prot,2.0,Active
A0A178VV80,UniProtKB/TrEMBL,1.0,Active
A0A178WQ75,UniProtKB/TrEMBL,1.0,Active
F4HUG8,UniProtKB/TrEMBL,2.0,Active
A0A654G3K1,UniProtKB/TrEMBL,2.0,Active
A0A178WJP6,UniProtKB/TrEMBL,1.0,Active
A0A178VYQ4,UniProtKB/TrEMBL,1.0,Active
A0A288SSW0,UniProtKB/TrEMBL,1.0,Active
F4K742,UniProtKB/TrEMBL,1.0,Active
A0A178VQL5,UniProtKB/TrEMBL,1.0,Active
U3N126,UniProtKB/TrEMBL,1.0,Active
A0A178UR08,UniProtKB/TrEMBL,1.0,Active
P82784,UniProtKB/Swiss-Prot,3.0,Active
A0A178VGD8,UniProtKB/TrEMBL,1.0,Active
Q949Z8,UniProtKB/TrEMBL,1.0,Active
A0A5S9XNJ6,UniProtKB/TrEMBL,1.0,Active
A0A654EH23,UniProtKB/TrEMBL,2.0,Active
A0A5S9WY33,UniProtKB/TrEMBL,1.0,Active
A0A178UQ99,UniProtKB/TrEMBL,1.0,Active
Q56Z85,UniProtKB/TrEMBL,2.0,Active
Q94AE0,UniProtKB/TrEMBL,1.0,Active
Q9FYJ9,UniProtKB/TrEMBL,1.0,Active
A0A1I9LQL8,UniProtKB/TrEMBL,1.0,Active
A0A178VT70,UniProtKB/TrEMBL,1.0,Active
A0A7G2FB32,UniProtKB/TrEMBL,1.0,Active
F4IHC1,UniProtKB/TrEMBL,2.0,Active
A0A178VQD7,UniProtKB/TrEMBL,1.0,Active
A0A5S9Y448,UniProtKB/TrEMBL,1.0,Active
A0A178ULA2,UniProtKB/TrEMBL,1.0,Active
A0A178W8C1,UniProtKB/TrEMBL,2.0,Active
A0A178UUI3,UniProtKB/TrEMBL,1.0,Active
A0A654FC51,UniProtKB/TrEMBL,1.0,Active
Q9LYE8,UniProtKB/TrEMBL,1.0,Active
E1A904,UniProtKB/TrEMBL,1.0,Active
A0A178UZC5,UniProtKB/TrEMBL,1.0,Active
Q9FM06,UniProtKB/TrEMBL,1.0,Active
A0A5S9WXU3,UniProtKB/TrEMBL,1.0,Active
Q2V4L5,UniProtKB/Swiss-Prot,2.0,Active
A0A178WL19,UniProtKB/TrEMBL,1.0,Active
F4I615,UniProtKB/TrEMBL,2.0,Active
A0A178UCL1,UniProtKB/TrEMBL,1.0,Active
B3H4L7,UniProtKB/TrEMBL,1.0,Active
P82760,UniProtKB/Swiss-Prot,2.0,Active
Q9M275,UniProtKB/TrEMBL,1.0,Active
A0A178UCL2,UniProtKB/TrEMBL,1.0,Active
A0A7G2FHN2,UniProtKB/TrEMBL,1.0,Active
Q9LZI3,UniProtKB/TrEMBL,2.0,Active
Q8H773,UniProtKB/TrEMBL,1.0,Active
Q56Z49,UniProtKB/TrEMBL,1.0,Active
Q3E985,UniProtKB/TrEMBL,1.0,Active
Q6E252,UniProtKB/TrEMBL,1.0,Active
A0A178VRE5,UniProtKB/TrEMBL,1.0,Active
Q9SY65,UniProtKB/Swiss-Prot,4.0,Active
A0A178UZX0,UniProtKB/TrEMBL,1.0,Active
A0A7G2EG11,UniProtKB/TrEMBL,1.0,Active
A0A654EQV6,UniProtKB/TrEMBL,2.0,Active
A0A7G2EP79,UniProtKB/TrEMBL,1.0,Active
A0A5S9WZ09,UniProtKB/TrEMBL,1.0,Active
A0A178UM95,UniProtKB/TrEMBL,1.0,Active
A0A178UJG6,UniProtKB/TrEMBL,1.0,Active
Q8LCM7,UniProtKB/TrEMBL,1.0,Active
A8MQN0,UniProtKB/Swiss-Prot,2.0,Active
O22912,UniProtKB/Swiss-Prot,2.0,Active
A0A178VF24,UniProtKB/TrEMBL,1.0,Active
A0A5S9YDX3,UniProtKB/TrEMBL,1.0,Active
A0A178VHG6,UniProtKB/TrEMBL,1.0,Active
A0A1P8BG06,UniProtKB/TrEMBL,2.0,Active
A0A178UIN5,UniProtKB/TrEMBL,1.0,Active
A0A1P8BDH1,UniProtKB/TrEMBL,1.0,Active
A0A7G2FNU2,UniProtKB/TrEMBL,1.0,Active
Q9FUA7,UniProtKB/TrEMBL,1.0,Active
A0A384LD87,UniProtKB/TrEMBL,1.0,Active
A0A178V2S9,UniProtKB/TrEMBL,1.0,Active
A0A178VBQ8,UniProtKB/TrEMBL,1.0,Active
A0A178UD65,UniProtKB/TrEMBL,1.0,Active
A0A7G2FFS3,UniProtKB/TrEMBL,1.0,Active
P82759,UniProtKB/Swiss-Prot,2.0,Active
Q1KS78,UniProtKB/TrEMBL,1.0,Active
Q9LJD9,UniProtKB/Swiss-Prot,4.0,Active
A0A178V5F7,UniProtKB/TrEMBL,1.0,Active
Q8VWQ5,UniProtKB/Swiss-Prot,3.0,Active
A0A178U7Q6,UniProtKB/TrEMBL,2.0,Active
O81417,UniProtKB/Swiss-Prot,5.0,Active
C0Z210,UniProtKB/TrEMBL,1.0,Active
Q9FXM2,UniProtKB/TrEMBL,1.0,Active
A0A178VMV0,UniProtKB/TrEMBL,1.0,Active
A0A178U8J3,UniProtKB/TrEMBL,1.0,Active
A0A178UY25,UniProtKB/TrEMBL,1.0,Active
A0ME67,UniProtKB/TrEMBL,1.0,Active
A0A384L7E2,UniProtKB/TrEMBL,1.0,Active
A0A7G2E7B4,UniProtKB/TrEMBL,1.0,Active
A0A654EYZ1,UniProtKB/TrEMBL,1.0,Active
A0A5S9WJL7,UniProtKB/TrEMBL,1.0,Active
A0A7G2DQT2,UniProtKB/TrEMBL,1.0,Active
A0A178UPN4,UniProtKB/TrEMBL,1.0,Active
A0A178VEH8,UniProtKB/TrEMBL,1.0,Active
A0A178U6N2,UniProtKB/TrEMBL,1.0,Active
C0Z2V7,UniProtKB/TrEMBL,1.0,Active
A0A178VZD8,UniProtKB/TrEMBL,1.0,Active
A0A178UE84,UniProtKB/TrEMBL,1.0,Active
A0A7G2F1B5,UniProtKB/TrEMBL,1.0,Active
A0A178VKE2,UniProtKB/TrEMBL,1.0,Active
A0A178VFM0,UniProtKB/TrEMBL,1.0,Active
A0A178WD96,UniProtKB/TrEMBL,1.0,Active
B9DFD0,UniProtKB/TrEMBL,1.0,Active
A0A178WGF9,UniProtKB/TrEMBL,1.0,Active
A0A178VV12,UniProtKB/TrEMBL,1.0,Active
A0A654FPQ6,UniProtKB/TrEMBL,1.0,Active
A0A7G2E2R8,UniProtKB/TrEMBL,1.0,Active
A0A178VK93,UniProtKB/TrEMBL,1.0,Active
B7T504,UniProtKB/TrEMBL,1.0,Active
Q2V4G3,UniProtKB/Swiss-Prot,2.0,Active
B0ZV73,UniProtKB/TrEMBL,1.0,Active
A0A178UWA1,UniProtKB/TrEMBL,1.0,Active
A0A7G2F0S6,UniProtKB/TrEMBL,1.0,Active
A0A178UFE1,UniProtKB/TrEMBL,3.0,Active
A0A178W6M0,UniProtKB/TrEMBL,1.0,Active
O49400,UniProtKB/TrEMBL,1.0,Active
A0A7G2E983,UniProtKB/TrEMBL,1.0,Active
A0A5S9WRF8,UniProtKB/TrEMBL,1.0,Active
A0A384L1F2,UniProtKB/TrEMBL,2.0,Active
A0A178U9P3,UniProtKB/TrEMBL,1.0,Active
A0A178WKJ7,UniProtKB/TrEMBL,1.0,Active
Q9S763,UniProtKB/Swiss-Prot,4.0,Active
A0A178UCD0,UniProtKB/TrEMBL,1.0,Active
A0A178VS49,UniProtKB/TrEMBL,1.0,Active
A8MQA7,UniProtKB/TrEMBL,1.0,Active
A0A178W317,UniProtKB/TrEMBL,1.0,Active
A0A178UZK5,UniProtKB/TrEMBL,1.0,Active
B3H469,UniProtKB/Swiss-Prot,1.0,Active
Q3EBU2,UniProtKB/Swiss-Prot,2.0,Active
Q9LT82,UniProtKB/Swiss-Prot,3.0,Active
A0A178VIY3,UniProtKB/TrEMBL,1.0,Active
A0A654ERQ9,UniProtKB/TrEMBL,1.0,Active
A0A178WHK9,UniProtKB/TrEMBL,1.0,Active
A0A5S9XQY1,UniProtKB/TrEMBL,1.0,Active
F4IGY8,UniProtKB/TrEMBL,1.0,Active
Q93WN3,UniProtKB/TrEMBL,1.0,Active
A0A654FEI2,UniProtKB/TrEMBL,1.0,Active
A0A1P8AQA9,UniProtKB/TrEMBL,1.0,Active
A0A178UX18,UniProtKB/TrEMBL,1.0,Active
A0A178W974,UniProtKB/TrEMBL,2.0,Active
A0A178UD26,UniProtKB/TrEMBL,1.0,Active
A0A1P8BHG8,UniProtKB/TrEMBL,1.0,Active
Q84N39,UniProtKB/TrEMBL,1.0,Active
P82779,UniProtKB/Swiss-Prot,2.0,Active
A0A178W0M1,UniProtKB/TrEMBL,2.0,Active
A5YXN0,UniProtKB/TrEMBL,1.0,Active
A0A654EP12,UniProtKB/TrEMBL,1.0,Active
A0A178UV47,UniProtKB/TrEMBL,1.0,Active
A0A178V2H8,UniProtKB/TrEMBL,1.0,Active
Q5DWV9,UniProtKB/TrEMBL,2.0,Active
A0A7G2EIZ6,UniProtKB/TrEMBL,1.0,Active
A0A178UFN2,UniProtKB/TrEMBL,1.0,Active
Q2V322,UniProtKB/Swiss-Prot,2.0,Active
A0A654EL82,UniProtKB/TrEMBL,1.0,Active
A0A654F8F3,UniProtKB/TrEMBL,1.0,Active
A0A178W3M1,UniProtKB/TrEMBL,1.0,Active
F4K3N8,UniProtKB/TrEMBL,1.0,Active
A0A178W0F0,UniProtKB/TrEMBL,1.0,Active
A0A178W097,UniProtKB/TrEMBL,1.0,Active
Q2V2W2,UniProtKB/Swiss-Prot,2.0,Active
Q9LM10,UniProtKB/TrEMBL,1.0,Active
A0A1I9LP95,UniProtKB/TrEMBL,2.0,Active
Q680T5,UniProtKB/TrEMBL,1.0,Active
Q9SL83,UniProtKB/TrEMBL,1.0,Active
A0A5S9X8L1,UniProtKB/TrEMBL,1.0,Active
Q9SSE6,UniProtKB/TrEMBL,1.0,Active
A0A178VB37,UniProtKB/TrEMBL,1.0,Active
O80438,UniProtKB/Swiss-Prot,5.0,Active
A0A384K9V1,UniProtKB/TrEMBL,1.0,Active
A0A178W5P2,UniProtKB/TrEMBL,1.0,Active
A0A178W4P2,UniProtKB/TrEMBL,1.0,Active
A0A7G2EEZ6,UniProtKB/TrEMBL,1.0,Active
A5YYC6,UniProtKB/TrEMBL,1.0,Active
A0A7G2ELU0,UniProtKB/TrEMBL,1.0,Active
A0A654FVY7,UniProtKB/TrEMBL,1.0,Active
O82310,UniProtKB/TrEMBL,1.0,Active
F4JEI2,UniProtKB/TrEMBL,2.0,Active
Q2V467,UniProtKB/Swiss-Prot,2.0,Active
A0A178WKG0,UniProtKB/TrEMBL,2.0,Active
A0A178UIS1,UniProtKB/TrEMBL,3.0,Active
A0A5S9YDJ8,UniProtKB/TrEMBL,1.0,Active
A0A178V1V8,UniProtKB/TrEMBL,1.0,Active
A0A178UN91,UniProtKB/TrEMBL,1.0,Active
A0A2H1ZEN1,UniProtKB/TrEMBL,1.0,Active
A0A178VJ13,UniProtKB/TrEMBL,1.0,Active
A0A384L7L3,UniProtKB/TrEMBL,1.0,Active
A0A654G1Y1,UniProtKB/TrEMBL,1.0,Active
A0A178U7D9,UniProtKB/TrEMBL,1.0,Active
A0A1P8AW97,UniProtKB/TrEMBL,2.0,Active
A0A178VT24,UniProtKB/TrEMBL,1.0,Active
A0A5S9Y4L6,UniProtKB/TrEMBL,1.0,Active
A0A178WJ41,UniProtKB/TrEMBL,1.0,Active
A0A178V2G9,UniProtKB/TrEMBL,1.0,Active
A0A178W3I2,UniProtKB/TrEMBL,1.0,Active
A0A5S9XR80,UniProtKB/TrEMBL,1.0,Active
A0A178W3Q1,UniProtKB/TrEMBL,1.0,Active
A0A178UYP7,UniProtKB/TrEMBL,1.0,Active
A0A178VA71,UniProtKB/TrEMBL,1.0,Active
A0A5S9WYM5,UniProtKB/TrEMBL,1.0,Active
A0A5S9X0L0,UniProtKB/TrEMBL,1.0,Active
A0A7G2FG84,UniProtKB/TrEMBL,2.0,Active
A0A654EKJ5,UniProtKB/TrEMBL,1.0,Active
A0A178UC75,UniProtKB/TrEMBL,1.0,Active
Q943Z6,UniProtKB/Swiss-Prot,3.0,Active
A0MJW4,UniProtKB/TrEMBL,1.0,Active
Q9LUY0,UniProtKB/TrEMBL,1.0,Active
A0A178UL68,UniProtKB/TrEMBL,1.0,Active
A0A178W3H0,UniProtKB/TrEMBL,1.0,Active
A0A178VBU7,UniProtKB/TrEMBL,1.0,Active
A0A178UY67,UniProtKB/TrEMBL,2.0,Active
A0A5S9Y6Z2,UniProtKB/TrEMBL,1.0,Active
A0A7G2DRI4,UniProtKB/TrEMBL,1.0,Active
A0A178WMK3,UniProtKB/TrEMBL,1.0,Active
A0A178UWX5,UniProtKB/TrEMBL,1.0,Active
A0A178W3U7,UniProtKB/TrEMBL,1.0,Active
A0A178VXM5,UniProtKB/TrEMBL,1.0,Active
B9DI38,UniProtKB/TrEMBL,1.0,Active
B3H5V7,UniProtKB/TrEMBL,1.0,Active
A0A178VHK0,UniProtKB/TrEMBL,2.0,Active
A0A178W0E6,UniProtKB/TrEMBL,1.0,Active
A0A654FGB9,UniProtKB/TrEMBL,1.0,Active
Q7XJK2,UniProtKB/TrEMBL,1.0,Active
A0A178WIW7,UniProtKB/TrEMBL,1.0,Active
A0A7G2EN60,UniProtKB/TrEMBL,1.0,Active
A0MFK1,UniProtKB/TrEMBL,1.0,Active
Q6WSE5,UniProtKB/TrEMBL,1.0,Active
A0A178UD68,UniProtKB/TrEMBL,1.0,Active
A0A654G1V2,UniProtKB/TrEMBL,1.0,Active
Q56YZ1,UniProtKB/TrEMBL,1.0,Active
A0A178V501,UniProtKB/TrEMBL,1.0,Active
A0A7G2F0K0,UniProtKB/TrEMBL,1.0,Active
O22662,UniProtKB/TrEMBL,1.0,Active
A0A7G2ETY6,UniProtKB/TrEMBL,1.0,Active
A0A178WM89,UniProtKB/TrEMBL,1.0,Active
A0A5S9X1T4,UniProtKB/TrEMBL,1.0,Active
F4I9P5,UniProtKB/TrEMBL,1.0,Active
Q9LV66,UniProtKB/Swiss-Prot,1.0,Active
A0A178W3R9,UniProtKB/TrEMBL,1.0,Active
A0A178UGF2,UniProtKB/TrEMBL,2.0,Active
A0A5S9WDT5,UniProtKB/TrEMBL,1.0,Active
A0A1I9LM48,UniProtKB/TrEMBL,1.0,Active
A0A178W5K1,UniProtKB/TrEMBL,1.0,Active
Q9SIW7,UniProtKB/TrEMBL,1.0,Active
F4IA25,UniProtKB/TrEMBL,3.0,Active
A0A5S9Y082,UniProtKB/TrEMBL,1.0,Active
F4JMB8,UniProtKB/Swiss-Prot,2.0,Active
F4K5I8,UniProtKB/TrEMBL,1.0,Active
Q9M2G9,UniProtKB/TrEMBL,1.0,Active
A8MQL5,UniProtKB/TrEMBL,1.0,Active
Q56YU7,UniProtKB/TrEMBL,1.0,Active
Q84M88,UniProtKB/TrEMBL,3.0,Active
A0A178UIZ3,UniProtKB/TrEMBL,1.0,Active
A0A178VQY2,UniProtKB/TrEMBL,2.0,Active
Q56ZK6,UniProtKB/TrEMBL,1.0,Active
Q9ZQN1,UniProtKB/TrEMBL,1.0,Active
Q9SY45,UniProtKB/TrEMBL,1.0,Active
A0A7G2EB13,UniProtKB/TrEMBL,1.0,Active
A0A654G5U0,UniProtKB/TrEMBL,1.0,Active
A0A5S9X4H9,UniProtKB/TrEMBL,1.0,Active
A0A178UW15,UniProtKB/TrEMBL,1.0,Active
A0A7G2EUU1,UniProtKB/TrEMBL,1.0,Active
A0A178VYX4,UniProtKB/TrEMBL,1.0,Active
A0A1B1W4U3,UniProtKB/TrEMBL,2.0,Active
A0A178W7B3,UniProtKB/TrEMBL,1.0,Active
B3H584,UniProtKB/TrEMBL,1.0,Active
A0A178VPQ8,UniProtKB/TrEMBL,2.0,Active
Q1PE08,UniProtKB/TrEMBL,1.0,Active
Q6AWV3,UniProtKB/TrEMBL,1.0,Active
Q9SD88,UniProtKB/Swiss-Prot,2.0,Active
Q56Z71,UniProtKB/TrEMBL,1.0,Active
A0A178V6G5,UniProtKB/TrEMBL,1.0,Active
A0A178W451,UniProtKB/TrEMBL,2.0,Active
Q9FGA6,UniProtKB/TrEMBL,1.0,Active
A0A5S9STC3,UniProtKB/TrEMBL,1.0,Active
A0A178VJL2,UniProtKB/TrEMBL,1.0,Active
A0A1P8AY78,UniProtKB/TrEMBL,1.0,Active
A0A5S9XJS6,UniProtKB/TrEMBL,1.0,Active
A0A1P8AW78,UniProtKB/TrEMBL,1.0,Active
A0A5S9S740,UniProtKB/TrEMBL,1.0,Active
A0A7G2EUE6,UniProtKB/TrEMBL,1.0,Active
A8MQI0,UniProtKB/TrEMBL,1.0,Active
A0A178W7H0,UniProtKB/TrEMBL,1.0,Active
Q9M9P9,UniProtKB/TrEMBL,1.0,Active
C0Z3D4,UniProtKB/TrEMBL,1.0,Active
A0A178WKH0,UniProtKB/TrEMBL,1.0,Active
A0A178VIE8,UniProtKB/TrEMBL,1.0,Active
Q56ZS5,UniProtKB/TrEMBL,1.0,Active
A0A178UED4,UniProtKB/TrEMBL,1.0,Active
A0A5S9Y840,UniProtKB/TrEMBL,1.0,Active
Q9FMC7,UniProtKB/TrEMBL,1.0,Active
A0A1P8AMM0,UniProtKB/TrEMBL,1.0,Active
A0A7G2E4M0,UniProtKB/TrEMBL,1.0,Active
Q0WRC4,UniProtKB/TrEMBL,1.0,Active
Q56ZB9,UniProtKB/TrEMBL,1.0,Active
Q1PF52,UniProtKB/TrEMBL,1.0,Active
A0A7G2FGX5,UniProtKB/TrEMBL,1.0,Active
Q9LJQ9,UniProtKB/Swiss-Prot,3.0,Active
A0A178W1E3,UniProtKB/TrEMBL,2.0,Active
Q9LNN9,UniProtKB/TrEMBL,1.0,Active
A0A178VZ82,UniProtKB/TrEMBL,1.0,Active
A0A178VV76,UniProtKB/TrEMBL,1.0,Active
A0A178VPE2,UniProtKB/TrEMBL,2.0,Active
A0A5S9ULR6,UniProtKB/TrEMBL,1.0,Active
Q8GYD1,UniProtKB/Swiss-Prot,3.0,Active
A0A178U9R0,UniProtKB/TrEMBL,1.0,Active
A0A7G2EZ14,UniProtKB/TrEMBL,1.0,Active
Q8GXT1,UniProtKB/TrEMBL,1.0,Active
A0A178UAW8,UniProtKB/TrEMBL,2.0,Active
A0A178VN25,UniProtKB/TrEMBL,1.0,Active
A0A178UME1,UniProtKB/TrEMBL,1.0,Active
A0A5S9XM74,UniProtKB/TrEMBL,1.0,Active
J7FYU6,UniProtKB/TrEMBL,1.0,Active
A0A178WN81,UniProtKB/TrEMBL,2.0,Active
A0MDX4,UniProtKB/TrEMBL,1.0,Active
A0A178V153,UniProtKB/TrEMBL,2.0,Active
A0A178UH33,UniProtKB/TrEMBL,1.0,Active
A0A178W3N6,UniProtKB/TrEMBL,1.0,Active
Q9XFM0,UniProtKB/Swiss-Prot,5.0,Active
C1PID2,UniProtKB/TrEMBL,1.0,Active
A0A1P8AYS4,UniProtKB/TrEMBL,2.0,Active
A0A178W8M2,UniProtKB/TrEMBL,1.0,Active
A0A178WP43,UniProtKB/TrEMBL,1.0,Active
Q56YR4,UniProtKB/TrEMBL,2.0,Active
A0A5S9WQI1,UniProtKB/TrEMBL,2.0,Active
A0A178VT26,UniProtKB/TrEMBL,1.0,Active
A0A654G495,UniProtKB/TrEMBL,1.0,Active
A0A178VFG5,UniProtKB/TrEMBL,1.0,Active
A0A5S9YED8,UniProtKB/TrEMBL,1.0,Active
A0A178UDZ1,UniProtKB/TrEMBL,1.0,Active
A0A178W2Z3,UniProtKB/TrEMBL,1.0,Active
A0A654FUA0,UniProtKB/TrEMBL,2.0,Active
B3H6U3,UniProtKB/TrEMBL,1.0,Active
A0A178W6J9,UniProtKB/TrEMBL,2.0,Active
A0A7G2F6H8,UniProtKB/TrEMBL,1.0,Active
A0A7G2E058,UniProtKB/TrEMBL,1.0,Active
A0A178UCT0,UniProtKB/TrEMBL,2.0,Active
A0A1P8B0V4,UniProtKB/TrEMBL,1.0,Active
Q56YV8,UniProtKB/TrEMBL,1.0,Active
A0A7G2FQ22,UniProtKB/TrEMBL,1.0,Active
A0A178VSD9,UniProtKB/TrEMBL,1.0,Active
A0A7G2EF89,UniProtKB/TrEMBL,1.0,Active
P0CAY5,UniProtKB/Swiss-Prot,2.0,Active
A0A178V1F8,UniProtKB/TrEMBL,1.0,Active
Q2V488,UniProtKB/Swiss-Prot,2.0,Active
A0A178VV45,UniProtKB/TrEMBL,2.0,Active
Q9SB21,UniProtKB/TrEMBL,2.0,Active
A0A7G2E8F0,UniProtKB/TrEMBL,2.0,Active
A0A178WMJ0,UniProtKB/TrEMBL,1.0,Active
A0A178VZY4,UniProtKB/TrEMBL,1.0,Active
A0A5S9X6C6,UniProtKB/TrEMBL,1.0,Active
A0A178W9M2,UniProtKB/TrEMBL,1.0,Active
A0A5S9X3P4,UniProtKB/TrEMBL,1.0,Active
Q9C8R5,UniProtKB/TrEMBL,1.0,Active
A0A654F2U8,UniProtKB/TrEMBL,2.0,Active
Q56ZF2,UniProtKB/TrEMBL,2.0,Active
Q681E9,UniProtKB/TrEMBL,1.0,Active
Q0WTB9,UniProtKB/TrEMBL,1.0,Active
A0A178U9C4,UniProtKB/TrEMBL,2.0,Active
A0A178U825,UniProtKB/TrEMBL,1.0,Active
Q2V4G1,UniProtKB/Swiss-Prot,2.0,Active
B9DHU7,UniProtKB/TrEMBL,1.0,Active
F4KGU2,UniProtKB/TrEMBL,2.0,Active
A0A5S9X839,UniProtKB/TrEMBL,1.0,Active
A0A178UTP8,UniProtKB/TrEMBL,1.0,Active
A0A178WIC5,UniProtKB/TrEMBL,2.0,Active
A0A178U8V2,UniProtKB/TrEMBL,1.0,Active
A0A5S9X6R3,UniProtKB/TrEMBL,1.0,Active
F4KH94,UniProtKB/TrEMBL,1.0,Active
A0A1P8B767,UniProtKB/TrEMBL,2.0,Active
A0A654ERQ0,UniProtKB/TrEMBL,1.0,Active
A0A654FG43,UniProtKB/TrEMBL,1.0,Active
A0A1P8AU04,UniProtKB/TrEMBL,1.0,Active
A0A178VAQ9,UniProtKB/TrEMBL,1.0,Active
A0A178WKN9,UniProtKB/TrEMBL,1.0,Active
A0A5S9XHA9,UniProtKB/TrEMBL,1.0,Active
Q2V3L0,UniProtKB/Swiss-Prot,2.0,Active
Q3EAG0,UniProtKB/TrEMBL,2.0,Active
A0A654EFQ4,UniProtKB/TrEMBL,1.0,Active
A0A178W6M8,UniProtKB/TrEMBL,2.0,Active
Q9M892,UniProtKB/TrEMBL,2.0,Active
Q0WLR4,UniProtKB/TrEMBL,1.0,Active
A0A178VUZ2,UniProtKB/TrEMBL,1.0,Active
Q9SSK6,UniProtKB/TrEMBL,1.0,Active
A0A654E8T4,UniProtKB/TrEMBL,2.0,Active
A0A178U7S0,UniProtKB/TrEMBL,1.0,Active
C0Z2G1,UniProtKB/TrEMBL,1.0,Active
A0A654F372,UniProtKB/TrEMBL,2.0,Active
O49783,UniProtKB/TrEMBL,1.0,Active
A0A178U8R5,UniProtKB/TrEMBL,1.0,Active
A0A7G2DWW4,UniProtKB/TrEMBL,2.0,Active
Q9C8Y2,UniProtKB/Swiss-Prot,3.0,Active
A0A654EX06,UniProtKB/TrEMBL,1.0,Active
A0A7G2EXV0,UniProtKB/TrEMBL,1.0,Active
A0A178V390,UniProtKB/TrEMBL,1.0,Active
A0A178WM74,UniProtKB/TrEMBL,1.0,Active
A0A178UEG9,UniProtKB/TrEMBL,1.0,Active
A0A1P8ARE9,UniProtKB/TrEMBL,1.0,Active
Q56ZE6,UniProtKB/TrEMBL,1.0,Active
A0A178U9K9,UniProtKB/TrEMBL,1.0,Active
A0A654EPQ4,UniProtKB/TrEMBL,1.0,Active
A0A178VP32,UniProtKB/TrEMBL,1.0,Active
Q1G376,UniProtKB/TrEMBL,1.0,Active
A0A178WH57,UniProtKB/TrEMBL,2.0,Active
A0A178WG62,UniProtKB/TrEMBL,1.0,Active
A0A178UYG1,UniProtKB/TrEMBL,2.0,Active
A0A178VHH4,UniProtKB/TrEMBL,1.0,Active
A0A178VYF6,UniProtKB/TrEMBL,1.0,Active
A0A7G2EXK5,UniProtKB/TrEMBL,1.0,Active
F4K2L3,UniProtKB/TrEMBL,1.0,Active
A0A1P8B268,UniProtKB/TrEMBL,1.0,Active
A0A654F260,UniProtKB/TrEMBL,1.0,Active
A0A178UHM0,UniProtKB/TrEMBL,1.0,Active
A0MEB2,UniProtKB/TrEMBL,1.0,Active
A0A5S9WPK4,UniProtKB/TrEMBL,1.0,Active
A0A5S9Y8C9,UniProtKB/TrEMBL,2.0,Active
A0A7G2F8U2,UniProtKB/TrEMBL,2.0,Active
A0A654EPK0,UniProtKB/TrEMBL,1.0,Active
Q9MBH1,UniProtKB/Swiss-Prot,3.0,Active
A0A1I9LT79,UniProtKB/TrEMBL,2.0,Active
A0A178U907,UniProtKB/TrEMBL,2.0,Active
Q8L7Q8,UniProtKB/TrEMBL,1.0,Active
A0A5S9XTA6,UniProtKB/TrEMBL,1.0,Active
A0A178VH63,UniProtKB/TrEMBL,1.0,Active
A0A178VP46,UniProtKB/TrEMBL,1.0,Active
A0A7G2F6L3,UniProtKB/TrEMBL,1.0,Active
A0A178VGL9,UniProtKB/TrEMBL,1.0,Active
Q0WMN9,UniProtKB/TrEMBL,1.0,Active
A0A178VA04,UniProtKB/TrEMBL,1.0,Active
A0A5S9WSX5,UniProtKB/TrEMBL,2.0,Active
A0A178VVR5,UniProtKB/TrEMBL,1.0,Active
A0A178UEJ7,UniProtKB/TrEMBL,1.0,Active
A0A654GDY7,UniProtKB/TrEMBL,1.0,Active
A0A178UVM6,UniProtKB/TrEMBL,1.0,Active
A0A178VQB9,UniProtKB/TrEMBL,1.0,Active
F4JKS9,UniProtKB/TrEMBL,1.0,Active
Q8LC53,UniProtKB/Swiss-Prot,5.0,Active
A0A178VW11,UniProtKB/TrEMBL,1.0,Active
Q9M599,UniProtKB/TrEMBL,1.0,Active
Q9LVC0,UniProtKB/Swiss-Prot,5.0,Active
F4I5B8,UniProtKB/TrEMBL,1.0,Active
A0A5S9XPG1,UniProtKB/TrEMBL,2.0,Active
A0A178VFL6,UniProtKB/TrEMBL,1.0,Active
Q9ZVW5,UniProtKB/TrEMBL,1.0,Active
A0A5S9XRZ3,UniProtKB/TrEMBL,1.0,Active
Q56ZN9,UniProtKB/TrEMBL,1.0,Active
A0A178VCC1,UniProtKB/TrEMBL,1.0,Active
O49756,UniProtKB/TrEMBL,1.0,Active
A0A2H1ZEN2,UniProtKB/TrEMBL,2.0,Active
A8MQA5,UniProtKB/Swiss-Prot,5.0,Active
A0A654G090,UniProtKB/TrEMBL,1.0,Active
A0A178UQZ8,UniProtKB/TrEMBL,2.0,Active
Q9LFT5,UniProtKB/Swiss-Prot,3.0,Active
A0A178V8P1,UniProtKB/TrEMBL,1.0,Active
A0A178URW3,UniProtKB/TrEMBL,2.0,Active
A0A5S9Y085,UniProtKB/TrEMBL,1.0,Active
A0A178UEA9,UniProtKB/TrEMBL,1.0,Active
A0A5S9WXH5,UniProtKB/TrEMBL,1.0,Active
A0A7G2DXM7,UniProtKB/TrEMBL,2.0,Active
Q1G3B4,UniProtKB/TrEMBL,1.0,Active
A7J0T9,UniProtKB/TrEMBL,1.0,Active
A0A178US36,UniProtKB/TrEMBL,2.0,Active
Q9FLX7,UniProtKB/Swiss-Prot,4.0,Active
A0A654G1W7,UniProtKB/TrEMBL,2.0,Active
Q56Z08,UniProtKB/TrEMBL,2.0,Active
A0A654GEX6,UniProtKB/TrEMBL,1.0,Active
B2CT58,UniProtKB/TrEMBL,1.0,Active
A0A178VYG9,UniProtKB/TrEMBL,2.0,Active
A0MJV6,UniProtKB/TrEMBL,1.0,Active
Q9SAF8,UniProtKB/Swiss-Prot,3.0,Active
A0A178V7S1,UniProtKB/TrEMBL,1.0,Active
A0A178W219,UniProtKB/TrEMBL,1.0,Active
A0A654E5V8,UniProtKB/TrEMBL,1.0,Active
P82717,UniProtKB/Swiss-Prot,2.0,Active
F4HWW7,UniProtKB/TrEMBL,1.0,Active
A0A178UUH5,UniProtKB/TrEMBL,1.0,Active
Q8GY86,UniProtKB/TrEMBL,1.0,Active
Q56ZF0,UniProtKB/TrEMBL,1.0,Active
A0A178W961,UniProtKB/TrEMBL,2.0,Active
A0A7G2ERF3,UniProtKB/TrEMBL,1.0,Active
A0A178V851,UniProtKB/TrEMBL,1.0,Active
Q56ZP2,UniProtKB/TrEMBL,1.0,Active
C0Z350,UniProtKB/TrEMBL,1.0,Active
A0A7G2E674,UniProtKB/TrEMBL,1.0,Active
A0A7G2EH80,UniProtKB/TrEMBL,1.0,Active
Q682I1,UniProtKB/Swiss-Prot,4.0,Active
A0A178WF85,UniProtKB/TrEMBL,2.0,Active
Q9C9M6,UniProtKB/Swiss-Prot,5.0,Active
F4JDF9,UniProtKB/TrEMBL,1.0,Active
Q56ZI7,UniProtKB/TrEMBL,2.0,Active
Q6NNM1,UniProtKB/TrEMBL,1.0,Active
A0A7G2E2K4,UniProtKB/TrEMBL,1.0,Active
F4K2D3,UniProtKB/TrEMBL,1.0,Active
Q945P4,UniProtKB/TrEMBL,1.0,Active
A0A178V0X0,UniProtKB/TrEMBL,1.0,Active
A0A178UY53,UniProtKB/TrEMBL,1.0,Active
A0A178VF08,UniProtKB/TrEMBL,2.0,Active
F4JCN9,UniProtKB/Swiss-Prot,5.0,Active
A0A178UFR9,UniProtKB/TrEMBL,1.0,Active
A0A5S9XBI5,UniProtKB/TrEMBL,1.0,Active
A0A5S9TMC3,UniProtKB/TrEMBL,1.0,Active
Q9SUI0,UniProtKB/Swiss-Prot,1.0,Active
A0A654F896,UniProtKB/TrEMBL,1.0,Active
Q9LNZ7,UniProtKB/TrEMBL,1.0,Active
A0A654EJJ6,UniProtKB/TrEMBL,1.0,Active
Q8GY36,UniProtKB/TrEMBL,1.0,Active
A0A178V5B9,UniProtKB/TrEMBL,1.0,Active
A0A654FHE9,UniProtKB/TrEMBL,1.0,Active
A0A7G2EVU1,UniProtKB/TrEMBL,1.0,Active
A0A178UJG9,UniProtKB/TrEMBL,1.0,Active
A0A5S9Y9K2,UniProtKB/TrEMBL,1.0,Active
Q93W30,UniProtKB/TrEMBL,1.0,Active
A0A178VVQ9,UniProtKB/TrEMBL,1.0,Active
A0A178ULU0,UniProtKB/TrEMBL,1.0,Active
A0A178WNT2,UniProtKB/TrEMBL,1.0,Active
A0A384KRM2,UniProtKB/TrEMBL,1.0,Active
Q9C7P3,UniProtKB/TrEMBL,1.0,Active
A0A178UFD8,UniProtKB/TrEMBL,1.0,Active
Q9LJT1,UniProtKB/TrEMBL,1.0,Active
A0A1P8AVN6,UniProtKB/TrEMBL,2.0,Active
A0A178VZ59,UniProtKB/TrEMBL,1.0,Active
Q1PFK9,UniProtKB/TrEMBL,1.0,Active
A0A5S9X5N3,UniProtKB/TrEMBL,2.0,Active
Q8GXK7,UniProtKB/TrEMBL,1.0,Active
A0A1B1W4X4,UniProtKB/TrEMBL,2.0,Active
Q9LUR5,UniProtKB/TrEMBL,1.0,Active
O82295,UniProtKB/TrEMBL,1.0,Active
Q8GXD1,UniProtKB/TrEMBL,1.0,Active
A0A7G2FC72,UniProtKB/TrEMBL,1.0,Active
A0A178V064,UniProtKB/TrEMBL,1.0,Active
A0A7G2ER46,UniProtKB/TrEMBL,1.0,Active
Q5BPZ3,UniProtKB/TrEMBL,1.0,Active
Q9LQI1,UniProtKB/TrEMBL,1.0,Active
A0A178VXU0,UniProtKB/TrEMBL,1.0,Active
A0A1I9LMS4,UniProtKB/TrEMBL,1.0,Active
A0A178UAR9,UniProtKB/TrEMBL,1.0,Active
O64954,UniProtKB/TrEMBL,1.0,Active
A0A178VF81,UniProtKB/TrEMBL,2.0,Active
A0A178V196,UniProtKB/TrEMBL,2.0,Active
A0A7G2E3Z3,UniProtKB/TrEMBL,1.0,Active
Q9SK46,UniProtKB/TrEMBL,2.0,Active
A0A178V559,UniProtKB/TrEMBL,1.0,Active
F4IE99,UniProtKB/TrEMBL,1.0,Active
A0A178WM02,UniProtKB/TrEMBL,1.0,Active
A0A5S9WXX7,UniProtKB/TrEMBL,1.0,Active
A0A178WJX5,UniProtKB/TrEMBL,1.0,Active
A0A178VRP7,UniProtKB/TrEMBL,2.0,Active
Q9FFE2,UniProtKB/TrEMBL,1.0,Active
A7J0T7,UniProtKB/TrEMBL,1.0,Active
A0A7G2FJE1,UniProtKB/TrEMBL,1.0,Active
Q9FZ34,UniProtKB/TrEMBL,1.0,Active
Q9LXT3,UniProtKB/Swiss-Prot,4.0,Active
A0A7G2FI67,UniProtKB/TrEMBL,1.0,Active
F4I989,UniProtKB/TrEMBL,1.0,Active
A0A654FUI2,UniProtKB/TrEMBL,1.0,Active
A0A654EH60,UniProtKB/TrEMBL,1.0,Active
A0A7G2F234,UniProtKB/TrEMBL,1.0,Active
A0A1P8ASF8,UniProtKB/TrEMBL,1.0,Active
A0A178W011,UniProtKB/TrEMBL,1.0,Active
Q9LHE1,UniProtKB/TrEMBL,1.0,Active
Q0WT10,UniProtKB/TrEMBL,1.0,Active
A0A178UYZ2,UniProtKB/TrEMBL,1.0,Active
Q9SF44,UniProtKB/TrEMBL,1.0,Active
A0A7G2FPS8,UniProtKB/TrEMBL,1.0,Active
A0A178WP18,UniProtKB/TrEMBL,2.0,Active
A0A384LCB2,UniProtKB/TrEMBL,1.0,Active
A0A178UFK7,UniProtKB/TrEMBL,1.0,Active
A0A178WBI2,UniProtKB/TrEMBL,2.0,Active
A0A178W2U8,UniProtKB/TrEMBL,1.0,Active
A0A178V5J3,UniProtKB/TrEMBL,1.0,Active
Q9SMU5,UniProtKB/TrEMBL,2.0,Active
Q84V59,UniProtKB/TrEMBL,1.0,Active
Q9STV8,UniProtKB/TrEMBL,1.0,Active
A0A178VAE6,UniProtKB/TrEMBL,1.0,Active
Q93W37,UniProtKB/TrEMBL,1.0,Active
A0A1P8BBN7,UniProtKB/TrEMBL,1.0,Active
A0A5S9YBN0,UniProtKB/TrEMBL,1.0,Active
A0A7G2ENI8,UniProtKB/TrEMBL,1.0,Active
Q9FK55,UniProtKB/TrEMBL,1.0,Active
F4IZ13,UniProtKB/TrEMBL,1.0,Active
A0A178VX80,UniProtKB/TrEMBL,1.0,Active
Q9FGA7,UniProtKB/TrEMBL,1.0,Active
A0A178U7K2,UniProtKB/TrEMBL,1.0,Active
Q08123,UniProtKB/TrEMBL,1.0,Active
A0A178VWF0,UniProtKB/TrEMBL,2.0,Active
Q2V3J0,UniProtKB/Swiss-Prot,2.0,Active
Q9ASV3,UniProtKB/TrEMBL,3.0,Active
Q56YC2,UniProtKB/TrEMBL,1.0,Active
Q9FIH6,UniProtKB/TrEMBL,1.0,Active
A0A5S9XFB0,UniProtKB/TrEMBL,1.0,Active
F4IBL0,UniProtKB/TrEMBL,4.0,Active
A0A7G2EW93,UniProtKB/TrEMBL,1.0,Active
Q570N5,UniProtKB/TrEMBL,1.0,Active
A0A178URY2,UniProtKB/TrEMBL,1.0,Active
Q9XIR8,UniProtKB/Swiss-Prot,3.0,Active
F4HZH7,UniProtKB/TrEMBL,1.0,Active
A5YXZ3,UniProtKB/TrEMBL,2.0,Active
O49769,UniProtKB/TrEMBL,1.0,Active
A0A654FTB5,UniProtKB/TrEMBL,1.0,Active
Q8LD43,UniProtKB/Swiss-Prot,4.0,Active
A0A7G2E8X7,UniProtKB/TrEMBL,1.0,Active
C0Z275,UniProtKB/TrEMBL,1.0,Active
Q0WM04,UniProtKB/TrEMBL,1.0,Active
A0A178WB15,UniProtKB/TrEMBL,1.0,Active
Q2V4F0,UniProtKB/Swiss-Prot,2.0,Active
A0A384KMG2,UniProtKB/TrEMBL,1.0,Active
Q570V2,UniProtKB/TrEMBL,1.0,Active
A0A178UZZ7,UniProtKB/TrEMBL,1.0,Active
A0A1P8B0X4,UniProtKB/TrEMBL,1.0,Active
A0A178WGK8,UniProtKB/TrEMBL,1.0,Active
A0A178W409,UniProtKB/TrEMBL,1.0,Active
A0A178WFT4,UniProtKB/TrEMBL,1.0,Active
Q9M1C1,UniProtKB/TrEMBL,1.0,Active
A0A5S9X838,UniProtKB/TrEMBL,1.0,Active
A0A178U7A9,UniProtKB/TrEMBL,1.0,Active
A0A7G2EZY3,UniProtKB/TrEMBL,1.0,Active
P0DN93,UniProtKB/Swiss-Prot,2.0,Active
Q8LG12,UniProtKB/TrEMBL,1.0,Active
A0A178UH48,UniProtKB/TrEMBL,1.0,Active
A0A1I9LRJ5,UniProtKB/TrEMBL,1.0,Active
B0LZM3,UniProtKB/TrEMBL,1.0,Active
A8MSG2,UniProtKB/TrEMBL,1.0,Active
Q9SKU4,UniProtKB/TrEMBL,1.0,Active
A0A7G2EYI3,UniProtKB/TrEMBL,1.0,Active
A0MEF5,UniProtKB/TrEMBL,1.0,Active
A0A5S9UJZ9,UniProtKB/TrEMBL,1.0,Active
C0Z2Y3,UniProtKB/TrEMBL,1.0,Active
A0A178W1L2,UniProtKB/TrEMBL,2.0,Active
A0A384KIS3,UniProtKB/TrEMBL,1.0,Active
A0A654F827,UniProtKB/TrEMBL,1.0,Active
Q1G324,UniProtKB/TrEMBL,1.0,Active
C0Z3H8,UniProtKB/TrEMBL,1.0,Active
A0A5S9XSW2,UniProtKB/TrEMBL,1.0,Active
A0A7G2EVQ1,UniProtKB/TrEMBL,1.0,Active
A0A178UZC8,UniProtKB/TrEMBL,2.0,Active
O23036,UniProtKB/TrEMBL,1.0,Active
A0A178UQ12,UniProtKB/TrEMBL,2.0,Active
B9DI66,UniProtKB/TrEMBL,1.0,Active
A0A654ERQ8,UniProtKB/TrEMBL,1.0,Active
A0A178V5N8,UniProtKB/TrEMBL,1.0,Active
A0A7G2EQ92,UniProtKB/TrEMBL,1.0,Active
B9DI23,UniProtKB/TrEMBL,1.0,Active
A0A384KY61,UniProtKB/TrEMBL,1.0,Active
Q8LCN1,UniProtKB/TrEMBL,2.0,Active
A0A7G2E3K3,UniProtKB/TrEMBL,1.0,Active
A0A654FKN2,UniProtKB/TrEMBL,1.0,Active
A0A178W5C0,UniProtKB/TrEMBL,1.0,Active
Q9C5T5,UniProtKB/TrEMBL,2.0,Active
A0A178UDG7,UniProtKB/TrEMBL,1.0,Active
Q1G3V9,UniProtKB/Swiss-Prot,2.0,Active
A0A178UJ27,UniProtKB/TrEMBL,1.0,Active
A0A178VP19,UniProtKB/TrEMBL,1.0,Active
A0A5S9YFK8,UniProtKB/TrEMBL,1.0,Active
A0A7G2EI84,UniProtKB/TrEMBL,1.0,Active
A0A178VS72,UniProtKB/TrEMBL,1.0,Active
Q9SJ90,UniProtKB/TrEMBL,1.0,Active
Q56WI8,UniProtKB/TrEMBL,1.0,Active
A0A178VBK9,UniProtKB/TrEMBL,1.0,Active
F2Q9V5,UniProtKB/Swiss-Prot,2.0,Active
A0A178VLB4,UniProtKB/TrEMBL,1.0,Active
A0A178W088,UniProtKB/TrEMBL,2.0,Active
A0A178V9F7,UniProtKB/TrEMBL,1.0,Active
A0A178VW19,UniProtKB/TrEMBL,1.0,Active
A0A178VZS3,UniProtKB/TrEMBL,2.0,Active
A0A7G2DYN0,UniProtKB/TrEMBL,1.0,Active
C0Z2T5,UniProtKB/TrEMBL,1.0,Active
Q9SVF2,UniProtKB/TrEMBL,1.0,Active
Q6GKW2,UniProtKB/TrEMBL,1.0,Active
A0A178UEA3,UniProtKB/TrEMBL,1.0,Active
A0A178WJR1,UniProtKB/TrEMBL,1.0,Active
A0A654EW29,UniProtKB/TrEMBL,1.0,Active
A0A1P8BH47,UniProtKB/TrEMBL,1.0,Active
A0A178W5M2,UniProtKB/TrEMBL,1.0,Active
A0A7G2EZZ1,UniProtKB/TrEMBL,1.0,Active
A0A178UN63,UniProtKB/TrEMBL,1.0,Active
A0A178UIQ0,UniProtKB/TrEMBL,2.0,Active
Q8GWQ0,UniProtKB/TrEMBL,1.0,Active
A0A178VKL6,UniProtKB/TrEMBL,1.0,Active
A0A1P8B9Z0,UniProtKB/TrEMBL,1.0,Active
Q9LG13,UniProtKB/TrEMBL,1.0,Active
Q94BV1,UniProtKB/TrEMBL,1.0,Active
A0A384KVK5,UniProtKB/TrEMBL,2.0,Active
A0A5S9WRX9,UniProtKB/TrEMBL,1.0,Active
A0A178VNL1,UniProtKB/TrEMBL,1.0,Active
Q9M3S7,UniProtKB/TrEMBL,1.0,Active
A0A1P8B5H8,UniProtKB/TrEMBL,2.0,Active
Q2V3Z5,UniProtKB/TrEMBL,1.0,Active
A0A384KR51,UniProtKB/TrEMBL,1.0,Active
A0A178VR59,UniProtKB/TrEMBL,1.0,Active
A0A178VRU8,UniProtKB/TrEMBL,1.0,Active
A0A178UQQ8,UniProtKB/TrEMBL,2.0,Active
Q3E6X9,UniProtKB/Swiss-Prot,1.0,Active
A0A178UVB0,UniProtKB/TrEMBL,1.0,Active
A0A384L029,UniProtKB/TrEMBL,1.0,Active
A0A178W752,UniProtKB/TrEMBL,1.0,Active
A0A654EV63,UniProtKB/TrEMBL,1.0,Active
O81058,UniProtKB/Swiss-Prot,4.0,Active
A0A7G2FKY3,UniProtKB/TrEMBL,1.0,Active
A0A178VMQ0,UniProtKB/TrEMBL,2.0,Active
A0A1B1W4T1,UniProtKB/TrEMBL,2.0,Active
Q5XVB8,UniProtKB/TrEMBL,1.0,Active
Q19DK9,UniProtKB/TrEMBL,1.0,Active
A0A654EY98,UniProtKB/TrEMBL,1.0,Active
A0A654FZJ2,UniProtKB/TrEMBL,2.0,Active
A0A7G2FC15,UniProtKB/TrEMBL,1.0,Active
A0A5S9WNC9,UniProtKB/TrEMBL,2.0,Active
A0A178WGA7,UniProtKB/TrEMBL,1.0,Active
A0A654E9G2,UniProtKB/TrEMBL,1.0,Active
A0A178W9E3,UniProtKB/TrEMBL,1.0,Active
A0A384KXI9,UniProtKB/TrEMBL,1.0,Active
A0A654FY23,UniProtKB/TrEMBL,1.0,Active
A0A178UBE6,UniProtKB/TrEMBL,2.0,Active
A0A5S9XWX1,UniProtKB/TrEMBL,1.0,Active
A0A1I9LRU8,UniProtKB/TrEMBL,2.0,Active
A0A7G2DVX1,UniProtKB/TrEMBL,1.0,Active
A0A654FBF4,UniProtKB/TrEMBL,1.0,Active
Q56ZI9,UniProtKB/TrEMBL,1.0,Active
A0A0K1H186,UniProtKB/TrEMBL,1.0,Active
A0A5S9XNI4,UniProtKB/TrEMBL,1.0,Active
A0A654FH02,UniProtKB/TrEMBL,1.0,Active
A0A178V717,UniProtKB/TrEMBL,1.0,Active
A0A5S9X554,UniProtKB/TrEMBL,2.0,Active
F4JKH9,UniProtKB/TrEMBL,1.0,Active
A0A178W7C4,UniProtKB/TrEMBL,2.0,Active
A0A178VHL8,UniProtKB/TrEMBL,1.0,Active
O81457,UniProtKB/TrEMBL,2.0,Active
A0A5S9X1U2,UniProtKB/TrEMBL,1.0,Active
A0A5S9WP52,UniProtKB/TrEMBL,1.0,Active
Q9FIS3,UniProtKB/TrEMBL,1.0,Active
Q84X25,UniProtKB/TrEMBL,1.0,Active
A0A178UG24,UniProtKB/TrEMBL,2.0,Active
Q56WH9,UniProtKB/TrEMBL,1.0,Active
A0A178ULR6,UniProtKB/TrEMBL,1.0,Active
A0A178VQQ6,UniProtKB/TrEMBL,2.0,Active
A0A7G2E1W1,UniProtKB/TrEMBL,2.0,Active
A0A178WMV7,UniProtKB/TrEMBL,2.0,Active
A0A178VE30,UniProtKB/TrEMBL,1.0,Active
Q8GZ73,UniProtKB/TrEMBL,1.0,Active
Q0WLD9,UniProtKB/TrEMBL,1.0,Active
A0A178UUA0,UniProtKB/TrEMBL,2.0,Active
Q3ECF8,UniProtKB/TrEMBL,1.0,Active
A0A5S9XSY2,UniProtKB/TrEMBL,1.0,Active
Q94CB5,UniProtKB/TrEMBL,1.0,Active
A0A384KR66,UniProtKB/TrEMBL,1.0,Active
A0A1P8B3U3,UniProtKB/TrEMBL,2.0,Active
F4JHF7,UniProtKB/TrEMBL,1.0,Active
A0A178V7V9,UniProtKB/TrEMBL,1.0,Active
Q2V2W3,UniProtKB/Swiss-Prot,2.0,Active
A0A178WBI4,UniProtKB/TrEMBL,1.0,Active
A0A5S9XRR6,UniProtKB/TrEMBL,1.0,Active
A0A178W1Z9,UniProtKB/TrEMBL,1.0,Active
A0A178VQE8,UniProtKB/TrEMBL,1.0,Active
A0MDL6,UniProtKB/TrEMBL,1.0,Active
Q94AF7,UniProtKB/Swiss-Prot,4.0,Active
A0A178UF99,UniProtKB/TrEMBL,1.0,Active
A0A178V464,UniProtKB/TrEMBL,1.0,Active
A0A1P8AQL0,UniProtKB/TrEMBL,2.0,Active
B3H6F6,UniProtKB/TrEMBL,1.0,Active
A0A178WK91,UniProtKB/TrEMBL,2.0,Active
A0A178UV50,UniProtKB/TrEMBL,1.0,Active
A0A5S9XTS5,UniProtKB/TrEMBL,1.0,Active
A0A178VSL8,UniProtKB/TrEMBL,1.0,Active
A0A654EY25,UniProtKB/TrEMBL,1.0,Active
A0A1I9LPU0,UniProtKB/TrEMBL,1.0,Active
Q0WM13,UniProtKB/TrEMBL,1.0,Active
B3H4J5,UniProtKB/TrEMBL,1.0,Active
A0A5S9XYV8,UniProtKB/TrEMBL,2.0,Active
C0Z2N2,UniProtKB/TrEMBL,1.0,Active
Q5XUX9,UniProtKB/TrEMBL,1.0,Active
Q9FF09,UniProtKB/Swiss-Prot,3.0,Active
A0A178UUC9,UniProtKB/TrEMBL,1.0,Active
A0A514YK50,UniProtKB/TrEMBL,2.0,Active
A0A384LEQ5,UniProtKB/TrEMBL,1.0,Active
Q56ZU8,UniProtKB/TrEMBL,1.0,Active
A8MQP7,UniProtKB/Swiss-Prot,2.0,Active
Q9T039,UniProtKB/Swiss-Prot,4.0,Active
Q0WVZ6,UniProtKB/TrEMBL,1.0,Active
A0A1P8ASM2,UniProtKB/TrEMBL,1.0,Active
A0A654EHX6,UniProtKB/TrEMBL,1.0,Active
Q94BT5,UniProtKB/TrEMBL,2.0,Active
A0A178UF47,UniProtKB/TrEMBL,1.0,Active
Q940T3,UniProtKB/TrEMBL,1.0,Active
Q56ZY0,UniProtKB/TrEMBL,1.0,Active
A0A654F2S8,UniProtKB/TrEMBL,1.0,Active
A0A178U7U2,UniProtKB/TrEMBL,1.0,Active
A0A178VKD7,UniProtKB/TrEMBL,1.0,Active
A0A178UBX6,UniProtKB/TrEMBL,2.0,Active
A0A384KD29,UniProtKB/TrEMBL,1.0,Active
A0A178WK30,UniProtKB/TrEMBL,1.0,Active
Q9LZH0,UniProtKB/TrEMBL,1.0,Active
B9DI31,UniProtKB/TrEMBL,2.0,Active
Q58FZ2,UniProtKB/TrEMBL,2.0,Active
A0A178VD78,UniProtKB/TrEMBL,1.0,Active
A0A7G2EPS6,UniProtKB/TrEMBL,1.0,Active
A0A654F0P2,UniProtKB/TrEMBL,1.0,Active
A0A654GA44,UniProtKB/TrEMBL,1.0,Active
A0A7G2DTH8,UniProtKB/TrEMBL,2.0,Active
A0A178W5V3,UniProtKB/TrEMBL,1.0,Active
Q9LV58,UniProtKB/Swiss-Prot,5.0,Active
A0A178VY67,UniProtKB/TrEMBL,1.0,Active
Q6NL29,UniProtKB/TrEMBL,1.0,Active
A0A7G2F9U8,UniProtKB/TrEMBL,2.0,Active
A0A7G2EET7,UniProtKB/TrEMBL,1.0,Active
A0A178V4P0,UniProtKB/TrEMBL,1.0,Active
B3H5Z6,UniProtKB/TrEMBL,1.0,Active
Q3EBC0,UniProtKB/TrEMBL,1.0,Active
F4J7G5,UniProtKB/TrEMBL,1.0,Active
A0A7G2EP94,UniProtKB/TrEMBL,1.0,Active
Q9LQI3,UniProtKB/TrEMBL,1.0,Active
A0A7G2FE48,UniProtKB/TrEMBL,1.0,Active
Q8H7C2,UniProtKB/TrEMBL,1.0,Active
F4JLH5,UniProtKB/TrEMBL,1.0,Active
Q9M0P4,UniProtKB/TrEMBL,1.0,Active
A0A178UW94,UniProtKB/TrEMBL,1.0,Active
A0A178VWS4,UniProtKB/TrEMBL,2.0,Active
A0A7G2ERL8,UniProtKB/TrEMBL,1.0,Active
A0A178UP89,UniProtKB/TrEMBL,1.0,Active
A0A5S9WKJ3,UniProtKB/TrEMBL,1.0,Active
B3H6E2,UniProtKB/TrEMBL,1.0,Active
A0A178UR25,UniProtKB/TrEMBL,1.0,Active
A0A178VRH7,UniProtKB/TrEMBL,1.0,Active
Q570A1,UniProtKB/TrEMBL,1.0,Active
P92523,UniProtKB/Swiss-Prot,1.0,Active
Q0WMH3,UniProtKB/TrEMBL,1.0,Active
Q7M1E4,UniProtKB/TrEMBL,1.0,Active
Q570I3,UniProtKB/TrEMBL,1.0,Active
A0A654G147,UniProtKB/TrEMBL,1.0,Active
A0A1P8APK0,UniProtKB/TrEMBL,1.0,Active
A0A178W0X6,UniProtKB/TrEMBL,1.0,Active
A0A654EWU8,UniProtKB/TrEMBL,1.0,Active
A0A178W730,UniProtKB/TrEMBL,1.0,Active
Q9C679,UniProtKB/TrEMBL,1.0,Active
Q56WG8,UniProtKB/TrEMBL,1.0,Active
A0A178W921,UniProtKB/TrEMBL,1.0,Active
A0A1P8ASH7,UniProtKB/TrEMBL,1.0,Active
A0A1P8B528,UniProtKB/TrEMBL,1.0,Active
A0A178V7R2,UniProtKB/TrEMBL,1.0,Active
A0A654GF31,UniProtKB/TrEMBL,2.0,Active
B9DHS4,UniProtKB/TrEMBL,1.0,Active
A0A5S9WR96,UniProtKB/TrEMBL,1.0,Active
A0A7G2F8B0,UniProtKB/TrEMBL,1.0,Active
P42748,UniProtKB/Swiss-Prot,4.0,Active
A0A7G2EEV8,UniProtKB/TrEMBL,1.0,Active
A0A654EAV9,UniProtKB/TrEMBL,1.0,Active
A0A7G2DUA7,UniProtKB/TrEMBL,1.0,Active
A0A7G2F1V4,UniProtKB/TrEMBL,1.0,Active
A0A178VDZ6,UniProtKB/TrEMBL,1.0,Active
A0A178VGP9,UniProtKB/TrEMBL,1.0,Active
B3H7H0,UniProtKB/TrEMBL,1.0,Active
P25864,UniProtKB/Swiss-Prot,4.0,Active
A0A178WK62,UniProtKB/TrEMBL,1.0,Active
A0A5S9XQQ9,UniProtKB/TrEMBL,1.0,Active
Q67YM6,UniProtKB/Swiss-Prot,2.0,Active
Q3EDB5,UniProtKB/TrEMBL,1.0,Active
A0A178V634,UniProtKB/TrEMBL,1.0,Active
A0A178WJF7,UniProtKB/TrEMBL,1.0,Active
A0A5S9XQL5,UniProtKB/TrEMBL,1.0,Active
A0A7G2EI82,UniProtKB/TrEMBL,1.0,Active
Q56ZP4,UniProtKB/TrEMBL,1.0,Active
Q8S4V2,UniProtKB/TrEMBL,1.0,Active
Q56ZM0,UniProtKB/TrEMBL,1.0,Active
B3H4S0,UniProtKB/TrEMBL,2.0,Active
Q56ZT7,UniProtKB/TrEMBL,1.0,Active
Q56WA3,UniProtKB/TrEMBL,1.0,Active
Q9FJR2,UniProtKB/TrEMBL,2.0,Active
P0DN96,UniProtKB/Swiss-Prot,4.0,Active
A0A7G2ECC4,UniProtKB/TrEMBL,1.0,Active
A0A178VV13,UniProtKB/TrEMBL,1.0,Active
Q0WQF1,UniProtKB/TrEMBL,1.0,Active
Q570N1,UniProtKB/Swiss-Prot,1.0,Active
Q8GXE7,UniProtKB/TrEMBL,1.0,Active
A0A7G2E2C1,UniProtKB/TrEMBL,1.0,Active
Q9M3S0,UniProtKB/TrEMBL,1.0,Active
Q6IM94,UniProtKB/Swiss-Prot,2.0,Active
A0A178WMG0,UniProtKB/TrEMBL,1.0,Active
Q94JV2,UniProtKB/TrEMBL,1.0,Active
A0A178VS01,UniProtKB/TrEMBL,1.0,Active
Q0WLY8,UniProtKB/TrEMBL,2.0,Active
A0A1P8AUL6,UniProtKB/TrEMBL,1.0,Active
A0A5S9WYD7,UniProtKB/TrEMBL,1.0,Active
A0A178WBV5,UniProtKB/TrEMBL,2.0,Active
A0A1I9LQP1,UniProtKB/TrEMBL,1.0,Active
A0A654EQQ1,UniProtKB/TrEMBL,1.0,Active
Q9STZ9,UniProtKB/TrEMBL,1.0,Active
Q8LEI3,UniProtKB/TrEMBL,1.0,Active
A0A178V334,UniProtKB/TrEMBL,1.0,Active
Q67Z84,UniProtKB/TrEMBL,1.0,Active
A0A654FJG8,UniProtKB/TrEMBL,1.0,Active
Q56WI6,UniProtKB/TrEMBL,1.0,Active
A0A654F471,UniProtKB/TrEMBL,1.0,Active
A0A178W413,UniProtKB/TrEMBL,1.0,Active
A0A7G2ETX9,UniProtKB/TrEMBL,1.0,Active
A0A178UM80,UniProtKB/TrEMBL,1.0,Active
A0A178UI89,UniProtKB/TrEMBL,1.0,Active
A8MQ98,UniProtKB/TrEMBL,1.0,Active
A0A178USU5,UniProtKB/TrEMBL,1.0,Active
A0A654F4C4,UniProtKB/TrEMBL,1.0,Active
Q9FFM2,UniProtKB/TrEMBL,1.0,Active
A0MF63,UniProtKB/TrEMBL,1.0,Active
G9B9K9,UniProtKB/TrEMBL,1.0,Active
A0ME20,UniProtKB/TrEMBL,1.0,Active
A0A178U651,UniProtKB/TrEMBL,1.0,Active
Q94AF1,UniProtKB/TrEMBL,1.0,Active
A0A7G2DY46,UniProtKB/TrEMBL,1.0,Active
Q8GWR5,UniProtKB/TrEMBL,1.0,Active
A0A178UIQ5,UniProtKB/TrEMBL,1.0,Active
Q9LFS9,UniProtKB/TrEMBL,1.0,Active
A0A178UF43,UniProtKB/TrEMBL,2.0,Active
A0A178UJR6,UniProtKB/TrEMBL,2.0,Active
A0A178UZF7,UniProtKB/TrEMBL,1.0,Active
A0A178VYS3,UniProtKB/TrEMBL,1.0,Active
F4KDS7,UniProtKB/TrEMBL,1.0,Active
A0A178URM0,UniProtKB/TrEMBL,2.0,Active
Q9FHV6,UniProtKB/TrEMBL,1.0,Active
Q0WTK6,UniProtKB/TrEMBL,2.0,Active
A0A7G2F7I3,UniProtKB/TrEMBL,1.0,Active
B3H435,UniProtKB/TrEMBL,1.0,Active
A0A5S9XLZ6,UniProtKB/TrEMBL,1.0,Active
Q84WL5,UniProtKB/TrEMBL,1.0,Active
P92986,UniProtKB/TrEMBL,1.0,Active
A0A178UEN2,UniProtKB/TrEMBL,1.0,Active
A0A654ES45,UniProtKB/TrEMBL,1.0,Active
Q9SMN3,UniProtKB/TrEMBL,1.0,Active
A0A178WNT5,UniProtKB/TrEMBL,1.0,Active
Q8GYN1,UniProtKB/TrEMBL,1.0,Active
Q9ZWT2,UniProtKB/Swiss-Prot,4.0,Active
A0A178UDN7,UniProtKB/TrEMBL,1.0,Active
A0A5S9WXR2,UniProtKB/TrEMBL,1.0,Active
Q56ZL6,UniProtKB/TrEMBL,1.0,Active
A0A7G2ERH5,UniProtKB/TrEMBL,2.0,Active
A0A178UY33,UniProtKB/TrEMBL,1.0,Active
A0A178V9V4,UniProtKB/TrEMBL,1.0,Active
A0A178UN00,UniProtKB/TrEMBL,1.0,Active
A0A178WI33,UniProtKB/TrEMBL,1.0,Active
A0A178V5Q1,UniProtKB/TrEMBL,1.0,Active
A0A178UIC2,UniProtKB/TrEMBL,1.0,Active
A0A7G2EUW1,UniProtKB/TrEMBL,1.0,Active
A0A178W650,UniProtKB/TrEMBL,1.0,Active
A0A178WCZ8,UniProtKB/TrEMBL,1.0,Active
Q9SK51,UniProtKB/TrEMBL,1.0,Active
Q1G3G9,UniProtKB/TrEMBL,1.0,Active
B0LYF6,UniProtKB/TrEMBL,1.0,Active
Q56WE3,UniProtKB/TrEMBL,1.0,Active
A0A5S9XMR0,UniProtKB/TrEMBL,1.0,Active
A0A178VEQ7,UniProtKB/TrEMBL,1.0,Active
C0Z311,UniProtKB/TrEMBL,1.0,Active
A0A654E6P9,UniProtKB/TrEMBL,1.0,Active
A0A1B1W4W9,UniProtKB/TrEMBL,2.0,Active
A0A178V192,UniProtKB/TrEMBL,1.0,Active
A0A178VQD8,UniProtKB/TrEMBL,1.0,Active
A0A1P8BGT5,UniProtKB/TrEMBL,2.0,Active
Q38980,UniProtKB/TrEMBL,2.0,Active
Q9LS11,UniProtKB/TrEMBL,1.0,Active
A0A178UBP7,UniProtKB/TrEMBL,1.0,Active
Q9CAI4,UniProtKB/TrEMBL,1.0,Active
A0A178VDY5,UniProtKB/TrEMBL,1.0,Active
Q9ZTC5,UniProtKB/TrEMBL,1.0,Active
A0A654EFZ4,UniProtKB/TrEMBL,1.0,Active
A0A178V2Z1,UniProtKB/TrEMBL,1.0,Active
A0A5S9WT95,UniProtKB/TrEMBL,1.0,Active
A0A1P8BE89,UniProtKB/TrEMBL,1.0,Active
C0Z371,UniProtKB/TrEMBL,3.0,Active
A0A178W593,UniProtKB/TrEMBL,1.0,Active
Q9M0Z5,UniProtKB/Swiss-Prot,3.0,Active
Q1H5G2,UniProtKB/TrEMBL,1.0,Active
A0A178W9I4,UniProtKB/TrEMBL,1.0,Active
A0A178VRU5,UniProtKB/TrEMBL,2.0,Active
Q9C9V8,UniProtKB/TrEMBL,1.0,Active
O82654,UniProtKB/TrEMBL,1.0,Active
Q9STL7,UniProtKB/TrEMBL,1.0,Active
A0A654G6I0,UniProtKB/TrEMBL,1.0,Active
A0MDU0,UniProtKB/TrEMBL,1.0,Active
Q9SKY7,UniProtKB/TrEMBL,1.0,Active
A0A1P8B1D7,UniProtKB/TrEMBL,1.0,Active
A0A178WHI0,UniProtKB/TrEMBL,1.0,Active
Q8GXP2,UniProtKB/TrEMBL,1.0,Active
A0A178VNN3,UniProtKB/TrEMBL,1.0,Active
A0A178WGK1,UniProtKB/TrEMBL,1.0,Active
Q9SSS3,UniProtKB/TrEMBL,1.0,Active
Q9FGA4,UniProtKB/TrEMBL,1.0,Active
A0A178VLX9,UniProtKB/TrEMBL,1.0,Active
B9DI33,UniProtKB/TrEMBL,1.0,Active
A0A654EZ26,UniProtKB/TrEMBL,1.0,Active
A0A7G2FN92,UniProtKB/TrEMBL,1.0,Active
A0A178VPN6,UniProtKB/TrEMBL,1.0,Active
A0A7G2EPP4,UniProtKB/TrEMBL,1.0,Active
A0A654EX22,UniProtKB/TrEMBL,1.0,Active
A0A178VA67,UniProtKB/TrEMBL,1.0,Active
A0A178W226,UniProtKB/TrEMBL,2.0,Active
A0A654FEW4,UniProtKB/TrEMBL,1.0,Active
A0A178UZN8,UniProtKB/TrEMBL,2.0,Active
A0A654EXH7,UniProtKB/TrEMBL,1.0,Active
A0A654F334,UniProtKB/TrEMBL,1.0,Active
Q19GN7,UniProtKB/TrEMBL,1.0,Active
A0A178UAF0,UniProtKB/TrEMBL,1.0,Active
Q8VY87,UniProtKB/TrEMBL,1.0,Active
A0A7G2F5I7,UniProtKB/TrEMBL,1.0,Active
A0A654G4W5,UniProtKB/TrEMBL,1.0,Active
B9DI61,UniProtKB/TrEMBL,1.0,Active
Q9FJR7,UniProtKB/TrEMBL,1.0,Active
A0A178UXQ6,UniProtKB/TrEMBL,2.0,Active
B3H604,UniProtKB/TrEMBL,1.0,Active
A0A178V0E4,UniProtKB/TrEMBL,1.0,Active
A0A178VZC3,UniProtKB/TrEMBL,1.0,Active
Q9FUA9,UniProtKB/TrEMBL,2.0,Active
A0A178WLD7,UniProtKB/TrEMBL,1.0,Active
Q5Q0I2,UniProtKB/TrEMBL,1.0,Active
A0A178U9V7,UniProtKB/TrEMBL,1.0,Active
A0A7G2FDS8,UniProtKB/TrEMBL,2.0,Active
A0A178V980,UniProtKB/TrEMBL,1.0,Active
A0A5S9Y3G5,UniProtKB/TrEMBL,1.0,Active
Q84MM6,UniProtKB/TrEMBL,1.0,Active
F4IKR2,UniProtKB/TrEMBL,2.0,Active
A0A0B4UMN9,UniProtKB/TrEMBL,1.0,Active
A0A178WLN0,UniProtKB/TrEMBL,1.0,Active
A0A178W7V1,UniProtKB/TrEMBL,1.0,Active
A0A178V1T4,UniProtKB/TrEMBL,1.0,Active
A0A178WK11,UniProtKB/TrEMBL,1.0,Active
Q9SYL4,UniProtKB/TrEMBL,1.0,Active
A8MSF3,UniProtKB/TrEMBL,1.0,Active
Q19HF7,UniProtKB/TrEMBL,1.0,Active
A0A178WFU4,UniProtKB/TrEMBL,1.0,Active
Q9M2R5,UniProtKB/TrEMBL,1.0,Active
Q56WF6,UniProtKB/TrEMBL,1.0,Active
A0A178UMY3,UniProtKB/TrEMBL,1.0,Active
A0A178UDY5,UniProtKB/TrEMBL,1.0,Active
A0A178UDE5,UniProtKB/TrEMBL,1.0,Active
A0A178W217,UniProtKB/TrEMBL,1.0,Active
A0A178VI08,UniProtKB/TrEMBL,1.0,Active
Q56Z27,UniProtKB/TrEMBL,1.0,Active
A0MDV0,UniProtKB/TrEMBL,1.0,Active
A0A178UKL2,UniProtKB/TrEMBL,1.0,Active
A0A5S9X6I3,UniProtKB/TrEMBL,1.0,Active
A0A178V4R5,UniProtKB/TrEMBL,2.0,Active
A0A7G2FDW3,UniProtKB/TrEMBL,1.0,Active
M9P233,UniProtKB/TrEMBL,1.0,Active
A0A178W0C0,UniProtKB/TrEMBL,1.0,Active
A0A654F7I2,UniProtKB/TrEMBL,1.0,Active
A0A178W6Z5,UniProtKB/TrEMBL,1.0,Active
Q56ZW3,UniProtKB/TrEMBL,1.0,Active
A0A178VF85,UniProtKB/TrEMBL,2.0,Active
A0A178WCG4,UniProtKB/TrEMBL,1.0,Active
A0A7G2DU71,UniProtKB/TrEMBL,2.0,Active
A0A178VWH0,UniProtKB/TrEMBL,1.0,Active
A0A178U985,UniProtKB/TrEMBL,1.0,Active
A0A178WBE9,UniProtKB/TrEMBL,1.0,Active
A0A178VLL4,UniProtKB/TrEMBL,1.0,Active
A0A178UQ78,UniProtKB/TrEMBL,1.0,Active
Q9FXW8,UniProtKB/TrEMBL,1.0,Active
Q9ZVF1,UniProtKB/Swiss-Prot,3.0,Active
Q38984,UniProtKB/TrEMBL,1.0,Active
F4KAK0,UniProtKB/TrEMBL,3.0,Active
Q6X5V0,UniProtKB/Swiss-Prot,5.0,Active
A0A178VFB0,UniProtKB/TrEMBL,1.0,Active
A0A7G2ENB2,UniProtKB/TrEMBL,1.0,Active
Q56W06,UniProtKB/TrEMBL,1.0,Active
A0A178VBB8,UniProtKB/TrEMBL,1.0,Active
A0A178WM33,UniProtKB/TrEMBL,2.0,Active
A8MQJ9,UniProtKB/TrEMBL,1.0,Active
A0A178UJH6,UniProtKB/TrEMBL,1.0,Active
A0A654FCH0,UniProtKB/TrEMBL,1.0,Active
A0A178U922,UniProtKB/TrEMBL,1.0,Active
A0A178W9B3,UniProtKB/TrEMBL,1.0,Active
A0A1P8BH00,UniProtKB/TrEMBL,2.0,Active
A0A178VUW3,UniProtKB/TrEMBL,1.0,Active
Q9LXH5,UniProtKB/Swiss-Prot,3.0,Active
A0A1B1W4Y9,UniProtKB/TrEMBL,2.0,Active
A0A178UFG3,UniProtKB/TrEMBL,1.0,Active
A0A7G2F436,UniProtKB/TrEMBL,1.0,Active
A0A7G2FG37,UniProtKB/TrEMBL,1.0,Active
C0Z249,UniProtKB/TrEMBL,1.0,Active
A0A178V9U5,UniProtKB/TrEMBL,1.0,Active
Q0WUH5,UniProtKB/TrEMBL,1.0,Active
A0A178V0Z1,UniProtKB/TrEMBL,1.0,Active
A8MRE9,UniProtKB/Swiss-Prot,2.0,Active
A0A5S9XNA0,UniProtKB/TrEMBL,1.0,Active
F4J8G8,UniProtKB/TrEMBL,1.0,Active
A0A178VFW1,UniProtKB/TrEMBL,1.0,Active
A0A7G2DTZ4,UniProtKB/TrEMBL,1.0,Active
A0A1P8APK5,UniProtKB/TrEMBL,1.0,Active
A0A178U626,UniProtKB/TrEMBL,1.0,Active
Q9SZU9,UniProtKB/TrEMBL,1.0,Active
A0A178VZ74,UniProtKB/TrEMBL,1.0,Active
A0A1I9LTU7,UniProtKB/TrEMBL,1.0,Active
B3H6X7,UniProtKB/TrEMBL,1.0,Active
B9DF86,UniProtKB/TrEMBL,1.0,Active
B3H774,UniProtKB/TrEMBL,1.0,Active
A0A178V4U5,UniProtKB/TrEMBL,1.0,Active
A0A178W558,UniProtKB/TrEMBL,2.0,Active
A0A7G2EMM3,UniProtKB/TrEMBL,1.0,Active
A0A0H4MBS1,UniProtKB/TrEMBL,1.0,Active
Q8LCC5,UniProtKB/TrEMBL,1.0,Active
A0A1I9LLC9,UniProtKB/TrEMBL,1.0,Active
A0A178U9D0,UniProtKB/TrEMBL,1.0,Active
Q1G396,UniProtKB/TrEMBL,1.0,Active
A0A654E9E5,UniProtKB/TrEMBL,1.0,Active
Q9M3S2,UniProtKB/TrEMBL,1.0,Active
A0A178VXS4,UniProtKB/TrEMBL,1.0,Active
Q56YV6,UniProtKB/TrEMBL,1.0,Active
A0A1P8AM64,UniProtKB/TrEMBL,1.0,Active
A0A178USG3,UniProtKB/TrEMBL,1.0,Active
Q8LDF3,UniProtKB/TrEMBL,2.0,Active
A0A1P8B682,UniProtKB/TrEMBL,1.0,Active
A0A178WHS7,UniProtKB/TrEMBL,1.0,Active
A0A7G2EXN8,UniProtKB/TrEMBL,1.0,Active
A0A178W344,UniProtKB/TrEMBL,1.0,Active
Q9LJG0,UniProtKB/TrEMBL,1.0,Active
A0A178VNR2,UniProtKB/TrEMBL,1.0,Active
A0A7G2EIT2,UniProtKB/TrEMBL,2.0,Active
A0A178V0C5,UniProtKB/TrEMBL,1.0,Active
A0A178UZI7,UniProtKB/TrEMBL,1.0,Active
A0A654EXD7,UniProtKB/TrEMBL,1.0,Active
A0A178VY76,UniProtKB/TrEMBL,1.0,Active
A0A5S9WCS9,UniProtKB/TrEMBL,2.0,Active
Q84WY0,UniProtKB/TrEMBL,1.0,Active
A0A178WN68,UniProtKB/TrEMBL,2.0,Active
Q0WQ05,UniProtKB/TrEMBL,1.0,Active
A0A178U9M0,UniProtKB/TrEMBL,1.0,Active
A0A178UNJ9,UniProtKB/TrEMBL,1.0,Active
A0A178W5G2,UniProtKB/TrEMBL,1.0,Active
Q9FKM7,UniProtKB/Swiss-Prot,5.0,Active
A0A654EUT3,UniProtKB/TrEMBL,1.0,Active
A0A178VG42,UniProtKB/TrEMBL,1.0,Active
A0A178UKT6,UniProtKB/TrEMBL,1.0,Active
A0A178V933,UniProtKB/TrEMBL,1.0,Active
A0A178UTC0,UniProtKB/TrEMBL,2.0,Active
Q9LMU2,UniProtKB/Swiss-Prot,4.0,Active
A0A178VWA5,UniProtKB/TrEMBL,1.0,Active
O22875,UniProtKB/TrEMBL,1.0,Active
A0A178V3B4,UniProtKB/TrEMBL,2.0,Active
A0A178UJZ9,UniProtKB/TrEMBL,1.0,Active
A0A654G6M4,UniProtKB/TrEMBL,1.0,Active
Q9ZQF3,UniProtKB/TrEMBL,1.0,Active
A0A654EFG9,UniProtKB/TrEMBL,1.0,Active
Q9FFI8,UniProtKB/TrEMBL,1.0,Active
A0A178WH77,UniProtKB/TrEMBL,1.0,Active
Q9LPU9,UniProtKB/Swiss-Prot,4.0,Active
A0A178W442,UniProtKB/TrEMBL,2.0,Active
A0A7G2E5L2,UniProtKB/TrEMBL,1.0,Active
A0A1P8ANV1,UniProtKB/TrEMBL,1.0,Active
A0A384KU28,UniProtKB/TrEMBL,1.0,Active
Q3ZVB6,UniProtKB/TrEMBL,1.0,Active
A0A1P8AZR6,UniProtKB/TrEMBL,1.0,Active
A0A1I9LS65,UniProtKB/TrEMBL,1.0,Active
A0A1P8AYE6,UniProtKB/TrEMBL,1.0,Active
A0A384LDR8,UniProtKB/TrEMBL,1.0,Active
A0A178UQY0,UniProtKB/TrEMBL,1.0,Active
A0A654EQ89,UniProtKB/TrEMBL,1.0,Active
A0A178WAL8,UniProtKB/TrEMBL,1.0,Active
A0A7G2EXM6,UniProtKB/TrEMBL,1.0,Active
A0A7G2FIQ0,UniProtKB/TrEMBL,1.0,Active
A0A7G2DZ42,UniProtKB/TrEMBL,1.0,Active
A0A5S9YHN4,UniProtKB/TrEMBL,1.0,Active
A8MQI9,UniProtKB/TrEMBL,1.0,Active
A0A1R7T3I9,UniProtKB/TrEMBL,1.0,Active
A0A5S9WLS4,UniProtKB/TrEMBL,1.0,Active
A0A178VGQ7,UniProtKB/TrEMBL,2.0,Active
B3H519,UniProtKB/TrEMBL,1.0,Active
A0A5S9XSH8,UniProtKB/TrEMBL,1.0,Active
Q9LRU7,UniProtKB/TrEMBL,1.0,Active
Q9C7V0,UniProtKB/TrEMBL,1.0,Active
Q9FI07,UniProtKB/TrEMBL,1.0,Active
Q8GRX8,UniProtKB/TrEMBL,1.0,Active
Q84R24,UniProtKB/TrEMBL,1.0,Active
Q0WLL9,UniProtKB/TrEMBL,1.0,Active
Q56ZG2,UniProtKB/TrEMBL,1.0,Active
Q9CA40,UniProtKB/Swiss-Prot,5.0,Active
A0A178UEI2,UniProtKB/TrEMBL,1.0,Active
Q9C9Y6,UniProtKB/Swiss-Prot,5.0,Active
A0A654EY03,UniProtKB/TrEMBL,1.0,Active
Q8LFT9,UniProtKB/TrEMBL,1.0,Active
A0A178UJ50,UniProtKB/TrEMBL,1.0,Active
Q0WLN5,UniProtKB/TrEMBL,1.0,Active
Q94K36,UniProtKB/TrEMBL,2.0,Active
A0A1P8B7Q1,UniProtKB/TrEMBL,1.0,Active
Q9ZQL2,UniProtKB/TrEMBL,1.0,Active
A0A5S9XUC0,UniProtKB/TrEMBL,1.0,Active
Q0WLZ0,UniProtKB/TrEMBL,1.0,Active
A0A178WKU8,UniProtKB/TrEMBL,1.0,Active
C0Z2F5,UniProtKB/TrEMBL,1.0,Active
A0A1P8B252,UniProtKB/TrEMBL,1.0,Active
A0A178WK20,UniProtKB/TrEMBL,1.0,Active
A0A178W9Y4,UniProtKB/TrEMBL,1.0,Active
A0A5S9WMJ1,UniProtKB/TrEMBL,1.0,Active
Q9SFU5,UniProtKB/TrEMBL,1.0,Active
Q8LEP1,UniProtKB/TrEMBL,1.0,Active
A0A1I9LPS6,UniProtKB/TrEMBL,1.0,Active
Q56Z42,UniProtKB/TrEMBL,1.0,Active
A0A654G4P0,UniProtKB/TrEMBL,2.0,Active
A0A178UIU6,UniProtKB/TrEMBL,1.0,Active
Q9SR60,UniProtKB/TrEMBL,1.0,Active
A0A5S9X5K4,UniProtKB/TrEMBL,1.0,Active
Q0WR80,UniProtKB/TrEMBL,1.0,Active
Q56Z03,UniProtKB/TrEMBL,1.0,Active
A0A384L3G1,UniProtKB/TrEMBL,1.0,Active
B9DGC9,UniProtKB/TrEMBL,2.0,Active
A0A5S9XQJ7,UniProtKB/TrEMBL,1.0,Active
A0A5S9YDW8,UniProtKB/TrEMBL,1.0,Active
Q9LQ38,UniProtKB/TrEMBL,1.0,Active
Q8L6Z5,UniProtKB/Swiss-Prot,3.0,Active
Q6X5U1,UniProtKB/Swiss-Prot,3.0,Active
A0A654EAF7,UniProtKB/TrEMBL,1.0,Active
Q1G3F9,UniProtKB/TrEMBL,1.0,Active
A0A178WJD8,UniProtKB/TrEMBL,1.0,Active
Q84K02,UniProtKB/TrEMBL,1.0,Active
A0A178UD57,UniProtKB/TrEMBL,1.0,Active
Q94F28,UniProtKB/TrEMBL,1.0,Active
A0A178UWJ6,UniProtKB/TrEMBL,1.0,Active
A0A178V6K7,UniProtKB/TrEMBL,1.0,Active
A0A178WIX7,UniProtKB/TrEMBL,1.0,Active
A0A7G2F5V9,UniProtKB/TrEMBL,2.0,Active
Q500Z3,UniProtKB/TrEMBL,1.0,Active
A0A5S9XH50,UniProtKB/TrEMBL,1.0,Active
A0A0B4ULJ4,UniProtKB/TrEMBL,2.0,Active
A0A178U9J5,UniProtKB/TrEMBL,1.0,Active
A0A178UWX8,UniProtKB/TrEMBL,1.0,Active
Q56XI3,UniProtKB/TrEMBL,1.0,Active
B3H718,UniProtKB/TrEMBL,1.0,Active
A0A7G2FGR1,UniProtKB/TrEMBL,1.0,Active
A0A5S9XHD5,UniProtKB/TrEMBL,1.0,Active
A0A178WCP5,UniProtKB/TrEMBL,1.0,Active
Q56YY6,UniProtKB/TrEMBL,1.0,Active
Q7DLH7,UniProtKB/TrEMBL,1.0,Active
Q9C7L1,UniProtKB/TrEMBL,1.0,Active
A0A7G2E5K2,UniProtKB/TrEMBL,1.0,Active
A0A178UZV8,UniProtKB/TrEMBL,2.0,Active
A8MRM3,UniProtKB/TrEMBL,1.0,Active
A0A178UUL1,UniProtKB/TrEMBL,2.0,Active
A0A178UBY1,UniProtKB/TrEMBL,1.0,Active
Q93Y13,UniProtKB/TrEMBL,1.0,Active
Q2V4F4,UniProtKB/Swiss-Prot,2.0,Active
A0A7G2E0D0,UniProtKB/TrEMBL,1.0,Active
O80542,UniProtKB/Swiss-Prot,3.0,Active
Q9LY01,UniProtKB/TrEMBL,1.0,Active
A0A384LL61,UniProtKB/TrEMBL,1.0,Active
A0A178WEP3,UniProtKB/TrEMBL,1.0,Active
Q9LYC9,UniProtKB/TrEMBL,1.0,Active
A0A178WAM8,UniProtKB/TrEMBL,1.0,Active
A0A178W4V8,UniProtKB/TrEMBL,1.0,Active
A0A1P8B3J6,UniProtKB/TrEMBL,1.0,Active
A0A654EUL1,UniProtKB/TrEMBL,1.0,Active
Q9LJ52,UniProtKB/TrEMBL,1.0,Active
A0A654GCJ8,UniProtKB/TrEMBL,1.0,Active
O64643,UniProtKB/TrEMBL,1.0,Active
A0A178UJT0,UniProtKB/TrEMBL,1.0,Active
Q0WWR0,UniProtKB/TrEMBL,1.0,Active
A0A178VZH7,UniProtKB/TrEMBL,2.0,Active
A0A7G2DRW3,UniProtKB/TrEMBL,1.0,Active
A0A178UYB2,UniProtKB/TrEMBL,1.0,Active
A0A178VCS9,UniProtKB/TrEMBL,1.0,Active
A0A384L496,UniProtKB/TrEMBL,1.0,Active
A0A5S9SKJ4,UniProtKB/TrEMBL,1.0,Active
A0A7G2FDM2,UniProtKB/TrEMBL,1.0,Active
Q0WWG7,UniProtKB/TrEMBL,1.0,Active
Q9M361,UniProtKB/TrEMBL,1.0,Active
A0A178VYU9,UniProtKB/TrEMBL,1.0,Active
F4IXC6,UniProtKB/TrEMBL,2.0,Active
A0A1P8AQF2,UniProtKB/TrEMBL,1.0,Active
Q9ZVZ9,UniProtKB/Swiss-Prot,4.0,Active
A0A384KZK7,UniProtKB/TrEMBL,1.0,Active
A0A178W5Y9,UniProtKB/TrEMBL,1.0,Active
Q3E6X7,UniProtKB/TrEMBL,1.0,Active
F4K657,UniProtKB/Swiss-Prot,3.0,Active
A0A178VT81,UniProtKB/TrEMBL,1.0,Active
P42793,UniProtKB/Swiss-Prot,3.0,Active
Q8HAW5,UniProtKB/TrEMBL,1.0,Active
A0A654FRD7,UniProtKB/TrEMBL,1.0,Active
Q9SY79,UniProtKB/TrEMBL,1.0,Active
A0A178VS32,UniProtKB/TrEMBL,2.0,Active
Q9LQW8,UniProtKB/TrEMBL,1.0,Active
Q84J87,UniProtKB/TrEMBL,1.0,Active
A0A178UQH2,UniProtKB/TrEMBL,1.0,Active
A0A178WFQ1,UniProtKB/TrEMBL,1.0,Active
A0A7G2EZC6,UniProtKB/TrEMBL,4.0,Active
F4IW09,UniProtKB/TrEMBL,1.0,Active
A0A654E8U1,UniProtKB/TrEMBL,1.0,Active
A0A178W5W6,UniProtKB/TrEMBL,1.0,Active
A0A178W765,UniProtKB/TrEMBL,1.0,Active
A0A178VYP8,UniProtKB/TrEMBL,1.0,Active
A0A178VVW4,UniProtKB/TrEMBL,1.0,Active
A0A178UZM7,UniProtKB/TrEMBL,1.0,Active
Q9LJS3,UniProtKB/TrEMBL,1.0,Active
A0A178W2K3,UniProtKB/TrEMBL,1.0,Active
A0A178WKF0,UniProtKB/TrEMBL,1.0,Active
A0A1B1W4U7,UniProtKB/TrEMBL,2.0,Active
Q9LHC1,UniProtKB/TrEMBL,1.0,Active
F4J8D7,UniProtKB/TrEMBL,1.0,Active
A0A178VD71,UniProtKB/TrEMBL,1.0,Active
A0A178VDN1,UniProtKB/TrEMBL,1.0,Active
A0A178VCF3,UniProtKB/TrEMBL,1.0,Active
A0A7G2E976,UniProtKB/TrEMBL,1.0,Active
A0A654EKJ0,UniProtKB/TrEMBL,1.0,Active
O65574,UniProtKB/TrEMBL,1.0,Active
A0A178VX97,UniProtKB/TrEMBL,2.0,Active
A0A178UXP4,UniProtKB/TrEMBL,2.0,Active
A0A178V022,UniProtKB/TrEMBL,1.0,Active
Q9LNR5,UniProtKB/TrEMBL,1.0,Active
A0A178WF34,UniProtKB/TrEMBL,1.0,Active
A0A178V3I8,UniProtKB/TrEMBL,1.0,Active
A0A5S9WLK9,UniProtKB/TrEMBL,1.0,Active
A0A1P8ASY8,UniProtKB/TrEMBL,1.0,Active
A0A654EFR1,UniProtKB/TrEMBL,1.0,Active
A0A178UC66,UniProtKB/TrEMBL,1.0,Active
A0A1P8BH19,UniProtKB/TrEMBL,1.0,Active
Q8GY66,UniProtKB/TrEMBL,1.0,Active
A0A178W6Q1,UniProtKB/TrEMBL,1.0,Active
A0A7G2ER32,UniProtKB/TrEMBL,1.0,Active
Q56WJ8,UniProtKB/TrEMBL,1.0,Active
A0A654FVV8,UniProtKB/TrEMBL,1.0,Active
A0A178UUI9,UniProtKB/TrEMBL,1.0,Active
A0A178UBN7,UniProtKB/TrEMBL,1.0,Active
Q5XUY6,UniProtKB/TrEMBL,1.0,Active
A0A178VVE2,UniProtKB/TrEMBL,1.0,Active
A0A178VN82,UniProtKB/TrEMBL,1.0,Active
A5YX89,UniProtKB/TrEMBL,2.0,Active
Q94HW4,UniProtKB/TrEMBL,1.0,Active
G1C2Q4,UniProtKB/TrEMBL,2.0,Active
A0A178UQL6,UniProtKB/TrEMBL,1.0,Active
A0A178UD11,UniProtKB/TrEMBL,1.0,Active
A0A178UXK2,UniProtKB/TrEMBL,1.0,Active
A0A384KCZ3,UniProtKB/TrEMBL,2.0,Active
A0A178UT73,UniProtKB/TrEMBL,1.0,Active
A0A178U5S8,UniProtKB/TrEMBL,1.0,Active
Q9M8K7,UniProtKB/Swiss-Prot,5.0,Active
F4IBV0,UniProtKB/TrEMBL,1.0,Active
A0A178W6C3,UniProtKB/TrEMBL,1.0,Active
A0A178V3R0,UniProtKB/TrEMBL,1.0,Active
A0A178V3H4,UniProtKB/TrEMBL,1.0,Active
A0A178U830,UniProtKB/TrEMBL,2.0,Active
Q8LAB7,UniProtKB/TrEMBL,1.0,Active
A0A178VSX0,UniProtKB/TrEMBL,1.0,Active
A0A1P8AY61,UniProtKB/TrEMBL,2.0,Active
Q6ICZ9,UniProtKB/TrEMBL,1.0,Active
Q9LMY9,UniProtKB/Swiss-Prot,3.0,Active
A0A1P8B757,UniProtKB/TrEMBL,1.0,Active
Q0WSD8,UniProtKB/TrEMBL,1.0,Active
A0A178W5R7,UniProtKB/TrEMBL,1.0,Active
A0A5S9XL76,UniProtKB/TrEMBL,1.0,Active
A0A654G778,UniProtKB/TrEMBL,1.0,Active
A0A1B1W4V7,UniProtKB/TrEMBL,2.0,Active
A0A178VVK1,UniProtKB/TrEMBL,1.0,Active
A0A654EWZ6,UniProtKB/TrEMBL,1.0,Active
A0A178WNN5,UniProtKB/TrEMBL,1.0,Active
Q9M3S6,UniProtKB/TrEMBL,1.0,Active
A0A1P8B340,UniProtKB/TrEMBL,1.0,Active
A0A178U7L0,UniProtKB/TrEMBL,1.0,Active
C0Z2U5,UniProtKB/TrEMBL,1.0,Active
A0A178UN32,UniProtKB/TrEMBL,1.0,Active
A0A178WMC5,UniProtKB/TrEMBL,1.0,Active
A0A178UJK3,UniProtKB/TrEMBL,1.0,Active
A0A178V0F3,UniProtKB/TrEMBL,1.0,Active
A0A5S9XSD6,UniProtKB/TrEMBL,1.0,Active
Q2V334,UniProtKB/Swiss-Prot,2.0,Active
Q9LN58,UniProtKB/TrEMBL,1.0,Active
A0A178V856,UniProtKB/TrEMBL,2.0,Active
A0A5S9YCT6,UniProtKB/TrEMBL,1.0,Active
A0A178WFI3,UniProtKB/TrEMBL,1.0,Active
A0A178V381,UniProtKB/TrEMBL,1.0,Active
A5YVT9,UniProtKB/TrEMBL,1.0,Active
A0A178WMU1,UniProtKB/TrEMBL,2.0,Active
A0A178VP76,UniProtKB/TrEMBL,1.0,Active
A0A178V0S4,UniProtKB/TrEMBL,2.0,Active
Q9LPA5,UniProtKB/TrEMBL,1.0,Active
Q29QC1,UniProtKB/TrEMBL,1.0,Active
A0A654FHF3,UniProtKB/TrEMBL,1.0,Active
U3MZA9,UniProtKB/TrEMBL,1.0,Active
A0A178V8W1,UniProtKB/TrEMBL,1.0,Active
A0A5S9X038,UniProtKB/TrEMBL,1.0,Active
B3H516,UniProtKB/TrEMBL,1.0,Active
A0A178U9P0,UniProtKB/TrEMBL,2.0,Active
A8MQX3,UniProtKB/Swiss-Prot,4.0,Active
A0A178VLA8,UniProtKB/TrEMBL,1.0,Active
A0A178VSM4,UniProtKB/TrEMBL,1.0,Active
A0A178WMB2,UniProtKB/TrEMBL,3.0,Active
Q3EBI2,UniProtKB/TrEMBL,1.0,Active
A0A178WH22,UniProtKB/TrEMBL,1.0,Active
A0A5S9XS12,UniProtKB/TrEMBL,1.0,Active
A0A7G2EID3,UniProtKB/TrEMBL,1.0,Active
A0A5S9Y6K2,UniProtKB/TrEMBL,1.0,Active
Q9SV52,UniProtKB/TrEMBL,1.0,Active
Q9FGT3,UniProtKB/TrEMBL,1.0,Active
A0A178VS15,UniProtKB/TrEMBL,1.0,Active
A0A178VNQ5,UniProtKB/TrEMBL,1.0,Active
A0A178W2L8,UniProtKB/TrEMBL,1.0,Active
A0A654FU79,UniProtKB/TrEMBL,1.0,Active
A0A1I9LPT8,UniProtKB/TrEMBL,1.0,Active
Q56Z45,UniProtKB/TrEMBL,2.0,Active
Q9S9W6,UniProtKB/TrEMBL,1.0,Active
Q94CK3,UniProtKB/Swiss-Prot,4.0,Active
A0A178WE41,UniProtKB/TrEMBL,1.0,Active
A0A178WAD3,UniProtKB/TrEMBL,1.0,Active
Q9SSM3,UniProtKB/Swiss-Prot,1.0,Active
A0A178W130,UniProtKB/TrEMBL,1.0,Active
A0A178U8L0,UniProtKB/TrEMBL,1.0,Active
A0A178U8N9,UniProtKB/TrEMBL,1.0,Active
A0A5S9Y484,UniProtKB/TrEMBL,1.0,Active
A0A1P8AXW5,UniProtKB/TrEMBL,1.0,Active
A0A178UUW1,UniProtKB/TrEMBL,1.0,Active
A0A178UTG0,UniProtKB/TrEMBL,1.0,Active
P82773,UniProtKB/Swiss-Prot,3.0,Active
A0A7G2F2P0,UniProtKB/TrEMBL,1.0,Active
A0A178UL35,UniProtKB/TrEMBL,1.0,Active
A0A654GDP0,UniProtKB/TrEMBL,1.0,Active
Q8S8D5,UniProtKB/TrEMBL,1.0,Active
A0A1P8AP12,UniProtKB/TrEMBL,1.0,Active
A0A178VDS0,UniProtKB/TrEMBL,1.0,Active
A0A178VPI4,UniProtKB/TrEMBL,1.0,Active
A0A178VZI4,UniProtKB/TrEMBL,1.0,Active
A0A1P8AZV6,UniProtKB/TrEMBL,1.0,Active
A0A178UW89,UniProtKB/TrEMBL,1.0,Active
A0MDL9,UniProtKB/TrEMBL,1.0,Active
A0A178VL96,UniProtKB/TrEMBL,2.0,Active
A0A178UFJ1,UniProtKB/TrEMBL,1.0,Active
A0A178UT96,UniProtKB/TrEMBL,1.0,Active
A0A178U8Z3,UniProtKB/TrEMBL,1.0,Active
B6EUC5,UniProtKB/TrEMBL,1.0,Active
Q56ZB6,UniProtKB/TrEMBL,1.0,Active
A0A1I9LPP6,UniProtKB/TrEMBL,1.0,Active
Q56YZ5,UniProtKB/TrEMBL,1.0,Active
A0A7G2E8R8,UniProtKB/TrEMBL,1.0,Active
Q9SKE0,UniProtKB/Swiss-Prot,2.0,Active
Q8GX66,UniProtKB/TrEMBL,1.0,Active
A0A5S9WKV8,UniProtKB/TrEMBL,1.0,Active
A0A5S9XP14,UniProtKB/TrEMBL,1.0,Active
Q9MA78,UniProtKB/TrEMBL,1.0,Active
A0A7G2FKG7,UniProtKB/TrEMBL,1.0,Active
Q9SMZ8,UniProtKB/TrEMBL,2.0,Active
A0A178VTD1,UniProtKB/TrEMBL,1.0,Active
A0A7G2F9W1,UniProtKB/TrEMBL,1.0,Active
A0A654FAX3,UniProtKB/TrEMBL,1.0,Active
Q8GYC8,UniProtKB/TrEMBL,1.0,Active
O80506,UniProtKB/Swiss-Prot,5.0,Active
A0A178UNE8,UniProtKB/TrEMBL,1.0,Active
A0A1P8BAC6,UniProtKB/TrEMBL,1.0,Active
A0A178W7W8,UniProtKB/TrEMBL,1.0,Active
A0A654FRG7,UniProtKB/TrEMBL,1.0,Active
A0A178VBT5,UniProtKB/TrEMBL,1.0,Active
P15460,UniProtKB/Swiss-Prot,3.0,Active
C0Z2H6,UniProtKB/TrEMBL,2.0,Active
A0A178UAF7,UniProtKB/TrEMBL,1.0,Active
A0A178USD3,UniProtKB/TrEMBL,1.0,Active
A0A654FIL1,UniProtKB/TrEMBL,1.0,Active
O82201,UniProtKB/Swiss-Prot,3.0,Active
Q9LF68,UniProtKB/Swiss-Prot,3.0,Active
A0A5S9Y7X8,UniProtKB/TrEMBL,1.0,Active
Q8GXA5,UniProtKB/TrEMBL,1.0,Active
Q6X5U0,UniProtKB/Swiss-Prot,3.0,Active
A0A178VX22,UniProtKB/TrEMBL,1.0,Active
A0A654EGT5,UniProtKB/TrEMBL,1.0,Active
A0A178UV95,UniProtKB/TrEMBL,1.0,Active
A0A178UA32,UniProtKB/TrEMBL,2.0,Active
Q56ZL0,UniProtKB/TrEMBL,1.0,Active
Q0WKY6,UniProtKB/TrEMBL,1.0,Active
F4HXA7,UniProtKB/TrEMBL,1.0,Active
A0A654EG20,UniProtKB/TrEMBL,1.0,Active
A0A178V304,UniProtKB/TrEMBL,2.0,Active
A0A5S9XI56,UniProtKB/TrEMBL,2.0,Active
Q9C6E5,UniProtKB/TrEMBL,1.0,Active
A0A178VCU5,UniProtKB/TrEMBL,1.0,Active
A0A178UN17,UniProtKB/TrEMBL,1.0,Active
A0A178UQU9,UniProtKB/TrEMBL,1.0,Active
A0A1P8B8G8,UniProtKB/TrEMBL,2.0,Active
Q9LUH9,UniProtKB/Swiss-Prot,4.0,Active
Q8GWC7,UniProtKB/TrEMBL,1.0,Active
A0A7G2FEI1,UniProtKB/TrEMBL,1.0,Active
A0A7G2FL85,UniProtKB/TrEMBL,1.0,Active
Q9C6P0,UniProtKB/TrEMBL,1.0,Active
Q9FM35,UniProtKB/TrEMBL,1.0,Active
Q8S8N2,UniProtKB/Swiss-Prot,3.0,Active
Q9M3S1,UniProtKB/TrEMBL,1.0,Active
A0A654F2R9,UniProtKB/TrEMBL,2.0,Active
Q9FH16,UniProtKB/Swiss-Prot,2.0,Active
A0A178W3F0,UniProtKB/TrEMBL,1.0,Active
A0A5S9Y2V6,UniProtKB/TrEMBL,1.0,Active
Q9LMZ2,UniProtKB/TrEMBL,1.0,Active
A0A178V2I0,UniProtKB/TrEMBL,1.0,Active
A0A384KBC7,UniProtKB/TrEMBL,1.0,Active
Q570E5,UniProtKB/TrEMBL,2.0,Active
A0A7G2FCZ2,UniProtKB/TrEMBL,1.0,Active
A0A178VHD2,UniProtKB/TrEMBL,1.0,Active
A0A1P8AWJ4,UniProtKB/TrEMBL,1.0,Active
A0A7G2F4I0,UniProtKB/TrEMBL,1.0,Active
A0A178UK69,UniProtKB/TrEMBL,1.0,Active
Q2V3X0,UniProtKB/TrEMBL,1.0,Active
B9DG54,UniProtKB/TrEMBL,1.0,Active
F4K455,UniProtKB/TrEMBL,2.0,Active
A0A178VFT6,UniProtKB/TrEMBL,1.0,Active
A0A5S9WLY2,UniProtKB/TrEMBL,1.0,Active
B3H473,UniProtKB/TrEMBL,1.0,Active
A0A7G2E4Z5,UniProtKB/TrEMBL,1.0,Active
B3H4W8,UniProtKB/TrEMBL,1.0,Active
A0A178W798,UniProtKB/TrEMBL,1.0,Active
A0A654G2J1,UniProtKB/TrEMBL,1.0,Active
A0A178UBI9,UniProtKB/TrEMBL,1.0,Active
A0A178WAZ0,UniProtKB/TrEMBL,1.0,Active
A0A654F659,UniProtKB/TrEMBL,1.0,Active
A0A654FCT4,UniProtKB/TrEMBL,1.0,Active
A0A7G2DT16,UniProtKB/TrEMBL,1.0,Active
A0A384KVQ7,UniProtKB/TrEMBL,1.0,Active
A0A178VYF0,UniProtKB/TrEMBL,2.0,Active
A0A1P8BEA8,UniProtKB/TrEMBL,1.0,Active
A0A7G2EZX1,UniProtKB/TrEMBL,1.0,Active
A0A384L9I5,UniProtKB/TrEMBL,1.0,Active
A0JQ18,UniProtKB/Swiss-Prot,5.0,Active
B3H5U5,UniProtKB/TrEMBL,1.0,Active
A0A178WHT0,UniProtKB/TrEMBL,1.0,Active
Q93XZ9,UniProtKB/TrEMBL,1.0,Active
A0A178W3R4,UniProtKB/TrEMBL,1.0,Active
A0A7G2EGR2,UniProtKB/TrEMBL,1.0,Active
Q1PEB0,UniProtKB/TrEMBL,1.0,Active
A0A7G2FGR2,UniProtKB/TrEMBL,1.0,Active
A0A5S9Y8F3,UniProtKB/TrEMBL,1.0,Active
A0A1P8B280,UniProtKB/TrEMBL,1.0,Active
V9H0C0,UniProtKB/TrEMBL,1.0,Active
A0A178UF56,UniProtKB/TrEMBL,1.0,Active
C0Z2H8,UniProtKB/TrEMBL,2.0,Active
A0A178UNK6,UniProtKB/TrEMBL,1.0,Active
A0MF85,UniProtKB/TrEMBL,1.0,Active
Q9FN32,UniProtKB/Swiss-Prot,2.0,Active
A0A178VN51,UniProtKB/TrEMBL,1.0,Active
A0A178UVW0,UniProtKB/TrEMBL,1.0,Active
A0A5S9X0J4,UniProtKB/TrEMBL,1.0,Active
A0A5S9XYY1,UniProtKB/TrEMBL,1.0,Active
B3H670,UniProtKB/TrEMBL,1.0,Active
C0Z2F7,UniProtKB/TrEMBL,1.0,Active
Q9LZF9,UniProtKB/TrEMBL,1.0,Active
A0A178UAN2,UniProtKB/TrEMBL,1.0,Active
A7REE9,UniProtKB/TrEMBL,1.0,Active
A0A384KYH6,UniProtKB/TrEMBL,1.0,Active
A0A654EIY4,UniProtKB/TrEMBL,1.0,Active
A0A178VPE8,UniProtKB/TrEMBL,1.0,Active
A0A5S9XZ98,UniProtKB/TrEMBL,1.0,Active
A0A654FCH7,UniProtKB/TrEMBL,1.0,Active
A0A178VT79,UniProtKB/TrEMBL,1.0,Active
A0A1P8BE04,UniProtKB/TrEMBL,1.0,Active
A0A5S9YF22,UniProtKB/TrEMBL,1.0,Active
Q9ASW7,UniProtKB/TrEMBL,1.0,Active
A0A7G2EL02,UniProtKB/TrEMBL,1.0,Active
F4J5R0,UniProtKB/TrEMBL,2.0,Active
A0A178WCG3,UniProtKB/TrEMBL,2.0,Active
F4IYS4,UniProtKB/TrEMBL,1.0,Active
O81071,UniProtKB/TrEMBL,1.0,Active
A0A178UZW8,UniProtKB/TrEMBL,1.0,Active
A0A5S9WWF3,UniProtKB/TrEMBL,1.0,Active
Q9FHW0,UniProtKB/TrEMBL,1.0,Active
A0A5S9YB63,UniProtKB/TrEMBL,1.0,Active
A0A178WA05,UniProtKB/TrEMBL,1.0,Active
Q56ZM4,UniProtKB/TrEMBL,1.0,Active
A0A178V0R6,UniProtKB/TrEMBL,1.0,Active
Q0WQ43,UniProtKB/TrEMBL,1.0,Active
A0A178W029,UniProtKB/TrEMBL,1.0,Active
A0A178UFP6,UniProtKB/TrEMBL,1.0,Active
Q9SLL6,UniProtKB/TrEMBL,1.0,Active
A0A178UWH9,UniProtKB/TrEMBL,1.0,Active
A0A178V3T2,UniProtKB/TrEMBL,1.0,Active
A0A178VRK9,UniProtKB/TrEMBL,1.0,Active
B3H7J2,UniProtKB/TrEMBL,1.0,Active
A0A178UK61,UniProtKB/TrEMBL,1.0,Active
Q9SH04,UniProtKB/TrEMBL,1.0,Active
A0A7G2E034,UniProtKB/TrEMBL,1.0,Active
Q681T2,UniProtKB/TrEMBL,1.0,Active
A0A178VXU5,UniProtKB/TrEMBL,1.0,Active
A0A178WDM9,UniProtKB/TrEMBL,1.0,Active
A0A384KHG9,UniProtKB/TrEMBL,1.0,Active
A0A178W264,UniProtKB/TrEMBL,1.0,Active
A0A5S9WWY9,UniProtKB/TrEMBL,1.0,Active
A0A178WAA4,UniProtKB/TrEMBL,1.0,Active
Q0WW74,UniProtKB/TrEMBL,1.0,Active
A0A654EIC1,UniProtKB/TrEMBL,1.0,Active
A0A5S9WMG0,UniProtKB/TrEMBL,1.0,Active
A0A178UJ36,UniProtKB/TrEMBL,1.0,Active
A0MFI2,UniProtKB/TrEMBL,1.0,Active
A0A384LAG8,UniProtKB/TrEMBL,1.0,Active
A0A178VV21,UniProtKB/TrEMBL,1.0,Active
Q0WM48,UniProtKB/TrEMBL,1.0,Active
Q3E9V5,UniProtKB/TrEMBL,1.0,Active
A0A178WQ56,UniProtKB/TrEMBL,1.0,Active
F4IR78,UniProtKB/TrEMBL,1.0,Active
A0A178VE56,UniProtKB/TrEMBL,2.0,Active
A0MDV8,UniProtKB/TrEMBL,1.0,Active
Q6NLG9,UniProtKB/TrEMBL,1.0,Active
A0A178W129,UniProtKB/TrEMBL,1.0,Active
A0A178V5G3,UniProtKB/TrEMBL,1.0,Active
F4K8L6,UniProtKB/TrEMBL,1.0,Active
Q8VZV9,UniProtKB/Swiss-Prot,5.0,Active
A0A178UZV4,UniProtKB/TrEMBL,1.0,Active
A0A5S9XI50,UniProtKB/TrEMBL,1.0,Active
A0A178UIS8,UniProtKB/TrEMBL,1.0,Active
B3H6E6,UniProtKB/TrEMBL,2.0,Active
A0A178UJC8,UniProtKB/TrEMBL,1.0,Active
Q9LJM5,UniProtKB/TrEMBL,1.0,Active
A0A5S9X0F2,UniProtKB/TrEMBL,1.0,Active
A0A178UGQ5,UniProtKB/TrEMBL,1.0,Active
A0A5S9WJ76,UniProtKB/TrEMBL,1.0,Active
Q570W6,UniProtKB/TrEMBL,2.0,Active
A0A7G2EY38,UniProtKB/TrEMBL,1.0,Active
A0A178UMN5,UniProtKB/TrEMBL,1.0,Active
Q56ZC8,UniProtKB/TrEMBL,1.0,Active
A0A178W0D7,UniProtKB/TrEMBL,1.0,Active
Q9FLU6,UniProtKB/TrEMBL,1.0,Active
A0A178VD28,UniProtKB/TrEMBL,2.0,Active
A0A654FSI7,UniProtKB/TrEMBL,1.0,Active
A0A178U9R8,UniProtKB/TrEMBL,1.0,Active
F4JQW1,UniProtKB/TrEMBL,1.0,Active
A3QS65,UniProtKB/TrEMBL,1.0,Active
A0A384KCL9,UniProtKB/TrEMBL,1.0,Active
A0A178W916,UniProtKB/TrEMBL,1.0,Active
A0A178UTM1,UniProtKB/TrEMBL,1.0,Active
D3GKW6,UniProtKB/Swiss-Prot,4.0,Active
A0A178US89,UniProtKB/TrEMBL,2.0,Active
B9DHW9,UniProtKB/TrEMBL,1.0,Active
A0A654F1G7,UniProtKB/TrEMBL,1.0,Active
A0A178UI15,UniProtKB/TrEMBL,1.0,Active
A0A7G2F7Q4,UniProtKB/TrEMBL,1.0,Active
A0A7G2EB34,UniProtKB/TrEMBL,1.0,Active
A0A5S9WKL5,UniProtKB/TrEMBL,1.0,Active
A0A178UMM8,UniProtKB/TrEMBL,1.0,Active
A0A178VNI6,UniProtKB/TrEMBL,1.0,Active
A0A654EW08,UniProtKB/TrEMBL,1.0,Active
A0A178VTU1,UniProtKB/TrEMBL,1.0,Active
F4K1G4,UniProtKB/TrEMBL,1.0,Active
Q4PSE1,UniProtKB/TrEMBL,1.0,Active
A0A178UJP2,UniProtKB/TrEMBL,1.0,Active
A0A178W828,UniProtKB/TrEMBL,1.0,Active
A0A178UEA2,UniProtKB/TrEMBL,1.0,Active
A0A178UBZ4,UniProtKB/TrEMBL,3.0,Active
A0A654EM92,UniProtKB/TrEMBL,1.0,Active
A0A7G2EXX7,UniProtKB/TrEMBL,1.0,Active
A0A178W0U6,UniProtKB/TrEMBL,2.0,Active
A0A1P8B4S5,UniProtKB/TrEMBL,1.0,Active
A0A1P8B758,UniProtKB/TrEMBL,1.0,Active
A0A178W4R2,UniProtKB/TrEMBL,2.0,Active
A0A7G2ENF1,UniProtKB/TrEMBL,1.0,Active
Q0WR48,UniProtKB/TrEMBL,1.0,Active
E1A8W3,UniProtKB/TrEMBL,1.0,Active
A0A178W0B0,UniProtKB/TrEMBL,1.0,Active
A0A1P8BHB4,UniProtKB/TrEMBL,1.0,Active
A0A178VAP5,UniProtKB/TrEMBL,1.0,Active
Q84MC7,UniProtKB/Swiss-Prot,5.0,Active
Q6E296,UniProtKB/TrEMBL,2.0,Active
A0A178UX90,UniProtKB/TrEMBL,1.0,Active
A0A5S9WWK5,UniProtKB/TrEMBL,1.0,Active
A0A7G2E9D4,UniProtKB/TrEMBL,1.0,Active
A0A1B1W4X2,UniProtKB/TrEMBL,2.0,Active
O65684,UniProtKB/Swiss-Prot,4.0,Active
A0A178WDP9,UniProtKB/TrEMBL,1.0,Active
Q9C889,UniProtKB/Swiss-Prot,4.0,Active
A0A5S9XVP9,UniProtKB/TrEMBL,1.0,Active
A0A1P8B7J5,UniProtKB/TrEMBL,1.0,Active
A0A5S9WTA8,UniProtKB/TrEMBL,1.0,Active
A0A178WHY2,UniProtKB/TrEMBL,2.0,Active
F4JRC5,UniProtKB/Swiss-Prot,3.0,Active
A0A178UJU7,UniProtKB/TrEMBL,2.0,Active
A0A7G2F155,UniProtKB/TrEMBL,1.0,Active
A0A654ECM8,UniProtKB/TrEMBL,1.0,Active
A0A178WNT6,UniProtKB/TrEMBL,1.0,Active
Q9FLY2,UniProtKB/TrEMBL,1.0,Active
Q2V472,UniProtKB/Swiss-Prot,2.0,Active
A0A1I9LLK8,UniProtKB/TrEMBL,1.0,Active
A0A5S9TGP3,UniProtKB/TrEMBL,1.0,Active
A0A178UWB7,UniProtKB/TrEMBL,1.0,Active
Q570I8,UniProtKB/TrEMBL,1.0,Active
A0A178UL13,UniProtKB/TrEMBL,1.0,Active
Q8H7H0,UniProtKB/TrEMBL,1.0,Active
F4HZQ2,UniProtKB/TrEMBL,1.0,Active
A0A654FN11,UniProtKB/TrEMBL,1.0,Active
Q56Z46,UniProtKB/TrEMBL,1.0,Active
A0A654EI83,UniProtKB/TrEMBL,1.0,Active
A0A7G2E6G5,UniProtKB/TrEMBL,1.0,Active
A0A178WJ65,UniProtKB/TrEMBL,1.0,Active
A0A178VRJ5,UniProtKB/TrEMBL,1.0,Active
Q0MVF0,UniProtKB/TrEMBL,1.0,Active
A0A5S9Y9B9,UniProtKB/TrEMBL,1.0,Active
C0Z323,UniProtKB/TrEMBL,1.0,Active
A0A1P8AUA6,UniProtKB/TrEMBL,1.0,Active
A0A5S9XRQ8,UniProtKB/TrEMBL,1.0,Active
A0A654FYA9,UniProtKB/TrEMBL,1.0,Active
A0A5S9WLF7,UniProtKB/TrEMBL,1.0,Active
A0A178WLB1,UniProtKB/TrEMBL,1.0,Active
A0A384KJY5,UniProtKB/TrEMBL,1.0,Active
A0A178VQJ3,UniProtKB/TrEMBL,1.0,Active
A0A178W854,UniProtKB/TrEMBL,1.0,Active
A0A1B1W4W2,UniProtKB/TrEMBL,3.0,Active
A0A7G2E873,UniProtKB/TrEMBL,1.0,Active
A0A5S9XTN0,UniProtKB/TrEMBL,1.0,Active
Q56ZQ1,UniProtKB/TrEMBL,2.0,Active
B3H4D5,UniProtKB/TrEMBL,1.0,Active
Q8VZK8,UniProtKB/Swiss-Prot,2.0,Active
F4KI79,UniProtKB/TrEMBL,1.0,Active
A0A178V7H9,UniProtKB/TrEMBL,1.0,Active
A0A178UAY8,UniProtKB/TrEMBL,1.0,Active
A0A178WEW4,UniProtKB/TrEMBL,1.0,Active
Q9XIR0,UniProtKB/TrEMBL,1.0,Active
A0A7G2F549,UniProtKB/TrEMBL,1.0,Active
A0A5S9XQ56,UniProtKB/TrEMBL,1.0,Active
A0A5S9XYR0,UniProtKB/TrEMBL,1.0,Active
F4IQG4,UniProtKB/Swiss-Prot,3.0,Active
A0A654G8K9,UniProtKB/TrEMBL,1.0,Active
A0A1P8BCY5,UniProtKB/TrEMBL,1.0,Active
Q8LBK1,UniProtKB/TrEMBL,1.0,Active
A0A178UJ98,UniProtKB/TrEMBL,1.0,Active
Q9LVT0,UniProtKB/TrEMBL,1.0,Active
A0A5S9WMI3,UniProtKB/TrEMBL,1.0,Active
A0A1P8B4P8,UniProtKB/TrEMBL,1.0,Active
A0A178UGJ4,UniProtKB/TrEMBL,1.0,Active
A0A178WIQ8,UniProtKB/TrEMBL,1.0,Active
A0A654F449,UniProtKB/TrEMBL,1.0,Active
A0A5S9XSV4,UniProtKB/TrEMBL,1.0,Active
A0A1P8BBS9,UniProtKB/TrEMBL,1.0,Active
A0A178VXC2,UniProtKB/TrEMBL,2.0,Active
B3H6B2,UniProtKB/TrEMBL,1.0,Active
A0A178VZC1,UniProtKB/TrEMBL,1.0,Active
A0A5S9XEJ4,UniProtKB/TrEMBL,1.0,Active
A0A178V9V3,UniProtKB/TrEMBL,1.0,Active
C7FBK4,UniProtKB/TrEMBL,1.0,Active
A0A3G1JZF6,UniProtKB/TrEMBL,2.0,Active
A0A654FJM5,UniProtKB/TrEMBL,1.0,Active
Q9M296,UniProtKB/TrEMBL,1.0,Active
Q9LI93,UniProtKB/TrEMBL,1.0,Active
A0A178W8T0,UniProtKB/TrEMBL,1.0,Active
Q56WR3,UniProtKB/TrEMBL,1.0,Active
A0A178UGH9,UniProtKB/TrEMBL,1.0,Active
A0A178UTZ2,UniProtKB/TrEMBL,1.0,Active
A0A178UBG2,UniProtKB/TrEMBL,1.0,Active
A0A5S9WMN7,UniProtKB/TrEMBL,1.0,Active
A0A178V4Q9,UniProtKB/TrEMBL,1.0,Active
A0A178WD00,UniProtKB/TrEMBL,1.0,Active
Q3ZVD7,UniProtKB/TrEMBL,1.0,Active
A0A178WB60,UniProtKB/TrEMBL,1.0,Active
A0A7G2ETC6,UniProtKB/TrEMBL,1.0,Active
A0A178UX40,UniProtKB/TrEMBL,1.0,Active
A0A1P8AXI7,UniProtKB/TrEMBL,1.0,Active
A0A178WB24,UniProtKB/TrEMBL,1.0,Active
Q9C737,UniProtKB/TrEMBL,1.0,Active
A0A7G2EWM9,UniProtKB/TrEMBL,1.0,Active
Q9LTV3,UniProtKB/Swiss-Prot,3.0,Active
Q2V3I3,UniProtKB/Swiss-Prot,5.0,Active
A0A654FSB2,UniProtKB/TrEMBL,1.0,Active
A0A654FLV7,UniProtKB/TrEMBL,1.0,Active
A0A654F875,UniProtKB/TrEMBL,1.0,Active
A0A178W4B6,UniProtKB/TrEMBL,1.0,Active
Q8VZ37,UniProtKB/Swiss-Prot,4.0,Active
A0A7G2E8C0,UniProtKB/TrEMBL,1.0,Active
A0A5S9XVW7,UniProtKB/TrEMBL,1.0,Active
A8MRI0,UniProtKB/Swiss-Prot,2.0,Active
A0A654EZM6,UniProtKB/TrEMBL,1.0,Active
A0A5S9WXH6,UniProtKB/TrEMBL,1.0,Active
Q9FMH6,UniProtKB/Swiss-Prot,4.0,Active
A0A178UIU2,UniProtKB/TrEMBL,1.0,Active
Q9SYD9,UniProtKB/TrEMBL,1.0,Active
Q8GY77,UniProtKB/TrEMBL,1.0,Active
Q570K8,UniProtKB/Swiss-Prot,5.0,Active
A0A1P8B878,UniProtKB/TrEMBL,1.0,Active
Q0WRI6,UniProtKB/TrEMBL,1.0,Active
A0A178VIM8,UniProtKB/TrEMBL,1.0,Active
A0A178VVT8,UniProtKB/TrEMBL,1.0,Active
A0A384LD34,UniProtKB/TrEMBL,1.0,Active
O22059,UniProtKB/Swiss-Prot,5.0,Active
A0A7G2FK25,UniProtKB/TrEMBL,1.0,Active
A0A1P8B8Q4,UniProtKB/TrEMBL,1.0,Active
A0A178WMK0,UniProtKB/TrEMBL,1.0,Active
A0A178U6I9,UniProtKB/TrEMBL,1.0,Active
A0A5S9X7K1,UniProtKB/TrEMBL,1.0,Active
F4IP22,UniProtKB/TrEMBL,1.0,Active
Q9LQI4,UniProtKB/TrEMBL,1.0,Active
A0A1I9LP52,UniProtKB/TrEMBL,1.0,Active
A0A1I9LNJ6,UniProtKB/TrEMBL,2.0,Active
A0A1I9LNH1,UniProtKB/TrEMBL,1.0,Active
Q0WVH8,UniProtKB/TrEMBL,1.0,Active
A0A7G2FHA0,UniProtKB/TrEMBL,1.0,Active
Q8LGK7,UniProtKB/TrEMBL,1.0,Active
Q0WQ51,UniProtKB/TrEMBL,1.0,Active
A8MR63,UniProtKB/TrEMBL,1.0,Active
Q9SZA1,UniProtKB/TrEMBL,1.0,Active
Q6E254,UniProtKB/TrEMBL,1.0,Active
A0A384KNL2,UniProtKB/TrEMBL,2.0,Active
Q5XVA6,UniProtKB/TrEMBL,1.0,Active
Q9SI88,UniProtKB/TrEMBL,1.0,Active
Q9SZV4,UniProtKB/TrEMBL,1.0,Active
A8MRV5,UniProtKB/Swiss-Prot,2.0,Active
Q0WQZ2,UniProtKB/TrEMBL,1.0,Active
Q56WE6,UniProtKB/TrEMBL,2.0,Active
Q6QJ36,UniProtKB/TrEMBL,2.0,Active
Q1G3A0,UniProtKB/TrEMBL,1.0,Active
Q1G3B9,UniProtKB/TrEMBL,1.0,Active
A0A178VCD0,UniProtKB/TrEMBL,2.0,Active
A0A178V0G8,UniProtKB/TrEMBL,1.0,Active
Q9LHT2,UniProtKB/TrEMBL,1.0,Active
Q1PFH7,UniProtKB/Swiss-Prot,1.0,Active
Q56ZG3,UniProtKB/TrEMBL,1.0,Active
A0A2H1ZEH9,UniProtKB/TrEMBL,2.0,Active
Q9FHV4,UniProtKB/TrEMBL,1.0,Active
A0A7G2FDP9,UniProtKB/TrEMBL,1.0,Active
A0A7G2EK76,UniProtKB/TrEMBL,1.0,Active
A0MDM6,UniProtKB/TrEMBL,1.0,Active
A0A1P8BBZ1,UniProtKB/TrEMBL,2.0,Active
C0Z3H5,UniProtKB/TrEMBL,1.0,Active
A0A5S9XH89,UniProtKB/TrEMBL,1.0,Active
Q9LMB4,UniProtKB/TrEMBL,1.0,Active
A0A7G2EXW3,UniProtKB/TrEMBL,1.0,Active
A0A178WBN8,UniProtKB/TrEMBL,1.0,Active
B9DGM0,UniProtKB/TrEMBL,1.0,Active
F4HPA5,UniProtKB/TrEMBL,1.0,Active
Q9SHW7,UniProtKB/TrEMBL,1.0,Active
B3H5V2,UniProtKB/TrEMBL,1.0,Active
A0A7G2EW84,UniProtKB/TrEMBL,1.0,Active
A0A178W7H8,UniProtKB/TrEMBL,1.0,Active
A0A178V7Z0,UniProtKB/TrEMBL,1.0,Active
B3H6I8,UniProtKB/TrEMBL,1.0,Active
A0A178W1D7,UniProtKB/TrEMBL,2.0,Active
A0A178VXN9,UniProtKB/TrEMBL,1.0,Active
A0A178WG56,UniProtKB/TrEMBL,1.0,Active
A0A178VHX3,UniProtKB/TrEMBL,1.0,Active
A0A7G2ESH1,UniProtKB/TrEMBL,1.0,Active
A0A178VXZ8,UniProtKB/TrEMBL,1.0,Active
A0A178ULI2,UniProtKB/TrEMBL,1.0,Active
A0A178VTW7,UniProtKB/TrEMBL,1.0,Active
O22929,UniProtKB/Swiss-Prot,4.0,Active
A0A2H1ZEJ4,UniProtKB/TrEMBL,1.0,Active
Q0WWS9,UniProtKB/TrEMBL,1.0,Active
O81489,UniProtKB/TrEMBL,1.0,Active
B3H5L9,UniProtKB/TrEMBL,1.0,Active
A0A178VVB6,UniProtKB/TrEMBL,1.0,Active
P0CAY7,UniProtKB/Swiss-Prot,2.0,Active
A0A178UZM2,UniProtKB/TrEMBL,2.0,Active
A0A178WHB6,UniProtKB/TrEMBL,1.0,Active
A0A7G2EVI6,UniProtKB/TrEMBL,1.0,Active
A0A178UCE8,UniProtKB/TrEMBL,1.0,Active
E1A8U0,UniProtKB/TrEMBL,1.0,Active
F4KFW6,UniProtKB/TrEMBL,1.0,Active
C0Z2S4,UniProtKB/TrEMBL,1.0,Active
A0A384KHD4,UniProtKB/TrEMBL,1.0,Active
A0MF33,UniProtKB/TrEMBL,1.0,Active
A0A178VYL4,UniProtKB/TrEMBL,1.0,Active
A0A5S9X666,UniProtKB/TrEMBL,1.0,Active
A0A384LE97,UniProtKB/TrEMBL,1.0,Active
A0A384LLA3,UniProtKB/TrEMBL,1.0,Active
A0A178WCB7,UniProtKB/TrEMBL,2.0,Active
Q0WP52,UniProtKB/TrEMBL,1.0,Active
A0A7G2EUI6,UniProtKB/TrEMBL,1.0,Active
A0A178UZQ4,UniProtKB/TrEMBL,1.0,Active
A0A7G2E8V2,UniProtKB/TrEMBL,1.0,Active
A0A178WM37,UniProtKB/TrEMBL,1.0,Active
Q0WLK6,UniProtKB/TrEMBL,1.0,Active
A0A178W7I0,UniProtKB/TrEMBL,1.0,Active
A0A7G2EC12,UniProtKB/TrEMBL,1.0,Active
Q9MAL5,UniProtKB/TrEMBL,1.0,Active
A0A654GAP6,UniProtKB/TrEMBL,1.0,Active
A0A178UYW4,UniProtKB/TrEMBL,2.0,Active
Q9SYP8,UniProtKB/TrEMBL,1.0,Active
A0A178VNX6,UniProtKB/TrEMBL,2.0,Active
Q8H7D5,UniProtKB/TrEMBL,1.0,Active
A0A384KNI3,UniProtKB/TrEMBL,1.0,Active
A0A7G2EMP7,UniProtKB/TrEMBL,1.0,Active
A0A654FLL9,UniProtKB/TrEMBL,1.0,Active
A0A7G2DRQ3,UniProtKB/TrEMBL,2.0,Active
F4J0S3,UniProtKB/TrEMBL,1.0,Active
Q56YW7,UniProtKB/TrEMBL,1.0,Active
A0A1P8AY32,UniProtKB/TrEMBL,1.0,Active
A0A178WDH1,UniProtKB/TrEMBL,2.0,Active
Q9SU95,UniProtKB/TrEMBL,1.0,Active
F4JEW3,UniProtKB/TrEMBL,1.0,Active
A0A5S9XGR0,UniProtKB/TrEMBL,1.0,Active
P94077,UniProtKB/Swiss-Prot,5.0,Active
F4KFD1,UniProtKB/TrEMBL,1.0,Active
C0Z331,UniProtKB/TrEMBL,1.0,Active
A0A178WDR4,UniProtKB/TrEMBL,1.0,Active
A0A7G2EBI4,UniProtKB/TrEMBL,1.0,Active
A0MEW4,UniProtKB/TrEMBL,1.0,Active
B0ZVZ4,UniProtKB/TrEMBL,1.0,Active
A0A178UVE1,UniProtKB/TrEMBL,2.0,Active
A0A178W0M7,UniProtKB/TrEMBL,1.0,Active
Q9SKG6,UniProtKB/TrEMBL,1.0,Active
A0A1P8AZU9,UniProtKB/TrEMBL,1.0,Active
F4IG99,UniProtKB/TrEMBL,1.0,Active
A0A1P8B2B4,UniProtKB/TrEMBL,1.0,Active
A0A178W4E3,UniProtKB/TrEMBL,2.0,Active
A0A654EFQ3,UniProtKB/TrEMBL,1.0,Active
A0A5S9TZC6,UniProtKB/TrEMBL,1.0,Active
C0Z2X6,UniProtKB/TrEMBL,1.0,Active
Q56WQ1,UniProtKB/TrEMBL,2.0,Active
A0A5S9XPZ6,UniProtKB/TrEMBL,1.0,Active
Q0WQS6,UniProtKB/TrEMBL,1.0,Active
A0A5S9XG03,UniProtKB/TrEMBL,2.0,Active
A0A654EGC3,UniProtKB/TrEMBL,1.0,Active
A0A178UY17,UniProtKB/TrEMBL,1.0,Active
A0A178UFM4,UniProtKB/TrEMBL,1.0,Active
A0A1P8B705,UniProtKB/TrEMBL,2.0,Active
A0A178UG67,UniProtKB/TrEMBL,1.0,Active
Q9LQG3,UniProtKB/TrEMBL,1.0,Active
A0A5S9WPL6,UniProtKB/TrEMBL,1.0,Active
A0A178UAX3,UniProtKB/TrEMBL,1.0,Active
A0A5S9X7H6,UniProtKB/TrEMBL,1.0,Active
A0A178WLI3,UniProtKB/TrEMBL,1.0,Active
A0A178WHN5,UniProtKB/TrEMBL,1.0,Active
A0A654FXQ9,UniProtKB/TrEMBL,2.0,Active
Q3E7N5,UniProtKB/Swiss-Prot,1.0,Active
F4JRV2,UniProtKB/TrEMBL,2.0,Active
A0A654FQN6,UniProtKB/TrEMBL,1.0,Active
A0A654G802,UniProtKB/TrEMBL,1.0,Active
Q8H7H4,UniProtKB/TrEMBL,1.0,Active
Q945M8,UniProtKB/Swiss-Prot,2.0,Active
Q0WNY9,UniProtKB/TrEMBL,1.0,Active
A0A178U7B6,UniProtKB/TrEMBL,1.0,Active
A0A7G2F8C5,UniProtKB/TrEMBL,1.0,Active
A0A178UAC9,UniProtKB/TrEMBL,1.0,Active
A0A178UWI7,UniProtKB/TrEMBL,1.0,Active
A0A1P8ANJ8,UniProtKB/TrEMBL,1.0,Active
A0A178UDC7,UniProtKB/TrEMBL,1.0,Active
A0A1P8AWW8,UniProtKB/TrEMBL,1.0,Active
Q8LA01,UniProtKB/TrEMBL,1.0,Active
A0A178UNF7,UniProtKB/TrEMBL,1.0,Active
B9DI24,UniProtKB/TrEMBL,2.0,Active
A0A654FHB5,UniProtKB/TrEMBL,1.0,Active
A0A7G2EMJ2,UniProtKB/TrEMBL,1.0,Active
A0A178VZA0,UniProtKB/TrEMBL,2.0,Active
A0A654EWY4,UniProtKB/TrEMBL,1.0,Active
A0A1P8ANB3,UniProtKB/TrEMBL,1.0,Active
A0A178ULN7,UniProtKB/TrEMBL,1.0,Active
Q9LV75,UniProtKB/Swiss-Prot,5.0,Active
A0A654GB76,UniProtKB/TrEMBL,1.0,Active
Q8LAD7,UniProtKB/Swiss-Prot,5.0,Active
A0A178UA00,UniProtKB/TrEMBL,1.0,Active
Q9SIK9,UniProtKB/TrEMBL,1.0,Active
E1A6V3,UniProtKB/TrEMBL,1.0,Active
A0A178VS71,UniProtKB/TrEMBL,1.0,Active
A0A1P8AUK9,UniProtKB/TrEMBL,1.0,Active
A0A654FCA2,UniProtKB/TrEMBL,1.0,Active
A0A178VX36,UniProtKB/TrEMBL,2.0,Active
A0A1P8B5J4,UniProtKB/TrEMBL,1.0,Active
A0A654EFP3,UniProtKB/TrEMBL,1.0,Active
B9DG94,UniProtKB/TrEMBL,2.0,Active
Q56YF5,UniProtKB/TrEMBL,1.0,Active
Q56WT1,UniProtKB/TrEMBL,1.0,Active
Q9LMD8,UniProtKB/TrEMBL,1.0,Active
P92522,UniProtKB/Swiss-Prot,1.0,Active
A0A178UHV6,UniProtKB/TrEMBL,1.0,Active
A0A7G2F6H6,UniProtKB/TrEMBL,1.0,Active
Q3EAA9,UniProtKB/TrEMBL,1.0,Active
A0A178U954,UniProtKB/TrEMBL,1.0,Active
A0A178WLB3,UniProtKB/TrEMBL,1.0,Active
A0A178VN09,UniProtKB/TrEMBL,1.0,Active
Q8LEU9,UniProtKB/TrEMBL,1.0,Active
A0A654FKK8,UniProtKB/TrEMBL,1.0,Active
A0A7G2EFT3,UniProtKB/TrEMBL,1.0,Active
A0A178UEK2,UniProtKB/TrEMBL,1.0,Active
A0A7G2FK74,UniProtKB/TrEMBL,1.0,Active
A0A178U661,UniProtKB/TrEMBL,1.0,Active
A0A178U8X5,UniProtKB/TrEMBL,1.0,Active
A0A178UFG9,UniProtKB/TrEMBL,1.0,Active
A0A7G2E376,UniProtKB/TrEMBL,1.0,Active
Q9SZF8,UniProtKB/TrEMBL,1.0,Active
F4KDR2,UniProtKB/TrEMBL,1.0,Active
A0A178W881,UniProtKB/TrEMBL,1.0,Active
Q84MM7,UniProtKB/TrEMBL,1.0,Active
Q9FHG7,UniProtKB/TrEMBL,1.0,Active
A0A5S9XNR3,UniProtKB/TrEMBL,2.0,Active
A0A654FQ15,UniProtKB/TrEMBL,1.0,Active
Q9LF23,UniProtKB/TrEMBL,1.0,Active
B3H7D8,UniProtKB/TrEMBL,1.0,Active
A0A1I9LP30,UniProtKB/TrEMBL,1.0,Active
Q9FPG5,UniProtKB/TrEMBL,1.0,Active
A0A178WAF0,UniProtKB/TrEMBL,1.0,Active
A0A7G2FHM2,UniProtKB/TrEMBL,1.0,Active
A0A178V3C3,UniProtKB/TrEMBL,1.0,Active
A0A178VPE3,UniProtKB/TrEMBL,1.0,Active
Q9STG2,UniProtKB/Swiss-Prot,3.0,Active
Q1H5D2,UniProtKB/Swiss-Prot,4.0,Active
A0A5S9XHV0,UniProtKB/TrEMBL,1.0,Active
F4KG06,UniProtKB/TrEMBL,2.0,Active
A0A178W0Y1,UniProtKB/TrEMBL,1.0,Active
A0A178UQF9,UniProtKB/TrEMBL,1.0,Active
A0A178UU51,UniProtKB/TrEMBL,2.0,Active
A0A5S9WLQ2,UniProtKB/TrEMBL,1.0,Active
A0A178W4B8,UniProtKB/TrEMBL,1.0,Active
A0A1P8ASS6,UniProtKB/TrEMBL,1.0,Active
O81764,UniProtKB/TrEMBL,1.0,Active
Q9LUA1,UniProtKB/Swiss-Prot,3.0,Active
A0A178UVZ4,UniProtKB/TrEMBL,1.0,Active
Q0WQ86,UniProtKB/TrEMBL,1.0,Active
A0A1P8AVM1,UniProtKB/TrEMBL,1.0,Active
Q9ZV84,UniProtKB/TrEMBL,1.0,Active
A0A178UVD6,UniProtKB/TrEMBL,1.0,Active
A8MR89,UniProtKB/Swiss-Prot,2.0,Active
A0A178USW5,UniProtKB/TrEMBL,1.0,Active
A0A178UIV7,UniProtKB/TrEMBL,1.0,Active
A0A178UWU9,UniProtKB/TrEMBL,1.0,Active
A0A1I9LTQ8,UniProtKB/TrEMBL,1.0,Active
A0A178UW17,UniProtKB/TrEMBL,1.0,Active
Q56WJ4,UniProtKB/TrEMBL,2.0,Active
A0A7G2FEE1,UniProtKB/TrEMBL,1.0,Active
Q56WM2,UniProtKB/TrEMBL,1.0,Active
F4JY62,UniProtKB/TrEMBL,1.0,Active
A0A654ESI2,UniProtKB/TrEMBL,1.0,Active
Q3EAP8,UniProtKB/TrEMBL,1.0,Active
A0A1P8B3Y8,UniProtKB/TrEMBL,1.0,Active
Q56YC7,UniProtKB/TrEMBL,1.0,Active
A0A654GF24,UniProtKB/TrEMBL,1.0,Active
O23020,UniProtKB/Swiss-Prot,2.0,Active
A0A1P8B738,UniProtKB/TrEMBL,2.0,Active
B3H7E0,UniProtKB/TrEMBL,1.0,Active
B3H742,UniProtKB/TrEMBL,1.0,Active
Q9SN98,UniProtKB/TrEMBL,1.0,Active
A0A178V7W3,UniProtKB/TrEMBL,2.0,Active
A0A178VN80,UniProtKB/TrEMBL,1.0,Active
A0A1P8B323,UniProtKB/TrEMBL,1.0,Active
A0A178WJJ2,UniProtKB/TrEMBL,1.0,Active
A0A178UDS3,UniProtKB/TrEMBL,1.0,Active
A0A7G2E641,UniProtKB/TrEMBL,1.0,Active
A0A5S9XEQ5,UniProtKB/TrEMBL,1.0,Active
A0A178VRY0,UniProtKB/TrEMBL,1.0,Active
Q3EDH8,UniProtKB/Swiss-Prot,3.0,Active
A0A384L4R1,UniProtKB/TrEMBL,1.0,Active
A0A5S9UVD4,UniProtKB/TrEMBL,1.0,Active
F4JUL9,UniProtKB/Swiss-Prot,5.0,Active
Q56ZE4,UniProtKB/TrEMBL,1.0,Active
Q56XS0,UniProtKB/TrEMBL,1.0,Active
A0A7G2E392,UniProtKB/TrEMBL,1.0,Active
A0A178V741,UniProtKB/TrEMBL,1.0,Active
A0A178WIL9,UniProtKB/TrEMBL,1.0,Active
A0A5S9WT19,UniProtKB/TrEMBL,1.0,Active
A0A178WA29,UniProtKB/TrEMBL,1.0,Active
A0A7G2E8G1,UniProtKB/TrEMBL,1.0,Active
C0Z256,UniProtKB/TrEMBL,1.0,Active
A0A178WC16,UniProtKB/TrEMBL,1.0,Active
Q9LZP9,UniProtKB/Swiss-Prot,5.0,Active
Q9LVV6,UniProtKB/TrEMBL,1.0,Active
B3H6P5,UniProtKB/TrEMBL,1.0,Active
A0A178V0S7,UniProtKB/TrEMBL,1.0,Active
Q3YIC1,UniProtKB/TrEMBL,1.0,Active
A0A288SSL9,UniProtKB/TrEMBL,1.0,Active
Q9XIM7,UniProtKB/Swiss-Prot,3.0,Active
Q56ZX2,UniProtKB/TrEMBL,1.0,Active
A0A7G2EH69,UniProtKB/TrEMBL,2.0,Active
Q9LZK7,UniProtKB/TrEMBL,1.0,Active
Q4VP09,UniProtKB/Swiss-Prot,4.0,Active
A0A178VWG2,UniProtKB/TrEMBL,1.0,Active
Q8H130,UniProtKB/TrEMBL,1.0,Active
O65429,UniProtKB/TrEMBL,2.0,Active
A0A178WLR7,UniProtKB/TrEMBL,2.0,Active
Q2V4I2,UniProtKB/Swiss-Prot,2.0,Active
A0A178UA31,UniProtKB/TrEMBL,1.0,Active
A0A178UWB9,UniProtKB/TrEMBL,1.0,Active
A0A5S9XW09,UniProtKB/TrEMBL,1.0,Active
A0A178V491,UniProtKB/TrEMBL,3.0,Active
A0A7G2F9T5,UniProtKB/TrEMBL,2.0,Active
Q9LFS5,UniProtKB/TrEMBL,1.0,Active
Q2V304,UniProtKB/Swiss-Prot,2.0,Active
A0A178UI01,UniProtKB/TrEMBL,1.0,Active
Q8GZG2,UniProtKB/TrEMBL,1.0,Active
A0A1P8B5C8,UniProtKB/TrEMBL,1.0,Active
A0A178UT48,UniProtKB/TrEMBL,1.0,Active
A0A654EZ64,UniProtKB/TrEMBL,1.0,Active
A0A7G2E831,UniProtKB/TrEMBL,1.0,Active
A0A178UR09,UniProtKB/TrEMBL,1.0,Active
A0A654FLE5,UniProtKB/TrEMBL,1.0,Active
A0A178UHJ3,UniProtKB/TrEMBL,1.0,Active
Q56YT4,UniProtKB/TrEMBL,2.0,Active
F4KG44,UniProtKB/TrEMBL,1.0,Active
A0A5S9XHH4,UniProtKB/TrEMBL,1.0,Active
A0A384KBR4,UniProtKB/TrEMBL,1.0,Active
A0A178W1N9,UniProtKB/TrEMBL,1.0,Active
F4J2W0,UniProtKB/TrEMBL,1.0,Active
Q9ZTV5,UniProtKB/TrEMBL,1.0,Active
Q56XB7,UniProtKB/TrEMBL,1.0,Active
Q541Y3,UniProtKB/TrEMBL,2.0,Active
A0A654F0N4,UniProtKB/TrEMBL,2.0,Active
A0A178VXP7,UniProtKB/TrEMBL,1.0,Active
Q8H7E8,UniProtKB/TrEMBL,1.0,Active
Q9SB59,UniProtKB/TrEMBL,1.0,Active
Q8L9Y4,UniProtKB/TrEMBL,1.0,Active
A0A178UPA0,UniProtKB/TrEMBL,1.0,Active
A0A5S9XAW8,UniProtKB/TrEMBL,2.0,Active
A0A1P8ASS7,UniProtKB/TrEMBL,1.0,Active
A0A5S9XLX1,UniProtKB/TrEMBL,1.0,Active
A0A5S9WIR8,UniProtKB/TrEMBL,1.0,Active
A0A178URL0,UniProtKB/TrEMBL,1.0,Active
A0A1P8BC76,UniProtKB/TrEMBL,2.0,Active
A0A178VDV4,UniProtKB/TrEMBL,1.0,Active
O22837,UniProtKB/TrEMBL,1.0,Active
A0A1P8APR9,UniProtKB/TrEMBL,1.0,Active
Q2V3K7,UniProtKB/Swiss-Prot,2.0,Active
A0A178W575,UniProtKB/TrEMBL,1.0,Active
A0A178W1H0,UniProtKB/TrEMBL,1.0,Active
A0A384KP69,UniProtKB/TrEMBL,1.0,Active
Q56WF4,UniProtKB/TrEMBL,2.0,Active
Q8GWI8,UniProtKB/TrEMBL,1.0,Active
Q9C9L1,UniProtKB/TrEMBL,1.0,Active
Q67XG0,UniProtKB/Swiss-Prot,5.0,Active
A0A178U7T7,UniProtKB/TrEMBL,1.0,Active
A0A178W524,UniProtKB/TrEMBL,2.0,Active
A0A178UFP9,UniProtKB/TrEMBL,1.0,Active
A0A178UJK5,UniProtKB/TrEMBL,1.0,Active
A0A1P8BF65,UniProtKB/TrEMBL,1.0,Active
Q6NLD5,UniProtKB/Swiss-Prot,2.0,Active
O23238,UniProtKB/TrEMBL,2.0,Active
A0A1P8BHC5,UniProtKB/TrEMBL,1.0,Active
A0A178VZM1,UniProtKB/TrEMBL,1.0,Active
A0A178VUF0,UniProtKB/TrEMBL,1.0,Active
O81889,UniProtKB/TrEMBL,2.0,Active
A0A654FC34,UniProtKB/TrEMBL,1.0,Active
A0A178VTS4,UniProtKB/TrEMBL,1.0,Active
Q94K37,UniProtKB/TrEMBL,1.0,Active
A7J0T8,UniProtKB/TrEMBL,1.0,Active
A0A654EQZ1,UniProtKB/TrEMBL,1.0,Active
O82617,UniProtKB/Swiss-Prot,4.0,Active
A8MQ81,UniProtKB/TrEMBL,1.0,Active
A0A654EQD6,UniProtKB/TrEMBL,1.0,Active
A0A178W4J6,UniProtKB/TrEMBL,1.0,Active
A0A5S9WYD1,UniProtKB/TrEMBL,1.0,Active
A0A384LHQ5,UniProtKB/TrEMBL,2.0,Active
Q9ZVK5,UniProtKB/TrEMBL,1.0,Active
A0A178VXG8,UniProtKB/TrEMBL,1.0,Active
A0A7G2EAI6,UniProtKB/TrEMBL,1.0,Active
Q9C504,UniProtKB/TrEMBL,2.0,Active
A0A178VFH3,UniProtKB/TrEMBL,1.0,Active
A0A178UDV0,UniProtKB/TrEMBL,1.0,Active
A0A7G2F0M3,UniProtKB/TrEMBL,1.0,Active
V9H041,UniProtKB/TrEMBL,1.0,Active
A0A178VMW4,UniProtKB/TrEMBL,2.0,Active
B0ZY59,UniProtKB/TrEMBL,1.0,Active
A0A178WPY4,UniProtKB/TrEMBL,1.0,Active
A0A654F147,UniProtKB/TrEMBL,1.0,Active
Q0WTE4,UniProtKB/TrEMBL,2.0,Active
A0A178UKH5,UniProtKB/TrEMBL,2.0,Active
Q0WLZ1,UniProtKB/TrEMBL,1.0,Active
A0A178WN64,UniProtKB/TrEMBL,1.0,Active
Q84V07,UniProtKB/TrEMBL,1.0,Active
A0A7G2EXS3,UniProtKB/TrEMBL,1.0,Active
A0A5S9XN21,UniProtKB/TrEMBL,1.0,Active
Q8GWW9,UniProtKB/TrEMBL,1.0,Active
A0A5S9WK78,UniProtKB/TrEMBL,2.0,Active
Q9LUT1,UniProtKB/Swiss-Prot,1.0,Active
A0A178U6Q9,UniProtKB/TrEMBL,1.0,Active
Q9FFL5,UniProtKB/TrEMBL,1.0,Active
A0A178UFK5,UniProtKB/TrEMBL,1.0,Active
A0A178VHI0,UniProtKB/TrEMBL,1.0,Active
V9H006,UniProtKB/TrEMBL,1.0,Active
Q8GW86,UniProtKB/TrEMBL,1.0,Active
Q9XIA3,UniProtKB/TrEMBL,1.0,Active
A0A654ES79,UniProtKB/TrEMBL,1.0,Active
Q0WNL8,UniProtKB/TrEMBL,1.0,Active
A0A178VA49,UniProtKB/TrEMBL,1.0,Active
A0A7G2EDA8,UniProtKB/TrEMBL,1.0,Active
A0A178UUV4,UniProtKB/TrEMBL,2.0,Active
Q9LY56,UniProtKB/Swiss-Prot,2.0,Active
B0ZUW1,UniProtKB/TrEMBL,1.0,Active
A0A178WDU7,UniProtKB/TrEMBL,1.0,Active
Q1G3W8,UniProtKB/TrEMBL,1.0,Active
A0A178W3D8,UniProtKB/TrEMBL,1.0,Active
Q9S7L5,UniProtKB/Swiss-Prot,3.0,Active
A2VBP8,UniProtKB/TrEMBL,1.0,Active
B3H649,UniProtKB/TrEMBL,1.0,Active
A0A654FMF7,UniProtKB/TrEMBL,1.0,Active
A0A5S9Y7Y6,UniProtKB/TrEMBL,1.0,Active
Q9SK15,UniProtKB/TrEMBL,1.0,Active
A0A0B4UL43,UniProtKB/TrEMBL,1.0,Active
A0A5S9X4K4,UniProtKB/TrEMBL,1.0,Active
Q9ASY8,UniProtKB/Swiss-Prot,3.0,Active
Q84WN4,UniProtKB/TrEMBL,1.0,Active
Q56ZJ7,UniProtKB/TrEMBL,1.0,Active
A0A178V8N8,UniProtKB/TrEMBL,1.0,Active
A0A1P8AQN6,UniProtKB/TrEMBL,1.0,Active
A0A7G2E540,UniProtKB/TrEMBL,1.0,Active
A8MRP4,UniProtKB/Swiss-Prot,2.0,Active
A0A654FMB8,UniProtKB/TrEMBL,1.0,Active
A0A178WCH9,UniProtKB/TrEMBL,1.0,Active
F4IKD6,UniProtKB/TrEMBL,1.0,Active
A0A178WJP7,UniProtKB/TrEMBL,1.0,Active
A0A5S9XIU1,UniProtKB/TrEMBL,1.0,Active
A0A7G2DZ35,UniProtKB/TrEMBL,1.0,Active
Q9SVH1,UniProtKB/TrEMBL,1.0,Active
O22165,UniProtKB/Swiss-Prot,3.0,Active
F4J9Y1,UniProtKB/TrEMBL,1.0,Active
Q8S8P7,UniProtKB/Swiss-Prot,2.0,Active
Q5XVG5,UniProtKB/TrEMBL,1.0,Active
A0A178WNI4,UniProtKB/TrEMBL,2.0,Active
Q56WP7,UniProtKB/TrEMBL,2.0,Active
A0A178V9W1,UniProtKB/TrEMBL,1.0,Active
A0A7G2FIJ8,UniProtKB/TrEMBL,1.0,Active
A0A5S9XH30,UniProtKB/TrEMBL,1.0,Active
A0A7G2DQ52,UniProtKB/TrEMBL,1.0,Active
A0A178UDW5,UniProtKB/TrEMBL,1.0,Active
A0A178UWQ0,UniProtKB/TrEMBL,1.0,Active
A0A178UL96,UniProtKB/TrEMBL,1.0,Active
Q56YZ9,UniProtKB/TrEMBL,1.0,Active
A0A178WC47,UniProtKB/TrEMBL,1.0,Active
A0A178WLG3,UniProtKB/TrEMBL,1.0,Active
Q3ZVC8,UniProtKB/TrEMBL,1.0,Active
A0A178VQW2,UniProtKB/TrEMBL,1.0,Active
Q9SY48,UniProtKB/TrEMBL,1.0,Active
A0A178UGC3,UniProtKB/TrEMBL,1.0,Active
F4K7A8,UniProtKB/TrEMBL,1.0,Active
A0A654FDH4,UniProtKB/TrEMBL,1.0,Active
A0A5S9WNT4,UniProtKB/TrEMBL,1.0,Active
A0A178VAN9,UniProtKB/TrEMBL,1.0,Active
Q9LNL8,UniProtKB/TrEMBL,1.0,Active
A0A178WC60,UniProtKB/TrEMBL,1.0,Active
A0A5S9XZQ9,UniProtKB/TrEMBL,1.0,Active
A0A1I9LQY0,UniProtKB/TrEMBL,1.0,Active
Q56ZJ5,UniProtKB/TrEMBL,1.0,Active
A0A178VAI4,UniProtKB/TrEMBL,1.0,Active
A0A178UE52,UniProtKB/TrEMBL,1.0,Active
A0A178VZ41,UniProtKB/TrEMBL,1.0,Active
A0A7G2ESU1,UniProtKB/TrEMBL,1.0,Active
Q9LHB6,UniProtKB/TrEMBL,1.0,Active
A0A5S9X625,UniProtKB/TrEMBL,1.0,Active
C0Z309,UniProtKB/TrEMBL,1.0,Active
A0A5S9WXS5,UniProtKB/TrEMBL,1.0,Active
Q9SMS2,UniProtKB/TrEMBL,1.0,Active
B3H6U1,UniProtKB/TrEMBL,1.0,Active
A0A178V3N1,UniProtKB/TrEMBL,1.0,Active
A0A5S9XQ75,UniProtKB/TrEMBL,1.0,Active
A0A178V9M9,UniProtKB/TrEMBL,1.0,Active
A0A178UFD5,UniProtKB/TrEMBL,1.0,Active
A0A178V5S9,UniProtKB/TrEMBL,1.0,Active
A0A178W3H9,UniProtKB/TrEMBL,1.0,Active
A0A178UE75,UniProtKB/TrEMBL,1.0,Active
A0A178UAW7,UniProtKB/TrEMBL,1.0,Active
Q9C9B5,UniProtKB/TrEMBL,1.0,Active
O64867,UniProtKB/TrEMBL,2.0,Active
E1A9B0,UniProtKB/TrEMBL,1.0,Active
A0A7G2E5T9,UniProtKB/TrEMBL,1.0,Active
O64544,UniProtKB/TrEMBL,1.0,Active
A0A7G2EWC0,UniProtKB/TrEMBL,1.0,Active
Q9ZVW3,UniProtKB/TrEMBL,1.0,Active
A0A178VER3,UniProtKB/TrEMBL,2.0,Active
A0A178UVV8,UniProtKB/TrEMBL,1.0,Active
A0A654FIF7,UniProtKB/TrEMBL,1.0,Active
A8MR74,UniProtKB/TrEMBL,2.0,Active
A0A7G2DXQ3,UniProtKB/TrEMBL,1.0,Active
A0A178UNV4,UniProtKB/TrEMBL,1.0,Active
Q9C8D6,UniProtKB/Swiss-Prot,2.0,Active
A0A5S9XQ91,UniProtKB/TrEMBL,1.0,Active
A0A178WE37,UniProtKB/TrEMBL,2.0,Active
P56794,UniProtKB/Swiss-Prot,3.0,Active
A0A7G2E6S0,UniProtKB/TrEMBL,2.0,Active
A0A7G2EQP7,UniProtKB/TrEMBL,1.0,Active
A0A7G2DN53,UniProtKB/TrEMBL,1.0,Active
Q9C9P5,UniProtKB/TrEMBL,1.0,Active
A8MSE7,UniProtKB/TrEMBL,1.0,Active
A0A178UHP2,UniProtKB/TrEMBL,1.0,Active
A0A384KZ45,UniProtKB/TrEMBL,1.0,Active
A0A178UTL1,UniProtKB/TrEMBL,1.0,Active
A0A654ETX2,UniProtKB/TrEMBL,1.0,Active
A0A7G2E4N3,UniProtKB/TrEMBL,1.0,Active
A0A178U704,UniProtKB/TrEMBL,1.0,Active
A0A178WEJ7,UniProtKB/TrEMBL,1.0,Active
A0A178VQK4,UniProtKB/TrEMBL,1.0,Active
A0A7G2EXM7,UniProtKB/TrEMBL,1.0,Active
A0A178UWP9,UniProtKB/TrEMBL,1.0,Active
A0A178UM84,UniProtKB/TrEMBL,1.0,Active
Q9SKN3,UniProtKB/Swiss-Prot,2.0,Active
A0A178VVV4,UniProtKB/TrEMBL,1.0,Active
A0A178VHF5,UniProtKB/TrEMBL,1.0,Active
Q570F4,UniProtKB/TrEMBL,1.0,Active
A0A178W9Z5,UniProtKB/TrEMBL,1.0,Active
Q56Z06,UniProtKB/TrEMBL,1.0,Active
A0A178WJS8,UniProtKB/TrEMBL,1.0,Active
A0A5S9WKI6,UniProtKB/TrEMBL,1.0,Active
Q5Q0A0,UniProtKB/TrEMBL,1.0,Active
A0A5S9YBF9,UniProtKB/TrEMBL,1.0,Active
A0A5S9XA77,UniProtKB/TrEMBL,1.0,Active
C0Z2S0,UniProtKB/TrEMBL,1.0,Active
A0A7G2ERA1,UniProtKB/TrEMBL,1.0,Active
A0A178VRS8,UniProtKB/TrEMBL,1.0,Active
Q9C8X3,UniProtKB/TrEMBL,1.0,Active
Q9FMG6,UniProtKB/TrEMBL,2.0,Active
Q8H779,UniProtKB/TrEMBL,1.0,Active
A0A5S9Y7F6,UniProtKB/TrEMBL,2.0,Active
A0A7G2FDB6,UniProtKB/TrEMBL,1.0,Active
A0A178UDQ0,UniProtKB/TrEMBL,1.0,Active
A0A1I9LRG5,UniProtKB/TrEMBL,1.0,Active
A0A178UVT0,UniProtKB/TrEMBL,1.0,Active
A0A178VPY9,UniProtKB/TrEMBL,1.0,Active
A0A178US78,UniProtKB/TrEMBL,1.0,Active
A0A178VTG2,UniProtKB/TrEMBL,1.0,Active
Q9LW04,UniProtKB/TrEMBL,1.0,Active
A0A178UEY5,UniProtKB/TrEMBL,1.0,Active
Q9XIL6,UniProtKB/TrEMBL,1.0,Active
Q56Y07,UniProtKB/TrEMBL,1.0,Active
Q8GY70,UniProtKB/TrEMBL,1.0,Active
B3H4H5,UniProtKB/TrEMBL,1.0,Active
A0A178W4Q2,UniProtKB/TrEMBL,1.0,Active
A0A178VW74,UniProtKB/TrEMBL,1.0,Active
A0A1P8AQF0,UniProtKB/TrEMBL,1.0,Active
Q570J3,UniProtKB/TrEMBL,1.0,Active
A0A178V433,UniProtKB/TrEMBL,1.0,Active
A0A178W745,UniProtKB/TrEMBL,1.0,Active
P93290,UniProtKB/Swiss-Prot,1.0,Active
Q9LS44,UniProtKB/Swiss-Prot,2.0,Active
Q570Q7,UniProtKB/TrEMBL,1.0,Active
A0A178VTB2,UniProtKB/TrEMBL,1.0,Active
A0A1P8AQ86,UniProtKB/TrEMBL,1.0,Active
A0A178UFE3,UniProtKB/TrEMBL,1.0,Active
Q9LYG1,UniProtKB/Swiss-Prot,2.0,Active
Q56WQ5,UniProtKB/TrEMBL,1.0,Active
A0A384KDK5,UniProtKB/TrEMBL,1.0,Active
A0A5S9XPH9,UniProtKB/TrEMBL,1.0,Active
A0A178W2I0,UniProtKB/TrEMBL,1.0,Active
A0A178WBZ4,UniProtKB/TrEMBL,2.0,Active
Q9MBH0,UniProtKB/TrEMBL,1.0,Active
Q84WT6,UniProtKB/TrEMBL,1.0,Active
Q8GY00,UniProtKB/TrEMBL,1.0,Active
Q9SKI3,UniProtKB/TrEMBL,2.0,Active
A0A178V7T7,UniProtKB/TrEMBL,1.0,Active
Q9SKI9,UniProtKB/TrEMBL,1.0,Active
Q8L858,UniProtKB/TrEMBL,1.0,Active
Q9FL14,UniProtKB/TrEMBL,1.0,Active
A0A178UI92,UniProtKB/TrEMBL,1.0,Active
A0A178UKI3,UniProtKB/TrEMBL,2.0,Active
A0A654FD59,UniProtKB/TrEMBL,1.0,Active
Q9SID6,UniProtKB/TrEMBL,1.0,Active
A0A5S9XUR7,UniProtKB/TrEMBL,1.0,Active
A0A5S9XTN1,UniProtKB/TrEMBL,1.0,Active
A0A178W1D5,UniProtKB/TrEMBL,1.0,Active
A0A178V2S7,UniProtKB/TrEMBL,2.0,Active
Q56YI5,UniProtKB/TrEMBL,1.0,Active
A0A1P8B5U2,UniProtKB/TrEMBL,2.0,Active
B3H783,UniProtKB/TrEMBL,1.0,Active
Q84UH8,UniProtKB/TrEMBL,1.0,Active
A0A5S9XR04,UniProtKB/TrEMBL,1.0,Active
A0A178VVL9,UniProtKB/TrEMBL,1.0,Active
B3H6N3,UniProtKB/TrEMBL,2.0,Active
A0A7G2E4F7,UniProtKB/TrEMBL,1.0,Active
A0A384K9E8,UniProtKB/TrEMBL,2.0,Active
A0A384LJG1,UniProtKB/TrEMBL,1.0,Active
A0A654EKU2,UniProtKB/TrEMBL,1.0,Active
A0A178VZT2,UniProtKB/TrEMBL,1.0,Active
A0MFM4,UniProtKB/TrEMBL,1.0,Active
Q645J1,UniProtKB/TrEMBL,1.0,Active
A0A5S9XH41,UniProtKB/TrEMBL,1.0,Active
A0A5S9WGM4,UniProtKB/TrEMBL,1.0,Active
A8MR08,UniProtKB/TrEMBL,1.0,Active
Q9ZV24,UniProtKB/Swiss-Prot,5.0,Active
A0A178WK07,UniProtKB/TrEMBL,1.0,Active
F4JRD3,UniProtKB/TrEMBL,2.0,Active
B6VG96,UniProtKB/TrEMBL,1.0,Active
A0MJX1,UniProtKB/TrEMBL,1.0,Active
Q8L7J1,UniProtKB/TrEMBL,1.0,Active
F4JF10,UniProtKB/TrEMBL,2.0,Active
A0A7G2EX70,UniProtKB/TrEMBL,2.0,Active
A0A654EXP1,UniProtKB/TrEMBL,1.0,Active
A0A7G2DZK9,UniProtKB/TrEMBL,2.0,Active
A0A1P8B6A7,UniProtKB/TrEMBL,1.0,Active
Q3E7T9,UniProtKB/TrEMBL,1.0,Active
A0A178WH19,UniProtKB/TrEMBL,1.0,Active
B3H6L3,UniProtKB/TrEMBL,1.0,Active
Q9LXV1,UniProtKB/TrEMBL,1.0,Active
A0A178WMZ6,UniProtKB/TrEMBL,1.0,Active
A0A178UCS6,UniProtKB/TrEMBL,1.0,Active
Q6NM08,UniProtKB/TrEMBL,1.0,Active
A0A1P8AQ75,UniProtKB/TrEMBL,1.0,Active
A0A1P8B3J8,UniProtKB/TrEMBL,1.0,Active
A0MFM5,UniProtKB/TrEMBL,1.0,Active
Q9XI46,UniProtKB/Swiss-Prot,5.0,Active
A0A384L5J3,UniProtKB/TrEMBL,1.0,Active
Q84JT6,UniProtKB/Swiss-Prot,4.0,Active
F4IEX1,UniProtKB/TrEMBL,2.0,Active
A0A178WN18,UniProtKB/TrEMBL,2.0,Active
A0A178UP01,UniProtKB/TrEMBL,1.0,Active
A0A178UF51,UniProtKB/TrEMBL,2.0,Active
A0A5S9VL93,UniProtKB/TrEMBL,1.0,Active
A0A7G2DZH1,UniProtKB/TrEMBL,1.0,Active
A0A178VI86,UniProtKB/TrEMBL,1.0,Active
A0A1P8ANQ3,UniProtKB/TrEMBL,1.0,Active
A0A7G2ENS1,UniProtKB/TrEMBL,1.0,Active
A0A7G2EGN8,UniProtKB/TrEMBL,1.0,Active
Q4VNZ6,UniProtKB/Swiss-Prot,2.0,Active
A0A178W624,UniProtKB/TrEMBL,1.0,Active
C4B8C4,UniProtKB/Swiss-Prot,2.0,Active
A0A178VHV6,UniProtKB/TrEMBL,1.0,Active
A0A178WML6,UniProtKB/TrEMBL,1.0,Active
Q9FPI3,UniProtKB/TrEMBL,2.0,Active
A0A1I9LM80,UniProtKB/TrEMBL,1.0,Active
Q9ZT16,UniProtKB/Swiss-Prot,4.0,Active
A5YWV3,UniProtKB/TrEMBL,1.0,Active
Q94AU5,UniProtKB/TrEMBL,1.0,Active
Q8GXX0,UniProtKB/Swiss-Prot,5.0,Active
A0A178UQ87,UniProtKB/TrEMBL,1.0,Active
A0A178VW97,UniProtKB/TrEMBL,2.0,Active
A0A654FV85,UniProtKB/TrEMBL,1.0,Active
A0A1I9LN08,UniProtKB/TrEMBL,1.0,Active
A0A7G2DYM8,UniProtKB/TrEMBL,2.0,Active
A0A178UMH9,UniProtKB/TrEMBL,1.0,Active
A0A178WIH9,UniProtKB/TrEMBL,1.0,Active
A0A178W819,UniProtKB/TrEMBL,1.0,Active
A0A654E714,UniProtKB/TrEMBL,1.0,Active
A0A384LJL1,UniProtKB/TrEMBL,1.0,Active
A0A654EHC0,UniProtKB/TrEMBL,1.0,Active
A0A7G2E7M7,UniProtKB/TrEMBL,1.0,Active
F4I7G8,UniProtKB/TrEMBL,2.0,Active
F4I1B8,UniProtKB/TrEMBL,1.0,Active
A0A654FME3,UniProtKB/TrEMBL,1.0,Active
A0A178VH41,UniProtKB/TrEMBL,1.0,Active
A0A1P8B1K4,UniProtKB/TrEMBL,2.0,Active
A0A1P8ANT6,UniProtKB/TrEMBL,1.0,Active
Q9C871,UniProtKB/TrEMBL,1.0,Active
A0A7G2EYC0,UniProtKB/TrEMBL,1.0,Active
A0A5S9WL87,UniProtKB/TrEMBL,1.0,Active
A0A178UKS2,UniProtKB/TrEMBL,1.0,Active
A0A178WKQ3,UniProtKB/TrEMBL,1.0,Active
Q9SKJ1,UniProtKB/TrEMBL,1.0,Active
A0A178WLV0,UniProtKB/TrEMBL,1.0,Active
A0A7G2E7N5,UniProtKB/TrEMBL,1.0,Active
A0A384LGM1,UniProtKB/TrEMBL,1.0,Active
A0A178UBF3,UniProtKB/TrEMBL,1.0,Active
A0A1P8ANV6,UniProtKB/TrEMBL,1.0,Active
A0A178VSY2,UniProtKB/TrEMBL,1.0,Active
Q9LRX9,UniProtKB/TrEMBL,1.0,Active
Q9SAB8,UniProtKB/TrEMBL,1.0,Active
Q2V3K2,UniProtKB/Swiss-Prot,2.0,Active
Q3E8I4,UniProtKB/TrEMBL,1.0,Active
Q2V463,UniProtKB/TrEMBL,1.0,Active
A0A178UXG7,UniProtKB/TrEMBL,1.0,Active
A0A7G2E7Q4,UniProtKB/TrEMBL,2.0,Active
A0A1P8B9Q2,UniProtKB/TrEMBL,1.0,Active
A0A178WKL1,UniProtKB/TrEMBL,1.0,Active
A0A7G2ELZ6,UniProtKB/TrEMBL,1.0,Active
A0A5S9X9S2,UniProtKB/TrEMBL,1.0,Active
A0A5S9YC56,UniProtKB/TrEMBL,1.0,Active
A0A5S9WNC1,UniProtKB/TrEMBL,1.0,Active
Q9FNZ4,UniProtKB/Swiss-Prot,5.0,Active
Q5Q0B7,UniProtKB/TrEMBL,1.0,Active
A0A178UPH5,UniProtKB/TrEMBL,1.0,Active
A0A2H1ZE72,UniProtKB/TrEMBL,1.0,Active
A0A178W597,UniProtKB/TrEMBL,1.0,Active
A0A178UXF4,UniProtKB/TrEMBL,1.0,Active
A0A7G2FMA5,UniProtKB/TrEMBL,1.0,Active
Q2V441,UniProtKB/TrEMBL,1.0,Active
A0A178W6N6,UniProtKB/TrEMBL,1.0,Active
Q9SHA0,UniProtKB/TrEMBL,1.0,Active
A0A178WNS5,UniProtKB/TrEMBL,1.0,Active
A0A178V509,UniProtKB/TrEMBL,1.0,Active
Q3ECR8,UniProtKB/TrEMBL,1.0,Active
A0A178WIR6,UniProtKB/TrEMBL,1.0,Active
A0A178W9P6,UniProtKB/TrEMBL,1.0,Active
A0A1B1W4Y0,UniProtKB/TrEMBL,2.0,Active
A0A178W6H5,UniProtKB/TrEMBL,1.0,Active
Q94FQ6,UniProtKB/TrEMBL,2.0,Active
A0A384LHC3,UniProtKB/TrEMBL,1.0,Active
Q0WLW3,UniProtKB/TrEMBL,1.0,Active
A0A384KCV4,UniProtKB/TrEMBL,1.0,Active
A0A178VDX9,UniProtKB/TrEMBL,1.0,Active
A0A178VFB3,UniProtKB/TrEMBL,1.0,Active
A0A5S9SG48,UniProtKB/TrEMBL,1.0,Active
Q8L9M7,UniProtKB/TrEMBL,1.0,Active
Q9FRS9,UniProtKB/TrEMBL,1.0,Active
A0A5S9Y8T7,UniProtKB/TrEMBL,1.0,Active
Q84W72,UniProtKB/TrEMBL,1.0,Active
A0A5S9YAG3,UniProtKB/TrEMBL,1.0,Active
A0A384LHE6,UniProtKB/TrEMBL,1.0,Active
A0A7G2EV76,UniProtKB/TrEMBL,1.0,Active
A0A178VP07,UniProtKB/TrEMBL,1.0,Active
Q9SIP4,UniProtKB/TrEMBL,1.0,Active
A0A7G2F6X1,UniProtKB/TrEMBL,1.0,Active
Q3E8Z9,UniProtKB/TrEMBL,1.0,Active
A0A178WJY6,UniProtKB/TrEMBL,1.0,Active
A0A1P8AUK0,UniProtKB/TrEMBL,1.0,Active
Q56ZT5,UniProtKB/TrEMBL,1.0,Active
Q8H1P0,UniProtKB/TrEMBL,1.0,Active
Q8VWQ4,UniProtKB/Swiss-Prot,3.0,Active
A0A5S9WND8,UniProtKB/TrEMBL,1.0,Active
A0A5S9X9L8,UniProtKB/TrEMBL,1.0,Active
A0A178U9W3,UniProtKB/TrEMBL,1.0,Active
A0A178UWU5,UniProtKB/TrEMBL,1.0,Active
A0A178WAB2,UniProtKB/TrEMBL,1.0,Active
A0A178URB8,UniProtKB/TrEMBL,2.0,Active
Q8GYQ7,UniProtKB/TrEMBL,1.0,Active
B9DG85,UniProtKB/TrEMBL,1.0,Active
A0A178V2C0,UniProtKB/TrEMBL,1.0,Active
A0A1P8ANP8,UniProtKB/TrEMBL,1.0,Active
A0A178U981,UniProtKB/TrEMBL,1.0,Active
A0A654FVJ4,UniProtKB/TrEMBL,2.0,Active
A0A178VIM9,UniProtKB/TrEMBL,2.0,Active
A0A5S9WVV4,UniProtKB/TrEMBL,2.0,Active
A0A178VPN1,UniProtKB/TrEMBL,1.0,Active
A0A7G2EN10,UniProtKB/TrEMBL,1.0,Active
A0A7G2EHC7,UniProtKB/TrEMBL,1.0,Active
Q5BPI1,UniProtKB/TrEMBL,1.0,Active
A0A7G2F551,UniProtKB/TrEMBL,1.0,Active
A0MDN7,UniProtKB/TrEMBL,1.0,Active
B0ZVF3,UniProtKB/TrEMBL,1.0,Active
A0A654EI13,UniProtKB/TrEMBL,1.0,Active
Q56Z28,UniProtKB/TrEMBL,2.0,Active
A0A178W063,UniProtKB/TrEMBL,2.0,Active
A0A178UUL7,UniProtKB/TrEMBL,1.0,Active
F4JP88,UniProtKB/TrEMBL,2.0,Active
C0Z2I4,UniProtKB/TrEMBL,1.0,Active
A8MQN7,UniProtKB/TrEMBL,1.0,Active
A0A178V4A8,UniProtKB/TrEMBL,2.0,Active
A0A178W7Q3,UniProtKB/TrEMBL,1.0,Active
A0A1P8AS82,UniProtKB/TrEMBL,1.0,Active
Q0WLZ8,UniProtKB/TrEMBL,1.0,Active
A0A654FWL7,UniProtKB/TrEMBL,1.0,Active
A0A7G2ET31,UniProtKB/TrEMBL,1.0,Active
A0A178UQR6,UniProtKB/TrEMBL,1.0,Active
A0A178WPH9,UniProtKB/TrEMBL,1.0,Active
A0A178V230,UniProtKB/TrEMBL,1.0,Active
A0A178UFC9,UniProtKB/TrEMBL,2.0,Active
Q9FJ04,UniProtKB/Swiss-Prot,2.0,Active
Q9LP10,UniProtKB/Swiss-Prot,2.0,Active
Q0WRQ2,UniProtKB/TrEMBL,1.0,Active
A0A1P8BDA4,UniProtKB/TrEMBL,1.0,Active
A0A7G2E8P9,UniProtKB/TrEMBL,1.0,Active
A0A7G2E951,UniProtKB/TrEMBL,1.0,Active
A0A5S9XH68,UniProtKB/TrEMBL,1.0,Active
A0A384LFD6,UniProtKB/TrEMBL,1.0,Active
A0A178U9D6,UniProtKB/TrEMBL,1.0,Active
Q84J52,UniProtKB/TrEMBL,2.0,Active
Q0WNB6,UniProtKB/TrEMBL,1.0,Active
A0A178U924,UniProtKB/TrEMBL,1.0,Active
A0A5S9X2D3,UniProtKB/TrEMBL,1.0,Active
A0A178VTR6,UniProtKB/TrEMBL,1.0,Active
A8MS30,UniProtKB/TrEMBL,1.0,Active
A0A1P8B0V0,UniProtKB/TrEMBL,1.0,Active
A0A178VQJ2,UniProtKB/TrEMBL,1.0,Active
P92520,UniProtKB/Swiss-Prot,1.0,Active
A0A178VXI9,UniProtKB/TrEMBL,1.0,Active
A0A7G2EP28,UniProtKB/TrEMBL,1.0,Active
Q6NLE0,UniProtKB/Swiss-Prot,1.0,Active
P93829,UniProtKB/Swiss-Prot,4.0,Active
Q9LN39,UniProtKB/TrEMBL,2.0,Active
Q705L0,UniProtKB/TrEMBL,2.0,Active
A0A7G2DYD2,UniProtKB/TrEMBL,1.0,Active
A0A178WK74,UniProtKB/TrEMBL,1.0,Active
Q7DM37,UniProtKB/TrEMBL,1.0,Active
Q9M0U2,UniProtKB/Swiss-Prot,1.0,Active
Q9C766,UniProtKB/TrEMBL,1.0,Active
B3H5C2,UniProtKB/TrEMBL,1.0,Active
A0A654EG62,UniProtKB/TrEMBL,1.0,Active
A0A178V0I6,UniProtKB/TrEMBL,1.0,Active
A0A178VPV3,UniProtKB/TrEMBL,2.0,Active
A0A5S9XHF2,UniProtKB/TrEMBL,1.0,Active
A0A1P8APJ1,UniProtKB/TrEMBL,1.0,Active
A0A5S9XTG1,UniProtKB/TrEMBL,1.0,Active
Q0WM63,UniProtKB/TrEMBL,1.0,Active
Q45GN4,UniProtKB/TrEMBL,1.0,Active
A0A654EED3,UniProtKB/TrEMBL,1.0,Active
A0A654G9B1,UniProtKB/TrEMBL,1.0,Active
A0A1U9X6V9,UniProtKB/TrEMBL,1.0,Active
A0A7G2EUF2,UniProtKB/TrEMBL,1.0,Active
Q8S8A9,UniProtKB/TrEMBL,1.0,Active
Q9FGC9,UniProtKB/Swiss-Prot,2.0,Active
A0A654G548,UniProtKB/TrEMBL,1.0,Active
A0A5S9XSU9,UniProtKB/TrEMBL,1.0,Active
Q8LBB5,UniProtKB/Swiss-Prot,3.0,Active
A0A7G2E7V7,UniProtKB/TrEMBL,1.0,Active
B9DHN0,UniProtKB/TrEMBL,1.0,Active
A0A7G2EJJ9,UniProtKB/TrEMBL,1.0,Active
A0A7G2EP69,UniProtKB/TrEMBL,1.0,Active
Q9LXF9,UniProtKB/TrEMBL,1.0,Active
Q0WLW5,UniProtKB/TrEMBL,1.0,Active
A0MDR9,UniProtKB/TrEMBL,1.0,Active
A0A1P8BAC5,UniProtKB/TrEMBL,1.0,Active
A0A7G2FDU2,UniProtKB/TrEMBL,1.0,Active
A0A7G2FDD7,UniProtKB/TrEMBL,1.0,Active
A0A7G2FNM3,UniProtKB/TrEMBL,2.0,Active
A0A7G2E514,UniProtKB/TrEMBL,1.0,Active
A0A7G2EPD7,UniProtKB/TrEMBL,1.0,Active
F4I0M0,UniProtKB/TrEMBL,1.0,Active
A0A5S9XPK7,UniProtKB/TrEMBL,1.0,Active
A0A178V780,UniProtKB/TrEMBL,1.0,Active
Q9LVV8,UniProtKB/TrEMBL,1.0,Active
A0A5S9WUA9,UniProtKB/TrEMBL,2.0,Active
Q9LJ40,UniProtKB/TrEMBL,1.0,Active
A0A178UM91,UniProtKB/TrEMBL,1.0,Active
O49643,UniProtKB/TrEMBL,1.0,Active
Q1G385,UniProtKB/TrEMBL,1.0,Active
A0A384KX99,UniProtKB/TrEMBL,1.0,Active
A0MFJ7,UniProtKB/TrEMBL,1.0,Active
B3H428,UniProtKB/TrEMBL,1.0,Active
Q56ZW2,UniProtKB/TrEMBL,2.0,Active
Q9SS61,UniProtKB/TrEMBL,1.0,Active
A0MEZ6,UniProtKB/TrEMBL,1.0,Active
A0A178UYL9,UniProtKB/TrEMBL,1.0,Active
A0A178UTQ7,UniProtKB/TrEMBL,1.0,Active
A0A178UKK0,UniProtKB/TrEMBL,1.0,Active
A0A178UCX8,UniProtKB/TrEMBL,1.0,Active
A0A7G2E0G9,UniProtKB/TrEMBL,1.0,Active
A0A178UZP7,UniProtKB/TrEMBL,1.0,Active
A0A178V9E9,UniProtKB/TrEMBL,1.0,Active
A0A5S9XS69,UniProtKB/TrEMBL,1.0,Active
Q9M7W7,UniProtKB/TrEMBL,1.0,Active
A0A5S9XQA5,UniProtKB/TrEMBL,1.0,Active
A0A5S9YE64,UniProtKB/TrEMBL,1.0,Active
Q8H7H3,UniProtKB/TrEMBL,2.0,Active
A0A1R7T3A7,UniProtKB/TrEMBL,1.0,Active
A0A178UG99,UniProtKB/TrEMBL,1.0,Active
A0A5S9W3U9,UniProtKB/TrEMBL,1.0,Active
Q9SGR8,UniProtKB/TrEMBL,1.0,Active
A0A178V1T2,UniProtKB/TrEMBL,1.0,Active
A0A178UVZ9,UniProtKB/TrEMBL,1.0,Active
A0A5S9WXS2,UniProtKB/TrEMBL,1.0,Active
Q9ZUG0,UniProtKB/TrEMBL,1.0,Active
A0A178W0V6,UniProtKB/TrEMBL,1.0,Active
A0A5S9XX12,UniProtKB/TrEMBL,1.0,Active
A0A7G2ETR2,UniProtKB/TrEMBL,1.0,Active
A0A178WEN3,UniProtKB/TrEMBL,1.0,Active
A0MDY2,UniProtKB/TrEMBL,1.0,Active
O81063,UniProtKB/TrEMBL,1.0,Active
A0A7G2DXZ3,UniProtKB/TrEMBL,1.0,Active
A0A5S9XSR9,UniProtKB/TrEMBL,1.0,Active
Q9ZUX5,UniProtKB/TrEMBL,1.0,Active
A0A178UXF6,UniProtKB/TrEMBL,1.0,Active
A0A178VV95,UniProtKB/TrEMBL,1.0,Active
Q9LJB1,UniProtKB/TrEMBL,1.0,Active
A0A7G2E7U0,UniProtKB/TrEMBL,1.0,Active
Q9FXB0,UniProtKB/TrEMBL,2.0,Active
Q9FXX2,UniProtKB/TrEMBL,1.0,Active
A0A7G2E3E9,UniProtKB/TrEMBL,1.0,Active
Q0WTE2,UniProtKB/TrEMBL,1.0,Active
A0A178UIS6,UniProtKB/TrEMBL,2.0,Active
A0A178WDK7,UniProtKB/TrEMBL,1.0,Active
A0A178UCN7,UniProtKB/TrEMBL,1.0,Active
A0A178VL55,UniProtKB/TrEMBL,1.0,Active
A0A178UUW8,UniProtKB/TrEMBL,2.0,Active
A0A654EWJ0,UniProtKB/TrEMBL,1.0,Active
A0A178WCV4,UniProtKB/TrEMBL,1.0,Active
Q9M2M2,UniProtKB/TrEMBL,1.0,Active
A0A178U6T1,UniProtKB/TrEMBL,1.0,Active
A0A178VLH9,UniProtKB/TrEMBL,1.0,Active
A0A384LFM4,UniProtKB/TrEMBL,1.0,Active
Q9XF92,UniProtKB/Swiss-Prot,4.0,Active
A0A654FVD9,UniProtKB/TrEMBL,1.0,Active
A0A7G2EAL6,UniProtKB/TrEMBL,2.0,Active
A0A178V532,UniProtKB/TrEMBL,1.0,Active
A0A178UTR4,UniProtKB/TrEMBL,1.0,Active
A0A7G2E6H8,UniProtKB/TrEMBL,1.0,Active
A0A7G2EWI2,UniProtKB/TrEMBL,1.0,Active
Q9ZUG5,UniProtKB/TrEMBL,1.0,Active
A0A654EGN2,UniProtKB/TrEMBL,1.0,Active
A0A7G2FD03,UniProtKB/TrEMBL,1.0,Active
A0A178VZK2,UniProtKB/TrEMBL,1.0,Active
Q4VNZ5,UniProtKB/Swiss-Prot,2.0,Active
A0A178W0D1,UniProtKB/TrEMBL,1.0,Active
A0A178VTZ7,UniProtKB/TrEMBL,1.0,Active
A0A178WB48,UniProtKB/TrEMBL,1.0,Active
A0A178WM09,UniProtKB/TrEMBL,1.0,Active
A0A1P8BA62,UniProtKB/TrEMBL,2.0,Active
A0A178W808,UniProtKB/TrEMBL,1.0,Active
A0A178UGN4,UniProtKB/TrEMBL,1.0,Active
A0A178VA22,UniProtKB/TrEMBL,1.0,Active
Q9LW65,UniProtKB/TrEMBL,1.0,Active
A0A7G2ETP8,UniProtKB/TrEMBL,1.0,Active
A0A178UAB1,UniProtKB/TrEMBL,1.0,Active
A0A178UZR0,UniProtKB/TrEMBL,1.0,Active
A0A178WF50,UniProtKB/TrEMBL,1.0,Active
A0A178VMA6,UniProtKB/TrEMBL,1.0,Active
A0MF58,UniProtKB/TrEMBL,1.0,Active
A0A2H1ZEF4,UniProtKB/TrEMBL,2.0,Active
F4IZD3,UniProtKB/TrEMBL,1.0,Active
A0A178UVG6,UniProtKB/TrEMBL,2.0,Active
A0MDK9,UniProtKB/TrEMBL,1.0,Active
Q9SAL1,UniProtKB/TrEMBL,1.0,Active
Q56WV5,UniProtKB/TrEMBL,1.0,Active
A0A654F5R3,UniProtKB/TrEMBL,1.0,Active
A0A5S9XGJ5,UniProtKB/TrEMBL,1.0,Active
Q56ZX5,UniProtKB/TrEMBL,1.0,Active
O65262,UniProtKB/TrEMBL,1.0,Active
A0A5S9WM23,UniProtKB/TrEMBL,1.0,Active
A0A178WLL4,UniProtKB/TrEMBL,1.0,Active
C0SVM5,UniProtKB/Swiss-Prot,5.0,Active
A0A1P8B2G5,UniProtKB/TrEMBL,1.0,Active
A0A178WJD7,UniProtKB/TrEMBL,1.0,Active
A0A178WMM0,UniProtKB/TrEMBL,1.0,Active
A0A178VRT5,UniProtKB/TrEMBL,1.0,Active
Q2V309,UniProtKB/Swiss-Prot,2.0,Active
A0A178W7A0,UniProtKB/TrEMBL,1.0,Active
A0A178UV99,UniProtKB/TrEMBL,1.0,Active
A0A178WJK5,UniProtKB/TrEMBL,1.0,Active
D9UBI3,UniProtKB/Swiss-Prot,2.0,Active
Q0WLS9,UniProtKB/TrEMBL,1.0,Active
A0A384LQF8,UniProtKB/TrEMBL,1.0,Active
B3H5H2,UniProtKB/TrEMBL,1.0,Active
A0A7G2DVP0,UniProtKB/TrEMBL,1.0,Active
A0A178W372,UniProtKB/TrEMBL,1.0,Active
Q9S9W7,UniProtKB/TrEMBL,1.0,Active
A0A384LLH7,UniProtKB/TrEMBL,1.0,Active
O65432,UniProtKB/TrEMBL,1.0,Active
A0A5S9Y9Y8,UniProtKB/TrEMBL,1.0,Active
B3H5W9,UniProtKB/TrEMBL,1.0,Active
Q9SDY5,UniProtKB/Swiss-Prot,5.0,Active
Q9SFV0,UniProtKB/TrEMBL,2.0,Active
A0A384KAZ4,UniProtKB/TrEMBL,1.0,Active
B3H5W3,UniProtKB/TrEMBL,1.0,Active
A0A7G2EAW5,UniProtKB/TrEMBL,1.0,Active
Q9FT46,UniProtKB/TrEMBL,1.0,Active
Q56WB3,UniProtKB/TrEMBL,1.0,Active
O22259,UniProtKB/Swiss-Prot,5.0,Active
A0A178USC4,UniProtKB/TrEMBL,1.0,Active
A0A178VES4,UniProtKB/TrEMBL,2.0,Active
Q8LG39,UniProtKB/TrEMBL,1.0,Active
A0A178W735,UniProtKB/TrEMBL,1.0,Active
Q94JX5,UniProtKB/Swiss-Prot,4.0,Active
Q6DBB9,UniProtKB/TrEMBL,1.0,Active
A0A7G2F6G8,UniProtKB/TrEMBL,1.0,Active
O82198,UniProtKB/Swiss-Prot,2.0,Active
Q9FJS7,UniProtKB/TrEMBL,1.0,Active
A0A178VEZ8,UniProtKB/TrEMBL,1.0,Active
Q9LH05,UniProtKB/TrEMBL,1.0,Active
A0A7G2E3V3,UniProtKB/TrEMBL,1.0,Active
A0A178VEM4,UniProtKB/TrEMBL,1.0,Active
Q9C8P3,UniProtKB/TrEMBL,1.0,Active
F4HW05,UniProtKB/TrEMBL,1.0,Active
A0A7G2DR87,UniProtKB/TrEMBL,2.0,Active
A0A654GEJ3,UniProtKB/TrEMBL,1.0,Active
A0A5S9XDB7,UniProtKB/TrEMBL,1.0,Active
A0A654EU40,UniProtKB/TrEMBL,1.0,Active
A0A7G2DXC4,UniProtKB/TrEMBL,1.0,Active
A0A178V730,UniProtKB/TrEMBL,1.0,Active
A0A654GD46,UniProtKB/TrEMBL,2.0,Active
Q0WMI0,UniProtKB/TrEMBL,1.0,Active
A0A654ETC0,UniProtKB/TrEMBL,1.0,Active
A0A178UZU0,UniProtKB/TrEMBL,1.0,Active
A0A5S9WLF1,UniProtKB/TrEMBL,1.0,Active
A0A654G317,UniProtKB/TrEMBL,1.0,Active
A0A178V9F8,UniProtKB/TrEMBL,1.0,Active
A0MFS3,UniProtKB/TrEMBL,1.0,Active
C7FBY8,UniProtKB/TrEMBL,1.0,Active
A0A178WNR0,UniProtKB/TrEMBL,1.0,Active
A0A178WN29,UniProtKB/TrEMBL,1.0,Active
B0LQ56,UniProtKB/TrEMBL,1.0,Active
B7ZEI2,UniProtKB/TrEMBL,2.0,Active
A0A7G2EZL7,UniProtKB/TrEMBL,1.0,Active
A0A7G2E1L3,UniProtKB/TrEMBL,1.0,Active
A0A178V5A7,UniProtKB/TrEMBL,1.0,Active
A0A514YJ21,UniProtKB/TrEMBL,2.0,Active
A8MQP4,UniProtKB/TrEMBL,2.0,Active
A0A7G2E848,UniProtKB/TrEMBL,1.0,Active
A0A654EKU8,UniProtKB/TrEMBL,1.0,Active
A0A7G2E2H9,UniProtKB/TrEMBL,1.0,Active
A0A178U9T0,UniProtKB/Swiss-Prot,3.0,Active
A0A178WHY4,UniProtKB/TrEMBL,1.0,Active
A0A7G2DTJ5,UniProtKB/TrEMBL,1.0,Active
Q6E237,UniProtKB/TrEMBL,1.0,Active
F4JW68,UniProtKB/Swiss-Prot,4.0,Active
Q56ZS6,UniProtKB/TrEMBL,1.0,Active
Q0WRA3,UniProtKB/TrEMBL,2.0,Active
A0A1U9X739,UniProtKB/TrEMBL,1.0,Active
A0A7G2EVE3,UniProtKB/TrEMBL,1.0,Active
Q9LH37,UniProtKB/TrEMBL,1.0,Active
Q56ZM8,UniProtKB/TrEMBL,1.0,Active
Q38994,UniProtKB/TrEMBL,1.0,Active
A0A178UEQ9,UniProtKB/TrEMBL,1.0,Active
Q9C500,UniProtKB/Swiss-Prot,4.0,Active
A0A178UA75,UniProtKB/TrEMBL,1.0,Active
A0A384L9P5,UniProtKB/TrEMBL,1.0,Active
A0A178VMN3,UniProtKB/TrEMBL,1.0,Active
A0A178VWM4,UniProtKB/TrEMBL,2.0,Active
O82179,UniProtKB/Swiss-Prot,3.0,Active
A0A7G2E338,UniProtKB/TrEMBL,1.0,Active
A0A178WN47,UniProtKB/TrEMBL,1.0,Active
Q940P0,UniProtKB/TrEMBL,1.0,Active
A0A1P8BFA1,UniProtKB/TrEMBL,1.0,Active
A0A178URT2,UniProtKB/TrEMBL,1.0,Active
Q8LC33,UniProtKB/TrEMBL,1.0,Active
A0A178WBM8,UniProtKB/TrEMBL,1.0,Active
Q9XGZ3,UniProtKB/TrEMBL,1.0,Active
A0A178W1I8,UniProtKB/TrEMBL,1.0,Active
A0A178WHW5,UniProtKB/TrEMBL,1.0,Active
A0A1I9LSR0,UniProtKB/TrEMBL,1.0,Active
A0A5S9XKA3,UniProtKB/TrEMBL,2.0,Active
A0A178W9C0,UniProtKB/TrEMBL,1.0,Active
Q0WNN3,UniProtKB/TrEMBL,1.0,Active
A0A5S9XVW9,UniProtKB/TrEMBL,1.0,Active
Q7FYS7,UniProtKB/TrEMBL,1.0,Active
A0A178VTI9,UniProtKB/TrEMBL,1.0,Active
Q9SIH8,UniProtKB/TrEMBL,1.0,Active
A0A178V4H6,UniProtKB/TrEMBL,2.0,Active
A0A178VTK7,UniProtKB/TrEMBL,1.0,Active
P93293,UniProtKB/Swiss-Prot,1.0,Active
Q8H7C7,UniProtKB/TrEMBL,1.0,Active
A0A178U7V8,UniProtKB/TrEMBL,1.0,Active
A0A178UZF3,UniProtKB/TrEMBL,1.0,Active
A0A654EJY7,UniProtKB/TrEMBL,1.0,Active
A0A5S9XR37,UniProtKB/TrEMBL,1.0,Active
A0A7G2EEH3,UniProtKB/TrEMBL,1.0,Active
B9DHR8,UniProtKB/TrEMBL,1.0,Active
A0A5S9WZT5,UniProtKB/TrEMBL,1.0,Active
A0A654F8F4,UniProtKB/TrEMBL,1.0,Active
Q9ZPG2,UniProtKB/TrEMBL,1.0,Active
B3H6I0,UniProtKB/TrEMBL,1.0,Active
Q1G3Y4,UniProtKB/Swiss-Prot,2.0,Active
A0A178UVH8,UniProtKB/TrEMBL,1.0,Active
A0A178WGZ7,UniProtKB/TrEMBL,1.0,Active
O64426,UniProtKB/TrEMBL,1.0,Active
Q147J7,UniProtKB/TrEMBL,2.0,Active
A0A178VTQ0,UniProtKB/TrEMBL,1.0,Active
A0A654F4V7,UniProtKB/TrEMBL,2.0,Active
A0A178VN29,UniProtKB/TrEMBL,1.0,Active
A0A178UJM7,UniProtKB/TrEMBL,2.0,Active
Q9ZVP6,UniProtKB/TrEMBL,1.0,Active
A0A384K9B1,UniProtKB/TrEMBL,2.0,Active
Q0WVX6,UniProtKB/TrEMBL,1.0,Active
Q8GY72,UniProtKB/TrEMBL,1.0,Active
A0A654G767,UniProtKB/TrEMBL,1.0,Active
A0A5S9Y675,UniProtKB/TrEMBL,1.0,Active
O23830,UniProtKB/TrEMBL,1.0,Active
Q42597,UniProtKB/Swiss-Prot,3.0,Active
A0A178VSW6,UniProtKB/TrEMBL,1.0,Active
Q8W481,UniProtKB/TrEMBL,1.0,Active
A0A178VQN2,UniProtKB/TrEMBL,1.0,Active
A0A1P8ARS6,UniProtKB/TrEMBL,1.0,Active
A0A178UUD4,UniProtKB/TrEMBL,1.0,Active
A0A178VY71,UniProtKB/TrEMBL,2.0,Active
C7FB70,UniProtKB/TrEMBL,1.0,Active
F4IWT9,UniProtKB/TrEMBL,1.0,Active
C0Z2A0,UniProtKB/TrEMBL,1.0,Active
A0A178VFE4,UniProtKB/TrEMBL,1.0,Active
A0A178V5F2,UniProtKB/TrEMBL,2.0,Active
A0A7G2FE87,UniProtKB/TrEMBL,1.0,Active
A0A178VM35,UniProtKB/TrEMBL,1.0,Active
A0A178VXC9,UniProtKB/TrEMBL,1.0,Active
A0A7G2EZN9,UniProtKB/TrEMBL,1.0,Active
Q0IGM2,UniProtKB/TrEMBL,1.0,Active
P54121,UniProtKB/Swiss-Prot,4.0,Active
A0A178UAA1,UniProtKB/TrEMBL,2.0,Active
A0A178WL58,UniProtKB/TrEMBL,2.0,Active
A8MR80,UniProtKB/TrEMBL,1.0,Active
C0Z380,UniProtKB/TrEMBL,1.0,Active
A0A7G2DYC3,UniProtKB/TrEMBL,1.0,Active
Q56ZG6,UniProtKB/TrEMBL,1.0,Active
A0A7G2ET47,UniProtKB/TrEMBL,1.0,Active
Q9LS93,UniProtKB/TrEMBL,1.0,Active
A0A178WLX4,UniProtKB/TrEMBL,1.0,Active
Q6DSU2,UniProtKB/TrEMBL,1.0,Active
A0A7G2EV75,UniProtKB/TrEMBL,1.0,Active
A0A178V842,UniProtKB/TrEMBL,1.0,Active
A0A178UL53,UniProtKB/TrEMBL,1.0,Active
A0A7G2F5J4,UniProtKB/TrEMBL,1.0,Active
A0A7G2EQA8,UniProtKB/TrEMBL,1.0,Active
Q9SFC2,UniProtKB/TrEMBL,1.0,Active
Q8W455,UniProtKB/TrEMBL,1.0,Active
A8MQ92,UniProtKB/Swiss-Prot,2.0,Active
A0A178V4V9,UniProtKB/TrEMBL,1.0,Active
A0A178VBE0,UniProtKB/TrEMBL,1.0,Active
A0A178UVU0,UniProtKB/TrEMBL,2.0,Active
Q9FKD8,UniProtKB/TrEMBL,1.0,Active
B9DHJ2,UniProtKB/TrEMBL,1.0,Active
A0A384L3N8,UniProtKB/TrEMBL,1.0,Active
A0A5S9S1E2,UniProtKB/TrEMBL,1.0,Active
A0A178W600,UniProtKB/TrEMBL,1.0,Active
F4IMI7,UniProtKB/TrEMBL,1.0,Active
Q9FHP2,UniProtKB/TrEMBL,1.0,Active
A0A178VBS9,UniProtKB/TrEMBL,1.0,Active
Q9M335,UniProtKB/TrEMBL,1.0,Active
A0A178U7H6,UniProtKB/TrEMBL,1.0,Active
Q4PSR7,UniProtKB/Swiss-Prot,3.0,Active
A0A7G2EIX5,UniProtKB/TrEMBL,2.0,Active
Q8GY52,UniProtKB/TrEMBL,1.0,Active
Q9LDU1,UniProtKB/Swiss-Prot,3.0,Active
Q8LD31,UniProtKB/TrEMBL,1.0,Active
A0A178UL70,UniProtKB/TrEMBL,1.0,Active
Q9FZB5,UniProtKB/TrEMBL,1.0,Active
A0A5S9WVY6,UniProtKB/TrEMBL,2.0,Active
A0A1P8B477,UniProtKB/TrEMBL,1.0,Active
Q9FUA8,UniProtKB/TrEMBL,2.0,Active
A0A178WJC1,UniProtKB/TrEMBL,1.0,Active
Q9FZF6,UniProtKB/TrEMBL,1.0,Active
A0A178WE52,UniProtKB/TrEMBL,1.0,Active
Q9C6F1,UniProtKB/TrEMBL,1.0,Active
Q9LTP7,UniProtKB/TrEMBL,2.0,Active
Q3E8F8,UniProtKB/TrEMBL,1.0,Active
A0A7G2ECK4,UniProtKB/TrEMBL,1.0,Active
A0A7G2E7X5,UniProtKB/TrEMBL,1.0,Active
A0A178VI31,UniProtKB/TrEMBL,1.0,Active
Q6AWW0,UniProtKB/Swiss-Prot,2.0,Active
Q56ZE3,UniProtKB/TrEMBL,1.0,Active
O81458,UniProtKB/TrEMBL,1.0,Active
O64702,UniProtKB/Swiss-Prot,3.0,Active
B0FUR3,UniProtKB/TrEMBL,1.0,Active
Q3ECT8,UniProtKB/Swiss-Prot,2.0,Active
A0A654FFU1,UniProtKB/TrEMBL,1.0,Active
B3H5J3,UniProtKB/TrEMBL,1.0,Active
B9DHR6,UniProtKB/TrEMBL,1.0,Active
F4IWB3,UniProtKB/Swiss-Prot,2.0,Active
A0A654FC95,UniProtKB/TrEMBL,1.0,Active
A0A654GA09,UniProtKB/TrEMBL,1.0,Active
A0A7G2E3P1,UniProtKB/TrEMBL,1.0,Active
A0A178UQW3,UniProtKB/TrEMBL,1.0,Active
Q8LFL5,UniProtKB/TrEMBL,1.0,Active
A0A1P8B3W0,UniProtKB/TrEMBL,1.0,Active
A0A178UIY3,UniProtKB/TrEMBL,1.0,Active
A0A7G2E4J7,UniProtKB/TrEMBL,1.0,Active
A0A178V189,UniProtKB/TrEMBL,1.0,Active
Q9C674,UniProtKB/TrEMBL,1.0,Active
A0A5S9WAG4,UniProtKB/TrEMBL,1.0,Active
A0A384KX49,UniProtKB/TrEMBL,1.0,Active
A0A178W6Q7,UniProtKB/TrEMBL,1.0,Active
A0A178W398,UniProtKB/TrEMBL,1.0,Active
O22690,UniProtKB/TrEMBL,1.0,Active
Q9FGJ4,UniProtKB/Swiss-Prot,4.0,Active
A0A5S9Y1R7,UniProtKB/TrEMBL,2.0,Active
Q8S8H0,UniProtKB/TrEMBL,1.0,Active
A0A178VW95,UniProtKB/TrEMBL,1.0,Active
Q9LQF6,UniProtKB/TrEMBL,1.0,Active
A0A7G2DWH2,UniProtKB/TrEMBL,1.0,Active
B3H4X2,UniProtKB/TrEMBL,1.0,Active
A0A7G2FE15,UniProtKB/TrEMBL,1.0,Active
A0A178VDL0,UniProtKB/TrEMBL,1.0,Active
A0A178UF24,UniProtKB/TrEMBL,1.0,Active
A0A178WD35,UniProtKB/TrEMBL,1.0,Active
A0A178UYA8,UniProtKB/TrEMBL,2.0,Active
Q9ST43,UniProtKB/Swiss-Prot,4.0,Active
A0A7G2DUK6,UniProtKB/TrEMBL,1.0,Active
O80697,UniProtKB/TrEMBL,1.0,Active
A0A178VYZ6,UniProtKB/TrEMBL,1.0,Active
A0A178WI50,UniProtKB/TrEMBL,1.0,Active
A0A178VZN8,UniProtKB/TrEMBL,1.0,Active
O23641,UniProtKB/TrEMBL,2.0,Active
A0A178VAY7,UniProtKB/TrEMBL,1.0,Active
A0A178VL53,UniProtKB/TrEMBL,1.0,Active
A0A1P8AUM5,UniProtKB/TrEMBL,1.0,Active
A0A178V7P5,UniProtKB/TrEMBL,1.0,Active
A0A178V137,UniProtKB/TrEMBL,1.0,Active
A0MDV6,UniProtKB/TrEMBL,1.0,Active
A0A178VXD6,UniProtKB/TrEMBL,1.0,Active
A0A178WPJ7,UniProtKB/TrEMBL,1.0,Active
Q9LXM0,UniProtKB/TrEMBL,1.0,Active
Q3EAR4,UniProtKB/TrEMBL,1.0,Active
A0A178VNW2,UniProtKB/TrEMBL,1.0,Active
A0A178V5H0,UniProtKB/TrEMBL,1.0,Active
A0A7G2E2K1,UniProtKB/TrEMBL,1.0,Active
A0A1P8B5R1,UniProtKB/TrEMBL,1.0,Active
F4JCM1,UniProtKB/TrEMBL,1.0,Active
A0A7G2EGN2,UniProtKB/TrEMBL,1.0,Active
Q9SI71,UniProtKB/TrEMBL,1.0,Active
A0A5S9YBQ0,UniProtKB/TrEMBL,2.0,Active
Q56WP8,UniProtKB/TrEMBL,1.0,Active
A0A654FMA7,UniProtKB/TrEMBL,1.0,Active
A0A1I9LL78,UniProtKB/TrEMBL,2.0,Active
A0A5S9XPP4,UniProtKB/TrEMBL,1.0,Active
F4J6Z1,UniProtKB/TrEMBL,1.0,Active
A0A178UTY1,UniProtKB/TrEMBL,1.0,Active
A0A178VKU2,UniProtKB/TrEMBL,1.0,Active
A0A7G2F427,UniProtKB/TrEMBL,1.0,Active
A0A654FBS4,UniProtKB/TrEMBL,1.0,Active
Q9TJZ2,UniProtKB/TrEMBL,1.0,Active
A0A178VIU6,UniProtKB/TrEMBL,2.0,Active
A0A1P8BHH9,UniProtKB/TrEMBL,1.0,Active
B0LZ74,UniProtKB/TrEMBL,2.0,Active
A0A1P8AUX6,UniProtKB/TrEMBL,2.0,Active
A0A7G2FHK5,UniProtKB/TrEMBL,2.0,Active
Q94AX0,UniProtKB/TrEMBL,1.0,Active
A0A5S9XQH0,UniProtKB/TrEMBL,1.0,Active
Q8LAF5,UniProtKB/TrEMBL,4.0,Active
A0A178UKW9,UniProtKB/TrEMBL,1.0,Active
A0MDP8,UniProtKB/TrEMBL,1.0,Active
A0A5S9YC61,UniProtKB/TrEMBL,1.0,Active
A0A178V2N5,UniProtKB/TrEMBL,1.0,Active
A0A178WJW9,UniProtKB/TrEMBL,2.0,Active
A0A178W865,UniProtKB/TrEMBL,1.0,Active
Q6NPH1,UniProtKB/TrEMBL,1.0,Active
A0A7G2EHH4,UniProtKB/TrEMBL,1.0,Active
A0A5S9XQZ1,UniProtKB/TrEMBL,1.0,Active
A0A178VXG2,UniProtKB/TrEMBL,1.0,Active
A0A178UKT0,UniProtKB/TrEMBL,1.0,Active
B3H5A5,UniProtKB/TrEMBL,1.0,Active
A0A178VEX2,UniProtKB/TrEMBL,2.0,Active
A0A178UPE4,UniProtKB/TrEMBL,1.0,Active
A0A178WFJ5,UniProtKB/TrEMBL,1.0,Active
Q84X32,UniProtKB/TrEMBL,1.0,Active
A7Y5W5,UniProtKB/TrEMBL,1.0,Active
Q9ZQJ2,UniProtKB/TrEMBL,1.0,Active
Q570F1,UniProtKB/TrEMBL,1.0,Active
A0A7G2E483,UniProtKB/TrEMBL,1.0,Active
A0A7G2FKN0,UniProtKB/TrEMBL,1.0,Active
Q9M9Q7,UniProtKB/TrEMBL,1.0,Active
A0A178WLJ6,UniProtKB/TrEMBL,1.0,Active
Q6NPF8,UniProtKB/Swiss-Prot,2.0,Active
Q5XV10,UniProtKB/TrEMBL,1.0,Active
A0A178W2P1,UniProtKB/TrEMBL,1.0,Active
A0A7G2ECX1,UniProtKB/TrEMBL,1.0,Active
A0A1P8B7L4,UniProtKB/TrEMBL,1.0,Active
Q84K21,UniProtKB/TrEMBL,1.0,Active
A8MRE3,UniProtKB/TrEMBL,1.0,Active
A0A178W6P3,UniProtKB/TrEMBL,1.0,Active
A0A178VS12,UniProtKB/TrEMBL,1.0,Active
Q9FZ63,UniProtKB/Swiss-Prot,3.0,Active
Q9M9T9,UniProtKB/TrEMBL,2.0,Active
Q9LRU0,UniProtKB/TrEMBL,1.0,Active
A0A1P8BGM4,UniProtKB/TrEMBL,1.0,Active
A0A1P8B1T1,UniProtKB/TrEMBL,1.0,Active
Q680P5,UniProtKB/TrEMBL,1.0,Active
A0A178VWS8,UniProtKB/TrEMBL,1.0,Active
A0A178V3H7,UniProtKB/TrEMBL,1.0,Active
A0A178VJS1,UniProtKB/TrEMBL,1.0,Active
A0A178VJZ0,UniProtKB/TrEMBL,1.0,Active
A0A178WFG1,UniProtKB/TrEMBL,1.0,Active
F4J9T0,UniProtKB/TrEMBL,2.0,Active
A0A178WBH2,UniProtKB/TrEMBL,1.0,Active
A0A178WEK9,UniProtKB/TrEMBL,1.0,Active
A0A2H1ZED8,UniProtKB/TrEMBL,1.0,Active
A0A178VLP6,UniProtKB/TrEMBL,1.0,Active
A0A068LKP7,UniProtKB/TrEMBL,1.0,Active
Q6NL28,UniProtKB/TrEMBL,1.0,Active
A0A178UGJ9,UniProtKB/TrEMBL,1.0,Active
Q0WPA9,UniProtKB/TrEMBL,1.0,Active
A0A178W9V4,UniProtKB/TrEMBL,1.0,Active
A0A178UCK5,UniProtKB/TrEMBL,1.0,Active
Q9LRU1,UniProtKB/TrEMBL,1.0,Active
Q9ZUP8,UniProtKB/TrEMBL,1.0,Active
A0A178U8B7,UniProtKB/TrEMBL,1.0,Active
A0A178UP56,UniProtKB/TrEMBL,1.0,Active
A0A178VNT9,UniProtKB/TrEMBL,1.0,Active
Q8LCX3,UniProtKB/TrEMBL,2.0,Active
A0A654EGD6,UniProtKB/TrEMBL,1.0,Active
F4JFZ4,UniProtKB/TrEMBL,1.0,Active
A0A1P8AT13,UniProtKB/TrEMBL,3.0,Active
A0A178UTD6,UniProtKB/TrEMBL,1.0,Active
A0A7G2DTI6,UniProtKB/TrEMBL,1.0,Active
F4I3S4,UniProtKB/TrEMBL,1.0,Active
A0A178VCL4,UniProtKB/TrEMBL,2.0,Active
A0A178VWA1,UniProtKB/TrEMBL,1.0,Active
Q8W478,UniProtKB/TrEMBL,1.0,Active
A0A384KUE2,UniProtKB/TrEMBL,1.0,Active
A0A178V1M6,UniProtKB/TrEMBL,1.0,Active
Q1G390,UniProtKB/TrEMBL,1.0,Active
G1C2X2,UniProtKB/TrEMBL,2.0,Active
A0A178V5U2,UniProtKB/TrEMBL,2.0,Active
A0A178UW11,UniProtKB/TrEMBL,1.0,Active
O49398,UniProtKB/TrEMBL,1.0,Active
Q84W48,UniProtKB/TrEMBL,1.0,Active
A0A178V8E3,UniProtKB/TrEMBL,1.0,Active
A8MQI8,UniProtKB/Swiss-Prot,2.0,Active
A0A7G2E5C7,UniProtKB/TrEMBL,1.0,Active
A0A178W4K3,UniProtKB/TrEMBL,1.0,Active
B2CTJ1,UniProtKB/TrEMBL,1.0,Active
A0A5S9WKU0,UniProtKB/TrEMBL,1.0,Active
A0A654G580,UniProtKB/TrEMBL,1.0,Active
Q8RVC0,UniProtKB/TrEMBL,1.0,Active
F4JUT8,UniProtKB/TrEMBL,1.0,Active
A0A654ETC7,UniProtKB/TrEMBL,1.0,Active
F4J912,UniProtKB/TrEMBL,3.0,Active
A0A1P8B3I2,UniProtKB/TrEMBL,1.0,Active
A0A7G2E268,UniProtKB/TrEMBL,1.0,Active
Q0WN11,UniProtKB/TrEMBL,2.0,Active
A0A178VLW1,UniProtKB/TrEMBL,2.0,Active
A0A654ESD6,UniProtKB/TrEMBL,1.0,Active
A0A178VQN5,UniProtKB/TrEMBL,1.0,Active
A0A5S9XHJ6,UniProtKB/TrEMBL,1.0,Active
F4ISC4,UniProtKB/TrEMBL,1.0,Active
Q8GWV2,UniProtKB/TrEMBL,1.0,Active
A0A7G2E994,UniProtKB/TrEMBL,1.0,Active
A0A7G2EA64,UniProtKB/TrEMBL,1.0,Active
A0A7G2F7X0,UniProtKB/TrEMBL,1.0,Active
A0A178UM05,UniProtKB/TrEMBL,1.0,Active
A0A5S9Y7V4,UniProtKB/TrEMBL,1.0,Active
A0A1B1W4W5,UniProtKB/TrEMBL,2.0,Active
Q9SSS4,UniProtKB/TrEMBL,1.0,Active
A0A5S9YF70,UniProtKB/TrEMBL,1.0,Active
A0A5S9WXZ0,UniProtKB/TrEMBL,1.0,Active
A0A178U8P6,UniProtKB/TrEMBL,3.0,Active
Q56ZN2,UniProtKB/TrEMBL,2.0,Active
A0A178W7F0,UniProtKB/TrEMBL,1.0,Active
A8MR22,UniProtKB/TrEMBL,1.0,Active
A0A654ESQ3,UniProtKB/TrEMBL,1.0,Active
A0A178UHX0,UniProtKB/TrEMBL,1.0,Active
A0A1P8BG50,UniProtKB/TrEMBL,1.0,Active
Q84V94,UniProtKB/TrEMBL,1.0,Active
A0SVK2,UniProtKB/TrEMBL,1.0,Active
O49510,UniProtKB/TrEMBL,1.0,Active
A0A178V2P3,UniProtKB/TrEMBL,1.0,Active
A0A178VDB8,UniProtKB/TrEMBL,1.0,Active
A0A5S9X6Z7,UniProtKB/TrEMBL,1.0,Active
C0Z366,UniProtKB/TrEMBL,2.0,Active
B9DHX9,UniProtKB/TrEMBL,1.0,Active
Q9MBG0,UniProtKB/TrEMBL,1.0,Active
Q56Z93,UniProtKB/TrEMBL,1.0,Active
A0A1P8B104,UniProtKB/TrEMBL,1.0,Active
A0A178WA11,UniProtKB/TrEMBL,1.0,Active
Q8LG79,UniProtKB/TrEMBL,1.0,Active
O49603,UniProtKB/Swiss-Prot,3.0,Active
A0A7G2ELE3,UniProtKB/TrEMBL,1.0,Active
Q9FYB5,UniProtKB/Swiss-Prot,3.0,Active
Q0V817,UniProtKB/TrEMBL,1.0,Active
A0A178UHB6,UniProtKB/TrEMBL,1.0,Active
A0A178VV27,UniProtKB/TrEMBL,2.0,Active
F4ISY9,UniProtKB/TrEMBL,1.0,Active
A0A0B4UKY5,UniProtKB/TrEMBL,1.0,Active
A0A178WIK2,UniProtKB/TrEMBL,1.0,Active
Q3EB54,UniProtKB/TrEMBL,1.0,Active
Q8LD50,UniProtKB/TrEMBL,2.0,Active
A0A178UIN2,UniProtKB/TrEMBL,1.0,Active
Q7M1E5,UniProtKB/TrEMBL,1.0,Active
O48578,UniProtKB/TrEMBL,1.0,Active
A0A654EX12,UniProtKB/TrEMBL,1.0,Active
Q9LMJ2,UniProtKB/TrEMBL,1.0,Active
A0A178UMD8,UniProtKB/TrEMBL,1.0,Active
A0A654F9X6,UniProtKB/TrEMBL,2.0,Active
A0A384KL50,UniProtKB/TrEMBL,2.0,Active
A0A5S9XCS6,UniProtKB/TrEMBL,1.0,Active
A0A178VH82,UniProtKB/TrEMBL,1.0,Active
A0A178W4N4,UniProtKB/TrEMBL,2.0,Active
A0A1P8ATZ6,UniProtKB/TrEMBL,1.0,Active
A0A1P8AY68,UniProtKB/TrEMBL,1.0,Active
A0A178WH97,UniProtKB/TrEMBL,1.0,Active
A0A654FQH5,UniProtKB/TrEMBL,1.0,Active
A0A7G2EDW4,UniProtKB/TrEMBL,1.0,Active
F4JKF9,UniProtKB/TrEMBL,1.0,Active
Q8LCY3,UniProtKB/TrEMBL,1.0,Active
A0A5S9YA16,UniProtKB/TrEMBL,1.0,Active
A0A178W964,UniProtKB/TrEMBL,1.0,Active
A0A178UDU1,UniProtKB/TrEMBL,1.0,Active
A0A178WJN8,UniProtKB/TrEMBL,1.0,Active
Q84WA4,UniProtKB/TrEMBL,1.0,Active
A0A7G2EWC6,UniProtKB/TrEMBL,2.0,Active
Q9FN56,UniProtKB/TrEMBL,2.0,Active
A0A7G2F0P8,UniProtKB/TrEMBL,1.0,Active
F4KIH4,UniProtKB/Swiss-Prot,2.0,Active
F4JI00,UniProtKB/TrEMBL,1.0,Active
Q8LFL4,UniProtKB/Swiss-Prot,5.0,Active
A0A7G2F7P6,UniProtKB/TrEMBL,1.0,Active
A0A178W8N2,UniProtKB/TrEMBL,1.0,Active
A0A178USC1,UniProtKB/TrEMBL,1.0,Active
A0A178UHI5,UniProtKB/TrEMBL,2.0,Active
Q0WQN1,UniProtKB/TrEMBL,1.0,Active
A0A1P8B8S8,UniProtKB/TrEMBL,1.0,Active
A0A178VIE5,UniProtKB/TrEMBL,1.0,Active
A0A178VAJ1,UniProtKB/TrEMBL,1.0,Active
O49777,UniProtKB/TrEMBL,1.0,Active
A0A178V2F3,UniProtKB/TrEMBL,1.0,Active
A0A178VJ22,UniProtKB/TrEMBL,1.0,Active
A0A654F166,UniProtKB/TrEMBL,2.0,Active
A0A654GAA5,UniProtKB/TrEMBL,1.0,Active
A0A5S9YBE7,UniProtKB/TrEMBL,2.0,Active
A0A384KCL6,UniProtKB/TrEMBL,1.0,Active
P93036,UniProtKB/TrEMBL,1.0,Active
A0A654F7Z7,UniProtKB/TrEMBL,1.0,Active
O82636,UniProtKB/TrEMBL,1.0,Active
A0A5S9XM77,UniProtKB/TrEMBL,1.0,Active
A0A384KJZ2,UniProtKB/TrEMBL,1.0,Active
A0A7G2DTC1,UniProtKB/TrEMBL,1.0,Active
Q941E5,UniProtKB/TrEMBL,1.0,Active
A0A178V248,UniProtKB/TrEMBL,1.0,Active
A0A1P8B417,UniProtKB/TrEMBL,1.0,Active
A0A178V1U3,UniProtKB/TrEMBL,1.0,Active
A0ME94,UniProtKB/TrEMBL,1.0,Active
Q8GXT6,UniProtKB/TrEMBL,1.0,Active
C0Z2Y1,UniProtKB/TrEMBL,1.0,Active
A0A178UHY7,UniProtKB/TrEMBL,1.0,Active
A5YXU7,UniProtKB/TrEMBL,1.0,Active
A0A178VJA6,UniProtKB/TrEMBL,1.0,Active
Q9FNC9,UniProtKB/Swiss-Prot,4.0,Active
A0A7G2E135,UniProtKB/TrEMBL,1.0,Active
A0A178VXU3,UniProtKB/TrEMBL,1.0,Active
Q9LIC7,UniProtKB/Swiss-Prot,3.0,Active
A0A1P8AYJ3,UniProtKB/TrEMBL,1.0,Active
Q0WSH4,UniProtKB/TrEMBL,2.0,Active
Q0WWH3,UniProtKB/TrEMBL,1.0,Active
A0A5S9UAB3,UniProtKB/TrEMBL,1.0,Active
A0A7G2EDU6,UniProtKB/TrEMBL,1.0,Active
Q9ZQ28,UniProtKB/TrEMBL,1.0,Active
A0A178UIL2,UniProtKB/TrEMBL,1.0,Active
Q9LZC0,UniProtKB/TrEMBL,1.0,Active
A0A7G2E196,UniProtKB/TrEMBL,1.0,Active
A0A178VTZ9,UniProtKB/TrEMBL,1.0,Active
A0A1P8ANZ1,UniProtKB/TrEMBL,1.0,Active
A0A178UBQ1,UniProtKB/TrEMBL,2.0,Active
A0A654FPP2,UniProtKB/TrEMBL,1.0,Active
O65569,UniProtKB/Swiss-Prot,2.0,Active
A0A178UG14,UniProtKB/TrEMBL,1.0,Active
F4IKA7,UniProtKB/TrEMBL,1.0,Active
A0A1P8BAQ7,UniProtKB/TrEMBL,2.0,Active
A0A178UBA3,UniProtKB/TrEMBL,1.0,Active
A0A5S9XGT2,UniProtKB/TrEMBL,1.0,Active
F4HZ57,UniProtKB/TrEMBL,2.0,Active
A0A384L6D2,UniProtKB/TrEMBL,1.0,Active
A0A1P8AMW4,UniProtKB/TrEMBL,1.0,Active
A0A178V8J7,UniProtKB/TrEMBL,1.0,Active
Q9XIC9,UniProtKB/TrEMBL,1.0,Active
A0A178WPA7,UniProtKB/TrEMBL,1.0,Active
A0A1P8B6Q4,UniProtKB/TrEMBL,1.0,Active
A0A178V2H7,UniProtKB/TrEMBL,1.0,Active
A0A178WP44,UniProtKB/TrEMBL,1.0,Active
A0A5S9X5Y9,UniProtKB/TrEMBL,1.0,Active
A0A178W9Y1,UniProtKB/TrEMBL,1.0,Active
Q9LS77,UniProtKB/TrEMBL,1.0,Active
A0A178VU90,UniProtKB/TrEMBL,1.0,Active
Q0WMQ8,UniProtKB/TrEMBL,1.0,Active
F4JGI6,UniProtKB/TrEMBL,1.0,Active
F4K6E5,UniProtKB/TrEMBL,1.0,Active
A0A178V2K5,UniProtKB/TrEMBL,1.0,Active
A0A5S9WYT4,UniProtKB/TrEMBL,1.0,Active
Q9FPI8,UniProtKB/TrEMBL,2.0,Active
Q93ZF6,UniProtKB/Swiss-Prot,5.0,Active
C0Z307,UniProtKB/TrEMBL,1.0,Active
A0A178VM13,UniProtKB/TrEMBL,1.0,Active
Q0WMY2,UniProtKB/TrEMBL,1.0,Active
Q9FXK6,UniProtKB/TrEMBL,1.0,Active
A0A7G2FE22,UniProtKB/TrEMBL,1.0,Active
A0A1B1W4V0,UniProtKB/TrEMBL,3.0,Active
A0A654GDV0,UniProtKB/TrEMBL,2.0,Active
A0A178VPR9,UniProtKB/TrEMBL,1.0,Active
A0A1P8B7Y6,UniProtKB/TrEMBL,2.0,Active
A0A654EHF1,UniProtKB/TrEMBL,1.0,Active
A0A5S9YAG5,UniProtKB/TrEMBL,1.0,Active
A8MS61,UniProtKB/TrEMBL,1.0,Active
Q3ECV9,UniProtKB/TrEMBL,1.0,Active
Q9MAI2,UniProtKB/TrEMBL,1.0,Active
A0A7G2EZN6,UniProtKB/TrEMBL,1.0,Active
C0J8R4,UniProtKB/TrEMBL,1.0,Active
A0A654FFZ2,UniProtKB/TrEMBL,1.0,Active
A0A7G2EUN9,UniProtKB/TrEMBL,1.0,Active
A0A178URU6,UniProtKB/TrEMBL,1.0,Active
A0A178VIS9,UniProtKB/TrEMBL,1.0,Active
A0A178VS79,UniProtKB/TrEMBL,1.0,Active
A0A7G2E4K1,UniProtKB/TrEMBL,2.0,Active
A0A178VGB7,UniProtKB/TrEMBL,1.0,Active
O64834,UniProtKB/Swiss-Prot,2.0,Active
O64497,UniProtKB/Swiss-Prot,3.0,Active
A0A178VMC3,UniProtKB/TrEMBL,1.0,Active
A0A5S9WNV3,UniProtKB/TrEMBL,1.0,Active
Q3E7R1,UniProtKB/TrEMBL,1.0,Active
Q9ZV66,UniProtKB/TrEMBL,1.0,Active
A0A7G2FBF3,UniProtKB/TrEMBL,1.0,Active
A0A178UK45,UniProtKB/TrEMBL,1.0,Active
A0A5S9XAW5,UniProtKB/TrEMBL,1.0,Active
A0A178UPH4,UniProtKB/TrEMBL,2.0,Active
A0MEP9,UniProtKB/TrEMBL,1.0,Active
A0A7G2DV32,UniProtKB/TrEMBL,1.0,Active
Q570E1,UniProtKB/TrEMBL,1.0,Active
A0A178V3Y5,UniProtKB/TrEMBL,2.0,Active
A0A7G2E5Q9,UniProtKB/TrEMBL,1.0,Active
A0A178VVL4,UniProtKB/TrEMBL,1.0,Active
A0A178UHE9,UniProtKB/TrEMBL,1.0,Active
A0A5S9XD43,UniProtKB/TrEMBL,2.0,Active
Q9M2U0,UniProtKB/Swiss-Prot,2.0,Active
A0A654GEU2,UniProtKB/TrEMBL,1.0,Active
A0A178WN38,UniProtKB/TrEMBL,2.0,Active
A0A178W0E3,UniProtKB/TrEMBL,1.0,Active
A0A178UAK4,UniProtKB/TrEMBL,1.0,Active
Q7DN74,UniProtKB/TrEMBL,1.0,Active
Q84K40,UniProtKB/TrEMBL,1.0,Active
A0A5S9XDX6,UniProtKB/TrEMBL,1.0,Active
A0A1P8B602,UniProtKB/TrEMBL,1.0,Active
A0A178W5W3,UniProtKB/TrEMBL,1.0,Active
A0A178UKH9,UniProtKB/TrEMBL,1.0,Active
Q9SJ88,UniProtKB/TrEMBL,1.0,Active
C0Z2Y6,UniProtKB/TrEMBL,2.0,Active
A0A178VIF5,UniProtKB/TrEMBL,1.0,Active
A0A7G2EXJ4,UniProtKB/TrEMBL,1.0,Active
A0A178UU37,UniProtKB/TrEMBL,1.0,Active
C0Z223,UniProtKB/TrEMBL,1.0,Active
Q9LKU7,UniProtKB/TrEMBL,1.0,Active
Q9SLF5,UniProtKB/TrEMBL,1.0,Active
O82230,UniProtKB/Swiss-Prot,5.0,Active
A0A178WN82,UniProtKB/TrEMBL,1.0,Active
A0A5S9STJ2,UniProtKB/TrEMBL,2.0,Active
Q8RUH8,UniProtKB/TrEMBL,1.0,Active
Q9SRS1,UniProtKB/TrEMBL,1.0,Active
A0A5S9WRH0,UniProtKB/TrEMBL,1.0,Active
A0A178WHC5,UniProtKB/TrEMBL,2.0,Active
A0A178USL6,UniProtKB/TrEMBL,1.0,Active
A0A384KK61,UniProtKB/TrEMBL,1.0,Active
Q8GZB4,UniProtKB/Swiss-Prot,5.0,Active
A0A2H1ZEB4,UniProtKB/TrEMBL,2.0,Active
A0A1B1W501,UniProtKB/TrEMBL,3.0,Active
A0A1P8BEQ5,UniProtKB/TrEMBL,2.0,Active
A0A1P8B637,UniProtKB/TrEMBL,1.0,Active
A0A654G5G8,UniProtKB/TrEMBL,1.0,Active
A0A178V0Z4,UniProtKB/TrEMBL,1.0,Active
Q9LJ59,UniProtKB/TrEMBL,1.0,Active
A0A178W618,UniProtKB/TrEMBL,1.0,Active
Q56Z38,UniProtKB/TrEMBL,2.0,Active
A0A7G2EA13,UniProtKB/TrEMBL,1.0,Active
Q8LCS6,UniProtKB/TrEMBL,1.0,Active
A0A178W3Q5,UniProtKB/TrEMBL,1.0,Active
A0MEW2,UniProtKB/TrEMBL,1.0,Active
A0A178VQ05,UniProtKB/TrEMBL,1.0,Active
F4HXM8,UniProtKB/TrEMBL,2.0,Active
A0A178WEM4,UniProtKB/TrEMBL,1.0,Active
F4HZ54,UniProtKB/TrEMBL,1.0,Active
A0A178U9Q6,UniProtKB/TrEMBL,1.0,Active
A0A178V893,UniProtKB/TrEMBL,1.0,Active
Q9SX22,UniProtKB/Swiss-Prot,4.0,Active
A0A178W2D8,UniProtKB/TrEMBL,1.0,Active
A0A178WKB5,UniProtKB/TrEMBL,2.0,Active
A0A654FB78,UniProtKB/TrEMBL,1.0,Active
A0A178W557,UniProtKB/TrEMBL,1.0,Active
A0A178VJV8,UniProtKB/TrEMBL,1.0,Active
A0A178UTF9,UniProtKB/TrEMBL,1.0,Active
A0A178VTN8,UniProtKB/TrEMBL,2.0,Active
A0A7G2ENG6,UniProtKB/TrEMBL,1.0,Active
A0A178WJG2,UniProtKB/TrEMBL,1.0,Active
Q6NLV1,UniProtKB/TrEMBL,1.0,Active
F4ITZ0,UniProtKB/TrEMBL,2.0,Active
A0A7G2ES34,UniProtKB/TrEMBL,1.0,Active
A0A5S9Y1S2,UniProtKB/TrEMBL,2.0,Active
F4HWZ4,UniProtKB/TrEMBL,1.0,Active
Q56ZI4,UniProtKB/TrEMBL,1.0,Active
A0A7G2EPC9,UniProtKB/TrEMBL,1.0,Active
Q5BPX4,UniProtKB/TrEMBL,1.0,Active
Q7DLI2,UniProtKB/TrEMBL,1.0,Active
A0A178W1F7,UniProtKB/TrEMBL,1.0,Active
A0A1I9LNY9,UniProtKB/TrEMBL,1.0,Active
A0A1P8AY04,UniProtKB/TrEMBL,1.0,Active
A0A178UBL4,UniProtKB/TrEMBL,1.0,Active
A0A5S9XQW7,UniProtKB/TrEMBL,2.0,Active
Q3E870,UniProtKB/Swiss-Prot,4.0,Active
A0A178UP24,UniProtKB/TrEMBL,1.0,Active
A0A178WA99,UniProtKB/TrEMBL,1.0,Active
A0A178VR40,UniProtKB/TrEMBL,2.0,Active
A0A7G2DYC9,UniProtKB/TrEMBL,1.0,Active
A0A5S9Y902,UniProtKB/TrEMBL,1.0,Active
Q9S9U2,UniProtKB/TrEMBL,2.0,Active
A0A178UC04,UniProtKB/TrEMBL,1.0,Active
B0ZXW3,UniProtKB/TrEMBL,1.0,Active
B0FUW1,UniProtKB/TrEMBL,1.0,Active
A0A178V115,UniProtKB/TrEMBL,1.0,Active
Q56ZP3,UniProtKB/TrEMBL,1.0,Active
A0A1B1W4V1,UniProtKB/TrEMBL,3.0,Active
A0A178U711,UniProtKB/TrEMBL,1.0,Active
A0A1I9LQA0,UniProtKB/TrEMBL,2.0,Active
Q9FF07,UniProtKB/TrEMBL,1.0,Active
A0A178UUB5,UniProtKB/TrEMBL,1.0,Active
Q9LPM6,UniProtKB/TrEMBL,1.0,Active
A0A178W3I4,UniProtKB/TrEMBL,2.0,Active
A0A7G2EDR6,UniProtKB/TrEMBL,1.0,Active
A0A178WB33,UniProtKB/TrEMBL,1.0,Active
Q8L7R5,UniProtKB/Swiss-Prot,2.0,Active
A0A178VU29,UniProtKB/TrEMBL,1.0,Active
A0A654FN96,UniProtKB/TrEMBL,1.0,Active
A0A7G2F0C9,UniProtKB/TrEMBL,1.0,Active
O82238,UniProtKB/Swiss-Prot,4.0,Active
A0A178ULV5,UniProtKB/TrEMBL,1.0,Active
Q9FFD6,UniProtKB/TrEMBL,1.0,Active
A0A5S9Y545,UniProtKB/TrEMBL,1.0,Active
A0A178VQ31,UniProtKB/TrEMBL,1.0,Active
Q8LC59,UniProtKB/Swiss-Prot,3.0,Active
A0A7G2DVA1,UniProtKB/TrEMBL,1.0,Active
A0A178WRE7,UniProtKB/TrEMBL,1.0,Active
A0A178UHV2,UniProtKB/TrEMBL,1.0,Active
A0A5S9XJJ0,UniProtKB/TrEMBL,1.0,Active
Q8GYS8,UniProtKB/Swiss-Prot,3.0,Active
F4I3B1,UniProtKB/TrEMBL,1.0,Active
B0FU91,UniProtKB/TrEMBL,1.0,Active
Q56XC0,UniProtKB/TrEMBL,1.0,Active
A0A7G2E7Z0,UniProtKB/TrEMBL,1.0,Active
A0A1I9LRR4,UniProtKB/TrEMBL,1.0,Active
A0A178W7Z1,UniProtKB/TrEMBL,1.0,Active
A0A1P8AR89,UniProtKB/TrEMBL,1.0,Active
A0A178W492,UniProtKB/TrEMBL,1.0,Active
A0A7G2DYQ2,UniProtKB/TrEMBL,1.0,Active
A0A5S9WLP2,UniProtKB/TrEMBL,1.0,Active
Q1PEW8,UniProtKB/Swiss-Prot,1.0,Active
Q9M0T1,UniProtKB/Swiss-Prot,2.0,Active
Q4PSX1,UniProtKB/Swiss-Prot,4.0,Active
A0A178UFF4,UniProtKB/TrEMBL,1.0,Active
A0A654FFC1,UniProtKB/TrEMBL,2.0,Active
A0A5S9X447,UniProtKB/TrEMBL,1.0,Active
A0A178VXG6,UniProtKB/TrEMBL,1.0,Active
A0A1P8AVK8,UniProtKB/TrEMBL,1.0,Active
A0A178UEE3,UniProtKB/TrEMBL,2.0,Active
F4IRD1,UniProtKB/TrEMBL,1.0,Active
A0A654E8D3,UniProtKB/TrEMBL,1.0,Active
A0A654G1J8,UniProtKB/TrEMBL,1.0,Active
F4JFZ5,UniProtKB/TrEMBL,1.0,Active
C0Z2M4,UniProtKB/TrEMBL,1.0,Active
A0A178WAK6,UniProtKB/TrEMBL,1.0,Active
A0A5S9XQ66,UniProtKB/TrEMBL,1.0,Active
A0A7G2DRB0,UniProtKB/TrEMBL,1.0,Active
A0A178UK08,UniProtKB/TrEMBL,1.0,Active
P93030,UniProtKB/Swiss-Prot,5.0,Active
A0A1P8BA27,UniProtKB/TrEMBL,1.0,Active
Q1PFS0,UniProtKB/TrEMBL,1.0,Active
O81208,UniProtKB/Swiss-Prot,5.0,Active
Q9SD78,UniProtKB/TrEMBL,1.0,Active
A0A178UX97,UniProtKB/TrEMBL,1.0,Active
A0A7G2E817,UniProtKB/TrEMBL,1.0,Active
A0A1P8ARA1,UniProtKB/TrEMBL,2.0,Active
A5YYI1,UniProtKB/TrEMBL,2.0,Active
A0MEL7,UniProtKB/TrEMBL,1.0,Active
A0A5S9WWJ7,UniProtKB/TrEMBL,1.0,Active
A0A7G2EMF4,UniProtKB/TrEMBL,1.0,Active
Q9XH23,UniProtKB/TrEMBL,1.0,Active
Q9C853,UniProtKB/TrEMBL,1.0,Active
A0A178V306,UniProtKB/TrEMBL,1.0,Active
A0A178VV90,UniProtKB/TrEMBL,1.0,Active
A0A178VGL6,UniProtKB/TrEMBL,1.0,Active
A0A1P8B1N9,UniProtKB/TrEMBL,1.0,Active
Q9SUM9,UniProtKB/TrEMBL,1.0,Active
A0A178V177,UniProtKB/TrEMBL,1.0,Active
A0A654ET49,UniProtKB/TrEMBL,1.0,Active
A0A654FPL4,UniProtKB/TrEMBL,1.0,Active
Q6S475,UniProtKB/TrEMBL,1.0,Active
A0A178VIH8,UniProtKB/TrEMBL,1.0,Active
A0A1P8B7B4,UniProtKB/TrEMBL,1.0,Active
A0A178UWF5,UniProtKB/TrEMBL,2.0,Active
A0A5S9WWF1,UniProtKB/TrEMBL,1.0,Active
Q56ZZ2,UniProtKB/TrEMBL,1.0,Active
B3H6W5,UniProtKB/TrEMBL,1.0,Active
F4K1D3,UniProtKB/TrEMBL,2.0,Active
F4JG28,UniProtKB/TrEMBL,1.0,Active
A0A178W0U3,UniProtKB/TrEMBL,1.0,Active
O49596,UniProtKB/Swiss-Prot,5.0,Active
Q9FHV8,UniProtKB/TrEMBL,1.0,Active
A8MR57,UniProtKB/TrEMBL,2.0,Active
A0A5S9X6N1,UniProtKB/TrEMBL,1.0,Active
A0A1P8B5V0,UniProtKB/TrEMBL,1.0,Active
A0A654FLQ7,UniProtKB/TrEMBL,1.0,Active
Q9LZ60,UniProtKB/Swiss-Prot,3.0,Active
Q94K65,UniProtKB/TrEMBL,1.0,Active
Q9C9I2,UniProtKB/Swiss-Prot,2.0,Active
A0A178W6S5,UniProtKB/TrEMBL,1.0,Active
Q56WQ7,UniProtKB/TrEMBL,1.0,Active
A0A178WKF1,UniProtKB/TrEMBL,1.0,Active
A0A7G2E504,UniProtKB/TrEMBL,1.0,Active
A0A178WBS3,UniProtKB/TrEMBL,1.0,Active
A0A5S9WSC5,UniProtKB/TrEMBL,1.0,Active
A0A097PSJ3,UniProtKB/TrEMBL,1.0,Active
A0A178U7Z0,UniProtKB/TrEMBL,2.0,Active
Q9M1N2,UniProtKB/TrEMBL,1.0,Active
A0A654FM14,UniProtKB/TrEMBL,1.0,Active
A0A178VE66,UniProtKB/TrEMBL,1.0,Active
A0A1I9LTS9,UniProtKB/TrEMBL,1.0,Active
F4KFG1,UniProtKB/TrEMBL,2.0,Active
A0A7G2DWY1,UniProtKB/TrEMBL,2.0,Active
A0A384L909,UniProtKB/TrEMBL,1.0,Active
A8MR51,UniProtKB/TrEMBL,1.0,Active
A0A178UE66,UniProtKB/TrEMBL,1.0,Active
A0A178V5V8,UniProtKB/TrEMBL,1.0,Active
A0A7G2EU87,UniProtKB/TrEMBL,1.0,Active
A0A7G2E1K0,UniProtKB/TrEMBL,1.0,Active
A0A654ESB3,UniProtKB/TrEMBL,1.0,Active
Q9LVH7,UniProtKB/TrEMBL,2.0,Active
Q9LR09,UniProtKB/Swiss-Prot,2.0,Active
Q56YR1,UniProtKB/TrEMBL,2.0,Active
A0A7G2FE72,UniProtKB/TrEMBL,1.0,Active
Q94F23,UniProtKB/TrEMBL,1.0,Active
A0A5S9VCC0,UniProtKB/TrEMBL,2.0,Active
A0A384LMJ6,UniProtKB/TrEMBL,1.0,Active
A0A384LDW0,UniProtKB/TrEMBL,1.0,Active
A0A178U740,UniProtKB/TrEMBL,1.0,Active
A0A1I9LPJ9,UniProtKB/TrEMBL,2.0,Active
A0A654FDQ6,UniProtKB/TrEMBL,1.0,Active
O64600,UniProtKB/Swiss-Prot,1.0,Active
A0A178UA34,UniProtKB/TrEMBL,2.0,Active
A0A654F432,UniProtKB/TrEMBL,1.0,Active
Q8GWH5,UniProtKB/Swiss-Prot,2.0,Active
A0A178V187,UniProtKB/TrEMBL,1.0,Active
Q9C6E0,UniProtKB/TrEMBL,1.0,Active
A5YYJ7,UniProtKB/TrEMBL,1.0,Active
A0A178WG85,UniProtKB/TrEMBL,1.0,Active
A0A7G2DWZ5,UniProtKB/TrEMBL,1.0,Active
A0A5S9YBY3,UniProtKB/TrEMBL,2.0,Active
Q9LG09,UniProtKB/TrEMBL,1.0,Active
A0A5S9WY39,UniProtKB/TrEMBL,1.0,Active
A0A178VZ54,UniProtKB/TrEMBL,1.0,Active
A0A178WER1,UniProtKB/TrEMBL,1.0,Active
Q9FJN2,UniProtKB/TrEMBL,1.0,Active
A0A1P8AMI0,UniProtKB/TrEMBL,1.0,Active
Q0WPL3,UniProtKB/TrEMBL,2.0,Active
F4ISA8,UniProtKB/TrEMBL,1.0,Active
A8MRF9,UniProtKB/Swiss-Prot,2.0,Active
Q3EBM6,UniProtKB/Swiss-Prot,5.0,Active
A0A178V262,UniProtKB/TrEMBL,1.0,Active
A0A5S9Y5U9,UniProtKB/TrEMBL,1.0,Active
A0A178VJ29,UniProtKB/TrEMBL,2.0,Active
A0A1P8B0P3,UniProtKB/TrEMBL,3.0,Active
A0A178VCG3,UniProtKB/TrEMBL,1.0,Active
A0A1I9LM64,UniProtKB/TrEMBL,2.0,Active
Q9SK67,UniProtKB/Swiss-Prot,3.0,Active
A0A654FM16,UniProtKB/TrEMBL,1.0,Active
A0A178UPQ6,UniProtKB/TrEMBL,1.0,Active
A0A654EGM0,UniProtKB/TrEMBL,1.0,Active
A0A1P8B5U7,UniProtKB/TrEMBL,1.0,Active
Q0WM84,UniProtKB/TrEMBL,2.0,Active
O22953,UniProtKB/TrEMBL,2.0,Active
Q0WTQ5,UniProtKB/TrEMBL,1.0,Active
A0A178UGX3,UniProtKB/TrEMBL,1.0,Active
A0A654FBC9,UniProtKB/TrEMBL,1.0,Active
Q682H0,UniProtKB/Swiss-Prot,2.0,Active
A0A178URR3,UniProtKB/TrEMBL,1.0,Active
Q9LNH8,UniProtKB/TrEMBL,1.0,Active
A0A178WFR4,UniProtKB/TrEMBL,1.0,Active
A0A7G2EUP6,UniProtKB/TrEMBL,1.0,Active
A0A178W9Q6,UniProtKB/TrEMBL,2.0,Active
A0A384L7W8,UniProtKB/TrEMBL,1.0,Active
Q9SD24,UniProtKB/Swiss-Prot,1.0,Active
O81461,UniProtKB/TrEMBL,1.0,Active
A0A178UPS6,UniProtKB/TrEMBL,2.0,Active
O82272,UniProtKB/TrEMBL,1.0,Active
Q9LFI8,UniProtKB/TrEMBL,1.0,Active
A0A178VBR3,UniProtKB/TrEMBL,1.0,Active
A0A178WLN5,UniProtKB/TrEMBL,2.0,Active
A0A7G2EC51,UniProtKB/TrEMBL,1.0,Active
A8MRH4,UniProtKB/TrEMBL,1.0,Active
A0MJS9,UniProtKB/TrEMBL,1.0,Active
A0A178UZP1,UniProtKB/TrEMBL,1.0,Active
A0A178UC53,UniProtKB/TrEMBL,1.0,Active
F4JIB7,UniProtKB/TrEMBL,1.0,Active
Q0WMC0,UniProtKB/TrEMBL,1.0,Active
A0A178VW60,UniProtKB/TrEMBL,1.0,Active
Q6NLE9,UniProtKB/TrEMBL,1.0,Active
A0A7G2ENF5,UniProtKB/TrEMBL,1.0,Active
Q8LBL3,UniProtKB/TrEMBL,1.0,Active
A0A178W2E8,UniProtKB/TrEMBL,1.0,Active
Q8GYU8,UniProtKB/TrEMBL,1.0,Active
C0Z3B1,UniProtKB/TrEMBL,2.0,Active
A0A7G2DSB6,UniProtKB/TrEMBL,1.0,Active
P93034,UniProtKB/TrEMBL,1.0,Active
A0A5S9X004,UniProtKB/TrEMBL,1.0,Active
A0A178UAN8,UniProtKB/TrEMBL,1.0,Active
A0MJT2,UniProtKB/TrEMBL,1.0,Active
A0MED0,UniProtKB/TrEMBL,1.0,Active
A0MEZ8,UniProtKB/TrEMBL,1.0,Active
Q0WTI8,UniProtKB/Swiss-Prot,2.0,Active
A0A178UQ00,UniProtKB/TrEMBL,1.0,Active
A0A178UUW0,UniProtKB/TrEMBL,1.0,Active
A8MS03,UniProtKB/TrEMBL,2.0,Active
Q9S9Z4,UniProtKB/TrEMBL,1.0,Active
A0A178VRT6,UniProtKB/TrEMBL,2.0,Active
A0A1P8AYD6,UniProtKB/TrEMBL,1.0,Active
A0A178VQH4,UniProtKB/TrEMBL,1.0,Active
A0A384L5D0,UniProtKB/TrEMBL,1.0,Active
A0A1P8ART5,UniProtKB/TrEMBL,1.0,Active
A0A178UNM1,UniProtKB/TrEMBL,1.0,Active
A0A178V974,UniProtKB/TrEMBL,1.0,Active
A0A5S9XGZ2,UniProtKB/TrEMBL,1.0,Active
A0A7G2DZW8,UniProtKB/TrEMBL,1.0,Active
A0A7G2DR56,UniProtKB/TrEMBL,1.0,Active
A0A178W5X9,UniProtKB/TrEMBL,1.0,Active
Q9MAD4,UniProtKB/TrEMBL,1.0,Active
A0A178UFF0,UniProtKB/TrEMBL,1.0,Active
A0A7G2EV79,UniProtKB/TrEMBL,1.0,Active
A0A178UKH3,UniProtKB/TrEMBL,1.0,Active
A0A1I9LQA1,UniProtKB/TrEMBL,1.0,Active
Q0WTG7,UniProtKB/TrEMBL,1.0,Active
A0A7G2EC86,UniProtKB/TrEMBL,2.0,Active
Q8W1E2,UniProtKB/TrEMBL,1.0,Active
A0A178VUG0,UniProtKB/TrEMBL,1.0,Active
G1C2W2,UniProtKB/TrEMBL,2.0,Active
A0A7G2E459,UniProtKB/TrEMBL,1.0,Active
A0A7G2FD82,UniProtKB/TrEMBL,1.0,Active
A0A654EU70,UniProtKB/TrEMBL,1.0,Active
A0A384KDW1,UniProtKB/TrEMBL,2.0,Active
A0A654G2T3,UniProtKB/TrEMBL,1.0,Active
A0A7G2FIW6,UniProtKB/TrEMBL,1.0,Active
A0MET4,UniProtKB/TrEMBL,1.0,Active
A0A178VTX3,UniProtKB/TrEMBL,1.0,Active
A0A1P8AXY6,UniProtKB/TrEMBL,1.0,Active
A0A178UXX3,UniProtKB/TrEMBL,1.0,Active
A0A178UPH7,UniProtKB/TrEMBL,1.0,Active
A0A178WN14,UniProtKB/TrEMBL,1.0,Active
Q38Q39,UniProtKB/Swiss-Prot,3.0,Active
A0A178WKB0,UniProtKB/TrEMBL,1.0,Active
A0A7G2FAQ3,UniProtKB/TrEMBL,1.0,Active
A0A178V8G9,UniProtKB/TrEMBL,1.0,Active
A0A178V3M5,UniProtKB/TrEMBL,1.0,Active
Q9SSH1,UniProtKB/TrEMBL,1.0,Active
A0A178VGK6,UniProtKB/TrEMBL,1.0,Active
A0A384L0L2,UniProtKB/TrEMBL,3.0,Active
A0A178WNG2,UniProtKB/TrEMBL,1.0,Active
Q8GWI3,UniProtKB/TrEMBL,1.0,Active
B3H543,UniProtKB/TrEMBL,1.0,Active
Q56WX0,UniProtKB/TrEMBL,1.0,Active
A0A178UC40,UniProtKB/TrEMBL,1.0,Active
A0A178UKE7,UniProtKB/TrEMBL,2.0,Active
Q9FLH7,UniProtKB/TrEMBL,1.0,Active
A0A178VPG1,UniProtKB/TrEMBL,2.0,Active
Q9FHM3,UniProtKB/TrEMBL,1.0,Active
A0A5S9XGU3,UniProtKB/TrEMBL,1.0,Active
A0A5S9XDS8,UniProtKB/TrEMBL,1.0,Active
A0A178WJQ2,UniProtKB/TrEMBL,2.0,Active
Q9FN58,UniProtKB/TrEMBL,2.0,Active
B0ZXL7,UniProtKB/TrEMBL,1.0,Active
A0A178WAP4,UniProtKB/TrEMBL,1.0,Active
A0A178VKN7,UniProtKB/TrEMBL,2.0,Active
A0A7G2DTY0,UniProtKB/TrEMBL,2.0,Active
A0A178UBS2,UniProtKB/TrEMBL,1.0,Active
A0A178VTZ1,UniProtKB/TrEMBL,1.0,Active
A0A7G2E2B2,UniProtKB/TrEMBL,1.0,Active
A0A7G2EHT4,UniProtKB/TrEMBL,1.0,Active
Q8L8Y7,UniProtKB/TrEMBL,2.0,Active
A0A178UDK7,UniProtKB/TrEMBL,1.0,Active
Q0WQJ0,UniProtKB/TrEMBL,2.0,Active
A0A5S9XPU7,UniProtKB/TrEMBL,1.0,Active
Q9SZL4,UniProtKB/Swiss-Prot,3.0,Active
Q9LNM6,UniProtKB/TrEMBL,1.0,Active
Q84WM4,UniProtKB/TrEMBL,1.0,Active
A0A178UBH4,UniProtKB/TrEMBL,1.0,Active
B5BRD3,UniProtKB/TrEMBL,1.0,Active
A0A178VYN9,UniProtKB/TrEMBL,1.0,Active
O80949,UniProtKB/Swiss-Prot,3.0,Active
A0A1P8AP84,UniProtKB/TrEMBL,1.0,Active
A0MJU1,UniProtKB/TrEMBL,1.0,Active
A0A384LN09,UniProtKB/TrEMBL,1.0,Active
B0ZWC6,UniProtKB/TrEMBL,1.0,Active
A0A178W640,UniProtKB/TrEMBL,1.0,Active
A0A178WK02,UniProtKB/TrEMBL,3.0,Active
A0A178UKI4,UniProtKB/TrEMBL,1.0,Active
A0A178VKF8,UniProtKB/TrEMBL,1.0,Active
Q9M284,UniProtKB/TrEMBL,1.0,Active
Q9LRQ3,UniProtKB/TrEMBL,1.0,Active
Q39194,UniProtKB/Swiss-Prot,4.0,Active
A0A178URV6,UniProtKB/TrEMBL,1.0,Active
A0A7G2F131,UniProtKB/TrEMBL,1.0,Active
Q84VN2,UniProtKB/TrEMBL,1.0,Active
Q9SI09,UniProtKB/Swiss-Prot,5.0,Active
A0A5S9VMU8,UniProtKB/TrEMBL,1.0,Active
A0A654GB09,UniProtKB/TrEMBL,1.0,Active
Q8RWP8,UniProtKB/TrEMBL,1.0,Active
A0A178ULA7,UniProtKB/TrEMBL,1.0,Active
A0A178UL07,UniProtKB/TrEMBL,1.0,Active
A0A178V0P7,UniProtKB/TrEMBL,1.0,Active
O65561,UniProtKB/TrEMBL,1.0,Active
A0A178V4G8,UniProtKB/TrEMBL,1.0,Active
Q9SX24,UniProtKB/Swiss-Prot,2.0,Active
A0A7G2EHW1,UniProtKB/TrEMBL,1.0,Active
A0A384L4E1,UniProtKB/TrEMBL,2.0,Active
A0A178URD9,UniProtKB/TrEMBL,1.0,Active
A0JQ67,UniProtKB/TrEMBL,1.0,Active
F4JGU4,UniProtKB/TrEMBL,2.0,Active
A0A1P8B6C8,UniProtKB/TrEMBL,1.0,Active
A0A654F1W2,UniProtKB/TrEMBL,1.0,Active
A0A654FBU1,UniProtKB/TrEMBL,1.0,Active
F4KAQ2,UniProtKB/TrEMBL,2.0,Active
A0MFF9,UniProtKB/TrEMBL,1.0,Active
A0A1P8BD54,UniProtKB/TrEMBL,1.0,Active
Q8S8D0,UniProtKB/TrEMBL,1.0,Active
A0A178U7S5,UniProtKB/TrEMBL,1.0,Active
F4J0D0,UniProtKB/TrEMBL,1.0,Active
Q8H7D9,UniProtKB/TrEMBL,1.0,Active
A0A654ETA7,UniProtKB/TrEMBL,1.0,Active
A0A178WJA5,UniProtKB/TrEMBL,1.0,Active
F4KIP1,UniProtKB/TrEMBL,1.0,Active
A0A654E794,UniProtKB/TrEMBL,2.0,Active
F4KEP8,UniProtKB/TrEMBL,2.0,Active
O23298,UniProtKB/TrEMBL,1.0,Active
A0A1P8AZH3,UniProtKB/TrEMBL,1.0,Active
A0A1P8BBV3,UniProtKB/TrEMBL,1.0,Active
A0A178VNN1,UniProtKB/TrEMBL,1.0,Active
A0A178UBL6,UniProtKB/TrEMBL,1.0,Active
A0A7G2FEW6,UniProtKB/TrEMBL,1.0,Active
A0A2H1ZEP0,UniProtKB/TrEMBL,1.0,Active
Q9SI26,UniProtKB/TrEMBL,1.0,Active
A0A178VAM1,UniProtKB/TrEMBL,1.0,Active
A0A178VYI3,UniProtKB/TrEMBL,1.0,Active
A0A178W0E0,UniProtKB/TrEMBL,1.0,Active
A0A7G2F9Q2,UniProtKB/TrEMBL,1.0,Active
Q04614,UniProtKB/Swiss-Prot,4.0,Active
Q8W1E8,UniProtKB/TrEMBL,1.0,Active
Q84MM8,UniProtKB/TrEMBL,1.0,Active
A0MEI4,UniProtKB/TrEMBL,1.0,Active
P93295,UniProtKB/Swiss-Prot,1.0,Active
A0A178V522,UniProtKB/TrEMBL,1.0,Active
A0A1P8APJ2,UniProtKB/TrEMBL,2.0,Active
A0A178US22,UniProtKB/TrEMBL,1.0,Active
Q9LIS4,UniProtKB/TrEMBL,1.0,Active
A0A7G2E734,UniProtKB/TrEMBL,1.0,Active
F4J405,UniProtKB/TrEMBL,1.0,Active
A0A7G2E0S9,UniProtKB/TrEMBL,1.0,Active
A0A178VRP1,UniProtKB/TrEMBL,1.0,Active
A0A1P8AS98,UniProtKB/TrEMBL,1.0,Active
A0A178UDL0,UniProtKB/TrEMBL,1.0,Active
A0A654FQU5,UniProtKB/TrEMBL,1.0,Active
O23262,UniProtKB/Swiss-Prot,3.0,Active
A0A7G2DZK8,UniProtKB/TrEMBL,1.0,Active
A0A178VLZ2,UniProtKB/TrEMBL,1.0,Active
A0A178UFW9,UniProtKB/TrEMBL,1.0,Active
A0A5S9WXV6,UniProtKB/TrEMBL,1.0,Active
A0A178V5Z6,UniProtKB/TrEMBL,1.0,Active
A0A178WML3,UniProtKB/TrEMBL,2.0,Active
Q8LG10,UniProtKB/Swiss-Prot,3.0,Active
A0A178VAA2,UniProtKB/TrEMBL,1.0,Active
Q8GXK1,UniProtKB/TrEMBL,1.0,Active
A0MFG1,UniProtKB/TrEMBL,1.0,Active
A0A178W5C2,UniProtKB/TrEMBL,1.0,Active
A0A178V0E0,UniProtKB/TrEMBL,2.0,Active
A0A2H1ZE15,UniProtKB/TrEMBL,2.0,Active
F4IX05,UniProtKB/TrEMBL,1.0,Active
Q84VV3,UniProtKB/TrEMBL,1.0,Active
S4WMM3,UniProtKB/TrEMBL,1.0,Active
Q9LZH8,UniProtKB/Swiss-Prot,3.0,Active
A0A178VFW6,UniProtKB/TrEMBL,2.0,Active
Q9SRK0,UniProtKB/TrEMBL,1.0,Active
A0A178VJW9,UniProtKB/TrEMBL,1.0,Active
A0A178WID4,UniProtKB/TrEMBL,1.0,Active
Q1KS87,UniProtKB/TrEMBL,1.0,Active
A0A5S9WL83,UniProtKB/TrEMBL,1.0,Active
Q570M2,UniProtKB/TrEMBL,1.0,Active
Q94AW5,UniProtKB/Swiss-Prot,3.0,Active
A0A178UCM5,UniProtKB/TrEMBL,1.0,Active
A0A178UIM4,UniProtKB/TrEMBL,1.0,Active
Q1G3U2,UniProtKB/TrEMBL,1.0,Active
A0A5S9WL58,UniProtKB/TrEMBL,1.0,Active
A0A178W3X0,UniProtKB/TrEMBL,2.0,Active
A0A178VFW3,UniProtKB/TrEMBL,1.0,Active
A0A654F6G1,UniProtKB/TrEMBL,1.0,Active
O04595,UniProtKB/TrEMBL,1.0,Active
A0A178WGK4,UniProtKB/TrEMBL,1.0,Active
A0A654EF19,UniProtKB/TrEMBL,1.0,Active
A0A654G623,UniProtKB/TrEMBL,1.0,Active
A0A654FDZ2,UniProtKB/TrEMBL,2.0,Active
Q9SSS1,UniProtKB/TrEMBL,1.0,Active
A0A654FRS4,UniProtKB/TrEMBL,1.0,Active
Q681H4,UniProtKB/TrEMBL,1.0,Active
A0A7G2EG67,UniProtKB/TrEMBL,1.0,Active
A0A178UWE5,UniProtKB/TrEMBL,2.0,Active
A0A654ER25,UniProtKB/TrEMBL,1.0,Active
A0A178UYK5,UniProtKB/TrEMBL,1.0,Active
G1C2Y6,UniProtKB/TrEMBL,2.0,Active
Q9FMY2,UniProtKB/TrEMBL,1.0,Active
A0A1P8B622,UniProtKB/TrEMBL,2.0,Active
A0A654ELG0,UniProtKB/TrEMBL,1.0,Active
A0MFD4,UniProtKB/TrEMBL,1.0,Active
A0A178V774,UniProtKB/TrEMBL,1.0,Active
A0A178UTM7,UniProtKB/TrEMBL,1.0,Active
A0A178UGE2,UniProtKB/TrEMBL,1.0,Active
A0A5S9XT00,UniProtKB/TrEMBL,1.0,Active
Q9LFV0,UniProtKB/Swiss-Prot,2.0,Active
A0A178V0S0,UniProtKB/TrEMBL,1.0,Active
Q56Z65,UniProtKB/TrEMBL,1.0,Active
Q7XJU1,UniProtKB/Swiss-Prot,3.0,Active
A0A5S9WLP5,UniProtKB/TrEMBL,1.0,Active
A0A178V7K7,UniProtKB/TrEMBL,1.0,Active
Q9XFS7,UniProtKB/Swiss-Prot,3.0,Active
A0A7G2FHJ0,UniProtKB/TrEMBL,1.0,Active
Q9FL42,UniProtKB/Swiss-Prot,3.0,Active
A0A178W2M1,UniProtKB/TrEMBL,1.0,Active
C0J8M8,UniProtKB/TrEMBL,2.0,Active
A0A178UY82,UniProtKB/TrEMBL,1.0,Active
A0A178VXJ0,UniProtKB/TrEMBL,1.0,Active
C0Z2A2,UniProtKB/TrEMBL,1.0,Active
C0Z2W4,UniProtKB/TrEMBL,1.0,Active
A0A178V0G6,UniProtKB/TrEMBL,1.0,Active
A0A1P8B0U6,UniProtKB/TrEMBL,1.0,Active
Q9LS13,UniProtKB/TrEMBL,1.0,Active
Q9LZR7,UniProtKB/TrEMBL,1.0,Active
A0A7G2FFX0,UniProtKB/TrEMBL,1.0,Active
A0A178W4H3,UniProtKB/TrEMBL,1.0,Active
Q9FJB2,UniProtKB/TrEMBL,1.0,Active
A0A5S9XP51,UniProtKB/TrEMBL,1.0,Active
Q6DSS4,UniProtKB/TrEMBL,1.0,Active
Q0WQ91,UniProtKB/Swiss-Prot,3.0,Active
Q9SRM0,UniProtKB/Swiss-Prot,3.0,Active
Q6AWW2,UniProtKB/TrEMBL,1.0,Active
Q6DYD9,UniProtKB/TrEMBL,1.0,Active
A0A178UV72,UniProtKB/TrEMBL,1.0,Active
A0A178WEY1,UniProtKB/TrEMBL,1.0,Active
O81432,UniProtKB/Swiss-Prot,2.0,Active
A0A178WMM9,UniProtKB/TrEMBL,1.0,Active
A0A1P8BEB9,UniProtKB/TrEMBL,1.0,Active
Q8L8R7,UniProtKB/TrEMBL,1.0,Active
F4I2G0,UniProtKB/TrEMBL,1.0,Active
A0A178UEU9,UniProtKB/TrEMBL,2.0,Active
Q56ZK3,UniProtKB/TrEMBL,2.0,Active
A0A5S9XRG2,UniProtKB/TrEMBL,1.0,Active
A0A2H1ZE92,UniProtKB/TrEMBL,1.0,Active
A0A384KJT4,UniProtKB/TrEMBL,1.0,Active
A0A178V6L2,UniProtKB/TrEMBL,1.0,Active
F4K8V7,UniProtKB/TrEMBL,1.0,Active
Q3E7K1,UniProtKB/TrEMBL,1.0,Active
A0A178W8P8,UniProtKB/TrEMBL,1.0,Active
F4I0N3,UniProtKB/Swiss-Prot,2.0,Active
A0A178VIF4,UniProtKB/TrEMBL,1.0,Active
A0A384LII7,UniProtKB/TrEMBL,1.0,Active
A0A178UN96,UniProtKB/TrEMBL,1.0,Active
A0A5S9XT64,UniProtKB/TrEMBL,1.0,Active
A0A7G2ENX9,UniProtKB/TrEMBL,2.0,Active
A0A7G2F8D4,UniProtKB/TrEMBL,1.0,Active
A0A654F832,UniProtKB/TrEMBL,2.0,Active
A0A7G2EQQ5,UniProtKB/TrEMBL,1.0,Active
A0A178VNN6,UniProtKB/TrEMBL,1.0,Active
A0A1P8BCN7,UniProtKB/TrEMBL,2.0,Active
A0A384LGA5,UniProtKB/TrEMBL,2.0,Active
Q9LF91,UniProtKB/TrEMBL,1.0,Active
A0A1P8AQQ6,UniProtKB/TrEMBL,1.0,Active
A0A178UQ79,UniProtKB/TrEMBL,1.0,Active
A0A7G2EFK6,UniProtKB/TrEMBL,2.0,Active
F4J3V2,UniProtKB/TrEMBL,1.0,Active
A0A178VKF4,UniProtKB/TrEMBL,1.0,Active
Q6AWX4,UniProtKB/TrEMBL,2.0,Active
Q93Z28,UniProtKB/TrEMBL,1.0,Active
A0A5S9Y6Z4,UniProtKB/TrEMBL,1.0,Active
A0A178UR31,UniProtKB/TrEMBL,1.0,Active
A0A178VSJ2,UniProtKB/TrEMBL,1.0,Active
F4HV94,UniProtKB/TrEMBL,1.0,Active
B9DHW8,UniProtKB/TrEMBL,2.0,Active
A0A178W5X2,UniProtKB/TrEMBL,2.0,Active
A0A178W497,UniProtKB/TrEMBL,1.0,Active
A0A654FS44,UniProtKB/TrEMBL,1.0,Active
Q9LTK9,UniProtKB/TrEMBL,1.0,Active
A0A178V0C3,UniProtKB/TrEMBL,1.0,Active
Q5XVD9,UniProtKB/TrEMBL,1.0,Active
Q9LXX9,UniProtKB/TrEMBL,1.0,Active
A0A178V7C7,UniProtKB/TrEMBL,1.0,Active
A0A178UWR1,UniProtKB/TrEMBL,1.0,Active
A0A178WB83,UniProtKB/TrEMBL,1.0,Active
Q1PE75,UniProtKB/TrEMBL,1.0,Active
B0LYY0,UniProtKB/TrEMBL,1.0,Active
A0A654ESD7,UniProtKB/TrEMBL,1.0,Active
F4J3U4,UniProtKB/TrEMBL,1.0,Active
Q8W579,UniProtKB/TrEMBL,1.0,Active
Q9SGE2,UniProtKB/Swiss-Prot,3.0,Active
A0A7G2F4N7,UniProtKB/TrEMBL,1.0,Active
A0A178VGH7,UniProtKB/TrEMBL,1.0,Active
A0A384KA19,UniProtKB/TrEMBL,1.0,Active
A0A1P8B8X1,UniProtKB/TrEMBL,1.0,Active
A8MRX9,UniProtKB/TrEMBL,2.0,Active
A0A654G5P6,UniProtKB/TrEMBL,1.0,Active
Q6NKS6,UniProtKB/TrEMBL,1.0,Active
A0A0B4UL02,UniProtKB/TrEMBL,1.0,Active
A0A1P8AML8,UniProtKB/TrEMBL,1.0,Active
A0A178UMG6,UniProtKB/TrEMBL,1.0,Active
F4JG23,UniProtKB/TrEMBL,1.0,Active
A0A178W4Z2,UniProtKB/TrEMBL,1.0,Active
A0A178WMK2,UniProtKB/TrEMBL,2.0,Active
A0A178VNS7,UniProtKB/TrEMBL,1.0,Active
A0A178VV29,UniProtKB/TrEMBL,1.0,Active
A0A178VYR2,UniProtKB/TrEMBL,1.0,Active
A0A178VDX1,UniProtKB/TrEMBL,1.0,Active
A0A178VED9,UniProtKB/TrEMBL,2.0,Active
A0A178UJ75,UniProtKB/TrEMBL,1.0,Active
A0A654ET57,UniProtKB/TrEMBL,1.0,Active
Q9LK18,UniProtKB/Swiss-Prot,2.0,Active
A0A178V8E1,UniProtKB/TrEMBL,1.0,Active
A0A178W307,UniProtKB/TrEMBL,1.0,Active
A0A178V9H0,UniProtKB/TrEMBL,1.0,Active
A0A178VI03,UniProtKB/TrEMBL,1.0,Active
Q9SKC9,UniProtKB/Swiss-Prot,3.0,Active
Q9ZV82,UniProtKB/TrEMBL,1.0,Active
A0A178UEC1,UniProtKB/TrEMBL,1.0,Active
Q8S8T8,UniProtKB/Swiss-Prot,2.0,Active
Q8LPF9,UniProtKB/TrEMBL,1.0,Active
Q9SQZ9,UniProtKB/Swiss-Prot,2.0,Active
A0A178W288,UniProtKB/TrEMBL,1.0,Active
Q0WNS8,UniProtKB/TrEMBL,1.0,Active
A0A178UJM3,UniProtKB/TrEMBL,1.0,Active
A0A178VZL7,UniProtKB/TrEMBL,1.0,Active
A0A178W1W0,UniProtKB/TrEMBL,2.0,Active
F4I1T8,UniProtKB/TrEMBL,1.0,Active
A0A178UEN1,UniProtKB/TrEMBL,1.0,Active
A0A178V5K9,UniProtKB/TrEMBL,1.0,Active
A0A654EH47,UniProtKB/TrEMBL,1.0,Active
A0A178UWQ8,UniProtKB/TrEMBL,1.0,Active
A0A7G2EQ37,UniProtKB/TrEMBL,1.0,Active
A0A178WMU5,UniProtKB/TrEMBL,1.0,Active
A0A178WIP3,UniProtKB/TrEMBL,1.0,Active
A0A654F011,UniProtKB/TrEMBL,1.0,Active
A0MF54,UniProtKB/TrEMBL,1.0,Active
B0FVF9,UniProtKB/TrEMBL,1.0,Active
A0MFF6,UniProtKB/TrEMBL,1.0,Active
A0A5S9YA65,UniProtKB/TrEMBL,1.0,Active
F4I964,UniProtKB/TrEMBL,1.0,Active
F4IQQ9,UniProtKB/Swiss-Prot,3.0,Active
A0A178V1T5,UniProtKB/TrEMBL,2.0,Active
A0A7G2F2K8,UniProtKB/TrEMBL,1.0,Active
A0A7G2F3Z5,UniProtKB/TrEMBL,1.0,Active
A0A178VSY7,UniProtKB/TrEMBL,2.0,Active
A0A384L204,UniProtKB/TrEMBL,1.0,Active
A0A5S9WUS4,UniProtKB/TrEMBL,1.0,Active
A0A7G2EJU4,UniProtKB/TrEMBL,1.0,Active
A0A7G2FC12,UniProtKB/TrEMBL,1.0,Active
Q9SHV8,UniProtKB/TrEMBL,1.0,Active
A0A178V4Y9,UniProtKB/TrEMBL,3.0,Active
A0A178UH32,UniProtKB/TrEMBL,1.0,Active
A0A5S9XXP7,UniProtKB/TrEMBL,1.0,Active
Q9LM69,UniProtKB/Swiss-Prot,4.0,Active
O22755,UniProtKB/Swiss-Prot,5.0,Active
A0A178VZ65,UniProtKB/TrEMBL,2.0,Active
A0A178VZ86,UniProtKB/TrEMBL,1.0,Active
A0A7G2EWL9,UniProtKB/TrEMBL,1.0,Active
A0A178UFZ2,UniProtKB/TrEMBL,1.0,Active
A0A178VZ99,UniProtKB/TrEMBL,1.0,Active
A0A178VXQ7,UniProtKB/TrEMBL,1.0,Active
A0A178WBY4,UniProtKB/TrEMBL,1.0,Active
A0A178VRC6,UniProtKB/TrEMBL,2.0,Active
A0A1P8AU91,UniProtKB/TrEMBL,1.0,Active
A0A1P8BD70,UniProtKB/TrEMBL,1.0,Active
Q9C819,UniProtKB/TrEMBL,1.0,Active
A0A178V1L8,UniProtKB/TrEMBL,1.0,Active
Q9FN57,UniProtKB/TrEMBL,2.0,Active
Q570A8,UniProtKB/TrEMBL,2.0,Active
Q56ZU7,UniProtKB/TrEMBL,1.0,Active
A0A178VVM7,UniProtKB/TrEMBL,1.0,Active
A0A178VM63,UniProtKB/TrEMBL,2.0,Active
A0A178VXN8,UniProtKB/TrEMBL,1.0,Active
A0A178VNV1,UniProtKB/TrEMBL,1.0,Active
A0A178V8F7,UniProtKB/TrEMBL,2.0,Active
F4JP00,UniProtKB/TrEMBL,1.0,Active
A0A7G2EEZ7,UniProtKB/TrEMBL,1.0,Active
Q9S9Z3,UniProtKB/TrEMBL,1.0,Active
A0A7G2F833,UniProtKB/TrEMBL,1.0,Active
Q84X48,UniProtKB/TrEMBL,1.0,Active
A0A178V793,UniProtKB/TrEMBL,1.0,Active
A0A178UF06,UniProtKB/TrEMBL,1.0,Active
A0A178VR78,UniProtKB/TrEMBL,1.0,Active
Q56X22,UniProtKB/TrEMBL,1.0,Active
A0A384KQC7,UniProtKB/TrEMBL,1.0,Active
Q56XX9,UniProtKB/TrEMBL,1.0,Active
A0A178WBJ3,UniProtKB/TrEMBL,1.0,Active
A0A5S9WMA4,UniProtKB/TrEMBL,1.0,Active
Q9ZPU0,UniProtKB/TrEMBL,1.0,Active
A0MEY9,UniProtKB/TrEMBL,1.0,Active
A0A178W6C5,UniProtKB/TrEMBL,1.0,Active
A0A1P8AX20,UniProtKB/TrEMBL,1.0,Active
A0A178UJQ4,UniProtKB/TrEMBL,1.0,Active
A0A178VMQ4,UniProtKB/TrEMBL,1.0,Active
A0A7G2ET01,UniProtKB/TrEMBL,1.0,Active
A0A7G2FQ26,UniProtKB/TrEMBL,1.0,Active
Q940R5,UniProtKB/TrEMBL,1.0,Active
A0A7G2FBP6,UniProtKB/TrEMBL,1.0,Active
P34788,UniProtKB/Swiss-Prot,4.0,Active
A0A178UY65,UniProtKB/TrEMBL,1.0,Active
A0A178UG56,UniProtKB/TrEMBL,1.0,Active
Q9LRV4,UniProtKB/TrEMBL,1.0,Active
A0A654G494,UniProtKB/TrEMBL,1.0,Active
Q93VF4,UniProtKB/TrEMBL,2.0,Active
A0A178W794,UniProtKB/TrEMBL,2.0,Active
A0A178W1U1,UniProtKB/TrEMBL,1.0,Active
A0A1P8BHA3,UniProtKB/TrEMBL,1.0,Active
A0A178W9L1,UniProtKB/TrEMBL,2.0,Active
A0A1P8AVM6,UniProtKB/TrEMBL,1.0,Active
B0FUI8,UniProtKB/TrEMBL,1.0,Active
Q9C843,UniProtKB/TrEMBL,1.0,Active
A0A7G2FGS1,UniProtKB/TrEMBL,1.0,Active
A0A178VN94,UniProtKB/TrEMBL,2.0,Active
F4I386,UniProtKB/TrEMBL,1.0,Active
A0A178VZ60,UniProtKB/TrEMBL,2.0,Active
A0A7G2DWL3,UniProtKB/TrEMBL,1.0,Active
A0A178VM58,UniProtKB/TrEMBL,1.0,Active
A0A178UH17,UniProtKB/TrEMBL,1.0,Active
A0A178UFD1,UniProtKB/TrEMBL,1.0,Active
A0A7G2DZ52,UniProtKB/TrEMBL,1.0,Active
A0A7G2E4K4,UniProtKB/TrEMBL,1.0,Active
A0A178W893,UniProtKB/TrEMBL,1.0,Active
A0A178WEH4,UniProtKB/TrEMBL,1.0,Active
B9DHP1,UniProtKB/TrEMBL,1.0,Active
O49450,UniProtKB/TrEMBL,1.0,Active
A0A5S9XFW8,UniProtKB/TrEMBL,1.0,Active
A0A178UZ60,UniProtKB/TrEMBL,1.0,Active
A0A178V375,UniProtKB/TrEMBL,1.0,Active
F4HUY1,UniProtKB/TrEMBL,3.0,Active
A0A178WGM7,UniProtKB/TrEMBL,1.0,Active
Q8LEC2,UniProtKB/TrEMBL,2.0,Active
A0A178UX52,UniProtKB/TrEMBL,1.0,Active
Q94BV2,UniProtKB/Swiss-Prot,4.0,Active
A0A1P8AV59,UniProtKB/TrEMBL,1.0,Active
A0A178W3B5,UniProtKB/TrEMBL,1.0,Active
F4KA31,UniProtKB/TrEMBL,1.0,Active
F4I861,UniProtKB/TrEMBL,1.0,Active
F4KIN5,UniProtKB/TrEMBL,1.0,Active
A0A178VCA6,UniProtKB/TrEMBL,1.0,Active
A0A654GAE1,UniProtKB/TrEMBL,1.0,Active
A0A5S9YBM0,UniProtKB/TrEMBL,2.0,Active
A0A178VYG2,UniProtKB/TrEMBL,1.0,Active
A0A178W1W3,UniProtKB/TrEMBL,1.0,Active
A0A7G2EY57,UniProtKB/TrEMBL,1.0,Active
A0A178UKR6,UniProtKB/TrEMBL,1.0,Active
A0A178WAJ8,UniProtKB/TrEMBL,1.0,Active
A0A1P8AMK3,UniProtKB/TrEMBL,1.0,Active
A0A384L143,UniProtKB/TrEMBL,1.0,Active
F4J318,UniProtKB/TrEMBL,1.0,Active
A0A178VY72,UniProtKB/TrEMBL,1.0,Active
A0A7G2FA11,UniProtKB/TrEMBL,2.0,Active
A0A178WMX6,UniProtKB/TrEMBL,1.0,Active
A0A654FX83,UniProtKB/TrEMBL,2.0,Active
Q0WS40,UniProtKB/TrEMBL,1.0,Active
Q0MVE4,UniProtKB/TrEMBL,1.0,Active
P56774,UniProtKB/Swiss-Prot,3.0,Active
Q9SCS6,UniProtKB/Swiss-Prot,3.0,Active
F4KCW4,UniProtKB/TrEMBL,1.0,Active
Q0WM31,UniProtKB/TrEMBL,1.0,Active
Q8LEK2,UniProtKB/Swiss-Prot,5.0,Active
A0A178VX24,UniProtKB/TrEMBL,1.0,Active
Q8GWR9,UniProtKB/TrEMBL,1.0,Active
A0A384KNU5,UniProtKB/TrEMBL,1.0,Active
A0A654G576,UniProtKB/TrEMBL,1.0,Active
Q0WKV6,UniProtKB/TrEMBL,2.0,Active
A0A178V4T1,UniProtKB/TrEMBL,1.0,Active
A0MEC4,UniProtKB/TrEMBL,1.0,Active
A0A178VA27,UniProtKB/TrEMBL,1.0,Active
Q9C8R7,UniProtKB/TrEMBL,1.0,Active
A0A178U6Z0,UniProtKB/TrEMBL,1.0,Active
A0A5S9Y6M1,UniProtKB/TrEMBL,2.0,Active
A0A5S9WYT7,UniProtKB/TrEMBL,1.0,Active
A0A178VFC0,UniProtKB/TrEMBL,1.0,Active
A0A5S9YBP3,UniProtKB/TrEMBL,1.0,Active
A0A178UY57,UniProtKB/TrEMBL,1.0,Active
A0A7G2EZH8,UniProtKB/TrEMBL,1.0,Active
A0A178UNP5,UniProtKB/TrEMBL,1.0,Active
A0A178UPE0,UniProtKB/TrEMBL,2.0,Active
A0A178VR31,UniProtKB/TrEMBL,1.0,Active
A0A178UWW4,UniProtKB/TrEMBL,1.0,Active
A0A654F7C5,UniProtKB/TrEMBL,1.0,Active
Q9LK05,UniProtKB/TrEMBL,1.0,Active
Q9ZQD0,UniProtKB/TrEMBL,1.0,Active
A0A178VV38,UniProtKB/TrEMBL,1.0,Active
A0A178W234,UniProtKB/TrEMBL,1.0,Active
A0A5S9Y1M8,UniProtKB/TrEMBL,1.0,Active
A0A178VP96,UniProtKB/TrEMBL,1.0,Active
Q9C960,UniProtKB/TrEMBL,2.0,Active
Q9FNQ4,UniProtKB/Swiss-Prot,3.0,Active
A0A5S9WNN7,UniProtKB/TrEMBL,1.0,Active
A8MS73,UniProtKB/TrEMBL,1.0,Active
A0A1I9LR19,UniProtKB/TrEMBL,1.0,Active
A0A178URU1,UniProtKB/TrEMBL,1.0,Active
A0A7G2EKD6,UniProtKB/TrEMBL,1.0,Active
A0A178WJD6,UniProtKB/TrEMBL,1.0,Active
A0A178U871,UniProtKB/TrEMBL,1.0,Active
Q9LXN8,UniProtKB/Swiss-Prot,2.0,Active
A0A178W4X9,UniProtKB/TrEMBL,1.0,Active
A0A178WKP0,UniProtKB/TrEMBL,1.0,Active
A0A178UR07,UniProtKB/TrEMBL,1.0,Active
Q8L9W3,UniProtKB/Swiss-Prot,4.0,Active
A0ME31,UniProtKB/TrEMBL,1.0,Active
Q9FY45,UniProtKB/TrEMBL,1.0,Active
B0ZUL2,UniProtKB/TrEMBL,1.0,Active
Q8VYT4,UniProtKB/TrEMBL,1.0,Active
A0A178UGZ8,UniProtKB/TrEMBL,1.0,Active
Q9C6N7,UniProtKB/TrEMBL,1.0,Active
A0A178VMH1,UniProtKB/TrEMBL,1.0,Active
A0A5S9XQA3,UniProtKB/TrEMBL,1.0,Active
A0A1P8AVI5,UniProtKB/TrEMBL,2.0,Active
Q8RWM7,UniProtKB/Swiss-Prot,3.0,Active
A0A178UTE5,UniProtKB/TrEMBL,1.0,Active
A0A5S9X1D8,UniProtKB/TrEMBL,1.0,Active
Q43284,UniProtKB/Swiss-Prot,3.0,Active
A0A178V666,UniProtKB/TrEMBL,1.0,Active
A0A178W4P0,UniProtKB/TrEMBL,1.0,Active
A0A178UPW0,UniProtKB/TrEMBL,1.0,Active
A0A1P8BH06,UniProtKB/TrEMBL,1.0,Active
Q8W494,UniProtKB/TrEMBL,1.0,Active
A0A654EB42,UniProtKB/TrEMBL,1.0,Active
A0A178V4S6,UniProtKB/TrEMBL,1.0,Active
A0A1P8BAG8,UniProtKB/TrEMBL,2.0,Active
Q8GY21,UniProtKB/TrEMBL,1.0,Active
A0A5S9WQM6,UniProtKB/TrEMBL,1.0,Active
B9DI64,UniProtKB/TrEMBL,1.0,Active
A0A178VFQ1,UniProtKB/TrEMBL,1.0,Active
A0A7G2DVB2,UniProtKB/TrEMBL,1.0,Active
A0A5S9Y9T1,UniProtKB/TrEMBL,1.0,Active
A0A5S9WXC3,UniProtKB/TrEMBL,1.0,Active
A0A178UM54,UniProtKB/TrEMBL,1.0,Active
A0A178UST2,UniProtKB/TrEMBL,1.0,Active
A0A178VVZ1,UniProtKB/TrEMBL,1.0,Active
Q0WVQ8,UniProtKB/TrEMBL,1.0,Active
A0A178W5I3,UniProtKB/TrEMBL,1.0,Active
A0A1P8B4S7,UniProtKB/TrEMBL,2.0,Active
B0LQ77,UniProtKB/TrEMBL,2.0,Active
A0A178W9S4,UniProtKB/TrEMBL,1.0,Active
A0A1P8B3V7,UniProtKB/TrEMBL,1.0,Active
A0A654GEZ1,UniProtKB/TrEMBL,2.0,Active
A0A5S9VKR2,UniProtKB/TrEMBL,1.0,Active
Q9LFV1,UniProtKB/TrEMBL,2.0,Active
A0A178VHN8,UniProtKB/TrEMBL,1.0,Active
A0A178V0A7,UniProtKB/TrEMBL,2.0,Active
Q9S7F8,UniProtKB/TrEMBL,1.0,Active
O64570,UniProtKB/TrEMBL,1.0,Active
Q0WSC8,UniProtKB/TrEMBL,1.0,Active
A0A7G2EVL3,UniProtKB/TrEMBL,2.0,Active
Q9M4P5,UniProtKB/TrEMBL,1.0,Active
Q3ZVC0,UniProtKB/TrEMBL,1.0,Active
A0A1P8AUM0,UniProtKB/TrEMBL,1.0,Active
A0A178UUB0,UniProtKB/TrEMBL,1.0,Active
A0A178WEM0,UniProtKB/TrEMBL,1.0,Active
B0ZWT7,UniProtKB/TrEMBL,1.0,Active
A0A178WLN8,UniProtKB/TrEMBL,1.0,Active
Q9C650,UniProtKB/TrEMBL,2.0,Active
Q0WLS4,UniProtKB/TrEMBL,1.0,Active
A0A384LKB8,UniProtKB/TrEMBL,1.0,Active
A0A178VU35,UniProtKB/TrEMBL,1.0,Active
A0A5S9XPP7,UniProtKB/TrEMBL,1.0,Active
Q56ZD9,UniProtKB/TrEMBL,1.0,Active
A0A384KZN9,UniProtKB/TrEMBL,1.0,Active
Q9CAJ8,UniProtKB/TrEMBL,1.0,Active
A0A178V8H9,UniProtKB/TrEMBL,1.0,Active
Q3ZVC2,UniProtKB/TrEMBL,1.0,Active
A0A1P8BGJ9,UniProtKB/TrEMBL,1.0,Active
A0A7G2EAB2,UniProtKB/TrEMBL,2.0,Active
A0A178WDR0,UniProtKB/TrEMBL,1.0,Active
A0A1P8BEP3,UniProtKB/TrEMBL,1.0,Active
A0A1B1W4Z6,UniProtKB/TrEMBL,2.0,Active
A0A384LLP6,UniProtKB/TrEMBL,1.0,Active
B0F290,UniProtKB/TrEMBL,2.0,Active
A0A7G2E9X5,UniProtKB/TrEMBL,1.0,Active
A0A1P8B5I7,UniProtKB/TrEMBL,2.0,Active
Q9LNQ1,UniProtKB/Swiss-Prot,3.0,Active
F4HPB7,UniProtKB/TrEMBL,1.0,Active
A0A1P8AVV8,UniProtKB/TrEMBL,1.0,Active
Q3ZVD1,UniProtKB/TrEMBL,1.0,Active
A0A7G2F1Y7,UniProtKB/TrEMBL,1.0,Active
Q9LJR0,UniProtKB/TrEMBL,1.0,Active
A0A7G2FA33,UniProtKB/TrEMBL,1.0,Active
A0A178UAD5,UniProtKB/TrEMBL,1.0,Active
A0A5S9YAH8,UniProtKB/TrEMBL,1.0,Active
A0A7G2ESS1,UniProtKB/TrEMBL,1.0,Active
A0A1P8APD5,UniProtKB/TrEMBL,2.0,Active
Q9C919,UniProtKB/Swiss-Prot,3.0,Active
B3H4Z5,UniProtKB/TrEMBL,2.0,Active
A0A7G2F874,UniProtKB/TrEMBL,1.0,Active
A0A178VE97,UniProtKB/TrEMBL,2.0,Active
A0A178UM50,UniProtKB/TrEMBL,1.0,Active
A0A178V3H5,UniProtKB/TrEMBL,1.0,Active
A0A654FT56,UniProtKB/TrEMBL,2.0,Active
Q9LTK5,UniProtKB/TrEMBL,1.0,Active
A0A178W1S9,UniProtKB/TrEMBL,1.0,Active
A0A654G558,UniProtKB/TrEMBL,1.0,Active
A0A0B4UMR6,UniProtKB/TrEMBL,2.0,Active
A0A178WKC4,UniProtKB/TrEMBL,1.0,Active
A0A5S9WPS5,UniProtKB/TrEMBL,1.0,Active
A0A1I9LNY7,UniProtKB/TrEMBL,1.0,Active
A0A5S9XI93,UniProtKB/TrEMBL,1.0,Active
A0A178W6I7,UniProtKB/TrEMBL,1.0,Active
A0A178WIJ6,UniProtKB/TrEMBL,1.0,Active
V9H1B0,UniProtKB/TrEMBL,1.0,Active
A0A178V8T5,UniProtKB/TrEMBL,1.0,Active
Q94A25,UniProtKB/TrEMBL,1.0,Active
A0A7G2FG17,UniProtKB/TrEMBL,1.0,Active
A0A178UMX1,UniProtKB/TrEMBL,1.0,Active
Q8LE83,UniProtKB/TrEMBL,2.0,Active
Q84LS2,UniProtKB/TrEMBL,1.0,Active
A0A654EQ42,UniProtKB/TrEMBL,1.0,Active
A0A7G2F0E8,UniProtKB/TrEMBL,1.0,Active
A0A178UM02,UniProtKB/TrEMBL,1.0,Active
A0A178W0Q9,UniProtKB/TrEMBL,1.0,Active
A0A654ELA3,UniProtKB/TrEMBL,1.0,Active
A0A178W2T7,UniProtKB/TrEMBL,1.0,Active
A0A178VG86,UniProtKB/TrEMBL,1.0,Active
A0A5S9Y8I5,UniProtKB/TrEMBL,1.0,Active
Q9C624,UniProtKB/TrEMBL,1.0,Active
F4IWP7,UniProtKB/TrEMBL,2.0,Active
A0MDX6,UniProtKB/TrEMBL,1.0,Active
A0A178UTE2,UniProtKB/TrEMBL,2.0,Active
O49757,UniProtKB/TrEMBL,1.0,Active
Q8LCU9,UniProtKB/TrEMBL,1.0,Active
A0A178VT38,UniProtKB/TrEMBL,1.0,Active
A0A7G2FH75,UniProtKB/TrEMBL,1.0,Active
F4HYC6,UniProtKB/TrEMBL,1.0,Active
A0A7G2EF18,UniProtKB/TrEMBL,1.0,Active
A0A178WGW0,UniProtKB/TrEMBL,1.0,Active
A0A178WAW7,UniProtKB/TrEMBL,1.0,Active
A0A1P8ARU2,UniProtKB/TrEMBL,2.0,Active
Q8GYI3,UniProtKB/TrEMBL,1.0,Active
Q9TJZ1,UniProtKB/TrEMBL,2.0,Active
Q56WK9,UniProtKB/TrEMBL,1.0,Active
Q6NNK5,UniProtKB/TrEMBL,1.0,Active
A0A178WDU8,UniProtKB/TrEMBL,1.0,Active
Q9ZQP3,UniProtKB/Swiss-Prot,3.0,Active
Q9ZVJ4,UniProtKB/Swiss-Prot,3.0,Active
A0A178UKC3,UniProtKB/TrEMBL,1.0,Active
O49787,UniProtKB/TrEMBL,1.0,Active
A0A178VQ96,UniProtKB/TrEMBL,1.0,Active
A0A1P8BDW0,UniProtKB/TrEMBL,1.0,Active
A0A654FM43,UniProtKB/TrEMBL,1.0,Active
Q9FFW3,UniProtKB/TrEMBL,1.0,Active
Q9LZV8,UniProtKB/Swiss-Prot,3.0,Active
A0A654GCW4,UniProtKB/TrEMBL,2.0,Active
Q9LYW4,UniProtKB/TrEMBL,1.0,Active
A0A178VRN6,UniProtKB/TrEMBL,1.0,Active
Q6GKX4,UniProtKB/TrEMBL,2.0,Active
Q0WLU8,UniProtKB/TrEMBL,1.0,Active
A0A178U9Z6,UniProtKB/TrEMBL,1.0,Active
V9H110,UniProtKB/TrEMBL,1.0,Active
A0A178VG09,UniProtKB/TrEMBL,2.0,Active
Q9FKT7,UniProtKB/TrEMBL,2.0,Active
A0A178WMW8,UniProtKB/TrEMBL,1.0,Active
A0A1P8BGD7,UniProtKB/TrEMBL,1.0,Active
A0A654FI55,UniProtKB/TrEMBL,1.0,Active
Q9FVX3,UniProtKB/TrEMBL,1.0,Active
A0A178VDD2,UniProtKB/TrEMBL,1.0,Active
A0A178VBV8,UniProtKB/TrEMBL,1.0,Active
A0A384LNK3,UniProtKB/TrEMBL,1.0,Active
A0A654G5L9,UniProtKB/TrEMBL,1.0,Active
A0A178UUF3,UniProtKB/TrEMBL,1.0,Active
A0A178WI80,UniProtKB/TrEMBL,1.0,Active
A0A7G2DVW2,UniProtKB/TrEMBL,1.0,Active
A0A5S9XHT9,UniProtKB/TrEMBL,1.0,Active
A0A1P8AW89,UniProtKB/TrEMBL,1.0,Active
A0A178WM56,UniProtKB/TrEMBL,1.0,Active
Q8S8P0,UniProtKB/Swiss-Prot,3.0,Active
A0A7G2FLF7,UniProtKB/TrEMBL,1.0,Active
Q9FI91,UniProtKB/TrEMBL,1.0,Active
A0A178US64,UniProtKB/TrEMBL,1.0,Active
C1PI67,UniProtKB/TrEMBL,1.0,Active
A0A7G2ETG1,UniProtKB/TrEMBL,1.0,Active
A0A178V3L6,UniProtKB/TrEMBL,1.0,Active
Q8RWP6,UniProtKB/TrEMBL,1.0,Active
A0A178U9W9,UniProtKB/TrEMBL,1.0,Active
A0A1P8AXQ8,UniProtKB/TrEMBL,1.0,Active
A0A178V8A2,UniProtKB/TrEMBL,2.0,Active
Q3ZVC3,UniProtKB/TrEMBL,1.0,Active
A0A178V9P4,UniProtKB/TrEMBL,1.0,Active
B9DI30,UniProtKB/TrEMBL,1.0,Active
Q9SX26,UniProtKB/Swiss-Prot,2.0,Active
A0A178WMG7,UniProtKB/TrEMBL,1.0,Active
Q9SK42,UniProtKB/TrEMBL,1.0,Active
Q9SSS2,UniProtKB/TrEMBL,1.0,Active
A0A654G5K0,UniProtKB/TrEMBL,1.0,Active
A0A5S9XTV7,UniProtKB/TrEMBL,1.0,Active
A0A178VD82,UniProtKB/TrEMBL,1.0,Active
A0A178WLZ4,UniProtKB/TrEMBL,1.0,Active
Q84TF5,UniProtKB/Swiss-Prot,3.0,Active
Q9SDN0,UniProtKB/Swiss-Prot,4.0,Active
Q9LPB5,UniProtKB/TrEMBL,1.0,Active
Q9CAH6,UniProtKB/TrEMBL,1.0,Active
A0A178W248,UniProtKB/TrEMBL,1.0,Active
A0A7G2E8Q6,UniProtKB/TrEMBL,1.0,Active
A0A178W284,UniProtKB/TrEMBL,2.0,Active
A0A7G2FDL0,UniProtKB/TrEMBL,1.0,Active
A0A178UL66,UniProtKB/TrEMBL,1.0,Active
Q93Z21,UniProtKB/TrEMBL,1.0,Active
Q67Z65,UniProtKB/TrEMBL,1.0,Active
A0A178UCA4,UniProtKB/TrEMBL,1.0,Active
A0A1P8AXX7,UniProtKB/TrEMBL,1.0,Active
A0A7G2DXF9,UniProtKB/TrEMBL,1.0,Active
A0A178W0N7,UniProtKB/TrEMBL,1.0,Active
Q9SWQ8,UniProtKB/TrEMBL,2.0,Active
A0A178UT92,UniProtKB/TrEMBL,1.0,Active
A0A654G8S0,UniProtKB/TrEMBL,1.0,Active
A0A654FCR8,UniProtKB/TrEMBL,1.0,Active
Q8RWP5,UniProtKB/TrEMBL,2.0,Active
A0A178V4T3,UniProtKB/TrEMBL,1.0,Active
A0A178WB57,UniProtKB/TrEMBL,2.0,Active
A0A178V669,UniProtKB/TrEMBL,2.0,Active
A0A178VNU5,UniProtKB/TrEMBL,1.0,Active
A0A178V6M9,UniProtKB/TrEMBL,2.0,Active
Q19FW2,UniProtKB/TrEMBL,1.0,Active
A0A178UV08,UniProtKB/TrEMBL,1.0,Active
A0A178VUP8,UniProtKB/TrEMBL,1.0,Active
A0A654E9J3,UniProtKB/TrEMBL,1.0,Active
A0A7G2DUJ7,UniProtKB/TrEMBL,1.0,Active
A0A654F5D8,UniProtKB/TrEMBL,1.0,Active
A0A5S9WXZ8,UniProtKB/TrEMBL,1.0,Active
A0A1I9LLB8,UniProtKB/TrEMBL,1.0,Active
A0A384KA05,UniProtKB/TrEMBL,1.0,Active
A0A7G2FF63,UniProtKB/TrEMBL,1.0,Active
A0A178WFV5,UniProtKB/TrEMBL,2.0,Active
A0A654EKE3,UniProtKB/TrEMBL,1.0,Active
A0A5S9X863,UniProtKB/TrEMBL,1.0,Active
A0MEE0,UniProtKB/TrEMBL,1.0,Active
Q8L8Z6,UniProtKB/TrEMBL,2.0,Active
Q9LRQ6,UniProtKB/TrEMBL,1.0,Active
A0A178VFC7,UniProtKB/TrEMBL,1.0,Active
A0A178VQ17,UniProtKB/TrEMBL,1.0,Active
A0A1P8AR54,UniProtKB/TrEMBL,1.0,Active
A0A178WFS6,UniProtKB/TrEMBL,1.0,Active
A0MFA2,UniProtKB/TrEMBL,1.0,Active
F4JT33,UniProtKB/TrEMBL,2.0,Active
A0A178VRK1,UniProtKB/TrEMBL,1.0,Active
A0A7G2FI92,UniProtKB/TrEMBL,1.0,Active
A0A178VID6,UniProtKB/TrEMBL,1.0,Active
Q9LRR1,UniProtKB/TrEMBL,1.0,Active
A0MF68,UniProtKB/TrEMBL,1.0,Active
Q9ZU51,UniProtKB/Swiss-Prot,5.0,Active
A0ME09,UniProtKB/TrEMBL,1.0,Active
A0A178UH85,UniProtKB/TrEMBL,1.0,Active
Q0WLW9,UniProtKB/TrEMBL,1.0,Active
A0A1I9LT37,UniProtKB/TrEMBL,2.0,Active
A0A654G6R2,UniProtKB/TrEMBL,1.0,Active
Q9LNJ8,UniProtKB/TrEMBL,3.0,Active
A0A654EHP0,UniProtKB/TrEMBL,1.0,Active
A0A7G2EQ51,UniProtKB/TrEMBL,1.0,Active
A0A384KJC1,UniProtKB/TrEMBL,1.0,Active
Q8LF58,UniProtKB/TrEMBL,1.0,Active
A0A7G2E5S1,UniProtKB/TrEMBL,1.0,Active
Q45GF9,UniProtKB/TrEMBL,1.0,Active
Q9SSF4,UniProtKB/TrEMBL,1.0,Active
F4HZR4,UniProtKB/TrEMBL,1.0,Active
A0A7G2EP26,UniProtKB/TrEMBL,1.0,Active
A0A178USI3,UniProtKB/TrEMBL,1.0,Active
A0A7G2E073,UniProtKB/TrEMBL,1.0,Active
A0A178WFH6,UniProtKB/TrEMBL,1.0,Active
A0A178VYW8,UniProtKB/TrEMBL,1.0,Active
A0A178W1Q3,UniProtKB/TrEMBL,1.0,Active
A0A178UDI7,UniProtKB/TrEMBL,2.0,Active
A0A178VSY1,UniProtKB/TrEMBL,1.0,Active
Q3EBE3,UniProtKB/TrEMBL,1.0,Active
A0A654GBP4,UniProtKB/TrEMBL,1.0,Active
A0A178V749,UniProtKB/TrEMBL,1.0,Active
Q0WN16,UniProtKB/TrEMBL,1.0,Active
P29380,UniProtKB/Swiss-Prot,3.0,Active
A0A178UKE6,UniProtKB/TrEMBL,1.0,Active
Q3E7Q8,UniProtKB/TrEMBL,1.0,Active
Q8L9N3,UniProtKB/TrEMBL,1.0,Active
Q9C5S0,UniProtKB/Swiss-Prot,4.0,Active
A0A178WIA0,UniProtKB/TrEMBL,1.0,Active
A0A5S9XD86,UniProtKB/TrEMBL,1.0,Active
A0A178VZH5,UniProtKB/TrEMBL,1.0,Active
A0A178V612,UniProtKB/TrEMBL,2.0,Active
O23239,UniProtKB/Swiss-Prot,3.0,Active
C7BCB7,UniProtKB/TrEMBL,1.0,Active
A0A178UPM7,UniProtKB/TrEMBL,1.0,Active
Q1ECF9,UniProtKB/TrEMBL,1.0,Active
Q3C1C7,UniProtKB/TrEMBL,1.0,Active
A0A178UUM4,UniProtKB/TrEMBL,3.0,Active
A0A654FI83,UniProtKB/TrEMBL,1.0,Active
F4HR51,UniProtKB/TrEMBL,1.0,Active
A0A178UB70,UniProtKB/TrEMBL,1.0,Active
Q9FGY7,UniProtKB/TrEMBL,1.0,Active
A0A178UEE9,UniProtKB/TrEMBL,1.0,Active
A0A5S9XJC8,UniProtKB/TrEMBL,1.0,Active
A0A654FAK9,UniProtKB/TrEMBL,1.0,Active
A0A178UYE4,UniProtKB/TrEMBL,1.0,Active
Q9ZQF4,UniProtKB/TrEMBL,1.0,Active
A0A178UB60,UniProtKB/TrEMBL,1.0,Active
F4HT36,UniProtKB/TrEMBL,1.0,Active
A0A654GCD3,UniProtKB/TrEMBL,1.0,Active
Q9FIV8,UniProtKB/TrEMBL,1.0,Active
A0A654G5F6,UniProtKB/TrEMBL,1.0,Active
A0A7G2ECA1,UniProtKB/TrEMBL,1.0,Active
A0A5S9XVH9,UniProtKB/TrEMBL,1.0,Active
A0A178VBH0,UniProtKB/TrEMBL,1.0,Active
O49792,UniProtKB/TrEMBL,1.0,Active
A0A384LDQ1,UniProtKB/TrEMBL,1.0,Active
A0A1P8B1I4,UniProtKB/TrEMBL,1.0,Active
F4IK96,UniProtKB/TrEMBL,1.0,Active
A0A178UTD7,UniProtKB/TrEMBL,1.0,Active
Q9FGJ6,UniProtKB/Swiss-Prot,3.0,Active
Q3EAR3,UniProtKB/Swiss-Prot,1.0,Active
A0A178V6B8,UniProtKB/TrEMBL,1.0,Active
A0A178VGP0,UniProtKB/TrEMBL,2.0,Active
A0A1I9LNU8,UniProtKB/TrEMBL,1.0,Active
A0A178WJL4,UniProtKB/TrEMBL,1.0,Active
A0A178UM70,UniProtKB/TrEMBL,1.0,Active
Q8LDN7,UniProtKB/TrEMBL,1.0,Active
A0A178UBJ4,UniProtKB/TrEMBL,1.0,Active
A0A178UPS8,UniProtKB/TrEMBL,1.0,Active
A0A178V2T5,UniProtKB/TrEMBL,1.0,Active
A0A7G2ETS4,UniProtKB/TrEMBL,1.0,Active
A0A384KI47,UniProtKB/TrEMBL,2.0,Active
A0A7G2E821,UniProtKB/TrEMBL,1.0,Active
B0ZU25,UniProtKB/TrEMBL,1.0,Active
Q9LT07,UniProtKB/TrEMBL,2.0,Active
Q2V3J8,UniProtKB/TrEMBL,1.0,Active
A0A178WB14,UniProtKB/TrEMBL,1.0,Active
A0A654FLP9,UniProtKB/TrEMBL,1.0,Active
A0A654EHQ1,UniProtKB/TrEMBL,1.0,Active
A0A7G2E6Y8,UniProtKB/TrEMBL,1.0,Active
A0MFA9,UniProtKB/TrEMBL,1.0,Active
A0A178VU98,UniProtKB/TrEMBL,1.0,Active
A0A178ULE8,UniProtKB/TrEMBL,2.0,Active
A0A178W566,UniProtKB/TrEMBL,1.0,Active
A0A5S9WX33,UniProtKB/TrEMBL,1.0,Active
A0A178UEM7,UniProtKB/TrEMBL,1.0,Active
Q9ZU56,UniProtKB/TrEMBL,1.0,Active
A0A178UFR0,UniProtKB/TrEMBL,1.0,Active
O82245,UniProtKB/Swiss-Prot,5.0,Active
A0A5S9XI66,UniProtKB/TrEMBL,1.0,Active
A0A178UXQ0,UniProtKB/TrEMBL,1.0,Active
Q9M2T0,UniProtKB/TrEMBL,1.0,Active
A0A5S9XSI1,UniProtKB/TrEMBL,1.0,Active
Q8L9M6,UniProtKB/TrEMBL,1.0,Active
Q9SG96,UniProtKB/Swiss-Prot,3.0,Active
Q56ZT4,UniProtKB/TrEMBL,2.0,Active
A0A7G2FD26,UniProtKB/TrEMBL,2.0,Active
Q9SS63,UniProtKB/TrEMBL,1.0,Active
Q9FLC6,UniProtKB/Swiss-Prot,4.0,Active
O81313,UniProtKB/Swiss-Prot,5.0,Active
A0A5S9WJ38,UniProtKB/TrEMBL,1.0,Active
A0A178WBX3,UniProtKB/TrEMBL,1.0,Active
A0A178V440,UniProtKB/TrEMBL,1.0,Active
A0A1I9LLQ4,UniProtKB/TrEMBL,1.0,Active
A0A178VW83,UniProtKB/TrEMBL,1.0,Active
F4HPE4,UniProtKB/TrEMBL,1.0,Active
A0A178V630,UniProtKB/TrEMBL,1.0,Active
A0A178UC99,UniProtKB/TrEMBL,2.0,Active
Q940N3,UniProtKB/TrEMBL,2.0,Active
A0A654FLZ2,UniProtKB/TrEMBL,1.0,Active
A0A654G5R9,UniProtKB/TrEMBL,1.0,Active
Q9LS63,UniProtKB/TrEMBL,1.0,Active
A0A178UID5,UniProtKB/TrEMBL,2.0,Active
A0A178WLP1,UniProtKB/TrEMBL,1.0,Active
A0A7G2F3Y5,UniProtKB/TrEMBL,1.0,Active
F4IGY6,UniProtKB/TrEMBL,2.0,Active
A0A178WLS0,UniProtKB/TrEMBL,1.0,Active
A0A1P8APH0,UniProtKB/TrEMBL,1.0,Active
A0A178VPH4,UniProtKB/TrEMBL,1.0,Active
B9DHP4,UniProtKB/TrEMBL,1.0,Active
A0A5S9XR45,UniProtKB/TrEMBL,1.0,Active
A0A654EMC7,UniProtKB/TrEMBL,1.0,Active
A0A1P8B2A8,UniProtKB/TrEMBL,1.0,Active
Q944J8,UniProtKB/TrEMBL,1.0,Active
A0A7G2F919,UniProtKB/TrEMBL,2.0,Active
O23610,UniProtKB/Swiss-Prot,1.0,Active
A0A5S9YBE8,UniProtKB/TrEMBL,1.0,Active
A0A178WN00,UniProtKB/TrEMBL,1.0,Active
Q9CAC5,UniProtKB/Swiss-Prot,5.0,Active
Q56WD7,UniProtKB/TrEMBL,1.0,Active
Q8GWZ1,UniProtKB/TrEMBL,1.0,Active
A0A178W5E2,UniProtKB/TrEMBL,1.0,Active
Q9ZT50,UniProtKB/Swiss-Prot,5.0,Active
A0A178UD75,UniProtKB/TrEMBL,1.0,Active
A0A654G6G4,UniProtKB/TrEMBL,1.0,Active
A0A5S9YEE4,UniProtKB/TrEMBL,1.0,Active
A0A178VKU0,UniProtKB/TrEMBL,1.0,Active
O22891,UniProtKB/Swiss-Prot,2.0,Active
A0A5S9WRS2,UniProtKB/TrEMBL,1.0,Active
Q9S7A9,UniProtKB/Swiss-Prot,4.0,Active
Q9C6W9,UniProtKB/Swiss-Prot,1.0,Active
A0A5S9X4A6,UniProtKB/TrEMBL,1.0,Active
A0A178WP24,UniProtKB/TrEMBL,1.0,Active
Q56ZZ1,UniProtKB/TrEMBL,1.0,Active
A0A7G2FF37,UniProtKB/TrEMBL,1.0,Active
A0A178UI33,UniProtKB/TrEMBL,2.0,Active
Q9LS12,UniProtKB/TrEMBL,1.0,Active
A0A178UIU3,UniProtKB/TrEMBL,1.0,Active
A0A178U6C7,UniProtKB/TrEMBL,2.0,Active
O64847,UniProtKB/Swiss-Prot,2.0,Active
Q8GW88,UniProtKB/TrEMBL,1.0,Active
A0A5S9Y8J5,UniProtKB/TrEMBL,1.0,Active
A0A7G2E527,UniProtKB/TrEMBL,1.0,Active
Q56YR6,UniProtKB/TrEMBL,1.0,Active
A0A178V6R8,UniProtKB/TrEMBL,1.0,Active
Q9M9D3,UniProtKB/TrEMBL,1.0,Active
A0A178VNQ9,UniProtKB/TrEMBL,1.0,Active
A0A5S9XGY8,UniProtKB/TrEMBL,1.0,Active
Q9SK79,UniProtKB/TrEMBL,1.0,Active
A0A178WJY7,UniProtKB/TrEMBL,1.0,Active
Q0WM57,UniProtKB/TrEMBL,2.0,Active
F4JA50,UniProtKB/TrEMBL,1.0,Active
A0A178U5T0,UniProtKB/TrEMBL,1.0,Active
A0A178WKZ2,UniProtKB/TrEMBL,1.0,Active
A0A5S9XQQ4,UniProtKB/TrEMBL,1.0,Active
Q5Q0G1,UniProtKB/TrEMBL,1.0,Active
A0A1P8AP81,UniProtKB/TrEMBL,1.0,Active
A0A5S9WMQ1,UniProtKB/TrEMBL,1.0,Active
Q93Y20,UniProtKB/TrEMBL,1.0,Active
A0A178UD43,UniProtKB/TrEMBL,2.0,Active
A0A5S9WH92,UniProtKB/TrEMBL,1.0,Active
A0A178WJ70,UniProtKB/TrEMBL,1.0,Active
A0A1P8BGP4,UniProtKB/TrEMBL,1.0,Active
A0A5S9XH80,UniProtKB/TrEMBL,1.0,Active
Q9FJS4,UniProtKB/TrEMBL,1.0,Active
B3H6P6,UniProtKB/TrEMBL,2.0,Active
A0A178VQD6,UniProtKB/TrEMBL,1.0,Active
A0A654ES48,UniProtKB/TrEMBL,1.0,Active
A0A178VKJ5,UniProtKB/TrEMBL,1.0,Active
A0A1P8AX06,UniProtKB/TrEMBL,1.0,Active
A0A178VIK9,UniProtKB/TrEMBL,1.0,Active
Q0WLQ9,UniProtKB/TrEMBL,1.0,Active
Q0WLY2,UniProtKB/TrEMBL,1.0,Active
A0A654ES57,UniProtKB/TrEMBL,1.0,Active
A0A178URT5,UniProtKB/TrEMBL,1.0,Active
A0A178UA37,UniProtKB/TrEMBL,1.0,Active
A0A7G2FB49,UniProtKB/TrEMBL,2.0,Active
Q66GI1,UniProtKB/Swiss-Prot,2.0,Active
Q9C7K2,UniProtKB/TrEMBL,1.0,Active
Q9LP94,UniProtKB/TrEMBL,1.0,Active
A0A1P8BDQ9,UniProtKB/TrEMBL,1.0,Active
Q8GUK3,UniProtKB/TrEMBL,1.0,Active
Q1KN59,UniProtKB/TrEMBL,1.0,Active
A0A7G2ERU5,UniProtKB/TrEMBL,1.0,Active
