query_id,entry_type,annotation_score,status
F8WCE3,UniProtKB/TrEMBL,1.0,Active
Q96FX2,UniProtKB/Swiss-Prot,5.0,Active
E9PCX4,UniProtKB/TrEMBL,1.0,Active
F8WD15,UniProtKB/TrEMBL,1.0,Active
H3BSW0,UniProtKB/TrEMBL,1.0,Active
P29377,UniProtKB/Swiss-Prot,3.0,Active
H3BR27,UniProtKB/TrEMBL,1.0,Active
H0YMH6,UniProtKB/TrEMBL,1.0,Active
C9JES9,UniProtKB/TrEMBL,1.0,Active
Q9P1T1,UniProtKB/TrEMBL,1.0,Active
Q96RV8,UniProtKB/TrEMBL,1.0,Active
A0A2Z1D411,UniProtKB/TrEMBL,1.0,Active
Q13612,UniProtKB/TrEMBL,1.0,Active
O43678,UniProtKB/Swiss-Prot,5.0,Active
H3BNZ6,UniProtKB/TrEMBL,1.0,Active
A0A0S2Z5E5,UniProtKB/TrEMBL,1.0,Active
A0A087WT49,UniProtKB/TrEMBL,1.0,Active
Q8NB29,UniProtKB/TrEMBL,1.0,Active
Q09LL7,UniProtKB/TrEMBL,1.0,Active
H7C338,UniProtKB/TrEMBL,1.0,Active
H0YE94,UniProtKB/TrEMBL,2.0,Active
Q16864,UniProtKB/Swiss-Prot,5.0,Active
P63173,UniProtKB/Swiss-Prot,5.0,Active
C9K087,UniProtKB/TrEMBL,1.0,Active
A0A804HKA4,UniProtKB/TrEMBL,1.0,Active
K7EIE7,UniProtKB/TrEMBL,1.0,Active
P49458,UniProtKB/Swiss-Prot,5.0,Active
E5RJX4,UniProtKB/TrEMBL,1.0,Active
A0A087WZ56,UniProtKB/TrEMBL,1.0,Active
J3QRH8,UniProtKB/TrEMBL,1.0,Active
F5GXK7,UniProtKB/TrEMBL,1.0,Active
H0YL49,UniProtKB/TrEMBL,1.0,Active
E9PNP4,UniProtKB/TrEMBL,1.0,Active
O60251,UniProtKB/TrEMBL,1.0,Active
H0Y9B7,UniProtKB/TrEMBL,1.0,Active
A0A0A8J2L3,UniProtKB/TrEMBL,1.0,Active
J3QKL3,UniProtKB/TrEMBL,1.0,Active
J3QQV5,UniProtKB/TrEMBL,1.0,Active
A0A087WWB9,UniProtKB/TrEMBL,3.0,Active
O95682,UniProtKB/TrEMBL,1.0,Active
H3BQ49,UniProtKB/TrEMBL,1.0,Active
E5RG45,UniProtKB/TrEMBL,1.0,Active
X6RJB2,UniProtKB/TrEMBL,1.0,Active
F8W226,UniProtKB/TrEMBL,1.0,Active
A0A087WXC6,UniProtKB/TrEMBL,1.0,Active
Q5BLP5,UniProtKB/TrEMBL,1.0,Active
F8WCC5,UniProtKB/TrEMBL,1.0,Active
B4DSF0,UniProtKB/TrEMBL,1.0,Active
E5RFL4,UniProtKB/TrEMBL,1.0,Active
S4R3E9,UniProtKB/TrEMBL,2.0,Active
D6RBA0,UniProtKB/TrEMBL,1.0,Active
Q8N7Q8,UniProtKB/TrEMBL,1.0,Active
H0YNC2,UniProtKB/TrEMBL,1.0,Active
A0A804HKH2,UniProtKB/TrEMBL,1.0,Active
P01040,UniProtKB/Swiss-Prot,5.0,Active
H0Y9N0,UniProtKB/TrEMBL,1.0,Active
Q7Z2U9,UniProtKB/TrEMBL,1.0,Active
C9JPM9,UniProtKB/TrEMBL,1.0,Active
B4DNX2,UniProtKB/TrEMBL,1.0,Active
F2Z2L8,UniProtKB/TrEMBL,1.0,Active
Q58I23,UniProtKB/TrEMBL,1.0,Active
A0A7R6M6S1,UniProtKB/TrEMBL,1.0,Active
F8VYZ5,UniProtKB/TrEMBL,1.0,Active
A0A2Z6IBQ7,UniProtKB/TrEMBL,1.0,Active
A0A1C9J7R9,UniProtKB/TrEMBL,2.0,Active
D6RJD7,UniProtKB/TrEMBL,1.0,Active
J3KTB3,UniProtKB/TrEMBL,1.0,Active
A0A2H4Z8E2,UniProtKB/TrEMBL,1.0,Active
B4DTD0,UniProtKB/TrEMBL,1.0,Active
C9J7V8,UniProtKB/TrEMBL,1.0,Active
H0YL90,UniProtKB/TrEMBL,1.0,Active
H3BNG9,UniProtKB/TrEMBL,1.0,Active
J3KTQ8,UniProtKB/TrEMBL,2.0,Active
B7Z540,UniProtKB/TrEMBL,1.0,Active
D6RDA0,UniProtKB/TrEMBL,1.0,Active
B3KR40,UniProtKB/TrEMBL,1.0,Active
K7EM19,UniProtKB/TrEMBL,1.0,Active
D6RF37,UniProtKB/TrEMBL,1.0,Active
B3KV53,UniProtKB/TrEMBL,1.0,Active
Q5JPJ4,UniProtKB/TrEMBL,1.0,Active
E5RIM7,UniProtKB/TrEMBL,2.0,Active
B4DJS2,UniProtKB/TrEMBL,3.0,Active
E9PK51,UniProtKB/TrEMBL,1.0,Active
M0R1X8,UniProtKB/TrEMBL,1.0,Active
J3QQU5,UniProtKB/TrEMBL,1.0,Active
H9XFA0,UniProtKB/TrEMBL,1.0,Active
Q8WYB8,UniProtKB/TrEMBL,1.0,Active
I6L9C1,UniProtKB/TrEMBL,1.0,Active
Q0VGL1,UniProtKB/Swiss-Prot,5.0,Active
K7EMN2,UniProtKB/TrEMBL,1.0,Active
D6RAD6,UniProtKB/TrEMBL,1.0,Active
I3L2H6,UniProtKB/TrEMBL,1.0,Active
F8WBG8,UniProtKB/TrEMBL,2.0,Active
Q9BRT3,UniProtKB/Swiss-Prot,5.0,Active
X5D7T9,UniProtKB/TrEMBL,1.0,Active
H0YN26,UniProtKB/TrEMBL,2.0,Active
H0YKF6,UniProtKB/TrEMBL,1.0,Active
A0A2R8YDT8,UniProtKB/TrEMBL,1.0,Active
Q59HB4,UniProtKB/TrEMBL,2.0,Active
I3L4N3,UniProtKB/TrEMBL,1.0,Active
A0A804HID2,UniProtKB/TrEMBL,1.0,Active
C9K0N1,UniProtKB/TrEMBL,1.0,Active
F8VYZ3,UniProtKB/TrEMBL,1.0,Active
Q8WYE3,UniProtKB/TrEMBL,1.0,Active
H0YKB0,UniProtKB/TrEMBL,2.0,Active
A0A0S2Z4C5,UniProtKB/TrEMBL,5.0,Active
B7Z415,UniProtKB/TrEMBL,2.0,Active
C9JYU3,UniProtKB/TrEMBL,1.0,Active
A8K5M0,UniProtKB/TrEMBL,2.0,Active
B4E3J0,UniProtKB/TrEMBL,1.0,Active
E9PP81,UniProtKB/TrEMBL,1.0,Active
Q6QIM3,UniProtKB/TrEMBL,1.0,Active
C9JVZ3,UniProtKB/TrEMBL,1.0,Active
D6RIE4,UniProtKB/TrEMBL,1.0,Active
K7EP27,UniProtKB/TrEMBL,1.0,Active
E5RJG7,UniProtKB/TrEMBL,1.0,Active
Q8WYC1,UniProtKB/TrEMBL,1.0,Active
Q9H9C0,UniProtKB/TrEMBL,1.0,Active
F8WCH9,UniProtKB/TrEMBL,1.0,Active
A0A1W2PPV4,UniProtKB/TrEMBL,1.0,Active
F8VQQ6,UniProtKB/TrEMBL,1.0,Active
P61960,UniProtKB/Swiss-Prot,5.0,Active
A0A0G2JHB6,UniProtKB/TrEMBL,2.0,Active
F8VS12,UniProtKB/TrEMBL,2.0,Active
C9J8Q6,UniProtKB/TrEMBL,1.0,Active
B2R577,UniProtKB/TrEMBL,2.0,Active
I3L0Y6,UniProtKB/TrEMBL,1.0,Active
Q5TDE3,UniProtKB/TrEMBL,1.0,Active
E9PBZ2,UniProtKB/TrEMBL,4.0,Active
Q5H928,UniProtKB/TrEMBL,1.0,Active
F5H256,UniProtKB/TrEMBL,1.0,Active
D6RE84,UniProtKB/TrEMBL,2.0,Active
C9JU97,UniProtKB/TrEMBL,1.0,Active
E9PIM9,UniProtKB/TrEMBL,2.0,Active
B1AHF8,UniProtKB/TrEMBL,1.0,Active
H7C1L1,UniProtKB/TrEMBL,1.0,Active
Q7Z5Q6,UniProtKB/TrEMBL,1.0,Active
E9PI87,UniProtKB/TrEMBL,2.0,Active
A0A0D9SGK2,Inactive/Deleted,0.0,Inactive
D3YTJ7,UniProtKB/TrEMBL,2.0,Active
B4DY40,UniProtKB/TrEMBL,1.0,Active
A0A075B5G3,UniProtKB/TrEMBL,1.0,Active
Q12813,UniProtKB/TrEMBL,1.0,Active
C9JES6,UniProtKB/TrEMBL,1.0,Active
P25815,UniProtKB/Swiss-Prot,5.0,Active
O43504,UniProtKB/Swiss-Prot,5.0,Active
K7EL63,UniProtKB/TrEMBL,1.0,Active
B3KP02,UniProtKB/TrEMBL,1.0,Active
C9JLV6,UniProtKB/TrEMBL,3.0,Active
Q8WYD2,UniProtKB/TrEMBL,1.0,Active
Q8TCM5,UniProtKB/TrEMBL,1.0,Active
A0A5P8PBC0,UniProtKB/TrEMBL,2.0,Active
E9PLG7,UniProtKB/TrEMBL,1.0,Active
K7EJ01,UniProtKB/TrEMBL,1.0,Active
Q4JFL9,UniProtKB/TrEMBL,2.0,Active
P33763,UniProtKB/Swiss-Prot,5.0,Active
Q49AI2,UniProtKB/TrEMBL,1.0,Active
Q5W8V9,UniProtKB/TrEMBL,1.0,Active
C9JE02,UniProtKB/TrEMBL,2.0,Active
C9J0T6,UniProtKB/TrEMBL,1.0,Active
A0A3B3ITV5,UniProtKB/TrEMBL,1.0,Active
B4DRX5,UniProtKB/TrEMBL,1.0,Active
A0A2K4Z9U6,UniProtKB/TrEMBL,1.0,Active
A0A0A0MTQ0,UniProtKB/TrEMBL,1.0,Active
D6REZ8,UniProtKB/TrEMBL,1.0,Active
Q12798,UniProtKB/Swiss-Prot,5.0,Active
C9J9T0,UniProtKB/TrEMBL,3.0,Active
Q3ZCW1,UniProtKB/TrEMBL,2.0,Active
G3V562,UniProtKB/TrEMBL,3.0,Active
M0R192,UniProtKB/TrEMBL,1.0,Active
A4UCS7,UniProtKB/TrEMBL,2.0,Active
H9ZYJ2,UniProtKB/TrEMBL,3.0,Active
F8VTQ5,UniProtKB/TrEMBL,1.0,Active
C9J7Q4,UniProtKB/TrEMBL,3.0,Active
H3BNN1,UniProtKB/TrEMBL,1.0,Active
E9PFL3,UniProtKB/TrEMBL,1.0,Active
A0A087WW08,UniProtKB/TrEMBL,1.0,Active
D3K2X1,UniProtKB/TrEMBL,1.0,Active
C9JU11,UniProtKB/TrEMBL,1.0,Active
B3GUD3,UniProtKB/TrEMBL,1.0,Active
B3KMW8,UniProtKB/TrEMBL,1.0,Active
A0A804HIK9,UniProtKB/TrEMBL,2.0,Active
A0A0D9SEM9,UniProtKB/TrEMBL,1.0,Active
P62263,UniProtKB/Swiss-Prot,5.0,Active
E9PQ63,UniProtKB/TrEMBL,1.0,Active
B7Z7R9,UniProtKB/TrEMBL,1.0,Active
A0A2U8J8Z3,UniProtKB/TrEMBL,1.0,Active
A0A087WU76,UniProtKB/TrEMBL,1.0,Active
K7EKS9,UniProtKB/TrEMBL,1.0,Active
D6RF23,UniProtKB/TrEMBL,2.0,Active
G3V2A5,UniProtKB/TrEMBL,1.0,Active
H3BT18,UniProtKB/TrEMBL,1.0,Active
H3BPN5,UniProtKB/TrEMBL,1.0,Active
Q8WYD3,UniProtKB/TrEMBL,1.0,Active
C9JAX1,UniProtKB/TrEMBL,3.0,Active
A0A7P0Z428,UniProtKB/TrEMBL,1.0,Active
H0YLD2,UniProtKB/TrEMBL,1.0,Active
J3QL05,UniProtKB/TrEMBL,3.0,Active
Q5TH29,UniProtKB/TrEMBL,1.0,Active
A0A804HJ67,UniProtKB/TrEMBL,2.0,Active
U3KQG9,UniProtKB/TrEMBL,2.0,Active
C9JKQ7,UniProtKB/TrEMBL,1.0,Active
C9JLP2,UniProtKB/TrEMBL,2.0,Active
O43598,UniProtKB/Swiss-Prot,5.0,Active
A0A140T911,UniProtKB/TrEMBL,1.0,Active
H3BNC5,UniProtKB/TrEMBL,1.0,Active
Q5QPP1,UniProtKB/TrEMBL,2.0,Active
A0A7R6M8P0,UniProtKB/TrEMBL,1.0,Active
P35754,UniProtKB/Swiss-Prot,5.0,Active
U3KQI8,UniProtKB/TrEMBL,1.0,Active
E5RH64,UniProtKB/TrEMBL,2.0,Active
A0A3Q8B4N0,UniProtKB/TrEMBL,2.0,Active
F8WAY1,UniProtKB/TrEMBL,1.0,Active
A0A0B4J280,UniProtKB/Swiss-Prot,3.0,Active
G3V5K8,UniProtKB/TrEMBL,2.0,Active
E9PKU1,UniProtKB/TrEMBL,1.0,Active
E7EW14,UniProtKB/TrEMBL,2.0,Active
Q5VUB8,UniProtKB/TrEMBL,2.0,Active
Q9NP86,UniProtKB/Swiss-Prot,5.0,Active
K7EPB7,UniProtKB/TrEMBL,1.0,Active
E5RI27,UniProtKB/TrEMBL,1.0,Active
Q96E66,UniProtKB/Swiss-Prot,3.0,Active
Q8TCA0,UniProtKB/Swiss-Prot,2.0,Active
A0A0U1RRK6,Inactive/Deleted,0.0,Inactive
A0A286YFC8,UniProtKB/TrEMBL,1.0,Active
H7C4K7,UniProtKB/TrEMBL,1.0,Active
A0A1B0GTP4,UniProtKB/TrEMBL,1.0,Active
Q9NZD7,UniProtKB/TrEMBL,1.0,Active
B4DWE2,UniProtKB/TrEMBL,2.0,Active
U3KPW1,UniProtKB/TrEMBL,1.0,Active
G1UI41,UniProtKB/TrEMBL,1.0,Active
F8VZB4,UniProtKB/TrEMBL,2.0,Active
C9JDQ8,UniProtKB/TrEMBL,1.0,Active
A8K0B7,UniProtKB/TrEMBL,1.0,Active
A0A0S2Z460,UniProtKB/TrEMBL,1.0,Active
C9JAC8,UniProtKB/TrEMBL,2.0,Active
B3GUD4,UniProtKB/TrEMBL,1.0,Active
B4DEW4,UniProtKB/TrEMBL,1.0,Active
Q53QP6,UniProtKB/TrEMBL,1.0,Active
H0YNX0,UniProtKB/TrEMBL,2.0,Active
Q7Z2J8,UniProtKB/TrEMBL,1.0,Active
A0A0D9SG72,UniProtKB/TrEMBL,3.0,Active
M0R389,UniProtKB/TrEMBL,3.0,Active
Q7Z6V5,UniProtKB/Swiss-Prot,5.0,Active
C9JU80,UniProtKB/TrEMBL,1.0,Active
Q7Z4B1,UniProtKB/TrEMBL,1.0,Active
A0A0C4DH26,UniProtKB/Swiss-Prot,3.0,Active
B2R4R9,UniProtKB/TrEMBL,2.0,Active
B4DFS1,UniProtKB/TrEMBL,1.0,Active
A0A2R8YFV6,UniProtKB/TrEMBL,1.0,Active
F8VX60,UniProtKB/TrEMBL,3.0,Active
A0A0J9YY83,UniProtKB/TrEMBL,2.0,Active
H3BSS9,UniProtKB/TrEMBL,1.0,Active
S5MD53,UniProtKB/TrEMBL,1.0,Active
C9JTS3,UniProtKB/TrEMBL,1.0,Active
F8WEJ8,UniProtKB/TrEMBL,1.0,Active
F5H0I5,UniProtKB/TrEMBL,2.0,Active
F5GX79,UniProtKB/TrEMBL,1.0,Active
C9JWJ3,UniProtKB/TrEMBL,1.0,Active
F8WEF0,UniProtKB/TrEMBL,2.0,Active
Q9Y4U2,UniProtKB/TrEMBL,1.0,Active
F8VZQ1,UniProtKB/TrEMBL,1.0,Active
A0A0U1S8T6,UniProtKB/TrEMBL,1.0,Active
G3V1K6,UniProtKB/TrEMBL,2.0,Active
Q9Y3B4,UniProtKB/Swiss-Prot,5.0,Active
E9PL59,UniProtKB/TrEMBL,1.0,Active
B4DYI5,UniProtKB/TrEMBL,1.0,Active
C9JPQ5,UniProtKB/TrEMBL,2.0,Active
A0A0B4J222,UniProtKB/TrEMBL,2.0,Active
P84090,UniProtKB/Swiss-Prot,5.0,Active
Q5JVH2,UniProtKB/TrEMBL,1.0,Active
J3QSE6,UniProtKB/TrEMBL,1.0,Active
A0A810V332,UniProtKB/TrEMBL,1.0,Active
B4DXQ3,UniProtKB/TrEMBL,1.0,Active
A0A0A0MS96,UniProtKB/TrEMBL,1.0,Active
Q99584,UniProtKB/Swiss-Prot,5.0,Active
H7C258,UniProtKB/TrEMBL,1.0,Active
C9J5C4,UniProtKB/TrEMBL,2.0,Active
B4DWQ3,UniProtKB/TrEMBL,3.0,Active
B4DLN4,UniProtKB/TrEMBL,1.0,Active
Q59G68,UniProtKB/TrEMBL,2.0,Active
A0A6Q8PFC1,UniProtKB/TrEMBL,2.0,Active
C9JQT7,UniProtKB/TrEMBL,1.0,Active
K7EJ50,UniProtKB/TrEMBL,1.0,Active
K7EJV5,UniProtKB/TrEMBL,2.0,Active
Q68D18,UniProtKB/TrEMBL,1.0,Active
Q96K32,UniProtKB/TrEMBL,1.0,Active
H0YJZ3,UniProtKB/TrEMBL,1.0,Active
H0Y962,UniProtKB/TrEMBL,2.0,Active
A0A590UK30,UniProtKB/TrEMBL,1.0,Active
B7Z5Z9,UniProtKB/TrEMBL,1.0,Active
A0A087X282,UniProtKB/TrEMBL,1.0,Active
C9JZ38,UniProtKB/TrEMBL,1.0,Active
F5H8J9,UniProtKB/TrEMBL,1.0,Active
Q49A42,UniProtKB/TrEMBL,1.0,Active
E9PKV9,UniProtKB/TrEMBL,1.0,Active
H3BUX4,UniProtKB/TrEMBL,1.0,Active
G3V2S9,UniProtKB/TrEMBL,2.0,Active
F8VX21,UniProtKB/TrEMBL,2.0,Active
Q9BPV5,UniProtKB/TrEMBL,2.0,Active
P55854,UniProtKB/Swiss-Prot,5.0,Active
A6NK44,UniProtKB/Swiss-Prot,2.0,Active
E5RK70,UniProtKB/TrEMBL,2.0,Active
H0YN06,UniProtKB/TrEMBL,1.0,Active
D6R935,UniProtKB/TrEMBL,1.0,Active
B4DNR3,UniProtKB/TrEMBL,2.0,Active
A0A3B3IS29,UniProtKB/TrEMBL,1.0,Active
A6NP46,UniProtKB/TrEMBL,1.0,Active
K7EQS7,UniProtKB/TrEMBL,1.0,Active
C9JRH1,UniProtKB/TrEMBL,1.0,Active
C9J4G2,UniProtKB/TrEMBL,1.0,Active
K7ELI9,UniProtKB/TrEMBL,1.0,Active
B2ZWH1,UniProtKB/TrEMBL,1.0,Active
A5H458,UniProtKB/TrEMBL,2.0,Active
Q9BPY8,UniProtKB/Swiss-Prot,5.0,Active
C9JPP3,UniProtKB/TrEMBL,1.0,Active
Q6YFQ2,UniProtKB/Swiss-Prot,4.0,Active
E9PSD7,UniProtKB/TrEMBL,2.0,Active
A0A024R7B0,UniProtKB/TrEMBL,1.0,Active
A0A0A6YYK6,UniProtKB/Swiss-Prot,3.0,Active
E9PI14,UniProtKB/TrEMBL,2.0,Active
B4DEV9,UniProtKB/TrEMBL,1.0,Active
A0A087WT02,UniProtKB/Swiss-Prot,3.0,Active
F8VYH9,UniProtKB/TrEMBL,2.0,Active
A0A0A0MTE0,UniProtKB/TrEMBL,1.0,Active
B3VS40,UniProtKB/TrEMBL,1.0,Active
Q8WY82,UniProtKB/TrEMBL,1.0,Active
E9PI47,UniProtKB/TrEMBL,1.0,Active
Q5T6L6,UniProtKB/TrEMBL,2.0,Active
F5H5S0,UniProtKB/TrEMBL,1.0,Active
J3KTR5,UniProtKB/TrEMBL,1.0,Active
P63172,UniProtKB/Swiss-Prot,5.0,Active
P04080,UniProtKB/Swiss-Prot,5.0,Active
A0A0S2Z413,UniProtKB/TrEMBL,1.0,Active
A0A0B4J241,UniProtKB/Swiss-Prot,3.0,Active
B4DLI7,UniProtKB/TrEMBL,2.0,Active
E7ERS5,UniProtKB/TrEMBL,1.0,Active
A0A2R8YCT7,UniProtKB/TrEMBL,2.0,Active
A0A0A0MQY2,UniProtKB/TrEMBL,1.0,Active
K7ESB1,UniProtKB/TrEMBL,1.0,Active
S4R3D8,UniProtKB/TrEMBL,2.0,Active
A0A0B4J264,UniProtKB/Swiss-Prot,3.0,Active
A0A7P0TAS1,UniProtKB/TrEMBL,1.0,Active
F8WDV1,UniProtKB/TrEMBL,2.0,Active
E9PR67,UniProtKB/TrEMBL,2.0,Active
A0A0C4DH27,UniProtKB/Swiss-Prot,3.0,Active
I3L531,UniProtKB/TrEMBL,1.0,Active
Q86YK2,UniProtKB/TrEMBL,1.0,Active
A0A1W2PP32,UniProtKB/TrEMBL,1.0,Active
Q5JSS6,UniProtKB/Swiss-Prot,3.0,Active
C9JVT3,UniProtKB/TrEMBL,1.0,Active
F8WBB5,UniProtKB/TrEMBL,1.0,Active
A8MWD9,UniProtKB/Swiss-Prot,3.0,Active
E9PI09,UniProtKB/TrEMBL,2.0,Active
H7C1G0,UniProtKB/TrEMBL,1.0,Active
K7EMA4,UniProtKB/TrEMBL,2.0,Active
D6R9L9,UniProtKB/TrEMBL,2.0,Active
H3BQQ4,UniProtKB/TrEMBL,2.0,Active
J3KPD9,UniProtKB/TrEMBL,3.0,Active
S4R3Q3,UniProtKB/TrEMBL,2.0,Active
A0PHL1,UniProtKB/TrEMBL,2.0,Active
B4DDH4,UniProtKB/TrEMBL,1.0,Active
Q4LDG9,UniProtKB/Swiss-Prot,5.0,Active
E7EV97,UniProtKB/TrEMBL,1.0,Active
C9JEC5,UniProtKB/TrEMBL,2.0,Active
A0A090N8Y5,UniProtKB/TrEMBL,2.0,Active
A0A5B0,UniProtKB/Swiss-Prot,3.0,Active
Q5T9Q8,UniProtKB/TrEMBL,1.0,Active
F8VYN9,UniProtKB/TrEMBL,2.0,Active
F8VP00,UniProtKB/TrEMBL,1.0,Active
H7BZJ2,UniProtKB/TrEMBL,1.0,Active
A0A0B4J240,UniProtKB/Swiss-Prot,3.0,Active
E5RK47,UniProtKB/TrEMBL,1.0,Active
A0A023T787,UniProtKB/TrEMBL,3.0,Active
P62875,UniProtKB/Swiss-Prot,5.0,Active
A0A5C2FVD0,UniProtKB/TrEMBL,1.0,Active
M0R0T8,UniProtKB/TrEMBL,1.0,Active
A0A804HI10,UniProtKB/TrEMBL,1.0,Active
P04435,UniProtKB/Swiss-Prot,4.0,Active
Q9NZ46,UniProtKB/TrEMBL,1.0,Active
F6S9Y6,UniProtKB/TrEMBL,1.0,Active
A0JLP1,UniProtKB/TrEMBL,2.0,Active
A0A7D5XLN4,UniProtKB/TrEMBL,1.0,Active
A1A4Y4,UniProtKB/Swiss-Prot,5.0,Active
F8WCU6,UniProtKB/TrEMBL,1.0,Active
P32321,UniProtKB/Swiss-Prot,5.0,Active
F8VU09,UniProtKB/TrEMBL,1.0,Active
A0A7P0T850,UniProtKB/TrEMBL,1.0,Active
Q59GB7,UniProtKB/TrEMBL,1.0,Active
A0A075B6U4,UniProtKB/Swiss-Prot,3.0,Active
A0A087X0M5,UniProtKB/Swiss-Prot,3.0,Active
P0CG21,UniProtKB/Swiss-Prot,4.0,Active
G8FL39,UniProtKB/TrEMBL,1.0,Active
A0A3B3IRI7,UniProtKB/TrEMBL,3.0,Active
Q9UG21,UniProtKB/TrEMBL,1.0,Active
B4DNQ0,UniProtKB/TrEMBL,1.0,Active
Q5JNZ6,UniProtKB/TrEMBL,1.0,Active
Q9Y3B5,UniProtKB/TrEMBL,1.0,Active
F8T0U4,UniProtKB/TrEMBL,1.0,Active
U3KQI4,UniProtKB/TrEMBL,1.0,Active
P01834,UniProtKB/Swiss-Prot,5.0,Active
J3KRZ1,UniProtKB/TrEMBL,1.0,Active
B4DKR7,UniProtKB/TrEMBL,1.0,Active
J3QKT0,UniProtKB/TrEMBL,1.0,Active
A0A0B4J279,UniProtKB/Swiss-Prot,3.0,Active
X1WI25,UniProtKB/TrEMBL,1.0,Active
F8VXH9,UniProtKB/TrEMBL,1.0,Active
F8W0V1,UniProtKB/TrEMBL,1.0,Active
J3KRS4,UniProtKB/TrEMBL,1.0,Active
C9J1E1,UniProtKB/TrEMBL,1.0,Active
C9J8Z2,UniProtKB/TrEMBL,1.0,Active
A4FUI5,UniProtKB/TrEMBL,1.0,Active
Q8WUH1,UniProtKB/Swiss-Prot,4.0,Active
A0A0A6YYK4,UniProtKB/Swiss-Prot,3.0,Active
A0A087WTS1,UniProtKB/TrEMBL,1.0,Active
A0A578,UniProtKB/Swiss-Prot,3.0,Active
H7C540,UniProtKB/TrEMBL,2.0,Active
A0A1B0GX49,UniProtKB/Swiss-Prot,3.0,Active
A0A2U8J962,UniProtKB/TrEMBL,1.0,Active
A0A075B6I0,UniProtKB/Swiss-Prot,3.0,Active
K7EJS7,UniProtKB/TrEMBL,1.0,Active
A0A2R8Y5S5,UniProtKB/TrEMBL,1.0,Active
E7EWI1,UniProtKB/TrEMBL,1.0,Active
A0A075B6T8,UniProtKB/Swiss-Prot,3.0,Active
A0A0B4J1U6,UniProtKB/Swiss-Prot,3.0,Active
A0A804HIJ4,UniProtKB/TrEMBL,1.0,Active
C9JJ08,UniProtKB/TrEMBL,1.0,Active
E9PKN5,UniProtKB/TrEMBL,1.0,Active
Q1W147,UniProtKB/TrEMBL,1.0,Active
K7EIW7,UniProtKB/TrEMBL,1.0,Active
A1Z2N6,UniProtKB/TrEMBL,1.0,Active
A0A2R8Y7D0,UniProtKB/Swiss-Prot,5.0,Active
F8VUB6,UniProtKB/TrEMBL,1.0,Active
A0A0B4J1Y8,UniProtKB/Swiss-Prot,3.0,Active
Q9UEJ6,UniProtKB/TrEMBL,1.0,Active
O95608,UniProtKB/TrEMBL,1.0,Active
K7ERE6,UniProtKB/TrEMBL,1.0,Active
A0A5B9M2L1,UniProtKB/TrEMBL,1.0,Active
D6RAV7,UniProtKB/TrEMBL,3.0,Active
Q9Y499,UniProtKB/TrEMBL,1.0,Active
A0A096LP32,UniProtKB/TrEMBL,1.0,Active
A0A075B6N1,UniProtKB/Swiss-Prot,4.0,Active
A9X7H1,UniProtKB/TrEMBL,1.0,Active
F5H2L7,UniProtKB/TrEMBL,1.0,Active
A6XMH4,UniProtKB/TrEMBL,2.0,Active
E9PP14,UniProtKB/TrEMBL,1.0,Active
Q6ZPC7,UniProtKB/TrEMBL,1.0,Active
Q2F835,UniProtKB/TrEMBL,1.0,Active
A8K1M2,UniProtKB/TrEMBL,3.0,Active
P29034,UniProtKB/Swiss-Prot,5.0,Active
P30047,UniProtKB/Swiss-Prot,5.0,Active
A0A075B6K0,UniProtKB/Swiss-Prot,3.0,Active
F8VUD2,UniProtKB/TrEMBL,1.0,Active
C9JAL2,UniProtKB/TrEMBL,1.0,Active
A0A1B1HY21,UniProtKB/TrEMBL,1.0,Active
Q05CP7,UniProtKB/TrEMBL,2.0,Active
D6RCT3,UniProtKB/TrEMBL,1.0,Active
J3QRK3,UniProtKB/TrEMBL,1.0,Active
A0A1B0GX78,UniProtKB/Swiss-Prot,3.0,Active
Q5T3L9,UniProtKB/TrEMBL,2.0,Active
C9JZK8,UniProtKB/TrEMBL,1.0,Active
B4DTC1,UniProtKB/TrEMBL,1.0,Active
G1UI32,UniProtKB/TrEMBL,3.0,Active
C9J973,UniProtKB/TrEMBL,1.0,Active
Q75MP5,UniProtKB/TrEMBL,1.0,Active
C9JJM7,UniProtKB/TrEMBL,1.0,Active
C9J8C2,UniProtKB/TrEMBL,1.0,Active
C9J082,UniProtKB/TrEMBL,2.0,Active
E5RI44,UniProtKB/TrEMBL,1.0,Active
A0A0B4J244,UniProtKB/Swiss-Prot,3.0,Active
E5RGJ2,UniProtKB/TrEMBL,2.0,Active
H3BNU5,UniProtKB/TrEMBL,1.0,Active
H3BTN9,UniProtKB/TrEMBL,1.0,Active
A0A0C4DGX7,UniProtKB/TrEMBL,2.0,Active
P05161,UniProtKB/Swiss-Prot,5.0,Active
H0Y8K5,UniProtKB/TrEMBL,1.0,Active
O15202,UniProtKB/TrEMBL,2.0,Active
H3BU69,UniProtKB/TrEMBL,1.0,Active
C9J2Q4,UniProtKB/TrEMBL,2.0,Active
A0A0B4J277,UniProtKB/Swiss-Prot,3.0,Active
H3BU35,UniProtKB/TrEMBL,1.0,Active
C9JJS3,UniProtKB/TrEMBL,2.0,Active
K7ENB4,UniProtKB/TrEMBL,3.0,Active
A0A0B4J273,UniProtKB/Swiss-Prot,3.0,Active
X2G248,UniProtKB/TrEMBL,1.0,Active
C9JQA4,UniProtKB/TrEMBL,1.0,Active
H0YJK4,UniProtKB/TrEMBL,1.0,Active
H0YAA2,UniProtKB/TrEMBL,1.0,Active
A0A0B4J249,UniProtKB/Swiss-Prot,3.0,Active
M0QXX5,UniProtKB/TrEMBL,1.0,Active
H0YKK1,UniProtKB/TrEMBL,1.0,Active
Q8IY64,UniProtKB/TrEMBL,2.0,Active
A0A5C2GPC9,UniProtKB/TrEMBL,1.0,Active
E9PQL2,UniProtKB/TrEMBL,1.0,Active
Q9BUE6,UniProtKB/Swiss-Prot,5.0,Active
J3KSI1,UniProtKB/TrEMBL,1.0,Active
K7EM18,UniProtKB/TrEMBL,1.0,Active
F8WCQ2,UniProtKB/TrEMBL,1.0,Active
D6RBG2,UniProtKB/TrEMBL,1.0,Active
C9JAM4,UniProtKB/TrEMBL,1.0,Active
B4DYM2,UniProtKB/TrEMBL,2.0,Active
B3KM83,UniProtKB/TrEMBL,1.0,Active
M0R257,UniProtKB/TrEMBL,2.0,Active
F8WF18,UniProtKB/TrEMBL,1.0,Active
H3BSH2,UniProtKB/TrEMBL,1.0,Active
A0A0C4ZNA2,UniProtKB/TrEMBL,1.0,Active
Q92927,UniProtKB/TrEMBL,1.0,Active
Q9BU61,UniProtKB/Swiss-Prot,5.0,Active
H0YNA7,UniProtKB/TrEMBL,2.0,Active
Q8NFB6,UniProtKB/TrEMBL,3.0,Active
D6RE17,UniProtKB/TrEMBL,1.0,Active
A0A2R8Y773,UniProtKB/TrEMBL,1.0,Active
E5RIV1,UniProtKB/TrEMBL,1.0,Active
Q75MF8,UniProtKB/TrEMBL,1.0,Active
E5RG12,UniProtKB/TrEMBL,1.0,Active
K7ESL0,UniProtKB/TrEMBL,1.0,Active
C9J2I2,UniProtKB/TrEMBL,2.0,Active
V9H1C1,UniProtKB/TrEMBL,2.0,Active
Q6PJR7,UniProtKB/TrEMBL,1.0,Active
E5RG57,UniProtKB/TrEMBL,2.0,Active
A0A594,UniProtKB/TrEMBL,1.0,Active
B7Z4W3,UniProtKB/TrEMBL,1.0,Active
C4PL35,UniProtKB/TrEMBL,1.0,Active
F5H6Y0,UniProtKB/TrEMBL,1.0,Active
F2Z2F9,UniProtKB/TrEMBL,1.0,Active
Q9P0Z7,UniProtKB/TrEMBL,1.0,Active
H3BPC3,UniProtKB/TrEMBL,1.0,Active
A0A0B4J274,UniProtKB/Swiss-Prot,3.0,Active
F8W0A0,UniProtKB/TrEMBL,1.0,Active
O15199,UniProtKB/TrEMBL,1.0,Active
Q5TEH5,UniProtKB/TrEMBL,2.0,Active
H3BMR4,UniProtKB/TrEMBL,1.0,Active
D6RF44,UniProtKB/TrEMBL,1.0,Active
A0A2I6QG18,UniProtKB/TrEMBL,1.0,Active
Q5SY68,UniProtKB/Swiss-Prot,3.0,Active
Q5VZM0,UniProtKB/TrEMBL,2.0,Active
A0JD36,UniProtKB/Swiss-Prot,3.0,Active
I3L1A5,UniProtKB/TrEMBL,1.0,Active
S4R3P0,UniProtKB/TrEMBL,1.0,Active
B4DVL7,UniProtKB/TrEMBL,1.0,Active
P0CG13,UniProtKB/Swiss-Prot,4.0,Active
P59991,UniProtKB/Swiss-Prot,5.0,Active
B0QZ36,UniProtKB/TrEMBL,2.0,Active
D6REZ6,UniProtKB/TrEMBL,1.0,Active
A0A0B4J271,UniProtKB/Swiss-Prot,3.0,Active
A0A087WYV4,UniProtKB/TrEMBL,1.0,Active
H3BPD7,UniProtKB/TrEMBL,1.0,Active
Q9NSM7,UniProtKB/TrEMBL,1.0,Active
F1ABM9,UniProtKB/TrEMBL,1.0,Active
A0A140T943,UniProtKB/TrEMBL,1.0,Active
F5H0N8,UniProtKB/TrEMBL,2.0,Active
A0A0B4J263,UniProtKB/Swiss-Prot,3.0,Active
Q8WYC7,UniProtKB/TrEMBL,1.0,Active
P78543,UniProtKB/Swiss-Prot,5.0,Active
I4AY87,UniProtKB/TrEMBL,5.0,Active
E9PLG6,UniProtKB/TrEMBL,1.0,Active
K7EQB6,UniProtKB/TrEMBL,2.0,Active
Q5RLJ2,UniProtKB/TrEMBL,1.0,Active
Q99857,UniProtKB/TrEMBL,1.0,Active
P84077,UniProtKB/Swiss-Prot,5.0,Active
B5A979,UniProtKB/TrEMBL,3.0,Active
A0A3B3IRU3,UniProtKB/TrEMBL,2.0,Active
A0A804HI42,UniProtKB/TrEMBL,1.0,Active
S4R3D1,UniProtKB/TrEMBL,2.0,Active
A0A0J9YY12,UniProtKB/TrEMBL,1.0,Active
A0A087WT03,UniProtKB/Swiss-Prot,3.0,Active
Q59FS8,UniProtKB/TrEMBL,1.0,Active
O15201,UniProtKB/TrEMBL,1.0,Active
C9JDR3,UniProtKB/TrEMBL,1.0,Active
E5RHD0,UniProtKB/TrEMBL,3.0,Active
P31151,UniProtKB/Swiss-Prot,5.0,Active
S4R402,UniProtKB/TrEMBL,1.0,Active
C9JIY1,UniProtKB/TrEMBL,1.0,Active
A0A0A0MS02,UniProtKB/Swiss-Prot,3.0,Active
K7EQX6,UniProtKB/TrEMBL,1.0,Active
F5GZT7,UniProtKB/TrEMBL,1.0,Active
P82932,UniProtKB/Swiss-Prot,5.0,Active
G1UI20,UniProtKB/TrEMBL,1.0,Active
Q6PIV4,UniProtKB/TrEMBL,1.0,Active
S4W2A6,UniProtKB/TrEMBL,1.0,Active
O15203,UniProtKB/TrEMBL,1.0,Active
A0A7P0T877,UniProtKB/TrEMBL,1.0,Active
A0A7S5EWK7,UniProtKB/TrEMBL,1.0,Active
A0A1B0GXC4,UniProtKB/TrEMBL,1.0,Active
Q8WYD5,UniProtKB/TrEMBL,1.0,Active
Q9H5X1,UniProtKB/Swiss-Prot,5.0,Active
H3BSC0,UniProtKB/TrEMBL,1.0,Active
A0A5C2G6Y8,UniProtKB/TrEMBL,1.0,Active
O15200,UniProtKB/TrEMBL,1.0,Active
H3BSQ5,UniProtKB/TrEMBL,1.0,Active
F8WD21,UniProtKB/TrEMBL,2.0,Active
Q5JPK1,UniProtKB/TrEMBL,2.0,Active
F5GZ05,UniProtKB/TrEMBL,1.0,Active
B7ZBR9,UniProtKB/TrEMBL,1.0,Active
A0A087WZS4,UniProtKB/TrEMBL,1.0,Active
A0A576,UniProtKB/Swiss-Prot,3.0,Active
A0A0J9YXU7,UniProtKB/TrEMBL,2.0,Active
H0YLT7,UniProtKB/TrEMBL,1.0,Active
A0A804HHR8,UniProtKB/TrEMBL,1.0,Active
A0A387LBY6,UniProtKB/TrEMBL,1.0,Active
F8WF92,UniProtKB/TrEMBL,1.0,Active
F8WBC6,UniProtKB/TrEMBL,1.0,Active
F5H1Y3,UniProtKB/TrEMBL,2.0,Active
M0R1J2,UniProtKB/TrEMBL,1.0,Active
K7EK18,UniProtKB/TrEMBL,1.0,Active
Q5NV66,UniProtKB/TrEMBL,1.0,Active
A0A0A0MRZ9,UniProtKB/Swiss-Prot,3.0,Active
M0QZR9,UniProtKB/TrEMBL,1.0,Active
C9IYU2,UniProtKB/TrEMBL,1.0,Active
K7EIJ4,UniProtKB/TrEMBL,2.0,Active
O15235,UniProtKB/Swiss-Prot,4.0,Active
I3L4L3,UniProtKB/TrEMBL,1.0,Active
Q68D33,UniProtKB/TrEMBL,2.0,Active
Q86UL5,UniProtKB/TrEMBL,1.0,Active
G3V3W6,UniProtKB/TrEMBL,1.0,Active
Q96P91,UniProtKB/TrEMBL,1.0,Active
V9GYC3,UniProtKB/TrEMBL,2.0,Active
J3QLE1,UniProtKB/TrEMBL,1.0,Active
O43715,UniProtKB/Swiss-Prot,5.0,Active
F8VV53,UniProtKB/TrEMBL,1.0,Active
F8VTR5,UniProtKB/TrEMBL,1.0,Active
P62306,UniProtKB/Swiss-Prot,5.0,Active
B6HY67,UniProtKB/TrEMBL,1.0,Active
G8JLA5,UniProtKB/TrEMBL,1.0,Active
Q8WWU8,UniProtKB/TrEMBL,2.0,Active
D6RFX4,UniProtKB/TrEMBL,2.0,Active
A5GZ69,UniProtKB/TrEMBL,1.0,Active
F5H024,UniProtKB/TrEMBL,1.0,Active
Q96GX3,UniProtKB/TrEMBL,2.0,Active
Q9UMI9,UniProtKB/TrEMBL,1.0,Active
A8K1V3,UniProtKB/TrEMBL,2.0,Active
F6VZ39,UniProtKB/TrEMBL,2.0,Active
C9J0F3,UniProtKB/TrEMBL,1.0,Active
Q53H37,UniProtKB/TrEMBL,1.0,Active
E9PK48,UniProtKB/TrEMBL,2.0,Active
A1L197,UniProtKB/TrEMBL,1.0,Active
F2YYR6,UniProtKB/TrEMBL,1.0,Active
H0YHU8,UniProtKB/TrEMBL,1.0,Active
A0A087X0K7,UniProtKB/Swiss-Prot,4.0,Active
P12273,UniProtKB/Swiss-Prot,5.0,Active
B4DSC7,UniProtKB/TrEMBL,1.0,Active
G3V247,UniProtKB/TrEMBL,1.0,Active
A0A5C2G4F9,UniProtKB/TrEMBL,1.0,Active
J3KNC0,UniProtKB/TrEMBL,1.0,Active
E9PPV8,UniProtKB/TrEMBL,1.0,Active
H3BM40,UniProtKB/TrEMBL,1.0,Active
P60903,UniProtKB/Swiss-Prot,5.0,Active
K7EJD9,UniProtKB/TrEMBL,1.0,Active
Q8WYD0,UniProtKB/TrEMBL,1.0,Active
A0A0K0MJ49,UniProtKB/TrEMBL,2.0,Active
D6RAG0,UniProtKB/TrEMBL,1.0,Active
C9JZ54,UniProtKB/TrEMBL,1.0,Active
J3QLG8,UniProtKB/TrEMBL,2.0,Active
A0A590UIY0,UniProtKB/TrEMBL,1.0,Active
A0A087WY03,UniProtKB/TrEMBL,1.0,Active
H0YH86,UniProtKB/TrEMBL,1.0,Active
B4E057,UniProtKB/TrEMBL,1.0,Active
Q15952,UniProtKB/TrEMBL,1.0,Active
A0A384N6A4,UniProtKB/TrEMBL,2.0,Active
E9PLD4,UniProtKB/TrEMBL,1.0,Active
Q6IQ42,UniProtKB/TrEMBL,1.0,Active
G3V2H3,UniProtKB/TrEMBL,1.0,Active
M0QYR1,UniProtKB/TrEMBL,1.0,Active
Q3T1A9,UniProtKB/TrEMBL,1.0,Active
A0A7I2V591,UniProtKB/TrEMBL,1.0,Active
J3KTF7,UniProtKB/TrEMBL,1.0,Active
E5RID7,UniProtKB/TrEMBL,1.0,Active
A0A0G2JNR0,UniProtKB/TrEMBL,1.0,Active
P58546,UniProtKB/Swiss-Prot,5.0,Active
C9K0C2,UniProtKB/TrEMBL,2.0,Active
I3L320,UniProtKB/TrEMBL,1.0,Active
H0YKA7,UniProtKB/TrEMBL,2.0,Active
B7Z6W6,UniProtKB/TrEMBL,1.0,Active
Q86SX2,UniProtKB/TrEMBL,1.0,Active
D2E0V1,UniProtKB/TrEMBL,1.0,Active
A0A3B3ITV0,UniProtKB/TrEMBL,4.0,Active
F8WA26,UniProtKB/TrEMBL,1.0,Active
K7EIU6,UniProtKB/TrEMBL,1.0,Active
B4DWC1,UniProtKB/TrEMBL,2.0,Active
Q86SZ5,UniProtKB/TrEMBL,1.0,Active
B8XFT4,UniProtKB/TrEMBL,1.0,Active
J3QLP1,UniProtKB/TrEMBL,1.0,Active
C9JMY5,UniProtKB/TrEMBL,2.0,Active
D6RJE8,UniProtKB/TrEMBL,1.0,Active
E5RHN1,UniProtKB/TrEMBL,2.0,Active
C9JTD0,UniProtKB/TrEMBL,1.0,Active
Q8WYD8,UniProtKB/TrEMBL,1.0,Active
B7Z4C8,UniProtKB/TrEMBL,2.0,Active
A0A087WYZ1,UniProtKB/TrEMBL,2.0,Active
Q9UPB4,UniProtKB/TrEMBL,1.0,Active
B3KT23,UniProtKB/TrEMBL,1.0,Active
A0A0B4J235,UniProtKB/Swiss-Prot,3.0,Active
F8WD52,UniProtKB/TrEMBL,1.0,Active
B5AGT3,UniProtKB/TrEMBL,1.0,Active
A0A0S2Z594,UniProtKB/TrEMBL,2.0,Active
P07741,UniProtKB/Swiss-Prot,5.0,Active
J3QKR4,UniProtKB/TrEMBL,1.0,Active
F8VRX9,UniProtKB/TrEMBL,1.0,Active
Q400I9,UniProtKB/TrEMBL,1.0,Active
A0A075B6X5,UniProtKB/Swiss-Prot,3.0,Active
F8VZP2,UniProtKB/TrEMBL,1.0,Active
C9J8L1,UniProtKB/TrEMBL,1.0,Active
Q9BYY1,UniProtKB/TrEMBL,1.0,Active
D6RA67,UniProtKB/TrEMBL,1.0,Active
C9J880,UniProtKB/TrEMBL,1.0,Active
F8VVA3,UniProtKB/TrEMBL,2.0,Active
C9JVE9,UniProtKB/TrEMBL,1.0,Active
P33552,UniProtKB/Swiss-Prot,4.0,Active
R4GN52,UniProtKB/TrEMBL,1.0,Active
D6RAP0,UniProtKB/TrEMBL,1.0,Active
J3QQJ6,UniProtKB/TrEMBL,1.0,Active
B4DY35,UniProtKB/TrEMBL,1.0,Active
B3KXY7,UniProtKB/TrEMBL,1.0,Active
B7Z6E0,UniProtKB/TrEMBL,2.0,Active
Q4VXV2,UniProtKB/TrEMBL,1.0,Active
O75884,UniProtKB/Swiss-Prot,5.0,Active
C9J6W0,UniProtKB/TrEMBL,1.0,Active
R4S3J9,UniProtKB/TrEMBL,1.0,Active
M0QZ17,UniProtKB/TrEMBL,2.0,Active
C9JNL8,UniProtKB/TrEMBL,1.0,Active
C9JBM3,UniProtKB/TrEMBL,4.0,Active
A0A0B4J290,UniProtKB/TrEMBL,1.0,Active
Q96FQ6,UniProtKB/Swiss-Prot,5.0,Active
C9JQ36,UniProtKB/TrEMBL,1.0,Active
O15182,UniProtKB/Swiss-Prot,5.0,Active
A0A0H4PJU2,UniProtKB/TrEMBL,1.0,Active
C9JYM0,UniProtKB/TrEMBL,2.0,Active
J3KTC1,UniProtKB/TrEMBL,1.0,Active
A0A075B6U6,UniProtKB/TrEMBL,1.0,Active
Q5TD07,UniProtKB/TrEMBL,2.0,Active
Q8NHS7,UniProtKB/TrEMBL,1.0,Active
D6RFW2,UniProtKB/TrEMBL,1.0,Active
Q5QP01,UniProtKB/TrEMBL,3.0,Active
A0A087WU59,UniProtKB/TrEMBL,1.0,Active
A0A7G9ZDP2,UniProtKB/TrEMBL,1.0,Active
Q8IUW1,UniProtKB/TrEMBL,1.0,Active
A0A0D9SF92,UniProtKB/TrEMBL,1.0,Active
E9PKI9,UniProtKB/TrEMBL,2.0,Active
H0YE58,UniProtKB/TrEMBL,1.0,Active
F8VSB9,UniProtKB/TrEMBL,1.0,Active
A0A3B3IRP2,UniProtKB/TrEMBL,1.0,Active
B9A010,UniProtKB/TrEMBL,2.0,Active
Q7L8P5,UniProtKB/TrEMBL,1.0,Active
E9PN14,UniProtKB/TrEMBL,2.0,Active
Q8WXR2,UniProtKB/TrEMBL,1.0,Active
B4DDS2,UniProtKB/TrEMBL,1.0,Active
K7ES59,UniProtKB/TrEMBL,1.0,Active
D6RHX4,UniProtKB/TrEMBL,1.0,Active
C9J922,UniProtKB/TrEMBL,1.0,Active
Q9UIR6,UniProtKB/TrEMBL,1.0,Active
E5RG26,UniProtKB/TrEMBL,1.0,Active
A0A7I2V4N0,UniProtKB/TrEMBL,2.0,Active
K7EL80,UniProtKB/TrEMBL,1.0,Active
A0A0A0MS04,UniProtKB/Swiss-Prot,3.0,Active
A0A1W2PQE7,UniProtKB/TrEMBL,1.0,Active
C9J3G5,UniProtKB/TrEMBL,1.0,Active
A0A5P8PB28,UniProtKB/TrEMBL,1.0,Active
A8K5J5,UniProtKB/TrEMBL,1.0,Active
F8WBR0,UniProtKB/TrEMBL,1.0,Active
Q9NSP3,UniProtKB/TrEMBL,2.0,Active
Q5THN1,UniProtKB/TrEMBL,1.0,Active
Q8WVJ2,UniProtKB/Swiss-Prot,5.0,Active
Q5SSR2,UniProtKB/TrEMBL,1.0,Active
Q9Y237,UniProtKB/Swiss-Prot,5.0,Active
Q8NFU3,UniProtKB/Swiss-Prot,5.0,Active
A0A7I2V691,UniProtKB/TrEMBL,2.0,Active
Q9H3K6,UniProtKB/Swiss-Prot,5.0,Active
A0A5F9ZHY3,UniProtKB/TrEMBL,1.0,Active
A0A087X113,UniProtKB/TrEMBL,1.0,Active
Q6LD48,UniProtKB/TrEMBL,1.0,Active
F8VUW8,UniProtKB/TrEMBL,1.0,Active
B7ZBQ3,UniProtKB/TrEMBL,2.0,Active
Q68DE8,UniProtKB/TrEMBL,1.0,Active
K7ERI8,UniProtKB/TrEMBL,1.0,Active
Q5T397,UniProtKB/TrEMBL,3.0,Active
E9PKC9,UniProtKB/TrEMBL,1.0,Active
P36405,UniProtKB/Swiss-Prot,5.0,Active
Q75MG0,UniProtKB/TrEMBL,2.0,Active
A0A387LAQ4,UniProtKB/TrEMBL,1.0,Active
A0A5B7,UniProtKB/Swiss-Prot,3.0,Active
Q86X61,UniProtKB/TrEMBL,1.0,Active
A0A2H4R0R4,UniProtKB/TrEMBL,1.0,Active
C9JUD2,UniProtKB/TrEMBL,1.0,Active
D6RF99,UniProtKB/TrEMBL,1.0,Active
C9JAJ4,UniProtKB/TrEMBL,1.0,Active
Q5HYA2,UniProtKB/TrEMBL,1.0,Active
A8VPX0,UniProtKB/TrEMBL,1.0,Active
A0A3B3ITF4,UniProtKB/TrEMBL,1.0,Active
Q8TD76,UniProtKB/TrEMBL,1.0,Active
Q8WXG8,UniProtKB/Swiss-Prot,5.0,Active
B4DMX7,UniProtKB/TrEMBL,3.0,Active
Q8N757,UniProtKB/TrEMBL,1.0,Active
Q14552,UniProtKB/TrEMBL,1.0,Active
P02585,UniProtKB/Swiss-Prot,5.0,Active
Q5QPQ2,UniProtKB/TrEMBL,2.0,Active
C9JFM7,UniProtKB/TrEMBL,1.0,Active
U3MVU6,UniProtKB/TrEMBL,3.0,Active
I3L3B0,UniProtKB/TrEMBL,3.0,Active
Q6PIN6,UniProtKB/TrEMBL,1.0,Active
V5NR16,UniProtKB/TrEMBL,1.0,Active
E5RHR8,UniProtKB/TrEMBL,1.0,Active
Q8WXT4,UniProtKB/TrEMBL,2.0,Active
A0A494C051,UniProtKB/TrEMBL,1.0,Active
U3KQ57,UniProtKB/TrEMBL,2.0,Active
A0N7J6,UniProtKB/TrEMBL,1.0,Active
Q8WYQ4,UniProtKB/Swiss-Prot,4.0,Active
B7Z972,UniProtKB/TrEMBL,2.0,Active
A0A0B4J234,UniProtKB/Swiss-Prot,3.0,Active
B4DKU6,UniProtKB/TrEMBL,1.0,Active
A0A0B4J2A3,UniProtKB/TrEMBL,2.0,Active
Q5JXL9,UniProtKB/TrEMBL,2.0,Active
P62324,UniProtKB/Swiss-Prot,5.0,Active
Q9NQ81,UniProtKB/TrEMBL,2.0,Active
B3KMF2,UniProtKB/TrEMBL,1.0,Active
A0A1Z1VXG4,UniProtKB/TrEMBL,1.0,Active
A0A0U1RQU9,UniProtKB/TrEMBL,1.0,Active
A0A1C9J7T1,UniProtKB/TrEMBL,1.0,Active
F5GWS9,UniProtKB/TrEMBL,1.0,Active
I3L0X1,UniProtKB/TrEMBL,4.0,Active
A0A0B4J276,UniProtKB/Swiss-Prot,3.0,Active
P80511,UniProtKB/Swiss-Prot,5.0,Active
R4GNH5,UniProtKB/TrEMBL,1.0,Active
F8WC61,UniProtKB/TrEMBL,1.0,Active
A0A5C2GC36,UniProtKB/TrEMBL,1.0,Active
I6ZVX6,UniProtKB/TrEMBL,2.0,Active
A0A0G2JMJ3,UniProtKB/TrEMBL,2.0,Active
C9JF40,UniProtKB/TrEMBL,2.0,Active
M0QZA7,UniProtKB/TrEMBL,1.0,Active
F6XAJ2,UniProtKB/TrEMBL,1.0,Active
A6NJU6,UniProtKB/TrEMBL,3.0,Active
A0A0C4DFS3,UniProtKB/TrEMBL,2.0,Active
H3BT67,UniProtKB/TrEMBL,1.0,Active
S5PSV7,UniProtKB/TrEMBL,1.0,Active
G3V355,UniProtKB/TrEMBL,1.0,Active
Q8IVI2,UniProtKB/TrEMBL,1.0,Active
B4DZP3,UniProtKB/TrEMBL,1.0,Active
C9JFA7,UniProtKB/TrEMBL,1.0,Active
C9JAV3,UniProtKB/TrEMBL,1.0,Active
A0A7S5C3P6,UniProtKB/TrEMBL,1.0,Active
H0YJ79,UniProtKB/TrEMBL,1.0,Active
K7EIJ0,UniProtKB/TrEMBL,1.0,Active
Q2KJU3,UniProtKB/TrEMBL,1.0,Active
E5RHG1,UniProtKB/TrEMBL,1.0,Active
J3QL37,UniProtKB/TrEMBL,1.0,Active
Q07A21,UniProtKB/TrEMBL,1.0,Active
F8VVW8,UniProtKB/TrEMBL,2.0,Active
C9J9E8,UniProtKB/TrEMBL,1.0,Active
A0A087WV62,UniProtKB/Swiss-Prot,3.0,Active
A0A6Q8PHG1,UniProtKB/TrEMBL,1.0,Active
A0A5C2FVD8,UniProtKB/TrEMBL,1.0,Active
Q4W5K2,UniProtKB/TrEMBL,1.0,Active
Q5PY19,UniProtKB/TrEMBL,1.0,Active
B7Z168,UniProtKB/TrEMBL,1.0,Active
G3V445,UniProtKB/TrEMBL,2.0,Active
B4YF11,UniProtKB/TrEMBL,1.0,Active
H0YKA5,UniProtKB/TrEMBL,1.0,Active
A0A087WW30,UniProtKB/TrEMBL,1.0,Active
A0A575,UniProtKB/TrEMBL,1.0,Active
C9JDD2,UniProtKB/TrEMBL,1.0,Active
E7EPI4,UniProtKB/TrEMBL,1.0,Active
B4DXU6,UniProtKB/TrEMBL,1.0,Active
A0A5C2GAD8,UniProtKB/TrEMBL,1.0,Active
D6RGW1,UniProtKB/TrEMBL,1.0,Active
Q5TBR1,UniProtKB/TrEMBL,1.0,Active
C9IZR2,UniProtKB/TrEMBL,1.0,Active
K7EL08,UniProtKB/TrEMBL,1.0,Active
A0A087WY85,UniProtKB/TrEMBL,2.0,Active
J3QRQ4,UniProtKB/TrEMBL,1.0,Active
A0A075B6V5,UniProtKB/Swiss-Prot,3.0,Active
Q8WX68,UniProtKB/TrEMBL,2.0,Active
A0A1S5UZ39,UniProtKB/TrEMBL,1.0,Active
C9K0I8,UniProtKB/TrEMBL,1.0,Active
K7ER92,UniProtKB/TrEMBL,1.0,Active
Q96F10,UniProtKB/Swiss-Prot,5.0,Active
H3BV36,UniProtKB/TrEMBL,1.0,Active
I3L4B4,UniProtKB/TrEMBL,4.0,Active
H3BML4,UniProtKB/TrEMBL,1.0,Active
E9PJS8,UniProtKB/TrEMBL,1.0,Active
A0A387LBH1,UniProtKB/TrEMBL,1.0,Active
Q9Y2B0,UniProtKB/Swiss-Prot,4.0,Active
A0A096LP34,UniProtKB/TrEMBL,1.0,Active
E9PN59,UniProtKB/TrEMBL,1.0,Active
F8VQE3,UniProtKB/TrEMBL,2.0,Active
Q5T712,UniProtKB/TrEMBL,1.0,Active
H0YNU0,UniProtKB/TrEMBL,1.0,Active
P62081,UniProtKB/Swiss-Prot,5.0,Active
K7ESL4,UniProtKB/TrEMBL,1.0,Active
D9DBT1,UniProtKB/TrEMBL,1.0,Active
E5RI16,UniProtKB/TrEMBL,1.0,Active
P78488,UniProtKB/TrEMBL,1.0,Active
D6RC19,UniProtKB/TrEMBL,1.0,Active
A0A1B0GVE0,UniProtKB/TrEMBL,1.0,Active
J3QRY2,UniProtKB/TrEMBL,1.0,Active
Q5TG81,UniProtKB/TrEMBL,1.0,Active
C9J8S3,UniProtKB/TrEMBL,3.0,Active
F5H3N3,UniProtKB/TrEMBL,1.0,Active
Q6LBZ0,UniProtKB/TrEMBL,1.0,Active
Q93095,UniProtKB/TrEMBL,1.0,Active
H0YCZ3,UniProtKB/TrEMBL,1.0,Active
H3BUW0,UniProtKB/TrEMBL,1.0,Active
F5H746,UniProtKB/TrEMBL,2.0,Active
A0A384MDT9,UniProtKB/TrEMBL,2.0,Active
F8WBF0,UniProtKB/TrEMBL,1.0,Active
Q549J4,UniProtKB/TrEMBL,2.0,Active
Q8N6N7,UniProtKB/Swiss-Prot,3.0,Active
C9JHX5,UniProtKB/TrEMBL,1.0,Active
I3NI11,UniProtKB/TrEMBL,1.0,Active
F8WB51,UniProtKB/TrEMBL,1.0,Active
L8ECD5,UniProtKB/TrEMBL,1.0,Active
A0A0A0MSQ3,UniProtKB/TrEMBL,1.0,Active
D7UNU2,UniProtKB/TrEMBL,1.0,Active
C9JDR7,UniProtKB/TrEMBL,1.0,Active
E9PJ06,UniProtKB/TrEMBL,1.0,Active
H0YAB9,UniProtKB/TrEMBL,1.0,Active
D6R9S9,UniProtKB/TrEMBL,1.0,Active
K7ESC0,UniProtKB/TrEMBL,1.0,Active
E9PJG8,UniProtKB/TrEMBL,1.0,Active
H3BTW1,UniProtKB/TrEMBL,1.0,Active
U3KQD5,UniProtKB/TrEMBL,1.0,Active
Q2Q9C5,UniProtKB/TrEMBL,2.0,Active
P40933,UniProtKB/Swiss-Prot,5.0,Active
H0YDK7,UniProtKB/TrEMBL,1.0,Active
A0A1B4XX95,UniProtKB/TrEMBL,1.0,Active
A0A0F7RPU1,UniProtKB/TrEMBL,2.0,Active
E9PIT4,UniProtKB/TrEMBL,1.0,Active
F8VP53,UniProtKB/TrEMBL,1.0,Active
J3QL99,UniProtKB/TrEMBL,1.0,Active
K7ERC4,UniProtKB/TrEMBL,2.0,Active
P25398,UniProtKB/Swiss-Prot,5.0,Active
A0A0A8J1X4,UniProtKB/TrEMBL,1.0,Active
B7Z6P0,UniProtKB/TrEMBL,1.0,Active
E9PR49,UniProtKB/TrEMBL,2.0,Active
Q9UHE1,UniProtKB/TrEMBL,2.0,Active
B3KW35,UniProtKB/TrEMBL,1.0,Active
A0A0A8J1J7,UniProtKB/TrEMBL,1.0,Active
A0A2U8J8T3,UniProtKB/TrEMBL,1.0,Active
G3V4L2,UniProtKB/TrEMBL,1.0,Active
A0A5C2GML6,UniProtKB/TrEMBL,1.0,Active
B4DSZ2,UniProtKB/TrEMBL,1.0,Active
Q9NSY8,UniProtKB/TrEMBL,1.0,Active
F5H125,UniProtKB/TrEMBL,1.0,Active
A0A0A7RQI9,UniProtKB/TrEMBL,1.0,Active
E9PRY5,UniProtKB/TrEMBL,1.0,Active
A0A5C2GXI9,UniProtKB/TrEMBL,1.0,Active
P63316,UniProtKB/Swiss-Prot,5.0,Active
D9DBT2,UniProtKB/TrEMBL,1.0,Active
A0A5B8LEA6,UniProtKB/TrEMBL,1.0,Active
Q6ZNA2,UniProtKB/TrEMBL,1.0,Active
E9PSD1,UniProtKB/TrEMBL,1.0,Active
Q5JQF8,UniProtKB/Swiss-Prot,3.0,Active
A0A087WT01,UniProtKB/Swiss-Prot,4.0,Active
K7EQ97,UniProtKB/TrEMBL,1.0,Active
E5RI99,UniProtKB/TrEMBL,2.0,Active
A0A1B0GUK6,UniProtKB/TrEMBL,1.0,Active
H0YK44,UniProtKB/TrEMBL,1.0,Active
M0R2P1,UniProtKB/TrEMBL,2.0,Active
B4DDL4,UniProtKB/TrEMBL,1.0,Active
C9J9N0,UniProtKB/TrEMBL,2.0,Active
E5RJN5,UniProtKB/TrEMBL,2.0,Active
K7ES53,UniProtKB/TrEMBL,1.0,Active
C9IY64,UniProtKB/TrEMBL,1.0,Active
Q4JNY2,UniProtKB/TrEMBL,1.0,Active
B7Z8M7,UniProtKB/TrEMBL,1.0,Active
A8K4V4,UniProtKB/TrEMBL,2.0,Active
H0YM72,UniProtKB/TrEMBL,2.0,Active
Q96PE7,UniProtKB/Swiss-Prot,5.0,Active
G3V476,UniProtKB/TrEMBL,1.0,Active
H0YIC2,UniProtKB/TrEMBL,1.0,Active
D6RIF0,UniProtKB/TrEMBL,1.0,Active
A0A858B6F0,UniProtKB/TrEMBL,1.0,Active
B1AHF3,UniProtKB/TrEMBL,2.0,Active
P12018,UniProtKB/Swiss-Prot,5.0,Active
O95724,UniProtKB/TrEMBL,1.0,Active
E9PKD3,UniProtKB/TrEMBL,1.0,Active
E9PNZ9,UniProtKB/TrEMBL,1.0,Active
F8W7L3,UniProtKB/TrEMBL,1.0,Active
O14796,UniProtKB/Swiss-Prot,5.0,Active
G0ZI12,UniProtKB/TrEMBL,1.0,Active
F8WCS5,UniProtKB/TrEMBL,1.0,Active
A0A2R8YEI8,UniProtKB/TrEMBL,1.0,Active
E9PC55,UniProtKB/TrEMBL,1.0,Active
A0A4P8J4D0,UniProtKB/TrEMBL,1.0,Active
A0A0F7RQJ0,UniProtKB/TrEMBL,2.0,Active
B8YG18,UniProtKB/TrEMBL,1.0,Active
P62312,UniProtKB/Swiss-Prot,5.0,Active
Q5TBG4,UniProtKB/TrEMBL,2.0,Active
B3KSJ1,UniProtKB/TrEMBL,1.0,Active
C9J0B0,UniProtKB/TrEMBL,2.0,Active
A0A088T1A1,UniProtKB/TrEMBL,1.0,Active
M0QYV8,UniProtKB/TrEMBL,1.0,Active
A0A5C2GMH7,UniProtKB/TrEMBL,1.0,Active
F5GWT2,UniProtKB/TrEMBL,1.0,Active
I3L4U9,UniProtKB/TrEMBL,1.0,Active
H0YA44,UniProtKB/TrEMBL,1.0,Active
E9PMU3,UniProtKB/TrEMBL,1.0,Active
Q9UNB7,UniProtKB/TrEMBL,1.0,Active
P0DPF4,UniProtKB/Swiss-Prot,3.0,Active
E7EPF2,UniProtKB/TrEMBL,1.0,Active
C9JIE7,UniProtKB/TrEMBL,1.0,Active
F5H480,UniProtKB/TrEMBL,1.0,Active
A0A6N3IR55,UniProtKB/TrEMBL,1.0,Active
A8K9D2,UniProtKB/TrEMBL,2.0,Active
F5H054,UniProtKB/TrEMBL,1.0,Active
H0UID0,UniProtKB/TrEMBL,1.0,Active
D6RJD2,UniProtKB/TrEMBL,1.0,Active
E9PPP6,UniProtKB/TrEMBL,2.0,Active
F8VPL7,UniProtKB/TrEMBL,1.0,Active
A0A0G2JME2,UniProtKB/TrEMBL,1.0,Active
H0YJD0,UniProtKB/TrEMBL,1.0,Active
B4DP77,UniProtKB/TrEMBL,1.0,Active
D6RDN5,UniProtKB/TrEMBL,1.0,Active
P50238,UniProtKB/Swiss-Prot,5.0,Active
A0A0A6YYD4,UniProtKB/Swiss-Prot,3.0,Active
E9PJ29,UniProtKB/TrEMBL,1.0,Active
A4UCS9,UniProtKB/TrEMBL,2.0,Active
F6U1T9,UniProtKB/TrEMBL,1.0,Active
H3BSZ7,UniProtKB/TrEMBL,1.0,Active
B7Z3J3,UniProtKB/TrEMBL,1.0,Active
A0A075B728,UniProtKB/TrEMBL,2.0,Active
H3BQZ9,UniProtKB/TrEMBL,2.0,Active
C9JQB3,UniProtKB/TrEMBL,2.0,Active
F5GXY2,UniProtKB/TrEMBL,1.0,Active
Q6QBN6,UniProtKB/TrEMBL,1.0,Active
B7Z8W4,UniProtKB/TrEMBL,1.0,Active
F8UU18,UniProtKB/TrEMBL,1.0,Active
F2Z2B7,UniProtKB/TrEMBL,2.0,Active
R9UQ64,UniProtKB/TrEMBL,1.0,Active
B4DGW8,UniProtKB/TrEMBL,1.0,Active
A0A2R8YD60,UniProtKB/TrEMBL,1.0,Active
P56277,UniProtKB/Swiss-Prot,4.0,Active
Q5ZF01,UniProtKB/TrEMBL,1.0,Active
B4E277,UniProtKB/TrEMBL,2.0,Active
A0A087WUF8,UniProtKB/TrEMBL,1.0,Active
Q9UK37,UniProtKB/TrEMBL,1.0,Active
Q53S33,UniProtKB/Swiss-Prot,5.0,Active
K7EKP9,UniProtKB/TrEMBL,1.0,Active
Q96Q74,UniProtKB/TrEMBL,1.0,Active
F8WDC3,UniProtKB/TrEMBL,1.0,Active
F5GYM0,UniProtKB/TrEMBL,1.0,Active
A0A5C2FYC5,UniProtKB/TrEMBL,1.0,Active
E9PIM1,UniProtKB/TrEMBL,1.0,Active
A0A4P8J535,UniProtKB/TrEMBL,1.0,Active
K7EKL8,UniProtKB/TrEMBL,1.0,Active
A0A3B3IS82,UniProtKB/TrEMBL,1.0,Active
O96015,UniProtKB/Swiss-Prot,5.0,Active
A0A0C4DG35,UniProtKB/TrEMBL,1.0,Active
F5H1A3,UniProtKB/TrEMBL,1.0,Active
H7C4K6,UniProtKB/TrEMBL,1.0,Active
E5RJH9,UniProtKB/TrEMBL,2.0,Active
H0Y8N5,UniProtKB/TrEMBL,1.0,Active
Q49A72,UniProtKB/TrEMBL,1.0,Active
H7C4Z6,UniProtKB/TrEMBL,1.0,Active
E7ER58,UniProtKB/TrEMBL,1.0,Active
A0A7L9VVH0,UniProtKB/TrEMBL,1.0,Active
I2GUA2,UniProtKB/TrEMBL,1.0,Active
S6B2A1,UniProtKB/TrEMBL,1.0,Active
M0R1Q1,UniProtKB/TrEMBL,1.0,Active
E9PQE8,UniProtKB/TrEMBL,2.0,Active
A0A5F9ZHP2,UniProtKB/TrEMBL,1.0,Active
Q9HD50,UniProtKB/TrEMBL,1.0,Active
J3QRG4,UniProtKB/TrEMBL,1.0,Active
A1Z2K8,UniProtKB/TrEMBL,1.0,Active
A0A5F9ZGZ4,UniProtKB/TrEMBL,1.0,Active
M0QX29,UniProtKB/TrEMBL,2.0,Active
Q9BUK0,UniProtKB/Swiss-Prot,4.0,Active
B4DDQ3,UniProtKB/TrEMBL,2.0,Active
C9J7N0,UniProtKB/TrEMBL,1.0,Active
Q6PN88,UniProtKB/TrEMBL,1.0,Active
Q8N4H5,UniProtKB/Swiss-Prot,5.0,Active
B4E3U7,UniProtKB/TrEMBL,2.0,Active
E9PPH3,UniProtKB/TrEMBL,1.0,Active
Q3SWV5,UniProtKB/TrEMBL,2.0,Active
H7C4Y7,UniProtKB/TrEMBL,1.0,Active
A0A1B0GUT1,UniProtKB/TrEMBL,1.0,Active
Q9P1H1,UniProtKB/TrEMBL,1.0,Active
O95059,UniProtKB/Swiss-Prot,5.0,Active
H0YE26,UniProtKB/TrEMBL,1.0,Active
A0A0B4J265,UniProtKB/Swiss-Prot,3.0,Active
A0A0B4J266,UniProtKB/Swiss-Prot,3.0,Active
G3V4Q4,UniProtKB/TrEMBL,2.0,Active
A0A494C0N1,UniProtKB/TrEMBL,1.0,Active
X6R9C8,UniProtKB/TrEMBL,1.0,Active
B7ZBD4,UniProtKB/TrEMBL,1.0,Active
B6E5W7,UniProtKB/TrEMBL,2.0,Active
Q0ZAJ1,UniProtKB/TrEMBL,1.0,Active
A0A0G2JRX6,UniProtKB/TrEMBL,2.0,Active
E9PNR6,UniProtKB/TrEMBL,2.0,Active
I3L4Z5,UniProtKB/TrEMBL,1.0,Active
Q9H4L2,UniProtKB/TrEMBL,1.0,Active
S5MI63,UniProtKB/TrEMBL,2.0,Active
H3BT23,UniProtKB/TrEMBL,1.0,Active
A6NFH5,UniProtKB/Swiss-Prot,2.0,Active
C9J8V5,UniProtKB/TrEMBL,2.0,Active
A0A5C2GL36,UniProtKB/TrEMBL,1.0,Active
E5RIM6,UniProtKB/TrEMBL,1.0,Active
Q9NRZ3,UniProtKB/TrEMBL,1.0,Active
Q99702,UniProtKB/TrEMBL,1.0,Active
E9PP51,UniProtKB/TrEMBL,1.0,Active
Q8WTR0,UniProtKB/TrEMBL,2.0,Active
F8WAZ0,UniProtKB/TrEMBL,1.0,Active
B4E3E0,UniProtKB/TrEMBL,2.0,Active
Q6LCH2,UniProtKB/TrEMBL,1.0,Active
A0A7P0S5H5,UniProtKB/TrEMBL,2.0,Active
B3KUD4,UniProtKB/TrEMBL,2.0,Active
H3BRE1,UniProtKB/TrEMBL,1.0,Active
K7EKB1,UniProtKB/TrEMBL,1.0,Active
H0Y8U1,UniProtKB/TrEMBL,1.0,Active
B4DLF1,UniProtKB/TrEMBL,2.0,Active
Q6LE82,UniProtKB/TrEMBL,1.0,Active
A0A7S5ETB1,UniProtKB/TrEMBL,1.0,Active
A0A0K0K1C0,UniProtKB/Swiss-Prot,3.0,Active
A5D6Y3,UniProtKB/TrEMBL,2.0,Active
J3KNE3,UniProtKB/TrEMBL,4.0,Active
H3BQ94,UniProtKB/TrEMBL,1.0,Active
A0A5C2GDL2,UniProtKB/TrEMBL,1.0,Active
A0A0A6YYA0,UniProtKB/TrEMBL,3.0,Active
A0A6Q8PH33,UniProtKB/TrEMBL,1.0,Active
Q2VPV9,UniProtKB/TrEMBL,2.0,Active
A0A087WYH2,UniProtKB/TrEMBL,1.0,Active
A0A089PPW6,UniProtKB/TrEMBL,1.0,Active
A0A0S1RNP0,UniProtKB/TrEMBL,1.0,Active
U5P039,UniProtKB/TrEMBL,2.0,Active
Q3C1X3,UniProtKB/TrEMBL,1.0,Active
E5RHH6,UniProtKB/TrEMBL,1.0,Active
E9PR47,UniProtKB/TrEMBL,1.0,Active
A0A384MEB1,UniProtKB/TrEMBL,2.0,Active
B4DK34,UniProtKB/TrEMBL,1.0,Active
A0A0U1RR89,UniProtKB/TrEMBL,1.0,Active
E7EX70,UniProtKB/TrEMBL,1.0,Active
B1AKT3,UniProtKB/TrEMBL,2.0,Active
B4DFA0,UniProtKB/TrEMBL,1.0,Active
Q53SB2,UniProtKB/TrEMBL,2.0,Active
J3KT20,UniProtKB/TrEMBL,1.0,Active
Q53QT4,UniProtKB/TrEMBL,2.0,Active
A0A087X0V9,UniProtKB/TrEMBL,1.0,Active
P62487,UniProtKB/Swiss-Prot,5.0,Active
A0A1I9RI50,UniProtKB/TrEMBL,2.0,Active
A0A140F381,UniProtKB/TrEMBL,1.0,Active
B7Z3K4,UniProtKB/TrEMBL,1.0,Active
A0A7I2V3W4,UniProtKB/TrEMBL,1.0,Active
Q9H0F7,UniProtKB/Swiss-Prot,5.0,Active
I3L4G7,UniProtKB/TrEMBL,1.0,Active
A0A1Y0ZSN9,UniProtKB/TrEMBL,1.0,Active
B7Z939,UniProtKB/TrEMBL,1.0,Active
A0A5C2GDA3,UniProtKB/TrEMBL,1.0,Active
I3L4D1,UniProtKB/TrEMBL,1.0,Active
K7ELV0,UniProtKB/TrEMBL,1.0,Active
G3V372,UniProtKB/TrEMBL,1.0,Active
F8VW65,UniProtKB/TrEMBL,1.0,Active
A0A023T6R1,UniProtKB/TrEMBL,1.0,Active
B3VRM0,UniProtKB/TrEMBL,1.0,Active
A0A5K1VW67,UniProtKB/TrEMBL,2.0,Active
Q15402,UniProtKB/TrEMBL,1.0,Active
D6RAU2,UniProtKB/TrEMBL,2.0,Active
F8VRY7,UniProtKB/TrEMBL,2.0,Active
Q04760,UniProtKB/Swiss-Prot,5.0,Active
D7GNM9,UniProtKB/TrEMBL,1.0,Active
A0A5C2FZA3,UniProtKB/TrEMBL,1.0,Active
Q6DKH2,UniProtKB/TrEMBL,1.0,Active
P01112,UniProtKB/Swiss-Prot,5.0,Active
Q8WW35,UniProtKB/Swiss-Prot,5.0,Active
Q9NQ82,UniProtKB/TrEMBL,1.0,Active
G3V547,UniProtKB/TrEMBL,2.0,Active
F5H226,UniProtKB/TrEMBL,2.0,Active
I3L4N5,UniProtKB/TrEMBL,1.0,Active
P55000,UniProtKB/Swiss-Prot,5.0,Active
A0A2U8J948,UniProtKB/TrEMBL,1.0,Active
A0A0U5KR66,UniProtKB/TrEMBL,1.0,Active
Q6QE17,UniProtKB/TrEMBL,2.0,Active
Q59GR5,UniProtKB/TrEMBL,2.0,Active
A0A7I2V5N3,UniProtKB/TrEMBL,1.0,Active
Q96DN7,UniProtKB/TrEMBL,1.0,Active
H0YKB3,UniProtKB/TrEMBL,2.0,Active
M0R1W9,UniProtKB/TrEMBL,1.0,Active
F8WDC7,UniProtKB/TrEMBL,1.0,Active
B7ZBM5,UniProtKB/TrEMBL,1.0,Active
C9JRL4,UniProtKB/TrEMBL,3.0,Active
E9PER7,UniProtKB/TrEMBL,1.0,Active
A0A2U8J8F7,UniProtKB/TrEMBL,1.0,Active
C9J2F3,UniProtKB/TrEMBL,1.0,Active
A0A6Q8PF64,UniProtKB/TrEMBL,2.0,Active
B3KM41,UniProtKB/TrEMBL,1.0,Active
H3BMM3,UniProtKB/TrEMBL,1.0,Active
A0A0C4DGI2,UniProtKB/TrEMBL,1.0,Active
Q8TAC1,UniProtKB/Swiss-Prot,2.0,Active
K7ENJ4,UniProtKB/TrEMBL,2.0,Active
B4E267,UniProtKB/TrEMBL,1.0,Active
D6RBJ3,UniProtKB/TrEMBL,1.0,Active
V9GY25,UniProtKB/TrEMBL,2.0,Active
C9JHU6,UniProtKB/TrEMBL,2.0,Active
V9GYJ5,UniProtKB/TrEMBL,2.0,Active
I3L3V6,UniProtKB/TrEMBL,1.0,Active
K7EIK4,Inactive/Deleted,0.0,Inactive
A0A0U4EBD4,UniProtKB/TrEMBL,1.0,Active
O75394,UniProtKB/Swiss-Prot,4.0,Active
C9IZ36,UniProtKB/TrEMBL,1.0,Active
C9JYY8,UniProtKB/TrEMBL,1.0,Active
E5RGV5,UniProtKB/TrEMBL,1.0,Active
G3V323,UniProtKB/TrEMBL,4.0,Active
B3KP72,UniProtKB/TrEMBL,2.0,Active
A0A5C2GPM9,UniProtKB/TrEMBL,1.0,Active
B1AH80,UniProtKB/TrEMBL,2.0,Active
K7ENT1,UniProtKB/TrEMBL,1.0,Active
H0YBM0,UniProtKB/TrEMBL,1.0,Active
F5GXS8,UniProtKB/TrEMBL,1.0,Active
A4D0W0,UniProtKB/TrEMBL,2.0,Active
F8WD65,UniProtKB/TrEMBL,1.0,Active
Q4W595,UniProtKB/TrEMBL,1.0,Active
E9PKE1,UniProtKB/TrEMBL,1.0,Active
Q9UMB3,UniProtKB/TrEMBL,2.0,Active
Q6LBK2,UniProtKB/TrEMBL,2.0,Active
G5ELZ5,UniProtKB/TrEMBL,2.0,Active
H3BRM0,UniProtKB/TrEMBL,3.0,Active
A0A510GFN1,UniProtKB/TrEMBL,1.0,Active
B4DJP0,UniProtKB/TrEMBL,1.0,Active
A0A087WX48,UniProtKB/TrEMBL,2.0,Active
D6R9Y6,UniProtKB/TrEMBL,1.0,Active
C9JXS1,UniProtKB/TrEMBL,1.0,Active
D6REC9,UniProtKB/TrEMBL,1.0,Active
B0QZ37,UniProtKB/TrEMBL,1.0,Active
Q9H279,UniProtKB/TrEMBL,1.0,Active
B4E0G3,UniProtKB/TrEMBL,1.0,Active
G5E9U6,UniProtKB/TrEMBL,1.0,Active
B7Z3M7,UniProtKB/TrEMBL,1.0,Active
Q6MZF2,UniProtKB/TrEMBL,1.0,Active
H0YFH1,UniProtKB/TrEMBL,1.0,Active
O96007,UniProtKB/Swiss-Prot,5.0,Active
A0A087WT48,UniProtKB/TrEMBL,1.0,Active
J3QR85,UniProtKB/TrEMBL,1.0,Active
B4DIU0,UniProtKB/TrEMBL,2.0,Active
E9PSE5,UniProtKB/TrEMBL,3.0,Active
A0A7R6M8F2,UniProtKB/TrEMBL,1.0,Active
E7EX41,UniProtKB/TrEMBL,2.0,Active
Q658S0,UniProtKB/TrEMBL,1.0,Active
J3QRU6,UniProtKB/TrEMBL,1.0,Active
C9JW33,UniProtKB/TrEMBL,3.0,Active
K7EKS7,UniProtKB/TrEMBL,2.0,Active
J3QSY6,UniProtKB/TrEMBL,1.0,Active
A0A2R8YEG5,UniProtKB/TrEMBL,1.0,Active
F2Z3L7,UniProtKB/TrEMBL,1.0,Active
H3BQI1,UniProtKB/TrEMBL,2.0,Active
Q5ZGJ5,UniProtKB/TrEMBL,1.0,Active
A0A0G2JQK5,UniProtKB/TrEMBL,1.0,Active
Q5T399,UniProtKB/TrEMBL,2.0,Active
Q9NSH2,UniProtKB/TrEMBL,1.0,Active
A6MIV7,UniProtKB/TrEMBL,1.0,Active
A0A0G2JH67,UniProtKB/TrEMBL,2.0,Active
B2RDP2,UniProtKB/TrEMBL,1.0,Active
H7C1P0,UniProtKB/TrEMBL,1.0,Active
G3V2T4,UniProtKB/TrEMBL,1.0,Active
O95164,UniProtKB/Swiss-Prot,4.0,Active
B4E258,UniProtKB/TrEMBL,2.0,Active
F8TCV3,UniProtKB/TrEMBL,1.0,Active
Q2MDF5,UniProtKB/TrEMBL,2.0,Active
F5GY32,UniProtKB/TrEMBL,2.0,Active
H3BUG4,UniProtKB/TrEMBL,2.0,Active
Q8WYE2,UniProtKB/TrEMBL,1.0,Active
Q8IV91,UniProtKB/TrEMBL,1.0,Active
Q5W0C6,UniProtKB/TrEMBL,2.0,Active
M0R0Q4,UniProtKB/TrEMBL,1.0,Active
H3BP04,UniProtKB/TrEMBL,1.0,Active
A0A4P8K7E7,UniProtKB/TrEMBL,1.0,Active
A6XB87,UniProtKB/TrEMBL,2.0,Active
J3JS34,UniProtKB/TrEMBL,1.0,Active
B0FWH7,UniProtKB/TrEMBL,2.0,Active
A0A1B0GVF6,UniProtKB/TrEMBL,1.0,Active
A0A7I2V3R2,UniProtKB/TrEMBL,1.0,Active
G3V365,UniProtKB/TrEMBL,1.0,Active
H7BZV3,UniProtKB/TrEMBL,2.0,Active
E5RGH2,UniProtKB/TrEMBL,2.0,Active
B4DK89,UniProtKB/TrEMBL,1.0,Active
Q71VN4,UniProtKB/TrEMBL,1.0,Active
Q7Z4M1,UniProtKB/TrEMBL,1.0,Active
A0A1U9X849,UniProtKB/TrEMBL,2.0,Active
F8W9E5,UniProtKB/TrEMBL,1.0,Active
Q15229,UniProtKB/TrEMBL,1.0,Active
A0A1B1HY23,UniProtKB/TrEMBL,1.0,Active
U3KQ84,UniProtKB/TrEMBL,2.0,Active
B4E190,UniProtKB/TrEMBL,2.0,Active
P51161,UniProtKB/Swiss-Prot,5.0,Active
A0A087X1Q2,UniProtKB/TrEMBL,1.0,Active
B7Z865,UniProtKB/TrEMBL,1.0,Active
Q53RE8,UniProtKB/Swiss-Prot,2.0,Active
C9JBI3,UniProtKB/TrEMBL,3.0,Active
Q49A68,UniProtKB/TrEMBL,1.0,Active
A1Z2L5,UniProtKB/TrEMBL,1.0,Active
A0A5C2GYC7,UniProtKB/TrEMBL,1.0,Active
B7Z563,UniProtKB/TrEMBL,1.0,Active
Q9UH93,UniProtKB/TrEMBL,1.0,Active
A0A0M5IJ90,UniProtKB/TrEMBL,2.0,Active
A1DR88,UniProtKB/TrEMBL,1.0,Active
Q9HCY8,UniProtKB/Swiss-Prot,5.0,Active
Q0PK43,UniProtKB/TrEMBL,1.0,Active
Q8IZV7,UniProtKB/TrEMBL,1.0,Active
H0YMI6,UniProtKB/TrEMBL,2.0,Active
H7C325,UniProtKB/TrEMBL,1.0,Active
C9JYB3,UniProtKB/TrEMBL,1.0,Active
P36404,UniProtKB/Swiss-Prot,5.0,Active
A0A158VVH7,UniProtKB/TrEMBL,1.0,Active
B4DG43,UniProtKB/TrEMBL,1.0,Active
I3L381,UniProtKB/TrEMBL,1.0,Active
J3KTF8,UniProtKB/TrEMBL,2.0,Active
Q15230,UniProtKB/TrEMBL,1.0,Active
M0R0L1,UniProtKB/TrEMBL,1.0,Active
A0A286YFE1,UniProtKB/TrEMBL,1.0,Active
I3L361,UniProtKB/TrEMBL,1.0,Active
E9PRR1,UniProtKB/TrEMBL,1.0,Active
G3V431,UniProtKB/TrEMBL,1.0,Active
A0A1W2PP70,UniProtKB/TrEMBL,1.0,Active
G3V4X1,UniProtKB/TrEMBL,1.0,Active
H0YAP4,UniProtKB/TrEMBL,1.0,Active
A0A0D9SFI4,UniProtKB/TrEMBL,1.0,Active
Q4ZFW3,UniProtKB/TrEMBL,1.0,Active
Q68CW8,UniProtKB/TrEMBL,1.0,Active
A0A1B0GUL8,UniProtKB/TrEMBL,1.0,Active
Q9P173,UniProtKB/TrEMBL,1.0,Active
B1AH48,UniProtKB/TrEMBL,2.0,Active
B2R5H0,UniProtKB/TrEMBL,2.0,Active
B4DMP7,UniProtKB/TrEMBL,1.0,Active
A0A5C2GHS0,UniProtKB/TrEMBL,1.0,Active
I7HIL1,UniProtKB/TrEMBL,1.0,Active
B4DWV1,UniProtKB/TrEMBL,1.0,Active
Q5T0G3,UniProtKB/TrEMBL,1.0,Active
J3KSU4,UniProtKB/TrEMBL,2.0,Active
A0A804HI92,UniProtKB/TrEMBL,1.0,Active
A1E284,UniProtKB/TrEMBL,1.0,Active
A0A2Y9CYF4,UniProtKB/TrEMBL,1.0,Active
H0YK59,UniProtKB/TrEMBL,1.0,Active
E5RK28,UniProtKB/TrEMBL,1.0,Active
A0A7I2V2V5,UniProtKB/TrEMBL,1.0,Active
B2RA50,UniProtKB/TrEMBL,2.0,Active
H0YKP6,UniProtKB/TrEMBL,2.0,Active
F8WDV3,UniProtKB/TrEMBL,1.0,Active
F5H2U0,UniProtKB/TrEMBL,2.0,Active
V9GY88,UniProtKB/TrEMBL,1.0,Active
A0A0U5HZL8,UniProtKB/TrEMBL,1.0,Active
Q5TFQ5,UniProtKB/TrEMBL,1.0,Active
D6RCD2,UniProtKB/TrEMBL,1.0,Active
A0A0S2Z3Q9,UniProtKB/TrEMBL,2.0,Active
F8WEB8,UniProtKB/TrEMBL,2.0,Active
F8WDF3,UniProtKB/TrEMBL,1.0,Active
C9J7Z6,UniProtKB/TrEMBL,1.0,Active
F5H543,UniProtKB/TrEMBL,2.0,Active
Q6T311,UniProtKB/Swiss-Prot,2.0,Active
X6RIU2,UniProtKB/TrEMBL,1.0,Active
F8WAZ1,UniProtKB/TrEMBL,2.0,Active
E7DVW5,UniProtKB/TrEMBL,2.0,Active
F8WD60,UniProtKB/TrEMBL,2.0,Active
S4R3S7,UniProtKB/TrEMBL,1.0,Active
A0A140T994,UniProtKB/TrEMBL,1.0,Active
F5GYE4,UniProtKB/TrEMBL,1.0,Active
G3V448,UniProtKB/TrEMBL,1.0,Active
A0A5C2FTU7,UniProtKB/TrEMBL,1.0,Active
A0A804HJG8,UniProtKB/TrEMBL,1.0,Active
H7C4N6,UniProtKB/TrEMBL,1.0,Active
Q5SQ11,UniProtKB/TrEMBL,3.0,Active
A0M8W9,UniProtKB/TrEMBL,3.0,Active
I3L4Q1,UniProtKB/TrEMBL,1.0,Active
C9JXG8,UniProtKB/TrEMBL,2.0,Active
E9PLB2,UniProtKB/TrEMBL,1.0,Active
B4DNW9,UniProtKB/TrEMBL,2.0,Active
F8W8H5,UniProtKB/TrEMBL,1.0,Active
L8EC46,UniProtKB/TrEMBL,1.0,Active
O15521,UniProtKB/TrEMBL,1.0,Active
J3QKX7,UniProtKB/TrEMBL,1.0,Active
R4GN64,UniProtKB/TrEMBL,1.0,Active
A0A494C0P2,UniProtKB/TrEMBL,1.0,Active
A9X9L1,UniProtKB/TrEMBL,1.0,Active
Q5ZEY5,UniProtKB/TrEMBL,2.0,Active
Q9NQS8,UniProtKB/TrEMBL,2.0,Active
A0A2R8Y6K9,UniProtKB/TrEMBL,1.0,Active
G3V3I1,UniProtKB/TrEMBL,2.0,Active
E9PQR9,UniProtKB/TrEMBL,1.0,Active
H7BZW6,UniProtKB/TrEMBL,2.0,Active
A0A0G2JLX9,UniProtKB/TrEMBL,1.0,Active
G3V588,UniProtKB/TrEMBL,2.0,Active
H7C320,UniProtKB/TrEMBL,2.0,Active
F5H8A3,UniProtKB/TrEMBL,1.0,Active
Q9BVT2,UniProtKB/TrEMBL,2.0,Active
F8W8T7,UniProtKB/TrEMBL,2.0,Active
Q658Z0,UniProtKB/TrEMBL,1.0,Active
M0QY35,UniProtKB/TrEMBL,1.0,Active
F5H392,UniProtKB/TrEMBL,1.0,Active
Q7Z2J9,UniProtKB/TrEMBL,1.0,Active
A0A286SD20,UniProtKB/TrEMBL,1.0,Active
J7HBC7,UniProtKB/TrEMBL,1.0,Active
F6SKB8,UniProtKB/TrEMBL,2.0,Active
O78208,UniProtKB/TrEMBL,1.0,Active
Q19UL3,UniProtKB/TrEMBL,1.0,Active
A0A804HIB9,UniProtKB/TrEMBL,2.0,Active
Q5I6F9,UniProtKB/TrEMBL,1.0,Active
D6RFW3,UniProtKB/TrEMBL,1.0,Active
B5A924,UniProtKB/TrEMBL,1.0,Active
J3QR41,UniProtKB/TrEMBL,3.0,Active
E9PQ25,UniProtKB/TrEMBL,1.0,Active
Q6LDH8,UniProtKB/TrEMBL,1.0,Active
A0A7S5BZZ8,UniProtKB/TrEMBL,1.0,Active
B4DQ71,UniProtKB/TrEMBL,1.0,Active
A0A2R8Y488,UniProtKB/TrEMBL,1.0,Active
H7BXF6,UniProtKB/TrEMBL,1.0,Active
H0YA64,UniProtKB/TrEMBL,1.0,Active
Q8IXC4,UniProtKB/TrEMBL,1.0,Active
K7EJU7,UniProtKB/TrEMBL,1.0,Active
Q9BY74,UniProtKB/TrEMBL,2.0,Active
A2NZL7,UniProtKB/TrEMBL,1.0,Active
H0Y8G4,UniProtKB/TrEMBL,2.0,Active
Q9BYN0,UniProtKB/Swiss-Prot,5.0,Active
I3L305,UniProtKB/TrEMBL,1.0,Active
Q6NVU6,UniProtKB/Swiss-Prot,5.0,Active
Q9Y5J5,UniProtKB/Swiss-Prot,5.0,Active
A0A0R4J2F3,UniProtKB/TrEMBL,2.0,Active
A0A075B6H5,UniProtKB/TrEMBL,1.0,Active
C7FEP0,UniProtKB/TrEMBL,1.0,Active
H0YCK9,UniProtKB/TrEMBL,1.0,Active
V9GYZ1,UniProtKB/TrEMBL,2.0,Active
C9K0S0,UniProtKB/TrEMBL,1.0,Active
K7ELL6,UniProtKB/TrEMBL,1.0,Active
F8VZ13,UniProtKB/TrEMBL,1.0,Active
Q58I20,UniProtKB/TrEMBL,2.0,Active
P32320,UniProtKB/Swiss-Prot,5.0,Active
F5H195,UniProtKB/TrEMBL,1.0,Active
H0YDF9,UniProtKB/TrEMBL,1.0,Active
Q86TL7,UniProtKB/TrEMBL,1.0,Active
Q96B39,UniProtKB/TrEMBL,2.0,Active
Q86U28,UniProtKB/Swiss-Prot,5.0,Active
B4DPI9,UniProtKB/TrEMBL,1.0,Active
F8WC07,UniProtKB/TrEMBL,1.0,Active
Q15927,UniProtKB/TrEMBL,1.0,Active
A0A5C2GA60,UniProtKB/TrEMBL,1.0,Active
G1FFF3,UniProtKB/TrEMBL,1.0,Active
F8WCR1,UniProtKB/TrEMBL,2.0,Active
M0R3H1,UniProtKB/TrEMBL,2.0,Active
C9JZ52,UniProtKB/TrEMBL,1.0,Active
A0A1W2PNR8,UniProtKB/TrEMBL,2.0,Active
Q6ZNM7,UniProtKB/TrEMBL,1.0,Active
A0A5C2GCF2,UniProtKB/TrEMBL,1.0,Active
B4DPJ4,UniProtKB/TrEMBL,1.0,Active
H0YJ93,UniProtKB/TrEMBL,1.0,Active
A0A5C2G336,UniProtKB/TrEMBL,1.0,Active
B4DFB1,UniProtKB/TrEMBL,1.0,Active
A0A0D9SEN0,UniProtKB/TrEMBL,2.0,Active
A0A5C2GUV9,UniProtKB/TrEMBL,1.0,Active
Q0VDC6,UniProtKB/TrEMBL,5.0,Active
E9PPY0,UniProtKB/TrEMBL,1.0,Active
C9J4F7,UniProtKB/TrEMBL,1.0,Active
D3YTI2,UniProtKB/TrEMBL,2.0,Active
B4DDI1,UniProtKB/TrEMBL,2.0,Active
O75365,UniProtKB/Swiss-Prot,5.0,Active
E7DVW4,UniProtKB/TrEMBL,2.0,Active
Q59F48,UniProtKB/TrEMBL,1.0,Active
B7Z5I3,UniProtKB/TrEMBL,2.0,Active
Q562W9,UniProtKB/TrEMBL,1.0,Active
J3QQR8,UniProtKB/TrEMBL,1.0,Active
C9JPU8,UniProtKB/TrEMBL,1.0,Active
B4E364,UniProtKB/TrEMBL,1.0,Active
A1L188,UniProtKB/Swiss-Prot,4.0,Active
A0A387LC27,UniProtKB/TrEMBL,1.0,Active
D6RHI5,UniProtKB/TrEMBL,1.0,Active
G9BZK0,UniProtKB/TrEMBL,1.0,Active
A2A3Z5,UniProtKB/TrEMBL,1.0,Active
A0A5C2FXW7,UniProtKB/TrEMBL,1.0,Active
Q9UJ31,UniProtKB/TrEMBL,1.0,Active
Q8TD86,UniProtKB/Swiss-Prot,3.0,Active
G3V2U7,UniProtKB/TrEMBL,2.0,Active
O15540,UniProtKB/Swiss-Prot,5.0,Active
Q9Y3D8,UniProtKB/Swiss-Prot,5.0,Active
B4DNW5,UniProtKB/TrEMBL,2.0,Active
B1NSN7,UniProtKB/TrEMBL,1.0,Active
H7C0X8,UniProtKB/TrEMBL,1.0,Active
Q6U2E0,UniProtKB/TrEMBL,1.0,Active
A0A1B0GU11,UniProtKB/TrEMBL,1.0,Active
F8WC88,UniProtKB/TrEMBL,2.0,Active
C9JTI2,UniProtKB/TrEMBL,1.0,Active
A0A0K0K1B3,UniProtKB/Swiss-Prot,3.0,Active
K7EPK9,UniProtKB/TrEMBL,1.0,Active
A0A0D9SF19,UniProtKB/TrEMBL,1.0,Active
E7EQ69,UniProtKB/TrEMBL,3.0,Active
A0A3G9CMV0,UniProtKB/TrEMBL,1.0,Active
E9PJE4,UniProtKB/TrEMBL,1.0,Active
Q68VJ1,UniProtKB/TrEMBL,1.0,Active
G5EA41,UniProtKB/TrEMBL,2.0,Active
A0A7P0TAV0,UniProtKB/TrEMBL,1.0,Active
M0R377,UniProtKB/TrEMBL,1.0,Active
B3KVE3,UniProtKB/TrEMBL,1.0,Active
F8WE50,UniProtKB/TrEMBL,1.0,Active
A0A2R8Y4U9,UniProtKB/TrEMBL,1.0,Active
A0A023IQK0,UniProtKB/TrEMBL,1.0,Active
Q580Q7,UniProtKB/TrEMBL,1.0,Active
K7ES38,UniProtKB/TrEMBL,1.0,Active
Q6MZG5,UniProtKB/TrEMBL,1.0,Active
C9J5W5,UniProtKB/TrEMBL,1.0,Active
Q9BQS6,UniProtKB/Swiss-Prot,3.0,Active
F8WF47,UniProtKB/TrEMBL,1.0,Active
B3VS10,UniProtKB/TrEMBL,1.0,Active
C8CJH0,UniProtKB/TrEMBL,1.0,Active
F8VZX9,UniProtKB/TrEMBL,1.0,Active
Q8WV80,UniProtKB/TrEMBL,1.0,Active
L8E775,UniProtKB/TrEMBL,1.0,Active
A0A7P0TAZ6,UniProtKB/TrEMBL,1.0,Active
A0A7I2V2W2,UniProtKB/TrEMBL,2.0,Active
P62987,UniProtKB/Swiss-Prot,5.0,Active
A0A5C2GPN6,UniProtKB/TrEMBL,1.0,Active
Q8N5L8,UniProtKB/Swiss-Prot,4.0,Active
A0A5C2GTI7,UniProtKB/TrEMBL,1.0,Active
Q9P0B6,UniProtKB/Swiss-Prot,5.0,Active
Q53SN0,UniProtKB/TrEMBL,1.0,Active
P30626,UniProtKB/Swiss-Prot,5.0,Active
Q7Z4G1,UniProtKB/Swiss-Prot,5.0,Active
D6RFI5,UniProtKB/TrEMBL,1.0,Active
A0A0U1RQL1,UniProtKB/TrEMBL,1.0,Active
Q8IXL7,UniProtKB/Swiss-Prot,5.0,Active
F8WF64,UniProtKB/TrEMBL,1.0,Active
A0A494C1N0,UniProtKB/TrEMBL,2.0,Active
Q15923,UniProtKB/TrEMBL,1.0,Active
O95971,UniProtKB/Swiss-Prot,5.0,Active
A0A7I2YMD7,UniProtKB/TrEMBL,2.0,Active
P52758,UniProtKB/Swiss-Prot,5.0,Active
Q0Z7S8,UniProtKB/Swiss-Prot,2.0,Active
Q05BX3,UniProtKB/TrEMBL,1.0,Active
F8WBC2,UniProtKB/TrEMBL,1.0,Active
A0A2R8YEF3,UniProtKB/TrEMBL,1.0,Active
E5RH96,UniProtKB/TrEMBL,1.0,Active
A0A1B0GTM5,UniProtKB/TrEMBL,1.0,Active
J3KQN4,UniProtKB/TrEMBL,2.0,Active
C9J652,UniProtKB/TrEMBL,1.0,Active
Q6P4H3,UniProtKB/TrEMBL,1.0,Active
B4DZX4,UniProtKB/TrEMBL,1.0,Active
H3BQG6,UniProtKB/TrEMBL,1.0,Active
Q53SN7,UniProtKB/TrEMBL,3.0,Active
E9PEF9,UniProtKB/TrEMBL,1.0,Active
F2WWL4,UniProtKB/TrEMBL,1.0,Active
M0QYY3,UniProtKB/TrEMBL,1.0,Active
D6RBG6,UniProtKB/TrEMBL,1.0,Active
A4UCT1,UniProtKB/TrEMBL,3.0,Active
C9K0N6,UniProtKB/TrEMBL,1.0,Active
O75347,UniProtKB/Swiss-Prot,5.0,Active
Q24JT4,UniProtKB/TrEMBL,1.0,Active
P62380,UniProtKB/Swiss-Prot,5.0,Active
D1LUZ6,UniProtKB/TrEMBL,1.0,Active
E9PL44,UniProtKB/TrEMBL,1.0,Active
A0A087WW72,UniProtKB/TrEMBL,1.0,Active
A8MZH6,UniProtKB/Swiss-Prot,2.0,Active
G8JLI2,UniProtKB/TrEMBL,2.0,Active
Q03393,UniProtKB/Swiss-Prot,5.0,Active
A0A087WZQ4,UniProtKB/TrEMBL,1.0,Active
J3QKT1,UniProtKB/TrEMBL,2.0,Active
B4DVW0,UniProtKB/TrEMBL,2.0,Active
P0C8F1,UniProtKB/Swiss-Prot,4.0,Active
H3BRY4,UniProtKB/TrEMBL,1.0,Active
Q9UMB0,UniProtKB/TrEMBL,2.0,Active
A0A2R8YGH2,UniProtKB/TrEMBL,1.0,Active
A0A7G8LSA9,UniProtKB/TrEMBL,1.0,Active
A0A5C2GE73,UniProtKB/TrEMBL,1.0,Active
A0A3B3ISC4,UniProtKB/TrEMBL,1.0,Active
B7Z9S2,UniProtKB/TrEMBL,1.0,Active
C9JF15,UniProtKB/TrEMBL,1.0,Active
U3KPZ0,UniProtKB/TrEMBL,3.0,Active
C9J654,UniProtKB/TrEMBL,1.0,Active
U3KPU8,UniProtKB/TrEMBL,1.0,Active
F8WC99,UniProtKB/TrEMBL,2.0,Active
F5H3D3,UniProtKB/TrEMBL,1.0,Active
Q9UL76,UniProtKB/TrEMBL,1.0,Active
B1AH86,UniProtKB/TrEMBL,1.0,Active
E7EQ72,UniProtKB/TrEMBL,2.0,Active
O60863,UniProtKB/TrEMBL,1.0,Active
V9GXZ7,UniProtKB/TrEMBL,1.0,Active
B4DEQ3,UniProtKB/TrEMBL,1.0,Active
D6RBN8,UniProtKB/TrEMBL,1.0,Active
Q8N2H1,UniProtKB/TrEMBL,1.0,Active
A0A087WVL4,UniProtKB/TrEMBL,2.0,Active
B1AN62,UniProtKB/TrEMBL,2.0,Active
H0YI26,UniProtKB/TrEMBL,2.0,Active
C9JMP5,UniProtKB/TrEMBL,2.0,Active
Q5JWS2,UniProtKB/TrEMBL,2.0,Active
Q6SV71,UniProtKB/TrEMBL,1.0,Active
Q5SNW5,UniProtKB/TrEMBL,2.0,Active
H7C486,UniProtKB/TrEMBL,1.0,Active
Q9UNB4,UniProtKB/TrEMBL,1.0,Active
A0A7R6RQ50,UniProtKB/TrEMBL,1.0,Active
M0QYL5,UniProtKB/TrEMBL,1.0,Active
Q92866,UniProtKB/TrEMBL,1.0,Active
E5RGQ8,UniProtKB/TrEMBL,1.0,Active
C8CHJ5,UniProtKB/TrEMBL,1.0,Active
B3VRW5,UniProtKB/TrEMBL,1.0,Active
Q8TEA6,UniProtKB/TrEMBL,1.0,Active
A0A590UJ13,UniProtKB/TrEMBL,2.0,Active
O60686,UniProtKB/TrEMBL,1.0,Active
E9PRR7,UniProtKB/TrEMBL,2.0,Active
A8K224,UniProtKB/TrEMBL,1.0,Active
A0A0A6YYK1,UniProtKB/Swiss-Prot,3.0,Active
B0QXZ4,UniProtKB/TrEMBL,1.0,Active
J7HBB6,UniProtKB/TrEMBL,1.0,Active
Q9NVQ4,UniProtKB/Swiss-Prot,4.0,Active
E9PJM4,UniProtKB/TrEMBL,1.0,Active
K7EIG3,UniProtKB/TrEMBL,1.0,Active
X2GA64,UniProtKB/TrEMBL,1.0,Active
Q9BT66,UniProtKB/TrEMBL,1.0,Active
B7ZMD3,UniProtKB/TrEMBL,1.0,Active
Q9UDV4,UniProtKB/TrEMBL,1.0,Active
A0A087WVD0,UniProtKB/TrEMBL,1.0,Active
C9JZI2,UniProtKB/TrEMBL,1.0,Active
E7ETJ9,UniProtKB/TrEMBL,1.0,Active
Q6UY27,UniProtKB/Swiss-Prot,3.0,Active
A0A804HKA5,UniProtKB/TrEMBL,1.0,Active
D6RG06,UniProtKB/TrEMBL,1.0,Active
A0A0A0YKG7,UniProtKB/TrEMBL,2.0,Active
R4GMY7,UniProtKB/TrEMBL,1.0,Active
A0A087WSZ9,UniProtKB/Swiss-Prot,3.0,Active
Q4W5G4,UniProtKB/TrEMBL,1.0,Active
E5RI64,UniProtKB/TrEMBL,2.0,Active
Q49AS4,UniProtKB/TrEMBL,1.0,Active
A0A024DAE5,UniProtKB/TrEMBL,2.0,Active
F8VV00,UniProtKB/TrEMBL,1.0,Active
A0A0A0MTI9,UniProtKB/TrEMBL,1.0,Active
M0QZW4,UniProtKB/TrEMBL,1.0,Active
D6RFI7,UniProtKB/TrEMBL,2.0,Active
Q96A58,UniProtKB/Swiss-Prot,5.0,Active
V9GYR3,UniProtKB/TrEMBL,1.0,Active
F8WCQ1,UniProtKB/TrEMBL,1.0,Active
P40617,UniProtKB/Swiss-Prot,5.0,Active
O00243,UniProtKB/TrEMBL,1.0,Active
Q6ZTP6,UniProtKB/TrEMBL,1.0,Active
A0A5C2G9A6,UniProtKB/TrEMBL,1.0,Active
A0A0C4DGS4,UniProtKB/TrEMBL,1.0,Active
A0A290Y5S4,UniProtKB/TrEMBL,1.0,Active
A0A0S2Z3L4,UniProtKB/TrEMBL,1.0,Active
M0R0I9,UniProtKB/TrEMBL,1.0,Active
H3BQ79,UniProtKB/TrEMBL,1.0,Active
V9GZ00,UniProtKB/TrEMBL,1.0,Active
M0QZ83,UniProtKB/TrEMBL,1.0,Active
R4GN93,UniProtKB/TrEMBL,1.0,Active
H3BRL2,UniProtKB/TrEMBL,1.0,Active
A0A286YFN4,UniProtKB/TrEMBL,1.0,Active
Q71VN3,UniProtKB/TrEMBL,2.0,Active
K7EP86,UniProtKB/TrEMBL,2.0,Active
J3KRC4,UniProtKB/TrEMBL,1.0,Active
A0A087WY57,UniProtKB/TrEMBL,1.0,Active
B0QYR5,UniProtKB/TrEMBL,1.0,Active
K7EL17,UniProtKB/TrEMBL,1.0,Active
B5MCT4,UniProtKB/TrEMBL,2.0,Active
A0A387LAM3,UniProtKB/TrEMBL,1.0,Active
V9HWI8,UniProtKB/TrEMBL,1.0,Active
E5RJT3,UniProtKB/TrEMBL,1.0,Active
I3L0W4,UniProtKB/TrEMBL,1.0,Active
J3QLD7,UniProtKB/TrEMBL,1.0,Active
O95192,UniProtKB/TrEMBL,1.0,Active
A0A075B6H8,UniProtKB/Swiss-Prot,3.0,Active
F8VR40,UniProtKB/TrEMBL,1.0,Active
Q86XA0,UniProtKB/Swiss-Prot,5.0,Active
Q4G0W2,UniProtKB/Swiss-Prot,5.0,Active
B7Z7M2,UniProtKB/TrEMBL,1.0,Active
Q16089,UniProtKB/TrEMBL,1.0,Active
B8ZZI0,UniProtKB/TrEMBL,1.0,Active
D6RA45,UniProtKB/TrEMBL,1.0,Active
Q2PPL4,UniProtKB/TrEMBL,1.0,Active
C9IZQ3,UniProtKB/TrEMBL,1.0,Active
C9JFX5,UniProtKB/TrEMBL,2.0,Active
A0A6I8PIW5,UniProtKB/TrEMBL,1.0,Active
V9GXZ6,UniProtKB/TrEMBL,1.0,Active
E9PK93,UniProtKB/TrEMBL,1.0,Active
F8VQX6,UniProtKB/TrEMBL,1.0,Active
Q9P2Z4,UniProtKB/TrEMBL,1.0,Active
M0QYM7,UniProtKB/TrEMBL,2.0,Active
F5GY86,UniProtKB/TrEMBL,1.0,Active
E9PN94,UniProtKB/TrEMBL,2.0,Active
A0A590UK90,UniProtKB/TrEMBL,1.0,Active
H3BMK7,UniProtKB/TrEMBL,2.0,Active
Q9H7X7,UniProtKB/Swiss-Prot,5.0,Active
G5E9J0,UniProtKB/TrEMBL,2.0,Active
F8VWX1,UniProtKB/TrEMBL,1.0,Active
Q14748,UniProtKB/TrEMBL,1.0,Active
Q642I8,UniProtKB/TrEMBL,1.0,Active
P01225,UniProtKB/Swiss-Prot,5.0,Active
A0A087WVN5,UniProtKB/TrEMBL,1.0,Active
O60220,UniProtKB/Swiss-Prot,5.0,Active
M0QXG5,UniProtKB/TrEMBL,2.0,Active
Q9HAY0,UniProtKB/TrEMBL,1.0,Active
A0A5C2GGG2,UniProtKB/TrEMBL,1.0,Active
Q2VEU1,UniProtKB/TrEMBL,1.0,Active
C9JFL0,UniProtKB/TrEMBL,1.0,Active
H0YGF1,UniProtKB/TrEMBL,1.0,Active
H7C099,UniProtKB/TrEMBL,1.0,Active
Q59G49,UniProtKB/TrEMBL,1.0,Active
Q9H4L3,UniProtKB/TrEMBL,1.0,Active
A0A0C4DG05,UniProtKB/TrEMBL,1.0,Active
F8W9A3,UniProtKB/TrEMBL,1.0,Active
H3BMF3,UniProtKB/TrEMBL,1.0,Active
C9JMJ2,UniProtKB/TrEMBL,1.0,Active
D6R9I8,UniProtKB/TrEMBL,1.0,Active
Q16558,UniProtKB/Swiss-Prot,5.0,Active
D2Y6W7,UniProtKB/TrEMBL,2.0,Active
Q4G1D0,UniProtKB/TrEMBL,2.0,Active
A0A0B4J275,UniProtKB/Swiss-Prot,3.0,Active
B1AK43,UniProtKB/TrEMBL,2.0,Active
A0A0G2JH29,UniProtKB/TrEMBL,2.0,Active
Q53SC0,UniProtKB/TrEMBL,1.0,Active
E5RJW5,UniProtKB/TrEMBL,1.0,Active
Q9P0M4,UniProtKB/Swiss-Prot,4.0,Active
G3V379,UniProtKB/TrEMBL,1.0,Active
Q96DS1,UniProtKB/TrEMBL,1.0,Active
D6RIG9,UniProtKB/TrEMBL,2.0,Active
H9KVB6,UniProtKB/TrEMBL,1.0,Active
E5RGF6,UniProtKB/TrEMBL,2.0,Active
C9J6C1,UniProtKB/TrEMBL,1.0,Active
C9JB90,UniProtKB/TrEMBL,1.0,Active
A0A286RNF9,UniProtKB/TrEMBL,1.0,Active
V9GZ74,UniProtKB/TrEMBL,2.0,Active
E9PI65,UniProtKB/TrEMBL,1.0,Active
J3QLD6,UniProtKB/TrEMBL,1.0,Active
F8WEU1,UniProtKB/TrEMBL,2.0,Active
A6PVD9,UniProtKB/TrEMBL,1.0,Active
C9J6Z1,UniProtKB/TrEMBL,1.0,Active
C9J010,UniProtKB/TrEMBL,2.0,Active
E9LVY7,UniProtKB/TrEMBL,3.0,Active
D6RE75,UniProtKB/TrEMBL,1.0,Active
B4E3S3,UniProtKB/TrEMBL,1.0,Active
Q6ZNX5,UniProtKB/TrEMBL,1.0,Active
Q8NAA7,UniProtKB/TrEMBL,2.0,Active
C9JRX8,UniProtKB/TrEMBL,1.0,Active
G3V1Q9,UniProtKB/TrEMBL,1.0,Active
K7EQN9,UniProtKB/TrEMBL,1.0,Active
P22301,UniProtKB/Swiss-Prot,5.0,Active
E9PR78,UniProtKB/TrEMBL,1.0,Active
A0A387LAL5,UniProtKB/TrEMBL,1.0,Active
Q2L6B3,UniProtKB/TrEMBL,1.0,Active
Q7Z395,UniProtKB/TrEMBL,2.0,Active
E9PP97,UniProtKB/TrEMBL,1.0,Active
H3BSJ0,UniProtKB/TrEMBL,1.0,Active
P0DTW3,UniProtKB/Swiss-Prot,4.0,Active
Q8N7W3,UniProtKB/TrEMBL,1.0,Active
F8VTR4,UniProtKB/TrEMBL,1.0,Active
Q8WWC5,UniProtKB/TrEMBL,1.0,Active
H3BNJ0,UniProtKB/TrEMBL,1.0,Active
B4DRG3,UniProtKB/TrEMBL,2.0,Active
K7ERB2,UniProtKB/TrEMBL,1.0,Active
Q96P89,UniProtKB/TrEMBL,1.0,Active
E9PJE9,UniProtKB/TrEMBL,1.0,Active
K7EJQ4,UniProtKB/TrEMBL,1.0,Active
F5H179,UniProtKB/TrEMBL,1.0,Active
A0A7S5EXJ6,UniProtKB/TrEMBL,1.0,Active
Q49A69,UniProtKB/TrEMBL,1.0,Active
Q96C01,UniProtKB/Swiss-Prot,4.0,Active
F8VYZ7,UniProtKB/TrEMBL,1.0,Active
C9JA18,UniProtKB/TrEMBL,1.0,Active
Q9NYS3,UniProtKB/TrEMBL,1.0,Active
Q5VVP7,UniProtKB/TrEMBL,2.0,Active
H3BNF7,UniProtKB/TrEMBL,1.0,Active
Q0VGM7,UniProtKB/TrEMBL,2.0,Active
K7EQN1,UniProtKB/TrEMBL,1.0,Active
A0A0C4DGP6,UniProtKB/TrEMBL,1.0,Active
P62316,UniProtKB/Swiss-Prot,5.0,Active
J3QLP3,UniProtKB/TrEMBL,1.0,Active
A0A5C2GWT2,UniProtKB/TrEMBL,1.0,Active
F5GYW6,UniProtKB/TrEMBL,2.0,Active
Q9NS18,UniProtKB/Swiss-Prot,5.0,Active
Q6L9N4,UniProtKB/TrEMBL,1.0,Active
O95379,UniProtKB/Swiss-Prot,5.0,Active
E9PIA0,UniProtKB/TrEMBL,1.0,Active
M0R1A2,UniProtKB/TrEMBL,1.0,Active
F5GX41,UniProtKB/TrEMBL,1.0,Active
P10145,UniProtKB/Swiss-Prot,5.0,Active
Q6MZH0,UniProtKB/TrEMBL,1.0,Active
Q5R387,UniProtKB/Swiss-Prot,3.0,Active
Q9H6L4,UniProtKB/Swiss-Prot,5.0,Active
B7Z3Q0,UniProtKB/TrEMBL,1.0,Active
H9ND74,UniProtKB/TrEMBL,1.0,Active
A0A0A0MTT6,UniProtKB/TrEMBL,1.0,Active
H3BPT1,UniProtKB/TrEMBL,2.0,Active
Q59EB5,UniProtKB/TrEMBL,1.0,Active
G3V234,UniProtKB/TrEMBL,1.0,Active
A0A2U8J956,UniProtKB/TrEMBL,1.0,Active
A0A140T9C4,UniProtKB/TrEMBL,1.0,Active
A0A2U8J9B2,UniProtKB/TrEMBL,1.0,Active
E9PQY2,UniProtKB/TrEMBL,2.0,Active
H3BV48,UniProtKB/TrEMBL,2.0,Active
P30085,UniProtKB/Swiss-Prot,5.0,Active
J3KQ48,UniProtKB/TrEMBL,2.0,Active
A0A087X1R9,UniProtKB/TrEMBL,1.0,Active
E9PF78,UniProtKB/TrEMBL,1.0,Active
H0YC38,UniProtKB/TrEMBL,1.0,Active
A0A286SD33,UniProtKB/TrEMBL,1.0,Active
Q7Z4R8,UniProtKB/Swiss-Prot,3.0,Active
A0A494C1E3,UniProtKB/TrEMBL,3.0,Active
Q75MM9,UniProtKB/TrEMBL,1.0,Active
A0A0D9SGB5,UniProtKB/TrEMBL,1.0,Active
Q02747,UniProtKB/Swiss-Prot,5.0,Active
Q9NZT8,UniProtKB/TrEMBL,1.0,Active
B7Z5A3,UniProtKB/TrEMBL,1.0,Active
H3BP79,UniProtKB/TrEMBL,2.0,Active
C9JBE7,UniProtKB/TrEMBL,1.0,Active
K7EP71,UniProtKB/TrEMBL,2.0,Active
C8CHJ3,UniProtKB/TrEMBL,1.0,Active
A0A5C2GKH7,UniProtKB/TrEMBL,1.0,Active
D6RE86,UniProtKB/TrEMBL,1.0,Active
A0A097PAY3,UniProtKB/TrEMBL,1.0,Active
C9JA36,UniProtKB/TrEMBL,2.0,Active
A0A0A6YYK7,UniProtKB/Swiss-Prot,3.0,Active
D6RFE4,UniProtKB/TrEMBL,1.0,Active
B4DY12,UniProtKB/TrEMBL,1.0,Active
B7Z2W2,UniProtKB/TrEMBL,1.0,Active
A5XEK0,UniProtKB/TrEMBL,1.0,Active
Q6PJ60,UniProtKB/TrEMBL,1.0,Active
M0R1E7,UniProtKB/TrEMBL,1.0,Active
Q8WZ42,UniProtKB/Swiss-Prot,5.0,Active
B7Z8H5,UniProtKB/TrEMBL,1.0,Active
I3L1Z0,UniProtKB/TrEMBL,1.0,Active
H3BPY0,UniProtKB/TrEMBL,2.0,Active
A0A024D9P8,UniProtKB/TrEMBL,1.0,Active
H7C2Y0,UniProtKB/TrEMBL,1.0,Active
Q99653,UniProtKB/Swiss-Prot,5.0,Active
I3L0T3,UniProtKB/TrEMBL,1.0,Active
Q53HJ8,UniProtKB/TrEMBL,1.0,Active
C9IZG1,UniProtKB/TrEMBL,1.0,Active
A0A6Q8PGW2,UniProtKB/TrEMBL,1.0,Active
A0A3B3IUD5,UniProtKB/TrEMBL,2.0,Active
B0QYT4,UniProtKB/TrEMBL,2.0,Active
H7BYC3,UniProtKB/TrEMBL,1.0,Active
A0A087WTW1,UniProtKB/TrEMBL,1.0,Active
B0QYC0,UniProtKB/TrEMBL,1.0,Active
H3BN04,UniProtKB/TrEMBL,1.0,Active
A0A7S4ZD17,UniProtKB/TrEMBL,1.0,Active
A1L185,UniProtKB/TrEMBL,1.0,Active
A0A7I2V6E2,UniProtKB/TrEMBL,1.0,Active
E9PIQ4,UniProtKB/TrEMBL,1.0,Active
A0A7I2V5M8,UniProtKB/TrEMBL,1.0,Active
H7C1D8,UniProtKB/TrEMBL,1.0,Active
V9GY29,UniProtKB/TrEMBL,1.0,Active
V9H1F4,UniProtKB/TrEMBL,1.0,Active
D6RJH0,UniProtKB/TrEMBL,1.0,Active
A0A0S2Z567,UniProtKB/TrEMBL,2.0,Active
C9J6E4,UniProtKB/TrEMBL,1.0,Active
J3KRK7,UniProtKB/TrEMBL,1.0,Active
Q96R05,UniProtKB/Swiss-Prot,3.0,Active
A0A0D9SFU1,UniProtKB/TrEMBL,1.0,Active
E7EWF9,UniProtKB/TrEMBL,1.0,Active
Q96JD0,UniProtKB/TrEMBL,1.0,Active
H9XFB4,UniProtKB/TrEMBL,1.0,Active
Q30087,UniProtKB/TrEMBL,1.0,Active
J3QRR6,UniProtKB/TrEMBL,2.0,Active
A0A0A0MSI3,UniProtKB/TrEMBL,3.0,Active
C9JY13,UniProtKB/TrEMBL,1.0,Active
J3KRF7,UniProtKB/TrEMBL,1.0,Active
E9PJV0,UniProtKB/TrEMBL,1.0,Active
B5MCJ2,UniProtKB/TrEMBL,1.0,Active
A0A5C2H417,UniProtKB/TrEMBL,1.0,Active
Q29RW3,UniProtKB/TrEMBL,1.0,Active
E9PKI3,UniProtKB/TrEMBL,1.0,Active
Q9NTC6,UniProtKB/TrEMBL,1.0,Active
B4DSX6,UniProtKB/TrEMBL,2.0,Active
A0A5C2GRS8,UniProtKB/TrEMBL,1.0,Active
C9J205,UniProtKB/TrEMBL,1.0,Active
A0A494C1H5,UniProtKB/TrEMBL,1.0,Active
A0A5C2GGX3,UniProtKB/TrEMBL,1.0,Active
Q5UBV5,UniProtKB/TrEMBL,1.0,Active
Q0QD44,UniProtKB/TrEMBL,1.0,Active
K7EPX1,UniProtKB/TrEMBL,1.0,Active
M0QYH3,UniProtKB/TrEMBL,1.0,Active
A0A0M3LN66,UniProtKB/TrEMBL,1.0,Active
Q9UEC5,UniProtKB/TrEMBL,1.0,Active
A0A0S2Z5G5,UniProtKB/TrEMBL,1.0,Active
A0A7P0T873,UniProtKB/TrEMBL,1.0,Active
Q5K630,UniProtKB/TrEMBL,1.0,Active
W1IAR2,UniProtKB/TrEMBL,2.0,Active
A0A494C0A6,UniProtKB/TrEMBL,1.0,Active
Q7Z2T2,UniProtKB/TrEMBL,2.0,Active
A0A5C2GJT6,UniProtKB/TrEMBL,1.0,Active
K7EM02,UniProtKB/TrEMBL,1.0,Active
Q5VZR0,UniProtKB/TrEMBL,1.0,Active
Q658R1,UniProtKB/TrEMBL,1.0,Active
P29373,UniProtKB/Swiss-Prot,5.0,Active
A0A804HJU0,UniProtKB/TrEMBL,1.0,Active
A0A1Y0BWD1,UniProtKB/TrEMBL,1.0,Active
Q4W5K3,UniProtKB/TrEMBL,1.0,Active
A0A140CTX1,UniProtKB/TrEMBL,3.0,Active
H9CWI3,UniProtKB/TrEMBL,1.0,Active
A5YAK8,UniProtKB/TrEMBL,1.0,Active
Q9NYY1,UniProtKB/Swiss-Prot,5.0,Active
A0A7I2V4G8,UniProtKB/TrEMBL,2.0,Active
D6RGW8,UniProtKB/TrEMBL,1.0,Active
A0A0B4J2B1,UniProtKB/TrEMBL,1.0,Active
F8W665,UniProtKB/TrEMBL,1.0,Active
M0QY44,UniProtKB/TrEMBL,1.0,Active
Q9NQ41,UniProtKB/TrEMBL,1.0,Active
A0A5C2G8L4,UniProtKB/TrEMBL,1.0,Active
A0A0G2JS85,UniProtKB/TrEMBL,1.0,Active
K7EQ24,UniProtKB/TrEMBL,1.0,Active
A0A075B7D5,UniProtKB/TrEMBL,1.0,Active
C9JQV5,UniProtKB/TrEMBL,1.0,Active
J3KTN0,UniProtKB/TrEMBL,1.0,Active
G3V5V5,UniProtKB/TrEMBL,1.0,Active
O60888,UniProtKB/Swiss-Prot,5.0,Active
A0A2P0ZHX7,UniProtKB/TrEMBL,1.0,Active
Q03403,UniProtKB/Swiss-Prot,5.0,Active
A0A024R8I9,UniProtKB/TrEMBL,1.0,Active
A0A087WYD2,UniProtKB/TrEMBL,1.0,Active
J3KQK8,UniProtKB/TrEMBL,1.0,Active
G3V4H0,UniProtKB/TrEMBL,1.0,Active
A0A3B3IS28,UniProtKB/TrEMBL,1.0,Active
C9J7Q7,UniProtKB/TrEMBL,1.0,Active
F5H2X8,UniProtKB/TrEMBL,1.0,Active
F5H6Q3,UniProtKB/TrEMBL,1.0,Active
M0R015,UniProtKB/TrEMBL,2.0,Active
A0A5C2G579,UniProtKB/TrEMBL,1.0,Active
A0A087WXV3,UniProtKB/TrEMBL,1.0,Active
H3BQD1,UniProtKB/TrEMBL,1.0,Active
Q8WZ76,UniProtKB/TrEMBL,1.0,Active
K7EKD1,UniProtKB/TrEMBL,1.0,Active
P78341,UniProtKB/TrEMBL,1.0,Active
A0A096LNK4,UniProtKB/TrEMBL,1.0,Active
S4R452,UniProtKB/TrEMBL,1.0,Active
C9JVN1,UniProtKB/TrEMBL,1.0,Active
Q15164,UniProtKB/TrEMBL,1.0,Active
H7BYE3,UniProtKB/TrEMBL,1.0,Active
B4DDJ8,UniProtKB/TrEMBL,2.0,Active
V9GY83,UniProtKB/TrEMBL,1.0,Active
A0A3B3ITH0,UniProtKB/TrEMBL,1.0,Active
J3KSF1,UniProtKB/TrEMBL,1.0,Active
A0A6C0SHA8,UniProtKB/TrEMBL,1.0,Active
J3QRB0,UniProtKB/TrEMBL,1.0,Active
D6RIY3,UniProtKB/TrEMBL,1.0,Active
A0A5C2G2X1,UniProtKB/TrEMBL,1.0,Active
A0A0H3YEQ7,UniProtKB/TrEMBL,2.0,Active
A1YZH6,UniProtKB/TrEMBL,1.0,Active
I0CMJ8,UniProtKB/TrEMBL,1.0,Active
K7EMY5,UniProtKB/TrEMBL,1.0,Active
Q8WUS7,UniProtKB/TrEMBL,1.0,Active
C6GLZ9,UniProtKB/TrEMBL,1.0,Active
A0A0B4J262,UniProtKB/Swiss-Prot,3.0,Active
Q68DK3,UniProtKB/TrEMBL,1.0,Active
D5KJA2,UniProtKB/TrEMBL,1.0,Active
M0QYM4,UniProtKB/TrEMBL,1.0,Active
D6R9J0,UniProtKB/TrEMBL,1.0,Active
H0YIY0,UniProtKB/TrEMBL,1.0,Active
F8VPW3,UniProtKB/TrEMBL,1.0,Active
F5GXY0,UniProtKB/TrEMBL,1.0,Active
A0A5F9ZGZ7,UniProtKB/TrEMBL,1.0,Active
Q5JRF7,UniProtKB/TrEMBL,1.0,Active
V9GY18,UniProtKB/TrEMBL,1.0,Active
Q6RB57,UniProtKB/TrEMBL,1.0,Active
B0QYA2,UniProtKB/TrEMBL,1.0,Active
H7C0X0,UniProtKB/TrEMBL,1.0,Active
A0A2R8Y7S9,UniProtKB/TrEMBL,2.0,Active
Q8TCX0,UniProtKB/TrEMBL,1.0,Active
L8ECP4,UniProtKB/TrEMBL,1.0,Active
Q9HAU6,UniProtKB/Swiss-Prot,2.0,Active
A0A2Y9CYF9,UniProtKB/TrEMBL,1.0,Active
D6RF70,UniProtKB/TrEMBL,2.0,Active
A0A1W2PQ27,UniProtKB/Swiss-Prot,2.0,Active
F1C627,UniProtKB/TrEMBL,1.0,Active
C9J9V2,UniProtKB/TrEMBL,1.0,Active
A0A2D1PJM1,UniProtKB/TrEMBL,1.0,Active
Q9UIL3,UniProtKB/TrEMBL,1.0,Active
Q99912,UniProtKB/TrEMBL,1.0,Active
C9JD78,UniProtKB/TrEMBL,2.0,Active
Q59FZ9,UniProtKB/TrEMBL,1.0,Active
A0A7P0T9V1,UniProtKB/TrEMBL,1.0,Active
B4DPP4,UniProtKB/TrEMBL,1.0,Active
A0A5C2GLA6,UniProtKB/TrEMBL,1.0,Active
Q5QPD0,UniProtKB/TrEMBL,1.0,Active
A0A1B1HY22,UniProtKB/TrEMBL,1.0,Active
P0DP57,UniProtKB/Swiss-Prot,5.0,Active
H0YMN8,UniProtKB/TrEMBL,2.0,Active
K7EP00,UniProtKB/TrEMBL,1.0,Active
A0A0S2Z5F7,UniProtKB/TrEMBL,1.0,Active
L8E9B5,UniProtKB/TrEMBL,1.0,Active
B3KTW7,UniProtKB/TrEMBL,2.0,Active
C9JS14,UniProtKB/TrEMBL,2.0,Active
A0A0U5JXL4,UniProtKB/TrEMBL,3.0,Active
H0YEM6,UniProtKB/TrEMBL,1.0,Active
Q5ZGJ9,UniProtKB/TrEMBL,1.0,Active
Q0VAF6,UniProtKB/Swiss-Prot,3.0,Active
F5GX47,UniProtKB/TrEMBL,1.0,Active
H0YM05,UniProtKB/TrEMBL,1.0,Active
Q7Z6A1,UniProtKB/TrEMBL,1.0,Active
F8VNV6,UniProtKB/TrEMBL,1.0,Active
A0A087WYE8,UniProtKB/TrEMBL,2.0,Active
Q4G168,UniProtKB/TrEMBL,1.0,Active
F8VQS2,UniProtKB/TrEMBL,1.0,Active
Q8TEK8,UniProtKB/TrEMBL,1.0,Active
B4DPY0,UniProtKB/TrEMBL,2.0,Active
H3BVD5,UniProtKB/TrEMBL,2.0,Active
C9JR00,UniProtKB/TrEMBL,1.0,Active
P61599,UniProtKB/Swiss-Prot,5.0,Active
O75380,UniProtKB/Swiss-Prot,5.0,Active
A0A5C2G6U7,UniProtKB/TrEMBL,1.0,Active
E9PLW4,UniProtKB/TrEMBL,1.0,Active
H0YF40,UniProtKB/TrEMBL,1.0,Active
H0YDP0,UniProtKB/TrEMBL,2.0,Active
A0A0G2JMB1,UniProtKB/TrEMBL,1.0,Active
M0QZ71,UniProtKB/TrEMBL,1.0,Active
F8WCR4,UniProtKB/TrEMBL,3.0,Active
D6RE88,UniProtKB/TrEMBL,1.0,Active
B7ZKK1,UniProtKB/TrEMBL,1.0,Active
E5RGR0,UniProtKB/TrEMBL,4.0,Active
H0YH60,UniProtKB/TrEMBL,1.0,Active
Q6ZST4,UniProtKB/Swiss-Prot,2.0,Active
H7C4B0,UniProtKB/TrEMBL,2.0,Active
I3L0Z6,UniProtKB/TrEMBL,2.0,Active
Q562L2,UniProtKB/TrEMBL,1.0,Active
W8QGV4,UniProtKB/TrEMBL,1.0,Active
A0A7S5EUQ1,UniProtKB/TrEMBL,1.0,Active
K7ERT7,UniProtKB/TrEMBL,1.0,Active
Q6TGM5,UniProtKB/TrEMBL,1.0,Active
A0A2R8YEG2,UniProtKB/TrEMBL,1.0,Active
H7C1Y6,UniProtKB/TrEMBL,1.0,Active
F5H702,UniProtKB/TrEMBL,2.0,Active
A0A6M5WQ99,UniProtKB/TrEMBL,1.0,Active
Q5T554,UniProtKB/TrEMBL,1.0,Active
O95333,UniProtKB/TrEMBL,2.0,Active
A0A6I8PU30,UniProtKB/TrEMBL,1.0,Active
J3QLI4,UniProtKB/TrEMBL,1.0,Active
L8E934,UniProtKB/TrEMBL,1.0,Active
B1ANE6,UniProtKB/TrEMBL,2.0,Active
Q9NRP4,UniProtKB/Swiss-Prot,2.0,Active
Q75MA1,UniProtKB/TrEMBL,1.0,Active
A0A7S5C0D7,UniProtKB/TrEMBL,1.0,Active
U3KPU6,UniProtKB/TrEMBL,1.0,Active
C9J956,UniProtKB/TrEMBL,1.0,Active
Q5JX56,UniProtKB/TrEMBL,1.0,Active
A6NJ28,UniProtKB/TrEMBL,1.0,Active
J3QQJ9,UniProtKB/TrEMBL,1.0,Active
B4DQN5,UniProtKB/TrEMBL,1.0,Active
E5RFQ4,UniProtKB/TrEMBL,3.0,Active
F8WBW9,UniProtKB/TrEMBL,2.0,Active
A0A0U1RQK9,UniProtKB/TrEMBL,2.0,Active
A0A096LPC3,UniProtKB/TrEMBL,1.0,Active
A0A5C2G5Y9,UniProtKB/TrEMBL,1.0,Active
A8K1A2,UniProtKB/TrEMBL,3.0,Active
K7EIY9,UniProtKB/TrEMBL,1.0,Active
P28325,UniProtKB/Swiss-Prot,5.0,Active
Q14913,UniProtKB/TrEMBL,1.0,Active
Q9Y258,UniProtKB/Swiss-Prot,5.0,Active
A0A5B9,UniProtKB/Swiss-Prot,4.0,Active
A0A6I8PS46,UniProtKB/TrEMBL,1.0,Active
A8K7H3,UniProtKB/TrEMBL,2.0,Active
Q99766,UniProtKB/Swiss-Prot,5.0,Active
Q71UL5,UniProtKB/TrEMBL,1.0,Active
A0A5C2GBV4,UniProtKB/TrEMBL,1.0,Active
A0A286SD32,UniProtKB/TrEMBL,1.0,Active
C9J1E5,UniProtKB/TrEMBL,1.0,Active
B7Z3G9,UniProtKB/TrEMBL,1.0,Active
A0A5C2GIJ0,UniProtKB/TrEMBL,1.0,Active
H0YGF3,UniProtKB/TrEMBL,3.0,Active
I3L3Z2,UniProtKB/TrEMBL,2.0,Active
K7EL06,UniProtKB/TrEMBL,1.0,Active
A0A5F9ZGW7,UniProtKB/TrEMBL,1.0,Active
H3BPA0,UniProtKB/TrEMBL,1.0,Active
Q57YV5,UniProtKB/TrEMBL,2.0,Active
O14849,UniProtKB/TrEMBL,1.0,Active
H0Y9S8,UniProtKB/TrEMBL,1.0,Active
Q8TC28,UniProtKB/TrEMBL,1.0,Active
D6R9P2,UniProtKB/TrEMBL,3.0,Active
E5RHY8,UniProtKB/TrEMBL,1.0,Active
B4DJ70,UniProtKB/TrEMBL,1.0,Active
A0A068Q8E6,UniProtKB/TrEMBL,1.0,Active
Q5NV87,UniProtKB/TrEMBL,1.0,Active
A0A087WYS9,UniProtKB/TrEMBL,2.0,Active
A0A1B0GW60,UniProtKB/TrEMBL,1.0,Active
Q9GZN8,UniProtKB/Swiss-Prot,3.0,Active
H7C3U2,UniProtKB/TrEMBL,2.0,Active
K7ESP4,UniProtKB/TrEMBL,1.0,Active
F8VRL0,UniProtKB/TrEMBL,1.0,Active
E5RJK2,UniProtKB/TrEMBL,1.0,Active
K7ENT0,UniProtKB/TrEMBL,1.0,Active
Q969Q4,UniProtKB/Swiss-Prot,4.0,Active
C9JRT0,UniProtKB/TrEMBL,1.0,Active
A0A191TDH2,UniProtKB/TrEMBL,1.0,Active
Q6DKI0,UniProtKB/TrEMBL,1.0,Active
A0JD37,UniProtKB/Swiss-Prot,3.0,Active
F6R503,UniProtKB/TrEMBL,1.0,Active
B1AP38,UniProtKB/TrEMBL,2.0,Active
Q502X2,UniProtKB/TrEMBL,2.0,Active
C9J905,UniProtKB/TrEMBL,1.0,Active
F8WA34,UniProtKB/TrEMBL,2.0,Active
E9PPA8,UniProtKB/TrEMBL,1.0,Active
Q5JR08,UniProtKB/TrEMBL,2.0,Active
F8WDL5,UniProtKB/TrEMBL,2.0,Active
K7ENY4,UniProtKB/TrEMBL,1.0,Active
K7EIZ0,UniProtKB/TrEMBL,1.0,Active
Q5ZF00,UniProtKB/TrEMBL,2.0,Active
D6RIW1,UniProtKB/TrEMBL,1.0,Active
Q53RZ1,UniProtKB/TrEMBL,1.0,Active
X2G756,UniProtKB/TrEMBL,1.0,Active
Q4TT34,UniProtKB/TrEMBL,3.0,Active
A3RMR1,UniProtKB/TrEMBL,1.0,Active
P03973,UniProtKB/Swiss-Prot,5.0,Active
A0A5C2GL30,UniProtKB/TrEMBL,1.0,Active
E9PMV5,UniProtKB/TrEMBL,1.0,Active
F5H724,UniProtKB/TrEMBL,1.0,Active
A0A2K4N869,UniProtKB/TrEMBL,1.0,Active
P12104,UniProtKB/Swiss-Prot,5.0,Active
F8W152,UniProtKB/TrEMBL,4.0,Active
Q9UI87,UniProtKB/TrEMBL,1.0,Active
D6RBJ5,UniProtKB/TrEMBL,2.0,Active
J3KMW0,UniProtKB/TrEMBL,1.0,Active
H7C592,UniProtKB/TrEMBL,1.0,Active
K7ERY4,UniProtKB/TrEMBL,1.0,Active
K7EL11,UniProtKB/TrEMBL,2.0,Active
E9PEN0,UniProtKB/TrEMBL,1.0,Active
H3BQH9,UniProtKB/TrEMBL,1.0,Active
A0A0C4DFW4,UniProtKB/TrEMBL,1.0,Active
A0A0B6XK25,UniProtKB/TrEMBL,1.0,Active
Q5T371,UniProtKB/TrEMBL,1.0,Active
C9JNL6,UniProtKB/TrEMBL,1.0,Active
Q9NPX5,UniProtKB/TrEMBL,1.0,Active
U3KQB8,UniProtKB/TrEMBL,1.0,Active
E9PNQ8,UniProtKB/TrEMBL,2.0,Active
C9JJZ7,UniProtKB/TrEMBL,1.0,Active
A0A1B0GTH9,UniProtKB/Swiss-Prot,2.0,Active
A0A8A6UC02,UniProtKB/TrEMBL,1.0,Active
A0A2P1GJE1,UniProtKB/TrEMBL,1.0,Active
A8MVM1,UniProtKB/TrEMBL,1.0,Active
C9JCL2,UniProtKB/TrEMBL,1.0,Active
A0A1B0GTG3,UniProtKB/TrEMBL,1.0,Active
Q4W5E2,UniProtKB/TrEMBL,1.0,Active
D6RAX1,UniProtKB/TrEMBL,1.0,Active
B2R4M6,UniProtKB/TrEMBL,3.0,Active
A0A2R8YEK5,UniProtKB/TrEMBL,1.0,Active
Q9HBC7,UniProtKB/TrEMBL,1.0,Active
C9K0I3,UniProtKB/TrEMBL,1.0,Active
A0A7I2V597,UniProtKB/TrEMBL,4.0,Active
O14883,UniProtKB/TrEMBL,1.0,Active
F8WBX7,UniProtKB/TrEMBL,1.0,Active
A0A0A0MSB2,UniProtKB/TrEMBL,1.0,Active
B3KSC4,UniProtKB/TrEMBL,1.0,Active
A0A494C0N8,UniProtKB/TrEMBL,1.0,Active
B4DWX7,UniProtKB/TrEMBL,1.0,Active
A0A068LKQ7,UniProtKB/TrEMBL,1.0,Active
A0A0S2Z333,UniProtKB/TrEMBL,1.0,Active
C9JPR7,UniProtKB/TrEMBL,2.0,Active
A0A5F9ZHI1,UniProtKB/TrEMBL,1.0,Active
P61758,UniProtKB/Swiss-Prot,5.0,Active
H0YN98,UniProtKB/TrEMBL,2.0,Active
A0A0C4DFT0,UniProtKB/TrEMBL,1.0,Active
C9J015,UniProtKB/TrEMBL,1.0,Active
A0A1W2PRS3,UniProtKB/TrEMBL,1.0,Active
Q6JVE6,UniProtKB/Swiss-Prot,3.0,Active
A2NWW1,UniProtKB/TrEMBL,1.0,Active
G3V360,UniProtKB/TrEMBL,1.0,Active
Q13951,UniProtKB/Swiss-Prot,5.0,Active
Q5JWV1,UniProtKB/TrEMBL,2.0,Active
A0A0J9YX61,UniProtKB/TrEMBL,1.0,Active
B3VRH5,UniProtKB/TrEMBL,1.0,Active
C9J1B8,UniProtKB/TrEMBL,2.0,Active
Q9P021,UniProtKB/Swiss-Prot,5.0,Active
Q9HC23,UniProtKB/Swiss-Prot,5.0,Active
A0A5C2G5Q7,UniProtKB/TrEMBL,1.0,Active
C9JHF7,UniProtKB/TrEMBL,1.0,Active
B4E3V5,UniProtKB/TrEMBL,1.0,Active
P62699,UniProtKB/Swiss-Prot,5.0,Active
G3V259,UniProtKB/TrEMBL,1.0,Active
H3BM47,UniProtKB/TrEMBL,1.0,Active
L8EB78,UniProtKB/TrEMBL,1.0,Active
F2X1A7,UniProtKB/TrEMBL,1.0,Active
Q5TDQ5,UniProtKB/TrEMBL,2.0,Active
B4DEY8,UniProtKB/TrEMBL,1.0,Active
J3KQF2,UniProtKB/TrEMBL,1.0,Active
H3BQQ3,UniProtKB/TrEMBL,1.0,Active
A2A2A0,UniProtKB/TrEMBL,1.0,Active
B4DLV5,UniProtKB/TrEMBL,1.0,Active
A0A804HK00,UniProtKB/TrEMBL,1.0,Active
F8S0F2,UniProtKB/TrEMBL,1.0,Active
F8WAA7,UniProtKB/TrEMBL,1.0,Active
B7ZBK6,UniProtKB/TrEMBL,2.0,Active
Q7Z321,UniProtKB/TrEMBL,1.0,Active
F8VZR0,UniProtKB/TrEMBL,2.0,Active
B4E072,UniProtKB/TrEMBL,1.0,Active
A2A2N0,UniProtKB/TrEMBL,2.0,Active
Q53S12,UniProtKB/TrEMBL,2.0,Active
Q2KJU5,UniProtKB/TrEMBL,1.0,Active
P23510,UniProtKB/Swiss-Prot,5.0,Active
B4DN74,UniProtKB/TrEMBL,2.0,Active
I3L1H6,UniProtKB/TrEMBL,3.0,Active
A6PVK5,UniProtKB/TrEMBL,1.0,Active
B3KWF6,UniProtKB/TrEMBL,1.0,Active
C9JWZ6,UniProtKB/TrEMBL,1.0,Active
A0A5C2GSY8,UniProtKB/TrEMBL,1.0,Active
A0A5C2FVJ3,UniProtKB/TrEMBL,1.0,Active
F8VUW4,UniProtKB/TrEMBL,1.0,Active
P18077,UniProtKB/Swiss-Prot,5.0,Active
E9PR55,UniProtKB/TrEMBL,1.0,Active
J3KRJ2,UniProtKB/TrEMBL,2.0,Active
F8WCR7,UniProtKB/TrEMBL,1.0,Active
F6UPS5,UniProtKB/TrEMBL,1.0,Active
E7EP88,UniProtKB/TrEMBL,1.0,Active
G3V210,UniProtKB/TrEMBL,2.0,Active
P02689,UniProtKB/Swiss-Prot,5.0,Active
H7C013,UniProtKB/TrEMBL,2.0,Active
D6RFL9,UniProtKB/TrEMBL,2.0,Active
H3BTC6,UniProtKB/TrEMBL,2.0,Active
H7BZ35,UniProtKB/TrEMBL,2.0,Active
A0A0U3T571,UniProtKB/TrEMBL,1.0,Active
I3L2M5,UniProtKB/TrEMBL,1.0,Active
F5GYB3,UniProtKB/TrEMBL,1.0,Active
F8VZ98,UniProtKB/TrEMBL,1.0,Active
A0A539,UniProtKB/Swiss-Prot,3.0,Active
A0A075B7A5,UniProtKB/TrEMBL,1.0,Active
Q9HBW4,UniProtKB/TrEMBL,1.0,Active
E9PIX2,UniProtKB/TrEMBL,2.0,Active
H6VYP0,UniProtKB/TrEMBL,1.0,Active
Q9UNS6,UniProtKB/TrEMBL,3.0,Active
A2NH53,UniProtKB/TrEMBL,1.0,Active
C9J9C4,UniProtKB/TrEMBL,1.0,Active
A2AB22,UniProtKB/TrEMBL,2.0,Active
H3BV13,UniProtKB/TrEMBL,2.0,Active
A0A7S5C2M5,UniProtKB/TrEMBL,1.0,Active
A0A7S5C3G7,UniProtKB/TrEMBL,1.0,Active
Q8ND81,UniProtKB/TrEMBL,2.0,Active
E9PJV1,UniProtKB/TrEMBL,2.0,Active
U5TZG9,UniProtKB/TrEMBL,1.0,Active
A0A024DBG3,UniProtKB/TrEMBL,1.0,Active
A0A087WT15,UniProtKB/TrEMBL,2.0,Active
A0A346RD54,UniProtKB/TrEMBL,1.0,Active
Q8IXC8,UniProtKB/TrEMBL,1.0,Active
Q9BVL7,UniProtKB/TrEMBL,2.0,Active
A0A669KAW2,UniProtKB/TrEMBL,1.0,Active
E9PRM5,UniProtKB/TrEMBL,1.0,Active
E2I6F9,UniProtKB/TrEMBL,1.0,Active
F8WE84,UniProtKB/TrEMBL,1.0,Active
K7EPT7,UniProtKB/TrEMBL,1.0,Active
Q16768,UniProtKB/TrEMBL,2.0,Active
K7ELW0,UniProtKB/TrEMBL,5.0,Active
J3KN60,UniProtKB/TrEMBL,2.0,Active
O15310,UniProtKB/TrEMBL,1.0,Active
E5RI82,UniProtKB/TrEMBL,1.0,Active
A0A7R6M6T2,UniProtKB/TrEMBL,1.0,Active
C9JRV5,UniProtKB/TrEMBL,1.0,Active
V9GYK5,UniProtKB/TrEMBL,1.0,Active
Q8N104,UniProtKB/Swiss-Prot,5.0,Active
A0A1P8NQC0,UniProtKB/TrEMBL,1.0,Active
A0A0A0MQT0,UniProtKB/TrEMBL,2.0,Active
B4DQ77,UniProtKB/TrEMBL,1.0,Active
Q9UEL6,UniProtKB/TrEMBL,1.0,Active
A4ZVU7,UniProtKB/TrEMBL,1.0,Active
L0HBA3,UniProtKB/TrEMBL,2.0,Active
Q7Z6D0,UniProtKB/TrEMBL,1.0,Active
A0A5C2GWP1,UniProtKB/TrEMBL,1.0,Active
F8VPA7,UniProtKB/TrEMBL,2.0,Active
A0A180H5L9,UniProtKB/TrEMBL,1.0,Active
B7ZAG4,UniProtKB/TrEMBL,1.0,Active
Q5TEK2,UniProtKB/TrEMBL,1.0,Active
H0Y8R3,UniProtKB/TrEMBL,1.0,Active
X6RJ73,UniProtKB/TrEMBL,2.0,Active
A0FKD1,UniProtKB/TrEMBL,1.0,Active
F5H5D4,UniProtKB/TrEMBL,1.0,Active
C9JJE0,UniProtKB/TrEMBL,1.0,Active
O75896,UniProtKB/Swiss-Prot,5.0,Active
D6RCT2,UniProtKB/TrEMBL,1.0,Active
A0A7I2V3T5,UniProtKB/TrEMBL,1.0,Active
B4DFG3,UniProtKB/TrEMBL,1.0,Active
Q96SE8,UniProtKB/TrEMBL,2.0,Active
A0A077CY02,UniProtKB/TrEMBL,2.0,Active
H3BRX2,UniProtKB/TrEMBL,1.0,Active
Q8WWM9,UniProtKB/Swiss-Prot,5.0,Active
A0A0G2JRR8,UniProtKB/TrEMBL,1.0,Active
A0A075B6T7,UniProtKB/Swiss-Prot,3.0,Active
A0A4V1EJ14,UniProtKB/TrEMBL,1.0,Active
F8VXS3,UniProtKB/TrEMBL,1.0,Active
Q96T48,UniProtKB/TrEMBL,1.0,Active
A0A494BZX6,UniProtKB/TrEMBL,1.0,Active
Q6S4P6,UniProtKB/TrEMBL,1.0,Active
A0A087WU81,UniProtKB/TrEMBL,1.0,Active
A0A140T985,UniProtKB/TrEMBL,1.0,Active
Q71UV9,UniProtKB/TrEMBL,1.0,Active
A0A075B6N3,UniProtKB/Swiss-Prot,3.0,Active
Q5T112,UniProtKB/TrEMBL,1.0,Active
B0YIW9,UniProtKB/TrEMBL,1.0,Active
A0A2R8YEA7,UniProtKB/TrEMBL,1.0,Active
D6RAS2,UniProtKB/TrEMBL,1.0,Active
B4DN24,UniProtKB/TrEMBL,1.0,Active
C9J6C2,UniProtKB/TrEMBL,1.0,Active
C9K0I1,UniProtKB/TrEMBL,1.0,Active
Q6P672,UniProtKB/TrEMBL,1.0,Active
A0A6Q8PHN5,UniProtKB/TrEMBL,1.0,Active
F5H5V0,UniProtKB/TrEMBL,1.0,Active
Q6QBS1,UniProtKB/TrEMBL,1.0,Active
A0A7P0T9S9,UniProtKB/TrEMBL,2.0,Active
D6RDX4,UniProtKB/TrEMBL,1.0,Active
H3BVE2,UniProtKB/TrEMBL,2.0,Active
Q5VVC0,UniProtKB/Swiss-Prot,2.0,Active
A5YRY4,UniProtKB/TrEMBL,1.0,Active
A0A5C2GTD9,UniProtKB/TrEMBL,1.0,Active
O94772,UniProtKB/Swiss-Prot,4.0,Active
Q9Y3F8,UniProtKB/TrEMBL,1.0,Active
Q6LBN1,UniProtKB/TrEMBL,1.0,Active
A0A384MDY5,UniProtKB/TrEMBL,2.0,Active
O00526,UniProtKB/Swiss-Prot,5.0,Active
P49223,UniProtKB/Swiss-Prot,2.0,Active
Q53RF0,UniProtKB/TrEMBL,1.0,Active
H9XFA8,UniProtKB/TrEMBL,1.0,Active
P09132,UniProtKB/Swiss-Prot,5.0,Active
H3BPV8,UniProtKB/TrEMBL,1.0,Active
A0A2R8Y7T3,UniProtKB/TrEMBL,1.0,Active
O14907,UniProtKB/Swiss-Prot,5.0,Active
F2Z328,UniProtKB/TrEMBL,2.0,Active
C9JHS6,UniProtKB/TrEMBL,2.0,Active
L8EAH4,UniProtKB/TrEMBL,1.0,Active
H3BV52,UniProtKB/TrEMBL,1.0,Active
A0A3B3ITI4,UniProtKB/TrEMBL,1.0,Active
A0A4P8J6J1,UniProtKB/TrEMBL,1.0,Active
J3QQL2,UniProtKB/TrEMBL,2.0,Active
A0A0S2Z3T6,UniProtKB/TrEMBL,2.0,Active
A0A494C0J0,UniProtKB/TrEMBL,1.0,Active
A0A0U1RRC3,UniProtKB/TrEMBL,1.0,Active
H0YNL5,UniProtKB/TrEMBL,1.0,Active
A0A0H4LTX9,UniProtKB/TrEMBL,1.0,Active
Q6ZWB1,UniProtKB/TrEMBL,1.0,Active
A0A494C0K3,UniProtKB/TrEMBL,1.0,Active
Q5T5U6,UniProtKB/TrEMBL,1.0,Active
M0R118,UniProtKB/TrEMBL,1.0,Active
Q2PUK1,UniProtKB/TrEMBL,1.0,Active
A0A140CTX8,UniProtKB/TrEMBL,2.0,Active
J3QLN0,UniProtKB/TrEMBL,1.0,Active
E9PQ06,UniProtKB/TrEMBL,1.0,Active
G3V1K2,UniProtKB/TrEMBL,1.0,Active
H3BUM9,UniProtKB/TrEMBL,1.0,Active
H7C3N8,UniProtKB/TrEMBL,1.0,Active
B9A008,UniProtKB/TrEMBL,2.0,Active
K7ER97,UniProtKB/TrEMBL,1.0,Active
B2R679,UniProtKB/TrEMBL,3.0,Active
B1AN86,UniProtKB/TrEMBL,1.0,Active
P62166,UniProtKB/Swiss-Prot,5.0,Active
G3V4Z7,UniProtKB/TrEMBL,1.0,Active
A0A4P8J2D2,UniProtKB/TrEMBL,1.0,Active
B5MC82,UniProtKB/TrEMBL,1.0,Active
E7ETR7,UniProtKB/TrEMBL,1.0,Active
H3BV53,UniProtKB/TrEMBL,1.0,Active
F8VW28,UniProtKB/TrEMBL,1.0,Active
B6ZHS6,UniProtKB/TrEMBL,2.0,Active
J3KMW2,UniProtKB/TrEMBL,1.0,Active
C9J7L5,UniProtKB/TrEMBL,1.0,Active
J3QR18,UniProtKB/TrEMBL,2.0,Active
Q9BUL9,UniProtKB/Swiss-Prot,5.0,Active
P00995,UniProtKB/Swiss-Prot,5.0,Active
C9J1C4,UniProtKB/TrEMBL,1.0,Active
D6RA83,UniProtKB/TrEMBL,5.0,Active
G3V1A1,UniProtKB/TrEMBL,2.0,Active
F5H5Q2,UniProtKB/TrEMBL,1.0,Active
B7Z1D9,UniProtKB/TrEMBL,2.0,Active
H3BSC1,UniProtKB/TrEMBL,3.0,Active
E5RJQ7,UniProtKB/TrEMBL,1.0,Active
H7C2S4,UniProtKB/TrEMBL,2.0,Active
Q6P4F2,UniProtKB/Swiss-Prot,5.0,Active
E2I6F7,UniProtKB/TrEMBL,1.0,Active
C3VMY8,UniProtKB/TrEMBL,3.0,Active
D6RHY9,UniProtKB/TrEMBL,2.0,Active
X6RFL8,UniProtKB/TrEMBL,3.0,Active
A0A0R5RI99,UniProtKB/TrEMBL,1.0,Active
K7EIN3,UniProtKB/TrEMBL,1.0,Active
A0A1W2PP72,UniProtKB/TrEMBL,1.0,Active
Q7KYY3,UniProtKB/TrEMBL,1.0,Active
B4DU38,UniProtKB/TrEMBL,1.0,Active
Q4W5E8,UniProtKB/TrEMBL,1.0,Active
Q9UHA2,UniProtKB/Swiss-Prot,2.0,Active
Q59EN2,UniProtKB/TrEMBL,1.0,Active
A0A7R6M6Q8,UniProtKB/TrEMBL,1.0,Active
H3BPB3,UniProtKB/TrEMBL,2.0,Active
C9IZC5,UniProtKB/TrEMBL,2.0,Active
C9K067,UniProtKB/TrEMBL,2.0,Active
B8ZWD1,UniProtKB/TrEMBL,2.0,Active
Q5JY02,UniProtKB/TrEMBL,1.0,Active
F8UV74,UniProtKB/TrEMBL,1.0,Active
C9JQG7,UniProtKB/TrEMBL,1.0,Active
D6RCT1,UniProtKB/TrEMBL,1.0,Active
F8VXS2,UniProtKB/TrEMBL,1.0,Active
I3L2A8,UniProtKB/TrEMBL,1.0,Active
Q96QS0,UniProtKB/TrEMBL,1.0,Active
F8WBM4,UniProtKB/TrEMBL,1.0,Active
A0A0X9QC09,UniProtKB/TrEMBL,1.0,Active
C9J6K1,UniProtKB/Swiss-Prot,1.0,Active
F5H520,UniProtKB/TrEMBL,1.0,Active
B1ANH6,UniProtKB/TrEMBL,1.0,Active
Q7KYX3,UniProtKB/TrEMBL,1.0,Active
B4DP91,UniProtKB/TrEMBL,1.0,Active
C9J078,UniProtKB/TrEMBL,1.0,Active
C9JRV9,UniProtKB/TrEMBL,1.0,Active
Q6FIE5,UniProtKB/TrEMBL,3.0,Active
G3V5D8,UniProtKB/TrEMBL,1.0,Active
A0A024R579,UniProtKB/TrEMBL,2.0,Active
G3V359,UniProtKB/TrEMBL,3.0,Active
E5RFZ7,UniProtKB/TrEMBL,2.0,Active
H3BN77,UniProtKB/TrEMBL,1.0,Active
K7EMG3,UniProtKB/TrEMBL,2.0,Active
C9JEP1,UniProtKB/TrEMBL,1.0,Active
A0A077QWU1,UniProtKB/TrEMBL,1.0,Active
B7Z891,UniProtKB/TrEMBL,1.0,Active
A0A7S5EWI0,UniProtKB/TrEMBL,1.0,Active
H0YJJ8,UniProtKB/TrEMBL,2.0,Active
B7Z3J4,UniProtKB/TrEMBL,2.0,Active
H7C100,UniProtKB/TrEMBL,2.0,Active
B4DFB5,UniProtKB/TrEMBL,1.0,Active
D3JZW5,UniProtKB/TrEMBL,1.0,Active
B2R4R0,UniProtKB/TrEMBL,2.0,Active
H0YM22,UniProtKB/TrEMBL,1.0,Active
A0A2R8Y658,UniProtKB/TrEMBL,2.0,Active
Q16380,UniProtKB/TrEMBL,1.0,Active
I3L1E4,UniProtKB/TrEMBL,1.0,Active
Q30KQ3,UniProtKB/TrEMBL,2.0,Active
B4DYB9,UniProtKB/TrEMBL,1.0,Active
A0A219KCD5,UniProtKB/TrEMBL,1.0,Active
M0QY65,UniProtKB/TrEMBL,2.0,Active
V9GY16,UniProtKB/TrEMBL,1.0,Active
A0A0B4J1W4,UniProtKB/TrEMBL,1.0,Active
B3GLJ2,UniProtKB/Swiss-Prot,2.0,Active
E5RGJ3,UniProtKB/TrEMBL,1.0,Active
A0A0U5L7G5,UniProtKB/TrEMBL,2.0,Active
P19875,UniProtKB/Swiss-Prot,5.0,Active
P34096,UniProtKB/Swiss-Prot,5.0,Active
Q53T53,UniProtKB/TrEMBL,1.0,Active
V9GYG8,UniProtKB/TrEMBL,1.0,Active
D6RAG9,UniProtKB/TrEMBL,1.0,Active
B4E1Q0,UniProtKB/TrEMBL,1.0,Active
A0A5C2GTS4,UniProtKB/TrEMBL,1.0,Active
Q15369,UniProtKB/Swiss-Prot,5.0,Active
H3BMR7,UniProtKB/TrEMBL,1.0,Active
D6RD43,UniProtKB/TrEMBL,1.0,Active
C9JZY3,UniProtKB/TrEMBL,1.0,Active
Q5SZF2,UniProtKB/TrEMBL,1.0,Active
P24666,UniProtKB/Swiss-Prot,5.0,Active
Q29995,UniProtKB/TrEMBL,1.0,Active
C9JNP9,UniProtKB/TrEMBL,1.0,Active
P13640,UniProtKB/Swiss-Prot,5.0,Active
E5RHG6,UniProtKB/TrEMBL,2.0,Active
H3BNY0,UniProtKB/TrEMBL,2.0,Active
F8VV11,UniProtKB/TrEMBL,1.0,Active
Q86VI9,UniProtKB/TrEMBL,1.0,Active
D6RE82,UniProtKB/TrEMBL,1.0,Active
M0QZN1,UniProtKB/TrEMBL,2.0,Active
A0A2R8YGP7,UniProtKB/TrEMBL,1.0,Active
A0A384MR19,UniProtKB/TrEMBL,2.0,Active
A0N2Q4,UniProtKB/TrEMBL,1.0,Active
Q59GN1,UniProtKB/TrEMBL,2.0,Active
C9J6N7,UniProtKB/TrEMBL,2.0,Active
A0A1W2PNU5,UniProtKB/TrEMBL,2.0,Active
Q99997,UniProtKB/TrEMBL,1.0,Active
A0A5C2GDT9,UniProtKB/TrEMBL,1.0,Active
A0A142CG40,UniProtKB/TrEMBL,1.0,Active
H3BP18,UniProtKB/TrEMBL,2.0,Active
S4R3R3,UniProtKB/TrEMBL,1.0,Active
O60400,UniProtKB/TrEMBL,1.0,Active
Q8WYE7,UniProtKB/TrEMBL,1.0,Active
Q5T181,UniProtKB/TrEMBL,1.0,Active
E5RG98,UniProtKB/TrEMBL,1.0,Active
Q4TT65,UniProtKB/TrEMBL,2.0,Active
B4DKS9,UniProtKB/TrEMBL,2.0,Active
A2VDI5,UniProtKB/TrEMBL,1.0,Active
F8W1Q9,UniProtKB/TrEMBL,2.0,Active
A0A1B0GWK0,UniProtKB/Swiss-Prot,2.0,Active
B5MCC0,UniProtKB/TrEMBL,1.0,Active
E5RFY2,UniProtKB/TrEMBL,1.0,Active
I3L2G1,UniProtKB/TrEMBL,2.0,Active
Q58I18,UniProtKB/TrEMBL,2.0,Active
B7ZAW0,UniProtKB/TrEMBL,1.0,Active
B2WTN6,UniProtKB/TrEMBL,2.0,Active
G3V472,UniProtKB/TrEMBL,1.0,Active
A0A096LPC0,UniProtKB/TrEMBL,1.0,Active
Q7Z7K0,UniProtKB/Swiss-Prot,3.0,Active
G3V5J1,UniProtKB/TrEMBL,1.0,Active
H0Y5J8,UniProtKB/TrEMBL,1.0,Active
C9J6W1,UniProtKB/TrEMBL,1.0,Active
Q5JWR1,UniProtKB/TrEMBL,1.0,Active
Q6RSH7,UniProtKB/Swiss-Prot,4.0,Active
Q6F4B6,UniProtKB/TrEMBL,1.0,Active
H0YJG9,UniProtKB/TrEMBL,2.0,Active
A0A0S2Z4R6,UniProtKB/TrEMBL,4.0,Active
E9PJH9,UniProtKB/TrEMBL,1.0,Active
A0A3B3ITZ0,UniProtKB/TrEMBL,2.0,Active
C9J1Z3,UniProtKB/TrEMBL,1.0,Active
O60234,UniProtKB/Swiss-Prot,4.0,Active
E9PK20,UniProtKB/TrEMBL,1.0,Active
Q1A3D9,UniProtKB/TrEMBL,1.0,Active
F8WEE0,UniProtKB/TrEMBL,1.0,Active
E5RHV9,UniProtKB/TrEMBL,1.0,Active
B4DR28,UniProtKB/TrEMBL,1.0,Active
A9YWT7,UniProtKB/TrEMBL,1.0,Active
I3L0L3,UniProtKB/TrEMBL,2.0,Active
B5MCZ3,UniProtKB/TrEMBL,3.0,Active
Q9BYX9,UniProtKB/TrEMBL,1.0,Active
R4GN61,UniProtKB/TrEMBL,2.0,Active
H0Y8Q1,UniProtKB/TrEMBL,1.0,Active
A0JD09,UniProtKB/TrEMBL,1.0,Active
R4GMY2,UniProtKB/TrEMBL,1.0,Active
A0A494C173,UniProtKB/TrEMBL,2.0,Active
F2Z3K6,UniProtKB/TrEMBL,1.0,Active
B3VRZ0,UniProtKB/TrEMBL,1.0,Active
A0A6Q8PF90,UniProtKB/TrEMBL,1.0,Active
O14881,UniProtKB/TrEMBL,1.0,Active
A0A2U9Q1W5,UniProtKB/TrEMBL,1.0,Active
A0A7R6RQ58,UniProtKB/TrEMBL,1.0,Active
P62314,UniProtKB/Swiss-Prot,5.0,Active
H0Y9E3,UniProtKB/TrEMBL,1.0,Active
F2Z2Z9,UniProtKB/TrEMBL,1.0,Active
D6RH07,UniProtKB/TrEMBL,1.0,Active
P42773,UniProtKB/Swiss-Prot,5.0,Active
Q9P0G0,UniProtKB/TrEMBL,1.0,Active
G3V5S6,UniProtKB/TrEMBL,1.0,Active
F4ZCG5,UniProtKB/TrEMBL,1.0,Active
H0Y7S8,UniProtKB/TrEMBL,1.0,Active
A0A3Q9NB19,UniProtKB/TrEMBL,1.0,Active
Q71UD5,UniProtKB/TrEMBL,1.0,Active
C9JCK8,UniProtKB/TrEMBL,1.0,Active
J3QRJ9,UniProtKB/TrEMBL,1.0,Active
A0A384NYV7,UniProtKB/TrEMBL,2.0,Active
E9PIZ6,UniProtKB/TrEMBL,1.0,Active
L8EC82,UniProtKB/TrEMBL,1.0,Active
H0YC68,UniProtKB/TrEMBL,2.0,Active
P36954,UniProtKB/Swiss-Prot,5.0,Active
Q9UK31,UniProtKB/TrEMBL,1.0,Active
Q3C1U5,UniProtKB/TrEMBL,1.0,Active
J3QQV6,UniProtKB/TrEMBL,3.0,Active
Q5T098,UniProtKB/TrEMBL,1.0,Active
A0A7S5EUP6,UniProtKB/TrEMBL,1.0,Active
R4GNI4,UniProtKB/TrEMBL,1.0,Active
Q6EWN2,UniProtKB/TrEMBL,1.0,Active
H0YDL6,UniProtKB/TrEMBL,2.0,Active
Q13582,UniProtKB/TrEMBL,1.0,Active
C0KWD2,UniProtKB/TrEMBL,1.0,Active
A0A6I8PRX3,UniProtKB/TrEMBL,1.0,Active
F8VU90,UniProtKB/TrEMBL,2.0,Active
A0A7I2YQP9,UniProtKB/TrEMBL,1.0,Active
D6RBZ3,UniProtKB/TrEMBL,2.0,Active
P32969,UniProtKB/Swiss-Prot,5.0,Active
A0A5C2GE23,UniProtKB/TrEMBL,1.0,Active
I3L0Y0,UniProtKB/TrEMBL,1.0,Active
O14857,UniProtKB/TrEMBL,1.0,Active
Q13039,UniProtKB/TrEMBL,1.0,Active
G3V3Z4,UniProtKB/TrEMBL,1.0,Active
A0A7P0T8T1,UniProtKB/TrEMBL,1.0,Active
A6PVI0,UniProtKB/TrEMBL,1.0,Active
B7Z1L1,UniProtKB/TrEMBL,1.0,Active
Q9UEG0,UniProtKB/TrEMBL,1.0,Active
C9JC68,UniProtKB/TrEMBL,1.0,Active
D6RHF3,UniProtKB/TrEMBL,1.0,Active
Q8IXD0,UniProtKB/TrEMBL,1.0,Active
E9PPB5,UniProtKB/TrEMBL,2.0,Active
B7Z5B4,UniProtKB/TrEMBL,1.0,Active
A0A669KBJ6,UniProtKB/TrEMBL,1.0,Active
Q7Z7Q6,UniProtKB/TrEMBL,2.0,Active
Q5T3J1,UniProtKB/TrEMBL,1.0,Active
Q0KH84,UniProtKB/TrEMBL,1.0,Active
A0A087WZZ2,UniProtKB/TrEMBL,1.0,Active
D6R9F7,UniProtKB/TrEMBL,1.0,Active
Q9Y3E2,UniProtKB/Swiss-Prot,4.0,Active
J3KS81,UniProtKB/TrEMBL,1.0,Active
Q499Z9,UniProtKB/TrEMBL,1.0,Active
Q6ZQW2,UniProtKB/TrEMBL,1.0,Active
F8WDK3,UniProtKB/TrEMBL,1.0,Active
B1AMG8,UniProtKB/TrEMBL,1.0,Active
H0YFM4,UniProtKB/TrEMBL,1.0,Active
D6RDK5,UniProtKB/TrEMBL,1.0,Active
G3XL49,UniProtKB/TrEMBL,3.0,Active
A0A3G9CLN8,UniProtKB/TrEMBL,1.0,Active
A0A804HIN9,UniProtKB/TrEMBL,1.0,Active
Q3YAA2,UniProtKB/TrEMBL,1.0,Active
B4DT09,UniProtKB/TrEMBL,1.0,Active
C9JZW3,UniProtKB/TrEMBL,2.0,Active
J3KN42,UniProtKB/TrEMBL,1.0,Active
A0A5C2GFJ4,UniProtKB/TrEMBL,1.0,Active
Q659H0,UniProtKB/TrEMBL,1.0,Active
M0R0X2,UniProtKB/TrEMBL,1.0,Active
A0A590UJ86,UniProtKB/TrEMBL,1.0,Active
A0A0S2Z3R7,UniProtKB/TrEMBL,1.0,Active
I3L495,UniProtKB/TrEMBL,1.0,Active
Q15446,UniProtKB/TrEMBL,1.0,Active
A0A8A2FPJ2,UniProtKB/TrEMBL,1.0,Active
Q8NDU9,UniProtKB/TrEMBL,1.0,Active
Q8WXA2,UniProtKB/Swiss-Prot,4.0,Active
D6RIU0,UniProtKB/TrEMBL,1.0,Active
H3BPR8,UniProtKB/TrEMBL,1.0,Active
E9PPI2,UniProtKB/TrEMBL,2.0,Active
A0A2U8J927,UniProtKB/TrEMBL,1.0,Active
H0Y3I3,UniProtKB/TrEMBL,1.0,Active
A0A4P8J5J5,UniProtKB/TrEMBL,1.0,Active
B1AP52,UniProtKB/TrEMBL,1.0,Active
K7EMG4,UniProtKB/TrEMBL,1.0,Active
Q9P155,UniProtKB/TrEMBL,1.0,Active
Q6AI16,UniProtKB/TrEMBL,1.0,Active
F2Z349,UniProtKB/TrEMBL,1.0,Active
H7C5V6,UniProtKB/TrEMBL,1.0,Active
Q6UXN2,UniProtKB/Swiss-Prot,4.0,Active
C9K0R0,UniProtKB/TrEMBL,1.0,Active
A0A7S5BZI8,UniProtKB/TrEMBL,1.0,Active
B4DJY1,UniProtKB/TrEMBL,1.0,Active
C9JB11,UniProtKB/TrEMBL,1.0,Active
A0A2H4GDC1,UniProtKB/TrEMBL,2.0,Active
Q542Y6,UniProtKB/TrEMBL,3.0,Active
Q8WWQ7,UniProtKB/TrEMBL,1.0,Active
K7ERR7,UniProtKB/TrEMBL,1.0,Active
Q9Y246,UniProtKB/TrEMBL,1.0,Active
Q9UBK9,UniProtKB/Swiss-Prot,5.0,Active
F8W0L0,UniProtKB/TrEMBL,1.0,Active
E9PQK1,UniProtKB/TrEMBL,1.0,Active
A0A804HJC9,UniProtKB/TrEMBL,2.0,Active
A0A5C2G9J6,UniProtKB/TrEMBL,1.0,Active
A0A0F6PYS3,UniProtKB/TrEMBL,1.0,Active
A0A1U9X7Z1,UniProtKB/TrEMBL,1.0,Active
Q969H6,UniProtKB/Swiss-Prot,5.0,Active
G3V461,UniProtKB/TrEMBL,3.0,Active
J3QS70,UniProtKB/TrEMBL,1.0,Active
Q8N3F0,UniProtKB/Swiss-Prot,5.0,Active
H3BPI3,UniProtKB/TrEMBL,1.0,Active
A0A2S1GUW1,UniProtKB/TrEMBL,1.0,Active
H3BLX3,UniProtKB/TrEMBL,1.0,Active
A0A1B0GUR3,UniProtKB/TrEMBL,1.0,Active
B5MCV4,UniProtKB/TrEMBL,1.0,Active
B1AHB2,UniProtKB/TrEMBL,2.0,Active
V9GZA3,UniProtKB/TrEMBL,1.0,Active
E3W990,UniProtKB/TrEMBL,1.0,Active
P60953,UniProtKB/Swiss-Prot,5.0,Active
M0R1F6,UniProtKB/TrEMBL,2.0,Active
E9PQZ9,UniProtKB/TrEMBL,1.0,Active
Q5RIB3,UniProtKB/TrEMBL,1.0,Active
K7EPK1,UniProtKB/TrEMBL,1.0,Active
B4DGD3,UniProtKB/TrEMBL,1.0,Active
F8VXQ9,UniProtKB/TrEMBL,1.0,Active
Q16343,UniProtKB/TrEMBL,1.0,Active
E9PBU1,UniProtKB/TrEMBL,1.0,Active
B9TX15,UniProtKB/TrEMBL,2.0,Active
Q4VC31,UniProtKB/Swiss-Prot,2.0,Active
Q9Y298,UniProtKB/TrEMBL,2.0,Active
F8VV35,UniProtKB/TrEMBL,2.0,Active
A0A494C038,UniProtKB/TrEMBL,1.0,Active
K7EIV8,UniProtKB/TrEMBL,2.0,Active
D6RJF2,UniProtKB/TrEMBL,2.0,Active
Q53S40,UniProtKB/TrEMBL,1.0,Active
A0A0C5PSA9,UniProtKB/TrEMBL,1.0,Active
A9UKF4,UniProtKB/TrEMBL,1.0,Active
Q5ZGI5,UniProtKB/TrEMBL,1.0,Active
P01036,UniProtKB/Swiss-Prot,5.0,Active
P62913,UniProtKB/Swiss-Prot,5.0,Active
A0A7I2V2Z9,UniProtKB/TrEMBL,1.0,Active
B4DJ89,UniProtKB/TrEMBL,1.0,Active
C9JMW3,UniProtKB/TrEMBL,1.0,Active
Q6LEI2,UniProtKB/TrEMBL,1.0,Active
B4DTJ1,UniProtKB/TrEMBL,1.0,Active
L8EB46,UniProtKB/TrEMBL,1.0,Active
Q1KMK2,UniProtKB/TrEMBL,1.0,Active
B4DPQ8,UniProtKB/TrEMBL,1.0,Active
P14854,UniProtKB/Swiss-Prot,5.0,Active
A0A7S5C2R4,UniProtKB/TrEMBL,1.0,Active
C9JGB6,UniProtKB/TrEMBL,2.0,Active
Q9BYD1,UniProtKB/Swiss-Prot,4.0,Active
C9J3P4,UniProtKB/TrEMBL,2.0,Active
A0A0B4J248,UniProtKB/Swiss-Prot,3.0,Active
H0YKP1,UniProtKB/TrEMBL,1.0,Active
Q96EH7,UniProtKB/TrEMBL,1.0,Active
C9JTW8,UniProtKB/TrEMBL,1.0,Active
A0A7R8C3A5,UniProtKB/TrEMBL,2.0,Active
H0YH37,UniProtKB/TrEMBL,1.0,Active
A0A1C9J6Q9,UniProtKB/TrEMBL,1.0,Active
Q5VZ03,UniProtKB/Swiss-Prot,3.0,Active
B0QY20,UniProtKB/TrEMBL,1.0,Active
C9JIX8,UniProtKB/TrEMBL,2.0,Active
A0A0C4DFX0,UniProtKB/TrEMBL,2.0,Active
H3BTR7,UniProtKB/TrEMBL,1.0,Active
Q8N7M0,UniProtKB/Swiss-Prot,3.0,Active
A0A5C2GPC6,UniProtKB/TrEMBL,1.0,Active
Q16609,UniProtKB/Swiss-Prot,3.0,Active
E7EW19,UniProtKB/TrEMBL,1.0,Active
H3BTH4,UniProtKB/TrEMBL,1.0,Active
B0QZ72,UniProtKB/TrEMBL,1.0,Active
E9PQG3,UniProtKB/TrEMBL,1.0,Active
F8WB75,UniProtKB/TrEMBL,1.0,Active
B4E3N8,UniProtKB/TrEMBL,1.0,Active
Q9UI30,UniProtKB/Swiss-Prot,5.0,Active
H0YJD3,UniProtKB/TrEMBL,1.0,Active
J3QRF5,UniProtKB/TrEMBL,1.0,Active
F8W061,UniProtKB/TrEMBL,2.0,Active
G3V1Y7,UniProtKB/TrEMBL,2.0,Active
Q5T1S7,UniProtKB/TrEMBL,2.0,Active
F8WCP4,UniProtKB/TrEMBL,1.0,Active
P11441,UniProtKB/Swiss-Prot,5.0,Active
H0Y3D4,UniProtKB/TrEMBL,1.0,Active
B4DUG4,UniProtKB/TrEMBL,1.0,Active
D6RDL7,UniProtKB/TrEMBL,1.0,Active
A0A0F7RQP6,UniProtKB/TrEMBL,2.0,Active
D6RGF8,UniProtKB/TrEMBL,2.0,Active
H7BYD2,UniProtKB/TrEMBL,1.0,Active
H3BUS8,UniProtKB/TrEMBL,1.0,Active
A0A5C2GZ93,UniProtKB/TrEMBL,1.0,Active
Q96HS5,UniProtKB/TrEMBL,1.0,Active
Q6PJE2,UniProtKB/Swiss-Prot,3.0,Active
B7Z3M6,UniProtKB/TrEMBL,3.0,Active
Q8N688,UniProtKB/Swiss-Prot,3.0,Active
Q9NPJ8,UniProtKB/Swiss-Prot,5.0,Active
F5H2X2,UniProtKB/TrEMBL,1.0,Active
A0A2P1M8Z1,UniProtKB/TrEMBL,1.0,Active
Q16031,UniProtKB/TrEMBL,1.0,Active
K7EKZ3,UniProtKB/TrEMBL,1.0,Active
A0A0A0MS00,UniProtKB/Swiss-Prot,3.0,Active
H0YC80,UniProtKB/TrEMBL,1.0,Active
F8WEY5,UniProtKB/TrEMBL,2.0,Active
E7ESX4,UniProtKB/TrEMBL,2.0,Active
A0A7S5EU20,UniProtKB/TrEMBL,1.0,Active
Q9H5T3,UniProtKB/TrEMBL,1.0,Active
Q9Y509,UniProtKB/TrEMBL,1.0,Active
Q9UQC1,UniProtKB/TrEMBL,1.0,Active
Q8WWN3,UniProtKB/TrEMBL,1.0,Active
B4DN71,UniProtKB/TrEMBL,1.0,Active
C9J6A1,UniProtKB/TrEMBL,1.0,Active
O14625,UniProtKB/Swiss-Prot,5.0,Active
Q5JS54,UniProtKB/Swiss-Prot,3.0,Active
B4DJ69,UniProtKB/TrEMBL,1.0,Active
E9PHS0,UniProtKB/TrEMBL,2.0,Active
B4DF86,UniProtKB/TrEMBL,2.0,Active
Q6S8G7,UniProtKB/TrEMBL,1.0,Active
A0A5C2GBW3,UniProtKB/TrEMBL,1.0,Active
E9PMI2,UniProtKB/TrEMBL,2.0,Active
B7Z268,UniProtKB/TrEMBL,2.0,Active
F8WC14,UniProtKB/TrEMBL,1.0,Active
G3V481,UniProtKB/TrEMBL,1.0,Active
K7EQX1,UniProtKB/TrEMBL,1.0,Active
A0A3B3IT97,UniProtKB/TrEMBL,1.0,Active
C9JZX6,UniProtKB/TrEMBL,2.0,Active
F8WBZ6,UniProtKB/TrEMBL,2.0,Active
G3V1R8,UniProtKB/TrEMBL,1.0,Active
P51571,UniProtKB/Swiss-Prot,5.0,Active
D6RJA5,UniProtKB/TrEMBL,1.0,Active
Q5QPQ0,UniProtKB/TrEMBL,3.0,Active
K7ERA1,UniProtKB/TrEMBL,2.0,Active
O60575,UniProtKB/Swiss-Prot,3.0,Active
Q86YS9,UniProtKB/TrEMBL,1.0,Active
J3KN90,UniProtKB/TrEMBL,1.0,Active
B1B1F5,UniProtKB/TrEMBL,2.0,Active
G9BCY9,UniProtKB/TrEMBL,1.0,Active
D6RHX5,UniProtKB/TrEMBL,1.0,Active
B3KXI7,UniProtKB/TrEMBL,1.0,Active
H0YI36,UniProtKB/TrEMBL,1.0,Active
Q9BXW4,UniProtKB/Swiss-Prot,5.0,Active
E1B4S5,UniProtKB/TrEMBL,1.0,Active
C9JBU3,UniProtKB/TrEMBL,1.0,Active
A0A7I2V489,UniProtKB/TrEMBL,1.0,Active
M0R256,UniProtKB/TrEMBL,1.0,Active
D6RFL2,UniProtKB/TrEMBL,1.0,Active
F5H518,UniProtKB/TrEMBL,3.0,Active
K7EMB8,UniProtKB/TrEMBL,1.0,Active
K7EKW4,UniProtKB/TrEMBL,1.0,Active
P02489,UniProtKB/Swiss-Prot,5.0,Active
G3V2N7,UniProtKB/TrEMBL,1.0,Active
K7EII6,UniProtKB/TrEMBL,1.0,Active
H3BN18,UniProtKB/TrEMBL,1.0,Active
F8WES4,UniProtKB/TrEMBL,1.0,Active
A4ZHZ9,UniProtKB/TrEMBL,2.0,Active
B7ZKQ7,UniProtKB/TrEMBL,1.0,Active
L8EAN0,UniProtKB/TrEMBL,1.0,Active
B4DIP9,UniProtKB/TrEMBL,1.0,Active
D6RAU9,UniProtKB/TrEMBL,1.0,Active
Q99497,UniProtKB/Swiss-Prot,5.0,Active
A0A494C1H0,UniProtKB/TrEMBL,1.0,Active
A0A5A4LHZ7,UniProtKB/TrEMBL,1.0,Active
E5RFJ9,UniProtKB/TrEMBL,2.0,Active
B1AHR3,UniProtKB/TrEMBL,2.0,Active
D6RAP4,UniProtKB/TrEMBL,1.0,Active
E5KSL6,UniProtKB/TrEMBL,1.0,Active
J3QSH6,UniProtKB/TrEMBL,1.0,Active
H0YNP3,UniProtKB/TrEMBL,1.0,Active
Q2PAD7,UniProtKB/TrEMBL,1.0,Active
E9PJ31,UniProtKB/TrEMBL,1.0,Active
A0A5C2G9Y2,UniProtKB/TrEMBL,1.0,Active
A0A0B4J1Z5,UniProtKB/TrEMBL,1.0,Active
A0A125S6H5,UniProtKB/TrEMBL,1.0,Active
E9PRB9,UniProtKB/TrEMBL,2.0,Active
D6RB17,UniProtKB/TrEMBL,2.0,Active
Q4ZG54,UniProtKB/TrEMBL,1.0,Active
H0Y8U0,UniProtKB/TrEMBL,1.0,Active
Q8NA04,UniProtKB/TrEMBL,1.0,Active
H0YKM1,UniProtKB/TrEMBL,1.0,Active
Q75MU4,UniProtKB/TrEMBL,1.0,Active
Q9NWW9,UniProtKB/Swiss-Prot,5.0,Active
F2Z3A1,UniProtKB/TrEMBL,1.0,Active
Q8WYM7,UniProtKB/TrEMBL,1.0,Active
P43308,UniProtKB/Swiss-Prot,5.0,Active
H3BTB0,UniProtKB/TrEMBL,1.0,Active
K7EPY6,UniProtKB/TrEMBL,1.0,Active
E9PJE2,UniProtKB/TrEMBL,1.0,Active
A0A1B1HY19,UniProtKB/TrEMBL,1.0,Active
A0A0S2Z3F1,UniProtKB/TrEMBL,1.0,Active
A0A5C2GEI5,UniProtKB/TrEMBL,1.0,Active
H0YIA2,UniProtKB/TrEMBL,1.0,Active
B3KTQ9,UniProtKB/TrEMBL,2.0,Active
A6XGL1,UniProtKB/TrEMBL,2.0,Active
O95445,UniProtKB/Swiss-Prot,5.0,Active
Q9UGP3,UniProtKB/TrEMBL,1.0,Active
A0A5C2GW60,UniProtKB/TrEMBL,1.0,Active
B6HY75,UniProtKB/TrEMBL,1.0,Active
D6RGK7,UniProtKB/TrEMBL,2.0,Active
O95190,UniProtKB/Swiss-Prot,5.0,Active
F8VZC4,UniProtKB/TrEMBL,1.0,Active
D6RJB9,UniProtKB/TrEMBL,1.0,Active
Q86WC6,UniProtKB/Swiss-Prot,4.0,Active
Q86UL6,UniProtKB/TrEMBL,1.0,Active
Q5SZ64,UniProtKB/TrEMBL,2.0,Active
J3QT58,UniProtKB/TrEMBL,2.0,Active
A0A5C2GBE6,UniProtKB/TrEMBL,1.0,Active
O00245,UniProtKB/TrEMBL,1.0,Active
D6RE65,UniProtKB/TrEMBL,1.0,Active
Q8TD58,UniProtKB/TrEMBL,1.0,Active
B4DIE3,UniProtKB/TrEMBL,2.0,Active
A4UCU0,UniProtKB/TrEMBL,1.0,Active
M0QZH6,UniProtKB/TrEMBL,1.0,Active
E5RI53,UniProtKB/TrEMBL,1.0,Active
A0A5C2FUY8,UniProtKB/TrEMBL,1.0,Active
F5GWM5,UniProtKB/TrEMBL,1.0,Active
P78495,UniProtKB/TrEMBL,1.0,Active
K7EPT9,UniProtKB/TrEMBL,1.0,Active
C9J326,UniProtKB/TrEMBL,1.0,Active
Q9UMI3,UniProtKB/TrEMBL,1.0,Active
Q2HZZ1,UniProtKB/TrEMBL,1.0,Active
C9JJV8,UniProtKB/TrEMBL,2.0,Active
C9J5A4,UniProtKB/TrEMBL,1.0,Active
Q7Z458,UniProtKB/TrEMBL,1.0,Active
Q05CV4,UniProtKB/TrEMBL,1.0,Active
C9J536,UniProtKB/TrEMBL,1.0,Active
A0A6Q8PGB8,UniProtKB/TrEMBL,1.0,Active
A0A858XAB0,UniProtKB/TrEMBL,1.0,Active
O43653,UniProtKB/Swiss-Prot,5.0,Active
P55774,UniProtKB/Swiss-Prot,5.0,Active
F6VY12,UniProtKB/TrEMBL,1.0,Active
B3KSW6,UniProtKB/TrEMBL,2.0,Active
E9PLT5,UniProtKB/TrEMBL,1.0,Active
Q9HB73,UniProtKB/TrEMBL,1.0,Active
Q5W9V2,UniProtKB/TrEMBL,1.0,Active
A0A2R8YEX4,UniProtKB/TrEMBL,1.0,Active
F5GYK3,UniProtKB/TrEMBL,1.0,Active
I3L0R0,UniProtKB/TrEMBL,1.0,Active
H3BPQ6,UniProtKB/TrEMBL,1.0,Active
H3BPN7,UniProtKB/TrEMBL,1.0,Active
H3BMS3,UniProtKB/TrEMBL,1.0,Active
H3BU09,UniProtKB/TrEMBL,1.0,Active
A0A0S2Z6F4,UniProtKB/TrEMBL,1.0,Active
Q5Q9Z3,UniProtKB/TrEMBL,1.0,Active
Q9UHH3,UniProtKB/TrEMBL,1.0,Active
H0YGY7,UniProtKB/TrEMBL,1.0,Active
Q9Y355,UniProtKB/TrEMBL,1.0,Active
D9IUY7,UniProtKB/TrEMBL,1.0,Active
E5RJ14,UniProtKB/TrEMBL,1.0,Active
M0R2J6,UniProtKB/TrEMBL,1.0,Active
Q9Y333,UniProtKB/Swiss-Prot,5.0,Active
E9PLP4,UniProtKB/TrEMBL,1.0,Active
A0A1W2PNS5,UniProtKB/TrEMBL,1.0,Active
J3KT09,UniProtKB/TrEMBL,2.0,Active
Q9H3T1,UniProtKB/TrEMBL,1.0,Active
K7ESA3,UniProtKB/TrEMBL,1.0,Active
H0YCM9,UniProtKB/TrEMBL,1.0,Active
J3QR03,UniProtKB/TrEMBL,1.0,Active
Q75MW5,UniProtKB/TrEMBL,1.0,Active
D6R9X8,UniProtKB/TrEMBL,1.0,Active
K7EMU3,UniProtKB/TrEMBL,1.0,Active
Q38IJ5,UniProtKB/TrEMBL,1.0,Active
Q7Z3R6,UniProtKB/TrEMBL,1.0,Active
A0A2R8YFS3,UniProtKB/TrEMBL,1.0,Active
E9PM49,UniProtKB/TrEMBL,2.0,Active
Q9NPA8,UniProtKB/Swiss-Prot,5.0,Active
L8ECH9,UniProtKB/TrEMBL,1.0,Active
L8E7F7,UniProtKB/TrEMBL,1.0,Active
A0A7P0T891,UniProtKB/TrEMBL,1.0,Active
F8W7F7,UniProtKB/TrEMBL,2.0,Active
A0A5C2GP67,UniProtKB/TrEMBL,1.0,Active
Q08AG7,UniProtKB/Swiss-Prot,5.0,Active
M0QZR0,UniProtKB/TrEMBL,1.0,Active
D6RB32,UniProtKB/TrEMBL,2.0,Active
A0A0D9SF20,UniProtKB/TrEMBL,1.0,Active
B3KUY6,UniProtKB/TrEMBL,1.0,Active
J3QSA6,UniProtKB/TrEMBL,2.0,Active
B4DKJ4,UniProtKB/TrEMBL,1.0,Active
A0A4P8J4B8,UniProtKB/TrEMBL,1.0,Active
O75402,UniProtKB/TrEMBL,1.0,Active
C6GLU2,UniProtKB/TrEMBL,1.0,Active
Q75N12,UniProtKB/TrEMBL,1.0,Active
A6NCE7,UniProtKB/Swiss-Prot,4.0,Active
E9PKM3,UniProtKB/TrEMBL,1.0,Active
A0A7S5BZP6,UniProtKB/TrEMBL,1.0,Active
B4DTA5,UniProtKB/TrEMBL,1.0,Active
Q07108,UniProtKB/Swiss-Prot,5.0,Active
F8VVY8,UniProtKB/TrEMBL,1.0,Active
O43394,UniProtKB/TrEMBL,1.0,Active
B7Z4P0,UniProtKB/TrEMBL,1.0,Active
H0YMV7,UniProtKB/TrEMBL,1.0,Active
B4DL87,UniProtKB/TrEMBL,2.0,Active
K7ES22,UniProtKB/TrEMBL,1.0,Active
B5MCS1,UniProtKB/TrEMBL,4.0,Active
Q9Y3D2,UniProtKB/Swiss-Prot,5.0,Active
C9JQ60,UniProtKB/TrEMBL,1.0,Active
A0A5C2GJ13,UniProtKB/TrEMBL,1.0,Active
L8E8S4,UniProtKB/TrEMBL,1.0,Active
A0A2U8J977,UniProtKB/TrEMBL,1.0,Active
A0A3G1VCY4,UniProtKB/TrEMBL,1.0,Active
A0A494C0Y2,UniProtKB/TrEMBL,1.0,Active
A0A2R4P858,UniProtKB/TrEMBL,1.0,Active
Q5ST52,UniProtKB/TrEMBL,2.0,Active
B4DXV6,UniProtKB/TrEMBL,1.0,Active
O75340,UniProtKB/Swiss-Prot,5.0,Active
B6VNT3,UniProtKB/TrEMBL,1.0,Active
P62318,UniProtKB/Swiss-Prot,5.0,Active
B4DJC3,UniProtKB/TrEMBL,2.0,Active
B4DV89,UniProtKB/TrEMBL,1.0,Active
M0QY80,UniProtKB/TrEMBL,1.0,Active
C9J1Y9,UniProtKB/TrEMBL,1.0,Active
Q71UK5,UniProtKB/TrEMBL,1.0,Active
G3V505,UniProtKB/TrEMBL,1.0,Active
P05109,UniProtKB/Swiss-Prot,5.0,Active
A0A024R8G3,UniProtKB/TrEMBL,3.0,Active
K7ESF8,UniProtKB/TrEMBL,1.0,Active
B7Z316,UniProtKB/TrEMBL,1.0,Active
A6PVK2,UniProtKB/TrEMBL,1.0,Active
E9PL57,UniProtKB/TrEMBL,2.0,Active
E5RIS7,UniProtKB/TrEMBL,1.0,Active
D6RD56,UniProtKB/TrEMBL,1.0,Active
D6RHJ5,UniProtKB/TrEMBL,2.0,Active
K7EIE3,UniProtKB/TrEMBL,1.0,Active
P53816,UniProtKB/Swiss-Prot,5.0,Active
H3BRQ8,UniProtKB/TrEMBL,1.0,Active
L8E922,UniProtKB/TrEMBL,1.0,Active
E5RK11,UniProtKB/TrEMBL,1.0,Active
A4ZPI5,UniProtKB/TrEMBL,1.0,Active
H7C1L7,UniProtKB/TrEMBL,2.0,Active
A0A192GQM1,UniProtKB/TrEMBL,1.0,Active
V9H0T1,UniProtKB/TrEMBL,1.0,Active
Q5T284,UniProtKB/TrEMBL,2.0,Active
Q5T1S4,UniProtKB/TrEMBL,1.0,Active
G3V3Y2,UniProtKB/TrEMBL,1.0,Active
E9PG15,UniProtKB/TrEMBL,1.0,Active
Q59EQ8,UniProtKB/TrEMBL,2.0,Active
C9JE81,UniProtKB/TrEMBL,2.0,Active
B2R7U5,UniProtKB/TrEMBL,2.0,Active
P61009,UniProtKB/Swiss-Prot,5.0,Active
A0A2R8Y6L7,UniProtKB/TrEMBL,1.0,Active
K7EMY7,UniProtKB/TrEMBL,1.0,Active
M0R006,UniProtKB/TrEMBL,2.0,Active
B0R0U3,UniProtKB/TrEMBL,1.0,Active
R4GN69,UniProtKB/TrEMBL,1.0,Active
Q53QT6,UniProtKB/TrEMBL,2.0,Active
Q5HYM8,UniProtKB/TrEMBL,2.0,Active
Q6RVA0,UniProtKB/TrEMBL,1.0,Active
A0A2U8J918,UniProtKB/TrEMBL,1.0,Active
A0A494C040,UniProtKB/TrEMBL,1.0,Active
Q96GE6,UniProtKB/Swiss-Prot,5.0,Active
A0A6E1WMD9,UniProtKB/TrEMBL,1.0,Active
V9H1J2,UniProtKB/TrEMBL,1.0,Active
H0Y8Q2,UniProtKB/TrEMBL,1.0,Active
E9PRA7,UniProtKB/TrEMBL,1.0,Active
J3QKL2,UniProtKB/TrEMBL,1.0,Active
F5H067,UniProtKB/TrEMBL,1.0,Active
A0A5C2GAZ2,UniProtKB/TrEMBL,1.0,Active
B4DQB2,UniProtKB/TrEMBL,1.0,Active
M0QYK9,UniProtKB/TrEMBL,2.0,Active
A0A0G2JPB1,UniProtKB/TrEMBL,1.0,Active
Q75MI8,UniProtKB/TrEMBL,1.0,Active
E5RFW0,UniProtKB/TrEMBL,1.0,Active
Q4FEB5,UniProtKB/TrEMBL,1.0,Active
E9PIS7,UniProtKB/TrEMBL,1.0,Active
A0A0A0MS06,UniProtKB/Swiss-Prot,3.0,Active
G3V5B3,UniProtKB/TrEMBL,2.0,Active
K7EPY2,UniProtKB/TrEMBL,1.0,Active
V9GYD6,UniProtKB/TrEMBL,1.0,Active
A0A7I2V3U2,UniProtKB/TrEMBL,2.0,Active
K7EJ03,UniProtKB/TrEMBL,1.0,Active
Q5JSD8,UniProtKB/TrEMBL,1.0,Active
Q86WH3,UniProtKB/TrEMBL,2.0,Active
H7BZJ3,UniProtKB/TrEMBL,2.0,Active
Q68VJ5,UniProtKB/TrEMBL,1.0,Active
Q9BV90,UniProtKB/Swiss-Prot,5.0,Active
B5MCG6,UniProtKB/TrEMBL,1.0,Active
A0A096LP50,UniProtKB/TrEMBL,1.0,Active
B4DW69,UniProtKB/TrEMBL,3.0,Active
Q9H051,UniProtKB/TrEMBL,2.0,Active
B4E2A8,UniProtKB/TrEMBL,1.0,Active
A0A7R8GV38,UniProtKB/TrEMBL,3.0,Active
K7EIE0,UniProtKB/TrEMBL,1.0,Active
I3L245,UniProtKB/TrEMBL,1.0,Active
F8WAV7,UniProtKB/TrEMBL,1.0,Active
Q9BX93,UniProtKB/Swiss-Prot,4.0,Active
J3QLJ7,UniProtKB/TrEMBL,1.0,Active
Q9HC72,UniProtKB/TrEMBL,1.0,Active
O14860,UniProtKB/TrEMBL,1.0,Active
A0A2P1GJD0,UniProtKB/TrEMBL,1.0,Active
Q9NSJ5,UniProtKB/TrEMBL,2.0,Active
H0YNC1,UniProtKB/TrEMBL,1.0,Active
A0A1W2PR54,UniProtKB/TrEMBL,1.0,Active
Q6GMV3,UniProtKB/Swiss-Prot,4.0,Active
D6RC45,UniProtKB/TrEMBL,2.0,Active
Q75MX0,UniProtKB/TrEMBL,1.0,Active
Q5T6J7,UniProtKB/Swiss-Prot,3.0,Active
B8ZZZ4,UniProtKB/TrEMBL,2.0,Active
E9PLF4,UniProtKB/TrEMBL,1.0,Active
A0A384NQ10,UniProtKB/TrEMBL,3.0,Active
C9JI87,UniProtKB/TrEMBL,4.0,Active
Q96T52,UniProtKB/Swiss-Prot,5.0,Active
A0A6Q8PHF7,UniProtKB/TrEMBL,2.0,Active
A0A7S5BZY3,UniProtKB/TrEMBL,1.0,Active
K7ERW8,UniProtKB/TrEMBL,1.0,Active
A0A804HLB4,UniProtKB/TrEMBL,1.0,Active
A0A1B1HY20,UniProtKB/TrEMBL,1.0,Active
Q4U0V1,UniProtKB/TrEMBL,1.0,Active
Q7Z6A5,UniProtKB/TrEMBL,1.0,Active
A0A2R8Y6E4,UniProtKB/TrEMBL,2.0,Active
Q9NY41,UniProtKB/TrEMBL,1.0,Active
A0A087WVZ9,UniProtKB/TrEMBL,2.0,Active
Q8IXC6,UniProtKB/TrEMBL,1.0,Active
A0A0A7KW96,UniProtKB/TrEMBL,1.0,Active
O14950,UniProtKB/Swiss-Prot,5.0,Active
A0A7S5C003,UniProtKB/TrEMBL,1.0,Active
A0A804HKR8,UniProtKB/TrEMBL,1.0,Active
A0A0B4U8R5,UniProtKB/TrEMBL,1.0,Active
Q96N41,UniProtKB/TrEMBL,1.0,Active
P82912,UniProtKB/Swiss-Prot,4.0,Active
E9PR20,UniProtKB/TrEMBL,1.0,Active
Q659D4,UniProtKB/TrEMBL,1.0,Active
Q6U2E7,UniProtKB/TrEMBL,1.0,Active
P23435,UniProtKB/Swiss-Prot,5.0,Active
J3QRS7,UniProtKB/TrEMBL,2.0,Active
G3V5G6,UniProtKB/TrEMBL,1.0,Active
Q5W0S4,UniProtKB/TrEMBL,1.0,Active
Q71UD4,UniProtKB/TrEMBL,2.0,Active
E0CX11,UniProtKB/Swiss-Prot,5.0,Active
A0A0F7G9F8,UniProtKB/TrEMBL,1.0,Active
E9PR64,UniProtKB/TrEMBL,1.0,Active
A0A5C2GVE4,UniProtKB/TrEMBL,1.0,Active
S5FLF7,UniProtKB/TrEMBL,2.0,Active
S4R320,UniProtKB/TrEMBL,3.0,Active
K7EQC1,UniProtKB/TrEMBL,1.0,Active
E9PMJ1,UniProtKB/TrEMBL,3.0,Active
C9J7L8,UniProtKB/TrEMBL,1.0,Active
A0A172ZPS7,UniProtKB/TrEMBL,1.0,Active
Q5W0J6,UniProtKB/TrEMBL,1.0,Active
D6RD21,UniProtKB/TrEMBL,1.0,Active
I3L2L1,UniProtKB/TrEMBL,1.0,Active
E9PIZ5,UniProtKB/TrEMBL,1.0,Active
Q16661,UniProtKB/Swiss-Prot,5.0,Active
C9JFP1,UniProtKB/TrEMBL,1.0,Active
A0A7S5EXR1,UniProtKB/TrEMBL,1.0,Active
A4D1X2,UniProtKB/TrEMBL,1.0,Active
Q7Z780,UniProtKB/TrEMBL,2.0,Active
A0A5C2G6F4,UniProtKB/TrEMBL,1.0,Active
A1L147,UniProtKB/TrEMBL,1.0,Active
C9JGG1,UniProtKB/TrEMBL,1.0,Active
Q69YS2,UniProtKB/TrEMBL,1.0,Active
C9J539,UniProtKB/TrEMBL,1.0,Active
Q9H299,UniProtKB/Swiss-Prot,5.0,Active
H0YK01,UniProtKB/TrEMBL,2.0,Active
A0A0A1ED81,UniProtKB/TrEMBL,3.0,Active
H6WA51,UniProtKB/TrEMBL,1.0,Active
C9JQS2,UniProtKB/TrEMBL,1.0,Active
Q8WZ12,UniProtKB/TrEMBL,2.0,Active
I0CMK6,UniProtKB/TrEMBL,1.0,Active
G3V366,UniProtKB/TrEMBL,2.0,Active
G3V5A2,UniProtKB/TrEMBL,1.0,Active
J3QQV0,UniProtKB/TrEMBL,1.0,Active
A0A075B6L2,UniProtKB/Swiss-Prot,3.0,Active
K7ER69,UniProtKB/TrEMBL,2.0,Active
F8WF62,UniProtKB/TrEMBL,1.0,Active
B4DE13,UniProtKB/TrEMBL,1.0,Active
B4DRD5,UniProtKB/TrEMBL,1.0,Active
A0FIK8,UniProtKB/TrEMBL,1.0,Active
H0YKW1,UniProtKB/TrEMBL,1.0,Active
A0A140VJU1,UniProtKB/TrEMBL,2.0,Active
A0A5F9ZH40,UniProtKB/TrEMBL,2.0,Active
Q6P664,UniProtKB/TrEMBL,2.0,Active
A0A7I2V5S3,UniProtKB/TrEMBL,1.0,Active
I3L2W5,UniProtKB/TrEMBL,4.0,Active
B5U2G4,UniProtKB/TrEMBL,1.0,Active
B3KNX4,UniProtKB/TrEMBL,2.0,Active
E3VWA5,UniProtKB/TrEMBL,1.0,Active
A0A5C2GA86,UniProtKB/TrEMBL,1.0,Active
Q6ULR7,UniProtKB/TrEMBL,1.0,Active
P00568,UniProtKB/Swiss-Prot,5.0,Active
Q9HD51,UniProtKB/TrEMBL,2.0,Active
J3KTP2,UniProtKB/TrEMBL,1.0,Active
Q71UA3,UniProtKB/TrEMBL,1.0,Active
Q5SVM6,UniProtKB/TrEMBL,1.0,Active
B4DVG6,UniProtKB/TrEMBL,1.0,Active
D6RC24,UniProtKB/TrEMBL,1.0,Active
Q00604,UniProtKB/Swiss-Prot,5.0,Active
F6UT28,UniProtKB/TrEMBL,1.0,Active
S4R338,UniProtKB/TrEMBL,3.0,Active
A0A5C2GE33,UniProtKB/TrEMBL,1.0,Active
C9J611,UniProtKB/TrEMBL,1.0,Active
F8WEW6,UniProtKB/TrEMBL,1.0,Active
A8MXK1,UniProtKB/Swiss-Prot,4.0,Active
B3KVW2,UniProtKB/TrEMBL,1.0,Active
G3V3W9,UniProtKB/TrEMBL,1.0,Active
Q5T851,UniProtKB/TrEMBL,1.0,Active
Q05DL5,UniProtKB/TrEMBL,1.0,Active
F8WE31,UniProtKB/TrEMBL,1.0,Active
I3L486,UniProtKB/TrEMBL,1.0,Active
B4DGV2,UniProtKB/TrEMBL,1.0,Active
B4DRS0,UniProtKB/TrEMBL,1.0,Active
U3KPT4,UniProtKB/TrEMBL,1.0,Active
Q2MKP0,UniProtKB/TrEMBL,2.0,Active
P62310,UniProtKB/Swiss-Prot,5.0,Active
B2R8C8,UniProtKB/TrEMBL,2.0,Active
D9IPD9,UniProtKB/TrEMBL,1.0,Active
Q96RK6,UniProtKB/TrEMBL,2.0,Active
K7ENL7,UniProtKB/TrEMBL,1.0,Active
F8WCH1,UniProtKB/TrEMBL,1.0,Active
Q8WUR7,UniProtKB/Swiss-Prot,3.0,Active
A0A0C4KX50,UniProtKB/TrEMBL,1.0,Active
M0QYU8,UniProtKB/TrEMBL,1.0,Active
L8E7X2,UniProtKB/TrEMBL,1.0,Active
Q96DA0,UniProtKB/Swiss-Prot,5.0,Active
A8MX62,UniProtKB/TrEMBL,1.0,Active
A0A0S2Z3W7,UniProtKB/TrEMBL,3.0,Active
Q5VZU2,UniProtKB/TrEMBL,1.0,Active
C9J323,UniProtKB/TrEMBL,1.0,Active
I3L3I8,UniProtKB/TrEMBL,1.0,Active
E9PKF2,UniProtKB/TrEMBL,1.0,Active
Q15669,UniProtKB/Swiss-Prot,5.0,Active
H0YBI2,UniProtKB/TrEMBL,1.0,Active
P10109,UniProtKB/Swiss-Prot,5.0,Active
C9JQF1,UniProtKB/TrEMBL,1.0,Active
F6T542,UniProtKB/TrEMBL,1.0,Active
H0Y7X4,UniProtKB/TrEMBL,1.0,Active
B4DKJ7,UniProtKB/TrEMBL,2.0,Active
H0YL92,UniProtKB/TrEMBL,1.0,Active
H0Y8E3,UniProtKB/TrEMBL,1.0,Active
J3KTR4,UniProtKB/TrEMBL,2.0,Active
B3KSS5,UniProtKB/TrEMBL,1.0,Active
Q8TDP1,UniProtKB/Swiss-Prot,5.0,Active
A0A087WUV8,UniProtKB/TrEMBL,2.0,Active
C9JM46,UniProtKB/TrEMBL,2.0,Active
H0YMP1,UniProtKB/TrEMBL,3.0,Active
K7EQS1,UniProtKB/TrEMBL,2.0,Active
Q9UBY9,UniProtKB/Swiss-Prot,5.0,Active
Q13915,UniProtKB/TrEMBL,1.0,Active
A0A087WZC1,UniProtKB/TrEMBL,2.0,Active
E5RHD8,UniProtKB/TrEMBL,1.0,Active
F8WF78,UniProtKB/TrEMBL,1.0,Active
V9GYE4,UniProtKB/TrEMBL,1.0,Active
F8VVI6,UniProtKB/TrEMBL,2.0,Active
A0A3B3IRK1,UniProtKB/TrEMBL,1.0,Active
C9J659,UniProtKB/TrEMBL,1.0,Active
A0A515MFP5,UniProtKB/TrEMBL,1.0,Active
Q05BT9,UniProtKB/TrEMBL,1.0,Active
F8WDY6,UniProtKB/TrEMBL,1.0,Active
H0Y9G8,UniProtKB/TrEMBL,1.0,Active
Q8TAF1,UniProtKB/TrEMBL,1.0,Active
A0A096LPD7,UniProtKB/TrEMBL,1.0,Active
A0A5C2GNH7,UniProtKB/TrEMBL,1.0,Active
A0A0S2Z4M0,UniProtKB/TrEMBL,1.0,Active
A8K8X9,UniProtKB/TrEMBL,1.0,Active
C9JII1,UniProtKB/TrEMBL,2.0,Active
F8WC67,UniProtKB/TrEMBL,1.0,Active
Q5SXX4,UniProtKB/TrEMBL,2.0,Active
C9JCV8,UniProtKB/TrEMBL,1.0,Active
C9JV48,UniProtKB/TrEMBL,1.0,Active
B3KUW6,UniProtKB/TrEMBL,1.0,Active
O75591,UniProtKB/TrEMBL,1.0,Active
C9JXS3,UniProtKB/TrEMBL,1.0,Active
H0YNF5,UniProtKB/TrEMBL,2.0,Active
Q69YT6,UniProtKB/TrEMBL,2.0,Active
A0A7P0TA18,UniProtKB/TrEMBL,2.0,Active
H0YA41,UniProtKB/TrEMBL,1.0,Active
A0A1D8GZE0,UniProtKB/TrEMBL,1.0,Active
Q96RP4,UniProtKB/TrEMBL,1.0,Active
B1AXG2,UniProtKB/TrEMBL,1.0,Active
K7EKY5,UniProtKB/TrEMBL,2.0,Active
I3L192,UniProtKB/TrEMBL,1.0,Active
A0A3B3IS09,UniProtKB/TrEMBL,1.0,Active
A0A6I8PL68,UniProtKB/TrEMBL,1.0,Active
B4DPH9,UniProtKB/TrEMBL,3.0,Active
Q2TAP0,UniProtKB/Swiss-Prot,4.0,Active
A0A5C2GBL0,UniProtKB/TrEMBL,1.0,Active
E9PHZ2,UniProtKB/TrEMBL,1.0,Active
A0A5C2GEX5,UniProtKB/TrEMBL,1.0,Active
E9PJA1,UniProtKB/TrEMBL,1.0,Active
A0A5C2GM49,UniProtKB/TrEMBL,1.0,Active
A0A140T9Z5,UniProtKB/TrEMBL,1.0,Active
C9JTD2,UniProtKB/TrEMBL,1.0,Active
G3V281,UniProtKB/TrEMBL,1.0,Active
E9PI05,UniProtKB/TrEMBL,2.0,Active
E5RIN3,UniProtKB/TrEMBL,1.0,Active
Q96PF6,UniProtKB/TrEMBL,1.0,Active
H7C0D4,UniProtKB/TrEMBL,1.0,Active
M9Z0T2,UniProtKB/TrEMBL,1.0,Active
H0YLA0,UniProtKB/TrEMBL,1.0,Active
A0A096LP52,UniProtKB/TrEMBL,1.0,Active
P16619,UniProtKB/Swiss-Prot,5.0,Active
A0A7S5C090,UniProtKB/TrEMBL,1.0,Active
Q53ST0,UniProtKB/TrEMBL,1.0,Active
Q8J000,UniProtKB/TrEMBL,1.0,Active
A0A5C2GQU9,UniProtKB/TrEMBL,1.0,Active
Q15126,UniProtKB/Swiss-Prot,5.0,Active
B4DPB4,UniProtKB/TrEMBL,1.0,Active
F5H8G1,UniProtKB/TrEMBL,2.0,Active
A0A0S2Z3X0,UniProtKB/TrEMBL,1.0,Active
Q8N1E2,UniProtKB/Swiss-Prot,3.0,Active
B1AL33,UniProtKB/TrEMBL,1.0,Active
A0A5F9ZHD1,UniProtKB/TrEMBL,1.0,Active
A0A5C2G9G5,UniProtKB/TrEMBL,1.0,Active
A0A7S5C127,UniProtKB/TrEMBL,1.0,Active
E9PMW5,UniProtKB/TrEMBL,1.0,Active
E9PK85,UniProtKB/TrEMBL,1.0,Active
G3V4Y3,UniProtKB/TrEMBL,1.0,Active
A0A590UK66,UniProtKB/TrEMBL,1.0,Active
F8VVY7,UniProtKB/TrEMBL,1.0,Active
E9PMY2,UniProtKB/TrEMBL,1.0,Active
Q9UKI3,UniProtKB/Swiss-Prot,3.0,Active
F8WBP2,UniProtKB/TrEMBL,1.0,Active
F5H765,UniProtKB/TrEMBL,1.0,Active
C9JF75,UniProtKB/TrEMBL,1.0,Active
B7Z2T1,UniProtKB/TrEMBL,2.0,Active
E5RHZ6,UniProtKB/TrEMBL,3.0,Active
F8WAS1,UniProtKB/TrEMBL,1.0,Active
O76033,UniProtKB/TrEMBL,1.0,Active
E9PNS6,UniProtKB/TrEMBL,1.0,Active
A0A1P8NQC4,UniProtKB/TrEMBL,1.0,Active
D6Q0F1,UniProtKB/TrEMBL,1.0,Active
B3KUY2,UniProtKB/TrEMBL,2.0,Active
A0A0S2Z521,UniProtKB/TrEMBL,1.0,Active
F5H866,UniProtKB/TrEMBL,1.0,Active
Q92583,UniProtKB/Swiss-Prot,5.0,Active
A2IPH3,UniProtKB/TrEMBL,1.0,Active
B0ZRR0,UniProtKB/TrEMBL,1.0,Active
C9JVQ5,UniProtKB/TrEMBL,1.0,Active
J3KSE5,UniProtKB/TrEMBL,1.0,Active
B4DFN1,UniProtKB/TrEMBL,1.0,Active
C9JPW3,UniProtKB/TrEMBL,2.0,Active
H0YMJ4,UniProtKB/TrEMBL,2.0,Active
B4DFL3,UniProtKB/TrEMBL,1.0,Active
F6WMF4,UniProtKB/TrEMBL,1.0,Active
H7C4Y3,UniProtKB/TrEMBL,1.0,Active
C9JC21,UniProtKB/TrEMBL,1.0,Active
O14861,UniProtKB/TrEMBL,1.0,Active
A0A7S5EW82,UniProtKB/TrEMBL,1.0,Active
C9JI11,UniProtKB/TrEMBL,1.0,Active
Q6RFS2,UniProtKB/TrEMBL,1.0,Active
C9J6C5,UniProtKB/TrEMBL,1.0,Active
Q71BB6,UniProtKB/TrEMBL,1.0,Active
L7N2F6,UniProtKB/TrEMBL,2.0,Active
J3QS61,UniProtKB/TrEMBL,1.0,Active
I1Z9C7,UniProtKB/TrEMBL,1.0,Active
H3BMQ7,UniProtKB/TrEMBL,2.0,Active
U3KQT3,UniProtKB/TrEMBL,1.0,Active
Q96P37,UniProtKB/TrEMBL,2.0,Active
A0A5C2FUI9,UniProtKB/TrEMBL,1.0,Active
B4DG76,UniProtKB/TrEMBL,2.0,Active
Q4FZ45,UniProtKB/TrEMBL,2.0,Active
A0A1P8NQA0,UniProtKB/TrEMBL,1.0,Active
Q5T621,UniProtKB/TrEMBL,1.0,Active
A0A5C2GGT5,UniProtKB/TrEMBL,1.0,Active
A8VPW9,UniProtKB/TrEMBL,1.0,Active
F8W0H4,UniProtKB/TrEMBL,2.0,Active
C9JNL5,UniProtKB/TrEMBL,2.0,Active
Q6N013,UniProtKB/TrEMBL,1.0,Active
B4DX69,UniProtKB/TrEMBL,1.0,Active
P58294,UniProtKB/Swiss-Prot,4.0,Active
A2N2G7,UniProtKB/TrEMBL,1.0,Active
A0A5C2GD40,UniProtKB/TrEMBL,1.0,Active
A0A5C2G9U0,UniProtKB/TrEMBL,1.0,Active
H3BUX8,UniProtKB/TrEMBL,1.0,Active
Q9H3U3,UniProtKB/TrEMBL,1.0,Active
Q9H114,UniProtKB/Swiss-Prot,3.0,Active
Q92494,UniProtKB/TrEMBL,1.0,Active
Q5T084,UniProtKB/TrEMBL,1.0,Active
J3QLE0,UniProtKB/TrEMBL,1.0,Active
Q8IWF7,UniProtKB/Swiss-Prot,2.0,Active
B2R5J8,UniProtKB/TrEMBL,2.0,Active
E9PPW7,UniProtKB/TrEMBL,3.0,Active
H3BUS9,UniProtKB/TrEMBL,1.0,Active
B4E1V7,UniProtKB/TrEMBL,1.0,Active
G3V546,UniProtKB/TrEMBL,1.0,Active
A0A6G8BQE5,UniProtKB/TrEMBL,1.0,Active
S4R3D2,UniProtKB/TrEMBL,1.0,Active
Q96RW6,UniProtKB/TrEMBL,2.0,Active
Q9BW83,UniProtKB/Swiss-Prot,5.0,Active
E5RIB2,UniProtKB/TrEMBL,1.0,Active
H0Y409,UniProtKB/TrEMBL,1.0,Active
A0A5C2GKV4,UniProtKB/TrEMBL,1.0,Active
A0A6M4A9L0,UniProtKB/TrEMBL,1.0,Active
B4DNB1,UniProtKB/TrEMBL,1.0,Active
Q45QX2,UniProtKB/TrEMBL,2.0,Active
A0A5C2GHG2,UniProtKB/TrEMBL,1.0,Active
H3BV15,UniProtKB/TrEMBL,2.0,Active
A0A804HIH8,UniProtKB/TrEMBL,1.0,Active
U3KQF5,UniProtKB/TrEMBL,1.0,Active
B5MCD7,UniProtKB/TrEMBL,1.0,Active
D6RDF8,UniProtKB/TrEMBL,1.0,Active
O14852,UniProtKB/TrEMBL,1.0,Active
M0R2B6,UniProtKB/TrEMBL,1.0,Active
Q5T276,UniProtKB/TrEMBL,3.0,Active
Q969R7,UniProtKB/TrEMBL,1.0,Active
A0A024CHX5,UniProtKB/TrEMBL,1.0,Active
A0A5C2GB03,UniProtKB/TrEMBL,1.0,Active
U6BGT8,UniProtKB/TrEMBL,1.0,Active
A0A087WZ39,UniProtKB/TrEMBL,1.0,Active
Q15388,UniProtKB/Swiss-Prot,5.0,Active
H0YCA1,UniProtKB/TrEMBL,1.0,Active
B1AHD3,UniProtKB/TrEMBL,1.0,Active
Q8NFP7,UniProtKB/Swiss-Prot,5.0,Active
J3KRH4,UniProtKB/TrEMBL,1.0,Active
B4DP65,UniProtKB/TrEMBL,1.0,Active
Q9Y6U8,UniProtKB/TrEMBL,1.0,Active
B9TX23,UniProtKB/TrEMBL,1.0,Active
C9JIW6,UniProtKB/TrEMBL,1.0,Active
C9J8X8,UniProtKB/TrEMBL,1.0,Active
C9J430,UniProtKB/TrEMBL,1.0,Active
J3KTE3,UniProtKB/TrEMBL,1.0,Active
A0A3S5WLI4,UniProtKB/TrEMBL,1.0,Active
J3KSR7,UniProtKB/TrEMBL,1.0,Active
Q2PH56,UniProtKB/TrEMBL,1.0,Active
C9JKC2,UniProtKB/TrEMBL,1.0,Active
A0A5C2GN31,UniProtKB/TrEMBL,1.0,Active
L8ECB6,UniProtKB/TrEMBL,1.0,Active
Q75MM4,UniProtKB/TrEMBL,1.0,Active
Q8N4G2,UniProtKB/Swiss-Prot,5.0,Active
H0YN31,UniProtKB/TrEMBL,1.0,Active
C9JEQ7,UniProtKB/TrEMBL,1.0,Active
B9TX26,UniProtKB/TrEMBL,1.0,Active
V6EYC3,UniProtKB/TrEMBL,1.0,Active
X6RBX4,UniProtKB/TrEMBL,1.0,Active
F8WCF2,UniProtKB/TrEMBL,1.0,Active
A0A669KB32,UniProtKB/TrEMBL,1.0,Active
C9JAA7,UniProtKB/TrEMBL,1.0,Active
A0A5C2GGJ2,UniProtKB/TrEMBL,1.0,Active
J3QSX4,UniProtKB/TrEMBL,1.0,Active
A0A804HI77,UniProtKB/TrEMBL,1.0,Active
D6RDX3,UniProtKB/TrEMBL,2.0,Active
M0R2I0,UniProtKB/TrEMBL,1.0,Active
O15263,UniProtKB/Swiss-Prot,5.0,Active
B2RDW1,UniProtKB/TrEMBL,3.0,Active
A0A087WVE4,UniProtKB/TrEMBL,1.0,Active
E5RFN1,UniProtKB/TrEMBL,1.0,Active
A0A126LB03,UniProtKB/TrEMBL,1.0,Active
Q93020,UniProtKB/TrEMBL,2.0,Active
A0A1B1HY11,UniProtKB/TrEMBL,1.0,Active
M0QZ80,UniProtKB/TrEMBL,1.0,Active
Q5VZ75,UniProtKB/TrEMBL,2.0,Active
A0A096LP68,UniProtKB/TrEMBL,1.0,Active
B1AJZ6,UniProtKB/TrEMBL,2.0,Active
H7C4B5,UniProtKB/TrEMBL,1.0,Active
Q9H5H6,UniProtKB/TrEMBL,1.0,Active
A0A1B0GUS4,UniProtKB/Swiss-Prot,3.0,Active
F8VSE4,UniProtKB/TrEMBL,2.0,Active
H0Y8C2,UniProtKB/TrEMBL,1.0,Active
P05451,UniProtKB/Swiss-Prot,5.0,Active
A0A348GSI7,UniProtKB/TrEMBL,1.0,Active
A0A1B0GWH0,UniProtKB/TrEMBL,2.0,Active
Q6LCE1,UniProtKB/TrEMBL,1.0,Active
A0A7S5C2M1,UniProtKB/TrEMBL,1.0,Active
D5KRM8,UniProtKB/TrEMBL,1.0,Active
A0A2R8Y7L6,UniProtKB/TrEMBL,1.0,Active
B5A240,UniProtKB/TrEMBL,1.0,Active
A0A7I2V2X4,UniProtKB/TrEMBL,1.0,Active
P80075,UniProtKB/Swiss-Prot,5.0,Active
H0YIX7,UniProtKB/TrEMBL,1.0,Active
Q6UXZ3,UniProtKB/Swiss-Prot,5.0,Active
B0QYC2,UniProtKB/TrEMBL,1.0,Active
H3BPE3,UniProtKB/TrEMBL,1.0,Active
B4E1K4,UniProtKB/TrEMBL,1.0,Active
P37108,UniProtKB/Swiss-Prot,5.0,Active
Q99616,UniProtKB/Swiss-Prot,5.0,Active
B3KWS4,UniProtKB/TrEMBL,1.0,Active
F8VXP9,UniProtKB/TrEMBL,1.0,Active
Q496A9,UniProtKB/TrEMBL,1.0,Active
Q6IPP7,UniProtKB/TrEMBL,1.0,Active
Q96EL3,UniProtKB/Swiss-Prot,5.0,Active
Q8TAI7,UniProtKB/Swiss-Prot,5.0,Active
M0R0H5,UniProtKB/TrEMBL,2.0,Active
P07737,UniProtKB/Swiss-Prot,5.0,Active
E9PNH9,UniProtKB/TrEMBL,1.0,Active
A0A590UJH7,UniProtKB/TrEMBL,1.0,Active
G8GEI5,UniProtKB/TrEMBL,1.0,Active
A0A5C2G9Y5,UniProtKB/TrEMBL,1.0,Active
H0YKL3,UniProtKB/TrEMBL,1.0,Active
B2R4H6,UniProtKB/TrEMBL,2.0,Active
S6CBA6,UniProtKB/TrEMBL,1.0,Active
Q6MZJ2,UniProtKB/TrEMBL,1.0,Active
K7EQZ8,UniProtKB/TrEMBL,1.0,Active
C9JWI3,UniProtKB/TrEMBL,1.0,Active
K7EKX5,UniProtKB/TrEMBL,2.0,Active
A0A1P8LI09,UniProtKB/TrEMBL,1.0,Active
D6RG08,UniProtKB/TrEMBL,1.0,Active
A0A2R8Y896,UniProtKB/TrEMBL,1.0,Active
V9GZ59,UniProtKB/TrEMBL,2.0,Active
A0A7I2V4X6,UniProtKB/TrEMBL,1.0,Active
C9J3B5,UniProtKB/TrEMBL,1.0,Active
E9PI20,UniProtKB/TrEMBL,3.0,Active
Q5JR95,UniProtKB/TrEMBL,3.0,Active
H0YND3,UniProtKB/TrEMBL,1.0,Active
A0A1B0GUE4,UniProtKB/TrEMBL,1.0,Active
H0YB41,UniProtKB/TrEMBL,1.0,Active
A0A7I2V3Y3,UniProtKB/TrEMBL,1.0,Active
E5RK96,UniProtKB/TrEMBL,1.0,Active
Q9H3B6,UniProtKB/TrEMBL,1.0,Active
A0A7S5C168,UniProtKB/TrEMBL,1.0,Active
H3BMN6,UniProtKB/TrEMBL,2.0,Active
B5BU82,UniProtKB/TrEMBL,2.0,Active
Q7Z2J4,UniProtKB/TrEMBL,1.0,Active
E5RJL2,UniProtKB/TrEMBL,2.0,Active
O00626,UniProtKB/Swiss-Prot,5.0,Active
D6RAI4,UniProtKB/TrEMBL,1.0,Active
B1APG1,UniProtKB/TrEMBL,1.0,Active
E9PPI5,UniProtKB/TrEMBL,1.0,Active
J3QKR2,UniProtKB/TrEMBL,1.0,Active
A0A087WYT5,UniProtKB/TrEMBL,1.0,Active
E5RIC2,UniProtKB/TrEMBL,1.0,Active
E9PRA3,UniProtKB/TrEMBL,1.0,Active
B4DFF0,UniProtKB/TrEMBL,1.0,Active
F5H130,UniProtKB/TrEMBL,1.0,Active
O43695,UniProtKB/TrEMBL,1.0,Active
B4DJB0,UniProtKB/TrEMBL,1.0,Active
H3BRL5,UniProtKB/TrEMBL,1.0,Active
P17152,UniProtKB/Swiss-Prot,5.0,Active
A0A5C2G848,UniProtKB/TrEMBL,1.0,Active
A0A590UK23,UniProtKB/TrEMBL,1.0,Active
H3BN55,UniProtKB/TrEMBL,2.0,Active
H3BQW8,UniProtKB/TrEMBL,1.0,Active
Q9NP27,UniProtKB/TrEMBL,1.0,Active
C9JAA6,UniProtKB/TrEMBL,1.0,Active
A0A384NL93,UniProtKB/TrEMBL,3.0,Active
B4DRH9,UniProtKB/TrEMBL,1.0,Active
D6REL6,UniProtKB/TrEMBL,1.0,Active
A0A6Q8PGE7,UniProtKB/TrEMBL,1.0,Active
A0A2U8J9A1,UniProtKB/TrEMBL,1.0,Active
A0A5C2GGJ7,UniProtKB/TrEMBL,1.0,Active
Q96HL2,UniProtKB/TrEMBL,1.0,Active
Q75MS9,UniProtKB/TrEMBL,1.0,Active
Q9Y2R5,UniProtKB/Swiss-Prot,3.0,Active
G1K3W3,UniProtKB/TrEMBL,1.0,Active
P49755,UniProtKB/Swiss-Prot,5.0,Active
A0A7I2V367,UniProtKB/TrEMBL,1.0,Active
D6RAP2,UniProtKB/TrEMBL,1.0,Active
B3KN41,UniProtKB/TrEMBL,2.0,Active
A0A5C2GBY2,UniProtKB/TrEMBL,1.0,Active
A0A3B3ISL9,UniProtKB/TrEMBL,2.0,Active
D6RID6,UniProtKB/TrEMBL,2.0,Active
E9PIW5,UniProtKB/TrEMBL,1.0,Active
F5H3Z5,UniProtKB/TrEMBL,1.0,Active
E9PQY9,UniProtKB/TrEMBL,1.0,Active
A0A7I2V2H3,UniProtKB/TrEMBL,2.0,Active
M0R2S1,UniProtKB/TrEMBL,2.0,Active
A4D1U7,UniProtKB/TrEMBL,3.0,Active
A0A7S5C0T5,UniProtKB/TrEMBL,1.0,Active
J3QLA1,UniProtKB/TrEMBL,1.0,Active
Q56P42,UniProtKB/Swiss-Prot,5.0,Active
K7ESE2,UniProtKB/TrEMBL,1.0,Active
G3V3T7,UniProtKB/TrEMBL,2.0,Active
C9JJK8,UniProtKB/TrEMBL,1.0,Active
I1VE17,UniProtKB/TrEMBL,2.0,Active
A0A4P8J3Z0,UniProtKB/TrEMBL,1.0,Active
Q68VJ2,UniProtKB/TrEMBL,1.0,Active
H3BPG1,UniProtKB/TrEMBL,2.0,Active
H3BUI9,UniProtKB/TrEMBL,1.0,Active
B4DID5,UniProtKB/TrEMBL,1.0,Active
E5RGX2,UniProtKB/TrEMBL,2.0,Active
F5H020,UniProtKB/TrEMBL,1.0,Active
F5GZK1,UniProtKB/TrEMBL,1.0,Active
A0A7P0TBB6,UniProtKB/TrEMBL,1.0,Active
Q6ZSL4,UniProtKB/TrEMBL,2.0,Active
D6RJF1,UniProtKB/TrEMBL,1.0,Active
A0A087X1D7,UniProtKB/TrEMBL,1.0,Active
A0A7S5C3J6,UniProtKB/TrEMBL,1.0,Active
H3BT75,UniProtKB/TrEMBL,1.0,Active
I6XCH0,UniProtKB/TrEMBL,1.0,Active
F8VXF0,UniProtKB/TrEMBL,1.0,Active
P23434,UniProtKB/Swiss-Prot,5.0,Active
A0A7I2V5S1,UniProtKB/TrEMBL,1.0,Active
A0PJJ7,UniProtKB/TrEMBL,2.0,Active
Q4W251,UniProtKB/TrEMBL,1.0,Active
G3V427,UniProtKB/TrEMBL,1.0,Active
H3BT16,UniProtKB/TrEMBL,1.0,Active
B4DVF8,UniProtKB/TrEMBL,1.0,Active
Q8NHV5,UniProtKB/Swiss-Prot,4.0,Active
P12829,UniProtKB/Swiss-Prot,5.0,Active
B4DV81,UniProtKB/TrEMBL,1.0,Active
H0Y9D6,UniProtKB/TrEMBL,1.0,Active
B4DXR8,UniProtKB/TrEMBL,1.0,Active
E9PNK5,UniProtKB/TrEMBL,1.0,Active
E5RGP3,UniProtKB/TrEMBL,1.0,Active
A0A5C2GSP5,UniProtKB/TrEMBL,1.0,Active
A0A5C2G8P8,UniProtKB/TrEMBL,1.0,Active
F5H2V6,UniProtKB/TrEMBL,1.0,Active
Q9BQA9,UniProtKB/Swiss-Prot,5.0,Active
B4DUY3,UniProtKB/TrEMBL,1.0,Active
C9J4Z8,UniProtKB/TrEMBL,1.0,Active
E5RHX6,UniProtKB/TrEMBL,2.0,Active
B9A057,UniProtKB/TrEMBL,1.0,Active
A8K6P8,UniProtKB/TrEMBL,3.0,Active
E5RI85,UniProtKB/TrEMBL,1.0,Active
D6R9R8,UniProtKB/TrEMBL,1.0,Active
B4DP64,UniProtKB/TrEMBL,3.0,Active
Q96H35,UniProtKB/Swiss-Prot,2.0,Active
C9JVV1,UniProtKB/TrEMBL,1.0,Active
S4R3F4,UniProtKB/TrEMBL,1.0,Active
D6RDA3,UniProtKB/TrEMBL,1.0,Active
Q7Z749,UniProtKB/TrEMBL,1.0,Active
V9GY69,UniProtKB/TrEMBL,1.0,Active
A0A7I2V331,UniProtKB/TrEMBL,1.0,Active
J3QRW4,UniProtKB/TrEMBL,1.0,Active
B4DMJ3,UniProtKB/TrEMBL,1.0,Active
A0A7S5BYV7,UniProtKB/TrEMBL,1.0,Active
C9JX77,UniProtKB/TrEMBL,1.0,Active
B4E1V9,UniProtKB/TrEMBL,1.0,Active
J3QRW1,UniProtKB/TrEMBL,1.0,Active
K7EJN5,UniProtKB/TrEMBL,1.0,Active
A0A2R8YD56,UniProtKB/TrEMBL,1.0,Active
A0A7I2V2L9,UniProtKB/TrEMBL,2.0,Active
A0A286YES8,UniProtKB/TrEMBL,1.0,Active
I7CAJ8,UniProtKB/TrEMBL,1.0,Active
A0A5C2G918,UniProtKB/TrEMBL,1.0,Active
H9CWI2,UniProtKB/TrEMBL,1.0,Active
D6RFG6,UniProtKB/TrEMBL,1.0,Active
A0A804HLD7,UniProtKB/TrEMBL,1.0,Active
C9JUM8,UniProtKB/TrEMBL,1.0,Active
M0QY67,UniProtKB/TrEMBL,2.0,Active
H0YKM3,UniProtKB/TrEMBL,1.0,Active
Q19UK5,UniProtKB/TrEMBL,1.0,Active
C9JRN3,UniProtKB/TrEMBL,1.0,Active
B4DX10,UniProtKB/TrEMBL,1.0,Active
A0A5C2GD62,UniProtKB/TrEMBL,1.0,Active
A0A5C2GR29,UniProtKB/TrEMBL,1.0,Active
E5RG13,UniProtKB/TrEMBL,1.0,Active
J3QS82,UniProtKB/TrEMBL,1.0,Active
Q9Y2Y1,UniProtKB/Swiss-Prot,5.0,Active
L8EC72,UniProtKB/TrEMBL,1.0,Active
Q9Y2Q5,UniProtKB/Swiss-Prot,5.0,Active
E9PRV3,UniProtKB/TrEMBL,1.0,Active
O60880,UniProtKB/Swiss-Prot,5.0,Active
F5GX30,UniProtKB/TrEMBL,2.0,Active
Q1JR85,UniProtKB/TrEMBL,1.0,Active
A0A5C2GK80,UniProtKB/TrEMBL,1.0,Active
Q6F4B7,UniProtKB/TrEMBL,1.0,Active
A8MXF1,UniProtKB/TrEMBL,2.0,Active
Q5W1L6,UniProtKB/TrEMBL,1.0,Active
P22362,UniProtKB/Swiss-Prot,5.0,Active
H0YBS7,UniProtKB/TrEMBL,2.0,Active
B6HY86,UniProtKB/TrEMBL,1.0,Active
C9JH98,UniProtKB/TrEMBL,1.0,Active
I3L0M9,UniProtKB/TrEMBL,1.0,Active
A0A494C1P2,UniProtKB/TrEMBL,2.0,Active
F8WB46,UniProtKB/TrEMBL,1.0,Active
Q8N9N8,UniProtKB/Swiss-Prot,5.0,Active
B4DMR7,UniProtKB/TrEMBL,2.0,Active
C9JA11,UniProtKB/TrEMBL,1.0,Active
F8WE72,UniProtKB/TrEMBL,1.0,Active
A0A125QYY7,UniProtKB/TrEMBL,1.0,Active
O75566,UniProtKB/TrEMBL,1.0,Active
J3QRX7,UniProtKB/TrEMBL,1.0,Active
I1VE20,UniProtKB/TrEMBL,1.0,Active
K7EJK6,UniProtKB/TrEMBL,1.0,Active
A0A0U3BWM0,UniProtKB/TrEMBL,1.0,Active
P78492,UniProtKB/TrEMBL,1.0,Active
H3BV69,UniProtKB/TrEMBL,2.0,Active
F8VXK3,UniProtKB/TrEMBL,2.0,Active
A0A075B6W5,UniProtKB/Swiss-Prot,3.0,Active
F8WEI0,UniProtKB/TrEMBL,1.0,Active
B3KVU2,UniProtKB/TrEMBL,3.0,Active
H0YC75,UniProtKB/TrEMBL,1.0,Active
C9JHQ4,UniProtKB/TrEMBL,2.0,Active
E5RFK0,UniProtKB/TrEMBL,2.0,Active
B3VRR0,UniProtKB/TrEMBL,1.0,Active
A0A1W6IYI3,UniProtKB/TrEMBL,1.0,Active
A0A023VRX5,UniProtKB/TrEMBL,1.0,Active
V5LD31,UniProtKB/TrEMBL,1.0,Active
H7C226,UniProtKB/TrEMBL,1.0,Active
J3QLK9,UniProtKB/TrEMBL,1.0,Active
J3KTG2,UniProtKB/TrEMBL,1.0,Active
H0YGZ5,UniProtKB/TrEMBL,3.0,Active
E9PF95,UniProtKB/TrEMBL,2.0,Active
A0A7P0TAS7,UniProtKB/TrEMBL,1.0,Active
K7EIM2,UniProtKB/TrEMBL,1.0,Active
A0A7P0T9B4,UniProtKB/TrEMBL,1.0,Active
C9JA17,UniProtKB/TrEMBL,2.0,Active
B4DZ59,UniProtKB/TrEMBL,1.0,Active
B4E1K2,UniProtKB/TrEMBL,2.0,Active
A0A5C2G686,UniProtKB/TrEMBL,1.0,Active
K7EQV4,UniProtKB/TrEMBL,3.0,Active
H0YB27,UniProtKB/TrEMBL,1.0,Active
C9J636,UniProtKB/TrEMBL,1.0,Active
A0A5C2GPG4,UniProtKB/TrEMBL,1.0,Active
O95978,UniProtKB/TrEMBL,2.0,Active
I3L4T8,UniProtKB/TrEMBL,1.0,Active
H0YJ77,UniProtKB/TrEMBL,1.0,Active
Q7Z462,UniProtKB/TrEMBL,1.0,Active
A0A0J9YW62,UniProtKB/TrEMBL,1.0,Active
E9PIK1,UniProtKB/TrEMBL,1.0,Active
K7ELW1,UniProtKB/TrEMBL,1.0,Active
H3BMY1,UniProtKB/TrEMBL,2.0,Active
A0A140VJY7,UniProtKB/TrEMBL,2.0,Active
O14887,UniProtKB/TrEMBL,1.0,Active
Q75MY0,UniProtKB/TrEMBL,1.0,Active
H0YHL5,UniProtKB/TrEMBL,1.0,Active
Q5SW97,UniProtKB/TrEMBL,1.0,Active
F5H5W1,UniProtKB/TrEMBL,1.0,Active
C9JBS6,UniProtKB/TrEMBL,1.0,Active
A0A2R8Y6A7,UniProtKB/TrEMBL,1.0,Active
A0A286SD72,UniProtKB/TrEMBL,1.0,Active
Q9NPE3,UniProtKB/Swiss-Prot,5.0,Active
P03986,UniProtKB/Swiss-Prot,3.0,Active
P04437,UniProtKB/Swiss-Prot,4.0,Active
A0A5C2GGK4,UniProtKB/TrEMBL,1.0,Active
A0A5C2GWG2,UniProtKB/TrEMBL,1.0,Active
P02775,UniProtKB/Swiss-Prot,5.0,Active
H0YJS8,UniProtKB/TrEMBL,1.0,Active
B7Z7N9,UniProtKB/TrEMBL,1.0,Active
G3V338,UniProtKB/TrEMBL,1.0,Active
A0A5C2GF22,UniProtKB/TrEMBL,1.0,Active
D6R997,UniProtKB/TrEMBL,1.0,Active
K7EQA0,UniProtKB/TrEMBL,2.0,Active
D6RDJ1,UniProtKB/TrEMBL,2.0,Active
E5RHZ0,UniProtKB/TrEMBL,2.0,Active
A6XMH1,UniProtKB/TrEMBL,2.0,Active
A0A6M3WJI3,UniProtKB/TrEMBL,1.0,Active
A0A1B1PFW4,UniProtKB/TrEMBL,1.0,Active
D6RBD0,UniProtKB/TrEMBL,2.0,Active
A0A804E055,UniProtKB/TrEMBL,1.0,Active
A0A7S5C4N1,UniProtKB/TrEMBL,1.0,Active
Q96KY6,UniProtKB/TrEMBL,2.0,Active
Q8IUB3,UniProtKB/Swiss-Prot,3.0,Active
K7EQK1,UniProtKB/TrEMBL,1.0,Active
A0A7R6RQ59,UniProtKB/TrEMBL,1.0,Active
B3KN33,UniProtKB/TrEMBL,1.0,Active
G3V2D7,UniProtKB/TrEMBL,1.0,Active
M0QY47,UniProtKB/TrEMBL,1.0,Active
P60602,UniProtKB/Swiss-Prot,5.0,Active
F2Z2E3,UniProtKB/TrEMBL,2.0,Active
E9PQV7,UniProtKB/TrEMBL,1.0,Active
C9J1Z6,UniProtKB/TrEMBL,2.0,Active
A0A5C2GDE1,UniProtKB/TrEMBL,1.0,Active
B4DDW9,UniProtKB/TrEMBL,1.0,Active
O15467,UniProtKB/Swiss-Prot,5.0,Active
F8WDA0,UniProtKB/TrEMBL,1.0,Active
A0A5C2GNQ0,UniProtKB/TrEMBL,1.0,Active
C9J0N9,UniProtKB/TrEMBL,1.0,Active
F8WE40,UniProtKB/TrEMBL,1.0,Active
A0A3B3IUE0,UniProtKB/TrEMBL,2.0,Active
J3QSF7,UniProtKB/TrEMBL,1.0,Active
Q14116,UniProtKB/Swiss-Prot,5.0,Active
H3BU94,UniProtKB/TrEMBL,1.0,Active
Q3S3B4,UniProtKB/TrEMBL,1.0,Active
Q9NSA3,UniProtKB/Swiss-Prot,5.0,Active
C9J528,UniProtKB/TrEMBL,1.0,Active
H3BQV2,UniProtKB/TrEMBL,1.0,Active
Q5DT21,UniProtKB/Swiss-Prot,4.0,Active
A0A192GRD0,UniProtKB/TrEMBL,1.0,Active
B7Z509,UniProtKB/TrEMBL,2.0,Active
F8WCJ9,UniProtKB/TrEMBL,2.0,Active
Q5VYD0,UniProtKB/TrEMBL,1.0,Active
Q9NNX2,UniProtKB/TrEMBL,1.0,Active
A0A087WYC2,UniProtKB/TrEMBL,1.0,Active
Q86TQ3,UniProtKB/TrEMBL,1.0,Active
A0A3B3IRV3,UniProtKB/Swiss-Prot,2.0,Active
H7C3Q1,UniProtKB/TrEMBL,1.0,Active
Q8N300,UniProtKB/Swiss-Prot,5.0,Active
H3BQY5,UniProtKB/TrEMBL,1.0,Active
C9J3G7,UniProtKB/TrEMBL,1.0,Active
Q96LK9,UniProtKB/TrEMBL,1.0,Active
O15511,UniProtKB/Swiss-Prot,5.0,Active
B7Z930,UniProtKB/TrEMBL,1.0,Active
A0A7S5C235,UniProtKB/TrEMBL,1.0,Active
Q9NTH2,UniProtKB/TrEMBL,1.0,Active
Q02045,UniProtKB/Swiss-Prot,4.0,Active
G3V1L6,UniProtKB/TrEMBL,1.0,Active
J3KQD8,UniProtKB/TrEMBL,1.0,Active
H3BP45,UniProtKB/TrEMBL,1.0,Active
Q6IPR1,UniProtKB/Swiss-Prot,4.0,Active
E5RJ69,UniProtKB/TrEMBL,1.0,Active
P84095,UniProtKB/Swiss-Prot,5.0,Active
A0A5C2GD42,UniProtKB/TrEMBL,1.0,Active
D6R908,UniProtKB/TrEMBL,2.0,Active
I3L3X1,UniProtKB/TrEMBL,2.0,Active
A0A5C2GBE7,UniProtKB/TrEMBL,1.0,Active
A0A087WXF7,UniProtKB/TrEMBL,1.0,Active
E9PI38,UniProtKB/TrEMBL,1.0,Active
A0A7S5EW87,UniProtKB/TrEMBL,1.0,Active
I3L1Y8,UniProtKB/TrEMBL,1.0,Active
A0A7S5C0E7,UniProtKB/TrEMBL,1.0,Active
G3V5B5,UniProtKB/TrEMBL,1.0,Active
K7EIT2,UniProtKB/TrEMBL,3.0,Active
A0A5C2FU21,UniProtKB/TrEMBL,1.0,Active
F6VDH7,UniProtKB/TrEMBL,1.0,Active
F2Z371,UniProtKB/TrEMBL,2.0,Active
F8WDW0,UniProtKB/TrEMBL,1.0,Active
O75293,UniProtKB/Swiss-Prot,5.0,Active
A6NH57,UniProtKB/Swiss-Prot,3.0,Active
K7EL47,UniProtKB/TrEMBL,2.0,Active
F5H1X3,UniProtKB/TrEMBL,1.0,Active
Q59GE9,UniProtKB/TrEMBL,2.0,Active
E5RG19,UniProtKB/TrEMBL,2.0,Active
H0Y9E2,UniProtKB/TrEMBL,2.0,Active
A0A0S2Z3P7,UniProtKB/TrEMBL,1.0,Active
H0YHG7,UniProtKB/TrEMBL,2.0,Active
M0R2B8,UniProtKB/TrEMBL,2.0,Active
Q8TC97,UniProtKB/TrEMBL,1.0,Active
L8E8H2,UniProtKB/TrEMBL,1.0,Active
C9J4M7,UniProtKB/TrEMBL,1.0,Active
Q6LCB0,UniProtKB/TrEMBL,1.0,Active
K7EML5,UniProtKB/TrEMBL,1.0,Active
K7EKP1,UniProtKB/TrEMBL,1.0,Active
Q5VTX9,UniProtKB/TrEMBL,1.0,Active
Q5T8U3,UniProtKB/TrEMBL,2.0,Active
Q16340,UniProtKB/TrEMBL,1.0,Active
A0A0U1RQX5,UniProtKB/TrEMBL,1.0,Active
C9JZJ1,UniProtKB/TrEMBL,2.0,Active
S4R424,UniProtKB/TrEMBL,1.0,Active
Q53RL0,UniProtKB/TrEMBL,1.0,Active
Q59F69,UniProtKB/TrEMBL,1.0,Active
E9PLX6,UniProtKB/TrEMBL,1.0,Active
F8WEW1,UniProtKB/TrEMBL,1.0,Active
D6RGF6,UniProtKB/TrEMBL,1.0,Active
E9PR96,UniProtKB/TrEMBL,1.0,Active
F5H1U3,UniProtKB/TrEMBL,1.0,Active
A0A7S5BYX6,UniProtKB/TrEMBL,1.0,Active
E5RGZ1,UniProtKB/TrEMBL,2.0,Active
F8W8Y1,UniProtKB/TrEMBL,1.0,Active
E5RH48,UniProtKB/TrEMBL,1.0,Active
B3KVH9,UniProtKB/TrEMBL,3.0,Active
F8VZB1,UniProtKB/TrEMBL,1.0,Active
A0A5F9ZH83,UniProtKB/TrEMBL,3.0,Active
Q4VB95,UniProtKB/TrEMBL,1.0,Active
Q496P1,UniProtKB/TrEMBL,1.0,Active
B7Z5V3,UniProtKB/TrEMBL,2.0,Active
Q9HC43,UniProtKB/TrEMBL,1.0,Active
B7Z1Y3,UniProtKB/TrEMBL,1.0,Active
Q9HAM3,UniProtKB/TrEMBL,1.0,Active
B4DSU3,UniProtKB/TrEMBL,2.0,Active
G3V3S6,UniProtKB/TrEMBL,1.0,Active
H0YNR6,UniProtKB/TrEMBL,2.0,Active
H3BRG9,UniProtKB/TrEMBL,1.0,Active
F2Z3I7,UniProtKB/TrEMBL,1.0,Active
Q9UFH6,UniProtKB/TrEMBL,1.0,Active
Q5T7I8,UniProtKB/TrEMBL,1.0,Active
A0A5C2G511,UniProtKB/TrEMBL,1.0,Active
A0A5C2GHX8,UniProtKB/TrEMBL,1.0,Active
D6RJD3,UniProtKB/TrEMBL,1.0,Active
Q9UBA4,UniProtKB/TrEMBL,1.0,Active
E9PLW2,UniProtKB/TrEMBL,1.0,Active
A0A220SZZ5,UniProtKB/TrEMBL,1.0,Active
X5DRL5,UniProtKB/TrEMBL,1.0,Active
A0A6B9NYH9,UniProtKB/TrEMBL,2.0,Active
Q75MZ8,UniProtKB/TrEMBL,1.0,Active
F5H0R8,UniProtKB/TrEMBL,1.0,Active
M0R244,UniProtKB/TrEMBL,1.0,Active
C9JY20,UniProtKB/TrEMBL,1.0,Active
B4DX62,UniProtKB/TrEMBL,1.0,Active
A2NYU6,UniProtKB/TrEMBL,1.0,Active
D6RGV8,UniProtKB/TrEMBL,2.0,Active
D9ZB55,UniProtKB/TrEMBL,2.0,Active
Q8WYE1,UniProtKB/TrEMBL,1.0,Active
M0R1L7,UniProtKB/TrEMBL,3.0,Active
B4DI00,UniProtKB/TrEMBL,1.0,Active
A0A0C4ZPA0,UniProtKB/TrEMBL,1.0,Active
Q5TF45,UniProtKB/TrEMBL,1.0,Active
H0YE19,UniProtKB/TrEMBL,1.0,Active
G5E9E9,UniProtKB/TrEMBL,1.0,Active
E5RFI0,UniProtKB/TrEMBL,1.0,Active
B4E1L2,UniProtKB/TrEMBL,1.0,Active
Q07020,UniProtKB/Swiss-Prot,5.0,Active
Q76KP0,UniProtKB/TrEMBL,4.0,Active
X6RI15,UniProtKB/TrEMBL,1.0,Active
K7EIL4,UniProtKB/TrEMBL,1.0,Active
Q9UN47,UniProtKB/TrEMBL,1.0,Active
B3KSK2,UniProtKB/TrEMBL,1.0,Active
E9PMD4,UniProtKB/TrEMBL,2.0,Active
A6NKQ9,UniProtKB/Swiss-Prot,3.0,Active
C9IZ29,UniProtKB/TrEMBL,1.0,Active
O95807,UniProtKB/Swiss-Prot,5.0,Active
A0A087X1R7,UniProtKB/TrEMBL,1.0,Active
L8EAV9,UniProtKB/TrEMBL,1.0,Active
U3KQN5,UniProtKB/TrEMBL,1.0,Active
H3BNT7,UniProtKB/TrEMBL,2.0,Active
K7EK30,UniProtKB/TrEMBL,1.0,Active
M0R264,UniProtKB/TrEMBL,2.0,Active
B0QYS5,UniProtKB/TrEMBL,1.0,Active
O14882,UniProtKB/TrEMBL,1.0,Active
A0A384NPQ2,UniProtKB/TrEMBL,3.0,Active
G3V4R7,UniProtKB/TrEMBL,1.0,Active
P61254,UniProtKB/Swiss-Prot,5.0,Active
H7C1I6,UniProtKB/TrEMBL,1.0,Active
A0A0U1RQF8,UniProtKB/TrEMBL,2.0,Active
Q2F839,UniProtKB/TrEMBL,1.0,Active
A0A7P0T9Q3,UniProtKB/TrEMBL,1.0,Active
A0A1B0GU62,UniProtKB/TrEMBL,2.0,Active
C9JUY7,UniProtKB/TrEMBL,1.0,Active
Q5SUY4,UniProtKB/TrEMBL,1.0,Active
Q9NRP2,UniProtKB/Swiss-Prot,3.0,Active
A0A3B3IS47,UniProtKB/TrEMBL,2.0,Active
D2Y6W8,UniProtKB/TrEMBL,1.0,Active
Q5VUC3,UniProtKB/TrEMBL,1.0,Active
G8Z8Y8,UniProtKB/TrEMBL,1.0,Active
A0A2U8J9B5,UniProtKB/TrEMBL,1.0,Active
A0A5C2GME5,UniProtKB/TrEMBL,1.0,Active
C9JI43,UniProtKB/TrEMBL,1.0,Active
F8WBY8,UniProtKB/TrEMBL,1.0,Active
A9UJP0,UniProtKB/TrEMBL,3.0,Active
Q71V33,UniProtKB/TrEMBL,1.0,Active
H3BPV2,UniProtKB/TrEMBL,1.0,Active
D6RF16,UniProtKB/TrEMBL,1.0,Active
K7EPQ4,UniProtKB/TrEMBL,1.0,Active
C9JKU2,UniProtKB/TrEMBL,1.0,Active
F5H4A7,UniProtKB/TrEMBL,1.0,Active
D6RF33,UniProtKB/TrEMBL,1.0,Active
A0A7G8LSD4,UniProtKB/TrEMBL,1.0,Active
E5RID6,UniProtKB/TrEMBL,1.0,Active
A7L3A5,UniProtKB/TrEMBL,1.0,Active
Q07941,UniProtKB/TrEMBL,1.0,Active
S4R468,UniProtKB/TrEMBL,2.0,Active
F8VV61,UniProtKB/TrEMBL,1.0,Active
H7BXV0,UniProtKB/TrEMBL,2.0,Active
A0A0G3FCF2,UniProtKB/TrEMBL,1.0,Active
O43697,UniProtKB/TrEMBL,1.0,Active
A6PVJ6,UniProtKB/TrEMBL,1.0,Active
B7Z960,UniProtKB/TrEMBL,1.0,Active
U3KQV1,UniProtKB/TrEMBL,1.0,Active
A0A1C9J7V0,UniProtKB/TrEMBL,2.0,Active
P78556,UniProtKB/Swiss-Prot,5.0,Active
A0A494C1M8,UniProtKB/TrEMBL,1.0,Active
F8WDJ8,UniProtKB/TrEMBL,1.0,Active
F8VS19,UniProtKB/TrEMBL,1.0,Active
B5A244,UniProtKB/TrEMBL,1.0,Active
A6XP73,UniProtKB/TrEMBL,2.0,Active
Q96PA1,UniProtKB/TrEMBL,1.0,Active
A0A0B4J294,UniProtKB/TrEMBL,2.0,Active
Q6P2I0,UniProtKB/TrEMBL,2.0,Active
S4R383,UniProtKB/TrEMBL,4.0,Active
P58062,UniProtKB/Swiss-Prot,4.0,Active
A0A5C2G5T0,UniProtKB/TrEMBL,1.0,Active
Q6LDK5,UniProtKB/TrEMBL,1.0,Active
A0A5C2GFG6,UniProtKB/TrEMBL,1.0,Active
E5RFE8,UniProtKB/TrEMBL,1.0,Active
K7EKE4,UniProtKB/TrEMBL,2.0,Active
Q96A57,UniProtKB/Swiss-Prot,5.0,Active
A0A6Q8PGD0,UniProtKB/TrEMBL,1.0,Active
H0YIE6,UniProtKB/TrEMBL,1.0,Active
A0A140VJR6,UniProtKB/TrEMBL,1.0,Active
F5GYJ3,UniProtKB/TrEMBL,1.0,Active
H0YMH8,UniProtKB/TrEMBL,1.0,Active
F5H6Q0,UniProtKB/TrEMBL,1.0,Active
H3BLY0,UniProtKB/TrEMBL,1.0,Active
E9PLG0,UniProtKB/TrEMBL,1.0,Active
Q9HBK8,UniProtKB/TrEMBL,1.0,Active
Q400I7,UniProtKB/TrEMBL,1.0,Active
A0A2S0X0P7,UniProtKB/TrEMBL,1.0,Active
Q86Y75,UniProtKB/TrEMBL,1.0,Active
J3QLT0,UniProtKB/TrEMBL,1.0,Active
G3V4T2,UniProtKB/TrEMBL,2.0,Active
Q9BT73,UniProtKB/Swiss-Prot,4.0,Active
B3VRP0,UniProtKB/TrEMBL,1.0,Active
M0QYD4,UniProtKB/TrEMBL,1.0,Active
C9JAV2,UniProtKB/TrEMBL,1.0,Active
Q9P0M9,UniProtKB/Swiss-Prot,4.0,Active
E5RG32,UniProtKB/TrEMBL,2.0,Active
A0A0D9SFA9,UniProtKB/TrEMBL,1.0,Active
H3BVE7,UniProtKB/TrEMBL,1.0,Active
O95988,UniProtKB/Swiss-Prot,5.0,Active
E9PNP5,UniProtKB/TrEMBL,1.0,Active
Q86YL8,UniProtKB/TrEMBL,1.0,Active
I3L2A5,UniProtKB/TrEMBL,1.0,Active
Q9H1F0,UniProtKB/Swiss-Prot,2.0,Active
A0A2H4QGB2,UniProtKB/TrEMBL,2.0,Active
Q9BUY7,UniProtKB/Swiss-Prot,4.0,Active
Q6P3W2,UniProtKB/Swiss-Prot,5.0,Active
G3V2J8,UniProtKB/TrEMBL,1.0,Active
M9MMK9,UniProtKB/TrEMBL,1.0,Active
Q6PIM8,UniProtKB/TrEMBL,1.0,Active
Q9NYR9,UniProtKB/Swiss-Prot,5.0,Active
C9J1S9,UniProtKB/TrEMBL,1.0,Active
A0A7I2V4V8,UniProtKB/TrEMBL,1.0,Active
H0Y9N3,UniProtKB/TrEMBL,1.0,Active
E9PHT9,UniProtKB/TrEMBL,2.0,Active
Q9H2R8,UniProtKB/TrEMBL,1.0,Active
A2I831,UniProtKB/TrEMBL,1.0,Active
Q86WJ0,UniProtKB/TrEMBL,2.0,Active
Q5TA01,UniProtKB/TrEMBL,2.0,Active
J3KSN4,UniProtKB/TrEMBL,1.0,Active
G3XAN8,UniProtKB/TrEMBL,2.0,Active
Q4ZG77,UniProtKB/TrEMBL,2.0,Active
Q8NFN0,UniProtKB/TrEMBL,2.0,Active
A5JUN0,UniProtKB/TrEMBL,1.0,Active
B1AMA6,UniProtKB/TrEMBL,1.0,Active
A0PJ44,UniProtKB/TrEMBL,1.0,Active
Q6UWM4,UniProtKB/TrEMBL,1.0,Active
B5BUI8,UniProtKB/TrEMBL,3.0,Active
A0A3G2JNR5,UniProtKB/TrEMBL,1.0,Active
A0A804HK66,UniProtKB/TrEMBL,2.0,Active
E5RHD5,UniProtKB/TrEMBL,1.0,Active
C9J1E2,UniProtKB/TrEMBL,2.0,Active
Q9H515,UniProtKB/TrEMBL,1.0,Active
J3KMW6,UniProtKB/TrEMBL,1.0,Active
A0A7S5EUS6,UniProtKB/TrEMBL,1.0,Active
B7Z8S9,UniProtKB/TrEMBL,1.0,Active
C9JQN2,UniProtKB/TrEMBL,3.0,Active
C9J6F4,UniProtKB/TrEMBL,1.0,Active
G3V231,UniProtKB/TrEMBL,1.0,Active
H0YDY7,UniProtKB/TrEMBL,1.0,Active
B7Z1U1,UniProtKB/TrEMBL,3.0,Active
A3F6J9,UniProtKB/TrEMBL,1.0,Active
B4DZB9,UniProtKB/TrEMBL,1.0,Active
H0YBS3,UniProtKB/TrEMBL,2.0,Active
A0PJA8,UniProtKB/TrEMBL,1.0,Active
A0A4D6DDB2,UniProtKB/TrEMBL,1.0,Active
A0A7S5C0K6,UniProtKB/TrEMBL,1.0,Active
O95127,UniProtKB/TrEMBL,1.0,Active
E5RFN7,UniProtKB/TrEMBL,1.0,Active
H7C5I6,UniProtKB/TrEMBL,2.0,Active
A0A1B0GUS5,UniProtKB/TrEMBL,1.0,Active
A0A5C2G5N1,UniProtKB/TrEMBL,1.0,Active
H0YIL4,UniProtKB/TrEMBL,1.0,Active
A0A7S5C431,UniProtKB/TrEMBL,1.0,Active
A0A2R8YF02,UniProtKB/TrEMBL,1.0,Active
H3BS59,UniProtKB/TrEMBL,2.0,Active
Q8NAS4,UniProtKB/TrEMBL,1.0,Active
K7EP38,UniProtKB/TrEMBL,1.0,Active
M0R2T2,UniProtKB/TrEMBL,1.0,Active
A0A2R8Y851,UniProtKB/TrEMBL,2.0,Active
Q6ZQU3,UniProtKB/TrEMBL,1.0,Active
A0A5C2GHU5,UniProtKB/TrEMBL,1.0,Active
P42830,UniProtKB/Swiss-Prot,5.0,Active
Q96SL4,UniProtKB/Swiss-Prot,5.0,Active
A1L193,UniProtKB/TrEMBL,1.0,Active
F5GZK7,UniProtKB/TrEMBL,1.0,Active
Q13636,UniProtKB/Swiss-Prot,5.0,Active
K7EQL2,UniProtKB/TrEMBL,1.0,Active
D2JYI4,UniProtKB/TrEMBL,1.0,Active
O95026,UniProtKB/TrEMBL,1.0,Active
B3KNE0,UniProtKB/TrEMBL,1.0,Active
A7U833,UniProtKB/TrEMBL,1.0,Active
A0A7S5BYF8,UniProtKB/TrEMBL,1.0,Active
A0A1W2PRN9,UniProtKB/TrEMBL,1.0,Active
A0A386TXE7,UniProtKB/TrEMBL,1.0,Active
Q8N5M4,UniProtKB/Swiss-Prot,4.0,Active
F8WEH5,UniProtKB/TrEMBL,1.0,Active
A0A5C2G8V2,UniProtKB/TrEMBL,1.0,Active
Q5SQI6,UniProtKB/TrEMBL,1.0,Active
A0A0S1MI72,UniProtKB/TrEMBL,2.0,Active
K7EP61,UniProtKB/TrEMBL,3.0,Active
D6RF71,UniProtKB/TrEMBL,1.0,Active
E9PJ05,UniProtKB/TrEMBL,1.0,Active
Q4VAQ1,UniProtKB/TrEMBL,1.0,Active
B4DFK0,UniProtKB/TrEMBL,1.0,Active
Q6TGM4,UniProtKB/TrEMBL,1.0,Active
A0A087WTR4,UniProtKB/TrEMBL,1.0,Active
F8W044,UniProtKB/TrEMBL,1.0,Active
D6RJH4,UniProtKB/TrEMBL,1.0,Active
V9GYJ2,UniProtKB/TrEMBL,1.0,Active
B3KWN2,UniProtKB/TrEMBL,1.0,Active
A0A5C2GS07,UniProtKB/TrEMBL,1.0,Active
A0A5C2GR74,UniProtKB/TrEMBL,1.0,Active
A0A7S5C258,UniProtKB/TrEMBL,1.0,Active
H3BNA7,UniProtKB/TrEMBL,1.0,Active
E9PIH9,UniProtKB/TrEMBL,2.0,Active
H3BQE2,UniProtKB/TrEMBL,1.0,Active
Q4QY38,UniProtKB/Swiss-Prot,2.0,Active
O43927,UniProtKB/Swiss-Prot,5.0,Active
B3VS55,UniProtKB/TrEMBL,1.0,Active
E5RJI4,UniProtKB/TrEMBL,1.0,Active
A0A2U8J9D4,UniProtKB/TrEMBL,1.0,Active
Q06AK0,UniProtKB/TrEMBL,1.0,Active
A0A6Q8PF92,UniProtKB/TrEMBL,1.0,Active
Q07414,UniProtKB/TrEMBL,1.0,Active
A0A1Z1VXF2,UniProtKB/TrEMBL,3.0,Active
X6RGY1,UniProtKB/TrEMBL,1.0,Active
A0A7P0TAU0,UniProtKB/TrEMBL,2.0,Active
Q6VBB7,UniProtKB/TrEMBL,1.0,Active
F8WCI6,UniProtKB/TrEMBL,1.0,Active
P01034,UniProtKB/Swiss-Prot,5.0,Active
E9PM13,UniProtKB/TrEMBL,1.0,Active
K7EM01,UniProtKB/TrEMBL,1.0,Active
Q658I8,UniProtKB/TrEMBL,1.0,Active
D6REN7,UniProtKB/TrEMBL,1.0,Active
H0Y9K4,UniProtKB/TrEMBL,2.0,Active
A0A2R8Y6Y9,UniProtKB/TrEMBL,1.0,Active
E5RH86,UniProtKB/TrEMBL,1.0,Active
G3V2X4,UniProtKB/TrEMBL,2.0,Active
A0A224AME3,UniProtKB/TrEMBL,1.0,Active
E5RIH1,UniProtKB/TrEMBL,1.0,Active
Q6UWN8,UniProtKB/Swiss-Prot,3.0,Active
Q36750,UniProtKB/TrEMBL,1.0,Active
D6RA50,UniProtKB/TrEMBL,1.0,Active
F5H6G0,UniProtKB/TrEMBL,1.0,Active
J3KSJ9,UniProtKB/TrEMBL,1.0,Active
G1FFF2,UniProtKB/TrEMBL,1.0,Active
B4DMG5,UniProtKB/TrEMBL,1.0,Active
C9JY37,UniProtKB/TrEMBL,1.0,Active
P10153,UniProtKB/Swiss-Prot,5.0,Active
E9PJJ4,UniProtKB/TrEMBL,3.0,Active
C9J4I3,UniProtKB/TrEMBL,1.0,Active
Q15566,UniProtKB/TrEMBL,1.0,Active
E5RIN5,UniProtKB/TrEMBL,1.0,Active
A0A804HJE8,UniProtKB/TrEMBL,1.0,Active
B1B0G9,UniProtKB/TrEMBL,1.0,Active
Q8WV73,UniProtKB/TrEMBL,1.0,Active
A0A7S5BZQ7,UniProtKB/TrEMBL,1.0,Active
A0A384MDL3,UniProtKB/TrEMBL,2.0,Active
D6RFL1,UniProtKB/TrEMBL,2.0,Active
C9JMA6,UniProtKB/TrEMBL,1.0,Active
F8WDY2,UniProtKB/TrEMBL,1.0,Active
Q86XP6,UniProtKB/Swiss-Prot,4.0,Active
E9PJF4,UniProtKB/TrEMBL,4.0,Active
E9PNI0,UniProtKB/TrEMBL,1.0,Active
B3VRJ5,UniProtKB/TrEMBL,1.0,Active
Q96BP2,UniProtKB/Swiss-Prot,5.0,Active
M0QZ15,UniProtKB/TrEMBL,1.0,Active
M0R3B9,UniProtKB/TrEMBL,1.0,Active
M0QYF4,UniProtKB/TrEMBL,1.0,Active
A0A5C2G883,UniProtKB/TrEMBL,1.0,Active
Q8TD21,UniProtKB/TrEMBL,1.0,Active
H3BSD0,UniProtKB/TrEMBL,1.0,Active
I3L1F4,UniProtKB/TrEMBL,1.0,Active
P78384,UniProtKB/TrEMBL,2.0,Active
A0A7S5C2X0,UniProtKB/TrEMBL,1.0,Active
B4DYV9,UniProtKB/TrEMBL,2.0,Active
C9K0W5,UniProtKB/TrEMBL,1.0,Active
G3V333,UniProtKB/TrEMBL,1.0,Active
M0R0Z3,UniProtKB/TrEMBL,2.0,Active
F6R5I9,UniProtKB/TrEMBL,1.0,Active
A0A5C2GKG5,UniProtKB/TrEMBL,1.0,Active
H3BQF8,UniProtKB/TrEMBL,1.0,Active
Q6F4C0,UniProtKB/TrEMBL,1.0,Active
Q9HD89,UniProtKB/Swiss-Prot,5.0,Active
A0A5C2G9H4,UniProtKB/TrEMBL,1.0,Active
Q16552,UniProtKB/Swiss-Prot,5.0,Active
J3KRS8,UniProtKB/TrEMBL,1.0,Active
D6RDG3,UniProtKB/TrEMBL,2.0,Active
D6RFJ9,UniProtKB/TrEMBL,1.0,Active
F8VYZ9,UniProtKB/TrEMBL,1.0,Active
Q96AZ6,UniProtKB/Swiss-Prot,5.0,Active
Q9Y443,UniProtKB/TrEMBL,1.0,Active
A0A5C2GL18,UniProtKB/TrEMBL,1.0,Active
Q5FC01,UniProtKB/TrEMBL,3.0,Active
A0A5C2GEJ7,UniProtKB/TrEMBL,1.0,Active
E5RK64,UniProtKB/TrEMBL,1.0,Active
A0A087WV26,UniProtKB/TrEMBL,1.0,Active
C9JAE4,UniProtKB/TrEMBL,2.0,Active
A4UCT4,UniProtKB/TrEMBL,2.0,Active
C9JZH6,UniProtKB/TrEMBL,1.0,Active
B4DSP1,UniProtKB/TrEMBL,1.0,Active
F8WCM6,UniProtKB/TrEMBL,1.0,Active
Q5T9H5,UniProtKB/TrEMBL,2.0,Active
H7BYN7,UniProtKB/TrEMBL,1.0,Active
Q7Z5U5,UniProtKB/TrEMBL,1.0,Active
Q6LCA9,UniProtKB/TrEMBL,1.0,Active
Q5W0V4,UniProtKB/TrEMBL,1.0,Active
A0A286YFK9,UniProtKB/Swiss-Prot,1.0,Active
K7ELI6,UniProtKB/TrEMBL,2.0,Active
B4DND0,UniProtKB/TrEMBL,1.0,Active
E9PQZ6,UniProtKB/TrEMBL,1.0,Active
B7ZBI6,UniProtKB/TrEMBL,1.0,Active
M0R080,UniProtKB/TrEMBL,1.0,Active
A0A5C2G7L8,UniProtKB/TrEMBL,1.0,Active
B6ECB0,UniProtKB/TrEMBL,2.0,Active
Q6P1N7,UniProtKB/TrEMBL,1.0,Active
A0A2R8Y7Z8,UniProtKB/TrEMBL,1.0,Active
P54852,UniProtKB/Swiss-Prot,5.0,Active
Q5RLN0,UniProtKB/TrEMBL,1.0,Active
K7ER62,UniProtKB/TrEMBL,1.0,Active
A4D1V1,UniProtKB/TrEMBL,1.0,Active
F6SRW8,UniProtKB/TrEMBL,1.0,Active
K7ERV2,UniProtKB/TrEMBL,1.0,Active
D6RJ89,UniProtKB/TrEMBL,1.0,Active
Q53TH9,UniProtKB/TrEMBL,1.0,Active
P10720,UniProtKB/Swiss-Prot,5.0,Active
Q53FH6,UniProtKB/TrEMBL,2.0,Active
K7ERN7,UniProtKB/TrEMBL,1.0,Active
E9PN86,UniProtKB/TrEMBL,1.0,Active
Q9Y342,UniProtKB/Swiss-Prot,5.0,Active
D6R902,UniProtKB/TrEMBL,1.0,Active
A0A0G2JRM9,UniProtKB/TrEMBL,1.0,Active
E9PI77,UniProtKB/TrEMBL,1.0,Active
D6RFJ3,UniProtKB/TrEMBL,1.0,Active
B8ZZ51,UniProtKB/TrEMBL,1.0,Active
A0A5C2GR46,UniProtKB/TrEMBL,1.0,Active
Q6KEC3,UniProtKB/TrEMBL,1.0,Active
H0YCC3,UniProtKB/TrEMBL,1.0,Active
F8WD09,UniProtKB/TrEMBL,2.0,Active
K7EN30,UniProtKB/TrEMBL,2.0,Active
B8ZZY8,UniProtKB/TrEMBL,1.0,Active
Q5T5Q6,UniProtKB/TrEMBL,1.0,Active
Q8WUX2,UniProtKB/Swiss-Prot,4.0,Active
A0A6Q8PH72,UniProtKB/TrEMBL,1.0,Active
A0A494BZW4,UniProtKB/TrEMBL,2.0,Active
Q5H8Y5,UniProtKB/TrEMBL,1.0,Active
F1C633,UniProtKB/TrEMBL,1.0,Active
Q8WYE0,UniProtKB/TrEMBL,1.0,Active
P78340,UniProtKB/TrEMBL,1.0,Active
K7ELC6,UniProtKB/TrEMBL,1.0,Active
A0A5C2G8X2,UniProtKB/TrEMBL,1.0,Active
S4R387,UniProtKB/TrEMBL,1.0,Active
P04155,UniProtKB/Swiss-Prot,5.0,Active
L8E928,UniProtKB/TrEMBL,1.0,Active
H7BZA2,UniProtKB/TrEMBL,2.0,Active
M0R058,UniProtKB/TrEMBL,1.0,Active
L8EAH0,UniProtKB/TrEMBL,1.0,Active
A0A5C2GT56,UniProtKB/TrEMBL,1.0,Active
C9J131,UniProtKB/TrEMBL,1.0,Active
H7C552,UniProtKB/TrEMBL,1.0,Active
O14894,UniProtKB/Swiss-Prot,5.0,Active
A0A7I2V4K3,UniProtKB/TrEMBL,1.0,Active
E9PRF5,UniProtKB/TrEMBL,1.0,Active
Q6Q319,UniProtKB/TrEMBL,1.0,Active
C9J670,UniProtKB/TrEMBL,1.0,Active
V9GYP6,Inactive/Deleted,0.0,Inactive
A0A1P8NQB7,UniProtKB/TrEMBL,1.0,Active
B7Z5Y6,UniProtKB/TrEMBL,2.0,Active
A0A384MTN6,UniProtKB/TrEMBL,2.0,Active
E9PN44,UniProtKB/TrEMBL,1.0,Active
H7C5S5,UniProtKB/TrEMBL,1.0,Active
A0A090N7U9,UniProtKB/TrEMBL,2.0,Active
A0A5C2G9F0,UniProtKB/TrEMBL,1.0,Active
Q9NU23,UniProtKB/Swiss-Prot,3.0,Active
A0A7S5EXB8,UniProtKB/TrEMBL,1.0,Active
F5H0F7,UniProtKB/TrEMBL,1.0,Active
A0A0D9SG14,UniProtKB/TrEMBL,1.0,Active
H3BVC3,UniProtKB/TrEMBL,1.0,Active
A0A087WV44,UniProtKB/TrEMBL,1.0,Active
H3BQA6,UniProtKB/TrEMBL,1.0,Active
A0A2R8YCH1,UniProtKB/TrEMBL,1.0,Active
Q5QP02,UniProtKB/TrEMBL,1.0,Active
E9PE09,UniProtKB/TrEMBL,1.0,Active
Q5GRG0,UniProtKB/TrEMBL,2.0,Active
B4DF72,UniProtKB/TrEMBL,2.0,Active
Q6N024,UniProtKB/TrEMBL,1.0,Active
O60565,UniProtKB/Swiss-Prot,5.0,Active
D6RF97,UniProtKB/TrEMBL,1.0,Active
M0R1B5,UniProtKB/TrEMBL,1.0,Active
B5A977,UniProtKB/TrEMBL,2.0,Active
C9JRF8,UniProtKB/TrEMBL,1.0,Active
Q9UEN8,UniProtKB/TrEMBL,1.0,Active
P62072,UniProtKB/Swiss-Prot,5.0,Active
A0A292G9B9,UniProtKB/TrEMBL,1.0,Active
J3QSZ2,UniProtKB/TrEMBL,1.0,Active
B3KS68,UniProtKB/TrEMBL,1.0,Active
F5H7T4,UniProtKB/TrEMBL,1.0,Active
A0A1B0GUW7,UniProtKB/Swiss-Prot,2.0,Active
A0A192GQE0,UniProtKB/TrEMBL,1.0,Active
O75575,UniProtKB/Swiss-Prot,5.0,Active
A2N2G5,UniProtKB/TrEMBL,1.0,Active
E5RHU1,UniProtKB/TrEMBL,1.0,Active
Q7L1H2,UniProtKB/TrEMBL,1.0,Active
A0A5C2GQQ7,UniProtKB/TrEMBL,1.0,Active
J3QLK4,UniProtKB/TrEMBL,2.0,Active
E9PNV3,UniProtKB/TrEMBL,1.0,Active
E2QRC0,UniProtKB/TrEMBL,1.0,Active
D6RCE0,UniProtKB/TrEMBL,1.0,Active
A0A5C2GMR8,UniProtKB/TrEMBL,1.0,Active
M0R075,UniProtKB/TrEMBL,1.0,Active
A0A2R8YFL7,UniProtKB/Swiss-Prot,2.0,Active
O75506,UniProtKB/Swiss-Prot,5.0,Active
I1VE21,UniProtKB/TrEMBL,1.0,Active
Q9UQN7,UniProtKB/TrEMBL,1.0,Active
P63167,UniProtKB/Swiss-Prot,5.0,Active
A0JLQ0,UniProtKB/TrEMBL,1.0,Active
A2RRA7,UniProtKB/TrEMBL,1.0,Active
Q5GAN3,UniProtKB/Swiss-Prot,2.0,Active
M0R3E6,UniProtKB/TrEMBL,1.0,Active
Q5ULA9,UniProtKB/TrEMBL,1.0,Active
E5RH12,UniProtKB/TrEMBL,1.0,Active
E9PP76,UniProtKB/TrEMBL,1.0,Active
F8WF07,UniProtKB/TrEMBL,1.0,Active
A0A1B1HY13,UniProtKB/TrEMBL,1.0,Active
D6RJE3,UniProtKB/TrEMBL,1.0,Active
F8WA85,UniProtKB/TrEMBL,1.0,Active
Q12988,UniProtKB/Swiss-Prot,4.0,Active
A0A0J9YXH7,UniProtKB/TrEMBL,1.0,Active
H3BPE4,UniProtKB/TrEMBL,1.0,Active
D6R9P1,UniProtKB/TrEMBL,4.0,Active
Q13072,UniProtKB/Swiss-Prot,3.0,Active
M0R2K5,UniProtKB/TrEMBL,1.0,Active
A0A3G2M2G2,UniProtKB/TrEMBL,1.0,Active
A0A5C2GP19,UniProtKB/TrEMBL,1.0,Active
A0A7I2V5M0,UniProtKB/TrEMBL,1.0,Active
A6PVS1,UniProtKB/TrEMBL,1.0,Active
H0YMG1,UniProtKB/TrEMBL,1.0,Active
E5RGA6,UniProtKB/TrEMBL,1.0,Active
F8WCB4,UniProtKB/TrEMBL,1.0,Active
O46786,UniProtKB/TrEMBL,1.0,Active
A0A2U8J978,UniProtKB/TrEMBL,1.0,Active
Q5T3W0,UniProtKB/TrEMBL,2.0,Active
C9JC72,UniProtKB/TrEMBL,1.0,Active
Q7Z7H4,UniProtKB/TrEMBL,1.0,Active
Q49AA5,UniProtKB/TrEMBL,1.0,Active
F8WCC9,UniProtKB/TrEMBL,1.0,Active
A0A1B0GTR6,UniProtKB/TrEMBL,3.0,Active
Q9NSP4,UniProtKB/Swiss-Prot,5.0,Active
Q6QBS2,UniProtKB/TrEMBL,1.0,Active
E5RHD6,UniProtKB/TrEMBL,1.0,Active
E5RIQ8,UniProtKB/TrEMBL,1.0,Active
A0A5C2GAB4,UniProtKB/TrEMBL,1.0,Active
X6RE72,UniProtKB/TrEMBL,1.0,Active
B9TX66,UniProtKB/TrEMBL,1.0,Active
A0A1U9X8Y8,UniProtKB/TrEMBL,2.0,Active
Q53QP3,UniProtKB/TrEMBL,1.0,Active
B4E059,UniProtKB/TrEMBL,2.0,Active
Q53S85,UniProtKB/TrEMBL,1.0,Active
Q30KQ9,UniProtKB/Swiss-Prot,4.0,Active
A0A669KB26,UniProtKB/TrEMBL,3.0,Active
A0A089VIW4,UniProtKB/TrEMBL,1.0,Active
A0A090N8G2,UniProtKB/TrEMBL,1.0,Active
A0A1B1HY29,UniProtKB/TrEMBL,1.0,Active
Q3LR71,UniProtKB/TrEMBL,2.0,Active
A0A5C2GDZ7,UniProtKB/TrEMBL,1.0,Active
Q53QM9,UniProtKB/TrEMBL,1.0,Active
B7Z6A7,UniProtKB/TrEMBL,1.0,Active
B3VRM5,UniProtKB/TrEMBL,1.0,Active
Q5TG78,UniProtKB/TrEMBL,1.0,Active
C9J3Q6,UniProtKB/TrEMBL,1.0,Active
F5H694,UniProtKB/TrEMBL,4.0,Active
Q53GA4,UniProtKB/Swiss-Prot,5.0,Active
A0A1W2PRW9,UniProtKB/TrEMBL,2.0,Active
B4DTM0,UniProtKB/TrEMBL,1.0,Active
Q8IZH9,UniProtKB/TrEMBL,2.0,Active
Q9BQR0,UniProtKB/TrEMBL,1.0,Active
M0QZ01,UniProtKB/TrEMBL,1.0,Active
O00175,UniProtKB/Swiss-Prot,5.0,Active
Q15936,UniProtKB/TrEMBL,1.0,Active
F8VP94,UniProtKB/TrEMBL,1.0,Active
A7E1X4,UniProtKB/TrEMBL,1.0,Active
A0A494C013,UniProtKB/TrEMBL,1.0,Active
F5GYE9,UniProtKB/TrEMBL,2.0,Active
G3V434,UniProtKB/TrEMBL,1.0,Active
P32970,UniProtKB/Swiss-Prot,5.0,Active
P83876,UniProtKB/Swiss-Prot,5.0,Active
Q3SYB5,UniProtKB/TrEMBL,1.0,Active
A0A5C2GFN8,UniProtKB/TrEMBL,1.0,Active
Q8IV92,UniProtKB/TrEMBL,2.0,Active
A0A5C2GA42,UniProtKB/TrEMBL,1.0,Active
K7EPP3,UniProtKB/TrEMBL,1.0,Active
Q14051,UniProtKB/TrEMBL,1.0,Active
Q8NHZ8,UniProtKB/Swiss-Prot,5.0,Active
Q1PHJ0,UniProtKB/TrEMBL,1.0,Active
G3V4B2,UniProtKB/TrEMBL,1.0,Active
Q5JVP2,UniProtKB/TrEMBL,2.0,Active
K7EME9,UniProtKB/TrEMBL,1.0,Active
A0A4P8J2A5,UniProtKB/TrEMBL,1.0,Active
F5H5E0,UniProtKB/TrEMBL,3.0,Active
F8W7T0,UniProtKB/TrEMBL,1.0,Active
Q9Y6Y9,UniProtKB/Swiss-Prot,5.0,Active
O43573,UniProtKB/TrEMBL,1.0,Active
Q6UVW9,UniProtKB/Swiss-Prot,5.0,Active
L0R823,UniProtKB/TrEMBL,1.0,Active
A0A7S5C008,UniProtKB/TrEMBL,1.0,Active
F8WAX6,UniProtKB/TrEMBL,1.0,Active
A0A3Q8ATG4,UniProtKB/TrEMBL,2.0,Active
L0R6J0,UniProtKB/TrEMBL,1.0,Active
D6RH14,UniProtKB/TrEMBL,1.0,Active
I3L1C4,UniProtKB/TrEMBL,2.0,Active
E5RHR2,UniProtKB/TrEMBL,1.0,Active
A0A411HBF5,UniProtKB/TrEMBL,2.0,Active
E7ET59,UniProtKB/TrEMBL,2.0,Active
Q99445,UniProtKB/Swiss-Prot,4.0,Active
E5RH81,UniProtKB/TrEMBL,3.0,Active
D6RHY1,UniProtKB/TrEMBL,1.0,Active
A0A0G2JS40,UniProtKB/TrEMBL,1.0,Active
B4DFW2,UniProtKB/TrEMBL,2.0,Active
E9PLZ7,UniProtKB/TrEMBL,2.0,Active
A0A1Z2R910,UniProtKB/TrEMBL,1.0,Active
C9JA25,UniProtKB/TrEMBL,1.0,Active
Q99533,UniProtKB/TrEMBL,1.0,Active
F5H3G9,UniProtKB/TrEMBL,1.0,Active
A0A5C2GPJ6,UniProtKB/TrEMBL,1.0,Active
G8JLJ2,UniProtKB/TrEMBL,2.0,Active
A0A5P9KEU5,UniProtKB/TrEMBL,1.0,Active
Q6UWE3,UniProtKB/Swiss-Prot,3.0,Active
A0A7I2V4F3,UniProtKB/TrEMBL,1.0,Active
K7EL75,UniProtKB/TrEMBL,1.0,Active
H0YBA0,UniProtKB/TrEMBL,1.0,Active
Q5TG59,UniProtKB/TrEMBL,1.0,Active
A0A1W2PPE7,UniProtKB/TrEMBL,1.0,Active
D6RB75,UniProtKB/TrEMBL,1.0,Active
D6RBC2,UniProtKB/TrEMBL,1.0,Active
C9JX80,UniProtKB/TrEMBL,1.0,Active
H7BYY8,UniProtKB/TrEMBL,1.0,Active
Q53TI4,UniProtKB/TrEMBL,1.0,Active
A0A3G6VDY0,UniProtKB/TrEMBL,1.0,Active
Q8NES8,UniProtKB/Swiss-Prot,3.0,Active
A0A7S5C1R6,UniProtKB/TrEMBL,1.0,Active
O15432,UniProtKB/Swiss-Prot,5.0,Active
A6NJD9,UniProtKB/TrEMBL,2.0,Active
A0A3G5AJB3,UniProtKB/TrEMBL,1.0,Active
X6RL26,UniProtKB/TrEMBL,1.0,Active
F8WD75,UniProtKB/TrEMBL,1.0,Active
A8K0M4,UniProtKB/TrEMBL,3.0,Active
Q53SG8,UniProtKB/TrEMBL,1.0,Active
D6RAP6,UniProtKB/TrEMBL,1.0,Active
H7BZP6,UniProtKB/TrEMBL,1.0,Active
D6RDG2,UniProtKB/TrEMBL,1.0,Active
Q9HD57,UniProtKB/TrEMBL,1.0,Active
Q30KP8,UniProtKB/Swiss-Prot,4.0,Active
Q9NWW3,UniProtKB/TrEMBL,1.0,Active
Q8WYV5,UniProtKB/TrEMBL,1.0,Active
Q9NYJ1,UniProtKB/Swiss-Prot,4.0,Active
E9PNM9,UniProtKB/TrEMBL,1.0,Active
A0A5C2GP62,UniProtKB/TrEMBL,1.0,Active
L0R512,UniProtKB/TrEMBL,1.0,Active
A0A5C2GAM3,UniProtKB/TrEMBL,1.0,Active
B3KQB4,UniProtKB/TrEMBL,2.0,Active
H7C502,UniProtKB/TrEMBL,1.0,Active
F6R6M7,UniProtKB/TrEMBL,2.0,Active
B0FJM0,UniProtKB/TrEMBL,1.0,Active
B3KWD9,UniProtKB/TrEMBL,1.0,Active
P0C7P0,UniProtKB/Swiss-Prot,5.0,Active
Q8WXD5,UniProtKB/Swiss-Prot,5.0,Active
B3KRG6,UniProtKB/TrEMBL,1.0,Active
Q5ULA3,UniProtKB/TrEMBL,4.0,Active
H0Y9L6,UniProtKB/TrEMBL,1.0,Active
Q5SZE3,UniProtKB/TrEMBL,2.0,Active
L8ECM0,UniProtKB/TrEMBL,1.0,Active
P02778,UniProtKB/Swiss-Prot,5.0,Active
H3BQ47,UniProtKB/TrEMBL,1.0,Active
L8E7D1,UniProtKB/TrEMBL,1.0,Active
B7Z8C2,UniProtKB/TrEMBL,1.0,Active
C9IYS6,UniProtKB/TrEMBL,1.0,Active
Q9BRT2,UniProtKB/Swiss-Prot,5.0,Active
E9PQ08,UniProtKB/TrEMBL,2.0,Active
O75711,UniProtKB/Swiss-Prot,4.0,Active
A0A482KFZ6,UniProtKB/TrEMBL,1.0,Active
B7Z4S1,UniProtKB/TrEMBL,2.0,Active
A0A7R8C391,UniProtKB/TrEMBL,2.0,Active
Q96EL2,UniProtKB/Swiss-Prot,3.0,Active
A0A075B7D2,UniProtKB/TrEMBL,3.0,Active
F5H716,UniProtKB/TrEMBL,1.0,Active
Q9Y4Z0,UniProtKB/Swiss-Prot,5.0,Active
D6RD93,UniProtKB/TrEMBL,1.0,Active
Q6LBF4,UniProtKB/TrEMBL,2.0,Active
D6R974,UniProtKB/TrEMBL,2.0,Active
A0A2Y9CYD6,UniProtKB/TrEMBL,1.0,Active
C9JW37,UniProtKB/TrEMBL,1.0,Active
A0A5C2G8J1,UniProtKB/TrEMBL,1.0,Active
H3BP43,UniProtKB/TrEMBL,2.0,Active
A0A087X021,UniProtKB/TrEMBL,1.0,Active
H0YNJ9,UniProtKB/TrEMBL,2.0,Active
J3QR81,UniProtKB/TrEMBL,1.0,Active
C9J6A9,UniProtKB/TrEMBL,1.0,Active
J3QLR1,UniProtKB/TrEMBL,2.0,Active
Q5FBZ5,UniProtKB/TrEMBL,2.0,Active
Q59FV7,UniProtKB/TrEMBL,2.0,Active
A0A7R6M8N0,UniProtKB/TrEMBL,1.0,Active
I3L1I3,UniProtKB/TrEMBL,3.0,Active
A0A5C2GLF5,UniProtKB/TrEMBL,1.0,Active
Q9NZK7,UniProtKB/Swiss-Prot,5.0,Active
A0A075B6N4,UniProtKB/Swiss-Prot,3.0,Active
Q003V6,UniProtKB/TrEMBL,1.0,Active
B3KMT1,UniProtKB/TrEMBL,1.0,Active
A0A8B0SY07,UniProtKB/TrEMBL,2.0,Active
A0A346RDT0,UniProtKB/TrEMBL,1.0,Active
A0A7S5BY31,UniProtKB/TrEMBL,1.0,Active
A0A0A7DYA9,UniProtKB/TrEMBL,1.0,Active
A0A384MDK0,UniProtKB/TrEMBL,1.0,Active
H3BN23,UniProtKB/TrEMBL,1.0,Active
A0A5C2G8C7,UniProtKB/TrEMBL,1.0,Active
P41271,UniProtKB/Swiss-Prot,5.0,Active
C9JEM6,UniProtKB/TrEMBL,2.0,Active
A0A7S5C2A3,UniProtKB/TrEMBL,1.0,Active
H0YHP5,UniProtKB/TrEMBL,1.0,Active
C9J623,UniProtKB/TrEMBL,1.0,Active
Q9H0N5,UniProtKB/Swiss-Prot,5.0,Active
J3QLQ6,UniProtKB/TrEMBL,1.0,Active
A0A7S5BYS3,UniProtKB/TrEMBL,1.0,Active
A0A3B3ISB3,UniProtKB/TrEMBL,1.0,Active
H0YMM4,UniProtKB/TrEMBL,1.0,Active
Q4VXN1,UniProtKB/TrEMBL,1.0,Active
Q96K29,UniProtKB/TrEMBL,1.0,Active
G3V4E6,UniProtKB/TrEMBL,1.0,Active
Q9Y2V2,UniProtKB/Swiss-Prot,5.0,Active
B3KWP1,UniProtKB/TrEMBL,1.0,Active
M0QXM9,UniProtKB/TrEMBL,2.0,Active
Q5JU32,UniProtKB/TrEMBL,1.0,Active
A0A5C2GID5,UniProtKB/TrEMBL,1.0,Active
Q96BL1,UniProtKB/TrEMBL,1.0,Active
H0YK66,UniProtKB/TrEMBL,1.0,Active
A0A087WZ61,UniProtKB/TrEMBL,1.0,Active
C9K084,UniProtKB/TrEMBL,1.0,Active
E7ENU7,UniProtKB/TrEMBL,2.0,Active
Q9NX33,UniProtKB/TrEMBL,1.0,Active
O75414,UniProtKB/Swiss-Prot,5.0,Active
C1KH65,UniProtKB/TrEMBL,1.0,Active
Q5ZEZ0,UniProtKB/TrEMBL,1.0,Active
E9PP22,UniProtKB/TrEMBL,1.0,Active
Q64GA8,UniProtKB/TrEMBL,1.0,Active
C9DZM4,UniProtKB/TrEMBL,1.0,Active
Q8NEX5,UniProtKB/Swiss-Prot,2.0,Active
I3L2B5,UniProtKB/TrEMBL,1.0,Active
Q0KH85,UniProtKB/TrEMBL,1.0,Active
A0A5C2GWN8,UniProtKB/TrEMBL,1.0,Active
A0A494BZY9,UniProtKB/TrEMBL,1.0,Active
A0A5C2G937,UniProtKB/TrEMBL,1.0,Active
C9J935,UniProtKB/TrEMBL,1.0,Active
A0A5C2GKM4,UniProtKB/TrEMBL,1.0,Active
G5E9A2,UniProtKB/TrEMBL,1.0,Active
A0A024R7E8,UniProtKB/TrEMBL,2.0,Active
A0A7I2V5B3,UniProtKB/TrEMBL,1.0,Active
B0QZD5,UniProtKB/TrEMBL,1.0,Active
B6DU66,UniProtKB/TrEMBL,1.0,Active
A0A5C2GAS8,UniProtKB/TrEMBL,1.0,Active
G3V4X4,UniProtKB/TrEMBL,1.0,Active
Q9NV12,UniProtKB/Swiss-Prot,5.0,Active
F5H6D4,UniProtKB/TrEMBL,2.0,Active
A0A0F6X1D7,UniProtKB/TrEMBL,1.0,Active
Q9UNX8,UniProtKB/TrEMBL,1.0,Active
A0A5C2FUW9,UniProtKB/TrEMBL,1.0,Active
Q57YV6,UniProtKB/TrEMBL,2.0,Active
A0A087WW36,UniProtKB/TrEMBL,1.0,Active
A8QM56,UniProtKB/TrEMBL,1.0,Active
H0YAS3,UniProtKB/TrEMBL,2.0,Active
E7EUU0,UniProtKB/TrEMBL,1.0,Active
H3BSU6,UniProtKB/TrEMBL,1.0,Active
L0R6M5,UniProtKB/TrEMBL,1.0,Active
F5GZG6,UniProtKB/TrEMBL,2.0,Active
A0A2D1BTF8,UniProtKB/TrEMBL,1.0,Active
E9PKL7,UniProtKB/TrEMBL,1.0,Active
A0A1B1PFX5,UniProtKB/TrEMBL,1.0,Active
P08118,UniProtKB/Swiss-Prot,5.0,Active
B8YCP3,UniProtKB/TrEMBL,2.0,Active
A0A7S5BZA2,UniProtKB/TrEMBL,1.0,Active
Q6UXS0,UniProtKB/Swiss-Prot,3.0,Active
Q6MZG8,UniProtKB/TrEMBL,1.0,Active
Q4ZFY0,UniProtKB/TrEMBL,1.0,Active
A0A5C2GNN9,UniProtKB/TrEMBL,1.0,Active
M0R146,UniProtKB/TrEMBL,1.0,Active
Q8WVP5,UniProtKB/Swiss-Prot,5.0,Active
P0DP58,UniProtKB/Swiss-Prot,5.0,Active
K7EKE2,UniProtKB/TrEMBL,1.0,Active
Q9NPJ3,UniProtKB/Swiss-Prot,5.0,Active
J3QKV4,UniProtKB/TrEMBL,1.0,Active
B4DIZ2,UniProtKB/TrEMBL,1.0,Active
A0A5C2GQD1,UniProtKB/TrEMBL,1.0,Active
A0A5C2G8D5,UniProtKB/TrEMBL,1.0,Active
A0A0A1EAI1,UniProtKB/TrEMBL,3.0,Active
A0A087X1A9,UniProtKB/TrEMBL,1.0,Active
D6RA33,UniProtKB/TrEMBL,1.0,Active
V9GY52,UniProtKB/TrEMBL,1.0,Active
C9JDQ1,UniProtKB/TrEMBL,2.0,Active
Q5JRI8,UniProtKB/TrEMBL,1.0,Active
A0A087WXR7,UniProtKB/TrEMBL,2.0,Active
P56381,UniProtKB/Swiss-Prot,5.0,Active
V9GYX8,UniProtKB/TrEMBL,2.0,Active
A0A5C2GIL3,UniProtKB/TrEMBL,1.0,Active
M0R0E8,UniProtKB/TrEMBL,1.0,Active
Q9P0J6,UniProtKB/Swiss-Prot,4.0,Active
A0A7P0T849,UniProtKB/TrEMBL,1.0,Active
A0A894JZ42,UniProtKB/TrEMBL,1.0,Active
A0A1B1HY05,UniProtKB/TrEMBL,1.0,Active
L8EC62,UniProtKB/TrEMBL,1.0,Active
B4DKK1,UniProtKB/TrEMBL,1.0,Active
A0A6Q8PFD5,UniProtKB/TrEMBL,1.0,Active
J3QLE5,UniProtKB/TrEMBL,2.0,Active
Q9UNL2,UniProtKB/Swiss-Prot,4.0,Active
A1L0W4,UniProtKB/TrEMBL,1.0,Active
Q9Y693,UniProtKB/Swiss-Prot,3.0,Active
X6RF05,UniProtKB/TrEMBL,1.0,Active
P62891,UniProtKB/Swiss-Prot,5.0,Active
M1RMB3,UniProtKB/TrEMBL,1.0,Active
Q6LCA3,UniProtKB/TrEMBL,1.0,Active
Q96E93,UniProtKB/Swiss-Prot,5.0,Active
H7C2R3,UniProtKB/TrEMBL,1.0,Active
Q9BXV3,UniProtKB/TrEMBL,2.0,Active
U3KQA2,UniProtKB/TrEMBL,1.0,Active
A0A5C2GG42,UniProtKB/TrEMBL,1.0,Active
G9G137,UniProtKB/TrEMBL,1.0,Active
H0YMJ1,UniProtKB/TrEMBL,1.0,Active
J3QR05,UniProtKB/TrEMBL,1.0,Active
H0YNM9,UniProtKB/TrEMBL,1.0,Active
I3NI54,UniProtKB/TrEMBL,1.0,Active
E9PRZ2,UniProtKB/TrEMBL,1.0,Active
J3QKY0,UniProtKB/TrEMBL,1.0,Active
H7BZN1,UniProtKB/TrEMBL,2.0,Active
A0A7S5BYW3,UniProtKB/TrEMBL,1.0,Active
A0A5C2GC45,UniProtKB/TrEMBL,1.0,Active
F8W9U0,UniProtKB/TrEMBL,1.0,Active
A0A2R8Y4V3,UniProtKB/TrEMBL,1.0,Active
F8WF48,UniProtKB/TrEMBL,1.0,Active
Q6PK75,UniProtKB/TrEMBL,1.0,Active
Q8NG20,UniProtKB/TrEMBL,1.0,Active
I3L480,UniProtKB/TrEMBL,2.0,Active
J3QKP5,UniProtKB/TrEMBL,2.0,Active
B2R4A9,UniProtKB/TrEMBL,2.0,Active
P26678,UniProtKB/Swiss-Prot,5.0,Active
A8K773,UniProtKB/TrEMBL,1.0,Active
A0A1B0GVK7,UniProtKB/Swiss-Prot,2.0,Active
B4DUK1,UniProtKB/TrEMBL,2.0,Active
E9PQI5,UniProtKB/TrEMBL,3.0,Active
Q6RGF7,UniProtKB/TrEMBL,1.0,Active
A0A1S6WMC6,UniProtKB/TrEMBL,1.0,Active
A0A1B1PFW2,UniProtKB/TrEMBL,1.0,Active
C9J1C1,UniProtKB/TrEMBL,3.0,Active
C9JKG6,UniProtKB/TrEMBL,2.0,Active
B4DGD2,UniProtKB/TrEMBL,1.0,Active
H7C0Y7,UniProtKB/TrEMBL,1.0,Active
H0YCD5,UniProtKB/TrEMBL,1.0,Active
E5RJR3,UniProtKB/TrEMBL,2.0,Active
A0A0G2JRP3,UniProtKB/TrEMBL,1.0,Active
Q9UMC9,UniProtKB/TrEMBL,1.0,Active
A0A7S5BYD8,UniProtKB/TrEMBL,1.0,Active
V9H119,UniProtKB/TrEMBL,1.0,Active
Q4JM47,UniProtKB/TrEMBL,1.0,Active
A0A087WT22,UniProtKB/TrEMBL,3.0,Active
A0A2R8Y6Q2,UniProtKB/TrEMBL,1.0,Active
A0A384MR21,UniProtKB/TrEMBL,2.0,Active
C9JQT4,UniProtKB/TrEMBL,1.0,Active
A0A5C2G889,UniProtKB/TrEMBL,1.0,Active
Q8TDA6,UniProtKB/TrEMBL,1.0,Active
D6RD70,UniProtKB/TrEMBL,1.0,Active
E7ENL8,UniProtKB/TrEMBL,1.0,Active
E9PLC4,UniProtKB/TrEMBL,2.0,Active
E9PNJ1,UniProtKB/TrEMBL,1.0,Active
A0A5C2G8U6,UniProtKB/TrEMBL,1.0,Active
A0A5C2G7C1,UniProtKB/TrEMBL,1.0,Active
B7Z478,UniProtKB/TrEMBL,2.0,Active
F8WCD2,UniProtKB/TrEMBL,1.0,Active
Q4ZG81,UniProtKB/TrEMBL,3.0,Active
Q9P0L8,UniProtKB/TrEMBL,1.0,Active
F8W1T9,UniProtKB/TrEMBL,1.0,Active
Q9H373,UniProtKB/TrEMBL,1.0,Active
P48061,UniProtKB/Swiss-Prot,5.0,Active
X6RFG1,UniProtKB/TrEMBL,1.0,Active
A0A0G2JJL7,UniProtKB/TrEMBL,2.0,Active
A2NZL3,UniProtKB/TrEMBL,1.0,Active
A0A5C2GUS3,UniProtKB/TrEMBL,1.0,Active
K7EKF0,UniProtKB/TrEMBL,1.0,Active
A0A2U7NZY9,UniProtKB/TrEMBL,3.0,Active
A3RDR6,UniProtKB/TrEMBL,1.0,Active
D6RBU3,UniProtKB/TrEMBL,1.0,Active
A0A0S2Z630,UniProtKB/TrEMBL,3.0,Active
A0A1L2BU42,UniProtKB/TrEMBL,1.0,Active
A0A5F9ZHC6,UniProtKB/TrEMBL,1.0,Active
H0YKT8,UniProtKB/TrEMBL,3.0,Active
Q92478,UniProtKB/Swiss-Prot,5.0,Active
K7ELJ4,UniProtKB/TrEMBL,1.0,Active
A0A2R8YEZ3,UniProtKB/TrEMBL,1.0,Active
A0A0B4U845,UniProtKB/TrEMBL,1.0,Active
E5RJB7,UniProtKB/TrEMBL,1.0,Active
H0YLK3,UniProtKB/TrEMBL,1.0,Active
Q53T70,UniProtKB/TrEMBL,2.0,Active
H3BPA2,UniProtKB/TrEMBL,1.0,Active
H7C550,UniProtKB/TrEMBL,1.0,Active
K7EKE5,UniProtKB/TrEMBL,2.0,Active
E9PK08,UniProtKB/TrEMBL,1.0,Active
O14602,UniProtKB/Swiss-Prot,4.0,Active
O75079,UniProtKB/TrEMBL,1.0,Active
K7EQX5,UniProtKB/TrEMBL,1.0,Active
C9JRD9,UniProtKB/TrEMBL,1.0,Active
A0A7I2V4A0,UniProtKB/TrEMBL,1.0,Active
A0A5C2G939,UniProtKB/TrEMBL,1.0,Active
A0A5C2GIX4,UniProtKB/TrEMBL,1.0,Active
K7EJC9,UniProtKB/TrEMBL,1.0,Active
A0A5C2G5P9,UniProtKB/TrEMBL,1.0,Active
K7ESE7,UniProtKB/TrEMBL,1.0,Active
A0A7S5EVP0,UniProtKB/TrEMBL,1.0,Active
B4E1A8,UniProtKB/TrEMBL,1.0,Active
A4D1G5,UniProtKB/TrEMBL,2.0,Active
A7YQ73,UniProtKB/TrEMBL,2.0,Active
A0A7S5C1X6,UniProtKB/TrEMBL,1.0,Active
E7EPN0,UniProtKB/TrEMBL,1.0,Active
Q68VJ6,UniProtKB/TrEMBL,1.0,Active
E5RFE7,UniProtKB/TrEMBL,3.0,Active
Q6LCG1,UniProtKB/TrEMBL,1.0,Active
R4GMW1,UniProtKB/TrEMBL,1.0,Active
H7C218,UniProtKB/TrEMBL,1.0,Active
Q96MK6,UniProtKB/TrEMBL,1.0,Active
P07998,UniProtKB/Swiss-Prot,5.0,Active
B7ZBT0,UniProtKB/TrEMBL,1.0,Active
H0Y8U4,UniProtKB/TrEMBL,1.0,Active
B4DEH5,UniProtKB/TrEMBL,1.0,Active
C9JUZ7,UniProtKB/TrEMBL,1.0,Active
G3LGR5,UniProtKB/TrEMBL,1.0,Active
Q5JV61,UniProtKB/TrEMBL,1.0,Active
A0A384P5R1,UniProtKB/TrEMBL,1.0,Active
A0A346RP37,UniProtKB/TrEMBL,1.0,Active
Q96N28,UniProtKB/Swiss-Prot,4.0,Active
B5A212,UniProtKB/TrEMBL,1.0,Active
M0R070,UniProtKB/TrEMBL,1.0,Active
K7ES80,UniProtKB/TrEMBL,1.0,Active
P54851,UniProtKB/Swiss-Prot,5.0,Active
R4GNA4,UniProtKB/TrEMBL,1.0,Active
A8QID0,UniProtKB/TrEMBL,1.0,Active
C9J792,UniProtKB/TrEMBL,1.0,Active
C9JJ64,UniProtKB/TrEMBL,1.0,Active
H3BPP2,UniProtKB/TrEMBL,1.0,Active
A0A7S5C5G8,UniProtKB/TrEMBL,1.0,Active
K7ESN1,UniProtKB/TrEMBL,1.0,Active
A0A481ZHW6,UniProtKB/TrEMBL,2.0,Active
E9PLI5,UniProtKB/TrEMBL,2.0,Active
C9JZI8,UniProtKB/TrEMBL,1.0,Active
A6NGQ2,UniProtKB/Swiss-Prot,5.0,Active
B4E149,UniProtKB/TrEMBL,1.0,Active
D6REZ3,UniProtKB/TrEMBL,1.0,Active
H7C1Y4,UniProtKB/TrEMBL,1.0,Active
A0A384MDR3,UniProtKB/TrEMBL,2.0,Active
A0A3T0CIT9,UniProtKB/TrEMBL,1.0,Active
F8WD59,UniProtKB/TrEMBL,1.0,Active
O75607,UniProtKB/Swiss-Prot,5.0,Active
Q5W188,UniProtKB/Swiss-Prot,2.0,Active
A0A2R8Y5U3,UniProtKB/TrEMBL,1.0,Active
B2R506,UniProtKB/TrEMBL,2.0,Active
A0A2R8YE86,UniProtKB/TrEMBL,1.0,Active
A4IF34,UniProtKB/TrEMBL,1.0,Active
B5MCL5,UniProtKB/TrEMBL,1.0,Active
K7ERW3,UniProtKB/TrEMBL,1.0,Active
F8WAS3,UniProtKB/TrEMBL,2.0,Active
Q16324,UniProtKB/TrEMBL,1.0,Active
H2KMD7,UniProtKB/TrEMBL,1.0,Active
E5RFX4,UniProtKB/TrEMBL,1.0,Active
E9PRV1,UniProtKB/TrEMBL,1.0,Active
Q7Z2I3,UniProtKB/TrEMBL,1.0,Active
H3BMH8,UniProtKB/TrEMBL,1.0,Active
Q13169,UniProtKB/TrEMBL,4.0,Active
A0A7S5EVP8,UniProtKB/TrEMBL,1.0,Active
I3NI34,UniProtKB/TrEMBL,1.0,Active
F5H5P3,UniProtKB/TrEMBL,1.0,Active
Q7Z2H1,UniProtKB/TrEMBL,1.0,Active
B4DW12,UniProtKB/TrEMBL,2.0,Active
O60542,UniProtKB/Swiss-Prot,4.0,Active
H7BZ10,UniProtKB/TrEMBL,1.0,Active
A0A0C4DGB0,UniProtKB/TrEMBL,2.0,Active
J3KSC1,UniProtKB/TrEMBL,1.0,Active
G3V331,UniProtKB/TrEMBL,1.0,Active
C9JIX5,UniProtKB/TrEMBL,1.0,Active
C9JUV4,UniProtKB/TrEMBL,1.0,Active
B0QYG8,UniProtKB/TrEMBL,1.0,Active
K7ENA0,UniProtKB/TrEMBL,1.0,Active
E5RIU0,UniProtKB/TrEMBL,1.0,Active
H0YIA0,UniProtKB/TrEMBL,3.0,Active
K7ENA7,UniProtKB/TrEMBL,2.0,Active
D6RCT0,UniProtKB/TrEMBL,1.0,Active
A4ZPI3,UniProtKB/TrEMBL,1.0,Active
H0YBM8,UniProtKB/TrEMBL,1.0,Active
A0A5C2GB63,UniProtKB/TrEMBL,1.0,Active
A0A1B0GUV8,UniProtKB/TrEMBL,2.0,Active
C9JCF5,UniProtKB/TrEMBL,1.0,Active
A0A087WZ38,UniProtKB/TrEMBL,2.0,Active
B4DIG4,UniProtKB/TrEMBL,2.0,Active
M0QYM3,UniProtKB/TrEMBL,1.0,Active
Q15930,UniProtKB/TrEMBL,1.0,Active
F6MG31,UniProtKB/TrEMBL,1.0,Active
C9JPR9,UniProtKB/TrEMBL,1.0,Active
A0A5C2GS77,UniProtKB/TrEMBL,1.0,Active
B8ZZ75,UniProtKB/TrEMBL,2.0,Active
P17900,UniProtKB/Swiss-Prot,5.0,Active
A0A2Z5ENX2,UniProtKB/TrEMBL,1.0,Active
F5H582,UniProtKB/TrEMBL,1.0,Active
Q5SY00,UniProtKB/TrEMBL,1.0,Active
B7ZB43,UniProtKB/TrEMBL,1.0,Active
A0A0A0MSS0,UniProtKB/TrEMBL,3.0,Active
L8ECI1,UniProtKB/TrEMBL,1.0,Active
A0A120HB06,UniProtKB/TrEMBL,1.0,Active
Q9NZ23,UniProtKB/TrEMBL,2.0,Active
Q7Z6Q0,UniProtKB/TrEMBL,1.0,Active
F8WAM2,UniProtKB/TrEMBL,1.0,Active
E9PPL4,UniProtKB/TrEMBL,1.0,Active
A0A3B3IRR5,UniProtKB/TrEMBL,1.0,Active
Q6N0A8,UniProtKB/TrEMBL,1.0,Active
H0YMI8,UniProtKB/TrEMBL,2.0,Active
A0A0S3LTK9,UniProtKB/TrEMBL,2.0,Active
F5GX26,UniProtKB/TrEMBL,1.0,Active
C9JTA8,UniProtKB/TrEMBL,1.0,Active
C9JCT1,UniProtKB/TrEMBL,1.0,Active
A0A7S5ETA6,UniProtKB/TrEMBL,1.0,Active
Q9Y5J7,UniProtKB/Swiss-Prot,5.0,Active
A0A7P0Z442,UniProtKB/TrEMBL,1.0,Active
A0A5C2GAA8,UniProtKB/TrEMBL,1.0,Active
E5RIW0,UniProtKB/TrEMBL,1.0,Active
E9PNY5,UniProtKB/TrEMBL,1.0,Active
A0A087WWY6,UniProtKB/TrEMBL,1.0,Active
J3KTB7,UniProtKB/TrEMBL,1.0,Active
B7Z1U2,UniProtKB/TrEMBL,1.0,Active
Q16128,UniProtKB/TrEMBL,1.0,Active
F8VVF2,UniProtKB/TrEMBL,1.0,Active
L8EC49,UniProtKB/TrEMBL,1.0,Active
H0YNC5,UniProtKB/TrEMBL,2.0,Active
A0A5C2GQI3,UniProtKB/TrEMBL,1.0,Active
Q68D25,UniProtKB/TrEMBL,1.0,Active
A0A5C2GRZ8,UniProtKB/TrEMBL,1.0,Active
Q2PDH7,UniProtKB/TrEMBL,1.0,Active
A5JUZ3,UniProtKB/TrEMBL,1.0,Active
J9Z661,UniProtKB/TrEMBL,1.0,Active
M0R0B1,UniProtKB/TrEMBL,1.0,Active
M0R000,UniProtKB/TrEMBL,2.0,Active
K7EJX3,UniProtKB/TrEMBL,1.0,Active
A0A5C2GE72,UniProtKB/TrEMBL,1.0,Active
F6R0H4,UniProtKB/TrEMBL,1.0,Active
L8EA41,UniProtKB/TrEMBL,1.0,Active
Q9BT52,UniProtKB/TrEMBL,1.0,Active
C9JLU3,UniProtKB/TrEMBL,1.0,Active
E2QRN5,UniProtKB/TrEMBL,1.0,Active
L8E9D1,UniProtKB/TrEMBL,1.0,Active
A0A6Q8PH36,UniProtKB/TrEMBL,1.0,Active
A0A1W6IYJ6,UniProtKB/TrEMBL,1.0,Active
A0A024DAF4,UniProtKB/TrEMBL,1.0,Active
U5YC57,UniProtKB/TrEMBL,1.0,Active
J3QL93,UniProtKB/TrEMBL,2.0,Active
H0YL74,UniProtKB/TrEMBL,1.0,Active
P41223,UniProtKB/Swiss-Prot,5.0,Active
Q05DG1,UniProtKB/TrEMBL,1.0,Active
B4DHB5,UniProtKB/TrEMBL,1.0,Active
E5RJC4,UniProtKB/TrEMBL,1.0,Active
A0A5C2GP33,UniProtKB/TrEMBL,1.0,Active
H0YCZ6,UniProtKB/TrEMBL,2.0,Active
Q8TBL5,UniProtKB/TrEMBL,1.0,Active
Q6XKX7,UniProtKB/TrEMBL,1.0,Active
E9PPN9,UniProtKB/TrEMBL,1.0,Active
C9JCS7,UniProtKB/TrEMBL,1.0,Active
O95896,UniProtKB/TrEMBL,2.0,Active
A0A590UJ97,UniProtKB/TrEMBL,1.0,Active
B4DRU4,UniProtKB/TrEMBL,1.0,Active
E5RJ35,UniProtKB/TrEMBL,2.0,Active
R4GNG7,UniProtKB/TrEMBL,1.0,Active
A8MT87,UniProtKB/TrEMBL,1.0,Active
A0A1U9X7Y6,UniProtKB/TrEMBL,2.0,Active
A0A5C2GR26,UniProtKB/TrEMBL,1.0,Active
A0A5C2GAB6,UniProtKB/TrEMBL,1.0,Active
C9JP36,UniProtKB/TrEMBL,2.0,Active
K7EQE9,UniProtKB/TrEMBL,1.0,Active
Q58G82,UniProtKB/Swiss-Prot,4.0,Active
A0A5C2GF87,UniProtKB/TrEMBL,1.0,Active
A2VCL8,UniProtKB/TrEMBL,1.0,Active
Q5JTF2,UniProtKB/TrEMBL,1.0,Active
H3BMC7,UniProtKB/TrEMBL,2.0,Active
B2R8K5,UniProtKB/TrEMBL,1.0,Active
Q9NPF7,UniProtKB/Swiss-Prot,5.0,Active
Q8J003,UniProtKB/TrEMBL,1.0,Active
Q96B07,UniProtKB/TrEMBL,2.0,Active
Q45NE5,UniProtKB/TrEMBL,2.0,Active
A0A5C2GCK5,UniProtKB/TrEMBL,1.0,Active
D6RIH7,UniProtKB/TrEMBL,2.0,Active
A4D110,UniProtKB/TrEMBL,2.0,Active
C9JAU3,UniProtKB/TrEMBL,1.0,Active
H3BUW6,UniProtKB/TrEMBL,1.0,Active
E3W983,UniProtKB/TrEMBL,1.0,Active
H0YCD2,UniProtKB/TrEMBL,1.0,Active
I3L2W1,UniProtKB/TrEMBL,4.0,Active
Q13241,UniProtKB/Swiss-Prot,5.0,Active
H3BT52,UniProtKB/TrEMBL,1.0,Active
A0A087WT00,UniProtKB/TrEMBL,1.0,Active
Q9BVW7,UniProtKB/TrEMBL,1.0,Active
Q9Y4Y3,UniProtKB/TrEMBL,1.0,Active
Q9UMH5,UniProtKB/TrEMBL,1.0,Active
B7Z3S4,UniProtKB/TrEMBL,2.0,Active
A0A087X089,UniProtKB/TrEMBL,2.0,Active
A0A5C2GIM8,UniProtKB/TrEMBL,1.0,Active
M0R2L7,UniProtKB/TrEMBL,1.0,Active
A0A7U3R844,UniProtKB/TrEMBL,1.0,Active
Q6NZ74,UniProtKB/TrEMBL,2.0,Active
A0A1L7MZR3,UniProtKB/TrEMBL,1.0,Active
Q16524,UniProtKB/TrEMBL,1.0,Active
A0A0U1RRB5,UniProtKB/TrEMBL,1.0,Active
C5IJI6,UniProtKB/TrEMBL,1.0,Active
Q9BQY6,UniProtKB/Swiss-Prot,3.0,Active
K7EMX3,UniProtKB/TrEMBL,1.0,Active
A0A7S5C0F5,UniProtKB/TrEMBL,1.0,Active
D6RED6,UniProtKB/TrEMBL,1.0,Active
Q52M85,UniProtKB/TrEMBL,2.0,Active
H3BRY7,UniProtKB/TrEMBL,1.0,Active
Q9P1J8,UniProtKB/TrEMBL,1.0,Active
A0A7U3JVY2,UniProtKB/TrEMBL,3.0,Active
A1KWQ5,UniProtKB/TrEMBL,1.0,Active
B7Z668,UniProtKB/TrEMBL,1.0,Active
A0A6Q8PFB6,UniProtKB/TrEMBL,1.0,Active
A0A096LP55,UniProtKB/Swiss-Prot,3.0,Active
A0A6Q8PHG0,UniProtKB/TrEMBL,1.0,Active
I1Z9D4,UniProtKB/TrEMBL,1.0,Active
B3KWT0,UniProtKB/TrEMBL,1.0,Active
Q96T36,UniProtKB/TrEMBL,2.0,Active
Q5ZGJ6,UniProtKB/TrEMBL,1.0,Active
D6RC56,UniProtKB/TrEMBL,1.0,Active
G3V444,UniProtKB/TrEMBL,1.0,Active
B1AQ67,UniProtKB/TrEMBL,1.0,Active
B0QZ60,UniProtKB/TrEMBL,1.0,Active
Q14061,UniProtKB/Swiss-Prot,5.0,Active
H3BSS8,UniProtKB/TrEMBL,1.0,Active
A0A7I2YQB4,UniProtKB/TrEMBL,2.0,Active
A0A1L2BU43,UniProtKB/TrEMBL,1.0,Active
H3BND3,UniProtKB/TrEMBL,2.0,Active
I3L0Y8,UniProtKB/TrEMBL,1.0,Active
G3V351,UniProtKB/TrEMBL,1.0,Active
C9J3Z2,UniProtKB/TrEMBL,2.0,Active
A6NIZ1,UniProtKB/Swiss-Prot,3.0,Active
Q3LIE0,UniProtKB/TrEMBL,1.0,Active
Q9NV28,UniProtKB/TrEMBL,1.0,Active
A0A5C2G8Y6,UniProtKB/TrEMBL,1.0,Active
C9JR22,UniProtKB/TrEMBL,1.0,Active
Q9H3T0,UniProtKB/TrEMBL,1.0,Active
A0A5C2G5V5,UniProtKB/TrEMBL,1.0,Active
A0FJ18,UniProtKB/TrEMBL,1.0,Active
I3L2W7,UniProtKB/TrEMBL,1.0,Active
Q7Z318,UniProtKB/TrEMBL,2.0,Active
C9JWU8,UniProtKB/TrEMBL,1.0,Active
Q6P589,UniProtKB/Swiss-Prot,5.0,Active
A0A7S5BZZ3,UniProtKB/TrEMBL,1.0,Active
B3KW38,UniProtKB/TrEMBL,2.0,Active
Q53SW9,UniProtKB/TrEMBL,1.0,Active
F8VWU0,UniProtKB/TrEMBL,2.0,Active
Q52LA3,UniProtKB/Swiss-Prot,3.0,Active
A0A0A0N0L6,UniProtKB/TrEMBL,1.0,Active
A7J1R2,UniProtKB/TrEMBL,1.0,Active
Q9NRR1,UniProtKB/Swiss-Prot,4.0,Active
A0A5C2GGH9,UniProtKB/TrEMBL,1.0,Active
A0A5C2GH31,UniProtKB/TrEMBL,1.0,Active
Q5EBL8,UniProtKB/Swiss-Prot,5.0,Active
S4R384,UniProtKB/TrEMBL,1.0,Active
A0A5C2GH42,UniProtKB/TrEMBL,1.0,Active
A0A140TA22,UniProtKB/TrEMBL,1.0,Active
Q71M33,UniProtKB/TrEMBL,1.0,Active
F2Z303,UniProtKB/TrEMBL,1.0,Active
C9J6X7,UniProtKB/TrEMBL,2.0,Active
Q9UMU1,UniProtKB/TrEMBL,1.0,Active
I3L2M1,UniProtKB/TrEMBL,1.0,Active
A0A5C2GSS6,UniProtKB/TrEMBL,1.0,Active
Q969W0,UniProtKB/Swiss-Prot,5.0,Active
P62304,UniProtKB/Swiss-Prot,5.0,Active
A0A5C2GDY8,UniProtKB/TrEMBL,1.0,Active
A0A7S5EVY0,UniProtKB/TrEMBL,1.0,Active
F8WAG2,UniProtKB/TrEMBL,2.0,Active
S5GDS0,UniProtKB/TrEMBL,1.0,Active
A0A0S2Z441,UniProtKB/TrEMBL,1.0,Active
A0A5C2GP94,UniProtKB/TrEMBL,1.0,Active
C9J313,UniProtKB/TrEMBL,2.0,Active
H7CEH5,UniProtKB/TrEMBL,1.0,Active
J3QLJ8,UniProtKB/TrEMBL,2.0,Active
F8WB37,UniProtKB/TrEMBL,1.0,Active
P62277,UniProtKB/Swiss-Prot,5.0,Active
J3KTH8,UniProtKB/TrEMBL,2.0,Active
A0A193CHR3,UniProtKB/TrEMBL,1.0,Active
L8E827,UniProtKB/TrEMBL,1.0,Active
B4DUU3,UniProtKB/TrEMBL,1.0,Active
A0A5C2G6U5,UniProtKB/TrEMBL,1.0,Active
K7EIW3,UniProtKB/TrEMBL,3.0,Active
K7ERJ3,UniProtKB/TrEMBL,1.0,Active
E7ENQ8,UniProtKB/TrEMBL,1.0,Active
Q6UWW0,UniProtKB/Swiss-Prot,2.0,Active
A0A2I2MP55,UniProtKB/TrEMBL,2.0,Active
E9PPQ0,UniProtKB/TrEMBL,2.0,Active
B7Z4K4,UniProtKB/TrEMBL,1.0,Active
I3L504,UniProtKB/TrEMBL,2.0,Active
Q53QY6,UniProtKB/TrEMBL,2.0,Active
C9JP14,UniProtKB/TrEMBL,1.0,Active
A0A7R6RQ45,UniProtKB/TrEMBL,1.0,Active
E5RIY1,UniProtKB/TrEMBL,1.0,Active
D6RE09,UniProtKB/TrEMBL,1.0,Active
B4DKG7,UniProtKB/TrEMBL,1.0,Active
C9JZ19,UniProtKB/TrEMBL,1.0,Active
A0A1P8NQD0,UniProtKB/TrEMBL,1.0,Active
A0A2R8Y509,UniProtKB/TrEMBL,1.0,Active
Q49AL4,UniProtKB/TrEMBL,3.0,Active
B3KSV6,UniProtKB/TrEMBL,1.0,Active
C9JJF4,UniProtKB/TrEMBL,1.0,Active
H3BQX5,UniProtKB/TrEMBL,1.0,Active
Q5VY30,UniProtKB/TrEMBL,2.0,Active
F5H8G2,UniProtKB/TrEMBL,1.0,Active
A7KS94,UniProtKB/TrEMBL,1.0,Active
E9PR90,UniProtKB/TrEMBL,1.0,Active
H0Y8Q7,UniProtKB/TrEMBL,2.0,Active
E9PLU0,UniProtKB/TrEMBL,2.0,Active
A0A7S5EV08,UniProtKB/TrEMBL,1.0,Active
H3BRK5,UniProtKB/TrEMBL,1.0,Active
A0A7I2V4T0,UniProtKB/TrEMBL,2.0,Active
A0A1B0GTQ4,UniProtKB/Swiss-Prot,4.0,Active
B4E1P0,UniProtKB/TrEMBL,2.0,Active
B4DKP7,UniProtKB/TrEMBL,1.0,Active
L8E8P8,UniProtKB/TrEMBL,1.0,Active
F8T7W5,UniProtKB/TrEMBL,1.0,Active
C6GLP7,UniProtKB/TrEMBL,1.0,Active
E5RGH0,UniProtKB/TrEMBL,1.0,Active
D6RF95,UniProtKB/TrEMBL,1.0,Active
D6RF49,UniProtKB/TrEMBL,2.0,Active
E7EMB7,UniProtKB/TrEMBL,1.0,Active
Q8ND18,UniProtKB/TrEMBL,3.0,Active
A0A5C2G6D1,UniProtKB/TrEMBL,1.0,Active
K7EPM1,UniProtKB/TrEMBL,3.0,Active
A0A2R8YCI5,UniProtKB/TrEMBL,1.0,Active
I3V9V3,UniProtKB/TrEMBL,1.0,Active
Q75N10,UniProtKB/TrEMBL,1.0,Active
A0A5C2GDU4,UniProtKB/TrEMBL,1.0,Active
A0A5C2GQL0,UniProtKB/TrEMBL,1.0,Active
E2FZ93,UniProtKB/TrEMBL,1.0,Active
H3BQ64,UniProtKB/TrEMBL,1.0,Active
A0A2R8Y4M2,UniProtKB/TrEMBL,1.0,Active
Q13526,UniProtKB/Swiss-Prot,5.0,Active
B4DU46,UniProtKB/TrEMBL,2.0,Active
H0YBH5,UniProtKB/TrEMBL,1.0,Active
P56851,UniProtKB/Swiss-Prot,5.0,Active
C9J1D9,UniProtKB/TrEMBL,1.0,Active
E9PJ53,UniProtKB/TrEMBL,1.0,Active
A0A096ZUC0,UniProtKB/TrEMBL,1.0,Active
A0A494C0N6,UniProtKB/TrEMBL,1.0,Active
L8E9B2,UniProtKB/TrEMBL,1.0,Active
F8VS11,UniProtKB/TrEMBL,1.0,Active
E9PII9,UniProtKB/TrEMBL,1.0,Active
F5H6X5,UniProtKB/TrEMBL,1.0,Active
M0QXI6,UniProtKB/TrEMBL,2.0,Active
D6RAU1,UniProtKB/TrEMBL,2.0,Active
Q8N7F7,UniProtKB/Swiss-Prot,3.0,Active
Q86UZ1,UniProtKB/TrEMBL,3.0,Active
F8WD02,UniProtKB/TrEMBL,1.0,Active
B7ZC34,UniProtKB/TrEMBL,2.0,Active
H2FJY4,UniProtKB/TrEMBL,2.0,Active
E9PLJ0,UniProtKB/TrEMBL,1.0,Active
A0A5C2GIQ1,UniProtKB/TrEMBL,1.0,Active
E9PF06,UniProtKB/TrEMBL,2.0,Active
E9PRC7,UniProtKB/TrEMBL,1.0,Active
C9IYV6,UniProtKB/TrEMBL,1.0,Active
A0A7S5C372,UniProtKB/TrEMBL,1.0,Active
A0A7R6RQ55,UniProtKB/TrEMBL,1.0,Active
H7C3B9,UniProtKB/TrEMBL,1.0,Active
G3V4D9,UniProtKB/TrEMBL,1.0,Active
H0YKU2,UniProtKB/TrEMBL,1.0,Active
C8CHJ6,UniProtKB/TrEMBL,1.0,Active
E5RFF0,UniProtKB/TrEMBL,1.0,Active
E5RIY9,UniProtKB/TrEMBL,2.0,Active
A4D1R6,UniProtKB/TrEMBL,1.0,Active
A0A080YUZ8,UniProtKB/TrEMBL,1.0,Active
K7EIC3,UniProtKB/TrEMBL,1.0,Active
Q9HDB3,UniProtKB/TrEMBL,1.0,Active
B4DUL2,UniProtKB/TrEMBL,1.0,Active
A0A5C2GF69,UniProtKB/TrEMBL,1.0,Active
M0R2Q2,UniProtKB/TrEMBL,2.0,Active
Q9NX24,UniProtKB/Swiss-Prot,5.0,Active
Q496J1,UniProtKB/TrEMBL,1.0,Active
A0A494BZT5,UniProtKB/TrEMBL,1.0,Active
K7EQ75,UniProtKB/TrEMBL,1.0,Active
E7ERA2,UniProtKB/TrEMBL,2.0,Active
A0A0U4ERW6,UniProtKB/TrEMBL,1.0,Active
Q2I258,UniProtKB/TrEMBL,1.0,Active
B5KFZ4,UniProtKB/TrEMBL,2.0,Active
Q68DP7,UniProtKB/TrEMBL,1.0,Active
A0A5C2GM20,UniProtKB/TrEMBL,1.0,Active
F8WD25,UniProtKB/TrEMBL,1.0,Active
P0DMT0,UniProtKB/Swiss-Prot,2.0,Active
Q6ZYK7,UniProtKB/TrEMBL,5.0,Active
A0A0D9SFX6,UniProtKB/TrEMBL,2.0,Active
X6RKY7,UniProtKB/TrEMBL,2.0,Active
A6NJJ0,UniProtKB/TrEMBL,2.0,Active
I3L0Z9,UniProtKB/TrEMBL,1.0,Active
H3BMC4,UniProtKB/TrEMBL,1.0,Active
D6RDM4,UniProtKB/TrEMBL,1.0,Active
H0YMQ8,UniProtKB/TrEMBL,1.0,Active
E5RGZ6,UniProtKB/TrEMBL,1.0,Active
E9PLY3,UniProtKB/TrEMBL,2.0,Active
A0A1B1PFY7,UniProtKB/TrEMBL,1.0,Active
I6ZMK4,UniProtKB/TrEMBL,1.0,Active
J3QLL2,UniProtKB/TrEMBL,2.0,Active
A0A5C2GBI4,UniProtKB/TrEMBL,1.0,Active
B4DFI7,UniProtKB/TrEMBL,1.0,Active
E5RGG1,UniProtKB/TrEMBL,2.0,Active
F8VPP1,UniProtKB/TrEMBL,1.0,Active
C9JK61,UniProtKB/TrEMBL,1.0,Active
A0A7S5EX71,UniProtKB/TrEMBL,1.0,Active
A0A346REB3,UniProtKB/TrEMBL,1.0,Active
B0ZBD0,UniProtKB/TrEMBL,2.0,Active
Q6I6Y3,UniProtKB/TrEMBL,1.0,Active
F8W905,UniProtKB/TrEMBL,1.0,Active
A0A126LAX3,UniProtKB/TrEMBL,1.0,Active
A0A090N8I5,UniProtKB/TrEMBL,2.0,Active
A0A0A0MRV2,UniProtKB/TrEMBL,1.0,Active
B0AZS2,UniProtKB/TrEMBL,1.0,Active
A0A4D5RBH1,UniProtKB/TrEMBL,1.0,Active
Q9UMA1,UniProtKB/TrEMBL,1.0,Active
Q5RLN2,UniProtKB/TrEMBL,1.0,Active
G3V5H3,UniProtKB/TrEMBL,2.0,Active
B4DN11,UniProtKB/TrEMBL,1.0,Active
Q4G0T7,UniProtKB/TrEMBL,1.0,Active
Q9P1K2,UniProtKB/TrEMBL,1.0,Active
A0A1B0GTL2,UniProtKB/Swiss-Prot,2.0,Active
A0A5C2G9R2,UniProtKB/TrEMBL,1.0,Active
Q9P1I5,UniProtKB/TrEMBL,1.0,Active
Q96JR7,UniProtKB/TrEMBL,1.0,Active
B4DWF4,UniProtKB/TrEMBL,1.0,Active
O60372,UniProtKB/TrEMBL,2.0,Active
A0A5C2GBH6,UniProtKB/TrEMBL,1.0,Active
D6RFI1,UniProtKB/TrEMBL,2.0,Active
L8E9D8,UniProtKB/TrEMBL,1.0,Active
Q15505,UniProtKB/TrEMBL,1.0,Active
A0A5C2GFQ3,UniProtKB/TrEMBL,1.0,Active
H0YNF8,UniProtKB/TrEMBL,1.0,Active
Q9NQC0,UniProtKB/TrEMBL,1.0,Active
A0A669KB50,UniProtKB/TrEMBL,2.0,Active
B4DNH1,UniProtKB/TrEMBL,2.0,Active
I3L412,UniProtKB/TrEMBL,2.0,Active
F8WEP7,UniProtKB/TrEMBL,1.0,Active
C9K0V2,UniProtKB/TrEMBL,1.0,Active
A0A0J9YXH6,UniProtKB/TrEMBL,1.0,Active
A0A5C2G8Y8,UniProtKB/TrEMBL,1.0,Active
A0A7S5C0R8,UniProtKB/TrEMBL,1.0,Active
Q14442,UniProtKB/Swiss-Prot,5.0,Active
F1T0D8,UniProtKB/TrEMBL,1.0,Active
B7Z7W3,UniProtKB/TrEMBL,1.0,Active
Q8N120,UniProtKB/TrEMBL,1.0,Active
A0A7I2YQG6,UniProtKB/TrEMBL,1.0,Active
H3BV39,UniProtKB/TrEMBL,2.0,Active
A0A7S5BYQ0,UniProtKB/TrEMBL,1.0,Active
A8KAH6,UniProtKB/TrEMBL,2.0,Active
A0A0U1RQV5,UniProtKB/TrEMBL,1.0,Active
A6NDN8,UniProtKB/Swiss-Prot,1.0,Active
D6RB44,UniProtKB/TrEMBL,1.0,Active
C7C5T4,UniProtKB/TrEMBL,1.0,Active
I3L3J7,UniProtKB/TrEMBL,1.0,Active
A0A7I2V6G3,UniProtKB/TrEMBL,1.0,Active
Q8IWM0,UniProtKB/TrEMBL,1.0,Active
K7EJH4,UniProtKB/TrEMBL,1.0,Active
E9PIQ9,UniProtKB/TrEMBL,1.0,Active
D1MF27,UniProtKB/TrEMBL,2.0,Active
F8VTU0,UniProtKB/TrEMBL,1.0,Active
A0A0A1EL53,UniProtKB/TrEMBL,1.0,Active
E9PM37,UniProtKB/TrEMBL,2.0,Active
F2Z2T1,UniProtKB/TrEMBL,1.0,Active
D8L1Z7,UniProtKB/TrEMBL,2.0,Active
A0A087WZ41,UniProtKB/TrEMBL,1.0,Active
A0A5C2G9A3,UniProtKB/TrEMBL,1.0,Active
A0A5C2G913,UniProtKB/TrEMBL,1.0,Active
A0A5C2GKJ9,UniProtKB/TrEMBL,1.0,Active
A8MTP4,UniProtKB/TrEMBL,1.0,Active
A4QMW8,UniProtKB/TrEMBL,2.0,Active
Q0ZAJ0,UniProtKB/TrEMBL,1.0,Active
A0A7S5EV79,UniProtKB/TrEMBL,1.0,Active
F5H381,UniProtKB/TrEMBL,1.0,Active
A0A8A0Y2Q6,UniProtKB/TrEMBL,1.0,Active
L8ECP9,UniProtKB/TrEMBL,1.0,Active
E5RGC2,UniProtKB/TrEMBL,1.0,Active
A0A5C2GA32,UniProtKB/TrEMBL,1.0,Active
A0A0H3WB59,UniProtKB/TrEMBL,1.0,Active
A5D8X1,UniProtKB/TrEMBL,2.0,Active
A0A5C2GAQ8,UniProtKB/TrEMBL,1.0,Active
E5RGA9,UniProtKB/TrEMBL,1.0,Active
A0A7P0TAY6,UniProtKB/TrEMBL,1.0,Active
Q96HU8,UniProtKB/Swiss-Prot,5.0,Active
Q96EE9,UniProtKB/TrEMBL,2.0,Active
Q9Y3B1,UniProtKB/Swiss-Prot,3.0,Active
A0A7S5BYW5,UniProtKB/TrEMBL,1.0,Active
Q86Y78,UniProtKB/Swiss-Prot,5.0,Active
A0A494C1S6,UniProtKB/TrEMBL,1.0,Active
E7EQW5,UniProtKB/TrEMBL,2.0,Active
A0A2Z4QJH0,UniProtKB/TrEMBL,1.0,Active
G3V1C5,UniProtKB/TrEMBL,1.0,Active
A0A866W2F7,UniProtKB/TrEMBL,1.0,Active
Q6ZNT4,UniProtKB/TrEMBL,1.0,Active
A0A5C2GCB8,UniProtKB/TrEMBL,1.0,Active
F5H271,UniProtKB/TrEMBL,1.0,Active
A0A5C2GLC0,UniProtKB/TrEMBL,1.0,Active
D6R976,UniProtKB/TrEMBL,1.0,Active
A0A0C4DH89,UniProtKB/TrEMBL,1.0,Active
Q12897,UniProtKB/TrEMBL,1.0,Active
O43665,UniProtKB/Swiss-Prot,5.0,Active
B4DIE4,UniProtKB/TrEMBL,1.0,Active
K7EK06,UniProtKB/TrEMBL,1.0,Active
A0A5C2GF40,UniProtKB/TrEMBL,1.0,Active
F8VR29,UniProtKB/TrEMBL,1.0,Active
A0A0H3W5K0,UniProtKB/TrEMBL,1.0,Active
A0A096LPF5,UniProtKB/TrEMBL,1.0,Active
Q9Y530,UniProtKB/Swiss-Prot,5.0,Active
C9JY10,UniProtKB/TrEMBL,1.0,Active
F8WD66,UniProtKB/TrEMBL,1.0,Active
D6RA10,UniProtKB/TrEMBL,1.0,Active
D6RAZ2,UniProtKB/TrEMBL,1.0,Active
Q07654,UniProtKB/Swiss-Prot,5.0,Active
Q5JNZ5,UniProtKB/Swiss-Prot,2.0,Active
Q7M4M3,UniProtKB/TrEMBL,1.0,Active
B4DM82,UniProtKB/TrEMBL,2.0,Active
Q9BZ79,UniProtKB/TrEMBL,1.0,Active
Q9NSS8,UniProtKB/TrEMBL,2.0,Active
A0A5C2GKL2,UniProtKB/TrEMBL,1.0,Active
J3QSG2,UniProtKB/TrEMBL,1.0,Active
Q9UDL7,UniProtKB/TrEMBL,1.0,Active
P82980,UniProtKB/Swiss-Prot,4.0,Active
A0A7S5C012,UniProtKB/TrEMBL,1.0,Active
C9J8J5,UniProtKB/TrEMBL,1.0,Active
P53672,UniProtKB/Swiss-Prot,5.0,Active
I3L4K6,UniProtKB/TrEMBL,2.0,Active
H0YKY1,UniProtKB/TrEMBL,1.0,Active
A0A3G2WJ85,UniProtKB/TrEMBL,1.0,Active
E9PKJ1,UniProtKB/TrEMBL,1.0,Active
I7HFW6,UniProtKB/TrEMBL,2.0,Active
H0YNI9,UniProtKB/TrEMBL,1.0,Active
F1C628,UniProtKB/TrEMBL,1.0,Active
L8E6W5,UniProtKB/TrEMBL,1.0,Active
D2KC07,UniProtKB/TrEMBL,1.0,Active
A0A7S5C217,UniProtKB/TrEMBL,1.0,Active
A0A5C2GA74,UniProtKB/TrEMBL,1.0,Active
A0A0C4DFU4,UniProtKB/TrEMBL,1.0,Active
L8ECE6,UniProtKB/TrEMBL,1.0,Active
R4GN11,UniProtKB/TrEMBL,1.0,Active
F8VW48,UniProtKB/TrEMBL,1.0,Active
A0A1K0GUV5,UniProtKB/TrEMBL,1.0,Active
P60520,UniProtKB/Swiss-Prot,5.0,Active
A0A5C2GA58,UniProtKB/TrEMBL,1.0,Active
C9JG77,UniProtKB/TrEMBL,1.0,Active
H3BPZ9,UniProtKB/TrEMBL,2.0,Active
C9JY48,UniProtKB/TrEMBL,1.0,Active
A0A0U1RRJ9,UniProtKB/TrEMBL,1.0,Active
B5MCI8,UniProtKB/TrEMBL,1.0,Active
C9J256,UniProtKB/TrEMBL,1.0,Active
Q96G76,UniProtKB/TrEMBL,1.0,Active
C9J6R0,UniProtKB/TrEMBL,1.0,Active
H3BPP7,UniProtKB/TrEMBL,1.0,Active
G3V2A3,UniProtKB/TrEMBL,3.0,Active
C9J9P1,UniProtKB/TrEMBL,1.0,Active
A0A3B3ISA4,UniProtKB/TrEMBL,1.0,Active
A0A6B9LZX3,UniProtKB/TrEMBL,1.0,Active
B3KNQ1,UniProtKB/TrEMBL,1.0,Active
B4DKS3,UniProtKB/TrEMBL,1.0,Active
Q13682,UniProtKB/TrEMBL,1.0,Active
V9H0F2,UniProtKB/TrEMBL,1.0,Active
D9MND0,UniProtKB/TrEMBL,1.0,Active
P0CE71,UniProtKB/Swiss-Prot,2.0,Active
C9JF43,UniProtKB/TrEMBL,1.0,Active
Q5T7Y6,UniProtKB/TrEMBL,3.0,Active
P82909,UniProtKB/Swiss-Prot,3.0,Active
G3V509,UniProtKB/TrEMBL,1.0,Active
H3BQW6,UniProtKB/TrEMBL,1.0,Active
Q4W5F8,UniProtKB/TrEMBL,1.0,Active
Q9NZY3,UniProtKB/TrEMBL,1.0,Active
Q53XY6,UniProtKB/TrEMBL,2.0,Active
A0A7P0T974,UniProtKB/TrEMBL,1.0,Active
A0A5C2GBS1,UniProtKB/TrEMBL,1.0,Active
B3KUX1,UniProtKB/TrEMBL,2.0,Active
J3QSH2,UniProtKB/TrEMBL,1.0,Active
M0R218,UniProtKB/TrEMBL,1.0,Active
F8WC51,UniProtKB/TrEMBL,1.0,Active
E5RHY0,UniProtKB/TrEMBL,1.0,Active
Q658L2,UniProtKB/TrEMBL,1.0,Active
A0A096LPA2,UniProtKB/TrEMBL,1.0,Active
B4DK22,UniProtKB/TrEMBL,1.0,Active
A0A5C2GPN9,UniProtKB/TrEMBL,1.0,Active
B4E1G9,UniProtKB/TrEMBL,1.0,Active
C9JJP5,UniProtKB/TrEMBL,1.0,Active
A0A087WWS6,UniProtKB/Swiss-Prot,2.0,Active
Q8NEX6,UniProtKB/Swiss-Prot,2.0,Active
A1E286,UniProtKB/TrEMBL,1.0,Active
Q9Y5V0,UniProtKB/Swiss-Prot,2.0,Active
A0A2R8YCE0,UniProtKB/TrEMBL,1.0,Active
D6RC61,UniProtKB/TrEMBL,1.0,Active
A0A2R8Y4Y8,UniProtKB/Swiss-Prot,2.0,Active
K7EPG4,UniProtKB/TrEMBL,2.0,Active
P61927,UniProtKB/Swiss-Prot,5.0,Active
K7EJF3,UniProtKB/TrEMBL,1.0,Active
Q0PHS3,UniProtKB/TrEMBL,2.0,Active
M0QX79,UniProtKB/TrEMBL,1.0,Active
E5RH07,UniProtKB/TrEMBL,2.0,Active
B7Z2E1,UniProtKB/TrEMBL,1.0,Active
E7EVL5,UniProtKB/TrEMBL,2.0,Active
B4DPE8,UniProtKB/TrEMBL,1.0,Active
K7EL48,UniProtKB/TrEMBL,1.0,Active
U3KQ41,UniProtKB/TrEMBL,1.0,Active
B4DVQ4,UniProtKB/TrEMBL,1.0,Active
K7EK42,UniProtKB/TrEMBL,1.0,Active
F5GXX5,UniProtKB/TrEMBL,2.0,Active
G4V4Z8,UniProtKB/TrEMBL,1.0,Active
Q9H0A8,UniProtKB/Swiss-Prot,5.0,Active
F8WFD8,UniProtKB/TrEMBL,1.0,Active
Q8WYC0,UniProtKB/TrEMBL,1.0,Active
Q06141,UniProtKB/Swiss-Prot,5.0,Active
I3L3X7,UniProtKB/TrEMBL,1.0,Active
G8JLQ3,UniProtKB/TrEMBL,2.0,Active
C9J420,UniProtKB/TrEMBL,1.0,Active
A0A7P0TA44,UniProtKB/TrEMBL,1.0,Active
Q6PKC8,UniProtKB/TrEMBL,1.0,Active
C9JHY1,UniProtKB/TrEMBL,1.0,Active
J3QQR9,UniProtKB/TrEMBL,1.0,Active
C9J5Z5,UniProtKB/TrEMBL,1.0,Active
B1AR62,UniProtKB/TrEMBL,2.0,Active
A0A5C2GB44,UniProtKB/TrEMBL,1.0,Active
G3V3C0,UniProtKB/TrEMBL,2.0,Active
M0R209,UniProtKB/TrEMBL,1.0,Active
P0DMC3,UniProtKB/Swiss-Prot,5.0,Active
D6RF65,UniProtKB/TrEMBL,1.0,Active
A0A0D9SG52,UniProtKB/TrEMBL,1.0,Active
H0YID1,UniProtKB/TrEMBL,1.0,Active
B4E018,UniProtKB/TrEMBL,1.0,Active
P20472,UniProtKB/Swiss-Prot,5.0,Active
M0R020,UniProtKB/TrEMBL,1.0,Active
D6RC14,UniProtKB/TrEMBL,2.0,Active
C9JMN4,UniProtKB/TrEMBL,1.0,Active
A0A5C2G9E9,UniProtKB/TrEMBL,1.0,Active
A0A5C2GAG6,UniProtKB/TrEMBL,1.0,Active
A0A1B0GW54,UniProtKB/Swiss-Prot,1.0,Active
B1AKH8,UniProtKB/TrEMBL,1.0,Active
A0A494C0K6,UniProtKB/TrEMBL,1.0,Active
L8E762,UniProtKB/TrEMBL,1.0,Active
Q86VX2,UniProtKB/Swiss-Prot,5.0,Active
A0A5C2G9U6,UniProtKB/TrEMBL,1.0,Active
Q6F4B9,UniProtKB/TrEMBL,1.0,Active
H0YL86,UniProtKB/TrEMBL,1.0,Active
B4E1Z1,UniProtKB/TrEMBL,1.0,Active
A0A0C4DG45,UniProtKB/TrEMBL,2.0,Active
Q5ZGI7,UniProtKB/TrEMBL,1.0,Active
A0A140VK09,UniProtKB/TrEMBL,5.0,Active
A0A6Q8PHI4,UniProtKB/TrEMBL,2.0,Active
A0A5C2G7R8,UniProtKB/TrEMBL,1.0,Active
H0YEC9,UniProtKB/TrEMBL,1.0,Active
A0A7P0Z4K8,UniProtKB/TrEMBL,2.0,Active
Q71UK3,UniProtKB/TrEMBL,2.0,Active
A0A5C2GB09,UniProtKB/TrEMBL,1.0,Active
D6REZ0,UniProtKB/TrEMBL,1.0,Active
K7EPH5,UniProtKB/TrEMBL,1.0,Active
H7BZE9,UniProtKB/TrEMBL,2.0,Active
A0A3F2YNX1,UniProtKB/TrEMBL,1.0,Active
C9JYD7,UniProtKB/TrEMBL,1.0,Active
Q5TGZ0,UniProtKB/Swiss-Prot,5.0,Active
S6BQ40,UniProtKB/TrEMBL,1.0,Active
A0A140T9X9,UniProtKB/TrEMBL,1.0,Active
A0A0B4J2F0,UniProtKB/Swiss-Prot,5.0,Active
B3KVS5,UniProtKB/TrEMBL,1.0,Active
A0A087X1F5,UniProtKB/TrEMBL,2.0,Active
S4R3M1,UniProtKB/TrEMBL,2.0,Active
L8E721,UniProtKB/TrEMBL,1.0,Active
I3L357,UniProtKB/TrEMBL,2.0,Active
E9PQI2,UniProtKB/TrEMBL,1.0,Active
Q16868,UniProtKB/TrEMBL,2.0,Active
D6REN9,UniProtKB/TrEMBL,1.0,Active
A0A286YF56,UniProtKB/TrEMBL,1.0,Active
A0A5C2G6V3,UniProtKB/TrEMBL,1.0,Active
A0A087WT38,UniProtKB/TrEMBL,1.0,Active
K7EN93,UniProtKB/TrEMBL,1.0,Active
F2Z3Q0,UniProtKB/TrEMBL,1.0,Active
D6RFF7,UniProtKB/TrEMBL,1.0,Active
B2G3Q1,UniProtKB/TrEMBL,1.0,Active
Q9P1G4,UniProtKB/TrEMBL,2.0,Active
P82921,UniProtKB/Swiss-Prot,4.0,Active
A0A7I2V338,UniProtKB/TrEMBL,1.0,Active
A0A5C2GAE3,UniProtKB/TrEMBL,1.0,Active
E5RFV7,UniProtKB/TrEMBL,2.0,Active
F8W9K4,UniProtKB/TrEMBL,1.0,Active
A0A5C2GMP2,UniProtKB/TrEMBL,1.0,Active
A0A087WX72,UniProtKB/TrEMBL,1.0,Active
Q12847,UniProtKB/TrEMBL,1.0,Active
Q9P1F3,UniProtKB/Swiss-Prot,2.0,Active
Q53FX5,UniProtKB/TrEMBL,2.0,Active
Q5QPP9,UniProtKB/TrEMBL,2.0,Active
Q86WD8,UniProtKB/TrEMBL,1.0,Active
Q9HAA3,UniProtKB/TrEMBL,1.0,Active
Q9BXV5,UniProtKB/TrEMBL,2.0,Active
A0A5C2GAF2,UniProtKB/TrEMBL,1.0,Active
C9JHW6,UniProtKB/TrEMBL,1.0,Active
A0A7I2V3X8,UniProtKB/TrEMBL,1.0,Active
J3QRR0,UniProtKB/TrEMBL,1.0,Active
I3L318,UniProtKB/TrEMBL,1.0,Active
B0AZS0,UniProtKB/TrEMBL,1.0,Active
D6RA01,UniProtKB/TrEMBL,1.0,Active
Q14X83,UniProtKB/TrEMBL,2.0,Active
A6YQZ0,UniProtKB/TrEMBL,1.0,Active
H7C5Q4,UniProtKB/TrEMBL,1.0,Active
A0A0C4DH76,UniProtKB/TrEMBL,1.0,Active
O95740,UniProtKB/TrEMBL,1.0,Active
A0A286YF70,UniProtKB/TrEMBL,1.0,Active
B4DSN9,UniProtKB/TrEMBL,1.0,Active
Q6AI51,UniProtKB/TrEMBL,1.0,Active
Q16423,UniProtKB/TrEMBL,1.0,Active
Q69YR8,UniProtKB/TrEMBL,2.0,Active
B4DUV4,UniProtKB/TrEMBL,2.0,Active
Q8NET1,UniProtKB/Swiss-Prot,4.0,Active
F8WEK6,UniProtKB/TrEMBL,1.0,Active
O95969,UniProtKB/Swiss-Prot,3.0,Active
C9J0H5,UniProtKB/TrEMBL,1.0,Active
K7EM75,UniProtKB/TrEMBL,1.0,Active
A0A0C4DH86,UniProtKB/TrEMBL,1.0,Active
A0A0G2JJ55,UniProtKB/TrEMBL,1.0,Active
A0A1B0GX56,UniProtKB/Swiss-Prot,3.0,Active
L8E7E1,UniProtKB/TrEMBL,1.0,Active
B3KWQ1,UniProtKB/TrEMBL,1.0,Active
A0A0A0WDA6,UniProtKB/TrEMBL,1.0,Active
H7C3D0,UniProtKB/TrEMBL,1.0,Active
B3KNR3,UniProtKB/TrEMBL,1.0,Active
F8WEM2,UniProtKB/TrEMBL,1.0,Active
H7C4Y6,UniProtKB/TrEMBL,1.0,Active
A0A2R8Y7A0,UniProtKB/TrEMBL,2.0,Active
A0A0D9SFZ0,UniProtKB/TrEMBL,2.0,Active
A4D142,UniProtKB/TrEMBL,1.0,Active
A2A2R0,UniProtKB/TrEMBL,1.0,Active
C9J6M0,UniProtKB/TrEMBL,1.0,Active
Q71UM3,UniProtKB/TrEMBL,1.0,Active
A0A4P8J410,UniProtKB/TrEMBL,1.0,Active
E5RJY9,UniProtKB/TrEMBL,1.0,Active
F5H2L3,UniProtKB/TrEMBL,1.0,Active
Q86YR0,UniProtKB/TrEMBL,1.0,Active
Q9NPA9,UniProtKB/TrEMBL,1.0,Active
C9JPG6,UniProtKB/TrEMBL,1.0,Active
F8VY02,UniProtKB/TrEMBL,1.0,Active
H3BS79,UniProtKB/TrEMBL,1.0,Active
E9PPU1,UniProtKB/TrEMBL,2.0,Active
C9JH44,UniProtKB/TrEMBL,1.0,Active
H0Y3T9,UniProtKB/TrEMBL,1.0,Active
P14555,UniProtKB/Swiss-Prot,5.0,Active
A0A5C2G7S0,UniProtKB/TrEMBL,1.0,Active
P20155,UniProtKB/Swiss-Prot,5.0,Active
H3BRC9,UniProtKB/TrEMBL,1.0,Active
F5H4F6,UniProtKB/TrEMBL,2.0,Active
Q9H061,UniProtKB/Swiss-Prot,5.0,Active
C9JAM5,UniProtKB/TrEMBL,1.0,Active
B3KUH1,UniProtKB/TrEMBL,1.0,Active
A0A7S5C1Z2,UniProtKB/TrEMBL,1.0,Active
J3QRB3,UniProtKB/TrEMBL,2.0,Active
H3BQF7,UniProtKB/TrEMBL,3.0,Active
F6SGM4,UniProtKB/TrEMBL,1.0,Active
A0A5C2G5B8,UniProtKB/TrEMBL,1.0,Active
A0A7I2V5P3,UniProtKB/TrEMBL,1.0,Active
C9J4G4,UniProtKB/TrEMBL,1.0,Active
Q6NSD7,UniProtKB/TrEMBL,1.0,Active
M0R054,UniProtKB/TrEMBL,1.0,Active
M0R3I4,UniProtKB/TrEMBL,1.0,Active
A0A2P1H0L1,UniProtKB/TrEMBL,1.0,Active
A0A2R8Y6N4,UniProtKB/TrEMBL,1.0,Active
Q68CZ0,UniProtKB/TrEMBL,1.0,Active
C9J8J8,UniProtKB/TrEMBL,2.0,Active
P61970,UniProtKB/Swiss-Prot,5.0,Active
F5H157,UniProtKB/TrEMBL,2.0,Active
K7ESG6,UniProtKB/TrEMBL,2.0,Active
K7ENW8,UniProtKB/TrEMBL,1.0,Active
I3L1A1,UniProtKB/TrEMBL,1.0,Active
Q4W5F0,UniProtKB/TrEMBL,1.0,Active
Q9H772,UniProtKB/Swiss-Prot,5.0,Active
O60538,UniProtKB/TrEMBL,1.0,Active
C9J269,UniProtKB/TrEMBL,1.0,Active
A0A5C2GHJ3,UniProtKB/TrEMBL,1.0,Active
Q71E46,UniProtKB/TrEMBL,1.0,Active
M0R1V4,UniProtKB/TrEMBL,1.0,Active
F8VNZ0,UniProtKB/TrEMBL,1.0,Active
Q9UEN9,UniProtKB/TrEMBL,1.0,Active
O95576,UniProtKB/TrEMBL,1.0,Active
Q5JP02,UniProtKB/TrEMBL,1.0,Active
L7N2F4,UniProtKB/TrEMBL,2.0,Active
A0A5C2GFQ2,UniProtKB/TrEMBL,1.0,Active
D9ZGF5,UniProtKB/TrEMBL,5.0,Active
J3QKM8,UniProtKB/TrEMBL,3.0,Active
E9PRI8,UniProtKB/TrEMBL,1.0,Active
Q8WXR6,UniProtKB/TrEMBL,1.0,Active
A0A5C2GMN0,UniProtKB/TrEMBL,1.0,Active
A0A0F6RAU4,UniProtKB/TrEMBL,1.0,Active
A0A5C2GHI7,UniProtKB/TrEMBL,1.0,Active
H7BXF7,UniProtKB/TrEMBL,1.0,Active
Q15828,UniProtKB/Swiss-Prot,5.0,Active
A0A0H4CUT2,UniProtKB/TrEMBL,1.0,Active
B3KW63,UniProtKB/TrEMBL,1.0,Active
E9PKB5,UniProtKB/TrEMBL,2.0,Active
Q8IUR0,UniProtKB/Swiss-Prot,4.0,Active
C9J974,UniProtKB/TrEMBL,1.0,Active
A8MT69,UniProtKB/Swiss-Prot,5.0,Active
Q5JVY0,UniProtKB/TrEMBL,1.0,Active
V9GZ04,UniProtKB/TrEMBL,1.0,Active
A0A0M4AZU7,UniProtKB/TrEMBL,2.0,Active
Q9Y5N3,UniProtKB/TrEMBL,1.0,Active
A8CLK2,UniProtKB/TrEMBL,1.0,Active
D6RDZ2,UniProtKB/TrEMBL,1.0,Active
A0A5C2G7P5,UniProtKB/TrEMBL,1.0,Active
E5RHL2,UniProtKB/TrEMBL,1.0,Active
A0A0S2Z5S9,UniProtKB/TrEMBL,2.0,Active
A0A5C2GLV1,UniProtKB/TrEMBL,1.0,Active
F8W727,UniProtKB/TrEMBL,1.0,Active
E9PIB6,UniProtKB/TrEMBL,1.0,Active
J3QSR3,UniProtKB/TrEMBL,1.0,Active
Q08AP5,UniProtKB/TrEMBL,1.0,Active
O75703,UniProtKB/TrEMBL,1.0,Active
D6RIF9,UniProtKB/TrEMBL,1.0,Active
A0A6Q8PGQ6,UniProtKB/TrEMBL,2.0,Active
J3KRK2,UniProtKB/TrEMBL,1.0,Active
Q9NWW6,UniProtKB/Swiss-Prot,5.0,Active
E9PR22,UniProtKB/TrEMBL,1.0,Active
A8MUS3,UniProtKB/TrEMBL,2.0,Active
Q8WYD9,UniProtKB/TrEMBL,1.0,Active
D2KB99,UniProtKB/TrEMBL,2.0,Active
Q09QU3,UniProtKB/TrEMBL,1.0,Active
A0A7P0T964,UniProtKB/TrEMBL,1.0,Active
Q96LU5,UniProtKB/Swiss-Prot,3.0,Active
F8WF21,UniProtKB/TrEMBL,1.0,Active
Q8N618,UniProtKB/TrEMBL,1.0,Active
B4DL74,UniProtKB/TrEMBL,1.0,Active
D6RJA3,UniProtKB/TrEMBL,1.0,Active
A0A1W2PPU1,UniProtKB/TrEMBL,1.0,Active
A0A5C2GPT5,UniProtKB/TrEMBL,1.0,Active
A0A5C2GFK1,UniProtKB/TrEMBL,1.0,Active
M0R097,UniProtKB/TrEMBL,1.0,Active
H3BU87,UniProtKB/TrEMBL,1.0,Active
A0A5C2GNB4,UniProtKB/TrEMBL,1.0,Active
B3KR69,UniProtKB/TrEMBL,1.0,Active
I3L1A4,UniProtKB/TrEMBL,1.0,Active
B4DFE6,UniProtKB/TrEMBL,1.0,Active
Q59G77,UniProtKB/TrEMBL,1.0,Active
C9JHF6,UniProtKB/TrEMBL,1.0,Active
Q3KQR5,UniProtKB/TrEMBL,1.0,Active
B4DG51,UniProtKB/TrEMBL,1.0,Active
P61165,UniProtKB/Swiss-Prot,5.0,Active
Q68E11,UniProtKB/TrEMBL,1.0,Active
Q6P2N5,UniProtKB/TrEMBL,1.0,Active
F1T0L0,UniProtKB/TrEMBL,1.0,Active
E7ETN6,UniProtKB/TrEMBL,1.0,Active
Q86UI8,UniProtKB/TrEMBL,1.0,Active
L8E7N0,UniProtKB/TrEMBL,1.0,Active
E5RK75,UniProtKB/TrEMBL,1.0,Active
L8EB32,UniProtKB/TrEMBL,1.0,Active
J3QT43,UniProtKB/TrEMBL,1.0,Active
E9PQB8,UniProtKB/TrEMBL,1.0,Active
B5MC48,UniProtKB/TrEMBL,1.0,Active
F5H612,UniProtKB/TrEMBL,1.0,Active
A0A5C2GRW8,UniProtKB/TrEMBL,1.0,Active
E5RIQ9,UniProtKB/TrEMBL,1.0,Active
H0YHL6,UniProtKB/TrEMBL,1.0,Active
P31025,UniProtKB/Swiss-Prot,5.0,Active
L8ECC7,UniProtKB/TrEMBL,1.0,Active
A0A1Y0ZSQ6,UniProtKB/TrEMBL,1.0,Active
V5LDY9,UniProtKB/TrEMBL,1.0,Active
A0A7P0TB56,UniProtKB/TrEMBL,1.0,Active
H7BZX9,UniProtKB/TrEMBL,1.0,Active
Q2UXL7,UniProtKB/TrEMBL,1.0,Active
B5MCZ8,UniProtKB/TrEMBL,2.0,Active
L8E7W8,UniProtKB/TrEMBL,1.0,Active
C9J9E3,UniProtKB/TrEMBL,1.0,Active
P82663,UniProtKB/Swiss-Prot,4.0,Active
L8ECF2,UniProtKB/TrEMBL,1.0,Active
D6RFE6,UniProtKB/TrEMBL,1.0,Active
A0A7S5C2M8,UniProtKB/TrEMBL,1.0,Active
H3BTK5,UniProtKB/TrEMBL,1.0,Active
C9J6C4,UniProtKB/TrEMBL,1.0,Active
C9JAV5,UniProtKB/TrEMBL,1.0,Active
H3BQZ3,UniProtKB/TrEMBL,1.0,Active
J3QKQ6,UniProtKB/TrEMBL,1.0,Active
F8WC66,UniProtKB/TrEMBL,2.0,Active
L8E957,UniProtKB/TrEMBL,1.0,Active
F8W6R7,UniProtKB/TrEMBL,1.0,Active
B3VTS8,UniProtKB/TrEMBL,1.0,Active
J9QQV7,UniProtKB/TrEMBL,1.0,Active
L8E8X6,UniProtKB/TrEMBL,1.0,Active
A6NHH0,UniProtKB/TrEMBL,1.0,Active
A0A2U8ZU93,UniProtKB/TrEMBL,1.0,Active
Q3KRI4,UniProtKB/TrEMBL,2.0,Active
H7C305,UniProtKB/TrEMBL,1.0,Active
L8EBH7,UniProtKB/TrEMBL,1.0,Active
Q49B96,UniProtKB/Swiss-Prot,5.0,Active
A0A7S5C3Z1,UniProtKB/TrEMBL,1.0,Active
A0A0B4U5E3,UniProtKB/TrEMBL,2.0,Active
B8ZZL5,UniProtKB/TrEMBL,2.0,Active
E5RK63,UniProtKB/TrEMBL,2.0,Active
E9PI12,UniProtKB/TrEMBL,2.0,Active
Q6PI25,UniProtKB/Swiss-Prot,5.0,Active
P0C841,UniProtKB/Swiss-Prot,1.0,Active
E9PQ02,UniProtKB/TrEMBL,2.0,Active
I3L1C8,UniProtKB/TrEMBL,1.0,Active
B7ZBF2,UniProtKB/TrEMBL,1.0,Active
O43745,UniProtKB/Swiss-Prot,5.0,Active
A0A7S5C313,UniProtKB/TrEMBL,1.0,Active
Q17RA5,UniProtKB/Swiss-Prot,2.0,Active
X6RH27,UniProtKB/TrEMBL,2.0,Active
A0A5C2GHA5,UniProtKB/TrEMBL,1.0,Active
B3KVW3,UniProtKB/TrEMBL,1.0,Active
A0A346A6F2,UniProtKB/TrEMBL,1.0,Active
Q5JUV6,UniProtKB/TrEMBL,1.0,Active
Q13313,UniProtKB/TrEMBL,1.0,Active
F5H1K7,UniProtKB/TrEMBL,1.0,Active
C9JQW5,UniProtKB/TrEMBL,1.0,Active
H9XW20,UniProtKB/TrEMBL,1.0,Active
Q12814,UniProtKB/TrEMBL,1.0,Active
Q9NYE3,UniProtKB/TrEMBL,1.0,Active
A0A087WW41,UniProtKB/TrEMBL,1.0,Active
A0A0F7T983,UniProtKB/TrEMBL,1.0,Active
R4RS95,UniProtKB/TrEMBL,1.0,Active
A0A5C2GC13,UniProtKB/TrEMBL,1.0,Active
A0A5C2GBG2,UniProtKB/TrEMBL,1.0,Active
B2RGG0,UniProtKB/TrEMBL,1.0,Active
F8W0R6,UniProtKB/TrEMBL,1.0,Active
A0A0J9YVY6,UniProtKB/TrEMBL,1.0,Active
Q8TD50,UniProtKB/TrEMBL,1.0,Active
A0A0A0MRV4,UniProtKB/TrEMBL,2.0,Active
E9PLY7,UniProtKB/TrEMBL,1.0,Active
P78389,UniProtKB/TrEMBL,1.0,Active
A0A5C2GT15,UniProtKB/TrEMBL,1.0,Active
Q6LE79,UniProtKB/TrEMBL,1.0,Active
Q8NHT5,UniProtKB/TrEMBL,1.0,Active
Q71MG5,UniProtKB/TrEMBL,2.0,Active
P61572,UniProtKB/Swiss-Prot,2.0,Active
E9PJW4,UniProtKB/TrEMBL,2.0,Active
K7EKV2,UniProtKB/TrEMBL,1.0,Active
Q86YL1,UniProtKB/TrEMBL,1.0,Active
Q8ND98,UniProtKB/TrEMBL,1.0,Active
A0A7S5BZC0,UniProtKB/TrEMBL,1.0,Active
E3W974,UniProtKB/TrEMBL,1.0,Active
E9PP66,UniProtKB/TrEMBL,1.0,Active
Q7KZJ0,UniProtKB/TrEMBL,1.0,Active
P27449,UniProtKB/Swiss-Prot,5.0,Active
F8WCM1,UniProtKB/TrEMBL,1.0,Active
F8W6W2,UniProtKB/TrEMBL,2.0,Active
K7EL95,UniProtKB/TrEMBL,1.0,Active
A0A2Z6I6G4,UniProtKB/TrEMBL,1.0,Active
J3KRE2,UniProtKB/TrEMBL,2.0,Active
Q5SY13,UniProtKB/Swiss-Prot,2.0,Active
Q9BVQ0,UniProtKB/TrEMBL,1.0,Active
Q8WYF2,UniProtKB/TrEMBL,1.0,Active
O75320,UniProtKB/TrEMBL,1.0,Active
H3BQ67,UniProtKB/TrEMBL,1.0,Active
Q9UFT5,UniProtKB/TrEMBL,1.0,Active
A0A0M4UT75,UniProtKB/TrEMBL,1.0,Active
Q15847,UniProtKB/Swiss-Prot,4.0,Active
B4DNV8,UniProtKB/TrEMBL,1.0,Active
C9JEE7,UniProtKB/TrEMBL,1.0,Active
H3BTV3,UniProtKB/TrEMBL,1.0,Active
A0A5C2GDY9,UniProtKB/TrEMBL,1.0,Active
H0YKK0,UniProtKB/TrEMBL,2.0,Active
A0A7P0TBF4,UniProtKB/TrEMBL,1.0,Active
G3V2Z3,UniProtKB/TrEMBL,1.0,Active
Q3ZCR7,UniProtKB/TrEMBL,1.0,Active
A0A087WWZ0,UniProtKB/TrEMBL,1.0,Active
Q96GJ3,UniProtKB/TrEMBL,1.0,Active
A0A891XIL1,UniProtKB/TrEMBL,1.0,Active
C9J9D7,UniProtKB/TrEMBL,2.0,Active
A0A3B3IU62,UniProtKB/TrEMBL,3.0,Active
C9JHZ6,UniProtKB/TrEMBL,1.0,Active
A0A1W6IYJ5,UniProtKB/TrEMBL,1.0,Active
A0A087WWM0,UniProtKB/TrEMBL,2.0,Active
J3KSX3,UniProtKB/TrEMBL,1.0,Active
H7C059,UniProtKB/TrEMBL,1.0,Active
M0R2K0,UniProtKB/TrEMBL,1.0,Active
Q7Z6K4,UniProtKB/Swiss-Prot,4.0,Active
Q8N7X8,UniProtKB/Swiss-Prot,2.0,Active
Q8N4X1,UniProtKB/TrEMBL,1.0,Active
K7EIR3,UniProtKB/TrEMBL,1.0,Active
B3KVU9,UniProtKB/TrEMBL,1.0,Active
Q8N5Q4,UniProtKB/TrEMBL,1.0,Active
C9J5D1,UniProtKB/TrEMBL,3.0,Active
A0A5C2GHQ1,UniProtKB/TrEMBL,1.0,Active
A0A5C2GIC4,UniProtKB/TrEMBL,1.0,Active
L8EAC0,UniProtKB/TrEMBL,1.0,Active
A0A2U8J982,UniProtKB/TrEMBL,1.0,Active
Q7Z3U3,UniProtKB/TrEMBL,1.0,Active
A0A2R8Y696,UniProtKB/TrEMBL,2.0,Active
Q9HBM7,UniProtKB/TrEMBL,2.0,Active
Q8N2Q6,UniProtKB/TrEMBL,1.0,Active
I0CLG0,UniProtKB/TrEMBL,1.0,Active
H0YMV5,UniProtKB/TrEMBL,1.0,Active
Q16120,UniProtKB/TrEMBL,1.0,Active
V9GZL3,UniProtKB/TrEMBL,1.0,Active
E7EX84,UniProtKB/TrEMBL,2.0,Active
A0A0J9YXG9,UniProtKB/TrEMBL,1.0,Active
C9JG30,UniProtKB/TrEMBL,2.0,Active
A0A068BEX2,UniProtKB/TrEMBL,1.0,Active
X5DPA1,UniProtKB/TrEMBL,1.0,Active
A0A1Y5U1D4,UniProtKB/TrEMBL,1.0,Active
Q9UFQ2,UniProtKB/TrEMBL,1.0,Active
M0QXA1,UniProtKB/TrEMBL,1.0,Active
A0A5C2GHR1,UniProtKB/TrEMBL,1.0,Active
J3KS38,UniProtKB/TrEMBL,2.0,Active
V9H1I0,UniProtKB/TrEMBL,1.0,Active
Q7Z2J0,UniProtKB/TrEMBL,1.0,Active
A8MRB1,UniProtKB/TrEMBL,1.0,Active
A0A0S2Z4Q8,UniProtKB/TrEMBL,1.0,Active
H3BU67,UniProtKB/TrEMBL,1.0,Active
Q1KSG0,UniProtKB/TrEMBL,2.0,Active
D6RCC4,UniProtKB/TrEMBL,1.0,Active
Q3SXP2,UniProtKB/TrEMBL,1.0,Active
P01591,UniProtKB/Swiss-Prot,5.0,Active
Q5ZEZ5,UniProtKB/TrEMBL,1.0,Active
A0A7S5EUS4,UniProtKB/TrEMBL,1.0,Active
A0A6Q8PFK7,UniProtKB/TrEMBL,1.0,Active
A0A494C1F1,UniProtKB/TrEMBL,1.0,Active
Q2Z197,UniProtKB/TrEMBL,1.0,Active
Q5TAQ0,UniProtKB/TrEMBL,2.0,Active
F5GYS9,UniProtKB/TrEMBL,2.0,Active
A0A1B0GVC1,UniProtKB/TrEMBL,1.0,Active
D6RBR9,UniProtKB/TrEMBL,1.0,Active
Q6QNA7,UniProtKB/TrEMBL,1.0,Active
Q96CG3,UniProtKB/Swiss-Prot,5.0,Active
F8VZ72,UniProtKB/TrEMBL,1.0,Active
A0A087X1L6,UniProtKB/TrEMBL,1.0,Active
B4DYJ0,UniProtKB/TrEMBL,1.0,Active
P57730,UniProtKB/Swiss-Prot,5.0,Active
A0A5C2GBQ8,UniProtKB/TrEMBL,1.0,Active
C9J7L9,UniProtKB/TrEMBL,2.0,Active
B3KRB1,UniProtKB/TrEMBL,1.0,Active
B4DSR4,UniProtKB/TrEMBL,1.0,Active
F8WCV7,UniProtKB/TrEMBL,1.0,Active
O14851,UniProtKB/TrEMBL,1.0,Active
L0R6E0,UniProtKB/TrEMBL,1.0,Active
Q658W9,UniProtKB/TrEMBL,1.0,Active
Q68D46,UniProtKB/TrEMBL,1.0,Active
M0R0Q9,UniProtKB/TrEMBL,1.0,Active
A0A087X1H4,UniProtKB/TrEMBL,2.0,Active
Q4G0S1,UniProtKB/TrEMBL,1.0,Active
A0A7T0PYP9,UniProtKB/TrEMBL,1.0,Active
M0QXC8,UniProtKB/TrEMBL,1.0,Active
C9J3R7,UniProtKB/TrEMBL,1.0,Active
A0A5C2GAY7,UniProtKB/TrEMBL,1.0,Active
C9K0C8,UniProtKB/TrEMBL,1.0,Active
O75243,UniProtKB/TrEMBL,1.0,Active
M0QYM6,UniProtKB/TrEMBL,1.0,Active
Q659B4,UniProtKB/TrEMBL,2.0,Active
Q49AN7,UniProtKB/TrEMBL,1.0,Active
A0A5C2GAQ2,UniProtKB/TrEMBL,1.0,Active
Q9H840,UniProtKB/Swiss-Prot,5.0,Active
J3QR00,UniProtKB/TrEMBL,1.0,Active
B7Z340,UniProtKB/TrEMBL,2.0,Active
A0A087WW05,UniProtKB/TrEMBL,1.0,Active
L8E9W4,UniProtKB/TrEMBL,1.0,Active
L0R8I9,UniProtKB/TrEMBL,1.0,Active
E9PNF5,UniProtKB/TrEMBL,1.0,Active
A0A0A0MS01,UniProtKB/Swiss-Prot,3.0,Active
C9JVR6,UniProtKB/TrEMBL,2.0,Active
A0A5C2GT88,UniProtKB/TrEMBL,1.0,Active
Q75MR5,UniProtKB/TrEMBL,2.0,Active
O43923,UniProtKB/TrEMBL,2.0,Active
A0A5C2GD02,UniProtKB/TrEMBL,1.0,Active
P01148,UniProtKB/Swiss-Prot,5.0,Active
I3L3K2,UniProtKB/TrEMBL,1.0,Active
A2VCQ5,UniProtKB/TrEMBL,1.0,Active
E9PQB3,UniProtKB/TrEMBL,1.0,Active
A0A7I2V384,UniProtKB/TrEMBL,1.0,Active
F5H6J0,UniProtKB/TrEMBL,1.0,Active
A0A5C2G830,UniProtKB/TrEMBL,1.0,Active
A0A3S6H960,UniProtKB/TrEMBL,2.0,Active
P03950,UniProtKB/Swiss-Prot,5.0,Active
A0A087WXE0,UniProtKB/TrEMBL,2.0,Active
D6REN0,UniProtKB/TrEMBL,1.0,Active
F8WE48,UniProtKB/TrEMBL,1.0,Active
Q68DX5,UniProtKB/TrEMBL,1.0,Active
K7ESA9,UniProtKB/TrEMBL,1.0,Active
L8ECN3,UniProtKB/TrEMBL,1.0,Active
B4DRE3,UniProtKB/TrEMBL,1.0,Active
B4DV45,UniProtKB/TrEMBL,1.0,Active
A8K963,UniProtKB/TrEMBL,2.0,Active
A2NWD3,UniProtKB/TrEMBL,2.0,Active
A0A7S5C2S0,UniProtKB/TrEMBL,1.0,Active
Q13541,UniProtKB/Swiss-Prot,5.0,Active
A0A804HIQ6,UniProtKB/TrEMBL,1.0,Active
P0DMR2,UniProtKB/Swiss-Prot,2.0,Active
L8EBD6,UniProtKB/TrEMBL,1.0,Active
Q6AHZ8,UniProtKB/TrEMBL,1.0,Active
P62253,UniProtKB/Swiss-Prot,5.0,Active
B8ZZJ2,UniProtKB/TrEMBL,1.0,Active
B7Z8J1,UniProtKB/TrEMBL,1.0,Active
E9PPU5,UniProtKB/TrEMBL,1.0,Active
A0A7P0TBA8,UniProtKB/TrEMBL,1.0,Active
Q9NRQ5,UniProtKB/Swiss-Prot,5.0,Active
B7ZBA4,UniProtKB/TrEMBL,2.0,Active
A0A087WXQ6,UniProtKB/TrEMBL,1.0,Active
Q9UM94,UniProtKB/TrEMBL,1.0,Active
E9PK87,UniProtKB/TrEMBL,1.0,Active
I0CMK1,UniProtKB/TrEMBL,1.0,Active
A0A0U1RQL4,UniProtKB/TrEMBL,1.0,Active
H0YC94,UniProtKB/TrEMBL,2.0,Active
G5E9J7,UniProtKB/TrEMBL,1.0,Active
Q96LE4,UniProtKB/TrEMBL,1.0,Active
P30273,UniProtKB/Swiss-Prot,5.0,Active
Q6W7E5,UniProtKB/TrEMBL,1.0,Active
C9JQ14,UniProtKB/TrEMBL,1.0,Active
B4DVQ7,UniProtKB/TrEMBL,1.0,Active
Q969H8,UniProtKB/Swiss-Prot,5.0,Active
D6R9Z0,UniProtKB/TrEMBL,1.0,Active
E5RGD0,UniProtKB/TrEMBL,1.0,Active
H0YBP4,UniProtKB/TrEMBL,1.0,Active
A8KAC3,UniProtKB/TrEMBL,1.0,Active
M0R0J2,UniProtKB/TrEMBL,1.0,Active
L8E7A4,UniProtKB/TrEMBL,1.0,Active
Q96FX8,UniProtKB/Swiss-Prot,5.0,Active
Q7Z7Q8,UniProtKB/TrEMBL,2.0,Active
F5H571,UniProtKB/TrEMBL,1.0,Active
A0A5C2GAC2,UniProtKB/TrEMBL,1.0,Active
A0A5C2G9E2,UniProtKB/TrEMBL,1.0,Active
B3KQW2,UniProtKB/TrEMBL,1.0,Active
H7C4Q2,UniProtKB/TrEMBL,1.0,Active
E5RK37,UniProtKB/TrEMBL,2.0,Active
Q96A32,UniProtKB/Swiss-Prot,5.0,Active
A0A2R8Y7D2,UniProtKB/TrEMBL,1.0,Active
Q16425,UniProtKB/TrEMBL,4.0,Active
J3KRD7,UniProtKB/TrEMBL,1.0,Active
A0A804HKW6,UniProtKB/TrEMBL,1.0,Active
A0A076G425,UniProtKB/TrEMBL,3.0,Active
Q9UHU0,UniProtKB/TrEMBL,1.0,Active
A0A7I2V5H7,UniProtKB/TrEMBL,2.0,Active
O60420,UniProtKB/TrEMBL,1.0,Active
C9JH72,UniProtKB/TrEMBL,1.0,Active
E5RIP7,UniProtKB/TrEMBL,2.0,Active
B3VRI0,UniProtKB/TrEMBL,1.0,Active
A0A0G2JN65,UniProtKB/TrEMBL,1.0,Active
E9PJS3,UniProtKB/TrEMBL,3.0,Active
L8EAH5,UniProtKB/TrEMBL,1.0,Active
A3KN74,UniProtKB/TrEMBL,1.0,Active
B5A228,UniProtKB/TrEMBL,1.0,Active
F8WCT3,UniProtKB/TrEMBL,1.0,Active
G3V4I5,UniProtKB/TrEMBL,1.0,Active
A0A5C2G8X6,UniProtKB/TrEMBL,1.0,Active
K7ERJ1,UniProtKB/TrEMBL,2.0,Active
D6RFW7,UniProtKB/TrEMBL,1.0,Active
C9J5S9,UniProtKB/TrEMBL,1.0,Active
F8WB84,UniProtKB/TrEMBL,2.0,Active
A0A7S5C1L3,UniProtKB/TrEMBL,1.0,Active
H7C1J3,UniProtKB/TrEMBL,2.0,Active
X6RF82,UniProtKB/TrEMBL,2.0,Active
B8ZZL1,UniProtKB/TrEMBL,1.0,Active
A0A7I2V3D9,UniProtKB/TrEMBL,1.0,Active
A0A0A0MTF6,UniProtKB/TrEMBL,1.0,Active
Q6IB68,UniProtKB/TrEMBL,1.0,Active
B7Z546,UniProtKB/TrEMBL,1.0,Active
C9JDF0,UniProtKB/TrEMBL,2.0,Active
E9PHK0,UniProtKB/TrEMBL,1.0,Active
K7EM71,UniProtKB/TrEMBL,1.0,Active
H0YF78,UniProtKB/TrEMBL,1.0,Active
Q53FT3,UniProtKB/Swiss-Prot,5.0,Active
U3KQL1,UniProtKB/TrEMBL,1.0,Active
A0A5C2GCY7,UniProtKB/TrEMBL,1.0,Active
Q9H521,UniProtKB/Swiss-Prot,1.0,Active
A0A220SZY8,UniProtKB/TrEMBL,1.0,Active
H0YI29,UniProtKB/TrEMBL,2.0,Active
D6RGX5,UniProtKB/TrEMBL,1.0,Active
H0YEI6,UniProtKB/TrEMBL,1.0,Active
A0A7S5BXA5,UniProtKB/TrEMBL,1.0,Active
Q6ICB3,UniProtKB/TrEMBL,1.0,Active
A0A7P0TBL1,UniProtKB/TrEMBL,1.0,Active
F8W656,UniProtKB/TrEMBL,1.0,Active
C9JV57,UniProtKB/TrEMBL,1.0,Active
Q8WYE6,UniProtKB/TrEMBL,1.0,Active
E9PM70,UniProtKB/TrEMBL,1.0,Active
Q9UJZ8,UniProtKB/TrEMBL,1.0,Active
A0A5C2GGH5,UniProtKB/TrEMBL,1.0,Active
Q9Y3D3,UniProtKB/Swiss-Prot,5.0,Active
A0A5C2GN71,UniProtKB/TrEMBL,1.0,Active
E5RFS3,UniProtKB/TrEMBL,1.0,Active
K7EJ11,UniProtKB/TrEMBL,1.0,Active
Q6MZL1,UniProtKB/TrEMBL,2.0,Active
A0A5C2GGE2,UniProtKB/TrEMBL,1.0,Active
L8E8U8,UniProtKB/TrEMBL,1.0,Active
B3KSL3,UniProtKB/TrEMBL,1.0,Active
H3BRQ0,UniProtKB/TrEMBL,1.0,Active
I0EZ74,UniProtKB/TrEMBL,1.0,Active
E5RGG0,UniProtKB/TrEMBL,1.0,Active
B4DV65,UniProtKB/TrEMBL,1.0,Active
Q24JT5,UniProtKB/TrEMBL,2.0,Active
A0A0A7MBI3,UniProtKB/TrEMBL,1.0,Active
H0YA92,UniProtKB/TrEMBL,1.0,Active
A0A0U1RQI2,UniProtKB/TrEMBL,1.0,Active
Q53G19,UniProtKB/TrEMBL,2.0,Active
E9PFN5,UniProtKB/TrEMBL,2.0,Active
A6PVS0,UniProtKB/TrEMBL,1.0,Active
A0A2R8YDA8,UniProtKB/TrEMBL,1.0,Active
K7EM78,UniProtKB/TrEMBL,1.0,Active
A0A804HKS9,UniProtKB/TrEMBL,1.0,Active
B1N0S0,UniProtKB/TrEMBL,1.0,Active
Q8TCG9,UniProtKB/TrEMBL,2.0,Active
A0A127AXF0,UniProtKB/TrEMBL,1.0,Active
Q9UG12,UniProtKB/TrEMBL,2.0,Active
A0A7S5EXF9,UniProtKB/TrEMBL,1.0,Active
E5RGI3,UniProtKB/TrEMBL,1.0,Active
H7C4A2,UniProtKB/TrEMBL,1.0,Active
L8E842,UniProtKB/TrEMBL,1.0,Active
B4DWV5,UniProtKB/TrEMBL,2.0,Active
Q5T6V7,UniProtKB/TrEMBL,2.0,Active
E9PNQ9,UniProtKB/TrEMBL,1.0,Active
A0A087WVA3,UniProtKB/TrEMBL,1.0,Active
A0A5C2G6F9,UniProtKB/TrEMBL,1.0,Active
H3BSX1,UniProtKB/TrEMBL,1.0,Active
C9J9E4,UniProtKB/TrEMBL,1.0,Active
H7C317,UniProtKB/TrEMBL,1.0,Active
A0A5C2G676,UniProtKB/TrEMBL,1.0,Active
P54849,UniProtKB/Swiss-Prot,5.0,Active
F5GZH5,UniProtKB/TrEMBL,1.0,Active
A0A5C2GEL4,UniProtKB/TrEMBL,1.0,Active
A0A5C2G6G7,UniProtKB/TrEMBL,1.0,Active
R4GN91,UniProtKB/TrEMBL,1.0,Active
H0Y934,UniProtKB/TrEMBL,1.0,Active
H0YGH0,UniProtKB/TrEMBL,1.0,Active
Q9Y3D6,UniProtKB/Swiss-Prot,5.0,Active
P61803,UniProtKB/Swiss-Prot,5.0,Active
Q8NAD7,UniProtKB/TrEMBL,1.0,Active
Q68VI9,UniProtKB/TrEMBL,1.0,Active
Q6PJD5,UniProtKB/TrEMBL,1.0,Active
Q13969,UniProtKB/TrEMBL,1.0,Active
M0R388,UniProtKB/TrEMBL,1.0,Active
A0A5C2GB06,UniProtKB/TrEMBL,1.0,Active
F8W030,UniProtKB/TrEMBL,1.0,Active
A0A5C2GEE4,UniProtKB/TrEMBL,1.0,Active
D6RCP9,UniProtKB/TrEMBL,2.0,Active
F8WEZ4,UniProtKB/TrEMBL,2.0,Active
A0A5C2GMK3,UniProtKB/TrEMBL,1.0,Active
A0A5C2GIN5,UniProtKB/TrEMBL,1.0,Active
A0A5C2GT92,UniProtKB/TrEMBL,1.0,Active
E9PIT9,UniProtKB/TrEMBL,1.0,Active
H3BSW8,UniProtKB/TrEMBL,1.0,Active
Q53TC2,UniProtKB/TrEMBL,1.0,Active
Q68VJ4,UniProtKB/TrEMBL,2.0,Active
C9JNH8,UniProtKB/TrEMBL,1.0,Active
A0A0J9YYG2,UniProtKB/TrEMBL,1.0,Active
A0A087WVW5,UniProtKB/TrEMBL,1.0,Active
Q5ZEY9,UniProtKB/TrEMBL,1.0,Active
Q96KL5,UniProtKB/TrEMBL,1.0,Active
Q9H003,UniProtKB/TrEMBL,1.0,Active
A5GZ72,UniProtKB/TrEMBL,1.0,Active
F8VVB7,UniProtKB/TrEMBL,1.0,Active
Q7Z4Q0,UniProtKB/TrEMBL,1.0,Active
Q9Y436,UniProtKB/TrEMBL,1.0,Active
Q9UMV1,UniProtKB/TrEMBL,1.0,Active
H0YFW7,UniProtKB/TrEMBL,1.0,Active
Q6ZNK1,UniProtKB/TrEMBL,1.0,Active
A0A7R6M6Q9,UniProtKB/TrEMBL,1.0,Active
Q5T6P5,UniProtKB/TrEMBL,1.0,Active
F8WDT8,UniProtKB/TrEMBL,2.0,Active
U3KQU2,UniProtKB/TrEMBL,1.0,Active
Q9H293,UniProtKB/Swiss-Prot,5.0,Active
A0A7P0Z4M7,UniProtKB/TrEMBL,2.0,Active
F6MDI3,UniProtKB/TrEMBL,1.0,Active
A8K3Z6,UniProtKB/TrEMBL,2.0,Active
Q7KZ25,UniProtKB/TrEMBL,1.0,Active
B4DFG6,UniProtKB/TrEMBL,1.0,Active
Q7Z6F0,UniProtKB/TrEMBL,1.0,Active
P61086,UniProtKB/Swiss-Prot,5.0,Active
D6RCQ9,UniProtKB/TrEMBL,2.0,Active
A0A7S5C4H5,UniProtKB/TrEMBL,1.0,Active
F5H437,UniProtKB/TrEMBL,1.0,Active
B4DE37,UniProtKB/TrEMBL,1.0,Active
A0A0B4J1Y4,UniProtKB/TrEMBL,1.0,Active
M0R0D2,UniProtKB/TrEMBL,1.0,Active
G3V2H0,UniProtKB/TrEMBL,2.0,Active
L0R5B6,UniProtKB/TrEMBL,1.0,Active
A0A0S2Z5C4,UniProtKB/TrEMBL,1.0,Active
Q5T981,UniProtKB/TrEMBL,1.0,Active
A0A6Q8PFT8,UniProtKB/TrEMBL,1.0,Active
B2RBK8,UniProtKB/TrEMBL,1.0,Active
Q8NEQ2,UniProtKB/TrEMBL,1.0,Active
Q9UG55,UniProtKB/TrEMBL,1.0,Active
D6RAX4,UniProtKB/TrEMBL,1.0,Active
L8ECQ2,UniProtKB/TrEMBL,1.0,Active
A0A2R8Y539,UniProtKB/TrEMBL,1.0,Active
H0YDR6,UniProtKB/TrEMBL,1.0,Active
C1KC08,UniProtKB/TrEMBL,1.0,Active
A0A5C2GGP9,UniProtKB/TrEMBL,1.0,Active
K7EMJ1,UniProtKB/TrEMBL,2.0,Active
Q19AV6,UniProtKB/Swiss-Prot,5.0,Active
Q8WYC8,UniProtKB/TrEMBL,1.0,Active
P02652,UniProtKB/Swiss-Prot,5.0,Active
Q9H480,UniProtKB/TrEMBL,1.0,Active
F8VWA5,UniProtKB/TrEMBL,1.0,Active
J3KSP5,UniProtKB/TrEMBL,1.0,Active
F8WD36,UniProtKB/TrEMBL,2.0,Active
A0A5C2GU36,UniProtKB/TrEMBL,1.0,Active
B4E389,UniProtKB/TrEMBL,2.0,Active
K7ENK1,UniProtKB/TrEMBL,1.0,Active
P22392,UniProtKB/Swiss-Prot,5.0,Active
C9JD41,UniProtKB/TrEMBL,1.0,Active
A0A087WW45,UniProtKB/TrEMBL,1.0,Active
U3KQU4,UniProtKB/TrEMBL,1.0,Active
L8EAS6,UniProtKB/TrEMBL,1.0,Active
K7EMJ3,UniProtKB/TrEMBL,1.0,Active
Q8NHW6,UniProtKB/Swiss-Prot,3.0,Active
A0A5C2GKM2,UniProtKB/TrEMBL,1.0,Active
O15342,UniProtKB/Swiss-Prot,5.0,Active
F2Z2P5,UniProtKB/TrEMBL,2.0,Active
I3L1U1,UniProtKB/TrEMBL,2.0,Active
I3L4N7,UniProtKB/TrEMBL,1.0,Active
A0A5C2G8I2,UniProtKB/TrEMBL,1.0,Active
A2ID95,UniProtKB/TrEMBL,1.0,Active
A0A5C2GCM4,UniProtKB/TrEMBL,1.0,Active
A0A804HL51,UniProtKB/TrEMBL,1.0,Active
A2RRQ1,UniProtKB/TrEMBL,1.0,Active
Q96GZ3,UniProtKB/TrEMBL,4.0,Active
B4DVF4,UniProtKB/TrEMBL,1.0,Active
A6NJY4,UniProtKB/Swiss-Prot,3.0,Active
Q5VYT0,UniProtKB/TrEMBL,1.0,Active
E9PQH4,UniProtKB/TrEMBL,1.0,Active
A0A6Q8PGF8,UniProtKB/TrEMBL,1.0,Active
A2ABF1,UniProtKB/TrEMBL,1.0,Active
Q59G24,UniProtKB/TrEMBL,2.0,Active
A0A5C2GHA2,UniProtKB/TrEMBL,1.0,Active
Q71UK1,UniProtKB/TrEMBL,1.0,Active
Q8WU39,UniProtKB/Swiss-Prot,5.0,Active
A0A7I2V3S7,UniProtKB/TrEMBL,3.0,Active
A0A5C2GHY9,UniProtKB/TrEMBL,1.0,Active
A0A7S5C0X6,UniProtKB/TrEMBL,1.0,Active
Q6LD09,UniProtKB/TrEMBL,1.0,Active
C9J7Q9,UniProtKB/TrEMBL,2.0,Active
O94784,UniProtKB/TrEMBL,1.0,Active
I3L333,UniProtKB/TrEMBL,2.0,Active
D6R9D7,UniProtKB/TrEMBL,1.0,Active
A0A5C2GXI4,UniProtKB/TrEMBL,1.0,Active
L0R855,UniProtKB/TrEMBL,1.0,Active
Q9BU79,UniProtKB/Swiss-Prot,5.0,Active
Q8N690,UniProtKB/Swiss-Prot,4.0,Active
H0YNI4,UniProtKB/TrEMBL,1.0,Active
H7C1E8,UniProtKB/TrEMBL,1.0,Active
H3BRR0,UniProtKB/TrEMBL,1.0,Active
C9IZG3,UniProtKB/TrEMBL,2.0,Active
E5RJU8,UniProtKB/TrEMBL,2.0,Active
A0A7S5C2S4,UniProtKB/TrEMBL,1.0,Active
K7EII3,UniProtKB/TrEMBL,1.0,Active
A7E2U9,UniProtKB/TrEMBL,1.0,Active
B4DY66,UniProtKB/TrEMBL,1.0,Active
A0A5C2GAU4,UniProtKB/TrEMBL,1.0,Active
F8WAZ5,UniProtKB/TrEMBL,2.0,Active
Q5STX8,UniProtKB/TrEMBL,2.0,Active
C9IYY0,UniProtKB/TrEMBL,1.0,Active
Q8N945,UniProtKB/Swiss-Prot,2.0,Active
E5RJY4,UniProtKB/TrEMBL,1.0,Active
Q5HYH5,UniProtKB/TrEMBL,1.0,Active
B3KQ19,UniProtKB/TrEMBL,1.0,Active
H0YL57,UniProtKB/TrEMBL,1.0,Active
F5H0F1,UniProtKB/TrEMBL,1.0,Active
K7EQ35,UniProtKB/TrEMBL,1.0,Active
L8EB17,UniProtKB/TrEMBL,1.0,Active
A0A5C2GT24,UniProtKB/TrEMBL,1.0,Active
C9J999,UniProtKB/TrEMBL,1.0,Active
A0A2I7VTB5,UniProtKB/TrEMBL,2.0,Active
J3QSA5,UniProtKB/TrEMBL,1.0,Active
H0Y955,UniProtKB/TrEMBL,1.0,Active
P49459,UniProtKB/Swiss-Prot,5.0,Active
L8EAA2,UniProtKB/TrEMBL,1.0,Active
H3BRZ6,UniProtKB/TrEMBL,1.0,Active
C7BWB6,UniProtKB/TrEMBL,1.0,Active
A0A7S5C0X9,UniProtKB/TrEMBL,1.0,Active
A0A5C2GIZ7,UniProtKB/TrEMBL,1.0,Active
J3QRL5,UniProtKB/TrEMBL,1.0,Active
F5H1R6,UniProtKB/TrEMBL,1.0,Active
C9JGP4,UniProtKB/TrEMBL,1.0,Active
A0A1B1PFX2,UniProtKB/TrEMBL,1.0,Active
A0A1B1HY26,UniProtKB/TrEMBL,1.0,Active
H3BNR5,UniProtKB/TrEMBL,2.0,Active
B1AJW3,UniProtKB/TrEMBL,1.0,Active
A0A5C2G9S2,UniProtKB/TrEMBL,1.0,Active
M0R289,UniProtKB/TrEMBL,2.0,Active
C9IYJ2,UniProtKB/TrEMBL,1.0,Active
D6RHU2,UniProtKB/TrEMBL,2.0,Active
B4DVS9,UniProtKB/TrEMBL,1.0,Active
H3BQ10,UniProtKB/TrEMBL,2.0,Active
G3V1M6,UniProtKB/TrEMBL,1.0,Active
Q53SY0,UniProtKB/TrEMBL,1.0,Active
D6RHU3,UniProtKB/TrEMBL,1.0,Active
A0A087WYD5,UniProtKB/TrEMBL,2.0,Active
Q6TV16,UniProtKB/TrEMBL,1.0,Active
E9PBE8,UniProtKB/TrEMBL,1.0,Active
E9PPW5,UniProtKB/TrEMBL,1.0,Active
A0A384NPU2,UniProtKB/TrEMBL,2.0,Active
Q5H9B5,UniProtKB/TrEMBL,2.0,Active
A0A7S5C390,UniProtKB/TrEMBL,1.0,Active
B4DDD4,UniProtKB/TrEMBL,1.0,Active
F8WE18,UniProtKB/TrEMBL,1.0,Active
K7ES67,UniProtKB/TrEMBL,2.0,Active
K7EQT9,UniProtKB/TrEMBL,1.0,Active
A0A5C2GR50,UniProtKB/TrEMBL,1.0,Active
F8WCG6,UniProtKB/TrEMBL,1.0,Active
A0A1D9ITY9,UniProtKB/TrEMBL,1.0,Active
C9JZW8,UniProtKB/TrEMBL,2.0,Active
Q86X83,UniProtKB/Swiss-Prot,4.0,Active
H0YEI8,UniProtKB/TrEMBL,1.0,Active
B4DNF3,UniProtKB/TrEMBL,2.0,Active
A0A1W2PRV0,UniProtKB/TrEMBL,2.0,Active
B4DW83,UniProtKB/TrEMBL,1.0,Active
B1B5S7,UniProtKB/TrEMBL,1.0,Active
C9JPU9,UniProtKB/TrEMBL,3.0,Active
C9JC24,UniProtKB/TrEMBL,1.0,Active
A7J1Q6,UniProtKB/TrEMBL,1.0,Active
E9PL37,UniProtKB/TrEMBL,1.0,Active
A0A5C2GBM9,UniProtKB/TrEMBL,1.0,Active
A0A5C2GDT6,UniProtKB/TrEMBL,1.0,Active
Q9P2W3,UniProtKB/Swiss-Prot,5.0,Active
F8WB11,UniProtKB/TrEMBL,1.0,Active
J3QRL6,UniProtKB/TrEMBL,1.0,Active
Q6PIG1,UniProtKB/TrEMBL,1.0,Active
E9PIL7,UniProtKB/TrEMBL,1.0,Active
F5H492,UniProtKB/TrEMBL,2.0,Active
P0DP73,UniProtKB/Swiss-Prot,3.0,Active
Q45FE0,UniProtKB/TrEMBL,1.0,Active
Q9BZZ3,UniProtKB/TrEMBL,2.0,Active
E9PQS3,UniProtKB/TrEMBL,2.0,Active
Q7RTV0,UniProtKB/Swiss-Prot,5.0,Active
C9JU55,UniProtKB/TrEMBL,1.0,Active
B0QYC8,UniProtKB/TrEMBL,1.0,Active
O75438,UniProtKB/Swiss-Prot,5.0,Active
Q8IZE2,UniProtKB/TrEMBL,1.0,Active
A0A494C0H6,UniProtKB/TrEMBL,1.0,Active
F8WAQ8,UniProtKB/TrEMBL,1.0,Active
A6PVP2,UniProtKB/TrEMBL,1.0,Active
Q9H4C3,UniProtKB/TrEMBL,3.0,Active
B4DGW3,UniProtKB/TrEMBL,1.0,Active
F8WBW4,UniProtKB/TrEMBL,2.0,Active
F8VS98,UniProtKB/TrEMBL,1.0,Active
H7C480,UniProtKB/TrEMBL,2.0,Active
Q5HY40,UniProtKB/TrEMBL,2.0,Active
H3BQH6,UniProtKB/TrEMBL,1.0,Active
C9JC63,UniProtKB/TrEMBL,1.0,Active
H0YFP7,UniProtKB/TrEMBL,1.0,Active
F5H2C9,UniProtKB/TrEMBL,1.0,Active
Q4W5L9,UniProtKB/TrEMBL,1.0,Active
H7C5W0,UniProtKB/TrEMBL,2.0,Active
K7EMN1,UniProtKB/TrEMBL,1.0,Active
H3BU18,UniProtKB/TrEMBL,1.0,Active
L0R835,UniProtKB/TrEMBL,1.0,Active
K7ER49,UniProtKB/TrEMBL,1.0,Active
B4DDR7,UniProtKB/TrEMBL,1.0,Active
W4VSQ8,UniProtKB/TrEMBL,1.0,Active
F8VVA7,UniProtKB/TrEMBL,2.0,Active
A0A5C2GS66,UniProtKB/TrEMBL,1.0,Active
L8E8Q4,UniProtKB/TrEMBL,1.0,Active
F5GZQ2,UniProtKB/TrEMBL,1.0,Active
A0A5C2GKG9,UniProtKB/TrEMBL,1.0,Active
C9K0G7,UniProtKB/TrEMBL,2.0,Active
Q68Y91,UniProtKB/TrEMBL,1.0,Active
C9JIF4,UniProtKB/TrEMBL,1.0,Active
A0A3B3ISC2,UniProtKB/TrEMBL,1.0,Active
C9K038,UniProtKB/TrEMBL,1.0,Active
Q68D02,UniProtKB/TrEMBL,2.0,Active
A0A1B0GTD7,UniProtKB/TrEMBL,1.0,Active
A0A5C2GAM5,UniProtKB/TrEMBL,1.0,Active
Q9H036,UniProtKB/TrEMBL,1.0,Active
V9GY64,UniProtKB/TrEMBL,1.0,Active
A0A0A0MTE1,UniProtKB/TrEMBL,1.0,Active
A0A087X226,UniProtKB/TrEMBL,1.0,Active
E9PJW2,UniProtKB/TrEMBL,1.0,Active
Q53RX4,UniProtKB/TrEMBL,1.0,Active
B1AQP8,UniProtKB/TrEMBL,1.0,Active
A0A075X8C1,UniProtKB/TrEMBL,2.0,Active
E5RJL6,UniProtKB/TrEMBL,1.0,Active
A0A3B3IST7,UniProtKB/TrEMBL,1.0,Active
B5BU44,UniProtKB/TrEMBL,2.0,Active
O75556,UniProtKB/Swiss-Prot,5.0,Active
Q5T3E4,UniProtKB/TrEMBL,1.0,Active
H3BU88,UniProtKB/TrEMBL,1.0,Active
F5H828,UniProtKB/TrEMBL,1.0,Active
F5H8H7,UniProtKB/TrEMBL,1.0,Active
F5H0G3,UniProtKB/TrEMBL,1.0,Active
K7EMD6,UniProtKB/TrEMBL,2.0,Active
C6YB45,UniProtKB/TrEMBL,1.0,Active
V9TNI8,UniProtKB/TrEMBL,1.0,Active
A6N931,UniProtKB/TrEMBL,1.0,Active
M0R1C4,UniProtKB/TrEMBL,1.0,Active
B3KQW5,UniProtKB/TrEMBL,2.0,Active
Q14210,UniProtKB/Swiss-Prot,5.0,Active
P62249,UniProtKB/Swiss-Prot,5.0,Active
A0A6Q8PF26,UniProtKB/TrEMBL,1.0,Active
A0A3B3ITD4,UniProtKB/TrEMBL,1.0,Active
J3QRY4,UniProtKB/TrEMBL,1.0,Active
V9GYQ8,UniProtKB/TrEMBL,1.0,Active
Q09LL4,UniProtKB/TrEMBL,3.0,Active
A0A5C2G9N9,UniProtKB/TrEMBL,1.0,Active
A0A5C2GEQ6,UniProtKB/TrEMBL,1.0,Active
Q8NDR3,UniProtKB/TrEMBL,1.0,Active
Q96HJ9,UniProtKB/Swiss-Prot,4.0,Active
B4DSM9,UniProtKB/TrEMBL,1.0,Active
H0Y486,UniProtKB/TrEMBL,1.0,Active
C9JM63,UniProtKB/TrEMBL,1.0,Active
E9PKB6,UniProtKB/TrEMBL,1.0,Active
J3QR34,UniProtKB/TrEMBL,1.0,Active
Q53TL7,UniProtKB/TrEMBL,1.0,Active
J3QR78,UniProtKB/TrEMBL,1.0,Active
C9JAF7,UniProtKB/TrEMBL,2.0,Active
Q5JWS1,UniProtKB/TrEMBL,2.0,Active
O00636,UniProtKB/TrEMBL,1.0,Active
B0QYP8,UniProtKB/TrEMBL,2.0,Active
C9JCK5,UniProtKB/TrEMBL,1.0,Active
Q63HN5,UniProtKB/TrEMBL,2.0,Active
G3V5D0,UniProtKB/TrEMBL,1.0,Active
A6NNI4,UniProtKB/TrEMBL,2.0,Active
J3KT59,UniProtKB/TrEMBL,1.0,Active
Q30KQ1,UniProtKB/Swiss-Prot,3.0,Active
A0A2D1BII0,UniProtKB/TrEMBL,1.0,Active
P10620,UniProtKB/Swiss-Prot,5.0,Active
E5RK99,UniProtKB/TrEMBL,1.0,Active
E9PRI9,UniProtKB/TrEMBL,1.0,Active
A0A481NSA0,UniProtKB/TrEMBL,1.0,Active
Q96FU4,UniProtKB/TrEMBL,1.0,Active
B3KXC3,UniProtKB/TrEMBL,2.0,Active
P52298,UniProtKB/Swiss-Prot,5.0,Active
D6RAG2,UniProtKB/TrEMBL,1.0,Active
L8EAS2,UniProtKB/TrEMBL,1.0,Active
Q75MI5,UniProtKB/TrEMBL,1.0,Active
A0A5C2GRH0,UniProtKB/TrEMBL,1.0,Active
S4R443,UniProtKB/TrEMBL,1.0,Active
A0A1W2PPE1,UniProtKB/TrEMBL,1.0,Active
E9PJG1,UniProtKB/TrEMBL,2.0,Active
M0QYW0,UniProtKB/TrEMBL,1.0,Active
Q6EWN4,UniProtKB/TrEMBL,1.0,Active
O60597,UniProtKB/TrEMBL,1.0,Active
B4DEE9,UniProtKB/TrEMBL,1.0,Active
Q30KQ6,UniProtKB/Swiss-Prot,5.0,Active
Q2I9M3,UniProtKB/TrEMBL,1.0,Active
Q6P1Q5,UniProtKB/TrEMBL,2.0,Active
Q30KP9,UniProtKB/Swiss-Prot,2.0,Active
A0A5C2G9Y0,UniProtKB/TrEMBL,1.0,Active
C9J7Q8,UniProtKB/TrEMBL,1.0,Active
C9JEZ2,UniProtKB/TrEMBL,2.0,Active
A0A5C2GIK3,UniProtKB/TrEMBL,1.0,Active
C9J0Q4,UniProtKB/TrEMBL,2.0,Active
F5H6A7,UniProtKB/TrEMBL,1.0,Active
A0A2D2AHB4,UniProtKB/TrEMBL,2.0,Active
Q6LDQ3,UniProtKB/TrEMBL,1.0,Active
A0A7S5EU02,UniProtKB/TrEMBL,1.0,Active
A0A5C2G9D2,UniProtKB/TrEMBL,1.0,Active
O15243,UniProtKB/Swiss-Prot,5.0,Active
U3KQ34,UniProtKB/TrEMBL,2.0,Active
Q9Y3C7,UniProtKB/Swiss-Prot,4.0,Active
H3BTM3,UniProtKB/TrEMBL,2.0,Active
A0A5C2G7Z6,UniProtKB/TrEMBL,1.0,Active
H3BPN6,UniProtKB/TrEMBL,2.0,Active
G3V2R6,UniProtKB/TrEMBL,2.0,Active
Q9UFX5,UniProtKB/TrEMBL,1.0,Active
Q99591,UniProtKB/TrEMBL,1.0,Active
C8BMD5,UniProtKB/TrEMBL,1.0,Active
Q9UN97,UniProtKB/TrEMBL,1.0,Active
B3VRG5,UniProtKB/TrEMBL,1.0,Active
P60022,UniProtKB/Swiss-Prot,5.0,Active
C9JMM9,UniProtKB/TrEMBL,1.0,Active
Q9UJC5,UniProtKB/Swiss-Prot,3.0,Active
C9JSU7,UniProtKB/TrEMBL,2.0,Active
C9JFU1,UniProtKB/TrEMBL,1.0,Active
Q9Y221,UniProtKB/Swiss-Prot,5.0,Active
H0YNN1,UniProtKB/TrEMBL,1.0,Active
C9J0A7,UniProtKB/TrEMBL,3.0,Active
H7C2K0,UniProtKB/TrEMBL,1.0,Active
Q9UME2,UniProtKB/TrEMBL,1.0,Active
D6RIC6,UniProtKB/TrEMBL,1.0,Active
D6REY4,UniProtKB/TrEMBL,1.0,Active
B8YNU9,UniProtKB/TrEMBL,1.0,Active
C9K031,UniProtKB/TrEMBL,1.0,Active
P35243,UniProtKB/Swiss-Prot,5.0,Active
H3BR76,UniProtKB/TrEMBL,1.0,Active
H7C4E8,UniProtKB/TrEMBL,1.0,Active
B2R4X4,UniProtKB/TrEMBL,3.0,Active
H3BUU7,UniProtKB/TrEMBL,1.0,Active
A0A7P0TBK4,UniProtKB/TrEMBL,1.0,Active
Q8WXS4,UniProtKB/Swiss-Prot,2.0,Active
Q5FC03,UniProtKB/TrEMBL,1.0,Active
H3BUM7,UniProtKB/TrEMBL,1.0,Active
H7C259,UniProtKB/TrEMBL,1.0,Active
F8WC37,UniProtKB/TrEMBL,1.0,Active
C9WSJ3,UniProtKB/TrEMBL,1.0,Active
J3QQL6,UniProtKB/TrEMBL,1.0,Active
Q54AJ0,UniProtKB/TrEMBL,1.0,Active
P0CW21,UniProtKB/Swiss-Prot,2.0,Active
H7BZC9,UniProtKB/TrEMBL,1.0,Active
H3BN45,UniProtKB/TrEMBL,1.0,Active
A0A0D9SFW0,UniProtKB/TrEMBL,1.0,Active
P84101,UniProtKB/Swiss-Prot,4.0,Active
D6R915,UniProtKB/TrEMBL,1.0,Active
Q0GN75,UniProtKB/TrEMBL,1.0,Active
P22749,UniProtKB/Swiss-Prot,5.0,Active
D6RAA8,UniProtKB/TrEMBL,2.0,Active
P61923,UniProtKB/Swiss-Prot,5.0,Active
B4DDG6,UniProtKB/TrEMBL,1.0,Active
J3KSK7,UniProtKB/TrEMBL,1.0,Active
C9JCN9,UniProtKB/Swiss-Prot,3.0,Active
A0A1B2JLU5,UniProtKB/TrEMBL,1.0,Active
H0YNA1,UniProtKB/TrEMBL,1.0,Active
L7R9R4,UniProtKB/TrEMBL,1.0,Active
Q9BZU2,UniProtKB/TrEMBL,1.0,Active
Q8NBG6,UniProtKB/TrEMBL,1.0,Active
A0A0S2Z590,UniProtKB/TrEMBL,3.0,Active
A0A5C2GDW1,UniProtKB/TrEMBL,1.0,Active
A0A5C2GB81,UniProtKB/TrEMBL,1.0,Active
J3QQV4,UniProtKB/TrEMBL,1.0,Active
K7EQQ6,UniProtKB/TrEMBL,1.0,Active
E9PKT2,UniProtKB/TrEMBL,1.0,Active
Q86W16,UniProtKB/TrEMBL,1.0,Active
Q9H963,UniProtKB/Swiss-Prot,3.0,Active
M0R0N7,UniProtKB/TrEMBL,1.0,Active
A0A5C2GED5,UniProtKB/TrEMBL,1.0,Active
H3BTK8,UniProtKB/TrEMBL,1.0,Active
A0A1B1H4K9,UniProtKB/TrEMBL,1.0,Active
B1AMW7,UniProtKB/TrEMBL,2.0,Active
F8WE22,UniProtKB/TrEMBL,1.0,Active
C9JXD7,UniProtKB/TrEMBL,1.0,Active
J3QRR7,UniProtKB/TrEMBL,1.0,Active
Q6LCP7,UniProtKB/TrEMBL,1.0,Active
D6RBN4,UniProtKB/TrEMBL,2.0,Active
A0A7I2YQM8,UniProtKB/TrEMBL,1.0,Active
L8E8B4,UniProtKB/TrEMBL,1.0,Active
Q007T8,UniProtKB/TrEMBL,1.0,Active
A0A087WTX8,UniProtKB/TrEMBL,1.0,Active
F8VTR6,UniProtKB/TrEMBL,2.0,Active
Q8N2G4,UniProtKB/Swiss-Prot,5.0,Active
A0A5C2GFZ2,UniProtKB/TrEMBL,1.0,Active
A0A5C2GGK7,UniProtKB/TrEMBL,1.0,Active
A0A5C2GAS2,UniProtKB/TrEMBL,1.0,Active
A0A5C2GPE9,UniProtKB/TrEMBL,1.0,Active
A0A0D9SFZ4,UniProtKB/TrEMBL,1.0,Active
A0A7I2V5Y1,UniProtKB/TrEMBL,1.0,Active
Q6LCK9,UniProtKB/TrEMBL,1.0,Active
E7EM56,UniProtKB/TrEMBL,2.0,Active
A0A384MDM0,UniProtKB/TrEMBL,2.0,Active
B4DWM6,UniProtKB/TrEMBL,2.0,Active
C9JSB1,UniProtKB/TrEMBL,1.0,Active
A0A7S5C0Y6,UniProtKB/TrEMBL,1.0,Active
A0A7S5BY92,UniProtKB/TrEMBL,1.0,Active
F8WDQ0,UniProtKB/TrEMBL,1.0,Active
V5LD35,UniProtKB/TrEMBL,1.0,Active
E9PRR2,UniProtKB/TrEMBL,1.0,Active
A0A7P0Z4L7,UniProtKB/TrEMBL,1.0,Active
B4DMG9,UniProtKB/TrEMBL,1.0,Active
Q0PHS6,UniProtKB/TrEMBL,2.0,Active
Q9BZV4,UniProtKB/TrEMBL,1.0,Active
G3V4W6,UniProtKB/TrEMBL,1.0,Active
Q53EN2,UniProtKB/TrEMBL,1.0,Active
Q9UGN0,UniProtKB/TrEMBL,1.0,Active
M0R3H6,UniProtKB/TrEMBL,1.0,Active
Q9UQR7,UniProtKB/TrEMBL,1.0,Active
Q5TYM5,UniProtKB/Swiss-Prot,4.0,Active
C9J459,UniProtKB/TrEMBL,1.0,Active
B4DK40,UniProtKB/TrEMBL,1.0,Active
V9GYY9,UniProtKB/TrEMBL,1.0,Active
J3KST1,UniProtKB/TrEMBL,1.0,Active
A0A5C2GLF0,UniProtKB/TrEMBL,1.0,Active
Q8NG35,UniProtKB/Swiss-Prot,3.0,Active
Q6ZW83,UniProtKB/TrEMBL,1.0,Active
Q5SPU2,UniProtKB/TrEMBL,2.0,Active
F5H3F0,UniProtKB/TrEMBL,2.0,Active
O14748,UniProtKB/TrEMBL,1.0,Active
A0A0B4J236,UniProtKB/TrEMBL,1.0,Active
M0R1F9,UniProtKB/TrEMBL,1.0,Active
B4DDZ6,UniProtKB/TrEMBL,1.0,Active
F8WBR7,UniProtKB/TrEMBL,1.0,Active
K7EPK2,UniProtKB/TrEMBL,2.0,Active
A0A1L7MZY4,UniProtKB/TrEMBL,1.0,Active
A0A1B0GXC0,UniProtKB/TrEMBL,1.0,Active
B3KQW7,UniProtKB/TrEMBL,2.0,Active
Q0PHS4,UniProtKB/TrEMBL,2.0,Active
A0A7P0Z4N0,UniProtKB/TrEMBL,1.0,Active
A0A5C2G6V0,UniProtKB/TrEMBL,1.0,Active
B8ZZ10,UniProtKB/TrEMBL,2.0,Active
A0A7I2V382,UniProtKB/TrEMBL,1.0,Active
E5RGK4,UniProtKB/TrEMBL,1.0,Active
Q8WUW1,UniProtKB/Swiss-Prot,5.0,Active
A0A140VJH1,UniProtKB/TrEMBL,1.0,Active
L8E929,UniProtKB/TrEMBL,1.0,Active
A2A2E0,UniProtKB/TrEMBL,1.0,Active
V9GY67,UniProtKB/TrEMBL,1.0,Active
B3KUJ9,UniProtKB/TrEMBL,2.0,Active
E5RFU8,UniProtKB/TrEMBL,2.0,Active
Q68CP6,UniProtKB/TrEMBL,1.0,Active
E9PDM0,UniProtKB/TrEMBL,1.0,Active
G3V2K9,UniProtKB/TrEMBL,1.0,Active
I3L3I2,UniProtKB/TrEMBL,1.0,Active
A0A590UK74,UniProtKB/TrEMBL,1.0,Active
L0R6P0,UniProtKB/TrEMBL,2.0,Active
H7C605,UniProtKB/TrEMBL,1.0,Active
O14957,UniProtKB/Swiss-Prot,5.0,Active
F8WDL7,UniProtKB/TrEMBL,1.0,Active
O75596,UniProtKB/Swiss-Prot,4.0,Active
A0A7S5EX58,UniProtKB/TrEMBL,1.0,Active
K7EJP3,UniProtKB/TrEMBL,1.0,Active
A0A7L9R2Q4,UniProtKB/TrEMBL,3.0,Active
H0YAH2,UniProtKB/TrEMBL,1.0,Active
Q9NRC9,UniProtKB/Swiss-Prot,3.0,Active
Q32Q31,UniProtKB/TrEMBL,1.0,Active
A0A5C2G6J2,UniProtKB/TrEMBL,1.0,Active
H7BZ72,UniProtKB/TrEMBL,1.0,Active
A0A5C2GCT5,UniProtKB/TrEMBL,1.0,Active
Q7Z4L0,UniProtKB/Swiss-Prot,3.0,Active
G3V5J0,UniProtKB/TrEMBL,1.0,Active
A0A087WZ73,UniProtKB/TrEMBL,1.0,Active
A0A3B3IS37,UniProtKB/TrEMBL,1.0,Active
P0C5Y9,UniProtKB/Swiss-Prot,5.0,Active
A0A5C2GGG9,UniProtKB/TrEMBL,1.0,Active
O15496,UniProtKB/Swiss-Prot,5.0,Active
F8WC38,UniProtKB/TrEMBL,1.0,Active
Q8IV16,UniProtKB/Swiss-Prot,5.0,Active
A0A2R8Y454,UniProtKB/TrEMBL,2.0,Active
D6RBX4,UniProtKB/TrEMBL,1.0,Active
A0A5C2GEM2,UniProtKB/TrEMBL,1.0,Active
O60356,UniProtKB/Swiss-Prot,5.0,Active
A0A5C2GRS2,UniProtKB/TrEMBL,1.0,Active
Q86WV5,UniProtKB/Swiss-Prot,5.0,Active
B3KRZ8,UniProtKB/TrEMBL,1.0,Active
L8E749,UniProtKB/TrEMBL,1.0,Active
A0A0J9YWC2,UniProtKB/TrEMBL,1.0,Active
A0A0H4A7S4,UniProtKB/TrEMBL,1.0,Active
A0A5C2G7D2,UniProtKB/TrEMBL,1.0,Active
C9JRK1,UniProtKB/TrEMBL,2.0,Active
B4DFZ9,UniProtKB/TrEMBL,2.0,Active
A0A5C2GAA7,UniProtKB/TrEMBL,1.0,Active
P50120,UniProtKB/Swiss-Prot,4.0,Active
Q49A61,UniProtKB/TrEMBL,1.0,Active
Q96HQ2,UniProtKB/Swiss-Prot,4.0,Active
A4D0T7,UniProtKB/Swiss-Prot,4.0,Active
B7Z7D8,UniProtKB/TrEMBL,1.0,Active
M0R279,UniProtKB/TrEMBL,1.0,Active
P04118,UniProtKB/Swiss-Prot,5.0,Active
J3QL34,UniProtKB/TrEMBL,2.0,Active
F5H120,UniProtKB/TrEMBL,1.0,Active
F8W1J0,UniProtKB/TrEMBL,2.0,Active
A0A0C4DFP7,UniProtKB/TrEMBL,1.0,Active
B4DMS1,UniProtKB/TrEMBL,2.0,Active
Q5T2D8,UniProtKB/TrEMBL,1.0,Active
Q01449,UniProtKB/Swiss-Prot,5.0,Active
L8E9E6,UniProtKB/TrEMBL,1.0,Active
A6PVY5,UniProtKB/TrEMBL,1.0,Active
A0A5C2GNS0,UniProtKB/TrEMBL,1.0,Active
K7ELK0,UniProtKB/TrEMBL,2.0,Active
R4I3I2,UniProtKB/TrEMBL,1.0,Active
J3KR52,UniProtKB/TrEMBL,1.0,Active
F5GZK3,UniProtKB/TrEMBL,2.0,Active
A0A5C2GHL8,UniProtKB/TrEMBL,1.0,Active
Q59FR2,UniProtKB/TrEMBL,1.0,Active
E9PQE5,UniProtKB/TrEMBL,1.0,Active
B4DMA9,UniProtKB/TrEMBL,1.0,Active
A4FUA1,UniProtKB/TrEMBL,1.0,Active
H3BQ98,UniProtKB/TrEMBL,1.0,Active
H0Y9N6,UniProtKB/TrEMBL,3.0,Active
C9K0L0,UniProtKB/TrEMBL,1.0,Active
O60925,UniProtKB/Swiss-Prot,5.0,Active
A4KYM7,UniProtKB/TrEMBL,1.0,Active
Q5JQ44,UniProtKB/TrEMBL,2.0,Active
A0A5C2GTM6,UniProtKB/TrEMBL,1.0,Active
P42766,UniProtKB/Swiss-Prot,5.0,Active
F5GZY9,UniProtKB/TrEMBL,1.0,Active
P55344,UniProtKB/Swiss-Prot,5.0,Active
A0A7I2V2S6,UniProtKB/TrEMBL,1.0,Active
Q9H3A1,UniProtKB/TrEMBL,1.0,Active
A0A087WVR2,UniProtKB/TrEMBL,1.0,Active
A8K517,UniProtKB/TrEMBL,3.0,Active
A0A5C2G706,UniProtKB/TrEMBL,1.0,Active
H0Y9F7,UniProtKB/TrEMBL,1.0,Active
B0QZ50,UniProtKB/TrEMBL,1.0,Active
E9PLH1,UniProtKB/TrEMBL,1.0,Active
E9PND0,UniProtKB/TrEMBL,2.0,Active
O43924,UniProtKB/Swiss-Prot,5.0,Active
A0A5C2G7Q0,UniProtKB/TrEMBL,1.0,Active
Q24JT8,UniProtKB/TrEMBL,1.0,Active
Q9P012,UniProtKB/TrEMBL,2.0,Active
A0A384MTY2,UniProtKB/TrEMBL,2.0,Active
Q7Z3B0,UniProtKB/Swiss-Prot,2.0,Active
F5H5U6,UniProtKB/TrEMBL,1.0,Active
A0A5F9YFS9,UniProtKB/TrEMBL,2.0,Active
Q9NUF9,UniProtKB/TrEMBL,3.0,Active
X6RJK6,UniProtKB/TrEMBL,1.0,Active
H7BXC5,UniProtKB/TrEMBL,1.0,Active
L8EAQ4,UniProtKB/TrEMBL,1.0,Active
Q8TBP3,UniProtKB/TrEMBL,2.0,Active
Q96F89,UniProtKB/TrEMBL,1.0,Active
B4DF23,UniProtKB/TrEMBL,2.0,Active
C6GLW3,UniProtKB/TrEMBL,1.0,Active
A0A7I2V3L6,UniProtKB/TrEMBL,1.0,Active
P58511,UniProtKB/Swiss-Prot,3.0,Active
Q9BZM2,UniProtKB/Swiss-Prot,5.0,Active
E9PJU8,UniProtKB/TrEMBL,1.0,Active
I3L1Z7,UniProtKB/TrEMBL,1.0,Active
S6CQT5,UniProtKB/TrEMBL,1.0,Active
Q3YL85,UniProtKB/TrEMBL,1.0,Active
F8TDK6,UniProtKB/TrEMBL,1.0,Active
C9JM55,UniProtKB/TrEMBL,2.0,Active
Q8NI22,UniProtKB/Swiss-Prot,5.0,Active
A0A5C2GAX2,UniProtKB/TrEMBL,1.0,Active
A0A5C2GFC7,UniProtKB/TrEMBL,1.0,Active
Q2VF45,UniProtKB/TrEMBL,1.0,Active
E9PMG7,UniProtKB/TrEMBL,1.0,Active
Q9UPM1,UniProtKB/TrEMBL,1.0,Active
A0A0C4DFM9,UniProtKB/TrEMBL,1.0,Active
A0A0G2JHI2,UniProtKB/TrEMBL,1.0,Active
Q15217,UniProtKB/TrEMBL,1.0,Active
F8WBZ0,UniProtKB/TrEMBL,1.0,Active
D6REK5,UniProtKB/TrEMBL,1.0,Active
A0A1W2PRQ8,UniProtKB/TrEMBL,1.0,Active
A0A7S5BY47,UniProtKB/TrEMBL,1.0,Active
A0A0F7WAP3,UniProtKB/TrEMBL,1.0,Active
A0A166IZM7,UniProtKB/TrEMBL,2.0,Active
A0A7S5C5V6,UniProtKB/TrEMBL,1.0,Active
G1UI39,UniProtKB/TrEMBL,1.0,Active
L8E8J8,UniProtKB/TrEMBL,1.0,Active
Q5JXW1,UniProtKB/TrEMBL,1.0,Active
A8W2L5,UniProtKB/TrEMBL,1.0,Active
B7Z3L0,UniProtKB/TrEMBL,2.0,Active
A0A7S5BXZ0,UniProtKB/TrEMBL,1.0,Active
O15431,UniProtKB/Swiss-Prot,5.0,Active
U3KQ07,UniProtKB/TrEMBL,2.0,Active
Q7Z5A7,UniProtKB/Swiss-Prot,5.0,Active
Q9HCQ4,UniProtKB/TrEMBL,1.0,Active
H3BU02,UniProtKB/TrEMBL,1.0,Active
Q7L2V5,UniProtKB/TrEMBL,1.0,Active
A0A590UJ55,UniProtKB/TrEMBL,1.0,Active
A0A7P0T9X8,UniProtKB/TrEMBL,1.0,Active
F8WFA5,UniProtKB/TrEMBL,1.0,Active
H0YK05,UniProtKB/TrEMBL,1.0,Active
Q5VZC3,UniProtKB/TrEMBL,2.0,Active
Q9Y5L2,UniProtKB/Swiss-Prot,5.0,Active
A0A7S5C3N3,UniProtKB/TrEMBL,1.0,Active
B3VRK5,UniProtKB/TrEMBL,1.0,Active
A0A5C2GEQ5,UniProtKB/TrEMBL,1.0,Active
Q9BVT6,UniProtKB/TrEMBL,1.0,Active
P62877,UniProtKB/Swiss-Prot,5.0,Active
A0A1C9J6R2,UniProtKB/TrEMBL,1.0,Active
K7ERU1,UniProtKB/TrEMBL,1.0,Active
A0A5C2G8B4,UniProtKB/TrEMBL,1.0,Active
F5H4W4,UniProtKB/TrEMBL,1.0,Active
F8VZK7,UniProtKB/TrEMBL,2.0,Active
H0YAW4,UniProtKB/TrEMBL,1.0,Active
J3QRS6,UniProtKB/TrEMBL,1.0,Active
H3BUH3,UniProtKB/TrEMBL,1.0,Active
A0A0G2JLY3,Inactive/Deleted,0.0,Inactive
C9JS02,UniProtKB/TrEMBL,1.0,Active
Q8WVH4,UniProtKB/TrEMBL,1.0,Active
B4DJA4,UniProtKB/TrEMBL,2.0,Active
A0A2U8J8X6,UniProtKB/TrEMBL,1.0,Active
A0A5C2GGW2,UniProtKB/TrEMBL,1.0,Active
D6RC18,UniProtKB/TrEMBL,2.0,Active
A0A7P0T9H9,UniProtKB/TrEMBL,1.0,Active
Q13580,UniProtKB/TrEMBL,1.0,Active
F5H1K3,UniProtKB/TrEMBL,1.0,Active
Q8NCU8,UniProtKB/Swiss-Prot,5.0,Active
Q8IZN7,UniProtKB/Swiss-Prot,3.0,Active
F5GWH2,UniProtKB/TrEMBL,1.0,Active
A0A5C2GLT9,UniProtKB/TrEMBL,1.0,Active
G3V5A9,UniProtKB/TrEMBL,2.0,Active
H3BQJ8,UniProtKB/Swiss-Prot,2.0,Active
A0A5C2GPE3,UniProtKB/TrEMBL,1.0,Active
A0A5C2GTA3,UniProtKB/TrEMBL,1.0,Active
O60869,UniProtKB/Swiss-Prot,5.0,Active
E9PKL8,UniProtKB/TrEMBL,1.0,Active
Q9UBL5,UniProtKB/TrEMBL,1.0,Active
G3V5D6,UniProtKB/TrEMBL,1.0,Active
D6RCE8,UniProtKB/TrEMBL,1.0,Active
E9PNA9,UniProtKB/TrEMBL,1.0,Active
H0YEN5,UniProtKB/TrEMBL,2.0,Active
L8E7T1,UniProtKB/TrEMBL,1.0,Active
Q9H4Y4,UniProtKB/TrEMBL,1.0,Active
E9PNL1,UniProtKB/TrEMBL,1.0,Active
Q9UDU5,UniProtKB/TrEMBL,1.0,Active
A8K673,UniProtKB/TrEMBL,2.0,Active
Q9UDD3,UniProtKB/TrEMBL,1.0,Active
E9PJK1,UniProtKB/TrEMBL,2.0,Active
A0A7S5BXK7,UniProtKB/TrEMBL,1.0,Active
Q8IZS6,UniProtKB/Swiss-Prot,4.0,Active
L8ECI6,UniProtKB/TrEMBL,1.0,Active
H3BR02,UniProtKB/TrEMBL,1.0,Active
A0A2R8Y787,UniProtKB/TrEMBL,1.0,Active
X5DQX2,UniProtKB/TrEMBL,1.0,Active
L8EAT2,UniProtKB/TrEMBL,1.0,Active
Q3KZ29,UniProtKB/TrEMBL,1.0,Active
P0C7L1,UniProtKB/Swiss-Prot,2.0,Active
A0A7S5EUR6,UniProtKB/TrEMBL,1.0,Active
F5B2M9,UniProtKB/TrEMBL,1.0,Active
A0A0D9SFJ4,UniProtKB/TrEMBL,1.0,Active
L8E8U9,UniProtKB/TrEMBL,1.0,Active
Q9UN01,UniProtKB/TrEMBL,1.0,Active
F8VSB2,UniProtKB/TrEMBL,2.0,Active
E9PJH6,UniProtKB/TrEMBL,1.0,Active
B0AZU8,UniProtKB/TrEMBL,1.0,Active
A0A7I2V2L1,UniProtKB/TrEMBL,1.0,Active
A0A7R6M8N5,UniProtKB/TrEMBL,1.0,Active
J3QR91,UniProtKB/TrEMBL,1.0,Active
A0A5C2GDN5,UniProtKB/TrEMBL,1.0,Active
H0YGW0,UniProtKB/TrEMBL,1.0,Active
A0A182DWI2,UniProtKB/TrEMBL,4.0,Active
E5RJ66,UniProtKB/TrEMBL,1.0,Active
A0A1B0GU50,UniProtKB/TrEMBL,1.0,Active
H0YMA6,UniProtKB/TrEMBL,1.0,Active
P67812,UniProtKB/Swiss-Prot,5.0,Active
A0A087X068,UniProtKB/TrEMBL,1.0,Active
A0A5F9ZI32,UniProtKB/TrEMBL,1.0,Active
Q3MUY2,UniProtKB/Swiss-Prot,5.0,Active
A0A7S5EUV0,UniProtKB/TrEMBL,1.0,Active
J3KRU7,UniProtKB/TrEMBL,1.0,Active
A0A1L7H7S6,UniProtKB/TrEMBL,3.0,Active
A0A5C2GR07,UniProtKB/TrEMBL,1.0,Active
C0IMW8,UniProtKB/TrEMBL,2.0,Active
A0A7S5BX75,UniProtKB/TrEMBL,1.0,Active
Q9BZ69,UniProtKB/TrEMBL,1.0,Active
Q16278,UniProtKB/TrEMBL,1.0,Active
E9PMM1,UniProtKB/TrEMBL,1.0,Active
B4DRE2,UniProtKB/TrEMBL,2.0,Active
J3QQN1,UniProtKB/TrEMBL,1.0,Active
Q6ZRZ7,UniProtKB/TrEMBL,1.0,Active
Q8N5N7,UniProtKB/Swiss-Prot,4.0,Active
F5H5E6,UniProtKB/TrEMBL,1.0,Active
Q6GZ69,UniProtKB/TrEMBL,1.0,Active
B0QYH3,UniProtKB/TrEMBL,1.0,Active
D0EWT7,UniProtKB/TrEMBL,1.0,Active
H0YH08,UniProtKB/TrEMBL,1.0,Active
E9PM95,UniProtKB/TrEMBL,1.0,Active
E9PL18,UniProtKB/TrEMBL,1.0,Active
M0QZI8,UniProtKB/TrEMBL,1.0,Active
E7EQF8,UniProtKB/TrEMBL,2.0,Active
Q8N6V4,UniProtKB/Swiss-Prot,2.0,Active
B4E095,UniProtKB/TrEMBL,3.0,Active
C9JLF4,UniProtKB/TrEMBL,1.0,Active
Q5T2L2,UniProtKB/Swiss-Prot,4.0,Active
Q8NAS8,UniProtKB/TrEMBL,1.0,Active
A0A5C2GP29,UniProtKB/TrEMBL,1.0,Active
F2Z3J6,UniProtKB/TrEMBL,1.0,Active
A0A5F9ZH02,UniProtKB/Swiss-Prot,1.0,Active
H0YMF9,UniProtKB/TrEMBL,2.0,Active
H3BM24,UniProtKB/TrEMBL,1.0,Active
A0A5C2GR40,UniProtKB/TrEMBL,1.0,Active
K7ENH5,UniProtKB/TrEMBL,1.0,Active
Q9H6Q0,UniProtKB/TrEMBL,2.0,Active
F4MHR4,UniProtKB/TrEMBL,2.0,Active
A6QRH7,UniProtKB/TrEMBL,1.0,Active
Q9NR54,UniProtKB/TrEMBL,1.0,Active
G3V5D9,UniProtKB/TrEMBL,3.0,Active
J3KRM2,UniProtKB/TrEMBL,1.0,Active
A0A0S2Z449,UniProtKB/TrEMBL,1.0,Active
H7C1Z0,UniProtKB/TrEMBL,1.0,Active
A0A5C2GST6,UniProtKB/TrEMBL,1.0,Active
B4E3A5,UniProtKB/TrEMBL,1.0,Active
Q5JYA3,UniProtKB/TrEMBL,1.0,Active
Q5VVY2,UniProtKB/TrEMBL,1.0,Active
O15212,UniProtKB/Swiss-Prot,5.0,Active
A0A5C2GAW6,UniProtKB/TrEMBL,1.0,Active
Q9NUV1,UniProtKB/TrEMBL,1.0,Active
A0A0S2Z4C1,UniProtKB/TrEMBL,1.0,Active
K7EQF2,UniProtKB/TrEMBL,2.0,Active
X6RHF8,UniProtKB/TrEMBL,2.0,Active
F8WCR8,UniProtKB/TrEMBL,1.0,Active
Q9NYY6,UniProtKB/TrEMBL,1.0,Active
K7EIR9,UniProtKB/TrEMBL,1.0,Active
E5RJF7,UniProtKB/TrEMBL,1.0,Active
G3V393,UniProtKB/TrEMBL,2.0,Active
K7EJX9,UniProtKB/TrEMBL,2.0,Active
Q9H1D2,UniProtKB/TrEMBL,2.0,Active
Q5QTR6,UniProtKB/TrEMBL,2.0,Active
C9IZR8,UniProtKB/TrEMBL,1.0,Active
H3BRH8,UniProtKB/TrEMBL,1.0,Active
Q5ZEZ4,UniProtKB/TrEMBL,1.0,Active
F5GY40,UniProtKB/TrEMBL,2.0,Active
A1L190,UniProtKB/Swiss-Prot,5.0,Active
M1E9X0,UniProtKB/TrEMBL,1.0,Active
L8E7Q1,UniProtKB/TrEMBL,1.0,Active
L0R816,UniProtKB/TrEMBL,1.0,Active
A0A494C1K0,UniProtKB/TrEMBL,2.0,Active
E5RIJ1,UniProtKB/TrEMBL,1.0,Active
Q6ICB0,UniProtKB/Swiss-Prot,5.0,Active
L8EB75,UniProtKB/TrEMBL,1.0,Active
J3KST8,UniProtKB/TrEMBL,1.0,Active
C9JQ00,UniProtKB/TrEMBL,3.0,Active
Q86YL9,UniProtKB/TrEMBL,1.0,Active
H3BQP6,UniProtKB/TrEMBL,1.0,Active
A0A087WYZ4,UniProtKB/TrEMBL,2.0,Active
E9PQ74,UniProtKB/TrEMBL,1.0,Active
Q9NST3,UniProtKB/TrEMBL,1.0,Active
Q9UFG7,UniProtKB/TrEMBL,1.0,Active
H3BQ15,UniProtKB/TrEMBL,1.0,Active
A0A1B0GV26,UniProtKB/TrEMBL,2.0,Active
A0A5C2GHU1,UniProtKB/TrEMBL,1.0,Active
A0A810V1V9,UniProtKB/TrEMBL,1.0,Active
I3L286,UniProtKB/TrEMBL,1.0,Active
F5H2I0,UniProtKB/TrEMBL,3.0,Active
A0A2K4P216,UniProtKB/TrEMBL,1.0,Active
E9PLK4,UniProtKB/TrEMBL,1.0,Active
C9JMV0,UniProtKB/TrEMBL,1.0,Active
V9HW35,UniProtKB/TrEMBL,2.0,Active
I3L1V9,UniProtKB/TrEMBL,2.0,Active
Q9H9Z1,UniProtKB/TrEMBL,1.0,Active
A0A0C4DFY2,UniProtKB/TrEMBL,2.0,Active
F8VYL1,UniProtKB/TrEMBL,1.0,Active
A0A5C2GMM5,UniProtKB/TrEMBL,1.0,Active
K7EIL0,UniProtKB/TrEMBL,1.0,Active
A0A5C2GH07,UniProtKB/TrEMBL,1.0,Active
C9JVV5,UniProtKB/TrEMBL,1.0,Active
A0A5C2G632,UniProtKB/TrEMBL,1.0,Active
E9PPX6,UniProtKB/TrEMBL,1.0,Active
O60516,UniProtKB/Swiss-Prot,5.0,Active
L8EBH5,UniProtKB/TrEMBL,1.0,Active
A0A087X1B7,UniProtKB/TrEMBL,1.0,Active
J3KSJ4,UniProtKB/TrEMBL,1.0,Active
A0A5C2GGG8,UniProtKB/TrEMBL,1.0,Active
E5RJK9,UniProtKB/TrEMBL,1.0,Active
H0YKT3,UniProtKB/TrEMBL,1.0,Active
Q9NTB8,UniProtKB/TrEMBL,1.0,Active
B4DTT8,UniProtKB/TrEMBL,1.0,Active
A0A6Q8PHQ0,UniProtKB/TrEMBL,2.0,Active
G1FFF0,UniProtKB/TrEMBL,1.0,Active
A0A5C2GDJ2,UniProtKB/TrEMBL,1.0,Active
A0A7P0T9H6,UniProtKB/TrEMBL,1.0,Active
C9JRU6,UniProtKB/TrEMBL,1.0,Active
P60059,UniProtKB/Swiss-Prot,5.0,Active
E5RFF9,UniProtKB/TrEMBL,2.0,Active
A0A5C2GJQ8,UniProtKB/TrEMBL,1.0,Active
E7EVZ9,UniProtKB/TrEMBL,2.0,Active
A0A7I2YQ73,UniProtKB/TrEMBL,1.0,Active
F5GY59,UniProtKB/TrEMBL,1.0,Active
K7ESF3,UniProtKB/TrEMBL,1.0,Active
Q9Y343,UniProtKB/Swiss-Prot,3.0,Active
Q86V67,UniProtKB/TrEMBL,1.0,Active
B4YCH1,UniProtKB/TrEMBL,2.0,Active
A0A286RZ40,UniProtKB/TrEMBL,1.0,Active
A0A5C2GN70,UniProtKB/TrEMBL,1.0,Active
L0R6P6,UniProtKB/TrEMBL,1.0,Active
A0A1B0GTE4,UniProtKB/TrEMBL,1.0,Active
A0A286RQC1,UniProtKB/TrEMBL,1.0,Active
F8WB78,UniProtKB/TrEMBL,1.0,Active
C9J5X2,UniProtKB/TrEMBL,2.0,Active
A0A7S5EWA9,UniProtKB/TrEMBL,1.0,Active
A0A7S5BYQ7,UniProtKB/TrEMBL,1.0,Active
S4R3B5,UniProtKB/TrEMBL,1.0,Active
B4DXC7,UniProtKB/TrEMBL,1.0,Active
G3V573,UniProtKB/TrEMBL,1.0,Active
H3BTG8,UniProtKB/TrEMBL,1.0,Active
L8E8T0,UniProtKB/TrEMBL,1.0,Active
Q9BSK0,UniProtKB/Swiss-Prot,3.0,Active
Q75MN1,UniProtKB/TrEMBL,1.0,Active
A0A5C2GD25,UniProtKB/TrEMBL,1.0,Active
M0R1B0,UniProtKB/TrEMBL,1.0,Active
F8WE56,UniProtKB/TrEMBL,1.0,Active
Q14206,UniProtKB/Swiss-Prot,4.0,Active
H7C5G7,UniProtKB/TrEMBL,2.0,Active
F8WDQ7,UniProtKB/TrEMBL,1.0,Active
E9PJM9,UniProtKB/TrEMBL,1.0,Active
Q6IB11,UniProtKB/TrEMBL,3.0,Active
Q9UC05,UniProtKB/TrEMBL,1.0,Active
A9XAE4,UniProtKB/TrEMBL,1.0,Active
B4DLC3,UniProtKB/TrEMBL,2.0,Active
A0A0B4J209,UniProtKB/TrEMBL,1.0,Active
B2RNT0,UniProtKB/TrEMBL,1.0,Active
A0A7S5C037,UniProtKB/TrEMBL,1.0,Active
A8QK79,UniProtKB/TrEMBL,2.0,Active
F8WEM4,UniProtKB/TrEMBL,1.0,Active
A0A0A0MQY9,UniProtKB/TrEMBL,1.0,Active
Q9NRX2,UniProtKB/Swiss-Prot,5.0,Active
A0A7P0Z437,UniProtKB/TrEMBL,2.0,Active
C9JXB2,UniProtKB/TrEMBL,1.0,Active
A0A140T9T4,UniProtKB/TrEMBL,1.0,Active
D6RAM4,UniProtKB/TrEMBL,1.0,Active
C9JQS6,UniProtKB/TrEMBL,1.0,Active
E9PCS6,UniProtKB/TrEMBL,1.0,Active
T1SG88,UniProtKB/TrEMBL,1.0,Active
Q5VVF8,UniProtKB/TrEMBL,1.0,Active
H3BNE5,UniProtKB/TrEMBL,1.0,Active
Q9NX38,UniProtKB/Swiss-Prot,4.0,Active
A0A5C2G923,UniProtKB/TrEMBL,1.0,Active
H0YMC9,UniProtKB/TrEMBL,1.0,Active
I3L2U4,UniProtKB/TrEMBL,1.0,Active
Q8NEI7,UniProtKB/TrEMBL,1.0,Active
A0A0S2Z3P2,UniProtKB/TrEMBL,1.0,Active
A0A649UB25,UniProtKB/TrEMBL,1.0,Active
C9JVS4,UniProtKB/TrEMBL,1.0,Active
E9PBB1,UniProtKB/TrEMBL,1.0,Active
C9JDL5,UniProtKB/TrEMBL,1.0,Active
Q8IVI3,UniProtKB/TrEMBL,1.0,Active
A0T3B4,UniProtKB/TrEMBL,1.0,Active
L7XCZ9,UniProtKB/TrEMBL,2.0,Active
F5H4P9,UniProtKB/TrEMBL,1.0,Active
U3KPZ8,UniProtKB/TrEMBL,1.0,Active
A0A5C2GEA4,UniProtKB/TrEMBL,1.0,Active
B3KYB7,UniProtKB/TrEMBL,2.0,Active
A0A0S2Z433,UniProtKB/TrEMBL,3.0,Active
P02008,UniProtKB/Swiss-Prot,5.0,Active
A0A5C2GBK4,UniProtKB/TrEMBL,1.0,Active
H3BSH0,UniProtKB/TrEMBL,1.0,Active
H3BPF6,UniProtKB/TrEMBL,2.0,Active
A0A5C2G5S0,UniProtKB/TrEMBL,1.0,Active
E5RHY6,UniProtKB/TrEMBL,1.0,Active
A0A5C2GN62,UniProtKB/TrEMBL,1.0,Active
F5H4H7,UniProtKB/TrEMBL,1.0,Active
A0A0S2Z5F8,UniProtKB/TrEMBL,1.0,Active
Q16617,UniProtKB/Swiss-Prot,5.0,Active
G3V3E8,UniProtKB/TrEMBL,2.0,Active
F8VZ36,UniProtKB/TrEMBL,1.0,Active
F8VPB4,UniProtKB/TrEMBL,1.0,Active
B4E2T0,UniProtKB/TrEMBL,1.0,Active
F8WCP3,UniProtKB/TrEMBL,1.0,Active
A0A5C2G4Z9,UniProtKB/TrEMBL,1.0,Active
Q5T5L3,UniProtKB/TrEMBL,2.0,Active
E9PPX4,UniProtKB/TrEMBL,1.0,Active
A0A4P8J9K2,UniProtKB/TrEMBL,1.0,Active
B4E3Q8,UniProtKB/TrEMBL,1.0,Active
A3EY21,UniProtKB/TrEMBL,1.0,Active
D2Y6X3,UniProtKB/TrEMBL,1.0,Active
A0A384NPV7,UniProtKB/TrEMBL,2.0,Active
E9PLV7,UniProtKB/TrEMBL,1.0,Active
H0YIP6,UniProtKB/TrEMBL,1.0,Active
E5RFE1,UniProtKB/TrEMBL,1.0,Active
C9JVC4,UniProtKB/TrEMBL,1.0,Active
H0Y3I2,UniProtKB/TrEMBL,2.0,Active
C9JE76,UniProtKB/TrEMBL,1.0,Active
C9IY88,UniProtKB/TrEMBL,1.0,Active
B7Z1C3,UniProtKB/TrEMBL,1.0,Active
Q9UP76,UniProtKB/TrEMBL,2.0,Active
E5RIP4,UniProtKB/TrEMBL,1.0,Active
E9PQV8,UniProtKB/TrEMBL,1.0,Active
L8EAD1,UniProtKB/TrEMBL,1.0,Active
A0A192GQL6,UniProtKB/TrEMBL,1.0,Active
Q9NXH3,UniProtKB/Swiss-Prot,4.0,Active
M0R2K3,UniProtKB/TrEMBL,3.0,Active
Q8WXV7,UniProtKB/TrEMBL,1.0,Active
A5XEJ4,UniProtKB/TrEMBL,1.0,Active
Q9UKR4,UniProtKB/TrEMBL,1.0,Active
A0A140VJD7,UniProtKB/TrEMBL,2.0,Active
F8W056,UniProtKB/TrEMBL,1.0,Active
H0YKG4,UniProtKB/TrEMBL,1.0,Active
C9JHE8,UniProtKB/TrEMBL,1.0,Active
G3V2B9,UniProtKB/TrEMBL,1.0,Active
A0A7I2V565,UniProtKB/TrEMBL,1.0,Active
E5KPM8,UniProtKB/TrEMBL,1.0,Active
F2Z3E3,UniProtKB/TrEMBL,1.0,Active
E9PP47,UniProtKB/TrEMBL,1.0,Active
A0A0D9SFV7,UniProtKB/TrEMBL,1.0,Active
Q6NVV7,UniProtKB/Swiss-Prot,4.0,Active
B4DPX6,UniProtKB/TrEMBL,1.0,Active
F8WD56,UniProtKB/TrEMBL,1.0,Active
A0A218N881,UniProtKB/TrEMBL,1.0,Active
G3V433,UniProtKB/TrEMBL,1.0,Active
A0A4P8DL76,UniProtKB/TrEMBL,1.0,Active
A0A2H4ZEU9,UniProtKB/TrEMBL,1.0,Active
Q93043,UniProtKB/TrEMBL,1.0,Active
B4DJJ4,UniProtKB/TrEMBL,1.0,Active
Q9P1C3,UniProtKB/Swiss-Prot,1.0,Active
A0A5C2GRE7,UniProtKB/TrEMBL,1.0,Active
D6RHH1,UniProtKB/TrEMBL,1.0,Active
Q5T4T1,UniProtKB/Swiss-Prot,4.0,Active
D6RA59,UniProtKB/TrEMBL,1.0,Active
E5RGK1,UniProtKB/TrEMBL,1.0,Active
Q8NHS1,UniProtKB/Swiss-Prot,5.0,Active
A7J1R5,UniProtKB/TrEMBL,1.0,Active
Q6MZN6,UniProtKB/TrEMBL,1.0,Active
C9J608,UniProtKB/TrEMBL,1.0,Active
A0A5C2GEN8,UniProtKB/TrEMBL,1.0,Active
D6RAV1,UniProtKB/TrEMBL,1.0,Active
A0A7S5BY84,UniProtKB/TrEMBL,1.0,Active
L0R517,UniProtKB/TrEMBL,1.0,Active
A0A5F9ZHH9,UniProtKB/TrEMBL,1.0,Active
A0A0B4J2C3,UniProtKB/TrEMBL,2.0,Active
A0A5P9KGQ3,UniProtKB/TrEMBL,1.0,Active
B1AKK3,UniProtKB/TrEMBL,1.0,Active
A0A7S5C021,UniProtKB/TrEMBL,1.0,Active
P0DJ07,UniProtKB/Swiss-Prot,4.0,Active
A0A173G4C3,UniProtKB/TrEMBL,1.0,Active
A0A5C2GG43,UniProtKB/TrEMBL,1.0,Active
A0A7P0T946,UniProtKB/TrEMBL,1.0,Active
L8E903,UniProtKB/TrEMBL,1.0,Active
A0A6Q8PHL2,UniProtKB/TrEMBL,2.0,Active
K7EPC4,UniProtKB/TrEMBL,1.0,Active
A0A140C6K5,UniProtKB/TrEMBL,1.0,Active
A0A159X613,UniProtKB/TrEMBL,1.0,Active
E9PP55,UniProtKB/TrEMBL,1.0,Active
A0A5C2GBE3,UniProtKB/TrEMBL,1.0,Active
B4DJV1,UniProtKB/TrEMBL,1.0,Active
A8MTT3,UniProtKB/Swiss-Prot,2.0,Active
D6RE96,UniProtKB/TrEMBL,1.0,Active
Q6ZW91,UniProtKB/TrEMBL,1.0,Active
A0A1P8A760,UniProtKB/TrEMBL,1.0,Active
Q15248,UniProtKB/TrEMBL,1.0,Active
Q6PJZ2,UniProtKB/TrEMBL,2.0,Active
B4E001,UniProtKB/TrEMBL,1.0,Active
H3BV73,UniProtKB/TrEMBL,2.0,Active
E5RJ44,UniProtKB/TrEMBL,1.0,Active
A0A0S2Z3D6,UniProtKB/TrEMBL,1.0,Active
H9KV98,UniProtKB/TrEMBL,1.0,Active
Q6P6H6,UniProtKB/TrEMBL,1.0,Active
F5H579,UniProtKB/TrEMBL,1.0,Active
J3QS83,UniProtKB/TrEMBL,1.0,Active
A0A024R897,UniProtKB/TrEMBL,2.0,Active
Q9BZL3,UniProtKB/Swiss-Prot,5.0,Active
Q5JRK0,UniProtKB/TrEMBL,2.0,Active
C9JEN1,UniProtKB/TrEMBL,2.0,Active
A0A1K0FU49,UniProtKB/TrEMBL,3.0,Active
L8ECN5,UniProtKB/TrEMBL,1.0,Active
Q9P0N4,UniProtKB/TrEMBL,1.0,Active
B4DGL7,UniProtKB/TrEMBL,2.0,Active
I3L1D0,UniProtKB/TrEMBL,1.0,Active
Q9UFH1,UniProtKB/TrEMBL,2.0,Active
Q9BWJ5,UniProtKB/Swiss-Prot,5.0,Active
Q9BZT6,UniProtKB/TrEMBL,1.0,Active
G3V4C2,UniProtKB/TrEMBL,1.0,Active
Q8WY78,UniProtKB/TrEMBL,1.0,Active
A0A7I2V3C5,UniProtKB/TrEMBL,1.0,Active
E9PLC6,UniProtKB/TrEMBL,1.0,Active
C9J029,UniProtKB/TrEMBL,2.0,Active
E5RJT4,UniProtKB/TrEMBL,1.0,Active
H0YAA1,UniProtKB/TrEMBL,1.0,Active
B8ZZQ9,UniProtKB/TrEMBL,1.0,Active
L8E6Y2,UniProtKB/TrEMBL,1.0,Active
F8W026,UniProtKB/TrEMBL,1.0,Active
E5RG03,UniProtKB/TrEMBL,2.0,Active
E5RFF6,UniProtKB/TrEMBL,2.0,Active
O75316,UniProtKB/TrEMBL,1.0,Active
A8MW78,UniProtKB/TrEMBL,1.0,Active
L8E9F2,UniProtKB/TrEMBL,1.0,Active
Q075Z2,UniProtKB/Swiss-Prot,3.0,Active
F5GXD8,UniProtKB/TrEMBL,1.0,Active
H7C0A6,UniProtKB/TrEMBL,1.0,Active
A0A286YF13,UniProtKB/TrEMBL,1.0,Active
C9JYQ2,UniProtKB/TrEMBL,1.0,Active
F8VSE5,UniProtKB/TrEMBL,1.0,Active
A0A7S5BYB6,UniProtKB/TrEMBL,1.0,Active
M0R213,UniProtKB/TrEMBL,1.0,Active
A0A7I2V5C9,UniProtKB/TrEMBL,1.0,Active
M0QY30,UniProtKB/TrEMBL,1.0,Active
Q14DL6,UniProtKB/TrEMBL,1.0,Active
L0R819,UniProtKB/Swiss-Prot,3.0,Active
K7ESC2,UniProtKB/TrEMBL,2.0,Active
I3L382,UniProtKB/TrEMBL,1.0,Active
Q9NZ45,UniProtKB/Swiss-Prot,5.0,Active
C9JIP7,UniProtKB/TrEMBL,1.0,Active
H7BZL1,UniProtKB/TrEMBL,2.0,Active
O75978,UniProtKB/TrEMBL,1.0,Active
P05113,UniProtKB/Swiss-Prot,5.0,Active
B4DU08,UniProtKB/TrEMBL,1.0,Active
A0A096LNP1,UniProtKB/Swiss-Prot,2.0,Active
J3QKX1,UniProtKB/TrEMBL,1.0,Active
A0A5C2FU84,UniProtKB/TrEMBL,1.0,Active
P55773,UniProtKB/Swiss-Prot,5.0,Active
G3V4G1,UniProtKB/TrEMBL,1.0,Active
C9JGA6,UniProtKB/TrEMBL,1.0,Active
B5A224,UniProtKB/TrEMBL,2.0,Active
A0A7I2YQJ0,UniProtKB/TrEMBL,1.0,Active
E5RIP1,UniProtKB/TrEMBL,1.0,Active
R4GMM7,UniProtKB/TrEMBL,1.0,Active
B4DKH9,UniProtKB/TrEMBL,1.0,Active
E9PR40,UniProtKB/TrEMBL,1.0,Active
Q06S79,UniProtKB/TrEMBL,1.0,Active
Q5H943,UniProtKB/Swiss-Prot,2.0,Active
A0A2U3TZJ3,UniProtKB/TrEMBL,1.0,Active
A0A590UJI9,UniProtKB/TrEMBL,1.0,Active
L8E7L0,UniProtKB/TrEMBL,1.0,Active
E5RHH0,UniProtKB/TrEMBL,1.0,Active
P78512,UniProtKB/TrEMBL,1.0,Active
K7EP88,UniProtKB/TrEMBL,2.0,Active
A0A346RP38,UniProtKB/TrEMBL,1.0,Active
L8E937,UniProtKB/TrEMBL,1.0,Active
Q29ZN6,UniProtKB/TrEMBL,1.0,Active
H0YFR4,UniProtKB/TrEMBL,1.0,Active
D6RB13,UniProtKB/TrEMBL,3.0,Active
K4DIA5,UniProtKB/TrEMBL,2.0,Active
E7EMS3,UniProtKB/TrEMBL,1.0,Active
V9GYL8,UniProtKB/TrEMBL,1.0,Active
K7PML8,UniProtKB/TrEMBL,3.0,Active
H3BMZ8,UniProtKB/TrEMBL,1.0,Active
B4DKJ9,UniProtKB/TrEMBL,1.0,Active
F5H7A5,UniProtKB/TrEMBL,1.0,Active
L0B1R1,UniProtKB/TrEMBL,1.0,Active
F8VUJ0,UniProtKB/TrEMBL,1.0,Active
H3BM61,UniProtKB/TrEMBL,1.0,Active
B2R4A5,UniProtKB/TrEMBL,1.0,Active
A0A5C2GA01,UniProtKB/TrEMBL,1.0,Active
E5RGQ3,UniProtKB/TrEMBL,1.0,Active
K7EN82,UniProtKB/TrEMBL,2.0,Active
Q6ZUS0,UniProtKB/TrEMBL,1.0,Active
Q9P0K6,UniProtKB/TrEMBL,1.0,Active
P12724,UniProtKB/Swiss-Prot,5.0,Active
E9PLZ0,UniProtKB/TrEMBL,2.0,Active
D6RAX2,UniProtKB/TrEMBL,1.0,Active
A0A5C2GF46,UniProtKB/TrEMBL,1.0,Active
B7ZBU4,UniProtKB/TrEMBL,1.0,Active
Q53R32,UniProtKB/TrEMBL,2.0,Active
D6RHI4,UniProtKB/TrEMBL,1.0,Active
M0QXW4,UniProtKB/TrEMBL,1.0,Active
H0YNV8,UniProtKB/TrEMBL,1.0,Active
G5E9R3,UniProtKB/TrEMBL,1.0,Active
V9GYM1,UniProtKB/TrEMBL,1.0,Active
O95715,UniProtKB/Swiss-Prot,5.0,Active
J3KTA9,UniProtKB/TrEMBL,2.0,Active
A5PLN2,UniProtKB/TrEMBL,1.0,Active
Q4VXW1,UniProtKB/TrEMBL,1.0,Active
Q4W5A5,UniProtKB/TrEMBL,1.0,Active
F1T0K0,UniProtKB/TrEMBL,1.0,Active
A0A0G2JR45,UniProtKB/TrEMBL,1.0,Active
M0R3F2,UniProtKB/TrEMBL,1.0,Active
F5H244,UniProtKB/TrEMBL,1.0,Active
A0A5C2G615,UniProtKB/TrEMBL,1.0,Active
I3L3M2,UniProtKB/TrEMBL,1.0,Active
A0A5C2GDD2,UniProtKB/TrEMBL,1.0,Active
A0A5C2GQJ3,UniProtKB/TrEMBL,1.0,Active
A0A2R8YFB0,UniProtKB/TrEMBL,1.0,Active
H0YN84,UniProtKB/TrEMBL,1.0,Active
Q30011,UniProtKB/TrEMBL,1.0,Active
Q6ZSU1,UniProtKB/Swiss-Prot,2.0,Active
Q6RFR5,UniProtKB/TrEMBL,1.0,Active
R4GMY6,UniProtKB/TrEMBL,1.0,Active
H3BMQ9,UniProtKB/TrEMBL,2.0,Active
Q9UFA5,UniProtKB/TrEMBL,1.0,Active
K7ENA5,UniProtKB/TrEMBL,1.0,Active
M0R0J3,UniProtKB/TrEMBL,1.0,Active
L8E7P7,UniProtKB/TrEMBL,1.0,Active
A0A087X2F7,UniProtKB/TrEMBL,2.0,Active
A0A384NKN4,UniProtKB/TrEMBL,2.0,Active
L0R6Q4,UniProtKB/TrEMBL,1.0,Active
O95496,UniProtKB/TrEMBL,1.0,Active
A0A804HK36,UniProtKB/TrEMBL,1.0,Active
A0A0A0MSE8,UniProtKB/TrEMBL,1.0,Active
L8E9I8,UniProtKB/TrEMBL,1.0,Active
C4P0D8,UniProtKB/TrEMBL,1.0,Active
Q8N508,UniProtKB/TrEMBL,1.0,Active
Q7KZ39,UniProtKB/TrEMBL,1.0,Active
L8E887,UniProtKB/TrEMBL,1.0,Active
A0A0U1RR14,UniProtKB/TrEMBL,2.0,Active
B4E0F6,UniProtKB/TrEMBL,1.0,Active
B4DS87,UniProtKB/TrEMBL,2.0,Active
D6RB09,UniProtKB/TrEMBL,2.0,Active
B0QYH2,UniProtKB/TrEMBL,2.0,Active
B7Z7H1,UniProtKB/TrEMBL,1.0,Active
M0R2C0,UniProtKB/TrEMBL,1.0,Active
A0A0C4DGA8,UniProtKB/TrEMBL,1.0,Active
F8VTU7,UniProtKB/TrEMBL,1.0,Active
A0A126LAY9,UniProtKB/TrEMBL,1.0,Active
H7C5D5,UniProtKB/TrEMBL,1.0,Active
Q69YV8,UniProtKB/TrEMBL,1.0,Active
B7Z1X4,UniProtKB/TrEMBL,1.0,Active
L8E7V1,UniProtKB/TrEMBL,1.0,Active
A0A059X4U2,UniProtKB/TrEMBL,1.0,Active
A0A5C2GNL6,UniProtKB/TrEMBL,1.0,Active
Q13974,UniProtKB/TrEMBL,1.0,Active
Q8N6N6,UniProtKB/Swiss-Prot,3.0,Active
D6RC31,UniProtKB/TrEMBL,1.0,Active
H0YND7,UniProtKB/TrEMBL,2.0,Active
O14880,UniProtKB/Swiss-Prot,5.0,Active
J3QRG3,UniProtKB/TrEMBL,1.0,Active
A0A0G2JIG2,UniProtKB/TrEMBL,1.0,Active
M0R1H0,UniProtKB/TrEMBL,2.0,Active
H3BPE8,UniProtKB/TrEMBL,1.0,Active
K4K1I8,UniProtKB/TrEMBL,1.0,Active
K7ELL0,UniProtKB/TrEMBL,1.0,Active
A0A5C2GF27,UniProtKB/TrEMBL,1.0,Active
A0A1W2PSE9,UniProtKB/TrEMBL,1.0,Active
P79534,UniProtKB/TrEMBL,1.0,Active
F8WEN1,UniProtKB/TrEMBL,1.0,Active
F8VRF7,UniProtKB/TrEMBL,1.0,Active
K7EK75,UniProtKB/TrEMBL,1.0,Active
Q4W5S4,UniProtKB/TrEMBL,1.0,Active
A0A5C2GPX2,UniProtKB/TrEMBL,1.0,Active
Q7Z2Y2,UniProtKB/TrEMBL,1.0,Active
Q9UI53,UniProtKB/TrEMBL,1.0,Active
F8VZJ2,UniProtKB/TrEMBL,1.0,Active
C9JCJ9,UniProtKB/TrEMBL,1.0,Active
O00258,UniProtKB/Swiss-Prot,5.0,Active
A0A7M1IM08,UniProtKB/TrEMBL,1.0,Active
A0A5C2GQX5,UniProtKB/TrEMBL,1.0,Active
F8W1U1,UniProtKB/TrEMBL,1.0,Active
C6GLZ0,UniProtKB/TrEMBL,1.0,Active
A0A087WYX7,UniProtKB/TrEMBL,1.0,Active
B2ZGQ0,UniProtKB/TrEMBL,1.0,Active
C9JXZ7,UniProtKB/TrEMBL,1.0,Active
I3L237,UniProtKB/TrEMBL,1.0,Active
Q9Y3D0,UniProtKB/Swiss-Prot,5.0,Active
A0N9R7,UniProtKB/TrEMBL,1.0,Active
E2QRM3,UniProtKB/TrEMBL,1.0,Active
F5H8D3,UniProtKB/TrEMBL,2.0,Active
A0A087WY81,UniProtKB/TrEMBL,2.0,Active
Q05BD2,UniProtKB/TrEMBL,1.0,Active
B1B1G2,UniProtKB/TrEMBL,2.0,Active
Q7LE05,UniProtKB/TrEMBL,1.0,Active
U5XJZ4,UniProtKB/TrEMBL,2.0,Active
Q8N5G3,UniProtKB/TrEMBL,1.0,Active
A0A1B0GV90,UniProtKB/Swiss-Prot,1.0,Active
A0A7I2V5G5,UniProtKB/TrEMBL,1.0,Active
A0A7S5C2Y4,UniProtKB/TrEMBL,1.0,Active
A0A0S2Z408,UniProtKB/TrEMBL,1.0,Active
Q53RT0,UniProtKB/TrEMBL,2.0,Active
O95147,UniProtKB/Swiss-Prot,5.0,Active
Q8NFR3,UniProtKB/Swiss-Prot,5.0,Active
C9JFS2,UniProtKB/TrEMBL,2.0,Active
Q9BSL6,UniProtKB/TrEMBL,1.0,Active
A0A7S5C3I9,UniProtKB/TrEMBL,1.0,Active
I3L298,UniProtKB/TrEMBL,3.0,Active
M0R0H0,UniProtKB/TrEMBL,1.0,Active
E9PL74,UniProtKB/TrEMBL,1.0,Active
R4GN86,UniProtKB/TrEMBL,1.0,Active
H3BTJ2,UniProtKB/TrEMBL,2.0,Active
A0A4P8J5I5,UniProtKB/TrEMBL,1.0,Active
Q8WYE8,UniProtKB/TrEMBL,1.0,Active
R4GMU2,UniProtKB/TrEMBL,1.0,Active
D6RDM6,UniProtKB/TrEMBL,1.0,Active
Q9HDC8,UniProtKB/TrEMBL,1.0,Active
A0A5C2FZD9,UniProtKB/TrEMBL,1.0,Active
D6RAJ0,UniProtKB/TrEMBL,1.0,Active
X1WI28,UniProtKB/TrEMBL,2.0,Active
A0A5C2GBM2,UniProtKB/TrEMBL,1.0,Active
B4DE25,UniProtKB/TrEMBL,1.0,Active
B4DVD1,UniProtKB/TrEMBL,1.0,Active
K7EPV1,UniProtKB/TrEMBL,1.0,Active
B0QZE1,UniProtKB/TrEMBL,2.0,Active
F2YBS5,UniProtKB/TrEMBL,1.0,Active
A0A7S5BZC9,UniProtKB/TrEMBL,1.0,Active
E5RJ53,UniProtKB/TrEMBL,1.0,Active
A0A087X0P8,UniProtKB/TrEMBL,1.0,Active
Q96J97,UniProtKB/TrEMBL,1.0,Active
Q53R30,UniProtKB/TrEMBL,1.0,Active
Q9H398,UniProtKB/TrEMBL,1.0,Active
O43325,UniProtKB/Swiss-Prot,3.0,Active
V9GYW1,UniProtKB/TrEMBL,1.0,Active
Q71V81,UniProtKB/TrEMBL,1.0,Active
Q0P6D9,UniProtKB/TrEMBL,1.0,Active
C9J6F8,UniProtKB/TrEMBL,1.0,Active
A6NIW5,UniProtKB/TrEMBL,2.0,Active
D6RC54,UniProtKB/TrEMBL,2.0,Active
E7ER42,UniProtKB/TrEMBL,2.0,Active
E9PKV2,UniProtKB/TrEMBL,2.0,Active
E5RJS1,UniProtKB/TrEMBL,1.0,Active
Q1WD23,UniProtKB/TrEMBL,1.0,Active
O43805,UniProtKB/Swiss-Prot,5.0,Active
A0A7S5BZH7,UniProtKB/TrEMBL,1.0,Active
A0A5C2G5U7,UniProtKB/TrEMBL,1.0,Active
B2RD05,UniProtKB/TrEMBL,1.0,Active
A0A1B0GW35,UniProtKB/Swiss-Prot,1.0,Active
G3V5C8,UniProtKB/TrEMBL,1.0,Active
M0R132,UniProtKB/TrEMBL,1.0,Active
A0A5C2GTJ0,UniProtKB/TrEMBL,1.0,Active
Q96L94,UniProtKB/Swiss-Prot,4.0,Active
A0A7S5ETG1,UniProtKB/TrEMBL,1.0,Active
C9J388,UniProtKB/TrEMBL,1.0,Active
L8ECF5,UniProtKB/TrEMBL,1.0,Active
Q4G0G5,UniProtKB/Swiss-Prot,2.0,Active
H7C0V7,UniProtKB/TrEMBL,1.0,Active
Q96JR2,UniProtKB/TrEMBL,1.0,Active
Q9BYW3,UniProtKB/Swiss-Prot,5.0,Active
A0A5C2G7A2,UniProtKB/TrEMBL,1.0,Active
H0Y8J0,UniProtKB/TrEMBL,1.0,Active
E9PKN6,UniProtKB/TrEMBL,1.0,Active
Q15253,UniProtKB/TrEMBL,1.0,Active
X6R8F3,UniProtKB/TrEMBL,1.0,Active
B4DQA8,UniProtKB/TrEMBL,2.0,Active
E7ETV3,UniProtKB/TrEMBL,2.0,Active
A0A087WU54,UniProtKB/TrEMBL,1.0,Active
I3L0K9,UniProtKB/TrEMBL,2.0,Active
F5H296,UniProtKB/TrEMBL,1.0,Active
A0A7T0LNP9,UniProtKB/TrEMBL,1.0,Active
A0A2R8YFN9,UniProtKB/TrEMBL,2.0,Active
H3BQI6,UniProtKB/TrEMBL,1.0,Active
F8VQD9,UniProtKB/TrEMBL,1.0,Active
A0A2R4SE35,UniProtKB/TrEMBL,1.0,Active
Q9HA33,UniProtKB/TrEMBL,1.0,Active
D6R9Q4,UniProtKB/TrEMBL,2.0,Active
A0A5C2GAC6,UniProtKB/TrEMBL,1.0,Active
C9JLT6,UniProtKB/TrEMBL,1.0,Active
J3QRI3,UniProtKB/TrEMBL,2.0,Active
Q5JRS1,UniProtKB/TrEMBL,2.0,Active
F8WCF6,UniProtKB/TrEMBL,2.0,Active
H0YD04,UniProtKB/TrEMBL,1.0,Active
Q4ZG53,UniProtKB/TrEMBL,1.0,Active
P01303,UniProtKB/Swiss-Prot,5.0,Active
E7EN01,UniProtKB/TrEMBL,2.0,Active
Q9P1J4,UniProtKB/TrEMBL,1.0,Active
A0A804HKE6,UniProtKB/TrEMBL,1.0,Active
A0PJB1,UniProtKB/TrEMBL,2.0,Active
C9IYN9,UniProtKB/TrEMBL,1.0,Active
Q7Z4D5,UniProtKB/TrEMBL,1.0,Active
Q30KQ5,UniProtKB/Swiss-Prot,3.0,Active
B4DR92,UniProtKB/TrEMBL,1.0,Active
Q6A555,UniProtKB/Swiss-Prot,4.0,Active
E5RJ41,UniProtKB/TrEMBL,2.0,Active
Q96F32,UniProtKB/TrEMBL,1.0,Active
Q9P0C1,UniProtKB/TrEMBL,1.0,Active
Q68DZ8,UniProtKB/TrEMBL,1.0,Active
Q5TC01,UniProtKB/TrEMBL,1.0,Active
A0A2R8YDK5,UniProtKB/TrEMBL,1.0,Active
Q5W075,UniProtKB/TrEMBL,1.0,Active
E9PPK2,UniProtKB/TrEMBL,1.0,Active
A0A804HLH7,UniProtKB/TrEMBL,1.0,Active
F8VSY1,UniProtKB/TrEMBL,1.0,Active
A0A494C0F4,UniProtKB/TrEMBL,1.0,Active
D6RAJ2,UniProtKB/TrEMBL,2.0,Active
A0A0A8J2J0,UniProtKB/TrEMBL,1.0,Active
P13498,UniProtKB/Swiss-Prot,5.0,Active
A0A1B0GV28,UniProtKB/TrEMBL,1.0,Active
A0A5C2G674,UniProtKB/TrEMBL,1.0,Active
Q99732,UniProtKB/Swiss-Prot,5.0,Active
I3L2Y6,UniProtKB/TrEMBL,2.0,Active
G3V3D8,UniProtKB/TrEMBL,1.0,Active
D9N2T7,UniProtKB/TrEMBL,1.0,Active
M0R0U7,UniProtKB/TrEMBL,1.0,Active
Q96IK1,UniProtKB/Swiss-Prot,5.0,Active
D6RFJ6,UniProtKB/TrEMBL,1.0,Active
U3KQ22,UniProtKB/TrEMBL,2.0,Active
C9JWF1,UniProtKB/TrEMBL,1.0,Active
H7BXH6,UniProtKB/TrEMBL,1.0,Active
L8E9U8,UniProtKB/TrEMBL,1.0,Active
C9JPK7,UniProtKB/TrEMBL,1.0,Active
O95711,UniProtKB/Swiss-Prot,5.0,Active
Q96DH9,UniProtKB/TrEMBL,2.0,Active
A0A2R8YF35,UniProtKB/TrEMBL,1.0,Active
M0QZA2,UniProtKB/TrEMBL,1.0,Active
Q71VH3,UniProtKB/TrEMBL,1.0,Active
C9IZX3,UniProtKB/TrEMBL,1.0,Active
L8E8J4,UniProtKB/TrEMBL,1.0,Active
G3V3U9,UniProtKB/TrEMBL,1.0,Active
M0QZE0,UniProtKB/TrEMBL,2.0,Active
Q2M2F3,UniProtKB/TrEMBL,1.0,Active
E9PMP4,UniProtKB/TrEMBL,1.0,Active
Q9P086,UniProtKB/Swiss-Prot,5.0,Active
H7BXS6,UniProtKB/TrEMBL,1.0,Active
A0A5C2GHL3,UniProtKB/TrEMBL,1.0,Active
O14847,UniProtKB/TrEMBL,1.0,Active
Q68DE4,UniProtKB/TrEMBL,1.0,Active
A0A5C2GDF5,UniProtKB/TrEMBL,1.0,Active
Q53TF4,UniProtKB/TrEMBL,1.0,Active
Q3ZCR4,UniProtKB/TrEMBL,2.0,Active
F8WEN3,UniProtKB/TrEMBL,1.0,Active
B7Z377,UniProtKB/TrEMBL,2.0,Active
C9J6Q2,UniProtKB/TrEMBL,1.0,Active
A0A5C2GGF8,UniProtKB/TrEMBL,1.0,Active
Q53QM8,UniProtKB/TrEMBL,1.0,Active
B4DYM9,UniProtKB/TrEMBL,1.0,Active
Q3YLD6,UniProtKB/TrEMBL,1.0,Active
H0YKD8,UniProtKB/TrEMBL,2.0,Active
M0R1L1,UniProtKB/TrEMBL,1.0,Active
L8EAJ4,UniProtKB/TrEMBL,1.0,Active
A0A2R8Y540,UniProtKB/TrEMBL,1.0,Active
H3BUY6,UniProtKB/TrEMBL,1.0,Active
Q53RF5,UniProtKB/TrEMBL,1.0,Active
O95276,UniProtKB/TrEMBL,1.0,Active
Q9UHD0,UniProtKB/Swiss-Prot,5.0,Active
B4DSJ5,UniProtKB/TrEMBL,1.0,Active
A8MY26,UniProtKB/TrEMBL,1.0,Active
A1L192,UniProtKB/TrEMBL,1.0,Active
A6NEN9,UniProtKB/Swiss-Prot,2.0,Active
D6RDH5,UniProtKB/TrEMBL,2.0,Active
Q969E1,UniProtKB/Swiss-Prot,3.0,Active
A0A087X0F4,UniProtKB/TrEMBL,1.0,Active
S4TMV6,UniProtKB/TrEMBL,1.0,Active
B8ZZX2,UniProtKB/TrEMBL,2.0,Active
Q9BUW7,UniProtKB/Swiss-Prot,5.0,Active
O14737,UniProtKB/Swiss-Prot,5.0,Active
B4E1U1,UniProtKB/TrEMBL,2.0,Active
B4E0B8,UniProtKB/TrEMBL,2.0,Active
H0YE64,UniProtKB/TrEMBL,1.0,Active
B2R4C0,UniProtKB/TrEMBL,1.0,Active
Q2L7J7,UniProtKB/TrEMBL,1.0,Active
F5H5M8,UniProtKB/TrEMBL,2.0,Active
A0A5C2GFA6,UniProtKB/TrEMBL,1.0,Active
K7EM03,UniProtKB/TrEMBL,2.0,Active
F8WDD0,UniProtKB/TrEMBL,1.0,Active
F8VYZ2,UniProtKB/TrEMBL,1.0,Active
A2AAZ5,UniProtKB/TrEMBL,1.0,Active
A0A5C2GE74,UniProtKB/TrEMBL,1.0,Active
G3V5V4,UniProtKB/TrEMBL,1.0,Active
L8E9N1,UniProtKB/TrEMBL,1.0,Active
Q5ZEZ3,UniProtKB/TrEMBL,1.0,Active
E9PSC7,UniProtKB/TrEMBL,2.0,Active
K7EIU3,UniProtKB/TrEMBL,1.0,Active
I3L2X5,UniProtKB/TrEMBL,1.0,Active
H0YDH9,UniProtKB/TrEMBL,4.0,Active
B4DR52,UniProtKB/TrEMBL,2.0,Active
E9PIJ1,UniProtKB/TrEMBL,1.0,Active
H0YLX6,UniProtKB/TrEMBL,1.0,Active
A0A2I6PNI6,UniProtKB/TrEMBL,1.0,Active
A0A2R8Y4J9,UniProtKB/TrEMBL,1.0,Active
A0A891XIU9,UniProtKB/TrEMBL,1.0,Active
C9JQU1,UniProtKB/TrEMBL,1.0,Active
Q96QH8,UniProtKB/Swiss-Prot,3.0,Active
H0YAG7,UniProtKB/TrEMBL,1.0,Active
Q9NX08,UniProtKB/Swiss-Prot,5.0,Active
A0A5C2G8H8,UniProtKB/TrEMBL,1.0,Active
H7C4F4,UniProtKB/TrEMBL,1.0,Active
Q8NAB3,UniProtKB/TrEMBL,1.0,Active
K7EN70,UniProtKB/TrEMBL,1.0,Active
B3KNH2,UniProtKB/TrEMBL,1.0,Active
B5TZ80,UniProtKB/TrEMBL,1.0,Active
Q9HBE7,UniProtKB/TrEMBL,1.0,Active
P63211,UniProtKB/Swiss-Prot,5.0,Active
M0QYJ9,UniProtKB/TrEMBL,1.0,Active
A0A5C2GAR9,UniProtKB/TrEMBL,1.0,Active
Q9C005,UniProtKB/Swiss-Prot,5.0,Active
H7C0V8,UniProtKB/TrEMBL,1.0,Active
Q86TZ5,UniProtKB/TrEMBL,1.0,Active
A0A5C2GGR9,UniProtKB/TrEMBL,1.0,Active
A0A5C2GE80,UniProtKB/TrEMBL,1.0,Active
Q5VYS9,UniProtKB/TrEMBL,1.0,Active
S4R377,UniProtKB/TrEMBL,1.0,Active
H0YF05,UniProtKB/TrEMBL,1.0,Active
E9PNJ5,UniProtKB/TrEMBL,2.0,Active
A0A068BI50,UniProtKB/TrEMBL,1.0,Active
Q96HE0,UniProtKB/TrEMBL,1.0,Active
J3KSG9,UniProtKB/TrEMBL,1.0,Active
P10265,UniProtKB/Swiss-Prot,5.0,Active
A0A5C2GGZ1,UniProtKB/TrEMBL,1.0,Active
A0A087WTA2,UniProtKB/TrEMBL,1.0,Active
Q86Y20,UniProtKB/TrEMBL,1.0,Active
B7Z725,UniProtKB/TrEMBL,1.0,Active
A0A384ME44,UniProtKB/TrEMBL,2.0,Active
Q9HBI4,UniProtKB/TrEMBL,1.0,Active
B4E1J1,UniProtKB/TrEMBL,2.0,Active
E9PS75,UniProtKB/TrEMBL,1.0,Active
Q9UNM4,UniProtKB/TrEMBL,1.0,Active
Q9UBI1,UniProtKB/Swiss-Prot,5.0,Active
E5RJN8,UniProtKB/TrEMBL,1.0,Active
A0A1W2PPG7,UniProtKB/Swiss-Prot,2.0,Active
Q5TFA5,UniProtKB/TrEMBL,1.0,Active
C9JYL7,UniProtKB/TrEMBL,1.0,Active
M0R1S6,UniProtKB/TrEMBL,2.0,Active
Q07A19,UniProtKB/TrEMBL,1.0,Active
L8ECD8,UniProtKB/TrEMBL,1.0,Active
A0A5C2G9D0,UniProtKB/TrEMBL,1.0,Active
B4E1C8,UniProtKB/TrEMBL,1.0,Active
G3V1X5,UniProtKB/TrEMBL,1.0,Active
Q58FF5,UniProtKB/TrEMBL,1.0,Active
Q6EBC2,UniProtKB/Swiss-Prot,3.0,Active
A2AB93,UniProtKB/TrEMBL,1.0,Active
Q502X7,UniProtKB/TrEMBL,2.0,Active
I3L1M4,UniProtKB/TrEMBL,4.0,Active
A0A1B0GUZ9,UniProtKB/TrEMBL,1.0,Active
B3KP82,UniProtKB/TrEMBL,1.0,Active
A0A5C2GH44,UniProtKB/TrEMBL,1.0,Active
A8MTZ5,UniProtKB/TrEMBL,1.0,Active
I3L2K7,UniProtKB/TrEMBL,3.0,Active
Q5VVM2,UniProtKB/TrEMBL,1.0,Active
C9JST4,UniProtKB/TrEMBL,2.0,Active
G3V5C4,UniProtKB/TrEMBL,1.0,Active
E9PLA9,UniProtKB/TrEMBL,2.0,Active
A0A7I2V344,UniProtKB/TrEMBL,1.0,Active
Q6ZQV5,UniProtKB/Swiss-Prot,3.0,Active
G3V4I9,UniProtKB/TrEMBL,1.0,Active
Q14755,UniProtKB/TrEMBL,1.0,Active
G3V0I3,UniProtKB/TrEMBL,1.0,Active
A0A5C2GFD6,UniProtKB/TrEMBL,1.0,Active
F8VXK4,UniProtKB/TrEMBL,1.0,Active
H3BU43,UniProtKB/TrEMBL,1.0,Active
Q9NYM9,UniProtKB/Swiss-Prot,5.0,Active
J3QR90,UniProtKB/TrEMBL,1.0,Active
A6NKH3,UniProtKB/Swiss-Prot,2.0,Active
K7ESC8,UniProtKB/TrEMBL,1.0,Active
O15514,UniProtKB/Swiss-Prot,5.0,Active
A0A173G4N9,UniProtKB/TrEMBL,2.0,Active
E7EM58,UniProtKB/TrEMBL,3.0,Active
H3BQX9,UniProtKB/TrEMBL,1.0,Active
F5H8C5,UniProtKB/TrEMBL,1.0,Active
A8MYK1,UniProtKB/TrEMBL,2.0,Active
F8WCU3,UniProtKB/TrEMBL,1.0,Active
D6RA27,UniProtKB/TrEMBL,2.0,Active
O95330,UniProtKB/TrEMBL,2.0,Active
A0A7I2V6B7,UniProtKB/TrEMBL,1.0,Active
A0A286YEP3,UniProtKB/TrEMBL,1.0,Active
V9GZ13,UniProtKB/TrEMBL,1.0,Active
A0A5C2GAX7,UniProtKB/TrEMBL,1.0,Active
B7Z6K5,UniProtKB/TrEMBL,1.0,Active
A0A5C2G6D2,UniProtKB/TrEMBL,1.0,Active
B3KVX7,UniProtKB/TrEMBL,1.0,Active
H9KV91,UniProtKB/TrEMBL,1.0,Active
Q16449,UniProtKB/TrEMBL,1.0,Active
J3KRW4,UniProtKB/TrEMBL,1.0,Active
Q13747,UniProtKB/TrEMBL,1.0,Active
A0A5C2GKV2,UniProtKB/TrEMBL,1.0,Active
D6R9T8,UniProtKB/TrEMBL,1.0,Active
H7C2Z4,UniProtKB/TrEMBL,1.0,Active
Q6KED3,UniProtKB/TrEMBL,1.0,Active
B4E163,UniProtKB/TrEMBL,3.0,Active
A0A0S2Z490,UniProtKB/TrEMBL,1.0,Active
M0R1W1,UniProtKB/TrEMBL,1.0,Active
D6RHY7,UniProtKB/TrEMBL,2.0,Active
A0A2U8J8B7,UniProtKB/TrEMBL,1.0,Active
A0A7S5C5E0,UniProtKB/TrEMBL,1.0,Active
A0A7S5C4E3,UniProtKB/TrEMBL,1.0,Active
K7ESG8,UniProtKB/TrEMBL,2.0,Active
P48539,UniProtKB/Swiss-Prot,5.0,Active
H7C519,UniProtKB/TrEMBL,1.0,Active
A0A2R8Y4M1,UniProtKB/TrEMBL,2.0,Active
F8VR34,UniProtKB/TrEMBL,1.0,Active
Q5QPN9,Inactive/Deleted,0.0,Inactive
K7ENE2,UniProtKB/TrEMBL,1.0,Active
E7EVF9,UniProtKB/TrEMBL,1.0,Active
O00483,UniProtKB/Swiss-Prot,5.0,Active
L8ECM9,UniProtKB/TrEMBL,1.0,Active
D6RIF5,UniProtKB/TrEMBL,1.0,Active
O14921,UniProtKB/Swiss-Prot,3.0,Active
A0A384P5Z6,UniProtKB/TrEMBL,2.0,Active
H0YFR6,UniProtKB/TrEMBL,1.0,Active
Q71UV7,UniProtKB/TrEMBL,2.0,Active
Q9BQJ4,UniProtKB/Swiss-Prot,5.0,Active
H0Y9Z0,UniProtKB/TrEMBL,1.0,Active
H0YG25,UniProtKB/TrEMBL,1.0,Active
A0A192GRC6,UniProtKB/TrEMBL,1.0,Active
A0A0D9SGA7,UniProtKB/TrEMBL,2.0,Active
C1KDE8,UniProtKB/TrEMBL,2.0,Active
D7UNU3,UniProtKB/TrEMBL,1.0,Active
Q09LL6,UniProtKB/TrEMBL,3.0,Active
K7ELM0,UniProtKB/TrEMBL,1.0,Active
Q5JXB2,UniProtKB/Swiss-Prot,2.0,Active
A0A6I8PRR4,UniProtKB/TrEMBL,1.0,Active
A0A5C2GF32,UniProtKB/TrEMBL,1.0,Active
F8VR53,UniProtKB/TrEMBL,1.0,Active
I3L488,UniProtKB/TrEMBL,1.0,Active
J3QRW8,UniProtKB/TrEMBL,1.0,Active
D6RIW9,UniProtKB/TrEMBL,1.0,Active
A0A5C2G9T7,UniProtKB/TrEMBL,1.0,Active
B4DGT0,UniProtKB/TrEMBL,1.0,Active
F8VRX7,UniProtKB/TrEMBL,1.0,Active
E5RIJ4,UniProtKB/TrEMBL,1.0,Active
Q8WY49,UniProtKB/TrEMBL,1.0,Active
H0YHD3,UniProtKB/TrEMBL,1.0,Active
F8VR05,UniProtKB/TrEMBL,1.0,Active
A0A7S5C4U0,UniProtKB/TrEMBL,1.0,Active
A0A3B3IRP3,UniProtKB/TrEMBL,1.0,Active
Q6Q318,UniProtKB/TrEMBL,1.0,Active
A0A0S2Z5Y5,UniProtKB/TrEMBL,1.0,Active
Q6LBE5,UniProtKB/TrEMBL,2.0,Active
D3GDV5,UniProtKB/TrEMBL,1.0,Active
Q9P179,UniProtKB/TrEMBL,1.0,Active
G3V559,UniProtKB/TrEMBL,2.0,Active
V9GYA2,UniProtKB/TrEMBL,2.0,Active
F5GZH8,UniProtKB/TrEMBL,1.0,Active
Q0P5P2,UniProtKB/Swiss-Prot,2.0,Active
G5E9H5,UniProtKB/TrEMBL,1.0,Active
Q9UNM7,UniProtKB/TrEMBL,2.0,Active
E9PKQ0,UniProtKB/TrEMBL,1.0,Active
L8E7L4,UniProtKB/TrEMBL,1.0,Active
A0A0S2SW22,UniProtKB/TrEMBL,1.0,Active
A0A5C2GNN6,UniProtKB/TrEMBL,1.0,Active
J3KTK3,UniProtKB/TrEMBL,2.0,Active
R9UQ62,UniProtKB/TrEMBL,1.0,Active
C9J7V5,UniProtKB/TrEMBL,1.0,Active
Q9HC69,UniProtKB/TrEMBL,1.0,Active
F8WCG2,UniProtKB/TrEMBL,1.0,Active
A0A2R8Y4X6,UniProtKB/TrEMBL,1.0,Active
A0A0S2Z5X1,UniProtKB/TrEMBL,2.0,Active
P50151,UniProtKB/Swiss-Prot,5.0,Active
B4DMM8,UniProtKB/TrEMBL,1.0,Active
A0A5C2GAL3,UniProtKB/TrEMBL,1.0,Active
Q05D31,UniProtKB/TrEMBL,1.0,Active
B4DPY4,UniProtKB/TrEMBL,1.0,Active
A0A494C084,UniProtKB/TrEMBL,1.0,Active
H0YJ94,UniProtKB/TrEMBL,1.0,Active
A0A0J9YVV8,UniProtKB/TrEMBL,1.0,Active
K7EL41,UniProtKB/TrEMBL,2.0,Active
F8WEW0,UniProtKB/TrEMBL,1.0,Active
Q9NRF9,UniProtKB/Swiss-Prot,5.0,Active
F8W1S6,UniProtKB/TrEMBL,1.0,Active
D6RAZ4,UniProtKB/TrEMBL,2.0,Active
H7C1J0,UniProtKB/TrEMBL,1.0,Active
A0A087WXU5,UniProtKB/TrEMBL,2.0,Active
J3QRA5,UniProtKB/TrEMBL,1.0,Active
Q13749,UniProtKB/TrEMBL,1.0,Active
B4DL03,UniProtKB/TrEMBL,2.0,Active
F8W1Z9,UniProtKB/TrEMBL,1.0,Active
Q86SV5,UniProtKB/TrEMBL,1.0,Active
A0A087WWP5,UniProtKB/TrEMBL,1.0,Active
L7UQJ2,UniProtKB/TrEMBL,2.0,Active
C9J2X5,UniProtKB/TrEMBL,1.0,Active
F5GZY8,UniProtKB/TrEMBL,1.0,Active
M0R288,UniProtKB/TrEMBL,1.0,Active
E5RH44,UniProtKB/TrEMBL,2.0,Active
A0A7S5BZ02,UniProtKB/TrEMBL,1.0,Active
A0A7S5BZ08,UniProtKB/TrEMBL,1.0,Active
F8WBK9,UniProtKB/TrEMBL,2.0,Active
C9J3J1,UniProtKB/TrEMBL,1.0,Active
Q4G146,UniProtKB/TrEMBL,1.0,Active
A0A7P0Z4C8,UniProtKB/TrEMBL,1.0,Active
A0A5C2G9R7,UniProtKB/TrEMBL,1.0,Active
O75964,UniProtKB/Swiss-Prot,5.0,Active
A0A0C4DH04,UniProtKB/TrEMBL,1.0,Active
E5RGI8,UniProtKB/TrEMBL,1.0,Active
B3VRS0,UniProtKB/TrEMBL,1.0,Active
A0A0H3WCX1,UniProtKB/TrEMBL,1.0,Active
B7Z6P8,UniProtKB/TrEMBL,1.0,Active
E9PHV4,UniProtKB/TrEMBL,1.0,Active
B4DW04,UniProtKB/TrEMBL,1.0,Active
Q6P1X2,UniProtKB/TrEMBL,1.0,Active
Q9Y2Y0,UniProtKB/Swiss-Prot,5.0,Active
L0R6P7,UniProtKB/TrEMBL,1.0,Active
Q6T5J5,UniProtKB/TrEMBL,1.0,Active
Q6P5W9,UniProtKB/TrEMBL,1.0,Active
Q9NRV9,UniProtKB/Swiss-Prot,4.0,Active
I3L4Z3,UniProtKB/TrEMBL,2.0,Active
A0A7S5C2X6,UniProtKB/TrEMBL,1.0,Active
D6RBQ1,UniProtKB/TrEMBL,1.0,Active
A0A7P0TB46,UniProtKB/TrEMBL,1.0,Active
H7C0K2,UniProtKB/TrEMBL,1.0,Active
A0A5C2G9R6,UniProtKB/TrEMBL,1.0,Active
A0A7S5EY06,UniProtKB/TrEMBL,1.0,Active
L8E9A0,UniProtKB/TrEMBL,1.0,Active
M0QZL2,UniProtKB/TrEMBL,1.0,Active
H7C3P2,UniProtKB/TrEMBL,1.0,Active
M0R1R0,UniProtKB/TrEMBL,1.0,Active
B4DMB6,UniProtKB/TrEMBL,1.0,Active
A1L4L9,UniProtKB/TrEMBL,1.0,Active
J3QLI0,UniProtKB/TrEMBL,2.0,Active
K7EPI3,UniProtKB/TrEMBL,1.0,Active
B4DQW9,UniProtKB/TrEMBL,1.0,Active
L8ECG9,UniProtKB/TrEMBL,1.0,Active
A0A7T0LNJ8,UniProtKB/TrEMBL,1.0,Active
H3BTH3,UniProtKB/TrEMBL,2.0,Active
D6RFI2,UniProtKB/TrEMBL,1.0,Active
Q8NCZ0,UniProtKB/TrEMBL,1.0,Active
J3KTN6,UniProtKB/TrEMBL,1.0,Active
F8WFC5,UniProtKB/TrEMBL,1.0,Active
A0A087WXP0,UniProtKB/TrEMBL,2.0,Active
B3KRJ6,UniProtKB/TrEMBL,2.0,Active
C9JDN6,UniProtKB/TrEMBL,1.0,Active
E9PKF8,UniProtKB/TrEMBL,1.0,Active
Q9P0A0,UniProtKB/TrEMBL,1.0,Active
Q96RT9,UniProtKB/TrEMBL,1.0,Active
Q8IVP5,UniProtKB/Swiss-Prot,5.0,Active
F8VQF2,UniProtKB/TrEMBL,1.0,Active
H0YNG4,UniProtKB/TrEMBL,1.0,Active
L8EAV5,UniProtKB/TrEMBL,1.0,Active
C9J3V0,UniProtKB/TrEMBL,1.0,Active
H0YNQ3,UniProtKB/TrEMBL,1.0,Active
M0R278,UniProtKB/TrEMBL,2.0,Active
O14752,UniProtKB/TrEMBL,1.0,Active
L8EC50,UniProtKB/TrEMBL,1.0,Active
A0A7R8GUW6,UniProtKB/TrEMBL,1.0,Active
L8E9M9,UniProtKB/TrEMBL,1.0,Active
J3QQN0,UniProtKB/TrEMBL,1.0,Active
E9PN33,UniProtKB/TrEMBL,1.0,Active
Q969E8,UniProtKB/Swiss-Prot,5.0,Active
Q29ZN7,UniProtKB/TrEMBL,1.0,Active
B4DFN6,UniProtKB/TrEMBL,1.0,Active
B4E1R1,UniProtKB/TrEMBL,1.0,Active
D6R930,UniProtKB/TrEMBL,1.0,Active
B2R4A2,UniProtKB/TrEMBL,2.0,Active
Q9Y354,UniProtKB/TrEMBL,1.0,Active
J3KN19,UniProtKB/TrEMBL,1.0,Active
A0A127AXL1,UniProtKB/TrEMBL,1.0,Active
A0A0A0MRL2,UniProtKB/TrEMBL,1.0,Active
K7EM14,UniProtKB/TrEMBL,1.0,Active
O00168,UniProtKB/Swiss-Prot,5.0,Active
Q5TEJ7,UniProtKB/TrEMBL,2.0,Active
A0A024R1R8,UniProtKB/Swiss-Prot,2.0,Active
H0YAC9,UniProtKB/TrEMBL,1.0,Active
E9PQ16,UniProtKB/TrEMBL,1.0,Active
A0A0A0MT17,UniProtKB/TrEMBL,1.0,Active
B4DJZ5,UniProtKB/TrEMBL,1.0,Active
E5RHP8,UniProtKB/TrEMBL,1.0,Active
I3L222,UniProtKB/TrEMBL,1.0,Active
H0Y9F3,UniProtKB/TrEMBL,1.0,Active
H7C444,UniProtKB/TrEMBL,1.0,Active
A0A5C2GDC3,UniProtKB/TrEMBL,1.0,Active
T1WRW3,UniProtKB/TrEMBL,1.0,Active
A8KAJ9,UniProtKB/TrEMBL,1.0,Active
Q9P1F1,UniProtKB/TrEMBL,1.0,Active
Q9H1M4,UniProtKB/Swiss-Prot,5.0,Active
Q2TAY9,UniProtKB/TrEMBL,2.0,Active
Q9P164,UniProtKB/TrEMBL,1.0,Active
J7M2K9,UniProtKB/TrEMBL,1.0,Active
F8W1Y8,UniProtKB/TrEMBL,1.0,Active
A0A1W2PPE9,UniProtKB/TrEMBL,1.0,Active
Q5JW57,UniProtKB/TrEMBL,1.0,Active
C9IY79,UniProtKB/TrEMBL,1.0,Active
B3KNR9,UniProtKB/TrEMBL,1.0,Active
I3L2H5,UniProtKB/TrEMBL,1.0,Active
H3BNT9,UniProtKB/TrEMBL,1.0,Active
C9JAB0,UniProtKB/TrEMBL,1.0,Active
A0A0G2JK30,UniProtKB/TrEMBL,1.0,Active
E9PQF9,UniProtKB/TrEMBL,1.0,Active
A0A7I2V3D5,UniProtKB/TrEMBL,1.0,Active
C9IZ55,UniProtKB/TrEMBL,1.0,Active
Q9H3A2,UniProtKB/TrEMBL,1.0,Active
A0A7I2YQG4,UniProtKB/TrEMBL,1.0,Active
A0A075B7F7,UniProtKB/TrEMBL,1.0,Active
A0A7U3JYT6,UniProtKB/TrEMBL,1.0,Active
A0A346FY29,UniProtKB/TrEMBL,1.0,Active
A0A494C0P5,UniProtKB/TrEMBL,2.0,Active
M0QYC8,UniProtKB/TrEMBL,1.0,Active
Q17RY6,UniProtKB/Swiss-Prot,4.0,Active
Q4FCX6,UniProtKB/TrEMBL,1.0,Active
A2ID99,UniProtKB/TrEMBL,2.0,Active
Q75MI7,UniProtKB/TrEMBL,1.0,Active
B4DPM6,UniProtKB/TrEMBL,1.0,Active
A0A0C4DG93,UniProtKB/TrEMBL,1.0,Active
E9PQP4,UniProtKB/TrEMBL,1.0,Active
C9JB51,UniProtKB/TrEMBL,2.0,Active
G0ZL81,UniProtKB/TrEMBL,1.0,Active
A0A7U3JVZ2,UniProtKB/TrEMBL,3.0,Active
M0QZG3,UniProtKB/TrEMBL,3.0,Active
Q9BXX5,UniProtKB/TrEMBL,1.0,Active
A2NUW5,UniProtKB/TrEMBL,1.0,Active
D6RAT1,UniProtKB/TrEMBL,1.0,Active
E2I6G0,UniProtKB/TrEMBL,1.0,Active
B4DNF8,UniProtKB/TrEMBL,2.0,Active
Q9UH97,UniProtKB/TrEMBL,1.0,Active
F5H799,UniProtKB/TrEMBL,1.0,Active
Q4VB50,UniProtKB/TrEMBL,2.0,Active
F2Z2L3,UniProtKB/TrEMBL,1.0,Active
F8VVW9,UniProtKB/TrEMBL,1.0,Active
Q9BZK5,UniProtKB/TrEMBL,1.0,Active
G3V114,UniProtKB/TrEMBL,1.0,Active
B4DRY8,UniProtKB/TrEMBL,1.0,Active
A8MZG1,UniProtKB/TrEMBL,1.0,Active
Q13973,UniProtKB/TrEMBL,1.0,Active
E9PKY0,UniProtKB/TrEMBL,1.0,Active
A0A3B3IUB7,UniProtKB/TrEMBL,1.0,Active
J3KSG3,UniProtKB/TrEMBL,2.0,Active
Q86SK8,UniProtKB/TrEMBL,1.0,Active
Q9BS22,UniProtKB/TrEMBL,4.0,Active
A0A1B0GX65,UniProtKB/TrEMBL,2.0,Active
F8VR88,UniProtKB/TrEMBL,2.0,Active
H0YJI0,UniProtKB/TrEMBL,1.0,Active
L8E9C5,UniProtKB/TrEMBL,1.0,Active
F5GWR1,UniProtKB/TrEMBL,1.0,Active
A0A5C2G600,UniProtKB/TrEMBL,1.0,Active
H0YBI1,UniProtKB/TrEMBL,1.0,Active
K7EJD5,UniProtKB/TrEMBL,1.0,Active
Q7KYZ7,UniProtKB/TrEMBL,1.0,Active
O60726,UniProtKB/TrEMBL,2.0,Active
A0A1W2PP97,UniProtKB/Swiss-Prot,1.0,Active
A0A087WY60,UniProtKB/TrEMBL,1.0,Active
A0A087WVH1,UniProtKB/TrEMBL,1.0,Active
L8E7U3,UniProtKB/TrEMBL,1.0,Active
H3BN56,UniProtKB/TrEMBL,1.0,Active
J3QRU9,UniProtKB/TrEMBL,1.0,Active
Q8N6P3,UniProtKB/TrEMBL,1.0,Active
Q30KR1,UniProtKB/Swiss-Prot,3.0,Active
C9J8I7,UniProtKB/TrEMBL,1.0,Active
F8VNX4,UniProtKB/TrEMBL,1.0,Active
E9PNN8,UniProtKB/TrEMBL,1.0,Active
A0A5C2GRZ9,UniProtKB/TrEMBL,1.0,Active
Q8TBM7,UniProtKB/Swiss-Prot,5.0,Active
Q7L4N0,UniProtKB/TrEMBL,2.0,Active
F8WAG1,UniProtKB/TrEMBL,1.0,Active
F8WF40,UniProtKB/TrEMBL,1.0,Active
F8WE99,UniProtKB/TrEMBL,1.0,Active
K7EIH4,UniProtKB/TrEMBL,1.0,Active
L8E851,UniProtKB/TrEMBL,1.0,Active
Q9UM13,UniProtKB/Swiss-Prot,5.0,Active
S4R3D6,UniProtKB/TrEMBL,1.0,Active
Q9NSX9,UniProtKB/TrEMBL,1.0,Active
E9PLW6,UniProtKB/TrEMBL,2.0,Active
B4DFH2,UniProtKB/TrEMBL,1.0,Active
Q6ZPD0,UniProtKB/TrEMBL,1.0,Active
A0A6B9XMH6,UniProtKB/TrEMBL,1.0,Active
A0A5C2G6V5,UniProtKB/TrEMBL,1.0,Active
P25800,UniProtKB/Swiss-Prot,5.0,Active
Q6LAF9,UniProtKB/TrEMBL,2.0,Active
O60250,UniProtKB/TrEMBL,1.0,Active
H3BQA9,UniProtKB/TrEMBL,1.0,Active
B3KS91,UniProtKB/TrEMBL,1.0,Active
A0A2R8YDY7,UniProtKB/TrEMBL,3.0,Active
O78094,UniProtKB/TrEMBL,1.0,Active
I3L536,UniProtKB/TrEMBL,2.0,Active
S4R2Z2,UniProtKB/TrEMBL,1.0,Active
E5RHU4,UniProtKB/TrEMBL,1.0,Active
U3KPR9,UniProtKB/TrEMBL,1.0,Active
C9JKV5,UniProtKB/TrEMBL,1.0,Active
A0A7P0T967,UniProtKB/TrEMBL,2.0,Active
H7C449,UniProtKB/TrEMBL,1.0,Active
A0A5C2GRK4,UniProtKB/TrEMBL,1.0,Active
J3KNB4,UniProtKB/TrEMBL,2.0,Active
Q6UVH2,UniProtKB/TrEMBL,2.0,Active
H0YEK7,UniProtKB/TrEMBL,3.0,Active
H0Y973,UniProtKB/TrEMBL,1.0,Active
Q8N5G0,UniProtKB/Swiss-Prot,5.0,Active
F5GYQ3,UniProtKB/TrEMBL,1.0,Active
E9PP61,UniProtKB/TrEMBL,1.0,Active
A0A590UJ37,UniProtKB/TrEMBL,1.0,Active
J3KNZ4,UniProtKB/TrEMBL,1.0,Active
U3KQN2,UniProtKB/TrEMBL,1.0,Active
A0A4D5RAH1,UniProtKB/TrEMBL,3.0,Active
Q5QPM1,UniProtKB/TrEMBL,1.0,Active
H7BZ82,UniProtKB/TrEMBL,1.0,Active
G3V3G6,UniProtKB/TrEMBL,1.0,Active
P59282,UniProtKB/Swiss-Prot,4.0,Active
A8MUH3,UniProtKB/TrEMBL,3.0,Active
C9JNE5,UniProtKB/TrEMBL,1.0,Active
F5H4Q8,UniProtKB/TrEMBL,2.0,Active
F5GXE1,UniProtKB/TrEMBL,1.0,Active
F2Z2H5,UniProtKB/TrEMBL,1.0,Active
Q9Y3D5,UniProtKB/Swiss-Prot,3.0,Active
A0A7S5BY87,UniProtKB/TrEMBL,1.0,Active
H7C290,UniProtKB/TrEMBL,1.0,Active
H0YDP2,UniProtKB/TrEMBL,1.0,Active
A1YZJ6,UniProtKB/TrEMBL,1.0,Active
A0A1W2PQS3,UniProtKB/TrEMBL,3.0,Active
K7EMR1,UniProtKB/TrEMBL,1.0,Active
C9JM66,UniProtKB/TrEMBL,1.0,Active
C9J7J4,UniProtKB/TrEMBL,1.0,Active
B4DMS5,UniProtKB/TrEMBL,2.0,Active
A0A140T926,UniProtKB/TrEMBL,1.0,Active
A0A0U1RQW1,UniProtKB/TrEMBL,1.0,Active
B1AHD1,UniProtKB/TrEMBL,2.0,Active
A0A024DAT2,UniProtKB/TrEMBL,1.0,Active
B4DHE4,UniProtKB/TrEMBL,1.0,Active
L8E9W3,UniProtKB/TrEMBL,1.0,Active
A0A087WYH1,UniProtKB/TrEMBL,1.0,Active
A0A5C2G6X8,UniProtKB/TrEMBL,1.0,Active
F5GXT5,UniProtKB/TrEMBL,1.0,Active
A0A7I2V5G2,UniProtKB/TrEMBL,1.0,Active
F2Z2A4,UniProtKB/TrEMBL,2.0,Active
L8ECH6,UniProtKB/TrEMBL,1.0,Active
F5GX86,UniProtKB/TrEMBL,1.0,Active
Q9BZ97,UniProtKB/Swiss-Prot,2.0,Active
C9JIJ5,UniProtKB/TrEMBL,1.0,Active
Q6PJX4,UniProtKB/TrEMBL,2.0,Active
L8E838,UniProtKB/TrEMBL,1.0,Active
B4E1U3,UniProtKB/TrEMBL,1.0,Active
B2R4D8,UniProtKB/TrEMBL,2.0,Active
C9JWI5,UniProtKB/TrEMBL,1.0,Active
Q9H3S9,UniProtKB/TrEMBL,2.0,Active
Q9Y6J6,UniProtKB/Swiss-Prot,5.0,Active
A0A494C113,UniProtKB/TrEMBL,2.0,Active
A0A1B0GVI9,UniProtKB/TrEMBL,3.0,Active
B7Z1Y5,UniProtKB/TrEMBL,1.0,Active
K7EK93,UniProtKB/TrEMBL,1.0,Active
A0A7I2V558,UniProtKB/TrEMBL,1.0,Active
D6RJA2,UniProtKB/TrEMBL,1.0,Active
A0A0A0MSP5,UniProtKB/TrEMBL,1.0,Active
I3XIE4,UniProtKB/TrEMBL,1.0,Active
F5H136,UniProtKB/TrEMBL,2.0,Active
H0YGI8,UniProtKB/TrEMBL,1.0,Active
C9JH16,UniProtKB/TrEMBL,1.0,Active
Q9NZ00,UniProtKB/TrEMBL,1.0,Active
B0QY74,UniProtKB/TrEMBL,2.0,Active
K7EN79,UniProtKB/TrEMBL,1.0,Active
C9JUP3,UniProtKB/TrEMBL,2.0,Active
A0A5C2GAX5,UniProtKB/TrEMBL,1.0,Active
C9J4V0,UniProtKB/TrEMBL,3.0,Active
A0A0K2FPC3,UniProtKB/TrEMBL,2.0,Active
F8WCI9,UniProtKB/TrEMBL,1.0,Active
L8EC81,UniProtKB/TrEMBL,1.0,Active
B4DNH3,UniProtKB/TrEMBL,1.0,Active
L0R6F6,UniProtKB/TrEMBL,1.0,Active
E9PRD7,UniProtKB/TrEMBL,1.0,Active
Q8N731,UniProtKB/TrEMBL,1.0,Active
B4DP32,UniProtKB/TrEMBL,1.0,Active
A0A7G8LS82,UniProtKB/TrEMBL,1.0,Active
A0A0R5RI69,UniProtKB/TrEMBL,1.0,Active
Q9UQ59,UniProtKB/TrEMBL,2.0,Active
Q6FHK1,UniProtKB/TrEMBL,1.0,Active
A0A7I2V422,UniProtKB/TrEMBL,2.0,Active
Q2EF79,UniProtKB/TrEMBL,1.0,Active
A0A2Z4QJC8,UniProtKB/TrEMBL,1.0,Active
B4DPN1,UniProtKB/TrEMBL,1.0,Active
A0A6Q8PGX0,UniProtKB/TrEMBL,2.0,Active
Q8IX17,UniProtKB/TrEMBL,1.0,Active
Q6XGZ2,UniProtKB/TrEMBL,1.0,Active
F8WF46,UniProtKB/TrEMBL,1.0,Active
A2NHJ0,UniProtKB/TrEMBL,2.0,Active
J3QLH2,UniProtKB/TrEMBL,1.0,Active
Q5JXD3,UniProtKB/TrEMBL,2.0,Active
K7EQP3,UniProtKB/TrEMBL,1.0,Active
Q6UXQ4,UniProtKB/Swiss-Prot,1.0,Active
D2Y6X7,UniProtKB/TrEMBL,1.0,Active
A0A4D5RAT3,UniProtKB/TrEMBL,1.0,Active
D6RGJ1,UniProtKB/TrEMBL,1.0,Active
A0A0S2Z3T2,UniProtKB/TrEMBL,3.0,Active
H7BZI8,UniProtKB/TrEMBL,2.0,Active
F5H044,UniProtKB/TrEMBL,1.0,Active
Q9NT06,UniProtKB/TrEMBL,2.0,Active
I3L4P0,UniProtKB/TrEMBL,1.0,Active
O15239,UniProtKB/Swiss-Prot,5.0,Active
Q1ED46,UniProtKB/TrEMBL,1.0,Active
A0A494C195,UniProtKB/TrEMBL,1.0,Active
G3V353,UniProtKB/TrEMBL,2.0,Active
A0A5C2GE85,UniProtKB/TrEMBL,1.0,Active
Q75M93,UniProtKB/TrEMBL,1.0,Active
Q8TE88,UniProtKB/TrEMBL,1.0,Active
H7C1F6,UniProtKB/TrEMBL,1.0,Active
Q86UJ1,UniProtKB/TrEMBL,1.0,Active
C9K0A9,UniProtKB/TrEMBL,1.0,Active
F8W1W1,UniProtKB/TrEMBL,1.0,Active
S6FW08,UniProtKB/TrEMBL,1.0,Active
A0A5C2GDM5,UniProtKB/TrEMBL,1.0,Active
Q9H302,UniProtKB/TrEMBL,2.0,Active
M4X2U0,UniProtKB/TrEMBL,1.0,Active
A0A0U1RR17,UniProtKB/TrEMBL,2.0,Active
K7EKR2,UniProtKB/TrEMBL,1.0,Active
F5GZR7,UniProtKB/TrEMBL,2.0,Active
E9PQ34,UniProtKB/TrEMBL,1.0,Active
A0A590UK94,UniProtKB/TrEMBL,2.0,Active
Q003V1,UniProtKB/TrEMBL,1.0,Active
P39877,UniProtKB/Swiss-Prot,5.0,Active
E9PJ80,UniProtKB/TrEMBL,1.0,Active
L8E953,UniProtKB/TrEMBL,1.0,Active
B3KS44,UniProtKB/TrEMBL,1.0,Active
F5GZY6,UniProtKB/TrEMBL,1.0,Active
A0A1W2PNV1,UniProtKB/TrEMBL,2.0,Active
Q86U41,UniProtKB/TrEMBL,1.0,Active
E5RIU6,UniProtKB/TrEMBL,2.0,Active
A0A5C2GF51,UniProtKB/TrEMBL,1.0,Active
E5RFE0,UniProtKB/TrEMBL,1.0,Active
Q96RV5,UniProtKB/TrEMBL,1.0,Active
A0A7S5C376,UniProtKB/TrEMBL,1.0,Active
H0YJ67,UniProtKB/TrEMBL,2.0,Active
F8VX48,UniProtKB/TrEMBL,1.0,Active
E9PM99,UniProtKB/TrEMBL,1.0,Active
I3L3Q3,UniProtKB/TrEMBL,1.0,Active
P56279,UniProtKB/Swiss-Prot,5.0,Active
A0A0H3W5H9,UniProtKB/TrEMBL,2.0,Active
A0A0B6XJY0,UniProtKB/TrEMBL,1.0,Active
B4E0G5,UniProtKB/TrEMBL,1.0,Active
Q5VVQ7,UniProtKB/TrEMBL,1.0,Active
P18510,UniProtKB/Swiss-Prot,5.0,Active
H0YKT4,UniProtKB/TrEMBL,1.0,Active
Q8ND77,UniProtKB/TrEMBL,1.0,Active
M0R2K7,UniProtKB/TrEMBL,2.0,Active
M0R3A2,UniProtKB/TrEMBL,1.0,Active
Q6PEV9,UniProtKB/TrEMBL,1.0,Active
A3KMF7,UniProtKB/TrEMBL,1.0,Active
E9PHZ8,UniProtKB/TrEMBL,1.0,Active
E9PM97,UniProtKB/TrEMBL,1.0,Active
Q6NW29,UniProtKB/Swiss-Prot,3.0,Active
E5RIV8,UniProtKB/TrEMBL,1.0,Active
H3BRM9,UniProtKB/TrEMBL,1.0,Active
A2JGV3,UniProtKB/Swiss-Prot,1.0,Active
J3KS70,UniProtKB/TrEMBL,1.0,Active
A0A804HLA4,UniProtKB/TrEMBL,1.0,Active
B3KW72,UniProtKB/TrEMBL,1.0,Active
Q5T190,UniProtKB/TrEMBL,2.0,Active
V9GXZ9,UniProtKB/TrEMBL,2.0,Active
K7EQ46,UniProtKB/TrEMBL,1.0,Active
A2RRP7,UniProtKB/TrEMBL,1.0,Active
X2F926,UniProtKB/TrEMBL,1.0,Active
A0A0C4DGE3,UniProtKB/TrEMBL,1.0,Active
M0R0K6,UniProtKB/TrEMBL,1.0,Active
H0YD98,UniProtKB/TrEMBL,1.0,Active
D6RE92,UniProtKB/TrEMBL,1.0,Active
C9JY51,UniProtKB/TrEMBL,1.0,Active
A0A1B1PFV3,UniProtKB/TrEMBL,1.0,Active
H3BMD2,UniProtKB/TrEMBL,1.0,Active
M0R108,UniProtKB/TrEMBL,1.0,Active
Q96E14,UniProtKB/Swiss-Prot,5.0,Active
I3L4B8,UniProtKB/TrEMBL,1.0,Active
C9J151,UniProtKB/TrEMBL,1.0,Active
P15954,UniProtKB/Swiss-Prot,5.0,Active
A0A5C2G8F9,UniProtKB/TrEMBL,1.0,Active
Q9BV81,UniProtKB/Swiss-Prot,5.0,Active
E5RJB6,UniProtKB/TrEMBL,1.0,Active
A0A2R8YEU0,UniProtKB/TrEMBL,1.0,Active
H3BSD4,UniProtKB/TrEMBL,1.0,Active
D6REJ4,UniProtKB/TrEMBL,1.0,Active
A0A5C0NTB8,UniProtKB/TrEMBL,1.0,Active
Q5JYE8,UniProtKB/TrEMBL,2.0,Active
B4DNQ2,UniProtKB/TrEMBL,1.0,Active
A0A6Q8PGC0,UniProtKB/TrEMBL,1.0,Active
O43649,UniProtKB/TrEMBL,1.0,Active
C9JGS4,UniProtKB/TrEMBL,1.0,Active
Q9H362,UniProtKB/TrEMBL,1.0,Active
H0YLS3,UniProtKB/TrEMBL,1.0,Active
B4E2F1,UniProtKB/TrEMBL,1.0,Active
N0E466,UniProtKB/TrEMBL,2.0,Active
C9JYW4,UniProtKB/TrEMBL,1.0,Active
K7ER50,UniProtKB/TrEMBL,2.0,Active
Q8WYD6,UniProtKB/TrEMBL,1.0,Active
F5H321,UniProtKB/TrEMBL,1.0,Active
Q8N8S2,UniProtKB/TrEMBL,1.0,Active
D6RAC0,UniProtKB/TrEMBL,1.0,Active
J3KSK1,UniProtKB/TrEMBL,1.0,Active
H0Y9L8,UniProtKB/TrEMBL,2.0,Active
Q4W5P6,UniProtKB/Swiss-Prot,3.0,Active
Q93091,UniProtKB/Swiss-Prot,5.0,Active
Q96CY7,UniProtKB/TrEMBL,1.0,Active
B4DHX7,UniProtKB/TrEMBL,2.0,Active
A0A3B3ITT6,UniProtKB/TrEMBL,1.0,Active
K9MV98,UniProtKB/TrEMBL,2.0,Active
Q07277,UniProtKB/TrEMBL,1.0,Active
H0YK91,UniProtKB/TrEMBL,1.0,Active
A0A5C2GAE1,UniProtKB/TrEMBL,1.0,Active
Q9BZU1,UniProtKB/TrEMBL,1.0,Active
A0A7I2V5Q9,UniProtKB/TrEMBL,1.0,Active
B1AMX8,UniProtKB/TrEMBL,1.0,Active
A0A1B0GTH7,UniProtKB/TrEMBL,1.0,Active
F8W0J4,UniProtKB/TrEMBL,2.0,Active
O19682,UniProtKB/TrEMBL,1.0,Active
K7ENL8,UniProtKB/TrEMBL,1.0,Active
C9JVM2,UniProtKB/TrEMBL,2.0,Active
H7BXI7,UniProtKB/TrEMBL,1.0,Active
Q5T0R5,UniProtKB/TrEMBL,1.0,Active
H0Y3L3,UniProtKB/TrEMBL,1.0,Active
M0R074,UniProtKB/TrEMBL,1.0,Active
Q5HYL7,UniProtKB/Swiss-Prot,4.0,Active
B4DRB9,UniProtKB/TrEMBL,1.0,Active
K7EMP9,UniProtKB/TrEMBL,1.0,Active
Q14732,UniProtKB/TrEMBL,1.0,Active
W8JE22,UniProtKB/TrEMBL,1.0,Active
B4DLM6,UniProtKB/TrEMBL,1.0,Active
A0A494C1N5,UniProtKB/TrEMBL,2.0,Active
A0A5C2GPQ6,UniProtKB/TrEMBL,1.0,Active
F5H5Q8,UniProtKB/TrEMBL,1.0,Active
Q53FR9,UniProtKB/TrEMBL,2.0,Active
A0A7I2V4J1,UniProtKB/TrEMBL,1.0,Active
Q4LBD0,UniProtKB/TrEMBL,2.0,Active
Q5T1J1,UniProtKB/TrEMBL,3.0,Active
I3L4V2,UniProtKB/TrEMBL,1.0,Active
L8E8K5,UniProtKB/TrEMBL,1.0,Active
P61626,UniProtKB/Swiss-Prot,5.0,Active
Q96MX0,UniProtKB/Swiss-Prot,5.0,Active
H3BRG3,UniProtKB/TrEMBL,1.0,Active
A0A5C2GB12,UniProtKB/TrEMBL,1.0,Active
L8E745,UniProtKB/TrEMBL,1.0,Active
A0A0C4DGM0,UniProtKB/TrEMBL,2.0,Active
H7C0T6,UniProtKB/TrEMBL,1.0,Active
A0A5C2GI82,UniProtKB/TrEMBL,1.0,Active
D6REA2,UniProtKB/TrEMBL,1.0,Active
Q58P21,UniProtKB/TrEMBL,2.0,Active
K7EP73,UniProtKB/TrEMBL,2.0,Active
A0A024R9B7,UniProtKB/TrEMBL,2.0,Active
H7C4P5,UniProtKB/TrEMBL,1.0,Active
L8E7C0,UniProtKB/TrEMBL,1.0,Active
Q6P714,UniProtKB/TrEMBL,1.0,Active
B7Z1W5,UniProtKB/TrEMBL,2.0,Active
D6RCC1,UniProtKB/TrEMBL,1.0,Active
F8VP67,UniProtKB/TrEMBL,2.0,Active
C9IZC3,UniProtKB/TrEMBL,1.0,Active
J3QQQ3,UniProtKB/TrEMBL,1.0,Active
C9JS83,UniProtKB/TrEMBL,2.0,Active
A0A7I2V2N0,UniProtKB/TrEMBL,1.0,Active
A0A224B028,UniProtKB/TrEMBL,3.0,Active
F5GZ99,UniProtKB/TrEMBL,1.0,Active
R4GNF8,UniProtKB/TrEMBL,1.0,Active
A0A7I2V2Q1,UniProtKB/TrEMBL,1.0,Active
H0YGR1,UniProtKB/TrEMBL,1.0,Active
D6RCB3,UniProtKB/TrEMBL,1.0,Active
Q8IXH0,UniProtKB/TrEMBL,1.0,Active
H3BR65,UniProtKB/TrEMBL,1.0,Active
A0A7I2V500,UniProtKB/TrEMBL,2.0,Active
H7C0Y1,UniProtKB/TrEMBL,1.0,Active
Q6JVE5,UniProtKB/Swiss-Prot,2.0,Active
H7C537,UniProtKB/TrEMBL,1.0,Active
Q5JXC5,UniProtKB/TrEMBL,1.0,Active
Q5TA15,UniProtKB/TrEMBL,2.0,Active
K7ELK8,UniProtKB/TrEMBL,1.0,Active
E7EX18,UniProtKB/TrEMBL,2.0,Active
Q59H58,UniProtKB/TrEMBL,1.0,Active
A0A3B3ITZ7,UniProtKB/TrEMBL,1.0,Active
F5H7B9,UniProtKB/TrEMBL,1.0,Active
A0A5C2GG64,UniProtKB/TrEMBL,1.0,Active
A0A804HKU6,UniProtKB/TrEMBL,1.0,Active
A8CGI6,UniProtKB/TrEMBL,1.0,Active
P47992,UniProtKB/Swiss-Prot,5.0,Active
Q16878,UniProtKB/Swiss-Prot,5.0,Active
M0QYU5,UniProtKB/TrEMBL,1.0,Active
Q96PT0,UniProtKB/TrEMBL,1.0,Active
A0A5C2GAR2,UniProtKB/TrEMBL,1.0,Active
P25791,UniProtKB/Swiss-Prot,5.0,Active
Q86T20,UniProtKB/Swiss-Prot,3.0,Active
L8EAB4,UniProtKB/TrEMBL,1.0,Active
B4DZN5,UniProtKB/TrEMBL,2.0,Active
D6RGE8,UniProtKB/TrEMBL,1.0,Active
A0A0G2JJT9,UniProtKB/TrEMBL,1.0,Active
V9GY04,UniProtKB/TrEMBL,1.0,Active
A0A087WVZ0,UniProtKB/TrEMBL,2.0,Active
H7C5S9,UniProtKB/TrEMBL,1.0,Active
Q5W0J0,UniProtKB/TrEMBL,1.0,Active
A8K3F7,UniProtKB/TrEMBL,2.0,Active
Q8NHG7,UniProtKB/Swiss-Prot,5.0,Active
C9JPD5,UniProtKB/TrEMBL,1.0,Active
H7C032,UniProtKB/TrEMBL,2.0,Active
G1UI30,UniProtKB/TrEMBL,1.0,Active
A8WI62,UniProtKB/TrEMBL,1.0,Active
H6SG13,UniProtKB/TrEMBL,2.0,Active
R4GMS3,UniProtKB/TrEMBL,1.0,Active
J3KSF7,UniProtKB/TrEMBL,1.0,Active
F8VR33,UniProtKB/TrEMBL,1.0,Active
A0A5C2G550,UniProtKB/TrEMBL,1.0,Active
F5H1T2,UniProtKB/TrEMBL,1.0,Active
A6PW58,UniProtKB/TrEMBL,1.0,Active
Q96HZ0,UniProtKB/TrEMBL,1.0,Active
A0A7S5EWT9,UniProtKB/TrEMBL,1.0,Active
G3V5F7,UniProtKB/TrEMBL,2.0,Active
K4JTT6,UniProtKB/TrEMBL,1.0,Active
A0A1B1HY30,UniProtKB/TrEMBL,1.0,Active
Q16867,UniProtKB/TrEMBL,1.0,Active
Q5T3R7,UniProtKB/TrEMBL,1.0,Active
O95332,UniProtKB/TrEMBL,1.0,Active
A0A2I2MP57,UniProtKB/TrEMBL,1.0,Active
J3KP26,UniProtKB/TrEMBL,1.0,Active
V5N4G2,UniProtKB/TrEMBL,1.0,Active
B4DUY7,UniProtKB/TrEMBL,1.0,Active
Q2XUS2,UniProtKB/TrEMBL,1.0,Active
Q9UKJ5,UniProtKB/Swiss-Prot,5.0,Active
M0R0W0,UniProtKB/TrEMBL,1.0,Active
P24522,UniProtKB/Swiss-Prot,5.0,Active
H0YI66,UniProtKB/TrEMBL,1.0,Active
M0QYK5,UniProtKB/TrEMBL,1.0,Active
D3WZ00,UniProtKB/TrEMBL,2.0,Active
O43169,UniProtKB/Swiss-Prot,5.0,Active
C9JQN1,UniProtKB/TrEMBL,1.0,Active
A0A1B0GUY7,UniProtKB/TrEMBL,2.0,Active
O95214,UniProtKB/Swiss-Prot,5.0,Active
Q9H353,UniProtKB/TrEMBL,1.0,Active
A0A0S2Z3Z7,UniProtKB/TrEMBL,1.0,Active
J3QLC1,UniProtKB/TrEMBL,1.0,Active
C9JA90,UniProtKB/TrEMBL,1.0,Active
P30049,UniProtKB/Swiss-Prot,5.0,Active
Q5JVC0,UniProtKB/TrEMBL,1.0,Active
H0YEH8,UniProtKB/TrEMBL,1.0,Active
D6RF83,UniProtKB/TrEMBL,1.0,Active
A0A7S5EW28,UniProtKB/TrEMBL,1.0,Active
A2NZL2,UniProtKB/TrEMBL,1.0,Active
F6W2C3,UniProtKB/TrEMBL,1.0,Active
Q8WXJ4,UniProtKB/TrEMBL,1.0,Active
A0A2L0A456,UniProtKB/TrEMBL,1.0,Active
A0A494C0I6,UniProtKB/TrEMBL,1.0,Active
A2IDC7,UniProtKB/TrEMBL,2.0,Active
H3BRZ1,UniProtKB/TrEMBL,1.0,Active
Q8WZA0,UniProtKB/Swiss-Prot,3.0,Active
H0YA00,UniProtKB/TrEMBL,1.0,Active
J3KTQ6,UniProtKB/TrEMBL,2.0,Active
B7Z6A1,UniProtKB/TrEMBL,2.0,Active
A0A7I2YQP4,UniProtKB/TrEMBL,1.0,Active
E9PS35,UniProtKB/TrEMBL,1.0,Active
Q495G6,UniProtKB/TrEMBL,1.0,Active
A0A0B4J2G5,UniProtKB/TrEMBL,1.0,Active
Q9BTL0,UniProtKB/TrEMBL,1.0,Active
A0A087WW29,UniProtKB/TrEMBL,1.0,Active
Q30KQ7,UniProtKB/Swiss-Prot,2.0,Active
E9PK30,UniProtKB/TrEMBL,1.0,Active
A8K878,UniProtKB/TrEMBL,2.0,Active
E7ESG8,UniProtKB/TrEMBL,2.0,Active
E5RFJ6,UniProtKB/TrEMBL,1.0,Active
Q01523,UniProtKB/Swiss-Prot,5.0,Active
F5H285,UniProtKB/TrEMBL,1.0,Active
O43676,UniProtKB/Swiss-Prot,5.0,Active
Q13818,UniProtKB/TrEMBL,1.0,Active
C9JRR9,UniProtKB/TrEMBL,1.0,Active
A0A4P8J6K4,UniProtKB/TrEMBL,1.0,Active
B4DHQ0,UniProtKB/TrEMBL,1.0,Active
C9JC88,UniProtKB/TrEMBL,1.0,Active
Q5K618,UniProtKB/TrEMBL,1.0,Active
K7EKQ4,UniProtKB/TrEMBL,1.0,Active
B7Z317,UniProtKB/TrEMBL,2.0,Active
B4DJN9,UniProtKB/TrEMBL,1.0,Active
C9J7V6,UniProtKB/TrEMBL,1.0,Active
C9J3M5,UniProtKB/TrEMBL,1.0,Active
H3BUB4,UniProtKB/TrEMBL,2.0,Active
M0R123,UniProtKB/TrEMBL,1.0,Active
Q9BTM9,UniProtKB/Swiss-Prot,5.0,Active
H0YDM5,UniProtKB/TrEMBL,1.0,Active
A0A5C2G5Q0,UniProtKB/TrEMBL,1.0,Active
A0A0B4J214,UniProtKB/TrEMBL,1.0,Active
A0A0S2Z564,UniProtKB/TrEMBL,1.0,Active
E5RHC2,UniProtKB/TrEMBL,2.0,Active
P63272,UniProtKB/Swiss-Prot,5.0,Active
Q86TY5,UniProtKB/TrEMBL,2.0,Active
K7EQR8,UniProtKB/TrEMBL,1.0,Active
Q9P0P0,UniProtKB/Swiss-Prot,5.0,Active
K7ENQ2,UniProtKB/TrEMBL,1.0,Active
E5RHE4,UniProtKB/TrEMBL,1.0,Active
Q9NYD4,UniProtKB/TrEMBL,1.0,Active
L8ECG5,UniProtKB/TrEMBL,1.0,Active
Q9UKK0,UniProtKB/TrEMBL,1.0,Active
Q8WVK7,UniProtKB/Swiss-Prot,5.0,Active
C9J9X1,UniProtKB/TrEMBL,1.0,Active
D6RB97,UniProtKB/TrEMBL,1.0,Active
H0YAW8,UniProtKB/TrEMBL,1.0,Active
U3KQ77,UniProtKB/TrEMBL,2.0,Active
B0QY56,UniProtKB/TrEMBL,2.0,Active
A0A096LPB8,UniProtKB/TrEMBL,1.0,Active
D6RF20,UniProtKB/TrEMBL,2.0,Active
B4XZE3,UniProtKB/TrEMBL,1.0,Active
A0A0A0MTT8,UniProtKB/TrEMBL,1.0,Active
C9J871,UniProtKB/TrEMBL,1.0,Active
L8EAV1,UniProtKB/TrEMBL,1.0,Active
A0A0H3W617,UniProtKB/TrEMBL,2.0,Active
A0A087WWB7,UniProtKB/TrEMBL,1.0,Active
Q9NRJ3,UniProtKB/Swiss-Prot,5.0,Active
R4S3H9,UniProtKB/TrEMBL,1.0,Active
D3VVE7,UniProtKB/TrEMBL,2.0,Active
Q53TF1,UniProtKB/TrEMBL,1.0,Active
B2R9B9,UniProtKB/TrEMBL,1.0,Active
Q9UE84,UniProtKB/TrEMBL,1.0,Active
E9PJX0,UniProtKB/TrEMBL,2.0,Active
O75440,UniProtKB/TrEMBL,1.0,Active
M0R1N9,UniProtKB/TrEMBL,2.0,Active
J3QS62,UniProtKB/TrEMBL,1.0,Active
A2A2E7,UniProtKB/TrEMBL,1.0,Active
E5RJV7,UniProtKB/TrEMBL,1.0,Active
B4E0I1,UniProtKB/TrEMBL,1.0,Active
F8W0A3,UniProtKB/TrEMBL,1.0,Active
A0A087WYU2,UniProtKB/TrEMBL,1.0,Active
Q69YQ6,UniProtKB/TrEMBL,1.0,Active
G4V503,UniProtKB/TrEMBL,1.0,Active
I3L4Y9,UniProtKB/TrEMBL,1.0,Active
D3DVG2,UniProtKB/TrEMBL,1.0,Active
A0A494C1D8,UniProtKB/TrEMBL,1.0,Active
A0A286S6D8,UniProtKB/TrEMBL,1.0,Active
A0A7S5C1R1,UniProtKB/TrEMBL,1.0,Active
Q5JW48,UniProtKB/TrEMBL,1.0,Active
Q6FGH4,UniProtKB/TrEMBL,1.0,Active
D6RBL6,UniProtKB/TrEMBL,1.0,Active
Q9P2Z7,UniProtKB/TrEMBL,2.0,Active
C9JCI2,UniProtKB/TrEMBL,2.0,Active
L8E8H4,UniProtKB/TrEMBL,1.0,Active
A2A3U5,UniProtKB/TrEMBL,2.0,Active
F8WBH2,UniProtKB/TrEMBL,1.0,Active
D6RBC5,UniProtKB/TrEMBL,2.0,Active
A0A0D9SFK9,UniProtKB/TrEMBL,1.0,Active
H0YBG2,UniProtKB/TrEMBL,1.0,Active
B4DEY5,UniProtKB/TrEMBL,1.0,Active
H3BQT1,UniProtKB/TrEMBL,1.0,Active
X5D7S4,UniProtKB/TrEMBL,1.0,Active
E9PQX8,UniProtKB/TrEMBL,1.0,Active
I3L0M3,UniProtKB/TrEMBL,1.0,Active
B7Z581,UniProtKB/TrEMBL,2.0,Active
D6RC94,UniProtKB/TrEMBL,1.0,Active
Q9NRX6,UniProtKB/Swiss-Prot,5.0,Active
F8W6J7,UniProtKB/TrEMBL,1.0,Active
A0A087WUY2,UniProtKB/TrEMBL,2.0,Active
D6RJE7,UniProtKB/TrEMBL,2.0,Active
Q9H8F6,UniProtKB/TrEMBL,1.0,Active
L8E7Z2,UniProtKB/TrEMBL,1.0,Active
H0YGE3,UniProtKB/TrEMBL,1.0,Active
D6RAU8,UniProtKB/TrEMBL,2.0,Active
C9JK30,UniProtKB/TrEMBL,2.0,Active
A0A087X0E7,UniProtKB/TrEMBL,1.0,Active
H0YNP7,UniProtKB/TrEMBL,1.0,Active
K7EJ46,UniProtKB/Swiss-Prot,5.0,Active
F5H2F2,UniProtKB/TrEMBL,2.0,Active
A0A7P0Z409,UniProtKB/TrEMBL,1.0,Active
Q5SSC6,UniProtKB/TrEMBL,1.0,Active
Q8NI85,UniProtKB/TrEMBL,1.0,Active
D6RA00,UniProtKB/TrEMBL,1.0,Active
B3KWQ7,UniProtKB/TrEMBL,1.0,Active
A0A087WTC8,UniProtKB/TrEMBL,1.0,Active
C9IZK7,UniProtKB/TrEMBL,1.0,Active
F8T7W8,UniProtKB/TrEMBL,1.0,Active
A0A2R8YGF8,UniProtKB/TrEMBL,1.0,Active
Q8N9N1,UniProtKB/TrEMBL,1.0,Active
Q68DJ8,UniProtKB/TrEMBL,1.0,Active
E7EMH4,UniProtKB/TrEMBL,1.0,Active
M0QYV0,UniProtKB/TrEMBL,1.0,Active
F5GXP8,UniProtKB/TrEMBL,3.0,Active
A0A0C5K8I6,UniProtKB/TrEMBL,1.0,Active
B4DTU9,UniProtKB/TrEMBL,1.0,Active
A2T3X1,UniProtKB/TrEMBL,1.0,Active
Q8WZ13,UniProtKB/TrEMBL,1.0,Active
F5H5E8,UniProtKB/TrEMBL,2.0,Active
A0A2R8Y580,UniProtKB/TrEMBL,1.0,Active
J3KS50,UniProtKB/TrEMBL,1.0,Active
H7C1V2,UniProtKB/TrEMBL,1.0,Active
A0A0S2Z4R5,UniProtKB/TrEMBL,1.0,Active
K7EPE8,UniProtKB/TrEMBL,1.0,Active
A0A7T0LNK2,UniProtKB/TrEMBL,1.0,Active
L8E737,UniProtKB/TrEMBL,1.0,Active
G3V332,UniProtKB/TrEMBL,1.0,Active
B4DP16,UniProtKB/TrEMBL,1.0,Active
Q6P602,UniProtKB/TrEMBL,2.0,Active
F8WDR0,UniProtKB/TrEMBL,1.0,Active
Q8NI83,UniProtKB/TrEMBL,1.0,Active
D6RAH3,UniProtKB/TrEMBL,1.0,Active
Q5SW23,UniProtKB/TrEMBL,2.0,Active
B7Z9U0,UniProtKB/TrEMBL,2.0,Active
Q5H9L1,UniProtKB/TrEMBL,1.0,Active
J3KNE6,UniProtKB/TrEMBL,2.0,Active
A0A1B1HY14,UniProtKB/TrEMBL,1.0,Active
A0A7I2V5N6,UniProtKB/TrEMBL,2.0,Active
H0YNK7,UniProtKB/TrEMBL,1.0,Active
Q4LDR2,UniProtKB/Swiss-Prot,5.0,Active
V9GY76,UniProtKB/TrEMBL,1.0,Active
D3YTD3,UniProtKB/TrEMBL,1.0,Active
P62841,UniProtKB/Swiss-Prot,5.0,Active
A2A3D9,UniProtKB/TrEMBL,1.0,Active
Q580I3,UniProtKB/TrEMBL,1.0,Active
Q9UE33,UniProtKB/TrEMBL,1.0,Active
I3L0V7,UniProtKB/TrEMBL,1.0,Active
K7EP44,UniProtKB/TrEMBL,1.0,Active
B6VB31,UniProtKB/TrEMBL,1.0,Active
M0QXW6,UniProtKB/TrEMBL,1.0,Active
O14855,UniProtKB/TrEMBL,1.0,Active
E5RGV0,UniProtKB/TrEMBL,1.0,Active
Q5TDE9,UniProtKB/TrEMBL,1.0,Active
Q75MD2,UniProtKB/TrEMBL,1.0,Active
A0A7T0PXH4,UniProtKB/TrEMBL,1.0,Active
S4R357,UniProtKB/TrEMBL,1.0,Active
Q8WXC3,UniProtKB/Swiss-Prot,5.0,Active
A0A5C2GAR7,UniProtKB/TrEMBL,1.0,Active
B3KVT4,UniProtKB/TrEMBL,1.0,Active
Q5T187,UniProtKB/TrEMBL,1.0,Active
L8ECK2,UniProtKB/TrEMBL,1.0,Active
Q9H369,UniProtKB/TrEMBL,1.0,Active
A0A5C2G8Z8,UniProtKB/TrEMBL,1.0,Active
K7ESN5,UniProtKB/TrEMBL,1.0,Active
O95167,UniProtKB/Swiss-Prot,5.0,Active
A0A7H1D2R2,UniProtKB/TrEMBL,1.0,Active
A0A0A0MSG8,UniProtKB/TrEMBL,2.0,Active
A0A804HLA8,UniProtKB/Swiss-Prot,3.0,Active
H0Y7I1,UniProtKB/TrEMBL,1.0,Active
C9JM95,UniProtKB/TrEMBL,1.0,Active
A0A1B0GTU2,UniProtKB/Swiss-Prot,1.0,Active
F8WE71,UniProtKB/TrEMBL,1.0,Active
E9PJZ5,UniProtKB/TrEMBL,1.0,Active
P24311,UniProtKB/Swiss-Prot,5.0,Active
E9PSB6,UniProtKB/TrEMBL,1.0,Active
A0A5C2GB29,UniProtKB/TrEMBL,1.0,Active
B4DHS8,UniProtKB/TrEMBL,1.0,Active
E9PK26,UniProtKB/TrEMBL,1.0,Active
G3V3Q2,UniProtKB/TrEMBL,1.0,Active
E9PKR8,UniProtKB/TrEMBL,2.0,Active
F5GXG4,UniProtKB/TrEMBL,2.0,Active
M0R1T4,UniProtKB/TrEMBL,1.0,Active
H0YMR0,UniProtKB/TrEMBL,2.0,Active
Q5GAN4,UniProtKB/Swiss-Prot,2.0,Active
B4DJC7,UniProtKB/TrEMBL,2.0,Active
P58549,UniProtKB/Swiss-Prot,4.0,Active
C9JJ71,UniProtKB/TrEMBL,1.0,Active
P33764,UniProtKB/Swiss-Prot,5.0,Active
Q32LX7,UniProtKB/TrEMBL,1.0,Active
K7EP92,UniProtKB/TrEMBL,1.0,Active
A0A5C2GBV7,UniProtKB/TrEMBL,1.0,Active
Q6FGP2,UniProtKB/TrEMBL,2.0,Active
A0A7S5EU24,UniProtKB/TrEMBL,1.0,Active
Q76FP2,UniProtKB/TrEMBL,2.0,Active
E9PLY8,UniProtKB/TrEMBL,1.0,Active
Q6IE38,UniProtKB/Swiss-Prot,2.0,Active
P61457,UniProtKB/Swiss-Prot,5.0,Active
Q53SE3,UniProtKB/TrEMBL,2.0,Active
C9J3F8,UniProtKB/TrEMBL,1.0,Active
J3KPD1,UniProtKB/TrEMBL,1.0,Active
Q16553,UniProtKB/Swiss-Prot,5.0,Active
E9PIU0,UniProtKB/TrEMBL,1.0,Active
O60519,UniProtKB/Swiss-Prot,5.0,Active
J3QL66,UniProtKB/TrEMBL,1.0,Active
C9J5S3,UniProtKB/TrEMBL,1.0,Active
A0A1B0GTE2,UniProtKB/TrEMBL,1.0,Active
F8WBY6,UniProtKB/TrEMBL,1.0,Active
V9GZY6,UniProtKB/TrEMBL,1.0,Active
E9PLN8,UniProtKB/TrEMBL,2.0,Active
D8MIV0,UniProtKB/TrEMBL,2.0,Active
I3L130,UniProtKB/TrEMBL,1.0,Active
B9EGA9,UniProtKB/TrEMBL,1.0,Active
C9JW94,UniProtKB/TrEMBL,1.0,Active
F5GWV8,UniProtKB/TrEMBL,2.0,Active
L0R6D7,UniProtKB/TrEMBL,1.0,Active
H0YN40,UniProtKB/TrEMBL,2.0,Active
F8WAF5,UniProtKB/TrEMBL,1.0,Active
A0A494C0K9,UniProtKB/TrEMBL,2.0,Active
Q14172,UniProtKB/TrEMBL,1.0,Active
Q9UL98,UniProtKB/TrEMBL,1.0,Active
A0A0U1RRJ8,UniProtKB/TrEMBL,1.0,Active
Q9Y273,UniProtKB/TrEMBL,1.0,Active
B4DS06,UniProtKB/TrEMBL,1.0,Active
Q5T215,UniProtKB/Swiss-Prot,4.0,Active
G3V555,UniProtKB/TrEMBL,2.0,Active
Q8TF08,UniProtKB/Swiss-Prot,3.0,Active
H3BT20,UniProtKB/TrEMBL,1.0,Active
P54710,UniProtKB/Swiss-Prot,5.0,Active
C9K0H9,UniProtKB/TrEMBL,1.0,Active
F8VXJ9,UniProtKB/TrEMBL,1.0,Active
O00434,UniProtKB/TrEMBL,2.0,Active
F8WD93,UniProtKB/TrEMBL,1.0,Active
B3KNJ0,UniProtKB/TrEMBL,1.0,Active
H3BMW7,UniProtKB/TrEMBL,2.0,Active
F8WF56,UniProtKB/TrEMBL,1.0,Active
A0A1B0GU75,UniProtKB/TrEMBL,1.0,Active
B3VRH0,UniProtKB/TrEMBL,1.0,Active
F6USP3,UniProtKB/TrEMBL,1.0,Active
C9J0U5,UniProtKB/TrEMBL,1.0,Active
B4DKN4,UniProtKB/TrEMBL,1.0,Active
C9J9B4,UniProtKB/TrEMBL,1.0,Active
D6RD67,UniProtKB/TrEMBL,2.0,Active
U3KQ31,UniProtKB/TrEMBL,1.0,Active
Q15940,UniProtKB/Swiss-Prot,2.0,Active
Q8NC35,UniProtKB/TrEMBL,1.0,Active
H0YLN3,UniProtKB/TrEMBL,1.0,Active
H3BQ92,UniProtKB/TrEMBL,2.0,Active
P05386,UniProtKB/Swiss-Prot,5.0,Active
Q9NPD8,UniProtKB/Swiss-Prot,5.0,Active
P60606,UniProtKB/Swiss-Prot,2.0,Active
Q9BXV9,UniProtKB/Swiss-Prot,5.0,Active
Q5SXX7,UniProtKB/TrEMBL,2.0,Active
B1AJY7,UniProtKB/TrEMBL,1.0,Active
A0A804HJ85,UniProtKB/TrEMBL,1.0,Active
A6NGE7,UniProtKB/Swiss-Prot,3.0,Active
E9PP83,UniProtKB/TrEMBL,2.0,Active
Q96LK0,UniProtKB/Swiss-Prot,5.0,Active
C9J7L6,UniProtKB/TrEMBL,1.0,Active
X6RK76,UniProtKB/TrEMBL,1.0,Active
Q9UQB2,UniProtKB/TrEMBL,1.0,Active
B7ZBP7,UniProtKB/TrEMBL,2.0,Active
B3KX37,UniProtKB/TrEMBL,1.0,Active
D6RA13,UniProtKB/TrEMBL,1.0,Active
A0A5C2GRI0,UniProtKB/TrEMBL,1.0,Active
A0A5C2GIW4,UniProtKB/TrEMBL,1.0,Active
A0A0F6TN92,UniProtKB/TrEMBL,1.0,Active
Q6EMV3,UniProtKB/TrEMBL,2.0,Active
M0QZG6,UniProtKB/TrEMBL,2.0,Active
I3L3Y2,UniProtKB/TrEMBL,1.0,Active
A0A7I2V429,UniProtKB/TrEMBL,1.0,Active
A0A1W2PPJ7,UniProtKB/TrEMBL,2.0,Active
M0R0T3,UniProtKB/TrEMBL,1.0,Active
D6RHV9,UniProtKB/TrEMBL,1.0,Active
A0A5C2GMF4,UniProtKB/TrEMBL,1.0,Active
H0YDX8,UniProtKB/TrEMBL,1.0,Active
D6RHI1,UniProtKB/TrEMBL,2.0,Active
F8WF42,UniProtKB/TrEMBL,1.0,Active
G3V2P6,UniProtKB/TrEMBL,1.0,Active
B3VCG3,UniProtKB/TrEMBL,1.0,Active
Q96I23,UniProtKB/Swiss-Prot,5.0,Active
E5RJS4,UniProtKB/TrEMBL,1.0,Active
A0A2R8Y7I4,UniProtKB/TrEMBL,1.0,Active
K7EMR0,UniProtKB/TrEMBL,1.0,Active
H0YIC4,UniProtKB/TrEMBL,2.0,Active
Q9UHU1,UniProtKB/Swiss-Prot,1.0,Active
H0YKF9,UniProtKB/TrEMBL,1.0,Active
Q6PK57,UniProtKB/Swiss-Prot,2.0,Active
C9JXG2,UniProtKB/TrEMBL,3.0,Active
Q5TBM3,UniProtKB/TrEMBL,1.0,Active
E9PG44,UniProtKB/TrEMBL,1.0,Active
B2R538,UniProtKB/TrEMBL,1.0,Active
E9PLX4,UniProtKB/TrEMBL,1.0,Active
A0N7I9,UniProtKB/TrEMBL,1.0,Active
B4DWM3,UniProtKB/TrEMBL,1.0,Active
Q9UHA7,UniProtKB/Swiss-Prot,5.0,Active
H0YBS9,UniProtKB/TrEMBL,2.0,Active
B1AH62,UniProtKB/TrEMBL,1.0,Active
A0A2R8Y6D8,UniProtKB/TrEMBL,1.0,Active
A0A2D0ZBS7,UniProtKB/TrEMBL,1.0,Active
C9JLK0,UniProtKB/TrEMBL,2.0,Active
H0Y8I8,UniProtKB/TrEMBL,1.0,Active
D6RHV3,UniProtKB/TrEMBL,1.0,Active
Q9UI78,UniProtKB/TrEMBL,1.0,Active
E5BBQ0,UniProtKB/TrEMBL,3.0,Active
Q8TDP7,UniProtKB/TrEMBL,1.0,Active
B7Z694,UniProtKB/TrEMBL,2.0,Active
F5H7Y1,UniProtKB/TrEMBL,1.0,Active
A0A5C2GDE9,UniProtKB/TrEMBL,1.0,Active
Q9BVM4,UniProtKB/Swiss-Prot,5.0,Active
A0A7D5DCA8,UniProtKB/TrEMBL,1.0,Active
S4R3A1,UniProtKB/TrEMBL,1.0,Active
A0A087WVG9,UniProtKB/TrEMBL,1.0,Active
Q9NVP8,UniProtKB/TrEMBL,1.0,Active
Q68D89,UniProtKB/TrEMBL,1.0,Active
B1AMF0,UniProtKB/TrEMBL,2.0,Active
A8K0C9,UniProtKB/TrEMBL,1.0,Active
P0DI80,UniProtKB/Swiss-Prot,2.0,Active
G3V473,UniProtKB/TrEMBL,2.0,Active
A0A1W2PQU2,UniProtKB/Swiss-Prot,2.0,Active
H3BTP0,UniProtKB/TrEMBL,1.0,Active
Q9NW71,UniProtKB/TrEMBL,1.0,Active
A0A140T9Z2,UniProtKB/TrEMBL,3.0,Active
F1LLU7,UniProtKB/TrEMBL,1.0,Active
Q71QC5,UniProtKB/TrEMBL,1.0,Active
Q9BSY9,UniProtKB/Swiss-Prot,5.0,Active
M0R293,UniProtKB/TrEMBL,1.0,Active
E5RIJ0,UniProtKB/TrEMBL,3.0,Active
A0A6B7HBY5,UniProtKB/TrEMBL,1.0,Active
A6ZKI3,UniProtKB/Swiss-Prot,4.0,Active
Q8WVE7,UniProtKB/Swiss-Prot,5.0,Active
Q6ZVT4,UniProtKB/TrEMBL,1.0,Active
L0R6D0,UniProtKB/TrEMBL,1.0,Active
H3BNQ9,UniProtKB/TrEMBL,2.0,Active
K7ERC6,UniProtKB/TrEMBL,1.0,Active
K7ERS3,UniProtKB/TrEMBL,1.0,Active
A0A5C2GB56,UniProtKB/TrEMBL,1.0,Active
C9JFF4,UniProtKB/TrEMBL,2.0,Active
K7EK09,UniProtKB/TrEMBL,1.0,Active
A0A1B1HY35,UniProtKB/TrEMBL,2.0,Active
A0A0J9YW00,UniProtKB/TrEMBL,1.0,Active
D6RF69,UniProtKB/TrEMBL,2.0,Active
D2WHG0,UniProtKB/TrEMBL,1.0,Active
I3L0U1,UniProtKB/TrEMBL,1.0,Active
L8E961,UniProtKB/TrEMBL,1.0,Active
Q4W5E0,UniProtKB/TrEMBL,1.0,Active
Q96AH8,UniProtKB/Swiss-Prot,5.0,Active
L8E8G5,UniProtKB/TrEMBL,1.0,Active
A0A7P0TBL6,UniProtKB/TrEMBL,1.0,Active
H3BRL4,UniProtKB/TrEMBL,1.0,Active
H3BVC6,UniProtKB/TrEMBL,1.0,Active
C9JXB0,UniProtKB/TrEMBL,1.0,Active
A6NF83,UniProtKB/Swiss-Prot,4.0,Active
H7BZL0,UniProtKB/TrEMBL,1.0,Active
J3KTN2,UniProtKB/TrEMBL,1.0,Active
Q59EX2,UniProtKB/TrEMBL,1.0,Active
U3KQ05,UniProtKB/TrEMBL,1.0,Active
Q0ZAJ3,UniProtKB/TrEMBL,1.0,Active
E5RG33,UniProtKB/TrEMBL,1.0,Active
F8W119,UniProtKB/TrEMBL,1.0,Active
Q6FIG5,UniProtKB/TrEMBL,2.0,Active
Q9BTT4,UniProtKB/Swiss-Prot,5.0,Active
F5H0Z3,UniProtKB/TrEMBL,1.0,Active
D6RJ01,UniProtKB/TrEMBL,1.0,Active
Q6N009,UniProtKB/TrEMBL,1.0,Active
H0YIN6,UniProtKB/TrEMBL,3.0,Active
I3L121,UniProtKB/TrEMBL,2.0,Active
E9PQL5,UniProtKB/TrEMBL,1.0,Active
F8VXL8,UniProtKB/TrEMBL,1.0,Active
I3L276,UniProtKB/TrEMBL,1.0,Active
B4DP27,UniProtKB/TrEMBL,2.0,Active
H3BSF2,UniProtKB/TrEMBL,1.0,Active
E7ESN1,UniProtKB/TrEMBL,1.0,Active
Q9NRG0,UniProtKB/Swiss-Prot,5.0,Active
A0A1W2PQ78,UniProtKB/TrEMBL,2.0,Active
Q8N1U3,UniProtKB/TrEMBL,1.0,Active
J3KS65,UniProtKB/TrEMBL,2.0,Active
H3BTT9,UniProtKB/TrEMBL,1.0,Active
G3LU47,UniProtKB/TrEMBL,1.0,Active
B9TX64,UniProtKB/TrEMBL,1.0,Active
H0YN64,UniProtKB/TrEMBL,1.0,Active
Q96EB3,UniProtKB/TrEMBL,1.0,Active
Q9H3J6,UniProtKB/Swiss-Prot,5.0,Active
I3L2T0,UniProtKB/TrEMBL,2.0,Active
A0A0G3VRE1,UniProtKB/TrEMBL,3.0,Active
Q6P456,UniProtKB/TrEMBL,1.0,Active
Q0P5N8,UniProtKB/TrEMBL,2.0,Active
C9K0L6,UniProtKB/TrEMBL,1.0,Active
F5H018,UniProtKB/TrEMBL,2.0,Active
F8WDE1,UniProtKB/TrEMBL,1.0,Active
D6RA76,UniProtKB/TrEMBL,1.0,Active
I7GY10,UniProtKB/TrEMBL,1.0,Active
E9PQP1,UniProtKB/TrEMBL,1.0,Active
L8E7H6,UniProtKB/TrEMBL,1.0,Active
Q8N698,UniProtKB/TrEMBL,1.0,Active
E5RI59,UniProtKB/TrEMBL,2.0,Active
U3KQI3,UniProtKB/TrEMBL,2.0,Active
A0A5C2GJV1,UniProtKB/TrEMBL,1.0,Active
I3L0X6,UniProtKB/TrEMBL,2.0,Active
Q8N6S3,UniProtKB/TrEMBL,2.0,Active
P08493,UniProtKB/Swiss-Prot,5.0,Active
X6R751,UniProtKB/TrEMBL,2.0,Active
A0A0S2Z414,UniProtKB/TrEMBL,1.0,Active
Q9Y3B2,UniProtKB/Swiss-Prot,5.0,Active
I3NI28,UniProtKB/TrEMBL,1.0,Active
O60831,UniProtKB/Swiss-Prot,5.0,Active
L0R8K7,UniProtKB/TrEMBL,1.0,Active
J3KRC5,UniProtKB/TrEMBL,1.0,Active
Q5VUC0,UniProtKB/TrEMBL,2.0,Active
Q8IXF7,UniProtKB/TrEMBL,1.0,Active
C9JU00,UniProtKB/TrEMBL,1.0,Active
A0A0G2JKF1,UniProtKB/TrEMBL,1.0,Active
Q75MY1,UniProtKB/TrEMBL,1.0,Active
H0YD19,UniProtKB/TrEMBL,1.0,Active
G9G138,UniProtKB/TrEMBL,1.0,Active
Q68VJ3,UniProtKB/TrEMBL,2.0,Active
A0A494C0B5,UniProtKB/TrEMBL,1.0,Active
E5RJ77,UniProtKB/TrEMBL,1.0,Active
B7ZW58,UniProtKB/TrEMBL,1.0,Active
I3L362,UniProtKB/TrEMBL,1.0,Active
C9K016,UniProtKB/TrEMBL,2.0,Active
L0R542,UniProtKB/TrEMBL,1.0,Active
H0YCD3,UniProtKB/TrEMBL,1.0,Active
F8WDC0,UniProtKB/TrEMBL,1.0,Active
A0A5C2G922,UniProtKB/TrEMBL,1.0,Active
B4DXW8,UniProtKB/TrEMBL,1.0,Active
C9JVH3,UniProtKB/TrEMBL,1.0,Active
C6GM00,UniProtKB/TrEMBL,1.0,Active
H3BRX7,UniProtKB/TrEMBL,1.0,Active
B4DNA5,UniProtKB/TrEMBL,1.0,Active
B4DVC7,UniProtKB/TrEMBL,2.0,Active
Q9ULZ3,UniProtKB/Swiss-Prot,5.0,Active
D6RG12,UniProtKB/TrEMBL,1.0,Active
C9JQG9,UniProtKB/TrEMBL,1.0,Active
Q5T7N0,UniProtKB/TrEMBL,2.0,Active
F5H1M6,UniProtKB/TrEMBL,1.0,Active
B0YIX2,UniProtKB/TrEMBL,1.0,Active
V9HW15,UniProtKB/TrEMBL,2.0,Active
P0DKL9,UniProtKB/Swiss-Prot,1.0,Active
B5BUQ6,UniProtKB/TrEMBL,4.0,Active
I1Z9D5,UniProtKB/TrEMBL,1.0,Active
A0A0U1RQD8,UniProtKB/TrEMBL,1.0,Active
D6RBA2,UniProtKB/TrEMBL,1.0,Active
F8W1K7,UniProtKB/TrEMBL,1.0,Active
A0A1B0GW15,UniProtKB/TrEMBL,1.0,Active
E5RI89,UniProtKB/TrEMBL,1.0,Active
H0YN05,UniProtKB/TrEMBL,2.0,Active
E9PCV3,UniProtKB/TrEMBL,1.0,Active
C9JAM9,UniProtKB/TrEMBL,1.0,Active
Q5JRD6,UniProtKB/TrEMBL,1.0,Active
A0A0D9SF76,UniProtKB/TrEMBL,1.0,Active
O14660,UniProtKB/TrEMBL,1.0,Active
A0A087WVY8,UniProtKB/TrEMBL,1.0,Active
B1ALD3,UniProtKB/TrEMBL,2.0,Active
F8WDH5,UniProtKB/TrEMBL,1.0,Active
C9K068,UniProtKB/TrEMBL,1.0,Active
C9J4T8,UniProtKB/TrEMBL,1.0,Active
Q71V04,UniProtKB/TrEMBL,1.0,Active
Q65Z67,UniProtKB/TrEMBL,1.0,Active
E9PPL3,UniProtKB/TrEMBL,1.0,Active
B4DL30,UniProtKB/TrEMBL,1.0,Active
F8WET3,UniProtKB/TrEMBL,1.0,Active
A8K761,UniProtKB/TrEMBL,2.0,Active
B0YIY5,UniProtKB/TrEMBL,3.0,Active
A0A5F9ZI35,UniProtKB/TrEMBL,1.0,Active
G3V1V8,UniProtKB/TrEMBL,1.0,Active
U4PZJ2,UniProtKB/TrEMBL,2.0,Active
A0A650DFB4,UniProtKB/TrEMBL,1.0,Active
B3KTT3,UniProtKB/TrEMBL,1.0,Active
F5H6J3,UniProtKB/TrEMBL,1.0,Active
C9JQN7,UniProtKB/TrEMBL,1.0,Active
D6RF15,UniProtKB/TrEMBL,1.0,Active
A2RUU4,UniProtKB/Swiss-Prot,3.0,Active
K7EJK2,UniProtKB/TrEMBL,1.0,Active
D6RA86,UniProtKB/TrEMBL,1.0,Active
P58557,UniProtKB/Swiss-Prot,4.0,Active
H3BP27,UniProtKB/TrEMBL,2.0,Active
Q3KNV1,UniProtKB/TrEMBL,1.0,Active
C9J408,UniProtKB/TrEMBL,1.0,Active
Q9HB62,UniProtKB/TrEMBL,1.0,Active
B4DXM3,UniProtKB/TrEMBL,1.0,Active
B4DEX5,UniProtKB/TrEMBL,1.0,Active
A0A2R8YCW7,UniProtKB/TrEMBL,1.0,Active
D6RE02,UniProtKB/TrEMBL,1.0,Active
J3QLN1,UniProtKB/TrEMBL,1.0,Active
J3QTH6,UniProtKB/TrEMBL,1.0,Active
O76096,UniProtKB/Swiss-Prot,5.0,Active
B3KNS4,UniProtKB/TrEMBL,1.0,Active
P56385,UniProtKB/Swiss-Prot,5.0,Active
Q75MK9,UniProtKB/TrEMBL,1.0,Active
B3KV57,UniProtKB/TrEMBL,1.0,Active
A6NMZ2,UniProtKB/Swiss-Prot,3.0,Active
B4E060,UniProtKB/TrEMBL,1.0,Active
Q5JXG1,UniProtKB/TrEMBL,1.0,Active
Q15670,UniProtKB/TrEMBL,1.0,Active
Q96EK6,UniProtKB/Swiss-Prot,5.0,Active
F2Z3C5,UniProtKB/TrEMBL,1.0,Active
H0Y8J1,UniProtKB/TrEMBL,1.0,Active
K7EQ60,UniProtKB/TrEMBL,1.0,Active
F8VUG8,UniProtKB/TrEMBL,1.0,Active
C9J2R1,UniProtKB/TrEMBL,2.0,Active
C9JIT1,UniProtKB/TrEMBL,1.0,Active
H3BTZ8,UniProtKB/TrEMBL,2.0,Active
S4R398,UniProtKB/TrEMBL,1.0,Active
Q8WY98,UniProtKB/Swiss-Prot,5.0,Active
Q5T165,UniProtKB/TrEMBL,1.0,Active
J3KSR5,UniProtKB/TrEMBL,1.0,Active
A0A0U1RRI0,UniProtKB/TrEMBL,1.0,Active
A0A0S2Z4V3,UniProtKB/TrEMBL,2.0,Active
A0A5C2GP41,UniProtKB/TrEMBL,1.0,Active
H7C2N0,UniProtKB/TrEMBL,2.0,Active
A0A221SLY6,UniProtKB/TrEMBL,1.0,Active
H0Y9I9,UniProtKB/TrEMBL,1.0,Active
B2MUD5,UniProtKB/TrEMBL,1.0,Active
D6R9W0,UniProtKB/TrEMBL,1.0,Active
F5H6Z2,UniProtKB/TrEMBL,1.0,Active
Q8NE89,UniProtKB/TrEMBL,1.0,Active
H0YNH6,UniProtKB/TrEMBL,1.0,Active
Q9NYC6,UniProtKB/TrEMBL,1.0,Active
Q7Z760,UniProtKB/TrEMBL,1.0,Active
Q15836,UniProtKB/Swiss-Prot,5.0,Active
A0A4D6DDG8,UniProtKB/TrEMBL,2.0,Active
F8VXK1,UniProtKB/TrEMBL,1.0,Active
Q1XBU7,UniProtKB/TrEMBL,1.0,Active
B4E0P8,UniProtKB/TrEMBL,1.0,Active
C6GLV7,UniProtKB/TrEMBL,1.0,Active
Q8NCR1,UniProtKB/TrEMBL,1.0,Active
K7ENH2,UniProtKB/TrEMBL,3.0,Active
C9JYV0,UniProtKB/TrEMBL,1.0,Active
A0A0S2Z5L4,UniProtKB/TrEMBL,2.0,Active
A0A1B0GVR7,UniProtKB/Swiss-Prot,2.0,Active
E9PLL0,UniProtKB/TrEMBL,1.0,Active
Q9P1N5,UniProtKB/TrEMBL,1.0,Active
A0A7P0TB48,UniProtKB/TrEMBL,1.0,Active
A0A2I2MP50,UniProtKB/TrEMBL,2.0,Active
B1AQP2,UniProtKB/TrEMBL,3.0,Active
G3V560,UniProtKB/TrEMBL,1.0,Active
H3BPV7,UniProtKB/TrEMBL,1.0,Active
E5RG02,UniProtKB/Swiss-Prot,2.0,Active
A0A087WU71,UniProtKB/TrEMBL,1.0,Active
Q9UL97,UniProtKB/TrEMBL,1.0,Active
A0A0G2JPP7,UniProtKB/TrEMBL,1.0,Active
O14519,UniProtKB/Swiss-Prot,5.0,Active
A0A0A0MSV7,UniProtKB/TrEMBL,1.0,Active
A0A804HIG8,UniProtKB/TrEMBL,1.0,Active
Q9P1E1,UniProtKB/TrEMBL,1.0,Active
C9JES0,UniProtKB/TrEMBL,2.0,Active
E9PQW8,UniProtKB/TrEMBL,1.0,Active
F2Z3J0,UniProtKB/TrEMBL,1.0,Active
H0YDJ0,UniProtKB/TrEMBL,2.0,Active
B4DTY4,UniProtKB/TrEMBL,2.0,Active
I3L3U7,UniProtKB/TrEMBL,1.0,Active
A0A384NLC8,UniProtKB/TrEMBL,3.0,Active
H7C327,UniProtKB/TrEMBL,1.0,Active
Q9BZS5,UniProtKB/TrEMBL,1.0,Active
Q6ICI0,UniProtKB/Swiss-Prot,2.0,Active
A5YAK2,UniProtKB/TrEMBL,2.0,Active
Q01658,UniProtKB/Swiss-Prot,5.0,Active
P05090,UniProtKB/Swiss-Prot,5.0,Active
C9J668,UniProtKB/TrEMBL,1.0,Active
F2Z2G4,UniProtKB/TrEMBL,1.0,Active
W6A1P7,UniProtKB/TrEMBL,2.0,Active
C9JBW0,UniProtKB/TrEMBL,1.0,Active
P52434,UniProtKB/Swiss-Prot,5.0,Active
A0A5F9ZI27,UniProtKB/TrEMBL,1.0,Active
H7C373,UniProtKB/TrEMBL,1.0,Active
Q8WYC9,UniProtKB/TrEMBL,1.0,Active
Q9P1H4,UniProtKB/TrEMBL,1.0,Active
H7C0S6,UniProtKB/TrEMBL,1.0,Active
J3QSB4,UniProtKB/TrEMBL,2.0,Active
D6RDZ1,UniProtKB/TrEMBL,1.0,Active
E9PMR1,UniProtKB/TrEMBL,1.0,Active
Q76EY9,UniProtKB/TrEMBL,1.0,Active
G3V245,UniProtKB/TrEMBL,1.0,Active
D6REJ8,UniProtKB/TrEMBL,2.0,Active
Q9BZD9,UniProtKB/TrEMBL,1.0,Active
Q9BZA0,UniProtKB/Swiss-Prot,1.0,Active
K7ESG5,UniProtKB/TrEMBL,1.0,Active
K7EJN0,UniProtKB/TrEMBL,1.0,Active
Q5T2B7,UniProtKB/TrEMBL,1.0,Active
C9JKI7,UniProtKB/TrEMBL,1.0,Active
Q9NTB4,UniProtKB/TrEMBL,1.0,Active
I3L1W8,UniProtKB/TrEMBL,1.0,Active
A0A6Q8PG80,UniProtKB/TrEMBL,1.0,Active
A0A6Q8PF59,UniProtKB/TrEMBL,1.0,Active
F8WF83,UniProtKB/TrEMBL,1.0,Active
E9PM24,UniProtKB/TrEMBL,1.0,Active
A0A1W2PQW3,UniProtKB/TrEMBL,1.0,Active
I3L131,UniProtKB/TrEMBL,1.0,Active
C9IZ84,UniProtKB/TrEMBL,1.0,Active
C9JA92,UniProtKB/TrEMBL,1.0,Active
A0A2R8Y7W6,UniProtKB/TrEMBL,1.0,Active
Q86UC8,UniProtKB/TrEMBL,2.0,Active
Q9NS71,UniProtKB/Swiss-Prot,5.0,Active
Q96GC1,UniProtKB/TrEMBL,1.0,Active
B7Z8K0,UniProtKB/TrEMBL,1.0,Active
C9JX74,UniProtKB/TrEMBL,1.0,Active
P46776,UniProtKB/Swiss-Prot,5.0,Active
Q96FN9,UniProtKB/Swiss-Prot,4.0,Active
B0QYQ6,UniProtKB/TrEMBL,1.0,Active
H3BPW8,UniProtKB/TrEMBL,1.0,Active
H3BUH0,UniProtKB/TrEMBL,1.0,Active
L8EAY9,UniProtKB/TrEMBL,1.0,Active
A0A7R6M8P5,UniProtKB/TrEMBL,2.0,Active
B4DEE0,UniProtKB/TrEMBL,1.0,Active
G3V5K5,UniProtKB/TrEMBL,1.0,Active
K7EJ73,UniProtKB/TrEMBL,2.0,Active
E9PRJ7,UniProtKB/TrEMBL,1.0,Active
H0YHC3,UniProtKB/TrEMBL,1.0,Active
J3QS12,UniProtKB/TrEMBL,1.0,Active
Q6U6I7,UniProtKB/TrEMBL,2.0,Active
F5H2X5,UniProtKB/TrEMBL,2.0,Active
B4DM94,UniProtKB/TrEMBL,1.0,Active
F5GYR7,UniProtKB/TrEMBL,1.0,Active
F8W9T3,UniProtKB/TrEMBL,1.0,Active
A2NYV0,UniProtKB/TrEMBL,1.0,Active
A0A7S5EV95,UniProtKB/TrEMBL,1.0,Active
M0R0L7,UniProtKB/TrEMBL,1.0,Active
H0Y515,UniProtKB/TrEMBL,1.0,Active
H0YBM3,UniProtKB/TrEMBL,1.0,Active
H7C2X3,UniProtKB/TrEMBL,1.0,Active
D6RHY8,UniProtKB/TrEMBL,2.0,Active
A0A0U1RRA0,UniProtKB/Swiss-Prot,1.0,Active
B4DMC7,UniProtKB/TrEMBL,1.0,Active
A0A867GBE4,UniProtKB/TrEMBL,1.0,Active
Q5GHI6,UniProtKB/TrEMBL,1.0,Active
S4R306,UniProtKB/TrEMBL,2.0,Active
A0A7P0T9X9,UniProtKB/TrEMBL,1.0,Active
F2Z2R1,UniProtKB/TrEMBL,1.0,Active
C9JYC1,UniProtKB/TrEMBL,1.0,Active
Q5JU21,UniProtKB/TrEMBL,1.0,Active
A0A7P0T7U9,UniProtKB/TrEMBL,1.0,Active
A0A0K2FPC8,UniProtKB/TrEMBL,1.0,Active
B4DQP5,UniProtKB/TrEMBL,1.0,Active
Q7L643,UniProtKB/TrEMBL,1.0,Active
B3KT78,UniProtKB/TrEMBL,1.0,Active
A0A3B3IRL1,UniProtKB/TrEMBL,1.0,Active
A0A804HI34,UniProtKB/TrEMBL,1.0,Active
F8WDU8,UniProtKB/TrEMBL,2.0,Active
F5H3G7,UniProtKB/TrEMBL,2.0,Active
Q8TAV6,UniProtKB/TrEMBL,1.0,Active
A0A1W2PQL5,UniProtKB/TrEMBL,1.0,Active
B7Z397,UniProtKB/TrEMBL,1.0,Active
Q69YU5,UniProtKB/Swiss-Prot,4.0,Active
B4DWX4,UniProtKB/TrEMBL,1.0,Active
Q6I6Y1,UniProtKB/TrEMBL,1.0,Active
F5H627,UniProtKB/TrEMBL,2.0,Active
C9JD13,UniProtKB/TrEMBL,1.0,Active
E5RK48,UniProtKB/TrEMBL,1.0,Active
D6RBB6,UniProtKB/TrEMBL,1.0,Active
A4GHG1,UniProtKB/TrEMBL,1.0,Active
H0YIY7,UniProtKB/TrEMBL,1.0,Active
L8EA86,UniProtKB/TrEMBL,1.0,Active
Q96KD0,UniProtKB/TrEMBL,1.0,Active
F5H1S8,UniProtKB/TrEMBL,2.0,Active
I3L2L4,UniProtKB/TrEMBL,1.0,Active
A0A0Y0IMM4,UniProtKB/TrEMBL,3.0,Active
K7ES09,UniProtKB/TrEMBL,1.0,Active
A0A2R8Y5H8,UniProtKB/TrEMBL,1.0,Active
L8EB63,UniProtKB/TrEMBL,1.0,Active
H3BT51,UniProtKB/TrEMBL,1.0,Active
Q9Y6A3,UniProtKB/TrEMBL,1.0,Active
E9PME7,UniProtKB/TrEMBL,1.0,Active
E9PL41,UniProtKB/TrEMBL,1.0,Active
B0QYV8,UniProtKB/TrEMBL,2.0,Active
A0A024R4T4,UniProtKB/TrEMBL,3.0,Active
Q9NYN7,UniProtKB/TrEMBL,1.0,Active
K7ERY9,UniProtKB/TrEMBL,1.0,Active
E9PP78,UniProtKB/TrEMBL,1.0,Active
Q71UU0,UniProtKB/TrEMBL,1.0,Active
A0A087WT96,UniProtKB/TrEMBL,1.0,Active
E5RFR7,UniProtKB/TrEMBL,1.0,Active
B4DHX9,UniProtKB/TrEMBL,1.0,Active
Q5STR5,UniProtKB/Swiss-Prot,1.0,Active
Q05C28,UniProtKB/TrEMBL,2.0,Active
Q16083,UniProtKB/TrEMBL,1.0,Active
H0YNU4,UniProtKB/TrEMBL,1.0,Active
D6RAQ9,UniProtKB/TrEMBL,1.0,Active
P13987,UniProtKB/Swiss-Prot,5.0,Active
A0A0D9SG25,UniProtKB/TrEMBL,2.0,Active
A0A0U1RQZ1,UniProtKB/TrEMBL,1.0,Active
A0A087WZ28,UniProtKB/TrEMBL,1.0,Active
C9JGA2,UniProtKB/TrEMBL,1.0,Active
B7ZAL1,UniProtKB/TrEMBL,1.0,Active
Q8N8Y3,UniProtKB/TrEMBL,2.0,Active
Q4VXH0,UniProtKB/TrEMBL,1.0,Active
K7ENL4,UniProtKB/TrEMBL,2.0,Active
Q16292,UniProtKB/TrEMBL,2.0,Active
G3V278,UniProtKB/TrEMBL,1.0,Active
A0A8A0WQ04,UniProtKB/TrEMBL,2.0,Active
C9JXX5,UniProtKB/Swiss-Prot,3.0,Active
A0A494C103,UniProtKB/Swiss-Prot,2.0,Active
H3BTR1,UniProtKB/TrEMBL,1.0,Active
H3BS85,UniProtKB/TrEMBL,1.0,Active
Q7Z430,UniProtKB/TrEMBL,1.0,Active
E7EUP7,UniProtKB/TrEMBL,1.0,Active
J3QS92,UniProtKB/TrEMBL,1.0,Active
B4E1W2,UniProtKB/TrEMBL,2.0,Active
C9J600,UniProtKB/TrEMBL,1.0,Active
A0A7I2YQE8,UniProtKB/TrEMBL,1.0,Active
A0A5C2G8C0,UniProtKB/TrEMBL,1.0,Active
Q8WWY7,UniProtKB/Swiss-Prot,4.0,Active
E5RHG4,UniProtKB/TrEMBL,2.0,Active
B7ZB72,UniProtKB/TrEMBL,1.0,Active
B7ZAJ4,UniProtKB/TrEMBL,2.0,Active
Q8TE46,UniProtKB/TrEMBL,3.0,Active
C9JY29,UniProtKB/TrEMBL,1.0,Active
Q9BRU2,UniProtKB/Swiss-Prot,4.0,Active
U5GXS1,UniProtKB/TrEMBL,1.0,Active
H0YK99,UniProtKB/TrEMBL,1.0,Active
A0A7R6M6S3,UniProtKB/TrEMBL,1.0,Active
Q9UK08,UniProtKB/Swiss-Prot,4.0,Active
O95968,UniProtKB/Swiss-Prot,5.0,Active
A0A7I2V601,UniProtKB/TrEMBL,1.0,Active
E9PKK8,UniProtKB/TrEMBL,1.0,Active
I3L4G6,UniProtKB/TrEMBL,1.0,Active
H0YEE3,UniProtKB/TrEMBL,1.0,Active
B7Z6L1,UniProtKB/TrEMBL,1.0,Active
Q86SK7,UniProtKB/TrEMBL,1.0,Active
H0YHG9,UniProtKB/TrEMBL,1.0,Active
A0A5C2G7Z9,UniProtKB/TrEMBL,1.0,Active
A0A0F6TMZ9,UniProtKB/TrEMBL,1.0,Active
B1APQ0,UniProtKB/TrEMBL,1.0,Active
B0QYN7,Inactive/Deleted,0.0,Inactive
O14933,UniProtKB/Swiss-Prot,5.0,Active
A4D2J0,UniProtKB/TrEMBL,3.0,Active
K7EN63,UniProtKB/TrEMBL,1.0,Active
Q6ZTZ2,UniProtKB/TrEMBL,1.0,Active
Q96PD4,UniProtKB/Swiss-Prot,5.0,Active
C9JWD6,UniProtKB/TrEMBL,1.0,Active
F8VRU2,UniProtKB/TrEMBL,2.0,Active
F5H0Y9,UniProtKB/TrEMBL,1.0,Active
Q9NYG5,UniProtKB/Swiss-Prot,5.0,Active
A0A0U1RQU0,UniProtKB/TrEMBL,1.0,Active
J3KS16,UniProtKB/TrEMBL,1.0,Active
Q7Z5N8,UniProtKB/TrEMBL,1.0,Active
Q3C1X4,UniProtKB/TrEMBL,1.0,Active
H0YJA3,UniProtKB/TrEMBL,1.0,Active
B4DKK9,UniProtKB/TrEMBL,1.0,Active
O95262,UniProtKB/TrEMBL,1.0,Active
H0YGW3,UniProtKB/TrEMBL,1.0,Active
K7ELT1,UniProtKB/TrEMBL,1.0,Active
M0QZF9,UniProtKB/TrEMBL,1.0,Active
A6NC42,UniProtKB/Swiss-Prot,3.0,Active
C5IU89,UniProtKB/TrEMBL,1.0,Active
B5MC27,UniProtKB/TrEMBL,1.0,Active
O95645,UniProtKB/TrEMBL,1.0,Active
H0YGG2,UniProtKB/TrEMBL,1.0,Active
P62851,UniProtKB/Swiss-Prot,5.0,Active
C9JSI2,UniProtKB/TrEMBL,1.0,Active
A0A087X0Z8,UniProtKB/TrEMBL,1.0,Active
J3KSL1,UniProtKB/TrEMBL,1.0,Active
A0A494C0V5,UniProtKB/TrEMBL,3.0,Active
B4DZ46,UniProtKB/TrEMBL,1.0,Active
H3BT49,UniProtKB/TrEMBL,1.0,Active
C9JPZ9,UniProtKB/TrEMBL,1.0,Active
I3L4L8,UniProtKB/TrEMBL,1.0,Active
D6RIS6,UniProtKB/TrEMBL,1.0,Active
L8EAK4,UniProtKB/TrEMBL,1.0,Active
Q9NZH8,UniProtKB/Swiss-Prot,5.0,Active
P19957,UniProtKB/Swiss-Prot,5.0,Active
Q05835,UniProtKB/TrEMBL,1.0,Active
G3V3E0,UniProtKB/TrEMBL,1.0,Active
H3BPJ0,UniProtKB/TrEMBL,2.0,Active
H0Y9D9,UniProtKB/TrEMBL,1.0,Active
Q9BV57,UniProtKB/Swiss-Prot,5.0,Active
B2RBV5,UniProtKB/Swiss-Prot,2.0,Active
K7ELB6,UniProtKB/TrEMBL,1.0,Active
Q5EE01,UniProtKB/Swiss-Prot,5.0,Active
E7EX54,UniProtKB/TrEMBL,1.0,Active
O75979,UniProtKB/TrEMBL,1.0,Active
A0A804HHX4,UniProtKB/TrEMBL,1.0,Active
B1AHA8,UniProtKB/TrEMBL,2.0,Active
P02818,UniProtKB/Swiss-Prot,5.0,Active
Q96IX5,UniProtKB/Swiss-Prot,5.0,Active
C9JME8,UniProtKB/TrEMBL,1.0,Active
E5RFR5,UniProtKB/TrEMBL,1.0,Active
A0A0G2JRN4,UniProtKB/TrEMBL,2.0,Active
H7C190,UniProtKB/TrEMBL,1.0,Active
K7EP07,UniProtKB/TrEMBL,1.0,Active
C9K0A1,UniProtKB/TrEMBL,3.0,Active
J3KRR6,UniProtKB/TrEMBL,1.0,Active
F1T0J9,UniProtKB/TrEMBL,1.0,Active
B4DU35,UniProtKB/TrEMBL,1.0,Active
B3KVT6,UniProtKB/TrEMBL,2.0,Active
A0A804HJZ7,UniProtKB/TrEMBL,1.0,Active
A0A096LPH9,UniProtKB/TrEMBL,1.0,Active
Q6XE38,UniProtKB/Swiss-Prot,3.0,Active
E9PM39,UniProtKB/TrEMBL,2.0,Active
Q76N74,UniProtKB/TrEMBL,1.0,Active
B4DGI0,UniProtKB/TrEMBL,2.0,Active
K7EJ68,UniProtKB/TrEMBL,1.0,Active
J3KS25,UniProtKB/TrEMBL,2.0,Active
I3L2A4,UniProtKB/TrEMBL,1.0,Active
Q8TE69,UniProtKB/Swiss-Prot,4.0,Active
K7EIT1,UniProtKB/TrEMBL,2.0,Active
K7EN20,UniProtKB/TrEMBL,1.0,Active
I3L254,UniProtKB/TrEMBL,1.0,Active
A0A7P0T8I8,UniProtKB/TrEMBL,1.0,Active
B5A226,UniProtKB/TrEMBL,1.0,Active
Q9Y6X1,UniProtKB/Swiss-Prot,5.0,Active
Q9Y2R0,UniProtKB/Swiss-Prot,5.0,Active
O43677,UniProtKB/Swiss-Prot,4.0,Active
E9PAR0,UniProtKB/TrEMBL,2.0,Active
E5RJZ5,UniProtKB/TrEMBL,2.0,Active
H3BQB9,UniProtKB/TrEMBL,1.0,Active
B4DMN0,UniProtKB/TrEMBL,1.0,Active
H3BVF6,UniProtKB/TrEMBL,1.0,Active
A0A075DDR2,UniProtKB/TrEMBL,1.0,Active
Q6UW32,UniProtKB/Swiss-Prot,4.0,Active
H3BUP2,UniProtKB/TrEMBL,2.0,Active
Q6LEN6,UniProtKB/TrEMBL,2.0,Active
A6NNU8,UniProtKB/TrEMBL,1.0,Active
I3L487,UniProtKB/TrEMBL,1.0,Active
A6XMH3,UniProtKB/TrEMBL,2.0,Active
E9PB41,UniProtKB/TrEMBL,1.0,Active
B4DEU5,UniProtKB/TrEMBL,1.0,Active
A6NLP5,UniProtKB/Swiss-Prot,3.0,Active
L8EA13,UniProtKB/TrEMBL,1.0,Active
Q9P171,UniProtKB/TrEMBL,1.0,Active
C9JFF8,UniProtKB/TrEMBL,1.0,Active
P01588,UniProtKB/Swiss-Prot,5.0,Active
C9JA26,UniProtKB/TrEMBL,5.0,Active
H7C243,UniProtKB/TrEMBL,1.0,Active
M0QYI7,UniProtKB/TrEMBL,1.0,Active
A0A494C0M2,UniProtKB/TrEMBL,2.0,Active
A0A6Q8PGL6,UniProtKB/TrEMBL,1.0,Active
Q86WX3,UniProtKB/Swiss-Prot,5.0,Active
F8WFD7,UniProtKB/TrEMBL,1.0,Active
A0A7S5EYM7,UniProtKB/TrEMBL,1.0,Active
O14561,UniProtKB/Swiss-Prot,5.0,Active
Q14657,UniProtKB/Swiss-Prot,5.0,Active
B4E0X4,UniProtKB/TrEMBL,1.0,Active
O95881,UniProtKB/Swiss-Prot,5.0,Active
B9VP24,UniProtKB/TrEMBL,2.0,Active
E9PL56,UniProtKB/TrEMBL,1.0,Active
J3KRT2,UniProtKB/TrEMBL,1.0,Active
E5RJ86,UniProtKB/TrEMBL,2.0,Active
B2RAE0,UniProtKB/TrEMBL,1.0,Active
A2VCR0,UniProtKB/TrEMBL,1.0,Active
Q86XT0,UniProtKB/TrEMBL,1.0,Active
H7C161,UniProtKB/TrEMBL,1.0,Active
B7Z2L0,UniProtKB/TrEMBL,2.0,Active
Q96IY7,UniProtKB/TrEMBL,1.0,Active
Q6X959,UniProtKB/TrEMBL,1.0,Active
C9JL74,UniProtKB/TrEMBL,1.0,Active
B4DHP1,UniProtKB/TrEMBL,2.0,Active
B4DH24,UniProtKB/TrEMBL,2.0,Active
C9J4G9,UniProtKB/TrEMBL,1.0,Active
Q96LB4,UniProtKB/Swiss-Prot,5.0,Active
E9PSD4,UniProtKB/TrEMBL,3.0,Active
B2R5C5,UniProtKB/TrEMBL,1.0,Active
Q4VXW3,UniProtKB/TrEMBL,1.0,Active
Q4ZG83,UniProtKB/TrEMBL,1.0,Active
A0A087WZE5,UniProtKB/TrEMBL,2.0,Active
A0A2R8YF34,UniProtKB/TrEMBL,1.0,Active
G3V544,UniProtKB/TrEMBL,1.0,Active
D6RGD2,UniProtKB/TrEMBL,1.0,Active
B4DTB1,UniProtKB/TrEMBL,1.0,Active
A8MTZ0,UniProtKB/Swiss-Prot,5.0,Active
A0A096LP01,UniProtKB/Swiss-Prot,5.0,Active
C9JMS1,UniProtKB/TrEMBL,1.0,Active
A0A0B4J1Y6,UniProtKB/TrEMBL,2.0,Active
E5RFZ0,UniProtKB/TrEMBL,1.0,Active
A0A2R8Y887,UniProtKB/TrEMBL,1.0,Active
K7ENN9,UniProtKB/TrEMBL,2.0,Active
Q9BYE4,UniProtKB/Swiss-Prot,3.0,Active
Q9UPY2,UniProtKB/TrEMBL,1.0,Active
Q6ULR6,UniProtKB/TrEMBL,3.0,Active
F5H8D0,UniProtKB/TrEMBL,1.0,Active
B1AMN9,UniProtKB/TrEMBL,1.0,Active
Q6NSD4,UniProtKB/TrEMBL,3.0,Active
Q5THA1,UniProtKB/TrEMBL,1.0,Active
B8ZZX4,UniProtKB/TrEMBL,1.0,Active
Q59FA9,UniProtKB/TrEMBL,1.0,Active
P59665,UniProtKB/Swiss-Prot,5.0,Active
E9PMD3,UniProtKB/TrEMBL,1.0,Active
A0A4P8D7F0,UniProtKB/TrEMBL,1.0,Active
C9IY65,UniProtKB/TrEMBL,1.0,Active
A0A3B3IRW1,UniProtKB/TrEMBL,1.0,Active
Q5T2H3,UniProtKB/TrEMBL,3.0,Active
Q13063,UniProtKB/TrEMBL,1.0,Active
E9PL26,UniProtKB/TrEMBL,1.0,Active
A0A5F9ZHL7,UniProtKB/TrEMBL,1.0,Active
Q5FBX4,UniProtKB/TrEMBL,1.0,Active
I3L2R7,UniProtKB/TrEMBL,1.0,Active
I3L153,UniProtKB/TrEMBL,1.0,Active
Q9BYD5,UniProtKB/Swiss-Prot,5.0,Active
Q9BV40,UniProtKB/Swiss-Prot,5.0,Active
L8EA03,UniProtKB/TrEMBL,1.0,Active
A0A804HLF5,UniProtKB/TrEMBL,1.0,Active
M0R2F1,UniProtKB/TrEMBL,1.0,Active
A0A3Q8PZA0,UniProtKB/TrEMBL,1.0,Active
M0QX57,UniProtKB/TrEMBL,1.0,Active
D6RCC5,UniProtKB/TrEMBL,1.0,Active
Q9NWV4,UniProtKB/Swiss-Prot,4.0,Active
Q16559,UniProtKB/Swiss-Prot,3.0,Active
H7C5C1,UniProtKB/TrEMBL,2.0,Active
E9PNE0,UniProtKB/TrEMBL,1.0,Active
E1B4S6,UniProtKB/TrEMBL,2.0,Active
Q5JUH9,UniProtKB/TrEMBL,2.0,Active
G3V488,UniProtKB/TrEMBL,1.0,Active
B2RUZ4,UniProtKB/Swiss-Prot,5.0,Active
R4GN71,UniProtKB/TrEMBL,1.0,Active
Q6UWT2,UniProtKB/Swiss-Prot,4.0,Active
A0A2H4GDA3,UniProtKB/TrEMBL,1.0,Active
A0A0S2Z3Z3,UniProtKB/TrEMBL,1.0,Active
A0A3B3ITL6,UniProtKB/TrEMBL,1.0,Active
Q96EC6,UniProtKB/TrEMBL,1.0,Active
L8E8D6,UniProtKB/TrEMBL,1.0,Active
A0A0G2JPP0,UniProtKB/TrEMBL,1.0,Active
E9PLM0,UniProtKB/TrEMBL,1.0,Active
M0QZC3,UniProtKB/TrEMBL,1.0,Active
A0A5C2GA14,UniProtKB/TrEMBL,1.0,Active
C9IYI5,UniProtKB/TrEMBL,1.0,Active
A6NEY8,UniProtKB/Swiss-Prot,2.0,Active
A0A3B3IRR8,UniProtKB/TrEMBL,2.0,Active
Q6Q9Z5,UniProtKB/TrEMBL,1.0,Active
Q9UMX5,UniProtKB/Swiss-Prot,5.0,Active
A0A3B3IT05,UniProtKB/TrEMBL,1.0,Active
K7EM37,UniProtKB/TrEMBL,1.0,Active
E5RGU1,UniProtKB/TrEMBL,1.0,Active
F8VUI9,UniProtKB/TrEMBL,1.0,Active
F5H784,UniProtKB/TrEMBL,1.0,Active
Q9BYC9,UniProtKB/Swiss-Prot,4.0,Active
Q5JTB6,UniProtKB/Swiss-Prot,2.0,Active
C9J3C1,UniProtKB/TrEMBL,1.0,Active
Q5FC10,UniProtKB/TrEMBL,1.0,Active
W0FXB0,UniProtKB/TrEMBL,1.0,Active
P04054,UniProtKB/Swiss-Prot,5.0,Active
B3W6H5,UniProtKB/TrEMBL,3.0,Active
P49207,UniProtKB/Swiss-Prot,5.0,Active
M5A8F1,UniProtKB/Swiss-Prot,5.0,Active
C9JD50,UniProtKB/TrEMBL,1.0,Active
B4DGN4,UniProtKB/TrEMBL,3.0,Active
H0YMP9,UniProtKB/TrEMBL,1.0,Active
H3BMG3,UniProtKB/Swiss-Prot,1.0,Active
Q5T703,UniProtKB/TrEMBL,2.0,Active
B1AQ60,UniProtKB/TrEMBL,1.0,Active
Q86TM7,UniProtKB/TrEMBL,2.0,Active
M0R2J2,UniProtKB/TrEMBL,2.0,Active
A0A0A0MRM5,UniProtKB/TrEMBL,1.0,Active
A6NKN8,UniProtKB/Swiss-Prot,2.0,Active
X6REM1,UniProtKB/TrEMBL,1.0,Active
C9J4C4,UniProtKB/TrEMBL,1.0,Active
Q629K1,UniProtKB/Swiss-Prot,2.0,Active
F1C625,UniProtKB/TrEMBL,1.0,Active
B4DIP1,UniProtKB/TrEMBL,1.0,Active
H0YMF4,UniProtKB/TrEMBL,2.0,Active
Q9BPU9,UniProtKB/Swiss-Prot,5.0,Active
Q13166,UniProtKB/Swiss-Prot,1.0,Active
B4DVI8,UniProtKB/TrEMBL,2.0,Active
K7EL58,UniProtKB/TrEMBL,1.0,Active
E9PLS0,UniProtKB/TrEMBL,1.0,Active
Q5TGE2,UniProtKB/TrEMBL,1.0,Active
A6NF31,UniProtKB/TrEMBL,1.0,Active
L8ECJ0,UniProtKB/TrEMBL,1.0,Active
E9PQ14,UniProtKB/TrEMBL,1.0,Active
O14949,UniProtKB/Swiss-Prot,5.0,Active
H7BYQ2,UniProtKB/TrEMBL,1.0,Active
K7EMD5,UniProtKB/TrEMBL,1.0,Active
B4DVQ8,UniProtKB/TrEMBL,1.0,Active
G3V5G2,UniProtKB/TrEMBL,1.0,Active
K4JXU1,UniProtKB/TrEMBL,1.0,Active
U3KQF6,UniProtKB/TrEMBL,1.0,Active
Q63HP3,UniProtKB/TrEMBL,1.0,Active
H7C3I3,UniProtKB/TrEMBL,1.0,Active
H7BZ39,UniProtKB/TrEMBL,1.0,Active
E5RJE6,UniProtKB/TrEMBL,1.0,Active
H0Y9S5,UniProtKB/TrEMBL,1.0,Active
E9PS29,UniProtKB/TrEMBL,1.0,Active
B4DLM5,UniProtKB/TrEMBL,1.0,Active
A0A7R6V2A9,UniProtKB/TrEMBL,1.0,Active
C9J6B0,UniProtKB/TrEMBL,1.0,Active
D2KNA0,UniProtKB/TrEMBL,1.0,Active
F8WC08,UniProtKB/TrEMBL,1.0,Active
C9IZ57,UniProtKB/TrEMBL,1.0,Active
F8W098,UniProtKB/TrEMBL,1.0,Active
Q9BZQ0,UniProtKB/TrEMBL,1.0,Active
Q14237,UniProtKB/TrEMBL,1.0,Active
Q69YH0,UniProtKB/TrEMBL,2.0,Active
Q8N4A2,UniProtKB/TrEMBL,1.0,Active
D6RBS5,UniProtKB/TrEMBL,1.0,Active
O75348,UniProtKB/Swiss-Prot,5.0,Active
F8WCH8,UniProtKB/TrEMBL,2.0,Active
A0A5F9ZH24,UniProtKB/TrEMBL,1.0,Active
F5GZ82,UniProtKB/TrEMBL,1.0,Active
D2CTG4,UniProtKB/TrEMBL,1.0,Active
F5H2I3,UniProtKB/TrEMBL,1.0,Active
B0QZD3,UniProtKB/TrEMBL,1.0,Active
C9IYS5,UniProtKB/TrEMBL,2.0,Active
H0YCA6,UniProtKB/TrEMBL,1.0,Active
Q59GU8,UniProtKB/TrEMBL,3.0,Active
L8E7H5,UniProtKB/TrEMBL,1.0,Active
J3KNZ3,UniProtKB/TrEMBL,2.0,Active
H7BZX7,UniProtKB/TrEMBL,1.0,Active
A0MJX4,UniProtKB/TrEMBL,1.0,Active
Q96KX0,UniProtKB/Swiss-Prot,4.0,Active
B9A058,UniProtKB/TrEMBL,2.0,Active
J3QLR6,UniProtKB/TrEMBL,1.0,Active
Q8NHR9,UniProtKB/Swiss-Prot,3.0,Active
Q96DZ8,UniProtKB/TrEMBL,1.0,Active
G3V543,UniProtKB/TrEMBL,1.0,Active
A8MXR1,UniProtKB/TrEMBL,2.0,Active
F8WBB9,UniProtKB/TrEMBL,1.0,Active
Q68VJ7,UniProtKB/TrEMBL,1.0,Active
Q68DD5,UniProtKB/TrEMBL,1.0,Active
K7EPL1,UniProtKB/TrEMBL,1.0,Active
A0A5C2GQ36,UniProtKB/TrEMBL,1.0,Active
B8Q179,UniProtKB/TrEMBL,1.0,Active
Q5JPB9,UniProtKB/TrEMBL,1.0,Active
A0A0S2Z488,UniProtKB/TrEMBL,1.0,Active
A0A3S6H8W3,UniProtKB/TrEMBL,2.0,Active
Q5JV99,UniProtKB/TrEMBL,1.0,Active
Q8TAC2,UniProtKB/Swiss-Prot,5.0,Active
A0A087WUQ7,UniProtKB/TrEMBL,1.0,Active
A0A023QRB1,UniProtKB/TrEMBL,2.0,Active
Q53EI7,UniProtKB/TrEMBL,1.0,Active
A0A087WTV1,UniProtKB/TrEMBL,1.0,Active
F5H227,UniProtKB/TrEMBL,1.0,Active
F8W9N7,UniProtKB/TrEMBL,2.0,Active
A0A087WWN2,UniProtKB/TrEMBL,1.0,Active
F5GYX7,UniProtKB/TrEMBL,2.0,Active
H0YB32,UniProtKB/TrEMBL,1.0,Active
M0R166,UniProtKB/TrEMBL,1.0,Active
B3KTC6,UniProtKB/TrEMBL,1.0,Active
C9JD95,UniProtKB/TrEMBL,2.0,Active
A0A090N7V5,UniProtKB/TrEMBL,2.0,Active
H7C5F8,UniProtKB/TrEMBL,1.0,Active
F8WAZ8,UniProtKB/TrEMBL,1.0,Active
Q9UHB0,UniProtKB/TrEMBL,1.0,Active
Q15945,UniProtKB/TrEMBL,1.0,Active
E9PK68,UniProtKB/TrEMBL,2.0,Active
P10176,UniProtKB/Swiss-Prot,5.0,Active
A0A348GSI2,UniProtKB/TrEMBL,1.0,Active
H0YL83,UniProtKB/TrEMBL,1.0,Active
E5RJ37,UniProtKB/TrEMBL,1.0,Active
A0A286RZ48,UniProtKB/TrEMBL,1.0,Active
Q5SVM7,UniProtKB/TrEMBL,2.0,Active
C9JTV7,UniProtKB/TrEMBL,1.0,Active
A0A5C2GIK1,UniProtKB/TrEMBL,1.0,Active
A0AUK5,UniProtKB/TrEMBL,2.0,Active
D6RFG5,UniProtKB/TrEMBL,2.0,Active
B4DT95,UniProtKB/TrEMBL,1.0,Active
E5RFH1,UniProtKB/TrEMBL,1.0,Active
H3BV98,UniProtKB/TrEMBL,1.0,Active
F5H1V0,UniProtKB/TrEMBL,1.0,Active
A0A2R8YHA6,UniProtKB/TrEMBL,1.0,Active
A0A087WWT7,UniProtKB/TrEMBL,1.0,Active
A0A5C2GEI0,UniProtKB/TrEMBL,1.0,Active
E9PNE5,UniProtKB/TrEMBL,1.0,Active
D6RAA0,UniProtKB/TrEMBL,1.0,Active
C9JEK3,UniProtKB/TrEMBL,1.0,Active
Q9UI54,UniProtKB/Swiss-Prot,1.0,Active
A0A087X0S4,UniProtKB/TrEMBL,2.0,Active
Q9H773,UniProtKB/Swiss-Prot,5.0,Active
F5GZH9,UniProtKB/TrEMBL,1.0,Active
C9J244,UniProtKB/TrEMBL,1.0,Active
A0A590UJ39,UniProtKB/TrEMBL,1.0,Active
Q5W0V1,UniProtKB/TrEMBL,1.0,Active
F5H5J2,UniProtKB/TrEMBL,1.0,Active
G5E931,UniProtKB/TrEMBL,2.0,Active
B7Z4W2,UniProtKB/TrEMBL,2.0,Active
B4DPD0,UniProtKB/TrEMBL,1.0,Active
J3QL86,UniProtKB/TrEMBL,1.0,Active
A0A1B1HY24,UniProtKB/TrEMBL,1.0,Active
D6R9E4,UniProtKB/TrEMBL,3.0,Active
C9JVY9,UniProtKB/TrEMBL,2.0,Active
D6RDA2,UniProtKB/TrEMBL,1.0,Active
A0A1P8NQD1,UniProtKB/TrEMBL,1.0,Active
E5RIY0,UniProtKB/TrEMBL,2.0,Active
F8WDX2,UniProtKB/TrEMBL,1.0,Active
H0YDX2,UniProtKB/TrEMBL,2.0,Active
A0A0C4DG94,UniProtKB/TrEMBL,2.0,Active
A8MXT8,UniProtKB/TrEMBL,1.0,Active
H0YBB1,UniProtKB/TrEMBL,1.0,Active
H7C0L0,UniProtKB/TrEMBL,1.0,Active
F8W029,UniProtKB/TrEMBL,1.0,Active
Q6MZI0,UniProtKB/TrEMBL,1.0,Active
B4E2J2,UniProtKB/TrEMBL,2.0,Active
Q9BTE1,UniProtKB/Swiss-Prot,5.0,Active
A4D1L5,UniProtKB/TrEMBL,3.0,Active
P62280,UniProtKB/Swiss-Prot,5.0,Active
Q5JW45,UniProtKB/TrEMBL,1.0,Active
B7Z314,UniProtKB/TrEMBL,1.0,Active
H0YM59,UniProtKB/TrEMBL,1.0,Active
A0A0S2C6M1,UniProtKB/TrEMBL,1.0,Active
Q8N4P3,UniProtKB/Swiss-Prot,5.0,Active
C9JIS2,UniProtKB/TrEMBL,2.0,Active
J3KRG0,UniProtKB/TrEMBL,1.0,Active
Q5MIL4,UniProtKB/TrEMBL,1.0,Active
F8VZH2,UniProtKB/TrEMBL,2.0,Active
B3KNQ2,UniProtKB/TrEMBL,2.0,Active
M0R1C3,UniProtKB/TrEMBL,1.0,Active
J3KRB5,UniProtKB/TrEMBL,1.0,Active
W5VTT0,UniProtKB/TrEMBL,1.0,Active
H3BNL5,UniProtKB/TrEMBL,1.0,Active
M0QXW3,UniProtKB/TrEMBL,2.0,Active
Q9BW30,UniProtKB/Swiss-Prot,4.0,Active
Q9HB66,UniProtKB/TrEMBL,1.0,Active
A0A087X1U8,UniProtKB/TrEMBL,1.0,Active
Q8N4C5,UniProtKB/TrEMBL,1.0,Active
B4DRE1,UniProtKB/TrEMBL,1.0,Active
Q4KMZ7,UniProtKB/TrEMBL,1.0,Active
A0A7S4ZDQ1,UniProtKB/TrEMBL,1.0,Active
D6REW1,UniProtKB/TrEMBL,1.0,Active
C9J7G0,UniProtKB/TrEMBL,1.0,Active
C9J5K4,UniProtKB/TrEMBL,1.0,Active
Q5IRA6,UniProtKB/TrEMBL,1.0,Active
A0A2R8YCJ5,UniProtKB/Swiss-Prot,2.0,Active
Q6AW83,UniProtKB/TrEMBL,1.0,Active
A0A386IQ62,UniProtKB/TrEMBL,1.0,Active
H0YE54,UniProtKB/TrEMBL,1.0,Active
A0A3S9KRB2,UniProtKB/TrEMBL,1.0,Active
E9PNE1,UniProtKB/TrEMBL,1.0,Active
I3L4P6,UniProtKB/TrEMBL,1.0,Active
A0A286RZ43,UniProtKB/TrEMBL,1.0,Active
A0A0C4DG36,UniProtKB/TrEMBL,1.0,Active
J3QRQ3,UniProtKB/TrEMBL,2.0,Active
B7Z8U0,UniProtKB/TrEMBL,2.0,Active
Q8WWZ1,UniProtKB/Swiss-Prot,5.0,Active
Q9BRH2,UniProtKB/TrEMBL,3.0,Active
A0A2R8Y586,UniProtKB/TrEMBL,1.0,Active
Q08EI0,UniProtKB/TrEMBL,1.0,Active
A0A6Q8JGY2,UniProtKB/TrEMBL,1.0,Active
M0R2I3,UniProtKB/TrEMBL,1.0,Active
P56378,UniProtKB/Swiss-Prot,5.0,Active
A0A804HJ93,UniProtKB/TrEMBL,2.0,Active
F8W8B0,UniProtKB/TrEMBL,1.0,Active
Q9HAD5,UniProtKB/TrEMBL,1.0,Active
A0A1W2PPY1,UniProtKB/TrEMBL,1.0,Active
J3QR49,UniProtKB/TrEMBL,3.0,Active
Q59FN1,UniProtKB/TrEMBL,1.0,Active
E5RJR5,UniProtKB/TrEMBL,2.0,Active
E5RK20,UniProtKB/TrEMBL,1.0,Active
A0A7P0Z4H8,UniProtKB/TrEMBL,1.0,Active
Q14396,UniProtKB/TrEMBL,1.0,Active
E9PS05,UniProtKB/TrEMBL,1.0,Active
C9JH59,UniProtKB/TrEMBL,1.0,Active
A0A096LPH4,UniProtKB/TrEMBL,1.0,Active
A0A6I8PRD4,UniProtKB/TrEMBL,1.0,Active
Q16075,UniProtKB/TrEMBL,1.0,Active
A0A0D9SFA2,UniProtKB/TrEMBL,3.0,Active
B4DFV6,UniProtKB/TrEMBL,1.0,Active
A0A7P0T7U3,UniProtKB/TrEMBL,2.0,Active
Q6NX70,UniProtKB/TrEMBL,1.0,Active
K7EKB6,UniProtKB/TrEMBL,1.0,Active
B2REA5,UniProtKB/TrEMBL,1.0,Active
Q8NEX4,UniProtKB/TrEMBL,1.0,Active
L7ZC27,UniProtKB/TrEMBL,1.0,Active
Q7LAX7,UniProtKB/TrEMBL,2.0,Active
Q6IAG3,UniProtKB/TrEMBL,2.0,Active
D6RGX6,UniProtKB/TrEMBL,2.0,Active
B3KWP5,UniProtKB/TrEMBL,1.0,Active
O95183,UniProtKB/Swiss-Prot,5.0,Active
K7EJY9,UniProtKB/TrEMBL,1.0,Active
Q53TH3,UniProtKB/TrEMBL,1.0,Active
Q7Z7B7,UniProtKB/Swiss-Prot,4.0,Active
H3BU11,UniProtKB/TrEMBL,1.0,Active
P55273,UniProtKB/Swiss-Prot,5.0,Active
O75838,UniProtKB/Swiss-Prot,5.0,Active
G9G139,UniProtKB/TrEMBL,1.0,Active
A6NMA1,UniProtKB/Swiss-Prot,2.0,Active
C9JKM5,UniProtKB/TrEMBL,1.0,Active
Q6ITU8,UniProtKB/TrEMBL,1.0,Active
I3L4V5,UniProtKB/TrEMBL,1.0,Active
A0A7S5BZE3,UniProtKB/TrEMBL,1.0,Active
L8EAN3,UniProtKB/TrEMBL,1.0,Active
A5LIN1,UniProtKB/TrEMBL,1.0,Active
G1UI33,UniProtKB/TrEMBL,2.0,Active
A3KFI9,UniProtKB/TrEMBL,1.0,Active
B7WP89,UniProtKB/TrEMBL,1.0,Active
E9PDE3,UniProtKB/TrEMBL,1.0,Active
Q59GQ1,UniProtKB/TrEMBL,1.0,Active
L8EC61,UniProtKB/TrEMBL,1.0,Active
Q2M5E4,UniProtKB/Swiss-Prot,3.0,Active
E5RIX5,UniProtKB/TrEMBL,1.0,Active
H7C280,UniProtKB/TrEMBL,2.0,Active
F6V6Z1,UniProtKB/TrEMBL,1.0,Active
K7EMJ9,UniProtKB/TrEMBL,1.0,Active
H3BUM1,UniProtKB/TrEMBL,1.0,Active
O95295,UniProtKB/Swiss-Prot,5.0,Active
Q53TC0,UniProtKB/TrEMBL,1.0,Active
B8ZZL3,UniProtKB/TrEMBL,1.0,Active
B8ZZA2,UniProtKB/TrEMBL,1.0,Active
U6BZC6,UniProtKB/TrEMBL,1.0,Active
Q7Z5C5,UniProtKB/TrEMBL,2.0,Active
A0A5C2GEN6,UniProtKB/TrEMBL,1.0,Active
J3KN37,UniProtKB/TrEMBL,1.0,Active
V9GY50,UniProtKB/TrEMBL,1.0,Active
A0A494C0V0,UniProtKB/TrEMBL,1.0,Active
H7C2W5,UniProtKB/TrEMBL,1.0,Active
G9I6H4,UniProtKB/TrEMBL,1.0,Active
H0Y2Y5,UniProtKB/TrEMBL,1.0,Active
E9PLV0,UniProtKB/TrEMBL,1.0,Active
E9PFV5,UniProtKB/TrEMBL,1.0,Active
A0A5C2GCJ7,UniProtKB/TrEMBL,1.0,Active
B1AJV2,UniProtKB/TrEMBL,1.0,Active
E7EPJ9,UniProtKB/TrEMBL,1.0,Active
H0YIP2,UniProtKB/TrEMBL,2.0,Active
Q3MHD2,UniProtKB/Swiss-Prot,5.0,Active
F8VWQ5,UniProtKB/TrEMBL,1.0,Active
L8E7N4,UniProtKB/TrEMBL,1.0,Active
B8ZZZ1,UniProtKB/TrEMBL,2.0,Active
A0A0A0MSA6,UniProtKB/TrEMBL,1.0,Active
G4XXL9,UniProtKB/TrEMBL,2.0,Active
H7BYQ0,UniProtKB/TrEMBL,1.0,Active
A0A804HJK2,UniProtKB/TrEMBL,1.0,Active
H3BS77,UniProtKB/TrEMBL,2.0,Active
A0A6Q8PG99,UniProtKB/TrEMBL,1.0,Active
Q9HDA8,UniProtKB/TrEMBL,1.0,Active
A0A6Q8PGG7,UniProtKB/TrEMBL,1.0,Active
I3L4C5,UniProtKB/TrEMBL,2.0,Active
A6NFY7,UniProtKB/Swiss-Prot,5.0,Active
F8WBE6,UniProtKB/TrEMBL,3.0,Active
G3V4V7,UniProtKB/TrEMBL,1.0,Active
Q9BYK1,UniProtKB/TrEMBL,2.0,Active
H3BU54,UniProtKB/TrEMBL,3.0,Active
A0A024A2P5,UniProtKB/TrEMBL,1.0,Active
Q5T821,UniProtKB/TrEMBL,1.0,Active
E9PRH7,UniProtKB/TrEMBL,3.0,Active
A0A590UJK6,UniProtKB/TrEMBL,1.0,Active
C9JRX4,UniProtKB/TrEMBL,1.0,Active
L8E9J3,UniProtKB/TrEMBL,1.0,Active
J3QQS6,UniProtKB/TrEMBL,1.0,Active
M0R2P5,UniProtKB/TrEMBL,2.0,Active
B7Z9U9,UniProtKB/TrEMBL,2.0,Active
A0A2R8YD14,UniProtKB/TrEMBL,2.0,Active
Q9HAJ6,UniProtKB/TrEMBL,1.0,Active
Q9H382,UniProtKB/TrEMBL,1.0,Active
K7ENL1,UniProtKB/TrEMBL,1.0,Active
Q7Z2I5,UniProtKB/TrEMBL,1.0,Active
B3KT29,UniProtKB/TrEMBL,1.0,Active
Q5J7V8,UniProtKB/TrEMBL,1.0,Active
F5H497,UniProtKB/TrEMBL,1.0,Active
Q6UWK7,UniProtKB/Swiss-Prot,5.0,Active
K7ERX6,UniProtKB/TrEMBL,2.0,Active
Q19UG1,UniProtKB/TrEMBL,2.0,Active
U3KQN7,UniProtKB/TrEMBL,1.0,Active
A0A0U1RQT4,UniProtKB/TrEMBL,1.0,Active
K7EID1,UniProtKB/TrEMBL,1.0,Active
A0A2L0PUR8,UniProtKB/TrEMBL,1.0,Active
H0YM35,UniProtKB/TrEMBL,1.0,Active
F8WDS3,UniProtKB/TrEMBL,1.0,Active
Q8WYE4,UniProtKB/TrEMBL,1.0,Active
A0A6Q8PG85,UniProtKB/TrEMBL,3.0,Active
F8WER7,UniProtKB/TrEMBL,1.0,Active
C9JDS9,UniProtKB/TrEMBL,2.0,Active
F6SZ09,UniProtKB/TrEMBL,1.0,Active
B4DI37,UniProtKB/TrEMBL,1.0,Active
C9J1C7,UniProtKB/TrEMBL,2.0,Active
A0A6Q8PGQ7,UniProtKB/TrEMBL,1.0,Active
M9MML5,UniProtKB/TrEMBL,1.0,Active
A0A0A0MRF4,UniProtKB/TrEMBL,2.0,Active
C9J6F3,UniProtKB/TrEMBL,1.0,Active
H0YEV6,UniProtKB/TrEMBL,1.0,Active
A0T1J2,UniProtKB/TrEMBL,1.0,Active
S4R450,UniProtKB/TrEMBL,1.0,Active
H3BPP8,UniProtKB/TrEMBL,1.0,Active
Q13560,UniProtKB/TrEMBL,1.0,Active
C9IZH1,UniProtKB/TrEMBL,1.0,Active
F5H1Q8,UniProtKB/TrEMBL,1.0,Active
K7ER68,UniProtKB/TrEMBL,1.0,Active
Q9UJQ0,UniProtKB/TrEMBL,1.0,Active
A0A087WUG3,UniProtKB/TrEMBL,1.0,Active
B4DVM4,UniProtKB/TrEMBL,1.0,Active
Q05BV8,UniProtKB/TrEMBL,1.0,Active
U3KQ93,UniProtKB/TrEMBL,2.0,Active
I3L497,UniProtKB/TrEMBL,1.0,Active
E9PP05,UniProtKB/TrEMBL,1.0,Active
Q9Y649,UniProtKB/TrEMBL,5.0,Active
B4E119,UniProtKB/TrEMBL,1.0,Active
H0YLS5,UniProtKB/TrEMBL,1.0,Active
A0PJX0,UniProtKB/Swiss-Prot,4.0,Active
Q5JR49,UniProtKB/TrEMBL,1.0,Active
H0YHS0,UniProtKB/TrEMBL,1.0,Active
Q8IYL1,UniProtKB/TrEMBL,1.0,Active
D6R9Y3,UniProtKB/TrEMBL,1.0,Active
Q5T3T1,UniProtKB/TrEMBL,1.0,Active
M0R0X4,UniProtKB/TrEMBL,1.0,Active
H0YJT1,UniProtKB/TrEMBL,1.0,Active
H0YEV9,UniProtKB/TrEMBL,2.0,Active
A0SEC1,UniProtKB/TrEMBL,2.0,Active
H0YJB3,UniProtKB/TrEMBL,1.0,Active
A0A0C4DGI8,UniProtKB/TrEMBL,2.0,Active
A0A096LNK2,UniProtKB/TrEMBL,1.0,Active
B1B1F0,UniProtKB/TrEMBL,2.0,Active
F5GYA7,UniProtKB/TrEMBL,1.0,Active
H0YGT4,UniProtKB/TrEMBL,1.0,Active
B7Z322,UniProtKB/TrEMBL,1.0,Active
A0A0U1RR19,UniProtKB/TrEMBL,1.0,Active
P78317,UniProtKB/Swiss-Prot,5.0,Active
Q6P2H7,UniProtKB/TrEMBL,1.0,Active
Q9UJV7,UniProtKB/TrEMBL,1.0,Active
Q14507,UniProtKB/Swiss-Prot,3.0,Active
P10997,UniProtKB/Swiss-Prot,5.0,Active
B2R4Q7,UniProtKB/TrEMBL,2.0,Active
Q3C1V5,UniProtKB/TrEMBL,1.0,Active
L0R6S1,UniProtKB/TrEMBL,1.0,Active
Q5XKP0,UniProtKB/Swiss-Prot,5.0,Active
E9PDN7,UniProtKB/TrEMBL,2.0,Active
F8W771,UniProtKB/TrEMBL,1.0,Active
P0C0S5,UniProtKB/Swiss-Prot,5.0,Active
Q96A98,UniProtKB/Swiss-Prot,4.0,Active
J3QKU6,UniProtKB/TrEMBL,1.0,Active
A0A0U1RQM9,UniProtKB/TrEMBL,1.0,Active
A0A0C4DGE2,UniProtKB/TrEMBL,1.0,Active
B4DWU8,UniProtKB/TrEMBL,1.0,Active
A0A804HKP8,UniProtKB/TrEMBL,2.0,Active
Q5I0X4,UniProtKB/Swiss-Prot,2.0,Active
E9PJJ5,UniProtKB/TrEMBL,1.0,Active
D6RBM2,UniProtKB/TrEMBL,2.0,Active
C9JIH3,UniProtKB/TrEMBL,2.0,Active
E9PMB6,UniProtKB/TrEMBL,2.0,Active
Q8TDA2,UniProtKB/TrEMBL,1.0,Active
P15382,UniProtKB/Swiss-Prot,5.0,Active
A0A494C136,UniProtKB/TrEMBL,1.0,Active
E9PPG2,UniProtKB/TrEMBL,1.0,Active
G3V2K2,UniProtKB/TrEMBL,2.0,Active
A0A494C0R7,UniProtKB/TrEMBL,1.0,Active
K7EPE5,UniProtKB/TrEMBL,2.0,Active
Q8TCC3,UniProtKB/Swiss-Prot,4.0,Active
A0A142IK94,UniProtKB/TrEMBL,1.0,Active
Q38LF9,UniProtKB/TrEMBL,2.0,Active
M0QZT6,UniProtKB/TrEMBL,1.0,Active
J3KTH9,UniProtKB/TrEMBL,4.0,Active
F5H7S0,UniProtKB/TrEMBL,1.0,Active
D6RC71,UniProtKB/TrEMBL,1.0,Active
Q4VHE4,UniProtKB/TrEMBL,1.0,Active
Q2PH55,UniProtKB/TrEMBL,1.0,Active
C9JW92,UniProtKB/TrEMBL,1.0,Active
K7EPE2,UniProtKB/TrEMBL,2.0,Active
O14853,UniProtKB/TrEMBL,1.0,Active
A0A3G5AJ89,UniProtKB/TrEMBL,1.0,Active
Q9NRY2,UniProtKB/Swiss-Prot,5.0,Active
P00441,UniProtKB/Swiss-Prot,5.0,Active
Q4W252,UniProtKB/TrEMBL,1.0,Active
Q71RC9,UniProtKB/Swiss-Prot,3.0,Active
E5RI83,UniProtKB/TrEMBL,2.0,Active
Q9HB48,UniProtKB/TrEMBL,1.0,Active
A4D1Q6,UniProtKB/TrEMBL,1.0,Active
K7EL64,UniProtKB/TrEMBL,1.0,Active
B5MCS3,UniProtKB/TrEMBL,1.0,Active
Q96I36,UniProtKB/Swiss-Prot,4.0,Active
A8CGI0,UniProtKB/TrEMBL,1.0,Active
K9JIK7,UniProtKB/TrEMBL,1.0,Active
Q14709,UniProtKB/TrEMBL,1.0,Active
Q6ZNN5,UniProtKB/TrEMBL,1.0,Active
H3BPH2,UniProtKB/TrEMBL,1.0,Active
Q9UEU7,UniProtKB/TrEMBL,1.0,Active
Q9Y3U8,UniProtKB/Swiss-Prot,5.0,Active
Q68DB0,UniProtKB/TrEMBL,2.0,Active
Q5VU69,UniProtKB/Swiss-Prot,3.0,Active
Q96KW7,UniProtKB/TrEMBL,1.0,Active
A0A172WCC1,UniProtKB/TrEMBL,1.0,Active
M0QXH3,UniProtKB/TrEMBL,1.0,Active
Q05DA1,UniProtKB/TrEMBL,1.0,Active
C9J5L2,UniProtKB/TrEMBL,1.0,Active
G3V2L6,UniProtKB/TrEMBL,1.0,Active
Q53T83,UniProtKB/TrEMBL,1.0,Active
H0YMJ6,UniProtKB/TrEMBL,2.0,Active
A0A087WYU8,UniProtKB/TrEMBL,1.0,Active
P21741,UniProtKB/Swiss-Prot,5.0,Active
A8MYG7,UniProtKB/TrEMBL,2.0,Active
A6NDA1,UniProtKB/TrEMBL,2.0,Active
H3BNL9,UniProtKB/TrEMBL,2.0,Active
H3BUA6,UniProtKB/TrEMBL,3.0,Active
J3QL02,UniProtKB/TrEMBL,2.0,Active
C9J5G4,UniProtKB/TrEMBL,2.0,Active
Q9C002,UniProtKB/Swiss-Prot,4.0,Active
Q5I0X7,UniProtKB/Swiss-Prot,3.0,Active
P18859,UniProtKB/Swiss-Prot,5.0,Active
D6RCB6,UniProtKB/TrEMBL,2.0,Active
A0A1B0GUB9,Inactive/Deleted,0.0,Inactive
Q96IS9,UniProtKB/TrEMBL,2.0,Active
C9JTV2,UniProtKB/TrEMBL,1.0,Active
B4DEI3,UniProtKB/TrEMBL,4.0,Active
J3KT95,UniProtKB/TrEMBL,1.0,Active
F8WBF3,UniProtKB/TrEMBL,1.0,Active
D6RCL3,UniProtKB/TrEMBL,2.0,Active
V9GY49,UniProtKB/TrEMBL,1.0,Active
Q15608,UniProtKB/TrEMBL,1.0,Active
A5HU65,UniProtKB/TrEMBL,1.0,Active
B3KRI9,UniProtKB/TrEMBL,1.0,Active
B4DE70,UniProtKB/TrEMBL,1.0,Active
B4DQ53,UniProtKB/TrEMBL,1.0,Active
J3KTI3,UniProtKB/TrEMBL,2.0,Active
A0A0G2JQB5,UniProtKB/TrEMBL,1.0,Active
A0A0S2Z442,UniProtKB/TrEMBL,1.0,Active
Q8NAM4,UniProtKB/TrEMBL,1.0,Active
Q96IX9,UniProtKB/Swiss-Prot,4.0,Active
A0A1W2PPH6,UniProtKB/TrEMBL,2.0,Active
I3L4P1,UniProtKB/TrEMBL,1.0,Active
C9J4X5,UniProtKB/TrEMBL,2.0,Active
M0QZ37,UniProtKB/TrEMBL,1.0,Active
Q5T8Z4,UniProtKB/TrEMBL,2.0,Active
C9J5P8,UniProtKB/TrEMBL,1.0,Active
Q99748,UniProtKB/Swiss-Prot,5.0,Active
A0A2R8Y7X9,UniProtKB/TrEMBL,2.0,Active
O14810,UniProtKB/Swiss-Prot,5.0,Active
A0A0U1RRI8,UniProtKB/TrEMBL,1.0,Active
B4E101,UniProtKB/TrEMBL,2.0,Active
A0A804HJ89,UniProtKB/TrEMBL,2.0,Active
Q6PJQ8,UniProtKB/TrEMBL,2.0,Active
Q5CZ93,UniProtKB/TrEMBL,1.0,Active
Q9BUA5,UniProtKB/TrEMBL,1.0,Active
C9JT45,UniProtKB/TrEMBL,2.0,Active
Q14174,UniProtKB/TrEMBL,1.0,Active
H3BTJ6,UniProtKB/TrEMBL,1.0,Active
P0DKX4,UniProtKB/Swiss-Prot,2.0,Active
Q32W78,UniProtKB/TrEMBL,1.0,Active
A0A1B0GVN6,UniProtKB/TrEMBL,1.0,Active
Q86T23,UniProtKB/Swiss-Prot,2.0,Active
X6R390,UniProtKB/TrEMBL,2.0,Active
J3QKR0,UniProtKB/TrEMBL,1.0,Active
A0A3B3IT71,UniProtKB/TrEMBL,1.0,Active
A0A481T0W6,UniProtKB/TrEMBL,1.0,Active
Q9P1K6,UniProtKB/TrEMBL,1.0,Active
H0YBB8,UniProtKB/TrEMBL,1.0,Active
Q02575,UniProtKB/Swiss-Prot,5.0,Active
C9JAV7,UniProtKB/TrEMBL,1.0,Active
B4DQN6,UniProtKB/TrEMBL,1.0,Active
E5RFP0,UniProtKB/TrEMBL,3.0,Active
E5RGH1,UniProtKB/TrEMBL,1.0,Active
A8K415,UniProtKB/TrEMBL,3.0,Active
Q49AS3,UniProtKB/Swiss-Prot,2.0,Active
C9JZE5,UniProtKB/TrEMBL,2.0,Active
H0YMX4,UniProtKB/TrEMBL,3.0,Active
B7Z789,UniProtKB/TrEMBL,1.0,Active
Q7Z5A9,UniProtKB/Swiss-Prot,3.0,Active
Q59F72,UniProtKB/TrEMBL,1.0,Active
A0A0U1RQT5,UniProtKB/TrEMBL,1.0,Active
H3BS50,UniProtKB/TrEMBL,2.0,Active
A0A494C176,UniProtKB/TrEMBL,1.0,Active
Q9H2E0,UniProtKB/TrEMBL,1.0,Active
A0A023IP89,UniProtKB/TrEMBL,1.0,Active
H0YFM6,UniProtKB/TrEMBL,1.0,Active
G3V1D5,UniProtKB/TrEMBL,1.0,Active
A0A804HHS2,UniProtKB/TrEMBL,1.0,Active
B8ZZV5,UniProtKB/TrEMBL,2.0,Active
L8EAF1,UniProtKB/TrEMBL,1.0,Active
A0A126LAY4,UniProtKB/TrEMBL,1.0,Active
Q7Z7F7,UniProtKB/Swiss-Prot,4.0,Active
B4E034,UniProtKB/TrEMBL,3.0,Active
C9J3M6,UniProtKB/TrEMBL,1.0,Active
F8WDT5,UniProtKB/TrEMBL,1.0,Active
M0QXC4,UniProtKB/TrEMBL,1.0,Active
C9J0T2,UniProtKB/TrEMBL,1.0,Active
B3KMM3,UniProtKB/TrEMBL,1.0,Active
A0A191TDH1,UniProtKB/TrEMBL,1.0,Active
E9PIA7,UniProtKB/TrEMBL,1.0,Active
Q14691,UniProtKB/Swiss-Prot,5.0,Active
Q6ZTB9,UniProtKB/Swiss-Prot,2.0,Active
D6RBJ6,UniProtKB/TrEMBL,1.0,Active
A0A2R8Y6A4,UniProtKB/TrEMBL,2.0,Active
A0A087WUL2,UniProtKB/TrEMBL,2.0,Active
A8K0F7,UniProtKB/TrEMBL,2.0,Active
A0A2R8Y640,UniProtKB/TrEMBL,1.0,Active
F5H6J5,UniProtKB/TrEMBL,1.0,Active
E9PIC1,UniProtKB/TrEMBL,1.0,Active
F8WCY6,UniProtKB/TrEMBL,1.0,Active
C9JBX0,UniProtKB/TrEMBL,1.0,Active
H3BQ40,UniProtKB/TrEMBL,2.0,Active
S4R2Z4,UniProtKB/TrEMBL,1.0,Active
E5RFG4,UniProtKB/TrEMBL,1.0,Active
A0A1B0GWF0,UniProtKB/TrEMBL,1.0,Active
E9PP36,UniProtKB/TrEMBL,2.0,Active
Q0IJ40,UniProtKB/TrEMBL,2.0,Active
C9JLW8,UniProtKB/Swiss-Prot,5.0,Active
E9PN91,UniProtKB/TrEMBL,1.0,Active
A0A0U1RQP8,UniProtKB/TrEMBL,1.0,Active
Q7Z5Z2,UniProtKB/TrEMBL,1.0,Active
F5H0U1,UniProtKB/TrEMBL,1.0,Active
A0A5C2GKE3,UniProtKB/TrEMBL,1.0,Active
Q9UMH6,UniProtKB/TrEMBL,1.0,Active
E5RGX4,UniProtKB/TrEMBL,1.0,Active
Q9P0E1,UniProtKB/TrEMBL,1.0,Active
H3BRA5,UniProtKB/TrEMBL,1.0,Active
E9PQX3,UniProtKB/TrEMBL,1.0,Active
E5RHD7,UniProtKB/TrEMBL,1.0,Active
Q8IWT0,UniProtKB/Swiss-Prot,5.0,Active
P21145,UniProtKB/Swiss-Prot,5.0,Active
C9JQH3,UniProtKB/TrEMBL,1.0,Active
A0A804HHU5,UniProtKB/TrEMBL,2.0,Active
Q4U3K8,UniProtKB/TrEMBL,2.0,Active
A0A0C4ZLG8,UniProtKB/TrEMBL,1.0,Active
B3KTI7,UniProtKB/TrEMBL,1.0,Active
B2R4U3,UniProtKB/TrEMBL,3.0,Active
B3KTL5,UniProtKB/TrEMBL,1.0,Active
A8MYC1,UniProtKB/TrEMBL,2.0,Active
X5CT67,UniProtKB/TrEMBL,1.0,Active
A0A1W2PQK0,UniProtKB/TrEMBL,2.0,Active
E7EWB4,UniProtKB/TrEMBL,1.0,Active
A0A0G2JJA7,UniProtKB/TrEMBL,2.0,Active
J3QR55,UniProtKB/TrEMBL,1.0,Active
B4DJE1,UniProtKB/TrEMBL,1.0,Active
F8VU68,UniProtKB/TrEMBL,3.0,Active
Q9UQV8,UniProtKB/TrEMBL,1.0,Active
Q5IEC8,UniProtKB/TrEMBL,1.0,Active
J3QLM6,UniProtKB/TrEMBL,1.0,Active
Q9BQ48,UniProtKB/Swiss-Prot,3.0,Active
Q6KEH3,UniProtKB/TrEMBL,1.0,Active
A1L1A6,UniProtKB/Swiss-Prot,3.0,Active
A0A7D5Y5E2,UniProtKB/TrEMBL,1.0,Active
A0A346REW0,UniProtKB/TrEMBL,1.0,Active
I6YRR3,UniProtKB/TrEMBL,1.0,Active
Q8N1U0,UniProtKB/TrEMBL,1.0,Active
B4DDW1,UniProtKB/TrEMBL,1.0,Active
H7C4A1,UniProtKB/TrEMBL,2.0,Active
V9HVZ1,UniProtKB/TrEMBL,1.0,Active
A8K221,UniProtKB/TrEMBL,1.0,Active
Q7Z459,UniProtKB/TrEMBL,1.0,Active
F8VYP5,UniProtKB/TrEMBL,1.0,Active
Q3B7C0,UniProtKB/TrEMBL,1.0,Active
C9K0R4,UniProtKB/TrEMBL,1.0,Active
P23528,UniProtKB/Swiss-Prot,5.0,Active
F5H274,UniProtKB/TrEMBL,1.0,Active
B7Z362,UniProtKB/TrEMBL,2.0,Active
A0A3B3IT39,UniProtKB/TrEMBL,2.0,Active
E5RJ09,UniProtKB/TrEMBL,2.0,Active
G3V2X6,UniProtKB/TrEMBL,1.0,Active
K7EKQ0,UniProtKB/TrEMBL,2.0,Active
Q9UIL6,UniProtKB/TrEMBL,2.0,Active
A0A0B4J1T7,UniProtKB/TrEMBL,2.0,Active
Q5SQT6,UniProtKB/TrEMBL,2.0,Active
E9PKM5,UniProtKB/TrEMBL,2.0,Active
B2R547,UniProtKB/TrEMBL,1.0,Active
Q68CV6,UniProtKB/TrEMBL,1.0,Active
B2R5J1,UniProtKB/TrEMBL,2.0,Active
J3QR69,UniProtKB/TrEMBL,1.0,Active
B0QY04,UniProtKB/TrEMBL,1.0,Active
F5H0U5,UniProtKB/TrEMBL,2.0,Active
H3BS06,UniProtKB/TrEMBL,1.0,Active
Q9NV35,UniProtKB/Swiss-Prot,5.0,Active
Q6UW78,UniProtKB/Swiss-Prot,5.0,Active
I3L4K3,UniProtKB/TrEMBL,2.0,Active
J3QQJ3,UniProtKB/TrEMBL,1.0,Active
F8WDK9,UniProtKB/TrEMBL,1.0,Active
H3BTF7,UniProtKB/TrEMBL,1.0,Active
F8WC53,UniProtKB/TrEMBL,1.0,Active
E5RJD5,UniProtKB/TrEMBL,1.0,Active
P0CG01,UniProtKB/Swiss-Prot,3.0,Active
A0A7R8GUW8,UniProtKB/TrEMBL,2.0,Active
D6RBN6,UniProtKB/TrEMBL,2.0,Active
A0A7I2V2V9,UniProtKB/TrEMBL,1.0,Active
A0A2R8YDW8,UniProtKB/TrEMBL,1.0,Active
H0YJ47,UniProtKB/TrEMBL,2.0,Active
Q8WW96,UniProtKB/TrEMBL,1.0,Active
A0A7I2V413,UniProtKB/TrEMBL,1.0,Active
Q5VZT6,UniProtKB/TrEMBL,1.0,Active
A0A0B4J1R7,UniProtKB/TrEMBL,1.0,Active
Q2HIZ8,UniProtKB/TrEMBL,1.0,Active
H0YIB9,UniProtKB/TrEMBL,1.0,Active
P10082,UniProtKB/Swiss-Prot,5.0,Active
B1AKJ3,UniProtKB/TrEMBL,1.0,Active
A0A7R8GUN6,UniProtKB/TrEMBL,3.0,Active
A0A1W2PPY0,UniProtKB/TrEMBL,1.0,Active
B7Z4G0,UniProtKB/TrEMBL,1.0,Active
H0YBW6,UniProtKB/TrEMBL,1.0,Active
J9JIF6,UniProtKB/TrEMBL,2.0,Active
J3QRP0,UniProtKB/TrEMBL,1.0,Active
C9JZ04,UniProtKB/TrEMBL,2.0,Active
Q0VAL8,UniProtKB/TrEMBL,1.0,Active
E9PP52,UniProtKB/TrEMBL,1.0,Active
P51970,UniProtKB/Swiss-Prot,5.0,Active
C9JQQ5,UniProtKB/TrEMBL,1.0,Active
B4DKA2,UniProtKB/TrEMBL,1.0,Active
A0A7I2V4L0,UniProtKB/TrEMBL,2.0,Active
A0A7I2YQL6,UniProtKB/TrEMBL,1.0,Active
M0QYF9,UniProtKB/TrEMBL,1.0,Active
E9PM09,UniProtKB/TrEMBL,2.0,Active
I0EZ68,UniProtKB/TrEMBL,1.0,Active
A0A5F9ZH68,UniProtKB/TrEMBL,1.0,Active
Q5T7U8,UniProtKB/TrEMBL,1.0,Active
F5H5B1,UniProtKB/TrEMBL,1.0,Active
Q7Z4G3,UniProtKB/TrEMBL,1.0,Active
A0A3B3IRJ8,UniProtKB/TrEMBL,3.0,Active
K7EL10,UniProtKB/TrEMBL,2.0,Active
K7EQU9,UniProtKB/TrEMBL,2.0,Active
C9JS68,UniProtKB/TrEMBL,1.0,Active
E9PR32,UniProtKB/TrEMBL,1.0,Active
C9K011,UniProtKB/TrEMBL,1.0,Active
A0A494C0R2,UniProtKB/TrEMBL,1.0,Active
A0A2R8YG47,UniProtKB/TrEMBL,1.0,Active
P24310,UniProtKB/Swiss-Prot,5.0,Active
B7Z9G1,UniProtKB/TrEMBL,1.0,Active
F8VPN9,UniProtKB/TrEMBL,1.0,Active
F5GZH1,UniProtKB/TrEMBL,2.0,Active
K7ERB6,UniProtKB/TrEMBL,1.0,Active
E5RG28,UniProtKB/TrEMBL,1.0,Active
F5GZR8,UniProtKB/TrEMBL,1.0,Active
L8E801,UniProtKB/TrEMBL,1.0,Active
E9PLG2,UniProtKB/TrEMBL,1.0,Active
A4VCH5,UniProtKB/TrEMBL,1.0,Active
Q49AH0,UniProtKB/Swiss-Prot,4.0,Active
X2G254,UniProtKB/TrEMBL,1.0,Active
D6RGV9,UniProtKB/TrEMBL,2.0,Active
B2R755,UniProtKB/TrEMBL,1.0,Active
Q16514,UniProtKB/Swiss-Prot,5.0,Active
O60380,UniProtKB/TrEMBL,1.0,Active
F8VTT8,UniProtKB/TrEMBL,1.0,Active
H0YIT4,UniProtKB/TrEMBL,1.0,Active
B7Z3V0,UniProtKB/TrEMBL,1.0,Active
B4DJW5,UniProtKB/TrEMBL,1.0,Active
A0A087WTZ8,UniProtKB/TrEMBL,1.0,Active
H0YF06,UniProtKB/TrEMBL,1.0,Active
E7EWI4,UniProtKB/TrEMBL,3.0,Active
A6NJX0,UniProtKB/TrEMBL,3.0,Active
A0A7S5C230,UniProtKB/TrEMBL,1.0,Active
D6RCU0,UniProtKB/TrEMBL,2.0,Active
Q6IMJ7,UniProtKB/TrEMBL,1.0,Active
K7EN58,UniProtKB/TrEMBL,1.0,Active
Q8NF55,UniProtKB/TrEMBL,1.0,Active
E9PNH1,UniProtKB/TrEMBL,1.0,Active
L8E9P5,UniProtKB/TrEMBL,1.0,Active
Q9NWQ9,UniProtKB/Swiss-Prot,5.0,Active
F2Z2V2,UniProtKB/TrEMBL,1.0,Active
K7EQ87,UniProtKB/TrEMBL,1.0,Active
A0A669KAW6,UniProtKB/TrEMBL,1.0,Active
Q86SZ9,UniProtKB/TrEMBL,1.0,Active
G0XYE8,UniProtKB/TrEMBL,1.0,Active
E9PL11,UniProtKB/TrEMBL,2.0,Active
P01270,UniProtKB/Swiss-Prot,5.0,Active
Q9P0V4,UniProtKB/TrEMBL,1.0,Active
G3XAM4,UniProtKB/TrEMBL,1.0,Active
C9JU18,UniProtKB/TrEMBL,1.0,Active
Q8N2U0,UniProtKB/Swiss-Prot,2.0,Active
D6R9Z8,UniProtKB/TrEMBL,1.0,Active
C9J967,UniProtKB/TrEMBL,1.0,Active
Q29RX5,UniProtKB/TrEMBL,1.0,Active
A0A087WY74,UniProtKB/TrEMBL,2.0,Active
Q14487,UniProtKB/TrEMBL,2.0,Active
V9GYT7,UniProtKB/TrEMBL,1.0,Active
Q9NR00,UniProtKB/Swiss-Prot,5.0,Active
Q5JS36,UniProtKB/TrEMBL,1.0,Active
B3KM30,UniProtKB/TrEMBL,1.0,Active
A8W2L8,UniProtKB/TrEMBL,1.0,Active
A0A0N7B165,UniProtKB/TrEMBL,2.0,Active
F8VVF3,UniProtKB/TrEMBL,1.0,Active
Q9H7M3,UniProtKB/TrEMBL,1.0,Active
L7T9J5,UniProtKB/TrEMBL,1.0,Active
I3L3E0,UniProtKB/TrEMBL,1.0,Active
A0A0G2JMG0,UniProtKB/TrEMBL,1.0,Active
O43667,UniProtKB/TrEMBL,1.0,Active
Q6LBK7,UniProtKB/TrEMBL,1.0,Active
Q6PIW1,UniProtKB/TrEMBL,2.0,Active
I3L2N0,UniProtKB/TrEMBL,2.0,Active
Q9NV34,UniProtKB/TrEMBL,1.0,Active
G3V517,UniProtKB/TrEMBL,1.0,Active
E9PPQ5,UniProtKB/TrEMBL,1.0,Active
A0A0S2Z5H0,UniProtKB/TrEMBL,1.0,Active
B4DGZ1,UniProtKB/TrEMBL,1.0,Active
B7ZKL4,UniProtKB/TrEMBL,1.0,Active
B3KXT7,UniProtKB/TrEMBL,2.0,Active
H3BTZ7,UniProtKB/TrEMBL,1.0,Active
G3V2R7,UniProtKB/TrEMBL,1.0,Active
K7EIP5,UniProtKB/TrEMBL,1.0,Active
H0YEU3,UniProtKB/TrEMBL,1.0,Active
H0YK33,UniProtKB/TrEMBL,1.0,Active
A0A096LPI8,UniProtKB/TrEMBL,1.0,Active
B1AJQ5,UniProtKB/TrEMBL,1.0,Active
B4DHA6,UniProtKB/TrEMBL,1.0,Active
Q8TEV2,UniProtKB/TrEMBL,2.0,Active
C9J1G9,UniProtKB/TrEMBL,1.0,Active
Q96DE0,UniProtKB/Swiss-Prot,5.0,Active
Q9H014,UniProtKB/TrEMBL,2.0,Active
L8E8V3,UniProtKB/TrEMBL,1.0,Active
A0A0S2Z4W5,UniProtKB/TrEMBL,1.0,Active
H7C354,UniProtKB/TrEMBL,1.0,Active
F8WBZ8,UniProtKB/TrEMBL,1.0,Active
H0YKE8,UniProtKB/TrEMBL,1.0,Active
P26441,UniProtKB/Swiss-Prot,5.0,Active
A0A804HIB8,UniProtKB/TrEMBL,2.0,Active
Q8NAG3,UniProtKB/TrEMBL,1.0,Active
H0YA98,UniProtKB/TrEMBL,2.0,Active
R4GNB3,UniProtKB/TrEMBL,1.0,Active
Q6ZPB4,UniProtKB/TrEMBL,1.0,Active
F5H215,UniProtKB/TrEMBL,1.0,Active
Q8NEH8,UniProtKB/TrEMBL,1.0,Active
F2Z355,UniProtKB/TrEMBL,2.0,Active
A4UCU1,UniProtKB/TrEMBL,1.0,Active
F8VXH4,UniProtKB/TrEMBL,1.0,Active
A6PVI3,UniProtKB/Swiss-Prot,2.0,Active
K7EJY8,UniProtKB/TrEMBL,1.0,Active
G3V3G7,UniProtKB/TrEMBL,1.0,Active
A0PJA6,UniProtKB/TrEMBL,1.0,Active
H0YEU7,UniProtKB/TrEMBL,2.0,Active
H0YMZ8,UniProtKB/TrEMBL,1.0,Active
Q16548,UniProtKB/Swiss-Prot,5.0,Active
J3KS73,UniProtKB/TrEMBL,1.0,Active
E5RGR7,UniProtKB/TrEMBL,1.0,Active
Q8IX80,UniProtKB/TrEMBL,1.0,Active
Q6KEH8,UniProtKB/TrEMBL,1.0,Active
F8W1J2,UniProtKB/TrEMBL,1.0,Active
Q9HCT0,UniProtKB/Swiss-Prot,4.0,Active
G3V2N0,UniProtKB/TrEMBL,2.0,Active
Q9UFW7,UniProtKB/TrEMBL,1.0,Active
Q8TDH5,UniProtKB/TrEMBL,1.0,Active
B7ZC83,UniProtKB/TrEMBL,1.0,Active
Q3SY98,UniProtKB/TrEMBL,1.0,Active
B3KP07,UniProtKB/TrEMBL,1.0,Active
I3L4A5,UniProtKB/TrEMBL,1.0,Active
A6H8Y7,UniProtKB/TrEMBL,1.0,Active
O60846,UniProtKB/TrEMBL,1.0,Active
Q9NRC3,UniProtKB/TrEMBL,1.0,Active
P78328,UniProtKB/TrEMBL,1.0,Active
Q4VXA6,UniProtKB/TrEMBL,2.0,Active
K7ESG2,UniProtKB/TrEMBL,1.0,Active
E2QRG1,UniProtKB/TrEMBL,1.0,Active
Q3KRB4,UniProtKB/TrEMBL,2.0,Active
C9J5M2,UniProtKB/TrEMBL,1.0,Active
F8VS33,UniProtKB/TrEMBL,1.0,Active
Q53SD2,UniProtKB/TrEMBL,1.0,Active
C9JL25,UniProtKB/TrEMBL,2.0,Active
Q9BX60,UniProtKB/TrEMBL,1.0,Active
B4DVA3,UniProtKB/TrEMBL,1.0,Active
H7C5E9,UniProtKB/TrEMBL,2.0,Active
P57771,UniProtKB/Swiss-Prot,5.0,Active
P0DH78,UniProtKB/Swiss-Prot,1.0,Active
Q8N2Z9,UniProtKB/Swiss-Prot,5.0,Active
K7EIZ9,UniProtKB/TrEMBL,1.0,Active
D3TTZ5,UniProtKB/TrEMBL,2.0,Active
O95168,UniProtKB/Swiss-Prot,5.0,Active
L8EA53,UniProtKB/TrEMBL,1.0,Active
A0A0S2Z4I0,UniProtKB/TrEMBL,2.0,Active
D6RBC1,UniProtKB/TrEMBL,2.0,Active
B3KVC9,UniProtKB/TrEMBL,1.0,Active
K7EQQ5,UniProtKB/TrEMBL,1.0,Active
E9PQ62,UniProtKB/TrEMBL,1.0,Active
B7Z1M6,UniProtKB/TrEMBL,1.0,Active
H7BZS4,UniProtKB/TrEMBL,1.0,Active
Q6ZNP8,UniProtKB/TrEMBL,1.0,Active
Q9UMB6,UniProtKB/TrEMBL,1.0,Active
Q75MQ9,UniProtKB/TrEMBL,1.0,Active
Q8N0T1,UniProtKB/Swiss-Prot,4.0,Active
C9JLC1,UniProtKB/TrEMBL,2.0,Active
A0A0U1RRK0,UniProtKB/TrEMBL,1.0,Active
A0A804HKU9,UniProtKB/TrEMBL,1.0,Active
O00435,UniProtKB/TrEMBL,1.0,Active
B4E2L3,UniProtKB/TrEMBL,2.0,Active
A0A5F9UN72,UniProtKB/TrEMBL,1.0,Active
M0R208,UniProtKB/TrEMBL,3.0,Active
K7EMF5,UniProtKB/TrEMBL,1.0,Active
F8WCU8,UniProtKB/TrEMBL,1.0,Active
F5H744,UniProtKB/TrEMBL,1.0,Active
A0A087WTU4,UniProtKB/TrEMBL,1.0,Active
Q96D03,UniProtKB/Swiss-Prot,5.0,Active
O76040,UniProtKB/TrEMBL,1.0,Active
C8C069,UniProtKB/TrEMBL,1.0,Active
S4UM43,UniProtKB/TrEMBL,1.0,Active
E9PLU6,UniProtKB/TrEMBL,1.0,Active
K7EII8,UniProtKB/TrEMBL,1.0,Active
A0A2R8Y6F7,UniProtKB/TrEMBL,1.0,Active
A0ASV4,UniProtKB/TrEMBL,1.0,Active
B8ZZQ1,UniProtKB/TrEMBL,1.0,Active
A0A0U1RQW5,UniProtKB/TrEMBL,1.0,Active
Q7Z5B7,UniProtKB/TrEMBL,1.0,Active
Q9HAJ7,UniProtKB/Swiss-Prot,5.0,Active
A0A804HIR4,UniProtKB/TrEMBL,1.0,Active
Q7Z6N9,UniProtKB/TrEMBL,2.0,Active
O60531,UniProtKB/TrEMBL,1.0,Active
L8EC97,UniProtKB/TrEMBL,1.0,Active
A0A0J9YWP2,UniProtKB/TrEMBL,1.0,Active
Q9UJZ4,UniProtKB/TrEMBL,1.0,Active
X6RHR0,UniProtKB/TrEMBL,2.0,Active
Q9H359,UniProtKB/TrEMBL,1.0,Active
Q9Y4N6,UniProtKB/TrEMBL,1.0,Active
C9J3B6,UniProtKB/TrEMBL,1.0,Active
Q6IAE6,UniProtKB/TrEMBL,2.0,Active
B4DKI9,UniProtKB/TrEMBL,1.0,Active
Q49AA3,UniProtKB/TrEMBL,1.0,Active
H0YMA0,UniProtKB/TrEMBL,2.0,Active
K7ENW6,UniProtKB/TrEMBL,1.0,Active
L8E8D0,UniProtKB/TrEMBL,1.0,Active
A0ZSE6,UniProtKB/Swiss-Prot,2.0,Active
A0A2R8Y693,UniProtKB/TrEMBL,1.0,Active
I3QNU8,UniProtKB/TrEMBL,1.0,Active
E9PQ55,UniProtKB/TrEMBL,1.0,Active
I3L2P5,UniProtKB/TrEMBL,1.0,Active
H0YLH6,UniProtKB/TrEMBL,1.0,Active
Q5VZD9,UniProtKB/TrEMBL,1.0,Active
V9PAP6,UniProtKB/TrEMBL,1.0,Active
H3BQI5,UniProtKB/TrEMBL,1.0,Active
B0QY51,UniProtKB/TrEMBL,1.0,Active
H3BMQ3,UniProtKB/TrEMBL,1.0,Active
A0A0U1RRE0,UniProtKB/TrEMBL,1.0,Active
F1T0D2,UniProtKB/TrEMBL,2.0,Active
Q59GK5,UniProtKB/TrEMBL,1.0,Active
H0YBQ9,UniProtKB/TrEMBL,1.0,Active
Q92531,UniProtKB/TrEMBL,1.0,Active
Q2V8N0,UniProtKB/TrEMBL,1.0,Active
P01286,UniProtKB/Swiss-Prot,5.0,Active
K7EII1,UniProtKB/TrEMBL,1.0,Active
H3BSI0,UniProtKB/TrEMBL,1.0,Active
A0A087WTX3,UniProtKB/TrEMBL,1.0,Active
A0A6Q8PG98,UniProtKB/TrEMBL,1.0,Active
A4QMR6,UniProtKB/TrEMBL,1.0,Active
X1WI29,UniProtKB/TrEMBL,1.0,Active
H1ZZW4,UniProtKB/TrEMBL,1.0,Active
P01185,UniProtKB/Swiss-Prot,5.0,Active
Q71N00,UniProtKB/TrEMBL,1.0,Active
S4R3E5,UniProtKB/TrEMBL,2.0,Active
O00198,UniProtKB/Swiss-Prot,5.0,Active
D6R9H3,UniProtKB/TrEMBL,1.0,Active
A0A0C4DFX8,UniProtKB/TrEMBL,1.0,Active
E5RJA8,UniProtKB/TrEMBL,2.0,Active
A6NML5,UniProtKB/Swiss-Prot,1.0,Active
K7EM28,UniProtKB/TrEMBL,1.0,Active
J3KT61,UniProtKB/TrEMBL,2.0,Active
J3KTK0,UniProtKB/TrEMBL,1.0,Active
A0A494C0P0,UniProtKB/TrEMBL,2.0,Active
H0YFK7,UniProtKB/TrEMBL,1.0,Active
Q9NST9,UniProtKB/TrEMBL,1.0,Active
D6RDK8,UniProtKB/TrEMBL,1.0,Active
S4R471,UniProtKB/TrEMBL,2.0,Active
Q96P72,UniProtKB/TrEMBL,2.0,Active
Q9H2B5,UniProtKB/TrEMBL,1.0,Active
B7Z1X9,UniProtKB/TrEMBL,1.0,Active
K7EJI1,UniProtKB/TrEMBL,1.0,Active
H3BRR3,UniProtKB/TrEMBL,1.0,Active
E9PR30,UniProtKB/TrEMBL,1.0,Active
B0YJ76,UniProtKB/TrEMBL,2.0,Active
P83916,UniProtKB/Swiss-Prot,5.0,Active
Q5T6F6,UniProtKB/TrEMBL,2.0,Active
P27469,UniProtKB/Swiss-Prot,5.0,Active
Q05CQ7,UniProtKB/TrEMBL,1.0,Active
F1LLU5,UniProtKB/TrEMBL,1.0,Active
Q5KSY4,UniProtKB/TrEMBL,1.0,Active
C9J299,UniProtKB/TrEMBL,1.0,Active
F8W095,UniProtKB/TrEMBL,1.0,Active
M0QYK8,UniProtKB/TrEMBL,2.0,Active
A7J1S2,UniProtKB/TrEMBL,1.0,Active
H0YFD4,UniProtKB/TrEMBL,1.0,Active
Q7Z4R1,UniProtKB/TrEMBL,1.0,Active
C9JA62,UniProtKB/TrEMBL,1.0,Active
O15525,UniProtKB/Swiss-Prot,5.0,Active
B2RU19,UniProtKB/TrEMBL,1.0,Active
Q9H2N9,UniProtKB/TrEMBL,1.0,Active
Q96K17,UniProtKB/Swiss-Prot,3.0,Active
E5RHC1,UniProtKB/TrEMBL,2.0,Active
H9A8L0,UniProtKB/TrEMBL,1.0,Active
L8E998,UniProtKB/TrEMBL,1.0,Active
A0A0A6YYG8,UniProtKB/TrEMBL,1.0,Active
Q7Z6V3,UniProtKB/TrEMBL,2.0,Active
E9PS59,UniProtKB/TrEMBL,1.0,Active
B4DKV8,UniProtKB/TrEMBL,1.0,Active
P0C2S0,UniProtKB/Swiss-Prot,2.0,Active
F5H092,UniProtKB/TrEMBL,2.0,Active
A0A7R8C389,UniProtKB/TrEMBL,1.0,Active
A0A0D9SFZ9,UniProtKB/TrEMBL,2.0,Active
B4DWQ4,UniProtKB/TrEMBL,1.0,Active
K7EP01,UniProtKB/TrEMBL,2.0,Active
P0DJI8,UniProtKB/Swiss-Prot,5.0,Active
H3BTY5,UniProtKB/TrEMBL,1.0,Active
D6RFW1,UniProtKB/TrEMBL,1.0,Active
C9J3I9,UniProtKB/Swiss-Prot,1.0,Active
O75810,UniProtKB/TrEMBL,1.0,Active
H0YAD3,UniProtKB/TrEMBL,1.0,Active
A0A0U1RQZ2,UniProtKB/TrEMBL,1.0,Active
Q5ZEZ6,UniProtKB/TrEMBL,1.0,Active
C9IZF9,UniProtKB/TrEMBL,1.0,Active
Q6B9Z1,UniProtKB/Swiss-Prot,2.0,Active
I3L348,UniProtKB/TrEMBL,2.0,Active
F8VNW4,UniProtKB/TrEMBL,1.0,Active
X6R674,UniProtKB/TrEMBL,1.0,Active
A0A0D9SFU6,UniProtKB/TrEMBL,1.0,Active
A0A1B0GVG0,UniProtKB/TrEMBL,1.0,Active
E9PIK8,UniProtKB/TrEMBL,1.0,Active
M0QZ64,UniProtKB/TrEMBL,1.0,Active
Q6U2K2,UniProtKB/TrEMBL,1.0,Active
A4D0Y8,UniProtKB/TrEMBL,5.0,Active
B3VRV0,UniProtKB/TrEMBL,1.0,Active
A0A087X270,UniProtKB/TrEMBL,1.0,Active
Q9H2Q3,UniProtKB/TrEMBL,1.0,Active
A0A7I2V3H8,UniProtKB/TrEMBL,2.0,Active
B7ZA87,UniProtKB/TrEMBL,2.0,Active
D6RGF1,UniProtKB/TrEMBL,1.0,Active
Q75MM1,UniProtKB/TrEMBL,3.0,Active
Q4U2R6,UniProtKB/Swiss-Prot,4.0,Active
I3L3C4,UniProtKB/TrEMBL,2.0,Active
F5H3C1,UniProtKB/TrEMBL,1.0,Active
A0A5C2GAN6,UniProtKB/TrEMBL,1.0,Active
H3BTX6,UniProtKB/TrEMBL,1.0,Active
H0YAA8,UniProtKB/TrEMBL,2.0,Active
A2AB11,UniProtKB/TrEMBL,2.0,Active
F8WDD3,UniProtKB/TrEMBL,1.0,Active
A0A087WZX2,UniProtKB/TrEMBL,2.0,Active
F8WBM7,UniProtKB/TrEMBL,2.0,Active
H0YLS6,UniProtKB/TrEMBL,2.0,Active
E5RFU4,UniProtKB/TrEMBL,1.0,Active
E5RGF5,UniProtKB/TrEMBL,1.0,Active
Q96RQ7,UniProtKB/TrEMBL,1.0,Active
A0A024RBB5,UniProtKB/TrEMBL,1.0,Active
A0A3Q8TNJ6,UniProtKB/TrEMBL,2.0,Active
A2A2I8,UniProtKB/TrEMBL,1.0,Active
D6R9D1,UniProtKB/TrEMBL,1.0,Active
M0QX83,UniProtKB/TrEMBL,1.0,Active
A0A087WTY8,UniProtKB/TrEMBL,1.0,Active
D6RIB8,UniProtKB/TrEMBL,1.0,Active
F5H364,UniProtKB/TrEMBL,2.0,Active
Q96HR3,UniProtKB/Swiss-Prot,5.0,Active
F8VSK7,UniProtKB/TrEMBL,1.0,Active
A0A2R4LFI1,UniProtKB/TrEMBL,1.0,Active
Q8NFF3,UniProtKB/TrEMBL,3.0,Active
J3KRT5,UniProtKB/TrEMBL,1.0,Active
Q5T211,UniProtKB/TrEMBL,2.0,Active
Q8N1A6,UniProtKB/Swiss-Prot,3.0,Active
M0R2S3,UniProtKB/TrEMBL,1.0,Active
P0CW19,UniProtKB/Swiss-Prot,2.0,Active
C9IZG7,UniProtKB/TrEMBL,1.0,Active
Q9UI14,UniProtKB/Swiss-Prot,5.0,Active
Q659E0,UniProtKB/TrEMBL,1.0,Active
A0A7P0T8B1,UniProtKB/TrEMBL,1.0,Active
H0Y5L7,UniProtKB/TrEMBL,1.0,Active
B7Z306,UniProtKB/TrEMBL,2.0,Active
S4R3U9,UniProtKB/TrEMBL,2.0,Active
Q75M98,UniProtKB/TrEMBL,1.0,Active
B8ZZC5,UniProtKB/TrEMBL,2.0,Active
C9JLI1,UniProtKB/TrEMBL,1.0,Active
C9J7U9,UniProtKB/TrEMBL,1.0,Active
H7BZD1,UniProtKB/TrEMBL,2.0,Active
A0A0S2Z5N8,UniProtKB/TrEMBL,1.0,Active
C9JRX2,UniProtKB/TrEMBL,1.0,Active
C9IZD2,UniProtKB/TrEMBL,2.0,Active
F5H852,UniProtKB/TrEMBL,1.0,Active
Q504U0,UniProtKB/Swiss-Prot,3.0,Active
A0A2I2MP53,UniProtKB/TrEMBL,2.0,Active
O00453,UniProtKB/Swiss-Prot,5.0,Active
B4DLJ8,UniProtKB/TrEMBL,1.0,Active
H3BRE0,UniProtKB/TrEMBL,1.0,Active
Q7L2X4,UniProtKB/TrEMBL,2.0,Active
E5RFQ8,UniProtKB/TrEMBL,2.0,Active
Q6GPH2,UniProtKB/TrEMBL,1.0,Active
A0A0N7B9C5,UniProtKB/TrEMBL,2.0,Active
M0R1K5,UniProtKB/TrEMBL,1.0,Active
A0A0C4DH05,UniProtKB/TrEMBL,1.0,Active
I3L2A7,UniProtKB/TrEMBL,1.0,Active
A0A2R8Y484,UniProtKB/TrEMBL,2.0,Active
V9HW86,UniProtKB/TrEMBL,2.0,Active
B7Z6S8,UniProtKB/TrEMBL,2.0,Active
B4DL90,UniProtKB/TrEMBL,1.0,Active
H0YLL8,UniProtKB/TrEMBL,1.0,Active
Q8IXM3,UniProtKB/Swiss-Prot,5.0,Active
A0A0D9SFQ6,UniProtKB/TrEMBL,1.0,Active
E9PJN6,UniProtKB/TrEMBL,1.0,Active
Q9BV19,UniProtKB/Swiss-Prot,4.0,Active
A0A7I2V3Z5,UniProtKB/TrEMBL,1.0,Active
G3V503,UniProtKB/TrEMBL,2.0,Active
K7EQH9,UniProtKB/TrEMBL,1.0,Active
K7EID2,UniProtKB/TrEMBL,1.0,Active
J3KSH6,UniProtKB/TrEMBL,2.0,Active
K7ERD7,UniProtKB/TrEMBL,2.0,Active
P78451,UniProtKB/TrEMBL,2.0,Active
Q8TER9,UniProtKB/TrEMBL,1.0,Active
E9PPV7,UniProtKB/TrEMBL,1.0,Active
C9J8E4,UniProtKB/TrEMBL,1.0,Active
H0YEJ0,UniProtKB/TrEMBL,1.0,Active
Q9NWA0,UniProtKB/Swiss-Prot,4.0,Active
A0A1B0GWE4,UniProtKB/TrEMBL,1.0,Active
Q9NZ42,UniProtKB/Swiss-Prot,5.0,Active
C9JSM2,UniProtKB/TrEMBL,1.0,Active
Q9ULR5,UniProtKB/Swiss-Prot,4.0,Active
A1L159,UniProtKB/TrEMBL,1.0,Active
B1AQT3,UniProtKB/TrEMBL,2.0,Active
F8WEP3,UniProtKB/TrEMBL,1.0,Active
C9JBD2,UniProtKB/TrEMBL,5.0,Active
Q5Q5I7,UniProtKB/TrEMBL,2.0,Active
Q5TF43,UniProtKB/TrEMBL,1.0,Active
E5RJP2,UniProtKB/TrEMBL,1.0,Active
E5RFK7,UniProtKB/TrEMBL,1.0,Active
Q8NFI9,UniProtKB/TrEMBL,1.0,Active
G3V484,UniProtKB/TrEMBL,1.0,Active
B4DN36,UniProtKB/TrEMBL,1.0,Active
Q8N8D7,UniProtKB/Swiss-Prot,2.0,Active
K7EPP9,UniProtKB/TrEMBL,1.0,Active
H3BVG9,UniProtKB/TrEMBL,2.0,Active
H3BT56,UniProtKB/TrEMBL,2.0,Active
F1T0F0,UniProtKB/TrEMBL,2.0,Active
H3BSE5,UniProtKB/TrEMBL,1.0,Active
P23763,UniProtKB/Swiss-Prot,5.0,Active
G3V493,UniProtKB/TrEMBL,1.0,Active
Q9BPZ3,UniProtKB/Swiss-Prot,5.0,Active
H7BZE3,UniProtKB/TrEMBL,1.0,Active
E9PMB7,UniProtKB/TrEMBL,1.0,Active
C9J4C2,UniProtKB/TrEMBL,1.0,Active
B8ZZ99,UniProtKB/TrEMBL,1.0,Active
I3L1U5,UniProtKB/TrEMBL,2.0,Active
Q5VXD3,UniProtKB/Swiss-Prot,2.0,Active
B4DJN8,UniProtKB/TrEMBL,1.0,Active
B7Z644,UniProtKB/TrEMBL,1.0,Active
H7C326,UniProtKB/TrEMBL,1.0,Active
A0A024R3B8,UniProtKB/TrEMBL,1.0,Active
H0YM87,UniProtKB/TrEMBL,1.0,Active
Q7L033,UniProtKB/TrEMBL,1.0,Active
F8VU88,UniProtKB/TrEMBL,1.0,Active
A0A3B3IS45,UniProtKB/TrEMBL,2.0,Active
Q6T776,UniProtKB/TrEMBL,1.0,Active
K7ELK9,UniProtKB/TrEMBL,1.0,Active
B3FHX2,UniProtKB/TrEMBL,1.0,Active
Q5JTQ9,UniProtKB/TrEMBL,1.0,Active
C9IYX7,UniProtKB/TrEMBL,4.0,Active
H3BSI8,UniProtKB/TrEMBL,1.0,Active
C9IYT1,UniProtKB/TrEMBL,1.0,Active
A0A3B3ITT9,UniProtKB/TrEMBL,2.0,Active
X6R9S5,UniProtKB/TrEMBL,2.0,Active
E5RHA5,UniProtKB/TrEMBL,2.0,Active
A0A1B1PFW3,UniProtKB/TrEMBL,2.0,Active
C9JZJ5,UniProtKB/TrEMBL,1.0,Active
E9PPL6,UniProtKB/TrEMBL,1.0,Active
Q6ZMG6,UniProtKB/TrEMBL,1.0,Active
K7ENU6,UniProtKB/TrEMBL,1.0,Active
F2Z2L1,UniProtKB/TrEMBL,1.0,Active
K7ERD8,UniProtKB/TrEMBL,2.0,Active
E9PMX6,UniProtKB/TrEMBL,1.0,Active
Q5VZ77,UniProtKB/TrEMBL,1.0,Active
F5H5D9,UniProtKB/TrEMBL,1.0,Active
Q5TA02,UniProtKB/TrEMBL,3.0,Active
A0A5C2GD60,UniProtKB/TrEMBL,1.0,Active
F8WCQ3,UniProtKB/TrEMBL,1.0,Active
K7EN03,UniProtKB/TrEMBL,2.0,Active
E9PJG2,UniProtKB/TrEMBL,1.0,Active
K7ERM9,UniProtKB/TrEMBL,2.0,Active
C9JBK3,UniProtKB/TrEMBL,1.0,Active
K7EPB3,UniProtKB/TrEMBL,1.0,Active
Q5U5X0,UniProtKB/Swiss-Prot,5.0,Active
Q6UXN7,UniProtKB/Swiss-Prot,3.0,Active
Q5VZ52,UniProtKB/Swiss-Prot,4.0,Active
A8MTL9,UniProtKB/Swiss-Prot,3.0,Active
P47874,UniProtKB/Swiss-Prot,4.0,Active
E9PQ51,UniProtKB/TrEMBL,1.0,Active
X6R8I9,UniProtKB/TrEMBL,2.0,Active
K7EKZ8,UniProtKB/TrEMBL,1.0,Active
K7EKC7,UniProtKB/TrEMBL,1.0,Active
F5GY03,UniProtKB/TrEMBL,1.0,Active
O75379,UniProtKB/Swiss-Prot,5.0,Active
A8MX94,UniProtKB/TrEMBL,3.0,Active
A0A2R8Y7J6,UniProtKB/TrEMBL,1.0,Active
A8W2K5,UniProtKB/TrEMBL,2.0,Active
B3KPU0,UniProtKB/TrEMBL,1.0,Active
Q86YM6,UniProtKB/TrEMBL,1.0,Active
H7C352,UniProtKB/TrEMBL,1.0,Active
J3QKU0,UniProtKB/TrEMBL,2.0,Active
Q8N9Q7,UniProtKB/TrEMBL,1.0,Active
K7EJZ7,UniProtKB/TrEMBL,1.0,Active
B4DLW5,UniProtKB/TrEMBL,1.0,Active
K7EPF3,UniProtKB/TrEMBL,1.0,Active
A0A0C4DGS3,UniProtKB/TrEMBL,1.0,Active
F5GZ75,UniProtKB/TrEMBL,1.0,Active
F2Z2N1,UniProtKB/TrEMBL,1.0,Active
K7ES73,UniProtKB/TrEMBL,1.0,Active
C9JQ25,UniProtKB/TrEMBL,1.0,Active
Q96FH0,UniProtKB/Swiss-Prot,5.0,Active
E9PS60,UniProtKB/TrEMBL,1.0,Active
F8WFB9,UniProtKB/TrEMBL,1.0,Active
Q9UM79,UniProtKB/TrEMBL,1.0,Active
C9JF97,UniProtKB/TrEMBL,1.0,Active
A0A087WU27,UniProtKB/TrEMBL,1.0,Active
H0YBC2,UniProtKB/TrEMBL,1.0,Active
H3BU77,UniProtKB/Swiss-Prot,2.0,Active
A0A7I2V5V9,UniProtKB/TrEMBL,1.0,Active
B9A034,UniProtKB/TrEMBL,2.0,Active
A0A1B0GUD9,UniProtKB/TrEMBL,1.0,Active
I3L4G8,UniProtKB/TrEMBL,3.0,Active
C9JYQ5,UniProtKB/TrEMBL,2.0,Active
K7EP34,UniProtKB/TrEMBL,1.0,Active
D6RFY6,UniProtKB/TrEMBL,1.0,Active
E5RIG9,UniProtKB/TrEMBL,2.0,Active
C9J9X2,UniProtKB/TrEMBL,2.0,Active
C9JKT3,UniProtKB/TrEMBL,2.0,Active
A0A494C0T1,UniProtKB/TrEMBL,3.0,Active
Q5S4N2,UniProtKB/TrEMBL,1.0,Active
K7EIH3,UniProtKB/TrEMBL,1.0,Active
B2R4J7,UniProtKB/TrEMBL,2.0,Active
A2A2M0,UniProtKB/TrEMBL,2.0,Active
K7EKV5,UniProtKB/TrEMBL,1.0,Active
A0A087WXY3,UniProtKB/TrEMBL,1.0,Active
Q7Z447,UniProtKB/TrEMBL,5.0,Active
H7C3N5,UniProtKB/TrEMBL,2.0,Active
Q5JR82,UniProtKB/TrEMBL,1.0,Active
H0YII7,UniProtKB/TrEMBL,1.0,Active
Q96C98,UniProtKB/TrEMBL,2.0,Active
A0A192GQF6,UniProtKB/TrEMBL,1.0,Active
A0A1B0GW27,UniProtKB/TrEMBL,1.0,Active
F8VWV2,UniProtKB/TrEMBL,1.0,Active
O00488,UniProtKB/Swiss-Prot,5.0,Active
E9PH80,UniProtKB/TrEMBL,1.0,Active
B3KQL0,UniProtKB/TrEMBL,1.0,Active
H0YLJ1,UniProtKB/TrEMBL,1.0,Active
A8MUP5,UniProtKB/TrEMBL,2.0,Active
S4R3H8,UniProtKB/TrEMBL,2.0,Active
Q9H4C0,UniProtKB/TrEMBL,1.0,Active
Q9P0E5,UniProtKB/TrEMBL,1.0,Active
Q969G6,UniProtKB/Swiss-Prot,5.0,Active
F2Z307,UniProtKB/TrEMBL,2.0,Active
D6RC76,UniProtKB/TrEMBL,2.0,Active
A0A087WUM3,UniProtKB/TrEMBL,1.0,Active
E5RFH7,UniProtKB/TrEMBL,1.0,Active
A0A2P1H0P2,UniProtKB/TrEMBL,1.0,Active
Q96J77,UniProtKB/Swiss-Prot,4.0,Active
A0A6Q8PFH2,UniProtKB/TrEMBL,1.0,Active
E1CKY7,UniProtKB/TrEMBL,1.0,Active
A0A0C4DGH4,UniProtKB/TrEMBL,1.0,Active
F8VP73,UniProtKB/TrEMBL,2.0,Active
Q96QD1,UniProtKB/TrEMBL,1.0,Active
A2TDB8,UniProtKB/TrEMBL,3.0,Active
L8EB30,UniProtKB/TrEMBL,1.0,Active
Q99815,UniProtKB/TrEMBL,1.0,Active
C9IY67,UniProtKB/TrEMBL,2.0,Active
Q6LBI8,UniProtKB/TrEMBL,1.0,Active
E9PR29,UniProtKB/TrEMBL,1.0,Active
H3BQY4,UniProtKB/TrEMBL,1.0,Active
H0YL40,UniProtKB/TrEMBL,1.0,Active
K7EM64,UniProtKB/TrEMBL,1.0,Active
D6RII0,UniProtKB/TrEMBL,1.0,Active
E9PR87,UniProtKB/TrEMBL,1.0,Active
Q6MZR5,UniProtKB/TrEMBL,1.0,Active
F8VSH4,UniProtKB/TrEMBL,2.0,Active
H3BVB2,UniProtKB/TrEMBL,1.0,Active
E9PJI6,UniProtKB/TrEMBL,1.0,Active
E5RI30,UniProtKB/TrEMBL,1.0,Active
Q9UMX6,UniProtKB/Swiss-Prot,5.0,Active
G5EA43,UniProtKB/TrEMBL,2.0,Active
A0A6Q8PHH1,UniProtKB/TrEMBL,1.0,Active
C9JNQ0,UniProtKB/TrEMBL,1.0,Active
A0A087WZN3,UniProtKB/TrEMBL,1.0,Active
I3L2P2,UniProtKB/TrEMBL,1.0,Active
A0A087WZK4,UniProtKB/TrEMBL,1.0,Active
Q3ZCW0,UniProtKB/TrEMBL,1.0,Active
Q9BRJ6,UniProtKB/Swiss-Prot,4.0,Active
C9J2W6,UniProtKB/TrEMBL,1.0,Active
A0A2R8YGX3,UniProtKB/TrEMBL,1.0,Active
A0A1B0GV95,UniProtKB/TrEMBL,1.0,Active
A0A1W2PNZ5,UniProtKB/TrEMBL,1.0,Active
Q07812,UniProtKB/Swiss-Prot,5.0,Active
Q00765,UniProtKB/Swiss-Prot,5.0,Active
A0A087WTK2,UniProtKB/TrEMBL,2.0,Active
H0YJG0,UniProtKB/TrEMBL,3.0,Active
B4E196,UniProtKB/TrEMBL,1.0,Active
H0YLQ8,UniProtKB/TrEMBL,1.0,Active
F8WA66,UniProtKB/TrEMBL,2.0,Active
D6RAR0,UniProtKB/TrEMBL,1.0,Active
Q5J908,UniProtKB/TrEMBL,1.0,Active
B0QY21,UniProtKB/TrEMBL,2.0,Active
M0QX48,UniProtKB/TrEMBL,1.0,Active
Q9UM89,UniProtKB/TrEMBL,1.0,Active
Q52M44,UniProtKB/TrEMBL,1.0,Active
D2KFR9,UniProtKB/TrEMBL,1.0,Active
Q9C061,UniProtKB/TrEMBL,1.0,Active
B4DUN4,UniProtKB/TrEMBL,2.0,Active
F5H4X9,UniProtKB/TrEMBL,1.0,Active
E9PLA1,UniProtKB/TrEMBL,1.0,Active
A6PVN3,UniProtKB/TrEMBL,1.0,Active
A0A6Q8PGK5,UniProtKB/TrEMBL,1.0,Active
C9J6N3,UniProtKB/TrEMBL,1.0,Active
E2QRK7,UniProtKB/TrEMBL,1.0,Active
F5GY33,UniProtKB/TrEMBL,2.0,Active
E9PN51,UniProtKB/TrEMBL,1.0,Active
B9DI78,UniProtKB/TrEMBL,1.0,Active
B4DN78,UniProtKB/TrEMBL,1.0,Active
Q71UY0,UniProtKB/TrEMBL,5.0,Active
M0QZR5,UniProtKB/TrEMBL,1.0,Active
A0A7P0T8D0,UniProtKB/TrEMBL,1.0,Active
G8FPZ9,UniProtKB/TrEMBL,1.0,Active
J3QLH9,UniProtKB/TrEMBL,1.0,Active
B7Z274,UniProtKB/TrEMBL,4.0,Active
F8W860,UniProtKB/TrEMBL,1.0,Active
J3QKM5,UniProtKB/TrEMBL,1.0,Active
B4DHL9,UniProtKB/TrEMBL,1.0,Active
Q75LT0,UniProtKB/TrEMBL,1.0,Active
G3V3G3,UniProtKB/TrEMBL,1.0,Active
C9IYI4,UniProtKB/TrEMBL,2.0,Active
A0A087WUC0,UniProtKB/TrEMBL,1.0,Active
D6R937,UniProtKB/TrEMBL,1.0,Active
B4DGF3,UniProtKB/TrEMBL,1.0,Active
D6RAR5,UniProtKB/TrEMBL,2.0,Active
A0A2R8Y897,UniProtKB/TrEMBL,1.0,Active
H0YEP2,UniProtKB/TrEMBL,1.0,Active
H3BTQ7,UniProtKB/TrEMBL,2.0,Active
C9JQZ8,UniProtKB/TrEMBL,1.0,Active
P78453,UniProtKB/TrEMBL,1.0,Active
H0YG54,UniProtKB/TrEMBL,3.0,Active
A0A0S2Z6J9,UniProtKB/TrEMBL,1.0,Active
Q6LCB5,UniProtKB/TrEMBL,1.0,Active
P0DJH9,UniProtKB/Swiss-Prot,2.0,Active
H3BUZ6,UniProtKB/TrEMBL,1.0,Active
F5H7R7,UniProtKB/TrEMBL,1.0,Active
F5GXZ8,UniProtKB/TrEMBL,1.0,Active
Q9NRP0,UniProtKB/Swiss-Prot,5.0,Active
A0A087X091,UniProtKB/TrEMBL,1.0,Active
C9JWE0,UniProtKB/TrEMBL,1.0,Active
A0A6I8PL58,UniProtKB/TrEMBL,1.0,Active
D6RGE2,UniProtKB/TrEMBL,1.0,Active
H7BZ70,UniProtKB/TrEMBL,1.0,Active
C9J0M4,UniProtKB/TrEMBL,2.0,Active
C9JLT7,UniProtKB/TrEMBL,2.0,Active
Q9NPD7,UniProtKB/Swiss-Prot,4.0,Active
Q8NCU1,UniProtKB/Swiss-Prot,5.0,Active
P45973,UniProtKB/Swiss-Prot,5.0,Active
E9PHY2,UniProtKB/TrEMBL,1.0,Active
A0A5S6STF9,UniProtKB/TrEMBL,2.0,Active
Q96AM2,UniProtKB/TrEMBL,1.0,Active
H7C0C0,UniProtKB/TrEMBL,1.0,Active
H7BZD7,UniProtKB/TrEMBL,1.0,Active
C9J0L0,UniProtKB/TrEMBL,1.0,Active
Q6JJ72,UniProtKB/TrEMBL,1.0,Active
M0R3B8,UniProtKB/TrEMBL,1.0,Active
K7EMS3,UniProtKB/TrEMBL,2.0,Active
E5RGR2,UniProtKB/TrEMBL,1.0,Active
B7ZBH1,UniProtKB/TrEMBL,1.0,Active
B4DUX2,UniProtKB/TrEMBL,1.0,Active
G3V5K6,UniProtKB/TrEMBL,1.0,Active
B9TXP1,UniProtKB/TrEMBL,1.0,Active
Q9Y584,UniProtKB/Swiss-Prot,5.0,Active
Q8ND26,UniProtKB/TrEMBL,1.0,Active
H3BM75,UniProtKB/TrEMBL,1.0,Active
A0A7P0T9B5,UniProtKB/TrEMBL,1.0,Active
A0A140VJS7,UniProtKB/TrEMBL,3.0,Active
A0A087WZ36,UniProtKB/TrEMBL,1.0,Active
Q9BUN5,UniProtKB/Swiss-Prot,5.0,Active
H3BTU1,UniProtKB/TrEMBL,1.0,Active
Q16812,UniProtKB/TrEMBL,1.0,Active
Q9UII6,UniProtKB/Swiss-Prot,5.0,Active
A0A0A0MRF8,UniProtKB/TrEMBL,2.0,Active
A8K0E1,UniProtKB/TrEMBL,1.0,Active
E5RH25,UniProtKB/TrEMBL,2.0,Active
E9PPF6,UniProtKB/TrEMBL,1.0,Active
H3BRH7,UniProtKB/TrEMBL,1.0,Active
H0YDU7,UniProtKB/TrEMBL,1.0,Active
A0A2R8Y5J9,UniProtKB/TrEMBL,2.0,Active
K7ENJ2,UniProtKB/TrEMBL,1.0,Active
Q9P0T7,UniProtKB/Swiss-Prot,5.0,Active
Q9NQD8,UniProtKB/TrEMBL,1.0,Active
D6RAZ6,UniProtKB/TrEMBL,1.0,Active
A6NNC3,UniProtKB/TrEMBL,1.0,Active
B1AMV7,UniProtKB/TrEMBL,1.0,Active
Q05DQ9,UniProtKB/TrEMBL,1.0,Active
P62829,UniProtKB/Swiss-Prot,5.0,Active
I3L232,UniProtKB/TrEMBL,1.0,Active
A0MJX5,UniProtKB/TrEMBL,1.0,Active
E9PMM2,UniProtKB/TrEMBL,1.0,Active
A0A087WUN5,UniProtKB/TrEMBL,2.0,Active
C9J8F4,UniProtKB/TrEMBL,2.0,Active
B7Z4E6,UniProtKB/TrEMBL,2.0,Active
D6RED9,UniProtKB/TrEMBL,1.0,Active
I3L3D9,UniProtKB/TrEMBL,1.0,Active
A0A7P0T8Y3,UniProtKB/TrEMBL,1.0,Active
E9PII2,UniProtKB/TrEMBL,1.0,Active
B4DI10,UniProtKB/TrEMBL,1.0,Active
B1AJU2,UniProtKB/TrEMBL,1.0,Active
L0L6D8,UniProtKB/TrEMBL,1.0,Active
C9JY01,UniProtKB/TrEMBL,2.0,Active
M0R211,UniProtKB/TrEMBL,1.0,Active
B4DHR8,UniProtKB/TrEMBL,1.0,Active
K7EQT8,UniProtKB/TrEMBL,1.0,Active
H7C1A7,UniProtKB/TrEMBL,1.0,Active
G8I0M6,UniProtKB/TrEMBL,1.0,Active
B4DFB7,UniProtKB/TrEMBL,1.0,Active
L8E8G3,UniProtKB/TrEMBL,1.0,Active
A2RRQ0,UniProtKB/TrEMBL,1.0,Active
C9J1X4,UniProtKB/TrEMBL,2.0,Active
A0A3B3IS15,UniProtKB/TrEMBL,1.0,Active
V9H058,UniProtKB/TrEMBL,1.0,Active
P06881,UniProtKB/Swiss-Prot,5.0,Active
D6RIT6,UniProtKB/TrEMBL,1.0,Active
F5GYQ6,UniProtKB/TrEMBL,1.0,Active
A0A1B0GUU8,UniProtKB/TrEMBL,1.0,Active
A0A067XJP8,UniProtKB/TrEMBL,2.0,Active
J3KTC3,UniProtKB/TrEMBL,1.0,Active
A0A7P0T999,UniProtKB/TrEMBL,1.0,Active
Q96IR3,UniProtKB/Swiss-Prot,1.0,Active
E5RIG8,UniProtKB/TrEMBL,2.0,Active
D6R9E3,UniProtKB/TrEMBL,2.0,Active
Q5SZC5,UniProtKB/TrEMBL,1.0,Active
C9J2Q6,UniProtKB/TrEMBL,1.0,Active
B4DKY5,UniProtKB/TrEMBL,1.0,Active
C9J6S4,UniProtKB/TrEMBL,1.0,Active
H0YID4,UniProtKB/TrEMBL,1.0,Active
A0A087WVE1,UniProtKB/TrEMBL,1.0,Active
E9PMC5,UniProtKB/TrEMBL,2.0,Active
Q9UES3,UniProtKB/TrEMBL,1.0,Active
B7ZBX6,Inactive/Deleted,0.0,Inactive
J3QR77,UniProtKB/TrEMBL,1.0,Active
M0QYX4,UniProtKB/TrEMBL,1.0,Active
Q9H616,UniProtKB/TrEMBL,1.0,Active
Q96AH2,UniProtKB/TrEMBL,1.0,Active
Q9NR33,UniProtKB/Swiss-Prot,5.0,Active
Q8TAK7,UniProtKB/TrEMBL,1.0,Active
Q96IM9,UniProtKB/Swiss-Prot,3.0,Active
H0YC12,UniProtKB/TrEMBL,1.0,Active
G3V4Y0,UniProtKB/TrEMBL,1.0,Active
M0R3G6,UniProtKB/TrEMBL,1.0,Active
C9IZX9,UniProtKB/TrEMBL,1.0,Active
E9PPB8,Inactive/Deleted,0.0,Inactive
A5XEJ8,UniProtKB/TrEMBL,1.0,Active
F8WBC5,UniProtKB/TrEMBL,1.0,Active
E9PS63,UniProtKB/TrEMBL,1.0,Active
P01298,UniProtKB/Swiss-Prot,5.0,Active
C7FNH7,UniProtKB/TrEMBL,1.0,Active
A0A096ZUB3,UniProtKB/TrEMBL,1.0,Active
Q5JWD1,UniProtKB/TrEMBL,2.0,Active
H3BV24,UniProtKB/TrEMBL,1.0,Active
J3QRC3,UniProtKB/TrEMBL,2.0,Active
H7C3J1,UniProtKB/TrEMBL,1.0,Active
I3L473,UniProtKB/TrEMBL,1.0,Active
B4DZU1,UniProtKB/TrEMBL,1.0,Active
C9J0W1,UniProtKB/TrEMBL,1.0,Active
Q3ZAQ7,UniProtKB/Swiss-Prot,5.0,Active
A0A087X247,UniProtKB/TrEMBL,2.0,Active
E9PNM6,UniProtKB/TrEMBL,1.0,Active
Q96PF5,UniProtKB/TrEMBL,1.0,Active
A0A3B3ISB1,UniProtKB/TrEMBL,1.0,Active
E9PKT7,UniProtKB/TrEMBL,1.0,Active
Q9ULX9,UniProtKB/Swiss-Prot,5.0,Active
H3BPH1,UniProtKB/TrEMBL,1.0,Active
B7Z1J9,UniProtKB/TrEMBL,2.0,Active
I3L1L8,UniProtKB/TrEMBL,1.0,Active
H3BVE5,UniProtKB/TrEMBL,1.0,Active
Q86WQ0,UniProtKB/Swiss-Prot,5.0,Active
E9PJG4,UniProtKB/TrEMBL,3.0,Active
A0A2U3TZM5,UniProtKB/TrEMBL,1.0,Active
Q29897,UniProtKB/TrEMBL,1.0,Active
O76070,UniProtKB/Swiss-Prot,5.0,Active
C9JIR0,UniProtKB/TrEMBL,1.0,Active
X6RIL1,UniProtKB/TrEMBL,1.0,Active
A0A096LNY4,UniProtKB/TrEMBL,3.0,Active
B3KVP3,UniProtKB/TrEMBL,1.0,Active
D6R9U9,UniProtKB/TrEMBL,2.0,Active
B0QYP2,UniProtKB/TrEMBL,1.0,Active
Q9NP04,UniProtKB/TrEMBL,1.0,Active
P49789,UniProtKB/Swiss-Prot,5.0,Active
A0A087WWA2,UniProtKB/TrEMBL,1.0,Active
Q59G87,UniProtKB/TrEMBL,1.0,Active
I3L3D4,UniProtKB/TrEMBL,2.0,Active
H7C0P7,UniProtKB/TrEMBL,1.0,Active
V9H0G4,UniProtKB/TrEMBL,1.0,Active
Q9BSE8,UniProtKB/TrEMBL,2.0,Active
C0LLI6,UniProtKB/TrEMBL,2.0,Active
K7EQZ2,UniProtKB/TrEMBL,1.0,Active
A0PJH8,UniProtKB/TrEMBL,1.0,Active
O95257,UniProtKB/Swiss-Prot,5.0,Active
Q53XK0,UniProtKB/TrEMBL,2.0,Active
Q5THT1,UniProtKB/TrEMBL,2.0,Active
Q9NYE8,UniProtKB/TrEMBL,1.0,Active
C9J052,UniProtKB/TrEMBL,2.0,Active
B3KXD7,UniProtKB/TrEMBL,1.0,Active
Q96HN0,UniProtKB/TrEMBL,1.0,Active
W0KMC7,UniProtKB/TrEMBL,1.0,Active
I3L3T0,UniProtKB/TrEMBL,2.0,Active
M0QZ20,UniProtKB/TrEMBL,1.0,Active
Q3KRA6,UniProtKB/Swiss-Prot,2.0,Active
Q96F85,UniProtKB/Swiss-Prot,5.0,Active
Q9H5V1,UniProtKB/TrEMBL,2.0,Active
Q9NP93,UniProtKB/TrEMBL,1.0,Active
Q5JSS2,UniProtKB/TrEMBL,2.0,Active
Q71VF8,UniProtKB/TrEMBL,1.0,Active
A0A087WVE6,UniProtKB/TrEMBL,2.0,Active
C9JH33,UniProtKB/TrEMBL,1.0,Active
B4DQF3,UniProtKB/TrEMBL,1.0,Active
H0YMG9,UniProtKB/TrEMBL,1.0,Active
A0A1W2PS82,UniProtKB/TrEMBL,2.0,Active
O43920,UniProtKB/Swiss-Prot,5.0,Active
W8GJG8,UniProtKB/TrEMBL,1.0,Active
F8W0I7,UniProtKB/TrEMBL,1.0,Active
H0YC23,UniProtKB/TrEMBL,1.0,Active
H0Y3T0,UniProtKB/TrEMBL,1.0,Active
Q6UW68,UniProtKB/Swiss-Prot,5.0,Active
B0QYI5,UniProtKB/TrEMBL,1.0,Active
Q108N2,UniProtKB/TrEMBL,1.0,Active
Q05CV9,UniProtKB/TrEMBL,1.0,Active
B4E0R2,UniProtKB/TrEMBL,1.0,Active
E9PLP0,UniProtKB/TrEMBL,1.0,Active
A0A1B0GVZ1,UniProtKB/TrEMBL,1.0,Active
A0A0G2JIW2,UniProtKB/TrEMBL,1.0,Active
A0A0R5RI31,UniProtKB/TrEMBL,2.0,Active
B4E2H6,UniProtKB/TrEMBL,1.0,Active
Q9NYF6,UniProtKB/TrEMBL,1.0,Active
Q59F23,UniProtKB/TrEMBL,1.0,Active
Q9Y6G3,UniProtKB/Swiss-Prot,5.0,Active
D6R977,UniProtKB/TrEMBL,1.0,Active
Q9H2D7,UniProtKB/TrEMBL,1.0,Active
H0YEW9,UniProtKB/TrEMBL,1.0,Active
A0A494C1J9,UniProtKB/TrEMBL,1.0,Active
B7Z504,UniProtKB/TrEMBL,1.0,Active
F8VPW2,UniProtKB/TrEMBL,1.0,Active
O96033,UniProtKB/Swiss-Prot,5.0,Active
E9PNT5,UniProtKB/TrEMBL,2.0,Active
B4DZW3,UniProtKB/TrEMBL,1.0,Active
A0A087WUV1,UniProtKB/TrEMBL,2.0,Active
Q5H966,UniProtKB/TrEMBL,1.0,Active
Q6ZUX9,UniProtKB/TrEMBL,1.0,Active
A0A7P0MP65,UniProtKB/TrEMBL,1.0,Active
G3V4K0,UniProtKB/TrEMBL,1.0,Active
C9JWZ7,UniProtKB/TrEMBL,2.0,Active
P47224,UniProtKB/Swiss-Prot,5.0,Active
P08700,UniProtKB/Swiss-Prot,5.0,Active
C9JKP5,UniProtKB/TrEMBL,1.0,Active
B4DW06,UniProtKB/TrEMBL,1.0,Active
Q8IWL5,UniProtKB/TrEMBL,1.0,Active
D6REM9,UniProtKB/TrEMBL,1.0,Active
D6RAL9,UniProtKB/TrEMBL,1.0,Active
D6RED4,UniProtKB/TrEMBL,2.0,Active
B7TQM3,UniProtKB/TrEMBL,3.0,Active
A0A804CBI3,UniProtKB/TrEMBL,1.0,Active
F8VSP7,UniProtKB/TrEMBL,2.0,Active
B3KUU6,UniProtKB/TrEMBL,1.0,Active
C9K0C4,UniProtKB/TrEMBL,1.0,Active
E9PPV2,UniProtKB/TrEMBL,1.0,Active
F8WF91,UniProtKB/TrEMBL,1.0,Active
H7BZU7,UniProtKB/TrEMBL,2.0,Active
J3QKW2,UniProtKB/TrEMBL,1.0,Active
A6NL66,UniProtKB/TrEMBL,1.0,Active
B4E3T5,UniProtKB/TrEMBL,1.0,Active
Q5VTH2,UniProtKB/Swiss-Prot,5.0,Active
Q9H4I9,UniProtKB/Swiss-Prot,5.0,Active
E7EMH2,UniProtKB/TrEMBL,1.0,Active
H0YJI2,UniProtKB/TrEMBL,1.0,Active
E5RHH5,UniProtKB/TrEMBL,2.0,Active
C9JZH4,UniProtKB/TrEMBL,1.0,Active
C9JT74,UniProtKB/TrEMBL,1.0,Active
Q68DF0,UniProtKB/TrEMBL,1.0,Active
C9JAY7,UniProtKB/TrEMBL,1.0,Active
Q96KJ9,UniProtKB/Swiss-Prot,5.0,Active
A0A1B0GTD5,UniProtKB/Swiss-Prot,2.0,Active
H0YHH5,UniProtKB/TrEMBL,1.0,Active
A0A0S2Z4B6,UniProtKB/TrEMBL,2.0,Active
B0QYR1,UniProtKB/TrEMBL,1.0,Active
Q7Z4T2,UniProtKB/TrEMBL,1.0,Active
Q8N4V1,UniProtKB/Swiss-Prot,5.0,Active
H0Y8I5,UniProtKB/TrEMBL,1.0,Active
Q9HCS8,UniProtKB/TrEMBL,1.0,Active
B7Z571,UniProtKB/TrEMBL,1.0,Active
Q0VAQ4,UniProtKB/Swiss-Prot,5.0,Active
A0A0C4DH13,UniProtKB/TrEMBL,1.0,Active
Q96SA0,UniProtKB/TrEMBL,2.0,Active
Q7Z4D2,UniProtKB/TrEMBL,1.0,Active
Q4VB18,UniProtKB/TrEMBL,1.0,Active
A7J1R3,UniProtKB/TrEMBL,1.0,Active
B5MC96,UniProtKB/TrEMBL,2.0,Active
A0A5C2GHZ9,UniProtKB/TrEMBL,1.0,Active
B1AM21,UniProtKB/TrEMBL,2.0,Active
B4DL19,UniProtKB/TrEMBL,3.0,Active
B4DVA9,UniProtKB/TrEMBL,1.0,Active
B4DMU1,UniProtKB/TrEMBL,1.0,Active
F5H7H1,UniProtKB/TrEMBL,1.0,Active
C9JE27,UniProtKB/TrEMBL,1.0,Active
B4DY26,UniProtKB/TrEMBL,5.0,Active
A0A494C063,UniProtKB/TrEMBL,1.0,Active
G3V4J0,UniProtKB/TrEMBL,1.0,Active
G0ZCM6,UniProtKB/TrEMBL,1.0,Active
Q9NUS5,UniProtKB/Swiss-Prot,5.0,Active
B3KP51,UniProtKB/TrEMBL,5.0,Active
Q2PRN6,UniProtKB/TrEMBL,1.0,Active
I6XKJ3,UniProtKB/TrEMBL,1.0,Active
Q53SV4,UniProtKB/TrEMBL,1.0,Active
A0A140C6K7,UniProtKB/TrEMBL,1.0,Active
Q8IZT9,UniProtKB/Swiss-Prot,4.0,Active
M0QZI0,UniProtKB/TrEMBL,2.0,Active
Q6WG73,UniProtKB/TrEMBL,2.0,Active
Q4G1B1,UniProtKB/TrEMBL,1.0,Active
Q5JSQ8,UniProtKB/Swiss-Prot,2.0,Active
A0A0X1KG80,UniProtKB/TrEMBL,1.0,Active
A0A1B0GTU0,UniProtKB/TrEMBL,1.0,Active
Q96HG2,UniProtKB/TrEMBL,1.0,Active
Q59FN8,UniProtKB/TrEMBL,1.0,Active
Q7Z3P8,UniProtKB/TrEMBL,1.0,Active
L8E8J1,UniProtKB/TrEMBL,1.0,Active
B7TZ90,UniProtKB/TrEMBL,2.0,Active
E2QC07,UniProtKB/TrEMBL,1.0,Active
Q59GH6,UniProtKB/TrEMBL,1.0,Active
H3BNY8,UniProtKB/TrEMBL,2.0,Active
Q5TG37,UniProtKB/TrEMBL,1.0,Active
F8VVE5,UniProtKB/TrEMBL,1.0,Active
J3KT96,UniProtKB/TrEMBL,1.0,Active
H7C582,UniProtKB/TrEMBL,1.0,Active
E5RGP2,UniProtKB/TrEMBL,1.0,Active
Q53GD1,UniProtKB/TrEMBL,2.0,Active
D6R967,UniProtKB/TrEMBL,2.0,Active
B4E1S8,UniProtKB/TrEMBL,1.0,Active
C9JU58,UniProtKB/TrEMBL,1.0,Active
F6XAQ5,UniProtKB/TrEMBL,1.0,Active
C9JJA7,UniProtKB/TrEMBL,1.0,Active
C9JMS0,UniProtKB/TrEMBL,2.0,Active
E9PJ16,UniProtKB/TrEMBL,1.0,Active
Q96PA3,UniProtKB/TrEMBL,1.0,Active
M0QZH0,UniProtKB/TrEMBL,2.0,Active
H3BU22,UniProtKB/TrEMBL,1.0,Active
F5H4Q5,UniProtKB/TrEMBL,2.0,Active
F5H692,UniProtKB/TrEMBL,1.0,Active
B4DKG4,UniProtKB/TrEMBL,1.0,Active
O95325,UniProtKB/TrEMBL,1.0,Active
M0R2G6,UniProtKB/TrEMBL,2.0,Active
A0A3B3IRM6,UniProtKB/TrEMBL,1.0,Active
Q5BLP8,UniProtKB/Swiss-Prot,3.0,Active
Q8N3H0,UniProtKB/Swiss-Prot,3.0,Active
H7C5I3,UniProtKB/TrEMBL,1.0,Active
Q96LR4,UniProtKB/Swiss-Prot,4.0,Active
Q5R3E6,UniProtKB/TrEMBL,1.0,Active
B4DNC6,UniProtKB/TrEMBL,1.0,Active
X1WI34,UniProtKB/TrEMBL,2.0,Active
F8VZ56,UniProtKB/TrEMBL,1.0,Active
B4DS59,UniProtKB/TrEMBL,1.0,Active
A0A7P0T8P5,UniProtKB/TrEMBL,3.0,Active
H3BR95,UniProtKB/TrEMBL,1.0,Active
Q2NL98,UniProtKB/Swiss-Prot,4.0,Active
E5RGX7,UniProtKB/TrEMBL,1.0,Active
B4DGC2,UniProtKB/TrEMBL,1.0,Active
C9JWT5,UniProtKB/TrEMBL,1.0,Active
H0YAE6,UniProtKB/TrEMBL,1.0,Active
B4DIC4,UniProtKB/TrEMBL,2.0,Active
V9GYM9,UniProtKB/TrEMBL,2.0,Active
O14684,UniProtKB/Swiss-Prot,5.0,Active
H7C472,UniProtKB/TrEMBL,2.0,Active
Q69YR9,UniProtKB/TrEMBL,1.0,Active
A6NLJ7,UniProtKB/TrEMBL,2.0,Active
O75368,UniProtKB/Swiss-Prot,5.0,Active
Q9H4G4,UniProtKB/Swiss-Prot,5.0,Active
E9PLU5,UniProtKB/TrEMBL,1.0,Active
F6UE82,UniProtKB/TrEMBL,2.0,Active
K7ERV8,UniProtKB/TrEMBL,1.0,Active
Q8NDK2,UniProtKB/TrEMBL,1.0,Active
C9JTM4,UniProtKB/TrEMBL,1.0,Active
X6RL08,UniProtKB/TrEMBL,1.0,Active
F2Z2Z2,UniProtKB/TrEMBL,1.0,Active
D2CT73,UniProtKB/TrEMBL,1.0,Active
F8W9Y7,UniProtKB/TrEMBL,1.0,Active
M0R021,UniProtKB/TrEMBL,1.0,Active
H0YL59,UniProtKB/TrEMBL,1.0,Active
U5NNF6,UniProtKB/TrEMBL,2.0,Active
A0A0A0MRL0,UniProtKB/TrEMBL,1.0,Active
B4E3Q7,UniProtKB/TrEMBL,1.0,Active
A0A0D9SFY5,UniProtKB/TrEMBL,1.0,Active
A8MVV6,UniProtKB/TrEMBL,2.0,Active
F2Z3C6,UniProtKB/TrEMBL,1.0,Active
Q9NX22,UniProtKB/TrEMBL,1.0,Active
A0A0U1RQX4,UniProtKB/TrEMBL,1.0,Active
H0YHT6,UniProtKB/TrEMBL,1.0,Active
B4E330,UniProtKB/TrEMBL,1.0,Active
A0A590UJY0,UniProtKB/TrEMBL,1.0,Active
Q9H2J9,UniProtKB/TrEMBL,1.0,Active
H3BVC0,UniProtKB/TrEMBL,1.0,Active
L8E9A1,UniProtKB/TrEMBL,1.0,Active
H0YCI1,UniProtKB/TrEMBL,1.0,Active
Q86TR6,UniProtKB/TrEMBL,1.0,Active
K7ERR8,UniProtKB/TrEMBL,1.0,Active
H7BZU4,UniProtKB/TrEMBL,1.0,Active
B2RA73,UniProtKB/TrEMBL,2.0,Active
H0YNR9,UniProtKB/TrEMBL,1.0,Active
C9JDT9,UniProtKB/TrEMBL,1.0,Active
X6RDY0,UniProtKB/TrEMBL,1.0,Active
L8EA44,UniProtKB/TrEMBL,1.0,Active
A0A7I2V359,UniProtKB/TrEMBL,2.0,Active
Q496H8,UniProtKB/Swiss-Prot,3.0,Active
F5H5N6,UniProtKB/TrEMBL,1.0,Active
A0A5C2GRD5,UniProtKB/TrEMBL,1.0,Active
B4DI71,UniProtKB/TrEMBL,2.0,Active
K7EK27,UniProtKB/TrEMBL,1.0,Active
A0A384NYE9,UniProtKB/TrEMBL,1.0,Active
C9IZ93,UniProtKB/TrEMBL,2.0,Active
Q9BTX3,UniProtKB/Swiss-Prot,5.0,Active
G3V235,UniProtKB/TrEMBL,1.0,Active
F5GYS6,UniProtKB/TrEMBL,1.0,Active
Q8NI75,UniProtKB/TrEMBL,1.0,Active
B7Z927,UniProtKB/TrEMBL,1.0,Active
A0A1P8DS37,UniProtKB/TrEMBL,1.0,Active
Q5T017,UniProtKB/TrEMBL,1.0,Active
D6RBE3,UniProtKB/TrEMBL,1.0,Active
J3QLH4,UniProtKB/TrEMBL,1.0,Active
C9JV60,UniProtKB/TrEMBL,1.0,Active
A0A0A0MRR3,UniProtKB/TrEMBL,2.0,Active
P56539,UniProtKB/Swiss-Prot,5.0,Active
A0A499FIZ3,Inactive/Deleted,0.0,Inactive
A0RZB6,UniProtKB/TrEMBL,2.0,Active
B4DQD4,UniProtKB/TrEMBL,1.0,Active
C9JQ17,UniProtKB/TrEMBL,1.0,Active
V9GY21,UniProtKB/TrEMBL,2.0,Active
F5GXG6,UniProtKB/TrEMBL,2.0,Active
F5H872,UniProtKB/TrEMBL,2.0,Active
H0YM13,UniProtKB/TrEMBL,1.0,Active
O43599,UniProtKB/TrEMBL,1.0,Active
B4DRE4,UniProtKB/TrEMBL,1.0,Active
Q8WY60,UniProtKB/TrEMBL,1.0,Active
A0A087WWN9,UniProtKB/TrEMBL,1.0,Active
H0YG41,UniProtKB/TrEMBL,1.0,Active
B3VRE5,UniProtKB/TrEMBL,1.0,Active
K7ERZ6,UniProtKB/TrEMBL,1.0,Active
H0YCN7,UniProtKB/TrEMBL,1.0,Active
I3L4S7,UniProtKB/TrEMBL,2.0,Active
C9JFJ2,UniProtKB/TrEMBL,1.0,Active
H0YG15,UniProtKB/TrEMBL,2.0,Active
K7EIS7,UniProtKB/TrEMBL,1.0,Active
Q9UBH0,UniProtKB/Swiss-Prot,5.0,Active
Q53QV1,UniProtKB/TrEMBL,1.0,Active
A2AB89,UniProtKB/TrEMBL,1.0,Active
K7EJJ0,UniProtKB/TrEMBL,1.0,Active
H3BN01,UniProtKB/TrEMBL,2.0,Active
Q86UI9,UniProtKB/TrEMBL,2.0,Active
E9PPE9,UniProtKB/TrEMBL,1.0,Active
A4F3V8,UniProtKB/TrEMBL,5.0,Active
C9IYE4,UniProtKB/TrEMBL,1.0,Active
C9JM20,UniProtKB/TrEMBL,1.0,Active
K7EKT3,UniProtKB/TrEMBL,3.0,Active
A0A5F9ZHM5,UniProtKB/TrEMBL,2.0,Active
F5H4F8,UniProtKB/TrEMBL,1.0,Active
A0A0S2Z3R1,UniProtKB/TrEMBL,1.0,Active
A0A0J9YWH2,UniProtKB/TrEMBL,1.0,Active
B7ZBJ4,UniProtKB/TrEMBL,1.0,Active
E9PEK3,UniProtKB/TrEMBL,1.0,Active
X6R6F3,UniProtKB/TrEMBL,1.0,Active
Q9BRG1,UniProtKB/Swiss-Prot,5.0,Active
Q86Y02,UniProtKB/TrEMBL,1.0,Active
Q86TW9,UniProtKB/TrEMBL,1.0,Active
Q5JWS5,UniProtKB/TrEMBL,1.0,Active
A6NIF9,UniProtKB/TrEMBL,1.0,Active
B7Z9B0,UniProtKB/TrEMBL,1.0,Active
Q8N2P4,UniProtKB/TrEMBL,2.0,Active
C9JY46,UniProtKB/TrEMBL,1.0,Active
J3KRN7,UniProtKB/TrEMBL,1.0,Active
C9JAV4,UniProtKB/TrEMBL,1.0,Active
Q9HBI5,UniProtKB/Swiss-Prot,2.0,Active
J3QL91,UniProtKB/TrEMBL,2.0,Active
E7ETM2,UniProtKB/TrEMBL,3.0,Active
B4DGX7,UniProtKB/TrEMBL,1.0,Active
Q8WZ33,UniProtKB/Swiss-Prot,3.0,Active
K7EIU7,UniProtKB/TrEMBL,1.0,Active
A0A024R7Z1,UniProtKB/TrEMBL,1.0,Active
A0A024R161,UniProtKB/TrEMBL,2.0,Active
B4DR74,UniProtKB/TrEMBL,1.0,Active
A0A804HKQ4,UniProtKB/TrEMBL,2.0,Active
Q8TCB9,UniProtKB/TrEMBL,1.0,Active
M9UVU3,UniProtKB/TrEMBL,2.0,Active
B3KTD4,UniProtKB/TrEMBL,1.0,Active
Q1L6U9,UniProtKB/Swiss-Prot,4.0,Active
E9PQV2,UniProtKB/TrEMBL,1.0,Active
I3L2Z8,UniProtKB/TrEMBL,1.0,Active
K7EPA7,UniProtKB/TrEMBL,1.0,Active
F8W1F4,UniProtKB/TrEMBL,2.0,Active
F8WCU1,UniProtKB/TrEMBL,1.0,Active
K7ERQ5,UniProtKB/TrEMBL,1.0,Active
Q92748,UniProtKB/Swiss-Prot,5.0,Active
C3VA43,UniProtKB/TrEMBL,1.0,Active
H0YKY0,UniProtKB/TrEMBL,1.0,Active
G3V2P7,UniProtKB/TrEMBL,1.0,Active
H0Y9E4,UniProtKB/TrEMBL,1.0,Active
K7EMF2,UniProtKB/TrEMBL,1.0,Active
Q53S07,UniProtKB/TrEMBL,1.0,Active
H3BLX9,UniProtKB/TrEMBL,1.0,Active
F8WDR7,UniProtKB/TrEMBL,1.0,Active
P83731,UniProtKB/Swiss-Prot,5.0,Active
B4DT49,UniProtKB/TrEMBL,1.0,Active
B4DWD0,UniProtKB/TrEMBL,2.0,Active
P36639,UniProtKB/Swiss-Prot,5.0,Active
C9JTD3,UniProtKB/TrEMBL,1.0,Active
P59646,UniProtKB/Swiss-Prot,3.0,Active
B7Z649,UniProtKB/TrEMBL,2.0,Active
Q9NZE8,UniProtKB/Swiss-Prot,5.0,Active
B4DEM5,UniProtKB/TrEMBL,2.0,Active
Q5TCK5,UniProtKB/TrEMBL,1.0,Active
Q5SY74,UniProtKB/TrEMBL,1.0,Active
A0A096LPC8,UniProtKB/TrEMBL,1.0,Active
Q9UHT7,UniProtKB/TrEMBL,1.0,Active
E9PFE6,UniProtKB/TrEMBL,2.0,Active
P0DI81,UniProtKB/Swiss-Prot,5.0,Active
Q53T40,UniProtKB/TrEMBL,1.0,Active
G3V380,UniProtKB/TrEMBL,1.0,Active
Q86UN6,UniProtKB/Swiss-Prot,5.0,Active
K7EM79,UniProtKB/TrEMBL,1.0,Active
B4DH33,UniProtKB/TrEMBL,1.0,Active
C9J4G5,UniProtKB/TrEMBL,1.0,Active
C9J014,UniProtKB/TrEMBL,1.0,Active
Q16568,UniProtKB/Swiss-Prot,5.0,Active
O00228,UniProtKB/TrEMBL,2.0,Active
Q2T9L5,UniProtKB/TrEMBL,1.0,Active
J3KTB9,UniProtKB/TrEMBL,2.0,Active
D6RFH7,UniProtKB/TrEMBL,1.0,Active
F5GXN9,UniProtKB/TrEMBL,1.0,Active
O95751,UniProtKB/Swiss-Prot,5.0,Active
B4DML1,UniProtKB/TrEMBL,1.0,Active
F8WCQ9,UniProtKB/TrEMBL,1.0,Active
E9PJP1,UniProtKB/TrEMBL,1.0,Active
A8K4V6,UniProtKB/TrEMBL,2.0,Active
E7EWG2,UniProtKB/TrEMBL,1.0,Active
Q96B96,UniProtKB/Swiss-Prot,5.0,Active
I3L3R7,UniProtKB/TrEMBL,1.0,Active
B4DQ41,UniProtKB/TrEMBL,1.0,Active
B6DU68,UniProtKB/TrEMBL,1.0,Active
K7EK59,UniProtKB/TrEMBL,2.0,Active
Q58A44,UniProtKB/Swiss-Prot,3.0,Active
B4DSL7,UniProtKB/TrEMBL,1.0,Active
M0R3C0,UniProtKB/TrEMBL,1.0,Active
B7Z9D3,UniProtKB/TrEMBL,1.0,Active
D6RJ05,UniProtKB/TrEMBL,1.0,Active
A0A6Q8PFV6,UniProtKB/TrEMBL,1.0,Active
E9PPT0,UniProtKB/TrEMBL,2.0,Active
B4DJJ2,UniProtKB/TrEMBL,1.0,Active
A0A067XJX6,UniProtKB/TrEMBL,2.0,Active
A0A140HMB1,UniProtKB/TrEMBL,1.0,Active
B4E066,UniProtKB/TrEMBL,1.0,Active
K7EMV2,UniProtKB/TrEMBL,1.0,Active
H0YDS3,UniProtKB/TrEMBL,1.0,Active
C9JKI6,UniProtKB/TrEMBL,1.0,Active
C9JLN7,UniProtKB/TrEMBL,2.0,Active
D6RBA6,UniProtKB/TrEMBL,1.0,Active
M0QYF5,UniProtKB/TrEMBL,1.0,Active
A4D1V9,UniProtKB/TrEMBL,1.0,Active
A0A0G3IFT0,UniProtKB/TrEMBL,1.0,Active
E9PRK3,UniProtKB/TrEMBL,2.0,Active
D6RCD8,UniProtKB/TrEMBL,1.0,Active
O75956,UniProtKB/Swiss-Prot,5.0,Active
B4DSL5,UniProtKB/TrEMBL,2.0,Active
F5H8A0,UniProtKB/TrEMBL,2.0,Active
A0A1W2PS54,UniProtKB/TrEMBL,1.0,Active
Q15649,UniProtKB/Swiss-Prot,5.0,Active
Q9P0S2,UniProtKB/Swiss-Prot,5.0,Active
C9JC46,UniProtKB/TrEMBL,1.0,Active
F8VXJ4,UniProtKB/TrEMBL,1.0,Active
Q8TDH9,UniProtKB/Swiss-Prot,5.0,Active
C9J830,UniProtKB/TrEMBL,1.0,Active
Q96CF1,UniProtKB/TrEMBL,1.0,Active
U3LHJ7,UniProtKB/TrEMBL,1.0,Active
C6G7W3,UniProtKB/TrEMBL,1.0,Active
A2A2P1,UniProtKB/TrEMBL,2.0,Active
A0A077H1I5,UniProtKB/TrEMBL,1.0,Active
F8VNS3,UniProtKB/TrEMBL,1.0,Active
B8ZZD9,UniProtKB/TrEMBL,2.0,Active
F8WF17,UniProtKB/TrEMBL,1.0,Active
O75971,UniProtKB/Swiss-Prot,5.0,Active
Q8IUA2,UniProtKB/TrEMBL,1.0,Active
B7Z3J5,UniProtKB/TrEMBL,1.0,Active
H3BST1,UniProtKB/TrEMBL,2.0,Active
H0YM85,UniProtKB/TrEMBL,1.0,Active
E5RH17,UniProtKB/TrEMBL,1.0,Active
Q5JTJ3,UniProtKB/Swiss-Prot,5.0,Active
Q2F3K6,UniProtKB/TrEMBL,1.0,Active
Q8NC12,UniProtKB/TrEMBL,2.0,Active
Q8WWE4,UniProtKB/TrEMBL,1.0,Active
B4DFF5,UniProtKB/TrEMBL,1.0,Active
A0A0S2Z5Y0,UniProtKB/TrEMBL,2.0,Active
A0JLQ4,UniProtKB/TrEMBL,1.0,Active
C9JAQ4,UniProtKB/TrEMBL,1.0,Active
C9JND4,UniProtKB/TrEMBL,1.0,Active
H3BSG7,UniProtKB/TrEMBL,1.0,Active
H3BN52,UniProtKB/TrEMBL,3.0,Active
I3NI51,UniProtKB/TrEMBL,1.0,Active
M0R310,UniProtKB/TrEMBL,1.0,Active
D1M715,UniProtKB/TrEMBL,1.0,Active
F8W0C6,UniProtKB/TrEMBL,1.0,Active
C9JIU2,UniProtKB/TrEMBL,1.0,Active
A0A140T9A7,UniProtKB/TrEMBL,1.0,Active
E9PI21,UniProtKB/TrEMBL,3.0,Active
E9PJ54,UniProtKB/TrEMBL,4.0,Active
A0A3B3ITH9,UniProtKB/TrEMBL,1.0,Active
Q9Y6M9,UniProtKB/Swiss-Prot,5.0,Active
Q969S6,UniProtKB/Swiss-Prot,5.0,Active
H3BT73,UniProtKB/TrEMBL,1.0,Active
H3BV92,UniProtKB/TrEMBL,1.0,Active
B1AK95,UniProtKB/TrEMBL,2.0,Active
C9J1B2,UniProtKB/TrEMBL,1.0,Active
B7Z6N6,UniProtKB/TrEMBL,1.0,Active
C5H3H2,UniProtKB/TrEMBL,3.0,Active
A4D1Z8,UniProtKB/Swiss-Prot,2.0,Active
C9JC11,UniProtKB/TrEMBL,1.0,Active
Q58I19,UniProtKB/TrEMBL,2.0,Active
G3V2Y7,UniProtKB/TrEMBL,1.0,Active
Q8NI11,UniProtKB/TrEMBL,1.0,Active
K7END4,UniProtKB/TrEMBL,1.0,Active
A0A1B0GTC6,UniProtKB/Swiss-Prot,1.0,Active
Q16520,UniProtKB/Swiss-Prot,5.0,Active
Q7Z4E2,UniProtKB/TrEMBL,1.0,Active
A0A0G2JHJ2,UniProtKB/TrEMBL,2.0,Active
H0YIY1,UniProtKB/TrEMBL,1.0,Active
K7EM24,UniProtKB/TrEMBL,3.0,Active
L8E9H7,UniProtKB/TrEMBL,1.0,Active
A0A140TA63,UniProtKB/TrEMBL,1.0,Active
Q9NSQ0,UniProtKB/Swiss-Prot,2.0,Active
V9GYW0,UniProtKB/TrEMBL,1.0,Active
Q9H8R6,UniProtKB/TrEMBL,2.0,Active
A0A126LB06,UniProtKB/TrEMBL,1.0,Active
P0DTE2,UniProtKB/Swiss-Prot,3.0,Active
K7EMT0,UniProtKB/TrEMBL,1.0,Active
A0A5C2GA66,UniProtKB/TrEMBL,1.0,Active
A0A2R8Y746,UniProtKB/TrEMBL,1.0,Active
U3KPZ3,UniProtKB/TrEMBL,1.0,Active
A0A3B0IT57,UniProtKB/TrEMBL,3.0,Active
Q8IVA1,UniProtKB/Swiss-Prot,3.0,Active
C9JN36,UniProtKB/TrEMBL,1.0,Active
F5H053,UniProtKB/TrEMBL,2.0,Active
H0YKB9,UniProtKB/TrEMBL,1.0,Active
E5RG77,UniProtKB/TrEMBL,1.0,Active
B4DZ21,UniProtKB/TrEMBL,1.0,Active
B4DW35,UniProtKB/TrEMBL,1.0,Active
A0A590UJW7,UniProtKB/TrEMBL,1.0,Active
A0A590UJQ4,UniProtKB/TrEMBL,1.0,Active
A0A1J1DRW2,UniProtKB/TrEMBL,1.0,Active
H0YCL0,UniProtKB/TrEMBL,1.0,Active
Q5TA89,UniProtKB/Swiss-Prot,5.0,Active
D6REQ5,UniProtKB/TrEMBL,1.0,Active
B1B1E7,UniProtKB/TrEMBL,1.0,Active
Q9Y346,UniProtKB/TrEMBL,2.0,Active
Q5VYY1,UniProtKB/Swiss-Prot,2.0,Active
Q5XJ19,UniProtKB/TrEMBL,2.0,Active
D6RHK2,UniProtKB/TrEMBL,2.0,Active
K7EJ02,UniProtKB/TrEMBL,1.0,Active
Q8N7F0,UniProtKB/TrEMBL,1.0,Active
B2R5G8,UniProtKB/TrEMBL,2.0,Active
A0A087WWI2,UniProtKB/TrEMBL,1.0,Active
C9JU26,UniProtKB/TrEMBL,3.0,Active
C9IZN2,UniProtKB/TrEMBL,1.0,Active
F8W7F3,UniProtKB/TrEMBL,1.0,Active
A0A087WU25,UniProtKB/TrEMBL,2.0,Active
O94777,UniProtKB/Swiss-Prot,5.0,Active
A6NDZ3,UniProtKB/TrEMBL,1.0,Active
L0R5A8,UniProtKB/TrEMBL,1.0,Active
L8E6V6,UniProtKB/TrEMBL,1.0,Active
A0A7P0T8M6,UniProtKB/TrEMBL,1.0,Active
Q9NVS2,UniProtKB/Swiss-Prot,4.0,Active
C9JHT2,UniProtKB/TrEMBL,2.0,Active
B4DJX9,UniProtKB/TrEMBL,1.0,Active
Q4FEB4,UniProtKB/TrEMBL,1.0,Active
J3KRD2,UniProtKB/TrEMBL,1.0,Active
A0A804HJ29,UniProtKB/TrEMBL,1.0,Active
Q7LE22,UniProtKB/TrEMBL,1.0,Active
B7Z6L5,UniProtKB/TrEMBL,2.0,Active
H7C4W0,UniProtKB/TrEMBL,1.0,Active
B2R4V4,UniProtKB/TrEMBL,2.0,Active
I3L393,UniProtKB/TrEMBL,1.0,Active
H0YF19,UniProtKB/TrEMBL,1.0,Active
L8ECF9,UniProtKB/TrEMBL,1.0,Active
A0A6G8IRL2,UniProtKB/TrEMBL,1.0,Active
A0A7I2YQA4,UniProtKB/TrEMBL,2.0,Active
Q7Z674,UniProtKB/TrEMBL,1.0,Active
F8W148,UniProtKB/TrEMBL,2.0,Active
E5RFH4,UniProtKB/TrEMBL,1.0,Active
H3BM54,UniProtKB/TrEMBL,1.0,Active
B4DX77,UniProtKB/TrEMBL,1.0,Active
B4E0E2,UniProtKB/TrEMBL,1.0,Active
S4R3N0,UniProtKB/TrEMBL,1.0,Active
H0YDY2,UniProtKB/TrEMBL,1.0,Active
J3QSF3,UniProtKB/TrEMBL,1.0,Active
L0L6B6,UniProtKB/TrEMBL,1.0,Active
Q8N730,UniProtKB/TrEMBL,1.0,Active
E5RFN5,UniProtKB/TrEMBL,1.0,Active
Q5JYR3,UniProtKB/TrEMBL,2.0,Active
A0A7P0TB92,UniProtKB/TrEMBL,1.0,Active
K7EQR5,UniProtKB/TrEMBL,1.0,Active
A0A0G2JP55,UniProtKB/TrEMBL,1.0,Active
B1N7F8,UniProtKB/TrEMBL,1.0,Active
Q7Z755,UniProtKB/TrEMBL,2.0,Active
E5RI47,UniProtKB/TrEMBL,1.0,Active
Q86WV2,UniProtKB/TrEMBL,2.0,Active
A0A0A0MRM6,UniProtKB/TrEMBL,1.0,Active
Q9HB74,UniProtKB/TrEMBL,1.0,Active
B7Z319,UniProtKB/TrEMBL,1.0,Active
O75780,UniProtKB/TrEMBL,1.0,Active
Q53S38,UniProtKB/TrEMBL,1.0,Active
E9PLE9,UniProtKB/TrEMBL,1.0,Active
B4DH46,UniProtKB/TrEMBL,1.0,Active
H3BP66,UniProtKB/TrEMBL,1.0,Active
F6S289,UniProtKB/TrEMBL,1.0,Active
A0A0S2Z5Z9,UniProtKB/TrEMBL,1.0,Active
Q6NT26,UniProtKB/TrEMBL,1.0,Active
O95139,UniProtKB/Swiss-Prot,5.0,Active
D6R8Z6,UniProtKB/TrEMBL,1.0,Active
H0YKJ9,UniProtKB/TrEMBL,2.0,Active
A6QRH1,UniProtKB/TrEMBL,1.0,Active
K7ER46,UniProtKB/TrEMBL,1.0,Active
A0A0S2Z3P3,UniProtKB/TrEMBL,1.0,Active
H0YM93,UniProtKB/TrEMBL,2.0,Active
G1UI27,UniProtKB/TrEMBL,1.0,Active
Q15677,UniProtKB/TrEMBL,1.0,Active
Q8TBX0,UniProtKB/TrEMBL,2.0,Active
G3V2K4,UniProtKB/TrEMBL,1.0,Active
B3KR26,UniProtKB/TrEMBL,1.0,Active
A0A2R8YDH5,UniProtKB/TrEMBL,1.0,Active
Q9BR14,UniProtKB/TrEMBL,1.0,Active
Q5VUE5,UniProtKB/Swiss-Prot,1.0,Active
P57054,UniProtKB/Swiss-Prot,5.0,Active
A6PVC9,UniProtKB/TrEMBL,1.0,Active
A0A0C4DG43,UniProtKB/TrEMBL,1.0,Active
F5GXP1,UniProtKB/TrEMBL,1.0,Active
H0Y9C2,UniProtKB/TrEMBL,1.0,Active
B7Z248,UniProtKB/TrEMBL,1.0,Active
P53567,UniProtKB/Swiss-Prot,5.0,Active
O15347,UniProtKB/Swiss-Prot,5.0,Active
H0YJK8,UniProtKB/TrEMBL,4.0,Active
B5BUQ8,UniProtKB/TrEMBL,3.0,Active
C9J647,UniProtKB/TrEMBL,1.0,Active
Q5BJF2,UniProtKB/Swiss-Prot,5.0,Active
A0A087X229,UniProtKB/TrEMBL,1.0,Active
E9PRI3,UniProtKB/TrEMBL,1.0,Active
B4XH68,UniProtKB/TrEMBL,1.0,Active
H3BUJ8,UniProtKB/TrEMBL,1.0,Active
H0YER8,UniProtKB/TrEMBL,1.0,Active
A0A1C9UK53,UniProtKB/TrEMBL,2.0,Active
K7EMB9,UniProtKB/TrEMBL,2.0,Active
A0A075B7C0,UniProtKB/TrEMBL,1.0,Active
B4DGC8,UniProtKB/TrEMBL,1.0,Active
X5D7P1,UniProtKB/TrEMBL,1.0,Active
C7EWH7,UniProtKB/TrEMBL,1.0,Active
F5H557,UniProtKB/TrEMBL,1.0,Active
D6RB05,UniProtKB/TrEMBL,1.0,Active
F5H198,UniProtKB/TrEMBL,1.0,Active
E9PKS4,UniProtKB/TrEMBL,2.0,Active
B0YIZ6,UniProtKB/TrEMBL,1.0,Active
R4GN59,UniProtKB/TrEMBL,2.0,Active
P48201,UniProtKB/Swiss-Prot,5.0,Active
Q9UQI2,UniProtKB/TrEMBL,1.0,Active
C9JVW9,UniProtKB/TrEMBL,2.0,Active
A9X3U0,UniProtKB/TrEMBL,3.0,Active
A5JQJ8,UniProtKB/TrEMBL,1.0,Active
A0A7I2V3N9,UniProtKB/TrEMBL,1.0,Active
S5RG19,UniProtKB/TrEMBL,1.0,Active
D6RE15,UniProtKB/TrEMBL,1.0,Active
A0A386ING9,UniProtKB/TrEMBL,1.0,Active
H7C143,UniProtKB/TrEMBL,1.0,Active
B5MCN5,UniProtKB/TrEMBL,1.0,Active
A5D905,UniProtKB/TrEMBL,1.0,Active
U3KQB2,UniProtKB/TrEMBL,1.0,Active
B4DLL2,UniProtKB/TrEMBL,1.0,Active
H0YB03,UniProtKB/TrEMBL,2.0,Active
Q9BYZ8,UniProtKB/Swiss-Prot,5.0,Active
A0A140T9T5,UniProtKB/TrEMBL,1.0,Active
M0R2F5,UniProtKB/TrEMBL,1.0,Active
B7Z3M3,UniProtKB/TrEMBL,5.0,Active
C9JG62,UniProtKB/TrEMBL,1.0,Active
A0A075B7D1,UniProtKB/TrEMBL,1.0,Active
G3V399,UniProtKB/TrEMBL,1.0,Active
A0A0S2Z3Z2,UniProtKB/TrEMBL,1.0,Active
F8VR37,UniProtKB/TrEMBL,2.0,Active
A0A3B3ITM1,UniProtKB/TrEMBL,1.0,Active
H0YNN8,UniProtKB/TrEMBL,1.0,Active
F5H495,UniProtKB/TrEMBL,1.0,Active
A0A0U1RRM2,UniProtKB/TrEMBL,1.0,Active
A0A0C4DG34,UniProtKB/TrEMBL,1.0,Active
Q6ZNK6,UniProtKB/Swiss-Prot,5.0,Active
B0QY09,UniProtKB/TrEMBL,2.0,Active
K7ELQ3,UniProtKB/TrEMBL,1.0,Active
A3RL30,UniProtKB/TrEMBL,1.0,Active
A0A6B9SM32,UniProtKB/TrEMBL,1.0,Active
Q69YU2,UniProtKB/TrEMBL,1.0,Active
A0A0C4DGS6,UniProtKB/TrEMBL,1.0,Active
Q7Z5X3,UniProtKB/TrEMBL,1.0,Active
B4DNZ4,UniProtKB/TrEMBL,2.0,Active
Q56R94,UniProtKB/TrEMBL,2.0,Active
B4DZH3,UniProtKB/TrEMBL,1.0,Active
B4DQP2,UniProtKB/TrEMBL,1.0,Active
J3KT40,UniProtKB/TrEMBL,2.0,Active
K7EQ61,UniProtKB/TrEMBL,1.0,Active
D6RHI3,UniProtKB/TrEMBL,1.0,Active
K7ESD3,UniProtKB/TrEMBL,1.0,Active
C9JJ38,UniProtKB/TrEMBL,2.0,Active
E9PKD8,UniProtKB/TrEMBL,1.0,Active
C9JUL2,UniProtKB/TrEMBL,1.0,Active
C9JB34,UniProtKB/TrEMBL,1.0,Active
B1AHJ6,UniProtKB/TrEMBL,2.0,Active
H0YB00,UniProtKB/TrEMBL,1.0,Active
Q9UNZ5,UniProtKB/Swiss-Prot,2.0,Active
A2A352,UniProtKB/TrEMBL,1.0,Active
B4E0Y8,UniProtKB/TrEMBL,1.0,Active
A0A2R8YEP3,UniProtKB/TrEMBL,1.0,Active
A6YCE1,UniProtKB/TrEMBL,1.0,Active
E9PIW1,UniProtKB/TrEMBL,1.0,Active
O60397,UniProtKB/Swiss-Prot,3.0,Active
A0A669KBF7,UniProtKB/TrEMBL,2.0,Active
M0QYV7,UniProtKB/TrEMBL,1.0,Active
F5GXC2,UniProtKB/TrEMBL,2.0,Active
A8MXE0,UniProtKB/TrEMBL,1.0,Active
M0R359,UniProtKB/TrEMBL,1.0,Active
B0AZT0,UniProtKB/TrEMBL,1.0,Active
D6RAY9,UniProtKB/TrEMBL,1.0,Active
E9PJI4,UniProtKB/TrEMBL,2.0,Active
B3KMY5,UniProtKB/TrEMBL,1.0,Active
B3KUT8,UniProtKB/TrEMBL,1.0,Active
H0YHS9,UniProtKB/TrEMBL,1.0,Active
B7Z5H0,UniProtKB/TrEMBL,1.0,Active
B4DEE3,UniProtKB/TrEMBL,2.0,Active
Q5T8M0,UniProtKB/TrEMBL,1.0,Active
C9JBL0,UniProtKB/TrEMBL,1.0,Active
X6RH03,UniProtKB/TrEMBL,1.0,Active
Q9NWP4,UniProtKB/TrEMBL,1.0,Active
E9PLC7,UniProtKB/TrEMBL,1.0,Active
Q16713,UniProtKB/TrEMBL,1.0,Active
C9J2B5,UniProtKB/TrEMBL,1.0,Active
Q68CR8,UniProtKB/TrEMBL,2.0,Active
Q5JVM6,UniProtKB/TrEMBL,2.0,Active
F1C630,UniProtKB/TrEMBL,1.0,Active
E7ERC4,UniProtKB/TrEMBL,1.0,Active
B4E2M5,UniProtKB/Swiss-Prot,2.0,Active
Q05D40,UniProtKB/TrEMBL,2.0,Active
K7EQB1,UniProtKB/TrEMBL,2.0,Active
Q53QY2,UniProtKB/TrEMBL,1.0,Active
A0A0U1RRG3,UniProtKB/TrEMBL,1.0,Active
D6RD28,UniProtKB/TrEMBL,1.0,Active
B9A053,UniProtKB/TrEMBL,1.0,Active
M0R0P4,UniProtKB/TrEMBL,1.0,Active
B4E0K3,UniProtKB/TrEMBL,2.0,Active
C9J524,UniProtKB/TrEMBL,1.0,Active
F5H8G5,UniProtKB/TrEMBL,1.0,Active
C9JD65,UniProtKB/TrEMBL,3.0,Active
B4DQN1,UniProtKB/TrEMBL,2.0,Active
B7Z6T5,UniProtKB/TrEMBL,1.0,Active
K7ELY4,UniProtKB/TrEMBL,1.0,Active
B4DUJ1,UniProtKB/TrEMBL,2.0,Active
F2Z3L3,UniProtKB/TrEMBL,1.0,Active
P48788,UniProtKB/Swiss-Prot,5.0,Active
L8E974,UniProtKB/TrEMBL,1.0,Active
Q7Z2Q8,UniProtKB/TrEMBL,1.0,Active
Q7Z477,UniProtKB/TrEMBL,1.0,Active
Q5YLW1,UniProtKB/TrEMBL,1.0,Active
A0A6H0DX63,UniProtKB/TrEMBL,2.0,Active
A8MVL9,UniProtKB/TrEMBL,1.0,Active
Q6ZSA1,UniProtKB/TrEMBL,1.0,Active
Q9NQE9,UniProtKB/Swiss-Prot,5.0,Active
Q14272,UniProtKB/TrEMBL,2.0,Active
A0A0S2Z581,UniProtKB/TrEMBL,1.0,Active
E5RFY6,UniProtKB/TrEMBL,1.0,Active
Q9HBL1,UniProtKB/TrEMBL,1.0,Active
Q5JW49,UniProtKB/TrEMBL,1.0,Active
E5RJS3,UniProtKB/TrEMBL,1.0,Active
F8W1M3,UniProtKB/TrEMBL,1.0,Active
B7ZBL5,UniProtKB/TrEMBL,1.0,Active
Q9HD47,UniProtKB/Swiss-Prot,5.0,Active
B3KTF4,UniProtKB/TrEMBL,1.0,Active
D6RJ90,UniProtKB/TrEMBL,1.0,Active
A0A494C007,UniProtKB/TrEMBL,1.0,Active
Q86SP4,UniProtKB/TrEMBL,1.0,Active
E9PRS3,UniProtKB/TrEMBL,2.0,Active
Q53RS4,UniProtKB/TrEMBL,1.0,Active
A0A669KB43,UniProtKB/TrEMBL,1.0,Active
Q5JSY8,UniProtKB/TrEMBL,1.0,Active
Q5TGI4,UniProtKB/Swiss-Prot,3.0,Active
P60604,UniProtKB/Swiss-Prot,5.0,Active
K7EL35,UniProtKB/TrEMBL,1.0,Active
H7C427,UniProtKB/TrEMBL,1.0,Active
C9JNS4,UniProtKB/TrEMBL,1.0,Active
F5H2T6,UniProtKB/TrEMBL,2.0,Active
Q9Y3C5,UniProtKB/Swiss-Prot,5.0,Active
H0YE80,UniProtKB/TrEMBL,1.0,Active
E5RJJ1,UniProtKB/TrEMBL,1.0,Active
A0A2R8Y4A2,UniProtKB/TrEMBL,2.0,Active
A2ABL6,UniProtKB/TrEMBL,1.0,Active
B1AHE4,UniProtKB/TrEMBL,1.0,Active
A0A096LNV3,UniProtKB/TrEMBL,3.0,Active
Q5TI88,UniProtKB/TrEMBL,2.0,Active
C9J3Y4,UniProtKB/TrEMBL,1.0,Active
Q9UF24,UniProtKB/TrEMBL,2.0,Active
B4DGP7,UniProtKB/TrEMBL,2.0,Active
H0YM21,UniProtKB/TrEMBL,1.0,Active
Q3KNT7,UniProtKB/Swiss-Prot,3.0,Active
A1L194,UniProtKB/TrEMBL,1.0,Active
Q9BT23,UniProtKB/Swiss-Prot,5.0,Active
X6RA92,UniProtKB/TrEMBL,1.0,Active
E5RGT3,UniProtKB/TrEMBL,1.0,Active
K7ES74,UniProtKB/TrEMBL,3.0,Active
A0A0G2JNH9,UniProtKB/TrEMBL,1.0,Active
F5GWH6,UniProtKB/TrEMBL,1.0,Active
K7ELP9,UniProtKB/TrEMBL,1.0,Active
B1AKZ4,UniProtKB/TrEMBL,2.0,Active
F5H5X2,UniProtKB/TrEMBL,1.0,Active
E5RFR9,UniProtKB/TrEMBL,1.0,Active
H0YC17,Inactive/Deleted,0.0,Inactive
C9JP86,UniProtKB/TrEMBL,1.0,Active
K7EPK7,UniProtKB/TrEMBL,1.0,Active
F8VRP2,UniProtKB/TrEMBL,1.0,Active
A0A0S2Z3M6,UniProtKB/TrEMBL,1.0,Active
B4DU62,UniProtKB/TrEMBL,1.0,Active
E5RHF4,UniProtKB/TrEMBL,2.0,Active
E9PR34,UniProtKB/TrEMBL,2.0,Active
D6RB12,UniProtKB/TrEMBL,1.0,Active
B4DNB2,UniProtKB/TrEMBL,1.0,Active
A6NFF2,UniProtKB/Swiss-Prot,2.0,Active
Q6UWQ7,UniProtKB/Swiss-Prot,4.0,Active
B4E0X6,UniProtKB/TrEMBL,2.0,Active
M0QXM5,UniProtKB/TrEMBL,1.0,Active
Q75N08,UniProtKB/TrEMBL,2.0,Active
H3BU31,UniProtKB/TrEMBL,2.0,Active
V9GYU1,UniProtKB/TrEMBL,1.0,Active
Q9BYA3,UniProtKB/TrEMBL,1.0,Active
U3KQM0,UniProtKB/TrEMBL,1.0,Active
Q3C1U7,UniProtKB/TrEMBL,1.0,Active
B2R4C9,UniProtKB/TrEMBL,1.0,Active
A0A090N7S9,UniProtKB/TrEMBL,1.0,Active
A5D917,UniProtKB/TrEMBL,1.0,Active
B4DNG5,UniProtKB/TrEMBL,2.0,Active
Q86Y39,UniProtKB/Swiss-Prot,5.0,Active
A0A7I2V5W5,UniProtKB/TrEMBL,1.0,Active
A0A3G1VCY8,UniProtKB/TrEMBL,1.0,Active
F5GX48,UniProtKB/TrEMBL,2.0,Active
A4D105,UniProtKB/TrEMBL,2.0,Active
H3BPI9,UniProtKB/TrEMBL,2.0,Active
Q3MS94,UniProtKB/TrEMBL,2.0,Active
H7BYT7,UniProtKB/TrEMBL,1.0,Active
A0A7I2V3J1,UniProtKB/TrEMBL,1.0,Active
E5RGR4,UniProtKB/TrEMBL,1.0,Active
P50583,UniProtKB/Swiss-Prot,5.0,Active
B4E3E2,UniProtKB/TrEMBL,1.0,Active
C9JZ21,UniProtKB/TrEMBL,1.0,Active
G3V374,UniProtKB/TrEMBL,1.0,Active
P04141,UniProtKB/Swiss-Prot,5.0,Active
E5RG82,UniProtKB/TrEMBL,1.0,Active
H0YEW8,UniProtKB/TrEMBL,1.0,Active
M0QYX3,UniProtKB/TrEMBL,2.0,Active
X5DP57,UniProtKB/TrEMBL,2.0,Active
Q6P3S4,UniProtKB/TrEMBL,1.0,Active
F5H6E4,UniProtKB/TrEMBL,2.0,Active
E5RFJ1,UniProtKB/TrEMBL,3.0,Active
A0A7I2V2T6,UniProtKB/TrEMBL,1.0,Active
Q5QFB7,UniProtKB/TrEMBL,1.0,Active
B4DIX1,UniProtKB/TrEMBL,1.0,Active
B4DMU5,UniProtKB/TrEMBL,1.0,Active
Q9NSY5,UniProtKB/TrEMBL,1.0,Active
F6UR09,UniProtKB/TrEMBL,3.0,Active
D6RDA8,UniProtKB/TrEMBL,1.0,Active
K7EKM6,UniProtKB/TrEMBL,1.0,Active
J3KRS3,UniProtKB/TrEMBL,1.0,Active
Q6LAF7,UniProtKB/TrEMBL,1.0,Active
B4DP84,UniProtKB/TrEMBL,2.0,Active
E9PNF1,UniProtKB/TrEMBL,2.0,Active
K7EPN7,UniProtKB/TrEMBL,1.0,Active
C9JHQ1,UniProtKB/TrEMBL,1.0,Active
E9PFW9,UniProtKB/TrEMBL,1.0,Active
D3VVH3,UniProtKB/TrEMBL,1.0,Active
F8VR71,UniProtKB/TrEMBL,1.0,Active
Q8N4H2,UniProtKB/TrEMBL,1.0,Active
Q5TBH0,UniProtKB/TrEMBL,2.0,Active
B4DIP8,UniProtKB/TrEMBL,1.0,Active
A4D1T5,UniProtKB/TrEMBL,2.0,Active
Q2VPK0,UniProtKB/TrEMBL,1.0,Active
F5GWK5,UniProtKB/TrEMBL,1.0,Active
F8W888,UniProtKB/TrEMBL,1.0,Active
F5GXG1,UniProtKB/TrEMBL,1.0,Active
A0A0G2JJ82,UniProtKB/TrEMBL,2.0,Active
C9J4N6,UniProtKB/TrEMBL,2.0,Active
J3KRW6,UniProtKB/TrEMBL,1.0,Active
C9J808,UniProtKB/TrEMBL,2.0,Active
Q9C062,UniProtKB/TrEMBL,1.0,Active
F8VRH5,UniProtKB/TrEMBL,1.0,Active
B3KQ87,UniProtKB/TrEMBL,2.0,Active
E5RJH4,UniProtKB/TrEMBL,1.0,Active
Q9BQC6,UniProtKB/Swiss-Prot,4.0,Active
A0A0K0K1I7,UniProtKB/TrEMBL,1.0,Active
P59074,UniProtKB/Swiss-Prot,4.0,Active
H3BR36,UniProtKB/TrEMBL,1.0,Active
Q9UIC5,UniProtKB/TrEMBL,1.0,Active
Q71RE4,UniProtKB/TrEMBL,2.0,Active
C9JRB3,UniProtKB/TrEMBL,2.0,Active
A0A0C4DGP4,UniProtKB/TrEMBL,1.0,Active
C9JVA8,UniProtKB/TrEMBL,1.0,Active
B4E019,UniProtKB/TrEMBL,1.0,Active
Q9Y543,UniProtKB/Swiss-Prot,4.0,Active
D6RDX9,UniProtKB/TrEMBL,1.0,Active
Q8IZI5,UniProtKB/TrEMBL,1.0,Active
C9JQU8,UniProtKB/TrEMBL,1.0,Active
Q15444,UniProtKB/TrEMBL,1.0,Active
H0Y950,UniProtKB/TrEMBL,3.0,Active
D6R9N4,UniProtKB/TrEMBL,1.0,Active
D6RHZ7,UniProtKB/TrEMBL,1.0,Active
A0A286YEW6,UniProtKB/TrEMBL,1.0,Active
A0A087X1K1,UniProtKB/TrEMBL,1.0,Active
A0A2R8Y7W9,UniProtKB/TrEMBL,1.0,Active
H0Y9C7,UniProtKB/TrEMBL,1.0,Active
A8MZF5,UniProtKB/TrEMBL,2.0,Active
H3BQE9,UniProtKB/TrEMBL,1.0,Active
B4E2J5,UniProtKB/TrEMBL,1.0,Active
A0A1B1PFX6,UniProtKB/TrEMBL,2.0,Active
C9JXC9,UniProtKB/TrEMBL,3.0,Active
B4DIC5,UniProtKB/TrEMBL,1.0,Active
A0A3B3IST1,UniProtKB/TrEMBL,2.0,Active
H3BSE1,UniProtKB/TrEMBL,1.0,Active
B7Z3E2,UniProtKB/TrEMBL,1.0,Active
J3QQL9,UniProtKB/TrEMBL,2.0,Active
D6RA22,UniProtKB/TrEMBL,1.0,Active
B8ZZA3,UniProtKB/TrEMBL,1.0,Active
I3L1B0,UniProtKB/TrEMBL,1.0,Active
U3KPR5,UniProtKB/TrEMBL,2.0,Active
A0A0D4WP22,UniProtKB/TrEMBL,2.0,Active
Q96EJ4,UniProtKB/TrEMBL,4.0,Active
E9PMT1,UniProtKB/TrEMBL,2.0,Active
B4DPC9,UniProtKB/TrEMBL,1.0,Active
I3L0L4,UniProtKB/TrEMBL,1.0,Active
Q9H3Z4,UniProtKB/Swiss-Prot,5.0,Active
Q6ZME5,UniProtKB/TrEMBL,1.0,Active
F2Z3H0,UniProtKB/TrEMBL,1.0,Active
A8MY60,UniProtKB/TrEMBL,1.0,Active
K7ES43,UniProtKB/TrEMBL,2.0,Active
K7EJ61,UniProtKB/TrEMBL,1.0,Active
H3BRE4,UniProtKB/TrEMBL,2.0,Active
D6RJ00,UniProtKB/TrEMBL,2.0,Active
E5RJW4,UniProtKB/TrEMBL,2.0,Active
A0A024R3V4,UniProtKB/TrEMBL,2.0,Active
I7GW38,UniProtKB/TrEMBL,2.0,Active
E5RGK6,UniProtKB/TrEMBL,1.0,Active
A0A087WYV6,UniProtKB/TrEMBL,1.0,Active
B4DK46,UniProtKB/TrEMBL,1.0,Active
Q12833,UniProtKB/TrEMBL,1.0,Active
Q0VA92,UniProtKB/TrEMBL,2.0,Active
H7C1Y9,UniProtKB/TrEMBL,1.0,Active
Q59GK9,UniProtKB/TrEMBL,2.0,Active
Q9NWH2,UniProtKB/Swiss-Prot,5.0,Active
C9JEC8,UniProtKB/TrEMBL,1.0,Active
B4DGH8,UniProtKB/TrEMBL,2.0,Active
Q5T9E3,UniProtKB/TrEMBL,2.0,Active
A0A0S2Z5E8,UniProtKB/TrEMBL,1.0,Active
B4DNW2,UniProtKB/TrEMBL,1.0,Active
A0A7I2V3F8,UniProtKB/TrEMBL,1.0,Active
F5H5G4,UniProtKB/TrEMBL,1.0,Active
Q5QNZ2,UniProtKB/TrEMBL,2.0,Active
L0R8F8,UniProtKB/Swiss-Prot,5.0,Active
I3L3H7,UniProtKB/TrEMBL,1.0,Active
H0Y8T0,UniProtKB/TrEMBL,1.0,Active
Q6B8I1,UniProtKB/Swiss-Prot,5.0,Active
E9PM05,UniProtKB/TrEMBL,1.0,Active
E9PIP9,UniProtKB/TrEMBL,1.0,Active
Q53FP2,UniProtKB/Swiss-Prot,5.0,Active
H0YL06,UniProtKB/TrEMBL,1.0,Active
J3QT89,UniProtKB/TrEMBL,1.0,Active
B4DU59,UniProtKB/TrEMBL,3.0,Active
Q8WWG1,UniProtKB/Swiss-Prot,4.0,Active
B4E374,UniProtKB/TrEMBL,1.0,Active
Q05315,UniProtKB/Swiss-Prot,5.0,Active
D6RFF6,UniProtKB/TrEMBL,1.0,Active
Q86TX3,UniProtKB/TrEMBL,1.0,Active
B3KQJ9,UniProtKB/TrEMBL,1.0,Active
J3KQ33,UniProtKB/TrEMBL,1.0,Active
C9JPJ0,UniProtKB/TrEMBL,1.0,Active
Q9BSG0,UniProtKB/Swiss-Prot,4.0,Active
F5H5X7,UniProtKB/TrEMBL,1.0,Active
E5RJM9,UniProtKB/TrEMBL,1.0,Active
B5MC62,UniProtKB/TrEMBL,1.0,Active
Q9UPG3,UniProtKB/TrEMBL,1.0,Active
H0YGN0,UniProtKB/TrEMBL,1.0,Active
Q6UY13,UniProtKB/Swiss-Prot,2.0,Active
K7EN02,UniProtKB/TrEMBL,2.0,Active
Q9NQ39,UniProtKB/Swiss-Prot,2.0,Active
P61244,UniProtKB/Swiss-Prot,5.0,Active
Q6UWF9,UniProtKB/Swiss-Prot,2.0,Active
E5RIW6,UniProtKB/TrEMBL,1.0,Active
A0A0G2JIT9,UniProtKB/TrEMBL,2.0,Active
A0A2R8YDI6,UniProtKB/TrEMBL,1.0,Active
C9J187,UniProtKB/TrEMBL,1.0,Active
B4DNH8,UniProtKB/TrEMBL,2.0,Active
C9IYL0,UniProtKB/TrEMBL,1.0,Active
I3L2Z7,UniProtKB/TrEMBL,1.0,Active
H3BRR6,UniProtKB/TrEMBL,1.0,Active
K7ELS6,UniProtKB/TrEMBL,2.0,Active
A0A024R7H5,UniProtKB/TrEMBL,3.0,Active
Q6P1K1,UniProtKB/Swiss-Prot,5.0,Active
K7ENZ2,UniProtKB/TrEMBL,2.0,Active
Q13038,UniProtKB/TrEMBL,1.0,Active
Q9H1H1,UniProtKB/Swiss-Prot,3.0,Active
F5H623,UniProtKB/TrEMBL,1.0,Active
C9J9F8,UniProtKB/TrEMBL,1.0,Active
M0QYK3,UniProtKB/TrEMBL,1.0,Active
H7C5H3,UniProtKB/TrEMBL,1.0,Active
A0A0U1RR66,UniProtKB/TrEMBL,2.0,Active
A0A384N6F4,UniProtKB/TrEMBL,2.0,Active
F8VZW6,UniProtKB/TrEMBL,1.0,Active
A0A090N7S4,UniProtKB/TrEMBL,1.0,Active
C9JZS0,UniProtKB/TrEMBL,1.0,Active
H3BNA1,UniProtKB/TrEMBL,2.0,Active
Q5T2H4,UniProtKB/TrEMBL,3.0,Active
G3V2V6,UniProtKB/TrEMBL,2.0,Active
A0A6Q8PFT6,UniProtKB/TrEMBL,2.0,Active
E9PQ35,UniProtKB/TrEMBL,1.0,Active
O15304,UniProtKB/Swiss-Prot,5.0,Active
Q6IAA8,UniProtKB/Swiss-Prot,5.0,Active
G3V185,UniProtKB/TrEMBL,1.0,Active
C9J4I1,UniProtKB/TrEMBL,1.0,Active
Q6TME0,UniProtKB/TrEMBL,1.0,Active
P18847,UniProtKB/Swiss-Prot,5.0,Active
K7ELP4,UniProtKB/TrEMBL,1.0,Active
A0A067ZVH2,UniProtKB/TrEMBL,1.0,Active
Q8NEA4,UniProtKB/Swiss-Prot,2.0,Active
E5RH29,UniProtKB/TrEMBL,1.0,Active
F5H1F6,UniProtKB/TrEMBL,2.0,Active
Q96DX1,UniProtKB/TrEMBL,1.0,Active
J3KQ25,UniProtKB/TrEMBL,1.0,Active
O15258,UniProtKB/Swiss-Prot,5.0,Active
D6R9Q3,UniProtKB/TrEMBL,1.0,Active
O14945,UniProtKB/TrEMBL,2.0,Active
X6RGF2,UniProtKB/TrEMBL,2.0,Active
M0QXW9,UniProtKB/TrEMBL,1.0,Active
H7C5D1,UniProtKB/TrEMBL,1.0,Active
A0A0S2Z528,UniProtKB/TrEMBL,2.0,Active
O75588,UniProtKB/TrEMBL,2.0,Active
D6R9F8,UniProtKB/TrEMBL,2.0,Active
E5RGZ5,UniProtKB/TrEMBL,1.0,Active
A0A087WTV5,UniProtKB/TrEMBL,1.0,Active
A0A087WWP1,UniProtKB/TrEMBL,1.0,Active
H0YL71,UniProtKB/TrEMBL,2.0,Active
Q3SYF1,UniProtKB/TrEMBL,1.0,Active
G3V4X7,UniProtKB/TrEMBL,1.0,Active
C9JFC9,UniProtKB/TrEMBL,1.0,Active
E9PRQ8,UniProtKB/TrEMBL,1.0,Active
E9PRS9,UniProtKB/TrEMBL,2.0,Active
H6SG15,UniProtKB/TrEMBL,3.0,Active
Q6JV79,UniProtKB/TrEMBL,1.0,Active
C9JK03,UniProtKB/TrEMBL,2.0,Active
A0A2R8YCI0,UniProtKB/TrEMBL,1.0,Active
H3BM93,UniProtKB/TrEMBL,2.0,Active
Q5T1D7,UniProtKB/TrEMBL,1.0,Active
O60232,UniProtKB/Swiss-Prot,5.0,Active
C9JQG1,UniProtKB/TrEMBL,1.0,Active
Q3MS88,UniProtKB/TrEMBL,1.0,Active
A0A384MR27,UniProtKB/TrEMBL,2.0,Active
Q9UFG5,UniProtKB/Swiss-Prot,5.0,Active
B1AV70,UniProtKB/TrEMBL,2.0,Active
Q6QAJ8,UniProtKB/Swiss-Prot,2.0,Active
J3QRA6,UniProtKB/TrEMBL,1.0,Active
M0R1Y1,UniProtKB/TrEMBL,1.0,Active
Q8NCS4,UniProtKB/Swiss-Prot,2.0,Active
H0YE11,UniProtKB/TrEMBL,1.0,Active
Q05CW1,UniProtKB/TrEMBL,1.0,Active
B1AKU2,UniProtKB/TrEMBL,2.0,Active
E9PKY4,UniProtKB/TrEMBL,1.0,Active
H7C3Y4,UniProtKB/TrEMBL,1.0,Active
P62269,UniProtKB/Swiss-Prot,5.0,Active
B3KT45,UniProtKB/TrEMBL,1.0,Active
Q9NX70,UniProtKB/Swiss-Prot,5.0,Active
B1AP46,UniProtKB/TrEMBL,1.0,Active
A0A0S2Z6X0,UniProtKB/TrEMBL,2.0,Active
I3L2I3,UniProtKB/TrEMBL,1.0,Active
B4DDS1,UniProtKB/TrEMBL,2.0,Active
E5RHV6,UniProtKB/TrEMBL,3.0,Active
Q969L2,UniProtKB/Swiss-Prot,5.0,Active
Q6PI29,UniProtKB/TrEMBL,1.0,Active
M0R057,UniProtKB/TrEMBL,2.0,Active
Q9Y4H4,UniProtKB/Swiss-Prot,4.0,Active
E9PS89,UniProtKB/TrEMBL,1.0,Active
B1AL40,UniProtKB/TrEMBL,1.0,Active
A0A1W5R407,UniProtKB/TrEMBL,1.0,Active
B1AHH6,UniProtKB/TrEMBL,2.0,Active
Q05DH6,UniProtKB/TrEMBL,2.0,Active
H3BR41,UniProtKB/TrEMBL,2.0,Active
A0A2R8Y5U0,UniProtKB/TrEMBL,1.0,Active
P0C7M6,UniProtKB/Swiss-Prot,2.0,Active
D6R9C1,UniProtKB/TrEMBL,2.0,Active
H0UI06,UniProtKB/TrEMBL,2.0,Active
P09234,UniProtKB/Swiss-Prot,5.0,Active
Q9H9G4,UniProtKB/TrEMBL,1.0,Active
Q03135,UniProtKB/Swiss-Prot,5.0,Active
J3QS16,UniProtKB/TrEMBL,1.0,Active
A0A1W2PQQ4,UniProtKB/TrEMBL,1.0,Active
Q8WWN6,UniProtKB/TrEMBL,1.0,Active
B4DVL3,UniProtKB/TrEMBL,1.0,Active
F5H1N9,UniProtKB/TrEMBL,2.0,Active
A8MVK1,UniProtKB/TrEMBL,1.0,Active
C9JDR8,UniProtKB/TrEMBL,1.0,Active
A0A0G2JIT5,UniProtKB/TrEMBL,1.0,Active
E9PP75,UniProtKB/TrEMBL,1.0,Active
I1YAQ1,UniProtKB/TrEMBL,1.0,Active
C7DYB4,UniProtKB/TrEMBL,1.0,Active
E9PJC5,UniProtKB/TrEMBL,1.0,Active
B4DU61,UniProtKB/TrEMBL,2.0,Active
Q9H4X1,UniProtKB/Swiss-Prot,5.0,Active
J3QQL4,UniProtKB/TrEMBL,1.0,Active
H0YEZ4,UniProtKB/TrEMBL,1.0,Active
A0A087WTE3,UniProtKB/TrEMBL,1.0,Active
A0A384P5J0,UniProtKB/TrEMBL,3.0,Active
G1FFE8,UniProtKB/TrEMBL,1.0,Active
A8MWR2,UniProtKB/TrEMBL,1.0,Active
Q14XY3,UniProtKB/TrEMBL,1.0,Active
B7Z3M9,UniProtKB/TrEMBL,3.0,Active
E7EWT0,UniProtKB/TrEMBL,1.0,Active
A0A3B3ITA7,UniProtKB/TrEMBL,2.0,Active
H7C0S1,UniProtKB/TrEMBL,1.0,Active
D6R9X4,UniProtKB/TrEMBL,1.0,Active
A0A087WT04,UniProtKB/TrEMBL,1.0,Active
C9J1A4,UniProtKB/TrEMBL,1.0,Active
H3BSQ0,UniProtKB/TrEMBL,1.0,Active
H7C2B0,UniProtKB/TrEMBL,2.0,Active
F8VSD8,UniProtKB/TrEMBL,1.0,Active
F5H7J3,UniProtKB/TrEMBL,1.0,Active
A0A590UJZ0,UniProtKB/TrEMBL,1.0,Active
Q9H098,UniProtKB/Swiss-Prot,2.0,Active
F8VXK8,UniProtKB/TrEMBL,1.0,Active
C9JWY7,UniProtKB/TrEMBL,1.0,Active
Q8NI45,UniProtKB/TrEMBL,3.0,Active
Q9BQR2,UniProtKB/TrEMBL,1.0,Active
J3KRM4,UniProtKB/TrEMBL,2.0,Active
A6NGS2,UniProtKB/Swiss-Prot,2.0,Active
P05162,UniProtKB/Swiss-Prot,5.0,Active
B4DGU7,UniProtKB/TrEMBL,1.0,Active
B9U4H1,UniProtKB/TrEMBL,1.0,Active
A6NCL2,UniProtKB/Swiss-Prot,2.0,Active
B7ZKR5,UniProtKB/TrEMBL,2.0,Active
Q9UPD3,UniProtKB/TrEMBL,2.0,Active
D6RJ98,UniProtKB/TrEMBL,1.0,Active
B7Z2B2,UniProtKB/TrEMBL,1.0,Active
A7E2S2,UniProtKB/TrEMBL,1.0,Active
C9J6B2,UniProtKB/TrEMBL,1.0,Active
B4DSC0,UniProtKB/TrEMBL,1.0,Active
Q7Z5A8,UniProtKB/Swiss-Prot,3.0,Active
B3KSM0,UniProtKB/TrEMBL,1.0,Active
A2ABJ5,UniProtKB/TrEMBL,2.0,Active
B3KNI9,UniProtKB/TrEMBL,1.0,Active
E9PKG5,UniProtKB/TrEMBL,1.0,Active
Q9BUV8,UniProtKB/Swiss-Prot,5.0,Active
I3L496,UniProtKB/TrEMBL,1.0,Active
F6T5D1,UniProtKB/TrEMBL,1.0,Active
C9J481,UniProtKB/TrEMBL,2.0,Active
G3V5S3,UniProtKB/TrEMBL,1.0,Active
D6REB8,UniProtKB/TrEMBL,2.0,Active
W8JJB1,UniProtKB/TrEMBL,1.0,Active
Q8NDN3,UniProtKB/TrEMBL,1.0,Active
Q04941,UniProtKB/Swiss-Prot,5.0,Active
B4DHF0,UniProtKB/TrEMBL,1.0,Active
A0PJZ0,UniProtKB/Swiss-Prot,2.0,Active
F8VVU1,UniProtKB/TrEMBL,1.0,Active
C9JYB5,UniProtKB/TrEMBL,2.0,Active
C9K0M9,UniProtKB/TrEMBL,1.0,Active
Q6LAF8,UniProtKB/TrEMBL,1.0,Active
Q32MY8,UniProtKB/TrEMBL,1.0,Active
Q9NR55,UniProtKB/Swiss-Prot,5.0,Active
Q9UE66,UniProtKB/TrEMBL,2.0,Active
X6RCK5,UniProtKB/TrEMBL,1.0,Active
Q6UXB1,UniProtKB/Swiss-Prot,3.0,Active
A8MYV4,UniProtKB/TrEMBL,1.0,Active
A0A2Y9D025,UniProtKB/TrEMBL,2.0,Active
D6R954,UniProtKB/TrEMBL,3.0,Active
B4DSD4,UniProtKB/TrEMBL,1.0,Active
B4DVQ6,UniProtKB/TrEMBL,1.0,Active
A6NFU8,UniProtKB/Swiss-Prot,2.0,Active
Q5BN46,UniProtKB/Swiss-Prot,5.0,Active
A0A0C4DGJ9,UniProtKB/TrEMBL,1.0,Active
E9PKK7,UniProtKB/TrEMBL,2.0,Active
Q86US5,UniProtKB/TrEMBL,2.0,Active
X5FSQ3,UniProtKB/TrEMBL,1.0,Active
B3KY15,UniProtKB/TrEMBL,1.0,Active
A8K9A7,UniProtKB/TrEMBL,1.0,Active
Q9H9H9,UniProtKB/TrEMBL,1.0,Active
C9JZW7,UniProtKB/TrEMBL,2.0,Active
O60894,UniProtKB/Swiss-Prot,5.0,Active
J3QL85,UniProtKB/TrEMBL,2.0,Active
C9JWD9,UniProtKB/TrEMBL,2.0,Active
E2GIM6,UniProtKB/TrEMBL,1.0,Active
A0A0A0MSP4,UniProtKB/TrEMBL,1.0,Active
Q5SSQ6,UniProtKB/Swiss-Prot,4.0,Active
K7EJZ1,UniProtKB/TrEMBL,2.0,Active
Q4VXH1,UniProtKB/TrEMBL,1.0,Active
Q8TCE9,UniProtKB/Swiss-Prot,5.0,Active
H7C514,UniProtKB/TrEMBL,2.0,Active
X6RHM1,UniProtKB/TrEMBL,1.0,Active
Q5T0S3,UniProtKB/TrEMBL,1.0,Active
B4DNP5,UniProtKB/TrEMBL,2.0,Active
J3QR84,UniProtKB/TrEMBL,1.0,Active
Q0P5N6,UniProtKB/Swiss-Prot,5.0,Active
B4DYB1,UniProtKB/TrEMBL,1.0,Active
Q8WW32,UniProtKB/Swiss-Prot,3.0,Active
E7EPQ9,UniProtKB/TrEMBL,1.0,Active
C9JTB9,UniProtKB/TrEMBL,1.0,Active
Q9UMK6,UniProtKB/TrEMBL,1.0,Active
Q96NB1,UniProtKB/Swiss-Prot,5.0,Active
K9J972,UniProtKB/TrEMBL,4.0,Active
Q5QPM9,UniProtKB/TrEMBL,2.0,Active
A0A7R6V290,UniProtKB/TrEMBL,1.0,Active
Q8IZZ8,UniProtKB/TrEMBL,1.0,Active
Q3ZCU6,UniProtKB/TrEMBL,1.0,Active
Q86TS1,UniProtKB/TrEMBL,2.0,Active
Q16873,UniProtKB/Swiss-Prot,5.0,Active
M0QXD1,UniProtKB/TrEMBL,1.0,Active
B5TZ79,UniProtKB/TrEMBL,2.0,Active
Q8IX95,UniProtKB/Swiss-Prot,2.0,Active
F8VVK7,UniProtKB/TrEMBL,1.0,Active
Q96KX1,UniProtKB/Swiss-Prot,1.0,Active
M0R106,UniProtKB/TrEMBL,2.0,Active
H0YH82,UniProtKB/TrEMBL,1.0,Active
C9JPA8,UniProtKB/TrEMBL,1.0,Active
M0R3H2,UniProtKB/TrEMBL,1.0,Active
H0YBY0,UniProtKB/TrEMBL,1.0,Active
E5RH06,UniProtKB/TrEMBL,1.0,Active
F8W0R5,UniProtKB/TrEMBL,1.0,Active
H0YNN5,UniProtKB/TrEMBL,1.0,Active
C9IZF6,UniProtKB/TrEMBL,2.0,Active
B4DIS4,UniProtKB/TrEMBL,1.0,Active
A0A087WYV7,UniProtKB/TrEMBL,1.0,Active
B4DK74,UniProtKB/TrEMBL,1.0,Active
A0A6Q8PG23,UniProtKB/TrEMBL,1.0,Active
Q9BSC0,UniProtKB/TrEMBL,2.0,Active
Q96E34,UniProtKB/TrEMBL,1.0,Active
H0YB37,UniProtKB/TrEMBL,1.0,Active
H0YNZ0,UniProtKB/TrEMBL,1.0,Active
H0YMJ5,UniProtKB/TrEMBL,2.0,Active
B4DFC0,UniProtKB/TrEMBL,1.0,Active
E9PKH9,UniProtKB/TrEMBL,1.0,Active
A0A087WXJ5,UniProtKB/TrEMBL,2.0,Active
D6R9X7,UniProtKB/TrEMBL,1.0,Active
A0A0M3L9V7,UniProtKB/TrEMBL,2.0,Active
A0A097KTZ0,UniProtKB/TrEMBL,3.0,Active
B4DWS2,UniProtKB/TrEMBL,2.0,Active
B4DNJ8,UniProtKB/TrEMBL,1.0,Active
E9PNN2,UniProtKB/TrEMBL,1.0,Active
C9JYR7,UniProtKB/TrEMBL,3.0,Active
A0A0D5ZZZ2,UniProtKB/TrEMBL,2.0,Active
A0A080YV01,UniProtKB/TrEMBL,2.0,Active
Q9UII2,UniProtKB/Swiss-Prot,5.0,Active
F5H2P0,UniProtKB/TrEMBL,2.0,Active
A0A804HK14,UniProtKB/TrEMBL,1.0,Active
X5D9N8,UniProtKB/TrEMBL,1.0,Active
H0Y474,UniProtKB/TrEMBL,2.0,Active
P84098,UniProtKB/Swiss-Prot,5.0,Active
D6RBM3,UniProtKB/TrEMBL,1.0,Active
C9J6D1,UniProtKB/TrEMBL,1.0,Active
P60321,UniProtKB/Swiss-Prot,5.0,Active
C9J6U8,UniProtKB/TrEMBL,1.0,Active
H7BZF3,UniProtKB/TrEMBL,1.0,Active
A0A2R8Y6E5,UniProtKB/TrEMBL,1.0,Active
H0YA36,UniProtKB/TrEMBL,1.0,Active
K7EN56,UniProtKB/TrEMBL,1.0,Active
B4DGF7,UniProtKB/TrEMBL,1.0,Active
J3KT84,UniProtKB/TrEMBL,2.0,Active
A0A0D9SF25,UniProtKB/TrEMBL,1.0,Active
M0R050,UniProtKB/TrEMBL,2.0,Active
E9PN04,UniProtKB/TrEMBL,1.0,Active
Q9HBG3,UniProtKB/TrEMBL,1.0,Active
H7C285,UniProtKB/TrEMBL,2.0,Active
J3QKZ8,UniProtKB/TrEMBL,1.0,Active
A0A0J9YWR7,UniProtKB/TrEMBL,1.0,Active
A0A590UJH0,UniProtKB/TrEMBL,1.0,Active
A2A3H2,UniProtKB/TrEMBL,1.0,Active
F5GWC3,UniProtKB/TrEMBL,1.0,Active
E9PMH3,UniProtKB/TrEMBL,1.0,Active
A7U7M2,UniProtKB/TrEMBL,2.0,Active
F5H0E9,UniProtKB/TrEMBL,1.0,Active
E7ENR9,UniProtKB/TrEMBL,2.0,Active
U3KPU4,UniProtKB/TrEMBL,1.0,Active
G3V3H5,UniProtKB/TrEMBL,1.0,Active
H0YML0,UniProtKB/TrEMBL,2.0,Active
A0A087WYF0,UniProtKB/TrEMBL,2.0,Active
H0YAG2,UniProtKB/TrEMBL,1.0,Active
B4E3P3,UniProtKB/TrEMBL,1.0,Active
H3BMV9,Inactive/Deleted,0.0,Inactive
J3KR56,UniProtKB/TrEMBL,2.0,Active
Q8WZ72,UniProtKB/TrEMBL,1.0,Active
A1L180,UniProtKB/TrEMBL,2.0,Active
J3QT73,UniProtKB/TrEMBL,2.0,Active
B4DM09,UniProtKB/TrEMBL,1.0,Active
K7ES29,UniProtKB/TrEMBL,1.0,Active
C0IP14,UniProtKB/TrEMBL,1.0,Active
K7EJM9,UniProtKB/TrEMBL,2.0,Active
F5H7V8,UniProtKB/TrEMBL,1.0,Active
J3KRI6,UniProtKB/TrEMBL,1.0,Active
B4DDW4,UniProtKB/TrEMBL,1.0,Active
H0YBT7,UniProtKB/TrEMBL,1.0,Active
A0A804HKN7,UniProtKB/TrEMBL,1.0,Active
S4R3A9,UniProtKB/TrEMBL,1.0,Active
Q86SZ2,UniProtKB/Swiss-Prot,5.0,Active
G3V4A9,UniProtKB/TrEMBL,1.0,Active
A8MY48,UniProtKB/TrEMBL,2.0,Active
E7EW89,UniProtKB/TrEMBL,1.0,Active
Q9NSQ1,UniProtKB/TrEMBL,1.0,Active
E9PHN6,UniProtKB/TrEMBL,2.0,Active
A0A0A0MT00,UniProtKB/TrEMBL,2.0,Active
I3WA68,UniProtKB/TrEMBL,2.0,Active
E5RJG0,UniProtKB/TrEMBL,1.0,Active
A0A1W2PNF3,UniProtKB/TrEMBL,2.0,Active
E9PPF1,UniProtKB/TrEMBL,2.0,Active
H0YCF8,UniProtKB/TrEMBL,1.0,Active
Q14CE6,UniProtKB/TrEMBL,1.0,Active
Q5JSZ6,UniProtKB/TrEMBL,2.0,Active
Q96P38,UniProtKB/TrEMBL,1.0,Active
B4DTC7,UniProtKB/TrEMBL,1.0,Active
C9JWE1,UniProtKB/TrEMBL,1.0,Active
B3KRN7,UniProtKB/TrEMBL,1.0,Active
M0R1V5,UniProtKB/TrEMBL,1.0,Active
V9GZ76,UniProtKB/TrEMBL,1.0,Active
Q9Y6A4,UniProtKB/Swiss-Prot,5.0,Active
E2J5K4,UniProtKB/TrEMBL,2.0,Active
E5RHK6,UniProtKB/TrEMBL,2.0,Active
P13073,UniProtKB/Swiss-Prot,5.0,Active
Q15382,UniProtKB/Swiss-Prot,5.0,Active
K7EQ63,UniProtKB/TrEMBL,2.0,Active
Q59G89,UniProtKB/TrEMBL,1.0,Active
C9JCS5,UniProtKB/TrEMBL,1.0,Active
F5H5G7,UniProtKB/TrEMBL,3.0,Active
M0QX58,UniProtKB/TrEMBL,1.0,Active
F5GX23,UniProtKB/TrEMBL,1.0,Active
A0A3B3ITT5,UniProtKB/TrEMBL,2.0,Active
A0A087WUX1,UniProtKB/TrEMBL,1.0,Active
Q5TBW1,UniProtKB/TrEMBL,1.0,Active
B5MCA9,UniProtKB/TrEMBL,1.0,Active
Q3KNT9,UniProtKB/Swiss-Prot,5.0,Active
D2CPK0,UniProtKB/TrEMBL,1.0,Active
Q6ZMV7,UniProtKB/Swiss-Prot,1.0,Active
E7EUS6,UniProtKB/TrEMBL,2.0,Active
E9PPJ6,UniProtKB/TrEMBL,1.0,Active
H0YBN7,UniProtKB/TrEMBL,2.0,Active
A0A7I2V4V0,UniProtKB/TrEMBL,1.0,Active
B4DUL8,UniProtKB/TrEMBL,2.0,Active
A0A080YUZ6,UniProtKB/TrEMBL,1.0,Active
F8RBE1,UniProtKB/TrEMBL,1.0,Active
Q96BP5,UniProtKB/TrEMBL,2.0,Active
K7EIJ7,UniProtKB/TrEMBL,1.0,Active
Q5T9P8,UniProtKB/TrEMBL,1.0,Active
Q5T130,UniProtKB/TrEMBL,1.0,Active
A0A0U1RRM7,UniProtKB/TrEMBL,1.0,Active
Q8NH95,UniProtKB/Swiss-Prot,3.0,Active
A0A0C4DH46,UniProtKB/TrEMBL,2.0,Active
D6R983,UniProtKB/TrEMBL,2.0,Active
M0QXP0,UniProtKB/TrEMBL,1.0,Active
A0A192GQG0,UniProtKB/TrEMBL,1.0,Active
A0A7I2V308,UniProtKB/TrEMBL,1.0,Active
Q8IZV2,UniProtKB/Swiss-Prot,4.0,Active
Q9NQ30,UniProtKB/Swiss-Prot,5.0,Active
F8W0C2,UniProtKB/TrEMBL,1.0,Active
K4KBD6,UniProtKB/TrEMBL,2.0,Active
A4QMX0,UniProtKB/TrEMBL,1.0,Active
H0YL35,UniProtKB/TrEMBL,1.0,Active
P02814,UniProtKB/Swiss-Prot,5.0,Active
A0A6Q8PFZ5,UniProtKB/TrEMBL,1.0,Active
R4GMN5,UniProtKB/TrEMBL,1.0,Active
A0A7P0Z4L9,UniProtKB/TrEMBL,1.0,Active
C9JZ71,UniProtKB/TrEMBL,1.0,Active
Q9Y5T4,UniProtKB/Swiss-Prot,5.0,Active
H0YLZ3,UniProtKB/TrEMBL,1.0,Active
V9GYI8,UniProtKB/TrEMBL,1.0,Active
M0R2H5,UniProtKB/TrEMBL,1.0,Active
C9JDJ8,UniProtKB/TrEMBL,3.0,Active
E9PI32,UniProtKB/TrEMBL,2.0,Active
A0A2R8Y7B5,UniProtKB/TrEMBL,1.0,Active
Q5T1G4,UniProtKB/TrEMBL,1.0,Active
A0A087WZA9,UniProtKB/TrEMBL,1.0,Active
C9JTX9,UniProtKB/TrEMBL,2.0,Active
G3V2H1,UniProtKB/TrEMBL,1.0,Active
A1L162,UniProtKB/Swiss-Prot,2.0,Active
D6RIU8,UniProtKB/TrEMBL,1.0,Active
E9PNM2,UniProtKB/TrEMBL,2.0,Active
Q9HB13,UniProtKB/TrEMBL,2.0,Active
Q8NEW3,UniProtKB/TrEMBL,1.0,Active
P62633,UniProtKB/Swiss-Prot,5.0,Active
G5E9P5,UniProtKB/TrEMBL,2.0,Active
C9JVX2,UniProtKB/TrEMBL,1.0,Active
G3V4C6,UniProtKB/TrEMBL,1.0,Active
F8WE02,UniProtKB/TrEMBL,1.0,Active
A0A0A0MSX6,UniProtKB/TrEMBL,2.0,Active
Q5SSC2,UniProtKB/TrEMBL,1.0,Active
Q7Z7G2,UniProtKB/Swiss-Prot,5.0,Active
O00399,UniProtKB/Swiss-Prot,5.0,Active
A6XGN5,UniProtKB/TrEMBL,2.0,Active
Q8N2W2,UniProtKB/TrEMBL,2.0,Active
B5TY33,UniProtKB/TrEMBL,2.0,Active
E9PM06,UniProtKB/TrEMBL,2.0,Active
E5RGP0,UniProtKB/TrEMBL,2.0,Active
F5GXQ5,UniProtKB/TrEMBL,2.0,Active
H7C1W2,UniProtKB/TrEMBL,2.0,Active
C9JAB9,UniProtKB/TrEMBL,1.0,Active
H0Y9N8,UniProtKB/TrEMBL,2.0,Active
A8K8E5,UniProtKB/TrEMBL,2.0,Active
V9GZ22,UniProtKB/TrEMBL,1.0,Active
Q5CAJ2,UniProtKB/TrEMBL,1.0,Active
H0YIK6,UniProtKB/TrEMBL,1.0,Active
J3KTE2,UniProtKB/TrEMBL,1.0,Active
B4E0W9,UniProtKB/TrEMBL,2.0,Active
F8WCV1,UniProtKB/TrEMBL,1.0,Active
Q6QJE5,UniProtKB/TrEMBL,1.0,Active
Q5JU97,UniProtKB/TrEMBL,1.0,Active
X6REH9,UniProtKB/TrEMBL,3.0,Active
B4DM07,UniProtKB/TrEMBL,1.0,Active
E5RHN7,UniProtKB/TrEMBL,2.0,Active
C9JMQ7,UniProtKB/TrEMBL,2.0,Active
A0A3Q8BCJ8,UniProtKB/TrEMBL,1.0,Active
Q8IU71,UniProtKB/TrEMBL,1.0,Active
Q49AA1,UniProtKB/TrEMBL,2.0,Active
A8KAJ2,UniProtKB/TrEMBL,2.0,Active
Q8NAN9,UniProtKB/TrEMBL,2.0,Active
J3KPZ4,UniProtKB/TrEMBL,2.0,Active
A4FU79,UniProtKB/TrEMBL,1.0,Active
H7C1A4,UniProtKB/TrEMBL,1.0,Active
Q1RMF0,UniProtKB/TrEMBL,1.0,Active
O43716,UniProtKB/Swiss-Prot,5.0,Active
E9PHG0,UniProtKB/TrEMBL,2.0,Active
A1L167,UniProtKB/Swiss-Prot,5.0,Active
B4DN51,UniProtKB/TrEMBL,2.0,Active
J3KTG4,UniProtKB/TrEMBL,2.0,Active
J7PW20,UniProtKB/TrEMBL,1.0,Active
L0R5D5,UniProtKB/TrEMBL,1.0,Active
K7ERF1,UniProtKB/TrEMBL,3.0,Active
K7ER33,UniProtKB/TrEMBL,2.0,Active
A0A0D9SF91,UniProtKB/TrEMBL,1.0,Active
Q6J334,UniProtKB/TrEMBL,1.0,Active
Q6UWW7,UniProtKB/TrEMBL,1.0,Active
J3QSD8,UniProtKB/TrEMBL,2.0,Active
A0A087WZ93,UniProtKB/TrEMBL,1.0,Active
Q08117,UniProtKB/Swiss-Prot,5.0,Active
O60830,UniProtKB/Swiss-Prot,5.0,Active
Q9BQ29,UniProtKB/TrEMBL,1.0,Active
H3BQU2,UniProtKB/TrEMBL,1.0,Active
A0A7I2V4J0,UniProtKB/TrEMBL,1.0,Active
B3VCF6,UniProtKB/TrEMBL,1.0,Active
A8MU21,UniProtKB/TrEMBL,2.0,Active
A2A3F8,UniProtKB/TrEMBL,1.0,Active
B1ALG6,UniProtKB/TrEMBL,1.0,Active
Q13442,UniProtKB/Swiss-Prot,4.0,Active
Q5JW85,UniProtKB/TrEMBL,2.0,Active
E5RFG7,UniProtKB/TrEMBL,1.0,Active
Q8NCQ3,UniProtKB/Swiss-Prot,2.0,Active
E5RIS3,UniProtKB/TrEMBL,2.0,Active
P56278,UniProtKB/Swiss-Prot,4.0,Active
C9JE25,UniProtKB/TrEMBL,2.0,Active
F5H1A5,UniProtKB/TrEMBL,1.0,Active
K7EQ41,UniProtKB/TrEMBL,1.0,Active
A6NH27,UniProtKB/TrEMBL,2.0,Active
A2TDC0,UniProtKB/TrEMBL,2.0,Active
K7EJ40,UniProtKB/TrEMBL,2.0,Active
B4DNE3,UniProtKB/TrEMBL,1.0,Active
Q9Y4Y4,UniProtKB/TrEMBL,1.0,Active
E9PRG8,UniProtKB/Swiss-Prot,1.0,Active
A2RU14,UniProtKB/Swiss-Prot,5.0,Active
B3KRM8,UniProtKB/TrEMBL,3.0,Active
Q7LBR1,UniProtKB/Swiss-Prot,5.0,Active
C9J6P5,UniProtKB/TrEMBL,1.0,Active
E9PBA8,UniProtKB/TrEMBL,1.0,Active
B4DHP7,UniProtKB/TrEMBL,1.0,Active
O60844,UniProtKB/Swiss-Prot,5.0,Active
H0YMW7,UniProtKB/TrEMBL,1.0,Active
Q5JX49,UniProtKB/TrEMBL,1.0,Active
C9JNZ9,UniProtKB/TrEMBL,1.0,Active
H7C141,UniProtKB/TrEMBL,1.0,Active
A0A0S2Z4A9,UniProtKB/TrEMBL,1.0,Active
Q9UMG1,UniProtKB/TrEMBL,1.0,Active
G3V2S6,UniProtKB/TrEMBL,2.0,Active
Q99735,UniProtKB/Swiss-Prot,5.0,Active
Q8WW34,UniProtKB/Swiss-Prot,5.0,Active
Q6PJ82,UniProtKB/TrEMBL,2.0,Active
Q8IZU0,UniProtKB/Swiss-Prot,5.0,Active
H0YNN2,UniProtKB/TrEMBL,1.0,Active
H0YIZ6,UniProtKB/TrEMBL,1.0,Active
H3BP44,UniProtKB/TrEMBL,1.0,Active
F8WEY7,UniProtKB/TrEMBL,1.0,Active
A0A1B0GUD8,Inactive/Deleted,0.0,Inactive
I3L442,UniProtKB/TrEMBL,1.0,Active
Q9P1R8,UniProtKB/TrEMBL,1.0,Active
Q6ZWC0,UniProtKB/TrEMBL,1.0,Active
G3V3I9,UniProtKB/TrEMBL,2.0,Active
D6RCM7,UniProtKB/TrEMBL,1.0,Active
Q13092,UniProtKB/TrEMBL,2.0,Active
B8ZZ81,UniProtKB/TrEMBL,3.0,Active
P17568,UniProtKB/Swiss-Prot,5.0,Active
K7ESF5,UniProtKB/TrEMBL,1.0,Active
A0A087WVT5,UniProtKB/TrEMBL,2.0,Active
C9JLE9,UniProtKB/TrEMBL,1.0,Active
Q9UGJ8,UniProtKB/TrEMBL,1.0,Active
A0A1W2PQD3,UniProtKB/TrEMBL,1.0,Active
Q6JUZ7,UniProtKB/TrEMBL,1.0,Active
A0A7I2V5L2,UniProtKB/TrEMBL,1.0,Active
A0A286YFB1,UniProtKB/TrEMBL,2.0,Active
B0QZ88,UniProtKB/TrEMBL,2.0,Active
E9PK00,UniProtKB/TrEMBL,1.0,Active
Q7Z3T0,UniProtKB/TrEMBL,1.0,Active
H0Y9N5,UniProtKB/TrEMBL,1.0,Active
B4DU50,UniProtKB/TrEMBL,1.0,Active
J3QRC6,UniProtKB/TrEMBL,1.0,Active
H3BMX9,UniProtKB/TrEMBL,1.0,Active
K7EJ37,UniProtKB/TrEMBL,1.0,Active
H0YD26,UniProtKB/TrEMBL,2.0,Active
I3L304,UniProtKB/TrEMBL,1.0,Active
M0R1Z9,UniProtKB/TrEMBL,2.0,Active
E9PFM6,UniProtKB/TrEMBL,1.0,Active
G3V4X5,UniProtKB/TrEMBL,2.0,Active
B4DTI1,UniProtKB/TrEMBL,1.0,Active
B7Z8G6,UniProtKB/TrEMBL,1.0,Active
I3L4C3,UniProtKB/TrEMBL,1.0,Active
A0A0U1RR29,UniProtKB/TrEMBL,1.0,Active
K7EII0,UniProtKB/TrEMBL,1.0,Active
H7C3M0,UniProtKB/TrEMBL,1.0,Active
A0A7I2V4C2,UniProtKB/TrEMBL,1.0,Active
Q9Y3M2,UniProtKB/Swiss-Prot,5.0,Active
A0A3B3IUA8,UniProtKB/TrEMBL,2.0,Active
C9IYH8,UniProtKB/TrEMBL,1.0,Active
F5H362,UniProtKB/TrEMBL,1.0,Active
C9JM00,UniProtKB/TrEMBL,1.0,Active
A0A3B3IRN7,UniProtKB/TrEMBL,2.0,Active
Q6H9J7,UniProtKB/TrEMBL,1.0,Active
E9PJB5,UniProtKB/TrEMBL,1.0,Active
Q8N4Q1,UniProtKB/Swiss-Prot,5.0,Active
C9JRR6,UniProtKB/TrEMBL,1.0,Active
C9JZ02,UniProtKB/TrEMBL,1.0,Active
E5RH15,UniProtKB/TrEMBL,1.0,Active
M0R1S3,UniProtKB/TrEMBL,2.0,Active
B4DII0,UniProtKB/TrEMBL,1.0,Active
J3QRN5,UniProtKB/TrEMBL,1.0,Active
Q9UFW8,UniProtKB/Swiss-Prot,5.0,Active
G5CCM8,UniProtKB/TrEMBL,1.0,Active
F8VRW0,UniProtKB/TrEMBL,2.0,Active
A0A193AUC0,UniProtKB/TrEMBL,1.0,Active
C7EWL4,UniProtKB/TrEMBL,1.0,Active
Q9Y3S8,UniProtKB/TrEMBL,1.0,Active
A2VDF0,UniProtKB/Swiss-Prot,4.0,Active
B0YIY4,UniProtKB/TrEMBL,2.0,Active
B4E3U2,UniProtKB/TrEMBL,1.0,Active
Q7Z3Z2,UniProtKB/Swiss-Prot,5.0,Active
H0YKU3,UniProtKB/TrEMBL,1.0,Active
O14683,UniProtKB/Swiss-Prot,2.0,Active
K7EMV0,UniProtKB/TrEMBL,1.0,Active
M0R131,UniProtKB/TrEMBL,1.0,Active
Q5PXD5,UniProtKB/TrEMBL,1.0,Active
F8WDY7,UniProtKB/TrEMBL,1.0,Active
D6RBG8,UniProtKB/TrEMBL,2.0,Active
A0A1B0GV14,UniProtKB/TrEMBL,1.0,Active
H0YMU3,UniProtKB/TrEMBL,2.0,Active
M1L5L6,UniProtKB/TrEMBL,1.0,Active
Q3MHV2,UniProtKB/TrEMBL,1.0,Active
G3V577,UniProtKB/TrEMBL,1.0,Active
Q8N696,UniProtKB/TrEMBL,1.0,Active
Q68DG8,UniProtKB/TrEMBL,1.0,Active
A6NMK7,UniProtKB/Swiss-Prot,2.0,Active
P47929,UniProtKB/Swiss-Prot,5.0,Active
Q16043,UniProtKB/TrEMBL,1.0,Active
H0YL14,UniProtKB/Swiss-Prot,5.0,Active
E9PL40,UniProtKB/TrEMBL,2.0,Active
E9PKE9,UniProtKB/TrEMBL,1.0,Active
I3L4V7,UniProtKB/TrEMBL,1.0,Active
H0YAI4,UniProtKB/TrEMBL,1.0,Active
Q8N100,UniProtKB/Swiss-Prot,5.0,Active
B4DLU7,UniProtKB/TrEMBL,1.0,Active
B0QYA8,UniProtKB/TrEMBL,1.0,Active
Q53HB4,UniProtKB/TrEMBL,1.0,Active
B7ZBJ5,UniProtKB/TrEMBL,1.0,Active
A6PVN6,UniProtKB/TrEMBL,2.0,Active
A0A087X1R4,UniProtKB/TrEMBL,2.0,Active
C9JUK0,UniProtKB/TrEMBL,1.0,Active
C9JXY2,UniProtKB/TrEMBL,2.0,Active
C9JJK5,UniProtKB/TrEMBL,2.0,Active
E7ERZ1,UniProtKB/TrEMBL,1.0,Active
D6RG07,UniProtKB/TrEMBL,1.0,Active
C9JBQ9,UniProtKB/TrEMBL,1.0,Active
M0R364,UniProtKB/TrEMBL,1.0,Active
Q9P0T1,UniProtKB/TrEMBL,2.0,Active
A0A2R8Y7J0,UniProtKB/TrEMBL,1.0,Active
B4DZQ4,UniProtKB/TrEMBL,1.0,Active
Q8TE39,UniProtKB/TrEMBL,2.0,Active
Q8WYF9,UniProtKB/TrEMBL,1.0,Active
Q9NQ34,UniProtKB/Swiss-Prot,5.0,Active
C9J0E8,UniProtKB/TrEMBL,1.0,Active
D6RCF4,UniProtKB/TrEMBL,3.0,Active
M0R0D4,UniProtKB/TrEMBL,1.0,Active
H0Y9I3,UniProtKB/TrEMBL,1.0,Active
Q3B759,UniProtKB/TrEMBL,2.0,Active
E7ER52,UniProtKB/TrEMBL,2.0,Active
A0A0S2Z6I4,UniProtKB/TrEMBL,3.0,Active
C9J3E3,UniProtKB/TrEMBL,2.0,Active
E5RK67,UniProtKB/TrEMBL,1.0,Active
B5MCZ6,UniProtKB/TrEMBL,1.0,Active
E5RIE8,UniProtKB/TrEMBL,2.0,Active
Q6PEJ9,UniProtKB/TrEMBL,1.0,Active
A0A7P0T9A4,UniProtKB/TrEMBL,3.0,Active
B4DZG9,UniProtKB/TrEMBL,1.0,Active
Q9NUW0,UniProtKB/TrEMBL,1.0,Active
B9TX02,UniProtKB/TrEMBL,1.0,Active
B3KNY7,UniProtKB/TrEMBL,1.0,Active
D6RBM5,UniProtKB/Swiss-Prot,2.0,Active
D9IAI1,UniProtKB/TrEMBL,2.0,Active
U3KPY9,UniProtKB/TrEMBL,2.0,Active
Q8TD97,UniProtKB/TrEMBL,1.0,Active
E5RGS9,UniProtKB/TrEMBL,1.0,Active
K7EJR8,UniProtKB/TrEMBL,1.0,Active
C9JFD2,UniProtKB/TrEMBL,2.0,Active
A0A7I2V3U7,UniProtKB/TrEMBL,1.0,Active
K7ENW4,UniProtKB/TrEMBL,2.0,Active
Q6PI97,UniProtKB/Swiss-Prot,3.0,Active
M0R151,UniProtKB/TrEMBL,1.0,Active
A0A0A0MSX5,UniProtKB/TrEMBL,2.0,Active
Q9HBL7,UniProtKB/Swiss-Prot,3.0,Active
Q658K8,UniProtKB/Swiss-Prot,3.0,Active
Q96NG1,UniProtKB/TrEMBL,1.0,Active
B7ZAE2,UniProtKB/TrEMBL,1.0,Active
E9PRJ3,UniProtKB/TrEMBL,2.0,Active
H3BVD4,UniProtKB/TrEMBL,1.0,Active
A0A0S2Z412,UniProtKB/TrEMBL,1.0,Active
A0A1B0GV37,UniProtKB/TrEMBL,1.0,Active
H0YJ51,UniProtKB/TrEMBL,2.0,Active
H7C1W5,UniProtKB/TrEMBL,2.0,Active
C9JWX1,UniProtKB/TrEMBL,1.0,Active
I3L332,UniProtKB/TrEMBL,3.0,Active
E5RIB9,UniProtKB/TrEMBL,2.0,Active
A8K7K2,UniProtKB/TrEMBL,2.0,Active
U3KQK8,UniProtKB/TrEMBL,1.0,Active
Q49A65,UniProtKB/TrEMBL,1.0,Active
A0A0C4DGR0,UniProtKB/TrEMBL,1.0,Active
H0YL20,UniProtKB/TrEMBL,1.0,Active
Q6ZRU0,UniProtKB/TrEMBL,2.0,Active
A0A7I2V5A9,UniProtKB/TrEMBL,1.0,Active
B7ZKW3,UniProtKB/TrEMBL,2.0,Active
D6RCP3,UniProtKB/TrEMBL,1.0,Active
B0QYM1,UniProtKB/TrEMBL,1.0,Active
B7Z271,UniProtKB/TrEMBL,1.0,Active
A0A3B3ITM8,UniProtKB/TrEMBL,1.0,Active
G3V3T1,UniProtKB/TrEMBL,1.0,Active
A0A0C4DFQ9,UniProtKB/TrEMBL,1.0,Active
P21246,UniProtKB/Swiss-Prot,5.0,Active
A4D0U4,UniProtKB/TrEMBL,1.0,Active
E9PNY3,UniProtKB/TrEMBL,1.0,Active
P60673,UniProtKB/Swiss-Prot,3.0,Active
Q6IAQ2,UniProtKB/TrEMBL,2.0,Active
B4E0L2,UniProtKB/TrEMBL,1.0,Active
V9H046,UniProtKB/TrEMBL,1.0,Active
C9J5T2,UniProtKB/TrEMBL,2.0,Active
K7EPF2,UniProtKB/TrEMBL,1.0,Active
C9J8H7,UniProtKB/TrEMBL,1.0,Active
C9J3F7,UniProtKB/TrEMBL,1.0,Active
C9IZY4,UniProtKB/TrEMBL,1.0,Active
H7C381,UniProtKB/TrEMBL,1.0,Active
A4D194,UniProtKB/TrEMBL,2.0,Active
A0A0J9YY46,UniProtKB/TrEMBL,1.0,Active
H7C335,UniProtKB/TrEMBL,1.0,Active
M0R0U3,UniProtKB/TrEMBL,1.0,Active
Q9H9V4,UniProtKB/Swiss-Prot,5.0,Active
B4DM12,UniProtKB/TrEMBL,1.0,Active
B3KR45,UniProtKB/TrEMBL,1.0,Active
H0YHL7,UniProtKB/TrEMBL,1.0,Active
U3KQC2,UniProtKB/TrEMBL,1.0,Active
Q5QPJ7,UniProtKB/TrEMBL,2.0,Active
O94789,UniProtKB/TrEMBL,1.0,Active
Q9H0Q3,UniProtKB/Swiss-Prot,5.0,Active
A0A1U9IMX4,UniProtKB/TrEMBL,2.0,Active
D6RIF3,UniProtKB/TrEMBL,1.0,Active
A0A087X125,UniProtKB/TrEMBL,2.0,Active
Q9Y3U5,UniProtKB/TrEMBL,1.0,Active
B3KRQ1,UniProtKB/TrEMBL,2.0,Active
D6RIU4,UniProtKB/TrEMBL,1.0,Active
Q14YI3,UniProtKB/TrEMBL,1.0,Active
H7BZ23,UniProtKB/TrEMBL,1.0,Active
F8W8V4,UniProtKB/TrEMBL,1.0,Active
K7EK90,UniProtKB/TrEMBL,2.0,Active
M0QZ57,UniProtKB/TrEMBL,1.0,Active
E5RJA7,UniProtKB/TrEMBL,1.0,Active
Q9BRT6,UniProtKB/Swiss-Prot,4.0,Active
A0A0U1RRD7,UniProtKB/TrEMBL,1.0,Active
Q8N8A8,UniProtKB/Swiss-Prot,2.0,Active
B1AHM8,UniProtKB/TrEMBL,1.0,Active
Q8N797,UniProtKB/TrEMBL,1.0,Active
F8VWE0,UniProtKB/TrEMBL,1.0,Active
Q53GP2,UniProtKB/TrEMBL,2.0,Active
A0A386NBZ2,UniProtKB/TrEMBL,1.0,Active
A0A172Q397,UniProtKB/TrEMBL,2.0,Active
H0Y7W5,UniProtKB/TrEMBL,1.0,Active
E5RIG3,UniProtKB/TrEMBL,2.0,Active
Q8IX83,UniProtKB/TrEMBL,1.0,Active
Q9H6K4,UniProtKB/Swiss-Prot,5.0,Active
A0A087WTM5,UniProtKB/TrEMBL,1.0,Active
B4DEZ0,UniProtKB/TrEMBL,2.0,Active
M0R1Q9,UniProtKB/TrEMBL,1.0,Active
C9K088,UniProtKB/TrEMBL,1.0,Active
A0A0D9SG57,UniProtKB/TrEMBL,1.0,Active
A0A1B0GTC1,UniProtKB/TrEMBL,1.0,Active
A0A7P0TBD1,UniProtKB/TrEMBL,3.0,Active
C9JH90,UniProtKB/TrEMBL,2.0,Active
C9JAG1,UniProtKB/TrEMBL,1.0,Active
H3BNU8,UniProtKB/TrEMBL,1.0,Active
K7ELA5,UniProtKB/TrEMBL,1.0,Active
C9J7B4,UniProtKB/TrEMBL,1.0,Active
I3L124,UniProtKB/TrEMBL,1.0,Active
F2Z3N8,UniProtKB/TrEMBL,1.0,Active
Q5JYR4,UniProtKB/TrEMBL,2.0,Active
Q9Y3C8,UniProtKB/Swiss-Prot,5.0,Active
Q14779,UniProtKB/TrEMBL,1.0,Active
O75947,UniProtKB/Swiss-Prot,5.0,Active
A0A3B3IS62,UniProtKB/TrEMBL,2.0,Active
A0A087WWJ8,UniProtKB/TrEMBL,1.0,Active
Q9BTA0,UniProtKB/Swiss-Prot,2.0,Active
Q53FV1,UniProtKB/Swiss-Prot,5.0,Active
H7C2T1,UniProtKB/TrEMBL,2.0,Active
O75935,UniProtKB/Swiss-Prot,5.0,Active
B7ZA86,UniProtKB/TrEMBL,1.0,Active
Q1HEA1,UniProtKB/TrEMBL,1.0,Active
A0A494C1S4,UniProtKB/TrEMBL,2.0,Active
C9JRR4,UniProtKB/TrEMBL,1.0,Active
A0A804HI16,UniProtKB/TrEMBL,1.0,Active
Q9P032,UniProtKB/Swiss-Prot,5.0,Active
D6R9A9,UniProtKB/TrEMBL,3.0,Active
B4DEL8,UniProtKB/TrEMBL,1.0,Active
B3KP76,UniProtKB/TrEMBL,1.0,Active
U3KQU7,UniProtKB/TrEMBL,1.0,Active
Q5TH12,UniProtKB/TrEMBL,1.0,Active
A0A2R8YGN5,UniProtKB/TrEMBL,2.0,Active
Q9Y3D9,UniProtKB/Swiss-Prot,4.0,Active
C9JIW4,UniProtKB/TrEMBL,2.0,Active
I3L0Q3,UniProtKB/TrEMBL,1.0,Active
A0A804HKM4,UniProtKB/TrEMBL,1.0,Active
P37802,UniProtKB/Swiss-Prot,5.0,Active
C9JYR8,UniProtKB/TrEMBL,2.0,Active
A0A1B0GV15,UniProtKB/TrEMBL,1.0,Active
B0EVZ8,UniProtKB/TrEMBL,1.0,Active
D6R9G7,UniProtKB/TrEMBL,1.0,Active
Q08E91,UniProtKB/TrEMBL,3.0,Active
P49450,UniProtKB/Swiss-Prot,5.0,Active
V9GYZ7,UniProtKB/TrEMBL,1.0,Active
Q05CT2,UniProtKB/TrEMBL,1.0,Active
F5H4Z7,UniProtKB/TrEMBL,1.0,Active
Q5T244,UniProtKB/TrEMBL,1.0,Active
Q8NCW7,UniProtKB/TrEMBL,1.0,Active
E9PFD4,UniProtKB/TrEMBL,1.0,Active
A0A2R8Y3W8,UniProtKB/TrEMBL,1.0,Active
Q6ZU59,UniProtKB/TrEMBL,1.0,Active
Q9BTK0,UniProtKB/TrEMBL,1.0,Active
A0PJL1,UniProtKB/TrEMBL,1.0,Active
O14724,UniProtKB/TrEMBL,1.0,Active
J3QRN4,UniProtKB/TrEMBL,1.0,Active
A6NNL5,UniProtKB/Swiss-Prot,2.0,Active
A0A6Q8PF91,UniProtKB/TrEMBL,1.0,Active
K7EJ98,UniProtKB/TrEMBL,1.0,Active
Q5T686,UniProtKB/Swiss-Prot,5.0,Active
Q7Z582,UniProtKB/TrEMBL,1.0,Active
B4DLZ4,UniProtKB/TrEMBL,2.0,Active
Q6XYB7,UniProtKB/Swiss-Prot,4.0,Active
E7BJ57,UniProtKB/TrEMBL,1.0,Active
X6RL45,UniProtKB/TrEMBL,1.0,Active
H0YKB8,UniProtKB/TrEMBL,1.0,Active
F5H4R2,UniProtKB/TrEMBL,3.0,Active
A0A0S2Z604,UniProtKB/TrEMBL,2.0,Active
A0A0C4DGE5,UniProtKB/TrEMBL,1.0,Active
K7EME3,UniProtKB/TrEMBL,1.0,Active
A2AB05,UniProtKB/TrEMBL,1.0,Active
H0YMR8,UniProtKB/TrEMBL,1.0,Active
Q68D26,UniProtKB/TrEMBL,1.0,Active
Q6ZSU8,UniProtKB/TrEMBL,1.0,Active
A0A087X0J6,UniProtKB/TrEMBL,1.0,Active
F5H9F7,UniProtKB/TrEMBL,1.0,Active
G3V5Y5,UniProtKB/TrEMBL,2.0,Active
Q9UGJ5,UniProtKB/TrEMBL,2.0,Active
A0A140T940,UniProtKB/TrEMBL,1.0,Active
K7EPS0,UniProtKB/TrEMBL,1.0,Active
A0A386QWJ3,UniProtKB/TrEMBL,3.0,Active
B3KTG9,UniProtKB/TrEMBL,1.0,Active
A0A7I2V4X2,UniProtKB/TrEMBL,1.0,Active
Q9UI15,UniProtKB/Swiss-Prot,4.0,Active
Q6ZNW0,UniProtKB/TrEMBL,1.0,Active
A0A7I2V4H1,UniProtKB/TrEMBL,1.0,Active
A0A6Q8JUI0,UniProtKB/TrEMBL,1.0,Active
A0A0C5GCB1,UniProtKB/TrEMBL,1.0,Active
A0A6Q8PGC6,UniProtKB/TrEMBL,1.0,Active
Q9UG98,UniProtKB/TrEMBL,1.0,Active
D6RDJ3,UniProtKB/TrEMBL,2.0,Active
E9PQZ7,UniProtKB/TrEMBL,3.0,Active
K7EM61,UniProtKB/TrEMBL,1.0,Active
B3KW26,UniProtKB/TrEMBL,1.0,Active
F5H4R4,UniProtKB/TrEMBL,2.0,Active
C9JLM5,UniProtKB/TrEMBL,1.0,Active
Q30161,UniProtKB/TrEMBL,1.0,Active
M0QYW8,UniProtKB/TrEMBL,1.0,Active
S4R3K4,UniProtKB/TrEMBL,2.0,Active
Q9NWP5,UniProtKB/TrEMBL,1.0,Active
H3BN35,UniProtKB/TrEMBL,1.0,Active
A0A0G2JRS5,UniProtKB/TrEMBL,1.0,Active
E9PR99,UniProtKB/TrEMBL,1.0,Active
U3KQR5,UniProtKB/TrEMBL,1.0,Active
E9PRU2,UniProtKB/TrEMBL,2.0,Active
A0A2R8Y8D6,UniProtKB/TrEMBL,1.0,Active
O95169,UniProtKB/Swiss-Prot,5.0,Active
E9PJT7,UniProtKB/TrEMBL,2.0,Active
V9GY70,UniProtKB/TrEMBL,1.0,Active
H0YBE9,UniProtKB/TrEMBL,1.0,Active
Q9NR77,UniProtKB/Swiss-Prot,4.0,Active
G3V381,UniProtKB/TrEMBL,1.0,Active
C9IYK6,UniProtKB/TrEMBL,2.0,Active
E5RHN4,UniProtKB/TrEMBL,2.0,Active
Q53GA5,UniProtKB/TrEMBL,3.0,Active
E9PMA5,UniProtKB/TrEMBL,2.0,Active
H3BMZ1,UniProtKB/TrEMBL,3.0,Active
A3EY20,UniProtKB/TrEMBL,1.0,Active
Q53G08,UniProtKB/TrEMBL,2.0,Active
H3BRN6,UniProtKB/TrEMBL,1.0,Active
O14548,UniProtKB/Swiss-Prot,5.0,Active
A0A7I2V3M0,UniProtKB/TrEMBL,2.0,Active
A0A3B3ITH5,UniProtKB/TrEMBL,1.0,Active
Q6PH81,UniProtKB/Swiss-Prot,3.0,Active
B4DTN3,UniProtKB/TrEMBL,1.0,Active
B4E046,UniProtKB/TrEMBL,1.0,Active
D6RAB5,UniProtKB/TrEMBL,1.0,Active
A0A0B4J256,UniProtKB/TrEMBL,1.0,Active
Q32LY2,UniProtKB/TrEMBL,2.0,Active
D6REK2,UniProtKB/TrEMBL,1.0,Active
H3BMN2,UniProtKB/TrEMBL,2.0,Active
A0A2R8Y7G0,UniProtKB/TrEMBL,1.0,Active
A0A0A0MS55,UniProtKB/TrEMBL,1.0,Active
J3KT02,UniProtKB/TrEMBL,1.0,Active
B4E0A5,UniProtKB/TrEMBL,2.0,Active
B4DW19,UniProtKB/TrEMBL,1.0,Active
P0DPK5,UniProtKB/Swiss-Prot,5.0,Active
Q5T4U8,UniProtKB/TrEMBL,2.0,Active
D6RJA7,UniProtKB/TrEMBL,2.0,Active
E9PMU9,UniProtKB/TrEMBL,2.0,Active
M0R1L2,UniProtKB/TrEMBL,2.0,Active
I3L378,UniProtKB/TrEMBL,1.0,Active
B1AHR5,UniProtKB/TrEMBL,2.0,Active
Q8N5M9,UniProtKB/Swiss-Prot,5.0,Active
K7ERE0,UniProtKB/TrEMBL,1.0,Active
E7EW87,UniProtKB/TrEMBL,1.0,Active
Q7KZZ1,UniProtKB/TrEMBL,4.0,Active
K7EPC0,UniProtKB/TrEMBL,1.0,Active
O43447,UniProtKB/Swiss-Prot,5.0,Active
A0A0J9YVN4,UniProtKB/TrEMBL,1.0,Active
C9K0Q7,UniProtKB/TrEMBL,1.0,Active
A0A2R8Y6K5,UniProtKB/TrEMBL,1.0,Active
Q0VAF9,UniProtKB/TrEMBL,1.0,Active
A2RUL1,UniProtKB/TrEMBL,1.0,Active
A0PJI1,UniProtKB/TrEMBL,1.0,Active
A1L4L8,UniProtKB/Swiss-Prot,1.0,Active
A0A1W2PRF8,UniProtKB/TrEMBL,1.0,Active
Q0D2K5,UniProtKB/Swiss-Prot,2.0,Active
A0A0A0PPY6,UniProtKB/TrEMBL,2.0,Active
A0A1W2PQ05,UniProtKB/TrEMBL,2.0,Active
Q7Z4X2,UniProtKB/TrEMBL,2.0,Active
A0A140VJW2,UniProtKB/TrEMBL,2.0,Active
H7C577,UniProtKB/TrEMBL,1.0,Active
P51636,UniProtKB/Swiss-Prot,5.0,Active
Q9BUR5,UniProtKB/Swiss-Prot,5.0,Active
A0A6E1W0W4,UniProtKB/TrEMBL,1.0,Active
G5E9Y6,UniProtKB/TrEMBL,1.0,Active
A0A0B4J1S3,UniProtKB/TrEMBL,3.0,Active
H3BPM3,UniProtKB/TrEMBL,1.0,Active
H0YCW3,UniProtKB/TrEMBL,1.0,Active
B4DZP1,UniProtKB/TrEMBL,2.0,Active
B4DMT3,UniProtKB/TrEMBL,1.0,Active
B4DZL1,UniProtKB/TrEMBL,1.0,Active
B4DTK8,UniProtKB/TrEMBL,1.0,Active
H3BUR4,UniProtKB/TrEMBL,1.0,Active
C9JAT8,UniProtKB/TrEMBL,1.0,Active
A0A0J9YXG7,UniProtKB/TrEMBL,2.0,Active
B2RV13,UniProtKB/Swiss-Prot,2.0,Active
B4DGH6,UniProtKB/TrEMBL,2.0,Active
H3BTB3,UniProtKB/TrEMBL,2.0,Active
J3KRC0,UniProtKB/TrEMBL,2.0,Active
E9PFB5,UniProtKB/TrEMBL,1.0,Active
C9JV14,UniProtKB/TrEMBL,1.0,Active
B3KVY3,UniProtKB/TrEMBL,1.0,Active
E9PP54,UniProtKB/TrEMBL,1.0,Active
A0A0D9SFF9,UniProtKB/TrEMBL,2.0,Active
A0A804HIN2,UniProtKB/TrEMBL,2.0,Active
F6VAV3,UniProtKB/TrEMBL,1.0,Active
Q3SB16,UniProtKB/TrEMBL,2.0,Active
A0A0A0MSL7,UniProtKB/TrEMBL,1.0,Active
Q68DC6,UniProtKB/TrEMBL,1.0,Active
H3BTM2,UniProtKB/TrEMBL,2.0,Active
Q53S13,UniProtKB/TrEMBL,1.0,Active
J3KN30,UniProtKB/TrEMBL,2.0,Active
E9PPA1,UniProtKB/TrEMBL,2.0,Active
A0A669KBD8,UniProtKB/TrEMBL,1.0,Active
H9KVA5,UniProtKB/TrEMBL,2.0,Active
A0A1W2PS74,UniProtKB/TrEMBL,1.0,Active
A0A1W2PQH4,UniProtKB/TrEMBL,1.0,Active
X6R5P2,UniProtKB/TrEMBL,1.0,Active
Q85PI3,UniProtKB/TrEMBL,2.0,Active
H0YL50,UniProtKB/TrEMBL,1.0,Active
Q9NP84,UniProtKB/Swiss-Prot,5.0,Active
H0YHQ4,UniProtKB/TrEMBL,1.0,Active
O96002,UniProtKB/Swiss-Prot,2.0,Active
I6YQ35,UniProtKB/TrEMBL,1.0,Active
Q75N89,UniProtKB/TrEMBL,1.0,Active
C9J3I4,UniProtKB/TrEMBL,2.0,Active
A6NIT4,UniProtKB/TrEMBL,2.0,Active
Q6P2J9,UniProtKB/TrEMBL,2.0,Active
Q9Y3C1,UniProtKB/Swiss-Prot,3.0,Active
D6RB02,UniProtKB/TrEMBL,1.0,Active
H7BZS9,UniProtKB/TrEMBL,1.0,Active
G3V4L3,UniProtKB/TrEMBL,1.0,Active
B4E0H5,UniProtKB/TrEMBL,1.0,Active
K7EQ11,UniProtKB/TrEMBL,1.0,Active
C9JYS9,UniProtKB/TrEMBL,1.0,Active
C9J1F2,UniProtKB/TrEMBL,1.0,Active
H0YN92,UniProtKB/TrEMBL,1.0,Active
C9JVS8,UniProtKB/TrEMBL,3.0,Active
M0R1K2,UniProtKB/TrEMBL,2.0,Active
Q9H722,UniProtKB/TrEMBL,1.0,Active
Q8TEH8,UniProtKB/TrEMBL,2.0,Active
H0YBN0,UniProtKB/TrEMBL,4.0,Active
M4IS22,UniProtKB/TrEMBL,1.0,Active
B3KN43,UniProtKB/TrEMBL,2.0,Active
D6R8Y9,UniProtKB/TrEMBL,3.0,Active
Q6GYA4,UniProtKB/TrEMBL,2.0,Active
B3KSK3,UniProtKB/TrEMBL,1.0,Active
C9J4S4,UniProtKB/TrEMBL,2.0,Active
Q9H1P6,UniProtKB/Swiss-Prot,5.0,Active
A0A6Q8PG77,UniProtKB/TrEMBL,1.0,Active
A0A2H4GDB0,UniProtKB/TrEMBL,1.0,Active
A0PJ99,UniProtKB/TrEMBL,1.0,Active
P0DPB5,UniProtKB/Swiss-Prot,3.0,Active
A0A3B3IU84,UniProtKB/TrEMBL,1.0,Active
R4GMY3,UniProtKB/TrEMBL,1.0,Active
E5RK41,UniProtKB/TrEMBL,2.0,Active
F8VRV7,UniProtKB/TrEMBL,2.0,Active
A0A0S2Z5U1,UniProtKB/TrEMBL,2.0,Active
J3QL29,UniProtKB/TrEMBL,1.0,Active
A8MV24,UniProtKB/Swiss-Prot,1.0,Active
A8K845,UniProtKB/TrEMBL,2.0,Active
M0R1R5,UniProtKB/TrEMBL,1.0,Active
H8Y0Y3,UniProtKB/TrEMBL,1.0,Active
B4DR90,UniProtKB/TrEMBL,3.0,Active
Q05BR7,UniProtKB/TrEMBL,1.0,Active
P56181,UniProtKB/Swiss-Prot,5.0,Active
C9J4J0,UniProtKB/TrEMBL,1.0,Active
F5H598,UniProtKB/TrEMBL,1.0,Active
Q9H2L4,UniProtKB/Swiss-Prot,5.0,Active
Q8N2H4,UniProtKB/Swiss-Prot,5.0,Active
G3V4G3,UniProtKB/TrEMBL,1.0,Active
E9PPZ5,UniProtKB/TrEMBL,1.0,Active
B7Z655,UniProtKB/TrEMBL,1.0,Active
F8WC69,UniProtKB/TrEMBL,2.0,Active
A0A7I2V2S9,UniProtKB/TrEMBL,1.0,Active
J3KS15,UniProtKB/TrEMBL,2.0,Active
E9PHZ1,UniProtKB/TrEMBL,2.0,Active
K7ELF8,UniProtKB/TrEMBL,2.0,Active
B4DEB1,UniProtKB/TrEMBL,2.0,Active
L8E758,UniProtKB/TrEMBL,1.0,Active
H0YKT6,UniProtKB/TrEMBL,1.0,Active
C9J4R0,UniProtKB/TrEMBL,2.0,Active
B4DTR7,UniProtKB/TrEMBL,1.0,Active
B4DTK0,UniProtKB/TrEMBL,3.0,Active
J3KS71,UniProtKB/TrEMBL,1.0,Active
A0A140T9W4,UniProtKB/TrEMBL,2.0,Active
Q15452,UniProtKB/TrEMBL,2.0,Active
B7ZBL7,UniProtKB/TrEMBL,1.0,Active
B1AMB2,UniProtKB/TrEMBL,1.0,Active
A0A075B743,UniProtKB/TrEMBL,1.0,Active
B2R9F7,UniProtKB/TrEMBL,2.0,Active
Q5JRY3,UniProtKB/TrEMBL,2.0,Active
A0A1K0FU50,UniProtKB/TrEMBL,2.0,Active
A0A590UJE7,UniProtKB/TrEMBL,1.0,Active
Q3T7C6,UniProtKB/TrEMBL,2.0,Active
B4E1V3,UniProtKB/TrEMBL,1.0,Active
C9JU63,UniProtKB/TrEMBL,2.0,Active
J3KS82,UniProtKB/TrEMBL,1.0,Active
A0A669KBH5,UniProtKB/TrEMBL,3.0,Active
I3L4T6,UniProtKB/TrEMBL,1.0,Active
M0R2F8,UniProtKB/TrEMBL,2.0,Active
Q2QL34,UniProtKB/Swiss-Prot,4.0,Active
H0YLA3,UniProtKB/TrEMBL,1.0,Active
E9PM90,UniProtKB/TrEMBL,2.0,Active
D6RAT8,UniProtKB/TrEMBL,1.0,Active
B7Z2D4,UniProtKB/TrEMBL,1.0,Active
K7EN35,UniProtKB/TrEMBL,1.0,Active
Q9P0A3,UniProtKB/TrEMBL,3.0,Active
Q9NSM6,UniProtKB/TrEMBL,1.0,Active
G3V5P0,UniProtKB/TrEMBL,1.0,Active
J3KRZ5,UniProtKB/TrEMBL,3.0,Active
Q9Y547,UniProtKB/Swiss-Prot,5.0,Active
A0A2R8Y4N4,UniProtKB/TrEMBL,1.0,Active
E5RJG9,UniProtKB/TrEMBL,1.0,Active
C9JSX3,UniProtKB/TrEMBL,1.0,Active
C9JYL6,UniProtKB/TrEMBL,1.0,Active
Q6FII3,UniProtKB/TrEMBL,1.0,Active
B8ZZE3,UniProtKB/TrEMBL,2.0,Active
B3KS07,UniProtKB/TrEMBL,1.0,Active
H0YM96,UniProtKB/TrEMBL,1.0,Active
I3L2R5,UniProtKB/TrEMBL,1.0,Active
Q9NS69,UniProtKB/Swiss-Prot,5.0,Active
I3L2J5,UniProtKB/TrEMBL,1.0,Active
B4DZ29,UniProtKB/TrEMBL,1.0,Active
F8VWW9,UniProtKB/TrEMBL,1.0,Active
B4DK49,UniProtKB/TrEMBL,1.0,Active
Q6P161,UniProtKB/Swiss-Prot,3.0,Active
B7Z2B1,UniProtKB/TrEMBL,1.0,Active
A0A140VJI5,UniProtKB/TrEMBL,3.0,Active
B4DNX5,UniProtKB/TrEMBL,1.0,Active
C9JNS3,UniProtKB/TrEMBL,1.0,Active
G3V583,UniProtKB/TrEMBL,1.0,Active
H3BUK0,UniProtKB/TrEMBL,1.0,Active
J3KSY6,UniProtKB/TrEMBL,1.0,Active
D6R9Z6,UniProtKB/TrEMBL,1.0,Active
Q14788,UniProtKB/TrEMBL,2.0,Active
Q59GA3,UniProtKB/TrEMBL,2.0,Active
F5GZQ9,UniProtKB/TrEMBL,2.0,Active
H7C553,UniProtKB/TrEMBL,1.0,Active
J3KS36,UniProtKB/TrEMBL,1.0,Active
C9J8K6,UniProtKB/TrEMBL,1.0,Active
C9JMT3,UniProtKB/TrEMBL,1.0,Active
F5H3Z4,UniProtKB/TrEMBL,1.0,Active
C9JS84,UniProtKB/TrEMBL,1.0,Active
Q13404,UniProtKB/Swiss-Prot,5.0,Active
Q96FZ5,UniProtKB/Swiss-Prot,5.0,Active
O76095,UniProtKB/Swiss-Prot,5.0,Active
J3QRA8,UniProtKB/TrEMBL,1.0,Active
H3BSK1,UniProtKB/TrEMBL,2.0,Active
A0A087WWS8,UniProtKB/TrEMBL,1.0,Active
A2A2M9,UniProtKB/TrEMBL,1.0,Active
Q5T5A4,UniProtKB/Swiss-Prot,5.0,Active
F5GXZ5,UniProtKB/TrEMBL,1.0,Active
E5RHM2,UniProtKB/TrEMBL,2.0,Active
A0A0A0MS68,UniProtKB/TrEMBL,1.0,Active
I3L0A1,UniProtKB/TrEMBL,1.0,Active
E9PDD6,UniProtKB/TrEMBL,1.0,Active
B4DLE0,UniProtKB/TrEMBL,1.0,Active
Q8N6F3,UniProtKB/TrEMBL,1.0,Active
Q9H3V2,UniProtKB/Swiss-Prot,3.0,Active
P46781,UniProtKB/Swiss-Prot,5.0,Active
D6RG03,UniProtKB/TrEMBL,1.0,Active
B4E045,UniProtKB/TrEMBL,1.0,Active
J3KST3,UniProtKB/TrEMBL,3.0,Active
B7Z4H3,UniProtKB/TrEMBL,1.0,Active
Q96K88,UniProtKB/TrEMBL,1.0,Active
F8WCZ3,UniProtKB/TrEMBL,1.0,Active
C9IZC9,UniProtKB/TrEMBL,1.0,Active
F8VRX0,UniProtKB/TrEMBL,1.0,Active
E9PLN1,UniProtKB/TrEMBL,2.0,Active
K7ELZ7,UniProtKB/TrEMBL,1.0,Active
Q86X19,UniProtKB/Swiss-Prot,4.0,Active
Q8TAS3,UniProtKB/TrEMBL,3.0,Active
C9JM50,UniProtKB/TrEMBL,2.0,Active
A0A1W2PQL2,UniProtKB/TrEMBL,2.0,Active
A0A0G2JR44,UniProtKB/TrEMBL,2.0,Active
B4E3S5,UniProtKB/TrEMBL,1.0,Active
E9PRK0,UniProtKB/TrEMBL,1.0,Active
Q9Y3C6,UniProtKB/Swiss-Prot,5.0,Active
K7ELF1,UniProtKB/TrEMBL,2.0,Active
H0YAT1,UniProtKB/TrEMBL,1.0,Active
C9JFM5,UniProtKB/TrEMBL,1.0,Active
Q53SF4,UniProtKB/TrEMBL,2.0,Active
Q32Q14,UniProtKB/TrEMBL,2.0,Active
A8K039,UniProtKB/TrEMBL,2.0,Active
E9PJ65,UniProtKB/TrEMBL,2.0,Active
C9K0P4,UniProtKB/TrEMBL,1.0,Active
E7EMX0,UniProtKB/TrEMBL,1.0,Active
Q9NPI0,UniProtKB/Swiss-Prot,5.0,Active
Q7KZ86,UniProtKB/TrEMBL,1.0,Active
K4DIB7,UniProtKB/TrEMBL,2.0,Active
P78483,UniProtKB/TrEMBL,1.0,Active
B4DI92,UniProtKB/TrEMBL,2.0,Active
Q8TCA4,UniProtKB/TrEMBL,1.0,Active
A0A494C1M2,UniProtKB/TrEMBL,1.0,Active
B3KWB1,UniProtKB/TrEMBL,2.0,Active
K7EKL1,UniProtKB/TrEMBL,2.0,Active
G3V3S0,UniProtKB/TrEMBL,1.0,Active
Q8N7L0,UniProtKB/Swiss-Prot,2.0,Active
J9JIC6,UniProtKB/TrEMBL,1.0,Active
Q4R1L2,UniProtKB/TrEMBL,2.0,Active
A0PJ56,UniProtKB/TrEMBL,1.0,Active
F5H2F3,UniProtKB/TrEMBL,1.0,Active
Q9NV31,UniProtKB/Swiss-Prot,5.0,Active
B4DEE4,UniProtKB/TrEMBL,1.0,Active
A0A087WZ07,UniProtKB/TrEMBL,1.0,Active
A0A0D9SES4,UniProtKB/TrEMBL,1.0,Active
A0A0U1RRH7,UniProtKB/TrEMBL,2.0,Active
G3V2G3,UniProtKB/TrEMBL,1.0,Active
Q8N6L7,UniProtKB/Swiss-Prot,2.0,Active
H3BUJ2,UniProtKB/TrEMBL,1.0,Active
Q9UDX5,UniProtKB/Swiss-Prot,4.0,Active
Q9UFK5,UniProtKB/TrEMBL,1.0,Active
Q86YC4,UniProtKB/TrEMBL,1.0,Active
Q14784,UniProtKB/TrEMBL,2.0,Active
Q6ZTQ7,UniProtKB/TrEMBL,1.0,Active
Q49A97,UniProtKB/TrEMBL,1.0,Active
Q9UBX0,UniProtKB/Swiss-Prot,5.0,Active
A0A0S2Z4J3,UniProtKB/TrEMBL,3.0,Active
D6RIE8,UniProtKB/TrEMBL,2.0,Active
Q9Y225,UniProtKB/Swiss-Prot,3.0,Active
E9PJ42,UniProtKB/TrEMBL,1.0,Active
B4DSK2,UniProtKB/TrEMBL,2.0,Active
Q5Q1W2,UniProtKB/TrEMBL,2.0,Active
A9UJP9,UniProtKB/TrEMBL,1.0,Active
B4DP94,UniProtKB/TrEMBL,1.0,Active
B4E2T3,UniProtKB/TrEMBL,1.0,Active
Q8NEJ0,UniProtKB/Swiss-Prot,5.0,Active
Q5THQ7,UniProtKB/TrEMBL,1.0,Active
Q6P5X5,UniProtKB/Swiss-Prot,5.0,Active
A0A510GAH8,UniProtKB/TrEMBL,1.0,Active
B4DET2,UniProtKB/TrEMBL,1.0,Active
K7ELG1,UniProtKB/TrEMBL,1.0,Active
A3KN61,UniProtKB/TrEMBL,2.0,Active
A0A2R8Y415,UniProtKB/TrEMBL,1.0,Active
B4DV55,UniProtKB/TrEMBL,1.0,Active
P60323,UniProtKB/Swiss-Prot,5.0,Active
D6REY3,UniProtKB/TrEMBL,1.0,Active
Q5H9D4,UniProtKB/TrEMBL,1.0,Active
F5GWF7,UniProtKB/TrEMBL,1.0,Active
O75594,UniProtKB/Swiss-Prot,5.0,Active
F8WBE1,UniProtKB/TrEMBL,1.0,Active
Q5JYG5,UniProtKB/TrEMBL,2.0,Active
Q9UMU9,UniProtKB/TrEMBL,1.0,Active
H0YLN6,UniProtKB/TrEMBL,1.0,Active
Q53GC9,UniProtKB/TrEMBL,1.0,Active
K7EIT3,UniProtKB/TrEMBL,1.0,Active
A0A0E3MS57,UniProtKB/TrEMBL,1.0,Active
A0A0A0MTS6,UniProtKB/TrEMBL,1.0,Active
Q659D3,UniProtKB/TrEMBL,2.0,Active
Q8WYW8,UniProtKB/TrEMBL,1.0,Active
Q6ZV93,UniProtKB/TrEMBL,3.0,Active
A0A0A0MSV8,UniProtKB/TrEMBL,1.0,Active
A0A7I2R591,UniProtKB/TrEMBL,1.0,Active
E9PRP1,UniProtKB/TrEMBL,1.0,Active
H7C3P0,UniProtKB/TrEMBL,1.0,Active
Q68DM5,UniProtKB/TrEMBL,1.0,Active
H0YCI8,UniProtKB/TrEMBL,3.0,Active
H3BP95,UniProtKB/TrEMBL,2.0,Active
C9J699,UniProtKB/TrEMBL,3.0,Active
Q4VX54,UniProtKB/TrEMBL,2.0,Active
Q6PK32,UniProtKB/TrEMBL,1.0,Active
A0A087WZX7,UniProtKB/TrEMBL,1.0,Active
B1AHQ3,UniProtKB/TrEMBL,1.0,Active
A0A0B4J259,UniProtKB/TrEMBL,2.0,Active
A0A6Q8PFS7,UniProtKB/TrEMBL,2.0,Active
A0A0J9YWR0,UniProtKB/TrEMBL,1.0,Active
A0A1W2PRT2,UniProtKB/TrEMBL,1.0,Active
S4R3C8,UniProtKB/TrEMBL,1.0,Active
K7EQ59,UniProtKB/TrEMBL,1.0,Active
S4R3P5,UniProtKB/TrEMBL,2.0,Active
A8MUM7,UniProtKB/Swiss-Prot,3.0,Active
B0AZT9,UniProtKB/TrEMBL,1.0,Active
E7EN87,UniProtKB/TrEMBL,3.0,Active
A0A2R4LFC5,UniProtKB/TrEMBL,2.0,Active
H7C4P9,UniProtKB/TrEMBL,1.0,Active
H0YGB2,UniProtKB/TrEMBL,1.0,Active
E9PJ79,UniProtKB/TrEMBL,1.0,Active
E9PQX1,UniProtKB/Swiss-Prot,4.0,Active
A0A078BBI5,UniProtKB/TrEMBL,2.0,Active
O43324,UniProtKB/Swiss-Prot,5.0,Active
E5RGY7,UniProtKB/TrEMBL,2.0,Active
A8MTL0,UniProtKB/Swiss-Prot,1.0,Active
J3KR35,UniProtKB/TrEMBL,1.0,Active
A0A7R6M6U0,UniProtKB/TrEMBL,1.0,Active
A0A804HJ79,UniProtKB/TrEMBL,1.0,Active
A0A0A0MR55,UniProtKB/TrEMBL,1.0,Active
Q5T1B3,UniProtKB/TrEMBL,1.0,Active
J3KSW4,UniProtKB/TrEMBL,1.0,Active
C9J9Y4,UniProtKB/TrEMBL,1.0,Active
C9JFL4,UniProtKB/TrEMBL,1.0,Active
Q4VBZ5,UniProtKB/TrEMBL,1.0,Active
C9J4S5,UniProtKB/TrEMBL,1.0,Active
H3BRN5,UniProtKB/TrEMBL,1.0,Active
D6RCQ8,UniProtKB/TrEMBL,2.0,Active
A0A3B3ISR5,UniProtKB/TrEMBL,1.0,Active
Q14777,UniProtKB/TrEMBL,1.0,Active
G3V267,UniProtKB/TrEMBL,2.0,Active
K7ES69,UniProtKB/TrEMBL,1.0,Active
E9PPD1,UniProtKB/TrEMBL,1.0,Active
Q8WYK2,UniProtKB/Swiss-Prot,5.0,Active
Q8WWB3,UniProtKB/Swiss-Prot,5.0,Active
Q6UX40,UniProtKB/Swiss-Prot,5.0,Active
A0A1B0GVD1,UniProtKB/Swiss-Prot,3.0,Active
E5RI92,UniProtKB/TrEMBL,2.0,Active
G3V504,UniProtKB/TrEMBL,1.0,Active
C9JSW8,UniProtKB/TrEMBL,1.0,Active
A0A5F9ZHQ1,UniProtKB/TrEMBL,1.0,Active
E5RIW8,UniProtKB/TrEMBL,2.0,Active
E9PRK7,UniProtKB/TrEMBL,1.0,Active
C9J9W0,UniProtKB/TrEMBL,1.0,Active
Q6ZMK3,UniProtKB/TrEMBL,1.0,Active
A4D1V4,UniProtKB/TrEMBL,2.0,Active
H0YBN8,UniProtKB/TrEMBL,1.0,Active
A0A024DAS5,UniProtKB/TrEMBL,1.0,Active
H0YJ19,UniProtKB/TrEMBL,1.0,Active
Q9H609,UniProtKB/Swiss-Prot,4.0,Active
C9J6L4,UniProtKB/TrEMBL,2.0,Active
F8W1V2,UniProtKB/TrEMBL,2.0,Active
A0A075B716,UniProtKB/TrEMBL,2.0,Active
Q5J8X5,UniProtKB/Swiss-Prot,5.0,Active
Q8TD35,UniProtKB/Swiss-Prot,2.0,Active
H0YE91,UniProtKB/TrEMBL,1.0,Active
A8K1X7,UniProtKB/TrEMBL,1.0,Active
A0A087WV50,UniProtKB/TrEMBL,1.0,Active
D6RID2,UniProtKB/TrEMBL,1.0,Active
E5RIJ5,UniProtKB/TrEMBL,2.0,Active
A4QMS7,UniProtKB/Swiss-Prot,4.0,Active
I3L0X8,UniProtKB/TrEMBL,1.0,Active
O95562,UniProtKB/Swiss-Prot,5.0,Active
K7ELB8,UniProtKB/TrEMBL,1.0,Active
A6NF36,UniProtKB/Swiss-Prot,1.0,Active
F5H3U5,UniProtKB/TrEMBL,1.0,Active
F5GZ20,UniProtKB/TrEMBL,2.0,Active
J3QKZ2,UniProtKB/TrEMBL,2.0,Active
Q9H169,UniProtKB/Swiss-Prot,5.0,Active
A0A494C1N7,UniProtKB/TrEMBL,1.0,Active
E7EPV1,UniProtKB/TrEMBL,1.0,Active
F5H2C2,UniProtKB/TrEMBL,2.0,Active
B4E3M2,UniProtKB/TrEMBL,2.0,Active
A0A087WVB9,UniProtKB/TrEMBL,3.0,Active
B3KPV6,UniProtKB/TrEMBL,1.0,Active
O15280,UniProtKB/TrEMBL,2.0,Active
H0YJD7,UniProtKB/TrEMBL,1.0,Active
E9PM87,UniProtKB/TrEMBL,1.0,Active
U3KQ87,UniProtKB/TrEMBL,2.0,Active
J3KTN5,UniProtKB/TrEMBL,2.0,Active
Q86TS9,UniProtKB/Swiss-Prot,5.0,Active
Q5SZX9,UniProtKB/TrEMBL,2.0,Active
C9JMG5,UniProtKB/TrEMBL,1.0,Active
E9PS73,UniProtKB/TrEMBL,1.0,Active
C9JIX7,UniProtKB/TrEMBL,1.0,Active
B9TX51,UniProtKB/TrEMBL,1.0,Active
E9PQ49,UniProtKB/TrEMBL,2.0,Active
H0YDV6,UniProtKB/TrEMBL,1.0,Active
F8VWB3,UniProtKB/TrEMBL,2.0,Active
F8VV56,UniProtKB/TrEMBL,3.0,Active
Q9HDD0,UniProtKB/Swiss-Prot,5.0,Active
B4E310,UniProtKB/TrEMBL,1.0,Active
E9PSI0,UniProtKB/TrEMBL,2.0,Active
M0R152,UniProtKB/TrEMBL,2.0,Active
E9PQN6,UniProtKB/TrEMBL,3.0,Active
Q5ZEZ1,UniProtKB/TrEMBL,1.0,Active
X6RH80,UniProtKB/TrEMBL,1.0,Active
A0A0S2Z674,UniProtKB/TrEMBL,1.0,Active
B4E238,UniProtKB/TrEMBL,1.0,Active
G5E9Y8,UniProtKB/TrEMBL,2.0,Active
B0QY84,UniProtKB/TrEMBL,2.0,Active
B4DJ92,UniProtKB/TrEMBL,1.0,Active
J3KN81,UniProtKB/TrEMBL,1.0,Active
A0A7I2R5A4,UniProtKB/TrEMBL,1.0,Active
A0A3B3ITR3,UniProtKB/TrEMBL,1.0,Active
A0A0G2JNX6,UniProtKB/TrEMBL,1.0,Active
A0A494BZZ7,UniProtKB/TrEMBL,1.0,Active
A0A0G2JPT4,UniProtKB/TrEMBL,1.0,Active
D6RGE3,UniProtKB/TrEMBL,1.0,Active
Q6XD76,UniProtKB/Swiss-Prot,5.0,Active
C9J6Q4,UniProtKB/TrEMBL,1.0,Active
A0A0A0MSU9,UniProtKB/TrEMBL,1.0,Active
A0A590UJ54,UniProtKB/TrEMBL,1.0,Active
Q8IZY9,UniProtKB/TrEMBL,1.0,Active
I3L462,UniProtKB/TrEMBL,3.0,Active
C9JXQ1,UniProtKB/TrEMBL,1.0,Active
H0YA06,UniProtKB/TrEMBL,1.0,Active
M0QYS8,UniProtKB/TrEMBL,2.0,Active
A2VCQ4,UniProtKB/TrEMBL,1.0,Active
Q9H7Y1,UniProtKB/TrEMBL,1.0,Active
Q96KL7,UniProtKB/TrEMBL,1.0,Active
G3V540,UniProtKB/TrEMBL,2.0,Active
E9PR10,UniProtKB/TrEMBL,1.0,Active
J3KSX2,UniProtKB/TrEMBL,1.0,Active
Q8WVJ9,UniProtKB/Swiss-Prot,5.0,Active
E9PJ93,UniProtKB/TrEMBL,1.0,Active
P35070,UniProtKB/Swiss-Prot,5.0,Active
C9JYK2,UniProtKB/TrEMBL,1.0,Active
D6RD68,UniProtKB/TrEMBL,1.0,Active
C9K022,UniProtKB/TrEMBL,1.0,Active
F8VW99,UniProtKB/TrEMBL,2.0,Active
P0DMU9,UniProtKB/Swiss-Prot,3.0,Active
B7Z2D3,UniProtKB/TrEMBL,1.0,Active
O43600,UniProtKB/TrEMBL,1.0,Active
B3KT37,UniProtKB/TrEMBL,1.0,Active
Q3ZCW2,UniProtKB/Swiss-Prot,3.0,Active
H0YLF0,UniProtKB/TrEMBL,2.0,Active
Q9Y3C0,UniProtKB/Swiss-Prot,4.0,Active
B7Z8R2,UniProtKB/TrEMBL,1.0,Active
A6NHA5,UniProtKB/TrEMBL,1.0,Active
H3BTH9,UniProtKB/TrEMBL,1.0,Active
B4DFI2,UniProtKB/TrEMBL,2.0,Active
C9JYW1,UniProtKB/TrEMBL,2.0,Active
H0YLE5,UniProtKB/TrEMBL,1.0,Active
B7Z5W7,UniProtKB/TrEMBL,2.0,Active
H7BYU4,UniProtKB/TrEMBL,1.0,Active
B2R7T5,UniProtKB/TrEMBL,1.0,Active
E9PI02,UniProtKB/TrEMBL,1.0,Active
F8W1V3,UniProtKB/TrEMBL,2.0,Active
Q3SYP4,UniProtKB/TrEMBL,1.0,Active
E7ENY2,UniProtKB/TrEMBL,1.0,Active
A0A2R8Y815,UniProtKB/TrEMBL,2.0,Active
J3KSA8,UniProtKB/TrEMBL,1.0,Active
F5GWU4,UniProtKB/TrEMBL,1.0,Active
A0A8A0R1R6,UniProtKB/TrEMBL,1.0,Active
F1JTL6,UniProtKB/TrEMBL,1.0,Active
A6ZJA2,UniProtKB/TrEMBL,1.0,Active
H0YJ88,UniProtKB/TrEMBL,2.0,Active
A5JUM7,UniProtKB/TrEMBL,1.0,Active
A0A6Q8PH47,UniProtKB/TrEMBL,2.0,Active
Q92862,UniProtKB/TrEMBL,1.0,Active
Q708J1,UniProtKB/TrEMBL,3.0,Active
C9JCL9,UniProtKB/TrEMBL,1.0,Active
E9PIQ8,UniProtKB/TrEMBL,1.0,Active
H7C2F6,UniProtKB/TrEMBL,1.0,Active
Q9HAF1,UniProtKB/Swiss-Prot,5.0,Active
Q8NCA8,UniProtKB/TrEMBL,2.0,Active
A1A5B1,UniProtKB/TrEMBL,1.0,Active
B4DY53,UniProtKB/TrEMBL,1.0,Active
E7ES28,UniProtKB/TrEMBL,2.0,Active
Q969J3,UniProtKB/Swiss-Prot,5.0,Active
C9JF98,UniProtKB/TrEMBL,1.0,Active
Q6P1L8,UniProtKB/Swiss-Prot,4.0,Active
B3KPQ3,UniProtKB/TrEMBL,1.0,Active
H0YBR4,UniProtKB/TrEMBL,2.0,Active
B7Z7B0,UniProtKB/TrEMBL,2.0,Active
Q49AK0,UniProtKB/TrEMBL,1.0,Active
Q96BA4,UniProtKB/TrEMBL,1.0,Active
Q9UIG4,UniProtKB/Swiss-Prot,5.0,Active
B4DVY6,UniProtKB/TrEMBL,1.0,Active
Q96MD7,UniProtKB/Swiss-Prot,2.0,Active
E5RJA3,UniProtKB/TrEMBL,1.0,Active
B4DG25,UniProtKB/TrEMBL,1.0,Active
H0Y854,UniProtKB/TrEMBL,1.0,Active
H0YL62,UniProtKB/TrEMBL,2.0,Active
A0A2R8Y7W1,UniProtKB/TrEMBL,1.0,Active
Q5T4X2,UniProtKB/TrEMBL,1.0,Active
A0A087WZ78,UniProtKB/TrEMBL,1.0,Active
Q9HAW6,UniProtKB/TrEMBL,1.0,Active
J3QLU0,UniProtKB/TrEMBL,1.0,Active
I3L3Y6,UniProtKB/TrEMBL,2.0,Active
J3QQI9,UniProtKB/TrEMBL,1.0,Active
B4DVS3,UniProtKB/TrEMBL,1.0,Active
H0YE81,UniProtKB/TrEMBL,1.0,Active
H0YJF8,UniProtKB/TrEMBL,1.0,Active
Q6UXH0,UniProtKB/Swiss-Prot,5.0,Active
G3V5Q5,UniProtKB/TrEMBL,1.0,Active
K7EM00,UniProtKB/TrEMBL,2.0,Active
B4DWJ7,UniProtKB/TrEMBL,1.0,Active
B7Z9R6,UniProtKB/TrEMBL,1.0,Active
A0A0G2JP31,UniProtKB/TrEMBL,1.0,Active
H0YDP6,UniProtKB/TrEMBL,1.0,Active
H7C3T0,UniProtKB/TrEMBL,1.0,Active
E9PKQ1,UniProtKB/TrEMBL,1.0,Active
B4DJP2,UniProtKB/TrEMBL,1.0,Active
E9PIN4,UniProtKB/TrEMBL,1.0,Active
A0A0J9YXF6,UniProtKB/TrEMBL,1.0,Active
M0R1J8,UniProtKB/TrEMBL,1.0,Active
B4DS60,UniProtKB/TrEMBL,1.0,Active
Q2PJC1,UniProtKB/TrEMBL,1.0,Active
Q05C92,UniProtKB/TrEMBL,1.0,Active
E7ETB7,UniProtKB/TrEMBL,1.0,Active
C9JN40,UniProtKB/TrEMBL,2.0,Active
C9JF68,UniProtKB/TrEMBL,2.0,Active
C9JMB4,UniProtKB/TrEMBL,2.0,Active
H7C286,UniProtKB/TrEMBL,1.0,Active
B4DJQ2,UniProtKB/TrEMBL,2.0,Active
B4DQD5,UniProtKB/TrEMBL,1.0,Active
A0A7P0TAT3,UniProtKB/TrEMBL,2.0,Active
E9PDR1,UniProtKB/TrEMBL,1.0,Active
Q7Z2G1,UniProtKB/Swiss-Prot,5.0,Active
M0R315,UniProtKB/TrEMBL,2.0,Active
A0A7I2V3L8,UniProtKB/TrEMBL,2.0,Active
F5H7C6,UniProtKB/TrEMBL,2.0,Active
F8WFC1,UniProtKB/TrEMBL,1.0,Active
B2R9L0,UniProtKB/TrEMBL,2.0,Active
Q8N4J3,UniProtKB/TrEMBL,1.0,Active
U5U7S7,UniProtKB/TrEMBL,1.0,Active
B3KVU7,UniProtKB/TrEMBL,1.0,Active
C9IZ41,UniProtKB/TrEMBL,2.0,Active
A1L0T6,UniProtKB/TrEMBL,2.0,Active
B4DWZ6,UniProtKB/TrEMBL,1.0,Active
Q53TQ2,UniProtKB/TrEMBL,2.0,Active
Q9HAM9,UniProtKB/TrEMBL,1.0,Active
B3KNG3,UniProtKB/TrEMBL,1.0,Active
H7C5R4,UniProtKB/TrEMBL,1.0,Active
A0A1B0GUP2,UniProtKB/TrEMBL,1.0,Active
V9GYH0,UniProtKB/TrEMBL,2.0,Active
Q5TC05,UniProtKB/TrEMBL,1.0,Active
B4DEY2,UniProtKB/TrEMBL,1.0,Active
F5H5L8,UniProtKB/TrEMBL,1.0,Active
A0A0S2Z3Y0,UniProtKB/TrEMBL,2.0,Active
F8VS20,UniProtKB/TrEMBL,1.0,Active
Q9H4N8,UniProtKB/TrEMBL,1.0,Active
A0A1B0GTP3,UniProtKB/TrEMBL,1.0,Active
A0A1W2PP81,UniProtKB/Swiss-Prot,2.0,Active
X6RJD6,UniProtKB/TrEMBL,1.0,Active
M0R0Q6,UniProtKB/TrEMBL,1.0,Active
E2I6F6,UniProtKB/TrEMBL,1.0,Active
E7EWF7,UniProtKB/TrEMBL,1.0,Active
H3BNX8,UniProtKB/TrEMBL,2.0,Active
E5RIY4,UniProtKB/TrEMBL,1.0,Active
E9PQH5,UniProtKB/TrEMBL,1.0,Active
B0QYQ9,UniProtKB/TrEMBL,1.0,Active
C9JD91,UniProtKB/TrEMBL,1.0,Active
F8WE38,UniProtKB/TrEMBL,1.0,Active
H3BQB2,UniProtKB/TrEMBL,1.0,Active
B7Z4L0,UniProtKB/TrEMBL,1.0,Active
B4DDF2,UniProtKB/TrEMBL,2.0,Active
D6RG31,UniProtKB/TrEMBL,3.0,Active
B3KPP5,UniProtKB/TrEMBL,1.0,Active
F5GXL6,UniProtKB/TrEMBL,2.0,Active
D6RFE5,UniProtKB/TrEMBL,1.0,Active
H7C2M7,UniProtKB/TrEMBL,1.0,Active
Q9H9M6,UniProtKB/TrEMBL,1.0,Active
B2R4D5,UniProtKB/TrEMBL,2.0,Active
A0A2R8YCY8,UniProtKB/TrEMBL,1.0,Active
A0A127R638,UniProtKB/TrEMBL,1.0,Active
A0A0C4DGI4,UniProtKB/TrEMBL,1.0,Active
Q9NSX6,UniProtKB/TrEMBL,1.0,Active
Q9ULA4,UniProtKB/TrEMBL,1.0,Active
Q9NV10,UniProtKB/TrEMBL,1.0,Active
Q8NBT2,UniProtKB/Swiss-Prot,5.0,Active
F1LLU4,UniProtKB/TrEMBL,1.0,Active
A0A2R8Y6N1,UniProtKB/TrEMBL,1.0,Active
J3QKK6,UniProtKB/TrEMBL,1.0,Active
A0A7I2YQR8,UniProtKB/TrEMBL,2.0,Active
F5H4Y2,UniProtKB/TrEMBL,1.0,Active
E9PQX9,UniProtKB/TrEMBL,1.0,Active
A0A345Z977,UniProtKB/TrEMBL,1.0,Active
D6RC57,UniProtKB/TrEMBL,1.0,Active
A6NGX6,UniProtKB/TrEMBL,2.0,Active
F5H6C3,UniProtKB/TrEMBL,1.0,Active
H3BRN8,UniProtKB/Swiss-Prot,4.0,Active
F8VR36,UniProtKB/TrEMBL,2.0,Active
Q14473,UniProtKB/TrEMBL,1.0,Active
Q15448,UniProtKB/TrEMBL,1.0,Active
O60895,UniProtKB/Swiss-Prot,5.0,Active
D6RDH0,UniProtKB/TrEMBL,1.0,Active
J3QR48,UniProtKB/TrEMBL,2.0,Active
A0A0C4DFR2,UniProtKB/TrEMBL,2.0,Active
H7BYY0,UniProtKB/TrEMBL,1.0,Active
I3L265,UniProtKB/TrEMBL,1.0,Active
B4DK47,UniProtKB/TrEMBL,1.0,Active
E5RIA1,UniProtKB/TrEMBL,1.0,Active
F5H0N3,UniProtKB/TrEMBL,1.0,Active
G3V4Y8,UniProtKB/TrEMBL,1.0,Active
E9PQC2,UniProtKB/TrEMBL,1.0,Active
D6RGC3,UniProtKB/TrEMBL,1.0,Active
B1AHM9,UniProtKB/TrEMBL,1.0,Active
A0A0G2JID8,UniProtKB/TrEMBL,2.0,Active
Q9H7N7,UniProtKB/TrEMBL,1.0,Active
B4DUC9,UniProtKB/TrEMBL,1.0,Active
A0A2R8Y291,UniProtKB/TrEMBL,1.0,Active
B4DJH1,UniProtKB/TrEMBL,1.0,Active
F8W1F2,UniProtKB/TrEMBL,1.0,Active
A0A8A5TV81,UniProtKB/TrEMBL,2.0,Active
I3L0N9,UniProtKB/TrEMBL,1.0,Active
E9PP99,UniProtKB/TrEMBL,2.0,Active
A0A1B0GTI8,UniProtKB/Swiss-Prot,2.0,Active
A0A1L1Z855,UniProtKB/TrEMBL,1.0,Active
Q8N1D5,UniProtKB/Swiss-Prot,3.0,Active
H3BMW9,UniProtKB/TrEMBL,1.0,Active
P14770,UniProtKB/Swiss-Prot,5.0,Active
H7C0E6,UniProtKB/TrEMBL,2.0,Active
A0A126LAW4,UniProtKB/TrEMBL,1.0,Active
Q6P4D7,UniProtKB/TrEMBL,1.0,Active
M0QXD0,UniProtKB/TrEMBL,1.0,Active
E9PJI9,UniProtKB/TrEMBL,1.0,Active
Q63HL8,UniProtKB/TrEMBL,1.0,Active
K7EII9,UniProtKB/TrEMBL,2.0,Active
H0YB02,UniProtKB/TrEMBL,1.0,Active
A0A6Q8PFV5,UniProtKB/TrEMBL,1.0,Active
H0Y8M4,UniProtKB/TrEMBL,2.0,Active
J3QR88,UniProtKB/TrEMBL,1.0,Active
B3KSC2,UniProtKB/TrEMBL,1.0,Active
B7Z7G7,UniProtKB/TrEMBL,1.0,Active
Q59G74,UniProtKB/TrEMBL,3.0,Active
D6RE69,UniProtKB/TrEMBL,1.0,Active
D6RCD3,UniProtKB/TrEMBL,1.0,Active
V9GYE8,UniProtKB/TrEMBL,1.0,Active
B4DFU6,UniProtKB/TrEMBL,2.0,Active
E9KXS6,UniProtKB/TrEMBL,2.0,Active
E5RHM4,UniProtKB/TrEMBL,2.0,Active
M0QZ34,UniProtKB/TrEMBL,2.0,Active
A0A1A9C9I6,UniProtKB/TrEMBL,2.0,Active
B4DUH9,UniProtKB/TrEMBL,2.0,Active
Q99929,UniProtKB/Swiss-Prot,5.0,Active
A0A023I7W4,UniProtKB/TrEMBL,2.0,Active
A6NGY3,UniProtKB/Swiss-Prot,1.0,Active
H0Y990,UniProtKB/TrEMBL,1.0,Active
H0YH17,UniProtKB/TrEMBL,2.0,Active
C9JPS2,UniProtKB/TrEMBL,1.0,Active
Q9UQ30,UniProtKB/TrEMBL,1.0,Active
J7M832,UniProtKB/TrEMBL,1.0,Active
A0A087WX22,UniProtKB/TrEMBL,1.0,Active
H0YF68,UniProtKB/TrEMBL,3.0,Active
B7Z4D4,UniProtKB/TrEMBL,2.0,Active
C9JBE8,UniProtKB/TrEMBL,2.0,Active
C9J184,UniProtKB/TrEMBL,1.0,Active
G3V5R3,UniProtKB/TrEMBL,2.0,Active
Q9UDW3,UniProtKB/Swiss-Prot,5.0,Active
H0YA62,UniProtKB/TrEMBL,2.0,Active
Q9NX76,UniProtKB/Swiss-Prot,5.0,Active
B7Z1J4,UniProtKB/TrEMBL,1.0,Active
B4DFG7,UniProtKB/TrEMBL,1.0,Active
H0YDY1,UniProtKB/TrEMBL,1.0,Active
C9JJM2,UniProtKB/TrEMBL,1.0,Active
R4GMW0,UniProtKB/TrEMBL,1.0,Active
C9J232,UniProtKB/TrEMBL,1.0,Active
K7EPT1,UniProtKB/TrEMBL,1.0,Active
A0A3B3IU63,UniProtKB/Swiss-Prot,3.0,Active
Q96NC0,UniProtKB/Swiss-Prot,5.0,Active
C9J7D9,UniProtKB/TrEMBL,1.0,Active
Q6PI41,UniProtKB/TrEMBL,1.0,Active
B7ZB52,UniProtKB/TrEMBL,2.0,Active
M0R350,UniProtKB/TrEMBL,1.0,Active
B4DFP7,UniProtKB/TrEMBL,1.0,Active
A0A0J9YXG1,UniProtKB/TrEMBL,1.0,Active
X6RHK1,UniProtKB/TrEMBL,1.0,Active
Q9P0N5,UniProtKB/Swiss-Prot,5.0,Active
H0YB33,UniProtKB/TrEMBL,1.0,Active
G0ZCM3,UniProtKB/TrEMBL,1.0,Active
H0YIN2,UniProtKB/TrEMBL,1.0,Active
Q96AT1,UniProtKB/Swiss-Prot,2.0,Active
F8WE70,UniProtKB/TrEMBL,2.0,Active
Q8NI72,UniProtKB/TrEMBL,1.0,Active
B4DKK5,UniProtKB/TrEMBL,1.0,Active
Q8NBD8,UniProtKB/Swiss-Prot,5.0,Active
A0A7P0Z497,UniProtKB/TrEMBL,3.0,Active
Q9P1S2,UniProtKB/TrEMBL,1.0,Active
Q6GMT5,UniProtKB/TrEMBL,1.0,Active
U3KPS8,UniProtKB/TrEMBL,1.0,Active
F8WCL2,UniProtKB/TrEMBL,1.0,Active
D6R9K4,UniProtKB/TrEMBL,1.0,Active
C9JVC1,UniProtKB/TrEMBL,1.0,Active
F6L6Y5,UniProtKB/TrEMBL,2.0,Active
H0YJU0,UniProtKB/TrEMBL,1.0,Active
Q4W5F7,UniProtKB/TrEMBL,1.0,Active
B4DJG2,UniProtKB/TrEMBL,1.0,Active
Q13789,UniProtKB/TrEMBL,1.0,Active
B8A598,UniProtKB/TrEMBL,2.0,Active
B4DVI5,UniProtKB/TrEMBL,1.0,Active
A0A804HI79,UniProtKB/TrEMBL,1.0,Active
D2CPJ3,UniProtKB/TrEMBL,1.0,Active
Q8IXL9,UniProtKB/Swiss-Prot,2.0,Active
B0YJ96,UniProtKB/TrEMBL,1.0,Active
M0QY89,UniProtKB/TrEMBL,2.0,Active
H0YKZ9,UniProtKB/TrEMBL,2.0,Active
E9PHY3,UniProtKB/TrEMBL,2.0,Active
E5RJU3,UniProtKB/TrEMBL,2.0,Active
A0A087WW56,UniProtKB/TrEMBL,1.0,Active
E9PQ47,UniProtKB/TrEMBL,2.0,Active
P20292,UniProtKB/Swiss-Prot,5.0,Active
C9JQ35,UniProtKB/TrEMBL,2.0,Active
A0A067XG57,UniProtKB/TrEMBL,1.0,Active
Q30219,UniProtKB/TrEMBL,1.0,Active
V9GYS6,UniProtKB/TrEMBL,1.0,Active
Q5W111,UniProtKB/Swiss-Prot,5.0,Active
H0YID5,UniProtKB/TrEMBL,2.0,Active
C9JZ63,UniProtKB/TrEMBL,1.0,Active
O60535,UniProtKB/TrEMBL,1.0,Active
C9JC51,UniProtKB/TrEMBL,2.0,Active
Q9H2I8,UniProtKB/Swiss-Prot,3.0,Active
K7EIW8,UniProtKB/TrEMBL,1.0,Active
Q9NXZ3,UniProtKB/TrEMBL,1.0,Active
A0A0D9SGG2,UniProtKB/TrEMBL,1.0,Active
J3QQN3,UniProtKB/TrEMBL,2.0,Active
G3FEP9,UniProtKB/TrEMBL,2.0,Active
Q9NX18,UniProtKB/Swiss-Prot,5.0,Active
I3L3I1,UniProtKB/TrEMBL,1.0,Active
C9JA29,UniProtKB/TrEMBL,2.0,Active
V9GYZ5,UniProtKB/TrEMBL,1.0,Active
B4DPS1,UniProtKB/TrEMBL,2.0,Active
B1AK61,UniProtKB/TrEMBL,1.0,Active
Q9NX00,UniProtKB/Swiss-Prot,3.0,Active
B4DNA9,UniProtKB/TrEMBL,1.0,Active
Q5JT49,UniProtKB/TrEMBL,1.0,Active
C9JWL3,UniProtKB/TrEMBL,1.0,Active
Q53RV1,UniProtKB/TrEMBL,1.0,Active
A0A0U1RQL2,UniProtKB/TrEMBL,1.0,Active
Q7Z6V2,UniProtKB/TrEMBL,2.0,Active
J3KT90,UniProtKB/TrEMBL,1.0,Active
Q99061,UniProtKB/TrEMBL,1.0,Active
C9J383,UniProtKB/TrEMBL,2.0,Active
O14960,UniProtKB/Swiss-Prot,5.0,Active
E9PDU6,UniProtKB/TrEMBL,2.0,Active
A0A0A0MQZ6,UniProtKB/TrEMBL,1.0,Active
Q6ZVA9,UniProtKB/TrEMBL,1.0,Active
A0A494C033,UniProtKB/TrEMBL,1.0,Active
I3L2Q8,UniProtKB/TrEMBL,2.0,Active
H0YD02,UniProtKB/TrEMBL,2.0,Active
D6R9T4,UniProtKB/TrEMBL,1.0,Active
Q8WV19,UniProtKB/Swiss-Prot,5.0,Active
C9JR61,UniProtKB/TrEMBL,1.0,Active
J3QS21,UniProtKB/TrEMBL,2.0,Active
E9PIN7,UniProtKB/TrEMBL,1.0,Active
B4DKT1,UniProtKB/TrEMBL,1.0,Active
I3L1F7,UniProtKB/TrEMBL,2.0,Active
K7ELX5,UniProtKB/TrEMBL,1.0,Active
J3KRY6,UniProtKB/TrEMBL,1.0,Active
C9IZ83,UniProtKB/TrEMBL,1.0,Active
B3KQ10,UniProtKB/TrEMBL,1.0,Active
Q9H2D9,UniProtKB/TrEMBL,1.0,Active
Q0VAI3,UniProtKB/TrEMBL,1.0,Active
Q56CY1,UniProtKB/TrEMBL,2.0,Active
E9PPH0,UniProtKB/TrEMBL,1.0,Active
Q6TDG2,UniProtKB/TrEMBL,1.0,Active
B4DHC0,UniProtKB/TrEMBL,2.0,Active
E5RFX8,UniProtKB/TrEMBL,1.0,Active
A0A3Q9X1C4,UniProtKB/TrEMBL,2.0,Active
H0YH26,UniProtKB/TrEMBL,1.0,Active
A0A1W2PSA2,UniProtKB/TrEMBL,1.0,Active
H7C017,UniProtKB/TrEMBL,1.0,Active
G3V532,UniProtKB/TrEMBL,1.0,Active
D6RJH3,UniProtKB/TrEMBL,1.0,Active
F8VZM2,UniProtKB/TrEMBL,1.0,Active
A0A1B0GUX2,UniProtKB/TrEMBL,1.0,Active
K7EPS2,UniProtKB/TrEMBL,2.0,Active
K7ESP1,UniProtKB/TrEMBL,1.0,Active
D6RA14,UniProtKB/TrEMBL,1.0,Active
Q7Z382,UniProtKB/TrEMBL,1.0,Active
Q8TBR4,UniProtKB/Swiss-Prot,2.0,Active
Q8NGK8,UniProtKB/TrEMBL,1.0,Active
C9J5I9,UniProtKB/TrEMBL,1.0,Active
F5H0C6,UniProtKB/TrEMBL,2.0,Active
A0A1W2PRR6,UniProtKB/TrEMBL,1.0,Active
A0A1B0GV69,UniProtKB/TrEMBL,1.0,Active
M1S113,UniProtKB/TrEMBL,2.0,Active
C9J477,UniProtKB/TrEMBL,1.0,Active
H0YA89,UniProtKB/TrEMBL,1.0,Active
Q5JU01,UniProtKB/TrEMBL,1.0,Active
E9PJL8,UniProtKB/TrEMBL,1.0,Active
B4DUZ2,UniProtKB/TrEMBL,1.0,Active
G3V580,UniProtKB/TrEMBL,1.0,Active
D6RGC1,UniProtKB/TrEMBL,1.0,Active
J3KRL8,UniProtKB/TrEMBL,1.0,Active
G4XL73,UniProtKB/TrEMBL,1.0,Active
A0A0G2JRS3,UniProtKB/TrEMBL,1.0,Active
Q53HE6,UniProtKB/TrEMBL,1.0,Active
A0A140VJV6,UniProtKB/TrEMBL,2.0,Active
D3JEN1,UniProtKB/TrEMBL,1.0,Active
A0A0A0MSR3,UniProtKB/TrEMBL,1.0,Active
H0YN00,UniProtKB/TrEMBL,1.0,Active
E5RFU6,UniProtKB/TrEMBL,1.0,Active
J3KSB8,UniProtKB/TrEMBL,2.0,Active
B4DQU3,UniProtKB/TrEMBL,1.0,Active
C9J6V2,UniProtKB/TrEMBL,1.0,Active
Q6PI98,UniProtKB/Swiss-Prot,5.0,Active
R4GN82,UniProtKB/TrEMBL,1.0,Active
A0A2R8YE82,UniProtKB/TrEMBL,1.0,Active
F8WEL2,UniProtKB/TrEMBL,1.0,Active
E9PJC7,UniProtKB/TrEMBL,1.0,Active
A0A590UJW9,UniProtKB/TrEMBL,2.0,Active
Q9H875,UniProtKB/Swiss-Prot,5.0,Active
G3V1V1,UniProtKB/TrEMBL,1.0,Active
J3QKU9,UniProtKB/TrEMBL,2.0,Active
Q15528,UniProtKB/Swiss-Prot,5.0,Active
E9PMC7,UniProtKB/TrEMBL,1.0,Active
Q96B42,UniProtKB/Swiss-Prot,5.0,Active
Q05BU7,UniProtKB/TrEMBL,1.0,Active
H3BNW6,UniProtKB/TrEMBL,2.0,Active
A0A0S2Z3M0,UniProtKB/TrEMBL,3.0,Active
Q53QN4,UniProtKB/TrEMBL,2.0,Active
B4DW42,UniProtKB/TrEMBL,1.0,Active
F8W0F5,UniProtKB/TrEMBL,1.0,Active
Q5D1Q2,UniProtKB/TrEMBL,1.0,Active
R4GMZ2,UniProtKB/TrEMBL,2.0,Active
Q7Z7Q9,UniProtKB/TrEMBL,1.0,Active
C9JV02,UniProtKB/TrEMBL,1.0,Active
V9GYX0,UniProtKB/TrEMBL,2.0,Active
O00585,UniProtKB/Swiss-Prot,5.0,Active
D6RAV6,UniProtKB/TrEMBL,1.0,Active
B4DU67,UniProtKB/TrEMBL,1.0,Active
V9GYS3,UniProtKB/TrEMBL,2.0,Active
H7C0T9,UniProtKB/TrEMBL,1.0,Active
F8VYH7,UniProtKB/TrEMBL,1.0,Active
Q5JVM0,UniProtKB/TrEMBL,1.0,Active
F8VNZ8,UniProtKB/TrEMBL,1.0,Active
E9PP80,UniProtKB/TrEMBL,2.0,Active
H0YAP6,UniProtKB/TrEMBL,2.0,Active
K7EMR5,UniProtKB/TrEMBL,1.0,Active
Q99891,UniProtKB/TrEMBL,1.0,Active
H0YJF2,UniProtKB/TrEMBL,2.0,Active
C9JBM7,UniProtKB/TrEMBL,1.0,Active
C9JWM2,UniProtKB/TrEMBL,2.0,Active
H0YCW1,UniProtKB/TrEMBL,2.0,Active
D6REC6,UniProtKB/TrEMBL,2.0,Active
C7DJS1,UniProtKB/TrEMBL,3.0,Active
Q9Y244,UniProtKB/Swiss-Prot,5.0,Active
H3BMY8,UniProtKB/TrEMBL,1.0,Active
I3L3G5,UniProtKB/TrEMBL,1.0,Active
A0A6M5WRE7,UniProtKB/TrEMBL,1.0,Active
F8VY51,UniProtKB/TrEMBL,2.0,Active
K7EJE1,UniProtKB/TrEMBL,2.0,Active
F8VNT9,UniProtKB/TrEMBL,1.0,Active
A0A087WUN3,UniProtKB/TrEMBL,1.0,Active
H0Y5M0,UniProtKB/TrEMBL,1.0,Active
X6RLA8,UniProtKB/TrEMBL,1.0,Active
C9J027,UniProtKB/TrEMBL,2.0,Active
Q53HG1,UniProtKB/TrEMBL,1.0,Active
H3BR84,UniProtKB/TrEMBL,2.0,Active
A0A7I2V342,UniProtKB/TrEMBL,1.0,Active
B4DF09,UniProtKB/TrEMBL,1.0,Active
Q9BSF0,UniProtKB/Swiss-Prot,5.0,Active
A0A2R8Y7F8,UniProtKB/TrEMBL,1.0,Active
D6RFI0,UniProtKB/TrEMBL,2.0,Active
I6U4P1,UniProtKB/TrEMBL,2.0,Active
D6RAD3,UniProtKB/TrEMBL,2.0,Active
B4E138,UniProtKB/TrEMBL,1.0,Active
F8WEJ6,UniProtKB/TrEMBL,2.0,Active
C9JJ78,UniProtKB/TrEMBL,2.0,Active
B4E0V6,UniProtKB/TrEMBL,1.0,Active
G3V447,UniProtKB/TrEMBL,2.0,Active
E9PGT6,UniProtKB/TrEMBL,2.0,Active
M0R0F0,UniProtKB/TrEMBL,2.0,Active
B1AKP1,UniProtKB/TrEMBL,2.0,Active
Q8NBE4,UniProtKB/TrEMBL,1.0,Active
B4DHE3,UniProtKB/TrEMBL,1.0,Active
C9J8A7,UniProtKB/TrEMBL,1.0,Active
Q5IKE6,UniProtKB/TrEMBL,1.0,Active
C9J036,UniProtKB/TrEMBL,1.0,Active
H0YB60,UniProtKB/TrEMBL,1.0,Active
A0A087X2G9,UniProtKB/TrEMBL,1.0,Active
O00172,UniProtKB/TrEMBL,1.0,Active
A0A6Q8PFU4,UniProtKB/TrEMBL,1.0,Active
J3QLV0,UniProtKB/TrEMBL,3.0,Active
E9PLJ8,UniProtKB/TrEMBL,1.0,Active
Q5T0A6,UniProtKB/TrEMBL,2.0,Active
K7EJ16,UniProtKB/TrEMBL,1.0,Active
Q14219,UniProtKB/TrEMBL,1.0,Active
Q5F2G0,UniProtKB/TrEMBL,1.0,Active
Q96PT3,UniProtKB/Swiss-Prot,3.0,Active
A0A7G9U7H8,UniProtKB/TrEMBL,1.0,Active
Q8WYV8,UniProtKB/TrEMBL,1.0,Active
Q5VYW8,UniProtKB/TrEMBL,1.0,Active
B2RXF3,UniProtKB/TrEMBL,2.0,Active
Q8N5I9,UniProtKB/Swiss-Prot,4.0,Active
Q96DD7,UniProtKB/Swiss-Prot,4.0,Active
A0AUM0,UniProtKB/TrEMBL,3.0,Active
H3BLT4,UniProtKB/TrEMBL,3.0,Active
G3V1T3,UniProtKB/TrEMBL,1.0,Active
Q9NPI2,UniProtKB/TrEMBL,1.0,Active
B3KX76,UniProtKB/TrEMBL,4.0,Active
H0YDG0,UniProtKB/TrEMBL,1.0,Active
F8VZZ0,UniProtKB/TrEMBL,2.0,Active
A0A087WVT9,UniProtKB/TrEMBL,3.0,Active
A2A2Q6,UniProtKB/TrEMBL,1.0,Active
A0A2R8Y495,UniProtKB/TrEMBL,2.0,Active
C9IYN7,UniProtKB/TrEMBL,2.0,Active
F8VRE8,UniProtKB/TrEMBL,1.0,Active
A0A0S2Z3L8,UniProtKB/TrEMBL,2.0,Active
E9PNM7,UniProtKB/TrEMBL,1.0,Active
H3BT44,UniProtKB/TrEMBL,2.0,Active
D6RIA1,UniProtKB/TrEMBL,1.0,Active
C9JXV4,UniProtKB/TrEMBL,3.0,Active
Q9GIP4,UniProtKB/Swiss-Prot,3.0,Active
A8MV57,UniProtKB/Swiss-Prot,2.0,Active
B3KUZ4,UniProtKB/TrEMBL,1.0,Active
A0A0C4DGJ5,UniProtKB/TrEMBL,1.0,Active
B4DGV8,UniProtKB/TrEMBL,1.0,Active
Q8NCG1,UniProtKB/TrEMBL,1.0,Active
B0QY11,UniProtKB/TrEMBL,1.0,Active
D6RJB1,UniProtKB/TrEMBL,1.0,Active
A0A451F4J3,UniProtKB/TrEMBL,1.0,Active
C9J4K7,UniProtKB/TrEMBL,1.0,Active
G3V264,UniProtKB/TrEMBL,1.0,Active
A0A0S2Z3V0,UniProtKB/TrEMBL,1.0,Active
A0A0S2Z639,UniProtKB/TrEMBL,1.0,Active
Q6P5W7,UniProtKB/TrEMBL,1.0,Active
Q96LM7,UniProtKB/TrEMBL,1.0,Active
M0R222,UniProtKB/TrEMBL,2.0,Active
Q16441,UniProtKB/TrEMBL,1.0,Active
I1YAQ7,UniProtKB/TrEMBL,1.0,Active
B4DEN3,UniProtKB/TrEMBL,1.0,Active
B4DQB5,UniProtKB/TrEMBL,1.0,Active
I3L1Z3,UniProtKB/TrEMBL,1.0,Active
M0QYT5,UniProtKB/TrEMBL,2.0,Active
F2Z3L6,UniProtKB/TrEMBL,1.0,Active
H3BM84,UniProtKB/TrEMBL,1.0,Active
D6RIC0,UniProtKB/TrEMBL,1.0,Active
Q8N6L1,UniProtKB/Swiss-Prot,5.0,Active
F5GZF8,UniProtKB/TrEMBL,2.0,Active
B1ANM0,UniProtKB/TrEMBL,1.0,Active
A0A7I2V4W3,UniProtKB/TrEMBL,2.0,Active
A8K012,UniProtKB/TrEMBL,2.0,Active
Q57Z94,UniProtKB/TrEMBL,2.0,Active
E9PNL0,UniProtKB/TrEMBL,1.0,Active
B3KWW2,UniProtKB/TrEMBL,1.0,Active
B4E1V2,UniProtKB/TrEMBL,1.0,Active
H0YM03,UniProtKB/TrEMBL,1.0,Active
A0A097I4X7,UniProtKB/TrEMBL,1.0,Active
A0A1B0GUX0,UniProtKB/Swiss-Prot,2.0,Active
A0A0S2Z526,UniProtKB/TrEMBL,1.0,Active
A0A140VK85,UniProtKB/TrEMBL,2.0,Active
Q6ZP63,UniProtKB/TrEMBL,1.0,Active
G3V1V4,UniProtKB/TrEMBL,1.0,Active
A0A098CK12,UniProtKB/TrEMBL,2.0,Active
Q5JPU0,UniProtKB/TrEMBL,1.0,Active
C9JZ37,UniProtKB/TrEMBL,1.0,Active
Q8TCI5,UniProtKB/Swiss-Prot,5.0,Active
E9PPA5,UniProtKB/TrEMBL,2.0,Active
E9PKF7,UniProtKB/TrEMBL,1.0,Active
K7EKL2,UniProtKB/TrEMBL,2.0,Active
B3VRD0,UniProtKB/TrEMBL,2.0,Active
E7EMM1,UniProtKB/TrEMBL,1.0,Active
Q8N7A5,UniProtKB/TrEMBL,1.0,Active
P0CL84,UniProtKB/Swiss-Prot,2.0,Active
B4DEJ1,UniProtKB/TrEMBL,2.0,Active
E5RJ96,UniProtKB/TrEMBL,1.0,Active
Q8WY81,UniProtKB/TrEMBL,1.0,Active
C9IZ38,UniProtKB/TrEMBL,1.0,Active
A0A5F9ZHU0,UniProtKB/TrEMBL,1.0,Active
B8ZZ71,UniProtKB/TrEMBL,2.0,Active
A0A0J9YX19,UniProtKB/TrEMBL,1.0,Active
K7EMB6,UniProtKB/TrEMBL,2.0,Active
D6RHW6,UniProtKB/TrEMBL,1.0,Active
A0A7P0TB37,UniProtKB/TrEMBL,1.0,Active
G3V0H0,UniProtKB/TrEMBL,1.0,Active
K7EMK8,UniProtKB/TrEMBL,1.0,Active
A0A2R8YD79,UniProtKB/TrEMBL,1.0,Active
A0A0A0MRV1,UniProtKB/TrEMBL,1.0,Active
H7C1P1,UniProtKB/TrEMBL,2.0,Active
B1AKP2,UniProtKB/TrEMBL,2.0,Active
C9J331,UniProtKB/TrEMBL,1.0,Active
Q8N7N7,UniProtKB/TrEMBL,1.0,Active
J3QKD2,UniProtKB/TrEMBL,1.0,Active
A0A5F9ZHR0,UniProtKB/TrEMBL,2.0,Active
H0Y6R3,UniProtKB/TrEMBL,1.0,Active
F8VU63,UniProtKB/TrEMBL,1.0,Active
A8MZ26,UniProtKB/Swiss-Prot,3.0,Active
K7EL43,UniProtKB/TrEMBL,1.0,Active
F8VR74,UniProtKB/TrEMBL,1.0,Active
A0A0S2Z359,UniProtKB/TrEMBL,2.0,Active
A0A087X1D8,UniProtKB/TrEMBL,2.0,Active
C9JMM4,UniProtKB/TrEMBL,1.0,Active
E9PHX9,UniProtKB/TrEMBL,1.0,Active
Q13383,UniProtKB/TrEMBL,1.0,Active
E3P8H6,UniProtKB/TrEMBL,3.0,Active
B1AHJ5,UniProtKB/TrEMBL,2.0,Active
C9J456,UniProtKB/TrEMBL,2.0,Active
C9JMY2,UniProtKB/TrEMBL,1.0,Active
C9JLC0,UniProtKB/TrEMBL,1.0,Active
B7Z886,UniProtKB/TrEMBL,1.0,Active
A0A087WY49,UniProtKB/TrEMBL,2.0,Active
B3KS61,UniProtKB/TrEMBL,2.0,Active
A0A286RYY1,UniProtKB/TrEMBL,1.0,Active
A0A3B3IT16,UniProtKB/TrEMBL,1.0,Active
D6RFF2,UniProtKB/TrEMBL,1.0,Active
P53801,UniProtKB/Swiss-Prot,5.0,Active
A0A8A0WP30,UniProtKB/TrEMBL,2.0,Active
B7Z3W9,UniProtKB/TrEMBL,1.0,Active
Q75LG9,UniProtKB/TrEMBL,1.0,Active
Q9UBR5,UniProtKB/Swiss-Prot,5.0,Active
Q59GX8,UniProtKB/TrEMBL,1.0,Active
A0A3B3IS92,UniProtKB/TrEMBL,1.0,Active
E9PQS4,UniProtKB/TrEMBL,1.0,Active
E9PS62,UniProtKB/TrEMBL,1.0,Active
G3V3Q6,UniProtKB/TrEMBL,2.0,Active
B4E000,UniProtKB/TrEMBL,1.0,Active
A0A6H0WF25,UniProtKB/TrEMBL,2.0,Active
B4E1R9,UniProtKB/TrEMBL,1.0,Active
Q86T10,UniProtKB/TrEMBL,1.0,Active
G3V1W5,UniProtKB/TrEMBL,1.0,Active
H0YE20,UniProtKB/TrEMBL,2.0,Active
A0A087WU85,UniProtKB/TrEMBL,1.0,Active
F5GZZ6,UniProtKB/TrEMBL,2.0,Active
C9J9U1,UniProtKB/TrEMBL,1.0,Active
X6RC30,UniProtKB/TrEMBL,2.0,Active
M0QYI8,UniProtKB/TrEMBL,1.0,Active
K7ESH9,UniProtKB/TrEMBL,2.0,Active
Q6LAM3,UniProtKB/TrEMBL,1.0,Active
H0YLG7,UniProtKB/TrEMBL,1.0,Active
H7C3F9,UniProtKB/TrEMBL,2.0,Active
B4DSL0,UniProtKB/TrEMBL,1.0,Active
Q3C1X2,UniProtKB/TrEMBL,1.0,Active
A0A1W2PP66,UniProtKB/TrEMBL,2.0,Active
F5H5L0,UniProtKB/TrEMBL,3.0,Active
Q6P0A1,UniProtKB/Swiss-Prot,2.0,Active
Q8NF46,UniProtKB/TrEMBL,1.0,Active
B4DFS4,UniProtKB/TrEMBL,1.0,Active
E5RJ87,UniProtKB/TrEMBL,1.0,Active
E9PSB1,UniProtKB/TrEMBL,1.0,Active
Q5ZGK0,UniProtKB/TrEMBL,1.0,Active
Q6ZRJ0,UniProtKB/TrEMBL,1.0,Active
Q2M238,UniProtKB/Swiss-Prot,2.0,Active
D6R9J9,UniProtKB/TrEMBL,1.0,Active
A0A087X1Y9,UniProtKB/TrEMBL,1.0,Active
J3QL74,UniProtKB/TrEMBL,2.0,Active
Q6ZVE7,UniProtKB/Swiss-Prot,5.0,Active
B8ZZP2,UniProtKB/TrEMBL,1.0,Active
A0A6H0WB68,UniProtKB/TrEMBL,2.0,Active
E1Y3Y5,UniProtKB/TrEMBL,1.0,Active
H7C2T3,UniProtKB/TrEMBL,2.0,Active
J3QR45,UniProtKB/TrEMBL,1.0,Active
S4R433,UniProtKB/TrEMBL,2.0,Active
A0A7I2V4Q0,UniProtKB/TrEMBL,2.0,Active
F5H7L7,UniProtKB/TrEMBL,1.0,Active
A0A7I2YQY2,UniProtKB/TrEMBL,1.0,Active
B4DDK0,UniProtKB/TrEMBL,3.0,Active
C9J0I5,UniProtKB/TrEMBL,2.0,Active
Q9UME7,UniProtKB/TrEMBL,1.0,Active
V9PAF3,UniProtKB/TrEMBL,1.0,Active
B0QYJ1,UniProtKB/TrEMBL,1.0,Active
V9GYY8,UniProtKB/TrEMBL,1.0,Active
J3QRD5,UniProtKB/TrEMBL,1.0,Active
B3KW14,UniProtKB/TrEMBL,1.0,Active
Q66MN3,UniProtKB/TrEMBL,1.0,Active
Q05CF7,UniProtKB/TrEMBL,1.0,Active
A0A3G2LR19,UniProtKB/TrEMBL,1.0,Active
Q86W75,UniProtKB/TrEMBL,1.0,Active
C9JUC1,UniProtKB/TrEMBL,1.0,Active
X6RCC3,UniProtKB/TrEMBL,2.0,Active
B7Z2V2,UniProtKB/TrEMBL,3.0,Active
H3BQM3,UniProtKB/TrEMBL,1.0,Active
H3BN37,UniProtKB/TrEMBL,2.0,Active
A0A2G2,UniProtKB/TrEMBL,1.0,Active
I3L0R3,UniProtKB/TrEMBL,1.0,Active
O43625,UniProtKB/TrEMBL,2.0,Active
Q9Y3E0,UniProtKB/Swiss-Prot,4.0,Active
V9GZN9,UniProtKB/TrEMBL,2.0,Active
Q6PK37,UniProtKB/TrEMBL,2.0,Active
Q6ZNU3,UniProtKB/TrEMBL,1.0,Active
A0A0J9YY58,UniProtKB/TrEMBL,1.0,Active
Q5JVC2,UniProtKB/TrEMBL,1.0,Active
F8VRD9,UniProtKB/TrEMBL,1.0,Active
Q69YG0,UniProtKB/Swiss-Prot,5.0,Active
B7ZL33,UniProtKB/TrEMBL,1.0,Active
A0A0S2Z5J2,UniProtKB/TrEMBL,1.0,Active
D6RGW5,UniProtKB/TrEMBL,1.0,Active
B4E0P2,UniProtKB/TrEMBL,1.0,Active
A0A1W2PQP9,UniProtKB/TrEMBL,1.0,Active
B5MCI6,UniProtKB/TrEMBL,1.0,Active
Q6ZUT2,UniProtKB/TrEMBL,1.0,Active
B4E1H0,UniProtKB/TrEMBL,1.0,Active
O97980,UniProtKB/Swiss-Prot,5.0,Active
B4DHK7,UniProtKB/TrEMBL,1.0,Active
C9JJW1,UniProtKB/TrEMBL,1.0,Active
Q9NZP3,UniProtKB/TrEMBL,1.0,Active
B4DMD4,UniProtKB/TrEMBL,1.0,Active
L8ECF6,UniProtKB/TrEMBL,1.0,Active
A0A087WXX5,UniProtKB/TrEMBL,2.0,Active
X2C0V0,UniProtKB/TrEMBL,2.0,Active
B3KSW0,UniProtKB/TrEMBL,2.0,Active
Q13697,UniProtKB/TrEMBL,1.0,Active
A0A7I2V3L5,UniProtKB/TrEMBL,2.0,Active
H0YAX7,UniProtKB/TrEMBL,1.0,Active
A0A494BZU4,UniProtKB/Swiss-Prot,2.0,Active
B4DUG7,UniProtKB/TrEMBL,2.0,Active
Q9NRK3,UniProtKB/TrEMBL,1.0,Active
Q96H29,UniProtKB/TrEMBL,2.0,Active
C9JML1,UniProtKB/TrEMBL,2.0,Active
E5RHF9,UniProtKB/TrEMBL,1.0,Active
Q6LDN6,UniProtKB/TrEMBL,1.0,Active
A0A221LEJ3,UniProtKB/TrEMBL,1.0,Active
C6GLT6,UniProtKB/TrEMBL,1.0,Active
I3L0J8,UniProtKB/TrEMBL,1.0,Active
B7ZLF8,UniProtKB/TrEMBL,1.0,Active
B0QYB3,UniProtKB/TrEMBL,1.0,Active
C9JCZ8,UniProtKB/TrEMBL,1.0,Active
H0YLN9,UniProtKB/TrEMBL,1.0,Active
E9PIF0,UniProtKB/TrEMBL,1.0,Active
Q7Z3J5,UniProtKB/TrEMBL,1.0,Active
Q6RA82,UniProtKB/TrEMBL,1.0,Active
D6RCA2,UniProtKB/TrEMBL,1.0,Active
I3L0R8,UniProtKB/TrEMBL,2.0,Active
K7ERW6,UniProtKB/TrEMBL,1.0,Active
Q9UQI5,UniProtKB/TrEMBL,1.0,Active
D2CPK6,UniProtKB/TrEMBL,1.0,Active
H0YDH6,UniProtKB/TrEMBL,1.0,Active
A0A0G2SKE6,UniProtKB/TrEMBL,2.0,Active
A0A2R8YFK8,UniProtKB/TrEMBL,1.0,Active
F4MHK0,UniProtKB/TrEMBL,2.0,Active
Q5JWU1,UniProtKB/TrEMBL,2.0,Active
Q49AH5,UniProtKB/TrEMBL,1.0,Active
Q3KPF8,UniProtKB/TrEMBL,1.0,Active
A0A7I2V5V4,UniProtKB/TrEMBL,2.0,Active
A0A0S2Z3E6,UniProtKB/TrEMBL,2.0,Active
Q5MJ08,UniProtKB/Swiss-Prot,2.0,Active
B4DWJ0,UniProtKB/TrEMBL,1.0,Active
H3BNQ5,UniProtKB/TrEMBL,2.0,Active
Q8IV96,UniProtKB/TrEMBL,1.0,Active
F5H4X4,UniProtKB/TrEMBL,1.0,Active
A0A1W2PS41,UniProtKB/TrEMBL,2.0,Active
A0A087WZ35,UniProtKB/TrEMBL,2.0,Active
A0A3B3ISI8,UniProtKB/TrEMBL,2.0,Active
A0A087WXN3,UniProtKB/TrEMBL,1.0,Active
A0A7P0T836,UniProtKB/TrEMBL,3.0,Active
Q5VVB8,UniProtKB/Swiss-Prot,2.0,Active
B7Z517,UniProtKB/TrEMBL,1.0,Active
J3QLR0,UniProtKB/TrEMBL,2.0,Active
Q5FWF7,UniProtKB/Swiss-Prot,2.0,Active
A0MT07,UniProtKB/TrEMBL,1.0,Active
C9J9Z5,UniProtKB/TrEMBL,1.0,Active
Q1A5X7,UniProtKB/Swiss-Prot,2.0,Active
A0A140GX62,UniProtKB/TrEMBL,1.0,Active
Q6ZQS1,UniProtKB/TrEMBL,2.0,Active
