-logP_Struc,-logP_Contact,dist_sc,con_sc,area_sc,per_con,per_no_con,contact_order,name
0.844159097944054,0.473533048088269,0.794055602169937,0.13469735880508,0.347625200258722,0.197553034845926,0.579360362008004,20.6574803149606,scoring/dir_001/AF-A0A023PID0-F1-model_v4.pdb
0.80000367303059,0.468393010487339,0.76504144401445,0.13916952540324,0.332834137393879,0.21157548385233,0.610623410800432,18.8266129032258,scoring/dir_001/AF-A0A023PJU7-F1-model_v4.pdb
0.500358485409959,0.362602985014113,0.354453814596963,0.0385118454089947,0.825368526962,0.336251969952096,0.779835850709053,3.48192771084337,scoring/dir_001/AF-A0A023PXQ9-F1-model_v4.pdb
0.531521707693736,0.415070241624009,0.431331626277347,0.0442132361113988,0.676360445298309,0.336105601942583,0.804172511172658,3.56118143459916,scoring/dir_001/AF-A0A023PZL2-F1-model_v4.pdb
0.701916403450901,0.536840337176864,0.633505385324246,0.0830985800580325,0.691681202628191,0.307292269687585,0.747924195281208,6.9125,scoring/dir_001/AF-A0A096ZM56-F1-model_v4.pdb
1.00390286724112,0.656631866566303,0.994549405995361,0.198232425859734,0.34443620030451,0.211044553066401,0.47999301691526,24.5673076923077,scoring/dir_001/AF-A0A0B4VJK5-F1-model_v4.pdb
0.822131931559702,0.459558939276875,0.774385342842972,0.125558143940853,0.398768145162692,0.203940173837595,0.5693186663298,12.390977443609,scoring/dir_001/AF-A0A0H3WH82-F1-model_v4.pdb
0.860729691394283,0.477987296695275,0.822913090603336,0.131633539427142,0.39565542696498,0.183396011643841,0.578133051758487,26.0035460992908,scoring/dir_001/AF-A0A0H3WHX1-F1-model_v4.pdb
0.658571022110405,0.37353121009506,0.626803558930361,0.096157773771624,0.311070611743289,0.205530781428629,0.71134066584295,13.4966666666667,scoring/dir_001/AF-A0A0H3WJ69-F1-model_v4.pdb
0.739456538355541,0.377479693655132,0.734639190422568,0.127640076062451,0.281170196928561,0.187301211871481,0.652235265190105,30.1220779220779,scoring/dir_001/AF-A0A0H3WJ97-F1-model_v4.pdb
0.588186926188331,0.358300951897524,0.468268910494722,0.0566842268068886,0.33043452833414,0.246972245156,0.718638752697371,12.8522336769759,scoring/dir_001/AF-A0A0H3WJA9-F1-model_v4.pdb
0.691063333406011,0.389141278880162,0.669692043405116,0.122335696404881,0.388894407215829,0.213495824485397,0.67408436797774,17.0594315245478,scoring/dir_001/AF-A0A0L8R9G1-F1-model_v4.pdb
0.850953868871427,0.436954044930267,0.8353262894342,0.140138814524341,0.261952944957258,0.175883240846855,0.580923466053489,30.2197183098592,scoring/dir_001/AF-A0A0L8R9N6-F1-model_v4.pdb
0.99738967576378,0.591625631084191,0.968437740239936,0.185771189307339,0.431163494226413,0.199525456251635,0.456688847388621,32.7358490566038,scoring/dir_001/AF-A0A0L8R9T0-F1-model_v4.pdb
0.393325468299115,0.281944715791203,0.317725637525965,0.0301331114035961,0.650844969141503,0.29471173518509,0.868665334172028,4.32627118644068,scoring/dir_001/AF-A0A0L8R9U5-F1-model_v4.pdb
0.680967390248456,0.444646251126764,0.614102965204232,0.12054930643306,0.372644007737697,0.278124719607101,0.676090368998541,14.4156378600823,scoring/dir_001/AF-A0A0L8R9W8-F1-model_v4.pdb
0.725435478486892,0.417980038898687,0.689081877763414,0.108078211125999,0.428087356039962,0.208711646317763,0.666486691438997,24.4748201438849,scoring/dir_001/AF-A0A0L8RAE0-F1-model_v4.pdb
1.00166414702546,0.531679519477744,0.95963722235898,0.167718000832537,0.371360161675743,0.167287127235315,0.460251700465667,26.3197115384615,scoring/dir_001/AF-A0A0L8RAE1-F1-model_v4.pdb
0.845810841599523,0.432102981018604,0.778940051524601,0.135818533296007,0.314156300850909,0.185592027268525,0.53360031872983,23.7443438914027,scoring/dir_001/AF-A0A0L8RAF3-F1-model_v4.pdb
0.705692095975137,0.507916995671696,0.305520600383487,0.0673927238583426,0.887262998799997,0.39579988240805,0.610969386504795,3.56578947368421,scoring/dir_001/AF-A0A0L8RAF7-F1-model_v4.pdb
0.810971448217078,0.473509332847638,0.779997322476747,0.14546361667175,0.257726081672305,0.212471021661764,0.611659225996349,22.2250712250712,scoring/dir_001/AF-A0A0L8RAI7-F1-model_v4.pdb
0.466979081659327,0.306133428974253,0.376297626996989,0.0399531083251014,0.564905561718996,0.268489427426232,0.817812325769937,7.60162601626016,scoring/dir_001/AF-A0A0L8RAK2-F1-model_v4.pdb
0.503931694825741,0.321905373005148,0.441894174402224,0.0622703864064945,0.533966141734097,0.255225563930534,0.797169844657385,11.8823529411765,scoring/dir_001/AF-A0A0L8RAQ4-F1-model_v4.pdb
0.745775543778,0.593652701264235,0.66932881095541,0.1373558826872,0.602841427454465,0.378733598178785,0.694564881896691,3.68055555555556,scoring/dir_001/AF-A0A0L8RAW4-F1-model_v4.pdb
0.712490249781333,0.369953443958407,0.599337581680426,0.0908260059772269,0.63002772760755,0.199945946945582,0.628113082212745,14.76,scoring/dir_001/AF-A0A0L8RBC9-F1-model_v4.pdb
1.10462854924378,0.664416884020104,1.06016214805328,0.191665050250839,0.410774377881441,0.182578828172928,0.388045945734917,27.4086956521739,scoring/dir_001/AF-A0A0L8RBF3-F1-model_v4.pdb
0.615831664365345,0.399317876126735,0.552077525536025,0.0820217018776436,0.397146048826603,0.252203356257009,0.746576835709286,11.3242320819113,scoring/dir_001/AF-A0A0L8RBM4-F1-model_v4.pdb
0.938867658001707,0.429529519800077,0.935968085089061,0.164553715336913,0.251920374543598,0.161759128773403,0.540870735420307,47.6791044776119,scoring/dir_001/AF-A0A0L8RBV3-F1-model_v4.pdb
0.851146112844368,0.411487954570623,0.825263235049511,0.146210215970613,0.382579678046826,0.19043067119217,0.552753012051843,29.4800995024876,scoring/dir_001/AF-A0A0L8RBZ3-F1-model_v4.pdb
0.767029945976124,0.438688736467609,0.73318012217641,0.114128637341763,0.397787853341594,0.195553972921586,0.636244853416084,21.6913265306122,scoring/dir_001/AF-A0A0L8RC09-F1-model_v4.pdb
0.488039493322042,0.299119749211878,0.460232639124837,0.0633537951829508,0.354251276454087,0.228823149616882,0.812650306053421,12.1,scoring/dir_001/AF-A0A0L8RC59-F1-model_v4.pdb
1.04591850527445,0.617094924217684,1.01728394708209,0.208460035672737,0.455753870718131,0.193393721832864,0.40354095253637,34.3227665706052,scoring/dir_001/AF-A0A0L8RC65-F1-model_v4.pdb
0.685165586585543,0.355086180754226,0.674270940461512,0.107180478453611,0.235211964946754,0.185421362023237,0.690718906695923,38.8474945533769,scoring/dir_001/AF-A0A0L8RCA2-F1-model_v4.pdb
0.406773094670458,0.310107526612116,0.351920835191175,0.0444596192978637,0.530636056338563,0.343621522298661,0.866448303020165,3.95408163265306,scoring/dir_001/AF-A0A0L8RCC2-F1-model_v4.pdb
0.686975321435445,0.337895791113117,0.663765998267374,0.10108844776218,0.274615013911125,0.173622125477849,0.68531989531547,47.6261467889908,scoring/dir_001/AF-A0A0L8RCG1-F1-model_v4.pdb
0.730716984839884,0.51904832612941,0.53148660654014,0.109983643393206,0.579583848619359,0.334137085325009,0.613764367047602,4.07228915662651,scoring/dir_001/AF-A0A0L8RCG8-F1-model_v4.pdb
1.30271983852344,0.966949689930276,1.16243570982511,0.25071324886008,0.460415484664815,0.218575963093324,0.239337908920129,24.475,scoring/dir_001/AF-A0A0L8RCH0-F1-model_v4.pdb
0.546249126430901,0.350418685772225,0.469480464899793,0.0659950370385598,0.480789340588929,0.253802996801267,0.769314018462247,7.50251256281407,scoring/dir_001/AF-A0A0L8RCL4-F1-model_v4.pdb
1.19376994347008,0.882650074614523,1.05426160571622,0.209303163759955,0.639521864131629,0.213708197500073,0.217517928622314,22.6224489795918,scoring/dir_001/AF-A0A0L8RCM3-F1-model_v4.pdb
0.928988640207107,0.514858467339555,0.912559320892698,0.164036531709062,0.282599465469201,0.189901021879547,0.53257934614709,37.2222222222222,scoring/dir_001/AF-A0A0L8RCV9-F1-model_v4.pdb
0.863330238751999,0.425380902186806,0.82250486693405,0.125866660412169,0.409280740452013,0.163184685504977,0.546319723803559,31.5178997613365,scoring/dir_001/AF-A0A0L8RCW3-F1-model_v4.pdb
0.791162605571371,0.400622400131041,0.791490671283891,0.138867254722991,0.242163680622877,0.178933659705246,0.622378715281514,33.6583333333333,scoring/dir_001/AF-A0A0L8RD48-F1-model_v4.pdb
0.5272697174953,0.328961674571344,0.450136385665033,0.0579809344962636,0.503240508113125,0.235937427026541,0.773072754282079,9.88738738738739,scoring/dir_001/AF-A0A0L8RD95-F1-model_v4.pdb
1.18392621046784,0.80106728667229,1.18224935685126,0.241617893792644,0.290928223793116,0.191737398808703,0.36449870574218,24.2885375494071,scoring/dir_001/AF-A0A0L8RDB7-F1-model_v4.pdb
0.547067107924614,0.325871729709388,0.384108368436827,0.0557989230008837,0.690730054671099,0.264055520434642,0.731346782098031,10.1115879828326,scoring/dir_001/AF-A0A0L8RDD1-F1-model_v4.pdb
0.554290152345155,0.306553837146496,0.469216201536619,0.0789307762857148,0.284119305651151,0.249385224178474,0.738384352022444,20.5966386554622,scoring/dir_001/AF-A0A0L8RDI7-F1-model_v4.pdb
0.815676864654053,0.373444676267984,0.760830992063813,0.11589210690384,0.476204304867256,0.163872625742009,0.567768008623018,29.9983079526227,scoring/dir_001/AF-A0A0L8RDP5-F1-model_v4.pdb
0.731144618368186,0.502057734267142,0.59046423791478,0.134074249614466,0.544588842796826,0.336533616871148,0.599539681550225,4.38709677419355,scoring/dir_001/AF-A0A0L8RDQ6-F1-model_v4.pdb
0.843243762306739,0.408763146332044,0.797974780079174,0.120116663130969,0.447226010106902,0.164141033837881,0.559698193730548,27.1795454545455,scoring/dir_001/AF-A0A0L8RDR4-F1-model_v4.pdb
0.894864306718078,0.47233482964519,0.859710287528744,0.135441100943597,0.352340525845448,0.168597306331229,0.55557462495953,25.0767543859649,scoring/dir_001/AF-A0A0L8RDT0-F1-model_v4.pdb
0.793673374562317,0.483914088218331,0.755797035953629,0.141774637294221,0.305447890502373,0.223398994319081,0.634170825408939,22.5344827586207,scoring/dir_001/AF-A0A0L8RE14-F1-model_v4.pdb
0.624923418927242,0.394675201599518,0.578860497361773,0.104749643021981,0.44152630161489,0.259780113983809,0.723722749490986,9.86231884057971,scoring/dir_001/AF-A0A0L8RE36-F1-model_v4.pdb
0.820697273372011,0.404907272417007,0.799419276053787,0.124766946696545,0.333960390220583,0.166939538657979,0.585458279420605,32.7604166666667,scoring/dir_001/AF-A0A0L8RE55-F1-model_v4.pdb
0.797229064523788,0.360746293758237,0.703171827384372,0.104557698786816,0.60396136443573,0.160249841331188,0.567614640642808,34.7728055077453,scoring/dir_001/AF-A0A0L8RE65-F1-model_v4.pdb
0.44144183838925,0.30449411929372,0.397947786758836,0.0572392725752346,0.411159233506822,0.287263951077718,0.834416339682971,6.93103448275862,scoring/dir_001/AF-A0A0L8REB6-F1-model_v4.pdb
0.488570887321213,0.310666325596593,0.426524358760325,0.0540776501987613,0.524549231618603,0.239732523438017,0.801994788459314,10.11328125,scoring/dir_001/AF-A0A0L8REC5-F1-model_v4.pdb
0.664574999895553,0.426473918943963,0.645883504369297,0.11800995776026,0.377229812394714,0.250974268793169,0.708500110224071,10.724,scoring/dir_001/AF-A0A0L8REF3-F1-model_v4.pdb
0.650570179799936,0.428097195486394,0.112363874822826,0.0280215699430169,0.949468559686205,0.398107197332668,0.668133119676097,3.49565217391304,scoring/dir_001/AF-A0A0L8REI1-F1-model_v4.pdb
0.845953897508593,0.413436616226266,0.801682033440605,0.122100292148649,0.382600902654619,0.167419335240264,0.553384281533535,23.7523364485981,scoring/dir_001/AF-A0A0L8REK3-F1-model_v4.pdb
0.707401651773222,0.475828454721761,0.649529113732867,0.131547599463541,0.576141719579878,0.295904776226999,0.668900103785876,7.33566433566434,scoring/dir_001/AF-A0A0L8REL8-F1-model_v4.pdb
0.890468195252705,0.43580298210207,0.861247851219586,0.137980818181763,0.407473451616035,0.16104660814502,0.533425028720782,35.2728873239437,scoring/dir_001/AF-A0A0L8REQ3-F1-model_v4.pdb
0.668541310965204,0.370570593023353,0.463825092771399,0.0803594204127736,0.42607057878273,0.25748320373577,0.668854391168218,17.1730769230769,scoring/dir_001/AF-A0A0L8RET8-F1-model_v4.pdb
0.894931326336788,0.530758573507285,0.865419733294729,0.157616726929912,0.407883935691971,0.215335176654554,0.539387976210563,19.2,scoring/dir_001/AF-A0A0L8REU5-F1-model_v4.pdb
0.957409111446786,0.476306599711736,0.931936447354912,0.158339889100686,0.38946659757684,0.162132552901515,0.518425063092996,39.0625,scoring/dir_001/AF-A0A0L8RF31-F1-model_v4.pdb
1.10149435105117,0.704641918610701,1.01561190664605,0.181085940404155,0.448046131802925,0.193737177942809,0.396071539461586,21.294498381877,scoring/dir_001/AF-A0A0L8RF80-F1-model_v4.pdb
0.792218936860279,0.422346544680308,0.751930987770221,0.132095427103549,0.258719865683293,0.198140569524194,0.607885585367665,22.907029478458,scoring/dir_001/AF-A0A0L8RFB5-F1-model_v4.pdb
0.847438059144788,0.525363763285021,0.760353299459116,0.111805060301305,0.430576740980427,0.201785206315908,0.638263861287104,17.3824884792627,scoring/dir_001/AF-A0A0L8RFD4-F1-model_v4.pdb
0.742411362405924,0.429552190683436,0.701784147709944,0.111832361310756,0.341299390596804,0.21126983297456,0.649308691416008,15.9115384615385,scoring/dir_001/AF-A0A0L8RFH8-F1-model_v4.pdb
0.921659953389009,0.473755870482533,0.889191859624013,0.150274311833751,0.375561375259886,0.173342104160589,0.522075945165636,36.16,scoring/dir_001/AF-A0A0L8RFN4-F1-model_v4.pdb
0.778406592303152,0.515585570767044,0.62805995696284,0.124302969402875,0.624125606217944,0.280451143346324,0.599595997577482,10.4036144578313,scoring/dir_001/AF-A0A0L8RFP2-F1-model_v4.pdb
0.751377508715354,0.375234799414329,0.702685883140447,0.101612057730385,0.47847502291346,0.171404743390719,0.618087084527315,20.3938053097345,scoring/dir_001/AF-A0A0L8RFR4-F1-model_v4.pdb
0.638896364885721,0.495173837454934,0.552292647531593,0.0945722357938599,0.508896577314312,0.36256257154996,0.747110925945279,3.96875,scoring/dir_001/AF-A0A0L8RFS0-F1-model_v4.pdb
0.912105624059962,0.617625881353732,0.856018408264118,0.182818652176773,0.44756043724746,0.255420261787719,0.545946425202053,15.7709497206704,scoring/dir_001/AF-A0A0L8RG12-F1-model_v4.pdb
0.791915079027081,0.356546088475982,0.776025225033969,0.121855359100406,0.234518856487333,0.164752598683547,0.619211999813757,29.12104283054,scoring/dir_001/AF-A0A0L8RG20-F1-model_v4.pdb
0.637749427564546,0.362453556039865,0.444589551047332,0.0709656946066289,0.622651093208057,0.24843422477381,0.635798750829185,17.2137404580153,scoring/dir_001/AF-A0A0L8RG65-F1-model_v4.pdb
1.01143850608044,0.559098871233736,0.988942176662501,0.167861622687225,0.35792053800092,0.174109831633464,0.464614649452284,27.8534201954397,scoring/dir_001/AF-A0A0L8RG71-F1-model_v4.pdb
1.01534941794803,0.597217672141699,0.928539737422509,0.151732268234338,0.496413002591015,0.180168836818872,0.464914195910345,23.8933333333333,scoring/dir_001/AF-A0A0L8RG75-F1-model_v4.pdb
0.724979257205717,0.573194987925701,0.423779414184294,0.0797519187627031,0.794333117764899,0.401017839272145,0.616565269998458,3.51086956521739,scoring/dir_001/AF-A0A0L8RGA4-F1-model_v4.pdb
0.745489497489429,0.444238495294197,0.704106060336763,0.134338766876731,0.313157404829702,0.233563321820353,0.627658449408417,13.71,scoring/dir_001/AF-A0A0L8RGB9-F1-model_v4.pdb
0.934303759556314,0.512851918606607,0.887453966907475,0.158052340078522,0.37121323919012,0.189497381549493,0.515045904710302,31.7404371584699,scoring/dir_001/AF-A0A0L8RGI7-F1-model_v4.pdb
0.470416919191908,0.316144644224223,0.263473581109429,0.0215612082231093,0.654642969262167,0.3181090106005,0.815526768780878,3.64864864864865,scoring/dir_001/AF-A0A0L8RGJ3-F1-model_v4.pdb
0.657955636462083,0.393505401324985,0.634335385939641,0.108707872574403,0.414801856029325,0.219210365310779,0.699649798688579,21.2584745762712,scoring/dir_001/AF-A0A0L8RGP1-F1-model_v4.pdb
0.766273780122976,0.532446613636953,0.70224620530903,0.142976996611031,0.24819793427977,0.292413838948773,0.657246854324216,13.1428571428571,scoring/dir_001/AF-A0A0L8RGQ0-F1-model_v4.pdb
0.795061540860148,0.385296275835561,0.783165915944443,0.122306673005914,0.352165091154532,0.16773918571281,0.60261626607223,32.4772727272727,scoring/dir_001/AF-A0A0L8RGQ8-F1-model_v4.pdb
0.848563228885818,0.401113396176566,0.820378380579997,0.124463217313761,0.374428616072398,0.16095117566645,0.589613967228965,31.6346801346801,scoring/dir_001/AF-A0A0L8RGT1-F1-model_v4.pdb
0.507288400406241,0.247463110605981,0.460483948381627,0.0688156779949001,0.312139993356199,0.19693879999661,0.752282936822262,22.0708860759494,scoring/dir_001/AF-A0A0L8RGW5-F1-model_v4.pdb
0.979794353670128,0.512090575075234,0.9863355983895,0.19351189604708,0.353591625789156,0.176879651060248,0.475230999629384,45.0625,scoring/dir_001/AF-A0A0L8RGY5-F1-model_v4.pdb
0.627198763636736,0.369149402353956,0.529086405087367,0.0663157362085024,0.497505674789973,0.219423097316502,0.717638330471354,17.4545454545455,scoring/dir_001/AF-A0A0L8RH52-F1-model_v4.pdb
0.801389335982118,0.415636047821288,0.727195917617789,0.110508887766404,0.438261352195601,0.181592955920005,0.583606509146503,19.4764267990074,scoring/dir_001/AF-A0A0L8RHC7-F1-model_v4.pdb
0.814870897775731,0.399506445599734,0.825141398394479,0.145050820100857,0.202880466661071,0.166569818261778,0.611252121208271,59.4582593250444,scoring/dir_001/AF-A0A0L8RHE6-F1-model_v4.pdb
0.512085100186198,0.327777991291921,0.383954522428898,0.0421138765285518,0.618964666518969,0.273924171197691,0.772736131275923,3.80223880597015,scoring/dir_001/AF-A0A0L8RHM0-F1-model_v4.pdb
0.886969317950213,0.496888062851057,0.856432798836896,0.160913748860307,0.453147717611981,0.199598030845406,0.519030116552916,27.75,scoring/dir_001/AF-A0A0L8RHR6-F1-model_v4.pdb
0.787953301874512,0.552297326036488,0.672114459243679,0.108536015599975,0.427151101221115,0.285989260400646,0.602195166096315,5.65217391304348,scoring/dir_001/AF-A0A0L8RI06-F1-model_v4.pdb
0.744188517859322,0.551060018566648,0.592777873486933,0.100118243695057,0.574971016047464,0.326437462847605,0.659762499019483,4.58333333333333,scoring/dir_001/AF-A0A0L8RI08-F1-model_v4.pdb
0.607305336672466,0.363199992603603,0.349889053534116,0.0594633256736277,0.604392048856494,0.299572818137018,0.676114822148522,4.66447368421053,scoring/dir_001/AF-A0A0L8RI75-F1-model_v4.pdb
0.790852737608215,0.417483624523599,0.754200625450735,0.106753626070985,0.443768633844904,0.17664871343501,0.61742023993577,22.3504273504273,scoring/dir_001/AF-A0A0L8RIB5-F1-model_v4.pdb
0.923577650990548,0.562742875693037,0.816046570822945,0.144233133113838,0.42898367822376,0.216970625276697,0.531606084787041,13.3,scoring/dir_001/AF-A0A0L8RID1-F1-model_v4.pdb
0.638015685595069,0.379814174222689,0.620559728252844,0.123060724516523,0.312130078537723,0.244076196852493,0.698005601815986,16.3763440860215,scoring/dir_001/AF-A0A0L8RID2-F1-model_v4.pdb
0.634048530710348,0.318132256055323,0.585256453573163,0.0949481563554164,0.392568156389176,0.196927764039678,0.691663631004507,17.1227678571429,scoring/dir_001/AF-A0A0L8RIE4-F1-model_v4.pdb
0.629175164896996,0.306670938785891,0.573540064181498,0.0817982150122536,0.375829464060089,0.185048066965518,0.716745437783785,21.1228070175439,scoring/dir_001/AF-A0A0L8RIE9-F1-model_v4.pdb
0.535023822697726,0.357244987877698,0.461523125710395,0.0682875629548015,0.396436026144465,0.293299856502086,0.775433070644197,6.35795454545455,scoring/dir_002/AF-A0A0L8RIQ9-F1-model_v4.pdb
0.877887171072939,0.41486118605093,0.859081904511055,0.137098871203168,0.323525583173448,0.154772517333226,0.546461112461479,38.3788395904437,scoring/dir_002/AF-A0A0L8RIT8-F1-model_v4.pdb
0.757742032094646,0.402650624995167,0.687055588540998,0.100586038181007,0.420826381049667,0.190318161725491,0.604316134391502,14.7392996108949,scoring/dir_002/AF-A0A0L8RIY3-F1-model_v4.pdb
1.05188307504187,0.804055949487506,0.989057834196987,0.217267229717357,0.52539680414948,0.283550430009624,0.458713615616128,10.6701030927835,scoring/dir_002/AF-A0A0L8RJ09-F1-model_v4.pdb
0.426438123276223,0.327110689298299,0.31581440003071,0.0416761755426586,0.593763845480568,0.371372599442666,0.831389319658569,3.95,scoring/dir_002/AF-A0A0L8RJ43-F1-model_v4.pdb
0.461135063210065,0.27867842976755,0.417325269617023,0.0488977418569432,0.488855537033377,0.221429126512922,0.817009599641293,9.63203463203463,scoring/dir_002/AF-A0A0L8RJH2-F1-model_v4.pdb
0.701910474535702,0.421143338835021,0.554016777065931,0.0753450035473028,0.680087365660766,0.229262947537465,0.663118094831056,7.70588235294118,scoring/dir_002/AF-A0A0L8RJK3-F1-model_v4.pdb
0.529667721488118,0.42203422577541,0.409138479102888,0.0562653013159197,0.708910983511597,0.390658654595133,0.796335303797891,3.54304635761589,scoring/dir_002/AF-A0A0L8RK40-F1-model_v4.pdb
0.693128874940694,0.437070081450053,0.399721345356405,0.0627266003124148,0.783067565325168,0.295263265146044,0.653911830502482,6.01176470588235,scoring/dir_002/AF-A0A0L8RKB1-F1-model_v4.pdb
0.89894472329008,0.470844983208278,0.899467680423692,0.156873858719474,0.267649145465003,0.172687773204415,0.553402472304891,34.3633720930233,scoring/dir_002/AF-A0A0L8RKG4-F1-model_v4.pdb
1.06010047711302,0.674107583477296,1.05107191878318,0.211221093463198,0.366004118418831,0.207779709682206,0.428339161747855,23.8847926267281,scoring/dir_002/AF-A0A0L8RKR8-F1-model_v4.pdb
1.02348548676215,0.577959307302924,0.983834792965948,0.185459894544367,0.325012622989579,0.181811728893801,0.450175071433928,30.55672823219,scoring/dir_002/AF-A0A0L8RKX8-F1-model_v4.pdb
0.535870574706585,0.415125326045875,0.409196000577857,0.0619755052560139,0.810794834876314,0.394219498637898,0.775865304404111,3.48275862068966,scoring/dir_002/AF-A0A0L8RL08-F1-model_v4.pdb
0.656774315213745,0.333060610920847,0.64458107641409,0.105074812044136,0.342712416041767,0.182962084013568,0.690651095250417,32.5909090909091,scoring/dir_002/AF-A0A0L8RL24-F1-model_v4.pdb
0.911416459982317,0.436112555416284,0.884546016873032,0.141213296431294,0.379877576022239,0.162620350923884,0.537382559886394,36.1103074141049,scoring/dir_002/AF-A0A0L8RL56-F1-model_v4.pdb
0.380568937415254,0.291315667306757,0.316085730152569,0.034978171876162,0.670908589517019,0.340406927678325,0.87085399230614,4.12101910828026,scoring/dir_002/AF-A0A0L8RL69-F1-model_v4.pdb
0.714138810973678,0.364147823709937,0.690954137248132,0.117322750039936,0.297375049695711,0.183554963154537,0.649355215840387,49.8357487922705,scoring/dir_002/AF-A0A0L8RLA0-F1-model_v4.pdb
0.709656141131629,0.357099432916061,0.668533637704366,0.101751138566144,0.298426127963739,0.179654665645262,0.679506218458534,27.2900552486188,scoring/dir_002/AF-A0A0L8RLP4-F1-model_v4.pdb
0.87859994274054,0.439228445893112,0.858750441783219,0.137933176677092,0.351750159328713,0.16306656627446,0.534699441130306,27.4901531728665,scoring/dir_002/AF-A0A0L8RLQ1-F1-model_v4.pdb
0.955086415964297,0.631879640233007,0.892207888839254,0.183273780945757,0.398400117353809,0.247641267650421,0.527263696678545,15.6666666666667,scoring/dir_002/AF-A0A0L8RLR2-F1-model_v4.pdb
0.911644763706201,0.442472188058218,0.882895826293031,0.144821633791007,0.359466391692419,0.163202679574678,0.529150984323198,37.2896081771721,scoring/dir_002/AF-A0A0L8RLW0-F1-model_v4.pdb
0.579697409962425,0.380502455243584,0.53861195632961,0.0835210945217541,0.363283569156421,0.249413337493281,0.768388608330635,7.07594936708861,scoring/dir_002/AF-A0A0L8RLZ6-F1-model_v4.pdb
1.22228823202152,0.921881614613448,1.04994033560632,0.208661865969632,0.416571965718323,0.2330265730913,0.289430175537277,11.5,scoring/dir_002/AF-A0A0L8RM21-F1-model_v4.pdb
0.513934502079223,0.359083234831401,0.325893699234527,0.0545828920907834,0.707432949456273,0.348295511454269,0.769991779642961,3.59,scoring/dir_002/AF-A0A0L8RM32-F1-model_v4.pdb
0.653342719767828,0.499021510746776,0.585236294305788,0.0883298446538392,0.38764696482489,0.306045635687788,0.769855811446246,6.70769230769231,scoring/dir_002/AF-A0A0L8RM37-F1-model_v4.pdb
0.470445768697407,0.284787962629634,0.441195348300163,0.0649607026580446,0.35839815366923,0.230038787347999,0.814936384836611,21.4347826086956,scoring/dir_002/AF-A0A0L8RM38-F1-model_v4.pdb
0.781443402732092,0.38238280841319,0.751416721598737,0.10549676002241,0.357274573200613,0.159736019320678,0.606145810277539,34.9807228915663,scoring/dir_002/AF-A0A0L8RM69-F1-model_v4.pdb
0.67421864229641,0.347634713401278,0.626557826149143,0.10556756017331,0.39560352187287,0.207259466447755,0.654644454474911,19.4542586750789,scoring/dir_002/AF-A0A0L8RMB4-F1-model_v4.pdb
0.517476727739193,0.37133821432059,0.452687820110827,0.0678778388419716,0.355717553590702,0.307467722007419,0.808943228136909,7.12765957446809,scoring/dir_002/AF-A0A0L8RMG3-F1-model_v4.pdb
0.866973355642321,0.452752837788298,0.801395744837643,0.124050423307172,0.230509003364223,0.182286935717318,0.556203430285882,24.1645244215938,scoring/dir_002/AF-A0A0L8RMH9-F1-model_v4.pdb
0.652011251181864,0.411970309935497,0.622790279586659,0.0957517041781342,0.389761403085886,0.21910829287121,0.73319175541357,18.6218487394958,scoring/dir_002/AF-A0A0L8RMQ7-F1-model_v4.pdb
0.646719878165802,0.509884599104156,0.496064966826113,0.0607985319640959,0.805554158030048,0.382483074078195,0.78527023473493,3.59701492537313,scoring/dir_002/AF-A0A0L8RMU6-F1-model_v4.pdb
0.892639444507908,0.399570102934283,0.901680245417737,0.158004172586829,0.273726148954809,0.153733770429549,0.550422950422119,53.9295774647887,scoring/dir_002/AF-A0A0L8RN71-F1-model_v4.pdb
0.40969212410125,0.32029139397352,0.362707306098515,0.0382403573325103,0.560165303598013,0.326015557108895,0.886905096625829,4.44067796610169,scoring/dir_002/AF-A0A0L8RN96-F1-model_v4.pdb
0.57800466416911,0.442180337395731,0.390068754800934,0.056896053938597,0.775543029367158,0.390483672560051,0.767587574253916,3.54310344827586,scoring/dir_002/AF-A0A0L8RNA1-F1-model_v4.pdb
0.469692292319998,0.290742766983034,0.434877125886323,0.0592199227610059,0.448730098611968,0.239605564082104,0.814494662998459,18.3796992481203,scoring/dir_002/AF-A0A0L8RNG1-F1-model_v4.pdb
1.035790408292,0.671126234801772,0.953786099377946,0.165381601180241,0.366284363722405,0.199938693030622,0.464927942793634,26.3452380952381,scoring/dir_002/AF-A0A0L8RNG5-F1-model_v4.pdb
0.569520169306734,0.305250000316538,0.513785615050374,0.0788863696452281,0.381929213477248,0.2189394407578,0.722258922479934,15.6465256797583,scoring/dir_002/AF-A0A0L8RNK5-F1-model_v4.pdb
0.504314056561644,0.254286355986847,0.430398829628872,0.0593694755552694,0.375366593552487,0.217088615124326,0.770435897337799,13.7742718446602,scoring/dir_002/AF-A0A0L8RNK7-F1-model_v4.pdb
0.973041051505574,0.669453791053063,0.886311177857016,0.165261687132718,0.63397944480045,0.248420719688788,0.469555760042174,9.35087719298246,scoring/dir_002/AF-A0A0L8RNL7-F1-model_v4.pdb
0.529110615313624,0.315781847022725,0.389504562785987,0.0572560888741439,0.776254176856948,0.254501005756121,0.750682200281339,7.30097087378641,scoring/dir_002/AF-A0A0L8RNV0-F1-model_v4.pdb
0.559931716976811,0.281700921625607,0.510215571979838,0.0709832064642808,0.417947511074319,0.189398168160876,0.736655609662421,24.192118226601,scoring/dir_002/AF-A0A0L8RNX0-F1-model_v4.pdb
0.733088206821705,0.469954655538108,0.619786868125209,0.109210794618291,0.389794761311669,0.259053640838374,0.646445589103234,9.20975609756098,scoring/dir_002/AF-A0A0L8RNZ8-F1-model_v4.pdb
0.566278350750996,0.439296827909577,0.466304007870259,0.0518987656776235,0.648790413925654,0.340621289944217,0.811741174674078,3.90196078431372,scoring/dir_002/AF-A0A0L8RP04-F1-model_v4.pdb
0.674842021186579,0.324526818853151,0.64893344258649,0.106201074739701,0.351495705125824,0.179363092005418,0.675344073953411,30.2280701754386,scoring/dir_002/AF-A0A0L8RP25-F1-model_v4.pdb
0.595771814906836,0.347525298512012,0.545765858917031,0.077984814718051,0.501553128731459,0.21466402606277,0.768550951819779,19.8891966759003,scoring/dir_002/AF-A0A0L8RPA7-F1-model_v4.pdb
0.658864013797689,0.341824092600645,0.608633167295407,0.0899668588887415,0.471665035712466,0.185415529597825,0.691643326433911,23.7169312169312,scoring/dir_002/AF-A0A0L8RPH0-F1-model_v4.pdb
0.609163010503308,0.464750528592333,0.53816742024538,0.0851300495318252,0.578407895162775,0.343320832181824,0.771671567074085,4.04605263157895,scoring/dir_002/AF-A0A0L8RPI3-F1-model_v4.pdb
0.740358565939482,0.367702098147661,0.697023042815025,0.117401910758185,0.387274530476243,0.190082057884083,0.620664781924095,19.2552204176334,scoring/dir_002/AF-A0A0L8RPL5-F1-model_v4.pdb
0.784164433651587,0.425891286701625,0.743921919061365,0.133106035781192,0.304606368921897,0.201068397370629,0.628144192050222,15.6162790697674,scoring/dir_002/AF-A0A0L8RPN3-F1-model_v4.pdb
0.782194750555922,0.373272367824918,0.718236137475062,0.102698958168707,0.519800715631363,0.163674021222629,0.587193323009137,37.7690909090909,scoring/dir_002/AF-A0A0L8RQ33-F1-model_v4.pdb
0.955440692522486,0.512178812569862,0.927640381115203,0.158406518565374,0.321781190905807,0.175521559264732,0.497351998766775,28.2770083102493,scoring/dir_002/AF-A0A0L8RQ44-F1-model_v4.pdb
0.467245446049684,0.298633712750953,0.367772886142652,0.0532825561714807,0.583197157016433,0.294459539358632,0.795508625305286,5.91228070175439,scoring/dir_002/AF-A0A0L8RQ51-F1-model_v4.pdb
0.973418691104695,0.599245079885147,0.908178416055066,0.162526803008185,0.474857687591204,0.198259941184569,0.50097802606761,22.2745098039216,scoring/dir_002/AF-A0A0L8RQ72-F1-model_v4.pdb
1.00031854973175,0.528605719095282,0.962720826215758,0.182390063419212,0.388595851066654,0.188786336391883,0.457601292420418,26.4282238442822,scoring/dir_002/AF-A0A0L8VFK8-F1-model_v4.pdb
0.410804394069358,0.269975514703395,0.312881771184059,0.0303724995092056,0.640050766049492,0.275112227933955,0.837140686624442,4.23701298701299,scoring/dir_002/AF-A0A0L8VG14-F1-model_v4.pdb
0.587326291236819,0.321174669586932,0.562472038292661,0.0967955706943371,0.277128148287107,0.212094598491877,0.733303035617257,20.0641891891892,scoring/dir_002/AF-A0A0L8VG16-F1-model_v4.pdb
1.02241640180759,0.509770688604811,1.01064484551707,0.175796098293801,0.342193108635549,0.16824809912029,0.454486083869662,28.0927643784787,scoring/dir_002/AF-A0A0L8VG27-F1-model_v4.pdb
0.785867505350164,0.396536151851381,0.768274600194638,0.126006310959319,0.281705640126268,0.179822320346015,0.635375918675077,35.5112612612613,scoring/dir_002/AF-A0A0L8VG50-F1-model_v4.pdb
0.619731564891457,0.439562642358795,0.583102328424964,0.11256387917281,0.419498035730092,0.304170465138402,0.748397454066599,8.71980676328503,scoring/dir_002/AF-A0A0L8VG53-F1-model_v4.pdb
0.792189681841433,0.356546050500905,0.783943422010309,0.130392351003293,0.234755189850536,0.162950682397143,0.610114368974417,27.6188747731397,scoring/dir_002/AF-A0A0L8VGB0-F1-model_v4.pdb
1.03081411065138,0.584443553493222,0.958667682920546,0.174365222655633,0.415913433198845,0.187919049483932,0.443827664008402,31.1488764044944,scoring/dir_002/AF-A0A0L8VGQ9-F1-model_v4.pdb
0.514651436185438,0.356214049534452,0.28081344655813,0.0559584493467204,0.883116035273584,0.377421422316574,0.770922321064641,3.51851851851852,scoring/dir_002/AF-A0A0L8VGV5-F1-model_v4.pdb
0.810636331812486,0.510514308568562,0.780544048707853,0.150984779631201,0.333698496038993,0.237169032904629,0.618273781899048,13.071129707113,scoring/dir_002/AF-A0A0L8VH40-F1-model_v4.pdb
0.724441421215044,0.34630764569548,0.704779813314544,0.104188752416874,0.311096112854806,0.17090904109757,0.67133295315697,40.958742632613,scoring/dir_002/AF-A0A0L8VH46-F1-model_v4.pdb
0.681039499301617,0.371346319647974,0.602741218038192,0.0840622610370583,0.472686714366478,0.198307877868625,0.682721107770558,14.4957020057307,scoring/dir_002/AF-A0A0L8VH67-F1-model_v4.pdb
1.23730376172583,0.918681499365329,1.22672894579011,0.301110770467095,0.319317323212523,0.238073624545747,0.335118380386814,22.158940397351,scoring/dir_002/AF-A0A0L8VH73-F1-model_v4.pdb
0.826483970334259,0.410857760299136,0.793696158388952,0.11640355681745,0.412544574250592,0.165347155999337,0.566434372457036,22.9216216216216,scoring/dir_002/AF-A0A0L8VH74-F1-model_v4.pdb
1.01496202885546,0.714580330055008,0.844119455583686,0.172453647823503,0.686458666782186,0.25691854111809,0.418344699171116,13.98,scoring/dir_002/AF-A0A0L8VHE1-F1-model_v4.pdb
1.06698477655116,0.616872554703754,1.00907361981079,0.179230198032418,0.507100463987907,0.176990131856978,0.382058327659276,22.6280193236715,scoring/dir_002/AF-A0A0L8VHL3-F1-model_v4.pdb
0.497228124162579,0.339380601992161,0.43311499807939,0.0576074662920529,0.435241390050956,0.277169166207886,0.813690135908654,6.08636363636364,scoring/dir_002/AF-A0A0L8VHV0-F1-model_v4.pdb
0.688149378892079,0.37831320419955,0.668460419613534,0.105775634130175,0.346772654053974,0.196071201276708,0.702487121957769,22.9050445103858,scoring/dir_002/AF-A0A0L8VHW8-F1-model_v4.pdb
0.433301864403864,0.315434254107828,0.396049141964673,0.0512603785256238,0.555407656341486,0.283269753928804,0.858419350331531,10.6455026455026,scoring/dir_002/AF-A0A0L8VI18-F1-model_v4.pdb
0.90349413186646,0.432006399185862,0.89568704194707,0.150508796286645,0.237003138017978,0.163953943106103,0.557423979020576,34.3714285714286,scoring/dir_002/AF-A0A0L8VI19-F1-model_v4.pdb
0.943931924578746,0.519419623068034,0.884091091785307,0.151291685929717,0.30175489974023,0.181510660981054,0.528889914153638,27.4257425742574,scoring/dir_002/AF-A0A0L8VI43-F1-model_v4.pdb
0.513257229268379,0.311954461018965,0.474390457362894,0.0676980265498323,0.458656460559768,0.231223393396899,0.783803766041293,13.4778554778555,scoring/dir_002/AF-A0A0L8VIA3-F1-model_v4.pdb
0.826233875626593,0.649898364502202,0.65222548103056,0.0675516584627055,0.717378597036297,0.301838056179099,0.692823842265159,4.15151515151515,scoring/dir_002/AF-A0A0L8VIC5-F1-model_v4.pdb
0.715911451594122,0.378779361700785,0.57753043832982,0.0922954274393604,0.410871159888705,0.239850477485875,0.643772589338542,18.626334519573,scoring/dir_002/AF-A0A0L8VIF6-F1-model_v4.pdb
0.819863502357182,0.49063851667614,0.807016782186081,0.148429393251381,0.364668965456688,0.210938070468775,0.610089657624263,24.8215962441315,scoring/dir_002/AF-A0A0L8VIG0-F1-model_v4.pdb
0.917365072843701,0.510513246415322,0.866578599900029,0.153226350808719,0.377973146843141,0.188282209227989,0.505941192093926,18.2072727272727,scoring/dir_002/AF-A0A0L8VII7-F1-model_v4.pdb
0.517802318026545,0.303079909241819,0.453550664943974,0.0874768311512933,0.37199936659781,0.261410349164629,0.758287177926351,12.3658536585366,scoring/dir_002/AF-A0A0L8VIW1-F1-model_v4.pdb
0.959377515839199,0.637630367220892,0.909860472120841,0.162661574468056,0.46102139938576,0.214225869249544,0.504594607921111,15.9207317073171,scoring/dir_002/AF-A0A0L8VIX9-F1-model_v4.pdb
0.868400868425285,0.417793497510116,0.790787091558464,0.125377654490497,0.549107827936197,0.163156367654477,0.536535737348432,36.9913194444444,scoring/dir_002/AF-A0A0L8VJI3-F1-model_v4.pdb
0.758473282648791,0.356955275404835,0.744800005436942,0.118367616413671,0.336645467919139,0.173526398225446,0.626870728343739,36.9194915254237,scoring/dir_002/AF-A0A0L8VJN1-F1-model_v4.pdb
0.31447708644297,0.231988024724152,0.205264513631956,0.0233659991839746,0.810044355356129,0.384353021018171,0.879931502760027,3.51807228915663,scoring/dir_002/AF-A0A0L8VJR1-F1-model_v4.pdb
0.582094449388094,0.327328734090694,0.476031991926898,0.0741297979846297,0.454519950783942,0.246390256328316,0.742417940801247,15.6342857142857,scoring/dir_002/AF-A0A0L8VJR5-F1-model_v4.pdb
0.866331793665164,0.421516833351591,0.846031586255551,0.131942231758363,0.373114906383917,0.163587717831238,0.555938705167685,27.8211920529801,scoring/dir_002/AF-A0A0L8VKC6-F1-model_v4.pdb
0.800403422941599,0.352718138521371,0.767910247662971,0.113292795074743,0.380965818277861,0.157237489132874,0.582050783590852,32.5092250922509,scoring/dir_002/AF-A0A0L8VKJ5-F1-model_v4.pdb
0.472375098041768,0.300089809469558,0.43760568119043,0.0600765949921872,0.38494725970221,0.240441354508178,0.816363832570791,12.4176470588235,scoring/dir_002/AF-A0A0L8VKL6-F1-model_v4.pdb
0.815226153097673,0.460966782298813,0.74909092595873,0.114498169173074,0.360923553893796,0.196691419873484,0.635416143322862,16.0471698113208,scoring/dir_002/AF-A0A0L8VKM8-F1-model_v4.pdb
0.385938388396495,0.242122810118606,0.288237726450905,0.0380614802211908,0.522130046550237,0.293543837721792,0.842666117137074,6.68059701492537,scoring/dir_002/AF-A0A0L8VKP0-F1-model_v4.pdb
0.846711522230074,0.437324893190262,0.82285350356188,0.130605146451321,0.253250125644454,0.175432149689201,0.574778419959321,21.9459459459459,scoring/dir_002/AF-A0A0L8VKT8-F1-model_v4.pdb
0.783861479050736,0.362176619262169,0.760191498325052,0.11957010753268,0.419954131186532,0.16423173295101,0.599820434982778,33.3931623931624,scoring/dir_002/AF-A0A0L8VKX5-F1-model_v4.pdb
0.794270427640945,0.602558953966146,0.720555316029904,0.0941424849316354,0.496082934414783,0.271260425720463,0.692175528288898,4.81720430107527,scoring/dir_002/AF-A0A0L8VL99-F1-model_v4.pdb
0.665220289554677,0.478727612642019,0.533091000073454,0.0915031237560086,0.609778960742221,0.358193448373224,0.768654829511263,3.78350515463918,scoring/dir_002/AF-A0A0L8VLA0-F1-model_v4.pdb
0.952774801891987,0.611128422519267,0.869400573481058,0.159611139107922,0.466976521614396,0.22193735258356,0.452072164218115,12.0379746835443,scoring/dir_002/AF-A0A0L8VLC9-F1-model_v4.pdb
1.04098715919555,0.573685257865096,1.00485158639598,0.187551406037092,0.346209356771286,0.177468976328702,0.457132774369219,34.6531791907514,scoring/dir_002/AF-A0A0L8VLL5-F1-model_v4.pdb
0.522671493030369,0.405508249527015,0.26410508370276,0.024568159309474,0.912198061752762,0.399969032860539,0.789183825713659,3.49732620320856,scoring/dir_002/AF-A0A0L8VLT8-F1-model_v4.pdb
0.917467052107541,0.531493858007678,0.88531910085511,0.158132883309214,0.344219093461241,0.195208540739778,0.538592928547013,29.8306709265176,scoring/dir_002/AF-A0A0L8VM38-F1-model_v4.pdb
0.760359138103434,0.433634261203345,0.731891726777052,0.127308723178628,0.344094106191546,0.209049215915477,0.630716735456811,16.9668674698795,scoring/dir_002/AF-A0A0L8VM44-F1-model_v4.pdb
0.871289558108032,0.483719910525137,0.839497686750755,0.155122075283847,0.375549488176128,0.194702801032553,0.554173218891745,32.7591036414566,scoring/dir_003/AF-A0A0L8VM83-F1-model_v4.pdb
0.662846616047984,0.348966438947602,0.641274655003395,0.0926906032742813,0.33690781682169,0.186482931125588,0.697753907684563,25.6908517350158,scoring/dir_003/AF-A0A0L8VMA3-F1-model_v4.pdb
0.426741625730097,0.262544410880593,0.384941356538229,0.0529506245447614,0.342355832818702,0.250442525538271,0.826179419667615,11.8126801152738,scoring/dir_003/AF-A0A0L8VME9-F1-model_v4.pdb
0.656980611791167,0.523128876955873,0.603981416467214,0.102118121560633,0.460084106939142,0.37172147284229,0.777900980600034,4.32592592592593,scoring/dir_003/AF-A0A0L8VMI9-F1-model_v4.pdb
0.740447557406857,0.398404406482773,0.722318725620855,0.126935738390988,0.332931669699596,0.206909011104953,0.638608967859535,21.3333333333333,scoring/dir_003/AF-A0A0L8VMM4-F1-model_v4.pdb
0.980537014006989,0.586987062331293,0.901157409696449,0.167127769810537,0.332253286349804,0.210868984938783,0.479031041548176,21.6129032258064,scoring/dir_003/AF-A0A0L8VN02-F1-model_v4.pdb
0.722961223179585,0.429060492776492,0.597290646391387,0.0812085266188098,0.53245567531625,0.224167531801162,0.637686431119814,12.6079136690647,scoring/dir_003/AF-A0A0L8VN43-F1-model_v4.pdb
0.983320358771322,0.537696079166953,0.974892454905966,0.183456330182585,0.372360209579848,0.176399938098495,0.466101749815299,29.8515815085158,scoring/dir_003/AF-A0A0L8VN44-F1-model_v4.pdb
0.815276815008214,0.382755052724699,0.782546939682793,0.118826955523948,0.366792712831141,0.155705751054056,0.600649051465904,44.3308823529412,scoring/dir_003/AF-A0A0L8VN53-F1-model_v4.pdb
0.646106016505982,0.372293668975812,0.548038844356823,0.0914659633308799,0.332405212996088,0.243398380312412,0.691436622061598,11.2162162162162,scoring/dir_003/AF-A0A0L8VND4-F1-model_v4.pdb
0.310562476781632,0.210976250737148,0.092180642539843,0.0081907649890225,0.963265553481035,0.392492727221295,0.870360711743702,3.4984126984127,scoring/dir_003/AF-A0A0L8VNF3-F1-model_v4.pdb
0.475354231483754,0.281052613672004,0.447711034372513,0.0620483609459693,0.514055601406734,0.209628042713765,0.806597268697131,24.9102564102564,scoring/dir_003/AF-A0A0L8VNQ3-F1-model_v4.pdb
1.12898380525253,0.718465223928036,1.05038978179562,0.196738923454933,0.481195263968472,0.190593057422284,0.356742526511935,27.8339622641509,scoring/dir_003/AF-A0A0L8VNR8-F1-model_v4.pdb
0.384688388761488,0.295504849960666,0.288203681124266,0.0348503644146373,0.791210922582912,0.382479876715309,0.865462591023962,3.49261083743842,scoring/dir_003/AF-A0A0L8VNS4-F1-model_v4.pdb
0.632582396161157,0.363587774535786,0.577802013823393,0.089254906212003,0.400176865826557,0.217719061143584,0.717855609609815,12.6818181818182,scoring/dir_003/AF-A0A0L8VNU7-F1-model_v4.pdb
0.753059526182479,0.418521784855488,0.741245746232711,0.127676033620483,0.293792073032482,0.19325275430821,0.647559447438649,25.469387755102,scoring/dir_003/AF-A0A0L8VNW3-F1-model_v4.pdb
0.332425984535615,0.241034240303947,0.244115187381741,0.0246932922630973,0.816631873687673,0.328202841321981,0.877972533473542,3.94014084507042,scoring/dir_003/AF-A0A0L8VNX4-F1-model_v4.pdb
0.756179507981388,0.413110801361025,0.714770882290311,0.115367243190778,0.43294509870494,0.195424465434583,0.618756164142825,24.1233243967828,scoring/dir_003/AF-A0A0L8VP20-F1-model_v4.pdb
0.960069095081245,0.568041463046012,0.912499636678877,0.166918084803461,0.411310517205501,0.19441695429072,0.48959863531967,26.4065934065934,scoring/dir_003/AF-A0A0L8VPC0-F1-model_v4.pdb
0.474825389612456,0.381913873841625,0.323359643855644,0.0310207745167077,0.824000013761173,0.389635486861982,0.822094234475795,3.49246231155779,scoring/dir_003/AF-A0A0L8VPF3-F1-model_v4.pdb
0.834267153542496,0.590934054058215,0.738536070316666,0.134555190256285,0.725989884482365,0.279118795405818,0.598796214723384,12.7234042553191,scoring/dir_003/AF-A0A0L8VPG4-F1-model_v4.pdb
0.57896168622908,0.342982293927176,0.518382159084527,0.0726566474844672,0.485256388274599,0.232499085550066,0.739150563362128,9.70863309352518,scoring/dir_003/AF-A0A0L8VPG6-F1-model_v4.pdb
0.723615735299581,0.485958858777627,0.686667476765642,0.123853939295389,0.488629417309144,0.25983560361206,0.671225831990042,31.3118279569892,scoring/dir_003/AF-A0A0L8VPH2-F1-model_v4.pdb
0.658887167077892,0.454464150483494,0.423908858208076,0.0669078461117882,0.62979374995699,0.318443291690522,0.694681560936067,4.41618497109827,scoring/dir_003/AF-A0A0L8VPI8-F1-model_v4.pdb
1.11323162822524,0.695069747064066,0.935594026407746,0.170620331426117,0.65528467762009,0.188112115406941,0.335089120213987,25.951768488746,scoring/dir_003/AF-A0A0L8VPU3-F1-model_v4.pdb
0.624265860335615,0.467072954952764,0.540318055626301,0.0734933869133669,0.558040707469162,0.322040415035825,0.76307682815104,4.57258064516129,scoring/dir_003/AF-A0A0L8VQ35-F1-model_v4.pdb
1.14555907753929,0.747379004595947,1.12714236969422,0.232964611899031,0.337615357273672,0.199978173453474,0.366863014603866,23.7218309859155,scoring/dir_003/AF-A0A0L8VQ75-F1-model_v4.pdb
1.09642106638855,0.746783091309845,0.895761862826428,0.179231132774524,0.41374377097467,0.22627513067502,0.393834928082182,18.6742081447964,scoring/dir_003/AF-A0A0L8VQD1-F1-model_v4.pdb
0.865966322862106,0.445315666263052,0.825698224645278,0.136238095628382,0.357797933837629,0.174714312397246,0.566172372725231,33.2453703703704,scoring/dir_003/AF-A0A0L8VQK5-F1-model_v4.pdb
0.993136953948388,0.509868756090728,0.981005924454914,0.173654516255145,0.305879880691946,0.173184012232463,0.475243572581534,25.3351063829787,scoring/dir_003/AF-A0A0L8VQU4-F1-model_v4.pdb
0.737342073687739,0.481361712034258,0.624959120704121,0.0922793488719686,0.401970960095462,0.253053438189208,0.668967976513645,7.57692307692308,scoring/dir_003/AF-A0A0L8VR64-F1-model_v4.pdb
0.817181411059775,0.496504046254121,0.777490388476308,0.14088801493586,0.45493228778488,0.231717443429907,0.614775198887121,19.1314285714286,scoring/dir_003/AF-A0A0L8VRN7-F1-model_v4.pdb
0.850365780148947,0.39150884292788,0.83920684371357,0.142506638095646,0.325918634027262,0.165535646414405,0.565964666173817,30.8589743589744,scoring/dir_003/AF-A0A0L8VRW9-F1-model_v4.pdb
0.98464515993604,0.537002289046283,0.946643870909209,0.158648328511483,0.414382658741044,0.177260086510371,0.459231551836063,25.0796460176991,scoring/dir_003/AF-A0A0L8VS18-F1-model_v4.pdb
0.545099097685697,0.416278344726422,0.494411800469823,0.0568025342366266,0.57567286421141,0.307299549381262,0.834123108165105,4.54545454545455,scoring/dir_003/AF-A0A0L8VS21-F1-model_v4.pdb
0.90908291560771,0.448082060761524,0.869539200567631,0.135604116349181,0.290286726758141,0.166608429770109,0.543993898981061,27.7097457627119,scoring/dir_003/AF-A0A0L8VS41-F1-model_v4.pdb
0.894643258013585,0.431462901707028,0.832721326679429,0.136410975696664,0.414398613415268,0.170574695200422,0.55066347085438,32.8905109489051,scoring/dir_003/AF-A0A0L8VSA9-F1-model_v4.pdb
0.501432362832492,0.288927653822489,0.469892375704737,0.0711607142635419,0.288728246181742,0.221959858364622,0.795388416374125,19.1638888888889,scoring/dir_003/AF-A0A0L8VSH9-F1-model_v4.pdb
0.892841064198053,0.44897729426322,0.863634219744125,0.14257444011817,0.345357961202061,0.172170575585721,0.539761985955926,24.9373601789709,scoring/dir_003/AF-A0A0L8VSJ4-F1-model_v4.pdb
0.664848261352734,0.521648769358502,0.380153894036294,0.0440754204708649,0.852247382810377,0.395762534454231,0.708913069679531,3.53389830508475,scoring/dir_003/AF-A0A0L8VSM3-F1-model_v4.pdb
0.804489657259176,0.594496510649128,0.76235446139461,0.129083610600895,0.586379046331202,0.275588091585588,0.683731915105954,14.0294117647059,scoring/dir_003/AF-A0A0L8VST0-F1-model_v4.pdb
0.829551574905293,0.441937736080535,0.832882265171626,0.145236291862511,0.249431807179223,0.176235643967304,0.599705224223365,29.9861111111111,scoring/dir_003/AF-A0A0L8VSX4-F1-model_v4.pdb
0.563207566294559,0.317729956840377,0.54766352629418,0.092098973817117,0.350500101997145,0.212982135219004,0.758241619585395,12.4223918575064,scoring/dir_003/AF-A0A0L8VSZ5-F1-model_v4.pdb
0.814445066027889,0.405703204310223,0.784019466032357,0.14767416166809,0.21641013017317,0.196251947073889,0.582297097077871,21.1546961325967,scoring/dir_003/AF-A0A0L8VSZ9-F1-model_v4.pdb
0.723093057306733,0.342451416192652,0.691264589950761,0.102111402327619,0.297323458539384,0.167370968812456,0.659146608225222,22.9791666666667,scoring/dir_003/AF-A0A0L8VT18-F1-model_v4.pdb
0.899617806798813,0.441060673972473,0.847134674111715,0.142702025317776,0.483044945767066,0.174704641277773,0.522529238566475,25.9809069212411,scoring/dir_003/AF-A0A0L8VT48-F1-model_v4.pdb
0.483344007277344,0.304234212101716,0.320320850554219,0.0425078071249437,0.523131479911901,0.285927744450897,0.779463529159148,11.0699300699301,scoring/dir_003/AF-A0A0L8VTJ3-F1-model_v4.pdb
0.63136904224316,0.481966152821804,0.470597388943927,0.0463388850875145,0.69749152342743,0.319345035804985,0.749279221774675,3.77777777777778,scoring/dir_003/AF-A0A0L8VTS2-F1-model_v4.pdb
0.854131284640595,0.541891111011864,0.832796432218915,0.16359784797556,0.28903950945967,0.233871367037418,0.585860647664766,17.3445692883895,scoring/dir_003/AF-A0A0L8VUC3-F1-model_v4.pdb
0.805967380655509,0.391529867620965,0.792805006343485,0.134073653676657,0.393639817809411,0.173169584869094,0.603744202549348,54.0952380952381,scoring/dir_003/AF-A0A0L8VUK3-F1-model_v4.pdb
0.484507155158747,0.326898041177038,0.376075171063092,0.0486684064128076,0.601947533309562,0.298264094999665,0.79427718387894,5.90557939914163,scoring/dir_003/AF-A0A0L8VUK5-F1-model_v4.pdb
0.647518033436989,0.403422368586479,0.550542886963219,0.0870194489533238,0.394696586786125,0.265893127300152,0.701330765717109,10.9442231075697,scoring/dir_003/AF-A0A0L8VUP6-F1-model_v4.pdb
0.602584547107886,0.37429676868266,0.517616708793344,0.068259981359325,0.491232699525271,0.231257138256414,0.754867368227232,14.3388157894737,scoring/dir_003/AF-A0A0L8VUZ5-F1-model_v4.pdb
0.839912398532541,0.389487637202842,0.789593174477446,0.120025620912088,0.531078820359817,0.161599030995361,0.54728002937097,39.1746641074856,scoring/dir_003/AF-A0A0L8VVB2-F1-model_v4.pdb
0.909453848158195,0.418872522301369,0.873543082199821,0.140251889257061,0.38898609905602,0.155924173493067,0.518980123808631,41.4387947269303,scoring/dir_003/AF-A0A0L8VVC2-F1-model_v4.pdb
1.11984593431889,0.709209816850902,0.905528769683241,0.147235516052738,0.568157645536663,0.189666604231054,0.350244374944511,14.3706563706564,scoring/dir_003/AF-A0A0L8VVD0-F1-model_v4.pdb
0.769772964318647,0.477852064027792,0.706729117358383,0.117291534146033,0.478040382898347,0.22321450996036,0.643601713321322,17.7302325581395,scoring/dir_003/AF-A0A0L8VVR4-F1-model_v4.pdb
0.6496723658182,0.342797222340575,0.59998613217866,0.0894592631734638,0.47945952241926,0.187108478194475,0.700881120338409,24.6595744680851,scoring/dir_003/AF-A0A0L8VVR6-F1-model_v4.pdb
0.599798669798227,0.306428032684106,0.594678266290535,0.105816877099892,0.258587490922212,0.191097044388259,0.723775279517581,41.9810874704492,scoring/dir_003/AF-A0A0L8VVT8-F1-model_v4.pdb
1.1115419295638,0.736062434624714,0.925385140223228,0.189997605105922,0.703221676160506,0.218815316505972,0.343001764971175,19.3883495145631,scoring/dir_003/AF-A0A0L8VW27-F1-model_v4.pdb
0.648823692917958,0.334207205235743,0.621917201734466,0.0907011226822605,0.356329250739751,0.179893796098474,0.689663936393395,15.4491228070175,scoring/dir_003/AF-A0A0L8VW85-F1-model_v4.pdb
0.842368313129555,0.632978429402185,0.796976730945397,0.143537601213154,0.338321765461668,0.288568190748574,0.674251234102647,7.65168539325843,scoring/dir_003/AF-A0A0L8VWJ3-F1-model_v4.pdb
0.743473002374588,0.376558206475333,0.717438793440387,0.118036789187756,0.251032358189712,0.198071788828799,0.649224016560658,20.3808411214953,scoring/dir_003/AF-A0A0N6X227-F1-model_v4.pdb
0.640622313574804,0.309539131754738,0.611924456467081,0.104322311903379,0.401975248166264,0.192907660731393,0.688534336098722,19.8458574181118,scoring/dir_003/AF-A0A0X9V1J3-F1-model_v4.pdb
0.902432973044902,0.498828638799351,0.852736229120414,0.144237335721555,0.551505709480923,0.19350416382937,0.495897542453031,31.1129032258064,scoring/dir_003/AF-A0A126KAM7-F1-model_v4.pdb
0.508481635576292,0.298180183097199,0.473527001434878,0.0620204749521678,0.349161383967905,0.219849203204974,0.799633215905352,16.0450160771704,scoring/dir_003/AF-A0A1A8YG78-F1-model_v4.pdb
0.742177312742517,0.522499463658528,0.433049773012645,0.126237327829897,0.76480327961084,0.402669454741096,0.578822008527816,3.525,scoring/dir_003/AF-A0A1D8GYH1-F1-model_v4.pdb
0.680564048424319,0.368423522456082,0.645039299034007,0.0999085650366774,0.315443499486323,0.209493522731427,0.686604352240857,15.1675824175824,scoring/dir_003/AF-A0A1D8GYH2-F1-model_v4.pdb
0.662338951565254,0.343851214485844,0.635850745145501,0.108781412341893,0.323446677724884,0.203705969176747,0.684604350252289,21.7916666666667,scoring/dir_003/AF-A0A1D8GYK0-F1-model_v4.pdb
0.831715244144919,0.499494979572403,0.788621838584803,0.12319097043062,0.54119663985593,0.203757688707548,0.593392295619498,25.6969696969697,scoring/dir_003/AF-A0A1S5VB53-F1-model_v4.pdb
0.580237251152045,0.332597690789974,0.53555525738916,0.0808849050338505,0.359782821226563,0.218775941346966,0.747192262940978,19.4564643799472,scoring/dir_003/AF-A0A1W5RRB4-F1-model_v4.pdb
0.751837615451193,0.405430827147464,0.72948919186017,0.114048769459705,0.352902392469764,0.18449133693898,0.652310337514742,23.1188340807175,scoring/dir_003/AF-A0A1W5RRI6-F1-model_v4.pdb
0.91817458020063,0.582482463974025,0.899988640101421,0.172465554630028,0.245010668071095,0.212905953575065,0.566127035400302,31.7072243346008,scoring/dir_003/AF-A0A1X9PYF7-F1-model_v4.pdb
1.0215335635758,0.735945642264104,0.960424679728516,0.232546817164708,0.442280758409277,0.292486886501385,0.449362625587667,5.3875,scoring/dir_003/AF-A0A650F0L2-F1-model_v4.pdb
1.24499759595997,1.03934286820455,0.986151990537345,0.257474407216545,0.572821920306585,0.289957725867909,0.253301948755683,13.2905982905983,scoring/dir_003/AF-A0A650F0M6-F1-model_v4.pdb
0.677208880995192,0.538528685698983,0.394791544956234,0.0780547975489619,0.745605267814263,0.408162505699964,0.620004020547956,3.51578947368421,scoring/dir_003/AF-A0A6A5PQ26-F1-model_v4.pdb
0.802006344634063,0.555910401552909,0.643938483522925,0.145658656694944,0.497201990193635,0.336317497157745,0.589659030538259,5.08139534883721,scoring/dir_003/AF-A0A6A5PRS1-F1-model_v4.pdb
0.581926421708946,0.435418135840296,0.415394478387287,0.0757369400631234,0.774060364531573,0.385501383465255,0.728677813478275,3.82089552238806,scoring/dir_003/AF-A0A6A5PRU2-F1-model_v4.pdb
0.733951296835668,0.443813446350339,0.666706106832101,0.101705741011237,0.465758810317916,0.224806575470784,0.65093729548576,20.228,scoring/dir_003/AF-A0A6A5PRZ0-F1-model_v4.pdb
0.895079786159296,0.472403359923324,0.869213776275449,0.148490895295599,0.334989798981063,0.174601949528361,0.540567266716929,28.5044843049327,scoring/dir_003/AF-A0A6A5PSB2-F1-model_v4.pdb
0.530865802109271,0.413602084258128,0.446717198628064,0.0560912075521703,0.481960229890952,0.347989809704588,0.810808687913542,3.88079470198675,scoring/dir_003/AF-A0A6A5PT44-F1-model_v4.pdb
0.565279539613678,0.455317785027673,0.435269123466557,0.0554338193374914,0.740536926893722,0.383266364349763,0.790511229738664,3.52447552447552,scoring/dir_003/AF-A0A6A5PTU2-F1-model_v4.pdb
0.589139931172503,0.42810944983132,0.357021481183488,0.0528965397370298,0.864648028092837,0.389313400537415,0.765801720190967,3.53378378378378,scoring/dir_003/AF-A0A6A5PTX2-F1-model_v4.pdb
0.581616427935641,0.301087674944932,0.552455092843081,0.0860304425894582,0.344692732046626,0.204516576096403,0.72870105418385,15.7772727272727,scoring/dir_003/AF-A0A6A5PTZ4-F1-model_v4.pdb
0.657000435512304,0.346529341222593,0.633263886499406,0.0997499548481242,0.412289859403459,0.191330415027836,0.688714060722173,21.0786516853933,scoring/dir_003/AF-A0A6A5PU90-F1-model_v4.pdb
0.683760817742228,0.388223387093776,0.567861715033181,0.0771527929788971,0.633371780923473,0.202809587687884,0.689343840019262,13.3167938931298,scoring/dir_003/AF-A0A6A5PUE0-F1-model_v4.pdb
1.13143100367651,0.786575276700083,1.02303005932783,0.190563635324664,0.564262184378293,0.214871876804678,0.338422518328565,22.3979057591623,scoring/dir_003/AF-A0A6A5PUL8-F1-model_v4.pdb
0.967956385583156,0.682544178403502,0.950128364119893,0.229443960948185,0.32770249208561,0.277457093732456,0.529180372251153,18.8863636363636,scoring/dir_003/AF-A0A6A5PUT0-F1-model_v4.pdb
0.942771312603845,0.502470432454616,0.898048712581399,0.159920786574664,0.380788246301464,0.1801469723926,0.513345848931861,17.7610062893082,scoring/dir_003/AF-A0A6A5PUV8-F1-model_v4.pdb
0.794756191145778,0.551243628119751,0.567754701526715,0.0754936418555372,0.78681225241943,0.28179189248636,0.643071113777515,5.89506172839506,scoring/dir_003/AF-A0A6A5PV18-F1-model_v4.pdb
0.507776101237675,0.382910322602454,0.437925676246777,0.0589709158908692,0.616271353250237,0.353071208584737,0.819939730320171,3.76785714285714,scoring/dir_003/AF-A0A6A5PV29-F1-model_v4.pdb
0.786667374405153,0.468807076093949,0.737569362040721,0.13040797042895,0.46401622018403,0.227059846265131,0.616124510952137,35.9448275862069,scoring/dir_003/AF-A0A6A5PVE9-F1-model_v4.pdb
1.13291286326563,0.634206938941825,1.07897811071553,0.192422527728743,0.340614523743225,0.17422947080559,0.388044161207536,31.7726098191214,scoring/dir_003/AF-A0A6A5PW82-F1-model_v4.pdb
0.546310667400656,0.451216109135144,0.46938899601247,0.0598009100144733,0.621876877707737,0.392964116279713,0.829158041423718,3.70175438596491,scoring/dir_003/AF-A0A6A5PW85-F1-model_v4.pdb
0.852859345664409,0.442108497418534,0.821034581645733,0.129202045716664,0.368827135316011,0.171599163675479,0.572108817856838,24.3173803526448,scoring/dir_003/AF-A0A6A5PWK9-F1-model_v4.pdb
0.758765646889051,0.376257268733694,0.656142400864404,0.0926261252723088,0.61440661256426,0.182506700631139,0.591934509192502,15.3178082191781,scoring/dir_003/AF-A0A6A5PWN2-F1-model_v4.pdb
0.665632650926311,0.520651566939428,0.559076530527901,0.0889074481220937,0.480959214783819,0.369472861740018,0.753734597240326,4.17460317460318,scoring/dir_003/AF-A0A6A5PWP4-F1-model_v4.pdb
0.988741126355314,0.567690816120544,0.927108605338282,0.167392428556571,0.430079272002538,0.192949138171873,0.438563801685838,22.0102389078498,scoring/dir_003/AF-A0A6A5PWS8-F1-model_v4.pdb
0.762940911301231,0.346974388012093,0.722329736000047,0.0988809914643008,0.280188317241346,0.158561788744581,0.626825076430764,21.8525179856115,scoring/dir_003/AF-A0A6A5PWV4-F1-model_v4.pdb
0.896464261238135,0.4535065714182,0.853288976764793,0.127075231399019,0.406518694719985,0.163617082983775,0.511915921106176,23.7462311557789,scoring/dir_003/AF-A0A6A5PXF5-F1-model_v4.pdb
0.496205674058774,0.344960985862478,0.426670110522173,0.0611894824022006,0.483588073435027,0.292638955069273,0.81372401264395,7.74786324786325,scoring/dir_004/AF-A0A6A5PXG9-F1-model_v4.pdb
0.605723687584239,0.462496785299265,0.368969628158921,0.075156530979682,0.73759419013827,0.403744783273245,0.665722532290692,3.49107142857143,scoring/dir_004/AF-A0A6A5PY76-F1-model_v4.pdb
0.9812937989473,0.555246983910253,0.900954528022654,0.151348898931713,0.520803750588803,0.184365725051148,0.45926668738655,22.2443729903537,scoring/dir_004/AF-A0A6A5PYF6-F1-model_v4.pdb
0.567547725420443,0.33271316994521,0.52185896966644,0.0809671841671675,0.381447102133867,0.224424622947815,0.763896212435971,14.7319587628866,scoring/dir_004/AF-A0A6A5PYG7-F1-model_v4.pdb
0.994310195130371,0.738369677102062,0.822091748434325,0.239722341864054,0.333584904176819,0.338945493764173,0.426871042836861,8.625,scoring/dir_004/AF-A0A6A5PYP0-F1-model_v4.pdb
0.802531048876972,0.376817931808788,0.739893868391875,0.108017054089683,0.496376722668435,0.159953005965149,0.587667351722249,38.5933456561922,scoring/dir_004/AF-A0A6A5PYS6-F1-model_v4.pdb
0.635230697250542,0.33980307820679,0.582667586130414,0.0792109128798909,0.514336431002789,0.188724842511408,0.714874971904063,19.327485380117,scoring/dir_004/AF-A0A6A5PZ28-F1-model_v4.pdb
1.03984038572504,0.674831209843958,0.990052575971732,0.197035312680189,0.413175066450725,0.216831870772665,0.430852886883341,19.9764150943396,scoring/dir_004/AF-A0A6A5PZD5-F1-model_v4.pdb
0.92373927513812,0.436066222033942,0.913556419133796,0.154068538990321,0.299631553634591,0.158031700103087,0.526823069594641,46.4854700854701,scoring/dir_004/AF-A0A6A5Q059-F1-model_v4.pdb
0.577330557732273,0.44069104087614,0.499756633170487,0.0938887015626528,0.436506109770088,0.380083853175677,0.777536473016154,7.50617283950617,scoring/dir_004/AF-A0A6A5Q0A9-F1-model_v4.pdb
0.903883913390291,0.47160609713919,0.846843568603313,0.139045690511708,0.388411123137501,0.175237260681192,0.530303924843866,34.2241379310345,scoring/dir_004/AF-A0A6A5Q0V7-F1-model_v4.pdb
0.800696817034689,0.41480191291347,0.785051868246235,0.12807951167656,0.234343430856463,0.176659245612376,0.640106212206136,41.2081784386617,scoring/dir_004/AF-A0A6A5Q162-F1-model_v4.pdb
1.11011983258559,0.758001955742614,1.07043767778905,0.239154719805923,0.496542303137897,0.226139350478901,0.326596500096676,19.4891304347826,scoring/dir_004/AF-A0A6A5Q1I9-F1-model_v4.pdb
1.05345576737488,0.673525353179585,1.05219338898699,0.224339140635759,0.293845063830537,0.205241092711362,0.418796125618284,30.8190476190476,scoring/dir_004/AF-A0A6A5Q1K7-F1-model_v4.pdb
0.830772938600025,0.454303973947473,0.811537834042959,0.170718883999594,0.167472468454312,0.212684423919315,0.594068440911702,30.0882352941176,scoring/dir_004/AF-A0A6A5Q2E5-F1-model_v4.pdb
0.492306325910487,0.286186200780682,0.465186557570172,0.0695552016658568,0.410202568011633,0.218802914486649,0.794536330345857,17.3639053254438,scoring/dir_004/AF-A0A6A5Q3A0-F1-model_v4.pdb
0.692452547171838,0.338113336672201,0.67186804373534,0.112640935542669,0.402142829511458,0.185739379602459,0.661931866368468,31.7102803738318,scoring/dir_004/AF-A0A6A5Q3Z6-F1-model_v4.pdb
0.494334772953612,0.378803322687389,0.388821452747248,0.0537004567994262,0.662149521475573,0.363832310828009,0.811368419418175,3.72602739726027,scoring/dir_004/AF-A0A6A5Q4J4-F1-model_v4.pdb
0.621118637510271,0.38942181996004,0.621535965282777,0.133727303189418,0.385920926037478,0.254324266568055,0.724966850350029,10.8858858858859,scoring/dir_004/AF-A0A6A5Q4J5-F1-model_v4.pdb
0.965615027027633,0.62381548509935,0.914034185619414,0.172131192591159,0.423296476986604,0.234353360010399,0.527215033324982,18.7594339622642,scoring/dir_004/AF-A0A6A5Q4T2-F1-model_v4.pdb
0.858677819061536,0.386309496288678,0.812413747717038,0.124122781944812,0.470227359891546,0.155543708354927,0.543741317118652,36.4523364485981,scoring/dir_004/AF-A0A6A5Q656-F1-model_v4.pdb
0.918100724279145,0.454589781521299,0.878060906630352,0.141038251940705,0.391035133933098,0.170451289710171,0.543447304295226,24.8071428571429,scoring/dir_004/AF-A0A6A5Q6N6-F1-model_v4.pdb
0.802981363015407,0.388118355719474,0.786408673895856,0.132190793537848,0.341742838776603,0.173297429181819,0.593113642198814,25.0709090909091,scoring/dir_004/AF-A0A6A5Q6R8-F1-model_v4.pdb
0.455162445005101,0.329426702304463,0.292246814755917,0.0302967188238471,0.880819343463288,0.345310308032601,0.814801422149845,3.47120418848168,scoring/dir_004/AF-A0A6C1DKF8-F1-model_v4.pdb
0.89929810395582,0.639875608069352,0.838144329665434,0.133599618285203,0.465662353586397,0.228596237030496,0.582600631186621,8.11594202898551,scoring/dir_004/AF-A0A6C1DKY4-F1-model_v4.pdb
0.887004030213138,0.526668016704352,0.890063938562422,0.176914821515358,0.248056397400953,0.206182263941001,0.571251402298024,44.0498614958449,scoring/dir_004/AF-A0A6C1DLU8-F1-model_v4.pdb
0.538041266211947,0.340216280162823,0.447461843667083,0.0587685484538396,0.544068458702992,0.250044396935933,0.761972299815308,7.24015748031496,scoring/dir_004/AF-A0A6C1DM37-F1-model_v4.pdb
0.48906830887001,0.337818922890793,0.435151598839672,0.064115061768729,0.489954501266163,0.287669590848699,0.816558723369427,6.49358974358974,scoring/dir_004/AF-A0A6C1DMF1-F1-model_v4.pdb
0.929605532511148,0.459347839536916,0.881528267167077,0.146580052078022,0.434139401847009,0.175513828680371,0.505455644827286,26.2424942263279,scoring/dir_004/AF-A0A6C1DMG0-F1-model_v4.pdb
0.523596334357634,0.362538322366713,0.493650988960435,0.0803362144295366,0.34395498486771,0.281660432280719,0.805079974154086,11.3167701863354,scoring/dir_004/AF-A0A6C1DMG7-F1-model_v4.pdb
0.706936246581667,0.420330045067691,0.551762192344132,0.0707273876065244,0.74081036894909,0.21176535804879,0.652080174572731,12.6494252873563,scoring/dir_004/AF-A0A6C1DMI1-F1-model_v4.pdb
0.90330643224647,0.605586187968835,0.897248703473332,0.198201885755393,0.2794294819115,0.23933326339699,0.562506417598074,20.2577319587629,scoring/dir_004/AF-A0A6C1DMJ6-F1-model_v4.pdb
0.854901425507444,0.414598382510862,0.790571345646031,0.113967709194691,0.549641063844216,0.159588008613285,0.558982165182806,30.2801556420233,scoring/dir_004/AF-A0A6C1DMR5-F1-model_v4.pdb
0.587017388253668,0.273692519385826,0.513178073230288,0.0695885048279678,0.474311397458206,0.186643212480437,0.700071190989455,14.026,scoring/dir_004/AF-A0A6C1DMT1-F1-model_v4.pdb
0.64107838019328,0.476459132466157,0.398587659182713,0.0795206178995212,0.784714701256481,0.401941900318349,0.667173560203003,3.53465346534653,scoring/dir_004/AF-A0A6C1DN40-F1-model_v4.pdb
0.86671392843886,0.39768943991123,0.840825628366203,0.138285603330374,0.367054463902506,0.159335809570327,0.544373629500283,40.2093704245974,scoring/dir_004/AF-A0A6C1DNE2-F1-model_v4.pdb
0.891773640746969,0.528702504994108,0.833282531729731,0.144944853845909,0.401736535379522,0.20186387445808,0.542627331467706,13.9464285714286,scoring/dir_004/AF-A0A6C1DNX9-F1-model_v4.pdb
0.725122833948494,0.378076699727691,0.630294427398894,0.0933643381195977,0.502805789709903,0.194855027122803,0.64463472396647,14.6647058823529,scoring/dir_004/AF-A0A6C1DP30-F1-model_v4.pdb
0.638255389914682,0.406393340484454,0.527583921602644,0.0734991269214817,0.519250475535677,0.256554873615755,0.721130530658428,10.4377880184332,scoring/dir_004/AF-A0A6C1DP53-F1-model_v4.pdb
0.754875732263681,0.51879696347086,0.634768114582116,0.112862368002947,0.543989310978367,0.280111598346505,0.677057175298006,18.9463087248322,scoring/dir_004/AF-A0A6C1DPI9-F1-model_v4.pdb
0.938417209413337,0.470781398373773,0.887777147338806,0.13795972006926,0.451201978795107,0.166280062516311,0.502918394622735,26.622641509434,scoring/dir_004/AF-A0A6C1DPP8-F1-model_v4.pdb
0.824786398487506,0.469469217070557,0.736454064423525,0.106388209668566,0.368885231765454,0.201375123682617,0.600582085898162,19.1824561403509,scoring/dir_004/AF-A0A6C1DPQ4-F1-model_v4.pdb
1.22703706450363,0.955579695498175,1.04803485099261,0.215626285193319,0.487830797998086,0.238374598824748,0.251608290239566,14.6857142857143,scoring/dir_004/AF-A0A6C1DPT2-F1-model_v4.pdb
0.88004174662534,0.492851346126116,0.875688474414294,0.193243410191021,0.136585275073401,0.217444612757266,0.57333703857589,31.8770053475936,scoring/dir_004/AF-A0A6C1DPW1-F1-model_v4.pdb
0.865418182678038,0.402618822053173,0.830604878911555,0.133338072637893,0.354587037369016,0.163827560887292,0.55305534148641,28.0140105078809,scoring/dir_004/AF-A0A6C1DPZ5-F1-model_v4.pdb
0.948249531401851,0.607506622109437,0.798124670210037,0.128838512468219,0.409842881638106,0.221497922189015,0.509516887516803,16.0710659898477,scoring/dir_004/AF-A0A6C1DQ40-F1-model_v4.pdb
1.10559491937707,0.687944372306629,0.950820957836378,0.17398971683711,0.582053216666915,0.203547527321234,0.385153911511665,26.3552123552124,scoring/dir_004/AF-A0A6C1DQD9-F1-model_v4.pdb
0.874634877436375,0.524112202643345,0.84435997511702,0.144896974042494,0.341490589209841,0.201399982504043,0.578603497314107,19.8009259259259,scoring/dir_004/AF-A0A6C1DQH8-F1-model_v4.pdb
0.596621385569636,0.455126758001057,0.516854740095984,0.0641778890181159,0.598805716074187,0.316179778419945,0.791161163799137,5.86206896551724,scoring/dir_004/AF-A0A6C1DQM7-F1-model_v4.pdb
0.728486165448877,0.54936970161161,0.490199518723509,0.074400319021641,0.86871736252304,0.365525468713319,0.683995577202884,3.6969696969697,scoring/dir_004/AF-A0A6C1DQR9-F1-model_v4.pdb
0.631799243636586,0.342191946400011,0.561553733264118,0.0633839773058645,0.434467637842781,0.188924768917022,0.704401362655375,12.3976833976834,scoring/dir_004/AF-A0A6C1DQY6-F1-model_v4.pdb
0.503393138815911,0.354865835614577,0.269984854410082,0.0439228464046499,0.758855007177972,0.377264138723116,0.779558065496669,3.61607142857143,scoring/dir_004/AF-A0A6C1DR40-F1-model_v4.pdb
1.04382864796925,0.572557210693795,1.05413069569063,0.210938997002295,0.286076097049762,0.178267216202956,0.44018777762469,32.1495327102804,scoring/dir_004/AF-A0A6C1DRG5-F1-model_v4.pdb
0.541081913583411,0.375658470756692,0.398991652168004,0.0445991515515496,0.5974348258682,0.300398264625138,0.78978421876925,4.57635467980296,scoring/dir_004/AF-A0A6C1DRI0-F1-model_v4.pdb
0.578282159408017,0.337190181214341,0.524986089890614,0.0870832486150571,0.373493716808531,0.233577095554561,0.734991196781664,11.3302469135802,scoring/dir_004/AF-A0A6C1DRS4-F1-model_v4.pdb
0.724579305304517,0.357368728719213,0.713291509066114,0.13143830450947,0.358489505819699,0.196649211990568,0.640338365991777,30.0758196721311,scoring/dir_004/AF-A0A6C1DRT7-F1-model_v4.pdb
0.711190166008734,0.440614878949837,0.596566063892788,0.075298864377613,0.58096831042089,0.227879817903291,0.69155255969956,16.6081081081081,scoring/dir_004/AF-A0A6C1DS09-F1-model_v4.pdb
0.489047582914748,0.347334054070806,0.413080309327548,0.0591664846386406,0.668306537377763,0.305445100571054,0.828818836802881,11.9138755980861,scoring/dir_004/AF-A0A6C1DS10-F1-model_v4.pdb
0.558485723179423,0.286030659819123,0.495647816284774,0.0691728420732882,0.372970892368633,0.203415186765668,0.750623441819453,30.0021739130435,scoring/dir_004/AF-A0A6C1DS54-F1-model_v4.pdb
0.543469636902189,0.308717941794592,0.492566706116409,0.0713059664116648,0.35060466246005,0.215734470763853,0.761140899139974,34.2457627118644,scoring/dir_004/AF-A0A6C1DS99-F1-model_v4.pdb
0.507904648407637,0.33966091778441,0.441192340183389,0.0589168170920318,0.642080874670018,0.259011364369648,0.800946229661673,10.6548387096774,scoring/dir_004/AF-A0A6C1DSM8-F1-model_v4.pdb
0.757741738331846,0.453540829226112,0.705378895468531,0.12335426932524,0.564325774630674,0.223009135191679,0.631200259324299,14.8644688644689,scoring/dir_004/AF-A0A6C1DSR1-F1-model_v4.pdb
0.556735683422286,0.347214579159614,0.48026408429874,0.0625642509260293,0.383505203205916,0.250140608410058,0.774911641305572,14.3457627118644,scoring/dir_004/AF-A0A6C1DT52-F1-model_v4.pdb
1.00199432627095,0.571402604489678,0.965327030547293,0.17200246965466,0.337729794834003,0.189594536276857,0.47970677849326,29.3961661341853,scoring/dir_004/AF-A0A6C1DTA1-F1-model_v4.pdb
1.12497342482197,0.716972345079983,1.06624067593309,0.194210391552218,0.479831562011165,0.192357562612301,0.347018964409099,18.672,scoring/dir_004/AF-A0A6C1DTC1-F1-model_v4.pdb
0.917857904004069,0.488465685378663,0.884553163765778,0.157499426033208,0.331652242038246,0.179904273719667,0.509769050436059,22.6470588235294,scoring/dir_004/AF-A0A6C1DTH1-F1-model_v4.pdb
0.810950291837693,0.452415535542567,0.794347702474469,0.139104900398742,0.335389803929224,0.196626818438197,0.60335720033964,31.7580174927114,scoring/dir_004/AF-A0A6C1DTH4-F1-model_v4.pdb
0.461465119275883,0.295162500469354,0.415825179647622,0.0595829980004189,0.432280972227525,0.251092393110015,0.815711742527505,9.51152073732719,scoring/dir_004/AF-A0A6C1DTQ0-F1-model_v4.pdb
0.894615309975934,0.425744218110353,0.870357553372233,0.146164147478226,0.34812736564553,0.163023354542527,0.548294478190618,40.6413043478261,scoring/dir_004/AF-A0A6C1DTT5-F1-model_v4.pdb
0.620764779968275,0.332856367177241,0.572655359796028,0.0904582733548899,0.465254662473879,0.209866185463847,0.70659382503601,14.6530054644809,scoring/dir_004/AF-A0A6C1DTY1-F1-model_v4.pdb
0.506280451717361,0.296566704943111,0.468231165024829,0.0626751586896208,0.463695248370486,0.219843487037074,0.787552559726848,10.5115511551155,scoring/dir_004/AF-A0A6C1DU72-F1-model_v4.pdb
0.506925247769356,0.383586477375067,0.429534716055995,0.0481489156155103,0.736643773162537,0.318586656933808,0.832577790618012,4.52525252525253,scoring/dir_004/AF-A0A6C1DUL5-F1-model_v4.pdb
0.857792254589972,0.439294724050071,0.823451685629493,0.132400470987771,0.341231370156221,0.17024462686477,0.578370958236228,44.5733041575492,scoring/dir_004/AF-A0A6C1DUQ6-F1-model_v4.pdb
0.51963509625456,0.41732571661514,0.461151528319595,0.059350957600314,0.531904949448578,0.363282225119719,0.846690501828496,3.890625,scoring/dir_004/AF-A0A6C1DV79-F1-model_v4.pdb
0.405679534193622,0.29780943480918,0.305088407463937,0.0351238358330502,0.659967274031166,0.346607645115418,0.843611500577947,3.98154981549815,scoring/dir_004/AF-A0A6C1DVH9-F1-model_v4.pdb
0.903011221566316,0.428454887774117,0.857062468070537,0.139428592694971,0.461517561897059,0.162398815191231,0.512336902894446,35.0216535433071,scoring/dir_004/AF-A0A6C1DVJ8-F1-model_v4.pdb
0.432526844117215,0.298622121471852,0.37880207334135,0.0427635452824965,0.421830160350201,0.276576711392875,0.851795191615556,5.66210045662101,scoring/dir_004/AF-A0A6C1DVX0-F1-model_v4.pdb
0.60701876624639,0.36344300189324,0.592963902537704,0.100720263117819,0.3366113516162,0.222025279451995,0.740231626206098,34.1577181208054,scoring/dir_004/AF-A0A6C1DVZ1-F1-model_v4.pdb
0.755049133964007,0.454362276906039,0.626175342587877,0.115545823387558,0.399890187963899,0.281946603921125,0.656186689870372,8.29411764705882,scoring/dir_004/AF-A0A6C1DW04-F1-model_v4.pdb
0.751088256275421,0.354260421398476,0.738392416500986,0.122141856748793,0.281753507605991,0.173876846390659,0.624456555024236,23.7657480314961,scoring/dir_004/AF-A0A6C1DW10-F1-model_v4.pdb
0.881055885785058,0.526860677748565,0.839837682233084,0.154929078988647,0.497822031626877,0.215062732289272,0.520974459134042,21.6457399103139,scoring/dir_004/AF-A0A6C1DW63-F1-model_v4.pdb
0.450538038330409,0.336588907992141,0.248712887477699,0.028281107378492,0.800455352580871,0.390196589186259,0.818303078724018,3.50243902439024,scoring/dir_004/AF-A0A6C1DW77-F1-model_v4.pdb
0.637089929097839,0.432263860866112,0.59602137831142,0.106945337255882,0.598061539705986,0.276635896414343,0.726472882842238,13,scoring/dir_004/AF-A0A6C1DWC3-F1-model_v4.pdb
0.643724986973508,0.511202204963636,0.519995238534453,0.09256950553427,0.619545519946752,0.396050718828799,0.718956441631817,3.49122807017544,scoring/dir_004/AF-A0A6C1DWF1-F1-model_v4.pdb
0.915023723067357,0.594045198522868,0.761078874123529,0.114823641015162,0.661206235041954,0.241033833170936,0.499511656576383,6.66666666666667,scoring/dir_004/AF-A0A6C1DWL6-F1-model_v4.pdb
0.710714649486515,0.374836722104674,0.704110241705735,0.123666528741275,0.234275653060741,0.188502460493316,0.68050921253667,36.2125,scoring/dir_004/AF-A0A6C1DX88-F1-model_v4.pdb
1.00860984971511,0.629895851055884,0.814202647459381,0.145343284775185,0.630154554208872,0.217763385537363,0.44943844509633,14.3177083333333,scoring/dir_004/AF-A0A6C1DXB9-F1-model_v4.pdb
0.858722741653877,0.495677338162488,0.822018617168552,0.154296533052046,0.340801837226432,0.211590934256533,0.578386058535998,20.7821782178218,scoring/dir_004/AF-A0A6C1DXF7-F1-model_v4.pdb
0.611381964194866,0.319372212546513,0.556391899151726,0.0877919032131026,0.381371377630864,0.200852222242209,0.699976583267333,12.6731898238748,scoring/dir_004/AF-A0A6C1DXJ4-F1-model_v4.pdb
0.494473180548607,0.288964854913628,0.449388604829806,0.0558479300679742,0.393383233895834,0.200792681218259,0.798481275260628,17.0110294117647,scoring/dir_004/AF-A0A6C1DXR6-F1-model_v4.pdb
0.595624746271442,0.434284655793785,0.524916063582259,0.082157068449714,0.475240081609687,0.299758859999655,0.777520844520134,7.88125,scoring/dir_004/AF-A0A6C1DXS2-F1-model_v4.pdb
0.774324625623619,0.350438223782681,0.758517827123319,0.113713158861973,0.402788772101812,0.160458851591952,0.609473818017576,23.4359464627151,scoring/dir_004/AF-A0A6C1DXZ9-F1-model_v4.pdb
0.985330476275657,0.671086919956777,0.871502032065366,0.143129679773136,0.550484093432376,0.226782444271551,0.494770010532821,21.2234636871508,scoring/dir_004/AF-A0A6C1DY16-F1-model_v4.pdb
0.731413451506635,0.45295481145771,0.650311558927177,0.104376111994642,0.434342070567379,0.231542662910053,0.662643325168453,12.8884615384615,scoring/dir_004/AF-A0A6C1DY96-F1-model_v4.pdb
0.478225768573347,0.340190569574453,0.431980155593417,0.0510546486661263,0.524503719148771,0.28195123485077,0.836042368246123,4.93203883495146,scoring/dir_004/AF-A0A6C1DYA5-F1-model_v4.pdb
0.913041111935559,0.570065942925848,0.852779730214446,0.143276528692058,0.521740612322253,0.200500957797347,0.529697371370421,21.4568965517241,scoring/dir_004/AF-A0A6C1DYC8-F1-model_v4.pdb
0.620384554527065,0.345003509972791,0.60264347993555,0.1023583622182,0.369249474850266,0.211919961121417,0.720796104042506,20.3609625668449,scoring/dir_004/AF-A0A6C1DYH8-F1-model_v4.pdb
0.744353292300149,0.378951163547975,0.695180844294244,0.112793532657399,0.462871271713695,0.188132307513187,0.641141500793774,34.5352422907489,scoring/dir_004/AF-A0A6C1DYL7-F1-model_v4.pdb
0.653944223131175,0.350161078557469,0.516609623972163,0.0663682899220598,0.593546480905736,0.2087615809211,0.660349036174401,15,scoring/dir_004/AF-A0A6C1DYS6-F1-model_v4.pdb
0.679077759460506,0.391666497635203,0.63328095209258,0.0873492622877325,0.338216402908847,0.189831844552847,0.71268729288314,17.3088803088803,scoring/dir_004/AF-A0A6C1DYZ2-F1-model_v4.pdb
0.641048767504366,0.333154815228915,0.627879997734445,0.0991116501545816,0.224938786281385,0.187208523680099,0.71797903889077,38.5695931477516,scoring/dir_005/AF-A0A6C1DZ91-F1-model_v4.pdb
0.460861793850765,0.340348313247683,0.430135577469278,0.0638617001912695,0.345865357781104,0.305309379165162,0.849472660421785,9.78231292517007,scoring/dir_005/AF-A0A6C1DZ99-F1-model_v4.pdb
0.989863103365463,0.5169371777652,0.877271326256288,0.140756388186139,0.405876753159875,0.175020566939936,0.46882646844762,17.5704057279236,scoring/dir_005/AF-A0A6C1DZC8-F1-model_v4.pdb
0.902183386862935,0.431448457806685,0.876323686745927,0.149431617886132,0.273544704338578,0.174254346539286,0.541939325097109,17.2751196172249,scoring/dir_005/AF-A0A6C1DZK9-F1-model_v4.pdb
1.17686133649232,0.812008061394832,1.06528045947668,0.212852874716196,0.502090626870583,0.214809944893779,0.300137070431445,23.6759776536313,scoring/dir_005/AF-A0A6C1DZL8-F1-model_v4.pdb
0.755451024283806,0.46501351147124,0.697381105461574,0.112098427469189,0.439301127683841,0.223672807143704,0.650526084885503,14.6431718061674,scoring/dir_005/AF-A0A6C1E006-F1-model_v4.pdb
0.509403277930489,0.29358737706964,0.474359758975073,0.0606600581153677,0.363082121162949,0.2173040245359,0.792187248507799,9.42857142857143,scoring/dir_005/AF-A0A6C1E0Q8-F1-model_v4.pdb
0.697112099094847,0.334169311743694,0.618037729731942,0.0870466475478538,0.429559897712205,0.178939206001449,0.646449579110521,12.9832635983264,scoring/dir_005/AF-A0A6C1E0S4-F1-model_v4.pdb
0.733502991492226,0.360297834083091,0.704422561093871,0.102520359208145,0.42813453709134,0.176453031628888,0.643002154947443,20.3681818181818,scoring/dir_005/AF-A0A6C1E0U2-F1-model_v4.pdb
0.692971016841797,0.482666564415003,0.627534977749385,0.0905697387593975,0.377599921176229,0.26367900461107,0.742733587458398,12.8564814814815,scoring/dir_005/AF-A0A6C1E143-F1-model_v4.pdb
0.788155264569767,0.390765480097321,0.718240984684796,0.108845630268959,0.337868302517592,0.183082565327881,0.623193221250853,23.1208530805687,scoring/dir_005/AF-A0A6C1E184-F1-model_v4.pdb
0.582212898279991,0.303773997255199,0.555931131848404,0.0718994759430278,0.368104705349929,0.178426653549829,0.738190121486432,18.4188311688312,scoring/dir_005/AF-A0A6C1E189-F1-model_v4.pdb
0.777500956057747,0.366567758876834,0.750918062594707,0.11759716198529,0.371558044560422,0.16603748646326,0.601814048996216,25.9017467248908,scoring/dir_005/AF-A0A6C1E1D8-F1-model_v4.pdb
0.558596810566805,0.411506117266305,0.456315520313403,0.0511598807050929,0.694689898665028,0.311594863254587,0.778511717916827,3.63819095477387,scoring/dir_005/AF-A0A6C1E1J3-F1-model_v4.pdb
0.768153164056155,0.379003908794303,0.720318759261373,0.113375773483901,0.474627393314889,0.174751858677433,0.609995151262791,34.8558352402746,scoring/dir_005/AF-A0A6C1E1K0-F1-model_v4.pdb
0.805574350593843,0.392753998689158,0.765506935075324,0.129626521807767,0.425509940835482,0.173597954957002,0.576144532367616,23.7965811965812,scoring/dir_005/AF-A0A6C1E1Q5-F1-model_v4.pdb
0.983672857717744,0.607385548520708,0.957690364683794,0.196131891235695,0.368466550461328,0.210279898657113,0.451080028270372,23.5662100456621,scoring/dir_005/AF-A0A6C1E1T5-F1-model_v4.pdb
0.813442059620745,0.574451420172565,0.763595467985692,0.152438766994275,0.407604152077199,0.2742925323899,0.65324116982619,10.3459459459459,scoring/dir_005/AF-A0A6C1E1V5-F1-model_v4.pdb
0.773327361931325,0.456730508868672,0.767647857969602,0.144141370715316,0.314812940260797,0.212009252852429,0.637249909583792,28.1121794871795,scoring/dir_005/AF-A0A6C1E1V9-F1-model_v4.pdb
0.43137878895801,0.313873741745391,0.362246748137674,0.0392620777322472,0.506870017383111,0.313874168560568,0.856989420593678,9.79505300353357,scoring/dir_005/AF-A0A6C1E223-F1-model_v4.pdb
0.819614839781647,0.456095480636746,0.775130953087573,0.129478235659351,0.388016668830933,0.191703934378834,0.59915055165893,21.7099697885196,scoring/dir_005/AF-A0A6C1E2C3-F1-model_v4.pdb
0.624752439958041,0.376855317513893,0.588065989194032,0.0885450003654441,0.376820274786083,0.220898476758475,0.740545482174864,16.7670682730924,scoring/dir_005/AF-A0A6C1E2J5-F1-model_v4.pdb
0.867471315620139,0.560699254189963,0.837974812794883,0.16194246803737,0.317391340786303,0.239803143270865,0.605277346749261,17.2941176470588,scoring/dir_005/AF-A0A6C1E2M4-F1-model_v4.pdb
0.630602043976726,0.42659167446832,0.496893579205141,0.0836706590868154,0.445992519216748,0.299253990463387,0.714563236567869,6.85201793721973,scoring/dir_005/AF-A0A6C1E2P3-F1-model_v4.pdb
0.786379863077793,0.463094341862003,0.772804439081564,0.152832973166172,0.308409732266763,0.222554232725758,0.645585294624131,20.655303030303,scoring/dir_005/AF-A0A6C1E2P9-F1-model_v4.pdb
1.39768799395593,1.2971285761595,1.25319840501245,0.371264659932642,0.31172137690066,0.287083075596979,0.169438855272684,11.5569620253165,scoring/dir_005/AF-A0A6C1E2R3-F1-model_v4.pdb
0.697022320820349,0.353618597527007,0.63786554233761,0.0903617906069658,0.513260277351455,0.175368358220099,0.669481149508465,22.4343434343434,scoring/dir_005/AF-A0A6C1E2X6-F1-model_v4.pdb
0.825877248563872,0.527144232001917,0.679894869929043,0.126490744762155,0.709398497459144,0.253835972799474,0.595224158061143,17.5,scoring/dir_005/AF-A0A6C1E301-F1-model_v4.pdb
0.653638035140131,0.324187213855438,0.63142410685936,0.0967871214727302,0.298560451126803,0.177645786099961,0.698748072851808,24.6189376443418,scoring/dir_005/AF-A0A6C1E323-F1-model_v4.pdb
0.568705522768228,0.339589693174272,0.499807703649417,0.0652522266032241,0.44413234351239,0.226572423530093,0.758076318398466,14.3130081300813,scoring/dir_005/AF-A0A6C1E3A6-F1-model_v4.pdb
0.598944485891608,0.315654467624893,0.540490271831408,0.07444103342293,0.357250612530671,0.196825627276017,0.73716256578277,17.8651685393258,scoring/dir_005/AF-A0A6C1E3A7-F1-model_v4.pdb
1.16160062037113,0.861776319398331,1.12707423750027,0.262705013748176,0.399616352502291,0.249656886989998,0.398307257577704,11.6575342465753,scoring/dir_005/AF-A0A6C1E3B7-F1-model_v4.pdb
0.702757363938609,0.433173163811358,0.641260773335153,0.110866065539927,0.354985006217197,0.235173793733416,0.672698642840738,15.6508620689655,scoring/dir_005/AF-A0A6C1E3C1-F1-model_v4.pdb
1.01327479978273,0.534112846449891,1.02529380361418,0.194125720573465,0.292283197047841,0.166062314522886,0.469134429571331,46.981684981685,scoring/dir_005/AF-A0A6C1E3I7-F1-model_v4.pdb
0.68137887424345,0.311128233693494,0.644604868656128,0.0913610748212345,0.284729011110207,0.168595398063358,0.664161267212552,19.6306306306306,scoring/dir_005/AF-A0A6C1E3X6-F1-model_v4.pdb
0.776860903258973,0.459368592458765,0.67210615104956,0.0901360477094819,0.4999302319517,0.204063555965271,0.61727882725583,10.8993710691824,scoring/dir_005/AF-A0A6C1E3Z1-F1-model_v4.pdb
1.13823708324431,0.734372547656933,0.989286272397489,0.172367572778797,0.57381318111281,0.190115084940558,0.391366773996571,22.1744548286604,scoring/dir_005/AF-A0A6C1E405-F1-model_v4.pdb
0.377786029495089,0.301585541054073,0.339431447690116,0.0374546176588472,0.604796779739844,0.34545685538953,0.898942080070111,3.67175572519084,scoring/dir_005/AF-A0A6C1E439-F1-model_v4.pdb
0.468598682642429,0.344438219655686,0.271999218821888,0.0374419247038548,0.886562551851997,0.390379300167343,0.800065071866651,3.48993288590604,scoring/dir_005/AF-A0A6C1E4A5-F1-model_v4.pdb
0.548333656176541,0.283528440303535,0.481758781388467,0.0648386844614902,0.313497875704051,0.201421437761431,0.752338913084143,20.9863387978142,scoring/dir_005/AF-A0A6C1E4L0-F1-model_v4.pdb
0.478936184180062,0.304977307665491,0.432626489663823,0.060179710405502,0.408987375813571,0.242286923924048,0.813001725148321,13.0331325301205,scoring/dir_005/AF-A0A6C1E4M1-F1-model_v4.pdb
0.358982598275235,0.266423473507248,0.247411344895619,0.0269139889945394,0.836888313167461,0.35985031031684,0.878588272917939,3.52713178294574,scoring/dir_005/AF-A0A6C1E4S4-F1-model_v4.pdb
0.763559857632583,0.389997305233033,0.719173503467292,0.114460173067171,0.403313029745699,0.190652184360087,0.627213791153257,18.7632978723404,scoring/dir_005/AF-A0A6C1E4Y6-F1-model_v4.pdb
0.728170669632287,0.510359012775004,0.691185462129224,0.126657066855085,0.313116993729393,0.276901567617679,0.706328041374913,20,scoring/dir_005/AF-A0A6C1E524-F1-model_v4.pdb
0.951718091183616,0.561858264603642,0.88373005321749,0.15173955599927,0.484352654558948,0.200890992644236,0.475006386737972,19.9076923076923,scoring/dir_005/AF-A0A6C1E527-F1-model_v4.pdb
0.997544810752082,0.771877112126582,0.864942197034683,0.194640882706386,0.6382701452279,0.307984790874525,0.463630183548606,7.83673469387755,scoring/dir_005/AF-A0A6C1E586-F1-model_v4.pdb
0.412967701852363,0.239094750334327,0.383393552215163,0.055394092252447,0.458547376939891,0.231758636799561,0.825325043817157,26.0200668896321,scoring/dir_005/AF-A0A6C1E5D7-F1-model_v4.pdb
0.885426265767505,0.403808346650705,0.861770062418913,0.138902457297952,0.344888588500128,0.158493998709409,0.557298920967722,44.6049766718507,scoring/dir_005/AF-A0A6C1E5G1-F1-model_v4.pdb
0.765791280989922,0.488729379669714,0.672363526415285,0.118397170941825,0.412992353413113,0.253867011300658,0.626816890497496,15.3567567567568,scoring/dir_005/AF-A0A6C1E5Q7-F1-model_v4.pdb
1.19713978921559,0.85101489255626,1.19367823461159,0.271849270108352,0.335388921955815,0.216062744962049,0.314903574426022,23.4840425531915,scoring/dir_005/AF-A0A6C1E5Y2-F1-model_v4.pdb
1.02785013374949,0.680060673824016,0.910923023973074,0.174795524218984,0.454092038731737,0.229221954699401,0.433822871497048,13.4592592592593,scoring/dir_005/AF-A0A6C1E5Y5-F1-model_v4.pdb
0.806378958194618,0.372373902658985,0.704259305064745,0.108480596046641,0.565221141045385,0.16866397556017,0.57558214947183,19.1326530612245,scoring/dir_005/AF-A0A6C1E652-F1-model_v4.pdb
0.772914665267281,0.432437913659735,0.737016907679645,0.119139339922361,0.482372922410745,0.193715480817705,0.617516871372211,18.4192307692308,scoring/dir_005/AF-A0A6C1E682-F1-model_v4.pdb
0.511547125618629,0.298903901416465,0.475078445592874,0.0711796045728716,0.306494049866881,0.230248159730073,0.790663212585155,17.6420454545455,scoring/dir_005/AF-A0A6C1E694-F1-model_v4.pdb
0.772346107086468,0.470704970261081,0.75237477635678,0.135075848892191,0.456685226348005,0.223345896467209,0.630677115793431,16.9419087136929,scoring/dir_005/AF-A0A6C1E6N4-F1-model_v4.pdb
0.642919360268383,0.348588413917101,0.556980995305351,0.0870878873643076,0.358310462616783,0.222282736729256,0.659433802359832,13.1054545454545,scoring/dir_005/AF-A0A6C1E6V3-F1-model_v4.pdb
0.889093385755239,0.466703319043219,0.859199181438769,0.147185231577571,0.294056262557776,0.174360823494575,0.570469525971154,33.5833333333333,scoring/dir_005/AF-A0A6C1E762-F1-model_v4.pdb
0.662832361369297,0.351513296226147,0.599762583980969,0.0937681774107918,0.389898102554133,0.207716153981292,0.672316576725113,16.3790322580645,scoring/dir_005/AF-A0A6C1E7B3-F1-model_v4.pdb
0.670540157656635,0.304420810156242,0.590736518905935,0.09666709609216,0.388921714861422,0.181863437125481,0.63460518364197,24.1547085201794,scoring/dir_005/AF-A0A6C1E7F2-F1-model_v4.pdb
0.837739641663855,0.535724375274606,0.812441740057289,0.130323710116131,0.44298436244159,0.213654790340021,0.618655563200208,14.1605839416058,scoring/dir_005/AF-A0A6C1E7F3-F1-model_v4.pdb
0.794327198589191,0.451208589283194,0.693679296173445,0.098054361150008,0.33584134945927,0.20725283265062,0.630449744335307,17.183908045977,scoring/dir_005/AF-A0A6C1E7R8-F1-model_v4.pdb
0.722097654576395,0.433610315602247,0.368487506072712,0.0591636223808277,0.848898850500821,0.285230001978762,0.616660683623114,5.88079470198676,scoring/dir_005/AF-A0A6C1E7T8-F1-model_v4.pdb
0.642207675647148,0.378325044607528,0.622722834146182,0.0982731287358947,0.2985024170164,0.216656886242768,0.741139604661478,20.9006622516556,scoring/dir_005/AF-A0A6C1E7V0-F1-model_v4.pdb
0.808092682024999,0.445395662209692,0.549243026465277,0.0910258167329363,0.630102724536511,0.227634640875865,0.558766585772523,17.9094339622642,scoring/dir_005/AF-A0A6C1E893-F1-model_v4.pdb
0.813376755191608,0.410417005923049,0.823545648356226,0.158013025979298,0.18547677448781,0.180762521673056,0.601481850076213,28.8991228070175,scoring/dir_005/AF-A0A6C1E8Z6-F1-model_v4.pdb
0.922116002927154,0.46778175474998,0.921261913933857,0.157557483907122,0.332838609334014,0.17113757701675,0.523092702863097,35.59,scoring/dir_005/AF-A0A6C1E965-F1-model_v4.pdb
0.84159847510776,0.54741810898929,0.8116591808562,0.149832812550486,0.393868818596604,0.22538759821149,0.610365946756239,19.3558282208589,scoring/dir_005/AF-A0A6C1E9H7-F1-model_v4.pdb
0.51247256794961,0.311677160153413,0.486036931957592,0.0754632977756701,0.375485822742631,0.229953629053249,0.796320724045956,17.8426229508197,scoring/dir_005/AF-A0A6C1E9U1-F1-model_v4.pdb
0.781922486478424,0.365689288213272,0.776054689104595,0.13357470087611,0.395779960993634,0.17103458952087,0.603179106627249,23.1135029354207,scoring/dir_005/AF-A0A6C1EA33-F1-model_v4.pdb
0.605751563356845,0.416661756582726,0.537919693679799,0.101024076539159,0.415723868320285,0.308479257481006,0.759684305544126,8.24761904761905,scoring/dir_005/AF-A0A6C1EAB0-F1-model_v4.pdb
0.612825132823668,0.319217197603112,0.568371901740567,0.0811825322168742,0.374588115607967,0.198703799777745,0.709699958653727,19.1462829736211,scoring/dir_005/AF-A0A6C1EAI6-F1-model_v4.pdb
1.07134364233543,0.614894128615384,1.02161957872967,0.180430513349288,0.415958538949695,0.17878070558229,0.422513537692172,30.6346153846154,scoring/dir_005/AF-A0A6C1EAL0-F1-model_v4.pdb
0.931477806798404,0.458585832734664,0.87850269768361,0.141807901332896,0.470599768735657,0.163449886761241,0.49715172163879,35.1616766467066,scoring/dir_005/AF-A0A6C1EAP8-F1-model_v4.pdb
0.849313460896975,0.401614863766409,0.837301097197892,0.127478828082046,0.377646708999918,0.162344552730715,0.570464485354361,28.9769585253456,scoring/dir_005/AF-A0A6C1EAZ3-F1-model_v4.pdb
0.702852509588767,0.434838194190639,0.595806838031251,0.0690583168822393,0.652294914500471,0.208878124352521,0.684435156944997,8.27777777777778,scoring/dir_005/AF-A0A6C1EB38-F1-model_v4.pdb
0.657606926007849,0.48102367973822,0.579128088562793,0.104285306921613,0.556602020227053,0.322476808444592,0.724022501222596,10.2872340425532,scoring/dir_005/AF-A0A6C1EBQ1-F1-model_v4.pdb
0.891925600817573,0.463838496799268,0.87231807840095,0.145187500232979,0.328558108818119,0.17518320175989,0.546563280147539,17.2650918635171,scoring/dir_005/AF-A0A6C1EBS2-F1-model_v4.pdb
0.673464640000551,0.416711330710314,0.600134075620773,0.0752164969123336,0.587890715262871,0.216613212736231,0.702059754817884,9.27848101265823,scoring/dir_005/AF-A0A6C1EBZ3-F1-model_v4.pdb
0.599073761320769,0.299493086466837,0.552907519414295,0.0722379763686166,0.313102301444919,0.176618835281322,0.734085711976279,20.1577540106952,scoring/dir_005/AF-A0A6C1EC75-F1-model_v4.pdb
0.847260484282837,0.431167881160782,0.832607933122036,0.132407844102364,0.259235463019451,0.172266181199943,0.600074752314337,39.8763102725367,scoring/dir_005/AF-A0A6C1ECH6-F1-model_v4.pdb
0.973501927160693,0.506890243186126,0.917214422141602,0.157633436878352,0.457156903372549,0.178742344016662,0.466739785898712,23.7422222222222,scoring/dir_005/AF-A0A6C1ECI4-F1-model_v4.pdb
0.8192699770088,0.382853621859397,0.800742004617907,0.128412650604078,0.305789172331145,0.1642334398077,0.589006768284733,35.669623059867,scoring/dir_005/AF-A0A6C1ECL1-F1-model_v4.pdb
0.608748994029581,0.428593736145065,0.542681210889602,0.0892694322135402,0.430878024563108,0.287357601608693,0.756226388066677,8.02424242424242,scoring/dir_005/AF-A0A6C1ECS2-F1-model_v4.pdb
0.719410179959776,0.369564854763254,0.714257826238204,0.126195119729725,0.226301248582233,0.192668083500334,0.671779630580817,38.1728395061728,scoring/dir_005/AF-A0A6C1ECV0-F1-model_v4.pdb
0.765926259425436,0.357815470191318,0.707795196408421,0.0970796277947392,0.374841125982939,0.171385330030887,0.590137280930342,15.3166226912929,scoring/dir_005/AF-A0A6C1ED23-F1-model_v4.pdb
0.747028116091049,0.351359241908483,0.719674871954309,0.107010598557241,0.26070373736429,0.172473244898627,0.638124280322279,24.0829787234043,scoring/dir_005/AF-A0A6C1ED92-F1-model_v4.pdb
0.97417698155543,0.573438221593725,0.829614914001445,0.12692824805155,0.499025626526106,0.204174683810473,0.497252116206699,14.2894736842105,scoring/dir_005/AF-A0A6C1EE55-F1-model_v4.pdb
0.401480026627479,0.267627745655393,0.343995157648838,0.0483524604653521,0.537255153279622,0.280912652222333,0.837131550209488,6.52301255230126,scoring/dir_005/AF-A0A6C1EE96-F1-model_v4.pdb
0.668347140703733,0.418318894165316,0.597095468388296,0.0847639811909809,0.426307896069742,0.247816577355012,0.731004035063394,11.1883408071749,scoring/dir_005/AF-A0A6C1EEF3-F1-model_v4.pdb
0.618983177788218,0.371027967808931,0.585244150798019,0.109054342807935,0.388713908376038,0.238626043459088,0.710145744696832,15.387417218543,scoring/dir_005/AF-A0A6C1EEH1-F1-model_v4.pdb
1.02153394940532,0.508349052860818,1.04021535547092,0.199747988669479,0.253621826510168,0.16625910411518,0.471455062038432,45.9981583793739,scoring/dir_005/AF-A0A6C1EEM9-F1-model_v4.pdb
0.70783777837122,0.435655212532559,0.660946652597831,0.093531667761504,0.32184563832635,0.207327522451052,0.716774071002465,21.6857142857143,scoring/dir_005/AF-A0A6C1EEP6-F1-model_v4.pdb
0.664691698368782,0.340531512672115,0.631831513011593,0.10245035552292,0.390266904753253,0.188781417903006,0.688889187645497,21.9516129032258,scoring/dir_005/AF-A0A6C1EET4-F1-model_v4.pdb
0.776299472246717,0.491313769645843,0.573362507191292,0.0798807736269824,0.649835450182829,0.247647752669484,0.604077265538654,6.755,scoring/dir_005/AF-A0A6C1EEW9-F1-model_v4.pdb
0.470202186131157,0.320453143592037,0.29364638444313,0.0344920965594135,0.826086610728859,0.331816567897295,0.788713348991007,3.5,scoring/dir_005/AF-A0A6C1EFB2-F1-model_v4.pdb
0.846000272874453,0.523704984649167,0.796236782902818,0.140092139635079,0.352519262907616,0.213652962305083,0.594551113799946,21.2557251908397,scoring/dir_005/AF-A0A6C1EFJ0-F1-model_v4.pdb
0.410959808230794,0.32802629438639,0.34616160290459,0.0342202571278751,0.759161491783258,0.360361159978516,0.878833396964918,3.55113636363636,scoring/dir_005/AF-A0A6C1EFL2-F1-model_v4.pdb
1.06640134566767,0.572304630273964,0.990197742161269,0.156148396172425,0.320435601939777,0.168836088487167,0.466964246380298,27.6145251396648,scoring/dir_005/AF-A0A6C1EFS1-F1-model_v4.pdb
0.862901350114506,0.547552925982686,0.840953128511854,0.168495347781216,0.244015024280936,0.24366159475852,0.595509119826397,13.2519083969466,scoring/dir_005/AF-A0A6C1EG14-F1-model_v4.pdb
0.692497262038666,0.330277781223827,0.658837146979441,0.0997653804209725,0.269461715698383,0.180755101257108,0.671111045146805,23.0695488721804,scoring/dir_005/AF-A0A6C1EG41-F1-model_v4.pdb
0.657558944995013,0.325801972646513,0.617777041190105,0.0943807288276308,0.292324738550473,0.180959505310146,0.694722454125334,21.9492273730684,scoring/dir_006/AF-A0A6C1EG54-F1-model_v4.pdb
0.763318307711695,0.380589966804555,0.719350881556543,0.116091422237873,0.294615005806598,0.190399380814597,0.604714437175015,22.0308370044053,scoring/dir_006/AF-A0A6C1EGG3-F1-model_v4.pdb
0.797658469075696,0.47618606240927,0.719276705622049,0.117227017035713,0.581000240226378,0.218696376325916,0.601890739643124,16.9146757679181,scoring/dir_006/AF-A0A6C1EGI4-F1-model_v4.pdb
0.802206577361661,0.402918660700541,0.787322960797999,0.123448850389332,0.34920023105562,0.169002868044616,0.602379590461968,29.6227848101266,scoring/dir_006/AF-A0A6C1EGR2-F1-model_v4.pdb
0.852443714843632,0.432670973617645,0.778159058355858,0.135247504939312,0.50924315560568,0.180421146529131,0.550167081126437,34.3672316384181,scoring/dir_006/AF-A0A6C1EGV0-F1-model_v4.pdb
0.902992932985202,0.4266704223311,0.867398744224061,0.134997560627544,0.453039848746836,0.158250562276556,0.502905919680618,30.7330754352031,scoring/dir_006/AF-A0A6C1EGX0-F1-model_v4.pdb
0.468644664334344,0.303399967181591,0.407576835571107,0.0495642936999347,0.445061193255901,0.247234756915762,0.821785314823764,10.1710037174721,scoring/dir_006/AF-A0A6C1EH28-F1-model_v4.pdb
0.656784971390352,0.344861388191401,0.628275242942181,0.0865887294203301,0.294701771211976,0.180693378633082,0.71673810124812,37.7541436464088,scoring/dir_006/AF-A0A6C1EH55-F1-model_v4.pdb
0.625070477392514,0.385253786086529,0.536891774313216,0.0672211983895578,0.559707724813216,0.226010024678727,0.710787067723353,8.81212121212121,scoring/dir_006/AF-A0A6C1EH86-F1-model_v4.pdb
0.774732129571089,0.433686985348904,0.744538589079832,0.153062119324692,0.238732792041391,0.225700077697594,0.623398426197406,16.7264957264957,scoring/dir_006/AF-A0A6C1EI99-F1-model_v4.pdb
0.417451519627133,0.341387162522653,0.322340318623338,0.0321698341138352,0.793246967473358,0.394653906291311,0.862650216564406,3.53005464480874,scoring/dir_006/AF-A0A6C1EIM0-F1-model_v4.pdb
0.409927740736108,0.301016726176748,0.344805780146494,0.0398781281153573,0.521865455131997,0.321199078815996,0.868319947298154,9.21254355400697,scoring/dir_006/AF-A0A6C1EIQ2-F1-model_v4.pdb
0.673402038433594,0.518225924439754,0.533349357768878,0.0774398088255112,0.744704728980654,0.345397254459677,0.755249935970479,5.80116959064327,scoring/dir_006/AF-A0A6C1EJ02-F1-model_v4.pdb
0.901269743155396,0.531213205353185,0.858312744595292,0.139366517638014,0.450010093546602,0.189658217633811,0.550589481437349,21.2039215686274,scoring/dir_006/AF-A0A6C1EJ52-F1-model_v4.pdb
0.805631902053627,0.366757129900795,0.763404167433632,0.122545192614124,0.476314275937424,0.172230923183735,0.573625879786464,27.2683486238532,scoring/dir_006/AF-A0A6L0Y9Y5-F1-model_v4.pdb
0.698240412790552,0.505608730133054,0.53476544402677,0.0769840643082087,0.616425764589006,0.327514828507426,0.684006845937859,3.83941605839416,scoring/dir_006/AF-A0A6L0YJM0-F1-model_v4.pdb
0.263701534968951,0.187442706555852,0.102249297991311,0.0077073658359279,0.953407943143215,0.391297608037976,0.894776733760163,3.49872122762148,scoring/dir_006/AF-A0A6L1A009-F1-model_v4.pdb
0.685349232937648,0.388834341025998,0.622991211931123,0.111194502106816,0.25811425669805,0.234121604089066,0.685897476904071,18.5702479338843,scoring/dir_006/AF-A0A6L1BD70-F1-model_v4.pdb
0.682891060035326,0.325405671448442,0.633452066791266,0.0846587181848956,0.344477161223741,0.178340339294258,0.685722976696937,22.703933747412,scoring/dir_006/AF-A0A7I9BQ25-F1-model_v4.pdb
0.694993576106874,0.377062102684752,0.627562015487332,0.0873218174517581,0.390338952314821,0.188348823846502,0.674291867416867,17.3313253012048,scoring/dir_006/AF-A0A7I9F8F9-F1-model_v4.pdb
0.545833211284098,0.389948040177096,0.479050633845834,0.0628789582246994,0.42194605401775,0.304901274485236,0.801668260971696,5.6953125,scoring/dir_006/AF-A0A7T1F0U0-F1-model_v4.pdb
0.858992677755469,0.61850525999424,0.732062968298882,0.16333993496431,0.367812470661341,0.307021456956871,0.529437639651149,13.869109947644,scoring/dir_006/AF-A0A8A5L5A3-F1-model_v4.pdb
0.744054475744279,0.495868660725015,0.653203950089551,0.103603697747812,0.50925075770542,0.241482271806422,0.663677354393393,13.4410256410256,scoring/dir_006/AF-A0SQ78-F1-model_v4.pdb
0.724892193808492,0.539258006522873,0.67265416179201,0.117575826837539,0.383187571977963,0.300356610026608,0.723493822316812,9.27067669172932,scoring/dir_006/AF-A2N620-F1-model_v4.pdb
0.983995099977098,0.622092499395059,0.945523599288259,0.180079340920165,0.387101000594964,0.212787271916663,0.453510779141245,19.6153846153846,scoring/dir_006/AF-A6ZKS2-F1-model_v4.pdb
0.926000475413354,0.6513732905145,0.739410735214016,0.108350546603181,0.529228712989129,0.249458546919108,0.579425291490766,12.5767441860465,scoring/dir_006/AF-A6ZL57-F1-model_v4.pdb
0.595750374611197,0.420273544169876,0.397239937840023,0.0892882041465561,0.766187911624893,0.388559436469229,0.701089767079986,3.73626373626374,scoring/dir_006/AF-A6ZLA5-F1-model_v4.pdb
0.621365692496059,0.434748372290381,0.571658065864834,0.0893306463276467,0.376637965442667,0.278146026710795,0.764040893482307,7.31016042780749,scoring/dir_006/AF-A6ZLD4-F1-model_v4.pdb
0.610057806880242,0.499194769515246,0.363185887015528,0.0514622278942753,0.809262245104101,0.400509180685982,0.692891801407157,3.496,scoring/dir_006/AF-A6ZLG9-F1-model_v4.pdb
0.665733576287385,0.329623099712929,0.647319416299117,0.101929262008217,0.325249398716287,0.180464996739454,0.68408761380569,28.3641304347826,scoring/dir_006/AF-A6ZLZ2-F1-model_v4.pdb
0.801521738705904,0.407287412712913,0.777978471192069,0.122524670188993,0.374581017718334,0.173060907862845,0.585927388232521,21.1807228915663,scoring/dir_006/AF-A6ZMB8-F1-model_v4.pdb
0.763973903430689,0.375175977885826,0.727629486740417,0.136690938741968,0.226030419350941,0.198627575035503,0.620370362097686,31.755838641189,scoring/dir_006/AF-A6ZMD0-F1-model_v4.pdb
0.396604388773487,0.293066863076644,0.325143061394475,0.0377326900179592,0.73776682184241,0.341410517708324,0.86104563104046,3.51243781094527,scoring/dir_006/AF-A6ZMK7-F1-model_v4.pdb
0.369316156383671,0.280459363363425,0.230139887468605,0.0253985090590026,0.7708681925635,0.390083687961684,0.860666497464053,3.52517985611511,scoring/dir_006/AF-A6ZML8-F1-model_v4.pdb
1.0423730988455,0.674127355040242,0.970175988134433,0.187041814422989,0.445461825053256,0.210036148014553,0.413092835680673,24.089552238806,scoring/dir_006/AF-A6ZMT7-F1-model_v4.pdb
0.754771979074538,0.390884932547835,0.729307301615756,0.126453412769046,0.347649455087155,0.189170614872467,0.625027719257888,27.1298701298701,scoring/dir_006/AF-A6ZPY5-F1-model_v4.pdb
0.812528979200897,0.441269585893041,0.763843342078994,0.119349912644168,0.349217284179661,0.190315303066327,0.619697756419993,18.685878962536,scoring/dir_006/AF-A6ZQB9-F1-model_v4.pdb
0.897431694066904,0.669089165954909,0.614231765516194,0.116964930320295,0.657093583561654,0.334627622783872,0.54004776868821,4.17441860465116,scoring/dir_006/AF-A6ZQD4-F1-model_v4.pdb
0.68965345748733,0.42781841172126,0.566657926578564,0.0796144199062449,0.328787430765993,0.249524835377058,0.690868652083118,14.2080291970803,scoring/dir_006/AF-A6ZQU4-F1-model_v4.pdb
0.828971926166399,0.425692450622097,0.783959883102145,0.132215713876749,0.295592874250385,0.189848042719813,0.570515951224222,18.6487804878049,scoring/dir_006/AF-A6ZQZ3-F1-model_v4.pdb
0.489067390984864,0.37019053026721,0.362802978873647,0.0489401865589321,0.738329975818918,0.365959816025559,0.798732299335504,3.82285714285714,scoring/dir_006/AF-A6ZR11-F1-model_v4.pdb
0.878446090997532,0.532094227304029,0.847887915639608,0.15365335013482,0.471407075548806,0.207007849310686,0.544778149601245,16.7594339622642,scoring/dir_006/AF-A6ZRF7-F1-model_v4.pdb
1.04179291792294,0.720064608501302,0.953092185786243,0.188794038901113,0.528581651744651,0.238767943466886,0.447291193482492,11.8450704225352,scoring/dir_006/AF-A6ZRS1-F1-model_v4.pdb
0.435424507301182,0.321471778693469,0.307510321184549,0.0312918454750488,0.78384877973893,0.356185501771112,0.828369626903036,3.49545454545455,scoring/dir_006/AF-A6ZRT4-F1-model_v4.pdb
0.882839493775002,0.602654157862533,0.763582023819936,0.127742969472423,0.486948047771447,0.259231192073138,0.561880205598226,6.81111111111111,scoring/dir_006/AF-A6ZRU4-F1-model_v4.pdb
0.341383139470786,0.270913689094689,0.281374639071622,0.0329503900938624,0.750372906595815,0.377579691355378,0.899006367249773,3.58549222797927,scoring/dir_006/AF-A6ZRV0-F1-model_v4.pdb
0.677000655211057,0.356423687233635,0.669952042470298,0.108363898883337,0.308776818835861,0.178192194735698,0.693124011696072,36.7300275482094,scoring/dir_006/AF-A6ZSJ4-F1-model_v4.pdb
0.943510514413345,0.466961038471625,0.899814120852995,0.150071973866196,0.390156478053884,0.162593826830911,0.511571467628224,38.6486013986014,scoring/dir_006/AF-A6ZT08-F1-model_v4.pdb
0.735662077417757,0.53142185642964,0.461064879409532,0.0587899723157385,0.72720525320494,0.319378079331836,0.644459730331037,4.09022556390977,scoring/dir_006/AF-A6ZTA6-F1-model_v4.pdb
0.717550043120565,0.467309571983891,0.64422109790131,0.078752721979752,0.482634425587088,0.217244160123582,0.687392098817103,9.15976331360947,scoring/dir_006/AF-A6ZTC7-F1-model_v4.pdb
0.391416941554796,0.297148500436434,0.355666030885929,0.0490603151544897,0.461164146025586,0.335104601652655,0.887511371561127,10.7525252525253,scoring/dir_006/AF-A6ZTI5-F1-model_v4.pdb
0.693242496205748,0.327923100194937,0.668109920519832,0.0934149067042784,0.368319341206855,0.166128210353072,0.670408311254329,24.3916666666667,scoring/dir_006/AF-A6ZTS4-F1-model_v4.pdb
0.687884135317238,0.485589975421923,0.640417189821848,0.0747449061866712,0.641247613436295,0.239996446733135,0.735808628430006,6.63478260869565,scoring/dir_006/AF-A6ZTS9-F1-model_v4.pdb
1.14742639238542,0.740741936040434,1.07927277657113,0.212891691560128,0.443881387935257,0.195590496649842,0.356771277073256,29.2676923076923,scoring/dir_006/AF-A6ZUW4-F1-model_v4.pdb
0.886986755344437,0.509588307679364,0.873211922358031,0.160076540360109,0.283393325056034,0.200143669262675,0.580516766701509,23.5659163987138,scoring/dir_006/AF-A6ZV22-F1-model_v4.pdb
0.444881922377838,0.281929031001075,0.396841301282376,0.0494599730039095,0.526282086994411,0.248489412719648,0.835201229074463,12.7309417040359,scoring/dir_006/AF-A6ZV84-F1-model_v4.pdb
0.638633116490102,0.342497826650118,0.636583173361735,0.132197372249713,0.452272829635073,0.213200897678651,0.679140365205401,10.555,scoring/dir_006/AF-A6ZVA4-F1-model_v4.pdb
0.796756610756909,0.367744820156811,0.757859226618112,0.120565153264514,0.436164171427164,0.173792331262681,0.584192392180365,27.2380952380952,scoring/dir_006/AF-A6ZVL3-F1-model_v4.pdb
0.792611356245439,0.435013112376802,0.74545288720901,0.126679863440801,0.427204942893307,0.198830207706927,0.603247608490782,18.0406504065041,scoring/dir_006/AF-A6ZVX6-F1-model_v4.pdb
0.860767575837328,0.385376805323427,0.784120883477882,0.116248693745634,0.519490410739813,0.156339979809807,0.5395755754825,37.4671403197158,scoring/dir_006/AF-A6ZWJ7-F1-model_v4.pdb
0.91353504552518,0.471707151870545,0.845486154210632,0.138904790554669,0.516951728721207,0.171487684383699,0.500545875508917,33.8189134808853,scoring/dir_006/AF-A6ZWW0-F1-model_v4.pdb
1.02281956819476,0.565845624816179,0.942117816496527,0.154526682808592,0.454553203578899,0.172772604845919,0.442618316273697,30.3196721311475,scoring/dir_006/AF-A6ZX72-F1-model_v4.pdb
0.86860146920176,0.414413450042087,0.837926184812815,0.135722661283371,0.385614746753163,0.16609220093781,0.556080083757781,33.4108695652174,scoring/dir_006/AF-A6ZX76-F1-model_v4.pdb
0.935094632909368,0.468105396518014,0.891508108979381,0.144930817594018,0.378641543054215,0.167059106431466,0.499807913011547,21.4183673469388,scoring/dir_006/AF-A6ZX84-F1-model_v4.pdb
0.502156652922684,0.353985405241421,0.301052395608258,0.0519698422542636,0.637053701430207,0.369099180324239,0.780757963262946,3.6605504587156,scoring/dir_006/AF-A6ZXJ8-F1-model_v4.pdb
0.628353361198055,0.495615947668709,0.552114418949596,0.0763747799360283,0.572750698779127,0.333769665339122,0.781300525909752,3.82474226804124,scoring/dir_006/AF-A6ZY35-F1-model_v4.pdb
0.811923070237606,0.361928269847854,0.791686571437599,0.125211259905133,0.347900948293085,0.16048040715061,0.598386115979217,28.245247148289,scoring/dir_006/AF-A6ZY36-F1-model_v4.pdb
0.812144975320608,0.39981449688384,0.786463493768088,0.130657733190666,0.218017043592047,0.184499885631966,0.603391515341374,24.6327944572748,scoring/dir_006/AF-A6ZY50-F1-model_v4.pdb
0.516090650827872,0.341862048725502,0.442559391679042,0.0534346450179519,0.569002209150562,0.255309425213556,0.788716345600625,11.3736263736264,scoring/dir_006/AF-A6ZYB5-F1-model_v4.pdb
0.836286514765935,0.408843870894896,0.829839898041935,0.133832392039033,0.252091970296065,0.172681433852099,0.610458591639392,37.8725099601594,scoring/dir_006/AF-A6ZYE5-F1-model_v4.pdb
0.651345294444799,0.436026997884002,0.255020702541739,0.0628842493634723,0.852498850082215,0.403016184535498,0.699122461158679,3.62686567164179,scoring/dir_006/AF-A6ZZI3-F1-model_v4.pdb
0.768576078144836,0.366047418579194,0.721183550015403,0.108731050952532,0.347486518381009,0.175394851229837,0.616445184641564,23.4575163398693,scoring/dir_006/AF-A6ZZV2-F1-model_v4.pdb
0.860492424638033,0.509950525868596,0.740826286650883,0.136566435756571,0.575216223658937,0.235187885782965,0.521436753158379,15.035175879397,scoring/dir_006/AF-A7A0H8-F1-model_v4.pdb
0.930058058705972,0.478993981709946,0.890461805077088,0.146691629262552,0.433979308950355,0.171179186081136,0.506736252534123,24.1012658227848,scoring/dir_006/AF-A7A0L0-F1-model_v4.pdb
0.468686216709275,0.243433585785698,0.406406625459574,0.0556880815572902,0.429827033601898,0.210413205567884,0.783747528440059,16.8786279683377,scoring/dir_006/AF-A7A0X8-F1-model_v4.pdb
0.85633102641674,0.514877036506933,0.814092715369323,0.118273527019329,0.386545541675771,0.189229743636214,0.582773661233923,27.2183908045977,scoring/dir_006/AF-A7A153-F1-model_v4.pdb
0.594179228201184,0.465758549520342,0.504138719919346,0.0578159239341199,0.782532014588116,0.3249637536349,0.796093545389369,5.17,scoring/dir_006/AF-A7A1N9-F1-model_v4.pdb
0.493686669716501,0.386459394395444,0.360613864140817,0.040401274286263,0.76780373011173,0.379062030954485,0.822612169686711,3.55263157894737,scoring/dir_006/AF-A7A1T1-F1-model_v4.pdb
0.819926379606398,0.396154476118955,0.808055571045161,0.12779354624046,0.290875617417786,0.167984347251054,0.597408899450335,32.6892430278884,scoring/dir_006/AF-A7A296-F1-model_v4.pdb
0.705112030401615,0.33265100209509,0.640319949489443,0.101943042160906,0.496305749298413,0.174104989538019,0.646468100433271,22.211743772242,scoring/dir_006/AF-B2BX19-F1-model_v4.pdb
0.651106246163832,0.494659934828364,0.562031541600131,0.0821797717166945,0.690748229395707,0.311935056866051,0.762897833967416,14.1804511278195,scoring/dir_006/AF-B2NIG5-F1-model_v4.pdb
0.728703767169716,0.374069540357994,0.70001882368856,0.113005710014799,0.324833607204814,0.183584413481746,0.665992679592684,21.3230337078652,scoring/dir_006/AF-B2NII9-F1-model_v4.pdb
1.12905709403325,0.700138472186194,1.0596156185727,0.203876130776421,0.476773179410017,0.193544629653895,0.339403775866265,22.3347280334728,scoring/dir_006/AF-B3LFN2-F1-model_v4.pdb
0.482460791459543,0.357883004011716,0.270632610055819,0.0368393736696012,0.837138345911197,0.391921371681784,0.801560339298668,3.5781990521327,scoring/dir_006/AF-B3LFU5-F1-model_v4.pdb
1.15299760852238,0.789760749705954,0.931898289474821,0.180218727485735,0.719122090332394,0.211717595966571,0.289438874847514,23.125,scoring/dir_006/AF-B3LGE0-F1-model_v4.pdb
0.570504740189986,0.449059132619311,0.537180943983843,0.083667232894204,0.394776513453172,0.346444463807019,0.826609554517028,7.47727272727273,scoring/dir_006/AF-B3LGG2-F1-model_v4.pdb
0.522655446049359,0.281587620055696,0.44303126124874,0.0617496090474353,0.412608493376756,0.227314371421461,0.753053125782564,16.4618473895582,scoring/dir_006/AF-B3LH01-F1-model_v4.pdb
0.393880073602631,0.263441474864237,0.302629220802062,0.0362275965882702,0.674506770828833,0.300299920779069,0.838873022291494,5.30407523510972,scoring/dir_006/AF-B3LHN3-F1-model_v4.pdb
0.775556644574176,0.467501218835759,0.721015436681526,0.126555051197175,0.437399936669358,0.225437392603177,0.630033863628744,18.1803278688525,scoring/dir_006/AF-B3LHR2-F1-model_v4.pdb
0.948334556016773,0.49161333123222,0.892011146527817,0.152425733810936,0.429246161337492,0.173191544511431,0.485841078543238,33.4385964912281,scoring/dir_006/AF-B3LI34-F1-model_v4.pdb
0.539163678127818,0.412580204826009,0.330543914037609,0.0487897808768822,0.709650694309846,0.396950229520825,0.751614198612146,3.52142857142857,scoring/dir_006/AF-B3LI61-F1-model_v4.pdb
0.847597004799658,0.394817902492504,0.813663944523583,0.132414262108593,0.328138694246206,0.169107103330995,0.569127434325277,22.6926315789474,scoring/dir_006/AF-B3LI95-F1-model_v4.pdb
0.913788257063879,0.619273465733985,0.776400031883327,0.175716797729943,0.334932349623813,0.287115012820014,0.464470939792511,8.48275862068966,scoring/dir_006/AF-B3LIC1-F1-model_v4.pdb
0.617317535347677,0.312683529772894,0.558937529585178,0.0743601120291958,0.458117268213771,0.186540534619372,0.717343245707081,14.9948320413437,scoring/dir_006/AF-B3LIJ1-F1-model_v4.pdb
0.755238876028055,0.576697317058768,0.672425768215124,0.0949381502174996,0.574548389707878,0.284043857258471,0.700712110108153,4.53846153846154,scoring/dir_006/AF-B3LIK8-F1-model_v4.pdb
0.805266767810348,0.561332479454285,0.7838217694576,0.168483309588451,0.220511933840203,0.318298298528285,0.691735887305401,18.7013888888889,scoring/dir_006/AF-B3LIP4-F1-model_v4.pdb
0.763241165283136,0.407433404736576,0.736433903631724,0.117800330296741,0.305743025720074,0.184105152045242,0.637558489614998,26.9844559585492,scoring/dir_006/AF-B3LJI4-F1-model_v4.pdb
0.66041801834261,0.344188476617271,0.595618520234797,0.0865653929088793,0.36077237832665,0.187373839184308,0.689949249010954,18.5695067264574,scoring/dir_006/AF-B3LJN9-F1-model_v4.pdb
0.981504590208098,0.657924802288615,0.963231715856675,0.186694570567865,0.372204825711634,0.219158731041894,0.499680563802639,15.8581560283688,scoring/dir_006/AF-B3LKF3-F1-model_v4.pdb
0.354747099390859,0.281040649585499,0.236870933370264,0.0229299108750845,0.816015080403488,0.39130857506995,0.86898256113047,3.49484536082474,scoring/dir_006/AF-B3LKM9-F1-model_v4.pdb
0.671123949339585,0.516444570733888,0.624171957715706,0.108061951346114,0.546425868392327,0.314303544802813,0.762510577763061,16.7849462365591,scoring/dir_007/AF-B3LKP5-F1-model_v4.pdb
0.830416819722695,0.404376534906459,0.811437781571483,0.132706718992293,0.308810830701905,0.171408875307841,0.586014680373691,34.966735966736,scoring/dir_007/AF-B3LKT0-F1-model_v4.pdb
0.837201659183371,0.564676839924974,0.710799200997013,0.117062697868929,0.457764026890329,0.272636595088856,0.52975469049299,4.875,scoring/dir_007/AF-B3LKX6-F1-model_v4.pdb
0.432532875378207,0.294172141560796,0.386821960046455,0.0633922034872465,0.386873295876004,0.295589839537589,0.834552419335898,11.2885906040268,scoring/dir_007/AF-B3LKY3-F1-model_v4.pdb
0.702253438277392,0.329312367123805,0.660542018384185,0.0975000133341426,0.355764684301102,0.185877024105322,0.668592226399046,27.3237250554324,scoring/dir_007/AF-B3LLK1-F1-model_v4.pdb
1.18779645232483,0.822919441024077,1.00788327211559,0.200645579738464,0.563682674680322,0.234879351920733,0.322106661924475,13.5530726256983,scoring/dir_007/AF-B3LM82-F1-model_v4.pdb
0.666561990839707,0.345177133472941,0.64335660329563,0.103080091883508,0.334194580791274,0.188563948016384,0.687180720790411,23.7135416666667,scoring/dir_007/AF-B3LMD0-F1-model_v4.pdb
0.739499124993022,0.409416636222087,0.640011226282249,0.0764175066259869,0.465509614968784,0.199901982776114,0.666948625656223,13.7929824561404,scoring/dir_007/AF-B3LMQ3-F1-model_v4.pdb
0.559445519247796,0.365845454066914,0.417654317205206,0.0578339765071102,0.445714719809718,0.281204835257974,0.744279387253183,10.2391304347826,scoring/dir_007/AF-B3LMQ9-F1-model_v4.pdb
0.594281115631637,0.292485053567816,0.554343578263492,0.0872488170383675,0.356908646380609,0.197844177151855,0.716810373616147,15.5484536082474,scoring/dir_007/AF-B3LMX2-F1-model_v4.pdb
0.993031519849451,0.705610882891875,0.817103378975107,0.152840146505276,0.402931193865162,0.256891749173314,0.452977239500926,9.21739130434783,scoring/dir_007/AF-B3LNP0-F1-model_v4.pdb
0.617160374824923,0.315158456637449,0.56717642050666,0.080087700250037,0.278668504332984,0.20361731707476,0.717935080592657,21.134328358209,scoring/dir_007/AF-B3LNQ6-F1-model_v4.pdb
0.355072890367485,0.235213965025778,0.293060994377675,0.0377891510103084,0.540730786183606,0.303346469270557,0.863598481375466,4.08467741935484,scoring/dir_007/AF-B3LP84-F1-model_v4.pdb
0.857901344579546,0.504254501630975,0.708996680153551,0.136983794445385,0.412479518497205,0.261493768769484,0.56235349117702,9.35714285714286,scoring/dir_007/AF-B3LP86-F1-model_v4.pdb
0.661002540528677,0.45052051849184,0.61716994160067,0.0973767309808589,0.3987535877944,0.252797746727424,0.730895235525506,14.7040816326531,scoring/dir_007/AF-B3LP87-F1-model_v4.pdb
1.14768158510329,0.929638585987678,1.03939853692433,0.198851142813677,0.339185759122752,0.28413977806751,0.449951339813114,9.38356164383562,scoring/dir_007/AF-B3LPT8-F1-model_v4.pdb
0.548676252777046,0.323040466771635,0.491986244490999,0.069012376318596,0.267015659057979,0.234041227258084,0.777253749924555,29.1818181818182,scoring/dir_007/AF-B3LPV4-F1-model_v4.pdb
0.657323141967627,0.310735286941778,0.612781002348939,0.0892839114257311,0.357515743280332,0.171854639263046,0.680337332741839,23.7690631808279,scoring/dir_007/AF-B3LQ85-F1-model_v4.pdb
0.441861489576221,0.288827561551889,0.340285594643938,0.0336909616182669,0.667007374919377,0.280392308997391,0.829403442491161,4.27027027027027,scoring/dir_007/AF-B3LR69-F1-model_v4.pdb
0.437290344394283,0.298462806699363,0.318295687600007,0.0333062817132008,0.661470915786755,0.31258525858352,0.84181817039072,3.77931034482759,scoring/dir_007/AF-B3LRF7-F1-model_v4.pdb
0.714749863720538,0.428714411215063,0.630235441892504,0.113933907749558,0.606227451976048,0.233666376287232,0.634855400771381,18.4082278481013,scoring/dir_007/AF-B3LRG8-F1-model_v4.pdb
0.707141781317764,0.551457057817253,0.456271841985952,0.120635351219871,0.765425391012706,0.436186012891927,0.580371017667774,3.45454545454545,scoring/dir_007/AF-B3LRX6-F1-model_v4.pdb
1.07262544274259,0.659411232750559,1.04643544542494,0.201943506477527,0.284180940692379,0.187860997479216,0.409135808916067,26.85,scoring/dir_007/AF-B3LRX8-F1-model_v4.pdb
0.757598461724787,0.554056627136986,0.348210765489725,0.079332318669706,0.776572811279213,0.405499912312726,0.611374555664022,3.50617283950617,scoring/dir_007/AF-B3LSH1-F1-model_v4.pdb
0.780539317572139,0.46721294633857,0.735902704220358,0.123609492731978,0.300122495033856,0.221412466244337,0.624048399258146,14.4807692307692,scoring/dir_007/AF-B3LSS6-F1-model_v4.pdb
0.41609869810479,0.259955854263279,0.371424014121227,0.0517242092049077,0.475307012002375,0.263644802199473,0.833399312072246,8.72191011235955,scoring/dir_007/AF-B3LSY2-F1-model_v4.pdb
0.629323427279572,0.421577612536597,0.156715009879553,0.0356777988301407,0.955050268780558,0.395813034068057,0.673530944590374,3.49137931034483,scoring/dir_007/AF-B3LTA7-F1-model_v4.pdb
0.690701451249064,0.441162848098533,0.640179288273154,0.103510093264281,0.487426555168419,0.242650391130273,0.708627707481061,12.1396648044693,scoring/dir_007/AF-B3LTJ6-F1-model_v4.pdb
0.589118989708704,0.368773600643285,0.531505816524419,0.0860788954452603,0.331942065500502,0.256394150756013,0.7384512125171,13,scoring/dir_007/AF-B3LTN4-F1-model_v4.pdb
0.728923751824367,0.496155576334484,0.706941570975959,0.136981234012345,0.357770437064272,0.266530233224259,0.689736812767635,13.4268774703557,scoring/dir_007/AF-B3LU16-F1-model_v4.pdb
0.454979465347139,0.377128787652015,0.38594655230101,0.0382477033864803,0.69930425016854,0.375631079978585,0.868792290134818,3.65034965034965,scoring/dir_007/AF-B3LU26-F1-model_v4.pdb
1.07409151381273,0.626243625315202,1.08405223357907,0.214516756194951,0.302930041107387,0.179293281506339,0.428138581838528,33.5384615384615,scoring/dir_007/AF-B3LU49-F1-model_v4.pdb
0.685545523258521,0.406868086902895,0.6575509753717,0.115626646331106,0.244947283846662,0.229071505458137,0.721696119932449,21.3037974683544,scoring/dir_007/AF-B3LU72-F1-model_v4.pdb
0.755047634095324,0.615724328645767,0.606253972408801,0.0901868818844417,0.649700070820238,0.36604224000525,0.728099624535246,3.64166666666667,scoring/dir_007/AF-B3LU92-F1-model_v4.pdb
0.797465134142417,0.461908339583421,0.679331159222084,0.0899254547089489,0.512232542739766,0.203580424957374,0.598752682682586,11.2033898305085,scoring/dir_007/AF-B3LUF0-F1-model_v4.pdb
0.850280076415118,0.447726703598906,0.836302104275512,0.149695078646186,0.241754530959997,0.184124210516941,0.59137667105126,29.5811965811966,scoring/dir_007/AF-B3LUM0-F1-model_v4.pdb
0.603820720531461,0.337808583124092,0.569546577462986,0.0806952215795062,0.331112646922674,0.204586897970467,0.738686724262366,18.9107142857143,scoring/dir_007/AF-B3LUS7-F1-model_v4.pdb
0.820158855089682,0.456427661556128,0.732707325895562,0.110622347660432,0.402055159525309,0.191350249110599,0.568025980796015,18.2044025157233,scoring/dir_007/AF-B3RHQ0-F1-model_v4.pdb
0.871187506672708,0.473559980499564,0.84343823219554,0.155553651724991,0.399613058438743,0.195466973458212,0.549332807438388,20.6456692913386,scoring/dir_007/AF-B5LYQ1-F1-model_v4.pdb
0.509611470630119,0.264275088933292,0.467388906003227,0.0793656564797488,0.277651857678337,0.219334745905875,0.759363757227105,20.4851936218679,scoring/dir_007/AF-B5VDJ9-F1-model_v4.pdb
0.798357727987161,0.409758064052979,0.768771607661113,0.126106870948181,0.398488440568984,0.179510680071041,0.603359020217626,26.8694362017804,scoring/dir_007/AF-B5VDQ6-F1-model_v4.pdb
0.676725852411078,0.34176755448627,0.638236248598245,0.120468845453016,0.356158201829874,0.210616342137677,0.647476216579202,13.0534223706177,scoring/dir_007/AF-B5VDT3-F1-model_v4.pdb
0.587127035038376,0.394447484555344,0.509431043897038,0.0815473083501286,0.5922238023895,0.281503010148386,0.734410671492897,10.3245033112583,scoring/dir_007/AF-B5VDV2-F1-model_v4.pdb
0.862157663933129,0.384054515571084,0.855020538674712,0.140568035049978,0.307099241718992,0.160912590338666,0.563634412660706,36.3615257048093,scoring/dir_007/AF-B5VDW3-F1-model_v4.pdb
0.530967075389808,0.325892383904424,0.476938593633572,0.0652753133260514,0.366569041180081,0.249528434495017,0.777774655416078,12.1391941391941,scoring/dir_007/AF-B5VE34-F1-model_v4.pdb
0.808651674157652,0.378378248836701,0.768806383430287,0.121916733181071,0.462568526532633,0.173373333004208,0.573371078648647,24.2741116751269,scoring/dir_007/AF-B5VEB6-F1-model_v4.pdb
0.900760623919428,0.419943915730253,0.867342184885099,0.142718571601122,0.412914717236335,0.165640220361992,0.544155803647709,31.7347294938918,scoring/dir_007/AF-B5VEC6-F1-model_v4.pdb
0.908891433820819,0.494288402579583,0.83352574924955,0.14510508859383,0.347274247824843,0.196268100707874,0.558178755172906,20.4943181818182,scoring/dir_007/AF-B5VEJ2-F1-model_v4.pdb
0.782006678135446,0.386874188217238,0.756223863656753,0.122310947134905,0.265331463009992,0.175424191658045,0.634576582682272,42.94555353902,scoring/dir_007/AF-B5VET2-F1-model_v4.pdb
0.62983702768351,0.35380709072095,0.613743849461047,0.101216710311056,0.285669899732897,0.203924607912026,0.736742598183618,36.8041958041958,scoring/dir_007/AF-B5VET9-F1-model_v4.pdb
0.675138910580769,0.402212523409122,0.610107769081246,0.0941086257809437,0.498276779582271,0.219450665860495,0.673427339218629,23.9626865671642,scoring/dir_007/AF-B5VEU4-F1-model_v4.pdb
0.650606246975948,0.363290179278229,0.601454036416155,0.0946172427441513,0.260587056159284,0.207760026645703,0.702880770604101,20.4222222222222,scoring/dir_007/AF-B5VEU8-F1-model_v4.pdb
0.735315249490309,0.343710611064089,0.688763014693105,0.110088797488754,0.325992791214047,0.184832298342527,0.631158611005931,17.4409282700422,scoring/dir_007/AF-B5VEV7-F1-model_v4.pdb
0.557728133929794,0.271061965686837,0.491808021010444,0.0711838695615587,0.555763893071868,0.190037178128068,0.72736924743125,19.0246305418719,scoring/dir_007/AF-B5VEY8-F1-model_v4.pdb
0.63091462481886,0.389575391912022,0.620217943777639,0.121400155339741,0.289788842156582,0.24327723942435,0.736128695738792,23.591054313099,scoring/dir_007/AF-B5VF29-F1-model_v4.pdb
0.6713284206249,0.540976074178963,0.589348927970576,0.137911041317627,0,0.417966483434764,0.725712443620602,3,scoring/dir_007/AF-B5VFB3-F1-model_v4.pdb
0.736261114084438,0.326101900018113,0.655396431506076,0.0981680052407705,0.473987467567983,0.174557965261177,0.601108448541689,17.3465553235908,scoring/dir_007/AF-B5VFK4-F1-model_v4.pdb
0.745999877523685,0.48553554567191,0.717076919498936,0.158660181771343,0.309394649435404,0.273765600569389,0.64415970285696,19.6751824817518,scoring/dir_007/AF-B5VFK6-F1-model_v4.pdb
0.794199641995179,0.603771688460813,0.697027631309533,0.115068220076878,0.53729248975275,0.301663241820074,0.665045984312064,6.77443609022556,scoring/dir_007/AF-B5VFN7-F1-model_v4.pdb
1.01761530185282,0.563554943796922,1.01097095729608,0.185173181826296,0.252033553798888,0.176681103564508,0.476598026611936,25.4107142857143,scoring/dir_007/AF-B5VFU0-F1-model_v4.pdb
0.821886984227243,0.367767216903198,0.79264697769631,0.121436761346097,0.389660923786152,0.162105337983501,0.591222894716916,29.3234714003945,scoring/dir_007/AF-B5VFV4-F1-model_v4.pdb
0.4961528960437,0.285499582129025,0.450562179212801,0.0555056927848144,0.499882971181047,0.214438393312555,0.787210634766003,19.6501901140684,scoring/dir_007/AF-B5VG32-F1-model_v4.pdb
0.418077209349249,0.286272336205802,0.382742614822611,0.0444927256024037,0.384187151371737,0.269292230580379,0.874133166940697,10.6325301204819,scoring/dir_007/AF-B5VG52-F1-model_v4.pdb
0.766980782914158,0.58490538335723,0.435719481307888,0.0964082064592456,0.912508764743921,0.409523510422763,0.606135957403724,3.46428571428571,scoring/dir_007/AF-B5VG58-F1-model_v4.pdb
0.594492006909231,0.364742421128649,0.542826842135684,0.0677100109052201,0.639670402929262,0.210333860201815,0.735593799180708,28.1061224489796,scoring/dir_007/AF-B5VGA7-F1-model_v4.pdb
0.60577165029925,0.304026815718839,0.563893902464051,0.0741185563672374,0.319675078453329,0.176932644652092,0.721772436967222,28.1127167630058,scoring/dir_007/AF-B5VGG6-F1-model_v4.pdb
0.936655439698773,0.424141924713072,0.87848733125207,0.126321419805599,0.308997946979699,0.15576188219037,0.532023865230645,20.8270142180095,scoring/dir_007/AF-B5VGI8-F1-model_v4.pdb
0.679491080269404,0.335243442164398,0.659958174553375,0.106481458559955,0.335120915970204,0.183118159587206,0.676308727616166,19.8659340659341,scoring/dir_007/AF-B5VGJ4-F1-model_v4.pdb
0.430529350201085,0.310394265838926,0.36314809988017,0.0374311044792728,0.652971581846291,0.304168123616151,0.857745470053345,5.03105590062112,scoring/dir_007/AF-B5VGU5-F1-model_v4.pdb
0.842937263842138,0.380069800402551,0.787900497289317,0.120316436009107,0.48586113071868,0.156286428776387,0.54995562957767,29.9888178913738,scoring/dir_007/AF-B5VHF7-F1-model_v4.pdb
1.01921580741482,0.558741483935112,0.939433619671809,0.150678192654201,0.539324621778984,0.170109512580083,0.454678688331991,26.7106598984772,scoring/dir_007/AF-B5VHL4-F1-model_v4.pdb
0.641130296636622,0.319967840001948,0.569052725041967,0.0866260608522192,0.427294092857616,0.199127666505854,0.714215981656325,19.72,scoring/dir_007/AF-B5VHS0-F1-model_v4.pdb
0.856188729196515,0.42409925553378,0.833785827749248,0.145913151801333,0.311080609807556,0.17807093623028,0.586403258231736,41.0268456375839,scoring/dir_007/AF-B5VHU0-F1-model_v4.pdb
0.839924391377936,0.397167086482345,0.834467693578653,0.135913819257182,0.303499906945855,0.16084875172735,0.563179730848223,23.409972299169,scoring/dir_007/AF-B5VHX9-F1-model_v4.pdb
0.323403413732088,0.249559482889426,0.234184057026941,0.0239356343176335,0.770119837462502,0.373289389377845,0.890050936045141,3.56818181818182,scoring/dir_007/AF-B5VI60-F1-model_v4.pdb
0.644507117073031,0.325027390190133,0.61797206615006,0.0938034423479386,0.342379246598605,0.186522897508798,0.698797242326742,14.9796954314721,scoring/dir_007/AF-B5VIJ5-F1-model_v4.pdb
0.50023040089565,0.28756300866676,0.442673062799285,0.0561946072526769,0.419975823334455,0.230609926685225,0.785271221728745,7.44857142857143,scoring/dir_007/AF-B5VIK2-F1-model_v4.pdb
0.47426261675424,0.272119361316363,0.428808981558934,0.0479128126424435,0.44547452958188,0.216853799764888,0.80145190141259,6.93002915451895,scoring/dir_007/AF-B5VIP8-F1-model_v4.pdb
0.697967819359391,0.346209732805189,0.666384509340179,0.109023408403069,0.32737973048674,0.194137362957829,0.666132834633114,18.770618556701,scoring/dir_007/AF-B5VIU3-F1-model_v4.pdb
0.57260276183184,0.319144095601119,0.54499175177356,0.0851438327196337,0.329510112513683,0.209542391247088,0.751994825085226,19.181141439206,scoring/dir_007/AF-B5VIU5-F1-model_v4.pdb
0.641208127790991,0.297446898972095,0.570725694615126,0.0663687774387438,0.402482492791452,0.167769274486114,0.676422087899587,15.3775933609959,scoring/dir_007/AF-B5VIY6-F1-model_v4.pdb
0.743280264831788,0.428672616382577,0.721781648536823,0.109613270418644,0.37743814093083,0.193951288743994,0.639858341858011,20.8071065989848,scoring/dir_007/AF-B5VJ13-F1-model_v4.pdb
0.966465008001326,0.787283663683077,0.846639424471154,0.206232671986899,0.306062594562289,0.366086939805974,0.528576229902651,4.20408163265306,scoring/dir_007/AF-B5VJ64-F1-model_v4.pdb
0.813765534711274,0.608762578589825,0.568445395148564,0.136886849628585,0.830066891380814,0.411878466750755,0.630726185009508,3.39393939393939,scoring/dir_007/AF-B5VJC1-F1-model_v4.pdb
0.71615406560566,0.347121962235426,0.697743977026238,0.105823553640375,0.281139969965069,0.17067961123427,0.667363646480115,34.6739130434783,scoring/dir_007/AF-B5VJF3-F1-model_v4.pdb
0.372588160164455,0.289714174645196,0.211604401015307,0.0173233998416847,0.887350237972163,0.389831506688995,0.856436844932389,3.49824561403509,scoring/dir_007/AF-B5VJH7-F1-model_v4.pdb
0.624045048402991,0.335971465266038,0.602345582473862,0.0922684255734102,0.394355701021463,0.186900292292453,0.719016940676118,27.983908045977,scoring/dir_007/AF-B5VJM7-F1-model_v4.pdb
0.907161997469208,0.698372124803256,0.635567326123846,0.136728595135898,0.64924470309926,0.358454872749416,0.423792416789837,3.77464788732394,scoring/dir_007/AF-B5VJU9-F1-model_v4.pdb
0.696146738404123,0.325263346023181,0.671531516904475,0.111995080271008,0.323452880309917,0.182509168732053,0.656110054703187,22.6175298804781,scoring/dir_007/AF-B5VJV6-F1-model_v4.pdb
0.943312001329553,0.566577693741116,0.931778046480353,0.171659148820642,0.336992658083273,0.191732354327629,0.51122073787644,21.8691983122363,scoring/dir_007/AF-B5VJY5-F1-model_v4.pdb
0.540271457425441,0.368429508195917,0.421439166680248,0.062034813462484,0.46446499778661,0.313186854013477,0.745755858849576,5.17241379310345,scoring/dir_007/AF-B5VJZ4-F1-model_v4.pdb
0.607206855477376,0.295012888642456,0.555393029396174,0.0869107159675124,0.325786162236296,0.19536669662564,0.70059183613825,20.4831460674157,scoring/dir_007/AF-B5VK22-F1-model_v4.pdb
0.654109432647524,0.317409604499872,0.58507605815707,0.100159108618391,0.433287647646155,0.205079624219592,0.671195253474016,12.084229390681,scoring/dir_007/AF-B5VK51-F1-model_v4.pdb
0.72936456145995,0.4264692404552,0.649074469019011,0.106303849848258,0.603658769968387,0.209510986720996,0.64523464278618,27.9442231075697,scoring/dir_007/AF-B5VK60-F1-model_v4.pdb
0.673562745187487,0.339392360808781,0.625448758998676,0.0917451177008179,0.343683403006869,0.184966780767393,0.681874205282202,23.0316301703163,scoring/dir_007/AF-B5VK82-F1-model_v4.pdb
0.56187213502823,0.291541719355455,0.548143747379115,0.0789338836527547,0.361607504908651,0.185517619045761,0.757888649851029,40.5216049382716,scoring/dir_007/AF-B5VKB9-F1-model_v4.pdb
0.738821976517153,0.349226416484388,0.727280402043778,0.112812142484786,0.407188193866972,0.167049115773615,0.634191098663912,27.0989010989011,scoring/dir_007/AF-B5VKD2-F1-model_v4.pdb
0.716504627369155,0.39876418996042,0.663906518786895,0.111904729693849,0.383506038506435,0.205772112702778,0.682040617739126,15.6052631578947,scoring/dir_007/AF-B5VKU2-F1-model_v4.pdb
0.803399071985636,0.366623812680509,0.728855319823784,0.122880561812736,0.447451059674018,0.179343432115688,0.565768738336123,16.582560296846,scoring/dir_007/AF-B5VLM3-F1-model_v4.pdb
0.84499764566867,0.426181464348431,0.803629824237043,0.128263644017659,0.362168126871711,0.173435524742593,0.579023962699237,25.4514563106796,scoring/dir_007/AF-B5VLN0-F1-model_v4.pdb
1.24713379950256,0.982234139129448,1.0298396803411,0.210260525968568,0.574526381223871,0.257789582013058,0.283473949429261,6.86486486486487,scoring/dir_008/AF-B5VLY3-F1-model_v4.pdb
0.773354016323717,0.346175802732246,0.719791205419751,0.108092936340257,0.386943242450626,0.166614174895203,0.615372484004781,28.0242825607064,scoring/dir_008/AF-B5VM10-F1-model_v4.pdb
0.785147393221308,0.365232733669158,0.742691282005376,0.112636397944051,0.330676551844741,0.161149950251921,0.60704018602655,35.2780373831776,scoring/dir_008/AF-B5VM33-F1-model_v4.pdb
0.580730332297267,0.39179032891708,0.261380929913345,0.0597461734168992,0.904374671535813,0.395455049599107,0.68686690040155,3.44943820224719,scoring/dir_008/AF-B5VMA0-F1-model_v4.pdb
0.345959896158009,0.274966243177298,0.2960158217591,0.02885717203723,0.747313903760222,0.34037606229714,0.90851915446554,5.96323529411765,scoring/dir_008/AF-B5VMR9-F1-model_v4.pdb
0.958532371503428,0.528148415922807,0.857792279754742,0.131759763734327,0.559546342883056,0.174917859210203,0.463935289189439,21.1618122977346,scoring/dir_008/AF-B5VMU4-F1-model_v4.pdb
0.820775490596004,0.405908789039118,0.793325039962305,0.122086816103604,0.37895120827755,0.167881289645376,0.580207184712437,32.6177215189873,scoring/dir_008/AF-B5VMV2-F1-model_v4.pdb
0.855615648151034,0.718515378548035,0.5371872302006,0.0766057203414776,0.735928145811219,0.383323452467396,0.626390206283488,3.56382978723404,scoring/dir_008/AF-B5VMY3-F1-model_v4.pdb
0.499469798885301,0.289039135739168,0.475261580253706,0.061851635946771,0.360733557738865,0.199497401274767,0.802233023443212,21.6615384615385,scoring/dir_008/AF-B5VN25-F1-model_v4.pdb
0.775616222018688,0.638274629698349,0.526623104979325,0.13906278668359,0.614889535775315,0.415452612880315,0.52509333161907,3.48571428571429,scoring/dir_008/AF-B5VN41-F1-model_v4.pdb
0.795672491498997,0.411713306158258,0.729283568057586,0.115763744851192,0.511395502719617,0.182674509763357,0.594997971016746,21.5563909774436,scoring/dir_008/AF-B5VNJ1-F1-model_v4.pdb
0.835689400382786,0.645290530782733,0.746812569584762,0.127175880331386,0.42109471401633,0.322179202463856,0.708214087525971,5.76136363636364,scoring/dir_008/AF-B5VNS5-F1-model_v4.pdb
0.604736192554881,0.356099838113244,0.543366695280339,0.0800698252490319,0.326451345254651,0.231775504026872,0.743024683231131,14.4782608695652,scoring/dir_008/AF-B5VNX8-F1-model_v4.pdb
0.692759274383411,0.47787430208449,0.120704278001592,0.0297877328658612,0.94471346727106,0.410620607620545,0.640609663047155,3.49019607843137,scoring/dir_008/AF-B5VP96-F1-model_v4.pdb
0.723376461743445,0.376984765584013,0.661386050238944,0.100922219538695,0.430296909811099,0.194331538516671,0.644343380548888,20.9830985915493,scoring/dir_008/AF-B5VPB4-F1-model_v4.pdb
0.768098897221365,0.371635020036967,0.735604330093587,0.110931612553369,0.332014209380304,0.169854762400144,0.616097411252307,23.4254385964912,scoring/dir_008/AF-B5VPB6-F1-model_v4.pdb
0.734853973201008,0.553586167106349,0.399322612709594,0.0900028570725872,0.767567116524368,0.400887163758138,0.571805114619026,3.5,scoring/dir_008/AF-B5VPD1-F1-model_v4.pdb
0.699405917288746,0.385995219292146,0.67125116352359,0.110446622709691,0.349790071363305,0.198546008485091,0.673556834443042,13.5739130434783,scoring/dir_008/AF-B5VPE7-F1-model_v4.pdb
0.660662183946543,0.327334410448031,0.639823741974961,0.109505615714068,0.325226865173199,0.190136409768855,0.675969228449232,20.9243353783231,scoring/dir_008/AF-B5VPF5-F1-model_v4.pdb
0.752820068518317,0.380412686272332,0.722321702543795,0.11586412799437,0.41671537500143,0.182789025465265,0.627642179180114,24.1325,scoring/dir_008/AF-B5VPJ6-F1-model_v4.pdb
0.793049304740687,0.376559090530337,0.76304189469185,0.126381020900644,0.375556026556077,0.174705358164567,0.620780043506729,30.5521582733813,scoring/dir_008/AF-B5VPT9-F1-model_v4.pdb
0.770787637910385,0.422302474545331,0.760460902124973,0.130277282947697,0.263292163704741,0.188251387067322,0.646043689077796,24.7621951219512,scoring/dir_008/AF-B5VPW3-F1-model_v4.pdb
0.924666007740148,0.463929885696031,0.928989071186393,0.166682172681933,0.308024209383476,0.170369637621145,0.522295256768154,29.6341463414634,scoring/dir_008/AF-B5VQ14-F1-model_v4.pdb
0.881673269424493,0.503595524994125,0.79041659310768,0.118171792769027,0.422159248080008,0.195222322177016,0.554960975525852,11.27969348659,scoring/dir_008/AF-B5VQ67-F1-model_v4.pdb
0.754382431886108,0.352279763378646,0.705873861430629,0.113201566419963,0.443736432791215,0.171072492594551,0.606073587325098,22.5297297297297,scoring/dir_008/AF-B5VQ91-F1-model_v4.pdb
0.931649543454692,0.605515051685257,0.769341975038481,0.126278072599215,0.670334165329557,0.213268254186636,0.500659410697574,15.813829787234,scoring/dir_008/AF-B5VQA8-F1-model_v4.pdb
0.869294512999636,0.424572186855434,0.760138924271315,0.111893961420904,0.569708033297888,0.164022223147291,0.553377430144147,34.9201680672269,scoring/dir_008/AF-B5VQC7-F1-model_v4.pdb
0.344195479790646,0.275105236486503,0.271549540376196,0.0237658090515246,0.807218814469794,0.370677219308281,0.903296151467321,3.53703703703704,scoring/dir_008/AF-B5VQJ8-F1-model_v4.pdb
0.716357881605756,0.337512028956388,0.699240421221959,0.100388191305535,0.353761273391226,0.162860751714296,0.660560608936401,32.7815845824411,scoring/dir_008/AF-B5VQK0-F1-model_v4.pdb
0.784724158504907,0.597289052563671,0.526165304737104,0.131495846840168,0.862615186477712,0.404843817998023,0.644849817209572,3.48387096774194,scoring/dir_008/AF-B5VQK9-F1-model_v4.pdb
0.731596958501751,0.574811855448934,0.448053388360034,0.107528443468833,0.622669123100367,0.40325069208718,0.587793276410694,3.52054794520548,scoring/dir_008/AF-B5VQT3-F1-model_v4.pdb
0.729175720906056,0.354980993798406,0.686129575194477,0.10293000929454,0.373846327765754,0.17309454901464,0.632943560671999,17.7857142857143,scoring/dir_008/AF-B5VQT5-F1-model_v4.pdb
0.567477463236128,0.313619069096451,0.548598354430084,0.088329973033098,0.410870014130181,0.202228029936502,0.742500485327579,18.8519736842105,scoring/dir_008/AF-B5VR03-F1-model_v4.pdb
0.627014119415117,0.468179432093771,0.289170805097089,0.0713653165264533,0.810654906048036,0.412161076874399,0.59964708457251,3.49450549450549,scoring/dir_008/AF-B5VRA6-F1-model_v4.pdb
0.66129458263711,0.520321040634764,0.458754577113516,0.099119933121709,0.658467212189315,0.404055898143289,0.636270168865466,3.49514563106796,scoring/dir_008/AF-B5VRD5-F1-model_v4.pdb
0.725138609380394,0.338892541789141,0.72314121840365,0.122065938895355,0.329246513526324,0.177731688553963,0.650323661711216,30.4884210526316,scoring/dir_008/AF-B5VRI9-F1-model_v4.pdb
0.877104664053339,0.545139708485748,0.800895478149112,0.136247335610176,0.332376697503501,0.228321603652805,0.550899985854765,11.7137254901961,scoring/dir_008/AF-B5VRK4-F1-model_v4.pdb
0.560844723318841,0.294262449432801,0.487001800230553,0.0845687864273798,0.474889370013419,0.226307660023698,0.724773941437358,13.3062880324544,scoring/dir_008/AF-B5VRQ9-F1-model_v4.pdb
1.18247546514675,0.955990598708114,0.927358427091623,0.258965136793306,0.471946802207475,0.31976925540509,0.321318653929693,8.29411764705882,scoring/dir_008/AF-B5VS24-F1-model_v4.pdb
0.708511040581224,0.325769054830575,0.680904062854193,0.102224077049113,0.323436732261888,0.165527412270058,0.65374818404524,31.7263157894737,scoring/dir_008/AF-B5VS31-F1-model_v4.pdb
0.891134752582215,0.446569057727899,0.872110104618838,0.150127739402788,0.330899678966087,0.17750134270846,0.535090202463286,27.8711943793911,scoring/dir_008/AF-B5VS66-F1-model_v4.pdb
0.640188145962939,0.296181853534135,0.613562941149938,0.0805573985539728,0.304323418276197,0.163264436958578,0.69622325809895,25.7076167076167,scoring/dir_008/AF-B5VS91-F1-model_v4.pdb
0.521351016106957,0.301499258419455,0.482343747812118,0.081392376759661,0.403306985369727,0.239722805187284,0.777517189439956,15.5420289855072,scoring/dir_008/AF-B5VSB7-F1-model_v4.pdb
0.762634173772122,0.353998753705356,0.735004511781315,0.108217529389148,0.382102913267067,0.172954941669737,0.645461990798423,25.1647597254005,scoring/dir_008/AF-B5VSB8-F1-model_v4.pdb
0.729937532907753,0.595163387442465,0.63956851719448,0.113501037603543,0.544064291025749,0.403416962002291,0.722818502260393,3.42857142857143,scoring/dir_008/AF-B5VSC1-F1-model_v4.pdb
0.542942138197269,0.265023988611443,0.514281839726035,0.0810051539289451,0.420152482767884,0.196430715193036,0.743129264343446,19.1585365853659,scoring/dir_008/AF-B5VSC2-F1-model_v4.pdb
0.692728771210673,0.345886921093765,0.663065717476802,0.0983536022776824,0.335278639360491,0.177509696368694,0.689226136309877,33.6258205689278,scoring/dir_008/AF-B5VSC7-F1-model_v4.pdb
0.760797388410273,0.350652374655717,0.735157832768901,0.11693917173365,0.338654611120199,0.165351424465488,0.613199870113834,31.2,scoring/dir_008/AF-B5VSD9-F1-model_v4.pdb
0.823909154455563,0.401317004354107,0.796862020418621,0.130419874362785,0.336026030640356,0.169512949894002,0.60953925873556,30.4513888888889,scoring/dir_008/AF-B5VSG5-F1-model_v4.pdb
0.777606069311991,0.492365425497942,0.758925723491917,0.129790290616498,0.27905082344035,0.216970584912553,0.651275624388954,15.4780487804878,scoring/dir_008/AF-B5VSI0-F1-model_v4.pdb
0.736201637961211,0.378483335249828,0.681681147067583,0.105539443145001,0.283491706838775,0.193925067732946,0.658055769271285,22.6330935251799,scoring/dir_008/AF-B5VSL1-F1-model_v4.pdb
0.727354194072394,0.328431947838334,0.686216172408202,0.0983705127306687,0.41971373937276,0.16742667474207,0.628287191011009,18.8121212121212,scoring/dir_008/AF-B5VSX5-F1-model_v4.pdb
0.366704444736835,0.252320771861485,0.317883980452034,0.0503304110932924,0.501852522205809,0.317678222055457,0.862417857187589,6.92272727272727,scoring/dir_008/AF-B5VT22-F1-model_v4.pdb
1.12453332290185,0.80165173493348,0.873198607047877,0.186443363186763,0.558953773502481,0.289783290317458,0.335915349012898,7.15277777777778,scoring/dir_008/AF-B5VT36-F1-model_v4.pdb
0.606674252457113,0.297491855583139,0.569766355495857,0.087156947505511,0.309744999823391,0.191286121410428,0.721544191140957,23.5729847494553,scoring/dir_008/AF-B5VT89-F1-model_v4.pdb
0.786553678058665,0.355200441606757,0.735058393757812,0.0994835136843042,0.514451508541107,0.151832810612297,0.593145668235682,31.0660377358491,scoring/dir_008/AF-B5VTC9-F1-model_v4.pdb
1.02015057470442,0.552162391126999,0.962523993094301,0.170177253166042,0.304638776650259,0.179590436808336,0.444525773861812,17.6328125,scoring/dir_008/AF-B5VTE9-F1-model_v4.pdb
0.799973370620075,0.381190299338227,0.769598469860561,0.124862870296991,0.372491168191674,0.171671000954414,0.588938878150583,24.5343811394892,scoring/dir_008/AF-B5VTK4-F1-model_v4.pdb
0.644683884808855,0.347912816981351,0.606019470714456,0.08293876753135,0.326029240739297,0.193419194663177,0.717319799609346,15.2365591397849,scoring/dir_008/AF-B5VTL0-F1-model_v4.pdb
0.505503941779928,0.275464307421964,0.478342759949785,0.0705202270614914,0.46107783010734,0.208958378104274,0.766135944963337,11.6586826347305,scoring/dir_008/AF-B5VTN7-F1-model_v4.pdb
0.641879822496561,0.44978596179585,0.294057655899939,0.0562586986010302,0.791713467523658,0.378699364878773,0.636142695769844,3.7047619047619,scoring/dir_008/AF-B7X6Z7-F1-model_v4.pdb
0.828553609649406,0.452400436024914,0.800112496712663,0.135355020408774,0.316016659306179,0.188459805202732,0.599434308866301,29.0456026058632,scoring/dir_008/AF-B7X701-F1-model_v4.pdb
0.698711455898716,0.504373506889027,0.550095412304526,0.133645017743546,0.629609179690515,0.416099148267943,0.663891203464754,3.81578947368421,scoring/dir_008/AF-B8ZJH1-F1-model_v4.pdb
0.81178887757168,0.370106077811038,0.777301723756542,0.122396152025697,0.345379022233015,0.164881246017795,0.590853201488241,26.9409190371991,scoring/dir_008/AF-C5I8G0-F1-model_v4.pdb
0.606113073927036,0.291415531929788,0.577346503220594,0.0906225321915345,0.367037874067668,0.190854724234936,0.705189796967981,23.4543378995434,scoring/dir_008/AF-C5I8J9-F1-model_v4.pdb
0.770544066595868,0.649946558331101,0.684447388687993,0.118610496318466,0.520437964648959,0.393037179044377,0.701085996332982,3.52380952380952,scoring/dir_008/AF-C7GIM7-F1-model_v4.pdb
0.577412454151985,0.379752174401148,0.519943833555894,0.0745763964422811,0.505543555387656,0.244071000397801,0.77264877448452,14.372197309417,scoring/dir_008/AF-C7GIU6-F1-model_v4.pdb
0.695595191802756,0.359130652434071,0.677352158742259,0.122009512669952,0.256297401157957,0.196200037228473,0.680078334516709,39.656314699793,scoring/dir_008/AF-C7GJ30-F1-model_v4.pdb
0.816015582956685,0.461100571542658,0.778655703808271,0.134957204380209,0.364867827694412,0.194549400954369,0.59753891868908,23,scoring/dir_008/AF-C7GJJ1-F1-model_v4.pdb
0.929896795304068,0.512891840724509,0.878340499277507,0.162082235298758,0.410810321849034,0.190523909038598,0.477380234339013,29.9484536082474,scoring/dir_008/AF-C7GJN7-F1-model_v4.pdb
1.06667117774145,0.618105858646005,1.02530539991975,0.189214843449772,0.362372376534369,0.182702044815656,0.434186562402858,28.8785046728972,scoring/dir_008/AF-C7GK56-F1-model_v4.pdb
0.564192656020868,0.303655473183023,0.467762550966822,0.0615570719449113,0.357757622339106,0.222948217502919,0.726572078500377,17.7025495750708,scoring/dir_008/AF-C7GL79-F1-model_v4.pdb
0.892739416116407,0.450088303101735,0.878014659038192,0.138648415761907,0.290607337660278,0.163713571115796,0.573657221154146,42.2156862745098,scoring/dir_008/AF-C7GLB0-F1-model_v4.pdb
0.949683621152593,0.591170346595547,0.928184870951019,0.180198147755924,0.399343658435428,0.210041948629491,0.515509774923252,30.168,scoring/dir_008/AF-C7GLF0-F1-model_v4.pdb
0.765508469138527,0.412577280970029,0.756996555804952,0.143925157071696,0.331000519364818,0.203876591538163,0.624444286864091,20.0325203252032,scoring/dir_008/AF-C7GLJ2-F1-model_v4.pdb
0.622928138834241,0.321364070610029,0.58896150387145,0.0875538761750976,0.414786592574055,0.189632785448643,0.696288815612543,17.4229074889868,scoring/dir_008/AF-C7GLR4-F1-model_v4.pdb
0.603913139658222,0.348837192067904,0.575055558726397,0.108512830143839,0.37944806402081,0.238920419267015,0.723192726910216,15.6464968152866,scoring/dir_008/AF-C7GM20-F1-model_v4.pdb
0.800852985677322,0.488653382257751,0.627348525867628,0.164474133211992,0.4252442881753,0.28967557931804,0.54678323991349,15.9900497512438,scoring/dir_008/AF-C7GP53-F1-model_v4.pdb
0.870344353819676,0.461092239863888,0.846909632561461,0.164893064007945,0.290487060186935,0.188508260473689,0.548491698076191,26.8056994818653,scoring/dir_008/AF-C7GQ83-F1-model_v4.pdb
0.538797790620396,0.297033838495999,0.477871836110267,0.073143414608294,0.393436063018444,0.229511752287529,0.752280928693578,11.9020979020979,scoring/dir_008/AF-C7GQB0-F1-model_v4.pdb
0.53433596920998,0.326524523248895,0.434435622611483,0.0667804737394081,0.395060945704489,0.265823220826208,0.746527085827362,12.5963636363636,scoring/dir_008/AF-C7GRS7-F1-model_v4.pdb
0.768166016924217,0.422874966269923,0.729471087620814,0.108801469283078,0.306141333871647,0.197136435494161,0.649200740201527,13.8441926345609,scoring/dir_008/AF-C7GRT2-F1-model_v4.pdb
0.883958644873666,0.412815042367621,0.850336880361575,0.139180962414399,0.261874080445624,0.159114697956155,0.546880045959454,36.0365384615385,scoring/dir_008/AF-C7GRW4-F1-model_v4.pdb
0.905380152451635,0.58162195625193,0.767020933795773,0.139093199619588,0.421884733578267,0.254090123928508,0.490369989498905,8.5,scoring/dir_008/AF-C7GSI6-F1-model_v4.pdb
0.340318558298299,0.250250057603525,0.260029698370532,0.025379509366858,0.760318222031171,0.333327281636195,0.884662077632446,3.55223880597015,scoring/dir_008/AF-C7GSL1-F1-model_v4.pdb
0.994067729097522,0.548780695498284,0.977672503538983,0.180790879950357,0.286324539387033,0.177955394185244,0.521658123253337,45.3668903803132,scoring/dir_008/AF-C7GSV8-F1-model_v4.pdb
0.940861710643666,0.455218722892962,0.917644460916589,0.146774878542672,0.254324746555662,0.15563770554751,0.542851777836565,42.7342007434944,scoring/dir_008/AF-C7GT65-F1-model_v4.pdb
0.776267446374856,0.448053021767114,0.728727907019234,0.123908749025535,0.331003212007579,0.215116441551887,0.606711065436297,11.5810810810811,scoring/dir_008/AF-C7GTK7-F1-model_v4.pdb
0.758168825428435,0.513160894128313,0.645579945351031,0.0965544286966558,0.497789430948955,0.258388105104121,0.65487266064536,7.60326086956522,scoring/dir_008/AF-C7GTQ7-F1-model_v4.pdb
0.702615523404381,0.389104550227477,0.689284637172423,0.108877413836166,0.326712410049293,0.189552692717523,0.690678601849061,30.5217391304348,scoring/dir_008/AF-C7GTQ9-F1-model_v4.pdb
0.740578262074993,0.573154520189311,0.647034784162257,0.105939257178808,0.40456935458159,0.33465600494358,0.687590080045298,4.8961038961039,scoring/dir_008/AF-C7GTT7-F1-model_v4.pdb
0.670540174377301,0.341575928411817,0.639453003298261,0.102130150539495,0.333839488619887,0.185593278777796,0.68720267645219,33.4372623574144,scoring/dir_008/AF-C7GUQ0-F1-model_v4.pdb
0.626529270679864,0.417652923997588,0.557203722077799,0.0983556972396185,0.498650913988942,0.279941880365199,0.732912346980705,10.4166666666667,scoring/dir_008/AF-C7GVY0-F1-model_v4.pdb
0.393918692244398,0.247145988015403,0.30857168149848,0.0376637908621358,0.591519476827885,0.26600057186547,0.83957835360125,6.5669014084507,scoring/dir_008/AF-C7GWU4-F1-model_v4.pdb
0.88742480576353,0.466361867256531,0.845169063499056,0.146844854829881,0.386609460248636,0.183507894522145,0.527425471832611,28.8342857142857,scoring/dir_008/AF-C7GX92-F1-model_v4.pdb
0.640414325803818,0.375405774575813,0.599445170446486,0.101289599808286,0.435741084100665,0.223178385094341,0.710560670481789,26.1814814814815,scoring/dir_008/AF-C7GXQ3-F1-model_v4.pdb
0.672608489175196,0.362563070968481,0.659541554256922,0.100700149960229,0.263510509292139,0.187623139438827,0.697787008463109,33.6510989010989,scoring/dir_008/AF-C8Z3V3-F1-model_v4.pdb
0.688042955026576,0.412231093676405,0.597605159998416,0.081280693386642,0.476546084029133,0.224868942409399,0.692987516763009,7.61923076923077,scoring/dir_008/AF-C8Z473-F1-model_v4.pdb
0.511912632072739,0.267850270367425,0.442773771076353,0.0614354705334635,0.382159831373947,0.216432467535146,0.757573173172271,17.6141479099678,scoring/dir_008/AF-C8Z4Z1-F1-model_v4.pdb
0.439073063053246,0.278909893803745,0.376546039660677,0.0460055591281733,0.592254594715301,0.249101569890272,0.821876818875181,7.56976744186047,scoring/dir_008/AF-C8Z537-F1-model_v4.pdb
0.851834045676278,0.414064847339762,0.816620903719136,0.130969548578003,0.291953457049657,0.172168040251646,0.578612518063227,22.8337129840547,scoring/dir_009/AF-C8Z592-F1-model_v4.pdb
0.530215944685241,0.344212760927481,0.463254753762181,0.0653302642369317,0.477006755853723,0.267138018162384,0.779388797667066,10.8955223880597,scoring/dir_009/AF-C8Z5G4-F1-model_v4.pdb
0.715095472301317,0.360882073200146,0.640010016875262,0.0936660246322453,0.465792518345724,0.185823936067055,0.643859440545014,18.6174496644295,scoring/dir_009/AF-C8Z5T5-F1-model_v4.pdb
1.07950946634686,0.73615359023181,0.909994508142166,0.155268812110676,0.460944914911069,0.214053972103148,0.401454036336418,13.2125,scoring/dir_009/AF-C8Z5U3-F1-model_v4.pdb
0.608008112692646,0.392170698398293,0.483495566715397,0.0482767954512179,0.640121659554939,0.256125632512721,0.717319439548724,3.72251308900524,scoring/dir_009/AF-C8Z677-F1-model_v4.pdb
0.796382045252044,0.366109904934508,0.781744753908989,0.12175822656474,0.358359759441828,0.162935004053736,0.5918167933873,27.879781420765,scoring/dir_009/AF-C8Z6A5-F1-model_v4.pdb
0.58524746787857,0.460203218558358,0.436832371212493,0.0709903292600901,0.738249670860491,0.391750132838161,0.744004631220406,3.47899159663866,scoring/dir_009/AF-C8Z6B8-F1-model_v4.pdb
0.641182666906004,0.417997426900822,0.589883269962524,0.105816704850012,0.393830912651319,0.2767255760934,0.706664690752386,14.6794871794872,scoring/dir_009/AF-C8Z6E7-F1-model_v4.pdb
0.598051707785049,0.447026614641283,0.306998299384697,0.0609825787515971,0.835104384148274,0.400733534411159,0.647914270207745,3.49532710280374,scoring/dir_009/AF-C8Z864-F1-model_v4.pdb
0.745728019095078,0.4759079750341,0.681199026978302,0.10973433322359,0.322110335810013,0.241798838237571,0.679423289898951,12.5335570469799,scoring/dir_009/AF-C8Z8G7-F1-model_v4.pdb
0.855912026215092,0.675775479584072,0.680676261072672,0.171621287229903,0.388162057785666,0.396766821465446,0.512233910861767,3.58666666666667,scoring/dir_009/AF-C8Z915-F1-model_v4.pdb
0.997083089945608,0.699448224442749,0.866142242922323,0.17272619056068,0.332253729874304,0.268157289240562,0.512291420765588,9.26,scoring/dir_009/AF-C8ZAV7-F1-model_v4.pdb
0.855870700586176,0.393109051317938,0.838529519107071,0.13330455471907,0.317581136629948,0.16089733755346,0.576816476783421,36.1857923497268,scoring/dir_009/AF-C8ZBM1-F1-model_v4.pdb
0.831540901834681,0.363164272808661,0.799687225105717,0.11798093448631,0.335413224909659,0.153817628965427,0.592585458306655,35.7444633730835,scoring/dir_009/AF-C8ZBY0-F1-model_v4.pdb
0.380274546417551,0.292606400805063,0.322696294503866,0.0296707632872012,0.692314470828304,0.313192844316241,0.890099136548012,3.72159090909091,scoring/dir_009/AF-C8ZCH3-F1-model_v4.pdb
0.666597351742439,0.37048169644713,0.623060931393419,0.0966566590806661,0.34496816938868,0.212429131276341,0.689272515500266,14.8,scoring/dir_009/AF-C8ZDD7-F1-model_v4.pdb
0.555067738442547,0.322522280319074,0.486575930330281,0.0782896345378132,0.683056057762521,0.233866681681564,0.728164071230779,17.9802631578947,scoring/dir_009/AF-C8ZDE0-F1-model_v4.pdb
0.762591279596756,0.556414392494887,0.314184881124296,0.078993508547614,0.73899223767432,0.413254134842194,0.59869265149719,3.53333333333333,scoring/dir_009/AF-C8ZEM0-F1-model_v4.pdb
0.671597253118271,0.510244982209912,0.641166061897499,0.0923187122558501,0.287577310684672,0.29010196030967,0.792092695022776,18.2231404958678,scoring/dir_009/AF-C8ZGA9-F1-model_v4.pdb
0.505879802283898,0.267964015673691,0.473870577316095,0.0733480270424387,0.359736792351272,0.204644836513043,0.775533893091885,21.9030470914127,scoring/dir_009/AF-C8ZGC3-F1-model_v4.pdb
0.570317003808401,0.433580618826252,0.299110220231905,0.0369572992726,0.717231254376357,0.3953162546352,0.76923733218037,3.57142857142857,scoring/dir_009/AF-C8ZGE4-F1-model_v4.pdb
0.885795373064925,0.51030988112001,0.823737865677876,0.135418695147785,0.383025474494217,0.197931006733231,0.547372482602966,15.069696969697,scoring/dir_009/AF-C8ZGJ2-F1-model_v4.pdb
0.692511797020154,0.508059348749839,0.605203259924566,0.105364702440958,0.590727198710331,0.327268631142833,0.690341278000007,3.92727272727273,scoring/dir_009/AF-C8ZGU2-F1-model_v4.pdb
0.795046521570121,0.66233006009414,0.72936141468871,0.129886397264257,0.533739698330273,0.393987410451971,0.715599673241515,3.51304347826087,scoring/dir_009/AF-C8ZH81-F1-model_v4.pdb
0.790718569049637,0.379784519890094,0.782250584399681,0.131063211895007,0.256719895540181,0.17818636624853,0.6071592475793,22.5146771037182,scoring/dir_009/AF-C8ZHE9-F1-model_v4.pdb
0.740060387012525,0.614222329226067,0.633718135455694,0.10342964934071,0.491359060426251,0.395225886024207,0.722927857263773,3.95689655172414,scoring/dir_009/AF-C8ZJ36-F1-model_v4.pdb
0.800543784019911,0.438092177261744,0.76039733808347,0.128145217178036,0.410634506640813,0.196759620844011,0.604268270158628,16.0815047021944,scoring/dir_009/AF-D2XZ09-F1-model_v4.pdb
0.664937065695849,0.499430602774928,0.336504911745536,0.0719648211031764,0.884506894299589,0.401860628045821,0.63722215001083,3.46428571428571,scoring/dir_009/AF-D3UEL4-F1-model_v4.pdb
0.714028351303398,0.390497761322298,0.661837881690427,0.109750723977926,0.305977886218248,0.211197863911769,0.629916376652529,22.1647727272727,scoring/dir_009/AF-D3UF93-F1-model_v4.pdb
0.607597991470222,0.3303301193193,0.581536355408065,0.0960625536038364,0.245434895759199,0.206721421396092,0.725638438017042,23.5750577367206,scoring/dir_009/AF-D3W8P6-F1-model_v4.pdb
0.775083004346514,0.575857578025039,0.33674070772845,0.0838299140552307,0.834377937362116,0.415873939753074,0.55844990979316,3.48648648648649,scoring/dir_009/AF-D3W8Q5-F1-model_v4.pdb
1.20584306613676,0.847870423333353,1.04320730305742,0.20341463381913,0.445190229669843,0.21874213448443,0.330564116075398,15.2439024390244,scoring/dir_009/AF-D3XDB7-F1-model_v4.pdb
0.637464887543221,0.320907234950014,0.627803109886012,0.101973827065422,0.263180436049657,0.190319132205875,0.712965354596773,28.002004008016,scoring/dir_009/AF-D6C7H1-F1-model_v4.pdb
1.04689791486913,0.637023402227096,1.03368388143958,0.200027058013832,0.301436189089089,0.194237808238357,0.445405848352627,17.5877192982456,scoring/dir_009/AF-E2QC18-F1-model_v4.pdb
0.910037011181282,0.543691275574096,0.792830103416105,0.119529870435065,0.494652586760076,0.1959817091331,0.52992716039506,16.6486486486487,scoring/dir_009/AF-E7LTG2-F1-model_v4.pdb
0.585122635669153,0.32574234942587,0.538593428677436,0.0757906957868554,0.330023833582299,0.209625431258415,0.744868626858905,17.0868421052632,scoring/dir_009/AF-E9P8L2-F1-model_v4.pdb
0.668619322465091,0.319588273283287,0.647629791761805,0.100541296494834,0.309895209508778,0.174052547786479,0.681749654298109,27.0533880903491,scoring/dir_009/AF-E9P8R9-F1-model_v4.pdb
1.14971713540685,0.833598913673715,1.11537389186149,0.260141375270168,0.359852847401328,0.240023762867443,0.415070129509444,15.6328125,scoring/dir_009/AF-E9P983-F1-model_v4.pdb
0.728019468862984,0.332213405475724,0.679091771185275,0.0994170305584727,0.430974089605789,0.165642663595384,0.637952679733533,21.8469387755102,scoring/dir_009/AF-E9P9B7-F1-model_v4.pdb
0.811709071297677,0.451547244271253,0.760794603289107,0.139951181830614,0.34199660134665,0.209342897811298,0.583418607485643,15.7814371257485,scoring/dir_009/AF-E9P9T5-F1-model_v4.pdb
0.622003024221665,0.439289835176224,0.565620747702328,0.0951401909292467,0.390834308836634,0.28330181399543,0.762694418095761,10.1868686868687,scoring/dir_009/AF-E9P9U0-F1-model_v4.pdb
0.723400629967093,0.592448472318638,0.615823155829472,0.0987667815558881,0.533500877867213,0.391056962881723,0.728393002991054,3.54285714285714,scoring/dir_009/AF-E9P9U9-F1-model_v4.pdb
0.705526273308727,0.537361468857713,0.382388820494228,0.0964247689343055,0.811796291813518,0.42594395257461,0.567430721196446,3.4875,scoring/dir_009/AF-E9P9V1-F1-model_v4.pdb
0.890595153258649,0.588655290023335,0.855166672550803,0.150541592045953,0.389526747912837,0.222111311496899,0.55555735433803,11.2846715328467,scoring/dir_009/AF-E9P9W3-F1-model_v4.pdb
0.678033909321026,0.502157089824661,0.373158311052122,0.0874961477840739,0.809632807558867,0.407407653478627,0.59596986381849,3.49450549450549,scoring/dir_009/AF-E9P9W8-F1-model_v4.pdb
0.589680789034347,0.41219642242223,0.457431196946125,0.0639570162909741,0.701461842050368,0.323971817124026,0.763271056389973,3.96992481203007,scoring/dir_009/AF-E9P9X6-F1-model_v4.pdb
0.644984183912316,0.519722810190163,0.51250080701033,0.0898505217030102,0.625964476020155,0.397250644580513,0.714259408730385,3.51798561151079,scoring/dir_009/AF-E9PA16-F1-model_v4.pdb
1.2546444506811,1.04843484158085,0.905672741795098,0.177667523530515,0.285136137515418,0.294657757969901,0.265154682163488,4.43243243243243,scoring/dir_009/AF-E9PA22-F1-model_v4.pdb
0.549749993715959,0.489861761771103,0.494567430802773,0.0560787947708024,0,0.445792714822421,0.870141462236963,3,scoring/dir_009/AF-E9PA23-F1-model_v4.pdb
0.768768509611843,0.409599055715728,0.715370145296377,0.114425869690519,0.484317088569109,0.188294109491614,0.601582458244482,17.4735376044568,scoring/dir_009/AF-E9PA38-F1-model_v4.pdb
0.51603136415368,0.404908735699632,0.390355407014044,0.0388518599412716,0.740861530174275,0.363302829558109,0.802042576219387,3.49479166666667,scoring/dir_009/AF-E9PA41-F1-model_v4.pdb
0.437142839172548,0.347481022735088,0.313654964335846,0.0280893547688163,0.802083981491992,0.376276828669559,0.850568046963947,3.50214592274678,scoring/dir_009/AF-E9PA43-F1-model_v4.pdb
0.630096570252092,0.386490762437494,0.453497896936251,0.0577147807809912,0.529053507432443,0.262925629260102,0.67554408434461,6.67692307692308,scoring/dir_009/AF-E9PA76-F1-model_v4.pdb
0.691038587920522,0.429867465370439,0.523703802673818,0.0682813616926024,0.485762487222437,0.259272388552098,0.617255021311348,5.29651162790698,scoring/dir_009/AF-E9PAD6-F1-model_v4.pdb
0.773572337802425,0.461222505336255,0.746428238911985,0.129297864036802,0.397947798729238,0.213180835941699,0.624956719072844,12.9142857142857,scoring/dir_009/AF-G2HKF5-F1-model_v4.pdb
0.649340096988453,0.333087746696478,0.604226709704997,0.0850725923458027,0.333626888274033,0.187663948385431,0.70139716138173,17.6295336787565,scoring/dir_009/AF-G2W8P1-F1-model_v4.pdb
0.686702153426347,0.461898611912661,0.482561393829332,0.0689911143301705,0.744817949779861,0.28503203066997,0.677114596730502,6,scoring/dir_009/AF-G2W999-F1-model_v4.pdb
1.12876976906607,0.920157976893162,1.07861997223652,0.309071302630812,0.430811464862258,0.29864791839084,0.381228272835232,11.0975609756098,scoring/dir_009/AF-G2W9V1-F1-model_v4.pdb
0.595112168269751,0.371685007597319,0.469682510755449,0.0559462399758523,0.609098653530026,0.260295572108259,0.745631999178211,5.74439461883408,scoring/dir_009/AF-G2WA90-F1-model_v4.pdb
0.736778144715165,0.476499932657898,0.671512318068388,0.125510378809913,0.453760315119632,0.25904631761864,0.659358478596159,12.5760368663594,scoring/dir_009/AF-G2WAE9-F1-model_v4.pdb
0.486753020345858,0.326729632947189,0.425433252358538,0.0601475500614785,0.495900338332349,0.284703542725125,0.800059919478779,5.18055555555556,scoring/dir_009/AF-G2WBH0-F1-model_v4.pdb
0.857574050237591,0.410161434520053,0.799566018525574,0.123921862705623,0.293559451134645,0.166396489730453,0.565340723761767,34.9449152542373,scoring/dir_009/AF-G2WBR6-F1-model_v4.pdb
0.959956198296252,0.449513012433684,0.93729076006612,0.158099036719631,0.253917895304523,0.162955651623694,0.51006404454821,35.1880819366853,scoring/dir_009/AF-G2WBS2-F1-model_v4.pdb
0.995139036378069,0.59782081691921,0.86325294885693,0.135522466635135,0.419376677124571,0.193806710416613,0.467511634667555,14.4074074074074,scoring/dir_009/AF-G2WC49-F1-model_v4.pdb
0.905456627836687,0.494091870703273,0.848605062252605,0.132829745871561,0.413743703665129,0.186570289044752,0.541845949590766,18.8740740740741,scoring/dir_009/AF-G2WCA9-F1-model_v4.pdb
0.550771461043477,0.281406943335681,0.493947214337956,0.0731522896704327,0.593904127833179,0.205519602823101,0.723030579244562,17.6260504201681,scoring/dir_009/AF-G2WCB0-F1-model_v4.pdb
0.859277511950169,0.419379007949793,0.812211880038493,0.119129950189345,0.416283900597711,0.165840465283853,0.550964931325715,22.7282608695652,scoring/dir_009/AF-G2WCG8-F1-model_v4.pdb
0.720462369221737,0.538638864092257,0.323404247878365,0.0815626636450809,0.846321155778826,0.407783439263657,0.565317262204404,3.51470588235294,scoring/dir_009/AF-G2WCL5-F1-model_v4.pdb
0.712468390970099,0.361268931530111,0.658599211504652,0.116411752552219,0.485083793439336,0.193170864094314,0.649324992379192,24.9801587301587,scoring/dir_009/AF-G2WD80-F1-model_v4.pdb
0.59324306810096,0.365878145730213,0.572168740653325,0.0923396645127937,0.231581464136536,0.224603610540399,0.764252561156521,36.0801687763713,scoring/dir_009/AF-G2WD90-F1-model_v4.pdb
1.05538337475538,0.670149036027551,0.990020148921324,0.211634773147175,0.412301420768727,0.210709629103054,0.405170980824232,20.5258064516129,scoring/dir_009/AF-G2WEH2-F1-model_v4.pdb
0.406987183224449,0.277151951937433,0.332026096027569,0.038628037401213,0.514443531413779,0.298582118734919,0.842012601123814,4.33793103448276,scoring/dir_009/AF-G2WEQ5-F1-model_v4.pdb
0.715908327395041,0.520096590457156,0.621510342018707,0.108246252640645,0.547271244977935,0.318757381380898,0.689102951860595,4.50943396226415,scoring/dir_009/AF-G2WF67-F1-model_v4.pdb
0.916151509936073,0.459700413699374,0.901383658763474,0.15624655052072,0.321206849643175,0.167740105520136,0.533981511795194,23.8200408997955,scoring/dir_009/AF-G2WFA0-F1-model_v4.pdb
0.862686156437335,0.525933001126626,0.803065524529496,0.136540881941603,0.290902142560464,0.21740102791245,0.59542213331758,23.3534136546185,scoring/dir_009/AF-G2WFL1-F1-model_v4.pdb
0.882381854597505,0.441230726873622,0.899754384071613,0.16104965404732,0.222492812647021,0.165994631980012,0.584950815903514,55.2786324786325,scoring/dir_009/AF-G2WFT4-F1-model_v4.pdb
1.09858281194804,0.809995432646476,1.02207364408033,0.219926027746895,0.471975469050755,0.266070256949735,0.373876245222051,8.93506493506493,scoring/dir_009/AF-G2WFU1-F1-model_v4.pdb
0.715314938030287,0.554224201418888,0.642186780568754,0.0753162608312293,0.495125130983146,0.294268866886363,0.755916782390969,5,scoring/dir_009/AF-G2WFU2-F1-model_v4.pdb
0.72436823050993,0.486818375168502,0.708072564929967,0.151228092953646,0.40293025899278,0.27087866398708,0.678029157828802,22.5591836734694,scoring/dir_009/AF-G2WFY6-F1-model_v4.pdb
0.726050419817178,0.383458757953055,0.677661650739655,0.113347185856147,0.501410658188277,0.209438579472751,0.625471242593497,13.7549668874172,scoring/dir_009/AF-G2WGG1-F1-model_v4.pdb
0.905710029837827,0.688799200818118,0.859506969156922,0.147388861000838,0.541852579589987,0.287438779712978,0.623120034132448,18.7575757575758,scoring/dir_009/AF-G2WHF5-F1-model_v4.pdb
0.911260845669383,0.534042287640929,0.844209360049682,0.151893773697458,0.286850160454155,0.215631435606542,0.514116248596273,17.8877192982456,scoring/dir_009/AF-G2WII1-F1-model_v4.pdb
0.475421845555734,0.372021106285384,0.428195968086137,0.0482377276416845,0.631775128247372,0.318923234182921,0.859366647159324,3.44897959183673,scoring/dir_009/AF-G2WJF7-F1-model_v4.pdb
0.747732775371891,0.356320844412131,0.707952717288104,0.121554650810915,0.300978179098955,0.184650027427262,0.617933964137957,17.4694376528117,scoring/dir_009/AF-G2WJQ7-F1-model_v4.pdb
1.19647139289779,0.976068574345037,1.02230572160046,0.30920565624238,0.375788406038765,0.346226069018771,0.326611557507615,12.7792207792208,scoring/dir_009/AF-G2WKK3-F1-model_v4.pdb
0.397364840040884,0.297716702589763,0.280862275518458,0.0324254151369359,0.574956268862408,0.365366574418223,0.851727130744912,4.13718411552347,scoring/dir_009/AF-G2WKS0-F1-model_v4.pdb
1.07735944926939,0.704930898678161,0.942670480191198,0.178017355079604,0.51292207508089,0.20846321278345,0.45242441611034,20.6082089552239,scoring/dir_009/AF-G2WL32-F1-model_v4.pdb
0.837777510452551,0.537738805289755,0.805804225762759,0.128135334598916,0.315504843706029,0.20790060332413,0.602287119252215,19.0084745762712,scoring/dir_009/AF-G2WLT6-F1-model_v4.pdb
0.618588450025859,0.39885070029766,0.555149681885139,0.0917313698528312,0.375478945522286,0.260914840510647,0.73227276940978,10.7915057915058,scoring/dir_009/AF-G2WM51-F1-model_v4.pdb
1.05083727124256,0.707869309859101,0.968102258007793,0.169975388843619,0.417926241785485,0.209051947451178,0.420579618769546,13.8,scoring/dir_009/AF-G2WMW2-F1-model_v4.pdb
0.513639454383496,0.283431974910384,0.452086260095228,0.0649777691999367,0.410081451135531,0.224861434855412,0.77183685154488,12.0514705882353,scoring/dir_009/AF-G2WMW3-F1-model_v4.pdb
0.686029740386406,0.434510027172336,0.602722291527082,0.0809601584666313,0.414268521003928,0.23945956981474,0.700932522456243,7.39175257731959,scoring/dir_009/AF-G2WN66-F1-model_v4.pdb
0.591272753466844,0.429491514218055,0.549722879799874,0.0876155064450481,0.512379743156211,0.291531615755424,0.773358457869664,7.512,scoring/dir_009/AF-G2WND4-F1-model_v4.pdb
0.777513627620768,0.431277870254741,0.62512906772288,0.118542217854877,0.330108286914394,0.236162132322483,0.581209241874059,10.4747081712062,scoring/dir_009/AF-G2WNI2-F1-model_v4.pdb
0.702845535035121,0.551343961451511,0.478046579967756,0.0967692142521517,0.661713188892956,0.395294050952041,0.644770403716387,3.51648351648352,scoring/dir_009/AF-G2WNP1-F1-model_v4.pdb
1.20321128955903,0.873367799546839,1.12257460546733,0.273982571487489,0.298153276346515,0.239756431143855,0.306592946075448,14.6797385620915,scoring/dir_009/AF-G2WNQ3-F1-model_v4.pdb
0.989664711264003,0.602417648655794,0.805898695569865,0.169596843757546,0.533847287876808,0.298692275869061,0.54250705719471,7.02912621359223,scoring/dir_009/AF-G2WNR5-F1-model_v4.pdb
0.632748770179398,0.297939919498443,0.568731570174209,0.0901046848024384,0.505104176866917,0.188273841656887,0.680989020091159,17.1675977653631,scoring/dir_009/AF-G2WNU7-F1-model_v4.pdb
0.722554868520732,0.557268167859792,0.414853744961498,0.0976747745548678,0.79675493556911,0.41887979596607,0.575121372457213,3.51190476190476,scoring/dir_009/AF-G2WP62-F1-model_v4.pdb
0.523746268593557,0.320055877068039,0.454811166582449,0.0620290888847482,0.617559779255352,0.233647553663499,0.772385441706548,10.1945392491468,scoring/dir_009/AF-G2WP73-F1-model_v4.pdb
0.979898890745605,0.547182313131278,0.876767086087102,0.149858646033752,0.339530512250793,0.187334249780291,0.464709540170404,19.3060498220641,scoring/dir_010/AF-G2WPF0-F1-model_v4.pdb
0.979649036650516,0.522405267008544,0.975512586371056,0.175588741155794,0.334138490098144,0.169319851054357,0.473159764833092,40.6170731707317,scoring/dir_010/AF-G2WPJ5-F1-model_v4.pdb
0.935603249979882,0.437978262060727,0.909735273789261,0.160406429488719,0.322201467964614,0.165162341923131,0.549406962493592,35.7588325652842,scoring/dir_010/AF-G3G411-F1-model_v4.pdb
0.846860391958475,0.417389026668275,0.839799411885297,0.152058942337221,0.261417784215839,0.181076955789005,0.562782929094246,20.5896805896806,scoring/dir_010/AF-G8EXD3-F1-model_v4.pdb
0.37073982041897,0.272490180219251,0.309084957998295,0.0329268053769745,0.659906669039029,0.320670521259278,0.883939370767166,3.81589958158996,scoring/dir_010/AF-H0GBU3-F1-model_v4.pdb
0.670518972278743,0.466756283754061,0.600392216363432,0.0726442422631349,0.450745358693337,0.260937207027947,0.732487327108746,4.86451612903226,scoring/dir_010/AF-H0GCB7-F1-model_v4.pdb
0.796262058207721,0.36473828425989,0.778380085679322,0.124613738248882,0.314305451181383,0.162520898605536,0.594278102283877,32.124763705104,scoring/dir_010/AF-H0GCC4-F1-model_v4.pdb
0.60391904737696,0.309822323085452,0.586462502882726,0.0815435909834172,0.355132956260285,0.1779606080276,0.727241197435047,20.988603988604,scoring/dir_010/AF-H0GCI3-F1-model_v4.pdb
0.784866194067708,0.429015723003454,0.780425809639848,0.146548438439389,0.278590432607049,0.196280077678274,0.617088923525038,34.4277620396601,scoring/dir_010/AF-H0GCU7-F1-model_v4.pdb
0.686984791651237,0.350552528052119,0.667705877681008,0.114233146554946,0.431641625997752,0.193871691150278,0.665398509744714,17.6009852216749,scoring/dir_010/AF-H0GCY1-F1-model_v4.pdb
0.4674553114872,0.359415476550853,0.373497799798434,0.0475729154959733,0.724932848943228,0.358834345073949,0.826118799162124,3.77319587628866,scoring/dir_010/AF-H0GE37-F1-model_v4.pdb
0.41709726476197,0.296406080535899,0.301597185581963,0.0335212031610222,0.682987870393038,0.336933770182733,0.821406175333487,3.55844155844156,scoring/dir_010/AF-H0GEE9-F1-model_v4.pdb
0.909004015260419,0.437468486186119,0.905234536170469,0.156031249146648,0.259944551930273,0.164320299537546,0.553320132137021,44.5640599001664,scoring/dir_010/AF-H0GES1-F1-model_v4.pdb
0.571099478662651,0.279516242820418,0.513430558538875,0.0768198200415763,0.340626921807798,0.200359210221599,0.720633041700246,21.0082987551867,scoring/dir_010/AF-H0GFA7-F1-model_v4.pdb
0.684027277161828,0.313791250166707,0.631096286417003,0.0916888263091055,0.482793062892802,0.170565691678154,0.651747512296583,23.5482546201232,scoring/dir_010/AF-H0GFH8-F1-model_v4.pdb
0.735017639473577,0.392869622853383,0.67921800022842,0.105249001301748,0.413764233532556,0.198883386384542,0.646005224359438,16.9055118110236,scoring/dir_010/AF-H0GFL2-F1-model_v4.pdb
0.714984947582141,0.326109084367611,0.63706205036455,0.0930545515787106,0.403922623658921,0.178799878208275,0.63503674908115,18.9373601789709,scoring/dir_010/AF-H0GGC4-F1-model_v4.pdb
0.86374774181839,0.490505399475373,0.746622924838508,0.136143510485645,0.339325431012471,0.230670040897539,0.535032998412818,16.17004048583,scoring/dir_010/AF-H0GH21-F1-model_v4.pdb
0.531466915680205,0.351521221479525,0.495432937887106,0.0895828839616457,0.500944175466648,0.281786452757654,0.782359327804305,13.4187192118227,scoring/dir_010/AF-H0GH45-F1-model_v4.pdb
0.624941383384412,0.409310273077751,0.553918184909789,0.0725148723309807,0.465028800566618,0.247863859182507,0.746411238441097,5.01226993865031,scoring/dir_010/AF-H0GH93-F1-model_v4.pdb
0.903570291414156,0.445562754456348,0.883993902932766,0.151545780980308,0.300172001346357,0.171881817904154,0.543020717572805,35.1171171171171,scoring/dir_010/AF-H0GHA4-F1-model_v4.pdb
0.838264863058086,0.525165112923126,0.757570144257694,0.131862760683335,0.305449227309516,0.232901791257978,0.614659880043582,15.7377049180328,scoring/dir_010/AF-H0GIE5-F1-model_v4.pdb
0.557648536473474,0.33973873629306,0.52381693483686,0.080392661490035,0.426405006156106,0.23130867320671,0.757710251514725,15.6462585034014,scoring/dir_010/AF-H0GIG7-F1-model_v4.pdb
0.460375484670623,0.335563367166326,0.285403029596035,0.0295862515742402,0.82787508227985,0.35420123426342,0.828094399587453,3.5852534562212,scoring/dir_010/AF-H0GIV9-F1-model_v4.pdb
0.859670578932026,0.59688823401114,0.750920207999942,0.135616730170679,0.379744925413897,0.269520836818102,0.609190335891782,12.8303571428571,scoring/dir_010/AF-H0GJ14-F1-model_v4.pdb
0.412966592400503,0.332753775005536,0.311946658776722,0.0274704896300241,0.789940826004826,0.383808359675156,0.874186149698895,3.51173708920188,scoring/dir_010/AF-H0GJC4-F1-model_v4.pdb
0.715950992962012,0.375500657282976,0.671286662485505,0.0977147612914534,0.297911503866896,0.190012589168224,0.651991744340682,14.0412371134021,scoring/dir_010/AF-H0GJC8-F1-model_v4.pdb
0.53732888394843,0.385307502979366,0.468258694044679,0.0661657906333902,0.49469093750309,0.296533539945816,0.799468087077625,6.60233918128655,scoring/dir_010/AF-H0GJD0-F1-model_v4.pdb
0.350649660408881,0.256997003955348,0.255739722967247,0.0248901039955446,0.735886218375162,0.341444842426662,0.878871732282775,3.64666666666667,scoring/dir_010/AF-H0GK05-F1-model_v4.pdb
0.898580643408207,0.56996316623899,0.870466398400094,0.157388252191591,0.338297887450437,0.207552327641461,0.561491294970162,21.3362068965517,scoring/dir_010/AF-H0GKC0-F1-model_v4.pdb
0.94034320824153,0.467939682476438,0.934796276274129,0.167881112037801,0.303159219860785,0.167586764809534,0.500999279643258,30.1409001956947,scoring/dir_010/AF-H0GKL7-F1-model_v4.pdb
0.411191897939747,0.297822439538576,0.28434699197949,0.0224632491060712,0.828653476528759,0.323082986547492,0.850787588839173,3.95652173913043,scoring/dir_010/AF-H0GKX6-F1-model_v4.pdb
0.937426245748216,0.47831588348855,0.930012222230708,0.163310607973581,0.332910097963097,0.172006323005988,0.514697144680967,28.9977064220183,scoring/dir_010/AF-H0GL14-F1-model_v4.pdb
0.740258099181717,0.335572381392922,0.722472865484065,0.125236019171047,0.473659651074667,0.174288333464626,0.600080085703017,20.9805996472663,scoring/dir_010/AF-H0GL34-F1-model_v4.pdb
0.649261936240285,0.329458534441603,0.616183071183626,0.0927946288310656,0.345495840628479,0.186787168554823,0.695134841098539,25.6015625,scoring/dir_010/AF-H0GLU6-F1-model_v4.pdb
0.982050578446821,0.547704328574774,0.970317643555052,0.16102147315078,0.353419968026126,0.169236287954741,0.485522189857692,32.8724832214765,scoring/dir_010/AF-H0GM88-F1-model_v4.pdb
0.652170840584798,0.365213025082095,0.594323675104003,0.0990155063177747,0.409238741371472,0.216712095556607,0.694891430235359,21.180055401662,scoring/dir_010/AF-H0GN17-F1-model_v4.pdb
0.757126857883227,0.34932957634666,0.731537047794129,0.109053916067359,0.402540021333699,0.159916965394566,0.614666323269604,39.4350393700787,scoring/dir_010/AF-H0GNU8-F1-model_v4.pdb
0.823100417414494,0.479432531195121,0.770978924266228,0.131237747508825,0.459724997934278,0.199137066518693,0.581010000943697,31.922131147541,scoring/dir_010/AF-H0GNV2-F1-model_v4.pdb
0.845226500486558,0.512038270196898,0.774794444163664,0.123696693548203,0.492170630913736,0.207684605383515,0.577387489154128,10.8340425531915,scoring/dir_010/AF-H0GNY6-F1-model_v4.pdb
0.884941166440242,0.515809538175889,0.827408617996625,0.137922068191484,0.395686690768068,0.198640835366967,0.543697829800534,17.2945736434109,scoring/dir_010/AF-H0GNZ6-F1-model_v4.pdb
0.367811782835055,0.272675413893193,0.301933356326987,0.0316131841070658,0.571946512294552,0.323436596231967,0.875081358165462,3.98884758364312,scoring/dir_010/AF-H0GPJ5-F1-model_v4.pdb
0.375415415709279,0.285069153217447,0.31041163904752,0.0301654450170055,0.64421249191122,0.324142948786685,0.882568363908264,4.24454148471616,scoring/dir_010/AF-H0GPL3-F1-model_v4.pdb
0.814197395683813,0.472056462235475,0.749485049137497,0.117287281763028,0.34015033018304,0.207970656991099,0.625025250220275,15.8624535315985,scoring/dir_010/AF-H0GPY5-F1-model_v4.pdb
0.856970521793498,0.499216288388031,0.850572431133577,0.164544199163951,0.270123551738952,0.206121140098663,0.572815148776811,24.0371517027864,scoring/dir_010/AF-H0GQC6-F1-model_v4.pdb
0.81460584598132,0.389578615960058,0.793839030665853,0.122243616165384,0.367150349725251,0.16146929151923,0.588947126140878,33.1276595744681,scoring/dir_010/AF-H0GQD2-F1-model_v4.pdb
1.04795156066078,0.727355930970541,0.981444781404432,0.200009306759731,0.375642490520545,0.23564443264067,0.433220820961459,16.4481132075472,scoring/dir_010/AF-H0GQF8-F1-model_v4.pdb
0.787311010038004,0.48875226715381,0.714994138597578,0.144872783242228,0.367108183844894,0.248904713196814,0.605012865259717,15.7101449275362,scoring/dir_010/AF-H0GQG5-F1-model_v4.pdb
0.484214396989331,0.26825453570926,0.429310844635115,0.0585556389863483,0.415277683842597,0.217145311829113,0.786992475569647,12.530303030303,scoring/dir_010/AF-H0GQH0-F1-model_v4.pdb
0.686192744774771,0.380776192620288,0.650248896886837,0.106889958752952,0.378126681565965,0.203390605870507,0.668579093581277,16.0441988950276,scoring/dir_010/AF-H0GQI1-F1-model_v4.pdb
0.732209890295877,0.424688583368538,0.632016343952297,0.0891696155820795,0.426669220673771,0.210552035611503,0.649338832126217,12.8709677419355,scoring/dir_010/AF-H0GQJ1-F1-model_v4.pdb
0.549610660881087,0.326606361249341,0.501677690434331,0.0792933578954067,0.467225244288652,0.22704311026153,0.766166037056579,14.2342105263158,scoring/dir_010/AF-H0GQJ9-F1-model_v4.pdb
0.681722655360996,0.359945014857836,0.641398937144843,0.0900549664734412,0.467197095416855,0.174451645125642,0.686528014348757,26.0057142857143,scoring/dir_010/AF-H0GQR7-F1-model_v4.pdb
0.808007499507432,0.575799808967694,0.769832372989797,0.129707386652833,0.53018050462301,0.2587079529768,0.66013112347356,9.87573964497041,scoring/dir_010/AF-H0GQX3-F1-model_v4.pdb
0.633013842948798,0.475424562063798,0.562075095016448,0.0836460179834828,0.33797230190119,0.321916680145393,0.783477080196685,13.8888888888889,scoring/dir_010/AF-H0GQY8-F1-model_v4.pdb
0.705563891229544,0.372529088189396,0.662781087125601,0.0948483612695567,0.320096800735189,0.189426165024294,0.646911974306184,14.1480446927374,scoring/dir_010/AF-H0GR17-F1-model_v4.pdb
0.747582033057211,0.401644219432702,0.716163573235189,0.11967402678477,0.465493665797945,0.198523955673006,0.653525283161531,29.8539944903581,scoring/dir_010/AF-H0GRB6-F1-model_v4.pdb
1.21853694635716,0.900588233905401,1.07557623337081,0.232405450116813,0.630507591170446,0.220112159071856,0.235738230969581,25.4594594594595,scoring/dir_010/AF-H0GRC1-F1-model_v4.pdb
0.864754660857734,0.404584625520002,0.852190496455611,0.131882958972285,0.275780420487681,0.156792761733865,0.562902025777901,29.1153039832285,scoring/dir_010/AF-H0GRF0-F1-model_v4.pdb
0.383463074539255,0.237442883378314,0.311708198448481,0.0383693630680689,0.565917471476015,0.268938631109929,0.846783617920062,8.89802631578947,scoring/dir_010/AF-H0GRH7-F1-model_v4.pdb
0.565929654293858,0.316947543853412,0.521792013229821,0.0816027515811053,0.402789936116768,0.214992208325462,0.74434973932912,33.7139588100686,scoring/dir_010/AF-H0GRU6-F1-model_v4.pdb
1.07661628540744,0.596511973051005,1.05271370966804,0.198629023177496,0.310044564224032,0.181604543263134,0.424691798117002,33.8333333333333,scoring/dir_010/AF-H0GRY3-F1-model_v4.pdb
0.910608809822821,0.551740311488795,0.849253260178882,0.166259753223668,0.357492165048274,0.215163190714931,0.501624259899926,13.3180327868852,scoring/dir_010/AF-H0GRY5-F1-model_v4.pdb
0.881220249445449,0.559528895015087,0.753996114850418,0.107485941705617,0.507493580864122,0.21709554418548,0.549153234688964,10.9527896995708,scoring/dir_010/AF-H0GSB8-F1-model_v4.pdb
0.461978445314939,0.27190735045546,0.414801501678742,0.0543796498207603,0.426373026106627,0.222230315600574,0.811420373403954,8.85810810810811,scoring/dir_010/AF-H0GSC5-F1-model_v4.pdb
0.946942306037613,0.512093519121271,0.951035310453218,0.172299122337639,0.272462579278221,0.176359534689362,0.523414468938966,37.765903307888,scoring/dir_010/AF-H0GSF7-F1-model_v4.pdb
0.881459283317606,0.482563569382492,0.847978400654925,0.1576344766239,0.379513616436907,0.196821095494977,0.529261470660903,21.8042895442359,scoring/dir_010/AF-H0GSI0-F1-model_v4.pdb
0.57434067283032,0.293964535781783,0.531897184863652,0.0897869660562309,0.288868675234005,0.214755407998104,0.725279880784371,22.8662551440329,scoring/dir_010/AF-H0GSK9-F1-model_v4.pdb
0.84371751181081,0.431883620317355,0.808592464392653,0.129482534451033,0.392225542543784,0.181519360376377,0.551514751723505,22.1881918819188,scoring/dir_010/AF-H0GSV7-F1-model_v4.pdb
0.682100639784673,0.415136179648959,0.641309066737424,0.107708814206804,0.317071959302998,0.227534060295344,0.688464895554791,14.3522267206478,scoring/dir_010/AF-H0GSW9-F1-model_v4.pdb
0.650333454424777,0.325429517026388,0.599772433681565,0.0977798422716778,0.324427321399921,0.20633805442492,0.674770352595346,24.1026785714286,scoring/dir_010/AF-H0GT55-F1-model_v4.pdb
0.553437173357628,0.362447844583244,0.512741023659599,0.0693366930376547,0.377545638167384,0.24783814380362,0.778975803400569,6.35042735042735,scoring/dir_010/AF-H0GTA6-F1-model_v4.pdb
0.963736274455222,0.605952547566649,0.949777023027631,0.163350660477138,0.287323528258106,0.196894224670726,0.558271670027706,25.9585253456221,scoring/dir_010/AF-H0GTE4-F1-model_v4.pdb
0.439367588474884,0.287286574769329,0.401251577667305,0.0639084447563653,0.400878425371789,0.277613333397372,0.827800578135604,8.08641975308642,scoring/dir_010/AF-H0GTM4-F1-model_v4.pdb
0.477298997752784,0.329014202775603,0.442828092473046,0.0604466527652471,0.385210673169756,0.263736949469955,0.840525255887905,11.5169082125604,scoring/dir_010/AF-H0GTV1-F1-model_v4.pdb
0.645065932043033,0.392099964366391,0.610953155243134,0.103242976822455,0.395045639011101,0.223384981348309,0.710307184277423,21.4522292993631,scoring/dir_010/AF-H0GTV8-F1-model_v4.pdb
0.586416929310035,0.377744245094259,0.536039816848873,0.0791403313684185,0.369741183101312,0.248607584044364,0.761301778277575,9.01632653061224,scoring/dir_010/AF-H0GU44-F1-model_v4.pdb
0.490826917304723,0.361386031676612,0.280498485401363,0.0305866504291223,0.722957083310936,0.373613171703825,0.79841393694977,3.55188679245283,scoring/dir_010/AF-H0GUS8-F1-model_v4.pdb
0.882128500965746,0.464499033958496,0.80901502873986,0.125197670776574,0.296024265065695,0.185153844936361,0.543264021493616,24.010582010582,scoring/dir_010/AF-H0GUU1-F1-model_v4.pdb
0.408773181229432,0.286235976022265,0.374587411597215,0.0578169859606343,0.433774662594333,0.302225621921229,0.854848035597367,8.39928057553957,scoring/dir_010/AF-H0GUV7-F1-model_v4.pdb
0.754317296781032,0.454698544792498,0.727366911169288,0.129356496197726,0.483749077875258,0.219688446047595,0.634005894976807,21.1149425287356,scoring/dir_010/AF-H0GV02-F1-model_v4.pdb
0.78902940657556,0.385057353927058,0.765907817406678,0.12274469673272,0.307151942247993,0.169506468006144,0.612570781552326,30.6076458752515,scoring/dir_010/AF-H0GV14-F1-model_v4.pdb
0.49288871733171,0.350495419994328,0.419533494718807,0.0475546925545802,0.615268061710845,0.292293006643681,0.821234269812924,6.43181818181818,scoring/dir_010/AF-H0GV34-F1-model_v4.pdb
0.531684175803995,0.399230918802144,0.442498093476716,0.0488063220799942,0.585556116750472,0.318858552267905,0.818604715443757,5.17391304347826,scoring/dir_010/AF-H0GV61-F1-model_v4.pdb
0.773714227344563,0.454868523382768,0.682659329625048,0.108952871067562,0.396120487024607,0.225563334335818,0.633274319394399,13.5073891625616,scoring/dir_010/AF-H0GVF7-F1-model_v4.pdb
0.804939371454952,0.544682933775266,0.631635306935875,0.0945155095845623,0.40305695662884,0.27558454806309,0.62299537072792,7.98445595854922,scoring/dir_010/AF-H0GVG1-F1-model_v4.pdb
0.739928722458994,0.333836745333962,0.701409192728592,0.112151151646496,0.546438299144799,0.172025500938036,0.614525628823255,22.7011494252874,scoring/dir_010/AF-H0GVI3-F1-model_v4.pdb
0.65707943134498,0.406487165634576,0.588602725419654,0.0967285478558268,0.556159834944627,0.244568094364671,0.680789588152965,13.036036036036,scoring/dir_010/AF-H0GVM4-F1-model_v4.pdb
0.881468519089779,0.487506594875935,0.883403794954871,0.192295283316994,0.145549041589978,0.21587402309791,0.56837716659071,32.9044117647059,scoring/dir_010/AF-H0GVN6-F1-model_v4.pdb
0.432716164363898,0.286560437613198,0.3647027163489,0.051917666897758,0.526980407538432,0.277862660307696,0.819141269565683,17.3979933110368,scoring/dir_010/AF-H0GVT7-F1-model_v4.pdb
0.787192022982107,0.405590675124527,0.750903014895677,0.117990473216906,0.403368286513386,0.17682101303611,0.620635275609072,23.8107476635514,scoring/dir_010/AF-H0GVW4-F1-model_v4.pdb
0.631855616478,0.315879242620445,0.572291294820595,0.0809711663724135,0.410363630421672,0.187405091855314,0.712263876551938,21.7216274089936,scoring/dir_010/AF-H0GVY5-F1-model_v4.pdb
0.797076845970627,0.523900846908323,0.753014693349275,0.111176318668665,0.341295889827195,0.214264033692317,0.650728698045537,13.8310810810811,scoring/dir_010/AF-H0GW33-F1-model_v4.pdb
0.527256345280357,0.387990583000534,0.504528014983565,0.089261079862346,0.418400269285777,0.305519246363675,0.815427990392617,7.04972375690608,scoring/dir_010/AF-H0GW96-F1-model_v4.pdb
0.841398887953331,0.408516394138707,0.809344886498485,0.130134111548865,0.340360119717845,0.167519718679167,0.576261083358956,29.75,scoring/dir_010/AF-H0GWA7-F1-model_v4.pdb
0.398264957351332,0.280455234011671,0.238372127045117,0.0301623393519691,0.945150393312569,0.370665408496856,0.849694793043772,3.46979865771812,scoring/dir_010/AF-H0GWG8-F1-model_v4.pdb
0.907435012943099,0.484414246724537,0.852318870090572,0.128541596149219,0.388411768488888,0.176870785090796,0.542294424556772,18.8347107438017,scoring/dir_010/AF-H0GWI6-F1-model_v4.pdb
0.926573487030102,0.488165365900558,0.842646230486672,0.143603728531955,0.571522987919987,0.178540669568509,0.511276793954037,26.9512195121951,scoring/dir_010/AF-H0GWI8-F1-model_v4.pdb
0.422498486964397,0.295701630083789,0.394245834963757,0.0619405798986481,0.484009841312627,0.296127666623935,0.848648444273727,17.6879432624113,scoring/dir_010/AF-H0GWN0-F1-model_v4.pdb
0.538818000584594,0.333157719506323,0.481056703901403,0.0747873466706497,0.399399074228828,0.25778923762116,0.768588416063202,11.0034722222222,scoring/dir_010/AF-H0GWQ9-F1-model_v4.pdb
0.607757071642462,0.3139961126815,0.522206083933549,0.0754992830565036,0.334134344330406,0.213751005977901,0.71219186155878,15.5748218527316,scoring/dir_011/AF-H0GWU8-F1-model_v4.pdb
0.461763574749343,0.35205651523618,0.397491250723032,0.0495794404851185,0.640053415915956,0.341055455566637,0.842772031203385,4.92241379310345,scoring/dir_011/AF-H0GWY4-F1-model_v4.pdb
0.563182525714893,0.337653909024107,0.506440387267903,0.0769592705386401,0.495938740477212,0.227520409258497,0.759070967072357,13.347972972973,scoring/dir_011/AF-H0GX08-F1-model_v4.pdb
0.896081081914868,0.535987085960993,0.848695417000926,0.147986098528594,0.287954694153826,0.205806051468088,0.556905922179794,21.7807807807808,scoring/dir_011/AF-H0GX50-F1-model_v4.pdb
0.522333795939669,0.372633013005165,0.374560678718681,0.0360263505424222,0.591209971261361,0.3046239829668,0.800351800800189,5.81304347826087,scoring/dir_011/AF-H0GX67-F1-model_v4.pdb
0.449474917830054,0.2865892777922,0.386465461408143,0.0499135181644119,0.353539698636638,0.265329344932112,0.825702783163412,11.7326203208556,scoring/dir_011/AF-H0GXH6-F1-model_v4.pdb
0.538569410367277,0.301800928780578,0.49865326232004,0.07062089772229,0.331049312861799,0.211520460472391,0.766919401357135,12.5439093484419,scoring/dir_011/AF-H0GXP9-F1-model_v4.pdb
0.824488200769372,0.386534174214409,0.808107202702873,0.138034833658026,0.204938286349156,0.17193830154817,0.597687269072177,35.8846153846154,scoring/dir_011/AF-H0GXW1-F1-model_v4.pdb
0.721084858176627,0.329661826995949,0.70032598849762,0.0978039203494448,0.291966087157213,0.160727283902749,0.666676330742665,30.8307692307692,scoring/dir_011/AF-H0GYI6-F1-model_v4.pdb
0.838797217725745,0.469582096428771,0.803621068699493,0.132212470139867,0.262101436746998,0.19090978623571,0.602686017484846,25.0656565656566,scoring/dir_011/AF-H0GYJ4-F1-model_v4.pdb
0.464825984950525,0.321224041703308,0.332355359585519,0.0389068255698457,0.523488744237987,0.312279239393307,0.820792599507761,6.7459807073955,scoring/dir_011/AF-H0GYL0-F1-model_v4.pdb
0.882563985491554,0.467882103967634,0.870167545505658,0.147420846715555,0.356982005700881,0.184775992962305,0.548045745995937,23.4742268041237,scoring/dir_011/AF-H0GYS6-F1-model_v4.pdb
0.66317699138523,0.356891619501957,0.617382703590558,0.0917561671075462,0.306727381612552,0.201119818568391,0.68818270630534,19.1630695443645,scoring/dir_011/AF-H0GYU7-F1-model_v4.pdb
1.01164523323259,0.627679595682922,0.957831536265151,0.177144389489029,0.468632206181828,0.203613094917442,0.48653196899999,26.9397590361446,scoring/dir_011/AF-H0GYW6-F1-model_v4.pdb
0.734262248184394,0.376664930758077,0.680656193033504,0.104889415857384,0.424697838961893,0.193304249434512,0.634189494951576,11.9490616621984,scoring/dir_011/AF-H0GZ02-F1-model_v4.pdb
0.703299789200959,0.378070954764732,0.684290457243701,0.114656942789805,0.314581173623117,0.198642544082031,0.670731857089585,22.974025974026,scoring/dir_011/AF-H0GZ10-F1-model_v4.pdb
1.00338096692595,0.569221202896825,0.936775683601927,0.156816446663651,0.331620306527964,0.187158633895283,0.462381236583088,21.1103678929766,scoring/dir_011/AF-H0GZG4-F1-model_v4.pdb
0.807021876040173,0.397649958874067,0.768186019992974,0.118620804253903,0.391490093680635,0.172521233460157,0.581455857852691,22.07343412527,scoring/dir_011/AF-H0GZS5-F1-model_v4.pdb
0.851346763097721,0.412707535631031,0.828040677565998,0.135257918195082,0.360309177669033,0.168668948489373,0.570833730157799,23.9789272030651,scoring/dir_011/AF-H0GZU3-F1-model_v4.pdb
0.80109463320069,0.393059000355649,0.779115743131366,0.124173779500485,0.344527400327027,0.175533375013062,0.61229965749467,38.2386634844869,scoring/dir_011/AF-H0H012-F1-model_v4.pdb
0.790064500516931,0.37977871506816,0.796356696632931,0.151027127243724,0.255641979006116,0.179075583227427,0.606177159053,32.3730769230769,scoring/dir_011/AF-H0H065-F1-model_v4.pdb
0.546531881021291,0.33830369584861,0.489682097064269,0.0707871276972871,0.585548455614756,0.235310021537623,0.758691549510919,17.4774436090226,scoring/dir_011/AF-H0H077-F1-model_v4.pdb
0.653720132848027,0.345954619303994,0.601442096539507,0.0915709249757188,0.442140850741169,0.194126078491994,0.677669764638104,16.3995157384988,scoring/dir_011/AF-H0H0B4-F1-model_v4.pdb
0.659545807292247,0.396683465156452,0.60499150406059,0.0985279908475216,0.539567417343935,0.22846576227016,0.706433277670112,17.7351916376307,scoring/dir_011/AF-H0H0P1-F1-model_v4.pdb
0.534748693190997,0.315554223535901,0.504463039411353,0.0742899271311014,0.37888672406117,0.218559974379926,0.775064204516948,18.3222591362126,scoring/dir_011/AF-H0H0Q4-F1-model_v4.pdb
0.768359249756119,0.418169226233819,0.752296294820697,0.135552537852987,0.261331663748184,0.19531228604641,0.638971694597577,25.7715736040609,scoring/dir_011/AF-H0H0U3-F1-model_v4.pdb
0.736305347393531,0.475140528774848,0.652082381339875,0.123523944488893,0.399018030545453,0.258943720032742,0.661868239064338,10.6297872340426,scoring/dir_011/AF-H0H0W9-F1-model_v4.pdb
0.338650503646712,0.261306606805439,0.234001185656235,0.0254419671070468,0.833365538544439,0.389689989089031,0.873288382281395,3.49173553719008,scoring/dir_011/AF-H0H113-F1-model_v4.pdb
0.753625113290996,0.415954306987485,0.721916163897515,0.12060344257775,0.363200798912995,0.199643693426776,0.636062217706181,21.9247648902821,scoring/dir_011/AF-H0H125-F1-model_v4.pdb
0.734571923717722,0.363759769697056,0.712622612021094,0.107928715833721,0.366681435462684,0.166625416946138,0.640819069319003,39.9731543624161,scoring/dir_011/AF-H0H1N8-F1-model_v4.pdb
1.00868586992242,0.622542947680547,0.984367422546975,0.197656127728102,0.388338635558598,0.200357621814931,0.439545021796863,21.1440329218107,scoring/dir_011/AF-H0H1R8-F1-model_v4.pdb
0.896716079251508,0.47061132806916,0.844119030620813,0.138996901097472,0.414015985165057,0.174783747962929,0.538591486042928,33.0144927536232,scoring/dir_011/AF-H0H1Z1-F1-model_v4.pdb
0.777844860841464,0.374324689837807,0.744500810537222,0.123073237260186,0.417473687960833,0.172286058039699,0.596649179470169,23.6184486373166,scoring/dir_011/AF-H0H2D9-F1-model_v4.pdb
0.657444743399677,0.333296623537007,0.642098663555904,0.0981522281414465,0.359779493138531,0.178561939671726,0.70319458734681,37.5760869565217,scoring/dir_011/AF-H0H2E0-F1-model_v4.pdb
0.960044243170464,0.624722884831211,0.913375818910425,0.183996804215718,0.440922372526049,0.224932215483497,0.506289438745534,13.6818181818182,scoring/dir_011/AF-H0H2E2-F1-model_v4.pdb
0.725240196183036,0.489393736871183,0.701656075592387,0.12391270559545,0.427738315628226,0.248396877606386,0.68008172815637,18.6344827586207,scoring/dir_011/AF-H0H2F0-F1-model_v4.pdb
0.789179398146949,0.401331919467309,0.753680457733981,0.12087785481487,0.25130814256445,0.182196230488914,0.606065184307773,26.5216494845361,scoring/dir_011/AF-H0H2Q7-F1-model_v4.pdb
0.651555099780723,0.343435873589732,0.609925161159005,0.0976500531899431,0.304984067366261,0.20266878986424,0.684204827222907,22.4651162790698,scoring/dir_011/AF-H0H2Q9-F1-model_v4.pdb
0.85160446889866,0.430627902130368,0.748304020826567,0.1053081789594,0.446804771938208,0.175356575181768,0.544609907969095,14.7041095890411,scoring/dir_011/AF-H1AB57-F1-model_v4.pdb
1.00793333295848,0.799458827292709,0.962093545464997,0.297473736470856,0.259269886993824,0.377622130822503,0.513539471025323,10.7966101694915,scoring/dir_011/AF-H1AB59-F1-model_v4.pdb
0.863551804867942,0.415417526428813,0.841750766372448,0.144154017912334,0.494059598484614,0.176212670627391,0.52720123952748,18.3945578231293,scoring/dir_011/AF-H1AB67-F1-model_v4.pdb
0.792129591971319,0.604982897499234,0.375591614392822,0.0827494319668091,0.777974519118924,0.40652480361475,0.598204182328237,3.53846153846154,scoring/dir_011/AF-H1AB72-F1-model_v4.pdb
0.628118944728137,0.329702676229898,0.579020765587237,0.0944438532071914,0.481899310393058,0.212443205545656,0.705059298291348,13.7110552763819,scoring/dir_011/AF-H9NBG4-F1-model_v4.pdb
0.316011799821573,0.240096072228597,0.255632469589731,0.0268800866587362,0.75967119481958,0.358248903114145,0.905280672659657,3.69583333333333,scoring/dir_011/AF-H9TYW8-F1-model_v4.pdb
0.646928519854479,0.50815187524984,0.431453490481932,0.0884447360108188,0.692481684974572,0.407604863993798,0.632232261101047,3.49504950495049,scoring/dir_011/AF-I1Z688-F1-model_v4.pdb
0.400004222517079,0.282639160016493,0.294507186233971,0.0456900684185969,0.559516398341475,0.37545925042559,0.831329449016692,3.74008810572687,scoring/dir_011/AF-I3ZR74-F1-model_v4.pdb
0.452953413407788,0.355010734124978,0.376072529531292,0.0605038541030069,0.548301696027763,0.386438893378304,0.813562172604994,3.49771689497717,scoring/dir_011/AF-I3ZR75-F1-model_v4.pdb
0.914967677485468,0.646557635521629,0.815376978696327,0.130430475547768,0.658895568828552,0.272019376788921,0.554428742115016,9.10666666666667,scoring/dir_011/AF-J4TSA0-F1-model_v4.pdb
0.890430190671153,0.503324814020977,0.815605052760842,0.152472401263221,0.368989247498046,0.20726041883144,0.539555655056085,16.9302325581395,scoring/dir_011/AF-J4TUU0-F1-model_v4.pdb
0.556377861807193,0.426841763994687,0.335967680757994,0.042242846017416,0.812768270390467,0.384475499252414,0.779725118305704,3.60240963855422,scoring/dir_011/AF-J4TUX7-F1-model_v4.pdb
0.493020508186128,0.306233290077098,0.391289113842577,0.0459907216767188,0.540662238441931,0.256975870265391,0.782044846340363,5.5662100456621,scoring/dir_011/AF-J4TVV6-F1-model_v4.pdb
0.650523589430494,0.373955984749111,0.580352536057467,0.0858251537226566,0.328196618460778,0.224266544555494,0.703879651647384,11.8709677419355,scoring/dir_011/AF-J4TWB1-F1-model_v4.pdb
0.88789211866214,0.439628788067969,0.837435132058175,0.13471738571427,0.458199538373443,0.166776172450937,0.517419615513273,24.1809290953545,scoring/dir_011/AF-J4TYV6-F1-model_v4.pdb
0.710965109865047,0.415123425697638,0.590175104704623,0.0905366191343499,0.437021135027655,0.234314142134865,0.619371996684849,11.5201465201465,scoring/dir_011/AF-J4U287-F1-model_v4.pdb
0.904399123130564,0.567806218683692,0.895324560941382,0.161936057526962,0.385935677783635,0.202051340833963,0.568542440696981,31.5836909871245,scoring/dir_011/AF-J4U474-F1-model_v4.pdb
0.934289729337788,0.473462062213279,0.897019203525938,0.137340408354537,0.347941912257513,0.161045200402692,0.527942873440143,26.4083129584352,scoring/dir_011/AF-J5P6N0-F1-model_v4.pdb
0.848505423698468,0.399634532194494,0.806509369730791,0.12393343685135,0.414704429867176,0.160989284978864,0.55548776506381,30.5158286778399,scoring/dir_011/AF-J5PDG0-F1-model_v4.pdb
0.794438316040625,0.473245950117453,0.698005366487953,0.110277003878265,0.53454509189954,0.220147588631148,0.610147430125026,14.153605015674,scoring/dir_011/AF-J5PES2-F1-model_v4.pdb
0.721950527219735,0.482925600277864,0.589228339977115,0.132817470587606,0.396863395138454,0.303781349070745,0.643326221335496,11.1581632653061,scoring/dir_011/AF-J5PGV5-F1-model_v4.pdb
0.773159416326056,0.358280175037572,0.760760004530959,0.11699402879001,0.238319860594984,0.163132038910272,0.624348167299603,28.449715370019,scoring/dir_011/AF-J5PH73-F1-model_v4.pdb
0.796176122428696,0.36773313596997,0.745472219141536,0.105842876068139,0.342158581464266,0.160611227183836,0.597086152288085,28.5010101010101,scoring/dir_011/AF-J5PHQ4-F1-model_v4.pdb
0.501252633770538,0.375388182103684,0.464584320984764,0.0746466367730731,0.469888203568988,0.318706354778949,0.823966955663267,8.57823129251701,scoring/dir_011/AF-J5PKB0-F1-model_v4.pdb
0.565771004766891,0.384527682090431,0.508950138603859,0.0714412247736546,0.42685443997803,0.269311329097771,0.794602500191506,8.66375545851528,scoring/dir_011/AF-J5PPC9-F1-model_v4.pdb
0.676669588221357,0.469446442665999,0.603366281257412,0.0960012531504851,0.439402080408802,0.279761665042532,0.707302105773815,6.3025641025641,scoring/dir_011/AF-J5PS22-F1-model_v4.pdb
0.859421141543358,0.566561325908279,0.815764901091002,0.143174014379716,0.471002199755327,0.226178838856577,0.58425987285583,18.824,scoring/dir_011/AF-J5PTJ0-F1-model_v4.pdb
0.862908183662406,0.443086931591726,0.839761948497138,0.13192876894304,0.315078300085679,0.168070523583177,0.570127012398886,32.2628992628993,scoring/dir_011/AF-J5PVA5-F1-model_v4.pdb
0.889280976116654,0.40169088319158,0.861885082057176,0.14089466085733,0.372600083089173,0.160230110054921,0.543412351079858,31.2477558348294,scoring/dir_011/AF-J5RNR3-F1-model_v4.pdb
0.600870912779363,0.31986739409941,0.546273272466424,0.0783447378904216,0.484683464065283,0.19508540999726,0.729563327926477,24.3323943661972,scoring/dir_011/AF-J5RR02-F1-model_v4.pdb
0.42074377254794,0.269433435876818,0.375796134717553,0.0515266205132832,0.379433379095257,0.26101656260537,0.849038125717411,12.7012987012987,scoring/dir_011/AF-J5RVV2-F1-model_v4.pdb
0.607872811622902,0.460477309469211,0.494589425117415,0.0728732077271243,0.536864247720841,0.346016667628965,0.753116599604587,3.65891472868217,scoring/dir_011/AF-J5S2I4-F1-model_v4.pdb
0.6031706076866,0.465666187708578,0.518696901809101,0.0714587465936285,0.581647031593676,0.325562923254076,0.767916191114674,4.29545454545455,scoring/dir_011/AF-J5S7A4-F1-model_v4.pdb
0.452420228944952,0.281888081941698,0.414384131366954,0.0578552947957038,0.555822020158248,0.232971754504995,0.819468063525601,14.1785714285714,scoring/dir_011/AF-J6EBW0-F1-model_v4.pdb
0.60354577809179,0.332763982529877,0.556980513987892,0.0795499373924262,0.380444628759431,0.200369916819081,0.727845512267743,18.2348754448399,scoring/dir_011/AF-J6ECB4-F1-model_v4.pdb
0.751606624798277,0.345020435695627,0.726006791767804,0.105372623359395,0.228453636198415,0.165638448783781,0.636079099140495,23.8478260869565,scoring/dir_011/AF-J6ED15-F1-model_v4.pdb
0.672296715698997,0.544286819901237,0.589055389971924,0.081060294420788,0.717246000522323,0.369013851052068,0.788912836621277,3.51020408163265,scoring/dir_011/AF-J6ED62-F1-model_v4.pdb
0.790554345283522,0.379826684967351,0.77606713226197,0.121512799443094,0.285412232894876,0.169094372976688,0.621319558516473,37.3595238095238,scoring/dir_011/AF-J6ED95-F1-model_v4.pdb
0.892000940337877,0.49250545890489,0.808869509707203,0.12299244727819,0.563477854134954,0.181698880583307,0.536063827740908,32.4744027303754,scoring/dir_011/AF-J6EDA1-F1-model_v4.pdb
0.661981046842557,0.524443421879718,0.413977564884951,0.0583538363686237,0.85708476404785,0.399014766624493,0.73297239799299,3.49,scoring/dir_011/AF-J6EDV1-F1-model_v4.pdb
1.02460400934353,0.542977631701745,0.893426122554248,0.132379359025865,0.454410305364501,0.169782000235047,0.427537745867906,17.7621483375959,scoring/dir_011/AF-J6EER3-F1-model_v4.pdb
0.53964119195607,0.272341195674679,0.499289246349891,0.0790386773228557,0.316350353774716,0.20757680642763,0.741641657699168,18.4705882352941,scoring/dir_011/AF-J6EES3-F1-model_v4.pdb
0.871381048001728,0.559149899054278,0.688127365819523,0.0973425279046843,0.60940323334658,0.230227727853993,0.551782797517903,6.96449704142012,scoring/dir_011/AF-J6EEZ8-F1-model_v4.pdb
1.16556746882259,0.814026031504387,1.12575765606674,0.242370902173658,0.466136195120834,0.213508667719521,0.309911579418256,20.6974358974359,scoring/dir_011/AF-J6EF31-F1-model_v4.pdb
0.474673639409827,0.297948209483589,0.432327517321661,0.0627909401165086,0.521070506664891,0.241176184214585,0.79950121548352,17.5833333333333,scoring/dir_011/AF-J6EFR2-F1-model_v4.pdb
0.459730763939928,0.289989751844997,0.417969377283216,0.0633246790791139,0.370395096582872,0.255984830036757,0.821084564296779,16.2445141065831,scoring/dir_011/AF-J6EGD5-F1-model_v4.pdb
0.794011350909437,0.499360840498232,0.705532665231332,0.10311007117373,0.38513271720051,0.226258141210041,0.63659132955342,14.5179856115108,scoring/dir_011/AF-J6EIQ4-F1-model_v4.pdb
0.865604897481408,0.448887202621566,0.795440112660017,0.12132297771863,0.505837625388623,0.170380942981981,0.545214670091234,25.4010025062657,scoring/dir_011/AF-J6EJA2-F1-model_v4.pdb
0.583566056049867,0.327004486474573,0.563030832712511,0.0877291241185715,0.43672727702104,0.206090168242291,0.73701221780813,23.0830769230769,scoring/dir_011/AF-J6EKD3-F1-model_v4.pdb
0.766149479890137,0.352451036152186,0.708191999575817,0.10157974752908,0.322097820881653,0.173880401601519,0.625150706851549,24.0366379310345,scoring/dir_011/AF-J6EKI5-F1-model_v4.pdb
0.827355474851847,0.62050382178034,0.556254522764595,0.102438232212537,0.693477975045607,0.34659376646118,0.59931125847485,3.98484848484848,scoring/dir_011/AF-J6EKW5-F1-model_v4.pdb
0.747059737211854,0.439218646404224,0.700010630577792,0.127108160656571,0.423886679988506,0.225271829919581,0.642318861774364,18.5224719101124,scoring/dir_011/AF-J6ENP6-F1-model_v4.pdb
0.979695362687138,0.583746835413108,0.908916698850871,0.164407537674085,0.429969975638277,0.19833047039706,0.451391836890359,20.3235294117647,scoring/dir_011/AF-J6EPK0-F1-model_v4.pdb
0.4480446725436,0.339028458703258,0.337188034063494,0.0366230978267027,0.838401298642367,0.347865805192232,0.834744972392425,3.48550724637681,scoring/dir_011/AF-J6EPR2-F1-model_v4.pdb
0.915742588719664,0.45163112384422,0.854954429850292,0.138813978292339,0.464439832390528,0.1694101989155,0.507289404236137,24.0022321428571,scoring/dir_011/AF-J6EPV5-F1-model_v4.pdb
0.676977923329232,0.326266576949957,0.6509853396557,0.101813338958869,0.344128547658139,0.178598257391623,0.661350904856297,25.0201612903226,scoring/dir_011/AF-J6EPW5-F1-model_v4.pdb
0.871383924364723,0.465730563058085,0.8586820067459,0.144306889412944,0.433399733124921,0.176037555685746,0.555375899145605,18.5618279569892,scoring/dir_011/AF-J6EQD9-F1-model_v4.pdb
0.45571552860516,0.351112900724532,0.254791794891626,0.0241860119640661,0.870387506739676,0.390076649381981,0.818079745610045,3.5067264573991,scoring/dir_011/AF-J8LIF2-F1-model_v4.pdb
0.794011044941286,0.349445678210724,0.76271656022624,0.107753772458359,0.34297509543022,0.158255526285318,0.604720417212554,33.2755741127349,scoring/dir_011/AF-J8PVH2-F1-model_v4.pdb
0.308708837500576,0.203016122900733,0.220214214214478,0.0284282082651917,0.44687222851522,0.312176378648745,0.87496103164227,5.49466192170819,scoring/dir_011/AF-J8PYS9-F1-model_v4.pdb
0.773108240286518,0.384640895953218,0.759478953337622,0.108517835722619,0.311224137678047,0.156972475941775,0.625606405440382,43.8467336683417,scoring/dir_011/AF-J8Q5A1-F1-model_v4.pdb
0.384121305689351,0.276958270537684,0.306867712165041,0.0386003360074645,0.625675749531823,0.32524597035151,0.864202689567546,4.67741935483871,scoring/dir_011/AF-J8Q5I0-F1-model_v4.pdb
0.871267031665496,0.587536233127784,0.689286532842147,0.124279270812113,0.591149780124396,0.258904944663146,0.539413867369929,8.3,scoring/dir_012/AF-J8QAJ7-F1-model_v4.pdb
0.649228755630933,0.34129023803329,0.601337623014645,0.0909574702512267,0.473210105248811,0.186464468059686,0.694725244571907,24.6133333333333,scoring/dir_012/AF-J8QB60-F1-model_v4.pdb
0.708033218442312,0.343927008283808,0.650923188733244,0.0945629132092538,0.368280307219877,0.178874057858315,0.666855089753181,18.9269521410579,scoring/dir_012/AF-J8TGW8-F1-model_v4.pdb
0.675693984011868,0.423763830936572,0.651667421518746,0.10948680665683,0.334294557917399,0.233585004214279,0.699158623373919,44.2547169811321,scoring/dir_012/AF-J8TH93-F1-model_v4.pdb
0.772567204541793,0.352775704257611,0.699855081478078,0.100037364421668,0.393623096241203,0.165109204973678,0.609050413553797,16.9242424242424,scoring/dir_012/AF-J8THY6-F1-model_v4.pdb
0.47648484240079,0.292437853567235,0.437720268985761,0.0539071658962693,0.441976187247159,0.221546011139113,0.811099252885043,13.1538461538462,scoring/dir_012/AF-J8TR95-F1-model_v4.pdb
0.940408745218262,0.614852243971864,0.911620595997978,0.173953569233448,0.334070694714893,0.221381033084437,0.565023946149543,22.8888888888889,scoring/dir_012/AF-J8TWV2-F1-model_v4.pdb
1.01344034997657,0.726649397942042,0.981450023108942,0.260928545020695,0.311321923699222,0.285559715853666,0.453116173515448,9.40983606557377,scoring/dir_012/AF-J8TX93-F1-model_v4.pdb
0.387532202904994,0.292033832831937,0.264793276987257,0.0334509163101537,0.825553717522971,0.387224703912808,0.854950083655798,3.48979591836735,scoring/dir_012/AF-J8TY79-F1-model_v4.pdb
0.757883307374393,0.517003720076792,0.670338427051501,0.124271706947415,0.584283587364578,0.267448842456364,0.640347030523587,8.9748743718593,scoring/dir_012/AF-N1NVJ9-F1-model_v4.pdb
0.558624847670353,0.333001747685401,0.528446914363039,0.0671679103321974,0.337332543563359,0.212320609872122,0.774311962105978,8.58688524590164,scoring/dir_012/AF-N1NYB1-F1-model_v4.pdb
1.03134924634726,0.707558608359012,0.928867822016806,0.181191092541049,0.505632282423513,0.256310493931274,0.527718649375463,10.1181818181818,scoring/dir_012/AF-N1P0Z5-F1-model_v4.pdb
0.63921279495745,0.387983685344043,0.381877223951496,0.0666295152700535,0.812103742896629,0.275242358440745,0.651112193083038,9.73821989528796,scoring/dir_012/AF-N1P1K9-F1-model_v4.pdb
1.0755677255872,0.77783026796618,0.962680359877234,0.196382637324883,0.422324068562114,0.251581755690952,0.44057547199319,8.95934959349593,scoring/dir_012/AF-N1P1Q3-F1-model_v4.pdb
0.972148562899208,0.644876121635347,0.863904625739795,0.169543198277113,0.513672389355399,0.237893947555817,0.45772671767283,16.4954128440367,scoring/dir_012/AF-N1P2Q1-F1-model_v4.pdb
0.649701827668191,0.491898761911421,0.387434670855516,0.0674516016806001,0.791403772972605,0.395467630029142,0.669791319210114,3.54455445544554,scoring/dir_012/AF-N1P4B3-F1-model_v4.pdb
0.816165084815329,0.426489282779192,0.75581951955316,0.133300449650805,0.392495981970202,0.199035612588401,0.599416984759314,28.9344978165939,scoring/dir_012/AF-N1P4L4-F1-model_v4.pdb
0.910071996744172,0.622256086281791,0.884010825279515,0.141317009051066,0.284140964339926,0.217202139320821,0.624333452290687,17.0291262135922,scoring/dir_012/AF-N1P6E8-F1-model_v4.pdb
0.690209255818276,0.555943071684753,0.418861423815519,0.0864214916020634,0.690588823984454,0.399614754251577,0.612974933977597,3.5679012345679,scoring/dir_012/AF-N1P6M2-F1-model_v4.pdb
1.02340573744877,0.650040364116451,0.967584533221975,0.183921946639814,0.396947855416099,0.206355232284653,0.441754399982373,17.6111111111111,scoring/dir_012/AF-N1P6M8-F1-model_v4.pdb
0.882976558913034,0.486616021639301,0.854017163119079,0.143447347456299,0.31732074511826,0.183699014566821,0.55191397718586,35.8731343283582,scoring/dir_012/AF-N1P7I0-F1-model_v4.pdb
1.20235057892718,0.974056557118498,0.935473474615868,0.268960136830761,0.426404662118485,0.303974462284364,0.320665962737769,8.82113821138211,scoring/dir_012/AF-N1P7S7-F1-model_v4.pdb
0.948920547679718,0.585000119326628,0.860630026965101,0.128441700909447,0.465222665419344,0.199968635311673,0.502712503688255,13.620320855615,scoring/dir_012/AF-N1P7T7-F1-model_v4.pdb
0.379639296876176,0.277908192508873,0.354554994109442,0.0451498232794081,0.457336731454515,0.29252797033469,0.887361842057732,8.84705882352941,scoring/dir_012/AF-N1P8G5-F1-model_v4.pdb
0.624781484681419,0.347894263716886,0.600425103220852,0.102125203740014,0.415762306304413,0.21001676880161,0.718611952181909,22.048309178744,scoring/dir_012/AF-N1P8P8-F1-model_v4.pdb
1.07260253671532,0.692732347624184,1.07165565565323,0.228626560940079,0.25189414151094,0.21504874104752,0.448268855605885,16.7326007326007,scoring/dir_012/AF-N1P948-F1-model_v4.pdb
0.902626839196675,0.54250183687759,0.815891967171056,0.149251833410044,0.528941368596795,0.211321733309397,0.509370655478071,16.0813953488372,scoring/dir_012/AF-N1P949-F1-model_v4.pdb
0.443682687837418,0.274753664358392,0.381631094598486,0.05438149855598,0.474811291508912,0.260077218829238,0.813357950632199,9.1138014527845,scoring/dir_012/AF-N1P9F0-F1-model_v4.pdb
0.817542644680103,0.443429582967058,0.753385125464743,0.115506199463909,0.32641424354883,0.197217310705784,0.60257008723478,18.2154696132597,scoring/dir_012/AF-N1P9M7-F1-model_v4.pdb
0.5935620115851,0.349649841967138,0.546816195449694,0.0828191419597417,0.449257691969821,0.225325205727974,0.738931691006501,32.0663716814159,scoring/dir_012/AF-N1PA95-F1-model_v4.pdb
0.57716622608367,0.479691118611343,0.503735525009704,0.0707775939748909,0.524895479438193,0.38862833361315,0.818954586639893,3.52631578947368,scoring/dir_012/AF-N1PAL3-F1-model_v4.pdb
0.65740086144456,0.359913756895578,0.580687176882237,0.10279924550598,0.48802475478178,0.219202440208673,0.67178668147003,19.9371428571429,scoring/dir_012/AF-N1PAQ6-F1-model_v4.pdb
0.657872322702618,0.396175390943923,0.606591312771338,0.0945759961384707,0.430259590801835,0.217706978852773,0.713931755161907,13.5148148148148,scoring/dir_012/AF-O14467-F1-model_v4.pdb
0.70396598499822,0.388656527866995,0.666611490076921,0.111988592929238,0.37691194739835,0.20540806106883,0.675048486978863,23.3529411764706,scoring/dir_012/AF-O42831-F1-model_v4.pdb
0.564778533565392,0.442377999709089,0.4383106694824,0.0682572494025827,0.641949256143779,0.380072099552113,0.785844990246727,3.63333333333333,scoring/dir_012/AF-O94742-F1-model_v4.pdb
0.600775333493094,0.380369651264288,0.540474065262295,0.088334736318418,0.380259861832042,0.258378423296907,0.733564509431873,10.104,scoring/dir_012/AF-P00425-F1-model_v4.pdb
0.604506575826827,0.385513865732459,0.4924326221274,0.0757622993052197,0.699363896609728,0.264000950085443,0.71219808691545,7.53801169590643,scoring/dir_012/AF-P02400-F1-model_v4.pdb
0.703351704068152,0.428857853234956,0.679097294756654,0.125578884958336,0.441364649860187,0.232616140176534,0.673985679122511,16.4491228070175,scoring/dir_012/AF-P04037-F1-model_v4.pdb
0.752003893467571,0.458333764260035,0.671850767758164,0.134991287769791,0.388980608288068,0.255589130392462,0.627533611840007,10.3791666666667,scoring/dir_012/AF-P04912-F1-model_v4.pdb
0.6181469819077,0.398280830969236,0.495040814957877,0.0745783511127999,0.669831329394769,0.267498212095771,0.699401691293435,7.49152542372881,scoring/dir_012/AF-P05319-F1-model_v4.pdb
0.953858386563956,0.482534621757127,0.909187345674179,0.155334249703867,0.331831770885594,0.17406510021745,0.523166596493227,26.3421052631579,scoring/dir_012/AF-P06104-F1-model_v4.pdb
0.412812582120787,0.269337550714032,0.378206859840903,0.0441383216797242,0.577701032476055,0.238070259027995,0.846590901559319,8.38216560509554,scoring/dir_012/AF-P07249-F1-model_v4.pdb
0.884791645493927,0.59330956271194,0.835610701418652,0.171487801346377,0.30458386207037,0.248104600392043,0.591317561296985,13.8434343434343,scoring/dir_012/AF-P07635-F1-model_v4.pdb
1.02654291344385,0.702452715664632,0.946980257152523,0.205196844546568,0.575725241246648,0.254314447276776,0.372259448292413,15.5785123966942,scoring/dir_012/AF-P0C1V3-F1-model_v4.pdb
0.812119267392412,0.61809235692094,0.568681091079057,0.147304241474662,0.534296673419114,0.397963342592038,0.562978364818347,3.47945205479452,scoring/dir_012/AF-P0C5L8-F1-model_v4.pdb
0.724396698553896,0.587245065777069,0.59780031775458,0.0963194309913619,0.623454633465924,0.396567568266521,0.746979165955098,3.49350649350649,scoring/dir_012/AF-P0C5M2-F1-model_v4.pdb
0.921061032423489,0.594955653328027,0.652127963132832,0.120018006856511,0.427888401960698,0.273231817412423,0.467923656096174,6.824,scoring/dir_012/AF-P0C5M7-F1-model_v4.pdb
0.716074166147988,0.581701029668933,0.542608948016746,0.0974534030400998,0.684395047532399,0.401794958823362,0.677545843826459,3.47787610619469,scoring/dir_012/AF-P0C5N0-F1-model_v4.pdb
0.659128160665533,0.482464211980447,0.314662110538908,0.0725979466097698,0.842352609795008,0.414681421144409,0.629993268026906,3.49494949494949,scoring/dir_012/AF-P0C5N1-F1-model_v4.pdb
0.9412950807729,0.771274506310096,0.730270171305219,0.134131193592783,0.628605507551045,0.370173383686462,0.582220803619699,3.58823529411765,scoring/dir_012/AF-P0C5Q0-F1-model_v4.pdb
0.91061262474182,0.525488062743867,0.850154275378245,0.138602110623164,0.341637468740076,0.193678240164405,0.567311786241611,25.0223880597015,scoring/dir_012/AF-P0CE85-F1-model_v4.pdb
0.628459242085951,0.318402208505392,0.568923518768053,0.0777022739018062,0.386307930798456,0.199974271276672,0.70264831012824,17.6857923497268,scoring/dir_012/AF-P0CF20-F1-model_v4.pdb
0.896979877884684,0.530569893592092,0.810551879088718,0.156286740300764,0.5458983281661,0.224168937159927,0.542593802786552,18.9541984732824,scoring/dir_012/AF-P0CF21-F1-model_v4.pdb
0.920185998983616,0.545095303909859,0.889224583438653,0.159948418282828,0.506371563223588,0.200068607790263,0.517804994038893,24.3163265306122,scoring/dir_012/AF-P0CF33-F1-model_v4.pdb
0.832803113318538,0.470716420912742,0.731704653364169,0.120374895464306,0.677020383729861,0.196506011001702,0.572756079460765,19.5074626865672,scoring/dir_012/AF-P0CF36-F1-model_v4.pdb
0.716747888662658,0.550645195970074,0.501188313395404,0.14018855017056,0.665715976236242,0.417965638240618,0.57365128163315,3.49382716049383,scoring/dir_012/AF-P0CL23-F1-model_v4.pdb
0.806486974528265,0.43235982557099,0.788182827073322,0.145382324643646,0.39055428695528,0.200630638660416,0.592073338984044,26.3248081841432,scoring/dir_012/AF-P19211-F1-model_v4.pdb
0.803385025471836,0.389021444699123,0.7365701625643,0.100438426558204,0.543037848191363,0.162109617578983,0.588291183758715,29.8893058161351,scoring/dir_012/AF-P20606-F1-model_v4.pdb
0.70541175291088,0.466944902184436,0.481325329692869,0.109037098825398,0.641361970337094,0.349518724396977,0.638782306732807,3.86666666666667,scoring/dir_012/AF-P22289-F1-model_v4.pdb
0.482392892224018,0.283198260029425,0.439629675987993,0.0700477730607541,0.411747615288914,0.244964037816337,0.792829035366588,11.2105263157895,scoring/dir_012/AF-P22354-F1-model_v4.pdb
0.747274423699569,0.382266028411278,0.684824569173166,0.0987601563861209,0.478033412200335,0.183349883722966,0.615046104106703,15.5230024213075,scoring/dir_012/AF-P25296-F1-model_v4.pdb
1.18482714955307,0.736989484656485,1.04881276165988,0.18714496078771,0.580435543635397,0.188634481515642,0.342944357765442,25.5709570957096,scoring/dir_012/AF-P25372-F1-model_v4.pdb
0.851087744813431,0.454639958890107,0.847979723260313,0.145344472846682,0.27036538991301,0.172647508991862,0.565923405688901,29.1238938053097,scoring/dir_012/AF-P25601-F1-model_v4.pdb
0.76778975529822,0.400409473724205,0.75711345758341,0.126833774480035,0.273698830491644,0.185289308695237,0.639593153862816,25.7717717717718,scoring/dir_012/AF-P25626-F1-model_v4.pdb
0.915683945902752,0.540768349560288,0.868696138828021,0.152606836988756,0.503424033681921,0.204044956529844,0.506544457308119,27.6679536679537,scoring/dir_012/AF-P32445-F1-model_v4.pdb
1.03868932036715,0.632994913244987,1.0427629802252,0.218038443799239,0.269262795817148,0.196539385567363,0.439664322966639,36.3887240356083,scoring/dir_012/AF-P32472-F1-model_v4.pdb
0.504095988054068,0.332619044441015,0.385856883286031,0.0384723299469823,0.752475547175319,0.265880987088852,0.812693539996649,6.1042654028436,scoring/dir_012/AF-P33308-F1-model_v4.pdb
0.430233407515695,0.307669053607307,0.279043861193036,0.0341076082716801,0.820670300891623,0.352045477492861,0.810483357729758,3.49468085106383,scoring/dir_012/AF-P33328-F1-model_v4.pdb
1.09138860566757,0.67100046119165,1.08884509961398,0.21598833681368,0.342958668469357,0.182533802537702,0.395036318476064,22.0926517571885,scoring/dir_012/AF-P36078-F1-model_v4.pdb
1.09373556946759,0.661808068724608,1.070392225553,0.194750951237849,0.343057816215518,0.183659259955077,0.416877259104515,30.0911680911681,scoring/dir_012/AF-P36141-F1-model_v4.pdb
0.492045797307349,0.301399172411641,0.457176112321235,0.0780645287723478,0.556728159740195,0.253456242502754,0.782344578077711,10.4491525423729,scoring/dir_012/AF-P37263-F1-model_v4.pdb
0.65669294858373,0.436132670658825,0.572827529661576,0.0817720468748339,0.329886121366104,0.272257722082632,0.690973296379038,6.93969849246231,scoring/dir_012/AF-P38192-F1-model_v4.pdb
0.914430365237894,0.481341919868087,0.91200199174998,0.15479455976708,0.344799731879531,0.174924172008432,0.531904194201921,25.6960227272727,scoring/dir_012/AF-P38214-F1-model_v4.pdb
0.721972229312086,0.353125724741182,0.690511275105849,0.108823078421291,0.26741853197724,0.184672086496992,0.67858372507981,29.2452830188679,scoring/dir_012/AF-P38264-F1-model_v4.pdb
0.858844880606676,0.495334678145527,0.812630859582502,0.148299922721978,0.386366348401897,0.206848006316434,0.578934069330298,33.4220183486239,scoring/dir_012/AF-P38291-F1-model_v4.pdb
0.676317960361311,0.461764346171684,0.617784838074258,0.110127104762032,0.539189890400856,0.284864937112969,0.693146094242894,10.8111587982833,scoring/dir_012/AF-P38317-F1-model_v4.pdb
0.51942902132973,0.292370273268423,0.444988107922236,0.0519509518062285,0.438317889963868,0.221760901070442,0.76706984250351,11.8706624605678,scoring/dir_012/AF-P38728-F1-model_v4.pdb
0.936431359927971,0.530756164713483,0.838396469394309,0.170820201734686,0.549950284747842,0.205791937111767,0.491536407458956,26.5149253731343,scoring/dir_012/AF-P39516-F1-model_v4.pdb
1.03087822079205,0.53035889992079,1.03852324006892,0.190629872126476,0.275386848336654,0.17014664666729,0.456899252560529,33.9131355932203,scoring/dir_012/AF-P39726-F1-model_v4.pdb
0.867066323575041,0.46967759732112,0.83262941932367,0.136213999999364,0.309691608899341,0.181945388207798,0.580083859780087,27.1496259351621,scoring/dir_012/AF-P39989-F1-model_v4.pdb
0.753917721601085,0.358694178608781,0.744392289157718,0.129994725929174,0.43483344093146,0.179754720240883,0.600279520664149,21.0243055555556,scoring/dir_012/AF-P40042-F1-model_v4.pdb
1.00585860425894,0.554962811506765,0.953529485184114,0.17566476965132,0.37610480196734,0.181368266014676,0.449133699134171,30.3244680851064,scoring/dir_012/AF-P40185-F1-model_v4.pdb
0.457149967688656,0.268359665949318,0.438727659379263,0.0715602858286478,0.310967823516501,0.228739760962352,0.815182132211222,20.3439716312057,scoring/dir_012/AF-P40325-F1-model_v4.pdb
0.776531893926355,0.425028620723853,0.685502947775587,0.0962452132643936,0.49653213859228,0.196282968105429,0.615305015664244,12.8564593301435,scoring/dir_012/AF-P40515-F1-model_v4.pdb
0.436272086607591,0.258623422867995,0.397994544355829,0.0547144812616326,0.435088691013855,0.235330622698925,0.818353899590285,14.2024539877301,scoring/dir_012/AF-P40993-F1-model_v4.pdb
0.930082181779929,0.700417721999756,0.85780639564261,0.170458718669128,0.387078343644125,0.284863422051648,0.605441246152662,15.5172413793103,scoring/dir_012/AF-P41908-F1-model_v4.pdb
0.80605737557571,0.452038704145223,0.726114527682487,0.137043644382256,0.373923123586644,0.226918767051619,0.590488436442277,18.5752895752896,scoring/dir_012/AF-P46984-F1-model_v4.pdb
0.564222133535459,0.420965175351555,0.474443862841498,0.0681098281709197,0.553428571838109,0.338934490771393,0.769475725959861,3.84536082474227,scoring/dir_012/AF-P46986-F1-model_v4.pdb
0.559869318408393,0.304816144776879,0.512902402125143,0.0748534071353606,0.433124832713412,0.205531970924674,0.748614718598328,16.8950892857143,scoring/dir_012/AF-P47089-F1-model_v4.pdb
0.620904850311741,0.339990844304398,0.549694243054589,0.0608655352190865,0.301534096776848,0.214256084514682,0.704012019276017,6.92622950819672,scoring/dir_012/AF-P47094-F1-model_v4.pdb
0.644151918178495,0.329229470564922,0.599951268889627,0.094453846004356,0.362848024695907,0.193439371718084,0.693519530377763,17.850136239782,scoring/dir_012/AF-P47138-F1-model_v4.pdb
0.425556879672053,0.255952382531722,0.365069491601574,0.0449557771226132,0.435176461615498,0.248229896008347,0.823963468266601,11.2492917847025,scoring/dir_012/AF-P53062-F1-model_v4.pdb
0.405421468675675,0.315034869577292,0.333597339549205,0.0382857407392163,0.739273039266559,0.351218209422772,0.869872239816504,3.6875,scoring/dir_012/AF-P53139-F1-model_v4.pdb
0.807425273865919,0.463157520911235,0.791829371133092,0.159895727943088,0.374275544681757,0.213687431081642,0.608939834918709,22.74375,scoring/dir_012/AF-P53732-F1-model_v4.pdb
0.419590776776546,0.291928314176895,0.345444035064893,0.0389255931831374,0.655337749121193,0.306995559948209,0.835271630178436,3.64651162790698,scoring/dir_012/AF-P53880-F1-model_v4.pdb
0.817817506851504,0.470770578554237,0.76621473039985,0.147258814121525,0.357179384158663,0.221946787433882,0.580898340541552,14.3648208469055,scoring/dir_012/AF-P53937-F1-model_v4.pdb
0.680526399472087,0.433394409024047,0.499653164736532,0.0764061949906188,0.717374343180233,0.305105969899659,0.660870325882995,4.19117647058824,scoring/dir_012/AF-P56508-F1-model_v4.pdb
0.986621875939244,0.589468427079039,0.958091101333199,0.171271420865044,0.4091618349851,0.191206665299551,0.468515043390114,25.5425531914894,scoring/dir_012/AF-P56628-F1-model_v4.pdb
0.55918806544784,0.382822467328888,0.461699953289811,0.0544223382122059,0.466370012343743,0.284842944023986,0.754562495397868,4.39320388349515,scoring/dir_012/AF-P87272-F1-model_v4.pdb
0.770187788402005,0.382101909585737,0.74277714514498,0.11523172520596,0.292808631685653,0.171334050487055,0.649899563999714,37.8125,scoring/dir_012/AF-Q02429-F1-model_v4.pdb
0.965722584458539,0.490975189046497,0.965524023850743,0.166502679380001,0.274127542759193,0.16144590343223,0.515461947261572,38.6553106212425,scoring/dir_013/AF-Q03096-F1-model_v4.pdb
0.383727988836493,0.297315421059844,0.343797469889799,0.0380142643844734,0.561670006250516,0.334406674011762,0.893784526514404,3.72535211267606,scoring/dir_013/AF-Q03772-F1-model_v4.pdb
0.363624098991733,0.283895232534635,0.326058143831557,0.037276638331376,0.468073459348803,0.332797423303818,0.896689846211019,3.74747474747475,scoring/dir_013/AF-Q03937-F1-model_v4.pdb
0.837594065146353,0.563091198696111,0.700000939324916,0.126786448873587,0.579795473265092,0.251060407502122,0.558335963997082,14.0634328358209,scoring/dir_013/AF-Q04341-F1-model_v4.pdb
0.988970984058574,0.702385705199698,0.95960037728845,0.192233318206544,0.36358805424518,0.257729984835173,0.528093765849431,16.4962406015038,scoring/dir_013/AF-Q05676-F1-model_v4.pdb
0.58481727205633,0.397420130000701,0.443141794687623,0.0577615424134129,0.471394947416969,0.288080980079178,0.740331847606178,6.78468899521531,scoring/dir_013/AF-Q08498-F1-model_v4.pdb
0.880551776183733,0.473807962943645,0.845602885939255,0.136875616921657,0.344011181096629,0.182581072289647,0.561133461041134,27.3837209302326,scoring/dir_013/AF-Q08826-F1-model_v4.pdb
0.544701627137951,0.394494698558657,0.354535628147236,0.069086417802321,0.678325432225369,0.381515277136275,0.725658494109961,3.5,scoring/dir_013/AF-Q08997-F1-model_v4.pdb
0.646496816502856,0.336734274245731,0.605383266542689,0.0982209298038141,0.226743616215685,0.201266891134002,0.702054058319722,31.0923076923077,scoring/dir_013/AF-Q12016-F1-model_v4.pdb
0.796194588088047,0.366457301295128,0.722302233948978,0.106798732222811,0.548312819690345,0.164924101040955,0.585517928671136,41.2472118959108,scoring/dir_013/AF-Q12055-F1-model_v4.pdb
0.465761507558055,0.359174747689018,0.363356463875418,0.042537283561827,0.809118792686814,0.375727966757101,0.822489159651564,3.53080568720379,scoring/dir_013/AF-Q12169-F1-model_v4.pdb
0.754015891257352,0.3624772775473,0.745473821280417,0.132018201079708,0.208259716019786,0.181061247521576,0.658740096826161,44.0297872340426,scoring/dir_013/AF-Q1ET04-F1-model_v4.pdb
0.628724138885946,0.289202770256188,0.599689588079132,0.0959569778445063,0.498624653763878,0.182822812855605,0.685239754110494,25.6539196940727,scoring/dir_013/AF-Q1ET05-F1-model_v4.pdb
0.9809463736982,0.626735561758081,0.923884343910245,0.201535033181994,0.324146469296478,0.236856282696906,0.476612421579197,18.9855072463768,scoring/dir_013/AF-Q3E743-F1-model_v4.pdb
0.53906118750897,0.404676348074473,0.292033812769113,0.0533030486718065,0.824029181158989,0.404009771137467,0.711341624463818,3.49624060150376,scoring/dir_013/AF-Q3E765-F1-model_v4.pdb
0.693378135871805,0.455099119820272,0.520352125861762,0.0719764269916147,0.67287948974014,0.273501771626649,0.640324036520045,3.90082644628099,scoring/dir_013/AF-Q3E790-F1-model_v4.pdb
0.757844695670527,0.472356913823153,0.546680918845054,0.113981167845962,0.544577197022255,0.288708854972997,0.581805061731364,8.75182481751825,scoring/dir_013/AF-Q3E7B6-F1-model_v4.pdb
0.608484007345518,0.426652364029571,0.288984081909536,0.0668220196784789,0.855660300758212,0.40237907711724,0.671878102547601,3.46808510638298,scoring/dir_013/AF-Q3E814-F1-model_v4.pdb
0.935875640977106,0.601088199131705,0.747006831278599,0.156802497972607,0.384790449469888,0.310455037873853,0.446792332819036,5.04494382022472,scoring/dir_013/AF-Q3E820-F1-model_v4.pdb
0.994766804583029,0.626394002856442,0.889415644607566,0.180389734673684,0.526137132458321,0.227957612720155,0.435219194828254,19.8703703703704,scoring/dir_013/AF-Q3E833-F1-model_v4.pdb
0.832411596540563,0.523824057557973,0.649678205876281,0.106455579436645,0.474127636662067,0.246502024291339,0.562128267125477,10.6882352941176,scoring/dir_013/AF-Q3E834-F1-model_v4.pdb
0.917915430657808,0.562470943584946,0.726916659048277,0.137398646185813,0.490005463522747,0.241847241167879,0.492063684891365,10.9095238095238,scoring/dir_013/AF-Q3E846-F1-model_v4.pdb
0.535811412275516,0.386004928982662,0.348561969846896,0.0969983946579643,0.770442991073248,0.428188899935819,0.710147677166687,3.5,scoring/dir_013/AF-Q6Q5X2-F1-model_v4.pdb
1.02337135902367,0.753146458360426,0.878358279573647,0.166301362886467,0.464826373372983,0.292037070243145,0.540458295899074,7.16101694915254,scoring/dir_013/AF-Q874K5-F1-model_v4.pdb
0.835535847505293,0.418824822769889,0.800919552846883,0.134945267144006,0.302229008467134,0.17443859127204,0.574723491147903,27.8520179372197,scoring/dir_013/AF-Q876C5-F1-model_v4.pdb
0.862312004241883,0.446455475461184,0.858076796306357,0.160482296519749,0.273605422850829,0.183184884369173,0.57127859789764,24.910941475827,scoring/dir_013/AF-Q876E7-F1-model_v4.pdb
0.618230870303521,0.383883381658896,0.586392486603365,0.0810095126160227,0.382210194481503,0.211249923622205,0.743088458387784,24.9554455445544,scoring/dir_013/AF-Q876E8-F1-model_v4.pdb
0.591145543617509,0.329436720384885,0.561199252595671,0.0857633277585181,0.390836401580424,0.201248555039373,0.734857318032268,23.2739273927393,scoring/dir_013/AF-Q876E9-F1-model_v4.pdb
0.648118875706971,0.340525117190805,0.601720805977046,0.0991978665760454,0.360655621493671,0.20662229068916,0.686536193584346,16.8052631578947,scoring/dir_013/AF-Q876H7-F1-model_v4.pdb
0.834184516471483,0.426701568709573,0.81898125775149,0.132458854884874,0.285217024653679,0.176980807677568,0.576905383348099,20.8644578313253,scoring/dir_013/AF-Q876J7-F1-model_v4.pdb
1.04509140604333,0.677548703065323,0.941643609376527,0.182788603249541,0.53940563111145,0.218237448206818,0.397246829595596,26.6311475409836,scoring/dir_013/AF-Q8J0J2-F1-model_v4.pdb
0.925893224026667,0.531683301899433,0.922409367477083,0.179491755185663,0.311153358167959,0.196489120853551,0.52794658473281,35.9898305084746,scoring/dir_013/AF-Q8J1N7-F1-model_v4.pdb
0.815929879776671,0.595440896377648,0.752749229921718,0.126162148363187,0.421279707003478,0.287851287764628,0.657851205943982,17.5321100917431,scoring/dir_013/AF-Q8J1N8-F1-model_v4.pdb
0.855126365088502,0.624054400044918,0.734575259669054,0.120041710190619,0.373184441713618,0.2973127288875,0.563267002115528,4.696,scoring/dir_013/AF-Q8TGL2-F1-model_v4.pdb
0.962366154840149,0.791838958639991,0.867411951947999,0.205568532743274,0.40307596499098,0.409231035744379,0.612725110688196,3.49253731343284,scoring/dir_013/AF-Q8TGM2-F1-model_v4.pdb
0.733890820480602,0.554153929440425,0.62108104903672,0.152124239971756,0.530469508668539,0.408131448623587,0.622734847198352,3.52564102564102,scoring/dir_013/AF-Q8TGS2-F1-model_v4.pdb
0.787769609034752,0.578986623213646,0.469318867860976,0.106818468908008,0.695156315314657,0.397981010295992,0.590869036355513,3.78313253012048,scoring/dir_013/AF-Q8TGT1-F1-model_v4.pdb
0.788551991754048,0.657996157273453,0.567062641625253,0.104185540588333,0.672887143895054,0.415880954582364,0.614490680134309,3.50602409638554,scoring/dir_013/AF-Q8TGT2-F1-model_v4.pdb
0.930221328309657,0.684791577450357,0.723211257987866,0.128056004648733,0.554807252955972,0.284954777374126,0.493071389087073,7.97692307692308,scoring/dir_013/AF-Q8TGU6-F1-model_v4.pdb
0.574608837056261,0.370321919660352,0.458467336715846,0.0586158717832505,0.595488281073386,0.262525666601736,0.738854321814711,6.41666666666667,scoring/dir_013/AF-Q92317-F1-model_v4.pdb
0.562459679991429,0.338193149592721,0.5202807513417,0.0785405255473576,0.293053888835392,0.232583126764552,0.767535468035369,13.9432432432432,scoring/dir_013/AF-Q9C1A2-F1-model_v4.pdb
0.858783081607662,0.447048187415806,0.851597840554432,0.162986518398589,0.323413745208744,0.186610841469594,0.552564770438671,19.7909090909091,scoring/dir_013/AF-Q9HFF7-F1-model_v4.pdb
0.398650987508118,0.281200357376481,0.267955158611076,0.0333218130630801,0.720998783267539,0.34459784605989,0.832463527980458,4.40989399293286,scoring/dir_013/AF-Q9HFG3-F1-model_v4.pdb
0.624174335248438,0.375424472725201,0.56321108368242,0.0837783596868805,0.387183710042888,0.235068668423825,0.718100979503901,10.4393305439331,scoring/dir_013/AF-Q9HFX6-F1-model_v4.pdb
0.715933846000481,0.513671486231974,0.629651242766962,0.105383808182602,0.538856005475783,0.321325120065719,0.712269390683277,4.10126582278481,scoring/dir_013/AF-Q9HFY0-F1-model_v4.pdb
0.606823200081214,0.36409208330735,0.501439760082271,0.0588604018194924,0.59806656452847,0.256293397357157,0.709803038512233,3.56060606060606,scoring/dir_013/AF-Q9ZZW2-F1-model_v4.pdb
0.676595920618754,0.50740529256868,0.550749791791995,0.0922414072057278,0.508118196264066,0.347735279864389,0.699413461299324,4.63636363636364,scoring/dir_013/AF-S6BPA5-F1-model_v4.pdb
0.780097860255015,0.383578281394545,0.778724820775352,0.133302067254453,0.225445365191695,0.168614449431909,0.631845065293719,42.8891687657431,scoring/dir_013/AF-S6BQ21-F1-model_v4.pdb
0.691831295444443,0.416978196016449,0.6022328783714,0.0924457767624487,0.357281991506476,0.24408737962548,0.71728509746454,9.3265306122449,scoring/dir_013/AF-T2D1C0-F1-model_v4.pdb
0.779064957342373,0.485462555713318,0.708250542093797,0.123633312124587,0.42933930442888,0.22409542569782,0.624305956953394,15.7835051546392,scoring/dir_013/AF-V9GZG4-F1-model_v4.pdb
0.897066199268146,0.475797700898727,0.859443548863845,0.150724406573517,0.311153060120419,0.181519958314761,0.559026804085249,29.0061224489796,scoring/dir_013/AF-W8PD50-F1-model_v4.pdb
0.868981555353254,0.398054586621923,0.857169927813489,0.142156855943969,0.350805750728341,0.163322457421609,0.567704358356351,32.0464716006885,scoring/dir_013/AF-W8PUL5-F1-model_v4.pdb
0.630286619310488,0.339081127166253,0.605375058008718,0.101310827986556,0.407789140428095,0.207697057173104,0.706498625205893,17.5721153846154,scoring/dir_013/AF-X5CPE8-F1-model_v4.pdb
