-logP_Struc,-logP_Contact,dist_sc,con_sc,area_sc,per_con,per_no_con,contact_order,name
0.772616717816535,0.382592189251527,0.673786031679018,0.0967482730577271,0.51402779816586,0.173802198233146,0.588463882852393,16.7488151658768,scoring/dir_001/AF-A0A060Q600-F1-model_v4.pdb
0.893987079705878,0.540079408313562,0.83258665607144,0.141367654653308,0.372206799766666,0.215009443252031,0.524480100879272,11.2121212121212,scoring/dir_001/AF-A0A061ACG4-F1-model_v4.pdb
0.659115744219521,0.424010630148871,0.527446878193664,0.0831750900616148,0.437459750206964,0.280791453121162,0.677402566178034,10.7612903225806,scoring/dir_001/AF-A0A061ACQ5-F1-model_v4.pdb
0.784687536027845,0.661218920023799,0.701372568899261,0.0931616255238475,0.544391870338823,0.343619790210421,0.727419477708929,3.73684210526316,scoring/dir_001/AF-A0A061ACS6-F1-model_v4.pdb
1.05182483164315,0.781586493547598,0.962402386885825,0.183307042487393,0.381692035830434,0.243781737737192,0.491484058161137,22.3578947368421,scoring/dir_001/AF-A0A061AD09-F1-model_v4.pdb
0.767780570690982,0.405268033934033,0.774177560941355,0.138380691391264,0.212625881314272,0.183770564704636,0.66227997514166,37.9723502304147,scoring/dir_001/AF-A0A061AD52-F1-model_v4.pdb
1.16689632199836,0.91470128385587,1.08753586541584,0.253457457165404,0.548575052242004,0.254484576080409,0.360895837573142,13.5658914728682,scoring/dir_001/AF-A0A061ADR6-F1-model_v4.pdb
0.830583875379399,0.56137434912148,0.702705995884174,0.150987450661553,0.491395045861709,0.292524174973457,0.527382857280409,8.74545454545455,scoring/dir_001/AF-A0A061ADV3-F1-model_v4.pdb
0.98550103635525,0.584588803516477,0.998845255968543,0.207711365170925,0.295647492518535,0.192466561187949,0.480756540532602,39.041769041769,scoring/dir_001/AF-A0A061AIU0-F1-model_v4.pdb
0.395608400275688,0.275807127248565,0.320467437845479,0.0406794381554518,0.400761929684434,0.302566316495178,0.855874713790214,7.41048034934498,scoring/dir_001/AF-A0A061AIY3-F1-model_v4.pdb
0.412289040758946,0.230344140117007,0.309116537200655,0.0408818226842503,0.587672181044683,0.254071841144196,0.806337227139394,11.2905405405405,scoring/dir_001/AF-A0A061AJ82-F1-model_v4.pdb
0.802316764143252,0.483623699643005,0.766935374484742,0.122901574085044,0.414830937373113,0.213519414089856,0.600506411500973,9.48818897637795,scoring/dir_001/AF-A0A061AJH7-F1-model_v4.pdb
0.758276234958139,0.591003344754376,0.604054167042585,0.0905599475189715,0.750885903472588,0.373329928320694,0.723379408453716,4.16279069767442,scoring/dir_001/AF-A0A061AJJ5-F1-model_v4.pdb
0.976141291572671,0.704901542789629,0.932578097746788,0.150488120341248,0.350996213389863,0.22788203033452,0.574647328444961,12.5731707317073,scoring/dir_001/AF-A0A061AJK0-F1-model_v4.pdb
0.91369426348138,0.67291610100299,0.8525218400409,0.166292100416624,0.506996780458656,0.290583913426566,0.60108918641523,13.8021978021978,scoring/dir_001/AF-A0A061AKL8-F1-model_v4.pdb
0.949747337824416,0.689126080000546,0.911000730846222,0.201377717061107,0.326907335485911,0.279835552196114,0.523613123875054,18.5056179775281,scoring/dir_001/AF-A0A061AKN6-F1-model_v4.pdb
0.814886632132804,0.38960718928774,0.763309402057607,0.116230888120244,0.306555290209091,0.170890866706251,0.587268067166035,23.6792452830189,scoring/dir_001/AF-A0A061AKS3-F1-model_v4.pdb
1.1252108144632,0.788517978044007,1.07276067680673,0.258705602871843,0.322802954216577,0.251316356586663,0.352079579696287,15.3609467455621,scoring/dir_001/AF-A0A061AKW2-F1-model_v4.pdb
0.7641973218556,0.564267018297519,0.208197525797928,0.0414466412763691,0.909908097836636,0.40730852325173,0.610882014580163,3.51578947368421,scoring/dir_001/AF-A0A061AKX1-F1-model_v4.pdb
0.794318501834814,0.507383470327903,0.726681860757034,0.131576166602817,0.457401514702193,0.244304053620126,0.630140509581457,10.736170212766,scoring/dir_001/AF-A0A061AL65-F1-model_v4.pdb
0.819119428070196,0.401734464020108,0.794039851373737,0.123317313814178,0.337444521806233,0.166507283427135,0.596990214912354,25.7462686567164,scoring/dir_001/AF-A0A061AL82-F1-model_v4.pdb
1.21348942672231,0.849683796245913,0.971743744722837,0.182979299824044,0.529598434473093,0.215719962912605,0.277453026963347,15.1311475409836,scoring/dir_001/AF-A0A061AL94-F1-model_v4.pdb
0.710772351367723,0.545804921130698,0.574959739164569,0.0939505964400098,0.648179536625778,0.355339963109218,0.663404725200152,3.48571428571429,scoring/dir_001/AF-A0A078BPD2-F1-model_v4.pdb
1.05158452300913,0.620438734661727,1.03759579007093,0.190268356167155,0.303991725935139,0.181625429799126,0.424964878575789,23.8075880758808,scoring/dir_001/AF-A0A078BPG0-F1-model_v4.pdb
0.871031125720205,0.484978147682997,0.823554520498745,0.129602231179489,0.401666700161285,0.18323111029142,0.561626607017081,16.9717314487633,scoring/dir_001/AF-A0A078BPK0-F1-model_v4.pdb
0.499367977750377,0.394603075187195,0.400319886350259,0.0503202834570893,0.620776248601563,0.36444366725983,0.814569637162297,4.11111111111111,scoring/dir_001/AF-A0A078BS22-F1-model_v4.pdb
0.605831737001499,0.283417814029113,0.565125620253762,0.0748472282215864,0.290022559151068,0.174610992075053,0.706689953441609,19.9881796690307,scoring/dir_001/AF-A0A078BS54-F1-model_v4.pdb
0.865914943648155,0.422572544465125,0.842567241741222,0.139224585265283,0.313673205993459,0.168514852751614,0.544974183947453,21.1206896551724,scoring/dir_001/AF-A0A078BS67-F1-model_v4.pdb
0.442690084002734,0.333932538812804,0.297171990412137,0.0422616837758119,0.818641530544831,0.3771592721352,0.807326214818232,3.57142857142857,scoring/dir_001/AF-A0A078BTK9-F1-model_v4.pdb
0.811589796418698,0.426887684235495,0.81753156704088,0.153002403003651,0.239728167340948,0.189653163784279,0.610053888130764,37.3950338600451,scoring/dir_001/AF-A0A0D3RBM5-F1-model_v4.pdb
0.56838256398333,0.320804078481522,0.518455615767107,0.0742531072519323,0.358149287778679,0.221849291086882,0.748257008250515,14.1923076923077,scoring/dir_001/AF-A0A0K2WN07-F1-model_v4.pdb
0.563592553480378,0.32255194851985,0.542833431931786,0.107747656166196,0.45462969043035,0.23801423529381,0.72961863628207,10.8693586698337,scoring/dir_001/AF-A0A0K3AQP4-F1-model_v4.pdb
0.653403522370403,0.339106280932872,0.606047065565982,0.0934404444845431,0.424409129987247,0.193702460224048,0.68826205712541,19.3297413793103,scoring/dir_001/AF-A0A0K3AQR5-F1-model_v4.pdb
0.275190543997046,0.194862641146368,0.111154560284627,0.0092321557398439,0.947405234196551,0.389739210637242,0.891180623222005,3.49868073878628,scoring/dir_001/AF-A0A0K3AQS9-F1-model_v4.pdb
0.687112045432067,0.458298753557191,0.622880296248762,0.102905368686041,0.527694830896835,0.261110908927871,0.706590034892139,7.26881720430108,scoring/dir_001/AF-A0A0K3AR32-F1-model_v4.pdb
0.775777305664847,0.523197342858727,0.748659450794694,0.13139694356822,0.440780354089076,0.249672379337307,0.654509889062091,15.9082125603865,scoring/dir_001/AF-A0A0K3ARD0-F1-model_v4.pdb
0.897624692532455,0.420543418142381,0.88631229916103,0.146804841785581,0.272455722022538,0.159072655378479,0.540609826139102,29.9334763948498,scoring/dir_001/AF-A0A0K3ARD1-F1-model_v4.pdb
0.797402577631664,0.54172462394327,0.579758851275392,0.103776100819871,0.493199768955468,0.297712695521912,0.613102200816322,5.59633027522936,scoring/dir_001/AF-A0A0K3ARG5-F1-model_v4.pdb
0.705659301706951,0.380840680023481,0.664314280141201,0.104003542499802,0.323255194198108,0.193250862770118,0.677615703820236,20.227602905569,scoring/dir_001/AF-A0A0K3ARH7-F1-model_v4.pdb
0.825001328466425,0.380026554136316,0.793837240029704,0.11683848302831,0.356070745795846,0.15578167104443,0.602418425948016,32.4829443447038,scoring/dir_001/AF-A0A0K3ARK9-F1-model_v4.pdb
0.827241903114575,0.398735542739753,0.820680017141853,0.134856492522651,0.342547320362855,0.167568205038429,0.60078225175019,24.7825278810409,scoring/dir_001/AF-A0A0K3ARL4-F1-model_v4.pdb
0.715353557652467,0.550340638048348,0.458419724908563,0.0864959344516079,0.797562469977966,0.410872219168673,0.630336812698447,3.49504950495049,scoring/dir_001/AF-A0A0K3ARQ1-F1-model_v4.pdb
0.585866020666964,0.350992264855284,0.515296468670353,0.0665286142590984,0.389158383436469,0.233662601337515,0.737062249010373,10.0285714285714,scoring/dir_001/AF-A0A0K3ARU0-F1-model_v4.pdb
0.907723599580178,0.443098674682912,0.89073323464931,0.147388548190022,0.344322181580666,0.165668564113477,0.558787554551361,40.6224832214765,scoring/dir_001/AF-A0A0K3ARZ2-F1-model_v4.pdb
0.870101557860492,0.435099365257551,0.752998885078665,0.11313200209035,0.394276985220264,0.187425422184619,0.53669089502568,23.2756892230576,scoring/dir_001/AF-A0A0K3ARZ8-F1-model_v4.pdb
1.1408815248053,0.807677366244033,1.10946487145689,0.22916861996521,0.383134641615228,0.212067032058102,0.353561584973274,14.1133004926108,scoring/dir_001/AF-A0A0K3AS00-F1-model_v4.pdb
0.643952125888403,0.314977962329903,0.621893400622643,0.0909877299992109,0.286140750859549,0.177311522346359,0.702467404384663,22.8845144356955,scoring/dir_001/AF-A0A0K3AS33-F1-model_v4.pdb
0.763734256888336,0.36381826760994,0.747492020808264,0.122404464685225,0.297647067619215,0.177426552164117,0.612560083978936,19.6301369863014,scoring/dir_001/AF-A0A0K3AS63-F1-model_v4.pdb
0.848798159772822,0.52051038233303,0.724964260194,0.106810096940512,0.423038210929465,0.219568648176844,0.578296725244172,9.99547511312217,scoring/dir_001/AF-A0A0K3AS87-F1-model_v4.pdb
0.536925128960077,0.290185353075723,0.524536694542427,0.0869630473916592,0.323750249127275,0.199371897646665,0.764873867975792,28.6189189189189,scoring/dir_001/AF-A0A0K3ASE6-F1-model_v4.pdb
0.577632750244549,0.380225463531947,0.455789708886693,0.0528800529668933,0.685729068105219,0.261528685089072,0.753218707333564,8.30357142857143,scoring/dir_001/AF-A0A0K3ASI8-F1-model_v4.pdb
0.82066782370243,0.661568053829567,0.470334692868965,0.118166722931182,0.725017928244483,0.421119629277555,0.523154686031656,3.51388888888889,scoring/dir_001/AF-A0A0K3ASU2-F1-model_v4.pdb
0.855997312121499,0.403077461787,0.820224470257585,0.13388600260973,0.453720508526992,0.163977613832637,0.535449462788571,27.3163097199341,scoring/dir_001/AF-A0A0K3AT05-F1-model_v4.pdb
0.655607590953362,0.399812899299724,0.623280572203497,0.110375178014374,0.485280839704644,0.245516253554447,0.692979457014309,14.804780876494,scoring/dir_001/AF-A0A0K3AT40-F1-model_v4.pdb
0.782369467581563,0.378862794531538,0.751018267863231,0.119098442785268,0.405634858198356,0.173267903817709,0.603988340730122,32.920177383592,scoring/dir_001/AF-A0A0K3ATQ5-F1-model_v4.pdb
0.750088522064117,0.614911077459715,0.46451503649862,0.0763342924979459,0.754702485179571,0.398391439081752,0.652394139353891,3.51162790697674,scoring/dir_001/AF-A0A0K3ATU6-F1-model_v4.pdb
1.20332577502739,0.956096039134094,1.1604378365745,0.307258436107398,0.265793864502338,0.277531159067234,0.336163268083167,12.25,scoring/dir_001/AF-A0A0K3ATZ8-F1-model_v4.pdb
0.445916051312047,0.297946097892623,0.396912242213817,0.0478700386862365,0.362263736284794,0.27408753905166,0.843402455066457,9.96794871794872,scoring/dir_001/AF-A0A0K3AU33-F1-model_v4.pdb
0.774033491286254,0.373052267957445,0.680870000288257,0.0942340549367801,0.456347406347758,0.174569930721398,0.610041637426296,16.5073529411765,scoring/dir_001/AF-A0A0K3AUA9-F1-model_v4.pdb
0.815066235364407,0.554790272156938,0.788120765484125,0.143454369436401,0.329350998537629,0.244224283584168,0.623242982360388,21.9393939393939,scoring/dir_001/AF-A0A0K3AUD3-F1-model_v4.pdb
0.667230421760447,0.434948381399727,0.147839867495135,0.038166155307694,0.930691878274411,0.402248117739215,0.654536282138786,3.49074074074074,scoring/dir_001/AF-A0A0K3AUD9-F1-model_v4.pdb
0.596084905966213,0.364514876849033,0.536087216525361,0.0750388149044675,0.361541457712877,0.242290604591843,0.751062032966991,13.3333333333333,scoring/dir_001/AF-A0A0K3AUI3-F1-model_v4.pdb
0.782970746685633,0.513124547169717,0.751241145289154,0.140704163481427,0.285994468047548,0.252613163635415,0.63922855950239,9.91050583657588,scoring/dir_001/AF-A0A0K3AUQ4-F1-model_v4.pdb
0.646637204588183,0.360153874260196,0.638091168076491,0.100771643327381,0.265630616357921,0.1908951523463,0.7267757775594,32.9672544080605,scoring/dir_001/AF-A0A0K3AUQ6-F1-model_v4.pdb
0.981356586844185,0.744847571583947,0.899435847056112,0.1403375567058,0.60605626458165,0.262511646859732,0.538998184123383,8.13513513513514,scoring/dir_001/AF-A0A0K3AUR3-F1-model_v4.pdb
0.67175221628981,0.367712959262326,0.646581805662407,0.0978371669329363,0.292422384929147,0.198542658699713,0.70200080112196,19.4034653465347,scoring/dir_001/AF-A0A0K3AUW5-F1-model_v4.pdb
0.569364260638801,0.350847698422974,0.359450208637055,0.0612208847766733,0.824373268627564,0.325923524835058,0.705463900506005,3.49367088607595,scoring/dir_001/AF-A0A0K3AUY5-F1-model_v4.pdb
0.390104141983922,0.261702577211183,0.358126656001544,0.0444625769710837,0.344968725620821,0.248157191390254,0.859968089031329,9.96744186046512,scoring/dir_001/AF-A0A0K3AV18-F1-model_v4.pdb
0.91335981606673,0.454730783989427,0.83530566397441,0.128688715546465,0.345277457430174,0.168849113816838,0.542960326909157,29.119341563786,scoring/dir_001/AF-A0A0K3AV45-F1-model_v4.pdb
0.83810712434022,0.380199370590526,0.813941197259333,0.142639514817953,0.3413656632114,0.167384551025638,0.570852894615379,24.4712230215827,scoring/dir_001/AF-A0A0K3AV53-F1-model_v4.pdb
0.801444788280259,0.600099953518518,0.720446257823368,0.115544469707535,0.480385793399258,0.294237249777294,0.675582530175228,5.67010309278351,scoring/dir_001/AF-A0A0K3AV63-F1-model_v4.pdb
0.765902582943726,0.476309496684476,0.67281701628359,0.109484148533823,0.472453123285663,0.229449013154265,0.625553966250541,14.4893617021277,scoring/dir_001/AF-A0A0K3AV81-F1-model_v4.pdb
0.650982937658225,0.345710836306829,0.61479154023824,0.0921905382022701,0.223876760140357,0.189488697879529,0.70042911646111,21.3860759493671,scoring/dir_001/AF-A0A0K3AVB0-F1-model_v4.pdb
0.692970905711464,0.478390294816149,0.490915475603665,0.0865575183861037,0.372355338539371,0.323581338032002,0.638168810104952,4.26373626373626,scoring/dir_001/AF-A0A0K3AVE2-F1-model_v4.pdb
0.577167334537271,0.341164847124534,0.508579738425845,0.0680673727352823,0.360449855758949,0.240258188577872,0.743608043007327,8.34137931034483,scoring/dir_001/AF-A0A0K3AVG3-F1-model_v4.pdb
0.831605853584587,0.626326185623398,0.760391452427065,0.140526109273652,0.334914387891529,0.295855936553322,0.660737456388823,14.6159420289855,scoring/dir_001/AF-A0A0K3AVI2-F1-model_v4.pdb
0.8500858470124,0.463200447451496,0.720486269712236,0.106684781382439,0.403004570950416,0.199389225304543,0.576609742226217,16.275974025974,scoring/dir_001/AF-A0A0K3AVJ4-F1-model_v4.pdb
0.981621994033277,0.629428461003312,0.786404121142136,0.163818447410066,0.604536555920019,0.257540441506504,0.431452342248529,18.0891089108911,scoring/dir_001/AF-A0A0K3AVP5-F1-model_v4.pdb
1.06725797145339,0.681007768564416,0.81399640981253,0.110521086559326,0.582176140437379,0.200412435505135,0.414277568267633,11.6635514018692,scoring/dir_001/AF-A0A0K3AVS5-F1-model_v4.pdb
0.845818814368758,0.439200573516281,0.823910144367379,0.137766299506916,0.294030181732797,0.176894568003258,0.585469737730106,29.4707520891365,scoring/dir_001/AF-A0A0K3AVU3-F1-model_v4.pdb
0.787546787986231,0.439782329421121,0.779449619163077,0.140994389420212,0.324755150282864,0.198390141926574,0.610761688030812,33.3166144200627,scoring/dir_001/AF-A0A0K3AVX9-F1-model_v4.pdb
0.888485917245149,0.607664048518416,0.793219614063829,0.162324090318717,0.697920900867751,0.260624296764265,0.514394097174753,16.7714285714286,scoring/dir_001/AF-A0A0K3AW48-F1-model_v4.pdb
0.868490863113915,0.611467367801027,0.82020196518771,0.142808714073381,0.286187446802385,0.266463139676964,0.603553670045752,7.7741935483871,scoring/dir_001/AF-A0A0K3AWP2-F1-model_v4.pdb
0.651758321302256,0.442011004233191,0.575320622953094,0.0918080762150108,0.460904482724567,0.267218826778187,0.723976309000552,8.45294117647059,scoring/dir_001/AF-A0A0K3AWU9-F1-model_v4.pdb
1.05049448182888,0.750359462036761,0.980103722929037,0.220440330389067,0.555519627490946,0.24872282050088,0.399763335383162,13.2302158273381,scoring/dir_001/AF-A0A0K3AX31-F1-model_v4.pdb
0.773371144294206,0.397981486102794,0.722879066877503,0.113098824996883,0.532996995071537,0.181769116498032,0.591234455203728,19.014880952381,scoring/dir_001/AF-A0A0K3AX50-F1-model_v4.pdb
0.877189397301986,0.593545785150578,0.742270014594241,0.130209531370173,0.554244408643167,0.265899890535131,0.598408295474232,9.74725274725275,scoring/dir_001/AF-A0A0K3AX91-F1-model_v4.pdb
0.927738302565103,0.575298600956325,0.889859280988313,0.122185206406673,0.486281717345929,0.179666623134436,0.524663242144285,14.5811965811966,scoring/dir_001/AF-A0A0K3AXP2-F1-model_v4.pdb
0.811462340066231,0.44508272774317,0.768554579557734,0.121453885326995,0.474096076079091,0.187791899817905,0.57308120311133,17.9451612903226,scoring/dir_001/AF-A0A0K3AXZ0-F1-model_v4.pdb
0.925719485174775,0.572458886206345,0.73470848113758,0.108886248879987,0.435868431482924,0.224442324519425,0.514432048561846,11.990243902439,scoring/dir_001/AF-A0A0K3AY13-F1-model_v4.pdb
0.581496762586176,0.304334964412337,0.562128429870763,0.0988509336385967,0.273457879564677,0.211716192281125,0.726329238571909,29.4513715710723,scoring/dir_001/AF-A0A0K3AY85-F1-model_v4.pdb
0.409663905824574,0.31374244944162,0.319942321006956,0.0584083157327845,0.643574509065927,0.431555589159813,0.828991592026728,3.48214285714286,scoring/dir_001/AF-A0A0K3AY95-F1-model_v4.pdb
0.747469553153673,0.377371901285534,0.74641958631309,0.126575927697883,0.263323998025646,0.16906502417523,0.639216265776648,37.9007092198582,scoring/dir_001/AF-A0A0K3AYB0-F1-model_v4.pdb
0.772195058245127,0.548567612567001,0.64828852501131,0.0875546420122783,0.448518227381206,0.290080073877511,0.64090285463185,4.96610169491525,scoring/dir_001/AF-A0A0M6VD42-F1-model_v4.pdb
0.708319899987204,0.52095943729749,0.255054914616549,0.0385542000211497,0.898741499439086,0.405137089342467,0.666296287962775,3.49557522123894,scoring/dir_001/AF-A0A0M7RDU0-F1-model_v4.pdb
0.743762896228222,0.361894336707527,0.725576298011839,0.10316642921329,0.272887116787933,0.171619562344089,0.648885697429178,26.3916500994036,scoring/dir_001/AF-A0A0M7RDV0-F1-model_v4.pdb
0.7204160654548,0.518812648940272,0.647776421434952,0.126957623518522,0.523791647368918,0.326308032388172,0.665259787524732,4.03225806451613,scoring/dir_001/AF-A0A0M7RDX3-F1-model_v4.pdb
1.01232098888474,0.580215306451341,0.945995561883272,0.144240844833543,0.340705529981268,0.178578251747794,0.469985253736573,15.3820598006645,scoring/dir_001/AF-A0A0M7RDX7-F1-model_v4.pdb
0.741870988496742,0.557588403545184,0.627713241628581,0.104064730904149,0.65476979748951,0.326750438389073,0.65159354257814,4.01041666666667,scoring/dir_001/AF-A0A0M7RE00-F1-model_v4.pdb
0.779003956105583,0.431534824851475,0.764661639826527,0.147727338602779,0.339495983635062,0.197921793112853,0.608303772946579,37.5458937198068,scoring/dir_001/AF-A0A0M7RE06-F1-model_v4.pdb
0.739614472973817,0.565716731436189,0.336363208546549,0.089465128702146,0.786889675583902,0.429509304855291,0.562774993828246,3.49253731343284,scoring/dir_001/AF-A0A0M7REC3-F1-model_v4.pdb
0.80082818184113,0.37790803422781,0.786526654454021,0.129091360544994,0.27944542599164,0.179789842810858,0.591206780639028,19.1643286573146,scoring/dir_001/AF-A0A0M7RF66-F1-model_v4.pdb
0.803674658327725,0.529275385126428,0.744681631840034,0.124033578262631,0.379673605021533,0.236905000469446,0.63521194671276,10.6618705035971,scoring/dir_001/AF-A0A0M7RF95-F1-model_v4.pdb
0.935200447142513,0.471802338446691,0.872089297509097,0.16825259149457,0.609057565686936,0.189689554886166,0.462731552751762,18.8354114713217,scoring/dir_001/AF-A0A0M9JJ65-F1-model_v4.pdb
0.720948720901401,0.349901172440922,0.716487097971198,0.115637606389876,0.351504171085205,0.177394590715592,0.657752461353467,36.5256166982922,scoring/dir_001/AF-A0A0S4XQZ9-F1-model_v4.pdb
0.792626533566793,0.3585756667248,0.763700187554229,0.127596800366067,0.315042753360312,0.168711072436273,0.592192742948326,23.2604373757455,scoring/dir_001/AF-A0A0S4XR62-F1-model_v4.pdb
0.871831558007259,0.444996218761762,0.789076826251327,0.119864988547794,0.403934333932734,0.176278447356615,0.538658493746863,17.6496519721578,scoring/dir_001/AF-A0A0S4XRA5-F1-model_v4.pdb
0.768038695833291,0.433119355724175,0.735708374304562,0.127407588552027,0.373262163066344,0.202350214415505,0.638071339837364,13.625,scoring/dir_001/AF-A0A0S4XRA9-F1-model_v4.pdb
0.904670452041454,0.541633522845325,0.804274377981964,0.118812236034593,0.4809875457174,0.193768731468182,0.557584232283907,20.0726072607261,scoring/dir_001/AF-A0A0S4XRB1-F1-model_v4.pdb
0.747426070574073,0.347590759188031,0.6868869468041,0.101787003637872,0.424276938223783,0.178010730277238,0.619752994612867,17.4276315789474,scoring/dir_001/AF-A0A0S4XRJ7-F1-model_v4.pdb
0.563467950663101,0.302400549535401,0.524920875405114,0.0725200006911145,0.368727975957868,0.205233352919733,0.75014286698323,11.7209944751381,scoring/dir_001/AF-A0A0S4XRR7-F1-model_v4.pdb
0.77843324025974,0.421485614767972,0.765972588035852,0.133319266181309,0.243909948489871,0.194007977652261,0.654443365524553,37.2213541666667,scoring/dir_001/AF-A0A0S4XRV8-F1-model_v4.pdb
0.923059575622201,0.634069662966953,0.722781982070067,0.112025836152089,0.71295702404331,0.237687082454991,0.460235041301398,9.36585365853659,scoring/dir_001/AF-A0A131MAP5-F1-model_v4.pdb
0.570669778336902,0.326824742291772,0.537726638864547,0.0779702623652228,0.328099107071753,0.218837412838108,0.750062044060631,10.7958115183246,scoring/dir_001/AF-A0A131MB70-F1-model_v4.pdb
0.613211660934254,0.443817990904628,0.513694066072267,0.067349277584218,0.577518220543264,0.300026718964326,0.748773202833978,5.36986301369863,scoring/dir_001/AF-A0A131MBA1-F1-model_v4.pdb
0.636115541514777,0.521655503607065,0.543617238546159,0.0874886025955246,0.809265903128767,0.402367544555813,0.759955649585995,3.51219512195122,scoring/dir_001/AF-A0A131MBC4-F1-model_v4.pdb
0.71917895649952,0.473480255642468,0.66897605713214,0.122459066857531,0.294059397920803,0.271673531333978,0.669027051986225,9.61320754716981,scoring/dir_001/AF-A0A131MBJ6-F1-model_v4.pdb
0.534826004320247,0.411277149981215,0.404446191425916,0.0577527390522337,0.757808502570577,0.384452425454575,0.775168293200445,3.49295774647887,scoring/dir_001/AF-A0A131MBN9-F1-model_v4.pdb
0.807368492689674,0.383499697933393,0.724355957483325,0.105919899182018,0.407155568019319,0.173204899600851,0.585104919918166,19.1324200913242,scoring/dir_001/AF-A0A131MBP3-F1-model_v4.pdb
0.488172138559121,0.281182124152124,0.451513421980603,0.0672043809545368,0.368413474441717,0.221549477825438,0.793081000015386,16.0109090909091,scoring/dir_001/AF-A0A131MC76-F1-model_v4.pdb
0.817512827676968,0.441048073960009,0.792793332664049,0.120030361260775,0.326420705477381,0.179289779186138,0.617634462068421,21.1003584229391,scoring/dir_001/AF-A0A131MCJ5-F1-model_v4.pdb
0.647490072903451,0.352296121350759,0.639592452159535,0.116391791507738,0.318129786728472,0.209399430648179,0.703935808144514,52.0860759493671,scoring/dir_001/AF-A0A131MCQ1-F1-model_v4.pdb
1.06099342652069,0.779847084141041,0.958657567270992,0.205330595673834,0.481059463411755,0.267035203291501,0.36485106707986,7.95238095238095,scoring/dir_001/AF-A0A131MCR9-F1-model_v4.pdb
0.757753240332881,0.520677974681337,0.618744611897999,0.0908736615403452,0.640464185604303,0.263625516690057,0.665933702181247,6.53886010362694,scoring/dir_001/AF-A0A131MCY9-F1-model_v4.pdb
0.941194017615356,0.626851333124747,0.885934004623361,0.15783440701092,0.344026753684486,0.236121038600238,0.541561086130008,10.9157303370787,scoring/dir_001/AF-A0A131MD44-F1-model_v4.pdb
0.539417450887414,0.320670126371221,0.413406763155273,0.0392430963922057,0.3919475930923,0.237543298508145,0.74293431496462,8.97752808988764,scoring/dir_001/AF-A0A131MD88-F1-model_v4.pdb
0.457925237081324,0.301863155678284,0.417123602977169,0.0614595435574543,0.450051775410612,0.264627757029798,0.822465982365572,8.66949152542373,scoring/dir_001/AF-A0A131MDG3-F1-model_v4.pdb
0.613803558916128,0.350372015930446,0.58838404970238,0.0986628025342665,0.278381365085269,0.222253370036807,0.733429868910311,12.6833773087071,scoring/dir_001/AF-A0A163VU50-F1-model_v4.pdb
0.978001591072635,0.534781823027264,0.895192195727587,0.128513926562638,0.409773235681053,0.171896056548103,0.499080479680227,18.5308219178082,scoring/dir_001/AF-A0A168GZC0-F1-model_v4.pdb
0.786326727280068,0.637701993905266,0.545011020207481,0.0906917476868044,0.820627751006671,0.386531927489464,0.647937433049924,3.5,scoring/dir_001/AF-A0A168H214-F1-model_v4.pdb
0.698015965465964,0.341842703230255,0.680815368006852,0.117887723889375,0.345750781537385,0.186442079093933,0.655097601177317,25.4932735426009,scoring/dir_001/AF-A0A168H2N7-F1-model_v4.pdb
0.869896422951544,0.46131666391783,0.820675554077791,0.143558302038735,0.345247338683519,0.192974042787524,0.559000455957781,24.1341176470588,scoring/dir_001/AF-A0A168H2Z9-F1-model_v4.pdb
0.790555509042317,0.367675315695341,0.747496774379606,0.110764124191769,0.349203121943855,0.162345697413241,0.585402867411711,32.9349736379613,scoring/dir_001/AF-A0A168H332-F1-model_v4.pdb
0.649757678713239,0.370684855483388,0.619021076598966,0.0855700490464645,0.34699986863729,0.202081986186811,0.70446190527759,10.53125,scoring/dir_001/AF-A0A168H3M4-F1-model_v4.pdb
1.22903579159071,0.953636599672392,1.13097233191538,0.318246959771981,0.27770600420999,0.280569373173482,0.269479861061917,10.6875,scoring/dir_001/AF-A0A168H4S5-F1-model_v4.pdb
0.86478972484165,0.654819490782603,0.785907088485508,0.123966866699437,0.424306756065457,0.280991741353117,0.671603554209455,11.5820895522388,scoring/dir_001/AF-A0A168H4W1-F1-model_v4.pdb
0.874472182794017,0.419512132594861,0.874354198601274,0.145582916562345,0.196938916483385,0.163470625307935,0.581061566238267,36.2219959266802,scoring/dir_001/AF-A0A168H9F5-F1-model_v4.pdb
0.724113915776735,0.56867836963415,0.433138889564626,0.122935236767446,0.774661632392145,0.420532581766361,0.571326007244993,3.51785714285714,scoring/dir_001/AF-A0A168HAP7-F1-model_v4.pdb
0.882449267839385,0.596826467051088,0.820719307469713,0.144653762746628,0.394101810708483,0.244097609547012,0.596710138590342,8.83478260869565,scoring/dir_001/AF-A0A168HB31-F1-model_v4.pdb
1.25009241249082,0.979683149821557,1.1614003993275,0.268718561541855,0.384155987634573,0.246925611005213,0.320731379452329,10.2867132867133,scoring/dir_001/AF-A0A1C3NSH7-F1-model_v4.pdb
0.541221987718093,0.411316544329508,0.489167261540875,0.056022774502597,0.596360877212725,0.305692280247762,0.823291378924595,3.67796610169492,scoring/dir_001/AF-A0A1C3NSN2-F1-model_v4.pdb
0.819994969700771,0.483641940782977,0.794650786408758,0.134138355085459,0.352197609254209,0.207198404570777,0.600914106171215,15.7894736842105,scoring/dir_001/AF-A0A1C3NSP8-F1-model_v4.pdb
0.695585961070372,0.506060223664612,0.521008017187556,0.0640279551165094,0.775417934658423,0.316225205293697,0.696892310530408,3.84459459459459,scoring/dir_001/AF-A0A1D3PCN1-F1-model_v4.pdb
0.754161927751363,0.564158976547697,0.621810471207435,0.108828899547208,0.541580101078946,0.350418865547553,0.687413440224358,4.27397260273973,scoring/dir_001/AF-A0A1D3PD11-F1-model_v4.pdb
1.08894005114137,0.697688747844783,1.00957756388753,0.199388923202855,0.416802755587269,0.202552142872075,0.382670299423368,31.4007352941176,scoring/dir_001/AF-A0A1E1JKH1-F1-model_v4.pdb
0.818365793215738,0.430069390525579,0.729130981308507,0.128620651605214,0.333933947575927,0.198318773967398,0.57667151362444,18.0121654501217,scoring/dir_001/AF-A0A1I6CM92-F1-model_v4.pdb
0.762354265890083,0.595873695248123,0.642282485932879,0.139512402514475,0.608276451726688,0.380537051085306,0.620696990856156,3.69565217391304,scoring/dir_001/AF-A0A1I6CMC0-F1-model_v4.pdb
0.716548583391792,0.39639828682401,0.614058498787676,0.0801893894440401,0.449521234011466,0.200700944840165,0.640106721489537,11.8529411764706,scoring/dir_001/AF-A0A1N7SYR4-F1-model_v4.pdb
0.577798105262056,0.42518032747159,0.470471876874726,0.0510749342164522,0.676150883971022,0.301247139187559,0.773609509564374,3.96858638743455,scoring/dir_001/AF-A0A1N7SYS3-F1-model_v4.pdb
0.779957804917884,0.480771966221044,0.763217388023816,0.154891382231231,0.370730815000603,0.233148923687164,0.614014128739297,25.8754448398576,scoring/dir_001/AF-A0A1N7SYY6-F1-model_v4.pdb
0.657787885647121,0.371997936692622,0.588654185751027,0.0875013721826464,0.292973503107171,0.211870781884636,0.699593564654574,19.1049107142857,scoring/dir_001/AF-A0A1N7SZG0-F1-model_v4.pdb
0.867922311999646,0.514733174556545,0.815239138545688,0.135923836669569,0.356849013985693,0.198208983758287,0.559176645520485,16.4808362369338,scoring/dir_001/AF-A0A1T5HUJ2-F1-model_v4.pdb
0.723065732045008,0.626281577022243,0.645166752123616,0.103912396621853,0.610905593263985,0.403253028879275,0.757841749516374,3.33333333333333,scoring/dir_001/AF-A0A1T5HUL3-F1-model_v4.pdb
0.673681519192461,0.525556667537232,0.592551984484451,0.112244859195466,0.602972016193411,0.359516210321612,0.727537267906129,7.62162162162162,scoring/dir_001/AF-A0A1T5HV17-F1-model_v4.pdb
1.00782412603982,0.566210125314348,0.917375645095449,0.147297257518715,0.36710696425807,0.184015245878735,0.43051800310216,16.4253968253968,scoring/dir_001/AF-A0A1X7RBI1-F1-model_v4.pdb
0.628724917595056,0.352096718704878,0.589525541806074,0.0946240112425167,0.430142966392413,0.210539213266732,0.709629308997545,20.5263157894737,scoring/dir_001/AF-A0A1X7RBI4-F1-model_v4.pdb
0.9245679296701,0.538567849327556,0.903910052657879,0.183531370451651,0.373560676120387,0.21103629053208,0.497709396584892,20.4098360655738,scoring/dir_001/AF-A0A1X7RBQ6-F1-model_v4.pdb
0.86989211954872,0.411521723485853,0.839839970123315,0.132387639092771,0.324024794033985,0.156158866658423,0.54821203731028,36.8129829984544,scoring/dir_001/AF-A0A1X7RBR0-F1-model_v4.pdb
0.477858990621285,0.307757512860928,0.443509958126502,0.0600983201721144,0.459897698832853,0.240613895030324,0.823592030431591,13.6892430278884,scoring/dir_001/AF-A0A218NGS1-F1-model_v4.pdb
0.604243007152096,0.422986248289897,0.149003134433485,0.0339250001044881,0.926148452425795,0.411357823740836,0.663852621151068,3.4954954954955,scoring/dir_001/AF-A0A2C9C2I3-F1-model_v4.pdb
0.825853883154444,0.545671605184241,0.737597806995961,0.127480498291685,0.35915337008486,0.271788511950384,0.588860751132783,9.45989304812834,scoring/dir_001/AF-A0A2C9C2N5-F1-model_v4.pdb
0.636704185572909,0.361269386428956,0.544849080997091,0.0643345859448964,0.608922001574973,0.19266065182962,0.714122186507053,13.7238805970149,scoring/dir_001/AF-A0A2C9C2Z8-F1-model_v4.pdb
0.588025585205455,0.31736892392818,0.520025275040879,0.0677711804323918,0.327447820419177,0.213908596391832,0.736328548558402,16.5012853470437,scoring/dir_001/AF-A0A2C9C2Z9-F1-model_v4.pdb
0.855705431528639,0.402550176520284,0.841587329033347,0.14334732332507,0.377366076158191,0.172540255465926,0.547115088144231,20.8668122270742,scoring/dir_001/AF-A0A2C9C306-F1-model_v4.pdb
0.916734145025271,0.459755412332441,0.894752927666492,0.154785335293447,0.364563337882011,0.177243378224135,0.51315333982788,23.6570155902004,scoring/dir_001/AF-A0A2C9C346-F1-model_v4.pdb
0.596920326661475,0.451625036137814,0.384855404885584,0.0803780155078532,0.901234713984872,0.418890511672671,0.705854773690112,3.40677966101695,scoring/dir_001/AF-A0A2C9C356-F1-model_v4.pdb
0.742302090479877,0.344571501095051,0.74561698573939,0.121054001422565,0.297914358375721,0.170353117671974,0.66242377085349,40.2767676767677,scoring/dir_001/AF-A0A2C9C360-F1-model_v4.pdb
0.640082171719152,0.334024967723374,0.593912359730445,0.0861063294828074,0.357791859282011,0.195058940700216,0.70265934772631,14.8853868194842,scoring/dir_001/AF-A0A2C9C369-F1-model_v4.pdb
0.68958341743993,0.463166881675268,0.534337039232237,0.117626070386944,0.54890736651845,0.335526045781475,0.698917916378779,5.25675675675676,scoring/dir_001/AF-A0A2C9C379-F1-model_v4.pdb
1.13910012090611,0.760608493093268,1.11909500973573,0.215519654769403,0.430373932976484,0.197041013268432,0.368555087398905,25.1720430107527,scoring/dir_001/AF-A0A2C9C382-F1-model_v4.pdb
0.817385989492255,0.483973444595177,0.797197889659356,0.152598179457677,0.358082868133714,0.218075744409502,0.579745803095047,20.5544871794872,scoring/dir_001/AF-A0A2C9C3A5-F1-model_v4.pdb
0.861348319761112,0.434264594204625,0.841970299589808,0.140536167362979,0.337128744097608,0.174250234003104,0.565304191525511,29.8986175115207,scoring/dir_001/AF-A0A2C9C3A8-F1-model_v4.pdb
1.17243910429322,0.818818815759485,1.15784794669295,0.290847867537978,0.400421578662509,0.235910307770582,0.317773195631942,16.8622448979592,scoring/dir_001/AF-A0A2C9C3C6-F1-model_v4.pdb
0.887858573672992,0.46132290455371,0.788918268074745,0.12462136406868,0.560413148642517,0.175197382781346,0.520443688006054,24.1840659340659,scoring/dir_001/AF-A0A2C9C3C9-F1-model_v4.pdb
0.873338850601942,0.52359769674604,0.82952867986421,0.137019272471152,0.339745686421681,0.212323656207889,0.585897237534243,15.8014705882353,scoring/dir_001/AF-A0A2C9C3D3-F1-model_v4.pdb
0.501859753812042,0.313232187938481,0.440140582765265,0.0623429250770803,0.56746530909673,0.242661464164876,0.785796939350887,10.8225108225108,scoring/dir_001/AF-A0A2C9C3D4-F1-model_v4.pdb
0.919283165834659,0.681997758660521,0.795541232825804,0.248541264467717,0.529136359690108,0.361813311743913,0.459237470204265,8.58646616541353,scoring/dir_001/AF-A0A2C9C3H6-F1-model_v4.pdb
0.804730085755337,0.438529721943996,0.79108072215552,0.134042463643244,0.355629360391507,0.181573573283391,0.609525823788472,39.9716088328076,scoring/dir_001/AF-A0A2C9C3I9-F1-model_v4.pdb
0.589591748426003,0.293160915128011,0.55249232376004,0.0753059700871511,0.278499032918322,0.182998420163279,0.721657248531338,16.9458823529412,scoring/dir_001/AF-A0A2C9C3S8-F1-model_v4.pdb
0.757975467307289,0.340999677238723,0.73231395438837,0.1091141393118,0.394343592067518,0.16266223713365,0.616206255639917,21.4450980392157,scoring/dir_001/AF-A0A2I2LDX7-F1-model_v4.pdb
0.94831277328988,0.616649399626683,0.891220940215343,0.151245744318481,0.485364547140134,0.219239625867808,0.507455216693972,12.8670212765957,scoring/dir_001/AF-A0A2I2LG59-F1-model_v4.pdb
0.850006438065571,0.559684915475873,0.822819274271371,0.180383772988975,0.356443259013706,0.264914030039078,0.574344499626322,9.10240963855422,scoring/dir_001/AF-A0A2K5ATK4-F1-model_v4.pdb
1.07458193685861,0.762859586781946,1.01581651869868,0.206492782724378,0.328427156748829,0.245635462507009,0.399896559370249,6.51612903225807,scoring/dir_001/AF-A0A2K5ATN1-F1-model_v4.pdb
0.695825683473443,0.527194408121569,0.39075657602526,0.0682877237891502,0.786596929773473,0.391405291719746,0.65390857565774,3.67816091954023,scoring/dir_001/AF-A0A2K5ATP2-F1-model_v4.pdb
0.75761809197569,0.608741683368384,0.642410508138128,0.129453839760875,0.580620462990314,0.386136619150255,0.655833212637565,3.57407407407407,scoring/dir_001/AF-A0A2K5ATQ9-F1-model_v4.pdb
0.774004599717673,0.341804518391629,0.741300295061112,0.113996266111572,0.308579600795838,0.163941648312759,0.616284487955423,26.1700182815356,scoring/dir_001/AF-A0A2K5ATS3-F1-model_v4.pdb
0.919814839995372,0.589445564972391,0.816109907907376,0.148303282990896,0.357110349944077,0.241349811893133,0.491205879627262,8.34193548387097,scoring/dir_001/AF-A0A2K5ATW7-F1-model_v4.pdb
0.545874819555347,0.403779431177099,0.310623494357144,0.0573422432361073,0.765576524420211,0.396074720126124,0.70396296982116,3.50847457627119,scoring/dir_001/AF-A0A2K5ATX4-F1-model_v4.pdb
0.792794481945838,0.401935608735411,0.753064917024279,0.120444693071146,0.344878936788005,0.1831179340564,0.614271810924474,26.0043196544276,scoring/dir_001/AF-A0A2K5ATY0-F1-model_v4.pdb
0.815621929943831,0.430777241782762,0.727819642139093,0.105704802159286,0.546302384886374,0.183357838076262,0.567405376712296,15.2275280898876,scoring/dir_001/AF-A0A2K5AU04-F1-model_v4.pdb
0.78833841899851,0.447288289179981,0.724029568712992,0.110589464503328,0.365369443864538,0.211597883319253,0.605503400740782,9.51282051282051,scoring/dir_001/AF-A0A2K5AU18-F1-model_v4.pdb
0.397503375311725,0.26659832492526,0.313451048084683,0.0399004140893942,0.594744769678054,0.310987450117021,0.831891980324637,4.35175879396985,scoring/dir_001/AF-A0A2R8F5A2-F1-model_v4.pdb
0.974671498795552,0.607347042270233,0.827040139417774,0.141950334875244,0.376057064281302,0.222246941479602,0.469380597450475,15.7804878048781,scoring/dir_001/AF-A0A2R8F5A8-F1-model_v4.pdb
1.18502522822343,0.914944926066128,0.946630945626829,0.241077252773532,0.287174632739275,0.293201364645541,0.387335374293344,10.4701492537313,scoring/dir_001/AF-A0A2R8F5N2-F1-model_v4.pdb
0.660704995768788,0.52573220313615,0.557236116634286,0.0796108912616716,0.676277301201698,0.35925696190067,0.738861206065178,3.78034682080925,scoring/dir_001/AF-A0A2X0RCX2-F1-model_v4.pdb
0.652386335215049,0.507193429080834,0.597086147874154,0.0952044287066258,0.463915300680057,0.341064247327202,0.752282588224268,6.93913043478261,scoring/dir_001/AF-A0A2X0RE13-F1-model_v4.pdb
0.669642784833943,0.388166639194021,0.565880576662023,0.0815230645103829,0.404628272206461,0.221073380268654,0.668586323332275,12.185303514377,scoring/dir_001/AF-A0A3B1DQ87-F1-model_v4.pdb
0.930193087211104,0.508333836865563,0.902106717157797,0.156244680043968,0.286386938070927,0.181827012494136,0.514565944980881,23.3841642228739,scoring/dir_001/AF-A0A3B1DZY0-F1-model_v4.pdb
0.594758810637793,0.482541618945211,0.478432849370781,0.0673735270983993,0.787627166886515,0.399179942310222,0.775912670293531,3.44444444444444,scoring/dir_001/AF-A0A3B1E3R6-F1-model_v4.pdb
0.562079616600687,0.337066668908586,0.505081915745334,0.0738367797582255,0.308024802292998,0.23520906432507,0.756049801807744,14.0301003344482,scoring/dir_001/AF-A0A3B1E4U6-F1-model_v4.pdb
1.05485972751735,0.613893228322938,0.966737878968638,0.159976993365662,0.542711301235139,0.17836424921312,0.418090632929515,22.7398648648649,scoring/dir_001/AF-A0A3B1E4Y6-F1-model_v4.pdb
0.866411341574585,0.55848242297948,0.740770807329233,0.134221665819125,0.348087236439413,0.245806286022903,0.549412864516677,13.8911917098446,scoring/dir_001/AF-A0A3B1E530-F1-model_v4.pdb
1.02280090447866,0.612293417250312,0.711330619495934,0.10324501611444,0.627430201404926,0.21408237069658,0.425961550259043,13.6133333333333,scoring/dir_001/AF-A0A3B1E543-F1-model_v4.pdb
0.710638618348229,0.334658198849903,0.670625867401353,0.115389504509922,0.201040825145382,0.184735302543055,0.650784073239821,33.8043912175649,scoring/dir_001/AF-A0A3B1E9Z2-F1-model_v4.pdb
0.380763435291097,0.304136142741411,0.326797488632634,0.0363970677516463,0.724520664576451,0.374958588532825,0.889696925249454,3.59259259259259,scoring/dir_001/AF-A0A3P6N6A5-F1-model_v4.pdb
0.467755878261569,0.333649406981441,0.359223492550806,0.0397509904531939,0.624283960115541,0.321818661773204,0.802429874792737,3.70560747663551,scoring/dir_001/AF-A0A3P6NI67-F1-model_v4.pdb
0.758106954925455,0.449846506204179,0.733959251176371,0.138703099559924,0.289518482132,0.222986268848379,0.63330417478568,21.5,scoring/dir_001/AF-A0A3P6NPF5-F1-model_v4.pdb
0.541311373272739,0.401053004048637,0.222996395289003,0.0279663910199253,0.889304618025277,0.39934369113505,0.754499927022633,3.53416149068323,scoring/dir_001/AF-A0A4V0IJ98-F1-model_v4.pdb
0.67468745233363,0.501440540507274,0.396715912439703,0.0822913094340587,0.847203228713088,0.40795291637482,0.642620123494819,3.45555555555556,scoring/dir_001/AF-A0A4V0IJK1-F1-model_v4.pdb
0.816533476017605,0.560668412742836,0.499652549925267,0.0918674105131587,0.778775751551332,0.327237166852895,0.517066259201316,3.53225806451613,scoring/dir_001/AF-A0A4V0IK30-F1-model_v4.pdb
0.417778754627562,0.286681524245607,0.318842053741485,0.0356153745736505,0.690121524841979,0.294604809798508,0.841696896623128,4.4207650273224,scoring/dir_001/AF-A0A4V0IMA6-F1-model_v4.pdb
0.486532513770372,0.302884820398801,0.404321805841946,0.0575381393773039,0.509742190085369,0.265773234561786,0.782901477113315,7,scoring/dir_001/AF-A0A4V0IMR4-F1-model_v4.pdb
0.753377635836571,0.597943881268303,0.580401293017058,0.134040393951747,0.773773720879376,0.405133067902714,0.611814915757032,4.82926829268293,scoring/dir_001/AF-A0A4V0IMW9-F1-model_v4.pdb
1.06224522624206,0.704644906657901,1.03088662735936,0.188639493503969,0.359388254698991,0.216879976082014,0.440625285903622,11.109756097561,scoring/dir_001/AF-A0A5C3DPT3-F1-model_v4.pdb
0.726136091914158,0.559038442257962,0.589344781890327,0.133920723391066,0.609927226345428,0.402456061078728,0.646612137597593,3.52380952380952,scoring/dir_001/AF-A0A5E4LZ95-F1-model_v4.pdb
0.723351565287899,0.593071819994125,0.470570624867901,0.0856519810123748,0.767186282279998,0.407427614977086,0.632039811404072,3.51,scoring/dir_001/AF-A0A5E4LZE3-F1-model_v4.pdb
1.17397325992157,0.806263325590507,1.0453868245069,0.212890939206343,0.559677394988736,0.207527447388685,0.28491555219717,22.1515151515152,scoring/dir_001/AF-A0A5E4LZI1-F1-model_v4.pdb
0.518297483575892,0.40434187364201,0.435139265028728,0.0489401898839093,0.711881348926559,0.3427381915456,0.823410114603057,3.54135338345865,scoring/dir_001/AF-A0A5E4M3C7-F1-model_v4.pdb
0.693168326951058,0.38194730804867,0.678198671212061,0.109264329842462,0.301285946768291,0.196283532197109,0.681836325091077,23.76401179941,scoring/dir_001/AF-A0A5K1IB80-F1-model_v4.pdb
0.993800488659772,0.540070358251924,0.999028518867352,0.203543494009536,0.285720855191641,0.187908927117331,0.477175415214582,39.2860962566845,scoring/dir_001/AF-A0A5K1IB90-F1-model_v4.pdb
0.768639732249126,0.521776310842676,0.716765318166766,0.126899837758042,0.332226312716772,0.270032552587495,0.645816352490877,8.51173708920188,scoring/dir_001/AF-A0A5S9MM66-F1-model_v4.pdb
0.499672833017567,0.289426947426256,0.484487811596836,0.0781259984847239,0.409769245011385,0.220902082833537,0.79190175719914,29.9279778393352,scoring/dir_001/AF-A0A5S9MMD2-F1-model_v4.pdb
1.08465953583912,0.679137741366997,1.04820842311342,0.190160756729253,0.391514398146817,0.190252565167926,0.422162194403439,24.7155555555556,scoring/dir_001/AF-A0A5S9MMF3-F1-model_v4.pdb
0.9728861171659,0.544036186792336,0.939914892242144,0.158994718636981,0.48522967206698,0.184530570242889,0.48381783429768,21.7102040816327,scoring/dir_001/AF-A0A5S9MMJ0-F1-model_v4.pdb
0.446734747746655,0.297824710415227,0.251922776932831,0.0250593005312651,0.732027646967681,0.310389179892932,0.804212542240871,5.33098591549296,scoring/dir_001/AF-A0A5S9MMK0-F1-model_v4.pdb
0.581493582956583,0.46701819889064,0.504313669825766,0.0698270951543782,0.61194480177822,0.372539759594426,0.804118043951568,3.45454545454545,scoring/dir_001/AF-A0A5S9MMK4-F1-model_v4.pdb
0.640821997144148,0.339674334556288,0.634600236725085,0.10521015768046,0.248381892279972,0.193674260592222,0.719850978347324,30.3377659574468,scoring/dir_001/AF-A0A5S9MMM9-F1-model_v4.pdb
0.603485166919864,0.370213963692917,0.424370813856509,0.0673516110479876,0.472419539524914,0.280124519488317,0.646334331853389,8.61386138613861,scoring/dir_001/AF-A0A5S9MMR3-F1-model_v4.pdb
0.948583228865996,0.587727262629068,0.903096614606937,0.148449046047834,0.506360943282824,0.201618574338325,0.501518536830556,14.2255639097744,scoring/dir_001/AF-A0A5S9MPZ0-F1-model_v4.pdb
0.891852147999109,0.455876302882123,0.82475806329438,0.129131413215039,0.344897726053613,0.174237725143692,0.541589551201668,23.661938534279,scoring/dir_001/AF-A0A5S9MQG4-F1-model_v4.pdb
0.740145857777778,0.372787617309773,0.716399438702289,0.0985631020529048,0.368341494431596,0.168421064939536,0.655124618401841,23.6786632390745,scoring/dir_001/AF-A0A5S9MQL1-F1-model_v4.pdb
1.13071607660003,0.782405706947841,1.10840464311982,0.259211953408792,0.445061371788712,0.226895395483425,0.360145931454875,27.3863636363636,scoring/dir_001/AF-A0A5S9MQQ5-F1-model_v4.pdb
1.14227698082043,0.822855786637554,1.04022109209216,0.236191937986592,0.503250836324783,0.249904593032224,0.287745027581696,12.0205479452055,scoring/dir_001/AF-A0A679L8G9-F1-model_v4.pdb
1.21162266255923,0.880915409924004,1.08785460374889,0.230802251121382,0.508711363739482,0.215397160887493,0.282030203614809,23.3694581280788,scoring/dir_001/AF-A0A679L8R2-F1-model_v4.pdb
0.956387563877373,0.645367501383288,0.709403497758737,0.126182949477937,0.431059414189352,0.2703516565929,0.459974737251519,7.18852459016394,scoring/dir_001/AF-A0A679L8U2-F1-model_v4.pdb
0.483290671365395,0.286797057716023,0.440956443780797,0.0562246208542778,0.374810154263188,0.233894667053555,0.794247008082208,9.14739884393064,scoring/dir_001/AF-A0A7R9SUJ9-F1-model_v4.pdb
0.503541314037704,0.380689517473313,0.294170375650278,0.0494360357947587,0.772197426852443,0.393926118838044,0.748298873689358,3.5,scoring/dir_001/AF-A0A7R9SUK4-F1-model_v4.pdb
0.989622275212286,0.55902066084845,0.945077784430906,0.159895308853648,0.383288814151971,0.177479897951754,0.477405168462054,33.4458598726115,scoring/dir_001/AF-A0A9S1-F1-model_v4.pdb
1.08167829630666,0.722722572721132,0.934436172319145,0.164621836246523,0.471729159248391,0.215914216724761,0.381091537944131,12.8245614035088,scoring/dir_001/AF-A0A9S4-F1-model_v4.pdb
0.966611382020623,0.520462356678887,0.91027674306971,0.142926454601657,0.338715656866202,0.169451712155376,0.484467378434996,21.3680981595092,scoring/dir_001/AF-A0AAC1-F1-model_v4.pdb
0.485198964837147,0.374075148413083,0.317022290496652,0.0389361280995775,0.862995402212156,0.398923473905114,0.812433645210829,3.50684931506849,scoring/dir_001/AF-A0FLQ5-F1-model_v4.pdb
0.621589035436288,0.40784092703027,0.525331767523303,0.0867955884956893,0.49057195275899,0.291501282064666,0.700627298598947,6.06153846153846,scoring/dir_001/AF-A0FLR5-F1-model_v4.pdb
0.884985040360295,0.5516580385621,0.888876952716445,0.171797920122933,0.237671290417343,0.216512351091357,0.613934970070457,27.1387900355872,scoring/dir_001/AF-A0FLS3-F1-model_v4.pdb
0.840206128937219,0.531261093237535,0.821008263862923,0.157102228533649,0.315806749601986,0.231708572948548,0.619010963416414,19.1220657276995,scoring/dir_001/AF-A0PCJ1-F1-model_v4.pdb
0.66494085430047,0.541225860241166,0.484419378116747,0.0641045736835894,0.720376504742423,0.397151491245635,0.761056529611839,3.50335570469799,scoring/dir_001/AF-A1EHR1-F1-model_v4.pdb
0.70931201722425,0.346670613204709,0.638660598630653,0.112924200898464,0.345333695399591,0.197847413012958,0.606502868062591,20.4099099099099,scoring/dir_001/AF-A1IMB7-F1-model_v4.pdb
0.746164688495477,0.400074595792873,0.739328710786802,0.138201507939376,0.248584824934623,0.194890619561028,0.640118457319335,39.621875,scoring/dir_001/AF-A1Z6D4-F1-model_v4.pdb
1.00959431375216,0.560060203433252,1.00869580631695,0.197723546991755,0.305914105097659,0.186362037432103,0.450947273922637,37.4238805970149,scoring/dir_001/AF-A2V8C3-F1-model_v4.pdb
0.721645344842134,0.416191126901308,0.70291382040806,0.124463157926811,0.319190607393771,0.214980756399103,0.667271264802538,25.2213333333333,scoring/dir_001/AF-A2V8C6-F1-model_v4.pdb
0.637752170640532,0.491419029742868,0.528691349826191,0.113864025259779,0.544870187115957,0.398635113693479,0.696962072396123,3.50819672131148,scoring/dir_001/AF-A2V8C7-F1-model_v4.pdb
0.968541848875838,0.509809801311908,0.954800791074285,0.164525468421996,0.29817981208577,0.169466865276775,0.490366895320467,31.8135593220339,scoring/dir_001/AF-A2V8C8-F1-model_v4.pdb
0.715306427775199,0.337494680935339,0.655564362667589,0.092193917358138,0.335886569310549,0.177975914386316,0.648725867656881,22.9216494845361,scoring/dir_001/AF-A3FPI3-F1-model_v4.pdb
0.96010739844887,0.522972886047281,0.959114987596504,0.188857212244311,0.350539815874344,0.189023105742585,0.470462441667957,32.3292682926829,scoring/dir_001/AF-A3FPI7-F1-model_v4.pdb
0.824198895854626,0.46818834932907,0.753083347225983,0.108035671333079,0.333427078680749,0.189703974967909,0.598708709246297,21.9096774193548,scoring/dir_001/AF-A3FPI9-F1-model_v4.pdb
0.676897071258122,0.523936686938795,0.546731932765714,0.1272626193066,0.599369328050106,0.404777047295825,0.667435613280298,3.60416666666667,scoring/dir_001/AF-A3FPJ0-F1-model_v4.pdb
0.485364625285976,0.310738269115973,0.451807239168951,0.0608911289235103,0.377845069937603,0.250478070295351,0.810817704727891,8.43406593406593,scoring/dir_001/AF-A3FPJ2-F1-model_v4.pdb
0.69953877674777,0.379817281223248,0.668626000883467,0.105993349124654,0.380634858322031,0.193219078032002,0.675687323906886,28.3614457831325,scoring/dir_001/AF-A3FPJ6-F1-model_v4.pdb
0.637880312097384,0.492625350864108,0.340667693498079,0.0734478277228788,0.802495465194274,0.409864225717856,0.616904810616773,3.48913043478261,scoring/dir_001/AF-A3FPK5-F1-model_v4.pdb
1.02157057592438,0.621319717702527,1.01950644360317,0.198410389233746,0.308266063214418,0.192919212094766,0.470569730828356,36.1360759493671,scoring/dir_001/AF-A3FPK9-F1-model_v4.pdb
0.728669671930557,0.336411088966625,0.70538257132407,0.109941717794112,0.412180731907894,0.166644444988362,0.624443279927396,18.5654008438819,scoring/dir_001/AF-A3KFE7-F1-model_v4.pdb
0.501092974867528,0.369245357335335,0.441893706340113,0.0518982439016587,0.557400359325983,0.297784512720098,0.822867071771264,4.11184210526316,scoring/dir_001/AF-A3QM96-F1-model_v4.pdb
0.752671630487809,0.463943973095188,0.706359327584237,0.11835882140084,0.299468515687058,0.239242512410512,0.656151565503594,13.2642276422764,scoring/dir_001/AF-A3QMC3-F1-model_v4.pdb
0.716878390032893,0.506287584969398,0.657054862161885,0.114901172999322,0.429680559696859,0.277923061247485,0.693818733077206,11.5285714285714,scoring/dir_001/AF-A3QMC5-F1-model_v4.pdb
0.429184139197757,0.27727460736874,0.382039094562462,0.0561849177572692,0.374665464641004,0.274936203903141,0.82744802039865,7.31439393939394,scoring/dir_001/AF-A3QMD6-F1-model_v4.pdb
0.991384690266334,0.564051243357634,0.992171232057227,0.191612317483342,0.285304041764553,0.180135607982595,0.472496854990146,49.2832369942197,scoring/dir_001/AF-A4F309-F1-model_v4.pdb
0.926233924105543,0.46373160098951,0.927514512373968,0.171009001218397,0.281570662324834,0.171621985776591,0.520557866246439,44.5458089668616,scoring/dir_001/AF-A4F314-F1-model_v4.pdb
0.97936903974696,0.540534674657804,0.926697014177853,0.179497569450796,0.542360032414298,0.194093540329659,0.402141723789574,38.8049645390071,scoring/dir_001/AF-A4F317-F1-model_v4.pdb
0.627199813981118,0.345244866293307,0.605514208108407,0.102670947981301,0.319509396558131,0.213342121387254,0.70505724093393,35.5618811881188,scoring/dir_001/AF-A4F319-F1-model_v4.pdb
0.863874163975208,0.589613996046703,0.764005725699212,0.120492655098387,0.548045281106138,0.270122225965864,0.554508357695928,5.2972972972973,scoring/dir_001/AF-A4F323-F1-model_v4.pdb
0.473538990980366,0.320296454696124,0.452667672010402,0.064822130909744,0.411297500816207,0.256441666774116,0.830891980287489,24.3578947368421,scoring/dir_001/AF-A4LBC1-F1-model_v4.pdb
1.03123813938061,0.687359887281347,0.718498035290765,0.108549635599095,0.696386334759106,0.224608005982628,0.420440959516664,11.955,scoring/dir_001/AF-A4UVK9-F1-model_v4.pdb
0.673753774208859,0.540200007594175,0.348419688029444,0.0577116442957644,0.847553300211083,0.411148512053553,0.658179051960759,3.49074074074074,scoring/dir_001/AF-A4UVL7-F1-model_v4.pdb
0.380191844497831,0.265300133272178,0.342679330878812,0.0511569610547128,0.43082908794303,0.297029205591298,0.862081140065378,6.78222222222222,scoring/dir_001/AF-A4UVM2-F1-model_v4.pdb
0.714986335126553,0.380556105392206,0.652973714422515,0.111508141872546,0.26032549581555,0.213971074919142,0.640525886821018,21.5925925925926,scoring/dir_001/AF-A4V4W6-F1-model_v4.pdb
0.601392324004907,0.316209686488352,0.549557977519921,0.0830669656609591,0.275099821098844,0.206714233743724,0.72318921112787,30.2857142857143,scoring/dir_001/AF-A4V4W7-F1-model_v4.pdb
0.725330861082601,0.460886264037598,0.649422737341427,0.122409232815757,0.343531551385182,0.267657631820735,0.633315149402935,10.2908163265306,scoring/dir_001/AF-A5A8P7-F1-model_v4.pdb
0.972912145577192,0.596918277472985,0.838135426031453,0.131911857564053,0.472811898859573,0.200941686568423,0.478954687147308,14.5081967213115,scoring/dir_001/AF-A5A8Q8-F1-model_v4.pdb
0.933336835418285,0.429231635067026,0.768494230533245,0.128993109194104,0.376157748514946,0.185292115487395,0.514890550652398,21.8489583333333,scoring/dir_001/AF-A5A8R3-F1-model_v4.pdb
0.878176786176191,0.449387991930463,0.741684806412372,0.116297402319264,0.465069889953953,0.181391235665424,0.496667132213035,21.4277456647399,scoring/dir_001/AF-A5A8R5-F1-model_v4.pdb
0.529175486496297,0.37979401423564,0.386764603466,0.0500011822901811,0.723809750396456,0.329875414953748,0.781731168859372,4.44578313253012,scoring/dir_001/AF-A5HU89-F1-model_v4.pdb
0.831527293772243,0.405495597955172,0.744493371198007,0.128379932027003,0.342683034608702,0.182573305979681,0.541371081052847,25.6965517241379,scoring/dir_001/AF-A5HU92-F1-model_v4.pdb
0.371665637437816,0.264700236409609,0.262981423985996,0.0211579606578292,0.812321115861846,0.326403908050365,0.867126194675069,3.55115511551155,scoring/dir_001/AF-A5HW99-F1-model_v4.pdb
0.871550429052541,0.494905141394903,0.8250827675189,0.12156042309165,0.43088031771902,0.17292278101658,0.576821000309867,27.8290322580645,scoring/dir_001/AF-A5HWA9-F1-model_v4.pdb
0.996482003415878,0.542846547664728,0.985954636227482,0.178308692406148,0.328958595942049,0.174513982020048,0.473665404979095,38.0983146067416,scoring/dir_001/AF-A5HWB2-F1-model_v4.pdb
0.595611639816103,0.368788756785137,0.500126874277728,0.0680018517150161,0.413065348602096,0.251180251869569,0.751869442220107,14.0661764705882,scoring/dir_001/AF-A5JYR6-F1-model_v4.pdb
0.788972066080325,0.444052048563967,0.776450751137625,0.137470753478556,0.335279597446652,0.199531395926879,0.603635574671927,21.3925925925926,scoring/dir_001/AF-A5JYT8-F1-model_v4.pdb
1.16544314359859,0.850920551342222,0.816276569166295,0.142266059978428,0.712659359736056,0.24191031650571,0.340555528153901,9.91812865497076,scoring/dir_001/AF-A5JYU1-F1-model_v4.pdb
0.831382324441002,0.487329846163331,0.628436362908512,0.107987005682174,0.496918736186272,0.244639060908142,0.536940586846097,13.3548387096774,scoring/dir_001/AF-A5JYW3-F1-model_v4.pdb
0.778315562507328,0.448276921175354,0.578369108952585,0.1207441935067,0.544294181424758,0.255133696781144,0.552442519553999,14.3276595744681,scoring/dir_001/AF-A5JYW4-F1-model_v4.pdb
0.795115842474511,0.372658157145325,0.717700118680414,0.109235658089677,0.42089013784361,0.179053362239711,0.581625090199327,15.8695652173913,scoring/dir_001/AF-A5JYW7-F1-model_v4.pdb
0.542286646501101,0.336153385724967,0.48495970600132,0.0653044706579361,0.376168334187839,0.241992277289896,0.75562659243024,7.53623188405797,scoring/dir_001/AF-A5JYW8-F1-model_v4.pdb
0.668696006029232,0.395483381376195,0.640758620067965,0.108096382235413,0.392111177938455,0.218972623190979,0.693408250135386,17.5776892430279,scoring/dir_001/AF-A5JYY0-F1-model_v4.pdb
0.760939441073784,0.440445265510417,0.730539422993139,0.130083390004726,0.318320854706531,0.210642189583433,0.631785536707213,20.359756097561,scoring/dir_001/AF-A5JYY6-F1-model_v4.pdb
0.632573717415887,0.374716151962178,0.563432211778132,0.0814494107208485,0.416428259597916,0.235620450397828,0.720734976984992,16.5931034482759,scoring/dir_001/AF-A5PEW7-F1-model_v4.pdb
0.582777859699625,0.301936422167393,0.534196844752249,0.0733073373537823,0.446761772131641,0.189912238723181,0.726119869280437,17.1165048543689,scoring/dir_001/AF-A5PEX0-F1-model_v4.pdb
0.933501286510755,0.65235988450324,0.855584919279121,0.239874420109116,0.272343928539711,0.315042057127649,0.494833173045406,15.140350877193,scoring/dir_001/AF-A5Z2S1-F1-model_v4.pdb
1.13747024063888,0.699656859950058,1.14528919793258,0.225531162474646,0.320251345470133,0.180117817699799,0.3779368068746,35.3581560283688,scoring/dir_001/AF-A5Z2S2-F1-model_v4.pdb
0.567426598534088,0.393020668007537,0.266298934925971,0.050104316876227,0.906188962646854,0.393076061946445,0.686306391611528,3.5,scoring/dir_001/AF-A5Z2S9-F1-model_v4.pdb
0.720561000595309,0.366816341350824,0.709779624197404,0.129051302273968,0.347452865290961,0.191541431540192,0.647154948066021,23.4607438016529,scoring/dir_001/AF-A5Z2U2-F1-model_v4.pdb
1.00828081759493,0.545764898027254,0.961108024471902,0.157420682539583,0.477492703886868,0.169893754928619,0.425077986837767,25.8011363636364,scoring/dir_001/AF-A5Z2U7-F1-model_v4.pdb
1.01268342474179,0.661854327087591,0.861121110204529,0.154858939923123,0.507965470604067,0.229709913219306,0.413594846702322,14.3050847457627,scoring/dir_001/AF-A5Z2U9-F1-model_v4.pdb
0.577167038828694,0.400494681126223,0.181493692786148,0.0320569557289032,0.809786986415897,0.401391905713654,0.723257586371287,3.53571428571429,scoring/dir_001/AF-A5Z2X2-F1-model_v4.pdb
0.484298747875786,0.302268450720045,0.433819787870123,0.0614579898479426,0.373402142496349,0.25089076280139,0.799439122883964,10.25,scoring/dir_001/AF-A6PVA4-F1-model_v4.pdb
0.92527369363573,0.519478297379094,0.825633618539017,0.110718272849217,0.497854270619936,0.17219726064735,0.509849922436231,17.0127388535032,scoring/dir_001/AF-A6PVB9-F1-model_v4.pdb
0.64113197227084,0.439875891987635,0.61649396561508,0.114532597563919,0.36235461479937,0.268526226355329,0.740307689126767,17.3154362416107,scoring/dir_001/AF-A6ZJ59-F1-model_v4.pdb
0.849504355605757,0.486990120729471,0.839099401581934,0.16008634361243,0.373282888987816,0.205578860855062,0.568154112880886,37.8633720930233,scoring/dir_001/AF-A7DT35-F1-model_v4.pdb
0.810197757428345,0.553712389252994,0.79908344186255,0.183550684338686,0.331821443627462,0.268049395160505,0.625042624723292,31.3130434782609,scoring/dir_001/AF-A7DT38-F1-model_v4.pdb
0.942473732151311,0.477434054324209,0.917473313318523,0.155302148151094,0.307171943164887,0.166659648942845,0.500532957728926,19.4920634920635,scoring/dir_001/AF-A7DT42-F1-model_v4.pdb
0.538848810846766,0.297542440531363,0.505275870871016,0.077802461556355,0.477824700128546,0.213016604196973,0.765030715184931,23.9195979899497,scoring/dir_001/AF-A7KQE6-F1-model_v4.pdb
0.631579497090633,0.350542758864217,0.557111083839909,0.0622916422821444,0.313931101129604,0.212417411828457,0.716769096551106,9.28617363344051,scoring/dir_001/AF-A7LPC9-F1-model_v4.pdb
0.60814964128084,0.402843822105771,0.578231228701418,0.0864142285072378,0.363640284321563,0.250489216562242,0.753720383051272,10.8285714285714,scoring/dir_001/AF-A7LPG5-F1-model_v4.pdb
1.07269378441136,0.679239229564458,0.804661122941321,0.159368125318812,0.509777708657079,0.248666886538055,0.396207012666099,12.8105263157895,scoring/dir_001/AF-A7LPH6-F1-model_v4.pdb
0.779868957107781,0.516219665650599,0.620016624253133,0.0763197580484753,0.596828956352552,0.246348749384225,0.652098479718623,10.9191489361702,scoring/dir_001/AF-A7LPH9-F1-model_v4.pdb
0.71328302258041,0.436626198448014,0.707556430359854,0.137755027945399,0.28139491344339,0.231530427201417,0.67348318194747,26.1993569131833,scoring/dir_001/AF-A7LPI5-F1-model_v4.pdb
0.875470785810551,0.539845937785343,0.79721296962211,0.147681523581624,0.449506714566408,0.230193002310242,0.516953634997998,15.739336492891,scoring/dir_001/AF-A7LPI7-F1-model_v4.pdb
0.783993625441588,0.621014734340648,0.565848297107587,0.124123250767207,0.584448904783515,0.402093121197612,0.594451914087433,3.53947368421053,scoring/dir_001/AF-A7LPJ3-F1-model_v4.pdb
0.780037968515203,0.378007107093639,0.745775939326266,0.110183650836776,0.323852856585588,0.169261964901601,0.60786698976825,18.5044247787611,scoring/dir_001/AF-A7LPJ6-F1-model_v4.pdb
0.931361481453508,0.487968875226278,0.847092806457187,0.138785130162211,0.461307999306183,0.16999972310815,0.502502987178595,33.3001876172608,scoring/dir_001/AF-A7WK41-F1-model_v4.pdb
1.00412812582407,0.587100492620162,0.938535838509621,0.170023734688558,0.425448900998752,0.187353450770604,0.444619834178754,32.3223880597015,scoring/dir_001/AF-A7WK43-F1-model_v4.pdb
0.546052679370908,0.278194243022921,0.494353484238764,0.0716796131331504,0.288337532878117,0.198154007461677,0.73691132376919,19.6991404011461,scoring/dir_001/AF-A7YPF2-F1-model_v4.pdb
0.821817438975248,0.416094900696888,0.815963974343861,0.144447802691068,0.30945273772232,0.194390218427222,0.601796112464879,33.7595907928389,scoring/dir_001/AF-A8DZ30-F1-model_v4.pdb
0.992729118626846,0.59479683030298,0.981089809937743,0.191856667701638,0.366706457078056,0.198368372717735,0.462813591761591,28.3920704845815,scoring/dir_001/AF-A8DZ31-F1-model_v4.pdb
0.815769317578383,0.576421902597614,0.638544992214186,0.155185726628589,0.697160600271594,0.346636931036243,0.540509845071922,7.19444444444444,scoring/dir_001/AF-A8DZ42-F1-model_v4.pdb
0.761569851055915,0.36647823944192,0.732175850243952,0.112362661536389,0.400484828910445,0.168023815910925,0.627875518161191,33.1537070524412,scoring/dir_001/AF-A8WFK6-F1-model_v4.pdb
0.967316235372534,0.490927708351929,0.959422111643871,0.162876648873081,0.388160954731343,0.164356720660566,0.48514439402931,40.6717391304348,scoring/dir_001/AF-A8WFM5-F1-model_v4.pdb
1.09851884338476,0.784152949045202,0.868904709069938,0.204310488224731,0.511648065994307,0.30213710156236,0.383039445638133,7.67226890756303,scoring/dir_001/AF-A8WHS7-F1-model_v4.pdb
0.92679744002534,0.593376454651164,0.837227021803658,0.140911333238519,0.371677772122524,0.231014804614226,0.552681136287203,13.7428571428571,scoring/dir_001/AF-A8WHT2-F1-model_v4.pdb
0.835105172162165,0.572350774282133,0.787307403879876,0.176898737246585,0.433614895484082,0.285805898622309,0.572670943062742,8.85526315789474,scoring/dir_001/AF-A8WJ47-F1-model_v4.pdb
0.602878209418407,0.372140912187968,0.548472841556413,0.114677367580209,0.461260205794251,0.282343798054154,0.704167704213444,9.03,scoring/dir_001/AF-A8WJ48-F1-model_v4.pdb
0.452993315474021,0.276746867512605,0.424004329098709,0.0639734192746116,0.351049488817823,0.256209972010761,0.830126101073645,15.5209003215434,scoring/dir_001/AF-A9D699-F1-model_v4.pdb
0.608419992687054,0.420436959586936,0.503281314313843,0.0685301340265189,0.576483648302005,0.289764874932156,0.735225252480078,5.97744360902256,scoring/dir_001/AF-A9UJP5-F1-model_v4.pdb
0.606117160633298,0.337159954852611,0.598615508556564,0.107077854123118,0.311570782841863,0.212631651274865,0.728224234975331,27.6805970149254,scoring/dir_001/AF-A9Z1L3-F1-model_v4.pdb
0.901801225509056,0.510200773346475,0.899585694889465,0.174205865709022,0.338202698721936,0.193996009834395,0.533185655400369,28.796875,scoring/dir_001/AF-A9Z1L4-F1-model_v4.pdb
0.44870549628087,0.292935783845605,0.391492495259135,0.0423257478294165,0.48805011237313,0.250625481662883,0.835042929596321,5.66839378238342,scoring/dir_001/AF-B0M0M9-F1-model_v4.pdb
0.901652048365834,0.636038966216631,0.847002062661638,0.157502105365913,0.232612814630852,0.266096313718121,0.562980609183604,11.7712765957447,scoring/dir_001/AF-B0M0N0-F1-model_v4.pdb
0.693418339303287,0.466562140235494,0.465812033688823,0.10135700970762,0.55573198864719,0.360413323665321,0.598509060617864,3.71875,scoring/dir_001/AF-B0M0N1-F1-model_v4.pdb
0.59280746590271,0.44875046650219,0.483340215043697,0.0586369548431146,0.673393636719989,0.32638713565848,0.768212258645362,4.05161290322581,scoring/dir_001/AF-B0M0N2-F1-model_v4.pdb
0.784940047704516,0.565115325027219,0.769833525728364,0.190361346964138,0.257316302451859,0.317472165919418,0.658237702999136,18.0943396226415,scoring/dir_001/AF-B0M0N3-F1-model_v4.pdb
0.625713031557009,0.3207361257616,0.603769125733521,0.0986980352376224,0.297031111455046,0.202810728539105,0.712957980855605,20.9194915254237,scoring/dir_001/AF-B0M0N4-F1-model_v4.pdb
0.6320271852162,0.448141000170345,0.37099646671275,0.0631406444446509,0.85943209178349,0.383570839596103,0.709627934932199,3.57798165137615,scoring/dir_001/AF-B0M0P3-F1-model_v4.pdb
0.796579702998689,0.450878337562194,0.797542443221114,0.148592450619944,0.243020725102488,0.199273444739017,0.624211862187438,30.1016483516484,scoring/dir_001/AF-B1GRK8-F1-model_v4.pdb
0.628669445810879,0.33821347973176,0.623705505283338,0.108079001549465,0.268232816650447,0.197358030948419,0.723922965924522,29.7455089820359,scoring/dir_001/AF-B1GRL1-F1-model_v4.pdb
0.898990456942115,0.479257430979104,0.84922010055583,0.130553030985883,0.376904479493659,0.174086777009449,0.539531565007664,27.1031746031746,scoring/dir_001/AF-B1GRL5-F1-model_v4.pdb
0.830097448416405,0.392809285771224,0.77395652476669,0.11602297356154,0.331949769743749,0.168726856600729,0.580473801455737,20.3660130718954,scoring/dir_001/AF-B1GRN3-F1-model_v4.pdb
0.642926094573334,0.322835645162235,0.594580349067343,0.092949296753605,0.271484725813101,0.19533950363723,0.692159129807,21.6074950690335,scoring/dir_001/AF-B1Q241-F1-model_v4.pdb
0.819578817725784,0.408879892535001,0.799794892158468,0.137797165315666,0.243444023672497,0.18241150835485,0.596402201229717,29.2614770459082,scoring/dir_001/AF-B1Q251-F1-model_v4.pdb
0.771732494073087,0.427720214310197,0.720021194936481,0.106382305384452,0.405525523892686,0.182594680425574,0.630294716388376,18.9879518072289,scoring/dir_001/AF-B1Q256-F1-model_v4.pdb
1.21792305060229,0.830482161201722,1.22449777903011,0.267713758665407,0.257979009818621,0.207037871156458,0.306375201324363,20.2579505300353,scoring/dir_001/AF-B1Q264-F1-model_v4.pdb
0.541795470097108,0.431834415833367,0.402876922002355,0.0522111117925313,0.825878435104607,0.393662035797391,0.78904429927314,3.47619047619048,scoring/dir_001/AF-B1Q269-F1-model_v4.pdb
0.751904062526512,0.365205776004701,0.705554196447866,0.0932504453869543,0.330160608938904,0.168942281473758,0.643689751378073,20.5757575757576,scoring/dir_001/AF-B1Q277-F1-model_v4.pdb
0.924188378010534,0.47407389573497,0.904444484781572,0.14155269204638,0.362554662608754,0.161965015288745,0.51186594221394,25.7722772277228,scoring/dir_001/AF-B1Q283-F1-model_v4.pdb
0.524543521143845,0.366298830283906,0.473787971966046,0.0699678954356968,0.396986096651566,0.284828817831877,0.806574876989436,13.1475409836066,scoring/dir_001/AF-B1V8I7-F1-model_v4.pdb
0.817220004984357,0.546871028797339,0.377149668860012,0.0479681243372029,0.910898369553581,0.308184671088437,0.589290966169218,3.9453125,scoring/dir_001/AF-B1V8I9-F1-model_v4.pdb
0.369295420571627,0.267902597712884,0.277559523150725,0.0379310875192867,0.4510684921111,0.341274895127266,0.860685218564617,5.20416666666667,scoring/dir_001/AF-B1V8J7-F1-model_v4.pdb
1.15066995579641,0.743165713231647,0.981899309801221,0.17734200349507,0.474853060929232,0.218068866183374,0.375505506451821,15.50625,scoring/dir_001/AF-B1V8K6-F1-model_v4.pdb
0.873411580843681,0.530915652892626,0.859763420126956,0.171776134214532,0.383419218350751,0.219084001549402,0.57258769601065,34.4115853658537,scoring/dir_001/AF-B2D6P2-F1-model_v4.pdb
0.583958766397404,0.436299754237452,0.434950681359372,0.0510301615837265,0.77530091822714,0.32439532422605,0.765782298251677,3.50806451612903,scoring/dir_001/AF-B2FDA6-F1-model_v4.pdb
0.707419807765076,0.396085747210651,0.614500960507701,0.0862126785692562,0.453256260904219,0.206475604752251,0.651016841718003,13.3724489795918,scoring/dir_001/AF-B2MZB2-F1-model_v4.pdb
0.825824724751051,0.485941051460269,0.822930068096943,0.164616204034813,0.333005494529906,0.214687811256903,0.610637255329732,29.6262626262626,scoring/dir_001/AF-B2MZB7-F1-model_v4.pdb
0.781219261749798,0.602576247708151,0.671115979770928,0.166860172652698,0.575753008191292,0.389455238339133,0.608119953516157,3.78350515463918,scoring/dir_001/AF-B2MZC4-F1-model_v4.pdb
0.760960003391716,0.380479184023706,0.732237602788926,0.11793336328543,0.35938209274079,0.177142144124828,0.624390316249046,27.9509345794392,scoring/dir_001/AF-B3CJ33-F1-model_v4.pdb
1.16343207816381,0.761040801040513,1.09500819381246,0.214130459275564,0.454786842663879,0.191118026049324,0.326520764546483,27.6397306397306,scoring/dir_001/AF-B3CKG1-F1-model_v4.pdb
0.984952882750096,0.543262773364031,0.986827750837515,0.204509952474496,0.297681768229094,0.187836524541389,0.457255441124589,41.071052631579,scoring/dir_001/AF-B3GWB3-F1-model_v4.pdb
0.706820133671694,0.571233435733621,0.632617034289195,0.128427905494588,0.571540095621477,0.403990590224774,0.727165044108468,3.47727272727273,scoring/dir_001/AF-B3GWB7-F1-model_v4.pdb
0.486070613786547,0.279524227329276,0.434991014523299,0.0615507115698122,0.350194053223848,0.240792663782315,0.801050763993006,10.4600484261501,scoring/dir_001/AF-B3GWD8-F1-model_v4.pdb
0.868537691101028,0.395388054596829,0.804029683408901,0.117838630983638,0.297022082907571,0.16376883366445,0.572596717030902,28.5833333333333,scoring/dir_001/AF-B3GWE1-F1-model_v4.pdb
0.908755815850089,0.628965555997775,0.768335713523052,0.124454189628158,0.56196439151383,0.256914399565998,0.551591207226147,15.3068783068783,scoring/dir_001/AF-B3WFW2-F1-model_v4.pdb
0.623213512834493,0.424048974272505,0.383647085554092,0.0786041941760687,0.767432383736274,0.381020997299549,0.652055961282264,3.50602409638554,scoring/dir_001/AF-B3WFW3-F1-model_v4.pdb
0.40081382714881,0.276012336954211,0.309879525153248,0.0293741677827863,0.833262441409785,0.294179808717729,0.847265893851998,3.47297297297297,scoring/dir_001/AF-B3WFW8-F1-model_v4.pdb
0.825850410942071,0.40931527958563,0.803497887311312,0.133062349966864,0.264635785119788,0.175489833431938,0.584344923484531,24.3863179074447,scoring/dir_001/AF-B3WFW9-F1-model_v4.pdb
0.874025688980883,0.594889992990521,0.712432992801128,0.130414128769653,0.491218546680315,0.278871554011949,0.51421940006642,6,scoring/dir_001/AF-B3WFX2-F1-model_v4.pdb
0.666472840743198,0.369866400832808,0.624691080585265,0.0892869515471898,0.24619407917094,0.196307812750898,0.696285586690113,28.5340314136126,scoring/dir_001/AF-B3WFX7-F1-model_v4.pdb
0.803753581036007,0.480427563670068,0.780494157333823,0.141116822125329,0.361808475691707,0.213680118089934,0.605227143675123,21.021978021978,scoring/dir_001/AF-B3WFX9-F1-model_v4.pdb
0.781790047499998,0.626205224456242,0.721117357910301,0.139380297888529,0.80504105145054,0.383370762057433,0.710336948638801,15.4307692307692,scoring/dir_001/AF-B4DCT1-F1-model_v4.pdb
0.627205737338104,0.312917455291102,0.581068541697879,0.0907042010589622,0.315634227198106,0.19886201214859,0.7058007655511,17.3772563176895,scoring/dir_001/AF-B4E3X5-F1-model_v4.pdb
1.14959162780013,0.775305429600676,1.16516090021741,0.248167627861677,0.319673511516431,0.198462194304702,0.397485852725792,28.6560283687943,scoring/dir_001/AF-B5BM22-F1-model_v4.pdb
0.735251401285282,0.416208678105444,0.714035905120534,0.134250719820607,0.365012006024109,0.208949308999637,0.647013932787624,45.6837606837607,scoring/dir_001/AF-B5BM31-F1-model_v4.pdb
1.23630641316427,0.933131063583477,1.21137296841015,0.283399913163566,0.406582416404821,0.219042325501331,0.235032565143269,29.3366834170854,scoring/dir_001/AF-B5BM36-F1-model_v4.pdb
0.837131164056957,0.378104454583256,0.812808765394388,0.122820284220916,0.296860117185745,0.160143169049424,0.571746494279663,29.2867924528302,scoring/dir_001/AF-B5BM45-F1-model_v4.pdb
0.745000630051935,0.407012748585818,0.667071819541117,0.115060029251369,0.404809857287871,0.217703188000435,0.611808638424708,16.1287878787879,scoring/dir_001/AF-B5BM48-F1-model_v4.pdb
0.940395884226488,0.585655637623359,0.943682348466313,0.201695324497212,0.277775696111657,0.217730355432491,0.53800039293728,30.5742574257426,scoring/dir_001/AF-B5U8L3-F1-model_v4.pdb
0.734764155957292,0.503843753063482,0.677960091819779,0.124156776255975,0.494065785512712,0.279960350574237,0.654329533640963,11.7843137254902,scoring/dir_001/AF-B5U8M8-F1-model_v4.pdb
0.978308584742563,0.506364587811776,0.9067022418178,0.151496265637851,0.301860428016023,0.179123877982774,0.498582275200367,22.7820163487738,scoring/dir_001/AF-B5U8N9-F1-model_v4.pdb
0.738909022919405,0.397323045518844,0.722937356470604,0.114223071914139,0.278809273126115,0.181827964723729,0.674900601693522,29.4933035714286,scoring/dir_001/AF-B5U8P6-F1-model_v4.pdb
0.786830358265841,0.428993727119002,0.704259553837665,0.1015851280816,0.51931415192639,0.184952226659175,0.613180241409405,15.6274509803922,scoring/dir_001/AF-B6EU49-F1-model_v4.pdb
0.926467062807734,0.470596228854756,0.929893655489563,0.16421516506142,0.275681004022496,0.169885138013504,0.525850771988309,33.5688073394495,scoring/dir_001/AF-B6EU70-F1-model_v4.pdb
0.79882179186091,0.434218735929311,0.688343834632117,0.109293475835676,0.323338713159179,0.223232897699429,0.615248569702768,15.7362637362637,scoring/dir_001/AF-B6VQ71-F1-model_v4.pdb
0.923986597169449,0.602943405270942,0.752937863832575,0.167420417954285,0.458294512763106,0.25436161335298,0.454553551881038,14.6315789473684,scoring/dir_001/AF-B7WN94-F1-model_v4.pdb
1.0479032276111,0.627777873220361,1.03926546350193,0.207167745593269,0.411276874463085,0.190718032108608,0.401705460789171,21.7522658610272,scoring/dir_001/AF-B7WN97-F1-model_v4.pdb
1.01735036712258,0.617774798574971,0.943125397863902,0.168202641939462,0.452213885660976,0.187783336433358,0.460867896904872,18.38127090301,scoring/dir_001/AF-B7WNA1-F1-model_v4.pdb
0.813330454051351,0.385619880154211,0.771258408426435,0.120583017817191,0.382522192556455,0.165488904512617,0.584689292511145,22.4369885433715,scoring/dir_001/AF-B7WNB0-F1-model_v4.pdb
0.930603883851171,0.538074524534048,0.918794421209706,0.160424160396606,0.262473028212311,0.180964224526237,0.553520855697425,33.5244755244755,scoring/dir_001/AF-B9WRT7-F1-model_v4.pdb
0.588585131654406,0.38205894100367,0.5790781677793,0.114674932141531,0.3754919427228,0.266807767931174,0.751695911506522,10.0080971659919,scoring/dir_001/AF-B9ZSH4-F1-model_v4.pdb
0.92054541260672,0.524888939554278,0.91042999628071,0.210022954428563,0.148093087526666,0.221705938429789,0.544077849558402,30.5231910946197,scoring/dir_001/AF-C0HLB4-F1-model_v4.pdb
0.651308292081644,0.302135966801286,0.600387828190475,0.0867880237538847,0.287124974316992,0.182258230144765,0.689009619472188,26.9844789356984,scoring/dir_001/AF-C0P275-F1-model_v4.pdb
0.829014141510878,0.372608170643387,0.826276457154902,0.130515347935997,0.258768031031427,0.161579259507924,0.606193534831302,42.9745596868885,scoring/dir_001/AF-C0P283-F1-model_v4.pdb
0.74372057333284,0.344728640813184,0.72517734328496,0.115065975959261,0.304837118148291,0.171716870092629,0.650115284493947,28.6082089552239,scoring/dir_001/AF-C0Z1Y1-F1-model_v4.pdb
0.603330925095171,0.307038854844556,0.482466768968695,0.060877884174856,0.474291476969416,0.208630346148879,0.717929732819631,16.5325779036827,scoring/dir_001/AF-C0Z1Y2-F1-model_v4.pdb
0.780846297531862,0.419988656215579,0.773319901688258,0.137580065103709,0.339494605507832,0.190850698129364,0.619302953607278,38.8652291105121,scoring/dir_001/AF-C0Z1Y8-F1-model_v4.pdb
0.933091440497141,0.492794089883576,0.933887785404588,0.157012923144166,0.313584869998423,0.166298259380472,0.534761047865862,24.4481707317073,scoring/dir_001/AF-C0Z3L2-F1-model_v4.pdb
0.78678847892632,0.466157870835583,0.775668337588598,0.154456428389927,0.323841326209325,0.218897540693846,0.622023222350622,23.7378277153558,scoring/dir_001/AF-C0Z3L6-F1-model_v4.pdb
0.502884134470427,0.378409073046641,0.38605366480349,0.0759558973902963,0.913336713859588,0.404585915422517,0.783261955280731,3.48780487804878,scoring/dir_001/AF-C1P632-F1-model_v4.pdb
0.594242419031239,0.352437133973817,0.512928352947652,0.0888621325851372,0.301082022019582,0.249581628335006,0.746871852542088,18.8872901678657,scoring/dir_001/AF-C1P645-F1-model_v4.pdb
0.526455812415657,0.381378228243245,0.237857326937466,0.0405009428981223,0.877109007697522,0.396838485319837,0.715676443335518,3.51094890510949,scoring/dir_001/AF-C1P646-F1-model_v4.pdb
0.53038048868239,0.304531582934369,0.51505208857027,0.078718785753325,0.308674204428171,0.214220541565959,0.783699064599478,14.7560975609756,scoring/dir_001/AF-C1P647-F1-model_v4.pdb
0.736729472329879,0.569262894377302,0.364075273591827,0.0630366684747006,0.864058162108986,0.404941895251291,0.652492675647876,3.48076923076923,scoring/dir_001/AF-C1P663-F1-model_v4.pdb
1.23680965078273,0.874479681876879,0.933389879966631,0.17328069878858,0.676960639891491,0.219637839938358,0.279799035304557,16.7945205479452,scoring/dir_001/AF-C1P665-F1-model_v4.pdb
0.637630662051006,0.323939132448618,0.634354011327254,0.103708744008761,0.215454227043888,0.183522395363402,0.72571219707411,28.5628019323671,scoring/dir_001/AF-C2BR91-F1-model_v4.pdb
0.893008053573884,0.424948034236854,0.883214621454043,0.148582844119509,0.313799837043536,0.172969327382662,0.556731705037384,24.5641547861507,scoring/dir_001/AF-C3JXE5-F1-model_v4.pdb
0.75099125758291,0.455888412474272,0.680908092125228,0.127645756702313,0.388868539481506,0.243308978097955,0.642293013338349,14.3379790940767,scoring/dir_001/AF-C3JXE7-F1-model_v4.pdb
0.943582539029142,0.478463865916286,0.929750747278922,0.162868188331752,0.366773579688021,0.17164857148382,0.489214561997918,38.4590570719603,scoring/dir_001/AF-C4RVF5-F1-model_v4.pdb
0.417413248743484,0.293901661829591,0.359440277115571,0.0379440242729539,0.479653864874021,0.278064809971886,0.850567263661996,6.09328358208955,scoring/dir_001/AF-C6KRG7-F1-model_v4.pdb
0.791556101448839,0.535368504236973,0.688229990468739,0.119501282340644,0.570961853999886,0.264231971165607,0.656289327647342,9.27906976744186,scoring/dir_001/AF-C6KRJ5-F1-model_v4.pdb
1.04244474133684,0.753221481000641,0.836836529766259,0.191091436597155,0.3031109055047,0.292202519001485,0.365722098696778,7.4672131147541,scoring/dir_001/AF-C6KRK7-F1-model_v4.pdb
0.532865769296083,0.308475624814991,0.489887807497586,0.0656422832173959,0.525319916961713,0.20362572297386,0.76815346122964,14.4900662251656,scoring/dir_001/AF-C6KRK9-F1-model_v4.pdb
1.40709821687941,1.05894425323376,1.26152035145674,0.270264757142149,0.322226695010482,0.207901369508495,0.246321164449424,14.1701030927835,scoring/dir_001/AF-C6KRL2-F1-model_v4.pdb
0.542392856459031,0.419299160461495,0.35449027779255,0.0531071794624668,0.80925720003033,0.4012173287308,0.746396874130089,3.49342105263158,scoring/dir_001/AF-C6KRL3-F1-model_v4.pdb
0.544597488222489,0.385133030869899,0.147755750339214,0.023415562067336,0.934173623575295,0.400658392561468,0.718059629350576,3.4963503649635,scoring/dir_001/AF-C6KRN7-F1-model_v4.pdb
1.12489347348111,0.698255198496576,1.07653634522424,0.219703819052943,0.357802695058319,0.194832903071083,0.365162973461327,18.3791946308725,scoring/dir_001/AF-C6KRN9-F1-model_v4.pdb
0.685532153970267,0.533523696908263,0.448578213377978,0.0826413628693778,0.801365086500271,0.399093977740161,0.671659576974541,3.51351351351351,scoring/dir_001/AF-C6S3M1-F1-model_v4.pdb
0.657510900275532,0.508525426342999,0.35317391890893,0.0529590295238404,0.810363547433414,0.398529647869119,0.703747263674434,3.56756756756757,scoring/dir_001/AF-C7FZS8-F1-model_v4.pdb
0.737124532722458,0.557174758618079,0.423505643665222,0.116973358104711,0.730069023697927,0.418643472780977,0.542014614633907,3.49350649350649,scoring/dir_001/AF-C7FZT4-F1-model_v4.pdb
0.629584648221453,0.480913921994965,0.309747765792914,0.0586249298064317,0.841108443102812,0.413436716495455,0.658053545717111,3.51376146788991,scoring/dir_001/AF-C7GIK6-F1-model_v4.pdb
0.615565734204186,0.389261860113376,0.570298765439537,0.123068083831588,0.387799207950805,0.285939865497057,0.699715040273976,12.9947916666667,scoring/dir_001/AF-C7IVR8-F1-model_v4.pdb
0.890961631853182,0.556376250124464,0.79799733757829,0.162469203055542,0.393574173963304,0.24728012678558,0.508328144712985,13.8387096774194,scoring/dir_001/AF-C7IVS3-F1-model_v4.pdb
0.679114188955538,0.535473681828418,0.540915616550522,0.0934641961823383,0.732821586504508,0.391388884370085,0.724556837008342,3.45,scoring/dir_001/AF-C8JQN9-F1-model_v4.pdb
0.97415730098458,0.564095158083026,0.949183211141936,0.17300609384776,0.315309605524138,0.190364398232327,0.509501544528689,24.7732919254658,scoring/dir_001/AF-C8JQP1-F1-model_v4.pdb
0.857365922276746,0.426425953635966,0.808828343121438,0.142628272121802,0.258681914313768,0.184959871947761,0.537706474652244,22.8604060913706,scoring/dir_001/AF-C8JQP7-F1-model_v4.pdb
0.577272125795188,0.456338794731277,0.352626873121194,0.0607274045535178,0.762707004195182,0.40379612478751,0.694472451278343,3.496,scoring/dir_001/AF-C8JQQ0-F1-model_v4.pdb
1.1318069344782,0.809285118448384,1.00824814793098,0.176668829193039,0.53457140604287,0.225271082529609,0.473269897266817,15.7300613496933,scoring/dir_001/AF-C8JQQ4-F1-model_v4.pdb
0.535482574108708,0.327917875085551,0.491949047242618,0.0683869600012942,0.384697302228986,0.228724191692125,0.783259176686784,9.87732342007435,scoring/dir_001/AF-C8JQQ6-F1-model_v4.pdb
0.776781868273944,0.442340945461054,0.753081713050889,0.130118069253422,0.281600340014438,0.206248756945401,0.626076828665182,24.018691588785,scoring/dir_001/AF-C8JQS0-F1-model_v4.pdb
0.811295142125483,0.554764241482224,0.701768403347161,0.137171107076744,0.476870666867025,0.286717188193433,0.613514348299784,8.93452380952381,scoring/dir_001/AF-C8JQS4-F1-model_v4.pdb
1.03012600851031,0.588615472437153,0.938233369065883,0.154824223820529,0.330834683945173,0.193454191027768,0.447654033778514,16.3906810035842,scoring/dir_001/AF-C8JQS8-F1-model_v4.pdb
0.666318408190137,0.54483107140376,0.554179490285789,0.0976825367556871,0.607529036123399,0.404482776467452,0.717141883000553,3.46753246753247,scoring/dir_001/AF-C9IY32-F1-model_v4.pdb
0.797195037876569,0.564811031722284,0.509384616980543,0.116922505083995,0.617739520636971,0.376985126341856,0.538376300867357,3.68055555555556,scoring/dir_001/AF-D0FY27-F1-model_v4.pdb
0.887277669240415,0.599297414340207,0.624383616074142,0.0931313296978258,0.713960110776125,0.296883351957078,0.495776434098395,3.5,scoring/dir_001/AF-D0VWL9-F1-model_v4.pdb
1.12223961042371,0.707798317631746,1.01372475655087,0.181318524952719,0.354219463333473,0.20248864409671,0.36812546521868,14.2918287937743,scoring/dir_001/AF-D0VWN4-F1-model_v4.pdb
1.01823942556072,0.755065435852685,0.992523743383133,0.220309349173245,0.390153518295938,0.310119389272155,0.561255921140443,8.85889570552147,scoring/dir_001/AF-D0VWP6-F1-model_v4.pdb
0.93247970634482,0.716642786274603,0.619014273670116,0.112914488368137,0.746089798233149,0.312969740431301,0.512183238450907,7.79285714285714,scoring/dir_001/AF-D1MN57-F1-model_v4.pdb
0.930011110439302,0.466630126628222,0.916720190488354,0.164777312994101,0.455186602677936,0.173616114970674,0.486311914866463,19.0780287474333,scoring/dir_001/AF-D1MN68-F1-model_v4.pdb
0.822966299399742,0.387021337370081,0.813453524267844,0.134502735039038,0.256297876073008,0.161040076504436,0.60492296826177,45.9613152804642,scoring/dir_001/AF-D1YSH9-F1-model_v4.pdb
0.431966553555766,0.345782534546597,0.292874252608838,0.0280520874770528,0.837512744495692,0.386233671908189,0.834426037582514,3.49779735682819,scoring/dir_001/AF-D1YSI0-F1-model_v4.pdb
0.784124527981199,0.625442154856129,0.484275413527868,0.104592468934107,0.757036413592115,0.421271967462231,0.596508553999161,3.51648351648352,scoring/dir_001/AF-D2Y8W4-F1-model_v4.pdb
1.27269697956802,0.987718013815417,1.25996923406244,0.335817063349384,0.360996918024643,0.243292021205278,0.271608570195691,22.5414364640884,scoring/dir_001/AF-D2YW02-F1-model_v4.pdb
0.791718557175997,0.58530967155031,0.466102687986781,0.132590911446791,0.654371814475957,0.415484582002021,0.519958715652952,3.47761194029851,scoring/dir_001/AF-D3DEM5-F1-model_v4.pdb
0.714722374329029,0.325886612524233,0.683008806557591,0.105641881754941,0.291744385113287,0.175760095340368,0.655604865219437,24.9315895372233,scoring/dir_001/AF-D3KFR7-F1-model_v4.pdb
0.761455271312026,0.618473226660441,0.604932627516127,0.116277225651884,0.684171685932042,0.409620812834121,0.662092207542901,3.4954954954955,scoring/dir_001/AF-D3KFS5-F1-model_v4.pdb
0.792197445074252,0.422615821489662,0.768346774708603,0.1367660029066,0.251846224944082,0.212765377073833,0.624630230129796,24.4105263157895,scoring/dir_001/AF-D3KFU4-F1-model_v4.pdb
0.800328787063329,0.541512486615546,0.74305487882784,0.149250649866552,0.456632380555473,0.275979276110834,0.613721224459294,10.8834355828221,scoring/dir_001/AF-D3KZG2-F1-model_v4.pdb
0.839641000148778,0.47888274245577,0.844300765124934,0.157723888999142,0.237199493617452,0.201194131410684,0.6070807255739,39.4497206703911,scoring/dir_001/AF-D3NQ90-F1-model_v4.pdb
0.933480835496269,0.658790686292559,0.562496443518508,0.123303846184427,0.485420317544245,0.341747197086662,0.471719629527528,4.17333333333333,scoring/dir_001/AF-D3NQ91-F1-model_v4.pdb
0.778050634750564,0.409387912939825,0.758264763222569,0.122834920984372,0.292867982661788,0.188751437542442,0.636440761251308,22.925641025641,scoring/dir_001/AF-D3NQ92-F1-model_v4.pdb
0.894397279365611,0.443003451158045,0.88597647887092,0.151122581147207,0.414921084773035,0.170898243821962,0.529836941266571,28.904958677686,scoring/dir_001/AF-D3NQ99-F1-model_v4.pdb
0.887080454061131,0.44674459257281,0.847237254502713,0.129815073754032,0.315646669244441,0.172108313818318,0.592483260129868,28.4038461538462,scoring/dir_001/AF-D3NQA8-F1-model_v4.pdb
0.979425485349108,0.658642658158162,0.942287309154677,0.161301152034028,0.368613808892986,0.211883789123943,0.491664918980746,14.4513888888889,scoring/dir_001/AF-D3NQB1-F1-model_v4.pdb
0.824604058526029,0.505275624946733,0.813050231533185,0.1632282693473,0.309447626383009,0.227333663856095,0.589778306118969,21.5016722408027,scoring/dir_001/AF-D3NQB2-F1-model_v4.pdb
0.965030557033775,0.641963080812774,0.898339037210126,0.223476949001213,0.524101993149452,0.27116134125511,0.434553875314982,11.6029411764706,scoring/dir_001/AF-D3NQB6-F1-model_v4.pdb
0.726458686752809,0.506841517747942,0.652264467852309,0.101116292879423,0.418432402200534,0.279505325471277,0.686060602144103,8.66086956521739,scoring/dir_001/AF-D3NQB7-F1-model_v4.pdb
1.17504464141169,0.910075763354978,1.08686477075687,0.227217829847958,0.509665482330609,0.2526847027238,0.318111780185921,8.05494505494506,scoring/dir_001/AF-D3TDG8-F1-model_v4.pdb
1.06284286339111,0.726694112902898,0.993330767838621,0.190679165383614,0.324115731017731,0.220651796775516,0.452052047442268,11.6024844720497,scoring/dir_001/AF-D3TDG9-F1-model_v4.pdb
0.953318211380766,0.500751240158543,0.877793681753158,0.145543484141939,0.530277985056244,0.174951026754513,0.477818294364907,21.6292134831461,scoring/dir_001/AF-D3YT38-F1-model_v4.pdb
1.18992223514845,0.920527331806589,1.0039032945647,0.305269599239321,0.259001015045969,0.346585968515376,0.34305101980562,7.41558441558442,scoring/dir_001/AF-D3YT47-F1-model_v4.pdb
1.06855713922103,0.718674587405451,0.887390431980622,0.214048724199647,0.574470349626091,0.317818274317151,0.437624636272244,7.13333333333333,scoring/dir_001/AF-D3YT51-F1-model_v4.pdb
0.901680057940294,0.491232110566622,0.84485934415733,0.14148869149052,0.387249174988761,0.187729256233255,0.538352472014821,20.8852867830424,scoring/dir_001/AF-D3YT87-F1-model_v4.pdb
0.749036705826643,0.415081189046671,0.742922271991814,0.133067639425442,0.232504200092734,0.198900462611642,0.658062846891299,38.5673289183223,scoring/dir_001/AF-D3YTA1-F1-model_v4.pdb
0.594081980828012,0.318164240296691,0.539454594333332,0.0729282628710615,0.477384028268275,0.198431358216905,0.716033412273867,16.3839779005525,scoring/dir_001/AF-D4PH98-F1-model_v4.pdb
0.557087847094779,0.367294182629438,0.383041166123975,0.0553806087797277,0.598936239971506,0.323185099185295,0.748292961965213,3.74509803921569,scoring/dir_001/AF-D4YW54-F1-model_v4.pdb
0.730312421463177,0.413446620917073,0.647060655659824,0.0898083012403334,0.443283096189756,0.203994652984591,0.674734210330056,13.7350157728707,scoring/dir_001/AF-D4YWC8-F1-model_v4.pdb
0.958971358477236,0.629515580114634,0.870402059151205,0.17085615043308,0.479681552740058,0.250163102018238,0.501285775474404,10.5149253731343,scoring/dir_001/AF-D5MCN7-F1-model_v4.pdb
0.574544647425816,0.352963679752911,0.532707268797884,0.0918658439419151,0.382904004683452,0.247639988677123,0.770738570372309,11.9967532467532,scoring/dir_001/AF-D5MCP7-F1-model_v4.pdb
0.675322863766175,0.490599059980935,0.426165296198483,0.0506300172682814,0.816937682134997,0.311156949640101,0.709467219337965,6.8994708994709,scoring/dir_001/AF-D5SGZ9-F1-model_v4.pdb
0.659806287281668,0.345922419915502,0.647703440849578,0.096619810452705,0.291482739390556,0.177754797170067,0.705395887723951,29.6103603603604,scoring/dir_001/AF-D5SH01-F1-model_v4.pdb
0.545090901654107,0.282644892330505,0.477998671544113,0.0806813579282267,0.283426941592806,0.219006016386665,0.743058111494451,22.6327868852459,scoring/dir_001/AF-D6RYD3-F1-model_v4.pdb
1.29336433074834,0.915539272810951,1.22229694157321,0.259971306119233,0.454112877990108,0.20871122810744,0.31987911418739,24.6238532110092,scoring/dir_001/AF-D6RYD9-F1-model_v4.pdb
0.821209961686456,0.449326925630941,0.807188252771862,0.144402449661304,0.335566048982855,0.198557910462057,0.591701786557055,19.3154929577465,scoring/dir_001/AF-D6RYE0-F1-model_v4.pdb
0.808189999356295,0.517910728971417,0.406978218239417,0.136636444453556,0.348097709279156,0.370800950525928,0.619629155215876,5.48872180451128,scoring/dir_001/AF-D6VP97-F1-model_v4.pdb
0.437288121962536,0.326749698846564,0.334380146729979,0.0324410246078719,0.66442390256666,0.333644452544919,0.835160442161129,3.59243697478992,scoring/dir_001/AF-D7SFL5-F1-model_v4.pdb
0.899601231100543,0.681502210610332,0.78556747291124,0.112741524166427,0.721651575690731,0.263919306235016,0.581356732131705,7.49484536082474,scoring/dir_001/AF-D7SFL7-F1-model_v4.pdb
0.766209244646692,0.410586455694538,0.700987140308087,0.108596348626558,0.275381270479636,0.202699917416456,0.602658552706437,15.3101265822785,scoring/dir_001/AF-D7SFL8-F1-model_v4.pdb
0.56296509016379,0.446418046680082,0.375031615430614,0.0412799467789136,0.736396819608206,0.387185707442232,0.779847455470383,3.53763440860215,scoring/dir_001/AF-D7SFL9-F1-model_v4.pdb
0.46387477546048,0.367214621446622,0.367346286882604,0.0419048880865124,0.658893032117142,0.37381309845324,0.829608802230174,3.63681592039801,scoring/dir_001/AF-D7SFM2-F1-model_v4.pdb
0.622503355777329,0.505802131941994,0.509051592475566,0.0750659383407484,0.733440640686719,0.381191643196375,0.771938127886287,3.63,scoring/dir_001/AF-D7SFN3-F1-model_v4.pdb
0.840457112780061,0.646306816366886,0.255555816388839,0.0440379706097092,0.916683662778858,0.413955412186214,0.585128270733095,3.49425287356322,scoring/dir_001/AF-D7SFQ0-F1-model_v4.pdb
0.987932095779981,0.534950462527028,0.911775298003083,0.147218722159889,0.307809076683195,0.179703714341453,0.490892047927948,22.6747311827957,scoring/dir_001/AF-D8FRP3-F1-model_v4.pdb
0.890419870634523,0.427012625219865,0.831341589218259,0.129849875198747,0.331379938821275,0.17076719836064,0.560051417134727,30.5498981670061,scoring/dir_001/AF-D8FRP4-F1-model_v4.pdb
0.96699605255231,0.612458832916697,0.864627811038579,0.132366738500187,0.552230353725416,0.205838449429037,0.515990023918878,13.5812807881773,scoring/dir_001/AF-D8FRQ0-F1-model_v4.pdb
0.494608035039499,0.365714701292418,0.260240748041147,0.0324592551667419,0.814865818450535,0.392145002576018,0.795182601243779,3.54358974358974,scoring/dir_001/AF-D9N127-F1-model_v4.pdb
0.533190264322406,0.347149246581467,0.39790435745101,0.118074354031059,0.532748553248544,0.379916932509667,0.693545582549498,7.01418439716312,scoring/dir_001/AF-D9N128-F1-model_v4.pdb
0.877425345143636,0.453626162049282,0.840421434136683,0.146756130525521,0.294343499471009,0.176925829227929,0.545203924685694,17.0691489361702,scoring/dir_001/AF-D9N149-F1-model_v4.pdb
0.564560578943106,0.293326466348714,0.538016880271082,0.0851991386064082,0.333868304169652,0.197319169588548,0.745456674047281,18.1057142857143,scoring/dir_001/AF-D9PTP0-F1-model_v4.pdb
0.872872928690213,0.611589534221231,0.809760642881759,0.152712850944073,0.432368560751776,0.261729768863661,0.603808168310633,18.578125,scoring/dir_001/AF-D9PTP3-F1-model_v4.pdb
0.626170647395066,0.38819902260844,0.492884905030095,0.0814502722514585,0.348985561937484,0.265736441515531,0.710417299600701,17.049853372434,scoring/dir_001/AF-D9PTP8-F1-model_v4.pdb
0.731504242561744,0.557388928594463,0.397374337432888,0.0937307336233883,0.849876641382772,0.420681347714641,0.582553101531967,3.47945205479452,scoring/dir_001/AF-E0AHA5-F1-model_v4.pdb
0.534614442695606,0.379389248423765,0.397323964544646,0.0895227027298783,0.640786823296696,0.385092457267592,0.751876035906066,3.61764705882353,scoring/dir_001/AF-E0AHA6-F1-model_v4.pdb
0.867423769527109,0.512021526136719,0.763358788067706,0.139068073205562,0.400452197008614,0.214453097408049,0.518848731642255,18.101083032491,scoring/dir_001/AF-E0AHB5-F1-model_v4.pdb
0.671346035556773,0.352097481067984,0.625146737073943,0.0977689711296064,0.328973472594604,0.201367352066642,0.666550739071029,22.9333333333333,scoring/dir_001/AF-E0AHC0-F1-model_v4.pdb
0.736613783177689,0.456797509786528,0.637799152565719,0.0906016466234218,0.397137441095906,0.222987920220698,0.642963620323127,11.9632653061224,scoring/dir_001/AF-E0AHC5-F1-model_v4.pdb
1.01539821260348,0.551003511450811,1.00446460300512,0.19050114504541,0.329603893234507,0.179393224037712,0.46910366629042,38.658371040724,scoring/dir_001/AF-E0AHC8-F1-model_v4.pdb
1.16883998066128,0.818063985916792,1.08864396045048,0.238502390617842,0.595596462845884,0.242948246651496,0.393959634050175,20.3207547169811,scoring/dir_001/AF-E0AHD5-F1-model_v4.pdb
0.639759149095027,0.370185170054149,0.632921018414831,0.10512936121238,0.260663513457942,0.198509476597893,0.731582856437796,43.586592178771,scoring/dir_001/AF-E0AHD6-F1-model_v4.pdb
0.641845403096106,0.479110410170271,0.354230393420191,0.0816438213815713,0.681810258004685,0.406799369371663,0.633547633476011,3.51578947368421,scoring/dir_001/AF-E0AHE1-F1-model_v4.pdb
0.550672981279738,0.383785758081976,0.155835759992827,0.0336411748445228,0.906821681851126,0.401961148181135,0.694311894342806,3.48780487804878,scoring/dir_001/AF-E0R7K2-F1-model_v4.pdb
1.00093826039282,0.684174549508237,0.780907785018733,0.152988444228512,0.510050183096352,0.27441798459015,0.493446186817166,7.55696202531646,scoring/dir_001/AF-E0R7K9-F1-model_v4.pdb
0.841824542678235,0.521328182559243,0.820685233940331,0.160580811633552,0.408110311564296,0.220889142461784,0.575298427524958,15.6808510638298,scoring/dir_001/AF-E0R7L7-F1-model_v4.pdb
0.867312440238588,0.534893909999503,0.852504718055351,0.144390361523365,0.265441359131601,0.203270798164587,0.606832064353959,30.4134275618375,scoring/dir_001/AF-E1B6Q6-F1-model_v4.pdb
0.782520439139999,0.359381718668046,0.73448594130896,0.112789128995387,0.331208488548995,0.169673311416717,0.606257331478001,24.3838951310861,scoring/dir_001/AF-E1B6Q7-F1-model_v4.pdb
0.587831732350231,0.35851131200283,0.488235083956919,0.0845214338524678,0.307533533665597,0.263162852523686,0.726435803726961,20.6472222222222,scoring/dir_001/AF-E1B6R5-F1-model_v4.pdb
0.43786480931881,0.295091261647434,0.365843633713934,0.0585609760903977,0.377349277465546,0.30841016211739,0.814955721706657,9.9646017699115,scoring/dir_001/AF-E1B6R8-F1-model_v4.pdb
0.949506325514872,0.565756206117588,0.92805231153181,0.17108904095415,0.408280315400437,0.195551811020405,0.49485973664864,24.0874125874126,scoring/dir_001/AF-E1B6T8-F1-model_v4.pdb
0.788726755799905,0.473093786786039,0.787756655408472,0.149069963074972,0.298040709199405,0.21512217087295,0.632233679615104,30.3510638297872,scoring/dir_001/AF-E1NZ06-F1-model_v4.pdb
1.00305210114045,0.550192507676811,0.957573215752942,0.164781072886401,0.466188151314292,0.176453971869593,0.442552633586087,30.1242424242424,scoring/dir_001/AF-E2JL03-F1-model_v4.pdb
1.12376315274302,0.80812777484624,0.990342479772906,0.184537219415232,0.506785574447461,0.224348601043833,0.35088933595792,11,scoring/dir_001/AF-E2JL07-F1-model_v4.pdb
0.501437293925205,0.292314297924641,0.467833244669452,0.0690476653184134,0.357234148345787,0.226405598859028,0.782909913099447,17.2989323843416,scoring/dir_001/AF-E3CTG5-F1-model_v4.pdb
0.51941424440749,0.305415685073624,0.491933138365604,0.0728518874822005,0.324069402596476,0.22047670082937,0.780610115647032,20.725,scoring/dir_001/AF-E3CTG6-F1-model_v4.pdb
0.678301803813177,0.363072843491138,0.676617856224837,0.112780907300035,0.253960550796627,0.189158788562817,0.705394739277121,30.804347826087,scoring/dir_001/AF-E3CTG7-F1-model_v4.pdb
0.439972867975488,0.33226252434907,0.205216610850602,0.0149632689899255,0.925035940847544,0.388270485106583,0.838886295464623,3.49596774193548,scoring/dir_001/AF-E3CTH0-F1-model_v4.pdb
0.516146858339771,0.330726134181331,0.385906700238571,0.042145812560097,0.72711267018643,0.296115978817941,0.762651318051499,3.51980198019802,scoring/dir_001/AF-E3CTH4-F1-model_v4.pdb
0.693279294863573,0.553070491589727,0.500120646890565,0.0909643539763236,0.708550895488393,0.403716925185374,0.676144925476007,3.48275862068966,scoring/dir_001/AF-E3W727-F1-model_v4.pdb
0.608969075814705,0.335342751288206,0.582817596446067,0.089245013150451,0.361251315162342,0.20886179710785,0.743414064990508,16.33125,scoring/dir_001/AF-E3W730-F1-model_v4.pdb
0.813485252621994,0.446905841043957,0.759654839476629,0.107901438035075,0.530585402000818,0.176974575668593,0.601274899366685,20.1078167115903,scoring/dir_001/AF-E4MYG2-F1-model_v4.pdb
0.658385002994211,0.350138199640701,0.658770912762548,0.120528009829392,0.24910063012013,0.197554897555384,0.709464436773451,29.9913544668588,scoring/dir_001/AF-E5QCE4-F1-model_v4.pdb
0.595407622053338,0.323860499429913,0.59107531462927,0.0973005275173736,0.263533029612212,0.191173787392336,0.746241835876449,28.8674698795181,scoring/dir_001/AF-E5QCE5-F1-model_v4.pdb
0.52431654619443,0.385040884563753,0.419696427348138,0.056810445473587,0.620549503694659,0.343499269309187,0.782678036623039,3.78645833333333,scoring/dir_001/AF-E5QCE6-F1-model_v4.pdb
0.675253055681743,0.500536755344641,0.534566402106891,0.0771462104093816,0.619294362081077,0.336834127532169,0.710205248443944,4.48905109489051,scoring/dir_001/AF-E5QCF7-F1-model_v4.pdb
1.10250859938347,0.739479285628981,0.991516590558671,0.189929295907508,0.419193958723243,0.223375650461183,0.349376593507268,10.9066666666667,scoring/dir_001/AF-E5QCG3-F1-model_v4.pdb
0.609367077278869,0.351733712705451,0.592312326492661,0.0885943174539861,0.304950149566512,0.211193259143436,0.754207933495113,41.1678832116788,scoring/dir_001/AF-E5QCG5-F1-model_v4.pdb
0.685171817892009,0.38781709629471,0.644284945069472,0.123823791118942,0.332815780101769,0.231057930297478,0.664157245479635,16.611801242236,scoring/dir_001/AF-E5QCJ3-F1-model_v4.pdb
0.544574655699844,0.399100752343296,0.242611684976428,0.050360907107238,0.857233877230672,0.409466974132455,0.674753443796332,3.49122807017544,scoring/dir_001/AF-E6N0U6-F1-model_v4.pdb
0.862329482423334,0.471407800749315,0.860888149282362,0.15394041543054,0.257616400452534,0.189419025352854,0.601597592757464,37.7619047619048,scoring/dir_001/AF-E6N0U7-F1-model_v4.pdb
0.387067764338419,0.270308174699222,0.277757908392478,0.0280475377032133,0.680912723928622,0.312493892705899,0.850500662319478,6.19434628975265,scoring/dir_001/AF-E7EM24-F1-model_v4.pdb
0.596320685916584,0.443787442460951,0.335143470448224,0.0430834386823945,0.859190955679653,0.391475232697369,0.725193891612221,3.53191489361702,scoring/dir_001/AF-E7EM27-F1-model_v4.pdb
1.02831744557729,0.629502398798528,0.792115396665987,0.16663853368681,0.524316967646176,0.277800624948578,0.415796642892704,6.96078431372549,scoring/dir_001/AF-E7EM32-F1-model_v4.pdb
0.876092535639999,0.572207148449229,0.867430398544751,0.155016527093756,0.364336205361513,0.222332937992877,0.590744001116221,22.3333333333333,scoring/dir_001/AF-E7EM33-F1-model_v4.pdb
0.575522711374004,0.366346223992774,0.529391700521495,0.0791904481233471,0.45387585617471,0.244184265759085,0.769254785637157,10.4718614718615,scoring/dir_001/AF-E8MDW0-F1-model_v4.pdb
0.742349814867387,0.403824123449193,0.678791753470201,0.101049918662834,0.338786160351615,0.192815893631751,0.643906098685944,16.5164473684211,scoring/dir_001/AF-E8MDW2-F1-model_v4.pdb
0.365362245238173,0.27034112694765,0.275172277225526,0.0247117988657478,0.769358223759114,0.336417566652516,0.878904843312542,4.4025974025974,scoring/dir_001/AF-E9P841-F1-model_v4.pdb
1.25100898025329,0.919940851995228,1.11768659057798,0.238017440871851,0.557716308914635,0.21495495636263,0.250730075282145,23.4495412844037,scoring/dir_001/AF-E9P843-F1-model_v4.pdb
0.781506201101965,0.659648474415948,0.722455254255067,0.144770546995095,0.44363222673722,0.398878513951766,0.718979098761547,3.49411764705882,scoring/dir_001/AF-E9P894-F1-model_v4.pdb
1.24798318669176,1.05816591328376,1.1958605537772,0.290406696308844,0.49491670313891,0.269188411721827,0.246795442386351,11.4032258064516,scoring/dir_001/AF-E9P8A2-F1-model_v4.pdb
0.829823863109377,0.553251986430657,0.786898398407802,0.12258827657672,0.288076291605209,0.227009332292149,0.651372745257019,11.2992700729927,scoring/dir_001/AF-E9P8A8-F1-model_v4.pdb
0.467533275862952,0.380749972055288,0.392314525893591,0.0429202122651462,0.784223669086822,0.377492383922865,0.856315354909107,3.51851851851852,scoring/dir_001/AF-F0IWS5-F1-model_v4.pdb
1.11331309091778,0.815185811697705,0.987275364518965,0.201629751024403,0.616869914256374,0.24664239758717,0.310952036323613,9.96694214876033,scoring/dir_001/AF-F1LIL8-F1-model_v4.pdb
0.758987851516043,0.347462180454142,0.709175847244274,0.101602474837103,0.339994333540939,0.167623020544113,0.622853293865479,24.173285198556,scoring/dir_001/AF-F1LIM2-F1-model_v4.pdb
1.14214671668752,0.860377192520407,1.13663644489046,0.290342637286542,0.324768890407481,0.291478175226998,0.431059454413013,11.5149700598802,scoring/dir_001/AF-F1LIN1-F1-model_v4.pdb
0.799104967094381,0.552317980396442,0.719939007527836,0.0977345870522731,0.438691831894824,0.231451103767899,0.669009600156913,8.49032258064516,scoring/dir_001/AF-F1LIN3-F1-model_v4.pdb
0.723939800350393,0.426553075482696,0.658947672523483,0.0917851173854368,0.457808351838927,0.210924030912473,0.655264049578415,13.7731092436975,scoring/dir_001/AF-F3NWW6-F1-model_v4.pdb
0.841279069500869,0.712014894534931,0.610414202587075,0.149839857232839,0.632867908534468,0.431540566518283,0.537069009355384,3.49315068493151,scoring/dir_001/AF-F3Y5P1-F1-model_v4.pdb
0.680108715986474,0.39394959737342,0.640091148803105,0.0918748329333026,0.312965796489077,0.207227117254354,0.70532230482624,21.7507507507508,scoring/dir_001/AF-F3Y5P2-F1-model_v4.pdb
0.68994719132381,0.501926216897066,0.612329745492856,0.0966079598519484,0.490068449139739,0.293674215257337,0.714977524927347,8.28571428571429,scoring/dir_001/AF-F3Y5Q6-F1-model_v4.pdb
0.766110247006097,0.361540463976305,0.743224879956076,0.123774293136202,0.206605187022691,0.180217161037114,0.62344061410087,30.8592592592593,scoring/dir_001/AF-F5GU36-F1-model_v4.pdb
0.704653249366337,0.34174593474563,0.648763042416645,0.098738459983316,0.389309495733695,0.191473336095732,0.633694774743276,17.9376344086022,scoring/dir_001/AF-F5GU44-F1-model_v4.pdb
0.808919966865819,0.634672700990717,0.480450096775122,0.0948188953700059,0.718758201872874,0.378538372615659,0.531088511342504,3.71264367816092,scoring/dir_001/AF-F5GU53-F1-model_v4.pdb
0.987147045676532,0.523817246282686,0.982494698250351,0.179385511334357,0.317534121123498,0.171146155012344,0.460850840949966,51.1210653753027,scoring/dir_001/AF-F5GU58-F1-model_v4.pdb
0.662931396295709,0.52552094070265,0.557265567840085,0.0764498397762639,0.724916874334224,0.35208320722115,0.750961906962796,3.54545454545455,scoring/dir_001/AF-F5GU89-F1-model_v4.pdb
0.497877841688334,0.264846149354436,0.463443440731462,0.065286410103349,0.367275713535128,0.195593462167262,0.774251363191003,16.2660256410256,scoring/dir_001/AF-F5GU90-F1-model_v4.pdb
0.798942862503603,0.434289889910331,0.727410955343434,0.105784243514433,0.266517115428821,0.193914047526209,0.585560290342246,17.1833333333333,scoring/dir_001/AF-F5GU99-F1-model_v4.pdb
0.793320080870034,0.380990768908349,0.724686428495288,0.106123405887898,0.339631362295323,0.174943023442051,0.61166813569346,22.3533487297921,scoring/dir_001/AF-F5GUA0-F1-model_v4.pdb
0.297570316730207,0.231317865129263,0.203077690530748,0.0216519884027606,0.671054989592586,0.382003366695236,0.896721598465416,3.54887218045113,scoring/dir_001/AF-F5GUF1-F1-model_v4.pdb
0.544101861066484,0.417913840204165,0.321113610958834,0.0492998634544377,0.818554715426301,0.398794258929381,0.735971373801408,3.48611111111111,scoring/dir_001/AF-F5GUF3-F1-model_v4.pdb
0.748885394064744,0.407902343576495,0.679453782896847,0.0984655809373316,0.361974312195227,0.194981735067405,0.644971304442491,20.2899022801303,scoring/dir_001/AF-F5GUF5-F1-model_v4.pdb
0.766894024574665,0.480398346247679,0.690142482807695,0.109078902958236,0.56260212372132,0.226925953657895,0.618413830315822,15.1328671328671,scoring/dir_001/AF-F5GUF7-F1-model_v4.pdb
0.564956423582854,0.390029420970507,0.468249282195252,0.0609858478040735,0.593210126835284,0.290678585142248,0.75875486655131,5.19548872180451,scoring/dir_001/AF-F5GUG4-F1-model_v4.pdb
1.02413997363632,0.653538237092235,0.968246490862898,0.19788691739621,0.296875337187639,0.218272384235229,0.434583300713009,16.7088607594937,scoring/dir_001/AF-F5GUH3-F1-model_v4.pdb
0.737720488311695,0.5787254011739,0.545514844690602,0.10231454916184,0.715387470911639,0.407816842346725,0.668761688604166,3.47368421052632,scoring/dir_001/AF-F8Y421-F1-model_v4.pdb
0.805590411908631,0.598227093019523,0.581709886645304,0.087789619041977,0.822715345662789,0.304547278564606,0.645925690849965,4.92592592592593,scoring/dir_001/AF-F8Y422-F1-model_v4.pdb
1.12869214408102,0.802342940571861,0.766550373169051,0.147465910319289,0.654125367121113,0.263457167777142,0.360010023067801,8.90298507462687,scoring/dir_001/AF-F8Y423-F1-model_v4.pdb
0.645975529393562,0.455660540289052,0.525137093003811,0.0831357879809259,0.555306839005507,0.299946302316619,0.686414355040095,4.57851239669422,scoring/dir_001/AF-F9UKU4-F1-model_v4.pdb
0.900137257886468,0.584907975710356,0.881694420054178,0.17986948958977,0.358933408345215,0.229147108913672,0.534951271695403,14.4848484848485,scoring/dir_001/AF-G1K0U6-F1-model_v4.pdb
0.535417745630189,0.436013010979131,0.425134158123824,0.0560008333166608,0.722624921761395,0.393203252829151,0.805010690203941,3.47058823529412,scoring/dir_001/AF-G1K0U8-F1-model_v4.pdb
0.817249124279775,0.445900301948726,0.797888186628132,0.148557329768394,0.418118179781645,0.201759427471181,0.592277475319147,26.7025,scoring/dir_001/AF-G1K0V8-F1-model_v4.pdb
0.772027682226797,0.415398028524356,0.774477783544996,0.151174963343793,0.235167070410552,0.20688049029549,0.648353854786978,24.8870967741935,scoring/dir_001/AF-G1K0W0-F1-model_v4.pdb
0.659129200391465,0.47265712515989,0.300708300850564,0.0683578080912703,0.794651064836871,0.409942158470925,0.645504588313788,3.49462365591398,scoring/dir_001/AF-G1K0X2-F1-model_v4.pdb
1.07333169911573,0.629186297544481,1.07513628861435,0.20140681057503,0.317802309639744,0.176795266978682,0.418395150907673,22.3439306358381,scoring/dir_001/AF-G1K0Y9-F1-model_v4.pdb
0.836610518014797,0.594474620321705,0.230432815097089,0.0567520781081757,0.934672980929199,0.414196558275357,0.566516584169349,3.47887323943662,scoring/dir_001/AF-G1K0Z8-F1-model_v4.pdb
0.749171551611702,0.356878772894544,0.748133671737318,0.136244489514348,0.288926856496495,0.181941412206434,0.625557537905489,27.9696428571429,scoring/dir_001/AF-G1K110-F1-model_v4.pdb
0.55142320688405,0.407695085013958,0.35012059527669,0.065357381415647,0.757590923522165,0.401716120243241,0.707935021318239,3.48739495798319,scoring/dir_001/AF-G1K112-F1-model_v4.pdb
1.03128311768722,0.694518962075506,0.969347767801077,0.170092832898007,0.428230425990958,0.218951371686748,0.440372709935077,11.2645161290323,scoring/dir_001/AF-G2HJZ4-F1-model_v4.pdb
1.01305939374113,0.659152870184856,0.926323789672563,0.155194888530875,0.319359513919093,0.219607452198318,0.517375593286868,16.2053231939164,scoring/dir_001/AF-G2HJZ5-F1-model_v4.pdb
0.555761769601691,0.295862296430909,0.521791382567462,0.0883329087137519,0.361047050444746,0.216599652225451,0.741893018083762,13.1897810218978,scoring/dir_001/AF-G2HK11-F1-model_v4.pdb
0.508304219151311,0.292468378155567,0.485915994754608,0.0745652480456731,0.377465081165248,0.216006476638074,0.791700147238866,17.0302114803625,scoring/dir_001/AF-G2HK16-F1-model_v4.pdb
0.747451238555468,0.491127249615139,0.669233541799168,0.0947682125046554,0.436890236083469,0.232589663111929,0.680745543646673,11.9108910891089,scoring/dir_001/AF-G3MTW9-F1-model_v4.pdb
0.353048152027131,0.260363322238608,0.144999321692147,0.0113048469292473,0.944851980919772,0.382699759155191,0.851142888244119,3.49820788530466,scoring/dir_001/AF-G3MTX4-F1-model_v4.pdb
0.991718473634966,0.63177144837811,0.913684970529733,0.156711207724633,0.389374399753095,0.212358752026473,0.48950097657428,15.0127659574468,scoring/dir_001/AF-G3MTX6-F1-model_v4.pdb
0.993732319819609,0.60051671477858,0.839878657346718,0.127601121779428,0.518293489658943,0.20150538521688,0.471219089005396,10.5185185185185,scoring/dir_001/AF-G3MTX8-F1-model_v4.pdb
0.554376524057813,0.41787933261638,0.386184619049861,0.0646303591777932,0.644066246910809,0.378733121220278,0.713708901434873,3.51127819548872,scoring/dir_001/AF-G3MTX9-F1-model_v4.pdb
1.19281870486302,0.974933628052864,1.0704257908009,0.216065339106713,0.460475002713745,0.256812551610239,0.312842822016266,11.3571428571429,scoring/dir_001/AF-G3MTY0-F1-model_v4.pdb
0.571706524598991,0.366870837463839,0.538331474986546,0.0975809399869495,0.358428402520585,0.276479419367141,0.777432854914625,9.51666666666667,scoring/dir_001/AF-G3MU17-F1-model_v4.pdb
0.940214468267545,0.528694806913295,0.876173090270763,0.158272170719077,0.49591036913477,0.195310283088507,0.476462262253007,25.1420118343195,scoring/dir_001/AF-G3MU38-F1-model_v4.pdb
0.5776791643282,0.428757470443064,0.382765719215962,0.0865948324772214,0.70998510940718,0.397858967234913,0.690932111842889,3.5,scoring/dir_001/AF-G3MU55-F1-model_v4.pdb
1.15398293984159,0.777927071667022,1.13816520946379,0.243836579301386,0.34216145958892,0.207900948201748,0.345722218919939,22.9943820224719,scoring/dir_001/AF-G4RT17-F1-model_v4.pdb
1.18913350943792,0.874622225013815,1.1928650802767,0.302323341984003,0.35516513964222,0.23151725930457,0.316865812191223,24.1659388646288,scoring/dir_001/AF-G4RV56-F1-model_v4.pdb
1.0246815379174,0.565842798751864,0.996674455768015,0.17258425744406,0.43892089009269,0.178768458493259,0.462375595752553,25.2456647398844,scoring/dir_001/AF-G4RVA5-F1-model_v4.pdb
0.815901816569048,0.599032646506692,0.676015341964845,0.132777807317647,0.45323557713145,0.316903313991726,0.610530555830098,7.42384105960265,scoring/dir_001/AF-G4S035-F1-model_v4.pdb
1.06188317355544,0.598847388229617,1.0385275473505,0.181044080835242,0.321811971409992,0.176559549439201,0.425531266714466,25.5628272251309,scoring/dir_001/AF-G4S0D7-F1-model_v4.pdb
1.01684477119998,0.539321019130601,0.982019477267509,0.169135368547468,0.413533306816587,0.176555699517991,0.449734610544948,23.6123076923077,scoring/dir_001/AF-G4S142-F1-model_v4.pdb
0.516538013082175,0.28287828080636,0.453066026056953,0.0671440463677713,0.356581308477974,0.221538703010788,0.759699658024252,21.9194630872483,scoring/dir_001/AF-G4S708-F1-model_v4.pdb
0.881788303236269,0.572751725221183,0.84221071516688,0.15808002779885,0.32138079783002,0.23115975057047,0.590465531024526,18.2,scoring/dir_001/AF-G4S7A1-F1-model_v4.pdb
0.857736685097882,0.457113246432354,0.777865793509261,0.119852344843828,0.279731843368388,0.188937597990633,0.544492204332494,17.3061797752809,scoring/dir_001/AF-G4S8L2-F1-model_v4.pdb
0.463052918746566,0.328872772167587,0.434873903169576,0.0623872695138113,0.503882908694251,0.281088905039508,0.840180821823479,9.90566037735849,scoring/dir_001/AF-G4SI18-F1-model_v4.pdb
0.955799240301086,0.473148204161853,0.960347187335198,0.173364438396247,0.30875902000268,0.169909579834337,0.50702836884887,46.0468164794007,scoring/dir_001/AF-G4SMX8-F1-model_v4.pdb
0.997478583388816,0.513999701514452,0.980571435196326,0.165502476116063,0.343730836078678,0.168774982164101,0.451575866418853,27.7487562189055,scoring/dir_001/AF-G4SNB8-F1-model_v4.pdb
0.749774439033917,0.488024855953489,0.646064184055843,0.0831269212564602,0.514415697180899,0.232433799216499,0.674045863580992,11.3828828828829,scoring/dir_001/AF-G4SP89-F1-model_v4.pdb
0.640675135508341,0.359760472024014,0.56140369860929,0.0857618512989081,0.37088931605066,0.213622142886493,0.704687667207302,16.1482558139535,scoring/dir_001/AF-G4XR30-F1-model_v4.pdb
0.853607489872954,0.439453397632467,0.857938346063472,0.159725414448591,0.318480526128663,0.186913015353791,0.574878022536687,36.7882352941176,scoring/dir_001/AF-G5EBF3-F1-model_v4.pdb
0.647460894868417,0.347057806135755,0.637909763516674,0.104224036858312,0.327309285926484,0.190174928818162,0.703516494925763,31.4909090909091,scoring/dir_001/AF-G5EBH9-F1-model_v4.pdb
0.720102483021354,0.361858822179505,0.668347505509204,0.105977708211579,0.271397940275247,0.192163649237738,0.622823852230144,21.078125,scoring/dir_001/AF-G5EBI5-F1-model_v4.pdb
0.702142360045959,0.32631389589594,0.644259728502691,0.0850790835154801,0.338800065587263,0.167398293163392,0.646452551987454,21.0855106888361,scoring/dir_001/AF-G5EBI7-F1-model_v4.pdb
0.47740322327378,0.345222976532298,0.209775991523287,0.0292303981516825,0.876754399086674,0.401119665584717,0.7698639170206,3.49707602339181,scoring/dir_001/AF-G5EBK2-F1-model_v4.pdb
0.519148371877202,0.288105886594853,0.45821293803567,0.061192370558733,0.467150379279394,0.2137650880948,0.770388749300699,11.9298701298701,scoring/dir_001/AF-G5EBS0-F1-model_v4.pdb
0.866847225610714,0.409049529083777,0.795284412668368,0.121893017123789,0.53724475432946,0.160173019816454,0.544631451426537,36.4725085910653,scoring/dir_001/AF-G5EBV3-F1-model_v4.pdb
0.916298768621154,0.437592027468356,0.911361288948876,0.158433377878873,0.346998198949505,0.159368812209706,0.520646553542649,56.6728778467909,scoring/dir_001/AF-G5EBV4-F1-model_v4.pdb
0.645651949631341,0.432611178123576,0.431202206259586,0.0500743044334045,0.738619080545473,0.305484865824306,0.702931791241438,3.56589147286822,scoring/dir_001/AF-G5EBV5-F1-model_v4.pdb
1.03194369826873,0.653673129424629,1.04193719149726,0.231378990971457,0.25202768401028,0.209813802286084,0.446438851254903,30.5728476821192,scoring/dir_001/AF-G5EBY6-F1-model_v4.pdb
0.79518820884062,0.578627691228986,0.775188326186935,0.205204147978145,0.433631349467777,0.319521479714788,0.623693780279926,9.99473684210526,scoring/dir_001/AF-G5EBZ0-F1-model_v4.pdb
1.00480947188613,0.534828418762243,1.00595672753174,0.189517348109181,0.351422236427354,0.170509384115004,0.45025718388767,51.0405727923628,scoring/dir_001/AF-G5EC10-F1-model_v4.pdb
0.717333934167696,0.550459446307638,0.390098344988626,0.0822957474277216,0.754245397376933,0.40149412395641,0.614066835488427,3.57534246575342,scoring/dir_001/AF-G5EC28-F1-model_v4.pdb
1.03786516095705,0.721582387591062,0.989444061482078,0.207932568873968,0.391004072358831,0.245936998369309,0.42514903973836,12.9957446808511,scoring/dir_001/AF-G5EC68-F1-model_v4.pdb
0.636127035726998,0.30933204683817,0.585894057407105,0.0902360010196603,0.26640112867215,0.190271967445883,0.690305275204825,19.1645569620253,scoring/dir_001/AF-G5EC83-F1-model_v4.pdb
0.891244657135879,0.455670139518946,0.824274901620561,0.125129094974032,0.397695011531048,0.176853544429436,0.541828449907488,20.7937853107345,scoring/dir_001/AF-G5EC92-F1-model_v4.pdb
0.996207269345438,0.551962794507027,0.937388696494896,0.156773873533505,0.466805695515776,0.18149375012693,0.451896444810993,25.6685393258427,scoring/dir_001/AF-G5ECA7-F1-model_v4.pdb
0.685235630111679,0.490163142515121,0.627623104795275,0.100483396058275,0.435634129967316,0.273702830499622,0.727586526827852,9.09,scoring/dir_001/AF-G5ECA8-F1-model_v4.pdb
0.702892462569647,0.497075989132358,0.610155585905482,0.10616721998175,0.515613904514029,0.302309822080613,0.706989347070557,8.23417721518987,scoring/dir_001/AF-G5ECC1-F1-model_v4.pdb
0.925455801358659,0.577568543663186,0.841263507917409,0.154412719504603,0.318873524129056,0.232648552634629,0.543352727321878,15.9512195121951,scoring/dir_001/AF-G5ECC6-F1-model_v4.pdb
0.664798578400316,0.378949212532472,0.577766590099101,0.0920214589683295,0.305332771358022,0.229180524087901,0.679588136607245,13.7091988130564,scoring/dir_001/AF-G5ECH4-F1-model_v4.pdb
0.511460007130578,0.311919305787094,0.495688214141173,0.082153574579937,0.349971131867471,0.231225863775561,0.797321949449721,13.0668789808917,scoring/dir_001/AF-G5ECJ2-F1-model_v4.pdb
0.826653140314795,0.490325079640173,0.788608946077494,0.131391641233382,0.393345365659748,0.206450928500421,0.593728933046311,14.1720779220779,scoring/dir_001/AF-G5ECL9-F1-model_v4.pdb
1.03940903369523,0.5959277070881,1.03499172820215,0.208333290534671,0.273924761595834,0.191195857055697,0.453042798980791,27.4624277456647,scoring/dir_001/AF-G5ECM9-F1-model_v4.pdb
0.898687971939447,0.502764688742977,0.88207815272528,0.168123817049672,0.363863924600847,0.195392145181689,0.51973349512259,27.4695340501792,scoring/dir_001/AF-G5ECR7-F1-model_v4.pdb
1.15204190037548,0.743727760211558,1.0739847795961,0.196489659169214,0.340244155693102,0.189224988356923,0.355824485593515,17.5178571428571,scoring/dir_001/AF-G5ECS5-F1-model_v4.pdb
0.811736555399187,0.658863664560825,0.616344714922914,0.10208529263637,0.602826462159984,0.380700350659569,0.694261164119245,3.82716049382716,scoring/dir_001/AF-G5ECT6-F1-model_v4.pdb
0.722624209604901,0.349616947429191,0.669982557675652,0.105971212111934,0.386140029668094,0.18421632446726,0.631432633728446,19.5929648241206,scoring/dir_001/AF-G5ECU1-F1-model_v4.pdb
1.01178385454049,0.763974261104117,0.738600770914195,0.168588007989478,0.597476233297553,0.351671260970751,0.48416211772724,4.12307692307692,scoring/dir_001/AF-G5ECW2-F1-model_v4.pdb
0.899763597913094,0.490694528028496,0.860436802656911,0.139202133075928,0.282641779106716,0.176425138391499,0.558130908327284,24.6571428571429,scoring/dir_001/AF-G5ECW5-F1-model_v4.pdb
0.957643938036423,0.55745043923142,0.948113980141103,0.206439671779986,0.412894400314681,0.207509354907026,0.466746140729327,37.8,scoring/dir_001/AF-G5ED35-F1-model_v4.pdb
0.951071959156514,0.580676652221015,0.927738247141859,0.164901956557421,0.366954204094518,0.203175172417083,0.536241757098624,21.6164874551971,scoring/dir_001/AF-G5ED56-F1-model_v4.pdb
0.873891019414346,0.660578565371658,0.657854153639128,0.0932504634108859,0.681610433450964,0.301955934775007,0.587440293104435,6.79245283018868,scoring/dir_001/AF-G5ED59-F1-model_v4.pdb
1.02277026881446,0.535438678370752,1.02516023743555,0.195968602139718,0.333051738428628,0.178049390577442,0.447446802988572,31.6455399061033,scoring/dir_001/AF-G5ED79-F1-model_v4.pdb
0.396625975967842,0.315092513715071,0.326606919403883,0.0436329509122574,0.727180422139165,0.381057405584083,0.868710399336588,3.49342105263158,scoring/dir_001/AF-G5ED94-F1-model_v4.pdb
0.85002009868451,0.642175867290955,0.709453256021108,0.140573063062501,0.4514154579671,0.320378925842146,0.599146571365191,7.04929577464789,scoring/dir_001/AF-G5EDA6-F1-model_v4.pdb
0.853973116074391,0.419282166195307,0.80375740733895,0.128079762678382,0.325117188171154,0.174369820472415,0.575331938882914,32.6143617021277,scoring/dir_001/AF-G5EDB0-F1-model_v4.pdb
0.840739013443534,0.397010914066954,0.785107998012329,0.116214190788241,0.483131351242745,0.16192812719992,0.572261869311202,32.0874316939891,scoring/dir_001/AF-G5EDC6-F1-model_v4.pdb
0.861062470046651,0.438905725221534,0.802506006961123,0.12168638880308,0.479101941836558,0.171316097715273,0.551677236905668,22.2494432071269,scoring/dir_001/AF-G5EDC9-F1-model_v4.pdb
0.606126355217474,0.34461495769113,0.595893289090129,0.0934223798578159,0.297094940768576,0.208372972645855,0.763493331143177,33.2157434402332,scoring/dir_001/AF-G5EDD7-F1-model_v4.pdb
0.681425537867709,0.458100010013083,0.631555033128035,0.116531023730239,0.340473487321011,0.274277616062815,0.714666436157587,7.9535864978903,scoring/dir_001/AF-G5EDG7-F1-model_v4.pdb
0.573695556978535,0.40876654242856,0.497639960135475,0.0612304928906133,0.439789535515724,0.306078974650322,0.800145108937541,5.30841121495327,scoring/dir_001/AF-G5EDH3-F1-model_v4.pdb
0.60533401139604,0.422572362606668,0.497816467026962,0.0678209318068243,0.450440229551647,0.295431701142689,0.754760989911868,6.46153846153846,scoring/dir_001/AF-G5EDH4-F1-model_v4.pdb
0.78995308861321,0.415662931557404,0.721071336925252,0.104878564192122,0.480058520436156,0.182701910473133,0.604039730838603,20.66,scoring/dir_001/AF-G5EDN6-F1-model_v4.pdb
0.381076056245875,0.267625997817167,0.255025433872968,0.0311593376085393,0.804618012552077,0.352926011842333,0.851913094060864,3.53781512605042,scoring/dir_001/AF-G5EDQ5-F1-model_v4.pdb
0.449384765963401,0.299250558762587,0.21670179115491,0.0415611050881761,0.888896200013232,0.385272436211347,0.764555108819777,3.48360655737705,scoring/dir_001/AF-G5EDQ7-F1-model_v4.pdb
0.786936901909966,0.399468609921774,0.798508886871923,0.152938209575142,0.196766739036574,0.18338239036654,0.627009671433202,43.1099796334012,scoring/dir_001/AF-G5EDV2-F1-model_v4.pdb
1.01036397110477,0.575516133018381,1.0070854053234,0.204780489402423,0.347361576519723,0.195871168100098,0.447970003249757,27.3869047619048,scoring/dir_001/AF-G5EDZ9-F1-model_v4.pdb
0.973361891335273,0.594247470992059,0.896546956958586,0.148767891287852,0.412414967388671,0.207095377354785,0.453539521326465,12.0673575129534,scoring/dir_001/AF-G5EE03-F1-model_v4.pdb
0.931962491342359,0.561216944014801,0.904267097561534,0.162661423963422,0.455616169900577,0.199702873625311,0.513805254231027,25.7854251012146,scoring/dir_001/AF-G5EE36-F1-model_v4.pdb
0.880068031447022,0.454272173852877,0.886638449165842,0.17020239671607,0.266753724053687,0.180118023336893,0.558596074499405,42.4226579520697,scoring/dir_001/AF-G5EE38-F1-model_v4.pdb
1.30312706130751,1.01620192264101,0.981034463755339,0.196749291685343,0.758045346526303,0.224109004369991,0.197678028663694,22.5968586387435,scoring/dir_001/AF-G5EE41-F1-model_v4.pdb
1.12522682283482,0.72274502759809,1.12462412435882,0.232488003930574,0.336095692004491,0.19627633915102,0.363842669421662,16.8819188191882,scoring/dir_001/AF-G5EE42-F1-model_v4.pdb
0.411919379507951,0.254826982712283,0.361809864138963,0.0498081393192599,0.452749845673616,0.257955573810079,0.830481832808794,9.25496688741722,scoring/dir_001/AF-G5EE49-F1-model_v4.pdb
0.848497396047721,0.591843374647068,0.535397949785646,0.106998900464456,0.527184906194413,0.342966645298502,0.525307530025962,3.56989247311828,scoring/dir_001/AF-G5EE50-F1-model_v4.pdb
0.601334714244729,0.325467412307151,0.545889257456965,0.0742923899252021,0.364705835063735,0.202452814662146,0.726243119595062,13.2932330827068,scoring/dir_001/AF-G5EE63-F1-model_v4.pdb
0.937427421184407,0.567539134847522,0.921983960011764,0.16542813879978,0.385469037782881,0.198555572267184,0.525224437702303,26.4098360655738,scoring/dir_001/AF-G5EE65-F1-model_v4.pdb
0.699184766882193,0.344329354548584,0.639292431288262,0.0943262733673978,0.425288230286668,0.181940863471473,0.646633633498469,19.1078947368421,scoring/dir_001/AF-G5EE67-F1-model_v4.pdb
0.70206274922216,0.345519451709524,0.658997501368249,0.109042624867712,0.335065967004785,0.19115452525161,0.646311377288784,19.5581395348837,scoring/dir_001/AF-G5EE88-F1-model_v4.pdb
0.749202456129859,0.382524383932383,0.692101647499939,0.106939506946854,0.408273725630602,0.186897705246672,0.615755786797927,18.6658163265306,scoring/dir_001/AF-G5EE98-F1-model_v4.pdb
0.839827430384384,0.484344467092121,0.833084203409816,0.160907815781274,0.305546396778087,0.222672539531386,0.607537030989377,23.064406779661,scoring/dir_001/AF-G5EEA5-F1-model_v4.pdb
0.847038399571608,0.436863602974369,0.794404519461236,0.142008770632515,0.402072648850972,0.192269250524305,0.56839597756969,16.8677884615385,scoring/dir_001/AF-G5EEF9-F1-model_v4.pdb
0.90394616453947,0.485717043979914,0.854250156701096,0.139039011407979,0.5321758807602,0.17913443525362,0.525762431037617,26.9748110831234,scoring/dir_001/AF-G5EEG4-F1-model_v4.pdb
0.526548465484402,0.36816236628519,0.411991494452781,0.0560858918390015,0.463425260668159,0.305353157913652,0.798004206990056,4.88202247191011,scoring/dir_001/AF-G5EEH5-F1-model_v4.pdb
0.816064695197207,0.372912778026365,0.767782623507617,0.133069795662581,0.216355746063621,0.179717610750941,0.586362026369337,35.6654205607477,scoring/dir_001/AF-G5EEL8-F1-model_v4.pdb
0.702924686422961,0.352368914438374,0.664581142763844,0.10437179225017,0.29553978457619,0.193209605730606,0.648828933809079,17.0829145728643,scoring/dir_001/AF-G5EEQ9-F1-model_v4.pdb
0.460894110956967,0.274496275604108,0.425573589107526,0.0605942255676471,0.566207455178955,0.228975411021796,0.805793975970984,12.3927272727273,scoring/dir_001/AF-G5EET5-F1-model_v4.pdb
0.877355476326177,0.472758594009017,0.884254455065729,0.167861953591558,0.303099740300715,0.189268595074469,0.571723570006409,37.1557177615572,scoring/dir_001/AF-G5EET8-F1-model_v4.pdb
0.493184976057678,0.365613041830961,0.267022225627088,0.0355289938941603,0.765535246593622,0.389312835322234,0.777933277929478,3.52459016393443,scoring/dir_001/AF-G5EEU1-F1-model_v4.pdb
0.971755629551082,0.520620717505458,0.982342934592261,0.188170896258541,0.282791833738184,0.183165215283975,0.51989759308209,36.5694117647059,scoring/dir_001/AF-G5EEV5-F1-model_v4.pdb
0.752944929116998,0.430605652139826,0.642161575032599,0.0839329474339739,0.571641357337374,0.194482721484149,0.643490197615756,16.2987341772152,scoring/dir_001/AF-G5EF37-F1-model_v4.pdb
0.651222514552795,0.320924321564483,0.581013469655256,0.0882814367094782,0.245933407417107,0.203530130328267,0.710907521870297,26.5070422535211,scoring/dir_001/AF-G5EF57-F1-model_v4.pdb
0.790241716834453,0.390095206871017,0.737439392899429,0.11521528711331,0.42708848997851,0.181552378787365,0.599255590082253,27.7357142857143,scoring/dir_001/AF-G5EF59-F1-model_v4.pdb
0.676355422936306,0.434683796047146,0.645105818506595,0.119714118523243,0.384192924062965,0.254471826825949,0.705037271753575,17.0714285714286,scoring/dir_001/AF-G5EFA1-F1-model_v4.pdb
0.840737234340668,0.466426006279976,0.803231590509939,0.148203284618013,0.385820687951047,0.20298342430084,0.548319389963737,15.5465465465465,scoring/dir_001/AF-G5EFA2-F1-model_v4.pdb
0.667769949043418,0.338315602865118,0.625468034695933,0.101477778141356,0.359414218662258,0.194759052646561,0.681818350720113,18.9858156028369,scoring/dir_001/AF-G5EFA9-F1-model_v4.pdb
0.793224106406957,0.378015361606221,0.75214931020885,0.121175374678772,0.310952411295939,0.175433712804653,0.59906355621117,20.255421686747,scoring/dir_001/AF-G5EFB5-F1-model_v4.pdb
0.769095699121416,0.370922082669259,0.739343780869243,0.138726597710472,0.229003000779917,0.192057156222879,0.608513809060382,36.0593869731801,scoring/dir_001/AF-G5EFB6-F1-model_v4.pdb
0.56375342643874,0.431956442048073,0.43824140668904,0.0512591524297759,0.84372695433249,0.3376598606084,0.811107601791272,3.5377358490566,scoring/dir_001/AF-G5EFB8-F1-model_v4.pdb
0.856142685463549,0.417922027888502,0.771478206713844,0.12194501304985,0.269797146307791,0.179871735292384,0.521632563412636,21.5824468085106,scoring/dir_001/AF-G5EFF3-F1-model_v4.pdb
0.536366913984424,0.262209620299679,0.461335160212381,0.0622746273073487,0.331137910242429,0.199761161201686,0.722676544938729,17.3830734966592,scoring/dir_001/AF-G5EFG6-F1-model_v4.pdb
0.598252252846891,0.452033196593344,0.409774163814182,0.0738482537344772,0.71156018719088,0.391181320307632,0.716702760062758,3.55395683453237,scoring/dir_001/AF-G5EFL2-F1-model_v4.pdb
0.463099892168482,0.263698390208672,0.424015734109089,0.0595102944141222,0.406993077706232,0.227196418623989,0.803707751150531,13.6,scoring/dir_001/AF-G5EFQ8-F1-model_v4.pdb
0.308112748635374,0.219317169596713,0.216988165402673,0.0211756463805799,0.825745183457944,0.337926373120407,0.881928694470221,3.55271565495208,scoring/dir_001/AF-G5EFR2-F1-model_v4.pdb
0.867162223888239,0.615875461973185,0.692710879955275,0.109244759051917,0.61402013668863,0.271483833294165,0.598817907222115,6.45138888888889,scoring/dir_001/AF-G5EFT2-F1-model_v4.pdb
0.714452919038171,0.375750625755481,0.679673044120215,0.0969372798307214,0.307785719321875,0.184901388379753,0.690290545917777,22.2901554404145,scoring/dir_001/AF-G5EFV0-F1-model_v4.pdb
0.801476708243692,0.551536674856036,0.727096381321527,0.136306408097287,0.359373472593808,0.26411415672954,0.641334461228975,15.7594936708861,scoring/dir_001/AF-G5EFV4-F1-model_v4.pdb
0.59548203171638,0.470399219722612,0.542622274810474,0.0756708257151851,0.631884166811372,0.344551610360406,0.805086088573253,6.25373134328358,scoring/dir_001/AF-G5EFZ7-F1-model_v4.pdb
0.748145705030736,0.573873204299296,0.48680234001173,0.11405330303692,0.769224621109369,0.415411669363098,0.605046699666699,3.5125,scoring/dir_001/AF-G5EFZ8-F1-model_v4.pdb
0.789985069034744,0.378022065827355,0.744057824893598,0.123725108210418,0.241575302652756,0.177781535397314,0.600550138488799,35.4300202839757,scoring/dir_001/AF-G5EG00-F1-model_v4.pdb
0.822230854620881,0.401236730382594,0.831028770343803,0.147231430458515,0.189691695531156,0.168721104604206,0.602196984339718,41.0847826086957,scoring/dir_001/AF-G5EG12-F1-model_v4.pdb
0.95524548055754,0.47016231698913,0.843690007597235,0.132352155201647,0.536269800833677,0.165137832170329,0.476246916730462,31.9124236252546,scoring/dir_001/AF-G5EG43-F1-model_v4.pdb
1.02113727700429,0.691892853646287,0.690062516518708,0.101132828325233,0.758457891186558,0.2261054212823,0.405045416765133,11.9639175257732,scoring/dir_001/AF-G5EG82-F1-model_v4.pdb
0.779910508306467,0.407964877486899,0.727438857152134,0.114998061905923,0.331300064410569,0.187371204275992,0.617884561928762,20.0629539951574,scoring/dir_001/AF-G5EGD5-F1-model_v4.pdb
0.864505155100884,0.42565662570348,0.851217999807088,0.135360288854078,0.32162244266052,0.15895587929272,0.553212260979264,22.5684931506849,scoring/dir_001/AF-G5EGD9-F1-model_v4.pdb
0.69793901410382,0.449205656626527,0.60995385733652,0.0782886656905184,0.604978401477598,0.225936040595254,0.674246326135693,8.49324324324324,scoring/dir_001/AF-G5EGF2-F1-model_v4.pdb
0.625327679091844,0.372335250020153,0.594342062087828,0.0954898798914141,0.311724784486585,0.216744858829935,0.727154973218477,30.3343195266272,scoring/dir_001/AF-G5EGG5-F1-model_v4.pdb
0.697233645572707,0.38109426322223,0.670925840877037,0.117497185813563,0.311098485714539,0.213858973462728,0.677345217533177,18.2658536585366,scoring/dir_001/AF-G5EGH7-F1-model_v4.pdb
0.991397824417402,0.597852793139165,0.887759659134917,0.191674864060477,0.206152902269779,0.251315481068071,0.457958955262882,12.3770491803279,scoring/dir_001/AF-G5EGJ8-F1-model_v4.pdb
0.861463204225619,0.452532873701529,0.812697988996096,0.131980742746269,0.341202276478547,0.179399584169219,0.552153984689701,20.0987012987013,scoring/dir_001/AF-G5EGN7-F1-model_v4.pdb
0.944303505740294,0.571373439288538,0.906385434574485,0.149630142282058,0.511776974411148,0.191209798896838,0.495960625916436,16.8571428571429,scoring/dir_001/AF-G8JY06-F1-model_v4.pdb
1.08567220459755,0.663534896192958,1.08348230402589,0.218467189820071,0.285473132438849,0.193188608587163,0.392273971840372,24.6984126984127,scoring/dir_001/AF-G8JYB7-F1-model_v4.pdb
0.629217964264275,0.478728383793356,0.505246044426732,0.0620756659715954,0.734368227182379,0.346889356680962,0.764572840239209,3.54464285714286,scoring/dir_001/AF-G8JYC6-F1-model_v4.pdb
0.857608985836577,0.389230042558605,0.845702563231833,0.141048025184024,0.341367650911081,0.161366274576665,0.552478685813768,24.6093489148581,scoring/dir_001/AF-H2B4M6-F1-model_v4.pdb
0.977936235777308,0.55948337507172,0.877024579324339,0.146378888003441,0.391932842456987,0.184936495424945,0.466744785922832,16.128526645768,scoring/dir_001/AF-H2B4M8-F1-model_v4.pdb
0.657227544791605,0.371951703698668,0.631262543899065,0.115837510099164,0.412881050797812,0.220146700480707,0.686853283713331,25.0690690690691,scoring/dir_001/AF-H2B4M9-F1-model_v4.pdb
1.11875068932753,0.787596777327101,1.01054534367266,0.214779622606382,0.34729126785456,0.235997075270088,0.385279997316309,10.6649484536083,scoring/dir_001/AF-H2B4N3-F1-model_v4.pdb
0.743452568277151,0.382006077441047,0.719821289795993,0.124928613433542,0.433289660656312,0.199504009912816,0.626019161986389,27.9078590785908,scoring/dir_001/AF-H2B4N4-F1-model_v4.pdb
0.598458814920038,0.295015806739276,0.562704737938368,0.0813941283896567,0.315385251476017,0.189594710560774,0.706996566388433,18.9334862385321,scoring/dir_001/AF-H2FLF7-F1-model_v4.pdb
0.49107721679895,0.335068898066252,0.313998258870169,0.0476374272217307,0.703732732765724,0.352027944582541,0.759509448823284,3.73529411764706,scoring/dir_001/AF-H2FLG7-F1-model_v4.pdb
0.623183968232673,0.359764434083774,0.605298069895847,0.095605996750801,0.36553888142112,0.204733632956447,0.738150363575649,28.0548302872063,scoring/dir_001/AF-H2FLI3-F1-model_v4.pdb
0.276111585173338,0.198559708248186,0.130418424694107,0.0138640065873741,0.895789028715727,0.387231425947243,0.880583475487359,3.50294117647059,scoring/dir_001/AF-H2FLI5-F1-model_v4.pdb
0.746677316080419,0.510823911308135,0.382420163636896,0.0991827554034835,0.70521486160797,0.387893508563167,0.592304055484583,3.625,scoring/dir_001/AF-H2FLJ5-F1-model_v4.pdb
1.07928815230795,0.748605004852248,0.797619983770677,0.129798205432422,0.387517398379235,0.275004412830105,0.371599104228452,8.69791666666667,scoring/dir_001/AF-H2FLM0-F1-model_v4.pdb
0.457287412008139,0.274062303316785,0.418425130070451,0.0586048699201017,0.389222869949036,0.235853018902444,0.816294057224124,18.3373493975904,scoring/dir_001/AF-H2KMJ8-F1-model_v4.pdb
0.789971028202645,0.365775022260105,0.740582282872786,0.0980287705242865,0.343690884928595,0.156674827116908,0.608242567509082,24.2718253968254,scoring/dir_001/AF-H2KMK2-F1-model_v4.pdb
0.927137450814453,0.511751699682647,0.865619214746273,0.142553074552654,0.368918446621607,0.187034847194351,0.522857899980969,24.5208333333333,scoring/dir_001/AF-H2KMK5-F1-model_v4.pdb
0.726532097983184,0.610663357245577,0.66005621622302,0.133753648169059,0,0.424632127648552,0.745632830849432,3,scoring/dir_001/AF-H2KMM3-F1-model_v4.pdb
0.556852039756219,0.361499218169048,0.5098927716402,0.0986384845812876,0.562730069375552,0.285528927210835,0.749461911199472,8.06493506493507,scoring/dir_001/AF-H2KY65-F1-model_v4.pdb
0.623384123537304,0.322181770762129,0.579600388571933,0.0933352468662137,0.478787387042055,0.195748901629452,0.701416499227135,19.6591478696742,scoring/dir_001/AF-H2KY83-F1-model_v4.pdb
1.02551672359749,0.608883465831078,0.984435321823437,0.186728789468413,0.457028373236288,0.194121894417194,0.425511845906583,24.397476340694,scoring/dir_001/AF-H2KYE8-F1-model_v4.pdb
0.680720755159082,0.458669804671268,0.529444960680469,0.0805573105861132,0.567711966101344,0.288766587008696,0.648531430003463,4.22981366459627,scoring/dir_001/AF-H2KYF3-F1-model_v4.pdb
0.749153052861926,0.382924387552488,0.73605938188185,0.117259217299896,0.269989981882449,0.171460017536272,0.647861702878999,31.5591397849462,scoring/dir_001/AF-H2KYF6-F1-model_v4.pdb
0.969599699406859,0.575530844922998,0.968919093481201,0.188443652414492,0.347071414373524,0.195917783990096,0.492220563542416,36.9212328767123,scoring/dir_001/AF-H2KYG6-F1-model_v4.pdb
0.750529947383377,0.440904175000386,0.737982739388015,0.132676597037551,0.321668389028526,0.212013795738842,0.648782568916503,25.5987841945289,scoring/dir_001/AF-H2KYH6-F1-model_v4.pdb
1.12678108485001,0.747556709111747,1.06621303489221,0.228531488886072,0.406213618675855,0.220184369950914,0.371768534059138,17.7181818181818,scoring/dir_001/AF-H2KYH9-F1-model_v4.pdb
0.854579119113752,0.486068736133703,0.850672020126843,0.157630267710531,0.274920099539724,0.203648404594937,0.595708156463305,34.9257425742574,scoring/dir_001/AF-H2KYJ2-F1-model_v4.pdb
0.944963006880457,0.468437768469234,0.898078630798339,0.148697164183257,0.439715520883633,0.163855430002748,0.490469672352137,36.5734406438632,scoring/dir_001/AF-H2KYJ6-F1-model_v4.pdb
0.947251688436235,0.593237669046043,0.916791081183885,0.156294315276362,0.366155399415104,0.201791077951127,0.513686579206363,13.3208955223881,scoring/dir_001/AF-H2KYK8-F1-model_v4.pdb
0.912647057512722,0.463249572002102,0.911331521994276,0.168229663375471,0.255138333851629,0.174357651403661,0.55811154871103,27.7666068222621,scoring/dir_001/AF-H2KYM9-F1-model_v4.pdb
0.719758877977661,0.614669122487669,0.607383809535473,0.119572010369979,0.696992199376994,0.428513463544605,0.728237745385673,3.2,scoring/dir_001/AF-H2KYP6-F1-model_v4.pdb
0.724771941074381,0.54464013094841,0.36288971618545,0.0726934706332839,0.861174370491665,0.403229369133107,0.612253413136575,3.49333333333333,scoring/dir_001/AF-H2KYU1-F1-model_v4.pdb
0.778714455575899,0.433531249707879,0.777246270156376,0.143189715848356,0.372000039801474,0.195418959259191,0.637064223456322,35.7732997481108,scoring/dir_001/AF-H2KYU8-F1-model_v4.pdb
0.483056997036284,0.337965799161828,0.419431091640177,0.065336014239837,0.398754537701431,0.311762654338039,0.809170607857869,5.64609053497942,scoring/dir_001/AF-H2KYV1-F1-model_v4.pdb
0.718334033634014,0.374911938383773,0.700817694958722,0.108515079791195,0.250144085017203,0.179844568478816,0.673241329764308,27.388679245283,scoring/dir_001/AF-H2KYW7-F1-model_v4.pdb
0.729802266019138,0.404055435567036,0.678698820347396,0.11317726313574,0.301094220800073,0.208193974468765,0.643931181311135,14.915,scoring/dir_001/AF-H2KYX0-F1-model_v4.pdb
0.624005532284157,0.424418065235033,0.499060658789959,0.100857229478116,0.64828688741696,0.347181799452434,0.692565643790123,4,scoring/dir_001/AF-H2KYZ3-F1-model_v4.pdb
0.742901129724718,0.372509434604782,0.694056362396939,0.105852141364619,0.396591530570322,0.183552140792751,0.645027043153625,27.4752688172043,scoring/dir_001/AF-H2KYZ9-F1-model_v4.pdb
0.787882037809617,0.471210608593526,0.778287377882989,0.147228059995554,0.338613316182032,0.219933008649988,0.61077389744088,22.0974025974026,scoring/dir_001/AF-H2KZ04-F1-model_v4.pdb
0.536537545373956,0.312587065379908,0.51860078413548,0.0786478730408891,0.376514201233851,0.210271536731525,0.779594017247494,16.9129213483146,scoring/dir_001/AF-H2KZ52-F1-model_v4.pdb
0.654680112065338,0.505678904374337,0.386220345814176,0.0945697773629628,0.809955737950738,0.412162539970953,0.604573768133623,3.50847457627119,scoring/dir_001/AF-H2KZ81-F1-model_v4.pdb
0.46910790498753,0.289981569284565,0.388042199460387,0.0504696188282525,0.434215713564779,0.255207146106385,0.809415060628388,8.57611940298508,scoring/dir_001/AF-H2KZB9-F1-model_v4.pdb
0.941754940569994,0.498476237536838,0.943771738967334,0.17283776959979,0.312812081558319,0.176926614788258,0.51432664235295,27.2138084632517,scoring/dir_001/AF-H2KZC6-F1-model_v4.pdb
0.977679685966934,0.535116662338794,0.96205455452405,0.169315351207805,0.321446763586865,0.180280895789864,0.514195331973587,33.2212389380531,scoring/dir_001/AF-H2KZE6-F1-model_v4.pdb
0.693667470983296,0.344032786605298,0.629219491395833,0.103363132337575,0.311652874024569,0.202362999401329,0.676921106849493,31.8568232662192,scoring/dir_001/AF-H2KZJ7-F1-model_v4.pdb
0.900119443644013,0.438003999390366,0.909019944232337,0.164429903719559,0.205276703022695,0.165145172657958,0.546061043677082,57.6130434782609,scoring/dir_001/AF-H2KZJ9-F1-model_v4.pdb
0.877022483507321,0.488404882134411,0.83145931357316,0.145851257903853,0.334569083647675,0.192510053731906,0.577946405875346,23,scoring/dir_001/AF-H2KZK3-F1-model_v4.pdb
0.712188324238675,0.356278878763713,0.687483626717277,0.11047465381134,0.226624136269074,0.182976066503641,0.680704607754473,30.3125,scoring/dir_001/AF-H2KZM2-F1-model_v4.pdb
0.71512506387191,0.339750408108148,0.648708415991262,0.097009493502519,0.352274437497766,0.176708672460823,0.62212439574753,22.4187817258883,scoring/dir_001/AF-H2KZR1-F1-model_v4.pdb
0.442549499150886,0.295901341509924,0.426320791110236,0.0771937933160575,0.211810634631566,0.28450267836996,0.843982610135923,18.3108108108108,scoring/dir_001/AF-H2KZR9-F1-model_v4.pdb
0.740205124343063,0.371194280964334,0.738164171925359,0.125570203550835,0.281495645387818,0.179715314960189,0.671199890665992,34.5710659898477,scoring/dir_001/AF-H2KZT1-F1-model_v4.pdb
0.361868547880184,0.266886810650674,0.238056427989604,0.0308092140826043,0.850331240213762,0.370968980085676,0.859341342992052,3.51315789473684,scoring/dir_001/AF-H2KZV0-F1-model_v4.pdb
0.771268917334182,0.365382175282245,0.740209091265228,0.10910835188637,0.440529358701503,0.168929726831742,0.613349294516853,20.8737113402062,scoring/dir_001/AF-H2KZX6-F1-model_v4.pdb
0.653321271981304,0.399476163100626,0.625225375258769,0.0975040395602886,0.439940261717578,0.216849972055016,0.719002336165366,24.7655677655678,scoring/dir_001/AF-H2L051-F1-model_v4.pdb
0.68256461604665,0.31741855213726,0.646452069695973,0.0970671835201339,0.356114145914099,0.166078308810793,0.661617021082249,17.0839002267574,scoring/dir_001/AF-H2L088-F1-model_v4.pdb
0.782791852951497,0.354832397301513,0.728404981433253,0.108657534565361,0.354885891782148,0.173776031474966,0.612007273750306,23.2713987473904,scoring/dir_001/AF-H2L0C8-F1-model_v4.pdb
0.717593492105876,0.327573803363111,0.687268008849579,0.10111323921132,0.420629355198591,0.164612092505419,0.63251053438621,22.1392156862745,scoring/dir_001/AF-H2L0E7-F1-model_v4.pdb
0.613407074018877,0.32340628736127,0.569576133406759,0.0804392387673071,0.317708408451726,0.192664977742724,0.705658105460277,19.5103092783505,scoring/dir_001/AF-H2L0E8-F1-model_v4.pdb
0.742278151358764,0.442303815772473,0.633871275699926,0.0989293393402243,0.392833529020609,0.248982655288661,0.661008333150962,11.3975903614458,scoring/dir_001/AF-H2L0J2-F1-model_v4.pdb
0.741648973993408,0.379920352971041,0.665595051672173,0.104383882402463,0.304808662490493,0.198405670825797,0.613307395136291,15.2222222222222,scoring/dir_001/AF-H2L0K6-F1-model_v4.pdb
1.00415243006924,0.687907163747063,0.902432686319564,0.195691724886491,0.430574722134176,0.252040123686283,0.492857274072914,9.49664429530201,scoring/dir_001/AF-H2L0P0-F1-model_v4.pdb
0.957446918761121,0.712260716075368,0.930840735585114,0.248019022821344,0.33246060545592,0.316710880019183,0.509393659654234,20.8349514563107,scoring/dir_001/AF-H2L0S9-F1-model_v4.pdb
0.894005041285282,0.643738695242364,0.701146879117207,0.175206048440205,0.449887022470207,0.328324946147129,0.494066399698752,7.60747663551402,scoring/dir_001/AF-H2L264-F1-model_v4.pdb
0.99632961448784,0.647530933837574,0.902054812292621,0.158798908715092,0.336187156834322,0.220157665170094,0.454268294699928,15.4392523364486,scoring/dir_001/AF-H2L270-F1-model_v4.pdb
0.692772986419871,0.535833350404563,0.426265057223858,0.0929527296825838,0.819844305159354,0.399214104656603,0.66511156483297,3.60377358490566,scoring/dir_001/AF-H2L271-F1-model_v4.pdb
0.753897062001352,0.609622960013157,0.61056764968359,0.115190604665615,0.511030172863492,0.398383430096551,0.716629208783683,3.56521739130435,scoring/dir_001/AF-H2L272-F1-model_v4.pdb
0.870655694389748,0.641291098093828,0.527076354643537,0.121291404494817,0.672165656345312,0.351926911916428,0.481050618621301,5.5,scoring/dir_001/AF-H2L277-F1-model_v4.pdb
0.767965570287275,0.569963236348487,0.539685960886802,0.116932791938714,0.636467934300213,0.36505419265334,0.560686264339214,4.37777777777778,scoring/dir_001/AF-H2L279-F1-model_v4.pdb
1.17685413318095,0.805414918903795,1.16257415077087,0.260917755661689,0.437210855209119,0.20909826607086,0.298732476899562,19.3023255813953,scoring/dir_001/AF-H2L287-F1-model_v4.pdb
1.03335781581145,0.700543444012795,0.92997995700947,0.162720200549451,0.473602350958601,0.212166106731129,0.412598027179142,10.8957345971564,scoring/dir_001/AF-H2L2D2-F1-model_v4.pdb
0.765846165045905,0.515738224740082,0.71180034762968,0.1046888514284,0.370438647983611,0.243165373408065,0.651079242096657,6.70982142857143,scoring/dir_001/AF-H2L2D7-F1-model_v4.pdb
0.689655006496553,0.541916546032163,0.346879767640633,0.0853323430928841,0.826163586610605,0.41664402797061,0.562432294994532,3.4875,scoring/dir_001/AF-H2L2D8-F1-model_v4.pdb
0.59344202881323,0.391961699545871,0.579605593516962,0.0979890017007571,0.257895913850616,0.248644020642134,0.774173615849129,14.4885057471264,scoring/dir_001/AF-H2L2G4-F1-model_v4.pdb
0.512410308940457,0.376750180758744,0.425994459419786,0.055746007725818,0.547529568311634,0.332559388160313,0.816508274980993,4.02525252525253,scoring/dir_001/AF-H2L2G6-F1-model_v4.pdb
0.659093572163854,0.538912769692731,0.462431179276601,0.0718583677911594,0.77871025720997,0.396186688984998,0.693132785347133,3.48717948717949,scoring/dir_001/AF-H2L2H1-F1-model_v4.pdb
0.62302694809031,0.485902476419938,0.284552973341032,0.0275432617759589,0.894864753829722,0.398895250751436,0.741339566178582,3.49668874172185,scoring/dir_001/AF-H2L2I1-F1-model_v4.pdb
0.362249711593935,0.25165365905589,0.290507873604075,0.0250330862635045,0.792359185122084,0.28342188942278,0.8755594045688,3.75980392156863,scoring/dir_001/AF-H2L2J4-F1-model_v4.pdb
0.858628600357662,0.437098770809212,0.791108342377244,0.141040396785841,0.2790854362007,0.190914634042779,0.525030955543951,22.8546365914787,scoring/dir_001/AF-H2L2K0-F1-model_v4.pdb
0.570640486750204,0.371856406498769,0.543697442046971,0.0970907181672922,0.408284930144756,0.273067795519213,0.754994351906672,8.60952380952381,scoring/dir_001/AF-H2L2L0-F1-model_v4.pdb
0.871499234119631,0.557974119533841,0.795088069497426,0.128553842151785,0.401094315079153,0.223184987910424,0.559690854566876,9.32751091703057,scoring/dir_001/AF-H8ESE6-F1-model_v4.pdb
0.547623432084011,0.433219198481193,0.342071634595044,0.0417515353925402,0.86127803204844,0.394108047509133,0.763598411676052,3.4969696969697,scoring/dir_001/AF-H8ESF2-F1-model_v4.pdb
0.831425021861647,0.435273671369682,0.79816696063063,0.128851931204499,0.254656787032415,0.181030889542099,0.593936301756116,30.4261954261954,scoring/dir_001/AF-H8W3Z0-F1-model_v4.pdb
0.690611533460278,0.40797361791346,0.685239656708139,0.127330070762653,0.314802893829824,0.215034713226987,0.68897129027293,30.4238410596026,scoring/dir_001/AF-H9G2Q1-F1-model_v4.pdb
0.780852008333565,0.641626252250416,0.662783800785211,0.126413431000528,0.611762154533155,0.395898895457844,0.662302605087562,3.89230769230769,scoring/dir_001/AF-H9G2R5-F1-model_v4.pdb
0.634510580500675,0.447558352458266,0.590516712872101,0.0975935826043262,0.360125914905304,0.289876648105784,0.746036490683678,9.78571428571429,scoring/dir_001/AF-H9G2S9-F1-model_v4.pdb
1.15579337353785,0.87307652538035,0.94383350481352,0.247520599438476,0.475842878492276,0.305872774847773,0.31802159823679,8.32967032967033,scoring/dir_001/AF-H9G2T3-F1-model_v4.pdb
0.591301935884837,0.408975459160625,0.578538822392904,0.122652268758834,0.285771914315754,0.297719555949073,0.775474558348004,18.4372469635628,scoring/dir_001/AF-H9G2W3-F1-model_v4.pdb
0.843049511791727,0.598756572190453,0.820186017932478,0.179025101806224,0.437345979328464,0.280531361668814,0.620112042611975,29.0783410138249,scoring/dir_001/AF-H9G2Y0-F1-model_v4.pdb
0.71942627076543,0.372772136227265,0.624773851833614,0.075734687391899,0.5841101318709,0.178456449801996,0.65092838036823,18.0462555066079,scoring/dir_001/AF-H9G2Z0-F1-model_v4.pdb
0.972284106166122,0.586592556589151,0.984927337709614,0.205419580408311,0.236908589178814,0.20199324337928,0.512115925321524,31.7960526315789,scoring/dir_001/AF-H9G300-F1-model_v4.pdb
0.895025456296345,0.458560525206559,0.844608569694285,0.134194455968796,0.329962963370074,0.177169587052178,0.5380511739942,20.8538461538462,scoring/dir_001/AF-H9G302-F1-model_v4.pdb
0.663595294972264,0.345517992912318,0.646611225844627,0.107462157478751,0.361817773345801,0.194300828426523,0.684268536746432,18.11227154047,scoring/dir_001/AF-H9G305-F1-model_v4.pdb
0.561519375690843,0.331035658060435,0.54589351318528,0.0938083328669577,0.363286966040458,0.228907404032293,0.760428241126723,24.8757961783439,scoring/dir_001/AF-H9G320-F1-model_v4.pdb
0.508493539277945,0.374276662425299,0.197429868884096,0.0313911407447647,0.900770288361701,0.400331425734157,0.721520543140748,3.49640287769784,scoring/dir_001/AF-I2FLU3-F1-model_v4.pdb
0.79772899914115,0.432326841418974,0.749213415432344,0.133998229309468,0.342817029486474,0.201674805183165,0.596674400822904,22.1961414790997,scoring/dir_001/AF-I2HA82-F1-model_v4.pdb
0.860578757957982,0.39162113742989,0.81342416346022,0.124818985187765,0.439063567606532,0.159780193221214,0.555183786214128,29.8384991843393,scoring/dir_001/AF-I2HA91-F1-model_v4.pdb
1.07580521266635,0.73240792965131,1.00275254009531,0.200809844583089,0.371477353574728,0.223989028098381,0.400467903421793,9.73426573426574,scoring/dir_001/AF-I2HAA1-F1-model_v4.pdb
0.667130717912978,0.538130304779674,0.469428365674722,0.0855874811592415,0.703306043750869,0.400210318727828,0.658978436248007,3.4954954954955,scoring/dir_001/AF-I2HAB5-F1-model_v4.pdb
0.944419559638414,0.556414876866936,0.847464005692217,0.122617322501719,0.439978967099394,0.187518788995702,0.476663528102447,13.5977011494253,scoring/dir_001/AF-I2HAD7-F1-model_v4.pdb
0.751983165068289,0.363116920702613,0.682614595240589,0.0955706004944673,0.58676199022029,0.165196996932097,0.61287860340342,40.9730700179533,scoring/dir_001/AF-I2HAD9-F1-model_v4.pdb
0.631341272454851,0.459615509758965,0.319767528212773,0.0565627956591358,0.750494623432167,0.386885186279005,0.649485795578574,3.64601769911504,scoring/dir_001/AF-I2HAF2-F1-model_v4.pdb
1.22477918018125,0.874856903163971,1.15430885778982,0.228496103432036,0.350671610084047,0.209368627577426,0.30246789762738,17.5555555555556,scoring/dir_001/AF-I2HAF3-F1-model_v4.pdb
0.462505108689745,0.315078936645232,0.428270739936756,0.0735917744425782,0.378451118447079,0.292700074710644,0.82630252012545,11.9115646258503,scoring/dir_001/AF-I2HAF9-F1-model_v4.pdb
0.759464696685185,0.38901235426566,0.767521231580313,0.136947964482805,0.209976860044982,0.187126013661999,0.653229745162597,43.7186147186147,scoring/dir_001/AF-I2HAG9-F1-model_v4.pdb
0.903854349522482,0.70893734161126,0.839300565068064,0.238473438358512,0.327316798126101,0.41390259443589,0.565702969549855,3.46052631578947,scoring/dir_001/AF-I2HAH3-F1-model_v4.pdb
0.928145219464414,0.748442675996386,0.75488624067178,0.167267714161484,0.736140962302579,0.384339217598447,0.544049134989791,3.67415730337079,scoring/dir_001/AF-I2HAK1-F1-model_v4.pdb
0.963709988558116,0.511831617408696,0.966461926753025,0.178806576563505,0.301507515357563,0.1769886700386,0.490978146604552,28.6298076923077,scoring/dir_001/AF-I2HAK3-F1-model_v4.pdb
0.635163205446965,0.492972912610005,0.302619653754168,0.0427290688166064,0.850045370542542,0.400675258871362,0.696827982390282,3.50833333333333,scoring/dir_001/AF-I2HAK7-F1-model_v4.pdb
0.75381517845122,0.332830600719822,0.738945604023894,0.114195883014826,0.376511647199808,0.160484329674396,0.61048636676255,23.4203703703704,scoring/dir_001/AF-I2HAL4-F1-model_v4.pdb
0.865534466763964,0.4006443379822,0.852210777790913,0.140787762017366,0.283178676235772,0.157637375136457,0.581224290855236,51.1212121212121,scoring/dir_001/AF-I2HAL5-F1-model_v4.pdb
0.861532295602465,0.704377788040988,0.662552668713316,0.111658495171238,0.640908635278135,0.366333040946807,0.593521075230423,3.71875,scoring/dir_001/AF-I2HAL7-F1-model_v4.pdb
1.24868439591068,1.03119229857938,1.01531233276963,0.227598861073479,0.493036333441228,0.276193109724471,0.232036803303467,8.18604651162791,scoring/dir_001/AF-I3VM43-F1-model_v4.pdb
0.66827264537432,0.433596396593386,0.484334436844443,0.101746348262072,0.437402378680382,0.348538628163328,0.619236827190401,3.71739130434783,scoring/dir_001/AF-I3VM46-F1-model_v4.pdb
0.918552513987556,0.661504179204466,0.651189951108105,0.117022996414558,0.627618405871784,0.295964796866843,0.501629893280915,4.55454545454546,scoring/dir_001/AF-I4EC34-F1-model_v4.pdb
0.390985602887574,0.248630291983643,0.37572862379569,0.0793762395785652,0.409690910716002,0.297110184262809,0.843416216467785,11.1710914454277,scoring/dir_001/AF-I6ZY27-F1-model_v4.pdb
0.877581907136548,0.395773449816057,0.825470967086986,0.130692296008815,0.420871879523683,0.158076291060358,0.548243638437366,35.4789915966387,scoring/dir_001/AF-I7FN82-F1-model_v4.pdb
0.673755188214998,0.553690232666162,0.587127265297503,0.0831199362345732,0.521628053582998,0.371047658245249,0.776225765515395,3.64197530864198,scoring/dir_001/AF-I7J4C6-F1-model_v4.pdb
0.900340120995326,0.724770576730656,0.767895794237286,0.159224616585584,0.54068486193477,0.353580951036751,0.571178217249136,4.3448275862069,scoring/dir_001/AF-I7K4I9-F1-model_v4.pdb
0.708002637036825,0.473587888374438,0.680899925058505,0.114133391864454,0.35428686936408,0.246918621825781,0.686831767536603,15.7586206896552,scoring/dir_001/AF-I7LFH4-F1-model_v4.pdb
0.76968730472371,0.64278100426553,0.671645704582651,0.100962598765799,0.763215970539457,0.380026767462479,0.709587679621737,4.90384615384615,scoring/dir_001/AF-I7LHW2-F1-model_v4.pdb
0.940051600475821,0.675872116387874,0.903871011557633,0.176696670150305,0.466236190150116,0.257389231791545,0.551910632169731,16.887417218543,scoring/dir_001/AF-J7RNK2-F1-model_v4.pdb
0.870496790251753,0.596011347801237,0.857168668026151,0.18563782944173,0.322747199783858,0.264738486586816,0.591596304462624,26.45,scoring/dir_001/AF-J7SA59-F1-model_v4.pdb
0.636678282332709,0.408644314281871,0.575238127100322,0.102038607050489,0.400239386260916,0.269458514030718,0.727417382655421,9.36996336996337,scoring/dir_001/AF-J7SA65-F1-model_v4.pdb
0.693760992096247,0.556504497149444,0.534812398206475,0.102447956804686,0.573064335291034,0.40078907335786,0.674012993966709,3.4957264957265,scoring/dir_001/AF-J7SEY7-F1-model_v4.pdb
0.787770615300089,0.492041369399741,0.735249417329476,0.126316402883624,0.325703304864831,0.234045042402114,0.617752274428681,10.3779527559055,scoring/dir_001/AF-J7SF85-F1-model_v4.pdb
0.541494236580534,0.34367679716418,0.469820132977833,0.0637141939519641,0.512281492855986,0.249211537145146,0.764929509748541,7.34170854271357,scoring/dir_001/AF-K7ZUH9-F1-model_v4.pdb
0.937455715072003,0.715331099816661,0.925507696241142,0.242479820068288,0.260176051773993,0.322660052115563,0.585521663184997,19.990990990991,scoring/dir_001/AF-K8ERP4-F1-model_v4.pdb
0.701361625238138,0.420751748350171,0.582589585620106,0.0902987249937421,0.440717860151257,0.248415197746466,0.679258279876062,16.8333333333333,scoring/dir_001/AF-K8ERW1-F1-model_v4.pdb
0.86341085325506,0.530142399173893,0.667693668061809,0.10956639495187,0.42432962330792,0.248413457981701,0.520100410941591,14.1319796954315,scoring/dir_001/AF-K8FDY2-F1-model_v4.pdb
0.975466066691117,0.508374827395502,0.936921555474765,0.164140175365247,0.406067342739872,0.170353886129464,0.461334592272892,26.9358669833729,scoring/dir_001/AF-L8E6I4-F1-model_v4.pdb
0.677031617017935,0.375041659940301,0.627498781391586,0.0918492662008864,0.326679386279237,0.204223905289776,0.688637414359425,15.6577540106952,scoring/dir_001/AF-L8E6J1-F1-model_v4.pdb
0.6113856690048,0.525057265474381,0.533370508302783,0.0809480249019027,0,0.424548369937583,0.808386670452097,3,scoring/dir_001/AF-L8E6X3-F1-model_v4.pdb
1.10715612043122,0.762795702991206,1.01495409417148,0.19750336234334,0.412173933487973,0.22089679537429,0.318788472712651,12.8190954773869,scoring/dir_001/AF-L8E700-F1-model_v4.pdb
1.04475114971525,0.622557576848322,0.919908862892252,0.135854336326834,0.512242985717544,0.180643199246818,0.38560825902766,13.6133828996283,scoring/dir_001/AF-L8E959-F1-model_v4.pdb
0.626359680802757,0.521160227679999,0.481917724360356,0.0530008891343353,0.734149507445353,0.384031708413102,0.781829402062371,3.5,scoring/dir_001/AF-L8EC31-F1-model_v4.pdb
0.876448752284509,0.48324672505856,0.870100615020768,0.16384449126092,0.297710108049976,0.197081575126859,0.554562726538825,36.0231884057971,scoring/dir_001/AF-M1Z889-F1-model_v4.pdb
0.777599692451195,0.640854008707732,0.589233488217967,0.106391244274693,0.801556105614776,0.392220072635063,0.634216964875638,3.53125,scoring/dir_001/AF-M1ZJ56-F1-model_v4.pdb
0.861293483481667,0.449357063889228,0.870442006975657,0.160214786650367,0.274298420190639,0.183960918034467,0.59404871191776,36.6357308584687,scoring/dir_001/AF-M1ZJ62-F1-model_v4.pdb
0.632400705416142,0.385464773469977,0.52691994579271,0.0751681664025771,0.502640731561327,0.245917105380994,0.70267452403807,14.375,scoring/dir_001/AF-M1ZJW2-F1-model_v4.pdb
1.01049419241617,0.529731414113604,1.03036895430387,0.206781159669717,0.240986965754384,0.177319241750788,0.497112480066847,39.1565557729941,scoring/dir_001/AF-M1ZJY3-F1-model_v4.pdb
0.403100595572184,0.282515019113466,0.187862270274613,0.0261573389582869,0.925260584310513,0.392901531184635,0.816937640296392,3.48863636363636,scoring/dir_001/AF-M1ZK00-F1-model_v4.pdb
0.822928107354619,0.483787435292257,0.737729620732057,0.115266800683249,0.329558023343315,0.215873234093369,0.612102000860187,13.9480519480519,scoring/dir_001/AF-M1ZMJ5-F1-model_v4.pdb
0.751220487259437,0.384164694524633,0.690151461218607,0.104820882490616,0.430068280516946,0.184580127562832,0.614926106800526,15.258358662614,scoring/dir_001/AF-N1NSI8-F1-model_v4.pdb
0.809088045620884,0.403867183449659,0.79086310545866,0.141451935853921,0.237472423383796,0.18674531367369,0.610215349951647,38.0167504187605,scoring/dir_001/AF-N1NTI6-F1-model_v4.pdb
0.623958361897488,0.421912400023023,0.551575901802193,0.0907622753385053,0.369637411948227,0.273762008407312,0.725193999051244,9.23508771929825,scoring/dir_001/AF-N1NV11-F1-model_v4.pdb
0.994966378463133,0.585386945536938,0.851494186074393,0.163807387532627,0.398575999158498,0.209148397465199,0.438975004247687,14.6898734177215,scoring/dir_001/AF-N1NV25-F1-model_v4.pdb
0.617119654480377,0.349548937238776,0.553573323963183,0.077559705349795,0.331763007121924,0.213622417919437,0.720478051136465,28.8839590443686,scoring/dir_001/AF-O01314-F1-model_v4.pdb
0.970092964163312,0.538682192684266,0.973191990826783,0.196974723716997,0.309638011825817,0.184960803385616,0.47343346385529,40.0321715817694,scoring/dir_001/AF-O01339-F1-model_v4.pdb
0.577982484766986,0.449495449337686,0.438295790486911,0.0649646136893848,0.656301248745187,0.380710036959585,0.739564007091541,3.51020408163265,scoring/dir_001/AF-O01433-F1-model_v4.pdb
0.492754515081895,0.320330988716781,0.465046212082944,0.0684961498987077,0.550227825459711,0.240721197805849,0.799481840214119,16.7058823529412,scoring/dir_001/AF-O01440-F1-model_v4.pdb
0.519253702998355,0.341364088978623,0.440682290638271,0.0537417523158395,0.435549534094291,0.268725570087405,0.785768871672718,7.48987854251012,scoring/dir_001/AF-O01486-F1-model_v4.pdb
0.375716174230764,0.279359577054702,0.250465507808841,0.0278612338217251,0.807127109489852,0.363794375472006,0.856402029856067,3.6010101010101,scoring/dir_001/AF-O01488-F1-model_v4.pdb
0.642723153801883,0.323238027452095,0.602455914475524,0.100632567277781,0.342512883570757,0.197898085777002,0.69303477716608,16.9582417582418,scoring/dir_001/AF-O01513-F1-model_v4.pdb
1.01200841481411,0.570233851118446,0.963087874139674,0.156578233560639,0.408510090943362,0.174767918207811,0.467585085306124,21.2577639751553,scoring/dir_001/AF-O01516-F1-model_v4.pdb
0.917470546021692,0.450733980300599,0.927881283707269,0.177433109370854,0.219317350587904,0.180920793057016,0.551525297904644,40.1304347826087,scoring/dir_001/AF-O01517-F1-model_v4.pdb
0.407418731142273,0.281350850874044,0.24775904047848,0.0295461777729471,0.832027041059482,0.343269096362284,0.830480117830474,3.50537634408602,scoring/dir_001/AF-O01540-F1-model_v4.pdb
1.08868640882447,0.591425067838443,1.01120339277542,0.180628613959845,0.319152184045171,0.178820164600435,0.419359061753879,20.0874035989717,scoring/dir_001/AF-O01542-F1-model_v4.pdb
0.735864548799465,0.558874764708212,0.59578056575291,0.10930319191382,0.46448579750844,0.348644832430984,0.646506422058727,3.65,scoring/dir_001/AF-O01570-F1-model_v4.pdb
0.740817599088782,0.446572527136737,0.712353427703978,0.130015026789939,0.236797302448186,0.233986501961768,0.648922419605042,12.7538940809969,scoring/dir_001/AF-O01578-F1-model_v4.pdb
0.717586323913977,0.387419398624295,0.659526052930048,0.115509652154656,0.240162820257694,0.214832159143086,0.654524729599848,17.3540051679587,scoring/dir_001/AF-O01589-F1-model_v4.pdb
0.849976530630767,0.490920308742986,0.742739137259803,0.101861605944261,0.445821864138529,0.193641484320514,0.563552375139997,11.1768707482993,scoring/dir_001/AF-O01601-F1-model_v4.pdb
0.809084338311311,0.388695805941152,0.760764154427058,0.121483812858944,0.251374188130794,0.182384620727157,0.583084738457726,23.5345622119816,scoring/dir_001/AF-O01604-F1-model_v4.pdb
0.818514178390947,0.501092732443806,0.74829687163448,0.114803869245922,0.588195218181159,0.215082751695639,0.629668732061733,16.7828947368421,scoring/dir_001/AF-O01613-F1-model_v4.pdb
0.729738471053868,0.440686839027461,0.651581090463125,0.105373451357863,0.484957550048965,0.229391802839399,0.677158297728964,12.6937984496124,scoring/dir_001/AF-O01692-F1-model_v4.pdb
0.534422539737315,0.325495566364737,0.525816750790141,0.0928328066898132,0.297360978319722,0.227547996131837,0.78779204627647,29.811320754717,scoring/dir_001/AF-O01698-F1-model_v4.pdb
0.8194753649192,0.474369393032776,0.778042545877529,0.141044631986083,0.2532115965874,0.215134230806939,0.597969060866535,19.5116279069767,scoring/dir_001/AF-O01760-F1-model_v4.pdb
0.925351451068056,0.498966113318228,0.917207707998469,0.16720446982689,0.272275444883541,0.182743473875808,0.542127707074469,43.4063926940639,scoring/dir_001/AF-O01778-F1-model_v4.pdb
1.14512910137057,0.817725561164299,0.985546820043062,0.209006848380774,0.395461573604518,0.23403074192884,0.388060735615363,21.1165919282511,scoring/dir_001/AF-O01805-F1-model_v4.pdb
0.978672567680587,0.534130466408437,0.964724333402272,0.165502900639712,0.391195281874846,0.173207800065426,0.478448463246962,30.596256684492,scoring/dir_001/AF-O01812-F1-model_v4.pdb
0.994513699390031,0.557642014648287,0.976258656539794,0.161084850660235,0.428404632830033,0.17284649618465,0.480168871027124,30.8666666666667,scoring/dir_001/AF-O01814-F1-model_v4.pdb
0.724037407743229,0.43796637734698,0.67413845512718,0.106066172894236,0.438066113636403,0.216041743650008,0.677053398078579,18.0494699646643,scoring/dir_001/AF-O01816-F1-model_v4.pdb
1.08044953422821,0.68359003146243,1.08506920314202,0.245911673589676,0.281373459212762,0.207124753361502,0.418063453813845,35.3265306122449,scoring/dir_001/AF-O01829-F1-model_v4.pdb
0.59807895019062,0.405836691307968,0.543295373359142,0.0960842142490412,0.478058915066856,0.286128410671975,0.749046179906027,9.0734693877551,scoring/dir_001/AF-O01868-F1-model_v4.pdb
0.601043191295678,0.325097531821178,0.560014411544277,0.099645346287228,0.309353773206196,0.219872163121254,0.713038336417722,18.44128113879,scoring/dir_001/AF-O01869-F1-model_v4.pdb
0.727974187941961,0.417044283861852,0.682376576683633,0.106212038300166,0.422928213751472,0.201786342521622,0.681475716685697,17.3012658227848,scoring/dir_001/AF-O01871-F1-model_v4.pdb
0.809768555260943,0.445557500259364,0.770306343865807,0.129621428625083,0.372043093892662,0.194963828481408,0.606223709876044,17.9397590361446,scoring/dir_001/AF-O01899-F1-model_v4.pdb
0.699701548249136,0.334353206007638,0.682725572882514,0.108790441295443,0.462133534222156,0.182629840166178,0.645131340987536,20.4511930585683,scoring/dir_001/AF-O01908-F1-model_v4.pdb
0.604866954471584,0.417238650688271,0.46834285642325,0.0680253866686451,0.609519044266135,0.309727244416452,0.748667461892682,3.83211678832117,scoring/dir_001/AF-O01917-F1-model_v4.pdb
0.43288276446563,0.289118034410339,0.376302870190762,0.0470408296132558,0.516388181235688,0.268887437879226,0.840348454148468,7.13705583756345,scoring/dir_001/AF-O01971-F1-model_v4.pdb
0.504044220749833,0.323852667769243,0.459557172950417,0.0626748424377966,0.416524464369761,0.243445968227434,0.804509294031092,14.1538461538462,scoring/dir_001/AF-O02055-F1-model_v4.pdb
0.897284286600311,0.496595294552428,0.876067579599152,0.159468116412947,0.382086522086383,0.186733257321304,0.534153260217505,27.4604904632153,scoring/dir_001/AF-O02058-F1-model_v4.pdb
0.515779639135702,0.401892904562265,0.304362407527366,0.0386323751254002,0.814783410019227,0.396893279067317,0.766001023807437,3.5,scoring/dir_001/AF-O02062-F1-model_v4.pdb
1.15246117508145,0.909257060237311,1.04471844292559,0.260409809967695,0.620866377813244,0.299662390801002,0.333398555531949,12.2201834862385,scoring/dir_001/AF-O02070-F1-model_v4.pdb
0.375973757148539,0.257714996969195,0.243289545641428,0.0150915415844344,0.897428704598834,0.307861652696068,0.849635574906978,3.49691358024691,scoring/dir_001/AF-O02074-F1-model_v4.pdb
0.946482968919697,0.51577717967877,0.86644952809226,0.156353306059917,0.322358253885529,0.198259286379713,0.559319238595466,18.0426829268293,scoring/dir_001/AF-O02092-F1-model_v4.pdb
0.848702932344246,0.406145297135888,0.824540960805979,0.128828892442464,0.375719742939644,0.163532736429379,0.557945861596273,21.508120649652,scoring/dir_001/AF-O02112-F1-model_v4.pdb
0.808915306625414,0.520559543230664,0.647044064658856,0.0919113790385915,0.398750918433622,0.260045089957801,0.65632627690398,9.56983240223464,scoring/dir_001/AF-O02114-F1-model_v4.pdb
0.993799003211031,0.555546986529914,0.988714726423061,0.188078893884323,0.371390320581201,0.182351442080257,0.457426529490095,34.4891640866873,scoring/dir_001/AF-O02122-F1-model_v4.pdb
0.744910066006691,0.433975220532912,0.606839171019699,0.132610371059361,0.348820864570142,0.26767424089669,0.566110514319606,17.5454545454545,scoring/dir_001/AF-O02142-F1-model_v4.pdb
0.96792675829433,0.531093216310168,0.942169564577335,0.168093844032869,0.361471088816677,0.179087905483938,0.490996522016044,27.8133704735376,scoring/dir_001/AF-O02154-F1-model_v4.pdb
1.13121095574267,0.715899147100487,1.04801856807324,0.200013733850667,0.378181598043843,0.19122727291378,0.373942214555205,23.3765432098765,scoring/dir_001/AF-O02156-F1-model_v4.pdb
0.788373640452404,0.440771710788764,0.683192115723531,0.0963771120171288,0.54957595906319,0.194504208176901,0.594419329544786,14.361581920904,scoring/dir_001/AF-O02159-F1-model_v4.pdb
0.979978825576832,0.499073910205521,0.942109746984402,0.153083037611216,0.351633477435103,0.166643855081162,0.472259053775134,28.5187969924812,scoring/dir_001/AF-O02173-F1-model_v4.pdb
0.428520541368577,0.291192254961483,0.152847147360262,0.0202801797030129,0.883777407335147,0.384446029769685,0.798561395727336,3.53398058252427,scoring/dir_001/AF-O02176-F1-model_v4.pdb
0.579288934958837,0.327971753635672,0.552550791325775,0.0890023401043186,0.367110224933456,0.212235302507071,0.751063331914899,27.2211055276382,scoring/dir_001/AF-O02220-F1-model_v4.pdb
0.501532393321708,0.32808652924021,0.476367721105192,0.075788192422121,0.315682407681305,0.265498537908882,0.818013443339467,16.9393939393939,scoring/dir_001/AF-O02267-F1-model_v4.pdb
0.638617719199687,0.302462141701111,0.575170682807057,0.0968637586298342,0.312385300328154,0.194829580815446,0.670383803560314,21.3186046511628,scoring/dir_001/AF-O02268-F1-model_v4.pdb
0.967749879348706,0.507715591726143,0.956019148483885,0.163171616413439,0.406028607799311,0.17185933002876,0.486385416160912,31.1957671957672,scoring/dir_001/AF-O02323-F1-model_v4.pdb
1.00322551302933,0.542957820963196,0.996749098685355,0.168894615758781,0.383352515997104,0.17163622467708,0.483582010764262,31.0213903743315,scoring/dir_001/AF-O02324-F1-model_v4.pdb
0.468065385092213,0.332216113109513,0.193504197302256,0.0284995716968342,0.889719782908151,0.397163332663061,0.764862442316937,3.49704142011834,scoring/dir_001/AF-O02495-F1-model_v4.pdb
0.427677035094097,0.267063254990371,0.356332953580158,0.0526056470175476,0.529349596273543,0.266748747247015,0.818261782106997,8.60381861575179,scoring/dir_001/AF-O02639-F1-model_v4.pdb
0.760440087184185,0.353798347409558,0.697305192794258,0.104293183870628,0.404199456587706,0.166513997889353,0.606187514940639,22.7537593984962,scoring/dir_001/AF-O16115-F1-model_v4.pdb
0.95656483541449,0.494031989696266,0.963578587671418,0.176872771785507,0.270621862553049,0.172114847644565,0.517834990755195,42.7317073170732,scoring/dir_001/AF-O16206-F1-model_v4.pdb
0.379039257139405,0.262183561140174,0.333156357464109,0.040475093555696,0.515857967522153,0.295227917552226,0.868080484711438,4.64372469635628,scoring/dir_001/AF-O16207-F1-model_v4.pdb
1.07170514029288,0.628394390226143,1.06968167221644,0.214647115395277,0.310341695563411,0.180977671669186,0.429475409247132,30.8,scoring/dir_001/AF-O16208-F1-model_v4.pdb
0.892766179581268,0.416063349835127,0.859621418631498,0.147136962105722,0.436195958156348,0.163717297846746,0.51279304842332,31.1643625192012,scoring/dir_001/AF-O16228-F1-model_v4.pdb
0.564905570309693,0.428836169544297,0.300096942889002,0.0521150702371773,0.76947719370972,0.401281089708057,0.699543268060262,3.51219512195122,scoring/dir_001/AF-O16248-F1-model_v4.pdb
0.869721651170424,0.48552212696127,0.798728545445607,0.149616546807871,0.285438048686485,0.208702645577548,0.542251520872242,19.2450980392157,scoring/dir_001/AF-O16254-F1-model_v4.pdb
0.534033386034875,0.372652856412651,0.140457160622124,0.0220524769936105,0.937529269250734,0.401221006626872,0.729030374220801,3.4965034965035,scoring/dir_001/AF-O16263-F1-model_v4.pdb
0.879327268033063,0.432186263351522,0.880431574443389,0.161377941137878,0.241010347893932,0.179024071563198,0.565563131710329,44.2323943661972,scoring/dir_001/AF-O16267-F1-model_v4.pdb
0.817414684168895,0.447075201018237,0.782861482776149,0.142937874455163,0.349201946899145,0.193797273594099,0.592276121320801,24.495652173913,scoring/dir_001/AF-O16282-F1-model_v4.pdb
0.822508416286659,0.59871396989018,0.682719945051302,0.143016952899819,0.5422387722081,0.315062123880319,0.565074937593092,4.546875,scoring/dir_001/AF-O16298-F1-model_v4.pdb
0.714203975133032,0.42555329350904,0.551803766435597,0.0705166174693269,0.760724844186525,0.212485275589137,0.650664182761506,13.4324324324324,scoring/dir_001/AF-O16305-F1-model_v4.pdb
0.771136992350119,0.355968604699622,0.742767604884745,0.12160515711814,0.362769810181243,0.169302365731042,0.605551247718043,20.7172859450727,scoring/dir_001/AF-O16314-F1-model_v4.pdb
0.714075770253752,0.334131127880631,0.649024324844656,0.0843809107387318,0.497644722633335,0.163995215418034,0.63981615111068,20.5371900826446,scoring/dir_001/AF-O16343-F1-model_v4.pdb
0.923457470000412,0.562666035376285,0.91388727521908,0.167951867930821,0.353565485748103,0.2040069510248,0.535312765111401,21.160409556314,scoring/dir_001/AF-O16344-F1-model_v4.pdb
0.604501634862779,0.347108445972708,0.600822456637075,0.117743355141942,0.355567653349635,0.233297149578958,0.725514314304067,13.9221698113208,scoring/dir_001/AF-O16364-F1-model_v4.pdb
0.9198810184271,0.462487775097966,0.858510576033589,0.134002132666815,0.378958287797024,0.166662122955634,0.5086310051544,22.2275,scoring/dir_001/AF-O16369-F1-model_v4.pdb
0.809443796995625,0.382725995870388,0.753256070549154,0.108052875466188,0.355166313653272,0.169418419359717,0.581304789519564,16.2576530612245,scoring/dir_001/AF-O16409-F1-model_v4.pdb
0.88524854158825,0.64107297896008,0.742698696427907,0.23340579544477,0.540060260064623,0.364889472653714,0.472832863870099,8.04580152671756,scoring/dir_001/AF-O16447-F1-model_v4.pdb
0.717707450512092,0.360861145459374,0.669095253729286,0.0997781964333096,0.323527292445433,0.18952724938639,0.661231692233325,18.1987704918033,scoring/dir_001/AF-O16450-F1-model_v4.pdb
0.86663497786597,0.438520569147646,0.820997437601417,0.132074842171023,0.261961526637817,0.178193074024142,0.580314454961168,26.4503042596349,scoring/dir_001/AF-O16453-F1-model_v4.pdb
0.687917522390597,0.367099314811792,0.688050419746714,0.120292624910014,0.221674176081079,0.194871579331477,0.692360995510766,27.7209944751381,scoring/dir_001/AF-O16456-F1-model_v4.pdb
0.557887107906609,0.336171223604062,0.551513950133201,0.108115942080569,0.301515614945949,0.246887137205429,0.764178511368693,16.9201277955272,scoring/dir_001/AF-O16488-F1-model_v4.pdb
0.694871088070205,0.353819176950268,0.6787750110986,0.105978370594735,0.433842542582574,0.179486947620962,0.675809995918614,35.837962962963,scoring/dir_001/AF-O16567-F1-model_v4.pdb
0.913603989557057,0.490219027045421,0.851874536608631,0.126568600630117,0.388572257170858,0.17486331534699,0.517542854082067,15.5718309859155,scoring/dir_001/AF-O16573-F1-model_v4.pdb
0.435156728020977,0.27356140951269,0.371074811324468,0.0514167971576201,0.536870180147133,0.275026821817123,0.818840251163651,7.78102189781022,scoring/dir_001/AF-O16585-F1-model_v4.pdb
0.889142650129326,0.477310429761993,0.892403101448282,0.171368016486558,0.287706766315041,0.191861210456893,0.546105511392604,37.9364161849711,scoring/dir_001/AF-O16586-F1-model_v4.pdb
0.803495178245276,0.451317332962905,0.763787840897599,0.122301891568187,0.379138864066275,0.191920492710729,0.623705270271342,24.2260061919505,scoring/dir_001/AF-O16611-F1-model_v4.pdb
0.987421013988892,0.678397395529657,0.917025380401581,0.206047690244242,0.379089313917846,0.277451071990447,0.531019988670946,15.4294478527607,scoring/dir_001/AF-O16620-F1-model_v4.pdb
0.995215948745102,0.536239143936289,1.00764660908613,0.20375396305856,0.237247459323308,0.179026466446594,0.487059209332455,42.7535353535354,scoring/dir_001/AF-O16641-F1-model_v4.pdb
0.848733134413364,0.452603709986249,0.810492896266005,0.140293246708473,0.282135296642029,0.193893580928244,0.573698699942628,27.141689373297,scoring/dir_001/AF-O16654-F1-model_v4.pdb
0.82753268961626,0.514753685870422,0.80794538887502,0.172532182081202,0.38907349431315,0.23488496806215,0.603571204432349,16.7940298507463,scoring/dir_001/AF-O16681-F1-model_v4.pdb
0.379624369613745,0.292981991647293,0.2627428667456,0.0222576615130836,0.85563770223647,0.366695325904626,0.865034781135776,3.49645390070922,scoring/dir_001/AF-O16705-F1-model_v4.pdb
0.873594199858106,0.494319438584398,0.871669731342182,0.166014627048348,0.236352278133945,0.201132305621607,0.584279983771617,36.8041775456919,scoring/dir_001/AF-O16707-F1-model_v4.pdb
0.663182155352339,0.326580454947014,0.614037697487186,0.0913444688039998,0.326041261981948,0.192539071084557,0.6888870043558,18.8514285714286,scoring/dir_001/AF-O16759-F1-model_v4.pdb
0.799333465461212,0.419997904907099,0.791534318856547,0.155803029550851,0.379941257107446,0.198545011574645,0.6038693996383,24.3147751605996,scoring/dir_001/AF-O16784-F1-model_v4.pdb
0.714349385072606,0.555878246920333,0.454185568064073,0.0636583880140918,0.839108410723214,0.371137978906875,0.680968768140232,3.61344537815126,scoring/dir_001/AF-O16896-F1-model_v4.pdb
0.903193397937988,0.541866637833979,0.838244091136704,0.142469144160992,0.41033698958197,0.203295380842065,0.527491160021835,24.1884057971014,scoring/dir_001/AF-O16927-F1-model_v4.pdb
0.771819622746096,0.357604900351348,0.700963699746381,0.10165297376354,0.406139953077114,0.175267973820449,0.614566594841332,21.4475374732334,scoring/dir_001/AF-O16945-F1-model_v4.pdb
0.729253445245408,0.432019792063325,0.591042990584179,0.0848552579432539,0.542608477472447,0.236409984832674,0.659617666851109,8.34965034965035,scoring/dir_001/AF-O16949-F1-model_v4.pdb
0.462625825452271,0.285621273244302,0.413078685591033,0.0433353817226956,0.411705488449865,0.231459443022992,0.814782060006209,6.66758241758242,scoring/dir_001/AF-O16957-F1-model_v4.pdb
0.643894540135476,0.353709268408812,0.500694252522208,0.0780739932812637,0.533655227046811,0.240286608265934,0.669849686369339,8.27436823104693,scoring/dir_001/AF-O17024-F1-model_v4.pdb
0.675189921209747,0.491281419854097,0.476616309890024,0.0745751432681194,0.732895102587408,0.3518708164051,0.687354925453176,3.8265306122449,scoring/dir_001/AF-O17058-F1-model_v4.pdb
0.502465755676515,0.257280169751782,0.434859224217587,0.0549941691574883,0.333974379125526,0.199086410039918,0.756173033691944,17.0542452830189,scoring/dir_001/AF-O17168-F1-model_v4.pdb
0.566943355110539,0.317123664562096,0.518429818959041,0.0695586058072288,0.467520434743056,0.203310898404111,0.756301426593433,13.816265060241,scoring/dir_001/AF-O17184-F1-model_v4.pdb
0.377348987877566,0.294064266842581,0.255129352850655,0.0219033394324101,0.850830979895933,0.369751664123415,0.864287285071354,3.51968503937008,scoring/dir_001/AF-O17210-F1-model_v4.pdb
0.932545406892341,0.504476495873452,0.842559557981183,0.138246962830338,0.53584578095714,0.190543924694293,0.496466740233266,15,scoring/dir_001/AF-O17215-F1-model_v4.pdb
0.986934003168319,0.552451050965177,0.918724522667299,0.15385745649391,0.465340400457815,0.180401058706144,0.46526514236458,23.7845744680851,scoring/dir_001/AF-O17218-F1-model_v4.pdb
0.809339608666373,0.391828457962774,0.748754593594952,0.129265673654551,0.265880266323238,0.184410864031313,0.56461432792346,25.5122494432071,scoring/dir_001/AF-O17220-F1-model_v4.pdb
0.899083598379876,0.488296288803809,0.851738394421666,0.137910319050614,0.250442170743503,0.186094446673875,0.530857998388039,22.5068119891008,scoring/dir_001/AF-O17257-F1-model_v4.pdb
1.00916136035098,0.650856523343422,0.969859969475323,0.201344287036321,0.452949347865371,0.218058792458122,0.414882533988406,20.26171875,scoring/dir_001/AF-O17268-F1-model_v4.pdb
0.886392603669092,0.469500109903935,0.880259014139653,0.156299384434885,0.378560857197274,0.176441834409237,0.556081751244545,42.7591240875912,scoring/dir_001/AF-O17271-F1-model_v4.pdb
0.633887184243284,0.488512532925867,0.509327947912618,0.0649346030503711,0.710056011103016,0.347367774867077,0.77222468198327,3.58385093167702,scoring/dir_001/AF-O17287-F1-model_v4.pdb
0.635935851593855,0.361782395885278,0.626785580678164,0.108845449998326,0.258606318451527,0.210104221666518,0.724387629546212,29.8554572271386,scoring/dir_001/AF-O17289-F1-model_v4.pdb
0.664556017382007,0.357874898659905,0.663602989899935,0.113705011638967,0.245604245239712,0.190571810574752,0.713532970385796,32.2849462365591,scoring/dir_001/AF-O17290-F1-model_v4.pdb
0.883705967588867,0.505057225339294,0.884610981050873,0.167158187196492,0.266216710873576,0.200652512640831,0.573265683059006,35.4513715710723,scoring/dir_001/AF-O17345-F1-model_v4.pdb
0.812207027950962,0.391874620186104,0.779459639286741,0.131551827005688,0.226479045599591,0.181558043585397,0.585262840792071,31.0103305785124,scoring/dir_001/AF-O17346-F1-model_v4.pdb
1.06605719495248,0.639497534779312,1.04826627199941,0.187654301010573,0.399817548339644,0.181886792200276,0.450473795349083,29.906976744186,scoring/dir_001/AF-O17357-F1-model_v4.pdb
0.830446080501944,0.503622119399038,0.727547821730523,0.101459452255806,0.45881207849223,0.209416595543175,0.602109571551376,13.2648083623693,scoring/dir_001/AF-O17387-F1-model_v4.pdb
0.37032162276831,0.299585439596596,0.298898873807086,0.0292317354704538,0.81248348899571,0.386115290313307,0.892680992687991,3.63768115942029,scoring/dir_001/AF-O17389-F1-model_v4.pdb
0.956109983088064,0.593253791483605,0.830173586368112,0.149545070755961,0.512551474330135,0.272863008585293,0.521521700303626,5.78688524590164,scoring/dir_001/AF-O17541-F1-model_v4.pdb
1.16670165595093,0.90783658955339,1.10705148171715,0.242756800081596,0.350233801102746,0.256462439043436,0.382660011469917,10.2923076923077,scoring/dir_001/AF-O17542-F1-model_v4.pdb
1.16448303068022,0.910165213178178,1.1335849219694,0.255302641525505,0.299586645430712,0.268206230207557,0.402770492740781,10.3066666666667,scoring/dir_001/AF-O17545-F1-model_v4.pdb
1.26016751035007,0.936542347901236,1.1257835437334,0.232656986945615,0.547833674623396,0.213720217164648,0.235603553122404,19.7441860465116,scoring/dir_001/AF-O17570-F1-model_v4.pdb
0.803090252643207,0.443221328352224,0.758765262210317,0.124224444759346,0.358724759155318,0.186631250597153,0.609069474417126,26.0247747747748,scoring/dir_001/AF-O17574-F1-model_v4.pdb
0.697030348381885,0.4895761604436,0.674142192200746,0.125526716011139,0.482318174659924,0.281685043920468,0.72819645390253,13.4372093023256,scoring/dir_001/AF-O17587-F1-model_v4.pdb
0.524993081516315,0.310155345980407,0.491651017084036,0.0684446063709637,0.414554715570946,0.207880972329967,0.783993971486741,19.5016286644951,scoring/dir_001/AF-O17593-F1-model_v4.pdb
0.873947532046244,0.410443082036225,0.846746981316538,0.136005782482146,0.406488651234222,0.161238359325197,0.545535735819547,33.4761904761905,scoring/dir_001/AF-O17599-F1-model_v4.pdb
0.963453831669861,0.501053056423486,0.963017306091549,0.180276046230663,0.278474023889508,0.171017144702614,0.519116019519115,38.3692660550459,scoring/dir_001/AF-O17613-F1-model_v4.pdb
0.844288846552525,0.390396432357648,0.798944934817981,0.115359141129011,0.403536177908796,0.155862168767743,0.560498215258998,38.7608318890815,scoring/dir_001/AF-O17622-F1-model_v4.pdb
0.792296302437482,0.349945974776421,0.775367495769727,0.122840595005699,0.209835726376589,0.167894991745553,0.614796135160011,36.0607553366174,scoring/dir_001/AF-O17629-F1-model_v4.pdb
1.03483410502391,0.535669326314241,1.05420850563324,0.205818101788486,0.184947392725602,0.172648139745776,0.478315250224782,44.5684007707129,scoring/dir_001/AF-O17630-F1-model_v4.pdb
0.811694529141672,0.438074561148211,0.810084512539982,0.14469603818592,0.249549641530629,0.189814325405718,0.622222005767572,36.53125,scoring/dir_001/AF-O17635-F1-model_v4.pdb
0.914628161695988,0.526066354593893,0.828878285535296,0.135139528263022,0.410699894340876,0.200016593438964,0.518841477717724,17.6398601398601,scoring/dir_001/AF-O17681-F1-model_v4.pdb
1.30112339331927,0.914931849961676,1.1462455956912,0.228951264436555,0.453419825768245,0.200955493532132,0.271245644807142,15.8122448979592,scoring/dir_001/AF-O17685-F1-model_v4.pdb
1.12775268202651,0.741950109540234,1.05024204507414,0.186729908468423,0.293114342138861,0.205151515690114,0.437590758564568,15.5837104072398,scoring/dir_001/AF-O17688-F1-model_v4.pdb
0.489173494979827,0.334137692292852,0.426401940279707,0.0617201089910889,0.543145845830062,0.298629165459805,0.807316369532489,3.98630136986301,scoring/dir_001/AF-O17694-F1-model_v4.pdb
1.02379470460057,0.686562130942008,0.739653757644351,0.114171523784009,0.683524996947083,0.22461756058443,0.401830185706755,11.9119170984456,scoring/dir_001/AF-O17712-F1-model_v4.pdb
0.737941035034019,0.350199514054858,0.654562716645347,0.0992706147867057,0.431125328319595,0.188929802805091,0.63362532323539,16.1361788617886,scoring/dir_001/AF-O17725-F1-model_v4.pdb
0.76362739853716,0.385218142615894,0.68249522803835,0.108723037523996,0.416725488583829,0.192261061930021,0.601906566440938,16.8511627906977,scoring/dir_001/AF-O17726-F1-model_v4.pdb
0.805526418763248,0.398453903580747,0.743568470763555,0.10615112157133,0.429120068571917,0.169993964654637,0.593686261445512,19.9664082687339,scoring/dir_001/AF-O17731-F1-model_v4.pdb
0.806344833816538,0.437886561317686,0.790737301370748,0.142893238883844,0.39860625985555,0.204267322012421,0.604856356428393,34.5503875968992,scoring/dir_001/AF-O17776-F1-model_v4.pdb
0.439384129684799,0.337004599399338,0.2868317259988,0.0351800227701857,0.791342404742316,0.379629135006331,0.819680100959373,3.50632911392405,scoring/dir_001/AF-O17778-F1-model_v4.pdb
0.71327699595708,0.348881491293948,0.631508753955092,0.0797149194870612,0.335944751258851,0.178053703744024,0.615490436201983,16.2864864864865,scoring/dir_001/AF-O17783-F1-model_v4.pdb
0.682724317578339,0.417399494002264,0.32607574562728,0.0482316803979403,0.697623835357865,0.306981437824836,0.647895702293285,4.50322580645161,scoring/dir_001/AF-O17811-F1-model_v4.pdb
0.884711043278768,0.504192265999266,0.876654902183328,0.178857678943317,0.331547202000052,0.215436678610644,0.551648002199288,20.1756373937677,scoring/dir_001/AF-O17815-F1-model_v4.pdb
0.532961331411809,0.377812435033243,0.487552788152865,0.0711534683614124,0.398623386220777,0.291195938225918,0.817957066730971,6.10344827586207,scoring/dir_001/AF-O17839-F1-model_v4.pdb
0.734002249868944,0.341673061334073,0.705633587306961,0.112871484903519,0.365807229888924,0.174389519904396,0.620721384622789,25.2131782945736,scoring/dir_001/AF-O17901-F1-model_v4.pdb
0.884929886714787,0.486524754990617,0.857887817251222,0.157756076496789,0.300923334201995,0.190312805193534,0.565044849068996,24.9194630872483,scoring/dir_001/AF-O17902-F1-model_v4.pdb
0.800974615260977,0.433533893607764,0.790395934474507,0.140214986676252,0.332037690160904,0.194661140074646,0.613928369534962,28.4254143646409,scoring/dir_001/AF-O17962-F1-model_v4.pdb
0.527324615107667,0.331354567045858,0.471685465932583,0.0619226806287962,0.472999555096405,0.242164256506196,0.78242273987531,7.91496598639456,scoring/dir_001/AF-O17974-F1-model_v4.pdb
0.822189687690402,0.383744251787679,0.809489575881588,0.130164342530312,0.364183800368229,0.167225882740161,0.559454281185032,21.3726851851852,scoring/dir_001/AF-O17999-F1-model_v4.pdb
0.64204540820004,0.47140402361624,0.574591288794619,0.0818825262356774,0.446610565121445,0.306295769862795,0.748972062918633,4.02941176470588,scoring/dir_001/AF-O18011-F1-model_v4.pdb
0.616348674061338,0.324292452318303,0.560132605971615,0.0858979105331395,0.372087453946642,0.217570178068718,0.743927766808101,28.696261682243,scoring/dir_001/AF-O18054-F1-model_v4.pdb
0.885701501702684,0.476093680342636,0.890886308604263,0.169988859508958,0.264965233287594,0.181075264909156,0.558445609178643,37.6419491525424,scoring/dir_001/AF-O18076-F1-model_v4.pdb
0.839957746044408,0.404097250599515,0.772831882165335,0.115505443675473,0.38504428520239,0.173936308599351,0.561360726273356,17.6795865633075,scoring/dir_002/AF-O18088-F1-model_v4.pdb
0.863138965841951,0.438063274538682,0.783108885990601,0.119675491401039,0.429053871610487,0.180307660858231,0.556421050653826,19.4892086330935,scoring/dir_002/AF-O18089-F1-model_v4.pdb
0.663056543382475,0.404965404378423,0.650275652840111,0.113014129928523,0.349363447185776,0.22263811972014,0.710851802115631,31.2885906040268,scoring/dir_002/AF-O18096-F1-model_v4.pdb
0.997815775062998,0.582922417398594,0.947238754070752,0.165361490530439,0.292382316672513,0.195477740540345,0.477975586476052,16.2300469483568,scoring/dir_002/AF-O18126-F1-model_v4.pdb
0.51845128564401,0.283882686950806,0.447307917674688,0.0529859076772948,0.519944860000108,0.205944881157868,0.77278811181173,16.1964285714286,scoring/dir_002/AF-O18128-F1-model_v4.pdb
1.16992859125816,0.757412976678711,1.13017014110539,0.252707815579638,0.442393463661081,0.205167347782318,0.348399867837257,24.9184397163121,scoring/dir_002/AF-O18156-F1-model_v4.pdb
0.494202262099499,0.307392235145067,0.441045188250734,0.0630304131046634,0.499163270282392,0.247170575906312,0.804766854386067,18.7598566308244,scoring/dir_002/AF-O18180-F1-model_v4.pdb
0.603828336688663,0.314787066264422,0.563007456932008,0.0909952957653719,0.31173428967124,0.204926090454223,0.71871159297097,25.0782241014799,scoring/dir_002/AF-O18202-F1-model_v4.pdb
0.61098436782085,0.466136189210592,0.432675919825164,0.0882709918840152,0.876600058614478,0.398925630216488,0.742857923223317,3.50877192982456,scoring/dir_002/AF-O18208-F1-model_v4.pdb
0.886480475260128,0.518666930864965,0.820028798300723,0.150355007354497,0.496098470216576,0.208180199580694,0.51339320613002,24.1901408450704,scoring/dir_002/AF-O18219-F1-model_v4.pdb
0.7426791621547,0.394068395742025,0.731238236945022,0.113102898724686,0.234813304750261,0.18212002206609,0.672791878226616,26.4554455445545,scoring/dir_002/AF-O18225-F1-model_v4.pdb
0.773174710558288,0.364720306572516,0.691471321335755,0.101259643184013,0.387267459735125,0.176598052898623,0.619085551074472,20.6371134020619,scoring/dir_002/AF-O18226-F1-model_v4.pdb
0.878736260916251,0.531889862021186,0.792822116053572,0.123659040558562,0.341988618048811,0.211397900430085,0.573588465904409,15.8031496062992,scoring/dir_002/AF-O18236-F1-model_v4.pdb
0.722576512882144,0.391479430128029,0.699119034018493,0.125596367822754,0.300044383177118,0.203199688896909,0.649297319037627,15.5972602739726,scoring/dir_002/AF-O18240-F1-model_v4.pdb
0.586498939444082,0.402012372880308,0.494090477922676,0.0661186407746615,0.554134516090688,0.27576536945901,0.775275687856411,5.77862595419847,scoring/dir_002/AF-O18259-F1-model_v4.pdb
0.925697338375735,0.488122919524615,0.866727707871666,0.146595172469318,0.316120911435942,0.182425109897201,0.546425842023993,26.7244897959184,scoring/dir_002/AF-O18650-F1-model_v4.pdb
0.47939880772385,0.354195775099324,0.406753582474916,0.0505874793208344,0.541016762603014,0.317665131881207,0.823189403374494,4.63942307692308,scoring/dir_002/AF-O18686-F1-model_v4.pdb
0.784835942306513,0.565002446553727,0.694262487467297,0.098338315113745,0.438268876710355,0.272525633198651,0.657113745752459,4.36220472440945,scoring/dir_002/AF-O18687-F1-model_v4.pdb
1.15714642100927,0.763983517874638,1.10839261069509,0.230501032766369,0.502606848020243,0.212731539774327,0.316551679208486,22.6744186046512,scoring/dir_002/AF-O18694-F1-model_v4.pdb
0.545212773876485,0.346230020297874,0.502534066502585,0.081065557483364,0.298858790303923,0.254643221092113,0.790667532601943,19.2460317460317,scoring/dir_002/AF-O44133-F1-model_v4.pdb
0.943250986624743,0.530591428267523,0.853474705832008,0.13354195441279,0.468615444165925,0.189089647454979,0.490167110325151,15.2097902097902,scoring/dir_002/AF-O44138-F1-model_v4.pdb
0.754300772786115,0.512748398104739,0.525280762442054,0.0566824683875741,0.712056579589306,0.262529277917457,0.618140842474534,4.95757575757576,scoring/dir_002/AF-O44142-F1-model_v4.pdb
0.5929506292249,0.327446956462543,0.542118076814563,0.0899665125608831,0.336292806412193,0.224188037405838,0.733525922195742,31.3351498637602,scoring/dir_002/AF-O44159-F1-model_v4.pdb
0.640008014533756,0.384162195982594,0.6285381110546,0.119488639500275,0.367230572207206,0.236967096634939,0.705647201967542,9.66584158415842,scoring/dir_002/AF-O44185-F1-model_v4.pdb
0.669402397805917,0.34880646076161,0.665472617467475,0.123452535213305,0.291115315468092,0.202981954974112,0.681388998793814,30.0806916426513,scoring/dir_002/AF-O44440-F1-model_v4.pdb
0.548847746398431,0.360863655851401,0.390113629432485,0.0788612872795582,0.3505251603947,0.337521847557658,0.760441426587644,5.5771144278607,scoring/dir_002/AF-O44441-F1-model_v4.pdb
0.439392444146327,0.332944250172261,0.23873116741908,0.0251052033700432,0.873823686369234,0.38981410505015,0.821058906711125,3.48663101604278,scoring/dir_002/AF-O44445-F1-model_v4.pdb
1.22665591673475,0.921457554152535,1.1906290943721,0.295195303514234,0.361311975273576,0.251476415057514,0.269546575163458,11.0588235294118,scoring/dir_002/AF-O44449-F1-model_v4.pdb
0.588147144048317,0.333352833571162,0.545844050171866,0.0693343733629196,0.359369610870859,0.201261459548866,0.745580912651363,10.8277945619335,scoring/dir_002/AF-O44455-F1-model_v4.pdb
0.874046106403171,0.574181020863776,0.708188231324253,0.0915963598761405,0.581529511304434,0.231829135111906,0.588881532292093,11.7639484978541,scoring/dir_002/AF-O44457-F1-model_v4.pdb
1.25403617443173,0.966624530303345,1.22995660080239,0.282175571399812,0.396879115344216,0.212102574589237,0.247309511879154,22.9166666666667,scoring/dir_002/AF-O44471-F1-model_v4.pdb
0.539951518265183,0.294780238733418,0.496896425448478,0.0831173178559962,0.359397434487107,0.227962263268495,0.743747333955406,12.9343065693431,scoring/dir_002/AF-O44477-F1-model_v4.pdb
0.672502437591166,0.339127813142748,0.656650628140326,0.110991706033705,0.321666550890038,0.187603484071359,0.678381428770551,26.6575682382134,scoring/dir_002/AF-O44480-F1-model_v4.pdb
1.07381473102911,0.685092081378599,0.996937835781375,0.180874911079654,0.420933124041455,0.196919061304864,0.421310681286719,20.8106060606061,scoring/dir_002/AF-O44486-F1-model_v4.pdb
0.825733443943293,0.381407880278152,0.79912948932171,0.123325990867788,0.390011636843763,0.165029743361611,0.575428166639922,21.5227272727273,scoring/dir_002/AF-O44493-F1-model_v4.pdb
0.603911713682407,0.34802950128586,0.571256734813536,0.0920621074269556,0.386604129078833,0.219089010304721,0.732266072522089,20.6776556776557,scoring/dir_002/AF-O44504-F1-model_v4.pdb
0.482178662231203,0.290935079554714,0.440608580339689,0.0641332654064778,0.384442163316942,0.233978915433791,0.806991464864442,8.49392712550607,scoring/dir_002/AF-O44509-F1-model_v4.pdb
0.574670737122057,0.333223010269197,0.537219244970959,0.0807347069126752,0.399056659552012,0.21144441474536,0.753197395894587,24.1460317460317,scoring/dir_002/AF-O44530-F1-model_v4.pdb
0.977985490289641,0.551720106203767,0.944530447901283,0.170589074442452,0.467741128318948,0.18531443215926,0.478991262928367,34.9212827988338,scoring/dir_002/AF-O44550-F1-model_v4.pdb
0.748685392822444,0.4126526601609,0.694154656049431,0.0964400424496416,0.498120591555619,0.187705264243581,0.631805107635157,12.0032679738562,scoring/dir_002/AF-O44559-F1-model_v4.pdb
0.902985827055512,0.417084639785847,0.883704845370678,0.145994760124203,0.288906834469253,0.159816007433161,0.543456936355825,41.4483985765125,scoring/dir_002/AF-O44566-F1-model_v4.pdb
0.32854226523527,0.251364911229518,0.255018485975997,0.0263352041881728,0.769151834342811,0.356387975815995,0.89227200459152,3.67595818815331,scoring/dir_002/AF-O44572-F1-model_v4.pdb
1.0313718352493,0.569882185077684,1.02988111054626,0.206393630444963,0.360411987890049,0.188333654598565,0.42283009013959,30.9151515151515,scoring/dir_002/AF-O44578-F1-model_v4.pdb
0.566023671466754,0.33765618630385,0.546839066252408,0.095516963886608,0.395380451638095,0.240511593710296,0.746699335838846,13.5601173020528,scoring/dir_002/AF-O44587-F1-model_v4.pdb
0.673125577837924,0.413541675279475,0.65923319243705,0.127845489680333,0.372760110236783,0.236654896800001,0.690498776038575,17.0420560747664,scoring/dir_002/AF-O44588-F1-model_v4.pdb
0.712318252961644,0.369856920638546,0.709453528984614,0.13203221318925,0.308491539515846,0.190680495364214,0.666348442945593,26.0141242937853,scoring/dir_002/AF-O44590-F1-model_v4.pdb
0.76156524974665,0.382920927645266,0.763507462302294,0.149248116332491,0.309601469186397,0.19713853137688,0.624587720780083,25.9607438016529,scoring/dir_002/AF-O44621-F1-model_v4.pdb
0.788093535115471,0.409053672851968,0.788453022838699,0.155090618950235,0.311834805225783,0.195896810538113,0.620053837491623,25.9360341151386,scoring/dir_002/AF-O44622-F1-model_v4.pdb
0.643219235797537,0.355289371023855,0.634189780202826,0.118908636987442,0.327839024572348,0.217135224266206,0.704037787984714,18.6870026525199,scoring/dir_002/AF-O44667-F1-model_v4.pdb
0.643827529752144,0.373332193474623,0.632505302793203,0.112401026917433,0.333049958706995,0.219284377791205,0.714764732769227,19.2284946236559,scoring/dir_002/AF-O44675-F1-model_v4.pdb
0.779339303285209,0.402831554380169,0.763344017144421,0.126760799407469,0.233640873289237,0.187631373092825,0.642778497870202,26.3502824858757,scoring/dir_002/AF-O44691-F1-model_v4.pdb
1.03215567533835,0.617392815630522,1.00092479113214,0.181797047165104,0.362657205363205,0.185374164277584,0.445497751143824,17.0743243243243,scoring/dir_002/AF-O44723-F1-model_v4.pdb
0.953389145822345,0.485320537208647,0.889874118931984,0.144391939064701,0.33990076894411,0.170552197753949,0.519234435576351,23.5944055944056,scoring/dir_002/AF-O44727-F1-model_v4.pdb
0.588454864234051,0.263312186921755,0.473192329191772,0.0555067240775106,0.517597372953494,0.176541201610201,0.677328471425563,19.4430693069307,scoring/dir_002/AF-O44746-F1-model_v4.pdb
0.733017497215812,0.346920673253679,0.705859025412668,0.123444237880014,0.22861787792603,0.181333397394604,0.64321119688646,39.8501742160279,scoring/dir_002/AF-O44789-F1-model_v4.pdb
0.676390574465756,0.369497829417028,0.649284369580917,0.111885297677723,0.356237599378818,0.199187281956974,0.682026304608697,28.3051948051948,scoring/dir_002/AF-O44797-F1-model_v4.pdb
0.725909008945686,0.557886267309692,0.575353579275873,0.0674643300657959,0.802773158965447,0.317924539659197,0.697787203792304,3.65060240963855,scoring/dir_002/AF-O44802-F1-model_v4.pdb
0.422379311088395,0.242937483468257,0.362232772448616,0.0541065723123783,0.453290795152319,0.249358520240996,0.809361674031045,11.935960591133,scoring/dir_002/AF-O44803-F1-model_v4.pdb
0.88828669136312,0.457660902455694,0.854998731218242,0.143541819417133,0.281291369963768,0.17908470428504,0.545755151500204,22.5907928388747,scoring/dir_002/AF-O44809-F1-model_v4.pdb
0.931590510181238,0.561396051701661,0.883256740604397,0.147893646578173,0.530033218567729,0.198124742488934,0.476296926742687,15.1775147928994,scoring/dir_002/AF-O44813-F1-model_v4.pdb
0.873181046193014,0.610178792421372,0.738850650179642,0.114820885449141,0.561702310420063,0.261611532475623,0.542326622730732,6.24561403508772,scoring/dir_002/AF-O44852-F1-model_v4.pdb
0.734907726720192,0.365138297017964,0.736635700251015,0.134614018835931,0.206834655111946,0.180358354591348,0.659826647431907,43.5963488843813,scoring/dir_002/AF-O44853-F1-model_v4.pdb
0.992005992906005,0.554325909945754,0.923967062068104,0.168437167510786,0.4656487262905,0.188411278350439,0.467231853951908,20.9462686567164,scoring/dir_002/AF-O44899-F1-model_v4.pdb
0.970501254435205,0.514016649689056,0.976435143942287,0.190733861780043,0.25653178588925,0.177640685655693,0.503190320243554,44.5105973025048,scoring/dir_002/AF-O44910-F1-model_v4.pdb
0.662273938316197,0.356914100293704,0.595510658840187,0.0763126181280571,0.440276262919888,0.198034068140474,0.686868045128231,14.3395721925134,scoring/dir_002/AF-O44919-F1-model_v4.pdb
0.720226483654857,0.350237819450281,0.65952962244339,0.100982311654554,0.390140391555056,0.188509346066923,0.629098660019368,16.8266978922717,scoring/dir_002/AF-O44921-F1-model_v4.pdb
0.741360774381155,0.36025997872409,0.711729848573268,0.107819997265877,0.306484136462097,0.181291902168822,0.626680148727099,18.2429245283019,scoring/dir_002/AF-O44922-F1-model_v4.pdb
0.696846118983057,0.425719014156208,0.673295560951634,0.143212421166861,0.426384976162847,0.249114969844814,0.657576794072613,10.9012738853503,scoring/dir_002/AF-O44949-F1-model_v4.pdb
0.836668995767077,0.542867147932046,0.762956408264856,0.158755978475136,0.307086559489258,0.276776340206174,0.584063049310054,15.7537688442211,scoring/dir_002/AF-O44953-F1-model_v4.pdb
0.485744257743208,0.32734806494662,0.436019076447669,0.0540620213975544,0.426746811941887,0.260867282433254,0.825865935101265,6,scoring/dir_002/AF-O44955-F1-model_v4.pdb
0.450046664783704,0.346842210997366,0.31363772150797,0.0322527289222592,0.693022049278095,0.366350259811102,0.834709247647343,3.67063492063492,scoring/dir_002/AF-O44956-F1-model_v4.pdb
0.746013115167152,0.393278787357535,0.667502577079005,0.0858346940374285,0.40391437457451,0.187653684006965,0.655354371988713,14.219298245614,scoring/dir_002/AF-O44962-F1-model_v4.pdb
0.732432314478073,0.383882348477645,0.643735972741028,0.0848013334016344,0.502044262684106,0.181591995521183,0.645547670093203,18.4114285714286,scoring/dir_002/AF-O44975-F1-model_v4.pdb
0.595289643399264,0.287270714068502,0.532560575963789,0.0758852901635676,0.329177047062097,0.191584371518115,0.715120665756727,19.8232931726908,scoring/dir_002/AF-O44990-F1-model_v4.pdb
0.928147391991981,0.491385193337638,0.878450316143022,0.156273938365324,0.331356663846592,0.186598928999086,0.533448307798747,16.303738317757,scoring/dir_002/AF-O45002-F1-model_v4.pdb
1.12031155574065,0.691951955172102,1.05401244070577,0.200925409004948,0.437384694459714,0.186804107995603,0.366589390046501,27.2459546925566,scoring/dir_002/AF-O45017-F1-model_v4.pdb
1.05860531891498,0.787841744480874,0.645340689263665,0.101874175258421,0.711575309425685,0.331564624216785,0.521219803915029,3.73863636363636,scoring/dir_002/AF-O45059-F1-model_v4.pdb
1.0237933912957,0.512228762697263,0.949171483998084,0.160533950153121,0.459906765185046,0.167773449929591,0.464142795860677,31.2989473684211,scoring/dir_002/AF-O45060-F1-model_v4.pdb
0.828007438217873,0.520386058208443,0.825191707967359,0.161389628494062,0.285410397858909,0.225929142903497,0.616221460375507,21.0521172638436,scoring/dir_002/AF-O45082-F1-model_v4.pdb
0.474279929082857,0.282190132203282,0.447064610932974,0.0654751251500525,0.473635153988142,0.228555055707155,0.799901933767724,8.43413173652695,scoring/dir_002/AF-O45103-F1-model_v4.pdb
0.732050032137872,0.335969299511893,0.690128610793261,0.11160879261998,0.3341175000956,0.181963451213549,0.631340988581792,18.9300970873786,scoring/dir_002/AF-O45153-F1-model_v4.pdb
0.698739093783495,0.336448443999454,0.662221363080821,0.0886790870041544,0.346847591801357,0.167512665728872,0.663265830075176,15.8755458515284,scoring/dir_002/AF-O45156-F1-model_v4.pdb
0.6814937939653,0.531375732364382,0.558535592798527,0.0892429207974488,0.727306939060152,0.373463052695157,0.705638625347246,3.66666666666667,scoring/dir_002/AF-O45226-F1-model_v4.pdb
1.01969061773357,0.592900993461003,0.997257082860672,0.190101555959731,0.314988693321658,0.190345183582148,0.482709701467735,33.9174041297935,scoring/dir_002/AF-O45241-F1-model_v4.pdb
0.607062663849921,0.450562729600493,0.254927981976213,0.0348164963652409,0.903980383741537,0.401488696171265,0.722027912963529,3.48905109489051,scoring/dir_002/AF-O45253-F1-model_v4.pdb
1.00842892286938,0.599986146561731,1.0229347037334,0.208807938123473,0.257274607198976,0.189589159179329,0.47735233670484,29.8461538461538,scoring/dir_002/AF-O45261-F1-model_v4.pdb
1.16053048714445,0.827349709446981,1.12071012899896,0.232306444323826,0.414322324248164,0.217888997442814,0.332613995317583,13.031746031746,scoring/dir_002/AF-O45288-F1-model_v4.pdb
0.568734716733189,0.346705203901454,0.370920081213286,0.0512237642168788,0.786788106003848,0.272503446471691,0.713810303955055,6.16129032258065,scoring/dir_002/AF-O45319-F1-model_v4.pdb
0.471963720137664,0.282111904793134,0.370704923286007,0.048951776250728,0.530370830291428,0.270108043603159,0.793855636077677,5.15720524017467,scoring/dir_002/AF-O45320-F1-model_v4.pdb
0.808003888165095,0.392617060998109,0.754987876642853,0.137023478994707,0.271871540601643,0.187198848538017,0.55946506998981,32.4557956777996,scoring/dir_002/AF-O45334-F1-model_v4.pdb
0.812845123480678,0.375487987549452,0.757975350313063,0.112742390290573,0.387381829772036,0.166020376796598,0.581115519265883,21.6926406926407,scoring/dir_002/AF-O45336-F1-model_v4.pdb
0.459660967477974,0.291250794623968,0.415608819253831,0.0577058426248348,0.391120504034627,0.249956375542389,0.822126215319834,8.84333333333333,scoring/dir_002/AF-O45346-F1-model_v4.pdb
0.839735567830504,0.478680163051443,0.777183992113645,0.131727347028286,0.331317606817637,0.199214139185077,0.608403698239491,23.6541786743516,scoring/dir_002/AF-O45370-F1-model_v4.pdb
0.903844172320567,0.409411027698093,0.850700294053143,0.13109546706292,0.522940031062321,0.157821941333953,0.511070695641938,32.6883910386965,scoring/dir_002/AF-O45379-F1-model_v4.pdb
0.467529999651394,0.361365479991562,0.243277300966708,0.0227913372786244,0.870786713212124,0.393559970464495,0.814218541632792,3.50697674418605,scoring/dir_002/AF-O45406-F1-model_v4.pdb
0.588092501427827,0.340219445993329,0.577027285445411,0.0963943535153966,0.335121577327701,0.209136991082755,0.75020685145203,29.9077809798271,scoring/dir_002/AF-O45423-F1-model_v4.pdb
1.06719555965377,0.661178303359955,1.0682700722728,0.232731921555409,0.289823863684057,0.207085427632052,0.419064913711372,34.8987341772152,scoring/dir_002/AF-O45433-F1-model_v4.pdb
0.738292828459786,0.416198090571417,0.719308998117955,0.122248711516405,0.336784116979747,0.202622898530017,0.649986345722997,29.0316301703163,scoring/dir_002/AF-O45447-F1-model_v4.pdb
0.973705213440824,0.487775526695504,0.957034943855147,0.166339420588928,0.341742966056248,0.172099659493882,0.47788956614546,24.3046875,scoring/dir_002/AF-O45495-F1-model_v4.pdb
0.749287967433515,0.346047839138465,0.725707250118168,0.105832949179069,0.346880481768173,0.159734168944109,0.634245989014863,30.2262931034483,scoring/dir_002/AF-O45498-F1-model_v4.pdb
0.838415217079082,0.50965445899903,0.807466545492403,0.155384191768952,0.414282582125574,0.23710344479957,0.6097476794206,19.0632183908046,scoring/dir_002/AF-O45499-F1-model_v4.pdb
0.856345634897308,0.430808020769166,0.825577250581646,0.150021172727288,0.242956875560636,0.188288021661389,0.558175186941792,32.6330097087379,scoring/dir_002/AF-O45515-F1-model_v4.pdb
0.588932053776559,0.449646234121398,0.488130650443186,0.0785787372911181,0.715732079168345,0.373484811486121,0.78314943935924,3.63333333333333,scoring/dir_002/AF-O45525-F1-model_v4.pdb
0.46084116898081,0.265841212943476,0.353594666799159,0.0393969526060408,0.595944019960916,0.235549156892411,0.797830308914735,7.46355685131195,scoring/dir_002/AF-O45550-F1-model_v4.pdb
0.933219627285661,0.463396961388418,0.929479507400925,0.175739340728214,0.272795245314573,0.176596196697737,0.50883857256071,39.7654986522911,scoring/dir_002/AF-O45592-F1-model_v4.pdb
0.800066450444251,0.371316224785255,0.768995689013348,0.111260370564663,0.381235547201624,0.165301162974511,0.599851352842316,23.6133909287257,scoring/dir_002/AF-O45600-F1-model_v4.pdb
0.620409699338737,0.337148292136009,0.603235938999475,0.0964579188351612,0.339546879168837,0.196923658251777,0.719286883164616,23.2019867549669,scoring/dir_002/AF-O45625-F1-model_v4.pdb
0.813366077923247,0.43911780011956,0.783041576676222,0.127615111119707,0.339618015952837,0.190808592083325,0.603495377981484,26.7642045454545,scoring/dir_002/AF-O45683-F1-model_v4.pdb
0.449154116916254,0.340967284586775,0.325831395049389,0.0387715395860825,0.738856540548682,0.364743698241617,0.813400893283567,3.59821428571429,scoring/dir_002/AF-O45685-F1-model_v4.pdb
0.837721323295356,0.52574267756553,0.834132867641665,0.173542768913916,0.281814225283698,0.233235379694107,0.61707159534921,19.6531531531532,scoring/dir_002/AF-O45700-F1-model_v4.pdb
1.07902883534187,0.701001202117459,0.842633427233753,0.175320302562475,0.786235186965001,0.218685662781546,0.3176157600242,26.5183673469388,scoring/dir_002/AF-O45713-F1-model_v4.pdb
0.7431727671403,0.36399740946082,0.738073301286421,0.13152382963615,0.352549919743998,0.183221372440031,0.628510903388702,25.3333333333333,scoring/dir_002/AF-O45720-F1-model_v4.pdb
1.07353527823295,0.689416465992999,0.716078811826594,0.0879989195705326,0.694252849692979,0.209453613084897,0.389349642232263,7.31788079470199,scoring/dir_002/AF-O45726-F1-model_v4.pdb
0.448827478344437,0.353134799595175,0.351689677450292,0.0364020353242616,0.734441448560959,0.363042641565596,0.852618873838443,3.57297297297297,scoring/dir_002/AF-O45783-F1-model_v4.pdb
0.393630169848934,0.257569440723912,0.338706527755849,0.0442349512151663,0.532248488723617,0.266722210938303,0.848473025342446,7.53777777777778,scoring/dir_002/AF-O45784-F1-model_v4.pdb
0.729876372634369,0.464213383229101,0.707508418975649,0.141372904955888,0.383644040649217,0.255527205769665,0.660789413184312,9.70353982300885,scoring/dir_002/AF-O45828-F1-model_v4.pdb
0.985741122089614,0.602714297992441,0.998828421893474,0.206650205344299,0.238929866361313,0.201881934011718,0.500767943994828,24.014409221902,scoring/dir_002/AF-O45836-F1-model_v4.pdb
1.19275144382166,0.697776108276457,0.913794310580473,0.203798497318092,0.552016201140842,0.258376433022056,0.459228889624641,14.7701863354037,scoring/dir_002/AF-O45864-F1-model_v4.pdb
0.732593493504423,0.407419604753025,0.700506139656644,0.114867377455685,0.295113473086049,0.20292791139351,0.646667088538622,19.6381766381766,scoring/dir_002/AF-O45889-F1-model_v4.pdb
0.783528040318106,0.520438606283298,0.74585333909137,0.132035808099925,0.39661816611456,0.237667438656308,0.656540200703878,29.2980132450331,scoring/dir_002/AF-O45901-F1-model_v4.pdb
0.739873305478087,0.552467955401295,0.634297669180121,0.0948345586314701,0.532880135438072,0.305681415612682,0.712369179575651,4.7719298245614,scoring/dir_002/AF-O45930-F1-model_v4.pdb
1.02995589513693,0.684098776386816,1.03003282436219,0.220281799159513,0.328538013972671,0.229755425567811,0.456295761860587,19.9916317991632,scoring/dir_002/AF-O45941-F1-model_v4.pdb
0.953039289112135,0.574156254475492,0.929031078270896,0.191993402730616,0.367440979617934,0.22126666019323,0.490595603266121,23.4925373134328,scoring/dir_002/AF-O45944-F1-model_v4.pdb
0.68083357597667,0.352990509514673,0.647756577546656,0.104584106347694,0.418099694696594,0.189762331129916,0.692409943246875,22.0693512304251,scoring/dir_002/AF-O45946-F1-model_v4.pdb
1.03131902249348,0.575765303981808,0.992842200929675,0.196597128578228,0.392782144585928,0.19255764127903,0.415744726970049,27.02331002331,scoring/dir_002/AF-O45948-F1-model_v4.pdb
0.922797862383397,0.458851890088235,0.927808068425186,0.168174398434705,0.194025941278987,0.170416336716553,0.561061409909616,44.825,scoring/dir_002/AF-O45955-F1-model_v4.pdb
0.907652821476342,0.437549833919936,0.882105837839179,0.148612463773523,0.372802820931953,0.168399636866177,0.543937868855101,24.0923379174853,scoring/dir_002/AF-O61219-F1-model_v4.pdb
0.651319125188117,0.494229549669161,0.553837545451603,0.0634818973264365,0.616282334347698,0.296545127285372,0.75377973751253,3.80188679245283,scoring/dir_002/AF-O61466-F1-model_v4.pdb
0.993157049780049,0.581917785160955,0.988581613722644,0.202954779323106,0.318211941300034,0.195883016490459,0.461786764937589,39.8044871794872,scoring/dir_002/AF-O61522-F1-model_v4.pdb
0.758245997380222,0.40851486262364,0.753581335003361,0.124749553444084,0.324739944808878,0.177318275715445,0.645052631202968,39.3816155988858,scoring/dir_002/AF-O61524-F1-model_v4.pdb
0.982107410421674,0.561300854612922,0.944996421422358,0.176946885404434,0.358122210937023,0.189699716255411,0.49220497815252,25.6806451612903,scoring/dir_002/AF-O61749-F1-model_v4.pdb
0.549513977183279,0.3886842219585,0.313928950144049,0.0758011444694909,0.920547385172613,0.410642702776059,0.735944990187097,3.43421052631579,scoring/dir_002/AF-O61757-F1-model_v4.pdb
1.03885234052507,0.617767341877944,1.03242336364106,0.198363138895553,0.373451263357903,0.197153264059547,0.450065676669529,29.1650793650794,scoring/dir_002/AF-O61769-F1-model_v4.pdb
0.575423028474195,0.312483650853363,0.521350664152245,0.0889601676222573,0.452893414517562,0.222226855825048,0.721097857352326,28.7249283667622,scoring/dir_002/AF-O61791-F1-model_v4.pdb
0.740884984559085,0.455127144550263,0.64958244121477,0.0923488481481276,0.456900532890723,0.231083887779588,0.674169814294726,12.6939655172414,scoring/dir_002/AF-O61799-F1-model_v4.pdb
1.03862462293243,0.701780168064379,0.988028054951702,0.202059569092272,0.432308733137317,0.2382549439085,0.420161820198965,11.175,scoring/dir_002/AF-O61801-F1-model_v4.pdb
0.783792357842317,0.370103549111453,0.754671045669129,0.124851521873756,0.404569345268363,0.172207939037976,0.58503578867729,19.2012578616352,scoring/dir_002/AF-O61822-F1-model_v4.pdb
0.782183366544531,0.405169963404052,0.70457248278029,0.111189419874039,0.411074840171616,0.186726307958802,0.597960903194694,18.6062992125984,scoring/dir_002/AF-O61861-F1-model_v4.pdb
0.819847801008388,0.391390781440635,0.80275833734347,0.125984831523105,0.248277618485199,0.165980209129954,0.624555861541858,42.1526315789474,scoring/dir_002/AF-O61870-F1-model_v4.pdb
0.99554859215047,0.693447354922694,0.972039378117909,0.211812906235178,0.330718555151474,0.249662770437163,0.501347890397069,25.0201005025126,scoring/dir_002/AF-O61958-F1-model_v4.pdb
0.99067933346633,0.666999896137305,0.962503074425796,0.209800421385778,0.365780720442374,0.252249558793942,0.511485493884487,24.3861386138614,scoring/dir_002/AF-O61959-F1-model_v4.pdb
0.870647049165611,0.42564515764418,0.817473844866308,0.122841397639856,0.440573055297683,0.159209221150774,0.539868854482336,39.5508130081301,scoring/dir_002/AF-O61968-F1-model_v4.pdb
0.495234687067845,0.378282067565889,0.425616970471157,0.0682388323567683,0.639484162295419,0.367152026852521,0.817361786809006,3.84158415841584,scoring/dir_002/AF-O61974-F1-model_v4.pdb
0.873500105792668,0.479913309520301,0.866188785127002,0.150476120194199,0.288549565564319,0.18633577226024,0.585977239386066,39.627358490566,scoring/dir_002/AF-O61977-F1-model_v4.pdb
1.02040444284155,0.530053302916232,0.937659056068327,0.155732349178591,0.517262493637686,0.166527548264585,0.442339673565396,30.7976744186046,scoring/dir_002/AF-O61985-F1-model_v4.pdb
1.15978609362904,0.770956581204968,1.14121433147675,0.235216828694114,0.395730304402396,0.195432379045606,0.330969587125455,19.8208955223881,scoring/dir_002/AF-O62014-F1-model_v4.pdb
1.04690343364642,0.694424417510012,1.04774920553213,0.22857944632336,0.37192345075245,0.229093247789156,0.43628717166749,19.7004405286344,scoring/dir_002/AF-O62053-F1-model_v4.pdb
0.787640370514633,0.374181202097483,0.749268731936764,0.119104603627872,0.31724243352988,0.172482449449563,0.611480559860891,29.0796645702306,scoring/dir_002/AF-O62073-F1-model_v4.pdb
0.827371191004299,0.507778310433817,0.473307658689583,0.0923775718005934,0.64008833337699,0.283144142953272,0.535902843463517,11.5698324022346,scoring/dir_002/AF-O62075-F1-model_v4.pdb
1.07211842495839,0.596748207149854,1.07174689584835,0.205827337696486,0.348655781171893,0.179146485474567,0.404427210398177,31.2477341389728,scoring/dir_002/AF-O62155-F1-model_v4.pdb
0.55962634084931,0.32982369354833,0.436216181352179,0.0588456577357351,0.626500098099842,0.24757589449484,0.736451444231484,9.65413533834586,scoring/dir_002/AF-O62188-F1-model_v4.pdb
0.706309334567927,0.353792510402947,0.671019464008652,0.106120008611262,0.315933553174702,0.182665206220087,0.654348196434536,24.4989106753813,scoring/dir_002/AF-O62193-F1-model_v4.pdb
0.736969016452941,0.379113360585759,0.684163613067845,0.0860562263331981,0.351085389824389,0.17271828573707,0.648960303155489,18.5085227272727,scoring/dir_002/AF-O62204-F1-model_v4.pdb
0.593550101412345,0.370275596257936,0.5335815013839,0.085080317897472,0.37236140223651,0.251311730274216,0.729503488948727,11.4308176100629,scoring/dir_002/AF-O62215-F1-model_v4.pdb
0.641995473353859,0.346955826011701,0.588340389437335,0.0934043864734188,0.339834657178701,0.20789183237005,0.697330940655579,16.7950819672131,scoring/dir_002/AF-O62234-F1-model_v4.pdb
0.659146080520687,0.395969329243251,0.620919518986173,0.100819526080468,0.434428784546179,0.219478094398471,0.701580626633197,16.1044176706827,scoring/dir_002/AF-O62242-F1-model_v4.pdb
0.676223328173434,0.359092446451889,0.617113265971636,0.0936685433051523,0.413181914117358,0.198075577177214,0.681785776504191,17.5104408352668,scoring/dir_002/AF-O62249-F1-model_v4.pdb
0.673944267963577,0.374706414309854,0.557991284998688,0.0795131853281861,0.489187047827454,0.232808450559169,0.675595701711328,10.525993883792,scoring/dir_002/AF-O62250-F1-model_v4.pdb
0.857516088567818,0.396632628288515,0.802940441780664,0.124639903191428,0.438690186223241,0.166596358160015,0.563060116416793,24.2810945273632,scoring/dir_002/AF-O62252-F1-model_v4.pdb
0.788088296077399,0.519217055157557,0.693082742049463,0.0965874050396036,0.46195214397823,0.2469721373002,0.644281604647656,9.53763440860215,scoring/dir_002/AF-O62278-F1-model_v4.pdb
0.865108551663104,0.492180934117596,0.855308950786836,0.160454600437745,0.332742859992958,0.200926725279091,0.56530665207939,36.2717948717949,scoring/dir_002/AF-O62289-F1-model_v4.pdb
0.955362666442815,0.553012111557855,0.95931706321479,0.174881231314565,0.274303104375957,0.185980217815217,0.531591123488651,33.8956834532374,scoring/dir_002/AF-O62297-F1-model_v4.pdb
0.810330395949267,0.376911096219799,0.808315425069544,0.12616471011871,0.297878146062625,0.163059101712396,0.619930497321349,49.9180952380952,scoring/dir_002/AF-O62309-F1-model_v4.pdb
0.94611751076244,0.46949083304964,0.894440140068172,0.14273145499402,0.45813459581689,0.162525067789802,0.49378744823394,36.5511811023622,scoring/dir_002/AF-O62327-F1-model_v4.pdb
0.552673382100612,0.428172274009673,0.35450257450655,0.0428621524089072,0.667510421473421,0.378483865448563,0.765776906455775,3.71337579617834,scoring/dir_002/AF-O62346-F1-model_v4.pdb
1.1168512507826,0.697865490403775,1.10718807889566,0.213122750198809,0.341671014978859,0.180311801937935,0.404219381605258,32.1102661596958,scoring/dir_002/AF-O62359-F1-model_v4.pdb
0.702684815216406,0.489928698477329,0.643396464766461,0.118941405722785,0.578768863534736,0.295638773541779,0.687153313938269,7.26896551724138,scoring/dir_002/AF-O62388-F1-model_v4.pdb
0.897209661648257,0.427373057053233,0.8332774197329,0.131146409326934,0.535928206786054,0.161080955717822,0.509443911071938,36.2513464991023,scoring/dir_002/AF-O62422-F1-model_v4.pdb
0.843960414814535,0.450630375733399,0.840692454709262,0.147363368107779,0.244917103747941,0.186316736440801,0.599549907403718,34.2175,scoring/dir_002/AF-O62448-F1-model_v4.pdb
0.922269142066586,0.488937698001948,0.881385200515873,0.141757569488254,0.433614467413058,0.172745899140261,0.532414093668755,30.8397932816537,scoring/dir_002/AF-O62480-F1-model_v4.pdb
0.952365718815155,0.504780950504854,0.929188532425048,0.172892555937672,0.265637479124852,0.191215592441881,0.503683862498889,21.3363844393593,scoring/dir_002/AF-O76358-F1-model_v4.pdb
1.31325652133765,1.04030023161589,1.18321576381925,0.248266834965942,0.447393472867526,0.222819140760926,0.236070848005649,13.3266331658291,scoring/dir_002/AF-O76359-F1-model_v4.pdb
0.632059379030392,0.476731597283593,0.322071485983197,0.0522229503250664,0.880137523026034,0.401706393675915,0.680756187879247,3.4952380952381,scoring/dir_002/AF-O76363-F1-model_v4.pdb
0.698788631284347,0.536627068859843,0.600091231986682,0.0913391978375336,0.628349370991484,0.325858207026027,0.723696351177017,4.46575342465753,scoring/dir_002/AF-O76367-F1-model_v4.pdb
0.810447070196407,0.462041523118293,0.794093984551121,0.137527472881577,0.2054514484758,0.192778009227263,0.637194850419875,36.7507163323782,scoring/dir_002/AF-O76397-F1-model_v4.pdb
0.958492994030547,0.513184448160074,0.949537205984533,0.175871196199614,0.387589333257685,0.182136332021976,0.475247309482451,37.1315068493151,scoring/dir_002/AF-O76559-F1-model_v4.pdb
0.767298339828763,0.439575374797994,0.758621964480332,0.133165154486613,0.27779502383988,0.203131151088277,0.645896884809518,23.8757062146893,scoring/dir_002/AF-O76574-F1-model_v4.pdb
0.884033154501579,0.415618179678909,0.852502262537083,0.137973201044559,0.271047878541656,0.165401981433914,0.565508935767013,37.0748663101604,scoring/dir_002/AF-O76578-F1-model_v4.pdb
1.14438831312814,0.757304748845053,1.10229623620152,0.225214598316098,0.43309144367655,0.192635467998856,0.341645459184789,25.0905172413793,scoring/dir_002/AF-O76587-F1-model_v4.pdb
0.623132199865133,0.307655757617732,0.613677949610132,0.0952140557871152,0.263963347187492,0.178426563539571,0.720395829774979,28.9625935162095,scoring/dir_002/AF-O76588-F1-model_v4.pdb
0.641806972057386,0.317346981726855,0.63888891663109,0.105901917314668,0.266748898345565,0.180381112118226,0.710962570564746,33.6303317535545,scoring/dir_002/AF-O76589-F1-model_v4.pdb
0.732853368800059,0.370212734305919,0.728107406407629,0.116003910469134,0.304267426103369,0.175539223093473,0.661540508467634,36.3556581986143,scoring/dir_002/AF-O76590-F1-model_v4.pdb
1.05306368497501,0.60377663029756,1.05681842051474,0.204194265584308,0.282205119605105,0.179595089563122,0.451022996709975,31.9147727272727,scoring/dir_002/AF-O76591-F1-model_v4.pdb
1.02631383299685,0.575791679504738,1.02429373398062,0.196174187174101,0.311520459965939,0.178615219375217,0.454232389214705,31.3093093093093,scoring/dir_002/AF-O76592-F1-model_v4.pdb
0.726673612837084,0.357699571666796,0.721518175353457,0.116697365516769,0.270133992482739,0.176408035829676,0.66673417049597,34.8677130044843,scoring/dir_002/AF-O76595-F1-model_v4.pdb
1.21392135092075,0.833445288421715,1.23126250502478,0.277606793338597,0.249240402319959,0.203184473987558,0.330372256240361,28.8464730290456,scoring/dir_002/AF-O76599-F1-model_v4.pdb
0.819258313091502,0.395359904500395,0.784128639019602,0.119872483490109,0.353743723594128,0.15951831447561,0.572640832939537,27.7598253275109,scoring/dir_002/AF-O76603-F1-model_v4.pdb
1.03091344447098,0.591743906539418,1.02836674470614,0.197649510714511,0.358759379009839,0.192133353772759,0.454530291516323,28.9912023460411,scoring/dir_002/AF-O76628-F1-model_v4.pdb
0.869081295360116,0.436138849989613,0.772902747046781,0.11602548198404,0.382915086024688,0.173716679643608,0.551258444454809,26.4688888888889,scoring/dir_002/AF-O76629-F1-model_v4.pdb
0.739854560796251,0.465855368946318,0.662361805848762,0.0954112957366476,0.410328148425881,0.234000021105379,0.661449356876231,7.53913043478261,scoring/dir_002/AF-O76665-F1-model_v4.pdb
0.751788791309579,0.416399883948969,0.705273212358007,0.122257092174088,0.291728859290068,0.210106223379923,0.624652386721139,16.8937198067633,scoring/dir_002/AF-O76666-F1-model_v4.pdb
0.589827366163055,0.467060023215841,0.347460558978053,0.0361272854243454,0.875572262505939,0.40008849626484,0.768649781027515,3.4875,scoring/dir_002/AF-O76669-F1-model_v4.pdb
0.804761563828641,0.370877877511512,0.748485844072367,0.115594463337417,0.346238354189869,0.177009263244161,0.588189546379164,18.6733780760626,scoring/dir_002/AF-O76679-F1-model_v4.pdb
0.755581311787615,0.440189237888577,0.723441952460033,0.106564682958158,0.445864031008114,0.193786555315567,0.657451863849628,25.1747211895911,scoring/dir_002/AF-P02513-F1-model_v4.pdb
0.735942876833183,0.40926705557977,0.656648253835238,0.0916868111592082,0.49997429714625,0.194759194734415,0.642777595943105,13.4850299401198,scoring/dir_002/AF-P19625-F1-model_v4.pdb
0.60108252317932,0.376656788286966,0.501141273588246,0.0633075758981136,0.67806747751114,0.241508471621679,0.729634069346339,13.6223175965665,scoring/dir_002/AF-P20269-F1-model_v4.pdb
1.04621114475023,0.688131984836393,0.969290320335486,0.150246058908626,0.403853303643833,0.196745081684659,0.425521973292818,11.5328947368421,scoring/dir_002/AF-P20270-F1-model_v4.pdb
0.920701456904313,0.457939055836174,0.854715538946615,0.13317865889412,0.500996724044608,0.158852339582325,0.507895821072243,33.2486085343228,scoring/dir_002/AF-P22981-F1-model_v4.pdb
0.920301572650875,0.48791487770996,0.874994482604506,0.135654257523723,0.254208740122258,0.17343926735516,0.530551779602124,21.7958115183246,scoring/dir_002/AF-P24885-F1-model_v4.pdb
0.660531360745506,0.337744691620039,0.607839642129839,0.0905911376067876,0.271435839285077,0.190747985348527,0.683321761411678,24.823275862069,scoring/dir_002/AF-P24888-F1-model_v4.pdb
0.883347976347452,0.460476255080414,0.822295076324492,0.127528517749279,0.363994921783771,0.172762849436004,0.542143374694924,24.5172413793103,scoring/dir_002/AF-P30627-F1-model_v4.pdb
0.691218002501446,0.379844768619201,0.541576164342774,0.0807248306260911,0.538945301401562,0.222990981761175,0.65270494437871,20.5655737704918,scoring/dir_002/AF-P30629-F1-model_v4.pdb
0.803546127606635,0.414836432872938,0.757382255170746,0.115459876195272,0.303166148316601,0.175109358578666,0.608751238499271,24.0945273631841,scoring/dir_002/AF-P30631-F1-model_v4.pdb
0.72357259361092,0.437165350480951,0.62119494081616,0.0809424660957254,0.589404807034452,0.205895798535555,0.662034672109672,11.9935483870968,scoring/dir_002/AF-P30644-F1-model_v4.pdb
0.750649011333832,0.369210718296407,0.70837854348069,0.108537090009617,0.453654156209199,0.181420039793807,0.623409150785983,25.4547283702213,scoring/dir_002/AF-P30648-F1-model_v4.pdb
0.908169043323739,0.430800866166718,0.832644057521684,0.128092619439309,0.577828172739729,0.159479413088911,0.482951636522947,31.0755102040816,scoring/dir_002/AF-P34212-F1-model_v4.pdb
0.656625311181379,0.321484261709291,0.601862285298235,0.0926817414155326,0.384353688469391,0.193005498251145,0.681992406694874,18.8300653594771,scoring/dir_002/AF-P34264-F1-model_v4.pdb
0.7309156123653,0.374669398150016,0.697823984467525,0.115339592774417,0.292587845140963,0.190197591710112,0.642213843346711,25.1167400881057,scoring/dir_002/AF-P34282-F1-model_v4.pdb
0.919685155524462,0.495554694531459,0.770524645057345,0.118429710781796,0.46802666435008,0.18599688116226,0.479004378985319,23.3184523809524,scoring/dir_002/AF-P34289-F1-model_v4.pdb
0.68468074738913,0.385076247650796,0.614600682203265,0.0877294647933059,0.379097893840404,0.203501201934272,0.669456733889694,10.7247706422018,scoring/dir_002/AF-P34296-F1-model_v4.pdb
0.831881199774481,0.420471475814616,0.796643706186441,0.136668422482702,0.368859461884275,0.187638485211827,0.576208297397224,19.0583554376658,scoring/dir_002/AF-P34313-F1-model_v4.pdb
0.724892539597214,0.353195312161613,0.70173739048849,0.1106008944213,0.273237918154189,0.174666507071958,0.664584922189955,27.0459770114943,scoring/dir_002/AF-P34320-F1-model_v4.pdb
0.95472789173755,0.579536280023278,0.92496806662735,0.161655140802254,0.460677969398711,0.196857270309983,0.511187312805572,24.6842105263158,scoring/dir_002/AF-P34328-F1-model_v4.pdb
0.60033480846452,0.337838642842205,0.577138986623918,0.0953695520359163,0.322363030591883,0.211731672163879,0.73165692425425,20.2450980392157,scoring/dir_002/AF-P34334-F1-model_v4.pdb
0.777017739520464,0.419182117180727,0.641453252337558,0.0941676432161666,0.380175825890731,0.204513102640014,0.606231112669988,15.692082111437,scoring/dir_002/AF-P34361-F1-model_v4.pdb
0.55680906185641,0.294857973375808,0.511541326804679,0.0687174286963153,0.303080836722148,0.20407103463774,0.745235689663254,16.7286821705426,scoring/dir_002/AF-P34363-F1-model_v4.pdb
0.558015923490031,0.277584327219845,0.496809148626726,0.0682922666913758,0.33140873999334,0.200605834973875,0.731350141977637,16.317617866005,scoring/dir_002/AF-P34364-F1-model_v4.pdb
0.8557701975944,0.394440224678237,0.769254134708438,0.105949478555038,0.501246798686007,0.159227215398144,0.56551773691299,25.0143884892086,scoring/dir_002/AF-P34368-F1-model_v4.pdb
0.584689259236718,0.304244554300865,0.568715173666646,0.0910427918722358,0.312048412199302,0.195669724112123,0.741949477087577,33.6246786632391,scoring/dir_002/AF-P34376-F1-model_v4.pdb
0.718823969643764,0.37409526735793,0.681724347111027,0.112262736373743,0.418155885228741,0.193020658639381,0.661840942732542,23.1780487804878,scoring/dir_002/AF-P34378-F1-model_v4.pdb
0.560043103922211,0.30437017494277,0.53279783972373,0.0839544018257554,0.361705803168258,0.2109345469779,0.748158686748247,25.3396226415094,scoring/dir_002/AF-P34380-F1-model_v4.pdb
0.829214210955086,0.397049349610957,0.700247035237233,0.0858287023464266,0.527962529099086,0.175749500795653,0.585723612174708,15.9646464646465,scoring/dir_002/AF-P34382-F1-model_v4.pdb
1.07204720161134,0.653825596924762,0.993861224111534,0.170209006610746,0.59181001775315,0.19212052085031,0.353658351530382,21.8264840182648,scoring/dir_002/AF-P34392-F1-model_v4.pdb
0.391514266043461,0.254213089232009,0.332649394885203,0.0339931529391857,0.555074422175782,0.263374513101532,0.854914240737446,5.56401384083045,scoring/dir_002/AF-P34399-F1-model_v4.pdb
1.01811911080544,0.565826630282413,0.961548053244817,0.17275499904934,0.431101477113753,0.181993820677339,0.454407229084144,21.4871134020618,scoring/dir_002/AF-P34401-F1-model_v4.pdb
1.09521504041012,0.74981301790391,1.03606193756605,0.211484033722046,0.390985461609811,0.224629636919434,0.406379595084451,19.3705583756345,scoring/dir_002/AF-P34406-F1-model_v4.pdb
0.67364188739923,0.436644526615206,0.640786913400237,0.120104557221481,0.420372200899521,0.26539703924828,0.693157961027081,9.260663507109,scoring/dir_002/AF-P34415-F1-model_v4.pdb
0.931228258737325,0.468092989507601,0.912926094569785,0.164047214221272,0.382954816439347,0.175879962323028,0.500332589970405,26.6917808219178,scoring/dir_002/AF-P34419-F1-model_v4.pdb
0.970887242705316,0.514837256122202,0.970218970431918,0.174265598475227,0.378896204462684,0.168988943454041,0.47681659509168,35.1779661016949,scoring/dir_002/AF-P34436-F1-model_v4.pdb
0.874308234747927,0.473696223165891,0.873568433733592,0.155207688033072,0.350634973455475,0.176410404643775,0.559844990893203,45.544794188862,scoring/dir_002/AF-P34452-F1-model_v4.pdb
0.571752200747622,0.331350802561415,0.489786148520262,0.0753019663933697,0.65407725724822,0.230223903964625,0.723748467532707,16.9778597785978,scoring/dir_002/AF-P34476-F1-model_v4.pdb
0.890480027449283,0.43404974244192,0.858133051173166,0.142072001446296,0.33141256662277,0.169014616053824,0.547439506236174,28.1903765690377,scoring/dir_002/AF-P34477-F1-model_v4.pdb
0.492379027358141,0.428466625245996,0.453120789185687,0.0538046885986808,0.46308643948012,0.40143492220801,0.882104159765611,3.14285714285714,scoring/dir_002/AF-P34494-F1-model_v4.pdb
0.528732804460825,0.313650279544294,0.504392443138053,0.0815937796999143,0.408778306898289,0.237868858182024,0.778017055090098,26.3498349834984,scoring/dir_002/AF-P34496-F1-model_v4.pdb
0.949136001553843,0.521675618338846,0.945828402290508,0.194829341210772,0.341982564468004,0.194339175130495,0.482979827170058,41.2219251336898,scoring/dir_002/AF-P34500-F1-model_v4.pdb
0.945372088807942,0.511445023375471,0.95045639786134,0.189251859870281,0.269236750730624,0.18380038344678,0.503762683111994,43.937343358396,scoring/dir_002/AF-P34502-F1-model_v4.pdb
0.420725976856394,0.296812659463748,0.193903807053071,0.0247627880640932,0.843970365269508,0.384227352667526,0.810599180787702,3.52432432432432,scoring/dir_002/AF-P34521-F1-model_v4.pdb
0.755058441707311,0.377973094145473,0.749521009254488,0.137383924017121,0.212248323286781,0.192104919315924,0.665818966840056,40.9212765957447,scoring/dir_002/AF-P34525-F1-model_v4.pdb
0.642522941210573,0.468473198915101,0.562113280245686,0.0884874689337573,0.55703874438607,0.308842270429306,0.736662266676253,4.65,scoring/dir_002/AF-P34526-F1-model_v4.pdb
0.798347661797302,0.391318013495477,0.793223257643741,0.128395347716299,0.232014148865723,0.164257778467035,0.625287474119451,43.8230958230958,scoring/dir_002/AF-P34538-F1-model_v4.pdb
0.56952445895449,0.338240593328317,0.515924044048819,0.091030637301815,0.354367708568855,0.243693129655905,0.732596524182541,10.1194444444444,scoring/dir_002/AF-P34565-F1-model_v4.pdb
0.668901477674489,0.48003054748436,0.531893504190006,0.0705736390179504,0.73523157538222,0.299116320974056,0.709865924108212,4.33093525179856,scoring/dir_002/AF-P34582-F1-model_v4.pdb
0.855768162415315,0.402275339467492,0.81358071457617,0.127723570874971,0.417631020687981,0.16966730885898,0.563358677260551,28.6625514403292,scoring/dir_002/AF-P34605-F1-model_v4.pdb
0.823298372451934,0.419368934418888,0.76562079732057,0.124522767433764,0.488574414447791,0.1809418406976,0.592582105205663,22.0477326968974,scoring/dir_002/AF-P34614-F1-model_v4.pdb
0.869278874861286,0.494738988673443,0.820893499774458,0.143035488540074,0.409302494465741,0.194028554407951,0.553331726291584,22.2662721893491,scoring/dir_002/AF-P34615-F1-model_v4.pdb
0.467368292230612,0.333162024116187,0.407975855977811,0.0538424390849526,0.528642504557972,0.303156348713617,0.834688023736674,4.65760869565217,scoring/dir_002/AF-P34621-F1-model_v4.pdb
1.22194894030109,0.874459784731972,1.0408244977231,0.203174003905714,0.574827158968798,0.21396256800341,0.299128862914891,16.2228260869565,scoring/dir_002/AF-P34642-F1-model_v4.pdb
0.878160133529337,0.717711500371154,0.763470759265469,0.126322750684821,0.531670903920876,0.345095701509012,0.651600772881158,4.26923076923077,scoring/dir_002/AF-P34654-F1-model_v4.pdb
0.948354458086738,0.652658677154707,0.879765923990081,0.202678721562196,0.344723242812497,0.270192102639256,0.496133085972476,10.2554347826087,scoring/dir_002/AF-P34655-F1-model_v4.pdb
1.04139367587489,0.658934724161921,1.00245073462202,0.191519394778808,0.456240725749453,0.208567321659156,0.399722701623782,20.2153846153846,scoring/dir_002/AF-P34659-F1-model_v4.pdb
0.916773796809752,0.742484345027889,0.798393894098165,0.152136266969389,0.540003935935233,0.330558174832198,0.572181694421726,4.59782608695652,scoring/dir_002/AF-P34660-F1-model_v4.pdb
1.15753416926068,0.802035211246776,1.0512062801327,0.214393281906271,0.580142397281806,0.207865083012487,0.280688066242417,22.8927038626609,scoring/dir_002/AF-P34661-F1-model_v4.pdb
0.619220824774706,0.384658062737106,0.535691628174093,0.086477902970719,0.458000423685306,0.257472954443319,0.716653499179102,11.1829787234043,scoring/dir_002/AF-P34662-F1-model_v4.pdb
0.505780615389424,0.295520161817844,0.368813021841398,0.0615308746216524,0.531301226438298,0.274467832831832,0.741962022574058,16.2953216374269,scoring/dir_002/AF-P34665-F1-model_v4.pdb
0.86946648202853,0.690549823444791,0.695134659200777,0.175912802259393,0.485220738282785,0.398129468455819,0.548208352317794,3.64788732394366,scoring/dir_002/AF-P34667-F1-model_v4.pdb
0.583256565603342,0.426057922806806,0.422308014705139,0.0867329859401693,0.721830244978002,0.392906319147178,0.691415754705212,3.488,scoring/dir_002/AF-P34674-F1-model_v4.pdb
0.841351669680689,0.435253735925078,0.791690221019341,0.136950088839893,0.383202048041812,0.183777094614591,0.569230032404659,18.9377990430622,scoring/dir_002/AF-P34704-F1-model_v4.pdb
0.665955901090011,0.405727718664704,0.615991323138304,0.0985069666645087,0.407369855021122,0.228372156558815,0.692162609431892,9.98744769874477,scoring/dir_002/AF-P34748-F1-model_v4.pdb
0.945805192049072,0.47712986058916,0.891087585418346,0.150617755241709,0.438471182704259,0.177207638721544,0.500468086968155,26.3002309468822,scoring/dir_002/AF-P35129-F1-model_v4.pdb
0.729480676143499,0.370969911588658,0.649152109717457,0.0960788003995292,0.482291524993479,0.183154197116483,0.638701409778654,19.0757575757576,scoring/dir_002/AF-P36608-F1-model_v4.pdb
0.732236883899768,0.361252160739107,0.634842211223559,0.0825509737681275,0.570296780169997,0.169213569276882,0.635184674180841,19.0465587044534,scoring/dir_002/AF-P36609-F1-model_v4.pdb
0.583789374451831,0.350212851402924,0.554792414459926,0.100594724631819,0.445219869557683,0.242217933845396,0.728427188819118,16.2887323943662,scoring/dir_002/AF-P37165-F1-model_v4.pdb
0.509577292171506,0.361493582603331,0.264022447793112,0.0402497055016285,0.853984305833376,0.3716782751447,0.771144177303864,3.49264705882353,scoring/dir_002/AF-P37209-F1-model_v4.pdb
0.373370792612324,0.251366871597925,0.314341321719929,0.0339283936606617,0.463760597142828,0.282262975625125,0.870134264585945,5.57013574660633,scoring/dir_002/AF-P41880-F1-model_v4.pdb
0.585878067195018,0.321840602425365,0.528187672782949,0.0776111993987665,0.367370445300257,0.227651809059139,0.720399556757582,13.4092307692308,scoring/dir_002/AF-P41956-F1-model_v4.pdb
0.833447578323727,0.391291010799672,0.772593531345911,0.103900739757668,0.412131918921216,0.158529327138537,0.592117986276759,23.8665377176015,scoring/dir_002/AF-P45961-F1-model_v4.pdb
0.717059669926873,0.367142513114885,0.687812465044988,0.126041085628902,0.282541847342514,0.199418218987262,0.660344073382767,25.4890710382514,scoring/dir_002/AF-P45965-F1-model_v4.pdb
0.415992674974127,0.26511223675406,0.31205919039545,0.034971122733191,0.576277052726619,0.281484410274884,0.821386800241759,6.30059523809524,scoring/dir_002/AF-P45966-F1-model_v4.pdb
0.657101704302568,0.402408804406645,0.539233243106142,0.096086241483652,0.480608801004991,0.274431737656155,0.681877890830107,10.5939086294416,scoring/dir_002/AF-P45967-F1-model_v4.pdb
0.34226786587959,0.246878764142254,0.270129340274403,0.0279085610571623,0.642597215264735,0.313104343613859,0.877676934874207,3.79292929292929,scoring/dir_002/AF-P46505-F1-model_v4.pdb
0.436192109432071,0.261337712190171,0.379971426343621,0.0492900682983201,0.48866530463668,0.241278279533859,0.824572665311437,9.31379310344828,scoring/dir_002/AF-P46581-F1-model_v4.pdb
0.887918309246599,0.480315116423868,0.804974544129362,0.160331544778652,0.52793813452109,0.201654517156128,0.518705684260419,26.890243902439,scoring/dir_002/AF-P48150-F1-model_v4.pdb
1.01012728303716,0.54718374933187,1.01228249982667,0.195706251552787,0.325036024084221,0.177103068497389,0.463161126869694,31.8461538461538,scoring/dir_002/AF-P48158-F1-model_v4.pdb
0.636362203665867,0.370689810885225,0.59044449159475,0.102501567153098,0.47617389163398,0.227858296294046,0.710677543435624,17.8715277777778,scoring/dir_002/AF-P48162-F1-model_v4.pdb
0.758403146300365,0.527214591359861,0.720907114750724,0.124868913850905,0.478697330271732,0.260349730805251,0.668476830920444,31.8978494623656,scoring/dir_002/AF-P48166-F1-model_v4.pdb
0.887190440206411,0.436996411291256,0.838033028798934,0.131648215003697,0.258780893218625,0.168669392927925,0.571035350256337,30.8289473684211,scoring/dir_002/AF-P48376-F1-model_v4.pdb
0.829803393809844,0.418232471984832,0.783625699399604,0.12392000121818,0.441898586460642,0.176238032646626,0.554601324881131,27.5928571428571,scoring/dir_002/AF-P49029-F1-model_v4.pdb
0.994476104235886,0.601807924920255,0.981046223763374,0.190282897284808,0.365414693944613,0.200026333973777,0.457668471939086,36.2659574468085,scoring/dir_002/AF-P49180-F1-model_v4.pdb
0.766840496648793,0.517382326159419,0.660602194029254,0.0927226734791294,0.452015432987571,0.248063324057271,0.662305269726537,7.36263736263736,scoring/dir_002/AF-P49181-F1-model_v4.pdb
1.05639218737507,0.614477255538341,0.989908935526038,0.187349554065173,0.401828288578492,0.191806915240387,0.427399106123113,31.8922651933702,scoring/dir_002/AF-P49196-F1-model_v4.pdb
0.888961069157492,0.616448551845393,0.811703307796454,0.167106270942583,0.490652078843735,0.264530553982401,0.572730308363985,16.4130434782609,scoring/dir_002/AF-P49197-F1-model_v4.pdb
0.492454411817322,0.297887454589982,0.45888253723335,0.064589223899808,0.332510991435904,0.235141966574345,0.814801015185983,13.4043209876543,scoring/dir_002/AF-P49391-F1-model_v4.pdb
0.714842276838915,0.440013062352746,0.637231088341137,0.114620481961214,0.599070299082644,0.236406177721893,0.640494889101184,18.4664536741214,scoring/dir_002/AF-P49632-F1-model_v4.pdb
0.511060049057975,0.273927613017237,0.451004843877873,0.0540325793155151,0.473206410067582,0.198573601673166,0.770616980153314,11.08,scoring/dir_002/AF-P50437-F1-model_v4.pdb
0.754103914600907,0.376246739534472,0.754992962524977,0.127168843387844,0.201237448677883,0.174058915176691,0.65219299895855,34.9861111111111,scoring/dir_002/AF-P50581-F1-model_v4.pdb
0.753522634977392,0.40405574227293,0.671547189689738,0.099864310241177,0.449522600648046,0.194011485695593,0.640546128089081,14.4807121661721,scoring/dir_002/AF-P51404-F1-model_v4.pdb
0.973002239139341,0.481771668208418,0.98807795626204,0.184078345697041,0.278873259795499,0.164574846403292,0.495951865794661,47.2849829351536,scoring/dir_002/AF-P52011-F1-model_v4.pdb
1.00843192999568,0.519062750775906,1.01603500224367,0.187910505389536,0.260215576662447,0.165032374325938,0.484972539004747,45.552,scoring/dir_002/AF-P52017-F1-model_v4.pdb
0.936583902323059,0.44989526790629,0.941030075590106,0.166261165268246,0.295403833636978,0.160783621917843,0.527419924297222,46.8,scoring/dir_002/AF-P52018-F1-model_v4.pdb
0.958731103363814,0.498683755688191,0.914735354204908,0.159237271216493,0.341522373354004,0.175567874416801,0.510439324101465,26.4933035714286,scoring/dir_002/AF-P52478-F1-model_v4.pdb
0.647355615461211,0.340040152166132,0.482886971135279,0.0866600846292775,0.246020614320248,0.257601553578935,0.694129976385832,17.0101351351351,scoring/dir_002/AF-P52554-F1-model_v4.pdb
1.06669562227274,0.824883248087295,0.955824857899194,0.189209779419255,0.436461820126597,0.282719213612049,0.449427716358505,9.02666666666667,scoring/dir_002/AF-P52814-F1-model_v4.pdb
1.08950311852439,0.683241490060438,1.04151825847334,0.185514057938421,0.420139427057486,0.19120838760426,0.380246022082533,25.8784722222222,scoring/dir_002/AF-P52819-F1-model_v4.pdb
0.687549384753597,0.408442288759921,0.644176642623755,0.108931786391995,0.442225808871819,0.223140943554222,0.668592141334022,13.9528795811518,scoring/dir_002/AF-P52821-F1-model_v4.pdb
0.743709736387918,0.438199240567642,0.607691234051029,0.0973089164635787,0.41360865536419,0.229643636625047,0.600794011047686,12.2813688212928,scoring/dir_002/AF-P52872-F1-model_v4.pdb
0.511270397197853,0.259308551356978,0.451387966041262,0.0644583771419466,0.335204741419202,0.202089574356503,0.760849598801529,22.5096418732782,scoring/dir_002/AF-P52879-F1-model_v4.pdb
0.598441939732771,0.297139026268169,0.534643586737206,0.0814935471086951,0.279279347107776,0.207116158087562,0.712874046958124,15.559670781893,scoring/dir_002/AF-P52883-F1-model_v4.pdb
0.652869522955373,0.347068193747563,0.645784879656028,0.109406600749584,0.235727004620637,0.190468299646868,0.709047836526145,33.512077294686,scoring/dir_002/AF-P53018-F1-model_v4.pdb
0.60389462266474,0.38749947697554,0.55813075948277,0.0706714089895195,0.377177620739084,0.221410239958368,0.757861217511659,10.0141843971631,scoring/dir_002/AF-P53547-F1-model_v4.pdb
0.971355326275044,0.529943439826638,0.93240579357758,0.167759720258508,0.375208858954748,0.177127779859945,0.475525438012118,28.7685714285714,scoring/dir_002/AF-P53795-F1-model_v4.pdb
0.7113180292414,0.530323849321727,0.519483857780968,0.0955738462241134,0.516304388752917,0.386852388330649,0.691697048679634,3.91358024691358,scoring/dir_002/AF-P54406-F1-model_v4.pdb
0.323580185021185,0.243622859875914,0.238423347302862,0.0233800497003154,0.807302956972497,0.359810977449871,0.898719366873139,3.67432950191571,scoring/dir_002/AF-P55326-F1-model_v4.pdb
1.14534640620554,0.810147454123251,1.00168735912653,0.193096339129507,0.630598290886487,0.210711826385323,0.29742551627388,22.7766497461929,scoring/dir_002/AF-P55853-F1-model_v4.pdb
0.635213532821033,0.335967404407758,0.55977744347561,0.0774621651905502,0.550632098958541,0.18900425925176,0.698873343953658,13.4248554913295,scoring/dir_002/AF-P55954-F1-model_v4.pdb
0.875933588148241,0.499013838094426,0.87489347507339,0.169743782253048,0.280515470283322,0.204400760655971,0.57033390522969,32.5591715976331,scoring/dir_002/AF-P55955-F1-model_v4.pdb
0.712954797907521,0.482873931803917,0.652752024370561,0.109868180389601,0.412991643479043,0.27227696786475,0.668092828330802,9.28497409326425,scoring/dir_002/AF-P56173-F1-model_v4.pdb
0.642029924879234,0.461708577963811,0.53123873818648,0.0770772537268791,0.477914451898767,0.301727735853307,0.739297453918894,8.12264150943396,scoring/dir_002/AF-P56174-F1-model_v4.pdb
0.522891045084153,0.35351431877726,0.459833590491058,0.0569468954416897,0.566074850022349,0.260340998133009,0.796819163321758,7.48,scoring/dir_002/AF-P56407-F1-model_v4.pdb
0.76891423359569,0.386014561871898,0.722726814224125,0.114242216686094,0.433103305917579,0.177898877053582,0.609349009860381,23.1692307692308,scoring/dir_002/AF-P58798-F1-model_v4.pdb
0.738080497984726,0.364471578774284,0.687135297520401,0.11508989999412,0.428898339077155,0.190394455583082,0.62173598630314,19.0230414746544,scoring/dir_002/AF-P61866-F1-model_v4.pdb
0.82342655505595,0.556280862257679,0.611897398625862,0.101864464137156,0.73002625941298,0.260318978748928,0.591895858761276,8.19879518072289,scoring/dir_002/AF-P62784-F1-model_v4.pdb
0.754528697738587,0.381552029291731,0.698965768523929,0.127059804000771,0.296643668765646,0.20280176335718,0.592636134780165,20.0106382978723,scoring/dir_002/AF-P83387-F1-model_v4.pdb
0.429283452480703,0.308836783207063,0.19012312222179,0.0245698697482536,0.857067204377956,0.398375346989012,0.800966350220891,3.50769230769231,scoring/dir_002/AF-P83528-F1-model_v4.pdb
1.0401288180747,0.560709840350455,1.04942233785111,0.20489270623112,0.280229971448608,0.177734321685181,0.431139255264346,35.8880952380952,scoring/dir_002/AF-P90733-F1-model_v4.pdb
0.76244073861452,0.449319307701888,0.704111150239927,0.117568435651463,0.293755864752668,0.224121584541009,0.641977429381149,14.7287449392713,scoring/dir_002/AF-P90789-F1-model_v4.pdb
0.445722640489906,0.316141247819088,0.386961806715305,0.0456343664700593,0.539793433813373,0.294336669946483,0.842760162931211,7.06766917293233,scoring/dir_002/AF-P90815-F1-model_v4.pdb
0.77533344798216,0.440510494376036,0.736126103663983,0.114989178459968,0.339554955869045,0.200056921148913,0.626787678588458,21.9287749287749,scoring/dir_002/AF-P90835-F1-model_v4.pdb
0.62608060092721,0.404062253947,0.595628044698797,0.100633441454846,0.474303158282813,0.250968958315724,0.737655497255251,16.8847926267281,scoring/dir_002/AF-P90849-F1-model_v4.pdb
0.503926878956,0.330659213917745,0.465057554803453,0.0664495083479847,0.424260068609333,0.253128749531855,0.806603488897571,8.28571428571429,scoring/dir_002/AF-P90860-F1-model_v4.pdb
1.04932382460603,0.621178044591844,1.00050659416412,0.200131001108925,0.459291352031961,0.192022400790482,0.405952858726269,25.9673024523161,scoring/dir_002/AF-P90861-F1-model_v4.pdb
0.769373710440891,0.485265850814017,0.722923254833267,0.161343208996783,0.311634598983547,0.26766873999659,0.615221260200149,15.1467889908257,scoring/dir_002/AF-P90911-F1-model_v4.pdb
0.431966095428175,0.268276469040192,0.376049800728486,0.0596027739780082,0.3242283074903,0.272314191388549,0.815049893325046,9.95038167938931,scoring/dir_002/AF-P90945-F1-model_v4.pdb
0.799444263265412,0.438695732877722,0.780419481474388,0.136303781643827,0.229537059120447,0.195795412437917,0.632967183247865,25.8775,scoring/dir_002/AF-P90960-F1-model_v4.pdb
1.04586331751479,0.819381622322172,0.918972087332001,0.218426690209865,0.596002054112645,0.310915547775085,0.463395013762727,7.8494623655914,scoring/dir_002/AF-P90983-F1-model_v4.pdb
0.421645738432102,0.274071933053672,0.387433298972845,0.0532899583017436,0.484281435153941,0.256848685141496,0.840358972020361,6.28436018957346,scoring/dir_002/AF-P90993-F1-model_v4.pdb
0.901132686055262,0.426905012837299,0.868011361391181,0.150446767748267,0.420657418565605,0.163807352171549,0.50632856541272,32.1122599704579,scoring/dir_002/AF-P90994-F1-model_v4.pdb
0.980426943640627,0.489274927600503,0.973563704252912,0.174524806501161,0.242269285819851,0.165945473444881,0.524164852877801,45.0080808080808,scoring/dir_002/AF-P90996-F1-model_v4.pdb
0.659852017525573,0.417053527701433,0.567276334540185,0.0865672813980631,0.578634643671224,0.237244247534059,0.716175374865391,14.4661016949153,scoring/dir_002/AF-P91021-F1-model_v4.pdb
0.716274715030196,0.357343984287053,0.710062047050929,0.123409572066782,0.306576335001721,0.183450613784377,0.661990552980565,42.2334152334152,scoring/dir_002/AF-P91035-F1-model_v4.pdb
0.825752230380741,0.461953856097622,0.801539448543326,0.127435785429845,0.270171384835757,0.186545653189113,0.626505048276803,22.8219512195122,scoring/dir_002/AF-P91046-F1-model_v4.pdb
0.715412205208745,0.374196143861401,0.673362877410382,0.108632608727872,0.443016022032991,0.195478648409363,0.660834789047458,20.8252148997135,scoring/dir_002/AF-P91047-F1-model_v4.pdb
1.04762191193187,0.617879514324966,1.00213567797102,0.185057674557612,0.356843584525491,0.188489496367947,0.432028511382497,22.015873015873,scoring/dir_002/AF-P91048-F1-model_v4.pdb
0.285649972296646,0.210617203837275,0.180934899363463,0.019459943148607,0.887357292798805,0.373262143078845,0.895143242935497,3.5,scoring/dir_002/AF-P91051-F1-model_v4.pdb
0.431468651574877,0.328275020278523,0.236648060612643,0.0199834529042572,0.831008308897575,0.38425442610342,0.847752735505041,3.53308823529412,scoring/dir_002/AF-P91052-F1-model_v4.pdb
0.501396439863876,0.284588804920291,0.448119076914562,0.0676276772240704,0.419769038822228,0.232027059465864,0.768740976899884,13.9242819843342,scoring/dir_002/AF-P91056-F1-model_v4.pdb
0.908876493631618,0.496512313430909,0.876552005120846,0.144200766451167,0.321534420140596,0.17972079325713,0.554058639604421,25.4241645244216,scoring/dir_002/AF-P91058-F1-model_v4.pdb
0.757546408563543,0.391347647225982,0.734759133163199,0.118007044984016,0.371310446349683,0.180096823851401,0.620177825585106,18.8031746031746,scoring/dir_002/AF-P91110-F1-model_v4.pdb
0.646367032217738,0.3294410114061,0.595511076206353,0.0916651097918229,0.396727644967908,0.194094469505943,0.698021505090838,18.6767676767677,scoring/dir_002/AF-P91127-F1-model_v4.pdb
0.556110574766189,0.313826265827587,0.459386337574923,0.0896758995364221,0.461600967260377,0.264914167363283,0.714910587724951,11.8356164383562,scoring/dir_002/AF-P91131-F1-model_v4.pdb
0.810134981602342,0.38323113396757,0.801174316979946,0.135486674638546,0.318494568202693,0.173961224841455,0.586187075741775,25.3068592057762,scoring/dir_002/AF-P91154-F1-model_v4.pdb
0.857108205302405,0.469164486488831,0.751978919204194,0.114786053750926,0.481721853616425,0.183982083215703,0.572366628096796,18.3370165745856,scoring/dir_002/AF-P91167-F1-model_v4.pdb
0.694464943155909,0.353024632767994,0.687925639623446,0.115291297526393,0.32017134768335,0.180726584516842,0.683223018583863,35.35368956743,scoring/dir_002/AF-P91177-F1-model_v4.pdb
1.04293639209727,0.575658875587238,1.03773065889619,0.19500046130134,0.318443049651816,0.173871123590871,0.431517305297685,36.7948113207547,scoring/dir_002/AF-P91214-F1-model_v4.pdb
0.667131572139495,0.354400914090824,0.658477779309608,0.1060779063247,0.293455441678702,0.187311495706077,0.712183713038578,31.4862842892768,scoring/dir_002/AF-P91226-F1-model_v4.pdb
1.05047266615863,0.747862338712396,0.842999114497158,0.215559738370594,0.34598726404632,0.296970306746829,0.476355610276016,12.2857142857143,scoring/dir_002/AF-P91251-F1-model_v4.pdb
0.893766986960089,0.462871872022569,0.873298845328283,0.136752991919068,0.355743582095505,0.170524586017251,0.546594944232156,25.2165450121654,scoring/dir_002/AF-P91294-F1-model_v4.pdb
1.21625710401518,0.888565154372906,1.00796320199266,0.195469180141942,0.663162514843287,0.20961428054283,0.226348878456417,22.9375,scoring/dir_002/AF-P91302-F1-model_v4.pdb
0.399131708502609,0.297460297695885,0.234535236249783,0.0270175702244332,0.803753214879946,0.391967932571708,0.838857244865167,3.52444444444444,scoring/dir_002/AF-P91303-F1-model_v4.pdb
0.621321173386228,0.446816300890446,0.540074646649965,0.119051872012019,0.522590107490388,0.349542675778499,0.730001315188368,7.88405797101449,scoring/dir_002/AF-P91363-F1-model_v4.pdb
0.775994624488541,0.474530449013805,0.770287815842295,0.142724434694964,0.336573109455303,0.219517104395082,0.639261803616242,24.2648083623693,scoring/dir_002/AF-P91371-F1-model_v4.pdb
0.793971070551866,0.489407037022494,0.784445618284956,0.158088453010274,0.276525384801323,0.227687308897073,0.641498351016596,22.7303370786517,scoring/dir_002/AF-P91372-F1-model_v4.pdb
1.06950254709328,0.656792739492601,1.00715240948138,0.198644408673299,0.429302468759568,0.200231315300039,0.387669265062618,20.6299212598425,scoring/dir_002/AF-P91375-F1-model_v4.pdb
0.788966177377866,0.538907574266752,0.711943512659198,0.120335504339378,0.478575260403064,0.269695698535791,0.611025317623918,8.56650246305419,scoring/dir_002/AF-P91403-F1-model_v4.pdb
0.698869562197735,0.438968790742142,0.676695664226051,0.131155887321373,0.370844180195104,0.242661997600457,0.671339616895105,15.4180790960452,scoring/dir_002/AF-P91404-F1-model_v4.pdb
0.879172748278876,0.438656518275915,0.860706662797935,0.1407795979598,0.325967865139052,0.170253229681013,0.556238926151902,41.4170506912442,scoring/dir_002/AF-P91416-F1-model_v4.pdb
1.19462318043567,0.832088303861468,0.984363063184201,0.157363439194159,0.577927671791499,0.192986059101172,0.289120208445795,15.2408376963351,scoring/dir_002/AF-P91423-F1-model_v4.pdb
0.858523010796838,0.668975348785958,0.656349338377513,0.19317201176689,0.647013921190963,0.409295697874778,0.499597487649761,3.75675675675676,scoring/dir_002/AF-P91445-F1-model_v4.pdb
0.802976686505957,0.54625849324874,0.730738288338134,0.115963595380471,0.409753734384008,0.252880682955847,0.653921717064498,10,scoring/dir_002/AF-P91454-F1-model_v4.pdb
0.862663980078283,0.388867540762757,0.8379543182799,0.136015680445116,0.352796716770253,0.161799877951444,0.552208801994864,28.1222780569514,scoring/dir_002/AF-P91455-F1-model_v4.pdb
0.653775808128487,0.341238793867839,0.609758942765101,0.0860413008878653,0.420400520586942,0.188330785378551,0.694757228806152,15.6005089058524,scoring/dir_002/AF-P91460-F1-model_v4.pdb
0.73315316438666,0.351569018233728,0.70002165668435,0.114076364349881,0.323101916506262,0.185745363663743,0.629566796599519,17.2478260869565,scoring/dir_002/AF-P91463-F1-model_v4.pdb
0.727221679140484,0.322074706045483,0.671007774868927,0.0868271085946697,0.372025152208316,0.163990255122683,0.644102792532688,18.3824626865672,scoring/dir_002/AF-P91464-F1-model_v4.pdb
0.656674370260862,0.386027623483581,0.557341765824255,0.0696652355387744,0.594998915830012,0.216564547651243,0.687411710507724,11.8535714285714,scoring/dir_002/AF-P91476-F1-model_v4.pdb
0.890841178746932,0.415006144416893,0.876657475286667,0.143697347168076,0.31700108296091,0.159321655304042,0.5591301867122,45.7799401197605,scoring/dir_002/AF-P91477-F1-model_v4.pdb
0.38917494972259,0.234233637596339,0.31302803221921,0.0342032613534696,0.540252119659056,0.258655527883882,0.82495915971112,7.10526315789474,scoring/dir_002/AF-P91485-F1-model_v4.pdb
1.05137232873826,0.581566285303264,0.96339601975339,0.154080358136456,0.529385947204492,0.169238655971557,0.421126541106289,28.3205128205128,scoring/dir_002/AF-P91508-F1-model_v4.pdb
0.617315446500279,0.313267762724035,0.564758130277415,0.0757338595390839,0.392943314785038,0.184286231422876,0.714777917393411,15.1753986332574,scoring/dir_002/AF-P91512-F1-model_v4.pdb
0.782706705806015,0.527250424801176,0.725512875232061,0.102646496070353,0.524539043388361,0.238393953733325,0.644542984856154,6.47457627118644,scoring/dir_002/AF-P91520-F1-model_v4.pdb
0.715773136811874,0.351840712501923,0.694859094484509,0.104045899343856,0.329929547017845,0.186561525638749,0.670003924656868,22.359173126615,scoring/dir_002/AF-P91532-F1-model_v4.pdb
0.666743861853846,0.398153062251643,0.532678194246423,0.077758292619882,0.569029934257874,0.242241553061879,0.671292936472641,8.33928571428571,scoring/dir_002/AF-P91548-F1-model_v4.pdb
0.803568263849761,0.479334092169668,0.746237653922529,0.123144372772073,0.350104927993129,0.212385020704829,0.627138949661604,13.6727272727273,scoring/dir_002/AF-P91564-F1-model_v4.pdb
0.783675413857562,0.411847385481794,0.71284740131393,0.100533794111689,0.396758644350131,0.177413716441967,0.645908557092091,21.5724815724816,scoring/dir_002/AF-P91844-F1-model_v4.pdb
0.50664297899922,0.260053631676703,0.455869071463779,0.0662802115218947,0.465232446325135,0.204477930956469,0.759038020968047,14.7458745874587,scoring/dir_002/AF-P91869-F1-model_v4.pdb
0.60684265699229,0.388574075376909,0.527466354511491,0.100128679974368,0.513433028377294,0.268104633556743,0.70898910139113,11.271676300578,scoring/dir_002/AF-P91913-F1-model_v4.pdb
0.935962287544783,0.486311749678075,0.915420750420381,0.153916877726743,0.333411423677199,0.174261150972358,0.502286041648729,28.7322404371585,scoring/dir_002/AF-P91914-F1-model_v4.pdb
0.52896593390078,0.317175209580128,0.50754240102409,0.0808115447668912,0.366141563077945,0.232326765735771,0.779347728377192,23.9141630901288,scoring/dir_002/AF-P91918-F1-model_v4.pdb
0.765787492071711,0.444368713865637,0.634293821876631,0.0736791338592386,0.486592079101688,0.211479800442838,0.650929857258655,8.37647058823529,scoring/dir_002/AF-P91989-F1-model_v4.pdb
0.815321403712795,0.391647897462574,0.762084271303702,0.113205905379293,0.517067270688378,0.163827245887064,0.568198502578923,28.828897338403,scoring/dir_002/AF-P92012-F1-model_v4.pdb
0.968140436554673,0.606337320930288,0.918155173524583,0.173228546165867,0.370217859360957,0.213625222782291,0.466422940652021,19.4426229508197,scoring/dir_002/AF-P92022-F1-model_v4.pdb
1.01463866942014,0.701889273415879,0.98969127959992,0.239626909489705,0.422051798472357,0.255942141078253,0.41783621451579,24.2857142857143,scoring/dir_002/AF-P92149-F1-model_v4.pdb
0.778363568387678,0.467531776954698,0.673277063223738,0.144891816400107,0.34680886513442,0.2760577464858,0.593007599174914,7.49324324324324,scoring/dir_002/AF-Q03561-F1-model_v4.pdb
1.24666201935141,0.898284928520255,1.10804599638468,0.221829029881202,0.485189493305618,0.201707775606843,0.26562234079143,17.1526717557252,scoring/dir_002/AF-Q03565-F1-model_v4.pdb
0.981886259161637,0.544177917715975,0.981970688804107,0.201885660059517,0.326296643959177,0.193763561353134,0.464264948561886,39.6373626373626,scoring/dir_002/AF-Q03575-F1-model_v4.pdb
0.89930859091179,0.427276574288203,0.880146018097914,0.143123738459857,0.308294064303589,0.165097128771425,0.531425257975965,25.6629955947137,scoring/dir_002/AF-Q03598-F1-model_v4.pdb
0.724331665547151,0.362662459617343,0.68393268878896,0.117773251179109,0.376184287907122,0.194770129581761,0.632788621615863,16.8140096618357,scoring/dir_002/AF-Q03605-F1-model_v4.pdb
0.438104969948861,0.284979298408694,0.39392164781931,0.0536403396698054,0.462928691246125,0.259951459648231,0.835078741659721,9.15648854961832,scoring/dir_002/AF-Q04907-F1-model_v4.pdb
0.875385041228629,0.421479088892629,0.828766012291251,0.1293403019596,0.478513114929479,0.160549018299956,0.52892865564158,35.0246913580247,scoring/dir_002/AF-Q05062-F1-model_v4.pdb
0.7473818379052,0.359259582687626,0.704870013471792,0.0946116957275745,0.299148596928594,0.166629243762718,0.667100868263152,27.9782135076253,scoring/dir_002/AF-Q067W9-F1-model_v4.pdb
0.839263331691412,0.392733280610294,0.802802513102605,0.123674257261773,0.280049810407796,0.16935028402619,0.580556871181876,26.1039501039501,scoring/dir_002/AF-Q067X2-F1-model_v4.pdb
0.903400524327684,0.438442838616015,0.846354356128683,0.132088502331981,0.487125739805816,0.168800542512965,0.518408821369095,26.6897321428571,scoring/dir_002/AF-Q07749-F1-model_v4.pdb
0.445317374031875,0.272467100913463,0.388772344671566,0.0515383276559807,0.418337415782206,0.249410837120401,0.820188292873043,11.2958199356913,scoring/dir_002/AF-Q09227-F1-model_v4.pdb
0.891017491687241,0.413621356009758,0.838553106538634,0.12877348063255,0.455939974310875,0.157298199430746,0.530757525787656,29.1391650099404,scoring/dir_002/AF-Q09238-F1-model_v4.pdb
0.852122945227277,0.437187868937422,0.821421928998395,0.127689926634369,0.368116890572524,0.167674912502303,0.583452555800516,31.8320413436692,scoring/dir_002/AF-Q09243-F1-model_v4.pdb
0.699717010074361,0.358093390588992,0.67117621545085,0.109680192800294,0.393936031386368,0.18579094280185,0.660176606466564,33.7565217391304,scoring/dir_002/AF-Q09250-F1-model_v4.pdb
0.809146809561646,0.483384745821879,0.773175656726857,0.128052697199843,0.438815800759161,0.196183407700389,0.611585281243113,29.5261194029851,scoring/dir_002/AF-Q09284-F1-model_v4.pdb
0.613542754729346,0.323793935457016,0.603167835098912,0.0925119222847506,0.386645721446307,0.183534186136135,0.727936030169014,28.5649867374005,scoring/dir_002/AF-Q09294-F1-model_v4.pdb
0.492228601745861,0.30067417786273,0.457456744518616,0.0646616191138883,0.359882395779172,0.22550981806437,0.810806556918663,21.1981424148607,scoring/dir_002/AF-Q09301-F1-model_v4.pdb
0.805932472936652,0.384234567775286,0.814235909058266,0.134443621537812,0.236621962867603,0.163614890972764,0.621471552736929,51.7600767754319,scoring/dir_002/AF-Q09338-F1-model_v4.pdb
0.988121596872703,0.516703235703005,0.990204192686846,0.181451596703789,0.331768746618719,0.174773649570989,0.486147025874504,40.0449172576832,scoring/dir_002/AF-Q09347-F1-model_v4.pdb
1.03540545314798,0.604858411613197,1.04284053381394,0.222741116512808,0.296450946702379,0.196857120877402,0.438867896573687,35.5208333333333,scoring/dir_002/AF-Q09361-F1-model_v4.pdb
0.600238731070267,0.367089655977391,0.579896876059222,0.0895413929623725,0.303714811954983,0.217930322697768,0.750318709013004,17.6091954022989,scoring/dir_002/AF-Q09368-F1-model_v4.pdb
0.883150543186868,0.450476229752669,0.881636310295636,0.169438257399744,0.19781611423238,0.182396427839127,0.576274988646961,50.228515625,scoring/dir_002/AF-Q09380-F1-model_v4.pdb
0.899280994017049,0.477640461313837,0.845529803605923,0.143896420449516,0.471029118716096,0.185033393172687,0.532739679499646,22.4119170984456,scoring/dir_002/AF-Q09389-F1-model_v4.pdb
0.911051625199781,0.448870708176555,0.899018794942917,0.15110539802845,0.294810609609178,0.169706669133491,0.540935056238496,42.1399548532731,scoring/dir_002/AF-Q09407-F1-model_v4.pdb
0.653656896019858,0.522682758478358,0.518402636855508,0.0679349403061499,0.708281812210146,0.35447443656831,0.754322958446922,3.57547169811321,scoring/dir_002/AF-Q09410-F1-model_v4.pdb
0.786734953944481,0.473984375156428,0.725736733751216,0.130745866527839,0.372577224086097,0.224939206079409,0.612412790624864,17.76953125,scoring/dir_002/AF-Q09411-F1-model_v4.pdb
1.18596386798506,0.794740331296058,1.08633740289954,0.221501947642087,0.442931211010107,0.204881873774604,0.295368652773427,25.0087719298246,scoring/dir_002/AF-Q09412-F1-model_v4.pdb
0.616223414442172,0.369970665517173,0.603485754733214,0.105314659217129,0.380786935076442,0.226064527393542,0.73456019288783,31.8538961038961,scoring/dir_002/AF-Q09419-F1-model_v4.pdb
0.72901967641959,0.447369566915422,0.725798613161353,0.139642224181421,0.237327540252685,0.223930429474402,0.687915459476272,29.84375,scoring/dir_002/AF-Q09421-F1-model_v4.pdb
1.15078465447479,0.709653607342031,1.01972140884176,0.180462195916324,0.530073970792492,0.190654436190185,0.359355357495769,23.5882352941176,scoring/dir_002/AF-Q09433-F1-model_v4.pdb
0.987272212932572,0.544821870568522,0.952789665013589,0.172277454116687,0.348334873614815,0.184167154490194,0.478203690848203,28.0880503144654,scoring/dir_002/AF-Q09490-F1-model_v4.pdb
0.993974773651322,0.586778632815655,0.971162358121826,0.187442791103943,0.344699880983005,0.197689062489748,0.455461640780538,29.7770034843206,scoring/dir_002/AF-Q09506-F1-model_v4.pdb
0.720223574002362,0.414919486767621,0.626567153576535,0.0895581779216656,0.538344329752529,0.20545155992624,0.665794256019834,14.3644314868805,scoring/dir_002/AF-Q09510-F1-model_v4.pdb
0.85840117148629,0.413853608283537,0.791708402570212,0.12223698420866,0.501800990135396,0.167370929685219,0.57561330500397,39.9476635514019,scoring/dir_002/AF-Q09527-F1-model_v4.pdb
0.884974519732284,0.447307386053334,0.857334225015826,0.166141560456778,0.335654459141698,0.194638270403232,0.526665491391361,23.6963855421687,scoring/dir_002/AF-Q09544-F1-model_v4.pdb
0.879022067636321,0.449726402467933,0.831055961579233,0.142740958588516,0.376243775571635,0.177559371593262,0.528840803239857,22.0362903225806,scoring/dir_002/AF-Q09571-F1-model_v4.pdb
0.807619650903868,0.402871922692711,0.799525433506292,0.138611597864331,0.317896747486485,0.175425182452461,0.588280351738515,49.3440170940171,scoring/dir_002/AF-Q09605-F1-model_v4.pdb
0.913632579065875,0.442471975702173,0.904419454689646,0.155956106345284,0.376411142830472,0.159429236311538,0.520399517678629,55.6577319587629,scoring/dir_002/AF-Q09610-F1-model_v4.pdb
0.670427479271395,0.468621730994542,0.595397136465866,0.102816685514716,0.398774735319999,0.292677136572862,0.70410939003846,9.65581395348837,scoring/dir_002/AF-Q09626-F1-model_v4.pdb
0.557343082348692,0.366493140942626,0.534724809132888,0.0916257619396192,0.350296262898374,0.252551187585827,0.786817026238065,12.7072072072072,scoring/dir_002/AF-Q09662-F1-model_v4.pdb
0.713541280397019,0.388104051409893,0.593565465471773,0.0827212020010517,0.6421692461962,0.192595467720923,0.636153897252962,16.1183879093199,scoring/dir_002/AF-Q09665-F1-model_v4.pdb
0.49407654500312,0.363610352300091,0.271503401454611,0.0428460388299048,0.861374526189073,0.401374705136484,0.773710321985094,3.49707602339181,scoring/dir_002/AF-Q09954-F1-model_v4.pdb
0.615540517878222,0.281547641777926,0.56163023846395,0.078679248346545,0.31371478544728,0.182613973764691,0.689046130182184,24.437054631829,scoring/dir_002/AF-Q09968-F1-model_v4.pdb
0.545057117931261,0.263379455602287,0.473320330436744,0.0689279441521595,0.366947012657706,0.203006567730478,0.710942780742457,14.7823960880196,scoring/dir_002/AF-Q09978-F1-model_v4.pdb
0.751762399628656,0.437063291497736,0.634300906221997,0.0874437581707191,0.648665002004324,0.203781064653493,0.625797434199268,12.0606936416185,scoring/dir_002/AF-Q09980-F1-model_v4.pdb
0.687698423297071,0.55667511512062,0.558606192335763,0.064566564761334,0.703856564254989,0.368070531618163,0.782339355879493,3.57251908396947,scoring/dir_002/AF-Q09984-F1-model_v4.pdb
0.947364426549582,0.50477950076737,0.901138918098865,0.147991503117318,0.331149998924897,0.178391025457098,0.492435010954503,18.6714975845411,scoring/dir_002/AF-Q09EE8-F1-model_v4.pdb
1.17169992769435,0.760758056190158,1.0823154089811,0.206401286114942,0.477427760478084,0.187667401306488,0.327615615859555,23.8243243243243,scoring/dir_002/AF-Q09EE9-F1-model_v4.pdb
1.01542119061029,0.649963649082507,0.810462943151422,0.170122294215358,0.377970328748688,0.260972302396625,0.461085792730742,10.5075757575758,scoring/dir_002/AF-Q09EF0-F1-model_v4.pdb
0.813490113410559,0.471004710931591,0.811196455488485,0.155231422204179,0.251797629198888,0.222733180633413,0.616325105842226,21.556270096463,scoring/dir_002/AF-Q09EF2-F1-model_v4.pdb
0.927623184263183,0.628682153068428,0.88507622876679,0.196912031114045,0.374595364883164,0.267607030841514,0.538709489382761,15.0822784810127,scoring/dir_002/AF-Q0G820-F1-model_v4.pdb
0.896884041395794,0.518614262841486,0.801525899382895,0.126548482580401,0.388503617038359,0.199865111137127,0.574063571276356,18.2302631578947,scoring/dir_002/AF-Q0G841-F1-model_v4.pdb
1.08746349748672,0.671705124415211,1.09426347920628,0.219644921882312,0.326262464653859,0.188422757362948,0.407573588615709,31.2351097178683,scoring/dir_002/AF-Q0KHC0-F1-model_v4.pdb
0.619018792989986,0.50469006391997,0.546360308797258,0.0900204501517391,0.529240033429925,0.394012495853563,0.775630425054549,3.48850574712644,scoring/dir_002/AF-Q0MQ65-F1-model_v4.pdb
0.987282231777653,0.545990433817887,1.00022327398503,0.195638193846554,0.254937484778887,0.182595232108396,0.482893449210579,40.2545454545455,scoring/dir_002/AF-Q0MQ67-F1-model_v4.pdb
0.518998856105012,0.299041430199014,0.487193188239994,0.0720293503512954,0.366563644312881,0.212274744288259,0.788789805899396,13.1494252873563,scoring/dir_002/AF-Q0PDJ7-F1-model_v4.pdb
0.645568146014822,0.361580160648755,0.614051056082055,0.114257559441073,0.464109258842383,0.228209116922971,0.685414599207125,20.7772727272727,scoring/dir_002/AF-Q10013-F1-model_v4.pdb
0.380015002258171,0.294686288439885,0.310479208142856,0.0365974642502943,0.700898341597191,0.367515283445932,0.878858929685512,3.51948051948052,scoring/dir_002/AF-Q10043-F1-model_v4.pdb
0.969409278701371,0.505328604534653,0.917002436922152,0.166891311625075,0.409947495040623,0.180092841936713,0.466282410867305,30.6683291770574,scoring/dir_002/AF-Q10121-F1-model_v4.pdb
0.737620550760281,0.430074016204681,0.701447380705307,0.128203941458058,0.440655371958364,0.224614517954978,0.620471292960973,16.4605263157895,scoring/dir_002/AF-Q10129-F1-model_v4.pdb
0.503149493150568,0.338721547391935,0.419013849418816,0.0413665992282053,0.568395666022835,0.263738686904105,0.818928118285848,4.98136645962733,scoring/dir_002/AF-Q10574-F1-model_v4.pdb
0.592342451363693,0.316761837062415,0.570112846471661,0.100256968898179,0.333044574319977,0.206851387262199,0.731542381370851,23.2915811088296,scoring/dir_002/AF-Q10920-F1-model_v4.pdb
1.11907626381796,0.726925841024452,1.03103460504026,0.196127679321767,0.480726489456751,0.198121208407002,0.338884851383507,28.0201612903226,scoring/dir_002/AF-Q10931-F1-model_v4.pdb
0.931144271942137,0.444228052401605,0.8697937547931,0.135938987030089,0.519108406863327,0.160197979853653,0.485991703629055,31.2893700787402,scoring/dir_002/AF-Q10943-F1-model_v4.pdb
0.602582178930169,0.316305581017031,0.581029478160057,0.101553797160308,0.24115844599556,0.203033214309824,0.744163609134034,28.7578692493947,scoring/dir_002/AF-Q10952-F1-model_v4.pdb
0.617597696027969,0.343634959283208,0.602471181456028,0.106015131067045,0.259435658560251,0.214555032460162,0.729690095570693,25.997005988024,scoring/dir_002/AF-Q11070-F1-model_v4.pdb
0.972895244146366,0.515632547491354,0.958590056099842,0.196256220058097,0.421825679399341,0.195640806278789,0.45190159646533,38.4185303514377,scoring/dir_002/AF-Q11074-F1-model_v4.pdb
0.577256734053758,0.317206027319147,0.538408280625869,0.0719145891590114,0.346586019042847,0.193537498977417,0.747894948280255,15.7627551020408,scoring/dir_002/AF-Q11075-F1-model_v4.pdb
0.499100601658379,0.321274337463452,0.441846546137309,0.0621736625195515,0.343392533430746,0.2541051681467,0.811550687598371,14.2520775623269,scoring/dir_002/AF-Q11078-F1-model_v4.pdb
0.549713803332278,0.401334609736726,0.393467694636739,0.053058848306233,0.851600979666631,0.347799342712305,0.788932313386546,3.45945945945946,scoring/dir_002/AF-Q11084-F1-model_v4.pdb
0.438211660087134,0.27205840790796,0.38253526054361,0.0505611621114068,0.443007220109195,0.25282143001224,0.82838349867112,7.9265306122449,scoring/dir_002/AF-Q11094-F1-model_v4.pdb
1.11945885004742,0.846028739930636,0.996186102569174,0.241974641469738,0.423487260239408,0.342583632155374,0.534176073058781,10.7407407407407,scoring/dir_002/AF-Q11097-F1-model_v4.pdb
0.826476361899677,0.433621115136986,0.82966289517743,0.159874389471079,0.277293494243329,0.195017548099706,0.598693561484689,24.2708803611738,scoring/dir_002/AF-Q11101-F1-model_v4.pdb
0.809283117383058,0.651112274069351,0.718011143516444,0.147097020181541,0.535609321578005,0.411460221642903,0.666164771531589,3.50467289719626,scoring/dir_002/AF-Q11105-F1-model_v4.pdb
0.864132348244662,0.49780828359962,0.819917514372069,0.144789026053044,0.427337023239197,0.20692245779253,0.549788645432171,19.9851851851852,scoring/dir_002/AF-Q11110-F1-model_v4.pdb
0.793575480816313,0.583069958275129,0.415958262797093,0.122298384322881,0.843375170481366,0.416081455852496,0.544212160925051,3.50746268656716,scoring/dir_002/AF-Q11116-F1-model_v4.pdb
0.630552911732846,0.364558588887541,0.606326456078419,0.114074154495558,0.342417888769749,0.23743186615808,0.704806900298116,18.1830985915493,scoring/dir_002/AF-Q11189-F1-model_v4.pdb
0.768793161809636,0.458004537404679,0.619911234192901,0.0907020635822869,0.458845653137304,0.230037166294297,0.611272745970622,12.3875968992248,scoring/dir_002/AF-Q11192-F1-model_v4.pdb
0.723758165532516,0.410746553851981,0.646133127771337,0.0904192738911623,0.442047912101868,0.209308919225076,0.662124112231596,13.012539184953,scoring/dir_002/AF-Q14V34-F1-model_v4.pdb
0.782951423258968,0.366189180360345,0.780884588592189,0.126855799106393,0.290022772414209,0.164183047704699,0.62463501638062,30.9208103130755,scoring/dir_002/AF-Q17324-F1-model_v4.pdb
1.07692752881138,0.706968182384478,1.04545192114458,0.236500336935065,0.427920483232223,0.217460593130869,0.364377265615847,37.8339622641509,scoring/dir_002/AF-Q17338-F1-model_v4.pdb
0.634686772677166,0.374784985341202,0.61045994977644,0.104082524824601,0.39328037064877,0.228366588722766,0.711105902217454,21.0082304526749,scoring/dir_002/AF-Q17348-F1-model_v4.pdb
1.09332865573463,0.661363897887367,0.973294780708924,0.168677662196704,0.569439744031732,0.183255534803926,0.359901554131447,25.5335365853659,scoring/dir_002/AF-Q17424-F1-model_v4.pdb
0.845215188050543,0.404538895834943,0.796820358095364,0.123818248256743,0.40733165744717,0.16301362759757,0.556938844511021,25.9162895927602,scoring/dir_002/AF-Q17427-F1-model_v4.pdb
0.696220731656551,0.402067368140997,0.576365284837484,0.0907026683832522,0.424255772862021,0.234697243316814,0.655864081547373,18.8461538461538,scoring/dir_002/AF-Q17435-F1-model_v4.pdb
0.985019443828746,0.549889189328838,0.976966660103379,0.201426540223284,0.365021986543805,0.193037821400603,0.456027773029627,38.5738636363636,scoring/dir_002/AF-Q17473-F1-model_v4.pdb
0.86959461592091,0.510017251341534,0.858092176067527,0.144914096534915,0.314281346720218,0.196841980297883,0.574482109982283,31.8131147540984,scoring/dir_002/AF-Q17538-F1-model_v4.pdb
0.51532268210643,0.322629262907939,0.474028117494371,0.0719439912195012,0.311916089873686,0.244275044578448,0.796501689098285,11.9755244755245,scoring/dir_002/AF-Q17573-F1-model_v4.pdb
0.534634516058246,0.328622372432176,0.503143143676641,0.0779390539639013,0.388354383706346,0.234446007666325,0.783441720328503,15.7032967032967,scoring/dir_002/AF-Q17580-F1-model_v4.pdb
0.537503585836498,0.32666074542792,0.494566231872915,0.0759707008404901,0.458026540898759,0.247572405834875,0.76790984446296,9.05974842767296,scoring/dir_002/AF-Q17606-F1-model_v4.pdb
0.653774772787224,0.352465755230879,0.642030327894033,0.112840174361244,0.290278798096675,0.209059602907528,0.701842411644913,31.9755011135857,scoring/dir_002/AF-Q17629-F1-model_v4.pdb
1.34599660368645,1.1156547282737,1.2456865614123,0.332690586094155,0.299713629789478,0.268347216396278,0.19800692704787,10.0723684210526,scoring/dir_002/AF-Q17638-F1-model_v4.pdb
0.520209892023629,0.316950276800556,0.442090436799496,0.0642897210680747,0.464685251824471,0.269321487994713,0.785994806884055,8,scoring/dir_002/AF-Q17662-F1-model_v4.pdb
0.660475878430056,0.401936668079115,0.626340329959233,0.107287426719129,0.352700703149056,0.226475182050983,0.721641233095583,22.0707070707071,scoring/dir_002/AF-Q17684-F1-model_v4.pdb
0.805795914472759,0.482889844056872,0.729514182407387,0.120797020437767,0.36367469815359,0.218583200379862,0.606754077417283,13.4147157190635,scoring/dir_002/AF-Q17698-F1-model_v4.pdb
0.40155091560678,0.303341458489802,0.318641574305968,0.0355144396380226,0.800170707509709,0.345690112481775,0.858306926665931,3.52795031055901,scoring/dir_002/AF-Q17719-F1-model_v4.pdb
0.779216655137165,0.358643522681081,0.739426541486468,0.119267957205858,0.404681294106055,0.178567672800696,0.611013164018534,20.7900763358779,scoring/dir_002/AF-Q17720-F1-model_v4.pdb
1.07047520541668,0.748520964150361,0.961947614401819,0.211003003859157,0.377142752814996,0.241301406889154,0.403124633967949,15.3268292682927,scoring/dir_002/AF-Q17722-F1-model_v4.pdb
0.838344732981179,0.442687616626673,0.822517737963925,0.141849473046753,0.262021767035202,0.179225654480222,0.598411279371569,36.47533632287,scoring/dir_002/AF-Q17723-F1-model_v4.pdb
1.06759165240642,0.628595576709242,1.05374775971482,0.201726411988663,0.380172439963695,0.179910381692051,0.408394682119309,31.5099150141643,scoring/dir_002/AF-Q17749-F1-model_v4.pdb
0.811681679033771,0.544343038938499,0.48029342624578,0.0822638441888119,0.766621440507224,0.296605081746548,0.584033924215102,6.07432432432432,scoring/dir_002/AF-Q17754-F1-model_v4.pdb
0.448267197521119,0.284852589035589,0.378794040829565,0.0475397778491665,0.500407890564989,0.271466716106357,0.819697996150951,5.0185873605948,scoring/dir_002/AF-Q17763-F1-model_v4.pdb
0.829926795531077,0.488540656606524,0.723009328046607,0.116806814750719,0.390665754003599,0.211953349323862,0.580010874207297,17.3147410358566,scoring/dir_002/AF-Q17775-F1-model_v4.pdb
0.795302617487445,0.524844634346634,0.696535378647289,0.142805593578764,0.42434438572531,0.270398977518714,0.599026810191492,11.4100418410042,scoring/dir_002/AF-Q17776-F1-model_v4.pdb
0.857115154303188,0.468270671563637,0.856033139484425,0.152656210451564,0.213008031519281,0.188575887654111,0.595785490720065,28.9738903394256,scoring/dir_002/AF-Q17790-F1-model_v4.pdb
0.80489826235002,0.374506175586034,0.784425294896124,0.125571697782064,0.284509171985356,0.166850920312371,0.6125718667079,33.9745454545455,scoring/dir_002/AF-Q17819-F1-model_v4.pdb
0.757424204534051,0.452217390954714,0.648280079655229,0.11537198694903,0.190929288343931,0.255351953606011,0.658033658862319,18.2332155477032,scoring/dir_002/AF-Q17827-F1-model_v4.pdb
1.12996188501868,0.754356196382923,1.0421430850459,0.215996913940663,0.543827584138186,0.212133722685776,0.310532721164897,19.75,scoring/dir_002/AF-Q17868-F1-model_v4.pdb
0.543211092108641,0.273972414305165,0.48108358185741,0.0667179195554265,0.348847013697219,0.192628273475104,0.739191002639532,22.2312925170068,scoring/dir_002/AF-Q17875-F1-model_v4.pdb
0.803895560563199,0.483214048392819,0.755066340592882,0.131652021220884,0.370923043415274,0.219849541792294,0.626290991141822,18.1270903010033,scoring/dir_002/AF-Q17903-F1-model_v4.pdb
0.925525127633907,0.467661316224753,0.883643916491809,0.148814954859945,0.402310983019827,0.171962387433727,0.494612009129032,29.1093023255814,scoring/dir_002/AF-Q17908-F1-model_v4.pdb
0.686772260091114,0.358823459348713,0.622738440461156,0.0904000119116072,0.291061860814604,0.196576021488623,0.666242448253662,17.3698296836983,scoring/dir_002/AF-Q17919-F1-model_v4.pdb
1.00353152432512,0.620242741297057,0.994901418375904,0.198893688833643,0.345432541867938,0.206980912478425,0.473339099577687,27.1349480968858,scoring/dir_002/AF-Q17924-F1-model_v4.pdb
0.833059582410426,0.506465262797729,0.823701070042609,0.157270973453969,0.322802244552721,0.219591348176098,0.605980833929112,27.2169811320755,scoring/dir_002/AF-Q17925-F1-model_v4.pdb
0.90917012776495,0.536086842837866,0.909362192317721,0.175467742246397,0.298892491034601,0.201869168463385,0.568060541158325,28.864406779661,scoring/dir_002/AF-Q17927-F1-model_v4.pdb
0.860825020609795,0.489389952550024,0.855250793369652,0.156416046892046,0.282979545318166,0.201170245049206,0.594344463024771,35.065445026178,scoring/dir_002/AF-Q17937-F1-model_v4.pdb
0.897210204144181,0.476267149761086,0.826275533555406,0.143155980780829,0.259714287394718,0.1863639100082,0.524227964287572,23.4190231362468,scoring/dir_002/AF-Q17953-F1-model_v4.pdb
0.981373682961918,0.58736519683724,0.991549919861319,0.211943695346961,0.292297119142033,0.20294707901243,0.503825492947514,34.8828337874659,scoring/dir_002/AF-Q17956-F1-model_v4.pdb
0.766764106789997,0.493617418933393,0.551218591009122,0.0848720806947429,0.58893290980645,0.266516069668159,0.633685108386764,6.58974358974359,scoring/dir_002/AF-Q17957-F1-model_v4.pdb
0.826081501928796,0.389412162113447,0.831958233936288,0.149058805633552,0.243589519586684,0.166577541638322,0.59081647114751,42.169946332737,scoring/dir_002/AF-Q17993-F1-model_v4.pdb
0.450120978944501,0.311952772120633,0.163451625824981,0.0196054096220912,0.899515212313533,0.392660021372597,0.805554378742464,3.5,scoring/dir_002/AF-Q18012-F1-model_v4.pdb
0.951938201801757,0.591539400593093,0.951576016522513,0.191304975615744,0.25738615987069,0.213718212414462,0.543621862189595,25.6452702702703,scoring/dir_002/AF-Q18032-F1-model_v4.pdb
0.538073838532475,0.312725661316902,0.477309500076149,0.0652238057292998,0.381266929526034,0.228203928941732,0.766694452356683,10.0996441281139,scoring/dir_002/AF-Q18036-F1-model_v4.pdb
0.754678654196523,0.38107686140917,0.731671251737568,0.10813171774059,0.384213481973493,0.178167600832369,0.645137927064159,19.1028571428571,scoring/dir_002/AF-Q18055-F1-model_v4.pdb
0.606773028340905,0.354685055832926,0.573234165451841,0.0835488939681113,0.420713106865646,0.219491007874995,0.731030573409116,13.0040983606557,scoring/dir_002/AF-Q18058-F1-model_v4.pdb
1.07702650571056,0.627053076619926,1.05318525544906,0.201689342279263,0.326798623241654,0.184095069907087,0.424273769020132,18.4464944649447,scoring/dir_002/AF-Q18059-F1-model_v4.pdb
0.949915572628389,0.62019654722665,0.809981261986105,0.130349328326282,0.437183438526691,0.231748402034118,0.517702264746417,9.73846153846154,scoring/dir_002/AF-Q18060-F1-model_v4.pdb
1.1023802221111,0.655755159699045,1.08326232009501,0.210740429140679,0.347038998369505,0.179877986636568,0.409693920788458,30.9737609329446,scoring/dir_002/AF-Q18070-F1-model_v4.pdb
0.694101660556106,0.343967506362028,0.64942431322097,0.107811777843608,0.251113348360935,0.19221085286626,0.643172602049462,18.7407407407407,scoring/dir_002/AF-Q18089-F1-model_v4.pdb
0.6521311100434,0.453676713732811,0.557412961939259,0.0941083734631237,0.471768090649524,0.30349917684761,0.720624666012951,6.66477272727273,scoring/dir_002/AF-Q18095-F1-model_v4.pdb
0.867797306335049,0.586633939177501,0.564329823593083,0.0845208763138885,0.739643205161765,0.280307247029147,0.540414129608017,5.17948717948718,scoring/dir_002/AF-Q18132-F1-model_v4.pdb
0.998697515239905,0.577301074653792,0.814569397568876,0.167458816404998,0.337908998445813,0.229776351871191,0.457482455429344,19.3346456692913,scoring/dir_002/AF-Q18133-F1-model_v4.pdb
0.738609636718037,0.395609113433181,0.6153306778145,0.0783134564455293,0.696327996850543,0.186264055181141,0.631931876262505,15.0346820809249,scoring/dir_002/AF-Q18136-F1-model_v4.pdb
0.842024552420052,0.470792030686541,0.845639937996057,0.183301744771037,0.299462721713734,0.21452706212488,0.576456457199524,21.0966666666667,scoring/dir_002/AF-Q18156-F1-model_v4.pdb
0.771855810844214,0.443211964827754,0.773080022330226,0.160950897650307,0.301224573790679,0.219403404551675,0.63746858988177,21.0398671096346,scoring/dir_002/AF-Q18158-F1-model_v4.pdb
0.519512980945037,0.322551001728998,0.496909018576372,0.0899058062027476,0.377843047583579,0.253265682288364,0.785157308042762,15.341059602649,scoring/dir_002/AF-Q18159-F1-model_v4.pdb
0.801714257836916,0.499989998094411,0.77676741904648,0.141752537014652,0.321181711546358,0.230025013414053,0.61824867549145,15.1714285714286,scoring/dir_002/AF-Q18160-F1-model_v4.pdb
0.60558765691872,0.343403234488896,0.597927434656128,0.0962564670330785,0.277675069355257,0.202148815588417,0.753800614802555,25.3916449086162,scoring/dir_002/AF-Q18162-F1-model_v4.pdb
0.860188143292376,0.508501153866807,0.855186288288706,0.156212177383966,0.309442119235876,0.196805865987179,0.575363180238212,28.3157894736842,scoring/dir_002/AF-Q18180-F1-model_v4.pdb
0.948140840122976,0.505893274520796,0.939102010656199,0.174180483744042,0.340201843116295,0.179018795931571,0.501402473972042,25.8590604026846,scoring/dir_002/AF-Q18187-F1-model_v4.pdb
0.486847086192956,0.365245956802657,0.433051716240156,0.0574347643408979,0.598693268959792,0.32263349813555,0.825491581614131,4.40837696335079,scoring/dir_002/AF-Q18196-F1-model_v4.pdb
0.730551041488958,0.448047455019648,0.721633430154507,0.149441091647873,0.363261148754098,0.236493896596203,0.646682327948222,11.8080495356037,scoring/dir_002/AF-Q18208-F1-model_v4.pdb
0.811179986256894,0.407314970550453,0.792591192652124,0.133621406832305,0.279906909893607,0.172721201477635,0.607702610256798,35.8105065666041,scoring/dir_002/AF-Q18226-F1-model_v4.pdb
0.618640746027748,0.363659968948959,0.584994382315429,0.103286361687517,0.411238382348479,0.235267609476643,0.709248439831255,18.1184210526316,scoring/dir_002/AF-Q18231-F1-model_v4.pdb
0.405739320113537,0.309975356579694,0.352383323857011,0.041420327121421,0.617489491323571,0.33353128312661,0.87397589917946,4.57291666666667,scoring/dir_002/AF-Q18232-F1-model_v4.pdb
0.719823009695217,0.352988296781975,0.709053289598095,0.123449401498319,0.316221042979838,0.190269289999295,0.658114422359756,31.5514223194748,scoring/dir_002/AF-Q18242-F1-model_v4.pdb
0.920020988665823,0.447083980273612,0.870924699773157,0.137851514359333,0.459198899156521,0.159468261076392,0.50700865237516,34.3487940630798,scoring/dir_002/AF-Q18246-F1-model_v4.pdb
0.733303968626763,0.382726228217165,0.713429961498674,0.11466966808483,0.322037593049733,0.1915513716426,0.648349973839015,28.3457076566125,scoring/dir_002/AF-Q18256-F1-model_v4.pdb
0.615312781854971,0.322135265814172,0.576158322938911,0.0775153141677885,0.249581374932862,0.200603165307896,0.708924692792383,13.3065902578797,scoring/dir_002/AF-Q18261-F1-model_v4.pdb
0.84181586074412,0.421940864045191,0.832846897143588,0.137385841526765,0.322225050689714,0.175560758254444,0.577432752819832,35.8787878787879,scoring/dir_002/AF-Q18268-F1-model_v4.pdb
0.549729466094749,0.341447378344571,0.488629780250171,0.0561511729858498,0.394107469060619,0.228178080109971,0.783567192648023,7.60655737704918,scoring/dir_002/AF-Q18277-F1-model_v4.pdb
0.864237340642952,0.424300310079143,0.78862103371372,0.121813572842672,0.33070534746504,0.172848834299324,0.561533978295955,25.9038461538462,scoring/dir_002/AF-Q18311-F1-model_v4.pdb
0.856510081955394,0.486624771342939,0.832503611428651,0.135633395355282,0.286712344826513,0.193409181266824,0.573453642357643,19.2260061919505,scoring/dir_002/AF-Q18319-F1-model_v4.pdb
0.745257203590258,0.405324135864352,0.65385538181833,0.104738324072909,0.444758731558929,0.20676191514127,0.633210032330478,17.4742268041237,scoring/dir_002/AF-Q18359-F1-model_v4.pdb
1.00381445588975,0.570289027596434,0.858396755451607,0.128167195241365,0.530128939475763,0.188799364124645,0.439956473263277,17.4487632508834,scoring/dir_002/AF-Q18399-F1-model_v4.pdb
0.983900493121204,0.50283613688417,0.998304307658939,0.188454599145259,0.251772881750201,0.165001958417475,0.504040122219573,47.4622641509434,scoring/dir_002/AF-Q18445-F1-model_v4.pdb
0.549779809128302,0.404280791606721,0.419134650619684,0.0463648888249587,0.628634583841379,0.327551440719495,0.807955920634939,4.06060606060606,scoring/dir_002/AF-Q18446-F1-model_v4.pdb
0.970406056953657,0.561308483884289,0.969173022377831,0.184793327993808,0.309374439742354,0.190239099112733,0.473855871862759,31.0927152317881,scoring/dir_002/AF-Q18451-F1-model_v4.pdb
1.01795074731645,0.589589646308054,0.950531707126092,0.158731129459977,0.530976156952545,0.179523806769349,0.416054342779798,23.8111888111888,scoring/dir_002/AF-Q18465-F1-model_v4.pdb
0.41657089037941,0.273197823861697,0.357580625139822,0.0496793400227321,0.492259926042115,0.290296213639168,0.834811236392271,4.24528301886793,scoring/dir_002/AF-Q18481-F1-model_v4.pdb
0.610864305392253,0.471999339915909,0.495615166169239,0.0530612060815494,0.780372265113952,0.318180245828685,0.789226078608345,3.94017094017094,scoring/dir_002/AF-Q18502-F1-model_v4.pdb
0.884366746810596,0.411975001791656,0.84215931967912,0.131418468694812,0.426114059374021,0.158603447524504,0.519665919833025,32.6745886654479,scoring/dir_002/AF-Q18510-F1-model_v4.pdb
0.419427129405339,0.294495906088202,0.174713457372659,0.0284517670117567,0.835091259044445,0.388563831706508,0.785042930624395,3.53448275862069,scoring/dir_002/AF-Q18519-F1-model_v4.pdb
0.529448076708944,0.398320250471707,0.333522144986478,0.0376976889753293,0.607252008144815,0.352588079507149,0.778624608503288,3.96891191709845,scoring/dir_002/AF-Q18520-F1-model_v4.pdb
0.299447268848187,0.217393179707423,0.185670555435913,0.0256191981817754,0.824243400946781,0.376590493192044,0.881205775779787,3.55897435897436,scoring/dir_002/AF-Q18521-F1-model_v4.pdb
0.618949442444648,0.45068382135539,0.504254681278132,0.068305429745831,0.520481885741877,0.304520514486142,0.736469765330824,4.51445086705202,scoring/dir_002/AF-Q18525-F1-model_v4.pdb
0.638589073359796,0.322179151335513,0.582747805077429,0.0857096262731984,0.380016299452838,0.190550943775426,0.688692644172661,17.2322274881517,scoring/dir_002/AF-Q18567-F1-model_v4.pdb
1.09093874334886,0.680541563876428,1.04479006590296,0.209684076243179,0.40109409600903,0.197015996493899,0.383186832406734,15.3839541547278,scoring/dir_002/AF-Q18587-F1-model_v4.pdb
0.701512615666089,0.437332800390003,0.47864707569189,0.0763160211899733,0.622418566322589,0.297933124871234,0.631309656981902,5.05442176870748,scoring/dir_002/AF-Q18590-F1-model_v4.pdb
0.942344254167032,0.470902355792592,0.942631449510742,0.168049858226489,0.267979922132027,0.167064391975901,0.526057059761522,38.9459459459459,scoring/dir_002/AF-Q18596-F1-model_v4.pdb
0.552279440243256,0.306835586328156,0.511226521114607,0.061357585175088,0.32986941923013,0.193968825140942,0.766823313391281,14.6576576576577,scoring/dir_002/AF-Q18653-F1-model_v4.pdb
0.798421068137309,0.426191989585656,0.733013732913105,0.127322730550036,0.384139888532706,0.203432058620334,0.592171769323409,17.617816091954,scoring/dir_002/AF-Q18704-F1-model_v4.pdb
0.816432141232614,0.422887565149519,0.747148353696899,0.111204184757557,0.241882937524026,0.183848892375783,0.624697354477707,27.2259414225941,scoring/dir_002/AF-Q18706-F1-model_v4.pdb
0.976056054884085,0.499195455436958,0.963745105008816,0.175346970300061,0.264295189332318,0.175884626657492,0.491461014451624,28.6536697247706,scoring/dir_002/AF-Q18709-F1-model_v4.pdb
0.873315113641731,0.538272920654202,0.766316628729638,0.12669823471529,0.668179829400878,0.216415838921429,0.554726109042614,25.7028985507246,scoring/dir_002/AF-Q18724-F1-model_v4.pdb
0.611698511209848,0.321483755116701,0.552585681568786,0.0830096780486731,0.392677613677108,0.197007990462648,0.70993781878183,20.3256880733945,scoring/dir_002/AF-Q18741-F1-model_v4.pdb
0.628956273305332,0.295303067577509,0.57663657460694,0.0782784317201736,0.426143992187528,0.178151739477809,0.692142607111505,13.9733656174334,scoring/dir_002/AF-Q18764-F1-model_v4.pdb
0.822355859938101,0.405933294364612,0.798495702149972,0.129441657832859,0.292540398932792,0.168924534816036,0.601788187392274,32.4448897795591,scoring/dir_002/AF-Q18765-F1-model_v4.pdb
0.819241458408233,0.475526554114575,0.795527622757825,0.145050903445162,0.412008673114354,0.215985122127671,0.584780166649076,22.8007518796992,scoring/dir_002/AF-Q18786-F1-model_v4.pdb
0.895840536316915,0.415308284537446,0.89893562308919,0.152809347690837,0.321381683679588,0.167055768658888,0.558107760068101,32.3530655391121,scoring/dir_002/AF-Q18793-F1-model_v4.pdb
0.503327692596022,0.363522968362669,0.422700167013378,0.0472959686401002,0.60469712936275,0.306573877023926,0.805174848095724,3.70283018867925,scoring/dir_002/AF-Q18803-F1-model_v4.pdb
0.500837621901981,0.311792432220971,0.483912055635128,0.0882716692820594,0.370849567986761,0.257673846243785,0.794023391425578,12.2718120805369,scoring/dir_002/AF-Q18805-F1-model_v4.pdb
0.95231094856224,0.50222556145446,0.959481214723842,0.181539046802171,0.242656513586607,0.173709537877037,0.507439608181876,38.9031476997579,scoring/dir_002/AF-Q18821-F1-model_v4.pdb
0.53350154158831,0.342727377848616,0.518799064192497,0.0958945901250269,0.417278221975173,0.257921468054753,0.784196576992669,14.68125,scoring/dir_002/AF-Q18827-F1-model_v4.pdb
0.874395148366594,0.429158888285459,0.839102758569722,0.130344962893737,0.387226473733769,0.16377983320735,0.579701654192516,33.1555915721232,scoring/dir_002/AF-Q18851-F1-model_v4.pdb
0.692210279070501,0.465528267724391,0.623107172398986,0.0992885491270175,0.469632914977978,0.256550052738856,0.713273637092959,12.4485596707819,scoring/dir_002/AF-Q18885-F1-model_v4.pdb
0.902844316176591,0.490839248082724,0.863089499157778,0.141904896620599,0.277829733194273,0.182156554259596,0.574667602805501,26.1011235955056,scoring/dir_002/AF-Q18903-F1-model_v4.pdb
0.873505890422634,0.507133992705101,0.862558603734085,0.167786755046169,0.332169734251493,0.205218572796438,0.569395042994778,18.9173789173789,scoring/dir_002/AF-Q18906-F1-model_v4.pdb
0.842580479632978,0.514396981992368,0.840387532921273,0.161424639591553,0.331258849791271,0.217308078072658,0.590030993194195,22.9130434782609,scoring/dir_002/AF-Q18913-F1-model_v4.pdb
0.949793629534244,0.565404107825037,0.917134151190053,0.158536171807233,0.31867862070437,0.192421729564801,0.530166830263146,29.1462585034014,scoring/dir_002/AF-Q18917-F1-model_v4.pdb
0.521572626142587,0.272021634308789,0.492528296615899,0.0809033180823125,0.427651188232461,0.20652343579755,0.755046564781862,18.7410071942446,scoring/dir_002/AF-Q18949-F1-model_v4.pdb
0.544332763976542,0.30258988730882,0.507183046101025,0.0651177799830193,0.419844441260296,0.202584985657319,0.779030217368429,22.1818181818182,scoring/dir_002/AF-Q18959-F1-model_v4.pdb
0.922817444441508,0.4546828144395,0.888698945400199,0.137617336070262,0.397540655187748,0.164423026984194,0.532396432366268,26.0570776255708,scoring/dir_002/AF-Q18991-F1-model_v4.pdb
0.936990464892712,0.479475515821142,0.911097797369381,0.138177649969561,0.387231228868419,0.163281018260416,0.506004130276527,25.8324607329843,scoring/dir_002/AF-Q18995-F1-model_v4.pdb
0.932499336950592,0.506490949348831,0.933292667380587,0.181107462940393,0.226718691757688,0.187023880882019,0.534613313438341,45.6754617414248,scoring/dir_002/AF-Q18LB3-F1-model_v4.pdb
0.969231163228756,0.560466309174664,0.978062216011683,0.198817102235182,0.2747605561115,0.195280575337513,0.508925481290708,40.7320261437909,scoring/dir_002/AF-Q19002-F1-model_v4.pdb
0.797814670186521,0.488155546238912,0.782686137999107,0.137866548264149,0.385237808086533,0.208661741116603,0.633612638967024,32.3866666666667,scoring/dir_002/AF-Q19010-F1-model_v4.pdb
0.767097469932646,0.404321111569136,0.677277596556076,0.0993770491051154,0.390440871095737,0.194343530907508,0.61484442610338,15.8035714285714,scoring/dir_002/AF-Q19035-F1-model_v4.pdb
0.689124133064855,0.350207842703962,0.653582840316182,0.0939686872182361,0.319365854045902,0.177730999978439,0.698053724364279,22.8678414096916,scoring/dir_002/AF-Q19036-F1-model_v4.pdb
0.866311321121025,0.518474834490976,0.845515814352475,0.146845063462163,0.383820842688318,0.198158834876755,0.57078196003329,31.8864353312303,scoring/dir_002/AF-Q19063-F1-model_v4.pdb
0.850113033999021,0.488067050942788,0.828692874689943,0.147896677550362,0.372587714690838,0.199590698868681,0.574050783957444,32.440251572327,scoring/dir_002/AF-Q19064-F1-model_v4.pdb
0.502389719563162,0.394765506928413,0.350938420002124,0.0411759508664282,0.83293039583026,0.398207233574456,0.810158492340474,3.49367088607595,scoring/dir_002/AF-Q19065-F1-model_v4.pdb
0.960320034575172,0.602437447585292,0.960816863148823,0.183460476625529,0.310515189509893,0.207138404509899,0.52683338971583,22.5263157894737,scoring/dir_002/AF-Q19077-F1-model_v4.pdb
0.649978528237513,0.375123371635644,0.603231563461674,0.105774362542738,0.441108529051551,0.236599029055443,0.701949219673309,15.5486725663717,scoring/dir_002/AF-Q19093-F1-model_v4.pdb
0.936235714643714,0.473829668909074,0.884227720894605,0.13556771080465,0.423113024435797,0.16585924544321,0.491127797664749,22.4416243654822,scoring/dir_002/AF-Q19123-F1-model_v4.pdb
0.883050107133199,0.419590173883465,0.807504422610068,0.121962180246877,0.547007012248716,0.157270726232739,0.528937932040501,35.4757281553398,scoring/dir_002/AF-Q19143-F1-model_v4.pdb
0.861615746185867,0.519954682921198,0.855104535201688,0.163778025325445,0.238702562546809,0.209302931098332,0.595050253529067,23.378548895899,scoring/dir_002/AF-Q19147-F1-model_v4.pdb
0.682348859830738,0.499550807297547,0.264765175735918,0.0580321252749912,0.889915957833201,0.416890800160377,0.635599122146364,3.47872340425532,scoring/dir_002/AF-Q19154-F1-model_v4.pdb
0.546805700778147,0.3698013014274,0.431080675731767,0.0717719242494657,0.400735777589545,0.314719993138118,0.742550929235368,8.45081967213115,scoring/dir_002/AF-Q19159-F1-model_v4.pdb
0.690446064532206,0.349243449393887,0.665494187778656,0.104234834466928,0.305389727502022,0.183943659191294,0.696307567086846,34.553911205074,scoring/dir_002/AF-Q19162-F1-model_v4.pdb
0.632464701707898,0.336150414870399,0.59948542577071,0.0990225403167766,0.260112444865305,0.206917771395154,0.707675613247643,23.0659133709981,scoring/dir_002/AF-Q19199-F1-model_v4.pdb
0.811201415566013,0.40125179784286,0.799881481509564,0.130879774858718,0.296751542059737,0.173399677975348,0.59509144715447,29.1129807692308,scoring/dir_002/AF-Q19213-F1-model_v4.pdb
0.492430792540273,0.268892221597513,0.407857437115822,0.0643823130154445,0.430624420672247,0.247386801981386,0.760513009674251,12.5197740112994,scoring/dir_002/AF-Q19214-F1-model_v4.pdb
0.574811990801932,0.343219973478906,0.535903092915812,0.0819451686093025,0.562144235827271,0.227024764036656,0.740585412599453,23.2745901639344,scoring/dir_002/AF-Q19228-F1-model_v4.pdb
0.802091101394928,0.502095615362709,0.78465754977655,0.15131170496923,0.316572296179884,0.228573814944193,0.610187425367467,20.3344827586207,scoring/dir_002/AF-Q19249-F1-model_v4.pdb
0.884910871858273,0.543756636675011,0.70281223481637,0.117917924107961,0.483025842467857,0.238292857747573,0.497137776816056,10.8349056603774,scoring/dir_002/AF-Q19276-F1-model_v4.pdb
0.538416018627611,0.332598043648729,0.488896017058395,0.0535077139731773,0.471940533497982,0.212584342182419,0.784608520327065,12.5098039215686,scoring/dir_002/AF-Q19281-F1-model_v4.pdb
0.645916129301571,0.452560196134606,0.612616965288655,0.106846423315542,0.322969373398438,0.292530297010955,0.750186688604128,20.6536585365854,scoring/dir_002/AF-Q19283-F1-model_v4.pdb
0.871951030084341,0.505611195365008,0.77803161759525,0.121417724509973,0.474131362386738,0.204402982463403,0.580745563217427,20.1413043478261,scoring/dir_002/AF-Q19297-F1-model_v4.pdb
0.442791630878725,0.315273006883753,0.3659751536128,0.0487538234275125,0.574690961311954,0.312573183421885,0.833480254009601,5.94650205761317,scoring/dir_002/AF-Q19303-F1-model_v4.pdb
0.69442815326172,0.455676704007375,0.641795212833079,0.11680332796099,0.433755229521082,0.269739247760289,0.687700234193208,9.74449339207049,scoring/dir_002/AF-Q19342-F1-model_v4.pdb
0.636330157852076,0.413123629605296,0.634736202004249,0.153464925188545,0.2698132994225,0.294276060822413,0.728566320483854,23.0672782874618,scoring/dir_002/AF-Q19349-F1-model_v4.pdb
0.508429062091715,0.318957781275909,0.43824979904501,0.054664060980742,0.516356439894039,0.249131808817873,0.786170993670167,6.14335664335664,scoring/dir_002/AF-Q19363-F1-model_v4.pdb
0.897023419063575,0.434650301500291,0.859593178268416,0.139140241618359,0.350772848040108,0.162803800044051,0.524828509094237,28.1614678899083,scoring/dir_002/AF-Q19388-F1-model_v4.pdb
1.05092632640308,0.660659916318828,0.968349332266988,0.185490583624953,0.361800543451229,0.197606536789773,0.440933919960728,26.9418181818182,scoring/dir_002/AF-Q19416-F1-model_v4.pdb
0.953997929202333,0.552973604424032,0.858261980466047,0.128061367849784,0.403486620134195,0.183005414534571,0.497241053733577,17.9698113207547,scoring/dir_002/AF-Q19424-F1-model_v4.pdb
0.60780021584978,0.452980699325353,0.430690939550598,0.0861213933188513,0.515476287307125,0.381808196901962,0.692678207913717,4,scoring/dir_002/AF-Q19443-F1-model_v4.pdb
0.760523375456757,0.381735945510909,0.717816154159583,0.113702081744666,0.335035587683277,0.178898530310146,0.628220172110752,14.5119305856833,scoring/dir_002/AF-Q19454-F1-model_v4.pdb
0.822492339079764,0.405713208042134,0.71622269583184,0.0965119576960797,0.463740013997598,0.174638911942021,0.581096708946126,19.3695150115473,scoring/dir_002/AF-Q19478-F1-model_v4.pdb
0.870285502822935,0.430812365532201,0.760829642681575,0.106948260005755,0.462060040483891,0.172350402086479,0.556642950705658,23.7990867579909,scoring/dir_002/AF-Q19480-F1-model_v4.pdb
0.871075755515438,0.595749929402655,0.788219802885886,0.156635494801442,0.401483308575666,0.26460366867846,0.557583442127102,11.3470319634703,scoring/dir_002/AF-Q19513-F1-model_v4.pdb
0.720383319074698,0.359375785297105,0.715286005144534,0.11600617664026,0.335409655135127,0.180430498448535,0.651369742503603,37.4320388349515,scoring/dir_002/AF-Q19515-F1-model_v4.pdb
0.730768426893164,0.469862248082808,0.665645526306886,0.111136149906712,0.358327768895597,0.245998165958385,0.669416744736667,10.7518518518519,scoring/dir_002/AF-Q19517-F1-model_v4.pdb
1.31298691976518,1.01364678282941,1.30863783492328,0.288241176256905,0.32791986772084,0.221519907558516,0.335779504530773,22.2102564102564,scoring/dir_002/AF-Q19598-F1-model_v4.pdb
0.528151827505161,0.425733018879611,0.422084964830496,0.0500528086656042,0.772514098427012,0.378731398149287,0.809998714195211,3.57309941520468,scoring/dir_002/AF-Q19613-F1-model_v4.pdb
0.983051642481144,0.557616926949742,0.861494525752912,0.125669152643533,0.406921481115031,0.184056125272087,0.459398023960767,15.6725352112676,scoring/dir_002/AF-Q19615-F1-model_v4.pdb
0.957767984038459,0.543012322900339,0.781493594885705,0.107337824006834,0.565547565107316,0.184059498592469,0.478098875258408,17.7132616487455,scoring/dir_002/AF-Q19616-F1-model_v4.pdb
0.932799106326584,0.631060247216754,0.910482028240086,0.209303134101227,0.411119250734065,0.258350375064359,0.540613051175981,12.2916666666667,scoring/dir_002/AF-Q19641-F1-model_v4.pdb
0.806274875878662,0.481931069154691,0.672105610815397,0.106441094901213,0.388280981660946,0.240479621241926,0.60319489937674,7.56923076923077,scoring/dir_002/AF-Q19649-F1-model_v4.pdb
0.585822001895947,0.312412528378831,0.558425302902329,0.0808227940057627,0.401581080864584,0.199783994633019,0.737019041956504,20.9029411764706,scoring/dir_002/AF-Q19653-F1-model_v4.pdb
0.568915991590968,0.309743398385065,0.543569087976024,0.079467892917871,0.275479965175608,0.208126235281363,0.749875155489412,16.972972972973,scoring/dir_002/AF-Q19664-F1-model_v4.pdb
0.605190978742522,0.316306645704654,0.588811320967479,0.084868987429439,0.314134091966496,0.186928684217901,0.736464468076477,25.4811827956989,scoring/dir_002/AF-Q19666-F1-model_v4.pdb
0.365662576474777,0.279275647344778,0.233162035375905,0.0226907490754484,0.759222278493923,0.386491824150589,0.858720048576309,3.5448275862069,scoring/dir_002/AF-Q19670-F1-model_v4.pdb
0.614335751299706,0.452952001810244,0.549081888435893,0.0867318774831663,0.533220857096749,0.322340889909219,0.765973471523768,4.25139664804469,scoring/dir_002/AF-Q19685-F1-model_v4.pdb
0.920556478669844,0.494923227766295,0.91721600882553,0.172039820254961,0.318917784943047,0.188266894925,0.514256768136122,39.3856749311295,scoring/dir_002/AF-Q19694-F1-model_v4.pdb
0.847069328052233,0.39709144076053,0.786512620976204,0.116361208062183,0.507639453855755,0.158617128146529,0.554447641093086,32.232044198895,scoring/dir_002/AF-Q19705-F1-model_v4.pdb
0.502052973698103,0.336279488208312,0.456996519437292,0.0605895481035589,0.416477565462061,0.26302553681161,0.812142394229461,7.12749003984064,scoring/dir_002/AF-Q19708-F1-model_v4.pdb
0.645333978027345,0.333307638786503,0.56298654449572,0.0909720557402194,0.39253866810611,0.211229280683077,0.674844810209081,22.2542787286064,scoring/dir_002/AF-Q19714-F1-model_v4.pdb
0.387576599375987,0.293201707760212,0.364864705635035,0.055476293985179,0.417702854503775,0.330359112263015,0.885970654085125,8.76635514018692,scoring/dir_002/AF-Q19723-F1-model_v4.pdb
0.820587736352091,0.544466524909211,0.805843859014373,0.157421774056293,0.373762413912186,0.238631703595428,0.627494948844053,16.1544715447155,scoring/dir_002/AF-Q19724-F1-model_v4.pdb
0.749149251545103,0.399693998537665,0.712060260942533,0.111001923176215,0.276125079961091,0.192610091930813,0.645881043531206,20.131926121372,scoring/dir_002/AF-Q19765-F1-model_v4.pdb
0.505760953627677,0.299975343587282,0.435548883889064,0.0520880753844445,0.541021064526695,0.229830518241114,0.786871114465899,8.17415730337079,scoring/dir_002/AF-Q19766-F1-model_v4.pdb
0.40801979820048,0.303835844689763,0.258725191607337,0.0365197498453003,0.842674646358894,0.393051482795162,0.830889806623927,3.49180327868852,scoring/dir_002/AF-Q19767-F1-model_v4.pdb
0.897565254732619,0.552668175642163,0.891343897307309,0.185587210131542,0.369473138303557,0.220035768759411,0.549208140204724,16.9851632047478,scoring/dir_002/AF-Q19780-F1-model_v4.pdb
0.899650102285754,0.457193884351036,0.900603850304362,0.156534222488355,0.294434199866154,0.170695608995008,0.526590297699814,36.1734693877551,scoring/dir_002/AF-Q19826-F1-model_v4.pdb
0.960784294878963,0.535056470043934,0.962304419609019,0.184349159136197,0.265758518556745,0.185562208214129,0.501424511090512,35.0454545454545,scoring/dir_002/AF-Q19827-F1-model_v4.pdb
0.934783223192379,0.551506551845445,0.894310657847359,0.161284556188375,0.285347547105284,0.202437046162468,0.558366354758016,20.5761589403974,scoring/dir_002/AF-Q19837-F1-model_v4.pdb
1.03098435213498,0.721254547195054,0.704420992641274,0.153344905482089,0.412449371216656,0.286236491265806,0.413457601556518,10.0992366412214,scoring/dir_002/AF-Q19851-F1-model_v4.pdb
0.7888283258859,0.448706989836272,0.773954492971588,0.1358394592636,0.317530410112606,0.203701236243701,0.631538984386281,21.7297297297297,scoring/dir_002/AF-Q19869-F1-model_v4.pdb
0.780650447090426,0.426252001141979,0.771128001008003,0.146090306159392,0.333924646377292,0.202436431392364,0.612537399750663,20.3406593406593,scoring/dir_002/AF-Q19877-F1-model_v4.pdb
0.331069520756062,0.269590850390131,0.277170732483486,0.0316807748838746,0.785043910581546,0.386085097220605,0.903468776307863,3.47524752475248,scoring/dir_002/AF-Q19898-F1-model_v4.pdb
0.525566614024666,0.316645792134833,0.502652642434633,0.0833104812012726,0.327364886175667,0.232911405322472,0.780921451956325,15.9045801526718,scoring/dir_002/AF-Q19916-F1-model_v4.pdb
0.562028223325264,0.308605463159649,0.498546170095204,0.0794600295741961,0.281368047756101,0.220197763664515,0.734790592343141,28.7787878787879,scoring/dir_002/AF-Q19936-F1-model_v4.pdb
0.970868723963456,0.594315008851376,0.893668736288151,0.17293464027387,0.469291447554018,0.219059462497065,0.453128965004331,20.491935483871,scoring/dir_002/AF-Q19952-F1-model_v4.pdb
0.687272522900469,0.540849549209476,0.407941148044492,0.0593453327300713,0.779370363031207,0.404488681973934,0.713178879142702,3.55555555555556,scoring/dir_002/AF-Q19967-F1-model_v4.pdb
1.01518241831091,0.743899947015216,0.934587752680082,0.197847505438355,0.35124441617701,0.270421957571834,0.480877927472661,14.28125,scoring/dir_002/AF-Q19968-F1-model_v4.pdb
0.836138284968857,0.4753215731232,0.831660288130293,0.150533485541878,0.272688217014015,0.196241153497591,0.594007179523433,29.6356783919598,scoring/dir_002/AF-Q1ENI7-F1-model_v4.pdb
0.822358561939268,0.434114883386309,0.792434131579301,0.131165030538407,0.244415565444634,0.186896058573477,0.600028131268791,27.9451219512195,scoring/dir_002/AF-Q1HB00-F1-model_v4.pdb
0.643152672472631,0.361243656961446,0.619483942333376,0.100324684739282,0.322656751222206,0.202231988429829,0.715788664344678,23.2282608695652,scoring/dir_002/AF-Q1NZ32-F1-model_v4.pdb
1.08655211427007,0.601162757741327,1.02853010382001,0.183654977074675,0.302101712177492,0.182331721072014,0.418562964569234,16.7826086956522,scoring/dir_002/AF-Q1RPT8-F1-model_v4.pdb
0.988566203940819,0.54322232380177,0.990348350563989,0.195033635710351,0.323192432351661,0.187791975764765,0.46705944346404,37.8950276243094,scoring/dir_002/AF-Q1W0R1-F1-model_v4.pdb
0.782422397263219,0.423035713624424,0.746918994534133,0.146822128858544,0.355061559803147,0.2155162569334,0.613015628132564,17.6309148264984,scoring/dir_002/AF-Q1XFY9-F1-model_v4.pdb
0.842166498583575,0.580445267712991,0.786729925333466,0.193019071800106,0.535381592491087,0.295414235890989,0.55835846575022,9.81920903954802,scoring/dir_002/AF-Q1XFZ1-F1-model_v4.pdb
0.885251571709024,0.424105885007569,0.8385606878389,0.134523322791606,0.426012538949122,0.159683250317484,0.521585704171419,35.6835443037975,scoring/dir_002/AF-Q1ZXR4-F1-model_v4.pdb
0.919115137858093,0.529260165116173,0.919221232368441,0.161705600279088,0.31916257597817,0.182004766195651,0.529809910532695,22.5268817204301,scoring/dir_002/AF-Q1ZXR8-F1-model_v4.pdb
0.918097928106853,0.510978267370896,0.889660471080138,0.150588304014295,0.384139539641084,0.179483864015852,0.520639423429153,24.1794871794872,scoring/dir_002/AF-Q1ZXR9-F1-model_v4.pdb
0.983168461392441,0.566374257846882,0.956048655529565,0.170795878728414,0.411841468503982,0.188773177504003,0.471869391558955,22.8305084745763,scoring/dir_002/AF-Q1ZXS1-F1-model_v4.pdb
0.717417352690544,0.393039870525216,0.642064961865968,0.0773258854524601,0.406025089885823,0.193743254199496,0.653238299659363,11.158064516129,scoring/dir_002/AF-Q1ZXT5-F1-model_v4.pdb
0.691849620952668,0.344464179358065,0.686655495658352,0.110513551094829,0.250335951084071,0.177170256977111,0.684273437970615,36.8543046357616,scoring/dir_002/AF-Q1ZXU1-F1-model_v4.pdb
0.603103941509063,0.425914790755367,0.448306409956982,0.0663089367083287,0.778966620477024,0.335333599792781,0.733798499819947,3.76470588235294,scoring/dir_002/AF-Q1ZXU7-F1-model_v4.pdb
0.876061505617992,0.420431692725811,0.829241074344325,0.132067029031915,0.437272642377744,0.16472402289204,0.530117277810738,30.1837606837607,scoring/dir_002/AF-Q1ZXU9-F1-model_v4.pdb
0.736629619987863,0.368282525848175,0.734813731838588,0.141477866336064,0.282348244439604,0.193936165223492,0.644113168787448,23.8292181069959,scoring/dir_002/AF-Q20008-F1-model_v4.pdb
1.06857178814524,0.608068285435435,1.01517903606602,0.179662989165182,0.439463228337649,0.173994394277676,0.398287571323819,24.6945107398568,scoring/dir_002/AF-Q20025-F1-model_v4.pdb
0.872305213013863,0.429688271065769,0.842458128758614,0.133441357511673,0.400961287869969,0.16936377906113,0.569461223794451,45.8406374501992,scoring/dir_002/AF-Q20034-F1-model_v4.pdb
0.796120771545491,0.47563278755658,0.794431094868968,0.147213992611011,0.343140161649512,0.205012644928296,0.618125274607518,27.4385382059801,scoring/dir_002/AF-Q20041-F1-model_v4.pdb
1.00975974956827,0.596629669362479,0.980441840284121,0.195267151813478,0.336323944435735,0.203275109009721,0.477613620992322,34.7916666666667,scoring/dir_002/AF-Q20051-F1-model_v4.pdb
0.599396816320944,0.378685776067082,0.576175206914244,0.104943816144444,0.384530949650444,0.248622488952269,0.738872092022626,14.1761904761905,scoring/dir_002/AF-Q20052-F1-model_v4.pdb
1.07343187513985,0.671142709414161,0.927575495416605,0.164552154900691,0.491212606719443,0.197002517793159,0.42138376744483,20.0241935483871,scoring/dir_002/AF-Q20057-F1-model_v4.pdb
0.864279469295212,0.381027226688562,0.818528683617812,0.124137196818337,0.431249288965492,0.153971845135279,0.555148591177674,37.9148264984227,scoring/dir_002/AF-Q20062-F1-model_v4.pdb
0.325924425739555,0.239819671963757,0.158283470354395,0.0151535665207429,0.904302246240478,0.391457695539514,0.862801284508819,3.49491525423729,scoring/dir_002/AF-Q20064-F1-model_v4.pdb
0.540009282894321,0.295117629850479,0.435011107839026,0.065350056358414,0.430926709827827,0.236319352272298,0.751651359335581,19.726443768997,scoring/dir_002/AF-Q20070-F1-model_v4.pdb
0.913211716042441,0.603217088183389,0.692840787616615,0.123293417556213,0.565583707416316,0.255108603337388,0.503184783657859,9.50285714285714,scoring/dir_002/AF-Q20071-F1-model_v4.pdb
0.960211201025621,0.714244883407465,0.60097923808665,0.12110000419881,0.762892316427254,0.335434239329384,0.47635547988004,3.81967213114754,scoring/dir_002/AF-Q20074-F1-model_v4.pdb
0.809478072667559,0.403191674216263,0.78545501948636,0.117435126193927,0.28985549759064,0.172083295313117,0.611954884974399,25.3956834532374,scoring/dir_002/AF-Q20075-F1-model_v4.pdb
0.851509260091504,0.457763088039066,0.828964482523229,0.131802217976863,0.371378669450574,0.175653601165376,0.586672116308914,24.8347578347578,scoring/dir_002/AF-Q20080-F1-model_v4.pdb
0.855315541814367,0.477135874973092,0.85001538943298,0.158195546073792,0.209527619335819,0.201656537516336,0.597524881406015,34.4857142857143,scoring/dir_002/AF-Q20089-F1-model_v4.pdb
0.954434247886983,0.520680391693629,0.943164363723199,0.184545999815534,0.389844816810529,0.187664317259688,0.462161624157265,37.9396825396825,scoring/dir_002/AF-Q20093-F1-model_v4.pdb
0.96564100330836,0.526928415105679,0.951879684617864,0.189308704576749,0.410671529558288,0.189645287512352,0.45645937041648,36.4585987261146,scoring/dir_002/AF-Q20094-F1-model_v4.pdb
0.956288438880247,0.543058100117445,0.95956402714762,0.189840087272955,0.296891114907975,0.188637242642805,0.487942913531001,36.9685534591195,scoring/dir_002/AF-Q20095-F1-model_v4.pdb
0.935647951359961,0.514021516885526,0.889950058160177,0.172664025013681,0.555160999257143,0.198441434674904,0.439574263138022,44.1434262948207,scoring/dir_002/AF-Q20096-F1-model_v4.pdb
0.712681319370596,0.362713343451027,0.674241389927285,0.114518076914804,0.21008215470824,0.198585763238744,0.676692464765103,25.7739307535642,scoring/dir_002/AF-Q20106-F1-model_v4.pdb
1.00374327054856,0.574906117356075,0.995780178042452,0.202262385444627,0.321858139521924,0.19084223875468,0.441372306478136,35.5339506172839,scoring/dir_002/AF-Q20107-F1-model_v4.pdb
0.680997633361633,0.412814932862821,0.619062830547097,0.0842304933476147,0.407738605047427,0.204186850873108,0.714789256268737,19.6593886462882,scoring/dir_002/AF-Q20122-F1-model_v4.pdb
0.705296973883165,0.355363553210674,0.658534070310391,0.110517788586622,0.337521871713564,0.203369442880908,0.653265103573176,18.0992366412214,scoring/dir_002/AF-Q20138-F1-model_v4.pdb
0.937669715403674,0.542410840729311,0.92390821103421,0.175832619775405,0.379079866833443,0.199806434275384,0.506725968407006,25.2418032786885,scoring/dir_002/AF-Q20164-F1-model_v4.pdb
0.945694834014024,0.46447646381954,0.948333262076678,0.175200602443814,0.361693986220714,0.172606266961914,0.497553600222437,36.8367816091954,scoring/dir_002/AF-Q20170-F1-model_v4.pdb
0.858713844476853,0.390152405236842,0.808083187694124,0.121006639838134,0.312827047933805,0.163157276833749,0.572838694382576,27.6819126819127,scoring/dir_002/AF-Q20186-F1-model_v4.pdb
0.783999974749051,0.422908410189794,0.780487762239774,0.140646349326749,0.261104089556129,0.189615648287188,0.623443012512604,42.5952941176471,scoring/dir_002/AF-Q20196-F1-model_v4.pdb
0.863035637541518,0.464418928541253,0.868585417444448,0.160687056267093,0.239890942223716,0.181340942429659,0.592060792135401,29.6056701030928,scoring/dir_002/AF-Q20206-F1-model_v4.pdb
0.95757228654996,0.511527949558239,0.957233026314519,0.164446878681211,0.337981497685533,0.171174153812308,0.504097420340677,33.0685279187817,scoring/dir_002/AF-Q20224-F1-model_v4.pdb
0.61955893090059,0.300903914083412,0.584006383196469,0.0947183687085487,0.350031480298292,0.19588589688446,0.701663355721638,16.2721382289417,scoring/dir_002/AF-Q20228-F1-model_v4.pdb
0.794932369058888,0.448143950296978,0.764858191491543,0.147010620895423,0.30041981914781,0.216671424877567,0.61386634042168,20.0170648464164,scoring/dir_002/AF-Q20229-F1-model_v4.pdb
0.727160224971491,0.408658212903787,0.67024946220805,0.116273408633841,0.249122683740641,0.224575620338599,0.647987326577327,17.3564356435644,scoring/dir_002/AF-Q20231-F1-model_v4.pdb
0.772273563955976,0.40912634811798,0.66638799322674,0.0870458988837414,0.59365373158886,0.185481369639698,0.616482219217525,14.032,scoring/dir_002/AF-Q20238-F1-model_v4.pdb
0.351210500713854,0.225313446709047,0.244939847949974,0.0368784113916613,0.482940596899791,0.321673786100749,0.841521474498176,5.304,scoring/dir_002/AF-Q20248-F1-model_v4.pdb
0.847681186354814,0.474202616499822,0.822463154086325,0.141860020409,0.291320995638479,0.200987095142208,0.578882450849453,13.0613333333333,scoring/dir_002/AF-Q20263-F1-model_v4.pdb
0.86696521024019,0.45416079445976,0.796354156893097,0.115602247642961,0.34869407849154,0.180270742910477,0.557247537130056,11.9787234042553,scoring/dir_002/AF-Q20266-F1-model_v4.pdb
0.990869774171767,0.574821155568944,0.837036314047555,0.135138647250889,0.574066003191441,0.19482445117332,0.450227600948045,16.2035398230089,scoring/dir_002/AF-Q20291-F1-model_v4.pdb
0.947845965859976,0.471149594569524,0.955918397614791,0.174060763467537,0.265910720224819,0.169559672295644,0.526295854781215,46.5420168067227,scoring/dir_002/AF-Q20311-F1-model_v4.pdb
0.944835433039252,0.466625860617846,0.950841660431818,0.170302486953489,0.270922734863024,0.168579282488945,0.526050716177019,46.5413223140496,scoring/dir_002/AF-Q20312-F1-model_v4.pdb
0.665318642741984,0.428008483917494,0.585265592679752,0.0976635808439468,0.471686153222727,0.254330543602024,0.70693999262186,7.87064676616915,scoring/dir_002/AF-Q20317-F1-model_v4.pdb
0.525385224774595,0.308332306045283,0.474950988848127,0.0685425366553543,0.330590187547492,0.239018221762482,0.768921151985541,13.1394557823129,scoring/dir_002/AF-Q20326-F1-model_v4.pdb
0.862963286468407,0.408448238208418,0.848632009076057,0.13634198160479,0.298670045987178,0.163555134504207,0.572007000453815,40.3365949119374,scoring/dir_002/AF-Q20340-F1-model_v4.pdb
0.622746512901416,0.317447676947459,0.599364279850965,0.102000767912507,0.441924760544872,0.208200140982495,0.719034326351498,24.3472222222222,scoring/dir_002/AF-Q20363-F1-model_v4.pdb
0.786669397981091,0.532957668781713,0.647721532006062,0.126351352243787,0.574461313873462,0.283569092493777,0.566245406874416,7.29113924050633,scoring/dir_002/AF-Q20397-F1-model_v4.pdb
0.631044685934023,0.347698811448459,0.61086392445158,0.0992658449470358,0.302435928154418,0.210466959788765,0.729159208030475,25.2803738317757,scoring/dir_002/AF-Q20401-F1-model_v4.pdb
0.711561552989113,0.37468990559619,0.702816997184781,0.115652465605582,0.322772121405013,0.181450918327456,0.666605830758575,27.1313131313131,scoring/dir_002/AF-Q20430-F1-model_v4.pdb
0.717566822466993,0.368374115038271,0.659398058938617,0.113040785077475,0.42184789280609,0.202386948790926,0.629255315355492,18.487684729064,scoring/dir_002/AF-Q20476-F1-model_v4.pdb
0.768426476431699,0.361338816776291,0.758156687915893,0.121038418472688,0.361587742185463,0.174052173036665,0.621807283020832,40.1379310344828,scoring/dir_002/AF-Q20496-F1-model_v4.pdb
0.917355662092254,0.531847893727074,0.776216100376744,0.142599285971614,0.364447429205124,0.217327615217234,0.504394292540797,17.1476014760148,scoring/dir_002/AF-Q20506-F1-model_v4.pdb
1.02839124035654,0.633349418884683,0.911455219948393,0.16077467588243,0.340468925756993,0.197685416342813,0.483117005713021,21.8166666666667,scoring/dir_002/AF-Q20507-F1-model_v4.pdb
0.590230160411827,0.30860701466125,0.584445469849185,0.101757092826622,0.246923563157154,0.193558195893395,0.740962398951539,33.2714681440443,scoring/dir_002/AF-Q20512-F1-model_v4.pdb
1.33785853090101,1.13442521230861,1.24705101957171,0.338701158089152,0.293273279515269,0.274557267106422,0.205988258991055,11.7169811320755,scoring/dir_002/AF-Q20516-F1-model_v4.pdb
0.638163225435651,0.313614446779809,0.587077806417216,0.0931605569309276,0.269048691832573,0.197193811502084,0.682055049707908,24.25,scoring/dir_002/AF-Q20525-F1-model_v4.pdb
0.685560411218244,0.337860399907268,0.586231854573433,0.0908020492345297,0.347112332383385,0.20001122864979,0.63318225684595,19.5644028103045,scoring/dir_002/AF-Q20526-F1-model_v4.pdb
0.896531671598926,0.504151893866375,0.897567173513275,0.170997437941916,0.238023450680855,0.194424235803499,0.559159345136992,37.9147727272727,scoring/dir_002/AF-Q20532-F1-model_v4.pdb
0.905162031443522,0.502910895761061,0.896681351789061,0.166381847648869,0.338159627158599,0.192137864762053,0.558788841421851,38.3324468085106,scoring/dir_002/AF-Q20533-F1-model_v4.pdb
1.01993615555924,0.624173777607303,1.0231541054148,0.213183857185235,0.332980787071452,0.197487319149797,0.44203031150709,33.2417582417582,scoring/dir_002/AF-Q20534-F1-model_v4.pdb
0.667064496685202,0.362027787108646,0.587255036199653,0.0828300667349626,0.436889950471385,0.199130574547166,0.680648029711687,12.2332155477032,scoring/dir_002/AF-Q20561-F1-model_v4.pdb
0.592657313953248,0.424451400819459,0.387651741230304,0.0818104334000396,0.755921120719255,0.392412904697871,0.725936245745079,3.65714285714286,scoring/dir_002/AF-Q20588-F1-model_v4.pdb
0.828716487006338,0.498240907268158,0.675200862601196,0.145909353191342,0.34243936318192,0.261518523216152,0.537089808464411,15.4611398963731,scoring/dir_002/AF-Q20589-F1-model_v4.pdb
0.723301235830495,0.476353905649154,0.590570057158981,0.116068392801806,0.45744515824582,0.289662490559369,0.639698795388203,8.27044025157233,scoring/dir_002/AF-Q20591-F1-model_v4.pdb
0.736044389030078,0.393262513039581,0.728137797336233,0.128383964349941,0.286900243813056,0.192409526684936,0.66071523970987,34.4354066985646,scoring/dir_002/AF-Q20615-F1-model_v4.pdb
0.877155185302788,0.420298127154255,0.838115701158324,0.134584100745631,0.319814910756038,0.170500494455785,0.555028229212971,23.0601336302895,scoring/dir_002/AF-Q20617-F1-model_v4.pdb
0.750613131741017,0.366370489654682,0.703202817670321,0.116631996258957,0.484007459352819,0.183860565038807,0.593276283833663,22.0065075921909,scoring/dir_002/AF-Q20628-F1-model_v4.pdb
1.07334687009973,0.62383560295974,1.07759011132594,0.211235094061236,0.257860438091925,0.183700524317157,0.431095176755383,30.3753213367609,scoring/dir_002/AF-Q20634-F1-model_v4.pdb
0.745560137220759,0.444217846530851,0.679347865921065,0.129577432519651,0.286057848689878,0.241136504671575,0.634192091922598,16.0043668122271,scoring/dir_002/AF-Q20637-F1-model_v4.pdb
0.6799031216432,0.390785803275265,0.653127554899315,0.101146887170173,0.440945623865748,0.203067983852969,0.694981152098487,25.3139534883721,scoring/dir_002/AF-Q20660-F1-model_v4.pdb
1.05821341599035,0.64224999184686,1.05478548488599,0.192272996277745,0.2465454112376,0.186733747899545,0.475459796578992,20.9782608695652,scoring/dir_002/AF-Q20668-F1-model_v4.pdb
0.713219066420998,0.383830911267518,0.658061194484114,0.113827320700665,0.360126749560662,0.208801225749516,0.660882509905401,15.5747572815534,scoring/dir_002/AF-Q20683-F1-model_v4.pdb
1.03199739862065,0.569131042226907,1.01962016581104,0.194010236956027,0.339339773665016,0.185780744065938,0.435427992592631,23.1594202898551,scoring/dir_002/AF-Q20688-F1-model_v4.pdb
0.748087955127299,0.47520445298596,0.691922219130937,0.143184446625944,0.350030687843198,0.269928379398402,0.624864804422684,13.0809523809524,scoring/dir_002/AF-Q20738-F1-model_v4.pdb
0.408193561783287,0.263799927933001,0.347024828638858,0.0480189012231815,0.394285136625156,0.276426782949421,0.836284978121105,8.11003236245955,scoring/dir_002/AF-Q20741-F1-model_v4.pdb
0.882398639988113,0.468766652948178,0.862544222168385,0.150058532168924,0.291472202448499,0.182529481885716,0.554136924824933,27.1561561561562,scoring/dir_002/AF-Q20746-F1-model_v4.pdb
0.924359833256719,0.44738812004412,0.870794849321096,0.135336370277547,0.502907497373695,0.159504439278695,0.489051605420803,31.201581027668,scoring/dir_002/AF-Q20758-F1-model_v4.pdb
0.987911833060683,0.481881268220263,0.991866152261932,0.179930229501212,0.237713630648547,0.164560692989521,0.502606908662547,47.9460500963391,scoring/dir_002/AF-Q20769-F1-model_v4.pdb
1.00413957302089,0.503134776496929,1.00160732504116,0.177955285112901,0.250775446935348,0.165844533877773,0.500359614778612,47.951171875,scoring/dir_002/AF-Q20770-F1-model_v4.pdb
0.63359113891541,0.444870901258817,0.574523309264126,0.0827346340426742,0.388122213887704,0.277702326726826,0.755976756597124,6.21428571428571,scoring/dir_002/AF-Q20779-F1-model_v4.pdb
0.410696512069686,0.250130150949648,0.37882388101955,0.0562436099921701,0.296638550942375,0.249345805667737,0.835674458563235,9.91785714285714,scoring/dir_002/AF-Q20791-F1-model_v4.pdb
0.609916327325386,0.320878658755137,0.568598988968458,0.0720659027583137,0.371595812874996,0.183945516667255,0.734460162235757,18.0644171779141,scoring/dir_002/AF-Q20796-F1-model_v4.pdb
0.474084295493423,0.248346020906704,0.439923493958844,0.0695223458808979,0.281956494762545,0.223285153817814,0.780940662417391,18.7314814814815,scoring/dir_002/AF-Q20860-F1-model_v4.pdb
0.887031078081787,0.478074318870466,0.814674727979922,0.132394877110265,0.30412402817878,0.182527616845097,0.576354355879152,23.9364640883978,scoring/dir_002/AF-Q20862-F1-model_v4.pdb
0.842782973876969,0.387556253888275,0.839845953228064,0.143301223378441,0.264371210586052,0.161602399028963,0.584530759137649,40.7001733102253,scoring/dir_002/AF-Q20893-F1-model_v4.pdb
0.509059730454725,0.229890099314261,0.496463939133891,0.0629342571829309,0.264648245440714,0.149439293929959,0.780481937172906,47.3994464944649,scoring/dir_002/AF-Q20910-F1-model_v4.pdb
0.744100103194247,0.365474131369688,0.679450644710288,0.120801343675181,0.297498076260896,0.194193410188406,0.602963491214067,19.8797327394209,scoring/dir_002/AF-Q20925-F1-model_v4.pdb
0.660838815169018,0.421624209108918,0.530539726202343,0.0776178636396463,0.481691370696988,0.269861757584456,0.715838337112266,16.0315789473684,scoring/dir_002/AF-Q20941-F1-model_v4.pdb
0.574532246088918,0.290918460775455,0.53364146907653,0.0806614921606716,0.285012422549607,0.199782097361685,0.731226579030774,20.2174796747967,scoring/dir_002/AF-Q20957-F1-model_v4.pdb
0.754325495209696,0.434643904940555,0.701460328082628,0.111554171782932,0.479316450240282,0.199701691092222,0.632741387115339,28.8943661971831,scoring/dir_002/AF-Q20972-F1-model_v4.pdb
0.822706550763985,0.481904781689083,0.811235750426878,0.152123142736344,0.317351668524037,0.210032018136512,0.591287860336102,21.9895104895105,scoring/dir_002/AF-Q20973-F1-model_v4.pdb
1.18855396071725,0.809927786201637,1.13690328695567,0.229564464307499,0.305458804566889,0.199429890411329,0.350048590741168,22.6090909090909,scoring/dir_002/AF-Q20976-F1-model_v4.pdb
0.90663648495104,0.545161771716129,0.890859806660167,0.168242299690908,0.370808973421501,0.203397842640149,0.531185726852746,23.4021352313167,scoring/dir_002/AF-Q20980-F1-model_v4.pdb
0.753375609674835,0.523381167379107,0.643188288064457,0.115042780728434,0.497581225676201,0.31181972256348,0.639177881071626,4.73636363636364,scoring/dir_002/AF-Q20983-F1-model_v4.pdb
0.762792039081523,0.418991034008637,0.702230643667948,0.121605946693356,0.229847225145869,0.215224532029662,0.649713295822892,23.6554054054054,scoring/dir_002/AF-Q21009-F1-model_v4.pdb
0.670279222874883,0.457965368516569,0.629256793773781,0.119877245267249,0.403893862652156,0.293591433548593,0.727043746034119,21.9450980392157,scoring/dir_002/AF-Q21013-F1-model_v4.pdb
0.688213261364582,0.410111207201657,0.618190853747426,0.119189350464372,0.405271935405308,0.242868869022884,0.657508753743712,19.2250922509225,scoring/dir_002/AF-Q21019-F1-model_v4.pdb
0.756341231261813,0.401600481673179,0.720309703011836,0.127738784584363,0.359537863267606,0.198201366370023,0.651847213922629,20.1444759206799,scoring/dir_002/AF-Q21024-F1-model_v4.pdb
0.418786133993709,0.280547719960324,0.124011390943911,0.0216611803592222,0.914660432787324,0.398936857568144,0.769773807014911,3.49707602339181,scoring/dir_002/AF-Q21028-F1-model_v4.pdb
0.723797478926468,0.348513129364069,0.681858802657441,0.0910695980136187,0.445922484503535,0.164472585459125,0.633759728289118,30.6988235294118,scoring/dir_002/AF-Q21045-F1-model_v4.pdb
0.654536233166725,0.461241733862254,0.52987532882709,0.0698772813335945,0.495181755450053,0.302227647994646,0.703301151836284,5.47852760736196,scoring/dir_002/AF-Q21047-F1-model_v4.pdb
1.05033130585003,0.590563437381205,1.04846258873576,0.203970739370648,0.33518509393319,0.173697746755445,0.433810988054494,50.6528735632184,scoring/dir_002/AF-Q21057-F1-model_v4.pdb
0.628930218657249,0.364038604914645,0.595917425536805,0.08699690295345,0.468740739738312,0.209961965961755,0.715183794262776,23.1008064516129,scoring/dir_002/AF-Q21062-F1-model_v4.pdb
0.452978541102137,0.289487379531169,0.435350145856472,0.0665857934513939,0.273388942706953,0.248757418718124,0.839974300402099,22.4820143884892,scoring/dir_002/AF-Q21068-F1-model_v4.pdb
1.17869692189411,0.887357274373609,0.963692560993791,0.21830624072521,0.754039199393923,0.240213637639237,0.247600758131332,18.4037267080745,scoring/dir_002/AF-Q21102-F1-model_v4.pdb
0.675844853427619,0.340156650812864,0.631949957728475,0.106127563922044,0.362358959931093,0.204427392234621,0.662012631911824,17.5831265508685,scoring/dir_002/AF-Q21131-F1-model_v4.pdb
1.12304878969901,0.700896358532842,1.11946595814072,0.215976599062577,0.345735819740901,0.186297994053783,0.378059191319472,34.6861313868613,scoring/dir_002/AF-Q21140-F1-model_v4.pdb
1.08254334926594,0.658674407656957,1.07387611336999,0.206332559403144,0.390139264606646,0.186263707552154,0.384096795249309,35.1654676258993,scoring/dir_002/AF-Q21143-F1-model_v4.pdb
0.805185454040264,0.470797960384785,0.712688082756378,0.091867371535821,0.358830666018894,0.194389135126151,0.664331149678082,14.2873900293255,scoring/dir_002/AF-Q21151-F1-model_v4.pdb
0.596871389375136,0.439311458118419,0.412579597840591,0.0574155720027002,0.665881741461504,0.353803961245921,0.753317716915992,3.65648854961832,scoring/dir_002/AF-Q21168-F1-model_v4.pdb
0.558730401418726,0.433576908016478,0.452198558600912,0.0608005443179345,0.629732657582524,0.360662451577811,0.779687651281108,3.61073825503356,scoring/dir_002/AF-Q21177-F1-model_v4.pdb
1.11050913483577,0.661220741709453,1.0793914430198,0.194042269652571,0.392334741475061,0.177435303728391,0.380681408419242,22.7530562347188,scoring/dir_002/AF-Q21193-F1-model_v4.pdb
0.573238407702053,0.422708610259251,0.519716268646912,0.0630602133824419,0.457548251603863,0.292839767861593,0.795045536462503,4.05128205128205,scoring/dir_002/AF-Q21196-F1-model_v4.pdb
0.792361170825686,0.436308336781644,0.696122923302538,0.0999547651559518,0.590972829918086,0.190973052153166,0.601721243540325,14.6637426900585,scoring/dir_002/AF-Q21201-F1-model_v4.pdb
0.987353170243952,0.594247010459976,0.916621067678851,0.156159794503156,0.26610513272468,0.21002528854889,0.540529354561382,15.4710743801653,scoring/dir_002/AF-Q21211-F1-model_v4.pdb
0.546546679184444,0.329379779643938,0.523575735684304,0.0830704309215501,0.334301707376873,0.223618245027794,0.77658916513952,18.1673306772908,scoring/dir_002/AF-Q21248-F1-model_v4.pdb
0.772037025994251,0.582226227701916,0.61102162260468,0.0962773949255508,0.597687957009235,0.330719135384057,0.636349168871535,3.83870967741935,scoring/dir_002/AF-Q21255-F1-model_v4.pdb
0.863200927151551,0.443813636075425,0.853353439753974,0.143830154709996,0.288416380458164,0.176358093821103,0.572037669761075,31.705035971223,scoring/dir_002/AF-Q21265-F1-model_v4.pdb
0.78848348033536,0.417759859748222,0.783216095262993,0.134330117106472,0.24590504697019,0.185968228234541,0.624284249103646,27.2947658402204,scoring/dir_002/AF-Q21267-F1-model_v4.pdb
0.470200894037964,0.365307981104673,0.343271573069624,0.0391933795416113,0.626085560754295,0.372312738407345,0.814890941604031,3.62660944206009,scoring/dir_002/AF-Q21283-F1-model_v4.pdb
0.710273515952857,0.583632438466999,0.640702745024741,0.120869607550957,0.347749032007326,0.405708508768764,0.752060392699865,3.46153846153846,scoring/dir_002/AF-Q21326-F1-model_v4.pdb
0.817752226314081,0.381668033621448,0.76957668143757,0.12646870040886,0.449694073789495,0.168186352197773,0.573646279074739,17.720703125,scoring/dir_002/AF-Q21347-F1-model_v4.pdb
0.667363918991415,0.364466000213657,0.65891772369943,0.121811452082127,0.252058304789147,0.214222995809,0.712563697563289,33.8354700854701,scoring/dir_002/AF-Q21352-F1-model_v4.pdb
0.364326090985543,0.232714642133414,0.309127744749967,0.0380714915813348,0.532366672971738,0.264254319720235,0.852457693609852,8.81848184818482,scoring/dir_002/AF-Q21366-F1-model_v4.pdb
0.7110591327319,0.342123518968917,0.68115507715973,0.100290258330253,0.351589641668292,0.172457755184639,0.647735157867422,19.1801566579634,scoring/dir_002/AF-Q21367-F1-model_v4.pdb
0.557746276188581,0.408167132342606,0.51229765429781,0.0767530977256422,0.409277462679974,0.298526794526513,0.79956478273266,11.5839416058394,scoring/dir_002/AF-Q21369-F1-model_v4.pdb
0.65948442874574,0.379228514073422,0.633843360980522,0.0920521642807483,0.346750268248221,0.19785453173347,0.727967558944203,18.6347826086957,scoring/dir_002/AF-Q21454-F1-model_v4.pdb
0.684846069520111,0.312709200065981,0.669385447471677,0.111380653882892,0.477939297669952,0.177932211248239,0.646308910461015,35.5590277777778,scoring/dir_002/AF-Q21465-F1-model_v4.pdb
0.673396100611268,0.495478705990791,0.617942466349435,0.10983928670543,0.423360907922086,0.315117178798958,0.734661630018819,10.5968586387435,scoring/dir_002/AF-Q21497-F1-model_v4.pdb
1.02808019517434,0.630305227959831,1.04163672741845,0.228779374830825,0.227443176163769,0.202271584091157,0.462979658366129,36.2162162162162,scoring/dir_002/AF-Q21500-F1-model_v4.pdb
0.953922986658183,0.630256351745128,0.852234757323414,0.191448268960961,0.363519146538338,0.269756335031576,0.483051401138462,11.1597633136095,scoring/dir_002/AF-Q21506-F1-model_v4.pdb
0.897527014579158,0.656439359939162,0.782499441150066,0.150474200625096,0.500163814416939,0.294170449751389,0.553989115528873,9.20858895705521,scoring/dir_002/AF-Q21507-F1-model_v4.pdb
0.922830138014066,0.666094002155225,0.84806528612975,0.161824163058612,0.432382731531154,0.271457160106671,0.549362192490625,10.4421052631579,scoring/dir_002/AF-Q21508-F1-model_v4.pdb
0.5989029747937,0.284116271379278,0.568966755695432,0.0842210733155311,0.27521467087953,0.185415648147574,0.715216554581828,20.251572327044,scoring/dir_002/AF-Q21511-F1-model_v4.pdb
0.66379422940826,0.344731036881483,0.629264470508268,0.100653625417723,0.280617492533646,0.202177114551272,0.679217407995783,21.5159090909091,scoring/dir_002/AF-Q21512-F1-model_v4.pdb
0.699458786060958,0.406275500506262,0.642763262427127,0.103422836948218,0.400722310792915,0.222096449896859,0.662295326825643,10.0150943396226,scoring/dir_002/AF-Q21516-F1-model_v4.pdb
0.49733550388678,0.345167545994044,0.44974546595473,0.0635911553401517,0.363560605665229,0.285411915123631,0.821648677052539,8.31923076923077,scoring/dir_002/AF-Q21525-F1-model_v4.pdb
0.639742693550821,0.34736578534015,0.622688704209997,0.105290205812568,0.306262045510138,0.216434966043733,0.715360770097981,21.7016574585635,scoring/dir_002/AF-Q21530-F1-model_v4.pdb
0.950066186629354,0.540099863291313,0.828392165306699,0.158014599926575,0.361088125956249,0.210187144804831,0.475340325482265,15.0974212034384,scoring/dir_002/AF-Q21539-F1-model_v4.pdb
0.954449088784148,0.485559964967692,0.943666851608433,0.173841340500459,0.301574699215807,0.178379928770475,0.5186546861171,33.9652173913043,scoring/dir_002/AF-Q21546-F1-model_v4.pdb
0.399926306363371,0.277121570837613,0.316398026628674,0.0399344735601205,0.529720796539931,0.31548940993076,0.849022577089631,5.31636363636364,scoring/dir_002/AF-Q21551-F1-model_v4.pdb
1.1425418755366,0.732861146409934,1.01654430792306,0.186205075218669,0.545855861034646,0.193059485124469,0.307645681445317,22.4669421487603,scoring/dir_002/AF-Q21557-F1-model_v4.pdb
1.1060708554632,0.616328277713493,1.04009316652199,0.186765693691242,0.390414006019315,0.176250513143247,0.398960303096018,31.9974811083123,scoring/dir_002/AF-Q21568-F1-model_v4.pdb
0.556103220767038,0.303707429814716,0.541462026454022,0.0969218384358544,0.370521356830287,0.219475920303119,0.750478205553108,18.9260089686099,scoring/dir_002/AF-Q21577-F1-model_v4.pdb
0.738767904872164,0.417856592753036,0.686686171486626,0.122108505809445,0.324668784237532,0.216807455988486,0.651448570598327,17.7724358974359,scoring/dir_002/AF-Q21619-F1-model_v4.pdb
0.943623297955906,0.454120925188626,0.901624231834343,0.148813969876165,0.390173353108361,0.172558505498654,0.52529833753606,28.3752808988764,scoring/dir_002/AF-Q21633-F1-model_v4.pdb
0.687460786634415,0.361757364434659,0.650900427259374,0.114149705689616,0.275792087831638,0.213068585161179,0.668784306026847,22.7297297297297,scoring/dir_002/AF-Q21642-F1-model_v4.pdb
0.37861204371519,0.275209769332655,0.243547530337377,0.0335637722083276,0.751632480175679,0.384481679379435,0.839484034428517,3.53023255813953,scoring/dir_002/AF-Q21655-F1-model_v4.pdb
0.489837748155787,0.374032332119715,0.298228978592904,0.0446178639036468,0.745958457385945,0.39148367373738,0.758397249584299,3.52173913043478,scoring/dir_002/AF-Q21699-F1-model_v4.pdb
0.589921968135836,0.473238718549388,0.460015235741471,0.065574267045719,0.602938561558041,0.385886561786547,0.762206588176026,3.5379746835443,scoring/dir_002/AF-Q21708-F1-model_v4.pdb
0.58397977010861,0.443092552868741,0.483772603121501,0.0652399023217507,0.603235883884913,0.33382444016185,0.772557051412532,4.82584269662921,scoring/dir_002/AF-Q21732-F1-model_v4.pdb
0.926452678355513,0.496754164982884,0.892404076601781,0.153816071571534,0.435564766199419,0.18035125304994,0.490895028567987,27.896,scoring/dir_002/AF-Q21735-F1-model_v4.pdb
0.596313670674632,0.302200662340767,0.527999025855419,0.0875486221061804,0.360278628793643,0.218234960725582,0.704136312812636,19.338785046729,scoring/dir_002/AF-Q21737-F1-model_v4.pdb
0.746440866172323,0.390235460351244,0.71562788567931,0.117115069789392,0.303261088157914,0.18882888540153,0.637218541015176,29.0354166666667,scoring/dir_002/AF-Q21753-F1-model_v4.pdb
0.991722968892425,0.506007082890704,0.902353935261036,0.150199813233535,0.503380650999806,0.166186299052065,0.462920784751466,31.0989010989011,scoring/dir_002/AF-Q21763-F1-model_v4.pdb
0.889118784236165,0.417614989548887,0.881262661241306,0.141174242145678,0.300736730361296,0.156942297348418,0.557878998041856,38.4932301740812,scoring/dir_002/AF-Q21775-F1-model_v4.pdb
0.799908163056203,0.385647813395931,0.730530164565389,0.119256040996469,0.276360913399285,0.178354783968587,0.584487060199953,23.7590361445783,scoring/dir_002/AF-Q21780-F1-model_v4.pdb
0.637018190953444,0.399508447712543,0.565641358437511,0.0865399509098694,0.356060905308309,0.254146341159661,0.71735755315442,12.4201954397394,scoring/dir_002/AF-Q21828-F1-model_v4.pdb
0.924165790818447,0.43763236889543,0.902240170167349,0.155905586581083,0.369304705975942,0.169802861777543,0.530737907145674,37.4405204460967,scoring/dir_002/AF-Q21830-F1-model_v4.pdb
0.618679228971544,0.355831206497046,0.537065700166749,0.0910971570378639,0.684812287514465,0.226693134953466,0.697744040525934,31.8321167883212,scoring/dir_002/AF-Q21832-F1-model_v4.pdb
0.676623428068382,0.511986589882165,0.376299305042824,0.0883836262411285,0.68656672030789,0.412710655417644,0.597899709058247,3.50632911392405,scoring/dir_002/AF-Q21845-F1-model_v4.pdb
0.677680996589056,0.536891779786558,0.526793138008503,0.109388897439621,0.784172469205636,0.40655277443654,0.676861566927648,3.47761194029851,scoring/dir_002/AF-Q21846-F1-model_v4.pdb
0.968929631079483,0.516874420165842,0.896526511116335,0.13854826375322,0.524002267046409,0.175837948221042,0.467943421901307,22.9792899408284,scoring/dir_002/AF-Q21887-F1-model_v4.pdb
0.969152739385701,0.522160223150519,0.901544008553427,0.148985743675114,0.495216662210072,0.176962180856233,0.459919566050665,23.2567975830816,scoring/dir_002/AF-Q21888-F1-model_v4.pdb
0.861615682506937,0.442018882233487,0.871007726425741,0.158240778777373,0.21764383548918,0.173683717104594,0.600199043940443,42.057761732852,scoring/dir_002/AF-Q21897-F1-model_v4.pdb
0.806073891240881,0.442908835338863,0.789829083461211,0.169566698547005,0.163264842810045,0.224277119134183,0.615917953186493,29.9112627986348,scoring/dir_002/AF-Q21898-F1-model_v4.pdb
0.769228879588885,0.340475652653105,0.740647833607104,0.111711696424342,0.383178141061117,0.159185590112914,0.601034343829404,31.4367201426025,scoring/dir_002/AF-Q21904-F1-model_v4.pdb
0.792768768260279,0.483114638622296,0.670544840140638,0.150479687354818,0.380020141725425,0.277526453186388,0.572366880433789,7.03311258278146,scoring/dir_002/AF-Q21914-F1-model_v4.pdb
0.985241549058546,0.51366326094207,0.962423018133108,0.164365649793835,0.384107962941736,0.168262448548253,0.462347512295273,34.8650137741047,scoring/dir_002/AF-Q21918-F1-model_v4.pdb
0.878707161916263,0.505137653632791,0.843054625160818,0.156659141057476,0.366220775089748,0.204909132402592,0.546796491566625,15.7051282051282,scoring/dir_002/AF-Q21930-F1-model_v4.pdb
0.778356010566287,0.360969314346267,0.74028071843826,0.115585100950463,0.33218497102597,0.174888986082438,0.621986028350337,23.9728033472803,scoring/dir_002/AF-Q21931-F1-model_v4.pdb
0.647056145716904,0.348275857660357,0.628047477452884,0.108132705495831,0.279533739120584,0.203629427927423,0.703920642174374,21.2516129032258,scoring/dir_002/AF-Q21939-F1-model_v4.pdb
0.558962264018656,0.295356768820212,0.445463837276024,0.0655102170616621,0.471974867219042,0.233085723402827,0.724568591259453,23.0608695652174,scoring/dir_002/AF-Q21993-F1-model_v4.pdb
0.786261567927989,0.361342053953304,0.768331478443526,0.12350815373824,0.329743901483506,0.167354509601518,0.61506279442811,36.2640545144804,scoring/dir_002/AF-Q22004-F1-model_v4.pdb
0.525000937664165,0.338205300203925,0.469618072933311,0.0665014491001685,0.411793407123943,0.260532113927899,0.789590812202277,8.42063492063492,scoring/dir_002/AF-Q22021-F1-model_v4.pdb
0.834551726821821,0.465231054870665,0.818937786936518,0.148714154713201,0.344477872120271,0.200366618567426,0.589974070655033,35.3803526448363,scoring/dir_002/AF-Q22032-F1-model_v4.pdb
0.975326918995456,0.537247805871258,0.96946042466704,0.200860705986071,0.345314796848446,0.192059757680247,0.460804112357244,38.8395415472779,scoring/dir_002/AF-Q22034-F1-model_v4.pdb
0.887820848616089,0.425842319703221,0.825861451001172,0.126145359980402,0.529472176505029,0.161450969924638,0.530100703598303,37.7628865979381,scoring/dir_002/AF-Q22038-F1-model_v4.pdb
0.852923485949497,0.433566424668955,0.819131060416237,0.157822835640078,0.304827167137982,0.190825494535803,0.554305533880682,27.2467866323907,scoring/dir_002/AF-Q22054-F1-model_v4.pdb
0.906883528268502,0.61285067544983,0.766660594148219,0.11574870342267,0.498030768512568,0.24761952073134,0.588870759583845,16.131455399061,scoring/dir_002/AF-Q22056-F1-model_v4.pdb
0.82831457009346,0.513060745615177,0.710157359551696,0.194467106491137,0.395705016783981,0.315409395175971,0.542966814915471,6.97761194029851,scoring/dir_002/AF-Q22065-F1-model_v4.pdb
0.69864176253351,0.346388893857949,0.660768273274085,0.102557722720343,0.250354279450434,0.188967574006684,0.654280499982881,21.8708860759494,scoring/dir_002/AF-Q22131-F1-model_v4.pdb
0.9018217948671,0.532912561766548,0.850526974136406,0.134438976375915,0.371004637636446,0.193281612211049,0.57273455758552,18.7843866171004,scoring/dir_002/AF-Q22159-F1-model_v4.pdb
1.03672002058457,0.645521934106244,0.984431520868496,0.183227551286918,0.456353052966357,0.203020157836826,0.409840320003152,23.6487603305785,scoring/dir_002/AF-Q22163-F1-model_v4.pdb
0.709246634146042,0.396484880489951,0.707297901975892,0.13694868971783,0.258539041719408,0.216589159250866,0.683505832360805,32.8284424379232,scoring/dir_002/AF-Q22169-F1-model_v4.pdb
0.746435022795361,0.350710750506256,0.696780825086042,0.11006135182144,0.218099378224444,0.176171157838709,0.64224354728537,37.2795698924731,scoring/dir_002/AF-Q22191-F1-model_v4.pdb
0.366274597605138,0.266694766552941,0.327518458731783,0.0360910100272279,0.4680264262521,0.282982870855352,0.890693261505286,5.5462962962963,scoring/dir_002/AF-Q22197-F1-model_v4.pdb
0.753764338686071,0.425735607941339,0.74644609370037,0.147945957765725,0.288636142603063,0.207156808706445,0.642632436373491,35.1767810026385,scoring/dir_002/AF-Q22206-F1-model_v4.pdb
0.817692823432699,0.430015144730637,0.812023192732709,0.154126510286261,0.297147464628615,0.188708876399774,0.589419905695959,34.3514739229025,scoring/dir_002/AF-Q22214-F1-model_v4.pdb
0.807636453886894,0.529753542602901,0.789536550558216,0.169125201258988,0.33665763444438,0.256266186499639,0.636053172044621,17.0633484162896,scoring/dir_002/AF-Q22220-F1-model_v4.pdb
0.682181640985163,0.377634205331581,0.619963465647927,0.0992625746030771,0.362810797607079,0.206994385134734,0.666928715004408,19.9349845201238,scoring/dir_002/AF-Q22226-F1-model_v4.pdb
0.624619922590617,0.407307545811034,0.560277909726556,0.0892556037137379,0.37892650570451,0.263792848883829,0.734706199072315,18.5211267605634,scoring/dir_002/AF-Q22252-F1-model_v4.pdb
0.666887134688031,0.331335415819203,0.6501859900644,0.107831018983555,0.31535896958795,0.194789423101016,0.682887841470929,32.1541850220264,scoring/dir_002/AF-Q22285-F1-model_v4.pdb
0.980051181824472,0.554028524572842,0.977283573606962,0.197448199482163,0.349798569812112,0.19744999777265,0.459735210043304,34.7206349206349,scoring/dir_002/AF-Q22288-F1-model_v4.pdb
1.06212325132731,0.660929395224824,0.980366111238209,0.171510877422781,0.292474578877826,0.217128769598878,0.515318070041215,17.8955223880597,scoring/dir_002/AF-Q22291-F1-model_v4.pdb
0.846325076664289,0.511091438848447,0.831898178475402,0.169652222365062,0.352734014068638,0.223952875790596,0.574800036067423,25.0220125786163,scoring/dir_002/AF-Q22303-F1-model_v4.pdb
0.541657256001348,0.378959142150285,0.474673718883486,0.0622027381575203,0.523583157491396,0.296359463779179,0.785419207934344,3.5,scoring/dir_002/AF-Q22313-F1-model_v4.pdb
0.996063396727522,0.65845929246334,0.88914579052731,0.149621497642123,0.425289887580387,0.219916378840261,0.477715194549938,15.5962264150943,scoring/dir_002/AF-Q22336-F1-model_v4.pdb
1.08931176192122,0.718688608274201,0.917700828790608,0.171132912694514,0.498145497069553,0.217768873627515,0.378609742726806,16.3770491803279,scoring/dir_002/AF-Q22337-F1-model_v4.pdb
0.695643729368538,0.402541142285157,0.578658709670535,0.0895866248969514,0.35055414514475,0.23774512369908,0.656977364371365,14.6563706563707,scoring/dir_002/AF-Q22339-F1-model_v4.pdb
0.84474558315652,0.473094339896063,0.837293218926037,0.160053979976434,0.282448951383914,0.200814613954911,0.593265590675489,35.2152230971129,scoring/dir_002/AF-Q22341-F1-model_v4.pdb
0.853752833369699,0.408295123415521,0.78241151683313,0.12480370440024,0.276083146582021,0.179372015971995,0.545692140451988,26.3047858942065,scoring/dir_002/AF-Q22361-F1-model_v4.pdb
0.574143408999704,0.421039450957071,0.454436617988809,0.0758639673040388,0.395548648060028,0.343349626475701,0.755158019045276,8.11842105263158,scoring/dir_002/AF-Q22388-F1-model_v4.pdb
0.409371388934197,0.26419366745964,0.374215470169386,0.0507000864059425,0.451949842396642,0.245030664826564,0.847639965424103,7.17672413793104,scoring/dir_002/AF-Q22438-F1-model_v4.pdb
0.444263330641549,0.254915569671098,0.355787818974056,0.0674420076602054,0.362593386010926,0.281324421340077,0.788042903060489,10.4793388429752,scoring/dir_002/AF-Q22441-F1-model_v4.pdb
0.829772189205279,0.382736959633501,0.78232147662784,0.118700423723545,0.457779394255645,0.160805910139857,0.574583342810635,35.6075949367089,scoring/dir_002/AF-Q22453-F1-model_v4.pdb
0.818066752029066,0.397951076388696,0.791950240559929,0.131406026444139,0.204772955040028,0.175893849045564,0.607854732574739,30.342908438061,scoring/dir_002/AF-Q22461-F1-model_v4.pdb
0.56251304957761,0.274174045784685,0.506305663786902,0.0727691771748428,0.328702181612125,0.194093793903524,0.72359785191823,19.7605321507761,scoring/dir_002/AF-Q22478-F1-model_v4.pdb
0.691895863497252,0.430129322604043,0.650948518568257,0.100939794640992,0.347466892869311,0.214784926326943,0.714060592733885,19.5933014354067,scoring/dir_002/AF-Q22483-F1-model_v4.pdb
0.93129634657872,0.589940797634892,0.934116767410883,0.180405290630064,0.283501319257301,0.210254313835257,0.584332370292921,38.7857142857143,scoring/dir_002/AF-Q22499-F1-model_v4.pdb
0.867259147155166,0.482267171891234,0.860738451183525,0.15822981682035,0.35511908467812,0.192156680817933,0.583103648933758,36.6781002638522,scoring/dir_002/AF-Q22500-F1-model_v4.pdb
0.766897671084467,0.368664298531863,0.694522598255161,0.107959400699589,0.570505960842478,0.176042990316443,0.595404928387336,17.3018867924528,scoring/dir_002/AF-Q22587-F1-model_v4.pdb
0.825335789790104,0.419618593561353,0.816124540190475,0.147967609067861,0.283194558350926,0.181341593820003,0.580555571219898,32.3092550790068,scoring/dir_002/AF-Q22591-F1-model_v4.pdb
0.910107299846111,0.682713884295706,0.733330859337473,0.192970416336057,0.483307889814774,0.350925980916154,0.512459678937664,9.18796992481203,scoring/dir_002/AF-Q22613-F1-model_v4.pdb
0.464501488250636,0.305969324427228,0.412383449124438,0.0536706459708612,0.612203277729586,0.256399263827442,0.809967134528166,10.1041666666667,scoring/dir_002/AF-Q22615-F1-model_v4.pdb
0.425465015813588,0.329677549034412,0.252874925610723,0.0225957234024787,0.873887659654346,0.39005988971746,0.842707756107866,3.5021645021645,scoring/dir_002/AF-Q22616-F1-model_v4.pdb
1.01101085618842,0.611198542820777,0.881247677129945,0.150864712989529,0.442333958678792,0.199065748230545,0.46572091606868,19.5039682539683,scoring/dir_002/AF-Q22640-F1-model_v4.pdb
0.608857180141374,0.392243022994425,0.52944277683331,0.084168779118473,0.406877106597085,0.271641365946316,0.742832712667015,6.71784232365145,scoring/dir_002/AF-Q22641-F1-model_v4.pdb
0.981220337171275,0.525161347642,0.971590903040308,0.195829608248574,0.414353646696996,0.193704503658809,0.459924071784355,37.0352941176471,scoring/dir_002/AF-Q22643-F1-model_v4.pdb
0.636428466181267,0.353577567600766,0.536769323077286,0.0853237196060077,0.335299767489998,0.238333977158374,0.68103997476031,13.6708860759494,scoring/dir_002/AF-Q22653-F1-model_v4.pdb
0.938717088108676,0.60921804977325,0.809359863263876,0.145285014252131,0.337895728867101,0.239078487505295,0.529475257717095,14.2258064516129,scoring/dir_002/AF-Q22654-F1-model_v4.pdb
0.698929810411929,0.331353695416259,0.684647078063767,0.124224055207471,0.283617476988231,0.191815890116195,0.651955536220681,37.1222222222222,scoring/dir_002/AF-Q22660-F1-model_v4.pdb
0.855856196365799,0.414428057069284,0.764380170063177,0.119352737890708,0.334555777153707,0.176280528687375,0.557720359345212,25.3146551724138,scoring/dir_002/AF-Q22663-F1-model_v4.pdb
0.787742597858686,0.503830677168504,0.776233950020545,0.151010978548859,0.3668385156645,0.236304143147997,0.633546461225219,37.4722222222222,scoring/dir_002/AF-Q22664-F1-model_v4.pdb
0.472008873088157,0.317484680792599,0.441861922202963,0.0716430134786721,0.388085160626548,0.275216097267916,0.827671561103712,8.61057692307692,scoring/dir_002/AF-Q22678-F1-model_v4.pdb
1.39382611119723,1.23868813972612,1.29107588277462,0.386605425989178,0.258811170087615,0.28400631654508,0.176366894355322,11.4375,scoring/dir_002/AF-Q22702-F1-model_v4.pdb
0.762631559220308,0.520395477966828,0.737052889080771,0.154907247259478,0.352586619680701,0.282944875093881,0.666475736359663,11.0813953488372,scoring/dir_002/AF-Q22714-F1-model_v4.pdb
0.72196839065094,0.427050272772378,0.69819380298081,0.136559246216607,0.31539201169154,0.227843240857376,0.662130537218324,18.5677655677656,scoring/dir_002/AF-Q22716-F1-model_v4.pdb
0.607782899090182,0.435553099481599,0.409152957863117,0.0740033902026652,0.811831580670611,0.358542918311885,0.690880807587175,3.52439024390244,scoring/dir_002/AF-Q22742-F1-model_v4.pdb
0.406880187367994,0.272517794745806,0.35370604825085,0.0705458458374225,0.427246512947481,0.330867618136676,0.822392927864678,6.8206106870229,scoring/dir_002/AF-Q22745-F1-model_v4.pdb
1.03194723980553,0.651213972405726,0.885229155145833,0.135893340655278,0.710207964966706,0.200082735289729,0.413996534043128,18.995983935743,scoring/dir_002/AF-Q22752-F1-model_v4.pdb
0.557287188519915,0.364474137331198,0.341128465964681,0.0465636030585194,0.453367377846247,0.316057234708509,0.740552839631639,5.66666666666667,scoring/dir_002/AF-Q22756-F1-model_v4.pdb
0.687151075933551,0.350104946480157,0.650728382148628,0.105990821478353,0.356097467669774,0.194995807270404,0.668372938478371,17.781976744186,scoring/dir_002/AF-Q22757-F1-model_v4.pdb
0.986431808598636,0.619026061598913,0.824793812385561,0.12119773168229,0.45116451439619,0.201554485422948,0.454266187584054,14.8068669527897,scoring/dir_002/AF-Q22759-F1-model_v4.pdb
1.03686913239634,0.635361473235999,0.865022096649019,0.156132006991649,0.409011782696979,0.221036680535625,0.439047142894438,16.0708333333333,scoring/dir_002/AF-Q22760-F1-model_v4.pdb
0.736810096267055,0.45777805801042,0.634146943004708,0.106053002334911,0.479896623232428,0.236706468262448,0.62729246428966,12.635593220339,scoring/dir_002/AF-Q22761-F1-model_v4.pdb
0.477629516891423,0.342298023603626,0.430589188524664,0.0497679633208095,0.482822959907853,0.272329497321968,0.846967063613332,5.41843971631206,scoring/dir_002/AF-Q22790-F1-model_v4.pdb
0.751880579995538,0.464101351876154,0.627915261989481,0.104598636129836,0.474362809228157,0.249028802841176,0.621147909712478,8.07569721115538,scoring/dir_002/AF-Q22798-F1-model_v4.pdb
1.19290091065472,0.803964811939027,1.07231300666998,0.214106277104945,0.452215398391649,0.197386175700596,0.291379331037016,23.905737704918,scoring/dir_002/AF-Q22799-F1-model_v4.pdb
0.936856753453756,0.481692342819876,0.906729184809353,0.173828581572843,0.47885135236458,0.186950465520974,0.462471199535709,40.4295081967213,scoring/dir_002/AF-Q22803-F1-model_v4.pdb
0.691756869338067,0.419414391358929,0.684168042255442,0.128419255190851,0.292949179561878,0.225262421699146,0.695557885029939,24.4372294372294,scoring/dir_002/AF-Q22817-F1-model_v4.pdb
0.825109524141731,0.406976576473953,0.755622317692253,0.116366090009847,0.342972226650168,0.184446913307757,0.576689184771636,16.2781065088757,scoring/dir_002/AF-Q22826-F1-model_v4.pdb
0.321676656141678,0.249678999668276,0.23931504170244,0.0234414168703082,0.781385085821413,0.365356659741049,0.897226518449762,3.54140127388535,scoring/dir_002/AF-Q22835-F1-model_v4.pdb
0.708492213303833,0.393926087105187,0.666212199785864,0.10555041154883,0.490862688245958,0.201286138734175,0.656007266382803,22.1737588652482,scoring/dir_002/AF-Q22863-F1-model_v4.pdb
0.6837262096307,0.374869210138745,0.670392027535295,0.110250492607823,0.3209742109882,0.204179163627756,0.69355662527794,26.01261829653,scoring/dir_002/AF-Q22870-F1-model_v4.pdb
0.946842136391445,0.515522155861994,0.935882258763958,0.168489789619938,0.263071208535775,0.177388426662251,0.540380507947907,41.2080378250591,scoring/dir_002/AF-Q22897-F1-model_v4.pdb
0.959337640864804,0.519228236927983,0.897377982460534,0.160613432081111,0.214785934991946,0.186512887209141,0.518579684708833,24.051282051282,scoring/dir_002/AF-Q22921-F1-model_v4.pdb
0.794849593351244,0.378447169826628,0.748142157972376,0.132416245644305,0.466632298566342,0.188813555592713,0.564190461286555,24.3474747474747,scoring/dir_002/AF-Q22922-F1-model_v4.pdb
0.945080665273512,0.57244158295919,0.930207655166797,0.170322041359387,0.309981495411476,0.201580162738309,0.557079558272871,21.9078014184397,scoring/dir_002/AF-Q22956-F1-model_v4.pdb
0.633257251696597,0.448589116369616,0.52154188837181,0.0780889372226546,0.594339567967995,0.296343930563966,0.702956907518283,6.09027777777778,scoring/dir_002/AF-Q22960-F1-model_v4.pdb
0.905784975620759,0.474204362708407,0.904349770529544,0.165022450393613,0.256877568257282,0.182195600985827,0.551030924675596,34.4580335731415,scoring/dir_002/AF-Q22966-F1-model_v4.pdb
0.498544095988049,0.313619798448978,0.477706161003629,0.0718563742571895,0.331964723695924,0.234181357148654,0.812857256057205,18.1201550387597,scoring/dir_002/AF-Q22969-F1-model_v4.pdb
0.805967290684642,0.467698539342471,0.79407812926128,0.154653107824579,0.313943040063336,0.218259557414945,0.617813054862161,30.125,scoring/dir_002/AF-Q22971-F1-model_v4.pdb
1.02643307959655,0.692185437984847,1.02020207025869,0.241659609948719,0.384066063207389,0.230350818006801,0.44049383187607,22.1310861423221,scoring/dir_002/AF-Q22996-F1-model_v4.pdb
0.642711075640464,0.343074461433043,0.56638406793534,0.0860456053360306,0.252691805145716,0.218611601908827,0.709135652097696,22.4936170212766,scoring/dir_002/AF-Q23061-F1-model_v4.pdb
0.968371308445699,0.477996748904838,0.942473743255292,0.156065012882447,0.360591411685031,0.165022897478336,0.504172671372933,29.7332089552239,scoring/dir_002/AF-Q23069-F1-model_v4.pdb
0.94217939014357,0.509430610547968,0.932725418077557,0.148647888100422,0.374588214275257,0.170767226427469,0.517974310635782,31.9692307692308,scoring/dir_002/AF-Q23092-F1-model_v4.pdb
1.14877142115283,0.864798782908687,1.14912843687196,0.294792243302724,0.234281231484224,0.261802845165885,0.440739449235597,22.0521739130435,scoring/dir_002/AF-Q23101-F1-model_v4.pdb
0.943293149300197,0.655926774344564,0.91817128622102,0.183479230939508,0.377833005377564,0.246671306004135,0.543981407291575,13.948275862069,scoring/dir_002/AF-Q23145-F1-model_v4.pdb
0.710852578721282,0.391880298753799,0.669468375689198,0.114122678426853,0.382357893826075,0.203255945047093,0.65963971874165,19.6970802919708,scoring/dir_002/AF-Q23153-F1-model_v4.pdb
0.581580266271445,0.277925002247092,0.520863023162297,0.0647881475729415,0.337797079885411,0.194125876780175,0.735595415568433,10.9752475247525,scoring/dir_002/AF-Q23168-F1-model_v4.pdb
0.927940023774508,0.619834184544298,0.85291326823614,0.135368035863999,0.339366659753353,0.225428736768317,0.552871339888493,11.7958115183246,scoring/dir_002/AF-Q23172-F1-model_v4.pdb
0.913648206839468,0.457901177008593,0.920329391669024,0.156056582816469,0.244935723891293,0.16183802753952,0.549490396708126,40.4161616161616,scoring/dir_002/AF-Q23193-F1-model_v4.pdb
0.873187252451045,0.512456809402963,0.761812977205802,0.120382585225389,0.452480986417602,0.215440184567517,0.514267317214679,15.4393305439331,scoring/dir_002/AF-Q23197-F1-model_v4.pdb
0.434390317472139,0.347303958013685,0.387139676368253,0.050311143144478,0.570214790908407,0.378337273573359,0.867911359102983,3.48108108108108,scoring/dir_002/AF-Q23198-F1-model_v4.pdb
0.548164525930661,0.34055489439602,0.429716509474034,0.0565229002838558,0.496771304008094,0.256395287437589,0.753677339758573,8.97402597402597,scoring/dir_002/AF-Q23199-F1-model_v4.pdb
0.653500303557217,0.348456810641153,0.625044813655011,0.0944965021826598,0.23308667872159,0.191519221655086,0.720444240731273,26.7602339181286,scoring/dir_002/AF-Q23203-F1-model_v4.pdb
1.10753364062289,0.684402170141591,1.07753296195355,0.217590391861324,0.282200514286513,0.188502239166449,0.394134972525352,27.9903536977492,scoring/dir_002/AF-Q23240-F1-model_v4.pdb
1.04615801453146,0.640274243389535,1.04771893699214,0.229646788969675,0.300696069784504,0.209738832374247,0.413827081853037,34.358024691358,scoring/dir_002/AF-Q23246-F1-model_v4.pdb
0.736665939302493,0.502316909261357,0.651785302771893,0.106265423472353,0.444914279795072,0.260534206095034,0.68632226083332,8.28651685393258,scoring/dir_002/AF-Q23247-F1-model_v4.pdb
0.563833603212999,0.293648354948348,0.537563442793266,0.0876675923543208,0.456767769444516,0.202148176145566,0.731828865780372,28.8738738738739,scoring/dir_002/AF-Q23280-F1-model_v4.pdb
0.671185816722175,0.298200753471287,0.61816722167964,0.0883284417139082,0.547210981183387,0.167615927535777,0.649882660679386,20.9979674796748,scoring/dir_002/AF-Q23312-F1-model_v4.pdb
0.523585315339372,0.391545061583812,0.347451714621205,0.0608944500076059,0.773125972440454,0.390746812079827,0.745712547973947,3.51260504201681,scoring/dir_002/AF-Q23329-F1-model_v4.pdb
0.52218760245381,0.305221148640088,0.44700491704588,0.0563468990530491,0.459517392883406,0.236622459190247,0.76910968510791,9.53994490358127,scoring/dir_002/AF-Q23374-F1-model_v4.pdb
1.02063595559649,0.570415207362714,1.03207093715477,0.208574335527312,0.226120952526084,0.18282981251781,0.48957192587547,41.2567901234568,scoring/dir_002/AF-Q23378-F1-model_v4.pdb
0.562255898765451,0.268831735305993,0.482386492716523,0.0650737895076487,0.432856331731327,0.190239909851723,0.71969752457462,19.5,scoring/dir_002/AF-Q23393-F1-model_v4.pdb
0.632868148609502,0.318491482227746,0.585190899790459,0.0760292971789771,0.263238453020751,0.183310803485457,0.70812303470717,21.7868852459016,scoring/dir_002/AF-Q23396-F1-model_v4.pdb
0.583744971494496,0.372204738569601,0.51620106400405,0.0881567280578908,0.464696480694995,0.266229751535266,0.740661047114807,10.3471074380165,scoring/dir_002/AF-Q23429-F1-model_v4.pdb
0.884776032232533,0.395877757654558,0.817313629008186,0.120956334798486,0.54810977213615,0.156262553143464,0.509633095108024,31.3042635658915,scoring/dir_002/AF-Q23445-F1-model_v4.pdb
0.75550976121528,0.472188046448244,0.72872985673011,0.139754962945011,0.375179883093738,0.237599760030043,0.647182704890974,16.1550802139037,scoring/dir_002/AF-Q23457-F1-model_v4.pdb
0.984126659548513,0.596082673110638,0.925354700057641,0.159697212245412,0.34171949046401,0.195238868392229,0.477302573172734,17.031746031746,scoring/dir_002/AF-Q23479-F1-model_v4.pdb
0.772022760740837,0.406406906282329,0.69761758646317,0.108621704295356,0.303508818470614,0.203544956193723,0.587926034894959,12.6741214057508,scoring/dir_002/AF-Q23481-F1-model_v4.pdb
0.819353181140171,0.383399215911173,0.778034424373036,0.116158092756132,0.30929312295088,0.170571604667535,0.582982061885053,23.7051282051282,scoring/dir_002/AF-Q23508-F1-model_v4.pdb
1.00488189063661,0.549708955480776,0.947301196053734,0.166498688871073,0.388201293267724,0.181632947017429,0.451955881422231,27.7109634551495,scoring/dir_002/AF-Q23536-F1-model_v4.pdb
0.980025002181358,0.535935648033797,0.94198356896288,0.159121059397531,0.399616248063301,0.177820353232072,0.469925829858901,27.0291545189504,scoring/dir_002/AF-Q23540-F1-model_v4.pdb
1.05554573509695,0.650379501792706,1.04309544288513,0.217046195392211,0.3803365995043,0.214172155968055,0.468139099295713,23.7014925373134,scoring/dir_002/AF-Q23543-F1-model_v4.pdb
0.57626299852998,0.308259509612773,0.522058760111987,0.0704468401745291,0.39540696567586,0.202813766329138,0.732577216913899,12.6295081967213,scoring/dir_002/AF-Q23614-F1-model_v4.pdb
0.68301093028503,0.314265135658634,0.653897935056521,0.098422293207246,0.296815964066511,0.177337583822558,0.666544867409708,21.5529865125241,scoring/dir_002/AF-Q23633-F1-model_v4.pdb
0.599876079712314,0.35195038072459,0.587944324529245,0.0940975132829726,0.2748890197097,0.212043857606061,0.758847066431087,26.6826923076923,scoring/dir_002/AF-Q23641-F1-model_v4.pdb
1.17123808393954,0.764388977122033,1.1761049901684,0.264094569102534,0.365611507993254,0.19877774853614,0.360193823022576,30.1524390243902,scoring/dir_002/AF-Q23642-F1-model_v4.pdb
0.662321057662246,0.332289115932148,0.647719347717101,0.102699441571073,0.36762000319318,0.180169542224661,0.691629114512915,25.5648414985591,scoring/dir_002/AF-Q23646-F1-model_v4.pdb
1.06439695474,0.619326006616571,1.0221514731976,0.182170613986683,0.431711395953722,0.177590930584521,0.39980266028822,24.355421686747,scoring/dir_002/AF-Q23655-F1-model_v4.pdb
0.79169638243557,0.373701152612269,0.784528246866246,0.131406889551346,0.249008494924747,0.16989829629507,0.615968052450713,38.2128801431127,scoring/dir_002/AF-Q23676-F1-model_v4.pdb
0.475333953333317,0.306032461224014,0.342663663837895,0.0467275759004394,0.491574056788602,0.290925807701679,0.778958454495455,9.60278745644599,scoring/dir_002/AF-Q23679-F1-model_v4.pdb
0.944121705812327,0.513887964042699,0.853803721983489,0.139177153275077,0.594133437015587,0.183917886275613,0.486716967032165,20.7214765100671,scoring/dir_002/AF-Q23680-F1-model_v4.pdb
0.783048533735452,0.397332021212605,0.77021362593432,0.135843202274321,0.29106076743135,0.181808693128918,0.609097424088263,26.0810126582278,scoring/dir_002/AF-Q26266-F1-model_v4.pdb
1.08911956166197,0.672494767505491,1.07982897578079,0.234448922709384,0.390103854227052,0.201573033836182,0.397429577446004,35.6574074074074,scoring/dir_002/AF-Q27462-F1-model_v4.pdb
0.593310060782997,0.36962432158907,0.443700821994567,0.062626213283548,0.767827080255052,0.252803966446464,0.723145015087065,7.3495145631068,scoring/dir_002/AF-Q27484-F1-model_v4.pdb
0.812195500487634,0.538740275091945,0.734670637304472,0.14706196377125,0.364084383741995,0.261033557236969,0.623361033915165,10.3881856540084,scoring/dir_002/AF-Q27511-F1-model_v4.pdb
0.979405808203071,0.509629787023489,0.987362488098848,0.192168132896753,0.316456050764339,0.17693853501237,0.488152297565198,44.9403846153846,scoring/dir_002/AF-Q27538-F1-model_v4.pdb
1.09450791817921,0.636407016827239,1.11184798957297,0.227071256109443,0.257550338417306,0.181804663001884,0.404541026197832,31.7058823529412,scoring/dir_002/AF-Q27GT6-F1-model_v4.pdb
0.894173607724581,0.45439442920904,0.882536396176689,0.136921585857812,0.390074515949915,0.169677800185178,0.545855434063195,31.4455958549223,scoring/dir_002/AF-Q27GU2-F1-model_v4.pdb
0.662291440266605,0.509917369400024,0.387428169526343,0.0823572694027815,0.775750818386535,0.406782140428719,0.605486342178413,3.48913043478261,scoring/dir_002/AF-Q27GU5-F1-model_v4.pdb
0.70593693737109,0.346296510884288,0.682668516218894,0.116934652249796,0.307005697595247,0.187638722600216,0.657003339274555,34.8194130925508,scoring/dir_002/AF-Q27GV2-F1-model_v4.pdb
0.637695820815658,0.494185730234861,0.504088123643919,0.0940227173890295,0.603240150171166,0.388348382662875,0.703873388464494,3.50434782608696,scoring/dir_002/AF-Q2A954-F1-model_v4.pdb
0.903985262646265,0.634995623739406,0.853559439151705,0.153846131626354,0.350193782298368,0.253611783125437,0.576050896742093,9.24,scoring/dir_002/AF-Q2A956-F1-model_v4.pdb
0.504402433732691,0.356673705484869,0.426539300959902,0.0544268362449114,0.505370628585794,0.29969961975279,0.815265855635561,6.62660944206009,scoring/dir_002/AF-Q2AAB8-F1-model_v4.pdb
0.728897445535275,0.388224936916644,0.632550802919736,0.0991823059957298,0.313687888928055,0.205080439581604,0.60908965724144,18.2066115702479,scoring/dir_002/AF-Q2AAC4-F1-model_v4.pdb
0.782486394351426,0.59509946582601,0.616554293147847,0.108326855133862,0.612583083869708,0.33526576635777,0.620347867678273,5.4,scoring/dir_002/AF-Q2EEL8-F1-model_v4.pdb
0.725276717428812,0.456937100167988,0.645746686358555,0.0964952602796531,0.398846780360815,0.236391356282988,0.660168875428384,8.68020304568528,scoring/dir_002/AF-Q2EEN4-F1-model_v4.pdb
0.968243273347612,0.611739657954474,0.934889921916026,0.190152745577498,0.454314878218381,0.21349388063169,0.458139686414047,24.2269938650307,scoring/dir_002/AF-Q2EEP3-F1-model_v4.pdb
0.604738247722183,0.297677211803282,0.55037154707271,0.080819140689316,0.41126134787872,0.189845424677457,0.701902221901845,19.7903682719547,scoring/dir_002/AF-Q2HQJ8-F1-model_v4.pdb
0.668134657924715,0.480008645873831,0.332035503479132,0.06609943064497,0.915154673004198,0.397715668503312,0.634785114129128,3.47368421052632,scoring/dir_002/AF-Q2HQK0-F1-model_v4.pdb
0.821796254470045,0.414364024521756,0.728239343905159,0.107892517154566,0.354694178597094,0.189196035609888,0.557000578361404,18.3269754768392,scoring/dir_002/AF-Q2HQK5-F1-model_v4.pdb
0.58040915519944,0.320968897986108,0.564166708563767,0.102827386399497,0.305139034255283,0.220889652199107,0.745879268507344,21.4889502762431,scoring/dir_002/AF-Q2HQL9-F1-model_v4.pdb
0.785462700252694,0.397531496543336,0.770749137999827,0.128928072585481,0.333685207319962,0.17905916454955,0.607763304801064,26.0993071593533,scoring/dir_002/AF-Q2HQM1-F1-model_v4.pdb
1.22221525436564,0.863299916882241,1.16942735027678,0.239596485226009,0.433365865473232,0.203690716797915,0.305757699544253,22.0829493087558,scoring/dir_002/AF-Q2L6U6-F1-model_v4.pdb
0.956077997967622,0.469497412901148,0.963234213038969,0.171759497684331,0.281683547550323,0.162255726254774,0.501580410893364,48.6503496503497,scoring/dir_002/AF-Q2L6V8-F1-model_v4.pdb
0.939930520586399,0.502018427199729,0.894350493230014,0.162769706672694,0.284956243969942,0.185197983474024,0.560498418751904,30.8152709359606,scoring/dir_002/AF-Q2L6W1-F1-model_v4.pdb
0.538242408306049,0.397089765904696,0.440772267617271,0.0562284463518934,0.634047396983797,0.346205863315872,0.802442875819776,3.65217391304348,scoring/dir_002/AF-Q2L6W3-F1-model_v4.pdb
1.20155802939152,1.03199434272603,1.0147516157851,0.25645470174085,0.522933886935368,0.309555058010679,0.309971456888876,7.05479452054795,scoring/dir_002/AF-Q2L6W4-F1-model_v4.pdb
0.881155360119529,0.542483921011698,0.799416696794193,0.134844657608645,0.552736158490788,0.21928156011927,0.544636079223729,17.4601449275362,scoring/dir_002/AF-Q2L6X4-F1-model_v4.pdb
0.735377402835007,0.346170040585197,0.715896736275815,0.109176921568124,0.319367478343995,0.176929839610578,0.655123871406277,27.7619047619048,scoring/dir_002/AF-Q2L6Y5-F1-model_v4.pdb
1.0237088426268,0.742051677713114,0.861635883760941,0.221844258099876,0.533414882342265,0.314333007129071,0.433085508547411,4.71739130434783,scoring/dir_002/AF-Q2MGE5-F1-model_v4.pdb
0.921570554085662,0.457561290797936,0.912478232990142,0.164142842386535,0.281779688345906,0.175365667442901,0.519233157187651,34.407158836689,scoring/dir_002/AF-Q2MGE7-F1-model_v4.pdb
0.491192281873117,0.383806857646936,0.362086652252545,0.0454076369431497,0.70029629086532,0.372443889247872,0.819237955236008,3.61073825503356,scoring/dir_002/AF-Q2PJ80-F1-model_v4.pdb
1.09102354002034,0.692200804044895,1.09681139067042,0.237678190459417,0.336323123544974,0.201850845963194,0.403923884187888,31.0564784053156,scoring/dir_002/AF-Q2V4S7-F1-model_v4.pdb
0.810046822156535,0.416602231987423,0.8071347417313,0.137313838778904,0.247773561008674,0.173257069350322,0.62284291435421,36.2488789237668,scoring/dir_002/AF-Q2V4S8-F1-model_v4.pdb
0.601615694160745,0.421851059749545,0.508527088907398,0.0818466580583699,0.670561416231587,0.305055603737418,0.7344021146208,5.75675675675676,scoring/dir_002/AF-Q2V4S9-F1-model_v4.pdb
1.01829689027302,0.588248523747122,1.01617286241779,0.19424242838066,0.322843490325207,0.186128851763221,0.466167914097904,33.1026315789474,scoring/dir_002/AF-Q2V4U2-F1-model_v4.pdb
1.1058059217567,0.660614838059487,1.08166430566843,0.20832232943436,0.275206353143213,0.183953141201671,0.396963553402677,23.6195965417867,scoring/dir_002/AF-Q2V4U3-F1-model_v4.pdb
0.841717086775645,0.413463574980116,0.79791249625662,0.152220284975133,0.253679563419604,0.189557218723135,0.556464633644748,34.8366935483871,scoring/dir_002/AF-Q2WF57-F1-model_v4.pdb
0.850669049852641,0.579065003288401,0.792954169360152,0.137229877146888,0.369728529426957,0.257030886500078,0.597229671288125,12.7254901960784,scoring/dir_002/AF-Q2XMZ1-F1-model_v4.pdb
1.15371200437778,0.808449718999415,1.12765463430034,0.23290167688353,0.3593407510275,0.218091484395007,0.370598924120344,19.5183246073298,scoring/dir_002/AF-Q2XN09-F1-model_v4.pdb
1.2358914498073,0.952819999808238,1.12825134668563,0.241206272920182,0.383618660696419,0.224582720575327,0.267413935164305,17.2565217391304,scoring/dir_002/AF-Q2XN18-F1-model_v4.pdb
0.933272585840326,0.513897255855477,0.905834451881372,0.152232436063819,0.348090259526703,0.186878375271245,0.538945719761562,21.3982558139535,scoring/dir_002/AF-Q2XN20-F1-model_v4.pdb
0.915657139637878,0.443368812480018,0.903537123338004,0.160159203888967,0.262782932794893,0.168900005681417,0.535064880614611,43.4530271398747,scoring/dir_002/AF-Q304F0-F1-model_v4.pdb
0.744171641187864,0.359487015329887,0.741069021844218,0.118006351923299,0.332212409485627,0.173029429850352,0.652632336132282,41.1827956989247,scoring/dir_002/AF-Q38G53-F1-model_v4.pdb
0.412268749383902,0.296674237374928,0.33171569348515,0.0372790812696494,0.58803126916978,0.308901533858486,0.84814829224574,4.97716894977169,scoring/dir_002/AF-Q3HKC3-F1-model_v4.pdb
0.922478881568948,0.551004888976034,0.878271315223206,0.14094746426653,0.384109546920381,0.19776348852881,0.564059263933828,15.2124542124542,scoring/dir_002/AF-Q3HKD3-F1-model_v4.pdb
1.00220626751882,0.552239762188975,0.993272016621283,0.16485563316187,0.384397380185805,0.172960661221714,0.47812888781358,31.8984771573604,scoring/dir_002/AF-Q3LFN1-F1-model_v4.pdb
0.778284459918875,0.518182146936801,0.750475614560651,0.148614422600042,0.436024137419359,0.259050435533623,0.620695364321084,17.4782608695652,scoring/dir_002/AF-Q3S1J0-F1-model_v4.pdb
0.896927166751346,0.520914285116887,0.866448857698967,0.141612261215584,0.287400142757529,0.194278182534506,0.574662341924318,19.4841772151899,scoring/dir_003/AF-Q3S1L4-F1-model_v4.pdb
0.580950360518159,0.404010744023149,0.473534639205429,0.0733197997266496,0.455179706825626,0.30042859181777,0.758525962394586,11.3928571428571,scoring/dir_003/AF-Q3S1M3-F1-model_v4.pdb
0.750670930529719,0.448108464419271,0.744354621592623,0.137022114900245,0.356306902029336,0.215416054733905,0.660900297004125,33.9747634069401,scoring/dir_003/AF-Q3V5H8-F1-model_v4.pdb
0.866896368005339,0.480480153125606,0.845444109464376,0.16667182104473,0.246565413514019,0.207884773072673,0.564198208696763,25.1712158808933,scoring/dir_003/AF-Q3V5J7-F1-model_v4.pdb
0.823933610041822,0.566016784265791,0.778273171325647,0.165620687547902,0.346827519401863,0.270023691465621,0.616872252014156,19.255,scoring/dir_003/AF-Q3V5K6-F1-model_v4.pdb
0.653892848681603,0.286155102124388,0.604530950647319,0.0854030896105243,0.519526041998008,0.164942478481726,0.661031174776133,22.2182952182952,scoring/dir_003/AF-Q3V5K9-F1-model_v4.pdb
0.938117846372875,0.629342056390707,0.859107980578015,0.142389886643162,0.396309807064835,0.222394085178539,0.556944710800172,17.7091633466135,scoring/dir_003/AF-Q3Y3Z7-F1-model_v4.pdb
1.09143270247615,0.672507103253715,1.02256910375096,0.18595251992913,0.402098826475994,0.191162363842639,0.428067629340351,24.882005899705,scoring/dir_003/AF-Q3Y400-F1-model_v4.pdb
0.875488080227381,0.498550314982177,0.869432454845054,0.162957959745216,0.315080906797182,0.198835067044159,0.568523534600793,36.2831168831169,scoring/dir_003/AF-Q45EK1-F1-model_v4.pdb
0.792039409447652,0.431499549908359,0.724271691559704,0.119848714579727,0.286971631711922,0.208766107648871,0.60396585677757,20.3063063063063,scoring/dir_003/AF-Q45EL0-F1-model_v4.pdb
0.584997305738935,0.295007403912451,0.530653432574428,0.0760139996364203,0.355740155531216,0.183618067855694,0.736734685010069,20.0838323353293,scoring/dir_003/AF-Q45EM0-F1-model_v4.pdb
0.765125708761959,0.66871816562162,0.684366605058036,0.104059109353444,0.230852482980434,0.427685869732425,0.770137257935306,3.38461538461538,scoring/dir_003/AF-Q4PIS1-F1-model_v4.pdb
0.591015236042626,0.307204456628047,0.55005886182557,0.0772335409725382,0.424576233301833,0.199389973117375,0.724161049317148,17.2042682926829,scoring/dir_003/AF-Q4PIS6-F1-model_v4.pdb
0.96320127785657,0.476525207212568,0.967961356864167,0.178121646261025,0.251129144681542,0.167447868574583,0.507672070490973,46.7329434697856,scoring/dir_003/AF-Q4PIT0-F1-model_v4.pdb
0.641107655721369,0.375553617039599,0.631781803431768,0.111517923333875,0.325091447660455,0.214582349749473,0.725433575643817,29.9326923076923,scoring/dir_003/AF-Q4PIT2-F1-model_v4.pdb
0.491122581407944,0.280378111277536,0.450465617646933,0.066885128164457,0.397838269895044,0.226556667429867,0.794306736985992,13.1138461538462,scoring/dir_003/AF-Q4PIT5-F1-model_v4.pdb
0.778008804497939,0.426714800907127,0.72684878968071,0.109803987501126,0.442022676406023,0.196075879127159,0.622129794501822,25.1898734177215,scoring/dir_003/AF-Q4PIV0-F1-model_v4.pdb
0.422238021249694,0.329797985896653,0.325437471294247,0.041174183024232,0.777189102576478,0.3846516197759,0.848835163683054,3.52857142857143,scoring/dir_003/AF-Q4PIV3-F1-model_v4.pdb
1.06320013456155,0.609575063106863,1.03391635604327,0.189904590306801,0.271415361758763,0.176461368815999,0.433994682688692,31.3988095238095,scoring/dir_003/AF-Q4PIV5-F1-model_v4.pdb
0.66194290815418,0.303235694309875,0.619239512769516,0.0858968431305803,0.29195422795934,0.170125849484494,0.662761038024881,20.9905437352246,scoring/dir_003/AF-Q4PIV7-F1-model_v4.pdb
0.689134907737162,0.356578208531715,0.67398694067219,0.114359964907188,0.282117943574468,0.194316379095779,0.684661238489299,27.5020661157025,scoring/dir_003/AF-Q4PIW3-F1-model_v4.pdb
0.541399765748923,0.375502849403429,0.529039401427229,0.112042029989315,0.311773366509303,0.308010928134011,0.794893799239796,10.8146853146853,scoring/dir_003/AF-Q4PIW5-F1-model_v4.pdb
0.394008737858636,0.274882723589871,0.133286930281685,0.0140926148357391,0.945653853309472,0.390885418506834,0.827511360410563,3.49787234042553,scoring/dir_003/AF-Q4PIW9-F1-model_v4.pdb
0.808314937159437,0.622338409584004,0.389090004553795,0.099686846945862,0.925950529255622,0.42573547145012,0.601435611212975,3.46153846153846,scoring/dir_003/AF-Q4R109-F1-model_v4.pdb
1.04652115581087,0.574269476421444,1.0501792411868,0.197351639204525,0.268006891816852,0.170869436374378,0.44039643960619,38.4159090909091,scoring/dir_003/AF-Q4R111-F1-model_v4.pdb
0.740648202878264,0.481511184572347,0.604563034525469,0.078497580886387,0.464496397566716,0.262925968656773,0.64888997289502,6.44099378881988,scoring/dir_003/AF-Q4R112-F1-model_v4.pdb
0.434618866782506,0.337935507781048,0.315465598555245,0.0375489106483593,0.750796150839275,0.385804907720234,0.830863057214229,3.50655021834061,scoring/dir_003/AF-Q4R114-F1-model_v4.pdb
0.429138079805131,0.319938674463249,0.206304967835959,0.0229684115369929,0.895302233438413,0.392122205841699,0.794147007931165,3.4974358974359,scoring/dir_003/AF-Q4R115-F1-model_v4.pdb
0.473964230830992,0.370052136135019,0.350737352609523,0.0456834080651806,0.795061230569084,0.391220663284129,0.822731631643732,3.54807692307692,scoring/dir_003/AF-Q4R120-F1-model_v4.pdb
0.785362096609734,0.399697262206979,0.789689968316934,0.154912281684008,0.302500037490203,0.191997540691711,0.615143705557548,25.5720164609053,scoring/dir_003/AF-Q4R127-F1-model_v4.pdb
0.976729649677877,0.600981295247371,0.967252232683442,0.212525186975376,0.347183254201632,0.227315541328332,0.490809720638715,15.9314079422383,scoring/dir_003/AF-Q4R128-F1-model_v4.pdb
0.845144831761443,0.499913349440256,0.615707688106534,0.0900543559196281,0.593363020368945,0.223255264057969,0.515893547852055,10.9873417721519,scoring/dir_003/AF-Q4R134-F1-model_v4.pdb
0.86721020253013,0.50614349555198,0.848598486337413,0.148994722813214,0.353204854907762,0.201931314984977,0.569751196730182,26.0333333333333,scoring/dir_003/AF-Q4R139-F1-model_v4.pdb
0.995305275349692,0.557899104817152,0.964267754900585,0.168328175968331,0.446384197430592,0.180856427362099,0.458631494606772,27.0407608695652,scoring/dir_003/AF-Q4R148-F1-model_v4.pdb
0.838240729979641,0.49844172332894,0.830628805192698,0.151092636647081,0.261295941206123,0.20690754484625,0.602020827218854,30.1835443037975,scoring/dir_003/AF-Q4R149-F1-model_v4.pdb
0.867890062945695,0.494151421831878,0.755492787214882,0.104042195568236,0.42090976287341,0.186114846896141,0.577072568735359,19.4710144927536,scoring/dir_003/AF-Q4R151-F1-model_v4.pdb
0.864479178176522,0.411708669501128,0.863848452471599,0.157945010566561,0.299965712051508,0.171589592414066,0.561273089356911,33.6759259259259,scoring/dir_003/AF-Q4R152-F1-model_v4.pdb
0.977694568649934,0.537311867104992,0.995035991527275,0.195273251061841,0.216603508868439,0.182689054972515,0.522789698934589,36.4562211981567,scoring/dir_003/AF-Q4R163-F1-model_v4.pdb
1.02053510058219,0.664697439549343,0.780840917986438,0.0971203795610067,0.588209364051468,0.201812953066267,0.451288571902633,10.3365853658537,scoring/dir_003/AF-Q4R164-F1-model_v4.pdb
0.578596900484181,0.316904066989263,0.387987156428676,0.0591870217949821,0.552070162666504,0.254262168685921,0.659941926014517,16.6264150943396,scoring/dir_003/AF-Q4R169-F1-model_v4.pdb
0.778367526052741,0.480941564945225,0.729859437174245,0.134136572042331,0.268958114477458,0.236307694511635,0.628773440416459,19.7228915662651,scoring/dir_003/AF-Q4TT81-F1-model_v4.pdb
0.600674695569422,0.348235373644639,0.528638314252864,0.0726412332296028,0.358697336179901,0.22877322556595,0.723377505928535,15.3129032258065,scoring/dir_003/AF-Q4TT84-F1-model_v4.pdb
0.799990981286314,0.440603214954028,0.779235043688674,0.125225044950357,0.305993191783211,0.188638856491492,0.629120426662493,28.4609375,scoring/dir_003/AF-Q4TT90-F1-model_v4.pdb
0.557663274369477,0.373724110532404,0.402512384047146,0.062406464187431,0.732515681557358,0.329866243864768,0.728855076099417,3.5983606557377,scoring/dir_003/AF-Q4TT97-F1-model_v4.pdb
0.633638449720432,0.394478255673954,0.617228940800156,0.119005474673964,0.339071472028055,0.251474615644543,0.724994266723803,14.4600760456274,scoring/dir_003/AF-Q4TT99-F1-model_v4.pdb
0.715823356898355,0.505796313524383,0.692642145457146,0.129885366531233,0.355261488566421,0.276895654973755,0.718330170280427,12.2645739910314,scoring/dir_003/AF-Q4TTB3-F1-model_v4.pdb
0.917213325915017,0.508124751963589,0.921278038147084,0.175438931023851,0.307686256646533,0.189112562027136,0.527843568152523,32.5632183908046,scoring/dir_003/AF-Q4TTB7-F1-model_v4.pdb
0.69031010433293,0.448321770499656,0.614192918079337,0.102846704844914,0.532981377760027,0.264696275298131,0.675411159711417,9,scoring/dir_003/AF-Q4TTD1-F1-model_v4.pdb
1.08350876867337,0.705048627312499,0.919653337313611,0.161069312051295,0.544433203471753,0.211857213892713,0.390795958548735,13.1801801801802,scoring/dir_003/AF-Q4W4Y7-F1-model_v4.pdb
0.740270363469536,0.372484523887589,0.717469131787998,0.119561030100136,0.313153805366439,0.183065645280152,0.635453511532998,22.9193899782135,scoring/dir_003/AF-Q4W4Z4-F1-model_v4.pdb
0.805730308379721,0.624716598247702,0.426850331044568,0.0788967454856814,0.837674581646549,0.394159398374775,0.598991133687019,3.67088607594937,scoring/dir_003/AF-Q4W4Z5-F1-model_v4.pdb
1.04078769685331,0.68176966905463,0.9826819064697,0.18374423597143,0.287810859948675,0.223304714681705,0.443366556682186,10.6153846153846,scoring/dir_003/AF-Q4W4Z6-F1-model_v4.pdb
0.956983122201133,0.511221467621264,0.957548320245612,0.179610547254048,0.335346607245549,0.178944210749711,0.489861361232508,30.55,scoring/dir_003/AF-Q4W500-F1-model_v4.pdb
0.959435417999119,0.662435944079374,0.703334062168392,0.104399421587003,0.668095562334385,0.253573809758044,0.49252440822258,5.56140350877193,scoring/dir_003/AF-Q4W503-F1-model_v4.pdb
0.548169269095104,0.427425798220448,0.377440480586873,0.056678816127797,0.715909342577783,0.395254648698511,0.764901152137045,3.52941176470588,scoring/dir_003/AF-Q4W510-F1-model_v4.pdb
0.679383097529854,0.534022254878786,0.372657337564653,0.079612171047365,0.792878348411945,0.407015465464545,0.607878658439813,3.48351648351648,scoring/dir_003/AF-Q4W512-F1-model_v4.pdb
0.692302522686143,0.535297685380915,0.4074963066833,0.0766799998542173,0.782800701636287,0.402031723256183,0.636581104652548,3.51219512195122,scoring/dir_003/AF-Q4W514-F1-model_v4.pdb
0.878276933007805,0.477596464423996,0.850767405854812,0.135612174705817,0.320303089697957,0.181500731434422,0.552820945491136,16.452380952381,scoring/dir_003/AF-Q4W517-F1-model_v4.pdb
0.882553818683641,0.429925677387797,0.869131068571906,0.147919388700568,0.313458235843413,0.163737517183145,0.553770376646585,38.6873920552677,scoring/dir_003/AF-Q4W518-F1-model_v4.pdb
0.943955442825259,0.544827783309038,0.938978832583386,0.185763272579467,0.296050007356299,0.193540002615925,0.511686942513205,19.8660714285714,scoring/dir_003/AF-Q4W525-F1-model_v4.pdb
0.894993974611952,0.525612300620209,0.899482947592596,0.171880247980371,0.255204685036097,0.203258588956426,0.587428574341223,31.4234527687296,scoring/dir_003/AF-Q4W527-F1-model_v4.pdb
0.555430550623529,0.296665688505584,0.527654279016714,0.0788111040152838,0.266507896616107,0.20015491085501,0.758534044445772,29.8247422680412,scoring/dir_003/AF-Q4W5S0-F1-model_v4.pdb
0.91739218728196,0.461999314954155,0.918891958520604,0.167286054342239,0.269473581277226,0.172994712973647,0.521297384579557,20.7858880778589,scoring/dir_003/AF-Q4W5S6-F1-model_v4.pdb
0.754750087593948,0.408623395410208,0.729418519334017,0.115305324511369,0.329541161902368,0.18927319163718,0.648229531102887,22.3588957055215,scoring/dir_003/AF-Q4W5S9-F1-model_v4.pdb
0.780157386131631,0.586170010073266,0.327618691988909,0.0850226722707903,0.872483161117454,0.415889110225829,0.592624985115909,3.51666666666667,scoring/dir_003/AF-Q4W5T3-F1-model_v4.pdb
0.953959146097166,0.476585231551937,0.914432271586598,0.160037126102443,0.272468831584861,0.179436239472186,0.521746284599585,31.4344086021505,scoring/dir_003/AF-Q52GY2-F1-model_v4.pdb
0.963861497819564,0.645740527933751,0.862546353252123,0.151230940072436,0.365243901286017,0.229469395607013,0.512696623748726,14.9429657794677,scoring/dir_003/AF-Q52GZ2-F1-model_v4.pdb
0.553303867259518,0.33617589652747,0.522230196711369,0.0801190944600099,0.338435708476254,0.2249470391112,0.776239589549918,16.5411392405063,scoring/dir_003/AF-Q564P9-F1-model_v4.pdb
0.384433568044084,0.295909659698211,0.292414700626433,0.0271550232116852,0.718805790811288,0.353756329027147,0.877193069737715,3.71859296482412,scoring/dir_003/AF-Q564Q2-F1-model_v4.pdb
0.94977123607471,0.548849444957119,0.895685355638889,0.147170426542726,0.329828152849172,0.184767813715669,0.500032549859832,19.6407766990291,scoring/dir_003/AF-Q564Q5-F1-model_v4.pdb
0.903204672581144,0.455909536640571,0.873376044875602,0.141160723970563,0.39872935406921,0.167395847465875,0.538378455183802,24.5033112582781,scoring/dir_003/AF-Q564Q9-F1-model_v4.pdb
1.1892966826414,0.754899594156489,1.18027049493574,0.25990289007135,0.299240731566361,0.21931441391311,0.397360254097891,23.2966507177033,scoring/dir_003/AF-Q564R0-F1-model_v4.pdb
0.954344900849426,0.555213633437192,0.849018574256424,0.135390327167196,0.414999323981478,0.198527979606758,0.495147850462047,14.4965517241379,scoring/dir_003/AF-Q564R5-F1-model_v4.pdb
0.540278826255827,0.391336787445636,0.363486503258449,0.0827520173132386,0.721691558185759,0.401077592121787,0.719116610032521,3.5,scoring/dir_003/AF-Q564R8-F1-model_v4.pdb
0.59612713831961,0.469456597255378,0.478983179228927,0.0840526775584584,0.727941456336885,0.389306188051659,0.747270903969242,3.5,scoring/dir_003/AF-Q564R9-F1-model_v4.pdb
0.577135887717262,0.406169218171916,0.429404129293998,0.0544689827904442,0.613371671749656,0.305765241164185,0.729615560067824,4.67741935483871,scoring/dir_003/AF-Q564T2-F1-model_v4.pdb
0.676165043265851,0.546496077726668,0.570674954442398,0.107441905656259,0.585712345402678,0.400270695877416,0.721433203415831,3.51079136690647,scoring/dir_003/AF-Q564U1-F1-model_v4.pdb
0.580180250646426,0.413077448648645,0.229864870093042,0.0372772036462101,0.884032888928874,0.397892196335266,0.729811699610168,3.48461538461538,scoring/dir_003/AF-Q564U6-F1-model_v4.pdb
0.809972202116657,0.364793067474946,0.766831154469445,0.11984872708379,0.47270983146432,0.166278087839596,0.559496999758737,26.0824949698189,scoring/dir_003/AF-Q564V5-F1-model_v4.pdb
1.07680261039443,0.599991699994146,1.04228415614311,0.188688005441575,0.361497564599413,0.176581883285435,0.425752080420705,26.0255681818182,scoring/dir_003/AF-Q564W9-F1-model_v4.pdb
0.688124169257808,0.480550216260635,0.509621265058147,0.0835570721261493,0.619784990571926,0.325291689895035,0.688575001929036,5.17441860465116,scoring/dir_003/AF-Q564X6-F1-model_v4.pdb
0.791675804436976,0.387543259756599,0.787130999140181,0.134374829088696,0.352264900236873,0.174445163503571,0.598283119937174,24.3920335429769,scoring/dir_003/AF-Q564X7-F1-model_v4.pdb
0.885814608288907,0.49936035494151,0.864731994267087,0.154494035042579,0.390441890679139,0.193420402063505,0.540113643623952,27.1312335958005,scoring/dir_003/AF-Q565B0-F1-model_v4.pdb
0.572404515400618,0.323678968401287,0.500356814075979,0.0730592725284793,0.390367518148256,0.221164343410497,0.730216082495382,11.391061452514,scoring/dir_003/AF-Q565B1-F1-model_v4.pdb
0.547334476910145,0.342077560055599,0.370477607527003,0.0482689822430735,0.643353483756247,0.275095640911566,0.710247866315008,8.6,scoring/dir_003/AF-Q565B5-F1-model_v4.pdb
0.980965336953001,0.623018966323057,0.913572211787228,0.168448022586674,0.290442708418039,0.212961619075736,0.491070205541884,16.1970260223048,scoring/dir_003/AF-Q565B8-F1-model_v4.pdb
0.787714073056226,0.449567339605478,0.63533614818855,0.101293002716182,0.365946177048375,0.222289001296492,0.604254611676411,15.8175675675676,scoring/dir_003/AF-Q565B9-F1-model_v4.pdb
0.861460971502709,0.518107447899169,0.794591751788594,0.12741053846825,0.387618061140215,0.208389855812976,0.556471248145048,13.7570977917981,scoring/dir_003/AF-Q565C0-F1-model_v4.pdb
0.766993608920067,0.45075873259619,0.717516112540945,0.122264802678716,0.488950817721897,0.2214407059159,0.611974200250885,15.0711462450593,scoring/dir_003/AF-Q565C3-F1-model_v4.pdb
1.11744802780091,0.713078839162887,1.12519047751554,0.242267091796722,0.318305180258314,0.197408301337398,0.375606507107623,30.458064516129,scoring/dir_003/AF-Q565D0-F1-model_v4.pdb
0.78285351251467,0.551207350322503,0.569501562104677,0.0761755102007845,0.72163516842064,0.302615914133502,0.599785371956974,3.56481481481481,scoring/dir_003/AF-Q56VX3-F1-model_v4.pdb
0.951257770357754,0.557347853981615,0.961343775984234,0.185660219169254,0.241493534598341,0.189994029957814,0.521924731690896,33.6991869918699,scoring/dir_003/AF-Q56VX5-F1-model_v4.pdb
1.04883629565735,0.702343375775891,1.03666727208884,0.271863016772661,0.294582894830203,0.262662095725438,0.465875732487168,25.7136563876652,scoring/dir_003/AF-Q56VY4-F1-model_v4.pdb
0.835831914644498,0.58061809118137,0.605469443242536,0.0660842474381133,0.666294086338288,0.254109548208078,0.57277687303257,6.20512820512821,scoring/dir_003/AF-Q56VZ6-F1-model_v4.pdb
0.505508508499868,0.347923789864296,0.273492628348298,0.053792072786305,0.900829177873014,0.391036553007851,0.731533057729681,3.48695652173913,scoring/dir_003/AF-Q56VZ8-F1-model_v4.pdb
0.648610888839345,0.350867583711248,0.597799836094229,0.0931051739960198,0.264387049923968,0.206610464809442,0.686435998927387,20.6380510440835,scoring/dir_003/AF-Q58A97-F1-model_v4.pdb
0.371106648581599,0.244801484776102,0.304865452638376,0.037351698394159,0.620105487137427,0.287406083043064,0.869973765485542,4.58695652173913,scoring/dir_003/AF-Q58AA7-F1-model_v4.pdb
0.498629391565368,0.352856541488192,0.457842384004337,0.0667599226921148,0.373209602339267,0.297388172503089,0.816133022665846,5.50207468879668,scoring/dir_003/AF-Q58QG2-F1-model_v4.pdb
1.1603554802675,0.751779023276144,1.06805883192867,0.187464128491015,0.401712591491103,0.190534957084172,0.308248491358281,16.5511811023622,scoring/dir_003/AF-Q5CCI7-F1-model_v4.pdb
0.583159992110834,0.296542429430102,0.523340883400471,0.0846943945081921,0.272086404179794,0.213919222114993,0.71332136915868,24.9104938271605,scoring/dir_003/AF-Q5CZ44-F1-model_v4.pdb
0.433856735426842,0.305365629780169,0.146097242745625,0.0175265655005005,0.938592922159226,0.395751672158254,0.803518349758141,3.49504950495049,scoring/dir_003/AF-Q5F4U5-F1-model_v4.pdb
0.705585591378133,0.356207841195034,0.669224595115848,0.0997254708846051,0.333466827037444,0.180228552149542,0.663255944740385,17.2980561555076,scoring/dir_003/AF-Q5FC37-F1-model_v4.pdb
0.858289215508638,0.393036323525397,0.858280780081907,0.144399045592528,0.369717313989649,0.165175820776223,0.552929232031194,34.8814531548757,scoring/dir_003/AF-Q5FC47-F1-model_v4.pdb
0.66289819615366,0.366588539387737,0.577673852033958,0.0903475677045961,0.37902048499256,0.226975038014725,0.682649028830611,9.1371237458194,scoring/dir_003/AF-Q5FC55-F1-model_v4.pdb
0.832908160252337,0.427350413756499,0.818716661690333,0.134105607474001,0.414859972448324,0.175721145171345,0.578745802865712,36.9282178217822,scoring/dir_003/AF-Q5FC61-F1-model_v4.pdb
0.986191440924409,0.641115177136369,0.934318394139672,0.178668465049829,0.525441749646477,0.224777601531799,0.465385387070045,25.6606334841629,scoring/dir_003/AF-Q5H9M9-F1-model_v4.pdb
0.776846764162033,0.415192827121337,0.730136833510033,0.115773509511737,0.283575150663744,0.195591815384134,0.597618939235119,20.2383292383292,scoring/dir_003/AF-Q5TEB3-F1-model_v4.pdb
0.611676951054651,0.36625655443169,0.525400805143576,0.0707547768350136,0.446090443509299,0.231103361490359,0.718525257290977,10.7394136807818,scoring/dir_003/AF-Q5VKT1-F1-model_v4.pdb
0.66381860695975,0.382316461665711,0.659124391377999,0.118485323096352,0.253059951118216,0.211961088994473,0.715099739044843,25.5864197530864,scoring/dir_003/AF-Q5WRK9-F1-model_v4.pdb
0.843272359728514,0.453459978525037,0.843697562331151,0.159762464177869,0.285669460220453,0.189337066873392,0.579516104172618,33.4278728606357,scoring/dir_003/AF-Q5WRM4-F1-model_v4.pdb
0.800120084124732,0.397593818683651,0.719100430442963,0.116133348744867,0.464850864752087,0.185457142489891,0.575308899121406,13.7956989247312,scoring/dir_003/AF-Q5WRR8-F1-model_v4.pdb
0.735278642606781,0.409881711129151,0.727346948735722,0.132909099587453,0.319839285770319,0.202286349354236,0.656680593398499,37.725,scoring/dir_003/AF-Q5WRU0-F1-model_v4.pdb
0.72471545053161,0.363166788710274,0.721300566803414,0.12782398011543,0.237323058530642,0.183880146042041,0.662959094530262,38.3486682808717,scoring/dir_003/AF-Q60F71-F1-model_v4.pdb
0.896824964906278,0.580668183981498,0.836588424725552,0.129565120961181,0.359377590289805,0.208929448513891,0.588779488004244,13.0328947368421,scoring/dir_003/AF-Q646H6-F1-model_v4.pdb
0.611726793300271,0.309708164679837,0.592778159523123,0.0905789262328733,0.317967462416875,0.188539131209653,0.719883429394913,28.9708994708995,scoring/dir_003/AF-Q65XS9-F1-model_v4.pdb
0.369226329342681,0.250615763821094,0.290113292192378,0.024176676548486,0.598135700760554,0.276990132169593,0.872276711404632,5.0546875,scoring/dir_003/AF-Q65ZB3-F1-model_v4.pdb
0.778350286940041,0.464662188842261,0.736299257872155,0.115716420231337,0.395036668682112,0.209287692138368,0.648256191950178,10.8980392156863,scoring/dir_003/AF-Q65ZG7-F1-model_v4.pdb
0.695880338454274,0.39254429199836,0.668500769953401,0.118527311538564,0.411326159784936,0.216878799364224,0.657254565315593,28.3806818181818,scoring/dir_003/AF-Q65ZI4-F1-model_v4.pdb
0.953898975731136,0.507899107922436,0.941184761735444,0.190018493889967,0.408024745832726,0.193168799658252,0.471112578261132,38.9430199430199,scoring/dir_003/AF-Q65ZI5-F1-model_v4.pdb
1.01841772487188,0.531655346933754,1.0308353986018,0.18660282436804,0.217200044609019,0.167154965592503,0.502140094790617,40.3230769230769,scoring/dir_003/AF-Q65ZK1-F1-model_v4.pdb
0.805544756280097,0.422354735993285,0.785215103155141,0.134458327605269,0.313731176358452,0.185261181091459,0.600920763494043,26.5963855421687,scoring/dir_003/AF-Q688C0-F1-model_v4.pdb
0.762683555145783,0.414508540432091,0.675240750595388,0.0894525355601826,0.523330746166284,0.186366420201552,0.628256623703048,14.9335180055402,scoring/dir_003/AF-Q69Z12-F1-model_v4.pdb
1.04388812652282,0.660235861894638,0.934671333028702,0.180651698300094,0.535302589828489,0.213614454766857,0.366983549655619,18.9429824561404,scoring/dir_003/AF-Q69ZI6-F1-model_v4.pdb
1.05189967579904,0.560918913465195,1.03120030316613,0.186867630783924,0.322037894537695,0.170740792271538,0.45181210616276,32.1344339622642,scoring/dir_003/AF-Q6A574-F1-model_v4.pdb
0.783787941457075,0.464231851438526,0.757704808012098,0.134296981932713,0.413675491310813,0.210529045073653,0.632843545593249,33.7950310559006,scoring/dir_003/AF-Q6A575-F1-model_v4.pdb
0.664338133760405,0.39613028800469,0.653266422279436,0.11546979348323,0.323555341317805,0.222975793015363,0.708118018365371,23.1826625386997,scoring/dir_003/AF-Q6A597-F1-model_v4.pdb
0.752699124303774,0.542880155210884,0.672714293964476,0.131929452322356,0.455186281984238,0.320262171427952,0.657094967464675,9.96694214876033,scoring/dir_003/AF-Q6ACW9-F1-model_v4.pdb
0.872020670914521,0.44803851678131,0.785759701644541,0.12498239433258,0.4472588287321,0.180218281463676,0.530221105498129,18.3215859030837,scoring/dir_003/AF-Q6AHP8-F1-model_v4.pdb
1.25818194094542,0.985324736606068,1.12931812529583,0.24270509877054,0.422392917966996,0.222217296638374,0.248286633642517,17.3734939759036,scoring/dir_003/AF-Q6AW11-F1-model_v4.pdb
0.726387919684508,0.396642680869195,0.633123790218559,0.111674988923011,0.410679515520167,0.231332337965714,0.638737940738435,14.444089456869,scoring/dir_003/AF-Q6BCV4-F1-model_v4.pdb
0.791823985318687,0.361852684936942,0.764693048085311,0.113408819511193,0.385562456054092,0.154825901239108,0.600545292016375,34.8388888888889,scoring/dir_003/AF-Q6BCV5-F1-model_v4.pdb
0.806399162677333,0.456495848230309,0.786588461722309,0.143965094601822,0.291260456620727,0.209678213757926,0.605068089086969,14.4410646387833,scoring/dir_003/AF-Q6BER4-F1-model_v4.pdb
0.503394423688327,0.343675502818674,0.366774979239908,0.0487565201844066,0.583614769715055,0.303836920035495,0.77655575340142,8.71647509578544,scoring/dir_003/AF-Q6BER6-F1-model_v4.pdb
0.566807244517682,0.372942495608968,0.538807219865933,0.108433955369595,0.363732471685328,0.284678505437477,0.763298503867238,12.2116182572614,scoring/dir_003/AF-Q6BES2-F1-model_v4.pdb
0.731251728791473,0.57110374763454,0.597582606660835,0.112665838658231,0.527762921119764,0.372313552573075,0.667888201431258,3.78787878787879,scoring/dir_003/AF-Q6BES8-F1-model_v4.pdb
0.799325592190292,0.441135056469715,0.788192989340685,0.128682594357407,0.310357711556636,0.193850043804532,0.644243707634439,28.1542857142857,scoring/dir_003/AF-Q6BET9-F1-model_v4.pdb
0.653629136066869,0.309915276194376,0.619195978295389,0.0925579400127875,0.332214446135134,0.174705561394757,0.6881936833562,25.8028455284553,scoring/dir_003/AF-Q6QUQ4-F1-model_v4.pdb
0.494906326600961,0.285683588769269,0.460854474797295,0.0801139276476088,0.359253427626927,0.241074178722137,0.793892871516109,18.0331753554502,scoring/dir_003/AF-Q768S3-F1-model_v4.pdb
0.54839947345505,0.319567695990967,0.521783440322314,0.0760245521060878,0.422949891928736,0.217547686703094,0.764183373238717,14.8171091445428,scoring/dir_003/AF-Q7JKB8-F1-model_v4.pdb
0.906467095707548,0.650297670581116,0.796288898779608,0.145442036891921,0.444846250426053,0.271903330143509,0.555725191400824,8.85,scoring/dir_003/AF-Q7JKM7-F1-model_v4.pdb
0.962963387891476,0.682621663395157,0.856528936297281,0.175349848184471,0.373737226453516,0.278457644910294,0.503617857267393,10.0960451977401,scoring/dir_003/AF-Q7JKM8-F1-model_v4.pdb
1.11748657591976,0.902995617397909,0.955885866596509,0.173394459486916,0.468047611636167,0.281133314458161,0.465226921915217,10.2965517241379,scoring/dir_003/AF-Q7JKM9-F1-model_v4.pdb
1.02404592589294,0.745475073691222,0.868957838617888,0.17010177909305,0.407763454622601,0.270720959585504,0.474328380768831,10.4670658682635,scoring/dir_003/AF-Q7JKN0-F1-model_v4.pdb
0.801456723472847,0.432230002121004,0.801230807497724,0.157242827042966,0.247969859475452,0.198115744133295,0.629596205715116,25.0553191489362,scoring/dir_003/AF-Q7JKQ3-F1-model_v4.pdb
0.637645672537963,0.439811603860465,0.565588791904211,0.0847308469847583,0.557080225443276,0.279687805517819,0.747581323236441,11.7278106508876,scoring/dir_003/AF-Q7JMI1-F1-model_v4.pdb
0.652851093947924,0.323290868026046,0.631860422600106,0.0832197039355556,0.266293751374447,0.170061260950241,0.719698159446795,37.644908616188,scoring/dir_003/AF-Q7JMS5-F1-model_v4.pdb
1.04869863589991,0.636236678116332,1.03216073308573,0.18716884436116,0.355686929482243,0.183599988393644,0.482717294950962,31.5644171779141,scoring/dir_003/AF-Q7JNM1-F1-model_v4.pdb
0.928105962164479,0.625354624317228,0.795321854261711,0.127328981104382,0.491512179958342,0.245015451067483,0.525399335266584,9.69060773480663,scoring/dir_003/AF-Q7JP47-F1-model_v4.pdb
0.95536546215297,0.682491413199367,0.906945721905883,0.191344297116985,0.323968499661318,0.278793106718565,0.503175685515993,13.0059171597633,scoring/dir_003/AF-Q7JP48-F1-model_v4.pdb
0.666157406664999,0.438699710961671,0.617673224103732,0.103838416661579,0.380238713850403,0.262444185416813,0.711001099715433,11.60663507109,scoring/dir_003/AF-Q7JP91-F1-model_v4.pdb
0.731143935067078,0.339544108621913,0.624742995759297,0.0859025396293351,0.47339252335129,0.175490071196348,0.622528270181492,15.7276785714286,scoring/dir_003/AF-Q7JPD8-F1-model_v4.pdb
0.662298258076422,0.478761131339648,0.558347459045638,0.0793109618557637,0.565866846287789,0.29492843250591,0.727332918457449,8.75409836065574,scoring/dir_003/AF-Q7JPJ3-F1-model_v4.pdb
0.723163919525401,0.505622607163819,0.694351194487466,0.132242202769409,0.476283301383695,0.275161764102459,0.693702776003947,9.56547619047619,scoring/dir_003/AF-Q7K6V2-F1-model_v4.pdb
1.02208689065243,0.66740280915352,1.00181499638197,0.214144534839634,0.322613396939775,0.213524920617741,0.45805038425134,23.2145214521452,scoring/dir_003/AF-Q7K7C1-F1-model_v4.pdb
0.822982458974642,0.402011365937323,0.824203350374941,0.147264460892452,0.260167746717717,0.17264258197446,0.591452869346323,38.1095571095571,scoring/dir_003/AF-Q7K7K8-F1-model_v4.pdb
0.410371839586446,0.295474148872505,0.346826479317337,0.045593028969261,0.552266113091201,0.314679532781928,0.860440762816169,6.19471947194719,scoring/dir_003/AF-Q7K7S3-F1-model_v4.pdb
1.01505898709555,0.580951211628769,0.9585018541644,0.159793803723916,0.469094776378197,0.17935398145034,0.460144451208654,26.5722070844687,scoring/dir_003/AF-Q7KPV8-F1-model_v4.pdb
0.828265634901001,0.478129260737721,0.762232227521208,0.132802598131587,0.271185313149023,0.22169700064959,0.564694293395839,16.6856060606061,scoring/dir_003/AF-Q7KPW6-F1-model_v4.pdb
1.00774350950543,0.546402468773664,0.973771497876137,0.166199389131513,0.345325780869088,0.176033705260897,0.491228507919417,36.0831168831169,scoring/dir_003/AF-Q7KX00-F1-model_v4.pdb
0.340059925231807,0.226866578131781,0.248556377736679,0.0268354664718009,0.652613615683106,0.306778983585505,0.860613912725509,4.21551724137931,scoring/dir_003/AF-Q7KX06-F1-model_v4.pdb
1.15909653059065,0.91542282891522,1.1348466283847,0.359320793356713,0.393381730824454,0.312704205899099,0.312368164281512,13.1384615384615,scoring/dir_003/AF-Q7M3K4-F1-model_v4.pdb
0.483977750598372,0.359830910546433,0.381580824943293,0.0502088376500699,0.776394723886501,0.348581549162929,0.815229806304784,3.53731343283582,scoring/dir_003/AF-Q7YTH1-F1-model_v4.pdb
0.720841935771695,0.514386021790279,0.651242084285771,0.110590049429129,0.396433736268756,0.296341396223714,0.709597406020634,9.19402985074627,scoring/dir_003/AF-Q7YTH4-F1-model_v4.pdb
0.828491810907366,0.505366847806042,0.759864832119157,0.115947657681202,0.320341204361703,0.222919967633445,0.594518843377677,9.0045871559633,scoring/dir_003/AF-Q7YTH8-F1-model_v4.pdb
0.45352584163825,0.320905800706671,0.36983990689053,0.0524541963408486,0.516535573232497,0.327915642081625,0.819096532641141,4.63316582914573,scoring/dir_003/AF-Q7YTI3-F1-model_v4.pdb
0.732281269448376,0.3766399286505,0.665989824840735,0.0982912144114369,0.338059198097139,0.193680180880227,0.667995348638726,20.9938900203666,scoring/dir_003/AF-Q7YTI6-F1-model_v4.pdb
0.760538075297519,0.370628306281669,0.668513581883843,0.108679277605135,0.410570687714498,0.192688335690203,0.61100910238972,22.3969631236443,scoring/dir_003/AF-Q7YTI7-F1-model_v4.pdb
0.843328836475373,0.4359435787288,0.82261718442427,0.14298263621866,0.333448231713713,0.184548247683597,0.55868949440671,20.1315068493151,scoring/dir_003/AF-Q7YTJ3-F1-model_v4.pdb
0.949095613590974,0.594808850463619,0.941256779894232,0.210362109764762,0.243402349283068,0.25023107116494,0.548071154734736,23.5580110497238,scoring/dir_003/AF-Q7YTJ4-F1-model_v4.pdb
0.435087862590389,0.330273516653335,0.307888287623418,0.0474408220222529,0.799664854308545,0.398797644449872,0.808025723269864,3.48360655737705,scoring/dir_003/AF-Q7YTJ9-F1-model_v4.pdb
0.545482425117197,0.395499251320121,0.366045302463299,0.0693859552143358,0.793864490070761,0.375967230954343,0.751712952483123,3.83783783783784,scoring/dir_003/AF-Q7YTK2-F1-model_v4.pdb
0.479969347918323,0.364473047720639,0.319697655307252,0.0447299928337258,0.872215962698779,0.385634013634426,0.799619167000917,3.46323529411765,scoring/dir_003/AF-Q7YTK3-F1-model_v4.pdb
0.57288475151616,0.400100764039707,0.45685065680176,0.0741612670687928,0.55019033364146,0.338294934169437,0.747194871814465,4.02054794520548,scoring/dir_003/AF-Q7YTK7-F1-model_v4.pdb
0.567366950928141,0.439399235907302,0.365305640675412,0.0585589381321553,0.842844624862507,0.39681287543189,0.735997272313367,3.47252747252747,scoring/dir_003/AF-Q7YTK8-F1-model_v4.pdb
1.01461405725478,0.753818927778794,1.00514070122705,0.243594091677649,0.354266937869513,0.278454344954303,0.491007690482279,17.3506493506494,scoring/dir_003/AF-Q7YTL0-F1-model_v4.pdb
0.93119796751781,0.558827673945925,0.796056391781535,0.123995733828825,0.428705967052591,0.20471005907661,0.531607046042342,16.8754578754579,scoring/dir_003/AF-Q7YTL9-F1-model_v4.pdb
0.348859971634405,0.26520975756041,0.216268605267889,0.0250208050726904,0.867671204811184,0.380196354758625,0.865050000486001,3.50697674418605,scoring/dir_003/AF-Q7YTM4-F1-model_v4.pdb
1.07589897562575,0.65504560649003,1.03430088518508,0.189001550635813,0.395453808793421,0.179466859445722,0.388250006855537,23.6884272997033,scoring/dir_003/AF-Q7YTM5-F1-model_v4.pdb
0.613480514415189,0.462800389073995,0.486826345976035,0.0616342629414998,0.692384984602888,0.339693888468263,0.750441078183341,3.66666666666667,scoring/dir_003/AF-Q7YTM6-F1-model_v4.pdb
0.8355734848398,0.440586832769186,0.764950562564342,0.142433664748773,0.296681438243295,0.204267942653218,0.55959148184818,22.8923444976077,scoring/dir_003/AF-Q7YTM7-F1-model_v4.pdb
0.833438535462218,0.440229715744573,0.786693981679269,0.150656759493489,0.215727934326963,0.207960626757155,0.583338540427528,21.3064133016627,scoring/dir_003/AF-Q7YTM8-F1-model_v4.pdb
0.864700962644857,0.615429955950499,0.766892316427748,0.119318248316349,0.472475141981233,0.261070680224051,0.584145700693289,12.385,scoring/dir_003/AF-Q7YTP3-F1-model_v4.pdb
0.520930326455903,0.257155255810642,0.443967607212486,0.0593568864942736,0.368974665858542,0.202515307089302,0.729930347714139,17.8672199170125,scoring/dir_003/AF-Q7YTP5-F1-model_v4.pdb
0.571655008165756,0.422650525851927,0.378341535474648,0.0782968199276666,0.73649920156257,0.40770103531831,0.680640129624277,3.51376146788991,scoring/dir_003/AF-Q7YTP7-F1-model_v4.pdb
0.370087991999729,0.264114898588911,0.286680643421524,0.0307551833709701,0.761528556436203,0.326301424359611,0.864867356940596,4.15625,scoring/dir_003/AF-Q7YTQ0-F1-model_v4.pdb
0.90153304570598,0.425896736370976,0.916503814368503,0.179609188424082,0.246090111254961,0.171729743371447,0.537424420440892,47.2460456942004,scoring/dir_003/AF-Q7YTQ1-F1-model_v4.pdb
1.04507636464263,0.66570384607371,1.00063269618099,0.166218996384953,0.358941852767336,0.190351748236218,0.508384796112455,18.2007168458781,scoring/dir_003/AF-Q7YTQ7-F1-model_v4.pdb
0.678185039389431,0.330133326817579,0.668948947201653,0.108382419995906,0.296291533553172,0.179131282741046,0.68327870171452,30.2822222222222,scoring/dir_003/AF-Q7YTR4-F1-model_v4.pdb
0.839387351504996,0.630239144051462,0.834059968731685,0.2006712900973,0.242986860707528,0.316042701054887,0.655057085899325,19.1619047619048,scoring/dir_003/AF-Q7YTR5-F1-model_v4.pdb
0.478388000000233,0.352376987489059,0.393569336743762,0.0414172495130494,0.702070237295245,0.314232263231751,0.824039632730351,3.60215053763441,scoring/dir_003/AF-Q7YTS2-F1-model_v4.pdb
1.0803008213012,0.676681725212181,1.02127350327139,0.183571819772593,0.394604129407375,0.181395653508076,0.440218231167627,22.719723183391,scoring/dir_003/AF-Q7YTS8-F1-model_v4.pdb
0.820288684822872,0.462510202878801,0.763831516145406,0.119519973630862,0.327375258016264,0.198430952326691,0.613964224646473,19.140056022409,scoring/dir_003/AF-Q7YTS9-F1-model_v4.pdb
0.641890819469627,0.405042308332536,0.579412672323099,0.0799150156279199,0.416770894237057,0.240879380547319,0.743325908771229,8.23102310231023,scoring/dir_003/AF-Q7YTT4-F1-model_v4.pdb
0.848762922152029,0.550643252130241,0.838859596506899,0.176014758375535,0.353882123701263,0.23476978338583,0.577530210971184,21.3259668508287,scoring/dir_003/AF-Q7YTU8-F1-model_v4.pdb
0.729825818786392,0.354954659940034,0.716702952380515,0.114256711399895,0.253587539308152,0.171918067203183,0.662956976477341,28.6372180451128,scoring/dir_003/AF-Q7YTU9-F1-model_v4.pdb
0.593971419278557,0.431085840274804,0.473091997530208,0.0964865111684157,0.670270775671882,0.37819750131404,0.71947286846713,3.53333333333333,scoring/dir_003/AF-Q7YWM3-F1-model_v4.pdb
0.765702214137776,0.46959030780019,0.737187234456278,0.142108963525135,0.367404172466818,0.235745893452803,0.625844853198471,16.2727272727273,scoring/dir_003/AF-Q7YWN0-F1-model_v4.pdb
1.08536205982547,0.618433685613924,1.08728561485206,0.205080968077393,0.341612887477146,0.175319167018189,0.40209251475347,33.520725388601,scoring/dir_003/AF-Q7YWN1-F1-model_v4.pdb
0.683586772748694,0.42560275087496,0.527164392154381,0.0665440405775501,0.753569999038275,0.222770082647606,0.681757056549559,11.8586956521739,scoring/dir_003/AF-Q7YWN2-F1-model_v4.pdb
0.719237008394037,0.379129158217455,0.683016037686465,0.0978386997981009,0.326351473965432,0.184656102062324,0.664835253153298,24.9038961038961,scoring/dir_003/AF-Q7YWN3-F1-model_v4.pdb
0.535489076901973,0.309119286578381,0.516740818640534,0.0772126120975272,0.3792254854846,0.206792674964954,0.784483093184354,22.8458904109589,scoring/dir_003/AF-Q7YWN4-F1-model_v4.pdb
0.969742998031497,0.510009252586196,0.952078460135639,0.167239399653532,0.282283601607121,0.17634064633171,0.499079118533762,24.9833333333333,scoring/dir_003/AF-Q7YWN9-F1-model_v4.pdb
0.642597147822887,0.49009188658188,0.515256754099632,0.105111710493191,0.646160619698749,0.395523175744977,0.700613698489675,3.5,scoring/dir_003/AF-Q7YWP2-F1-model_v4.pdb
0.475023368492465,0.355159789047421,0.343916348283884,0.0579756041070178,0.383753260876335,0.382444218336291,0.787611243051884,4.46470588235294,scoring/dir_003/AF-Q7YWP7-F1-model_v4.pdb
0.621059131739016,0.30511705128259,0.545278112896469,0.0817050119887232,0.268135709730273,0.211620197842211,0.716331349701257,23.4437086092715,scoring/dir_003/AF-Q7YWP8-F1-model_v4.pdb
0.884712458601546,0.507259970658027,0.870882367935095,0.17027444833999,0.357300604345499,0.204874173740691,0.542393276039177,30.7046153846154,scoring/dir_003/AF-Q7YWP9-F1-model_v4.pdb
0.783157633428324,0.503453203232744,0.582242311863235,0.0743834507024886,0.623864700859629,0.243831899619164,0.602427580512134,9.05529953917051,scoring/dir_003/AF-Q7YWR3-F1-model_v4.pdb
0.623743478543544,0.403891354330922,0.60549884953225,0.118025249122689,0.351006795857528,0.257011451364774,0.741458187665197,12.5957446808511,scoring/dir_003/AF-Q7YWR4-F1-model_v4.pdb
0.511227865434832,0.376622682093744,0.375217310552083,0.073286650928179,0.722148781163993,0.387417124682958,0.762751744724884,4.89690721649485,scoring/dir_003/AF-Q7YWR6-F1-model_v4.pdb
0.990951518534877,0.506726205587609,0.997534738114846,0.194138676656041,0.232892111322233,0.173002371682393,0.489973005559049,44.6894639556377,scoring/dir_003/AF-Q7YWS2-F1-model_v4.pdb
1.02390713525084,0.678246354778193,0.947766997662636,0.177428230046307,0.335420570135167,0.217347829467793,0.494000531626546,19.472027972028,scoring/dir_003/AF-Q7YWS4-F1-model_v4.pdb
0.638966952817372,0.323946445683216,0.617748723078,0.0954690132831474,0.32560631689376,0.191995466265964,0.69743088086395,15.7546296296296,scoring/dir_003/AF-Q7YWS5-F1-model_v4.pdb
0.639058133463757,0.464642807341249,0.541923772600703,0.0819709161083216,0.432170107342317,0.312496157306365,0.756566574985537,5.18633540372671,scoring/dir_003/AF-Q7YWS9-F1-model_v4.pdb
0.99295560926647,0.689933040418639,0.975189742618591,0.235359757416837,0.356729035135531,0.273416817639969,0.517491707775988,16.2857142857143,scoring/dir_003/AF-Q7YWT3-F1-model_v4.pdb
0.695470535470144,0.438619729486888,0.665899552623537,0.109433513596151,0.262312702267055,0.22947931681299,0.707974531686346,18.2169491525424,scoring/dir_003/AF-Q7YWU0-F1-model_v4.pdb
0.5258156288086,0.310889207720454,0.492139856052675,0.0763984876812843,0.362715835274726,0.221583030400849,0.781322150722039,15.1241134751773,scoring/dir_003/AF-Q7YWU7-F1-model_v4.pdb
1.08458885774757,0.626254713243795,1.08069301658137,0.203405390039503,0.269460814842897,0.172114299915294,0.41945738871199,33.2558139534884,scoring/dir_003/AF-Q7YWU8-F1-model_v4.pdb
0.606126128370342,0.321183602003192,0.561080145436178,0.0779714848898958,0.434228877872199,0.19523484351132,0.71278656396173,21.0571428571429,scoring/dir_003/AF-Q7YWU9-F1-model_v4.pdb
0.776925151670355,0.369954150163562,0.729826972600153,0.116670656167346,0.294985697226642,0.175065032238928,0.626989900800648,29.1967545638945,scoring/dir_003/AF-Q7YWV3-F1-model_v4.pdb
0.817998629648998,0.412559894754288,0.790849651316358,0.119009079648876,0.276924185160885,0.172066419147126,0.585894014546835,23.0907216494845,scoring/dir_003/AF-Q7YWV6-F1-model_v4.pdb
0.680401846948145,0.448821148986042,0.642080233217164,0.118814837474913,0.321176345589618,0.269279985669555,0.705386196391444,12.6179245283019,scoring/dir_003/AF-Q7YWW2-F1-model_v4.pdb
0.599373537560064,0.315120757121151,0.554455851157134,0.0801973443698775,0.244605576346828,0.199910309367439,0.728466307640467,15.9074492099323,scoring/dir_003/AF-Q7YWX1-F1-model_v4.pdb
0.552873568117605,0.261832673601858,0.495932554625936,0.0764942087379262,0.293299712590187,0.196089757577227,0.720421082635632,22.7958762886598,scoring/dir_003/AF-Q7YWX2-F1-model_v4.pdb
0.568602818595781,0.365829651993054,0.51218923111012,0.0691180758538926,0.45938901922483,0.238710114005277,0.763904384269836,11.7647058823529,scoring/dir_003/AF-Q7YWX3-F1-model_v4.pdb
1.0830757336439,0.696096350806271,1.06372393460092,0.226787601784731,0.417302299347653,0.21028205899697,0.393782260278969,24.2841726618705,scoring/dir_003/AF-Q7YWY5-F1-model_v4.pdb
0.843836009903811,0.628500554220189,0.776954860021891,0.150256938693285,0.531290540252051,0.306211048711629,0.623031406194335,12.7883211678832,scoring/dir_003/AF-Q7YWY8-F1-model_v4.pdb
1.36992621049026,1.02526999890092,1.15957548298617,0.254744614648553,0.456980543276292,0.221548671684896,0.245328683640511,19.0452488687783,scoring/dir_003/AF-Q7YWZ8-F1-model_v4.pdb
0.778087761392121,0.469322946169482,0.684939635967238,0.104118097986834,0.460238581423948,0.22066798193154,0.601598977437898,13.1515151515152,scoring/dir_003/AF-Q7YX00-F1-model_v4.pdb
0.846167991620271,0.538281143717533,0.841775339181069,0.163939681855995,0.321570530112429,0.231778941175047,0.606473357958153,19.1498127340824,scoring/dir_003/AF-Q7YX03-F1-model_v4.pdb
0.588687465048095,0.300990033825026,0.549678423688914,0.0791557653670332,0.268052175390984,0.19559915133472,0.718616572338155,18,scoring/dir_003/AF-Q7YX04-F1-model_v4.pdb
0.75020575259801,0.461751473721955,0.735243269789513,0.137053351571773,0.34076709053531,0.22633822720721,0.641394090837533,22.3216560509554,scoring/dir_003/AF-Q7YX11-F1-model_v4.pdb
0.957176483912001,0.514526768541092,0.967755456591249,0.192604240129657,0.240166021694639,0.182999604611615,0.513306249529115,32.3200883002208,scoring/dir_003/AF-Q7YX17-F1-model_v4.pdb
1.00120387105224,0.57467259823103,1.00543986886589,0.20444403046879,0.289051812470905,0.191788758155224,0.474845393715406,37.7057142857143,scoring/dir_003/AF-Q7YX19-F1-model_v4.pdb
0.869030028018825,0.485354792441941,0.667040963700311,0.106194899783539,0.530350217180496,0.215363632778155,0.535496569409866,17.21484375,scoring/dir_003/AF-Q7YX22-F1-model_v4.pdb
0.931035272136453,0.565342391515504,0.928069212605966,0.161327680054963,0.284726995139592,0.194123584511424,0.560339220951894,31.974025974026,scoring/dir_003/AF-Q7YX34-F1-model_v4.pdb
0.932371231526976,0.573658583991156,0.893034516643593,0.190570063084258,0.387376552554827,0.241914277937262,0.487912800627629,12.9178743961353,scoring/dir_003/AF-Q7YX35-F1-model_v4.pdb
0.719716895465257,0.341433185204614,0.682576115446782,0.102757094029943,0.252465302943849,0.18460968254566,0.649558086337228,21.5286624203822,scoring/dir_003/AF-Q7YX41-F1-model_v4.pdb
0.819917536006333,0.413437345503304,0.796440612240078,0.128059680392485,0.225618360108667,0.170201739567943,0.618371333481951,48.1016597510374,scoring/dir_003/AF-Q7YX44-F1-model_v4.pdb
0.827974895584862,0.471261238293574,0.800640117677987,0.141693593312138,0.398578985617164,0.197075939598066,0.576467688922681,25.9036144578313,scoring/dir_003/AF-Q7YX48-F1-model_v4.pdb
0.907690797830959,0.52655819377723,0.898967693590913,0.200157915502352,0.298508838109887,0.219525671970861,0.546589286030273,15.7122093023256,scoring/dir_003/AF-Q7YX49-F1-model_v4.pdb
0.856872312630971,0.598443379205145,0.650018785500267,0.0965005698914395,0.621066991068854,0.267272656544263,0.579503966788752,7.92125984251969,scoring/dir_003/AF-Q7YX50-F1-model_v4.pdb
0.931887121890238,0.567778108885648,0.887659828472697,0.159490497403822,0.385491636639839,0.201681435404941,0.501296832215271,27.996835443038,scoring/dir_003/AF-Q7YX52-F1-model_v4.pdb
0.83166517885392,0.424111357560022,0.802960750249008,0.130083068686784,0.290391545040658,0.183806944678014,0.574812070602764,18.4183445190157,scoring/dir_003/AF-Q7YX57-F1-model_v4.pdb
0.782297314578921,0.454360629057484,0.752370545600889,0.130762821576892,0.357702899215245,0.205438631619003,0.605087452665,20.0965517241379,scoring/dir_003/AF-Q7YX64-F1-model_v4.pdb
0.637357468918913,0.441814797289567,0.445038143974904,0.073144107731237,0.57694044502591,0.321917400645736,0.707483520517656,4.90419161676647,scoring/dir_003/AF-Q7YX90-F1-model_v4.pdb
0.819669634774225,0.525859272538923,0.794550221910082,0.159028298873772,0.347168219459853,0.240316379458037,0.621445263221911,20.0682593856655,scoring/dir_003/AF-Q7YX91-F1-model_v4.pdb
0.62859426687991,0.37809774221874,0.603404946167138,0.105055774343571,0.303794324961334,0.237819882480303,0.714834078210769,13.1801801801802,scoring/dir_003/AF-Q7YX93-F1-model_v4.pdb
0.712605200828193,0.546609177479822,0.527489149751894,0.104172722192342,0.759495027910337,0.375472968198818,0.619366592219031,3.73563218390805,scoring/dir_003/AF-Q7YX96-F1-model_v4.pdb
0.600544046868739,0.467833986097677,0.451195353581601,0.0761075567153362,0.591279471732357,0.396213024271337,0.747681059735133,3.55555555555556,scoring/dir_003/AF-Q7YXC5-F1-model_v4.pdb
0.640330809613956,0.380485367442321,0.609688851547785,0.137992412490037,0.258754737812448,0.277889181904839,0.726829801702739,24.089552238806,scoring/dir_003/AF-Q7YXD6-F1-model_v4.pdb
0.708815640955664,0.512118794676321,0.659429420824155,0.119629852763118,0.410553080031187,0.294431279385976,0.709098651397475,11.1176470588235,scoring/dir_003/AF-Q7YXD7-F1-model_v4.pdb
0.845501537753427,0.477064890153073,0.826099108712389,0.154023713747391,0.343885548306208,0.200391311394294,0.581820764782065,35.265625,scoring/dir_003/AF-Q7YZH4-F1-model_v4.pdb
0.91355119166162,0.667537230195682,0.88835843881818,0.23496091981419,0.374110761305643,0.315416199071641,0.531719198517466,11.4444444444444,scoring/dir_003/AF-Q7YZW2-F1-model_v4.pdb
0.731620786282515,0.349377660553988,0.711702180138562,0.127347331343374,0.286898903728582,0.187841107933308,0.641949108984222,27.0663615560641,scoring/dir_003/AF-Q7YZW5-F1-model_v4.pdb
0.563705614835417,0.337569079931421,0.47465870107577,0.0533852478656788,0.581711546897338,0.239726729490029,0.745223599790785,4.16666666666667,scoring/dir_003/AF-Q7Z1Q8-F1-model_v4.pdb
0.671207721098988,0.479144065225169,0.663763919264897,0.164258356438128,0.334767993983657,0.329309836579819,0.718232863127031,19.3618090452261,scoring/dir_003/AF-Q7Z292-F1-model_v4.pdb
0.930309657769382,0.487687949690675,0.830212990831805,0.124765049697389,0.613578256303848,0.168202566118955,0.542019991790344,24.6503067484663,scoring/dir_003/AF-Q7Z2A0-F1-model_v4.pdb
0.8169848128006,0.435038065311671,0.771814074409539,0.111336485950426,0.345747596115544,0.176636981911838,0.620734714381414,22.9344729344729,scoring/dir_003/AF-Q7Z2A9-F1-model_v4.pdb
0.710783783021989,0.357325927734572,0.667232086967499,0.0969780729858555,0.371035686746171,0.181413483022367,0.665749616447911,18.9722222222222,scoring/dir_003/AF-Q7Z2B3-F1-model_v4.pdb
0.899745084790972,0.464217983537605,0.885514084773012,0.146261524752445,0.228314449222576,0.179120060740037,0.54258902596944,21.6732186732187,scoring/dir_003/AF-Q85HS3-F1-model_v4.pdb
0.902190923498163,0.414933751813039,0.874329934254202,0.140562976712879,0.412128140224834,0.156909745346382,0.534342002499769,36.7232289950577,scoring/dir_003/AF-Q86D99-F1-model_v4.pdb
0.68484359151991,0.36216530835946,0.612483097918542,0.101004531608636,0.283649019863805,0.206177830300044,0.655732225589671,20.3272311212815,scoring/dir_003/AF-Q86DA7-F1-model_v4.pdb
1.07543570482986,0.639561213810694,0.946846360419144,0.156302641529251,0.437298494501484,0.179772757149186,0.446389051065152,15.9333333333333,scoring/dir_003/AF-Q86DC9-F1-model_v4.pdb
0.6019637368622,0.343239754679898,0.568025420591711,0.0799193458749335,0.219671139129947,0.203664637998355,0.766565302391413,37.4285714285714,scoring/dir_003/AF-Q86DD3-F1-model_v4.pdb
0.814007490062094,0.489763586482658,0.72939825220796,0.11204688421792,0.399142358271724,0.221175495360995,0.604918950393903,12.1293103448276,scoring/dir_003/AF-Q86GU7-F1-model_v4.pdb
0.727588456134782,0.587385459350678,0.581048891185729,0.121473309002009,0.598230363789658,0.403383137013007,0.676293362369027,3.49333333333333,scoring/dir_003/AF-Q86LS3-F1-model_v4.pdb
1.12061667542235,0.66463898808267,1.06449180345928,0.19633191831085,0.351357310739805,0.181601661137266,0.379992741208631,24.0906666666667,scoring/dir_003/AF-Q86LS4-F1-model_v4.pdb
0.660362038915058,0.489471291814485,0.437030659831054,0.0910986796377525,0.673835286846295,0.38192325705702,0.628838606932099,3.66666666666667,scoring/dir_003/AF-Q86MD2-F1-model_v4.pdb
0.883810305965096,0.500484193311401,0.874291141203054,0.161920678218674,0.295897358429982,0.19536156616145,0.564011250840232,36.2230971128609,scoring/dir_003/AF-Q86NH9-F1-model_v4.pdb
0.67585449067708,0.358286014739709,0.620369394548488,0.0981631190694524,0.320834363863145,0.21159022944418,0.670756736459598,18.5525114155251,scoring/dir_003/AF-Q86NJ0-F1-model_v4.pdb
0.547419495977198,0.348486740785919,0.512099393225561,0.082361140460983,0.387725196730591,0.250839760059806,0.774704533008676,14.4708171206226,scoring/dir_003/AF-Q86PJ6-F1-model_v4.pdb
0.824601421482375,0.490655641960047,0.699788443835779,0.110292790162971,0.444144198959897,0.220427251815333,0.582998597270808,11.7368421052632,scoring/dir_003/AF-Q86PL2-F1-model_v4.pdb
0.489290089790871,0.307536552474474,0.450001910708247,0.0654808807755152,0.448322769639904,0.239527945968633,0.807056869867708,12.0919540229885,scoring/dir_003/AF-Q86S66-F1-model_v4.pdb
0.629765035258014,0.32638846129472,0.614680465934531,0.0925288971232414,0.363287086667021,0.183264736536137,0.726739693184534,32.3503836317136,scoring/dir_003/AF-Q8I0Z2-F1-model_v4.pdb
0.40996534589302,0.308001378773713,0.326989766780757,0.0349606359905188,0.709297187453268,0.338610959016651,0.858989339595315,3.64,scoring/dir_003/AF-Q8I0Z4-F1-model_v4.pdb
0.710613306273597,0.401756651753831,0.639260690040606,0.0821574736089908,0.492649627970495,0.196723417972801,0.66709584646483,11.5038461538462,scoring/dir_003/AF-Q8I102-F1-model_v4.pdb
0.770303412311102,0.483014471036771,0.752785665795079,0.144604368919979,0.305706150795062,0.236750294964737,0.637476475509422,20.9354838709677,scoring/dir_003/AF-Q8I4A6-F1-model_v4.pdb
0.907238364612432,0.719914006439883,0.727755947237077,0.166537319265059,0.511177275401924,0.355045583447844,0.53760923015847,10.3831775700935,scoring/dir_003/AF-Q8I4B6-F1-model_v4.pdb
0.338774755938095,0.274205011507418,0.281097159169892,0.0288563481630845,0.762022257343977,0.380100682190003,0.909047251532755,3.48347107438017,scoring/dir_003/AF-Q8I4E7-F1-model_v4.pdb
0.648393269143834,0.463932523348381,0.635409084915681,0.129171496105795,0.325115866771222,0.294132869527987,0.755753860898033,20.4238095238095,scoring/dir_003/AF-Q8I4J7-F1-model_v4.pdb
0.563702263840857,0.284871121218332,0.509437082678092,0.0687255926662736,0.338660451452228,0.200001897320215,0.721176198072368,17.4381551362683,scoring/dir_003/AF-Q8I4K8-F1-model_v4.pdb
0.584775836532607,0.299215586329889,0.501713621062932,0.0806158423162589,0.331396523455739,0.224804017845448,0.709095346356239,18.8279816513761,scoring/dir_003/AF-Q8I4L5-F1-model_v4.pdb
0.817599240707375,0.437664704098537,0.776227757604846,0.130492010313759,0.241104974013051,0.189795682158901,0.594220648000806,19.5054347826087,scoring/dir_003/AF-Q8I7G0-F1-model_v4.pdb
0.521284069363919,0.303586574928453,0.478902505180915,0.0712208208562733,0.401818708461621,0.224441713698781,0.779986721176555,12.7299270072993,scoring/dir_003/AF-Q8I7G2-F1-model_v4.pdb
0.640175527860266,0.333327265133782,0.590013024869135,0.0862828062432266,0.45204658234198,0.19614323337821,0.695893997210398,16.4444444444444,scoring/dir_003/AF-Q8I7H2-F1-model_v4.pdb
0.452908063007696,0.252998611184625,0.400209105662442,0.0636342430188651,0.355612968767692,0.250864111239014,0.78483470985981,9.1614730878187,scoring/dir_003/AF-Q8I7H8-F1-model_v4.pdb
0.997207515791001,0.557014090238052,1.00301795835735,0.204220741163454,0.285717674624675,0.191237840341725,0.475546917556695,38.940379403794,scoring/dir_003/AF-Q8I7H9-F1-model_v4.pdb
0.768262543775934,0.434081379956974,0.673515005933402,0.098468511015422,0.364656728942864,0.205903743316812,0.623225681173929,18.6449511400651,scoring/dir_003/AF-Q8I7M3-F1-model_v4.pdb
0.786372447925232,0.377766557788621,0.738587912649466,0.128571977136837,0.316851966232182,0.190878290679329,0.586382811445943,17.6407322654462,scoring/dir_003/AF-Q8IA63-F1-model_v4.pdb
0.566113029425264,0.415112568347487,0.500671859646501,0.0623855133370449,0.429450900867262,0.282516669861428,0.800802213975187,10.7563025210084,scoring/dir_003/AF-Q8IA74-F1-model_v4.pdb
0.643372826049994,0.328643037795204,0.637819488433428,0.10399135175688,0.276820760253795,0.18771449681002,0.708445757353063,32.9796954314721,scoring/dir_003/AF-Q8IA79-F1-model_v4.pdb
0.817150782559019,0.495606918969515,0.811837359784706,0.15628025644122,0.305770489196576,0.216604979676909,0.60639726089028,24.7077464788732,scoring/dir_003/AF-Q8IA82-F1-model_v4.pdb
0.874556807067246,0.430850754890065,0.84990623176918,0.140620679630889,0.330117867394808,0.160905612784427,0.575114457703587,35.29792147806,scoring/dir_003/AF-Q8IAA2-F1-model_v4.pdb
0.96204546204257,0.518908571363185,0.92734348327904,0.150945643244856,0.450211145034829,0.171084055880715,0.489646249872073,26.0890052356021,scoring/dir_003/AF-Q8IAA5-F1-model_v4.pdb
0.847025507515341,0.431843792166228,0.811773266531973,0.125344766700674,0.387064092013281,0.174552781310403,0.574589606887609,22.4046920821114,scoring/dir_003/AF-Q8IFX7-F1-model_v4.pdb
0.895573071296081,0.450239930171444,0.847932836027218,0.135074237614276,0.273739595919397,0.174305271436999,0.558730941548642,24.3940774487472,scoring/dir_003/AF-Q8IFZ9-F1-model_v4.pdb
0.89903038434767,0.506766289328651,0.89984631401505,0.172076095879128,0.26794718461265,0.188988459920156,0.54561264191845,37.7542087542088,scoring/dir_003/AF-Q8IG28-F1-model_v4.pdb
0.582496367274738,0.311006377627886,0.531167841930729,0.0788142921210738,0.48063580211049,0.208401128036262,0.727207305606555,20.1131639722864,scoring/dir_003/AF-Q8IG33-F1-model_v4.pdb
0.441486628051854,0.250460737493339,0.213497267752999,0.0363232245049015,0.577790147777008,0.334446471575764,0.774377699814209,3.89473684210526,scoring/dir_003/AF-Q8IG69-F1-model_v4.pdb
0.667974359858452,0.371105095767774,0.601247846209653,0.0948373667809915,0.536091140836929,0.214410997752719,0.664898410696257,21.9319727891156,scoring/dir_003/AF-Q8ITY4-F1-model_v4.pdb
1.04957098188004,0.605525618114905,1.06431615632575,0.209340909006771,0.303776126545994,0.184064115237814,0.44845155572971,35.8148148148148,scoring/dir_003/AF-Q8MNR9-F1-model_v4.pdb
0.891493358403849,0.695297116420043,0.818795321468228,0.155302969616706,0.502148546814482,0.311996200346606,0.595745161407534,8.33980582524272,scoring/dir_003/AF-Q8MNS7-F1-model_v4.pdb
0.466427554975661,0.291286167240807,0.324081629430726,0.0408113984490844,0.487300590514243,0.280568154795706,0.800160020078479,8.13134328358209,scoring/dir_003/AF-Q8MNT1-F1-model_v4.pdb
1.11074957581381,0.747887822393395,1.01954592092868,0.19656099034475,0.390722065545183,0.216454104720237,0.418265585232302,15.5898617511521,scoring/dir_003/AF-Q8MNU7-F1-model_v4.pdb
0.766666880160065,0.467746167908861,0.613793364414546,0.0937326052509162,0.486309549428814,0.236070104106207,0.618578886538567,11.6594827586207,scoring/dir_003/AF-Q8MNU8-F1-model_v4.pdb
0.818846843795665,0.461674197083883,0.764266527732526,0.140772565298405,0.349328881161306,0.203284252867594,0.591118763583634,12.9475308641975,scoring/dir_003/AF-Q8MNV2-F1-model_v4.pdb
0.801629807741225,0.563710949017658,0.608965687923605,0.137338784332203,0.5820820135672,0.360336308738078,0.597408033854263,3.85714285714286,scoring/dir_003/AF-Q8MNV8-F1-model_v4.pdb
0.56130955300246,0.442682926009139,0.341568538127836,0.0438077975855977,0.819171138804343,0.393927423353991,0.753918279452104,3.48993288590604,scoring/dir_003/AF-Q8MNX2-F1-model_v4.pdb
0.599765117665843,0.310720498756959,0.551351358404083,0.0804580753262092,0.376949538158421,0.202055267375546,0.73457055808078,16.515923566879,scoring/dir_003/AF-Q8MP14-F1-model_v4.pdb
0.70299137265075,0.406719599341141,0.552791109888156,0.0851988760611172,0.475691923177194,0.23816628611986,0.642554562689205,10.849765258216,scoring/dir_003/AF-Q8MPP5-F1-model_v4.pdb
1.06433358196077,0.664624784283728,0.738182827162795,0.13328613526591,0.520385331438696,0.282844510365722,0.486179553302244,5.7007874015748,scoring/dir_003/AF-Q8MPS6-F1-model_v4.pdb
1.04559773702848,0.744921581330213,1.03340698935366,0.236389205073908,0.373164627648967,0.247417298084428,0.440586526660763,21.8467153284671,scoring/dir_003/AF-Q8MPT0-F1-model_v4.pdb
0.875760846814187,0.507118185760623,0.865825275661057,0.145429735715796,0.303391142517471,0.188865111416295,0.573673795243188,31.9706840390879,scoring/dir_003/AF-Q8MPT1-F1-model_v4.pdb
1.01139050694699,0.575786818955596,0.953728473898704,0.159465638867756,0.403336288855409,0.183632858423475,0.482185457590362,22.1882716049383,scoring/dir_003/AF-Q8MPT4-F1-model_v4.pdb
0.979565092564765,0.649511097719607,0.848262038530889,0.131266942854387,0.453871499780494,0.220935806734279,0.504931601971577,15.0557620817844,scoring/dir_003/AF-Q8MPX7-F1-model_v4.pdb
0.752496449609135,0.377925137141912,0.72492100888147,0.110764235175881,0.254453210846589,0.183015039444867,0.636806592604996,24.2851153039832,scoring/dir_003/AF-Q8MPY3-F1-model_v4.pdb
0.62826058016599,0.499840636159609,0.498692545613894,0.0879419786632576,0.6279004292113,0.399438761745473,0.725954077390798,3.50354609929078,scoring/dir_003/AF-Q8MPZ4-F1-model_v4.pdb
0.727718373047556,0.492527664594339,0.70842124505195,0.144536447686576,0.338769076679599,0.274358685322077,0.673833748266321,15.0931677018634,scoring/dir_003/AF-Q8MPZ7-F1-model_v4.pdb
0.796603203201904,0.585266648061357,0.675839059951496,0.205758304310158,0.528576720791132,0.389725296882212,0.566996037869272,7.95,scoring/dir_003/AF-Q8MQ10-F1-model_v4.pdb
0.799508711995812,0.405372187904462,0.748693628462433,0.123724839962742,0.400027778629719,0.185414219834002,0.579459110730383,16.9113300492611,scoring/dir_003/AF-Q8MQ13-F1-model_v4.pdb
0.953136037083646,0.574590078587493,0.926881650455696,0.169658432255933,0.267248881798347,0.204703298972003,0.510703039000815,14.8181818181818,scoring/dir_003/AF-Q8MQ50-F1-model_v4.pdb
1.11426711494761,0.683577203761354,1.12437839805895,0.237247848810159,0.330344906721988,0.193161806891382,0.388474079016019,29.8488372093023,scoring/dir_003/AF-Q8MQ75-F1-model_v4.pdb
0.640803670438835,0.4235726931424,0.62298059147418,0.117014816630314,0.289112488539429,0.264984563606935,0.739828518601313,18.016393442623,scoring/dir_003/AF-Q8MQ77-F1-model_v4.pdb
0.738800338012627,0.519878843529241,0.733425052106029,0.155078800081754,0.264311137391616,0.284643597471467,0.707377648394469,20.4038461538462,scoring/dir_003/AF-Q8MQ78-F1-model_v4.pdb
0.859775649948257,0.410266216962455,0.849571447564107,0.136420583211364,0.354996439419934,0.155844852524042,0.570162063138787,27.2885572139303,scoring/dir_003/AF-Q8MQ80-F1-model_v4.pdb
0.758478892558886,0.387198732187797,0.586826046365139,0.0889055537240742,0.547218584049311,0.197816312198241,0.593238081480728,20.2238372093023,scoring/dir_003/AF-Q8MQ89-F1-model_v4.pdb
0.987620766807773,0.692699508218553,0.930690140116148,0.192998360969653,0.570388010253053,0.240812092180372,0.485665404515367,11.0648148148148,scoring/dir_003/AF-Q8MQA7-F1-model_v4.pdb
0.549023834568877,0.381759797152052,0.380184398861403,0.0784036294044588,0.758487237604513,0.376445327950285,0.720513522324806,3.52525252525252,scoring/dir_003/AF-Q8MQD3-F1-model_v4.pdb
0.625306511576567,0.475671270924162,0.433605549812306,0.0847765800215879,0.7524583105464,0.409088138305561,0.70880832560105,3.55555555555556,scoring/dir_003/AF-Q8MXH3-F1-model_v4.pdb
0.875579160175138,0.415988372316849,0.86769702541713,0.15071306438059,0.314990114574698,0.166323451819223,0.562143029665558,32.5265866209262,scoring/dir_003/AF-Q8MXH7-F1-model_v4.pdb
0.889095105382424,0.66716773929186,0.737183115320786,0.166094667818205,0.549801353592595,0.339959878641003,0.539961240022598,4.17204301075269,scoring/dir_003/AF-Q8MXI1-F1-model_v4.pdb
0.653787370472786,0.361777240275776,0.638994931321598,0.0991913527011723,0.316480039219568,0.199078964820807,0.716691939170557,20.6573816155989,scoring/dir_003/AF-Q8MXJ0-F1-model_v4.pdb
0.830335091201276,0.444964180033933,0.793738743810924,0.133552527636077,0.322633794481767,0.192430809691907,0.574081423378878,21.9658536585366,scoring/dir_003/AF-Q8MXK2-F1-model_v4.pdb
0.990841295989995,0.549723984709415,0.926968028791665,0.17086312019551,0.437366257524411,0.192501051266286,0.470737508592376,18.2408163265306,scoring/dir_003/AF-Q8MXU4-F1-model_v4.pdb
0.904957842688027,0.748909845463619,0.859418720522086,0.283601059532446,0.290068786321041,0.408939045810393,0.569248305138658,7.09302325581395,scoring/dir_003/AF-Q8MXU9-F1-model_v4.pdb
0.792361031709813,0.453375085916692,0.738896094795096,0.113472840688403,0.34688484434842,0.19353122824136,0.610992168683852,10.9080459770115,scoring/dir_003/AF-Q8MYD5-F1-model_v4.pdb
0.685792996476198,0.338814848735335,0.659933109535143,0.0974747354300833,0.321154859343255,0.178696314609338,0.678377718008981,31.4402654867257,scoring/dir_003/AF-Q8MYM5-F1-model_v4.pdb
0.750914141811878,0.451980298025771,0.655848366948743,0.0989618722822113,0.297629395035811,0.221880804404931,0.650748906072783,14.1423611111111,scoring/dir_003/AF-Q8MYM9-F1-model_v4.pdb
0.608430764047582,0.46472556960418,0.41283940245337,0.0660323928693757,0.734591433685155,0.376652542336862,0.708400958957423,3.60169491525424,scoring/dir_003/AF-Q8MYQ5-F1-model_v4.pdb
0.732206506272282,0.38483944935655,0.717466425769458,0.110503547039137,0.258555789152853,0.174706609079474,0.667632504373156,33.6998011928429,scoring/dir_003/AF-Q8T3B0-F1-model_v4.pdb
0.673061778957016,0.468087522640874,0.523683075341334,0.100945566703173,0.372545394042446,0.32829614456088,0.671783532924556,7.80981595092025,scoring/dir_003/AF-Q8T3C3-F1-model_v4.pdb
0.777587217500508,0.393742900920331,0.732755306807333,0.133454182288547,0.280180112851748,0.202412784493761,0.615880843758217,19.4790697674419,scoring/dir_003/AF-Q8T3C8-F1-model_v4.pdb
0.719885581850025,0.401617112932956,0.721865266273921,0.130129524779051,0.230664543484213,0.191919534552971,0.679153600042425,29.5727002967359,scoring/dir_003/AF-Q8T3C9-F1-model_v4.pdb
0.466479438018723,0.291754755162765,0.403928659849542,0.052290539906956,0.417155803491854,0.251002284145054,0.818153964290469,6.68064516129032,scoring/dir_003/AF-Q8T3D3-F1-model_v4.pdb
0.889313588608452,0.536496195265829,0.829751912734534,0.147579608962842,0.348783927373407,0.210567926394444,0.549411699276287,15.3468468468468,scoring/dir_003/AF-Q8T870-F1-model_v4.pdb
0.910309919680534,0.453877532966743,0.856399016473387,0.133080258982393,0.368840782178124,0.165245913877966,0.518237174449185,23.1238317757009,scoring/dir_003/AF-Q8T874-F1-model_v4.pdb
0.838198970667943,0.426316896584996,0.778344448312061,0.124129163772126,0.365804461625309,0.179100352155834,0.584112772134322,27.7965367965368,scoring/dir_003/AF-Q8T876-F1-model_v4.pdb
0.898139851452478,0.444439700487068,0.895122487398785,0.150502663686724,0.291642039144593,0.166779227104116,0.558291907935265,45.0625,scoring/dir_003/AF-Q8TA47-F1-model_v4.pdb
0.414166140114806,0.299501955367593,0.260360090480308,0.0339044467533691,0.661991649831708,0.362809433514411,0.820465082339894,3.99601593625498,scoring/dir_003/AF-Q8TA52-F1-model_v4.pdb
0.964143876265874,0.633451769855932,0.920098094053254,0.187954584884841,0.324417985139941,0.22682344974741,0.523582082437801,39.2248062015504,scoring/dir_003/AF-Q8WQA8-F1-model_v4.pdb
0.477817580921442,0.288330263233616,0.42477383963076,0.0729803375827496,0.293203851602541,0.25520695275773,0.796440182575406,11.9210526315789,scoring/dir_003/AF-Q8WQC3-F1-model_v4.pdb
0.584751532890174,0.34190507006134,0.552536131675747,0.0885544333182941,0.250312992900394,0.227950758684707,0.759621788056198,19.7764705882353,scoring/dir_003/AF-Q8WQD7-F1-model_v4.pdb
0.749123075931599,0.439857099836702,0.642750958590372,0.104740517274017,0.354742790818403,0.241301374046228,0.627500607363285,13.051724137931,scoring/dir_003/AF-Q8WQE3-F1-model_v4.pdb
0.925728092104214,0.611967414382666,0.809754942790155,0.136335462313104,0.357241859392205,0.242860958747226,0.471643768147187,7.82758620689655,scoring/dir_003/AF-Q8WQE6-F1-model_v4.pdb
0.825048499959271,0.408928363500388,0.788637107196866,0.118316532553223,0.452885528451034,0.173831342910779,0.559276773903724,23.0511363636364,scoring/dir_003/AF-Q8WQG5-F1-model_v4.pdb
0.903621100610532,0.473606980737829,0.85229729546746,0.142628572827321,0.334894232195665,0.178926358005345,0.540087947681176,20.6505102040816,scoring/dir_003/AF-Q8WSN2-F1-model_v4.pdb
1.25579846475729,0.947822888985346,1.18003318419367,0.249664010075598,0.368189627376658,0.213746003968429,0.253178911855432,17.1266375545852,scoring/dir_003/AF-Q8WSN3-F1-model_v4.pdb
0.901009666334167,0.440110307738579,0.888998034182327,0.162592426572838,0.299018295871342,0.174713603539961,0.539439387024218,37.3417431192661,scoring/dir_003/AF-Q8WTL2-F1-model_v4.pdb
0.500969194641186,0.306860633358336,0.450542890534493,0.0544470377250045,0.3748202382208,0.226805818651869,0.801375451723997,9.94864048338369,scoring/dir_003/AF-Q93171-F1-model_v4.pdb
1.01586925014015,0.606296544115711,1.01202899743969,0.216500244641762,0.280676468064298,0.204011775633474,0.452476972896232,34.8597014925373,scoring/dir_003/AF-Q93173-F1-model_v4.pdb
0.594073468801639,0.412558397136058,0.545878672279006,0.0914432463327174,0.411685325203721,0.279307112153927,0.780644323570624,20.8322580645161,scoring/dir_003/AF-Q93196-F1-model_v4.pdb
0.724371802136409,0.33180039534038,0.655336327738708,0.109555718877128,0.298031295757328,0.178149017077531,0.616295842467453,37.9603024574669,scoring/dir_003/AF-Q93198-F1-model_v4.pdb
0.763765034204747,0.428571082165613,0.720161169896068,0.113985084766657,0.372580471280147,0.198161224963115,0.627432455094953,19.5897435897436,scoring/dir_003/AF-Q93315-F1-model_v4.pdb
1.10879395505008,0.908875969007912,0.511202275183389,0.0908308812849519,0.838808614570993,0.412429414658191,0.509894561034981,3.52941176470588,scoring/dir_003/AF-Q93333-F1-model_v4.pdb
1.02062884485577,0.713363260894582,0.864853294588214,0.136780605411843,0.43930458027887,0.229038095753293,0.491447932939897,14.545871559633,scoring/dir_003/AF-Q93334-F1-model_v4.pdb
0.826670652011189,0.381869528326801,0.82091840646661,0.129385896313105,0.290532802412153,0.156028459917081,0.584082798606969,46.0747126436782,scoring/dir_003/AF-Q93341-F1-model_v4.pdb
0.626000339299713,0.385943602483934,0.51853662131411,0.0721993896475833,0.547828887791988,0.234581072569245,0.72001881596056,11.3909090909091,scoring/dir_003/AF-Q93408-F1-model_v4.pdb
1.09316823613989,0.854395930601986,1.04396633251126,0.330242273698665,0.203133989043431,0.334508663825944,0.399113664482574,16.2908163265306,scoring/dir_003/AF-Q93511-F1-model_v4.pdb
0.726318416012554,0.582838920222283,0.404334658951219,0.0664310067747498,0.814078678237271,0.406913939456853,0.617553515061679,3.49450549450549,scoring/dir_003/AF-Q93514-F1-model_v4.pdb
0.724852909964301,0.369180523805312,0.700324910895158,0.127130156199835,0.232507120068495,0.207213916086953,0.645504552294334,23.4413043478261,scoring/dir_003/AF-Q93533-F1-model_v4.pdb
0.624825001913116,0.504410291752018,0.511070028948208,0.0865259036991658,0.545133954696202,0.390264348407822,0.749443501573234,3.50980392156863,scoring/dir_003/AF-Q93553-F1-model_v4.pdb
0.890392598404401,0.386933030043337,0.87291397360899,0.136970779200631,0.353819452135704,0.153656258232912,0.544392782484754,39.108239095315,scoring/dir_003/AF-Q93568-F1-model_v4.pdb
0.79627779980314,0.400736836093562,0.763722554007129,0.119264437317222,0.355130942861255,0.168295125542145,0.614386600908,47.8213552361396,scoring/dir_003/AF-Q93573-F1-model_v4.pdb
0.949859604512021,0.506840542935217,0.92059846926018,0.154136882889433,0.350707954503953,0.172907799116537,0.519949593811403,35.1856148491879,scoring/dir_003/AF-Q93576-F1-model_v4.pdb
0.858139882554613,0.410828339963522,0.841701620551296,0.148724132456124,0.355171709262399,0.176210936292333,0.556411611343767,28.8424821002387,scoring/dir_003/AF-Q93594-F1-model_v4.pdb
0.730247260293857,0.341030817345467,0.70225852978688,0.114266325803889,0.372012650338748,0.172676747612544,0.642467903381623,29.530474040632,scoring/dir_003/AF-Q93638-F1-model_v4.pdb
0.847912658016261,0.406711683992876,0.755368670471213,0.111074160193205,0.439541858401468,0.174925195025613,0.55058995835039,17.765,scoring/dir_003/AF-Q93699-F1-model_v4.pdb
0.789515830912417,0.365819380775499,0.741210847730962,0.105554067899798,0.34086421599493,0.158872325927364,0.606587987492396,28.7111913357401,scoring/dir_003/AF-Q93700-F1-model_v4.pdb
1.15722740072651,0.807809575801764,0.952745122536855,0.182258648289877,0.682782041695942,0.213114830116849,0.273793099819339,22.5353535353535,scoring/dir_003/AF-Q93725-F1-model_v4.pdb
0.805582274515583,0.448683313589614,0.807439319055637,0.153082891555836,0.24986223468082,0.199398263149188,0.623230413157299,38.4771428571429,scoring/dir_003/AF-Q93805-F1-model_v4.pdb
1.01163853296373,0.60749895845964,1.02020603177663,0.212176699516288,0.278593896619238,0.199510817276013,0.46086782922861,35.4970238095238,scoring/dir_003/AF-Q93806-F1-model_v4.pdb
0.956924719775322,0.483723620662219,0.958826309992337,0.184569727782676,0.274558410554565,0.187734565758961,0.508835409077918,39.2366197183099,scoring/dir_003/AF-Q93832-F1-model_v4.pdb
0.623572879407343,0.469336458042007,0.455730045858693,0.0856365543390422,0.660307908218406,0.392162013282598,0.702499908736744,3.72164948453608,scoring/dir_003/AF-Q93838-F1-model_v4.pdb
0.608564569197747,0.274779187400361,0.544672363362964,0.0767066572759,0.308899219980411,0.185344206712963,0.688022887395245,22.6954732510288,scoring/dir_003/AF-Q93891-F1-model_v4.pdb
0.609330364449597,0.372457256174974,0.565527496360247,0.0847360992630331,0.306852707825986,0.233990602183024,0.751225889638732,16.4883720930233,scoring/dir_003/AF-Q93895-F1-model_v4.pdb
0.568292696213114,0.340062729138749,0.509816860870674,0.0708752698363004,0.728956208440478,0.233734896825813,0.740609741045818,10.7631578947368,scoring/dir_003/AF-Q94045-F1-model_v4.pdb
0.905669249408317,0.440885466828674,0.857988540269953,0.13374199326587,0.480654137092841,0.160608602025,0.527394649454218,37.166095890411,scoring/dir_003/AF-Q94124-F1-model_v4.pdb
0.94298784784956,0.550041727004214,0.920427630927086,0.171277337066876,0.336158984054138,0.195609661371925,0.505892798207476,21.0958904109589,scoring/dir_003/AF-Q94134-F1-model_v4.pdb
1.04664143455566,0.727240791025413,1.00128902686751,0.224756126437065,0.492414668089647,0.248147502755412,0.418652932365402,23.152,scoring/dir_003/AF-Q94141-F1-model_v4.pdb
1.17953550941322,0.874625237381096,1.18144812069299,0.293831701533911,0.365660263031576,0.25341973679888,0.375517191740105,24.3846153846154,scoring/dir_003/AF-Q94143-F1-model_v4.pdb
1.04238862358486,0.721341502127028,1.01354869512892,0.223280320215771,0.411177766548452,0.246104493206731,0.426221530219985,22.0325203252032,scoring/dir_003/AF-Q94145-F1-model_v4.pdb
1.02659250451266,0.673400742950959,0.98990218715432,0.183116281258943,0.305666003113069,0.226280711591964,0.47442347626916,18.7040816326531,scoring/dir_003/AF-Q94146-F1-model_v4.pdb
1.02697830718268,0.716452134599978,0.992364376282593,0.236939364777582,0.4436177046965,0.253161259168028,0.424617839511334,24.5342465753425,scoring/dir_003/AF-Q94150-F1-model_v4.pdb
1.09958758871652,0.779293406042244,1.03610757019142,0.205507455380482,0.355917699876348,0.226800961570048,0.386241360868341,10.2857142857143,scoring/dir_003/AF-Q94151-F1-model_v4.pdb
1.06455031146081,0.767555897318289,1.05604974612038,0.245061364499313,0.314748821105427,0.249783455746347,0.459184737176272,27.6037735849057,scoring/dir_003/AF-Q94152-F1-model_v4.pdb
0.684063623076989,0.481294735833669,0.64519823983008,0.114748209493384,0.39588652927121,0.27347258012971,0.725744113901299,20.3227513227513,scoring/dir_003/AF-Q94153-F1-model_v4.pdb
0.746454414734044,0.482410302151489,0.676976061656697,0.146512328517333,0.402790067508043,0.285961577710372,0.652255403608807,13.9565217391304,scoring/dir_003/AF-Q94162-F1-model_v4.pdb
0.68979747221657,0.35445586084501,0.686167239029075,0.125966049304336,0.279907343609468,0.196400462730163,0.677923324275565,24.6588693957115,scoring/dir_003/AF-Q94163-F1-model_v4.pdb
0.511867125936881,0.335573005938571,0.490228389760748,0.0925270448931261,0.299286019226485,0.282605811287176,0.805048428805917,23.1106557377049,scoring/dir_003/AF-Q94184-F1-model_v4.pdb
0.587049451333565,0.353367279653101,0.563125654066025,0.0962953579523848,0.331150846480559,0.227421844166616,0.742489090217032,15.9486166007905,scoring/dir_003/AF-Q94192-F1-model_v4.pdb
0.741939978931191,0.393426105680524,0.700272247783714,0.112810757547489,0.393721828839892,0.192502410683219,0.631342855500565,20.4147582697201,scoring/dir_003/AF-Q94207-F1-model_v4.pdb
0.929104227980284,0.442910585751527,0.877580345976105,0.13972336032625,0.491430991866679,0.160321707032918,0.492333899860806,33.1960784313725,scoring/dir_003/AF-Q94231-F1-model_v4.pdb
0.506803812083938,0.377598798854767,0.268594839965629,0.0475465422228784,0.850658270341626,0.410201719058344,0.72385803300914,3.5,scoring/dir_003/AF-Q94237-F1-model_v4.pdb
0.817654216387311,0.555441728528145,0.706662886326817,0.103448393590726,0.360462988701369,0.24647811090217,0.650896942467798,14.905138339921,scoring/dir_003/AF-Q94255-F1-model_v4.pdb
0.553102022326144,0.442857604275917,0.482418467568309,0.0704887946243409,0.619907851954699,0.388771305348798,0.813183920166851,3.54716981132075,scoring/dir_003/AF-Q94274-F1-model_v4.pdb
0.995465474930211,0.472997725381065,0.925498577617209,0.150129595722665,0.453072119987727,0.163474530470218,0.490432093822084,30.1787234042553,scoring/dir_003/AF-Q94282-F1-model_v4.pdb
0.902131686395049,0.465474379253447,0.839460535650577,0.149882397202272,0.445245500241507,0.185966862081528,0.567517879670949,30.7669902912621,scoring/dir_003/AF-Q94360-F1-model_v4.pdb
0.533092064927948,0.320369256324826,0.485850549069404,0.0698772919934763,0.358949561016914,0.232828744347746,0.777626557107876,12.9842271293375,scoring/dir_003/AF-Q94402-F1-model_v4.pdb
0.883042220266322,0.42118020753019,0.852079910770806,0.136794120492499,0.326725923054677,0.168840082043785,0.546630041819983,27.9271255060729,scoring/dir_003/AF-Q95017-F1-model_v4.pdb
0.997009637335132,0.607511049328549,0.984274636523271,0.17301230939535,0.275407608261321,0.192779243360545,0.481463483613322,14.9694323144105,scoring/dir_003/AF-Q95020-F1-model_v4.pdb
0.71955348717729,0.372512418413349,0.715923721579647,0.138263194712263,0.286079913250674,0.207275489048117,0.656853208934924,22.7025,scoring/dir_003/AF-Q95PJ8-F1-model_v4.pdb
0.823974046043881,0.547009861135416,0.798009398369655,0.165373717381742,0.411824682995359,0.257820162575792,0.635607505656289,12.4772727272727,scoring/dir_003/AF-Q95PW6-F1-model_v4.pdb
0.585262657279621,0.315481189787258,0.555635218905243,0.0761847910482914,0.379332726562203,0.188707724729244,0.735860884387208,13.6730158730159,scoring/dir_003/AF-Q95PY4-F1-model_v4.pdb
0.626019958701463,0.39317230251396,0.538487479130604,0.0927652113828287,0.446574775748528,0.270592080738508,0.706486121444799,6.77973568281938,scoring/dir_003/AF-Q95PZ1-F1-model_v4.pdb
0.875663127940778,0.528346685818238,0.857772484037584,0.153909519080649,0.408973858296899,0.215221286502055,0.565444416920006,12.7641509433962,scoring/dir_003/AF-Q95Q19-F1-model_v4.pdb
0.995536002565662,0.507508519094002,0.931912268564526,0.154122895205017,0.448625486806643,0.165313568104582,0.471384620078451,31.0512249443207,scoring/dir_003/AF-Q95Q57-F1-model_v4.pdb
0.766138358314812,0.603978064233903,0.496547347983312,0.0744295076276205,0.847193095915555,0.402108606384235,0.68427928382618,3.48979591836735,scoring/dir_003/AF-Q95Q85-F1-model_v4.pdb
0.478340501415704,0.341721693385895,0.353051604227184,0.0405323496481264,0.599720532295946,0.322585848275593,0.810081718020326,4.62403100775194,scoring/dir_003/AF-Q95QB8-F1-model_v4.pdb
0.637321856668979,0.352475164041751,0.568041955692936,0.0920977009538155,0.407747143585282,0.22712000511267,0.688854384851101,18.2245508982036,scoring/dir_003/AF-Q95QC2-F1-model_v4.pdb
0.922428713604402,0.457763042961853,0.866726797508163,0.146854258230525,0.416951469345046,0.171833482124454,0.513650875875481,24.4567669172932,scoring/dir_003/AF-Q95QD6-F1-model_v4.pdb
0.618932051936981,0.330526834945684,0.581995237410464,0.0912776993300621,0.241606583912921,0.204108805115437,0.721203579431942,32.5975609756098,scoring/dir_003/AF-Q95QD9-F1-model_v4.pdb
0.910047435641373,0.455984192793186,0.876861251427204,0.147719115668168,0.429217994194868,0.171196038280272,0.51139969234397,21.4521531100478,scoring/dir_003/AF-Q95QE8-F1-model_v4.pdb
0.338938220055216,0.261731776329104,0.27593429457729,0.0274358560975063,0.709494189598235,0.34845871546563,0.894605384977326,3.59047619047619,scoring/dir_003/AF-Q95QF1-F1-model_v4.pdb
0.690385397068883,0.382314032671503,0.636055114871271,0.0938116815401104,0.296285490712527,0.20934779113844,0.659603253877644,13.2530487804878,scoring/dir_003/AF-Q95QG3-F1-model_v4.pdb
0.872847955134339,0.448806810944039,0.717256916112198,0.114064860679112,0.615981941662556,0.181211372959461,0.499938003992139,15.1077981651376,scoring/dir_003/AF-Q95QH1-F1-model_v4.pdb
0.620961946221773,0.413155189467241,0.609559895065411,0.123251113758225,0.309806598572758,0.268647161293007,0.748513169212585,10.0089285714286,scoring/dir_003/AF-Q95QH2-F1-model_v4.pdb
0.689620270047894,0.495595793074408,0.315273039868291,0.0719339373807101,0.88285535216234,0.405947338369384,0.627817025574632,3.54285714285714,scoring/dir_003/AF-Q95QI5-F1-model_v4.pdb
0.992707776686622,0.667822040334335,0.887069896226596,0.216514914803001,0.435019141972666,0.287106014691553,0.438796154031545,9.25945945945946,scoring/dir_003/AF-Q95QK0-F1-model_v4.pdb
0.506580991418683,0.332480912030599,0.431210869910973,0.0651756132202672,0.376373858721582,0.277799854058221,0.788540825774624,16.5369774919614,scoring/dir_003/AF-Q95QK1-F1-model_v4.pdb
1.07224841549567,0.620266890036509,1.0313692957397,0.193407488482847,0.310819277759315,0.18194326321794,0.41566902242109,24.7675675675676,scoring/dir_003/AF-Q95QK4-F1-model_v4.pdb
0.861086231303061,0.461630212465189,0.855430890952179,0.150110688541783,0.207237637560059,0.18687982317572,0.582746654371967,25.1197183098592,scoring/dir_003/AF-Q95QL5-F1-model_v4.pdb
0.621326240057185,0.440434174547046,0.392495845646723,0.0527076218665559,0.613322983641076,0.332578063048678,0.709472207376204,4.50310559006211,scoring/dir_003/AF-Q95QL6-F1-model_v4.pdb
0.692953813386706,0.529814369732978,0.383351432967326,0.0975970509787057,0.797144804809468,0.414968647705859,0.587187037622678,3.46478873239437,scoring/dir_003/AF-Q95QM7-F1-model_v4.pdb
0.880685838946443,0.476909031936462,0.854973008650816,0.150644482944747,0.278747694486017,0.187508623692294,0.572727849031241,34.9379310344828,scoring/dir_003/AF-Q95QN1-F1-model_v4.pdb
0.730984115346636,0.371245602426274,0.72858673102965,0.137769591175961,0.300113231890207,0.190346470256764,0.64420296848204,21.7552447552448,scoring/dir_003/AF-Q95QN4-F1-model_v4.pdb
0.981523560764605,0.542365920962247,0.960442427793833,0.160291011927133,0.334868447454705,0.174210436861991,0.494034954571807,29.2928759894459,scoring/dir_003/AF-Q95QR7-F1-model_v4.pdb
0.847145641488243,0.480541831445901,0.842079889363574,0.158745589042363,0.287757055232758,0.200056484058602,0.581332222626231,35.7557840616967,scoring/dir_003/AF-Q95QW9-F1-model_v4.pdb
0.519079290754236,0.329427231888154,0.390701794493066,0.0360917054175323,0.606133622623139,0.26325969042264,0.763281763177615,4.15126050420168,scoring/dir_003/AF-Q95QY0-F1-model_v4.pdb
0.413120392197531,0.284667291484975,0.18220284719494,0.0266295600719944,0.863519550738776,0.390175803619672,0.802947018463719,3.51813471502591,scoring/dir_003/AF-Q95QZ1-F1-model_v4.pdb
0.676216499297701,0.360903320960323,0.672804141333431,0.141365148058178,0.2518139105734,0.223728052407315,0.678925027137009,21.5374149659864,scoring/dir_003/AF-Q95QZ5-F1-model_v4.pdb
0.941157433793764,0.628234178152505,0.904862765212041,0.175437290247936,0.381610373502082,0.23401347818443,0.52251379249805,11.9951690821256,scoring/dir_003/AF-Q95QZ6-F1-model_v4.pdb
0.83403629477933,0.458890524846739,0.810302779026517,0.145680260073824,0.246411811996233,0.20169024090321,0.590442935629921,22.4589800443459,scoring/dir_003/AF-Q95R11-F1-model_v4.pdb
0.692367831962911,0.48823822923203,0.602453498202797,0.0927863203361208,0.367263529740096,0.275785246118637,0.70696897714864,10.0990990990991,scoring/dir_003/AF-Q95R15-F1-model_v4.pdb
0.443293027269642,0.277228361224269,0.415759376973607,0.0608329281999134,0.506850858075796,0.240926805648772,0.833294180540504,13.2544169611307,scoring/dir_003/AF-Q95R19-F1-model_v4.pdb
0.80403546060016,0.354455430702356,0.772877942511169,0.119246392536033,0.410621829962888,0.156915587472217,0.588373798411945,32.1410714285714,scoring/dir_003/AF-Q95X11-F1-model_v4.pdb
0.892935166542891,0.44870484128786,0.870521797042037,0.150165082747377,0.344266378266416,0.174340879834431,0.527403847206658,25.9174311926605,scoring/dir_003/AF-Q95X26-F1-model_v4.pdb
0.673043314657896,0.423037618617522,0.634519799367257,0.111070216399853,0.381151120078183,0.236602676042424,0.709563069633423,21.529197080292,scoring/dir_003/AF-Q95X43-F1-model_v4.pdb
0.779242479729115,0.401112645161297,0.783242809729354,0.152231798432859,0.301037608049071,0.187907679524293,0.620845433664454,26.9168316831683,scoring/dir_003/AF-Q95X61-F1-model_v4.pdb
0.864580808583075,0.474335334101742,0.725504835159655,0.115803912855794,0.491198649635818,0.211125662622957,0.541544025857291,15.762962962963,scoring/dir_003/AF-Q95X89-F1-model_v4.pdb
1.08760323347636,0.702959257256951,1.09228431651178,0.248438745466483,0.318954722150804,0.215379638414696,0.404495271902579,31.1541218637993,scoring/dir_003/AF-Q95X98-F1-model_v4.pdb
0.937587311134206,0.670814681907139,0.881957684048566,0.187616642382533,0.442503100031567,0.26995623272653,0.515112185814625,14.956043956044,scoring/dir_003/AF-Q95XA3-F1-model_v4.pdb
1.13717528519028,0.931562325732445,1.0365307742497,0.229091868947842,0.561264309715297,0.295988907337203,0.345199203554288,11.6285714285714,scoring/dir_003/AF-Q95XB0-F1-model_v4.pdb
0.598215325271794,0.400620983419824,0.549438586026099,0.0846396770041287,0.380372981814648,0.272355097684914,0.753260818062737,9.645,scoring/dir_003/AF-Q95XB1-F1-model_v4.pdb
0.815829307521301,0.433027870160301,0.771541084970474,0.120989191683097,0.433794741145921,0.18783428999148,0.589826019917003,19.6754617414248,scoring/dir_003/AF-Q95XB2-F1-model_v4.pdb
0.762137251883574,0.344629676564361,0.694374368181614,0.113600684559349,0.301910223345892,0.178763710333276,0.59412744577514,32.1317365269461,scoring/dir_003/AF-Q95XC2-F1-model_v4.pdb
1.04860463955925,0.583398492220654,1.03621483341891,0.194652203977018,0.32448003805522,0.176507284039964,0.441369326194058,34.3410138248848,scoring/dir_003/AF-Q95XC4-F1-model_v4.pdb
0.419958709268363,0.304096233938462,0.174334371675847,0.0188889341860575,0.920212998813283,0.396777522946264,0.814383019869558,3.49532710280374,scoring/dir_003/AF-Q95XD3-F1-model_v4.pdb
1.08318197360967,0.690709814306395,1.07608426296806,0.221891566781929,0.32558884474541,0.205831284086852,0.425825308323269,26.6614173228346,scoring/dir_003/AF-Q95XD4-F1-model_v4.pdb
1.19880257854271,0.859750874046987,0.866302121703764,0.130780055823414,0.58305268002596,0.245976546063035,0.371832065439157,6.51968503937008,scoring/dir_003/AF-Q95XD9-F1-model_v4.pdb
0.686870235517291,0.561810208453814,0.626085664995567,0.09085524972456,0.516356612496915,0.355151241147225,0.76823015718328,3.77272727272727,scoring/dir_003/AF-Q95XG6-F1-model_v4.pdb
0.389314430894841,0.244024810028509,0.343574990093069,0.0385242695355234,0.501641541881271,0.242768742785482,0.854301934273284,5.36666666666667,scoring/dir_003/AF-Q95XG7-F1-model_v4.pdb
0.397830073191371,0.282154131133905,0.321462230076971,0.0404580414404633,0.596880801910731,0.320318381658615,0.861664246842793,4.65198237885463,scoring/dir_003/AF-Q95XJ1-F1-model_v4.pdb
0.408137786360426,0.287379545775694,0.360768738015716,0.0547920635946337,0.386855246202237,0.312725292735301,0.856526961827145,9.09448818897638,scoring/dir_003/AF-Q95XJ8-F1-model_v4.pdb
0.923130136607558,0.537749973404233,0.919694676145943,0.17793753328292,0.284057703559583,0.199240558868143,0.531961911689048,29.392,scoring/dir_003/AF-Q95XK0-F1-model_v4.pdb
0.794895850717789,0.47389088791987,0.714119129254396,0.1170627181297,0.5212065161312,0.217542627048691,0.586670075642067,16.8534798534799,scoring/dir_003/AF-Q95XM4-F1-model_v4.pdb
1.13734796374279,0.774951816922851,1.07933689449444,0.234305669012813,0.444813668440003,0.217178907348256,0.318202879859884,20.1917098445596,scoring/dir_003/AF-Q95XN6-F1-model_v4.pdb
0.743551623871705,0.412421260360851,0.52437684231887,0.107154820949918,0.523951362355089,0.252798686407931,0.590601202476318,19.4817275747508,scoring/dir_003/AF-Q95XR1-F1-model_v4.pdb
0.782552802483683,0.372997018759085,0.771341538040051,0.128660383393136,0.324127944202087,0.175023552031112,0.61648430214277,35.9004524886878,scoring/dir_003/AF-Q95XR9-F1-model_v4.pdb
0.721613771941525,0.36690945503614,0.689347098254531,0.116852770780108,0.245963254187223,0.197203372698715,0.653112959055341,25.605749486653,scoring/dir_003/AF-Q95XS1-F1-model_v4.pdb
0.90865664693504,0.541687839003528,0.788256906854086,0.100560521086239,0.494031899577441,0.190259264517851,0.503851361459895,11.528384279476,scoring/dir_003/AF-Q95XV5-F1-model_v4.pdb
0.92344767277073,0.455395704722674,0.877117707012408,0.150766035254368,0.417270436516492,0.176321939344303,0.516373978934059,25.7392344497608,scoring/dir_003/AF-Q95XX0-F1-model_v4.pdb
0.798883793246555,0.375868808275313,0.75625657051649,0.122104723558202,0.344895984979636,0.175945569991271,0.578458734372467,21.6878850102669,scoring/dir_003/AF-Q95XX6-F1-model_v4.pdb
1.175810298261,0.85802577763369,1.08569375134322,0.248678103784572,0.556866501608891,0.233819199651734,0.275520734652238,23.5935483870968,scoring/dir_003/AF-Q95Y04-F1-model_v4.pdb
1.15738053538094,0.760525365282649,1.12738464042611,0.216392391484603,0.338570373953688,0.187915029947844,0.316476434411483,18.4318181818182,scoring/dir_003/AF-Q95Y61-F1-model_v4.pdb
0.792916470235919,0.417692071416883,0.760710417884265,0.139307295196769,0.396759692542188,0.197584494088841,0.586905958852605,18.9860465116279,scoring/dir_003/AF-Q95Y87-F1-model_v4.pdb
0.727105470729801,0.350215132742585,0.714744022625994,0.12541905057453,0.337217864056892,0.186398492305032,0.650765057941735,30.7918968692449,scoring/dir_003/AF-Q95Y90-F1-model_v4.pdb
0.967465196065652,0.526578305923739,0.95805911881215,0.189214745054469,0.427609574863091,0.191619629895728,0.46472762568556,37.7883008356546,scoring/dir_003/AF-Q95Y92-F1-model_v4.pdb
0.953181446796367,0.513910654582744,0.937344434283236,0.191883757283989,0.384641582265328,0.192796804806553,0.457302885165258,38.5887323943662,scoring/dir_003/AF-Q95Y93-F1-model_v4.pdb
0.739810930728143,0.38325543870338,0.649215157705897,0.0909071236633156,0.507638114475905,0.178059901590665,0.627549560342563,18.2697674418605,scoring/dir_003/AF-Q95Y96-F1-model_v4.pdb
0.657945641678432,0.356586728427963,0.542145744169144,0.0959722677074033,0.468027846847155,0.233677804125967,0.63080363472163,15.7557003257329,scoring/dir_003/AF-Q95YB5-F1-model_v4.pdb
0.698483161727441,0.381878517451989,0.674831444989074,0.118723804975871,0.417776847522045,0.20585539002911,0.659310055817968,24.5571030640669,scoring/dir_003/AF-Q95ZL9-F1-model_v4.pdb
0.633502776598832,0.380934461706187,0.597799702579298,0.0958312962457476,0.326418290866526,0.236946090361413,0.718685874687891,18.4878048780488,scoring/dir_003/AF-Q95ZM0-F1-model_v4.pdb
0.554889395584392,0.378457672270468,0.328730976306389,0.0782752986891476,0.716453334753642,0.386016303464325,0.67191877982335,3.53684210526316,scoring/dir_003/AF-Q95ZM3-F1-model_v4.pdb
0.999175650581028,0.576916991977718,0.935198584935761,0.156998203963941,0.467244925612703,0.186589559190269,0.4436320780986,19.06,scoring/dir_003/AF-Q95ZM7-F1-model_v4.pdb
0.539021682174964,0.25743518436912,0.48231531929554,0.076727309396188,0.416097866112419,0.197494842667439,0.725931324453177,22.8476821192053,scoring/dir_003/AF-Q95ZR6-F1-model_v4.pdb
0.924152807864731,0.469342047436545,0.880962799645613,0.145163912043587,0.35222385091482,0.171587967063834,0.528026036874349,29.3465783664459,scoring/dir_003/AF-Q95ZR7-F1-model_v4.pdb
0.743326426568658,0.364467048017343,0.671130853465586,0.0989889281700842,0.423182898663785,0.175761016396709,0.642956081258738,19.5150905432596,scoring/dir_003/AF-Q95ZR9-F1-model_v4.pdb
0.526130686754725,0.331036038797903,0.46348027028685,0.0539736668836381,0.495294673151324,0.230276311117985,0.804815479225753,10.3905109489051,scoring/dir_003/AF-Q95ZS0-F1-model_v4.pdb
0.927748231824969,0.594125784566655,0.906945384422188,0.216326638203078,0.359226310518127,0.249644894834267,0.508296013861697,20.7642276422764,scoring/dir_003/AF-Q95ZS9-F1-model_v4.pdb
0.678173224363236,0.548793305140926,0.570258130570706,0.0944935659092579,0.647188726799007,0.40447160157701,0.748421990170803,3.46835443037975,scoring/dir_003/AF-Q95ZT4-F1-model_v4.pdb
0.852182410048468,0.579657312346837,0.791244944976878,0.150606528980896,0.445436530754876,0.255372630466094,0.577620082419532,10.8085106382979,scoring/dir_003/AF-Q95ZT5-F1-model_v4.pdb
0.599944842170221,0.379413792298243,0.567476542396174,0.110697030704835,0.413905523253975,0.279439175041963,0.733015153031263,8.24657534246575,scoring/dir_003/AF-Q95ZU7-F1-model_v4.pdb
1.08049069045715,0.806491580835268,0.790656209872588,0.197300347625026,0.619951359181924,0.294984823731505,0.34399829763799,7.96261682242991,scoring/dir_003/AF-Q95ZV1-F1-model_v4.pdb
0.703290190954568,0.330157272667212,0.692452759400548,0.115900096064026,0.262060608561374,0.177620215025112,0.669200227723725,23.6463414634146,scoring/dir_003/AF-Q962C2-F1-model_v4.pdb
0.848386672687668,0.370568447399424,0.829379381367263,0.1331543716469,0.264038968119957,0.162297386276904,0.577570190969021,33.9318996415771,scoring/dir_003/AF-Q962C6-F1-model_v4.pdb
0.406866337848013,0.265493014359761,0.274683446686197,0.0253952551537251,0.688257905281096,0.292403986931234,0.833847903121113,4.43181818181818,scoring/dir_003/AF-Q965K5-F1-model_v4.pdb
0.599285520504927,0.428729492574478,0.4607253230653,0.0674416511261871,0.652885134874165,0.334959663620137,0.727197341013429,3.81081081081081,scoring/dir_003/AF-Q965M6-F1-model_v4.pdb
0.798352530479148,0.494161477369501,0.573398113568697,0.105573777383525,0.588556104302932,0.289531835067816,0.521042713954411,5.30701754385965,scoring/dir_003/AF-Q965P3-F1-model_v4.pdb
0.59057169460529,0.404001496376237,0.347185944219639,0.0707850462138437,0.792239913792293,0.366791812486854,0.696755338056933,3.53731343283582,scoring/dir_003/AF-Q965P4-F1-model_v4.pdb
0.999198545097127,0.660164495975031,0.97518644692475,0.192067631377125,0.398163704475284,0.218308263921713,0.466589593341419,27.646288209607,scoring/dir_003/AF-Q965Q1-F1-model_v4.pdb
0.795917832521276,0.406578267848,0.796299205905254,0.136382761640729,0.246720560309372,0.177695278617267,0.632802233589747,30.7283950617284,scoring/dir_003/AF-Q965Q3-F1-model_v4.pdb
0.541650755257795,0.326299829251683,0.505854036355258,0.078321091916216,0.506013289180176,0.236344495322137,0.77064159395042,15.3311258278146,scoring/dir_003/AF-Q965S0-F1-model_v4.pdb
0.870264993482483,0.407548826390377,0.850012633089708,0.1396340282169,0.355721908991546,0.166313775297544,0.555752492869211,23.9584980237154,scoring/dir_003/AF-Q965S3-F1-model_v4.pdb
0.838454992950903,0.56799644971325,0.757318917012931,0.164771257435949,0.300639954451713,0.284352202250905,0.558522739715723,11.9444444444444,scoring/dir_003/AF-Q965T1-F1-model_v4.pdb
0.979833210278122,0.502856914927145,0.96633492312703,0.171577428487074,0.313121882560967,0.175046020838645,0.482724743208029,28.6748329621381,scoring/dir_003/AF-Q965T5-F1-model_v4.pdb
0.720354692217438,0.335561763440701,0.668264335571162,0.0921248333523222,0.378958855182639,0.165003467280285,0.636608822417899,18.1641468682505,scoring/dir_003/AF-Q965Z4-F1-model_v4.pdb
0.756992635293035,0.353036463575232,0.734335682703259,0.101061954644208,0.232803650988424,0.163182203801184,0.626400232453694,21.5734693877551,scoring/dir_003/AF-Q965Z7-F1-model_v4.pdb
0.694565025548158,0.359697628179311,0.686090038290933,0.109535806451593,0.244354952417771,0.181345815270356,0.683297230379691,31.1313559322034,scoring/dir_003/AF-Q966F7-F1-model_v4.pdb
1.03020463411498,0.648097109096116,0.92773575567141,0.163510314315469,0.553429410654907,0.200420251280584,0.4212129636351,22.188,scoring/dir_003/AF-Q967F1-F1-model_v4.pdb
0.719999085252279,0.455662196773021,0.638952711812214,0.110051377490701,0.43363844663232,0.26405582622354,0.660558672753763,6.24226804123711,scoring/dir_003/AF-Q968S9-F1-model_v4.pdb
0.713040316231515,0.446588293226921,0.624795060615817,0.12084203883232,0.340971752157927,0.280764377267019,0.661254845984988,6.70810810810811,scoring/dir_003/AF-Q968T0-F1-model_v4.pdb
0.528338616461468,0.322083655170672,0.498957943004847,0.0623145960403148,0.284358186573905,0.21621639719747,0.803307426188515,23.6751269035533,scoring/dir_003/AF-Q9BI40-F1-model_v4.pdb
0.355924798936231,0.23294896538196,0.278516427663283,0.033376691835632,0.547552832602306,0.281697320557467,0.865383126397784,8.36666666666667,scoring/dir_003/AF-Q9BI74-F1-model_v4.pdb
0.499094841464926,0.261733183508521,0.436924836325924,0.0711202438205722,0.421026000109596,0.226270575262484,0.76159680646843,20.6318537859008,scoring/dir_003/AF-Q9BI75-F1-model_v4.pdb
0.904816832749482,0.451913341568616,0.895392624737947,0.155467884311382,0.329425836983012,0.173177976669734,0.529129529453855,38.671875,scoring/dir_003/AF-Q9BI77-F1-model_v4.pdb
0.873869170366369,0.439417990600433,0.880970827852453,0.165919967235804,0.289771823483532,0.179371627511156,0.5725099269852,51.3630831643002,scoring/dir_003/AF-Q9BI88-F1-model_v4.pdb
0.692981737132681,0.329063261637087,0.667268900866721,0.102192832313316,0.298839258739423,0.170553451759564,0.67412431729146,19.960113960114,scoring/dir_003/AF-Q9BIA6-F1-model_v4.pdb
0.643941221508846,0.391922825087657,0.570147637580683,0.0805169163808515,0.517851095681823,0.232499501351185,0.723044454230034,15.4722222222222,scoring/dir_003/AF-Q9BIB4-F1-model_v4.pdb
0.921471681770491,0.58852526345429,0.768692556125902,0.121973135310925,0.565511160449304,0.222716630983537,0.540492114843038,15.4085603112841,scoring/dir_003/AF-Q9BIC4-F1-model_v4.pdb
0.699668500303243,0.438491790512919,0.658148801325218,0.0986295392819251,0.407916049651765,0.233171913955592,0.680530821206491,6.87649402390438,scoring/dir_003/AF-Q9BKQ2-F1-model_v4.pdb
0.722876470797272,0.398256639126005,0.718475823952956,0.136519365179098,0.275545565572771,0.202902824499443,0.658007972174288,26.966573816156,scoring/dir_003/AF-Q9BKQ9-F1-model_v4.pdb
0.896487456393243,0.519700977757663,0.834322862019475,0.133881755070544,0.371493170551069,0.188086019134624,0.53816244020317,23.0711743772242,scoring/dir_003/AF-Q9BKR1-F1-model_v4.pdb
0.616828328341221,0.445464714969654,0.558891410830523,0.0969824642257439,0.318729319263926,0.315959458124379,0.749268955933229,11.8502202643172,scoring/dir_003/AF-Q9BKS0-F1-model_v4.pdb
0.986285024458063,0.581365799113029,0.933269706823012,0.175161705546864,0.385751756212347,0.196573741338532,0.457358413765746,20.3700787401575,scoring/dir_003/AF-Q9BKS1-F1-model_v4.pdb
1.16604738382257,1.01545113799667,1.01303573413015,0.266580925491684,0.572965070970018,0.307837023129338,0.26377795751962,10.6133333333333,scoring/dir_003/AF-Q9BKS5-F1-model_v4.pdb
1.22291196414908,1.02334174712346,1.07793810440483,0.311807473563256,0.351709214799012,0.31204632665452,0.242393547161714,7.98076923076923,scoring/dir_003/AF-Q9BKS6-F1-model_v4.pdb
0.643165921970225,0.381224804676114,0.610710650809265,0.101523446205558,0.419903157635892,0.236234128918319,0.717209813405953,15.1875,scoring/dir_003/AF-Q9BKT1-F1-model_v4.pdb
0.602394163297185,0.360650299146611,0.568872620795114,0.105724476036913,0.426625625456009,0.246074768249005,0.723027112873306,15.0166112956811,scoring/dir_003/AF-Q9BKU5-F1-model_v4.pdb
0.69559761087293,0.545364819053287,0.588536206535725,0.0942614429204286,0.474178570386422,0.36342464996217,0.726403111856305,3.73758865248227,scoring/dir_003/AF-Q9BKU8-F1-model_v4.pdb
0.656095785197113,0.352446476121,0.609459536609954,0.0955870375020176,0.323402236490105,0.201427987507979,0.697590237618412,20.8813559322034,scoring/dir_003/AF-Q9BL03-F1-model_v4.pdb
0.69561745554016,0.371219269448767,0.671446832294703,0.120720005777407,0.253284950202132,0.1970694280924,0.688505171503786,38.9936575052854,scoring/dir_003/AF-Q9BL19-F1-model_v4.pdb
1.05667896298442,0.568273443726136,1.01846182059989,0.182361282749375,0.384942794739114,0.175500489957638,0.451510003971015,30.203125,scoring/dir_003/AF-Q9BL27-F1-model_v4.pdb
0.591333693465275,0.364793983774134,0.526996529228055,0.0818605267307103,0.367647661174137,0.253448160647889,0.740690727004793,13.484375,scoring/dir_003/AF-Q9BL33-F1-model_v4.pdb
0.825548271598878,0.491577278654707,0.729441718104758,0.117767824256078,0.505579367594009,0.213645106433425,0.603748821861424,15.5245901639344,scoring/dir_003/AF-Q9BL34-F1-model_v4.pdb
0.903971931084382,0.426308390279574,0.880439651445069,0.144000323008544,0.388584083779073,0.159939555807291,0.533799588460433,35.8775510204082,scoring/dir_003/AF-Q9BL44-F1-model_v4.pdb
0.637475329132004,0.316194571813694,0.598786964531422,0.0957802679802121,0.321950833575818,0.191755660731167,0.693208719360795,19.0144628099174,scoring/dir_003/AF-Q9BL54-F1-model_v4.pdb
0.665222975784332,0.377120297339127,0.643531233884243,0.129448506814154,0.421464951922413,0.235787614006849,0.669004849532543,11.6228571428571,scoring/dir_003/AF-Q9BL58-F1-model_v4.pdb
0.843112317864087,0.510193097083819,0.785117961791047,0.136524182618861,0.537377706808044,0.215202175686264,0.564343518001046,20.7857142857143,scoring/dir_003/AF-Q9BL76-F1-model_v4.pdb
0.858034700480482,0.471110567428276,0.860158825839677,0.156858342515041,0.299635624838498,0.185836817124562,0.582373631955647,40.6641414141414,scoring/dir_003/AF-Q9BL87-F1-model_v4.pdb
0.685814608672124,0.368171624778787,0.661842098763015,0.0974486403049483,0.320323029944177,0.187360295017581,0.683033943719612,20.4245014245014,scoring/dir_003/AF-Q9BLC0-F1-model_v4.pdb
0.473656112102698,0.343562310164133,0.17510787221273,0.0217687044634193,0.92040253381257,0.395436250308561,0.778291247532724,3.49720670391061,scoring/dir_003/AF-Q9BLC2-F1-model_v4.pdb
0.730467106966765,0.390018092121206,0.71123350683843,0.110104256039113,0.322675726773258,0.183316763107473,0.661126623357039,28.8352668213457,scoring/dir_003/AF-Q9BMH9-F1-model_v4.pdb
0.979323673129171,0.48959814218902,0.939868157470398,0.154931865275649,0.26287916905652,0.166468729265229,0.496508131913897,31.7061855670103,scoring/dir_003/AF-Q9BPM8-F1-model_v4.pdb
0.621621733434035,0.487376590687864,0.345086225959088,0.043439586913801,0.880587190549263,0.4004156430352,0.719065330427056,3.4962962962963,scoring/dir_003/AF-Q9GP92-F1-model_v4.pdb
0.757937181211611,0.467651382348596,0.738148705248868,0.13994311716659,0.451565778059701,0.227445239468829,0.645506657118093,11.5797872340426,scoring/dir_003/AF-Q9GP96-F1-model_v4.pdb
1.07223926422403,0.769511621423474,0.906237865299863,0.183509888572718,0.62932979583033,0.256365344692996,0.387799632114936,14.2624113475177,scoring/dir_003/AF-Q9GR61-F1-model_v4.pdb
0.834779281595047,0.519640725904112,0.730481447881746,0.145492309445214,0.310608714067743,0.253011060724093,0.53175122293023,15.34375,scoring/dir_003/AF-Q9GR66-F1-model_v4.pdb
0.752861937993131,0.413858857029386,0.689571311252874,0.118548991559827,0.311507444746441,0.209322536868947,0.631335908861862,12.0869565217391,scoring/dir_003/AF-Q9GR67-F1-model_v4.pdb
0.344298028638462,0.249816507628458,0.301158470310704,0.0351885251600328,0.460807601280599,0.303952016103325,0.894112055773683,5.5,scoring/dir_003/AF-Q9GRZ0-F1-model_v4.pdb
0.732740703475804,0.413116415120767,0.648162088496751,0.0906688896192891,0.400208043952116,0.200864119938079,0.676040483524515,18.4345047923323,scoring/dir_003/AF-Q9GTE9-F1-model_v4.pdb
0.816726735220538,0.448394882901126,0.702487375310025,0.101090562128901,0.428276488937982,0.199438796818623,0.591877948420932,16.4432624113475,scoring/dir_003/AF-Q9GTF4-F1-model_v4.pdb
0.967871233270189,0.535257952765855,0.964294967895998,0.185324512228507,0.315758115968956,0.191710258749189,0.49399996691628,32.7253086419753,scoring/dir_003/AF-Q9GUE9-F1-model_v4.pdb
0.982859419348594,0.568250944545747,0.93129197244731,0.164381415802489,0.432446971590498,0.192367035466246,0.491930283792536,26.5917721518987,scoring/dir_003/AF-Q9GUG4-F1-model_v4.pdb
0.997465118691588,0.547140313524811,0.952561536673727,0.167671089157406,0.374990163269395,0.176471393696275,0.450960724748053,26.575,scoring/dir_003/AF-Q9GUG7-F1-model_v4.pdb
0.653129022498162,0.320619785576902,0.650844912966472,0.104753717218719,0.292003243695885,0.176299631521943,0.699433652452525,31.1021377672209,scoring/dir_003/AF-Q9GUH8-F1-model_v4.pdb
0.677872054310758,0.352345495326901,0.599389740360695,0.070432374931638,0.430789250114496,0.180104840849141,0.68654571200247,14.2180685358255,scoring/dir_003/AF-Q9GUJ1-F1-model_v4.pdb
0.821473113699131,0.497061843519651,0.779503925970302,0.123533036808582,0.292018474699302,0.208242310260768,0.592319025759813,10.979079497908,scoring/dir_003/AF-Q9GYF7-F1-model_v4.pdb
0.899861326243511,0.442389852509691,0.866248762262953,0.141038875405682,0.348059322953392,0.166172741890594,0.554667660337,29.3378839590444,scoring/dir_003/AF-Q9GYG4-F1-model_v4.pdb
0.660807285772633,0.375661256373243,0.62019943900253,0.0964364557616485,0.342248912575423,0.211734922124622,0.697835035335046,16.3840206185567,scoring/dir_003/AF-Q9GYH4-F1-model_v4.pdb
0.636358737471391,0.499195569738794,0.48786237574238,0.0626548509157797,0.714998439496573,0.364754055422425,0.752879543652898,3.71223021582734,scoring/dir_003/AF-Q9GYI1-F1-model_v4.pdb
0.69268441986107,0.513880815269603,0.589485895921399,0.0823378741980712,0.644231202868997,0.305286664832921,0.716199805752982,4.46212121212121,scoring/dir_003/AF-Q9GYI2-F1-model_v4.pdb
1.02137752051904,0.588478472213186,1.01666616134856,0.189507009061292,0.353262925524545,0.18158389085305,0.453213428069428,32.6264367816092,scoring/dir_003/AF-Q9GYM0-F1-model_v4.pdb
0.853366742159915,0.483895709234889,0.853692432253076,0.152574492964972,0.272634720011652,0.192040056698917,0.595236250472875,30.085635359116,scoring/dir_003/AF-Q9GYM2-F1-model_v4.pdb
0.841080378157674,0.437359112387481,0.817711187220014,0.142586516656021,0.298251879010169,0.188064821928766,0.575254951837988,21.1995708154506,scoring/dir_003/AF-Q9GYQ2-F1-model_v4.pdb
0.602838408557552,0.45569405998785,0.490357793881256,0.0636230854048776,0.530584774085699,0.321175869407116,0.770053663856181,4.4438202247191,scoring/dir_003/AF-Q9GYQ6-F1-model_v4.pdb
0.711940755198448,0.519274772145185,0.393906157245805,0.0760095248666384,0.648104400905781,0.375137383025036,0.624520030010615,4.45669291338583,scoring/dir_003/AF-Q9GYR3-F1-model_v4.pdb
0.666729864089313,0.404482231317153,0.607556121651554,0.100193695875786,0.412234190825009,0.226901668551207,0.707627644255842,23.625,scoring/dir_003/AF-Q9GYS9-F1-model_v4.pdb
0.845462171574382,0.463718093033499,0.770183582359345,0.113258981771407,0.381475397643712,0.191130729513723,0.583260967273621,15.0894568690096,scoring/dir_003/AF-Q9GYT1-F1-model_v4.pdb
0.65187177477215,0.361329624583713,0.636225596715942,0.111137882304578,0.32727533754864,0.212190088166911,0.708540468413944,15.3758389261745,scoring/dir_003/AF-Q9GZE4-F1-model_v4.pdb
0.957967904735222,0.516633827266122,0.891215009128521,0.154711285112732,0.469798116580613,0.181612141265068,0.471638129467168,21.7027027027027,scoring/dir_003/AF-Q9GZF8-F1-model_v4.pdb
0.991524697317422,0.54044824592165,0.999657954208413,0.199458319054885,0.280767099067892,0.182968341789347,0.485645812708689,38.1536523929471,scoring/dir_003/AF-Q9GZG0-F1-model_v4.pdb
1.05092821512944,0.58825685876481,1.00514734371148,0.171289584776417,0.346179310798977,0.178018345267737,0.427702349689694,23.4661246612466,scoring/dir_003/AF-Q9N2U6-F1-model_v4.pdb
0.662127852226749,0.3682065956223,0.637993456447584,0.107005630218911,0.281371119181028,0.20705682337019,0.690861823882502,12.3397683397683,scoring/dir_003/AF-Q9N2W7-F1-model_v4.pdb
0.711780605093608,0.453084195486054,0.671181115029251,0.114393086531937,0.377026492829533,0.237855948876838,0.689575133365259,16.6297872340426,scoring/dir_003/AF-Q9N2X2-F1-model_v4.pdb
0.537054629278414,0.410381631819016,0.277251997215583,0.0328534990553269,0.823559449893543,0.39755172645774,0.793943022471844,3.50595238095238,scoring/dir_003/AF-Q9N2X3-F1-model_v4.pdb
0.768986355379457,0.413488446267243,0.688469143997595,0.0786399503638424,0.486983195163718,0.173203637995078,0.643959315921118,13.255905511811,scoring/dir_003/AF-Q9N2X6-F1-model_v4.pdb
0.80496069158595,0.424636250560899,0.757363821774499,0.136624507369782,0.284665916007801,0.203475036452892,0.571141722950687,28.8153846153846,scoring/dir_003/AF-Q9N2X7-F1-model_v4.pdb
0.697247869809144,0.323121762019248,0.645390366318614,0.0870121499246772,0.460943948768566,0.168259858201327,0.650276273692517,21.210843373494,scoring/dir_003/AF-Q9N2Y1-F1-model_v4.pdb
0.782432346245985,0.370579331601304,0.75471304357963,0.12276446885767,0.299664620292218,0.173538165910287,0.618733024888948,27.5126050420168,scoring/dir_003/AF-Q9N315-F1-model_v4.pdb
0.906014982744396,0.488794485981963,0.876286371702936,0.163962868796869,0.497648587610705,0.191426696784595,0.483952686749476,38.1366459627329,scoring/dir_003/AF-Q9N322-F1-model_v4.pdb
0.504779988426619,0.317963785700213,0.482932196547243,0.0710292348492494,0.420505942946661,0.232699182785522,0.811077206438301,26.4556451612903,scoring/dir_003/AF-Q9N350-F1-model_v4.pdb
0.641849764128155,0.341363105744588,0.613316466383979,0.108456228231546,0.348456100199608,0.2067480103835,0.700446788887033,21.0490956072351,scoring/dir_003/AF-Q9N361-F1-model_v4.pdb
0.862283329107408,0.458991522027576,0.864377778856837,0.158338714091116,0.267761232376768,0.189721336920966,0.583282820475161,30.1558752997602,scoring/dir_003/AF-Q9N371-F1-model_v4.pdb
1.09337494848331,0.748655903191296,0.923509461079707,0.17334258552243,0.527826421274079,0.225519646690154,0.367633153610276,14.1013513513514,scoring/dir_003/AF-Q9N390-F1-model_v4.pdb
0.850688355511714,0.459406796697958,0.798219517690978,0.136513783004734,0.361752281513991,0.192324674552614,0.579093091218356,19.0275689223058,scoring/dir_003/AF-Q9N3B0-F1-model_v4.pdb
0.811610618273619,0.430055682358818,0.739496598389228,0.117902282993741,0.301365473759397,0.197167584431485,0.554073793174304,16.8975069252078,scoring/dir_003/AF-Q9N3B7-F1-model_v4.pdb
0.742127297146429,0.425584767455423,0.721580497336202,0.116236631484472,0.231504052177493,0.195542936970164,0.68366151597769,28.0513698630137,scoring/dir_003/AF-Q9N3B8-F1-model_v4.pdb
0.881063949367545,0.416618094877637,0.816624688164008,0.123585427648815,0.513752401140455,0.157510784742583,0.520330902506084,34.6071428571429,scoring/dir_003/AF-Q9N3C8-F1-model_v4.pdb
0.735556767569508,0.374615589916374,0.735924326176667,0.137422659579549,0.295933156271353,0.194569956962668,0.644306891597172,30.3629032258064,scoring/dir_003/AF-Q9N3C9-F1-model_v4.pdb
0.696971433748892,0.379868724067811,0.674410108869372,0.113397358641747,0.2907678737104,0.197412776997189,0.674601707114373,24.4705882352941,scoring/dir_003/AF-Q9N3D0-F1-model_v4.pdb
0.67000745957889,0.504625510863887,0.381967622963467,0.0717349817018038,0.817098782609897,0.401805695652039,0.690475905857993,3.49411764705882,scoring/dir_003/AF-Q9N3D8-F1-model_v4.pdb
0.772376404080999,0.464088820099841,0.727151646426065,0.118489033987894,0.323676499027522,0.219353094466384,0.635605972829601,13.9872881355932,scoring/dir_003/AF-Q9N3D9-F1-model_v4.pdb
0.94624504843281,0.479167522267224,0.948034055721596,0.179927078974339,0.281657159405202,0.172719573947653,0.503531841599014,25.1630434782609,scoring/dir_003/AF-Q9N3F1-F1-model_v4.pdb
0.651266611097955,0.332110868287355,0.61699140142628,0.0959429028569495,0.293249946303363,0.188006628258073,0.710467932850231,24.9798657718121,scoring/dir_003/AF-Q9N3F3-F1-model_v4.pdb
0.770579952198333,0.452830507724369,0.74139451075003,0.133250198375465,0.392688589756176,0.213719247240996,0.616322661557508,22.8724832214765,scoring/dir_003/AF-Q9N3H5-F1-model_v4.pdb
0.524145504371188,0.282390181098764,0.482557807286349,0.0693774072735307,0.439029756574507,0.210436103769051,0.761769612948751,14.8447837150127,scoring/dir_003/AF-Q9N3H6-F1-model_v4.pdb
1.00411629425635,0.508370166338807,0.910191499528265,0.145955707476558,0.523254715634222,0.163472678756501,0.463968975978423,30.3530751708428,scoring/dir_003/AF-Q9N3H9-F1-model_v4.pdb
0.612519421904132,0.367705253866468,0.449078222726259,0.0601873540746772,0.526419310232801,0.254429933808702,0.706625710625583,7.05579399141631,scoring/dir_003/AF-Q9N3J4-F1-model_v4.pdb
0.833758245750945,0.565433450257794,0.697880536629309,0.105428975690497,0.524250562938748,0.269233018693575,0.545084498836135,5.40287769784173,scoring/dir_003/AF-Q9N3J5-F1-model_v4.pdb
0.484500353981925,0.280660600257547,0.389457685140879,0.062304796545166,0.396346655603861,0.265793490506967,0.782682672089121,11.3730886850153,scoring/dir_003/AF-Q9N3R7-F1-model_v4.pdb
0.386090508343107,0.295765617830714,0.210824799642043,0.0183809461153848,0.832634833969371,0.392284245900526,0.851008047098757,3.51648351648352,scoring/dir_003/AF-Q9N402-F1-model_v4.pdb
0.734772002174636,0.468618472887546,0.423148631285062,0.0598502833820887,0.788377343709273,0.28956178855627,0.638861978987807,5.74358974358974,scoring/dir_003/AF-Q9N408-F1-model_v4.pdb
0.719779555679213,0.514391834811634,0.377179020557524,0.0904614928342298,0.732213882378972,0.378928148960342,0.573141771607987,4.28571428571429,scoring/dir_003/AF-Q9N416-F1-model_v4.pdb
0.845261564065366,0.4324542192648,0.847108910340141,0.149044986458412,0.278004799013456,0.175829066965484,0.586444307629157,45.9881656804734,scoring/dir_003/AF-Q9N423-F1-model_v4.pdb
0.930041772331912,0.521956480622005,0.907766030594099,0.166300968735035,0.286501194074058,0.190958698919317,0.525454561743083,22.6136363636364,scoring/dir_003/AF-Q9N431-F1-model_v4.pdb
0.391835573372672,0.273728353571088,0.351530078801933,0.0686511763207288,0.439879723841333,0.337068954997172,0.848086505524159,8.5377358490566,scoring/dir_003/AF-Q9N432-F1-model_v4.pdb
1.14163846349454,0.731376207640209,0.980143878685789,0.18636234541437,0.583096510412116,0.198318071128091,0.355374141032443,24.34375,scoring/dir_003/AF-Q9N456-F1-model_v4.pdb
0.78090853309165,0.406866465909707,0.71436012102357,0.117093801130894,0.371921048336311,0.200027642057421,0.609984590642661,15.0599520383693,scoring/dir_003/AF-Q9N471-F1-model_v4.pdb
0.690118110221809,0.363609216551019,0.620236667230522,0.0897276691082469,0.380496392024922,0.1968351297992,0.67976228830731,14.0810810810811,scoring/dir_003/AF-Q9N474-F1-model_v4.pdb
0.670005650880977,0.311208520462596,0.631052873149318,0.09594525570503,0.335861018875846,0.177198533263685,0.672365635312839,20.6872427983539,scoring/dir_003/AF-Q9N475-F1-model_v4.pdb
0.795527230808767,0.413269389228412,0.767495558928667,0.141428641785994,0.345879402691878,0.19466890244734,0.60714220441016,28.6803455723542,scoring/dir_003/AF-Q9N492-F1-model_v4.pdb
0.948054823089826,0.498420487596049,0.865435993469411,0.134629151488506,0.489576993307982,0.177781328876535,0.479740841535228,15.75,scoring/dir_003/AF-Q9N495-F1-model_v4.pdb
0.962489386452573,0.557617330973639,0.882330994645016,0.155358548592691,0.466910727517978,0.19594612243989,0.475111711287815,16.8115942028986,scoring/dir_003/AF-Q9N496-F1-model_v4.pdb
0.838262398143418,0.524917696538403,0.809315702805742,0.170327784730047,0.305404109418405,0.241466722968539,0.599047688550567,15.9473684210526,scoring/dir_003/AF-Q9N498-F1-model_v4.pdb
0.952897901697902,0.569936633857897,0.95611225697986,0.203602617014327,0.312144673984003,0.209928271087113,0.49913792679388,20.0853658536585,scoring/dir_003/AF-Q9N499-F1-model_v4.pdb
0.70298678455604,0.412859829513138,0.660292087447881,0.100341742343286,0.345455090198469,0.212036589316947,0.700746293586162,18.6062322946176,scoring/dir_003/AF-Q9N4A2-F1-model_v4.pdb
0.576477427137387,0.32986138157811,0.530650587542937,0.0812024060791897,0.305669549202354,0.223625427835484,0.741951106007658,15.0767045454545,scoring/dir_003/AF-Q9N4B5-F1-model_v4.pdb
0.783276995855486,0.561944742587952,0.747790566796753,0.133674640781224,0.570253368642468,0.272173642006986,0.671189601204556,14.0710900473934,scoring/dir_003/AF-Q9N4B7-F1-model_v4.pdb
0.818690768493213,0.492377961589416,0.762983867155472,0.139238181426634,0.433892196721423,0.221181694071634,0.599893194043032,21.226586102719,scoring/dir_003/AF-Q9N4C6-F1-model_v4.pdb
0.520621686195419,0.402214776697967,0.398033342434482,0.0392308562549012,0.847996518125868,0.333500269900874,0.825169316327126,3.84810126582278,scoring/dir_003/AF-Q9N4D8-F1-model_v4.pdb
0.882323641727362,0.520146482602258,0.867664330395737,0.146164220682046,0.343594340807169,0.195788843974246,0.55881689299414,31.3064516129032,scoring/dir_003/AF-Q9N4E4-F1-model_v4.pdb
0.660425355867259,0.402522972592509,0.576904902787924,0.096617265344025,0.359228265257619,0.243025024134062,0.697623767605348,16.3612716763006,scoring/dir_003/AF-Q9N4E7-F1-model_v4.pdb
0.977556429799579,0.656399818854181,0.902169937343804,0.18038103920981,0.378186227310306,0.243893789578774,0.501855036881372,15.5091743119266,scoring/dir_003/AF-Q9N4F0-F1-model_v4.pdb
0.934237585724806,0.513339924053375,0.885458852788193,0.152342670925607,0.256139837320588,0.18649769889715,0.504520200484687,20.3883495145631,scoring/dir_003/AF-Q9N4G1-F1-model_v4.pdb
0.585283293466858,0.307169669383319,0.514055055390651,0.0677959338854864,0.408298097728332,0.201621918405619,0.720302371354654,12.7735849056604,scoring/dir_003/AF-Q9N4G8-F1-model_v4.pdb
1.14699668835981,0.776483534388898,1.10216400568292,0.247543591829802,0.46019335269708,0.221392148826315,0.332433422213431,22.1195652173913,scoring/dir_003/AF-Q9N4G9-F1-model_v4.pdb
0.8364723421602,0.3915203820739,0.832321543950316,0.147597690867796,0.341467836634332,0.1701010805911,0.571546414312679,26.7005163511188,scoring/dir_003/AF-Q9N4I1-F1-model_v4.pdb
0.456706961051274,0.279194957783496,0.436070673739955,0.0659491281970279,0.299017982139367,0.233965403610465,0.822713868118528,13.7469879518072,scoring/dir_003/AF-Q9N4I6-F1-model_v4.pdb
0.631062348928912,0.38492112182345,0.609731391389688,0.101065371125482,0.279913200819671,0.231990461077491,0.738725759418735,23.1031390134529,scoring/dir_003/AF-Q9N4L8-F1-model_v4.pdb
0.980676244611769,0.512017642155253,0.969174311185089,0.181610328356563,0.389783602961938,0.179787317845233,0.440199178798568,35.7911227154047,scoring/dir_003/AF-Q9N4M8-F1-model_v4.pdb
0.774011275747385,0.516491388953823,0.719977430269742,0.134459923406428,0.412894426962272,0.262630019047458,0.62816445084543,9.08988764044944,scoring/dir_003/AF-Q9N4N1-F1-model_v4.pdb
0.526874419303977,0.3065039088221,0.493377725838686,0.0772967406922948,0.252169109479129,0.230854563842153,0.770452917097543,17.1823708206687,scoring/dir_003/AF-Q9N4N3-F1-model_v4.pdb
0.990879336810338,0.578608412382771,0.933870757557738,0.16365381827326,0.39868677791096,0.190552288594107,0.468379750085987,22.0702875399361,scoring/dir_003/AF-Q9N4P2-F1-model_v4.pdb
0.833435012066964,0.559537287178382,0.732521238364326,0.130003144021523,0.361413833778909,0.252416883565871,0.571366176109046,9.49748743718593,scoring/dir_003/AF-Q9N4P7-F1-model_v4.pdb
1.06632356189059,0.615880099373241,1.0649807663722,0.193859191035339,0.362992158203817,0.178248502650351,0.42326593828051,31.3003003003003,scoring/dir_003/AF-Q9N4V1-F1-model_v4.pdb
0.34996170843258,0.248402172069503,0.278110166655105,0.0382136213810078,0.414840956249551,0.341800048270935,0.868375689578904,4.87068965517241,scoring/dir_003/AF-Q9N509-F1-model_v4.pdb
0.810545584592713,0.518040295300564,0.760634324627433,0.125204745382801,0.338257948907656,0.223748201296991,0.64868157418443,15.5447470817121,scoring/dir_003/AF-Q9N524-F1-model_v4.pdb
0.755288044734354,0.425244040033286,0.646274110766544,0.0991660253288215,0.273962583729872,0.219403876305049,0.619858919678861,16.2673267326733,scoring/dir_003/AF-Q9N564-F1-model_v4.pdb
0.852628583833212,0.40384850169976,0.843777904743032,0.136564442399332,0.266505284396527,0.160561167238077,0.593617754861141,47.8006756756757,scoring/dir_003/AF-Q9N5A1-F1-model_v4.pdb
0.756814053289933,0.375158486408676,0.709025515633025,0.114243825393867,0.325211708652665,0.189686930655713,0.61420510189882,17.9153674832962,scoring/dir_003/AF-Q9N5A7-F1-model_v4.pdb
0.865489446784738,0.469423597340834,0.818310626317242,0.126410878491195,0.305631169760097,0.185038408477972,0.559616830477665,20.3254237288136,scoring/dir_003/AF-Q9N5E4-F1-model_v4.pdb
0.95809304948903,0.49242844151053,0.969750386765822,0.20040971920475,0.24717475013684,0.177649953032581,0.50344420400085,39.7258382642998,scoring/dir_003/AF-Q9N5E9-F1-model_v4.pdb
0.918246227786048,0.436827873899231,0.937921126094214,0.174886092221071,0.218604745074488,0.166116132335729,0.541259749021791,56.7457912457912,scoring/dir_003/AF-Q9N5F2-F1-model_v4.pdb
0.647940499314047,0.341985973063242,0.644027233550373,0.107734864500368,0.281422200950513,0.183732202488978,0.707277201188826,31.6988950276243,scoring/dir_003/AF-Q9N5F7-F1-model_v4.pdb
1.1085091100018,0.657640796842145,1.09064054970154,0.208394691855855,0.352563871476613,0.186910544011586,0.408606335684507,22.9268292682927,scoring/dir_003/AF-Q9N5H0-F1-model_v4.pdb
1.0787090489055,0.627766381640374,1.04576060565788,0.191434456311226,0.392156852821093,0.182131699454577,0.386957119322284,21.7438271604938,scoring/dir_003/AF-Q9N5H1-F1-model_v4.pdb
1.08030951653612,0.625315358295428,1.05647946512796,0.196448047695429,0.355149804798455,0.184050121578104,0.408467513307174,23.4875,scoring/dir_003/AF-Q9N5H2-F1-model_v4.pdb
1.00956946273579,0.564181415207972,0.942322319870223,0.168947516687331,0.455411514449962,0.187525843397787,0.434922032777234,20.2547169811321,scoring/dir_003/AF-Q9N5H3-F1-model_v4.pdb
0.568343718347404,0.313583221839082,0.452629232547145,0.0707320828499138,0.384938505593488,0.248046045135031,0.733828072264406,15.4914675767918,scoring/dir_003/AF-Q9N5M2-F1-model_v4.pdb
0.884537497476436,0.445721001515918,0.876456409461193,0.151691891028433,0.242169235144086,0.172113329235643,0.549506059942271,27.9519038076152,scoring/dir_003/AF-Q9N5M3-F1-model_v4.pdb
0.97659157497459,0.604330237600811,0.874613446596024,0.155152127403188,0.398864147509501,0.212475648991384,0.493138064003337,10.8091603053435,scoring/dir_003/AF-Q9N5P7-F1-model_v4.pdb
0.931134391419394,0.481347033010246,0.921348046762033,0.152476817370879,0.297332317148656,0.163237515192328,0.511375406237314,39.1573333333333,scoring/dir_003/AF-Q9N5S2-F1-model_v4.pdb
0.852400726974243,0.477360596926021,0.816879707143375,0.139018936805791,0.406028934605258,0.195613460397737,0.546558914125149,14.7522935779817,scoring/dir_003/AF-Q9N5S5-F1-model_v4.pdb
1.10296680566466,0.791937239234792,1.05635061243119,0.261648291492081,0.564778642521057,0.254087705190075,0.317410775755039,21.112676056338,scoring/dir_003/AF-Q9N5W6-F1-model_v4.pdb
0.395790365976919,0.301472375136737,0.340731448107023,0.0447401516057232,0.594345750786142,0.353200734326893,0.871115438908974,3.60392156862745,scoring/dir_003/AF-Q9N5Y0-F1-model_v4.pdb
0.755169021897688,0.453900174954176,0.725556031669626,0.133196551445187,0.441673501858537,0.222310122827211,0.637989139046498,32.1331360946746,scoring/dir_003/AF-Q9N5Z2-F1-model_v4.pdb
0.338979882213404,0.268739670407987,0.305780146402213,0.0394313804891084,0.57304090154112,0.367529880626412,0.903600889589593,6.4620253164557,scoring/dir_003/AF-Q9N5Z8-F1-model_v4.pdb
0.558965899167122,0.413861695387626,0.344291643796066,0.0435398577950076,0.705028287079368,0.364138265941708,0.746264060679286,3.71910112359551,scoring/dir_003/AF-Q9N6X1-F1-model_v4.pdb
0.72816422393865,0.444299072455636,0.696949966360674,0.109594095804868,0.345232189031012,0.203150358692498,0.683601047729517,22.0829493087558,scoring/dir_003/AF-Q9NA23-F1-model_v4.pdb
0.71385302514773,0.371959478767859,0.701491212025686,0.11452621607485,0.315794326197296,0.180952343529967,0.661776595596688,30.7977207977208,scoring/dir_003/AF-Q9NA32-F1-model_v4.pdb
1.04406054336563,0.607722810305315,0.983288669789326,0.170233221335335,0.474384849793215,0.178673861439314,0.427920335650903,22.4662162162162,scoring/dir_003/AF-Q9NA37-F1-model_v4.pdb
1.04340993738089,0.573129052675329,0.994917454602013,0.169382076344984,0.458253604686851,0.180794442237145,0.419153840891958,22.5379310344828,scoring/dir_003/AF-Q9NA57-F1-model_v4.pdb
1.11157793903969,0.704190507554254,1.00366502652009,0.169761698686221,0.398897558180766,0.187582254447319,0.366914226674228,13.6413502109705,scoring/dir_003/AF-Q9NA72-F1-model_v4.pdb
0.508739023582846,0.299860731599124,0.432923242441459,0.0622066978236699,0.403225083117765,0.247978291697045,0.771622808608199,9.79180887372014,scoring/dir_003/AF-Q9NA77-F1-model_v4.pdb
0.988611697043005,0.518115907178825,0.928054744796189,0.147702809724413,0.425119060058494,0.165489217255988,0.504344976927324,27.3506172839506,scoring/dir_003/AF-Q9NA78-F1-model_v4.pdb
0.798785949230977,0.379705066982708,0.764810238540518,0.11441507637908,0.371496821719485,0.166568766226081,0.610472536370431,26.864,scoring/dir_003/AF-Q9NA81-F1-model_v4.pdb
0.590739585122136,0.476235337342163,0.466865446221067,0.0721539962604309,0.674644860080783,0.398628752044356,0.778228117968104,3.51592356687898,scoring/dir_003/AF-Q9NAA4-F1-model_v4.pdb
0.445939165111028,0.300632619559594,0.368847822977541,0.0522453779112613,0.495408993769957,0.293065425406591,0.821148754047909,6.01515151515152,scoring/dir_003/AF-Q9NAC4-F1-model_v4.pdb
0.467656576092785,0.275153604587986,0.415587001045111,0.0529148398247022,0.41780064014863,0.227005160082024,0.814107421181019,8.43055555555556,scoring/dir_003/AF-Q9NAC5-F1-model_v4.pdb
0.858816900404073,0.412027303508198,0.843679005543283,0.160232485769074,0.271968407397501,0.185422284770333,0.575450325264412,50.6112185686654,scoring/dir_003/AF-Q9NAE1-F1-model_v4.pdb
0.544097624454619,0.300824279799028,0.504135291694987,0.069932061040961,0.411185206080442,0.200613002474275,0.75734203987656,16.448275862069,scoring/dir_003/AF-Q9NAE6-F1-model_v4.pdb
0.744460871189806,0.387479134309341,0.735783348322933,0.113590118073345,0.312214312914611,0.176094999511194,0.651622968860433,30.7922374429224,scoring/dir_003/AF-Q9NAF3-F1-model_v4.pdb
0.617142298190757,0.356187984057793,0.597127512849673,0.106420503351532,0.461015196705112,0.221027584908433,0.711674997326233,31.6323024054983,scoring/dir_003/AF-Q9NAF4-F1-model_v4.pdb
0.845049919123672,0.486389521119792,0.822647179616039,0.15541759300501,0.381570583476357,0.208173771943849,0.560098759555195,28.9779179810726,scoring/dir_003/AF-Q9NAF9-F1-model_v4.pdb
0.579822872735169,0.321693686390358,0.529083016439188,0.0866889184944843,0.366544399622116,0.222323702097406,0.739119811013389,12.7971014492754,scoring/dir_003/AF-Q9NAG2-F1-model_v4.pdb
0.963349981126738,0.730045907429738,0.796783604091672,0.133872183713397,0.456234043180486,0.336081716031542,0.636719614619891,4.57894736842105,scoring/dir_003/AF-Q9NAI7-F1-model_v4.pdb
1.08651378204421,0.667675371890644,1.0830266911699,0.215207724608325,0.262544893563732,0.186264303070969,0.428141873860883,34.2518796992481,scoring/dir_003/AF-Q9NAK8-F1-model_v4.pdb
0.854839649260582,0.444737135192156,0.79001406790885,0.121388238501351,0.36568448306838,0.184063030576142,0.574219084814327,20.5764411027569,scoring/dir_003/AF-Q9NAL1-F1-model_v4.pdb
0.716510222062949,0.366988030305049,0.710937223249597,0.115047682524983,0.284312210389169,0.183912198352082,0.674894485804621,35.1991701244813,scoring/dir_003/AF-Q9NAM3-F1-model_v4.pdb
0.761259162421022,0.386959698766833,0.750707751926332,0.124982171472914,0.227139345631004,0.178690845133274,0.647945483306856,33.7599164926931,scoring/dir_003/AF-Q9NAM4-F1-model_v4.pdb
0.682766868445575,0.397969513862497,0.630957405675643,0.0991023834705261,0.464499184938923,0.211132757251227,0.690290312396108,22.2191780821918,scoring/dir_003/AF-Q9NAN7-F1-model_v4.pdb
0.579530384466301,0.320048281607902,0.573019902897829,0.0973724131667408,0.27628143722815,0.199257225565194,0.75024616654847,30.2263610315186,scoring/dir_003/AF-Q9NAQ1-F1-model_v4.pdb
1.29824178900794,1.05811706172604,1.19906027117666,0.30341188122123,0.353214812883159,0.254619432621433,0.217067696570443,9.65189873417722,scoring/dir_003/AF-Q9NAQ5-F1-model_v4.pdb
0.72498340110476,0.505134768770211,0.6770848566035,0.120740501734675,0.327675583790161,0.279584519103119,0.679963555445981,9.46987951807229,scoring/dir_003/AF-Q9NEK7-F1-model_v4.pdb
0.775580778188209,0.474529651860709,0.694343121526654,0.108910451031841,0.529442590881332,0.228112385265184,0.622395705380174,14.3624454148472,scoring/dir_003/AF-Q9NEX2-F1-model_v4.pdb
0.921581754581516,0.626117342189626,0.864944247140734,0.155170607214002,0.399529599621019,0.228059966482621,0.571993988216078,19.0991379310345,scoring/dir_003/AF-Q9NEY7-F1-model_v4.pdb
0.625277604332094,0.414439413202833,0.107764842659245,0.0264440812439503,0.93837150382202,0.408801711579621,0.673363265681597,3.49565217391304,scoring/dir_003/AF-Q9NF10-F1-model_v4.pdb
0.871946589072231,0.478879466051657,0.829840456651005,0.129528137657715,0.431812380141517,0.180408644080547,0.552991506190261,18.9094202898551,scoring/dir_003/AF-Q9NF23-F1-model_v4.pdb
0.928348897747319,0.521361823693128,0.877425125604146,0.151336117527472,0.330577032970304,0.190759815926965,0.545346114293739,25.8404255319149,scoring/dir_003/AF-Q9NF29-F1-model_v4.pdb
1.14408404629554,0.86771128188682,1.05318624206143,0.227120522654618,0.408629262816486,0.248442770218794,0.385879465415741,16.5878378378378,scoring/dir_003/AF-Q9NHA1-F1-model_v4.pdb
0.753067688269268,0.396451609691393,0.726163905553248,0.111080343524551,0.412881314543302,0.1733762447772,0.633115702598621,21.4858934169279,scoring/dir_003/AF-Q9NHZ6-F1-model_v4.pdb
1.31980315181037,1.21865091194206,1.23768160492988,0.38832718507725,0.444044802493813,0.316739529110682,0.199427033137421,11.4660194174757,scoring/dir_003/AF-Q9NL70-F1-model_v4.pdb
0.609630077413278,0.307451574055716,0.552440078401064,0.0915661663698388,0.340392381147396,0.201953011747965,0.698485788236477,22.4547325102881,scoring/dir_003/AF-Q9NLD2-F1-model_v4.pdb
0.948839026706829,0.652038351377301,0.805730827551543,0.125856000109978,0.619917964076673,0.23045812654471,0.543487858454514,12.2627118644068,scoring/dir_003/AF-Q9TX84-F1-model_v4.pdb
1.11910638082974,0.659032795489481,0.876772234937743,0.164324888438682,0.415711312563484,0.254482408077518,0.415715148655916,5.6,scoring/dir_003/AF-Q9TX85-F1-model_v4.pdb
1.14711793436356,0.985022737795876,1.05936690011451,0.338725555865093,0.594793946074725,0.337527189242682,0.297196524667426,10.8314606741573,scoring/dir_003/AF-Q9TX99-F1-model_v4.pdb
1.33859927857067,1.17529174469613,1.373541546844,0.482521743987013,0.307795885963351,0.333530487817076,0.267756732213846,12.6,scoring/dir_003/AF-Q9TXA0-F1-model_v4.pdb
1.26012250054009,1.16556557273361,1.23728270557991,0.417831265237685,0.367904483535984,0.327499268421365,0.214870124350237,10.1702127659574,scoring/dir_003/AF-Q9TXA1-F1-model_v4.pdb
1.36933126529522,1.36739149966967,1.33752569911346,0.522215230223559,0.380714650959441,0.358921629507203,0.131070966754558,9.58333333333333,scoring/dir_003/AF-Q9TXA3-F1-model_v4.pdb
0.479066752776447,0.311896604791756,0.453245303354771,0.0774950393581727,0.373626063433316,0.272408421092404,0.815093368899163,12.1081081081081,scoring/dir_003/AF-Q9TXK3-F1-model_v4.pdb
0.907886834890252,0.525958597609561,0.910359812070768,0.174730059842944,0.219551750985847,0.198426377791999,0.576578163005705,35.9065934065934,scoring/dir_003/AF-Q9TXL2-F1-model_v4.pdb
0.98918001557209,0.564606456454646,0.99165286013527,0.211896076709488,0.307026494418373,0.19343853377428,0.456203588783417,39.7267267267267,scoring/dir_003/AF-Q9TXL3-F1-model_v4.pdb
0.988244400187878,0.71416221046045,0.939443035569161,0.199647501169973,0.511129122201636,0.255477184243026,0.520491675582813,15.9705882352941,scoring/dir_003/AF-Q9TXP0-F1-model_v4.pdb
0.74144094858575,0.428390926909955,0.725647556518607,0.128914478968727,0.299607190306593,0.220892857323805,0.669377566192145,24.5331325301205,scoring/dir_003/AF-Q9TXP8-F1-model_v4.pdb
0.750240311385224,0.394671289541855,0.723903163422545,0.115659815135919,0.322844715975091,0.184242036571093,0.64377077607266,19.7900262467192,scoring/dir_003/AF-Q9TXQ0-F1-model_v4.pdb
0.800816752014881,0.497990994924523,0.779115247277836,0.134562204160094,0.430799022670684,0.215450310265673,0.627685515856018,20.1383928571429,scoring/dir_003/AF-Q9TXQ4-F1-model_v4.pdb
0.396642452808305,0.270824239634349,0.248064009173609,0.0240371604633113,0.900664588276643,0.334686656913367,0.833624088002288,3.5,scoring/dir_003/AF-Q9TXQ6-F1-model_v4.pdb
0.783290885908396,0.405648688500957,0.690158589916275,0.118929351934413,0.41959704983251,0.200762352971971,0.584486839514189,19.4162790697674,scoring/dir_003/AF-Q9TXS4-F1-model_v4.pdb
0.568262779251756,0.350521031201272,0.54043620304072,0.0921481102125565,0.363395837265884,0.243235401218483,0.759450536946717,23.7472118959108,scoring/dir_003/AF-Q9TXS7-F1-model_v4.pdb
1.01459671802866,0.545743339276552,0.999392922653106,0.178344511949361,0.24400254299678,0.171786416655435,0.490627615868049,38.9954233409611,scoring/dir_003/AF-Q9TXX2-F1-model_v4.pdb
0.904571499573073,0.508260659243516,0.885588747221987,0.178393212272966,0.445081263400452,0.198602124132468,0.507020804922708,31.6628352490421,scoring/dir_003/AF-Q9TXX6-F1-model_v4.pdb
1.0896941666125,0.654659616519144,0.944794067369852,0.176020873351302,0.611305415464905,0.186030333318338,0.341202428856529,25.2131147540984,scoring/dir_003/AF-Q9TXY8-F1-model_v4.pdb
0.956564283763794,0.596545057863104,0.886297543764084,0.156377194879359,0.337559564126563,0.217916160603246,0.496998278954743,12.5283687943262,scoring/dir_003/AF-Q9TXZ7-F1-model_v4.pdb
1.03513906659617,0.58584234230868,0.945166461838321,0.157322451689737,0.530017778265258,0.178378115825187,0.417829850786512,18.514880952381,scoring/dir_003/AF-Q9TY03-F1-model_v4.pdb
0.800006226876881,0.417460906960755,0.699885669469648,0.0947898291767272,0.448356288332672,0.187074219643098,0.571473233359164,13.1812297734628,scoring/dir_003/AF-Q9TY27-F1-model_v4.pdb
1.04929698975497,0.739964225692468,0.975362041653932,0.219879317941969,0.427230761562696,0.267648030574248,0.430250244616579,6.46478873239437,scoring/dir_003/AF-Q9TYI4-F1-model_v4.pdb
0.493024715196772,0.361330411851348,0.451181855626579,0.0633178513993764,0.547320404355609,0.303928034901753,0.829061643380238,9.18018018018018,scoring/dir_003/AF-Q9TYJ8-F1-model_v4.pdb
0.764103620332508,0.52622337146903,0.678458900139929,0.116952106954851,0.407437695866806,0.274677401064227,0.649691922290854,9.63768115942029,scoring/dir_003/AF-Q9TYK2-F1-model_v4.pdb
0.630197723248801,0.356242527329078,0.597784555272455,0.100913585130266,0.283078968514904,0.210762115600991,0.731203518727373,23.2509960159363,scoring/dir_003/AF-Q9TYK6-F1-model_v4.pdb
0.423571684960534,0.329626292676604,0.310944297155706,0.0462079526415784,0.81040811019313,0.387624703971212,0.837900199635604,3.48818897637795,scoring/dir_003/AF-Q9TYK7-F1-model_v4.pdb
0.816597805228648,0.44221638027941,0.815914964205113,0.14349990433647,0.286342478105843,0.184088177726358,0.621766823832585,39.5536585365854,scoring/dir_003/AF-Q9TYL1-F1-model_v4.pdb
0.610585190158602,0.314306307059387,0.564786029767023,0.0783777542074418,0.344334582204476,0.196903873137836,0.710721955429491,13.361858190709,scoring/dir_003/AF-Q9TYL6-F1-model_v4.pdb
0.980986304737954,0.567068067199566,0.899935364259396,0.171016205569695,0.425307802484488,0.203470840188515,0.473975391555474,16.2581602373887,scoring/dir_003/AF-Q9TYN1-F1-model_v4.pdb
0.363571811727532,0.283271422427054,0.253615068898439,0.0264399804140592,0.842047259855178,0.380112310944609,0.876797185377567,3.50218340611354,scoring/dir_003/AF-Q9TYN4-F1-model_v4.pdb
1.09962468580395,0.664562925796865,1.08257543743714,0.207357553743519,0.348152636829292,0.186194029495395,0.373117958183582,24.3885350318471,scoring/dir_003/AF-Q9TYS7-F1-model_v4.pdb
0.696847815622161,0.34981499580428,0.670239602646358,0.0970686017928538,0.351517862405075,0.174783519383475,0.675051642983518,25.6361256544503,scoring/dir_003/AF-Q9TYW7-F1-model_v4.pdb
0.844129614678207,0.462228633991081,0.842122151610312,0.146060261062634,0.306370987248739,0.185372063889577,0.579535963763669,37.2694610778443,scoring/dir_003/AF-Q9TYZ6-F1-model_v4.pdb
0.794918573528568,0.36481392126555,0.761512052148991,0.123093053124125,0.374377086490748,0.169527042073577,0.583838292815481,18.6058091286307,scoring/dir_003/AF-Q9TZ28-F1-model_v4.pdb
0.831389845697778,0.406105525207052,0.811699893662879,0.12408829742103,0.350309640838902,0.165370886521372,0.588066854490789,25.2494802494803,scoring/dir_003/AF-Q9TZ29-F1-model_v4.pdb
0.865553694005258,0.440375547572514,0.82307630298363,0.155979453593072,0.231247141632009,0.191954481392728,0.54736464618232,33.6465863453815,scoring/dir_003/AF-Q9TZ35-F1-model_v4.pdb
0.870819124718838,0.435867298466569,0.866987699545586,0.151300963531585,0.265784418299944,0.174189168666318,0.556033350664444,27.2839805825243,scoring/dir_003/AF-Q9TZ36-F1-model_v4.pdb
0.965061402909054,0.518997739839931,0.832018961901071,0.121638726639735,0.457649299346165,0.17380942516161,0.493159280962661,23.5602094240838,scoring/dir_003/AF-Q9TZ51-F1-model_v4.pdb
0.779144150272347,0.356901060820268,0.758806976463508,0.124073966775712,0.343616781549939,0.170251079006907,0.606991761166441,24.7938311688312,scoring/dir_003/AF-Q9TZ69-F1-model_v4.pdb
0.715301633117757,0.36875039871266,0.711735309685794,0.116860671791772,0.255749562498758,0.17632023288929,0.671389315290687,39.8434579439252,scoring/dir_003/AF-Q9TZ75-F1-model_v4.pdb
0.816876435386709,0.415645049356511,0.787537596250944,0.115736780928729,0.337202139328403,0.17503455070721,0.622874241944144,22.547619047619,scoring/dir_003/AF-Q9TZ78-F1-model_v4.pdb
0.378146508527507,0.272201411546755,0.3026816066138,0.0362563462682847,0.484058322951443,0.336869301521242,0.864676488512031,7.76699029126214,scoring/dir_003/AF-Q9TZ90-F1-model_v4.pdb
0.573307035840789,0.40781282460874,0.472030469768268,0.0539565958218265,0.656616844316092,0.272195584212232,0.786284541653815,5.84732824427481,scoring/dir_003/AF-Q9TZ91-F1-model_v4.pdb
1.10383133312896,0.663576656972401,1.09340385775777,0.22156253178744,0.302608427283089,0.188851654733262,0.423610019883732,23.5890804597701,scoring/dir_003/AF-Q9TZ93-F1-model_v4.pdb
0.845746926251389,0.450670481648025,0.85121134125731,0.160652017430854,0.178157801625232,0.18856760659761,0.599459088885282,36.7685714285714,scoring/dir_003/AF-Q9TZ94-F1-model_v4.pdb
1.07508288489342,0.669814193097419,1.09184914303241,0.237421044689561,0.232392354324557,0.19947666610213,0.447648100876846,37.9623824451411,scoring/dir_003/AF-Q9TZ95-F1-model_v4.pdb
0.727402010921597,0.445392313265408,0.675000585833608,0.115628797385202,0.341525653990939,0.237626483016164,0.657332392152589,19.3795918367347,scoring/dir_003/AF-Q9TZA5-F1-model_v4.pdb
0.6237375179572,0.372292965653451,0.567011562086096,0.0734304325420939,0.430174291588342,0.215655864053875,0.721492325504031,10.4,scoring/dir_003/AF-Q9TZB4-F1-model_v4.pdb
0.626687724294595,0.487956223190504,0.488149358061634,0.0827857684579771,0.590612447815182,0.398225365387146,0.742339799743561,3.50746268656716,scoring/dir_003/AF-Q9TZD2-F1-model_v4.pdb
0.617945767183517,0.469221581968403,0.519547470048113,0.0720215713146777,0.610484525146206,0.332292142678506,0.75715559594282,3.81111111111111,scoring/dir_003/AF-Q9TZE0-F1-model_v4.pdb
0.802409158390844,0.436237272630656,0.802658051195995,0.138413308315739,0.241264466468333,0.183558691598168,0.631374781460781,38.4902912621359,scoring/dir_003/AF-Q9TZF6-F1-model_v4.pdb
1.01687031008471,0.644005645348674,0.991300935990712,0.187381575387925,0.400247052227558,0.204566326206849,0.436233820320409,25.780269058296,scoring/dir_003/AF-Q9TZF9-F1-model_v4.pdb
0.795069104968737,0.481093367251723,0.765758884598355,0.122468006492586,0.310094408850069,0.203822364136078,0.669290112340446,23.5641025641026,scoring/dir_003/AF-Q9TZH6-F1-model_v4.pdb
0.786112549811059,0.49219565610462,0.769085622101408,0.134304651749029,0.40312969659981,0.22953828245363,0.626327191947402,12.3005952380952,scoring/dir_003/AF-Q9TZK4-F1-model_v4.pdb
0.738174143349684,0.356764800845048,0.687545901664948,0.10269721559823,0.266579207598887,0.188451229496256,0.634434503253973,16.5208791208791,scoring/dir_003/AF-Q9TZL1-F1-model_v4.pdb
0.813053715884964,0.398317932523501,0.800692761883786,0.131941152762571,0.312577164378792,0.169612493118467,0.58957505893484,18.7707317073171,scoring/dir_003/AF-Q9TZL5-F1-model_v4.pdb
0.914686541144847,0.568240896727058,0.908627597199052,0.167856083520355,0.339955054556443,0.210003738829931,0.552578209781901,20.8358208955224,scoring/dir_003/AF-Q9TZM6-F1-model_v4.pdb
1.02446618071822,0.515858411877237,1.0082842581751,0.177531584709985,0.292548841155198,0.170140856179125,0.468055874094174,36.3370044052863,scoring/dir_003/AF-Q9TZN1-F1-model_v4.pdb
0.438462279808311,0.317188546323812,0.369514425209208,0.0430082590863177,0.591327757969782,0.30434202578445,0.840926064251998,4.70909090909091,scoring/dir_003/AF-Q9U1P7-F1-model_v4.pdb
0.857255456561388,0.408938880502218,0.825200161788566,0.133347139096872,0.372601768197829,0.168576059344652,0.568711403023656,26.8236514522822,scoring/dir_003/AF-Q9U1Q1-F1-model_v4.pdb
0.621668718716898,0.295073758357272,0.541483975033951,0.0758451571229879,0.341397480398798,0.187391136036833,0.669353323298195,20.4744897959184,scoring/dir_003/AF-Q9U1R9-F1-model_v4.pdb
0.690477356183786,0.310221115990758,0.647034675396529,0.0951050785819906,0.370053706933242,0.171249555733132,0.660476715610372,24.4242424242424,scoring/dir_003/AF-Q9U1S1-F1-model_v4.pdb
0.669483301058422,0.367300871873661,0.647698391362121,0.101603317541442,0.321481776073688,0.201829444990589,0.685222972067286,22.563025210084,scoring/dir_003/AF-Q9U1T2-F1-model_v4.pdb
0.748516966509196,0.387907698863396,0.75250329079145,0.149698172340392,0.267889659373313,0.201490918239118,0.642682777967145,29.8669833729216,scoring/dir_003/AF-Q9U1U8-F1-model_v4.pdb
1.1061542835154,0.70446023865355,1.11131255036794,0.252426155065011,0.27550330880304,0.224836142922848,0.452795318826164,23.85,scoring/dir_003/AF-Q9U1W8-F1-model_v4.pdb
0.883223036452502,0.504675463141619,0.844506748025376,0.157059069796674,0.354901277176343,0.209381918612976,0.542826200166896,29.91961414791,scoring/dir_003/AF-Q9U1X8-F1-model_v4.pdb
0.87502611607662,0.433828540612963,0.832894398951695,0.134939789355899,0.403748843107046,0.167843068705355,0.556065989554869,27.0019342359768,scoring/dir_003/AF-Q9U1Y0-F1-model_v4.pdb
0.676344068732957,0.348566798831438,0.645232145133468,0.0932902036734748,0.304019563713357,0.185237826491885,0.711419603225227,25.6913946587537,scoring/dir_003/AF-Q9U204-F1-model_v4.pdb
1.00376320815738,0.596987754574821,0.9377944080085,0.171278676598052,0.419820610939505,0.196194456822866,0.460689934297315,26.1513353115727,scoring/dir_003/AF-Q9U228-F1-model_v4.pdb
0.697925879621757,0.398664960080311,0.663982136400879,0.107969196417987,0.369710293999868,0.21150075400841,0.680349334134173,27.0675324675325,scoring/dir_003/AF-Q9U238-F1-model_v4.pdb
0.767614490949851,0.453610289875092,0.721044287070841,0.103823540149611,0.364816177219337,0.203680840470663,0.653955873798617,14.0818181818182,scoring/dir_003/AF-Q9U239-F1-model_v4.pdb
0.700583511355318,0.437501938799361,0.638377326141544,0.0882016919041323,0.450874066721343,0.210871514055224,0.692454211862424,16.6267281105991,scoring/dir_003/AF-Q9U241-F1-model_v4.pdb
0.65192007553483,0.329213989540831,0.629649642465981,0.099739846914816,0.303421005182648,0.188784122691195,0.69833778150574,17.5523255813953,scoring/dir_003/AF-Q9U256-F1-model_v4.pdb
0.888834075554457,0.632655389301088,0.810474092278459,0.164645531326552,0.504091552850242,0.26458546530362,0.575694986653424,9.32663316582914,scoring/dir_003/AF-Q9U2A8-F1-model_v4.pdb
0.669684269217182,0.316378262193973,0.630874393141543,0.0902373786797673,0.321358478119915,0.175434452055473,0.678308022163387,17.3670886075949,scoring/dir_003/AF-Q9U2F8-F1-model_v4.pdb
0.777638592977048,0.485234127160961,0.755806613227426,0.134307931811326,0.337831177606992,0.224425967600254,0.647953534170209,15.3820224719101,scoring/dir_003/AF-Q9U2H6-F1-model_v4.pdb
0.546859006556185,0.338046201932431,0.516682645722166,0.0920276179848879,0.38857587816662,0.255090652219528,0.774670486960284,12.3821989528796,scoring/dir_003/AF-Q9U2J2-F1-model_v4.pdb
1.03895368602487,0.575563515570331,1.01774968160022,0.183581480386127,0.282361745977293,0.170629029681305,0.451268943575155,36.4243902439024,scoring/dir_003/AF-Q9U2M7-F1-model_v4.pdb
1.06565711483235,0.706064402578626,0.903026220463243,0.149823721925378,0.460647286423794,0.202083256014621,0.421145891087192,14.5392156862745,scoring/dir_003/AF-Q9U2N1-F1-model_v4.pdb
0.759622216629696,0.452018086128612,0.760869966064501,0.14426328840588,0.230687389699695,0.210527299991812,0.66854839822738,32.7407407407407,scoring/dir_003/AF-Q9U2N3-F1-model_v4.pdb
0.96222291414427,0.4956674895209,0.969820658266497,0.182549211241111,0.234765137437112,0.169133231884591,0.523338681095255,46.4792452830189,scoring/dir_003/AF-Q9U2Q0-F1-model_v4.pdb
1.03755809761618,0.721379383393959,0.757427733469706,0.147408225735552,0.499445144935336,0.297402153024477,0.490362326638236,6.98214285714286,scoring/dir_003/AF-Q9U2R7-F1-model_v4.pdb
0.955082501009836,0.465041987239259,0.912636486726012,0.147059810447959,0.466647260903579,0.160231820739793,0.480188648189792,32.591439688716,scoring/dir_003/AF-Q9U2S4-F1-model_v4.pdb
0.872644423626018,0.464926959566284,0.871352975711159,0.165847806898722,0.249432787522309,0.18866430798997,0.569219388012952,41.164265129683,scoring/dir_003/AF-Q9U2W1-F1-model_v4.pdb
0.897960324493049,0.470572405391617,0.869310380999251,0.143073947568357,0.346453426237681,0.18091105516814,0.543272081099762,24.5579710144928,scoring/dir_003/AF-Q9U2Z8-F1-model_v4.pdb
0.661328022298287,0.392428515607169,0.616681605373594,0.108937342848609,0.332296937180833,0.234623676922351,0.686181784009204,15.251256281407,scoring/dir_003/AF-Q9U2Z9-F1-model_v4.pdb
0.533789849073585,0.327875310585947,0.48976230293428,0.0861738419903184,0.359863438206411,0.266728612661445,0.767405639216808,9.69830508474576,scoring/dir_003/AF-Q9U329-F1-model_v4.pdb
1.01100579975171,0.588778976981121,0.96441787992999,0.190481277209379,0.442996577962027,0.196050965815202,0.447062448547521,30.5633802816901,scoring/dir_003/AF-Q9U332-F1-model_v4.pdb
0.579597038390478,0.404262650245849,0.497179740121993,0.0681514757129498,0.479035193367908,0.284470774959201,0.771195837676157,7.4010152284264,scoring/dir_003/AF-Q9U333-F1-model_v4.pdb
0.747386248468361,0.362715623431668,0.704798688470781,0.112999656781155,0.392687904165073,0.176557050808421,0.633848668957224,19.6851063829787,scoring/dir_003/AF-Q9U354-F1-model_v4.pdb
0.823015550992593,0.472900249689903,0.737009698659063,0.147583082185371,0.331091959849224,0.238597447189501,0.554920756937167,10.7161016949153,scoring/dir_003/AF-Q9U357-F1-model_v4.pdb
0.655776566470637,0.32972699172327,0.589757666470381,0.0912054795283761,0.374868413105323,0.194391598759615,0.672655289187532,21.2881355932203,scoring/dir_003/AF-Q9U379-F1-model_v4.pdb
0.611503093922331,0.408453830258564,0.56414568047472,0.109197140366473,0.377280522908646,0.288574759849814,0.743037190688434,17.0571428571429,scoring/dir_003/AF-Q9U382-F1-model_v4.pdb
0.923456589443605,0.472069674993357,0.916250637133847,0.177697762459182,0.351785713316265,0.180565341872218,0.488064927153515,38.5121359223301,scoring/dir_003/AF-Q9U388-F1-model_v4.pdb
0.961277044867161,0.745804425618983,0.851244646271237,0.137846985453778,0.509194185838173,0.281646649628094,0.585546602383151,8.1294964028777,scoring/dir_003/AF-Q9U391-F1-model_v4.pdb
0.711474010329125,0.415892128381214,0.703730350517716,0.126699811931138,0.267230162767784,0.211174894142,0.696554653227101,25.1700879765396,scoring/dir_003/AF-Q9U3A1-F1-model_v4.pdb
0.777955768101293,0.371843102984169,0.735819663535014,0.111001655463384,0.346087905878701,0.175241964763465,0.61950030921054,31.4423963133641,scoring/dir_003/AF-Q9U3B1-F1-model_v4.pdb
0.501463363867686,0.345057652283404,0.214310476054167,0.0412445501252384,0.868939184336137,0.389946642493322,0.765909694515984,3.5,scoring/dir_003/AF-Q9U3B7-F1-model_v4.pdb
0.516258440287548,0.318751122843952,0.421247347060913,0.0495069872115863,0.379930682212548,0.258842250267263,0.765747613822511,6.54140127388535,scoring/dir_003/AF-Q9U3C2-F1-model_v4.pdb
1.12306324127513,0.700791207778265,1.10370545726555,0.214577227797904,0.404230199057621,0.189479678810147,0.355438151335375,29.4007352941176,scoring/dir_003/AF-Q9U3C4-F1-model_v4.pdb
0.71007742627704,0.446369783809231,0.685970155972508,0.112593239271128,0.452983126286307,0.228839628925028,0.683785721265917,12.9481865284974,scoring/dir_003/AF-Q9U3E9-F1-model_v4.pdb
1.05064622099507,0.614894510531135,1.06482971200415,0.226701250451505,0.262901247540515,0.197695094411175,0.44678903391022,30.7196261682243,scoring/dir_003/AF-Q9U3G6-F1-model_v4.pdb
0.821896211803615,0.600109179152254,0.751030177975662,0.158561584985144,0.394797195285596,0.309007538111832,0.605867168478217,5.24576271186441,scoring/dir_003/AF-Q9U3H4-F1-model_v4.pdb
0.907296146179357,0.709638207253063,0.835078304700992,0.184176640144351,0.532290775793302,0.308559650298778,0.583544050506669,14.4683544303797,scoring/dir_003/AF-Q9U3I0-F1-model_v4.pdb
0.735509653076836,0.52790663979495,0.643582253146083,0.0919944234129536,0.4914573741416,0.276373736379126,0.692871174556903,5.152,scoring/dir_003/AF-Q9U3I4-F1-model_v4.pdb
0.56690294943134,0.347066554113487,0.479817935142442,0.0675460117584065,0.415998330539553,0.264982788789981,0.747319646060548,10.3133802816901,scoring/dir_003/AF-Q9U3J2-F1-model_v4.pdb
0.495782834280272,0.327914472739616,0.408148058242692,0.0553191299623971,0.479468337364869,0.292307519800491,0.7895343818057,6.40689655172414,scoring/dir_003/AF-Q9U3J3-F1-model_v4.pdb
0.899865254212653,0.587750674196498,0.825355554844471,0.142483977605884,0.461900028287171,0.230847096899857,0.539248347499671,14.7450199203187,scoring/dir_003/AF-Q9U3J9-F1-model_v4.pdb
1.00706637172427,0.556983421490627,0.987637834124532,0.186992620187416,0.345600712583851,0.191693406005827,0.46775042728549,26.8456790123457,scoring/dir_003/AF-Q9U3L4-F1-model_v4.pdb
0.549931841687814,0.335618756270885,0.46505930096021,0.0601665084213868,0.577319797508254,0.249346968306862,0.757265713724589,6.13805970149254,scoring/dir_003/AF-Q9U3L9-F1-model_v4.pdb
0.813195488059185,0.391598451130629,0.758967551398455,0.104176683878036,0.30972426537463,0.165482755736404,0.614859156527004,21.4444444444444,scoring/dir_003/AF-Q9U3N8-F1-model_v4.pdb
1.08161564281495,0.679102860603004,0.968117225992697,0.156009147949951,0.413240207250817,0.193127237958582,0.419304872346147,16.7286821705426,scoring/dir_003/AF-Q9U3T5-F1-model_v4.pdb
0.633636937427669,0.306932678532865,0.603957535294151,0.0857122803498338,0.335900484747321,0.18019719162127,0.714977425531589,24.6621621621622,scoring/dir_003/AF-Q9U4D4-F1-model_v4.pdb
0.852727631818119,0.381131850239328,0.834201402232397,0.142739757598533,0.314771327446417,0.164113041680303,0.561442218091143,27.5026642984014,scoring/dir_003/AF-Q9U589-F1-model_v4.pdb
1.03387086502104,0.560665180028448,1.03440745755612,0.194904807296023,0.305594006435859,0.178413309441834,0.449556534636454,34.0222841225627,scoring/dir_003/AF-Q9U5B1-F1-model_v4.pdb
0.750813052614607,0.367909603083223,0.749699042766896,0.130492372584184,0.275057479464636,0.182791494051372,0.659677495942938,33.5615384615385,scoring/dir_003/AF-Q9U5B4-F1-model_v4.pdb
0.587253002692882,0.347443229907051,0.427164242397091,0.0603776409210023,0.516559565614919,0.258696201760967,0.699222350193135,6.57360406091371,scoring/dir_003/AF-Q9U5B6-F1-model_v4.pdb
0.927890579825887,0.463645109612211,0.882306791211701,0.14701760247974,0.357162540911079,0.177519142987636,0.523037861323063,24.2857142857143,scoring/dir_003/AF-Q9U757-F1-model_v4.pdb
0.88236250455737,0.416032880106468,0.880376846478469,0.154663077621842,0.388731651427338,0.170464427541833,0.541097102487347,36.3793859649123,scoring/dir_003/AF-Q9U7D3-F1-model_v4.pdb
0.517509164562824,0.290295200098623,0.494855263067573,0.0729895150323987,0.377413481110401,0.211032536133185,0.784026526826862,17.5272727272727,scoring/dir_003/AF-Q9UA63-F1-model_v4.pdb
0.736471486821571,0.449185520126083,0.705772634428347,0.128179630596442,0.423963158961597,0.227604897152524,0.637393797380352,16.7745098039216,scoring/dir_003/AF-Q9UAN5-F1-model_v4.pdb
0.813080340411674,0.404501906339481,0.813745802076517,0.157692973124286,0.317138897999879,0.193100392340093,0.589244948645848,26.4895833333333,scoring/dir_003/AF-Q9UAZ2-F1-model_v4.pdb
0.620262157021738,0.428479158625195,0.538564549562263,0.0732522435354953,0.365258160892754,0.272697009759016,0.761436798833082,9.9906103286385,scoring/dir_003/AF-Q9XTS5-F1-model_v4.pdb
1.01934369980233,0.645966117080302,0.99731313902487,0.203273055886202,0.335368578308813,0.210001819156434,0.437718535700416,20.8541666666667,scoring/dir_003/AF-Q9XTU6-F1-model_v4.pdb
1.08142742399292,0.671728594060683,1.05509861474088,0.211042478793125,0.37897088970475,0.19387571548789,0.406407448595203,21.3065476190476,scoring/dir_003/AF-Q9XTU9-F1-model_v4.pdb
0.751494010587754,0.426256968822156,0.685943728657591,0.116774805718643,0.423933279936018,0.212125696313342,0.634526367425586,14.588,scoring/dir_003/AF-Q9XTV4-F1-model_v4.pdb
0.634600741909196,0.323470134937594,0.571127596385842,0.0753783208344453,0.268558477581055,0.188693315345336,0.676733794768555,15.2993039443155,scoring/dir_003/AF-Q9XTV9-F1-model_v4.pdb
0.582541845858683,0.371311012198263,0.493905373330416,0.0659779025382752,0.651967529453422,0.242210247788014,0.755207309752233,6.27857142857143,scoring/dir_003/AF-Q9XTW5-F1-model_v4.pdb
1.05057124095675,0.720712195469941,1.00888468767782,0.22334172343469,0.353649863509183,0.237583801987624,0.423588435973658,13.7756097560976,scoring/dir_003/AF-Q9XTY0-F1-model_v4.pdb
0.611400044983596,0.360736676965221,0.598494869764254,0.110031165095417,0.351552537971181,0.224636425099574,0.737864243859933,24.5964912280702,scoring/dir_003/AF-Q9XTY5-F1-model_v4.pdb
0.503423506704382,0.344199554745579,0.263959114132377,0.0316897499862095,0.852006035774099,0.338528455168673,0.757781459660559,4.04188481675393,scoring/dir_003/AF-Q9XU21-F1-model_v4.pdb
0.807961308999479,0.416333104638957,0.759242823121828,0.123089416473333,0.370694733840888,0.181530464284638,0.57800317899451,18.5988200589971,scoring/dir_003/AF-Q9XU27-F1-model_v4.pdb
0.694201461015197,0.313280007969082,0.644573835210734,0.0899240137626132,0.442725708523076,0.16683182883055,0.647382055816382,17.3471400394477,scoring/dir_003/AF-Q9XU37-F1-model_v4.pdb
0.744853055677177,0.3424275658807,0.70092174793357,0.0956702025037974,0.3145758659615,0.166348069886256,0.647226425162698,20.5,scoring/dir_003/AF-Q9XU54-F1-model_v4.pdb
0.747646122874446,0.367798058454225,0.718057517386754,0.115543747770619,0.309538072390445,0.180427467594397,0.62878010620077,26.1161048689139,scoring/dir_003/AF-Q9XU81-F1-model_v4.pdb
1.01113062569918,0.606340086698199,0.991608160459549,0.182618162129706,0.364244553919546,0.189677707680404,0.490552605741268,35.9210526315789,scoring/dir_003/AF-Q9XU92-F1-model_v4.pdb
0.673216063782603,0.539740964012224,0.480387869262791,0.056350507698333,0.655259041877078,0.365437639216768,0.719676995871707,3.69343065693431,scoring/dir_003/AF-Q9XU97-F1-model_v4.pdb
1.07678137582144,0.581313939593276,1.07710751093548,0.207344568227372,0.270428074172149,0.171482978711354,0.426457860117854,36.8976744186047,scoring/dir_003/AF-Q9XUC9-F1-model_v4.pdb
0.863887516180995,0.428761787644867,0.811915807373893,0.135119211183125,0.493338369638499,0.176007199464501,0.522552916475925,19.5479452054795,scoring/dir_003/AF-Q9XUF0-F1-model_v4.pdb
0.770239318098545,0.554856038574249,0.558868441073627,0.0713383334945295,0.538571191082535,0.302700573111022,0.640635316805719,4.616,scoring/dir_003/AF-Q9XUG8-F1-model_v4.pdb
0.986270158479131,0.480029247667305,1.00761709359442,0.193377967701169,0.188802484408039,0.166324600782746,0.507576355302846,48.3747870528109,scoring/dir_003/AF-Q9XUI4-F1-model_v4.pdb
0.967328116516966,0.456008608936446,0.976821223484726,0.17924154682571,0.225064403413824,0.16500920832168,0.506534398341213,47.0736842105263,scoring/dir_003/AF-Q9XUI5-F1-model_v4.pdb
0.670068401680886,0.438340694259158,0.588341618663558,0.0882212261749368,0.470042530645739,0.26030436807277,0.71435912068888,9.74429223744292,scoring/dir_003/AF-Q9XUI8-F1-model_v4.pdb
0.493242021445414,0.346310593780173,0.313968742774068,0.0590424962262122,0.839349637129194,0.399388214699934,0.751237924333324,3.45535714285714,scoring/dir_003/AF-Q9XUL4-F1-model_v4.pdb
0.797156869736969,0.461869444585073,0.729588602491135,0.130174370961369,0.395369933247183,0.223090933110643,0.597833170644083,11.7799043062201,scoring/dir_003/AF-Q9XUL8-F1-model_v4.pdb
0.963284535976023,0.502731519988205,0.943486748311444,0.173278427225358,0.30864390579253,0.178225051055568,0.514595931331927,43.7823275862069,scoring/dir_003/AF-Q9XUP4-F1-model_v4.pdb
0.829001181860209,0.393549259207527,0.775531604334495,0.11551099040872,0.372834433144078,0.178089701613341,0.566536705407267,16.7592997811816,scoring/dir_003/AF-Q9XUQ1-F1-model_v4.pdb
0.821541244917001,0.375830796059439,0.712448168828134,0.104943312700497,0.430857895507085,0.180307334950666,0.565559956478628,17.5308370044053,scoring/dir_003/AF-Q9XUQ6-F1-model_v4.pdb
0.647797767953888,0.313773850370327,0.608061095259383,0.0964177888402706,0.308357508988253,0.19079633497377,0.686879942731189,24.1218487394958,scoring/dir_003/AF-Q9XUU9-F1-model_v4.pdb
0.835698653540457,0.568675836419501,0.758664431977292,0.143795400554209,0.354252047489497,0.278838486752457,0.632564346678151,10.4631578947368,scoring/dir_003/AF-Q9XUV3-F1-model_v4.pdb
0.760631942193459,0.524490274231988,0.626193750029463,0.0996640392663015,0.40669969663718,0.290654235230271,0.657568948283887,11.9128440366972,scoring/dir_003/AF-Q9XUV9-F1-model_v4.pdb
0.961954424113885,0.54411395792394,0.948637087555416,0.17352501199776,0.279011679974942,0.182604054742046,0.524603864768863,33.0059347181009,scoring/dir_003/AF-Q9XUW9-F1-model_v4.pdb
1.04664373746148,0.591831610099683,1.0438500129816,0.207333418813993,0.264723562514151,0.186258758573716,0.42412876015578,37.4099378881988,scoring/dir_003/AF-Q9XUY8-F1-model_v4.pdb
0.838126127306668,0.414340071002498,0.808103885504231,0.142754879875619,0.205859401608352,0.185900937971623,0.581138773199462,31.3850574712644,scoring/dir_003/AF-Q9XUZ7-F1-model_v4.pdb
0.690557519016083,0.357040489107617,0.679380397825299,0.130563743342797,0.317925343365717,0.203524870652705,0.66458248141791,16.8994974874372,scoring/dir_003/AF-Q9XV17-F1-model_v4.pdb
0.824093729429696,0.46232584224648,0.828826592376678,0.149434668997767,0.221989860087865,0.191378724358078,0.628820768565962,35.5349397590361,scoring/dir_003/AF-Q9XV18-F1-model_v4.pdb
0.822836279640753,0.478336817946955,0.824438794418971,0.16482503680957,0.279894012874098,0.220569216584699,0.600159477414172,26.6044303797468,scoring/dir_003/AF-Q9XV19-F1-model_v4.pdb
0.810156841440733,0.483507579677513,0.808816059255327,0.156403958875557,0.314807183725121,0.215902638037206,0.616549105045175,27.5815384615385,scoring/dir_003/AF-Q9XV20-F1-model_v4.pdb
0.475471049351673,0.300535109071858,0.436422765498777,0.0862226679672933,0.623600081840645,0.288357391187292,0.78675138509617,10.5956112852665,scoring/dir_003/AF-Q9XV21-F1-model_v4.pdb
0.524719070667469,0.347756701466265,0.490898565856123,0.0869770796223202,0.565654050726879,0.274663050297352,0.785406202690044,10.2362869198312,scoring/dir_003/AF-Q9XV23-F1-model_v4.pdb
0.667513548700247,0.399397568786904,0.416363342457507,0.082105921052477,0.680947065286345,0.278295027676659,0.601240155457031,14.5084745762712,scoring/dir_003/AF-Q9XV49-F1-model_v4.pdb
0.64129032147314,0.522590531078131,0.523602685734778,0.0591821405888919,0.692869851581709,0.358616676586744,0.757383599176823,3.64035087719298,scoring/dir_003/AF-Q9XV57-F1-model_v4.pdb
0.882221426250447,0.542771249896236,0.861458171269577,0.195039808722558,0.30620865096364,0.237910797197104,0.563589789436057,14.1353591160221,scoring/dir_003/AF-Q9XV99-F1-model_v4.pdb
0.565248575059337,0.363580992083531,0.537971770176087,0.0887765454146143,0.375238962674999,0.253059401433372,0.789735599238082,12.521897810219,scoring/dir_003/AF-Q9XVA9-F1-model_v4.pdb
0.674834894031176,0.443149893615453,0.637598279653627,0.120952872856051,0.397349653524258,0.272972677128942,0.727337857324869,10.9166666666667,scoring/dir_003/AF-Q9XVB0-F1-model_v4.pdb
0.556768213387023,0.332443309973038,0.537785701195938,0.0956097510727638,0.335424956839027,0.243990610683775,0.767458869384322,13.384,scoring/dir_003/AF-Q9XVB1-F1-model_v4.pdb
1.11609200132547,0.713676542488546,1.06579086248676,0.185734564850813,0.381538469161754,0.18853699468201,0.418654785688175,19.2183908045977,scoring/dir_003/AF-Q9XVB6-F1-model_v4.pdb
0.806607571183546,0.422256749981752,0.807026373025691,0.144652949923016,0.25170551999016,0.187511478093218,0.614894601417809,29.5161987041037,scoring/dir_003/AF-Q9XVD2-F1-model_v4.pdb
0.626179729981951,0.444677343447443,0.457283490531366,0.0734902791113991,0.673207580180361,0.316483217106256,0.700411245139678,8.63913043478261,scoring/dir_003/AF-Q9XVD9-F1-model_v4.pdb
0.639996942176407,0.459828180282976,0.235025190375737,0.0433788871319344,0.903455898386257,0.407351023179941,0.651641460212824,3.49532710280374,scoring/dir_003/AF-Q9XVE2-F1-model_v4.pdb
0.906324270721069,0.502410069650238,0.818388964305647,0.14042869890607,0.505217387333377,0.186889439816653,0.515808261186638,25.6781002638522,scoring/dir_003/AF-Q9XVE6-F1-model_v4.pdb
0.757128301989171,0.454366995047823,0.731821643943843,0.138183736562014,0.389329457067636,0.227946381231555,0.628751838590302,22.7167832167832,scoring/dir_003/AF-Q9XVE8-F1-model_v4.pdb
0.793628321309177,0.457148893242663,0.748561233672546,0.128503467656473,0.39645335235527,0.209893357909329,0.608669740169306,16.7225433526012,scoring/dir_003/AF-Q9XVE9-F1-model_v4.pdb
0.785132314963768,0.492937711500747,0.549737441642007,0.0935459393670166,0.548575627999128,0.26285613355264,0.523040769577595,10.6959064327485,scoring/dir_003/AF-Q9XVG5-F1-model_v4.pdb
0.798866053313839,0.48435919594353,0.587123824803466,0.102279266449288,0.442717893331105,0.263472543495415,0.53289801829674,11.8305084745763,scoring/dir_003/AF-Q9XVG6-F1-model_v4.pdb
0.576701291062997,0.330433015235245,0.563774686882449,0.0951857297997021,0.33188352168484,0.210936866817494,0.755528434479805,30.1225071225071,scoring/dir_003/AF-Q9XVG7-F1-model_v4.pdb
0.780148095462322,0.441144819838715,0.717691912948219,0.132012392986015,0.333427723783944,0.21981503555233,0.606333334296918,16.6137931034483,scoring/dir_003/AF-Q9XVH6-F1-model_v4.pdb
0.978572963895873,0.635256866752383,0.925507036993847,0.167514367697454,0.299431500237266,0.217031744043356,0.519470766896392,17.068,scoring/dir_003/AF-Q9XVI5-F1-model_v4.pdb
0.795797488640722,0.441633040653647,0.678122099306591,0.092989025115733,0.641347614396126,0.191266017228237,0.597091731646456,14.716814159292,scoring/dir_003/AF-Q9XVI9-F1-model_v4.pdb
1.02488282115602,0.665329564302737,0.987111952727369,0.184318058930152,0.348815906655802,0.214300043643833,0.467187696571811,9.75392670157068,scoring/dir_003/AF-Q9XVJ8-F1-model_v4.pdb
0.83996760474099,0.381627577828408,0.798570192369968,0.129378576069063,0.349133607555459,0.170628566431956,0.571578468112253,24.4714587737844,scoring/dir_003/AF-Q9XVK5-F1-model_v4.pdb
0.887778716002875,0.470722426849027,0.849555675837872,0.150060647694361,0.221727822974569,0.188685068414538,0.545712141773663,24.0839506172839,scoring/dir_003/AF-Q9XVK8-F1-model_v4.pdb
0.785836490076544,0.418614626972725,0.756452571573475,0.131803785397389,0.255054875053609,0.200171466751119,0.602124363515711,20.4950980392157,scoring/dir_003/AF-Q9XVL4-F1-model_v4.pdb
0.822909310854265,0.452097527754203,0.771269732315648,0.135897626585927,0.365987791080527,0.196488577709217,0.588467819020363,16.578231292517,scoring/dir_003/AF-Q9XVP0-F1-model_v4.pdb
0.981298177977657,0.497511568252171,0.921341415251443,0.153676556121718,0.473764492364265,0.166588947974489,0.487101365096328,31.8735632183908,scoring/dir_003/AF-Q9XVR3-F1-model_v4.pdb
0.587930123265979,0.336941241875804,0.549121253699022,0.0756893129503554,0.318895501679151,0.204997614830468,0.75845305003269,24.7121951219512,scoring/dir_003/AF-Q9XVR5-F1-model_v4.pdb
0.936900465344039,0.721792382426791,0.888694730523761,0.197442084880899,0.464645058541264,0.329458929239509,0.60755127228717,9.72340425531915,scoring/dir_003/AF-Q9XVR8-F1-model_v4.pdb
0.559246501264999,0.300298385373065,0.538554035304687,0.0786682147744215,0.402171048752982,0.196530160475566,0.762614882041593,20.698275862069,scoring/dir_003/AF-Q9XVT1-F1-model_v4.pdb
0.555700978228809,0.294868975590899,0.514122326175878,0.0724332932185114,0.252212290783614,0.206216823434791,0.756452325784971,21.5693430656934,scoring/dir_003/AF-Q9XVT5-F1-model_v4.pdb
0.838073516311887,0.468636645034631,0.809800127355407,0.143354251921524,0.323288753925996,0.194536653814644,0.616504094918027,33.6532258064516,scoring/dir_003/AF-Q9XVT9-F1-model_v4.pdb
0.430894896739408,0.310590560686772,0.403410400125785,0.0600394495593096,0.383249074064309,0.298654072802904,0.86064601182617,15.1976744186047,scoring/dir_003/AF-Q9XVU5-F1-model_v4.pdb
0.638226373213207,0.445818921064853,0.472932370348075,0.0714884456320156,0.561524869950082,0.30735705082681,0.711133605531926,4.69047619047619,scoring/dir_003/AF-Q9XVV5-F1-model_v4.pdb
0.839902510845425,0.450513457750953,0.830690817548751,0.139854745209344,0.37916117223535,0.18479106977911,0.586363233151013,33.7807228915663,scoring/dir_003/AF-Q9XVW5-F1-model_v4.pdb
0.463432736395159,0.322957718940106,0.183637992264426,0.0299761564035513,0.908173807465102,0.392589298866988,0.775048460136026,3.5,scoring/dir_003/AF-Q9XVY8-F1-model_v4.pdb
0.930535830065045,0.593316167999949,0.848888451159234,0.185409141372035,0.497146258855218,0.2568224562527,0.522780339677948,14.4819277108434,scoring/dir_003/AF-Q9XVZ8-F1-model_v4.pdb
1.06207172117651,0.614992995535887,1.04183339763583,0.198667349711136,0.374302349249691,0.18539915079578,0.426071982261895,29.4084084084084,scoring/dir_003/AF-Q9XVZ9-F1-model_v4.pdb
1.04877166556668,0.591607352941058,0.967960246510588,0.162769005472584,0.506829486445606,0.172459106970412,0.398980042033847,25.1105769230769,scoring/dir_003/AF-Q9XW16-F1-model_v4.pdb
0.950719874777947,0.62790617440355,0.848716113358291,0.17476576467826,0.373720699033623,0.250459094056226,0.571689590815011,12.3414634146341,scoring/dir_003/AF-Q9XW18-F1-model_v4.pdb
0.713540327666511,0.447993210585102,0.663986648987532,0.13426237851766,0.423402596251024,0.265369590381401,0.635458348571054,8.36290322580645,scoring/dir_003/AF-Q9XW29-F1-model_v4.pdb
0.944460849522315,0.469864396543287,0.950446601117778,0.167485169279119,0.249125316271889,0.161914307121779,0.517105770959885,45.2631578947368,scoring/dir_003/AF-Q9XW37-F1-model_v4.pdb
0.758551164198151,0.378660929401866,0.73843634548952,0.119131448942174,0.247583547092842,0.180159729552139,0.633899077311161,25.928,scoring/dir_003/AF-Q9XW41-F1-model_v4.pdb
0.51713582068755,0.318715705386029,0.481658088734241,0.0703403578761385,0.445084313929751,0.231838183923987,0.78408468288091,18.6973180076628,scoring/dir_003/AF-Q9XW83-F1-model_v4.pdb
0.791257727881974,0.40550239796407,0.726961303025258,0.116427626892091,0.39080391378793,0.185574047921076,0.579977031717323,26.3394160583942,scoring/dir_003/AF-Q9XWA8-F1-model_v4.pdb
0.777698343567349,0.482559817313377,0.432071671920088,0.0816065099708939,0.689256717665648,0.273804809017157,0.552190098244578,14.1083743842365,scoring/dir_003/AF-Q9XWC0-F1-model_v4.pdb
0.903304626549852,0.46097276566161,0.908109998741938,0.150812703787655,0.341288372788272,0.169538006209708,0.556211810567006,38.2909482758621,scoring/dir_003/AF-Q9XWC1-F1-model_v4.pdb
0.919554838153121,0.419640571975231,0.914659020365242,0.150706609025019,0.383289498639306,0.162576039588962,0.52467206543043,38.2473794549266,scoring/dir_003/AF-Q9XWC2-F1-model_v4.pdb
0.999964327290693,0.494286078749776,1.00141123616647,0.179742562369087,0.363105379647905,0.166920934985826,0.464943283966957,40.5729847494553,scoring/dir_003/AF-Q9XWC3-F1-model_v4.pdb
0.421912784995558,0.309911769125526,0.339522878541308,0.035439401334165,0.657496439267714,0.321008223756713,0.847187110950287,3.54424778761062,scoring/dir_003/AF-Q9XWD0-F1-model_v4.pdb
0.848554132377828,0.566710197893188,0.699302639053124,0.122550022568386,0.453611690294172,0.271437614198874,0.539223138626781,6.45652173913043,scoring/dir_003/AF-Q9XWD3-F1-model_v4.pdb
0.628193599094662,0.320332711282322,0.56735690349824,0.0920718293873096,0.30492799334864,0.211374452283639,0.687734918172683,15.8341346153846,scoring/dir_003/AF-Q9XWF5-F1-model_v4.pdb
0.955433167390002,0.533787158598153,0.919446036551307,0.157127547518914,0.351198093381931,0.175850643353002,0.491524506591976,23.0192837465565,scoring/dir_003/AF-Q9XWF6-F1-model_v4.pdb
1.1516036215034,0.784665385981371,1.10927564935465,0.238081456697518,0.373737874423825,0.206533505494632,0.331345586334988,26.9657794676806,scoring/dir_003/AF-Q9XWG2-F1-model_v4.pdb
0.919322452330389,0.442592326257995,0.927944427018162,0.171878399330476,0.299568969880664,0.165166426671703,0.538208239960331,55.3571428571429,scoring/dir_003/AF-Q9XWI4-F1-model_v4.pdb
0.455370388088073,0.285928730355033,0.422558768671201,0.0635965032655407,0.414179199594255,0.243393083633428,0.826097587372413,10.7606557377049,scoring/dir_003/AF-Q9XWJ6-F1-model_v4.pdb
1.02727155004968,0.551592132264553,0.971310198983668,0.162743408605397,0.282485286783989,0.171786606405629,0.500552886951569,25.260101010101,scoring/dir_003/AF-Q9XWK2-F1-model_v4.pdb
0.856745531371185,0.494977301757681,0.847169017850125,0.162016994039458,0.334603584650218,0.206861873560553,0.568193085831033,32.4723032069971,scoring/dir_003/AF-Q9XWL1-F1-model_v4.pdb
1.05084287919077,0.64315004940362,1.00666589910263,0.205920135135762,0.514678895523558,0.204792873295298,0.378741065265065,31.0925266903915,scoring/dir_003/AF-Q9XWM1-F1-model_v4.pdb
0.509448094872437,0.381764846633503,0.407615291594203,0.0654225440525247,0.59786177804831,0.366563326336965,0.775592993584919,3.81045751633987,scoring/dir_003/AF-Q9XWN8-F1-model_v4.pdb
0.515762848856007,0.308320116988116,0.497421326856503,0.0813239595137154,0.344304695360351,0.228994335568305,0.786480225873746,19.9061371841155,scoring/dir_003/AF-Q9XWP0-F1-model_v4.pdb
0.503337304912941,0.354452391311474,0.403553475187249,0.058570029547563,0.503144391623849,0.332110988516943,0.806921336527794,4.44755244755245,scoring/dir_003/AF-Q9XWP4-F1-model_v4.pdb
0.760327689242155,0.403397504537833,0.709831077148693,0.1145297402413,0.254442474720418,0.197594773933285,0.651091694710864,24.7157360406091,scoring/dir_003/AF-Q9XWQ8-F1-model_v4.pdb
1.20966670036891,0.829883320521008,1.17310405674972,0.250974914823899,0.367627966617994,0.198129749394757,0.322078266909769,29.0032362459547,scoring/dir_003/AF-Q9XWS4-F1-model_v4.pdb
0.747006569798521,0.414043365339018,0.740062761647702,0.125164200831647,0.331212725161553,0.18485456550758,0.671405293806763,31.7813411078717,scoring/dir_003/AF-Q9XWS6-F1-model_v4.pdb
0.576912973479115,0.316933233146796,0.562068723577087,0.0934559726179487,0.363109266738474,0.204073225667334,0.748031016143477,33.490625,scoring/dir_003/AF-Q9XWT3-F1-model_v4.pdb
0.786486869181285,0.351568147521428,0.736830099546238,0.109681532944835,0.325884971746853,0.170541149862185,0.608509617164559,22.4324894514768,scoring/dir_003/AF-Q9XWT9-F1-model_v4.pdb
0.764947062539228,0.513315245831878,0.693642412964137,0.130404563388378,0.335377065198066,0.271965386527274,0.64526230068863,10.0730593607306,scoring/dir_003/AF-Q9XWU2-F1-model_v4.pdb
0.572560859506984,0.414256243159344,0.52389454911416,0.0843914329211652,0.460871559846349,0.316977786618804,0.783741489486295,7.0695652173913,scoring/dir_003/AF-Q9XWU3-F1-model_v4.pdb
0.442366438794672,0.303647103027605,0.390085768567157,0.0532717802996762,0.506119880668806,0.298022292175416,0.832145440197669,6.91129032258065,scoring/dir_003/AF-Q9XWU7-F1-model_v4.pdb
0.983396129634162,0.639902029590593,0.973516359934431,0.1998356900763,0.372677127918863,0.223792879122726,0.479399940011565,19.308,scoring/dir_003/AF-Q9XWU9-F1-model_v4.pdb
0.897527878651428,0.418874206929421,0.869573923932329,0.148351396683707,0.254642912556623,0.160605694725857,0.542782603274936,37.9092558983666,scoring/dir_003/AF-Q9XWV3-F1-model_v4.pdb
0.828696806788679,0.49762812749625,0.763034116090405,0.130154514376873,0.357929898568737,0.215133801161902,0.599346740991026,39.7177700348432,scoring/dir_003/AF-Q9XWV5-F1-model_v4.pdb
0.88035692747146,0.459977376169635,0.836945844043108,0.138735808077406,0.268513334436094,0.182886068265819,0.544368590823825,22.4306220095694,scoring/dir_003/AF-Q9XWV6-F1-model_v4.pdb
0.728704014558511,0.370215179177081,0.688488771396688,0.0966870102877443,0.336877387303752,0.186411136097104,0.674092720673541,25.8075221238938,scoring/dir_003/AF-Q9XWW1-F1-model_v4.pdb
0.509448677035564,0.358088582669065,0.47392586470384,0.0657868178066306,0.473673275278401,0.276600921993172,0.813666541226041,9.53731343283582,scoring/dir_003/AF-Q9XWW3-F1-model_v4.pdb
0.897538287108393,0.448609661069743,0.856411731013014,0.143081394575975,0.267650720674442,0.17459942641312,0.567001812349834,32.6174636174636,scoring/dir_003/AF-Q9XWX0-F1-model_v4.pdb
0.925940833714414,0.437075827989236,0.92409088446851,0.16670201785537,0.204467864738119,0.169123779142395,0.555377186724127,43.8819444444444,scoring/dir_003/AF-Q9XWX3-F1-model_v4.pdb
0.827707362052927,0.418406066559448,0.790228339045041,0.136149493073743,0.325317360767298,0.18814162118491,0.565507473486986,19.4380341880342,scoring/dir_003/AF-Q9XWY1-F1-model_v4.pdb
0.753554613207266,0.350628468770172,0.721612650289448,0.105731062465067,0.281643857013071,0.163053182438723,0.643029260337833,30.7377690802348,scoring/dir_003/AF-Q9XWY2-F1-model_v4.pdb
0.582104351234626,0.474471834393566,0.420222963925155,0.0546595591499772,0.785393332994327,0.397183975077629,0.757784997602846,3.52554744525547,scoring/dir_003/AF-Q9XWY9-F1-model_v4.pdb
0.682914355555348,0.377123756070383,0.654686555190556,0.110591509352583,0.429288199614459,0.21203991196228,0.660806329980242,18.4518950437318,scoring/dir_003/AF-Q9XWZ1-F1-model_v4.pdb
0.817948245672507,0.394921875633914,0.80169337307848,0.132078905988998,0.292513721742578,0.172385880379989,0.612709764638857,27.8908765652952,scoring/dir_003/AF-Q9XX11-F1-model_v4.pdb
0.839041208332585,0.377391957439113,0.788738669065472,0.125158877118314,0.405246370617864,0.169906174332811,0.554536009356151,18.2644230769231,scoring/dir_003/AF-Q9XX25-F1-model_v4.pdb
0.620551077855631,0.444965137592771,0.582140959038133,0.0947562656719891,0.388912941340853,0.298506630402504,0.761962854733157,4.50282485875706,scoring/dir_003/AF-Q9XX30-F1-model_v4.pdb
0.764775755496792,0.608874581444697,0.500986756622074,0.0836171750074573,0.855535573231668,0.405225746346848,0.657643867642478,3.51020408163265,scoring/dir_003/AF-Q9XX37-F1-model_v4.pdb
0.822204252942096,0.394693345270688,0.835196198546161,0.14957634032263,0.278198683969547,0.167299345805578,0.601370063226782,56.2914572864322,scoring/dir_003/AF-Q9XX41-F1-model_v4.pdb
0.37430428096162,0.300386766907182,0.302399574776119,0.0346740944161793,0.742011092826344,0.380495405141753,0.876133735237906,3.48559670781893,scoring/dir_003/AF-Q9XX43-F1-model_v4.pdb
0.814566249074508,0.411398867713911,0.800135580756341,0.132792801294319,0.261428686421222,0.178846494373139,0.597907534537201,24.5182012847966,scoring/dir_003/AF-Q9XX45-F1-model_v4.pdb
0.949964200655163,0.639801021497971,0.87942236645414,0.15865092188491,0.433437472164308,0.23438107605123,0.524638358381911,13.8449612403101,scoring/dir_003/AF-Q9XX48-F1-model_v4.pdb
0.949845203883276,0.656995532497109,0.808294515290227,0.150915350515246,0.49096478597955,0.263080959591289,0.510958645031758,7.96629213483146,scoring/dir_003/AF-Q9XX54-F1-model_v4.pdb
0.485581038628439,0.37762646137006,0.420709665501646,0.0512337876960737,0.63008002812258,0.342163206515041,0.835916793564389,3.63541666666667,scoring/dir_003/AF-Q9XX55-F1-model_v4.pdb
1.08090347904038,0.611309920777874,1.08740820600485,0.213866839446569,0.260707895839269,0.174912659466552,0.40704053303041,36.4267676767677,scoring/dir_003/AF-Q9XX56-F1-model_v4.pdb
1.02221093915621,0.657927270241744,0.777906110148824,0.101232212900793,0.610698041190414,0.200808702721713,0.430453153239768,11.3707317073171,scoring/dir_003/AF-Q9XX57-F1-model_v4.pdb
0.889919475787276,0.593572456265429,0.880973592947807,0.160597635676224,0.282000240163055,0.224855448572665,0.625824450688498,21.0696202531646,scoring/dir_003/AF-Q9XX58-F1-model_v4.pdb
1.01509262922693,0.53753010975542,1.03253566319701,0.204795064893596,0.23322216184644,0.17567770439517,0.473609171754886,43.1272727272727,scoring/dir_003/AF-Q9XX76-F1-model_v4.pdb
0.779881976280193,0.471255244691295,0.668554664423922,0.0968990424918431,0.533190236686835,0.209476068181409,0.608197755161044,12.4375,scoring/dir_003/AF-Q9XXA1-F1-model_v4.pdb
0.623403948411076,0.503115239367832,0.496451796592161,0.0594218785135128,0.854128424713324,0.38636151391229,0.795794793792164,3.56637168141593,scoring/dir_003/AF-Q9XXC2-F1-model_v4.pdb
0.855827273633003,0.502369522575507,0.846663776674986,0.191956879693176,0.328282790557365,0.233300856763707,0.561061674837873,18.3727272727273,scoring/dir_003/AF-Q9XXC6-F1-model_v4.pdb
0.767671260705502,0.389524939581859,0.72296460209325,0.125054611394581,0.402355623530743,0.191484167013121,0.620268743816523,20.570796460177,scoring/dir_003/AF-Q9XXD0-F1-model_v4.pdb
1.08867494737827,0.583766188581485,1.0158502401552,0.169591928660604,0.389347493562302,0.167778762831366,0.433985140611445,32.5233644859813,scoring/dir_003/AF-Q9XXD4-F1-model_v4.pdb
0.854269152930501,0.617361030341389,0.54838504955355,0.119729802669478,0.639149966759839,0.378777546164707,0.539619820448857,3.67692307692308,scoring/dir_003/AF-Q9XXE3-F1-model_v4.pdb
0.737307666897402,0.368875060793197,0.715962710999925,0.118769674405976,0.249585040466492,0.184093955749309,0.651699820464762,30.7226107226107,scoring/dir_003/AF-Q9XXG7-F1-model_v4.pdb
0.666979006923616,0.333867234287732,0.647117860532175,0.109625486659791,0.372237115006462,0.192233952585592,0.670170374705829,24.6108490566038,scoring/dir_003/AF-Q9XXG8-F1-model_v4.pdb
0.872654664966636,0.605309117582649,0.714415267898037,0.121253927692508,0.42385776311943,0.269757827365291,0.573184581446546,10.3968253968254,scoring/dir_003/AF-Q9XXH2-F1-model_v4.pdb
1.0104068400268,0.650557515529897,0.905724911696629,0.173193502357109,0.35077546943048,0.213631090134074,0.471925084709344,24.1372549019608,scoring/dir_003/AF-Q9XXJ2-F1-model_v4.pdb
1.23884256358343,0.917595675042585,1.18474499872166,0.237601215899272,0.340148894344624,0.205064425147599,0.263253802223417,18.4342105263158,scoring/dir_003/AF-Q9XXK3-F1-model_v4.pdb
0.817160494694345,0.400752294280043,0.770964657352248,0.106641510923035,0.308948574524014,0.16420518808475,0.601696255309403,22.3741339491917,scoring/dir_003/AF-Q9XXM1-F1-model_v4.pdb
0.85729043079337,0.481487729360041,0.843493273665623,0.155087808514232,0.316588411492636,0.202373321477853,0.584212247520991,34.5575447570332,scoring/dir_003/AF-Q9XXQ6-F1-model_v4.pdb
0.904993217581788,0.649853349046245,0.741628056995725,0.236304803063367,0.577854012095732,0.366056275257222,0.451591887885317,8.0241935483871,scoring/dir_003/AF-Q9XXR2-F1-model_v4.pdb
0.826980778808902,0.464990155484378,0.812176142105701,0.150773547376527,0.424233124896979,0.2037113228816,0.590058063797729,35.6502463054187,scoring/dir_003/AF-Q9XXR5-F1-model_v4.pdb
0.897256564731307,0.468444592893115,0.813955370734405,0.129534538790601,0.513192022654386,0.177201163996196,0.516645351076537,14.8599348534202,scoring/dir_003/AF-Q9XXT0-F1-model_v4.pdb
0.652338841105117,0.333727388661112,0.642791861343618,0.11309465391489,0.326034797175698,0.19390456965476,0.702160758117044,28.2239130434783,scoring/dir_003/AF-Q9XXT7-F1-model_v4.pdb
0.894649828684443,0.474460072566376,0.785157396816757,0.101070373070549,0.496995070542167,0.177748073720169,0.516572860556145,14.6782006920415,scoring/dir_003/AF-Q9Y060-F1-model_v4.pdb
0.574182878920852,0.348123734930907,0.461366578233536,0.0601831591814007,0.666118875311964,0.252014569482761,0.723669191541705,5.92258064516129,scoring/dir_003/AF-Q9Y0V2-F1-model_v4.pdb
0.675808881049615,0.426284342329119,0.412351104200894,0.0640184340781738,0.765090174250265,0.290011064486328,0.645084450236686,6.15976331360947,scoring/dir_003/AF-Q9Y0V6-F1-model_v4.pdb
0.828941213039806,0.385210803125793,0.772046272046427,0.110081298959422,0.352426436639796,0.163623554875608,0.583218730363158,24.2415584415584,scoring/dir_003/AF-Q9Y199-F1-model_v4.pdb
0.501951385277062,0.387342823584778,0.371855188852847,0.0556277064543874,0.752700841019513,0.3890752719368,0.78255679453094,3.49367088607595,scoring/dir_003/AF-S6EZN0-F1-model_v4.pdb
0.641314916569711,0.351048191730954,0.631289289936032,0.1058807175999,0.24501494345603,0.199751025510771,0.730459356298659,34.8719101123595,scoring/dir_003/AF-S6F574-F1-model_v4.pdb
0.720438030088205,0.404469457056921,0.669254779639855,0.11502776716274,0.244446563980079,0.219180722625592,0.669197060574323,24.5208845208845,scoring/dir_003/AF-S6FWP2-F1-model_v4.pdb
0.694317645605745,0.382138737615362,0.631571606357322,0.0949809472869976,0.376564969380605,0.207775401325405,0.667278816057473,10.948275862069,scoring/dir_003/AF-U3NGQ0-F1-model_v4.pdb
0.878668024955834,0.570557690059494,0.867004478805277,0.174887558608063,0.395485423158301,0.230681534191188,0.591916322597683,25.4881889763779,scoring/dir_003/AF-U4PAN2-F1-model_v4.pdb
0.370180467735234,0.284757408650856,0.282113336653649,0.0303164271070851,0.821997745446799,0.371663741271787,0.87441826012168,3.495,scoring/dir_003/AF-U4PAN8-F1-model_v4.pdb
0.849720965044376,0.59292165742892,0.50149466850527,0.074316066380825,0.807071040146016,0.290125195812312,0.552213236002092,5.688,scoring/dir_003/AF-U4PAT9-F1-model_v4.pdb
1.179775804955,0.860844455517136,1.12115956099471,0.30687565479468,0.299275736443922,0.292364549266387,0.32171311156535,17.2575757575758,scoring/dir_003/AF-U4PAW3-F1-model_v4.pdb
0.560371800314117,0.321981144388821,0.546535105547751,0.0842043865303375,0.387440729392842,0.204298631600709,0.759434820096903,22.4624624624625,scoring/dir_003/AF-U4PAY0-F1-model_v4.pdb
0.958735333492672,0.499442169900689,0.960942098558911,0.176406499388978,0.257744216491479,0.175044388131506,0.519305225625675,36.7205882352941,scoring/dir_003/AF-U4PB15-F1-model_v4.pdb
0.724079971482057,0.383769722173998,0.699644558354895,0.11498484403348,0.265952061295106,0.198130302056872,0.665556393907753,13.9583333333333,scoring/dir_003/AF-U4PB22-F1-model_v4.pdb
0.757940171951008,0.513756490395667,0.666978405292134,0.103015710755552,0.491075460495149,0.250691008972629,0.658880342882568,8.44897959183673,scoring/dir_003/AF-U4PB54-F1-model_v4.pdb
0.794357161795071,0.410917530446704,0.788230516247327,0.135678076356952,0.248055245897139,0.185713670049918,0.623706178594989,36.5675675675676,scoring/dir_003/AF-U4PBB4-F1-model_v4.pdb
0.695762799853468,0.321412555763189,0.647823905241991,0.0923508172674645,0.251550124746605,0.172333708027246,0.673341515753343,30.0510805500982,scoring/dir_003/AF-U4PBF0-F1-model_v4.pdb
0.931085927089999,0.482212606284368,0.771288450906907,0.126896648266099,0.294303120719494,0.210028554528908,0.506071069238945,18.450184501845,scoring/dir_003/AF-U4PBG0-F1-model_v4.pdb
0.990725146997129,0.591554026338958,1.00147460170722,0.211024730692722,0.241562196822474,0.200660496802413,0.487947764431405,22.5781818181818,scoring/dir_003/AF-U4PBG9-F1-model_v4.pdb
0.988292123698987,0.558575716032515,0.996795922651242,0.200983312479911,0.279135213728203,0.193498062969986,0.488915363780636,40.7134670487106,scoring/dir_003/AF-U4PBH2-F1-model_v4.pdb
0.553843956972925,0.336021027629354,0.535375592257158,0.0984599480851923,0.331344485699484,0.246253330472961,0.767622451364959,14.0430107526882,scoring/dir_003/AF-U4PBH6-F1-model_v4.pdb
0.452419822472979,0.355982743190297,0.365716630881272,0.0432136556036156,0.707432001078514,0.369371416413558,0.857601472282428,3.53548387096774,scoring/dir_003/AF-U4PBI4-F1-model_v4.pdb
0.85226616119175,0.625940387712358,0.783225985150219,0.156182519059146,0.56658300233418,0.294619890931249,0.580854787380897,16.515873015873,scoring/dir_003/AF-U4PBI7-F1-model_v4.pdb
0.951137132040624,0.511741265885038,0.917305747708231,0.164078465549706,0.308002025955855,0.179096032122446,0.486348778265923,26.3669064748201,scoring/dir_003/AF-U4PBM5-F1-model_v4.pdb
0.742537013806292,0.371652813784799,0.730892434934076,0.123238347041277,0.363075117413743,0.174798716268103,0.628839006962933,40.9235537190083,scoring/dir_003/AF-U4PBQ2-F1-model_v4.pdb
0.878586416740503,0.464735470668856,0.803122505121233,0.137453039500127,0.367253922524338,0.201541147405765,0.542745528364858,18.7121661721068,scoring/dir_003/AF-U4PBS6-F1-model_v4.pdb
0.527055523451712,0.272581150442782,0.471894552847991,0.0754151501262221,0.598835712751776,0.205360018629522,0.750438077241546,21.4346666666667,scoring/dir_003/AF-U4PBX2-F1-model_v4.pdb
0.678283363070136,0.361769704231604,0.668994875732052,0.114715808573029,0.289430537664467,0.194306390040412,0.688515810550591,25.2483870967742,scoring/dir_003/AF-U4PBZ7-F1-model_v4.pdb
0.840340407761936,0.447123724936641,0.816995446731143,0.137512105535838,0.250658083723648,0.185538398835848,0.594027576776854,39.3605015673981,scoring/dir_003/AF-U4PC21-F1-model_v4.pdb
0.698656878879738,0.386936337966322,0.69182277081364,0.120179964013403,0.313806959018792,0.198125337024024,0.682208686535749,29.9676549865229,scoring/dir_003/AF-U4PC24-F1-model_v4.pdb
0.80150187495323,0.667102102113373,0.502891965470448,0.117707107496429,0.626716750689639,0.412677787274635,0.537718576792143,3.58730158730159,scoring/dir_003/AF-U4PC35-F1-model_v4.pdb
0.588946781038233,0.434190413713672,0.38083657977421,0.0815922634803967,0.729902070648087,0.39474216288314,0.721793159250375,3.56043956043956,scoring/dir_003/AF-U4PC39-F1-model_v4.pdb
0.586733693816211,0.284955148271189,0.540199246227098,0.0858648163128025,0.277039747179826,0.190337901041236,0.714462468090042,23.71714922049,scoring/dir_003/AF-U4PC67-F1-model_v4.pdb
0.395310897708754,0.311842249120945,0.291030189356136,0.030090134291472,0.799686094670177,0.388564003862059,0.86340725883542,3.49818181818182,scoring/dir_003/AF-U4PC76-F1-model_v4.pdb
0.611130855297665,0.377613360304929,0.46585822484517,0.061912028154587,0.58290451137186,0.246295060292489,0.725689816025738,11.03367003367,scoring/dir_004/AF-U4PCA7-F1-model_v4.pdb
0.825165369698997,0.365953005713107,0.742475817655815,0.104792591007046,0.390395058448736,0.158601232991592,0.586947451412511,19.3061224489796,scoring/dir_004/AF-U4PCF3-F1-model_v4.pdb
0.949615620437391,0.636757177319699,0.726379079131445,0.100345502126064,0.519986931510391,0.230108680415705,0.554776249283637,12.25,scoring/dir_004/AF-U4PCH6-F1-model_v4.pdb
0.549388964505462,0.347557135662165,0.41085913888962,0.0527197635404185,0.620646005379928,0.292275024705789,0.727233165138843,4.01578947368421,scoring/dir_004/AF-U4PCK3-F1-model_v4.pdb
0.890497197700291,0.641918660189738,0.766469834499015,0.191104528759662,0.505050316148079,0.353297870530832,0.521558811792101,5.28571428571429,scoring/dir_004/AF-U4PDV5-F1-model_v4.pdb
0.779009970705707,0.410960807392681,0.771998308811821,0.130964053982417,0.291018432884748,0.176818223652186,0.628048518379112,35.4987146529563,scoring/dir_004/AF-U4PE42-F1-model_v4.pdb
0.667329149584866,0.492658128528257,0.267201143682958,0.0603315726914349,0.82594457122091,0.40613351465096,0.635445397220719,3.50980392156863,scoring/dir_004/AF-U4PE86-F1-model_v4.pdb
0.77227863189132,0.560066018873225,0.693431580657508,0.151537121920158,0.298257306909912,0.317679024868859,0.649760159955163,6.47058823529412,scoring/dir_004/AF-U4PEH4-F1-model_v4.pdb
0.466022135964595,0.26820622856536,0.431825855548661,0.0621257189498839,0.457055160540385,0.223501298500801,0.806235897238009,20.3080357142857,scoring/dir_004/AF-U4PEI7-F1-model_v4.pdb
0.588045654825018,0.450011440417642,0.400364770624188,0.0643380582290945,0.809456205252013,0.392548135041007,0.727657685991581,3.5,scoring/dir_004/AF-U4PEJ2-F1-model_v4.pdb
0.827860974151302,0.591596174826063,0.628902273325252,0.120596891664629,0.668784890874055,0.305264122099441,0.55028113044068,5.14,scoring/dir_004/AF-U4PEP7-F1-model_v4.pdb
0.737232543483151,0.58434436543019,0.668533208371045,0.150689830635335,0.895964327528962,0.420318998044259,0.737063658573861,3.14285714285714,scoring/dir_004/AF-U4PES1-F1-model_v4.pdb
0.720222205634172,0.537342087830215,0.288534954120005,0.0579113428798426,0.892583630410222,0.413770543058607,0.616402155143778,3.5054945054945,scoring/dir_004/AF-U4PET7-F1-model_v4.pdb
0.657366888488802,0.347287804993803,0.61822431280604,0.0930813719320812,0.321749433844136,0.190153151334312,0.69332890258234,17.6258503401361,scoring/dir_004/AF-U4PEX8-F1-model_v4.pdb
0.538491411558002,0.287160799501522,0.493732115746927,0.0794098311025569,0.308042812528944,0.222218471692054,0.747567197475589,14.4244186046512,scoring/dir_004/AF-U4PF08-F1-model_v4.pdb
0.760513988817167,0.477634604838166,0.735298636043758,0.149803425479135,0.381730238109781,0.242639801011938,0.631123467407461,18.0503875968992,scoring/dir_004/AF-U4PF43-F1-model_v4.pdb
0.721752332968378,0.380862090243779,0.599109203205127,0.0907784345828156,0.483676183125259,0.201931627655966,0.644431786438815,18.1146341463415,scoring/dir_004/AF-U4PF47-F1-model_v4.pdb
1.03004682813834,0.825549472518517,0.848501012591801,0.130335575978864,0.522064331783344,0.30494453234954,0.537504088204448,10.3384615384615,scoring/dir_004/AF-U4PF58-F1-model_v4.pdb
0.770563340868341,0.376101890697783,0.731259832573213,0.118944432846322,0.35461197344843,0.182108078817777,0.621668243433357,22.1589958158996,scoring/dir_004/AF-U4PF73-F1-model_v4.pdb
0.608297177113621,0.490497780309968,0.529094231441023,0.0882519686866866,0.564275485282492,0.387537069512299,0.785106028517833,3.8974358974359,scoring/dir_004/AF-U4PFC3-F1-model_v4.pdb
0.539903334679535,0.370695863052966,0.297051765064282,0.0720271374509753,0.933739020387309,0.409657880905689,0.731729483860708,3.46052631578947,scoring/dir_004/AF-U4PFE8-F1-model_v4.pdb
0.472826186328731,0.343794948667571,0.305944781006124,0.0261134762726708,0.864258444330225,0.330943781791758,0.82171560497021,3.49056603773585,scoring/dir_004/AF-U4PLE4-F1-model_v4.pdb
0.664822352698979,0.30710515184731,0.629271153554562,0.0916991266382297,0.257663022816257,0.18339452024525,0.681293996321714,23.336170212766,scoring/dir_004/AF-U4PLI6-F1-model_v4.pdb
0.884616100062165,0.428566513403443,0.863420333047166,0.13646557959319,0.256162262227486,0.161994936708724,0.586533017395203,28.2672233820459,scoring/dir_004/AF-U4PLK4-F1-model_v4.pdb
0.666777854544469,0.440723848302889,0.506077428615633,0.0614384044602462,0.56439884645844,0.286261218166555,0.717876987487633,5.30625,scoring/dir_004/AF-U4PLM3-F1-model_v4.pdb
0.71524650043507,0.430535605748579,0.681992528182973,0.118824955723924,0.383055007753281,0.219540186111064,0.661764704225272,11.0527950310559,scoring/dir_004/AF-U4PLP4-F1-model_v4.pdb
1.00661801144798,0.720030747720189,0.747952097076866,0.141186513894918,0.538340618783404,0.282991947257575,0.402542759366092,7.74137931034483,scoring/dir_004/AF-U4PM12-F1-model_v4.pdb
0.698257908095035,0.431047229611364,0.669295490797051,0.107536952482716,0.429971281014416,0.217654899757646,0.682479663114827,11.1784037558685,scoring/dir_004/AF-U4PM44-F1-model_v4.pdb
0.746573390048499,0.497419020970018,0.69650339811773,0.145155982798361,0.356950763013139,0.272655590269267,0.643121331737001,13.42,scoring/dir_004/AF-U4PM61-F1-model_v4.pdb
0.651995659615278,0.336858770149043,0.644415912248309,0.101502500658406,0.298814240178838,0.175041572930214,0.704397398292481,50.3084832904884,scoring/dir_004/AF-U4PM93-F1-model_v4.pdb
0.709826961361757,0.531151267847579,0.408500238845146,0.0904016283282315,0.787162949025015,0.401138160070987,0.585903039297133,3.51190476190476,scoring/dir_004/AF-U4PMJ4-F1-model_v4.pdb
0.745112040632923,0.432811799891459,0.703631257877829,0.117225642653307,0.366904703328938,0.204020684685695,0.650117516015074,11.7980456026059,scoring/dir_004/AF-U4PML1-F1-model_v4.pdb
0.787160868153174,0.642109698160989,0.529319919146621,0.11606207724886,0.677827247019309,0.410177312816874,0.585901767315026,3.54320987654321,scoring/dir_004/AF-U4PML6-F1-model_v4.pdb
0.631137850533032,0.361029405035627,0.565215290468435,0.0908165708804271,0.473775665340684,0.226158103649089,0.711404781972293,15.331592689295,scoring/dir_004/AF-U4PMM1-F1-model_v4.pdb
1.4278136386415,1.31241019337727,1.3325838894345,0.397612667852767,0.318665751568194,0.285591926307267,0.146073899366636,11.2420382165605,scoring/dir_004/AF-U4PMP9-F1-model_v4.pdb
0.737829393187795,0.436137071499035,0.566707749374967,0.0901043363817304,0.310142003979725,0.258796090032732,0.600424136589061,9.79428571428571,scoring/dir_004/AF-U4PN02-F1-model_v4.pdb
0.684261049738405,0.419456715429465,0.651260897370077,0.108077341933863,0.36657757083048,0.231610062761879,0.684005363656864,14.1781818181818,scoring/dir_004/AF-U4PQR6-F1-model_v4.pdb
0.596093551845243,0.35139475997701,0.577715050193498,0.0989475885889795,0.452546601685847,0.221758262519183,0.74105644707323,17.5280898876404,scoring/dir_004/AF-U4PQU2-F1-model_v4.pdb
0.673862548139106,0.374679085498153,0.577577898861774,0.0705257548000691,0.640294103423801,0.195809133692267,0.668247536381252,13.9448818897638,scoring/dir_004/AF-U4PQW9-F1-model_v4.pdb
0.864055904110033,0.461407537631545,0.779262687761165,0.130306837612696,0.363939864909768,0.202399710008328,0.542272762934997,12.4861111111111,scoring/dir_004/AF-U4PR60-F1-model_v4.pdb
0.644379709566758,0.317008411366823,0.616439846033216,0.0933342940961262,0.334363159306756,0.184782725112844,0.69089028084294,20.6895833333333,scoring/dir_004/AF-U4PR70-F1-model_v4.pdb
0.960378576343228,0.461890288355909,0.967636721523535,0.172084523838731,0.302724612068841,0.161699031995613,0.508624340909782,46.9854545454546,scoring/dir_004/AF-U4PRA9-F1-model_v4.pdb
0.946429813968221,0.567789677563824,0.855473016354862,0.135605862504779,0.411771256254432,0.203666246896223,0.50562276328812,13.4866310160428,scoring/dir_004/AF-U4PRD2-F1-model_v4.pdb
0.702706937701697,0.40202166600268,0.610613425316037,0.0911863754999064,0.458915468725317,0.220183362642436,0.653665535973021,10.2696245733788,scoring/dir_004/AF-U4PRP4-F1-model_v4.pdb
0.827861340382509,0.451405209616542,0.810621627627901,0.133586761183119,0.378632686496002,0.177679083274772,0.595019686861897,21.5548961424332,scoring/dir_004/AF-U4PRP9-F1-model_v4.pdb
1.06876316067001,0.681359950850156,1.04050188642851,0.197809475550338,0.393602015405699,0.193985287843245,0.408828130527538,23.0826086956522,scoring/dir_004/AF-U4PRT3-F1-model_v4.pdb
0.911226559225603,0.542279454340666,0.822921621966109,0.115982941677045,0.462469548661377,0.185419656249324,0.521594352908748,16.3822222222222,scoring/dir_004/AF-U4PS25-F1-model_v4.pdb
0.584640294066957,0.420359980240552,0.447512094654043,0.0697942556509013,0.653112878845172,0.35040082249445,0.711279066496572,3.63076923076923,scoring/dir_004/AF-U4PS29-F1-model_v4.pdb
0.83843528227725,0.380698790045182,0.77168659370509,0.114946775473702,0.373597304968684,0.158746576967691,0.566292711870382,19.2746858168761,scoring/dir_004/AF-U4PS45-F1-model_v4.pdb
1.05095889658139,0.574817941653021,1.04616289478747,0.195474636400662,0.291323424216749,0.174280598988689,0.431289547954816,37.1501210653753,scoring/dir_004/AF-U4PS59-F1-model_v4.pdb
0.832579251144988,0.51207974869314,0.653642347658988,0.0898558514944906,0.589248089699727,0.224379120986538,0.572829036664907,9.43243243243243,scoring/dir_004/AF-U4PS75-F1-model_v4.pdb
0.623526091735221,0.36846534965676,0.593413697974386,0.106436494983336,0.536291026998197,0.228069193051018,0.701137249599998,28.5627530364372,scoring/dir_004/AF-U4PS79-F1-model_v4.pdb
0.626796823998476,0.379040592261234,0.588724409499338,0.0917657738376179,0.396698762988908,0.229330276505833,0.741290860718576,16.6830985915493,scoring/dir_004/AF-U4PS83-F1-model_v4.pdb
0.575168439224401,0.404986862109198,0.320069918053217,0.0813135242417838,0.859054874087977,0.402705921632468,0.693478365610085,3.49253731343284,scoring/dir_004/AF-U4PS93-F1-model_v4.pdb
0.587250121496002,0.429695466954301,0.302760130045919,0.0682270898954642,0.804584011682775,0.406442173461343,0.649191393085677,3.48571428571429,scoring/dir_004/AF-U4PSB9-F1-model_v4.pdb
0.796448126490387,0.403111012106926,0.793883882510932,0.136541208621424,0.304081398556611,0.172850894803345,0.611131600492324,38.2564102564103,scoring/dir_004/AF-V6CIT4-F1-model_v4.pdb
0.652091943640437,0.493852101102754,0.317815918924169,0.045645058394881,0.832312474029734,0.396494015579353,0.732797555702034,3.51079136690647,scoring/dir_004/AF-V6CIX7-F1-model_v4.pdb
0.500839030938388,0.352262742601708,0.463410413754293,0.0626499193331729,0.355452249946173,0.271629280323737,0.824330789597909,8.5503355704698,scoring/dir_004/AF-V6CJ20-F1-model_v4.pdb
0.751051073291365,0.383156281396997,0.714153891720241,0.112589146341904,0.349248052213668,0.184862182824966,0.628546806726792,19.4860335195531,scoring/dir_004/AF-V6CJ77-F1-model_v4.pdb
0.753317140072272,0.417995217343758,0.73214963968524,0.122404745637697,0.26488820843881,0.201634205529153,0.64248421893805,22.396449704142,scoring/dir_004/AF-V6CJ84-F1-model_v4.pdb
0.76511098656949,0.490692736160929,0.716523452042881,0.128341144121345,0.420132293376146,0.249374021899182,0.639441188485097,8.37142857142857,scoring/dir_004/AF-V6CJI3-F1-model_v4.pdb
0.762401785664741,0.544382518768992,0.719092045679589,0.153074976843969,0.367225294606662,0.298330200754009,0.647935040356357,13.1652892561983,scoring/dir_004/AF-V6CJZ4-F1-model_v4.pdb
0.845029549114724,0.488173616559728,0.784673755832555,0.120711818961265,0.38092985908928,0.195391413522655,0.589097306585044,19.5962962962963,scoring/dir_004/AF-V6CK09-F1-model_v4.pdb
0.753528161942281,0.402061079234314,0.704549316511403,0.114783886997059,0.398166932532484,0.193676448822458,0.62466325831538,19.8142493638677,scoring/dir_004/AF-V6CK19-F1-model_v4.pdb
0.596738062511453,0.305598672200043,0.580252689295121,0.0926012508069761,0.409422411973453,0.189301638281695,0.71861942537744,37.979274611399,scoring/dir_004/AF-V6CKA7-F1-model_v4.pdb
0.784856429404077,0.442587321196663,0.77605355546755,0.143498355206568,0.313578260055211,0.204808374682316,0.627199166691042,23.9620689655172,scoring/dir_004/AF-V6CKD2-F1-model_v4.pdb
0.757702668275003,0.374260472735305,0.747465113139559,0.127417751655467,0.219727255710459,0.179365180141648,0.648871678605011,34.1721132897603,scoring/dir_004/AF-V6CKE5-F1-model_v4.pdb
0.754851304478059,0.357845055669704,0.724701456090398,0.113106598024231,0.310208657589156,0.169033292587295,0.62918855904137,24.8361266294227,scoring/dir_004/AF-V6CKP0-F1-model_v4.pdb
1.33927262746315,1.03419349812018,1.04313557434813,0.228704204725558,0.401197347083779,0.290029045865994,0.255182767315474,7.75294117647059,scoring/dir_004/AF-V6CL68-F1-model_v4.pdb
0.810546247218302,0.392147680922312,0.789716320633249,0.121478061818624,0.337196817468938,0.161711161853731,0.594681206013604,33.0786290322581,scoring/dir_004/AF-V6CL91-F1-model_v4.pdb
0.674767638317875,0.555420197637497,0.500793208413115,0.0772308789511511,0.702683131752388,0.393540426793914,0.69944360096623,3.53846153846154,scoring/dir_004/AF-V6CL96-F1-model_v4.pdb
0.833511485770676,0.590238464529334,0.722339912681317,0.127922967296309,0.374860182631951,0.285368198509346,0.628960416170202,6.85795454545455,scoring/dir_004/AF-V6CLB4-F1-model_v4.pdb
0.475257257743483,0.352840995443129,0.306694217688756,0.0408301979525883,0.768422879317338,0.378015718817527,0.78732717262638,3.49438202247191,scoring/dir_004/AF-V6CLC5-F1-model_v4.pdb
0.717797780903409,0.528142101892001,0.619445429772741,0.186328994605552,0.481913739028112,0.405754472625817,0.61816422774872,6.18446601941748,scoring/dir_004/AF-V6CLE0-F1-model_v4.pdb
0.75587194086581,0.383769353406994,0.762570379937796,0.148368625585313,0.285258313272284,0.19509977068923,0.647202054483875,34.7356828193833,scoring/dir_004/AF-V6CLG4-F1-model_v4.pdb
0.562420013173077,0.302863547694864,0.502708243894509,0.0721405698286845,0.458218854282477,0.209288167406674,0.741135533705945,12.7317073170732,scoring/dir_004/AF-V6CLM3-F1-model_v4.pdb
0.920672500364426,0.668214780588469,0.831077973007775,0.138147070213884,0.614354512764282,0.265986445157539,0.52631688372106,8.44047619047619,scoring/dir_004/AF-V6CLM6-F1-model_v4.pdb
0.651188419095218,0.446101451457206,0.631715249393247,0.107604700622106,0.302121760877318,0.267680592303879,0.756277497544604,41.622641509434,scoring/dir_004/AF-V6CLN0-F1-model_v4.pdb
0.618221496845417,0.307170287629694,0.589999692979411,0.0893900273013251,0.430269192889116,0.185611407713926,0.705848689505398,28.7609756097561,scoring/dir_004/AF-V6CLQ6-F1-model_v4.pdb
1.13995624149117,0.826170046283483,1.02683666295974,0.179469188127156,0.507126895972484,0.226112751288364,0.36800177505748,8.28682170542636,scoring/dir_004/AF-V6CLQ7-F1-model_v4.pdb
0.731635343096406,0.377784614241268,0.720791114960505,0.112657342477519,0.293961405588141,0.174791214833496,0.662363631882294,28.1683991683992,scoring/dir_004/AF-V6CLR3-F1-model_v4.pdb
0.916143710336313,0.474429687332847,0.909423839339041,0.167265115889012,0.361619327364112,0.180317124796482,0.512334143527467,39.3417366946779,scoring/dir_004/AF-V6CLT2-F1-model_v4.pdb
0.814552229323806,0.371325360542479,0.738509773350592,0.100221322614285,0.475035938638562,0.155743319690859,0.560408324512963,15.9718614718615,scoring/dir_004/AF-V6CLU7-F1-model_v4.pdb
0.668930964231795,0.51834813930213,0.592805944003553,0.0951294785844044,0.441901952603698,0.356951454474119,0.750530071396238,5.87951807228916,scoring/dir_004/AF-V6CLZ7-F1-model_v4.pdb
0.815886526915954,0.472486118264803,0.776393998887216,0.127441828025045,0.372400411468245,0.202714001986955,0.590233695399102,23.8316831683168,scoring/dir_004/AF-V6CM07-F1-model_v4.pdb
0.770297792219745,0.406916138321968,0.74533270755649,0.119981808157945,0.260997730566333,0.19201378903574,0.63138662161523,23.6777251184834,scoring/dir_004/AF-V9GZC3-F1-model_v4.pdb
0.665188241556134,0.371226090970358,0.615297755449509,0.0789056456797381,0.37128873500577,0.192926317996077,0.695074635129048,13.3187919463087,scoring/dir_004/AF-V9H0V1-F1-model_v4.pdb
0.52383054162607,0.373818604671265,0.344134287433819,0.0567168386578298,0.862750298699546,0.381051020795205,0.755826675016552,3.47663551401869,scoring/dir_004/AF-V9H112-F1-model_v4.pdb
0.662308668295867,0.32381698392132,0.642617624206424,0.0925434728323036,0.291133621729983,0.175405063662324,0.688315086620816,23.5858310626703,scoring/dir_004/AF-W6RR23-F1-model_v4.pdb
0.603035492594417,0.265846287488595,0.541928143168492,0.06628002910506,0.350258065193668,0.178548868985883,0.699983560122881,17.1337579617834,scoring/dir_004/AF-W6RR25-F1-model_v4.pdb
0.622109572471707,0.318650380663679,0.585986598295742,0.0831508197312717,0.522399560866434,0.187433471299564,0.70666010326739,16.9093264248705,scoring/dir_004/AF-W6RRQ3-F1-model_v4.pdb
0.607486887983847,0.320261906014745,0.543461126899931,0.0914503514646933,0.28455291495143,0.217593838900452,0.698581733913901,26.8114478114478,scoring/dir_004/AF-W6RRS4-F1-model_v4.pdb
0.735917991644971,0.368427486909725,0.732377581534461,0.12374296359954,0.269473823534334,0.176333154123574,0.646517523335954,38.3032967032967,scoring/dir_004/AF-W6RTE8-F1-model_v4.pdb
0.964421011351696,0.498513014177633,0.966738918877262,0.174575823056224,0.258819341334765,0.170049558293607,0.512175181941611,49.4625550660793,scoring/dir_004/AF-W6RTP0-F1-model_v4.pdb
0.540047430276796,0.423451358751803,0.460229480635066,0.0700666426963062,0.650455650376441,0.361329543815135,0.816560080163997,4.55952380952381,scoring/dir_004/AF-W6RY98-F1-model_v4.pdb
0.722041500641628,0.360722754407239,0.689894535014502,0.106819886542495,0.331810871016332,0.179701812350425,0.63783419391504,18.0233766233766,scoring/dir_004/AF-W6RYA7-F1-model_v4.pdb
0.497903360558271,0.281760046270075,0.470240855232205,0.0708802203395142,0.430882775586047,0.218147539485825,0.787829989331771,20.0564263322884,scoring/dir_004/AF-W6SB79-F1-model_v4.pdb
0.690753623066169,0.354840555966025,0.643947805333232,0.0926584729025122,0.335462858346713,0.181226612329049,0.674794380487987,19.6416464891041,scoring/dir_004/AF-W6SBC9-F1-model_v4.pdb
0.686546986952975,0.348752504813837,0.642304895805046,0.0978962288274687,0.443125404027702,0.185966588366554,0.678062795448393,25.4851936218679,scoring/dir_004/AF-W6SBL9-F1-model_v4.pdb
0.948765147755644,0.598575899289464,0.85531403290968,0.133768271941337,0.429204697431658,0.203002323050233,0.542856610198617,19.6882591093117,scoring/dir_004/AF-X5LQ30-F1-model_v4.pdb
0.691975252200591,0.329699701942021,0.638504911845387,0.0948173764362893,0.486322760254208,0.170735055190569,0.655942787464027,31.1599190283401,scoring/dir_004/AF-X5LX84-F1-model_v4.pdb
0.757966076867966,0.489035737545216,0.342728600537582,0.0754874229582538,0.56093780927654,0.362050597136824,0.607987274625985,3.75555555555556,scoring/dir_004/AF-X5LXA7-F1-model_v4.pdb
0.669588550313653,0.344398504463907,0.601930623412162,0.104133577885036,0.330737522756014,0.210719746629541,0.674092254384052,20.5525812619503,scoring/dir_004/AF-X5M914-F1-model_v4.pdb
1.22951348423127,0.9172490077467,1.13175511868398,0.228305891673246,0.432594379319008,0.214034178556038,0.273795657014336,10.5459459459459,scoring/dir_004/AF-X5MK34-F1-model_v4.pdb
0.404476844239859,0.2937576491697,0.35145682597199,0.0646411748519862,0.419932367712031,0.343786151630534,0.851064305273558,6.29333333333333,scoring/dir_004/AF-X5ML99-F1-model_v4.pdb
